id,is_boundary,x,y,vx,vy,rho,p,m
0,0,0.16264342569700754,0.046035994097327872,0.22967612729463854,-0.0032757036476741301,1000.0651700308006,32.585015400286466,0.10000000000000001
1,0,0.11455468192665823,0.0032756412393530588,0.028595776784850559,-0.030188058972172215,999.14796014507908,-426.0199274604588,0.10000000000000001
2,0,0.15788364629611892,0.044009896389518445,0.22901623567506721,-0.0046553108360537585,1000.024330653987,12.165326993510917,0.10000000000000001
3,0,0.1860118102811219,0.038729165190102173,0.2241177800870934,0.0068716447027593937,1000.4292418815695,214.62094078475502,0.10000000000000001
4,0,0.1851136707902912,0.038833175384902559,0.22329337806901056,-0.010836918035823706,999.81883582833598,-90.582085832011217,0.10000000000000001
5,0,0.20254504724068928,0.030623158482805238,0.20160982459346832,0.0084000851163083326,1000.1168754911182,58.43774555910386,0.10000000000000001
6,0,0.21109675751963491,0.036845678942106025,0.20411023815456369,0.0095305304287979214,1000.2494988772953,124.74943864765464,0.10000000000000001
7,0,0.21902230635094141,0.028253743895188376,0.19595750723023697,0.0039166517922785121,1000.2373241341469,118.66206707344418,0.10000000000000001
8,0,0.23076079790651619,0.033506332036535774,0.19064892544756018,-0.021231809500899892,999.85473669604937,-72.631651975314071,0.10000000000000001
9,0,0.23745121988684287,0.029329475503864125,0.19128411462943554,0.0542102943256242,1000.4352117345494,217.60586727469899,0.10000000000000001
10,0,0.24967427675919523,0.030409284916784043,0.19125522720576046,-0.071306447447407287,999.501735272264,-249.13236386800008,0.10000000000000001
11,0,0.25741119266965662,0.030392720035109132,0.18455831466902439,0.061317482180224092,1000.7703950628845,385.19753144225888,0.10000000000000001
12,0,0.26919002590999935,0.030942433166430673,0.19391188272350365,-0.058905952474348447,999.47650161376055,-261.74919311972644,0.10000000000000001
13,0,0.27729789262832172,0.029480660756252171,0.18447647728197147,0.04894816636911635,1000.6839193011974,341.95965059871014,0.10000000000000001
14,0,0.2886211064522276,0.030863059019218674,0.19618495839228089,-0.03324695953516478,999.7652073279578,-117.39633602110189,0.10000000000000001
15,0,0.29736009406214309,0.029509381414541621,0.18791305412903214,0.022891705883148858,1000.475544224543,237.77211227150019,0.10000000000000001
16,0,0.30815328331480618,0.030457542666980749,0.19487149718620955,-0.0078398818907598738,1000.0994892694273,49.744634713647429,0.10000000000000001
17,0,0.31757804439465587,0.029812000521358094,0.19037760859973624,0.00035514465427265119,1000.2887150827532,144.35754137662116,0.10000000000000001
18,0,0.32782456928332904,0.030125528592588335,0.19260166227115513,0.0052397600952543743,1000.3135986361368,156.79931806840841,0.10000000000000001
19,0,0.33779125822725814,0.030078861600534804,0.19124016548746497,-0.0062764764926745015,1000.2631831352596,131.59156762981183,0.10000000000000001
20,0,0.34763290968387306,0.03004261002535253,0.19148841952294704,0.0077714317420749801,1000.3973440289577,198.67201447885918,0.10000000000000001
21,0,0.35785872957004705,0.030011865418064863,0.19120455410153483,-0.0058779670975875739,1000.3535523603554,176.77618017768282,0.10000000000000001
22,0,0.36761502378390098,0.03021885326407699,0.19088497214829395,0.00494453906245101,1000.4408468894917,220.42344474584752,0.10000000000000001
23,0,0.37779397172904872,0.029723775075507473,0.190543860802664,-0.0034946357072949494,1000.4979431571843,248.97157859214758,0.10000000000000001
24,0,0.38770743236132754,0.030459471242790439,0.1904803442215979,0.0039466830796183357,1000.5321139523068,266.05697615337931,0.10000000000000001
25,0,0.39769179092318041,0.02955726773435954,0.19001166967974339,-0.0039000135011622019,1000.6283919553157,314.19597765784602,0.10000000000000001
26,0,0.40779151923761736,0.030504162176136513,0.19010320564441574,0.0064903875096015739,1000.6965586724945,348.27933624723073,0.10000000000000001
27,0,0.41764113069454889,0.029621058006806505,0.18980059953465328,-0.0071489112470170977,1000.7416416645972,370.82083229859109,0.10000000000000001
28,0,0.42781154917395636,0.030371674496484407,0.18935556917153468,0.0091749132149720261,1000.9035268214885,451.76341074426318,0.10000000000000001
29,0,0.4376536474713783,0.029774653336771623,0.18989821376834651,-0.008194224852621574,1000.8667893661094,433.39468305470064,0.10000000000000001
30,0,0.44780047953407576,0.030221000229127843,0.18884259042129922,0.0082952086702376329,1001.0900650577071,545.03252885353959,0.10000000000000001
31,0,0.45769751488160898,0.029879535840756897,0.18970775855093164,-0.00556143137861874,1001.0509965639092,525.49828195458304,0.10000000000000001
32,0,0.46778107941563529,0.030156792403572722,0.18893567771277145,0.0053207113878525987,1001.2358889477766,617.94447388831486,0.10000000000000001
33,0,0.47774498172862984,0.029888056516324334,0.18931213696252341,-0.0023683826941122569,1001.2600805661492,630.04028307460658,0.10000000000000001
34,0,0.48777389671167731,0.030181844201291112,0.18915841568835964,0.0028727096908327571,1001.3670880513031,683.5440256515426,0.10000000000000001
35,0,0.4977680907419309,0.029840252055604581,0.18891519215473768,-0.00069897833065836609,1001.448357611555,724.17880577751248,0.10000000000000001
36,0,0.50778790247106076,0.030227767417225854,0.1890789701049507,0.001887551325811401,1001.5011131846873,750.55659234362793,0.10000000000000001
37,0,0.51777034464776239,0.029801579793019044,0.18853951612192077,-0.00041954638054927219,1001.5971266444416,798.56332222078663,0.10000000000000001
38,0,0.52780925470775042,0.030246786312379779,0.1886067607620408,0.0016084292200415722,1001.6290497369075,814.52486845375915,0.10000000000000001
39,0,0.53776789440864703,0.029799101973641658,0.18797927360405564,-0.00061492039066028627,1001.7110880808748,855.54404043739396,0.10000000000000001
40,0,0.54782519708703792,0.030228971957541293,0.1877873612640161,0.0013946744120921001,1001.7377852810239,868.89264051194459,0.10000000000000001
41,0,0.5577698406502436,0.029833385893729105,0.18708768699006428,-0.00087182062872227632,1001.7974154589084,898.70772945420185,0.10000000000000001
42,0,0.56783014809955423,0.030180356218866236,0.18663598038120741,0.0011777845364342161,1001.8234020349691,911.70101748457455,0.10000000000000001
43,0,0.57777788444815292,0.029891393557832255,0.18588042766724319,-0.0010857781871438691,1001.8604783807548,930.23919037739233,0.10000000000000001
44,0,0.58782610028483862,0.030118599392536104,0.18518412590367303,0.00097687031506021806,1001.888000188814,944.00009440698796,0.10000000000000001
45,0,0.59778795066537538,0.029952004917481012,0.18443220892983228,-0.0011326693958945936,1001.9066535208348,953.32676041738296,0.10000000000000001
46,0,0.60781869613628758,0.030064140956660188,0.18354416066561355,0.00074009618540868947,1001.9356766369208,967.83831846039448,0.10000000000000001
47,0,0.61779526760997117,0.029997652342698831,0.18286193202807074,-0.00088738319946380913,1001.9429917847485,971.49589237426426,0.10000000000000001
48,0,0.62781162667436907,0.030029661867300828,0.18189146517620591,0.00042750389215239897,1001.9712738199596,985.63690997980302,0.10000000000000001
49,0,0.63779721007627865,0.030021623926128012,0.18129344071827938,-0.00039210380926752418,1001.9761988482373,988.09942411867269,0.10000000000000001
50,0,0.64780575028886178,0.030015352860602314,0.18041488815872961,0.00020120765451022522,1001.9998303635671,999.91518178353544,0.10000000000000001
51,0,0.6577947651607593,0.030028797282885693,0.17988417301163204,8.834430931187633e-05,1002.0089970780324,1004.4985390161969,0.10000000000000001
52,0,0.66779916370391401,0.030013710551602062,0.17921448551127644,0.000237232740719231,1002.0277262314934,1013.8631157466875,0.10000000000000001
53,0,0.67778975375776107,0.030027109455437295,0.17880201500326262,0.00045466664117504882,1002.0407711481637,1020.3855740818426,0.10000000000000001
54,0,0.68779113512835777,0.030017375055760971,0.17836437197833038,0.00045454551739054181,1002.0569646184671,1028.4823092335387,0.10000000000000001
55,0,0.69778275291375003,0.030022742256348101,0.17811148417022721,0.00072735277609450074,1002.0718379378377,1035.9189689188497,0.10000000000000001
56,0,0.70778145508225143,0.030021798760833732,0.17790262150699343,0.00074664638230765245,1002.0861846471927,1043.0923235963405,0.10000000000000001
57,0,0.71777375736115367,0.030018898674054866,0.17781534130044271,0.00091874725310768664,1002.100602419831,1050.3012099155171,0.10000000000000001
58,0,0.72777032631848371,0.030024645035101268,0.17779604174533978,0.0010061546236703185,1002.1130312853602,1056.5156426800968,0.10000000000000001
59,0,0.737763100461725,0.030016923190092516,0.17785444927754554,0.0010496916700631015,1002.1247706822573,1062.3853411286746,0.10000000000000001
60,0,0.74775803744530589,0.030025493260345162,0.17796749735579234,0.0011657688815809135,1002.1343694105916,1067.1847052958015,0.10000000000000001
61,0,0.75775097881771325,0.030016778420145086,0.17811947416503285,0.0011079382258391648,1002.1421560952366,1071.0780476183004,0.10000000000000001
62,0,0.7677448519710085,0.030024869551723614,0.1783028573304995,0.0012207738598331167,1002.147822428773,1073.9112143864986,0.10000000000000001
63,0,0.77773787295780605,0.030017646245386411,0.1784914155867498,0.0010879013394769366,1002.150768085274,1075.3840426369834,0.10000000000000001
64,0,0.78773093666804106,0.030023977523689613,0.17867732379183607,0.0011750971041255872,1002.1521213915595,1076.0606957797449,0.10000000000000001
65,0,0.79772394911628564,0.030018410420111642,0.17884932764880604,0.0010128788097037236,1002.1501336157938,1075.066807896917,0.10000000000000001
66,0,0.80771683268831318,0.030023304648387896,0.17899253579759691,0.0010606131002417112,1002.1469802225735,1073.4901112867306,0.10000000000000001
67,0,0.8177097611801406,0.030018999458492127,0.17910439179352627,0.0009007365785166369,1002.140905245994,1070.4526229969815,0.10000000000000001
68,0,0.82770280857021028,0.030022636579752709,0.17917845063342488,0.00092088125441128058,1002.1339535480182,1066.9767740091061,0.10000000000000001
69,0,0.8376958672519107,0.030019710176871085,0.17921527377105079,0.00078445848202004121,1002.124970387932,1062.4851939659834,0.10000000000000001
70,0,0.84768895972702052,0.030022061635159553,0.17921077168819363,0.00078684271133956001,1002.1158383695984,1057.9191847991751,0.10000000000000001
71,0,0.85768238374567252,0.030020228334018698,0.17917695077643842,0.00069534249755666595,1002.1057810224129,1052.8905112064422,0.10000000000000001
72,0,0.86767590435649788,0.030021461282947717,0.17910987818501078,0.00068992292552329455,1002.0964443467116,1048.2221733557822,0.10000000000000001
73,0,0.87767001346266316,0.030020376393870729,0.17902239833166173,0.00064112975330680771,1002.0875931594883,1043.7965797441393,0.10000000000000001
74,0,0.88766438419257887,0.030020851025539856,0.17892023129897816,0.00065193482153346968,1002.080413429676,1040.206714838007,0.10000000000000001
75,0,0.8976594355436891,0.030020112849636214,0.17880988031217163,0.00062663467906949718,1002.0747421460545,1037.3710730272592,0.10000000000000001
76,0,0.9076548828208072,0.030020307655146267,0.17870268695130997,0.00066716450036869367,1002.0718760729927,1035.9380364963613,0.10000000000000001
77,0,0.91765081881972843,0.0300196509480622,0.17860087962143772,0.00065417746800472507,1002.0709867265432,1035.4933632715984,0.10000000000000001
78,0,0.92764717164622468,0.030019895161402466,0.17851722653341145,0.00072108784407777233,1002.0735099994647,1036.7549997323522,0.10000000000000001
79,0,0.93764404965393788,0.030018708109326206,0.17844918731657913,0.00071939481903662871,1002.0782256676031,1039.1128338015392,0.10000000000000001
80,0,0.94764175142067564,0.030019092066768366,0.17840944477996423,0.00079289478602376847,1002.0859458957461,1042.9729478730678,0.10000000000000001
81,0,0.95764029876116508,0.030017272275597775,0.17839604582714591,0.00081797237913469969,1002.0959449964064,1047.9724982031939,0.10000000000000001
82,0,0.96763998856684386,0.030017689809554431,0.17840899779533592,0.00085844601642646589,1002.1074720001719,1053.7360000859621,0.10000000000000001
83,0,0.97764069238971052,0.030016060019121001,0.17845933318974716,0.00093853542212141107,1002.1213829030994,1060.691451549701,0.10000000000000001
84,0,0.98764241007976383,0.030015683454533513,0.17852350251179952,0.00090767838058538122,1002.1346647432989,1067.3323716494565,0.10000000000000001
85,0,0.99764528062472424,0.030015597929170447,0.17862965740864964,0.0010506885470954492,1002.1502092233213,1075.1046116606631,0.10000000000000001
86,0,1.0076488891926856,0.0300130428272216,0.17873439284408027,0.00095345455699524903,1002.1634655405786,1081.7327702893067,0.10000000000000001
87,0,1.0176540616904091,0.030015413075759445,0.17887239548181399,0.0011096186987253037,1002.1777987757506,1088.8993878753013,0.10000000000000001
88,0,1.0276599861747029,0.030010121417640825,0.17900422898705848,0.0010233089717791924,1002.1900945533436,1095.047276671778,0.10000000000000001
89,0,1.0376679795735797,0.030014327436700777,0.17914110049805315,0.0010736519084984871,1002.2004435978623,1100.2217989311589,0.10000000000000001
90,0,1.0476769690196772,0.030008434967776301,0.1792858555803617,0.0011300385293571507,1002.2115300195202,1105.7650097600913,0.10000000000000001
91,0,1.0576876909935351,0.030011494235229509,0.17938870696583797,0.00094152353868830814,1002.216217706659,1108.1088533294974,0.10000000000000001
92,0,1.0676997516867146,0.030009761912511243,0.17952690399849508,0.0012413230015580936,1002.2256116380768,1112.8058190383854,0.10000000000000001
93,0,1.0777125065826791,0.03000626322171043,0.17957201801511799,0.00077990508223311887,1002.225192585704,1112.5962928520039,0.10000000000000001
94,0,1.0877277549903437,0.030013673528015036,0.17967207608857039,0.0012673930364014768,1002.2312037223305,1115.6018611652598,0.10000000000000001
95,0,1.0977427867694476,0.029999294238765722,0.17965906703776086,0.0007158846286965194,1002.2288958590362,1114.4479295181213,0.10000000000000001
96,0,1.1077617048530382,0.030017402544052593,0.1796778961981122,0.001092624922182206,1002.2286398964982,1114.31994824909,0.10000000000000001
97,0,1.1177796733589151,0.029994521583873331,0.17962721944448867,0.00086406150738847949,1002.2293072142577,1114.6536071288438,0.10000000000000001
98,0,1.1278016340415191,0.030016597294488266,0.1795185963990534,0.00066725670481425727,1002.2204577952841,1110.2288976420596,0.10000000000000001
99,0,1.1378228518401139,0.029997512079423132,0.17945260630763787,0.0012166137804080612,1002.2278019819375,1113.9009909687729,0.10000000000000001
100,0,1.1478461602267889,0.030006820365070318,0.17918669356319147,0.00010665092766219289,1002.2117073251975,1105.8536625987472,0.10000000000000001
101,0,1.1578709664891964,0.030011362212583801,0.17910600943615601,0.001578438551310381,1002.2248637520105,1112.4318760052461,0.10000000000000001
102,0,1.1678941684059079,0.029987135073676691,0.17869779657332743,-0.00028344421759893257,1002.2088623121551,1104.4311560775668,0.10000000000000001
103,0,1.1779232766249303,0.030032542790943018,0.17856267574419396,0.0016081974023823531,1002.2206567266244,1110.3283633121919,0.10000000000000001
104,0,1.1879461235429858,0.02996447409379354,0.17809197646551655,-0.00012299836979708738,1002.2170964138996,1108.5482069498198,0.10000000000000001
105,0,1.1979793104577239,0.030049862259048692,0.17782929833352543,0.0010087325498339089,1002.216603941826,1108.3019709129758,0.10000000000000001
106,0,1.2080022133474335,0.0299541487921384,0.17742451987109431,0.00078639155455844376,1002.23715138058,1118.5756902900152,0.10000000000000001
107,0,1.2180367304770272,0.03004725516398846,0.17696018243494982,-0.00021457003476756112,1002.2167714992428,1108.3857496213909,0.10000000000000001
108,0,1.2280609981008348,0.029972655610273288,0.17673949789818391,0.0022071093508047356,1002.2636913452377,1131.8456726188515,0.10000000000000001
109,0,1.2380927421159198,0.030011421784767452,0.1760530986981782,-0.001586816175354894,1002.2276133569638,1113.8066784819216,0.10000000000000001
110,0,1.2481211167369268,0.030026658068998575,0.1760524378353856,0.0034156576818520543,1002.2870203587767,1143.5101793883291,0.10000000000000001
111,0,1.2581457722709188,0.02994386860590632,0.17521914041965933,-0.0022567610699119351,1002.2548136050689,1127.4068025344377,0.10000000000000001
112,0,1.2681808026727446,0.030103003468803475,0.17535075778850584,0.0035046669826018181,1002.2978966495619,1148.9483247809744,0.10000000000000001
113,0,1.2781952007874489,0.029868725646664717,0.17455103079721049,-0.0014070973759727683,1002.2982409311076,1149.1204655537786,0.10000000000000001
114,0,1.2882373814869559,0.030166621575061742,0.17463580062702072,0.0019282470156122124,1002.2935446984806,1146.7723492402797,0.10000000000000001
115,0,1.298241519982984,0.029829594229001,0.1741258002533706,0.0011615734702782614,1002.3488979026768,1174.4489513383769,0.10000000000000001
116,0,1.3082877056450049,0.03017200580536791,0.17394978557436291,-0.0010492057483683776,1002.2807792512245,1140.3896256122721,0.10000000000000001
117,0,1.3182872894070461,0.029870334698286975,0.17394627831257484,0.0045997584765852337,1002.3892204926811,1194.6102463405737,0.10000000000000001
118,0,1.3283305963341541,0.030086182950345989,0.17334976601635838,-0.0042090378391952251,1002.2748151834405,1137.4075917202617,0.10000000000000001
119,0,1.3383353278939354,0.03000715675736176,0.17387051226644237,0.0071444430694723813,1002.3993440120008,1199.6720060004122,0.10000000000000001
120,0,1.3483653502414341,0.02991352474743416,0.17279573909099083,-0.005720846788460467,1002.2895771875036,1144.7885937517981,0.10000000000000001
121,0,1.3583847463694358,0.030206091056616029,0.17364204390729876,0.0070310358634443912,1002.3666126151057,1183.3063075528685,0.10000000000000001
122,0,1.3683901415331416,0.029709516312812895,0.17220580335672792,-0.0040541376436605903,1002.32638804804,1163.1940240200151,0.10000000000000001
123,0,1.3784310227265766,0.030385831460829696,0.1730788507022851,0.0036300390589743326,1002.2953288134609,1147.6644067304278,0.10000000000000001
124,0,1.3884067698190614,0.029570031866038501,0.17164233429487485,0.00081552547829331153,1002.3693086966306,1184.6543483152914,0.10000000000000001
125,0,1.3984707982500364,0.030451908668977495,0.1721655715078273,-0.0021150440084241402,1002.2093263371805,1104.6631685902639,0.10000000000000001
126,0,1.4084246811474865,0.029590709519993107,0.17120580938877705,0.0068613892608217226,1002.3925572401181,1196.2786200590472,0.10000000000000001
127,0,1.4185046526341023,0.030337803094142007,0.17094500610341837,-0.007899965125874148,1002.1461689259002,1073.084462950078,0.10000000000000001
128,0,1.4284554434165948,0.029813126380935324,0.17062858465440872,0.010729768767737558,1002.3704035912689,1185.2017956344412,0.10000000000000001
129,0,1.4385318600704446,0.030041279799304967,0.16926815292809669,-0.010561606935529197,1002.1373219801194,1068.6609900596977,0.10000000000000001
130,0,1.4484987302200967,0.030179911954209101,0.16943463703742279,0.0096813318620180208,1002.2891224149673,1144.5612074836617,0.10000000000000001
131,0,1.4585447346095686,0.029652277961071248,0.16691338873859948,-0.0076101829380952821,1002.1816159642624,1090.8079821311958,0.10000000000000001
132,0,1.4685428056714906,0.03054180691955238,0.1674925836142257,0.0036453504648739665,1002.1582054255049,1079.1027127524444,0.10000000000000001
133,0,1.4785367228926496,0.029338896979318522,0.1643082059711686,0.00045842632256361704,1002.2427382942445,1121.369147122266,0.10000000000000001
134,0,1.4885813331098758,0.030734481924404991,0.16510828670103031,-0.0049032745124330673,1002.015011410542,1007.5057052710008,0.10000000000000001
135,0,1.4985208486931638,0.02926486914783348,0.16231572138279934,0.0096646765324896571,1002.2765151015356,1138.2575507677757,0.10000000000000001
136,0,1.5086192376853431,0.030656146827354937,0.1626041698493714,-0.01254611228923083,1001.9093320395939,954.66601979694587,0.10000000000000001
137,0,1.5185258274183484,0.02950478815718726,0.16088841103775464,0.015159129470730866,1002.2490259571417,1124.5129785708627,0.10000000000000001
138,0,1.5286567329364562,0.030298500481465891,0.16003419556235246,-0.015533787625629229,1001.8781399096614,939.06995483069977,0.10000000000000001
139,0,1.5385575876397231,0.029995609883520617,0.15923520406107072,0.013466481859629722,1002.134602331977,1067.3011659885105,0.10000000000000001
140,0,1.5486787112962985,0.029765911451992245,0.15708371920265765,-0.010585564080929642,1001.918504613622,959.25230681098128,0.10000000000000001
141,0,1.5585937487541706,0.030529358007364501,0.15712242901745557,0.004647781884550943,1001.9288625952859,964.4312976429319,0.10000000000000001
142,0,1.5686623625797398,0.029295017125292869,0.15419625741239101,0.0019868695244993134,1001.9768030596153,988.40152980767471,0.10000000000000001
143,0,1.5786214278879676,0.030840757976578533,0.15518663836552518,-0.0074789102035370536,1001.680501590561,840.25079528049673,0.10000000000000001
144,0,1.5886262633334751,0.029150424704159034,0.15279050398379479,0.01592953277595632,1001.98271500499,991.35750249502053,0.10000000000000001
145,0,1.5986493496609824,0.030770290815411539,0.15377896845468414,-0.017829065383288701,1001.4757912554883,737.89562774413753,0.10000000000000001
146,0,1.6086234628982614,0.029437060630942348,0.15263966749129715,0.02328890131978472,1001.8907364839839,945.36824199195735,0.10000000000000001
147,0,1.618684213371772,0.030339717156223894,0.15254129937101726,-0.020917052076102362,1001.3762207715089,688.11038575444172,0.10000000000000001
148,0,1.6286553721479877,0.030047922886988283,0.15219794357770589,0.019608254098004978,1001.6839966516675,841.99832583374246,0.10000000000000001
149,0,1.6387054877875511,0.029698229031248927,0.15033339444704846,-0.013323351680611443,1001.3642420606578,682.12103032891491,0.10000000000000001
150,0,1.6486844295512932,0.030729836432605354,0.1515082409789569,0.0078499632071019117,1001.3953726558541,697.68632792704466,0.10000000000000001
151,0,1.6586676832134799,0.029093530397266146,0.14730759552052389,0.00077164057700498728,1001.3559547575171,677.97737875855546,0.10000000000000001
152,0,1.6687076870825202,0.031197136114931908,0.15122052156148608,-0.0038513640751451504,1001.1054320226808,552.71601134040793,0.10000000000000001
153,0,1.6785830926339724,0.028739214183093522,0.14516601844078847,0.011298658773785768,1001.2803284928318,640.16424641590675,0.10000000000000001
154,0,1.6887572064075596,0.031362380516584853,0.15065918475497531,-0.010213256074590482,1000.8842989682404,442.14948412019339,0.10000000000000001
155,0,1.6984719138956499,0.028599917467117552,0.14463063126507736,0.015376725051389503,1001.1675288336415,583.76441682077029,0.10000000000000001
156,0,1.7088553141856286,0.031407378754654255,0.14962466104077368,-0.011719736937954485,1000.7256153618135,362.80768090676929,0.10000000000000001
157,0,1.7182961551664326,0.02851236664910229,0.14457433834163755,0.016111100000039784,1001.03081091173,515.4054558649932,0.10000000000000001
158,0,1.7289804294486917,0.031564249059373571,0.14902468443340738,-0.0081184715877751813,1000.6374708774058,318.73543870290177,0.10000000000000001
159,0,1.7380864881310487,0.028379292824710873,0.14439502598215304,0.013344399863863871,1000.8675689949814,433.78449749070569,0.10000000000000001
160,0,1.7491056531506428,0.032043488892470759,0.14913188578707434,0.0013872910449219994,1000.6223241673786,311.16208368928255,0.10000000000000001
161,0,1.7579038988645515,0.028179096622804559,0.14376933597305872,0.0079293344709819129,1000.7005632939525,350.28164697627062,0.10000000000000001
162,0,1.7692197464710897,0.032958157635299024,0.14996661443167472,0.013505874269457419,1000.6766936677542,338.34683387709674,0.10000000000000001
163,0,1.777720718805855,0.027983289175502093,0.14251805875029047,0.0042929289166771792,1000.5558441510962,277.92207554807646,0.10000000000000001
164,0,1.7892649674893835,0.034152464459929907,0.15071645073441362,0.023472843582290299,1000.7766188624124,388.30943120620987,0.10000000000000001
165,0,1.7976105778850857,0.028051495964496395,0.14288685553826552,0.010510462848650644,1000.5224775921527,261.23879607632716,0.10000000000000001
166,0,1.8093514009560494,0.035528557901713699,0.15209363046656058,0.024218964003427379,1000.8141434670293,407.07173351466963,0.10000000000000001
167,0,1.8176324588660664,0.028706321448772321,0.14613801929343229,0.021172466681714654,1000.5709864351447,285.49321757236612,0.10000000000000001
168,0,1.8297580222996883,0.036905456214103183,0.15526776112276799,0.013202684330088379,1000.6242431545541,312.12157727702561,0.10000000000000001
169,0,1.837706611900958,0.029299188906812403,0.1507517779464474,0.0308481711557585,1000.5854274870832,292.71374354158297,0.10000000000000001
170,0,1.8504480086778319,0.03801075056473123,0.16181122697110562,0.0042844985280382532,1000.4641514838025,232.07574190126934,0.10000000000000001
171,0,1.8582469053808444,0.03089148775203655,0.15670066038849254,-0.01122825625683168,1000.1222460584181,61.123029209056767,0.10000000000000001
172,0,1.8713436710552394,0.038208184773076262,0.16843045703683981,-0.0061134231389030147,999.99948920458894,-0.25539770552995833,0.10000000000000001
173,0,1.8788886813522219,0.031067022370064368,0.16359441023943797,-0.0091334148367573677,1000.0173313999467,8.6656999733349949,0.10000000000000001
174,0,1.8917996195628284,0.037189624867304566,0.16845192136084694,-0.00035229233588425117,999.89345925486703,-53.270372566487367,0.10000000000000001
175,0,1.897458435489213,0.032432224984539737,0.16280535450627315,0.0085166275088547835,1000.0896494752337,44.824737616863786,0.10000000000000001
176,0,1.9204904315880282,0.040597361975961324,0.16153495186562827,0.0044399571939897058,1000.2541523361734,127.07616808671673,0.10000000000000001
177,0,1.9194978726934704,0.039394417044054927,0.16176015212655928,0.0042399917407554121,1000.1808552131694,90.427606584682962,0.10000000000000001
178,0,1.949590191473723,0.044718339367894239,0.16399390007209094,0.0048724022183749211,999.99805963465997,-0.97018267001658387,0.10000000000000001
179,0,1.9098001684835288,0.0032122841165500029,0.030791804657768769,0.013294903262456829,1001.187929209444,593.96460472197532,0.10000000000000001
180,0,1.9452908227141004,0.046352477835273923,0.16294391746230538,0.0039358316074456388,1000.0152643221633,7.6321610816307839,0.10000000000000001
181,0,0.14698513831010035,0.048696819454563049,0.23030434099908909,-0.0034207403092270613,999.99699003216233,-1.5049839188350234,0.10000000000000001
182,0,0.14790035717775185,0.046927742360199913,0.22970206168036905,-0.0037657974279235291,1000.0030130917402,1.506545870086029,0.10000000000000001
183,0,0.16203473675955971,0.045671192052841848,0.22949118538447497,-0.0036085019472156575,1000.0551193379083,27.559668954154404,0.10000000000000001
184,0,0.18376751402747987,0.021573022606839989,0.17995241862324723,-0.058128429295708439,1000.0107728268722,5.3864134360992466,0.10000000000000001
185,0,0.19101180501250964,0.035070922536657792,0.22156257591391015,0.011991303680479182,1000.1963922796284,98.196139814206163,0.10000000000000001
186,0,0.20118689993744326,0.030650807304410586,0.20245602360911169,0.0088499906704636918,1000.1085305058543,54.26525292716633,0.10000000000000001
187,0,0.21151621387145944,0.044119090892232642,0.20655888946263135,0.0077988693210530452,1000.279945972659,139.97298632949651,0.10000000000000001
188,0,0.22074771378800728,0.036015008625756559,0.20724364946022739,0.0081281509148236741,1000.0070090237834,3.5045118917196305,0.10000000000000001
189,0,0.23212858052516042,0.042941830320378578,0.19965750697555223,0.01134310333468231,1000.3419817219653,170.9908609826698,0.10000000000000001
190,0,0.24106142442036946,0.037990763753428775,0.20772708730132688,0.01918601134599059,1000.3940553555886,197.02767779432406,0.10000000000000001
191,0,0.25218140291717095,0.042618078503156132,0.20230228312852641,-0.0097390144645344793,999.60294550723006,-198.52724638496966,0.10000000000000001
192,0,0.26084035217978424,0.038128265889438906,0.20096256578338095,0.017968764854900322,1000.5993721747546,299.68608737732438,0.10000000000000001
193,0,0.27191203040665629,0.042009438803212007,0.20502443143952276,-0.0083028812835264556,999.68580188406008,-157.09905796995827,0.10000000000000001
194,0,0.2809873350988229,0.038828421131948794,0.20066712772983766,0.0167997216240795,1000.7185170154883,359.25850774412993,0.10000000000000001
195,0,0.29143694012154714,0.041051747931016104,0.20679805557553727,-0.0069102321598249862,999.80142195094777,-99.289024526115099,0.10000000000000001
196,0,0.30120957863066533,0.039600586064232751,0.20178221484600764,0.0089800734143400084,1000.5808150095653,290.40750478264954,0.10000000000000001
197,0,0.31107255150233681,0.040256825790339318,0.20617548371071703,-0.0049694502157539054,999.99906780698882,-0.46609650559048532,0.10000000000000001
198,0,0.32127491868634772,0.040242679276143917,0.2028371703881274,0.0051027330337383506,1000.474217107051,237.10855352550197,0.10000000000000001
199,0,0.33092719196760528,0.039719322997065105,0.20456855236602847,-0.0034408852787076259,1000.1543778806631,77.188940331552658,0.10000000000000001
200,0,0.34122373489474267,0.040502953266350207,0.2032898915169345,0.0029821881412738097,1000.4455240260821,222.7620130410628,0.10000000000000001
201,0,0.35097464972171588,0.039648092145174021,0.20390377063350323,-0.0016839619006648184,1000.2945833678909,147.29168394546832,0.10000000000000001
202,0,0.36112055404017424,0.04033309032506819,0.20275177246824103,0.0011791936782004687,1000.4644386065545,232.21930327724749,0.10000000000000001
203,0,0.37106274758880881,0.039921889372598808,0.20334831680156962,0.00040121058222681308,1000.4655587632451,232.77938162254941,0.10000000000000001
204,0,0.38105608018890536,0.039992969100652254,0.20230257194225804,-0.0015909270386217146,1000.4700347196889,235.01735984444849,0.10000000000000001
205,0,0.39109706320933202,0.040199438706007042,0.20259074369692937,0.0027651914962785532,1000.6877302925727,343.86514628636178,0.10000000000000001
206,0,0.40107124794542298,0.039771649187061879,0.20210439713065584,-0.0038754861782511383,1000.514123923338,257.06196166902373,0.10000000000000001
207,0,0.41107013185688324,0.040300523131685681,0.20198486864604931,0.0040292488140831638,1000.8842396068158,442.11980340787704,0.10000000000000001
208,0,0.42112391014596595,0.039751846301323182,0.20190285845593645,-0.0043288588581280232,1000.6425741968131,321.28709840657166,0.10000000000000001
209,0,0.43104635457061913,0.040253328832187851,0.20150279719118419,0.0040127439889421105,1001.0368656058524,518.4328029262133,0.10000000000000001
210,0,0.4411604473429111,0.039833011166683883,0.20196453682865659,-0.0031894716015137868,1000.8384000281077,419.20001405384255,0.10000000000000001
211,0,0.45105591086154312,0.040152116019337332,0.20118595321898167,0.0029829559968201488,1001.1650410878352,582.52054391761021,0.10000000000000001
212,0,0.46117577759744799,0.039926042777611574,0.2021437525164699,-0.0016013264960535757,1001.0594889113206,529.74445566030681,0.10000000000000001
213,0,0.47109479273748739,0.040066285967651563,0.20131512399422294,0.0018110839583666358,1001.2887938421139,644.39692105696622,0.10000000000000001
214,0,0.48117408367685693,0.039975991095627987,0.2021358626370508,-0.0005352038159178624,1001.2702655595883,635.13277979416216,0.10000000000000001
215,0,0.49114515945371112,0.040041070397548006,0.20168133524126175,0.001153756235160017,1001.4233510455723,711.67552278615176,0.10000000000000001
216,0,0.50117196750977966,0.039968404088408162,0.2020189747191474,-0.00029840604207310268,1001.4427525372317,721.37626861587023,0.10000000000000001
217,0,0.51118248317926651,0.040058884278716463,0.20180232572481718,0.0010338118811736409,1001.5679313565408,783.96567827041963,0.10000000000000001
218,0,0.52118218122148818,0.039940234905831179,0.2018374834722888,-0.00060030029915964303,1001.5760413643537,788.02068217686383,0.10000000000000001
219,0,0.5312025479797603,0.04007989652243326,0.20147829794251476,0.0010947891591951081,1001.7027917904218,851.3958952108851,0.10000000000000001
220,0,0.54120180683372909,0.039924603314256402,0.20140275363054144,-0.0010133415643686547,1001.6817634399041,840.8817199520513,0.10000000000000001
221,0,0.55121277604187413,0.040083809822973673,0.20070677530778153,0.001052870828940883,1001.8124356110289,906.21780551447273,0.10000000000000001
222,0,0.56122367206387058,0.039932253693956372,0.20054092228321566,-0.0012676296147802616,1001.768847667294,884.42383364701982,0.10000000000000001
223,0,0.57122082220268411,0.040068990922655909,0.19954692401490401,0.00083616326173702399,1001.8921226092307,946.06130461534121,0.10000000000000001
224,0,0.58124209455858822,0.039955242934350162,0.19923660973534635,-0.0013102984091303844,1001.8413569832721,920.67849163606752,0.10000000000000001
225,0,0.5912308211849483,0.040046597428572916,0.19807964941336556,0.00052708168812156254,1001.9461942776056,973.09713880281379,0.10000000000000001
226,0,0.60125523355793442,0.039978568030664886,0.19760658852499102,-0.0011913132530094589,1001.9015683184534,950.78415922671411,0.10000000000000001
227,0,0.6112430478455575,0.040028641091560568,0.1964307604585516,0.00024647079230066869,1001.9827649694037,991.38248470183044,0.10000000000000001
228,0,0.62126401882879934,0.039993540377443584,0.19584949538476895,-0.00097366944389895528,1001.9515734709011,975.78673545052652,0.10000000000000001
229,0,0.63125637458289519,0.040019882260015016,0.19476448249869158,6.6525577265140397e-05,1002.0102336136059,1005.1168068029597,0.10000000000000001
230,0,0.6412707725405915,0.03999972219216312,0.19417750177151571,-0.00069847114791980855,1001.9938528236472,996.9264118236083,0.10000000000000001
231,0,0.651268503087855,0.040017471149856092,0.19327416676052334,1.5741721861388654e-05,1002.035205499704,1017.602749852017,0.10000000000000001
232,0,0.66127776084032841,0.040002123798641702,0.19277482991487163,-0.0004066039489279299,1002.0309149313068,1015.4574656534123,0.10000000000000001
233,0,0.67127856041502709,0.040016903759092011,0.19212760846018351,9.1036855585072327e-05,1002.0610465512881,1030.5232756440432,0.10000000000000001
234,0,0.68128498666529513,0.040003455041306361,0.19179181454868341,-0.00012732898405804014,1002.0646477209332,1032.3238604665903,0.10000000000000001
235,0,0.69128692637705214,0.040016801806290012,0.19142250549592452,0.00024039454011580099,1002.0884062340657,1044.2031170328505,0.10000000000000001
236,0,0.70129196170404762,0.040004544024946971,0.19129831693038396,0.00012594588441235699,1002.095712101509,1047.8560507544898,0.10000000000000001
237,0,0.71129424776368255,0.040016725929268193,0.19119304276424837,0.00040579094521155681,1002.1154690313908,1057.7345156954152,0.10000000000000001
238,0,0.72129830349838098,0.040005788874577758,0.19127548938534664,0.00033153896792289568,1002.1235203550372,1061.760177518579,0.10000000000000001
239,0,0.73130049830064614,0.040016139584770224,0.19138757570234469,0.00054037046931781592,1002.1396967167377,1069.8483583688585,0.10000000000000001
240,0,0.74130372565234537,0.040007371470523787,0.19163587799116039,0.00047175137559584307,1002.1462609869033,1073.1304934516288,0.10000000000000001
241,0,0.75130566195387671,0.040015333110398676,0.19189115820107364,0.00061339933645690242,1002.1585034975755,1079.2517487877262,0.10000000000000001
242,0,0.76130837637633697,0.040008782073342665,0.19223508436825909,0.00053613401336962926,1002.162151590851,1081.0757954254768,0.10000000000000001
243,0,0.77131002654268677,0.04001449039640164,0.19255519366169779,0.000616110889022014,1002.1697060541237,1084.8530270618539,0.10000000000000001
244,0,0.78131267415564742,0.0400098570251795,0.19291389086618493,0.0005255201266491376,1002.1698266725797,1084.9133362898442,0.10000000000000001
245,0,0.79131442567868548,0.040013953915970416,0.19322282698600013,0.00055623053377063696,1002.1723647504381,1086.1823752190389,0.10000000000000001
246,0,0.80131694624969385,0.040010403471677787,0.1935302794011324,0.00045744451535875669,1002.1687205200993,1084.3602600496638,0.10000000000000001
247,0,0.81131887720150542,0.040013600757451799,0.19376839819423555,0.00045362885145269695,1002.166662502336,1083.3312511679765,0.10000000000000001
248,0,0.82132121511844769,0.040010963457250609,0.19397904811507727,0.00035681610064403426,1002.1597110737129,1079.855536856428,0.10000000000000001
249,0,0.83132309215295552,0.040013103133772307,0.19411531135178994,0.00033595855781392864,1002.1540475431739,1077.0237715869371,0.10000000000000001
250,0,0.84132550896574487,0.040011601705697793,0.19421339085240932,0.0002519272032974263,1002.1449550146694,1072.4775073347246,0.10000000000000001
251,0,0.85132753351845936,0.040012609417225932,0.1942427156456642,0.0002284151043481876,1002.1373270094481,1068.6635047240429,0.10000000000000001
252,0,0.86133013516226475,0.040011628769055674,0.19424001805101329,0.0001664410634252465,1002.1278595531379,1063.9297765689548,0.10000000000000001
253,0,0.8713324902022147,0.040011899617385563,0.19418393657969774,0.00014878896030560507,1002.1202202419804,1060.1101209902026,0.10000000000000001
254,0,0.88133532691695227,0.040011037437212925,0.19410913967937149,0.00011429557393342074,1002.1125103395764,1056.2551697881872,0.10000000000000001
255,0,0.89133802164663489,0.040010867419232363,0.19400675796421116,0.00010832783572055182,1002.1069229743972,1053.4614871986037,0.10000000000000001
256,0,0.90134105492474426,0.040010098668822699,0.1939011733050981,0.00010072198318409353,1002.1028124075109,1051.4062037554481,0.10000000000000001
257,0,0.91134410066400695,0.040009601091130435,0.19379446089296248,0.00010864220841468186,1002.1011123686131,1050.556184306572,0.10000000000000001
258,0,0.92134754355893389,0.040009082471760368,0.19370224809421155,0.00012476926568451977,1002.1017979358724,1050.8989679361775,0.10000000000000001
259,0,0.93135110260023568,0.040008120299987529,0.19363157276243853,0.00014553854897345173,1002.1049938606083,1052.4969303041303,0.10000000000000001
260,0,0.94135488447442539,0.040007370339645874,0.19358721282360455,0.0001759738940023578,1002.1106978220097,1055.3489110048417,0.10000000000000001
261,0,0.95135879325553618,0.040005812182006877,0.19358218729497406,0.00020966901487096763,1002.1188532924914,1059.4266462456972,0.10000000000000001
262,0,0.96136273782185733,0.040004544665984361,0.19361029885901887,0.00024026357310343022,1002.1286067904903,1064.3033952451333,0.10000000000000001
263,0,0.97136703547413616,0.040002851284903565,0.19368261544861889,0.00028753846776829637,1002.1408280609329,1070.414030466452,0.10000000000000001
264,0,0.98137145149472071,0.040001083714756365,0.19379498626008768,0.00030664455190188591,1002.1529532988295,1076.476649414758,0.10000000000000001
265,0,0.99137648088060171,0.039999817451456428,0.19393944469686597,0.0003615083600342668,1002.1674133555825,1083.7066777912696,0.10000000000000001
266,0,1.0013818031411421,0.039997474991253328,0.19412919627401512,0.00036623193284760066,1002.1802639494593,1090.1319747296725,0.10000000000000001
267,0,1.0113874948453676,0.039996792230557181,0.19432712247846307,0.00041099756442253917,1002.194456399716,1097.2281998580229,0.10000000000000001
268,0,1.0213935115077259,0.039993893065883759,0.19456820828199617,0.00041241643258039027,1002.2069778166584,1103.4889083292114,0.10000000000000001
269,0,1.0313991662093598,0.039993174895542501,0.19479519912022988,0.00041869742330805847,1002.2182739158211,1109.1369579105503,0.10000000000000001
270,0,1.0414053804487848,0.039990424795150151,0.19504646547357674,0.00043887570759475056,1002.2300052451525,1115.0026225762417,0.10000000000000001
271,0,1.0514109290032381,0.039988709565889673,0.19527943406061021,0.0003820323150893006,1002.2365285076592,1118.2642538295795,0.10000000000000001
272,0,1.0614177659028095,0.039987736670729294,0.19549585617535503,0.00043789048283799633,1002.2469732248982,1123.486612449085,0.10000000000000001
273,0,1.0714244109085218,0.039983800887434862,0.19571543618365217,0.00031798548858797391,1002.2486128388334,1124.3064194167118,0.10000000000000001
274,0,1.0814324676332101,0.03998546835012138,0.19585811738592646,0.00039267270457307599,1002.2563508181059,1128.1754090529716,0.10000000000000001
275,0,1.0914411126676822,0.0399786928840382,0.19603938940799084,0.00025614602126557931,1002.2553764609928,1127.6882304964033,0.10000000000000001
276,0,1.1014498661930239,0.039982223282280953,0.19609111180869809,0.00028431596112287572,1002.2577316224714,1128.8658112356984,0.10000000000000001
277,0,1.111460423165276,0.039974913629388563,0.19619461371018423,0.00022617222001791701,1002.2584378010183,1129.2189005091586,0.10000000000000001
278,0,1.1214691036334095,0.039977294385355217,0.19616745178629016,0.00011383265187037085,1002.2526200775346,1126.3100387673148,0.10000000000000001
279,0,1.1314811486328551,0.039974502835691893,0.19614066319034001,0.00023461027060024184,1002.2592277354047,1129.6138677023464,0.10000000000000001
280,0,1.1414899886797285,0.039970391432841715,0.19606454191895611,-8.1683921451795681e-05,1002.2449716826505,1122.4858413252718,0.10000000000000001
281,0,1.1515028791435651,0.03997747371125393,0.1958610890385156,0.00024517339128009454,1002.2584414437753,1129.2207218876342,0.10000000000000001
282,0,1.1615130970140917,0.039962314792718806,0.19576028339522331,-0.00022501725063166128,1002.2407600961596,1120.3800480798236,0.10000000000000001
283,0,1.1715253990604102,0.039980732710994456,0.19537401600603194,0.00018490557654860597,1002.2560878145039,1128.0439072519357,0.10000000000000001
284,0,1.181538154603573,0.039956093997396372,0.19523833036917793,-0.0002216816047605283,1002.2460677484722,1123.0338742361141,0.10000000000000001
285,0,1.1915480961834108,0.039979534470720543,0.19473738391639153,-9.2682756723467987e-06,1002.2526588673109,1126.3294336554281,0.10000000000000001
286,0,1.2015639878503044,0.039957249452613308,0.19450991228906517,-1.2514025299712062e-05,1002.263995711696,1131.9978558479988,0.10000000000000001
287,0,1.21157107338114,0.039970482342490621,0.19403678847760367,-0.00033220467705331354,1002.2507098335079,1125.3549167539632,0.10000000000000001
288,0,1.2215894738533333,0.039969779953748515,0.19363462179017521,0.00035313894358994296,1002.2919131873836,1145.9565936917784,0.10000000000000001
289,0,1.2315950383713616,0.039953165497147593,0.19334720716876408,-0.00067993762035655229,1002.2553592817727,1127.6796408863561,0.10000000000000001
290,0,1.2416130273026313,0.039990680686605454,0.19272219493316906,0.00068568378706707457,1002.321098447802,1160.5492239010005,0.10000000000000001
291,0,1.2516200471244519,0.039933341151013019,0.19270164794759803,-0.00085979832830645141,1002.2732006727052,1136.6003363526147,0.10000000000000001
292,0,1.2616331719944038,0.040009414407332008,0.19191712668040509,0.00073175214948602882,1002.340271759228,1170.1358796140084,0.10000000000000001
293,0,1.2716454582386012,0.039922988960024615,0.19208940959167878,-0.00064857533887510005,1002.3090001140213,1154.5000570106367,0.10000000000000001
294,0,1.2816498830636092,0.040011764210022921,0.19135957911956297,0.00033145032153316631,1002.3416377375894,1170.8188687946972,0.10000000000000001
295,0,1.2916698270797196,0.039935660575682722,0.19150168779938123,7.5135350281079903e-05,1002.3610269900263,1180.5134950131446,0.10000000000000001
296,0,1.3016649192211684,0.039988478629827844,0.19113843011852147,-0.00046549490970152884,1002.3260127736103,1163.0063868051366,0.10000000000000001
297,0,1.3116910504260146,0.039976954299567401,0.19094856329950505,0.0011373136784980978,1002.4157253018603,1207.8626509301671,0.10000000000000001
298,0,1.3216805266580154,0.039941968964046871,0.19119823164320815,-0.0013994411005299693,1002.3035347722471,1151.767386123538,0.10000000000000001
299,0,1.3317067056869387,0.04003642234583258,0.19047409914391372,0.0020181573332056428,1002.4508206613798,1225.4103306898969,0.10000000000000001
300,0,1.341698519101463,0.039889288553149799,0.19129871344129457,-0.0020648691484766711,1002.2905908632684,1145.2954316342243,0.10000000000000001
301,0,1.3517157174614876,0.040086074614029382,0.19010294166086411,0.0021338445048553483,1002.4452983075882,1222.6491537941229,0.10000000000000001
302,0,1.3617193136466055,0.039857152810464855,0.19112891561819761,-0.001970227153704116,1002.3042860139238,1152.1430069619214,0.10000000000000001
303,0,1.3717192401117713,0.040094171387929159,0.18986647147142316,0.0012586617587079466,1002.3934970647568,1196.7485323784217,0.10000000000000001
304,0,1.3817403513743309,0.039870584391906362,0.19049475488621059,-0.0007742089848054056,1002.3499817185703,1174.9908592851739,0.10000000000000001
305,0,1.3917200637428531,0.040046850069474879,0.18973723614952862,-0.00038700007579619769,1002.307619710212,1153.8098551059761,0.10000000000000001
306,0,1.4017575226793797,0.039941010310285852,0.18937695746341457,0.0012258995050863958,1002.409515770846,1204.757885423021,0.10000000000000001
307,0,1.4117236337840533,0.039957612095010843,0.18949322209187894,-0.0023391797725794026,1002.212182865761,1106.0914328804756,0.10000000000000001
308,0,1.4217671197523896,0.040051259324046573,0.18781042176662668,0.0029267562720822217,1002.4442360884317,1222.118044215847,0.10000000000000001
309,0,1.4317369772573625,0.0398592645122713,0.18864302068732999,-0.0040252496987240368,1002.1374414181522,1068.7207090761035,0.10000000000000001
310,0,1.4417685635776079,0.040152789708502459,0.1858669065423211,0.003233581055239877,1002.4203585845365,1210.1792922682648,0.10000000000000001
311,0,1.4517616441046246,0.039785958848371418,0.18675962098094251,-0.0046540938631781494,1002.1158345771398,1057.9172885699109,0.10000000000000001
312,0,1.4617629840464967,0.040191321016078058,0.18374130097957608,0.002019413226912238,1002.3325341776674,1166.2670888337061,0.10000000000000001
313,0,1.4717881253790652,0.03976779348692755,0.18394873945457629,-0.0033288559473365438,1002.1632629980802,1081.6314990400997,0.10000000000000001
314,0,1.481751697550703,0.040143556837844964,0.18174809488594576,-0.00010010283701145252,1002.2010302839036,1100.5151419518029,0.10000000000000001
315,0,1.4918044344420154,0.039831682887507422,0.18072243928217641,-0.00018074535795144025,1002.2499356207964,1124.9678103981751,0.10000000000000001
316,0,1.5017423549793973,0.040027916809305647,0.17997987312135394,-0.0025673622385303076,1002.0531370492509,1026.5685246254748,0.10000000000000001
317,0,1.5118068377254736,0.03997509651423517,0.17745299272091891,0.0029892602029304694,1002.3071931977097,1153.5965988548469,0.10000000000000001
318,0,1.5217509963147289,0.039891458870866599,0.17805125809691821,-0.0048000858615978382,1001.9177206138687,958.86030693435487,0.10000000000000001
319,0,1.5318005451174035,0.040140301792530232,0.17432331457923989,0.0042247505910851272,1002.273888993224,1136.9444966119886,0.10000000000000001
320,0,1.5417871107276711,0.039778895171829927,0.175524709408581,-0.0058002184557251453,1001.8403926685182,920.19633425911707,0.10000000000000001
321,0,1.5517862463299295,0.040238136653816883,0.17162795817182822,0.0032588880487666489,1002.1365339489349,1068.2669744674627,0.10000000000000001
322,0,1.5618298353739635,0.039729276964551127,0.17246163325427749,-0.004008003607886901,1001.854256073278,927.12803663897603,0.10000000000000001
323,0,1.5717637650276959,0.040206263465987144,0.16991560892889093,0.001104378851729699,1001.9287498855332,964.37494276659663,0.10000000000000001
324,0,1.5818487611351042,0.039790757148122656,0.16966938413646215,0.00069714477900918758,1001.9295320159111,964.76600795557488,0.10000000000000001
325,0,1.5917464072585032,0.040052786102624111,0.16921718558422275,-0.0017533293603150958,1001.684915727878,842.45786393898925,0.10000000000000001
326,0,1.6018510110141051,0.0399909981866668,0.16752227764185412,0.005394577563749922,1001.9655541610279,982.77708051392665,0.10000000000000001
327,0,1.6117543352499692,0.039826569300339246,0.16862434301425233,-0.005080953809511562,1001.4382136536354,719.10682681772187,0.10000000000000001
328,0,1.6218638726319252,0.040282082643156948,0.16593820063782797,0.0072218621056968964,1001.8897867644756,944.89338223780805,0.10000000000000001
329,0,1.6317914505196136,0.039577908452036237,0.16707874671094608,-0.0077207114345039431,1001.2433914875223,621.69574376116543,0.10000000000000001
330,0,1.6418733787642119,0.040539290235330823,0.16463012050260845,0.0066584563583941348,1001.7119225425218,855.9612712609237,0.10000000000000001
331,0,1.6518165862167222,0.039364336317712204,0.16488127465049957,-0.0073923082207172832,1001.1575976137309,578.79880686544993,0.10000000000000001
332,0,1.6618549071424922,0.04064054691659541,0.16362178967323543,0.0052485480737680416,1001.4766774561404,738.33872807017542,0.10000000000000001
333,0,1.6718032856619984,0.039258580520407711,0.16318979453903518,-0.0036198095910067269,1001.16224201867,581.12100933499278,0.10000000000000001
334,0,1.6818154552071025,0.040545913958661056,0.16267805351707557,0.0026046045519111751,1001.1904038579362,595.20192896809476,0.10000000000000001
335,0,1.6918116786416866,0.039388369235111409,0.16218594652183152,0.0018115806708686763,1001.2034422048088,601.72110240438315,0.10000000000000001
336,0,1.7017562895125475,0.04022903692645053,0.16187752367171854,-0.0018749529721055491,1000.8716813204156,435.8406602078162,0.10000000000000001
337,0,1.7118753628207799,0.039842196798351159,0.16135219272199069,0.0075459753146956783,1001.2631080252388,631.55401261940369,0.10000000000000001
338,0,1.7216566502948207,0.039658941088671122,0.16082885459984447,-0.0073728913811325339,1000.5544192013183,277.20960065914824,0.10000000000000001
339,0,1.7319299330811835,0.040548264736415561,0.16098074400716419,0.012538107572744012,1001.324319490038,662.15974501898245,0.10000000000000001
340,0,1.7414769503623111,0.038789003441962781,0.15927326412792472,-0.012934840036541224,1000.2990929158569,149.54645792846577,0.10000000000000001
341,0,1.7519842753872061,0.041387568714362784,0.16114542393393166,0.015068242486523366,1001.3252446612772,662.62233063861231,0.10000000000000001
342,0,1.7612359529735226,0.037626474501168676,0.15747687928985982,-0.018237456072321592,1000.1267550989473,63.377549473671024,0.10000000000000001
343,0,1.7720977862883494,0.042227782678405101,0.16140251042083009,0.013596232828581665,1001.2072453982365,603.62269911826161,0.10000000000000001
344,0,1.7809766974960277,0.036270887378922138,0.15539257368592538,-0.024557081257987817,999.96612558390893,-16.937208045533225,0.10000000000000001
345,0,1.7922402437631306,0.042867803620666188,0.16153234773727379,0.0089407357060436992,1000.9207736636104,460.38683180518092,0.10000000000000001
346,0,1.8006558894483853,0.034657979433918573,0.15418048265817094,-0.031212041083818344,999.85808185047767,-70.95907476116281,0.10000000000000001
347,0,1.8124041228463135,0.04308354342920058,0.16143270825660389,0.0016857248674411187,1000.3942261382397,197.11306911983684,0.10000000000000001
348,0,1.8203462560467605,0.032808679042505388,0.15412253232565726,-0.031178327886114954,999.90929705424526,-45.351472877371179,0.10000000000000001
349,0,1.8325354779152536,0.042623080593407574,0.16240521418076842,-0.0038489273869916733,1000.0738820378549,36.941018927450386,0.10000000000000001
350,0,1.8401627375617851,0.031333696486569661,0.15632479114085349,-0.028132252808843322,999.93108330933183,-34.458345334087426,0.10000000000000001
351,0,1.8525331161523853,0.041523287441191867,0.16559172160750305,-0.0060679168385473076,1000.0433655503333,21.682775166652846,0.10000000000000001
352,0,1.8597863870426774,0.028892539170909334,0.15528123517138376,0.010721256373508329,1000.2570489913163,128.52449565815505,0.10000000000000001
353,0,1.8728203597161288,0.041576088614291525,0.17086487304517581,0.0030339205056819727,1000.4663392952523,233.16964762614134,0.10000000000000001
354,0,1.8795529332803014,0.029662731465117144,0.16239718900936603,0.013085658466667829,1000.2210982249429,110.54911247146038,0.10000000000000001
355,0,1.8949710989789652,0.044548933005277846,0.17591423161542613,0.007657318104914046,1000.3156611111993,157.83055559967352,0.10000000000000001
356,0,1.8989312888091605,0.031988107401580444,0.16304551605814643,0.013287529116497788,1000.1647793751107,82.389687555348701,0.10000000000000001
357,0,1.9117047377257912,0.032041282095909451,0.16099205895444135,0.011518008018017159,1000.2743527682399,137.17638411992539,0.10000000000000001
358,0,1.9136105270132233,0.030880179475989152,0.15752817872815172,-0.024887490425028368,999.69794871338422,-151.02564330788937,0.10000000000000001
359,0,1.9458327317365554,0.046098373719563816,0.16306459209395571,0.0041175739394269922,1000.0123830425231,6.1915212615417659,0.10000000000000001
360,0,1.9602540092189382,0.046963112116082797,0.1656903981225645,0.0022726580590457413,999.9948093034908,-2.5953482546015039,0.10000000000000001
361,0,1.9615006759824183,0.048688466201118462,0.1661908518658648,0.0012266684809233927,999.99065334101977,-4.6733294901173394,0.10000000000000001
362,0,0.1466688966250721,0.050602396034683049,0.23101687797121473,-0.0036192819848820312,999.99285028917768,-3.5748554111592057,0.10000000000000001
363,0,0.14671842382806247,0.049877860523360636,0.23073275648468095,-0.0034833343322441222,999.99429502216788,-2.8524889160621569,0.10000000000000001
364,0,0.16815763878466242,0.050330294552554611,0.2287679770232898,0.0046485449002223473,1000.1314653479423,65.732673971126587,0.10000000000000001
365,0,0.18122423544355948,0.044361656366071922,0.22484583083177301,0.0028287745439110113,1000.5639860267667,281.99301338332816,0.10000000000000001
366,0,0.18182247301007681,0.043733916114988503,0.22755555118061807,-0.00048432664999516358,999.79007327505406,-104.96336247297222,0.10000000000000001
367,0,0.21011113955697222,0.050733294300261779,0.2063056061387302,0.0071724862467359516,1000.2093240709315,104.6620354657648,0.10000000000000001
368,0,0.21006224210651225,0.051088170062238328,0.20636849527703369,0.0072547870081012822,1000.2073235176146,103.66175880727724,0.10000000000000001
369,0,0.22492263641380911,0.050344456603342039,0.21792106970604885,0.010487845697654844,999.93184022499452,-34.079887502741713,0.10000000000000001
370,0,0.23323043331512519,0.05065374617043699,0.20714620692687327,0.0073811295361000378,999.95952934639536,-20.235326802321651,0.10000000000000001
371,0,0.24419794009253187,0.05014609921548558,0.21933169659981214,0.0026070035733231308,1000.169935863296,84.967931648009198,0.10000000000000001
372,0,0.25345641230891769,0.050268208803155988,0.20951502749923992,0.0011804983427646954,1000.4343869674119,217.19348370595526,0.10000000000000001
373,0,0.26379586264052157,0.050235324395567993,0.21779011062166939,0.00030713083670971288,1000.3790282513188,189.51412565940018,0.10000000000000001
374,0,0.27353365102536759,0.050241964277416173,0.21309134421710024,-0.000462981789408565,1000.0878023252895,43.901162644772285,0.10000000000000001
375,0,0.28365821532757685,0.050250155882819766,0.21491918443624028,0.00045202063032872853,1000.4659400267503,232.97001337516576,0.10000000000000001
376,0,0.2934634645330858,0.050286769349959612,0.21608115776488449,-6.6879729029488248e-05,999.99985098289596,-0.074508552017960028,0.10000000000000001
377,0,0.30357078838280294,0.050174488170238576,0.21348711863324105,0.00097169188159241344,1000.4704404717421,235.22023587105423,0.10000000000000001
378,0,0.31340159442079574,0.050224888035790519,0.21671140982631557,6.9135123487530532e-06,1000.0624422875383,31.221143769130322,0.10000000000000001
379,0,0.32353425037584443,0.050077825330893729,0.21367904426292073,0.00058311597836373057,1000.3710333762562,185.5166881280752,0.10000000000000001
380,0,0.33335041790031522,0.050162742902073558,0.21569464515894923,0.00041846782360875466,1000.2649950465858,132.49752329289777,0.10000000000000001
381,0,0.34352819355177855,0.050049584710277942,0.21374012984575777,0.0002002790655508429,1000.3180362057811,159.01810289057039,0.10000000000000001
382,0,0.35336135521211692,0.050132156451909111,0.21527858248344045,0.00039285079895949755,1000.415098379811,207.54918990547822,0.10000000000000001
383,0,0.36352609838244454,0.050047929920371839,0.21329565683424673,1.5663850510028896e-05,1000.347565221579,173.78261078948753,0.10000000000000001
384,0,0.37340415609046912,0.05010274120130237,0.21475798427515597,0.00030692490121709127,1000.5625432658672,281.27163293362401,0.10000000000000001
385,0,0.38351453208967196,0.050029805916437409,0.21318432295565465,0.00014231098957299398,1000.4331018217504,216.55091087518485,0.10000000000000001
386,0,0.39343708888172646,0.050089739024784287,0.21383274529116747,0.00025687699222725501,1000.6935332469758,346.76662348789478,0.10000000000000001
387,0,0.4035261279319684,0.050015683836632324,0.21327689583769208,0.00026351449808768455,1000.5667486616831,283.37433084152508,0.10000000000000001
388,0,0.41345533736290274,0.050084190849273347,0.2131767027297079,0.00025086021439130494,1000.8205498359266,410.27491796330651,0.10000000000000001
389,0,0.42355319065172498,0.050015092216692272,0.21320453543490345,0.00025905485748358142,1000.7310276131991,365.51380659955157,0.10000000000000001
390,0,0.43347256196048867,0.050069466620611278,0.21296215980344799,0.00034741886580997309,1000.9653030918903,482.6515459451457,0.10000000000000001
391,0,0.44358123806063887,0.050011310021656409,0.21318068880198882,0.00027874895837123073,1000.9052714223189,452.63571115947343,0.10000000000000001
392,0,0.4534946726438881,0.050048759212865591,0.2129041054372629,0.00049877395042169609,1001.1327877563621,566.3938781810316,0.10000000000000001
393,0,0.46360260882582216,0.05001265115528445,0.21340370282525248,0.00035866205853556636,1001.0762815872758,538.14079363792189,0.10000000000000001
394,0,0.47352706149775065,0.050029806428020809,0.21300240676921889,0.00057257745667615664,1001.2984214445248,649.21072226240994,0.10000000000000001
395,0,0.48361597235782827,0.050016856486215122,0.21354974904633114,0.00041005282188204506,1001.2498625408717,624.93127043586583,0.10000000000000001
396,0,0.49356479772990491,0.050022416637738182,0.21327433727146156,0.00054476714711766878,1001.4437437427592,721.87187137961928,0.10000000000000001
397,0,0.50362870774253676,0.050015612619616366,0.2134852481550627,0.00040671212985260728,1001.4157367445491,707.8683722745609,0.10000000000000001
398,0,0.51359733643298056,0.050021179516332427,0.21335573547192943,0.00041758497712778193,1001.5727952045806,786.39760229032163,0.10000000000000001
399,0,0.52364372403588721,0.050013069833137511,0.21324278398700189,0.00035283194678774376,1001.5581103315399,779.0551657699325,0.10000000000000001
400,0,0.5336231635471187,0.050020139182347302,0.21300948497051672,0.00024245858916910814,1001.6857983963926,842.89919819627812,0.10000000000000001
401,0,0.54365963841502241,0.05001199766321044,0.21269315877971376,0.00023633437711468791,1001.6736523373917,836.82616869583626,0.10000000000000001
402,0,0.55364444757208031,0.050019865986857051,0.21222033546688801,6.6322524034860149e-05,1001.7786835393218,889.34176966091627,0.10000000000000001
403,0,0.5636758345814662,0.050011657544465613,0.21172304499925215,9.1075931632087534e-05,1001.7645746206153,882.28731030767449,0.10000000000000001
404,0,0.57366252006285656,0.050020124241417968,0.21102244968842152,-6.9551631577245294e-05,1001.8517188785532,925.85943927662129,0.10000000000000001
405,0,0.58369184098784499,0.050012303132835653,0.21035974909422053,-4.0434058828510307e-05,1001.834041056977,917.0205284884787,0.10000000000000001
406,0,0.59367876660119845,0.050019840380183922,0.20949241060879475,-0.00013813359449217405,1001.9074538237903,953.7269118951599,0.10000000000000001
407,0,0.60370633312710664,0.0500139137137992,0.20872945849368033,-0.00011945600726819531,1001.8873033358107,943.6516679053284,0.10000000000000001
408,0,0.61369453328643475,0.050019327571517384,0.20778130108064963,-0.00012978191901149989,1001.9492853080021,974.64265400105887,0.10000000000000001
409,0,0.6237188578333176,0.050015596535939698,0.20700470847138833,-0.00012094411046836084,1001.9306915772137,965.34578860683951,0.10000000000000001
410,0,0.63370999013691631,0.050019353761015739,0.20608996471880153,-5.5807922647478021e-05,1001.9817794219059,990.88971095295619,0.10000000000000001
411,0,0.64373034694441822,0.050016666516813003,0.2053907515988139,-3.4761890076735672e-05,1001.9684103774067,984.20518870335627,0.10000000000000001
412,0,0.65372444318125333,0.050019823054905085,0.20460835496822141,7.0804391034086372e-05,1002.0102984047031,1005.1492023515607,0.10000000000000001
413,0,0.66374140800172454,0.050017493153697891,0.20407926977973201,0.00012022726612152274,1002.0028517234708,1001.425861735413,0.10000000000000001
414,0,0.67373799688734992,0.050020393198435709,0.20350241080893408,0.00023955987912839747,1002.0376736940705,1018.8368470352316,0.10000000000000001
415,0,0.68375183617956647,0.050018254608655444,0.20319695264984969,0.00030841966870708243,1002.0357133325015,1017.8566662507365,0.10000000000000001
416,0,0.69375066092591553,0.050020795217741283,0.20287352359879715,0.00042674123950565984,1002.064528608178,1032.264304088983,0.10000000000000001
417,0,0.70376172040791207,0.050019148606317121,0.20280263319648367,0.00050002354314689058,1002.0665609080932,1033.2804540465759,0.10000000000000001
418,0,0.71376238225517907,0.050021061860063686,0.20273547491327371,0.00060055911949574974,1002.0901337731309,1045.0668865654507,0.10000000000000001
419,0,0.72377132491292373,0.050020075815250392,0.20287415850310009,0.00066498428996057148,1002.0939069467644,1046.9534733821888,0.10000000000000001
420,0,0.73377309529925594,0.050021418620090283,0.20302303925803014,0.00073663376196521216,1002.1124568521994,1056.2284260997217,0.10000000000000001
421,0,0.74378062130455369,0.050020832012232827,0.20331701274000963,0.0007794609406146716,1002.1158047814713,1057.9023907356486,0.10000000000000001
422,0,0.7537829743687614,0.0500218392988959,0.20360881718798365,0.00081779130311884524,1002.1292372397917,1064.6186198958389,0.10000000000000001
423,0,0.76378955646403024,0.050021297117129639,0.2039877330760341,0.0008329675399033346,1002.1303978021077,1065.1989010538614,0.10000000000000001
424,0,0.77379227446312571,0.050021937449994537,0.20433785152378628,0.00083927461060758358,1002.1385499720027,1069.2749860013464,0.10000000000000001
425,0,0.78379817172399069,0.050021523094013025,0.20472486007145349,0.00082756669025780974,1002.1366136474242,1068.3068237120779,0.10000000000000001
426,0,0.79380129890773454,0.050021866462699398,0.20505871097353784,0.00080950507356257017,1002.1394443651159,1069.722182557939,0.10000000000000001
427,0,0.8038066975488134,0.050021620492080199,0.20538844414434743,0.00077869684014355851,1002.1342274936832,1067.113746841585,0.10000000000000001
428,0,0.81381020331006992,0.050021946231034203,0.20564853329882704,0.00074519200884266444,1002.1324186381239,1066.2093190619544,0.10000000000000001
429,0,0.82381537771286162,0.050021761575878024,0.20588059751677698,0.00070632181971231429,1002.1243851514363,1062.192575718143,0.10000000000000001
430,0,0.83381918004388111,0.050022009355676765,0.20603710613740034,0.00066842613112002463,1002.1191423720381,1059.5711860190704,0.10000000000000001
431,0,0.84382430922803175,0.050021786832445396,0.2061577712863264,0.0006303343886881372,1002.1095495911061,1054.774795553044,0.10000000000000001
432,0,0.85382852944588516,0.050021777178693702,0.20621061053945322,0.00059904104300474259,1002.1025321844162,1051.2660922080954,0.10000000000000001
433,0,0.8638336397175912,0.050021383663450866,0.20623314372174598,0.00057021248339368419,1002.0931251578215,1046.5625789107662,0.10000000000000001
434,0,0.87383819497581272,0.050021092611366599,0.20620560740124924,0.00055144330791800499,1002.0863144175357,1043.157208767866,0.10000000000000001
435,0,0.8838432972580853,0.050020566723763864,0.20616198870973029,0.00053795880851383179,1002.0789807301608,1039.4903650803826,0.10000000000000001
436,0,0.89384808415803196,0.050020058613620424,0.20609278424306404,0.000534466843040414,1002.0744025241008,1037.2012620504165,0.10000000000000001
437,0,0.90385326302150026,0.050019365250468552,0.20602557009222341,0.00053730991926210635,1002.0707100223746,1035.3550111872778,0.10000000000000001
438,0,0.91385827292240995,0.05001866856436317,0.20595709838752757,0.00054937774871880005,1002.0699947872637,1034.9973936318406,0.10000000000000001
439,0,0.92386365617625776,0.05001780215692974,0.20590954339924231,0.00056718789742603618,1002.0709017167062,1035.4508583531015,0.10000000000000001
440,0,0.9338689528882359,0.050016847682555397,0.20588169641994486,0.00059259491857266422,1002.0747827826019,1037.3913913009574,0.10000000000000001
441,0,0.94387444493486783,0.050015665482360666,0.20588635823230572,0.00062244495687240422,1002.080428296198,1040.2141480989826,0.10000000000000001
442,0,0.9538798342116217,0.05001429430871656,0.20592765937910446,0.00065602123528248914,1002.0886811204447,1044.3405602223379,0.10000000000000001
443,0,0.96388514659381341,0.050012725455962068,0.2060035284498683,0.0006920192515222982,1002.0983119941038,1049.155997051912,0.10000000000000001
444,0,0.97389047523700512,0.050010919965570104,0.20612426771461259,0.00072728473716328823,1002.1098208420866,1054.9104210433029,0.10000000000000001
445,0,0.98389558615031247,0.050009048937549483,0.20627704929206733,0.00076239474192474278,1002.1220543982253,1061.0271991126297,0.10000000000000001
446,0,0.99390100873489529,0.050007024497226195,0.20646950055208757,0.00079348019585214695,1002.1350677278374,1067.5338639186975,0.10000000000000001
447,0,1.0039061911657421,0.05000512131987183,0.20669035654898113,0.0008213867382784681,1002.1482448738122,1074.1224369061229,0.10000000000000001
448,0,1.013911789002506,0.050003230517006954,0.2069310180931978,0.00084432136846600953,1002.1608293198142,1080.4146599070918,0.10000000000000001
449,0,1.0239171941985301,0.050001422096661516,0.20719658606181582,0.0008596013296897399,1002.1733446346376,1086.6723173188007,0.10000000000000001
450,0,1.0339226582423864,0.049999659650763917,0.20745249874351807,0.00087057120091342684,1002.1839339897938,1091.9669948968931,0.10000000000000001
451,0,1.0439283112286344,0.049997660956491045,0.20772827833234117,0.00086896922667819773,1002.1943462671926,1097.1731335963,0.10000000000000001
452,0,1.053933426545167,0.049995784609882368,0.20796716819216943,0.00086534534715085201,1002.2021262949909,1101.063147495438,0.10000000000000001
453,0,1.0639395925024582,0.049993412381551312,0.20821480057398686,0.00084729279974266514,1002.2092153933708,1104.6076966853775,0.10000000000000001
454,0,1.0739446730469042,0.049991322663922741,0.20841551114072474,0.00082989925540345125,1002.2141731336166,1107.0865668082774,0.10000000000000001
455,0,1.0839514565260964,0.049988764434863345,0.20859497625596204,0.00080174166943841455,1002.2171460048969,1108.5730024484519,0.10000000000000001
456,0,1.0939570167692494,0.049986540608718308,0.20874575102885956,0.00077293643505776857,1002.2198515851536,1109.9257925768029,0.10000000000000001
457,0,1.1039638390105644,0.049984380765344644,0.20882204128166212,0.00074304436260333689,1002.2187991844781,1109.3995922390718,0.10000000000000001
458,0,1.1139704710662861,0.049982205797562143,0.20890991407080844,0.00070443969239389586,1002.2200219712897,1110.0109856448626,0.10000000000000001
459,0,1.1239765032130418,0.049980901684772615,0.20886448356408466,0.00067928730605494928,1002.2163011515363,1108.1505757681498,0.10000000000000001
460,0,1.1339848876766898,0.049978697511960733,0.20886637963226257,0.00063335775561147961,1002.2164649153318,1108.2324576659062,0.10000000000000001
461,0,1.1439898283201395,0.049978099450629108,0.20870696784425907,0.00061661451863156557,1002.2127792642066,1106.3896321032871,0.10000000000000001
462,0,1.1540001085069724,0.049975876383428437,0.20858784757572976,0.00057068413579862583,1002.2118467437924,1105.9233718962105,0.10000000000000001
463,0,1.164004580292032,0.049975439804855824,0.20835015764880396,0.00056210846062233191,1002.2115144500509,1105.7572250254566,0.10000000000000001
464,0,1.1740154141415775,0.049973681331797033,0.2080723250951006,0.00052873975057567081,1002.2094125322948,1104.7062661473888,0.10000000000000001
465,0,1.1840209645782844,0.04997270578197488,0.20780805195410018,0.00052170941837460317,1002.2150657967258,1107.5328983628765,0.10000000000000001
466,0,1.1940296570087492,0.049972325130288084,0.20735828615022722,0.00051556952539688909,1002.2124348665603,1106.2174332801646,0.10000000000000001
467,0,1.2040386223243276,0.0499703879628033,0.20710730255611232,0.0004979575385969093,1002.2243620407459,1112.1810203729297,0.10000000000000001
468,0,1.2140426883518429,0.049972152346022827,0.20653024587295263,0.00052908676186670168,1002.2233799832883,1111.6899916441412,0.10000000000000001
469,0,1.2240568550083444,0.049969350262926086,0.20629230352356287,0.0004896520038187766,1002.2386172290685,1119.3086145342477,0.10000000000000001
470,0,1.2340557228010585,0.049972828632773615,0.20569909645947029,0.00055806334697591797,1002.2429447145306,1121.4723572653043,0.10000000000000001
471,0,1.2440739533980698,0.049970099282955538,0.2054221226292107,0.00049732947957563812,1002.2560147491453,1128.0073745726327,0.10000000000000001
472,0,1.2540704001109655,0.049973526527167418,0.20496604924408071,0.00058635689419169878,1002.2694955338978,1134.7477669489194,0.10000000000000001
473,0,1.2640876647368091,0.049972783467394845,0.20457569924931804,0.00052898064774680733,1002.2745949336559,1137.2974668279312,0.10000000000000001
474,0,1.274087786024624,0.049973674165273235,0.20438764841535148,0.00060502268063757721,1002.298385284953,1149.1926424765211,0.10000000000000001
475,0,1.2840966306544579,0.0499770792743457,0.20384564031777017,0.00059486942461432573,1002.2922766615393,1146.1383307696451,0.10000000000000001
476,0,1.2941075110081208,0.049973801051817583,0.20396739435034753,0.00060497967164141497,1002.3229673359859,1161.4836679929681,0.10000000000000001
477,0,1.3041020802652119,0.049982181882573577,0.20332399763350642,0.00067750839214036787,1002.3074233578692,1153.7116789345987,0.10000000000000001
478,0,1.3141273928017121,0.049975170293183484,0.20363556258351778,0.00056990225331309799,1002.3366151577466,1168.3075788732822,0.10000000000000001
479,0,1.3241076408437169,0.049986267171795142,0.20304936981464927,0.00073166128769135662,1002.3200594916655,1160.0297458327304,0.10000000000000001
480,0,1.3341435230544763,0.049978878708862279,0.20328284605128402,0.000498980881283198,1002.3369669841309,1168.4834920654339,0.10000000000000001
481,0,1.3441179508427801,0.049987306078454585,0.2029471610811798,0.00072538103811120407,1002.330752415966,1165.3762079830017,0.10000000000000001
482,0,1.3541520219817744,0.049984914496742527,0.2027889997378246,0.00045092707711036128,1002.3245858466649,1162.2929233324726,0.10000000000000001
483,0,1.364135616175449,0.049984938974089121,0.20284672455197231,0.00067956893122151718,1002.3381020883962,1169.0510441981132,0.10000000000000001
484,0,1.374151439043241,0.049992365747338736,0.20211054187644967,0.00049270219257197434,1002.3010940638113,1150.5470319056599,0.10000000000000001
485,0,1.3841586752728958,0.049981331458894593,0.20250492760372391,0.00059469490788194605,1002.3343956500283,1167.1978250141706,0.10000000000000001
486,0,1.3941448260368434,0.049999612380799814,0.2012611463641919,0.00056525900025129468,1002.2704740900394,1135.2370450197213,0.10000000000000001
487,0,1.4041816766438533,0.049980300302188536,0.20169684172025412,0.00038994183229738914,1002.3132144401045,1156.6072200522513,0.10000000000000001
488,0,1.4141401290220301,0.050003369726178533,0.20021758374733006,0.00050489048617125888,1002.2414333907428,1120.7166953714136,0.10000000000000001
489,0,1.4241987039134656,0.049984415500688904,0.20022058020648029,1.3066305368451146e-05,1002.2760255192649,1138.0127596324314,0.10000000000000001
490,0,1.4341467895063464,0.050000586855967477,0.19887081193246722,0.0002598986243492162,1002.225616545252,1112.8082726260118,0.10000000000000001
491,0,1.4442053832670387,0.049993285242074692,0.19800387779869214,-0.00034770848064180545,1002.227184538618,1113.592269308981,0.10000000000000001
492,0,1.4541684920302034,0.049992595943609948,0.19706597076613569,1.7954450904091284e-05,1002.2241619707627,1112.0809853813398,0.10000000000000001
493,0,1.4641993938471267,0.050004616957553434,0.19522656478627762,-0.00039943597668255006,1002.1667467920693,1083.3733960346308,0.10000000000000001
494,0,1.4741992703955025,0.049985435828549682,0.19475288335557164,-4.6195402148479137e-05,1002.2172701957585,1108.6350978792439,0.10000000000000001
495,0,1.4841827203462274,0.050013923868020921,0.19226438559315703,-0.00014712292568209762,1002.0989371132431,1049.468556621548,0.10000000000000001
496,0,1.4942292932877641,0.049984112899970505,0.19200134778637476,-8.1679975284793547e-05,1002.1814978688739,1090.748934436931,0.10000000000000001
497,0,1.5041652435084412,0.050014262994912718,0.18944872691144865,4.0635825139229343e-05,1002.0386165014188,1019.3082507094005,0.10000000000000001
498,0,1.5142520833490458,0.049989820266644426,0.18894898866373908,-0.00032408249232707381,1002.1153919679664,1057.6959839831943,0.10000000000000001
499,0,1.5241630251658722,0.050004559891189071,0.18686265995258097,-3.0140967126429464e-05,1001.9988315907286,999.41579536431391,0.10000000000000001
500,0,1.5342654984706303,0.050003116779674346,0.18567483860192252,-0.00060297452477773,1002.0261289070252,1013.0644535125839,0.10000000000000001
501,0,1.5441849381621608,0.049993808670685737,0.18448982205950831,-0.00010658172659753704,1001.9807955236508,990.39776182542028,0.10000000000000001
502,0,1.5542661752437306,0.050024226956251548,0.18242441535396925,-0.00045123356936792162,1001.9122688924834,956.13444624171962,0.10000000000000001
503,0,1.5642240525007534,0.04999159728616006,0.18223194413419841,0.00018404647533186287,1001.9451988414858,972.59942074288119,0.10000000000000001
504,0,1.5742511934080339,0.050041633941400855,0.17971420810712749,0.00020981595500822801,1001.7840037449726,892.00187248627572,0.10000000000000001
505,0,1.5842641068498593,0.049993040177038477,0.18014550984869948,0.00055345960303811214,1001.8513932924482,925.69664622408254,0.10000000000000001
506,0,1.5942286529775627,0.050039868488664749,0.17779703467091942,0.00071993547360176924,1001.6614571968516,830.72859842582147,0.10000000000000001
507,0,1.6042988929836159,0.049992065446260871,0.17825123071601601,0.00042672327352094553,1001.7056864561322,852.84322806609225,0.10000000000000001
508,0,1.614219632589093,0.050024838735567088,0.17648830066022494,0.00066290200452919488,1001.5629965646862,781.49828234307961,0.10000000000000001
509,0,1.6243298424137702,0.04999995920210093,0.17644458709508382,-0.00011419188464259441,1001.5374600215886,768.73001079428604,0.10000000000000001
510,0,1.6342388459369159,0.050025588725078333,0.17528030459029245,0.0004219855832738835,1001.4772884186794,738.64420933972497,0.10000000000000001
511,0,1.6443503637960597,0.050028597182961106,0.17467371790285319,-0.00032322402272658217,1001.357198279665,678.59913983249953,0.10000000000000001
512,0,1.654278201762345,0.05004453981721417,0.1739987213285244,0.00053895550099624116,1001.3682201600287,684.11008001436358,0.10000000000000001
513,0,1.664347195198167,0.050048324931459061,0.17297966071317844,0.00010078538671172814,1001.1783371698854,589.16858494268354,0.10000000000000001
514,0,1.6743177733106738,0.050038537115811958,0.17280727402727059,0.00084228369088386866,1001.2339001845447,616.95009227236142,0.10000000000000001
515,0,1.684310007235251,0.050037279327843291,0.17136530876393252,0.00082598197262405339,1001.0251428195135,512.5714097567311,0.10000000000000001
516,0,1.6943622390326054,0.050013366795814078,0.17181834367065721,0.0011742821122309099,1001.0859695189846,542.98475949229896,0.10000000000000001
517,0,1.7042516374406542,0.050038498999346162,0.17011840764090994,0.0014999049639673957,1000.9102252225767,455.11261128837077,0.10000000000000001
518,0,1.7144152208802745,0.050027385254909414,0.17083030906109106,0.0012708546579604653,1000.8851999582545,442.59997912723748,0.10000000000000001
519,0,1.7241951747239679,0.050080717919481203,0.16933635492597718,0.001960328919638933,1000.7939542818798,396.97714093989589,0.10000000000000001
520,0,1.7344738415694885,0.050068048136000229,0.17012309737279865,0.00091966974253060722,1000.638298179451,319.14908972549938,0.10000000000000001
521,0,1.7441329224695239,0.050090566892876949,0.16861289981109692,0.0017486157363397069,1000.6124625816851,306.23129084256107,0.10000000000000001
522,0,1.7545400483498557,0.050060580433878142,0.16974256875107621,1.3675467723014216e-05,1000.4307587920554,215.37939602768574,0.10000000000000001
523,0,1.7640699456438709,0.05002244420093175,0.16778612783189656,0.00075808394238034552,1000.3680496625605,184.02483128022595,0.10000000000000001
524,0,1.7746094398122079,0.050025256536872877,0.16922513850920004,-0.00097458762271999521,1000.341862379858,170.93118992897871,0.10000000000000001
525,0,1.7840184737220088,0.04991329649670663,0.16695870669475552,-9.0619478943789936e-05,1000.1853664357762,92.683217888122726,0.10000000000000001
526,0,1.7946752332751517,0.049947906651113934,0.16881672764076297,-0.0015805745419767187,1000.4090216914635,204.51084573176104,0.10000000000000001
527,0,1.8039560743655634,0.049753436651754017,0.16629866824259462,-0.00057094098198758958,1000.0774655618122,38.732780906116204,0.10000000000000001
528,0,1.8147333675402799,0.049831488006880677,0.16924746796073528,-0.0014743323092983286,1000.7268545701201,363.42728506002686,0.10000000000000001
529,0,1.8239457009084903,0.04960110484932688,0.16707693493630577,-0.0013253623952850322,999.94499388755105,-27.503056224475131,0.10000000000000001
530,0,1.8347699467782888,0.049762476653751928,0.1710585846348896,-0.0014488192687616655,1000.9545165961654,477.25829808268827,0.10000000000000001
531,0,1.8441778858825915,0.049445708443553713,0.17030716627599182,-0.0026879154990415636,999.83940834929342,-80.295825353289274,0.10000000000000001
532,0,1.8549870182360082,0.0497452953371346,0.17320949630244081,-0.0039761711722042913,1000.6979614457319,348.98072286597426,0.10000000000000001
533,0,1.8647037463857667,0.049096689523419203,0.17304772674706337,-0.0046129902765301035,999.87364474548906,-63.17762725547027,0.10000000000000001
534,0,1.875345448187494,0.049513981362837287,0.1761327770689024,-0.0041191790580973253,1000.13384846178,66.924230889981118,0.10000000000000001
535,0,1.8849073951982802,0.049355841004314789,0.17419567365799801,0.00097355115829640725,999.97675407248664,-11.622963756678928,0.10000000000000001
536,0,1.8983486457501229,0.052056217195228627,0.17678566904821788,0.0082753318603345262,1000.0346169360698,17.308468034912039,0.10000000000000001
537,0,1.8982031141302431,0.051701941954976252,0.17665253954531729,0.0082837413025295421,1000.0311374083606,15.568704180282111,0.10000000000000001
538,0,1.9242216276892172,0.042522284199975877,0.15932864655425213,-0.0028283500428119383,999.80508836985302,-97.455815073487884,0.10000000000000001
539,0,1.9248823513439137,0.043022003388144936,0.15922491722464671,-0.0025888581563134703,999.85237342429923,-73.813287850384768,0.10000000000000001
540,0,1.9397305159631382,0.048585020019468877,0.16214580495333106,-0.0013307087080828939,1000.1011843309121,50.592165456066596,0.10000000000000001
541,0,1.9619801796473157,0.04987882043863992,0.1665962860854546,0.00052969900736292007,999.99110072540248,-4.4496372987623545,0.10000000000000001
542,0,1.9621565244403878,0.050621635842794936,0.16692019372631908,0.0001107845730868319,999.99312018725448,-3.439906372761925,0.10000000000000001
543,0,0.15362119027870072,0.062650327202828579,0.23860100732295247,-0.0080266422043536421,1000.0313109910921,15.655495546070597,0.10000000000000001
544,0,0.15407770549461633,0.063226617615385255,0.23944848482632883,-0.007961283880054338,1000.040266046989,20.133023494508961,0.10000000000000001
545,0,0.16608157771444196,0.062986522826107005,0.24312038170271041,0.0010003339432309286,999.82881950920125,-85.590245399373543,0.10000000000000001
546,0,0.18159062504235088,0.057571615118799324,0.23726473625733235,0.007007078140933873,1000.0203546736238,10.177336811921123,0.10000000000000001
547,0,0.18183261959190328,0.058605265448262001,0.23937834706461128,0.0058845200683761293,1000.0666684338821,33.334216941057093,0.10000000000000001
548,0,0.20921761476777692,0.060234306761956291,0.21029884591934669,0.0048063145823948189,1000.2261073887593,113.05369437963009,0.10000000000000001
549,0,0.20921476552258955,0.060093115779085403,0.2101991747117834,0.0047192112056014274,1000.2240906386986,112.04531934930628,0.10000000000000001
550,0,0.2253413312457444,0.06071525737727769,0.22133749617808995,0.0054625768377223553,999.66967530659429,-165.16234670285712,0.10000000000000001
551,0,0.23395783814158611,0.0606373238415285,0.21352563911662018,0.0048874231729883859,1000.7368639336199,368.43196680996471,0.10000000000000001
552,0,0.24488765504147716,0.060574601818734822,0.22947056119267817,0.0028646632760967188,999.81455189473945,-92.724052630273945,0.10000000000000001
553,0,0.2545468618992891,0.060575753766510122,0.21914432026048045,0.0020267002435457216,1000.0357627356158,17.881367807888182,0.10000000000000001
554,0,0.26490302502752783,0.060404966393611322,0.22631842239326999,0.00029226332255183855,1000.1042385791779,52.119289588972606,0.10000000000000001
555,0,0.27476022426930163,0.060521116732395644,0.22292390724451053,0.0010079921314356665,1000.0251042546113,12.55212730563926,0.10000000000000001
556,0,0.28507022903271512,0.060283316655918337,0.22387906747425418,0.00080804260054681966,1000.3635917142925,181.79585714625546,0.10000000000000001
557,0,0.29489822560041135,0.060308667874477702,0.22569765281996848,0.00058430662434425667,999.97801518713572,-10.992406432137614,0.10000000000000001
558,0,0.30517720413712229,0.060181770501252937,0.22206964457120401,0.00085430131675361554,1000.4308243480332,215.41217401659196,0.10000000000000001
559,0,0.31494980905825815,0.060243388168117327,0.22605604678102897,0.00045404979447751371,1000.1402094378573,70.104718928632792,0.10000000000000001
560,0,0.32525239430201253,0.060106413556635471,0.2224682845706592,0.00039370035970631956,1000.3631172882114,181.55864410567801,0.10000000000000001
561,0,0.33499525451653817,0.060176724468001749,0.22505222488389809,0.00015267808203209385,1000.2894540573391,144.72702866953568,0.10000000000000001
562,0,0.34529511487139125,0.060068014206017963,0.22276064600500353,0.00025681421737655058,1000.350323468322,175.16173416100855,0.10000000000000001
563,0,0.35506264358694162,0.060118390629273995,0.22441537093880751,0.0001412156201331812,1000.4302573399682,215.12866998409663,0.10000000000000001
564,0,0.36533149511654112,0.06006326865059515,0.22250055739318614,0.00017300256098819495,1000.3963323184664,198.16615923321024,0.10000000000000001
565,0,0.37512112025888777,0.060091093542264849,0.22390680629084284,7.1895862767455855e-05,1000.5503236842276,275.16184211378913,0.10000000000000001
566,0,0.38536761335433711,0.060052331044380423,0.22237551365186625,1.7872761808884761e-05,1000.4707476688855,235.37383444272564,0.10000000000000001
567,0,0.39516925556673194,0.06007725671950654,0.22304640961841166,-1.583597825111165e-06,1000.6970921436139,348.5460718069362,0.10000000000000001
568,0,0.40539440527200815,0.060038506256706863,0.22254056202223119,3.1983014428616527e-05,1000.5891491303828,294.57456519139669,0.10000000000000001
569,0,0.41522636056268836,0.060069477284193429,0.22232615405975195,7.4710106090336123e-05,1000.8446934613789,422.34673068946904,0.10000000000000001
570,0,0.42541287043442383,0.060025434579329767,0.2225208440193914,6.7276581422938601e-05,1000.7616399900187,380.81999500934671,0.10000000000000001
571,0,0.43528639010259085,0.06005894083999179,0.22216120167052822,0.000171067761221523,1000.9831626974951,491.58134874755888,0.10000000000000001
572,0,0.44543032941487842,0.060017721332744474,0.22239477101037644,7.5579321710311388e-05,1000.9497284428815,474.86422144072549,0.10000000000000001
573,0,0.45533895182413259,0.060041267211062871,0.22223279832917164,0.00021044203494064649,1001.1318202913729,565.91014568647324,0.10000000000000001
574,0,0.4654516054713046,0.060016728014337356,0.22245229257129281,9.0819085795476544e-05,1001.1295610245387,564.78051226935122,0.10000000000000001
575,0,0.47538095013335302,0.060023897239204857,0.22230252150499602,0.00018269599977260343,1001.2907652864212,645.38264321060979,0.10000000000000001
576,0,0.48547660252118047,0.060017954947827856,0.22256402263945407,0.00011627286434274584,1001.301209721353,650.60486067648071,0.10000000000000001
577,0,0.4954167006050903,0.060014141666330748,0.22239554888187729,0.00011005664260369914,1001.4397262429961,719.86312149806508,0.10000000000000001
578,0,0.50550141674405991,0.060017892523957873,0.22245665624577526,8.4451248851363705e-05,1001.4625980458218,731.29902291088911,0.10000000000000001
579,0,0.51544989550916487,0.060010183136071607,0.2223419702208721,-1.9355307182276479e-06,1001.5715034172611,785.7517086305279,0.10000000000000001
580,0,0.52552326414475148,0.06001604637163601,0.22209597946408552,-8.7636374727028432e-06,1001.6015496427336,800.7748213668151,0.10000000000000001
581,0,0.53548129972099434,0.060009646210380671,0.22189322306470985,-0.00014223351288880328,1001.6863538669999,843.17693349993306,0.10000000000000001
582,0,0.54554242378669504,0.060013039431551708,0.22141067342132981,-0.00014711778232708063,1001.7145589077102,857.27945385508519,0.10000000000000001
583,0,0.5555102549622678,0.06001171796036979,0.2210120902682747,-0.00027706767744768512,1001.7806811574906,890.34057874528116,0.10000000000000001
584,0,0.5655605284967159,0.060010383480960529,0.22031360028637009,-0.00030333141086903676,1001.803020663769,901.51033188448082,0.10000000000000001
585,0,0.57553654632259654,0.060014001210944426,0.21973208705574457,-0.00038834299821635735,1001.854958760612,927.47938030601063,0.10000000000000001
586,0,0.58557826750533781,0.060009770871766101,0.21885414078878052,-0.0004315104144857565,1001.869274287607,934.63714380351348,0.10000000000000001
587,0,0.59556071619934303,0.06001493084778594,0.21811973190692746,-0.00045917018333320046,1001.9135041932522,956.75209662607585,0.10000000000000001
588,0,0.60559585530350968,0.060010758414248778,0.21717551099484428,-0.00050427368107906854,1001.9178215205895,958.91076029477063,0.10000000000000001
589,0,0.61558307202027185,0.060015110379307617,0.21633325500515105,-0.000471092133954446,1001.960138741453,980.0693707264827,0.10000000000000001
590,0,0.62561349566026359,0.060012042614363277,0.21543200544181962,-0.00050538105116865542,1001.9559887425454,977.99437127270039,0.10000000000000001
591,0,0.63560400392946348,0.060015273719754798,0.21459186090216961,-0.00042327273140360216,1001.9976322319037,998.81611595185404,0.10000000000000001
592,0,0.64563098666580254,0.060013184738423479,0.21380689630587127,-0.0004342501179580542,1001.9896722003167,994.83610015835211,0.10000000000000001
593,0,0.65562414558781146,0.060015518541586446,0.21308388180027263,-0.00032549547391997388,1002.0296534768522,1014.8267384261089,0.10000000000000001
594,0,0.66564797552775334,0.060014183049459317,0.21248886178874232,-0.00030731871856651223,1002.0218296123079,1010.9148061539486,0.10000000000000001
595,0,0.67564389409271519,0.060015909871954723,0.21195365770104269,-0.0001946995883783294,1002.0590838208816,1029.5419104407983,0.10000000000000001
596,0,0.68566439894673492,0.06001504149537934,0.21160471153083948,-0.00015244807008760549,1002.0535107349694,1026.755367484725,0.10000000000000001
597,0,0.69566317153601431,0.060016362041427296,0.21129600520586611,-5.0536368417969043e-05,1002.0866085596232,1043.3042798115935,0.10000000000000001
598,0,0.70568047664919487,0.060015753892638669,0.21119677890845018,-1.2426705054520988e-06,1002.0842539645928,1042.126982296395,0.10000000000000001
599,0,0.71568173474212549,0.06001686230173249,0.21112421025114217,8.1377031867481842e-05,1002.1116870167872,1055.8435083935933,0.10000000000000001
600,0,0.72569646230278506,0.06001641755367039,0.21123672133260937,0.00012259984786017059,1002.1119938734627,1055.9969367313329,0.10000000000000001
601,0,0.73569954874047472,0.060017408285596215,0.21136861847287861,0.00017837697071058976,1002.1329993888347,1066.4996944173595,0.10000000000000001
602,0,0.74571239885060947,0.060017082919384381,0.21163224120284568,0.00020156163150106528,1002.1341633090152,1067.0816545076036,0.10000000000000001
603,0,0.75571676963664269,0.060017834987898734,0.21190075681076162,0.00022801179301788489,1002.1488505178019,1074.4252589009307,0.10000000000000001
604,0,0.76572823424502379,0.060017560634333555,0.21224520357868529,0.00022793255700736308,1002.1487291569194,1074.364578459722,0.10000000000000001
605,0,0.77573355501271635,0.060017968155080093,0.21256852808934595,0.00022750660676182773,1002.1575246557732,1078.7623278865794,0.10000000000000001
606,0,0.78574398662169564,0.060017791718112196,0.21292129265881116,0.00020641094764176296,1002.1547788914273,1077.3894457136635,0.10000000000000001
607,0,0.79575004586480114,0.060017991214907036,0.21322708662131798,0.00018514683446643594,1002.1580832320213,1079.0416160106702,0.10000000000000001
608,0,0.80575977135482324,0.060017868752129014,0.21352555165177339,0.00015000223231695738,1002.1524291655094,1076.2145827546874,0.10000000000000001
609,0,0.81576645362728373,0.06001808638960867,0.21376186408532563,0.00011750014921447686,1002.1509832370331,1075.4916185165371,0.10000000000000001
610,0,0.82577578389891482,0.060018004379014146,0.21396799887673149,7.8076358781468486e-05,1002.1428626364866,1071.4313182432988,0.10000000000000001
611,0,0.83578300041578757,0.060018122779898014,0.21410660207188109,4.3741934630932408e-05,1002.1380172633312,1069.0086316656107,0.10000000000000001
612,0,0.84579208622328494,0.060017947904964029,0.21421016169364315,8.2109069242992582e-06,1002.1285585415724,1064.2792707861872,0.10000000000000001
613,0,0.85579977049272482,0.060017844327829806,0.21425135142971727,-1.9391909998325809e-05,1002.1220719258522,1061.0359629260984,0.10000000000000001
614,0,0.86580868113637166,0.060017509418254109,0.21426516721374783,-4.4953384340525729e-05,1002.1129689882472,1056.4844941235947,0.10000000000000001
615,0,0.8758167074917923,0.06001718062863088,0.21423353587490318,-6.1014986435525455e-05,1002.1068059187693,1053.4029593846412,0.10000000000000001
616,0,0.88582547511628273,0.060016672875363268,0.21418827144247965,-7.3035209681571227e-05,1002.0999117537123,1049.9558768561315,0.10000000000000001
617,0,0.89583368045451872,0.060016146581614339,0.21412142786626859,-7.609802181315995e-05,1002.096020069262,1048.0100346309769,0.10000000000000001
618,0,0.90584231870596155,0.060015422301361879,0.21405823711767874,-7.4367451808934247e-05,1002.0928347888383,1046.4173944191657,0.10000000000000001
619,0,0.91585056824675681,0.060014659930865182,0.21399657009175682,-6.5731840246981041e-05,1002.0927657367457,1046.3828683728593,0.10000000000000001
620,0,0.92585904317851664,0.06001372583372213,0.21395633878814788,-5.2793377462080947e-05,1002.0941865729793,1047.0932864896554,0.10000000000000001
621,0,0.93586722970922143,0.060012693287711048,0.2139365845471948,-3.590977991250514e-05,1002.098621182612,1049.3105913059821,0.10000000000000001
622,0,0.94587542348256515,0.060011477889773887,0.21395013356705969,-1.5466824889463705e-05,1002.1047296698169,1052.3648349084738,0.10000000000000001
623,0,0.95588336967365084,0.060010082094059392,0.21399799316865742,5.3932258229661031e-06,1002.1134049334581,1056.7024667290639,0.10000000000000001
624,0,0.96589108153111514,0.060008526001984794,0.21408289680854836,2.8494494045124413e-05,1002.1233492585842,1061.6746292920993,0.10000000000000001
625,0,0.97589855268062542,0.060006747871362606,0.21420603894080947,4.9457572119051635e-05,1002.1351410112364,1067.570505618221,0.10000000000000001
626,0,0.985905637190577,0.060004832462399106,0.21436503475649651,6.9154668460028509e-05,1002.147453008429,1073.7265042145054,0.10000000000000001
627,0,0.99591251546959314,0.0600028049546103,0.21455407588368564,8.7096714617002354e-05,1002.1606824182596,1080.3412091298128,0.10000000000000001
628,0,1.0059190207444895,0.060000780901686826,0.21477477750721258,9.823073527095576e-05,1002.1736716711417,1086.8358355708665,0.10000000000000001
629,0,1.0159253351477657,0.059998883767100643,0.21500778022088271,0.00011096543549700642,1002.1864672178789,1093.2336089394425,0.10000000000000001
630,0,1.0259313919669186,0.059996969314219044,0.21526368137067006,0.00011095053253558942,1002.1986204362082,1099.3102181041081,0.10000000000000001
631,0,1.0359371314621308,0.059995185123132996,0.21551260369565811,0.00011555012705305126,1002.2093125262296,1104.6562631148049,0.10000000000000001
632,0,1.0459427829833718,0.059993150841904326,0.21576783296876728,0.00010534434846600461,1002.2194119776639,1109.7059888319336,0.10000000000000001
633,0,1.0559478957620254,0.059991152441305672,0.21600363923502,9.7281011926005857e-05,1002.2269549935719,1113.4774967859471,0.10000000000000001
634,0,1.0659531203431214,0.059988857274927719,0.21622195605606456,8.1505831642877773e-05,1002.2341081153259,1117.0540576629264,0.10000000000000001
635,0,1.0759576736557261,0.059986518716889564,0.21641915794966438,5.6426562292583065e-05,1002.2382801554675,1119.1400777337321,0.10000000000000001
636,0,1.085962413410581,0.059984155695140665,0.21656918604887659,4.1249475105729123e-05,1002.2419777457476,1120.9888728737951,0.10000000000000001
637,0,1.0959666393758911,0.059981666301127945,0.2167063660763241,-5.3371994823485133e-07,1002.2434053061651,1121.7026530825365,0.10000000000000001
638,0,1.1059708195477784,0.059979693346492377,0.21676743237740959,-1.1104758019519032e-05,1002.2435676885192,1121.7838442595962,0.10000000000000001
639,0,1.1159750557792276,0.059977433678247025,0.21682057691959214,-6.0973668994217893e-05,1002.2434770139417,1121.7385069708712,0.10000000000000001
640,0,1.1259786314007301,0.05997600160888298,0.2167855589261124,-7.1155383583461183e-05,1002.2407341086314,1120.3670543156932,0.10000000000000001
641,0,1.1359831128268554,0.059974068193308597,0.21672792163219975,-0.00011170369654709279,1002.2405495284502,1120.274764225087,0.10000000000000001
642,0,1.1459861546813923,0.059972795864067369,0.21660059242458612,-0.00013437865152634852,1002.2364705955116,1118.2352977558025,0.10000000000000001
643,0,1.1559908327380637,0.059971300667552269,0.21641182258919764,-0.00014513951748021796,1002.2373503549313,1118.6751774656614,0.10000000000000001
644,0,1.1659936337444134,0.059969872114348809,0.21620239284991469,-0.00019309987939332811,1002.2342888408829,1117.1444204414342,0.10000000000000001
645,0,1.1759980282274431,0.059969079713165424,0.21587976526134475,-0.00016125196374746034,1002.236731527066,1118.3657635330064,0.10000000000000001
646,0,1.1860010756682622,0.059967394685573328,0.2156005991161497,-0.00023498980509190786,1002.2373802329266,1118.6901164633127,0.10000000000000001
647,0,1.1960044261307938,0.059967432933069699,0.2151711305554786,-0.00016882268579144385,1002.2411552737572,1120.5776368785791,0.10000000000000001
648,0,1.2060083600129152,0.059965849635019483,0.21482912989585484,-0.00024527763031518526,1002.2474765831181,1123.7382915590501,0.10000000000000001
649,0,1.2160101554393532,0.059966578779703003,0.21435428644462837,-0.00018130143706141172,1002.2521430452218,1126.0715226109141,0.10000000000000001
650,0,1.2260153547030002,0.059965731040972817,0.21395288170373267,-0.00021573498082547165,1002.2643486377116,1132.1743188557889,0.10000000000000001
651,0,1.2360157683287669,0.059966539142472762,0.21351292211130204,-0.00020717310703222068,1002.2696794948483,1134.8397474241665,0.10000000000000001
652,0,1.2460217616467166,0.059967052709027927,0.21305705578985834,-0.00015075467185652366,1002.2855318368989,1142.7659184494701,0.10000000000000001
653,0,1.2560219083630646,0.059967285753509271,0.21272377821507316,-0.00024163117240042504,1002.2918966480433,1145.9483240216741,0.10000000000000001
654,0,1.2660271485803472,0.059969382353773505,0.21223776652211077,-7.3564166290383985e-05,1002.307624358104,1153.8121790520108,0.10000000000000001
655,0,1.2760289073314646,0.059968812355941543,0.21203641663531977,-0.00026221158776078762,1002.3154336118192,1157.7168059096152,0.10000000000000001
656,0,1.2860313083069255,0.059972147886107843,0.2115717648763151,-1.8732400964160203e-05,1002.3274652912584,1163.7326456291817,0.10000000000000001
657,0,1.2960366788533153,0.059971287109782889,0.21147417245631436,-0.00024026588755791511,1002.3369729794796,1168.4864897397915,0.10000000000000001
658,0,1.306034765970687,0.05997494911239188,0.21109751594273898,-2.0201938675800329e-05,1002.3427687030877,1171.3843515438498,0.10000000000000001
659,0,1.3160447668871313,0.05997479845425574,0.21101903447162695,-0.00015689896649890742,1002.3529786926244,1176.4893463122235,0.10000000000000001
660,0,1.326038852761795,0.059977554047292971,0.21079070058771349,-8.9590236428309521e-05,1002.3513287365016,1175.664368250807,0.10000000000000001
661,0,1.3360524140960266,0.059978980261345814,0.2106137393117942,-2.9669329472648335e-05,1002.35963701038,1179.818505189985,0.10000000000000001
662,0,1.3460451027285483,0.059979597296953388,0.21053960157438259,-0.00021703363112173375,1002.3503111192858,1175.1555596429171,0.10000000000000001
663,0,1.356058635758,0.05998308622657976,0.21016306421860426,8.232973060675583e-05,1002.3549247324278,1177.4623662138879,0.10000000000000001
664,0,1.3660540413376103,0.059981164752216355,0.21018009015922404,-0.00036347113032371881,1002.3389894391825,1169.4947195912277,0.10000000000000001
665,0,1.3760626543207999,0.059986374057914987,0.20956345162574636,9.2913840112494785e-05,1002.3416872539673,1170.8436269836398,0.10000000000000001
666,0,1.3860645340442268,0.059982691757626855,0.20953104584355142,-0.00047432039206682527,1002.320229618033,1160.114809016477,0.10000000000000001
667,0,1.396065069131043,0.059988516754453707,0.20872948866434568,-4.0108421812893902e-05,1002.3253535090254,1162.6767545126881,0.10000000000000001
668,0,1.4060749219044091,0.059984761021976314,0.20846701034010579,-0.00049981694912362793,1002.2986521645195,1149.3260822597335,0.10000000000000001
669,0,1.4160686350238707,0.059989404922814092,0.20755417478376231,-0.00030114503190361951,1002.3057701961546,1152.88509807732,0.10000000000000001
670,0,1.4260844524720828,0.059987627690940591,0.20688679835527438,-0.00044005554030742626,1002.272813978492,1136.4069892459838,0.10000000000000001
671,0,1.4360769859866529,0.0599892947097048,0.20593927733136821,-0.00064850807416182035,1002.2782628251024,1139.131412551194,0.10000000000000001
672,0,1.4460924931553911,0.059991517770064548,0.20474165737407252,-0.00037424292844530306,1002.2390335725582,1119.5167862791209,0.10000000000000001
673,0,1.4560911991817185,0.059989459231169766,0.20379035785000135,-0.0010066927723424853,1002.2377662117086,1118.8831058543087,0.10000000000000001
674,0,1.4660972487463171,0.059995706150150069,0.20212100051934562,-0.00042165443485596264,1002.2028952184718,1101.4476092358905,0.10000000000000001
675,0,1.4761084641208224,0.059990878154399213,0.20115952384850946,-0.0012448270337150201,1002.1903829816715,1095.1914908357594,0.10000000000000001
676,0,1.4860973888068878,0.059997032904697288,0.19925787942322182,-0.00057940928865408514,1002.1698306448283,1084.9153224141332,0.10000000000000001
677,0,1.4961255372720057,0.059992269067286989,0.19820655554570629,-0.0012499662075082095,1002.1440844103636,1072.0422051817877,0.10000000000000001
678,0,1.5060959811394352,0.059992744543348499,0.19640334788055083,-0.00073925462597409998,1002.1346350585942,1067.3175292970996,0.10000000000000001
679,0,1.5161419529421825,0.059993903247760487,0.19511986983047339,-0.00097932711577053259,1002.0936612285682,1046.8306142840902,0.10000000000000001
680,0,1.526100519985933,0.059986671567719106,0.19362547557748189,-0.00085939799166842253,1002.0835806195764,1041.7903097882117,0.10000000000000001
681,0,1.5361585459794198,0.059999854174162502,0.19201048102118512,-0.00055128929061388403,1002.0260497022196,1013.0248511097761,0.10000000000000001
682,0,1.5461159203294412,0.059988809859781368,0.19090775488506315,-0.00094596453377750558,1002.0048699172297,1002.434958614856,0.10000000000000001
683,0,1.5561740166751088,0.060010658276769283,0.18905074389587906,-0.00025460444969143824,1001.9473645315699,973.68226578493022,0.10000000000000001
684,0,1.5661392128012315,0.060000602192221031,0.18831091225386085,-0.00089336194218549842,1001.9043118353122,952.15591765611407,0.10000000000000001
685,0,1.5761846264218196,0.060014875517285508,0.1865183446353145,-0.00018389891988091227,1001.8682867892526,934.14339462628959,0.10000000000000001
686,0,1.5861645408781313,0.060007313518199011,0.18601745360895186,-0.00068370723607818996,1001.7998161844503,899.90809222513235,0.10000000000000001
687,0,1.5961910084592417,0.060004078934714843,0.1846056750962313,-0.0002089937745660811,1001.7804881167771,890.24405838853227,0.10000000000000001
688,0,1.6061895560238739,0.060002260713719245,0.18406101644193087,-0.00030155228122371723,1001.6861429697034,843.07148485169137,0.10000000000000001
689,0,1.6162038685425901,0.059995315814778016,0.18312223529750965,-0.00026412041053256775,1001.6668977975932,833.44889879657558,0.10000000000000001
690,0,1.626213777516313,0.060002819283355435,0.1823302011872969,9.7871141301526007e-05,1001.5545269459425,777.26347297124221,0.10000000000000001
691,0,1.636233619206205,0.060016365708441495,0.18161820124739006,-0.00036835427806930553,1001.5134124405074,756.70622025370449,0.10000000000000001
692,0,1.6462360910802698,0.060019372022564944,0.1807532005289435,0.00024360962475114938,1001.426159382172,713.07969108602265,0.10000000000000001
693,0,1.6562781019188688,0.060053388291296098,0.18003130363659783,-0.00045453054061446766,1001.3354015577786,667.70077888929791,0.10000000000000001
694,0,1.6662500185919611,0.060022313029663078,0.17928152030153929,0.00015029153041262082,1001.308071639735,654.03581986748804,0.10000000000000001
695,0,1.6763240483804578,0.060055814500857826,0.17865567851255076,-0.00051487144494159569,1001.1537475541044,576.87377705218523,0.10000000000000001
696,0,1.6862515812761065,0.060001760808998356,0.17807768347620054,6.6295597733051289e-05,1001.1858288568543,592.91442842715014,0.10000000000000001
697,0,1.6963607739206761,0.060030956494135174,0.1774291985789026,-0.00043118033621128215,1000.9656026944851,482.80134724257096,0.10000000000000001
698,0,1.706251169349132,0.060000679178863953,0.1771264308508996,1.482502696087697e-05,1001.065882396721,532.94119836050413,0.10000000000000001
699,0,1.7163920062049438,0.060035396915611293,0.17627940761733618,-0.0002985970242326157,1000.8035992414351,401.79962071755426,0.10000000000000001
700,0,1.7262595651527215,0.06003329887522281,0.17648139299257434,9.1535658238414361e-05,1000.9895725765979,494.78628829893978,0.10000000000000001
701,0,1.7364321818707773,0.060061022819046517,0.175331727598554,-0.00023667074986151736,1000.6983135059967,349.15675299833993,0.10000000000000001
702,0,1.7462674475384041,0.060043782035398389,0.17571118473365802,0.00038549902177367594,1000.9630812264069,481.54061320343544,0.10000000000000001
703,0,1.7564886995772759,0.060069967558687876,0.17471421513101298,-5.6338691543172819e-05,1000.6201032283548,310.05161417738236,0.10000000000000001
704,0,1.7662665359863805,0.060033954758047528,0.17478729098129672,0.00098752349057071266,1000.9876184420328,493.80922101642,0.10000000000000001
705,0,1.7765742064534515,0.060107712195027405,0.1743000624792638,0.00040194823275845981,1000.4827137065805,241.35685329025591,0.10000000000000001
706,0,1.7862794989572146,0.06007527661143669,0.17385369095121242,0.0016422201899142972,1000.9775361989051,488.76809945255673,0.10000000000000001
707,0,1.7966887606334083,0.060129837565603549,0.17375413903955372,0.00054877257920421258,1000.29093643857,145.46821928502141,0.10000000000000001
708,0,1.8063246357222422,0.060111361561632777,0.17361841079695697,0.0013572822670986197,1000.8575418095776,428.77090478879154,0.10000000000000001
709,0,1.8168162341914251,0.060087041881684726,0.17339275192420361,-0.00023845578079646879,1000.0284810591186,14.240529559288007,0.10000000000000001
710,0,1.8264305219032093,0.060035672463572637,0.17380875012489996,-0.0010783188547900981,1000.7038814226524,351.94071132622184,0.10000000000000001
711,0,1.836945105032739,0.059980114784798269,0.17395568384732507,-0.0032664492972070986,999.71542039930864,-142.2898003456794,0.10000000000000001
712,0,1.8465507176193268,0.059737092005849785,0.17355852338675695,-0.0058651677166026818,1000.6708554039486,335.42770197431082,0.10000000000000001
713,0,1.8569735648654924,0.059665506433475415,0.17518028720542006,-0.0062324956519749794,999.59155077916512,-204.224610417441,0.10000000000000001
714,0,1.8663488905567813,0.059442555756451437,0.17125955732979664,-0.0056570129943698698,1000.6626811309363,331.34056546816737,0.10000000000000001
715,0,1.8771051335468576,0.059755939790157725,0.17763862270790934,-0.0039755184004948213,999.90675023339509,-46.62488330245651,0.10000000000000001
716,0,1.8846662352736328,0.060330886948524717,0.17021043806791838,0.0013368003662285808,1000.3377554941475,168.87774707373637,0.10000000000000001
717,0,1.9015152849951873,0.060904115553107895,0.17775255097749451,0.0064732145142279368,1000.0378341065605,18.917053280233631,0.10000000000000001
718,0,1.9015464420921488,0.061025466433401628,0.17774069391062156,0.0064430402232124864,1000.0378932129275,18.946606463771332,0.10000000000000001
719,0,1.9284178275141814,0.05581542634954699,0.16319543003658857,-0.0051872031428371324,1000.0877609380816,43.880469040800563,0.10000000000000001
720,0,1.9280136934254835,0.054552197316555522,0.16170165476962189,-0.0054254909037299336,1000.1046934588286,52.346729414296078,0.10000000000000001
721,0,1.945585940086928,0.062274239788411102,0.166552254091307,4.4472540874647754e-05,999.90094966919094,-49.52516540453189,0.10000000000000001
722,0,1.9577577768493881,0.063931500762627436,0.17273316147198148,-0.00032694849833379385,1000.0609616034119,30.480801705948579,0.10000000000000001
723,0,1.9580602184960829,0.063357384941215455,0.17281955652060163,-0.0006011653499823663,1000.0596199077103,29.809953855135518,0.10000000000000001
724,0,0.15695919695784319,0.071110931320914214,0.24552079071085647,-0.0084238109140570856,1000.1314889255111,65.744462755560562,0.10000000000000001
725,0,0.15718366437088277,0.074127837051931114,0.24755299709545803,-0.0061506375931101266,1000.1203146306689,60.157315334436134,0.10000000000000001
726,0,0.17199945846055692,0.068170042456164828,0.23925317134829263,0.0042908120309324812,999.98130807127325,-9.3459643633764244,0.10000000000000001
727,0,0.18425497825345255,0.065595911476165461,0.24727184495312121,-0.0017950456661355767,1000.13976753072,69.883765359975314,0.10000000000000001
728,0,0.18436177337568133,0.065952498986371982,0.24765168796205889,-0.0015932049556085621,1000.1422810239878,71.140511993917244,0.10000000000000001
729,0,0.21038064964592035,0.069683937570112778,0.2217422863187728,0.0044422810117496674,1000.291323552428,145.66177621401266,0.10000000000000001
730,0,0.21045001864436669,0.070058564810605781,0.22230176015732495,0.0047291238035334308,1000.2925073748971,146.2536874485636,0.10000000000000001
731,0,0.22536469938570891,0.070281033107664426,0.23345481761694459,0.0027582832984297347,999.73858698492268,-130.70650753866175,0.10000000000000001
732,0,0.23439911337498473,0.070268265572128424,0.22220906292865578,0.0038225882914822078,1000.4038307588895,201.91537944475613,0.10000000000000001
733,0,0.24527000709071245,0.070358101767828141,0.2362414047594143,-0.000133640565641434,999.89021189770153,-54.894051149233292,0.10000000000000001
734,0,0.25527695203970036,0.070333041007343791,0.22565808483031974,-0.0013725103414329559,1000.3741066214831,187.05331074153264,0.10000000000000001
735,0,0.26565185002708142,0.070187197377748367,0.23388402565921657,-0.0011043031400680271,1000.3247000031769,162.35000158843604,0.10000000000000001
736,0,0.27567237262937838,0.070227980301253379,0.22980141534163967,-0.00027256810897700895,1000.0074886356523,3.7443178261469257,0.10000000000000001
737,0,0.28600497755930021,0.070276304566777734,0.23014736813150199,2.462691357918104e-05,1000.4588388522203,229.4194261101552,0.10000000000000001
738,0,0.295858031791216,0.070218257879999302,0.23255571160001651,-3.2179057744734428e-05,1000.0092906893682,4.6453446840928336,0.10000000000000001
739,0,0.30627218509078125,0.070203279696592735,0.22911411552086958,0.00020431271927867658,1000.4064300006111,203.21500030553352,0.10000000000000001
740,0,0.31601322891442096,0.070143168939404435,0.23316923824456118,0.00039857805107305927,1000.1278698797272,63.934939863599993,0.10000000000000001
741,0,0.32643712943995834,0.070152894416643616,0.22927308439371166,0.00040238160373912341,1000.3561724082354,178.08620411767606,0.10000000000000001
742,0,0.33613478022847981,0.070094348158665359,0.23226326073749437,0.00025692046517167819,1000.3138979981787,156.94899908936577,0.10000000000000001
743,0,0.34652756316724598,0.070113456468722135,0.22983196739330339,0.0002401616253836278,1000.3188339645375,159.41698226873768,0.10000000000000001
744,0,0.35624079603058306,0.070074778141934593,0.23143047708397632,2.556427592848616e-05,1000.4395490752079,219.77453760393928,0.10000000000000001
745,0,0.36659948883170057,0.070089388943112452,0.22969412887526594,4.1036760616814241e-05,1000.3797614807469,189.88074037343949,0.10000000000000001
746,0,0.37633436430604705,0.070068422743955583,0.23091838538488696,-1.82172086223429e-05,1000.564930791096,282.46539554800165,0.10000000000000001
747,0,0.38665265620040518,0.070065797858204909,0.22942948429522575,2.1206466948487821e-05,1000.48835780655,244.17890327498526,0.10000000000000001
748,0,0.3964214542556867,0.07005705154283523,0.23024952406260144,6.1650341953126508e-05,1000.708764024057,354.38201202850905,0.10000000000000001
749,0,0.4066935488093037,0.070054720697010173,0.22948748212623749,4.0666276249985533e-05,1000.5997693589679,299.88467948396647,0.10000000000000001
750,0,0.41650369588984165,0.070050128431383057,0.22955348352107754,0.0001084228752989116,1000.866220254926,433.11012746301003,0.10000000000000001
751,0,0.42672785260321661,0.07004745316581136,0.22955918237464143,8.289704778931324e-05,1000.7386876151645,369.34380758225416,0.10000000000000001
752,0,0.43658143663460269,0.070039557983147302,0.22926570926366061,0.00016810335618938394,1001.0170665428576,508.53327142880289,0.10000000000000001
753,0,0.44675814668239089,0.070034808800427492,0.22950930719823698,0.00013318228867428166,1000.9168474136919,458.4237068459629,0.10000000000000001
754,0,0.45664787310099891,0.07002956866901508,0.22924021634052202,0.00024171218032086731,1001.1657097959738,582.8548979869197,0.10000000000000001
755,0,0.4667865839545049,0.070024130068497267,0.22954221395066335,0.00017456587543733128,1001.1029616086646,551.48080433230007,0.10000000000000001
756,0,0.47670239653280005,0.07002153130531738,0.22924017931236476,0.00029024243928499962,1001.3138650139074,656.93250695369443,0.10000000000000001
757,0,0.48681370145343711,0.070019169679834334,0.22958448030862966,0.00018628411093363765,1001.278743767571,639.37188378548626,0.10000000000000001
758,0,0.49674988065428938,0.070016724972280342,0.22923524028161657,0.00026956144133796794,1001.4531030546202,726.5515273101073,0.10000000000000001
759,0,0.50684032307001825,0.07001683369544677,0.22939253143504088,0.00016196002127032911,1001.441091469729,720.54573486451545,0.10000000000000001
760,0,0.5167909502657676,0.070013848850133176,0.22910484325730374,0.00020959325628149543,1001.5774245123287,788.71225616433094,0.10000000000000001
761,0,0.52686680987894352,0.070015438709453232,0.22890357297801336,9.6774311950079218e-05,1001.5808164243359,790.40821216796076,0.10000000000000001
762,0,0.53682651566356554,0.070012467111628937,0.22860189577963363,0.00011387212510553449,1001.6873855255279,843.69276276396477,0.10000000000000001
763,0,0.54689219602508055,0.070014313463185984,0.22810813314170519,9.8235784433989916e-06,1001.6922214791265,846.1107395632439,0.10000000000000001
764,0,0.55685872249924606,0.070012641577124793,0.22764935387560364,9.0822079554994955e-06,1001.7798257710177,889.91288550886338,0.10000000000000001
765,0,0.56691610916483937,0.070013558885100288,0.22692721902419072,-8.6815734449719305e-05,1001.7798240086034,889.91200430172057,0.10000000000000001
766,0,0.57688896543491863,0.070013408516835254,0.22631035626439999,-8.3203807675949934e-05,1001.8524760353569,926.23801767842906,0.10000000000000001
767,0,0.58693902210359283,0.070013315754403865,0.22539749877427936,-0.00016028900698354,1001.8475204150554,923.76020752772092,0.10000000000000001
768,0,0.59691766232067112,0.070014386205028936,0.22465204020000373,-0.00014227767363468491,1001.9090819830099,954.54099150492766,0.10000000000000001
769,0,0.60696138207041073,0.070013405347664093,0.2236719529601793,-0.00019048661682910737,1001.8989672492385,949.48362461923352,0.10000000000000001
770,0,0.61694525850128479,0.07001530583435514,0.22282490222289061,-0.00015575864317873421,1001.9531994574521,976.59972872605749,0.10000000000000001
771,0,0.62698330521754386,0.07001393391015226,0.22190284277184294,-0.00017174842951927342,1001.9403876564728,970.19382823640399,0.10000000000000001
772,0,0.63697215048167988,0.070015874372338721,0.22105233132675267,-0.00011729878948522515,1001.9880173424506,994.0086712252878,0.10000000000000001
773,0,0.64700493231520129,0.070014783820363732,0.22025334336956365,-0.00010880958858356736,1001.9766743236048,988.33716180240572,0.10000000000000001
774,0,0.65699837925355187,0.07001621741343883,0.21952807768630625,-3.5217497169920818e-05,1002.0177900362125,1008.8950181062728,0.10000000000000001
775,0,0.66702652397814322,0.070015680778763786,0.21890397025646799,-7.9845537880014521e-06,1002.0098343726669,1004.9171863334436,0.10000000000000001
776,0,0.67702389964861343,0.070016647900153758,0.21837986874936102,7.4385706597936439e-05,1002.045881074735,1022.9405373675036,0.10000000000000001
777,0,0.68704826531556107,0.070016396007763645,0.21798888766716393,0.0001146664789262176,1002.0406719966865,1020.3359983432279,0.10000000000000001
778,0,0.69704870429114396,0.070017188541393272,0.21768544747000029,0.00019324780561484273,1002.0727880069528,1036.3940034764028,0.10000000000000001
779,0,0.70707012830614846,0.070016985035624646,0.21754651917757459,0.00023572856378441441,1002.0694904669597,1034.745233479839,0.10000000000000001
780,0,0.71707294959060619,0.070017714071013287,0.21746174632916143,0.00030375252001942435,1002.0971318874913,1048.5659437456434,0.10000000000000001
781,0,0.72709196968333323,0.070017603379949514,0.21753719906945113,0.00033743010455268416,1002.0952018472428,1047.6009236214168,0.10000000000000001
782,0,0.73709678316923855,0.07001823460480136,0.21764273118141181,0.00038777682938114904,1002.1173633439045,1058.681671952229,0.10000000000000001
783,0,0.74711379420588198,0.070018174706030348,0.21786939414065618,0.00040671789310896668,1002.1156531047933,1057.8265523966479,0.10000000000000001
784,0,0.75712027740300092,0.070018695100995398,0.21810154414024199,0.00043550503151259612,1002.1319330143284,1065.9665071642053,0.10000000000000001
785,0,0.76713569125266512,0.070018508192874723,0.21840876746751273,0.00043648620096766827,1002.1290743987406,1064.5371993703066,0.10000000000000001
786,0,0.77714345427170861,0.070018877230582116,0.218691670016674,0.00044472115508459298,1002.1393710046357,1069.6855023178387,0.10000000000000001
787,0,0.78715767346856291,0.070018654089364307,0.21900721517417604,0.00043022791075869262,1002.1345346743303,1067.2673371651626,0.10000000000000001
788,0,0.7971663992224054,0.070018890240624077,0.2192723642500515,0.00042180672408176779,1002.1390996997886,1069.5498498943152,0.10000000000000001
789,0,0.80717975883631632,0.070018730952778899,0.21953624408544831,0.00039755577412406461,1002.1320552601287,1066.0276300643545,0.10000000000000001
790,0,0.81718929890908698,0.0700189056471371,0.21973516655706099,0.00037964216182518077,1002.131680807101,1065.84040355051,0.10000000000000001
791,0,0.82720208885831847,0.070018823537808944,0.21990997046691438,0.00035194039630515446,1002.1228270433376,1061.4135216687828,0.10000000000000001
792,0,0.83721230364734123,0.070018898096431803,0.22001712305483354,0.00033171550516113125,1002.1189296661155,1059.4648330577456,0.10000000000000001
793,0,0.84722471458808779,0.070018719706662333,0.22009410639057742,0.00030700256231531043,1002.1092102443198,1054.6051221598987,0.10000000000000001
794,0,0.85723542788789409,0.070018612265880978,0.22010953829086385,0.00029073721295074146,1002.1036281740838,1051.8140870419188,0.10000000000000001
795,0,0.86724756860487606,0.070018277768064838,0.22010207609046473,0.00027418210391190229,1002.0945573139581,1047.2786569790742,0.10000000000000001
796,0,0.87725855875724179,0.070017993434833961,0.22004998967385023,0.00026633237717562665,1002.0892157811063,1044.6078905531522,0.10000000000000001
797,0,0.88727047217631683,0.07001752078073667,0.21998794625656926,0.00026059950495404416,1002.082502328666,1041.2511643330049,0.10000000000000001
798,0,0.89728156661421288,0.07001704643210814,0.21990520680357664,0.00026279511300270823,1002.0792998444081,1039.6499222040347,0.10000000000000001
799,0,0.90729318576843077,0.070016399255879866,0.21982854195119653,0.00026801445888218682,1002.0762668036411,1038.1334018205735,0.10000000000000001
800,0,0.91730419857355117,0.070015715990121921,0.21975393165397364,0.00027981702479647224,1002.0767144485022,1038.357224251115,0.10000000000000001
801,0,0.92731539437954957,0.070014874071425828,0.21970245420658716,0.00029489404156363331,1002.0781306162048,1039.0653081024084,0.10000000000000001
802,0,0.93732611989841219,0.070013954650732013,0.21967067535969639,0.00031489092034956177,1002.0828295644666,1041.4147822332893,0.10000000000000001
803,0,0.94733673322891665,0.070012868253311586,0.21967392313262474,0.00033749062958510662,1002.0887204682349,1044.3602341174483,0.10000000000000001
804,0,0.95734693590619757,0.070011665314989063,0.21970936873410288,0.00036272241459296537,1002.0973442680128,1048.6721340063809,0.10000000000000001
805,0,0.96735679337970315,0.070010304083984606,0.21978340337520447,0.00038891341501485506,1002.1069068588642,1053.4534294321247,0.10000000000000001
806,0,0.97736623024276104,0.070008778816534584,0.21989290608598785,0.0004148115591635198,1002.1183195554891,1059.1597777445259,0.10000000000000001
807,0,0.9873751445808544,0.07000712557257216,0.22003869798140713,0.00043973436049519891,1002.1302235966651,1065.1117983325662,0.10000000000000001
808,0,0.99738360289436201,0.070005369936715772,0.22021194817189507,0.00046225783084848359,1002.1427631024728,1071.3815512364135,0.10000000000000001
809,0,1.0073915141355392,0.070003641389274493,0.22041521520303325,0.00048202286341389011,1002.1554629170487,1077.7314585243403,0.10000000000000001
810,0,1.0173989258584071,0.070001971497467813,0.22062996242057459,0.00049863921143724255,1002.1674149296058,1083.7074648028988,0.10000000000000001
811,0,1.0274059265487039,0.070000358956433972,0.22086386919948847,0.00051024001524892833,1002.1794194391811,1089.7097195905303,0.10000000000000001
812,0,1.0374123125210102,0.069998773113457133,0.22109276891674812,0.0005180922115953137,1002.1894103791839,1094.7051895919344,0.10000000000000001
813,0,1.0474184640369451,0.069997054356391419,0.22132289347429102,0.00051825918651633935,1002.1993259150477,1099.662957523833,0.10000000000000001
814,0,1.0574238397277742,0.069995291941027285,0.22153771816127907,0.00051498891979905698,1002.2067374625894,1103.3687312947222,0.10000000000000001
815,0,1.0674290482299724,0.069993284646098844,0.22173072535883123,0.00050349638239947545,1002.2133471658631,1106.6735829315348,0.10000000000000001
816,0,1.0774334545956084,0.069991285219610594,0.22190467418348483,0.00048982436984988415,1002.2182584826032,1109.1292413016163,0.10000000000000001
817,0,1.087437546165259,0.069989128760268721,0.22203285966238276,0.00047053337479586549,1002.2208578047109,1110.4289023554657,0.10000000000000001
818,0,1.0974411594173459,0.069987104516582299,0.22214321437894707,0.00044938890920990534,1002.2238109723403,1111.9054861701443,0.10000000000000001
819,0,1.1074440869507893,0.069985213107681271,0.22218786217451417,0.00042784237851464161,1002.222599561734,1111.2997808670002,0.10000000000000001
820,0,1.1174471959385703,0.069983436532871535,0.22221096603756965,0.00040174887737512373,1002.2241310821091,1112.0655410545623,0.10000000000000001
821,0,1.1274491150166455,0.069982027066319549,0.22216482356477604,0.00038245380425274431,1002.2207375245875,1110.3687622937741,0.10000000000000001
822,0,1.1374518477325413,0.069980423930357763,0.22207733863370918,0.0003545690375435362,1002.2209909276193,1110.4954638096274,0.10000000000000001
823,0,1.1474530763563431,0.069979330664374603,0.22193846345656301,0.00033991267007876477,1002.2182888893277,1109.1444446638548,0.10000000000000001
824,0,1.1574552291161642,0.0699778347463023,0.2217280278027306,0.00031538210060264634,1002.2172359467027,1108.6179733513291,0.10000000000000001
825,0,1.1674562313791297,0.069976929896784654,0.22149734193297702,0.00030651172591432987,1002.2183954662514,1109.1977331257112,0.10000000000000001
826,0,1.1774573796347509,0.069975747583028769,0.22117020265984838,0.00029249085257739189,1002.2163293033854,1108.1646516926753,0.10000000000000001
827,0,1.187458637383362,0.069974912604660336,0.22085262641263056,0.00028641620383252871,1002.2233090136335,1111.6545068167625,0.10000000000000001
828,0,1.1974584902869174,0.069974326556659333,0.22044049909642255,0.00028819281175680272,1002.2216490643823,1110.8245321911454,0.10000000000000001
829,0,1.2074602277738129,0.069973520160575356,0.22004368854707596,0.00028005379294885208,1002.233578183608,1116.7890918039802,0.10000000000000001
830,0,1.2174590504587328,0.069973796690191867,0.21959930619271376,0.0002982262724650127,1002.2352864533896,1117.6432266947813,0.10000000000000001
831,0,1.2274609677186947,0.069973102153230826,0.21914208668098403,0.00028414292196336701,1002.2482999136669,1124.1499568334348,0.10000000000000001
832,0,1.2374597263342419,0.069974164955652729,0.21872210833367839,0.00031223232264770121,1002.2571702215488,1128.5851107743952,0.10000000000000001
833,0,1.2474609183593319,0.069973772669977702,0.21823720374194974,0.00029495983347359203,1002.2657648417968,1132.8824208983974,0.10000000000000001
834,0,1.2574610217654913,0.069975172066526412,0.21788131454560497,0.00031979477808473188,1002.2845216588108,1142.2608294054157,0.10000000000000001
835,0,1.2674603657316059,0.069975434946317167,0.2174231678546884,0.00030970976838919041,1002.2846647182214,1142.3323591106964,0.10000000000000001
836,0,1.2774630526271438,0.069976494297264519,0.21713504610442461,0.00031904060092338834,1002.3119079134772,1155.9539567385855,0.10000000000000001
837,0,1.2874599169968459,0.069977840405196751,0.21676425813788361,0.00033211123289933708,1002.3035249195535,1151.7624597767622,0.10000000000000001
838,0,1.2974655449894235,0.069978158762751874,0.21652149954756297,0.00031530099232827973,1002.3325701750771,1166.2850875385402,0.10000000000000001
839,0,1.3074605626852458,0.069980817735797674,0.2162754979279766,0.00035788324781615733,1002.3204895879753,1160.2447939876583,0.10000000000000001
840,0,1.3174682006969842,0.069980514591488019,0.21603871007347153,0.00030942313949309066,1002.341040533385,1170.5202666925061,0.10000000000000001
841,0,1.3274632760595666,0.069983956168374856,0.21590322055243688,0.00036564212563911435,1002.333851018547,1166.9255092734829,0.10000000000000001
842,0,1.3374708285711652,0.069983474340346311,0.2156308130109286,0.00029230048460024622,1002.3367263322622,1168.3631661310869,0.10000000000000001
843,0,1.347468385921629,0.069986328536950512,0.21552540482259697,0.00033743939911535625,1002.3423439559647,1171.1719779823397,0.10000000000000001
844,0,1.3574735579390054,0.069986438307407181,0.21519842636457073,0.00027188166038315454,1002.3246795174233,1162.3397587116528,0.10000000000000001
845,0,1.36747511540721,0.069987398698934916,0.21499621212224063,0.00029147182673063086,1002.3430406271883,1171.5203135941579,0.10000000000000001
846,0,1.3774770613394218,0.069989077728315169,0.21461463038797332,0.00027252552176924123,1002.3101560299883,1155.0780149941602,0.10000000000000001
847,0,1.3874821065272742,0.069987814400155141,0.214192300012717,0.00025449627791218914,1002.329649284273,1164.8246421365229,0.10000000000000001
848,0,1.3974826652162584,0.069991913817580034,0.21375484241044446,0.00028338237095743842,1002.2951355641826,1147.5677820913006,0.10000000000000001
849,0,1.4074883787608985,0.069988926416450797,0.213025309877244,0.0001942113199648238,1002.2969892492647,1148.4946246323489,0.10000000000000001
850,0,1.4174916734156815,0.069994892382929122,0.21246437080357791,0.00021565989903642345,1002.2793343301652,1139.6671650825851,0.10000000000000001
851,0,1.4274935323320856,0.069991071165414531,0.21142135071080881,5.0044500174954403e-05,1002.2500265304442,1125.0132652220941,0.10000000000000001
852,0,1.4375043084958405,0.069996789929318529,0.21062777240788819,2.4920806686312162e-05,1002.2650930413395,1132.5465206697345,0.10000000000000001
853,0,1.4474976503248611,0.069993366366886384,0.20933832884092371,-0.00014487813072221425,1002.20263548772,1101.3177438600223,0.10000000000000001
854,0,1.4575195931188569,0.069997017969671546,0.20822065249141272,-0.00016789194230805215,1002.2504726960973,1125.2363480486451,0.10000000000000001
855,0,1.467501918480751,0.06999553276491921,0.20684162031976977,-0.00022082835464569956,1002.1630635599663,1081.5317799831519,0.10000000000000001
856,0,1.477536258283318,0.06999651454031186,0.20541263407644156,-0.00020574153392672977,1002.2237278507043,1111.8639253521678,0.10000000000000001
857,0,1.4875085936589281,0.069997922586072875,0.20408640961404206,-0.00011723929247870331,1002.1254051017797,1062.7025508898669,0.10000000000000001
858,0,1.4975524468942467,0.069995913954420952,0.20240871023171295,-0.00013044026797339299,1002.1676913808246,1083.8456904123177,0.10000000000000001
859,0,1.5075191959859404,0.069999609626144335,0.20121994365790832,-1.6669062028064284e-05,1002.0833063353266,1041.6531676632985,0.10000000000000001
860,0,1.5175656090758805,0.069995649888014613,0.19937649801455509,-0.00014219950787717968,1002.0836015129686,1041.8007564842924,0.10000000000000001
861,0,1.527533246476469,0.070000861727696637,0.19827343914546125,-8.5780363333826887e-05,1002.0350329597243,1017.5164798621381,0.10000000000000001
862,0,1.5375762533328368,0.06999813028474694,0.19644010776690285,-0.0002416948255673107,1001.9939227838248,996.96139191240718,0.10000000000000001
863,0,1.547551063683549,0.070004443528986354,0.19528697182585592,-0.00014080680214126096,1001.9790879028731,989.54395143653073,0.10000000000000001
864,0,1.557590145267356,0.070005342773851745,0.1937294875309426,-0.00015036307657388765,1001.9138391155358,956.91955776788973,0.10000000000000001
865,0,1.567574948665466,0.0700094992004891,0.19251528205535667,7.8412603108573886e-05,1001.9046609070348,952.33045351739065,0.10000000000000001
866,0,1.5776134091607896,0.070012787936805543,0.19136134707979027,0.00025297047706438174,1001.8295449916042,914.77249580208309,0.10000000000000001
867,0,1.5876009345172777,0.070008966827399779,0.19018741140123699,0.00043367491459220004,1001.7899877174947,894.99385874734116,0.10000000000000001
868,0,1.5976446254494503,0.070013596251911073,0.18941879214586343,0.00058849348562249354,1001.7303142390977,865.1571195488259,0.10000000000000001
869,0,1.6076183388339977,0.070003585196093093,0.18825910729620035,0.00050699221392029863,1001.6350621147757,817.53105738783916,0.10000000000000001
870,0,1.6176779788188003,0.070013165881526118,0.18768718844552471,0.00051028983683461336,1001.6185029266097,809.25146330486086,0.10000000000000001
871,0,1.6276269067888265,0.070008981443390822,0.18662368733824641,0.00022092167240273639,1001.4707112965045,735.35564825226629,0.10000000000000001
872,0,1.637718784800144,0.070026320385505464,0.18592887728472796,0.00028023625173115871,1001.501332467826,750.66623391302301,0.10000000000000001
873,0,1.6476435411131334,0.070031129442554477,0.18521638048226699,8.8267154848838911e-05,1001.3167313934337,658.3656967168281,0.10000000000000001
874,0,1.6577796154957292,0.070044075413346077,0.18428108387219641,0.00036635548567071899,1001.3806425476592,690.32127382962472,0.10000000000000001
875,0,1.6676772306654926,0.070043787412803593,0.1838910508667651,0.00040103829271630317,1001.1633282488328,581.66412441642024,0.10000000000000001
876,0,1.6778453323767444,0.070040109702363157,0.18293944983008659,0.00069397518475373238,1001.2521215398513,626.06076992562976,0.10000000000000001
877,0,1.6877123236322613,0.07003002817893246,0.18276512789047855,0.00080014146815935653,1001.0277437185214,513.87185926068923,0.10000000000000001
878,0,1.6978864295803946,0.070028991750411773,0.18167207658820947,0.00086257780720003338,1001.1030530483698,551.52652418490788,0.10000000000000001
879,0,1.7077404400369813,0.070023987561355167,0.18189475922054463,0.0011131788047446202,1000.9122629431199,456.13147155995648,0.10000000000000001
880,0,1.7179200965467212,0.07004671451017995,0.18050889159630398,0.0010395747047220627,1000.9263270824626,463.16354123132442,0.10000000000000001
881,0,1.7277813780197839,0.070052875850347668,0.18116661792507804,0.0013305315893932181,1000.7795743754134,389.78718770670184,0.10000000000000001
882,0,1.7379818484038598,0.070083466850695497,0.1795448291425453,0.0011671303732913956,1000.710887849133,355.44392456648666,0.10000000000000001
883,0,1.7478396403304481,0.070082280355363888,0.18034309179366462,0.0013979280770884271,1000.6184821508584,309.2410754292132,0.10000000000000001
884,0,1.7580584811889157,0.070093358549416604,0.17876401871954672,0.0010811180777477649,1000.480648083247,240.3240416235235,0.10000000000000001
885,0,1.7679008499051392,0.070084456187381905,0.17946496817131846,0.0011533504290585587,1000.4581175865623,229.05879328112633,0.10000000000000001
886,0,1.7781457842054824,0.070097400013911348,0.17793471569068139,0.00043254628800259949,1000.3231068416173,161.55342080867285,0.10000000000000001
887,0,1.7879875128142206,0.070066871860225879,0.17896684739641538,0.00034529718609512661,1000.3573343876457,178.66719382283236,0.10000000000000001
888,0,1.7982442450471727,0.070067638866868107,0.17670033054410519,-0.00045171419316889302,1000.2253496721431,112.67483607156237,0.10000000000000001
889,0,1.8081380927973183,0.06996706407739571,0.17945957163067122,-0.0011116227214119027,1000.4589946396088,229.49731980440902,0.10000000000000001
890,0,1.81830804158763,0.069983263439703125,0.17535978936659238,-0.0015134357443722113,1000.1054228035223,52.711401761143861,0.10000000000000001
891,0,1.8283465821327609,0.069781375233264373,0.17928047416766976,-0.0028584440346931211,1000.7291665490825,364.58327454124628,0.10000000000000001
892,0,1.8382923463632979,0.069834071365693584,0.17496207492250576,-0.0026418357942537846,999.99065110962727,-4.674445186367393,0.10000000000000001
893,0,1.8484888099308641,0.069517655014409957,0.1763291176300241,-0.0040341961178057334,1000.8893589624998,444.67948124992063,0.10000000000000001
894,0,1.8583610444934757,0.069724537314547474,0.17592894030165393,-0.0041446080294834479,999.87909300462707,-60.453497686467017,0.10000000000000001
895,0,1.8680960855941364,0.069588812640596048,0.17044264208627558,-0.0032123763309000537,1000.4974164141607,248.70820708036945,0.10000000000000001
896,0,1.8787632278540844,0.069909302111112251,0.17648745847386391,-0.0024818540181373639,999.81327734268393,-93.361328658033926,0.10000000000000001
897,0,1.8874306582552127,0.070345083667266578,0.16813059825106935,0.0015944361034295885,1000.1488534388787,74.426719439372846,0.10000000000000001
898,0,1.9030028890869888,0.070239380095516252,0.17648852280509381,0.0053544409260514068,1000.0512744159512,25.637207975591991,0.10000000000000001
899,0,1.9029819988545484,0.069889152136866209,0.17654917412637866,0.0053630492408398237,1000.0514704160483,25.735208024173062,0.10000000000000001
900,0,1.9293403626785133,0.065152918815173128,0.17356824321021269,-0.0032786514923603001,1000.0201313908428,10.065695421417331,0.10000000000000001
901,0,1.9293457163001599,0.06480084329799389,0.1732756648445023,-0.003398636931413753,1000.0216216424571,10.810821228574241,0.10000000000000001
902,0,1.9403783297215311,0.067364247227852586,0.17318240230651183,0.00095227338755491287,999.91141436950113,-44.292815249434625,0.10000000000000001
903,0,1.9569855058675181,0.07475460789545281,0.17584686096250352,0.0015329358905040295,1000.035371423936,17.685711967999396,0.10000000000000001
904,0,1.9565180039729755,0.071932233248415578,0.1738187355009444,0.0003363403750310627,1000.0764714798045,38.235739902233945,0.10000000000000001
905,0,0.15727082457958624,0.082058773509513128,0.25175782588350232,-0.0019729815563283666,1000.0474549719273,23.727485963661366,0.10000000000000001
906,0,0.15732789950389978,0.082754407884247996,0.25212403977541525,-0.0018121696715819881,1000.043477117233,21.738558616505088,0.10000000000000001
907,0,0.17542169513271105,0.079852341409733546,0.24252714957195895,0.0011130732974513986,999.94465414815681,-27.67292592159265,0.10000000000000001
908,0,0.18613152862589896,0.077631292913348998,0.2496683377105762,0.0015999149329953772,1000.102279026127,51.139513063503728,0.10000000000000001
909,0,0.18605807816387704,0.076953704189131528,0.24970211734657485,0.0009683503357775377,1000.1066715991361,53.335799568060338,0.10000000000000001
910,0,0.21182964786193764,0.079938090699126774,0.23034230043048398,0.0028169363802505315,1000.2949412615394,147.47063076970335,0.10000000000000001
911,0,0.21184809179231368,0.080144934319868161,0.23044304006226646,0.0030077798340428321,1000.2943203878483,147.16019392415092,0.10000000000000001
912,0,0.22656920245057016,0.080241066271585823,0.24036626008170101,0.0012496826429849431,999.84635916557988,-76.820417210058167,0.10000000000000001
913,0,0.23565584920608118,0.080196804865516003,0.22845307171474255,0.0018058446548194383,1000.2790300170287,139.51500851436549,0.10000000000000001
914,0,0.24627844854628012,0.080200120531777649,0.24053096798575085,0.00057310870946805463,1000.0996684405428,49.834220271407048,0.10000000000000001
915,0,0.25611046760666989,0.080066976824218455,0.23139175823110064,0.0019017743303653676,1000.0799553043128,39.977652156380827,0.10000000000000001
916,0,0.26642564879350328,0.080281190247875597,0.23829268189614053,0.0012498875727932788,1000.1933473881434,96.673694071682803,0.10000000000000001
917,0,0.27636491976246658,0.080120938072307385,0.234372723188776,-0.00014816836608430502,999.96765807443364,-16.170962783178311,0.10000000000000001
918,0,0.28669525363973131,0.080190639999163066,0.23577200780963933,0.00034953909052817778,1000.407066835417,203.5334177085133,0.10000000000000001
919,0,0.29662398549568869,0.080063266828722779,0.23698658621253116,0.00063974384084451578,999.98720622171822,-6.3968891408876516,0.10000000000000001
920,0,0.30694975772678568,0.080180755693243774,0.23424839362962008,0.0006135470970284212,1000.4890978709367,244.54893546834455,0.10000000000000001
921,0,0.31680755818135015,0.080038538472453832,0.23777594776628813,0.00018297778190708286,1000.0757283355014,37.864167750683464,0.10000000000000001
922,0,0.32715244613824113,0.080151789888609576,0.23440302040560543,0.00020124191804139692,1000.4230033012416,211.50165062078941,0.10000000000000001
923,0,0.33694698271150841,0.080034123605996155,0.23723777646367578,0.00020473209347658582,1000.2457260070411,122.86300352053559,0.10000000000000001
924,0,0.34729693948309126,0.080104453578231538,0.23478117402772014,0.00015294528420792481,1000.3989626042802,199.48130214010007,0.10000000000000001
925,0,0.35705612292219158,0.080029336135113344,0.23646263403071757,0.00010745552485710573,1000.4205799381716,210.28996908580666,0.10000000000000001
926,0,0.3673964301014353,0.080083440806115111,0.23467706492181178,0.00010271263299522335,1000.4283532776258,214.17663881288718,0.10000000000000001
927,0,0.37716891421828752,0.08003350985552822,0.23603457637140088,6.4695872405686039e-05,1000.5510717749165,275.53588745826119,0.10000000000000001
928,0,0.3874677688020558,0.080067472209256946,0.23432194989702188,7.6900514561566315e-05,1000.5010156306141,250.5078153070599,0.10000000000000001
929,0,0.39727789407632358,0.080033427606511623,0.23542185366461948,1.2557691209561327e-05,1000.6959563577569,347.9781788784635,0.10000000000000001
930,0,0.4075274320439462,0.080052030301335869,0.23431906552534046,4.6621230572456134e-05,1000.6148396189473,307.4198094736289,0.10000000000000001
931,0,0.41737525547817361,0.080030584530205395,0.23473002625021172,3.2040501404640374e-05,1000.8625304173494,431.26520867468798,0.10000000000000001
932,0,0.42758339000698165,0.080039300933085936,0.23442420781200904,4.8266152943628758e-05,1000.7643777501528,382.18887507639465,0.10000000000000001
933,0,0.43745690972363238,0.080026067127009423,0.23433731544773959,4.4820706698017875e-05,1001.024591073207,512.29553660351712,0.10000000000000001
934,0,0.44763495853088958,0.080028326072378739,0.23445217994098863,2.3388047461992107e-05,1000.932203090161,466.10154508050528,0.10000000000000001
935,0,0.45752668027506838,0.08002037142700745,0.23420762984959037,4.4620361859757649e-05,1001.1800064541217,590.00322706083352,0.10000000000000001
936,0,0.46767732051288791,0.080020889423885661,0.23452107673734746,-1.9292579148422031e-06,1001.1062784632734,553.13923163669187,0.10000000000000001
937,0,0.47758898901850327,0.080014565187826375,0.23412422210214737,3.2035227399014509e-05,1001.3316218580571,665.81092902856653,0.10000000000000001
938,0,0.48771160648353401,0.080015362912521606,0.23454191826265264,-2.7188924388802152e-05,1001.2808909225013,640.44546125063562,0.10000000000000001
939,0,0.49764399588198488,0.080012005961227123,0.23405080053346353,1.1320612507931316e-05,1001.4695524617181,734.77623085904042,0.10000000000000001
940,0,0.50774218799791559,0.080011751276058501,0.23429791776476161,-6.2138360542860128e-05,1001.4455084071951,722.75420359756026,0.10000000000000001
941,0,0.51769154410968199,0.08001083635522413,0.2338700390220407,-3.1627001333994486e-05,1001.5901240642853,795.0620321426527,0.10000000000000001
942,0,0.5277718715634141,0.080009944096290184,0.23372211453363417,-0.00010771415582248242,1001.58795186085,793.97593042500603,0.10000000000000001
943,0,0.53773240955450974,0.080009555290802115,0.23333586722352759,-9.4292705909939834e-05,1001.6967800961127,848.39004805633067,0.10000000000000001
944,0,0.54780116548576063,0.080009606992839946,0.23284903466176507,-0.00015850333959557234,1001.7005108321032,850.2554160515956,0.10000000000000001
945,0,0.55776847123183526,0.08000872981212756,0.23233667835356717,-0.00015851484078377713,1001.7883751281576,894.18756407877709,0.10000000000000001
946,0,0.5678297786837776,0.080009400627464519,0.23161487155067376,-0.00020854887360807222,1001.7873950259217,893.69751296084132,0.10000000000000001
947,0,0.57780172212218506,0.08000910356940058,0.23095131034075275,-0.00020719571331569768,1001.8610681279679,930.53406398394145,0.10000000000000001
948,0,0.58785743722903783,0.080009209160632005,0.23004007829017453,-0.00024993124078473493,1001.8539456832676,926.97284163381255,0.10000000000000001
949,0,0.59783374468863337,0.08000971217212402,0.22926279749648526,-0.00023513927954238589,1001.9174798522558,958.73992612791881,0.10000000000000001
950,0,0.60788398921997144,0.080009523413751921,0.22827578944877205,-0.00026517798804702225,1001.9046278304578,952.31391522889908,0.10000000000000001
951,0,0.61786551378488264,0.08001010602360964,0.22740865133100624,-0.00024138077278999017,1001.9620111824499,981.00559122497089,0.10000000000000001
952,0,0.62790959420909553,0.080009998649043401,0.22648657334818897,-0.00025182832368199711,1001.945472257383,972.73612869150838,0.10000000000000001
953,0,0.63789711528336046,0.080010563421718167,0.22560618553018152,-0.00022025092094066009,1001.9975870318295,998.79351591476961,0.10000000000000001
954,0,0.64793489066000898,0.080010383100177301,0.22482092226928005,-0.00021735153362598938,1001.9821357277949,991.06786389745594,0.10000000000000001
955,0,0.657928191629226,0.080011038349387886,0.22406281121128632,-0.00017582682241048725,1002.0274199544748,1013.7099772373972,0.10000000000000001
956,0,0.66796048357693594,0.080010789217988015,0.22344527930820315,-0.0001652092312820252,1002.0165404730844,1008.2702365422165,0.10000000000000001
957,0,0.67795843230410457,0.080011495070925753,0.22290024846188294,-0.00011976726590125064,1002.0552107233716,1027.6053616858007,0.10000000000000001
958,0,0.68798655721241397,0.080011221093875082,0.22249905759834893,-0.00010277670042453592,1002.0484517338241,1024.2258669120474,0.10000000000000001
959,0,0.69798800189086008,0.080011895642001701,0.22218069880644356,-6.0667483761683463e-05,1002.082188193348,1041.0940966739872,0.10000000000000001
960,0,0.70801290040638221,0.080011670236370305,0.22202450430583348,-4.198979923740756e-05,1002.0776687468872,1038.8343734435921,0.10000000000000001
961,0,0.71801712007592178,0.08001225058461274,0.22191946472387408,-6.5695876776573804e-06,1002.1067521758263,1053.3760879131364,0.10000000000000001
962,0,0.72803942682419387,0.080012174915513781,0.22197510314319252,8.2095794661558235e-06,1002.1034712006598,1051.7356003298914,0.10000000000000001
963,0,0.73804592400357028,0.080012604730880912,0.22205369320865143,3.4362769494843198e-05,1002.1269943232566,1063.4971616282769,0.10000000000000001
964,0,0.7480662132476763,0.080012626431832226,0.22225829146998166,4.1758514733257491e-05,1002.1238636946867,1061.9318473433736,0.10000000000000001
965,0,0.75807452114580531,0.080012948766314929,0.22245808607500878,5.741416967847879e-05,1002.1413256823483,1070.662841174169,0.10000000000000001
966,0,0.76809316868939326,0.080012873016653566,0.22274120018946517,5.6090400377605527e-05,1002.1371068199379,1068.5534099689562,0.10000000000000001
967,0,0.77810293629826699,0.080013113107200343,0.22298940720494026,6.1068236287716639e-05,1002.1482945272792,1074.1472636395883,0.10000000000000001
968,0,0.78812022542724802,0.080013000408538676,0.22327896897983815,5.2313838212920479e-05,1002.1422815988697,1071.1407994348292,0.10000000000000001
969,0,0.79813117933308808,0.080013153118438429,0.2235097588950096,4.8372107703991928e-05,1002.1474590319418,1073.7295159709106,0.10000000000000001
970,0,0.80814743393830157,0.080013073697310741,0.22374762559129155,3.4843965543623758e-05,1002.1394600745,1069.7300372499967,0.10000000000000001
971,0,0.81815933510047356,0.080013172407206679,0.22391361331207713,2.5238368775776837e-05,1002.1395426856598,1069.7713428298812,0.10000000000000001
972,0,0.82817494541454839,0.080013142031142764,0.22406366080103551,9.7707554846562722e-06,1002.1300160814412,1065.0080407206133,0.10000000000000001
973,0,0.8381876020046255,0.080013178889478426,0.22414157448085192,-1.496418152060432e-06,1002.1265075596637,1063.2537798318253,0.10000000000000001
974,0,0.84820278307001518,0.080013045554965398,0.22419549993983051,-1.6301825282929179e-05,1002.1164449326611,1058.2224663305624,0.10000000000000001
975,0,0.85821594657542577,0.080012977688208961,0.22418576725596334,-2.6750144397453724e-05,1002.1112756623254,1055.6378311626986,0.10000000000000001
976,0,0.8682307765606101,0.080012731799793707,0.22415796639043903,-3.8470924950896856e-05,1002.1021282675991,1051.0641337995708,0.10000000000000001
977,0,0.87824421135450204,0.080012526200347503,0.22408430338670313,-4.6016597108683659e-05,1002.0972796848488,1048.639842424393,0.10000000000000001
978,0,0.88825866889761651,0.080012182837402163,0.22400460121657387,-5.3259767150559223e-05,1002.0906656864045,1045.3328432022317,0.10000000000000001
979,0,0.89827214420451262,0.080011833490317527,0.22390370398839743,-5.6454836116144133e-05,1002.0879641663827,1043.982083191338,0.10000000000000001
980,0,0.90828616185098376,0.080011365171337848,0.2238113043249072,-5.8572022040335222e-05,1002.085125358779,1042.5626793895049,0.10000000000000001
981,0,0.91829944555635512,0.080010852288876638,0.223721491033503,-5.7184732862538274e-05,1002.0859707880261,1042.9853940130442,0.10000000000000001
982,0,0.92831289053985611,0.080010247793577779,0.2236561472367079,-5.4081842298454969e-05,1002.0875384644966,1043.7692322482803,0.10000000000000001
983,0,0.938325732080315,0.080009577799769124,0.22361014580885652,-4.8702380283204004e-05,1002.0924441455495,1046.2220727747535,0.10000000000000001
984,0,0.94833841798976604,0.080008789253087978,0.22360116678938485,-4.165615667669213e-05,1002.098399798649,1049.199899324492,0.10000000000000001
985,0,0.95835052753381067,0.080007914460566681,0.22362200020068468,-3.3094500535499928e-05,1002.1070013497193,1053.5006748596629,0.10000000000000001
986,0,0.9683622228404517,0.080006930239888321,0.22368343389664314,-2.409061190304196e-05,1002.1165722771207,1058.2861385603337,0.10000000000000001
987,0,0.9783733084496864,0.080005835292069824,0.22377765692711407,-1.4434024920654219e-05,1002.1278081824375,1063.9040912187738,0.10000000000000001
988,0,0.98838378587285136,0.080004646059696469,0.22390884487440085,-6.0561906067108001e-06,1002.1396690996216,1069.834549810821,0.10000000000000001
989,0,0.99839357378496629,0.080003389371656505,0.22406576542589446,2.0252137644465635e-06,1002.1520511927614,1076.0255963807026,0.10000000000000001
990,0,1.0084027124743418,0.080002135338030286,0.22425107576255299,7.1509860482329459e-06,1002.1645962494824,1082.2981247412145,0.10000000000000001
991,0,1.0184111475363862,0.080000950447972022,0.22444884506191903,1.1611189067000687e-05,1002.1765598965329,1088.2799482664609,0.10000000000000001
992,0,1.0284190475468982,0.079999768244088193,0.22466130811988494,1.2417489500848648e-05,1002.1882158773755,1094.1079386877277,0.10000000000000001
993,0,1.038426225468563,0.079998630541011917,0.22487279584190115,1.1475061551465938e-05,1002.1984464816298,1099.2232408149221,0.10000000000000001
994,0,1.0484329274080113,0.079997370483297997,0.2250797636697697,7.6673051004866532e-06,1002.2078551346902,1103.9275673451243,0.10000000000000001
995,0,1.0584388400528248,0.079996079337993006,0.22527653175411824,2.9512971706836493e-07,1002.2155696481037,1107.784824051862,0.10000000000000001
996,0,1.0684441944940752,0.079994653525722589,0.22544774971513362,-7.8190794411884391e-06,1002.2216974530938,1110.8487265469194,0.10000000000000001
997,0,1.0784487857113483,0.079993173380864868,0.22560160378133379,-2.1259949860882366e-05,1002.2265869224249,1113.2934612124359,0.10000000000000001
998,0,1.0884526214102148,0.079991676461664857,0.22571282002096141,-3.2790205309838794e-05,1002.229072007431,1114.5360037155001,0.10000000000000001
999,0,1.0984559366480264,0.079990150515551486,0.22579970472667274,-4.9356119978817971e-05,1002.2312988582873,1115.6494291436729,0.10000000000000001
1000,0,1.1084582873417448,0.079988849985498586,0.22583268779420571,-6.2675433113219299e-05,1002.2306198310986,1115.3099155492896,0.10000000000000001
1001,0,1.1184605401694945,0.079987508095655843,0.2258303533217273,-7.7698353140364689e-05,1002.2306643278924,1115.3321639462206,0.10000000000000001
1002,0,1.1284617242849866,0.079986505315181478,0.225775960728304,-9.1192463555913588e-05,1002.2283621263987,1114.1810631993394,0.10000000000000001
1003,0,1.1384630741497004,0.079985357100431601,0.22566511778209106,-0.0001007249406990266,1002.2268670363998,1113.4335181998836,0.10000000000000001
1004,0,1.1484634758896801,0.079984468859326655,0.22551641019185481,-0.00011339331340592159,1002.2251088300334,1112.5544150166888,0.10000000000000001
1005,0,1.1584638244003116,0.079983544498332504,0.22529104868152575,-0.00011583253455167239,1002.2231045711167,1111.5522855583322,0.10000000000000001
1006,0,1.1684637839247114,0.079982685334788084,0.2250431948936423,-0.00012505832652831989,1002.2239073408859,1111.953670442972,0.10000000000000001
1007,0,1.1784630061207084,0.079982107437685662,0.22471335426372482,-0.00012133158719937462,1002.2228459629301,1111.4229814650685,0.10000000000000001
1008,0,1.1884627615227534,0.079981263629083546,0.22436869566023998,-0.00012404130179574568,1002.227279879593,1113.6399397964851,0.10000000000000001
1009,0,1.1984609663344785,0.079981086042098415,0.22396475640547245,-0.0001182611903323006,1002.2291363580624,1114.5681790312096,0.10000000000000001
1010,0,1.2084604659698277,0.079980415693416892,0.22353487580380332,-0.00011198867888123036,1002.2365978846875,1118.2989423437562,0.10000000000000001
1011,0,1.2184582382558167,0.07998060809294337,0.22310095077804973,-0.00010884713203987675,1002.2433911351342,1121.6955675670874,0.10000000000000001
1012,0,1.2284571112458784,0.079980342893999662,0.22261394525512276,-9.5028617425209062e-05,1002.2518423909066,1125.9211954533157,0.10000000000000001
1013,0,1.2384554623128752,0.079980694093270882,0.22219661999689569,-9.7150259854067575e-05,1002.2647636269938,1132.3818134969201,0.10000000000000001
1014,0,1.2484531528905725,0.079981071502855314,0.22169584010276827,-7.9057113928335013e-05,1002.2714516244886,1135.7258122442886,0.10000000000000001
1015,0,1.2584531273507804,0.07998132851025988,0.2213264631222395,-8.4557807319257666e-05,1002.289674246496,1144.8371232480099,0.10000000000000001
1016,0,1.2684492733003965,0.07998243592575778,0.22087224797523627,-6.9407596999343903e-05,1002.292991683071,1146.4958415355113,0.10000000000000001
1017,0,1.27845133899338,0.079982499892391271,0.22055579385034216,-7.3247277631782729e-05,1002.3131245321694,1156.562266084677,0.10000000000000001
1018,0,1.2884463154647614,0.079984164478177466,0.22020104379240715,-6.9411409953376452e-05,1002.3134829423423,1156.7414711711308,0.10000000000000001
1019,0,1.2984500258226868,0.079984200418660112,0.21992465721103829,-6.7844417346420738e-05,1002.3309446168407,1165.4723084203624,0.10000000000000001
1020,0,1.3084451197094122,0.079985898269712141,0.2196902253549535,-7.8788180835308335e-05,1002.3304559244813,1165.2279622406354,0.10000000000000001
1021,0,1.3184492551496374,0.079986411021958331,0.21942743627065656,-6.9536767056150537e-05,1002.3408748319125,1170.4374159562576,0.10000000000000001
1022,0,1.3284462085243265,0.079987413751486561,0.2192825861635839,-8.9468322920431163e-05,1002.3411602182672,1170.5801091335957,0.10000000000000001
1023,0,1.3384495406005581,0.079988819422884661,0.21900719373157196,-7.2451686498353892e-05,1002.3421221297691,1171.0610648845545,0.10000000000000001
1024,0,1.3484493061739566,0.07998874377142294,0.2188642179287254,-8.8048314063275882e-05,1002.3415692101238,1170.7846050618969,0.10000000000000001
1025,0,1.3584516000913676,0.079991207745622531,0.21855896518871856,-7.5757588590996742e-05,1002.3345553394578,1167.2776697288896,0.10000000000000001
1026,0,1.3684534198595812,0.079990357170829876,0.21829759374605157,-8.2795054892989957e-05,1002.3286898344408,1164.3449172203759,0.10000000000000001
1027,0,1.3784562616972507,0.079993362626217895,0.2179425951122578,-9.6386107796242305e-05,1002.3201295616046,1160.0647808023155,0.10000000000000001
1028,0,1.3884575550041403,0.079992290835249585,0.21745300114691751,-0.00010113046950195908,1002.3051200466995,1152.5600233497357,0.10000000000000001
1029,0,1.3984642028455718,0.079994811756199435,0.21701781043435686,-0.000154725802037675,1002.3046324906051,1152.3162453025293,0.10000000000000001
1030,0,1.4084612868262945,0.079993996107383725,0.21622368889390983,-0.00016051632748834789,1002.2774086894182,1138.7043447090832,0.10000000000000001
1031,0,1.418475509567259,0.079994963865238286,0.21564553805487482,-0.00023491850772535571,1002.2911671293688,1145.5835646843866,0.10000000000000001
1032,0,1.4284650164944668,0.079995049911983279,0.21455850517753144,-0.00023023442440419373,1002.2491350860328,1124.5675430163828,0.10000000000000001
1033,0,1.4384891978589975,0.079994650535695419,0.21374382243949275,-0.0002944854817355618,1002.2730529126453,1136.526456322656,0.10000000000000001
1034,0,1.448469766074802,0.079996435746860522,0.21244511690055184,-0.000287492856724857,1002.2146790143598,1107.3395071799155,0.10000000000000001
1035,0,1.4585039046698871,0.079995864448836509,0.21133704601676126,-0.00033020648018210766,1002.2394082090087,1119.7041045043648,0.10000000000000001
1036,0,1.4684772111425308,0.079999218638607997,0.20993688246503503,-0.00034576570251322467,1002.1695119036638,1084.7559518318803,0.10000000000000001
1037,0,1.4785187747110029,0.079998699032249584,0.20854976003596476,-0.00039278495679567342,1002.1903262590617,1095.1631295308744,0.10000000000000001
1038,0,1.4884889174232541,0.080001229924821837,0.20715968387972949,-0.00044067475610310293,1002.1219989887114,1060.9994943557126,0.10000000000000001
1039,0,1.4985329265755121,0.08000026982273363,0.20553608388915237,-0.00047286657118363257,1002.1365839959996,1068.2919979997791,0.10000000000000001
1040,0,1.5085044656613658,0.079999470505885531,0.20425092732673442,-0.00050111002161306196,1002.0816423897453,1040.8211948726489,0.10000000000000001
1041,0,1.5185458803622425,0.079999165285293661,0.20246805616063809,-0.00047784697462376367,1002.0830150665796,1041.5075332898027,0.10000000000000001
1042,0,1.5285219178761571,0.07999639934966174,0.20128468530620011,-0.00044193020914408616,1002.0374357738502,1018.717886925117,0.10000000000000001
1043,0,1.5385596103730448,0.079999784447961547,0.19955094544967997,-0.00037050956303387493,1002.0205641401045,1010.2820700522557,0.10000000000000001
1044,0,1.5485407345910507,0.079998335360547623,0.19835135867198633,-0.00028833983205605137,1001.9643247258377,982.16236291887071,0.10000000000000001
1045,0,1.5585800109954502,0.080006674995748317,0.19688677850987449,-0.00025643122441070296,1001.9364560983353,968.22804916763516,0.10000000000000001
1046,0,1.5685617755301666,0.080004868486399483,0.19566241177736637,-0.00020126411882917446,1001.8583773519039,929.18867595193433,0.10000000000000001
1047,0,1.5786118083670762,0.080013686480341517,0.1945142672097733,-0.00024390813147283179,1001.8390816808133,919.54084040662565,0.10000000000000001
1048,0,1.5885827069661584,0.080007128442226585,0.19331607940595763,-0.0002324611291366237,1001.740486858681,870.24342934051901,0.10000000000000001
1049,0,1.598652221725297,0.080011182571221154,0.19250955902074549,-0.00027756527956598312,1001.7512031294469,875.60156472346762,0.10000000000000001
1050,0,1.6085994178637915,0.080003304353286966,0.19128589889202621,-0.00023175269653334475,1001.6226238709203,811.31193546013947,0.10000000000000001
1051,0,1.6186956170630622,0.080005184797956375,0.19074294821036059,-0.00019115740926285051,1001.6612551332379,830.62756661894355,0.10000000000000001
1052,0,1.6286168017792548,0.08000681758326407,0.18957152415326922,-0.00010274855828539248,1001.4971616712487,748.5808356243524,0.10000000000000001
1053,0,1.6387431698215826,0.080010223432809516,0.18909403488984075,-5.7900026022274238e-05,1001.5380779116673,769.03895583365056,0.10000000000000001
1054,0,1.6486499773232699,0.080024524748065248,0.1881531611280455,-3.930573632349591e-06,1001.3528915309059,676.44576545296786,0.10000000000000001
1055,0,1.6587988582844402,0.08002326430670334,0.18757644089233336,-0.0001065607870690787,1001.3769998343632,688.49991718161618,0.10000000000000001
1056,0,1.6687019517954398,0.080036895447647916,0.18684427872756254,-0.00012022388059008444,1001.1877971386406,593.89856932028806,0.10000000000000001
1057,0,1.6788585409070702,0.080025642040140704,0.1863196899707491,-0.00023460200902218246,1001.2130372699053,606.51863495263569,0.10000000000000001
1058,0,1.6887542815222947,0.080034399831636294,0.18563655327833808,-0.00025497767767103391,1001.0095923247003,504.79616235014646,0.10000000000000001
1059,0,1.6989202193188357,0.080021120950066679,0.18511934529973401,-0.0002893469778527326,1001.0591408151261,529.57040756302831,0.10000000000000001
1060,0,1.70879727484526,0.080038996524236503,0.18490474128522227,-0.00017517858606770772,1000.8544441203398,427.22206016992459,0.10000000000000001
1061,0,1.7189922470797754,0.080023921649641616,0.18370166821223455,-0.00024957245178799253,1000.9064380038274,453.21900191368059,0.10000000000000001
1062,0,1.7288508255790678,0.080060549680671236,0.18438822988116063,-0.00016597718222668222,1000.7638859313145,381.94296565723107,0.10000000000000001
1063,0,1.7390796021107726,0.080026531576451412,0.18247605612638429,-0.00014612476540108455,1000.7979435830125,398.97179150625561,0.10000000000000001
1064,0,1.7489297297774931,0.080071596899332451,0.18354765261145689,-0.00014786759307325087,1000.7354136196783,367.70680983914872,0.10000000000000001
1065,0,1.7591693882764676,0.080008852487689186,0.18171410011065631,5.5950336191339387e-06,1000.7608223584657,380.41117923285128,0.10000000000000001
1066,0,1.7690277894600219,0.080065488660853598,0.18255498537320075,0.00019146873269496685,1000.7282852798091,364.1426399045713,0.10000000000000001
1067,0,1.7792471746698784,0.079991674339148527,0.18071531762798868,0.00031407731661665841,1000.6828743345592,341.43716727959372,0.10000000000000001
1068,0,1.7891520220783477,0.080066071845341868,0.18237023906318811,0.00049931200881300937,1000.7559597862522,377.9798931261098,0.10000000000000001
1069,0,1.7993094969611807,0.079968118167733429,0.17899819410459822,0.00060550572884965424,1000.4344913233771,217.24566168853698,0.10000000000000001
1070,0,1.8092986974191756,0.080011017538759152,0.18284281480832629,-7.2891230165447496e-05,1000.8072931569377,403.64657846885166,0.10000000000000001
1071,0,1.8193407382233917,0.07994272552448603,0.17726968135353802,-0.00019599776178495023,1000.0448916803095,22.445840154773578,0.10000000000000001
1072,0,1.8293941785063861,0.079895576233904503,0.18159073371604015,-0.0018609746532396109,1000.7337799606022,366.88998030109587,0.10000000000000001
1073,0,1.8393502976572027,0.07986474871313648,0.17684356660634512,-0.0025240162362803881,999.73228722373301,-133.85638813349487,0.10000000000000001
1074,0,1.8493218020239091,0.079771070633527397,0.17707790770207638,-0.0034807275140583413,1000.4692341620022,234.61708100109036,0.10000000000000001
1075,0,1.8592671609721083,0.079689205208490432,0.1767576393843453,-0.0040955746145155169,999.8111269765219,-94.436511739047546,0.10000000000000001
1076,0,1.8691179660196342,0.079861800632553159,0.1713782679332172,-0.0030481691534522868,1000.4044685519071,202.2342759535718,0.10000000000000001
1077,0,1.8795819185582505,0.079834270913283392,0.17733534945024326,-0.002092295587762845,1000.168304711718,84.152355858975625,0.10000000000000001
1078,0,1.8885827742602515,0.07995581806020445,0.1692451278644703,0.00033659185400687917,1000.1006706675676,50.335333783777969,0.10000000000000001
1079,0,1.9032436913102009,0.080276336102714646,0.17599215907638466,0.0041174621010705414,1000.0628914198852,31.445709942602207,0.10000000000000001
1080,0,1.9032401509743073,0.080080016399952006,0.17598217211518172,0.0041576208970686371,1000.0627756662544,31.387833127212161,0.10000000000000001
1081,0,1.929088681376639,0.075896744026352728,0.17794869456360243,-0.0026878349159520634,1000.0451991464004,22.599573200182022,0.10000000000000001
1082,0,1.9290727605843525,0.076517944276641506,0.17810493012424869,-0.0024076092729337275,1000.0485116641474,24.255832073720285,0.10000000000000001
1083,0,1.9392036720365646,0.0793502495936277,0.17784699006508498,-0.00043288224671311743,1000.0234675152535,11.733757626757324,0.10000000000000001
1084,0,1.958100506738583,0.082841633398625464,0.18025068319912205,0.0010512289479928606,1000.0073735416106,3.6867708053023307,0.10000000000000001
1085,0,1.9580721849422493,0.082170650776773879,0.17995729372987487,0.0012578691795745946,1000.0071644598938,3.5822299469145946,0.10000000000000001
1086,0,0.15854437026214632,0.090869744488423151,0.25596322403715305,-0.0043187333453471553,999.99153306044229,-4.2334697788533049,0.10000000000000001
1087,0,0.15847192193544418,0.090509266783445452,0.25578749421238045,-0.0043082492280446085,999.99524676503415,-2.3766174829233933,0.10000000000000001
1088,0,0.17683914932518136,0.087164782612824981,0.24052675822617475,-0.0020372244353924836,1000.0042410042478,2.1205021238870359,0.10000000000000001
1089,0,0.18669504410547696,0.088356408550823662,0.24879499702678229,2.4539857591939913e-05,1000.0984916234596,49.245811729804245,0.10000000000000001
1090,0,0.18669494120705635,0.088450341241625444,0.24878669440865711,0.00010939900462819841,1000.0990127072796,49.506353639799272,0.10000000000000001
1091,0,0.21234416566208042,0.090032410111486466,0.23216391326278557,0.0017857854654707008,1000.280725449659,140.36272482951517,0.10000000000000001
1092,0,0.21234657920671851,0.090126436908792462,0.23217070383708524,0.0018646696320407071,1000.2808598488622,140.42992443108915,0.10000000000000001
1093,0,0.22732350012158117,0.090072278355751212,0.2415705931383326,0.00097780834078557612,999.76723099228172,-116.38450385913757,0.10000000000000001
1094,0,0.23623291839996508,0.090069671157276779,0.23091262092541406,0.0013228068996684302,1000.4926701332026,246.33506660131843,0.10000000000000001
1095,0,0.24685444331106535,0.090102594998175758,0.24310309947446573,0.00012849462223468546,999.927189416906,-36.405291546998342,0.10000000000000001
1096,0,0.25674790170833939,0.090131485515381693,0.2343829931344088,-0.00058282902357802786,1000.1469666538991,73.483326949542516,0.10000000000000001
1097,0,0.26698845803583832,0.090028469070284681,0.24041548284726666,-0.00090181537722071998,1000.2683312112671,134.16560563354096,0.10000000000000001
1098,0,0.27697787575588539,0.090042143858514861,0.23688446320751991,0.00035404964023556915,1000.1899193377425,94.95966887124041,0.10000000000000001
1099,0,0.28715749591567308,0.090104964660067496,0.2386730651768586,0.00018802085792594446,1000.3337609105242,166.88045526211681,0.10000000000000001
1100,0,0.297176334462884,0.090024604732337116,0.23934304605128162,-0.00020714775197627129,1000.0102495274145,5.1247637072719954,0.10000000000000001
1101,0,0.30733301317968992,0.090071717002683141,0.23745802980225778,4.0500492161747007e-05,1000.4140105384126,207.00526920632001,0.10000000000000001
1102,0,0.31733577789901496,0.090022080743391672,0.24017954918311085,0.00022330819380252473,1000.1131501977708,56.575098885389252,0.10000000000000001
1103,0,0.32751144771517909,0.090060595132246068,0.23770558174746342,0.00017240147210053882,1000.4309595106257,215.47975531285601,0.10000000000000001
1104,0,0.33745684794903708,0.090020617544477155,0.23988208122326068,0.00010931929797975902,1000.2273353387094,113.66766935469741,0.10000000000000001
1105,0,0.34766653780699697,0.090061009723872473,0.23789934437329874,-2.0154361431355362e-05,1000.4227239252131,211.36196260653151,0.10000000000000001
1106,0,0.35756846709371232,0.090006947438759935,0.23945327887454515,4.5698814033306259e-05,1000.3551849363881,177.59246819406371,0.10000000000000001
1107,0,0.36778919934052895,0.090058747635298475,0.23756700327324243,-1.289996087583146e-06,1000.4664903379237,233.24516896184377,0.10000000000000001
1108,0,0.37767674413419516,0.09000948744500864,0.23915082962478273,-7.2489176586344969e-05,1000.5027398394341,251.36991971703537,0.10000000000000001
1109,0,0.38789765376545721,0.090043198477048003,0.23712714587141165,-6.6874336314452524e-06,1000.5535715920666,276.78579603332309,0.10000000000000001
1110,0,0.39777725963997224,0.090012601084406896,0.23857080450203685,-4.557700396479842e-05,1000.6762668701252,338.13343506261617,0.10000000000000001
1111,0,0.40798947241326489,0.090031954890507568,0.23711160646173718,3.7958134100582037e-05,1000.6471371635787,323.56858178934544,0.10000000000000001
1112,0,0.4178709411930302,0.090016129940517164,0.23782950372740191,-2.8022225026096759e-05,1000.8466874166903,423.34370834515767,0.10000000000000001
1113,0,0.42806712481213899,0.090023570739674569,0.23729197007433875,5.7729055162411256e-05,1000.7727668339417,386.38341697082978,0.10000000000000001
1114,0,0.43795885087277547,0.090014434853316477,0.2373432442244697,1.4390897773628554e-05,1001.0143718554144,507.18592770721216,0.10000000000000001
1115,0,0.44813012967354687,0.090016819892901057,0.2373897651208853,6.3040675646305213e-05,1000.9371526136355,468.57630681773799,0.10000000000000001
1116,0,0.458036330377664,0.090010613769522019,0.23716229707426295,7.0873275175372828e-05,1001.1772463448998,588.62317244989981,0.10000000000000001
1117,0,0.46818104440090624,0.09001258803699537,0.23745271649172625,6.8358952196731848e-05,1001.1143891974566,557.19459872830157,0.10000000000000001
1118,0,0.47810216565302588,0.090007171736966249,0.23705078720496944,8.4211033627856614e-05,1001.3316982818926,665.84914094630676,0.10000000000000001
1119,0,0.4882231852389739,0.090009488075018448,0.23746591421945876,7.6013563337237893e-05,1001.2863231583239,643.16157916192651,0.10000000000000001
1120,0,0.49815867201647507,0.090006242184020327,0.23692992975254135,8.1528633720980039e-05,1001.4710384513539,735.51922567696693,0.10000000000000001
1121,0,0.50826024903611744,0.090006939410277001,0.23719686111162089,5.8176847075074838e-05,1001.4478824831156,723.94124155778172,0.10000000000000001
1122,0,0.5182078260529831,0.090006059107858527,0.23671832711049656,5.8514290172758776e-05,1001.5923739954623,796.18699773112667,0.10000000000000001
1123,0,0.52829416275085772,0.090005440839080159,0.23657877353935611,3.2950016138956275e-05,1001.5880439002464,794.02195012318089,0.10000000000000001
1124,0,0.5382512019598551,0.090005959526202162,0.23615938628955416,2.3826537286583387e-05,1001.6986962544213,849.34812721064645,0.10000000000000001
1125,0,0.54832590501106859,0.090004737831618706,0.23566398868022009,-3.1089356983179174e-06,1001.6990478935699,849.52394678492738,0.10000000000000001
1126,0,0.55829038110702323,0.090005985688363696,0.23512925639710566,-2.0671910753609945e-05,1001.7890812065948,894.54060329740059,0.10000000000000001
1127,0,0.56835622030402888,0.090004619292817542,0.23440957225090417,-4.202504376720475e-05,1001.7847842837008,892.39214185039373,0.10000000000000001
1128,0,0.57832701851897272,0.090005812696163603,0.23370806330907243,-5.5461244381592528e-05,1001.8607889722177,930.39448610886666,0.10000000000000001
1129,0,0.58838542716924491,0.090005185671650223,0.23281384102993619,-7.669348760648418e-05,1001.8515711119334,925.78555596668366,0.10000000000000001
1130,0,0.59836234742743011,0.090005460701182427,0.232004982092721,-7.7654450424731542e-05,1001.91604674788,958.02337394002279,0.10000000000000001
1131,0,0.6084139018814857,0.090005836081040111,0.23102212854359225,-9.2323932109919973e-05,1001.9029421140734,951.47105703671286,0.10000000000000001
1132,0,0.61839683179045501,0.09000548137904521,0.23014331248615832,-8.3862283519075097e-05,1001.9600030974674,980.00154873369638,0.10000000000000001
1133,0,0.62844214374397189,0.09000609801594342,0.22921676945573363,-8.707108721665578e-05,1001.9435647751673,971.78238758363022,0.10000000000000001
1134,0,0.63843071467588763,0.090005905129337524,0.22832670185251214,-7.0057571905442719e-05,1001.995762742899,997.88137144952316,0.10000000000000001
1135,0,0.6484704547263519,0.09000609219800558,0.22754405387675727,-6.3052856831951966e-05,1001.9795011513381,989.75057566906344,0.10000000000000001
1136,0,0.65846406476224961,0.090006357811372895,0.22676985132810404,-3.7272149583887592e-05,1002.0257048058412,1012.8524029206005,0.10000000000000001
1137,0,0.66849901341341156,0.090006225945705579,0.22615544626857845,-2.409731913795716e-05,1002.0134965163197,1006.7482581598597,0.10000000000000001
1138,0,0.67849698262385538,0.090006642828508787,0.22559757049980161,5.460931812878553e-06,1002.0533326514609,1026.6663257304458,0.10000000000000001
1139,0,0.68852783863028322,0.090006454154531068,0.22519195061661892,2.3287262095795394e-05,1002.0450921164643,1022.5460582321375,0.10000000000000001
1140,0,0.69852953419518249,0.090006874185576263,0.22486296823091473,5.1864433388741713e-05,1002.0800889707701,1040.0444853850672,0.10000000000000001
1141,0,0.70855692548518312,0.090006669798477851,0.22469802642618769,6.9186010608983077e-05,1002.0740550303235,1037.0275151617534,0.10000000000000001
1142,0,0.71856176438579189,0.090007084432986148,0.22457902035034102,9.3195704521262596e-05,1002.1043454389552,1052.1727194775963,0.10000000000000001
1143,0,0.72858631167188914,0.090006917614336976,0.22462540552033192,0.00010639036085102138,1002.0997269350394,1049.8634675196854,0.10000000000000001
1144,0,0.73859374239797193,0.09000723646783601,0.22468470678379751,0.00012310851602300837,1002.1242100051971,1062.105002598571,0.10000000000000001
1145,0,0.74861600796006167,0.090007182446664627,0.22487889453434598,0.00012913814515257729,1002.1200925030887,1060.0462515443496,0.10000000000000001
1146,0,0.75862554796337212,0.090007368489072412,0.22505762158354764,0.00013775007647362679,1002.1381696751439,1069.0848375719497,0.10000000000000001
1147,0,0.76864602098203216,0.090007342418771175,0.22532708387313685,0.00013623537844011541,1002.133325612686,1066.6628063430039,0.10000000000000001
1148,0,0.77865717167326509,0.090007420225954107,0.2255545607659776,0.00013652637370960356,1002.1449478870328,1072.4739435163997,0.10000000000000001
1149,0,0.7886762546741628,0.09000740958510349,0.22582842154408586,0.0001291988587040536,1002.1385152652941,1069.2576326470657,0.10000000000000001
1150,0,0.79868864483456148,0.090007443494137168,0.226039346091991,0.00012334708700991267,1002.1440917900811,1072.04589504056,0.10000000000000001
1151,0,0.8087067122760544,0.090007427383733976,0.2262612691132751,0.000112793220094379,1002.1358112279397,1067.9056139698559,0.10000000000000001
1152,0,0.81872007249041068,0.090007468560631507,0.22640810747719331,0.00010378878091213409,1002.1363229828767,1068.1614914383317,0.10000000000000001
1153,0,0.82873744053172305,0.09000743014865302,0.22654358716559875,9.2745786507979046e-05,1002.126603658314,1063.3018291570124,0.10000000000000001
1154,0,0.83875156860926925,0.090007468561361437,0.22660374198820929,8.4271791321439046e-05,1002.1235229910059,1061.7614955029353,0.10000000000000001
1155,0,0.8487684704170998,0.090007377278873535,0.22664401899500622,7.5056063305816204e-05,1002.1134023814042,1056.7011907020856,0.10000000000000001
1156,0,0.85878313153015984,0.090007335095031074,0.22661903819552151,6.9257465381222794e-05,1002.1086515103322,1054.3257551660759,0.10000000000000001
1157,0,0.86879960996943517,0.090007213583577481,0.22657889042142701,6.4351873158839876e-05,1002.0995368244978,1049.768412248909,0.10000000000000001
1158,0,0.87881454841062145,0.090007089606610677,0.22649179640903688,6.2657081665273698e-05,1002.0951199192178,1047.5599596089182,0.10000000000000001
1159,0,0.88883057695357581,0.090006917245615603,0.2264015313143716,6.2557682027523939e-05,1002.0885912312471,1044.2956156235255,0.10000000000000001
1160,0,0.89884553460168637,0.090006722075633191,0.22628901692186751,6.5452231789726121e-05,1002.0862719609752,1043.135980487591,0.10000000000000001
1161,0,0.90886103431267695,0.090006456161032394,0.22618696679026257,6.9681096650529579e-05,1002.0835776685185,1041.7888342592505,0.10000000000000001
1162,0,0.91887573272740897,0.090006178232253917,0.22608724800470797,7.6287428897517799e-05,1002.0847070740753,1042.3535370376271,0.10000000000000001
1163,0,0.92889057534365083,0.09000583484448349,0.22601287467028985,8.4102725114211177e-05,1002.0864701845334,1043.2350922666842,0.10000000000000001
1164,0,0.93890472690395665,0.090005467573504278,0.22595717280437078,9.3135930939515263e-05,1002.0916023466632,1045.8011733315971,0.10000000000000001
1165,0,0.9489186931323973,0.090005054956575348,0.22594033204334413,0.00010304060941140726,1002.0977817233905,1048.8908616952699,0.10000000000000001
1166,0,0.95893196520262725,0.090004586967393135,0.22595086017585297,0.00011324506978801272,1002.1065155362038,1053.2577681019006,0.10000000000000001
1167,0,0.96894479754639529,0.090004071866620544,0.22600427133422021,0.00012306931680026981,1002.1163340186972,1058.1670093486082,0.10000000000000001
1168,0,0.97895687729692826,0.090003487660872072,0.22608827030414985,0.00013280768367058063,1002.1276181671961,1063.8090835980734,0.10000000000000001
1169,0,0.98896835951342288,0.090002848433607174,0.22620979638833086,0.00014108639262009655,1002.1396835981894,1069.8417990947178,0.10000000000000001
1170,0,0.99897901777167519,0.090002173326360416,0.226356861717457,0.0001491081475103841,1002.1521542976875,1076.0771488437513,0.10000000000000001
1171,0,1.0089890153491694,0.090001484358801787,0.22652984582193783,0.00015500852085580585,1002.1647660393376,1082.3830196687823,0.10000000000000001
1172,0,1.0189981902676015,0.090000846025289585,0.22671851200148374,0.00016076205839480825,1002.1770175720974,1088.5087860486919,0.10000000000000001
1173,0,1.0290066921999135,0.090000206078888922,0.22691591482553161,0.00016428290292598685,1002.1885327843764,1094.2663921882172,0.10000000000000001
1174,0,1.0390144380472053,0.089999611144013378,0.22711842820588293,0.00016659417649978603,1002.1992686939064,1099.6343469532235,0.10000000000000001
1175,0,1.0490214200609329,0.089998943377086568,0.22731003233733599,0.00016735096100695365,1002.2083481619721,1104.1740809860698,0.10000000000000001
1176,0,1.0590277248701989,0.089998262675052579,0.22749593757659439,0.000165150958976926,1002.2165858985081,1108.2929492540643,0.10000000000000001
1177,0,1.0690331128949044,0.089997498727687267,0.22765494550242518,0.00016308772028881803,1002.2225053563296,1111.2526781648171,0.10000000000000001
1178,0,1.0790379140897977,0.089996692936361311,0.22779367832516356,0.00015690992370250302,1002.227608862648,1113.804431324013,0.10000000000000001
1179,0,1.0890416961349554,0.089995903212405012,0.22789897657766386,0.00015273156335892532,1002.2304274725975,1115.213736298756,0.10000000000000001
1180,0,1.0990449265273559,0.089995068120173591,0.22796575763206892,0.00014480311364065962,1002.2321988582684,1116.0994291341808,0.10000000000000001
1181,0,1.1090472340770379,0.089994416692628129,0.2279980742225805,0.00013884171531499713,1002.2326247188131,1116.3123594065496,0.10000000000000001
1182,0,1.1190489431088078,0.089993685613068766,0.22797475827067648,0.00013179969582737886,1002.2315190307299,1115.7595153649709,0.10000000000000001
1183,0,1.1290500917660544,0.089993191593722308,0.22791871905146063,0.00012382816739628326,1002.230797432661,1115.3987163305032,0.10000000000000001
1184,0,1.1390504560476442,0.0899925725515974,0.22779371870627504,0.00011922558029342944,1002.2280697622451,1114.0348811225635,0.10000000000000001
1185,0,1.1490507202704385,0.089992097869874346,0.2276336863696965,0.00010942604151790656,1002.2274830759668,1113.741537983401,0.10000000000000001
1186,0,1.1590499699357584,0.089991627956396411,0.22740885048455903,0.0001073561369164074,1002.2253470479255,1112.6735239627692,0.10000000000000001
1187,0,1.1690494160841407,0.089991105486333808,0.22713487300658991,9.7678124572737077e-05,1002.2258357467161,1112.9178733580716,0.10000000000000001
1188,0,1.1790478838214895,0.089990874623183142,0.22682101919722217,9.6595110991938452e-05,1002.2267527773627,1113.3763886813313,0.10000000000000001
1189,0,1.1890463910850646,0.08999031471919261,0.22643971763835891,8.978880076969601e-05,1002.2287668216751,1114.3834108375472,0.10000000000000001
1190,0,1.1990445056737467,0.089990346922894981,0.22605691175493028,8.6730697521752114e-05,1002.2346445647929,1117.3222823964579,0.10000000000000001
1191,0,1.2090419238984542,0.089989873390715874,0.22559622205399793,8.5757484616173185e-05,1002.2382905586245,1119.1452793122494,0.10000000000000001
1192,0,1.2190401632063685,0.08999005487735616,0.22516880593727048,7.931604265271419e-05,1002.2494206595492,1124.7103297745866,0.10000000000000001
1193,0,1.2290365882151091,0.089989892369511312,0.22467625321426557,8.4567947998864893e-05,1002.2547720460523,1127.3860230261334,0.10000000000000001
1194,0,1.2390353261914189,0.08998998784118882,0.2242356762291762,7.5750879692579697e-05,1002.2697626017393,1134.8813008696652,0.10000000000000001
1195,0,1.249031145429284,0.089990341692449391,0.22376407372703017,8.5211148439365069e-05,1002.2767393192892,1138.3696596445816,0.10000000000000001
1196,0,1.2590304611093657,0.089990190737769898,0.22334150670606273,7.8095499257289688e-05,1002.292803897219,1146.4019486094799,0.10000000000000001
1197,0,1.2690263161201407,0.089991069452822495,0.22293976716315506,8.7619377917740548e-05,1002.3013267755051,1150.6633877525587,0.10000000000000001
1198,0,1.2790260425511091,0.089990701290221312,0.22256182657622714,8.7564350830660655e-05,1002.3151867922232,1157.593396111622,0.10000000000000001
1199,0,1.2890225842111336,0.089991860291743359,0.22225011835711439,9.3244971640498125e-05,1002.3240579015845,1162.0289507922621,0.10000000000000001
1200,0,1.2990226146471919,0.089991596276147126,0.22194156841681237,0.00010394648906468598,1002.3335630817791,1166.7815408895308,0.10000000000000001
1201,0,1.3090201926845368,0.089992608556304046,0.22170095130964956,0.00010332631800819369,1002.3397743320544,1169.8871660271948,0.10000000000000001
1202,0,1.3190209303863125,0.08999296010056107,0.22146771524113296,0.00012011008417703626,1002.3449645033902,1172.4822516951008,0.10000000000000001
1203,0,1.329019248723365,0.089993306335077197,0.22124749086298406,0.00011179500219056847,1002.3448210126869,1172.4105063434536,0.10000000000000001
1204,0,1.339021686018085,0.089994538203181304,0.2210664456685599,0.00012357316564976008,1002.348870094126,1174.4350470630138,0.10000000000000001
1205,0,1.3490196456371095,0.089993915490611712,0.22079355661975092,0.00010966458028731883,1002.3395006824373,1169.7503412186734,0.10000000000000001
1206,0,1.3590252194927259,0.089995840499696653,0.22060703612069604,0.00010798786647074363,1002.3473779197998,1173.6889598998914,0.10000000000000001
1207,0,1.3690212461256357,0.089994431962270444,0.22021321402533861,9.5494672885100806e-05,1002.327460614536,1163.730307267997,0.10000000000000001
1208,0,1.3790313528144873,0.08999654820443681,0.21993977612292634,8.3724249171826672e-05,1002.341690448339,1170.8452241695113,0.10000000000000001
1209,0,1.3890240566235976,0.089995115551902996,0.21937580807217402,8.2641022552461482e-05,1002.3100746468746,1155.0373234372842,0.10000000000000001
1210,0,1.3990396021536355,0.089996848368073645,0.21892899837590252,5.8529698181255514e-05,1002.3280430517182,1164.0215258590842,0.10000000000000001
1211,0,1.4090284414795127,0.089996418851389676,0.21817063096024,6.3959183999479826e-05,1002.2849192485845,1142.4596242922576,0.10000000000000001
1212,0,1.4190494487745615,0.089996991854502745,0.21747812180522089,2.753148138064486e-05,1002.302049980847,1151.0249904234797,0.10000000000000001
1213,0,1.4290347237000407,0.089998204897328557,0.21652086532156306,2.0751596398219827e-05,1002.252578898881,1126.2894494404918,0.10000000000000001
1214,0,1.4390605035859056,0.089997081367401935,0.21553524545177319,-2.8496803547377908e-05,1002.2675127386891,1133.7563693445531,0.10000000000000001
1215,0,1.4490431198066935,0.08999963040370397,0.21438677539044201,-4.9682529415504047e-05,1002.220537070284,1110.2685351419836,0.10000000000000001
1216,0,1.4590728685823939,0.089997146721978574,0.21314259959068793,-8.760622348775112e-05,1002.2358710035222,1117.9355017611101,0.10000000000000001
1217,0,1.4690538535167079,0.090000069686608064,0.2118094460749522,-9.502820136313126e-05,1002.1926062393806,1096.3031196902762,0.10000000000000001
1218,0,1.4790872545366089,0.08999742694382544,0.21040380350925772,-9.4968081156013932e-05,1002.2069722692223,1103.4861346111597,0.10000000000000001
1219,0,1.4890666723898636,0.089999690760751039,0.20894057916033115,-8.2039523612027521e-05,1002.1571728921618,1078.5864460809194,0.10000000000000001
1220,0,1.4991042337348499,0.08999839094547564,0.20747173167085164,-5.4411367317001988e-05,1002.1655446063728,1082.7723031864025,0.10000000000000001
1221,0,1.5090799510509856,0.08999863140103348,0.20597031307030056,-4.306606329633635e-05,1002.0975390755476,1048.7695377738078,0.10000000000000001
1222,0,1.5191231601262409,0.090000574388426041,0.20446594978731658,-3.5867913309975737e-05,1002.1004020783092,1050.201039154615,0.10000000000000001
1223,0,1.5290925174376877,0.089997561785385843,0.20301656445055427,-3.8107766964050401e-05,1002.0162883300237,1008.1441650118563,0.10000000000000001
1224,0,1.5391443891254517,0.09000378657675899,0.20154753482489329,-5.324015441905923e-05,1002.0257891311327,1012.8945655663415,0.10000000000000001
1225,0,1.5491066782833083,0.089997998907617505,0.20014227006928381,-4.4246874048153017e-05,1001.9330224350856,966.51121754280211,0.10000000000000001
1226,0,1.5591714685948295,0.090006292345631012,0.19879810621317798,-4.6824253506974308e-05,1001.957201427424,978.60071371201229,0.10000000000000001
1227,0,1.5691268941609737,0.090000235531251152,0.19754287586274563,2.228294505454079e-05,1001.8576827500705,928.84137503523334,0.10000000000000001
1228,0,1.5792065556400701,0.090006243797691801,0.19630434747351597,5.5870312639505957e-05,1001.8794852858899,939.74264294496379,0.10000000000000001
1229,0,1.5891537086050418,0.090002503930232056,0.19528472818832404,0.00015876209983404791,1001.7651347172992,882.56735864962366,0.10000000000000001
1230,0,1.5992446265905473,0.090003386619872588,0.19422407048236981,0.00016603285675093903,1001.7670926620295,883.5463310147702,0.10000000000000001
1231,0,1.6091822434088001,0.090005333531019541,0.19328772247620257,0.00019158498479207283,1001.6307847039338,815.39235196692061,0.10000000000000001
1232,0,1.6192806805317821,0.090001515037854321,0.19253171484464743,0.00016222159787785247,1001.6261157162032,813.05785810161524,0.10000000000000001
1233,0,1.6292124864702349,0.090010932234748098,0.19146997937640683,0.00011517712407911815,1001.4712098589371,735.60492946853628,0.10000000000000001
1234,0,1.6393221205248329,0.090006096317936518,0.1910302278189713,8.1690284740753693e-05,1001.4895003712497,744.75018562486639,0.10000000000000001
1235,0,1.6492559737087353,0.090017277570200421,0.18989289096504711,0.00010055406186482423,1001.3246566904421,662.32834522105577,0.10000000000000001
1236,0,1.6593811593640226,0.090013148686431649,0.18954875068152074,6.6717186508628222e-05,1001.3668949893799,683.44749468997179,0.10000000000000001
1237,0,1.6693176122122764,0.09002046433827296,0.18860622332941254,0.00023270775848339593,1001.1944147819759,597.20739098793274,0.10000000000000001
1238,0,1.6794548280737551,0.090010402242786211,0.18829215021274626,0.00022240668092069835,1001.2493298604935,624.66493024675174,0.10000000000000001
1239,0,1.6893800637865699,0.090022267080346538,0.18741932259134697,0.00037847621511237104,1001.0494617061413,524.73085307065048,0.10000000000000001
1240,0,1.6995296789154775,0.090002605885530454,0.18715670734261997,0.0003433648118133742,1001.125089464352,562.54473217597933,0.10000000000000001
1241,0,1.7094372544388068,0.090028552174290177,0.18668122715364485,0.00041921529918460007,1000.9121219975568,456.06099877841189,0.10000000000000001
1242,0,1.7196051810309023,0.090002797077618629,0.18562825202044037,0.00035362091084001216,1000.9561792606756,478.08963033781993,0.10000000000000001
1243,0,1.7295115273980597,0.090042865430283739,0.18627182069426576,0.00046777451053001812,1000.7874585481406,393.72927407032421,0.10000000000000001
1244,0,1.7396933979038858,0.090010166190443511,0.1842526302712636,0.00037581783666283187,1000.7356952359008,367.84761795041732,0.10000000000000001
1245,0,1.7496142574200644,0.090058425265140143,0.18555891566729688,0.00057506849718259076,1000.6346569280953,317.32846404764814,0.10000000000000001
1246,0,1.759786830763687,0.09001109722207383,0.18340027086227587,0.00031346784380458138,1000.4961351084997,248.06755424987159,0.10000000000000001
1247,0,1.7697254120109231,0.09005471240976276,0.18475504234991838,0.0003289813772541215,1000.4934894484354,246.74472421770588,0.10000000000000001
1248,0,1.7798661831018012,0.090018981490206457,0.1824714073098547,0.00018142446641273487,1000.2602585773504,130.12928867522078,0.10000000000000001
1249,0,1.7898507634651881,0.090032196196761907,0.18456940381366241,-0.00019742396464784886,1000.4834974745643,241.74873728213697,0.10000000000000001
1250,0,1.7999170003089564,0.089990135039160465,0.18090139507793856,-7.2265194744998841e-05,1000.0613927451577,30.696372578859155,0.10000000000000001
1251,0,1.8099495995056907,0.090000377905428947,0.18423743946725796,-0.00092302408074916359,1000.5915858697115,295.79293485573999,0.10000000000000001
1252,0,1.8199232829487688,0.08990801672545054,0.1794305827205365,-0.00068085258881871776,999.99446202504203,-2.7689874789871283,0.10000000000000001
1253,0,1.8299519299412306,0.089974764523255354,0.1820073628117774,-0.0010212631343946221,1000.7104315404213,355.21577021063422,0.10000000000000001
1254,0,1.8398357400937917,0.089804141033163948,0.1785222079748775,-0.0014864490701451366,1000.144179846522,72.089923260989508,0.10000000000000001
1255,0,1.8497926378804574,0.089890240635049495,0.17744712167173274,-0.0012473531490692156,1000.694440326806,347.22016340299433,0.10000000000000001
1256,0,1.8596717397919544,0.089825641605734502,0.17755353184835446,-0.0013001907862588964,1000.1526205564741,76.310278237031071,0.10000000000000001
1257,0,1.8694227297090478,0.089848212501792812,0.17262915409471588,-0.00093632381786282822,1000.2926927034207,146.34635171034915,0.10000000000000001
1258,0,1.8796560037034074,0.089945631541204565,0.17740176590238257,-0.00045140408844180084,999.9576308626896,-21.184568655201019,0.10000000000000001
1259,0,1.888729352998811,0.090049237986249461,0.17058088743427871,0.00023387797816385662,1000.1540302818513,77.015140925652759,0.10000000000000001
1260,0,1.903560186846371,0.090216229547766202,0.17676736513479244,0.0018364815884760338,1000.0537505002758,26.875250137891271,0.10000000000000001
1261,0,1.9035572663693554,0.090127568223061852,0.17676220344103991,0.0018587771005426845,1000.0539121355976,26.956067798778349,0.10000000000000001
1262,0,1.9293829011115549,0.088014845505398995,0.18190127961930344,-0.00096704083489628011,1000.1065808997881,53.29044989406384,0.10000000000000001
1263,0,1.929377939287968,0.087919229769629098,0.18185616456231579,-0.0010408120515205017,1000.1060169754726,53.008487736292409,0.10000000000000001
1264,0,1.9378878883351331,0.087266233512467456,0.17944480608562033,-0.0017008973421589412,999.87484697121806,-62.576514390968896,0.10000000000000001
1265,0,1.9575876349653003,0.090690285412836594,0.18217004817337018,-0.0018530816753279783,1000.0107533088431,5.3766544215250178,0.10000000000000001
1266,0,1.957530449062018,0.091055249979303032,0.18217638906447117,-0.0018512745893658261,1000.0119687370122,5.9843685061196084,0.10000000000000001
1267,0,0.16040909471596429,0.099999999999999784,0.26031688954301269,2.3213405379834941e-14,1000.1607894068542,80.394703427089098,0.10000000000000001
1268,0,0.16040909471596432,0.10000000000000002,0.26031688954301152,2.3525593141852264e-14,1000.1607894068545,80.394703427259628,0.10000000000000001
1269,0,0.17886914532814605,0.099999999999998701,0.24370630534714996,-1.9435927737604606e-14,999.77468917880879,-112.65541059560746,0.10000000000000001
1270,0,0.18610036428950541,0.099999999999997952,0.24847398599564352,2.0180091070150969e-14,1000.202107895011,101.05394750547703,0.10000000000000001
1271,0,0.18610036428950541,0.099999999999997938,0.24847398599564455,2.0163343024159541e-14,1000.2021078950111,101.05394750553387,0.10000000000000001
1272,0,0.21245415936233619,0.099999999999999506,0.23209332467685989,-8.6034618243108275e-15,1000.2956634782556,147.83173912780967,0.10000000000000001
1273,0,0.21245415936233616,0.099999999999999548,0.23209332467687477,-8.5667100329886413e-15,1000.2956634782551,147.83173912752545,0.10000000000000001
1274,0,0.22749592230041119,0.099999999999999784,0.24176592205688741,-3.7230156276733219e-14,999.75727630466452,-121.3618476677425,0.10000000000000001
1275,0,0.23620919088606701,0.1000000000000001,0.23170290090157433,-3.3097470269099747e-14,1000.3943793410585,197.18967052926928,0.10000000000000001
1276,0,0.24709755509228695,0.099999999999999728,0.24306414046627253,-1.6451726664806826e-14,999.8764278704881,-61.78606475594961,0.10000000000000001
1277,0,0.2568697107618923,0.099999999999999964,0.23435284288825003,-9.6045432880358009e-16,1000.4227563329868,211.37816649337537,0.10000000000000001
1278,0,0.26711811386775774,0.10000000000000007,0.24198795599228179,1.4234160786831796e-14,1000.055531960039,27.765980019523795,0.10000000000000001
1279,0,0.27720485107535858,0.10000000000000007,0.23827832391833556,2.0236486022276453e-14,999.978906745421,-10.546627289500066,0.10000000000000001
1280,0,0.28729501119664402,0.10000000000000017,0.23921951776234701,1.5736152247538594e-14,1000.3586805690425,179.3402845212313,0.10000000000000001
1281,0,0.29737650338249805,0.10000000000000027,0.24014549888799613,-1.3526412044975664e-14,1000.1152437375561,57.621868778028329,0.10000000000000001
1282,0,0.3074803043490284,0.10000000000000049,0.23879760189581797,-4.7376111799052296e-14,1000.3939497712782,196.97488563912202,0.10000000000000001
1283,0,0.31749650569617099,0.10000000000000052,0.24093448700749515,-6.5658981568282353e-14,1000.122637772358,61.318886178980847,0.10000000000000001
1284,0,0.32762201974124622,0.10000000000000041,0.2388180404013476,-7.7071914240496745e-14,1000.4037136384225,201.85681921122978,0.10000000000000001
1285,0,0.33763240581937898,0.10000000000000041,0.24064498027623094,-7.3633694331388616e-14,1000.2423242553361,121.16212766807166,0.10000000000000001
1286,0,0.34776107193972061,0.10000000000000027,0.2389987149882937,-5.8865208447683193e-14,1000.4492118536999,224.60592684996072,0.10000000000000001
1287,0,0.35774764626145567,0.10000000000000031,0.24042837414308968,-4.9541418702164808e-14,1000.354659155705,177.32957785250392,0.10000000000000001
1288,0,0.36789771323256554,0.10000000000000038,0.23846933319743777,-5.5106623227332851e-14,1000.515539820912,257.76991045597697,0.10000000000000001
1289,0,0.37784667996648053,0.10000000000000063,0.24018581593082172,-5.3460286323473448e-14,1000.4847273831033,242.36369155164539,0.10000000000000001
1290,0,0.38802896703031259,0.10000000000000057,0.23804713002007594,-4.175996321876164e-14,1000.5748051407495,287.40257037475203,0.10000000000000001
1291,0,0.39793757869970003,0.10000000000000113,0.23965105271909107,-3.3403472544403861e-14,1000.6465179249756,323.25896248778463,0.10000000000000001
1292,0,0.4081391014724024,0.10000000000000073,0.2380220523197423,-1.2818943482051315e-14,1000.6625266168552,331.26330842759444,0.10000000000000001
1293,0,0.41803024698697694,0.10000000000000037,0.23888006485793564,1.9287900373044044e-14,1000.8446472877725,422.32364388627275,0.10000000000000001
1294,0,0.42822467875678483,0.10000000000000045,0.23824836702237187,4.2503805218632104e-14,1000.7846205408993,392.3102704496273,0.10000000000000001
1295,0,0.43812117417583346,0.10000000000000032,0.23833487448021609,4.7740545151749036e-14,1001.0234018503998,511.7009251998752,0.10000000000000001
1296,0,0.44828996144131783,0.10000000000000017,0.23838294926794229,3.8609767205842534e-14,1000.9424479888296,471.22399441479956,0.10000000000000001
1297,0,0.45820214954706101,0.10000000000000049,0.23813311559330944,1.8959461478678946e-14,1001.1769334560297,588.46672801485056,0.10000000000000001
1298,0,0.46834335106823477,0.10000000000000021,0.23842950353171599,-7.3179286302496347e-15,1001.1177234255929,558.86171279644259,0.10000000000000001
1299,0,0.47827045453378653,0.10000000000000007,0.23802602739099288,-3.2835448633154594e-14,1001.3255098788562,662.75493942811181,0.10000000000000001
1300,0,0.4883887816289279,0.10000000000000044,0.23842872394796533,-4.7779176561993334e-14,1001.2880880505186,644.04402525929072,0.10000000000000001
1301,0,0.49832721973685018,0.10000000000000013,0.23788648621334857,-6.339678890415584e-14,1001.4664632164215,733.23160821075817,0.10000000000000001
1302,0,0.50842925243714843,0.10000000000000031,0.23814808914033514,-6.7519907789552765e-14,1001.4474659400645,723.73297003224479,0.10000000000000001
1303,0,0.51837574688380239,0.10000000000000051,0.23766117688196348,-5.5930038388962732e-14,1001.5894167543819,794.70837719094334,0.10000000000000001
1304,0,0.52846595432869359,0.10000000000000028,0.23751785244978618,-6.118195879888388e-14,1001.5862804526115,793.14022630575209,0.10000000000000001
1305,0,0.53841916065459439,0.10000000000000012,0.23708856398131689,-6.5742273814266979e-14,1001.6976771011371,848.83855056853008,0.10000000000000001
1306,0,0.54849900216358605,0.099999999999999936,0.23658880824364989,-3.8544512970489282e-14,1001.6973855251605,848.69276258024229,0.10000000000000001
1307,0,0.55846006342982402,0.099999999999999908,0.23604539912851616,-1.6880326199880425e-14,1001.7902881560493,895.14407802465712,0.10000000000000001
1308,0,0.56852895976060347,0.10000000000000017,0.23532955008585779,-1.7646488410667337e-14,1001.7839128885089,891.95644425444698,0.10000000000000001
1309,0,0.57849900134898824,0.10000000000000089,0.23461101480974447,-2.842110271580487e-14,1001.8629841063247,931.49205316234429,0.10000000000000001
1310,0,0.5885578343367518,0.10000000000000045,0.23372753795250217,-3.989739614834354e-14,1001.852240120175,926.12006008749859,0.10000000000000001
1311,0,0.59853583910455532,0.099999999999999811,0.23290542660612773,-2.7318782847047215e-14,1001.9180203523832,959.01017619161166,0.10000000000000001
1312,0,0.60858688328198352,0.099999999999999936,0.23192671418667699,1.1051003149368011e-14,1001.9050570240026,952.52851200132227,0.10000000000000001
1313,0,0.61857117939110684,0.099999999999999561,0.23104480698521962,1.4945491153472349e-14,1001.9618711021121,980.93555105606356,0.10000000000000001
1314,0,0.6286162327768412,0.099999999999999895,0.23011615779398667,-1.441756125032937e-14,1001.9465125394323,973.25626971615975,0.10000000000000001
1315,0,0.63860567459852913,0.10000000000000003,0.22922687560459884,-1.563269401492639e-14,1001.9979869597335,998.99347986672637,0.10000000000000001
1316,0,0.64864578834661957,0.10000000000000016,0.22844285906129552,-5.9841261822278106e-15,1001.9824824229348,991.24121146741118,0.10000000000000001
1317,0,0.65863967106203747,0.10000000000000007,0.22766668003508642,-8.2906290110504193e-15,1002.028455212364,1014.2276061819757,0.10000000000000001
1318,0,0.66867547709076025,0.099999999999999881,0.22705187709632327,-1.3965782840865052e-14,1002.0161845365644,1008.092268282212,0.10000000000000001
1319,0,0.67867340253130937,0.10000000000000005,0.22649109509341245,-5.3911946229060352e-14,1002.0562397777408,1028.1198888703784,0.10000000000000001
1320,0,0.68870533369420495,0.099999999999999589,0.22608409904372248,-9.2228797419328617e-14,1002.0473936435076,1023.6968217537878,0.10000000000000001
1321,0,0.69870693665160166,0.099999999999999797,0.22575059177024723,-7.0951267274099992e-14,1002.0827516717445,1041.3758358722589,0.10000000000000001
1322,0,0.7087353848987259,0.099999999999999922,0.22558344829108881,-3.3852201483237602e-14,1002.0759590853897,1037.9795426948704,0.10000000000000001
1323,0,0.71874025835619093,0.099999999999999603,0.22545803836137268,-4.1278587949609286e-14,1002.1065302783661,1053.2651391830541,0.10000000000000001
1324,0,0.72876568451273005,0.099999999999999395,0.22550195568872192,-6.9751680683656528e-14,1002.1011302683737,1050.5651341868543,0.10000000000000001
1325,0,0.7387733938688722,0.099999999999999742,0.22555264704455333,-9.4887409285238856e-14,1002.1258340548487,1062.917027424362,0.10000000000000001
1326,0,0.74879633895482267,0.099999999999999381,0.22574389262020708,-1.0608474609957523e-13,1002.1210721744299,1060.5360872149276,0.10000000000000001
1327,0,0.75880636200618423,0.099999999999999964,0.22591391691691309,-1.0229473129936888e-13,1002.1392236137068,1069.611806853402,0.10000000000000001
1328,0,0.76882740632402424,0.099999999999999908,0.22617883024318428,-1.0535078991609076e-13,1002.1340153473755,1067.0076736877263,0.10000000000000001
1329,0,0.77883910545200419,0.099999999999999811,0.22639870720222616,-9.307728876951203e-14,1002.1456127027561,1072.8063513780626,0.10000000000000001
1330,0,0.78885877156522421,0.099999999999999714,0.22666713563355806,-6.9650732799292315e-14,1002.1390175573334,1069.5087786667159,0.10000000000000001
1331,0,0.79887167495907918,0.099999999999999548,0.22687151566155705,-8.7348801516779872e-14,1002.144607625181,1072.3038125905191,0.10000000000000001
1332,0,0.80889036195412456,0.099999999999999631,0.22708805326221948,-1.0687627344776949e-13,1002.1362424627941,1068.1212313970718,0.10000000000000001
1333,0,0.81890421736559904,0.099999999999999339,0.22722902521435862,-7.0783429699713688e-14,1002.136878619385,1068.4393096925078,0.10000000000000001
1334,0,0.82892222340470989,0.099999999999999589,0.2273602009476228,-2.6445265550591601e-14,1002.1270862610379,1063.5431305189513,0.10000000000000001
1335,0,0.83893687392002669,0.099999999999999326,0.22741504077274938,-1.8939748297367187e-14,1002.1241832659483,1062.091632974159,0.10000000000000001
1336,0,0.84895435810897779,0.099999999999999548,0.22745164940418763,-2.0178321249924421e-14,1002.1140082037822,1057.0041018910956,0.10000000000000001
1337,0,0.85896954600466302,0.10000000000000012,0.22742254991830627,-2.405820742061469e-15,1002.1093510229748,1054.6755114874031,0.10000000000000001
1338,0,0.86898658725095734,0.099999999999999561,0.22737921118671151,-2.696909492376699e-15,1002.1001444821358,1050.0722410678804,0.10000000000000001
1339,0,0.87900206675813586,0.099999999999999284,0.22728857149484361,-4.2496738809632511e-14,1002.0957333867124,1047.866693356184,0.10000000000000001
1340,0,0.88901866401434104,0.099999999999999908,0.22719569753672722,-9.172332179863021e-14,1002.089044548666,1044.5222743330191,0.10000000000000001
1341,0,0.89903416744320208,0.099999999999999506,0.22708000013367829,-1.030136097747849e-13,1002.0866481465898,1043.3240732949116,0.10000000000000001
1342,0,0.90905021770198391,0.099999999999999589,0.22697539778412448,-3.3479009546808878e-14,1002.0837670856586,1041.8835428292823,0.10000000000000001
1343,0,0.91906540905491241,0.099999999999999853,0.22687272448038176,1.1695225418952875e-14,1002.0847493374628,1042.3746687313837,0.10000000000000001
1344,0,0.92908070589137481,0.10000000000000113,0.22679558544551764,-1.4915439380296677e-14,1002.086296452091,1043.1482260455027,0.10000000000000001
1345,0,0.93909528303914314,0.099999999999999839,0.22673665864599923,-4.1079666134027263e-14,1002.0911941401786,1045.5970700892863,0.10000000000000001
1346,0,0.94910967303685323,0.099999999999999534,0.2267172161484915,-2.0770829978568449e-14,1002.0971368456903,1048.5684228451646,0.10000000000000001
1347,0,0.95912337552210591,0.09999999999999977,0.22672409370071994,3.7772749430943075e-15,1002.1055704016641,1052.7852008320338,0.10000000000000001
1348,0,0.96913667444186646,0.099999999999999811,0.2267748400414886,-4.8740914637237319e-15,1002.1151419827703,1057.5709913851483,0.10000000000000001
1349,0,0.97914918415184082,0.099999999999999978,0.22685528232031935,-1.3686217474773824e-14,1002.1260689657045,1063.0344828522311,0.10000000000000001
1350,0,0.98916109842882771,0.10000000000000044,0.22697345793769069,3.1490214774055443e-14,1002.1378397978503,1068.9198989251736,0.10000000000000001
1351,0,0.99917207561707655,0.099999999999999964,0.22711719761345733,9.2411397229426729e-14,1002.1499337235279,1074.9668617639259,0.10000000000000001
1352,0,1.0091823332453496,0.099999999999999534,0.22728558752271957,1.0685828023483487e-13,1002.1621229599492,1081.0614799746077,0.10000000000000001
1353,0,1.0191916988328071,0.10000000000000002,0.22747124629895552,7.0313008289497532e-14,1002.1740166748768,1087.0083374384194,0.10000000000000001
1354,0,1.0292003554168787,0.099999999999999603,0.22766279703077069,1.8657474798577422e-14,1002.1849765444832,1092.48827224161,0.10000000000000001
1355,0,1.039208333386703,0.10000000000000045,0.22786247325625608,-1.2012064934865615e-14,1002.1954829335068,1097.7414667534049,0.10000000000000001
1356,0,1.0492155037705087,0.09999999999999945,0.22804845282204811,-2.2262005543076441e-14,1002.2040060432151,1102.0030216075725,0.10000000000000001
1357,0,1.0592221152974051,0.099999999999999492,0.22823082029648328,1.4831930171689494e-14,1002.2121400195153,1106.0700097576728,0.10000000000000001
1358,0,1.0692276484993797,0.10000000000000069,0.2283860349161729,4.9241451889162327e-14,1002.2176545748029,1108.8272874014251,0.10000000000000001
1359,0,1.0792326200093094,0.099999999999999714,0.22851904898103453,3.0894352170590168e-14,1002.222587630807,1111.293815403485,0.10000000000000001
1360,0,1.0892363878859981,0.099999999999999159,0.22862325148561838,3.671883443408819e-14,1002.2253154724616,1112.6577362308012,0.10000000000000001
1361,0,1.0992395224749267,0.099999999999999312,0.22868148619988632,4.2127658566989987e-14,1002.2266654764038,1113.3327382019047,0.10000000000000001
1362,0,1.1092417830008603,0.10000000000000012,0.22871473638073253,1.8468038262374884e-14,1002.227447715906,1113.7238579530049,0.10000000000000001
1363,0,1.1192432369607004,0.10000000000000074,0.22868241619172108,1.1462908884577885e-14,1002.2256724170577,1112.8362085288472,0.10000000000000001
1364,0,1.1292444793732452,0.10000000000000052,0.22862641283385232,-2.0255474812593809e-15,1002.2256268141983,1112.8134070991678,0.10000000000000001
1365,0,1.1392445309711645,0.10000000000000098,0.22849623442112429,-1.0135424808480869e-14,1002.2222862783211,1111.1431391605606,0.10000000000000001
1366,0,1.1492449046705175,0.1000000000000001,0.22833105693211744,1.8294066176949895e-14,1002.2222035674871,1111.1017837435497,0.10000000000000001
1367,0,1.159243811323456,0.099999999999999437,0.2281084597969717,6.8444344009302157e-14,1002.2199752776213,1109.9876388106509,0.10000000000000001
1368,0,1.169243104339905,0.10000000000000012,0.22782170904069521,1.0554910078975939e-13,1002.220146945746,1110.0734728730117,0.10000000000000001
1369,0,1.1792413584636436,0.10000000000000021,0.22751735111941368,1.0540044004898828e-13,1002.2218786290031,1110.939314501536,0.10000000000000001
1370,0,1.1892392939398382,0.099999999999999298,0.22711840891532931,7.8826240847941386e-14,1002.2224661191332,1111.2330595665867,0.10000000000000001
1371,0,1.1992375376808526,0.099999999999999131,0.22674689603834719,6.9600291181068259e-14,1002.2300276952617,1115.0138476308484,0.10000000000000001
1372,0,1.2092340398308621,0.1000000000000002,0.22627299131437192,7.6929296784464445e-14,1002.2316049961838,1115.8024980919095,0.10000000000000001
1373,0,1.2192327113105819,0.099999999999999381,0.22584849089014319,3.3310455376051021e-14,1002.2444863249201,1122.2431624600517,0.10000000000000001
1374,0,1.229228129025618,0.099999999999999215,0.22535714919208122,-5.6366888725928746e-14,1002.2483060409737,1124.1530204868582,0.10000000000000001
1375,0,1.2392271459831128,0.099999999999999478,0.22490312517706795,-1.0011896381515515e-13,1002.2637645857276,1131.8822928637928,0.10000000000000001
1376,0,1.249222342882653,0.099999999999999811,0.22445100319721045,-5.3711446441652907e-14,1002.2709314747713,1135.4657373856298,0.10000000000000001
1377,0,1.2592212508426643,0.099999999999999895,0.22399983959515302,1.1825110202956678e-14,1002.2849687520902,1142.484376045104,0.10000000000000001
1378,0,1.2692173415316079,0.10000000000000007,0.22362881160982243,3.9763811554935457e-14,1002.2956175753969,1147.8087876984659,0.10000000000000001
1379,0,1.2792157237492856,0.099999999999999908,0.22322003148518599,1.9883563830732808e-14,1002.3050201604511,1152.5100802255679,0.10000000000000001
1380,0,1.2892134441889098,0.10000000000000026,0.22293290563469298,1.5140345407425564e-14,1002.3171315815162,1158.5657907580753,0.10000000000000001
1381,0,1.2992115633316597,0.099999999999999756,0.22261097054324053,2.9526252284756195e-14,1002.3221547441007,1161.0773720503289,0.10000000000000001
1382,0,1.3092105774050373,0.10000000000000082,0.22236621162787337,2.0762921415570283e-14,1002.3311901060819,1165.5950530409314,0.10000000000000001
1383,0,1.3192097856248124,0.10000000000000081,0.22215188656294008,1.6024919997903304e-14,1002.3355281148664,1167.7640574332031,0.10000000000000001
1384,0,1.3292086320852095,0.099999999999999978,0.22188766538874644,5.0940035739322159e-14,1002.3355289052154,1167.7644526076847,0.10000000000000001
1385,0,1.3392110752115105,0.099999999999999756,0.22175696014707769,4.3649853758610106e-14,1002.3436252685374,1171.8126342686901,0.10000000000000001
1386,0,1.3492076411633682,0.10000000000000063,0.22141324557234857,-4.3009895044269444e-15,1002.3288613767669,1164.4306883834474,0.10000000000000001
1387,0,1.3592153597777159,0.10000000000000056,0.22128977012440823,1.3647390884527576e-14,1002.3427469407227,1171.3734703613454,0.10000000000000001
1388,0,1.3692079643502408,0.10000000000000003,0.22083157673302636,8.1792846583694456e-14,1002.3114213044639,1155.71065223196,0.10000000000000001
1389,0,1.379222056821982,0.10000000000000095,0.22060564865318377,9.7824401182921713e-14,1002.330901154901,1165.4505774504855,0.10000000000000001
1390,0,1.3892103119767161,0.10000000000000135,0.22001235042353215,6.6544530496885162e-14,1002.2876134775762,1143.8067387881006,0.10000000000000001
1391,0,1.399230310476747,0.099999999999999881,0.21956322880791795,5.4246854272496129e-14,1002.3111513683228,1155.5756841614198,0.10000000000000001
1392,0,1.4092154568370068,0.10000000000000092,0.21883017841902322,6.5991168879465729e-14,1002.2659192584916,1132.9596292458177,0.10000000000000001
1393,0,1.4192392459409102,0.1000000000000012,0.21807073719140502,3.7664993940651808e-14,1002.2889097070225,1144.4548535112631,0.10000000000000001
1394,0,1.4292235077335367,0.099999999999999922,0.21718214193231175,-1.4989446563403717e-14,1002.2481538549356,1124.0769274677973,0.10000000000000001
1395,0,1.4392484269018535,0.099999999999999797,0.21609637847873972,2.8392288390728351e-14,1002.2619666144323,1130.9833072161268,0.10000000000000001
1396,0,1.4492339601168305,0.099999999999999797,0.2150353020833061,1.0080682471940043e-13,1002.2234860250551,1111.7430125275405,0.10000000000000001
1397,0,1.4592588269931743,0.10000000000000045,0.21371704626175991,7.9897796354137619e-14,1002.2231210611317,1111.5605305658391,0.10000000000000001
1398,0,1.4692460987774856,0.10000000000000006,0.21244855400039259,1.8660218352471479e-14,1002.1794337516652,1089.7168758326075,0.10000000000000001
1399,0,1.4792728381042641,0.10000000000000053,0.21103307235289531,-1.9272310535390528e-14,1002.1732983459027,1086.6491729513541,0.10000000000000001
1400,0,1.4892587237613375,0.10000000000000014,0.20955592738361653,-2.0052961443219986e-14,1002.1208654002705,1060.4327001352658,0.10000000000000001
1401,0,1.4992918402660942,0.099999999999999895,0.20815398818604733,-2.2596123872661729e-14,1002.1273651260321,1063.6825630160729,0.10000000000000001
1402,0,1.5092699926307702,0.099999999999999839,0.20653217972186047,-3.1471749054491677e-15,1002.0633960883545,1031.698044177233,0.10000000000000001
1403,0,1.519314940642432,0.099999999999999756,0.20515532979766199,3.5989694049194891e-14,1002.0902619630888,1045.1309815443892,0.10000000000000001
1404,0,1.529279227512913,0.099999999999999922,0.20354216788708498,6.2881251892032288e-14,1002.0060773016173,1003.0386508086622,0.10000000000000001
1405,0,1.5393415826890866,0.10000000000000117,0.20221681701870706,1.129396725469035e-13,1002.0441127382172,1022.0563691086113,0.10000000000000001
1406,0,1.5492898613166619,0.10000000000000163,0.20069340560948562,1.5471437962948029e-13,1001.9261942743448,963.0971371723831,0.10000000000000001
1407,0,1.5593727385938358,0.10000000000000002,0.19945802765450377,1.1750711164605304e-13,1001.9611225329608,980.56126648037889,0.10000000000000001
1408,0,1.5693088392390147,0.10000000000000091,0.19819121643378715,3.2765567225180426e-14,1001.8230618256144,911.53091280722265,0.10000000000000001
1409,0,1.5794067568329089,0.10000000000000092,0.19694376807658412,2.2276528904955496e-14,1001.8436546007745,921.82730038723548,0.10000000000000001
1410,0,1.5893391387951781,0.099999999999999784,0.19601057851903783,5.6084312926581699e-14,1001.7196401334238,859.82006671190447,0.10000000000000001
1411,0,1.5994387113041419,0.099999999999999561,0.19477687151479628,5.4189420368153014e-14,1001.7259868730894,862.9934365446843,0.10000000000000001
1412,0,1.6093766545669592,0.099999999999999645,0.19399308314506986,5.1863649699172007e-14,1001.6280503833733,814.02519168665322,0.10000000000000001
1413,0,1.619468804949582,0.1000000000000003,0.19304734861026604,6.1876943727518626e-14,1001.6231050383814,811.55251919068405,0.10000000000000001
1414,0,1.6294185664573606,0.10000000000000085,0.19209195405568169,5.5890144936959331e-14,1001.5177329387855,758.8664693927285,0.10000000000000001
1415,0,1.6395091116430143,0.099999999999999381,0.19164165683637122,1.6111843200458505e-14,1001.5100554106898,755.02770534490082,0.10000000000000001
1416,0,1.6494663276169608,0.09999999999999909,0.19047459791814617,-2.0234373877577175e-14,1001.3537389750566,676.86948752827902,0.10000000000000001
1417,0,1.6595723069184356,0.100000000000001,0.19027470671155969,-1.4988951322939827e-15,1001.3667531205531,683.37656027654248,0.10000000000000001
1418,0,1.6695203205761768,0.10000000000000089,0.18925221684147608,1.8760130473723348e-14,1001.1594641266533,579.7320633266736,0.10000000000000001
1419,0,1.6796504337769276,0.099999999999998729,0.1890045377141194,-1.2643810645376056e-14,1001.2104885942585,605.24429712927486,0.10000000000000001
1420,0,1.6895801483827875,0.099999999999999395,0.18807051784195955,-2.4609271549132899e-14,1000.9726121244845,486.30606224224948,0.10000000000000001
1421,0,1.6997276898250211,0.09999999999999909,0.1878111584725447,3.0691573809545514e-14,1001.0509734480303,525.48672401513841,0.10000000000000001
1422,0,1.7096537084819592,0.099999999999998646,0.18729146318977899,8.8162471191133907e-14,1000.8304867866283,415.24339331414239,0.10000000000000001
1423,0,1.7198047642789536,0.099999999999999728,0.18631714312949477,8.8877998916520299e-14,1000.8842089654419,442.10448272093572,0.10000000000000001
1424,0,1.7297488382051383,0.099999999999999978,0.18692956367898161,5.630949908243564e-14,1000.757242660264,378.62133013197763,0.10000000000000001
1425,0,1.7398920878222088,0.099999999999999645,0.18493356545531334,4.1159754198171147e-14,1000.7596276626623,379.81383133114832,0.10000000000000001
1426,0,1.7498656229078322,0.099999999999999825,0.18632710038502817,2.8009719041513558e-14,1000.7574869663888,378.74348319439832,0.10000000000000001
1427,0,1.7599875201677857,0.10000000000000006,0.18379619972539205,2.3325344020599494e-15,1000.6697667854656,334.88339273282008,0.10000000000000001
1428,0,1.7699867688090132,0.099999999999999561,0.18555063906493166,-1.5216932424608946e-14,1000.8122410407901,406.12052039506352,0.10000000000000001
1429,0,1.7800723192497296,0.099999999999998937,0.18274317887940467,-5.2771158115862726e-14,1000.5744072941031,287.20364705156953,0.10000000000000001
1430,0,1.7900872471132727,0.099999999999998687,0.1851088147663966,-8.7426745287272331e-14,1000.8240069196586,412.00345982929321,0.10000000000000001
1431,0,1.8001290853896854,0.099999999999999326,0.18138550887116039,-6.9560907453005347e-14,1000.4139526079808,206.976303990416,0.10000000000000001
1432,0,1.8101300229856341,0.099999999999999978,0.18432658727988332,-9.3286424531323817e-15,1000.7348133924995,367.40669624975908,0.10000000000000001
1433,0,1.8200763662883637,0.099999999999999506,0.18050089082986423,6.2693762462107978e-14,1000.2050703974946,102.53519874731865,0.10000000000000001
1434,0,1.830113127251991,0.1000000000000001,0.18207837218094927,9.2636808312431761e-14,1000.5449874224173,272.49371120865362,0.10000000000000001
1435,0,1.839903880030056,0.10000000000000084,0.17909474947215281,5.728441536017679e-14,999.85305737804924,-73.471310975378401,0.10000000000000001
1436,0,1.8499785708544709,0.10000000000000112,0.1782575245828841,4.2681782282258555e-14,1000.4128817310694,206.44086553471652,0.10000000000000001
1437,0,1.8596947595609052,0.10000000000000114,0.17777233940682752,6.938230441180799e-14,999.75260324704311,-123.69837647844406,0.10000000000000001
1438,0,1.8696103662999246,0.10000000000000155,0.17281103880401763,5.7650474875533838e-14,1000.4767010906392,238.35054531957667,0.10000000000000001
1439,0,1.8801038278484921,0.10000000000000286,0.17740118399800853,1.1421378834086317e-15,1000.0389437044687,19.471852234346443,0.10000000000000001
1440,0,1.8886263256923137,0.10000000000000331,0.17053746671292128,-2.8824630864657763e-14,1000.1608146491532,80.407324576583505,0.10000000000000001
1441,0,1.9037715519725862,0.10000000000000138,0.17690462710984384,-4.1589315352114319e-14,1000.0385165231298,19.258261564914392,0.10000000000000001
1442,0,1.9037715519725862,0.10000000000000141,0.1769046271098442,-4.1594649208463113e-14,1000.0385165231298,19.258261564914392,0.10000000000000001
1443,0,1.9302583818266832,0.10000000000000532,0.18503781034168806,-6.6165090397653783e-17,1000.2051966276142,102.59831380710693,0.10000000000000001
1444,0,1.9302583818266832,0.10000000000000543,0.18503781034168687,2.1246206608254172e-17,1000.2051966276142,102.59831380710693,0.10000000000000001
1445,0,1.936226155933999,0.10000000000000198,0.18070776787350601,-1.9351476115205812e-14,999.56416730345325,-217.91634827337703,0.10000000000000001
1446,0,1.9558410021273505,0.1000000000000042,0.17774290095117645,2.9589695921440751e-14,1000.0926610698941,46.330534947060187,0.10000000000000001
1447,0,1.9558410021273505,0.10000000000000397,0.17774290095117615,2.9440039090200279e-14,1000.092661069894,46.330534947003343,0.10000000000000001
1448,0,0.15854437026214674,0.10913025551157657,0.25596322403713406,0.0043187333453597225,999.99153306043968,-4.2334697801607035,0.10000000000000001
1449,0,0.15847192193544471,0.10949073321655409,0.25578749421235114,0.0043082492280520608,999.99524676503211,-2.3766174839465748,0.10000000000000001
1450,0,0.17683914932518241,0.11283521738717131,0.24052675822618966,0.0020372244352970534,1000.0042410042498,2.1205021249102174,0.10000000000000001
1451,0,0.18669504410547808,0.11164359144917282,0.24879499702683694,-2.4539857600383551e-05,1000.0984916234587,49.245811729349498,0.10000000000000001
1452,0,0.18669494120705746,0.11154965875837064,0.24878669440870552,-0.00010939900463621298,1000.0990127072794,49.506353639685585,0.10000000000000001
1453,0,0.21234416566208059,0.10996758988851317,0.23216391326271163,-0.0017857854654438773,1000.2807254496637,140.36272483184575,0.10000000000000001
1454,0,0.21234657920671862,0.10987356309120659,0.23217070383703667,-0.0018646696320143588,1000.2808598488652,140.42992443262392,0.10000000000000001
1455,0,0.22732350012158115,0.10992772164424848,0.24157059313833534,-0.00097780834080631518,999.76723099228639,-116.38450385680699,0.10000000000000001
1456,0,0.23623291839996491,0.10993032884272336,0.23091262092543377,-0.0013228068996813376,1000.4926701332056,246.33506660279636,0.10000000000000001
1457,0,0.24685444331106504,0.10989740500182496,0.24310309947448278,-0.00012849462224026113,999.92718941690771,-36.405291546145691,0.10000000000000001
1458,0,0.25674790170833905,0.10986851448461883,0.23438299313443753,0.00058282902358200081,1000.1469666538979,73.483326948974081,0.10000000000000001
1459,0,0.26698845803583809,0.10997153092971611,0.24041548284728434,0.00090181537724856532,1000.2683312112653,134.16560563263147,0.10000000000000001
1460,0,0.27697787575588573,0.10995785614148644,0.23688446320751752,-0.00035404964020854958,1000.1899193377428,94.95966887141094,0.10000000000000001
1461,0,0.28715749591567324,0.10989503533993325,0.23867306517682926,-0.00018802085792081794,1000.3337609105273,166.88045526365158,0.10000000000000001
1462,0,0.29717633446288411,0.10997539526766364,0.23934304605121329,0.00020714775193696959,1000.0102495274182,5.1247637090909848,0.10000000000000001
1463,0,0.30733301317968931,0.10992828299731856,0.23745802980221117,-4.0500492250469399e-05,1000.4140105384171,207.0052692085369,0.10000000000000001
1464,0,0.31733577789901446,0.10997791925660955,0.24017954918308831,-0.00022330819391871092,1000.1131501977725,56.575098886241904,0.10000000000000001
1465,0,0.32751144771517943,0.10993940486775484,0.23770558174746215,-0.00017240147221685205,1000.4309595106278,215.4797553138792,0.10000000000000001
1466,0,0.33745684794903702,0.10997938245552391,0.23988208122328655,-0.0001093192980734129,1000.2273353387106,113.66766935532269,0.10000000000000001
1467,0,0.34766653780699697,0.1099389902761282,0.23789934437331597,2.0154361351306571e-05,1000.4227239252157,211.3619626078389,0.10000000000000001
1468,0,0.35756846709371232,0.10999305256124067,0.23945327887454301,-4.5698814119662162e-05,1000.3551849363937,177.59246819684904,0.10000000000000001
1469,0,0.36778919934052878,0.10994125236470312,0.23756700327322577,1.2899959877667796e-06,1000.4664903379298,233.24516896491332,0.10000000000000001
1470,0,0.37767674413419489,0.10999051255499286,0.23915082962479925,7.2489176483432052e-05,1000.5027398394412,251.36991972061651,0.10000000000000001
1471,0,0.3878976537654566,0.10995680152295274,0.23712714587143394,6.6874335472332377e-06,1000.553571592071,276.78579603548314,0.10000000000000001
1472,0,0.39777725963997157,0.10998739891559395,0.23857080450205273,4.5577003897527328e-05,1000.6762668701333,338.13343506665205,0.10000000000000001
1473,0,0.40798947241326478,0.10996804510949336,0.237111606461793,-3.795813414410965e-05,1000.6471371635844,323.56858179218762,0.10000000000000001
1474,0,0.41787094119303025,0.10998387005948347,0.23782950372746262,2.8022225032610669e-05,1000.846687416694,423.34370834697665,0.10000000000000001
1475,0,0.42806712481213943,0.10997642926032652,0.23729197007437061,-5.7729055104706526e-05,1000.7727668339475,386.3834169737288,0.10000000000000001
1476,0,0.43795885087277547,0.10998556514668432,0.23734324422445949,-1.4390897713684308e-05,1001.0143718554202,507.18592771011117,0.10000000000000001
1477,0,0.44813012967354687,0.10998318010709948,0.23738976512085541,-6.3040675614793067e-05,1000.9371526136413,468.576306820637,0.10000000000000001
1478,0,0.45803633037766361,0.1099893862304793,0.23716229707421968,-7.0873275174750564e-05,1001.1772463449005,588.62317245024087,0.10000000000000001
1479,0,0.46818104440090558,0.10998741196300547,0.23745271649167651,-6.8358952237753626e-05,1001.1143891974542,557.19459872710786,0.10000000000000001
1480,0,0.47810216565302566,0.10999282826303486,0.23705078720494557,-8.4211033687889037e-05,1001.3316982818916,665.84914094579517,0.10000000000000001
1481,0,0.48822318523897296,0.10999051192498258,0.23746591421943525,-7.6013563400069781e-05,1001.286323158326,643.16157916300654,0.10000000000000001
1482,0,0.49815867201647429,0.10999375781598066,0.2369299297525039,-8.1528633815386767e-05,1001.4710384513561,735.51922567804695,0.10000000000000001
1483,0,0.50826024903611766,0.10999306058972332,0.23719686111162563,-5.8176847202204759e-05,1001.4478824831202,723.9412415601123,0.10000000000000001
1484,0,0.51820782605298288,0.10999394089214239,0.23671832711051255,-5.8514290292333021e-05,1001.5923739954665,796.18699773322987,0.10000000000000001
1485,0,0.52829416275085783,0.10999455916092042,0.23657877353933371,-3.2950016256470895e-05,1001.5880439002481,794.02195012403354,0.10000000000000001
1486,0,0.53825120195985632,0.10999404047379824,0.23615938628958516,-2.382653739282287e-05,1001.6986962544244,849.34812721218123,0.10000000000000001
1487,0,0.5483259050110687,0.10999526216838182,0.23566398868027361,3.1089356274065815e-06,1001.699047893571,849.52394678549581,0.10000000000000001
1488,0,0.55829038110702356,0.10999401431163701,0.23512925639711751,2.0671910702621069e-05,1001.7890812065964,894.5406032981964,0.10000000000000001
1489,0,0.56835622030402722,0.10999538070718246,0.23440957225089176,4.2025043719888134e-05,1001.7847842837012,892.3921418506211,0.10000000000000001
1490,0,0.57832701851897239,0.10999418730383742,0.23370806330905128,5.5461244337885085e-05,1001.8607889722194,930.39448610971931,0.10000000000000001
1491,0,0.58838542716924536,0.10999481432835029,0.23281384102993552,7.6693487560971284e-05,1001.8515711119338,925.78555596691103,0.10000000000000001
1492,0,0.59836234742743122,0.10999453929881728,0.23200498209277293,7.7654450396831131e-05,1001.9160467478805,958.02337394025017,0.10000000000000001
1493,0,0.60841390188148625,0.10999416391896014,0.2310221285436426,9.2323932116228634e-05,1001.9029421140737,951.47105703682655,0.10000000000000001
1494,0,0.61839683179045468,0.10999451862095459,0.23014331248610773,8.386228350487499e-05,1001.9600030974676,980.00154873381007,0.10000000000000001
1495,0,0.628442143743972,0.10999390198405563,0.22921676945569583,8.7071087153874728e-05,1001.9435647751742,971.78238758709767,0.10000000000000001
1496,0,0.63843071467588652,0.10999409487066215,0.22832670185254497,7.0057571860761622e-05,1001.9957627429039,997.88137145196742,0.10000000000000001
1497,0,0.6484704547263529,0.10999390780199385,0.22754405387675736,6.3052856812448552e-05,1001.979501151338,989.75057566900659,0.10000000000000001
1498,0,0.65846406476224861,0.10999364218862707,0.22676985132809374,3.7272149554996823e-05,1002.0257048058354,1012.8524029177015,0.10000000000000001
1499,0,0.66849901341341245,0.10999377405429391,0.22615544626853812,2.4097319078678836e-05,1002.013496516311,1006.7482581554827,0.10000000000000001
1500,0,0.67849698262385594,0.10999335717149121,0.22559757049971066,-5.4609319347338665e-06,1002.0533326514566,1026.6663257282858,0.10000000000000001
1501,0,0.68852783863028333,0.10999354584546917,0.2251919506165945,-2.3287262270513015e-05,1002.0450921164629,1022.5460582314554,0.10000000000000001
1502,0,0.69852953419518271,0.10999312581442321,0.22486296823098462,-5.186443355320899e-05,1002.0800889707698,1040.0444853848967,0.10000000000000001
1503,0,0.7085569254851829,0.10999333020152186,0.22469802642622508,-6.9186010736209039e-05,1002.0740550303198,1037.0275151598776,0.10000000000000001
1504,0,0.71856176438579167,0.10999291556701379,0.22457902035030344,-9.3195704639203951e-05,1002.1043454389539,1052.172719476971,0.10000000000000001
1505,0,0.72858631167188792,0.10999308238566201,0.22462540552028351,-0.00010639036099213608,1002.0997269350355,1049.8634675177527,0.10000000000000001
1506,0,0.73859374239797215,0.1099927635321631,0.22468470678376265,-0.00012310851618969765,1002.1242100051926,1062.1050025962973,0.10000000000000001
1507,0,0.74861600796006134,0.10999281755333469,0.22487889453435186,-0.00012913814532020676,1002.1200925030873,1060.0462515436675,0.10000000000000001
1508,0,0.75862554796337123,0.10999263151092746,0.22505762158352441,-0.00013775007665090317,1002.1381696751422,1069.0848375710971,0.10000000000000001
1509,0,0.76864602098203161,0.10999265758122811,0.22532708387312952,-0.00013623537864628551,1002.1333256126854,1066.6628063427197,0.10000000000000001
1510,0,0.77865717167326498,0.10999257977404518,0.22555456076602337,-0.00013652637390906499,1002.1449478870334,1072.4739435166839,0.10000000000000001
1511,0,0.7886762546741618,0.1099925904148957,0.22582842154410049,-0.00012919885887798885,1002.138515265294,1069.2576326470089,0.10000000000000001
1512,0,0.79868864483456226,0.10999255650586236,0.22603934609195023,-0.00012334708718352938,1002.1440917900801,1072.0458950400484,0.10000000000000001
1513,0,0.80870671227605384,0.10999257261626522,0.22626126911328681,-0.00011279322026680575,1002.1358112279441,1067.9056139720728,0.10000000000000001
1514,0,0.81872007249040979,0.10999253143936674,0.22640810747727794,-0.00010378878105260121,1002.1363229828776,1068.1614914387865,0.10000000000000001
1515,0,0.82873744053172249,0.10999256985134581,0.22654358716564904,-9.2745786595437881e-05,1002.1266036583093,1063.301829154625,0.10000000000000001
1516,0,0.83875156860926869,0.10999253143863745,0.22660374198821331,-8.4271791370841016e-05,1002.1235229910037,1061.7614955018553,0.10000000000000001
1517,0,0.84876847041709891,0.10999262272112487,0.22664401899500386,-7.5056063353396064e-05,1002.1134023814033,1056.7011907016308,0.10000000000000001
1518,0,0.85878313153015984,0.10999266490496779,0.2266190381955544,-6.925746542312924e-05,1002.1086515103294,1054.3257551647116,0.10000000000000001
1519,0,0.86879960996943761,0.109992786416422,0.22657889042141155,-6.4351873190087138e-05,1002.0995368244938,1049.7684122469195,0.10000000000000001
1520,0,0.87881454841062145,0.10999291039338903,0.22649179640894679,-6.2657081734048288e-05,1002.0951199192148,1047.5599596073835,0.10000000000000001
1521,0,0.88883057695357681,0.1099930827543838,0.22640153131430416,-6.2557682161615855e-05,1002.0885912312425,1044.2956156212517,0.10000000000000001
1522,0,0.89884553460168559,0.10999327792436646,0.22628901692191733,-6.5452231933424827e-05,1002.0862719609734,1043.1359804866815,0.10000000000000001
1523,0,0.90886103431267573,0.10999354383896744,0.22618696679040171,-6.9681096723965221e-05,1002.0835776685208,1041.7888342603874,0.10000000000000001
1524,0,0.91887573272740752,0.10999382176774658,0.22608724800470259,-7.6287428910972504e-05,1002.0847070740781,1042.3535370390482,0.10000000000000001
1525,0,0.92889057534365072,0.10999416515551666,0.22601287467022166,-8.4102725155646457e-05,1002.0864701845358,1043.2350922678779,0.10000000000000001
1526,0,0.93890472690395743,0.10999453242649582,0.2259571728043861,-9.3135930999516881e-05,1002.0916023466615,1045.8011733307444,0.10000000000000001
1527,0,0.94891869313239796,0.10999494504342441,0.22594033204340142,-0.00010304060944211684,1002.0977817233896,1048.8908616948152,0.10000000000000001
1528,0,0.95893196520262691,0.10999541303260642,0.22595086017586949,-0.00011324506978857333,1002.1065155362018,1053.2577681008775,0.10000000000000001
1529,0,0.96894479754639518,0.10999592813337994,0.22600427133417675,-0.00012306931681591959,1002.1163340186959,1058.1670093479261,0.10000000000000001
1530,0,0.97895687729692782,0.10999651233912842,0.22608827030418244,-0.00013280768368999842,1002.1276181671958,1063.8090835979028,0.10000000000000001
1531,0,0.98896835951342243,0.10999715156639332,0.22620979638844574,-0.00014108639256834671,1002.1396835981867,1069.8417990933535,0.10000000000000001
1532,0,0.99897901777167519,0.10999782667363937,0.22635686171754979,-0.00014910814737143592,1002.1521542976835,1076.0771488417618,0.10000000000000001
1533,0,1.0089890153491698,0.10999851564119807,0.22652984582191332,-0.00015500852068419887,1002.1647660393337,1082.3830196668496,0.10000000000000001
1534,0,1.0189981902676002,0.10999915397471043,0.22671851200137536,-0.00016076205828201388,1002.1770175720995,1088.508786049772,0.10000000000000001
1535,0,1.0290066921999137,0.10999979392111152,0.22691591482545606,-0.00016428290289416836,1002.1885327843758,1094.2663921878761,0.10000000000000001
1536,0,1.0390144380472033,0.11000038885598684,0.2271184282058421,-0.00016659417650348386,1002.1992686939,1099.6343469499834,0.10000000000000001
1537,0,1.0490214200609329,0.11000105662291242,0.22731003233735605,-0.00016735096102156981,1002.2083481619628,1104.1740809814087,0.10000000000000001
1538,0,1.0590277248701987,0.11000173732494649,0.2274959375766758,-0.0001651509589642297,1002.2165858985053,1108.2929492526432,0.10000000000000001
1539,0,1.069033112894906,0.1100025012723132,0.22765494550242138,-0.00016308772025810697,1002.2225053563297,1111.2526781648739,0.10000000000000001
1540,0,1.079037914089797,0.11000330706363874,0.22779367832512523,-0.0001569099237140736,1002.2276088626523,1113.804431326173,0.10000000000000001
1541,0,1.0890416961349552,0.11000409678759479,0.22789897657772767,-0.00015273156334824487,1002.2304274726019,1115.2137363009729,0.10000000000000001
1542,0,1.0990449265273525,0.11000493187982542,0.22796575763205779,-0.0001448031135604749,1002.2321988582675,1116.0994291337261,0.10000000000000001
1543,0,1.1090472340770345,0.11000558330737252,0.22799807422253371,-0.00013884171521253851,1002.2326247188078,1116.312359403878,0.10000000000000001
1544,0,1.1190489431088042,0.11000631438693165,0.22797475827064043,-0.0001317996957552387,1002.231519030723,1115.7595153615034,0.10000000000000001
1545,0,1.129050091766056,0.11000680840627801,0.22791871905142869,-0.00012382816735748156,1002.2307974326649,1115.3987163324359,0.10000000000000001
1546,0,1.1390504560476435,0.11000742744840197,0.22779371870627962,-0.00011922558028584228,1002.2280697622542,1114.034881127111,0.10000000000000001
1547,0,1.1490507202704416,0.11000790213012684,0.22763368636979736,-0.00010942604147126608,1002.22748307597,1113.7415379849926,0.10000000000000001
1548,0,1.1590499699357577,0.11000837204360428,0.22740885048463752,-0.00010735613680107068,1002.2253470479252,1112.6735239625987,0.10000000000000001
1549,0,1.1690494160841409,0.11000889451366579,0.22713487300663021,-9.7678124392501679e-05,1002.2258357467157,1112.9178733578442,0.10000000000000001
1550,0,1.1790478838214906,0.11000912537681602,0.22682101919718894,-9.6595110805692874e-05,1002.2267527773636,1113.376388681786,0.10000000000000001
1551,0,1.1890463910850657,0.11000968528080643,0.22643971763830792,-8.9788800650342942e-05,1002.2287668216707,1114.3834108353303,0.10000000000000001
1552,0,1.1990445056737506,0.11000965307710443,0.22605691175495754,-8.6730697423513016e-05,1002.2346445647856,1117.3222823928199,0.10000000000000001
1553,0,1.209041923898454,0.11001012660928311,0.22559622205396915,-8.5757484508402243e-05,1002.2382905586148,1119.1452793074177,0.10000000000000001
1554,0,1.2190401632063703,0.11000994512264319,0.22516880593714045,-7.9316042614365823e-05,1002.2494206595416,1124.7103297707781,0.10000000000000001
1555,0,1.2290365882151113,0.11001010763048846,0.22467625321413259,-8.4567948068840358e-05,1002.2547720460486,1127.3860230243145,0.10000000000000001
1556,0,1.2390353261914184,0.11001001215881072,0.22423567622916729,-7.5750879817916856e-05,1002.2697626017416,1134.8813008708021,0.10000000000000001
1557,0,1.2490311454292842,0.1100096583075502,0.22376407372716123,-8.5211148510922711e-05,1002.2767393192911,1138.3696596455479,0.10000000000000001
1558,0,1.2590304611093666,0.11000980926223121,0.2233415067061652,-7.8095499221204567e-05,1002.2928038972177,1146.4019486088546,0.10000000000000001
1559,0,1.2690263161201418,0.11000893054717792,0.2229397671631495,-8.7619377857793925e-05,1002.3013267755058,1150.6633877528998,0.10000000000000001
1560,0,1.2790260425511089,0.1100092987097786,0.22256182657616899,-8.756435082946024e-05,1002.3151867922171,1157.5933961085525,0.10000000000000001
1561,0,1.2890225842111322,0.11000813970825678,0.22225011835713743,-9.3244971663663243e-05,1002.3240579015829,1162.0289507914663,0.10000000000000001
1562,0,1.2990226146471928,0.11000840372385266,0.22194156841686027,-0.00010394648901794789,1002.3335630817772,1166.7815408886213,0.10000000000000001
1563,0,1.3090201926845362,0.11000739144369696,0.22170095130961498,-0.00010332631790659212,1002.3397743320562,1169.8871660281043,0.10000000000000001
1564,0,1.3190209303863145,0.11000703989944018,0.22146771524117267,-0.00012011008406083094,1002.3449645033953,1172.4822516976587,0.10000000000000001
1565,0,1.3290192487233643,0.11000669366492377,0.22124749086302453,-0.00011179500207226655,1002.3448210126893,1172.4105063446473,0.10000000000000001
1566,0,1.3390216860180857,0.11000546179681993,0.22106644566849173,-0.00012357316555537771,1002.3488700941282,1174.4350470640939,0.10000000000000001
1567,0,1.3490196456371064,0.11000608450938909,0.22079355661968506,-0.00010966458024302256,1002.3395006824436,1169.7503412217998,0.10000000000000001
1568,0,1.3590252194927259,0.11000415950030357,0.2206070361208117,-0.00010798786640712768,1002.3473779198047,1173.6889599023357,0.10000000000000001
1569,0,1.369021246125633,0.11000556803772957,0.22021321402540942,-9.5494672754442464e-05,1002.3274606145317,1163.7303072658369,0.10000000000000001
1570,0,1.3790313528144864,0.11000345179556416,0.21993977612287535,-8.3724249037057401e-05,1002.3416904483391,1170.8452241695682,0.10000000000000001
1571,0,1.389024056623599,0.1100048844480995,0.21937580807215165,-8.2641022425652071e-05,1002.3100746468791,1155.0373234395579,0.10000000000000001
1572,0,1.3990396021536344,0.11000315163192827,0.21892899837591218,-5.852969804234474e-05,1002.3280430517234,1164.021525861699,0.10000000000000001
1573,0,1.4090284414795131,0.11000358114861142,0.21817063096023287,-6.3959183857902605e-05,1002.2849192485869,1142.4596242934513,0.10000000000000001
1574,0,1.4190494487745617,0.11000300814549878,0.21747812180512541,-2.7531481283357204e-05,1002.302049980843,1151.0249904214902,0.10000000000000001
1575,0,1.4290347237000449,0.11000179510267265,0.21652086532153936,-2.0751596364918892e-05,1002.2525788988802,1126.2894494400939,0.10000000000000001
1576,0,1.4390605035859036,0.11000291863259808,0.21553524545190964,2.8496803607479036e-05,1002.267512738693,1133.7563693464858,0.10000000000000001
1577,0,1.4490431198066958,0.11000036959629601,0.21438677539050424,4.9682529561527946e-05,1002.2205370702815,1110.2685351407331,0.10000000000000001
1578,0,1.4590728685823942,0.11000285327802269,0.21314259959059775,8.760622363984891e-05,1002.2358710035132,1117.9355017566195,0.10000000000000001
1579,0,1.4690538535167086,0.10999993031339225,0.21180944607484783,9.5028201437123708e-05,1002.19260623937,1096.3031196849897,0.10000000000000001
1580,0,1.4790872545366105,0.11000257305617504,0.21040380350922233,9.4968081155923158e-05,1002.2069722692215,1103.4861346107618,0.10000000000000001
1581,0,1.4890666723898627,0.11000030923924933,0.20894057916033199,8.2039523582092984e-05,1002.1571728921671,1078.5864460835342,0.10000000000000001
1582,0,1.499104233734853,0.11000160905452545,0.2074717316708572,5.4411367287216304e-05,1002.165544606377,1082.7723031885057,0.10000000000000001
1583,0,1.5090799510509838,0.11000136859896738,0.20597031307038088,4.3066063312772774e-05,1002.097539075549,1048.7695377744899,0.10000000000000001
1584,0,1.5191231601262423,0.10999942561157518,0.20446594978737931,3.5867913398414271e-05,1002.1004020783096,1050.2010391547856,0.10000000000000001
1585,0,1.5290925174376833,0.11000243821461587,0.20301656445059327,3.8107767087212333e-05,1002.0162883300283,1008.1441650141301,0.10000000000000001
1586,0,1.5391443891254477,0.10999621342324327,0.2015475348249634,5.3240154566685282e-05,1002.0257891311351,1012.8945655675352,0.10000000000000001
1587,0,1.5491066782833054,0.11000200109238419,0.20014227006931962,4.4246874234694954e-05,1001.9330224350765,966.51121753825464,0.10000000000000001
1588,0,1.5591714685948301,0.10999370765436933,0.19879810621307079,4.6824253698056924e-05,1001.9572014274119,978.60071370593005,0.10000000000000001
1589,0,1.5691268941609722,0.10999976446874869,0.19754287586261279,-2.2282944945951457e-05,1001.8576827500798,928.8413750398945,0.10000000000000001
1590,0,1.579206555640071,0.10999375620230847,0.19630434747357658,-5.5870312568758411e-05,1001.879485285906,939.74264295297871,0.10000000000000001
1591,0,1.5891537086050427,0.10999749606976811,0.19528472818835169,-0.00015876209974091465,1001.7651347172982,882.56735864911207,0.10000000000000001
1592,0,1.5992446265905471,0.10999661338012676,0.19422407048235502,-0.00016603285665604453,1001.7670926620187,883.54633100937008,0.10000000000000001
1593,0,1.6091822434088012,0.10999466646898098,0.19328772247621703,-0.00019158498468462606,1001.6307847039258,815.39235196288473,0.10000000000000001
1594,0,1.6192806805317808,0.10999848496214668,0.19253171484464227,-0.00016222159777576605,1001.6261157162022,813.05785810110365,0.10000000000000001
1595,0,1.6292124864702358,0.10998906776525195,0.19146997937638816,-0.00011517712398029176,1001.4712098589351,735.60492946756995,0.10000000000000001
1596,0,1.6393221205248336,0.10999390368206281,0.19103022781889525,-8.1690284659880302e-05,1001.4895003712483,744.75018562412743,0.10000000000000001
1597,0,1.6492559737087356,0.10998272242979934,0.18989289096501302,-0.00010055406183716782,1001.3246566904445,662.32834522224948,0.10000000000000001
1598,0,1.6593811593640222,0.1099868513135685,0.18954875068157206,-6.6717186482357881e-05,1001.3668949893862,683.44749469309818,0.10000000000000001
1599,0,1.6693176122122773,0.10997953566172627,0.18860622332940152,-0.00023270775844971362,1001.194414781968,597.20739098401054,0.10000000000000001
1600,0,1.6794548280737587,0.10998959775721336,0.18829215021268766,-0.00022240668092509718,1001.2493298604815,624.66493024072633,0.10000000000000001
1601,0,1.6893800637865712,0.10997773291965383,0.18741932259139443,-0.00037847621511015813,1001.0494617061422,524.73085307110523,0.10000000000000001
1602,0,1.699529678915475,0.10999739411446842,0.18715670734273332,-0.00034336481173957804,1001.1250894643579,562.54473217893519,0.10000000000000001
1603,0,1.7094372544388055,0.10997144782570763,0.18668122715369875,-0.00041921529905985996,1000.9121219975572,456.06099877858242,0.10000000000000001
1604,0,1.7196051810309019,0.10999720292238041,0.18562825202037883,-0.0003536209107373246,1000.9561792606739,478.08963033696728,0.10000000000000001
1605,0,1.7295115273980577,0.10995713456971609,0.18627182069419793,-0.00046777451050392587,1000.787458548141,393.72927407049474,0.10000000000000001
1606,0,1.7396933979038864,0.10998983380955596,0.18425263027126607,-0.00037581783666684011,1000.7356952359029,367.8476179514405,0.10000000000000001
1607,0,1.7496142574200637,0.10994157473485892,0.18555891566728086,-0.00057506849715418477,1000.634656928095,317.32846404747761,0.10000000000000001
1608,0,1.7597868307636879,0.10998890277792583,0.18340027086224225,-0.00031346784376855421,1000.4961351084945,248.06755424725679,0.10000000000000001
1609,0,1.769725412010926,0.10994528759023676,0.18475504234988507,-0.00032898137724367445,1000.4934894484287,246.74472421435212,0.10000000000000001
1610,0,1.7798661831018037,0.10998101850979349,0.18247140730977032,-0.0001814244664535557,1000.2602585773503,130.12928867516393,0.10000000000000001
1611,0,1.7898507634651861,0.10996780380323844,0.18456940381362219,0.00019742396454023917,1000.483497474568,241.7487372840128,0.10000000000000001
1612,0,1.7999170003089529,0.11000986496083801,0.18090139507798605,7.226519460112688e-05,1000.0613927451585,30.696372579257059,0.10000000000000001
1613,0,1.8099495995056907,0.10999962209456901,0.18423743946739565,0.00092302408066392318,1000.5915858697166,295.79293485829794,0.10000000000000001
1614,0,1.8199232829487688,0.11009198327454889,0.17943058272067347,0.00068085258887034313,999.99446202505055,-2.7689874747238719,0.10000000000000001
1615,0,1.8299519299412299,0.11002523547674503,0.1820073628117673,0.001021263134528492,1000.7104315404188,355.21577020938366,0.10000000000000001
1616,0,1.8398357400937926,0.11019585896683695,0.17852220797480475,0.0014864490702558106,1000.144179846514,72.089923257010469,0.10000000000000001
1617,0,1.8497926378804606,0.11010975936495186,0.17744712167176985,0.001247353149172923,1000.6944403268088,347.22016340441542,0.10000000000000001
1618,0,1.8596717397919558,0.11017435839426848,0.1775535318483932,0.001300190786403331,1000.1526205564759,76.310278237940565,0.10000000000000001
1619,0,1.869422729709048,0.11015178749821131,0.17262915409463228,0.00093632381798203191,1000.2926927034148,146.3463517073933,0.10000000000000001
1620,0,1.8796560037034082,0.11005436845880104,0.17740176590230089,0.00045140408846050788,999.95763086268016,-21.184568659919023,0.10000000000000001
1621,0,1.8887293529988134,0.10995076201375503,0.17058088743426392,-0.00023387797819503236,1000.1540302818565,77.015140928267556,0.10000000000000001
1622,0,1.903560186846373,0.10978377045223757,0.176767365134928,-0.0018364815884689275,1000.0537505002883,26.875250144144047,0.10000000000000001
1623,0,1.9035572663693576,0.10987243177694141,0.17676220344109148,-0.0018587771005366635,1000.053912135606,26.956067802984762,0.10000000000000001
1624,0,1.9293829011115584,0.11198515449461274,0.18190127961934638,0.00096704083487488229,1000.1065808997897,53.290449894859648,0.10000000000000001
1625,0,1.9293779392879711,0.1120807702303826,0.18185616456222306,0.001040812051491644,1000.1060169754646,53.00848773231337,0.10000000000000001
1626,0,1.937887888335136,0.11273376648754523,0.17944480608561231,0.0017008973420980509,999.87484697121363,-62.576514393185789,0.10000000000000001
1627,0,1.9575876349652965,0.1093097145871674,0.18217004817329957,0.0018530816754278108,1000.0107533088484,5.3766544241966585,0.10000000000000001
1628,0,1.9575304490620149,0.10894475002070132,0.1821763890644644,0.0018512745894542105,1000.0119687370145,5.9843685072564767,0.10000000000000001
1629,0,0.15727082457958755,0.11794122649048697,0.25175782588340001,0.0019729815563175137,1000.0474549719315,23.727485965764572,0.10000000000000001
1630,0,0.15732789950390103,0.11724559211575217,0.25212403977529602,0.0018121696715667939,1000.0434771172364,21.738558618210391,0.10000000000000001
1631,0,0.175421695132713,0.12014765859026338,0.24252714957191362,-0.0011130732974776582,999.94465414815716,-27.67292592142212,0.10000000000000001
1632,0,0.18613152862590024,0.12236870708664685,0.24966833771072738,-0.0015999149329518141,1000.1022790261283,51.139513064129005,0.10000000000000001
1633,0,0.18605807816387832,0.12304629581086464,0.24970211734672321,-0.00096835033573059543,1000.1066715991379,53.335799568969833,0.10000000000000001
1634,0,0.21182964786193761,0.12006190930087242,0.23034230043047293,-0.0028169363802439049,1000.2949412615408,147.47063077038547,0.10000000000000001
1635,0,0.21184809179231365,0.11985506568013114,0.23044304006222785,-0.0030077798340365823,1000.29432038785,147.16019392500357,0.10000000000000001
1636,0,0.22656920245056986,0.11975893372841349,0.24036626008170203,-0.0012496826429979398,999.84635916558523,-76.820417207386527,0.10000000000000001
1637,0,0.23565584920608121,0.11980319513448422,0.22845307171477763,-0.0018058446548108427,1000.2790300170336,139.51500851680976,0.10000000000000001
1638,0,0.24627844854628006,0.11979987946822226,0.24053096798574772,-0.00057310870946923273,1000.0996684405486,49.834220274306062,0.10000000000000001
1639,0,0.25611046760666967,0.1199330231757814,0.23139175823115296,-0.001901774330366277,1000.0799553043156,39.977652157801913,0.10000000000000001
1640,0,0.26642564879350256,0.11971880975212451,0.23829268189617481,-0.0012498875727622752,1000.1933473881444,96.673694072194394,0.10000000000000001
1641,0,0.27636491976246585,0.11987906192769289,0.23437272318875121,0.00014816836610208559,999.96765807443614,-16.170962781927756,0.10000000000000001
1642,0,0.28669525363972986,0.1198093600008371,0.23577200780958255,-0.00034953909054762431,1000.4070668354212,203.5334177106165,0.10000000000000001
1643,0,0.2966239854956878,0.11993673317127801,0.23698658621243016,-0.00063974384088181287,999.98720622172493,-6.3968891375338899,0.10000000000000001
1644,0,0.30694975772678545,0.11981924430675714,0.23424839362953923,-0.00061354709708762254,1000.4890978709459,244.54893547294887,0.10000000000000001
1645,0,0.31680755818135048,0.11996146152754691,0.23777594776625241,-0.00018297778198757961,1000.0757283355081,37.864167754037226,0.10000000000000001
1646,0,0.32715244613824024,0.11984821011139107,0.23440302040562735,-0.00020124191810582276,1000.423003301246,211.5016506230063,0.10000000000000001
1647,0,0.33694698271150814,0.11996587639400466,0.23723777646371655,-0.00020473209351592006,1000.245726007044,122.86300352201351,0.10000000000000001
1648,0,0.34729693948309093,0.11989554642176918,0.23478117402772095,-0.00015294528426807174,1000.3989626042851,199.48130214254434,0.10000000000000001
1649,0,0.35705612292219091,0.11997066386488724,0.2364626340307073,-0.00010745552494089963,1000.4205799381803,210.28996909012676,0.10000000000000001
1650,0,0.36739643010143391,0.11991655919388601,0.23467706492180124,-0.00010271263305788826,1000.4283532776378,214.17663881891258,0.10000000000000001
1651,0,0.3771689142182868,0.11996649014447308,0.23603457637142075,-6.4695872448938333e-05,1000.5510717749295,275.53588746474134,0.10000000000000001
1652,0,0.3874677688020543,0.11993252779074438,0.23432194989705704,-7.6900514604418661e-05,1000.5010156306207,250.50781531035682,0.10000000000000001
1653,0,0.39727789407632452,0.11996657239348928,0.2354218536646433,-1.2557691249153002e-05,1000.6959563577645,347.978178882272,0.10000000000000001
1654,0,0.40752743204394548,0.11994796969866528,0.23431906552540607,-4.6621230618875579e-05,1000.6148396189562,307.41980947811953,0.10000000000000001
1655,0,0.41737525547817489,0.11996941546979489,0.23473002625033471,-3.2040501425053847e-05,1000.8625304173573,431.26520867866702,0.10000000000000001
1656,0,0.42758339000698098,0.11996069906691484,0.23442420781206905,-4.8266152917354982e-05,1000.7643777501627,382.18887508134003,0.10000000000000001
1657,0,0.43745690972363327,0.11997393287299127,0.23433731544770939,-4.4820706676680262e-05,1001.0245910732184,512.29553660920146,0.10000000000000001
1658,0,0.44763495853088864,0.11997167392762256,0.23445217994093287,-2.3388047468362645e-05,1000.9322030901717,466.10154508584856,0.10000000000000001
1659,0,0.45752668027506738,0.11997962857299327,0.23420762984951488,-4.4620361890610059e-05,1001.1800064541274,590.00322706367569,0.10000000000000001
1660,0,0.46767732051288791,0.11997911057611484,0.23452107673727052,1.9292578497869938e-06,1001.1062784632766,553.13923163828349,0.10000000000000001
1661,0,0.47758898901850227,0.11998543481217437,0.23412422210213352,-3.2035227462990752e-05,1001.3316218580608,665.81092903038552,0.10000000000000001
1662,0,0.48771160648353462,0.11998463708747846,0.23454191826263762,2.7188924352346338e-05,1001.2808909225051,640.44546125256829,0.10000000000000001
1663,0,0.49764399588198494,0.11998799403877358,0.2340508005333741,-1.1320612564171137e-05,1001.4695524617216,734.77623086080257,0.10000000000000001
1664,0,0.50774218799791493,0.11998824872394158,0.23429791776473008,6.2138360425296807e-05,1001.4455084071994,722.75420359972031,0.10000000000000001
1665,0,0.51769154410968132,0.11998916364477616,0.23387003902205505,3.1627001176703389e-05,1001.5901240642888,795.06203214441484,0.10000000000000001
1666,0,0.52777187156341487,0.11999005590370981,0.23372211453363617,0.00010771415567737712,1001.5879518608562,793.97593042807557,0.10000000000000001
1667,0,0.53773240955450941,0.11999044470919749,0.23333586722358185,9.4292705807075638e-05,1001.6967800961212,848.39004806059393,0.10000000000000001
1668,0,0.54780116548576152,0.11999039300716073,0.23284903466183804,0.00015850333951499129,1001.7005108321057,850.25541605284616,0.10000000000000001
1669,0,0.55776847123183615,0.11999127018787283,0.2323366783535907,0.00015851484071094992,1001.7883751281585,894.18756407923183,0.10000000000000001
1670,0,0.56782977868377948,0.11999059937253603,0.23161487155068045,0.00020854887355292555,1001.7873950259237,893.6975129618645,0.10000000000000001
1671,0,0.57780172212218728,0.11999089643060001,0.23095131034074856,0.00020719571327822701,1001.8610681279716,930.53406398581728,0.10000000000000001
1672,0,0.58785743722903894,0.11999079083936783,0.23004007829018655,0.00024993124076458286,1001.8539456832696,926.97284163477889,0.10000000000000001
1673,0,0.59783374468863459,0.1199902878278766,0.22926279749656248,0.00023513927954977307,1001.9174798522578,958.73992612888514,0.10000000000000001
1674,0,0.607883989219972,0.11999047658624772,0.22827578944881632,0.0002651779880506881,1001.9046278304567,952.31391522833064,0.10000000000000001
1675,0,0.61786551378488419,0.11998989397639043,0.22740865133091376,0.00024138077275493905,1001.9620111824491,981.00559122457298,0.10000000000000001
1676,0,0.6279095942090962,0.11999000135095707,0.22648657334813238,0.00025182832362049249,1001.9454722573885,972.73612869423687,0.10000000000000001
1677,0,0.63789711528335979,0.11998943657828141,0.22560618553024253,0.00022025092087380488,1001.9975870318336,998.79351591681598,0.10000000000000001
1678,0,0.64793489066000776,0.11998961689982275,0.22482092226929068,0.00021735153357629324,1001.9821357277917,991.06786389586432,0.10000000000000001
1679,0,0.65792819162922578,0.11998896165061215,0.22406281121126345,0.0001758268223732825,1002.0274199544664,1013.7099772331908,0.10000000000000001
1680,0,0.66796048357693549,0.11998921078201176,0.22344527930812261,0.00016520923121949091,1002.016540473073,1008.2702365364753,0.10000000000000001
1681,0,0.67795843230410391,0.11998850492907343,0.22290024846172196,0.00011976726578293633,1002.0552107233651,1027.6053616825607,0.10000000000000001
1682,0,0.68798655721241564,0.11998877890612479,0.22249905759831173,0.00010277670027911099,1002.0484517338207,1024.2258669103421,0.10000000000000001
1683,0,0.69798800189086108,0.11998810435799767,0.2221806988065024,6.0667483587257797e-05,1002.0821881933479,1041.0940966739304,0.10000000000000001
1684,0,0.70801290040638354,0.11998832976362975,0.22202450430588097,4.1989799019601148e-05,1002.0776687468832,1038.8343734416026,0.10000000000000001
1685,0,0.71801712007592355,0.11998774941538734,0.22191946472386309,6.569587473579952e-06,1002.1067521758222,1053.3760879110901,0.10000000000000001
1686,0,0.72803942682419465,0.11998782508448536,0.22197510314314783,-8.2095796458431771e-06,1002.1034712006533,1051.7356003266514,0.10000000000000001
1687,0,0.73804592400357039,0.11998739526911843,0.22205369320862503,-3.4362769648529635e-05,1002.12699432325,1063.49716162498,0.10000000000000001
1688,0,0.74806621324767464,0.11998737356816778,0.22225829146999304,-4.1758514853329582e-05,1002.1238636946825,1061.9318473412704,0.10000000000000001
1689,0,0.7580745211458052,0.11998705123368469,0.22245808607495557,-5.7414169814108389e-05,1002.1413256823444,1070.6628411721795,0.10000000000000001
1690,0,0.76809316868939292,0.11998712698334529,0.22274120018942511,-5.6090400564394676e-05,1002.1371068199345,1068.5534099672509,0.10000000000000001
1691,0,0.77810293629826821,0.11998688689279889,0.22298940720500038,-6.1068236484350811e-05,1002.1482945272759,1074.1472636379399,0.10000000000000001
1692,0,0.78812022542724913,0.1199869995914612,0.22327896897987759,-5.2313838401804781e-05,1002.1422815988684,1071.1407994342039,0.10000000000000001
1693,0,0.79813117933308741,0.11998684688156053,0.2235097588949814,-4.8372107874993433e-05,1002.1474590319418,1073.7295159709106,0.10000000000000001
1694,0,0.80814743393830235,0.11998692630268845,0.22374762559133474,-3.4843965667335251e-05,1002.1394600745061,1069.7300372530663,0.10000000000000001
1695,0,0.81815933510047423,0.11998682759279315,0.2239136133121839,-2.5238368875204217e-05,1002.1395426856603,1069.7713428301654,0.10000000000000001
1696,0,0.82817494541454773,0.1199868579688559,0.22406366080112072,-9.7707555837564267e-06,1002.1300160814365,1065.0080407182259,0.10000000000000001
1697,0,0.8381876020046255,0.11998682111052095,0.2241415744808927,1.4964180858044238e-06,1002.1265075596614,1063.2537798306885,0.10000000000000001
1698,0,0.84820278307001484,0.11998695444503331,0.2241954999398208,1.630182522095845e-05,1002.1164449326576,1058.2224663288002,0.10000000000000001
1699,0,0.8582159465754251,0.11998702231178955,0.22418576725599537,2.6750144317837716e-05,1002.1112756623211,1055.6378311605386,0.10000000000000001
1700,0,0.86823077656060732,0.11998726820020522,0.22415796639041105,3.8470924871301922e-05,1002.1021282675913,1051.0641337956486,0.10000000000000001
1701,0,0.8782442113545017,0.11998747379965251,0.22408430338658891,4.6016597037215485e-05,1002.0972796848419,1048.6398424209256,0.10000000000000001
1702,0,0.88825866889761396,0.11998781716259793,0.22400460121647212,5.3259767078821916e-05,1002.0906656863966,1045.3328431983095,0.10000000000000001
1703,0,0.89827214420451229,0.11998816650968255,0.22390370398845241,5.645483605294897e-05,1002.0879641663793,1043.9820831896327,0.10000000000000001
1704,0,0.90828616185098354,0.11998863482866197,0.22381130432508975,5.8572021968981384e-05,1002.0851253587823,1042.5626793911533,0.10000000000000001
1705,0,0.9182994455563539,0.11998914771112304,0.22372149103352681,5.7184732792823505e-05,1002.0859707880295,1042.9853940147495,0.10000000000000001
1706,0,0.92831289053985533,0.11998975220642145,0.22365614723663718,5.4081842266858383e-05,1002.0875384644995,1043.7692322497583,0.10000000000000001
1707,0,0.93832573208031367,0.11999042220023105,0.2236101458088646,4.8702380277749688e-05,1002.0924441455485,1046.222072774242,0.10000000000000001
1708,0,0.9483384179897657,0.11999121074691177,0.22360116678947162,4.1656156681678322e-05,1002.0983997986471,1049.1998993235256,0.10000000000000001
1709,0,0.95835052753380934,0.11999208553943305,0.22362200020070352,3.3094500541476301e-05,1002.1070013497155,1053.5006748577302,0.10000000000000001
1710,0,0.96836222284045204,0.11999306976011152,0.22368343389659287,2.409061191890126e-05,1002.1165722771219,1058.286138560959,0.10000000000000001
1711,0,0.97837330844968551,0.11999416470793003,0.22377765692716065,1.4434024953837956e-05,1002.1278081824407,1063.9040912203654,0.10000000000000001
1712,0,0.98838378587285292,0.11999535394030381,0.2239088448745781,6.0561906541437304e-06,1002.1396690996187,1069.8345498093431,0.10000000000000001
1713,0,0.99839357378496618,0.11999661062834341,0.2240657654260258,-2.0252137261645011e-06,1002.1520511927556,1076.0255963778036,0.10000000000000001
1714,0,1.0084027124743411,0.11999786466196997,0.22425107576254502,-7.1509859935548381e-06,1002.1645962494762,1082.2981247380881,0.10000000000000001
1715,0,1.0184111475363866,0.11999904955202768,0.22444884506177276,-1.1611188984461929e-05,1002.1765598965343,1088.279948267143,0.10000000000000001
1716,0,1.0284190475468964,0.12000023175591233,0.22466130811974483,-1.2417489437061917e-05,1002.1882158773751,1094.1079386875572,0.10000000000000001
1717,0,1.0384262254685646,0.12000136945898751,0.22487279584187439,-1.1475061509765849e-05,1002.1984464816214,1099.2232408107157,0.10000000000000001
1718,0,1.048432927408012,0.12000262951670126,0.22507976366977328,-7.667305066595608e-06,1002.2078551346789,1103.92756733944,0.10000000000000001
1719,0,1.058438840052824,0.12000392066200648,0.2252765317541732,-2.9512974174152836e-07,1002.2155696481007,1107.7848240503272,0.10000000000000001
1720,0,1.0684441944940724,0.12000534647427726,0.22544774971508241,7.819079336867675e-06,1002.2216974530891,1110.8487265445319,0.10000000000000001
1721,0,1.0784487857113496,0.12000682661913516,0.22560160378129948,2.1259949753906117e-05,1002.2265869224301,1113.2934612150507,0.10000000000000001
1722,0,1.0884526214102155,0.12000832353833439,0.22571282002113463,3.2790205300666756e-05,1002.2290720074434,1114.536003721696,0.10000000000000001
1723,0,1.0984559366480284,0.12000984948444963,0.22579970472677646,4.9356120112826592e-05,1002.2312988582902,1115.649429145094,0.10000000000000001
1724,0,1.108458287341745,0.12001115001450244,0.2258326877941744,6.2675433322772865e-05,1002.2306198310908,1115.3099155454242,0.10000000000000001
1725,0,1.1184605401694954,0.12001249190434325,0.22583035332164045,7.7698353300062505e-05,1002.230664327886,1115.3321639429805,0.10000000000000001
1726,0,1.1284617242849859,0.12001349468481765,0.22577596072821879,9.1192463621988054e-05,1002.2283621263996,1114.1810631997942,0.10000000000000001
1727,0,1.1384630741497024,0.1200146428995674,0.22566511778208781,0.00010072494071266461,1002.2268670364055,1113.4335182027257,0.10000000000000001
1728,0,1.1484634758896803,0.12001553114067424,0.22551641019199395,0.00011339331345810939,1002.2251088300366,1112.5544150182805,0.10000000000000001
1729,0,1.1584638244003151,0.12001645550166783,0.22529104868168309,0.0001158325346704303,1002.2231045711153,1111.5522855576501,0.10000000000000001
1730,0,1.1684637839247138,0.12001731466521155,0.22504319489375205,0.00012505832669072958,1002.2239073408846,1111.9536704422899,0.10000000000000001
1731,0,1.1784630061207124,0.12001789256231236,0.22471335426368325,0.00012133158738840134,1002.2228459629262,1111.4229814630789,0.10000000000000001
1732,0,1.1884627615227548,0.12001873637091631,0.22436869566010501,0.00012404130195560524,1002.2272798795909,1113.6399397954619,0.10000000000000001
1733,0,1.1984609663344763,0.12001891395790196,0.22396475640544622,0.00011826119041645712,1002.2291363580564,1114.5681790281969,0.10000000000000001
1734,0,1.208460465969827,0.12001958430658242,0.22353487580373241,0.00011198867884179548,1002.2365978846758,1118.2989423379013,0.10000000000000001
1735,0,1.2184582382558184,0.12001939190705586,0.22310095077790121,0.00010884713196721778,1002.2433911351229,1121.6955675614599,0.10000000000000001
1736,0,1.2284571112458744,0.12001965710600006,0.2226139452549393,9.5028617433016131e-05,1002.2518423909066,1125.9211954533157,0.10000000000000001
1737,0,1.2384554623128774,0.12001930590672898,0.22219661999687948,9.7150259886621206e-05,1002.264763627005,1132.3818135024908,0.10000000000000001
1738,0,1.2484531528905718,0.1200189284971435,0.22169584010292723,7.9057113906695191e-05,1002.2714516244919,1135.725812245937,0.10000000000000001
1739,0,1.2584531273507806,0.12001867148973906,0.22132646312240384,8.4557807301053857e-05,1002.2896742464893,1144.8371232446561,0.10000000000000001
1740,0,1.268449273300398,0.12001756407424254,0.22087224797521274,6.9407597005474348e-05,1002.2929916830619,1146.4958415309638,0.10000000000000001
1741,0,1.2784513389933798,0.12001750010761014,0.22055579385020052,7.3247277581295499e-05,1002.3131245321598,1156.5622660799022,0.10000000000000001
1742,0,1.2884463154647652,0.12001583552182309,0.22020104379249,6.9411409886397166e-05,1002.313482942342,1156.7414711710171,0.10000000000000001
1743,0,1.2984500258226823,0.12001579958134102,0.219924657211165,6.7844417352798584e-05,1002.3309446168444,1165.4723084221814,0.10000000000000001
1744,0,1.3084451197094114,0.12001410173028819,0.21969022535500704,7.8788180946698087e-05,1002.330455924483,1165.2279622414881,0.10000000000000001
1745,0,1.3184492551496345,0.1200135889780411,0.21942743627067765,6.9536767231772383e-05,1002.3408748319137,1170.437415956826,0.10000000000000001
1746,0,1.3284462085243285,0.12001258624851453,0.21928258616358182,8.9468323053311876e-05,1002.3411602182723,1170.5801091361536,0.10000000000000001
1747,0,1.3384495406005572,0.12001118057711672,0.21900719373148061,7.2451686577818837e-05,1002.3421221297723,1171.0610648861461,0.10000000000000001
1748,0,1.3484493061739595,0.12001125622857778,0.21886421792866576,8.8048314159139669e-05,1002.3415692101305,1170.7846050652506,0.10000000000000001
1749,0,1.3584516000913665,0.12000879225437903,0.21855896518883874,7.5757588700171442e-05,1002.3345553394604,1167.277669730197,0.10000000000000001
1750,0,1.3684534198595806,0.12000964282917202,0.21829759374612298,8.2795054955354865e-05,1002.3286898344327,1164.34491721634,0.10000000000000001
1751,0,1.3784562616972476,0.12000663737378206,0.21794259511220504,9.6386107819841524e-05,1002.3201295616101,1160.0647808050439,0.10000000000000001
1752,0,1.388457555004138,0.12000770916475009,0.21745300114692168,0.00010113046958362656,1002.3051200467079,1152.5600233539421,0.10000000000000001
1753,0,1.3984642028455738,0.1200051882438022,0.21701781043441495,0.00015472580220360016,1002.3046324906092,1152.3162453045757,0.10000000000000001
1754,0,1.4084612868262949,0.12000600389261706,0.21622368889388971,0.00016051632766808112,1002.2774086894212,1138.704344710618,0.10000000000000001
1755,0,1.4184755095672599,0.12000503613476124,0.21564553805471143,0.00023491850784894882,1002.2911671293668,1145.5835646834203,0.10000000000000001
1756,0,1.428465016494467,0.1200049500880177,0.21455850517744285,0.00023023442447408935,1002.2491350860288,1124.5675430143933,0.10000000000000001
1757,0,1.4384891978590015,0.12000534946430602,0.21374382243967913,0.00029448548178599829,1002.2730529126483,1136.526456324134,0.10000000000000001
1758,0,1.4484697660747994,0.12000356425313972,0.21244511690065593,0.00028749285678150287,1002.2146790143587,1107.339507179347,0.10000000000000001
1759,0,1.4585039046698862,0.12000413555116288,0.21133704601666484,0.00033020648027711543,1002.2394082089979,1119.7041044989646,0.10000000000000001
1760,0,1.4684772111425324,0.12000078136139268,0.20993688246487893,0.00034576570261647107,1002.1695119036488,1084.755951824377,0.10000000000000001
1761,0,1.4785187747110031,0.12000130096775147,0.20854976003584494,0.00039278495684440831,1002.1903262590603,1095.1631295301354,0.10000000000000001
1762,0,1.4884889174232556,0.11999877007517874,0.20715968387972192,0.00044067475609484386,1002.121998988722,1060.9994943609991,0.10000000000000001
1763,0,1.4985329265755096,0.11999973017726677,0.20553608388918518,0.00047286657120963163,1002.1365839960091,1068.291998004554,0.10000000000000001
1764,0,1.5085044656613649,0.12000052949411597,0.20425092732687947,0.00050111002170649753,1002.0816423897527,1040.8211948763437,0.10000000000000001
1765,0,1.5185458803622391,0.12000083471470732,0.20246805616071356,0.00047784697472008164,1002.0830150665842,1041.5075332920765,0.10000000000000001
1766,0,1.5285219178761562,0.12000360065033963,0.20128468530624036,0.00044193020922433522,1002.0374357738566,1018.7178869283002,0.10000000000000001
1767,0,1.5385596103730474,0.12000021555203973,0.19955094544976196,0.00037050956309552164,1002.0205641401075,1010.2820700537336,0.10000000000000001
1768,0,1.5485407345910507,0.12000166463945294,0.19835135867205048,0.00028833983209856218,1001.9643247258293,982.1623629146643,0.10000000000000001
1769,0,1.5585800109954493,0.1199933250042533,0.19688677850979425,0.00025643122449120812,1001.9364560983146,968.22804915728966,0.10000000000000001
1770,0,1.5685617755301668,0.11999513151360014,0.19566241177718507,0.00020126411894528623,1001.8583773519082,929.18867595409438,0.10000000000000001
1771,0,1.5786118083670764,0.1199863135196582,0.19451426720980328,0.00024390813156141111,1001.8390816808298,919.54084041492479,0.10000000000000001
1772,0,1.5885827069661576,0.11999287155777418,0.19331607940598644,0.000232461129194789,1001.74048685868,870.24342934000742,0.10000000000000001
1773,0,1.5986522217252963,0.11998881742877969,0.19250955902075761,0.00027756527965067302,1001.7512031294409,875.60156472045492,0.10000000000000001
1774,0,1.6085994178637884,0.11999669564671248,0.19128589889203002,0.00023175269663554222,1001.6226238709137,811.31193545684255,0.10000000000000001
1775,0,1.6186956170630626,0.11999481520204354,0.19074294821034449,0.0001911574093428272,1001.6612551332385,830.62756661922776,0.10000000000000001
1776,0,1.6286168017792551,0.11999318241673612,0.18957152415330161,0.00010274855841102792,1001.4971616712469,748.58083562344291,0.10000000000000001
1777,0,1.6387431698215817,0.11998977656719083,0.18909403488972928,5.7900026193476761e-05,1001.5380779116634,769.03895583171789,0.10000000000000001
1778,0,1.648649977323269,0.11997547525193406,0.18815316112793801,3.9305737365322566e-06,1001.3528915309105,676.4457654552416,0.10000000000000001
1779,0,1.6587988582844415,0.11997673569329605,0.18757644089239228,0.00010656078711886818,1001.3769998343699,688.49991718496995,0.10000000000000001
1780,0,1.6687019517954407,0.11996310455235226,0.18684427872755155,0.00012022388064845679,1001.1877971386307,593.89856931534268,0.10000000000000001
1781,0,1.678858540907066,0.11997435795986074,0.18631968997065476,0.00023460200909049424,1001.2130372698929,606.51863494643976,0.10000000000000001
1782,0,1.6887542815222907,0.11996560016836259,0.18563655327840342,0.00025497767773975335,1001.0095923247013,504.79616235065805,0.10000000000000001
1783,0,1.6989202193188397,0.11997887904993147,0.18511934529988347,0.00028934697790941697,1001.0591408151308,529.57040756541574,0.10000000000000001
1784,0,1.7087972748452596,0.11996100347576261,0.18490474128526549,0.00017517858608327093,1000.8544441203426,427.22206017128883,0.10000000000000001
1785,0,1.7189922470797727,0.11997607835035733,0.18370166821211478,0.00024957245175294098,1000.9064380038235,453.21900191174791,0.10000000000000001
1786,0,1.7288508255790676,0.11993945031932757,0.1843882298810324,0.00016597718215546423,1000.7638859313062,381.9429656530815,0.10000000000000001
1787,0,1.7390796021107713,0.1199734684235471,0.18247605612640705,0.00014612476533580216,1000.7979435830125,398.97179150625561,0.10000000000000001
1788,0,1.7489297297774928,0.11992840310066639,0.18354765261150974,0.00014786759306924658,1000.7354136196807,367.70680984034243,0.10000000000000001
1789,0,1.7591693882764676,0.11999114751230996,0.18171410011063041,-5.5950335701084306e-06,1000.760822358463,380.41117923148704,0.10000000000000001
1790,0,1.7690277894600179,0.11993451133914572,0.18255498537314455,-0.000191468732636238,1000.7282852798062,364.14263990309337,0.10000000000000001
1791,0,1.7792471746698761,0.1200083256608506,0.1807153176278625,-0.00031407731656439759,1000.6828743345601,341.43716728004847,0.10000000000000001
1792,0,1.7891520220783481,0.11993392815465918,0.1823702390630759,-0.00049931200879739794,1000.7559597862535,377.97989312673508,0.10000000000000001
1793,0,1.799309496961182,0.12003188183226533,0.178998194104591,-0.00060550572891681482,1000.4344913233783,217.24566168916226,0.10000000000000001
1794,0,1.8092986974191712,0.11998898246123868,0.18284281480850645,7.2891230041827822e-05,1000.8072931569482,403.64657847408125,0.10000000000000001
1795,0,1.8193407382233888,0.12005727447551286,0.1772696813537975,0.00019599776170464123,1000.0448916803142,22.445840157104158,0.10000000000000001
1796,0,1.829394178506383,0.12010442376609447,0.18159073371609874,0.0018609746532604692,1000.7337799605953,366.88998029762843,0.10000000000000001
1797,0,1.8393502976572023,0.12013525128686306,0.17684356660627601,0.0025240162363791272,999.7322872237246,-133.85638813770129,0.10000000000000001
1798,0,1.8493218020239066,0.12022892936647414,0.17707790770211421,0.0034807275141752968,1000.4692341620016,234.61708100080614,0.10000000000000001
1799,0,1.8592671609721083,0.12031079479151216,0.17675763938439454,0.0040955746146243699,999.8111269765227,-94.436511738649642,0.10000000000000001
1800,0,1.8691179660196366,0.12013819936745038,0.17137826793307193,0.0030481691535273418,1000.404468551901,202.23427595050225,0.10000000000000001
1801,0,1.8795819185582521,0.12016572908672107,0.17733534945008608,0.0020922955877753602,1000.1683047117098,84.152355854882899,0.10000000000000001
1802,0,1.8885827742602577,0.12004418193979949,0.16924512786445914,-0.00033659185399401121,1000.1006706675765,50.335333788268599,0.10000000000000001
1803,0,1.9032436913102049,0.11972366389728853,0.17599215907654636,-0.0041174621009639669,1000.0628914199024,31.445709951185563,0.10000000000000001
1804,0,1.903240150974312,0.11991998360005104,0.17598217211507861,-0.0041576208969656813,1000.0627756662564,31.387833128178499,0.10000000000000001
1805,0,1.9290886813766315,0.1241032559736571,0.17794869456357906,0.0026878349158875577,1000.0451991463826,22.599573191314448,0.10000000000000001
1806,0,1.9290727605843458,0.12348205572336857,0.17810493012405842,0.0024076092728758896,1000.0485116641432,24.255832071617078,0.10000000000000001
1807,0,1.9392036720365724,0.12064975040638426,0.1778469900651356,0.00043288224663061577,1000.0234675152582,11.733757629087904,0.10000000000000001
1808,0,1.9581005067385737,0.11715836660137884,0.18025068319909449,-0.0010512289478773848,1000.0073735416079,3.6867708039380886,0.10000000000000001
1809,0,1.9580721849422398,0.11782934922323242,0.17995729372988212,-0.0012578691794587987,1000.0071644598913,3.5822299456640394,0.10000000000000001
1810,0,0.15695919695784472,0.1288890686790857,0.24552079071082525,0.0084238109140720493,1000.1314889255123,65.744462756128996,0.10000000000000001
1811,0,0.15718366437088416,0.12587216294806866,0.24755299709537162,0.0061506375931229332,1000.1203146306722,60.157315336084594,0.10000000000000001
1812,0,0.17199945846055711,0.1318299575438327,0.23925317134824717,-0.0042908120308523005,999.98130807126688,-9.3459643665596559,0.10000000000000001
1813,0,0.1842549782534548,0.13440408852383182,0.24727184495314811,0.0017950456660837332,1000.1397675307172,69.883765358611072,0.10000000000000001
1814,0,0.18436177337568369,0.13404750101362498,0.24765168796210266,0.0015932049555706404,1000.1422810239851,71.140511992553002,0.10000000000000001
1815,0,0.21038064964592021,0.130316062429887,0.22174228631868689,-0.0044422810118009788,1000.2913235524319,145.66177621594534,0.10000000000000001
1816,0,0.21045001864436666,0.12994143518939352,0.22230176015724612,-0.0047291238035853016,1000.2925073749013,146.2536874506668,0.10000000000000001
1817,0,0.22536469938570841,0.12971896689233531,0.23345481761698275,-0.0027582832984894318,999.73858698492904,-130.70650753547852,0.10000000000000001
1818,0,0.23439911337498487,0.12973173442787153,0.22220906292872661,-0.003822588291510976,1000.4038307588944,201.91537944720039,0.10000000000000001
1819,0,0.24527000709071187,0.12964189823217231,0.23624140475939598,0.00013364056562537453,999.89021189771097,-54.894051144515288,0.10000000000000001
1820,0,0.25527695203970008,0.12966695899265729,0.22565808483040203,0.0013725103414409638,1000.3741066214903,187.05331074517062,0.10000000000000001
1821,0,0.26565185002708142,0.12981280262225231,0.23388402565927213,0.0011043031401183835,1000.3247000031788,162.35000158940238,0.10000000000000001
1822,0,0.2756723726293781,0.12977201969874735,0.22980141534156728,0.00027256810899882315,1000.007488635657,3.7443178284775058,0.10000000000000001
1823,0,0.28600497755930121,0.12972369543322354,0.23014736813142303,-2.4626913610118661e-05,1000.4588388522237,229.4194261118605,0.10000000000000001
1824,0,0.29585803179121573,0.12978174212000096,0.23255571159991839,3.2179057709367644e-05,1000.0092906893743,4.6453446871623782,0.10000000000000001
1825,0,0.30627218509078086,0.12979672030340786,0.22911411552076283,-0.00020431271931363839,1000.4064300006214,203.21500031070627,0.10000000000000001
1826,0,0.31601322891442007,0.12985683106059695,0.23316923824450667,-0.00039857805113137715,1000.127869879736,63.934939867976937,0.10000000000000001
1827,0,0.32643712943995817,0.12984710558335766,0.22927308439376684,-0.00040238160378627889,1000.3561724082405,178.08620412023402,0.10000000000000001
1828,0,0.33613478022847904,0.12990565184133504,0.23226326073753104,-0.00025692046520828677,1000.3138979981832,156.94899909158266,0.10000000000000001
1829,0,0.34652756316724559,0.12988654353127918,0.22983196739325759,-0.00024016162546354488,1000.3188339645442,159.41698227209145,0.10000000000000001
1830,0,0.35624079603058129,0.12992522185806665,0.23143047708395903,-2.5564276043021491e-05,1000.439549075217,219.77453760848675,0.10000000000000001
1831,0,0.36659948883169968,0.12991061105688861,0.22969412887530258,-4.1036760699042119e-05,1000.3797614807623,189.8807403811702,0.10000000000000001
1832,0,0.376334364306047,0.12993157725604462,0.2309183853849186,1.8217208577105361e-05,1000.5649307911074,282.46539555368599,0.10000000000000001
1833,0,0.38665265620040606,0.12993420214179568,0.22942948429526638,-2.1206466982902607e-05,1000.4883578065561,244.1789032780548,0.10000000000000001
1834,0,0.39642145425568703,0.1299429484571645,0.23024952406263632,-6.1650341970663573e-05,1000.7087640240612,354.38201203061226,0.10000000000000001
1835,0,0.40669354880930436,0.12994527930299063,0.22948748212629327,-4.0666276253067425e-05,1000.5997693589796,299.88467948982134,0.10000000000000001
1836,0,0.41650369588984171,0.12994987156861754,0.22955348352124216,-0.0001084228752874756,1000.8662202549385,433.11012746926281,0.10000000000000001
1837,0,0.42672785260321672,0.12995254683418928,0.22955918237473133,-8.2897047753949194e-05,1000.7386876151762,369.34380758810903,0.10000000000000001
1838,0,0.43658143663460325,0.12996044201685361,0.22926570926361936,-0.00016810335615267689,1001.0170665428736,508.53327143681781,0.10000000000000001
1839,0,0.44675814668239106,0.12996519119957387,0.22950930719816767,-0.0001331822886388601,1000.916847413704,458.4237068519883,0.10000000000000001
1840,0,0.45664787310100041,0.12997043133098612,0.22924021634041822,-0.00024171218031064263,1001.165709795984,582.85489799197876,0.10000000000000001
1841,0,0.46678658395450362,0.1299758699315034,0.22954221395054542,-0.00017456587547604971,1001.1029616086723,551.48080433616542,0.10000000000000001
1842,0,0.4767023965328005,0.12997846869468391,0.22924017931235915,-0.00029024243934502013,1001.3138650139159,656.93250695795768,0.10000000000000001
1843,0,0.48681370145343522,0.12998083032016605,0.22958448030863951,-0.00018628411098566014,1001.2787437675715,639.37188378577048,0.10000000000000001
1844,0,0.49674988065428966,0.12998327502772014,0.22923524028149261,-0.0002695614413855108,1001.4531030546212,726.55152731061889,0.10000000000000001
1845,0,0.50684032307001836,0.12998316630455378,0.22939253143493996,-0.00016196002135877797,1001.4410914697302,720.54573486508389,0.10000000000000001
1846,0,0.51679095026576827,0.12998615114986728,0.22910484325727573,-0.00020959325643611493,1001.5774245123309,788.71225616546781,0.10000000000000001
1847,0,0.52686680987894274,0.129984561290547,0.22890357297805233,-9.6774312114056339e-05,1001.5808164243479,790.40821217392931,0.10000000000000001
1848,0,0.53682651566356465,0.12998753288837137,0.22860189577971293,-0.0001138721252329317,1001.687385525542,843.69276277101335,0.10000000000000001
1849,0,0.54689219602507955,0.1299856865368138,0.22810813314178349,-9.8235785687427137e-06,1001.6922214791321,846.11073956602922,0.10000000000000001
1850,0,0.55685872249924617,0.12998735842287468,0.22764935387566246,-9.0822080586947562e-06,1001.7798257710173,889.91288550863601,0.10000000000000001
1851,0,0.56691610916483903,0.12998644111490074,0.2269272190242228,8.6815734402959156e-05,1001.7798240086054,889.91200430268691,0.10000000000000001
1852,0,0.57688896543491797,0.12998659148316424,0.22631035626439991,8.3203807643994851e-05,1001.8524760353615,926.23801768075964,0.10000000000000001
1853,0,0.58693902210359361,0.12998668424559673,0.22539749877430026,0.00016028900695498551,1001.8475204150606,923.76020753027888,0.10000000000000001
1854,0,0.59691766232067278,0.12998561379497167,0.2246520402001024,0.00014227767361547634,1001.9090819830138,954.54099150691718,0.10000000000000001
1855,0,0.60696138207041017,0.12998659465233617,0.22367195296021972,0.00019048661682158943,1001.898967249238,949.48362461900615,0.10000000000000001
1856,0,0.6169452585012859,0.12998469416564459,0.22282490222279211,0.00015575864318045788,1001.9531994574531,976.59972872656908,0.10000000000000001
1857,0,0.62698330521754297,0.12998606608984803,0.2219028427717584,0.00017174842953733416,1001.9403876564741,970.19382823702927,0.10000000000000001
1858,0,0.63697215048168154,0.12998412562766237,0.22105233132677621,0.00011729878946086153,1001.988017342453,994.00867122648151,0.10000000000000001
1859,0,0.64700493231520029,0.12998521617963538,0.22025334336960509,0.00010880958851368621,1001.9766743235991,988.33716179956355,0.10000000000000001
1860,0,0.6569983792535532,0.12998378258656049,0.21952807768630991,3.5217497147590156e-05,1002.0177900362028,1008.8950181013843,0.10000000000000001
1861,0,0.66702652397814277,0.12998431922123643,0.21890397025637442,7.98455378789498e-06,1002.0098343726554,1004.9171863277024,0.10000000000000001
1862,0,0.67702389964861431,0.12998335209984577,0.21837986874913848,-7.4385706637757586e-05,1002.045881074727,1022.9405373635245,0.10000000000000001
1863,0,0.68704826531555896,0.12998360399223577,0.21798888766707875,-0.00011466647903472214,1002.0406719966822,1020.3359983411247,0.10000000000000001
1864,0,0.69704870429114363,0.12998281145860655,0.21768544746999424,-0.00019324780576421207,1002.0727880069485,1036.3940034742427,0.10000000000000001
1865,0,0.70707012830614624,0.12998301496437525,0.21754651917756582,-0.00023572856400791244,1002.0694904669582,1034.7452334791001,0.10000000000000001
1866,0,0.71707294959060586,0.129982285928986,0.2174617463291845,-0.00030375252025902549,1002.0971318874844,1048.5659437421759,0.10000000000000001
1867,0,0.72709196968333234,0.1299823966200509,0.21753719906941921,-0.00033743010477963863,1002.0952018472383,1047.600923619143,0.10000000000000001
1868,0,0.7370967831692391,0.12998176539519896,0.21764273118143351,-0.00038777682957340085,1002.1173633438974,1058.6816719487047,0.10000000000000001
1869,0,0.7471137942058812,0.12998182529396957,0.21786939414068751,-0.00040671789326689515,1002.1156531047877,1057.8265523938626,0.10000000000000001
1870,0,0.75712027740300192,0.12998130489900339,0.21810154414017857,-0.00043550503166225408,1002.1319330143217,1065.9665071608515,0.10000000000000001
1871,0,0.76713569125266412,0.12998149180712457,0.21840876746742702,-0.00043648620112782759,1002.1290743987366,1064.537199368317,0.10000000000000001
1872,0,0.77714345427170783,0.12998112276941642,0.21869167001672754,-0.00044472115525496386,1002.1393710046311,1069.6855023155649,0.10000000000000001
1873,0,0.7871576734685618,0.1299813459106352,0.21900721517422073,-0.00043022791092137087,1002.1345346743265,1067.26733716323,0.10000000000000001
1874,0,0.79716639922240662,0.1299811097593753,0.21927236425006044,-0.00042180672423174493,1002.1390996997892,1069.5498498945994,0.10000000000000001
1875,0,0.8071797588363161,0.12998126904722057,0.21953624408553829,-0.0003975557742255745,1002.1320552601328,1066.0276300664009,0.10000000000000001
1876,0,0.81718929890908576,0.12998109435286206,0.2197351665571623,-0.00037964216188653816,1002.1316808070999,1065.8404035499416,0.10000000000000001
1877,0,0.82720208885831881,0.1299811764621899,0.21990997046701241,-0.0003519403963699241,1002.122827043334,1061.4135216670206,0.10000000000000001
1878,0,0.83721230364734167,0.12998110190356679,0.22001712305488894,-0.00033171550525312401,1002.1189296661107,1059.4648330553582,0.10000000000000001
1879,0,0.84722471458808635,0.12998128029333725,0.22009410639055815,-0.00030700256240835731,1002.1092102443155,1054.6051221577386,0.10000000000000001
1880,0,0.85723542788789298,0.12998138773411883,0.22010953829087643,-0.00029073721305945723,1002.1036281740784,1051.8140870391903,0.10000000000000001
1881,0,0.86724756860487351,0.12998172223193444,0.22010207609045557,-0.00027418210401252969,1002.094557313948,1047.2786569740151,0.10000000000000001
1882,0,0.87725855875724079,0.12998200656516545,0.22004998967374997,-0.00026633237727222945,1002.0892157810964,1044.6078905482068,0.10000000000000001
1883,0,0.88727047217631616,0.1299824792192627,0.21998794625649509,-0.00026059950500161678,1002.0825023286545,1041.2511643272637,0.10000000000000001
1884,0,0.89728156661421399,0.12998295356789108,0.2199052068036163,-0.00026279511304192621,1002.0792998444044,1039.6499222022157,0.10000000000000001
1885,0,0.90729318576842988,0.12998360074412021,0.21982854195133639,-0.0002680144589530461,1002.0762668036407,1038.1334018203461,0.10000000000000001
1886,0,0.91730419857355239,0.12998428400987852,0.21975393165403867,-0.00027981702491432562,1002.0767144485059,1038.357224252934,0.10000000000000001
1887,0,0.92731539437954913,0.12998512592857381,0.21970245420659293,-0.00029489404162078123,1002.0781306162024,1039.0653081012147,0.10000000000000001
1888,0,0.93732611989841241,0.129986045349268,0.21967067535970969,-0.00031489092034137274,1002.0828295644661,1041.4147822330619,0.10000000000000001
1889,0,0.94733673322891565,0.1299871317466883,0.21967392313271242,-0.00033749062956654838,1002.0887204682276,1044.3602341138103,0.10000000000000001
1890,0,0.95734693590619735,0.12998833468501103,0.2197093687341389,-0.00036272241456447064,1002.0973442680079,1048.6721340039367,0.10000000000000001
1891,0,0.96735679337970137,0.1299896959160157,0.21978340337520838,-0.00038891341493437425,1002.1069068588665,1053.4534294332616,0.10000000000000001
1892,0,0.97736623024276059,0.12999122118346459,0.21989290608602072,-0.00041481155903516252,1002.1183195554938,1059.1597777469133,0.10000000000000001
1893,0,0.9873751445808524,0.12999287442742849,0.22003869798151932,-0.00043973436043465099,1002.1302235966642,1065.1117983321114,0.10000000000000001
1894,0,0.99738360289436134,0.1299946300632846,0.22021194817196976,-0.00046225783089091655,1002.1427631024663,1071.3815512331735,0.10000000000000001
1895,0,1.0073915141355378,0.12999635861072636,0.22041521520307703,-0.0004820228635111721,1002.1554629170467,1077.7314585233739,0.10000000000000001
1896,0,1.0173989258584066,0.12999802850253156,0.22062996242051758,-0.00049863921143540797,1002.1674149295993,1083.7074647996587,0.10000000000000001
1897,0,1.0274059265487048,0.1299996410435649,0.22086386919934564,-0.00051024001515973698,1002.1794194391796,1089.7097195897913,0.10000000000000001
1898,0,1.0374123125210126,0.13000122688654239,0.22109276891671628,-0.00051809221148845733,1002.1894103791798,1094.7051895898881,0.10000000000000001
1899,0,1.0474184640369433,0.13000294564361006,0.2213228934742224,-0.00051825918643701944,1002.1993259150393,1099.6629575196266,0.10000000000000001
1900,0,1.0574238397277755,0.13000470805897305,0.22153771816121873,-0.00051498891984554454,1002.2067374625818,1103.3687312909137,0.10000000000000001
1901,0,1.0674290482299711,0.13000671535390065,0.22173072535875049,-0.0005034963825362545,1002.2133471658539,1106.6735829269305,0.10000000000000001
1902,0,1.0774334545956099,0.13000871478038786,0.22190467418355192,-0.00048982436989568551,1002.2182584826102,1109.1292413050837,0.10000000000000001
1903,0,1.0874375461652563,0.13001087123973099,0.22203285966267206,-0.00047053337466348354,1002.2208578047206,1110.4289023602973,0.10000000000000001
1904,0,1.0974411594173437,0.13001289548341927,0.22214321437912468,-0.00044938890900888726,1002.2238109723393,1111.9054861696327,0.10000000000000001
1905,0,1.1074440869507856,0.13001478689231816,0.22218786217449263,-0.00042784237836025036,1002.2225995617257,1111.2997808628506,0.10000000000000001
1906,0,1.1174471959385734,0.13001656346712753,0.22221096603743434,-0.00040174887723195472,1002.2241310821061,1112.0655410530276,0.10000000000000001
1907,0,1.1274491150166457,0.13001797293367989,0.22216482356458656,-0.00038245380418996179,1002.220737524587,1110.3687622934899,0.10000000000000001
1908,0,1.1374518477325406,0.13001957606964287,0.22207733863364199,-0.00035456903752666802,1002.2209909276205,1110.4954638102527,0.10000000000000001
1909,0,1.1474530763563411,0.13002066933562442,0.22193846345676624,-0.00033991267006972843,1002.218288889331,1109.1444446655032,0.10000000000000001
1910,0,1.1574552291161646,0.13002216525369606,0.22172802780295747,-0.00031538210048713268,1002.2172359466934,1108.6179733467247,0.10000000000000001
1911,0,1.1674562313791317,0.13002307010321554,0.22149734193314147,-0.00030651172574350228,1002.2183954662524,1109.1977331262228,0.10000000000000001
1912,0,1.1774573796347472,0.13002425241697235,0.22117020265983742,-0.00029249085235240536,1002.2163293033799,1108.1646516899468,0.10000000000000001
1913,0,1.1874586373833602,0.13002508739534124,0.22085262641245543,-0.00028641620356291794,1002.2233090136357,1111.6545068178425,0.10000000000000001
1914,0,1.1974584902869165,0.1300256734433394,0.22044049909625957,-0.000288192811567999,1002.2216490643781,1110.8245321890422,0.10000000000000001
1915,0,1.2074602277738151,0.13002647983942434,0.22004368854682185,-0.00028005379299513462,1002.2335781836006,1116.7890918002854,0.10000000000000001
1916,0,1.2174590504587288,0.13002620330980735,0.21959930619261919,-0.00029822627263382195,1002.2352864533791,1117.6432266895517,0.10000000000000001
1917,0,1.2274609677186976,0.13002689784676946,0.21914208668099566,-0.00028414292191049638,1002.2482999136668,1124.1499568333779,0.10000000000000001
1918,0,1.2374597263342406,0.13002583504434653,0.21872210833360414,-0.00031223232249182672,1002.2571702215662,1128.5851107830922,0.10000000000000001
1919,0,1.2474609183593282,0.1300262273300232,0.21823720374195357,-0.00029495983344905512,1002.2657648418016,1132.8824209007848,0.10000000000000001
1920,0,1.2574610217654907,0.13002482793347289,0.21788131454580117,-0.00031979477820211845,1002.2845216587971,1142.2608293985377,0.10000000000000001
1921,0,1.2674603657316013,0.1300245650536821,0.21742316785469951,-0.00030970976844066426,1002.2846647181985,1142.3323590992709,0.10000000000000001
1922,0,1.2774630526271455,0.13002350570273669,0.2171350461042508,-0.0003190406009418864,1002.3119079134699,1155.9539567349475,0.10000000000000001
1923,0,1.2874599169968419,0.13002215959480351,0.21676425813794373,-0.00033211123291636952,1002.3035249195532,1151.7624597765916,0.10000000000000001
1924,0,1.2974655449894255,0.13002184123725091,0.21652149954774613,-0.00031530099234397795,1002.3325701750841,1166.2850875420645,0.10000000000000001
1925,0,1.307460562685246,0.13001918226420264,0.21627549792814577,-0.00035788324782081734,1002.3204895879742,1160.2447939870899,0.10000000000000001
1926,0,1.317468200696982,0.13001948540851188,0.21603871007351619,-0.00030942313942905437,1002.3410405333824,1170.5202666911987,0.10000000000000001
1927,0,1.3274632760595655,0.13001604383162491,0.21590322055236427,-0.0003656421256027069,1002.3338510185548,1166.9255092774051,0.10000000000000001
1928,0,1.3374708285711634,0.13001652565965385,0.2156308130108294,-0.00029230048459129125,1002.3367263322689,1168.3631661344407,0.10000000000000001
1929,0,1.3474683859216303,0.13001367146305082,0.21552540482258326,-0.00033743939906354206,1002.3423439559701,1171.1719779850682,0.10000000000000001
1930,0,1.3574735579390047,0.13001356169259362,0.21519842636466846,-0.00027188166027241283,1002.3246795174225,1162.3397587112549,0.10000000000000001
1931,0,1.3674751154072124,0.13001260130106779,0.21499621212226033,-0.00029147182665260934,1002.343040627184,1171.5203135919978,0.10000000000000001
1932,0,1.3774770613394247,0.13001092227168573,0.2146146303879832,-0.00027252552168884915,1002.310156029997,1155.0780149984803,0.10000000000000001
1933,0,1.3874821065272744,0.13001218559984407,0.21419230001279099,-0.00025449627776164571,1002.3296492842812,1164.8246421406157,0.10000000000000001
1934,0,1.3974826652162595,0.13000808618241949,0.21375484241053269,-0.00028338237079400422,1002.2951355641833,1147.5677820916417,0.10000000000000001
1935,0,1.4074883787608992,0.13001107358355102,0.21302530987721005,-0.00019421131981104826,1002.2969892492674,1148.4946246337131,0.10000000000000001
1936,0,1.4174916734156842,0.13000510761707174,0.21246437080335978,-0.00021565989894229925,1002.2793343301666,1139.6671650833241,0.10000000000000001
1937,0,1.4274935323320854,0.13000892883458562,0.21142135071065035,-5.0044500137760075e-05,1002.2500265304408,1125.0132652203888,0.10000000000000001
1938,0,1.437504308495841,0.13000321007068372,0.21062777240800884,-2.4920806696844743e-05,1002.2650930413402,1132.5465206700756,0.10000000000000001
1939,0,1.4474976503248618,0.13000663363311626,0.2093383288410815,0.0001448781306759846,1002.202635487715,1101.3177438575212,0.10000000000000001
1940,0,1.4575195931188583,0.13000298203032737,0.20822065249139721,0.00016789194229317316,1002.2504726960856,1125.2363480427903,0.10000000000000001
1941,0,1.4675019184807494,0.13000446723508072,0.20684162031963801,0.00022082835473036477,1002.1630635599513,1081.5317799756485,0.10000000000000001
1942,0,1.4775362582833174,0.13000348545968962,0.20541263407623889,0.00020574153402661824,1002.2237278507002,1111.8639253501215,0.10000000000000001
1943,0,1.487508593658927,0.13000207741392766,0.20408640961397853,0.00011723929249525783,1002.1254051017879,1062.7025508939596,0.10000000000000001
1944,0,1.497552446894248,0.13000408604557995,0.20240871023182883,0.00013044026799709842,1002.1676913808298,1083.8456904148757,0.10000000000000001
1945,0,1.5075191959859426,0.13000039037385788,0.20121994365808787,1.6669062120874545e-05,1002.083306335331,1041.6531676655154,0.10000000000000001
1946,0,1.5175656090758807,0.13000435011198758,0.19937649801460317,0.00014219950796372303,1002.083601512979,1041.800756489522,0.10000000000000001
1947,0,1.5275332464764693,0.12999913827230472,0.1982734391454806,8.5780363368379015e-05,1002.0350329597352,1017.5164798675951,0.10000000000000001
1948,0,1.5375762533328321,0.13000186971525329,0.19644010776694293,0.00024169482556609783,1001.9939227838254,996.9613919126914,0.10000000000000001
1949,0,1.547551063683551,0.1299955564710138,0.19528697182590526,0.00014080680209946808,1001.9790879028651,989.54395143255169,0.10000000000000001
1950,0,1.5575901452673575,0.12999465722614936,0.19372948753094482,0.00015036307653986454,1001.9138391155223,956.91955776112536,0.10000000000000001
1951,0,1.5675749486654702,0.12999050079951097,0.19251528205523105,-7.841260305316465e-05,1001.9046609070338,952.33045351687906,0.10000000000000001
1952,0,1.5776134091607887,0.12998721206319414,0.19136134707974947,-0.00025297047697775367,1001.829544991615,914.77249580748321,0.10000000000000001
1953,0,1.587600934517279,0.12999103317260083,0.19018741140125653,-0.00043367491454890925,1001.7899877174945,894.99385874722748,0.10000000000000001
1954,0,1.5976446254494514,0.12998640374809028,0.18941879214591248,-0.00058849348557495854,1001.7303142390957,865.15711954785957,0.10000000000000001
1955,0,1.607618338833998,0.1299964148039072,0.18825910729620216,-0.00050699221387318777,1001.6350621147735,817.53105738675913,0.10000000000000001
1956,0,1.6176779788188009,0.12998683411847348,0.18768718844550716,-0.00051028983679671529,1001.6185029266138,809.25146330690723,0.10000000000000001
1957,0,1.6276269067888229,0.12999101855660947,0.18662368733834975,-0.00022092167231787746,1001.4707112965021,735.35564825107258,0.10000000000000001
1958,0,1.6377187848001464,0.12997367961449294,0.18592887728464344,-0.00028023625161051476,1001.5013324678165,750.66623390824816,0.10000000000000001
1959,0,1.6476435411131352,0.12996887055744497,0.18521638048207881,-8.8267154739231953e-05,1001.3167313934372,658.36569671859024,0.10000000000000001
1960,0,1.6577796154957298,0.12995592458665392,0.18428108387220976,-0.00036635548560811509,1001.3806425476679,690.32127383394482,0.10000000000000001
1961,0,1.667677230665489,0.1299562125871975,0.18389105086678834,-0.00040103829266460191,1001.1633282488278,581.66412441391913,0.10000000000000001
1962,0,1.6778453323767486,0.12995989029763769,0.1829394498300275,-0.00069397518465061001,1001.2521215398411,626.06076992057069,0.10000000000000001
1963,0,1.6877123236322664,0.12996997182106532,0.18276512789051172,-0.00080014146805039963,1001.0277437185181,513.87185925904078,0.10000000000000001
1964,0,1.6978864295803937,0.12997100824958671,0.18167207658827247,-0.00086257780718001597,1001.103053048368,551.52652418399839,0.10000000000000001
1965,0,1.7077404400369809,0.12997601243864551,0.18189475922052009,-0.0011131788048406831,1000.9122629431234,456.13147156171863,0.10000000000000001
1966,0,1.7179200965467232,0.12995328548981933,0.18050889159618363,-0.0010395747048796168,1000.9263270824632,463.16354123160863,0.10000000000000001
1967,0,1.727781378019783,0.1299471241496514,0.18116661792498268,-0.0013305315894861268,1000.779574375401,389.78718770050591,0.10000000000000001
1968,0,1.7379818484038616,0.12991653314930335,0.17954482914260977,-0.0011671303732755554,1000.7108878491238,355.44392456188234,0.10000000000000001
1969,0,1.7478396403304457,0.12991771964463636,0.18034309179374169,-0.0013979280770649346,1000.6184821508588,309.24107542938373,0.10000000000000001
1970,0,1.7580584811889135,0.12990664145058309,0.17876401871953196,-0.0010811180777673748,1000.4806480832491,240.32404162454668,0.10000000000000001
1971,0,1.7679008499051396,0.12991554381261747,0.1794649681712871,-0.001153350429068645,1000.4581175865617,229.05879328084211,0.10000000000000001
1972,0,1.7781457842054849,0.12990259998608714,0.1779347156905686,-0.00043254628798252304,1000.3231068416151,161.55342080753599,0.10000000000000001
1973,0,1.7879875128142202,0.12993312813977401,0.17896684739627086,-0.00034529718606440851,1000.3573343876428,178.66719382141127,0.10000000000000001
1974,0,1.7982442450471732,0.12993236113313267,0.17670033054402573,0.0004517141932094257,1000.2253496721424,112.67483607122131,0.10000000000000001
1975,0,1.8081380927973192,0.13003293592260554,0.17945957163076701,0.001111622721404407,1000.4589946396164,229.49731980821753,0.10000000000000001
1976,0,1.8183080415876258,0.13001673656029566,0.1753597893668756,0.0015134357442823522,1000.10542280353,52.711401765009214,0.10000000000000001
1977,0,1.8283465821327596,0.13021862476673429,0.17928047416787302,0.0028584440346326573,1000.7291665490778,364.5832745389157,0.10000000000000001
1978,0,1.8382923463632939,0.13016592863430579,0.17496207492251684,0.0026418357943009067,999.99065110961897,-4.6744451905169626,0.10000000000000001
1979,0,1.8484888099308636,0.13048234498558969,0.17632911763004402,0.0040341961178895552,1000.8893589624993,444.67948124963641,0.10000000000000001
1980,0,1.8583610444934748,0.13027546268545381,0.17592894030169054,0.0041446080295518169,999.87909300462525,-60.453497687376512,0.10000000000000001
1981,0,1.8680960855941378,0.13041118735940518,0.170442642086129,0.0032123763309796082,1000.4974164141527,248.70820707633357,0.10000000000000001
1982,0,1.8787632278540889,0.13009069788888891,0.17648745847370104,0.002481854018260034,999.8132773426853,-93.361328657351805,0.10000000000000001
1983,0,1.8874306582552198,0.12965491633273793,0.16813059825109894,-0.0015944361032722773,1000.148853438891,74.426719445511935,0.10000000000000001
1984,0,1.9030028890869939,0.12976061990448717,0.17648852280515342,-0.0053544409258806189,1000.0512744159621,25.637207981048959,0.10000000000000001
1985,0,1.9029819988545535,0.13011084786313862,0.17654917412639115,-0.0053630492406694054,1000.0514704160582,25.735208029118439,0.10000000000000001
1986,0,1.9293403626785057,0.13484708118483305,0.17356824321007278,0.003278651492403519,1000.0201313908448,10.065695422383669,0.10000000000000001
1987,0,1.9293457163001524,0.13519915670201024,0.17327566484436413,0.0033986369314632,1000.0216216424618,10.810821230904821,0.10000000000000001
1988,0,1.9403783297215276,0.13263575277215395,0.17318240230671078,-0.00095227338755638359,999.9114143695117,-44.292815244148187,0.10000000000000001
1989,0,1.9569855058675105,0.12524539210456023,0.17584686096239921,-0.0015329358904729972,1000.0353714239357,17.685711967828865,0.10000000000000001
1990,0,1.9565180039729722,0.12806776675159964,0.17381873550093072,-0.0003363403750249625,1000.0764714797988,38.235739899391774,0.10000000000000001
1991,0,0.15362119027870402,0.13734967279717192,0.23860100732296399,0.0080266422043010488,1000.0313109910957,15.655495547832743,0.10000000000000001
1992,0,0.15407770549461894,0.13677338238461598,0.23944848482636852,0.0079612838800374262,1000.0402660469921,20.133023496043734,0.10000000000000001
1993,0,0.16608157771444423,0.1370134771738912,0.24312038170262337,-0.0010003339431702404,999.82881950919557,-85.590245402215714,0.10000000000000001
1994,0,0.18159062504235246,0.14242838488119569,0.23726473625744082,-0.0070070781410869571,1000.0203546736235,10.177336811750592,0.10000000000000001
1995,0,0.18183261959190541,0.14139473455173268,0.23937834706467873,-0.0058845200685269106,1000.0666684338797,33.334216939863381,0.10000000000000001
1996,0,0.20921761476777717,0.13976569323804289,0.21029884591922757,-0.0048063145823903416,1000.2261073887662,113.05369438309754,0.10000000000000001
1997,0,0.20921476552258983,0.13990688422091418,0.21019917471163713,-0.0047192112055961591,1000.224090638706,112.0453193530011,0.10000000000000001
1998,0,0.22534133124574438,0.13928474262272147,0.22133749617815904,-0.0054625768377304824,999.66967530660077,-165.16234669961705,0.10000000000000001
1999,0,0.23395783814158588,0.13936267615847131,0.21352563911670053,-0.0048874231730022732,1000.7368639336245,368.43196681223844,0.10000000000000001
2000,0,0.24488765504147719,0.13942539818126518,0.22947056119265744,-0.0028646632761316101,999.81455189474696,-92.72405262652228,0.10000000000000001
2001,0,0.25454686189928943,0.13942424623348942,0.21914432026060135,-0.0020267002435613696,1000.0357627356204,17.881367810218762,0.10000000000000001
2002,0,0.26490302502752705,0.13959503360638922,0.22631842239335334,-0.00029226332252877432,1000.1042385791785,52.119289589256823,0.10000000000000001
2003,0,0.27476022426930191,0.13947888326760471,0.22292390724439531,-0.0010079921314253416,1000.0251042546198,12.552127309902517,0.10000000000000001
2004,0,0.28507022903271362,0.1397166833440816,0.22387906747414429,-0.00080804260058123885,1000.3635917142988,181.79585714938185,0.10000000000000001
2005,0,0.29489822560041207,0.13969133212552345,0.22569765281990545,-0.00058430662435439819,999.97801518714209,-10.992406428954382,0.10000000000000001
2006,0,0.30517720413712207,0.13981822949874798,0.22206964457108389,-0.00085430131673189637,1000.4308243480433,215.41217402165103,0.10000000000000001
2007,0,0.31494980905825831,0.13975661183188348,0.22605604678093066,-0.00045404979448625401,1000.1402094378677,70.104718933862387,0.10000000000000001
2008,0,0.32525239430201164,0.13989358644336528,0.22246828457071197,-0.00039370035974234185,1000.3631172882169,181.55864410846334,0.10000000000000001
2009,0,0.33499525451653872,0.13982327553199886,0.22505222488393054,-0.00015267808208672685,1000.2894540573441,144.72702867203679,0.10000000000000001
2010,0,0.34529511487139009,0.13993198579398311,0.22276064600491641,-0.00025681421744642058,1000.3503234683291,175.16173416453285,0.10000000000000001
2011,0,0.35506264358694306,0.13988160937072666,0.22441537093877437,-0.00014121562023930857,1000.4302573399814,215.12866999069047,0.10000000000000001
2012,0,0.36533149511654178,0.1399367313494056,0.22250055739326879,-0.00017300256105902658,1000.3963323184847,198.16615924236203,0.10000000000000001
2013,0,0.37512112025888716,0.13990890645773499,0.22390680629088114,-7.1895862848933526e-05,1000.5503236842461,275.16184212305461,0.10000000000000001
2014,0,0.38536761335433722,0.13994766895561997,0.2223755136519327,-1.7872761857031696e-05,1000.4707476688947,235.37383444732995,0.10000000000000001
2015,0,0.39516925556673138,0.13992274328049409,0.22304640961847583,1.5835978076350178e-06,1000.6970921436234,348.54607181171104,0.10000000000000001
2016,0,0.40539440527200865,0.13996149374329409,0.22254056202228994,-3.1983014407900412e-05,1000.5891491303939,294.57456519696734,0.10000000000000001
2017,0,0.41522636056268808,0.1399305227158068,0.22232615405990483,-7.4710106082883493e-05,1000.8446934613935,422.346730696745,0.10000000000000001
2018,0,0.42541287043442449,0.13997456542067041,0.2225208440195118,-6.7276581437108039e-05,1000.7616399900292,380.81999501457631,0.10000000000000001
2019,0,0.43528639010259074,0.13994105916000871,0.22216120167051595,-0.0001710677612048851,1000.9831626975127,491.58134875636961,0.10000000000000001
2020,0,0.44543032941487853,0.13998227866725574,0.22239477101031488,-7.5579321686220863e-05,1000.9497284428941,474.86422144703511,0.10000000000000001
2021,0,0.45533895182413286,0.13995873278893881,0.22223279832903756,-0.00021044203490700719,1001.1318202913815,565.9101456907365,0.10000000000000001
2022,0,0.46545160547130476,0.13998327198566349,0.22245229257111518,-9.0819085841952455e-05,1001.1295610245488,564.78051227441028,0.10000000000000001
2023,0,0.47538095013335385,0.13997610276079603,0.22230252150496474,-0.00018269599983081111,1001.2907652864279,645.38264321396355,0.10000000000000001
2024,0,0.4854766025211808,0.13998204505217185,0.22256402263948458,-0.00011627286443377624,1001.3012097213538,650.60486067687862,0.10000000000000001
2025,0,0.49541670060509152,0.13998585833366958,0.22239554888178978,-0.00011005664265336576,1001.4397262429936,719.86312149681453,0.10000000000000001
2026,0,0.50550141674405824,0.13998210747604278,0.222456656245624,-8.4451248886224572e-05,1001.4625980458243,731.29902291213966,0.10000000000000001
2027,0,0.51544989550916553,0.13998981686392842,0.22234197022077909,1.9355306541433865e-06,1001.5715034172657,785.75170863285848,0.10000000000000001
2028,0,0.52552326414475092,0.13998395362836452,0.22209597946413151,8.7636373916694424e-06,1001.601549642753,800.77482137647849,0.10000000000000001
2029,0,0.53548129972099623,0.1399903537896188,0.22189322306479217,0.0001422335127916889,1001.6863538670161,843.17693350806167,0.10000000000000001
2030,0,0.54554242378669326,0.13998696056844889,0.2214106734213904,0.00014711778221071175,1001.7145589077186,857.27945385929161,0.10000000000000001
2031,0,0.55551025496226625,0.1399882820396301,0.22101209026835847,0.00027706767730037327,1001.7806811574924,890.34057874619066,0.10000000000000001
2032,0,0.56556052849671301,0.13998961651903979,0.2203136002864696,0.00030333141077030248,1001.8030206637715,901.51033188573138,0.10000000000000001
2033,0,0.57553654632259732,0.13998599878905418,0.21973208705578298,0.00038834299819112721,1001.8549587606137,927.47938030686328,0.10000000000000001
2034,0,0.58557826750533726,0.13999022912823353,0.2188541407887763,0.00043151041447267609,1001.8692742876126,934.63714380629881,0.10000000000000001
2035,0,0.59556071619934314,0.13998506915221409,0.21811973190700548,0.00045917018329295716,1001.9135041932581,956.75209662903171,0.10000000000000001
2036,0,0.60559585530351023,0.13998924158575252,0.21717551099491259,0.00050427368099362874,1001.9178215205911,958.91076029556643,0.10000000000000001
2037,0,0.61558307202027007,0.13998488962069333,0.21633325500512676,0.0004710921339578447,1001.9601387414544,980.06937072722167,0.10000000000000001
2038,0,0.62561349566026014,0.13998795738563735,0.21543200544172025,0.00050538105120296272,1001.9559887425457,977.99437127287092,0.10000000000000001
2039,0,0.6356040039294617,0.13998472628024511,0.21459186090210755,0.0004232727314223813,1001.9976322319017,998.81611595083086,0.10000000000000001
2040,0,0.64563098666580032,0.13998681526157619,0.21380689630589575,0.00043425011789821318,1001.9896722003139,994.83610015693102,0.10000000000000001
2041,0,0.65562414558781112,0.13998448145841347,0.21308388180033905,0.00032549547388157658,1002.0296534768391,1014.8267384195719,0.10000000000000001
2042,0,0.66564797552775123,0.13998581695054033,0.21248886178868945,0.00030731871857612585,1002.0218296122971,1010.9148061485485,0.10000000000000001
2043,0,0.67564389409271686,0.1399840901280453,0.21195365770077162,0.00019469958838128499,1002.0590838208699,1029.5419104349435,0.10000000000000001
2044,0,0.68566439894673403,0.13998495850462056,0.21160471153065757,0.00015244807003397798,1002.0535107349637,1026.7553674818259,0.10000000000000001
2045,0,0.69566317153601542,0.13998363795857244,0.21129600520581046,5.0536368271247385e-05,1002.0866085596158,1043.3042798078986,0.10000000000000001
2046,0,0.7056804766491952,0.13998424610736107,0.21119677890842334,1.2426703902171305e-06,1002.084253964591,1042.1269822954855,0.10000000000000001
2047,0,0.71568173474212626,0.13998313769826659,0.2111242102511483,-8.1377032015162985e-05,1002.1116870167855,1055.8435083927407,0.10000000000000001
2048,0,0.72569646230278617,0.13998358244632905,0.21123672133258012,-0.00012259984801151077,1002.111993873459,1055.9969367295139,0.10000000000000001
2049,0,0.73569954874047472,0.1399825917144043,0.21136861847289179,-0.00017837697091717321,1002.1329993888313,1066.4996944156542,0.10000000000000001
2050,0,0.7457123988506098,0.13998291708061578,0.21163224120290908,-0.00020156163169490104,1002.1341633090052,1067.0816545026014,0.10000000000000001
2051,0,0.75571676963664136,0.13998216501210087,0.21190075681072471,-0.0002280117932219474,1002.1488505177974,1074.4252588987138,0.10000000000000001
2052,0,0.76572823424502356,0.13998243936566596,0.21224520357861129,-0.00022793255713200508,1002.1487291569126,1074.3645784563114,0.10000000000000001
2053,0,0.77573355501271612,0.13998203184491903,0.21256852808937529,-0.00022750660690610313,1002.1575246557749,1078.7623278874321,0.10000000000000001
2054,0,0.7857439866216952,0.13998220828188709,0.2129212926588992,-0.00020641094773261545,1002.1547788914194,1077.3894457096844,0.10000000000000001
2055,0,0.79575004586480003,0.13998200878509226,0.21322708662132836,-0.00018514683456000573,1002.1580832320225,1079.0416160112386,0.10000000000000001
2056,0,0.80575977135482191,0.13998213124787021,0.21352555165191128,-0.00015000223233802945,1002.152429165508,1076.2145827540053,0.10000000000000001
2057,0,0.81576645362728473,0.13998191361039078,0.21376186408543427,-0.00011750014926493706,1002.1509832370302,1075.491618515116,0.10000000000000001
2058,0,0.82577578389891471,0.13998199562098518,0.21396799887680909,-7.8076358831340512e-05,1002.1428626364775,1071.4313182387514,0.10000000000000001
2059,0,0.83578300041578579,0.13998187722010133,0.21410660207188659,-4.3741934761865453e-05,1002.138017263322,1069.0086316610063,0.10000000000000001
2060,0,0.84579208622328506,0.13998205209503606,0.21421016169362095,-8.2109070929035058e-06,1002.1285585415632,1064.2792707815829,0.10000000000000001
2061,0,0.85579977049272327,0.1399821556721704,0.2142513514297362,1.939190984967338e-05,1002.1220719258438,1061.035962921892,0.10000000000000001
2062,0,0.8658086811363721,0.13998249058174461,0.21426516721378475,4.4953384219126114e-05,1002.1129689882399,1056.4844941199567,0.10000000000000001
2063,0,0.87581670749179197,0.13998281937136808,0.21423353587486363,6.1014986418459741e-05,1002.1068059187577,1053.4029593788432,0.10000000000000001
2064,0,0.88582547511628273,0.13998332712463532,0.21418827144240934,7.3035209627669926e-05,1002.0999117537045,1049.9558768522661,0.10000000000000001
2065,0,0.89583368045451905,0.13998385341838565,0.21412142786630187,7.6098021853162091e-05,1002.0960200692529,1048.0100346264294,0.10000000000000001
2066,0,0.90584231870596066,0.13998457769863851,0.21405823711770636,7.4367451692313911e-05,1002.0928347888403,1046.417394420132,0.10000000000000001
2067,0,0.91585056824675648,0.13998534006913446,0.21399657009183456,6.5731840160377112e-05,1002.0927657367434,1046.3828683717225,0.10000000000000001
2068,0,0.92585904317851442,0.13998627416627774,0.21395633878819587,5.2793377267438943e-05,1002.0941865729824,1047.0932864911902,0.10000000000000001
2069,0,0.93586722970922209,0.13998730671228882,0.21393658454728492,3.5909779875899141e-05,1002.0986211826034,1049.3105913017189,0.10000000000000001
2070,0,0.94587542348256359,0.13998852211022622,0.21395013356714482,1.5466824846831958e-05,1002.104729669814,1052.3648349069958,0.10000000000000001
2071,0,0.95588336967365284,0.13998991790594051,0.21399799316877022,-5.3932257381544864e-06,1002.1134049334458,1056.7024667229248,0.10000000000000001
2072,0,0.96589108153111414,0.13999147399801601,0.21408289680862558,-2.8494493928726277e-05,1002.1233492585867,1061.6746292933499,0.10000000000000001
2073,0,0.97589855268062553,0.13999325212863656,0.21420603894083115,-4.9457571970596385e-05,1002.1351410112326,1067.5705056162883,0.10000000000000001
2074,0,0.98590563719057611,0.13999516753760047,0.21436503475648711,-6.9154668359221424e-05,1002.1474530084329,1073.7265042164381,0.10000000000000001
2075,0,0.99591251546959525,0.13999719504538904,0.2145540758836493,-8.7096714670515063e-05,1002.1606824182546,1080.3412091273117,0.10000000000000001
2076,0,1.0059190207444919,0.13999921909831381,0.21477477750726068,-9.8230735350247992e-05,1002.1736716711455,1086.8358355727423,0.10000000000000001
2077,0,1.0159253351477671,0.14000111623289838,0.2150077802209745,-0.0001109654355822925,1002.186467217869,1093.2336089344972,0.10000000000000001
2078,0,1.0259313919669197,0.14000303068578013,0.21526368137062096,-0.00011095053247365169,1002.1986204362005,1099.3102181002428,0.10000000000000001
2079,0,1.0359371314621288,0.14000481487686725,0.21551260369560754,-0.00011555012693404156,1002.2093125262296,1104.6562631148049,0.10000000000000001
2080,0,1.0459427829833727,0.14000684915809664,0.21576783296865426,-0.0001053443483437136,1002.2194119776567,1109.7059888283525,0.10000000000000001
2081,0,1.055947895762025,0.14000884755869453,0.2160036392348271,-9.7281011867623914e-05,1002.2269549935589,1113.4774967794669,0.10000000000000001
2082,0,1.0659531203431243,0.14001114272507073,0.21622195605598951,-8.1505831676550517e-05,1002.234108115318,1117.0540576590042,0.10000000000000001
2083,0,1.0759576736557295,0.14001348128311,0.21641915794990457,-5.6426562141797207e-05,1002.2382801554714,1119.1400777357217,0.10000000000000001
2084,0,1.0859624134105803,0.14001584430486225,0.21656918604921913,-4.1249474889559423e-05,1002.2419777457515,1120.9888728757278,0.10000000000000001
2085,0,1.0959666393758929,0.14001833369887196,0.21670636607646981,5.3372011672007223e-07,1002.2434053061526,1121.7026530762837,0.10000000000000001
2086,0,1.1059708195477818,0.14002030665350615,0.21676743237735255,1.1104757996230291e-05,1002.2435676885079,1121.7838442539687,0.10000000000000001
2087,0,1.1159750557792281,0.14002256632175203,0.21682057691947718,6.0973668967301842e-05,1002.2434770139399,1121.7385069699617,0.10000000000000001
2088,0,1.1259786314007274,0.14002399839111732,0.21678555892588824,7.1155383629836752e-05,1002.2407341086321,1120.3670543160342,0.10000000000000001
2089,0,1.1359831128268572,0.14002593180669121,0.21672792163205781,0.00011170369654321992,1002.2405495284529,1120.2747642264512,0.10000000000000001
2090,0,1.1459861546813934,0.14002720413593209,0.21660059242483132,0.00013437865161235508,1002.2364705955127,1118.235297756371,0.10000000000000001
2091,0,1.1559908327380639,0.14002869933244722,0.21641182258947828,0.00014513951746866435,1002.2373503549289,1118.6751774644677,0.10000000000000001
2092,0,1.1659936337444095,0.14003012788565181,0.21620239285015369,0.0001930998795620008,1002.2342888408776,1117.1444204388195,0.10000000000000001
2093,0,1.1759980282274438,0.14003092028683581,0.21587976526137892,0.0001612519638423556,1002.2367315270669,1118.3657635334612,0.10000000000000001
2094,0,1.1860010756682615,0.14003260531442635,0.21560059911609092,0.00023498980534900467,1002.2373802329217,1118.6901164608685,0.10000000000000001
2095,0,1.1960044261307941,0.14003256706692896,0.21517113055518625,0.00016882268597130204,1002.2411552737516,1120.5776368757938,0.10000000000000001
2096,0,1.206008360012913,0.14003415036497963,0.21482912989536448,0.00024527763043098282,1002.2474765831017,1123.7382915508647,0.10000000000000001
2097,0,1.2160101554393541,0.14003342122029788,0.21435428644448964,0.00018130143701549977,1002.2521430452186,1126.0715226093225,0.10000000000000001
2098,0,1.226015354702999,0.14003426895902671,0.21395288170399043,0.0002157349808626123,1002.2643486377077,1132.1743188538562,0.10000000000000001
2099,0,1.2360157683287643,0.14003346085752641,0.21351292211125086,0.00020717310723212677,1002.2696794948624,1134.8397474312151,0.10000000000000001
2100,0,1.2460217616467215,0.14003294729097204,0.21305705578963047,0.00015075467188124334,1002.2855318369043,1142.7659184521417,0.10000000000000001
2101,0,1.2560219083630602,0.14003271424649241,0.21272377821520841,0.00024163117239243929,1002.2918966480295,1145.9483240147392,0.10000000000000001
2102,0,1.2660271485803478,0.14003061764622482,0.21223776652222459,7.3564166158195197e-05,1002.3076243580807,1153.8121790403579,0.10000000000000001
2103,0,1.2760289073314599,0.14003118764405978,0.21203641663519596,0.00026221158779270696,1002.3154336118092,1157.716805904613,0.10000000000000001
2104,0,1.2860313083069228,0.14002785211389329,0.21157176487630178,1.873240092440009e-05,1002.3274652912634,1163.7326456316828,0.10000000000000001
2105,0,1.2960366788533118,0.14002871289021818,0.2114741724564774,0.00024026588754578606,1002.3369729794783,1168.4864897391662,0.10000000000000001
2106,0,1.3060347659706821,0.14002505088760864,0.21109751594290363,2.0201938587836303e-05,1002.3427687030883,1171.384351544134,0.10000000000000001
2107,0,1.3160447668871325,0.1400252015457446,0.21101903447171719,0.00015689896640070066,1002.3529786926129,1176.4893463064254,0.10000000000000001
2108,0,1.3260388527617919,0.14002244595270691,0.21079070058763852,8.9590236307922761e-05,1002.3513287365123,1175.6643682561503,0.10000000000000001
2109,0,1.3360524140960262,0.14002101973865327,0.21061373931172572,2.966932941830778e-05,1002.3596370103893,1179.8185051946461,0.10000000000000001
2110,0,1.3460451027285443,0.14002040270304733,0.21053960157442111,0.00021703363118809701,1002.3503111192986,1175.1555596492835,0.10000000000000001
2111,0,1.3560586357580005,0.14001691377342018,0.21016306421870215,-8.2329730545040088e-05,1002.35492473243,1177.4623662150248,0.10000000000000001
2112,0,1.3660540413376108,0.14001883524778364,0.21018009015926353,0.00036347113041965731,1002.338989439184,1169.4947195920236,0.10000000000000001
2113,0,1.3760626543208028,0.14001362594208586,0.20956345162583517,-9.2913839963161278e-05,1002.3416872539756,1170.8436269877893,0.10000000000000001
2114,0,1.3860645340442299,0.14001730824237482,0.20953104584367868,0.00047432039234558221,1002.3202296180325,1160.1148090162496,0.10000000000000001
2115,0,1.3960650691310412,0.1400114832455476,0.20872948866434571,4.010842198789984e-05,1002.3253535090295,1162.6767545147345,0.10000000000000001
2116,0,1.406074921904408,0.14001523897802365,0.20846701034002876,0.00049981694918366378,1002.2986521645264,1149.326082263201,0.10000000000000001
2117,0,1.4160686350238696,0.14001059507718627,0.20755417478354868,0.00030114503193319042,1002.3057701961602,1152.8850980801053,0.10000000000000001
2118,0,1.4260844524720826,0.14001237230906025,0.20688679835506812,0.00044005554040166625,1002.2728139784887,1136.4069892443354,0.10000000000000001
2119,0,1.4360769859866525,0.14001070529029658,0.20593927733137668,0.00064850807422553046,1002.2782628251051,1139.1314125525582,0.10000000000000001
2120,0,1.4460924931553902,0.14000848222993689,0.2047416573741736,0.00037424292837750123,1002.2390335725562,1119.5167862780977,0.10000000000000001
2121,0,1.4560911991817176,0.14001054076883207,0.2037903578501018,0.0010066927722951172,1002.2377662117066,1118.8831058532855,0.10000000000000001
2122,0,1.4660972487463124,0.14000429384985127,0.20212100051931867,0.00042165443488752702,1002.2028952184652,1101.4476092325935,0.10000000000000001
2123,0,1.4761084641208218,0.14000912184560055,0.20115952384830349,0.0012448270338245953,1002.1903829816644,1095.1914908321783,0.10000000000000001
2124,0,1.4860973888068876,0.14000296709530269,0.19925787942306694,0.00057940928873954098,1002.1698306448253,1084.9153224126553,0.10000000000000001
2125,0,1.4961255372720039,0.14000773093271346,0.19820655554579938,0.0012499662075523448,1002.1440844103616,1072.0422051808214,0.10000000000000001
2126,0,1.5060959811394328,0.14000725545665307,0.19640334788075953,0.0007392546259888074,1002.1346350585974,1067.3175292986912,0.10000000000000001
2127,0,1.5161419529421809,0.14000609675224179,0.19511986983052207,0.00097932711579465479,1002.0936612285782,1046.8306142890924,0.10000000000000001
2128,0,1.5261005199859328,0.14001332843228134,0.19362547557746243,0.00085939799169042869,1002.0835806195911,1041.7903097955445,0.10000000000000001
2129,0,1.5361585459794231,0.14000014582583747,0.19201048102118437,0.00055128929059634912,1002.0260497022228,1013.0248511114246,0.10000000000000001
2130,0,1.5461159203294415,0.14001119014021848,0.19090775488508727,0.00094596453374210746,1002.0048699172236,1002.4349586117864,0.10000000000000001
2131,0,1.5561740166751084,0.13998934172323135,0.18905074389593268,0.00025460444968078991,1001.9473645315674,973.68226578367967,0.10000000000000001
2132,0,1.5661392128012299,0.13999939780777954,0.1883109122538279,0.00089336194222110633,1001.904311835318,952.15591765901308,0.10000000000000001
2133,0,1.5761846264218222,0.13998512448271483,0.18651834463527536,0.00018389891997468733,1001.8682867892595,934.14339462975704,0.10000000000000001
2134,0,1.586164540878132,0.13999268648180194,0.18601745360892905,0.00068370723618469212,1001.7998161844547,899.90809222734924,0.10000000000000001
2135,0,1.5961910084592428,0.13999592106528624,0.18460567509625175,0.00020899377461318239,1001.7804881167777,890.24405838887333,0.10000000000000001
2136,0,1.6061895560238753,0.1399977392862819,0.18406101644193185,0.00030155228122652765,1001.6861429697013,843.07148485066818,0.10000000000000001
2137,0,1.6162038685425895,0.14000468418522283,0.18312223529749366,0.00026412041054241399,1001.6668977975974,833.44889879867878,0.10000000000000001
2138,0,1.6262137775163135,0.13999718071664466,0.18233020118740836,-9.787114129665798e-05,1001.5545269459431,777.26347297152643,0.10000000000000001
2139,0,1.6362336192062035,0.13998363429155702,0.18161820124737396,0.00036835427805593081,1001.5134124404998,756.70622024989598,0.10000000000000001
2140,0,1.6462360910802663,0.13998062797743493,0.18075320052877611,-0.00024360962466863034,1001.4261593821684,713.07969108420366,0.10000000000000001
2141,0,1.6562781019188664,0.13994661170870409,0.18003130363652001,0.00045453054072682895,1001.3354015577848,667.7007788924243,0.10000000000000001
2142,0,1.6662500185919631,0.1399776869703358,0.17928152030156796,-0.00015029153037452993,1001.3080716397393,654.03581986964809,0.10000000000000001
2143,0,1.676324048380458,0.13994418549914173,0.1786556785125698,0.00051487144500094784,1001.1537475540963,576.87377704814935,0.10000000000000001
2144,0,1.6862515812761028,0.13999823919100163,0.17807768347618572,-6.6295597615748325e-05,1001.1858288568449,592.91442842243214,0.10000000000000001
2145,0,1.6963607739206752,0.13996904350586525,0.17742919857884518,0.00043118033625158216,1000.9656026944778,482.80134723887613,0.10000000000000001
2146,0,1.7062511693491302,0.1399993208211352,0.17712643085077356,-1.4825027043791954e-05,1001.0658823967249,532.94119836243681,0.10000000000000001
2147,0,1.7163920062049409,0.1399646030843881,0.17627940761719743,0.00029859702407062023,1000.8035992414481,401.79962072403441,0.10000000000000001
2148,0,1.7262595651527188,0.13996670112477641,0.17648139299258433,-9.1535658359330252e-05,1000.9895725765954,494.78628829768923,0.10000000000000001
2149,0,1.7364321818707744,0.13993897718095263,0.17533172759868157,0.0002366707498539046,1000.6983135059771,349.15675298856286,0.10000000000000001
2150,0,1.7462674475384046,0.13995621796460095,0.17571118473368597,-0.00038549902177970079,1000.9630812263922,481.54061319610264,0.10000000000000001
2151,0,1.7564886995772766,0.1399300324413113,0.17471421513095534,5.6338691457969036e-05,1000.6201032283548,310.05161417738236,0.10000000000000001
2152,0,1.7662665359863801,0.13996604524195086,0.17478729098129236,-0.00098752349067555197,1000.9876184420339,493.80922101693159,0.10000000000000001
2153,0,1.7765742064534484,0.13989228780497084,0.17430006247918217,-0.00040194823285664158,1000.4827137065786,241.35685328928957,0.10000000000000001
2154,0,1.7862794989572146,0.13992472338856157,0.17385369095111711,-0.0016422201899813642,1000.9775361989024,488.76809945119248,0.10000000000000001
2155,0,1.7966887606334101,0.13987016243439751,0.17375413903952913,-0.00054877257914090114,1000.2909364385652,145.46821928257714,0.10000000000000001
2156,0,1.8063246357222413,0.13988863843836821,0.17361841079697815,-0.0013572822669409912,1000.857541809582,428.77090479100843,0.10000000000000001
2157,0,1.8168162341914313,0.13991295811831422,0.17339275192437562,0.00023845578089484612,1000.0284810591303,14.240529565142879,0.10000000000000001
2158,0,1.8264305219032089,0.13996432753642815,0.17380875012514546,0.0010783188547971057,1000.7038814226518,351.94071132588078,0.10000000000000001
2159,0,1.8369451050327381,0.14001988521520151,0.17395568384742535,0.0032664492972142357,999.71542039930239,-142.28980034880578,0.10000000000000001
2160,0,1.8465507176193241,0.14026290799414948,0.17355852338675612,0.0058651677166336397,1000.6708554039518,335.42770197590244,0.10000000000000001
2161,0,1.8569735648654915,0.14033449356652378,0.17518028720546241,0.0062324956520101232,999.59155077916512,-204.224610417441,0.10000000000000001
2162,0,1.8663488905567838,0.14055744424354713,0.1712595573297663,0.00565701299449335,1000.662681130931,331.34056546549573,0.10000000000000001
2163,0,1.8771051335468616,0.1402440602098404,0.17763862270781228,0.0039755184007830768,999.90675023339418,-46.624883302911257,0.10000000000000001
2164,0,1.8846662352736414,0.13966911305147664,0.17021043806793676,-0.0013368003658876038,1000.3377554941554,168.87774707771541,0.10000000000000001
2165,0,1.9015152849951933,0.1390958844468981,0.17775255097730014,-0.0064732145140703277,1000.037834106564,18.917053281995777,0.10000000000000001
2166,0,1.9015464420921551,0.1389745335666035,0.17774069391050473,-0.0064430402230339599,1000.0378932129361,18.946606468034588,0.10000000000000001
2167,0,1.9284178275141779,0.14418457365045892,0.16319543003641285,0.005187203143136543,1000.0877609380925,43.880469046257531,0.10000000000000001
2168,0,1.928013693425479,0.14544780268345261,0.16170165476937207,0.0054254909040410077,1000.1046934588389,52.346729419468829,0.10000000000000001
2169,0,1.9455859400869255,0.13772576021159955,0.16655225409154173,-4.4472540835116692e-05,999.90094966919389,-49.525165403053961,0.10000000000000001
2170,0,1.9577577768493875,0.13606849923737777,0.1727331614719374,0.0003269484983717695,1000.0609616034112,30.480801705607519,0.10000000000000001
2171,0,1.9580602184960842,0.1366426150587941,0.17281955652066083,0.00060116534996257462,1000.0596199077106,29.809953855306048,0.10000000000000001
2172,0,0.14666889662507501,0.14939760396531784,0.2310168779712371,0.0036192819848598215,999.9928502891795,-3.574855410249711,0.10000000000000001
2173,0,0.14671842382806535,0.15012213947664013,0.23073275648472116,0.0034833343322314839,999.99429502216992,-2.8524889150389754,0.10000000000000001
2174,0,0.16815763878466308,0.14966970544744512,0.22876797702311888,-0.0046485449002450141,1000.1314653479379,65.732673968966537,0.10000000000000001
2175,0,0.18122423544356148,0.15563834363392379,0.22484583083171669,-0.0028287745439758553,1000.5639860267668,281.993013383385,0.10000000000000001
2176,0,0.18182247301007828,0.1562660838850066,0.22755555118057202,0.00048432664994236467,999.79007327505337,-104.96336247331328,0.10000000000000001
2177,0,0.21011113955697239,0.14926670569973774,0.206305606138627,-0.0071724862468139092,1000.2093240709364,104.66203546820907,0.10000000000000001
2178,0,0.21006224210651245,0.14891182993776159,0.2063684952769545,-0.0072547870081754217,1000.2073235176183,103.66175880915307,0.10000000000000001
2179,0,0.22492263641380961,0.14965554339665807,0.21792106970611941,-0.010487845697692276,999.93184022499963,-34.079887500183759,0.10000000000000001
2180,0,0.23323043331512461,0.14934625382956349,0.20714620692692723,-0.00738112953611541,999.95952934640013,-20.235326799934228,0.10000000000000001
2181,0,0.24419794009253196,0.14985390078451408,0.21933169659978244,-0.0026070035733599707,1000.1699358633081,84.967931654034601,0.10000000000000001
2182,0,0.2534564123089173,0.14973179119684479,0.20951502749936068,-0.0011804983427953397,1000.4343869674179,217.19348370896796,0.10000000000000001
2183,0,0.26379586264052174,0.1497646756044323,0.21779011062178985,-0.0003071308367445168,1000.3790282513197,189.51412565985493,0.10000000000000001
2184,0,0.2735336510253687,0.14975803572258373,0.21309134421698273,0.00046298178937251609,1000.0878023252985,43.901162649262915,0.10000000000000001
2185,0,0.28365821532757624,0.14974984411718018,0.21491918443610139,-0.00045202063038558778,1000.4659400267578,232.97001337891743,0.10000000000000001
2186,0,0.29346346453308769,0.14971323065004061,0.21608115776489076,6.6879729009825428e-05,999.9998509829004,-0.074508549801066692,0.10000000000000001
2187,0,0.30357078838280127,0.14982551182976184,0.21348711863313394,-0.00097169188157411634,1000.4704404717479,235.22023587395324,0.10000000000000001
2188,0,0.31340159442079751,0.14977511196421081,0.21671140982616185,-6.9135123508730276e-06,1000.0624422875487,31.221143774359916,0.10000000000000001
2189,0,0.32353425037584332,0.14992217466910718,0.21367904426291207,-0.00058311597841475551,1000.3710333762664,185.51668813319111,0.10000000000000001
2190,0,0.33335041790031683,0.14983725709792678,0.21569464515899467,-0.00041846782367210107,1000.2649950465928,132.49752329642206,0.10000000000000001
2191,0,0.3435281935517786,0.14995041528972317,0.21374012984566373,-0.00020027906561219321,1000.3180362057941,159.01810289705054,0.10000000000000001
2192,0,0.3533613552121172,0.14986784354809093,0.21527858248338075,-0.00039285079902472381,1000.4150983798235,207.54918991173099,0.10000000000000001
2193,0,0.36352609838244421,0.14995207007962882,0.21329565683433871,-1.5663850567232162e-05,1000.3475652216019,173.78261080096991,0.10000000000000001
2194,0,0.37340415609047006,0.14989725879869797,0.2147579842751827,-0.00030692490129100518,1000.5625432658831,281.27163294152524,0.10000000000000001
2195,0,0.38351453208967295,0.14997019408356296,0.21318432295575448,-0.00014231098964030591,1000.4331018217688,216.55091088439349,0.10000000000000001
2196,0,0.39343708888172602,0.14991026097521606,0.21383274529126389,-0.00025687699226912132,1000.6935332469852,346.76662349261278,0.10000000000000001
2197,0,0.40352612793197024,0.14998431616336808,0.21327689583777756,-0.00026351449809907995,1000.5667486616985,283.37433084925578,0.10000000000000001
2198,0,0.41345533736290224,0.1499158091507268,0.21317670272980879,-0.00025086021441078643,1000.8205498359399,410.27491796995719,0.10000000000000001
2199,0,0.42355319065172725,0.14998490778330828,0.21320453543506079,-0.00025905485749926408,1000.7310276132139,365.51380660694122,0.10000000000000001
2200,0,0.43347256196048861,0.14993053337938941,0.21296215980348615,-0.00034741886580733018,1000.9653030919089,482.65154595446802,0.10000000000000001
2201,0,0.44358123806063915,0.14998868997834466,0.21318068880194654,-0.00027874895834358596,1000.9052714223352,452.63571116760204,0.10000000000000001
2202,0,0.45349467264388743,0.14995124078713548,0.21290410543712279,-0.00049877395041807149,1001.1327877563743,566.39387818717069,0.10000000000000001
2203,0,0.46360260882582133,0.14998734884471562,0.21340370282501164,-0.00035866205856767327,1001.0762815872846,538.14079364229883,0.10000000000000001
2204,0,0.47352706149775226,0.14997019357198021,0.21300240676914162,-0.00057257745673905262,1001.2984214445373,649.21072226866272,0.10000000000000001
2205,0,0.4836159723578265,0.14998314351378514,0.21354974904633722,-0.00041005282199291931,1001.2498625408756,624.9312704377985,0.10000000000000001
2206,0,0.49356479772990691,0.14997758336226347,0.2132743372714494,-0.00054476714721990666,1001.4437437427628,721.87187138138142,0.10000000000000001
2207,0,0.50362870774253488,0.14998438738038355,0.21348524815494294,-0.00040671212992108105,1001.4157367445511,707.86837227552724,0.10000000000000001
2208,0,0.51359733643298355,0.14997882048366729,0.21335573547181091,-0.00041758497713453201,1001.57279520459,786.39760229498279,0.10000000000000001
2209,0,0.52364372403588733,0.14998693016686274,0.21324278398701335,-0.0003528319468140961,1001.5581103315593,779.05516577965273,0.10000000000000001
2210,0,0.53362316354711925,0.14997986081765263,0.21300948497055519,-0.00024245858922890246,1001.6857983964067,842.8991982033267,0.10000000000000001
2211,0,0.54365963841502329,0.14998800233679097,0.21269315877976025,-0.00023633437721919782,1001.6736523373983,836.82616869913318,0.10000000000000001
2212,0,0.55364444757208275,0.14998013401314289,0.21222033546693828,-6.6322524136503669e-05,1001.7786835393233,889.34176966165523,0.10000000000000001
2213,0,0.56367583458146941,0.1499883424555348,0.21172304499942329,-9.1075931742608677e-05,1001.7645746206202,882.28731031011876,0.10000000000000001
2214,0,0.5736625200628559,0.14997987575858113,0.2110224496885422,6.955163151659947e-05,1001.8517188785551,925.85943927753078,0.10000000000000001
2215,0,0.58369184098784532,0.14998769686716434,0.21035974909423591,4.0434058846433504e-05,1001.8340410569811,917.02052849052507,0.10000000000000001
2216,0,0.59367876660119645,0.1499801596198162,0.20949241060877985,0.00013813359446779723,1001.9074538238,953.72691189999159,0.10000000000000001
2217,0,0.60370633312710542,0.14998608628620172,0.20872945849375446,0.00011945600721468583,1001.8873033358145,943.65166790726107,0.10000000000000001
2218,0,0.61369453328643464,0.14998067242848442,0.20778130108075304,0.00012978191900744592,1001.9492853080058,974.64265400287786,0.10000000000000001
2219,0,0.62371885783331893,0.14998440346406031,0.20700470847132627,0.00012094411054566291,1001.9306915772095,965.3457886047363,0.10000000000000001
2220,0,0.63370999013691731,0.14998064623898505,0.20608996471869673,5.5807922713140347e-05,1001.9817794219052,990.88971095261513,0.10000000000000001
2221,0,0.64373034694441766,0.14998333348318554,0.20539075159874748,3.4761890095967101e-05,1001.9684103774044,984.2051887022194,0.10000000000000001
2222,0,0.653724443181255,0.14998017694509483,0.20460835496832588,-7.0804391043344293e-05,1002.0102984046923,1005.1492023461606,0.10000000000000001
2223,0,0.66374140800172499,0.1499825068463001,0.20407926977972901,-0.00012022726615809251,1002.0028517234599,1001.4258617299561,0.10000000000000001
2224,0,0.67373799688735236,0.1499796068015643,0.20350241080869555,-0.00023955987913554645,1002.0376736940559,1018.8368470279556,0.10000000000000001
2225,0,0.68375183617956747,0.14998174539134476,0.20319695264953661,-0.00030841966877915346,1002.0357133324926,1017.8566662463027,0.10000000000000001
2226,0,0.69375066092591731,0.14997920478225835,0.20287352359870237,-0.00042674123960968931,1002.0645286081685,1032.2643040842649,0.10000000000000001
2227,0,0.70376172040791296,0.14998085139368317,0.20280263319650099,-0.00050002354324577545,1002.0665609080908,1033.2804540453822,0.10000000000000001
2228,0,0.71376238225517885,0.1499789381399361,0.20273547491327129,-0.00060055911952294815,1002.0901337731295,1045.0668865647685,0.10000000000000001
2229,0,0.72377132491292251,0.14997992418475004,0.20287415850302801,-0.00066498429004027151,1002.0939069467651,1046.9534733825299,0.10000000000000001
2230,0,0.73377309529925372,0.14997858137990944,0.20302303925795931,-0.000736633762105402,1002.1124568521932,1056.2284260965953,0.10000000000000001
2231,0,0.74378062130455458,0.1499791679877685,0.20331701274005082,-0.00077946094083650359,1002.1158047814615,1057.9023907307601,0.10000000000000001
2232,0,0.75378297436876107,0.1499781607011029,0.20360881718801713,-0.00081779130333630356,1002.1292372397807,1064.6186198903251,0.10000000000000001
2233,0,0.76378955646403168,0.14997870288286991,0.20398773307601503,-0.00083296754004861834,1002.1303978021014,1065.1989010506782,0.10000000000000001
2234,0,0.77379227446312493,0.14997806255000493,0.20433785152380493,-0.0008392746107230355,1002.1385499720012,1069.2749860006074,0.10000000000000001
2235,0,0.78379817172399058,0.14997847690598587,0.20472486007159532,-0.00082756669031640567,1002.1366136474238,1068.3068237119073,0.10000000000000001
2236,0,0.79380129890773465,0.14997813353730025,0.20505871097361147,-0.0008095050735475775,1002.1394443651112,1069.7221825556085,0.10000000000000001
2237,0,0.80380669754881395,0.14997837950791931,0.20538844414448551,-0.00077869684007499758,1002.1342274936827,1067.1137468413576,0.10000000000000001
2238,0,0.81381020331006804,0.14997805376896436,0.20564853329888588,-0.00074519200884445348,1002.1324186381149,1066.2093190574637,0.10000000000000001
2239,0,0.82381537771286162,0.14997823842412181,0.20588059751682394,-0.00070632181977129998,1002.1243851514278,1062.1925757138797,0.10000000000000001
2240,0,0.83381918004387989,0.14997799064432188,0.2060371061373204,-0.00066842613126858472,1002.1191423720218,1059.571186010885,0.10000000000000001
2241,0,0.84382430922803353,0.14997821316755491,0.20615777128630705,-0.00063033438885245943,1002.1095495910934,1054.7747955466775,0.10000000000000001
2242,0,0.85382852944588394,0.14997822282130488,0.20621061053947509,-0.00059904104319407107,1002.1025321844081,1051.2660922040595,0.10000000000000001
2243,0,0.86383363971759497,0.14997861633654924,0.20623314372193138,-0.00057021248343172093,1002.0931251578145,1046.5625789072419,0.10000000000000001
2244,0,0.87383819497581017,0.14997890738863273,0.20620560740125279,-0.00055144330790398983,1002.0863144175266,1043.1572087633185,0.10000000000000001
2245,0,0.88384329725808619,0.14997943327623517,0.20616198870965782,-0.00053795880846167884,1002.0789807301487,1039.4903650743572,0.10000000000000001
2246,0,0.8938480841580293,0.14997994138637988,0.20609278424304403,-0.00053446684306233169,1002.0744025240978,1037.2012620488817,0.10000000000000001
2247,0,0.90385326302149882,0.14998063474953138,0.20602557009216724,-0.00053730991932025667,1002.0707100223694,1035.3550111847198,0.10000000000000001
2248,0,0.91385827292241051,0.14998133143563758,0.20595709838756032,-0.00054937774884458159,1002.0699947872677,1034.9973936338301,0.10000000000000001
2249,0,0.92386365617625532,0.14998219784306976,0.2059095433992536,-0.00056718789761075528,1002.0709017167003,1035.4508583501456,0.10000000000000001
2250,0,0.9338689528882359,0.14998315231744577,0.20588169642012583,-0.00059259491873465346,1002.0747827826036,1037.39139130181,0.10000000000000001
2251,0,0.94387444493486394,0.14998433451763635,0.20588635823247056,-0.00062244495694475965,1002.0804282961906,1040.2141480952878,0.10000000000000001
2252,0,0.95387983421162437,0.14998570569128455,0.20592765937935303,-0.00065602123516342499,1002.0886811204392,1044.3405602196094,0.10000000000000001
2253,0,0.96388514659380997,0.14998727454403862,0.20600352844992134,-0.00069201925141064837,1002.0983119940954,1049.1559970477056,0.10000000000000001
2254,0,0.97389047523700734,0.1499890800344304,0.20612426771466408,-0.00072728473707778382,1002.1098208420807,1054.910421040347,0.10000000000000001
2255,0,0.98389558615031025,0.14999095106244961,0.20627704929197851,-0.00076239474189678392,1002.1220543982255,1061.0271991127433,0.10000000000000001
2256,0,0.99390100873489573,0.14999297550277169,0.20646950055197857,-0.00079348019584166889,1002.1350677278377,1067.5338639188681,0.10000000000000001
2257,0,1.003906191165741,0.14999487868013003,0.20669035654898449,-0.00082138673829288062,1002.1482448738209,1074.122436910443,0.10000000000000001
2258,0,1.0139117890025036,0.14999676948299229,0.20693101809333306,-0.00084432136845107855,1002.1608293198076,1080.4146599037949,0.10000000000000001
2259,0,1.0239171941985308,0.14999857790334004,0.20719658606188229,-0.00085960132965243587,1002.1733446346248,1086.6723173123773,0.10000000000000001
2260,0,1.0339226582423822,0.15000034034923565,0.20745249874346386,-0.00087057120089429273,1002.1839339897887,1091.9669948943351,0.10000000000000001
2261,0,1.0439283112286348,0.15000233904350929,0.20772827833230556,-0.00086896922661105873,1002.1943462671835,1097.1731335917525,0.10000000000000001
2262,0,1.0539334265451654,0.15000421539011657,0.20796716819194844,-0.00086534534701512107,1002.2021262949767,1101.0631474883326,0.10000000000000001
2263,0,1.06393959250246,0.15000658761844646,0.20821480057386116,-0.00084729279958019787,1002.2092153933621,1104.6076966810574,0.10000000000000001
2264,0,1.0739446730469022,0.15000867733607778,0.20841551114099621,-0.0008298992552453208,1002.2141731336205,1107.086566810267,0.10000000000000001
2265,0,1.0839514565260988,0.15001123556513749,0.20859497625626292,-0.00080174166932793359,1002.2171460048918,1108.573002445894,0.10000000000000001
2266,0,1.0939570167692521,0.15001345939128244,0.20874575102895504,-0.00077293643505497848,1002.2198515851435,1109.9257925717438,0.10000000000000001
2267,0,1.1039638390105626,0.15001561923465392,0.20882204128144419,-0.00074304436274769624,1002.2187991844643,1109.3995922321369,0.10000000000000001
2268,0,1.113970471066289,0.15001779420243988,0.20890991407079465,-0.00070443969251671569,1002.2200219712898,1110.0109856449194,0.10000000000000001
2269,0,1.1239765032130393,0.15001909831522664,0.20886448356391407,-0.00067928730614549599,1002.216301151542,1108.150575770992,0.10000000000000001
2270,0,1.1339848876766914,0.15002130248804002,0.20886637963217497,-0.00063335775553516728,1002.2164649153326,1108.2324576663041,0.10000000000000001
2271,0,1.1439898283201331,0.15002190054936979,0.20870696784437137,-0.00061661451856739511,1002.2127792642134,1106.3896321066977,0.10000000000000001
2272,0,1.1540001085069733,0.15002412361657239,0.20858784757599777,-0.00057068413575856803,1002.2118467437865,1105.9233718932546,0.10000000000000001
2273,0,1.1640045802920296,0.15002456019514612,0.20835015764914896,-0.00056210846063555885,1002.211514450056,1105.7572250280145,0.10000000000000001
2274,0,1.1740154141415742,0.15002631866820051,0.20807232509515342,-0.00052873975052933884,1002.2094125322852,1104.7062661426139,0.10000000000000001
2275,0,1.1840209645782878,0.15002729421802688,0.20780805195418714,-0.00052170941832436384,1002.2150657967253,1107.5328983626491,0.10000000000000001
2276,0,1.1940296570087434,0.15002767486970967,0.20735828614992943,-0.00051556952528590083,1002.212434866539,1106.2174332694781,0.10000000000000001
2277,0,1.204038622324332,0.15002961203719895,0.20710730255564336,-0.000497957538436839,1002.2243620407327,1112.1810203663358,0.10000000000000001
2278,0,1.214042688351836,0.1500278476539752,0.20653024587255273,-0.0005290867617506914,1002.2233799832808,1111.6899916403895,0.10000000000000001
2279,0,1.2240568550083486,0.15003064973707403,0.20629230352393371,-0.00048965200366800918,1002.238617229071,1119.3086145354982,0.10000000000000001
2280,0,1.234055722801058,0.15002717136722521,0.20569909645950019,-0.00055806334691619502,1002.2429447145311,1121.4723572655316,0.10000000000000001
2281,0,1.244073953398068,0.15002990071704467,0.2054221226288423,-0.0004973294794965961,1002.2560147491478,1128.0073745738832,0.10000000000000001
2282,0,1.2540704001109668,0.15002647347283454,0.2049660492441,-0.00058635689422182127,1002.2694955338957,1134.7477669478394,0.10000000000000001
2283,0,1.2640876647368104,0.1500272165326042,0.20457569924944455,-0.0005289806477412238,1002.2745949336346,1137.2974668173015,0.10000000000000001
2284,0,1.274087786024628,0.15002632583473052,0.20438764841533869,-0.00060502268068335537,1002.2983852849541,1149.1926424770327,0.10000000000000001
2285,0,1.2840966306544563,0.15002292072565304,0.203845640317628,-0.00059486942464731995,1002.2922766615377,1146.1383307688493,0.10000000000000001
2286,0,1.294107511008127,0.15002619894818497,0.20396739435050892,-0.00060497967173919797,1002.3229673359899,1161.4836679949576,0.10000000000000001
2287,0,1.3041020802652106,0.15001781811742421,0.20332399763361858,-0.00067750839226074153,1002.3074233578574,1153.711678928687,0.10000000000000001
2288,0,1.3141273928017176,0.15002482970681771,0.203635562583562,-0.00056990225344105184,1002.3366151577317,1168.3075788658357,0.10000000000000001
2289,0,1.3241076408437153,0.15001373282820354,0.20304936981461005,-0.00073166128794113295,1002.3200594916665,1160.029745833242,0.10000000000000001
2290,0,1.334143523054482,0.15002112129113787,0.2032828460513636,-0.00049898088132710439,1002.3369669841393,1168.4834920696403,0.10000000000000001
2291,0,1.344117950842781,0.15001269392154679,0.20294716108130467,-0.00072538103804934112,1002.3307524159762,1165.3762079881176,0.10000000000000001
2292,0,1.3541520219817758,0.15001508550325474,0.2027889997378533,-0.00045092707699508912,1002.3245858466718,1162.2929233358832,0.10000000000000001
2293,0,1.3641356161754532,0.1500150610259115,0.20284672455206718,-0.00067956893120868131,1002.338102088407,1169.0510442035134,0.10000000000000001
2294,0,1.374151439043239,0.15000763425265998,0.20211054187660352,-0.00049270219245104298,1002.3010940638126,1150.5470319062852,0.10000000000000001
2295,0,1.3841586752728974,0.15001866854110801,0.20250492760387348,-0.00059469490771923983,1002.3343956500245,1167.1978250122379,0.10000000000000001
2296,0,1.3941448260368432,0.15000038761920167,0.20126114636407999,-0.00056525900018493229,1002.2704740900404,1135.2370450201761,0.10000000000000001
2297,0,1.4041816766438577,0.15001969969781206,0.20169684172010005,-0.00038994183229317442,1002.3132144401175,1156.6072200587314,0.10000000000000001
2298,0,1.4141401290220268,0.1499966302738214,0.20021758374718196,-0.00050489048622455771,1002.2414333907491,1120.71669537454,0.10000000000000001
2299,0,1.424198703913468,0.15001558449931218,0.20022058020635944,-1.3066305233597559e-05,1002.2760255192558,1138.012759627884,0.10000000000000001
2300,0,1.4341467895063438,0.14999941314403553,0.19887081193238618,-0.00025989862419265931,1002.2256165452443,1112.8082726221464,0.10000000000000001
2301,0,1.4442053832670374,0.15000671475792632,0.19800387779863995,0.00034770848074780578,1002.2271845386169,1113.5922693084694,0.10000000000000001
2302,0,1.4541684920302027,0.15000740405639282,0.19706597076626478,-1.7954450915853719e-05,1002.2241619707725,1112.0809853862283,0.10000000000000001
2303,0,1.4641993938471272,0.14999538304244761,0.19522656478634731,0.00039943597668609979,1002.1667467920697,1083.3733960348582,0.10000000000000001
2304,0,1.4741992703955025,0.15001456417144882,0.19475288335544375,4.619540215379294e-05,1002.2172701957575,1108.6350978787323,0.10000000000000001
2305,0,1.4841827203462246,0.14998607613197848,0.19226438559297751,0.00014712292576547585,1002.098937113232,1049.4685566159774,0.10000000000000001
2306,0,1.4942292932877665,0.15001588710003194,0.19200134778635708,8.1679975370244995e-05,1002.1814978688639,1090.7489344319288,0.10000000000000001
2307,0,1.5041652435084356,0.14998573700508849,0.18944872691155773,-4.0635825200100654e-05,1002.0386165014174,1019.3082507087183,0.10000000000000001
2308,0,1.5142520833490487,0.15001017973335581,0.18894898866381976,0.00032408249216715578,1002.1153919679696,1057.6959839847859,0.10000000000000001
2309,0,1.5241630251658698,0.14999544010881086,0.1868626599525969,3.0140966984002104e-05,1001.9988315907418,999.41579537090774,0.10000000000000001
2310,0,1.5342654984706301,0.14999688322032603,0.18567483860191505,0.00060297452473247074,1002.0261289070315,1013.0644535157671,0.10000000000000001
2311,0,1.5441849381621584,0.15000619132931398,0.18448982205955741,0.00010658172659158887,1001.9807955236478,990.3977618238855,0.10000000000000001
2312,0,1.5542661752437343,0.14997577304374726,0.18242441535406109,0.00045123356942887482,1001.912268892477,956.13444623847954,0.10000000000000001
2313,0,1.5642240525007571,0.15000840271384089,0.18223194413419705,-0.00018404647528365311,1001.9451988414933,972.59942074663286,0.10000000000000001
2314,0,1.5742511934080332,0.14995836605859839,0.17971420810712593,-0.00020981595496030172,1001.7840037449822,892.00187249110741,0.10000000000000001
2315,0,1.5842641068498613,0.1500069598229615,0.18014550984868727,-0.00055345960292242776,1001.8513932924542,925.69664622709524,0.10000000000000001
2316,0,1.5942286529775629,0.14996013151133544,0.17779703467084815,-0.00071993547350711123,1001.6614571968522,830.72859842610569,0.10000000000000001
2317,0,1.6042988929836193,0.15000793455374067,0.17825123071598634,-0.00042672327349981465,1001.7056864561278,852.84322806387536,0.10000000000000001
2318,0,1.6142196325890938,0.14997516126443461,0.17648830066022644,-0.00066290200451685482,1001.5629965646812,781.4982823405785,0.10000000000000001
2319,0,1.6243298424137724,0.15000004079789911,0.17644458709513283,0.00011419188466178506,1001.5374600215888,768.73001079439973,0.10000000000000001
2320,0,1.6342388459369159,0.14997441127492245,0.17528030459033367,-0.00042198558329090282,1001.4772884186776,738.64420933881547,0.10000000000000001
2321,0,1.6443503637960608,0.14997140281703858,0.17467371790281097,0.00032322402277606618,1001.3571982796583,678.59913982914577,0.10000000000000001
2322,0,1.6542782017623456,0.14995546018278538,0.17399872132843486,-0.00053895550087280897,1001.3682201600278,684.11008001390883,0.10000000000000001
2323,0,1.6643471951981659,0.14995167506853918,0.17297966071313617,-0.00010078538657394712,1001.1783371698921,589.1685849460373,0.10000000000000001
2324,0,1.6743177733106713,0.14996146288418835,0.17280727402732043,-0.00084228369076259403,1001.2339001845389,616.9500922694624,0.10000000000000001
2325,0,1.6843100072352528,0.14996272067215738,0.17136530876391137,-0.00082598197255703484,1001.025142819498,512.5714097490004,0.10000000000000001
2326,0,1.6943622390326047,0.14998663320418626,0.17181834367052018,-0.0011742821122403034,1001.0859695189721,542.98475948604619,0.10000000000000001
2327,0,1.7042516374406542,0.14996150100065325,0.1701184076407288,-0.001499904964011142,1000.9102252225767,455.11261128837077,0.10000000000000001
2328,0,1.7144152208802732,0.14997261474509088,0.17083030906088753,-0.0012708546580203627,1000.8851999582653,442.5999791326376,0.10000000000000001
2329,0,1.7241951747239672,0.14991928208051722,0.16933635492597285,-0.0019603289197461164,1000.7939542818897,396.97714094484127,0.10000000000000001
2330,0,1.7344738415694902,0.1499319518639976,0.17012309737297376,-0.00091966974265475813,1000.6382981794345,319.14908971725708,0.10000000000000001
2331,0,1.7441329224695232,0.14990943310712201,0.16861289981113003,-0.0017486157364606746,1000.6124625816651,306.23129083255662,0.10000000000000001
2332,0,1.7545400483498579,0.1499394195661215,0.16974256875100258,-1.3675467814578186e-05,1000.4307587920516,215.37939602580991,0.10000000000000001
2333,0,1.7640699456438702,0.14997755579906755,0.16778612783187677,-0.00075808394244758547,1000.3680496625632,184.0248312815902,0.10000000000000001
2334,0,1.774609439812209,0.14997474346312784,0.1692251385091183,0.00097458762262296107,1000.3418623798566,170.93118992829659,0.10000000000000001
2335,0,1.7840184737220053,0.15008670350329126,0.16695870669469032,9.0619478818258976e-05,1000.185366435774,92.683217886985858,0.10000000000000001
2336,0,1.794675233275147,0.15005209334888539,0.16881672764090078,0.0015805745419542857,1000.4090216914514,204.51084572567879,0.10000000000000001
2337,0,1.8039560743655614,0.15024656334824504,0.16629866824272754,0.00057094098213372757,1000.0774655618105,38.732780905263553,0.10000000000000001
2338,0,1.8147333675402773,0.15016851199311887,0.16924746796078693,0.0014743323094970361,1000.7268545701303,363.42728506514277,0.10000000000000001
2339,0,1.8239457009084836,0.15039889515067603,0.16707693493644041,0.0013253623954061066,999.94499388755912,-27.503056220439248,0.10000000000000001
2340,0,1.8347699467782881,0.15023752334624871,0.17105858463503462,0.0014488192688305193,1000.9545165961623,477.2582980811535,0.10000000000000001
2341,0,1.8441778858825899,0.15055429155644556,0.17030716627599257,0.0026879154991035561,999.83940834929501,-80.295825352493466,0.10000000000000001
2342,0,1.854987018236006,0.15025470466286248,0.17320949630246735,0.0039761711722250091,1000.6979614457406,348.98072287029436,0.10000000000000001
2343,0,1.8647037463857665,0.15090331047657718,0.17304772674716434,0.004612990276585913,999.87364474548951,-63.177627255242896,0.10000000000000001
2344,0,1.8753454481874929,0.15048601863715949,0.17613277706890137,0.0041191790582533663,1000.133848461775,66.924230887480007,0.10000000000000001
2345,0,1.8849073951982784,0.15064415899568367,0.17419567365806551,-0.00097355115812103169,999.97675407248539,-11.622963757304206,0.10000000000000001
2346,0,1.8983486457501297,0.14794378280477868,0.17678566904797957,-0.0082753318602433214,1000.0346169360574,17.308468028716106,0.10000000000000001
2347,0,1.89820311413025,0.14829805804502902,0.17665253954522589,-0.008283741302383912,1000.0311374083584,15.568704179202086,0.10000000000000001
2348,0,1.9242216276892186,0.157477715800033,0.15932864655402459,0.0028283500429927056,999.80508836985234,-97.455815073828944,0.10000000000000001
2349,0,1.9248823513439117,0.15697799661186573,0.15922491722437049,0.0025888581565069518,999.85237342429764,-73.813287851180576,0.10000000000000001
2350,0,1.9397305159631331,0.1514149799805391,0.16214580495318257,0.0013307087082024003,1000.1011843309252,50.592165462603589,0.10000000000000001
2351,0,1.9619801796473115,0.15012117956136867,0.16659628608510665,-0.00052969900752780034,999.9911007253969,-4.449637301547682,0.10000000000000001
2352,0,1.9621565244403838,0.14937836415721298,0.16692019372607406,-0.00011078457318549249,999.9931201872447,-3.439906377650459,0.10000000000000001
2353,0,0.14698513831010315,0.15130318054543798,0.23030434099908062,0.003420740309247901,999.99699003216324,-1.504983918380276,0.10000000000000001
2354,0,0.14790035717775504,0.15307225763980195,0.22970206168041774,0.003765797427958636,1000.0030130917411,1.5065458705407764,0.10000000000000001
2355,0,0.16203473675956181,0.1543288079471595,0.22949118538442589,0.0036085019471774854,1000.0551193379102,27.559668955120742,0.10000000000000001
2356,0,0.18376751402749314,0.17842697739315236,0.17995241862334008,0.058128429296014063,1000.0107728268565,5.3864134282548548,0.10000000000000001
2357,0,0.19101180501250897,0.16492907746333724,0.22156257591391246,-0.011991303680274351,1000.1963922796147,98.196139807328109,0.10000000000000001
2358,0,0.20118689993744523,0.1693491926955889,0.20245602360896245,-0.0088499906705567337,1000.108530505869,54.265252934499131,0.10000000000000001
2359,0,0.21151621387145908,0.15588090910776672,0.20655888946252171,-0.007798869321259996,1000.2799459726614,139.97298633069022,0.10000000000000001
2360,0,0.2207477137880085,0.16398499137424047,0.20724364946034998,-0.0081281509151220691,1000.0070090237883,3.5045118941638975,0.10000000000000001
2361,0,0.23212858052516097,0.1570581696796203,0.19965750697564108,-0.011343103334738447,1000.3419817219702,170.99086098511407,0.10000000000000001
2362,0,0.24106142442037129,0.1620092362465691,0.2077270873013132,-0.019186011345985483,1000.3940553556048,197.02767780239583,0.10000000000000001
2363,0,0.25218140291717089,0.15738192149684588,0.2023022831286288,0.0097390144645332806,999.60294550724007,-198.52724637996744,0.10000000000000001
2364,0,0.2608403521797848,0.1618717341105573,0.20096256578351254,-0.017968764854839076,1000.5993721747599,299.68608737993918,0.10000000000000001
2365,0,0.27191203040665607,0.15799056119679206,0.2050244314394423,0.0083028812835024036,999.68580188407111,-157.09905796444446,0.10000000000000001
2366,0,0.28098733509882201,0.16117157886804831,0.20066712772967524,-0.016799721624040507,1000.7185170154989,359.25850774947321,0.10000000000000001
2367,0,0.29143694012154697,0.15894825206898661,0.20679805557555156,0.0069102321596916788,999.801421950958,-99.289024520999192,0.10000000000000001
2368,0,0.30120957863066367,0.16039941393576904,0.20178221484594994,-0.0089800734141954591,1000.5808150095642,290.40750478208111,0.10000000000000001
2369,0,0.31107255150233654,0.15974317420965906,0.20617548371049715,0.0049694502155164981,999.99906780700735,-0.46609649632500805,0.10000000000000001
2370,0,0.32127491868634728,0.15975732072386095,0.20283717038808041,-0.0051027330336682539,1000.4742171070542,237.10855352709359,0.10000000000000001
2371,0,0.33092719196760423,0.16028067700292847,0.20456855236607055,0.0034408852784402594,1000.1543778806788,77.18894033939705,0.10000000000000001
2372,0,0.34122373489474295,0.1594970467336583,0.20328989151690416,-0.0029821881411538228,1000.4455240260846,222.76201304231336,0.10000000000000001
2373,0,0.35097464972171488,0.1603519078548169,0.20390377063340531,0.0016839619004822884,1000.2945833679105,147.29168395524539,0.10000000000000001
2374,0,0.36112055404017596,0.15966690967494204,0.20275177246831372,-0.0011791936781933899,1000.4644386065738,232.21930328691087,0.10000000000000001
2375,0,0.37106274758880575,0.16007811062739044,0.20334831680159726,-0.00040121058227578584,1000.4655587632652,232.77938163261069,0.10000000000000001
2376,0,0.38105608018890769,0.16000703089935436,0.20230257194232196,0.0015909270384718828,1000.4700347197122,235.01735985610139,0.10000000000000001
2377,0,0.39109706320932985,0.1598005612939872,0.20259074369705823,-0.0027651914961884421,1000.6877302925818,343.86514629090925,0.10000000000000001
2378,0,0.40107124794542476,0.16022835081293849,0.20210439713072209,0.003875486177999776,1000.5141239233641,257.06196168204087,0.10000000000000001
2379,0,0.41107013185688424,0.15969947686831482,0.20198486864618007,-0.0040292488138782235,1000.8842396068214,442.11980341071921,0.10000000000000001
2380,0,0.4211239101459654,0.16024815369867332,0.20190285845607528,0.004328858857884945,1000.6425741968393,321.28709841964564,0.10000000000000001
2381,0,0.43104635457062057,0.15974667116781732,0.20150279719131586,-0.0040127439886421673,1001.0368656058585,518.432802929226,0.10000000000000001
2382,0,0.44116044734291038,0.16016698883331043,0.20196453682858936,0.0031894716013552843,1000.8384000281344,419.20001406720075,0.10000000000000001
2383,0,0.451055910861548,0.1598478839806701,0.20118595321888866,-0.0029829559966410954,1001.1650410878439,582.52054392193031,0.10000000000000001
2384,0,0.46117577759744588,0.1600739572223849,0.20214375251621697,0.001601326495995111,1001.0594889113336,529.74445566678696,0.10000000000000001
2385,0,0.47109479273749016,0.15993371403235185,0.20131512399407503,-0.0018110839583712825,1001.2887938421269,644.39692106344637,0.10000000000000001
2386,0,0.48117408367685544,0.16002400890437182,0.20213586263700878,0.00053520381592525525,1001.2702655595964,635.13277979819804,0.10000000000000001
2387,0,0.49114515945371351,0.15995892960245073,0.20168133524123102,-0.0011537562353753016,1001.4233510455847,711.67552279234769,0.10000000000000001
2388,0,0.50117196750977955,0.16003159591159713,0.2020189747191424,0.0002984060421202001,1001.4427525372309,721.37626861547233,0.10000000000000001
2389,0,0.51118248317926684,0.15994111572127742,0.20180232572470955,-0.0010338118813609134,1001.5679313565569,783.96567827843455,0.10000000000000001
2390,0,0.52118218122148763,0.16005976509417516,0.20183748347228098,0.00060030029928068466,1001.576041364362,788.0206821810134,0.10000000000000001
2391,0,0.53120254797975996,0.15992010347755978,0.20147829794246053,-0.00109478915937322,1001.702791790436,851.39589521799053,0.10000000000000001
2392,0,0.5412018068337302,0.1600753966857501,0.20140275363059448,0.0010133415643067405,1001.6817634399064,840.88171995318817,0.10000000000000001
2393,0,0.55121277604187036,0.15991619017702124,0.20070677530784561,-0.0010528708290020283,1001.812435611027,906.21780551350639,0.10000000000000001
2394,0,0.56122367206387214,0.16006774630604451,0.20054092228333459,0.0012676296146675926,1001.7688476672977,884.42383364883881,0.10000000000000001
2395,0,0.57122082220268211,0.15993100907734745,0.19954692401509777,-0.00083616326170652864,1001.8921226092305,946.06130461522753,0.10000000000000001
2396,0,0.58124209455858888,0.16004475706564389,0.19923660973540708,0.0013102984089880981,1001.8413569832818,920.67849164089921,0.10000000000000001
2397,0,0.59123082118494663,0.15995340257143661,0.19807964941335704,-0.00052708168796420697,1001.9461942776094,973.09713880468962,0.10000000000000001
2398,0,0.60125523355793409,0.16002143196932392,0.19760658852502308,0.0011913132528537334,1001.9015683184678,950.78415923387638,0.10000000000000001
2399,0,0.61124304784555716,0.15997135890845215,0.19643076045875132,-0.00024647079214703757,1001.9827649694043,991.3824847021715,0.10000000000000001
2400,0,0.62126401882879734,0.16000645962254514,0.1958494953847939,0.00097366944397014421,1001.9515734708962,975.78673544808225,0.10000000000000001
2401,0,0.63125637458289552,0.15998011773999551,0.194764482498574,-6.6525577174060543e-05,1002.0102336136034,1005.1168068017091,0.10000000000000001
2402,0,0.6412707725405915,0.16000027780782924,0.19417750177141782,0.00069847114808616246,1001.9938528236409,996.92641182042507,0.10000000000000001
2403,0,0.651268503087857,0.15998252885014425,0.19327416676051878,-1.5741721976409115e-05,1002.0352054997051,1017.6027498525286,0.10000000000000001
2404,0,0.66127776084032985,0.15999787620136161,0.19277482991492534,0.00040660394911956014,1002.0309149312866,1015.4574656432942,0.10000000000000001
2405,0,0.67127856041502787,0.15998309624089857,0.19212760845996138,-9.1036855844269071e-05,1002.0610465512843,1030.5232756421674,0.10000000000000001
2406,0,0.68128498666529624,0.1599965449587066,0.19179181454836533,0.00012732898424581908,1002.0646477209143,1032.3238604571543,0.10000000000000001
2407,0,0.69128692637705169,0.15998319819369611,0.19142250549572687,-0.00024039454045493423,1002.0884062340667,1044.2031170333621,0.10000000000000001
2408,0,0.70129196170404873,0.15999545597506754,0.19129831693045113,-0.00012594588428586797,1002.095712101496,1047.8560507480097,0.10000000000000001
2409,0,0.71129424776368455,0.15998327407071777,0.19119304276426741,-0.00040579094541626541,1002.115469031394,1057.7345156970068,0.10000000000000001
2410,0,0.72129830349838286,0.1599942111254368,0.19127548938526603,-0.00033153896780133612,1002.1235203550308,1061.7601775153958,0.10000000000000001
2411,0,0.73130049830064681,0.15998386041521881,0.19138757570216858,-0.00054037046950609706,1002.1396967167329,1069.8483583664711,0.10000000000000001
2412,0,0.74130372565234548,0.15999262852948432,0.19163587799109882,-0.00047175137569847712,1002.1462609868909,1073.1304934454329,0.10000000000000001
2413,0,0.75130566195387694,0.15998466688959484,0.19189115820113395,-0.00061339933672852748,1002.158503497566,1079.2517487830082,0.10000000000000001
2414,0,0.76130837637633864,0.15999121792666018,0.19223508436830941,-0.00053613401349684455,1002.1621515908409,1081.0757954204746,0.10000000000000001
2415,0,0.77131002654268976,0.15998550960359517,0.19255519366173049,-0.0006161108891640627,1002.1697060541201,1084.8530270600349,0.10000000000000001
2416,0,0.78131267415564853,0.15999014297482375,0.19291389086636881,-0.00052552012673141879,1002.169826672584,1084.9133362920043,0.10000000000000001
2417,0,0.79131442567868693,0.15998604608402525,0.19322282698618506,-0.000556230533700828,1002.1723647504348,1086.1823752173905,0.10000000000000001
2418,0,0.80131694624969274,0.15998959652832678,0.19353027940124051,-0.00045744451533377353,1002.1687205200988,1084.3602600493796,0.10000000000000001
2419,0,0.81131887720150664,0.15998639924254321,0.19376839819425118,-0.00045362885132087347,1002.166662502322,1083.3312511609847,0.10000000000000001
2420,0,0.82132121511844725,0.15998903654275223,0.19397904811502459,-0.00035681610086374469,1002.1597110737105,1079.8555368552343,0.10000000000000001
2421,0,0.83132309215295563,0.15998689686622619,0.1941153113517427,-0.00033595855769875146,1002.1540475431486,1077.0237715743178,0.10000000000000001
2422,0,0.84132550896574643,0.15998839829429753,0.1942133908523041,-0.00025192720371905735,1002.1449550146682,1072.4775073340993,0.10000000000000001
2423,0,0.85132753351846013,0.15998739058278275,0.19424271564576201,-0.00022841510407961373,1002.137327009424,1068.6635047119921,0.10000000000000001
2424,0,0.86133013516226431,0.1599883712309311,0.19424001805119695,-0.00016644106390422263,1002.1278595531481,1063.9297765740707,0.10000000000000001
2425,0,0.87133249020221315,0.15998810038263273,0.19418393657988625,-0.00014878895976812537,1002.1202202419485,1060.1101209742296,0.10000000000000001
2426,0,0.8813353269169506,0.15998896256276621,0.19410913967918197,-0.00011429557437795911,1002.1125103395793,1056.2551697896652,0.10000000000000001
2427,0,0.89133802164663523,0.15998913258078881,0.19400675796418851,-0.00010832783534606426,1002.1069229743756,1053.4614871878034,0.10000000000000001
2428,0,0.90134105492474381,0.15998990133115543,0.19390117330495868,-0.00010072198360326611,1002.1028124075206,1051.4062037602798,0.10000000000000001
2429,0,0.91134410066400817,0.1599903989088895,0.19379446089296495,-0.00010864220829084661,1002.101112368607,1050.5561843035025,0.10000000000000001
2430,0,0.92134754355893334,0.15999091752822187,0.19370224809417233,-0.0001247692659246275,1002.1017979358714,1050.8989679357228,0.10000000000000001
2431,0,0.93135110260023668,0.15999187970002962,0.19363157276257625,-0.00014553854912256764,1002.1049938606141,1052.4969303070293,0.10000000000000001
2432,0,0.9413548844744255,0.15999262966033975,0.19358721282395638,-0.00017597389395435697,1002.1106978220013,1055.3489110006353,0.10000000000000001
2433,0,0.95135879325553419,0.15999418781800148,0.19358218729526405,-0.00020966901499307032,1002.1188532925014,1059.4266462506994,0.10000000000000001
2434,0,0.9613627378218581,0.15999545533401188,0.19361029885915762,-0.00024026357264102436,1002.128606790467,1064.3033952334804,0.10000000000000001
2435,0,0.9713670354741345,0.1599971487150964,0.19368261544851056,-0.00028753846814432566,1002.1408280609442,1070.4140304720795,0.10000000000000001
2436,0,0.98137145149472294,0.15999891628524801,0.1937949862601055,-0.00030664455152495999,1002.1529532988077,1076.476649403844,0.10000000000000001
2437,0,0.99137648088059871,0.1600001825485324,0.1939394446966734,-0.00036150836039421552,1002.1674133555968,1083.706677798375,0.10000000000000001
2438,0,1.0013818031411466,0.1600025250087582,0.19412919627405048,-0.00036623193253702266,1002.1802639494597,1090.131974729843,0.10000000000000001
2439,0,1.0113874948453647,0.1600032077694325,0.1943271224785949,-0.00041099756454036885,1002.1944563997295,1097.2281998647304,0.10000000000000001
2440,0,1.0213935115077291,0.16000610693412592,0.194568208282071,-0.00041241643232806818,1002.2069778166457,1103.488908322845,0.10000000000000001
2441,0,1.0313991662093576,0.16000682510445199,0.19479519912013774,-0.00041869742333209382,1002.2182739158114,1109.1369579057186,0.10000000000000001
2442,0,1.0414053804487895,0.16000957520485171,0.19504646547359292,-0.00043887570771283758,1002.2300052451455,1115.0026225727743,0.10000000000000001
2443,0,1.0514109290032334,0.16001129043411255,0.19527943406059009,-0.00038203231487445038,1002.2365285076353,1118.2642538176424,0.10000000000000001
2444,0,1.0614177659028097,0.16001226332926397,0.19549585617513721,-0.00043789048277903346,1002.2469732248883,1123.4866124441396,0.10000000000000001
2445,0,1.0714244109085191,0.16001619911257192,0.1957154361837779,-0.00031798548846433936,1002.24861283883,1124.3064194150065,0.10000000000000001
2446,0,1.0814324676332066,0.16001453164987045,0.1958581173861319,-0.00039267270461428873,1002.2563508181006,1128.1754090503,0.10000000000000001
2447,0,1.0914411126676846,0.16002130711596699,0.19603938940807339,-0.00025614602150514988,1002.2553764609884,1127.6882304941864,0.10000000000000001
2448,0,1.1014498661930223,0.16001777671771961,0.19609111180853861,-0.00028431596094416641,1002.2577316224458,1128.8658112229086,0.10000000000000001
2449,0,1.1114604231652738,0.16002508637060853,0.19619461371003655,-0.0002261722205508863,1002.2584378010381,1129.2189005190494,0.10000000000000001
2450,0,1.1214691036334072,0.16002270561465487,0.19616745178637826,-0.00011383265142329217,1002.2526200775242,1126.3100387620852,0.10000000000000001
2451,0,1.1314811486328515,0.16002549716429243,0.19614066319022924,-0.00023461027113408733,1002.2592277354344,1129.6138677171825,0.10000000000000001
2452,0,1.1414899886797283,0.1600296085671831,0.19606454191910541,8.1683922156845537e-05,1002.2449716826329,1122.4858413164611,0.10000000000000001
2453,0,1.151502879143564,0.16002252628871044,0.19586108903856356,-0.00024517339181109752,1002.2584414437948,1129.2207218974113,0.10000000000000001
2454,0,1.1615130970140961,0.16003768520732048,0.19576028339566653,0.00022501725106091052,1002.2407600961467,1120.3800480733435,0.10000000000000001
2455,0,1.1715253990604109,0.16001926728896793,0.19537401600615364,-0.00018490557675960112,1002.2560878145026,1128.0439072513104,0.10000000000000001
2456,0,1.1815381546035713,0.16004390600263804,0.19523833036920546,0.00022168160489133146,1002.2460677484659,1123.0338742329309,0.10000000000000001
2457,0,1.1915480961834095,0.16002046552925153,0.19473738391633535,9.2682757823055022e-06,1002.2526588672824,1126.3294336412173,0.10000000000000001
2458,0,1.2015639878503062,0.16004275054740552,0.19450991228860365,1.2514025151703681e-05,1002.2639957116934,1131.9978558466914,0.10000000000000001
2459,0,1.211571073381136,0.16002951765750345,0.19403678847727396,0.00033220467761182815,1002.2507098334811,1125.3549167405481,0.10000000000000001
2460,0,1.221589473853337,0.16003022004624201,0.19363462179024454,-0.00035313894410246056,1002.2919131874115,1145.9565937057619,0.10000000000000001
2461,0,1.2315950383713585,0.16004683450287069,0.19334720716901921,0.00067993762118625004,1002.2553592817407,1127.6796408703262,0.10000000000000001
2462,0,1.241613027302634,0.16000931931336751,0.1927221949326911,-0.00068568378771594399,1002.3210984478283,1160.5492239141313,0.10000000000000001
2463,0,1.2516200471244501,0.16006665884902127,0.19270164794757005,0.00085979832893814446,1002.2732006726828,1136.6003363414166,0.10000000000000001
2464,0,1.2616331719943998,0.1599905855926318,0.19191712668046559,-0.00073175214998745085,1002.3402717592351,1170.1358796175327,0.10000000000000001
2465,0,1.2716454582386028,0.16007701104001085,0.19208940959173476,0.0006485753392958762,1002.3090001140047,1154.5000570023376,0.10000000000000001
2466,0,1.2816498830636047,0.15998823578995122,0.19135957911937979,-0.00033145032177136704,1002.341637737593,1170.8188687965162,0.10000000000000001
2467,0,1.2916698270797233,0.16006433942433707,0.19150168779937338,-7.5135350392364989e-05,1002.361026990028,1180.5134950139973,0.10000000000000001
2468,0,1.3016649192211631,0.16001152137016716,0.19113843011875342,0.00046549490963678587,1002.3260127735964,1163.0063867982017,0.10000000000000001
2469,0,1.3116910504260191,0.16002304570042833,0.19094856329943929,-0.0011373136788027892,1002.415725301859,1207.862650929485,0.10000000000000001
2470,0,1.3216805266580152,0.16005803103596605,0.19119823164325142,0.0013994411006661533,1002.3035347722346,1151.7673861172852,0.10000000000000001
2471,0,1.3317067056869383,0.15996357765415004,0.19047409914403049,-0.0020181573336300164,1002.4508206614009,1225.4103307004698,0.10000000000000001
2472,0,1.341698519101459,0.16011071144687211,0.19129871344159677,0.0020648691488595124,1002.290590863262,1145.2954316309842,0.10000000000000001
2473,0,1.3517157174614876,0.15991392538594848,0.19010294166084091,-0.0021338445050376083,1002.4452983076062,1222.6491538031041,0.10000000000000001
2474,0,1.3617193136466048,0.16014284718955302,0.19112891561825543,0.0019702271539343273,1002.304286013932,1152.1430069660141,0.10000000000000001
2475,0,1.3717192401117637,0.15990582861206309,0.18986647147163202,-0.0012586617587666453,1002.393497064764,1196.7485323820028,0.10000000000000001
2476,0,1.3817403513743327,0.16012941560810012,0.19049475488634221,0.00077420898492106015,1002.3499817185614,1174.9908592806833,0.10000000000000001
2477,0,1.3917200637428448,0.15995314993052956,0.18973723614943278,0.00038700007582081,1002.3076197102127,1153.809855106374,0.10000000000000001
2478,0,1.4017575226793806,0.16005898968970803,0.18937695746320837,-0.0012258995052731683,1002.4095157708679,1204.7578854339349,0.10000000000000001
2479,0,1.4117236337840484,0.1600423879050043,0.18949322209182479,0.0023391797727357376,1002.2121828657616,1106.0914328808167,0.10000000000000001
2480,0,1.4217671197523891,0.1599487406759372,0.18781042176660162,-0.0029267562722603848,1002.4442360884337,1222.1180442168702,0.10000000000000001
2481,0,1.431736977257362,0.16014073548774807,0.18864302068735181,0.0040252496991433281,1002.1374414181331,1068.7207090665538,0.10000000000000001
2482,0,1.4417685635776081,0.15984721029148508,0.18586690654213051,-0.0032335810552560785,1002.4203585845424,1210.1792922712207,0.10000000000000001
2483,0,1.4517616441046277,0.1602140411516414,0.1867596209809734,0.0046540938634145098,1002.115834577141,1057.9172885704793,0.10000000000000001
2484,0,1.4617629840464934,0.15980867898391421,0.18374130097962563,-0.0020194132269913448,1002.3325341776771,1166.2670888385378,0.10000000000000001
2485,0,1.4717881253790717,0.16023220651308001,0.18394873945453388,0.0033288559473911988,1002.1632629980807,1081.6314990403271,0.10000000000000001
2486,0,1.4817516975507059,0.15985644316214956,0.18174809488585925,0.00010010283703178919,1002.2010302838991,1100.5151419495292,0.10000000000000001
2487,0,1.4918044344420156,0.16016831711250237,0.18072243928202494,0.00018074535803520636,1002.2499356207927,1124.9678103963561,0.10000000000000001
2488,0,1.5017423549793989,0.1599720831906952,0.17997987312129879,0.0025673622384911406,1002.0531370492477,1026.5685246238263,0.10000000000000001
2489,0,1.511806837725475,0.1600249034857627,0.17745299272091269,-0.0029892602031983636,1002.3071931977132,1153.596598856609,0.10000000000000001
2490,0,1.5217509963147327,0.16010854112913725,0.17805125809703021,0.0048000858614168068,1001.9177206138775,958.86030693873181,0.10000000000000001
2491,0,1.5318005451174042,0.15985969820746787,0.1743233145793108,-0.0042247505911892462,1002.2738889932396,1136.9444966197761,0.10000000000000001
2492,0,1.5417871107276717,0.1602211048281737,0.17552470940867271,0.0058002184557728303,1001.8403926685172,920.19633425860548,0.10000000000000001
2493,0,1.5517862463299259,0.15976186334617742,0.17162795817194451,-0.0032588880487915647,1002.1365339489282,1068.2669744641089,0.10000000000000001
2494,0,1.5618298353739628,0.16027072303545256,0.17246163325426275,0.0040080036079576942,1001.8542560732781,927.12803663903287,0.10000000000000001
2495,0,1.5717637650276943,0.15979373653401394,0.16991560892889529,-0.0011043788517840283,1001.9287498855472,964.37494277358837,0.10000000000000001
2496,0,1.5818487611351018,0.16020924285187801,0.16966938413652807,-0.00069714477895508426,1001.9295320159224,964.76600796120238,0.10000000000000001
2497,0,1.5917464072585028,0.15994721389737612,0.16921718558415511,0.0017533293603908095,1001.6849157278821,842.45786394103561,0.10000000000000001
2498,0,1.6018510110141058,0.16000900181333308,0.16752227764176045,-0.0053945775637494389,1001.9655541610279,982.77708051392665,0.10000000000000001
2499,0,1.6117543352499661,0.16017343069966708,0.16862434301427004,0.0050809538095719546,1001.4382136536298,719.1068268148797,0.10000000000000001
2500,0,1.621863872631927,0.15971791735683877,0.16593820063785389,-0.0072218621056946196,1001.8897867644777,944.89338223883124,0.10000000000000001
2501,0,1.6317914505196129,0.16042209154797027,0.16707874671099315,0.0077207114345956319,1001.2433914875229,621.69574376144965,0.10000000000000001
2502,0,1.6418733787642097,0.15946070976466631,0.1646301205026279,-0.0066584563583812692,1001.7119225425172,855.96127125859311,0.10000000000000001
2503,0,1.6518165862167205,0.16063566368228951,0.16488127465047625,0.0073923082207754971,1001.1575976137301,578.79880686505203,0.10000000000000001
2504,0,1.66185490714249,0.15935945308340344,0.16362178967322705,-0.0052485480736183272,1001.4766774561473,738.33872807364287,0.10000000000000001
2505,0,1.6718032856619989,0.16074141947959153,0.1631897945390437,0.0036198095911713231,1001.1622420186644,581.12100933220745,0.10000000000000001
2506,0,1.6818154552071003,0.15945408604134045,0.16267805351695805,-0.0026046045518265653,1001.1904038579174,595.2019289587156,0.10000000000000001
2507,0,1.6918116786416864,0.16061163076488538,0.16218594652164078,-0.001811580670994561,1001.2034422047927,601.72110239636822,0.10000000000000001
2508,0,1.7017562895125478,0.15977096307355304,0.16187752367158345,0.0018749529720115676,1000.8716813204063,435.84066020315504,0.10000000000000001
2509,0,1.7118753628207797,0.16015780320164663,0.16135219272180754,-0.007545975314688291,1001.2631080252365,631.55401261826682,0.10000000000000001
2510,0,1.721656650294825,0.16034105891132794,0.16082885459970964,0.0073728913810533966,1000.5544192013236,277.20960066181988,0.10000000000000001
2511,0,1.7319299330811782,0.1594517352635845,0.16098074400725867,-0.012538107572866612,1001.3243194900332,662.15974501659502,0.10000000000000001
2512,0,1.7414769503623142,0.16121099655803367,0.15927326412801812,0.012934840036389677,1000.2990929158472,149.54645792357724,0.10000000000000001
2513,0,1.7519842753872013,0.15861243128563901,0.16114542393392201,-0.015068242486611077,1001.3252446612732,662.62233063662279,0.10000000000000001
2514,0,1.7612359529735224,0.16237352549882683,0.15747687928988377,0.018237456072307878,1000.1267550989492,63.377549474580519,0.10000000000000001
2515,0,1.7720977862883471,0.15777221732159732,0.16140251042073328,-0.01359623282861893,1001.2072453982399,603.62269911996691,0.10000000000000001
2516,0,1.780976697496029,0.16372911262107662,0.15539257368579268,0.024557081258043126,999.9661255839053,-16.937208047352215,0.10000000000000001
2517,0,1.7922402437631253,0.15713219637933579,0.16153234773744732,-0.0089407357061348589,1000.9207736636006,460.38683180029238,0.10000000000000001
2518,0,1.8006558894483848,0.16534202056607505,0.15418048265847001,0.031212041083881682,999.85808185046255,-70.959074768722985,0.10000000000000001
2519,0,1.8124041228463112,0.15691645657079864,0.16143270825664943,-0.0016857248673237053,1000.3942261382485,197.11306912427062,0.10000000000000001
2520,0,1.820346256046764,0.16719132095750566,0.15412253232569847,0.031178327886115641,999.90929705425674,-45.351472871629994,0.10000000000000001
2521,0,1.8325354779152567,0.15737691940659346,0.16240521418094081,0.003848927387152624,1000.0738820378537,36.941018926825109,0.10000000000000001
2522,0,1.8401627375617828,0.16866630351344683,0.1563247911408501,0.028132252809229728,999.93108330933262,-34.458345333689522,0.10000000000000001
2523,0,1.8525331161523859,0.15847671255880799,0.16559172160744975,0.0060679168385590187,1000.0433655503434,21.68277517171191,0.10000000000000001
2524,0,1.8597863870426716,0.17110746082909353,0.15528123517132908,-0.010721256373731582,1000.257048991317,128.52449565849611,0.10000000000000001
2525,0,1.8728203597161299,0.15842391138570475,0.17086487304522552,-0.0030339205056895153,1000.4663392952508,233.16964762540238,0.10000000000000001
2526,0,1.8795529332802958,0.17033726853487899,0.1623971890093783,-0.013085658466537647,1000.2210982249525,110.54911247623522,0.10000000000000001
2527,0,1.8949710989789674,0.15545106699472347,0.17591423161535982,-0.0076573181048444662,1000.3156611111897,157.83055559484183,0.10000000000000001
2528,0,1.8989312888091427,0.16801189259843599,0.16304551605814632,-0.013287529116413408,1000.1647793751055,82.389687552733903,0.10000000000000001
2529,0,1.9117047377257761,0.16795871790410835,0.16099205895450575,-0.011518008018004129,1000.2743527682424,137.17638412117594,0.10000000000000001
2530,0,1.91361052701324,0.16911982052401101,0.15752817872818783,0.024887490424912301,999.69794871338934,-151.02564330533141,0.10000000000000001
2531,0,1.945832731736548,0.15390162628044365,0.16306459209398719,-0.0041175739394710455,1000.0123830425184,6.1915212592111857,0.10000000000000001
2532,0,1.960254009218932,0.15303688788392719,0.16569039812262176,-0.002272658059108285,999.99480930348216,-2.5953482589216037,0.10000000000000001
2533,0,1.9615006759824145,0.15131153379888906,0.16619085186559579,-0.0012266684811378559,999.99065334100555,-4.6733294972227668,0.10000000000000001
2534,0,0.1626434256970101,0.15396400590267317,0.22967612729453982,0.0032757036475923795,1000.0651700308006,32.585015400286466,0.10000000000000001
2535,0,0.11455468192664135,0.19672435876064745,0.028595776784857845,0.030188058971964492,999.14796014506851,-426.01992746574524,0.10000000000000001
2536,0,0.15788364629612162,0.15599010361048318,0.22901623567512236,0.0046553108359831865,1000.0243306539832,12.16532699157824,0.10000000000000001
2537,0,0.18601181028112149,0.16127083480989485,0.22411778008712957,-0.0068716447027153352,1000.4292418815629,214.6209407814581,0.10000000000000001
2538,0,0.18511367079029353,0.16116682461509674,0.22329337806902402,0.010836918035883767,999.81883582833029,-90.582085834853387,0.10000000000000001
2539,0,0.20254504724069075,0.16937684151719459,0.20160982459330923,-0.0084000851165205101,1000.116875491134,58.437745567005095,0.10000000000000001
2540,0,0.21109675751963533,0.16315432105789443,0.20411023815441109,-0.0095305304290601994,1000.2494988773042,124.74943865208843,0.10000000000000001
2541,0,0.219022306350942,0.17174625610481176,0.19595750723033098,-0.0039166517927163485,1000.2373241341586,118.66206707929905,0.10000000000000001
2542,0,0.23076079790651485,0.16649366796346968,0.19064892544774084,0.021231809500941994,999.85473669605085,-72.631651974575107,0.10000000000000001
2543,0,0.2374512198868439,0.17067052449613021,0.19128411462950207,-0.054210294325557802,1000.4352117345586,217.60586727930331,0.10000000000000001
2544,0,0.24967427675919457,0.1695907150832198,0.19125522720582133,0.071306447447128704,999.50173527228412,-249.1323638579388,0.10000000000000001
2545,0,0.25741119266965601,0.16960727996489286,0.1845583146691212,-0.061317482179854554,1000.7703950628894,385.19753144470315,0.10000000000000001
2546,0,0.26919002590999946,0.16905756683356632,0.19391188272349025,0.058905952474089862,999.47650161377157,-261.74919311421263,0.10000000000000001
2547,0,0.27729789262831989,0.17051933924375665,0.18447647728185262,-0.048948166368785573,1000.6839193012066,341.95965060331446,0.10000000000000001
2548,0,0.28862110645222772,0.16913694098077248,0.19618495839223832,0.033246959534977763,999.76520732796507,-117.39633601746391,0.10000000000000001
2549,0,0.29736009406213998,0.17049061858546885,0.1879130541290385,-0.022891705883230869,1000.4755442245494,237.77211227468342,0.10000000000000001
2550,0,0.30815328331480774,0.16954245733301399,0.19487149718600461,0.0078398818909888816,1000.0994892694334,49.744634716716973,0.10000000000000001
2551,0,0.31757804439465276,0.17018799947864147,0.19037760859965347,-0.00035514465499163797,1000.2887150827688,144.35754138440871,0.10000000000000001
2552,0,0.32782456928333042,0.16987447140742221,0.1926016622711702,-0.0052397600948107222,1000.3135986361391,156.79931806954528,0.10000000000000001
2553,0,0.33779125822725686,0.16992113839944639,0.19124016548753181,0.0062764764920972818,1000.2631831352685,131.59156763424562,0.10000000000000001
2554,0,0.34763290968387317,0.16995738997467638,0.19148841952283563,-0.0077714317415239105,1000.3973440289672,198.67201448357719,0.10000000000000001
2555,0,0.35785872957004716,0.16998813458190057,0.19120455410158882,0.0058779670971045271,1000.3535523603737,176.77618018683461,0.10000000000000001
2556,0,0.36761502378390015,0.1697811467359634,0.19088497214830114,-0.0049445390621369514,1000.4408468895145,220.42344475727305,0.10000000000000001
2557,0,0.37779397172905083,0.17027622492445013,0.1905438608027285,0.0034946357072644521,1000.4979431572011,248.97157860056041,0.10000000000000001
2558,0,0.38770743236132466,0.16954052875724918,0.1904803442216601,-0.0039466830797389848,1000.5321139523339,266.05697616696489,0.10000000000000001
2559,0,0.39769179092318618,0.17044273226560452,0.19001166967981195,0.0039000135015112907,1000.6283919553299,314.19597766495144,0.10000000000000001
2560,0,0.40779151923761314,0.16949583782388819,0.19010320564450536,-0.0064903875101180539,1000.6965586725245,348.27933626223739,0.10000000000000001
2561,0,0.41764113069455577,0.17037894199317996,0.18980059953477499,0.0071489112475831805,1000.7416416646126,370.82083230632179,0.10000000000000001
2562,0,0.42781154917395353,0.16962832550351756,0.18935556917166907,-0.0091749132153398482,1000.9035268215112,451.76341075557502,0.10000000000000001
2563,0,0.43765364747138358,0.17022534666323927,0.18989821376829405,0.0081942248531442965,1000.8667893661283,433.39468306413664,0.10000000000000001
2564,0,0.44780047953407248,0.16977899977085059,0.18884259042123586,-0.0082952086705656621,1001.0900650577275,545.0325288637714,0.10000000000000001
2565,0,0.45769751488161176,0.17012046415927651,0.18970775855074146,0.0055614313788428784,1001.0509965639279,525.4982819639622,0.10000000000000001
2566,0,0.46778107941563601,0.16984320759639127,0.1889356777126443,-0.0053207113878744579,1001.2358889477861,617.94447389303286,0.10000000000000001
2567,0,0.47774498172863022,0.17011194348371381,0.18931213696238983,0.002368382694003282,1001.2600805661691,630.04028308455418,0.10000000000000001
2568,0,0.48777389671167876,0.16981815579867496,0.18915841568830899,-0.0028727096907413393,1001.367088051307,683.54402565347527,0.10000000000000001
2569,0,0.49776809074192918,0.17015974794442459,0.18891519215471089,0.00069897833022740158,1001.4483576115704,724.17880578518634,0.10000000000000001
2570,0,0.50778790247106342,0.16977223258275492,0.18907897010494487,-0.0018875513255749612,1001.5011131846951,750.55659234755012,0.10000000000000001
2571,0,0.51777034464775973,0.17019842020699136,0.18853951612187539,0.00041954638032630314,1001.5971266444557,798.56332222783522,0.10000000000000001
2572,0,0.52780925470775186,0.16975321368761867,0.18860676076194763,-0.0016084292199499354,1001.6290497369145,814.5248684572266,0.10000000000000001
2573,0,0.53776789440864325,0.17020089802635269,0.18797927360402819,0.00061492039046619532,1001.7110880808802,855.54404044012244,0.10000000000000001
2574,0,0.54782519708704069,0.16977102804247082,0.18778736126411738,-0.0013946744124599462,1001.7377852810347,868.89264051734472,0.10000000000000001
2575,0,0.55776984065024071,0.17016661410625777,0.18708768699014422,0.00087182062924567264,1001.7974154589037,898.70772945187127,0.10000000000000001
2576,0,0.56783014809955579,0.16981964378114389,0.18663598038130949,-0.0011777845370435889,1001.8234020349815,911.70101749077048,0.10000000000000001
2577,0,0.57777788444815126,0.17010860644216391,0.1858804276673324,0.0010857781876703017,1001.8604783807572,930.23919037858604,0.10000000000000001
2578,0,0.58782610028484017,0.16988140060746085,0.18518412590370689,-0.00097687031568709291,1001.8880001888276,944.00009441380917,0.10000000000000001
2579,0,0.59778795066537405,0.17004799508253071,0.18443220892983689,0.0011326693963653147,1001.9066535208399,953.32676041994091,0.10000000000000001
2580,0,0.60781869613628903,0.16993585904332109,0.18354416066577756,-0.00074009618568345742,1001.935676636926,967.83831846300927,0.10000000000000001
2581,0,0.61779526760997028,0.17000234765732675,0.18286193202813941,0.000887383199741011,1001.9429917847503,971.49589237517375,0.10000000000000001
2582,0,0.62781162667437196,0.16997033813267207,0.1818914651761617,-0.00042750389192621298,1001.9712738199486,985.63690997428921,0.10000000000000001
2583,0,0.63779721007627765,0.16997837607389671,0.18129344071816303,0.00039210380914604025,1001.9761988482355,988.09942411776319,0.10000000000000001
2584,0,0.64780575028886367,0.16998464713937511,0.18041488815866663,-0.00020120765404010334,1001.9998303635557,999.9151817778511,0.10000000000000001
2585,0,0.65779476516075486,0.16997120271712848,0.17988417301162477,-8.83443097474249e-05,1002.0089970780298,1004.4985390148895,0.10000000000000001
2586,0,0.66779916370391534,0.16998628944839123,0.17921448551115512,-0.00023723274025542546,1002.0277262314778,1013.8631157389,0.10000000000000001
2587,0,0.67778975375775607,0.16997289054456088,0.178802015003033,-0.00045466664156512476,1002.0407711481594,1020.3855740796826,0.10000000000000001
2588,0,0.68779113512835965,0.16998262494425023,0.17836437197810848,-0.00045454551728797552,1002.0569646184617,1028.482309230867,0.10000000000000001
2589,0,0.69778275291374692,0.16997725774363359,0.17811148417027159,-0.0007273527762505092,1002.0718379378261,1035.9189689130517,0.10000000000000001
2590,0,0.70778145508225221,0.16997820123918797,0.17790262150698824,-0.00074664638230604805,1002.0861846471857,1043.0923235928731,0.10000000000000001
2591,0,0.71777375736115157,0.16998110132592031,0.1778153413004683,-0.0009187472532316502,1002.1006024198221,1050.3012099110265,0.10000000000000001
2592,0,0.72777032631848526,0.16997535496492702,0.17779604174512517,-0.0010061546235348158,1002.1130312853527,1056.5156426763451,0.10000000000000001
2593,0,0.73776310046172733,0.16998307680987895,0.17785444927746114,-0.0010496916704489138,1002.1247706822483,1062.3853411241271,0.10000000000000001
2594,0,0.747758037445306,0.16997450673968481,0.17796749735574033,-0.0011657688814680435,1002.1343694105871,1067.1847052935277,0.10000000000000001
2595,0,0.75775097881771725,0.16998322157982207,0.17811947416516394,-0.0011079382264192617,1002.1421560952307,1071.0780476153445,0.10000000000000001
2596,0,0.76774485197100328,0.16997513044830831,0.17830285733047679,-0.0012207738594165931,1002.1478224287657,1073.9112143828606,0.10000000000000001
2597,0,0.77773787295781149,0.16998235375458076,0.1784914155869442,-0.0010879013402850962,1002.1507680852778,1075.3840426389161,0.10000000000000001
2598,0,0.78773093666803473,0.16997602247634391,0.17867732379200843,-0.0011750971034326263,1002.1521213915609,1076.0606957804271,0.10000000000000001
2599,0,0.7977239491162923,0.16998158957985507,0.17884932764896205,-0.0010128788102056368,1002.1501336157905,1075.0668078952685,0.10000000000000001
2600,0,0.80771683268830685,0.16997669535164447,0.17899253579756741,-0.0010606130997133719,1002.1469802225629,1073.4901112814441,0.10000000000000001
2601,0,0.81770976118014671,0.16998100054147647,0.1791043917934492,-0.00090073657882714135,1002.1409052459818,1070.4526229908993,0.10000000000000001
2602,0,0.82770280857020406,0.16997736342027403,0.17917845063338614,-0.00092088125451253379,1002.1339535480085,1066.9767740042744,0.10000000000000001
2603,0,0.83769586725191503,0.16998028982310576,0.17921527377097154,-0.00078445848178091727,1002.1249703879107,1062.4851939553537,0.10000000000000001
2604,0,0.84768895972701308,0.16997793836485384,0.17921077168824176,-0.00078684271184622958,1002.115838369594,1057.9191847970151,0.10000000000000001
2605,0,0.85768238374567674,0.16997977166598061,0.17917695077652801,-0.00069534249702882744,1002.1057810223979,1052.8905111989388,0.10000000000000001
2606,0,0.86767590435649322,0.16997853871703975,0.17910987818529997,-0.00068992292629245554,1002.0964443467009,1048.2221733504389,0.10000000000000001
2607,0,0.87767001346266815,0.16997962360615812,0.17902239833149308,-0.0006411297523024579,1002.0875931594645,1043.796579732259,0.10000000000000001
2608,0,0.88766438419257676,0.16997914897441319,0.17892023129898274,-0.00065193482253444416,1002.0804134296674,1040.2067148336869,0.10000000000000001
2609,0,0.89765943554368999,0.16997988715042492,0.17880988031194933,-0.00062663467831605441,1002.0747421460528,1037.3710730264065,0.10000000000000001
2610,0,0.90765488282080742,0.16997969234478039,0.17870268695140831,-0.00066716450128892415,1002.0718760729881,1035.9380364940307,0.10000000000000001
2611,0,0.91765081881972532,0.16998034905201831,0.17860087962129462,-0.00065417746742935969,1002.0709867265448,1035.4933632723942,0.10000000000000001
2612,0,0.92764717164622912,0.16998010483851611,0.17851722653357682,-0.00072108784460022486,1002.0735099994572,1036.7549997286005,0.10000000000000001
2613,0,0.93764404965393344,0.16998129189075106,0.17844918731674686,-0.00071939481890982704,1002.0782256676126,1039.112833806314,0.10000000000000001
2614,0,0.94764175142068219,0.16998090793316378,0.17840944478038662,-0.0007928947860023365,1002.0859458957389,1042.9729478694298,0.10000000000000001
2615,0,0.95764029876115797,0.16998272772445544,0.1783960458272453,-0.00081797237898235617,1002.0959449964104,1047.9724982051835,0.10000000000000001
2616,0,0.96763998856685129,0.16998231019041035,0.17840899779525698,-0.00085844601622578473,1002.107472000157,1053.7360000785156,0.10000000000000001
2617,0,0.97764069238970341,0.1699839399808952,0.17845933318971596,-0.0009385354222746754,1002.121382903092,1060.6914515460062,0.10000000000000001
2618,0,0.98764241007977205,0.16998431654546706,0.17852350251169372,-0.0009076783805838049,1002.1346647432939,1067.3323716469554,0.10000000000000001
2619,0,0.99764528062471403,0.1699844020708135,0.17862965740867454,-0.0010506885469690967,1002.1502092233214,1075.1046116607199,0.10000000000000001
2620,0,1.0076488891926925,0.16998695717280288,0.17873439284417741,-0.00095345455747659446,1002.1634655406024,1081.732770301187,0.10000000000000001
2621,0,1.0176540616903993,0.16998458692421581,0.17887239548197614,-0.0011096186977797157,1002.1777987757425,1088.8993878712654,0.10000000000000001
2622,0,1.0276599861747107,0.16998987858238038,0.17900422898687102,-0.0010233089722925266,1002.1900945533472,1095.047276673597,0.10000000000000001
2623,0,1.0376679795735708,0.16998567256328592,0.17914110049801515,-0.00107365190801726,1002.2004435978442,1100.2217989221208,0.10000000000000001
2624,0,1.0476769690196848,0.16999156503222754,0.179285855580468,-0.0011300385301147927,1002.211530019512,1105.7650097559986,0.10000000000000001
2625,0,1.0576876909935307,0.16998850576478025,0.17938870696574094,-0.00094152353781568672,1002.2162177066343,1108.1088533171624,0.10000000000000001
2626,0,1.0676997516867202,0.16999023808746494,0.17952690399843232,-0.001241323002090995,1002.2256116380679,1112.8058190339516,0.10000000000000001
2627,0,1.0777125065826756,0.16999373677832419,0.17957201801515257,-0.00077990508203307674,1002.2251925857009,1112.5962928504691,0.10000000000000001
2628,0,1.087727754990347,0.16998632647194098,0.17967207608869495,-0.0012673930365750988,1002.2312037223101,1115.601861155028,0.10000000000000001
2629,0,1.097742786769442,0.17000070576127774,0.17965906703771931,-0.00071588462913843912,1002.2288958590317,1114.4479295158476,0.10000000000000001
2630,0,1.1077617048530453,0.1699825974559159,0.17967789619796712,-0.0010926249213384137,1002.2286398964825,1114.3199482412456,0.10000000000000001
2631,0,1.1177796733589147,0.17000547841614302,0.17962721944456606,-0.00086406150866495581,1002.2293072142835,1114.6536071417472,0.10000000000000001
2632,0,1.1278016340415242,0.16998340270551768,0.17951859639904399,-0.00066725670339211731,1002.220457795281,1110.2288976405248,0.10000000000000001
2633,0,1.1378228518401172,0.17000248792054667,0.1794526063078114,-0.0012166137815511537,1002.2278019819493,1113.9009909746278,0.10000000000000001
2634,0,1.1478461602267909,0.16999317963498126,0.17918669356301806,-0.00010665092634965614,1002.2117073251993,1105.8536625996567,0.10000000000000001
2635,0,1.1578709664891964,0.16998863778734116,0.17910600943654661,-0.0015784385526051879,1002.2248637520087,1112.4318760043366,0.10000000000000001
2636,0,1.1678941684059061,0.17001286492641351,0.17869779657340629,0.0002834442185215691,1002.2088623121581,1104.4311560790447,0.10000000000000001
2637,0,1.1779232766249357,0.16996745720896456,0.17856267574433327,-0.0016081974024605499,1002.2206567266093,1110.3283633046317,0.10000000000000001
2638,0,1.187946123542984,0.17003552590629703,0.17809197646536534,0.00012299836937539114,1002.2170964139057,1108.5482069528325,0.10000000000000001
2639,0,1.1979793104577281,0.16995013774086951,0.17782929833342653,-0.0010087325489168996,1002.2166039417915,1108.3019708957522,0.10000000000000001
2640,0,1.2080022133474315,0.17004585120792892,0.17742451987071126,-0.00078639155563853952,1002.2371513805944,1118.5756902971775,0.10000000000000001
2641,0,1.2180367304770332,0.16995274483596601,0.17696018243495237,0.0002145700357937096,1002.2167714992235,1108.3857496117275,0.10000000000000001
2642,0,1.2280609981008266,0.17002734438974204,0.17673949789841259,-0.0022071093516760378,1002.2636913452455,1131.8456726227737,0.10000000000000001
2643,0,1.2380927421159258,0.16998857821524574,0.17605309869787727,0.0015868161765113218,1002.227613356956,1113.8066784779994,0.10000000000000001
2644,0,1.2481211167369175,0.16997334193096447,0.17605243783528643,-0.0034156576825957008,1002.2870203587767,1143.5101793883291,0.10000000000000001
2645,0,1.2581457722709284,0.17005613139415318,0.17521914041957409,0.0022567610701036606,1002.2548136050711,1127.4068025355746,0.10000000000000001
2646,0,1.2681808026727357,0.16989699653112303,0.1753507577887374,-0.003504666982441014,1002.2978966495393,1148.9483247696626,0.10000000000000001
2647,0,1.2781952007874569,0.1701312743534166,0.17455103079691126,0.001407097375639849,1002.2982409311188,1149.1204655594061,0.10000000000000001
2648,0,1.2882373814869499,0.1698333784248591,0.17463580062699752,-0.0019282470151204094,1002.2935446984562,1146.7723492281152,0.10000000000000001
2649,0,1.2982415199829878,0.17017040577107176,0.17412580025338081,-0.0011615734714720484,1002.3488979026803,1174.448951340139,0.10000000000000001
2650,0,1.3082877056450044,0.1698279941945704,0.17394978557455504,0.001049205749362669,1002.2807792512001,1140.3896256000507,0.10000000000000001
2651,0,1.3182872894070421,0.17012966530175785,0.17394627831243958,-0.0045997584774975439,1002.3892204927006,1194.6102463502939,0.10000000000000001
2652,0,1.328330596334155,0.16991381704963082,0.17334976601651583,0.0042090378396074865,1002.2748151834417,1137.4075917208302,0.10000000000000001
2653,0,1.3383353278939327,0.16999284324264527,0.17387051226670436,-0.0071444430697176096,1002.3993440120054,1199.672006002686,0.10000000000000001
2654,0,1.3483653502414379,0.17008647525257323,0.17279573909104814,0.0057208467885410058,1002.2895771875102,1144.788593755095,0.10000000000000001
2655,0,1.3583847463694294,0.1697939089433616,0.1736420439072987,-0.0070310358631243009,1002.3666126151163,1183.3063075581549,0.10000000000000001
2656,0,1.3683901415331448,0.17029048368722227,0.17220580335680363,0.0040541376429582615,1002.326388048062,1163.1940240309859,0.10000000000000001
2657,0,1.3784310227265728,0.16961416853913039,0.17307885070248188,-0.0036300390580821982,1002.2953288134415,1147.6644067207644,0.10000000000000001
2658,0,1.3884067698190621,0.17042996813400521,0.17164233429468106,-0.00081552547908795572,1002.3693086966393,1184.6543483196683,0.10000000000000001
2659,0,1.3984707982500366,0.16954809133098395,0.17216557150777714,0.0021150440088352858,1002.2093263371825,1104.6631685912303,0.10000000000000001
2660,0,1.4084246811474808,0.17040929048004042,0.17120580938861985,-0.0068613892611600752,1002.3925572401297,1196.2786200648452,0.10000000000000001
2661,0,1.4185046526341052,0.16966219690583362,0.17094500610346391,0.0078999651259693167,1002.146168925892,1073.0844629459853,0.10000000000000001
2662,0,1.4284554434165857,0.17018687361908022,0.1706285846544871,-0.010729768767816989,1002.3704035912656,1185.2017956327927,0.10000000000000001
2663,0,1.4385318600704495,0.16995872020069083,0.16926815292800562,0.010561606935863679,1002.137321980118,1068.6609900590156,0.10000000000000001
2664,0,1.4484987302200911,0.16982008804578622,0.16943463703732373,-0.0096813318619123397,1002.2891224149687,1144.5612074843439,0.10000000000000001
2665,0,1.4585447346095741,0.17034772203894433,0.16691338873858255,0.0076101829378581315,1002.1816159642696,1090.8079821347769,0.10000000000000001
2666,0,1.4685428056714886,0.16945819308042412,0.16749258361427466,-0.0036453504645751855,1002.1582054255006,1079.1027127502844,0.10000000000000001
2667,0,1.4785367228926463,0.17066110302070425,0.16430820597107873,-0.0004584263229180416,1002.2427382942428,1121.3691471214133,0.10000000000000001
2668,0,1.4885813331098754,0.16926551807557749,0.16510828670095681,0.0049032745129595689,1002.0150114105347,1007.5057052673628,0.10000000000000001
2669,0,1.4985208486931634,0.1707351308521852,0.16231572138259706,-0.0096646765330291647,1002.276515101545,1138.2575507724937,0.10000000000000001
2670,0,1.5086192376853456,0.16934385317263101,0.1626041698493256,0.012546112289408537,1001.9093320395887,954.66601979433108,0.10000000000000001
2671,0,1.5185258274183449,0.17049521184282188,0.16088841103781107,-0.015159129471251455,1002.2490259571443,1124.5129785721701,0.10000000000000001
2672,0,1.5286567329364584,0.16970149951853025,0.16003419556252149,0.015533787625751151,1001.8781399096746,939.06995483729361,0.10000000000000001
2673,0,1.5385575876397217,0.17000439011648333,0.15923520406112462,-0.013466481859620053,1002.1346023319867,1067.3011659933422,0.10000000000000001
2674,0,1.5486787112963023,0.17023408854800801,0.15708371920275635,0.010585564080763724,1001.9185046136147,959.2523068073433,0.10000000000000001
2675,0,1.5585937487541697,0.16947064199262904,0.15712242901749607,-0.0046477818843156981,1001.9288625952826,964.43129764128344,0.10000000000000001
2676,0,1.5686623625797407,0.17070498287471678,0.15419625741232981,-0.0019868695246822651,1001.9768030596321,988.40152981603069,0.10000000000000001
2677,0,1.5786214278879687,0.16915924202341279,0.15518663836562088,0.0074789102036003727,1001.6805015905755,840.25079528777269,0.10000000000000001
2678,0,1.5886262633334742,0.17084957529584821,0.15279050398377386,-0.015929532776032231,1001.9827150049986,991.35750249928378,0.10000000000000001
2679,0,1.5986493496609802,0.16922970918458036,0.15377896845458874,0.017829065383448185,1001.4757912554887,737.8956277443649,0.10000000000000001
2680,0,1.6086234628982607,0.17056293936906933,0.1526396674912692,-0.023288901319990934,1001.8907364839862,945.36824199309422,0.10000000000000001
2681,0,1.618684213371774,0.16966028284376561,0.15254129937107636,0.020917052076320445,1001.3762207715067,688.1103857533617,0.10000000000000001
2682,0,1.6286553721479862,0.16995207711302016,0.15219794357771779,-0.019608254098084688,1001.6839966516734,841.99832583669831,0.10000000000000001
2683,0,1.6387054877875558,0.17030177096874735,0.15033339444706367,0.013323351680721818,1001.3642420606515,682.12103032573168,0.10000000000000001
2684,0,1.6486844295512957,0.16927016356739535,0.15150824097893903,-0.0078499632069880358,1001.395372655847,697.68632792352037,0.10000000000000001
2685,0,1.658667683213485,0.17090646960273381,0.14730759552059605,-0.00077164057724637546,1001.3559547575267,677.97737876333031,0.10000000000000001
2686,0,1.6687076870825202,0.1688028638850661,0.1512205215615269,0.0038513640755831395,1001.105432022678,552.71601133898685,0.10000000000000001
2687,0,1.6785830926339751,0.17126078581690715,0.14516601844059057,-0.011298658773693723,1001.2803284928116,640.16424640578862,0.10000000000000001
2688,0,1.6887572064075618,0.16863761948341502,0.15065918475472939,0.010213256074419919,1000.8842989682196,442.14948410979105,0.10000000000000001
2689,0,1.698471913895651,0.17140008253288369,0.14463063126501119,-0.015376725051595796,1001.1675288336282,583.76441681411961,0.10000000000000001
2690,0,1.7088553141856326,0.16859262124534266,0.14962466104071692,0.011719736937964414,1000.7256153618054,362.80768090267657,0.10000000000000001
2691,0,1.7182961551664304,0.17148763335090006,0.14457433834148603,-0.016111099999902897,1001.0308109117223,515.40545586112785,0.10000000000000001
2692,0,1.7289804294486946,0.1684357509406256,0.149024684433366,0.0081184715876202358,1000.637470877401,318.73543870051435,0.10000000000000001
2693,0,1.7380864881310467,0.17162070717528877,0.14439502598220583,-0.013344399864017706,1000.8675689949769,433.78449748843195,0.10000000000000001
2694,0,1.7491056531506419,0.16795651110753168,0.14913188578714767,-0.0013872910450767211,1000.6223241673804,311.16208369019205,0.10000000000000001
2695,0,1.7579038988645503,0.17182090337719577,0.14376933597311647,-0.0079293344709589052,1000.700563293956,350.28164697797592,0.10000000000000001
2696,0,1.7692197464710873,0.16704184236470165,0.14996661443161619,-0.013505874269337132,1000.6766936677566,338.34683387829045,0.10000000000000001
2697,0,1.7777207188058506,0.17201671082449901,0.14251805875017309,-0.0042929289167111745,1000.5558441510985,277.92207554927018,0.10000000000000001
2698,0,1.789264967489383,0.16584753554007384,0.15071645073449433,-0.023472843582473056,1000.7766188624045,388.30943120223083,0.10000000000000001
2699,0,1.7976105778850842,0.17194850403550743,0.14288685553848374,-0.010510462848623907,1000.5224775921423,261.23879607115441,0.10000000000000001
2700,0,1.8093514009560452,0.16447144209828604,0.15209363046667396,-0.024218964003287088,1000.8141434670225,407.07173351125903,0.10000000000000001
2701,0,1.8176324588660617,0.17129367855121896,0.14613801929349413,-0.021172466681803982,1000.5709864351459,285.49321757293455,0.10000000000000001
2702,0,1.8297580222996828,0.16309454378588756,0.15526776112295565,-0.01320268432999128,1000.6242431545643,312.12157728214152,0.10000000000000001
2703,0,1.8377066119009564,0.17070081109317498,0.15075177794655334,-0.030848171155593698,1000.5854274870883,292.71374354414093,0.10000000000000001
2704,0,1.8504480086778314,0.1619892494352651,0.16181122697100986,-0.0042844985279390773,1000.4641514838065,232.07574190325886,0.10000000000000001
2705,0,1.8582469053808413,0.16910851224795473,0.15670066038844729,0.011228256256775378,1000.122246058418,61.123029208999924,0.10000000000000001
2706,0,1.871343671055234,0.16179181522692432,0.16843045703687379,0.0061134231388637918,999.99948920459008,-0.25539770496152414,0.10000000000000001
2707,0,1.8788886813522121,0.16893297762993736,0.16359441023944366,0.0091334148363891223,1000.0173313999572,8.6656999786214328,0.10000000000000001
2708,0,1.8917996195628253,0.16281037513268012,0.16845192136092291,0.00035229233584879174,999.89345925486123,-53.270372569386382,0.10000000000000001
2709,0,1.897458435489199,0.16756777501547118,0.16280535450629541,-0.0085166275087788339,1000.0896494752278,44.824737613907928,0.10000000000000001
2710,0,1.9204904315880247,0.15940263802403337,0.16153495186560612,-0.0044399571937980701,1000.2541523361687,127.07616808432931,0.10000000000000001
2711,0,1.919497872693452,0.16060558295595628,0.16176015212656397,-0.0042399917406878646,1000.180855213167,90.427606583489251,0.10000000000000001
2712,0,1.9495901914737186,0.15528166063211427,0.16399390007220127,-0.0048724022185816984,999.99805963465258,-0.9701826737114061,0.10000000000000001
2713,0,1.9098001684836163,0.19678771588345084,0.030791804657741454,-0.013294903263630298,1001.1879292094321,593.9646047160636,0.10000000000000001
2714,0,1.945290822714095,0.15364752216473435,0.16294391746226733,-0.0039358316073674982,1000.0152643221638,7.632161081915001,0.10000000000000001
2715,1,0,0,0,0,1000,0,0.10000000000000001
2716,1,0,0.20000000000000001,0,0,1000,0,0.10000000000000001
2717,1,0.01,0,0,0,1000,0,0.10000000000000001
2718,1,0.01,0.01,0,0,1000,0,0.10000000000000001
2719,1,0.01,0.19,0,0,1000,0,0.10000000000000001
2720,1,0.01,0.20000000000000001,0,0,1000,0,0.10000000000000001
2721,1,0.02,0,0,0,1000,0,0.10000000000000001
2722,1,0.02,0.01,0,0,1000,0,0.10000000000000001
2723,1,0.02,0.02,0,0,1000,0,0.10000000000000001
2724,1,0.02,0.17999999999999999,0,0,1000,0,0.10000000000000001
2725,1,0.02,0.19,0,0,1000,0,0.10000000000000001
2726,1,0.02,0.20000000000000001,0,0,1000,0,0.10000000000000001
2727,1,0.029999999999999999,0,0,0,1000,0,0.10000000000000001
2728,1,0.029999999999999999,0.01,0,0,1000,0,0.10000000000000001
2729,1,0.029999999999999999,0.02,0,0,1000,0,0.10000000000000001
2730,1,0.029999999999999999,0.17999999999999999,0,0,1000,0,0.10000000000000001
2731,1,0.029999999999999999,0.19,0,0,1000,0,0.10000000000000001
2732,1,0.029999999999999999,0.20000000000000001,0,0,1000,0,0.10000000000000001
2733,1,0.040000000000000001,0,0,0,1000,0,0.10000000000000001
2734,1,0.040000000000000001,0.01,0,0,1000,0,0.10000000000000001
2735,1,0.040000000000000001,0.02,0,0,1000,0,0.10000000000000001
2736,1,0.040000000000000001,0.17999999999999999,0,0,1000,0,0.10000000000000001
2737,1,0.040000000000000001,0.19,0,0,1000,0,0.10000000000000001
2738,1,0.040000000000000001,0.20000000000000001,0,0,1000,0,0.10000000000000001
2739,1,0.050000000000000003,0,0,0,1000,0,0.10000000000000001
2740,1,0.050000000000000003,0.01,0,0,1000,0,0.10000000000000001
2741,1,0.050000000000000003,0.02,0,0,1000,0,0.10000000000000001
2742,1,0.050000000000000003,0.17999999999999999,0,0,1000,0,0.10000000000000001
2743,1,0.050000000000000003,0.19,0,0,1000,0,0.10000000000000001
2744,1,0.050000000000000003,0.20000000000000001,0,0,1000,0,0.10000000000000001
2745,1,0.059999999999999998,0,0,0,1000,0,0.10000000000000001
2746,1,0.059999999999999998,0.01,0,0,1000,0,0.10000000000000001
2747,1,0.059999999999999998,0.02,0,0,1000,0,0.10000000000000001
2748,1,0.059999999999999998,0.17999999999999999,0,0,1000,0,0.10000000000000001
2749,1,0.059999999999999998,0.19,0,0,1000,0,0.10000000000000001
2750,1,0.059999999999999998,0.20000000000000001,0,0,1000,0,0.10000000000000001
2751,1,0.070000000000000007,0,0,0,1000,0,0.10000000000000001
2752,1,0.070000000000000007,0.01,0,0,1000,0,0.10000000000000001
2753,1,0.070000000000000007,0.02,0,0,1000,0,0.10000000000000001
2754,1,0.070000000000000007,0.17999999999999999,0,0,1000,0,0.10000000000000001
2755,1,0.070000000000000007,0.19,0,0,1000,0,0.10000000000000001
2756,1,0.070000000000000007,0.20000000000000001,0,0,1000,0,0.10000000000000001
2757,1,0.080000000000000002,0,0,0,1000,0,0.10000000000000001
2758,1,0.080000000000000002,0.01,0,0,1000,0,0.10000000000000001
2759,1,0.080000000000000002,0.02,0,0,1000,0,0.10000000000000001
2760,1,0.080000000000000002,0.17999999999999999,0,0,1000,0,0.10000000000000001
2761,1,0.080000000000000002,0.19,0,0,1000,0,0.10000000000000001
2762,1,0.080000000000000002,0.20000000000000001,0,0,1000,0,0.10000000000000001
2763,1,0.089999999999999997,0,0,0,1000,0,0.10000000000000001
2764,1,0.089999999999999997,0.01,0,0,1000,0,0.10000000000000001
2765,1,0.089999999999999997,0.02,0,0,1000,0,0.10000000000000001
2766,1,0.089999999999999997,0.17999999999999999,0,0,1000,0,0.10000000000000001
2767,1,0.089999999999999997,0.19,0,0,1000,0,0.10000000000000001
2768,1,0.089999999999999997,0.20000000000000001,0,0,1000,0,0.10000000000000001
2769,1,0.10000000000000001,0,0,0,1000,0,0.10000000000000001
2770,1,0.10000000000000001,0.01,0,0,1000,0,0.10000000000000001
2771,1,0.10000000000000001,0.02,0,0,1000,0,0.10000000000000001
2772,1,0.10000000000000001,0.17999999999999999,0,0,1000,0,0.10000000000000001
2773,1,0.10000000000000001,0.19,0,0,1000,0,0.10000000000000001
2774,1,0.10000000000000001,0.20000000000000001,0,0,1000,0,0.10000000000000001
2775,1,0.11,0,0,0,1000,0,0.10000000000000001
2776,1,0.11,0.01,0,0,1000,0,0.10000000000000001
2777,1,0.11,0.02,0,0,1000,0,0.10000000000000001
2778,1,0.11,0.17999999999999999,0,0,1000,0,0.10000000000000001
2779,1,0.11,0.19,0,0,1000,0,0.10000000000000001
2780,1,0.11,0.20000000000000001,0,0,1000,0,0.10000000000000001
2781,1,0.12,0,0,0,1000,0,0.10000000000000001
2782,1,0.12,0.01,0,0,1000,0,0.10000000000000001
2783,1,0.12,0.02,0,0,1000,0,0.10000000000000001
2784,1,0.12,0.17999999999999999,0,0,1000,0,0.10000000000000001
2785,1,0.12,0.19,0,0,1000,0,0.10000000000000001
2786,1,0.12,0.20000000000000001,0,0,1000,0,0.10000000000000001
2787,1,0.13,0,0,0,1000,0,0.10000000000000001
2788,1,0.13,0.01,0,0,1000,0,0.10000000000000001
2789,1,0.13,0.02,0,0,1000,0,0.10000000000000001
2790,1,0.13,0.17999999999999999,0,0,1000,0,0.10000000000000001
2791,1,0.13,0.19,0,0,1000,0,0.10000000000000001
2792,1,0.13,0.20000000000000001,0,0,1000,0,0.10000000000000001
2793,1,0.14000000000000001,0,0,0,1000,0,0.10000000000000001
2794,1,0.14000000000000001,0.01,0,0,1000,0,0.10000000000000001
2795,1,0.14000000000000001,0.02,0,0,1000,0,0.10000000000000001
2796,1,0.14000000000000001,0.17999999999999999,0,0,1000,0,0.10000000000000001
2797,1,0.14000000000000001,0.19,0,0,1000,0,0.10000000000000001
2798,1,0.14000000000000001,0.20000000000000001,0,0,1000,0,0.10000000000000001
2799,1,0.14999999999999999,0,0,0,1000,0,0.10000000000000001
2800,1,0.14999999999999999,0.01,0,0,1000,0,0.10000000000000001
2801,1,0.14999999999999999,0.02,0,0,1000,0,0.10000000000000001
2802,1,0.14999999999999999,0.17999999999999999,0,0,1000,0,0.10000000000000001
2803,1,0.14999999999999999,0.19,0,0,1000,0,0.10000000000000001
2804,1,0.14999999999999999,0.20000000000000001,0,0,1000,0,0.10000000000000001
2805,1,0.16,0,0,0,1000,0,0.10000000000000001
2806,1,0.16,0.01,0,0,1000,0,0.10000000000000001
2807,1,0.16,0.02,0,0,1000,0,0.10000000000000001
2808,1,0.16,0.17999999999999999,0,0,1000,0,0.10000000000000001
2809,1,0.16,0.19,0,0,1000,0,0.10000000000000001
2810,1,0.16,0.20000000000000001,0,0,1000,0,0.10000000000000001
2811,1,0.17000000000000001,0,0,0,1000,0,0.10000000000000001
2812,1,0.17000000000000001,0.01,0,0,1000,0,0.10000000000000001
2813,1,0.17000000000000001,0.02,0,0,1000,0,0.10000000000000001
2814,1,0.17000000000000001,0.17999999999999999,0,0,1000,0,0.10000000000000001
2815,1,0.17000000000000001,0.19,0,0,1000,0,0.10000000000000001
2816,1,0.17000000000000001,0.20000000000000001,0,0,1000,0,0.10000000000000001
2817,1,0.17999999999999999,0,0,0,1000,0,0.10000000000000001
2818,1,0.17999999999999999,0.01,0,0,1000,0,0.10000000000000001
2819,1,0.17999999999999999,0.02,0,0,1000,0,0.10000000000000001
2820,1,0.17999999999999999,0.17999999999999999,0,0,1000,0,0.10000000000000001
2821,1,0.17999999999999999,0.19,0,0,1000,0,0.10000000000000001
2822,1,0.17999999999999999,0.20000000000000001,0,0,1000,0,0.10000000000000001
2823,1,0.19,0,0,0,1000,0,0.10000000000000001
2824,1,0.19,0.01,0,0,1000,0,0.10000000000000001
2825,1,0.19,0.02,0,0,1000,0,0.10000000000000001
2826,1,0.19,0.17999999999999999,0,0,1000,0,0.10000000000000001
2827,1,0.19,0.19,0,0,1000,0,0.10000000000000001
2828,1,0.19,0.20000000000000001,0,0,1000,0,0.10000000000000001
2829,1,0.20000000000000001,0,0,0,1000,0,0.10000000000000001
2830,1,0.20000000000000001,0.01,0,0,1000,0,0.10000000000000001
2831,1,0.20000000000000001,0.02,0,0,1000,0,0.10000000000000001
2832,1,0.20000000000000001,0.17999999999999999,0,0,1000,0,0.10000000000000001
2833,1,0.20000000000000001,0.19,0,0,1000,0,0.10000000000000001
2834,1,0.20000000000000001,0.20000000000000001,0,0,1000,0,0.10000000000000001
2835,1,0.20999999999999999,0,0,0,1000,0,0.10000000000000001
2836,1,0.20999999999999999,0.01,0,0,1000,0,0.10000000000000001
2837,1,0.20999999999999999,0.02,0,0,1000,0,0.10000000000000001
2838,1,0.20999999999999999,0.17999999999999999,0,0,1000,0,0.10000000000000001
2839,1,0.20999999999999999,0.19,0,0,1000,0,0.10000000000000001
2840,1,0.20999999999999999,0.20000000000000001,0,0,1000,0,0.10000000000000001
2841,1,0.22,0,0,0,1000,0,0.10000000000000001
2842,1,0.22,0.01,0,0,1000,0,0.10000000000000001
2843,1,0.22,0.02,0,0,1000,0,0.10000000000000001
2844,1,0.22,0.17999999999999999,0,0,1000,0,0.10000000000000001
2845,1,0.22,0.19,0,0,1000,0,0.10000000000000001
2846,1,0.22,0.20000000000000001,0,0,1000,0,0.10000000000000001
2847,1,0.23000000000000001,0,0,0,1000,0,0.10000000000000001
2848,1,0.23000000000000001,0.01,0,0,1000,0,0.10000000000000001
2849,1,0.23000000000000001,0.02,0,0,1000,0,0.10000000000000001
2850,1,0.23000000000000001,0.17999999999999999,0,0,1000,0,0.10000000000000001
2851,1,0.23000000000000001,0.19,0,0,1000,0,0.10000000000000001
2852,1,0.23000000000000001,0.20000000000000001,0,0,1000,0,0.10000000000000001
2853,1,0.23999999999999999,0,0,0,1000,0,0.10000000000000001
2854,1,0.23999999999999999,0.01,0,0,1000,0,0.10000000000000001
2855,1,0.23999999999999999,0.02,0,0,1000,0,0.10000000000000001
2856,1,0.23999999999999999,0.17999999999999999,0,0,1000,0,0.10000000000000001
2857,1,0.23999999999999999,0.19,0,0,1000,0,0.10000000000000001
2858,1,0.23999999999999999,0.20000000000000001,0,0,1000,0,0.10000000000000001
2859,1,0.25,0,0,0,1000,0,0.10000000000000001
2860,1,0.25,0.01,0,0,1000,0,0.10000000000000001
2861,1,0.25,0.02,0,0,1000,0,0.10000000000000001
2862,1,0.25,0.17999999999999999,0,0,1000,0,0.10000000000000001
2863,1,0.25,0.19,0,0,1000,0,0.10000000000000001
2864,1,0.25,0.20000000000000001,0,0,1000,0,0.10000000000000001
2865,1,0.26000000000000001,0,0,0,1000,0,0.10000000000000001
2866,1,0.26000000000000001,0.01,0,0,1000,0,0.10000000000000001
2867,1,0.26000000000000001,0.02,0,0,1000,0,0.10000000000000001
2868,1,0.26000000000000001,0.17999999999999999,0,0,1000,0,0.10000000000000001
2869,1,0.26000000000000001,0.19,0,0,1000,0,0.10000000000000001
2870,1,0.26000000000000001,0.20000000000000001,0,0,1000,0,0.10000000000000001
2871,1,0.27000000000000002,0,0,0,1000,0,0.10000000000000001
2872,1,0.27000000000000002,0.01,0,0,1000,0,0.10000000000000001
2873,1,0.27000000000000002,0.02,0,0,1000,0,0.10000000000000001
2874,1,0.27000000000000002,0.17999999999999999,0,0,1000,0,0.10000000000000001
2875,1,0.27000000000000002,0.19,0,0,1000,0,0.10000000000000001
2876,1,0.27000000000000002,0.20000000000000001,0,0,1000,0,0.10000000000000001
2877,1,0.28000000000000003,0,0,0,1000,0,0.10000000000000001
2878,1,0.28000000000000003,0.01,0,0,1000,0,0.10000000000000001
2879,1,0.28000000000000003,0.02,0,0,1000,0,0.10000000000000001
2880,1,0.28000000000000003,0.17999999999999999,0,0,1000,0,0.10000000000000001
2881,1,0.28000000000000003,0.19,0,0,1000,0,0.10000000000000001
2882,1,0.28000000000000003,0.20000000000000001,0,0,1000,0,0.10000000000000001
2883,1,0.28999999999999998,0,0,0,1000,0,0.10000000000000001
2884,1,0.28999999999999998,0.01,0,0,1000,0,0.10000000000000001
2885,1,0.28999999999999998,0.02,0,0,1000,0,0.10000000000000001
2886,1,0.28999999999999998,0.17999999999999999,0,0,1000,0,0.10000000000000001
2887,1,0.28999999999999998,0.19,0,0,1000,0,0.10000000000000001
2888,1,0.28999999999999998,0.20000000000000001,0,0,1000,0,0.10000000000000001
2889,1,0.29999999999999999,0,0,0,1000,0,0.10000000000000001
2890,1,0.29999999999999999,0.01,0,0,1000,0,0.10000000000000001
2891,1,0.29999999999999999,0.02,0,0,1000,0,0.10000000000000001
2892,1,0.29999999999999999,0.17999999999999999,0,0,1000,0,0.10000000000000001
2893,1,0.29999999999999999,0.19,0,0,1000,0,0.10000000000000001
2894,1,0.29999999999999999,0.20000000000000001,0,0,1000,0,0.10000000000000001
2895,1,0.31,0,0,0,1000,0,0.10000000000000001
2896,1,0.31,0.01,0,0,1000,0,0.10000000000000001
2897,1,0.31,0.02,0,0,1000,0,0.10000000000000001
2898,1,0.31,0.17999999999999999,0,0,1000,0,0.10000000000000001
2899,1,0.31,0.19,0,0,1000,0,0.10000000000000001
2900,1,0.31,0.20000000000000001,0,0,1000,0,0.10000000000000001
2901,1,0.32000000000000001,0,0,0,1000,0,0.10000000000000001
2902,1,0.32000000000000001,0.01,0,0,1000,0,0.10000000000000001
2903,1,0.32000000000000001,0.02,0,0,1000,0,0.10000000000000001
2904,1,0.32000000000000001,0.17999999999999999,0,0,1000,0,0.10000000000000001
2905,1,0.32000000000000001,0.19,0,0,1000,0,0.10000000000000001
2906,1,0.32000000000000001,0.20000000000000001,0,0,1000,0,0.10000000000000001
2907,1,0.33000000000000002,0,0,0,1000,0,0.10000000000000001
2908,1,0.33000000000000002,0.01,0,0,1000,0,0.10000000000000001
2909,1,0.33000000000000002,0.02,0,0,1000,0,0.10000000000000001
2910,1,0.33000000000000002,0.17999999999999999,0,0,1000,0,0.10000000000000001
2911,1,0.33000000000000002,0.19,0,0,1000,0,0.10000000000000001
2912,1,0.33000000000000002,0.20000000000000001,0,0,1000,0,0.10000000000000001
2913,1,0.34000000000000002,0,0,0,1000,0,0.10000000000000001
2914,1,0.34000000000000002,0.01,0,0,1000,0,0.10000000000000001
2915,1,0.34000000000000002,0.02,0,0,1000,0,0.10000000000000001
2916,1,0.34000000000000002,0.17999999999999999,0,0,1000,0,0.10000000000000001
2917,1,0.34000000000000002,0.19,0,0,1000,0,0.10000000000000001
2918,1,0.34000000000000002,0.20000000000000001,0,0,1000,0,0.10000000000000001
2919,1,0.35000000000000003,0,0,0,1000,0,0.10000000000000001
2920,1,0.35000000000000003,0.01,0,0,1000,0,0.10000000000000001
2921,1,0.35000000000000003,0.02,0,0,1000,0,0.10000000000000001
2922,1,0.35000000000000003,0.17999999999999999,0,0,1000,0,0.10000000000000001
2923,1,0.35000000000000003,0.19,0,0,1000,0,0.10000000000000001
2924,1,0.35000000000000003,0.20000000000000001,0,0,1000,0,0.10000000000000001
2925,1,0.35999999999999999,0,0,0,1000,0,0.10000000000000001
2926,1,0.35999999999999999,0.01,0,0,1000,0,0.10000000000000001
2927,1,0.35999999999999999,0.02,0,0,1000,0,0.10000000000000001
2928,1,0.35999999999999999,0.17999999999999999,0,0,1000,0,0.10000000000000001
2929,1,0.35999999999999999,0.19,0,0,1000,0,0.10000000000000001
2930,1,0.35999999999999999,0.20000000000000001,0,0,1000,0,0.10000000000000001
2931,1,0.37,0,0,0,1000,0,0.10000000000000001
2932,1,0.37,0.01,0,0,1000,0,0.10000000000000001
2933,1,0.37,0.02,0,0,1000,0,0.10000000000000001
2934,1,0.37,0.17999999999999999,0,0,1000,0,0.10000000000000001
2935,1,0.37,0.19,0,0,1000,0,0.10000000000000001
2936,1,0.37,0.20000000000000001,0,0,1000,0,0.10000000000000001
2937,1,0.38,0,0,0,1000,0,0.10000000000000001
2938,1,0.38,0.01,0,0,1000,0,0.10000000000000001
2939,1,0.38,0.02,0,0,1000,0,0.10000000000000001
2940,1,0.38,0.17999999999999999,0,0,1000,0,0.10000000000000001
2941,1,0.38,0.19,0,0,1000,0,0.10000000000000001
2942,1,0.38,0.20000000000000001,0,0,1000,0,0.10000000000000001
2943,1,0.39000000000000001,0,0,0,1000,0,0.10000000000000001
2944,1,0.39000000000000001,0.01,0,0,1000,0,0.10000000000000001
2945,1,0.39000000000000001,0.02,0,0,1000,0,0.10000000000000001
2946,1,0.39000000000000001,0.17999999999999999,0,0,1000,0,0.10000000000000001
2947,1,0.39000000000000001,0.19,0,0,1000,0,0.10000000000000001
2948,1,0.39000000000000001,0.20000000000000001,0,0,1000,0,0.10000000000000001
2949,1,0.40000000000000002,0,0,0,1000,0,0.10000000000000001
2950,1,0.40000000000000002,0.01,0,0,1000,0,0.10000000000000001
2951,1,0.40000000000000002,0.02,0,0,1000,0,0.10000000000000001
2952,1,0.40000000000000002,0.17999999999999999,0,0,1000,0,0.10000000000000001
2953,1,0.40000000000000002,0.19,0,0,1000,0,0.10000000000000001
2954,1,0.40000000000000002,0.20000000000000001,0,0,1000,0,0.10000000000000001
2955,1,0.41000000000000003,0,0,0,1000,0,0.10000000000000001
2956,1,0.41000000000000003,0.01,0,0,1000,0,0.10000000000000001
2957,1,0.41000000000000003,0.02,0,0,1000,0,0.10000000000000001
2958,1,0.41000000000000003,0.17999999999999999,0,0,1000,0,0.10000000000000001
2959,1,0.41000000000000003,0.19,0,0,1000,0,0.10000000000000001
2960,1,0.41000000000000003,0.20000000000000001,0,0,1000,0,0.10000000000000001
2961,1,0.41999999999999998,0,0,0,1000,0,0.10000000000000001
2962,1,0.41999999999999998,0.01,0,0,1000,0,0.10000000000000001
2963,1,0.41999999999999998,0.02,0,0,1000,0,0.10000000000000001
2964,1,0.41999999999999998,0.17999999999999999,0,0,1000,0,0.10000000000000001
2965,1,0.41999999999999998,0.19,0,0,1000,0,0.10000000000000001
2966,1,0.41999999999999998,0.20000000000000001,0,0,1000,0,0.10000000000000001
2967,1,0.42999999999999999,0,0,0,1000,0,0.10000000000000001
2968,1,0.42999999999999999,0.01,0,0,1000,0,0.10000000000000001
2969,1,0.42999999999999999,0.02,0,0,1000,0,0.10000000000000001
2970,1,0.42999999999999999,0.17999999999999999,0,0,1000,0,0.10000000000000001
2971,1,0.42999999999999999,0.19,0,0,1000,0,0.10000000000000001
2972,1,0.42999999999999999,0.20000000000000001,0,0,1000,0,0.10000000000000001
2973,1,0.44,0,0,0,1000,0,0.10000000000000001
2974,1,0.44,0.01,0,0,1000,0,0.10000000000000001
2975,1,0.44,0.02,0,0,1000,0,0.10000000000000001
2976,1,0.44,0.17999999999999999,0,0,1000,0,0.10000000000000001
2977,1,0.44,0.19,0,0,1000,0,0.10000000000000001
2978,1,0.44,0.20000000000000001,0,0,1000,0,0.10000000000000001
2979,1,0.45000000000000001,0,0,0,1000,0,0.10000000000000001
2980,1,0.45000000000000001,0.01,0,0,1000,0,0.10000000000000001
2981,1,0.45000000000000001,0.02,0,0,1000,0,0.10000000000000001
2982,1,0.45000000000000001,0.17999999999999999,0,0,1000,0,0.10000000000000001
2983,1,0.45000000000000001,0.19,0,0,1000,0,0.10000000000000001
2984,1,0.45000000000000001,0.20000000000000001,0,0,1000,0,0.10000000000000001
2985,1,0.46000000000000002,0,0,0,1000,0,0.10000000000000001
2986,1,0.46000000000000002,0.01,0,0,1000,0,0.10000000000000001
2987,1,0.46000000000000002,0.02,0,0,1000,0,0.10000000000000001
2988,1,0.46000000000000002,0.17999999999999999,0,0,1000,0,0.10000000000000001
2989,1,0.46000000000000002,0.19,0,0,1000,0,0.10000000000000001
2990,1,0.46000000000000002,0.20000000000000001,0,0,1000,0,0.10000000000000001
2991,1,0.47000000000000003,0,0,0,1000,0,0.10000000000000001
2992,1,0.47000000000000003,0.01,0,0,1000,0,0.10000000000000001
2993,1,0.47000000000000003,0.02,0,0,1000,0,0.10000000000000001
2994,1,0.47000000000000003,0.17999999999999999,0,0,1000,0,0.10000000000000001
2995,1,0.47000000000000003,0.19,0,0,1000,0,0.10000000000000001
2996,1,0.47000000000000003,0.20000000000000001,0,0,1000,0,0.10000000000000001
2997,1,0.47999999999999998,0,0,0,1000,0,0.10000000000000001
2998,1,0.47999999999999998,0.01,0,0,1000,0,0.10000000000000001
2999,1,0.47999999999999998,0.02,0,0,1000,0,0.10000000000000001
3000,1,0.47999999999999998,0.17999999999999999,0,0,1000,0,0.10000000000000001
3001,1,0.47999999999999998,0.19,0,0,1000,0,0.10000000000000001
3002,1,0.47999999999999998,0.20000000000000001,0,0,1000,0,0.10000000000000001
3003,1,0.48999999999999999,0,0,0,1000,0,0.10000000000000001
3004,1,0.48999999999999999,0.01,0,0,1000,0,0.10000000000000001
3005,1,0.48999999999999999,0.02,0,0,1000,0,0.10000000000000001
3006,1,0.48999999999999999,0.17999999999999999,0,0,1000,0,0.10000000000000001
3007,1,0.48999999999999999,0.19,0,0,1000,0,0.10000000000000001
3008,1,0.48999999999999999,0.20000000000000001,0,0,1000,0,0.10000000000000001
3009,1,0.5,0,0,0,1000,0,0.10000000000000001
3010,1,0.5,0.01,0,0,1000,0,0.10000000000000001
3011,1,0.5,0.02,0,0,1000,0,0.10000000000000001
3012,1,0.5,0.17999999999999999,0,0,1000,0,0.10000000000000001
3013,1,0.5,0.19,0,0,1000,0,0.10000000000000001
3014,1,0.5,0.20000000000000001,0,0,1000,0,0.10000000000000001
3015,1,0.51000000000000001,0,0,0,1000,0,0.10000000000000001
3016,1,0.51000000000000001,0.01,0,0,1000,0,0.10000000000000001
3017,1,0.51000000000000001,0.02,0,0,1000,0,0.10000000000000001
3018,1,0.51000000000000001,0.17999999999999999,0,0,1000,0,0.10000000000000001
3019,1,0.51000000000000001,0.19,0,0,1000,0,0.10000000000000001
3020,1,0.51000000000000001,0.20000000000000001,0,0,1000,0,0.10000000000000001
3021,1,0.52000000000000002,0,0,0,1000,0,0.10000000000000001
3022,1,0.52000000000000002,0.01,0,0,1000,0,0.10000000000000001
3023,1,0.52000000000000002,0.02,0,0,1000,0,0.10000000000000001
3024,1,0.52000000000000002,0.17999999999999999,0,0,1000,0,0.10000000000000001
3025,1,0.52000000000000002,0.19,0,0,1000,0,0.10000000000000001
3026,1,0.52000000000000002,0.20000000000000001,0,0,1000,0,0.10000000000000001
3027,1,0.53000000000000003,0,0,0,1000,0,0.10000000000000001
3028,1,0.53000000000000003,0.01,0,0,1000,0,0.10000000000000001
3029,1,0.53000000000000003,0.02,0,0,1000,0,0.10000000000000001
3030,1,0.53000000000000003,0.17999999999999999,0,0,1000,0,0.10000000000000001
3031,1,0.53000000000000003,0.19,0,0,1000,0,0.10000000000000001
3032,1,0.53000000000000003,0.20000000000000001,0,0,1000,0,0.10000000000000001
3033,1,0.54000000000000004,0,0,0,1000,0,0.10000000000000001
3034,1,0.54000000000000004,0.01,0,0,1000,0,0.10000000000000001
3035,1,0.54000000000000004,0.02,0,0,1000,0,0.10000000000000001
3036,1,0.54000000000000004,0.17999999999999999,0,0,1000,0,0.10000000000000001
3037,1,0.54000000000000004,0.19,0,0,1000,0,0.10000000000000001
3038,1,0.54000000000000004,0.20000000000000001,0,0,1000,0,0.10000000000000001
3039,1,0.55000000000000004,0,0,0,1000,0,0.10000000000000001
3040,1,0.55000000000000004,0.01,0,0,1000,0,0.10000000000000001
3041,1,0.55000000000000004,0.02,0,0,1000,0,0.10000000000000001
3042,1,0.55000000000000004,0.17999999999999999,0,0,1000,0,0.10000000000000001
3043,1,0.55000000000000004,0.19,0,0,1000,0,0.10000000000000001
3044,1,0.55000000000000004,0.20000000000000001,0,0,1000,0,0.10000000000000001
3045,1,0.56000000000000005,0,0,0,1000,0,0.10000000000000001
3046,1,0.56000000000000005,0.01,0,0,1000,0,0.10000000000000001
3047,1,0.56000000000000005,0.02,0,0,1000,0,0.10000000000000001
3048,1,0.56000000000000005,0.17999999999999999,0,0,1000,0,0.10000000000000001
3049,1,0.56000000000000005,0.19,0,0,1000,0,0.10000000000000001
3050,1,0.56000000000000005,0.20000000000000001,0,0,1000,0,0.10000000000000001
3051,1,0.57000000000000006,0,0,0,1000,0,0.10000000000000001
3052,1,0.57000000000000006,0.01,0,0,1000,0,0.10000000000000001
3053,1,0.57000000000000006,0.02,0,0,1000,0,0.10000000000000001
3054,1,0.57000000000000006,0.17999999999999999,0,0,1000,0,0.10000000000000001
3055,1,0.57000000000000006,0.19,0,0,1000,0,0.10000000000000001
3056,1,0.57000000000000006,0.20000000000000001,0,0,1000,0,0.10000000000000001
3057,1,0.57999999999999996,0,0,0,1000,0,0.10000000000000001
3058,1,0.57999999999999996,0.01,0,0,1000,0,0.10000000000000001
3059,1,0.57999999999999996,0.02,0,0,1000,0,0.10000000000000001
3060,1,0.57999999999999996,0.17999999999999999,0,0,1000,0,0.10000000000000001
3061,1,0.57999999999999996,0.19,0,0,1000,0,0.10000000000000001
3062,1,0.57999999999999996,0.20000000000000001,0,0,1000,0,0.10000000000000001
3063,1,0.58999999999999997,0,0,0,1000,0,0.10000000000000001
3064,1,0.58999999999999997,0.01,0,0,1000,0,0.10000000000000001
3065,1,0.58999999999999997,0.02,0,0,1000,0,0.10000000000000001
3066,1,0.58999999999999997,0.17999999999999999,0,0,1000,0,0.10000000000000001
3067,1,0.58999999999999997,0.19,0,0,1000,0,0.10000000000000001
3068,1,0.58999999999999997,0.20000000000000001,0,0,1000,0,0.10000000000000001
3069,1,0.59999999999999998,0,0,0,1000,0,0.10000000000000001
3070,1,0.59999999999999998,0.01,0,0,1000,0,0.10000000000000001
3071,1,0.59999999999999998,0.02,0,0,1000,0,0.10000000000000001
3072,1,0.59999999999999998,0.17999999999999999,0,0,1000,0,0.10000000000000001
3073,1,0.59999999999999998,0.19,0,0,1000,0,0.10000000000000001
3074,1,0.59999999999999998,0.20000000000000001,0,0,1000,0,0.10000000000000001
3075,1,0.60999999999999999,0,0,0,1000,0,0.10000000000000001
3076,1,0.60999999999999999,0.01,0,0,1000,0,0.10000000000000001
3077,1,0.60999999999999999,0.02,0,0,1000,0,0.10000000000000001
3078,1,0.60999999999999999,0.17999999999999999,0,0,1000,0,0.10000000000000001
3079,1,0.60999999999999999,0.19,0,0,1000,0,0.10000000000000001
3080,1,0.60999999999999999,0.20000000000000001,0,0,1000,0,0.10000000000000001
3081,1,0.62,0,0,0,1000,0,0.10000000000000001
3082,1,0.62,0.01,0,0,1000,0,0.10000000000000001
3083,1,0.62,0.02,0,0,1000,0,0.10000000000000001
3084,1,0.62,0.17999999999999999,0,0,1000,0,0.10000000000000001
3085,1,0.62,0.19,0,0,1000,0,0.10000000000000001
3086,1,0.62,0.20000000000000001,0,0,1000,0,0.10000000000000001
3087,1,0.63,0,0,0,1000,0,0.10000000000000001
3088,1,0.63,0.01,0,0,1000,0,0.10000000000000001
3089,1,0.63,0.02,0,0,1000,0,0.10000000000000001
3090,1,0.63,0.17999999999999999,0,0,1000,0,0.10000000000000001
3091,1,0.63,0.19,0,0,1000,0,0.10000000000000001
3092,1,0.63,0.20000000000000001,0,0,1000,0,0.10000000000000001
3093,1,0.64000000000000001,0,0,0,1000,0,0.10000000000000001
3094,1,0.64000000000000001,0.01,0,0,1000,0,0.10000000000000001
3095,1,0.64000000000000001,0.02,0,0,1000,0,0.10000000000000001
3096,1,0.64000000000000001,0.17999999999999999,0,0,1000,0,0.10000000000000001
3097,1,0.64000000000000001,0.19,0,0,1000,0,0.10000000000000001
3098,1,0.64000000000000001,0.20000000000000001,0,0,1000,0,0.10000000000000001
3099,1,0.65000000000000002,0,0,0,1000,0,0.10000000000000001
3100,1,0.65000000000000002,0.01,0,0,1000,0,0.10000000000000001
3101,1,0.65000000000000002,0.02,0,0,1000,0,0.10000000000000001
3102,1,0.65000000000000002,0.17999999999999999,0,0,1000,0,0.10000000000000001
3103,1,0.65000000000000002,0.19,0,0,1000,0,0.10000000000000001
3104,1,0.65000000000000002,0.20000000000000001,0,0,1000,0,0.10000000000000001
3105,1,0.66000000000000003,0,0,0,1000,0,0.10000000000000001
3106,1,0.66000000000000003,0.01,0,0,1000,0,0.10000000000000001
3107,1,0.66000000000000003,0.02,0,0,1000,0,0.10000000000000001
3108,1,0.66000000000000003,0.17999999999999999,0,0,1000,0,0.10000000000000001
3109,1,0.66000000000000003,0.19,0,0,1000,0,0.10000000000000001
3110,1,0.66000000000000003,0.20000000000000001,0,0,1000,0,0.10000000000000001
3111,1,0.67000000000000004,0,0,0,1000,0,0.10000000000000001
3112,1,0.67000000000000004,0.01,0,0,1000,0,0.10000000000000001
3113,1,0.67000000000000004,0.02,0,0,1000,0,0.10000000000000001
3114,1,0.67000000000000004,0.17999999999999999,0,0,1000,0,0.10000000000000001
3115,1,0.67000000000000004,0.19,0,0,1000,0,0.10000000000000001
3116,1,0.67000000000000004,0.20000000000000001,0,0,1000,0,0.10000000000000001
3117,1,0.68000000000000005,0,0,0,1000,0,0.10000000000000001
3118,1,0.68000000000000005,0.01,0,0,1000,0,0.10000000000000001
3119,1,0.68000000000000005,0.02,0,0,1000,0,0.10000000000000001
3120,1,0.68000000000000005,0.17999999999999999,0,0,1000,0,0.10000000000000001
3121,1,0.68000000000000005,0.19,0,0,1000,0,0.10000000000000001
3122,1,0.68000000000000005,0.20000000000000001,0,0,1000,0,0.10000000000000001
3123,1,0.69000000000000006,0,0,0,1000,0,0.10000000000000001
3124,1,0.69000000000000006,0.01,0,0,1000,0,0.10000000000000001
3125,1,0.69000000000000006,0.02,0,0,1000,0,0.10000000000000001
3126,1,0.69000000000000006,0.17999999999999999,0,0,1000,0,0.10000000000000001
3127,1,0.69000000000000006,0.19,0,0,1000,0,0.10000000000000001
3128,1,0.69000000000000006,0.20000000000000001,0,0,1000,0,0.10000000000000001
3129,1,0.70000000000000007,0,0,0,1000,0,0.10000000000000001
3130,1,0.70000000000000007,0.01,0,0,1000,0,0.10000000000000001
3131,1,0.70000000000000007,0.02,0,0,1000,0,0.10000000000000001
3132,1,0.70000000000000007,0.17999999999999999,0,0,1000,0,0.10000000000000001
3133,1,0.70000000000000007,0.19,0,0,1000,0,0.10000000000000001
3134,1,0.70000000000000007,0.20000000000000001,0,0,1000,0,0.10000000000000001
3135,1,0.70999999999999996,0,0,0,1000,0,0.10000000000000001
3136,1,0.70999999999999996,0.01,0,0,1000,0,0.10000000000000001
3137,1,0.70999999999999996,0.02,0,0,1000,0,0.10000000000000001
3138,1,0.70999999999999996,0.17999999999999999,0,0,1000,0,0.10000000000000001
3139,1,0.70999999999999996,0.19,0,0,1000,0,0.10000000000000001
3140,1,0.70999999999999996,0.20000000000000001,0,0,1000,0,0.10000000000000001
3141,1,0.71999999999999997,0,0,0,1000,0,0.10000000000000001
3142,1,0.71999999999999997,0.01,0,0,1000,0,0.10000000000000001
3143,1,0.71999999999999997,0.02,0,0,1000,0,0.10000000000000001
3144,1,0.71999999999999997,0.17999999999999999,0,0,1000,0,0.10000000000000001
3145,1,0.71999999999999997,0.19,0,0,1000,0,0.10000000000000001
3146,1,0.71999999999999997,0.20000000000000001,0,0,1000,0,0.10000000000000001
3147,1,0.72999999999999998,0,0,0,1000,0,0.10000000000000001
3148,1,0.72999999999999998,0.01,0,0,1000,0,0.10000000000000001
3149,1,0.72999999999999998,0.02,0,0,1000,0,0.10000000000000001
3150,1,0.72999999999999998,0.17999999999999999,0,0,1000,0,0.10000000000000001
3151,1,0.72999999999999998,0.19,0,0,1000,0,0.10000000000000001
3152,1,0.72999999999999998,0.20000000000000001,0,0,1000,0,0.10000000000000001
3153,1,0.73999999999999999,0,0,0,1000,0,0.10000000000000001
3154,1,0.73999999999999999,0.01,0,0,1000,0,0.10000000000000001
3155,1,0.73999999999999999,0.02,0,0,1000,0,0.10000000000000001
3156,1,0.73999999999999999,0.17999999999999999,0,0,1000,0,0.10000000000000001
3157,1,0.73999999999999999,0.19,0,0,1000,0,0.10000000000000001
3158,1,0.73999999999999999,0.20000000000000001,0,0,1000,0,0.10000000000000001
3159,1,0.75,0,0,0,1000,0,0.10000000000000001
3160,1,0.75,0.01,0,0,1000,0,0.10000000000000001
3161,1,0.75,0.02,0,0,1000,0,0.10000000000000001
3162,1,0.75,0.17999999999999999,0,0,1000,0,0.10000000000000001
3163,1,0.75,0.19,0,0,1000,0,0.10000000000000001
3164,1,0.75,0.20000000000000001,0,0,1000,0,0.10000000000000001
3165,1,0.76000000000000001,0,0,0,1000,0,0.10000000000000001
3166,1,0.76000000000000001,0.01,0,0,1000,0,0.10000000000000001
3167,1,0.76000000000000001,0.02,0,0,1000,0,0.10000000000000001
3168,1,0.76000000000000001,0.17999999999999999,0,0,1000,0,0.10000000000000001
3169,1,0.76000000000000001,0.19,0,0,1000,0,0.10000000000000001
3170,1,0.76000000000000001,0.20000000000000001,0,0,1000,0,0.10000000000000001
3171,1,0.77000000000000002,0,0,0,1000,0,0.10000000000000001
3172,1,0.77000000000000002,0.01,0,0,1000,0,0.10000000000000001
3173,1,0.77000000000000002,0.02,0,0,1000,0,0.10000000000000001
3174,1,0.77000000000000002,0.17999999999999999,0,0,1000,0,0.10000000000000001
3175,1,0.77000000000000002,0.19,0,0,1000,0,0.10000000000000001
3176,1,0.77000000000000002,0.20000000000000001,0,0,1000,0,0.10000000000000001
3177,1,0.78000000000000003,0,0,0,1000,0,0.10000000000000001
3178,1,0.78000000000000003,0.01,0,0,1000,0,0.10000000000000001
3179,1,0.78000000000000003,0.02,0,0,1000,0,0.10000000000000001
3180,1,0.78000000000000003,0.17999999999999999,0,0,1000,0,0.10000000000000001
3181,1,0.78000000000000003,0.19,0,0,1000,0,0.10000000000000001
3182,1,0.78000000000000003,0.20000000000000001,0,0,1000,0,0.10000000000000001
3183,1,0.79000000000000004,0,0,0,1000,0,0.10000000000000001
3184,1,0.79000000000000004,0.01,0,0,1000,0,0.10000000000000001
3185,1,0.79000000000000004,0.02,0,0,1000,0,0.10000000000000001
3186,1,0.79000000000000004,0.17999999999999999,0,0,1000,0,0.10000000000000001
3187,1,0.79000000000000004,0.19,0,0,1000,0,0.10000000000000001
3188,1,0.79000000000000004,0.20000000000000001,0,0,1000,0,0.10000000000000001
3189,1,0.80000000000000004,0,0,0,1000,0,0.10000000000000001
3190,1,0.80000000000000004,0.01,0,0,1000,0,0.10000000000000001
3191,1,0.80000000000000004,0.02,0,0,1000,0,0.10000000000000001
3192,1,0.80000000000000004,0.17999999999999999,0,0,1000,0,0.10000000000000001
3193,1,0.80000000000000004,0.19,0,0,1000,0,0.10000000000000001
3194,1,0.80000000000000004,0.20000000000000001,0,0,1000,0,0.10000000000000001
3195,1,0.81000000000000005,0,0,0,1000,0,0.10000000000000001
3196,1,0.81000000000000005,0.01,0,0,1000,0,0.10000000000000001
3197,1,0.81000000000000005,0.02,0,0,1000,0,0.10000000000000001
3198,1,0.81000000000000005,0.17999999999999999,0,0,1000,0,0.10000000000000001
3199,1,0.81000000000000005,0.19,0,0,1000,0,0.10000000000000001
3200,1,0.81000000000000005,0.20000000000000001,0,0,1000,0,0.10000000000000001
3201,1,0.82000000000000006,0,0,0,1000,0,0.10000000000000001
3202,1,0.82000000000000006,0.01,0,0,1000,0,0.10000000000000001
3203,1,0.82000000000000006,0.02,0,0,1000,0,0.10000000000000001
3204,1,0.82000000000000006,0.17999999999999999,0,0,1000,0,0.10000000000000001
3205,1,0.82000000000000006,0.19,0,0,1000,0,0.10000000000000001
3206,1,0.82000000000000006,0.20000000000000001,0,0,1000,0,0.10000000000000001
3207,1,0.83000000000000007,0,0,0,1000,0,0.10000000000000001
3208,1,0.83000000000000007,0.01,0,0,1000,0,0.10000000000000001
3209,1,0.83000000000000007,0.02,0,0,1000,0,0.10000000000000001
3210,1,0.83000000000000007,0.17999999999999999,0,0,1000,0,0.10000000000000001
3211,1,0.83000000000000007,0.19,0,0,1000,0,0.10000000000000001
3212,1,0.83000000000000007,0.20000000000000001,0,0,1000,0,0.10000000000000001
3213,1,0.83999999999999997,0,0,0,1000,0,0.10000000000000001
3214,1,0.83999999999999997,0.01,0,0,1000,0,0.10000000000000001
3215,1,0.83999999999999997,0.02,0,0,1000,0,0.10000000000000001
3216,1,0.83999999999999997,0.17999999999999999,0,0,1000,0,0.10000000000000001
3217,1,0.83999999999999997,0.19,0,0,1000,0,0.10000000000000001
3218,1,0.83999999999999997,0.20000000000000001,0,0,1000,0,0.10000000000000001
3219,1,0.84999999999999998,0,0,0,1000,0,0.10000000000000001
3220,1,0.84999999999999998,0.01,0,0,1000,0,0.10000000000000001
3221,1,0.84999999999999998,0.02,0,0,1000,0,0.10000000000000001
3222,1,0.84999999999999998,0.17999999999999999,0,0,1000,0,0.10000000000000001
3223,1,0.84999999999999998,0.19,0,0,1000,0,0.10000000000000001
3224,1,0.84999999999999998,0.20000000000000001,0,0,1000,0,0.10000000000000001
3225,1,0.85999999999999999,0,0,0,1000,0,0.10000000000000001
3226,1,0.85999999999999999,0.01,0,0,1000,0,0.10000000000000001
3227,1,0.85999999999999999,0.02,0,0,1000,0,0.10000000000000001
3228,1,0.85999999999999999,0.17999999999999999,0,0,1000,0,0.10000000000000001
3229,1,0.85999999999999999,0.19,0,0,1000,0,0.10000000000000001
3230,1,0.85999999999999999,0.20000000000000001,0,0,1000,0,0.10000000000000001
3231,1,0.87,0,0,0,1000,0,0.10000000000000001
3232,1,0.87,0.01,0,0,1000,0,0.10000000000000001
3233,1,0.87,0.02,0,0,1000,0,0.10000000000000001
3234,1,0.87,0.17999999999999999,0,0,1000,0,0.10000000000000001
3235,1,0.87,0.19,0,0,1000,0,0.10000000000000001
3236,1,0.87,0.20000000000000001,0,0,1000,0,0.10000000000000001
3237,1,0.88,0,0,0,1000,0,0.10000000000000001
3238,1,0.88,0.01,0,0,1000,0,0.10000000000000001
3239,1,0.88,0.02,0,0,1000,0,0.10000000000000001
3240,1,0.88,0.17999999999999999,0,0,1000,0,0.10000000000000001
3241,1,0.88,0.19,0,0,1000,0,0.10000000000000001
3242,1,0.88,0.20000000000000001,0,0,1000,0,0.10000000000000001
3243,1,0.89000000000000001,0,0,0,1000,0,0.10000000000000001
3244,1,0.89000000000000001,0.01,0,0,1000,0,0.10000000000000001
3245,1,0.89000000000000001,0.02,0,0,1000,0,0.10000000000000001
3246,1,0.89000000000000001,0.17999999999999999,0,0,1000,0,0.10000000000000001
3247,1,0.89000000000000001,0.19,0,0,1000,0,0.10000000000000001
3248,1,0.89000000000000001,0.20000000000000001,0,0,1000,0,0.10000000000000001
3249,1,0.90000000000000002,0,0,0,1000,0,0.10000000000000001
3250,1,0.90000000000000002,0.01,0,0,1000,0,0.10000000000000001
3251,1,0.90000000000000002,0.02,0,0,1000,0,0.10000000000000001
3252,1,0.90000000000000002,0.17999999999999999,0,0,1000,0,0.10000000000000001
3253,1,0.90000000000000002,0.19,0,0,1000,0,0.10000000000000001
3254,1,0.90000000000000002,0.20000000000000001,0,0,1000,0,0.10000000000000001
3255,1,0.91000000000000003,0,0,0,1000,0,0.10000000000000001
3256,1,0.91000000000000003,0.01,0,0,1000,0,0.10000000000000001
3257,1,0.91000000000000003,0.02,0,0,1000,0,0.10000000000000001
3258,1,0.91000000000000003,0.17999999999999999,0,0,1000,0,0.10000000000000001
3259,1,0.91000000000000003,0.19,0,0,1000,0,0.10000000000000001
3260,1,0.91000000000000003,0.20000000000000001,0,0,1000,0,0.10000000000000001
3261,1,0.92000000000000004,0,0,0,1000,0,0.10000000000000001
3262,1,0.92000000000000004,0.01,0,0,1000,0,0.10000000000000001
3263,1,0.92000000000000004,0.02,0,0,1000,0,0.10000000000000001
3264,1,0.92000000000000004,0.17999999999999999,0,0,1000,0,0.10000000000000001
3265,1,0.92000000000000004,0.19,0,0,1000,0,0.10000000000000001
3266,1,0.92000000000000004,0.20000000000000001,0,0,1000,0,0.10000000000000001
3267,1,0.93000000000000005,0,0,0,1000,0,0.10000000000000001
3268,1,0.93000000000000005,0.01,0,0,1000,0,0.10000000000000001
3269,1,0.93000000000000005,0.02,0,0,1000,0,0.10000000000000001
3270,1,0.93000000000000005,0.17999999999999999,0,0,1000,0,0.10000000000000001
3271,1,0.93000000000000005,0.19,0,0,1000,0,0.10000000000000001
3272,1,0.93000000000000005,0.20000000000000001,0,0,1000,0,0.10000000000000001
3273,1,0.94000000000000006,0,0,0,1000,0,0.10000000000000001
3274,1,0.94000000000000006,0.01,0,0,1000,0,0.10000000000000001
3275,1,0.94000000000000006,0.02,0,0,1000,0,0.10000000000000001
3276,1,0.94000000000000006,0.17999999999999999,0,0,1000,0,0.10000000000000001
3277,1,0.94000000000000006,0.19,0,0,1000,0,0.10000000000000001
3278,1,0.94000000000000006,0.20000000000000001,0,0,1000,0,0.10000000000000001
3279,1,0.95000000000000007,0,0,0,1000,0,0.10000000000000001
3280,1,0.95000000000000007,0.01,0,0,1000,0,0.10000000000000001
3281,1,0.95000000000000007,0.02,0,0,1000,0,0.10000000000000001
3282,1,0.95000000000000007,0.17999999999999999,0,0,1000,0,0.10000000000000001
3283,1,0.95000000000000007,0.19,0,0,1000,0,0.10000000000000001
3284,1,0.95000000000000007,0.20000000000000001,0,0,1000,0,0.10000000000000001
3285,1,0.95999999999999996,0,0,0,1000,0,0.10000000000000001
3286,1,0.95999999999999996,0.01,0,0,1000,0,0.10000000000000001
3287,1,0.95999999999999996,0.02,0,0,1000,0,0.10000000000000001
3288,1,0.95999999999999996,0.17999999999999999,0,0,1000,0,0.10000000000000001
3289,1,0.95999999999999996,0.19,0,0,1000,0,0.10000000000000001
3290,1,0.95999999999999996,0.20000000000000001,0,0,1000,0,0.10000000000000001
3291,1,0.96999999999999997,0,0,0,1000,0,0.10000000000000001
3292,1,0.96999999999999997,0.01,0,0,1000,0,0.10000000000000001
3293,1,0.96999999999999997,0.02,0,0,1000,0,0.10000000000000001
3294,1,0.96999999999999997,0.17999999999999999,0,0,1000,0,0.10000000000000001
3295,1,0.96999999999999997,0.19,0,0,1000,0,0.10000000000000001
3296,1,0.96999999999999997,0.20000000000000001,0,0,1000,0,0.10000000000000001
3297,1,0.97999999999999998,0,0,0,1000,0,0.10000000000000001
3298,1,0.97999999999999998,0.01,0,0,1000,0,0.10000000000000001
3299,1,0.97999999999999998,0.02,0,0,1000,0,0.10000000000000001
3300,1,0.97999999999999998,0.17999999999999999,0,0,1000,0,0.10000000000000001
3301,1,0.97999999999999998,0.19,0,0,1000,0,0.10000000000000001
3302,1,0.97999999999999998,0.20000000000000001,0,0,1000,0,0.10000000000000001
3303,1,0.98999999999999999,0,0,0,1000,0,0.10000000000000001
3304,1,0.98999999999999999,0.01,0,0,1000,0,0.10000000000000001
3305,1,0.98999999999999999,0.02,0,0,1000,0,0.10000000000000001
3306,1,0.98999999999999999,0.17999999999999999,0,0,1000,0,0.10000000000000001
3307,1,0.98999999999999999,0.19,0,0,1000,0,0.10000000000000001
3308,1,0.98999999999999999,0.20000000000000001,0,0,1000,0,0.10000000000000001
3309,1,1,0,0,0,1000,0,0.10000000000000001
3310,1,1,0.01,0,0,1000,0,0.10000000000000001
3311,1,1,0.02,0,0,1000,0,0.10000000000000001
3312,1,1,0.17999999999999999,0,0,1000,0,0.10000000000000001
3313,1,1,0.19,0,0,1000,0,0.10000000000000001
3314,1,1,0.20000000000000001,0,0,1000,0,0.10000000000000001
3315,1,1.01,0,0,0,1000,0,0.10000000000000001
3316,1,1.01,0.01,0,0,1000,0,0.10000000000000001
3317,1,1.01,0.02,0,0,1000,0,0.10000000000000001
3318,1,1.01,0.17999999999999999,0,0,1000,0,0.10000000000000001
3319,1,1.01,0.19,0,0,1000,0,0.10000000000000001
3320,1,1.01,0.20000000000000001,0,0,1000,0,0.10000000000000001
3321,1,1.02,0,0,0,1000,0,0.10000000000000001
3322,1,1.02,0.01,0,0,1000,0,0.10000000000000001
3323,1,1.02,0.02,0,0,1000,0,0.10000000000000001
3324,1,1.02,0.17999999999999999,0,0,1000,0,0.10000000000000001
3325,1,1.02,0.19,0,0,1000,0,0.10000000000000001
3326,1,1.02,0.20000000000000001,0,0,1000,0,0.10000000000000001
3327,1,1.03,0,0,0,1000,0,0.10000000000000001
3328,1,1.03,0.01,0,0,1000,0,0.10000000000000001
3329,1,1.03,0.02,0,0,1000,0,0.10000000000000001
3330,1,1.03,0.17999999999999999,0,0,1000,0,0.10000000000000001
3331,1,1.03,0.19,0,0,1000,0,0.10000000000000001
3332,1,1.03,0.20000000000000001,0,0,1000,0,0.10000000000000001
3333,1,1.04,0,0,0,1000,0,0.10000000000000001
3334,1,1.04,0.01,0,0,1000,0,0.10000000000000001
3335,1,1.04,0.02,0,0,1000,0,0.10000000000000001
3336,1,1.04,0.17999999999999999,0,0,1000,0,0.10000000000000001
3337,1,1.04,0.19,0,0,1000,0,0.10000000000000001
3338,1,1.04,0.20000000000000001,0,0,1000,0,0.10000000000000001
3339,1,1.05,0,0,0,1000,0,0.10000000000000001
3340,1,1.05,0.01,0,0,1000,0,0.10000000000000001
3341,1,1.05,0.02,0,0,1000,0,0.10000000000000001
3342,1,1.05,0.17999999999999999,0,0,1000,0,0.10000000000000001
3343,1,1.05,0.19,0,0,1000,0,0.10000000000000001
3344,1,1.05,0.20000000000000001,0,0,1000,0,0.10000000000000001
3345,1,1.0600000000000001,0,0,0,1000,0,0.10000000000000001
3346,1,1.0600000000000001,0.01,0,0,1000,0,0.10000000000000001
3347,1,1.0600000000000001,0.02,0,0,1000,0,0.10000000000000001
3348,1,1.0600000000000001,0.17999999999999999,0,0,1000,0,0.10000000000000001
3349,1,1.0600000000000001,0.19,0,0,1000,0,0.10000000000000001
3350,1,1.0600000000000001,0.20000000000000001,0,0,1000,0,0.10000000000000001
3351,1,1.0700000000000001,0,0,0,1000,0,0.10000000000000001
3352,1,1.0700000000000001,0.01,0,0,1000,0,0.10000000000000001
3353,1,1.0700000000000001,0.02,0,0,1000,0,0.10000000000000001
3354,1,1.0700000000000001,0.17999999999999999,0,0,1000,0,0.10000000000000001
3355,1,1.0700000000000001,0.19,0,0,1000,0,0.10000000000000001
3356,1,1.0700000000000001,0.20000000000000001,0,0,1000,0,0.10000000000000001
3357,1,1.0800000000000001,0,0,0,1000,0,0.10000000000000001
3358,1,1.0800000000000001,0.01,0,0,1000,0,0.10000000000000001
3359,1,1.0800000000000001,0.02,0,0,1000,0,0.10000000000000001
3360,1,1.0800000000000001,0.17999999999999999,0,0,1000,0,0.10000000000000001
3361,1,1.0800000000000001,0.19,0,0,1000,0,0.10000000000000001
3362,1,1.0800000000000001,0.20000000000000001,0,0,1000,0,0.10000000000000001
3363,1,1.0900000000000001,0,0,0,1000,0,0.10000000000000001
3364,1,1.0900000000000001,0.01,0,0,1000,0,0.10000000000000001
3365,1,1.0900000000000001,0.02,0,0,1000,0,0.10000000000000001
3366,1,1.0900000000000001,0.17999999999999999,0,0,1000,0,0.10000000000000001
3367,1,1.0900000000000001,0.19,0,0,1000,0,0.10000000000000001
3368,1,1.0900000000000001,0.20000000000000001,0,0,1000,0,0.10000000000000001
3369,1,1.1000000000000001,0,0,0,1000,0,0.10000000000000001
3370,1,1.1000000000000001,0.01,0,0,1000,0,0.10000000000000001
3371,1,1.1000000000000001,0.02,0,0,1000,0,0.10000000000000001
3372,1,1.1000000000000001,0.17999999999999999,0,0,1000,0,0.10000000000000001
3373,1,1.1000000000000001,0.19,0,0,1000,0,0.10000000000000001
3374,1,1.1000000000000001,0.20000000000000001,0,0,1000,0,0.10000000000000001
3375,1,1.1100000000000001,0,0,0,1000,0,0.10000000000000001
3376,1,1.1100000000000001,0.01,0,0,1000,0,0.10000000000000001
3377,1,1.1100000000000001,0.02,0,0,1000,0,0.10000000000000001
3378,1,1.1100000000000001,0.17999999999999999,0,0,1000,0,0.10000000000000001
3379,1,1.1100000000000001,0.19,0,0,1000,0,0.10000000000000001
3380,1,1.1100000000000001,0.20000000000000001,0,0,1000,0,0.10000000000000001
3381,1,1.1200000000000001,0,0,0,1000,0,0.10000000000000001
3382,1,1.1200000000000001,0.01,0,0,1000,0,0.10000000000000001
3383,1,1.1200000000000001,0.02,0,0,1000,0,0.10000000000000001
3384,1,1.1200000000000001,0.17999999999999999,0,0,1000,0,0.10000000000000001
3385,1,1.1200000000000001,0.19,0,0,1000,0,0.10000000000000001
3386,1,1.1200000000000001,0.20000000000000001,0,0,1000,0,0.10000000000000001
3387,1,1.1300000000000001,0,0,0,1000,0,0.10000000000000001
3388,1,1.1300000000000001,0.01,0,0,1000,0,0.10000000000000001
3389,1,1.1300000000000001,0.02,0,0,1000,0,0.10000000000000001
3390,1,1.1300000000000001,0.17999999999999999,0,0,1000,0,0.10000000000000001
3391,1,1.1300000000000001,0.19,0,0,1000,0,0.10000000000000001
3392,1,1.1300000000000001,0.20000000000000001,0,0,1000,0,0.10000000000000001
3393,1,1.1400000000000001,0,0,0,1000,0,0.10000000000000001
3394,1,1.1400000000000001,0.01,0,0,1000,0,0.10000000000000001
3395,1,1.1400000000000001,0.02,0,0,1000,0,0.10000000000000001
3396,1,1.1400000000000001,0.17999999999999999,0,0,1000,0,0.10000000000000001
3397,1,1.1400000000000001,0.19,0,0,1000,0,0.10000000000000001
3398,1,1.1400000000000001,0.20000000000000001,0,0,1000,0,0.10000000000000001
3399,1,1.1500000000000001,0,0,0,1000,0,0.10000000000000001
3400,1,1.1500000000000001,0.01,0,0,1000,0,0.10000000000000001
3401,1,1.1500000000000001,0.02,0,0,1000,0,0.10000000000000001
3402,1,1.1500000000000001,0.17999999999999999,0,0,1000,0,0.10000000000000001
3403,1,1.1500000000000001,0.19,0,0,1000,0,0.10000000000000001
3404,1,1.1500000000000001,0.20000000000000001,0,0,1000,0,0.10000000000000001
3405,1,1.1599999999999999,0,0,0,1000,0,0.10000000000000001
3406,1,1.1599999999999999,0.01,0,0,1000,0,0.10000000000000001
3407,1,1.1599999999999999,0.02,0,0,1000,0,0.10000000000000001
3408,1,1.1599999999999999,0.17999999999999999,0,0,1000,0,0.10000000000000001
3409,1,1.1599999999999999,0.19,0,0,1000,0,0.10000000000000001
3410,1,1.1599999999999999,0.20000000000000001,0,0,1000,0,0.10000000000000001
3411,1,1.1699999999999999,0,0,0,1000,0,0.10000000000000001
3412,1,1.1699999999999999,0.01,0,0,1000,0,0.10000000000000001
3413,1,1.1699999999999999,0.02,0,0,1000,0,0.10000000000000001
3414,1,1.1699999999999999,0.17999999999999999,0,0,1000,0,0.10000000000000001
3415,1,1.1699999999999999,0.19,0,0,1000,0,0.10000000000000001
3416,1,1.1699999999999999,0.20000000000000001,0,0,1000,0,0.10000000000000001
3417,1,1.1799999999999999,0,0,0,1000,0,0.10000000000000001
3418,1,1.1799999999999999,0.01,0,0,1000,0,0.10000000000000001
3419,1,1.1799999999999999,0.02,0,0,1000,0,0.10000000000000001
3420,1,1.1799999999999999,0.17999999999999999,0,0,1000,0,0.10000000000000001
3421,1,1.1799999999999999,0.19,0,0,1000,0,0.10000000000000001
3422,1,1.1799999999999999,0.20000000000000001,0,0,1000,0,0.10000000000000001
3423,1,1.1899999999999999,0,0,0,1000,0,0.10000000000000001
3424,1,1.1899999999999999,0.01,0,0,1000,0,0.10000000000000001
3425,1,1.1899999999999999,0.02,0,0,1000,0,0.10000000000000001
3426,1,1.1899999999999999,0.17999999999999999,0,0,1000,0,0.10000000000000001
3427,1,1.1899999999999999,0.19,0,0,1000,0,0.10000000000000001
3428,1,1.1899999999999999,0.20000000000000001,0,0,1000,0,0.10000000000000001
3429,1,1.2,0,0,0,1000,0,0.10000000000000001
3430,1,1.2,0.01,0,0,1000,0,0.10000000000000001
3431,1,1.2,0.02,0,0,1000,0,0.10000000000000001
3432,1,1.2,0.17999999999999999,0,0,1000,0,0.10000000000000001
3433,1,1.2,0.19,0,0,1000,0,0.10000000000000001
3434,1,1.2,0.20000000000000001,0,0,1000,0,0.10000000000000001
3435,1,1.21,0,0,0,1000,0,0.10000000000000001
3436,1,1.21,0.01,0,0,1000,0,0.10000000000000001
3437,1,1.21,0.02,0,0,1000,0,0.10000000000000001
3438,1,1.21,0.17999999999999999,0,0,1000,0,0.10000000000000001
3439,1,1.21,0.19,0,0,1000,0,0.10000000000000001
3440,1,1.21,0.20000000000000001,0,0,1000,0,0.10000000000000001
3441,1,1.22,0,0,0,1000,0,0.10000000000000001
3442,1,1.22,0.01,0,0,1000,0,0.10000000000000001
3443,1,1.22,0.02,0,0,1000,0,0.10000000000000001
3444,1,1.22,0.17999999999999999,0,0,1000,0,0.10000000000000001
3445,1,1.22,0.19,0,0,1000,0,0.10000000000000001
3446,1,1.22,0.20000000000000001,0,0,1000,0,0.10000000000000001
3447,1,1.23,0,0,0,1000,0,0.10000000000000001
3448,1,1.23,0.01,0,0,1000,0,0.10000000000000001
3449,1,1.23,0.02,0,0,1000,0,0.10000000000000001
3450,1,1.23,0.17999999999999999,0,0,1000,0,0.10000000000000001
3451,1,1.23,0.19,0,0,1000,0,0.10000000000000001
3452,1,1.23,0.20000000000000001,0,0,1000,0,0.10000000000000001
3453,1,1.24,0,0,0,1000,0,0.10000000000000001
3454,1,1.24,0.01,0,0,1000,0,0.10000000000000001
3455,1,1.24,0.02,0,0,1000,0,0.10000000000000001
3456,1,1.24,0.17999999999999999,0,0,1000,0,0.10000000000000001
3457,1,1.24,0.19,0,0,1000,0,0.10000000000000001
3458,1,1.24,0.20000000000000001,0,0,1000,0,0.10000000000000001
3459,1,1.25,0,0,0,1000,0,0.10000000000000001
3460,1,1.25,0.01,0,0,1000,0,0.10000000000000001
3461,1,1.25,0.02,0,0,1000,0,0.10000000000000001
3462,1,1.25,0.17999999999999999,0,0,1000,0,0.10000000000000001
3463,1,1.25,0.19,0,0,1000,0,0.10000000000000001
3464,1,1.25,0.20000000000000001,0,0,1000,0,0.10000000000000001
3465,1,1.26,0,0,0,1000,0,0.10000000000000001
3466,1,1.26,0.01,0,0,1000,0,0.10000000000000001
3467,1,1.26,0.02,0,0,1000,0,0.10000000000000001
3468,1,1.26,0.17999999999999999,0,0,1000,0,0.10000000000000001
3469,1,1.26,0.19,0,0,1000,0,0.10000000000000001
3470,1,1.26,0.20000000000000001,0,0,1000,0,0.10000000000000001
3471,1,1.27,0,0,0,1000,0,0.10000000000000001
3472,1,1.27,0.01,0,0,1000,0,0.10000000000000001
3473,1,1.27,0.02,0,0,1000,0,0.10000000000000001
3474,1,1.27,0.17999999999999999,0,0,1000,0,0.10000000000000001
3475,1,1.27,0.19,0,0,1000,0,0.10000000000000001
3476,1,1.27,0.20000000000000001,0,0,1000,0,0.10000000000000001
3477,1,1.28,0,0,0,1000,0,0.10000000000000001
3478,1,1.28,0.01,0,0,1000,0,0.10000000000000001
3479,1,1.28,0.02,0,0,1000,0,0.10000000000000001
3480,1,1.28,0.17999999999999999,0,0,1000,0,0.10000000000000001
3481,1,1.28,0.19,0,0,1000,0,0.10000000000000001
3482,1,1.28,0.20000000000000001,0,0,1000,0,0.10000000000000001
3483,1,1.29,0,0,0,1000,0,0.10000000000000001
3484,1,1.29,0.01,0,0,1000,0,0.10000000000000001
3485,1,1.29,0.02,0,0,1000,0,0.10000000000000001
3486,1,1.29,0.17999999999999999,0,0,1000,0,0.10000000000000001
3487,1,1.29,0.19,0,0,1000,0,0.10000000000000001
3488,1,1.29,0.20000000000000001,0,0,1000,0,0.10000000000000001
3489,1,1.3,0,0,0,1000,0,0.10000000000000001
3490,1,1.3,0.01,0,0,1000,0,0.10000000000000001
3491,1,1.3,0.02,0,0,1000,0,0.10000000000000001
3492,1,1.3,0.17999999999999999,0,0,1000,0,0.10000000000000001
3493,1,1.3,0.19,0,0,1000,0,0.10000000000000001
3494,1,1.3,0.20000000000000001,0,0,1000,0,0.10000000000000001
3495,1,1.3100000000000001,0,0,0,1000,0,0.10000000000000001
3496,1,1.3100000000000001,0.01,0,0,1000,0,0.10000000000000001
3497,1,1.3100000000000001,0.02,0,0,1000,0,0.10000000000000001
3498,1,1.3100000000000001,0.17999999999999999,0,0,1000,0,0.10000000000000001
3499,1,1.3100000000000001,0.19,0,0,1000,0,0.10000000000000001
3500,1,1.3100000000000001,0.20000000000000001,0,0,1000,0,0.10000000000000001
3501,1,1.3200000000000001,0,0,0,1000,0,0.10000000000000001
3502,1,1.3200000000000001,0.01,0,0,1000,0,0.10000000000000001
3503,1,1.3200000000000001,0.02,0,0,1000,0,0.10000000000000001
3504,1,1.3200000000000001,0.17999999999999999,0,0,1000,0,0.10000000000000001
3505,1,1.3200000000000001,0.19,0,0,1000,0,0.10000000000000001
3506,1,1.3200000000000001,0.20000000000000001,0,0,1000,0,0.10000000000000001
3507,1,1.3300000000000001,0,0,0,1000,0,0.10000000000000001
3508,1,1.3300000000000001,0.01,0,0,1000,0,0.10000000000000001
3509,1,1.3300000000000001,0.02,0,0,1000,0,0.10000000000000001
3510,1,1.3300000000000001,0.17999999999999999,0,0,1000,0,0.10000000000000001
3511,1,1.3300000000000001,0.19,0,0,1000,0,0.10000000000000001
3512,1,1.3300000000000001,0.20000000000000001,0,0,1000,0,0.10000000000000001
3513,1,1.3400000000000001,0,0,0,1000,0,0.10000000000000001
3514,1,1.3400000000000001,0.01,0,0,1000,0,0.10000000000000001
3515,1,1.3400000000000001,0.02,0,0,1000,0,0.10000000000000001
3516,1,1.3400000000000001,0.17999999999999999,0,0,1000,0,0.10000000000000001
3517,1,1.3400000000000001,0.19,0,0,1000,0,0.10000000000000001
3518,1,1.3400000000000001,0.20000000000000001,0,0,1000,0,0.10000000000000001
3519,1,1.3500000000000001,0,0,0,1000,0,0.10000000000000001
3520,1,1.3500000000000001,0.01,0,0,1000,0,0.10000000000000001
3521,1,1.3500000000000001,0.02,0,0,1000,0,0.10000000000000001
3522,1,1.3500000000000001,0.17999999999999999,0,0,1000,0,0.10000000000000001
3523,1,1.3500000000000001,0.19,0,0,1000,0,0.10000000000000001
3524,1,1.3500000000000001,0.20000000000000001,0,0,1000,0,0.10000000000000001
3525,1,1.3600000000000001,0,0,0,1000,0,0.10000000000000001
3526,1,1.3600000000000001,0.01,0,0,1000,0,0.10000000000000001
3527,1,1.3600000000000001,0.02,0,0,1000,0,0.10000000000000001
3528,1,1.3600000000000001,0.17999999999999999,0,0,1000,0,0.10000000000000001
3529,1,1.3600000000000001,0.19,0,0,1000,0,0.10000000000000001
3530,1,1.3600000000000001,0.20000000000000001,0,0,1000,0,0.10000000000000001
3531,1,1.3700000000000001,0,0,0,1000,0,0.10000000000000001
3532,1,1.3700000000000001,0.01,0,0,1000,0,0.10000000000000001
3533,1,1.3700000000000001,0.02,0,0,1000,0,0.10000000000000001
3534,1,1.3700000000000001,0.17999999999999999,0,0,1000,0,0.10000000000000001
3535,1,1.3700000000000001,0.19,0,0,1000,0,0.10000000000000001
3536,1,1.3700000000000001,0.20000000000000001,0,0,1000,0,0.10000000000000001
3537,1,1.3800000000000001,0,0,0,1000,0,0.10000000000000001
3538,1,1.3800000000000001,0.01,0,0,1000,0,0.10000000000000001
3539,1,1.3800000000000001,0.02,0,0,1000,0,0.10000000000000001
3540,1,1.3800000000000001,0.17999999999999999,0,0,1000,0,0.10000000000000001
3541,1,1.3800000000000001,0.19,0,0,1000,0,0.10000000000000001
3542,1,1.3800000000000001,0.20000000000000001,0,0,1000,0,0.10000000000000001
3543,1,1.3900000000000001,0,0,0,1000,0,0.10000000000000001
3544,1,1.3900000000000001,0.01,0,0,1000,0,0.10000000000000001
3545,1,1.3900000000000001,0.02,0,0,1000,0,0.10000000000000001
3546,1,1.3900000000000001,0.17999999999999999,0,0,1000,0,0.10000000000000001
3547,1,1.3900000000000001,0.19,0,0,1000,0,0.10000000000000001
3548,1,1.3900000000000001,0.20000000000000001,0,0,1000,0,0.10000000000000001
3549,1,1.4000000000000001,0,0,0,1000,0,0.10000000000000001
3550,1,1.4000000000000001,0.01,0,0,1000,0,0.10000000000000001
3551,1,1.4000000000000001,0.02,0,0,1000,0,0.10000000000000001
3552,1,1.4000000000000001,0.17999999999999999,0,0,1000,0,0.10000000000000001
3553,1,1.4000000000000001,0.19,0,0,1000,0,0.10000000000000001
3554,1,1.4000000000000001,0.20000000000000001,0,0,1000,0,0.10000000000000001
3555,1,1.4099999999999999,0,0,0,1000,0,0.10000000000000001
3556,1,1.4099999999999999,0.01,0,0,1000,0,0.10000000000000001
3557,1,1.4099999999999999,0.02,0,0,1000,0,0.10000000000000001
3558,1,1.4099999999999999,0.17999999999999999,0,0,1000,0,0.10000000000000001
3559,1,1.4099999999999999,0.19,0,0,1000,0,0.10000000000000001
3560,1,1.4099999999999999,0.20000000000000001,0,0,1000,0,0.10000000000000001
3561,1,1.4199999999999999,0,0,0,1000,0,0.10000000000000001
3562,1,1.4199999999999999,0.01,0,0,1000,0,0.10000000000000001
3563,1,1.4199999999999999,0.02,0,0,1000,0,0.10000000000000001
3564,1,1.4199999999999999,0.17999999999999999,0,0,1000,0,0.10000000000000001
3565,1,1.4199999999999999,0.19,0,0,1000,0,0.10000000000000001
3566,1,1.4199999999999999,0.20000000000000001,0,0,1000,0,0.10000000000000001
3567,1,1.4299999999999999,0,0,0,1000,0,0.10000000000000001
3568,1,1.4299999999999999,0.01,0,0,1000,0,0.10000000000000001
3569,1,1.4299999999999999,0.02,0,0,1000,0,0.10000000000000001
3570,1,1.4299999999999999,0.17999999999999999,0,0,1000,0,0.10000000000000001
3571,1,1.4299999999999999,0.19,0,0,1000,0,0.10000000000000001
3572,1,1.4299999999999999,0.20000000000000001,0,0,1000,0,0.10000000000000001
3573,1,1.4399999999999999,0,0,0,1000,0,0.10000000000000001
3574,1,1.4399999999999999,0.01,0,0,1000,0,0.10000000000000001
3575,1,1.4399999999999999,0.02,0,0,1000,0,0.10000000000000001
3576,1,1.4399999999999999,0.17999999999999999,0,0,1000,0,0.10000000000000001
3577,1,1.4399999999999999,0.19,0,0,1000,0,0.10000000000000001
3578,1,1.4399999999999999,0.20000000000000001,0,0,1000,0,0.10000000000000001
3579,1,1.45,0,0,0,1000,0,0.10000000000000001
3580,1,1.45,0.01,0,0,1000,0,0.10000000000000001
3581,1,1.45,0.02,0,0,1000,0,0.10000000000000001
3582,1,1.45,0.17999999999999999,0,0,1000,0,0.10000000000000001
3583,1,1.45,0.19,0,0,1000,0,0.10000000000000001
3584,1,1.45,0.20000000000000001,0,0,1000,0,0.10000000000000001
3585,1,1.46,0,0,0,1000,0,0.10000000000000001
3586,1,1.46,0.01,0,0,1000,0,0.10000000000000001
3587,1,1.46,0.02,0,0,1000,0,0.10000000000000001
3588,1,1.46,0.17999999999999999,0,0,1000,0,0.10000000000000001
3589,1,1.46,0.19,0,0,1000,0,0.10000000000000001
3590,1,1.46,0.20000000000000001,0,0,1000,0,0.10000000000000001
3591,1,1.47,0,0,0,1000,0,0.10000000000000001
3592,1,1.47,0.01,0,0,1000,0,0.10000000000000001
3593,1,1.47,0.02,0,0,1000,0,0.10000000000000001
3594,1,1.47,0.17999999999999999,0,0,1000,0,0.10000000000000001
3595,1,1.47,0.19,0,0,1000,0,0.10000000000000001
3596,1,1.47,0.20000000000000001,0,0,1000,0,0.10000000000000001
3597,1,1.48,0,0,0,1000,0,0.10000000000000001
3598,1,1.48,0.01,0,0,1000,0,0.10000000000000001
3599,1,1.48,0.02,0,0,1000,0,0.10000000000000001
3600,1,1.48,0.17999999999999999,0,0,1000,0,0.10000000000000001
3601,1,1.48,0.19,0,0,1000,0,0.10000000000000001
3602,1,1.48,0.20000000000000001,0,0,1000,0,0.10000000000000001
3603,1,1.49,0,0,0,1000,0,0.10000000000000001
3604,1,1.49,0.01,0,0,1000,0,0.10000000000000001
3605,1,1.49,0.02,0,0,1000,0,0.10000000000000001
3606,1,1.49,0.17999999999999999,0,0,1000,0,0.10000000000000001
3607,1,1.49,0.19,0,0,1000,0,0.10000000000000001
3608,1,1.49,0.20000000000000001,0,0,1000,0,0.10000000000000001
3609,1,1.5,0,0,0,1000,0,0.10000000000000001
3610,1,1.5,0.01,0,0,1000,0,0.10000000000000001
3611,1,1.5,0.02,0,0,1000,0,0.10000000000000001
3612,1,1.5,0.17999999999999999,0,0,1000,0,0.10000000000000001
3613,1,1.5,0.19,0,0,1000,0,0.10000000000000001
3614,1,1.5,0.20000000000000001,0,0,1000,0,0.10000000000000001
3615,1,1.51,0,0,0,1000,0,0.10000000000000001
3616,1,1.51,0.01,0,0,1000,0,0.10000000000000001
3617,1,1.51,0.02,0,0,1000,0,0.10000000000000001
3618,1,1.51,0.17999999999999999,0,0,1000,0,0.10000000000000001
3619,1,1.51,0.19,0,0,1000,0,0.10000000000000001
3620,1,1.51,0.20000000000000001,0,0,1000,0,0.10000000000000001
3621,1,1.52,0,0,0,1000,0,0.10000000000000001
3622,1,1.52,0.01,0,0,1000,0,0.10000000000000001
3623,1,1.52,0.02,0,0,1000,0,0.10000000000000001
3624,1,1.52,0.17999999999999999,0,0,1000,0,0.10000000000000001
3625,1,1.52,0.19,0,0,1000,0,0.10000000000000001
3626,1,1.52,0.20000000000000001,0,0,1000,0,0.10000000000000001
3627,1,1.53,0,0,0,1000,0,0.10000000000000001
3628,1,1.53,0.01,0,0,1000,0,0.10000000000000001
3629,1,1.53,0.02,0,0,1000,0,0.10000000000000001
3630,1,1.53,0.17999999999999999,0,0,1000,0,0.10000000000000001
3631,1,1.53,0.19,0,0,1000,0,0.10000000000000001
3632,1,1.53,0.20000000000000001,0,0,1000,0,0.10000000000000001
3633,1,1.54,0,0,0,1000,0,0.10000000000000001
3634,1,1.54,0.01,0,0,1000,0,0.10000000000000001
3635,1,1.54,0.02,0,0,1000,0,0.10000000000000001
3636,1,1.54,0.17999999999999999,0,0,1000,0,0.10000000000000001
3637,1,1.54,0.19,0,0,1000,0,0.10000000000000001
3638,1,1.54,0.20000000000000001,0,0,1000,0,0.10000000000000001
3639,1,1.55,0,0,0,1000,0,0.10000000000000001
3640,1,1.55,0.01,0,0,1000,0,0.10000000000000001
3641,1,1.55,0.02,0,0,1000,0,0.10000000000000001
3642,1,1.55,0.17999999999999999,0,0,1000,0,0.10000000000000001
3643,1,1.55,0.19,0,0,1000,0,0.10000000000000001
3644,1,1.55,0.20000000000000001,0,0,1000,0,0.10000000000000001
3645,1,1.5600000000000001,0,0,0,1000,0,0.10000000000000001
3646,1,1.5600000000000001,0.01,0,0,1000,0,0.10000000000000001
3647,1,1.5600000000000001,0.02,0,0,1000,0,0.10000000000000001
3648,1,1.5600000000000001,0.17999999999999999,0,0,1000,0,0.10000000000000001
3649,1,1.5600000000000001,0.19,0,0,1000,0,0.10000000000000001
3650,1,1.5600000000000001,0.20000000000000001,0,0,1000,0,0.10000000000000001
3651,1,1.5700000000000001,0,0,0,1000,0,0.10000000000000001
3652,1,1.5700000000000001,0.01,0,0,1000,0,0.10000000000000001
3653,1,1.5700000000000001,0.02,0,0,1000,0,0.10000000000000001
3654,1,1.5700000000000001,0.17999999999999999,0,0,1000,0,0.10000000000000001
3655,1,1.5700000000000001,0.19,0,0,1000,0,0.10000000000000001
3656,1,1.5700000000000001,0.20000000000000001,0,0,1000,0,0.10000000000000001
3657,1,1.5800000000000001,0,0,0,1000,0,0.10000000000000001
3658,1,1.5800000000000001,0.01,0,0,1000,0,0.10000000000000001
3659,1,1.5800000000000001,0.02,0,0,1000,0,0.10000000000000001
3660,1,1.5800000000000001,0.17999999999999999,0,0,1000,0,0.10000000000000001
3661,1,1.5800000000000001,0.19,0,0,1000,0,0.10000000000000001
3662,1,1.5800000000000001,0.20000000000000001,0,0,1000,0,0.10000000000000001
3663,1,1.5900000000000001,0,0,0,1000,0,0.10000000000000001
3664,1,1.5900000000000001,0.01,0,0,1000,0,0.10000000000000001
3665,1,1.5900000000000001,0.02,0,0,1000,0,0.10000000000000001
3666,1,1.5900000000000001,0.17999999999999999,0,0,1000,0,0.10000000000000001
3667,1,1.5900000000000001,0.19,0,0,1000,0,0.10000000000000001
3668,1,1.5900000000000001,0.20000000000000001,0,0,1000,0,0.10000000000000001
3669,1,1.6000000000000001,0,0,0,1000,0,0.10000000000000001
3670,1,1.6000000000000001,0.01,0,0,1000,0,0.10000000000000001
3671,1,1.6000000000000001,0.02,0,0,1000,0,0.10000000000000001
3672,1,1.6000000000000001,0.17999999999999999,0,0,1000,0,0.10000000000000001
3673,1,1.6000000000000001,0.19,0,0,1000,0,0.10000000000000001
3674,1,1.6000000000000001,0.20000000000000001,0,0,1000,0,0.10000000000000001
3675,1,1.6100000000000001,0,0,0,1000,0,0.10000000000000001
3676,1,1.6100000000000001,0.01,0,0,1000,0,0.10000000000000001
3677,1,1.6100000000000001,0.02,0,0,1000,0,0.10000000000000001
3678,1,1.6100000000000001,0.17999999999999999,0,0,1000,0,0.10000000000000001
3679,1,1.6100000000000001,0.19,0,0,1000,0,0.10000000000000001
3680,1,1.6100000000000001,0.20000000000000001,0,0,1000,0,0.10000000000000001
3681,1,1.6200000000000001,0,0,0,1000,0,0.10000000000000001
3682,1,1.6200000000000001,0.01,0,0,1000,0,0.10000000000000001
3683,1,1.6200000000000001,0.02,0,0,1000,0,0.10000000000000001
3684,1,1.6200000000000001,0.17999999999999999,0,0,1000,0,0.10000000000000001
3685,1,1.6200000000000001,0.19,0,0,1000,0,0.10000000000000001
3686,1,1.6200000000000001,0.20000000000000001,0,0,1000,0,0.10000000000000001
3687,1,1.6300000000000001,0,0,0,1000,0,0.10000000000000001
3688,1,1.6300000000000001,0.01,0,0,1000,0,0.10000000000000001
3689,1,1.6300000000000001,0.02,0,0,1000,0,0.10000000000000001
3690,1,1.6300000000000001,0.17999999999999999,0,0,1000,0,0.10000000000000001
3691,1,1.6300000000000001,0.19,0,0,1000,0,0.10000000000000001
3692,1,1.6300000000000001,0.20000000000000001,0,0,1000,0,0.10000000000000001
3693,1,1.6400000000000001,0,0,0,1000,0,0.10000000000000001
3694,1,1.6400000000000001,0.01,0,0,1000,0,0.10000000000000001
3695,1,1.6400000000000001,0.02,0,0,1000,0,0.10000000000000001
3696,1,1.6400000000000001,0.17999999999999999,0,0,1000,0,0.10000000000000001
3697,1,1.6400000000000001,0.19,0,0,1000,0,0.10000000000000001
3698,1,1.6400000000000001,0.20000000000000001,0,0,1000,0,0.10000000000000001
3699,1,1.6500000000000001,0,0,0,1000,0,0.10000000000000001
3700,1,1.6500000000000001,0.01,0,0,1000,0,0.10000000000000001
3701,1,1.6500000000000001,0.02,0,0,1000,0,0.10000000000000001
3702,1,1.6500000000000001,0.17999999999999999,0,0,1000,0,0.10000000000000001
3703,1,1.6500000000000001,0.19,0,0,1000,0,0.10000000000000001
3704,1,1.6500000000000001,0.20000000000000001,0,0,1000,0,0.10000000000000001
3705,1,1.6600000000000001,0,0,0,1000,0,0.10000000000000001
3706,1,1.6600000000000001,0.01,0,0,1000,0,0.10000000000000001
3707,1,1.6600000000000001,0.02,0,0,1000,0,0.10000000000000001
3708,1,1.6600000000000001,0.17999999999999999,0,0,1000,0,0.10000000000000001
3709,1,1.6600000000000001,0.19,0,0,1000,0,0.10000000000000001
3710,1,1.6600000000000001,0.20000000000000001,0,0,1000,0,0.10000000000000001
3711,1,1.6699999999999999,0,0,0,1000,0,0.10000000000000001
3712,1,1.6699999999999999,0.01,0,0,1000,0,0.10000000000000001
3713,1,1.6699999999999999,0.02,0,0,1000,0,0.10000000000000001
3714,1,1.6699999999999999,0.17999999999999999,0,0,1000,0,0.10000000000000001
3715,1,1.6699999999999999,0.19,0,0,1000,0,0.10000000000000001
3716,1,1.6699999999999999,0.20000000000000001,0,0,1000,0,0.10000000000000001
3717,1,1.6799999999999999,0,0,0,1000,0,0.10000000000000001
3718,1,1.6799999999999999,0.01,0,0,1000,0,0.10000000000000001
3719,1,1.6799999999999999,0.02,0,0,1000,0,0.10000000000000001
3720,1,1.6799999999999999,0.17999999999999999,0,0,1000,0,0.10000000000000001
3721,1,1.6799999999999999,0.19,0,0,1000,0,0.10000000000000001
3722,1,1.6799999999999999,0.20000000000000001,0,0,1000,0,0.10000000000000001
3723,1,1.6899999999999999,0,0,0,1000,0,0.10000000000000001
3724,1,1.6899999999999999,0.01,0,0,1000,0,0.10000000000000001
3725,1,1.6899999999999999,0.02,0,0,1000,0,0.10000000000000001
3726,1,1.6899999999999999,0.17999999999999999,0,0,1000,0,0.10000000000000001
3727,1,1.6899999999999999,0.19,0,0,1000,0,0.10000000000000001
3728,1,1.6899999999999999,0.20000000000000001,0,0,1000,0,0.10000000000000001
3729,1,1.7,0,0,0,1000,0,0.10000000000000001
3730,1,1.7,0.01,0,0,1000,0,0.10000000000000001
3731,1,1.7,0.02,0,0,1000,0,0.10000000000000001
3732,1,1.7,0.17999999999999999,0,0,1000,0,0.10000000000000001
3733,1,1.7,0.19,0,0,1000,0,0.10000000000000001
3734,1,1.7,0.20000000000000001,0,0,1000,0,0.10000000000000001
3735,1,1.71,0,0,0,1000,0,0.10000000000000001
3736,1,1.71,0.01,0,0,1000,0,0.10000000000000001
3737,1,1.71,0.02,0,0,1000,0,0.10000000000000001
3738,1,1.71,0.17999999999999999,0,0,1000,0,0.10000000000000001
3739,1,1.71,0.19,0,0,1000,0,0.10000000000000001
3740,1,1.71,0.20000000000000001,0,0,1000,0,0.10000000000000001
3741,1,1.72,0,0,0,1000,0,0.10000000000000001
3742,1,1.72,0.01,0,0,1000,0,0.10000000000000001
3743,1,1.72,0.02,0,0,1000,0,0.10000000000000001
3744,1,1.72,0.17999999999999999,0,0,1000,0,0.10000000000000001
3745,1,1.72,0.19,0,0,1000,0,0.10000000000000001
3746,1,1.72,0.20000000000000001,0,0,1000,0,0.10000000000000001
3747,1,1.73,0,0,0,1000,0,0.10000000000000001
3748,1,1.73,0.01,0,0,1000,0,0.10000000000000001
3749,1,1.73,0.02,0,0,1000,0,0.10000000000000001
3750,1,1.73,0.17999999999999999,0,0,1000,0,0.10000000000000001
3751,1,1.73,0.19,0,0,1000,0,0.10000000000000001
3752,1,1.73,0.20000000000000001,0,0,1000,0,0.10000000000000001
3753,1,1.74,0,0,0,1000,0,0.10000000000000001
3754,1,1.74,0.01,0,0,1000,0,0.10000000000000001
3755,1,1.74,0.02,0,0,1000,0,0.10000000000000001
3756,1,1.74,0.17999999999999999,0,0,1000,0,0.10000000000000001
3757,1,1.74,0.19,0,0,1000,0,0.10000000000000001
3758,1,1.74,0.20000000000000001,0,0,1000,0,0.10000000000000001
3759,1,1.75,0,0,0,1000,0,0.10000000000000001
3760,1,1.75,0.01,0,0,1000,0,0.10000000000000001
3761,1,1.75,0.02,0,0,1000,0,0.10000000000000001
3762,1,1.75,0.17999999999999999,0,0,1000,0,0.10000000000000001
3763,1,1.75,0.19,0,0,1000,0,0.10000000000000001
3764,1,1.75,0.20000000000000001,0,0,1000,0,0.10000000000000001
3765,1,1.76,0,0,0,1000,0,0.10000000000000001
3766,1,1.76,0.01,0,0,1000,0,0.10000000000000001
3767,1,1.76,0.02,0,0,1000,0,0.10000000000000001
3768,1,1.76,0.17999999999999999,0,0,1000,0,0.10000000000000001
3769,1,1.76,0.19,0,0,1000,0,0.10000000000000001
3770,1,1.76,0.20000000000000001,0,0,1000,0,0.10000000000000001
3771,1,1.77,0,0,0,1000,0,0.10000000000000001
3772,1,1.77,0.01,0,0,1000,0,0.10000000000000001
3773,1,1.77,0.02,0,0,1000,0,0.10000000000000001
3774,1,1.77,0.17999999999999999,0,0,1000,0,0.10000000000000001
3775,1,1.77,0.19,0,0,1000,0,0.10000000000000001
3776,1,1.77,0.20000000000000001,0,0,1000,0,0.10000000000000001
3777,1,1.78,0,0,0,1000,0,0.10000000000000001
3778,1,1.78,0.01,0,0,1000,0,0.10000000000000001
3779,1,1.78,0.02,0,0,1000,0,0.10000000000000001
3780,1,1.78,0.17999999999999999,0,0,1000,0,0.10000000000000001
3781,1,1.78,0.19,0,0,1000,0,0.10000000000000001
3782,1,1.78,0.20000000000000001,0,0,1000,0,0.10000000000000001
3783,1,1.79,0,0,0,1000,0,0.10000000000000001
3784,1,1.79,0.01,0,0,1000,0,0.10000000000000001
3785,1,1.79,0.02,0,0,1000,0,0.10000000000000001
3786,1,1.79,0.17999999999999999,0,0,1000,0,0.10000000000000001
3787,1,1.79,0.19,0,0,1000,0,0.10000000000000001
3788,1,1.79,0.20000000000000001,0,0,1000,0,0.10000000000000001
3789,1,1.8,0,0,0,1000,0,0.10000000000000001
3790,1,1.8,0.01,0,0,1000,0,0.10000000000000001
3791,1,1.8,0.02,0,0,1000,0,0.10000000000000001
3792,1,1.8,0.17999999999999999,0,0,1000,0,0.10000000000000001
3793,1,1.8,0.19,0,0,1000,0,0.10000000000000001
3794,1,1.8,0.20000000000000001,0,0,1000,0,0.10000000000000001
3795,1,1.8100000000000001,0,0,0,1000,0,0.10000000000000001
3796,1,1.8100000000000001,0.01,0,0,1000,0,0.10000000000000001
3797,1,1.8100000000000001,0.02,0,0,1000,0,0.10000000000000001
3798,1,1.8100000000000001,0.17999999999999999,0,0,1000,0,0.10000000000000001
3799,1,1.8100000000000001,0.19,0,0,1000,0,0.10000000000000001
3800,1,1.8100000000000001,0.20000000000000001,0,0,1000,0,0.10000000000000001
3801,1,1.8200000000000001,0,0,0,1000,0,0.10000000000000001
3802,1,1.8200000000000001,0.01,0,0,1000,0,0.10000000000000001
3803,1,1.8200000000000001,0.02,0,0,1000,0,0.10000000000000001
3804,1,1.8200000000000001,0.17999999999999999,0,0,1000,0,0.10000000000000001
3805,1,1.8200000000000001,0.19,0,0,1000,0,0.10000000000000001
3806,1,1.8200000000000001,0.20000000000000001,0,0,1000,0,0.10000000000000001
3807,1,1.8300000000000001,0,0,0,1000,0,0.10000000000000001
3808,1,1.8300000000000001,0.01,0,0,1000,0,0.10000000000000001
3809,1,1.8300000000000001,0.02,0,0,1000,0,0.10000000000000001
3810,1,1.8300000000000001,0.17999999999999999,0,0,1000,0,0.10000000000000001
3811,1,1.8300000000000001,0.19,0,0,1000,0,0.10000000000000001
3812,1,1.8300000000000001,0.20000000000000001,0,0,1000,0,0.10000000000000001
3813,1,1.8400000000000001,0,0,0,1000,0,0.10000000000000001
3814,1,1.8400000000000001,0.01,0,0,1000,0,0.10000000000000001
3815,1,1.8400000000000001,0.02,0,0,1000,0,0.10000000000000001
3816,1,1.8400000000000001,0.17999999999999999,0,0,1000,0,0.10000000000000001
3817,1,1.8400000000000001,0.19,0,0,1000,0,0.10000000000000001
3818,1,1.8400000000000001,0.20000000000000001,0,0,1000,0,0.10000000000000001
3819,1,1.8500000000000001,0,0,0,1000,0,0.10000000000000001
3820,1,1.8500000000000001,0.01,0,0,1000,0,0.10000000000000001
3821,1,1.8500000000000001,0.02,0,0,1000,0,0.10000000000000001
3822,1,1.8500000000000001,0.17999999999999999,0,0,1000,0,0.10000000000000001
3823,1,1.8500000000000001,0.19,0,0,1000,0,0.10000000000000001
3824,1,1.8500000000000001,0.20000000000000001,0,0,1000,0,0.10000000000000001
3825,1,1.8600000000000001,0,0,0,1000,0,0.10000000000000001
3826,1,1.8600000000000001,0.01,0,0,1000,0,0.10000000000000001
3827,1,1.8600000000000001,0.02,0,0,1000,0,0.10000000000000001
3828,1,1.8600000000000001,0.17999999999999999,0,0,1000,0,0.10000000000000001
3829,1,1.8600000000000001,0.19,0,0,1000,0,0.10000000000000001
3830,1,1.8600000000000001,0.20000000000000001,0,0,1000,0,0.10000000000000001
3831,1,1.8700000000000001,0,0,0,1000,0,0.10000000000000001
3832,1,1.8700000000000001,0.01,0,0,1000,0,0.10000000000000001
3833,1,1.8700000000000001,0.02,0,0,1000,0,0.10000000000000001
3834,1,1.8700000000000001,0.17999999999999999,0,0,1000,0,0.10000000000000001
3835,1,1.8700000000000001,0.19,0,0,1000,0,0.10000000000000001
3836,1,1.8700000000000001,0.20000000000000001,0,0,1000,0,0.10000000000000001
3837,1,1.8800000000000001,0,0,0,1000,0,0.10000000000000001
3838,1,1.8800000000000001,0.01,0,0,1000,0,0.10000000000000001
3839,1,1.8800000000000001,0.02,0,0,1000,0,0.10000000000000001
3840,1,1.8800000000000001,0.17999999999999999,0,0,1000,0,0.10000000000000001
3841,1,1.8800000000000001,0.19,0,0,1000,0,0.10000000000000001
3842,1,1.8800000000000001,0.20000000000000001,0,0,1000,0,0.10000000000000001
3843,1,1.8900000000000001,0,0,0,1000,0,0.10000000000000001
3844,1,1.8900000000000001,0.01,0,0,1000,0,0.10000000000000001
3845,1,1.8900000000000001,0.02,0,0,1000,0,0.10000000000000001
3846,1,1.8900000000000001,0.17999999999999999,0,0,1000,0,0.10000000000000001
3847,1,1.8900000000000001,0.19,0,0,1000,0,0.10000000000000001
3848,1,1.8900000000000001,0.20000000000000001,0,0,1000,0,0.10000000000000001
3849,1,1.9000000000000001,0,0,0,1000,0,0.10000000000000001
3850,1,1.9000000000000001,0.01,0,0,1000,0,0.10000000000000001
3851,1,1.9000000000000001,0.02,0,0,1000,0,0.10000000000000001
3852,1,1.9000000000000001,0.17999999999999999,0,0,1000,0,0.10000000000000001
3853,1,1.9000000000000001,0.19,0,0,1000,0,0.10000000000000001
3854,1,1.9000000000000001,0.20000000000000001,0,0,1000,0,0.10000000000000001
3855,1,1.9100000000000001,0,0,0,1000,0,0.10000000000000001
3856,1,1.9100000000000001,0.01,0,0,1000,0,0.10000000000000001
3857,1,1.9100000000000001,0.02,0,0,1000,0,0.10000000000000001
3858,1,1.9100000000000001,0.17999999999999999,0,0,1000,0,0.10000000000000001
3859,1,1.9100000000000001,0.19,0,0,1000,0,0.10000000000000001
3860,1,1.9100000000000001,0.20000000000000001,0,0,1000,0,0.10000000000000001
3861,1,1.9199999999999999,0,0,0,1000,0,0.10000000000000001
3862,1,1.9199999999999999,0.01,0,0,1000,0,0.10000000000000001
3863,1,1.9199999999999999,0.02,0,0,1000,0,0.10000000000000001
3864,1,1.9199999999999999,0.17999999999999999,0,0,1000,0,0.10000000000000001
3865,1,1.9199999999999999,0.19,0,0,1000,0,0.10000000000000001
3866,1,1.9199999999999999,0.20000000000000001,0,0,1000,0,0.10000000000000001
3867,1,1.9299999999999999,0,0,0,1000,0,0.10000000000000001
3868,1,1.9299999999999999,0.01,0,0,1000,0,0.10000000000000001
3869,1,1.9299999999999999,0.02,0,0,1000,0,0.10000000000000001
3870,1,1.9299999999999999,0.17999999999999999,0,0,1000,0,0.10000000000000001
3871,1,1.9299999999999999,0.19,0,0,1000,0,0.10000000000000001
3872,1,1.9299999999999999,0.20000000000000001,0,0,1000,0,0.10000000000000001
3873,1,1.9399999999999999,0,0,0,1000,0,0.10000000000000001
3874,1,1.9399999999999999,0.01,0,0,1000,0,0.10000000000000001
3875,1,1.9399999999999999,0.02,0,0,1000,0,0.10000000000000001
3876,1,1.9399999999999999,0.17999999999999999,0,0,1000,0,0.10000000000000001
3877,1,1.9399999999999999,0.19,0,0,1000,0,0.10000000000000001
3878,1,1.9399999999999999,0.20000000000000001,0,0,1000,0,0.10000000000000001
3879,1,1.95,0,0,0,1000,0,0.10000000000000001
3880,1,1.95,0.01,0,0,1000,0,0.10000000000000001
3881,1,1.95,0.02,0,0,1000,0,0.10000000000000001
3882,1,1.95,0.17999999999999999,0,0,1000,0,0.10000000000000001
3883,1,1.95,0.19,0,0,1000,0,0.10000000000000001
3884,1,1.95,0.20000000000000001,0,0,1000,0,0.10000000000000001
3885,1,1.96,0,0,0,1000,0,0.10000000000000001
3886,1,1.96,0.01,0,0,1000,0,0.10000000000000001
3887,1,1.96,0.02,0,0,1000,0,0.10000000000000001
3888,1,1.96,0.17999999999999999,0,0,1000,0,0.10000000000000001
3889,1,1.96,0.19,0,0,1000,0,0.10000000000000001
3890,1,1.96,0.20000000000000001,0,0,1000,0,0.10000000000000001
3891,1,1.97,0,0,0,1000,0,0.10000000000000001
3892,1,1.97,0.01,0,0,1000,0,0.10000000000000001
3893,1,1.97,0.02,0,0,1000,0,0.10000000000000001
3894,1,1.97,0.17999999999999999,0,0,1000,0,0.10000000000000001
3895,1,1.97,0.19,0,0,1000,0,0.10000000000000001
3896,1,1.97,0.20000000000000001,0,0,1000,0,0.10000000000000001
3897,1,1.98,0,0,0,1000,0,0.10000000000000001
3898,1,1.98,0.01,0,0,1000,0,0.10000000000000001
3899,1,1.98,0.02,0,0,1000,0,0.10000000000000001
3900,1,1.98,0.17999999999999999,0,0,1000,0,0.10000000000000001
3901,1,1.98,0.19,0,0,1000,0,0.10000000000000001
3902,1,1.98,0.20000000000000001,0,0,1000,0,0.10000000000000001
3903,1,1.99,0,0,0,1000,0,0.10000000000000001
3904,1,1.99,0.01,0,0,1000,0,0.10000000000000001
3905,1,1.99,0.19,0,0,1000,0,0.10000000000000001
3906,1,1.99,0.20000000000000001,0,0,1000,0,0.10000000000000001
3907,1,2,0,0,0,1000,0,0.10000000000000001
3908,1,2,0.20000000000000001,0,0,1000,0,0.10000000000000001
