id,is_boundary,x,y,vx,vy,rho,p,m
0,0,0.11372569525264133,0.046232201473236194,0.10385307785612784,-0.0034747834525677376,1000.0923614156338,46.180707816915856,0.10000000000000001
1,0,0.10951903329915362,0.0042055240092844157,-0.023154555745462792,-0.23782580846772372,1027.8326425841813,13916.32129209063,0.10000000000000001
2,0,0.10958763436188768,0.044150091669427266,0.1021872423925511,-0.005669486683410563,1000.0763268876734,38.163443836708666,0.10000000000000001
3,0,0.14017036634598276,0.040043803278736217,0.10247272350362274,-4.7008452899756185e-05,999.99637266349635,-1.8136682518274938,0.10000000000000001
4,0,0.13881574039019656,0.040739936729135909,0.10286536198125608,0.046687023567272529,1001.5745135508221,787.25677541103778,0.10000000000000001
5,0,0.15910489457036625,0.031481801506291179,0.098443177329801457,0.00096441886847633911,1000.1798042101888,89.902105094381568,0.10000000000000001
6,0,0.16620249853626731,0.038224021398492139,0.10096117948828989,0.0069526540270791175,1000.4642115198668,232.10575993340399,0.10000000000000001
7,0,0.17692984912522722,0.029557799020705502,0.095888945386754007,0.029590119909542374,1000.4117666126136,205.88330630681639,0.10000000000000001
8,0,0.18642532894087704,0.035984489863150573,0.10282866698861397,0.011395503006230389,1000.6120718621038,306.03593105189475,0.10000000000000001
9,0,0.19677792270700367,0.027241288201090823,0.094266415710048956,-0.0097806229189582906,1000.6020362778636,301.01813893179497,0.10000000000000001
10,0,0.2064436308313502,0.03334138502914586,0.097724557901064324,0.0033212178349812469,1000.7545577097795,377.27885488976654,0.10000000000000001
11,0,0.21667123771336633,0.027885443857712477,0.097282786556927819,0.010609405823363153,1000.7829092549282,391.45462746409976,0.10000000000000001
12,0,0.22661417680665005,0.032360936065530414,0.10223051842152596,-0.0037714521593731863,1000.7641595814033,382.07979070165266,0.10000000000000001
13,0,0.2366599877234738,0.027706626921615192,0.10096145594279217,0.0079658342698471132,1000.8177697698361,408.88488491805219,0.10000000000000001
14,0,0.2465947775153399,0.031958060997504853,0.10386928912152123,-0.0024660077773952589,1000.7350688048571,367.5344024285323,0.10000000000000001
15,0,0.25655900345657234,0.028028945213964318,0.10079252662246388,-0.0037060536815932488,1000.7949027605557,397.45138027785742,0.10000000000000001
16,0,0.26650840044085528,0.031463459200020305,0.10236120804745542,0.0048448873880484866,1000.6996008362657,349.80041813287244,0.10000000000000001
17,0,0.27649525058795382,0.028846582046272998,0.097871528461622267,-0.014361337418576158,1000.5975445063216,298.77225316079148,0.10000000000000001
18,0,0.28645649821239216,0.030644820328756268,0.095605061440177927,0.0079475504663848867,1000.6849031329498,342.45156647489239,0.10000000000000001
19,0,0.29647089449099973,0.029820972248400489,0.093626064164284234,-0.012904061394173079,1000.4610317410686,230.51587053430467,0.10000000000000001
20,0,0.30645738623241792,0.029916579203306658,0.089141064203333217,-0.00012255323639591133,1000.6162922790159,308.14613950792591,0.10000000000000001
21,0,0.31643782550527788,0.030247108409332684,0.087428810747576496,-0.0010602467387818854,1000.5597685002651,279.88425013256801,0.10000000000000001
22,0,0.32646392430490095,0.029807744703369596,0.085137388089553692,-0.0070252907855535528,1000.5696486083474,284.82430417369642,0.10000000000000001
23,0,0.33642572083084893,0.030096636423791012,0.081868242322415852,0.0016138183177978657,1000.7077592575278,353.87962876387746,0.10000000000000001
24,0,0.34646275035558116,0.03010724829657626,0.080933063149814161,-0.0040904936837535101,1000.7454783665365,372.73918326826561,0.10000000000000001
25,0,0.35643585124759658,0.02974177256343951,0.078192521920803185,-0.0019127518237602667,1000.900081540809,450.04077040448465,0.10000000000000001
26,0,0.36645924655521611,0.030389525833217426,0.077745939092514746,0.0025503611563129397,1001.0480706415052,524.03532075260273,0.10000000000000001
27,0,0.37645642088539882,0.0295428231958926,0.075139945678018474,-0.0083596491177739592,1001.1856821581073,592.84107905364181,0.10000000000000001
28,0,0.38644634240106357,0.030438666347790092,0.074097400176713207,0.0081550527530875518,1001.4758544963828,737.92724819139721,0.10000000000000001
29,0,0.3964720190598835,0.029594278816044498,0.072845670652671876,-0.011493442287217902,1001.5426521684055,771.32608420276938,0.10000000000000001
30,0,0.40644764903849556,0.030295147422394236,0.070525807782695696,0.0080337115898337502,1001.9393956984567,969.69784922833924,0.10000000000000001
31,0,0.41647387282009707,0.029785570032765493,0.06982548113251319,-0.0091195688297954977,1002.0219697968192,1010.9848984096175,0.10000000000000001
32,0,0.42645434471092414,0.030089104131997512,0.068204186378227019,0.004534929152372873,1002.3598237385063,1179.9118692531465,0.10000000000000001
33,0,0.43647245385933098,0.029964083959146237,0.067628761634349374,-0.0046569852741990356,1002.486547096615,1243.2735483075135,0.10000000000000001
34,0,0.44645564469781024,0.029946762583610044,0.06654645956398407,0.0013300815192661068,1002.7297525207506,1364.8762603752971,0.10000000000000001
35,0,0.456462748325836,0.030046104332216189,0.066835930276529606,-1.0564199472783583e-05,1002.8488435636693,1424.4217818346669,0.10000000000000001
36,0,0.46645434407743985,0.029904203571278622,0.06655635194549854,-0.00036551740384066283,1002.981822644687,1490.9113223434929,0.10000000000000001
37,0,0.47644822289721234,0.030046050187076113,0.067350301552544636,0.0029081128857021961,1003.0817948159425,1540.8974079712721,0.10000000000000001
38,0,0.48644634657910091,0.029924310083643459,0.068156772147291808,0.00023271994247861725,1003.1264595282969,1563.2297641484456,0.10000000000000001
39,0,0.49643463114561248,0.030010283242205765,0.069399716757771207,0.0037354254736427063,1003.1907470540229,1595.3735270114748,0.10000000000000001
40,0,0.50643217618393777,0.029962567089640724,0.071101825246329076,0.0017273908479367272,1003.1897812059649,1594.8906029824457,0.10000000000000001
41,0,0.51642096920415792,0.029976435478477011,0.072806368073994737,0.0033624855754395217,1003.2163362057418,1608.1681028708772,0.10000000000000001
42,0,0.52641496584997782,0.029987159688842344,0.074856779892778599,0.0027652191469013663,1003.2121974802919,1606.098740145967,0.10000000000000001
43,0,0.53640553287852399,0.029963392955316186,0.076862485839668093,0.0029900168822711445,1003.2153786534162,1607.6893267081118,0.10000000000000001
44,0,0.54639657304152434,0.029990115088592825,0.078955882939210076,0.0033040298431751777,1003.2154739460142,1607.7369730070927,0.10000000000000001
45,0,0.55638785975448557,0.029968018797770328,0.080901281755498225,0.0030345726526887782,1003.2087207817317,1604.3603908658497,0.10000000000000001
46,0,0.56637732595607937,0.029982408781056555,0.082843825837158519,0.0034040993817892012,1003.2003171054766,1600.1585527383213,0.10000000000000001
47,0,0.57636851570605907,0.029978061970087972,0.084427652828674746,0.0025800718093110897,1003.1846106293955,1592.3053146977395,0.10000000000000001
48,0,0.58635711024380888,0.029975634959574997,0.085669544368746492,0.0026911031751313767,1003.1723597457491,1586.1798728745384,0.10000000000000001
49,0,0.59634699514863587,0.029982689888898708,0.086682782475963213,0.0021215622525637941,1003.1456479230073,1572.8239615036728,0.10000000000000001
50,0,0.6063360883407064,0.02997599890435837,0.087186952351991615,0.0014757045031804084,1003.1185074767152,1559.2537383575973,0.10000000000000001
51,0,0.61632469102907472,0.029981905550612815,0.087253105780727105,0.000942331208633081,1003.0923342890285,1546.1671445142429,0.10000000000000001
52,0,0.626313896790194,0.029978381445459727,0.086814184667463795,0.00019463561065304817,1003.0649032650957,1532.4516325478612,0.10000000000000001
53,0,0.63630209948041216,0.029980136012904553,0.085857149416239537,-0.0004031763968930958,1003.0435844428399,1521.7922214199575,0.10000000000000001
54,0,0.6462910160941695,0.029980507299077728,0.084188245024591726,-0.0014650405924362861,1003.0340590999208,1517.0295499603981,0.10000000000000001
55,0,0.65627880295003294,0.029978870926379686,0.081840869199229199,-0.002184933054015997,1003.041397592708,1520.6987963539973,0.10000000000000001
56,0,0.66626641354725713,0.029980936034686628,0.078927848398083381,-0.0032129332810145409,1003.059398725735,1529.6993628675182,0.10000000000000001
57,0,0.67625356598200981,0.029978534351300143,0.075363191573270899,-0.0042126107543695489,1003.095309187886,1547.6545939429798,0.10000000000000001
58,0,0.68623972425711866,0.029979394101690638,0.071441676117169742,-0.0049081209577421514,1003.1415212521478,1570.7606260738771,0.10000000000000001
59,0,0.69622576973626726,0.029978001993905819,0.06739120796377461,-0.0056064699990773974,1003.1880415467862,1594.0207733930833,0.10000000000000001
60,0,0.70621102024946469,0.029977583297509543,0.063448879899332719,-0.0058194246504877367,1003.2297835558645,1614.8917779322574,0.10000000000000001
61,0,0.71619624032958629,0.029977230287335128,0.059918767234270351,-0.0056726237366097948,1003.2532657796701,1626.6328898350366,0.10000000000000001
62,0,0.72618151228900274,0.029976527539766828,0.056951981630178047,-0.0050467380846195087,1003.2537259875214,1626.8629937607102,0.10000000000000001
63,0,0.73616689250885814,0.029977475277272712,0.054667542253892504,-0.0039869148481726157,1003.2274304148466,1613.7152074232972,0.10000000000000001
64,0,0.74615279900807208,0.029977337419876706,0.053141850374844958,-0.0026094778656941564,1003.1732965954434,1586.6482977216947,0.10000000000000001
65,0,0.75613939022324639,0.029978692135652376,0.05235612342606568,-0.0011006409623937048,1003.0974261477597,1548.7130738798669,0.10000000000000001
66,0,0.76612677315839217,0.029979623675311557,0.052218220475019686,0.0003089236846147121,1003.0105188312309,1505.2594156154555,0.10000000000000001
67,0,0.77611495191994107,0.029980377339093471,0.052684957083886805,0.0015402793533135647,1002.9221799090396,1461.0899545198208,0.10000000000000001
68,0,0.78610400536144043,0.029981637300735841,0.053672245675982833,0.0023820811058785298,1002.8409719778712,1420.4859889355816,0.10000000000000001
69,0,0.7960936541216681,0.029982004982405611,0.055027510524281682,0.0028770120094912068,1002.7764875486506,1388.2437743253035,0.10000000000000001
70,0,0.80608375455833114,0.029982455609353514,0.056658869120566217,0.0031176726830950269,1002.7307399636721,1365.3699818360678,0.10000000000000001
71,0,0.81607431254115292,0.02998262274355994,0.058429634932775996,0.0030786076515506382,1002.7019869617041,1350.9934808520256,0.10000000000000001
72,0,0.82606518130802498,0.02998234792023435,0.060106693231435061,0.0028425234735715353,1002.6913282706761,1345.6641353380405,0.10000000000000001
73,0,0.83605621798292429,0.029982125062694993,0.061529515544972879,0.002463085536984406,1002.6968301415043,1348.4150707521394,0.10000000000000001
74,0,0.84604738952908898,0.029981611953097422,0.062611824423734919,0.0018716672772706364,1002.7141323770878,1357.0661885439108,0.10000000000000001
75,0,0.85603864125552742,0.029980981491054732,0.063290815438574066,0.0010929838537862852,1002.7411679527607,1370.5839763803738,0.10000000000000001
76,0,0.86602986665660808,0.029980343461260568,0.063626322422209211,0.00021319772379446353,1002.7746569169448,1387.328458472382,0.10000000000000001
77,0,0.87602104755252264,0.029979540038406947,0.063739025982065101,-0.00069937727433960696,1002.8114709754294,1405.7354877147077,0.10000000000000001
78,0,0.8860122464774105,0.029978611379372553,0.06373967159026607,-0.0014676115644245604,1002.850804454286,1425.4022271430244,0.10000000000000001
79,0,0.8960036615165804,0.029977533804628129,0.063783142658686467,-0.0019030815063699475,1002.8905649390615,1445.2824695307527,0.10000000000000001
80,0,0.90599558497233479,0.029976357363375408,0.063980741352885284,-0.0019242067458625513,1002.9297631186259,1464.8815593129711,0.10000000000000001
81,0,0.91598820315374418,0.029975214564877423,0.064331120662332639,-0.0015214683414158023,1002.9706104411855,1485.3052205927497,0.10000000000000001
82,0,0.92598153328881661,0.02997415534982123,0.064782178917835331,-0.00079518786239089864,1003.0153160804588,1507.6580402293871,0.10000000000000001
83,0,0.93597547045981055,0.029973265884917499,0.065253536686487576,6.6685711851178551e-05,1003.0654119861222,1532.7059930610858,0.10000000000000001
84,0,0.94596982109371963,0.029972476962900764,0.065657957495117936,0.00087666645128178951,1003.1212069031046,1560.6034515523106,0.10000000000000001
85,0,0.955964411547782,0.029971669076092024,0.065930930798473383,0.0014726049366187411,1003.1805091904523,1590.2545952261562,0.10000000000000001
86,0,0.9659591798156355,0.029970811614751538,0.066039282497938195,0.0017965930589034804,1003.239779594732,1619.8897973659996,0.10000000000000001
87,0,0.97595419285691587,0.029969799342120459,0.066017074322846828,0.0019053559242026893,1003.2948010918008,1647.400545900382,0.10000000000000001
88,0,0.98594965253411104,0.029968717313293061,0.065952360986564804,0.0018992925065784603,1003.3404825266991,1670.2412633495669,0.10000000000000001
89,0,0.99594577714853116,0.02996773974961283,0.065929918543211341,0.0019132993290789542,1003.3717005855766,1685.8502927883023,0.10000000000000001
90,0,1.0059426915561196,0.02996701300583959,0.066021605015986945,0.002044931882543509,1003.385337847276,1692.6689236379957,0.10000000000000001
91,0,1.0159404081033003,0.029966689172008967,0.066296488763411404,0.002306851630319272,1003.3812068844666,1690.6034422332823,0.10000000000000001
92,0,1.0259388955570585,0.029966648236605359,0.066806964557209234,0.0026384184060745815,1003.3601017169409,1680.0508584704517,0.10000000000000001
93,0,1.0359382360719871,0.029966752443596471,0.06754294408380368,0.0028768222731095769,1003.3233714680379,1661.6857340189313,0.10000000000000001
94,0,1.0459386520705736,0.029966885678295651,0.068439386843223038,0.0028449891369753035,1003.2750585255607,1637.5292627803333,0.10000000000000001
95,0,1.0559403349595244,0.029966923325381516,0.069439485225569642,0.0024407503661606406,1003.2208632869191,1610.4316434595489,0.10000000000000001
96,0,1.065943310870253,0.029966988064319602,0.070457331007863902,0.0016132822817368979,1003.1643873679653,1582.1936839826662,0.10000000000000001
97,0,1.0759474788677519,0.029967157610076924,0.071343579605906413,0.00043921398353885093,1003.107454795888,1553.7273979439874,0.10000000000000001
98,0,1.0859526322575184,0.029967504763835567,0.071969087536029652,-0.00085252082238771387,1003.0520120577355,1526.006028867755,0.10000000000000001
99,0,1.0959584937620557,0.029968156481980077,0.072258476133148355,-0.0019913651778275076,1002.9982152919783,1499.1076459891701,0.10000000000000001
100,0,1.1059648609286625,0.029968975382617627,0.072182002049121036,-0.0027267271963925125,1002.9442118214306,1472.1059107152996,0.10000000000000001
101,0,1.1159717090953944,0.0299699149541326,0.071777590236092217,-0.0028904956307959969,1002.8882123968019,1444.1061984009593,0.10000000000000001
102,0,1.1259791815327223,0.0299708111114632,0.071161249546165845,-0.0024522713886430737,1002.8291145051566,1414.5572525782768,0.10000000000000001
103,0,1.1359875675232436,0.029971544001773723,0.070559365105798633,-0.0014990071198065608,1002.7691934536955,1384.5967268477466,0.10000000000000001
104,0,1.145997075531155,0.02997214709946578,0.070248985260028221,-0.00025177888910104423,1002.7133795561055,1356.6897780527256,0.10000000000000001
105,0,1.1560076533992709,0.029972544359732397,0.070420407313142933,0.0010148765735541328,1002.6647939591031,1332.3969795515609,0.10000000000000001
106,0,1.1660191547256924,0.029972894483285481,0.071205026700791402,0.0021512949995466401,1002.6279354367894,1313.9677183946787,0.10000000000000001
107,0,1.1760312943708622,0.029973100581267693,0.072665019305258149,0.0030256658180977144,1002.608856324941,1304.428162470515,0.10000000000000001
108,0,1.1860437258222316,0.029972923685647475,0.07468831427506796,0.0035202059862250437,1002.6104358402528,1305.2179201263812,0.10000000000000001
109,0,1.196056241819919,0.029972796737224777,0.077073700043535712,0.0037033576579766272,1002.635551986221,1317.7759931105015,0.10000000000000001
110,0,1.2060684743151326,0.029972196553973453,0.079562252260820254,0.0035636614074370417,1002.6850247327914,1342.5123663956811,0.10000000000000001
111,0,1.2160801169608781,0.029971404043023998,0.081834718031592993,0.0030616688126471623,1002.7555030553965,1377.7515276982513,0.10000000000000001
112,0,1.226091027329592,0.029970657602825617,0.08366328884195523,0.0022848281418154665,1002.8445050152984,1422.2525076492047,0.10000000000000001
113,0,1.2361009412320394,0.02996927070938599,0.084906049158623154,0.0011914201485235855,1002.946147536784,1473.0737683919983,0.10000000000000001
114,0,1.2461096468822144,0.029968479775283805,0.08544691505175904,-0.00016560326464365921,1003.0492598957115,1524.6299478557717,0.10000000000000001
115,0,1.2561170341815233,0.029967522624387542,0.085242165116244772,-0.0016190237060681968,1003.1419602151227,1570.9801075613541,0.10000000000000001
116,0,1.2661232694186426,0.029966703085142266,0.084290489201571187,-0.0030488875215628859,1003.2123009173683,1606.1504586841693,0.10000000000000001
117,0,1.2761285844111097,0.029966947076401598,0.082613217129812261,-0.0041990741453044886,1003.2514187391039,1625.7093695519416,0.10000000000000001
118,0,1.2861329825496872,0.029966791496240357,0.080256504698654127,-0.0050167758649598826,1003.253836813377,1626.9184066885032,0.10000000000000001
119,0,1.2961371162563866,0.029968234189747978,0.077321262451258449,-0.0053324852748804661,1003.2226017811794,1611.3008905896891,0.10000000000000001
120,0,1.3061408110326898,0.029969011583043371,0.073942738265792771,-0.0052200656170029039,1003.1646988987495,1582.3494493747603,0.10000000000000001
121,0,1.3161441908942328,0.029970958590442947,0.070260561295750937,-0.0047972550805432078,1003.0894681585792,1544.734079289583,0.10000000000000001
122,0,1.3261479324084169,0.029972422160087005,0.066553344360292588,-0.0039510343172891654,1003.0146216004169,1507.3108002084723,0.10000000000000001
123,0,1.336151064340434,0.02997257692529633,0.062970795997464399,-0.0033525233599195911,1002.945315050519,1472.6575252594785,0.10000000000000001
124,0,1.3461547516444374,0.029976089382396008,0.059714369251282498,-0.0024008725793484261,1002.8960895728052,1448.0447864025905,0.10000000000000001
125,0,1.356157891549983,0.029973096149448909,0.057050788753020304,-0.0016561725376626607,1002.8734426434766,1436.7213217382755,0.10000000000000001
126,0,1.3661605142393243,0.029977014362033209,0.054841972187714361,-0.0012501131772895263,1002.868585269609,1434.2926348044784,0.10000000000000001
127,0,1.3761633056795017,0.029975334534177289,0.053206894042590089,-0.00040379291033407596,1002.8872639382952,1443.6319691475887,0.10000000000000001
128,0,1.3861642631370024,0.029973954851157381,0.052155031666932243,-0.00028544258509217166,1002.9176195105938,1458.8097552968975,0.10000000000000001
129,0,1.3961658542359126,0.029979770138002747,0.051587181376995181,0.00052029654961666669,1002.9606320662417,1480.3160331208574,0.10000000000000001
130,0,1.4061651143687077,0.029969179857715206,0.051446635775296297,0.0006277235222865679,1002.9968972790298,1498.4486395148906,0.10000000000000001
131,0,1.4161650285557328,0.029982473277182571,0.051694964074214277,0.0013590252754433823,1003.0341968052993,1517.0984026496512,0.10000000000000001
132,0,1.4261643381337852,0.029969399480953625,0.052516997795796112,0.0020985194615694637,1003.0734506631818,1536.7253315909011,0.10000000000000001
133,0,1.4361615400582044,0.029974525525967348,0.053535587516770781,0.0016319400441626305,1003.0907044349984,1545.3522174992145,0.10000000000000001
134,0,1.4461617191105238,0.029982939588391617,0.055045852824813765,0.0033966083929671946,1003.1270531148689,1563.526557434443,0.10000000000000001
135,0,1.4561569165319408,0.029955820766308591,0.056893365567706841,0.002199733765183026,1003.1433512262579,1571.6756131289458,0.10000000000000001
136,0,1.4661567055805229,0.029998797904340638,0.058924386894878049,0.0035596092273090358,1003.178784151593,1589.3920757965248,0.10000000000000001
137,0,1.4761513996134454,0.029946374351656719,0.061125075660884945,0.0027677926123874049,1003.2024227020272,1601.2113510136032,0.10000000000000001
138,0,1.4861478815686078,0.029992821741677854,0.063248101351065844,0.0023868197912933365,1003.2210392582208,1610.5196291103994,0.10000000000000001
139,0,1.4961463320511306,0.029971807341017467,0.065612412901713213,0.0042121908787571688,1003.2700996548119,1635.0498274059646,0.10000000000000001
140,0,1.5061353448297981,0.029945016062071096,0.06736630487381623,0.00017248735345541232,1003.2457107827289,1622.8553913644532,0.10000000000000001
141,0,1.5161403291109044,0.030036266095137421,0.069476253777545877,0.0053482820038279876,1003.2979992123544,1648.999606177199,0.10000000000000001
142,0,1.5261226433938089,0.02987468967328653,0.070646243606065723,-0.0016764411694380318,1003.2228461487656,1611.4230743827989,0.10000000000000001
143,0,1.5361291513492796,0.030095573814718057,0.071948241508299718,0.0037957738037600196,1003.2105866212569,1605.2933106284399,0.10000000000000001
144,0,1.5461156537248142,0.029850731810226482,0.072608315477429755,-0.00092859648808556584,1003.108821438699,1554.4107193495051,0.10000000000000001
145,0,1.5561102681523389,0.030070404199389313,0.072539614176372169,-0.0019469606561841144,1002.947277437206,1473.6387186030129,0.10000000000000001
146,0,1.5661182702559735,0.029956732582475835,0.072902646002443366,0.0037552789620956747,1002.863822168209,1431.9110841045131,0.10000000000000001
147,0,1.5760919624146856,0.029892428775454446,0.071540117672687517,-0.0098742821036572892,1002.5316574223721,1265.8287111860318,0.10000000000000001
148,0,1.5861246346706104,0.030214474508105472,0.071507725639165243,0.0088265968655536747,1002.4721320599485,1236.0660299742676,0.10000000000000001
149,0,1.5960803605014127,0.02959744049083439,0.068751679995936968,-0.014801982108469936,1002.0293415853095,1014.6707926547265,0.10000000000000001
150,0,1.6061284729443797,0.030492817543082133,0.069184266658962379,0.010476925153351685,1001.9955957364598,997.79786822989536,0.10000000000000001
151,0,1.6160730251106468,0.029394948201446391,0.065398163435828174,-0.012848604580170474,1001.5595401148399,779.77005741996663,0.10000000000000001
152,0,1.6261128712771746,0.03055509882850312,0.065283406039281816,0.0052580440597605662,1001.4455575065905,722.77875329524477,0.10000000000000001
153,0,1.6360912156986698,0.029540571873072838,0.063424759311234064,-0.0026527232082132258,1001.2294066797625,614.70333988125958,0.10000000000000001
154,0,1.6460824015492108,0.03023966805657767,0.061723485504893309,-0.0056084983339707616,1000.9615052765246,480.7526382622882,0.10000000000000001
155,0,1.6561247180681209,0.030067524121245959,0.061189715701378974,0.0068451968932354496,1000.9500305609386,475.01528046927888,0.10000000000000001
156,0,1.6660698153352784,0.02964035817793656,0.0581046408421396,-0.012748510045757179,1000.6463960034727,323.19800173632984,0.10000000000000001
157,0,1.6761299044676579,0.030627059548311613,0.057962090436763029,0.0068054350406728829,1000.7238327995515,361.91639977573686,0.10000000000000001
158,0,1.6860583084604144,0.029248157608261927,0.053544566151626283,-0.0094705572563444501,1000.5129944185112,256.49720925559905,0.10000000000000001
159,0,1.6960815365435449,0.030679741755598421,0.052276183054527595,-0.0032118820243815516,1000.4816954444923,240.84772224614426,0.10000000000000001
160,0,1.7060743547006345,0.029635309325418177,0.050409908408945658,0.0052307375114611955,1000.6105228147406,305.26140737032392,0.10000000000000001
161,0,1.7160180276963617,0.029906997854891374,0.04622467736062208,-0.019987736014889377,1000.3190010549959,159.50052749792576,0.10000000000000001
162,0,1.7261009932343965,0.030734563256160807,0.044893543253218759,0.013200840977556747,1000.665380115607,332.6900578035179,0.10000000000000001
163,0,1.7359588929230216,0.028634738729211802,0.040243010311891911,-0.019874955948683905,1000.4312090742472,215.6045371236246,0.10000000000000001
164,0,1.7460549193887438,0.031669810255243361,0.039364655726858884,0.0068251868572414458,1000.6567138520592,328.35692602958488,0.10000000000000001
165,0,1.755833876669886,0.027817943284491126,0.035160730509562262,-0.0071445928636684501,1000.6144576197797,307.2288098898639,0.10000000000000001
166,0,1.7659900201097152,0.032132962331006862,0.038723755627687859,-5.9239434778035927e-05,1000.6906236877325,345.31184386622726,0.10000000000000001
167,0,1.7756629936835389,0.027607069856685897,0.03495621476745471,0.0027393161454914066,1000.6691350369435,334.56751847177202,0.10000000000000001
168,0,1.7860310256500029,0.032657219534568231,0.040307074897555542,0.0021391477925249607,1000.7482903759242,374.1451879620854,0.10000000000000001
169,0,1.7955718284668889,0.027765638251154041,0.039476162489153241,0.0045299663403860282,1000.6623424714559,331.17123572793616,0.10000000000000001
170,0,1.806291187980289,0.033898174014569682,0.045442988292647299,0.010829030475729192,1000.7833203960295,391.6601980147334,0.10000000000000001
171,0,1.8154233955689258,0.027308869330301494,0.044262453911514323,-0.0060846222858647716,1000.5477819840422,273.89099202110856,0.10000000000000001
172,0,1.8265135406240431,0.036398699811428639,0.045724904564626447,0.014651685868945686,1000.7029305526999,351.46527634992708,0.10000000000000001
173,0,1.8355878116966176,0.02986867493605307,0.048307881560373162,0.027505348567494481,1000.4184071677224,209.20358386121052,0.10000000000000001
174,0,1.8468823686562692,0.03808675529857946,0.045026303876143522,0.0014521985986109672,1000.301893703141,150.94685157049526,0.10000000000000001
175,0,1.8538980967490826,0.03176913039799379,0.047883789848954271,0.0066212715893287201,1000.1838824247409,91.941212370443282,0.10000000000000001
176,0,1.8742781804615116,0.040016226356811971,0.049089137971877236,0.060154436414027665,1002.0178875217745,1008.9437608872345,0.10000000000000001
177,0,1.8733390040096793,0.040006263835201998,0.05022761918461674,-0.0094857963160854732,999.82931021885281,-85.344890573594512,0.10000000000000001
178,0,1.9038682669689417,0.044328836850967855,0.050836061020658005,-0.0024419069952047821,1000.046529017004,23.264508501995351,0.10000000000000001
179,0,1.8965785544263676,0.0037933971777804865,0.092264035068654021,-0.70595291499131974,1018.1393270487991,9069.6635243995734,0.10000000000000001
180,0,1.8997100784426255,0.04630961986590211,0.049816550312343603,-0.0012470588029840951,1000.0569777301672,28.488865083602377,0.10000000000000001
181,0,0.097840949013024925,0.048141322341386128,0.10257533917955219,-0.008780067205876008,999.9120429792971,-43.97851035145095,0.10000000000000001
182,0,0.098980126312213368,0.046362057378561354,0.1014421352116672,-0.0073096584007032433,999.90163918163319,-49.180409183406937,0.10000000000000001
183,0,0.11322236903822339,0.04589940961312608,0.10367312427789513,-0.003727808774165686,1000.0784087817403,39.204390870168027,0.10000000000000001
184,0,0.14292245965488579,0.035320985543108252,0.10447860227385078,-0.05428594130132381,998.70452613771909,-647.73693114045727,0.10000000000000001
185,0,0.14686921300751093,0.030677239196784334,0.09883250709867919,0.068197902381688671,1000.7747990512188,387.39952560939628,0.10000000000000001
186,0,0.15791172758937216,0.031308523458095774,0.097901144922573097,-0.00083903862295755627,1000.1165216711287,58.260835564340141,0.10000000000000001
187,0,0.16529256570383397,0.044624958959675151,0.10694675992369389,0.0022020053411873439,1000.2666543365075,133.32716825374291,0.10000000000000001
188,0,0.17672012940291354,0.031995109632265636,0.098537894372028964,-0.019260158189388716,1000.0588625602599,29.431280129927018,0.10000000000000001
189,0,0.18624938709962222,0.042300451721806749,0.10609619210509598,-0.003462229680660716,1000.2888558325557,144.42791627783436,0.10000000000000001
190,0,0.19692900388287346,0.035498600627730942,0.099171974848463601,-0.010179352496759574,1000.495071526782,247.53576339099936,0.10000000000000001
191,0,0.20660554587228888,0.04205205745257054,0.10485470666794793,0.0039327808015186625,1000.8579051500416,428.95257502078721,0.10000000000000001
192,0,0.21712461525700816,0.037352358425600495,0.10515070362145121,-0.01031355892168246,1000.4685658145572,234.28290727861167,0.10000000000000001
193,0,0.22679730637973602,0.041140235997538771,0.10604719511848217,0.0054696557047737493,1001.1359329658471,567.96648292356622,0.10000000000000001
194,0,0.23709276425387854,0.038834676446779272,0.10916387071126173,-0.0080490399323249959,1000.5601564222583,280.07821112913689,0.10000000000000001
195,0,0.24682022586734712,0.040238940849614165,0.10811698745396763,-0.00015620979210366102,1000.8966654628601,448.33273143007091,0.10000000000000001
196,0,0.25697574459089123,0.039752894777351423,0.10697733684584321,-0.0043147945929777531,1000.7442289244797,372.11446223983558,0.10000000000000001
197,0,0.26681745879705276,0.03984110067344232,0.10664137387579779,-0.0065005646756701278,1000.5704052945838,285.20264729189648,0.10000000000000001
198,0,0.27685808761355418,0.04016912721159796,0.10232999816483211,-0.0016933109106375419,1000.7923358814865,396.1679407432257,0.10000000000000001
199,0,0.28678686800227648,0.039866590308850008,0.098811205628097518,-0.0080990250088447367,1000.5088780277679,254.43901388393897,0.10000000000000001
200,0,0.29680920665512633,0.040153833669799743,0.096703841490659068,0.00014567222188554928,1000.7500395677413,375.01978387064128,0.10000000000000001
201,0,0.30678696031663777,0.040035807754112439,0.091315649421754283,-0.0069326365073200434,1000.49476224196,247.38112097998055,0.10000000000000001
202,0,0.31678160652457521,0.040010403563383153,0.088490125025285471,-0.00060761293654534724,1000.7485067805944,374.25339029721272,0.10000000000000001
203,0,0.3267863697787321,0.040132456784940394,0.085959832642647005,-0.0051006404115857456,1000.5810631813358,290.53159066791068,0.10000000000000001
204,0,0.33677719504757858,0.039937568350114527,0.081851796846900846,-0.00099680869999103677,1000.8082226443444,404.11132217218437,0.10000000000000001
205,0,0.34678570152475641,0.040148653642916227,0.080597178415742057,-0.0032153991835022367,1000.7690961652473,384.54808262366669,0.10000000000000001
206,0,0.35679377932889111,0.039934313301642828,0.077164549712409561,-0.00096799491023510855,1000.9793663732183,489.68318660917021,0.10000000000000001
207,0,0.36677909962731564,0.040093208698391308,0.076422995412446917,-0.0021887666547574475,1001.0296134502182,514.80672510911063,0.10000000000000001
208,0,0.37681342570470167,0.039971513249709358,0.073139806164807183,-0.0012460636863707646,1001.2795213368435,639.76066842172941,0.10000000000000001
209,0,0.38677933655794261,0.040035161053382749,0.071935374308739392,-0.0019206699211571949,1001.4101651642475,705.08258212373676,0.10000000000000001
210,0,0.39682021048321664,0.040000796901281298,0.070425587521679933,-0.001417868150997423,1001.64620209022,823.10104510997917,0.10000000000000001
211,0,0.40678594574512095,0.04000821777228835,0.067709442629913824,-0.002055843752408,1001.8570534759064,928.52673795317742,0.10000000000000001
212,0,0.41682021652420387,0.040016616126509509,0.067227833067617482,-0.0012733429253604153,1002.0958817200735,1047.9408600367606,0.10000000000000001
213,0,0.42679357256577072,0.039995474669237689,0.065585914370802106,-0.0014469149279872271,1002.2747526753071,1137.3763376535635,0.10000000000000001
214,0,0.43681241904011842,0.040015890610499177,0.065324634080425312,-0.00090976275085688247,1002.4812464275349,1240.6232137674351,0.10000000000000001
215,0,0.44680011636979405,0.039997079408395961,0.064595929223230708,-0.0001149442041186947,1002.6520120903479,1326.0060451739264,0.10000000000000001
216,0,0.45680016366817239,0.040003523951294084,0.065287143670396355,0.0002084420762977104,1002.7795762943992,1389.7881471996243,0.10000000000000001
217,0,0.4667979882439024,0.040003100384635205,0.065541047566049893,0.0013806162202848072,1002.9197265258567,1459.8632629283657,0.10000000000000001
218,0,0.47678885970918367,0.039997103102902262,0.066829806100952627,0.0015309274705600001,1002.9937714907464,1496.8857453732198,0.10000000000000001
219,0,0.48678846077870647,0.040004822179449576,0.068323153742796211,0.0023199803128825997,1003.0821772117182,1541.0886058591018,0.10000000000000001
220,0,0.49677795427900168,0.039998197144203274,0.070195371121568317,0.0023313202036928053,1003.124633445029,1562.3167225144812,0.10000000000000001
221,0,0.5067754552425674,0.04000386231636912,0.072791765573001599,0.0026410005923381643,1003.1622917755582,1581.1458877790869,0.10000000000000001
222,0,0.51676739254173487,0.040001789665173947,0.075354779977702943,0.0025635524100703195,1003.1772013264697,1588.6006632348426,0.10000000000000001
223,0,0.52676227456382541,0.04000278823567846,0.07843032024500525,0.0027205764013398612,1003.1844543024195,1592.2271512097268,0.10000000000000001
224,0,0.53675643414064256,0.040004138852885125,0.081512579255985956,0.0028711255345596916,1003.1775292084475,1588.7646042237407,0.10000000000000001
225,0,0.54675017325679154,0.040003003915450849,0.084505278540511167,0.0030118725113730629,1003.1715567597566,1585.7783798783203,0.10000000000000001
226,0,0.55674504680378556,0.040005305106505906,0.087362807905276646,0.003238154778076019,1003.1689898932482,1584.4949466240905,0.10000000000000001
227,0,0.56673827330539372,0.040004266826516248,0.089931398886313574,0.0032029500901525495,1003.1644026088326,1582.2013044162873,0.10000000000000001
228,0,0.57673297902743648,0.040006258025899868,0.09220893591693323,0.0030813987998767802,1003.1596956060224,1579.8478030112051,0.10000000000000001
229,0,0.58672656124111344,0.040006221113786954,0.09401703655799537,0.0028077113082811806,1003.1483605746403,1574.1802873201323,0.10000000000000001
230,0,0.5967204163673222,0.04000668865890545,0.095385835024751273,0.0024198620023494159,1003.1321710602214,1566.0855301106835,0.10000000000000001
231,0,0.60671470670517924,0.040007835392602248,0.096210641895771346,0.0019362596644614185,1003.1067448098428,1553.3724049213902,0.10000000000000001
232,0,0.61670852851669933,0.040007710299693675,0.096432927295358281,0.0013742758903686676,1003.0740367480404,1537.0183740201924,0.10000000000000001
233,0,0.62670324020942525,0.040008034054758071,0.095996468675869459,0.00079271284705816276,1003.0411800978108,1520.5900489053761,0.10000000000000001
234,0,0.63669740676105913,0.040008611388087881,0.094767738499529658,0.00012143008646416125,1003.0171694466712,1508.5847233356162,0.10000000000000001
235,0,0.64669209335307809,0.040008283530707116,0.092624424434681343,-0.00068531405666182326,1003.011108681647,1505.5543408234939,0.10000000000000001
236,0,0.65668618137145263,0.040008672785615186,0.089624760210211152,-0.0015024783080811186,1003.0244553658715,1512.2276829357588,0.10000000000000001
237,0,0.66667987276857466,0.040008591871808101,0.085875724002706572,-0.0024055465431971671,1003.0517222370913,1525.861118545663,0.10000000000000001
238,0,0.67667320810624165,0.040008067150624001,0.081403014960609019,-0.0032455529453584609,1003.0928508232302,1546.4254116150755,0.10000000000000001
239,0,0.68666546975508935,0.040007926439266005,0.07655238815182637,-0.003933158417493512,1003.1364227590074,1568.2113795036798,0.10000000000000001
240,0,0.69665747514070442,0.040007084751497404,0.071646034993474272,-0.0044149300786681042,1003.172915205606,1586.4576028030228,0.10000000000000001
241,0,0.70664902204504942,0.040006691542151217,0.067020312900253537,-0.004557811567430607,1003.1953050305567,1597.6525152783552,0.10000000000000001
242,0,0.71664056078963312,0.040006203325911378,0.063014812735497402,-0.0043417850421108278,1003.1967504054627,1598.3752027313471,0.10000000000000001
243,0,0.7266324320172256,0.040006135335363305,0.059758891081722589,-0.003748243799577936,1003.1790761437867,1589.5380718933438,0.10000000000000001
244,0,0.73662491253439955,0.040006789483446839,0.057341114028241727,-0.0028292872412422911,1003.1434311248339,1571.715562416955,0.10000000000000001
245,0,0.74661811613210383,0.040007577901183401,0.055782414683911867,-0.0017116307010694388,1003.0910722559805,1545.5361279902604,0.10000000000000001
246,0,0.75661220207448054,0.040009001693223772,0.05500631715524916,-0.00057647787311428632,1003.0268170459251,1513.4085229625498,0.10000000000000001
247,0,0.76660721627010808,0.040010566559833288,0.054915002188467184,0.0004322329044965541,1002.9579748834476,1478.9874417238025,0.10000000000000001
248,0,0.77660295555073022,0.040011927537400578,0.055485037830283385,0.0011976650299062354,1002.8886926936596,1444.346346829775,0.10000000000000001
249,0,0.78659958795261076,0.040013240261186557,0.056685739811780378,0.0016664732931739716,1002.8231851916264,1411.5925958132038,0.10000000000000001
250,0,0.7965970252910598,0.040014162407549361,0.05839349733231184,0.0018976311661170274,1002.7689402034496,1384.4701017247871,0.10000000000000001
251,0,0.80659503657129594,0.040014600014015911,0.060491867470880145,0.0019793035045959913,1002.7293222123266,1364.6611061632825,0.10000000000000001
252,0,0.81659347696899143,0.040014818403883462,0.062789263457399436,0.0019594981379990987,1002.7043721227914,1352.1860613956846,0.10000000000000001
253,0,0.82659211448471626,0.040014671537018251,0.064931366288614928,0.001846778368433156,1002.6982682702238,1349.1341351119104,0.10000000000000001
254,0,0.83659056753006167,0.040014311656358451,0.066663800280187618,0.0016078730735867499,1002.7123464437778,1356.1732218889233,0.10000000000000001
255,0,0.84658860357823407,0.040013842991264849,0.067890256446719907,0.0011490342138731797,1002.7411841756323,1370.5920878161351,0.10000000000000001
256,0,0.8565861374189967,0.040013075095227085,0.06858495321444158,0.00043808063238113339,1002.7801062431823,1390.0531215911656,0.10000000000000001
257,0,0.86658316079317854,0.040012235970761083,0.068915741157676194,-0.00045430480864366022,1002.8224429056057,1411.221452802863,0.10000000000000001
258,0,0.87657989392358782,0.040011274612398277,0.069120853752340491,-0.0013857064555767027,1002.8615350412239,1430.767520611937,0.10000000000000001
259,0,0.88657647912054038,0.040010038444875669,0.069380051924890648,-0.0021222344544230766,1002.8951712302877,1447.5856151438506,0.10000000000000001
260,0,0.89657296194242031,0.040008638972170954,0.069870068571940544,-0.0024351549383124851,1002.9210825913686,1460.5412956843224,0.10000000000000001
261,0,0.90656946591725163,0.040007063542375168,0.070626606119250618,-0.0022108610945276389,1002.9405421095033,1470.2710547516631,0.10000000000000001
262,0,0.91656599949585527,0.040005417834850426,0.071502995426705296,-0.0014826397793314644,1002.9608383209566,1480.4191604782773,0.10000000000000001
263,0,0.9265625036534445,0.040003841512333903,0.072328100011937901,-0.00043327147281413013,1002.988556630247,1494.2783151234948,0.10000000000000001
264,0,0.93655897344909189,0.040002293424780705,0.072956438704497639,0.00067182484753995446,1003.0270468194799,1513.5234097399461,0.10000000000000001
265,0,0.94655534177934519,0.040000789100672798,0.073302419680362857,0.0015784045899430198,1003.0761986152465,1538.0993076232699,0.10000000000000001
266,0,0.95655150526863597,0.039999313475384476,0.07337695381192065,0.002112682966009445,1003.1317743153789,1565.887157689474,0.10000000000000001
267,0,0.96654735256405067,0.03999781031082697,0.073257389710352949,0.0022465255531881907,1003.1877750609386,1593.887530469317,0.10000000000000001
268,0,0.976542747083889,0.039996284672359973,0.073086735921737672,0.0020926685336904267,1003.2382632724383,1619.1316362191515,0.10000000000000001
269,0,0.98653761829850306,0.039994734055829102,0.073032610306721632,0.0018409948500216606,1003.2774510946357,1638.725547317847,0.10000000000000001
270,0,0.99653206342153644,0.039993287166158964,0.073186953977600472,0.0016970780314692548,1003.3007478117407,1650.3739058703673,0.10000000000000001
271,0,1.0065263973523795,0.039992130169051489,0.073558508553622004,0.0018012111687226487,1003.3071871835456,1653.5935917727898,0.10000000000000001
272,0,1.0165210408698884,0.039991306910505897,0.074142558434607139,0.002177705566516551,1003.2986295996578,1649.3147998289146,0.10000000000000001
273,0,1.0265163699525588,0.039990755038270619,0.074916656961237935,0.0027290407426737158,1003.275520280084,1637.760140042019,0.10000000000000001
274,0,1.036512642263508,0.03999028360266968,0.075787705471113909,0.0032440628099517058,1003.2378604518951,1618.9302259475653,0.10000000000000001
275,0,1.0465099437039034,0.039989757877911002,0.076666886361522968,0.0034729618138695461,1003.1898397673859,1594.9198836929668,0.10000000000000001
276,0,1.0565081532292979,0.039989200762291052,0.077557767606040343,0.0032201306839722797,1003.1383796323404,1569.1898161701943,0.10000000000000001
277,0,1.0665070447868947,0.039988652406674853,0.078456377691346058,0.0023913745666373078,1003.0881971406066,1544.0985703032766,0.10000000000000001
278,0,1.0765064795044055,0.039988225171255054,0.079295975079633235,0.0010559429560356025,1003.0427083838543,1521.3541919271734,0.10000000000000001
279,0,1.0865063539869568,0.039988003461721995,0.08002424393632776,-0.00053927796750733435,1003.0054988228065,1502.749411403272,0.10000000000000001
280,0,1.0965065881465166,0.03998801280673292,0.080580455167563861,-0.002054051088211118,1002.9762146405532,1488.1073202765833,0.10000000000000001
281,0,1.1065071987105917,0.039988303896882876,0.080877660322208708,-0.0031475648679159512,1002.9502343140551,1475.1171570275687,0.10000000000000001
282,0,1.1165081695177563,0.039988736177211368,0.080857029904386021,-0.0035765233780183235,1002.9211254872289,1460.5627436144459,0.10000000000000001
283,0,1.1265095248252714,0.039989161863767497,0.080520842101474963,-0.0032711675843776931,1002.8823000504389,1441.1500252194287,0.10000000000000001
284,0,1.1365113949357977,0.03998954162921204,0.080032935855275308,-0.0023475003740076657,1002.8330989962909,1416.5494981454572,0.10000000000000001
285,0,1.1465138262176235,0.039989767822574789,0.079695046540810305,-0.001080150204857058,1002.7783023784572,1389.1511892285848,0.10000000000000001
286,0,1.1565168966046531,0.039989963911343233,0.079775920897034155,0.0002167051309547538,1002.7225107885339,1361.2553942669479,0.10000000000000001
287,0,1.1665207496186503,0.039990191443957698,0.080521873207166125,0.0013179461662103926,1002.6736729203947,1336.8364601973326,0.10000000000000001
288,0,1.1765252883346831,0.039990186913733052,0.082088774513083246,0.002077978516731862,1002.641131682764,1320.5658413820061,0.10000000000000001
289,0,1.1865302522151164,0.039990073233022186,0.084401120101314231,0.002463385805472298,1002.6310421063747,1315.5210531873536,0.10000000000000001
290,0,1.196535254906939,0.039989790043205242,0.087238426701176042,0.0025485139269326613,1002.6475992189114,1323.7996094557047,0.10000000000000001
291,0,1.2065398001566034,0.039989149885154548,0.090230415767783317,0.0023934263098254116,1002.6886276445392,1344.313822269612,0.10000000000000001
292,0,1.2165435480395796,0.039988340797638945,0.09293493128384181,0.0020389574670966965,1002.7482116571799,1374.1058285899612,0.10000000000000001
293,0,1.2265462498656368,0.039987170864929929,0.095058678094922841,0.0015010813740287479,1002.8218400202621,1410.9200101310648,0.10000000000000001
294,0,1.2365476972499758,0.039985764491999719,0.096420468169190629,0.00076268058814720255,1002.9023973844158,1451.1986922079245,0.10000000000000001
295,0,1.2465478865045263,0.039984559244160417,0.0969295861387134,-0.00017064277897693044,1002.9808852505746,1490.4426252873009,0.10000000000000001
296,0,1.2565469634307913,0.039983342350850236,0.096604025976416374,-0.0012232912190449472,1003.0503671083344,1525.1835541671994,0.10000000000000001
297,0,1.2665449230198251,0.03998250201122374,0.095465303376519109,-0.0022618719868740707,1003.1048210781878,1552.4105390938985,0.10000000000000001
298,0,1.2765419052767,0.039982536705707665,0.093529424742498049,-0.003143231064568445,1003.1390352763264,1569.5176381631768,0.10000000000000001
299,0,1.2865381174837203,0.03998287174080057,0.090814520406438795,-0.0037442713707916768,1003.1504632858672,1575.231642933602,0.10000000000000001
300,0,1.2965338423571919,0.039984163550818512,0.087380125500944109,-0.0039866977951999961,1003.139933455736,1569.9667278680067,0.10000000000000001
301,0,1.3065292445265348,0.03998602379153942,0.083340917176146348,-0.0038655633878811324,1003.1100691236471,1555.034561823561,0.10000000000000001
302,0,1.3165248016333602,0.039987854154221888,0.078831913829055453,-0.0034497567545285898,1003.0628546513176,1531.4273256587967,0.10000000000000001
303,0,1.3265207374637571,0.039990092672256311,0.074161418518544589,-0.0028134780785527302,1003.007102857516,1503.5514287579872,0.10000000000000001
304,0,1.3365166954618635,0.039991602870986964,0.069589979013290795,-0.0021131322103323841,1002.9511556766008,1475.5778383004099,0.10000000000000001
305,0,1.346513723949609,0.039993337925806664,0.065415800623670153,-0.0013839483588042091,1002.9052075093651,1452.6037546825705,0.10000000000000001
306,0,1.3565104724837316,0.039994447840558639,0.061933261490183071,-0.00071278296734856672,1002.8801713591429,1440.085679571439,0.10000000000000001
307,0,1.3665074425496939,0.039995111318253375,0.059112738813958308,-0.00021269096898352636,1002.8742034810221,1437.1017405110251,0.10000000000000001
308,0,1.3765045884898053,0.039996218554050431,0.05707158212895249,0.00024111509155923594,1002.8903326988374,1445.1663494186846,0.10000000000000001
309,0,1.386500438308589,0.039996516990755841,0.055820747121306323,0.00057074530509475003,1002.9259364213198,1462.9682106598807,0.10000000000000001
310,0,1.3964970057529866,0.03999698636756626,0.055322106192520946,0.00085795540280319356,1002.9701412905944,1485.0706452971849,0.10000000000000001
311,0,1.4064913963150647,0.039997737891923096,0.055398206879027682,0.001186145912754814,1003.0125307317724,1506.2653658861791,0.10000000000000001
312,0,1.4164865558405966,0.039997585827704234,0.056026443694171077,0.001538597120360958,1003.0455419818715,1522.7709909357259,0.10000000000000001
313,0,1.4264805686863291,0.039997584152955526,0.057245212269913102,0.0018844113764514626,1003.0679446455584,1533.9723227792206,0.10000000000000001
314,0,1.4364735851907184,0.039998760369818566,0.058837878982097212,0.002210833650406004,1003.0863259376998,1543.1629688499129,0.10000000000000001
315,0,1.4464687485377812,0.03999728711222772,0.06104818242287538,0.0024380654915630421,1003.097826224273,1548.9131121365176,0.10000000000000001
316,0,1.4564599427198366,0.039999096566194922,0.063492388513494952,0.002626302200443814,1003.1134648079275,1556.7324039637356,0.10000000000000001
317,0,1.4664551211516965,0.039997660819724265,0.066365236390627538,0.0025624138977798014,1003.1312044330581,1565.6022165290437,0.10000000000000001
318,0,1.4764463747905585,0.039998814250251633,0.069439630982107578,0.0025561423583590373,1003.1558906459696,1577.9453229848173,0.10000000000000001
319,0,1.4864388137179039,0.039998844425709161,0.072511289259126435,0.0025449646502775825,1003.1872195794539,1593.6097897269406,0.10000000000000001
320,0,1.496432517705311,0.039997081891336612,0.075856093024243551,0.0024106426752210654,1003.2019206769098,1600.9603384549109,0.10000000000000001
321,0,1.5064193223035702,0.040001261715517322,0.078388101917383282,0.0026227028636550695,1003.2176567518749,1608.8283759374349,0.10000000000000001
322,0,1.5164174891117692,0.039994072614000106,0.081230923313627051,0.0021938975549240284,1003.1943948588151,1597.1974294075721,0.10000000000000001
323,0,1.5263997073459188,0.040003190892354087,0.083066254253943053,0.0023508564472834877,1003.1745782591311,1587.2891295655336,0.10000000000000001
324,0,1.5363996968565807,0.039994199479136947,0.084599321437080391,0.0013748548176617573,1003.0933688796441,1546.6844398220587,0.10000000000000001
325,0,1.546385370656332,0.040001229863956753,0.085997191306805859,0.00119163229216016,1003.0218266280195,1510.9133140097697,0.10000000000000001
326,0,1.5563791982420201,0.040004332751161886,0.085843250896238926,5.2750723711927004e-05,1002.885695670754,1442.8478353769947,0.10000000000000001
327,0,1.5663808667741757,0.039992652094003676,0.086732515070455901,-0.00073866219098838923,1002.7266885858198,1363.3442929099147,0.10000000000000001
328,0,1.5763582241285201,0.040022167483601184,0.085419423563003652,-0.0010300809641288597,1002.5707243694504,1285.3621847252157,0.10000000000000001
329,0,1.5863849504600369,0.039984646021545785,0.085183029863481502,-0.0026300403900391704,1002.3033947107751,1151.6973553875687,0.10000000000000001
330,0,1.5963443643888118,0.040022856734419132,0.083080691971621559,-0.0015016922994995072,1002.1418730206533,1070.9365103266464,0.10000000000000001
331,0,1.606385051192353,0.039993561955372653,0.082195735074684306,-0.0032636164937535237,1001.8501246575302,925.06232876507966,0.10000000000000001
332,0,1.6163421541315492,0.039998600978849719,0.079616867803095639,-0.0018032529616798343,1001.6473602399194,823.68011995970392,0.10000000000000001
333,0,1.6263789590267241,0.040037676782441245,0.077257474499118128,-0.0021486729839447875,1001.3998209024601,699.91045123003914,0.10000000000000001
334,0,1.6363517298397188,0.039955558240310392,0.076553207828285327,-0.0017633854611908094,1001.2306879555681,615.34397778405037,0.10000000000000001
335,0,1.6463721967159577,0.040134379661755114,0.0727501760702009,-0.001324285802681488,1001.0375147596111,518.75737980554959,0.10000000000000001
336,0,1.6563739994306246,0.039887788307453251,0.07212453829460605,-0.0023254062464418291,1000.8838053245217,441.9026622608726,0.10000000000000001
337,0,1.6663665571616244,0.040209973071072609,0.068559177111647093,-0.0022630393605923256,1000.7692839893557,384.64199467784965,0.10000000000000001
338,0,1.6763814642012718,0.039849281062226023,0.06697502866283489,-0.0029149108332070608,1000.7011631184107,350.58155920535228,0.10000000000000001
339,0,1.6863643145897254,0.040180535743357136,0.063239840037166331,-0.0043371124792668725,1000.5665907423619,283.29537118094095,0.10000000000000001
340,0,1.6963617487521723,0.039934952119816507,0.059992446541073899,-0.0015670442453061839,1000.6597878654222,329.89393271111567,0.10000000000000001
341,0,1.7063652617423537,0.040061878930959229,0.057912219839332056,-0.0063570081400054646,1000.4594445918352,229.72229591761106,0.10000000000000001
342,0,1.7163335854873107,0.040142670808167212,0.052323666111232146,-0.00058706958608645081,1000.6627260675875,331.36303379376386,0.10000000000000001
343,0,1.7263703770007635,0.039855695799384437,0.049932135112375153,-0.0080326294690552056,1000.4381369444651,219.06847223254999,0.10000000000000001
344,0,1.7362830164367449,0.040146755187895587,0.046553749387981638,-0.0039076728456874333,1000.618206733539,309.10336676947736,0.10000000000000001
345,0,1.746346786697424,0.039842331519745013,0.042588282556132936,-0.0047401491585117514,1000.5660696714523,283.03483572614141,0.10000000000000001
346,0,1.7561282697696465,0.03960554885242458,0.040963473681374235,-0.0083740924044570092,1000.4546907823891,227.34539119454666,0.10000000000000001
347,0,1.7663812588037078,0.040394107141685238,0.041786334950972885,0.0037633610626542744,1000.9835444289358,491.77221446791464,0.10000000000000001
348,0,1.7759673837730574,0.038496940522078374,0.03856527166827823,-0.014745171305822214,1000.2405045581332,120.25227906661939,0.10000000000000001
349,0,1.7864643642333942,0.041397119173504297,0.044199064061198556,0.008300422493058221,1001.2081765581153,604.08827905763474,0.10000000000000001
350,0,1.795928507417623,0.03683501078666878,0.042233031076061488,-0.018822130406539541,1000.2023252456348,101.16262281741228,0.10000000000000001
351,0,1.806706159520987,0.042167957190489845,0.046058152241777194,0.0032410968784705747,1000.8180392756283,409.01963781413997,0.10000000000000001
352,0,1.8161581383353562,0.034762846016033605,0.048319519901335609,-0.020707702325662075,1000.2631833494402,131.59167472008448,0.10000000000000001
353,0,1.8271031277225804,0.042168744713236866,0.045589831865694569,-0.0069529131000477988,1000.1285409224807,64.270461240369059,0.10000000000000001
354,0,1.8362851843288537,0.031129428702814748,0.048002760973133191,-0.031379485572557653,999.96326501296369,-18.367493518155698,0.10000000000000001
355,0,1.8481891453389991,0.044576066838088166,0.047173166060915636,0.0021731487373899514,1000.3812460615233,190.62303076162834,0.10000000000000001
356,0,1.8551314098032137,0.031519008066854579,0.049578422224518449,0.0048503288344182542,1000.1106269378589,55.313468929455212,0.10000000000000001
357,0,1.865688977462346,0.030014295771902167,0.048189243789001225,0.05863594958751684,1000.6968266581861,348.41332909303446,0.10000000000000001
358,0,1.870635594195224,0.03556042536360355,0.048626886549814417,-0.069125233462571309,998.42784319943144,-786.078400284282,0.10000000000000001
359,0,1.9002225869808855,0.045992099049472504,0.049873845042012206,-0.0013669334512691506,1000.0463151735813,23.157586790659934,0.10000000000000001
360,0,1.9144655600872456,0.046534077850419617,0.052637733581181775,-0.0052934413532073248,999.90458005312939,-47.709973435303255,0.10000000000000001
361,0,1.9156414007512832,0.048313454547479984,0.052189503501755156,-0.0067730528136332006,999.92046852903093,-39.765735484536435,0.10000000000000001
362,0,0.097316803866654547,0.050090674495207682,0.1026331800631005,-0.010603194691454586,999.94669135552078,-26.654322239608064,0.10000000000000001
363,0,0.09744300361480851,0.049346317083859143,0.10275941549219542,-0.0099417552538100668,999.93173698542421,-34.131507287895602,0.10000000000000001
364,0,0.1184161128855639,0.04990161488475281,0.10390337133099602,-0.0031185902532778055,999.87480533673772,-62.597331631138786,0.10000000000000001
365,0,0.13381025515673012,0.044717198580418005,0.10467170628699074,0.0036413215586698199,999.61383719690821,-193.08140154589637,0.10000000000000001
366,0,0.13418962827914535,0.044374938806903172,0.10445925294403947,0.0037722091373499651,999.57236546425861,-213.8172678706951,0.10000000000000001
367,0,0.16305854343764439,0.051315613517903931,0.11097630801411631,0.0026391778868262851,1000.1925567266564,96.278363328224259,0.10000000000000001
368,0,0.1629858894656746,0.051666426444146429,0.11104204824150324,0.0027203518170308351,1000.1905382985113,95.269149255670982,0.10000000000000001
369,0,0.17729601013775256,0.049562804241277979,0.11098044778653229,0.0039127129282854698,1000.2452024993496,122.60124967480124,0.10000000000000001
370,0,0.1861562033218625,0.049797535866395293,0.10899497314252839,0.00051928573442466374,1000.7730054279745,386.5027139872268,0.10000000000000001
371,0,0.19713368378552582,0.049445386967110511,0.11176115045536547,-0.0023915197266870113,1000.481244796712,240.6223983559812,0.10000000000000001
372,0,0.20654592923206586,0.049733440648154922,0.11060733245764866,-0.0034310123371978623,1000.3308974510351,165.44872551753542,0.10000000000000001
373,0,0.21715127361555198,0.049832955376588106,0.11342136177707689,-0.0040366740209188609,1000.7460593203679,373.02966018393136,0.10000000000000001
374,0,0.22676994124386565,0.04990732648855737,0.1102799988726792,-0.0036734592808775122,1000.3989578853572,199.47894267858146,0.10000000000000001
375,0,0.23711907526986467,0.049995183535391792,0.11556263716158566,-0.0028535581913024638,1000.889847012324,444.92350616201293,0.10000000000000001
376,0,0.24686075672394206,0.050007405158527155,0.11266773432398799,-0.0021256513454519644,1000.5134079516737,256.70397583684235,0.10000000000000001
377,0,0.25704438862509588,0.050062185798992971,0.10986870407829481,-0.0026935862611813261,1000.9600499812952,480.02499064762105,0.10000000000000001
378,0,0.26686407201593332,0.050078561801926685,0.11147089552747358,-0.0026833806597700021,1000.5610779061773,280.5389530886373,0.10000000000000001
379,0,0.27701561894220333,0.050054915263061051,0.10506826412400809,-0.0029380599478123983,1000.7533391481172,376.66957405861012,0.10000000000000001
380,0,0.28686102782889444,0.050109539579606815,0.10263618187815821,-0.003032585063397954,1000.658703589203,329.35179460150721,0.10000000000000001
381,0,0.29699077203742619,0.050056537130056693,0.10000977653491019,-0.0031508943749927595,1000.5975515550697,298.77577753484275,0.10000000000000001
382,0,0.30688923198566909,0.05009749011727585,0.094803128889443589,-0.0029426926662296238,1000.6325316845787,316.26584228934007,0.10000000000000001
383,0,0.31697773065548907,0.050055283245940614,0.091584573784790194,-0.0029938644571889566,1000.7169958904715,358.49794523574019,0.10000000000000001
384,0,0.32691797508049775,0.050076894357511274,0.089470022445744452,-0.0026659732221912731,1000.6427828032041,321.3914016020567,0.10000000000000001
385,0,0.33698356615741965,0.050045414700050465,0.08521246598328483,-0.0022419098706683901,1000.7831611737739,391.58058688695974,0.10000000000000001
386,0,0.3469386076372778,0.050058052084820309,0.083570516212398235,-0.0018434744707107773,1000.8480202549094,424.01012745472144,0.10000000000000001
387,0,0.35700316912841562,0.050033679340711776,0.08033584442292685,-0.0016440739288870088,1000.9381779535171,469.08897675854178,0.10000000000000001
388,0,0.36695583028015361,0.05003987338716049,0.078877562319726924,-0.0011893825127485488,1001.1413161056255,570.65805281274606,0.10000000000000001
389,0,0.37701969834221799,0.050024070255236759,0.075779688822503535,-0.001440455224868373,1001.2536871333938,626.84356669689123,0.10000000000000001
390,0,0.38697437843350924,0.050025774817201087,0.074017254243430322,-0.0010340384257984615,1001.55155831183,775.77915591501778,0.10000000000000001
391,0,0.39702684800550991,0.050013024463163899,0.072507085043748837,-0.0016316920406158123,1001.6457502099956,822.87510499782002,0.10000000000000001
392,0,0.40699205620181,0.050016693449777508,0.069657849096630711,-0.0013860642252329599,1001.977491736891,988.74586844550549,0.10000000000000001
393,0,0.41702622947480705,0.050006958186432776,0.069249318668056295,-0.0016220569496965375,1002.096890826116,1048.4454130580048,0.10000000000000001
394,0,0.42700561990176605,0.050005998638591835,0.067723200885422524,-0.0011861299544799178,1002.3299085915685,1164.9542957842414,0.10000000000000001
395,0,0.43702099020051755,0.050004089079174481,0.067389821210645406,-0.00097948068992189307,1002.4850397088655,1242.5198544327714,0.10000000000000001
396,0,0.44701179271044,0.049999866529378607,0.066913077305049473,-0.00041063086536184337,1002.6572476395208,1328.6238197604234,0.10000000000000001
397,0,0.45701345732820398,0.049998953949282679,0.067497420568557315,0.00027618100104208609,1002.7843247754424,1392.1623877212141,0.10000000000000001
398,0,0.46700950672164554,0.049997662851666951,0.06757381469865309,0.00072021756122301597,1002.9231734861767,1461.5867430883327,0.10000000000000001
399,0,0.47700424072156195,0.049996411933063603,0.068794708127426732,0.0012037879027341132,1003.0240218450938,1512.0109225468923,0.10000000000000001
400,0,0.48700122684295022,0.049995644037896789,0.069980406222092395,0.0013188102370817372,1003.1163845022086,1558.1922511042876,0.10000000000000001
401,0,0.49699356573212494,0.049996049284807303,0.07191051524586356,0.0014282769635636239,1003.1829943583523,1591.4971791761445,0.10000000000000001
402,0,0.50699009260153483,0.049995245546799613,0.074379374433756612,0.0013592920807827594,1003.2261428131128,1613.0714065564007,0.10000000000000001
403,0,0.51698268186498186,0.049995550169746085,0.077205856482784038,0.0013673149281988419,1003.2483193998928,1624.1596999464036,0.10000000000000001
404,0,0.52697824815325978,0.049995874406899177,0.0804830262423024,0.0015401911600066822,1003.2513227977282,1625.6613988641107,0.10000000000000001
405,0,0.53697235996711945,0.049995562655325822,0.083787603847455233,0.0017565100275405245,1003.2372612641364,1618.6306320681751,0.10000000000000001
406,0,0.54696707052614679,0.04999644560509317,0.086959178589897795,0.0020605569453947255,1003.225646019549,1612.8230097745018,0.10000000000000001
407,0,0.55696223433192482,0.049996387076420117,0.089844212658797315,0.0022801493658097835,1003.2142362981085,1607.1181490542585,0.10000000000000001
408,0,0.56695672411998821,0.049996953464716123,0.092383660154546368,0.0024080384356665722,1003.210744507052,1605.3722535260135,0.10000000000000001
409,0,0.57695154189827758,0.049997638308694838,0.094616835465152177,0.0023450823969997899,1003.2069106840609,1603.4553420304292,0.10000000000000001
410,0,0.58694669413814327,0.049997834575580345,0.096424738688094924,0.0021371648982826084,1003.1973696760051,1598.6848380025549,0.10000000000000001
411,0,0.59694110243111898,0.049998626096012723,0.097742505203859575,0.0018405241811847032,1003.1848906389201,1592.4453194600687,0.10000000000000001
412,0,0.60693649885439538,0.049998828584767792,0.098559453792248328,0.0014647079359209067,1003.1558218127892,1577.9109063946066,0.10000000000000001
413,0,0.61693155605517491,0.049999301952129427,0.098770842488817984,0.0010518808001733664,1003.1173208520256,1558.660426012807,0.10000000000000001
414,0,0.6269272256600984,0.049999540490554092,0.098247538251937286,0.00056181234426308914,1003.074502659841,1537.2513299204797,0.10000000000000001
415,0,0.63692310879726477,0.049999599301063881,0.096850617017733218,-2.2219751558636135e-05,1003.044614492616,1522.307246308003,0.10000000000000001
416,0,0.64691891616544783,0.049999843284403551,0.094515230962759711,-0.00071508426727876135,1003.0361405952849,1518.0702976424527,0.10000000000000001
417,0,0.65691453115402298,0.049999729388568386,0.091321179391480309,-0.001474216412351182,1003.0491927988693,1524.5963994346425,0.10000000000000001
418,0,0.6669097726948241,0.049999676287467328,0.087401182143763148,-0.0022235265004320786,1003.0775031855495,1538.7515927747586,0.10000000000000001
419,0,0.6769043871320346,0.049999462615511601,0.082824265992854501,-0.0028739124942551105,1003.1131027845811,1556.5513922905438,0.10000000000000001
420,0,0.68689845370644187,0.049998948462893794,0.077928291905445049,-0.0033357979526226177,1003.1426346238939,1571.3173119469275,0.10000000000000001
421,0,0.69689224782970705,0.049998455109255296,0.07303725808011953,-0.0035584625754796506,1003.1554573891941,1577.7286945970559,0.10000000000000001
422,0,0.70688579539902707,0.049997862831212173,0.068489530811133112,-0.0035183389411743518,1003.1486583675616,1574.329183780776,0.10000000000000001
423,0,0.71687980310220234,0.049997305851628808,0.064585889297901378,-0.0032402968526367318,1003.1242597645207,1562.1298822603649,0.10000000000000001
424,0,0.72687406713582181,0.049997127463266296,0.061433673958479422,-0.0027674809905856661,1003.0921371433747,1546.0685716873286,0.10000000000000001
425,0,0.736868997701975,0.049997260895684195,0.059081108194011744,-0.0021462965453358089,1003.0586483498561,1529.3241749280355,0.10000000000000001
426,0,0.74686451844441637,0.04999777567552259,0.057485588373428924,-0.0014706849059814163,1003.0263352228695,1513.167611434767,0.10000000000000001
427,0,0.7568605595718324,0.049998669049533116,0.056588553625721891,-0.0008368848373083961,1002.9943489502242,1497.1744751121037,0.10000000000000001
428,0,0.76685742608437735,0.049999627214067928,0.056321555568652509,-0.00029577047930989093,1002.9611256824008,1480.5628412004239,0.10000000000000001
429,0,0.77685486020400374,0.050000545070223369,0.056692043937955683,0.00010980160733344147,1002.9237005981697,1461.8502990848583,0.10000000000000001
430,0,0.78685308759066386,0.050001269283240175,0.057770036809117541,0.0003795255326309712,1002.8795452235422,1439.7726117711045,0.10000000000000001
431,0,0.79685221329150169,0.050001679051862313,0.059475601464998064,0.00058373418563850655,1002.8350039720906,1417.5019860452949,0.10000000000000001
432,0,0.80685191395897915,0.050001837869462565,0.061645747725582074,0.00077161790303832418,1002.7978831282611,1398.9415641305527,0.10000000000000001
433,0,0.81685203963814368,0.050001745657944296,0.064041879462662057,0.0009374006632789808,1002.7719543957799,1385.9771978899289,0.10000000000000001
434,0,0.82685232358139671,0.050001477720562279,0.066219644321118432,0.0010330273824755124,1002.765995655688,1382.997827844008,0.10000000000000001
435,0,0.83685225147032283,0.050001068240175278,0.067854438017004789,0.00095303996085988475,1002.7846915776047,1392.3457888023449,0.10000000000000001
436,0,0.84685165272005225,0.050000454436792546,0.068884949828900185,0.00059566543756532902,1002.8212253883156,1410.6126941578054,0.10000000000000001
437,0,0.85685043368322422,0.049999641593078945,0.069369584312832022,-6.3001506491929129e-05,1002.8682683709407,1434.1341854703273,0.10000000000000001
438,0,0.86684858408688314,0.049998624435369406,0.069604760958130188,-0.0009402218421823218,1002.9159702975181,1457.9851487590645,0.10000000000000001
439,0,0.87684639863954073,0.049997420995507205,0.069948623167320936,-0.0018342987958043172,1002.9550420852391,1477.5210426195713,0.10000000000000001
440,0,0.88684401254394896,0.049996076008657922,0.070612123916297079,-0.0024829376027255376,1002.9830421233618,1491.5210616808849,0.10000000000000001
441,0,0.89684150481685487,0.049994623550121436,0.071712745846973083,-0.0026617813642726123,1002.9983722631899,1499.1861315949677,0.10000000000000001
442,0,0.90683897531998348,0.049993119147217852,0.073122999350697632,-0.0022750655775670187,1003.0045799829135,1502.2899914567347,0.10000000000000001
443,0,0.91683633032239209,0.049991590407179189,0.074496745404450032,-0.0014123610257374155,1003.0128432781021,1506.421639051041,0.10000000000000001
444,0,0.92683340063708741,0.049990035468572946,0.075546930119196207,-0.0003015464140277468,1003.0317267244119,1515.8633622059483,0.10000000000000001
445,0,0.93683006712760297,0.049988440862388753,0.076101567460330019,0.00079054098322954721,1003.0637832047611,1531.89160238054,0.10000000000000001
446,0,0.94682623875965366,0.049986802733867498,0.076127720127521573,0.0016282519508563468,1003.1073329937548,1553.6664968773835,0.10000000000000001
447,0,0.95682187805194618,0.049985166473261906,0.075779101061054871,0.0020790366354511191,1003.1566558877928,1578.3279438963973,0.10000000000000001
448,0,0.96681700887305566,0.049983577520286093,0.07529348328614964,0.0021586003789549643,1003.2046573265067,1602.3286632533313,0.10000000000000001
449,0,0.97681168629696247,0.049982057288269731,0.074923364528818134,0.0019921908932698891,1003.2455661123552,1622.7830561775818,0.10000000000000001
450,0,0.98680599265994251,0.049980636552622422,0.074889092805434723,0.0017526012440343701,1003.2751860334338,1637.5930167168917,0.10000000000000001
451,0,0.99680006239215346,0.049979342947964828,0.075252136522168861,0.0016087455126033857,1003.2913580579215,1645.6790289607284,0.10000000000000001
452,0,1.0067940969867675,0.04997820723102249,0.07591687527588574,0.0016652114479590763,1003.2958395339315,1647.9197669657424,0.10000000000000001
453,0,1.0167882677919566,0.049977246887198998,0.076768785111852048,0.0019364580886258374,1003.2917097073444,1645.8548536721764,0.10000000000000001
454,0,1.0267826909794637,0.049976424373360084,0.077678488630806466,0.0023543842669753951,1003.2774749405622,1638.7374702811144,0.10000000000000001
455,0,1.0367774998397719,0.04997569667199446,0.078458098475136434,0.0027676815866965734,1003.2497095798645,1624.8547899322716,0.10000000000000001
456,0,1.0467728110725345,0.04997504549024781,0.079012091591028386,0.002976795871752657,1003.2100716898756,1605.0358449377882,0.10000000000000001
457,0,1.0567686503593123,0.049974468023014425,0.079427536985509806,0.0028054600847776359,1003.1640008445881,1582.0004222940725,0.10000000000000001
458,0,1.0667649983161234,0.04997398438657908,0.079822275081074701,0.0021476882645796815,1003.115952258706,1557.9761293529941,0.10000000000000001
459,0,1.0767618883539285,0.04997360334157197,0.080295603307932117,0.0010164723028714242,1003.0711352470704,1535.5676235352007,0.10000000000000001
460,0,1.0867593176715491,0.04997333610976952,0.080957976062283304,-0.00041060871757770317,1003.0359462068238,1517.9731034119186,0.10000000000000001
461,0,1.0967571973984152,0.049973219525241398,0.081803245577208195,-0.0018360780522322299,1003.0121794078066,1506.0897039032852,0.10000000000000001
462,0,1.106755452275487,0.049973272659566415,0.082692583192001776,-0.0029438951218438165,1002.9963708812896,1498.1854406448178,0.10000000000000001
463,0,1.1167539783515825,0.049973496921811335,0.083440320985296551,-0.0034767116933855911,1002.9810982984205,1490.5491492102669,0.10000000000000001
464,0,1.1267526951700833,0.049973848237499008,0.083845038506460648,-0.0033199749396406065,1002.9563219184485,1478.1609592242262,0.10000000000000001
465,0,1.1367517185234783,0.049974242757539374,0.083878044869685281,-0.0025660589451415739,1002.9184503160974,1459.2251580486959,0.10000000000000001
466,0,1.1467511620954196,0.049974634190968127,0.083754980093671202,-0.0014736382527728649,1002.870846985156,1435.4234925780247,0.10000000000000001
467,0,1.156751125280796,0.0499749781521669,0.083776597430410688,-0.0003533555023425653,1002.8176825155922,1408.841257796098,0.10000000000000001
468,0,1.1667518534084815,0.049975241464362857,0.084308226030898631,0.00054499135609975948,1002.7681221271177,1384.0610635588746,0.10000000000000001
469,0,1.1767533102750392,0.049975402387354768,0.085629716454824992,0.0010868197058060483,1002.7331936662708,1366.5968331354179,0.10000000000000001
470,0,1.18675528847459,0.049975434554768119,0.087771965999514881,0.0012566390963907141,1002.7211065822399,1360.5532911199703,0.10000000000000001
471,0,1.1967575123681535,0.049975383100904332,0.090574240375151133,0.0011449015226356145,1002.7368357682503,1368.4178841251651,0.10000000000000001
472,0,1.2067594216403372,0.049975222341607485,0.093609563847978805,0.00086948918216726975,1002.7746954750155,1387.3477375077528,0.10000000000000001
473,0,1.2167606698146671,0.049974903031648497,0.096368085996205444,0.00051007351140176696,1002.8250373031517,1412.5186515758514,0.10000000000000001
474,0,1.2267610496751651,0.04997446191215172,0.098519295649075272,0.00011692509857929112,1002.8803597867096,1440.1798933548093,0.10000000000000001
475,0,1.236760290775442,0.049973898147617074,0.099830772350029531,-0.00030905960232040258,1002.930290159493,1465.1450797464918,0.10000000000000001
476,0,1.2467585749781429,0.049973342166404575,0.10024316415502767,-0.00079792297912121895,1002.9682047630465,1484.1023815232575,0.10000000000000001
477,0,1.2567561526989841,0.049972958881406529,0.099856782831304849,-0.0013314670027163521,1002.9951629529294,1497.5814764646884,0.10000000000000001
478,0,1.2667529078924511,0.049972864756962276,0.098711404263300009,-0.0018569621274867267,1003.0135953626856,1506.797681342789,0.10000000000000001
479,0,1.276749247120972,0.049973334986807796,0.096824411394033361,-0.0023278744264778046,1003.0270653357628,1513.5326678814067,0.10000000000000001
480,0,1.2867451471861495,0.04997438256769289,0.094208569316561894,-0.0026831124625480069,1003.0387175579193,1519.3587789596563,0.10000000000000001
481,0,1.2967406264344929,0.04997588674263586,0.090867537558362119,-0.0028759726111414648,1003.0482672304704,1524.1336152352005,0.10000000000000001
482,0,1.3067360603735345,0.049977909549719465,0.086889576292888057,-0.0028921389116676709,1003.0524537238394,1526.2268619197243,0.10000000000000001
483,0,1.3167312472373764,0.04998004177741041,0.082378564933716938,-0.0027189476882961772,1003.0433613242054,1521.6806621027104,0.10000000000000001
484,0,1.3267267892622991,0.049982017604784552,0.077609123636852531,-0.0023799099516333905,1003.01922190418,1509.6109520899859,0.10000000000000001
485,0,1.3367226234961815,0.049984024240433453,0.072897015682146168,-0.0019095215920988645,1002.9846606949968,1492.3303474984095,0.10000000000000001
486,0,1.3467190191536891,0.049985574025032051,0.068536382029194806,-0.0013437699494078161,1002.9495935468343,1474.7967734171539,0.10000000000000001
487,0,1.3567157954173332,0.049986841596930558,0.064809767901893106,-0.00077290944979225423,1002.9251858568362,1462.5929284180756,0.10000000000000001
488,0,1.3667128641973414,0.049988114449012917,0.061759476293977038,-0.00025891324564340611,1002.9194389616965,1459.7194808482641,0.10000000000000001
489,0,1.3767099006302745,0.049988835276710483,0.059520337474313713,0.00015076274513935116,1002.9362868822426,1468.143441121299,0.10000000000000001
490,0,1.3867066650190292,0.049989805748495167,0.058141444079826264,0.00045438538952081634,1002.9750396149389,1487.5198074694254,0.10000000000000001
491,0,1.396703272287545,0.049990437838747348,0.057591318894671201,0.00069078185532763339,1003.0263726094308,1513.1863047154184,0.10000000000000001
492,0,1.4066986926095018,0.049990832374513738,0.057722420085426183,0.0008847463658575469,1003.0714912922987,1535.7456461493371,0.10000000000000001
493,0,1.4166946357523,0.049991566904140555,0.058429121017960349,0.001120329313509659,1003.10772962752,1553.8648137600148,0.10000000000000001
494,0,1.4266892510223526,0.049991474278822799,0.05965282665250754,0.0013308018697043677,1003.1253226282969,1562.6613141484427,0.10000000000000001
495,0,1.4366843822765389,0.049992258015710278,0.061347495145775359,0.0015243215272122215,1003.1422020682829,1571.1010341414635,0.10000000000000001
496,0,1.4466795953686153,0.049992188094994595,0.063536114549924499,0.0016219484661295952,1003.1537933631687,1576.8966815843442,0.10000000000000001
497,0,1.4566733913769492,0.049992397669076566,0.066022702624802213,0.0015535685768075212,1003.1667046996029,1583.3523498014301,0.10000000000000001
498,0,1.4666689613380297,0.049993204589644707,0.068947888842680494,0.001455071806625441,1003.1947260073252,1597.3630036626218,0.10000000000000001
499,0,1.4766625606373145,0.049992593878181606,0.072183837734010686,0.0012147314876125707,1003.2195716572738,1609.785828636916,0.10000000000000001
500,0,1.4866562013933105,0.0499938626319473,0.075552834472639885,0.0011069336453073684,1003.2573459729246,1628.6729864622771,0.10000000000000001
501,0,1.4966509541947217,0.049993446459154656,0.078999120445924664,0.00098776594907361965,1003.2712823034915,1635.6411517457445,0.10000000000000001
502,0,1.5066413837594659,0.049994007621365071,0.081902873937790693,0.0010035009946313298,1003.2734456202379,1636.7228101189539,0.10000000000000001
503,0,1.5166378552508579,0.049994980048737626,0.084556782351797727,0.0011260817413059588,1003.2488768905752,1624.4384452875806,0.10000000000000001
504,0,1.5266265060432587,0.04999481867275208,0.086493894144844402,0.00095950985543361944,1003.1909570144353,1595.4785072176492,0.10000000000000001
505,0,1.5366237604000728,0.049996635187701435,0.087744152155952895,0.00092378232348408376,1003.1161700724588,1558.0850362293859,0.10000000000000001
506,0,1.5466150562089449,0.049997127290426116,0.088964150780359394,0.00029713129049833552,1003.0038576023758,1501.9288011878871,0.10000000000000001
507,0,1.5566098930858243,0.050000217102767808,0.088903099342223318,-0.00012182510590407226,1002.8772495416358,1438.6247708179098,0.10000000000000001
508,0,1.566611014757131,0.049999896276557002,0.08945234416415844,-0.00087374459603211079,1002.7239260398077,1361.9630199038397,0.10000000000000001
509,0,1.5765973282293282,0.050005235267155293,0.088688901254343366,-0.0015556347932711525,1002.5503351864429,1275.1675932214539,0.10000000000000001
510,0,1.5866161917860533,0.050006905980391876,0.088315444360134471,-0.0016621057127088701,1002.3776742835535,1188.8371417767303,0.10000000000000001
511,0,1.5965879114919157,0.050007352991230755,0.086492835245313135,-0.0022314547133966607,1002.1197828239119,1059.8914119559595,0.10000000000000001
512,0,1.606626994728747,0.050019111760762507,0.085855705973293658,-0.0017417518934424972,1001.9978953153161,998.94765765805005,0.10000000000000001
513,0,1.6165860657274362,0.050014494696757686,0.083011147533144147,-0.0020918349890973547,1001.6294291643536,814.71458217680492,0.10000000000000001
514,0,1.6266394842242384,0.050029816679151289,0.081125419735715937,-0.0013238658386331063,1001.5384670431115,769.23352155574776,0.10000000000000001
515,0,1.6365963074117913,0.050028574979651005,0.079468624643091595,-0.0017108015497965699,1001.2039438868107,601.97194340537408,0.10000000000000001
516,0,1.6466537338210105,0.050042980846043687,0.076157358534133038,-0.0015456127960418362,1001.0975062103146,548.7531051572887,0.10000000000000001
517,0,1.6566176744259555,0.05003913916734324,0.074754653153525016,-0.0017633480636190144,1000.8932447241384,446.62236206920625,0.10000000000000001
518,0,1.6666679906864716,0.050057793318001795,0.071286194295987676,-0.0021834401897894229,1000.7758227566851,387.91137834255096,0.10000000000000001
519,0,1.6766379876555326,0.050049726027415628,0.069787595583582121,-0.0022036880867751969,1000.7632857102546,381.64285512732476,0.10000000000000001
520,0,1.6866860860451003,0.050076097694624518,0.06544669658938515,-0.0028344718746607309,1000.5540512581856,277.02562909280459,0.10000000000000001
521,0,1.6966389992257416,0.050057768668609198,0.063140989197728023,-0.0029277278153262225,1000.6711819518421,335.59097592103626,0.10000000000000001
522,0,1.7067180950772896,0.050097966378526572,0.060212460694569495,-0.0030709100328183817,1000.5377974978343,268.89874891713816,0.10000000000000001
523,0,1.716620412098151,0.050057248542944251,0.054915085851880929,-0.0032260623708844126,1000.525117211831,262.55860591550118,0.10000000000000001
524,0,1.7267552854030828,0.05010816687172856,0.052234380328667493,-0.0032820793922154145,1000.5727876936159,286.39384680792546,0.10000000000000001
525,0,1.7365897584062895,0.050057537078453597,0.049779079164325869,-0.0030439822328376417,1000.6737395277438,336.86976387190271,0.10000000000000001
526,0,1.7467632455100561,0.050073221945309165,0.043874906702056723,-0.0031055824179439372,1000.476710237117,238.355118558502,0.10000000000000001
527,0,1.7565491370795501,0.050069446000958487,0.044716524395907904,-0.0030167787561437122,1000.8372073536377,418.60367681886146,0.10000000000000001
528,0,1.7667821121083931,0.049996051088223178,0.042741920692126019,-0.0030725508666849615,1000.3777061620735,188.85308103676834,0.10000000000000001
529,0,1.7764780093650858,0.049993531795942653,0.03958554041508569,-0.0040761390612572132,1000.7007577337594,350.37886687968012,0.10000000000000001
530,0,1.7868942976557445,0.049885852169692678,0.04510894372521769,-0.0052461188207978656,1000.2731473429592,136.57367147959576,0.10000000000000001
531,0,1.7964810084266913,0.049781919795820306,0.041852551451423449,-0.0061227237570944454,1000.4438711746777,221.93558733886221,0.10000000000000001
532,0,1.8071260595954939,0.049689336528428871,0.045214383706531927,-0.0052820382043883164,1000.3979609161886,198.98045809429732,0.10000000000000001
533,0,1.816574147801183,0.049323745749185931,0.044504570377558013,-0.0052678760034267341,1000.2131252270507,106.56261352534102,0.10000000000000001
534,0,1.8275013291564774,0.049679732555860161,0.047010460692651947,-0.0025657080577480974,1000.8692980795921,434.64903979605651,0.10000000000000001
535,0,1.8364804383050444,0.049405183014536683,0.046404647778535112,0.0014671182980784451,1000.0361081431068,18.054071553422091,0.10000000000000001
536,0,1.8506124533958819,0.051693286620175583,0.042944079341358743,0.0033924039889007807,1000.1364503484724,68.225174236204111,0.10000000000000001
537,0,1.8505338494202079,0.051342611550014967,0.042889196569024304,0.0033314130535373868,1000.1374483044251,68.724152212553236,0.10000000000000001
538,0,1.8791401468909734,0.04401310789627088,0.043978943079743808,0.00060305737827245193,999.4629942181931,-268.50289090344859,0.10000000000000001
539,0,1.879507835945037,0.044348270015040291,0.043647387186628285,0.00046035472871641973,999.50303565373315,-248.48217313342502,0.10000000000000001
540,0,1.8947800412446405,0.0496806211051639,0.048834176322643835,-0.0041852757940601081,999.83630683511637,-81.846582441812643,0.10000000000000001
541,0,1.916060626079175,0.049526317898425189,0.05236927119039405,-0.0078442139964647658,999.94216934292911,-28.915328535447316,0.10000000000000001
542,0,1.9161981661860601,0.05027640412404865,0.052673894042297782,-0.0084313242629954349,999.9574871906276,-21.256404686198493,0.10000000000000001
543,0,0.10253504714325254,0.062733183449613247,0.10068761297412381,-0.0075592837132725183,999.9726988005466,-13.650599726702239,0.10000000000000001
544,0,0.10289874514861695,0.063336659114528737,0.10076344398268847,-0.0073197141324450651,999.95949539179844,-20.252304100779384,0.10000000000000001
545,0,0.1149720219963048,0.062739769472427293,0.095127520843790364,-0.0071910836990395927,999.93422109669916,-32.889451650419232,0.10000000000000001
546,0,0.13161198935717436,0.056337599028036735,0.1051712273030805,0.00022774562946188651,1000.1054748790062,52.737439503118821,0.10000000000000001
547,0,0.13145152201972493,0.057609026053053944,0.1035886167916077,0.00064900747949905597,999.99870209474579,-0.648952627102517,0.10000000000000001
548,0,0.16162054962519934,0.060837475742692521,0.11527602945513221,0.0025679469037774402,1000.1664705900637,83.235295031840906,0.10000000000000001
549,0,0.16162671272706991,0.060699653590870178,0.11519265992478549,0.0025376664885576033,1000.1661398602798,83.069930139913595,0.10000000000000001
550,0,0.17790431093873987,0.060246745675468345,0.11779407416956246,0.0037518143432729717,1000.2850881632384,142.54408161917809,0.10000000000000001
551,0,0.18599865086188377,0.059843544332076573,0.11646418559459633,0.0015264613626632358,1000.1988309257796,99.415462889794526,0.10000000000000001
552,0,0.19687164550239719,0.059713404886191229,0.1196450534792772,-0.0015985905599634426,1000.5403616994649,270.18084973246914,0.10000000000000001
553,0,0.20637511071989498,0.059686243400058868,0.115215837553567,-0.004206172049211406,1000.8999315084692,449.96575423459717,0.10000000000000001
554,0,0.21681286665721436,0.059761558493138509,0.12080971277919893,-0.005681659901891188,1000.6573453456109,328.6726728054532,0.10000000000000001
555,0,0.22657940452325853,0.059866488953848475,0.11572661374570985,-0.0036497228884490567,1001.0126272189708,506.31360948540305,0.10000000000000001
556,0,0.2368716296325257,0.059960480593484085,0.11989614948129373,-0.0042789046769962716,1000.6789215200438,339.46076002189329,0.10000000000000001
557,0,0.2466844562384857,0.059995253074940406,0.11741094124596592,-0.0037613212513248934,1000.665160635608,332.58031780400188,0.10000000000000001
558,0,0.25694480096193256,0.060020281365466346,0.11306335232018741,-0.0036079331894143009,1000.8004925532952,400.24627664757872,0.10000000000000001
559,0,0.26671466898158891,0.060090706223919113,0.11602515043524582,-0.0025444348655738547,1000.5906263611852,295.31318059258638,0.10000000000000001
560,0,0.27700666291641662,0.06006436432879142,0.10783113188224423,-0.002802430820099215,1000.6127166626183,306.35833130912715,0.10000000000000001
561,0,0.2867671596567945,0.060113003271627871,0.10659933928726527,-0.0024115122101987635,1000.7997911689906,399.8955844953116,0.10000000000000001
562,0,0.29702878126699989,0.060074589099021025,0.10316854485217782,-0.0025775055062487577,1000.479751042144,239.87552107200827,0.10000000000000001
563,0,0.30684337993784738,0.060104042252357291,0.098693649246013371,-0.0023609787970286854,1000.8370451506327,418.52257531633086,0.10000000000000001
564,0,0.31704668118280632,0.060070936252717519,0.095218335404075552,-0.002108916624506749,1000.5631503089043,281.57515445212766,0.10000000000000001
565,0,0.32691015568830639,0.060086632088335042,0.09338738377154826,-0.001887729196328539,1000.8065302577753,403.26512888765365,0.10000000000000001
566,0,0.33706764576566067,0.060058536240280479,0.089261680904957078,-0.0017194383240559214,1000.6618456779451,330.92283897252628,0.10000000000000001
567,0,0.34696790671398237,0.060065324369500149,0.087292265285997372,-0.0013179713147936864,1000.9512294271168,475.61471355840013,0.10000000000000001
568,0,0.35708895141273594,0.060046047000488212,0.084423649745110282,-0.0013086407099735095,1000.8552804276541,427.64021382703277,0.10000000000000001
569,0,0.36701714608269131,0.060047938760369957,0.082372573856179909,-0.00087205565235848564,1001.2035883285057,601.79416425285126,0.10000000000000001
570,0,0.37710717469421157,0.060032159259400093,0.079649097830450502,-0.001263985983200073,1001.1902017932573,595.10089662865084,0.10000000000000001
571,0,0.38705556257343937,0.060035239167940728,0.077486966391105416,-0.00071103595036828629,1001.5948170098617,797.40850493084281,0.10000000000000001
572,0,0.39711896472476521,0.060020821241543607,0.075986304466374055,-0.0012730711904379406,1001.5956062272696,797.8031136348136,0.10000000000000001
573,0,0.40708528213268935,0.060024343988175174,0.073234799045030427,-0.00087713229914281759,1002.0176976872298,1008.848843614885,0.10000000000000001
574,0,0.41712400639664776,0.060014168980456854,0.072977305399021891,-0.0010546383327963917,1002.0339219221687,1016.9609610843509,0.10000000000000001
575,0,0.42710521203652102,0.060015044332240364,0.071427251228773525,-0.00060622081496658324,1002.3523239639997,1176.1619819998259,0.10000000000000001
576,0,0.43712613334035089,0.06000963713410485,0.071187906144601382,-0.00049037885060678398,1002.4321437909589,1216.0718954794447,0.10000000000000001
577,0,0.4471146964798941,0.060008743346722605,0.070837879632829753,-2.513663754495987e-05,1002.6519912083244,1325.9956041621876,0.10000000000000001
578,0,0.45712407291703294,0.060006601848370748,0.071319638679214356,0.00046900635566341891,1002.7376580213058,1368.8290106529166,0.10000000000000001
579,0,0.46711739214282932,0.060004862889267735,0.071145288778646593,0.00068256062345601796,1002.9050092406333,1452.5046203166312,0.10000000000000001
580,0,0.47711740447409462,0.060004779043093322,0.072341921029684689,0.0011041706664374888,1002.9859784205967,1492.9892102983331,0.10000000000000001
581,0,0.48711425686984433,0.060003005467087062,0.073184324367145739,0.0012285117883556057,1003.082368058455,1541.1840292275087,0.10000000000000001
582,0,0.49710929921529629,0.060003680983301916,0.075115915517318665,0.0014409352292185926,1003.1479893244716,1573.9946622358048,0.10000000000000001
583,0,0.50710708944407668,0.060003212705782481,0.077424802899700343,0.0015230287479920425,1003.1844686282438,1592.2343141219244,0.10000000000000001
584,0,0.51710128341985007,0.06000317586307502,0.080414699517297933,0.001708069318784187,1003.2110534375718,1605.5267187858817,0.10000000000000001
585,0,0.52709881256046642,0.060004151020667897,0.083699035740882499,0.0019801419462704022,1003.2062702641111,1603.13513205557,0.10000000000000001
586,0,0.53709376112012552,0.060004041050487129,0.086996639267841042,0.0022106049427326863,1003.2026295630001,1601.3147815000366,0.10000000000000001
587,0,0.54709106819183606,0.060005038346285094,0.090103499805170892,0.0024681648325400353,1003.1870458608873,1593.5229304436689,0.10000000000000001
588,0,0.55708659273906935,0.060005606729421915,0.092838082429618884,0.0025779669685597824,1003.1787497494694,1589.3748747346876,0.10000000000000001
589,0,0.56708387874788857,0.060005908324231569,0.095229388485975619,0.0026226882231389697,1003.1722608012016,1586.1304006007799,0.10000000000000001
590,0,0.57707981542532727,0.060006843729463973,0.097242416417880562,0.0025219227557736574,1003.1711825602841,1585.5912801420686,0.10000000000000001
591,0,0.58707684025664453,0.060007140769163164,0.098922693374556434,0.0022989292647698895,1003.1656817427325,1582.8408713662725,0.10000000000000001
592,0,0.59707329993066527,0.060007780540189078,0.10015662926731671,0.0020430492630553153,1003.1536456531851,1576.8228265925472,0.10000000000000001
593,0,0.60707028551367803,0.060008262865361602,0.10090236157829348,0.001752988207239643,1003.126479742883,1563.2398714415103,0.10000000000000001
594,0,0.6170674656891294,0.060008724158498984,0.10099572349737977,0.0014074993526295579,1003.0889954113566,1544.4977056782818,0.10000000000000001
595,0,0.62706502838963718,0.060009189911222241,0.10034351768089525,0.00094198249484010103,1003.0452438689754,1522.6219344876881,0.10000000000000001
596,0,0.63706294674158093,0.060009454374704861,0.098798151303980578,0.00037207825708642677,1003.0147850408076,1507.3925204038119,0.10000000000000001
597,0,0.64706097143936148,0.060009688595074218,0.096325505147114659,-0.00031807157455189506,1003.0082572009832,1504.1286004915833,0.10000000000000001
598,0,0.65705872073110005,0.060009846333889907,0.093071919280644552,-0.0010860001816907975,1003.0262002888444,1513.1001444221965,0.10000000000000001
599,0,0.66705614195164964,0.060009901999507537,0.089195186662513221,-0.001817826212002714,1003.0590950657761,1529.5475328880457,0.10000000000000001
600,0,0.67705310086157389,0.060009946243886336,0.08475176656818173,-0.0024171830362051138,1003.0985394843682,1549.2697421840944,0.10000000000000001
601,0,0.68704938368227464,0.060009995612965578,0.080052814377356146,-0.0028086271977069478,1003.1274057201196,1563.7028600597773,0.10000000000000001
602,0,0.69704566616918173,0.060009908894041356,0.075386214586426484,-0.0029571466054064046,1003.1328069119347,1566.403455967361,0.10000000000000001
603,0,0.70704179118062194,0.060009881320651624,0.071032135645443931,-0.002879362556068822,1003.115841969316,1557.9209846579829,0.10000000000000001
604,0,0.71703845088586093,0.060009836592821622,0.067262595472832046,-0.0026452057634207627,1003.0817188911577,1540.8594455788602,0.10000000000000001
605,0,0.72703555957146382,0.060009853062828251,0.064213627319759117,-0.0023063000770694362,1003.0437002980884,1521.8501490442122,0.10000000000000001
606,0,0.73703322444161012,0.060010099184081601,0.061923051637605836,-0.0018852740702321425,1003.0100676212071,1505.0338106035497,0.10000000000000001
607,0,0.74703145171275442,0.060010467247895896,0.060315646831119125,-0.0014273104615884953,1002.9846510987298,1492.3255493649208,0.10000000000000001
608,0,0.75703005642374188,0.060011064362321835,0.059391568933203999,-0.0009525592681706702,1002.9620569737236,1481.0284868618169,0.10000000000000001
609,0,0.76702925444579051,0.060011798009351629,0.059095712608244644,-0.00044529363672312039,1002.9358844925314,1467.942246265693,0.10000000000000001
610,0,0.77702898142225163,0.060012532302794033,0.059409594566286604,7.4226955482343721e-05,1002.9020766765213,1451.0383382606733,0.10000000000000001
611,0,0.78702935911472249,0.060013230198143537,0.06045741143276246,0.00057095810865804718,1002.8561981249921,1428.0990624960737,0.10000000000000001
612,0,0.79703055904154685,0.060013762315349932,0.062166031981570904,0.0010318735771001222,1002.8066022960459,1403.3011480229334,0.10000000000000001
613,0,0.80703233839850397,0.060014176250919656,0.064308671385488958,0.0014144747442888777,1002.7658859724592,1382.9429862295797,0.10000000000000001
614,0,0.81703441455391945,0.060014455840218632,0.066619250792439758,0.0016433184508060552,1002.7397304268878,1369.8652134439158,0.10000000000000001
615,0,0.8270365994879163,0.060014527195956686,0.0686279973381696,0.0016523304279050998,1002.7374159010129,1368.7079505064617,0.10000000000000001
616,0,0.83703832544437939,0.060014407263247888,0.070008134685777865,0.001395869910446511,1002.7627051776233,1381.3525888116374,0.10000000000000001
617,0,0.84703937481015279,0.06001400945657661,0.070761564848787983,0.0008743582125216203,1002.8054286280031,1402.714314001571,0.10000000000000001
618,0,0.85703974249260728,0.060013308186817327,0.071027994037478309,0.00014972105275332131,1002.8560824323673,1428.041216183658,0.10000000000000001
619,0,0.86703937689272148,0.060012368552154034,0.071202938653543088,-0.00065725143318921407,1002.9037994768091,1451.8997384045633,0.10000000000000001
620,0,0.87703859820808483,0.060011239087723774,0.071715588109465295,-0.0013714096959382895,1002.9392069440529,1469.6034720264493,0.10000000000000001
621,0,0.88703757450390242,0.060010008302292528,0.072760249916117264,-0.0018156001787576479,1002.9618097059482,1480.9048529741062,0.10000000000000001
622,0,0.89703636003050935,0.060008723541572481,0.074361698550216654,-0.0018786455459692299,1002.9715627467258,1485.7813733628973,0.10000000000000001
623,0,0.90703506803486966,0.060007389697434931,0.076236480470948553,-0.0015584527473526701,1002.9732256104413,1486.6128052206591,0.10000000000000001
624,0,0.91703355888148941,0.060005995693930343,0.077898997857582766,-0.00096383939140529107,1002.9791944664428,1489.5972332213887,0.10000000000000001
625,0,0.92703158663480756,0.060004474255851349,0.079021346239902937,-0.00024940153733967748,1002.9971448394837,1498.5724197418335,0.10000000000000001
626,0,0.9370289938863855,0.060002811179803078,0.079452072459894788,0.0004495449515194281,1003.0277212494893,1513.860624744666,0.10000000000000001
627,0,0.94702567459304299,0.060001094527622693,0.079217652646150036,0.0010357784773690226,1003.0686941820056,1534.3470910028145,0.10000000000000001
628,0,0.95702161732325752,0.059999472414675029,0.07858445012856162,0.0014743195926200793,1003.1148408401149,1557.42042005744,0.10000000000000001
629,0,0.96701689225303022,0.059998070472615468,0.077887480195383302,0.0017988707292560539,1003.159340538677,1579.6702693385214,0.10000000000000001
630,0,0.9770116258807916,0.059996887661603424,0.077407350355685078,0.0020582053703456738,1003.1964925497934,1598.2462748967237,0.10000000000000001
631,0,0.98700597070899976,0.059995834715315111,0.077358621866071425,0.0022735620861499802,1003.2226438247928,1611.32191239642,0.10000000000000001
632,0,0.99700005910780243,0.059994786973078348,0.077773135793375733,0.0024431613405860868,1003.236289242471,1618.1446212355013,0.10000000000000001
633,0,1.0069940298079836,0.059993644237159582,0.078503928367936529,0.0025504600073083272,1003.2394734791649,1619.7367395824358,0.10000000000000001
634,0,1.0169879500507324,0.059992386899480374,0.079399951367958035,0.0025767651972747291,1003.2352670900565,1617.6335450282409,0.10000000000000001
635,0,1.0269818450496271,0.059991063722241042,0.080296482433236657,0.0025161326192325965,1003.2220084390478,1611.0042195239203,0.10000000000000001
636,0,1.0369758157956452,0.059989802043517129,0.080963444686091443,0.0023659626192020534,1003.1962121018341,1598.1060509170675,0.10000000000000001
637,0,1.0469700014022341,0.059988748916960696,0.081299628891428458,0.0021159761723884584,1003.1593665832385,1579.6832916192329,0.10000000000000001
638,0,1.0569645088368642,0.059988007718616509,0.081411627907094664,0.001744670849151263,1003.1164312980376,1558.2156490187913,0.10000000000000001
639,0,1.0669593995932658,0.059987598160571885,0.081453341822699116,0.0012139952338779286,1003.0715156307709,1535.7578153854661,0.10000000000000001
640,0,1.0769547592194832,0.059987424809213624,0.081625546380141051,0.00050364462425724738,1003.0298179421756,1514.9089710877774,0.10000000000000001
641,0,1.0869506057176217,0.059987365699111658,0.082163530076359806,-0.00033224169568183727,1002.997568791558,1498.7843957790119,0.10000000000000001
642,0,1.0969468298816503,0.059987341254519468,0.083115178160931336,-0.0011695366427222772,1002.9765458554945,1488.2729277472322,0.10000000000000001
643,0,1.1069433371946837,0.059987353162202023,0.084337289723249734,-0.0018547445080873174,1002.9645521283651,1482.2760641825425,0.10000000000000001
644,0,1.1169399774954645,0.059987443717101775,0.085593461918529845,-0.0022271997031909846,1002.9551510346091,1477.5755173045582,0.10000000000000001
645,0,1.1269366417897726,0.059987592300795735,0.086545411656110918,-0.0021710222919279344,1002.9371452926396,1468.5726463197852,0.10000000000000001
646,0,1.1369334812705287,0.059987769346853813,0.086995856129194235,-0.0016872120636321241,1002.905419926383,1452.7099631915235,0.10000000000000001
647,0,1.1469306086056192,0.059987925325441407,0.087054046198027341,-0.0009027781755865282,1002.8617076539443,1430.853826972168,0.10000000000000001
648,0,1.1569281771715858,0.059987992971685417,0.087011334558280001,-1.5375357809184369e-05,1002.8084612714842,1404.2306357421239,0.10000000000000001
649,0,1.1669264783857825,0.059987946961684385,0.087306409501606536,0.00078241353387623568,1002.7549161282381,1377.4580641190255,0.10000000000000001
650,0,1.1769254696423226,0.059987737037517058,0.08830857452594286,0.0013516658171455491,1002.7130625646381,1356.5312823190538,0.10000000000000001
651,0,1.1869250799964333,0.059987393519157967,0.090139242408843259,0.0016181208460699303,1002.6935009278164,1346.7504639082222,0.10000000000000001
652,0,1.1969250149571702,0.059986989531017471,0.092711083690480922,0.0015808224910186023,1002.7044184697145,1352.2092348572414,0.10000000000000001
653,0,1.206924707446198,0.05998651140615726,0.095595791276508829,0.001293938375440706,1002.7408391036048,1370.4195518023994,0.10000000000000001
654,0,1.2169239278277628,0.059986043531222347,0.098273114026214095,0.00083823254985289234,1002.7930613159344,1396.5306579672188,0.10000000000000001
655,0,1.2269223679248802,0.059985617526857299,0.10039867154004391,0.00030925895509793198,1002.8519602034952,1425.9801017475979,0.10000000000000001
656,0,1.2369198660220739,0.059985227792779379,0.10168013783513388,-0.00022270654886568872,1002.9023494400491,1451.1747200245395,0.10000000000000001
657,0,1.246916668014352,0.059984983112954762,0.10205564107008608,-0.00072466484398064077,1002.9357596373936,1467.8798186968152,0.10000000000000001
658,0,1.2569129589769357,0.059984915154343406,0.10166437070543619,-0.0011608665169699859,1002.9551365268023,1477.5682634011673,0.10000000000000001
659,0,1.2669088121782839,0.059985155756404812,0.10052050907460224,-0.001512659730850161,1002.9645948905817,1482.2974452908397,0.10000000000000001
660,0,1.2769045285207252,0.059985748728271296,0.098639583870387126,-0.0017987790409942348,1002.9726843776657,1486.3421888328503,0.10000000000000001
661,0,1.2868999551175846,0.059986601406820723,0.096063502993849637,-0.0020204805601157631,1002.9856961928811,1492.8480964405253,0.10000000000000001
662,0,1.2968952061155454,0.059987775521729576,0.092772049653967376,-0.0021690329907183459,1003.0028574869589,1501.4287434794369,0.10000000000000001
663,0,1.3068903652184791,0.059989132574213518,0.088864065557731658,-0.0022418726465707754,1003.0195365187991,1509.7682593995501,0.10000000000000001
664,0,1.3168852743695747,0.059990559569122526,0.084456805420567688,-0.0022041380562429691,1003.0227057090304,1511.3528545152235,0.10000000000000001
665,0,1.326880651837778,0.059992045679311608,0.079804790287501065,-0.0020144138966469846,1003.0083749644306,1504.1874822152863,0.10000000000000001
666,0,1.3368762193607551,0.059993440833634386,0.075205808352569195,-0.001655074082943409,1002.9772784995572,1488.6392497786005,0.10000000000000001
667,0,1.346872574843498,0.059994744052137769,0.070910957715359851,-0.0011540566529594318,1002.9414606196732,1470.7303098365969,0.10000000000000001
668,0,1.3568694201176033,0.059995990120020083,0.06717253688640068,-0.00057949233863808191,1002.9151141878313,1457.557093915625,0.10000000000000001
669,0,1.3668665964586999,0.059997059037683424,0.064035429060011792,-5.8413537351482071e-06,1002.9058814451848,1452.940722592416,0.10000000000000001
670,0,1.3768640636490599,0.059997937062613062,0.061663184246951878,0.00046952189346979585,1002.9231463727936,1461.5731863967767,0.10000000000000001
671,0,1.3868612859223239,0.059998815838955562,0.060170618464746244,0.00083794531642940144,1002.9624295124803,1481.2147562401492,0.10000000000000001
672,0,1.396858261868843,0.059999324776403649,0.059528028153538484,0.0011235446721096062,1003.0142699487247,1507.1349743623728,0.10000000000000001
673,0,1.4068547376585578,0.059999874339742632,0.059600365116824115,0.0013252106494876092,1003.0572057455424,1528.6028727712164,0.10000000000000001
674,0,1.4168511176941094,0.060000325740251187,0.060300028110051494,0.0015290637985226883,1003.0885797025675,1544.289851283736,0.10000000000000001
675,0,1.4268470386315288,0.060000482198324601,0.061493544994072273,0.0017352130112990051,1003.1050774291297,1552.5387145648324,0.10000000000000001
676,0,1.4368434148538285,0.060001097062087456,0.063116315305079065,0.0019657833793587012,1003.1127765795603,1556.3882897801591,0.10000000000000001
677,0,1.4468390807761216,0.060000793382966419,0.065108555479443539,0.0020888650018431902,1003.1221374778554,1561.0687389277018,0.10000000000000001
678,0,1.4568356502378454,0.060001335836127809,0.067501932870205547,0.0020969087350810227,1003.1355849301337,1567.7924650668729,0.10000000000000001
679,0,1.466830918313587,0.06000142041002765,0.070270717902226817,0.0020676250913609648,1003.1581603806494,1579.0801903247029,0.10000000000000001
680,0,1.4768274852848007,0.060000957978367471,0.073435251364024554,0.0018320270186834567,1003.1887234874226,1594.3617437113176,0.10000000000000001
681,0,1.4868217600512923,0.060001919183468574,0.076810672146639683,0.001677648552621393,1003.2093207722736,1604.6603861367998,0.10000000000000001
682,0,1.496818646198018,0.060001118690774666,0.080207962789988846,0.0014134910087963103,1003.2377893771896,1618.8946885948212,0.10000000000000001
683,0,1.5068113820740217,0.060002016983810948,0.083260772010452996,0.0012484956858377027,1003.2231009566427,1611.5504783213623,0.10000000000000001
684,0,1.5168087363678129,0.060002661842402376,0.085689802309646443,0.0011565310738879007,1003.2124697348424,1606.2348674212217,0.10000000000000001
685,0,1.5268017181963154,0.060002503560011557,0.087646549935066459,0.00088366943232532789,1003.1509464474393,1575.4732237196549,0.10000000000000001
686,0,1.5367980199247142,0.060004966080783158,0.088503866686295354,0.00081875830733346667,1003.0670441451742,1533.5220725871181,0.10000000000000001
687,0,1.5467963488792582,0.060004817281298348,0.089658244305187249,0.00027090440276327838,1002.986725917761,1493.362958880482,0.10000000000000001
688,0,1.5567883709509365,0.060007753190163757,0.089409979065423986,0.00013117629521702833,1002.8079229672106,1403.9614836053147,0.10000000000000001
689,0,1.5667975944643511,0.060009172390815248,0.089764842211606299,-0.00043829826113237202,1002.7255652881366,1362.7826440683179,0.10000000000000001
690,0,1.5767836141982465,0.060010960005771864,0.089207769813703458,-0.00089844933295590054,1002.4661572043269,1233.0786021634594,0.10000000000000001
691,0,1.5868063115268789,0.060016263530932173,0.088865523701471758,-0.00096310701958122753,1002.3968538947591,1198.4269473795734,0.10000000000000001
692,0,1.5967840167858511,0.060015442497215576,0.08710536409596617,-0.0014944632104741569,1002.0324794595999,1016.2397297999632,0.10000000000000001
693,0,1.6068247048207787,0.060026610493197116,0.086617140814528301,-0.001125458236788124,1002.0128791637221,1006.4395818610592,0.10000000000000001
694,0,1.6167894390060589,0.060023029691096574,0.083795289938250125,-0.0016493648441464415,1001.5785776082326,789.28880411632463,0.10000000000000001
695,0,1.6268519102585488,0.060037885997263847,0.082099950713048792,-0.00093365662765503455,1001.5455416430824,772.7708215412008,0.10000000000000001
696,0,1.6368047799764673,0.060036169468128883,0.079846221076119953,-0.0015249104457362962,1001.1776352970828,588.81764854140783,0.10000000000000001
697,0,1.6468891176655209,0.060049815661186563,0.077130074399701418,-0.0011181432939319882,1001.1220215070937,561.01075354683871,0.10000000000000001
698,0,1.6568277366685729,0.060051154745373841,0.074961847996261169,-0.0014356054610154057,1000.839379462146,419.68973107299234,0.10000000000000001
699,0,1.6669392524498248,0.060066317078076505,0.071982264162931853,-0.001552277423755683,1000.8402422370566,420.12111852830003,0.10000000000000001
700,0,1.6768499657226956,0.060061121017709183,0.070081118635416939,-0.001789384548796029,1000.6245425237267,312.27126186337273,0.10000000000000001
701,0,1.6869986446534062,0.060086613694814439,0.065839055658551873,-0.0021558729199061162,1000.698450539897,349.22526994847658,0.10000000000000001
702,0,1.6968668594698115,0.060067395597224939,0.063987417940684077,-0.0022471302954615757,1000.5049877337113,252.49386685567288,0.10000000000000001
703,0,1.7070694501148171,0.060102940485714552,0.060624248910588173,-0.0025945802623688202,1000.7484558688903,374.2279344451731,0.10000000000000001
704,0,1.7168825073444571,0.060068980154648469,0.056126083906153021,-0.0027298692144087787,1000.4072629516158,203.63147580792429,0.10000000000000001
705,0,1.7271513148173703,0.060112032111410189,0.05270521537319809,-0.0026217900723705494,1000.6767287730291,338.36438651457001,0.10000000000000001
706,0,1.7369047661952133,0.06005886038122811,0.051370489381640731,-0.0028921145311666401,1000.5194239667865,259.71198339323109,0.10000000000000001
707,0,1.7472063157334103,0.060079173932961555,0.043356003781362805,-0.0029423963409139567,1000.4439936818658,221.99684093288852,0.10000000000000001
708,0,1.7569667174759109,0.060007537463222162,0.0463310447529078,-0.0039411809474514939,1000.727311130684,363.6555653420146,0.10000000000000001
709,0,1.7672335390221445,0.059966210299103602,0.041829218044639481,-0.0042821755109123359,1000.5304163693091,265.20818465456841,0.10000000000000001
710,0,1.7770496397427837,0.059929017480397327,0.039819985628970316,-0.0048375348268750815,1000.6885379453765,344.26897268826906,0.10000000000000001
711,0,1.7873340300541842,0.059816551219264019,0.043596103908371722,-0.0047583284115329241,1000.8812991610115,440.64958050574887,0.10000000000000001
712,0,1.7971180814572925,0.059709756054461723,0.038543207531188957,-0.0067923914011102232,1000.74384526259,371.9226312949786,0.10000000000000001
713,0,1.8075249792001187,0.05962144493702011,0.044119748643785213,-0.0058276278756330003,1000.6713177218811,335.65886094055486,0.10000000000000001
714,0,1.817041327917521,0.05962901597635506,0.039087129255082426,-0.0035348081350774245,1000.5847111001644,292.35555008222036,0.10000000000000001
715,0,1.8278515684733756,0.059769872102262395,0.041864472616388267,-0.00076645995216827981,1000.0067749239312,3.3874619655875904,0.10000000000000001
716,0,1.8358737256187094,0.06018600500069559,0.039531896001744872,0.0021916812702296429,1000.4109956277405,205.49781387023813,0.10000000000000001
717,0,1.852164805177847,0.060738798941968958,0.042415143713059086,0.0030975195528698623,1000.1217092893484,60.854644674179781,0.10000000000000001
718,0,1.8521740316774349,0.060874458364918227,0.04238173947018644,0.00309159735148797,1000.1220300574128,61.015028706378871,0.10000000000000001
719,0,1.8822305494366458,0.057232190249537754,0.050584425945246161,-0.0061395517530016567,999.99938613968084,-0.30693015958149772,0.10000000000000001
720,0,1.8820383745505012,0.055960491833091798,0.048386820869906422,-0.0067181328802936209,1000.1111783524136,55.589176206808588,0.10000000000000001
721,0,1.898813214832346,0.062671948393857702,0.060574469116387523,-0.0075444834761390876,1000.0050208039121,2.5104019560444613,0.10000000000000001
722,0,1.9109159351591058,0.063553147418167963,0.058081940777956663,-0.0060747937341338225,999.91858987619491,-40.705061902542639,0.10000000000000001
723,0,1.9112603563610375,0.062957465733482529,0.058023278476620636,-0.0062180229606099736,999.94169955032532,-29.150224837337646,0.10000000000000001
724,0,0.10461164467786774,0.071378381507054042,0.096828056718416461,-0.0050633959226067133,999.65752302829969,-171.23848585015367,0.10000000000000001
725,0,0.10435234538717036,0.074349710383831411,0.096645654602616357,-0.0029007601855073886,999.6544574035405,-172.77129822974757,0.10000000000000001
726,0,0.12013993571029477,0.068125268246626902,0.092880322130858062,-0.0057813477065379358,1000.3362303998478,168.11519992387502,0.10000000000000001
727,0,0.13190074547300432,0.065936322843574258,0.095441407647730542,0.005832894438579957,999.78364288872683,-108.17855563658441,0.10000000000000001
728,0,0.13194165106430175,0.066315896999545196,0.095149590512023333,0.0057485718995944684,999.77817143258619,-110.91428370690437,0.10000000000000001
729,0,0.1619402871990632,0.070137536479349297,0.1218764566233445,0.0016176956964292892,1000.1907974718027,95.398735901369491,0.10000000000000001
730,0,0.16197121550744462,0.070499829377216786,0.12213052557111019,0.0017607762771806135,1000.1897654637115,94.882731855761904,0.10000000000000001
731,0,0.17709765329229174,0.070050334036986073,0.1243944495189782,0.00064811739942774926,1000.1975982360574,98.799118028694011,0.10000000000000001
732,0,0.18581639770542974,0.069726536183659371,0.12101823468374195,-0.0011420939922648938,1000.7565786032335,378.28930161674634,0.10000000000000001
733,0,0.1966425289699088,0.069683829615839271,0.12535275862401735,-0.0029212451492785997,1000.3303729841757,165.18649208785519,0.10000000000000001
734,0,0.20628760933745027,0.069759875944396824,0.12041050829499564,-0.0027449352105984775,1000.6313700059702,315.68500298510571,0.10000000000000001
735,0,0.21654036767504337,0.06975992960133777,0.12667528297741054,-0.0031936659926377845,1000.461917518033,230.95875901651652,0.10000000000000001
736,0,0.22641647496072492,0.069859951320074776,0.12067582517888747,-0.0029530232226495676,1000.5687181469247,284.35907346232625,0.10000000000000001
737,0,0.23666414724808579,0.069928013952544485,0.12290277967434481,-0.0027578446557538494,1000.7825095542837,391.25477714185308,0.10000000000000001
738,0,0.2464686772363596,0.069982329802917326,0.12090090423814633,-0.002608546296251043,1000.7215430634287,360.77153171436294,0.10000000000000001
739,0,0.25678246171142705,0.070011556664700686,0.11628757877454013,-0.0021797663024500616,1000.9062037901328,453.10189506642473,0.10000000000000001
740,0,0.26656724864222225,0.070042737430975083,0.11895162573888665,-0.0022653947912316518,1000.6134778940351,306.73894701754989,0.10000000000000001
741,0,0.27688494285806503,0.070082259236436836,0.11035945240553903,-0.0024558528007126166,1000.799268200734,399.63410036699543,0.10000000000000001
742,0,0.2866580059859673,0.070068990785438379,0.10986467626096943,-0.0022336111784680818,1000.7302720192179,365.136009608932,0.10000000000000001
743,0,0.29696915172352562,0.070088558365161979,0.10547725352977538,-0.0021622617642115985,1000.5941988415017,297.09942075083973,0.10000000000000001
744,0,0.30675146403633641,0.070071158964684743,0.10215036168919425,-0.002238078980876346,1000.7917984563956,395.89922819777712,0.10000000000000001
745,0,0.31703044859435636,0.07008002084419114,0.098059651502392028,-0.001833492256169046,1000.6043310906608,302.16554533041062,0.10000000000000001
746,0,0.32684418483455269,0.070065637422783156,0.096503939487419435,-0.0018385940637909732,1000.852992207038,426.49610351901401,0.10000000000000001
747,0,0.33707067798114859,0.070062780538221944,0.092337641868396755,-0.0016463266061960695,1000.6681139311297,334.05696556485509,0.10000000000000001
748,0,0.34693343996877901,0.070055179110158655,0.090492602886259627,-0.0014666930489840076,1001.0115202983371,505.76014916856593,0.10000000000000001
749,0,0.35710053935513353,0.070044839007433232,0.087585373454912477,-0.0011576647509335086,1000.8709199042594,435.45995212969046,0.10000000000000001
750,0,0.36700932329397012,0.070043040154703001,0.085220611868962765,-0.0011429285163198741,1001.2630786378616,631.53931893077697,0.10000000000000001
751,0,0.37712506044264965,0.070031504918668136,0.082744226681256069,-0.0011527023193234807,1001.2330920867403,616.54604337013552,0.10000000000000001
752,0,0.38706623188580619,0.070029781247627099,0.080429246472947455,-0.0010903665356799949,1001.6192695588533,809.63477942663076,0.10000000000000001
753,0,0.39714517757734552,0.070021348675298231,0.078882090331633362,-0.0010827585171022279,1001.646160901642,823.08045082100989,0.10000000000000001
754,0,0.4071060273120326,0.070020616711177527,0.076193893119538433,-0.0011623844792634863,1002.020777010268,1010.3885051340171,0.10000000000000001
755,0,0.4171590821321966,0.070014762275996748,0.076167971778415097,-0.00096559034824902608,1002.0542505173182,1027.1252586591118,0.10000000000000001
756,0,0.42713316149695996,0.070013085801204675,0.074368879902961579,-0.00089647918056720316,1002.3605218748155,1180.260937407752,0.10000000000000001
757,0,0.43716606459059582,0.070010005898487618,0.074438504942837685,-0.0007049682653003978,1002.4388762760608,1219.438138030398,0.10000000000000001
758,0,0.44715035057905328,0.070008117299808673,0.074047674931108046,-0.00037119407232403455,1002.6657604034798,1332.8802017398971,0.10000000000000001
759,0,0.45716722200784993,0.070006159760258271,0.074466897776571381,-6.5429876682992274e-05,1002.7425719831627,1371.2859915813738,0.10000000000000001
760,0,0.46715874754722742,0.07000551995540065,0.07413446526459265,0.0001479544200616769,1002.933212822964,1466.6064114820188,0.10000000000000001
761,0,0.47716388377586083,0.070003716916012829,0.075460060524064898,0.00041696955022426421,1002.9798656898141,1489.9328449070595,0.10000000000000001
762,0,0.48716054318500679,0.07000402474917107,0.076041051342380872,0.00068368654601130016,1003.0987860523461,1549.3930261730497,0.10000000000000001
763,0,0.49715859852086292,0.070002983939984303,0.078012024987902023,0.00082334729326474549,1003.1442289782973,1572.114489148646,0.10000000000000001
764,0,0.50715803713634311,0.070003373500042682,0.080219462644729372,0.0010123751376435273,1003.1956784909936,1597.8392454968002,0.10000000000000001
765,0,0.51715313093818682,0.070003197385890129,0.083257992358476751,0.0011336892160459721,1003.2216514348337,1610.8257174168443,0.10000000000000001
766,0,0.52715369938562429,0.070003367681748821,0.08648303832372109,0.0012634498833336706,1003.2287903933185,1614.3951966592454,0.10000000000000001
767,0,0.53714854364750297,0.070003683611213688,0.089749539217892332,0.001365543729388886,1003.2356579653596,1617.8289826797823,0.10000000000000001
768,0,0.54714883186536478,0.070003691163472978,0.092779473356139369,0.0014877579179718126,1003.2217384930992,1610.8692465496119,0.10000000000000001
769,0,0.55714486470286917,0.070004076630386936,0.095371757551752145,0.0015519242478735395,1003.2205971695169,1610.298584758425,0.10000000000000001
770,0,0.56714418252844911,0.070004218263504045,0.097672357483520683,0.0015527287997394422,1003.2066458338379,1603.3229169189553,0.10000000000000001
771,0,0.577141662748622,0.070004402580869332,0.099557704186978707,0.0015291649669845159,1003.2047971336136,1602.3985668068121,0.10000000000000001
772,0,0.58714016691146864,0.070004573244719911,0.10116087538753442,0.0014646775490457535,1003.1932812133062,1596.6406066531249,0.10000000000000001
773,0,0.59713843252114474,0.070004800316901941,0.10234823550386253,0.0013732049588041715,1003.1785938702158,1589.2969351078818,0.10000000000000001
774,0,0.60713704057238982,0.070004901117084697,0.10304429536693162,0.0012609883779608529,1003.1499807699155,1574.9903849577436,0.10000000000000001
775,0,0.61713582985906312,0.070005187128294538,0.10300970913719869,0.0010980181990885064,1003.1133222474632,1556.661123731601,0.10000000000000001
776,0,0.62713510049448218,0.07000521121323143,0.10222326859519486,0.00083357430359310032,1003.0699123620104,1534.9561810052137,0.10000000000000001
777,0,0.63713461860046694,0.070005202432295452,0.1005380936733513,0.00046370680698381748,1003.0358634264043,1517.931713202131,0.10000000000000001
778,0,0.64713435814886444,0.070005137390832806,0.097928462758070309,-1.160960350867651e-05,1003.0257353404253,1512.8676702126427,0.10000000000000001
779,0,0.65713391157401602,0.070004811115589372,0.094601536290829721,-0.0005859582875937454,1003.0386561848776,1519.3280924387977,0.10000000000000001
780,0,0.6671329732643253,0.070004511597068178,0.090765906210986763,-0.0011967507264520622,1003.0649205640193,1532.4602820096516,0.10000000000000001
781,0,0.6771319376836783,0.070004089674128828,0.086449655501087852,-0.0017470568444359321,1003.0988643609331,1549.4321804665674,0.10000000000000001
782,0,0.68713004764266206,0.070003633152153494,0.081933200531574657,-0.0021768723758922594,1003.1235673507246,1561.7836753622782,0.10000000000000001
783,0,0.69712830739004972,0.070003276634962655,0.077479870974168988,-0.0024426377688615071,1003.125135550174,1562.5677750870182,0.10000000000000001
784,0,0.70712658520701621,0.070002896856396976,0.073307955014713488,-0.0025228008571068204,1003.1058722138978,1552.9361069488914,0.10000000000000001
785,0,0.71712531472723662,0.070002633910026771,0.069670251838052852,-0.0024379309509430891,1003.0712477602262,1535.6238801131212,0.10000000000000001
786,0,0.72712463739969457,0.070002553228560735,0.066729368074438286,-0.0022141303154801428,1003.0332128459107,1516.6064229553626,0.10000000000000001
787,0,0.73712452099746839,0.070002623230894748,0.064519125045742559,-0.0018751521942800909,1003.0000772735995,1500.0386367997294,0.10000000000000001
788,0,0.74712490260974673,0.070002966927601842,0.06294551764602678,-0.0014632238875685454,1002.9771900502176,1488.5950251087934,0.10000000000000001
789,0,0.75712562335849265,0.070003487850349613,0.062057380523121729,-0.0010097741520470984,1002.9574932045786,1478.7466022892772,0.10000000000000001
790,0,0.76712683897047529,0.070004149230777218,0.061794223109616749,-0.00052265714468977605,1002.9340647153132,1467.032357656592,0.10000000000000001
791,0,0.77712852322914105,0.070004921098745426,0.062087104313337228,-3.7179976651022545e-05,1002.9047475481934,1452.3737740967135,0.10000000000000001
792,0,0.78713077532994269,0.070005624116928969,0.06307371579778781,0.00039085238305446582,1002.8654553202032,1432.727660101591,0.10000000000000001
793,0,0.79713377159031173,0.070006222814711347,0.06468248692904964,0.00071735631810554423,1002.8253711179083,1412.6855589541378,0.10000000000000001
794,0,0.80713732667456961,0.070006658045971074,0.066657910476796381,0.00089965172664716335,1002.7981968474244,1399.0984237121893,0.10000000000000001
795,0,0.81714105388702907,0.070006877599513059,0.068736890578805193,0.00089234514810852036,1002.7882146468877,1394.1073234438477,0.10000000000000001
796,0,0.82714481555778785,0.070006900883290923,0.070480515286250253,0.00067067289241941796,1002.8019870671861,1400.9935335930663,0.10000000000000001
797,0,0.8371480695452187,0.070006685023370541,0.071609899539673713,0.00025489781024619639,1002.8402582200833,1420.1291100416711,0.10000000000000001
798,0,0.84715055794764038,0.07000623065480123,0.072176711601742438,-0.00029305830651715097,1002.890014062576,1445.0070312880143,0.10000000000000001
799,0,0.85715236564676955,0.07000557206395569,0.072355052983394397,-0.00089143528783042431,1002.9415430297747,1470.7715148873604,0.10000000000000001
800,0,0.86715341743821084,0.070004740376840777,0.072576466896976777,-0.0014466468482998212,1002.9855682715364,1492.7841357682041,0.10000000000000001
801,0,0.87715403110242474,0.070003792533608208,0.073282229490700498,-0.0018562688986907873,1003.0146847532376,1507.3423766187943,0.10000000000000001
802,0,0.88715439439774701,0.07000275109894194,0.074623199173490695,-0.0020351151801512759,1003.03075402561,1515.3770128050041,0.10000000000000001
803,0,0.89715449529619795,0.070001634789495601,0.076540939565126392,-0.0019510131428067863,1003.0350551412802,1517.5275706400839,0.10000000000000001
804,0,0.90715444828520353,0.070000457828438001,0.078658602067131045,-0.0016381555342765131,1003.0322804239152,1516.1402119575769,0.10000000000000001
805,0,0.91715409719221141,0.069999184373688364,0.080442218004355803,-0.0011723920173000043,1003.0335447989569,1516.772399478441,0.10000000000000001
806,0,0.92715317548616294,0.069997789405021604,0.081576813942991322,-0.00063222063040066967,1003.0445255610102,1522.2627805051161,0.10000000000000001
807,0,0.93715155583660881,0.069996293245217611,0.08193792678454917,-8.4955707341369439e-05,1003.0651328364426,1532.566418221279,0.10000000000000001
808,0,0.94714912772041149,0.06999476786378013,0.081588780182773588,0.00041763120295723892,1003.0946867808733,1547.3433904366516,0.10000000000000001
809,0,0.95714588522149791,0.06999333465047558,0.08085393541654097,0.00085953063626019953,1003.130740751678,1565.3703758389952,0.10000000000000001
810,0,0.96714189716444732,0.069992084694509946,0.080095755991656248,0.0012602216474532891,1003.168331102329,1584.1655511645172,0.10000000000000001
811,0,0.9771372795488692,0.069991023965604526,0.079565761099624016,0.0016351606690678793,1003.2017717751801,1600.8858875900387,0.10000000000000001
812,0,0.98713219772584893,0.069990099994410221,0.079444895145209998,0.0019710938128556063,1003.226617712551,1613.3088562755233,0.10000000000000001
813,0,0.99712677046810472,0.069989232726401326,0.079753340725035093,0.0022412503742623956,1003.2398563872483,1619.9281936241618,0.10000000000000001
814,0,1.0071211194388645,0.069988347672297058,0.08034287237015722,0.0024186790544139464,1003.2411536159011,1620.576807950556,0.10000000000000001
815,0,1.0171153124121501,0.069987412969500062,0.08107664381696196,0.0024760351907478417,1003.2323942636655,1616.1971318327346,0.10000000000000001
816,0,1.0271093794967669,0.069986456368911251,0.081810625550666607,0.0023938524197216786,1003.2137096526286,1606.8548263143043,0.10000000000000001
817,0,1.0371034065470919,0.069985557631867923,0.082325578053999399,0.0021693810832092153,1003.1849009264259,1592.4504632129697,0.10000000000000001
818,0,1.0470975112480982,0.069984808548574695,0.082521774845217652,0.0018109017458122294,1003.1496261525086,1574.8130762543155,0.10000000000000001
819,0,1.0570918093376616,0.06998427936633049,0.082490156105691007,0.0013241337100685269,1003.1136149045109,1556.8074522554411,0.10000000000000001
820,0,1.0670863612840473,0.069983995045647937,0.082371627525695115,0.00070899106338039356,1003.0807122170274,1540.3561085137198,0.10000000000000001
821,0,1.0770812589655083,0.069983902919458552,0.082401949623248469,-2.0192050863424115e-05,1003.0541136367517,1527.0568183758542,0.10000000000000001
822,0,1.0870765276836645,0.069983910442949909,0.082876883564341725,-0.00080904936443530273,1003.0367246327215,1518.3623163607649,0.10000000000000001
823,0,1.0970720665136191,0.069983963459872997,0.083875431624844787,-0.0015668716357171595,1003.0278460792637,1513.9230396318339,0.10000000000000001
824,0,1.1070678234271325,0.069984052033095809,0.08526635199990952,-0.0021910919923141484,1003.025383902121,1512.6919510605035,0.10000000000000001
825,0,1.1170636335144228,0.069984194889003662,0.086812215672586804,-0.0025800853272239964,1003.0244051408267,1512.2025704133648,0.10000000000000001
826,0,1.1270593852295303,0.069984411244516861,0.088119079932148903,-0.0026509999068185471,1003.0145694967579,1507.284748378936,0.10000000000000001
827,0,1.1370552465076336,0.069984676991107081,0.088888757006740329,-0.0023794550600459356,1002.9907990747504,1495.3995373751923,0.10000000000000001
828,0,1.147051275865226,0.069984967283340249,0.089140586389928528,-0.0018219306964256639,1002.9535553639112,1476.777681955582,0.10000000000000001
829,0,1.1570476712433615,0.069985247875225559,0.089125681594339173,-0.0010972583523779647,1002.9030058443606,1451.502922180282,0.10000000000000001
830,0,1.1670447489368696,0.069985453969154204,0.08929923634960199,-0.00034460368001994218,1002.8467638193831,1423.3819096915568,0.10000000000000001
831,0,1.1770424637569432,0.069985546660137191,0.090066069531048995,0.00031104602335706795,1002.7956955090524,1397.8477545261967,0.10000000000000001
832,0,1.1870408616005492,0.069985470953065371,0.09158892188414984,0.00076724935707541699,1002.760866176477,1380.4330882384761,0.10000000000000001
833,0,1.1970396295806778,0.069985214122012335,0.093838447287894103,0.00095511888472394929,1002.7531532486781,1376.5766243390658,0.10000000000000001
834,0,1.2070382586907713,0.069984825837140954,0.096439205457360858,0.00086599796203230329,1002.7706878821269,1385.3439410634678,0.10000000000000001
835,0,1.217036592276284,0.069984298219643887,0.098910976188101019,0.0005496851330098018,1002.806649085383,1403.3245426915073,0.10000000000000001
836,0,1.2270342366674629,0.069983710700359178,0.10092108166779183,8.1193419033642359e-05,1002.8533301422146,1426.6650711073225,0.10000000000000001
837,0,1.2370311127762468,0.069983160117138996,0.10215556986115634,-0.00045966716115378246,1002.8948070811106,1447.4035405552854,0.10000000000000001
838,0,1.2470274632496776,0.069982700935557682,0.10254530147497809,-0.00099265879597779734,1002.9216488669749,1460.8244334874598,0.10000000000000001
839,0,1.257023467094087,0.069982520009760296,0.10222314223890606,-0.0014464111839413596,1002.9363300187996,1468.1650093997973,0.10000000000000001
840,0,1.2670192424797031,0.069982652349903696,0.10115066459872386,-0.0017845579006971586,1002.9417947585971,1470.8973792985489,0.10000000000000001
841,0,1.2770150045960877,0.069983127248678195,0.099330018980628654,-0.0020051680902375933,1002.9473913290109,1473.695664505442,0.10000000000000001
842,0,1.2870106214265682,0.069984032036081847,0.09682687798777477,-0.0021004826545047953,1002.9603667982767,1480.1833991383546,0.10000000000000001
843,0,1.2970061475791557,0.069985217045890252,0.0936016433046266,-0.0020651103357572594,1002.9785116974169,1489.2558487084671,0.10000000000000001
844,0,1.3070015298791828,0.069986681570724005,0.089762503482811951,-0.0019133841175415869,1002.9978064320353,1498.9032160176521,0.10000000000000001
845,0,1.3169968151982736,0.069988327123219202,0.085449421343101517,-0.0016548301707672789,1003.0058187818598,1502.9093909299149,0.10000000000000001
846,0,1.3269925110778382,0.069989958298173394,0.080911708766252449,-0.0012942242568435255,1002.9985295446098,1499.2647723049117,0.10000000000000001
847,0,1.336988351912263,0.069991662219518497,0.076405905858051001,-0.00086109614161809941,1002.9758701098352,1487.9350549176138,0.10000000000000001
848,0,1.3469852504341933,0.069993248942389133,0.072154985309414887,-0.00040361984026152266,1002.9496000104803,1474.8000052401267,0.10000000000000001
849,0,1.3569824320933637,0.069994630596016474,0.06839663371615852,2.5376590725143235e-05,1002.9342967126979,1467.1483563489573,0.10000000000000001
850,0,1.3669801757320168,0.06999596257070774,0.065156607222595822,0.00036386258935388829,1002.9339134803206,1466.956740160299,0.10000000000000001
851,0,1.3769782896821385,0.069996931849895402,0.062643755025159745,0.00057626793624919014,1002.9574686509725,1478.7343254862435,0.10000000000000001
852,0,1.3869761593490197,0.069997808327841776,0.061036912644365789,0.00067813745843718675,1003.0023611962929,1501.1805981464477,0.10000000000000001
853,0,1.3969739845521225,0.069998585816882508,0.060301334773273631,0.00070072896414039693,1003.0532860410807,1526.6430205403481,0.10000000000000001
854,0,1.4069714649038876,0.06999907223478595,0.060305366165403156,0.00067066034432568158,1003.0950295065011,1547.5147532505389,0.10000000000000001
855,0,1.4169688260042976,0.069999718523700336,0.061013631225352902,0.00064772486138941837,1003.1251277089988,1562.5638544993876,0.10000000000000001
856,0,1.4269662378933101,0.070000191256574307,0.062222233975132595,0.0006655983128389262,1003.1417419300391,1570.8709650195374,0.10000000000000001
857,0,1.4369637329148837,0.070000746669525563,0.063820248320665102,0.00072633375173364561,1003.1532663611225,1576.6331805612595,0.10000000000000001
858,0,1.446960724522244,0.070001166614348312,0.065712395577123175,0.00079461712819928177,1003.1583555806795,1579.1777903397701,0.10000000000000001
859,0,1.4569593800030576,0.070001667170302886,0.068060036235630589,0.00087453511653128502,1003.179411672323,1589.7058361614995,0.10000000000000001
860,0,1.4669548673337527,0.070001816993259289,0.070671465147023826,0.00091307196699525871,1003.1885373889919,1594.2686944959519,0.10000000000000001
861,0,1.4769549164485931,0.070002302553811943,0.073765575400498343,0.00088423303440653979,1003.217711527816,1608.855763908025,0.10000000000000001
862,0,1.4869488757054197,0.070002522810782175,0.077108020649729478,0.00088268343892311714,1003.2264040743872,1613.2020371936164,0.10000000000000001
863,0,1.4969493644748468,0.070002618189996119,0.080417923911537459,0.00083605181577956693,1003.2393774514794,1619.6887257397066,0.10000000000000001
864,0,1.5069432621942653,0.070003368947642391,0.083494471797478112,0.00077973546361210708,1003.2298354501298,1614.9177250649132,0.10000000000000001
865,0,1.5169423599307463,0.070003071808969169,0.08575905529051607,0.00061947290421436759,1003.1955212799841,1597.7606399920319,0.10000000000000001
866,0,1.5269395650922111,0.070004638423348434,0.087794032857520132,0.00049574091177956206,1003.1667268941025,1583.3634470512266,0.10000000000000001
867,0,1.5369348121106268,0.070004513057909126,0.088300501482262372,0.00022609781123440498,1003.0493625828125,1524.6812914062389,0.10000000000000001
868,0,1.5469403853603323,0.07000649470755442,0.089625536527608032,-9.3705558237861872e-05,1003.0114020343651,1505.7010171825596,0.10000000000000001
869,0,1.5569294192493197,0.070007792632848231,0.08918939673232644,-0.00033045524401412602,1002.8102649352857,1405.1324676428294,0.10000000000000001
870,0,1.5669476965655982,0.070009230614884024,0.089479408666236507,-0.00070610400292932382,1002.725862851892,1362.9314259459875,0.10000000000000001
871,0,1.576929841594888,0.070012269545763867,0.088948639770466492,-0.0010396369653155172,1002.4850961417093,1242.5480708546388,0.10000000000000001
872,0,1.5869633874898235,0.07001401505410805,0.088805015706759249,-0.0012688307580916171,1002.3841178751996,1192.0589375998247,0.10000000000000001
873,0,1.5969379918271673,0.070016896578643045,0.086953786645974682,-0.0013249608634293892,1002.0755021440137,1037.7510720068699,0.10000000000000001
874,0,1.6069885061108296,0.070021899264840828,0.086595884926290209,-0.0014873918057021387,1002.0028328914649,1001.4164457324455,0.10000000000000001
875,0,1.6169548503326407,0.070023180391661916,0.083932105409556645,-0.0013588509159873166,1001.6361119784523,818.05598922613854,0.10000000000000001
876,0,1.6270274737587407,0.070033290872401815,0.082190838357789744,-0.0012553492990171667,1001.5719621366279,785.98106831395853,0.10000000000000001
877,0,1.636978123115709,0.070033809531358057,0.079721229883148781,-0.0012893025364331045,1001.1807748951061,590.38744755304151,0.10000000000000001
878,0,1.6470870918580898,0.070048774334218911,0.077309681597472216,-0.0012282582247494713,1001.2064958804935,603.24794024677431,0.10000000000000001
879,0,1.6570041849966757,0.070047016611753332,0.074729857054385396,-0.0012891827586375419,1000.7941556363744,397.07781818719923,0.10000000000000001
880,0,1.6671685367609799,0.070059321287020235,0.071820193907288957,-0.0015425839379232856,1000.9594937953111,479.74689765555922,0.10000000000000001
881,0,1.6770333932662409,0.070062726310926499,0.069952797847617501,-0.001765226862089791,1000.5896205506186,294.81027530931669,0.10000000000000001
882,0,1.687263342984527,0.070066237884949617,0.065729528534671636,-0.0018315154293167453,1000.8037123485913,401.85617429563081,0.10000000000000001
883,0,1.6970724265429749,0.070078631545948455,0.064183997553010977,-0.0019021759805388028,1000.5171254311152,258.56271555761623,0.10000000000000001
884,0,1.7073573135288964,0.070071622903443848,0.060098045183072692,-0.0022523839961368299,1000.7178250600338,358.91253001688028,0.10000000000000001
885,0,1.7171359397597925,0.070086752811684111,0.056762113965022877,-0.0023521084443284841,1000.5027858273564,251.3929136782167,0.10000000000000001
886,0,1.7274492368287351,0.070068172332662035,0.052439018476635874,-0.0024938649461379385,1000.6509431226789,325.471561339441,0.10000000000000001
887,0,1.737225394013675,0.070076744684128819,0.051942255723854497,-0.0027535104013653197,1000.7036820611235,351.84103056172944,0.10000000000000001
888,0,1.7475367544990386,0.070037238503913885,0.043206704130646929,-0.002465288035875899,1000.5128929678593,256.44648392966474,0.10000000000000001
889,0,1.757333263065562,0.070001492731859419,0.046408978565935198,-0.0025323655975035418,1000.8093976259177,404.69881295882715,0.10000000000000001
890,0,1.7676257923858003,0.06997637272838747,0.041079083874672066,-0.0030054252403474936,1000.5337029480405,266.85147402025677,0.10000000000000001
891,0,1.7774555519932822,0.069914178551859676,0.03986594036194132,-0.0033523468595797411,1000.6609438811963,330.47194059815865,0.10000000000000001
892,0,1.7876583868202696,0.069850273196006951,0.041024166169688792,-0.0038671582093751603,1000.2977878200184,148.8939100091784,0.10000000000000001
893,0,1.7975811835808559,0.069730561780708689,0.035723760318242564,-0.0044451156194765711,1000.3624640820154,181.23204100771773,0.10000000000000001
894,0,1.8077571775179799,0.069721921025303488,0.041381845932897468,-0.0044276612814642645,1000.436531468242,218.2657341210188,0.10000000000000001
895,0,1.8174299476742779,0.069626349235719018,0.035818946954837672,-0.0046824346712316823,1000.3244188895036,162.20944475179522,0.10000000000000001
896,0,1.8281877833740556,0.069690961033241045,0.039772987108088763,-0.0023346776870920675,1000.5847948983569,292.39744917845201,0.10000000000000001
897,0,1.8368924891740164,0.070048743722153556,0.035854531746586107,0.00038327562686993132,1000.1565675258491,78.28376292457051,0.10000000000000001
898,0,1.8520547634592641,0.070491727902086868,0.038726805612165661,0.0017639250875683028,1000.1488152734969,74.407636748446748,0.10000000000000001
899,0,1.8520787717432354,0.070131313223589786,0.038900186577172979,0.0016500867523024385,1000.1498219377645,74.910968882250017,0.10000000000000001
900,0,1.8820118072172065,0.066011024138511357,0.065114067682583168,0.00091854380116209843,999.70303953969471,-148.48023015264289,0.10000000000000001
901,0,1.8820442781974702,0.06563588139759377,0.064609004391006294,0.00099030936413385543,999.70970189501452,-145.14905249274079,0.10000000000000001
902,0,1.8936077390506951,0.067927758767246826,0.063868940599841925,-0.0062327625608728258,1000.428699121861,214.3495609304864,0.10000000000000001
903,0,1.9096545636757707,0.074484006328393984,0.064452633878287216,-0.0016878164731315727,999.62184640379917,-189.076798100416,0.10000000000000001
904,0,1.9093461192982513,0.071558666391235745,0.064031632834942898,-0.0035773142818169294,999.60314157609218,-198.42921195390772,0.10000000000000001
905,0,0.10356018397546148,0.08206121178005997,0.093929583685749468,-0.0012665414809167432,999.82961210544806,-85.193947275968185,0.10000000000000001
906,0,0.10355782686321187,0.082754675402397393,0.093929320080203063,-0.0015554690565472624,999.83649818151173,-81.750909244135528,0.10000000000000001
907,0,0.12164294785031962,0.079710960744496559,0.07581112078742662,0.0020596865427310296,1000.7682439592518,384.12197962588834,0.10000000000000001
908,0,0.132678136193149,0.077610060486795932,0.089441906017579925,-0.0021936310636882137,999.61068475883962,-194.65762058018754,0.10000000000000001
909,0,0.13264763292548826,0.076959204856497737,0.089796256903390742,-0.0013765228402754875,999.61049034577229,-194.75482711385439,0.10000000000000001
910,0,0.16266480402279637,0.080214420518886234,0.12818946596211137,0.00083705971637302277,1000.1854705437786,92.7352718892962,0.10000000000000001
911,0,0.16267483011410888,0.080414215233339068,0.1283088298328782,0.00092721925994831663,1000.1858026766569,92.901338328431393,0.10000000000000001
912,0,0.17753052238286815,0.079838512983961302,0.13095413779400963,0.00069092006877631768,1000.2671374314399,133.56871571994589,0.10000000000000001
913,0,0.1862167038221611,0.079801733165270894,0.12654305712974567,-0.00070731651090527028,1000.4813770438039,240.68852190197276,0.10000000000000001
914,0,0.19684747966884739,0.07980456576779614,0.13253594691768983,-0.0018841744778414979,1000.4876807646749,243.84038233745287,0.10000000000000001
915,0,0.2064179079538688,0.079625997498274245,0.12524318978884991,-0.0019843571871432548,1000.717337163095,358.66858154747661,0.10000000000000001
916,0,0.21658648654838072,0.079794647814243724,0.12958166854510489,-0.0028045438139578595,1000.8325654792565,416.28273962822959,0.10000000000000001
917,0,0.22639037999633016,0.079846286763346749,0.12337331812949046,-0.0036116745239146552,1000.7001734722635,350.08673613174324,0.10000000000000001
918,0,0.23654418371990052,0.079932005370927248,0.12556161515165581,-0.0030697983255862041,1000.8476639586466,423.8319793233245,0.10000000000000001
919,0,0.24644474129957875,0.079928403575036777,0.12341286845488185,-0.0025160471879395944,1000.4348376775357,217.4188387678555,0.10000000000000001
920,0,0.2566249805388629,0.080044015546572145,0.1185016592807033,-0.0015554095847686899,1000.9055819441497,452.79097207486529,0.10000000000000001
921,0,0.26650613037287751,0.079989369600598575,0.1202565981036447,-0.001831118556891448,1000.4564129385799,228.20646928994393,0.10000000000000001
922,0,0.2767476444157016,0.080071935304446104,0.11266092982235468,-0.0015954641283998756,1000.7813973535057,390.69867675283376,0.10000000000000001
923,0,0.28659144447278007,0.080040209293081116,0.11199118808588726,-0.0012678182329480007,1000.6405354794076,320.26773970380873,0.10000000000000001
924,0,0.29685524416028747,0.080073076944643898,0.10704632623183309,-0.001214593071560291,1000.6496556522814,324.82782614067673,0.10000000000000001
925,0,0.30668838082605354,0.080042641062215841,0.10442963351054724,-0.0014036994140186035,1000.724492196189,362.24609809448793,0.10000000000000001
926,0,0.31694556476816599,0.080072122361444439,0.099897049173123448,-0.0011944163543551583,1000.6581214780831,329.06073904155164,0.10000000000000001
927,0,0.32678698476696427,0.08004302120809334,0.098878586807442867,-0.0010874089056313353,1000.7971215868774,398.56079343871897,0.10000000000000001
928,0,0.33702029504850955,0.080057034098727886,0.094090039216384924,-0.00094743008948888817,1000.7233169283548,361.65846417742387,0.10000000000000001
929,0,0.34688055564785425,0.08003713111010835,0.093071529477315063,-0.00092365402067941423,1000.9882911552615,494.14557763077482,0.10000000000000001
930,0,0.35707651685542718,0.080041147250589445,0.089559954103434813,-0.00050181694723883488,1000.887201573203,443.60078660150748,0.10000000000000001
931,0,0.36696636146142719,0.080033488907877634,0.087360070104675988,-0.00053140348079256869,1001.2822058454093,641.10292270464697,0.10000000000000001
932,0,0.37711594303598461,0.080027396771220657,0.084712869232792365,-0.00037441183073942479,1001.224058728709,612.02936435449828,0.10000000000000001
933,0,0.38703664243428526,0.080027270434704173,0.082561205801515117,-0.00041085977928124751,1001.638386178467,819.19308923352219,0.10000000000000001
934,0,0.3971436043372269,0.080017331322462262,0.080776696452021096,-0.0003809228839215223,1001.6253702360669,812.6851180334711,0.10000000000000001
935,0,0.4070901561963689,0.080019656508154707,0.078202959687254686,-0.00053479275229061595,1002.0454992607685,1022.7496303842258,0.10000000000000001
936,0,0.41715996644593645,0.080012326614601129,0.078380309998757502,-0.00042116644636328363,1002.0282028894193,1014.1014447096381,0.10000000000000001
937,0,0.42712875115233384,0.080011796251232628,0.076331725549393784,-0.00037334500758680567,1002.380374967115,1190.1874835575086,0.10000000000000001
938,0,0.43717007358866772,0.080008853470379518,0.076750336680779283,-0.00025862158824932659,1002.4209375633499,1210.4687816749333,0.10000000000000001
939,0,0.44715222309412511,0.080007389745136867,0.07628382664314709,2.4763266848889014e-05,1002.6643921292711,1332.1960646355251,0.10000000000000001
940,0,0.45717548247488976,0.080005460932494374,0.076680528886130458,0.00023259314101980061,1002.7303520447009,1365.1760223504539,0.10000000000000001
941,0,0.46716562170029063,0.080005472033868194,0.076246003996883971,0.00042858808928777534,1002.9335619151183,1466.7809575591377,0.10000000000000001
942,0,0.477174561508657,0.080003770710265695,0.077679920569660749,0.00059289763339102582,1002.9705937447222,1485.2968723611184,0.10000000000000001
943,0,0.48717236400324365,0.080003906953680384,0.078034763507690022,0.00068997103126625179,1003.10231026497,1551.1551324850075,0.10000000000000001
944,0,0.49717146082258479,0.080003801908970829,0.080057617328822592,0.00070237265236617187,1003.1490369417393,1574.5184708696343,0.10000000000000001
945,0,0.50717316013029412,0.0800030905551255,0.082178971702544248,0.00072038857867169973,1003.2044994453787,1602.2497226893506,0.10000000000000001
946,0,0.51716885068516505,0.080003530585813068,0.085218212711029515,0.00071303287374521317,1003.2342451206109,1617.1225603054609,0.10000000000000001
947,0,0.52717121852902993,0.080003347659535901,0.088401747603898628,0.00071921717854456495,1003.2422120004427,1621.1060002213458,0.10000000000000001
948,0,0.5371669751961502,0.080003260556499159,0.091713551424170148,0.00076179235209428197,1003.2461387643211,1623.0693821605655,0.10000000000000001
949,0,0.54716878857734541,0.080003706271810235,0.094753824361622122,0.00088377648975035124,1003.226614049469,1613.3070247345245,0.10000000000000001
950,0,0.55716593445700879,0.080003737876331554,0.097283950773825401,0.0010173572331766581,1003.2236607785158,1611.8303892578751,0.10000000000000001
951,0,0.56716676994419557,0.080004209833042864,0.099559005913437568,0.0011372830292621257,1003.2051589425402,1602.5794712700758,0.10000000000000001
952,0,0.57716511277931293,0.080004578908710919,0.10141085302988452,0.0012433047489532419,1003.1987559844871,1599.3779922435465,0.10000000000000001
953,0,0.58716542976347619,0.080004865500443209,0.10295149944763463,0.0012959465152145651,1003.1834924976373,1591.7462488186516,0.10000000000000001
954,0,0.59716457905961418,0.080005387027789546,0.104059235502018,0.0012408987837706825,1003.1693094676837,1584.6547338418304,0.10000000000000001
955,0,0.60716473481017297,0.08000557435973038,0.10472619110968832,0.0011184830731227435,1003.1391214551586,1569.5607275793009,0.10000000000000001
956,0,0.61716484377129655,0.080005979887117593,0.10461849562821181,0.00097583316794563923,1003.1047118045042,1552.3559022520885,0.10000000000000001
957,0,0.62716521922251778,0.080006274625964366,0.1037395705115771,0.00078630273844817349,1003.0634952387832,1531.7476193915809,0.10000000000000001
958,0,0.63716627626502043,0.08000653815160734,0.10198392797593844,0.00056744437212283489,1003.0293931298395,1514.6965649197455,0.10000000000000001
959,0,0.64716707275823571,0.080006804410172494,0.099307719467514058,0.00035854361107754161,1003.0164357404059,1508.217870202941,0.10000000000000001
960,0,0.65716801177086825,0.080006926645077692,0.095887257709231954,0.00011761743468545035,1003.0246023464778,1512.3011732388818,0.10000000000000001
961,0,0.66716837675891139,0.080007074255599081,0.092023340689754152,-0.00018588152138026637,1003.0428404903178,1521.420245158879,0.10000000000000001
962,0,0.67716861170561649,0.080007058659784552,0.087750571602293478,-0.00049604022246067141,1003.0647643270884,1532.3821635441846,0.10000000000000001
963,0,0.68716827062846819,0.080006946565335288,0.083304900821205799,-0.00078593423281591245,1003.0779826544732,1538.9913272366016,0.10000000000000001
964,0,0.69716803094220403,0.080006868089914043,0.078973215589396517,-0.0010290189641628731,1003.0680196228232,1534.009811411579,0.10000000000000001
965,0,0.70716787035828965,0.080006654067749775,0.074952651095799794,-0.0011651511680140004,1003.0377765948828,1518.8882974413787,0.10000000000000001
966,0,0.71716836967688213,0.080006472669011106,0.071457630362894417,-0.0011629666266726273,1002.9948414132326,1497.4207066163103,0.10000000000000001
967,0,0.7271693488150377,0.080006457326905187,0.068633070651387046,-0.0010371454375093696,1002.9521191812072,1476.0595906035974,0.10000000000000001
968,0,0.73717098769186074,0.080006525345166654,0.06649974389117673,-0.00082810065189451994,1002.9185278666024,1459.2639333012016,0.10000000000000001
969,0,0.74717312496246258,0.080006817866876245,0.064947573831855093,-0.00058983976760907037,1002.9008326768462,1450.4163384231106,0.10000000000000001
970,0,0.75717543399708287,0.080007260000957051,0.06405308900572626,-0.00037470226683263843,1002.8912053652666,1445.6026826333073,0.10000000000000001
971,0,0.76717826934657407,0.080007786616138693,0.063770733989891637,-0.00020402300367097464,1002.8806991225538,1440.3495612768893,0.10000000000000001
972,0,0.77718142553076797,0.080008363934502599,0.064015567252886818,-7.7417688579139014e-05,1002.8656756982966,1432.8378491483136,0.10000000000000001
973,0,0.78718511612514241,0.080008802372474874,0.064927242004836516,5.8828285604400879e-06,1002.8401932278742,1420.0966139371189,0.10000000000000001
974,0,0.7971895344955412,0.080009111763792815,0.066446212566928259,5.3846742494890914e-05,1002.8123021597954,1406.151079897711,0.10000000000000001
975,0,0.80719440918625363,0.08000926859421259,0.068317401189324931,8.6015191839404411e-05,1002.7944700311765,1397.2350155882509,0.10000000000000001
976,0,0.81719951445684436,0.080009268217306181,0.070262899259949593,0.00010289634504834005,1002.7911473172823,1395.5736586411263,0.10000000000000001
977,0,0.8272046052066272,0.080009209630117664,0.071855494256076763,7.4737623445952862e-05,1002.8101979219539,1405.0989609769431,0.10000000000000001
978,0,0.83720912867656561,0.080009065964768006,0.072853310875430913,-2.4882163003286436e-05,1002.8521791596078,1426.089579803886,0.10000000000000001
979,0,0.84721289425425916,0.080008839383132899,0.073327333220330471,-0.00020731273291085481,1002.9036787797264,1451.8393898632098,0.10000000000000001
980,0,0.8572159160547399,0.080008513989542063,0.073463687359514473,-0.00047229062030877943,1002.9551574175399,1477.5787087699541,0.10000000000000001
981,0,0.86721818596922651,0.080008046179148001,0.073715981307905368,-0.00079270691757240652,1002.9976129094943,1498.8064547471254,0.10000000000000001
982,0,0.87722001809971317,0.080007474870329651,0.074539456956045275,-0.001103705808805143,1003.023863184403,1511.9315922015062,0.10000000000000001
983,0,0.88722157511183797,0.080006792846378877,0.076069602049682161,-0.001314340505347258,1003.0357393591468,1517.8696795733799,0.10000000000000001
984,0,0.89722288467407629,0.080006025122184715,0.078198256833698326,-0.0013433712324975105,1003.0351464162354,1517.5732081177102,0.10000000000000001
985,0,0.907223988264101,0.080005230381284057,0.080497241726250043,-0.0011495200666399531,1003.0273117817785,1513.6558908892539,0.10000000000000001
986,0,0.91722471666288796,0.080004395608205256,0.082408224818699777,-0.00073200807878204277,1003.0224551032831,1511.2275516415252,0.10000000000000001
987,0,0.92722481822454272,0.080003523643915969,0.083594139097384959,-0.00014038455605874534,1003.0255999420255,1512.7999710127256,0.10000000000000001
988,0,0.9372241283761964,0.080002609063087635,0.083908147004836592,0.00051050919591792904,1003.0370343313685,1518.5171656842726,0.10000000000000001
989,0,0.94722255615971118,0.080001650675565777,0.083430629975915077,0.0010781036264365363,1003.056697304981,1528.3486524904788,0.10000000000000001
990,0,0.95722012131989365,0.080000720572479755,0.082540020780649259,0.0014579646034062097,1003.0833917328235,1541.6958664117715,0.10000000000000001
991,0,0.96721691592220549,0.07999987611185716,0.08164379324967859,0.0016176138602510962,1003.1134281467519,1556.7140733759288,0.10000000000000001
992,0,0.97721307708649829,0.079999121535096807,0.081009565721440385,0.001594191301295484,1003.1414942346559,1570.7471173279259,0.10000000000000001
993,0,0.98720877285585862,0.079998435823859709,0.080824213279759097,0.0014765888271778928,1003.1635639555559,1581.7819777779505,0.10000000000000001
994,0,0.99720410479696875,0.079997783332426256,0.081109573390135442,0.0013805121295175499,1003.1768035665812,1588.4017832905784,0.10000000000000001
995,0,1.0071991419691493,0.079997139140253026,0.081692549229194833,0.0014035081445713108,1003.1795121290597,1589.7560645298654,0.10000000000000001
996,0,1.017193937995085,0.079996493755194242,0.082390814188357878,0.0015690593375331935,1003.1722719432723,1586.1359716361676,0.10000000000000001
997,0,1.0271885171814732,0.07999584978878975,0.083030086963825536,0.0018123704463802925,1003.1559205141656,1577.9602570827933,0.10000000000000001
998,0,1.0371829227598135,0.07999522965794223,0.083386487932805231,0.0020168233523442003,1003.1312098219375,1565.6049109687729,0.10000000000000001
999,0,1.0471772622785835,0.079994665028185447,0.083368537800151632,0.0020553729830457804,1003.1012361834569,1550.6180917284382,0.10000000000000001
1000,0,1.0571716707365877,0.079994180601197548,0.083090620717877678,0.0018298225919244444,1003.0711632520012,1535.5816260005781,0.10000000000000001
1001,0,1.0671662477934765,0.079993794843620444,0.082739946242402843,0.0013157125975694639,1003.0448949595308,1522.4474797653897,0.10000000000000001
1002,0,1.0771611123912492,0.079993483308510555,0.082609855237690627,0.0005784002083706756,1003.0249217254355,1512.4608627177736,0.10000000000000001
1003,0,1.0871563138608411,0.079993203690752898,0.083042984808984144,-0.0002481788754629383,1003.0131452967462,1506.5726483730941,0.10000000000000001
1004,0,1.0971517828272344,0.079992985270762568,0.084130484460973959,-0.00099917007639639178,1003.0088736602522,1504.4368301261102,0.10000000000000001
1005,0,1.107147432936153,0.079992859780227674,0.085714247318154385,-0.0015347635019066896,1003.0107502409948,1505.3751204973764,0.10000000000000001
1006,0,1.117143099758624,0.079992829365942097,0.087516632970043903,-0.0017840990297730939,1003.0148520925911,1507.4260462955635,0.10000000000000001
1007,0,1.1271386670864749,0.079992892488702907,0.089097331658558418,-0.001744411815131144,1003.011550928187,1505.7754640935173,0.10000000000000001
1008,0,1.1371342458455529,0.079992983614400368,0.090097368500712746,-0.0014686936846614734,1002.9955288657249,1497.7644328624251,0.10000000000000001
1009,0,1.1471299277145866,0.079993073571619361,0.090482384868747212,-0.0010540530074810773,1002.9664422929757,1483.2211464878355,0.10000000000000001
1010,0,1.1571258910916287,0.079993153111805382,0.09048347450872718,-0.00061218614105345128,1002.9233321698005,1461.6660849002301,0.10000000000000001
1011,0,1.1671224708051304,0.079993172678108029,0.090572149008839559,-0.00023426733728088462,1002.8726864934127,1436.3432467063717,0.10000000000000001
1012,0,1.1771196957524577,0.079993167955452263,0.09118186801498869,3.083068753951336e-05,1002.8243943882009,1412.197194100429,0.10000000000000001
1013,0,1.1871175552445357,0.079993129313963851,0.092493554338960726,0.00016728559993269495,1002.78823333476,1394.1166673799898,0.10000000000000001
1014,0,1.1971158405040385,0.079993038805964395,0.094510317446428169,0.00017763619681971537,1002.7748554553365,1387.4277276682392,0.10000000000000001
1015,0,1.2071140583120192,0.079992929006032554,0.096911035076625032,9.7771365717018406e-05,1002.7828075899156,1391.403794957796,0.10000000000000001
1016,0,1.2171119589384478,0.079992706625963847,0.099233602283259739,-2.1472800350429116e-05,1002.8040812759351,1402.0406379675592,0.10000000000000001
1017,0,1.2271093384440614,0.079992391662055337,0.10113243241345964,-0.00016393803221347527,1002.8311832617081,1415.5916308540668,0.10000000000000001
1018,0,1.2371060548820116,0.079992043247723493,0.10230524978572955,-0.00032859504043756014,1002.8510161694179,1425.5080847089516,0.10000000000000001
1019,0,1.2471023546139546,0.079991680357716186,0.10269264789337901,-0.00049470156547775518,1002.8565918495402,1428.2959247701115,0.10000000000000001
1020,0,1.2570985278615465,0.07999149896148218,0.1024062693689511,-0.00064540411509359495,1002.8527731219909,1426.3865609954678,0.10000000000000001
1021,0,1.2670945196478629,0.079991537760824086,0.10137938742478513,-0.00078012868760452242,1002.8450492652013,1422.5246326006413,0.10000000000000001
1022,0,1.2770907234837012,0.079991852050655191,0.099620599211508815,-0.00088580003040438816,1002.8454595956648,1422.7297978324032,0.10000000000000001
1023,0,1.2870868401525806,0.079992510436270509,0.097209119233937005,-0.0009248734929096752,1002.861956785955,1430.9783929775222,0.10000000000000001
1024,0,1.2970828039574906,0.079993361465656707,0.094082778734875985,-0.0008613332404817795,1002.8902728093713,1445.136404685627,0.10000000000000001
1025,0,1.3070787704048579,0.079994442757525958,0.090330515866310204,-0.00068487177151521194,1002.9246043989093,1462.3021994546548,0.10000000000000001
1026,0,1.3170744939987624,0.079995607516502865,0.086085283549736866,-0.00041308807976376345,1002.9511654938192,1475.5827469095948,0.10000000000000001
1027,0,1.327070596072961,0.079996650108787704,0.08157855640653125,-8.8985350569684314e-05,1002.9630325050982,1481.5162525491132,0.10000000000000001
1028,0,1.3370669538012026,0.079997692541537796,0.077048086680541042,0.00022282573270944396,1002.9583357605765,1479.1678802882302,0.10000000000000001
1029,0,1.3470641437797948,0.079998576562009607,0.072740995419712531,0.00048512316886215241,1002.9484437288229,1474.2218644114473,0.10000000000000001
1030,0,1.3570617563300964,0.079999210050451131,0.068875927717163971,0.00067055524847339581,1002.9439416421644,1471.9708210822091,0.10000000000000001
1031,0,1.3670601055662284,0.079999825212709388,0.065506722454225286,0.0007542052778720319,1002.950217118658,1475.1085593289872,0.10000000000000001
1032,0,1.3770585279674785,0.080000207515973282,0.062903879449855885,0.00078669761251083767,1002.9757429566092,1487.8714783046121,0.10000000000000001
1033,0,1.3870573881103623,0.080000541657915133,0.061225189776237178,0.00080749178647082772,1003.018916644519,1509.4583222594906,0.10000000000000001
1034,0,1.3970557695990844,0.080000845997896836,0.060434881846731237,0.00080849570566638568,1003.0657904442842,1532.8952221420877,0.10000000000000001
1035,0,1.407054168885373,0.080000969566554295,0.060410420190560483,0.00079462442936694116,1003.1026500984011,1551.3250492005568,0.10000000000000001
1036,0,1.417052763445745,0.080001337512307369,0.06114117483630984,0.00079253150483664381,1003.1323055544107,1566.1527772053319,0.10000000000000001
1037,0,1.4270507711929838,0.080001298519517289,0.062326953781794592,0.00076227396436702964,1003.1465292172652,1573.2646086325985,0.10000000000000001
1038,0,1.4370499937483361,0.080001515806316079,0.063924727172093618,0.00067159804317077926,1003.1611853913782,1580.5926956891199,0.10000000000000001
1039,0,1.4470475913335124,0.080001620092255241,0.065818718314511748,0.00056946975628134329,1003.1684999540549,1584.2499770274685,0.10000000000000001
1040,0,1.4570478756762633,0.080001531695215594,0.068172807481859457,0.00047550354893657242,1003.1922691311617,1596.1345655808259,0.10000000000000001
1041,0,1.4670443645046869,0.080002008859115334,0.070744052079290923,0.00040215191904199822,1003.2009925200144,1600.496260007219,0.10000000000000001
1042,0,1.4770460380241814,0.08000180415102115,0.073837751198644233,0.00034302885337818344,1003.2315724395891,1615.7862197945292,0.10000000000000001
1043,0,1.4870411476114771,0.080002351635393626,0.077240373093774947,0.00036248312183355565,1003.2417615585258,1620.8807792629045,0.10000000000000001
1044,0,1.4970433202318758,0.080002722467723442,0.080480783890601135,0.00042281972305110001,1003.2490280233843,1624.5140116921561,0.10000000000000001
1045,0,1.5070384879436181,0.080002566020220559,0.083536146860360788,0.00047732358099693951,1003.2339695259083,1616.9847629541323,0.10000000000000001
1046,0,1.5170395733807494,0.08000361727345405,0.085685639109908437,0.00050292949533513721,1003.1929438420218,1596.4719210109024,0.10000000000000001
1047,0,1.5270385734767711,0.080003679047701934,0.087736014766078702,0.00050018962925854832,1003.16053550448,1580.2677522399904,0.10000000000000001
1048,0,1.5370350415216414,0.08000417670824464,0.087996754242113132,0.0004120317279953858,1003.0320192041959,1516.0096020979381,0.10000000000000001
1049,0,1.5470445684265453,0.080005568911728664,0.08938141837785539,0.00021734026233562653,1003.0009840971653,1500.4920485826574,0.10000000000000001
1050,0,1.5570332413184218,0.08000624439628129,0.088867028034108508,-7.9734970791036405e-06,1002.7942065350521,1397.1032675260631,0.10000000000000001
1051,0,1.5670569193472095,0.0800078984423786,0.089099584478405283,-0.00024907504602158858,1002.7186302742746,1359.3151371372869,0.10000000000000001
1052,0,1.5770390777445065,0.080009744130789109,0.08855928729215734,-0.0005597913491360068,1002.4668279538112,1233.413976905581,0.10000000000000001
1053,0,1.5870790552952834,0.080013065865442046,0.088737179062107777,-0.00066239840888871664,1002.3994247586254,1199.7123793127003,0.10000000000000001
1054,0,1.5970510346806088,0.080013390171994561,0.086638253407816029,-0.00072832345750756949,1002.0399308703545,1019.9654351772551,0.10000000000000001
1055,0,1.6071171715755375,0.080022164467309601,0.086587983764881082,-0.0008049780094399778,1002.0232163402234,1011.6081701116855,0.10000000000000001
1056,0,1.6170697535269012,0.08001882612512129,0.083914085611496436,-0.00064597555065392949,1001.5981221999211,799.06109996056784,0.10000000000000001
1057,0,1.6271731664188209,0.080030177888218368,0.082116832859952735,-0.00067543453985981791,1001.5942061041667,797.10305208334375,0.10000000000000001
1058,0,1.6370987439745892,0.080029036237218104,0.079645099302471073,-0.00058904526153276534,1001.1628403676792,581.42018383961158,0.10000000000000001
1059,0,1.647249213774227,0.080035307200833128,0.077151458551456331,-0.00073950358996373506,1001.2292081185205,614.60405926027306,0.10000000000000001
1060,0,1.6571385801296479,0.080043087775780952,0.074704991162649323,-0.00063164307537597899,1000.8073750080347,403.68750401734133,0.10000000000000001
1061,0,1.667340667600069,0.080038152269445911,0.071171871460040254,-0.00099470919779043689,1000.9159684166331,457.98420831653175,0.10000000000000001
1062,0,1.6771968863841298,0.080059906276056747,0.070219773494005919,-0.00097686210625584548,1000.63599567955,317.99783977498919,0.10000000000000001
1063,0,1.6874364670560598,0.080043487379598446,0.065260992974576382,-0.0010924510859665851,1000.7043534490299,352.17672451494764,0.10000000000000001
1064,0,1.6972760053099527,0.080072488268760164,0.064316142956962349,-0.0012285817195936228,1000.5695288680542,284.76443402712448,0.10000000000000001
1065,0,1.7075346875419339,0.080041484937329377,0.059729566468695254,-0.0014424754522058595,1000.6338057747041,316.90288735205741,0.10000000000000001
1066,0,1.717369238274594,0.080070212992001955,0.05706949066290494,-0.0011904150484733937,1000.5558342983488,277.91714917441368,0.10000000000000001
1067,0,1.7276300988056195,0.0800380131696206,0.052154964851549822,-0.0012709579051240019,1000.5365235798164,268.26178990819471,0.10000000000000001
1068,0,1.7374798041065966,0.080067919145763472,0.05163402770857372,-0.0016678436364522681,1000.684288824163,342.14441208149537,0.10000000000000001
1069,0,1.7477098372590043,0.079985851339603356,0.043752672314032813,-0.001877659755243408,1000.3154411629989,157.72058149946133,0.10000000000000001
1070,0,1.7576077371570831,0.080031901811102465,0.046039666270529633,-0.0018865231237391493,1000.8369406668305,418.4703334152573,0.10000000000000001
1071,0,1.7677600382058987,0.079914966861159759,0.040393568513364252,-0.0029783384597334484,1000.3046965829595,152.34829147976825,0.10000000000000001
1072,0,1.7776892451673734,0.079903472649485274,0.039111038358406056,-0.0036993333308153213,1000.8502364273243,425.11821366213098,0.10000000000000001
1073,0,1.7877971648371382,0.079820907964190932,0.040201916367866082,-0.0041769163548171853,1000.6038797355639,301.93986778192539,0.10000000000000001
1074,0,1.7976247593106578,0.079755282986800069,0.034424470564805694,-0.0034137913565464519,1000.8411434926419,420.57174632094529,0.10000000000000001
1075,0,1.8077458281086214,0.079598480397565161,0.038165820521594562,-0.0026865650324280578,1000.6080290972616,304.01454863078925,0.10000000000000001
1076,0,1.8173296971282027,0.0797886758475881,0.030405961512422641,-0.0027948315759401643,1000.4179447009161,208.97235045805473,0.10000000000000001
1077,0,1.8279341173267056,0.079775308320435154,0.036737324424426149,-0.0017933519911570307,1000.4291685024526,214.58425122631297,0.10000000000000001
1078,0,1.8366333193192759,0.07982331727219541,0.031283736526014662,3.8045390652793879e-05,1000.2105649504293,105.28247521466483,0.10000000000000001
1079,0,1.8514731042268666,0.080416619549830773,0.034031868435144191,0.0011129987060539154,1000.150095412513,75.047706256498259,0.10000000000000001
1080,0,1.8514814232514343,0.080218284504354281,0.034123815669852495,0.0010445837056654902,1000.1496792965016,74.839648250815571,0.10000000000000001
1081,0,1.8814440331209119,0.076735503696815949,0.07344663274763448,-0.0047713187884969119,999.55882503175019,-220.58748412490559,0.10000000000000001
1082,0,1.8814174774905421,0.077382798153481064,0.073911526732869728,-0.0054959284800786415,999.56126140759966,-219.36929620017054,0.10000000000000001
1083,0,1.892104557442382,0.079647046301102434,0.084167952188887146,0.0010103951117989602,1000.8031351932841,401.5675966420531,0.10000000000000001
1084,0,1.9105233126370504,0.082794179482280128,0.068562984047325748,-0.0014707603926290478,999.84954558048344,-75.227209758281788,0.10000000000000001
1085,0,1.9105143015612129,0.082106020374720479,0.068456330154690381,-0.0011653223601037566,999.84255526015238,-78.722369923809765,0.10000000000000001
1086,0,0.10432456289679659,0.090921833436326635,0.098119995580398023,-0.004465908722946596,999.79180155070867,-104.09922464566534,0.10000000000000001
1087,0,0.10426244583380798,0.090553988800309404,0.097704106294187257,-0.0043723847767169243,999.80850619197372,-95.746904013140011,0.10000000000000001
1088,0,0.12306497942811299,0.087319698734299497,0.084360403222139238,0.0080047621709610356,1000.3771867202881,188.59336014406836,0.10000000000000001
1089,0,0.13265644669990209,0.088364071138824538,0.086335607704523129,-0.0058294158154984657,999.72107164924762,-139.46417537619027,0.10000000000000001
1090,0,0.1326533300565956,0.088459524397199757,0.086388276922334847,-0.0057702199563667384,999.72452947278339,-137.73526360830601,0.10000000000000001
1091,0,0.16289940331165625,0.090138867917489915,0.13177819165297494,0.00030350122026053466,1000.2008503654359,100.42518271797007,0.10000000000000001
1092,0,0.1629002047808612,0.090230730533041537,0.13178891757114414,0.00035031851521839184,1000.2009795345061,100.48976725306602,0.10000000000000001
1093,0,0.17786377573272963,0.089993154565543534,0.13459109561156432,0.00076566120864346194,1000.2194769585559,109.73847927795077,0.10000000000000001
1094,0,0.18664957512695129,0.089892649155406318,0.12929733580955388,0.00035536721960511804,1000.4313677214668,215.68386073340662,0.10000000000000001
1095,0,0.196976875231829,0.089815320477125163,0.13531523550880734,-0.0008346620189806221,1000.4735079754117,236.75398770586753,0.10000000000000001
1096,0,0.2066796285775642,0.08989796203287774,0.126828881899509,-0.0022783410808186713,1000.4777365662677,238.86828313385422,0.10000000000000001
1097,0,0.21667855352318457,0.089894556459378189,0.13187149241131058,-0.0025137649448940392,1000.5843990674425,292.19953372125929,0.10000000000000001
1098,0,0.22656281746701565,0.089855764711877464,0.12573632170600135,-0.00077624230170297306,1000.6087630943047,304.38154715233168,0.10000000000000001
1099,0,0.23650691004855465,0.089991511022335408,0.12653665007554701,-0.00079968528575686019,1000.9456591396947,472.82956984736302,0.10000000000000001
1100,0,0.24651541105257976,0.089931600891153332,0.12504872549788798,-0.0015599018182789208,1000.5311063195886,265.55315979430816,0.10000000000000001
1101,0,0.25651824605971818,0.089992670434901612,0.12011298576795389,-0.00079206050490698713,1001.0411705250455,520.58526252272941,0.10000000000000001
1102,0,0.26650775766119988,0.089990535848181605,0.12070871248366249,-0.0007114612224340879,1000.5557088574811,277.85442874056798,0.10000000000000001
1103,0,0.27661905542657078,0.090031200525604038,0.11414607215114184,-0.00090868659643262206,1000.8812685046919,440.63425234594433,0.10000000000000001
1104,0,0.28656812070023768,0.090011716807773243,0.11318613796419733,-0.00055083403352238435,1000.605817131422,302.90856571099312,0.10000000000000001
1105,0,0.29673933030045918,0.090045633363129582,0.1079736894337735,-0.00044503912124025248,1000.7559001796537,377.95008982686795,0.10000000000000001
1106,0,0.30665759021648115,0.090015751112899348,0.10546883324603391,-0.00063026235202431652,1000.680100322129,340.05016106448238,0.10000000000000001
1107,0,0.31685262669767084,0.090043057197652168,0.10099523828095752,-0.00064329004242651546,1000.7426368520436,371.31842602178722,0.10000000000000001
1108,0,0.32675156743350203,0.090021093559988094,0.10037252019192888,-0.00051197547603557469,1000.738840811011,369.42040550547972,0.10000000000000001
1109,0,0.33695849995374511,0.09003135888469771,0.094797496802870293,-0.00052942676018656479,1000.7950388409703,397.51942048513911,0.10000000000000001
1110,0,0.34684084046337688,0.090020799586836051,0.094767157460419929,-0.00056366729820737438,1000.9464366173241,473.21830866206938,0.10000000000000001
1111,0,0.35704302706871699,0.090021926345273617,0.090466652500982195,-0.00041912278619358692,1000.9157368017185,457.86840085924041,0.10000000000000001
1112,0,0.36692535561979955,0.090017482217509742,0.088865494227380742,-0.00040976804174351741,1001.2795371533597,639.76857667984177,0.10000000000000001
1113,0,0.37710130413615012,0.09001517983108194,0.085651383169442874,-0.00028726858115506589,1001.2313858138368,615.69290691841161,0.10000000000000001
1114,0,0.38700180238362852,0.090013485525108128,0.083825558148514015,-0.00038783759550520866,1001.6702792190124,835.13960950620003,0.10000000000000001
1115,0,0.39713614650135032,0.090009674210395491,0.081747463062236889,-0.0003935089098702901,1001.6256729082521,812.83645412605665,0.10000000000000001
1116,0,0.40706536780766805,0.090010888820434343,0.079269667292642426,-0.00052791491992276198,1002.0919903057811,1045.9951528905549,0.10000000000000001
1117,0,0.41715426397614985,0.090006030182170585,0.079707608994492932,-0.00047210073033893059,1002.0148436353671,1007.4218176835643,0.10000000000000001
1118,0,0.42711391774117208,0.090007886394220249,0.077407046417620418,-0.00040114257923904941,1002.409581477758,1204.7907388790122,0.10000000000000001
1119,0,0.43716424740269177,0.09000384768597551,0.078192498581900194,-0.00030014483980158745,1002.403056256084,1201.528128042014,0.10000000000000001
1120,0,0.44714491712668336,0.090005057200284067,0.077543761438410949,-0.00010425027017318764,1002.6611146566933,1330.5573283466288,0.10000000000000001
1121,0,0.45717046526717331,0.090003219968123188,0.078045408275605535,2.4073979908360053e-05,1002.7106793071524,1355.339653576209,0.10000000000000001
1122,0,0.46716278177940734,0.090002616157056153,0.077500232213233378,0.00021045711129584634,1002.9181223233896,1459.0611616948195,0.10000000000000001
1123,0,0.47717166433295055,0.090003009710650131,0.078907081380089214,0.00029383030099428085,1002.9600032592267,1480.0016296133549,0.10000000000000001
1124,0,0.48717179098921437,0.090001991002445283,0.079139134009729786,0.00031764702121051425,1003.1000749175481,1550.0374587740566,0.10000000000000001
1125,0,0.49717093320060712,0.090002387998498648,0.081156606262564338,0.00029892762367474937,1003.152410580657,1576.2052903285166,0.10000000000000001
1126,0,0.50717396188904573,0.090002109438806793,0.083264403794019018,0.00027721897851850209,1003.2078655961103,1603.9327980551548,0.10000000000000001
1127,0,0.5171703991892902,0.090001872435505448,0.086323236595118397,0.00028040420323083022,1003.2348378216509,1617.4189108254495,0.10000000000000001
1128,0,0.52717346561370604,0.090002092987935892,0.089540936094171256,0.00033183913269625134,1003.2371886289008,1618.5943144503767,0.10000000000000001
1129,0,0.53717025127459073,0.090001907178750534,0.092912782941145175,0.00042961167158947136,1003.2359108993501,1617.955449675037,0.10000000000000001
1130,0,0.54717285480345157,0.090002122035020643,0.09599306598936598,0.00056400024295321662,1003.2147474665679,1607.3737332839642,0.10000000000000001
1131,0,0.55717074848873138,0.090002380561926387,0.098522018101052447,0.00071998013110993199,1003.2150944014008,1607.5472007004237,0.10000000000000001
1132,0,0.56717260946200831,0.090002413090549432,0.10075997648105983,0.00085437227872920134,1003.2024961503465,1601.2480751732596,0.10000000000000001
1133,0,0.57717145136569514,0.090002770884897568,0.10256004661407321,0.00093271189496863774,1003.202042228478,1601.0211142390176,0.10000000000000001
1134,0,0.58717280793897308,0.09000284152792308,0.103971505490836,0.00090667585756243276,1003.1921713087204,1596.0856543601949,0.10000000000000001
1135,0,0.5971724845002474,0.090002770564168139,0.10494033722244488,0.00072955309126797384,1003.1821178397904,1591.0589198952039,0.10000000000000001
1136,0,0.60717341430636129,0.090002791239838842,0.1055735118444667,0.00046629270017138538,1003.1479508712987,1573.9754356493449,0.10000000000000001
1137,0,0.61717436632750533,0.090002508413956767,0.1054450764701215,0.00019090743211209755,1003.1093646373442,1554.6823186721213,0.10000000000000001
1138,0,0.62717559495308584,0.090002375445403779,0.10454145773351722,-8.8410307398815904e-05,1003.0666305405692,1533.3152702846178,0.10000000000000001
1139,0,0.63717742584224712,0.090002317681775162,0.10282331188375651,-0.00033225771415541392,1003.0322729018845,1516.1364509422697,0.10000000000000001
1140,0,0.64717912916595099,0.090002110360600684,0.10020454528509208,-0.00048280317533210888,1003.0199924398356,1509.9962199178094,0.10000000000000001
1141,0,0.65718098977740902,0.090002210944132063,0.096747228912473698,-0.00058241434308926637,1003.0345376939935,1517.2688469967284,0.10000000000000001
1142,0,0.66718206497050137,0.090002231076110023,0.09285567095521538,-0.00068916942626653401,1003.0599356694659,1529.9678347329291,0.10000000000000001
1143,0,0.6771832346456057,0.090002194079527947,0.088593030900713521,-0.00078603936171858378,1003.0851184287487,1542.5592143743643,0.10000000000000001
1144,0,0.68718366730401848,0.0900022357437925,0.084149465049453254,-0.00087402878002604126,1003.1004135492836,1550.206774641822,0.10000000000000001
1145,0,0.69718430214784488,0.090002129605676051,0.079865841583798003,-0.00094817226290106144,1003.0884726659243,1544.2363329621571,0.10000000000000001
1146,0,0.70718507476526027,0.090002038622049835,0.07594904549807438,-0.00096245569967475777,1003.051814631661,1525.9073158305227,0.10000000000000001
1147,0,0.71718654500447654,0.090001911285550754,0.072568267082871563,-0.00088524594538791931,1003.0009143992232,1500.4571996116169,0.10000000000000001
1148,0,0.72718863154415292,0.090001835819121856,0.069821810472735821,-0.00073095729955384957,1002.9524143899283,1476.2071949641609,0.10000000000000001
1149,0,0.73719132172098656,0.090001888403806699,0.067719652849982895,-0.00053985330609032894,1002.9171270170368,1458.5635085184094,0.10000000000000001
1150,0,0.74719455333978346,0.090001984506623889,0.066143795029932104,-0.00035474985955601351,1002.902902440873,1451.4512204365246,0.10000000000000001
1151,0,0.75719793144927583,0.090002204073405173,0.065185887915213181,-0.00021832237006551839,1002.9021231707293,1451.0615853646414,0.10000000000000001
1152,0,0.76720172229873429,0.090002445151226726,0.064843091261686414,-0.00014435756320970973,1002.9023874176411,1451.19370882054,0.10000000000000001
1153,0,0.77720577851678863,0.090002653169444918,0.065049292726104727,-0.00010906256377905157,1002.8961131775021,1448.0565887510579,0.10000000000000001
1154,0,0.78721034254828592,0.090002847394655652,0.065942536218428674,-8.0784073762077329e-05,1002.8753961179556,1437.6980589777872,0.10000000000000001
1155,0,0.79721561126119989,0.090002933214220315,0.067472204075967282,-2.7904919355906578e-05,1002.8473063540382,1423.653177019105,0.10000000000000001
1156,0,0.80722134973167814,0.090002970100477725,0.069379310908733477,8.3253208210424119e-05,1002.8242755355258,1412.1377677628857,0.10000000000000001
1157,0,0.81722736359869219,0.090002993573014806,0.071337166198905552,0.0002555626028711815,1002.8141508764588,1407.0754382294126,0.10000000000000001
1158,0,0.82723337946548325,0.090003000175558054,0.072884691276900254,0.00044084273832906541,1002.829611631763,1414.8058158814933,0.10000000000000001
1159,0,0.83723881041759107,0.090003047385761675,0.073785615456386733,0.00056844798087529128,1002.8733107450958,1436.6553725478752,0.10000000000000001
1160,0,0.84724343427074233,0.090003050936891843,0.074122162112065695,0.0005721451755880707,1002.9310455540115,1465.5227770057309,0.10000000000000001
1161,0,0.85724724933621321,0.090002953401023836,0.07410900574851792,0.00040803421508538499,1002.9906711242255,1495.3355621127571,0.10000000000000001
1162,0,0.86725027019936063,0.090002745610281418,0.074250688184580235,7.8471094924205257e-05,1003.0400494467212,1520.0247233606206,0.10000000000000001
1163,0,0.87725283656819442,0.090002376053333402,0.075054513110885138,-0.00035495771314686788,1003.0692810540422,1534.6405270211108,0.10000000000000001
1164,0,0.88725513665986744,0.090001882463372665,0.076683203018351492,-0.00078056184249143397,1003.0787875725379,1539.3937862689313,0.10000000000000001
1165,0,0.89725723206576613,0.090001320964696388,0.079007859545443801,-0.0010737661293353468,1003.0719440019574,1535.9720009786884,0.10000000000000001
1166,0,0.90725914404018337,0.090000750392683709,0.08155490474270996,-0.0011383392726411184,1003.056992858658,1528.4964293289818,0.10000000000000001
1167,0,0.91726066531635753,0.090000237093500787,0.083711003568090123,-0.00092903673307642785,1003.0461744792406,1523.0872396202813,0.10000000000000001
1168,0,0.92726153962044666,0.089999790276649089,0.085052246023824302,-0.00048030116593471289,1003.0461135283329,1523.0567641664265,0.10000000000000001
1169,0,0.93726156726653465,0.089999404436626823,0.085356203369789857,7.9887380006178084e-05,1003.0578195059261,1528.9097529630453,0.10000000000000001
1170,0,0.94726063445210285,0.089999035249546791,0.084705192627480122,0.00057957577014563437,1003.0795466881103,1539.7733440551633,0.10000000000000001
1171,0,0.95725879372473865,0.089998639153518786,0.083543634105241571,0.00087715548337789784,1003.1079296761454,1553.9648380727158,0.10000000000000001
1172,0,0.96725615055340153,0.089998216091896552,0.082368500468907938,0.00090747174949952004,1003.1381053834826,1569.0526917413194,0.10000000000000001
1173,0,0.97725285365612102,0.089997755860639614,0.081534462517895478,0.0006996705786490949,1003.1641430286516,1582.0715143257758,0.10000000000000001
1174,0,0.9872491010250346,0.089997272918494534,0.081289368724396904,0.0003667062935163408,1003.1828510398118,1591.4255199058971,0.10000000000000001
1175,0,0.99724498873518186,0.089996802084473984,0.081668085716771019,6.5426087475396874e-05,1003.1933185938889,1596.6592969444378,0.10000000000000001
1176,0,1.0072405578051811,0.089996374334008672,0.082440034325022699,-6.6242819274960367e-05,1003.1947718223676,1597.3859111837783,0.10000000000000001
1177,0,1.0172358479750954,0.089996014088668044,0.083312869688643806,2.4804750138815703e-05,1003.1878350143681,1593.9175071840737,0.10000000000000001
1178,0,1.0272308720694148,0.089995713704345559,0.084017176097237231,0.00028494955953103365,1003.1734191695809,1586.7095847904693,0.10000000000000001
1179,0,1.0372256436991452,0.089995458607070797,0.084286110886495319,0.00058766147340729639,1003.151309190901,1575.6545954504872,0.10000000000000001
1180,0,1.04722026051457,0.089995227106601627,0.08403428034937406,0.00078365478928106938,1003.1225112968878,1561.2556484438755,0.10000000000000001
1181,0,1.0572148932072141,0.089995015475291054,0.083440614958348591,0.0007562383898020215,1003.0914599372853,1545.7299686426609,0.10000000000000001
1182,0,1.0672096606403654,0.089994845293122808,0.082799505592011546,0.00047620834912416143,1003.0631103305706,1531.5551652852832,0.10000000000000001
1183,0,1.0772046913453261,0.089994720368345646,0.082496397118111089,1.2973658507217186e-05,1003.0411885141929,1520.5942570964339,0.10000000000000001
1184,0,1.0872000666936183,0.089994672758624883,0.082924378830738291,-0.00049872117115695193,1003.0292976172973,1514.6488086486443,0.10000000000000001
1185,0,1.097195708879326,0.089994732248549231,0.084172563502508319,-0.000903098763561447,1003.028409293601,1514.2046468005219,0.10000000000000001
1186,0,1.1071914998196473,0.089994893148497512,0.086013938078677132,-0.0010822871977045907,1003.0368943705564,1518.4471852782053,0.10000000000000001
1187,0,1.1171872571412844,0.089995128242363748,0.088077967750279221,-0.0010047378153912078,1003.0489077505937,1524.4538752968424,0.10000000000000001
1188,0,1.1271828325295421,0.089995352488490749,0.089856667519873173,-0.00072046301336225126,1003.0521098535448,1526.0549267724173,0.10000000000000001
1189,0,1.1371783357833978,0.08999550497520209,0.090947838017487709,-0.00032942359089952817,1003.0384296870697,1519.2148435348258,0.10000000000000001
1190,0,1.1471738902889546,0.089995540504486563,0.091304152879585807,4.9984255081585331e-05,1003.0064359324491,1503.2179662245539,0.10000000000000001
1191,0,1.1571697014058984,0.089995432810515155,0.09118241928693889,0.00031781129010094878,1002.9562419475772,1478.1209737885774,0.10000000000000001
1192,0,1.1671661521191956,0.089995249767348337,0.091106423804964934,0.00042270778139004368,1002.8970828060218,1448.5414030108927,0.10000000000000001
1193,0,1.1771632945553878,0.089995019108813412,0.091563057422160699,0.00037277793484347842,1002.8421990100229,1421.0995050114548,0.10000000000000001
1194,0,1.1871611039926888,0.089994804180191929,0.092757383064633478,0.00021853098836885029,1002.8035894835331,1401.7947417665368,0.10000000000000001
1195,0,1.1971593664976172,0.089994695492906687,0.094707323075570726,2.6680605137871201e-05,1002.7927892352611,1396.3946176305626,0.10000000000000001
1196,0,1.2071575584984637,0.08999464593677696,0.097107946720284985,-0.00012875296694979551,1002.8067486940402,1403.3743470200761,0.10000000000000001
1197,0,1.217155399744579,0.089994655148206912,0.099458276710026536,-0.00019784918582817465,1002.8323052385585,1416.1526192792735,0.10000000000000001
1198,0,1.2271527323682609,0.08999467546667006,0.10135613649001968,-0.00019398554695238473,1002.8581723365594,1429.0861682796958,0.10000000000000001
1199,0,1.2371494725461771,0.089994645272354137,0.10250612508499046,-0.00016299406746548412,1002.872011256675,1436.0056283375116,0.10000000000000001
1200,0,1.247145861305869,0.089994658282284867,0.10286509471004972,-0.00013886514885120315,1002.8684225272704,1434.2112636351771,0.10000000000000001
1201,0,1.2571422034293118,0.089994675031961055,0.10253005681479589,-0.00015487202045028035,1002.8537412626334,1426.8706313167172,0.10000000000000001
1202,0,1.2671385197820924,0.0899947364776887,0.10144411434219616,-0.0002423467696236787,1002.8372143329573,1418.6071664786368,0.10000000000000001
1203,0,1.2771350971956239,0.089994938346850267,0.099658265550409408,-0.00039521799014858455,1002.8345598280113,1417.2799140056327,0.10000000000000001
1204,0,1.2871315876304041,0.089995202314675449,0.09726953139980192,-0.00057218315445878277,1002.8538579816584,1426.9289908291967,0.10000000000000001
1205,0,1.2971280059406904,0.089995622068501507,0.094206654542793658,-0.00072424136369978668,1002.8895636023881,1444.7818011940399,0.10000000000000001
1206,0,1.3071242972549577,0.089996101629577843,0.090532708242123103,-0.00081228869651707306,1002.9330377902304,1466.5188951152004,0.10000000000000001
1207,0,1.3171203835910807,0.089996568114242601,0.086347012843214152,-0.00082642622304321465,1002.9674860261129,1483.7430130564258,0.10000000000000001
1208,0,1.3271167864689435,0.089997075569074617,0.081853302007821788,-0.0007881128702420298,1002.9833108210886,1491.655410544297,0.10000000000000001
1209,0,1.3371133950730558,0.089997439079889496,0.077287829531659524,-0.00073455214485303785,1002.9781842974464,1489.0921487232163,0.10000000000000001
1210,0,1.3471110320029493,0.089997894395645636,0.072948489673354641,-0.00067300279162787341,1002.9660362224013,1483.0181112006358,0.10000000000000001
1211,0,1.3571088930258728,0.089998273430552916,0.069022216874706832,-0.00060477179505921404,1002.9552392568488,1477.6196284244065,0.10000000000000001
1212,0,1.3671078176514946,0.089998590322640973,0.065614358044924492,-0.00053335392108614136,1002.9569394951411,1478.469747570557,0.10000000000000001
1213,0,1.3771067131926356,0.089999194760408907,0.063059884869083996,-0.00039589115846860515,1002.9818509495776,1490.9254747888099,0.10000000000000001
1214,0,1.3871060956481234,0.089999604040063769,0.061404995668799547,-0.00017020112309903911,1003.0248226960691,1512.4113480345613,0.10000000000000001
1215,0,1.3971050782179673,0.090000120476326453,0.060614260312612585,9.6011095469919093e-05,1003.0737423585157,1536.8711792578438,0.10000000000000001
1216,0,1.4071040457110167,0.090000708237901739,0.060583787105168138,0.00037141500507183514,1003.113780601146,1556.8903005730022,0.10000000000000001
1217,0,1.4171033587517048,0.090001003088605466,0.061298137531030923,0.00063629411610829673,1003.1466796847769,1573.3398423884637,0.10000000000000001
1218,0,1.4271016265768475,0.090001337954989741,0.062362537349080802,0.00081667950280989881,1003.1550469388517,1577.5234694258415,0.10000000000000001
1219,0,1.4371019668032097,0.090001494891494019,0.063851015112014242,0.00084226755716193199,1003.1636071628438,1581.8035814219229,0.10000000000000001
1220,0,1.447099911017361,0.090001417455340932,0.065709571182955284,0.00076449081844748182,1003.1638684328689,1581.9342164344334,0.10000000000000001
1221,0,1.4571012421160079,0.09000154142815639,0.068030858056042948,0.0006241316061500376,1003.1808278478848,1590.4139239423785,0.10000000000000001
1222,0,1.467098650789316,0.09000160256883287,0.07063358842205332,0.00047351717212767562,1003.1874814729154,1593.7407364576757,0.10000000000000001
1223,0,1.4771008159462133,0.090001495464518771,0.073739902205960287,0.00034021563970035724,1003.2167753599181,1608.3876799590371,0.10000000000000001
1224,0,1.4870975665646866,0.090001921183051697,0.077213170589751509,0.00022392063575293138,1003.233687151317,1616.8435756584927,0.10000000000000001
1225,0,1.4970999731163561,0.090001920879933237,0.080488308985200263,0.00016992372224228656,1003.2449422407425,1622.4711203712445,0.10000000000000001
1226,0,1.507096473905654,0.090002175224650899,0.083532946888300597,0.00014896580953864625,1003.2318505475228,1615.925273761377,0.10000000000000001
1227,0,1.5170989112955622,0.090002807724872791,0.085689452137344149,0.00016276719251822407,1003.1918304226258,1595.9152113128994,0.10000000000000001
1228,0,1.5270977477123087,0.090002235458684937,0.087679779168047506,0.00016578592793197383,1003.1499220122877,1574.9610061438375,0.10000000000000001
1229,0,1.5370977217480253,0.090003697736061566,0.087864853801144421,0.00014540352900317983,1003.0181719668415,1509.0859834207322,0.10000000000000001
1230,0,1.5471057316156025,0.090003097529953779,0.089174839724130442,8.5162331388780128e-05,1002.9758921803851,1487.9460901925654,0.10000000000000001
1231,0,1.5570987578074871,0.090003908103371735,0.088566096565720037,-9.2375090285264774e-05,1002.7694908113243,1384.7454056621586,0.10000000000000001
1232,0,1.5671229166776721,0.0900059335468021,0.088915818170326011,-0.00018058704385648565,1002.7069328888116,1353.4664444057967,0.10000000000000001
1233,0,1.5771052411431168,0.090004226481788699,0.088155328961890989,-0.00038149909846539365,1002.4410759448984,1220.5379724492218,0.10000000000000001
1234,0,1.5871542913528878,0.090009121825164809,0.088789772707413853,-0.00045073139664757861,1002.4285754207073,1214.2877103536307,0.10000000000000001
1235,0,1.5971159137864097,0.090006204565574857,0.086323450303902829,-0.00051283304860537122,1002.0194658158405,1009.7329079202382,0.10000000000000001
1236,0,1.6072048055752128,0.090011984228841727,0.086680808803744444,-0.00055025128571412789,1002.0815754866603,1040.7877433301564,0.10000000000000001
1237,0,1.6171350124417985,0.090010338607823925,0.083945880331930872,-0.00038135742718576672,1001.5922185464128,796.10927320641167,0.10000000000000001
1238,0,1.6272718290522445,0.090014210588876792,0.081924273339842799,-0.00042739007248547236,1001.6321103640289,816.05518201445193,0.10000000000000001
1239,0,1.6371717692844914,0.09001726733708551,0.079820633522777684,-0.00028516432047702813,1001.1642063928529,582.10319642643071,0.10000000000000001
1240,0,1.647352524639395,0.090018085281446822,0.076653689851082882,-0.00045907893249611225,1001.2136043341903,606.80216709516799,0.10000000000000001
1241,0,1.6572340086480291,0.090024601311462726,0.074989149327030866,-0.00047214808018756642,1000.8355112844629,417.75564223144102,0.10000000000000001
1242,0,1.6674407256605148,0.090021080641067314,0.070530698058718297,-0.00060963325019190414,1000.8654523658682,432.72618293411824,0.10000000000000001
1243,0,1.6773235797912442,0.09003210716610878,0.070599291883066698,-0.00062736332134199092,1000.7198029511733,359.90147558663921,0.10000000000000001
1244,0,1.6875312917259313,0.090020748778650198,0.064859409470498272,-0.00062074484535473489,1000.6547489254831,327.37446274154536,0.10000000000000001
1245,0,1.6974325841692401,0.090043166125674146,0.064270301335507207,-0.0006857673929965087,1000.6617222313088,330.86111565438614,0.10000000000000001
1246,0,1.7076253594154387,0.090014942894447031,0.059768043644393143,-0.00073304016626874488,1000.5838850716705,291.94253583523277,0.10000000000000001
1247,0,1.7175474519406704,0.090045893288546869,0.057293099726126735,-0.00052498822759662882,1000.6608404286641,330.42021433203672,0.10000000000000001
1248,0,1.7277150127088352,0.090011052889449855,0.051986854122931761,-0.00062589700011148259,1000.4931241478123,246.56207390614782,0.10000000000000001
1249,0,1.7376696591064529,0.090027834691656511,0.051190271183716322,-0.0010782440197897897,1000.7911400210633,395.57001053162821,0.10000000000000001
1250,0,1.7477717142384659,0.089988706213734379,0.044415935303372379,-0.00080581378429155288,1000.4313376271625,215.66881358126011,0.10000000000000001
1251,0,1.7577681066445039,0.089986676191649795,0.045241540930006229,-0.00089701081903731307,1000.9367543562601,468.37717813002655,0.10000000000000001
1252,0,1.7677526324321835,0.089928670561581936,0.039867860607837716,-0.0016299356834589009,1000.3496834401585,174.84172007925736,0.10000000000000001
1253,0,1.7777718325439258,0.089988405960732376,0.039021642156611462,-0.00087330258595597727,1000.8142695926646,407.13479633228644,0.10000000000000001
1254,0,1.7876870118610069,0.089846833634029483,0.03885974983642114,-0.0011573766220886914,1000.3756903037539,187.84515187695661,0.10000000000000001
1255,0,1.7975895752985833,0.089893773338815278,0.033323798658597505,-0.0029798464317473622,1000.4603035066243,230.15175331215687,0.10000000000000001
1256,0,1.8075486735780966,0.089882074189865199,0.037534973637569372,-0.0028980474702497796,1000.2996140858769,149.80704293844838,0.10000000000000001
1257,0,1.8172752136103725,0.089800914270541515,0.028581583239400066,-0.0013316531473651723,1000.4051403130092,202.57015650457788,0.10000000000000001
1258,0,1.8275465425938651,0.089887109365935372,0.034604171834051727,-8.1986784867193248e-05,1000.312430969139,156.21548456948631,0.10000000000000001
1259,0,1.836367393883785,0.089988823098506462,0.028467703039439043,0.00043808674320370807,1000.1987234747769,99.361737388449001,0.10000000000000001
1260,0,1.8513076732761253,0.090229849012156763,0.031543020458123329,0.00045591338543809746,1000.1623934287719,81.196714385953328,0.10000000000000001
1261,0,1.8513081044010757,0.090138746734546998,0.031547161815392785,0.00041868340100630806,1000.162340171964,81.170085982023465,0.10000000000000001
1262,0,1.8814746619731313,0.088371620637612933,0.078696930274467974,-0.0068584300811654828,999.72047113957171,-139.76443021414298,0.10000000000000001
1263,0,1.8814712758350753,0.088276751991211252,0.078729208176733012,-0.0069405965367148742,999.71674211413949,-141.62894293025374,0.10000000000000001
1264,0,1.8907677751299481,0.087315208717258827,0.077632628060998646,0.0063763123830864101,1000.3620037298251,181.00186491255954,0.10000000000000001
1265,0,1.9098794400794117,0.090606441582022912,0.065590298062845567,-0.0042881459445827542,999.79359787082717,-103.20106458641476,0.10000000000000001
1266,0,1.9098201991819781,0.090973371749403079,0.065223364862447286,-0.0043594638917685896,999.77517204324363,-112.41397837818567,0.10000000000000001
1267,0,0.10607607178718534,0.10000000000000059,0.099580022367836238,1.3574425926127896e-14,999.78562831388695,-107.18584305652712,0.10000000000000001
1268,0,0.10607607212589266,0.10000000000000078,0.099580005375484962,1.3712310632376767e-14,999.78562989262753,-107.1850536862371,0.10000000000000001
1269,0,0.12491044107756466,0.10000000000000031,0.1000793816534211,-2.2595341669943758e-14,999.64464581002881,-177.67709498559725,0.10000000000000001
1270,0,0.13199702379286937,0.10000000000000032,0.092694708697112493,-1.912863128368009e-14,1000.1040555334962,52.027766748096838,0.10000000000000001
1271,0,0.13199702382413681,0.10000000000000031,0.09269470311487514,-1.915478240293791e-14,1000.1040547833633,52.027391681633617,0.10000000000000001
1272,0,0.16291983343811986,0.099999999999999908,0.13168427004772004,8.8150527407702042e-15,1000.2064105705197,103.20528525983264,0.10000000000000001
1273,0,0.16291983345892727,0.099999999999999936,0.13168425944091844,8.8313784499435837e-15,1000.2064111788959,103.20558944795266,0.10000000000000001
1274,0,0.17808447736701871,0.10000000000000053,0.13453535321806631,7.5117213806663069e-15,1000.2165212428266,108.26062141330794,0.10000000000000001
1275,0,0.18645542632368439,0.10000000000000034,0.12939200298802456,6.8970104062918745e-15,1000.6930414680236,346.52073401178995,0.10000000000000001
1276,0,0.19715014133394215,0.10000000000000016,0.13545699787001417,1.1756244898850776e-14,1000.4039123210786,201.95616053928234,0.10000000000000001
1277,0,0.20679739021745511,0.10000000000000035,0.12663424479159666,1.2088603990440089e-14,1000.8211404587113,410.57022935564191,0.10000000000000001
1278,0,0.21660827536890162,0.10000000000000034,0.13356015355105652,8.0014513731357817e-15,1000.8333645432576,416.68227162881522,0.10000000000000001
1279,0,0.22666719494987761,0.10000000000000028,0.12690349196367473,1.4259694878254259e-14,1000.4453173830281,222.6586915140274,0.10000000000000001
1280,0,0.23650354891135472,0.10000000000000006,0.12598175064313696,1.7811449685767605e-14,1000.911709208607,455.85460430351077,0.10000000000000001
1281,0,0.24653366879429792,0.10000000000000017,0.12540271926288601,7.5354323368112355e-15,1000.4582523434987,229.12617174932848,0.10000000000000001
1282,0,0.256502433731984,0.10000000000000039,0.12096726383146188,-5.5989501150844247e-15,1000.8287700106615,414.38500533075739,0.10000000000000001
1283,0,0.26652035976418503,0.1000000000000002,0.12070090337378409,-5.1794785595125232e-15,1000.4673730220873,233.68651104362925,0.10000000000000001
1284,0,0.27656010745907955,0.099999999999999978,0.11464860076181782,1.0998762042464164e-14,1000.8688318309538,434.4159154769045,0.10000000000000001
1285,0,0.28656737154393358,0.10000000000000003,0.11365553214721785,1.735004198667367e-14,1000.5493298468643,274.66492343216942,0.10000000000000001
1286,0,0.29668604379084168,0.10000000000000006,0.10827891971677966,1.345386672972542e-14,1000.7895184562547,394.75922812732733,0.10000000000000001
1287,0,0.30664462471521914,0.10000000000000014,0.10569940871383296,1.3580782909804975e-14,1000.6629757535123,331.48787675617086,0.10000000000000001
1288,0,0.31681325500373142,0.10000000000000026,0.10135148412501636,5.1174705638308354e-15,1000.7798085350072,389.90426750359575,0.10000000000000001
1289,0,0.32673653130699393,0.10000000000000009,0.10085319200429012,1.8379741611428715e-15,1000.7080297207852,354.01486039262409,0.10000000000000001
1290,0,0.33693279150639532,0.10000000000000001,0.094962803934955833,1.6424681835506889e-14,1000.8268320899056,413.41604495278261,0.10000000000000001
1291,0,0.34682430067703041,0.10000000000000016,0.095316838097184081,1.8204949899561027e-14,1000.9201815189091,460.0907594545447,0.10000000000000001
1292,0,0.35702633304032205,0.10000000000000007,0.090681646673572563,6.9129275432547278e-15,1000.9228019307981,461.40096539903652,0.10000000000000001
1293,0,0.36691054082053681,0.10000000000000005,0.089425743614651498,1.0109867026061479e-14,1001.2549048948489,627.45244742444584,0.10000000000000001
1294,0,0.37709232029841305,0.09999999999999995,0.085882040973208035,1.1488382378038489e-14,1001.2172426961591,608.62134807956636,0.10000000000000001
1295,0,0.38698798080411473,0.099999999999999936,0.084237640720534107,-7.677953876610578e-15,1001.6676714743896,833.83573719481774,0.10000000000000001
1296,0,0.39713312139596246,0.0999999999999997,0.082031481022897881,-2.8632638001526451e-14,1001.6162609297795,808.13046488975715,0.10000000000000001
1297,0,0.40705300776444192,0.10000000000000013,0.079593505317681654,-3.5759465915104625e-14,1002.1081514224624,1054.075711231178,0.10000000000000001
1298,0,0.41715304358040184,0.10000000000000012,0.080167437540611064,-3.6443192466126903e-14,1002.011174854567,1005.5874272835013,0.10000000000000001
1299,0,0.42710584002296026,0.10000000000000003,0.077753197126445212,-3.3268263327607671e-14,1002.427937027959,1213.9685139795233,0.10000000000000001
1300,0,0.43716099691162341,0.09999999999999995,0.07870691073833308,-3.2373539809128539e-14,1002.4011916457687,1200.5958228843383,0.10000000000000001
1301,0,0.44714161645527589,0.099999999999999714,0.077940517358792663,-3.5903740982054795e-14,1002.6684131081357,1334.2065540678618,0.10000000000000001
1302,0,0.45716619225688832,0.099999999999999992,0.078530467405237184,-3.0696787880458501e-14,1002.710539264585,1355.2696322925044,0.10000000000000001
1303,0,0.46716112104111229,0.1000000000000001,0.077925362451752508,-3.3050852094290468e-14,1002.9168604292769,1458.4302146384402,0.10000000000000001
1304,0,0.4771691227258083,0.10000000000000001,0.079296967176894592,-4.2924103332647802e-14,1002.9651160199469,1482.5580099734452,0.10000000000000001
1305,0,0.487169861144019,0.09999999999999977,0.079494816820539091,-2.2193200562884053e-14,1003.1072221881602,1553.6110940801109,0.10000000000000001
1306,0,0.49716976528102552,0.099999999999999978,0.081501273006822486,2.4750851592221604e-14,1003.1624117022546,1581.2058511273221,0.10000000000000001
1307,0,0.50717264962324593,0.099999999999999992,0.08361754777861044,5.1227526822659761e-14,1003.2178330298624,1608.9165149311953,0.10000000000000001
1308,0,0.5171694664576344,0.10000000000000012,0.086696328335868156,4.6011632956105546e-14,1003.2420410309568,1621.0205154783921,0.10000000000000001
1309,0,0.52717304094891249,0.10000000000000031,0.089947204243421341,2.4661756863112228e-14,1003.2415738745699,1620.7869372849473,0.10000000000000001
1310,0,0.53716980330308417,0.10000000000000017,0.093334445337779237,1.3806157802464584e-14,1003.2387479766295,1619.3739883147487,0.10000000000000001
1311,0,0.54717296151880512,0.09999999999999995,0.096429629144574286,1.0874150001872741e-14,1003.2188863903137,1609.4431951568708,0.10000000000000001
1312,0,0.55717100261690844,0.09999999999999977,0.098960556661547905,1.9373210798826979e-15,1003.2218275686797,1610.9137843398571,0.10000000000000001
1313,0,0.5671731251414085,0.099999999999999784,0.10116891075591608,3.9343086641465378e-15,1003.2128963561466,1606.4481780733217,0.10000000000000001
1314,0,0.57717233271647084,0.10000000000000001,0.1029260011715762,2.7542962519573812e-14,1003.215784100087,1607.8920500435174,0.10000000000000001
1315,0,0.58717376151619161,0.10000000000000024,0.10425420780587243,4.1574507609255316e-14,1003.2071373532253,1603.5686766126673,0.10000000000000001
1316,0,0.59717372401732383,0.10000000000000016,0.10514379639481988,2.1673577730128321e-14,1003.1952371506603,1597.6185753301593,0.10000000000000001
1317,0,0.60717484956658585,0.10000000000000012,0.10575632509376368,-3.2503070673892943e-15,1003.1535558510388,1576.7779255194228,0.10000000000000001
1318,0,0.6171759693603629,0.10000000000000001,0.10562623192591922,2.16867666495867e-14,1003.1056263100653,1552.813155032652,0.10000000000000001
1319,0,0.62717766491595517,0.10000000000000045,0.10472589771686987,4.72389205464063e-14,1003.0551846228666,1527.5923114332954,0.10000000000000001
1320,0,0.63717962815317841,0.099999999999999839,0.10305092237976031,8.4993559832543724e-15,1003.0145714117781,1507.2857058890463,0.10000000000000001
1321,0,0.64718174816960161,0.099999999999999797,0.10048904666996206,-2.1769920088427038e-14,1002.9979748581133,1498.9874290566263,0.10000000000000001
1322,0,0.65718400346107542,0.0999999999999997,0.097037559743869281,-1.9535712856765812e-14,1003.0136945097161,1506.8472548580303,0.10000000000000001
1323,0,0.66718523511944849,0.10000000000000003,0.093147068739589736,-1.630123340052172e-14,1003.0424732104234,1521.2366052116977,0.10000000000000001
1324,0,0.67718683090415843,0.099999999999999839,0.088894351820449885,-2.7214299608847076e-15,1003.0704881124728,1535.2440562364222,0.10000000000000001
1325,0,0.68718747265937485,0.10000000000000014,0.084450980851750776,2.0180132250474454e-14,1003.088615454447,1544.3077272234973,0.10000000000000001
1326,0,0.69718840330160814,0.099999999999999839,0.080184560064830337,1.6043195090464514e-14,1003.0771221781484,1538.5610890742214,0.10000000000000001
1327,0,0.70718953958639019,0.10000000000000007,0.076310384773844414,-1.2876856183204775e-15,1003.0382764824494,1519.1382412247094,0.10000000000000001
1328,0,0.71719128755322625,0.10000000000000005,0.072977848331022763,2.4466797374963415e-15,1002.9836459092701,1491.8229546350403,0.10000000000000001
1329,0,0.72719380432834146,0.10000000000000037,0.070259687656428801,9.0532338371654034e-15,1002.9317570855192,1465.8785427595831,0.10000000000000001
1330,0,0.73719684388184281,0.10000000000000017,0.068163203316017287,-1.6371365113541777e-14,1002.8946303258091,1447.3151629045446,0.10000000000000001
1331,0,0.74720043172064599,0.099999999999999645,0.066569073145195418,-5.3911207605922217e-14,1002.8803017721898,1440.1508860948979,0.10000000000000001
1332,0,0.75720419684755724,0.099999999999999839,0.065573878206785521,-7.9538725633306752e-14,1002.8814944988258,1440.7472494128797,0.10000000000000001
1333,0,0.76720827327947705,0.10000000000000003,0.065199513656630986,-9.4708970105319876e-14,1002.8842181373178,1442.1090686589082,0.10000000000000001
1334,0,0.77721266599292005,0.10000000000000007,0.065393335841700775,-6.7737119710989787e-14,1002.8789835665508,1439.4917832754004,0.10000000000000001
1335,0,0.78721754210306683,0.09999999999999977,0.066291484090438058,-1.897136744012091e-14,1002.8574794233677,1428.7397116838747,0.10000000000000001
1336,0,0.79722308092928829,0.10000000000000003,0.067845390131591646,1.6831125692023596e-14,1002.8265390667385,1413.2695333692595,0.10000000000000001
1337,0,0.80722914562256032,0.10000000000000032,0.069790564168816807,3.7416482015334562e-14,1002.798982444045,1399.4912220225046,0.10000000000000001
1338,0,0.81723547405533203,0.10000000000000009,0.071771499313350751,1.3187394068030712e-14,1002.7846917299281,1392.3458649640565,0.10000000000000001
1339,0,0.82724184160130587,0.099999999999999714,0.07330296600239794,-2.7253406390169139e-14,1002.7987331103413,1399.3665551706727,0.10000000000000001
1340,0,0.8372476314596683,0.10000000000000002,0.074145530034198159,-1.4592359359016576e-14,1002.8448324179597,1422.4162089798256,0.10000000000000001
1341,0,0.84725255600207361,0.10000000000000005,0.074388801509205585,2.7873088222566021e-14,1002.9079114692382,1453.9557346191145,0.10000000000000001
1342,0,0.85725665802165696,0.099999999999999936,0.074267744189247795,2.996217895873849e-14,1002.9737399104755,1486.8699552377507,0.10000000000000001
1343,0,0.86725989957332661,0.099999999999999992,0.074319295707310509,7.5441333260444203e-15,1003.0279844966996,1513.9922483497799,0.10000000000000001
1344,0,0.87726264396320108,0.10000000000000045,0.075084634440989381,-6.281887959916333e-15,1003.0588741755704,1529.4370877851975,0.10000000000000001
1345,0,0.88726514230127351,0.10000000000000007,0.076747173921222336,-3.5244751733358191e-14,1003.0660844875092,1533.0422437546076,0.10000000000000001
1346,0,0.89726747380257177,0.099999999999999936,0.079172476187501881,-4.0221131048120587e-14,1003.0541313592377,1527.0656796188291,0.10000000000000001
1347,0,0.90726970785180006,0.099999999999999645,0.081863500689908358,-3.3936965823630999e-14,1003.0334726074701,1516.7363037350583,0.10000000000000001
1348,0,0.91727160207819347,0.099999999999999936,0.084170992732576361,-3.8333087333222305e-14,1003.0182932045005,1509.1466022502686,0.10000000000000001
1349,0,0.92727285945418847,0.10000000000000026,0.085616731124681378,-2.664400894161041e-14,1003.0166661345686,1508.3330672842976,0.10000000000000001
1350,0,0.93727323351219116,0.1000000000000001,0.085933009238098004,-1.2919016805183601e-14,1003.0300240770889,1515.0120385444552,0.10000000000000001
1351,0,0.94727253184138582,0.10000000000000005,0.085199620736947146,-1.5498363285008101e-14,1003.0552213674406,1527.6106837202974,0.10000000000000001
1352,0,0.95727082606524871,0.10000000000000001,0.08389365918925254,1.2224033951942385e-14,1003.0868197362195,1543.4098681097339,0.10000000000000001
1353,0,0.96726826427403134,0.10000000000000002,0.082561936690483853,3.1761515303996322e-14,1003.1185046634364,1559.2523317181985,0.10000000000000001
1354,0,0.97726505596570834,0.10000000000000017,0.081612962400371414,4.5598172957646292e-15,1003.1436373227625,1571.8186613812577,0.10000000000000001
1355,0,0.98726148348194276,0.10000000000000024,0.081333692551626702,-8.7158034171684117e-15,1003.1595197463354,1579.7598731676885,0.10000000000000001
1356,0,0.99725765414159651,0.10000000000000013,0.081768049058361478,-8.9054780888082616e-15,1003.1667211804433,1583.3605902216732,0.10000000000000001
1357,0,1.0072535728383769,0.09999999999999977,0.082654956967015275,-4.106588838351398e-15,1003.165710455723,1582.8552278615007,0.10000000000000001
1358,0,1.0172492011840035,0.10000000000000012,0.08364240466319936,1.3099036855925898e-14,1003.1576845450195,1578.8422725097462,0.10000000000000001
1359,0,1.0272444758800763,0.10000000000000005,0.084406934947276524,1.352670918973215e-14,1003.1435675137178,1571.7837568589061,0.10000000000000001
1360,0,1.0372393781189113,0.099999999999999339,0.084654758842950914,2.2290866968010874e-14,1003.1223427265136,1561.1713632567898,0.10000000000000001
1361,0,1.0472340186481364,0.099999999999999409,0.08430209608596137,4.9198299586689788e-14,1003.0938241573065,1546.9120786532358,0.10000000000000001
1362,0,1.0572286526917309,0.10000000000000052,0.083563554671592086,5.2016211428683818e-14,1003.0622083397642,1531.1041698820986,0.10000000000000001
1363,0,1.0672234565588357,0.10000000000000032,0.082791464973398066,2.28057853276595e-14,1003.033292004069,1516.6460020345198,0.10000000000000001
1364,0,1.0772185901696445,0.10000000000000012,0.082418388213305549,-2.6362925483090862e-14,1003.0119168407855,1505.9584203927443,0.10000000000000001
1365,0,1.087214145400609,0.10000000000000052,0.082860961721532775,-6.6210141339845805e-14,1003.002972491636,1501.4862458180005,0.10000000000000001
1366,0,1.0972099692904265,0.10000000000000019,0.084204174861510064,-8.2454613489081771e-14,1003.0081371179948,1504.0685589974032,0.10000000000000001
1367,0,1.1072058998395349,0.099999999999999867,0.086181453275769093,-7.6902032927004554e-14,1003.0248861472668,1512.443073633392,0.10000000000000001
1368,0,1.1172017146238618,0.099999999999999895,0.088369717860170088,-4.4121848744165391e-14,1003.0452599794343,1522.6299897171316,0.10000000000000001
1369,0,1.1271972403730468,0.099999999999999797,0.090224248373176691,-1.2272673460720057e-14,1003.054372820003,1527.1864100014909,0.10000000000000001
1370,0,1.1371926488037136,0.099999999999999867,0.091324960008903069,-3.7781968017953853e-14,1003.0420293794916,1521.0146897458117,0.10000000000000001
1371,0,1.1471880852618961,0.099999999999999895,0.091626515177134396,-5.8361749910477077e-14,1003.0061100550455,1503.0550275227483,0.10000000000000001
1372,0,1.1571838185930499,0.10000000000000038,0.09140785758468703,-1.3302372575510217e-14,1002.9478410461602,1473.9205230800962,0.10000000000000001
1373,0,1.1671802618736737,0.099999999999999853,0.09122649878587609,2.017794247701371e-14,1002.8789342659004,1439.4671329501989,0.10000000000000001
1374,0,1.1771774133621467,0.099999999999999672,0.091600824315947071,3.8138112848538114e-14,1002.8155212151436,1407.7606075717881,0.10000000000000001
1375,0,1.1871752908402555,0.099999999999999423,0.092750548613916378,3.5551060314050375e-14,1002.7720714357027,1386.0357178513709,0.10000000000000001
1376,0,1.1971736229691239,0.099999999999999534,0.094698520401561723,-2.1680278829001645e-15,1002.7614406688519,1380.7203344259733,0.10000000000000001
1377,0,1.2071718515233181,0.10000000000000037,0.09713745653337863,-4.008341374193392e-14,1002.7798836755737,1389.9418377868642,0.10000000000000001
1378,0,1.2171697371158616,0.10000000000000045,0.099536131968708669,-6.0135117933725503e-14,1002.8115471370226,1405.7735685112789,0.10000000000000001
1379,0,1.2271670558830166,0.099999999999999936,0.10145749776199106,-5.5314097559787885e-14,1002.8425239700197,1421.2619850098349,0.10000000000000001
1380,0,1.2371638304980508,0.099999999999999922,0.10260487627151912,-1.7074616867525741e-14,1002.8598757862287,1429.9378931143565,0.10000000000000001
1381,0,1.2471602831936477,0.099999999999999825,0.10294268634297432,1.7562033032820858e-14,1002.8581480834292,1429.0740417146139,0.10000000000000001
1382,0,1.2571566348698084,0.099999999999999908,0.102563596899178,-7.6293304539601784e-15,1002.8433150465153,1421.6575232576361,0.10000000000000001
1383,0,1.26715307406205,0.10000000000000053,0.10142254003234653,-5.4884877785193599e-14,1002.8259944734343,1412.9972367171604,0.10000000000000001
1384,0,1.2771497547145501,0.099999999999999548,0.099598418236691397,-7.3648660432662889e-14,1002.8233979440232,1411.6989720116067,0.10000000000000001
1385,0,1.287146358643332,0.099999999999999173,0.097198615230250168,-4.771848744943285e-14,1002.8435447883332,1421.7723941666236,0.10000000000000001
1386,0,1.2971429826947922,0.10000000000000023,0.094152484204780215,6.4494362032712342e-15,1002.880887169242,1440.4435846209935,0.10000000000000001
1387,0,1.3071393284476824,0.099999999999999839,0.090513446286990568,1.4646994472088748e-14,1002.9254814326249,1462.7407163124531,0.10000000000000001
1388,0,1.3171355935784144,0.099999999999999839,0.086360405198791776,2.1338838529933508e-14,1002.9594677891401,1479.7338945700744,0.10000000000000001
1389,0,1.3271321093669892,0.10000000000000078,0.081883898995545101,3.1652885435355888e-14,1002.9727228208606,1486.3614104302769,0.10000000000000001
1390,0,1.3371287699998085,0.10000000000000039,0.077320818685956375,-2.7785380324513783e-14,1002.9632063984033,1481.6031992016292,0.10000000000000001
1391,0,1.347126694483836,0.099999999999999381,0.072992457656220422,-6.155536159295404e-14,1002.9473735361601,1473.6867680800287,0.10000000000000001
1392,0,1.3571245705378889,0.10000000000000017,0.069069723602161709,-1.5445473044285762e-14,1002.9332004832296,1466.600241614799,0.10000000000000001
1393,0,1.3671237996497245,0.10000000000000002,0.065680171433963111,2.6494370918123071e-14,1002.9350489344619,1467.5244672309304,0.10000000000000001
1394,0,1.3771229593167893,0.099999999999999298,0.063187376870412065,4.0468540787555442e-14,1002.9653875276573,1482.6937638286495,0.10000000000000001
1395,0,1.3871223874596312,0.099999999999999589,0.061570974436248947,6.4145434275201029e-14,1003.0156164008903,1507.8082004451403,0.10000000000000001
1396,0,1.3971217568457148,0.099999999999999506,0.060792531246655741,5.1442946139610431e-14,1003.0737192084106,1536.85960420529,0.10000000000000001
1397,0,1.4071207708456379,0.099999999999999797,0.060761192589471026,-2.7490087555002508e-14,1003.1235183603216,1561.7591801607773,0.10000000000000001
1398,0,1.4171202825413742,0.10000000000000019,0.061453183032864352,-5.3741705511757971e-14,1003.1640563429951,1582.0281714975408,0.10000000000000001
1399,0,1.427118723764156,0.10000000000000031,0.062434548967625993,5.932174641235646e-15,1003.1734381822832,1586.7190911416174,0.10000000000000001
1400,0,1.4371191691283771,0.10000000000000028,0.063833327514900395,4.3929994878110511e-14,1003.1802268567977,1590.1134283988654,0.10000000000000001
1401,0,1.4471174455329132,0.099999999999999825,0.065647614812121016,2.3216749094317377e-14,1003.1767948131592,1588.3974065795883,0.10000000000000001
1402,0,1.4571190051698131,0.099999999999999825,0.067932678038865629,4.844398036360049e-14,1003.1900244353448,1595.0122176723767,0.10000000000000001
1403,0,1.4671166750192242,0.099999999999999742,0.070548094926786806,1.2305671946892661e-13,1003.1954878876568,1597.7439438283909,0.10000000000000001
1404,0,1.4771192190406075,0.099999999999999936,0.073652367277939529,1.2554030217431488e-13,1003.2229327105206,1611.4663552602906,0.10000000000000001
1405,0,1.4871162252662511,0.10000000000000041,0.077140408524439277,3.9909891792110095e-14,1003.2435215128612,1621.7607564306036,0.10000000000000001
1406,0,1.4971189756634102,0.10000000000000087,0.080457507966526995,-1.9690919070211468e-14,1003.2583728541533,1629.1864270766609,0.10000000000000001
1407,0,1.5071159680390254,0.1000000000000001,0.083504041899715095,-9.4615352539409215e-15,1003.2486967567966,1624.3483783982811,0.10000000000000001
1408,0,1.5171184382292122,0.10000000000000046,0.085688808527531218,4.8599311000593489e-14,1003.2104135409878,1605.2067704939077,0.10000000000000001
1409,0,1.5271177256180744,0.10000000000000031,0.087649624200154569,5.4816680511787981e-14,1003.1641679136521,1582.0839568260681,0.10000000000000001
1410,0,1.537118942707919,0.099999999999999867,0.087834527778920812,4.251382093907892e-15,1003.0334000646918,1516.7000323459092,0.10000000000000001
1411,0,1.5471253518260728,0.099999999999999867,0.089103033230741438,1.8933400564495536e-14,1002.9807468358172,1490.3734179085859,0.10000000000000001
1412,0,1.5571218744033752,0.099999999999999395,0.088432706848769638,4.2585033007160449e-14,1002.7769341469617,1388.4670734808537,0.10000000000000001
1413,0,1.5671444698603807,0.099999999999999978,0.088891124609074029,7.1248242878725933e-15,1002.7182003382362,1359.1001691181077,0.10000000000000001
1414,0,1.5771269214747801,0.10000000000000006,0.08796298008315101,-3.6197112896527048e-14,1002.4399102193984,1219.9551096991854,0.10000000000000001
1415,0,1.5871814875810117,0.099999999999999242,0.088825148610895077,-4.7714913400522388e-14,1002.4493747549296,1224.6873774648179,0.10000000000000001
1416,0,1.5971346493776175,0.099999999999999312,0.086181002902684961,-3.3610417205189318e-14,1002.0077093283477,1003.8546641738435,0.10000000000000001
1417,0,1.6072371812962589,0.10000000000000003,0.086735105852980998,-1.2049563847806898e-14,1002.0966991924417,1048.3495962208735,0.10000000000000001
1418,0,1.6171555712669117,0.10000000000000053,0.083998552933762127,2.6748619389647667e-14,1001.5708819572322,785.44097861612272,0.10000000000000001
1419,0,1.6273058216098242,0.10000000000000014,0.081829919799593337,5.3556825705936148e-14,1001.6280286217858,814.01431089290099,0.10000000000000001
1420,0,1.6371999998812325,0.10000000000000001,0.079980562845191797,4.6822411725387653e-14,1001.1536204237705,576.81021188523118,0.10000000000000001
1421,0,1.6473858857502679,0.099999999999999784,0.076357142432879443,2.7322757072043353e-14,1001.1935070697057,596.75353485283722,0.10000000000000001
1422,0,1.657271421496658,0.099999999999999492,0.075150418835993424,2.1609505663185896e-14,1000.8583828852218,429.19144261088604,0.10000000000000001
1423,0,1.6674735933693505,0.099999999999999784,0.070278065533096429,2.1132142599559225e-14,1000.8361814675307,418.09073376532524,0.10000000000000001
1424,0,1.6773693792921716,0.10000000000000006,0.070728549250313758,-3.0615651272946214e-14,1000.7462697171005,373.13485855025874,0.10000000000000001
1425,0,1.6875645463611226,0.10000000000000007,0.064774112954389312,-9.9058926625239731e-14,1000.61698879005,308.49439502497944,0.10000000000000001
1426,0,1.6974914781956743,0.10000000000000019,0.064271448556100452,-1.0137428535000196e-13,1000.6911069796556,345.55348982780743,0.10000000000000001
1427,0,1.7076586728688652,0.099999999999999978,0.059855367191998403,-2.9346707168054651e-14,1000.5684434102631,284.22170513152878,0.10000000000000001
1428,0,1.7176207740353859,0.09999999999999995,0.057355306542235363,5.6864533398699321e-14,1000.7102248758873,355.1124379436601,0.10000000000000001
1429,0,1.7277342037946939,0.099999999999999895,0.051816513502401733,8.4900949057432554e-14,1000.4419976295424,220.99881477117833,0.10000000000000001
1430,0,1.7377456042686139,0.099999999999999686,0.050979505088646994,9.2125936341509618e-14,1000.7732015604004,386.60078020018318,0.10000000000000001
1431,0,1.7477793245510758,0.099999999999999784,0.044870754701429878,1.0831957745123093e-13,1000.349431887277,174.71594363848908,0.10000000000000001
1432,0,1.757798581130664,0.099999999999999978,0.044723528418665816,6.8664348791065116e-14,1000.7328194817693,366.40974088464873,0.10000000000000001
1433,0,1.7677611024172322,0.099999999999999936,0.040000574211276139,1.4760465877389429e-14,1000.3606021669337,180.30108346687257,0.10000000000000001
1434,0,1.7777903283121228,0.10000000000000027,0.039830828834514206,1.3420837716698693e-14,1000.875171329851,437.58566492550699,0.10000000000000001
1435,0,1.7876059790050411,0.10000000000000035,0.037871998325253953,1.7904611666292093e-15,1000.3460844194955,173.04220974773443,0.10000000000000001
1436,0,1.7976783622495005,0.10000000000000023,0.031855312434054185,-6.5352591633955105e-14,1000.8504091412609,425.20457063045569,0.10000000000000001
1437,0,1.8074363447812229,0.099999999999999978,0.038010087278992834,-9.9793472781720682e-14,1000.6854526631233,342.72633156166421,0.10000000000000001
1438,0,1.8171199493071255,0.10000000000000013,0.028817185360298953,-2.9146992417100453e-14,1000.3961551274401,198.07756372006224,0.10000000000000001
1439,0,1.8277684556810647,0.10000000000000019,0.034815956004954976,4.7895706667619074e-14,1000.577941707283,288.97085364150144,0.10000000000000001
1440,0,1.8361593913014458,0.10000000000000016,0.028832193001455557,3.9486868543174171e-14,1000.1771763451649,88.588172582433344,0.10000000000000001
1441,0,1.8513080092527006,0.099999999999999076,0.031954178591322394,4.8774330210078916e-14,1000.1639501980366,81.975099018279707,0.10000000000000001
1442,0,1.8513080092691498,0.09999999999999909,0.031954166020459841,4.8778300489800585e-14,1000.1639496875417,81.974843770865391,0.10000000000000001
1443,0,1.882167063984358,0.099999999999999187,0.073701871352389883,-1.2457435018435339e-13,1000.1393414726123,69.670736306136405,0.10000000000000001
1444,0,1.8821670640154076,0.099999999999999367,0.07370187007554449,-1.2421445042373849e-13,1000.1393421805155,69.671090257770629,0.10000000000000001
1445,0,1.8890000240773699,0.099999999999997841,0.063038438573503622,-1.428759993479239e-13,999.50510840390666,-247.44579804666955,0.10000000000000001
1446,0,1.9081141395625301,0.10000000000000199,0.06348348291741171,1.7150574955932288e-14,999.77453945944319,-112.73027027840499,0.10000000000000001
1447,0,1.9081141393339189,0.10000000000000178,0.063483492727539156,1.7002118647853553e-14,999.77454042487068,-112.72978756466046,0.10000000000000001
1448,0,0.10432456289679751,0.1090781665636749,0.098119995580397579,0.0044659087229535566,999.79180155070787,-104.09922464606325,0.10000000000000001
1449,0,0.10426244583380893,0.10944601119969212,0.097704106294189269,0.0043723847767224286,999.8085061919727,-95.746904013651601,0.10000000000000001
1450,0,0.12306497942811363,0.112680301265701,0.084360403222106375,-0.0080047621709737077,1000.3771867202896,188.59336014480732,0.10000000000000001
1451,0,0.13265644669990326,0.11163592886117642,0.08633560770457703,0.0058294158154997763,999.72107164924819,-139.46417537590605,0.10000000000000001
1452,0,0.13265333005659669,0.11154047560280102,0.086388276922392981,0.0057702199563672849,999.724529472786,-137.73526360699861,0.10000000000000001
1453,0,0.16289940331165564,0.10986113208251033,0.13177819165296278,-0.00030350122024813697,1000.2008503654354,100.42518271768586,0.10000000000000001
1454,0,0.16290020478086059,0.10976926946695875,0.13178891757117589,-0.00035031851520547698,1000.2009795345053,100.48976725266812,0.10000000000000001
1455,0,0.1778637757327291,0.11000684543445677,0.13459109561155888,-0.00076566120862090663,1000.2194769585556,109.73847927778024,0.10000000000000001
1456,0,0.18664957512695113,0.11010735084459437,0.12929733580955716,-0.00035536721957521249,1000.4313677214668,215.68386073340662,0.10000000000000001
1457,0,0.19697687523182875,0.11018467952287576,0.13531523550881461,0.00083466201902261661,1000.4735079754107,236.75398770535594,0.10000000000000001
1458,0,0.20667962857756392,0.11010203796712276,0.12682888189950123,0.0022783410808656923,1000.4777365662668,238.86828313339947,0.10000000000000001
1459,0,0.21667855352318452,0.11010544354062231,0.13187149241130799,0.0025137649449387682,1000.5843990674417,292.19953372086138,0.10000000000000001
1460,0,0.22656281746701526,0.110144235288123,0.12573632170601423,0.00077624230174957304,1000.6087630943033,304.38154715164956,0.10000000000000001
1461,0,0.23650691004855454,0.11000848897766496,0.12653665007553505,0.00079968528579902644,1000.9456591396914,472.82956984571456,0.10000000000000001
1462,0,0.24651541105257924,0.11006839910884687,0.12504872549785992,0.0015599018182999038,1000.5311063195876,265.55315979379657,0.10000000000000001
1463,0,0.25651824605971768,0.11000732956509891,0.12011298576793758,0.000792060504908304,1001.0411705250457,520.5852625228431,0.10000000000000001
1464,0,0.26650775766119972,0.11000946415181859,0.12070871248368052,0.00071146122243679634,1000.555708857482,277.85442874102273,0.10000000000000001
1465,0,0.27661905542657028,0.10996879947439636,0.11414607215116541,0.00090868659645020088,1000.8812685046914,440.63425234571696,0.10000000000000001
1466,0,0.28656812070023729,0.10998828319222685,0.11318613796418352,0.00055083403353276569,1000.6058171314212,302.90856571059521,0.10000000000000001
1467,0,0.2967393303004589,0.10995436663687043,0.10797368943377057,0.00044503912123599883,1000.7559001796542,377.95008982709533,0.10000000000000001
1468,0,0.30665759021648065,0.10998424888710072,0.1054688332460316,0.00063026235201958691,1000.6801003221285,340.05016106425501,0.10000000000000001
1469,0,0.31685262669767084,0.10995694280234804,0.10099523828094283,0.00064329004242192527,1000.7426368520429,371.31842602144616,0.10000000000000001
1470,0,0.32675156743350192,0.10997890644001225,0.10037252019194641,0.00051197547603815975,1000.7388408110122,369.420405506105,0.10000000000000001
1471,0,0.33695849995374461,0.10996864111530238,0.094797496802894593,0.0005294267602120314,1000.7950388409713,397.5194204856507,0.10000000000000001
1472,0,0.34684084046337682,0.10997920041316395,0.094767157460398765,0.00056366729823308494,1000.9464366173248,473.21830866241044,0.10000000000000001
1473,0,0.35704302706871688,0.10997807365472649,0.090466652500966652,0.00041912278619335279,1000.9157368017179,457.86840085895619,0.10000000000000001
1474,0,0.36692535561979978,0.10998251778249032,0.088865494227399436,0.00040976804174082225,1001.2795371533589,639.76857667944387,0.10000000000000001
1475,0,0.37710130413615045,0.10998482016891779,0.08565138316943112,0.00028726858116526216,1001.2313858138364,615.69290691818424,0.10000000000000001
1476,0,0.3870018023836288,0.10998651447489174,0.083825558148471951,0.0003878375954977411,1001.6702792190101,835.13960950506316,0.10000000000000001
1477,0,0.39713614650135032,0.10999032578960447,0.081747463062211576,0.00039350890983357365,1001.6256729082522,812.83645412611349,0.10000000000000001
1478,0,0.40706536780766794,0.109989111179566,0.079269667292633531,0.00052791491987321578,1002.091990305785,1045.9951528924876,0.10000000000000001
1479,0,0.41715426397614908,0.10999396981782919,0.079707608994486562,0.0004721007302740245,1002.0148436353686,1007.4218176843033,0.10000000000000001
1480,0,0.42711391774117208,0.10999211360577993,0.077407046417624067,0.00040114257916474899,1002.4095814777568,1204.7907388783869,0.10000000000000001
1481,0,0.43716424740269116,0.10999615231402467,0.078192498581893879,0.00030014483972068103,1002.4030562560815,1201.5281280407635,0.10000000000000001
1482,0,0.44714491712668331,0.10999494279971572,0.077543761438411907,0.00010425027009055733,1002.661114656693,1330.5573283465151,0.10000000000000001
1483,0,0.45717046526717298,0.10999678003187661,0.078045408275618525,-2.4073979978085915e-05,1002.710679307152,1355.3396535759816,0.10000000000000001
1484,0,0.46716278177940723,0.10999738384294407,0.077500232213215225,-0.00021045711135882805,1002.9181223233866,1459.0611616932847,0.10000000000000001
1485,0,0.477171664332951,0.10999699028934999,0.078907081380099747,-0.00029383030105704851,1002.9600032592258,1480.0016296129002,0.10000000000000001
1486,0,0.48717179098921432,0.10999800899755482,0.07913913400980116,-0.00031764702124012208,1003.1000749175485,1550.0374587742272,0.10000000000000001
1487,0,0.49717093320060679,0.10999761200150153,0.08115660626263517,-0.00029892762364808504,1003.1524105806562,1576.2052903281187,0.10000000000000001
1488,0,0.50717396188904529,0.10999789056119359,0.083264403794039668,-0.00027721897845007126,1003.2078655961069,1603.9327980534495,0.10000000000000001
1489,0,0.51717039918928975,0.10999812756449459,0.086323236595084216,-0.00028040420316081027,1003.2348378216499,1617.4189108249379,0.10000000000000001
1490,0,0.52717346561370548,0.10999790701206433,0.089540936094133702,-0.00033183913265062253,1003.2371886289044,1618.5943144521957,0.10000000000000001
1491,0,0.53717025127459117,0.10999809282124932,0.09291278294113979,-0.00042961167156458675,1003.2359108993546,1617.9554496773108,0.10000000000000001
1492,0,0.54717285480345201,0.10999787796497916,0.095993065989367979,-0.00056400024292794886,1003.2147474665685,1607.3737332842484,0.10000000000000001
1493,0,0.55717074848873172,0.10999761943807355,0.09852201810104376,-0.00071998013108152004,1003.2150944013983,1607.5472006991731,0.10000000000000001
1494,0,0.56717260946200743,0.10999758690945034,0.10075997648108878,-0.00085437227868285885,1003.2024961503455,1601.248075172748,0.10000000000000001
1495,0,0.57717145136569481,0.10999722911510205,0.10256004661411561,-0.00093271189488086084,1003.2020422284791,1601.0211142395292,0.10000000000000001
1496,0,0.58717280793897275,0.10999715847207689,0.10397150549082435,-0.00090667585746536826,1003.1921713087202,1596.0856543600812,0.10000000000000001
1497,0,0.59717248450024796,0.10999722943583176,0.10494033722238386,-0.00072955309121367645,1003.1821178397906,1591.0589198953176,0.10000000000000001
1498,0,0.60717341430636151,0.10999720876016159,0.10557351184445202,-0.00046629270016092391,1003.1479508713004,1573.9754356501976,0.10000000000000001
1499,0,0.61717436632750511,0.10999749158604347,0.105445076470192,-0.00019090743208350922,1003.1093646373453,1554.6823186726328,0.10000000000000001
1500,0,0.6271755949530865,0.10999762455459633,0.10454145773351192,8.8410307461716191e-05,1003.0666305405676,1533.315270283822,0.10000000000000001
1501,0,0.6371774258422479,0.10999768231822475,0.10282331188366262,0.00033225771416435165,1003.0322729018829,1516.1364509414739,0.10000000000000001
1502,0,0.64717912916595177,0.10999788963939908,0.10020454528508506,0.00048280317528472751,1003.0199924398364,1509.9962199182073,0.10000000000000001
1503,0,0.65718098977740957,0.10999778905586804,0.096747228912494071,0.00058241434306520999,1003.034537693996,1517.2688469979789,0.10000000000000001
1504,0,0.66718206497050081,0.1099977689238904,0.092855670955219766,0.00068916942626414562,1003.0599356694673,1529.967834733668,0.10000000000000001
1505,0,0.67718323464560559,0.10999780592047202,0.088593030900751032,0.00078603936172433981,1003.0851184287479,1542.5592143739664,0.10000000000000001
1506,0,0.68718366730401836,0.10999776425620725,0.084149465049487684,0.0008740287800664974,1003.1004135492834,1550.2067746417083,0.10000000000000001
1507,0,0.69718430214784499,0.10999787039432402,0.079865841583778852,0.00094817226296984474,1003.0884726659248,1544.2363329623845,0.10000000000000001
1508,0,0.70718507476525949,0.10999796137795045,0.075949045498036993,0.00096245569971636176,1003.0518146316612,1525.9073158305796,0.10000000000000001
1509,0,0.71718654500447654,0.10999808871444935,0.072568267082884788,0.00088524594539842328,1003.0009143992228,1500.4571996113896,0.10000000000000001
1510,0,0.72718863154415303,0.10999816418087834,0.069821810472717974,0.00073095729955143787,1002.9524143899295,1476.2071949647293,0.10000000000000001
1511,0,0.73719132172098645,0.10999811159619341,0.067719652849915379,0.00053985330604396564,1002.9171270170382,1458.5635085190916,0.10000000000000001
1512,0,0.74719455333978368,0.10999801549337632,0.066143795029886668,0.0003547498594617803,1002.9029024408738,1451.4512204369225,0.10000000000000001
1513,0,0.75719793144927561,0.1099977959265947,0.065185887915173532,0.00021832236994795737,1002.9021231707338,1451.0615853669151,0.10000000000000001
1514,0,0.76720172229873385,0.10999755484877261,0.064843091261683625,0.00014435756307570996,1002.9023874176473,1451.1937088236664,0.10000000000000001
1515,0,0.77720577851678874,0.10999734683055491,0.065049292726190269,0.00010906256367224165,1002.8961131775025,1448.0565887512284,0.10000000000000001
1516,0,0.78721034254828581,0.10999715260534441,0.065942536218501963,8.0784073714326341e-05,1002.8753961179531,1437.6980589765367,0.10000000000000001
1517,0,0.7972156112612,0.10999706678577957,0.067472204076025194,2.7904919364554303e-05,1002.8473063540358,1423.6531770179113,0.10000000000000001
1518,0,0.80722134973167781,0.1099970298995223,0.069379310908735559,-8.3253208163945063e-05,1002.8242755355237,1412.1377677618625,0.10000000000000001
1519,0,0.81722736359869297,0.10999700642698534,0.071337166198832458,-0.00025556260286063335,1002.8141508764594,1407.0754382296968,0.10000000000000001
1520,0,0.82723337946548325,0.10999699982444189,0.072884691276866073,-0.0004408427383725944,1002.8296116317647,1414.805815882346,0.10000000000000001
1521,0,0.83723881041759141,0.10999695261423814,0.073785615456456941,-0.00056844798090173172,1002.8733107450963,1436.6553725481594,0.10000000000000001
1522,0,0.84724343427074178,0.10999694906310814,0.07412216211211449,-0.00057214517556774798,1002.9310455540077,1465.522777003855,0.10000000000000001
1523,0,0.8572472493362131,0.10999704659897633,0.074109005748474635,-0.00040803421507527334,1002.9906711242224,1495.3355621112223,0.10000000000000001
1524,0,0.86725027019935941,0.10999725438971877,0.074250688184544222,-7.8471094947619823e-05,1003.0400494467192,1520.0247233595974,0.10000000000000001
1525,0,0.87725283656819464,0.10999762394666647,0.075054513110866056,0.00035495771312498499,1003.0692810540411,1534.6405270205423,0.10000000000000001
1526,0,0.88725513665986788,0.1099981175366275,0.076683203018327609,0.00078056184248093976,1003.0787875725417,1539.393786270864,0.10000000000000001
1527,0,0.8972572320657658,0.10999867903530376,0.079007859545454029,0.0010737661293196835,1003.0719440019585,1535.9720009792568,0.10000000000000001
1528,0,0.90725914404018382,0.1099992496073162,0.081554904742711043,0.0011383392726210385,1003.0569928586585,1528.496429329266,0.10000000000000001
1529,0,0.91726066531635686,0.1099997629064995,0.083711003568078049,0.00092903673305205217,1003.0461744792473,1523.087239623635,0.10000000000000001
1530,0,0.92726153962044633,0.11000020972335127,0.085052246023840886,0.00048030116589099271,1003.0461135283342,1523.0567641671087,0.10000000000000001
1531,0,0.93726156726653387,0.11000059556337322,0.085356203369781419,-7.9887380075539065e-05,1003.0578195059194,1528.9097529596916,0.10000000000000001
1532,0,0.94726063445210373,0.11000096475045305,0.084705192627514622,-0.00057957577019736751,1003.0795466881063,1539.7733440531738,0.10000000000000001
1533,0,0.95725879372473865,0.11000136084648131,0.083543634105326808,-0.00087715548335160496,1003.1079296761463,1553.9648380731705,0.10000000000000001
1534,0,0.96725615055340131,0.11000178390810403,0.08236850046888039,-0.00090747174943709558,1003.1381053834881,1569.0526917440479,0.10000000000000001
1535,0,0.9772528536561208,0.11000224413936092,0.08153446251783622,-0.00069967057863273222,1003.1641430286586,1582.0715143293,0.10000000000000001
1536,0,0.98724910102503405,0.11000272708150573,0.081289368724394268,-0.00036670629352953906,1003.1828510398118,1591.4255199058971,0.10000000000000001
1537,0,0.99724498873518219,0.11000319791552607,0.081668085716772892,-6.5426087489489035e-05,1003.1933185938886,1596.6592969443241,0.10000000000000001
1538,0,1.0072405578051806,0.11000362566599102,0.082440034325034106,6.6242819246092752e-05,1003.1947718223735,1597.3859111867341,0.10000000000000001
1539,0,1.0172358479750951,0.11000398591133238,0.083312869688650162,-2.4804750174606491e-05,1003.1878350143725,1593.9175071862337,0.10000000000000001
1540,0,1.0272308720694145,0.11000428629565447,0.084017176097256646,-0.00028494955954594674,1003.1734191695734,1586.7095847867176,0.10000000000000001
1541,0,1.0372256436991427,0.11000454139292896,0.084286110886552579,-0.00058766147334913491,1003.1513091908859,1575.6545954429271,0.10000000000000001
1542,0,1.0472202605145682,0.11000477289339761,0.084034280349402593,-0.00078365478915549069,1003.1225112968851,1561.2556484425681,0.10000000000000001
1543,0,1.0572148932072118,0.11000498452470907,0.083440614958289971,-0.00075623838968952523,1003.0914599372943,1545.7299686471515,0.10000000000000001
1544,0,1.0672096606403634,0.11000515470687755,0.082799505591916053,-0.00047620834910099366,1003.0631103305766,1531.5551652882959,0.10000000000000001
1545,0,1.0772046913453253,0.11000527963165484,0.082496397118011697,-1.2973658571785457e-05,1003.0411885141946,1520.5942570972866,0.10000000000000001
1546,0,1.0872000666936166,0.11000532724137468,0.082924378830679615,0.00049872117102904416,1003.0292976172989,1514.6488086494401,0.10000000000000001
1547,0,1.0971957088793269,0.11000526775145079,0.084172563502537046,0.00090309876345419306,1003.0284092936062,1514.2046468030799,0.10000000000000001
1548,0,1.1071914998196462,0.11000510685150276,0.086013938078700586,0.0010822871976392764,1003.0368943705616,1518.4471852808201,0.10000000000000001
1549,0,1.1171872571412851,0.1100048717576359,0.088077967750350483,0.0010047378153491306,1003.0489077505948,1524.4538752974108,0.10000000000000001
1550,0,1.1271828325295421,0.11000464751150855,0.08985666751988379,0.00072046301335116996,1003.0521098535434,1526.0549267716783,0.10000000000000001
1551,0,1.1371783357833989,0.11000449502479784,0.090947838017396032,0.00032942359083677308,1003.0384296870714,1519.2148435356785,0.10000000000000001
1552,0,1.1471738902889552,0.11000445949551373,0.091304152879611966,-4.9984255200290738e-05,1003.0064359324531,1503.2179662265435,0.10000000000000001
1553,0,1.1571697014058999,0.11000456718948465,0.09118241928703974,-0.00031781129016739124,1002.9562419475785,1478.1209737892596,0.10000000000000001
1554,0,1.1671661521191981,0.11000475023265137,0.091106423805020764,-0.00042270778139166055,1002.8970828060206,1448.5414030103243,0.10000000000000001
1555,0,1.1771632945553885,0.11000498089118672,0.091563057422189731,-0.00037277793482061683,1002.8421990100185,1421.0995050092379,0.10000000000000001
1556,0,1.1871611039926897,0.11000519581980758,0.092757383064603016,-0.000218530988345308,1002.80358948353,1401.7947417650021,0.10000000000000001
1557,0,1.1971593664976159,0.11000530450709343,0.094707323075478564,-2.6680605144606204e-05,1002.7927892352604,1396.3946176302215,0.10000000000000001
1558,0,1.2071575584984631,0.11000535406322408,0.097107946720218663,0.00012875296688466439,1002.8067486940411,1403.3743470205309,0.10000000000000001
1559,0,1.2171553997445785,0.11000534485179353,0.099458276710021512,0.00019784918573516588,1002.8323052385595,1416.1526192797282,0.10000000000000001
1560,0,1.2271527323682618,0.11000532453332958,0.10135613649006903,0.00019398554687323084,1002.8581723365579,1429.0861682789568,0.10000000000000001
1561,0,1.2371494725461778,0.11000535472764539,0.1025061250850743,0.00016299406742748291,1002.8720112566743,1436.0056283371705,0.10000000000000001
1562,0,1.2471458613058695,0.11000534171771509,0.10286509471006511,0.00013886514886013665,1002.8684225272664,1434.2112636331876,0.10000000000000001
1563,0,1.2571422034293118,0.11000532496803889,0.10253005681468584,0.0001548720204219756,1002.8537412626301,1426.8706313150687,0.10000000000000001
1564,0,1.267138519782093,0.11000526352231149,0.10144411434212945,0.00024234676950728618,1002.8372143329592,1418.6071664796032,0.10000000000000001
1565,0,1.2771350971956237,0.1100050616531498,0.099658265550424077,0.00039521798999359584,1002.8345598280127,1417.2799140063717,0.10000000000000001
1566,0,1.2871315876304048,0.11000479768532409,0.097269531399904754,0.00057218315436064707,1002.8538579816579,1426.9289908289693,0.10000000000000001
1567,0,1.2971280059406882,0.11000437793149807,0.094206654542863144,0.00072424136370594766,1002.8895636023856,1444.7818011927893,0.10000000000000001
1568,0,1.3071242972549579,0.11000389837042172,0.090532708242114179,0.00081228869656748662,1002.9330377902296,1466.5188951148025,0.10000000000000001
1569,0,1.317120383591079,0.11000343188575709,0.086347012843239521,0.00082642622310660492,1002.9674860261118,1483.7430130559142,0.10000000000000001
1570,0,1.3271167864689437,0.11000292443092537,0.081853302007759685,0.00078811287028626568,1002.9833108210871,1491.655410543558,0.10000000000000001
1571,0,1.3371133950730583,0.11000256092011082,0.077287829531549918,0.00073455214480247022,1002.978184297446,1489.0921487229889,0.10000000000000001
1572,0,1.3471110320029493,0.11000210560435429,0.07294848967337951,0.0006730027915322806,1002.9660362223968,1483.0181111984189,0.10000000000000001
1573,0,1.3571088930258743,0.11000172656944708,0.06902221687480653,0.00060477179501937817,1002.9552392568449,1477.6196284224739,0.10000000000000001
1574,0,1.3671078176514952,0.11000140967735896,0.065614358044982168,0.00053335392110498501,1002.9569394951405,1478.4697475702728,0.10000000000000001
1575,0,1.3771067131926376,0.11000080523959031,0.063059884869131805,0.00039589115853622738,1002.9818509495797,1490.9254747898331,0.10000000000000001
1576,0,1.387106095648122,0.11000039595993558,0.061404995668832375,0.00017020112321048877,1003.0248226960696,1512.4113480347887,0.10000000000000001
1577,0,1.3971050782179677,0.109999879523673,0.060614260312518889,-9.6011095377942699e-05,1003.0737423585106,1536.8711792552858,0.10000000000000001
1578,0,1.4071040457110158,0.1099992917620982,0.06058378710503301,-0.00037141500506540902,1003.1137806011449,1556.8903005724337,0.10000000000000001
1579,0,1.4171033587517026,0.10999899691139489,0.061298137531055508,-0.00063629411614528699,1003.1466796847767,1573.33984238835,0.10000000000000001
1580,0,1.427101626576847,0.10999866204501056,0.062362537349191692,-0.00081667950280351796,1003.1550469388498,1577.5234694248752,0.10000000000000001
1581,0,1.4371019668032095,0.10999850510850545,0.063851015112014992,-0.00084226755712985826,1003.1636071628413,1581.8035814206723,0.10000000000000001
1582,0,1.4470999110173619,0.10999858254465915,0.065709571182947707,-0.00076449081840902744,1003.1638684328731,1581.9342164365366,0.10000000000000001
1583,0,1.4571012421160077,0.1099984585718437,0.068030858056160146,-0.00062413160605789017,1003.1808278478878,1590.4139239439132,0.10000000000000001
1584,0,1.467098650789316,0.1099983974311671,0.070633588422150576,-0.00047351717195641359,1003.187481472914,1593.7407364569935,0.10000000000000001
1585,0,1.4771008159462116,0.10999850453548185,0.073739902205868735,-0.0003402156395130721,1003.2167753599142,1608.3876799571044,0.10000000000000001
1586,0,1.4870975665646853,0.10999807881694913,0.077213170589582131,-0.00022392063564916011,1003.2336871513128,1616.8435756563895,0.10000000000000001
1587,0,1.4970999731163543,0.10999807912006739,0.080488308985154619,-0.00016992372222126068,1003.2449422407398,1622.4711203698803,0.10000000000000001
1588,0,1.5070964739056552,0.10999782477534942,0.08353294688838063,-0.0001489658095064655,1003.2318505475255,1615.9252737627412,0.10000000000000001
1589,0,1.5170989112955604,0.1099971922751275,0.085689452137411151,-0.00016276719244155471,1003.1918304226308,1595.9152113154005,0.10000000000000001
1590,0,1.5270977477123104,0.10999776454131512,0.087679779167985125,-0.00016578592786583692,1003.1499220122909,1574.9610061454291,0.10000000000000001
1591,0,1.5370977217480255,0.10999630226393842,0.087864853801088078,-0.0001454035289964445,1003.0181719668484,1509.0859834241996,0.10000000000000001
1592,0,1.5471057316156029,0.10999690247004554,0.089174839724205951,-8.5162331382600663e-05,1002.9758921803858,1487.9460901929065,0.10000000000000001
1593,0,1.5570987578074886,0.10999609189662758,0.088566096565725616,9.2375090335497284e-05,1002.7694908113262,1384.745405663125,0.10000000000000001
1594,0,1.5671229166776721,0.10999406645319777,0.088915818170220928,0.00018058704387062096,1002.7069328888184,1353.4664444092073,0.10000000000000001
1595,0,1.577105241143117,0.10999577351821095,0.08815532896183384,0.0003814990983948876,1002.4410759448979,1220.5379724489376,0.10000000000000001
1596,0,1.5871542913528891,0.10999087817483474,0.088789772707442635,0.00045073139655781724,1002.4285754207028,1214.2877103514138,0.10000000000000001
1597,0,1.5971159137864084,0.10999379543442474,0.08632345030392885,0.00051283304855127669,1002.0194658158393,1009.7329079196697,0.10000000000000001
1598,0,1.6072048055752117,0.1099880157711578,0.086680808803785536,0.00055025128569231255,1002.0815754866613,1040.787743330668,0.10000000000000001
1599,0,1.6171350124417989,0.10998966139217578,0.08394588033200906,0.00038135742721055255,1001.5922185464161,796.10927320806013,0.10000000000000001
1600,0,1.6272718290522452,0.10998578941112333,0.081924273339858536,0.0004273900725460932,1001.6321103640306,816.05518201530458,0.10000000000000001
1601,0,1.6371717692844923,0.10998273266291461,0.07982063352275677,0.00028516432054251107,1001.1642063928514,582.10319642569175,0.10000000000000001
1602,0,1.6473525246393947,0.10998191471855312,0.076653689851046439,0.00045907893253594156,1001.2136043341857,606.80216709283741,0.10000000000000001
1603,0,1.6572340086480286,0.10997539868853677,0.074989149327036514,0.00047214808019925054,1000.835511284458,417.75564222899675,0.10000000000000001
1604,0,1.6674407256605146,0.10997891935893238,0.070530698058704031,0.00060963325022287134,1000.8654523658629,432.7261829314466,0.10000000000000001
1605,0,1.677323579791244,0.10996789283389084,0.070599291882926837,0.00062736332132977109,1000.7198029511752,359.90147558760555,0.10000000000000001
1606,0,1.6875312917259306,0.1099792512213498,0.064859409470421084,0.00062074484524128235,1000.6547489254849,327.37446274245485,0.10000000000000001
1607,0,1.6974325841692401,0.10995683387432581,0.064270301335568242,0.00068576739287352256,1000.661722231308,330.86111565398824,0.10000000000000001
1608,0,1.7076253594154387,0.10998505710555324,0.059768043644557164,0.00073304016623790193,1000.5838850716739,291.94253583693808,0.10000000000000001
1609,0,1.7175474519406715,0.10995410671145339,0.057293099726237355,0.00052498822766776864,1000.660840428669,330.42021433448099,0.10000000000000001
1610,0,1.7277150127088352,0.10998894711055032,0.051986854122939942,0.00062589700023241873,1000.4931241478198,246.56207390989948,0.10000000000000001
1611,0,1.7376696591064515,0.10997216530834342,0.051190271183748207,0.0010782440199289488,1000.791140021055,395.57001052747864,0.10000000000000001
1612,0,1.747771714238465,0.11001129378626512,0.044415935303357121,0.0008058137844307704,1000.4313376271475,215.66881357375678,0.10000000000000001
1613,0,1.7577681066445032,0.11001332380834954,0.04524154092989275,0.00089701081912324846,1000.9367543562618,468.3771781308792,0.10000000000000001
1614,0,1.7677526324321842,0.11007132943841777,0.039867860607795139,0.0016299356834949979,1000.3496834401686,174.84172008431642,0.10000000000000001
1615,0,1.7777718325439253,0.11001159403926808,0.039021642156622856,0.00087330258598352056,1000.814269592668,407.13479633399174,0.10000000000000001
1616,0,1.7876870118610069,0.1101531663659714,0.038859749836331517,0.0011573766220695373,1000.3756903037531,187.8451518765587,0.10000000000000001
1617,0,1.7975895752985853,0.11010622666118566,0.03332379865848812,0.0029798464316446562,1000.4603035066292,230.15175331460114,0.10000000000000001
1618,0,1.8075486735780963,0.11011792581013553,0.03753497363763042,0.002898047470140754,1000.2996140858853,149.80704294265479,0.10000000000000001
1619,0,1.817275213610372,0.11019908572945904,0.028581583239598682,0.0013316531473672713,1000.4051403130081,202.57015650406629,0.10000000000000001
1620,0,1.8275465425938635,0.11011289063406517,0.034604171834065729,8.1986784936504396e-05,1000.3124309691282,156.21548456408618,0.10000000000000001
1621,0,1.8363673938837841,0.11001117690149323,0.028467703039382907,-0.00043808674318448576,1000.1987234747676,99.36173738378784,0.10000000000000001
1622,0,1.8513076732761244,0.10977015098784042,0.031543020458141287,-0.00045591338543434152,1000.1623934287653,81.19671438265641,0.10000000000000001
1623,0,1.8513081044010748,0.10986125326545013,0.031547161815229846,-0.00041868340100340181,1000.162340171957,81.170085978499174,0.10000000000000001
1624,0,1.8814746619731335,0.11162837936238504,0.078696930274097493,0.0068584300810812142,999.72047113958342,-139.7644302082881,0.10000000000000001
1625,0,1.8814712758350773,0.1117232480087873,0.078729208176740118,0.0069405965366470361,999.71674211413961,-141.6289429301969,0.10000000000000001
1626,0,1.8907677751299461,0.11268479128274168,0.077632628061135009,-0.0063763123831848461,1000.3620037298247,181.00186491233217,0.10000000000000001
1627,0,1.9098794400794135,0.10939355841798012,0.065590298062896166,0.0042881459445899446,999.79359787081421,-103.20106459289491,0.10000000000000001
1628,0,1.9098201991819799,0.10902662825060015,0.06522336486247779,0.0043594638917822956,999.77517204323283,-112.4139783835858,0.10000000000000001
1629,0,0.10356018397546329,0.11793878821994162,0.093929583685725668,0.0012665414808968962,999.82961210544852,-85.193947275740811,0.10000000000000001
1630,0,0.10355782686321363,0.11724532459760408,0.093929320080186535,0.0015554690565279603,999.83649818151162,-81.750909244192371,0.10000000000000001
1631,0,0.12164294785032036,0.12028903925550433,0.075811120787413686,-0.0020596865427124377,1000.7682439592533,384.12197962662731,0.10000000000000001
1632,0,0.13267813619315086,0.12238993951320387,0.089441906017590417,0.0021936310637256243,999.61068475884167,-194.65762057916436,0.10000000000000001
1633,0,0.13264763292549014,0.12304079514350223,0.089796256903476659,0.0013765228403168626,999.61049034577525,-194.75482711237646,0.10000000000000001
1634,0,0.16266480402279518,0.11978557948111357,0.12818946596214029,-0.00083705971637010811,1000.1854705437765,92.735271888273019,0.10000000000000001
1635,0,0.16267483011410774,0.1195857847666609,0.12830882983286626,-0.00092721925994704107,1000.1858026766563,92.901338328147176,0.10000000000000001
1636,0,0.17753052238286726,0.12016148701603903,0.13095413779400816,-0.00069092006876486525,1000.267137431438,133.56871571897955,0.10000000000000001
1637,0,0.18621670382216002,0.12019826683472978,0.12654305712975791,0.00070731651092466525,1000.4813770438041,240.68852190202961,0.10000000000000001
1638,0,0.19684747966884697,0.12019543423220425,0.13253594691770496,0.0018841744778676859,1000.4876807646751,243.84038233756655,0.10000000000000001
1639,0,0.206417907953868,0.12037400250172642,0.12524318978885063,0.0019843571871819904,1000.7173371630948,358.66858154741976,0.10000000000000001
1640,0,0.21658648654838036,0.12020535218575681,0.1295816685450995,0.0028045438140091054,1000.8325654792557,416.28273962783169,0.10000000000000001
1641,0,0.22639037999632997,0.12015371323665384,0.12337331812949692,0.0036116745239592428,1000.7001734722612,350.08673613060637,0.10000000000000001
1642,0,0.23654418371990016,0.12006799462907314,0.12556161515162914,0.003069798325620631,1000.8476639586421,423.83197932105077,0.10000000000000001
1643,0,0.24644474129957866,0.1200715964249639,0.12341286845483339,0.002516047187964509,1000.4348376775334,217.41883876671864,0.10000000000000001
1644,0,0.25662498053886285,0.11995598445342825,0.11850165928067645,0.001555409584779696,1000.9055819441501,452.79097207503582,0.10000000000000001
1645,0,0.26650613037287757,0.12001063039940178,0.1202565981036658,0.0018311185568934249,1000.45641293858,228.20646929000077,0.10000000000000001
1646,0,0.2767476444157016,0.11992806469555384,0.11266092982236975,0.0015954641283861721,1000.7813973535036,390.69867675181058,0.10000000000000001
1647,0,0.28659144447278045,0.11995979070691901,0.11199118808585437,0.0012678182329149868,1000.6405354794058,320.26773970289923,0.10000000000000001
1648,0,0.29685524416028741,0.11992692305535621,0.10704632623182632,0.001214593071519198,1000.6496556522812,324.82782614061989,0.10000000000000001
1649,0,0.3066883808260536,0.11995735893778439,0.10442963351055345,0.0014036994139843852,1000.7244921961885,362.24609809426056,0.10000000000000001
1650,0,0.31694556476816566,0.11992787763855592,0.099897049173123989,0.0011944163543441489,1000.6581214780828,329.06073904138111,0.10000000000000001
1651,0,0.32678698476696405,0.11995697879190702,0.098878586807477201,0.0010874089056422866,1000.7971215868789,398.56079343945794,0.10000000000000001
1652,0,0.33702029504850944,0.11994296590127217,0.094090039216424004,0.00094743008951173925,1000.7233169283564,361.65846417821967,0.10000000000000001
1653,0,0.34688055564785431,0.11996286888989149,0.093071529477279258,0.00092365402070531191,1000.988291155262,494.1455776310022,0.10000000000000001
1654,0,0.35707651685542724,0.11995885274941051,0.089559954103390696,0.00050181694724089985,1000.8872015732037,443.60078660184854,0.10000000000000001
1655,0,0.36696636146142764,0.11996651109212224,0.087360070104701093,0.00053140348077123029,1001.2822058454094,641.10292270470381,0.10000000000000001
1656,0,0.37711594303598461,0.1199726032287793,0.084712869232793989,0.000374411830729939,1001.2240587287079,612.02936435392985,0.10000000000000001
1657,0,0.38703664243428532,0.1199727295652958,0.082561205801460175,0.00041085977929033974,1001.6383861784642,819.1930892321011,0.10000000000000001
1658,0,0.39714360433722645,0.11998266867753814,0.080776696451979837,0.00038092288393048828,1001.6253702360664,812.68511803318688,0.10000000000000001
1659,0,0.40709015619636857,0.11998034349184523,0.078202959687225918,0.00053479275227619096,1002.0454992607719,1022.7496303859311,0.10000000000000001
1660,0,0.41715996644593678,0.11998767338539899,0.078380309998734077,0.00042116644631946348,1002.0282028894218,1014.1014447108887,0.10000000000000001
1661,0,0.42712875115233379,0.11998820374876751,0.076331725549384055,0.00037334500752660187,1002.3803749671156,1190.1874835577928,0.10000000000000001
1662,0,0.43717007358866816,0.11999114652962027,0.07675033668076775,0.00025862158817841272,1002.4209375633485,1210.4687816742512,0.10000000000000001
1663,0,0.44715222309412517,0.11999261025486306,0.076283826643154862,-2.4763266923090073e-05,1002.6643921292716,1332.1960646358093,0.10000000000000001
1664,0,0.45717548247488937,0.11999453906750532,0.076680528886155869,-0.0002325931410907932,1002.730352044701,1365.1760223505107,0.10000000000000001
1665,0,0.46716562170029075,0.11999452796613161,0.076246003996882611,-0.00042858808933968174,1002.9335619151161,1466.7809575580577,0.10000000000000001
1666,0,0.47717456150865711,0.11999622928973437,0.077679920569688685,-0.00059289763340875459,1002.9705937447211,1485.29687236055,0.10000000000000001
1667,0,0.48717236400324321,0.11999609304631985,0.078034763507784585,-0.0006899710312714139,1003.1023102649705,1551.1551324852348,0.10000000000000001
1668,0,0.49717146082258484,0.11999619809102942,0.080057617328925218,-0.00070237265236976882,1003.1490369417372,1574.5184708686111,0.10000000000000001
1669,0,0.50717316013029345,0.11999690944487434,0.082178971702578804,-0.00072038857867076297,1003.204499445374,1602.24972268702,0.10000000000000001
1670,0,0.51716885068516583,0.11999646941418723,0.085218212711005228,-0.00071303287372729521,1003.2342451206108,1617.122560305404,0.10000000000000001
1671,0,0.52717121852903004,0.11999665234046401,0.088401747603849515,-0.00071921717851723547,1003.2422120004478,1621.1060002239037,0.10000000000000001
1672,0,0.53716697519615064,0.11999673944350045,0.091713551424154313,-0.00076179235207642559,1003.2461387643272,1623.0693821635782,0.10000000000000001
1673,0,0.54716878857734497,0.11999629372818972,0.094753824361629241,-0.00088377648973126017,1003.2266140494669,1613.3070247334445,0.10000000000000001
1674,0,0.55716593445700957,0.11999626212366842,0.097283950773838473,-0.0010173572331325246,1003.2236607785093,1611.8303892546351,0.10000000000000001
1675,0,0.56716676994419657,0.11999579016695731,0.099559005913518683,-0.0011372830291721031,1003.2051589425384,1602.5794712692232,0.10000000000000001
1676,0,0.5771651127793137,0.1199954210912892,0.10141085302994438,-0.0012433047488434755,1003.1987559844879,1599.3779922439444,0.10000000000000001
1677,0,0.58716542976347563,0.11999513449955673,0.10295149944758915,-0.0012959465151366639,1003.1834924976376,1591.7462488188221,0.10000000000000001
1678,0,0.59716457905961318,0.1199946129722109,0.10405923550191126,-0.0012408987837124155,1003.1693094676834,1584.6547338417167,0.10000000000000001
1679,0,0.60716473481017186,0.11999442564026998,0.10472619110963918,-0.0011184830730856881,1003.1391214551603,1569.5607275801535,0.10000000000000001
1680,0,0.61716484377129677,0.11999402011288231,0.10461849562830569,-0.00097583316794333356,1003.1047118045045,1552.3559022522591,0.10000000000000001
1681,0,0.62716521922251756,0.11999372537403492,0.10373957051156588,-0.00078630273845255324,1003.063495238778,1531.7476193890229,0.10000000000000001
1682,0,0.63716627626502131,0.11999346184839274,0.10198392797578464,-0.00056744437213592587,1003.0293931298381,1514.6965649190633,0.10000000000000001
1683,0,0.64716707275823548,0.11999319558982742,0.099307719467499195,-0.000358543611109542,1003.0164357404125,1508.2178702062379,0.10000000000000001
1684,0,0.65716801177086837,0.11999307335492232,0.09588725770929632,-0.00011761743469016243,1003.0246023464828,1512.3011732413829,0.10000000000000001
1685,0,0.66716837675891205,0.11999292574440115,0.092023340689777272,0.00018588152141623253,1003.0428404903182,1521.4202451591063,0.10000000000000001
1686,0,0.67716861170561649,0.11999294134021536,0.08775057160234255,0.0004960402225057186,1003.0647643270883,1532.3821635441277,0.10000000000000001
1687,0,0.68716827062846786,0.11999305343466499,0.083304900821285305,0.00078593423288618838,1003.0779826544747,1538.9913272373406,0.10000000000000001
1688,0,0.69716803094220281,0.11999313191008623,0.07897321558938393,0.0010290189642671282,1003.0680196228236,1534.0098114118064,0.10000000000000001
1689,0,0.70716787035828954,0.11999334593225033,0.074952651095713266,0.0011651511680964674,1003.0377765948836,1518.8882974417766,0.10000000000000001
1690,0,0.71716836967688058,0.11999352733098888,0.071457630362851396,0.0011629666266766826,1002.9948414132323,1497.4207066161398,0.10000000000000001
1691,0,0.72716934881503748,0.11999354267309466,0.068633070651340486,0.0010371454374566793,1002.9521191812082,1476.059590604109,0.10000000000000001
1692,0,0.73717098769186085,0.11999347465483375,0.066499743891078711,0.00082810065183104402,1002.9185278666041,1459.2639333020543,0.10000000000000001
1693,0,0.74717312496246224,0.11999318213312349,0.064947573831788022,0.00058983976753709008,1002.9008326768483,1450.4163384241338,0.10000000000000001
1694,0,0.75717543399708298,0.11999273999904239,0.064053089005694647,0.00037470226676572938,1002.8912053652738,1445.6026826368884,0.10000000000000001
1695,0,0.76717826934657452,0.11999221338386133,0.063770733989886294,0.00020402300361450343,1002.8806991225622,1440.3495612810957,0.10000000000000001
1696,0,0.77718142553076708,0.11999163606549726,0.064015567252979327,7.7417688506732388e-05,1002.8656756982987,1432.8378491493368,0.10000000000000001
1697,0,0.78718511612514253,0.1199911976275251,0.064927242004949703,-5.8828286384792637e-06,1002.8401932278716,1420.0966139358115,0.10000000000000001
1698,0,0.79718953449554009,0.1199908882362075,0.066446212567029095,-5.3846742545708188e-05,1002.8123021597937,1406.1510798968584,0.10000000000000001
1699,0,0.80719440918625418,0.11999073140578713,0.068317401189348509,-8.601519185942995e-05,1002.7944700311741,1397.2350155870572,0.10000000000000001
1700,0,0.81719951445684347,0.1199907317826937,0.070262899259822528,-0.00010289634506089414,1002.7911473172835,1395.5736586417515,0.10000000000000001
1701,0,0.82720460520662753,0.11999079036988283,0.071855494256033367,-7.4737623465659009e-05,1002.8101979219565,1405.0989609782505,0.10000000000000001
1702,0,0.83720912867656427,0.11999093403523213,0.072853310875516539,2.4882162980830136e-05,1002.8521791596053,1426.0895798026354,0.10000000000000001
1703,0,0.84721289425425883,0.1199911606168672,0.073327333220376767,0.0002073127328711755,1002.9036787797203,1451.8393898601403,0.10000000000000001
1704,0,0.85721591605473979,0.11999148601045832,0.073463687359438617,0.00047229062024709039,1002.9551574175371,1477.578708768533,0.10000000000000001
1705,0,0.86721818596922651,0.119991953820852,0.073715981307876544,0.00079270691749821717,1002.9976129094929,1498.8064547464433,0.10000000000000001
1706,0,0.87722001809971295,0.11999252512966987,0.074539456956078651,0.0011037058087763302,1003.0238631844018,1511.9315922008809,0.10000000000000001
1707,0,0.88722157511183786,0.11999320715362126,0.076069602049689183,0.0013143405054111892,1003.0357393591491,1517.8696795745736,0.10000000000000001
1708,0,0.89722288467407707,0.11999397487781532,0.078198256833702254,0.0013433712325876279,1003.035146416237,1517.573208118506,0.10000000000000001
1709,0,0.90722398826410078,0.11999476961871582,0.080497241726224023,0.0011495200666905229,1003.0273117817821,1513.6558908910729,0.10000000000000001
1710,0,0.91722471666288841,0.11999560439179492,0.082408224818665402,0.00073200807878977476,1003.0224551032898,1511.227551644879,0.10000000000000001
1711,0,0.92722481822454239,0.11999647635608419,0.083594139097329281,0.00014038455598668488,1003.0255999420249,1512.7999710124413,0.10000000000000001
1712,0,0.93722412837619695,0.11999739093691218,0.083908147004828196,-0.00051050919604911393,1003.037034331359,1518.5171656794978,0.10000000000000001
1713,0,0.94722255615971107,0.11999834932443398,0.083430629976027168,-0.0010781036265044104,1003.0566973049739,1528.3486524869545,0.10000000000000001
1714,0,0.9572201213198932,0.11999927942752077,0.082540020780800694,-0.001457964603384576,1003.0833917328255,1541.6958664127378,0.10000000000000001
1715,0,0.96721691592220604,0.12000012388814324,0.081643793249659466,-0.0016176138601903842,1003.1134281467608,1556.7140733804194,0.10000000000000001
1716,0,0.97721307708649729,0.12000087846490344,0.081009565721340993,-0.0015941913012288346,1003.1414942346672,1570.7471173336103,0.10000000000000001
1717,0,0.98720877285585895,0.12000156417614052,0.080824213279758028,-0.0014765888271249508,1003.1635639555616,1581.7819777807927,0.10000000000000001
1718,0,0.9972041047969683,0.12000221666757385,0.081109573390114417,-0.0013805121294805643,1003.1768035665841,1588.4017832920563,0.10000000000000001
1719,0,1.0071991419691495,0.12000286085974707,0.081692549229156433,-0.001403508144595075,1003.179512129066,1589.7560645329918,0.10000000000000001
1720,0,1.0171939379950834,0.12000350624480599,0.082390814188335576,-0.0015690593376387993,1003.172271943277,1586.1359716384982,0.10000000000000001
1721,0,1.0271885171814727,0.12000415021121015,0.083030086963911856,-0.00181237044647773,1003.1559205141584,1577.9602570792122,0.10000000000000001
1722,0,1.0371829227598166,0.12000477034205786,0.083386487933016465,-0.0020168233523138591,1003.1312098219222,1565.604910961099,0.10000000000000001
1723,0,1.0471772622785847,0.12000533497181476,0.083368537800230264,-0.0020553729829088031,1003.1012361834499,1550.6180917249708,0.10000000000000001
1724,0,1.0571716707365881,0.12000581939880224,0.083090620717738498,-0.0018298225918209313,1003.0711632520059,1535.5816260029655,0.10000000000000001
1725,0,1.0671662477934771,0.12000620515637971,0.08273994624222758,-0.0013157125975648569,1003.044894959536,1522.4474797680045,0.10000000000000001
1726,0,1.0771611123912497,0.12000651669148975,0.082609855237557261,-0.00057840020840662157,1003.0249217254365,1512.4608627182283,0.10000000000000001
1727,0,1.0871563138608413,0.12000679630924678,0.083042984808932671,0.00024817887542502473,1003.0131452967496,1506.5726483747994,0.10000000000000001
1728,0,1.0971517828272341,0.12000701472923737,0.084130484461052174,0.00099917007639784938,1003.0088736602606,1504.4368301303166,0.10000000000000001
1729,0,1.1071474329361541,0.12000714021977178,0.085714247318200307,0.0015347635019363987,1003.0107502410011,1505.3751205005597,0.10000000000000001
1730,0,1.1171430997586242,0.12000717063405755,0.087516632970129224,0.0017840990297914013,1003.0148520925947,1507.4260462973257,0.10000000000000001
1731,0,1.1271386670864756,0.12000710751129622,0.089097331658577306,0.0017444118151503422,1003.0115509281869,1505.7754640934604,0.10000000000000001
1732,0,1.1371342458455531,0.12000701638559895,0.090097368500527936,0.0014686936846503467,1002.9955288657313,1497.7644328656652,0.10000000000000001
1733,0,1.1471299277145872,0.1200069264283808,0.090482384868763088,0.0010540530074312638,1002.9664422929849,1483.2211464924399,0.10000000000000001
1734,0,1.1571258910916276,0.12000684688819446,0.090483474508862335,0.0006121861409918081,1002.9233321698027,1461.666084901367,0.10000000000000001
1735,0,1.1671224708051291,0.12000682732189198,0.090572149008892669,0.00023426733720271668,1002.8726864934098,1436.3432467048938,0.10000000000000001
1736,0,1.1771196957524572,0.12000683204454786,0.091181868015028186,-3.0830687628425894e-05,1002.8243943881952,1412.1971940975868,0.10000000000000001
1737,0,1.1871175552445348,0.12000687068603647,0.09249355433894503,-0.00016728559998595925,1002.7882333347603,1394.1166673801604,0.10000000000000001
1738,0,1.1971158405040383,0.12000696119403584,0.094510317446313469,-0.00017763619684617188,1002.7748554553357,1387.4277276678413,0.10000000000000001
1739,0,1.2071140583120192,0.12000707099396643,0.096911035076520186,-9.7771365770382186e-05,1002.7828075899143,1391.4037949571707,0.10000000000000001
1740,0,1.2171119589384505,0.12000729337403565,0.09923360228329331,2.1472800315205024e-05,1002.8040812759352,1402.040637967616,0.10000000000000001
1741,0,1.2271093384440619,0.1200076083379454,0.10113243241350564,0.0001639380321948036,1002.8311832617076,1415.5916308537826,0.10000000000000001
1742,0,1.2371060548820112,0.12000795675227664,0.10230524978581632,0.00032859504037575341,1002.8510161694187,1425.5080847093495,0.10000000000000001
1743,0,1.2471023546139541,0.12000831964228377,0.10269264789342214,0.0004947015654164404,1002.8565918495312,1428.2959247656208,0.10000000000000001
1744,0,1.2570985278615463,0.12000850103851768,0.10240626936879267,0.00064540411504427253,1002.8527731219799,1426.386560989954,0.10000000000000001
1745,0,1.2670945196478647,0.12000846223917479,0.10137938742465219,0.00078012868751268724,1002.8450492652004,1422.5246326001866,0.10000000000000001
1746,0,1.2770907234837037,0.12000814794934514,0.099620599211541636,0.00088580003030535269,1002.84545959567,1422.729797835018,0.10000000000000001
1747,0,1.287086840152581,0.12000748956373032,0.097209119234120289,0.00092487349285534149,1002.8619567859593,1430.9783929796254,0.10000000000000001
1748,0,1.2970828039574915,0.12000663853434299,0.094082778735029501,0.00086133324046375843,1002.8902728093676,1445.136404683808,0.10000000000000001
1749,0,1.3070787704048581,0.12000555724247421,0.090330515866336183,0.00068487177155988584,1002.9246043989027,1462.3021994513579,0.10000000000000001
1750,0,1.317074493998762,0.12000439248349717,0.086085283549762942,0.00041308807984154954,1002.9511654938171,1475.5827469085716,0.10000000000000001
1751,0,1.327070596072961,0.12000334989121136,0.081578556406391181,8.8985350577646939e-05,1002.9630325050997,1481.5162525498522,0.10000000000000001
1752,0,1.3370669538012014,0.12000230745846183,0.077048086680337996,-0.00022282573277910864,1002.958335760575,1479.1678802874912,0.10000000000000001
1753,0,1.3470641437797963,0.12000142343799089,0.072740995419785945,-0.00048512316890800207,1002.948443728816,1474.2218644079799,0.10000000000000001
1754,0,1.3570617563300971,0.12000078994954845,0.068875927717297031,-0.0006705552484745146,1002.9439416421603,1471.9708210801628,0.10000000000000001
1755,0,1.367060105566229,0.12000017478729039,0.065506722454312327,-0.00075420527787317627,1002.9502171186601,1475.1085593300672,0.10000000000000001
1756,0,1.3770585279674787,0.11999979248402702,0.062903879449954708,-0.00078669761247279822,1002.9757429566102,1487.8714783051237,0.10000000000000001
1757,0,1.3870573881103623,0.1199994583420847,0.061225189776268292,-0.0008074917864253384,1003.0189166445181,1509.4583222590359,0.10000000000000001
1758,0,1.3970557695990835,0.11999915400210305,0.060434881846595949,-0.0008084957056544742,1003.0657904442777,1532.8952221388477,0.10000000000000001
1759,0,1.4070541688853708,0.11999903043344613,0.060410420190384222,-0.00079462442933739578,1003.1026500983967,1551.3250491983399,0.10000000000000001
1760,0,1.4170527634457459,0.11999866248769268,0.061141174836351592,-0.00079253150478598218,1003.1323055544117,1566.1527772058434,0.10000000000000001
1761,0,1.4270507711929825,0.1199987014804825,0.062326953781887059,-0.0007622739643531627,1003.1465292172611,1573.2646086305522,0.10000000000000001
1762,0,1.4370499937483352,0.11999848419368352,0.063924727172099793,-0.00067159804318924984,1003.1611853913734,1580.5926956866756,0.10000000000000001
1763,0,1.4470475913335112,0.11999837990774463,0.065818718314564331,-0.00056946975622231965,1003.1684999540593,1584.2499770296286,0.10000000000000001
1764,0,1.4570478756762613,0.11999846830478446,0.068172807482000386,-0.00047550354882686346,1003.1922691311623,1596.134565581167,0.10000000000000001
1765,0,1.4670443645046864,0.11999799114088439,0.070744052079391176,-0.00040215191898719472,1003.2009925200113,1600.4962600056274,0.10000000000000001
1766,0,1.4770460380241814,0.11999819584897933,0.073837751198572249,-0.00034302885331717289,1003.2315724395844,1615.7862197921986,0.10000000000000001
1767,0,1.4870411476114789,0.11999764836460716,0.077240373093583586,-0.00036248312171461102,1003.2417615585207,1620.8807792603466,0.10000000000000001
1768,0,1.4970433202318763,0.119997277532277,0.080480783890548205,-0.00042281972291010228,1003.249028023384,1624.5140116919856,0.10000000000000001
1769,0,1.5070384879436181,0.11999743397978029,0.083536146860440308,-0.00047732358085427184,1003.2339695259124,1616.9847629561787,0.10000000000000001
1770,0,1.5170395733807496,0.119996382726546,0.085685639109953221,-0.00050292949526586591,1003.19294384203,1596.4719210149951,0.10000000000000001
1771,0,1.5270385734767702,0.11999632095229824,0.087736014765966014,-0.000500189629266866,1003.1605355044871,1580.2677522435715,0.10000000000000001
1772,0,1.5370350415216405,0.11999582329175494,0.087996754242031128,-0.0004120317280112357,1003.0320192042034,1516.0096021016898,0.10000000000000001
1773,0,1.547044568426545,0.11999443108827089,0.089381418377953173,-0.00021734026234696612,1003.0009840971691,1500.4920485845332,0.10000000000000001
1774,0,1.5570332413184198,0.11999375560371818,0.088867028034113768,7.9734970721456917e-06,1002.7942065350534,1397.1032675266883,0.10000000000000001
1775,0,1.5670569193472088,0.11999210155762081,0.089099584478251684,0.00024907504601169849,1002.7186302742805,1359.3151371402428,0.10000000000000001
1776,0,1.5770390777445065,0.11999025586921022,0.0885592872920304,0.00055979134907450251,1002.4668279538098,1233.4139769048988,0.10000000000000001
1777,0,1.5870790552952818,0.11998693413455801,0.08873717906213123,0.00066239840878143798,1002.3994247586181,1199.7123793090623,0.10000000000000001
1778,0,1.5970510346806097,0.11998660982800526,0.086638253407910634,0.00072832345744026678,1002.0399308703517,1019.965435175834,0.10000000000000001
1779,0,1.607117171575537,0.11997783553269012,0.086587983764964779,0.00080497800944670669,1002.0232163402256,1011.6081701128223,0.10000000000000001
1780,0,1.6170697535268999,0.11998117387487817,0.083914085611591763,0.00064597555068343691,1001.5981221999265,799.06109996323949,0.10000000000000001
1781,0,1.6271731664188192,0.11996982211178202,0.082116832859969999,0.00067543453988189249,1001.5942061041699,797.10305208493537,0.10000000000000001
1782,0,1.6370987439745881,0.11997096376278202,0.079645099302457459,0.00058904526156200172,1001.1628403676769,581.42018383847471,0.10000000000000001
1783,0,1.6472492137742267,0.1199646927991664,0.077151458551374202,0.00073950358997597646,1001.2292081185187,614.60405925936357,0.10000000000000001
1784,0,1.6571385801296497,0.11995691222421884,0.074704991162649351,0.00063164307535305429,1000.8073750080343,403.6875040171708,0.10000000000000001
1785,0,1.6673406676000675,0.11996184773055417,0.071171871460062083,0.00099470919779772599,1000.9159684166244,457.98420831221165,0.10000000000000001
1786,0,1.67719688638413,0.11994009372394347,0.070219773493809895,0.00097686210628496455,1000.6359956795529,317.99783977646712,0.10000000000000001
1787,0,1.6874364670560575,0.11995651262040136,0.065260992974456825,0.001092451085974525,1000.7043534490354,352.17672451767612,0.10000000000000001
1788,0,1.6972760053099543,0.11992751173123906,0.064316142957075648,0.0012285817196382954,1000.5695288680516,284.76443402581708,0.10000000000000001
1789,0,1.7075346875419337,0.11995851506267086,0.059729566468908514,0.0014424754522868778,1000.6338057747067,316.9028873533648,0.10000000000000001
1790,0,1.7173692382745929,0.11992978700799825,0.057069490663040033,0.0011904150485194766,1000.5558342983543,277.91714917714216,0.10000000000000001
1791,0,1.727630098805619,0.11996198683037876,0.052154964851584565,0.0012709579051607585,1000.5365235798188,268.26178990938843,0.10000000000000001
1792,0,1.7374798041065971,0.11993208085423737,0.051634027708602495,0.0016678436364960809,1000.6842888241479,342.1444120739352,0.10000000000000001
1793,0,1.7477098372590041,0.1200141486603969,0.04375267231399621,0.0018776597552648149,1000.3154411629837,157.72058149184431,0.10000000000000001
1794,0,1.7576077371570813,0.11996809818889681,0.046039666270402249,0.0018865231237807758,1000.8369406668388,418.47033341940687,0.10000000000000001
1795,0,1.7677600382058958,0.12008503313883975,0.040393568513305785,0.0029783384597887167,1000.3046965829718,152.34829148590734,0.10000000000000001
1796,0,1.7776892451673723,0.12009652735051442,0.039111038358378453,0.0036993333308187808,1000.8502364273232,425.11821366161939,0.10000000000000001
1797,0,1.787797164837138,0.12017909203580902,0.040201916367728997,0.0041769163547811326,1000.6038797355651,301.93986778255066,0.10000000000000001
1798,0,1.7976247593106551,0.12024471701320068,0.0344244705646818,0.0034137913565297391,1000.8411434926545,420.57174632725491,0.10000000000000001
1799,0,1.8077458281086212,0.12040151960243554,0.03816582052170462,0.0026865650324239348,1000.6080290972707,304.01454863533672,0.10000000000000001
1800,0,1.8173296971282022,0.12021132415241277,0.030405961512691832,0.0027948315759200146,1000.4179447009087,208.97235045435991,0.10000000000000001
1801,0,1.8279341173267056,0.12022469167956597,0.036737324424408739,0.0017933519911273261,1000.4291685024316,214.58425121579694,0.10000000000000001
1802,0,1.8366333193192765,0.12017668272780445,0.031283736525893543,-3.804539067890968e-05,1000.210564950413,105.28247520647938,0.10000000000000001
1803,0,1.8514731042268653,0.11958338045016749,0.034031868435198627,-0.001112998706077525,1000.1500954125056,75.047706252803437,0.10000000000000001
1804,0,1.8514814232514332,0.11978171549564381,0.034123815669890915,-0.0010445837056877437,1000.1496792964889,74.839648244449108,0.10000000000000001
1805,0,1.8814440331209124,0.12326449630318337,0.073446632747583993,0.0047713187884974627,999.55882503177224,-220.58748411387796,0.10000000000000001
1806,0,1.8814174774905419,0.12261720184651856,0.073911526732858321,0.0054959284800839272,999.56126140759773,-219.36929620113688,0.10000000000000001
1807,0,1.8921045574423829,0.12035295369890013,0.084167952189003858,-0.0010103951118038803,1000.8031351932802,401.56759664012043,0.10000000000000001
1808,0,1.9105233126370498,0.1172058205177214,0.068562984047467787,0.0014707603925709404,999.8495455804723,-75.227209763852443,0.10000000000000001
1809,0,1.910514301561212,0.11789397962528171,0.068456330154705411,0.0011653223600394523,999.84255526014181,-78.722369929096203,0.10000000000000001
1810,0,0.10461164467786946,0.12862161849294815,0.096828056718418612,0.0050633959225870988,999.65752302830163,-171.23848584918733,0.10000000000000001
1811,0,0.10435234538717222,0.12565028961617083,0.09664565460259622,0.0029007601854882715,999.65445740354266,-172.77129822866755,0.10000000000000001
1812,0,0.1201399357102952,0.13187473175337344,0.092880322130877546,0.0057813477065671711,1000.3362303998474,168.11519992370449,0.10000000000000001
1813,0,0.13190074547300687,0.13406367715642625,0.09544140764775591,-0.0058328944385745984,999.78364288872706,-108.17855563647072,0.10000000000000001
1814,0,0.13194165106430433,0.13368410300045519,0.095149590512043539,-0.0057485718995878097,999.77817143258653,-110.91428370673384,0.10000000000000001
1815,0,0.16194028719906159,0.12986246352065095,0.12187645662334834,-0.0016176956964411039,1000.1907974718013,95.398735900630527,0.10000000000000001
1816,0,0.16197121550744306,0.1295001706227831,0.12213052557112949,-0.0017607762771904769,1000.1897654637107,94.882731855364,0.10000000000000001
1817,0,0.17709765329229021,0.12994966596301419,0.12439444951899097,-0.00064811739942988817,1000.1975982360563,98.799118028125577,0.10000000000000001
1818,0,0.18581639770542852,0.13027346381634081,0.12101823468375131,0.0011420939922596979,1000.7565786032332,378.28930161657581,0.10000000000000001
1819,0,0.19664252896990747,0.13031617038416132,0.12535275862403705,0.0029212451492637956,1000.3303729841773,165.18649208865099,0.10000000000000001
1820,0,0.20628760933744966,0.13024012405560328,0.12041050829502027,0.0027449352105991974,1000.631370005971,315.68500298550362,0.10000000000000001
1821,0,0.21654036767504284,0.13024007039866267,0.12667528297741093,0.003193665992661522,1000.461917518032,230.95875901600493,0.10000000000000001
1822,0,0.22641647496072412,0.13014004867992549,0.12067582517888377,0.002953023222674545,1000.568718146922,284.35907346101885,0.10000000000000001
1823,0,0.23666414724808554,0.13007198604745615,0.12290277967432338,0.0027578446557861435,1000.7825095542788,391.25477713940882,0.10000000000000001
1824,0,0.24646867723635923,0.1300176701970826,0.12090090423809688,0.0026085462963013309,1000.7215430634253,360.77153171265763,0.10000000000000001
1825,0,0.2567824617114271,0.12998844333529946,0.11628757877449857,0.0021797663024974963,1000.906203790133,453.10189506648157,0.10000000000000001
1826,0,0.26656724864222209,0.12995726256902546,0.11895162573888622,0.0022653947912551786,1000.6134778940361,306.73894701806148,0.10000000000000001
1827,0,0.27688494285806459,0.12991774076356341,0.1103594524055235,0.0024558528006982535,1000.7992682007323,399.63410036614277,0.10000000000000001
1828,0,0.28665800598596708,0.12993100921456138,0.10986467626092936,0.0022336111784360896,1000.7302720192156,365.13600960779513,0.10000000000000001
1829,0,0.29696915172352545,0.12991144163483848,0.10547725352977495,0.002162261764187638,1000.5941988414995,297.0994207497597,0.10000000000000001
1830,0,0.30675146403633624,0.12992884103531543,0.10215036168921635,0.0022380789808664576,1000.7917984563953,395.89922819766343,0.10000000000000001
1831,0,0.31703044859435608,0.12991997915580902,0.098059651502418285,0.0018334922561754922,1000.6043310906615,302.16554533075168,0.10000000000000001
1832,0,0.32684418483455274,0.12993436257721716,0.096503939487464913,0.0018385940638114852,1000.8529922070396,426.49610351980982,0.10000000000000001
1833,0,0.33707067798114859,0.12993721946177789,0.092337641868444814,0.0016463266062218093,1000.6681139311315,334.05696556576459,0.10000000000000001
1834,0,0.34693343996877912,0.129944820889841,0.090492602886223919,0.0014666930490190007,1001.0115202983375,505.76014916873646,0.10000000000000001
1835,0,0.35710053935513336,0.12995516099256707,0.087585373454836565,0.001157664750959106,1000.8709199042594,435.45995212969046,0.10000000000000001
1836,0,0.36700932329396929,0.12995695984529676,0.085220611868961599,0.0011429285163079342,1001.2630786378614,631.53931893072013,0.10000000000000001
1837,0,0.37712506044264937,0.12996849508133188,0.082744226681280314,0.0011527023192982541,1001.2330920867405,616.54604337024921,0.10000000000000001
1838,0,0.38706623188580558,0.12997021875237311,0.080429246472916854,0.001090366535689427,1001.6192695588526,809.6347794262897,0.10000000000000001
1839,0,0.39714517757734591,0.12997865132470182,0.078882090331582569,0.0010827585171274804,1001.6461609016412,823.08045082061199,0.10000000000000001
1840,0,0.40710602731203305,0.12997938328882233,0.076193893119468517,0.0011623844792521703,1002.0207770102699,1010.3885051349266,0.10000000000000001
1841,0,0.41715908213219666,0.12998523772400319,0.076167971778370716,0.00096559034820427683,1002.0542505173217,1027.1252586608739,0.10000000000000001
1842,0,0.42713316149695968,0.12998691419879563,0.074368879902948631,0.00089647918052137069,1002.360521874816,1180.2609374079793,0.10000000000000001
1843,0,0.4371660645905952,0.12998999410151232,0.074438504942812206,0.00070496826525054,1002.4388762760582,1219.4381380290906,0.10000000000000001
1844,0,0.44715035057905339,0.1299918827001913,0.074047674931114818,0.0003711940722654344,1002.6657604034784,1332.880201739215,0.10000000000000001
1845,0,0.4571672220078502,0.12999384023974167,0.07446689777660731,6.5429876625432983e-05,1002.7425719831629,1371.2859915814306,0.10000000000000001
1846,0,0.46715874754722703,0.12999448004459929,0.074134465264626151,-0.00014795442009672807,1002.9332128229648,1466.6064114824167,0.10000000000000001
1847,0,0.47716388377586039,0.12999628308398739,0.075460060524111403,-0.00041696955022751882,1002.9798656898143,1489.9328449071731,0.10000000000000001
1848,0,0.48716054318500729,0.12999597525082923,0.076041051342469135,-0.00068368654601797495,1003.0987860523469,1549.3930261734477,0.10000000000000001
1849,0,0.49715859852086297,0.12999701606001601,0.078012024987997738,-0.0008233472932890701,1003.1442289782944,1572.114489147225,0.10000000000000001
1850,0,0.50715803713634411,0.12999662649995702,0.080219462644773698,-0.0010123751376800059,1003.1956784909901,1597.8392454950381,0.10000000000000001
1851,0,0.51715313093818693,0.1299968026141102,0.083257992358466995,-0.0011336892160772212,1003.2216514348347,1610.8257174173559,0.10000000000000001
1852,0,0.52715369938562462,0.12999663231825073,0.08648303832367904,-0.001263449883357664,1003.2287903933218,1614.3951966608938,0.10000000000000001
1853,0,0.53714854364750342,0.12999631638878617,0.089749539217886407,-0.001365543729388575,1003.2356579653647,1617.8289826823402,0.10000000000000001
1854,0,0.547148831865365,0.12999630883652688,0.09277947335616625,-0.0014877579179386499,1003.221738493095,1610.8692465475087,0.10000000000000001
1855,0,0.55714486470286895,0.12999592336961299,0.095371757551793959,-0.0015519242478149095,1003.2205971695095,1610.2985847547302,0.10000000000000001
1856,0,0.56714418252844889,0.12999578173649576,0.097672357483622796,-0.0015527287996733074,1003.2066458338356,1603.3229169178185,0.10000000000000001
1857,0,0.57714166274862166,0.12999559741913083,0.099557704186991364,-0.0015291649669643848,1003.2047971336158,1602.3985668078922,0.10000000000000001
1858,0,0.58714016691146909,0.12999542675528072,0.10116087538747168,-0.001464677549064029,1003.1932812133082,1596.6406066540912,0.10000000000000001
1859,0,0.5971384325211454,0.12999519968309792,0.10234823550378699,-0.0013732049587885866,1003.1785938702152,1589.2969351075976,0.10000000000000001
1860,0,0.60713704057239082,0.12999509888291513,0.10304429536686666,-0.0012609883779159785,1003.1499807699151,1574.990384957573,0.10000000000000001
1861,0,0.61713582985906401,0.1299948128717055,0.10300970913725445,-0.0010980181990817295,1003.1133222474623,1556.6611237311463,0.10000000000000001
1862,0,0.62713510049448162,0.12999478878676832,0.10222326859518283,-0.00083357430361703669,1003.0699123620051,1534.9561810025421,0.10000000000000001
1863,0,0.63713461860046672,0.12999479756770471,0.10053809367320291,-0.0004637068069784561,1003.0358634264054,1517.9317132026995,0.10000000000000001
1864,0,0.64713435814886411,0.12999486260916732,0.097928462758055723,1.1609603541110559e-05,1003.0257353404365,1512.8676702182702,0.10000000000000001
1865,0,0.65713391157401524,0.12999518888441061,0.094601536290911559,0.00058595828761120777,1003.0386561848834,1519.3280924416968,0.10000000000000001
1866,0,0.66713297326432475,0.12999548840293207,0.090765906211032851,0.001196750726473518,1003.0649205640178,1532.4602820089126,0.10000000000000001
1867,0,0.67713193768367819,0.12999591032587154,0.086449655501153175,0.0017470568444859554,1003.0988643609325,1549.4321804662263,0.10000000000000001
1868,0,0.68713004764266228,0.12999636684784668,0.081933200531676992,0.002176872375955749,1003.1235673507272,1561.7836753635856,0.10000000000000001
1869,0,0.69712830739005005,0.12999672336503773,0.077479870974171763,0.0024426377689270172,1003.1251355501759,1562.5677750879277,0.10000000000000001
1870,0,0.70712658520701621,0.12999710314360302,0.07330795501457904,0.0025228008571654588,1003.1058722138984,1552.9361069491756,0.10000000000000001
1871,0,0.71712531472723728,0.12999736608997348,0.069670251837930908,0.002437930950943498,1003.0712477602247,1535.6238801123254,0.10000000000000001
1872,0,0.72712463739969457,0.12999744677143854,0.066729368074364109,0.0022141303154148925,1003.0332128459105,1516.6064229552489,0.10000000000000001
1873,0,0.73712452099746795,0.12999737676910536,0.064519125045657447,0.0018751521942291483,1003.0000772736015,1500.0386368007526,0.10000000000000001
1874,0,0.74712490260974773,0.12999703307239802,0.062945517645968299,0.0014632238875372787,1002.9771900502213,1488.5950251106692,0.10000000000000001
1875,0,0.75712562335849198,0.12999651214965074,0.062057380523096561,0.001009774152022559,1002.9574932045857,1478.7466022928584,0.10000000000000001
1876,0,0.76712683897047407,0.12999585076922252,0.061794223109599505,0.00052265714466545057,1002.9340647153203,1467.0323576601731,0.10000000000000001
1877,0,0.77712852322913994,0.12999507890125428,0.062087104313396535,3.7179976601108377e-05,1002.9047475481962,1452.3737740980778,0.10000000000000001
1878,0,0.78713077532994213,0.12999437588307125,0.06307371579788805,-0.00039085238314449163,1002.8654553202,1432.7276600999994,0.10000000000000001
1879,0,0.79713377159031129,0.12999377718528832,0.064682486929179703,-0.00071735631820496807,1002.825371117905,1412.6855589524894,0.10000000000000001
1880,0,0.80713732667456817,0.12999334195402909,0.066657910476849186,-0.00089965172671631452,1002.7981968474222,1399.0984237111093,0.10000000000000001
1881,0,0.81714105388702807,0.12999312240048666,0.068736890578687593,-0.00089234514814518385,1002.7882146468878,1394.1073234439045,0.10000000000000001
1882,0,0.82714481555778663,0.12999309911670917,0.07048051528619835,-0.00067067289244125662,1002.8019870671876,1400.9935335938053,0.10000000000000001
1883,0,0.83714806954521959,0.12999331497662941,0.071609899539763711,-0.00025489781026607344,1002.8402582200785,1420.1291100392268,0.10000000000000001
1884,0,0.84715055794764094,0.12999376934519832,0.072176711601761562,0.00029305830648490539,1002.8900140625699,1445.0070312849448,0.10000000000000001
1885,0,0.85715236564677011,0.12999442793604429,0.072355052983306731,0.00089143528778351077,1002.9415430297739,1470.7715148869624,0.10000000000000001
1886,0,0.86715341743821217,0.1299952596231595,0.07257646689696598,0.0014466468482482446,1002.9855682715386,1492.7841357692841,0.10000000000000001
1887,0,0.87715403110242507,0.12999620746639176,0.073282229490816128,0.0018562688986685956,1003.0146847532379,1507.3423766189649,0.10000000000000001
1888,0,0.88715439439774757,0.12999724890105765,0.07462319917358981,0.0020351151802033888,1003.0307540256118,1515.3770128059136,0.10000000000000001
1889,0,0.8971544952961974,0.12999836521050481,0.076540939565117552,0.0019510131429284084,1003.0350551412822,1517.5275706411071,0.10000000000000001
1890,0,0.90715444828520386,0.12999954217156215,0.078658602067035552,0.0016381555343486136,1003.0322804239197,1516.1402119598506,0.10000000000000001
1891,0,0.91715409719221019,0.13000081562631227,0.080442218004230556,0.0011723920172666811,1003.0335447989644,1516.7723994821927,0.10000000000000001
1892,0,0.92715317548616294,0.13000221059497838,0.081576813942868004,0.00063222063029035416,1003.0445255610113,1522.2627805056277,0.10000000000000001
1893,0,0.93715155583660803,0.13000370675478282,0.081937926784563936,8.4955707258530444e-05,1003.0651328364347,1532.5664182173568,0.10000000000000001
1894,0,0.9471491277204106,0.13000523213622039,0.081588780182965392,-0.0004176312029762999,1003.0946867808665,1547.343390433241,0.10000000000000001
1895,0,0.95714588522149713,0.13000666534952465,0.080853935416731609,-0.0008595306362574784,1003.1307407516804,1565.3703758401889,0.10000000000000001
1896,0,0.96714189716444576,0.13000791530549013,0.080095755991677745,-0.0012602216474186926,1003.1683311023369,1584.1655511684394,0.10000000000000001
1897,0,0.97713727954886997,0.13000897603439507,0.079565761099551768,-0.0016351606689759964,1003.2017717751884,1600.8858875941883,0.10000000000000001
1898,0,0.98713219772584915,0.13000990000558976,0.07944489514518964,-0.0019710938127488037,1003.2266177125583,1613.3088562791613,0.10000000000000001
1899,0,0.99712677046810472,0.13001076727359925,0.079753340724972671,-0.0022412503741909427,1003.2398563872521,1619.9281936260377,0.10000000000000001
1900,0,1.0071211194388634,0.13001165232770331,0.080342872370016055,-0.0024186790543958407,1003.2411536159055,1620.5768079527729,0.10000000000000001
1901,0,1.0171153124121515,0.13001258703049956,0.081076643816905478,-0.0024760351907884394,1003.2323942636663,1616.1971318331325,0.10000000000000001
1902,0,1.0271093794967667,0.13001354363108822,0.081810625550799473,-0.0023938524197734535,1003.2137096526261,1606.8548263130538,0.10000000000000001
1903,0,1.0371034065470894,0.13001444236813198,0.082325578054291429,-0.0021693810832337282,1003.18490092642,1592.4504632100138,0.10000000000000001
1904,0,1.0470975112480971,0.13001519145142576,0.082521774845320028,-0.001810901745805461,1003.1496261524998,1574.8130762498818,0.10000000000000001
1905,0,1.0570918093376613,0.13001572063366887,0.082490156105494997,-0.0013241337100692247,1003.1136149045077,1556.8074522538495,0.10000000000000001
1906,0,1.0670863612840484,0.13001600495435173,0.082371627525479774,-0.00070899106337802924,1003.0807122170282,1540.3561085141178,0.10000000000000001
1907,0,1.0770812589655085,0.13001609708054163,0.082401949623127788,2.0192050901609465e-05,1003.0541136367514,1527.0568183756836,0.10000000000000001
1908,0,1.0870765276836671,0.13001608955705052,0.082876883564331233,0.00080904936453134917,1003.0367246327238,1518.3623163619018,0.10000000000000001
1909,0,1.0970720665136178,0.13001603654012692,0.08387543162491802,0.001566871635796058,1003.0278460792723,1513.923039636154,0.10000000000000001
1910,0,1.1070678234271325,0.13001594796690358,0.085266351999934889,0.0021910919923492328,1003.0253839021276,1512.6919510638004,0.10000000000000001
1911,0,1.1170636335144228,0.13001580511099575,0.086812215672673096,0.0025800853272637098,1003.0244051408292,1512.2025704146154,0.10000000000000001
1912,0,1.1270593852295299,0.13001558875548305,0.088119079932161115,0.0026509999068621377,1003.0145694967572,1507.2847483785949,0.10000000000000001
1913,0,1.1370552465076325,0.13001532300889312,0.088888757006525099,0.0023794550600712153,1002.9907990747561,1495.3995373780344,0.10000000000000001
1914,0,1.1470512758652232,0.13001503271665946,0.089140586389906906,0.0018219306964409737,1002.9535553639159,1476.7776819579694,0.10000000000000001
1915,0,1.1570476712433628,0.13001475212477431,0.08912568159445064,0.0010972583523653834,1002.9030058443582,1451.5029221790883,0.10000000000000001
1916,0,1.1670447489368685,0.13001454603084639,0.089299236349592442,0.00034460367993355707,1002.846763819382,1423.3819096909883,0.10000000000000001
1917,0,1.1770424637569428,0.13001445333986295,0.090066069531091475,-0.00031104602348433133,1002.7956955090523,1397.8477545261399,0.10000000000000001
1918,0,1.1870408616005483,0.13001452904693472,0.091588921884184923,-0.00076724935717442395,1002.7608661764802,1380.4330882401246,0.10000000000000001
1919,0,1.1970396295806762,0.13001478587798776,0.093838447287790006,-0.00095511888479739412,1002.7531532486763,1376.5766243381563,0.10000000000000001
1920,0,1.2070382586907715,0.13001517416285782,0.096439205457272095,-0.00086599796209818299,1002.7706878821198,1385.3439410598867,0.10000000000000001
1921,0,1.2170365922762818,0.13001570178035535,0.098910976188130328,-0.00054968513305073759,1002.8066490853788,1403.3245426894041,0.10000000000000001
1922,0,1.2270342366674634,0.13001628929964199,0.10092108166780793,-8.1193419063895151e-05,1002.853330142219,1426.6650711094826,0.10000000000000001
1923,0,1.2370311127762479,0.13001683988286133,0.10215556986119702,0.0004596671610758628,1002.8948070811189,1447.403540559435,0.10000000000000001
1924,0,1.2470274632496776,0.13001729906444179,0.10254530147505381,0.00099265879587285351,1002.9216488669654,1460.824433482685,0.10000000000000001
1925,0,1.2570234670940892,0.13001747999023938,0.10222314223879306,0.0014464111838947838,1002.9363300187825,1468.1650093912708,0.10000000000000001
1926,0,1.2670192424797007,0.13001734765009593,0.10115066459854294,0.0017845579006633744,1002.9417947585935,1470.8973792967299,0.10000000000000001
1927,0,1.2770150045960875,0.13001687275132126,0.099330018980672494,0.0020051680902004468,1002.9473913290179,1473.6956645089663,0.10000000000000001
1928,0,1.287010621426568,0.13001596796391876,0.096826877987969559,0.0021004826544767869,1002.9603667982847,1480.1833991423337,0.10000000000000001
1929,0,1.2970061475791572,0.13001478295411056,0.093601643304803459,0.0020651103357157215,1002.9785116974161,1489.2558487080692,0.10000000000000001
1930,0,1.3070015298791813,0.13001331842927574,0.089762503482911329,0.0019133841175331284,1002.9978064320276,1498.9032160137867,0.10000000000000001
1931,0,1.3169968151982763,0.13001167287678062,0.085449421343130175,0.0016548301708020894,1003.0058187818538,1502.9093909269022,0.10000000000000001
1932,0,1.3269925110778384,0.13001004170182553,0.08091170876601439,0.0012942242568197947,1002.9985295446104,1499.2647723051959,0.10000000000000001
1933,0,1.3369883519122645,0.13000833778048115,0.076405905857851328,0.00086109614155309455,1002.9758701098353,1487.9350549176706,0.10000000000000001
1934,0,1.3469852504341937,0.1300067510576107,0.072154985309572123,0.00040361984028081441,1002.949600010473,1474.8000052364887,0.10000000000000001
1935,0,1.356982432093365,0.13000536940398319,0.068396633716298172,-2.5376590658175526e-05,1002.934296712692,1467.1483563460015,0.10000000000000001
1936,0,1.366980175732019,0.13000403742929192,0.06515660722266417,-0.00036386258932123998,1002.9339134803238,1466.9567401618906,0.10000000000000001
1937,0,1.3769782896821388,0.13000306815010557,0.062643755025269837,-0.00057626793625763001,1002.9574686509678,1478.7343254839129,0.10000000000000001
1938,0,1.3869761593490215,0.13000219167215868,0.061036912644356983,-0.00067813745849583211,1003.0023611962881,1501.1805981440602,0.10000000000000001
1939,0,1.3969739845521214,0.13000141418311778,0.060301334773148363,-0.00070072896420618545,1003.05328604108,1526.643020540007,0.10000000000000001
1940,0,1.4069714649038905,0.13000092776521421,0.060305366165324982,-0.00067066034432538928,1003.0950295065011,1547.5147532505389,0.10000000000000001
1941,0,1.4169688260042959,0.13000028147629963,0.061013631225389851,-0.00064772486132527295,1003.1251277090023,1562.5638545011498,0.10000000000000001
1942,0,1.4269662378933115,0.12999980874342551,0.062222233975181993,-0.0006655983127976594,1003.1417419300357,1570.8709650178321,0.10000000000000001
1943,0,1.4369637329148841,0.12999925333047477,0.063820248320714604,-0.0007263337516775542,1003.1532663611182,1576.6331805590994,0.10000000000000001
1944,0,1.4469607245222444,0.12999883338565171,0.065712395577264299,-0.00079461712808633728,1003.1583555806816,1579.1777903407933,0.10000000000000001
1945,0,1.4569593800030587,0.12999833282969692,0.068060036235721294,-0.00087453511644579882,1003.1794116723174,1589.7058361587142,0.10000000000000001
1946,0,1.4669548673337534,0.12999818300674035,0.070671465147050541,-0.00091307196702056703,1003.1885373889805,1594.2686944902675,0.10000000000000001
1947,0,1.4769549164485922,0.12999769744618822,0.073765575400479635,-0.00088423303445109172,1003.2177115278097,1608.8557639048418,0.10000000000000001
1948,0,1.4869488757054186,0.12999747718921803,0.077108020649621009,-0.00088268343886543346,1003.2264040743887,1613.2020371943554,0.10000000000000001
1949,0,1.4969493644748477,0.12999738181000484,0.0804179239115385,-0.00083605181559959403,1003.2393774514834,1619.6887257416961,0.10000000000000001
1950,0,1.5069432621942651,0.1299966310523582,0.083494471797512723,-0.00077973546341845047,1003.2298354501323,1614.9177250661637,0.10000000000000001
1951,0,1.5169423599307472,0.1299969281910309,0.085759055290433886,-0.00061947290411700569,1003.1955212799948,1597.7606399973752,0.10000000000000001
1952,0,1.5269395650922113,0.12999536157665145,0.087794032857360232,-0.00049574091178979085,1003.1667268941137,1583.3634470568541,0.10000000000000001
1953,0,1.5369348121106283,0.12999548694209073,0.088300501482214036,-0.00022609781125946431,1003.0493625828155,1524.6812914077736,0.10000000000000001
1954,0,1.5469403853603321,0.12999350529244555,0.089625536527694477,9.3705558228002151e-05,1003.0114020343599,1505.7010171799448,0.10000000000000001
1955,0,1.5569294192493193,0.12999220736715117,0.089189396732333961,0.00033045524398304948,1002.8102649352832,1405.1324676415788,0.10000000000000001
1956,0,1.5669476965655988,0.12999076938511556,0.089479408666105223,0.00070610400292620695,1002.7258628518975,1362.9314259487728,0.10000000000000001
1957,0,1.5769298415948851,0.12998773045423617,0.088948639770254981,0.0010396369653151458,1002.4850961417072,1242.5480708536156,0.10000000000000001
1958,0,1.5869633874898237,0.12998598494589109,0.088805015706744386,0.00126883075800048,1002.3841178751923,1192.0589375961299,0.10000000000000001
1959,0,1.5969379918271664,0.12998310342135636,0.086953786646143671,0.0013249608633208159,1002.0755021440081,1037.7510720040277,0.10000000000000001
1960,0,1.6069885061108304,0.12997810073515936,0.08659588492644886,0.0014873918056755133,1002.0028328914644,1001.4164457322181,0.10000000000000001
1961,0,1.6169548503326407,0.12997681960833754,0.083932105409662866,0.0013588509160170294,1001.6361119784585,818.05598922926492,0.10000000000000001
1962,0,1.627027473758742,0.12996670912759814,0.082190838357805746,0.0012553492990602451,1001.5719621366366,785.98106831827863,0.10000000000000001
1963,0,1.6369781231157097,0.12996619046864138,0.079721229883134098,0.0012893025364612907,1001.1807748951053,590.38744755264361,0.10000000000000001
1964,0,1.6470870918580904,0.1299512256657803,0.077309681597350341,0.0012282582247388266,1001.2064958804972,603.2479402485933,0.10000000000000001
1965,0,1.6570041849966739,0.12995298338824707,0.074729857054379262,0.0012891827586147535,1000.7941556363782,397.07781818907506,0.10000000000000001
1966,0,1.6671685367609796,0.12994067871298048,0.071820193907355598,0.0015425839379187463,1000.9594937952993,479.74689764964751,0.10000000000000001
1967,0,1.6770333932662405,0.1299372736890736,0.069952797847439421,0.0017652268621114085,1000.5896205506225,294.81027531124937,0.10000000000000001
1968,0,1.687263342984527,0.12993376211504976,0.065729528534590437,0.0018315154293937509,1000.8037123486056,401.85617430279308,0.10000000000000001
1969,0,1.697072426542972,0.12992136845405153,0.064183997553199076,0.0019021759807078971,1000.5171254311176,258.56271555880994,0.10000000000000001
1970,0,1.7073573135288951,0.12992837709655636,0.060098045183242452,0.0022523839963259117,1000.7178250600311,358.91253001557288,0.10000000000000001
1971,0,1.7171359397597923,0.12991324718831618,0.056762113965064323,0.0023521084444044554,1000.5027858273571,251.39291367855776,0.10000000000000001
1972,0,1.7274492368287346,0.12993182766733757,0.052439018476660777,0.002493864946116372,1000.6509431226718,325.4715613359167,0.10000000000000001
1973,0,1.7372253940136737,0.12992325531587151,0.051942255723868187,0.0027535104013246057,1000.7036820611072,351.84103055360083,0.10000000000000001
1974,0,1.747536754499039,0.12996276149608652,0.043206704130634335,0.0024652880358557727,1000.5128929678532,256.44648392659519,0.10000000000000001
1975,0,1.7573332630655636,0.12999850726814116,0.046408978565873352,0.0025323655975537768,1000.8093976259286,404.69881296428412,0.10000000000000001
1976,0,1.7676257923857994,0.1300236272716121,0.041079083874558442,0.0030054252403977667,1000.5337029480454,266.85147402270104,0.10000000000000001
1977,0,1.7774555519932806,0.13008582144813977,0.039865940361839484,0.0033523468595413209,1000.6609438811929,330.47194059645335,0.10000000000000001
1978,0,1.7876583868202678,0.13014972680399386,0.041024166169603041,0.0038671582093528639,1000.2977878200201,148.89391001003105,0.10000000000000001
1979,0,1.7975811835808557,0.13026943821929154,0.035723760318166965,0.0044451156195443389,1000.3624640820259,181.23204101294732,0.10000000000000001
1980,0,1.8077571775179779,0.13027807897469662,0.041381845932953278,0.0044276612814944175,1000.4365314682487,218.26573412437256,0.10000000000000001
1981,0,1.8174299476742779,0.13037365076428098,0.035818946955037477,0.0046824346711324127,1000.3244188895029,162.20944475145416,0.10000000000000001
1982,0,1.8281877833740565,0.1303090389667593,0.039772987108116505,0.0023346776869511516,1000.5847948983447,292.39744917236976,0.10000000000000001
1983,0,1.8368924891740184,0.12995125627784648,0.035854531746547055,-0.00038327562692162034,1000.1565675258358,78.28376291791983,0.10000000000000001
1984,0,1.8520547634592657,0.1295082720979123,0.038726805612192813,-0.0017639250875518741,1000.1488152734894,74.407636744695083,0.10000000000000001
1985,0,1.8520787717432374,0.12986868677640998,0.038900186576925899,-0.001650086752270159,1000.1498219377489,74.910968874462469,0.10000000000000001
1986,0,1.8820118072172058,0.13398897586148728,0.065114067682372115,-0.00091854380120312876,999.70303953969335,-148.48023015332501,0.10000000000000001
1987,0,1.8820442781974696,0.13436411860240374,0.064609004391136163,-0.00099030936420692306,999.70970189501543,-145.14905249228605,0.10000000000000001
1988,0,1.8936077390506947,0.1320722412327538,0.063868940599954363,0.0062327625609053788,1000.428699121854,214.34956092701896,0.10000000000000001
1989,0,1.9096545636757685,0.12551599367161009,0.064452633878230581,0.0016878164730373076,999.6218464037903,-189.07679810484979,0.10000000000000001
1990,0,1.909346119298249,0.12844133360876828,0.064031632835058375,0.0035773142817507892,999.60314157609332,-198.42921195333929,0.10000000000000001
1991,0,0.10253504714325545,0.13726681655038894,0.10068761297410873,0.0075592837132296992,999.97269880054796,-13.650599726020118,0.10000000000000001
1992,0,0.10289874514861963,0.13666334088547366,0.10076344398268398,0.0073197141324093827,999.95949539179924,-20.25230410038148,0.10000000000000001
1993,0,0.11497202199630648,0.13726023052757352,0.095127520843824823,0.0071910836990473079,999.93422109669893,-32.889451650532919,0.10000000000000001
1994,0,0.1316119893571753,0.14366240097196128,0.10517122730309288,-0.00022774562950441331,1000.1054748790057,52.737439502834604,0.10000000000000001
1995,0,0.13145152201972626,0.14239097394694422,0.10358861679161198,-0.0006490074795378047,999.99870209474489,-0.64895262755726435,0.10000000000000001
1996,0,0.16162054962519762,0.13916252425730713,0.11527602945517304,-0.0025679469038030352,1000.1664705900621,83.235295031045098,0.10000000000000001
1997,0,0.1616267127270683,0.13930034640912997,0.11519265992475465,-0.0025376664885800285,1000.1661398602809,83.069930140425186,0.10000000000000001
1998,0,0.17790431093873826,0.13975325432453153,0.11779407416957408,-0.0037518143432758839,1000.2850881632364,142.54408161821175,0.10000000000000001
1999,0,0.18599865086188277,0.14015645566792365,0.11646418559459547,-0.0015264613626674935,1000.19883092578,99.4154628900219,0.10000000000000001
2000,0,0.19687164550239639,0.14028659511380887,0.11964505347929709,0.0015985905599525236,1000.540361699467,270.18084973349232,0.10000000000000001
2001,0,0.20637511071989395,0.14031375659994108,0.11521583755361282,0.0042061720492087553,1000.8999315084699,449.96575423493823,0.10000000000000001
2002,0,0.21681286665721344,0.14023844150686199,0.12080971277920906,0.0056816599019036866,1000.6573453456098,328.67267280488477,0.10000000000000001
2003,0,0.22657940452325792,0.14013351104615177,0.11572661374570606,0.0036497228884674118,1001.0126272189694,506.31360948472093,0.10000000000000001
2004,0,0.23687162963252517,0.14003951940651629,0.11989614948129783,0.0042789046770310632,1000.6789215200398,339.46076001990377,0.10000000000000001
2005,0,0.24668445623848553,0.14000474692505974,0.11741094124593715,0.0037613212513928386,1000.6651606356037,332.58031780184183,0.10000000000000001
2006,0,0.25694480096193228,0.13997971863453421,0.11306335232013769,0.0036079331894995291,1000.8004925532945,400.24627664723766,0.10000000000000001
2007,0,0.26671466898158863,0.1399092937760813,0.11602515043521447,0.0025444348656472751,1000.5906263611863,295.31318059315481,0.10000000000000001
2008,0,0.27700666291641657,0.1399356356712087,0.1078311318821937,0.0028024308201405014,1000.612716662617,306.35833130850187,0.10000000000000001
2009,0,0.28676715965679417,0.13988699672837226,0.10659933928722333,0.0024115122102197975,1000.7997911689891,399.89558449457263,0.10000000000000001
2010,0,0.29702878126699961,0.13992541090097899,0.10316854485219014,0.002577505506275357,1000.4797510421408,239.87552107041665,0.10000000000000001
2011,0,0.30684337993784772,0.13989595774764296,0.098693649246041903,0.002360978797057601,1000.837045150633,418.52257531650139,0.10000000000000001
2012,0,0.31704668118280649,0.13992906374728295,0.095218335404106291,0.0021089166245299609,1000.5631503089064,281.57515445320769,0.10000000000000001
2013,0,0.32691015568830672,0.13991336791166512,0.093387383771601579,0.0018877291963501589,1000.8065302577804,403.2651288902116,0.10000000000000001
2014,0,0.33706764576566095,0.13994146375971914,0.089261680905012131,0.0017194383240868888,1000.6618456779476,330.92283897377683,0.10000000000000001
2015,0,0.34696790671398248,0.13993467563050013,0.087292265285966744,0.0013179713148282622,1000.9512294271185,475.61471355925278,0.10000000000000001
2016,0,0.35708895141273572,0.13995395299951222,0.084423649745011889,0.0013086407100073275,1000.8552804276533,427.64021382663486,0.10000000000000001
2017,0,0.36701714608269154,0.13995206123963011,0.082372573856135195,0.00087205565235403792,1001.2035883285058,601.7941642529081,0.10000000000000001
2018,0,0.3771071746942114,0.13996784074059965,0.079649097830482463,0.0012639859831692676,1001.1902017932586,595.10089662927612,0.10000000000000001
2019,0,0.3870555625734397,0.13996476083205917,0.077486966391111883,0.00071103595035307092,1001.5948170098625,797.40850493124071,0.10000000000000001
2020,0,0.39711896472476493,0.13997917875845603,0.07598630446630647,0.0012730711904270894,1001.5956062272691,797.80311363452938,0.10000000000000001
2021,0,0.40708528213268935,0.13997565601182502,0.073234799044919779,0.00087713229910840837,1002.0176976872315,1008.8488436157377,0.10000000000000001
2022,0,0.41712400639664721,0.13998583101954351,0.072977305398969933,0.0010546383327507257,1002.0339219221732,1016.9609610866246,0.10000000000000001
2023,0,0.42710521203652108,0.1399849556677597,0.071427251228764407,0.00060622081492836468,1002.3523239639995,1176.1619819997691,0.10000000000000001
2024,0,0.43712613334035166,0.13999036286589497,0.07118790614457611,0.00049037885056179577,1002.4321437909567,1216.0718954783647,0.10000000000000001
2025,0,0.44711469647989394,0.13999125665327716,0.070837879632829573,2.5136637506123796e-05,1002.6519912083194,1325.9956041596865,0.10000000000000001
2026,0,0.45712407291703289,0.13999339815162928,0.071319638679255656,-0.00046900635571505984,1002.7376580213056,1368.8290106528029,0.10000000000000001
2027,0,0.46711739214282932,0.13999513711073233,0.071145288778710611,-0.00068256062348107343,1002.9050092406353,1452.5046203176544,0.10000000000000001
2028,0,0.47711740447409434,0.13999522095690678,0.072341921029745321,-0.0011041706664598381,1002.9859784206006,1492.9892103003226,0.10000000000000001
2029,0,0.48711425686984389,0.13999699453291278,0.073184324367209175,-0.001228511788369235,1003.0823680584572,1541.1840292285888,0.10000000000000001
2030,0,0.49710929921529556,0.13999631901669807,0.07511591551738997,-0.001440935229267838,1003.1479893244699,1573.9946622349521,0.10000000000000001
2031,0,0.50710708944407634,0.13999678729421758,0.077424802899730721,-0.0015230287480569816,1003.1844686282421,1592.2343141210717,0.10000000000000001
2032,0,0.51710128341984907,0.13999682413692496,0.080414699517279448,-0.0017080693188636109,1003.2110534375735,1605.5267187867344,0.10000000000000001
2033,0,0.52709881256046687,0.13999584897933154,0.083699035740859795,-0.0019801419463507343,1003.206270264115,1603.1351320575027,0.10000000000000001
2034,0,0.53709376112012519,0.13999595894951297,0.086996639267886644,-0.0022106049427506398,1003.2026295630038,1601.3147815019124,0.10000000000000001
2035,0,0.54709106819183584,0.13999496165371506,0.090103499805232273,-0.0024681648325090926,1003.1870458608835,1593.5229304417362,0.10000000000000001
2036,0,0.55708659273906935,0.13999439327057839,0.092838082429662239,-0.0025779669685090782,1003.178749749462,1589.3748747309928,0.10000000000000001
2037,0,0.56708387874788824,0.13999409167576832,0.095229388486026439,-0.0026226882231459056,1003.1722608012014,1586.1304006007231,0.10000000000000001
2038,0,0.57707981542532727,0.13999315627053649,0.097242416417830796,-0.0025219227558279265,1003.1711825602893,1585.5912801446266,0.10000000000000001
2039,0,0.58707684025664397,0.13999285923083654,0.098922693374517284,-0.0022989292648356655,1003.165681742737,1582.8408713684894,0.10000000000000001
2040,0,0.59707329993066482,0.13999221945981077,0.10015662926730652,-0.0020430492630569628,1003.1536456531844,1576.8228265922062,0.10000000000000001
2041,0,0.60707028551367825,0.13999173713463847,0.10090236157822927,-0.0017529882071987168,1003.1264797428835,1563.2398714417377,0.10000000000000001
2042,0,0.61706746568912874,0.13999127584150139,0.10099572349738675,-0.0014074993525932901,1003.0889954113562,1544.4977056781113,0.10000000000000001
2043,0,0.62706502838963818,0.13999081008877806,0.10034351768090445,-0.00094198249479731993,1003.0452438689731,1522.6219344865513,0.10000000000000001
2044,0,0.63706294674158104,0.13999054562529498,0.098798151303887041,-0.00037207825700808644,1003.0147850408122,1507.3925204060856,0.10000000000000001
2045,0,0.64706097143936159,0.1399903114049259,0.096325505147088639,0.00031807157466105389,1003.0082572009921,1504.1286004960739,0.10000000000000001
2046,0,0.65705872073110105,0.13999015366610976,0.093071919280697343,0.0010860001817505082,1003.0262002888477,1513.100144423845,0.10000000000000001
2047,0,0.66705614195164964,0.1399900980004922,0.089195186662561529,0.001817826212037593,1003.0590950657736,1529.5475328867951,0.10000000000000001
2048,0,0.67705310086157511,0.13999005375611359,0.084751766568267661,0.0024171830362272268,1003.0985394843663,1549.2697421831281,0.10000000000000001
2049,0,0.68704938368227464,0.13999000438703457,0.080052814377435944,0.0028086271976979697,1003.1274057201215,1563.7028600607437,0.10000000000000001
2050,0,0.69704566616918251,0.13999009110595895,0.075386214586437281,0.0029571466053843168,1003.1328069119376,1566.4034559687821,0.10000000000000001
2051,0,0.70704179118062194,0.13999011867934846,0.071032135645317684,0.0028793625560654909,1003.1158419693141,1557.9209846570734,0.10000000000000001
2052,0,0.71703845088586049,0.13999016340717865,0.067262595472649803,0.0026452057634307907,1003.0817188911545,1540.8594455772686,0.10000000000000001
2053,0,0.72703555957146393,0.13999014693717182,0.064213627319670535,0.0023063000770560645,1003.0437002980901,1521.8501490450649,0.10000000000000001
2054,0,0.73703322444161001,0.13998990081591811,0.061923051637549111,0.0018852740702229615,1003.0100676212109,1505.0338106054255,0.10000000000000001
2055,0,0.74703145171275331,0.13998953275210435,0.060315646831056911,0.0014273104615914881,1002.9846510987331,1492.3255493665692,0.10000000000000001
2056,0,0.75703005642374122,0.13998893563767845,0.059391568933180532,0.00095255926817934566,1002.9620569737291,1481.0284868645454,0.10000000000000001
2057,0,0.76702925444579051,0.13998820199064815,0.059095712608230072,0.00044529363673668094,1002.9358844925373,1467.9422462686489,0.10000000000000001
2058,0,0.77702898142225241,0.13998746769720566,0.059409594566299809,-7.4226955503714728e-05,1002.902076676522,1451.0383382610144,0.10000000000000001
2059,0,0.78702935911472138,0.1399867698018564,0.06045741143281215,-0.00057095810874089085,1002.8561981249881,1428.0990624940273,0.10000000000000001
2060,0,0.79703055904154751,0.13998623768465043,0.06216603198172016,-0.0010318735772080893,1002.8066022960431,1403.3011480215691,0.10000000000000001
2061,0,0.80703233839850352,0.13998582374908067,0.06430867138557568,-0.0014144747443765998,1002.7658859724556,1382.9429862278175,0.10000000000000001
2062,0,0.81703441455391967,0.13998554415978084,0.066619250792352508,-0.0016433184508913483,1002.7397304268866,1369.8652134432905,0.10000000000000001
2063,0,0.82703659948791708,0.13998547280404272,0.06862799733814938,-0.0016523304279451722,1002.7374159010137,1368.7079505068596,0.10000000000000001
2064,0,0.83703832544437839,0.13998559273675229,0.070008134685870776,-0.0013958699104595147,1002.7627051776191,1381.3525888095342,0.10000000000000001
2065,0,0.84703937481015268,0.13998599054342317,0.070761564848805303,-0.00087435821250376566,1002.8054286279965,1402.7143139982741,0.10000000000000001
2066,0,0.85703974249260684,0.1399866918131823,0.071027994037378778,-0.00014972105273591667,1002.8560824323674,1428.0412161837148,0.10000000000000001
2067,0,0.86703937689272159,0.13998763144784593,0.071202938653517206,0.00065725143320637949,1002.9037994768133,1451.8997384066665,0.10000000000000001
2068,0,0.87703859820808483,0.13998876091227661,0.071715588109593387,0.0013714096959271521,1002.9392069440564,1469.6034720282114,0.10000000000000001
2069,0,0.88703757450390275,0.13998999169770776,0.072760249916286379,0.001815600178752352,1002.9618097059524,1480.9048529762094,0.10000000000000001
2070,0,0.89703636003050868,0.13999127645842763,0.074361698550249725,0.0018786455460182312,1002.9715627467273,1485.7813733636362,0.10000000000000001
2071,0,0.90703506803486944,0.13999261030256535,0.076236480470760856,0.0015584527474087947,1002.9732256104407,1486.6128052203749,0.10000000000000001
2072,0,0.91703355888148885,0.13999400430606984,0.077898997857362554,0.00096383939135761426,1002.979194466452,1489.597233225993,0.10000000000000001
2073,0,0.927031586634807,0.13999552574414867,0.079021346239792373,0.00024940153728436176,1002.9971448394895,1498.5724197447325,0.10000000000000001
2074,0,0.93702899388638483,0.13999718882019696,0.079452072459979789,-0.00044954495150388818,1003.0277212494861,1513.8606247430744,0.10000000000000001
2075,0,0.94702567459304421,0.13999890547237773,0.079217652646350084,-0.0010357784773260452,1003.0686941819996,1534.3470909998018,0.10000000000000001
2076,0,0.95702161732325863,0.14000052758532489,0.078584450128744335,-0.0014743195926454338,1003.1148408401187,1557.4204200593726,0.10000000000000001
2077,0,0.96701689225303189,0.14000192952738449,0.077887480195489509,-0.0017988707292457494,1003.1593405386826,1579.6702693413067,0.10000000000000001
2078,0,0.97701162588079093,0.14000311233839663,0.077407350355658433,-0.0020582053702823577,1003.1964925497949,1598.2462748974626,0.10000000000000001
2079,0,0.98700597070899843,0.14000416528468507,0.077358621866001134,-0.0022735620860874365,1003.2226438247951,1611.3219123975568,0.10000000000000001
2080,0,0.99700005910780165,0.14000521302692168,0.07777313579328296,-0.0024431613405590008,1003.2362892424744,1618.1446212372066,0.10000000000000001
2081,0,1.0069940298079849,0.14000635576284062,0.078503928367813114,-0.0025504600072610213,1003.2394734791709,1619.7367395854485,0.10000000000000001
2082,0,1.0169879500507299,0.14000761310051962,0.079399951367861932,-0.0025767651971693047,1003.2352670900525,1617.6335450262513,0.10000000000000001
2083,0,1.0269818450496291,0.1400089362777589,0.080296482433354452,-0.0025161326191805995,1003.2220084390473,1611.004219523636,0.10000000000000001
2084,0,1.0369758157956448,0.14001019795648384,0.080963444686326838,-0.0023659626192180363,1003.1962121018327,1598.1060509163285,0.10000000000000001
2085,0,1.0469700014022352,0.14001125108303872,0.081299628891527059,-0.0021159761725534246,1003.1593665832349,1579.6832916174708,0.10000000000000001
2086,0,1.056964508836864,0.14001199228138275,0.081411627906960715,-0.001744670849236529,1003.1164312980304,1558.2156490152101,0.10000000000000001
2087,0,1.0669593995932649,0.14001240183942767,0.081453341822531056,-0.0012139952338937306,1003.0715156307691,1535.7578153845566,0.10000000000000001
2088,0,1.0769547592194832,0.14001257519078614,0.081625546380082473,-0.00050364462417011938,1003.0298179421777,1514.9089710888575,0.10000000000000001
2089,0,1.0869506057176206,0.14001263430088884,0.082163530076352534,0.00033224169580602087,1002.9975687915596,1498.7843957798077,0.10000000000000001
2090,0,1.0969468298816529,0.14001265874548061,0.083115178160951028,0.0011695366427952451,1002.9765458554987,1488.2729277493354,0.10000000000000001
2091,0,1.1069433371946837,0.14001264683779796,0.084337289723282666,0.0018547445081285466,1002.9645521283701,1482.2760641850437,0.10000000000000001
2092,0,1.116939977495464,0.14001255628289758,0.085593461918632902,0.0022271997032638864,1002.9551510346105,1477.5755173052403,0.10000000000000001
2093,0,1.1269366417897717,0.14001240769920464,0.086545411656077986,0.0021710222919926374,1002.93714529264,1468.5726463200126,0.10000000000000001
2094,0,1.1369334812705285,0.14001223065314672,0.086995856128977478,0.0016872120636234583,1002.9054199263845,1452.7099631922624,0.10000000000000001
2095,0,1.1469306086056188,0.14001207467455792,0.087054046198007759,0.00090277817556881667,1002.8617076539409,1430.8538269704627,0.10000000000000001
2096,0,1.1569281771715836,0.14001200702831343,0.087011334558334055,1.5375357780608015e-05,1002.8084612714764,1404.2306357382017,0.10000000000000001
2097,0,1.1669264783857833,0.14001205303831621,0.087306409501565249,-0.00078241353390042726,1002.7549161282398,1377.4580641198781,0.10000000000000001
2098,0,1.1769254696423219,0.14001226296248342,0.088308574525966937,-0.001351665817176695,1002.7130625646432,1356.5312823216118,0.10000000000000001
2099,0,1.1869250799964342,0.14001260648084099,0.090139242408891734,-0.0016181208461837275,1002.6935009278188,1346.7504639094159,0.10000000000000001
2100,0,1.1969250149571722,0.14001301046898271,0.092711083690420193,-0.0015808224911031902,1002.704418469709,1352.2092348545129,0.10000000000000001
2101,0,1.2069247074461973,0.14001348859384244,0.095595791276422259,-0.0012939383755254357,1002.740839103593,1370.4195517964877,0.10000000000000001
2102,0,1.2169239278277624,0.14001395646877743,0.098273114026248554,-0.00083823254993393905,1002.7930613159268,1396.5306579634102,0.10000000000000001
2103,0,1.2269223679248793,0.14001438247314188,0.10039867154008059,-0.00030925895516905916,1002.8519602035009,1425.9801017504401,0.10000000000000001
2104,0,1.2369198660220733,0.1400147722072205,0.1016801378351463,0.00022270654885480005,1002.9023494400578,1451.1747200289165,0.10000000000000001
2105,0,1.2469166680143511,0.14001501688704576,0.10205564107015777,0.00072466484395612544,1002.9357596373858,1467.879818692893,0.10000000000000001
2106,0,1.2569129589769337,0.14001508484565622,0.10166437070535113,0.0011608665169146352,1002.9551365267886,1477.5682633942893,0.10000000000000001
2107,0,1.2669088121782854,0.14001484424359625,0.10052050907441175,0.0015126597308261916,1002.96459489058,1482.2974452899871,0.10000000000000001
2108,0,1.2769045285207228,0.1400142512717284,0.098639583870412453,0.0017987790409062126,1002.9726843776778,1486.3421888388757,0.10000000000000001
2109,0,1.2868999551175837,0.14001339859317857,0.096063502994032324,0.0020204805600407532,1002.9856961928892,1492.848096444618,0.10000000000000001
2110,0,1.296895206115543,0.14001222447827066,0.092772049654131716,0.0021690329906334416,1003.0028574869622,1501.4287434810853,0.10000000000000001
2111,0,1.3068903652184805,0.14001086742578639,0.088864065557900745,0.0022418726465283263,1003.0195365187909,1509.7682593954573,0.10000000000000001
2112,0,1.3168852743695731,0.14000944043087651,0.084456805420579983,0.0022041380562037014,1003.0227057090184,1511.3528545091981,0.10000000000000001
2113,0,1.3268806518377785,0.14000795432068805,0.079804790287213781,0.0020144138966105849,1003.0083749644288,1504.1874822143768,0.10000000000000001
2114,0,1.3368762193607548,0.14000655916636529,0.075205808352422465,0.0016550740829466225,1002.9772784995604,1488.6392497801921,0.10000000000000001
2115,0,1.3468725748434973,0.14000525594786203,0.070910957715595774,0.0011540566530362339,1002.941460619669,1470.7303098344937,0.10000000000000001
2116,0,1.3568694201176024,0.14000400987998024,0.06717253688652311,0.00057949233876454617,1002.915114187825,1457.5570939124987,0.10000000000000001
2117,0,1.3668665964586986,0.14000294096231641,0.064035429059994889,5.8413537882613624e-06,1002.9058814451834,1452.9407225916771,0.10000000000000001
2118,0,1.3768640636490579,0.14000206293738712,0.061663184246940124,-0.00046952189353710415,1002.9231463727809,1461.5731863904671,0.10000000000000001
2119,0,1.386861285922325,0.14000118416104487,0.060170618464739423,-0.00083794531657734397,1002.9624295124765,1481.2147562382734,0.10000000000000001
2120,0,1.3968582618688437,0.14000067522359674,0.059528028153518028,-0.0011235446721295215,1003.01426994873,1507.1349743649876,0.10000000000000001
2121,0,1.4068547376585565,0.14000012566025768,0.059600365116775238,-0.0013252106494288842,1003.0572057455497,1528.6028727748544,0.10000000000000001
2122,0,1.4168511176941101,0.13999967425974882,0.06030002811010237,-0.0015290637984887402,1003.0885797025747,1544.2898512873739,0.10000000000000001
2123,0,1.426847038631528,0.1399995178016753,0.061493544994121081,-0.0017352130112516045,1003.1050774291301,1552.5387145650598,0.10000000000000001
2124,0,1.4368434148538285,0.1399989029379124,0.063116315305187493,-0.001965783379254806,1003.112776579556,1556.388289777999,0.10000000000000001
2125,0,1.4468390807761213,0.13999920661703341,0.0651085554795445,-0.0020888650017417813,1003.1221374778496,1561.0687389248028,0.10000000000000001
2126,0,1.456835650237845,0.13999866416387222,0.067501932870190129,-0.0020969087351152826,1003.1355849301248,1567.7924650623822,0.10000000000000001
2127,0,1.4668309183135857,0.13999857958997328,0.070270717902171792,-0.0020676250914435442,1003.1581603806279,1579.0801903139595,0.10000000000000001
2128,0,1.4768274852848009,0.13999904202163244,0.073435251364053822,-0.0018320270188071979,1003.1887234874167,1594.3617437083617,0.10000000000000001
2129,0,1.4868217600512934,0.13999808081653115,0.076810672146698872,-0.0016776485526103278,1003.2093207722822,1604.6603861411199,0.10000000000000001
2130,0,1.4968186461980182,0.13999888130922525,0.08020796279006219,-0.0014134910086577199,1003.237789377195,1618.8946885974929,0.10000000000000001
2131,0,1.5068113820740239,0.1399979830161894,0.083260772010446404,-0.0012484956857020159,1003.2231009566445,1611.5504783222718,0.10000000000000001
2132,0,1.5168087363678147,0.13999733815759768,0.085689802309494661,-0.0011565310737950043,1003.2124697348544,1606.2348674271902,0.10000000000000001
2133,0,1.5268017181963167,0.13999749643998868,0.087646549934851159,-0.00088366943225550744,1003.1509464474512,1575.4732237256235,0.10000000000000001
2134,0,1.5367980199247138,0.13999503391921725,0.088503866686209187,-0.00081875830731480538,1003.0670441451731,1533.5220725865497,0.10000000000000001
2135,0,1.5467963488792582,0.13999518271870232,0.089658244305248422,-0.00027090440283216187,1002.9867259177498,1493.3629588749113,0.10000000000000001
2136,0,1.5567883709509376,0.13999224680983602,0.089409979065452519,-0.00013117629528176518,1002.807922967206,1403.9614836029841,0.10000000000000001
2137,0,1.56679759446435,0.13999082760918383,0.089764842211550899,0.00043829826114147622,1002.7255652881421,1362.7826440710464,0.10000000000000001
2138,0,1.5767836141982483,0.13998903999422832,0.089207769813493126,0.00089844933306484052,1002.4661572043253,1233.0786021626636,0.10000000000000001
2139,0,1.58680631152688,0.13998373646906712,0.088865523701350702,0.00096310701966693696,1002.3968538947526,1198.4269473762765,0.10000000000000001
2140,0,1.5967840167858502,0.13998455750278399,0.087105364096090293,0.001494463210414887,1002.0324794595944,1016.2397297971779,0.10000000000000001
2141,0,1.6068247048207784,0.13997338950680269,0.086617140814744628,0.0011254582366771158,1002.0128791637243,1006.4395818621392,0.10000000000000001
2142,0,1.6167894390060582,0.13997697030890302,0.083795289938437517,0.001649364844110624,1001.578577608246,789.28880412297531,0.10000000000000001
2143,0,1.6268519102585484,0.13996211400273575,0.082099950713085207,0.00093365662772311323,1001.5455416430968,772.77082154841992,0.10000000000000001
2144,0,1.6368047799764651,0.13996383053187109,0.079846221076055296,0.0015249104457876533,1001.1776352970855,588.81764854277208,0.10000000000000001
2145,0,1.6468891176655207,0.13995018433881393,0.077130074399548332,0.0011181432939410725,1001.122021507096,561.01075354797558,0.10000000000000001
2146,0,1.6568277366685698,0.13994884525462672,0.074961847996260766,0.0014356054610256239,1000.8393794621479,419.68973107395868,0.10000000000000001
2147,0,1.6669392524498239,0.13993368292192357,0.071982264162994289,0.0015522774237480164,1000.8402422370447,420.12111852233147,0.10000000000000001
2148,0,1.6768499657226952,0.13993887898228988,0.070081118635282796,0.0017893845487811115,1000.6245425237271,312.27126186354326,0.10000000000000001
2149,0,1.6869986446534064,0.13991338630518524,0.065839055658545406,0.002155872919959387,1000.6984505399121,349.22526995603675,0.10000000000000001
2150,0,1.6968668594698126,0.13993260440277513,0.063987417940950503,0.0022471302955911639,1000.50498773372,252.49386685999298,0.10000000000000001
2151,0,1.7070694501148176,0.13989705951428513,0.06062424891070986,0.0025945802625165965,1000.7484558688858,374.22793444289937,0.10000000000000001
2152,0,1.7168825073444578,0.13993101984535111,0.056126083906060567,0.0027298692144784799,1000.407262951614,203.63147580701479,0.10000000000000001
2153,0,1.7271513148173694,0.13988796788859031,0.052705215373160912,0.002621790072338826,1000.6767287730204,338.36438651019307,0.10000000000000001
2154,0,1.7369047661952144,0.13994113961877125,0.051370489381659605,0.0028921145311117816,1000.5194239667737,259.71198338686463,0.10000000000000001
2155,0,1.7472063157334115,0.13992082606703851,0.04335600378139786,0.0029423963408829329,1000.4439936818648,221.99684093237693,0.10000000000000001
2156,0,1.7569667174759092,0.13999246253677877,0.046331044752890009,0.0039411809474357677,1000.7273111306926,363.65556534627785,0.10000000000000001
2157,0,1.7672335390221461,0.14003378970089608,0.041829218044479095,0.0042821755109005545,1000.5304163693119,265.20818465593266,0.10000000000000001
2158,0,1.7770496397427846,0.1400709825196032,0.039819985628829019,0.0048375348268554766,1000.6885379453752,344.26897268758694,0.10000000000000001
2159,0,1.7873340300541833,0.14018344878073652,0.043596103908399693,0.0047583284115798232,1000.881299161013,440.64958050648784,0.10000000000000001
2160,0,1.7971180814572916,0.14029024394553874,0.038543207531169979,0.0067923914012597416,1000.7438452625959,371.92263129793446,0.10000000000000001
2161,0,1.8075249792001185,0.14037855506297953,0.044119748643712466,0.0058276278757422965,1000.6713177218863,335.65886094316966,0.10000000000000001
2162,0,1.8170413279175217,0.14037098402364415,0.039087129255110618,0.003534808134994715,1000.5847111001696,292.35555008477832,0.10000000000000001
2163,0,1.8278515684733743,0.1402301278977364,0.041864472616455643,0.00076645995192314246,1000.0067749239317,3.3874619658718075,0.10000000000000001
2164,0,1.8358737256187114,0.13981399499930433,0.039531896001859794,-0.0021916812704160147,1000.4109956277331,205.49781386654331,0.10000000000000001
2165,0,1.8521648051778501,0.13926120105802919,0.042415143712986707,-0.0030975195528917619,1000.1217092893481,60.854644674066094,0.10000000000000001
2166,0,1.8521740316774382,0.13912554163507931,0.042381739470037316,-0.0030915973515136378,1000.1220300574073,61.015028703650387,0.10000000000000001
2167,0,1.8822305494366458,0.14276780975046116,0.050584425945446577,0.006139551752910353,999.99938613967129,-0.3069301643563449,0.10000000000000001
2168,0,1.8820383745505007,0.14403950816690711,0.048386820870095756,0.0067181328801813418,1000.1111783524035,55.589176201749524,0.10000000000000001
2169,0,1.8988132148323482,0.13732805160614545,0.060574469116449245,0.0075444834762018638,1000.0050208039029,2.5104019514401443,0.10000000000000001
2170,0,1.9109159351591063,0.13644685258183603,0.058081940777916168,0.0060747937340701911,999.91858987619923,-40.705061900382589,0.10000000000000001
2171,0,1.9112603563610382,0.13704253426652188,0.058023278476641953,0.0062180229605097023,999.94169955033226,-29.150224833870197,0.10000000000000001
2172,0,0.097316803866657475,0.14990932550479466,0.10263318006304482,0.010603194691471456,999.94669135552294,-26.654322238528039,0.10000000000000001
2173,0,0.097443003614811369,0.15065368291614337,0.10275941549210824,0.0099417552538443553,999.93173698542546,-34.131507287270324,0.10000000000000001
2174,0,0.11841611288556578,0.15009838511524934,0.10390337133099467,0.0031185902532561917,999.8748053367367,-62.597331631650377,0.10000000000000001
2175,0,0.13381025515673026,0.15528280141958153,0.10467170628697021,-0.0036413215587045465,999.61383719690912,-193.08140154544162,0.10000000000000001
2176,0,0.13418962827914568,0.15562506119309635,0.10445925294403144,-0.0037722091373870357,999.57236546425918,-213.81726787041089,0.10000000000000001
2177,0,0.16305854343764295,0.14868438648209589,0.11097630801411792,-0.0026391778868513614,1000.1925567266559,96.278363327940042,0.10000000000000001
2178,0,0.16298588946567311,0.1483335735558535,0.11104204824150374,-0.0027203518170560558,1000.1905382985095,95.269149254761487,0.10000000000000001
2179,0,0.17729601013775118,0.15043719575872175,0.11098044778655411,-0.0039127129283036185,1000.2452024993455,122.60124967275488,0.10000000000000001
2180,0,0.18615620332186139,0.15020246413360475,0.10899497314252737,-0.00051928573444290393,1000.7730054279747,386.50271398734048,0.10000000000000001
2181,0,0.19713368378552484,0.15055461303288939,0.11176115045539074,0.0023915197266777153,1000.4812447967146,240.6223983572886,0.10000000000000001
2182,0,0.20654592923206502,0.15026655935184541,0.11060733245770051,0.0034310123371948538,1000.330897451037,165.44872551850176,0.10000000000000001
2183,0,0.21715127361555142,0.15016704462341215,0.11342136177709113,0.004036674020915264,1000.7460593203689,373.02966018444295,0.10000000000000001
2184,0,0.22676994124386515,0.15009267351144273,0.11027999887268,0.003673459280873384,1000.3989578853576,199.47894267880883,0.10000000000000001
2185,0,0.23711907526986434,0.15000481646460823,0.11556263716161615,0.0028535581913121553,1000.8898470123219,444.9235061609329,0.10000000000000001
2186,0,0.246860756723942,0.14999259484147298,0.11266773432399158,0.0021256513454928202,1000.5134079516712,256.70397583559179,0.10000000000000001
2187,0,0.25704438862509554,0.14993781420100719,0.10986870407825645,0.0026935862612496755,1000.9600499812951,480.02499064756421,0.10000000000000001
2188,0,0.26686407201593337,0.14992143819807363,0.11147089552742957,0.0026833806598469474,1000.5610779061775,280.53895308875099,0.10000000000000001
2189,0,0.27701561894220322,0.14994508473693938,0.10506826412393772,0.0029380599478884056,1000.753339148117,376.66957405849644,0.10000000000000001
2190,0,0.2868610278288945,0.14989046042039292,0.10263618187810801,0.0030325850634641874,1000.6587035892026,329.35179460127983,0.10000000000000001
2191,0,0.29699077203742635,0.14994346286994351,0.10000977653491747,0.0031508943750421241,1000.597551555066,298.77577753302376,0.10000000000000001
2192,0,0.30688923198566892,0.14990250988272424,0.094803128889457147,0.0029426926662526648,1000.6325316845765,316.26584228826005,0.10000000000000001
2193,0,0.31697773065548879,0.14994471675405921,0.091584573784810899,0.0029938644571957068,1000.7169958904751,358.49794523755918,0.10000000000000001
2194,0,0.32691797508049858,0.14992310564248879,0.089470022445812966,0.002665973222205539,1000.6427828032096,321.39140160478519,0.10000000000000001
2195,0,0.33698356615741926,0.14995458529994937,0.085212465983347321,0.0022419098707026131,1000.7831611737759,391.58058688792607,0.10000000000000001
2196,0,0.34693860763727813,0.14994194791518006,0.083570516212372645,0.0018434744707502054,1000.8480202549102,424.01012745511935,0.10000000000000001
2197,0,0.35700316912841501,0.14996632065928808,0.080335844422816813,0.0016440739289310959,1000.9381779535166,469.0889767583144,0.10000000000000001
2198,0,0.36695583028015449,0.14996012661283942,0.078877562319643393,0.0011893825127727111,1001.1413161056267,570.65805281337134,0.10000000000000001
2199,0,0.37701969834221805,0.14997592974476331,0.075779688822527558,0.0014404552248704679,1001.2536871333965,626.84356669825547,0.10000000000000001
2200,0,0.38697437843350901,0.14997422518279882,0.074017254243439079,0.0010340384257834022,1001.5515583118294,775.77915591467672,0.10000000000000001
2201,0,0.39702684800550986,0.14998697553683615,0.072507085043664363,0.00163169204058212,1001.6457502099938,822.87510499691052,0.10000000000000001
2202,0,0.40699205620180956,0.14998330655022268,0.069657849096515081,0.0013860642251979206,1001.9774917368915,988.74586844573287,0.10000000000000001
2203,0,0.417026229474807,0.1499930418135671,0.069249318668021143,0.0016220569496860709,1002.0968908261168,1048.4454130584027,0.10000000000000001
2204,0,0.42700561990176605,0.14999400136140775,0.067723200885414725,0.0011861299544862773,1002.3299085915676,1164.9542957837866,0.10000000000000001
2205,0,0.43702099020051721,0.14999591092082554,0.067389821210616929,0.00097948068992223481,1002.4850397088636,1242.519854431805,0.10000000000000001
2206,0,0.44701179271044039,0.15000013347062172,0.066913077305040827,0.00041063086536513598,1002.6572476395171,1328.6238197585476,0.10000000000000001
2207,0,0.45701345732820403,0.1500010460507174,0.067497420568589178,-0.00027618100106808878,1002.7843247754413,1392.1623877206457,0.10000000000000001
2208,0,0.46700950672164604,0.15000233714833283,0.06757381469872617,-0.00072021756125614778,1002.9231734861791,1461.5867430895264,0.10000000000000001
2209,0,0.4770042407215625,0.15000358806693675,0.068794708127497856,-0.0012037879027785587,1003.0240218450976,1512.010922548825,0.10000000000000001
2210,0,0.48700122684295083,0.15000435596210338,0.069980406222152736,-0.0013188102371195169,1003.1163845022107,1558.1922511053676,0.10000000000000001
2211,0,0.49699356573212539,0.15000395071519285,0.071910515245905846,-0.0014282769636208832,1003.1829943583509,1591.4971791754624,0.10000000000000001
2212,0,0.50699009260153527,0.1500047544532005,0.074379374433773654,-0.0013592920808598572,1003.2261428131136,1613.0714065567986,0.10000000000000001
2213,0,0.51698268186498253,0.15000444983025363,0.077205856482766844,-0.0013673149282870903,1003.2483193998968,1624.1596999483932,0.10000000000000001
2214,0,0.52697824815325989,0.15000412559310056,0.080483026242316694,-0.0015401911600706438,1003.2513227977331,1625.6613988665549,0.10000000000000001
2215,0,0.53697235996711878,0.15000443734467403,0.083787603847550587,-0.0017565100275578728,1003.2372612641395,1618.6306320697668,0.10000000000000001
2216,0,0.54696707052614701,0.15000355439490659,0.086959178589980174,-0.0020605569454129266,1003.2256460195467,1612.8230097733649,0.10000000000000001
2217,0,0.55696223433192549,0.15000361292358008,0.089844212658830733,-0.0022801493658238434,1003.2142362981049,1607.1181490524395,0.10000000000000001
2218,0,0.56695672411998888,0.15000304653528376,0.092383660154561537,-0.0024080384356927834,1003.2107445070536,1605.3722535268093,0.10000000000000001
2219,0,0.57695154189827846,0.15000236169130512,0.094616835465102786,-0.0023450823970071664,1003.2069106840659,1603.4553420329303,0.10000000000000001
2220,0,0.58694669413814393,0.15000216542441963,0.09642473868809498,-0.0021371648982728832,1003.1973696760066,1598.6848380032939,0.10000000000000001
2221,0,0.59694110243111997,0.15000137390398716,0.097742505203888344,-0.0018405241811679995,1003.1848906389175,1592.4453194587613,0.10000000000000001
2222,0,0.60693649885439482,0.15000117141523212,0.098559453792200019,-0.0014647079358879283,1003.1558218127901,1577.9109063950614,0.10000000000000001
2223,0,0.61693155605517591,0.15000069804787028,0.09877084248883905,-0.0010518808001193595,1003.117320852026,1558.6604260129775,0.10000000000000001
2224,0,0.62692722566009829,0.15000045950944613,0.098247538251970148,-0.00056181234418210704,1003.0745026598408,1537.2513299204229,0.10000000000000001
2225,0,0.63692310879726499,0.15000040069893625,0.096850617017681176,2.2219751663841215e-05,1003.0446144926198,1522.3072463098788,0.10000000000000001
2226,0,0.64691891616544828,0.1500001567155963,0.094515230962723892,0.00071508426740156286,1003.03614059529,1518.0702976450107,0.10000000000000001
2227,0,0.6569145311540221,0.15000027061143151,0.09132117939150125,0.0014742164124739731,1003.0491927988702,1524.5963994350973,0.10000000000000001
2228,0,0.66690977269482499,0.150000323712533,0.087401182143794998,0.0022235265005575398,1003.0775031855467,1538.7515927733375,0.10000000000000001
2229,0,0.67690438713203338,0.1500005373844884,0.08282426599286867,0.0028739124943108507,1003.1131027845771,1556.5513922885543,0.10000000000000001
2230,0,0.68689845370644242,0.15000105153710661,0.077928291905463992,0.003335797952581081,1003.142634623894,1571.3173119469843,0.10000000000000001
2231,0,0.69689224782970594,0.15000154489074505,0.073037258080119002,0.0035584625753869318,1003.1554573891955,1577.728694597738,0.10000000000000001
2232,0,0.70688579539902729,0.1500021371687876,0.068489530811047278,0.0035183389410795803,1003.1486583675581,1574.3291837790707,0.10000000000000001
2233,0,0.71687980310220356,0.15000269414837136,0.064585889297757021,0.0032402968526117726,1003.1242597645187,1562.1298822593417,0.10000000000000001
2234,0,0.72687406713582203,0.15000287253673389,0.061433673958395552,0.0027674809906118834,1003.0921371433786,1546.0685716893181,0.10000000000000001
2235,0,0.73686899770197489,0.15000273910431614,0.059081108193936742,0.0021462965453490036,1003.0586483498627,1529.3241749313324,0.10000000000000001
2236,0,0.74686451844441604,0.1500022243244776,0.057485588373372878,0.0014706849059628639,1003.026335222874,1513.1676114369839,0.10000000000000001
2237,0,0.75686055957183329,0.1500013309504668,0.056588553625735789,0.00083688483732140848,1002.9943489502266,1497.1744751132974,0.10000000000000001
2238,0,0.76685742608437668,0.1500003727859317,0.056321555568621458,0.00029577047935161439,1002.9611256824054,1480.5628412026977,0.10000000000000001
2239,0,0.77685486020400263,0.14999945492977662,0.056692043937888889,-0.0001098016073504218,1002.9237005981702,1461.8502990850857,0.10000000000000001
2240,0,0.78685308759066441,0.14999873071675968,0.057770036809126492,-0.00037952553270876471,1002.8795452235378,1439.7726117688876,0.10000000000000001
2241,0,0.79685221329150058,0.1499983209481377,0.059475601465141054,-0.00058373418572815977,1002.8350039720888,1417.5019860443854,0.10000000000000001
2242,0,0.80685191395897971,0.14999816213053749,0.061645747725684222,-0.00077161790311205318,1002.7978831282604,1398.9415641302116,0.10000000000000001
2243,0,0.81685203963814379,0.14999825434205538,0.064041879462611126,-0.00093740066333874831,1002.77195439578,1385.9771978899857,0.10000000000000001
2244,0,0.82685232358139582,0.14999852227943772,0.066219644321125634,-0.0010330273824844551,1002.7659956556884,1382.9978278441786,0.10000000000000001
2245,0,0.83685225147032272,0.14999893175982495,0.067854438017123042,-0.00095303996085026863,1002.7846915776038,1392.3457888018902,0.10000000000000001
2246,0,0.84685165272005203,0.14999954556320708,0.068884949828954115,-0.00059566543752521809,1002.8212253883129,1410.6126941564412,0.10000000000000001
2247,0,0.85685043368322367,0.150000358406921,0.069369584312739763,6.3001506563288226e-05,1002.8682683709417,1434.1341854708389,0.10000000000000001
2248,0,0.86684858408688259,0.15000137556463009,0.069604760958071513,0.00094022184224788839,1002.9159702975232,1457.9851487616224,0.10000000000000001
2249,0,0.87684639863954028,0.15000257900449299,0.06994862316739435,0.0018342987958227439,1002.9550420852415,1477.521042620765,0.10000000000000001
2250,0,0.8868440125439484,0.15000392399134269,0.070612123916466832,0.0024829376026987626,1002.983042123369,1491.5210616845229,0.10000000000000001
2251,0,0.8968415048168541,0.15000537644987832,0.071712745847052464,0.0026617813642275225,1002.9983722631898,1499.1861315949109,0.10000000000000001
2252,0,0.90683897531998403,0.15000688085278224,0.073122999350498916,0.0022750655775522848,1003.0045799829064,1502.2899914532104,0.10000000000000001
2253,0,0.9168363303223922,0.15000840959282175,0.074496745404185341,0.0014123610257385599,1003.0128432781069,1506.4216390534284,0.10000000000000001
2254,0,0.92683340063708697,0.15000996453142731,0.075546930119140654,0.00030154641406995218,1003.0317267244238,1515.8633622119169,0.10000000000000001
2255,0,0.93683006712760286,0.15001155913761083,0.076101567460455932,-0.00079054098316965957,1003.0637832047605,1531.8916023802558,0.10000000000000001
2256,0,0.94682623875965377,0.15001319726613202,0.076127720127653328,-0.0016282519508277571,1003.10733299375,1553.666496874996,0.10000000000000001
2257,0,0.95682187805194585,0.15001483352673828,0.075779101061209983,-0.0020790366354785554,1003.1566558877964,1578.3279438982163,0.10000000000000001
2258,0,0.96681700887305588,0.15001642247971422,0.075293483286303337,-0.0021586003789494539,1003.2046573265086,1602.3286632542977,0.10000000000000001
2259,0,0.97681168629696224,0.15001794271173102,0.074923364528813693,-0.001992190893244059,1003.2455661123508,1622.7830561754217,0.10000000000000001
2260,0,0.98680599265994362,0.15001936344737804,0.074889092805335469,-0.0017526012440308518,1003.27518603343,1637.5930167150159,0.10000000000000001
2261,0,0.99680006239215202,0.15002065705203543,0.075252136522086607,-0.0016087455125967768,1003.2913580579273,1645.6790289636274,0.10000000000000001
2262,0,1.0067940969867668,0.1500217927689769,0.07591687527583095,-0.00166521144791191,1003.2958395339375,1647.9197669687551,0.10000000000000001
2263,0,1.0167882677919571,0.15002275311280039,0.076768785111792831,-0.0019364580884940557,1003.291709707343,1645.8548536714943,0.10000000000000001
2264,0,1.0267826909794633,0.15002357562663987,0.077678488630831669,-0.0023543842668704985,1003.2774749405582,1638.7374702791249,0.10000000000000001
2265,0,1.0367774998397721,0.15002430332800565,0.078458098475216065,-0.0027676815866864994,1003.249709579863,1624.8547899314758,0.10000000000000001
2266,0,1.0467728110725354,0.15002495450975153,0.079012091591093528,-0.0029767958718961286,1003.2100716898741,1605.0358449370492,0.10000000000000001
2267,0,1.0567686503593126,0.1500255319769857,0.079427536985491876,-0.0028054600848480427,1003.1640008445831,1582.0004222915713,0.10000000000000001
2268,0,1.0667649983161236,0.15002601561342122,0.079822275080985536,-0.0021476882645745034,1003.1159522587078,1557.9761293539036,0.10000000000000001
2269,0,1.0767618883539287,0.15002639665842779,0.080295603307944649,-0.0010164723027898668,1003.0711352470781,1535.5676235390661,0.10000000000000001
2270,0,1.0867593176715478,0.15002666389022987,0.080957976062251358,0.00041060871766952008,1003.0359462068228,1517.973103411407,0.10000000000000001
2271,0,1.0967571973984145,0.1500267804747587,0.081803245577137626,0.0018360780522708457,1003.0121794078051,1506.0897039025463,0.10000000000000001
2272,0,1.1067554522754859,0.15002672734043451,0.082692583192069666,0.0029438951218762584,1002.9963708812904,1498.1854406452157,0.10000000000000001
2273,0,1.1167539783515821,0.15002650307818857,0.083440320985432914,0.0034767116934504303,1002.9810982984221,1490.5491492110627,0.10000000000000001
2274,0,1.1267526951700826,0.15002615176250059,0.083845038506334957,0.003319974939660963,1002.9563219184498,1478.1609592249083,0.10000000000000001
2275,0,1.1367517185234768,0.15002575724246106,0.083878044869403784,0.0025660589450534448,1002.9184503160935,1459.2251580467632,0.10000000000000001
2276,0,1.1467511620954201,0.15002536580903209,0.08375498009366053,0.0014736382526655189,1002.8708469851479,1435.423492573932,0.10000000000000001
2277,0,1.1567511252807947,0.15002502184783284,0.083776597430518795,0.00035335550229647874,1002.8176825155889,1408.8412577944496,0.10000000000000001
2278,0,1.1667518534084798,0.15002475853563674,0.084308226030881811,-0.00054499135604231899,1002.7681221271237,1384.0610635618305,0.10000000000000001
2279,0,1.1767533102750385,0.15002459761264492,0.085629716454790089,-0.0010868197057256502,1002.7331936662744,1366.5968331371801,0.10000000000000001
2280,0,1.1867552884745898,0.15002456544523157,0.087771965999494467,-0.0012566390964339977,1002.721106582234,1360.5532911170144,0.10000000000000001
2281,0,1.1967575123681502,0.15002461689909588,0.090574240375071294,-0.0011449015227182982,1002.7368357682427,1368.4178841213566,0.10000000000000001
2282,0,1.2067594216403372,0.15002477765839278,0.093609563847892902,-0.00086948918226414159,1002.7746954750082,1387.3477375041148,0.10000000000000001
2283,0,1.2167606698146678,0.15002509696835137,0.096368085996229341,-0.00051007351151612903,1002.8250373031459,1412.5186515729524,0.10000000000000001
2284,0,1.226761049675166,0.1500255380878473,0.098519295649204058,-0.00011692509866725688,1002.8803597867072,1440.1798933536156,0.10000000000000001
2285,0,1.2367602907754427,0.15002610185238296,0.099830772350110814,0.00030905960235772412,1002.9302901594876,1465.1450797438201,0.10000000000000001
2286,0,1.2467585749781438,0.15002665783359656,0.10024316415504099,0.00079792297920322161,1002.9682047630369,1484.1023815184258,0.10000000000000001
2287,0,1.2567561526989839,0.15002704111859291,0.099856782831192217,0.0013314670026755562,1002.9951629529206,1497.5814764603115,0.10000000000000001
2288,0,1.2667529078924515,0.15002713524303748,0.098711404263090149,0.0018569621274151435,1003.0135953626916,1506.7976813458017,0.10000000000000001
2289,0,1.2767492471209738,0.15002666501319234,0.096824411394055426,0.0023278744263846331,1003.0270653357815,1513.532667890729,0.10000000000000001
2290,0,1.2867451471861509,0.15002561743230725,0.094208569316749022,0.0026831124624665547,1003.0387175579297,1519.3587789648291,0.10000000000000001
2291,0,1.2967406264344938,0.15002411325736362,0.090867537558550496,0.0028759726110369655,1003.0482672304681,1524.1336152340637,0.10000000000000001
2292,0,1.306736060373535,0.15002209045027995,0.086889576293071077,0.0028921389115777038,1003.0524537238302,1526.22686191512,0.10000000000000001
2293,0,1.3167312472373771,0.15001995822258921,0.082378564933778223,0.0027189476882334505,1003.0433613241951,1521.6806620975376,0.10000000000000001
2294,0,1.3267267892623003,0.15001798239521549,0.077609123636611432,0.0023799099516372347,1003.01922190418,1509.6109520899859,0.10000000000000001
2295,0,1.3367226234961791,0.15001597575956627,0.072897015682047303,0.0019095215921614457,1002.9846606950076,1492.3303475038097,0.10000000000000001
2296,0,1.3467190191536895,0.15001442597496834,0.068536382029504017,0.0013437699495035653,1002.9495935468328,1474.7967734164149,0.10000000000000001
2297,0,1.3567157954173326,0.15001315840306981,0.064809767902017965,0.00077290944994460133,1002.9251858568296,1462.5929284147787,0.10000000000000001
2298,0,1.3667128641973396,0.15001188555098702,0.061759476293833208,0.00025891324571381924,1002.9194389616893,1459.7194808446261,0.10000000000000001
2299,0,1.3767099006302757,0.15001116472328893,0.059520337474167899,-0.00015076274520325474,1002.936286882228,1468.1434411140231,0.10000000000000001
2300,0,1.3867066650190287,0.15001019425150472,0.058141444079885328,-0.00045438538961822843,1002.975039614936,1487.5198074680043,0.10000000000000001
2301,0,1.3967032722875443,0.150009562161254,0.057591318894790369,-0.00069078185528290343,1003.0263726094367,1513.1863047183742,0.10000000000000001
2302,0,1.4066986926095018,0.15000916762548677,0.057722420085378263,-0.00088474636576181846,1003.071491292308,1535.7456461539982,0.10000000000000001
2303,0,1.4166946357522978,0.15000843309585984,0.058429121017930997,-0.0011203293134988434,1003.1077296275275,1553.8648137637665,0.10000000000000001
2304,0,1.4266892510223519,0.15000852572117646,0.059652826652596039,-0.0013308018697330648,1003.1253226283008,1562.6613141503753,0.10000000000000001
2305,0,1.4366843822765363,0.15000774198428957,0.061347495145916343,-0.001524321527230744,1003.1422020682761,1571.1010341380529,0.10000000000000001
2306,0,1.446679595368616,0.15000781190500548,0.063536114549938322,-0.0016219484661522589,1003.1537933631578,1576.8966815788872,0.10000000000000001
2307,0,1.4566733913769474,0.15000760233092347,0.066022702624704332,-0.0015535685768987512,1003.1667046995924,1583.3523497962005,0.10000000000000001
2308,0,1.4666689613380313,0.15000679541035561,0.068947888842624372,-0.0014550718066884223,1003.1947260073048,1597.36300365239,0.10000000000000001
2309,0,1.4766625606373149,0.15000740612181818,0.072183837734080838,-0.0012147314876739675,1003.2195716572662,1609.7858286331075,0.10000000000000001
2310,0,1.4866562013933113,0.15000613736805229,0.075552834472859653,-0.0011069336452658924,1003.2573459729356,1628.6729864677909,0.10000000000000001
2311,0,1.4966509541947206,0.15000655354084461,0.078999120446024293,-0.00098776594895219746,1003.2712823034964,1635.6411517481888,0.10000000000000001
2312,0,1.5066413837594681,0.15000599237863485,0.081902873937706594,-0.001003500994568764,1003.2734456202412,1636.7228101206024,0.10000000000000001
2313,0,1.5166378552508573,0.1500050199512625,0.084556782351656354,-0.0011260817412775202,1003.2488768905898,1624.4384452949134,0.10000000000000001
2314,0,1.5266265060432602,0.15000518132724794,0.086493894144616723,-0.00095950985537835484,1003.1909570144452,1595.4785072225945,0.10000000000000001
2315,0,1.5366237604000745,0.15000336481229914,0.087744152155747795,-0.00092378232349597908,1003.1161700724559,1558.0850362279648,0.10000000000000001
2316,0,1.5466150562089465,0.15000287270957441,0.088964150780361392,-0.00029713129063200383,1003.0038576023682,1501.9288011840786,0.10000000000000001
2317,0,1.5566098930858261,0.14999978289723229,0.088903099342316924,0.00012182510578669873,1002.877249541632,1438.6247708159772,0.10000000000000001
2318,0,1.5666110147571324,0.15000010372344239,0.089452344164233574,0.00087374459598529939,1002.7239260398087,1361.9630199043513,0.10000000000000001
2319,0,1.5765973282293291,0.14999476473284415,0.088688901254264652,0.0015556347933841012,1002.5503351864379,1275.1675932189528,0.10000000000000001
2320,0,1.5866161917860524,0.14999309401960864,0.088315444359934617,0.0016621057129408436,1002.3776742835453,1188.8371417726376,0.10000000000000001
2321,0,1.5965879114919164,0.14999264700876958,0.086492835245218697,0.0022314547134513617,1002.1197828239115,1059.8914119557321,0.10000000000000001
2322,0,1.6066269947287479,0.14998088823923744,0.085855705973492055,0.0017417518933187004,1001.9978953153282,998.94765766407545,0.10000000000000001
2323,0,1.6165860657274356,0.14998550530324201,0.083011147533461588,0.0020918349890141122,1001.62942916437,814.71458218499038,0.10000000000000001
2324,0,1.6266394842242387,0.14997018332084824,0.081125419735822935,0.0013238658386545042,1001.5384670431234,769.23352156171632,0.10000000000000001
2325,0,1.6365963074117902,0.14997142502034902,0.079468624642999031,0.001710801549831226,1001.2039438868103,601.9719434051467,0.10000000000000001
2326,0,1.6466537338210101,0.14995701915395698,0.076157358533975011,0.0015456127960862317,1001.0975062103125,548.75310515626552,0.10000000000000001
2327,0,1.6566176744259558,0.14996086083265633,0.074754653153513359,0.0017633480636589296,1000.8932447241339,446.62236206693251,0.10000000000000001
2328,0,1.6666679906864739,0.14994220668199806,0.071286194295992797,0.0021834401897628435,1000.7758227566759,387.91137833794664,0.10000000000000001
2329,0,1.6766379876555315,0.14995027397258406,0.069787595583473291,0.0022036880867165858,1000.7632857102548,381.64285512738161,0.10000000000000001
2330,0,1.6866860860451005,0.14992390230537486,0.065446696589436526,0.0028344718746492375,1000.554051258199,277.02562909951212,0.10000000000000001
2331,0,1.6966389992257398,0.14994223133139045,0.063140989198040426,0.0029277278153558065,1000.6711819518525,335.59097592626586,0.10000000000000001
2332,0,1.7067180950772891,0.14990203362147336,0.060212460694702104,0.0030709100328856699,1000.5377974978313,268.89874891566024,0.10000000000000001
2333,0,1.7166204120981501,0.14994275145705555,0.054915085851727455,0.0032260623709614907,1000.5251172118313,262.55860591567171,0.10000000000000001
2334,0,1.7267552854030837,0.14989183312827217,0.0522343803285754,0.0032820793922621171,1000.5727876936116,286.39384680582225,0.10000000000000001
2335,0,1.7365897584062879,0.14994246292154662,0.049779079164338949,0.0030439822328618563,1000.6737395277371,336.86976386854894,0.10000000000000001
2336,0,1.7467632455100541,0.14992677805469065,0.043874906702052796,0.0031055824179015549,1000.4767102371146,238.35511855730829,0.10000000000000001
2337,0,1.7565491370795523,0.14993055399904123,0.04471652439586829,0.0030167787560025348,1000.8372073536427,418.60367682136257,0.10000000000000001
2338,0,1.7667821121083913,0.15000394891177724,0.04274192069202179,0.0030725508665668017,1000.3777061620766,188.85308103830312,0.10000000000000001
2339,0,1.776478009365084,0.15000646820405844,0.039585540414989774,0.0040761390612372769,1000.7007577337574,350.37886687871378,0.10000000000000001
2340,0,1.7868942976557443,0.15011414783030716,0.045108943725346594,0.005246118820871129,1000.2731473429568,136.57367147840205,0.10000000000000001
2341,0,1.796481008426694,0.15021808020417918,0.04185255145148542,0.0061227237572580896,1000.4438711746749,221.93558733744112,0.10000000000000001
2342,0,1.8071260595954937,0.15031066347157107,0.045214383706346256,0.005282038204545229,1000.3979609161938,198.98045809691212,0.10000000000000001
2343,0,1.8165741478011832,0.15067625425081413,0.04450457037734664,0.0052678760034346643,1000.2131252270607,106.56261353034324,0.10000000000000001
2344,0,1.8275013291564766,0.15032026744413893,0.047010460692640456,0.0025657080575320745,1000.8692980795978,434.64903979889868,0.10000000000000001
2345,0,1.8364804383050439,0.15059481698546043,0.04640464777875155,-0.0014671182983382975,1000.0361081431089,18.054071554445272,0.10000000000000001
2346,0,1.8506124533958832,0.1483067133798221,0.04294407934128433,-0.0033924039890281506,1000.1364503484751,68.225174237568353,0.10000000000000001
2347,0,1.850533849420209,0.14865738844998319,0.042889196568942696,-0.0033314130536724307,1000.1374483044289,68.724152214429068,0.10000000000000001
2348,0,1.8791401468909739,0.15598689210372968,0.043978943080060832,-0.00060305737812457695,999.46299421816343,-268.50289091828472,0.10000000000000001
2349,0,1.8795078359450368,0.15565172998495949,0.043647387187004616,-0.00046035472856853293,999.50303565371257,-248.48217314371368,0.10000000000000001
2350,0,1.8947800412446423,0.15031937889483901,0.048834176322588636,0.0041852757941666999,999.83630683511717,-81.846582441414739,0.10000000000000001
2351,0,1.9160606260791746,0.15047368210157777,0.052369271190304441,0.0078442139964749243,999.94216934293843,-28.915328530786155,0.10000000000000001
2352,0,1.9161981661860599,0.14972359587595399,0.052673894042553765,0.0084313242630469944,999.95748719063818,-21.256404680912055,0.10000000000000001
2353,0,0.097840949013027839,0.15185867765861685,0.10257533917951017,0.0087800672059165346,999.91204297929733,-43.978510351337263,0.10000000000000001
2354,0,0.098980126312216435,0.15363794262144204,0.10144213521164516,0.0073096584007601622,999.90163918163228,-49.180409183861684,0.10000000000000001
2355,0,0.11322236903822548,0.15410059038687732,0.10367312427793136,0.0037278087741865187,1000.0784087817399,39.204390869940653,0.10000000000000001
2356,0,0.14292245965488518,0.16467901445688551,0.10447860227385007,0.054285941301055469,998.70452613772341,-647.73693113829722,0.10000000000000001
2357,0,0.14686921300751077,0.16932276080322278,0.098832507098710928,-0.068197902381354966,1000.774799051214,387.39952560700885,0.10000000000000001
2358,0,0.15791172758937252,0.16869147654190406,0.09790114492258517,0.00083903862289623813,1000.1165216711303,58.260835565135949,0.10000000000000001
2359,0,0.16529256570383299,0.15537504104032462,0.1069467599237281,-0.0022020053412135582,1000.2666543365059,133.3271682529471,0.10000000000000001
2360,0,0.17672012940291335,0.16800489036773394,0.098537894372059912,0.019260158189423924,1000.0588625602554,29.431280127710124,0.10000000000000001
2361,0,0.18624938709962183,0.15769954827819266,0.10609619210509598,0.003462229680645146,1000.2888558325546,144.42791627732277,0.10000000000000001
2362,0,0.19692900388287318,0.16450139937226996,0.099171974848499073,0.010179352496743113,1000.4950715267835,247.53576339173833,0.10000000000000001
2363,0,0.20660554587228855,0.15794794254742889,0.1048547066679969,-0.0039327808015205031,1000.8579051500442,428.95257502209461,0.10000000000000001
2364,0,0.2171246152570078,0.16264764157440048,0.10515070362145287,0.010313558921675315,1000.4685658145586,234.28290727929379,0.10000000000000001
2365,0,0.22679730637973547,0.15885976400246066,0.10604719511848412,-0.0054696557047962703,1001.1359329658467,567.96648292333884,0.10000000000000001
2366,0,0.23709276425387854,0.16116532355322108,0.10916387071131282,0.0080490399322995961,1000.5601564222555,280.07821112777265,0.10000000000000001
2367,0,0.24682022586734667,0.15976105915038585,0.10811698745400097,0.00015620979211822169,1000.896665462857,448.33273142847929,0.10000000000000001
2368,0,0.2569757445908914,0.16024710522264901,0.10697733684582215,0.0043147945930138423,1000.7442289244774,372.11446223869871,0.10000000000000001
2369,0,0.26681745879705282,0.16015889932655794,0.10664137387576331,0.0065005646757188753,1000.5704052945827,285.20264729132805,0.10000000000000001
2370,0,0.27685808761355407,0.15983087278840258,0.10232999816477316,0.0016933109107050753,1000.7923358814882,396.16794074407835,0.10000000000000001
2371,0,0.28678686800227637,0.16013340969115031,0.098811205628033291,0.0080990250089191512,1000.5088780277694,254.43901388467793,0.10000000000000001
2372,0,0.29680920665512545,0.15984616633020018,0.096703841490624859,-0.0001456722218705845,1000.7500395677408,375.0197838704139,0.10000000000000001
2373,0,0.30678696031663782,0.15996419224588823,0.091315649421739489,0.006932636507327285,1000.4947622419583,247.3811209791279,0.10000000000000001
2374,0,0.31678160652457521,0.15998959643661639,0.088490125025309244,0.00060761293649575963,1000.7485067805985,374.25339029925908,0.10000000000000001
2375,0,0.32678636977873149,0.15986754321505942,0.085959832642736031,0.0051006404115913929,1000.5810631813407,290.53159067035494,0.10000000000000001
2376,0,0.33677719504757891,0.16006243164988551,0.081851796846974037,0.00099680869999937581,1000.8082226443456,404.11132217280965,0.10000000000000001
2377,0,0.34678570152475613,0.15985134635708448,0.08059717841572582,0.0032153991835480508,1000.7690961652459,384.54808262292772,0.10000000000000001
2378,0,0.35679377932889089,0.16006568669835705,0.077164549712313332,0.00096799491027868795,1000.9793663732197,489.68318660985233,0.10000000000000001
2379,0,0.36677909962731575,0.15990679130160848,0.076422995412354686,0.0021887666548114229,1001.0296134502217,514.80672511087278,0.10000000000000001
2380,0,0.376813425704701,0.16002848675029105,0.073139806164807655,0.0012460636863976915,1001.2795213368472,639.76066842360524,0.10000000000000001
2381,0,0.386779336557943,0.1599648389466175,0.071935374308721586,0.0019206699211855853,1001.4101651642442,705.0825821220883,0.10000000000000001
2382,0,0.39682021048321625,0.15999920309871801,0.070425587521580124,0.001417868150975421,1001.6462020902151,823.1010451075349,0.10000000000000001
2383,0,0.40678594574512184,0.15999178222771201,0.06770944262982441,0.0020558437523770607,1001.8570534759049,928.52673795243845,0.10000000000000001
2384,0,0.41682021652420398,0.15998338387349073,0.067227833067615289,0.0012733429253755943,1002.0958817200715,1047.9408600357374,0.10000000000000001
2385,0,0.42679357256577094,0.1600045253307619,0.065585914370794737,0.0014469149279991329,1002.2747526753074,1137.3763376536772,0.10000000000000001
2386,0,0.43681241904011875,0.15998410938950089,0.065324634080401831,0.00090976275089614804,1002.4812464275335,1240.623213766753,0.10000000000000001
2387,0,0.44680011636979416,0.16000292059160376,0.064595929223207352,0.00011494420412222963,1002.6520120903466,1326.0060451733011,0.10000000000000001
2388,0,0.45680016366817294,0.15999647604870595,0.065287143670412981,-0.00020844207626366651,1002.7795762943988,1389.7881471993969,0.10000000000000001
2389,0,0.46679798824390256,0.1599968996153647,0.065541047566100449,-0.001380616220325671,1002.9197265258592,1459.8632629296162,0.10000000000000001
2390,0,0.47678885970918394,0.16000289689709754,0.066829806100994024,-0.0015309274705900017,1002.9937714907466,1496.8857453732767,0.10000000000000001
2391,0,0.48678846077870674,0.15999517782055098,0.068323153742849516,-0.0023199803129615652,1003.0821772117196,1541.0886058597839,0.10000000000000001
2392,0,0.49677795427900168,0.1600018028557966,0.070195371121601444,-0.0023313202037308807,1003.1246334450273,1562.3167225136285,0.10000000000000001
2393,0,0.50677545524256729,0.15999613768363119,0.072791765573017989,-0.0026410005923882722,1003.1622917755582,1581.1458877790869,0.10000000000000001
2394,0,0.51676739254173432,0.15999821033482589,0.075354779977677547,-0.0025635524101196463,1003.1772013264726,1588.6006632363205,0.10000000000000001
2395,0,0.52676227456382452,0.15999721176432125,0.078430320245049534,-0.0027205764013691351,1003.1844543024223,1592.2271512111479,0.10000000000000001
2396,0,0.53675643414064322,0.15999586114711484,0.081512579256089776,-0.0028711255345802503,1003.1775292084494,1588.764604224707,0.10000000000000001
2397,0,0.54675017325679165,0.15999699608454815,0.084505278540569634,-0.0030118725113916409,1003.1715567597557,1585.7783798778655,0.10000000000000001
2398,0,0.55674504680378567,0.15999469489349477,0.087362807905314102,-0.0032381547781309998,1003.168989893249,1584.4949466244884,0.10000000000000001
2399,0,0.56673827330539328,0.15999573317348359,0.089931398886346409,-0.0032029500901343808,1003.1644026088335,1582.201304416742,0.10000000000000001
2400,0,0.57673297902743648,0.15999374197409991,0.092208935916923279,-0.003081398799850039,1003.1596956060232,1579.847803011603,0.10000000000000001
2401,0,0.586726561241113,0.15999377888621338,0.094017036557973499,-0.0028077113082303016,1003.1483605746369,1574.180287318427,0.10000000000000001
2402,0,0.59672041636732187,0.15999331134109482,0.09538583502476268,-0.002419862002342434,1003.1321710602195,1566.085530109774,0.10000000000000001
2403,0,0.60671470670517957,0.15999216460739799,0.096210641895763629,-0.0019362596644541751,1003.1067448098445,1553.3724049222428,0.10000000000000001
2404,0,0.61670852851669888,0.15999228970030591,0.096432927295382151,-0.0013742758903247285,1003.0740367480407,1537.0183740203629,0.10000000000000001
2405,0,0.62670324020942547,0.15999196594524229,0.095996468675916116,-0.0007927128470334719,1003.0411800978117,1520.5900489058308,0.10000000000000001
2406,0,0.63669740676105946,0.15999138861191226,0.094767738499510368,-0.00012143008637134399,1003.0171694466727,1508.5847233363552,0.10000000000000001
2407,0,0.64669209335307776,0.15999171646929303,0.092624424434663358,0.00068531405671976725,1003.0111086816518,1505.5543408258814,0.10000000000000001
2408,0,0.65668618137145274,0.15999132721438455,0.089624760210263305,0.0015024783082215904,1003.0244553658731,1512.2276829365546,0.10000000000000001
2409,0,0.66667987276857421,0.15999140812819204,0.085875724002712053,0.002405546543359885,1003.0517222370891,1525.8611185445261,0.10000000000000001
2410,0,0.67667320810624054,0.15999193284937621,0.081403014960516842,0.003245552945440401,1003.0928508232259,1546.4254116129723,0.10000000000000001
2411,0,0.68666546975508969,0.15999207356073397,0.076552388151769415,0.0039331584174747952,1003.1364227590071,1568.2113795035661,0.10000000000000001
2412,0,0.69665747514070508,0.15999291524850265,0.071646034993443172,0.0044149300785965139,1003.1729152056091,1586.4576028045576,0.10000000000000001
2413,0,0.70664902204504909,0.15999330845784879,0.067020312900183981,0.0045578115673458926,1003.1953050305576,1597.6525152788099,0.10000000000000001
2414,0,0.71664056078963334,0.15999379667408789,0.063014812735443182,0.0043417850420304068,1003.1967504054645,1598.3752027322566,0.10000000000000001
2415,0,0.72663243201722616,0.15999386466463725,0.059758891081662074,0.0037482437996049544,1003.1790761437891,1589.5380718945376,0.10000000000000001
2416,0,0.73662491253440077,0.15999321051655394,0.057341114028130545,0.0028292872412486463,1003.143431124841,1571.7155624204793,0.10000000000000001
2417,0,0.74661811613210438,0.15999242209881598,0.055782414683863774,0.0017116307009971514,1003.0910722559859,1545.5361279929321,0.10000000000000001
2418,0,0.75661220207447988,0.15999099830677732,0.05500631715531238,0.0005764778731163695,1003.0268170459238,1513.4085229619245,0.10000000000000001
2419,0,0.76660721627010853,0.15998943344016633,0.054915002188426557,-0.00043223290446176997,1002.9579748834501,1478.987441725053,0.10000000000000001
2420,0,0.77660295555072956,0.15998807246259941,0.055485037830148923,-0.0011976650299342765,1002.888692693661,1444.346346830514,0.10000000000000001
2421,0,0.78659958795261076,0.15998675973881285,0.056685739811763093,-0.0016664732932785452,1002.8231851916217,1411.5925958108733,0.10000000000000001
2422,0,0.79659702529106091,0.15998583759245077,0.058393497332473593,-0.0018976311661797983,1002.7689402034453,1384.4701017226271,0.10000000000000001
2423,0,0.80659503657129628,0.15998539998598366,0.060491867471002693,-0.0019793035046443358,1002.7293222123278,1364.6611061639078,0.10000000000000001
2424,0,0.81659347696899254,0.1599851815961163,0.062789263457406208,-0.0019594981379886167,1002.7043721227901,1352.1860613950594,0.10000000000000001
2425,0,0.82659211448471648,0.15998532846298283,0.064931366288639505,-0.0018467783684069426,1002.6982682702219,1349.134135110944,0.10000000000000001
2426,0,0.836590567530062,0.15998568834364077,0.066663800280296684,-0.0016078730735591084,1002.7123464437778,1356.1732218889233,0.10000000000000001
2427,0,0.8465886035782344,0.15998615700873536,0.067890256446822131,-0.0011490342138404776,1002.7411841756334,1370.5920878167035,0.10000000000000001
2428,0,0.85658613741899658,0.15998692490477343,0.068584953214367111,-0.00043808063227344777,1002.7801062431836,1390.0531215917908,0.10000000000000001
2429,0,0.86658316079317721,0.15998776402923809,0.06891574115758517,0.00045430480867008185,1002.8224429056104,1411.2214528051936,0.10000000000000001
2430,0,0.87657989392358782,0.15998872538760175,0.069120853752371592,0.0013857064556272807,1002.8615350412233,1430.7675206116528,0.10000000000000001
2431,0,0.88657647912054072,0.15998996155512429,0.069380051925008332,0.0021222344543932754,1002.8951712302937,1447.5856151468633,0.10000000000000001
2432,0,0.89657296194242064,0.15999136102782957,0.069870068571996374,0.0024351549382865588,1002.9210825913696,1460.5412956847772,0.10000000000000001
2433,0,0.90656946591725096,0.15999293645762358,0.070626606119103028,0.0022108610944529239,1002.9405421094976,1470.2710547488209,0.10000000000000001
2434,0,0.9165659994958556,0.1599945821651515,0.0715029954265234,0.0014826397794011879,1002.9608383209578,1480.4191604789025,0.10000000000000001
2435,0,0.92656250365344439,0.15999615848766549,0.072328100011916543,0.00043327147285305504,1002.9885566302604,1494.2783151302024,0.10000000000000001
2436,0,0.93655897344909089,0.15999770657521961,0.072956438704564863,-0.00067182484743526206,1003.0270468194791,1513.5234097395482,0.10000000000000001
2437,0,0.94655534177934475,0.15999921089932601,0.0733024196804309,-0.0015784045900002844,1003.0761986152437,1538.0993076218488,0.10000000000000001
2438,0,0.95655150526863664,0.16000068652461572,0.073376953812084519,-0.0021126829660151054,1003.13177431538,1565.8871576899855,0.10000000000000001
2439,0,0.96654735256405011,0.16000218968917332,0.073257389710522924,-0.0022465255531725114,1003.1877750609385,1593.8875304692601,0.10000000000000001
2440,0,0.976542747083889,0.16000371532763966,0.073086735921710333,-0.0020926685337004751,1003.2382632724341,1619.1316362170483,0.10000000000000001
2441,0,0.98653761829850373,0.16000526594417308,0.073032610306635368,-0.001840994850005151,1003.2774510946309,1638.7255473154596,0.10000000000000001
2442,0,0.99653206342153822,0.16000671283383899,0.073186953977555272,-0.0016970780315219551,1003.3007478117464,1650.3739058732094,0.10000000000000001
2443,0,1.0065263973523795,0.16000786983095069,0.07355850855362546,-0.0018012111686272713,1003.30718718355,1653.5935917750066,0.10000000000000001
2444,0,1.0165210408698886,0.1600086930894925,0.074142558434594663,-0.0021777055665254943,1003.2986295996619,1649.314799830961,0.10000000000000001
2445,0,1.0265163699525579,0.16000924496173,0.074916656961238476,-0.0027290407424961976,1003.2755202800762,1637.7601400380968,0.10000000000000001
2446,0,1.0365126422635085,0.16000971639732947,0.075787705471053707,-0.0032440628099769226,1003.2378604518907,1618.9302259453484,0.10000000000000001
2447,0,1.0465099437039036,0.160010242122088,0.076666886361536318,-0.0034729618138835475,1003.1898397673797,1594.9198836898404,0.10000000000000001
2448,0,1.0565081532292986,0.16001079923771078,0.077557767606117281,-0.0032201306840060019,1003.1383796323375,1569.1898161687732,0.10000000000000001
2449,0,1.0665070447868943,0.16001134759332436,0.078456377691285092,-0.0023913745665823552,1003.0881971406104,1544.0985703052093,0.10000000000000001
2450,0,1.0765064795044044,0.16001177482874554,0.079295975079675396,-0.0010559429560602995,1003.0427083838651,1521.3541919325735,0.10000000000000001
2451,0,1.0865063539869573,0.16001199653827833,0.080024243936294467,0.00053927796759715995,1003.005498822806,1502.7494114029878,0.10000000000000001
2452,0,1.0965065881465164,0.16001198719326534,0.080580455167453741,0.0020540510882117533,1002.9762146405485,1488.1073202742527,0.10000000000000001
2453,0,1.1065071987105939,0.16001169610311838,0.080877660322306061,0.0031475648678955808,1002.9502343140533,1475.1171570266592,0.10000000000000001
2454,0,1.1165081695177574,0.16001126382278752,0.080857029904543354,0.0035765233780685993,1002.9211254872317,1460.562743615867,0.10000000000000001
2455,0,1.126509524825273,0.16001083813623382,0.080520842101293108,0.0032711675843865667,1002.8823000504407,1441.1500252203382,0.10000000000000001
2456,0,1.136511394935797,0.16001045837078778,0.080032935854925366,0.0023475003739029097,1002.8330989962855,1416.5494981427287,0.10000000000000001
2457,0,1.1465138262176242,0.16001023217742555,0.079695046540818257,0.0010801502047030757,1002.7783023784542,1389.1511892271069,0.10000000000000001
2458,0,1.1565168966046526,0.16001003608865785,0.07977592089725756,-0.00021670513100333931,1002.7225107885399,1361.2553942699606,0.10000000000000001
2459,0,1.1665207496186505,0.16000980855604166,0.080521873207274303,-0.0013179461660869083,1002.6736729203977,1336.8364601988674,0.10000000000000001
2460,0,1.1765252883346811,0.16000981308626519,0.082088774512975485,-0.0020779785166720045,1002.64113168276,1320.5658413800165,0.10000000000000001
2461,0,1.1865302522151173,0.16000992676697715,0.084401120101190705,-0.0024633858054423944,1002.6310421063605,1315.5210531802481,0.10000000000000001
2462,0,1.196535254906941,0.16001020995679704,0.087238426701099089,-0.0025485139270183788,1002.6475992189052,1323.7996094525784,0.10000000000000001
2463,0,1.2065398001566021,0.16001085011484331,0.090230415767659042,-0.0023934263098764372,1002.6886276445374,1344.3138222687026,0.10000000000000001
2464,0,1.2165435480395783,0.16001165920236174,0.092934931283850997,-0.0020389574672174489,1002.7482116571772,1374.105828588597,0.10000000000000001
2465,0,1.2265462498656339,0.16001282913506901,0.095058678095090915,-0.0015010813741553946,1002.8218400202554,1410.9200101277111,0.10000000000000001
2466,0,1.2365476972499743,0.16001423550800054,0.096420468169396409,-0.00076268058811659867,1002.9023973844019,1451.1986922009328,0.10000000000000001
2467,0,1.2465478865045252,0.16001544075583954,0.096929586138672266,0.00017064277904142199,1002.9808852505608,1490.4426252804228,0.10000000000000001
2468,0,1.2565469634307918,0.16001665764915021,0.09660402597620911,0.0012232912190931219,1003.0503671083275,1525.183554163732,0.10000000000000001
2469,0,1.2665449230198265,0.16001749798877399,0.095465303376317631,0.0022618719867357902,1003.1048210781986,1552.4105390992986,0.10000000000000001
2470,0,1.2765419052766993,0.16001746329429423,0.093529424742496869,0.003143231064598542,1003.1390352763406,1569.5176381702822,0.10000000000000001
2471,0,1.2865381174837194,0.16001712825919887,0.090814520406600832,0.0037442713707115634,1003.150463285879,1575.2316429395137,0.10000000000000001
2472,0,1.2965338423571897,0.16001583644918108,0.087380125501101427,0.0039866977951723507,1003.1399334557318,1569.9667278659035,0.10000000000000001
2473,0,1.3065292445265357,0.16001397620846081,0.083340917176348228,0.0038655633877760481,1003.1100691236409,1555.0345618204346,0.10000000000000001
2474,0,1.3165248016333582,0.16001214584577689,0.078831913829151529,0.0034497567544992283,1003.0628546513132,1531.4273256565798,0.10000000000000001
2475,0,1.3265207374637566,0.16000990732774642,0.074161418518384661,0.0028134780786760686,1003.0071028575194,1503.5514287596925,0.10000000000000001
2476,0,1.3365166954618628,0.16000839712901072,0.069589979013207334,0.0021131322102904398,1002.951155676615,1475.5778383075153,0.10000000000000001
2477,0,1.3465137239496086,0.16000666207419409,0.065415800623994783,0.0013839483588908297,1002.9052075093616,1452.6037546808084,0.10000000000000001
2478,0,1.3565104724837314,0.1600055521594414,0.061933261490324611,0.00071278296745339693,1002.880171359135,1440.0856795675168,0.10000000000000001
2479,0,1.3665074425496941,0.1600048886817477,0.059112738813744084,0.00021269096911144357,1002.8742034810166,1437.1017405082966,0.10000000000000001
2480,0,1.3765045884898039,0.16000378144594848,0.057071582128731764,-0.00024111509159290446,1002.8903326988283,1445.1663494141371,0.10000000000000001
2481,0,1.3865004383085882,0.16000348300924383,0.055820747121385059,-0.00057074530510375151,1002.92593642131,1462.9682106549922,0.10000000000000001
2482,0,1.3964970057529873,0.16000301363243599,0.055322106192702662,-0.00085795540273950937,1002.9701412905965,1485.0706452982649,0.10000000000000001
2483,0,1.4064913963150656,0.16000226210807478,0.055398206878969417,-0.001186145912730645,1003.0125307317833,1506.2653658916361,0.10000000000000001
2484,0,1.4164865558405981,0.16000241417229855,0.056026443694102521,-0.0015385971203149319,1003.0455419818744,1522.7709909372038,0.10000000000000001
2485,0,1.42648056868633,0.16000241584704261,0.057245212269964582,-0.0018844113765759214,1003.067944645559,1533.9723227795048,0.10000000000000001
2486,0,1.4364735851907189,0.16000123963018265,0.058837878982242145,-0.00221083365045087,1003.0863259376923,1543.1629688461612,0.10000000000000001
2487,0,1.4464687485377814,0.16000271288777074,0.061048182422864812,-0.0024380654917028404,1003.0978262242636,1548.9131121317996,0.10000000000000001
2488,0,1.4564599427198364,0.16000090343380599,0.063492388513432807,-0.0026263022004600596,1003.1134648079133,1556.7324039566302,0.10000000000000001
2489,0,1.4664551211516965,0.16000233918027504,0.066365236390619059,-0.0025624138978207252,1003.1312044330442,1565.6022165221088,0.10000000000000001
2490,0,1.4764463747905592,0.16000118574974742,0.069439630982184933,-0.0025561423583169512,1003.1558906459608,1577.9453229803835,0.10000000000000001
2491,0,1.486438813717905,0.16000115557429281,0.072511289259411874,-0.0025449646502721645,1003.1872195794612,1593.6097897305785,0.10000000000000001
2492,0,1.496432517705311,0.16000291810866141,0.075856093024338753,-0.0024106426750878647,1003.2019206769088,1600.9603384543993,0.10000000000000001
2493,0,1.5064193223035702,0.15999873828448166,0.078388101917208672,-0.0026227028636524358,1003.2176567518798,1608.8283759398792,0.10000000000000001
2494,0,1.5164174891117701,0.16000592738600083,0.081230923313522996,-0.0021938975549627517,1003.1943948588339,1597.1974294169513,0.10000000000000001
2495,0,1.5263997073459181,0.15999680910764591,0.083066254253711155,-0.002350856447224452,1003.1745782591407,1587.2891295703653,0.10000000000000001
2496,0,1.5363996968565776,0.16000580052086424,0.084599321436740885,-0.001374854817782426,1003.0933688796478,1546.6844398238777,0.10000000000000001
2497,0,1.5463853706563329,0.15999877013604183,0.08599719130678013,-0.0011916322923037591,1003.0218266280186,1510.9133140093149,0.10000000000000001
2498,0,1.5563791982420203,0.15999566724883851,0.085843250896383699,-5.2750723816176397e-05,1002.8856956707473,1442.8478353736409,0.10000000000000001
2499,0,1.5663808667741752,0.16000734790599705,0.086732515070569616,0.00073866219088914017,1002.7266885858139,1363.3442929069588,0.10000000000000001
2500,0,1.5763582241285197,0.15997783251639758,0.085419423563108499,0.0010300809641241491,1002.5707243694426,1285.3621847212935,0.10000000000000001
2501,0,1.5863849504600374,0.16001535397845604,0.085183029863323198,0.0026300403902247286,1002.3033947107655,1151.697355382737,0.10000000000000001
2502,0,1.5963443643888107,0.15997714326558032,0.083080691971319398,0.0015016922996052666,1002.141873020656,1070.9365103280106,0.10000000000000001
2503,0,1.6063850511923512,0.16000643804462608,0.082195735074789597,0.0032636164935955767,1001.850124657548,925.06232877400407,0.10000000000000001
2504,0,1.6163421541315484,0.16000139902115049,0.079616867803454047,0.0018032529616664158,1001.6473602399338,823.68011996692303,0.10000000000000001
2505,0,1.6263789590267237,0.15996232321755702,0.077257474499248482,0.0021486729838609965,1001.3998209024668,699.91045123339291,0.10000000000000001
2506,0,1.6363517298397172,0.16004444175969035,0.076553207828210706,0.0017633854611910057,1001.2306879555621,615.34397778103767,0.10000000000000001
2507,0,1.6463721967159577,0.15986562033824467,0.072750176070086589,0.0013242858026632136,1001.0375147596075,518.7573798037306,0.10000000000000001
2508,0,1.6563739994306235,0.16011221169254602,0.072124538294551274,0.0023254062464507803,1000.8838053245115,441.9026622557567,0.10000000000000001
2509,0,1.6663665571616237,0.15979002692892655,0.06855917711158302,0.0022630393605533334,1000.7692839893482,384.64199467409799,0.10000000000000001
2510,0,1.6763814642012733,0.16015071893777499,0.066975028662768651,0.0029149108331578519,1000.7011631184157,350.58155920785339,0.10000000000000001
2511,0,1.6863643145897258,0.15981946425664206,0.063239840037251874,0.0043371124792855442,1000.5665907423756,283.295371187819,0.10000000000000001
2512,0,1.696361748752172,0.16006504788018203,0.059992446541388279,0.0015670442452939727,1000.659787865433,329.89393271651579,0.10000000000000001
2513,0,1.7063652617423557,0.15993812106904254,0.057912219839514265,0.006357008140136183,1000.4594445918353,229.72229591766791,0.10000000000000001
2514,0,1.7163335854873099,0.15985732919183077,0.052323666111108176,0.0005870695861736674,1000.6627260675896,331.36303379478704,0.10000000000000001
2515,0,1.7263703770007623,0.16014430420061762,0.049932135112255714,0.008032629469167744,1000.4381369444628,219.06847223141312,0.10000000000000001
2516,0,1.7362830164367462,0.15985324481210372,0.046553749387941261,0.0039076728457548135,1000.6182067335379,309.10336676896577,0.10000000000000001
2517,0,1.7463467866974229,0.16015766848025659,0.042588282556006385,0.00474014915852769,1000.5660696714481,283.0348357240382,0.10000000000000001
2518,0,1.7561282697696459,0.1603944511475725,0.040963473681265593,0.008374092404240514,1000.4546907823852,227.34539119261399,0.10000000000000001
2519,0,1.7663812588037087,0.15960589285831675,0.041786334950964399,-0.0037633610627767146,1000.9835444289337,491.77221446683461,0.10000000000000001
2520,0,1.7759673837730594,0.16150305947792223,0.038565271668294772,0.014745171305824208,1000.2405045581328,120.25227906639202,0.10000000000000001
2521,0,1.7864643642333948,0.15860288082649446,0.044199064061383027,-0.008300422493064865,1001.2081765581152,604.08827905757789,0.10000000000000001
2522,0,1.795928507417623,0.16316498921333208,0.042233031076184688,0.018822130406721555,1000.2023252456308,101.16262281542276,0.10000000000000001
2523,0,1.8067061595209879,0.1578320428095108,0.046058152241561796,-0.0032410968783625118,1000.8180392756364,409.01963781817585,0.10000000000000001
2524,0,1.8161581383353536,0.16523715398396438,0.048319519901049816,0.020707702325775984,1000.2631833494587,131.59167472934996,0.10000000000000001
2525,0,1.8271031277225818,0.15783125528676331,0.045589831865569981,0.0069529130999271627,1000.1285409224895,64.270461244746002,0.10000000000000001
2526,0,1.8362851843288537,0.16887057129718142,0.048002760973245094,0.031379485572296674,999.96326501296198,-18.367493519008349,0.10000000000000001
2527,0,1.8481891453389996,0.15542393316190883,0.047173166060863483,-0.0021731487375655019,1000.3812460615176,190.62303075878617,0.10000000000000001
2528,0,1.855131409803207,0.16848099193314997,0.049578422224298486,-0.0048503288340622152,1000.1106269378641,55.313468932070009,0.10000000000000001
2529,0,1.8656889774623484,0.16998570422805301,0.048189243789230812,-0.058635949589529501,1000.6968266581888,348.4133290943987,0.10000000000000001
2530,0,1.8706355941952231,0.16443957463644279,0.048626886549731033,0.069125233463608007,998.42784319938482,-786.0784003075878,0.10000000000000001
2531,0,1.9002225869808842,0.15400790095053113,0.049873845041963585,0.0013669334512748411,1000.0463151735923,23.157586796173746,0.10000000000000001
2532,0,1.9144655600872436,0.15346592214958549,0.052637733581205617,0.0052934413533160382,999.90458005314008,-47.709973429959973,0.10000000000000001
2533,0,1.9156414007512828,0.15168654545252314,0.052189503501513877,0.0067730528135777346,999.92046852903945,-39.765735480273179,0.10000000000000001
2534,0,0.11372569525264413,0.15376779852676661,0.10385307785616715,0.0034747834525916976,1000.0923614156341,46.180707817029543,0.10000000000000001
2535,0,0.1095190332991514,0.19579447599071528,-0.023154555745508596,0.2378258084670955,1027.8326425841842,13916.321292092107,0.10000000000000001
2536,0,0.10958763436189012,0.15584990833057619,0.10218724239259493,0.0056694866834503983,1000.076326887673,38.163443836481292,0.10000000000000001
2537,0,0.14017036634598373,0.15995619672126482,0.10247272350364456,4.7008452921614243e-05,999.99637266349282,-1.8136682535896398,0.10000000000000001
2538,0,0.13881574039019826,0.15926006327086736,0.10286536198126876,-0.046687023567266762,1001.5745135508183,787.25677540916195,0.10000000000000001
2539,0,0.15910489457036622,0.16851819849370861,0.098443177329815987,-0.00096441886855401547,1000.1798042101902,89.902105095120532,0.10000000000000001
2540,0,0.16620249853626712,0.16177597860150811,0.10096117948834599,-0.0069526540270931567,1000.4642115198658,232.1057599328924,0.10000000000000001
2541,0,0.17692984912522711,0.17044220097929469,0.095888945386783012,-0.029590119909510416,1000.4117666126091,205.88330630454266,0.10000000000000001
2542,0,0.18642532894087671,0.16401551013684879,0.10282866698861412,-0.011395503006255372,1000.6120718621015,306.03593105075788,0.10000000000000001
2543,0,0.19677792270700323,0.17275871179890875,0.094266415710080168,0.0097806229190300388,1000.6020362778634,301.01813893168128,0.10000000000000001
2544,0,0.20644363083134967,0.16665861497085346,0.097724557901096382,-0.0033212178349479723,1000.7545577097818,377.2788548909034,0.10000000000000001
2545,0,0.21667123771336597,0.1721145561422876,0.097282786556915843,-0.01060940582339003,1000.7829092549284,391.45462746421344,0.10000000000000001
2546,0,0.22661417680664966,0.16763906393446915,0.1022305184215249,0.0037714521593266337,1000.7641595814007,382.07979070034526,0.10000000000000001
2547,0,0.23665998772347341,0.1722933730783848,0.10096145594283899,-0.0079658342698957704,1000.8177697698322,408.88488491611952,0.10000000000000001
2548,0,0.24659477751533959,0.16804193900249495,0.10386928912156738,0.0024660077774290769,1000.7350688048535,367.53440242677016,0.10000000000000001
2549,0,0.25655900345657218,0.17197105478603608,0.10079252662245944,0.0037060536816218986,1000.794902760552,397.45138027598159,0.10000000000000001
2550,0,0.26650840044085528,0.16853654079997882,0.10236120804743874,-0.0048448873880521945,1000.6996008362651,349.80041813253138,0.10000000000000001
2551,0,0.27649525058795393,0.17115341795372963,0.097871528461601617,0.014361337418668938,1000.5975445063237,298.7722531618715,0.10000000000000001
2552,0,0.28645649821239233,0.1693551796712407,0.095605061440116962,-0.0079475504663339535,1000.6849031329524,342.45156647619979,0.10000000000000001
2553,0,0.29647089449099989,0.17017902775160376,0.093626064164215261,0.012904061394255621,1000.4610317410693,230.51587053464573,0.10000000000000001
2554,0,0.30645738623241819,0.17008342079668848,0.089141064203303894,0.00012255323623426039,1000.6162922790184,308.14613950917646,0.10000000000000001
2555,0,0.31643782550527788,0.16975289159067217,0.087428810747605626,0.0010602467388221067,1000.5597685002674,279.88425013370488,0.10000000000000001
2556,0,0.32646392430490168,0.17019225529662527,0.085137388089635391,0.0070252907854255302,1000.5696486083525,284.82430417625437,0.10000000000000001
2557,0,0.33642572083084826,0.16990336357621333,0.081868242322478177,-0.0016138183176624202,1000.7077592575275,353.87962876376378,0.10000000000000001
2558,0,0.34646275035558199,0.16989275170342005,0.080933063149813245,0.0040904936836654703,1000.7454783665376,372.7391832687772,0.10000000000000001
2559,0,0.35643585124759669,0.17025822743656416,0.078192521920750796,0.0019127518238834487,1000.9000815408101,450.04077040505308,0.10000000000000001
2560,0,0.36645924655521639,0.16961047416677902,0.077745939092446065,-0.0025503611563287044,1001.0480706415085,524.03532075425119,0.10000000000000001
2561,0,0.3764564208853986,0.17045717680411032,0.075139945678003237,0.0083596491178691799,1001.1856821581084,592.84107905421024,0.10000000000000001
2562,0,0.38644634240106374,0.16956133365220805,0.074097400176671185,-0.008155052753057241,1001.475854496379,737.92724818952138,0.10000000000000001
2563,0,0.39647201905988327,0.17040572118395605,0.072845670652586084,0.01149344228720257,1001.5426521683994,771.32608419969984,0.10000000000000001
2564,0,0.40644764903849545,0.16970485257760651,0.070525807782632233,-0.008033711589833634,1001.9393956984533,969.69784922663393,0.10000000000000001
2565,0,0.41647387282009696,0.17021442996723191,0.069825481132524736,0.0091195688296616378,1002.0219697968195,1010.9848984097312,0.10000000000000001
2566,0,0.42645434471092458,0.16991089586800703,0.068204186378228504,-0.0045349291521934992,1002.3598237385047,1179.9118692523507,0.10000000000000001
2567,0,0.4364724538593307,0.17003591604084703,0.067628761634322243,0.0046569852740108442,1002.4865470966158,1243.2735483079114,0.10000000000000001
2568,0,0.44645564469781041,0.17005323741639786,0.066546459563971955,-0.0013300815190645926,1002.7297525207488,1364.8762603743876,0.10000000000000001
2569,0,0.45646274832583572,0.16995389566777591,0.066835930276537184,1.0564199269670284e-05,1002.8488435636732,1424.4217818365996,0.10000000000000001
2570,0,0.46645434407743941,0.17009579642872913,0.06655635194551518,0.00036551740409836674,1002.981822644684,1490.911322342015,0.10000000000000001
2571,0,0.47644822289721211,0.16995394981291695,0.067350301552538447,-0.0029081128858993149,1003.0817948159399,1540.8974079699647,0.10000000000000001
2572,0,0.48644634657910074,0.17007568991636199,0.068156772147317232,-0.00023271994247326698,1003.1264595282956,1563.2297641478203,0.10000000000000001
2573,0,0.49643463114561265,0.16998971675779143,0.069399716757823707,-0.0037354254738200697,1003.1907470540241,1595.3735270120433,0.10000000000000001
2574,0,0.5064321761839381,0.17003743291036058,0.071101825246356373,-0.0017273908478958704,1003.1897812059628,1594.8906029814225,0.10000000000000001
2575,0,0.5164209692041587,0.17002356452152401,0.072806368073978431,-0.0033624855754081006,1003.216336205741,1608.1681028704793,0.10000000000000001
2576,0,0.5264149658499786,0.17001284031115468,0.07485677989282874,-0.0027652191470830083,1003.2121974802933,1606.0987401466491,0.10000000000000001
2577,0,0.53640553287852366,0.17003660704468723,0.076862485839745406,-0.0029900168821274343,1003.2153786534149,1607.6893267074297,0.10000000000000001
2578,0,0.546396573041524,0.17000988491140198,0.078955882939242217,-0.0033040298432931285,1003.2154739460151,1607.7369730075475,0.10000000000000001
2579,0,0.5563878597544849,0.17003198120223556,0.080901281755529089,-0.0030345726526192118,1003.2087207817325,1604.3603908662476,0.10000000000000001
2580,0,0.56637732595607926,0.17001759121893803,0.082843825837223273,-0.0034040993818907723,1003.200317105479,1600.158552739515,0.10000000000000001
2581,0,0.57636851570605852,0.17002193802991628,0.084427652828674579,-0.0025800718091800812,1003.1846106293938,1592.3053146968869,0.10000000000000001
2582,0,0.58635711024380843,0.17002436504042232,0.085669544368717085,-0.002691103175127055,1003.1723597457476,1586.1798728737995,0.10000000000000001
2583,0,0.59634699514863609,0.17001731011110224,0.086682782475959563,-0.0021215622526320802,1003.1456479230094,1572.8239615046959,0.10000000000000001
2584,0,0.60633608834070574,0.1700240010956425,0.087186952352007255,-0.0014757045031129046,1003.1185074767166,1559.2537383582794,0.10000000000000001
2585,0,0.61632469102907494,0.17001809444938409,0.087253105780745785,-0.00094233120865746308,1003.0923342890283,1546.1671445141292,0.10000000000000001
2586,0,0.62631389679019334,0.17002161855454456,0.086814184667493716,-0.00019463561061591064,1003.0649032650948,1532.4516325474065,0.10000000000000001
2587,0,0.63630209948041205,0.17001986398709021,0.08585714941626163,0.00040317639685610401,1003.043584442842,1521.7922214209807,0.10000000000000001
2588,0,0.6462910160941695,0.17001949270092798,0.084188245024594668,0.0014650405925756692,1003.0340590999235,1517.0295499617623,0.10000000000000001
2589,0,0.65627880295003271,0.1700211290736155,0.081840869199293911,0.0021849330540192409,1003.0413975927115,1520.6987963557594,0.10000000000000001
2590,0,0.66626641354725691,0.17001906396531688,0.07892784839806137,0.0032129332811855781,1003.0593987257349,1529.6993628674613,0.10000000000000001
2591,0,0.67625356598201025,0.17002146564870024,0.075363191573160307,0.0042126107544314204,1003.0953091878806,1547.6545939403081,0.10000000000000001
2592,0,0.68623972425711888,0.17002060589830517,0.071441676117109901,0.0049081209576419624,1003.1415212521464,1570.760626073195,0.10000000000000001
2593,0,0.69622576973626682,0.17002199800609985,0.067391207963717739,0.0056064699992537884,1003.1880415467904,1594.0207733951866,0.10000000000000001
2594,0,0.70621102024946536,0.17002241670248538,0.063448879899269811,0.0058194246503082171,1003.2297835558728,1614.8917779364069,0.10000000000000001
2595,0,0.71619624032958518,0.17002276971266839,0.059918767234258596,0.0056726237366307173,1003.2532657796714,1626.6328898357187,0.10000000000000001
2596,0,0.72618151228900241,0.17002347246023053,0.056951981630150285,0.0050467380845957057,1003.2537259875216,1626.8629937608239,0.10000000000000001
2597,0,0.73616689250885747,0.17002252472272844,0.054667542253774702,0.0039869148481797134,1003.2274304148528,1613.7152074264236,0.10000000000000001
2598,0,0.74615279900807174,0.1700226625801245,0.053141850374787795,0.002609477865575274,1003.1732965954468,1586.6482977234,0.10000000000000001
2599,0,0.75613939022324694,0.17002130786434549,0.052356123426151153,0.0011006409622827628,1003.0974261477563,1548.7130738781616,0.10000000000000001
2600,0,0.76612677315839262,0.17002037632469144,0.052218220474982383,-0.00030892368442132117,1003.0105188312314,1505.2594156156829,0.10000000000000001
2601,0,0.77611495191994173,0.17001962266090362,0.052684957083751087,-0.0015402793535053911,1002.9221799090444,1461.0899545222082,0.10000000000000001
2602,0,0.78610400536144009,0.17001836269926623,0.053672245675951191,-0.0023820811058405571,1002.8409719778672,1420.4859889335921,0.10000000000000001
2603,0,0.7960936541216681,0.17001799501759163,0.055027510524390477,-0.0028770120097404558,1002.7764875486491,1388.2437743245646,0.10000000000000001
2604,0,0.80608375455833059,0.17001754439064984,0.056658869120700076,-0.0031176726830482704,1002.7307399636702,1365.3699818351015,0.10000000000000001
2605,0,0.81607431254115237,0.17001737725643531,0.058429634932816422,-0.0030786076515756113,1002.7019869617,1350.9934808499793,0.10000000000000001
2606,0,0.82606518130802464,0.17001765207977135,0.060106693231439134,-0.0028425234734039185,1002.6913282706699,1345.664135334971,0.10000000000000001
2607,0,0.83605621798292529,0.17001787493729997,0.061529515545061475,-0.0024630855371608985,1002.6968301415051,1348.4150707525373,0.10000000000000001
2608,0,0.84604738952908831,0.17001838804690608,0.062611824423825069,-0.0018716672770844856,1002.714132377088,1357.0661885440245,0.10000000000000001
2609,0,0.85603864125552831,0.17001901850894377,0.063290815438531475,-0.0010929838537693196,1002.7411679527639,1370.5839763819654,0.10000000000000001
2610,0,0.86602986665660842,0.17001965653874063,0.063626322422132994,-0.00021319772375002721,1002.7746569169477,1387.3284584738599,0.10000000000000001
2611,0,0.87602104755252286,0.17002045996159101,0.063739025982086292,0.00069937727425557219,1002.81147097543,1405.7354877149919,0.10000000000000001
2612,0,0.8860122464774095,0.1700213886206296,0.063739671590320582,0.0014676115645986772,1002.850804454286,1425.4022271430244,0.10000000000000001
2613,0,0.89600366151658106,0.17002246619536907,0.063783142658678696,0.0019030815062646904,1002.8905649390651,1445.2824695325717,0.10000000000000001
2614,0,0.90599558497233379,0.1700236426366285,0.063980741352816325,0.0019242067458208746,1002.9297631186257,1464.8815593128575,0.10000000000000001
2615,0,0.91598820315374485,0.17002478543511831,0.064331120662292948,0.0015214683413054264,1002.9706104411911,1485.305220595535,0.10000000000000001
2616,0,0.92598153328881616,0.17002584465018517,0.064782178917804301,0.0007951878627339684,1003.0153160804665,1507.6580402332524,0.10000000000000001
2617,0,0.93597547045981211,0.17002673411507588,0.065253536686468341,-6.6685712007293513e-05,1003.0654119861271,1532.7059930635301,0.10000000000000001
2618,0,0.94596982109371885,0.17002752303710611,0.06565795749513674,-0.00087666645122067358,1003.1212069031034,1560.6034515516853,0.10000000000000001
2619,0,0.95596441154778178,0.1700283309239001,0.065930930798626719,-0.0014726049368513022,1003.1805091904553,1590.2545952276341,0.10000000000000001
2620,0,0.96595917981563451,0.17002918838525602,0.066039282498079582,-0.0017965930587031948,1003.2397795947326,1619.8897973662838,0.10000000000000001
2621,0,0.97595419285691587,0.17003020065787544,0.066017074322807665,-0.0019053559241180083,1003.294801091797,1647.4005458985062,0.10000000000000001
2622,0,0.9859496525341106,0.17003128268670517,0.065952360986495637,-0.0018992925068138065,1003.3404825266972,1670.2412633486006,0.10000000000000001
2623,0,0.99594577714853094,0.170032260250395,0.065929918543198004,-0.0019132993288398746,1003.3717005855758,1685.8502927879044,0.10000000000000001
2624,0,1.0059426915561203,0.17003298699414879,0.066021605015993773,-0.0020449318828032522,1003.3853378472825,1692.6689236412358,0.10000000000000001
2625,0,1.0159404081033006,0.17003331082800491,0.066296488763419328,-0.0023068516300156564,1003.3812068844691,1690.6034422345328,0.10000000000000001
2626,0,1.025938895557059,0.17003335176337914,0.06680696455725553,-0.0026384184063544622,1003.360101716941,1680.0508584705085,0.10000000000000001
2627,0,1.0359382360719869,0.17003324755642016,0.067542944083674186,-0.0028768222724216159,1003.3233714680262,1661.6857340130764,0.10000000000000001
2628,0,1.0459386520705731,0.17003311432168647,0.068439386843200251,-0.0028449891376472352,1003.2750585255595,1637.5292627797648,0.10000000000000001
2629,0,1.0559403349595236,0.17003307667463466,0.069439485225665606,-0.0024407503657455413,1003.2208632869144,1610.4316434572183,0.10000000000000001
2630,0,1.0659433108702536,0.17003301193566911,0.070457331007839977,-0.0016132822818059344,1003.1643873679679,1582.1936839839736,0.10000000000000001
2631,0,1.0759474788677528,0.17003284238992955,0.071343579605893243,-0.00043921398358768372,1003.1074547958946,1553.7273979472843,0.10000000000000001
2632,0,1.0859526322575181,0.17003249523616201,0.071969087536040519,0.00085252082234696868,1003.0520120577423,1526.0060288711657,0.10000000000000001
2633,0,1.0959584937620555,0.17003184351801778,0.072258476133063049,0.0019913651778613343,1002.99821529198,1499.1076459900228,0.10000000000000001
2634,0,1.1059648609286608,0.17003102461738784,0.072182002049158242,0.0027267271964022751,1002.9442118214292,1472.1059107146175,0.10000000000000001
2635,0,1.1159717090953936,0.17003008504585934,0.071777590236219171,0.0028904956306898401,1002.8882123968061,1444.1061984030625,0.10000000000000001
2636,0,1.1259791815327207,0.17002918888854551,0.071161249545988056,0.0024522713889340072,1002.8291145051555,1414.5572525777652,0.10000000000000001
2637,0,1.1359875675232436,0.17002845599822064,0.070559365105494321,0.0014990071196896279,1002.7691934536899,1384.5967268449613,0.10000000000000001
2638,0,1.1459970755311557,0.17002785290053662,0.070248985260015204,0.00025177888883254373,1002.7133795561086,1356.6897780543172,0.10000000000000001
2639,0,1.1560076533992709,0.17002745564027005,0.070420407313380534,-0.0010148765734656049,1002.6647939591099,1332.3969795549715,0.10000000000000001
2640,0,1.166019154725694,0.17002710551670808,0.071205026700923144,-0.0021512949996542684,1002.6279354367919,1313.9677183959293,0.10000000000000001
2641,0,1.1760312943708617,0.17002689941874222,0.072665019305160977,-0.0030256658177780201,1002.6088563249293,1304.4281624646601,0.10000000000000001
2642,0,1.1860437258222309,0.17002707631433875,0.074688314274935844,-0.003520205986454924,1002.6104358402395,1305.2179201197305,0.10000000000000001
2643,0,1.1960562418199172,0.17002720326278858,0.07707370004340984,-0.0037033576577294247,1002.6355519862125,1317.7759931062383,0.10000000000000001
2644,0,1.2060684743151344,0.17002780344601712,0.079562252260746133,-0.0035636614078017031,1002.6850247327949,1342.5123663974432,0.10000000000000001
2645,0,1.2160801169608777,0.1700285959569828,0.081834718031569276,-0.0030616688126282416,1002.7555030553963,1377.7515276981376,0.10000000000000001
2646,0,1.2260910273295935,0.17002934239717291,0.083663288842122735,-0.0022848281419410839,1002.8445050152923,1422.2525076461352,0.10000000000000001
2647,0,1.2361009412320394,0.17003072929060919,0.084906049158873925,-0.0011914201487086297,1002.9461475367744,1473.0737683872235,0.10000000000000001
2648,0,1.2461096468822146,0.17003152022472526,0.085446915051743219,0.00016560326515582628,1003.0492598956957,1524.6299478478704,0.10000000000000001
2649,0,1.256117034181524,0.17003247737559923,0.085242165116065652,0.0016190237057299667,1003.1419602151201,1570.9801075600467,0.10000000000000001
2650,0,1.2661232694186408,0.1700332969148719,0.084290489201399213,0.0030488875218949107,1003.212300917368,1606.1504586839987,0.10000000000000001
2651,0,1.2761285844111097,0.17003305292358326,0.082613217129836367,0.0041990741449048899,1003.2514187391155,1625.7093695577396,0.10000000000000001
2652,0,1.2861329825496868,0.17003320850377571,0.080256504698730996,0.0050167758652338735,1003.2538368133849,1626.9184066924254,0.10000000000000001
2653,0,1.2961371162563873,0.17003176581023877,0.077321262451407941,0.0053324852745668975,1003.2226017811835,1611.3008905917354,0.10000000000000001
2654,0,1.3061408110326878,0.17003098841696485,0.073942738265925595,0.005220065617268576,1003.1646988987432,1582.3494493715771,0.10000000000000001
2655,0,1.3161441908942328,0.17002904140955311,0.070260561295865373,0.0047972550804886785,1003.0894681585791,1544.7340792895261,0.10000000000000001
2656,0,1.3261479324084158,0.1700275778399121,0.066553344360202119,0.0039510343174014523,1003.0146216004231,1507.3108002115418,0.10000000000000001
2657,0,1.3361510643404337,0.1700274230747098,0.062970795997369017,0.0033525233599835907,1002.945315050523,1472.6575252615248,0.10000000000000001
2658,0,1.3461547516444357,0.17002391061759223,0.059714369251530224,0.0024008725789804123,1002.8960895728027,1448.0447864013399,0.10000000000000001
2659,0,1.3561578915499823,0.1700269038505656,0.057050788753165278,0.0016561725381536579,1002.8734426434693,1436.7213217346375,0.10000000000000001
2660,0,1.3661605142393236,0.17002298563795315,0.054841972187553455,0.001250113177109438,1002.8685852696133,1434.2926348066385,0.10000000000000001
2661,0,1.3761633056795013,0.17002466546583372,0.053206894042404231,0.00040379291058603104,1002.8872639382847,1443.6319691423591,0.10000000000000001
2662,0,1.3861642631370019,0.17002604514883532,0.05215503166697355,0.00028544258496626191,1002.9176195105806,1458.8097552903037,0.10000000000000001
2663,0,1.3961658542359128,0.17002022986199983,0.051587181377112754,-0.00052029654953624166,1002.960632066243,1480.3160331214826,0.10000000000000001
2664,0,1.4061651143687071,0.17003082014228635,0.051446635775275987,-0.00062772352236036553,1002.9968972790439,1498.4486395219392,0.10000000000000001
2665,0,1.4161650285557319,0.17001752672281301,0.051694964074135423,-0.0013590252754485327,1003.0341968053012,1517.0984026506176,0.10000000000000001
2666,0,1.4261643381337852,0.17003060051905397,0.052516997795784004,-0.0020985194614719198,1003.0734506631702,1536.725331585103,0.10000000000000001
2667,0,1.4361615400582051,0.17002547447402244,0.053535587516869841,-0.0016319400444506742,1003.0907044349913,1545.3522174956333,0.10000000000000001
2668,0,1.4461617191105238,0.1700170604116196,0.055045852824786884,-0.0033966083926780383,1003.1270531148575,1563.5265574287587,0.10000000000000001
2669,0,1.4561569165319419,0.17004417923368048,0.056893365567707022,-0.0021997337656658182,1003.1433512262511,1571.6756131255352,0.10000000000000001
2670,0,1.4661567055805236,0.17000120209566982,0.058924386894922069,-0.0035596092270449757,1003.1787841515812,1589.392075790613,0.10000000000000001
2671,0,1.4761513996134457,0.17005362564833354,0.061125075660938,-0.002767792612391256,1003.2024227020192,1601.2113510096242,0.10000000000000001
2672,0,1.4861478815686089,0.17000717825832923,0.06324810135126567,-0.0023868197914259015,1003.2210392582232,1610.5196291115931,0.10000000000000001
2673,0,1.4961463320511306,0.17002819265897914,0.065612412901827663,-0.0042121908786123532,1003.2700996548093,1635.0498274046572,0.10000000000000001
2674,0,1.5061353448297992,0.17005498393792762,0.067366304873673843,-0.00017248735353011575,1003.245710782735,1622.8553913675228,0.10000000000000001
2675,0,1.5161403291109021,0.16996373390486688,0.06947625377746873,-0.0053482820038220471,1003.297999212375,1648.9996061874876,0.10000000000000001
2676,0,1.5261226433938089,0.170125310326708,0.070646243605877984,0.0016764411695460385,1003.2228461487746,1611.4230743872895,0.10000000000000001
2677,0,1.5361291513492807,0.16990442618528953,0.071948241507976893,-0.0037957738037669138,1003.2105866212598,1605.2933106299179,0.10000000000000001
2678,0,1.546115653724814,0.17014926818976381,0.07260831547741857,0.00092859648771741112,1003.1088214387075,1554.4107193537684,0.10000000000000001
2679,0,1.5561102681523376,0.16992959580061923,0.072539614176464609,0.0019469606562758919,1002.9472774372013,1473.6387186006255,0.10000000000000001
2680,0,1.5661182702559746,0.1700432674175201,0.07290264600253131,-0.0037552789621301038,1002.8638221681983,1431.9110840991698,0.10000000000000001
2681,0,1.5760919624146859,0.17010757122454373,0.07154011767284417,0.0098742821033113246,1002.5316574223675,1265.8287111837581,0.10000000000000001
2682,0,1.5861246346706108,0.16978552549190226,0.071507725639127245,-0.0088265968652396064,1002.4721320599425,1236.0660299712549,0.10000000000000001
2683,0,1.5960803605014147,0.17040255950915523,0.068751679995679937,0.014801982108501168,1002.0293415853095,1014.6707926547265,0.10000000000000001
2684,0,1.6061284729443825,0.16950718245692947,0.069184266658988872,-0.010476925153545659,1001.9955957364665,997.79786823324912,0.10000000000000001
2685,0,1.6160730251106488,0.17060505179854088,0.065398163436127144,0.012848604580324215,1001.5595401148477,779.77005742383199,0.10000000000000001
2686,0,1.6261128712771771,0.16944490117150501,0.065283406039324629,-0.005258044059733403,1001.4455575065952,722.77875329757535,0.10000000000000001
2687,0,1.6360912156986718,0.17045942812692277,0.063424759311215231,0.0026527232079312513,1001.2294066797627,614.70333988137327,0.10000000000000001
2688,0,1.6460824015492135,0.16976033194342344,0.061723485504847991,0.0056084983340461032,1000.9615052765212,480.7526382605829,0.10000000000000001
2689,0,1.6561247180681229,0.16993247587875474,0.06118971570131404,-0.006845196893322603,1000.9500305609291,475.01528046456087,0.10000000000000001
2690,0,1.6660698153352806,0.1703596418220612,0.058104640842089494,0.012748510045724741,1000.6463960034632,323.19800173161184,0.10000000000000001
2691,0,1.676129904467659,0.16937294045168838,0.05796209043676466,-0.0068054350407566779,1000.7238327995592,361.91639977960222,0.10000000000000001
2692,0,1.6860583084604153,0.17075184239173938,0.053544566151699564,0.0094705572565359115,1000.5129944185225,256.49720926122654,0.10000000000000001
2693,0,1.6960815365435455,0.16932025824439992,0.052276183054767437,0.0032118820242743522,1000.4816954444985,240.84772224927065,0.10000000000000001
2694,0,1.7060743547006332,0.17036469067458143,0.050409908409125855,-0.0052307375112275317,1000.6105228147431,305.26140737157448,0.10000000000000001
2695,0,1.7160180276963624,0.17009300214511142,0.046224677360535774,0.019987736015043504,1000.3190010549949,159.50052749747101,0.10000000000000001
2696,0,1.7261009932343967,0.16926543674383612,0.04489354325311401,-0.013200840977504728,1000.6653801156003,332.69005780016414,0.10000000000000001
2697,0,1.7359588929230216,0.17136526127079088,0.040243010311827275,0.019874955948767876,1000.4312090742479,215.60453712396566,0.10000000000000001
2698,0,1.7460549193887447,0.16833018974475647,0.039364655726678209,-0.0068251868571908006,1000.6567138520576,328.35692602878908,0.10000000000000001
2699,0,1.7558338766698862,0.17218205671550707,0.035160730509447409,0.0071445928634574331,1000.6144576197657,307.22880988287216,0.10000000000000001
2700,0,1.7659900201097156,0.16786703766899355,0.038723755627736237,5.9239434692663544e-05,1000.6906236877259,345.31184386293035,0.10000000000000001
2701,0,1.7756629936835389,0.17239293014331555,0.034956214767500132,-0.0027393161454233425,1000.6691350369466,334.56751847330679,0.10000000000000001
2702,0,1.7860310256500038,0.16734278046542983,0.040307074897727876,-0.0021391477925826845,1000.7482903759228,374.14518796140328,0.10000000000000001
2703,0,1.7955718284668889,0.17223436174884546,0.039476162489252661,-0.0045299663403725069,1000.6623424714522,331.17123572611717,0.10000000000000001
2704,0,1.8062911879802901,0.16610182598543236,0.045442988292467956,-0.010829030475644217,1000.7833203960372,391.66019801859875,0.10000000000000001
2705,0,1.815423395568929,0.1726911306697004,0.044262453911335736,0.0060846222858093732,1000.5477819840597,273.89099202986245,0.10000000000000001
2706,0,1.8265135406240411,0.1636013001885708,0.045724904564428931,-0.014651685868929941,1000.7029305527069,351.46527635345137,0.10000000000000001
2707,0,1.8355878116966167,0.17013132506394649,0.048307881560442897,-0.027505348567510916,1000.4184071677171,209.20358385853888,0.10000000000000001
2708,0,1.8468823686562674,0.16191324470141405,0.045026303876379667,-0.0014521985990565266,1000.3018937031555,150.94685157777121,0.10000000000000001
2709,0,1.8538980967490766,0.16823086960201022,0.047883789848768239,-0.0066212715890535045,1000.1838824247483,91.941212374138104,0.10000000000000001
2710,0,1.8742781804615185,0.15998377364315117,0.049089137971854074,-0.060154436413479416,1002.0178875217267,1008.9437608633602,0.10000000000000001
2711,0,1.8733390040096765,0.15999373616480617,0.050227619184663189,0.0094857963153540809,999.82931021885724,-85.344890571377618,0.10000000000000001
2712,0,1.90386826696894,0.15567116314903617,0.050836061020567175,0.0024419069952553653,1000.0465290170133,23.264508506656512,0.10000000000000001
2713,0,1.8965785544264497,0.1962066028222044,0.092264035066848216,0.70595291498253609,1018.1393270492032,9069.663524601594,0.10000000000000001
2714,0,1.8997100784426257,0.15369038013410233,0.049816550312350126,0.0012470588029191089,1000.0569777301788,28.488865089400406,0.10000000000000001
2715,1,0,0,0,0,1000,0,0.10000000000000001
2716,1,0,0.20000000000000001,0,0,1000,0,0.10000000000000001
2717,1,0.01,0,0,0,1000,0,0.10000000000000001
2718,1,0.01,0.01,0,0,1000,0,0.10000000000000001
2719,1,0.01,0.19,0,0,1000,0,0.10000000000000001
2720,1,0.01,0.20000000000000001,0,0,1000,0,0.10000000000000001
2721,1,0.02,0,0,0,1000,0,0.10000000000000001
2722,1,0.02,0.01,0,0,1000,0,0.10000000000000001
2723,1,0.02,0.02,0,0,1000,0,0.10000000000000001
2724,1,0.02,0.17999999999999999,0,0,1000,0,0.10000000000000001
2725,1,0.02,0.19,0,0,1000,0,0.10000000000000001
2726,1,0.02,0.20000000000000001,0,0,1000,0,0.10000000000000001
2727,1,0.029999999999999999,0,0,0,1000,0,0.10000000000000001
2728,1,0.029999999999999999,0.01,0,0,1000,0,0.10000000000000001
2729,1,0.029999999999999999,0.02,0,0,1000,0,0.10000000000000001
2730,1,0.029999999999999999,0.17999999999999999,0,0,1000,0,0.10000000000000001
2731,1,0.029999999999999999,0.19,0,0,1000,0,0.10000000000000001
2732,1,0.029999999999999999,0.20000000000000001,0,0,1000,0,0.10000000000000001
2733,1,0.040000000000000001,0,0,0,1000,0,0.10000000000000001
2734,1,0.040000000000000001,0.01,0,0,1000,0,0.10000000000000001
2735,1,0.040000000000000001,0.02,0,0,1000,0,0.10000000000000001
2736,1,0.040000000000000001,0.17999999999999999,0,0,1000,0,0.10000000000000001
2737,1,0.040000000000000001,0.19,0,0,1000,0,0.10000000000000001
2738,1,0.040000000000000001,0.20000000000000001,0,0,1000,0,0.10000000000000001
2739,1,0.050000000000000003,0,0,0,1000,0,0.10000000000000001
2740,1,0.050000000000000003,0.01,0,0,1000,0,0.10000000000000001
2741,1,0.050000000000000003,0.02,0,0,1000,0,0.10000000000000001
2742,1,0.050000000000000003,0.17999999999999999,0,0,1000,0,0.10000000000000001
2743,1,0.050000000000000003,0.19,0,0,1000,0,0.10000000000000001
2744,1,0.050000000000000003,0.20000000000000001,0,0,1000,0,0.10000000000000001
2745,1,0.059999999999999998,0,0,0,1000,0,0.10000000000000001
2746,1,0.059999999999999998,0.01,0,0,1000,0,0.10000000000000001
2747,1,0.059999999999999998,0.02,0,0,1000,0,0.10000000000000001
2748,1,0.059999999999999998,0.17999999999999999,0,0,1000,0,0.10000000000000001
2749,1,0.059999999999999998,0.19,0,0,1000,0,0.10000000000000001
2750,1,0.059999999999999998,0.20000000000000001,0,0,1000,0,0.10000000000000001
2751,1,0.070000000000000007,0,0,0,1000,0,0.10000000000000001
2752,1,0.070000000000000007,0.01,0,0,1000,0,0.10000000000000001
2753,1,0.070000000000000007,0.02,0,0,1000,0,0.10000000000000001
2754,1,0.070000000000000007,0.17999999999999999,0,0,1000,0,0.10000000000000001
2755,1,0.070000000000000007,0.19,0,0,1000,0,0.10000000000000001
2756,1,0.070000000000000007,0.20000000000000001,0,0,1000,0,0.10000000000000001
2757,1,0.080000000000000002,0,0,0,1000,0,0.10000000000000001
2758,1,0.080000000000000002,0.01,0,0,1000,0,0.10000000000000001
2759,1,0.080000000000000002,0.02,0,0,1000,0,0.10000000000000001
2760,1,0.080000000000000002,0.17999999999999999,0,0,1000,0,0.10000000000000001
2761,1,0.080000000000000002,0.19,0,0,1000,0,0.10000000000000001
2762,1,0.080000000000000002,0.20000000000000001,0,0,1000,0,0.10000000000000001
2763,1,0.089999999999999997,0,0,0,1000,0,0.10000000000000001
2764,1,0.089999999999999997,0.01,0,0,1000,0,0.10000000000000001
2765,1,0.089999999999999997,0.02,0,0,1000,0,0.10000000000000001
2766,1,0.089999999999999997,0.17999999999999999,0,0,1000,0,0.10000000000000001
2767,1,0.089999999999999997,0.19,0,0,1000,0,0.10000000000000001
2768,1,0.089999999999999997,0.20000000000000001,0,0,1000,0,0.10000000000000001
2769,1,0.10000000000000001,0,0,0,1000,0,0.10000000000000001
2770,1,0.10000000000000001,0.01,0,0,1000,0,0.10000000000000001
2771,1,0.10000000000000001,0.02,0,0,1000,0,0.10000000000000001
2772,1,0.10000000000000001,0.17999999999999999,0,0,1000,0,0.10000000000000001
2773,1,0.10000000000000001,0.19,0,0,1000,0,0.10000000000000001
2774,1,0.10000000000000001,0.20000000000000001,0,0,1000,0,0.10000000000000001
2775,1,0.11,0,0,0,1000,0,0.10000000000000001
2776,1,0.11,0.01,0,0,1000,0,0.10000000000000001
2777,1,0.11,0.02,0,0,1000,0,0.10000000000000001
2778,1,0.11,0.17999999999999999,0,0,1000,0,0.10000000000000001
2779,1,0.11,0.19,0,0,1000,0,0.10000000000000001
2780,1,0.11,0.20000000000000001,0,0,1000,0,0.10000000000000001
2781,1,0.12,0,0,0,1000,0,0.10000000000000001
2782,1,0.12,0.01,0,0,1000,0,0.10000000000000001
2783,1,0.12,0.02,0,0,1000,0,0.10000000000000001
2784,1,0.12,0.17999999999999999,0,0,1000,0,0.10000000000000001
2785,1,0.12,0.19,0,0,1000,0,0.10000000000000001
2786,1,0.12,0.20000000000000001,0,0,1000,0,0.10000000000000001
2787,1,0.13,0,0,0,1000,0,0.10000000000000001
2788,1,0.13,0.01,0,0,1000,0,0.10000000000000001
2789,1,0.13,0.02,0,0,1000,0,0.10000000000000001
2790,1,0.13,0.17999999999999999,0,0,1000,0,0.10000000000000001
2791,1,0.13,0.19,0,0,1000,0,0.10000000000000001
2792,1,0.13,0.20000000000000001,0,0,1000,0,0.10000000000000001
2793,1,0.14000000000000001,0,0,0,1000,0,0.10000000000000001
2794,1,0.14000000000000001,0.01,0,0,1000,0,0.10000000000000001
2795,1,0.14000000000000001,0.02,0,0,1000,0,0.10000000000000001
2796,1,0.14000000000000001,0.17999999999999999,0,0,1000,0,0.10000000000000001
2797,1,0.14000000000000001,0.19,0,0,1000,0,0.10000000000000001
2798,1,0.14000000000000001,0.20000000000000001,0,0,1000,0,0.10000000000000001
2799,1,0.14999999999999999,0,0,0,1000,0,0.10000000000000001
2800,1,0.14999999999999999,0.01,0,0,1000,0,0.10000000000000001
2801,1,0.14999999999999999,0.02,0,0,1000,0,0.10000000000000001
2802,1,0.14999999999999999,0.17999999999999999,0,0,1000,0,0.10000000000000001
2803,1,0.14999999999999999,0.19,0,0,1000,0,0.10000000000000001
2804,1,0.14999999999999999,0.20000000000000001,0,0,1000,0,0.10000000000000001
2805,1,0.16,0,0,0,1000,0,0.10000000000000001
2806,1,0.16,0.01,0,0,1000,0,0.10000000000000001
2807,1,0.16,0.02,0,0,1000,0,0.10000000000000001
2808,1,0.16,0.17999999999999999,0,0,1000,0,0.10000000000000001
2809,1,0.16,0.19,0,0,1000,0,0.10000000000000001
2810,1,0.16,0.20000000000000001,0,0,1000,0,0.10000000000000001
2811,1,0.17000000000000001,0,0,0,1000,0,0.10000000000000001
2812,1,0.17000000000000001,0.01,0,0,1000,0,0.10000000000000001
2813,1,0.17000000000000001,0.02,0,0,1000,0,0.10000000000000001
2814,1,0.17000000000000001,0.17999999999999999,0,0,1000,0,0.10000000000000001
2815,1,0.17000000000000001,0.19,0,0,1000,0,0.10000000000000001
2816,1,0.17000000000000001,0.20000000000000001,0,0,1000,0,0.10000000000000001
2817,1,0.17999999999999999,0,0,0,1000,0,0.10000000000000001
2818,1,0.17999999999999999,0.01,0,0,1000,0,0.10000000000000001
2819,1,0.17999999999999999,0.02,0,0,1000,0,0.10000000000000001
2820,1,0.17999999999999999,0.17999999999999999,0,0,1000,0,0.10000000000000001
2821,1,0.17999999999999999,0.19,0,0,1000,0,0.10000000000000001
2822,1,0.17999999999999999,0.20000000000000001,0,0,1000,0,0.10000000000000001
2823,1,0.19,0,0,0,1000,0,0.10000000000000001
2824,1,0.19,0.01,0,0,1000,0,0.10000000000000001
2825,1,0.19,0.02,0,0,1000,0,0.10000000000000001
2826,1,0.19,0.17999999999999999,0,0,1000,0,0.10000000000000001
2827,1,0.19,0.19,0,0,1000,0,0.10000000000000001
2828,1,0.19,0.20000000000000001,0,0,1000,0,0.10000000000000001
2829,1,0.20000000000000001,0,0,0,1000,0,0.10000000000000001
2830,1,0.20000000000000001,0.01,0,0,1000,0,0.10000000000000001
2831,1,0.20000000000000001,0.02,0,0,1000,0,0.10000000000000001
2832,1,0.20000000000000001,0.17999999999999999,0,0,1000,0,0.10000000000000001
2833,1,0.20000000000000001,0.19,0,0,1000,0,0.10000000000000001
2834,1,0.20000000000000001,0.20000000000000001,0,0,1000,0,0.10000000000000001
2835,1,0.20999999999999999,0,0,0,1000,0,0.10000000000000001
2836,1,0.20999999999999999,0.01,0,0,1000,0,0.10000000000000001
2837,1,0.20999999999999999,0.02,0,0,1000,0,0.10000000000000001
2838,1,0.20999999999999999,0.17999999999999999,0,0,1000,0,0.10000000000000001
2839,1,0.20999999999999999,0.19,0,0,1000,0,0.10000000000000001
2840,1,0.20999999999999999,0.20000000000000001,0,0,1000,0,0.10000000000000001
2841,1,0.22,0,0,0,1000,0,0.10000000000000001
2842,1,0.22,0.01,0,0,1000,0,0.10000000000000001
2843,1,0.22,0.02,0,0,1000,0,0.10000000000000001
2844,1,0.22,0.17999999999999999,0,0,1000,0,0.10000000000000001
2845,1,0.22,0.19,0,0,1000,0,0.10000000000000001
2846,1,0.22,0.20000000000000001,0,0,1000,0,0.10000000000000001
2847,1,0.23000000000000001,0,0,0,1000,0,0.10000000000000001
2848,1,0.23000000000000001,0.01,0,0,1000,0,0.10000000000000001
2849,1,0.23000000000000001,0.02,0,0,1000,0,0.10000000000000001
2850,1,0.23000000000000001,0.17999999999999999,0,0,1000,0,0.10000000000000001
2851,1,0.23000000000000001,0.19,0,0,1000,0,0.10000000000000001
2852,1,0.23000000000000001,0.20000000000000001,0,0,1000,0,0.10000000000000001
2853,1,0.23999999999999999,0,0,0,1000,0,0.10000000000000001
2854,1,0.23999999999999999,0.01,0,0,1000,0,0.10000000000000001
2855,1,0.23999999999999999,0.02,0,0,1000,0,0.10000000000000001
2856,1,0.23999999999999999,0.17999999999999999,0,0,1000,0,0.10000000000000001
2857,1,0.23999999999999999,0.19,0,0,1000,0,0.10000000000000001
2858,1,0.23999999999999999,0.20000000000000001,0,0,1000,0,0.10000000000000001
2859,1,0.25,0,0,0,1000,0,0.10000000000000001
2860,1,0.25,0.01,0,0,1000,0,0.10000000000000001
2861,1,0.25,0.02,0,0,1000,0,0.10000000000000001
2862,1,0.25,0.17999999999999999,0,0,1000,0,0.10000000000000001
2863,1,0.25,0.19,0,0,1000,0,0.10000000000000001
2864,1,0.25,0.20000000000000001,0,0,1000,0,0.10000000000000001
2865,1,0.26000000000000001,0,0,0,1000,0,0.10000000000000001
2866,1,0.26000000000000001,0.01,0,0,1000,0,0.10000000000000001
2867,1,0.26000000000000001,0.02,0,0,1000,0,0.10000000000000001
2868,1,0.26000000000000001,0.17999999999999999,0,0,1000,0,0.10000000000000001
2869,1,0.26000000000000001,0.19,0,0,1000,0,0.10000000000000001
2870,1,0.26000000000000001,0.20000000000000001,0,0,1000,0,0.10000000000000001
2871,1,0.27000000000000002,0,0,0,1000,0,0.10000000000000001
2872,1,0.27000000000000002,0.01,0,0,1000,0,0.10000000000000001
2873,1,0.27000000000000002,0.02,0,0,1000,0,0.10000000000000001
2874,1,0.27000000000000002,0.17999999999999999,0,0,1000,0,0.10000000000000001
2875,1,0.27000000000000002,0.19,0,0,1000,0,0.10000000000000001
2876,1,0.27000000000000002,0.20000000000000001,0,0,1000,0,0.10000000000000001
2877,1,0.28000000000000003,0,0,0,1000,0,0.10000000000000001
2878,1,0.28000000000000003,0.01,0,0,1000,0,0.10000000000000001
2879,1,0.28000000000000003,0.02,0,0,1000,0,0.10000000000000001
2880,1,0.28000000000000003,0.17999999999999999,0,0,1000,0,0.10000000000000001
2881,1,0.28000000000000003,0.19,0,0,1000,0,0.10000000000000001
2882,1,0.28000000000000003,0.20000000000000001,0,0,1000,0,0.10000000000000001
2883,1,0.28999999999999998,0,0,0,1000,0,0.10000000000000001
2884,1,0.28999999999999998,0.01,0,0,1000,0,0.10000000000000001
2885,1,0.28999999999999998,0.02,0,0,1000,0,0.10000000000000001
2886,1,0.28999999999999998,0.17999999999999999,0,0,1000,0,0.10000000000000001
2887,1,0.28999999999999998,0.19,0,0,1000,0,0.10000000000000001
2888,1,0.28999999999999998,0.20000000000000001,0,0,1000,0,0.10000000000000001
2889,1,0.29999999999999999,0,0,0,1000,0,0.10000000000000001
2890,1,0.29999999999999999,0.01,0,0,1000,0,0.10000000000000001
2891,1,0.29999999999999999,0.02,0,0,1000,0,0.10000000000000001
2892,1,0.29999999999999999,0.17999999999999999,0,0,1000,0,0.10000000000000001
2893,1,0.29999999999999999,0.19,0,0,1000,0,0.10000000000000001
2894,1,0.29999999999999999,0.20000000000000001,0,0,1000,0,0.10000000000000001
2895,1,0.31,0,0,0,1000,0,0.10000000000000001
2896,1,0.31,0.01,0,0,1000,0,0.10000000000000001
2897,1,0.31,0.02,0,0,1000,0,0.10000000000000001
2898,1,0.31,0.17999999999999999,0,0,1000,0,0.10000000000000001
2899,1,0.31,0.19,0,0,1000,0,0.10000000000000001
2900,1,0.31,0.20000000000000001,0,0,1000,0,0.10000000000000001
2901,1,0.32000000000000001,0,0,0,1000,0,0.10000000000000001
2902,1,0.32000000000000001,0.01,0,0,1000,0,0.10000000000000001
2903,1,0.32000000000000001,0.02,0,0,1000,0,0.10000000000000001
2904,1,0.32000000000000001,0.17999999999999999,0,0,1000,0,0.10000000000000001
2905,1,0.32000000000000001,0.19,0,0,1000,0,0.10000000000000001
2906,1,0.32000000000000001,0.20000000000000001,0,0,1000,0,0.10000000000000001
2907,1,0.33000000000000002,0,0,0,1000,0,0.10000000000000001
2908,1,0.33000000000000002,0.01,0,0,1000,0,0.10000000000000001
2909,1,0.33000000000000002,0.02,0,0,1000,0,0.10000000000000001
2910,1,0.33000000000000002,0.17999999999999999,0,0,1000,0,0.10000000000000001
2911,1,0.33000000000000002,0.19,0,0,1000,0,0.10000000000000001
2912,1,0.33000000000000002,0.20000000000000001,0,0,1000,0,0.10000000000000001
2913,1,0.34000000000000002,0,0,0,1000,0,0.10000000000000001
2914,1,0.34000000000000002,0.01,0,0,1000,0,0.10000000000000001
2915,1,0.34000000000000002,0.02,0,0,1000,0,0.10000000000000001
2916,1,0.34000000000000002,0.17999999999999999,0,0,1000,0,0.10000000000000001
2917,1,0.34000000000000002,0.19,0,0,1000,0,0.10000000000000001
2918,1,0.34000000000000002,0.20000000000000001,0,0,1000,0,0.10000000000000001
2919,1,0.35000000000000003,0,0,0,1000,0,0.10000000000000001
2920,1,0.35000000000000003,0.01,0,0,1000,0,0.10000000000000001
2921,1,0.35000000000000003,0.02,0,0,1000,0,0.10000000000000001
2922,1,0.35000000000000003,0.17999999999999999,0,0,1000,0,0.10000000000000001
2923,1,0.35000000000000003,0.19,0,0,1000,0,0.10000000000000001
2924,1,0.35000000000000003,0.20000000000000001,0,0,1000,0,0.10000000000000001
2925,1,0.35999999999999999,0,0,0,1000,0,0.10000000000000001
2926,1,0.35999999999999999,0.01,0,0,1000,0,0.10000000000000001
2927,1,0.35999999999999999,0.02,0,0,1000,0,0.10000000000000001
2928,1,0.35999999999999999,0.17999999999999999,0,0,1000,0,0.10000000000000001
2929,1,0.35999999999999999,0.19,0,0,1000,0,0.10000000000000001
2930,1,0.35999999999999999,0.20000000000000001,0,0,1000,0,0.10000000000000001
2931,1,0.37,0,0,0,1000,0,0.10000000000000001
2932,1,0.37,0.01,0,0,1000,0,0.10000000000000001
2933,1,0.37,0.02,0,0,1000,0,0.10000000000000001
2934,1,0.37,0.17999999999999999,0,0,1000,0,0.10000000000000001
2935,1,0.37,0.19,0,0,1000,0,0.10000000000000001
2936,1,0.37,0.20000000000000001,0,0,1000,0,0.10000000000000001
2937,1,0.38,0,0,0,1000,0,0.10000000000000001
2938,1,0.38,0.01,0,0,1000,0,0.10000000000000001
2939,1,0.38,0.02,0,0,1000,0,0.10000000000000001
2940,1,0.38,0.17999999999999999,0,0,1000,0,0.10000000000000001
2941,1,0.38,0.19,0,0,1000,0,0.10000000000000001
2942,1,0.38,0.20000000000000001,0,0,1000,0,0.10000000000000001
2943,1,0.39000000000000001,0,0,0,1000,0,0.10000000000000001
2944,1,0.39000000000000001,0.01,0,0,1000,0,0.10000000000000001
2945,1,0.39000000000000001,0.02,0,0,1000,0,0.10000000000000001
2946,1,0.39000000000000001,0.17999999999999999,0,0,1000,0,0.10000000000000001
2947,1,0.39000000000000001,0.19,0,0,1000,0,0.10000000000000001
2948,1,0.39000000000000001,0.20000000000000001,0,0,1000,0,0.10000000000000001
2949,1,0.40000000000000002,0,0,0,1000,0,0.10000000000000001
2950,1,0.40000000000000002,0.01,0,0,1000,0,0.10000000000000001
2951,1,0.40000000000000002,0.02,0,0,1000,0,0.10000000000000001
2952,1,0.40000000000000002,0.17999999999999999,0,0,1000,0,0.10000000000000001
2953,1,0.40000000000000002,0.19,0,0,1000,0,0.10000000000000001
2954,1,0.40000000000000002,0.20000000000000001,0,0,1000,0,0.10000000000000001
2955,1,0.41000000000000003,0,0,0,1000,0,0.10000000000000001
2956,1,0.41000000000000003,0.01,0,0,1000,0,0.10000000000000001
2957,1,0.41000000000000003,0.02,0,0,1000,0,0.10000000000000001
2958,1,0.41000000000000003,0.17999999999999999,0,0,1000,0,0.10000000000000001
2959,1,0.41000000000000003,0.19,0,0,1000,0,0.10000000000000001
2960,1,0.41000000000000003,0.20000000000000001,0,0,1000,0,0.10000000000000001
2961,1,0.41999999999999998,0,0,0,1000,0,0.10000000000000001
2962,1,0.41999999999999998,0.01,0,0,1000,0,0.10000000000000001
2963,1,0.41999999999999998,0.02,0,0,1000,0,0.10000000000000001
2964,1,0.41999999999999998,0.17999999999999999,0,0,1000,0,0.10000000000000001
2965,1,0.41999999999999998,0.19,0,0,1000,0,0.10000000000000001
2966,1,0.41999999999999998,0.20000000000000001,0,0,1000,0,0.10000000000000001
2967,1,0.42999999999999999,0,0,0,1000,0,0.10000000000000001
2968,1,0.42999999999999999,0.01,0,0,1000,0,0.10000000000000001
2969,1,0.42999999999999999,0.02,0,0,1000,0,0.10000000000000001
2970,1,0.42999999999999999,0.17999999999999999,0,0,1000,0,0.10000000000000001
2971,1,0.42999999999999999,0.19,0,0,1000,0,0.10000000000000001
2972,1,0.42999999999999999,0.20000000000000001,0,0,1000,0,0.10000000000000001
2973,1,0.44,0,0,0,1000,0,0.10000000000000001
2974,1,0.44,0.01,0,0,1000,0,0.10000000000000001
2975,1,0.44,0.02,0,0,1000,0,0.10000000000000001
2976,1,0.44,0.17999999999999999,0,0,1000,0,0.10000000000000001
2977,1,0.44,0.19,0,0,1000,0,0.10000000000000001
2978,1,0.44,0.20000000000000001,0,0,1000,0,0.10000000000000001
2979,1,0.45000000000000001,0,0,0,1000,0,0.10000000000000001
2980,1,0.45000000000000001,0.01,0,0,1000,0,0.10000000000000001
2981,1,0.45000000000000001,0.02,0,0,1000,0,0.10000000000000001
2982,1,0.45000000000000001,0.17999999999999999,0,0,1000,0,0.10000000000000001
2983,1,0.45000000000000001,0.19,0,0,1000,0,0.10000000000000001
2984,1,0.45000000000000001,0.20000000000000001,0,0,1000,0,0.10000000000000001
2985,1,0.46000000000000002,0,0,0,1000,0,0.10000000000000001
2986,1,0.46000000000000002,0.01,0,0,1000,0,0.10000000000000001
2987,1,0.46000000000000002,0.02,0,0,1000,0,0.10000000000000001
2988,1,0.46000000000000002,0.17999999999999999,0,0,1000,0,0.10000000000000001
2989,1,0.46000000000000002,0.19,0,0,1000,0,0.10000000000000001
2990,1,0.46000000000000002,0.20000000000000001,0,0,1000,0,0.10000000000000001
2991,1,0.47000000000000003,0,0,0,1000,0,0.10000000000000001
2992,1,0.47000000000000003,0.01,0,0,1000,0,0.10000000000000001
2993,1,0.47000000000000003,0.02,0,0,1000,0,0.10000000000000001
2994,1,0.47000000000000003,0.17999999999999999,0,0,1000,0,0.10000000000000001
2995,1,0.47000000000000003,0.19,0,0,1000,0,0.10000000000000001
2996,1,0.47000000000000003,0.20000000000000001,0,0,1000,0,0.10000000000000001
2997,1,0.47999999999999998,0,0,0,1000,0,0.10000000000000001
2998,1,0.47999999999999998,0.01,0,0,1000,0,0.10000000000000001
2999,1,0.47999999999999998,0.02,0,0,1000,0,0.10000000000000001
3000,1,0.47999999999999998,0.17999999999999999,0,0,1000,0,0.10000000000000001
3001,1,0.47999999999999998,0.19,0,0,1000,0,0.10000000000000001
3002,1,0.47999999999999998,0.20000000000000001,0,0,1000,0,0.10000000000000001
3003,1,0.48999999999999999,0,0,0,1000,0,0.10000000000000001
3004,1,0.48999999999999999,0.01,0,0,1000,0,0.10000000000000001
3005,1,0.48999999999999999,0.02,0,0,1000,0,0.10000000000000001
3006,1,0.48999999999999999,0.17999999999999999,0,0,1000,0,0.10000000000000001
3007,1,0.48999999999999999,0.19,0,0,1000,0,0.10000000000000001
3008,1,0.48999999999999999,0.20000000000000001,0,0,1000,0,0.10000000000000001
3009,1,0.5,0,0,0,1000,0,0.10000000000000001
3010,1,0.5,0.01,0,0,1000,0,0.10000000000000001
3011,1,0.5,0.02,0,0,1000,0,0.10000000000000001
3012,1,0.5,0.17999999999999999,0,0,1000,0,0.10000000000000001
3013,1,0.5,0.19,0,0,1000,0,0.10000000000000001
3014,1,0.5,0.20000000000000001,0,0,1000,0,0.10000000000000001
3015,1,0.51000000000000001,0,0,0,1000,0,0.10000000000000001
3016,1,0.51000000000000001,0.01,0,0,1000,0,0.10000000000000001
3017,1,0.51000000000000001,0.02,0,0,1000,0,0.10000000000000001
3018,1,0.51000000000000001,0.17999999999999999,0,0,1000,0,0.10000000000000001
3019,1,0.51000000000000001,0.19,0,0,1000,0,0.10000000000000001
3020,1,0.51000000000000001,0.20000000000000001,0,0,1000,0,0.10000000000000001
3021,1,0.52000000000000002,0,0,0,1000,0,0.10000000000000001
3022,1,0.52000000000000002,0.01,0,0,1000,0,0.10000000000000001
3023,1,0.52000000000000002,0.02,0,0,1000,0,0.10000000000000001
3024,1,0.52000000000000002,0.17999999999999999,0,0,1000,0,0.10000000000000001
3025,1,0.52000000000000002,0.19,0,0,1000,0,0.10000000000000001
3026,1,0.52000000000000002,0.20000000000000001,0,0,1000,0,0.10000000000000001
3027,1,0.53000000000000003,0,0,0,1000,0,0.10000000000000001
3028,1,0.53000000000000003,0.01,0,0,1000,0,0.10000000000000001
3029,1,0.53000000000000003,0.02,0,0,1000,0,0.10000000000000001
3030,1,0.53000000000000003,0.17999999999999999,0,0,1000,0,0.10000000000000001
3031,1,0.53000000000000003,0.19,0,0,1000,0,0.10000000000000001
3032,1,0.53000000000000003,0.20000000000000001,0,0,1000,0,0.10000000000000001
3033,1,0.54000000000000004,0,0,0,1000,0,0.10000000000000001
3034,1,0.54000000000000004,0.01,0,0,1000,0,0.10000000000000001
3035,1,0.54000000000000004,0.02,0,0,1000,0,0.10000000000000001
3036,1,0.54000000000000004,0.17999999999999999,0,0,1000,0,0.10000000000000001
3037,1,0.54000000000000004,0.19,0,0,1000,0,0.10000000000000001
3038,1,0.54000000000000004,0.20000000000000001,0,0,1000,0,0.10000000000000001
3039,1,0.55000000000000004,0,0,0,1000,0,0.10000000000000001
3040,1,0.55000000000000004,0.01,0,0,1000,0,0.10000000000000001
3041,1,0.55000000000000004,0.02,0,0,1000,0,0.10000000000000001
3042,1,0.55000000000000004,0.17999999999999999,0,0,1000,0,0.10000000000000001
3043,1,0.55000000000000004,0.19,0,0,1000,0,0.10000000000000001
3044,1,0.55000000000000004,0.20000000000000001,0,0,1000,0,0.10000000000000001
3045,1,0.56000000000000005,0,0,0,1000,0,0.10000000000000001
3046,1,0.56000000000000005,0.01,0,0,1000,0,0.10000000000000001
3047,1,0.56000000000000005,0.02,0,0,1000,0,0.10000000000000001
3048,1,0.56000000000000005,0.17999999999999999,0,0,1000,0,0.10000000000000001
3049,1,0.56000000000000005,0.19,0,0,1000,0,0.10000000000000001
3050,1,0.56000000000000005,0.20000000000000001,0,0,1000,0,0.10000000000000001
3051,1,0.57000000000000006,0,0,0,1000,0,0.10000000000000001
3052,1,0.57000000000000006,0.01,0,0,1000,0,0.10000000000000001
3053,1,0.57000000000000006,0.02,0,0,1000,0,0.10000000000000001
3054,1,0.57000000000000006,0.17999999999999999,0,0,1000,0,0.10000000000000001
3055,1,0.57000000000000006,0.19,0,0,1000,0,0.10000000000000001
3056,1,0.57000000000000006,0.20000000000000001,0,0,1000,0,0.10000000000000001
3057,1,0.57999999999999996,0,0,0,1000,0,0.10000000000000001
3058,1,0.57999999999999996,0.01,0,0,1000,0,0.10000000000000001
3059,1,0.57999999999999996,0.02,0,0,1000,0,0.10000000000000001
3060,1,0.57999999999999996,0.17999999999999999,0,0,1000,0,0.10000000000000001
3061,1,0.57999999999999996,0.19,0,0,1000,0,0.10000000000000001
3062,1,0.57999999999999996,0.20000000000000001,0,0,1000,0,0.10000000000000001
3063,1,0.58999999999999997,0,0,0,1000,0,0.10000000000000001
3064,1,0.58999999999999997,0.01,0,0,1000,0,0.10000000000000001
3065,1,0.58999999999999997,0.02,0,0,1000,0,0.10000000000000001
3066,1,0.58999999999999997,0.17999999999999999,0,0,1000,0,0.10000000000000001
3067,1,0.58999999999999997,0.19,0,0,1000,0,0.10000000000000001
3068,1,0.58999999999999997,0.20000000000000001,0,0,1000,0,0.10000000000000001
3069,1,0.59999999999999998,0,0,0,1000,0,0.10000000000000001
3070,1,0.59999999999999998,0.01,0,0,1000,0,0.10000000000000001
3071,1,0.59999999999999998,0.02,0,0,1000,0,0.10000000000000001
3072,1,0.59999999999999998,0.17999999999999999,0,0,1000,0,0.10000000000000001
3073,1,0.59999999999999998,0.19,0,0,1000,0,0.10000000000000001
3074,1,0.59999999999999998,0.20000000000000001,0,0,1000,0,0.10000000000000001
3075,1,0.60999999999999999,0,0,0,1000,0,0.10000000000000001
3076,1,0.60999999999999999,0.01,0,0,1000,0,0.10000000000000001
3077,1,0.60999999999999999,0.02,0,0,1000,0,0.10000000000000001
3078,1,0.60999999999999999,0.17999999999999999,0,0,1000,0,0.10000000000000001
3079,1,0.60999999999999999,0.19,0,0,1000,0,0.10000000000000001
3080,1,0.60999999999999999,0.20000000000000001,0,0,1000,0,0.10000000000000001
3081,1,0.62,0,0,0,1000,0,0.10000000000000001
3082,1,0.62,0.01,0,0,1000,0,0.10000000000000001
3083,1,0.62,0.02,0,0,1000,0,0.10000000000000001
3084,1,0.62,0.17999999999999999,0,0,1000,0,0.10000000000000001
3085,1,0.62,0.19,0,0,1000,0,0.10000000000000001
3086,1,0.62,0.20000000000000001,0,0,1000,0,0.10000000000000001
3087,1,0.63,0,0,0,1000,0,0.10000000000000001
3088,1,0.63,0.01,0,0,1000,0,0.10000000000000001
3089,1,0.63,0.02,0,0,1000,0,0.10000000000000001
3090,1,0.63,0.17999999999999999,0,0,1000,0,0.10000000000000001
3091,1,0.63,0.19,0,0,1000,0,0.10000000000000001
3092,1,0.63,0.20000000000000001,0,0,1000,0,0.10000000000000001
3093,1,0.64000000000000001,0,0,0,1000,0,0.10000000000000001
3094,1,0.64000000000000001,0.01,0,0,1000,0,0.10000000000000001
3095,1,0.64000000000000001,0.02,0,0,1000,0,0.10000000000000001
3096,1,0.64000000000000001,0.17999999999999999,0,0,1000,0,0.10000000000000001
3097,1,0.64000000000000001,0.19,0,0,1000,0,0.10000000000000001
3098,1,0.64000000000000001,0.20000000000000001,0,0,1000,0,0.10000000000000001
3099,1,0.65000000000000002,0,0,0,1000,0,0.10000000000000001
3100,1,0.65000000000000002,0.01,0,0,1000,0,0.10000000000000001
3101,1,0.65000000000000002,0.02,0,0,1000,0,0.10000000000000001
3102,1,0.65000000000000002,0.17999999999999999,0,0,1000,0,0.10000000000000001
3103,1,0.65000000000000002,0.19,0,0,1000,0,0.10000000000000001
3104,1,0.65000000000000002,0.20000000000000001,0,0,1000,0,0.10000000000000001
3105,1,0.66000000000000003,0,0,0,1000,0,0.10000000000000001
3106,1,0.66000000000000003,0.01,0,0,1000,0,0.10000000000000001
3107,1,0.66000000000000003,0.02,0,0,1000,0,0.10000000000000001
3108,1,0.66000000000000003,0.17999999999999999,0,0,1000,0,0.10000000000000001
3109,1,0.66000000000000003,0.19,0,0,1000,0,0.10000000000000001
3110,1,0.66000000000000003,0.20000000000000001,0,0,1000,0,0.10000000000000001
3111,1,0.67000000000000004,0,0,0,1000,0,0.10000000000000001
3112,1,0.67000000000000004,0.01,0,0,1000,0,0.10000000000000001
3113,1,0.67000000000000004,0.02,0,0,1000,0,0.10000000000000001
3114,1,0.67000000000000004,0.17999999999999999,0,0,1000,0,0.10000000000000001
3115,1,0.67000000000000004,0.19,0,0,1000,0,0.10000000000000001
3116,1,0.67000000000000004,0.20000000000000001,0,0,1000,0,0.10000000000000001
3117,1,0.68000000000000005,0,0,0,1000,0,0.10000000000000001
3118,1,0.68000000000000005,0.01,0,0,1000,0,0.10000000000000001
3119,1,0.68000000000000005,0.02,0,0,1000,0,0.10000000000000001
3120,1,0.68000000000000005,0.17999999999999999,0,0,1000,0,0.10000000000000001
3121,1,0.68000000000000005,0.19,0,0,1000,0,0.10000000000000001
3122,1,0.68000000000000005,0.20000000000000001,0,0,1000,0,0.10000000000000001
3123,1,0.69000000000000006,0,0,0,1000,0,0.10000000000000001
3124,1,0.69000000000000006,0.01,0,0,1000,0,0.10000000000000001
3125,1,0.69000000000000006,0.02,0,0,1000,0,0.10000000000000001
3126,1,0.69000000000000006,0.17999999999999999,0,0,1000,0,0.10000000000000001
3127,1,0.69000000000000006,0.19,0,0,1000,0,0.10000000000000001
3128,1,0.69000000000000006,0.20000000000000001,0,0,1000,0,0.10000000000000001
3129,1,0.70000000000000007,0,0,0,1000,0,0.10000000000000001
3130,1,0.70000000000000007,0.01,0,0,1000,0,0.10000000000000001
3131,1,0.70000000000000007,0.02,0,0,1000,0,0.10000000000000001
3132,1,0.70000000000000007,0.17999999999999999,0,0,1000,0,0.10000000000000001
3133,1,0.70000000000000007,0.19,0,0,1000,0,0.10000000000000001
3134,1,0.70000000000000007,0.20000000000000001,0,0,1000,0,0.10000000000000001
3135,1,0.70999999999999996,0,0,0,1000,0,0.10000000000000001
3136,1,0.70999999999999996,0.01,0,0,1000,0,0.10000000000000001
3137,1,0.70999999999999996,0.02,0,0,1000,0,0.10000000000000001
3138,1,0.70999999999999996,0.17999999999999999,0,0,1000,0,0.10000000000000001
3139,1,0.70999999999999996,0.19,0,0,1000,0,0.10000000000000001
3140,1,0.70999999999999996,0.20000000000000001,0,0,1000,0,0.10000000000000001
3141,1,0.71999999999999997,0,0,0,1000,0,0.10000000000000001
3142,1,0.71999999999999997,0.01,0,0,1000,0,0.10000000000000001
3143,1,0.71999999999999997,0.02,0,0,1000,0,0.10000000000000001
3144,1,0.71999999999999997,0.17999999999999999,0,0,1000,0,0.10000000000000001
3145,1,0.71999999999999997,0.19,0,0,1000,0,0.10000000000000001
3146,1,0.71999999999999997,0.20000000000000001,0,0,1000,0,0.10000000000000001
3147,1,0.72999999999999998,0,0,0,1000,0,0.10000000000000001
3148,1,0.72999999999999998,0.01,0,0,1000,0,0.10000000000000001
3149,1,0.72999999999999998,0.02,0,0,1000,0,0.10000000000000001
3150,1,0.72999999999999998,0.17999999999999999,0,0,1000,0,0.10000000000000001
3151,1,0.72999999999999998,0.19,0,0,1000,0,0.10000000000000001
3152,1,0.72999999999999998,0.20000000000000001,0,0,1000,0,0.10000000000000001
3153,1,0.73999999999999999,0,0,0,1000,0,0.10000000000000001
3154,1,0.73999999999999999,0.01,0,0,1000,0,0.10000000000000001
3155,1,0.73999999999999999,0.02,0,0,1000,0,0.10000000000000001
3156,1,0.73999999999999999,0.17999999999999999,0,0,1000,0,0.10000000000000001
3157,1,0.73999999999999999,0.19,0,0,1000,0,0.10000000000000001
3158,1,0.73999999999999999,0.20000000000000001,0,0,1000,0,0.10000000000000001
3159,1,0.75,0,0,0,1000,0,0.10000000000000001
3160,1,0.75,0.01,0,0,1000,0,0.10000000000000001
3161,1,0.75,0.02,0,0,1000,0,0.10000000000000001
3162,1,0.75,0.17999999999999999,0,0,1000,0,0.10000000000000001
3163,1,0.75,0.19,0,0,1000,0,0.10000000000000001
3164,1,0.75,0.20000000000000001,0,0,1000,0,0.10000000000000001
3165,1,0.76000000000000001,0,0,0,1000,0,0.10000000000000001
3166,1,0.76000000000000001,0.01,0,0,1000,0,0.10000000000000001
3167,1,0.76000000000000001,0.02,0,0,1000,0,0.10000000000000001
3168,1,0.76000000000000001,0.17999999999999999,0,0,1000,0,0.10000000000000001
3169,1,0.76000000000000001,0.19,0,0,1000,0,0.10000000000000001
3170,1,0.76000000000000001,0.20000000000000001,0,0,1000,0,0.10000000000000001
3171,1,0.77000000000000002,0,0,0,1000,0,0.10000000000000001
3172,1,0.77000000000000002,0.01,0,0,1000,0,0.10000000000000001
3173,1,0.77000000000000002,0.02,0,0,1000,0,0.10000000000000001
3174,1,0.77000000000000002,0.17999999999999999,0,0,1000,0,0.10000000000000001
3175,1,0.77000000000000002,0.19,0,0,1000,0,0.10000000000000001
3176,1,0.77000000000000002,0.20000000000000001,0,0,1000,0,0.10000000000000001
3177,1,0.78000000000000003,0,0,0,1000,0,0.10000000000000001
3178,1,0.78000000000000003,0.01,0,0,1000,0,0.10000000000000001
3179,1,0.78000000000000003,0.02,0,0,1000,0,0.10000000000000001
3180,1,0.78000000000000003,0.17999999999999999,0,0,1000,0,0.10000000000000001
3181,1,0.78000000000000003,0.19,0,0,1000,0,0.10000000000000001
3182,1,0.78000000000000003,0.20000000000000001,0,0,1000,0,0.10000000000000001
3183,1,0.79000000000000004,0,0,0,1000,0,0.10000000000000001
3184,1,0.79000000000000004,0.01,0,0,1000,0,0.10000000000000001
3185,1,0.79000000000000004,0.02,0,0,1000,0,0.10000000000000001
3186,1,0.79000000000000004,0.17999999999999999,0,0,1000,0,0.10000000000000001
3187,1,0.79000000000000004,0.19,0,0,1000,0,0.10000000000000001
3188,1,0.79000000000000004,0.20000000000000001,0,0,1000,0,0.10000000000000001
3189,1,0.80000000000000004,0,0,0,1000,0,0.10000000000000001
3190,1,0.80000000000000004,0.01,0,0,1000,0,0.10000000000000001
3191,1,0.80000000000000004,0.02,0,0,1000,0,0.10000000000000001
3192,1,0.80000000000000004,0.17999999999999999,0,0,1000,0,0.10000000000000001
3193,1,0.80000000000000004,0.19,0,0,1000,0,0.10000000000000001
3194,1,0.80000000000000004,0.20000000000000001,0,0,1000,0,0.10000000000000001
3195,1,0.81000000000000005,0,0,0,1000,0,0.10000000000000001
3196,1,0.81000000000000005,0.01,0,0,1000,0,0.10000000000000001
3197,1,0.81000000000000005,0.02,0,0,1000,0,0.10000000000000001
3198,1,0.81000000000000005,0.17999999999999999,0,0,1000,0,0.10000000000000001
3199,1,0.81000000000000005,0.19,0,0,1000,0,0.10000000000000001
3200,1,0.81000000000000005,0.20000000000000001,0,0,1000,0,0.10000000000000001
3201,1,0.82000000000000006,0,0,0,1000,0,0.10000000000000001
3202,1,0.82000000000000006,0.01,0,0,1000,0,0.10000000000000001
3203,1,0.82000000000000006,0.02,0,0,1000,0,0.10000000000000001
3204,1,0.82000000000000006,0.17999999999999999,0,0,1000,0,0.10000000000000001
3205,1,0.82000000000000006,0.19,0,0,1000,0,0.10000000000000001
3206,1,0.82000000000000006,0.20000000000000001,0,0,1000,0,0.10000000000000001
3207,1,0.83000000000000007,0,0,0,1000,0,0.10000000000000001
3208,1,0.83000000000000007,0.01,0,0,1000,0,0.10000000000000001
3209,1,0.83000000000000007,0.02,0,0,1000,0,0.10000000000000001
3210,1,0.83000000000000007,0.17999999999999999,0,0,1000,0,0.10000000000000001
3211,1,0.83000000000000007,0.19,0,0,1000,0,0.10000000000000001
3212,1,0.83000000000000007,0.20000000000000001,0,0,1000,0,0.10000000000000001
3213,1,0.83999999999999997,0,0,0,1000,0,0.10000000000000001
3214,1,0.83999999999999997,0.01,0,0,1000,0,0.10000000000000001
3215,1,0.83999999999999997,0.02,0,0,1000,0,0.10000000000000001
3216,1,0.83999999999999997,0.17999999999999999,0,0,1000,0,0.10000000000000001
3217,1,0.83999999999999997,0.19,0,0,1000,0,0.10000000000000001
3218,1,0.83999999999999997,0.20000000000000001,0,0,1000,0,0.10000000000000001
3219,1,0.84999999999999998,0,0,0,1000,0,0.10000000000000001
3220,1,0.84999999999999998,0.01,0,0,1000,0,0.10000000000000001
3221,1,0.84999999999999998,0.02,0,0,1000,0,0.10000000000000001
3222,1,0.84999999999999998,0.17999999999999999,0,0,1000,0,0.10000000000000001
3223,1,0.84999999999999998,0.19,0,0,1000,0,0.10000000000000001
3224,1,0.84999999999999998,0.20000000000000001,0,0,1000,0,0.10000000000000001
3225,1,0.85999999999999999,0,0,0,1000,0,0.10000000000000001
3226,1,0.85999999999999999,0.01,0,0,1000,0,0.10000000000000001
3227,1,0.85999999999999999,0.02,0,0,1000,0,0.10000000000000001
3228,1,0.85999999999999999,0.17999999999999999,0,0,1000,0,0.10000000000000001
3229,1,0.85999999999999999,0.19,0,0,1000,0,0.10000000000000001
3230,1,0.85999999999999999,0.20000000000000001,0,0,1000,0,0.10000000000000001
3231,1,0.87,0,0,0,1000,0,0.10000000000000001
3232,1,0.87,0.01,0,0,1000,0,0.10000000000000001
3233,1,0.87,0.02,0,0,1000,0,0.10000000000000001
3234,1,0.87,0.17999999999999999,0,0,1000,0,0.10000000000000001
3235,1,0.87,0.19,0,0,1000,0,0.10000000000000001
3236,1,0.87,0.20000000000000001,0,0,1000,0,0.10000000000000001
3237,1,0.88,0,0,0,1000,0,0.10000000000000001
3238,1,0.88,0.01,0,0,1000,0,0.10000000000000001
3239,1,0.88,0.02,0,0,1000,0,0.10000000000000001
3240,1,0.88,0.17999999999999999,0,0,1000,0,0.10000000000000001
3241,1,0.88,0.19,0,0,1000,0,0.10000000000000001
3242,1,0.88,0.20000000000000001,0,0,1000,0,0.10000000000000001
3243,1,0.89000000000000001,0,0,0,1000,0,0.10000000000000001
3244,1,0.89000000000000001,0.01,0,0,1000,0,0.10000000000000001
3245,1,0.89000000000000001,0.02,0,0,1000,0,0.10000000000000001
3246,1,0.89000000000000001,0.17999999999999999,0,0,1000,0,0.10000000000000001
3247,1,0.89000000000000001,0.19,0,0,1000,0,0.10000000000000001
3248,1,0.89000000000000001,0.20000000000000001,0,0,1000,0,0.10000000000000001
3249,1,0.90000000000000002,0,0,0,1000,0,0.10000000000000001
3250,1,0.90000000000000002,0.01,0,0,1000,0,0.10000000000000001
3251,1,0.90000000000000002,0.02,0,0,1000,0,0.10000000000000001
3252,1,0.90000000000000002,0.17999999999999999,0,0,1000,0,0.10000000000000001
3253,1,0.90000000000000002,0.19,0,0,1000,0,0.10000000000000001
3254,1,0.90000000000000002,0.20000000000000001,0,0,1000,0,0.10000000000000001
3255,1,0.91000000000000003,0,0,0,1000,0,0.10000000000000001
3256,1,0.91000000000000003,0.01,0,0,1000,0,0.10000000000000001
3257,1,0.91000000000000003,0.02,0,0,1000,0,0.10000000000000001
3258,1,0.91000000000000003,0.17999999999999999,0,0,1000,0,0.10000000000000001
3259,1,0.91000000000000003,0.19,0,0,1000,0,0.10000000000000001
3260,1,0.91000000000000003,0.20000000000000001,0,0,1000,0,0.10000000000000001
3261,1,0.92000000000000004,0,0,0,1000,0,0.10000000000000001
3262,1,0.92000000000000004,0.01,0,0,1000,0,0.10000000000000001
3263,1,0.92000000000000004,0.02,0,0,1000,0,0.10000000000000001
3264,1,0.92000000000000004,0.17999999999999999,0,0,1000,0,0.10000000000000001
3265,1,0.92000000000000004,0.19,0,0,1000,0,0.10000000000000001
3266,1,0.92000000000000004,0.20000000000000001,0,0,1000,0,0.10000000000000001
3267,1,0.93000000000000005,0,0,0,1000,0,0.10000000000000001
3268,1,0.93000000000000005,0.01,0,0,1000,0,0.10000000000000001
3269,1,0.93000000000000005,0.02,0,0,1000,0,0.10000000000000001
3270,1,0.93000000000000005,0.17999999999999999,0,0,1000,0,0.10000000000000001
3271,1,0.93000000000000005,0.19,0,0,1000,0,0.10000000000000001
3272,1,0.93000000000000005,0.20000000000000001,0,0,1000,0,0.10000000000000001
3273,1,0.94000000000000006,0,0,0,1000,0,0.10000000000000001
3274,1,0.94000000000000006,0.01,0,0,1000,0,0.10000000000000001
3275,1,0.94000000000000006,0.02,0,0,1000,0,0.10000000000000001
3276,1,0.94000000000000006,0.17999999999999999,0,0,1000,0,0.10000000000000001
3277,1,0.94000000000000006,0.19,0,0,1000,0,0.10000000000000001
3278,1,0.94000000000000006,0.20000000000000001,0,0,1000,0,0.10000000000000001
3279,1,0.95000000000000007,0,0,0,1000,0,0.10000000000000001
3280,1,0.95000000000000007,0.01,0,0,1000,0,0.10000000000000001
3281,1,0.95000000000000007,0.02,0,0,1000,0,0.10000000000000001
3282,1,0.95000000000000007,0.17999999999999999,0,0,1000,0,0.10000000000000001
3283,1,0.95000000000000007,0.19,0,0,1000,0,0.10000000000000001
3284,1,0.95000000000000007,0.20000000000000001,0,0,1000,0,0.10000000000000001
3285,1,0.95999999999999996,0,0,0,1000,0,0.10000000000000001
3286,1,0.95999999999999996,0.01,0,0,1000,0,0.10000000000000001
3287,1,0.95999999999999996,0.02,0,0,1000,0,0.10000000000000001
3288,1,0.95999999999999996,0.17999999999999999,0,0,1000,0,0.10000000000000001
3289,1,0.95999999999999996,0.19,0,0,1000,0,0.10000000000000001
3290,1,0.95999999999999996,0.20000000000000001,0,0,1000,0,0.10000000000000001
3291,1,0.96999999999999997,0,0,0,1000,0,0.10000000000000001
3292,1,0.96999999999999997,0.01,0,0,1000,0,0.10000000000000001
3293,1,0.96999999999999997,0.02,0,0,1000,0,0.10000000000000001
3294,1,0.96999999999999997,0.17999999999999999,0,0,1000,0,0.10000000000000001
3295,1,0.96999999999999997,0.19,0,0,1000,0,0.10000000000000001
3296,1,0.96999999999999997,0.20000000000000001,0,0,1000,0,0.10000000000000001
3297,1,0.97999999999999998,0,0,0,1000,0,0.10000000000000001
3298,1,0.97999999999999998,0.01,0,0,1000,0,0.10000000000000001
3299,1,0.97999999999999998,0.02,0,0,1000,0,0.10000000000000001
3300,1,0.97999999999999998,0.17999999999999999,0,0,1000,0,0.10000000000000001
3301,1,0.97999999999999998,0.19,0,0,1000,0,0.10000000000000001
3302,1,0.97999999999999998,0.20000000000000001,0,0,1000,0,0.10000000000000001
3303,1,0.98999999999999999,0,0,0,1000,0,0.10000000000000001
3304,1,0.98999999999999999,0.01,0,0,1000,0,0.10000000000000001
3305,1,0.98999999999999999,0.02,0,0,1000,0,0.10000000000000001
3306,1,0.98999999999999999,0.17999999999999999,0,0,1000,0,0.10000000000000001
3307,1,0.98999999999999999,0.19,0,0,1000,0,0.10000000000000001
3308,1,0.98999999999999999,0.20000000000000001,0,0,1000,0,0.10000000000000001
3309,1,1,0,0,0,1000,0,0.10000000000000001
3310,1,1,0.01,0,0,1000,0,0.10000000000000001
3311,1,1,0.02,0,0,1000,0,0.10000000000000001
3312,1,1,0.17999999999999999,0,0,1000,0,0.10000000000000001
3313,1,1,0.19,0,0,1000,0,0.10000000000000001
3314,1,1,0.20000000000000001,0,0,1000,0,0.10000000000000001
3315,1,1.01,0,0,0,1000,0,0.10000000000000001
3316,1,1.01,0.01,0,0,1000,0,0.10000000000000001
3317,1,1.01,0.02,0,0,1000,0,0.10000000000000001
3318,1,1.01,0.17999999999999999,0,0,1000,0,0.10000000000000001
3319,1,1.01,0.19,0,0,1000,0,0.10000000000000001
3320,1,1.01,0.20000000000000001,0,0,1000,0,0.10000000000000001
3321,1,1.02,0,0,0,1000,0,0.10000000000000001
3322,1,1.02,0.01,0,0,1000,0,0.10000000000000001
3323,1,1.02,0.02,0,0,1000,0,0.10000000000000001
3324,1,1.02,0.17999999999999999,0,0,1000,0,0.10000000000000001
3325,1,1.02,0.19,0,0,1000,0,0.10000000000000001
3326,1,1.02,0.20000000000000001,0,0,1000,0,0.10000000000000001
3327,1,1.03,0,0,0,1000,0,0.10000000000000001
3328,1,1.03,0.01,0,0,1000,0,0.10000000000000001
3329,1,1.03,0.02,0,0,1000,0,0.10000000000000001
3330,1,1.03,0.17999999999999999,0,0,1000,0,0.10000000000000001
3331,1,1.03,0.19,0,0,1000,0,0.10000000000000001
3332,1,1.03,0.20000000000000001,0,0,1000,0,0.10000000000000001
3333,1,1.04,0,0,0,1000,0,0.10000000000000001
3334,1,1.04,0.01,0,0,1000,0,0.10000000000000001
3335,1,1.04,0.02,0,0,1000,0,0.10000000000000001
3336,1,1.04,0.17999999999999999,0,0,1000,0,0.10000000000000001
3337,1,1.04,0.19,0,0,1000,0,0.10000000000000001
3338,1,1.04,0.20000000000000001,0,0,1000,0,0.10000000000000001
3339,1,1.05,0,0,0,1000,0,0.10000000000000001
3340,1,1.05,0.01,0,0,1000,0,0.10000000000000001
3341,1,1.05,0.02,0,0,1000,0,0.10000000000000001
3342,1,1.05,0.17999999999999999,0,0,1000,0,0.10000000000000001
3343,1,1.05,0.19,0,0,1000,0,0.10000000000000001
3344,1,1.05,0.20000000000000001,0,0,1000,0,0.10000000000000001
3345,1,1.0600000000000001,0,0,0,1000,0,0.10000000000000001
3346,1,1.0600000000000001,0.01,0,0,1000,0,0.10000000000000001
3347,1,1.0600000000000001,0.02,0,0,1000,0,0.10000000000000001
3348,1,1.0600000000000001,0.17999999999999999,0,0,1000,0,0.10000000000000001
3349,1,1.0600000000000001,0.19,0,0,1000,0,0.10000000000000001
3350,1,1.0600000000000001,0.20000000000000001,0,0,1000,0,0.10000000000000001
3351,1,1.0700000000000001,0,0,0,1000,0,0.10000000000000001
3352,1,1.0700000000000001,0.01,0,0,1000,0,0.10000000000000001
3353,1,1.0700000000000001,0.02,0,0,1000,0,0.10000000000000001
3354,1,1.0700000000000001,0.17999999999999999,0,0,1000,0,0.10000000000000001
3355,1,1.0700000000000001,0.19,0,0,1000,0,0.10000000000000001
3356,1,1.0700000000000001,0.20000000000000001,0,0,1000,0,0.10000000000000001
3357,1,1.0800000000000001,0,0,0,1000,0,0.10000000000000001
3358,1,1.0800000000000001,0.01,0,0,1000,0,0.10000000000000001
3359,1,1.0800000000000001,0.02,0,0,1000,0,0.10000000000000001
3360,1,1.0800000000000001,0.17999999999999999,0,0,1000,0,0.10000000000000001
3361,1,1.0800000000000001,0.19,0,0,1000,0,0.10000000000000001
3362,1,1.0800000000000001,0.20000000000000001,0,0,1000,0,0.10000000000000001
3363,1,1.0900000000000001,0,0,0,1000,0,0.10000000000000001
3364,1,1.0900000000000001,0.01,0,0,1000,0,0.10000000000000001
3365,1,1.0900000000000001,0.02,0,0,1000,0,0.10000000000000001
3366,1,1.0900000000000001,0.17999999999999999,0,0,1000,0,0.10000000000000001
3367,1,1.0900000000000001,0.19,0,0,1000,0,0.10000000000000001
3368,1,1.0900000000000001,0.20000000000000001,0,0,1000,0,0.10000000000000001
3369,1,1.1000000000000001,0,0,0,1000,0,0.10000000000000001
3370,1,1.1000000000000001,0.01,0,0,1000,0,0.10000000000000001
3371,1,1.1000000000000001,0.02,0,0,1000,0,0.10000000000000001
3372,1,1.1000000000000001,0.17999999999999999,0,0,1000,0,0.10000000000000001
3373,1,1.1000000000000001,0.19,0,0,1000,0,0.10000000000000001
3374,1,1.1000000000000001,0.20000000000000001,0,0,1000,0,0.10000000000000001
3375,1,1.1100000000000001,0,0,0,1000,0,0.10000000000000001
3376,1,1.1100000000000001,0.01,0,0,1000,0,0.10000000000000001
3377,1,1.1100000000000001,0.02,0,0,1000,0,0.10000000000000001
3378,1,1.1100000000000001,0.17999999999999999,0,0,1000,0,0.10000000000000001
3379,1,1.1100000000000001,0.19,0,0,1000,0,0.10000000000000001
3380,1,1.1100000000000001,0.20000000000000001,0,0,1000,0,0.10000000000000001
3381,1,1.1200000000000001,0,0,0,1000,0,0.10000000000000001
3382,1,1.1200000000000001,0.01,0,0,1000,0,0.10000000000000001
3383,1,1.1200000000000001,0.02,0,0,1000,0,0.10000000000000001
3384,1,1.1200000000000001,0.17999999999999999,0,0,1000,0,0.10000000000000001
3385,1,1.1200000000000001,0.19,0,0,1000,0,0.10000000000000001
3386,1,1.1200000000000001,0.20000000000000001,0,0,1000,0,0.10000000000000001
3387,1,1.1300000000000001,0,0,0,1000,0,0.10000000000000001
3388,1,1.1300000000000001,0.01,0,0,1000,0,0.10000000000000001
3389,1,1.1300000000000001,0.02,0,0,1000,0,0.10000000000000001
3390,1,1.1300000000000001,0.17999999999999999,0,0,1000,0,0.10000000000000001
3391,1,1.1300000000000001,0.19,0,0,1000,0,0.10000000000000001
3392,1,1.1300000000000001,0.20000000000000001,0,0,1000,0,0.10000000000000001
3393,1,1.1400000000000001,0,0,0,1000,0,0.10000000000000001
3394,1,1.1400000000000001,0.01,0,0,1000,0,0.10000000000000001
3395,1,1.1400000000000001,0.02,0,0,1000,0,0.10000000000000001
3396,1,1.1400000000000001,0.17999999999999999,0,0,1000,0,0.10000000000000001
3397,1,1.1400000000000001,0.19,0,0,1000,0,0.10000000000000001
3398,1,1.1400000000000001,0.20000000000000001,0,0,1000,0,0.10000000000000001
3399,1,1.1500000000000001,0,0,0,1000,0,0.10000000000000001
3400,1,1.1500000000000001,0.01,0,0,1000,0,0.10000000000000001
3401,1,1.1500000000000001,0.02,0,0,1000,0,0.10000000000000001
3402,1,1.1500000000000001,0.17999999999999999,0,0,1000,0,0.10000000000000001
3403,1,1.1500000000000001,0.19,0,0,1000,0,0.10000000000000001
3404,1,1.1500000000000001,0.20000000000000001,0,0,1000,0,0.10000000000000001
3405,1,1.1599999999999999,0,0,0,1000,0,0.10000000000000001
3406,1,1.1599999999999999,0.01,0,0,1000,0,0.10000000000000001
3407,1,1.1599999999999999,0.02,0,0,1000,0,0.10000000000000001
3408,1,1.1599999999999999,0.17999999999999999,0,0,1000,0,0.10000000000000001
3409,1,1.1599999999999999,0.19,0,0,1000,0,0.10000000000000001
3410,1,1.1599999999999999,0.20000000000000001,0,0,1000,0,0.10000000000000001
3411,1,1.1699999999999999,0,0,0,1000,0,0.10000000000000001
3412,1,1.1699999999999999,0.01,0,0,1000,0,0.10000000000000001
3413,1,1.1699999999999999,0.02,0,0,1000,0,0.10000000000000001
3414,1,1.1699999999999999,0.17999999999999999,0,0,1000,0,0.10000000000000001
3415,1,1.1699999999999999,0.19,0,0,1000,0,0.10000000000000001
3416,1,1.1699999999999999,0.20000000000000001,0,0,1000,0,0.10000000000000001
3417,1,1.1799999999999999,0,0,0,1000,0,0.10000000000000001
3418,1,1.1799999999999999,0.01,0,0,1000,0,0.10000000000000001
3419,1,1.1799999999999999,0.02,0,0,1000,0,0.10000000000000001
3420,1,1.1799999999999999,0.17999999999999999,0,0,1000,0,0.10000000000000001
3421,1,1.1799999999999999,0.19,0,0,1000,0,0.10000000000000001
3422,1,1.1799999999999999,0.20000000000000001,0,0,1000,0,0.10000000000000001
3423,1,1.1899999999999999,0,0,0,1000,0,0.10000000000000001
3424,1,1.1899999999999999,0.01,0,0,1000,0,0.10000000000000001
3425,1,1.1899999999999999,0.02,0,0,1000,0,0.10000000000000001
3426,1,1.1899999999999999,0.17999999999999999,0,0,1000,0,0.10000000000000001
3427,1,1.1899999999999999,0.19,0,0,1000,0,0.10000000000000001
3428,1,1.1899999999999999,0.20000000000000001,0,0,1000,0,0.10000000000000001
3429,1,1.2,0,0,0,1000,0,0.10000000000000001
3430,1,1.2,0.01,0,0,1000,0,0.10000000000000001
3431,1,1.2,0.02,0,0,1000,0,0.10000000000000001
3432,1,1.2,0.17999999999999999,0,0,1000,0,0.10000000000000001
3433,1,1.2,0.19,0,0,1000,0,0.10000000000000001
3434,1,1.2,0.20000000000000001,0,0,1000,0,0.10000000000000001
3435,1,1.21,0,0,0,1000,0,0.10000000000000001
3436,1,1.21,0.01,0,0,1000,0,0.10000000000000001
3437,1,1.21,0.02,0,0,1000,0,0.10000000000000001
3438,1,1.21,0.17999999999999999,0,0,1000,0,0.10000000000000001
3439,1,1.21,0.19,0,0,1000,0,0.10000000000000001
3440,1,1.21,0.20000000000000001,0,0,1000,0,0.10000000000000001
3441,1,1.22,0,0,0,1000,0,0.10000000000000001
3442,1,1.22,0.01,0,0,1000,0,0.10000000000000001
3443,1,1.22,0.02,0,0,1000,0,0.10000000000000001
3444,1,1.22,0.17999999999999999,0,0,1000,0,0.10000000000000001
3445,1,1.22,0.19,0,0,1000,0,0.10000000000000001
3446,1,1.22,0.20000000000000001,0,0,1000,0,0.10000000000000001
3447,1,1.23,0,0,0,1000,0,0.10000000000000001
3448,1,1.23,0.01,0,0,1000,0,0.10000000000000001
3449,1,1.23,0.02,0,0,1000,0,0.10000000000000001
3450,1,1.23,0.17999999999999999,0,0,1000,0,0.10000000000000001
3451,1,1.23,0.19,0,0,1000,0,0.10000000000000001
3452,1,1.23,0.20000000000000001,0,0,1000,0,0.10000000000000001
3453,1,1.24,0,0,0,1000,0,0.10000000000000001
3454,1,1.24,0.01,0,0,1000,0,0.10000000000000001
3455,1,1.24,0.02,0,0,1000,0,0.10000000000000001
3456,1,1.24,0.17999999999999999,0,0,1000,0,0.10000000000000001
3457,1,1.24,0.19,0,0,1000,0,0.10000000000000001
3458,1,1.24,0.20000000000000001,0,0,1000,0,0.10000000000000001
3459,1,1.25,0,0,0,1000,0,0.10000000000000001
3460,1,1.25,0.01,0,0,1000,0,0.10000000000000001
3461,1,1.25,0.02,0,0,1000,0,0.10000000000000001
3462,1,1.25,0.17999999999999999,0,0,1000,0,0.10000000000000001
3463,1,1.25,0.19,0,0,1000,0,0.10000000000000001
3464,1,1.25,0.20000000000000001,0,0,1000,0,0.10000000000000001
3465,1,1.26,0,0,0,1000,0,0.10000000000000001
3466,1,1.26,0.01,0,0,1000,0,0.10000000000000001
3467,1,1.26,0.02,0,0,1000,0,0.10000000000000001
3468,1,1.26,0.17999999999999999,0,0,1000,0,0.10000000000000001
3469,1,1.26,0.19,0,0,1000,0,0.10000000000000001
3470,1,1.26,0.20000000000000001,0,0,1000,0,0.10000000000000001
3471,1,1.27,0,0,0,1000,0,0.10000000000000001
3472,1,1.27,0.01,0,0,1000,0,0.10000000000000001
3473,1,1.27,0.02,0,0,1000,0,0.10000000000000001
3474,1,1.27,0.17999999999999999,0,0,1000,0,0.10000000000000001
3475,1,1.27,0.19,0,0,1000,0,0.10000000000000001
3476,1,1.27,0.20000000000000001,0,0,1000,0,0.10000000000000001
3477,1,1.28,0,0,0,1000,0,0.10000000000000001
3478,1,1.28,0.01,0,0,1000,0,0.10000000000000001
3479,1,1.28,0.02,0,0,1000,0,0.10000000000000001
3480,1,1.28,0.17999999999999999,0,0,1000,0,0.10000000000000001
3481,1,1.28,0.19,0,0,1000,0,0.10000000000000001
3482,1,1.28,0.20000000000000001,0,0,1000,0,0.10000000000000001
3483,1,1.29,0,0,0,1000,0,0.10000000000000001
3484,1,1.29,0.01,0,0,1000,0,0.10000000000000001
3485,1,1.29,0.02,0,0,1000,0,0.10000000000000001
3486,1,1.29,0.17999999999999999,0,0,1000,0,0.10000000000000001
3487,1,1.29,0.19,0,0,1000,0,0.10000000000000001
3488,1,1.29,0.20000000000000001,0,0,1000,0,0.10000000000000001
3489,1,1.3,0,0,0,1000,0,0.10000000000000001
3490,1,1.3,0.01,0,0,1000,0,0.10000000000000001
3491,1,1.3,0.02,0,0,1000,0,0.10000000000000001
3492,1,1.3,0.17999999999999999,0,0,1000,0,0.10000000000000001
3493,1,1.3,0.19,0,0,1000,0,0.10000000000000001
3494,1,1.3,0.20000000000000001,0,0,1000,0,0.10000000000000001
3495,1,1.3100000000000001,0,0,0,1000,0,0.10000000000000001
3496,1,1.3100000000000001,0.01,0,0,1000,0,0.10000000000000001
3497,1,1.3100000000000001,0.02,0,0,1000,0,0.10000000000000001
3498,1,1.3100000000000001,0.17999999999999999,0,0,1000,0,0.10000000000000001
3499,1,1.3100000000000001,0.19,0,0,1000,0,0.10000000000000001
3500,1,1.3100000000000001,0.20000000000000001,0,0,1000,0,0.10000000000000001
3501,1,1.3200000000000001,0,0,0,1000,0,0.10000000000000001
3502,1,1.3200000000000001,0.01,0,0,1000,0,0.10000000000000001
3503,1,1.3200000000000001,0.02,0,0,1000,0,0.10000000000000001
3504,1,1.3200000000000001,0.17999999999999999,0,0,1000,0,0.10000000000000001
3505,1,1.3200000000000001,0.19,0,0,1000,0,0.10000000000000001
3506,1,1.3200000000000001,0.20000000000000001,0,0,1000,0,0.10000000000000001
3507,1,1.3300000000000001,0,0,0,1000,0,0.10000000000000001
3508,1,1.3300000000000001,0.01,0,0,1000,0,0.10000000000000001
3509,1,1.3300000000000001,0.02,0,0,1000,0,0.10000000000000001
3510,1,1.3300000000000001,0.17999999999999999,0,0,1000,0,0.10000000000000001
3511,1,1.3300000000000001,0.19,0,0,1000,0,0.10000000000000001
3512,1,1.3300000000000001,0.20000000000000001,0,0,1000,0,0.10000000000000001
3513,1,1.3400000000000001,0,0,0,1000,0,0.10000000000000001
3514,1,1.3400000000000001,0.01,0,0,1000,0,0.10000000000000001
3515,1,1.3400000000000001,0.02,0,0,1000,0,0.10000000000000001
3516,1,1.3400000000000001,0.17999999999999999,0,0,1000,0,0.10000000000000001
3517,1,1.3400000000000001,0.19,0,0,1000,0,0.10000000000000001
3518,1,1.3400000000000001,0.20000000000000001,0,0,1000,0,0.10000000000000001
3519,1,1.3500000000000001,0,0,0,1000,0,0.10000000000000001
3520,1,1.3500000000000001,0.01,0,0,1000,0,0.10000000000000001
3521,1,1.3500000000000001,0.02,0,0,1000,0,0.10000000000000001
3522,1,1.3500000000000001,0.17999999999999999,0,0,1000,0,0.10000000000000001
3523,1,1.3500000000000001,0.19,0,0,1000,0,0.10000000000000001
3524,1,1.3500000000000001,0.20000000000000001,0,0,1000,0,0.10000000000000001
3525,1,1.3600000000000001,0,0,0,1000,0,0.10000000000000001
3526,1,1.3600000000000001,0.01,0,0,1000,0,0.10000000000000001
3527,1,1.3600000000000001,0.02,0,0,1000,0,0.10000000000000001
3528,1,1.3600000000000001,0.17999999999999999,0,0,1000,0,0.10000000000000001
3529,1,1.3600000000000001,0.19,0,0,1000,0,0.10000000000000001
3530,1,1.3600000000000001,0.20000000000000001,0,0,1000,0,0.10000000000000001
3531,1,1.3700000000000001,0,0,0,1000,0,0.10000000000000001
3532,1,1.3700000000000001,0.01,0,0,1000,0,0.10000000000000001
3533,1,1.3700000000000001,0.02,0,0,1000,0,0.10000000000000001
3534,1,1.3700000000000001,0.17999999999999999,0,0,1000,0,0.10000000000000001
3535,1,1.3700000000000001,0.19,0,0,1000,0,0.10000000000000001
3536,1,1.3700000000000001,0.20000000000000001,0,0,1000,0,0.10000000000000001
3537,1,1.3800000000000001,0,0,0,1000,0,0.10000000000000001
3538,1,1.3800000000000001,0.01,0,0,1000,0,0.10000000000000001
3539,1,1.3800000000000001,0.02,0,0,1000,0,0.10000000000000001
3540,1,1.3800000000000001,0.17999999999999999,0,0,1000,0,0.10000000000000001
3541,1,1.3800000000000001,0.19,0,0,1000,0,0.10000000000000001
3542,1,1.3800000000000001,0.20000000000000001,0,0,1000,0,0.10000000000000001
3543,1,1.3900000000000001,0,0,0,1000,0,0.10000000000000001
3544,1,1.3900000000000001,0.01,0,0,1000,0,0.10000000000000001
3545,1,1.3900000000000001,0.02,0,0,1000,0,0.10000000000000001
3546,1,1.3900000000000001,0.17999999999999999,0,0,1000,0,0.10000000000000001
3547,1,1.3900000000000001,0.19,0,0,1000,0,0.10000000000000001
3548,1,1.3900000000000001,0.20000000000000001,0,0,1000,0,0.10000000000000001
3549,1,1.4000000000000001,0,0,0,1000,0,0.10000000000000001
3550,1,1.4000000000000001,0.01,0,0,1000,0,0.10000000000000001
3551,1,1.4000000000000001,0.02,0,0,1000,0,0.10000000000000001
3552,1,1.4000000000000001,0.17999999999999999,0,0,1000,0,0.10000000000000001
3553,1,1.4000000000000001,0.19,0,0,1000,0,0.10000000000000001
3554,1,1.4000000000000001,0.20000000000000001,0,0,1000,0,0.10000000000000001
3555,1,1.4099999999999999,0,0,0,1000,0,0.10000000000000001
3556,1,1.4099999999999999,0.01,0,0,1000,0,0.10000000000000001
3557,1,1.4099999999999999,0.02,0,0,1000,0,0.10000000000000001
3558,1,1.4099999999999999,0.17999999999999999,0,0,1000,0,0.10000000000000001
3559,1,1.4099999999999999,0.19,0,0,1000,0,0.10000000000000001
3560,1,1.4099999999999999,0.20000000000000001,0,0,1000,0,0.10000000000000001
3561,1,1.4199999999999999,0,0,0,1000,0,0.10000000000000001
3562,1,1.4199999999999999,0.01,0,0,1000,0,0.10000000000000001
3563,1,1.4199999999999999,0.02,0,0,1000,0,0.10000000000000001
3564,1,1.4199999999999999,0.17999999999999999,0,0,1000,0,0.10000000000000001
3565,1,1.4199999999999999,0.19,0,0,1000,0,0.10000000000000001
3566,1,1.4199999999999999,0.20000000000000001,0,0,1000,0,0.10000000000000001
3567,1,1.4299999999999999,0,0,0,1000,0,0.10000000000000001
3568,1,1.4299999999999999,0.01,0,0,1000,0,0.10000000000000001
3569,1,1.4299999999999999,0.02,0,0,1000,0,0.10000000000000001
3570,1,1.4299999999999999,0.17999999999999999,0,0,1000,0,0.10000000000000001
3571,1,1.4299999999999999,0.19,0,0,1000,0,0.10000000000000001
3572,1,1.4299999999999999,0.20000000000000001,0,0,1000,0,0.10000000000000001
3573,1,1.4399999999999999,0,0,0,1000,0,0.10000000000000001
3574,1,1.4399999999999999,0.01,0,0,1000,0,0.10000000000000001
3575,1,1.4399999999999999,0.02,0,0,1000,0,0.10000000000000001
3576,1,1.4399999999999999,0.17999999999999999,0,0,1000,0,0.10000000000000001
3577,1,1.4399999999999999,0.19,0,0,1000,0,0.10000000000000001
3578,1,1.4399999999999999,0.20000000000000001,0,0,1000,0,0.10000000000000001
3579,1,1.45,0,0,0,1000,0,0.10000000000000001
3580,1,1.45,0.01,0,0,1000,0,0.10000000000000001
3581,1,1.45,0.02,0,0,1000,0,0.10000000000000001
3582,1,1.45,0.17999999999999999,0,0,1000,0,0.10000000000000001
3583,1,1.45,0.19,0,0,1000,0,0.10000000000000001
3584,1,1.45,0.20000000000000001,0,0,1000,0,0.10000000000000001
3585,1,1.46,0,0,0,1000,0,0.10000000000000001
3586,1,1.46,0.01,0,0,1000,0,0.10000000000000001
3587,1,1.46,0.02,0,0,1000,0,0.10000000000000001
3588,1,1.46,0.17999999999999999,0,0,1000,0,0.10000000000000001
3589,1,1.46,0.19,0,0,1000,0,0.10000000000000001
3590,1,1.46,0.20000000000000001,0,0,1000,0,0.10000000000000001
3591,1,1.47,0,0,0,1000,0,0.10000000000000001
3592,1,1.47,0.01,0,0,1000,0,0.10000000000000001
3593,1,1.47,0.02,0,0,1000,0,0.10000000000000001
3594,1,1.47,0.17999999999999999,0,0,1000,0,0.10000000000000001
3595,1,1.47,0.19,0,0,1000,0,0.10000000000000001
3596,1,1.47,0.20000000000000001,0,0,1000,0,0.10000000000000001
3597,1,1.48,0,0,0,1000,0,0.10000000000000001
3598,1,1.48,0.01,0,0,1000,0,0.10000000000000001
3599,1,1.48,0.02,0,0,1000,0,0.10000000000000001
3600,1,1.48,0.17999999999999999,0,0,1000,0,0.10000000000000001
3601,1,1.48,0.19,0,0,1000,0,0.10000000000000001
3602,1,1.48,0.20000000000000001,0,0,1000,0,0.10000000000000001
3603,1,1.49,0,0,0,1000,0,0.10000000000000001
3604,1,1.49,0.01,0,0,1000,0,0.10000000000000001
3605,1,1.49,0.02,0,0,1000,0,0.10000000000000001
3606,1,1.49,0.17999999999999999,0,0,1000,0,0.10000000000000001
3607,1,1.49,0.19,0,0,1000,0,0.10000000000000001
3608,1,1.49,0.20000000000000001,0,0,1000,0,0.10000000000000001
3609,1,1.5,0,0,0,1000,0,0.10000000000000001
3610,1,1.5,0.01,0,0,1000,0,0.10000000000000001
3611,1,1.5,0.02,0,0,1000,0,0.10000000000000001
3612,1,1.5,0.17999999999999999,0,0,1000,0,0.10000000000000001
3613,1,1.5,0.19,0,0,1000,0,0.10000000000000001
3614,1,1.5,0.20000000000000001,0,0,1000,0,0.10000000000000001
3615,1,1.51,0,0,0,1000,0,0.10000000000000001
3616,1,1.51,0.01,0,0,1000,0,0.10000000000000001
3617,1,1.51,0.02,0,0,1000,0,0.10000000000000001
3618,1,1.51,0.17999999999999999,0,0,1000,0,0.10000000000000001
3619,1,1.51,0.19,0,0,1000,0,0.10000000000000001
3620,1,1.51,0.20000000000000001,0,0,1000,0,0.10000000000000001
3621,1,1.52,0,0,0,1000,0,0.10000000000000001
3622,1,1.52,0.01,0,0,1000,0,0.10000000000000001
3623,1,1.52,0.02,0,0,1000,0,0.10000000000000001
3624,1,1.52,0.17999999999999999,0,0,1000,0,0.10000000000000001
3625,1,1.52,0.19,0,0,1000,0,0.10000000000000001
3626,1,1.52,0.20000000000000001,0,0,1000,0,0.10000000000000001
3627,1,1.53,0,0,0,1000,0,0.10000000000000001
3628,1,1.53,0.01,0,0,1000,0,0.10000000000000001
3629,1,1.53,0.02,0,0,1000,0,0.10000000000000001
3630,1,1.53,0.17999999999999999,0,0,1000,0,0.10000000000000001
3631,1,1.53,0.19,0,0,1000,0,0.10000000000000001
3632,1,1.53,0.20000000000000001,0,0,1000,0,0.10000000000000001
3633,1,1.54,0,0,0,1000,0,0.10000000000000001
3634,1,1.54,0.01,0,0,1000,0,0.10000000000000001
3635,1,1.54,0.02,0,0,1000,0,0.10000000000000001
3636,1,1.54,0.17999999999999999,0,0,1000,0,0.10000000000000001
3637,1,1.54,0.19,0,0,1000,0,0.10000000000000001
3638,1,1.54,0.20000000000000001,0,0,1000,0,0.10000000000000001
3639,1,1.55,0,0,0,1000,0,0.10000000000000001
3640,1,1.55,0.01,0,0,1000,0,0.10000000000000001
3641,1,1.55,0.02,0,0,1000,0,0.10000000000000001
3642,1,1.55,0.17999999999999999,0,0,1000,0,0.10000000000000001
3643,1,1.55,0.19,0,0,1000,0,0.10000000000000001
3644,1,1.55,0.20000000000000001,0,0,1000,0,0.10000000000000001
3645,1,1.5600000000000001,0,0,0,1000,0,0.10000000000000001
3646,1,1.5600000000000001,0.01,0,0,1000,0,0.10000000000000001
3647,1,1.5600000000000001,0.02,0,0,1000,0,0.10000000000000001
3648,1,1.5600000000000001,0.17999999999999999,0,0,1000,0,0.10000000000000001
3649,1,1.5600000000000001,0.19,0,0,1000,0,0.10000000000000001
3650,1,1.5600000000000001,0.20000000000000001,0,0,1000,0,0.10000000000000001
3651,1,1.5700000000000001,0,0,0,1000,0,0.10000000000000001
3652,1,1.5700000000000001,0.01,0,0,1000,0,0.10000000000000001
3653,1,1.5700000000000001,0.02,0,0,1000,0,0.10000000000000001
3654,1,1.5700000000000001,0.17999999999999999,0,0,1000,0,0.10000000000000001
3655,1,1.5700000000000001,0.19,0,0,1000,0,0.10000000000000001
3656,1,1.5700000000000001,0.20000000000000001,0,0,1000,0,0.10000000000000001
3657,1,1.5800000000000001,0,0,0,1000,0,0.10000000000000001
3658,1,1.5800000000000001,0.01,0,0,1000,0,0.10000000000000001
3659,1,1.5800000000000001,0.02,0,0,1000,0,0.10000000000000001
3660,1,1.5800000000000001,0.17999999999999999,0,0,1000,0,0.10000000000000001
3661,1,1.5800000000000001,0.19,0,0,1000,0,0.10000000000000001
3662,1,1.5800000000000001,0.20000000000000001,0,0,1000,0,0.10000000000000001
3663,1,1.5900000000000001,0,0,0,1000,0,0.10000000000000001
3664,1,1.5900000000000001,0.01,0,0,1000,0,0.10000000000000001
3665,1,1.5900000000000001,0.02,0,0,1000,0,0.10000000000000001
3666,1,1.5900000000000001,0.17999999999999999,0,0,1000,0,0.10000000000000001
3667,1,1.5900000000000001,0.19,0,0,1000,0,0.10000000000000001
3668,1,1.5900000000000001,0.20000000000000001,0,0,1000,0,0.10000000000000001
3669,1,1.6000000000000001,0,0,0,1000,0,0.10000000000000001
3670,1,1.6000000000000001,0.01,0,0,1000,0,0.10000000000000001
3671,1,1.6000000000000001,0.02,0,0,1000,0,0.10000000000000001
3672,1,1.6000000000000001,0.17999999999999999,0,0,1000,0,0.10000000000000001
3673,1,1.6000000000000001,0.19,0,0,1000,0,0.10000000000000001
3674,1,1.6000000000000001,0.20000000000000001,0,0,1000,0,0.10000000000000001
3675,1,1.6100000000000001,0,0,0,1000,0,0.10000000000000001
3676,1,1.6100000000000001,0.01,0,0,1000,0,0.10000000000000001
3677,1,1.6100000000000001,0.02,0,0,1000,0,0.10000000000000001
3678,1,1.6100000000000001,0.17999999999999999,0,0,1000,0,0.10000000000000001
3679,1,1.6100000000000001,0.19,0,0,1000,0,0.10000000000000001
3680,1,1.6100000000000001,0.20000000000000001,0,0,1000,0,0.10000000000000001
3681,1,1.6200000000000001,0,0,0,1000,0,0.10000000000000001
3682,1,1.6200000000000001,0.01,0,0,1000,0,0.10000000000000001
3683,1,1.6200000000000001,0.02,0,0,1000,0,0.10000000000000001
3684,1,1.6200000000000001,0.17999999999999999,0,0,1000,0,0.10000000000000001
3685,1,1.6200000000000001,0.19,0,0,1000,0,0.10000000000000001
3686,1,1.6200000000000001,0.20000000000000001,0,0,1000,0,0.10000000000000001
3687,1,1.6300000000000001,0,0,0,1000,0,0.10000000000000001
3688,1,1.6300000000000001,0.01,0,0,1000,0,0.10000000000000001
3689,1,1.6300000000000001,0.02,0,0,1000,0,0.10000000000000001
3690,1,1.6300000000000001,0.17999999999999999,0,0,1000,0,0.10000000000000001
3691,1,1.6300000000000001,0.19,0,0,1000,0,0.10000000000000001
3692,1,1.6300000000000001,0.20000000000000001,0,0,1000,0,0.10000000000000001
3693,1,1.6400000000000001,0,0,0,1000,0,0.10000000000000001
3694,1,1.6400000000000001,0.01,0,0,1000,0,0.10000000000000001
3695,1,1.6400000000000001,0.02,0,0,1000,0,0.10000000000000001
3696,1,1.6400000000000001,0.17999999999999999,0,0,1000,0,0.10000000000000001
3697,1,1.6400000000000001,0.19,0,0,1000,0,0.10000000000000001
3698,1,1.6400000000000001,0.20000000000000001,0,0,1000,0,0.10000000000000001
3699,1,1.6500000000000001,0,0,0,1000,0,0.10000000000000001
3700,1,1.6500000000000001,0.01,0,0,1000,0,0.10000000000000001
3701,1,1.6500000000000001,0.02,0,0,1000,0,0.10000000000000001
3702,1,1.6500000000000001,0.17999999999999999,0,0,1000,0,0.10000000000000001
3703,1,1.6500000000000001,0.19,0,0,1000,0,0.10000000000000001
3704,1,1.6500000000000001,0.20000000000000001,0,0,1000,0,0.10000000000000001
3705,1,1.6600000000000001,0,0,0,1000,0,0.10000000000000001
3706,1,1.6600000000000001,0.01,0,0,1000,0,0.10000000000000001
3707,1,1.6600000000000001,0.02,0,0,1000,0,0.10000000000000001
3708,1,1.6600000000000001,0.17999999999999999,0,0,1000,0,0.10000000000000001
3709,1,1.6600000000000001,0.19,0,0,1000,0,0.10000000000000001
3710,1,1.6600000000000001,0.20000000000000001,0,0,1000,0,0.10000000000000001
3711,1,1.6699999999999999,0,0,0,1000,0,0.10000000000000001
3712,1,1.6699999999999999,0.01,0,0,1000,0,0.10000000000000001
3713,1,1.6699999999999999,0.02,0,0,1000,0,0.10000000000000001
3714,1,1.6699999999999999,0.17999999999999999,0,0,1000,0,0.10000000000000001
3715,1,1.6699999999999999,0.19,0,0,1000,0,0.10000000000000001
3716,1,1.6699999999999999,0.20000000000000001,0,0,1000,0,0.10000000000000001
3717,1,1.6799999999999999,0,0,0,1000,0,0.10000000000000001
3718,1,1.6799999999999999,0.01,0,0,1000,0,0.10000000000000001
3719,1,1.6799999999999999,0.02,0,0,1000,0,0.10000000000000001
3720,1,1.6799999999999999,0.17999999999999999,0,0,1000,0,0.10000000000000001
3721,1,1.6799999999999999,0.19,0,0,1000,0,0.10000000000000001
3722,1,1.6799999999999999,0.20000000000000001,0,0,1000,0,0.10000000000000001
3723,1,1.6899999999999999,0,0,0,1000,0,0.10000000000000001
3724,1,1.6899999999999999,0.01,0,0,1000,0,0.10000000000000001
3725,1,1.6899999999999999,0.02,0,0,1000,0,0.10000000000000001
3726,1,1.6899999999999999,0.17999999999999999,0,0,1000,0,0.10000000000000001
3727,1,1.6899999999999999,0.19,0,0,1000,0,0.10000000000000001
3728,1,1.6899999999999999,0.20000000000000001,0,0,1000,0,0.10000000000000001
3729,1,1.7,0,0,0,1000,0,0.10000000000000001
3730,1,1.7,0.01,0,0,1000,0,0.10000000000000001
3731,1,1.7,0.02,0,0,1000,0,0.10000000000000001
3732,1,1.7,0.17999999999999999,0,0,1000,0,0.10000000000000001
3733,1,1.7,0.19,0,0,1000,0,0.10000000000000001
3734,1,1.7,0.20000000000000001,0,0,1000,0,0.10000000000000001
3735,1,1.71,0,0,0,1000,0,0.10000000000000001
3736,1,1.71,0.01,0,0,1000,0,0.10000000000000001
3737,1,1.71,0.02,0,0,1000,0,0.10000000000000001
3738,1,1.71,0.17999999999999999,0,0,1000,0,0.10000000000000001
3739,1,1.71,0.19,0,0,1000,0,0.10000000000000001
3740,1,1.71,0.20000000000000001,0,0,1000,0,0.10000000000000001
3741,1,1.72,0,0,0,1000,0,0.10000000000000001
3742,1,1.72,0.01,0,0,1000,0,0.10000000000000001
3743,1,1.72,0.02,0,0,1000,0,0.10000000000000001
3744,1,1.72,0.17999999999999999,0,0,1000,0,0.10000000000000001
3745,1,1.72,0.19,0,0,1000,0,0.10000000000000001
3746,1,1.72,0.20000000000000001,0,0,1000,0,0.10000000000000001
3747,1,1.73,0,0,0,1000,0,0.10000000000000001
3748,1,1.73,0.01,0,0,1000,0,0.10000000000000001
3749,1,1.73,0.02,0,0,1000,0,0.10000000000000001
3750,1,1.73,0.17999999999999999,0,0,1000,0,0.10000000000000001
3751,1,1.73,0.19,0,0,1000,0,0.10000000000000001
3752,1,1.73,0.20000000000000001,0,0,1000,0,0.10000000000000001
3753,1,1.74,0,0,0,1000,0,0.10000000000000001
3754,1,1.74,0.01,0,0,1000,0,0.10000000000000001
3755,1,1.74,0.02,0,0,1000,0,0.10000000000000001
3756,1,1.74,0.17999999999999999,0,0,1000,0,0.10000000000000001
3757,1,1.74,0.19,0,0,1000,0,0.10000000000000001
3758,1,1.74,0.20000000000000001,0,0,1000,0,0.10000000000000001
3759,1,1.75,0,0,0,1000,0,0.10000000000000001
3760,1,1.75,0.01,0,0,1000,0,0.10000000000000001
3761,1,1.75,0.02,0,0,1000,0,0.10000000000000001
3762,1,1.75,0.17999999999999999,0,0,1000,0,0.10000000000000001
3763,1,1.75,0.19,0,0,1000,0,0.10000000000000001
3764,1,1.75,0.20000000000000001,0,0,1000,0,0.10000000000000001
3765,1,1.76,0,0,0,1000,0,0.10000000000000001
3766,1,1.76,0.01,0,0,1000,0,0.10000000000000001
3767,1,1.76,0.02,0,0,1000,0,0.10000000000000001
3768,1,1.76,0.17999999999999999,0,0,1000,0,0.10000000000000001
3769,1,1.76,0.19,0,0,1000,0,0.10000000000000001
3770,1,1.76,0.20000000000000001,0,0,1000,0,0.10000000000000001
3771,1,1.77,0,0,0,1000,0,0.10000000000000001
3772,1,1.77,0.01,0,0,1000,0,0.10000000000000001
3773,1,1.77,0.02,0,0,1000,0,0.10000000000000001
3774,1,1.77,0.17999999999999999,0,0,1000,0,0.10000000000000001
3775,1,1.77,0.19,0,0,1000,0,0.10000000000000001
3776,1,1.77,0.20000000000000001,0,0,1000,0,0.10000000000000001
3777,1,1.78,0,0,0,1000,0,0.10000000000000001
3778,1,1.78,0.01,0,0,1000,0,0.10000000000000001
3779,1,1.78,0.02,0,0,1000,0,0.10000000000000001
3780,1,1.78,0.17999999999999999,0,0,1000,0,0.10000000000000001
3781,1,1.78,0.19,0,0,1000,0,0.10000000000000001
3782,1,1.78,0.20000000000000001,0,0,1000,0,0.10000000000000001
3783,1,1.79,0,0,0,1000,0,0.10000000000000001
3784,1,1.79,0.01,0,0,1000,0,0.10000000000000001
3785,1,1.79,0.02,0,0,1000,0,0.10000000000000001
3786,1,1.79,0.17999999999999999,0,0,1000,0,0.10000000000000001
3787,1,1.79,0.19,0,0,1000,0,0.10000000000000001
3788,1,1.79,0.20000000000000001,0,0,1000,0,0.10000000000000001
3789,1,1.8,0,0,0,1000,0,0.10000000000000001
3790,1,1.8,0.01,0,0,1000,0,0.10000000000000001
3791,1,1.8,0.02,0,0,1000,0,0.10000000000000001
3792,1,1.8,0.17999999999999999,0,0,1000,0,0.10000000000000001
3793,1,1.8,0.19,0,0,1000,0,0.10000000000000001
3794,1,1.8,0.20000000000000001,0,0,1000,0,0.10000000000000001
3795,1,1.8100000000000001,0,0,0,1000,0,0.10000000000000001
3796,1,1.8100000000000001,0.01,0,0,1000,0,0.10000000000000001
3797,1,1.8100000000000001,0.02,0,0,1000,0,0.10000000000000001
3798,1,1.8100000000000001,0.17999999999999999,0,0,1000,0,0.10000000000000001
3799,1,1.8100000000000001,0.19,0,0,1000,0,0.10000000000000001
3800,1,1.8100000000000001,0.20000000000000001,0,0,1000,0,0.10000000000000001
3801,1,1.8200000000000001,0,0,0,1000,0,0.10000000000000001
3802,1,1.8200000000000001,0.01,0,0,1000,0,0.10000000000000001
3803,1,1.8200000000000001,0.02,0,0,1000,0,0.10000000000000001
3804,1,1.8200000000000001,0.17999999999999999,0,0,1000,0,0.10000000000000001
3805,1,1.8200000000000001,0.19,0,0,1000,0,0.10000000000000001
3806,1,1.8200000000000001,0.20000000000000001,0,0,1000,0,0.10000000000000001
3807,1,1.8300000000000001,0,0,0,1000,0,0.10000000000000001
3808,1,1.8300000000000001,0.01,0,0,1000,0,0.10000000000000001
3809,1,1.8300000000000001,0.02,0,0,1000,0,0.10000000000000001
3810,1,1.8300000000000001,0.17999999999999999,0,0,1000,0,0.10000000000000001
3811,1,1.8300000000000001,0.19,0,0,1000,0,0.10000000000000001
3812,1,1.8300000000000001,0.20000000000000001,0,0,1000,0,0.10000000000000001
3813,1,1.8400000000000001,0,0,0,1000,0,0.10000000000000001
3814,1,1.8400000000000001,0.01,0,0,1000,0,0.10000000000000001
3815,1,1.8400000000000001,0.02,0,0,1000,0,0.10000000000000001
3816,1,1.8400000000000001,0.17999999999999999,0,0,1000,0,0.10000000000000001
3817,1,1.8400000000000001,0.19,0,0,1000,0,0.10000000000000001
3818,1,1.8400000000000001,0.20000000000000001,0,0,1000,0,0.10000000000000001
3819,1,1.8500000000000001,0,0,0,1000,0,0.10000000000000001
3820,1,1.8500000000000001,0.01,0,0,1000,0,0.10000000000000001
3821,1,1.8500000000000001,0.02,0,0,1000,0,0.10000000000000001
3822,1,1.8500000000000001,0.17999999999999999,0,0,1000,0,0.10000000000000001
3823,1,1.8500000000000001,0.19,0,0,1000,0,0.10000000000000001
3824,1,1.8500000000000001,0.20000000000000001,0,0,1000,0,0.10000000000000001
3825,1,1.8600000000000001,0,0,0,1000,0,0.10000000000000001
3826,1,1.8600000000000001,0.01,0,0,1000,0,0.10000000000000001
3827,1,1.8600000000000001,0.02,0,0,1000,0,0.10000000000000001
3828,1,1.8600000000000001,0.17999999999999999,0,0,1000,0,0.10000000000000001
3829,1,1.8600000000000001,0.19,0,0,1000,0,0.10000000000000001
3830,1,1.8600000000000001,0.20000000000000001,0,0,1000,0,0.10000000000000001
3831,1,1.8700000000000001,0,0,0,1000,0,0.10000000000000001
3832,1,1.8700000000000001,0.01,0,0,1000,0,0.10000000000000001
3833,1,1.8700000000000001,0.02,0,0,1000,0,0.10000000000000001
3834,1,1.8700000000000001,0.17999999999999999,0,0,1000,0,0.10000000000000001
3835,1,1.8700000000000001,0.19,0,0,1000,0,0.10000000000000001
3836,1,1.8700000000000001,0.20000000000000001,0,0,1000,0,0.10000000000000001
3837,1,1.8800000000000001,0,0,0,1000,0,0.10000000000000001
3838,1,1.8800000000000001,0.01,0,0,1000,0,0.10000000000000001
3839,1,1.8800000000000001,0.02,0,0,1000,0,0.10000000000000001
3840,1,1.8800000000000001,0.17999999999999999,0,0,1000,0,0.10000000000000001
3841,1,1.8800000000000001,0.19,0,0,1000,0,0.10000000000000001
3842,1,1.8800000000000001,0.20000000000000001,0,0,1000,0,0.10000000000000001
3843,1,1.8900000000000001,0,0,0,1000,0,0.10000000000000001
3844,1,1.8900000000000001,0.01,0,0,1000,0,0.10000000000000001
3845,1,1.8900000000000001,0.02,0,0,1000,0,0.10000000000000001
3846,1,1.8900000000000001,0.17999999999999999,0,0,1000,0,0.10000000000000001
3847,1,1.8900000000000001,0.19,0,0,1000,0,0.10000000000000001
3848,1,1.8900000000000001,0.20000000000000001,0,0,1000,0,0.10000000000000001
3849,1,1.9000000000000001,0,0,0,1000,0,0.10000000000000001
3850,1,1.9000000000000001,0.01,0,0,1000,0,0.10000000000000001
3851,1,1.9000000000000001,0.02,0,0,1000,0,0.10000000000000001
3852,1,1.9000000000000001,0.17999999999999999,0,0,1000,0,0.10000000000000001
3853,1,1.9000000000000001,0.19,0,0,1000,0,0.10000000000000001
3854,1,1.9000000000000001,0.20000000000000001,0,0,1000,0,0.10000000000000001
3855,1,1.9100000000000001,0,0,0,1000,0,0.10000000000000001
3856,1,1.9100000000000001,0.01,0,0,1000,0,0.10000000000000001
3857,1,1.9100000000000001,0.02,0,0,1000,0,0.10000000000000001
3858,1,1.9100000000000001,0.17999999999999999,0,0,1000,0,0.10000000000000001
3859,1,1.9100000000000001,0.19,0,0,1000,0,0.10000000000000001
3860,1,1.9100000000000001,0.20000000000000001,0,0,1000,0,0.10000000000000001
3861,1,1.9199999999999999,0,0,0,1000,0,0.10000000000000001
3862,1,1.9199999999999999,0.01,0,0,1000,0,0.10000000000000001
3863,1,1.9199999999999999,0.02,0,0,1000,0,0.10000000000000001
3864,1,1.9199999999999999,0.17999999999999999,0,0,1000,0,0.10000000000000001
3865,1,1.9199999999999999,0.19,0,0,1000,0,0.10000000000000001
3866,1,1.9199999999999999,0.20000000000000001,0,0,1000,0,0.10000000000000001
3867,1,1.9299999999999999,0,0,0,1000,0,0.10000000000000001
3868,1,1.9299999999999999,0.01,0,0,1000,0,0.10000000000000001
3869,1,1.9299999999999999,0.02,0,0,1000,0,0.10000000000000001
3870,1,1.9299999999999999,0.17999999999999999,0,0,1000,0,0.10000000000000001
3871,1,1.9299999999999999,0.19,0,0,1000,0,0.10000000000000001
3872,1,1.9299999999999999,0.20000000000000001,0,0,1000,0,0.10000000000000001
3873,1,1.9399999999999999,0,0,0,1000,0,0.10000000000000001
3874,1,1.9399999999999999,0.01,0,0,1000,0,0.10000000000000001
3875,1,1.9399999999999999,0.02,0,0,1000,0,0.10000000000000001
3876,1,1.9399999999999999,0.17999999999999999,0,0,1000,0,0.10000000000000001
3877,1,1.9399999999999999,0.19,0,0,1000,0,0.10000000000000001
3878,1,1.9399999999999999,0.20000000000000001,0,0,1000,0,0.10000000000000001
3879,1,1.95,0,0,0,1000,0,0.10000000000000001
3880,1,1.95,0.01,0,0,1000,0,0.10000000000000001
3881,1,1.95,0.02,0,0,1000,0,0.10000000000000001
3882,1,1.95,0.17999999999999999,0,0,1000,0,0.10000000000000001
3883,1,1.95,0.19,0,0,1000,0,0.10000000000000001
3884,1,1.95,0.20000000000000001,0,0,1000,0,0.10000000000000001
3885,1,1.96,0,0,0,1000,0,0.10000000000000001
3886,1,1.96,0.01,0,0,1000,0,0.10000000000000001
3887,1,1.96,0.02,0,0,1000,0,0.10000000000000001
3888,1,1.96,0.17999999999999999,0,0,1000,0,0.10000000000000001
3889,1,1.96,0.19,0,0,1000,0,0.10000000000000001
3890,1,1.96,0.20000000000000001,0,0,1000,0,0.10000000000000001
3891,1,1.97,0,0,0,1000,0,0.10000000000000001
3892,1,1.97,0.01,0,0,1000,0,0.10000000000000001
3893,1,1.97,0.02,0,0,1000,0,0.10000000000000001
3894,1,1.97,0.17999999999999999,0,0,1000,0,0.10000000000000001
3895,1,1.97,0.19,0,0,1000,0,0.10000000000000001
3896,1,1.97,0.20000000000000001,0,0,1000,0,0.10000000000000001
3897,1,1.98,0,0,0,1000,0,0.10000000000000001
3898,1,1.98,0.01,0,0,1000,0,0.10000000000000001
3899,1,1.98,0.02,0,0,1000,0,0.10000000000000001
3900,1,1.98,0.17999999999999999,0,0,1000,0,0.10000000000000001
3901,1,1.98,0.19,0,0,1000,0,0.10000000000000001
3902,1,1.98,0.20000000000000001,0,0,1000,0,0.10000000000000001
3903,1,1.99,0,0,0,1000,0,0.10000000000000001
3904,1,1.99,0.01,0,0,1000,0,0.10000000000000001
3905,1,1.99,0.19,0,0,1000,0,0.10000000000000001
3906,1,1.99,0.20000000000000001,0,0,1000,0,0.10000000000000001
3907,1,2,0,0,0,1000,0,0.10000000000000001
3908,1,2,0.20000000000000001,0,0,1000,0,0.10000000000000001
