id,is_boundary,x,y,vx,vy,rho,p,m
0,0,0.10745509204396052,0.044710545717768967,-0.0033449269705645092,0.022263111079861161,999.31986495533476,-340.0675223326175,0.10000000000000001
1,0,0.11795284372075338,0.0042011442514108049,-0.19391724046765046,1.5903207899484064,1015.2634778435245,7631.7389217622349,0.10000000000000001
2,0,0.1033085135558532,0.042580687195950255,0.009126889363344836,0.034913267087239748,999.19796259667294,-401.01870166353137,0.10000000000000001
3,0,0.13312900185740525,0.040363608742033208,0.017952144060805683,0.069220033264392189,1001.1056109110588,552.80545552938065,0.10000000000000001
4,0,0.13154841075237714,0.037876157326503956,0.039813315595723958,-0.06128391765469629,997.15224784714621,-1423.8760764268932,0.10000000000000001
5,0,0.15205505849444423,0.031596341164510065,0.051512621027391951,0.014679102470357452,999.00762504656825,-496.18747671587471,0.10000000000000001
6,0,0.15982003063105074,0.036093317773198304,0.060144283500425159,0.045836773873512066,999.2943508628897,-352.82456855514965,0.10000000000000001
7,0,0.17058439958072813,0.028105046269188281,0.046034700859360796,-0.029278595539785193,998.64949273887169,-675.25363056415699,0.10000000000000001
8,0,0.17896656446325121,0.035184147179340444,0.055216745996724464,0.02341564914259129,998.28469490011139,-857.65254994430506,0.10000000000000001
9,0,0.1896819767010845,0.027659511344015123,0.05475666030748122,0.054541285267867189,997.64210507830603,-1178.9474608469845,0.10000000000000001
10,0,0.19845703474171411,0.033382242515979696,0.081749179361188903,0.0020230935318206961,996.95850457455992,-1520.7477127200377,0.10000000000000001
11,0,0.20898596192296501,0.027606718912431275,0.062676780212088806,0.0031658336217808189,997.60418846717266,-1197.905766413669,0.10000000000000001
12,0,0.21826969090021869,0.032268314490333072,0.070246418197343161,0.017063933182013151,996.9681032281427,-1515.9483859286524,0.10000000000000001
13,0,0.22854404762533953,0.028173247856534432,0.072046704411449933,-0.0098887399461257287,996.47844076952515,-1760.7796152374249,0.10000000000000001
14,0,0.23824547652815897,0.031382038940559215,0.068793851756229318,0.01871095173841484,996.43263094675478,-1783.6845266226078,0.10000000000000001
15,0,0.24836760698432603,0.029142697710091845,0.069930163712889695,-0.0087971260690933653,995.91320029782162,-2043.3998510891911,0.10000000000000001
16,0,0.25827304193646167,0.030571943088497242,0.070210373079438282,0.018634022591279269,996.1847854974377,-1907.6072512811493,0.10000000000000001
17,0,0.26835424785042755,0.029995549396775224,0.067860064256293887,-0.020524931122458224,996.29929064318196,-1850.354678409019,0.10000000000000001
18,0,0.27834345412943778,0.029906619343461473,0.064633741202624898,0.0105366582105958,997.19210921505498,-1403.945392472508,0.10000000000000001
19,0,0.28836551220697537,0.030318140493165405,0.062778193837126448,-0.0036990937956986121,997.68175671604376,-1159.1216419781176,0.10000000000000001
20,0,0.29838722845120763,0.029794624822958214,0.064625982321280084,0.010713511113688146,998.12740879022567,-936.29560488716379,0.10000000000000001
21,0,0.30840295887668512,0.030254536528153329,0.066136341929525486,-0.0023493048901396247,998.26776983251955,-866.11508374022605,0.10000000000000001
22,0,0.31843620230668157,0.029931433272752831,0.060961302938920464,-0.0069824763687069578,998.63407608885791,-682.96195557104511,0.10000000000000001
23,0,0.32845675878185648,0.030035135084135321,0.057496180736598554,0.00076287706430473398,998.80190177453471,-599.04911273264361,0.10000000000000001
24,0,0.33846908943455561,0.030120275630181863,0.059271783063944629,-0.0036511060434982106,998.4966320957958,-751.68395210209837,0.10000000000000001
25,0,0.34853086153075785,0.029948984661751263,0.054560143531180862,-0.017009445179397349,998.42478762281644,-787.60618859178066,0.10000000000000001
26,0,0.35853706410111724,0.030090134775319653,0.047144905304882967,0.0042867481946530749,998.52197921700076,-739.01039149961889,0.10000000000000001
27,0,0.36858462890864968,0.030037248809247831,0.050670805866503431,-0.00074900884654002255,997.91387858522194,-1043.0607073890314,0.10000000000000001
28,0,0.37863071258935621,0.030040297435051617,0.046315634377173218,-0.0024407863910946527,997.72882463843837,-1135.5876807808158,0.10000000000000001
29,0,0.38867311523855791,0.030067400509142021,0.042149299072421265,0.0040950539074005128,997.6113130128133,-1194.343493593351,0.10000000000000001
30,0,0.39872288437136166,0.03002347458174098,0.047103217280859505,0.0099344298669257151,997.14005041255552,-1429.9747937222378,0.10000000000000001
31,0,0.40877839170413272,0.030101904935274482,0.047836568300347923,-0.0011226112851446975,996.94510126135617,-1527.4493693219142,0.10000000000000001
32,0,0.41884207730124262,0.030003790059831087,0.0447447389702504,0.0003318890520026771,997.19597959923647,-1402.0102003817669,0.10000000000000001
33,0,0.42888099994451834,0.030085995873839162,0.049929129118586622,0.0059899605469941617,997.21788011747628,-1391.0599412618581,0.10000000000000001
34,0,0.43894682937152896,0.030051702527418407,0.056311242237758852,-0.0045798581134017637,997.18938363558937,-1405.3081822053173,0.10000000000000001
35,0,0.4489972757434732,0.030035556841505863,0.057811762174702276,0.0014041511902765137,997.49349041979383,-1253.2547901030853,0.10000000000000001
36,0,0.45904542489579531,0.030081740601059771,0.059879847768119762,-0.0026791826891405246,997.71471030206976,-1142.6448489651193,0.10000000000000001
37,0,0.46909822047511984,0.03002219223888037,0.060822783938034759,-0.0026003788264673268,997.93581953188959,-1032.0902340552038,0.10000000000000001
38,0,0.4791401667952836,0.030059815936479287,0.061576065360093017,-1.7506295248308879e-05,998.04446938306853,-977.76530846573451,0.10000000000000001
39,0,0.48919274864342149,0.030046229134297251,0.060503809357252046,-0.0076664986442875659,998.0702895876467,-964.85520617665088,0.10000000000000001
40,0,0.49923782473573125,0.030032985004596325,0.058357001415957212,-0.0071330053811485506,998.06326125637054,-968.36937181473104,0.10000000000000001
41,0,0.50928481089254252,0.030057244176042264,0.058446897179521097,-0.0097994605630382647,997.79625157001033,-1101.8742149948366,0.10000000000000001
42,0,0.51933830657093694,0.030042223272361654,0.057335392102563908,-0.012034748481845842,997.47308798398001,-1263.4560080099959,0.10000000000000001
43,0,0.5293882190905862,0.030054778550723488,0.054956504016916728,-0.00862600829883459,997.17431551531945,-1412.8422423402753,0.10000000000000001
44,0,0.53944215493139203,0.030061265628677242,0.054233628095555091,-0.0056253834350019098,996.81963470160156,-1590.182649199221,0.10000000000000001
45,0,0.54949822104376256,0.03005802027096997,0.055275938221943426,0.00022424377611792779,996.49656356753951,-1751.7182162302447,0.10000000000000001
46,0,0.55955676056312065,0.030067667313165132,0.056603387346376731,0.0047787626008159601,996.32566926706602,-1837.1653664669907,0.10000000000000001
47,0,0.56961625970754326,0.030061857661329908,0.057729586992248096,0.0079559072586732268,996.38976318835728,-1805.1184058213607,0.10000000000000001
48,0,0.57967292008248184,0.030060788417254628,0.060806995645120536,0.010612616790885956,996.58615942346239,-1706.9202882688046,0.10000000000000001
49,0,0.58973032876095666,0.03006079645594819,0.065481464405976228,0.0091195355662958243,996.84066963500391,-1579.6651824980472,0.10000000000000001
50,0,0.59978498993342277,0.030054768866952991,0.06926859571847345,0.0069254548015646915,997.16924366961291,-1415.3781651935446,0.10000000000000001
51,0,0.60983597853477589,0.030055984071391546,0.071658456105915508,0.0041700753224380195,997.47208968284781,-1263.9551585760955,0.10000000000000001
52,0,0.61988547796013194,0.030054238316284947,0.072159574593965922,0.0010154057988578159,997.66840689954597,-1165.7965502270144,0.10000000000000001
53,0,0.62993277603074893,0.030053685341854222,0.070193335049472672,-0.00034054747458446479,997.72776168440055,-1136.1191577997261,0.10000000000000001
54,0,0.63998062369074393,0.030054709301554915,0.065481196760832805,-0.001042813327844455,997.65382834007494,-1173.0858299625311,0.10000000000000001
55,0,0.65002949450626435,0.030053582590242194,0.058594730342494218,-0.00054540405610718973,997.48586325772578,-1257.0683711371089,0.10000000000000001
56,0,0.66008063137586692,0.030054324437455451,0.051304298420523184,-7.9749473437159944e-05,997.24144074515698,-1379.2796274215107,0.10000000000000001
57,0,0.67013581760373797,0.030053636852679925,0.044689867330247719,-0.00069269217428526045,996.97915101885542,-1510.4244905722908,0.10000000000000001
58,0,0.68019370501826315,0.030052892757302045,0.039588021321505892,-0.001423318750725369,996.75396647445154,-1623.0167627742276,0.10000000000000001
59,0,0.69025420624981193,0.030054027463407729,0.036830820130448319,-0.0029179894365988341,996.57077760034883,-1714.6111998255833,0.10000000000000001
60,0,0.70031659436645632,0.030056216020373734,0.036333834496604211,-0.0050137906716952877,996.43379183792285,-1783.104081038573,0.10000000000000001
61,0,0.71037962004679167,0.030058591784935963,0.037372344137127256,-0.0066035636355785679,996.33497731743216,-1832.5113412839187,0.10000000000000001
62,0,0.72044251039987506,0.030061688704431135,0.038943785602708163,-0.0070894874497173868,996.25095512509336,-1874.5224374533223,0.10000000000000001
63,0,0.73050482521321836,0.030065683150485887,0.03999237980366363,-0.006698064896730061,996.16652580418804,-1916.7370979059797,0.10000000000000001
64,0,0.74056676540607391,0.030067983823100698,0.039718727394601375,-0.0056878885092668972,996.08398310744792,-1958.0084462760396,0.10000000000000001
65,0,0.75062814257802624,0.030069709843694257,0.037925504861517259,-0.00422889322230621,996.01063433857757,-1994.6828307112128,0.10000000000000001
66,0,0.76068917839410688,0.030070540750846465,0.034923259539332396,-0.0029674326598120009,995.95791353516699,-2021.0432324165026,0.10000000000000001
67,0,0.77074999296808844,0.030069871689737387,0.03151433831084937,-0.002008984510566312,995.93089695063509,-2034.5515246824561,0.10000000000000001
68,0,0.78081064320586258,0.030069809935972743,0.028682607844053288,-0.0014289749500223572,995.9183808299822,-2040.8095850089012,0.10000000000000001
69,0,0.79087134798217629,0.030069248857313626,0.026834109186937943,-0.00096815747184380554,995.92129216654416,-2039.3539167279187,0.10000000000000001
70,0,0.8009317603228957,0.030068665587439022,0.02621729696057604,0.00023648930782140944,995.93661760621274,-2031.6911968936324,0.10000000000000001
71,0,0.81099203248705731,0.030068803588998962,0.027217304076420069,0.0023363610903680801,995.94192703004762,-2029.0364849761886,0.10000000000000001
72,0,0.82105266502333007,0.030068353857346988,0.029861971021991382,0.0050814343833827024,995.9309009341182,-2034.5495329409005,0.10000000000000001
73,0,0.83111397480028371,0.030067713254328748,0.033672212965577361,0.0077675142432052022,995.93160843842952,-2034.1957807852395,0.10000000000000001
74,0,0.8411757125281113,0.030066064085139774,0.03792640490884782,0.0095056208423106876,995.98723137498678,-2006.3843125066114,0.10000000000000001
75,0,0.85123688555447397,0.030063333702762839,0.042377150508801545,0.0098056588205746188,996.10722248860998,-1946.3887556950112,0.10000000000000001
76,0,0.86129716875244211,0.030060826437355366,0.04691114433674394,0.0079312536114012552,996.27657614490022,-1861.7119275498908,0.10000000000000001
77,0,0.87135610146904141,0.0300578564147276,0.050566027637005698,0.0038294243518375696,996.5016972993119,-1749.1513503440501,0.10000000000000001
78,0,0.88141229088944228,0.030054601195264697,0.052296987800529458,-0.0012212791623053187,996.77197931881801,-1614.010340590994,0.10000000000000001
79,0,0.89146522590409838,0.030052001123680321,0.05192035123642217,-0.0058820216237323751,997.03550719747784,-1482.2464012610794,0.10000000000000001
80,0,0.90151549994457114,0.030049861689474936,0.049577970884770478,-0.0092649675332348285,997.2525577641386,-1373.7211179306996,0.10000000000000001
81,0,0.91156371796089231,0.030047863636706838,0.045277341024905653,-0.010659158613846418,997.41754389733796,-1291.2280513310179,0.10000000000000001
82,0,0.92161037791607303,0.030045889428605432,0.039435081668956207,-0.0096471384034562385,997.53632355113427,-1231.8382244328632,0.10000000000000001
83,0,0.93165629114606241,0.030044245180398201,0.033241772809280409,-0.0067331200818606177,997.62144372382659,-1189.2781380867063,0.10000000000000001
84,0,0.94170220336117361,0.030042722285379134,0.027978565480391432,-0.0031204877977018129,997.69886781195225,-1150.5660940238727,0.10000000000000001
85,0,0.95174804628684029,0.030040858117600416,0.024416376825648796,0.00027384119135193108,997.78843114782228,-1105.7844260888601,0.10000000000000001
86,0,0.96179370029792854,0.030039247052434295,0.022948027417401266,0.0027991888312455912,997.8950769968236,-1052.4615015881977,0.10000000000000001
87,0,0.97183921466365586,0.030037906200002375,0.023791086473244075,0.0041208719584876997,998.02401540339611,-987.9922983019469,0.10000000000000001
88,0,0.98188405899564413,0.030036417648690975,0.026916740484633793,0.0045113296460411291,998.15618837263673,-921.90581368163294,0.10000000000000001
89,0,0.99192825102153703,0.030035402839990902,0.031702251190766646,0.0043836925510389218,998.24562991190044,-877.18504404978148,0.10000000000000001
90,0,1.0019726265489011,0.030034921654686065,0.037161352850692379,0.0042138449964513828,998.27977264415097,-860.11367792451665,0.10000000000000001
91,0,1.0120172615000882,0.030034508311344583,0.042652701371171581,0.0043451446682982063,998.26842177304934,-865.78911347532994,0.10000000000000001
92,0,1.022062216620808,0.03003465508880513,0.047557149925896831,0.004486519924628749,998.19749392337258,-901.25303831371184,0.10000000000000001
93,0,1.032108364607526,0.030035380511063723,0.050894748164054732,0.0041608103934729895,998.07351453639865,-963.24273180067621,0.10000000000000001
94,0,1.042155838737213,0.030036075041363169,0.052004585615941609,0.0029578286853053472,997.93993888043349,-1030.0305597832562,0.10000000000000001
95,0,1.0522042017401025,0.030037123847278691,0.050835408927770109,0.00058303647215447805,997.81763232179412,-1091.1838391029391,0.10000000000000001
96,0,1.0622535777633491,0.030038554122159833,0.047599876000705428,-0.002684181476497567,997.70377156683082,-1148.1142165845881,0.10000000000000001
97,0,1.0723039059767623,0.030039747119605061,0.04266899023842495,-0.0062297794709001092,997.5970520888078,-1201.4739555961,0.10000000000000001
98,0,1.0823550759559601,0.030041089220857714,0.03677461290291769,-0.0091747263807029078,997.4828570123816,-1258.5714938091996,0.10000000000000001
99,0,1.0924077023776437,0.030042788233131737,0.031171764077149632,-0.010327518762903245,997.33974932977071,-1330.1253351146443,0.10000000000000001
100,0,1.1024624430501926,0.030044461461624424,0.027058022263498224,-0.0091450776943437229,997.15856057400595,-1420.7197129970268,0.10000000000000001
101,0,1.112519646168213,0.030046142800132694,0.024854969833710695,-0.0060036590198056655,996.93571056890119,-1532.144715549407,0.10000000000000001
102,0,1.1225797921424403,0.030048117228061545,0.024555896430362049,-0.0015744260553274738,996.67701281161271,-1661.4935941936437,0.10000000000000001
103,0,1.1326434060503581,0.030050577887272976,0.026305667364266219,0.0032977326533472199,996.42024096125965,-1789.8795193701744,0.10000000000000001
104,0,1.1427099684257511,0.030052707880567475,0.029953767603654768,0.0073194861899512024,996.21533515094632,-1892.3324245268418,0.10000000000000001
105,0,1.1527780308680526,0.030054363753631463,0.034495875335624183,0.0092285366908849819,996.07119050747974,-1964.4047462601293,0.10000000000000001
106,0,1.16284700156537,0.03005631254210548,0.038984854096900105,0.0090363940449386601,995.97705096483719,-2011.4745175814051,0.10000000000000001
107,0,1.1729164795369373,0.030057403488788628,0.043324924076727951,0.0074683670527394145,995.94315844963478,-2028.4207751826102,0.10000000000000001
108,0,1.1829854100683177,0.030057616540576333,0.047315938202122834,0.0050122266023467739,995.95812266046585,-2020.9386697670766,0.10000000000000001
109,0,1.1930534857588206,0.030057830287786216,0.050261686201018195,0.002521046170964757,995.97719079592196,-2011.4046020390219,0.10000000000000001
110,0,1.2031210247246011,0.030057610209450875,0.051670910186407341,0.00068582587912677294,995.97075119912472,-2014.6244004376399,0.10000000000000001
111,0,1.2131885554365975,0.030058176571778786,0.051534877863687538,-0.00028080234894655847,995.94526199179825,-2027.3690041008763,0.10000000000000001
112,0,1.2232562809202252,0.030058933388412371,0.050189837741659721,-0.00055160965370452464,995.92584760412103,-2037.0761979394842,0.10000000000000001
113,0,1.2333238375211817,0.03005916691634266,0.047850321598969084,-0.001001878102713485,995.92047041065553,-2039.7647946722373,0.10000000000000001
114,0,1.2433913312738196,0.030060056569652858,0.044865041680634009,-0.0019690483893230453,995.93184911688547,-2034.0754415572633,0.10000000000000001
115,0,1.2534587549536007,0.030059535627146215,0.042161032046648422,-0.0033751222743232862,995.97427400877882,-2012.8629956105897,0.10000000000000001
116,0,1.2635261499905763,0.030057818425505905,0.040551938792219591,-0.0051006783767188289,996.04647735087133,-1976.7613245643361,0.10000000000000001
117,0,1.2735936533516412,0.030055574126819893,0.040365861324984209,-0.0065096227422112565,996.13784303829323,-1931.0784808533867,0.10000000000000001
118,0,1.2836610495079008,0.030051487027739215,0.041419550182129679,-0.0073304086884397081,996.23978001435057,-1880.109992824714,0.10000000000000001
119,0,1.293728502885175,0.0300480075462717,0.042972087648237393,-0.0072464120472523234,996.3486344581496,-1825.6827709251979,0.10000000000000001
120,0,1.3037955480715502,0.030045472445650458,0.044037163760433706,-0.0059694508987611847,996.47694765671554,-1761.526171642231,0.10000000000000001
121,0,1.3138613474285883,0.03004280957970373,0.043640519264347914,-0.0040356588350987863,996.6429427291564,-1678.5286354217988,0.10000000000000001
122,0,1.3239247276764128,0.030041401305402515,0.041089925931793531,-0.0025200252524608868,996.84972791650557,-1575.1360417472142,0.10000000000000001
123,0,1.3339850367529922,0.03004210123223924,0.036373850775205975,-0.0015499505955991414,997.09112652206011,-1454.436738969946,0.10000000000000001
124,0,1.3440421596200578,0.030042342408997461,0.030327951793262115,-0.00063902964415433149,997.3573798024687,-1321.3100987656503,0.10000000000000001
125,0,1.3540950508885126,0.030041960184455405,0.023789573873347215,-0.00070613529812834459,997.59175240498973,-1204.1237975051331,0.10000000000000001
126,0,1.3641455034785919,0.030043092881052693,0.01783066818949286,-0.00076521635269561977,997.73779779453287,-1131.1011027335667,0.10000000000000001
127,0,1.3741947638278511,0.030041981379794046,0.01406288727622757,0.00014842077303642859,997.77530472316346,-1112.3476384182709,0.10000000000000001
128,0,1.3842437373417404,0.030043430761892607,0.013021964587067891,0.001766906770515648,997.67520635661356,-1162.3968216932212,0.10000000000000001
129,0,1.3942947993186074,0.030044605637350928,0.014389217405415537,0.0049584267038818106,997.44397503549567,-1278.0124822521657,0.10000000000000001
130,0,1.4043471762201114,0.030043793321732744,0.017289752413147355,0.0074102547878620939,997.11031602906155,-1444.8419854692247,0.10000000000000001
131,0,1.4144033017279103,0.030050338376646321,0.021126874716481971,0.0094272972120005641,996.76674124642761,-1616.629376786193,0.10000000000000001
132,0,1.4244616447565797,0.03004888511842296,0.025470968076994019,0.010411385854384645,996.52106077982432,-1739.4696100878377,0.10000000000000001
133,0,1.4345188665317274,0.030051186163522075,0.027898879859590185,0.0073643005474828731,996.3603565652337,-1819.8217173831495,0.10000000000000001
134,0,1.4445780189105155,0.030055493553448834,0.027996388966845066,0.0038592929425577457,996.34987994696667,-1825.0600265166668,0.10000000000000001
135,0,1.454635161159235,0.030044663441424077,0.027970826440272718,-0.0013618984496460602,996.57331326027304,-1713.3433698634803,0.10000000000000001
136,0,1.4646898452672696,0.030050069443278319,0.028026902496023097,-0.0068331973945107783,996.96517958538186,-1517.4102073090694,0.10000000000000001
137,0,1.4747407687630902,0.030039159076587333,0.026803626825609234,-0.0097904269860313569,997.37559029006013,-1312.2048549699343,0.10000000000000001
138,0,1.4847873329148829,0.030029386839237629,0.02412691874593598,-0.013038850447078858,997.68164747268941,-1159.1762636552971,0.10000000000000001
139,0,1.494838307664754,0.030044791915130504,0.02362883513998297,-0.0092124276541641816,997.99442286162946,-1002.7885691852703,0.10000000000000001
140,0,1.5048816608341038,0.03001650712636789,0.025222443656714017,-0.0063151531690187048,998.20466862806484,-897.66568596758134,0.10000000000000001
141,0,1.5149247470915204,0.030038731733033154,0.025043602686415107,-0.0054415101502432806,998.11649401470913,-941.75299264543355,0.10000000000000001
142,0,1.52497580904284,0.030046069288832637,0.026263410315966487,0.0031919070658972359,997.97179237247656,-1014.1038137617215,0.10000000000000001
143,0,1.5350165795008328,0.030014337120769865,0.029079009803327869,7.4658760485259336e-05,997.71728154066147,-1141.3592296692627,0.10000000000000001
144,0,1.5450707440087033,0.030078715700495706,0.032107029287440442,0.0012612150019867454,997.40930601192952,-1295.346994035242,0.10000000000000001
145,0,1.5551186843606633,0.030023960520864628,0.035358648578244944,0.003041373714770616,997.11414425569535,-1442.9278721523247,0.10000000000000001
146,0,1.5651694684675355,0.030054691169749209,0.036264094159697481,-0.0041471839032029617,996.77066530459683,-1614.6673477015838,0.10000000000000001
147,0,1.5752375961635747,0.030078243554829118,0.041389702595957485,0.0057351590753444322,996.87119875897088,-1564.4006205145615,0.10000000000000001
148,0,1.5852744462015054,0.029998020534459338,0.044925127665286627,-0.0032365405030135136,996.98525297084961,-1507.3735145751925,0.10000000000000001
149,0,1.5953368514042265,0.030099991548126381,0.03911398798524425,-0.0048448893409730838,996.93333218452312,-1533.333907738438,0.10000000000000001
150,0,1.6053878594947413,0.030007567808472399,0.035367441142710662,0.0035544226521452074,997.25293141110865,-1373.5342944456761,0.10000000000000001
151,0,1.6154326542660187,0.030060310306466973,0.037056657773659962,-0.00080817342816691363,997.90994871088446,-1045.0256445577679,0.10000000000000001
152,0,1.6254741481938964,0.030034609166248772,0.033076440949050351,-0.0037223341115751492,998.28329475878104,-858.35262060948025,0.10000000000000001
153,0,1.635502566535497,0.029995904514539998,0.026610403255535528,-0.0060410821584123914,998.42586348550378,-787.06825724810869,0.10000000000000001
154,0,1.6455543814756532,0.030116002453678719,0.029558431841827416,0.0071120598839025714,998.96661712653417,-516.69143673291273,0.10000000000000001
155,0,1.6555508409622173,0.029898192592043585,0.02647326840166524,-0.012001559068687105,998.80720289966132,-596.39855016934007,0.10000000000000001
156,0,1.6656044113297728,0.030116452831993053,0.025116104640294092,-0.00019644679382258066,998.63687281893726,-681.56359053136839,0.10000000000000001
157,0,1.6756275502383353,0.030077400314918325,0.030114375555554955,0.013607544067683799,998.66773940900157,-666.13029549921521,0.10000000000000001
158,0,1.6856299145391742,0.029799627446245685,0.029568459770652852,-0.0058369212051108425,998.10589482478792,-947.05258760603783,0.10000000000000001
159,0,1.695690362329406,0.030459457877715299,0.029126206571598302,0.013243820343935122,997.71789523093423,-1141.0523845328839,0.10000000000000001
160,0,1.7056802344291433,0.029510671305578898,0.030783907371712747,0.0091099106816072313,997.25502131864289,-1372.4893406785554,0.10000000000000001
161,0,1.7157218424976528,0.030614326092279692,0.030271278093382332,0.0032952204902942815,996.86726096851146,-1566.3695157442703,0.10000000000000001
162,0,1.7257379461548694,0.029642904927760071,0.030284340530689163,0.013316444670030151,996.60955786816601,-1695.2210659169964,0.10000000000000001
163,0,1.7357209781648923,0.030151010837180074,0.022664808088924588,-0.031079488984425866,995.88785659918119,-2056.0717004094045,0.10000000000000001
164,0,1.7458164846147313,0.030554768189417426,0.01349519007082094,0.015141179080115844,996.00793282362167,-1996.0335881891638,0.10000000000000001
165,0,1.7557142398019672,0.029005925944489093,0.0083923805145436244,-0.025647402532158196,995.75330721645093,-2123.3463917745325,0.10000000000000001
166,0,1.7658404492295858,0.031557754812375133,0.0041980448478668598,0.017827712484063663,996.76439249091436,-1617.8037545428197,0.10000000000000001
167,0,1.7755030613774661,0.027863930325740086,0.0035228665369103291,-0.016167692174240838,996.90830188542304,-1545.8490572884784,0.10000000000000001
168,0,1.7858080342626941,0.032457392681092531,0.0047769800305776195,0.020938501625281023,997.59303420640504,-1203.4828967974818,0.10000000000000001
169,0,1.7949824318088663,0.027339447719198828,0.01702031562029423,0.0079172332818570682,998.24262663519335,-878.68668240332681,0.10000000000000001
170,0,1.8056251191976611,0.033517016295259938,0.0041055209466798089,0.009571465860482806,997.19946299423884,-1400.2685028805786,0.10000000000000001
171,0,1.8142686852398979,0.02755495074425127,0.033063650073576076,0.055790789413654424,997.74369602045033,-1128.1519897748353,0.10000000000000001
172,0,1.8251632784036624,0.03522570192017252,0.041407836396724046,0.018469156979594017,997.95920088605521,-1020.3995569723929,0.10000000000000001
173,0,1.8334223601668267,0.028013688111502507,0.036550180216415123,-0.04444772151048007,997.78856983681851,-1105.7150815907448,0.10000000000000001
174,0,1.8442982236605483,0.035920058694311051,0.019854173170391849,0.034739332120284593,998.36643430859544,-816.78284570227788,0.10000000000000001
175,0,1.8521452158617202,0.031832503137524927,0.031610214385645263,0.011141661261500378,998.11035790845165,-944.82104577417658,0.10000000000000001
176,0,1.8727247520406125,0.037695403725103979,0.036225148742728579,-0.082026832395268298,995.93419246898475,-2032.9037655076263,0.10000000000000001
177,0,1.8712118008560432,0.040365649228210253,0.072209129791029752,0.059223145868763864,1000.7730738357573,386.53691787862954,0.10000000000000001
178,0,1.9010203630492333,0.042618733664913408,0.085239217374482687,0.040715093740650382,999.06660511863538,-466.69744068231012,0.10000000000000001
179,0,1.8817273813017963,0.0053224845335143175,0.2811918808186995,0.63167950789133176,1048.1568336352707,24078.416817635341,0.10000000000000001
180,0,1.8968668280900618,0.044733830235098263,0.0899547577133189,0.017619994116263221,999.48680903272282,-256.5954836385913,0.10000000000000001
181,0,0.091960521439106185,0.04727585197498322,0.00033421064487283594,0.019769163513499364,999.90132722329543,-49.336388352287486,0.10000000000000001
182,0,0.093008851125261957,0.045325208058127314,0.0091100224914394054,0.02066381953820861,999.75505844138399,-122.47077930800288,0.10000000000000001
183,0,0.10694383046638144,0.044348486374954948,-0.0023949288105725372,0.025458907222042363,999.37886543043123,-310.56728478438345,0.10000000000000001
184,0,0.13573181128831568,0.037083940689120215,0.0060866771729061646,0.0025049500331334939,1000.938899816274,469.44990813699405,0.10000000000000001
185,0,0.13877158360713893,0.028191638818176434,0.024743353907641041,0.084082952369682676,1000.3908847029797,195.44235148987354,0.10000000000000001
186,0,0.15069925527537659,0.031362349844630648,0.049868952943119958,0.0085782199778167978,999.11445392649341,-442.77303675329449,0.10000000000000001
187,0,0.15694975673556125,0.044367026155755371,0.067110621565145745,0.01246325513076973,998.75858192835096,-620.7090358245182,0.10000000000000001
188,0,0.1699330840676844,0.034890477781956988,0.061959212515010922,-0.027288843987255451,997.44055970110992,-1279.7201494450405,0.10000000000000001
189,0,0.1777501895480218,0.043379178946930011,0.071092856053792702,0.0052284305665626406,998.13961229580411,-930.19385209794336,0.10000000000000001
190,0,0.18909389640304197,0.036675137074401259,0.071666580913267289,-0.0056100188289232274,997.12657636430322,-1436.7118178483906,0.10000000000000001
191,0,0.19789320176799771,0.042122666459316886,0.088440792687329059,0.018234077737946986,998.06006201880905,-969.96899059547559,0.10000000000000001
192,0,0.20858537056966095,0.038512962527333279,0.076928487880022142,-0.016191242530407525,996.58067788660753,-1709.661056696234,0.10000000000000001
193,0,0.21783499831856176,0.040813105723017738,0.082844372126514632,0.021268437225774293,997.45979356596479,-1270.1032170176063,0.10000000000000001
194,0,0.22824514853905797,0.039617180761142547,0.087210046537794267,-0.005730588111677243,995.77346751406003,-2113.2662429699849,0.10000000000000001
195,0,0.23787756432930032,0.040280459227517343,0.080531853557098701,0.011449968320117432,996.53754017357369,-1731.2299132131557,0.10000000000000001
196,0,0.24807638379262531,0.040033164384689436,0.080554612585840707,0.0057272883459469938,996.20061004688557,-1899.694976557214,0.10000000000000001
197,0,0.25796722591821558,0.040165468696181122,0.078654675202160115,0.0038344425693899579,996.48757096454995,-1756.2145177250272,0.10000000000000001
198,0,0.26807576264288352,0.040058359012694396,0.076761352301680519,0.0070945584073324559,996.86681634975662,-1566.5918251216908,0.10000000000000001
199,0,0.27804291272150367,0.040180539097645317,0.075162594246904038,0.0046301775827122908,997.04459431754128,-1477.7028412293589,0.10000000000000001
200,0,0.28811866977620815,0.039988884317052609,0.071250849992208043,0.0047437815607490798,997.54882858043311,-1225.5857097834451,0.10000000000000001
201,0,0.29810405246637023,0.040157680055945381,0.071531140621876987,0.0071826057441949209,997.94403567993777,-1027.9821600311152,0.10000000000000001
202,0,0.308168184882195,0.0399812658622258,0.071666923527127877,0.0026974817171952548,997.98932024710155,-1005.3398764492272,0.10000000000000001
203,0,0.3181645429954551,0.040120384712716901,0.065887304910922331,0.0029431454119682814,998.30107751386367,-849.46124306816273,0.10000000000000001
204,0,0.32821852142729063,0.040001612490054385,0.06197153976131179,-0.0027689614100220405,998.29610745407115,-851.94627296442604,0.10000000000000001
205,0,0.33822551591315586,0.040071813953624774,0.062441061091230779,0.0019140097126204463,998.41189446815588,-794.05276592206064,0.10000000000000001
206,0,0.34828631837520913,0.040043366795957942,0.060478285140482979,-0.0065135611320499423,998.07970536674429,-960.1473166278538,0.10000000000000001
207,0,0.35830415794987802,0.040029435580695466,0.052828290556653168,0.00012415598209935169,998.31317988294995,-843.41005852502349,0.10000000000000001
208,0,0.36834836503839208,0.040066252879526261,0.054831440619288997,0.0010807163686050163,997.95807802527224,-1020.9609873638783,0.10000000000000001
209,0,0.37840566050215807,0.040033161199338321,0.049608964385859565,0.0003388023153207518,997.7231304901037,-1138.4347549481504,0.10000000000000001
210,0,0.38844072961093046,0.040055939161455327,0.04470490340979083,0.0034392748997286904,997.52738153975531,-1236.3092301223446,0.10000000000000001
211,0,0.39850436886663598,0.04004047963579635,0.048147278066997298,0.0037145347399384744,997.0289047759012,-1485.5476120494018,0.10000000000000001
212,0,0.40856689845285049,0.040057214878550428,0.046632153229443259,-3.2239456919200468e-06,996.89697839974815,-1551.510800125925,0.10000000000000001
213,0,0.4186297705709861,0.040039516357608024,0.043839256082514558,-0.0031259652793561867,997.09643440043249,-1451.7827997837571,0.10000000000000001
214,0,0.42868202203956279,0.040048055166888606,0.051331853698111343,-0.0020601480005262608,997.21451494120936,-1392.7425293953206,0.10000000000000001
215,0,0.43875201770277444,0.040050400002690743,0.059598184801171149,-0.0035454676501212577,997.30179308302138,-1349.10345848931,0.10000000000000001
216,0,0.4488048930265352,0.040040649151607981,0.06250744205569489,-0.0028382252590719525,997.65140453903359,-1174.2977304832038,0.10000000000000001
217,0,0.4588577233788389,0.040048349617771213,0.065575518281169198,-0.0012666458932412959,997.89032741563881,-1054.836292180596,0.10000000000000001
218,0,0.4689110355045395,0.040037244000949046,0.067115360378673078,0.0002568224905044646,997.93266972097501,-1033.6651395124932,0.10000000000000001
219,0,0.47895764117421291,0.040036170011756723,0.066232959894170398,0.00079360834857538916,997.9214661411728,-1039.2669294135999,0.10000000000000001
220,0,0.48901266222381401,0.040035407755837457,0.062628210202278198,-0.0025778083064276411,997.89527071233249,-1052.3646438337551,0.10000000000000001
221,0,0.49906127467005151,0.040030831475703257,0.059955441767947405,-0.0068978485371870915,997.82125888764085,-1089.3705561795741,0.10000000000000001
222,0,0.5091145067997771,0.040035977304562168,0.060961218949502918,-0.011143906640656802,997.62262608388312,-1188.6869580584403,0.10000000000000001
223,0,0.51917273062600289,0.040040516616604335,0.061507778234816762,-0.014463183558991068,997.43665026969768,-1281.6748651511602,0.10000000000000001
224,0,0.52922796041123865,0.040047450966482802,0.060765720973662722,-0.014572210133177393,997.33693350514125,-1331.5332474293768,0.10000000000000001
225,0,0.53928554512937188,0.040056586461043174,0.06184328036199959,-0.011608351146446864,997.15393763140764,-1423.0311842961783,0.10000000000000001
226,0,0.54934487443967361,0.040061653702434585,0.064790682335285815,-0.0061174078997236463,996.85318155815139,-1573.4092209243045,0.10000000000000001
227,0,0.55940777801989772,0.040065895738567281,0.066195098792266524,0.00036190707978984364,996.63634986670445,-1681.8250666477752,0.10000000000000001
228,0,0.56947173675267204,0.04006570103029141,0.065811659381657631,0.0058954153159509262,996.61566528994729,-1692.1673550263563,0.10000000000000001
229,0,0.57953291881463487,0.040062608376531549,0.067817306620520476,0.0094011443950904744,996.6976096572605,-1651.1951713697499,0.10000000000000001
230,0,0.58959583439086904,0.040058679396733889,0.072355849635100652,0.010064968658955403,996.85571731270738,-1572.1413436463081,0.10000000000000001
231,0,0.59965664041495959,0.040053344216702112,0.076438384098545697,0.0087189215115407882,997.15974313186143,-1420.1284340692837,0.10000000000000001
232,0,0.60971283490130679,0.040049904202134001,0.079556742821485532,0.00611990051464138,997.52239577928469,-1238.8021103576534,0.10000000000000001
233,0,0.61976641031049318,0.040047098350398616,0.08138686577818921,0.003268512826109272,997.79062612408711,-1104.6869379564441,0.10000000000000001
234,0,0.62981706649061586,0.040045641394917952,0.08072640579125985,0.0015751598727805057,997.87590763657079,-1062.0461817146065,0.10000000000000001
235,0,0.63986817032573151,0.040045409306517045,0.076100849069532767,0.0012221557712679514,997.77211443792146,-1113.9427810392704,0.10000000000000001
236,0,0.64992030561420155,0.040045377837644718,0.067705507702796305,0.001964737833463296,997.51729126258113,-1241.3543687094375,0.10000000000000001
237,0,0.65997525220121167,0.040045941992754512,0.057999707845453503,0.0029053809587887744,997.13092756882236,-1434.5362155888211,0.10000000000000001
238,0,0.67003582317541921,0.040045956023361036,0.048787792634470348,0.0033636850981415738,996.69931805007013,-1650.3409749649336,0.10000000000000001
239,0,0.68010093981570041,0.040046199682718032,0.041299139427157947,0.0031054915440844764,996.34690100040416,-1826.5494997979204,0.10000000000000001
240,0,0.69017017053478502,0.040047278285677425,0.036819348422447662,0.0016718484780857078,996.14138181138128,-1929.3090943093603,0.10000000000000001
241,0,0.7002421353865208,0.040049017839242175,0.035971630741201757,-0.00072894918208070642,996.08160731837268,-1959.1963408136621,0.10000000000000001
242,0,0.71031513426421866,0.040051295427824235,0.03807964169594933,-0.0032845753996821824,996.12128588195401,-1939.3570590229956,0.10000000000000001
243,0,0.72038799409515708,0.040054202640562621,0.041251754485550386,-0.0052688869405783777,996.21089575159579,-1894.5521242021073,0.10000000000000001
244,0,0.73045981268766325,0.04005754422735678,0.043655521049233675,-0.0064701710662065492,996.29133337997132,-1854.33331001434,0.10000000000000001
245,0,0.74053049946252836,0.040060075335068571,0.044111673263437443,-0.0068556681291143205,996.31150759228581,-1844.2462038570966,0.10000000000000001
246,0,0.75060036019936383,0.040061899150179457,0.042147879027458979,-0.0065016372463320036,996.26201773113144,-1868.9911344342818,0.10000000000000001
247,0,0.76067027925923048,0.040062958364633444,0.038033567726494827,-0.005868703038339064,996.17686364430597,-1911.5681778470162,0.10000000000000001
248,0,0.77074025731281914,0.040063120806627231,0.033121430513089072,-0.0052699652950725945,996.09557016512701,-1952.2149174364927,0.10000000000000001
249,0,0.78081069912378764,0.040063350691838986,0.029207547492202397,-0.0047547892862627224,996.0337690153533,-1983.1154923233498,0.10000000000000001
250,0,0.79088212590607387,0.040063700319924747,0.027095928760017523,-0.0039623865816457923,996.01209461735948,-1993.9526913202599,0.10000000000000001
251,0,0.80095363577030099,0.040064393491445797,0.027066161055313582,-0.0022244112871963738,996.03250508998485,-1983.747455007574,0.10000000000000001
252,0,0.81102502316050584,0.040065657060947772,0.029254209332760142,0.00069755753131469766,996.05370063316786,-1973.149683416068,0.10000000000000001
253,0,0.8210966239853088,0.040066770748890305,0.033217162333334459,0.0045142821021631882,996.03943813212425,-1980.2809339378769,0.10000000000000001
254,0,0.8311688541158172,0.040067203684229086,0.037961997525836212,0.0084643433800516126,996.00082958776852,-1999.5852061157393,0.10000000000000001
255,0,0.84124162157483484,0.040066337550865604,0.042313063376535946,0.011492020871853779,995.99106233136149,-2004.4688343192547,0.10000000000000001
256,0,0.85131383088086277,0.040064045159284016,0.046091518288045495,0.012526471887319951,996.04367999372687,-1978.1600031365656,0.10000000000000001
257,0,0.8613853678733171,0.040060864422279054,0.049793923148412814,0.010712135819167155,996.16876071314516,-1915.6196434274193,0.10000000000000001
258,0,0.87145572734152232,0.040057021613698486,0.052990564590695018,0.0061746773944799608,996.39368073561877,-1803.1596321906136,0.10000000000000001
259,0,0.88152289290738273,0.04005308856334415,0.054861348176332723,0.00017807223454201088,996.71149696399004,-1644.2515180049782,0.10000000000000001
260,0,0.89158584867875035,0.04004991830647598,0.055243211665371855,-0.0056776667793967959,997.0539653935499,-1473.0173032250491,0.10000000000000001
261,0,0.90164481388753903,0.040047734141366434,0.054132568220067935,-0.0099406161937903356,997.34816509236362,-1325.9174538181924,0.10000000000000001
262,0,0.91170028448334406,0.040046255274331061,0.051040433041413924,-0.01149528859311637,997.54929126390232,-1225.3543680488406,0.10000000000000001
263,0,0.92175312014332023,0.040045231481700472,0.045621082646842552,-0.010014241447894206,997.64879142810003,-1175.6042859499871,0.10000000000000001
264,0,0.93180463355026211,0.040044573758427446,0.038725031068853617,-0.0063197967049972836,997.67595510808781,-1162.0224459560973,0.10000000000000001
265,0,0.9418559960326448,0.040043935826589362,0.031958950288867652,-0.0018911711179104187,997.67937669821117,-1160.311650894414,0.10000000000000001
266,0,0.95190746570696672,0.040043015143465296,0.026602828910618156,0.0019487698074035259,997.7009629387602,-1149.5185306199005,0.10000000000000001
267,0,0.96195906348597038,0.040042037519789089,0.023528070987901221,0.0042779481776566665,997.77461587381117,-1112.6920630944142,0.10000000000000001
268,0,0.97201050730169569,0.040041087079785417,0.023623567582102021,0.0048188674966481862,997.92191843233365,-1039.0407838331726,0.10000000000000001
269,0,0.98206063699050605,0.040040042796558345,0.027492761268115191,0.0041266649090783338,998.10143986724233,-949.280066378833,0.10000000000000001
270,0,0.99210935178388959,0.0400390932249804,0.034368642169972617,0.0031431466784188305,998.2277099920434,-886.14500397829943,0.10000000000000001
271,0,1.0021578139857001,0.040038329744263593,0.042511354462888673,0.0026925884276877642,998.27222418971951,-863.88790514024549,0.10000000000000001
272,0,1.0122062015008859,0.040037690459486477,0.050716316398460172,0.0031291415514847118,998.24555764703371,-877.22117648314679,0.10000000000000001
273,0,1.0222547143871623,0.040037315345766863,0.057787613132019473,0.0041190177445274553,998.13299455461515,-933.50272269242396,0.10000000000000001
274,0,1.0323045905859067,0.040037162848527721,0.061969312769513354,0.0048451460044618491,997.95918122428031,-1020.4093878598428,0.10000000000000001
275,0,1.0423558443857934,0.040037062375548479,0.0624350917810357,0.0043606621752402212,997.80778347792329,-1096.1082610383528,0.10000000000000001
276,0,1.0524074128353733,0.040037126836026081,0.059738375711124454,0.0020898638642222749,997.72135233652114,-1139.3238317394321,0.10000000000000001
277,0,1.0624590716182365,0.04003725435800673,0.054740768408241498,-0.0017221057669138029,997.68110687376361,-1159.4465631181947,0.10000000000000001
278,0,1.0725108700458024,0.040037201209187863,0.048281196215074575,-0.0061808414998106012,997.6564321180731,-1171.7839409634507,0.10000000000000001
279,0,1.0825630598373621,0.040037249836385264,0.041599819428419199,-0.0099782153816626376,997.60900751755321,-1195.4962412233954,0.10000000000000001
280,0,1.0926167855024345,0.040037715166123602,0.036289293784244003,-0.011632822383712188,997.49377908548195,-1253.1104572590266,0.10000000000000001
281,0,1.1026733116221339,0.040038622272934567,0.03321822570041047,-0.010299888094810604,997.28380549591611,-1358.0972520419436,0.10000000000000001
282,0,1.1127334203309982,0.040040145354276829,0.032048637474027329,-0.0062680796736962899,996.98835193504942,-1505.8240324752887,0.10000000000000001
283,0,1.1227975158825969,0.04004251112169574,0.032289580374403791,-0.00061099867917012614,996.65212739700121,-1673.9363014993955,0.10000000000000001
284,0,1.132865707974722,0.040045484149907343,0.033957323183703342,0.0052483967246435836,996.34723574700104,-1826.3821264994817,0.10000000000000001
285,0,1.1429368915781515,0.040048275990347652,0.036921235134669425,0.00972804652757105,996.14038117418249,-1929.8094129087531,0.10000000000000001
286,0,1.1530089951784739,0.040050425513281085,0.040394642646188694,0.01157134775936559,996.03665596902124,-1981.6720154893801,0.10000000000000001
287,0,1.1630814779822949,0.040051813352653454,0.043979092444376984,0.010638569549211685,996.00588077454631,-1997.0596127268436,0.10000000000000001
288,0,1.1731542652137452,0.040051985191636538,0.048206678462110519,0.007761751832227457,996.03483007596776,-1982.5849620161193,0.10000000000000001
289,0,1.1832263253937203,0.040051100924626833,0.05293817924673825,0.0039906909366406286,996.08772172022179,-1956.1391398891033,0.10000000000000001
290,0,1.1932976223761553,0.040049775776851516,0.057011187737765111,0.00036160340700917685,996.1097682288173,-1945.1158855913491,0.10000000000000001
291,0,1.2033686415276683,0.040048501966529329,0.059415620676662249,-0.0023831066196038897,996.08931088158317,-1955.3445592084131,0.10000000000000001
292,0,1.2134397484967692,0.040047956742229621,0.059658358057342688,-0.0039778970846478749,996.06345638923665,-1968.2718053816757,0.10000000000000001
293,0,1.2235107790756667,0.040047889746199779,0.057805726937381334,-0.0046801251534423199,996.07619160646232,-1961.9041967688418,0.10000000000000001
294,0,1.2335808242965733,0.040048039992718401,0.054089441675865449,-0.005174451223173092,996.12987291955722,-1935.0635402213925,0.10000000000000001
295,0,1.2436503337816671,0.040048309719977269,0.049254962367629447,-0.0058425233830514504,996.20703380879718,-1896.4830956014112,0.10000000000000001
296,0,1.2537196925003857,0.040047639465443104,0.045049977034712647,-0.0066412018687221179,996.29406879939029,-1852.9656003048558,0.10000000000000001
297,0,1.263788802608391,0.040046092486624378,0.042855596443240364,-0.0072466839933033982,996.35356398367469,-1823.2180081626552,0.10000000000000001
298,0,1.2738584456149302,0.040043706207588368,0.042984074780976281,-0.0071696698418657395,996.35131960829347,-1824.3401958532672,0.10000000000000001
299,0,1.2839288763900867,0.040040332198408336,0.044991947666071959,-0.0062861969456129629,996.29374778916247,-1853.1261054187667,0.10000000000000001
300,0,1.29399995606162,0.040037302421655506,0.047771377511451829,-0.0045726501600918627,996.22932446324216,-1885.3377683789176,0.10000000000000001
301,0,1.3040708416269264,0.040034872705040352,0.049579921691209394,-0.0021859741887763251,996.21502327838857,-1892.4883608057144,0.10000000000000001
302,0,1.3141403309981863,0.040032969249410549,0.048559507723124493,0.00017913810194745828,996.29576537883599,-1852.1173105820026,0.10000000000000001
303,0,1.3242068224213297,0.040031889513777306,0.044062623491223744,0.0017373301831362254,996.51417112598858,-1742.9144370057088,0.10000000000000001
304,0,1.3342691433791525,0.040031780980940852,0.036788268347956461,0.0022763270644106308,996.87027521422829,-1564.8623928858569,0.10000000000000001
305,0,1.3443268292961594,0.040032052596718874,0.028023541165269266,0.0021962478758103723,997.29351655837593,-1353.2417208120364,0.10000000000000001
306,0,1.3543790553255297,0.040032046449538963,0.018982578383480282,0.0016832173479616487,997.65981043200168,-1170.0947839991613,0.10000000000000001
307,0,1.3644287641173529,0.040032759443381902,0.011465969477762806,0.0013378663221949364,997.88511853692467,-1057.4407315376675,0.10000000000000001
308,0,1.374477621809139,0.04003385801202463,0.0077472531944112483,0.0019763561934796584,997.9495200503352,-1025.2399748324024,0.10000000000000001
309,0,1.384526592118283,0.040036292197369663,0.0079085941288017034,0.0038129845185703006,997.82292742330105,-1088.5362883494736,0.10000000000000001
310,0,1.3945788115385689,0.040039939177131313,0.010459540737309274,0.006593987218285865,997.52315259064926,-1238.4237046753697,0.10000000000000001
311,0,1.4046336100178372,0.040044235168283343,0.013871626854957316,0.0089070812684717698,997.13941396196776,-1430.2930190161192,0.10000000000000001
312,0,1.4146932763111126,0.040050173829139724,0.01762191541582556,0.0098318439643688606,996.82789272009495,-1586.0536399525245,0.10000000000000001
313,0,1.4247547579331235,0.040054389883141021,0.021392516002770066,0.0086674624536328751,996.68926561339242,-1655.367193303789,0.10000000000000001
314,0,1.4348140238268501,0.040057668420529949,0.022273615529701824,0.0046888426363502923,996.65225255415362,-1673.8737229231901,0.10000000000000001
315,0,1.4448754034089311,0.040057538461559669,0.020326352973449854,-0.0012186788674800574,996.72323710037779,-1638.3814498111064,0.10000000000000001
316,0,1.4549347915965587,0.040053080012596519,0.019970123065649548,-0.0078293674962892183,996.99146245064753,-1504.268774676234,0.10000000000000001
317,0,1.4649906991317418,0.040047820821369012,0.021711431030007406,-0.013075747623167761,997.34861073170237,-1325.6946341488174,0.10000000000000001
318,0,1.4750437517468908,0.040038239441111151,0.022248271484241942,-0.015554602892312301,997.56478804833478,-1217.6059758326119,0.10000000000000001
319,0,1.4850942099628985,0.04003180900545579,0.021370110380506353,-0.014636650058471021,997.65209719873383,-1173.9514006330865,0.10000000000000001
320,0,1.4951491715647474,0.040027722845657324,0.02287042057116348,-0.010223123002025027,997.79574861566505,-1102.1256921674762,0.10000000000000001
321,0,1.5051986504687433,0.040023655375249149,0.02587781545668838,-0.0049473327061476963,997.92801625759023,-1035.9918712048852,0.10000000000000001
322,0,1.5152453116825921,0.040029974895928522,0.025625808029054592,0.00020204935081501684,997.90411472363917,-1047.942638180416,0.10000000000000001
323,0,1.5252997883661192,0.040032360709460126,0.024665409170561113,0.0040084478790656571,997.81713564655968,-1091.4321767201614,0.10000000000000001
324,0,1.5353463772333369,0.040035759356669608,0.02604643469297712,0.0034220393167263205,997.73095847303819,-1134.5207634809071,0.10000000000000001
325,0,1.5454025660438473,0.040048045715333012,0.029529671338135482,0.0011319413399005504,997.63182956455387,-1184.0852177230659,0.10000000000000001
326,0,1.5554569115216064,0.040041598707549059,0.033582939354666178,-0.0019225151400164941,997.38316122513595,-1308.4193874320249,0.10000000000000001
327,0,1.5655118508946964,0.040051613462580495,0.035451464873289699,-0.0043145765483895687,997.04960011583307,-1475.1999420834636,0.10000000000000001
328,0,1.5755850354722685,0.040048563942983402,0.041627668586841894,-0.0044140568898845857,997.03808801773255,-1480.955991133726,0.10000000000000001
329,0,1.5856370228556003,0.040037659111346102,0.046799209536052946,-0.0070803178303946923,997.08155446475484,-1459.2227676225775,0.10000000000000001
330,0,1.595699560262404,0.040053551312359464,0.040875084430543697,-0.0051097767608973346,997.03940381036182,-1480.2980948190907,0.10000000000000001
331,0,1.605757421853752,0.040033830569277215,0.034458582569516241,-0.0013882154947558161,997.24980176672204,-1375.0991166389781,0.10000000000000001
332,0,1.6158188829690374,0.040048361577556334,0.034621403248923946,4.2115892939371972e-05,997.86946360556271,-1065.2681972186429,0.10000000000000001
333,0,1.6258506950220792,0.040021856301156344,0.030046610627599897,-0.0011465827063603512,998.19899679981552,-900.50160009224101,0.10000000000000001
334,0,1.6358951960392105,0.040054632470530316,0.023414749577873279,0.0014257026250466957,998.33983454516749,-830.08272741625433,0.10000000000000001
335,0,1.6459422536122916,0.040023179983513908,0.025136172263467125,0.0041837335712015524,998.55018870107904,-724.90564946048153,0.10000000000000001
336,0,1.6559533759583458,0.040029978091887838,0.022564593496261758,-2.0888097348164652e-05,998.23871106983199,-880.64446508400351,0.10000000000000001
337,0,1.666012317562191,0.040076388486429644,0.025563009466594292,0.010684230609030978,998.41841557397026,-790.79221301486768,0.10000000000000001
338,0,1.6760227417043589,0.039990283479729494,0.027768076501755671,0.0054078571265511622,997.93687588498346,-1031.5620575082676,0.10000000000000001
339,0,1.6860750168704681,0.0401336934550649,0.027725012117925177,0.011482145966995731,997.85576063049518,-1072.1196847524084,0.10000000000000001
340,0,1.6960883639885693,0.039972633620798094,0.027295515349565872,0.0087964175710603908,997.50507613029708,-1247.461934851458,0.10000000000000001
341,0,1.7061388868137215,0.040165001737252223,0.026586755178427339,0.010635321020892109,997.39238305114998,-1303.8084744250114,0.10000000000000001
342,0,1.7161438277210732,0.039984203911223502,0.023504280976871451,0.0055840077611397296,996.98308990689441,-1508.4550465527968,0.10000000000000001
343,0,1.7262195932539091,0.040175343066137147,0.019513426798440182,0.0014015817330233862,996.75860329490183,-1620.6983525490841,0.10000000000000001
344,0,1.7361818658658121,0.040064505600475427,0.014102445338605701,0.0006608747968033968,996.83573850659229,-1582.1307467038537,0.10000000000000001
345,0,1.7463039814783961,0.04014841853497092,0.0040156189019044542,-0.006758423617420393,996.52084472419403,-1739.5776379029826,0.10000000000000001
346,0,1.7561740207724998,0.040024766823558149,-0.0024014343132486076,-0.0034878690931305664,996.45768402573992,-1771.1579871300387,0.10000000000000001
347,0,1.7663878699354376,0.040241525382583729,-0.0040982460597455651,0.0063114197953289151,996.96588763110003,-1517.0561844499844,0.10000000000000001
348,0,1.7759834863172821,0.039538714282685392,-0.013086780142925433,-0.011236680491912442,996.12900819375216,-1935.4959031239218,0.10000000000000001
349,0,1.7864143675820583,0.040783374624662798,-0.0019562427325026822,0.022341352111031415,997.99422412362708,-1002.8879381864613,0.10000000000000001
350,0,1.7956173794757562,0.038366081804789183,0.0071392942287081809,-0.017607710975735949,996.81498712294194,-1592.5064385290284,0.10000000000000001
351,0,1.8063436984006391,0.042106369978460234,-0.0014236781705874186,0.019617608519640308,997.96144602139475,-1019.2769893026252,0.10000000000000001
352,0,1.8151061839227176,0.036491529978044925,0.02264546841253972,-0.011933981781247147,996.84916441789858,-1575.417791050711,0.10000000000000001
353,0,1.8264961415929211,0.043350202405620833,0.026620357298575967,-0.0044975680005076707,997.87748554183452,-1061.2572290827416,0.10000000000000001
354,0,1.8342605176050644,0.03483920130794619,0.024717883612239578,-0.041356738471050897,996.51422233322569,-1742.8888333871555,0.10000000000000001
355,0,1.8472880987212283,0.044397984480929756,0.018031720960664497,0.0036425782418745469,998.56031417704946,-719.84291147526847,0.10000000000000001
356,0,1.8535556724176347,0.031584936879891695,0.033587412109601408,0.00075097564639678427,998.2396130020752,-880.19349896239873,0.10000000000000001
357,0,1.8651252298959771,0.028453358975874473,0.044388963471158491,0.084830382872637625,1000.0178871241018,8.9435620508879765,0.10000000000000001
358,0,1.8685792726523851,0.037187764932668579,0.08177842923374741,0.0059193745620597727,1000.7811456272304,390.572813615222,0.10000000000000001
359,0,1.8973813897127334,0.044370024633511709,0.089662940233333446,0.020774154591101251,999.4594865163964,-270.25674180180204,0.10000000000000001
360,0,1.9113208243178208,0.045361209140847986,0.08048272958201326,0.024445763658147705,999.54190061526094,-229.04969236952866,0.10000000000000001
361,0,1.9123750051503625,0.047312904571287055,0.090316429545063845,0.022817590501380082,999.74667521631739,-126.66239184130745,0.10000000000000001
362,0,0.091584328067593174,0.049376291050044568,-0.0072703764953460136,0.021749681649279626,1000.0276933669181,13.846683459064479,0.10000000000000001
363,0,0.091648977239497664,0.048581263354769394,-0.0046837955821457788,0.020781785221471099,999.98783113228285,-6.0844338585752666,0.10000000000000001
364,0,0.1119476040653951,0.04930691148038753,-0.0038105736664469968,-0.0057664528023271136,999.62110377262206,-189.44811368896808,0.10000000000000001
365,0,0.1264380831855221,0.044670251433416387,-0.0090910253444590576,-0.0049577026976234378,999.70321376639924,-148.39311680037781,0.10000000000000001
366,0,0.12678990830498743,0.044277651825215016,-0.0062164581425885454,-0.004749861921147608,999.48307392118795,-258.46303940602411,0.10000000000000001
367,0,0.15359820266019256,0.050785590811455499,0.059045849261701581,0.011160381723937194,999.56521198455619,-217.3940077219072,0.10000000000000001
368,0,0.15344380501960445,0.051156344823638344,0.060139852788643457,0.01114242874633896,999.52065199806736,-239.67400096631764,0.10000000000000001
369,0,0.1680547876612889,0.050316084709521182,0.077193843284660377,-0.00054989861714627684,998.78315587965551,-608.42206017224498,0.10000000000000001
370,0,0.17675528473942281,0.050585523395437607,0.078176704624852308,0.0021493051472518403,997.96733201221332,-1016.3339938933404,0.10000000000000001
371,0,0.18800727109998722,0.050470568201346926,0.072243989904171579,-0.0018941403721223012,997.99244679847266,-1003.7766007636719,0.10000000000000001
372,0,0.1970632637545992,0.050471360514921647,0.090667673207248001,0.0014534618629368742,996.78430556757621,-1607.8472162118942,0.10000000000000001
373,0,0.20795705630454356,0.050374744119491804,0.080169965001780391,0.0018496361930444361,997.31499324539811,-1342.5033773009432,0.10000000000000001
374,0,0.21723610264290752,0.050320017742554679,0.088294190208207488,0.0043387638332298582,996.8972332955716,-1551.3833522142022,0.10000000000000001
375,0,0.22786748781817753,0.050246990723445087,0.088903861566203363,0.0055288702721625017,996.51281767564456,-1743.5911621777223,0.10000000000000001
376,0,0.23738497233430442,0.05019648163833336,0.08732192370660237,0.0070744562651584479,996.80404446285559,-1597.977768572207,0.10000000000000001
377,0,0.24781692477452141,0.050170849429063025,0.084116311161341328,0.012977995700608381,996.3570553304894,-1821.472334755299,0.10000000000000001
378,0,0.25754064678365135,0.050195200806670559,0.077247737996164842,0.010234651796979188,997.02781060528423,-1486.0946973578848,0.10000000000000001
379,0,0.26783516128257845,0.050116901475907902,0.083763679088024123,0.0092835936758592589,996.51816631305996,-1740.9168434700177,0.10000000000000001
380,0,0.2776968289750944,0.050149578244390286,0.078066448556115012,0.010772388071770859,997.17254288557126,-1413.7285572143696,0.10000000000000001
381,0,0.28787671423636607,0.050095927344843541,0.073840779749871535,0.0053413691904030912,997.33188510402647,-1334.0574479867655,0.10000000000000001
382,0,0.29781134969843887,0.050103177759694535,0.074556107000984806,0.003845912530181881,997.66474234585814,-1167.6288270709279,0.10000000000000001
383,0,0.30793628943984508,0.050077221314864105,0.07300832919282553,0.0016498777821642389,997.63412082454465,-1182.9395877276738,0.10000000000000001
384,0,0.31791429710342789,0.050078340267149343,0.068465986607923454,0.0004597265416577507,998.07933215438641,-960.33392280679664,0.10000000000000001
385,0,0.32799814735472027,0.050062501524148609,0.065928509167509239,0.0013689373021966125,997.9338401703709,-1033.0799148145502,0.10000000000000001
386,0,0.33800853346607529,0.050064353867829647,0.0630033795575691,0.0023900052698677746,998.28003013154625,-859.98493422687261,0.10000000000000001
387,0,0.34807018255231936,0.050057941391467194,0.064315098825205308,0.0010117061770176551,997.97947949609909,-1010.2602519504558,0.10000000000000001
388,0,0.35811126084804884,0.050051428559836277,0.05791573731486211,0.0019205597742913767,998.17218344998128,-913.90827500936211,0.10000000000000001
389,0,0.36814999030932477,0.050055030607258855,0.05783941499112092,0.0030996398012897294,997.92939465590462,-1035.3026720476919,0.10000000000000001
390,0,0.37821722511595135,0.050048415756411453,0.052508302862175039,0.0025039086670773838,997.68002625181157,-1159.9868740942156,0.10000000000000001
391,0,0.38825568700683855,0.050046730977466425,0.048306525706934965,0.0027184758879500838,997.36760758927085,-1316.1962053645766,0.10000000000000001
392,0,0.39833000114130013,0.050048268768655202,0.048374442990054549,0.0022000570349236109,996.86165563060092,-1569.1721846995392,0.10000000000000001
393,0,0.40839036691638259,0.050047214811362248,0.044553135006347,-0.0016533863301123482,996.84653121912947,-1576.7343904352629,0.10000000000000001
394,0,0.41846074658797294,0.050043291404829264,0.044549159904552355,-0.004844523989805628,996.97915707798268,-1510.4214610086615,0.10000000000000001
395,0,0.4285210201689057,0.050044907166849728,0.05376735405830501,-0.0049289326976768872,997.12088504749113,-1439.5574762544356,0.10000000000000001
396,0,0.43859217652566063,0.050045332953751701,0.062374912717007187,-0.0048904007151820174,997.38764059947334,-1306.1797002633284,0.10000000000000001
397,0,0.44864979404725863,0.050044331977628864,0.066457575473267583,-0.0049165512816877711,997.81400213742961,-1092.9989312851944,0.10000000000000001
398,0,0.45870313816737079,0.050043693860778456,0.071107067445580638,-0.0032347528930906089,997.96691592533796,-1016.5420373310212,0.10000000000000001
399,0,0.46875916170173898,0.050038986409477501,0.072667758288184503,-0.00043351223683245398,997.81388871992692,-1093.055640036539,0.10000000000000001
400,0,0.47881183728700732,0.050036431575621737,0.068421298934586788,0.00067267796867402023,997.62692213084483,-1186.5389345775839,0.10000000000000001
401,0,0.48886847371245185,0.050034407212149322,0.06152825038337504,-0.0014969132936363296,997.47751498052446,-1261.2425097377695,0.10000000000000001
402,0,0.49892407332933419,0.050031007366201821,0.057921592552752234,-0.0053550165635632791,997.31164062189453,-1344.1796890527371,0.10000000000000001
403,0,0.50898441743802458,0.050033221843759863,0.059115609228134663,-0.009617962460383378,997.19313066722896,-1403.4346663855217,0.10000000000000001
404,0,0.51904807646301987,0.050037317320325105,0.061673434028601551,-0.013348765861174901,997.25320333574371,-1373.3983321281471,0.10000000000000001
405,0,0.52910969976532674,0.050043352743952385,0.063871746894374401,-0.014842997231178386,997.48942524043605,-1255.2873797819757,0.10000000000000001
406,0,0.53916878720967532,0.050051228199510703,0.068065886629637515,-0.013425665267956943,997.63076472261605,-1184.6176386919751,0.10000000000000001
407,0,0.54923011980177794,0.05005673182327483,0.073835217429003369,-0.0090580637398107837,997.50695365882109,-1246.5231705894553,0.10000000000000001
408,0,0.55929371297969654,0.050060974510821275,0.075760915283584807,-0.0028911168055307428,997.33538815346219,-1332.3059232689047,0.10000000000000001
409,0,0.56935742036642334,0.0500620586348903,0.073689503463808773,0.0028830271392164997,997.24675562556058,-1376.6221872197093,0.10000000000000001
410,0,0.57942009877234824,0.050059774258208033,0.073417840099809534,0.0070197175143844838,997.14636165476315,-1426.8191726184227,0.10000000000000001
411,0,0.58948492167590449,0.050055843230167867,0.075955270249340956,0.0092733184110886518,997.0695734820896,-1465.2132589552025,0.10000000000000001
412,0,0.59955000768689792,0.050050965465464732,0.078224230259305194,0.0095411032353670475,997.18691956761154,-1406.5402161942302,0.10000000000000001
413,0,0.6096107410361451,0.050046834418456185,0.080141854903686222,0.0078687766239555999,997.45700299014641,-1271.4985049267966,0.10000000000000001
414,0,0.61966863801599437,0.050043561623330367,0.082174446485322725,0.005176160945233421,997.69111068888049,-1154.4446555597574,0.10000000000000001
415,0,0.62972428184865192,0.050041524631171813,0.082683679587630607,0.0027925482374216177,997.77435318279402,-1112.823408602992,0.10000000000000001
416,0,0.63977969325814665,0.050041224886829938,0.079065738714608647,0.0013783758940357088,997.69218172320643,-1153.9091383967843,0.10000000000000001
417,0,0.6498357963730752,0.050041849212427353,0.070890457373205845,0.0009366984705108548,997.46199570975114,-1269.002145124432,0.10000000000000001
418,0,0.65989433497513017,0.050042954746518702,0.060797437692570837,0.0012454521293630298,997.06846551682963,-1465.7672415851835,0.10000000000000001
419,0,0.66995836247496987,0.050043938273832439,0.050886022246117116,0.0020695632130904151,996.58376836118464,-1708.1158194076806,0.10000000000000001
420,0,0.68002813073375867,0.050044464645623718,0.042206936209535646,0.0029168792586878826,996.16941734918737,-1915.2913254063151,0.10000000000000001
421,0,0.69010248450933587,0.050045060237112006,0.036186326064653079,0.0029686573787394152,995.93677968083739,-2031.6101595813052,0.10000000000000001
422,0,0.70017939297930465,0.050045463880947862,0.03443566219158007,0.0018601615136594873,995.88252984395206,-2058.7350780239717,0.10000000000000001
423,0,0.71025804103439794,0.050045825420478619,0.036663523592224134,-2.8743112851383524e-05,995.95456074460947,-2022.7196276952668,0.10000000000000001
424,0,0.72033654223922927,0.050047077005178631,0.04038062744142365,-0.0023033154215450521,996.11860697164207,-1940.6965141789669,0.10000000000000001
425,0,0.73041314987955896,0.050048930889963664,0.043550535465998103,-0.0046459818850104655,996.29319541306745,-1853.4022934662744,0.10000000000000001
426,0,0.74048801621522387,0.050050909513784998,0.044994878560163452,-0.0064527395527485465,996.3798388417971,-1810.0805791014523,0.10000000000000001
427,0,0.75056168061471251,0.050052891861587082,0.043824711437940575,-0.0072432049976371791,996.34999435092595,-1825.0028245370231,0.10000000000000001
428,0,0.76063556326631632,0.050054496156313986,0.039936675943053924,-0.0070972838294498788,996.24870997142,-1875.6450142900007,0.10000000000000001
429,0,0.77070976861969676,0.050055618485577054,0.03485339486479011,-0.0064193647733096519,996.13677516462121,-1931.6124176893936,0.10000000000000001
430,0,0.78078485005715403,0.050056323012603772,0.030936922623272634,-0.0054694619751931598,996.04734875245958,-1976.325623770208,0.10000000000000001
431,0,0.79086153251479585,0.050056824553361225,0.02936877041403951,-0.004172166437061359,996.02095959742098,-1989.5202012895083,0.10000000000000001
432,0,0.8009385197430906,0.050057498714481903,0.030402542784704063,-0.0022785807926435308,996.07407712086524,-1962.9614395673798,0.10000000000000001
433,0,0.81101526865126328,0.050058516401533901,0.033772862053327531,0.00032301061903678514,996.15929842238916,-1920.3507888054219,0.10000000000000001
434,0,0.82109151728943219,0.050059651270992357,0.038552547494694688,0.0034312428280778603,996.21102878111412,-1894.4856094429383,0.10000000000000001
435,0,0.83116752497348012,0.050060202655357031,0.043428682135189238,0.0066547199630950602,996.19978352325711,-1900.1082383714447,0.10000000000000001
436,0,0.84124375942945007,0.050059573227904525,0.046818866378752363,0.0093724200930276336,996.16225786069367,-1918.8710696531643,0.10000000000000001
437,0,0.85131936078099424,0.050057605367492,0.048416819488197933,0.010574245195011333,996.14527226613257,-1927.3638669337174,0.10000000000000001
438,0,0.86139451238659925,0.050054353672675599,0.049473863153178227,0.0093695281453965787,996.17995901374843,-1910.0204931257849,0.10000000000000001
439,0,0.87146905148130882,0.050050157324115011,0.050721127706090434,0.0057909340947450193,996.3170005012887,-1841.4997493556484,0.10000000000000001
440,0,0.8815411698859833,0.050045777316653231,0.052005814184337015,0.00082242720859517946,996.57604095958425,-1711.9795202078762,0.10000000000000001
441,0,0.89160980336724349,0.05004224866403454,0.05321877603193538,-0.0042363048971110918,996.91412639326893,-1542.9368033655351,0.10000000000000001
442,0,0.901674385404725,0.05004015590017117,0.054269586520435842,-0.0080817149986816897,997.25393200081578,-1373.0339995921099,0.10000000000000001
443,0,0.91173493687928686,0.050039299447109095,0.054167874479320643,-0.0095091199935167132,997.51127613442429,-1244.3619327878537,0.10000000000000001
444,0,0.92179242825916097,0.050039390568975002,0.051291494873343266,-0.0081117409482620497,997.65451393558601,-1172.7430322069949,0.10000000000000001
445,0,0.93184782695346047,0.050040063141285882,0.045469850163875489,-0.0047374770482804356,997.71418112865342,-1142.909435673289,0.10000000000000001
446,0,0.94190208556692534,0.050040478611365534,0.038298055788114724,-0.00080335373303127373,997.72812529587054,-1135.9373520647296,0.10000000000000001
447,0,0.95195601805630337,0.050039997579327304,0.031436762688776522,0.0024393376175829845,997.73173384947916,-1134.1330752604222,0.10000000000000001
448,0,0.96201020020043337,0.050038657750133081,0.026253257280347685,0.0040709796114493709,997.78151917701064,-1109.2404114946817,0.10000000000000001
449,0,0.97206447903570814,0.050036733648656968,0.024560943009472883,0.0038174605205823354,997.92038444372963,-1039.8077781351844,0.10000000000000001
450,0,0.98211779436547264,0.050034577150700144,0.027876135379401128,0.0023547923765411417,998.09986212446836,-950.06893776582046,0.10000000000000001
451,0,0.99217022332669236,0.050032746530000241,0.035477949973660897,0.00087323432556109617,998.22089096074876,-889.55451962561938,0.10000000000000001
452,0,1.0022228184015738,0.0500317660674705,0.044971467761286778,0.00028287544389375122,998.25853401039069,-870.73299480465494,0.10000000000000001
453,0,1.0122752938083381,0.050031844669225632,0.054520514359496931,0.00088642149980866297,998.23007320959505,-884.96339520247602,0.10000000000000001
454,0,1.0223273919378528,0.050032815291224469,0.062281843154873062,0.0023918340641505094,998.11500363998846,-942.49818000577079,0.10000000000000001
455,0,1.0323802201746521,0.050034183166642744,0.065837046938666849,0.0038913760412001681,997.93616489217675,-1031.9175539116259,0.10000000000000001
456,0,1.0424339208801756,0.05003541027363758,0.064423740600564272,0.0041891742341780306,997.79161109189397,-1104.1944540530153,0.10000000000000001
457,0,1.0524875158573024,0.050036154431052221,0.059511394055687554,0.002595053874421902,997.73031069471426,-1134.8446526428688,0.10000000000000001
458,0,1.0625409215313479,0.050036139413715902,0.052882591063496021,-0.00063930397103028973,997.7115619081103,-1144.2190459448511,0.10000000000000001
459,0,1.0725947515953727,0.050035320367931346,0.045886816560975381,-0.0046130021101389177,997.68146856201952,-1159.2657189902411,0.10000000000000001
460,0,1.0826498369223698,0.050034320294914322,0.040164488199939126,-0.0080800757169190683,997.60684540050045,-1196.5772997497766,0.10000000000000001
461,0,1.0927071285137635,0.050033940999325489,0.037303990858529014,-0.0096187427070187556,997.45186638411508,-1274.0668079424609,0.10000000000000001
462,0,1.1027675571213751,0.050034497220563599,0.037150370520401134,-0.0083653389645130527,997.18738702587746,-1406.306487061272,0.10000000000000001
463,0,1.1128320203748323,0.050036228777134137,0.038088464208396344,-0.0046957073713455796,996.8452533050197,-1577.3733474901519,0.10000000000000001
464,0,1.1229004578080999,0.050039302015186159,0.039124336426440177,0.00021934557180394612,996.50927904100513,-1745.3604794974353,0.10000000000000001
465,0,1.132972212442763,0.05004313460963894,0.040180544696766775,0.005097781978243756,996.25630527099975,-1871.8473645001268,0.10000000000000001
466,0,1.1430461383634971,0.050046746122690521,0.041169616435862769,0.0086526121554637517,996.12846418661218,-1935.7679066939113,0.10000000000000001
467,0,1.1531203923110078,0.050049459649201031,0.041959070740454157,0.0099078755775287436,996.10498049215107,-1947.5097539244643,0.10000000000000001
468,0,1.1631948093490374,0.050051011469351293,0.043309653554086835,0.0088242233349980909,996.13363663598989,-1933.1816820050562,0.10000000000000001
469,0,1.1732696137162835,0.050051403378585671,0.046509060613307548,0.0062712232049793107,996.18154616139236,-1909.2269193038192,0.10000000000000001
470,0,1.1833440181373807,0.05005082517838335,0.051278643310231388,0.0032381752123623992,996.20048360564613,-1899.7581971769364,0.10000000000000001
471,0,1.1934185627304486,0.050049870931912273,0.056043909198371877,0.00032871181489198237,996.15285644943469,-1923.5717752826531,0.10000000000000001
472,0,1.2034935842334351,0.050049211956052643,0.059478350627520854,-0.0020866541584108628,996.06808040479348,-1965.9597976032614,0.10000000000000001
473,0,1.2135688632776465,0.050049039451437391,0.060611480523356694,-0.0038303444921901665,996.01257414839574,-1993.7129258021287,0.10000000000000001
474,0,1.223643882678199,0.050049149982634641,0.059119020459099322,-0.0050339459997100549,996.03568274822499,-1982.1586258875072,0.10000000000000001
475,0,1.2337173554961995,0.050049130000336971,0.055213482787740943,-0.0059588959003166438,996.12387416181662,-1938.062919091692,0.10000000000000001
476,0,1.2437899518172617,0.050048708586728149,0.050033839047860622,-0.0066897818998488756,996.23832029516404,-1880.8398524179779,0.10000000000000001
477,0,1.2538621792163862,0.050047755469726861,0.045910928647364631,-0.0069695758778870031,996.34632857108772,-1826.8357144561378,0.10000000000000001
478,0,1.2639340889366315,0.050046324954218617,0.044400581178011711,-0.0063788023764456414,996.3879078860673,-1806.0460569663519,0.10000000000000001
479,0,1.2740070157159293,0.050044770332577378,0.045446327412126168,-0.0048070807990105756,996.31700508154449,-1841.4974592277531,0.10000000000000001
480,0,1.2840814550179882,0.050043209994402787,0.048188248151423627,-0.0026990608485686464,996.15911183705111,-1920.444081474443,0.10000000000000001
481,0,1.2941575613433967,0.050042162625082244,0.051518084801933837,-0.00061585141934779927,996.01107010818407,-1994.4649459079642,0.10000000000000001
482,0,1.3042336166954516,0.050041957242533394,0.053475997959380676,0.0011666351214214719,995.95299931343197,-2023.5003432840131,0.10000000000000001
483,0,1.3143077542629242,0.050041698536780484,0.051592327103837085,0.0022726635852492235,996.01597719556185,-1992.0114022190774,0.10000000000000001
484,0,1.3243792703649,0.050041303222589338,0.045617277950509093,0.0023264789757609997,996.25119975844746,-1874.4001207762722,0.10000000000000001
485,0,1.3344462579787235,0.050041058137196684,0.037226754967947237,0.0016895114261025743,996.6622286502444,-1668.8856748777994,0.10000000000000001
486,0,1.3445075763090233,0.050040435372174993,0.027807602920744603,0.001144470003851349,997.13486624349582,-1432.5668782520893,0.10000000000000001
487,0,1.3545636930480065,0.050039789257083252,0.018386487361611119,0.0011202672606891804,997.50898057852237,-1245.5097107388156,0.10000000000000001
488,0,1.3646177643744513,0.050039695972472223,0.011079452527613139,0.0017924689183120618,997.71672687370801,-1141.6365631459939,0.10000000000000001
489,0,1.3746714031499967,0.050040582510350366,0.0083323350989841852,0.0033411071175291395,997.77211608933101,-1113.9419553344965,0.10000000000000001
490,0,1.38472577879615,0.05004317814517114,0.0095508832985693893,0.0057203987581595011,997.66205477818596,-1168.9726109070193,0.10000000000000001
491,0,1.3947828308318002,0.050046884525009147,0.012152670047149627,0.0082322357456246584,997.4128361615526,-1293.5819192236977,0.10000000000000001
492,0,1.404842698672907,0.050051353524099618,0.014255222116623936,0.0095918646282743894,997.1386283913231,-1430.6858043384523,0.10000000000000001
493,0,1.4149070410964328,0.050056323273812979,0.016094202619597847,0.0089426037043427616,997.02556985707633,-1487.2150714618328,0.10000000000000001
494,0,1.4249710283552635,0.050060115976225436,0.017826158638899255,0.0062817090526149193,997.12726444851899,-1436.3677757405071,0.10000000000000001
495,0,1.4350323296733685,0.050062147154362163,0.016499287949023545,0.0018327976941095265,997.26974598846982,-1365.1270057650891,0.10000000000000001
496,0,1.4450940744421472,0.05006057225991907,0.012990593544595384,-0.0040726137331055521,997.39630077046718,-1301.8496147664109,0.10000000000000001
497,0,1.4551552139529724,0.050055920971970855,0.013444058887798599,-0.01012966727809126,997.60298635849244,-1198.5068207537779,0.10000000000000001
498,0,1.4652138914600166,0.05005009381949338,0.018331314128346602,-0.014093032666529724,997.76186746336259,-1119.0662683187043,0.10000000000000001
499,0,1.4752696725904908,0.050041948876739947,0.022191898992591969,-0.014913149637430725,997.63012752448572,-1184.9362377571424,0.10000000000000001
500,0,1.485328123107738,0.050036221625375139,0.024540307079985186,-0.012667496190516337,997.37037110776225,-1314.8144461188735,0.10000000000000001
501,0,1.4953895510695734,0.050032661423914056,0.028220721805973573,-0.008073971191270608,997.26842298762983,-1365.7885061850834,0.10000000000000001
502,0,1.505447855270877,0.050031221164302593,0.031320176440923851,-0.0031013060560532908,997.32779843866035,-1336.100780669824,0.10000000000000001
503,0,1.5155027848385765,0.050035832004593002,0.029932983306727712,0.0011311165866474532,997.41860682488118,-1290.6965875594096,0.10000000000000001
504,0,1.5255598399729269,0.050038960351168262,0.025408024915815675,0.0033119387673247909,997.49068397582289,-1254.6580120885551,0.10000000000000001
505,0,1.535613753788704,0.050042668678863089,0.023143136850201008,0.0018827722072263075,997.6160615386807,-1191.9692306596517,0.10000000000000001
506,0,1.5456724367849553,0.050047874803845913,0.026099533723164779,-0.0017611902971087163,997.73514218625257,-1132.428906873713,0.10000000000000001
507,0,1.555728231259899,0.050048410176806578,0.031464510207302981,-0.0048250252217307893,997.59193062189956,-1204.0346890502178,0.10000000000000001
508,0,1.5657879743573753,0.050049389861929999,0.034850864590834939,-0.0059923748961991825,997.19747715732865,-1401.2614213356755,0.10000000000000001
509,0,1.5758610973149256,0.050047405455025867,0.041330283453093725,-0.0069283477391798012,996.97251169265212,-1513.7441536739402,0.10000000000000001
510,0,1.5859222807201117,0.050043913615694054,0.048364757933977716,-0.0077530435360095998,996.93723144099306,-1531.3842795034702,0.10000000000000001
511,0,1.5959919237793476,0.050046156127409751,0.046131310014571922,-0.0048802018692796437,996.92342931644066,-1538.2853417796696,0.10000000000000001
512,0,1.6060487584070056,0.050045492145660113,0.038489638978560219,-0.00020860794016881775,996.96951299788589,-1515.2435010570571,0.10000000000000001
513,0,1.6161209225709927,0.050042910596636202,0.035881315330958646,0.0018605727761404989,997.53073849197153,-1234.6307540142334,0.10000000000000001
514,0,1.6261565862897105,0.050042893968032395,0.032222894817787291,0.003204844375800603,997.92597435601624,-1037.0128219918797,0.10000000000000001
515,0,1.6362150489583887,0.05005102083837993,0.026080746133195915,0.0057612488044013086,998.09113748476523,-954.43125761738656,0.10000000000000001
516,0,1.6462544389128118,0.050048556402250484,0.02575191201422385,0.0067879045961155579,998.22048471674111,-889.75764162944415,0.10000000000000001
517,0,1.6562926333847399,0.050056572272923129,0.024025222688649314,0.0074635401084710519,998.00575421522558,-997.12289238721041,0.10000000000000001
518,0,1.666351925897009,0.050066678826436097,0.029503159877305486,0.0096024216234432067,998.23068340934981,-884.65829532509588,0.10000000000000001
519,0,1.6763639148957517,0.050065282920240449,0.026824680530093552,0.0083476340705559756,997.59498847070279,-1202.5057646486061,0.10000000000000001
520,0,1.6864511851646689,0.05008519880903025,0.027744431411626545,0.006537181228183777,997.75828345026548,-1120.8582748672598,0.10000000000000001
521,0,1.6964379462078545,0.050082622714422591,0.028458064499974685,0.0060749306855064182,997.4187349540008,-1290.6325229996014,0.10000000000000001
522,0,1.7065543779275281,0.050108579227338551,0.024413097428362018,0.0058237066790917174,997.2966282505605,-1351.6858747197489,0.10000000000000001
523,0,1.7165054193953004,0.050101625329838008,0.022340258845635726,0.0045850960317248904,997.03927832936222,-1480.3608353188906,0.10000000000000001
524,0,1.7266798779971226,0.05015179730037448,0.018112246529611586,0.0090578030309967916,997.04139442650819,-1479.3027867459045,0.10000000000000001
525,0,1.7365425985455081,0.050117413710856276,0.0072627790484037936,0.0054618283434412157,996.53235463360261,-1733.8226831986958,0.10000000000000001
526,0,1.7468381932791572,0.050188595962457477,0.0081817774520472949,0.0042061030590479246,997.14003519051937,-1429.9824047403149,0.10000000000000001
527,0,1.7565525138938425,0.050161643672098258,0.00059106753657380451,0.0079240320259797367,996.74621055360012,-1626.8947231999391,0.10000000000000001
528,0,1.7669813704260675,0.050177493125295854,-0.0053581587188909425,0.0041769525089101686,997.22068240463761,-1389.6587976811929,0.10000000000000001
529,0,1.7764805265765089,0.050220014938325917,-0.010683287192813905,0.0023814739850221444,996.76264757850061,-1618.6762107496975,0.10000000000000001
530,0,1.7871177111656835,0.050291788931606567,-0.0025881558144530753,8.8145409442718124e-07,997.32011442965154,-1339.9427851742303,0.10000000000000001
531,0,1.7963703970958513,0.050341713646772111,0.010258668199775552,-0.001723575355516079,997.56329932670735,-1218.3503366463242,0.10000000000000001
532,0,1.8072647360590026,0.050434326988004194,-0.0043694044635646202,-0.0024263138734654769,996.54178379646612,-1729.1081017669399,0.10000000000000001
533,0,1.8163255064530095,0.050420443143798857,0.01997089207070973,-0.0094668228967334667,997.81509887590198,-1092.4505620490095,0.10000000000000001
534,0,1.8275505356219104,0.050544968032985096,0.020985397585390222,-0.0060678075975813886,997.99040258043021,-1004.7987097848932,0.10000000000000001
535,0,1.8362562694989673,0.050263401777003142,0.011949300980246363,-0.0061848982506282485,998.10715421607495,-946.42289196252705,0.10000000000000001
536,0,1.8508315015882881,0.051227131959650757,0.02856693538341577,0.0068259571922452784,999.30889625224324,-345.55187387837805,0.10000000000000001
537,0,1.8506735635749958,0.050856028391906047,0.029360331938828161,0.0065326893039740512,999.3569202904514,-321.53985477430069,0.10000000000000001
538,0,1.8775711625916138,0.044236532409777249,0.091280884270320842,-0.012891784348623637,998.96423283202842,-517.88358398579248,0.10000000000000001
539,0,1.8779241386126397,0.044623086200479715,0.094305558852639138,-0.012932960055073177,999.22667942356634,-386.66028821683085,0.10000000000000001
540,0,1.8923207236473947,0.049256123596163638,0.089122100511934629,-0.0055597513145821042,999.61380243666304,-193.09878166848193,0.10000000000000001
541,0,1.9126904328702599,0.048620869229822603,0.096115896376815127,0.02375524493208581,999.88933001018825,-55.334994905877011,0.10000000000000001
542,0,1.9127567399966752,0.049417022113372601,0.099128415772074985,0.024791332701279225,999.96278709222508,-18.606453887457519,0.10000000000000001
543,0,0.097656668740720348,0.061863383175052931,-0.025800496264044563,0.010844744389600295,1000.6173565529949,308.67827649746005,0.10000000000000001
544,0,0.098016925755089149,0.062463001595064037,-0.022646315700168455,0.0089877073211244579,1000.5918025401463,295.90127007315914,0.10000000000000001
545,0,0.10930602318852606,0.062606218078292086,0.026970870347846836,0.010596937043025419,1000.9004571499106,450.22857495530388,0.10000000000000001
546,0,0.12529834237079387,0.057055852912149992,-0.00065310171961364635,-0.0071648738150599731,1000.349991450759,174.99572537951735,0.10000000000000001
547,0,0.12541535126569481,0.058219775881250234,-0.0078797225398691533,-0.0083123650142680264,1000.2289096893857,114.45484469282974,0.10000000000000001
548,0,0.15066481280469574,0.060029805550752664,0.061257754962572228,0.0086979837755760386,999.34704957742611,-326.47521128694734,0.10000000000000001
549,0,0.15068828760480638,0.059892821944053522,0.061312911840555324,0.008873041249087818,999.34459386178185,-327.70306910907721,0.10000000000000001
550,0,0.16735203073641208,0.060710158104452627,0.079524514464666976,0.0051409248106387452,998.78861525673858,-605.69237163070966,0.10000000000000001
551,0,0.17553032530717341,0.060501142722094621,0.078948077955848045,-0.00039086361751772172,998.01188980544873,-994.05509727563413,0.10000000000000001
552,0,0.18696570978417582,0.06043587127481833,0.070653635962286965,0.00073821493555647306,998.88706804234209,-556.46597882895321,0.10000000000000001
553,0,0.19615652558694252,0.060317258168672172,0.09065555217467873,0.0031335733109882835,997.58001791883123,-1209.9910405843843,0.10000000000000001
554,0,0.20728411625222315,0.060309217940939956,0.077918328246363189,0.00024113238146774568,997.41100497034711,-1294.4975148264461,0.10000000000000001
555,0,0.21655232481171113,0.060251556124288563,0.090224648327601728,0.001940679506687408,997.55549343346661,-1222.2532832666957,0.10000000000000001
556,0,0.22743841307595355,0.060246966164262325,0.08641626777480467,0.0049053278675219164,996.61286003400755,-1693.5699829962232,0.10000000000000001
557,0,0.23681259221398407,0.060210894517534731,0.09248239418562261,0.0064971066973850853,996.98281799939411,-1508.5910003029426,0.10000000000000001
558,0,0.24756269143534212,0.060167083735296056,0.085937266873999704,0.013102884834898706,995.82503721977503,-2087.4813901124867,0.10000000000000001
559,0,0.25708313012319051,0.060187886125198389,0.071966005179157452,0.011999254194324706,997.54514524871661,-1227.427375641696,0.10000000000000001
560,0,0.26760047284114336,0.060128166567195579,0.085654747528308081,0.0099603792158823295,995.76409967803374,-2117.9501609831277,0.10000000000000001
561,0,0.27735241471055716,0.060140421955232781,0.074965307141451901,0.0098116615621730661,997.11206776590507,-1443.9661170474665,0.10000000000000001
562,0,0.2876563627860978,0.060100353255578977,0.068803900288877881,0.0041422773151499285,997.0321895663244,-1483.9052168377975,0.10000000000000001
563,0,0.29753781262400303,0.060108100355504616,0.072444674803327086,0.00073963787524318481,997.74162596148403,-1129.1870192579836,0.10000000000000001
564,0,0.30773009405237767,0.060082922193502024,0.07203736248173212,-0.0019438767614702807,997.53552992224343,-1232.2350388782866,0.10000000000000001
565,0,0.31769024427825254,0.06008494398869952,0.068623580278647192,-0.0021648520536507285,998.2632983712964,-868.35081435179973,0.10000000000000001
566,0,0.32780000829763212,0.060067655389795555,0.070343619558037015,0.00014955571935867766,997.93854727216274,-1030.7263639186317,0.10000000000000001
567,0,0.337822484759084,0.060065686629787951,0.063499162801918807,0.0030768799522729777,998.36464079379562,-817.67960310219223,0.10000000000000001
568,0,0.3478799992078388,0.060061247995943624,0.064320354787311601,0.00301369445686985,998.10604043643934,-946.97978178032827,0.10000000000000001
569,0,0.35794018128159605,0.060052161261119529,0.059501793272823442,0.0026337847383675664,998.09699089802098,-951.5045509895117,0.10000000000000001
570,0,0.36797876295108656,0.060049110890266898,0.058506547626429033,0.0031393025363835167,997.77087228470168,-1114.5638576491592,0.10000000000000001
571,0,0.37805565744283376,0.060046867307890169,0.052167931539791032,0.0024955246329476772,997.49999291886581,-1250.0035405670928,0.10000000000000001
572,0,0.38809770504477664,0.06004393380911547,0.048851307744382365,0.0013750211922628668,997.13907346716803,-1430.463266415984,0.10000000000000001
573,0,0.39818051022678963,0.060044105436425591,0.047395644076681322,0.0009269573120977455,996.65449234917867,-1672.7538254106662,0.10000000000000001
574,0,0.4082416110246157,0.060043378515798752,0.041897553788641725,-0.00067502775325718441,996.72845195783293,-1635.7740210835345,0.10000000000000001
575,0,0.41831559215025121,0.06004157494857959,0.044425057151257732,-0.0018637616196109841,996.82465505434186,-1587.6724728290696,0.10000000000000001
576,0,0.42838340668231045,0.060040532152929406,0.054938793883233646,-0.0015306737444206694,996.94910171127799,-1525.449144361005,0.10000000000000001
577,0,0.438457481323828,0.060041472928635993,0.061970831771476456,-0.0022722580873547138,997.40496015618021,-1297.5199219098954,0.10000000000000001
578,0,0.44851565381199709,0.060041314487004456,0.066695866878495699,-0.0044819647054303554,997.96935325902211,-1015.3233704889431,0.10000000000000001
579,0,0.45857309939001173,0.060039289140995093,0.073493304099718298,-0.0053181845130671618,998.06844118283072,-965.77940858463762,0.10000000000000001
580,0,0.4686304253617623,0.060039346497858678,0.075195795132416018,-0.0047726448259940322,997.89391420390086,-1053.0428980495685,0.10000000000000001
581,0,0.47868805696024291,0.060038501261632946,0.068913349444032421,-0.0048388951050182521,997.66851076165847,-1165.7446191707663,0.10000000000000001
582,0,0.48874577909007888,0.060038177586268858,0.060353142990275901,-0.0056218812093942723,997.44201566395839,-1278.9921680208067,0.10000000000000001
583,0,0.49880562576343956,0.060037024833683596,0.056446127581869829,-0.0062869845023271094,997.16443401234449,-1417.7829938277569,0.10000000000000001
584,0,0.50887282479838025,0.060037820006733189,0.057139246849532151,-0.0070376900073462652,997.00620557748721,-1496.8972112563961,0.10000000000000001
585,0,0.51893859291560251,0.060039830623012505,0.060437078581989288,-0.0080597495380096713,997.1172958331108,-1441.352083444599,0.10000000000000001
586,0,0.52900595000408035,0.06004149926570744,0.064570723709477126,-0.0083630094079687554,997.43008319458613,-1284.9584027069341,0.10000000000000001
587,0,0.53906738911830354,0.060044947971619654,0.070831615128341713,-0.0074665470949642132,997.68283052187655,-1158.5847390617232,0.10000000000000001
588,0,0.54913015941529497,0.060047976202981565,0.078671339560045794,-0.0053071943146299344,997.63787089056416,-1181.0645547179206,0.10000000000000001
589,0,0.55919589547569948,0.060050648963743854,0.081296117629523199,-0.0022415564061733879,997.51900131551349,-1240.499342243254,0.10000000000000001
590,0,0.56925948592345865,0.060052746236437436,0.078549052708058759,0.00084434802452769625,997.45996486962031,-1270.0175651898462,0.10000000000000001
591,0,0.57932300147537141,0.060052997563260969,0.077282819353168386,0.0036812945963761714,997.31415033913413,-1342.9248304329349,0.10000000000000001
592,0,0.58938953381463532,0.060051966332635875,0.078738226324093205,0.0063563134750553507,997.13430065559783,-1432.8496722010868,0.10000000000000001
593,0,0.59945714876896816,0.06005032868217336,0.079322006340155696,0.0082793130990014025,997.16138767779637,-1419.3061611018152,0.10000000000000001
594,0,0.60952101005937964,0.060048067838248759,0.079465079553166798,0.0086246411219503723,997.37415646556315,-1312.9217672184268,0.10000000000000001
595,0,0.61958247351410223,0.060045529801958875,0.080697368467581132,0.0075394122632333107,997.56631833349263,-1216.8408332536842,0.10000000000000001
596,0,0.62964218614604583,0.060043375106335006,0.081237796656931149,0.0056394881480775344,997.64048780265102,-1179.7560986744884,0.10000000000000001
597,0,0.63970197972166221,0.060042087928206526,0.078040437694264747,0.0033244040190784831,997.60158562163076,-1199.2071891846194,0.10000000000000001
598,0,0.64976198518566597,0.060041956880236412,0.070550471406919321,0.0011248876633156402,997.45609050580572,-1271.9547470971406,0.10000000000000001
599,0,0.65982383713333581,0.060042531874102925,0.061344637863631611,-0.00031654062817602918,997.14708796401635,-1426.4560179918249,0.10000000000000001
600,0,0.66989094073464572,0.060043568611454531,0.052238201303577154,-0.0006505369714897148,996.70983386842101,-1645.0830657894926,0.10000000000000001
601,0,0.67996342596618464,0.060044555531579072,0.043730128929078134,-0.00010164180235254141,996.29388728651634,-1853.0563567418312,0.10000000000000001
602,0,0.69004060824349234,0.06004492253097133,0.037085141624932205,0.0006719562038502439,996.00889387106372,-1995.5530644681403,0.10000000000000001
603,0,0.70012034549298707,0.060044775371688779,0.034463066201138329,0.0010307627093807663,995.85575401700873,-2072.1229914956325,0.10000000000000001
604,0,0.71020250425648068,0.060044384496516515,0.03591199385379415,0.00056520055573799639,995.81672847579171,-2091.635762104147,0.10000000000000001
605,0,0.72028526208249555,0.06004455674177607,0.038943135093097977,-0.00094105008714468375,995.91630125290237,-2041.8493735488141,0.10000000000000001
606,0,0.73036569511496152,0.060045638187043247,0.042012419489083554,-0.0032088295262608568,996.08891128711389,-1955.5443564430561,0.10000000000000001
607,0,0.74044431675918876,0.060047478667605791,0.044266020156824001,-0.0053309612933928269,996.21547864189415,-1892.2606790529244,0.10000000000000001
608,0,0.75052156228996703,0.060050156129481919,0.044368771430015018,-0.0064079859813431566,996.25045062796107,-1874.7746860194638,0.10000000000000001
609,0,0.76059840311981453,0.060053099933437736,0.041596984403240063,-0.0061215300613867187,996.2186219204018,-1890.6890397990992,0.10000000000000001
610,0,0.77067532437525488,0.060055526112856236,0.037190697142140815,-0.0047278129351995303,996.15688166212033,-1921.5591689398366,0.10000000000000001
611,0,0.78075301132049935,0.060057013134690036,0.033638729459798879,-0.0027130225059099592,996.08058094493902,-1959.7095275304923,0.10000000000000001
612,0,0.79083251483896633,0.060057442314624211,0.032311666872525076,-0.0005357323870892087,996.03668514427193,-1981.657427864036,0.10000000000000001
613,0,0.80091279942803706,0.06005722741077086,0.033525845976670451,0.001400811917217184,996.07098959960899,-1964.5052001955037,0.10000000000000001
614,0,0.81099306847772112,0.060056847235548244,0.036976623966181697,0.0028173769442778589,996.16280336383306,-1918.5983180834683,0.10000000000000001
615,0,0.82107261708224166,0.060056472004517213,0.041753270131124932,0.0036859983311127334,996.2481535009648,-1875.9232495175979,0.10000000000000001
616,0,0.83115144959133902,0.060056046236608547,0.04660709224483596,0.004262890526802671,996.27177830546793,-1864.1108472660335,0.10000000000000001
617,0,0.84123020660893388,0.060055346465914143,0.049603486788311106,0.004755895072077564,996.24908375710072,-1875.4581214496397,0.10000000000000001
618,0,0.85130817973881134,0.060054134784253796,0.050014181887243291,0.0049189193870961285,996.22093046052748,-1889.5347697362581,0.10000000000000001
619,0,0.86138564074821689,0.060052222588715336,0.04942861711262149,0.0043154300815616987,996.21250550752291,-1893.7472462385472,0.10000000000000001
620,0,0.87146277354723611,0.060049589315513248,0.049381543907985083,0.0028545885992622175,996.27454826644259,-1862.7258667787032,0.10000000000000001
621,0,0.88153831960468809,0.060046636704254877,0.050134641517366053,0.00079231043764328615,996.45041941008913,-1774.7902949554373,0.10000000000000001
622,0,0.89161132228409767,0.060044102169939724,0.051596526341631491,-0.0015444469932690272,996.74298006809045,-1628.5099659547768,0.10000000000000001
623,0,0.90168048003397361,0.060042446049350801,0.053852240104470671,-0.003659936040557735,997.09643536419333,-1451.7823179033371,0.10000000000000001
624,0,0.91174537302224057,0.060041596413497218,0.055801910463410084,-0.0048045549697952371,997.40519571899779,-1297.4021405011058,0.10000000000000001
625,0,0.92180703678603138,0.060041440576395259,0.054855432195298232,-0.0045602097367542617,997.62364938549842,-1188.1753072507877,0.10000000000000001
626,0,0.93186587215009775,0.060041727999259289,0.050011472853366143,-0.0032229228492764105,997.77318362493372,-1113.408187533139,0.10000000000000001
627,0,0.94192246782158373,0.060041723388796674,0.042844200727087868,-0.001354365839862018,997.84985685573929,-1075.071572130355,0.10000000000000001
628,0,0.9519783529909791,0.060040937548407294,0.03514651919569501,0.0004887561869185591,997.85701204705754,-1071.4939764712312,0.10000000000000001
629,0,0.96203465845479075,0.060039483785589841,0.028529013600667157,0.0017159030019902649,997.86338157626562,-1068.309211867188,0.10000000000000001
630,0,0.97209133952626814,0.060037514104691839,0.025523787606774203,0.0020412884677080867,997.93159813546163,-1034.2009322691865,0.10000000000000001
631,0,0.98214772887253154,0.060035324220851879,0.028323731822036229,0.0017180082062305617,998.02812543633172,-985.93728183413987,0.10000000000000001
632,0,0.99220406471485278,0.060033535733248058,0.036259196195486017,0.0012449690283565969,998.08151851759305,-959.24074120347314,0.10000000000000001
633,0,1.0022609688307194,0.060032554146723295,0.046543273618573508,0.0010291391220780821,998.09415715364287,-952.92142317856587,0.10000000000000001
634,0,1.0123177153992942,0.060032453205658837,0.056878809839212334,0.0012286789018906309,998.0926464535695,-953.6767732152498,0.10000000000000001
635,0,1.0223736110938673,0.060033196785299496,0.064950063728934262,0.001695237873116485,998.04682214358149,-976.58892820925303,0.10000000000000001
636,0,1.0324293405048908,0.06003439810110784,0.067942053772954661,0.0020252354079134259,997.95256517279608,-1023.7174136019576,0.10000000000000001
637,0,1.0424852064874353,0.060035445948613791,0.065161441401267409,0.0017161015243899993,997.88054580035623,-1059.7270998218846,0.10000000000000001
638,0,1.0525406183357884,0.060036045882561069,0.058759654873780043,0.00050616947393882395,997.86427511890815,-1067.8624405459232,0.10000000000000001
639,0,1.0625956028729862,0.060036034550066453,0.051228131988045184,-0.0013330851703903248,997.84289125133682,-1078.5543743315884,0.10000000000000001
640,0,1.072651331968268,0.060035291736181613,0.044165502495694869,-0.0032272353977075004,997.75067337187045,-1124.6633140647759,0.10000000000000001
641,0,1.0827093429296712,0.060034304945133649,0.039361010156045359,-0.0046271885730901378,997.58686544001841,-1206.5672799907929,0.10000000000000001
642,0,1.0927702133983792,0.060033796213353766,0.038379146823199893,-0.0049700105393311947,997.35711383423643,-1321.4430828817854,0.10000000000000001
643,0,1.1028343234802696,0.060033993817884906,0.04022522009735497,-0.0039542421940109099,997.04156359827891,-1479.2182008605437,0.10000000000000001
644,0,1.1129026550227801,0.060034990740386311,0.042328850432511694,-0.001982894892603994,996.68690474807897,-1656.5476259605134,0.10000000000000001
645,0,1.1229747092199889,0.060036841697515032,0.043595484448067594,0.00021855071308651066,996.39843712649088,-1800.781436754562,0.10000000000000001
646,0,1.1330491190681617,0.060039079373331854,0.044112809263828004,0.002173963664620538,996.23101227686311,-1884.4938615684441,0.10000000000000001
647,0,1.1431248726577008,0.060040989777320287,0.043806951444497443,0.0035695508270554661,996.1809168844643,-1909.5415577678523,0.10000000000000001
648,0,1.1532006757116366,0.060042217686182717,0.042960497896987693,0.004161965063389457,996.20350457044435,-1898.2477147778241,0.10000000000000001
649,0,1.1632767170425677,0.060042826724163459,0.043129746788146413,0.0040468812188273091,996.24619225579431,-1876.9038721028437,0.10000000000000001
650,0,1.1733533109692369,0.060043042221803018,0.04592643183016383,0.0036524603885501085,996.28184573192095,-1859.0771340395236,0.10000000000000001
651,0,1.1834298212890575,0.060043128052798267,0.050638936302735756,0.0032111309824393122,996.26823063047448,-1865.8846847627615,0.10000000000000001
652,0,1.1935069641212741,0.060043309781099868,0.055339363232970784,0.0025001322770029808,996.18943349409869,-1905.2832529506532,0.10000000000000001
653,0,1.2035848102307014,0.060043629096836276,0.058763812523600606,0.001243361860332907,996.10084587432641,-1949.577062836795,0.10000000000000001
654,0,1.2136627019764863,0.060043895783178272,0.059959823562879488,-0.00055555716722873957,996.0673336309045,-1966.3331845477501,0.10000000000000001
655,0,1.2237398705973368,0.060043614472511359,0.05857671052838774,-0.0026391901398201806,996.11164973016776,-1944.1751349161223,0.10000000000000001
656,0,1.2338152821854413,0.0600423531323395,0.054899628282069603,-0.0046191894052532555,996.1907455833732,-1904.6272083133999,0.10000000000000001
657,0,1.2438899350880428,0.060040191420339686,0.050266035084444147,-0.0060493989713704815,996.25904771857427,-1870.4761407128672,0.10000000000000001
658,0,1.2539644786728374,0.06003752033990567,0.047149033675536876,-0.0064499137984764029,996.30166286956626,-1849.1685652168712,0.10000000000000001
659,0,1.2640393613998053,0.060035104899192233,0.046830699737592102,-0.0055521450728074446,996.28251863032938,-1858.7406848353112,0.10000000000000001
660,0,1.274115464131143,0.060033477069640781,0.048628866960876177,-0.0036516391423174824,996.17518704479471,-1912.4064776026444,0.10000000000000001
661,0,1.2841932148591866,0.060032548218222362,0.0512387556168259,-0.0016261957904519964,996.02233574836657,-1988.8321258167139,0.10000000000000001
662,0,1.2942731528674227,0.060032493277346201,0.053892103694947242,-0.00034912440643528552,995.9423026436765,-2028.8486781617507,0.10000000000000001
663,0,1.3043523291825645,0.060032980333617092,0.055102712276205328,-5.56504802189415e-05,995.99818261373434,-2000.9086931328284,0.10000000000000001
664,0,1.3144289939130798,0.060033217395446814,0.052374813138305339,-0.00050666626144300355,996.16147226799899,-1919.2638660005059,0.10000000000000001
665,0,1.3245031517004993,0.060032960364117517,0.045820268402213524,-0.0012866727328083884,996.4502242079667,-1774.8878960166508,0.10000000000000001
666,0,1.3345727031149563,0.060032132448014544,0.037657249861565253,-0.0017460633525934203,996.86374455414114,-1568.1277229294324,0.10000000000000001
667,0,1.3446370132189227,0.060031306666881307,0.02906258177389957,-0.0012405751649607127,997.28789745612789,-1356.0512719360531,0.10000000000000001
668,0,1.3546964192669044,0.060030988433094401,0.02050454460678567,0.00041031194591094897,997.57459675830057,-1212.7016208497139,0.10000000000000001
669,0,1.3647544012390944,0.060031429872798123,0.01383922558530133,0.0028189695897373251,997.69527859066193,-1152.3607046690358,0.10000000000000001
670,0,1.3748124694227626,0.060033066556517092,0.011447978485325973,0.0053085909199184879,997.70486312160608,-1147.5684391969594,0.10000000000000001
671,0,1.384870891334266,0.060035574276767589,0.012581267601497192,0.0073087126500319208,997.59918430852201,-1200.4078457389937,0.10000000000000001
672,0,1.3949315215217268,0.060038437009595019,0.014251786459139115,0.0083962708739111578,997.38705195703096,-1306.4740214845187,0.10000000000000001
673,0,1.4049945620701172,0.060040990278134698,0.014507721706151597,0.0079763819424939,997.16516107848486,-1417.4194607575714,0.10000000000000001
674,0,1.4150613636678149,0.060042845374243425,0.014625831806398404,0.005933084025737145,997.13537777536237,-1432.3111123188141,0.10000000000000001
675,0,1.4251271334143318,0.060043992496149654,0.015288314832826631,0.0031104223125653484,997.33164379832726,-1334.1781008363682,0.10000000000000001
676,0,1.4351893707410126,0.060043826326474668,0.013062894614044066,0.00015418995680636338,997.51035541445276,-1244.8222927736197,0.10000000000000001
677,0,1.4452511548188189,0.060041804095843733,0.0090414324119835118,-0.0029631609848818382,997.60052478078399,-1199.7376096080075,0.10000000000000001
678,0,1.4553148654869901,0.060039229314925911,0.010453398047290507,-0.0059387920122221747,997.750420777047,-1124.7896114765012,0.10000000000000001
679,0,1.4653752190404381,0.060036387813531572,0.017616695684571262,-0.007871205752698918,997.8265207751183,-1086.7396124408515,0.10000000000000001
680,0,1.4754338890299727,0.060033210843998257,0.023603440061307896,-0.0084657531541174752,997.58242270155893,-1208.7886492205371,0.10000000000000001
681,0,1.4854988639318421,0.060032030081758544,0.028012651279774068,-0.0078169040229179414,997.2542073728398,-1372.8963135800996,0.10000000000000001
682,0,1.4955627226548429,0.060030777234416889,0.032485719950769591,-0.0063537428524526708,997.11646531407746,-1441.7673429612705,0.10000000000000001
683,0,1.5056284283046004,0.060030682222133654,0.034835982037856053,-0.00521953143279237,997.22150474324258,-1389.2476283787119,0.10000000000000001
684,0,1.5156880734208669,0.060032682706093805,0.032828139881867113,-0.0044293490107245124,997.42982489153951,-1285.0875542302447,0.10000000000000001
685,0,1.5257465034135975,0.060034056609407735,0.026491176434392243,-0.0036590995001912906,997.596410893712,-1201.7945531439977,0.10000000000000001
686,0,1.5358054957185334,0.060035707832161923,0.022034117510169947,-0.0036515849665958765,997.76004397382439,-1119.9780130878025,0.10000000000000001
687,0,1.545864982276332,0.060036199606962229,0.024653058907983572,-0.004551571910884766,997.88212342952602,-1058.9382852369909,0.10000000000000001
688,0,1.5559252829506849,0.060038357152909609,0.032012618910486193,-0.0044592575794530033,997.78290735798976,-1108.5463210051216,0.10000000000000001
689,0,1.5659854793208527,0.060038792470055599,0.036511469841389289,-0.0028573572762221832,997.24953926384956,-1375.230368075222,0.10000000000000001
690,0,1.5760605715136555,0.060037452639663036,0.041513493515441348,-0.0024533949047780071,996.8141547770706,-1592.9226114647008,0.10000000000000001
691,0,1.5861298746163313,0.060037584683772245,0.049858878829948744,-0.0032518014350536428,996.76537174394502,-1617.3141280274876,0.10000000000000001
692,0,1.5962032342224319,0.060038842923483271,0.050901234322943682,-0.0022614039757840438,996.79486309261256,-1602.5684536937206,0.10000000000000001
693,0,1.6062613024906014,0.060038886499079215,0.042367880494748864,-0.0001527955639287584,996.76892555583663,-1615.5372220816844,0.10000000000000001
694,0,1.6163419554383047,0.060038054313844319,0.038305929024816901,0.00095029947622310873,997.28923527344864,-1355.3823632756803,0.10000000000000001
695,0,1.6263820714383397,0.06004053957417059,0.035625220105394033,0.0027028833639492749,997.766326609472,-1116.8366952639985,0.10000000000000001
696,0,1.6364524192299661,0.0600439337599964,0.029002414995976736,0.0045679362894951257,997.99848262238163,-1000.7586888091851,0.10000000000000001
697,0,1.6464900114797849,0.060046942595583595,0.027500504516895341,0.0053025535254020333,998.21951754726877,-890.24122636561742,0.10000000000000001
698,0,1.6565497389697994,0.060057774713104813,0.026698324038683399,0.0064445198814464975,998.24822458235326,-875.8877088233703,0.10000000000000001
699,0,1.6666043681396028,0.060062840409253311,0.031163872877786335,0.0067541498802271803,998.39951118162151,-800.24440918924711,0.10000000000000001
700,0,1.6766284319010323,0.060067510968217032,0.024176677779620889,0.0042333421048800605,997.75200463696808,-1123.9976815159594,0.10000000000000001
701,0,1.6867431946452265,0.060086048867721273,0.029217018264348714,0.0022046215169010375,998.01895571339298,-990.52214330350807,0.10000000000000001
702,0,1.6967068324666015,0.060083415061192566,0.029888683000211299,0.0016180647257149853,997.3685185260606,-1315.7407369697012,0.10000000000000001
703,0,1.7068965679230224,0.060110224528339758,0.02586464943363137,0.0027211064377060923,997.35191808253433,-1324.0409587328372,0.10000000000000001
704,0,1.7167903659292512,0.060101220118165349,0.028536822188577456,0.004187878762540358,996.80973375894348,-1595.13312052826,0.10000000000000001
705,0,1.7270878155183333,0.060143043187596529,0.023067098926308521,0.010484833554533087,997.10699131822048,-1446.50434088976,0.10000000000000001
706,0,1.7368391164615868,0.060125575275546017,0.0049229430661128408,0.0095793852807366242,995.73137637367984,-2134.3118131600818,0.10000000000000001
707,0,1.7473568661191354,0.06018287557245465,0.014083161893416549,0.0093115968641602782,997.66704363490521,-1166.4781825473938,0.10000000000000001
708,0,1.7568730275016551,0.06016089515232291,0.0023925544510556866,0.0096106612307524791,996.3461140780654,-1826.9429609673011,0.10000000000000001
709,0,1.7676060795664601,0.060199183197206338,-0.0089398122174347595,0.0033043686069716481,997.35557024193372,-1322.2148790331403,0.10000000000000001
710,0,1.7769764658036229,0.060230277352459095,-0.0083942149363905282,0.00057204667362844902,996.85999665210591,-1570.001673947047,0.10000000000000001
711,0,1.7878557698979445,0.060228486259939762,-0.0031487909317023553,-0.0044765492897250276,998.13345298813499,-933.27350593250458,0.10000000000000001
712,0,1.7971064011532063,0.060283063928852909,0.015165956768433768,-0.0069406100737821382,998.02768222826955,-986.1588858652226,0.10000000000000001
713,0,1.8082120276632414,0.060288649128364104,-0.0042711960134855648,-0.0034709133929946021,997.52363849085384,-1238.1807545730794,0.10000000000000001
714,0,1.8174155214969676,0.06040063102294356,0.02256861135992997,-0.0059107528751238137,999.057246343879,-471.37682806049952,0.10000000000000001
715,0,1.8288062564411949,0.06048334854820233,0.023681285967800527,-0.0059574581808458094,998.12099009318933,-939.5049534053328,0.10000000000000001
716,0,1.8369612204026264,0.060709136280513783,0.011561147645813062,0.0016171280813427117,998.24082510912785,-879.58744543607281,0.10000000000000001
717,0,1.8536577572195534,0.059942066382718991,0.033173203855911576,0.0061670659963331959,999.15737669436498,-421.31165281750782,0.10000000000000001
718,0,1.8536823200763386,0.060077675198892663,0.033312858988975048,0.0059665536004326579,999.16183601869409,-419.08199065295548,0.10000000000000001
719,0,1.8789789482892758,0.058185858412502137,0.10049473059623927,-0.013205384986394194,999.92260952923687,-38.695235381567272,0.10000000000000001
720,0,1.8790791048815725,0.057020796624192564,0.092906319436638907,-0.011336844868968604,999.93381244914258,-33.093775428710615,0.10000000000000001
721,0,1.895121974871766,0.062610648130863783,0.059590069637894441,0.012695413688163437,1000.7962329748729,398.11648743642536,0.10000000000000001
722,0,1.9063844545682558,0.062509853457984821,0.11450539423988736,0.0068532378651600979,1000.762526045248,381.26302262401168,0.10000000000000001
723,0,1.9067402529555817,0.061911720844598263,0.11757569431115626,0.0087872819236799876,1000.7833798610017,391.68993050083145,0.10000000000000001
724,0,0.099676814682320383,0.07062485258673383,-0.0088475179462088015,0.010926261599710106,1001.1474282199217,573.7141099608607,0.10000000000000001
725,0,0.099637250293283339,0.073609428202680183,-0.012145266602611915,0.0090588839834736968,1001.4239919596588,711.99597982939622,0.10000000000000001
726,0,0.11456052730887883,0.067997012512028929,0.010878469598109614,0.028193442458724006,997.51588868519707,-1242.0556574014654,0.10000000000000001
727,0,0.12726659125687853,0.065750626653186386,-0.0020811614775210854,-0.024009016213397912,1000.1754203259815,87.710162990731533,0.10000000000000001
728,0,0.12735153014484646,0.066141485593615421,-0.0033980241175932558,-0.023914370950302997,1000.1682799482805,84.139974140271079,0.10000000000000001
729,0,0.15040822262528741,0.069307888843306839,0.061892885301409475,0.001154674720518014,999.44719404864986,-276.40297567506877,0.10000000000000001
730,0,0.1504597251841743,0.069729376267534338,0.061915113657650123,0.0004890796179244229,999.44920371533499,-275.39814233250581,0.10000000000000001
731,0,0.16595234878737061,0.0702174413523554,0.058261139491833223,0.0056439052791348336,998.44112576709767,-779.43711645116309,0.10000000000000001
732,0,0.17472260784527749,0.070315909953406128,0.071571367262490485,0.00055817880385483762,998.39099328470422,-804.50335764788861,0.10000000000000001
733,0,0.18640391860636454,0.070256741364831427,0.070840017784143214,0.0025855630678230123,997.37472826501187,-1312.6358674940661,0.10000000000000001
734,0,0.1956610258205137,0.070288767904681332,0.084933983598713958,0.0024351348481638623,997.33433737417693,-1332.8313129115372,0.10000000000000001
735,0,0.20678609693247474,0.070209704466668563,0.073245571470253582,-0.0036255577812922633,997.47343591075776,-1263.2820446211213,0.10000000000000001
736,0,0.21608624891248765,0.070171398230600313,0.092294580346909225,-0.0012298916665325144,997.73606219992087,-1131.968900039567,0.10000000000000001
737,0,0.22712499145184326,0.070163667320278858,0.084488253696397106,0.0018845498503828953,996.87954875028322,-1560.2256248583899,0.10000000000000001
738,0,0.2364192717776839,0.070154022607534464,0.093274200660560719,0.0027607311178065746,997.67355487297345,-1163.2225635132727,0.10000000000000001
739,0,0.24729507284502827,0.070144808257311481,0.088414115363427997,0.0062864051599152071,996.03575382156851,-1982.1230892157473,0.10000000000000001
740,0,0.25677253517929527,0.070123870130414878,0.06930183491454002,0.0096970979267136867,997.83617539716784,-1081.9123014160823,0.10000000000000001
741,0,0.26738115630625175,0.070140440307342553,0.083101346668336545,0.010018370396520818,995.75430941612956,-2122.8452919352208,0.10000000000000001
742,0,0.27708853211846968,0.070110333369714395,0.071788795591063451,0.0079424433105573563,996.95078485162321,-1524.6075741883942,0.10000000000000001
743,0,0.28748488667626154,0.070097084636838725,0.064614914788146877,0.0075802645246528843,996.7405713217621,-1629.7143391189479,0.10000000000000001
744,0,0.29731697459271766,0.070086527019144737,0.068352552256909935,0.0067277224677637854,997.73883066040094,-1130.5846697995321,0.10000000000000001
745,0,0.30757926840112054,0.070073733666078358,0.069297797167007999,0.0043952746227806181,997.40622358376459,-1296.8882081177071,0.10000000000000001
746,0,0.31751178678942849,0.070069795994113129,0.067403870396737939,0.0028302901262138411,998.32579107451943,-837.10446274028527,0.10000000000000001
747,0,0.32765403103926011,0.070056200839441515,0.071806697018915303,0.0027311797353949023,997.78653742016013,-1106.7312899199351,0.10000000000000001
748,0,0.33767752439862136,0.070054620024844388,0.063295587963244707,0.0027529053922612364,998.31229119892282,-843.85440053858929,0.10000000000000001
749,0,0.34774295593814025,0.070044404244200664,0.062921045317143043,0.0026297683341079073,997.95917647397653,-1020.4117630117366,0.10000000000000001
750,0,0.35780948969440551,0.070044332939558251,0.058220226734209971,0.0015303145846513573,997.88213403508541,-1058.9329824572928,0.10000000000000001
751,0,0.36785601326663925,0.070037444395226536,0.05806220681212574,0.00071920097555229316,997.47421479072182,-1262.8926046390916,0.10000000000000001
752,0,0.37794020913112347,0.070039345804104189,0.050413709221884637,0.0005115074634953696,997.34321474768205,-1328.3926261589727,0.10000000000000001
753,0,0.38798442466326061,0.070036575802192233,0.047464850740036119,-0.00078707305148304873,997.08077537010377,-1459.6123149481173,0.10000000000000001
754,0,0.39807223255260277,0.070037034669729187,0.046807920758667507,-0.001100801898871871,996.65729350700826,-1671.3532464958689,0.10000000000000001
755,0,0.40813702550918457,0.070035365462049373,0.040868006881266947,-0.00076239449273698989,996.77413551663949,-1612.9322416802552,0.10000000000000001
756,0,0.41821247940143941,0.070033622159979755,0.044048742140696838,-0.00046405335380670331,996.81942036938426,-1590.2898153078695,0.10000000000000001
757,0,0.42828253075377887,0.070032149698068993,0.054940668797809102,8.9885612827636684e-05,996.84894375985982,-1575.5281200700892,0.10000000000000001
758,0,0.43836389455250863,0.070029476787789757,0.059539197015102414,-0.00040060963982424714,997.33968064082023,-1330.1596795898831,0.10000000000000001
759,0,0.44841763008761731,0.070028000612199742,0.063965658015151861,-0.0024873928588319432,997.93735893824817,-1031.3205308759166,0.10000000000000001
760,0,0.45848217848295714,0.070024693108102873,0.072509616108369437,-0.0040482180927679514,997.9855458753176,-1007.227062341201,0.10000000000000001
761,0,0.46854136989234463,0.070024270557078855,0.074285607291763686,-0.0050723898269136843,997.89678560237007,-1051.6071988149633,0.10000000000000001
762,0,0.47860071806335763,0.070023776825341499,0.067749209616030592,-0.0064439247880839047,997.77780558713448,-1111.0972064327598,0.10000000000000001
763,0,0.48866167688816925,0.070023952632414316,0.059462109200995053,-0.0075255724585177241,997.61004134241773,-1194.9793287911348,0.10000000000000001
764,0,0.49872277656829722,0.070024879085627087,0.056159680433279124,-0.0079298446294882967,997.32541165724228,-1337.2941713788578,0.10000000000000001
765,0,0.50879453504581096,0.070026840376434515,0.056545888448691781,-0.0080539568229917105,997.15907278163138,-1420.4636091843099,0.10000000000000001
766,0,0.5188610563306093,0.070029252886756488,0.059907931477487721,-0.0082176393144937632,997.23406054189365,-1382.9697290531726,0.10000000000000001
767,0,0.52893135771137556,0.070031711170790961,0.064861226177825873,-0.0079374118703998461,997.46327168017012,-1268.3641599149382,0.10000000000000001
768,0,0.5389952289982527,0.07003465556932445,0.071859073733570811,-0.007027630174502514,997.67177749706968,-1164.1112514651581,0.10000000000000001
769,0,0.54905946308820841,0.070037360058006676,0.080591050090522962,-0.0054377599323010943,997.6140664419321,-1192.9667790339522,0.10000000000000001
770,0,0.55912697670942246,0.070040075948714128,0.083554306016900878,-0.0033556248623192314,997.54595714044081,-1227.0214297795974,0.10000000000000001
771,0,0.5691912739769569,0.070041602360569138,0.080703830514379946,-0.001293083682216097,997.58151846137264,-1209.2407693136806,0.10000000000000001
772,0,0.57925522024985376,0.070042042286392006,0.07963140429053045,0.00087081924717980798,997.50520239788727,-1247.398801056363,0.10000000000000001
773,0,0.58932257978166436,0.070041164867720176,0.081209544499336483,0.0034016524984989728,997.35151753353125,-1324.2412332343747,0.10000000000000001
774,0,0.5993916964933218,0.070039416909990423,0.080902398610092727,0.0057309987607314728,997.38254490521422,-1308.7275473928912,0.10000000000000001
775,0,0.60945642254393018,0.070037212184320352,0.079672731917610373,0.007116762252012218,997.5645124179008,-1217.7437910495996,0.10000000000000001
776,0,0.61951953845186092,0.070033812024835482,0.079980236642932356,0.0076729050327394585,997.66385566814279,-1168.0721659286064,0.10000000000000001
777,0,0.62958166018701101,0.070030552452010078,0.079785524682503633,0.0075921329766704257,997.63226337886317,-1183.868310568414,0.10000000000000001
778,0,0.6396441286737673,0.070027937987873573,0.076058754057525269,0.0067251881034160708,997.5244910850281,-1237.7544574859485,0.10000000000000001
779,0,0.64970703387236439,0.070025790137676111,0.068668559553199032,0.0053159095759670967,997.35550832068884,-1322.2458396555794,0.10000000000000001
780,0,0.65977151659710798,0.070024692884421202,0.060153313834740103,0.0039255218799973419,997.06323899228141,-1468.3805038592936,0.10000000000000001
781,0,0.669841234425538,0.070024513008395656,0.051827663669153298,0.002815723497853815,996.66866739032093,-1665.666304839533,0.10000000000000001
782,0,0.67991563850840653,0.070024910700382956,0.043797507844767887,0.001899884090809005,996.28985296782548,-1855.0735160872591,0.10000000000000001
783,0,0.68999447885576948,0.070025586661966552,0.037210373417796531,0.0010842436666485022,996.00233852076906,-1998.830739615471,0.10000000000000001
784,0,0.70007614569354348,0.070026314225298217,0.034199426472631564,0.00021133333335457768,995.80449618430077,-2097.751907849613,0.10000000000000001
785,0,0.7101604920666259,0.070027278485646258,0.03490433401851941,-0.0010250318249068612,995.70752350597638,-2146.2382470118087,0.10000000000000001
786,0,0.72024589708812681,0.070028571617540822,0.037155486882810139,-0.002774384294906217,995.77650458090375,-2111.7477095481263,0.10000000000000001
787,0,0.73032899593938627,0.070030181406309372,0.040007310173860756,-0.0048039952709610549,995.96668215377485,-2016.6589231125727,0.10000000000000001
788,0,0.74041028032103107,0.070032214555678568,0.042943748825158438,-0.0065514690740021897,996.15691659361391,-1921.5417031930428,0.10000000000000001
789,0,0.7504900003095446,0.070034499642036271,0.044353483537400394,-0.0073979419451380068,996.28928750223997,-1855.3562488800139,0.10000000000000001
790,0,0.76056870282425837,0.070036766126751873,0.042912170841712227,-0.0070637852444823939,996.36197212947911,-1819.0139352604433,0.10000000000000001
791,0,0.77064692753633834,0.070038652593102491,0.039440017283233285,-0.0057288084564586271,996.37360357886826,-1813.1982105658722,0.10000000000000001
792,0,0.7807255857173957,0.070039660077345037,0.036398321982284133,-0.0036894876625199716,996.30459657647486,-1847.7017117625678,0.10000000000000001
793,0,0.79080629329338825,0.070039850605045265,0.035110327253161211,-0.0012490335745795208,996.20350869824347,-1898.2456508782661,0.10000000000000001
794,0,0.80088828851757998,0.070039613797860459,0.035845154696882563,0.0010742585844854887,996.15596205024622,-1922.0189748768917,0.10000000000000001
795,0,0.81097057101555559,0.070039156521774532,0.03857462768861495,0.0027967023499203838,996.18058472924258,-1909.7076353787088,0.10000000000000001
796,0,0.8210522972954758,0.070038631568581797,0.042811853157634361,0.0038674678985401033,996.23257707296875,-1883.711463515624,0.10000000000000001
797,0,0.83113334488285373,0.070038160534194732,0.047475942507380894,0.0045241351107606536,996.26030378874509,-1869.8481056274545,0.10000000000000001
798,0,0.84121415347393258,0.070037772562224182,0.050321415943707724,0.0048467856811819946,996.27380469039008,-1863.0976548049603,0.10000000000000001
799,0,0.85129383069507092,0.070037174965303914,0.050308259188887886,0.0046799779129487601,996.29304892661662,-1853.4755366916897,0.10000000000000001
800,0,0.861372753950709,0.070036007462331656,0.049158504358683332,0.0039601931935419324,996.31154289076289,-1844.2285546185531,0.10000000000000001
801,0,0.87145143039510176,0.070034293233928374,0.048626272087557237,0.0027790203291305176,996.3609720593189,-1819.5139703405516,0.10000000000000001
802,0,0.88152894890210765,0.070032223891062895,0.04899778071063024,0.0011771474651381031,996.4913141115934,-1754.3429442033016,0.10000000000000001
803,0,0.89160452721620242,0.070030112630876912,0.050285649351115222,-0.00076491221788270686,996.7352098310356,-1632.3950844821979,0.10000000000000001
804,0,0.90167654373846495,0.070028322809826918,0.052929616893509696,-0.0026578694633189893,997.05985867786376,-1470.0706610681209,0.10000000000000001
805,0,0.91174435788667962,0.070027040834007001,0.05587563362762564,-0.0039374692223137367,997.36212553203302,-1318.9372339834904,0.10000000000000001
806,0,0.92180900137395705,0.070026435633535652,0.055996447734960722,-0.0043330732499834721,997.60596638865673,-1197.0168056716375,0.10000000000000001
807,0,0.93187030922477632,0.070026418224331421,0.051948460613268209,-0.0038988429933054839,997.81076553444268,-1094.6172327786599,0.10000000000000001
808,0,0.9419285889614345,0.070026490675705003,0.045297608370414105,-0.002726783509991261,997.93300381513336,-1033.4980924333195,0.10000000000000001
809,0,0.9519859720795234,0.070026393936800754,0.037630983141208954,-0.0010876020048470989,997.95017350216256,-1024.9132489187218,0.10000000000000001
810,0,0.9620438063309088,0.070026126615723688,0.03054312247515471,0.0005207778172717179,997.93728750172886,-1031.3562491355697,0.10000000000000001
811,0,0.97210203353532487,0.070025495880273889,0.026980869214139027,0.0017976175559085955,997.95587634091873,-1022.0618295406325,0.10000000000000001
812,0,0.98216057006793045,0.070024567063066631,0.029393285593308258,0.0026949518479889227,997.98181488732132,-1009.0925563393398,0.10000000000000001
813,0,0.99221976463072004,0.070023823898145168,0.037129539112803804,0.0031831050245853401,997.98105503869465,-1009.4724806526756,0.10000000000000001
814,0,1.0022796548250643,0.070023415516697787,0.047388411655217476,0.003314381300962406,997.97563002336528,-1012.1849883173581,0.10000000000000001
815,0,1.0123393914123087,0.07002324082171052,0.057698383857970138,0.0031632744072845947,997.99025949592681,-1004.8702520365964,0.10000000000000001
816,0,1.022398144760944,0.070023437660635554,0.065565177193168733,0.0026623994087340902,997.9969705881897,-1001.5147059051515,0.10000000000000001
817,0,1.0324560047421198,0.070023875474220218,0.068154967217936055,0.0017658782428297995,997.97191897542791,-1014.0405122860443,0.10000000000000001
818,0,1.042513383498634,0.070024086230005708,0.06479770853111004,0.00050133042066647792,997.94859860343956,-1025.7006982802181,0.10000000000000001
819,0,1.0525702568284112,0.070024016880258624,0.057905171925268277,-0.0010911171369379067,997.95116112269523,-1024.4194386523873,0.10000000000000001
820,0,1.0626266284744177,0.070023853104523345,0.050375847819819325,-0.0027190664065235045,997.91923372578481,-1040.3831371075967,0.10000000000000001
821,0,1.0726838998089974,0.070023580553456199,0.043788938881932436,-0.0038970461708766973,997.78072102758892,-1109.6394862055377,0.10000000000000001
822,0,1.0827442102140676,0.070023442791055671,0.039740074864020682,-0.0043661380331776085,997.56113922280599,-1219.4303885970044,0.10000000000000001
823,0,1.0928078445177281,0.070023910376231097,0.039788213257108594,-0.0040359931030750128,997.30535056720009,-1347.3247163999531,0.10000000000000001
824,0,1.1028746279695447,0.070025035259223378,0.04258915153751526,-0.0028470612135137576,996.99511742545815,-1502.4412872709263,0.10000000000000001
825,0,1.1129455526810477,0.070026617776022926,0.04504655159907342,-0.0010611658885999666,996.66801577630895,-1665.9921118455259,0.10000000000000001
826,0,1.123019897633198,0.070028455909001586,0.046125571476736807,0.00077300093260667996,996.42690509700878,-1786.5474514956077,0.10000000000000001
827,0,1.1330959909344296,0.070030191184483295,0.046264335813026615,0.0022858684579440537,996.30309878809601,-1848.4506059519958,0.10000000000000001
828,0,1.1431730167743275,0.070031537924855655,0.04548828495980755,0.0034136906020420517,996.26301590570631,-1868.4920471468445,0.10000000000000001
829,0,1.1532500355576607,0.070032349695808807,0.044104746611872678,0.0041265016883619884,996.25547362005273,-1872.2631899736371,0.10000000000000001
830,0,1.1633275652762534,0.070032655990621556,0.043883936510713629,0.004337095442763686,996.24702007736789,-1876.4899613160537,0.10000000000000001
831,0,1.1734060204389036,0.070032861632653362,0.046556764582566849,0.0041079254666180403,996.24233827497653,-1878.8308625117338,0.10000000000000001
832,0,1.1834845739456088,0.070033283807361429,0.051086229833546958,0.0035863569018466891,996.2202342093268,-1889.8828953365978,0.10000000000000001
833,0,1.193563737485188,0.070033900308609981,0.055229347646580357,0.0026749494916426392,996.1706186291724,-1914.6906854138024,0.10000000000000001
834,0,1.2036434424672062,0.070034583268400188,0.057889735883051192,0.0011147750380263353,996.14571080531755,-1927.1445973412256,0.10000000000000001
835,0,1.2137228891632084,0.070035161557899586,0.058540137563397272,-0.0010629026811222273,996.19142973088117,-1904.2851345594158,0.10000000000000001
836,0,1.2238010993413941,0.070035401241258413,0.057111907779900016,-0.0033940572150943605,996.29128980831706,-1854.3550958414698,0.10000000000000001
837,0,1.2338773049545397,0.07003487589149554,0.053849330623451944,-0.0053798571113577217,996.3622846200368,-1818.8576899815985,0.10000000000000001
838,0,1.243953073506584,0.070033483360065471,0.050052883918573571,-0.0067297484071646967,996.35719921093335,-1821.4003945333275,0.10000000000000001
839,0,1.2540292872940539,0.070031684191466576,0.048181176003938848,-0.0071485888338734295,996.29612012145822,-1851.939939270892,0.10000000000000001
840,0,1.2641064513219269,0.070029800475899018,0.049104742481951763,-0.0064466859432849256,996.18099643065273,-1909.5017846736368,0.10000000000000001
841,0,1.2741850185342087,0.070028078209015285,0.051538569993945536,-0.0048845975126975381,996.01118695690286,-1994.4065215485693,0.10000000000000001
842,0,1.2842652639848551,0.070026683000486575,0.053905865088958851,-0.0030559438403774068,995.84134958921709,-2079.3252053914557,0.10000000000000001
843,0,1.2943477262004088,0.070025521345027944,0.055795479647635683,-0.001491295101705538,995.79236585228227,-2103.8170738588633,0.10000000000000001
844,0,1.3044289865341685,0.070024640326635662,0.056310751638079318,-0.00038715123455551598,995.90565428274681,-2047.1728586265954,0.10000000000000001
845,0,1.3145075214931923,0.070023975631331559,0.053252123314906488,0.00043093511407199623,996.11117990320543,-1944.4100483972875,0.10000000000000001
846,0,1.3245833474375213,0.070023379237555819,0.046831517788751997,0.0012788947317839278,996.39922263026619,-1800.3886848669026,0.10000000000000001
847,0,1.3346548605308803,0.070023120310033271,0.039230714802530868,0.0023145003263266859,996.77201473604043,-1613.9926319797837,0.10000000000000001
848,0,1.3447218610069571,0.070023508485562505,0.031470301446285792,0.0036090864546203848,997.14903044966889,-1425.4847751655575,0.10000000000000001
849,0,1.354784014215952,0.07002490723601322,0.023620992434452651,0.0052139047226129262,997.41483703982465,-1292.5814800876765,0.10000000000000001
850,0,1.3648450164850037,0.07002744670697271,0.017049894210904568,0.0068383809226197703,997.55619975053855,-1221.9001247307233,0.10000000000000001
851,0,1.3749058703633408,0.070030494637796939,0.014081965279875401,0.007878837442470147,997.63275922202308,-1183.6203889884587,0.10000000000000001
852,0,1.3849667840751616,0.070034210466689284,0.014388688414715745,0.0080460176938040671,997.63164063653971,-1184.1796817301429,0.10000000000000001
853,0,1.395029130443399,0.070038045833921855,0.01503785006970638,0.0074811454140510745,997.51282335788665,-1243.5883210566772,0.10000000000000001
854,0,1.4050930924593708,0.070040615349453841,0.013844643035895714,0.0060041094566971234,997.32427250555611,-1337.8637472219452,0.10000000000000001
855,0,1.4151613890796793,0.070042621091363444,0.013018706321719148,0.0035076579790156172,997.2934142496656,-1353.2928751671989,0.10000000000000001
856,0,1.4252279997262265,0.070043614513636429,0.013794897513249681,0.00077168351168572927,997.46666522936323,-1266.6673853183852,0.10000000000000001
857,0,1.4352907179274896,0.070043164169921152,0.011802530138860933,-0.0015681204651423243,997.5793278152463,-1210.3360923768491,0.10000000000000001
858,0,1.4453532875956943,0.070041499589126879,0.007764552395278586,-0.0037482003698110881,997.57784108393605,-1211.0794580319748,0.10000000000000001
859,0,1.455418953370738,0.070038575063191194,0.0096782397215146952,-0.0058560959592086192,997.68146795725045,-1159.2660213747763,0.10000000000000001
860,0,1.4654809301959917,0.070035686501644989,0.017887733533144053,-0.007311893057908754,997.77237068383874,-1113.8146580806279,0.10000000000000001
861,0,1.4755423183693737,0.070032603491578443,0.024681995650262488,-0.0079424773252897568,997.57108966666692,-1214.4551666665393,0.10000000000000001
862,0,1.4856106242756013,0.070030133286330912,0.0300134060340006,-0.0078548842327274375,997.32915787151842,-1335.4210642407907,0.10000000000000001
863,0,1.4956755480770734,0.070027938819411925,0.034654605514006093,-0.0072195082811999716,997.23045579059101,-1384.7721047044956,0.10000000000000001
864,0,1.5057460171721548,0.070026353555889279,0.036573451819743134,-0.0065998223619621642,997.33935711552135,-1330.3214422393239,0.10000000000000001
865,0,1.5158071954544214,0.070025900712483921,0.034916843174589034,-0.0058872669650697962,997.55111403262663,-1224.4429836866857,0.10000000000000001
866,0,1.5258692485654541,0.070026426056127009,0.028802632465935937,-0.0047002433704995978,997.66923325372034,-1165.3833731398322,0.10000000000000001
867,0,1.5359297368967411,0.070027639449358414,0.023986739235885637,-0.0033428364561401244,997.73560656079565,-1132.1967196021774,0.10000000000000001
868,0,1.5459908263512496,0.070028403478757148,0.026236990150989941,-0.0026533194904574016,997.76552657991795,-1117.236710041027,0.10000000000000001
869,0,1.5560583437116697,0.070031792717034608,0.035138573367275973,-0.001831746918823326,997.72435892592011,-1137.8205370399428,0.10000000000000001
870,0,1.5661138309247427,0.070033193340955258,0.039566867637148319,-0.0005101470034195669,997.17928857038601,-1410.3557148069967,0.10000000000000001
871,0,1.5761955494708126,0.070035060845443614,0.042125110952818776,-0.00070871731933287913,996.7070479978629,-1646.4760010685495,0.10000000000000001
872,0,1.5862671695155177,0.070035317359049915,0.050849175345844676,-0.0019836848425521026,996.74613767431413,-1626.9311628429364,0.10000000000000001
873,0,1.596341954030029,0.070035912147404997,0.053146764356840265,-0.0025866757473141473,996.83443415498414,-1582.7829225079313,0.10000000000000001
874,0,1.6064035574923632,0.070035906111376903,0.044613400222423341,-0.0026253123782155746,996.75031228005162,-1624.8438599741917,0.10000000000000001
875,0,1.6164895930661742,0.070034098315626361,0.041394655786580602,-0.001786525138266698,997.18314527584641,-1408.4273620767931,0.10000000000000001
876,0,1.6265325811954843,0.070036127702912759,0.039662333102848335,0.00050518872216250748,997.55621509841762,-1221.8924507911879,0.10000000000000001
877,0,1.6366111283831108,0.070034182865811159,0.03230770736642969,0.0024933755944825399,997.65067595813684,-1174.6620209315779,0.10000000000000001
878,0,1.6466557150152159,0.070041040423615836,0.03109236105902868,0.004939128468568448,997.90300187195396,-1048.4990640230194,0.10000000000000001
879,0,1.6567244360558508,0.070042041397150784,0.030075075923021194,0.0070744570702112389,997.98761311967837,-1006.1934401608141,0.10000000000000001
880,0,1.6667860446683593,0.070054733280921114,0.033261649323404294,0.0082404191811429502,998.26659412306401,-866.70293846799495,0.10000000000000001
881,0,1.6768124946305483,0.070057737885015167,0.024350745469182776,0.0088640876441694258,997.52888871956588,-1235.5556402170578,0.10000000000000001
882,0,1.6869588456462159,0.070073624287649947,0.031586017747184197,0.0086818480456548903,998.06887782997831,-965.56108501084736,0.10000000000000001
883,0,1.6968930321290687,0.070077901332612241,0.032591142514376815,0.0092849407794502598,997.17919960235065,-1410.400198824675,0.10000000000000001
884,0,1.7071554211183861,0.07009094455326767,0.028958132292438987,0.010006052046081765,997.36979257456119,-1315.1037127194058,0.10000000000000001
885,0,1.7169971430588526,0.070101109249866678,0.032475427988475122,0.008489239541903915,996.60261134304858,-1698.6943284757103,0.10000000000000001
886,0,1.7273870142294294,0.070113787520845142,0.026763348964025893,0.00671545234865672,997.11476316629785,-1442.6184168510758,0.10000000000000001
887,0,1.7370904841508514,0.070142088250256418,0.0066264459576024816,0.0074359552185094832,995.79969717889912,-2100.1514105504384,0.10000000000000001
888,0,1.7476999049699886,0.070121283401164372,0.015614640285900453,0.0049345067143196867,998.04496666282228,-977.5166685888621,0.10000000000000001
889,0,1.7571752991353125,0.070137439003933669,0.00096536977824676423,-0.0001099068831039375,996.74150942630274,-1629.2452868486293,0.10000000000000001
890,0,1.7680267932986102,0.070140808306312516,-0.0083966087400387333,-0.0032938850750465778,998.26397660493774,-868.01169753113072,0.10000000000000001
891,0,1.7773237734793059,0.070145071916698443,-0.0051086756119016873,-0.0023164498481202914,997.30229522598006,-1348.8523870099698,0.10000000000000001
892,0,1.788345919416056,0.07014773194118927,-0.0044744808026569481,-0.0037795903534880637,998.39602080228576,-801.98959885711929,0.10000000000000001
893,0,1.7976380091218598,0.070180852584729836,0.019970645565403556,-0.0073869886723968723,998.09798123391988,-951.00938304005922,0.10000000000000001
894,0,1.8087343036952086,0.070268037928551325,0.0026532000689108411,-0.0019430574700280523,997.33081048305439,-1334.5947584728037,0.10000000000000001
895,0,1.8180040472774011,0.070236648803346305,0.023720889068312098,-0.0019827066589547977,997.52687538699342,-1236.5623065032878,0.10000000000000001
896,0,1.8296571941614583,0.070312495793263249,0.031309181802212038,-0.0065219396291689453,998.45331648653348,-773.34175673325944,0.10000000000000001
897,0,1.8384233037310935,0.070237018785722388,0.033007666348435674,-0.0023630012300018938,997.8541545151088,-1072.9227424455985,0.10000000000000001
898,0,1.8539615063400035,0.069738935843045399,0.036220788125098047,-0.0045312521780049289,999.45886642852963,-270.56678573518411,0.10000000000000001
899,0,1.8540108981799486,0.069318133972042326,0.036231834535227513,-0.0040207173891545064,999.45148721385863,-274.2563930706865,0.10000000000000001
900,0,1.8770781076227585,0.06612766115253986,0.09603501466834552,-0.033013221206947295,1000.2851924023358,142.59620116791893,0.10000000000000001
901,0,1.8771616545043386,0.065738799351312008,0.094782480832307017,-0.03316667698556134,1000.2681814801182,134.0907400590936,0.10000000000000001
902,0,1.8898352988982625,0.067971724778060683,0.078504737547306538,0.028405655015575692,997.06976930419376,-1465.1153479031223,0.10000000000000001
903,0,1.9047930980951551,0.073640321251548721,0.10728103067131166,0.0062426517596483521,1001.720095996679,860.04799833949619,0.10000000000000001
904,0,1.9047486635846842,0.070668471287016255,0.1028971190853583,0.0078928397834088174,1001.4523502243591,726.17511217953279,0.10000000000000001
905,0,0.099418173767044579,0.081587513111392063,-0.012755495015650436,0.00053208008334445123,1000.9907777800021,495.38889000103836,0.10000000000000001
906,0,0.09945678085301736,0.08231009234734063,-0.012518917379004612,0.0012731457715291787,1000.9555166598014,477.75832990072331,0.10000000000000001
907,0,0.11615375762621594,0.079690881464754781,0.018983769855671576,0.005162373452639292,995.99530381055297,-2002.3480947235157,0.10000000000000001
908,0,0.1279847264342914,0.077801962669943769,-0.0070611976256603638,-0.0085428519054309617,1002.3388206747389,1169.4103373694702,0.10000000000000001
909,0,0.12796012348974656,0.077121476904470118,-0.0087590211938344716,-0.011880129601462378,1002.3256631155443,1162.8315577721651,0.10000000000000001
910,0,0.15177007276295798,0.079740903184163062,0.061145933706594019,-0.0029950845929937416,999.52900402401872,-235.49798799064092,0.10000000000000001
911,0,0.15179308792137836,0.079975675531419335,0.061059942688573766,-0.0032429449613938762,999.5363649494617,-231.81752526915034,0.10000000000000001
912,0,0.16666722261472852,0.079643170367194566,0.056011605650714676,0.0024061888942633553,999.077898932268,-461.05053386600048,0.10000000000000001
913,0,0.17507323237671538,0.07996784620095343,0.065690193067474811,0.0030933327671081377,998.84248792474818,-578.75603762590799,0.10000000000000001
914,0,0.18636202806212238,0.080099126573470791,0.070036381514947649,0.0027620015674492508,997.91470423832345,-1042.647880838274,0.10000000000000001
915,0,0.19569734069478925,0.080002240939753708,0.07673560436410258,-0.0013891289662465551,997.93094386407961,-1034.5280679601956,0.10000000000000001
916,0,0.20661830455026625,0.080055153828007278,0.072844167126168868,0.00039385327774623795,997.67600271614651,-1161.9986419267434,0.10000000000000001
917,0,0.21600898156190981,0.080083272631310626,0.09245049567112533,0.0020932612705343336,997.48018768644238,-1259.9061567788112,0.10000000000000001
918,0,0.22688200575955561,0.080132097021125295,0.083318897372127332,0.0012462040957008241,997.1295929492926,-1435.2035253536997,0.10000000000000001
919,0,0.2363250867749504,0.080044986697527243,0.093287489820197855,0.00260234364474057,997.72527696570546,-1137.3615171472693,0.10000000000000001
920,0,0.24705993778959834,0.080119810965075935,0.09032026562036051,0.0045199516158329041,996.43209422953953,-1783.9528852302351,0.10000000000000001
921,0,0.25664067679203634,0.080053164212093506,0.071603159349121176,0.0064077444805662265,997.80333783065055,-1098.3310846747258,0.10000000000000001
922,0,0.26719993158952088,0.080106130834290717,0.079746436286499855,0.0090941512269381575,996.1707532836565,-1914.6233581717524,0.10000000000000001
923,0,0.27692891198546132,0.08007330827683512,0.068523666726615959,0.0056558142658229889,997.09945629674928,-1450.2718516253594,0.10000000000000001
924,0,0.28734442595733956,0.080075501751418046,0.065178554067643932,0.0064777115232547249,996.56784861507526,-1716.0756924623684,0.10000000000000001
925,0,0.29716824255829882,0.080056193542662579,0.066444752361531037,0.0085809492071602881,997.43411390355607,-1282.9430482219664,0.10000000000000001
926,0,0.30746635316951959,0.080065379793371416,0.064679592849380477,0.0064430440985910054,997.21827457991287,-1390.8627100435638,0.10000000000000001
927,0,0.31737621715130421,0.080049575178227167,0.065190371873332736,0.003696912885461564,998.06946406818861,-965.26796590569575,0.10000000000000001
928,0,0.32756326959244941,0.080047425701414765,0.069070999525320115,0.0020381739691457739,997.52911657541915,-1235.4417122904238,0.10000000000000001
929,0,0.33755827116832221,0.080044063671660878,0.062493808613518421,0.00095782999136094396,998.09930349430169,-950.34825284915314,0.10000000000000001
930,0,0.34766248971582109,0.080034412690305021,0.062348879769739712,0.0027769271093287863,997.64906684907714,-1175.466575461428,0.10000000000000001
931,0,0.35771188927790809,0.080042566860152681,0.055075190049230185,0.0021958707734156487,997.81879943723618,-1090.60028138191,0.10000000000000001
932,0,0.36777664284078682,0.080029690107074669,0.057585055908739864,0.001111928322330268,997.28410887673635,-1357.9455616318228,0.10000000000000001
933,0,0.3778617143073621,0.080033168533969773,0.049176589723453915,0.0022425225131451148,997.28208828158699,-1358.9558592065032,0.10000000000000001
934,0,0.38790829049294678,0.080026847349582181,0.045304490601706313,0.0014271368520176271,997.11063232992046,-1444.6838350397684,0.10000000000000001
935,0,0.39800314729638792,0.08002703707337315,0.045580044880659927,-8.2720426307888751e-05,996.69494190407931,-1652.5290479603427,0.10000000000000001
936,0,0.40806465134790942,0.080025329641069592,0.039870958136445575,-0.0013494980777942621,996.80869146985515,-1595.6542650724259,0.10000000000000001
937,0,0.41814953277269534,0.080022579026243781,0.042816417759895642,-0.0027886266752239494,996.82866305171103,-1585.6684741444838,0.10000000000000001
938,0,0.42821508041272949,0.080024194802642973,0.054466022537352721,-0.0035493922911914734,996.78013205658306,-1609.9339717084717,0.10000000000000001
939,0,0.43830284120378515,0.080021405009948879,0.058249813762500921,-0.0032627486983456025,997.19859603392888,-1400.7019830355603,0.10000000000000001
940,0,0.44835563109576398,0.080021365010868623,0.062406973265630418,-0.0027663679990486121,997.75042623235902,-1124.7868838204909,0.10000000000000001
941,0,0.45842290184200396,0.080020183186092234,0.071828082001246144,-0.0017505051870300903,997.69578796448945,-1152.1060177552727,0.10000000000000001
942,0,0.46848454706552439,0.080018419102220878,0.072983712874792661,-0.00089896793947994737,997.61231049988851,-1193.8447500557459,0.10000000000000001
943,0,0.47854498364652481,0.080017126871339161,0.066015540320326555,-0.0011838383298862327,997.51660094452632,-1241.6995277368414,0.10000000000000001
944,0,0.48860859809495832,0.080016189366995408,0.057638811981638373,-0.0023693382934962051,997.37896664298603,-1310.5166785069855,0.10000000000000001
945,0,0.49867161571425489,0.080015729826198076,0.054415520278035603,-0.0043080419609861607,997.14734903797648,-1426.3254810117587,0.10000000000000001
946,0,0.50874622936765901,0.080017245911386078,0.054848499811467451,-0.0064909809602628245,997.05939473758417,-1470.3026312079146,0.10000000000000001
947,0,0.51881413916333474,0.080019901797129131,0.058666955004651612,-0.0082218472649003838,997.2301828984954,-1384.9085507523,0.10000000000000001
948,0,0.5288868470324517,0.080023808785872327,0.064487232911910927,-0.0090330984151652423,997.55358937730921,-1223.2053113453958,0.10000000000000001
949,0,0.53895104262520788,0.080028267864527852,0.072538823352779336,-0.008532832316144278,997.85600828392739,-1071.9958580363027,0.10000000000000001
950,0,0.5490163739870646,0.08003139526855732,0.082444461443817285,-0.0063522966870594522,997.86357291687375,-1068.2135415631251,0.10000000000000001
951,0,0.5590840116114395,0.080034059037364214,0.085740122859225373,-0.0031019194636471522,997.85934023277912,-1070.3298836104409,0.10000000000000001
952,0,0.56914764962979825,0.080034918646163258,0.082600879908083638,-2.3124268010226016e-05,997.93698585629943,-1031.5070718502852,0.10000000000000001
953,0,0.57921175491434396,0.080034016990480919,0.081362983214127757,0.002338728481300084,997.84930239994833,-1075.3488000258358,0.10000000000000001
954,0,0.58927885970755434,0.080032239519974291,0.082693102547177585,0.0038626222349617836,997.64664158041239,-1176.6792097938037,0.10000000000000001
955,0,0.59934924860916294,0.080030042022022851,0.081559270180205326,0.0043249981116930099,997.6262040721673,-1186.8979639163513,0.10000000000000001
956,0,0.60941446776741859,0.080028070435534934,0.079640807569881247,0.0039484985139743448,997.74315758786656,-1128.4212060667187,0.10000000000000001
957,0,0.61947843291715254,0.080026117670278396,0.079890486872464486,0.0036251300670109279,997.73532202086335,-1132.3389895683249,0.10000000000000001
958,0,0.62954261975741843,0.080024860259268318,0.079536525075962788,0.0038009333069731837,997.59463226953699,-1202.6838652315064,0.10000000000000001
959,0,0.63960634723949039,0.080024153374353382,0.075426500262948684,0.0041983703524800346,997.39649105873445,-1301.7544706327726,0.10000000000000001
960,0,0.64967078915586152,0.080023275415509187,0.067851389668470513,0.0045956450350286004,997.14347125844802,-1428.2643707759917,0.10000000000000001
961,0,0.65973710099244542,0.080022469147506076,0.059314392132687618,0.0049007140966279865,996.78498508624932,-1607.5074568753394,0.10000000000000001
962,0,0.66980852038527761,0.08002187561410623,0.05074973393767452,0.0047749450108856657,996.36575925421005,-1817.1203728949763,0.10000000000000001
963,0,0.67988457759883902,0.080021585141939161,0.042370599204966865,0.0038667391979248945,996.00192535344718,-1999.0373232764114,0.10000000000000001
964,0,0.68996487123118144,0.080021704186906004,0.035643933569308894,0.0023538439348869452,995.74612746279911,-2126.9362686004456,0.10000000000000001
965,0,0.70004814828990891,0.080022290133676802,0.03252318276914809,0.00064087186295279516,995.59529500880888,-2202.3524955955622,0.10000000000000001
966,0,0.71013406740024454,0.080023406802222766,0.033097292807713057,-0.0010180044043732936,995.55949963732144,-2220.2501813392814,0.10000000000000001
967,0,0.72022076116719669,0.080024736436827074,0.035382431659698031,-0.0023466381150499711,995.68971349282538,-2155.1432535873118,0.10000000000000001
968,0,0.73030523261644231,0.080026053066493394,0.03846400737789487,-0.003215845397310717,995.93714655380973,-2031.4267230951373,0.10000000000000001
969,0,0.74038772668491359,0.080027278380905842,0.041895669712247799,-0.0037421074019293788,996.1763777237677,-1911.8111381161498,0.10000000000000001
970,0,0.75046840609666443,0.080028084738162461,0.04407015020824083,-0.0039792126002091135,996.34108253656871,-1829.458731715647,0.10000000000000001
971,0,0.76054821044871634,0.080028642604933461,0.043323292181466633,-0.0040004032829637206,996.43507260028491,-1782.4636998575443,0.10000000000000001
972,0,0.77062726240339774,0.080029215699335993,0.040334744748218659,-0.0039871544599893371,996.45829249327392,-1770.853753363042,0.10000000000000001
973,0,0.78070659660580199,0.080029600498132417,0.03783868245898616,-0.0037907080152244118,996.37367645921472,-1813.1617703926395,0.10000000000000001
974,0,0.79078842208308986,0.080030044657735652,0.037026670451058417,-0.0030151328397381438,996.23563171433307,-1882.1841428334665,0.10000000000000001
975,0,0.80087166495404505,0.080030827600693868,0.037795250908632137,-0.0016490435685576716,996.15875387030883,-1920.6230648455858,0.10000000000000001
976,0,0.81095506421229013,0.080031595134723035,0.040295658341080585,5.0406650291185109e-05,996.16562526897712,-1917.1873655114382,0.10000000000000001
977,0,0.821037850955183,0.080031955746713554,0.044375429027117136,0.0019974585360522787,996.19993682931113,-1900.0315853444363,0.10000000000000001
978,0,0.83112005837496539,0.080031844199359908,0.048787893977662748,0.0040022975544568001,996.21815955868738,-1890.9202206563123,0.10000000000000001
979,0,0.84120196917584389,0.080031339105475816,0.050953272540762602,0.005427395370174809,996.24356949456546,-1878.2152527172684,0.10000000000000001
980,0,0.85128233947505028,0.080030254146044727,0.050012098062786052,0.0056596019278057378,996.28178112229705,-1859.1094388514762,0.10000000000000001
981,0,0.8613619983130204,0.080028537080663861,0.048119524920377382,0.0046984047976280936,996.30389934303059,-1848.0503284847032,0.10000000000000001
982,0,0.87144181047664082,0.080026728988851242,0.047060123818171248,0.0029047983993756494,996.34410240377338,-1827.9487981133116,0.10000000000000001
983,0,0.88152065472595287,0.080025227889078218,0.047048421470796374,0.0005900872163787438,996.46201735955606,-1768.9913202219714,0.10000000000000001
984,0,0.8915977854747722,0.080024048884945881,0.048375884204017658,-0.0017749040838087099,996.69046735798247,-1654.7663210087649,0.10000000000000001
985,0,0.9016715562039096,0.080023223729023041,0.051715061887803691,-0.0034461401154445639,996.99578666892683,-1502.1066655365871,0.10000000000000001
986,0,0.91174124305038107,0.080022777117405255,0.055697631005708431,-0.0039292698820277425,997.2806958679837,-1359.6520660081524,0.10000000000000001
987,0,0.92180777173789064,0.0800226579456908,0.056703787681511846,-0.0033597601407043243,997.5240260426832,-1237.9869786583981,0.10000000000000001
988,0,0.9318705718362903,0.080022628230997872,0.053332838723760663,-0.0021477213126277128,997.7452500043637,-1127.3749978181513,0.10000000000000001
989,0,0.94192999048209736,0.080022430252428361,0.04713816744990211,-0.00064524040596774124,997.88170797105022,-1059.1460144748908,0.10000000000000001
990,0,0.95198859005683778,0.080022192535276246,0.039417694924712587,0.000662511033998448,997.91329910183151,-1043.3504490842438,0.10000000000000001
991,0,0.96204755507885598,0.080022066044314596,0.031881093077200433,0.0012943644783471732,997.9257864307209,-1037.1067846395476,0.10000000000000001
992,0,0.97210670510302299,0.080021836697539289,0.027920329016936359,0.0012531073525414358,997.96144717018342,-1019.2764149082905,0.10000000000000001
993,0,0.98216653865985837,0.080021477834210375,0.030041371196931926,0.00086036589981167448,997.98849176941428,-1005.7541152928593,0.10000000000000001
994,0,0.99222741468606124,0.080021253267072781,0.037575084742500403,0.00039585647399522527,997.99413931673621,-1002.9303416318953,0.10000000000000001
995,0,1.0022887746256326,0.080021041204493007,0.047835612551741291,0.0001783714190483577,997.99492613936707,-1002.5369303164666,0.10000000000000001
996,0,1.0123499929990767,0.080020615989303823,0.058144987700796062,0.00040264107105987795,997.99927328873412,-1000.3633556329419,0.10000000000000001
997,0,1.0224104494202397,0.080020234169058832,0.065806135634110752,0.0008724032380006139,997.99680621418213,-1001.5968929089354,0.10000000000000001
998,0,1.0324696278111167,0.080020031635810895,0.068099508329671807,0.0012726004703598178,997.96936246701875,-1015.3187664906227,0.10000000000000001
999,0,1.0425279584328229,0.080019754994876569,0.064332004190096617,0.001320604456383379,997.92966550554024,-1035.1672472298787,0.10000000000000001
1000,0,1.0525859870918268,0.080019441530823771,0.056978015675491343,0.00068783291449910143,997.91018048166234,-1044.9097591688314,0.10000000000000001
1001,0,1.0626435749693413,0.080019299749033462,0.049381241939526241,-0.00062895113010908658,997.86913930652884,-1065.4303467355817,0.10000000000000001
1002,0,1.0727019610265971,0.080019160598275421,0.043226775352172328,-0.0021511103821891695,997.72270485107265,-1138.6475744636755,0.10000000000000001
1003,0,1.0827637156684067,0.080018880255651043,0.039826566180091318,-0.0034012407122994753,997.49356174196907,-1253.2191290154628,0.10000000000000001
1004,0,1.0928291520160078,0.080018701607460593,0.040737296351753868,-0.0040265805431090275,997.24485189030031,-1377.5740548498447,0.10000000000000001
1005,0,1.1028976913953548,0.080018841944636196,0.044553698862500608,-0.0036078980691029976,996.95697589329779,-1521.5120533511026,0.10000000000000001
1006,0,1.1129702340358147,0.080019331062052779,0.047686913833171987,-0.0020044004982024783,996.65197159256024,-1674.014203719878,0.10000000000000001
1007,0,1.1230459909382708,0.080020136228536459,0.048799655880164237,0.00029383635099732475,996.42675626512028,-1786.6218674398624,0.10000000000000001
1008,0,1.1331232823134023,0.080021235128468968,0.048567762918255264,0.0025553819454308671,996.31364924242143,-1843.1753787892831,0.10000000000000001
1009,0,1.143201338530341,0.080022627116219741,0.047287954988084767,0.0043231099865671347,996.27915261206601,-1860.4236939669931,0.10000000000000001
1010,0,1.1532790215484692,0.080023935382795536,0.045188056565857899,0.0052882278731628219,996.2630533742921,-1868.4733128539506,0.10000000000000001
1011,0,1.1633572194401114,0.080024657695350304,0.044069315500878385,0.0050865925670712658,996.23082026814018,-1884.589865929911,0.10000000000000001
1012,0,1.1734367817452811,0.08002488513728348,0.046092621061065056,0.0037200245647867549,996.21086360535287,-1894.5681973235651,0.10000000000000001
1013,0,1.1835165121434372,0.080024821821840467,0.050385545620882398,0.0017986549589390499,996.1967591081609,-1901.6204459195478,0.10000000000000001
1014,0,1.193596765047918,0.080024394934030352,0.054362046512049789,-5.6694833361235688e-05,996.16564884978459,-1917.1755751077058,0.10000000000000001
1015,0,1.2036776149694326,0.080023672555550054,0.056767937571448247,-0.0016728976903923436,996.16234950597539,-1918.8252470123075,0.10000000000000001
1016,0,1.2137583206584515,0.080023034223983255,0.057415608035583141,-0.0029700586514636853,996.24409898197518,-1877.9505090124076,0.10000000000000001
1017,0,1.2238376309215411,0.080022802341999585,0.056409833937611571,-0.0036996417195197156,996.38926080858289,-1805.3695957085552,0.10000000000000001
1018,0,1.2339144670679383,0.080022665929085107,0.053624593471804247,-0.0038890734919601573,996.48483226846838,-1757.5838657658096,0.10000000000000001
1019,0,1.2439909971338261,0.080022356029865918,0.050246929070486827,-0.0039388885278564658,996.47721939176301,-1761.3903041184926,0.10000000000000001
1020,0,1.2540682115218638,0.080022042742690189,0.049016236265488157,-0.0039894065965345588,996.40275009218021,-1798.6249539098935,0.10000000000000001
1021,0,1.2641462113161963,0.080021424511279624,0.050659148673598144,-0.0038555861619735767,996.26055466079595,-1869.7226696020266,0.10000000000000001
1022,0,1.2742258718380948,0.080020322864930882,0.05356048174686711,-0.0034570904559742071,996.0439334527556,-1978.0332736222022,0.10000000000000001
1023,0,1.2843073785075976,0.080019066559432472,0.05615775293980331,-0.0027154575586324542,995.81585151265199,-2092.0742436740056,0.10000000000000001
1024,0,1.2943910419026221,0.080017728845099084,0.058107128749420034,-0.0014921796058126409,995.70141469701207,-2149.2926514939654,0.10000000000000001
1025,0,1.3044738298074732,0.080016559107829247,0.05853724760947248,9.4176569068876658e-05,995.7467616328795,-2126.6191835602513,0.10000000000000001
1026,0,1.3145539669216519,0.080015912393803568,0.055428100709834165,0.001781140376971303,995.89714567877081,-2051.427160614594,0.10000000000000001
1027,0,1.3246312874517663,0.080015751857326053,0.048934881873352994,0.0033251760296999521,996.14550805288548,-1927.2459735572625,0.10000000000000001
1028,0,1.3347045245367983,0.080016043950599483,0.041042082792026063,0.0043154313179313798,996.49670003630263,-1751.6499818486864,0.10000000000000001
1029,0,1.3447733169479983,0.080016692360467045,0.033067916389944517,0.0045500175500710104,996.89394877766597,-1553.0256111670155,0.10000000000000001
1030,0,1.3548374318168328,0.080017631953150745,0.025200621787698739,0.0043586259371160103,997.22565408992625,-1387.1729550368741,0.10000000000000001
1031,0,1.364900069722099,0.080018721626702524,0.018428155227500628,0.0040684722549438552,997.45486582590615,-1272.567087046923,0.10000000000000001
1032,0,1.3749622399096355,0.080019660985081481,0.015010156954803929,0.0037358956048423675,997.62770059166667,-1186.1497041666667,0.10000000000000001
1033,0,1.3850252913134644,0.08002117539692899,0.015068995556959012,0.003547897740123403,997.74425705414285,-1127.8714729285753,0.10000000000000001
1034,0,1.3950884848622715,0.080023394818372048,0.015590369680141774,0.0038013643288685034,997.74316797965128,-1128.4160101743623,0.10000000000000001
1035,0,1.4051528841870804,0.080025546220741081,0.013631728598701641,0.0040608017016950694,997.62843127231235,-1185.7843638438226,0.10000000000000001
1036,0,1.4152224043419153,0.080027827711935839,0.011921040881506105,0.0034178956531720991,997.65526633290642,-1172.3668335467892,0.10000000000000001
1037,0,1.4252886906829703,0.080029629306033689,0.012475783481290054,0.0017074647279729967,997.88136486645715,-1059.3175667714263,0.10000000000000001
1038,0,1.4353514831552872,0.080030458774566465,0.010387225269239925,-0.00076204253859184798,998.00327801472793,-998.36099263603728,0.10000000000000001
1039,0,1.4454133438153354,0.080029408052375572,0.006125203406229995,-0.0038800549155020288,997.94979982188329,-1025.1000890583555,0.10000000000000001
1040,0,1.4554792370930596,0.080026558476587545,0.0085184121532393547,-0.007099631445513753,997.97776346978719,-1011.1182651064041,0.10000000000000001
1041,0,1.4655424345494679,0.080023357478393814,0.018107324003468497,-0.0090860321839226366,997.99065789003339,-1004.6710549833051,0.10000000000000001
1042,0,1.4756042799171103,0.080018880093155775,0.026055788071661985,-0.0092465017987712079,997.67803920023289,-1160.9803998835559,0.10000000000000001
1043,0,1.4856752819488752,0.08001507014489477,0.032299531387114125,-0.0080825709657610535,997.32717471641365,-1336.4126417931743,0.10000000000000001
1044,0,1.4957419167606119,0.080012775854278018,0.03746867831839764,-0.0060008022260035531,997.12757311019755,-1436.2134449012274,0.10000000000000001
1045,0,1.505815442902972,0.080011812317572761,0.039365281154696022,-0.0034619746766195907,997.15709903998857,-1421.4504800057171,0.10000000000000001
1046,0,1.5158786783276745,0.080012872737763918,0.037533129112671385,-0.0013148089936186934,997.31877676946465,-1340.6116152676759,0.10000000000000001
1047,0,1.5259436266846773,0.080014467776650042,0.031134649850353271,-0.00016733548461370356,997.42404971094493,-1287.975144527536,0.10000000000000001
1048,0,1.5360051047430023,0.080016422370825888,0.025713148531545185,-0.00010671170611554096,997.49087377233673,-1254.5631138316367,0.10000000000000001
1049,0,1.5460683490714293,0.08001867186096627,0.027009974226295825,-0.0013658325957429129,997.53163344917664,-1234.1832754116808,0.10000000000000001
1050,0,1.5561384670163341,0.080020062969560601,0.036617990579892588,-0.0029467704714267141,997.61073597853942,-1194.6320107302881,0.10000000000000001
1051,0,1.5661926667334876,0.080020086135072985,0.040865451802337832,-0.0039820684973344983,997.12525978025087,-1437.3701098745642,0.10000000000000001
1052,0,1.5762801447951407,0.080022422186831393,0.042579966996066844,-0.0047666265405946085,996.7132179580617,-1643.3910209691476,0.10000000000000001
1053,0,1.5863473816317368,0.080020130833303768,0.052281180409031347,-0.0044226414833460461,996.81280884012551,-1593.5955799372437,0.10000000000000001
1054,0,1.5964315251797869,0.080022485887320541,0.055008763672623362,-0.0029083557293629572,996.90729148816411,-1546.3542559179473,0.10000000000000001
1055,0,1.606489252421347,0.080023291529794094,0.046973962422585183,-0.0011600321655414443,996.77227631586015,-1613.8618420699231,0.10000000000000001
1056,0,1.6165836325748255,0.080022648767391277,0.044942952666445303,0.00092238397909673016,997.15312432479118,-1423.4378376044106,0.10000000000000001
1057,0,1.6266291231305632,0.080029298763541298,0.043056887326346042,0.0027431625669414386,997.42032632889141,-1289.8368355542971,0.10000000000000001
1058,0,1.6367090438188421,0.080026008048829644,0.035146483642112654,0.0029562680987825544,997.36025992355235,-1319.8700382238258,0.10000000000000001
1059,0,1.6467723155024321,0.080039818605596766,0.035938857667500622,0.0049679522353096974,997.71188740481443,-1144.0562975927833,0.10000000000000001
1060,0,1.65682531196922,0.080033023366694087,0.03231908302605975,0.0061830571983134521,997.59401623616998,-1202.9918819150112,0.10000000000000001
1061,0,1.6669261113594174,0.08004509751924592,0.035810169333024867,0.005373862393947674,998.04813647142601,-975.93176428699735,0.10000000000000001
1062,0,1.6769222178847776,0.080049041184789477,0.027379915213938271,0.0065843206557063515,997.2899740865148,-1355.0129567425984,0.10000000000000001
1063,0,1.6871159050679658,0.080052402062222069,0.033324382306085913,0.0067385379417146084,997.91203117412431,-1043.9844129378457,0.10000000000000001
1064,0,1.6970248840368729,0.080071058977794179,0.037227846962622629,0.0086747023809622386,997.20711008954777,-1396.4449552261158,0.10000000000000001
1065,0,1.7073222720673946,0.080061766944633614,0.030068811420332211,0.010914060765596331,997.28817018341601,-1355.914908291993,0.10000000000000001
1066,0,1.7171551825916416,0.080079070664430915,0.029583689593831789,0.0069180631481843158,996.62209517629572,-1688.9524118521422,0.10000000000000001
1067,0,1.7275641843124483,0.080075771436619814,0.028717175337006799,0.003010617988404947,997.49331531259497,-1253.3423437025135,0.10000000000000001
1068,0,1.7372883776464785,0.080107498210237882,0.010066350848587841,0.0061055760133766103,996.45815271651884,-1770.9236417405805,0.10000000000000001
1069,0,1.7478456415635713,0.080051365623987708,0.012691740564766954,0.0040609043593273835,998.126356987652,-936.82150617399884,0.10000000000000001
1070,0,1.7574249603140639,0.080114677168407186,-0.0015073652027137706,0.0010966406227369799,997.16786609083329,-1416.0669545833571,0.10000000000000001
1071,0,1.7681362822143369,0.080039891294311397,-0.0066351329399181669,-0.0017728386992831796,998.35580632574749,-822.09683712625292,0.10000000000000001
1072,0,1.7775820877472395,0.08012603561767262,-0.00044608322822509725,-0.0016768688119689751,997.56409278546391,-1217.9536072680435,0.10000000000000001
1073,0,1.7884349612921593,0.08007453060562994,-0.0038884338588617332,0.00073931411770619064,997.94720202306257,-1026.3989884687135,0.10000000000000001
1074,0,1.7978207403030444,0.080041317560826233,0.018576683013434174,-0.0025965883281021313,998.01386644278716,-993.06677860641912,0.10000000000000001
1075,0,1.8087250708627112,0.079992504232095016,0.011709636936629849,-0.0057389897328544714,997.92971868174413,-1035.1406591279328,0.10000000000000001
1076,0,1.8180597914180907,0.080094333281336472,0.024743060378392159,-0.00087980487198101157,998.01435460305811,-992.8226984709454,0.10000000000000001
1077,0,1.8293460982762735,0.079958454850731803,0.035418682161706273,-0.0022515165896502673,999.07747960401878,-461.26019799061169,0.10000000000000001
1078,0,1.8377522694509201,0.079644211521046671,0.035975006989320699,-0.0048185538420231306,998.80681750639985,-596.5912468000738,0.10000000000000001
1079,0,1.8526371277012101,0.079988633236030116,0.040475058239624023,-0.0058039589388121093,999.72913201803544,-135.43399098227837,0.10000000000000001
1080,0,1.8526601754102219,0.079754627723906665,0.040282071650704444,-0.0057959196570802072,999.71767402669718,-141.16298665140903,0.10000000000000001
1081,0,1.8764726072694433,0.077098156680664637,0.10046490231685531,-0.014085916492276539,1002.6206837215379,1310.3418607689719,0.10000000000000001
1082,0,1.8764473168989866,0.077775164174282527,0.09897574706953749,-0.0098751349881805103,1002.6144877909259,1307.243895462932,0.10000000000000001
1083,0,1.8882447475420867,0.07968917093448194,0.072124938877832043,0.0037705308762030305,995.40197435744949,-2299.0128212752552,0.10000000000000001
1084,0,1.9049835212304611,0.082324394720266633,0.10708263072912068,5.7492828345546477e-06,1001.1228644011654,561.43220058271481,0.10000000000000001
1085,0,1.9050210917345405,0.081603239146073495,0.10743041794060187,-0.00094005718695974012,1001.1606455328963,580.32276644814829,0.10000000000000001
1086,0,0.10050869385809272,0.090744014998146064,-0.015377519624179771,0.0012436824977402595,1000.7907756828555,395.3878414277483,0.10000000000000001
1087,0,0.10044025084153231,0.090368831326006455,-0.014260749010295738,0.00071083097855476616,1000.7610487181499,380.52435907496829,0.10000000000000001
1088,0,0.1175535824660619,0.087384389685681824,0.0060632840044197367,-0.025071309566327971,997.4567993089355,-1271.6003455322493,0.10000000000000001
1089,0,0.12815547842127195,0.08841126306921121,0.0053227295987504763,0.014454476701868096,1001.2067959625019,603.39798125096422,0.10000000000000001
1090,0,0.12815607738793219,0.088507382808360513,0.0052580166443646093,0.014824703790964283,1001.1787314654035,589.36573270176495,0.10000000000000001
1091,0,0.15213204486325857,0.089970327874571515,0.05210656261247034,-0.00096174551479896655,999.63096212244761,-184.51893877619341,0.10000000000000001
1092,0,0.15213271223901481,0.090076963019968176,0.052027175996780625,-0.0010418030378422124,999.6257216745297,-187.13916273514997,0.10000000000000001
1093,0,0.16700488860575369,0.090003653455846905,0.055916943207507362,-0.0063772308949466413,999.1369325068074,-431.53374659630117,0.10000000000000001
1094,0,0.17566372292977825,0.090045437755207944,0.067927955370243903,-0.0049695310741110776,997.97479779238995,-1012.6011038050251,0.10000000000000001
1095,0,0.18652519923685917,0.089939850599939447,0.066761421255314438,-0.0018614866896348966,998.08808879566641,-955.95560216679587,0.10000000000000001
1096,0,0.1959382208427807,0.090044450328565284,0.077510039438469583,0.00087480923012149374,997.68794530255047,-1156.0273487247628,0.10000000000000001
1097,0,0.20659488286347377,0.090046233687291699,0.077328285083060347,0.008282008994382313,997.53405040552389,-1232.9747972380574,0.10000000000000001
1098,0,0.21618368716337333,0.089988920158686841,0.087618567283928195,0.0067484306901636213,997.6152113251361,-1192.3943374319492,0.10000000000000001
1099,0,0.2267201749531205,0.090063073959505635,0.082249181988367212,0.0021683044413855525,997.60076096539183,-1199.619517304086,0.10000000000000001
1100,0,0.2363872196049813,0.089994214505470294,0.095123905671099532,0.0033843820429777277,997.40707060030229,-1296.4646998488547,0.10000000000000001
1101,0,0.24691133006707761,0.090052312544470853,0.087552479706326819,0.0028639615136939398,996.70314219774309,-1648.4289011284545,0.10000000000000001
1102,0,0.25660782948065153,0.090016452643605263,0.073897148488750619,0.0012231342555989694,997.55235748903726,-1223.8212554813686,0.10000000000000001
1103,0,0.2670679143784544,0.090046054608052442,0.077814617565022587,0.0033376288841985473,996.30303058924187,-1848.4847053790645,0.10000000000000001
1104,0,0.27685988793058253,0.090032800319780323,0.064292460141237559,0.00053143979469472602,997.22348589430715,-1388.2570528464271,0.10000000000000001
1105,0,0.28722806955033536,0.090045209465188514,0.066855880056528885,-0.00014086053893185542,996.5371819931338,-1731.4090034331002,0.10000000000000001
1106,0,0.29709065703134496,0.090020881514666501,0.066034574237093968,0.0010552950029303989,997.1819213552352,-1409.039322382398,0.10000000000000001
1107,0,0.30738721893354787,0.090041963854963991,0.059878518883633387,-0.00076732517804856224,997.30258580712461,-1348.7070964376926,0.10000000000000001
1108,0,0.31728300403864196,0.090024418841781292,0.063655562316151701,-0.0027471252046716468,997.99348981283913,-1003.2550935804352,0.10000000000000001
1109,0,0.3275191475269626,0.090025840120012246,0.066382832288696528,-0.0031058948284717518,997.54615468866757,-1226.9226556662147,0.10000000000000001
1110,0,0.33746943832466747,0.09002647134352984,0.06394039980736646,-0.0023046334455278697,998.15600775406983,-921.99612296508349,0.10000000000000001
1111,0,0.34762708493694083,0.090016515125923638,0.064172287879131706,0.0013985075234477884,997.60038126535994,-1199.8093673200287,0.10000000000000001
1112,0,0.35764822774324623,0.0900278055787153,0.052586276681585747,0.00231831839819507,998.14911693128829,-925.44153435585486,0.10000000000000001
1113,0,0.36772701150318915,0.090015510246800309,0.058346230104599432,0.0023639198638495725,997.32185196107059,-1339.0740194647037,0.10000000000000001
1114,0,0.37781674113330355,0.090013827819258763,0.049542362253321634,0.0044460961863721279,997.16010719923042,-1419.9464003847879,0.10000000000000001
1115,0,0.3878618455315363,0.090011769023636223,0.043161589532801095,0.0044050936903623399,996.93273543343253,-1533.6322832837368,0.10000000000000001
1116,0,0.39796498141312048,0.090008967344702845,0.042841165115484615,0.0024173916245569336,996.44937507197517,-1775.3124640124156,0.10000000000000001
1117,0,0.40802432152970153,0.09000846107503549,0.036998153429533318,-0.00026009233823688735,996.58243530830862,-1708.782345845691,0.10000000000000001
1118,0,0.41811697958655142,0.090009346427283476,0.039860468199639496,-0.0032172709433874692,996.71587517513512,-1642.0624124324377,0.10000000000000001
1119,0,0.42817926183444394,0.090010328328693559,0.05335943753250319,-0.0051096136343224902,996.78111926460213,-1609.4403676989373,0.10000000000000001
1120,0,0.4382726347837233,0.09001227320497604,0.058477396824893522,-0.0050296163970656683,997.29514284426091,-1352.4285778695457,0.10000000000000001
1121,0,0.4483236346054737,0.090014991092193103,0.063305393393245493,-0.003642418272165512,997.95382577105465,-1023.0871144726734,0.10000000000000001
1122,0,0.45839178059262553,0.090014856176095684,0.073381833169704813,-0.0014099015649711492,997.88270180318443,-1058.6490984077841,0.10000000000000001
1123,0,0.46845381221501253,0.090015265354371127,0.073598303311555535,0.00074440232671618418,997.74898589916393,-1125.5070504180367,0.10000000000000001
1124,0,0.47851345037647586,0.090013170127617489,0.065438562467152239,0.0017896711350669388,997.53577393827231,-1232.1130308638431,0.10000000000000001
1125,0,0.48857921486395489,0.09001097280693339,0.055736980086257881,0.0014670404863879355,997.26962219120821,-1365.1889043958931,0.10000000000000001
1126,0,0.49864291022135632,0.090009163834640624,0.051556824524703865,-0.00023613934863963022,996.96221549491372,-1518.8922525431394,0.10000000000000001
1127,0,0.50872002275291905,0.090007529480121196,0.052100438014995969,-0.0024731712811204847,996.8564143994347,-1571.7928002826511,0.10000000000000001
1128,0,0.5187900948217995,0.090008148871268095,0.056709092095535638,-0.0042447481168185076,997.10961607484251,-1445.1919625787468,0.10000000000000001
1129,0,0.52886474184312626,0.090009748285254959,0.063635624852266662,-0.0051707220729466661,997.59604041692955,-1201.9797915352228,0.10000000000000001
1130,0,0.53892879456118759,0.090011923251857209,0.07340369860722265,-0.0047971006513390776,998.05042562689255,-974.78718655372631,0.10000000000000001
1131,0,0.54899388611832245,0.090013393243745327,0.085083506634244216,-0.0026829141239122457,998.12411043754059,-937.94478122970304,0.10000000000000001
1132,0,0.55906128136305455,0.090013861259928718,0.088803442516986034,0.00048276510127028899,998.11920007973629,-940.39996013185601,0.10000000000000001
1133,0,0.56912369170684474,0.090013777339954096,0.084887028894483282,0.0033256646374388394,998.13063570230634,-934.68214884683221,0.10000000000000001
1134,0,0.57918735084887774,0.090012286528871707,0.082432689533004019,0.0049782998005179326,997.91973132614737,-1040.1343369263145,0.10000000000000001
1135,0,0.58925486476883637,0.090010495691207518,0.082366004743446949,0.0050762056472360411,997.59995292564668,-1200.0235371766621,0.10000000000000001
1136,0,0.59932619018606081,0.090009457396710318,0.079971404776504898,0.0036586388454562455,997.52592856393062,-1237.03571803469,0.10000000000000001
1137,0,0.60939245561534605,0.090008706081161918,0.077751733548628452,0.0014582508176969342,997.65150442579557,-1174.2477871022174,0.10000000000000001
1138,0,0.61945794062735093,0.090009077685017647,0.078714370132532741,-0.00041182061819958107,997.69561302406032,-1152.1934879698392,0.10000000000000001
1139,0,0.62952332460880311,0.090010416722157094,0.079175658378818264,-0.0013433669729853832,997.64574398186141,-1177.1280090692926,0.10000000000000001
1140,0,0.63958758571931451,0.09001163693672054,0.07558395345559793,-0.0013801490082665448,997.53333523668084,-1233.3323816595794,0.10000000000000001
1141,0,0.64965209104220845,0.09001253239694286,0.068291221337044641,-0.00078218985138431133,997.30852641748004,-1345.7367912599807,0.10000000000000001
1142,0,0.65971839520849118,0.090012425953656119,0.059692048931722502,0.00010644500035366233,996.91161280219569,-1544.1935989021545,0.10000000000000001
1143,0,0.66979044228610651,0.090011586994553167,0.05048655908166582,0.00076163719521822886,996.42448917386673,-1787.755413066634,0.10000000000000001
1144,0,0.67986709131144341,0.090010630916939713,0.041276003669057204,0.00073517734119733075,996.00014665978915,-1999.9266701054239,0.10000000000000001
1145,0,0.68994831188181038,0.090009585264187217,0.034147757047394575,0.00012487136744220468,995.70453986445148,-2147.7300677742619,0.10000000000000001
1146,0,0.70003297741963122,0.090009086825305271,0.031026377881708918,-0.00064665458949108386,995.55383418331473,-2223.0829083426329,0.10000000000000001
1147,0,0.71011985227998697,0.090009183520316075,0.031955374788567255,-0.0011884638137096074,995.55132350603265,-2224.3382469836774,0.10000000000000001
1148,0,0.72020735551695692,0.090009568222188599,0.034879068961272984,-0.001158314345141388,995.71482709341342,-2142.5864532932906,0.10000000000000001
1149,0,0.73029253120938431,0.09001024617133159,0.038403768545166327,-0.00056939995769083132,995.98170894372697,-2009.1455281365143,0.10000000000000001
1150,0,0.74037529049987139,0.090010843532851617,0.041925910821192319,0.00015756591157378746,996.21569942013389,-1892.1502899330562,0.10000000000000001
1151,0,0.7504562094964794,0.090011106475655578,0.044020304919526812,0.00064513876442174635,996.34325479856579,-1828.3726007171026,0.10000000000000001
1152,0,0.7605366487462103,0.090011235617482366,0.042960728727641527,0.0006340883235208672,996.39689819655393,-1801.5509017230329,0.10000000000000001
1153,0,0.77061642998675972,0.090011526628001701,0.039617345604932387,-3.3882490675577221e-05,996.40817396105808,-1795.9130194709587,0.10000000000000001
1154,0,0.78069645748179661,0.090012019750736916,0.03729973524068643,-0.0010596683868360753,996.33847794265864,-1830.761028670679,0.10000000000000001
1155,0,0.79077930933604912,0.090012758042233076,0.037155371560639472,-0.0018096119244405439,996.24317749656848,-1878.411251715761,0.10000000000000001
1156,0,0.80086350656562522,0.090013906747305514,0.038566004024272245,-0.001927521180757514,996.24119348797069,-1879.4032560146547,0.10000000000000001
1157,0,0.81094719293371242,0.090015013986445305,0.041622351949884097,-0.0013707520851661329,996.31985413232712,-1840.0729338364386,0.10000000000000001
1158,0,0.82102996075064627,0.090015469173558404,0.046200174401866294,-0.00014614709723756488,996.37766569255314,-1811.1671537234315,0.10000000000000001
1159,0,0.83111229494991645,0.090015260086399457,0.050580254703909075,0.0014585057285448537,996.37072295936696,-1814.638520316521,0.10000000000000001
1160,0,0.84119432986131371,0.090014464707239422,0.051844406300113444,0.0027064752415844207,996.34694035428356,-1826.5298228582196,0.10000000000000001
1161,0,0.85127472150582917,0.090013086175547111,0.049624502213413982,0.0029563910324799168,996.31991241283208,-1840.0437935839591,0.10000000000000001
1162,0,0.86135481012920956,0.090011398369481313,0.046752904624899533,0.0021885357657911776,996.27070524200849,-1864.6473789957554,0.10000000000000001
1163,0,0.87143572748136278,0.090009990532184489,0.045108508501588263,0.00076017787555997035,996.26876989350376,-1865.6150532481206,0.10000000000000001
1164,0,0.8815158330283468,0.090009306130794081,0.044908486520032161,-0.00094541944157444039,996.39544996012387,-1802.2750199380653,0.10000000000000001
1165,0,0.891594085341053,0.090009264078532186,0.046751879965137209,-0.0023907150855020172,996.66548469707186,-1667.2576514640696,0.10000000000000001
1166,0,0.90166895412097181,0.09000966406875209,0.051290356816324718,-0.0029218399134971216,997.01759771797776,-1491.2011410111177,0.10000000000000001
1167,0,0.91173963565825333,0.090010366921901314,0.056505255303139879,-0.0022795979781033075,997.34151404662384,-1329.2429766880787,0.10000000000000001
1168,0,0.92180686604029416,0.090011054180344954,0.058223763511720823,-0.00082382507515814743,997.61099462492803,-1194.5026875359872,0.10000000000000001
1169,0,0.93186999839150531,0.090011346012471544,0.055058544937783754,0.00085852591819066181,997.83442066457121,-1082.789667714394,0.10000000000000001
1170,0,0.94192966010319734,0.090011047268926669,0.048597800107818188,0.0022518090198419536,997.94416208220787,-1027.9189588960662,0.10000000000000001
1171,0,0.95198876647613462,0.090010301198381756,0.040049173749234286,0.0028480598191784126,997.94415134640622,-1027.9243267968923,0.10000000000000001
1172,0,0.96204827863311049,0.090009345994606207,0.031522145003625816,0.0023476248712753453,997.94284501020149,-1028.5774948992525,0.10000000000000001
1173,0,0.9721078971873105,0.09000823516025129,0.026996850815806734,0.00099681915042885852,997.97176044148694,-1014.1197792565322,0.10000000000000001
1174,0,0.98216856511299078,0.090007176271883066,0.029058533131960107,-0.00062293662380697335,997.99397678518176,-1003.0116074091211,0.10000000000000001
1175,0,0.99223054225050888,0.09000652871535969,0.036980122564980483,-0.0019466933053391953,998.00897806608418,-995.51096695790875,0.10000000000000001
1176,0,1.0022927662687577,0.090006316975522249,0.048051104317695291,-0.002466442881812721,998.01876774779385,-990.61612610307748,0.10000000000000001
1177,0,1.0123548565964298,0.090006426613135931,0.059166840295050649,-0.001938351777889319,998.01297412143356,-993.51293928322093,0.10000000000000001
1178,0,1.0224164258811268,0.09000697070826387,0.067210176532941382,-0.0006093948178440494,998.00027675079889,-999.86162460055539,0.10000000000000001
1179,0,1.0324764459360292,0.090007916031036111,0.069438486123211129,0.0010143165180616248,997.97639098942489,-1011.8045052875573,0.10000000000000001
1180,0,1.0425352569783963,0.090008899585808086,0.065093924240696419,0.0023657612684975524,997.94163519424853,-1029.1824028757333,0.10000000000000001
1181,0,1.0525938462191426,0.090009719236786329,0.056736683862957396,0.0028591617697994714,997.93417838764003,-1032.9108061799843,0.10000000000000001
1182,0,1.0626519437248334,0.0900103261498824,0.048304328396357857,0.0022504371955130859,997.92292839808442,-1038.5358009577885,0.10000000000000001
1183,0,1.0727105666420753,0.090010485918460933,0.041872542819239141,0.0008409624378626924,997.80101686430476,-1099.4915678476218,0.10000000000000001
1184,0,1.0827726450477539,0.09001006275793258,0.038662885556654432,-0.00086532263205548431,997.56747686302492,-1216.2615684875391,0.10000000000000001
1185,0,1.0928387706484284,0.090009261194127055,0.040277744586264874,-0.0023523217357635552,997.29088631640252,-1354.5568417987397,0.10000000000000001
1186,0,1.1029082813594533,0.090008463220080867,0.045323280189045731,-0.0030265126366088319,996.9625680330621,-1518.715983468951,0.10000000000000001
1187,0,1.1129818892602878,0.090007979071706781,0.049650079686267827,-0.0025259636226656482,996.60929866697302,-1695.350666513491,0.10000000000000001
1188,0,1.1230587391133111,0.090007945489026644,0.051277030229385442,-0.0011108063729681769,996.34116351943078,-1829.4182402846104,0.10000000000000001
1189,0,1.1331372701215567,0.090008567861424235,0.050868681255192554,0.00057140463627485026,996.21837275132032,-1890.8136243398417,0.10000000000000001
1190,0,1.1432164086969017,0.090009923878436621,0.049022621013350996,0.0019921087506678159,996.22505827055738,-1887.4708647213083,0.10000000000000001
1191,0,1.1532945083656976,0.090011566261566547,0.04595787915895598,0.0027678995134829943,996.2787642206863,-1860.6178896568508,0.10000000000000001
1192,0,1.1633727395079043,0.090012912642652404,0.043574551332235339,0.0025373983187943591,996.31018633657266,-1844.9068317136721,0.10000000000000001
1193,0,1.173452451803366,0.090013696300980994,0.044715771849437862,0.0013227492420684029,996.33828642386504,-1830.8567880674786,0.10000000000000001
1194,0,1.1835323339556287,0.090013909768832681,0.048986694315912731,-0.00023381631284646518,996.34817557044823,-1825.9122147758831,0.10000000000000001
1195,0,1.1936125984617809,0.090013466403023545,0.053452878139980849,-0.0014058225884237803,996.29217714975596,-1853.9114251220212,0.10000000000000001
1196,0,1.2036937761308906,0.090012384115463667,0.056399361146594544,-0.0019150406878047212,996.21626950052143,-1891.8652497392827,0.10000000000000001
1197,0,1.2137754670619625,0.09001127860544697,0.057674243559481392,-0.0017543164248139057,996.2230622136866,-1888.4688931566984,0.10000000000000001
1198,0,1.223855812565348,0.090010589965861226,0.057309273633158658,-0.00096965668019749723,996.32530848533156,-1837.3457573342193,0.10000000000000001
1199,0,1.2339333490186579,0.090010153602878992,0.054663134441588032,7.1114618104200144e-05,996.40563980041873,-1797.1800997906371,0.10000000000000001
1200,0,1.244010614598225,0.090009940233263572,0.050899835764513533,0.00073245963348013887,996.41035804448893,-1794.8209777555348,0.10000000000000001
1201,0,1.2540884434175195,0.090009904045653955,0.049334449419697148,0.00072260654247933759,996.37683818211883,-1811.5809089405843,0.10000000000000001
1202,0,1.2641666503676852,0.090009735785252523,0.050869814891956966,0.00019660991083657114,996.27170770250746,-1864.146148746272,0.10000000000000001
1203,0,1.2742465605597875,0.090009243174009823,0.053844478626936913,-0.00058918398596155129,996.06037685925912,-1969.8115703704389,0.10000000000000001
1204,0,1.2843287509485051,0.0900086886783691,0.056892722596057613,-0.001242062812473283,995.81336802731153,-2093.315986344237,0.10000000000000001
1205,0,1.2944131918225454,0.090008426894193777,0.059495390237333773,-0.00132996036522424,995.66547228039894,-2167.2638598005278,0.10000000000000001
1206,0,1.3044969328101683,0.090008448262746732,0.060297043584645472,-0.00084182318332044867,995.6767671569429,-2161.6164215285494,0.10000000000000001
1207,0,1.3145784743567244,0.090009072467330503,0.057218737260238857,-0.0001128761406670117,995.82648051848616,-2086.7597407569178,0.10000000000000001
1208,0,1.3246567387168449,0.090010239228764208,0.050363415225945833,0.00047914946262341403,996.11405528235207,-1942.9723588239654,0.10000000000000001
1209,0,1.3347306007587303,0.090011305371813469,0.041669212382354909,0.0005136784997589167,996.52459216040666,-1737.7039197966724,0.10000000000000001
1210,0,1.3448000568376224,0.090012239370992203,0.033067222737533375,-0.00011462965924840083,996.98801255410729,-1505.9937229463571,0.10000000000000001
1211,0,1.3548642237988915,0.090012426104669641,0.025146946501644611,-0.00096108503789298495,997.35694606541074,-1321.5269672946306,0.10000000000000001
1212,0,1.3649269697635751,0.09001160782596436,0.018658291168628049,-0.0014995992402154811,997.55708662230256,-1221.4566888487184,0.10000000000000001
1213,0,1.3749896798469403,0.090010435141903836,0.015719979153974141,-0.0014045049849668654,997.64218693722137,-1178.9065313893161,0.10000000000000001
1214,0,1.3850539892866132,0.090009134040945196,0.016551535599715457,-0.00043505193753615227,997.66697900845031,-1166.510495774844,0.10000000000000001
1215,0,1.3951187135768712,0.090008822935931709,0.017773062230279846,0.0014720610653970929,997.61441766713438,-1192.7911664328121,0.10000000000000001
1216,0,1.4051840889353495,0.090009589736770465,0.015469853746293151,0.0037066173525319183,997.48880918279895,-1255.5954086005272,0.10000000000000001
1217,0,1.4152545606966147,0.09001061580955115,0.012452502610796973,0.0051204546875289157,997.56609876816594,-1216.9506159170282,0.10000000000000001
1218,0,1.4253212838934868,0.090012448973628881,0.011654360292194564,0.0050124437995645249,997.90882079099742,-1045.5896045012878,0.10000000000000001
1219,0,1.435383571514252,0.090013988869576164,0.008416238274064021,0.0033950881496903336,998.15153664550462,-924.23167724768973,0.10000000000000001
1220,0,1.445444197880899,0.090014090923473483,0.003392137649920485,0.00059801595912576332,998.15801058361887,-920.99470819056251,0.10000000000000001
1221,0,1.4555099973920274,0.09001370460328785,0.0062846625444878453,-0.00253144348447653,998.18423889540009,-907.88055229995734,0.10000000000000001
1222,0,1.4655730477963418,0.09001240853473684,0.017790966160934233,-0.0045553346738167856,998.13300506256394,-933.49746871803063,0.10000000000000001
1223,0,1.4756347696992296,0.090010380859396971,0.027477941089876855,-0.00480259545843577,997.66729574852548,-1166.3521257372622,0.10000000000000001
1224,0,1.4857078920290361,0.090008921385718296,0.03475708706337173,-0.0038237454301382626,997.15374394255139,-1423.1280287243067,0.10000000000000001
1225,0,1.4957768940621887,0.090008539447955394,0.04072008991609849,-0.0020630245964194604,996.88151801998413,-1559.240990007936,0.10000000000000001
1226,0,1.5058529507810809,0.090010401208716062,0.042708906826310081,0.00017516978838633465,996.94068436617158,-1529.6578169142094,0.10000000000000001
1227,0,1.5159168257918116,0.090012315897064418,0.039755900662938895,0.0018451337696586472,997.18359498169707,-1408.2025091514652,0.10000000000000001
1228,0,1.5259839223489766,0.090014511632502667,0.031868980318813862,0.002037684676168018,997.42139091212823,-1289.3045439358843,0.10000000000000001
1229,0,1.5360445365641131,0.090016490811322764,0.025177521203491871,0.00081531959711152689,997.60996153634949,-1195.0192318252562,0.10000000000000001
1230,0,1.5461080924371617,0.090015952377222916,0.025493725975137715,-0.001477531711221643,997.70211869452476,-1148.9406527376218,0.10000000000000001
1231,0,1.5561788808388122,0.090015888534033264,0.03580207113344841,-0.0037494156283682232,997.79501661264385,-1102.4916936780755,0.10000000000000001
1232,0,1.5662311118953096,0.090012803401252964,0.040789829857522095,-0.0050730838456802159,997.19285247175185,-1403.5737641240758,0.10000000000000001
1233,0,1.5763240959558775,0.090010539714594329,0.04381564690497243,-0.0050787431072636105,996.66968818337227,-1665.1559083138636,0.10000000000000001
1234,0,1.5863882185284799,0.090009351240691704,0.055573279554191293,-0.0030950011839455723,996.65285451457885,-1673.5727427105758,0.10000000000000001
1235,0,1.5964802846529125,0.090008460392626416,0.058623942361801275,0.00014799949205819449,996.64095991123077,-1679.520044384617,0.10000000000000001
1236,0,1.6065354170476791,0.090008868713585155,0.050402543408194035,0.0031303412934386449,996.47563119813344,-1762.184400933279,0.10000000000000001
1237,0,1.6166390410962881,0.090011684762288255,0.047804037396810335,0.0052196161494712928,996.93203869056561,-1533.9806547171975,0.10000000000000001
1238,0,1.6266829469699027,0.090014035247004992,0.04374370953725816,0.0053675008658270072,997.28071402572141,-1359.6429871392957,0.10000000000000001
1239,0,1.6367674203483806,0.090015612557498695,0.035178106650600192,0.0032785090797134249,997.38409651157917,-1307.9517442104134,0.10000000000000001
1240,0,1.6468456655395867,0.09002815164243369,0.038801461112195783,0.0028736994902308975,998.04227497803322,-978.86251098339017,0.10000000000000001
1241,0,1.6568702763550578,0.090017134668204407,0.031292777915559344,0.0017394661126904456,997.59521560674648,-1202.3921966267608,0.10000000000000001
1242,0,1.6670247116383914,0.09002726492137475,0.035400939012712497,-0.0016102719652015464,998.17664538045244,-911.67730977377914,0.10000000000000001
1243,0,1.6769736564048665,0.090025559854502057,0.029427989489850193,-0.0025827971718695359,997.29751984117377,-1351.2400794131167,0.10000000000000001
1244,0,1.6872196382154752,0.0900227896011907,0.033799298685011643,-0.0035069509780715161,997.83518260683434,-1082.4086965828315,0.10000000000000001
1245,0,1.6971152217966972,0.090042104211759566,0.043228402790229645,-0.0014600228240132188,997.41580035419668,-1292.0998229016618,0.10000000000000001
1246,0,1.7074060255074759,0.090020482820542244,0.03128567168670239,0.0020157087397634026,997.10198651981113,-1449.0067400944326,0.10000000000000001
1247,0,1.7172788875135914,0.090042241773203288,0.025892970810359864,0.0007147742820075827,996.50581562663024,-1747.0921866848812,0.10000000000000001
1248,0,1.7276429633646166,0.090030572178658716,0.03200133158807017,-7.9133964053069121e-06,997.59818530500581,-1200.9073474970933,0.10000000000000001
1249,0,1.7374290657968647,0.090046705257929738,0.014027352593391102,0.003757686824167513,996.71423387586879,-1642.8830620656072,0.10000000000000001
1250,0,1.7478837019498774,0.090016375860353201,0.011132841421369983,0.0035835362016729405,997.92552341047633,-1037.2382947618348,0.10000000000000001
1251,0,1.7575798165226661,0.090048869487693445,-0.00049504891236452594,0.0042954151787425827,997.37820084166788,-1310.8995791660618,0.10000000000000001
1252,0,1.7680845783547881,0.08999005206251566,-0.0089369371740845339,0.002353259783990631,998.08563436019563,-957.18281990218657,0.10000000000000001
1253,0,1.7777494750972573,0.090057640144799916,0.0018095419138974462,3.038317716900673e-05,998.18604433483961,-906.97783258019626,0.10000000000000001
1254,0,1.7882699082496865,0.08998383189123689,0.00066426866668277591,0.0041184065877360801,998.2535868419692,-873.20657901540244,0.10000000000000001
1255,0,1.7978483087224699,0.090044178394330598,0.012197690882611684,0.0045296533489062795,997.99107731198831,-1004.461344005847,0.10000000000000001
1256,0,1.8084953420654881,0.090038173027386897,0.01205634053630269,-0.0032783731134137179,997.90234183639302,-1048.8290818034898,0.10000000000000001
1257,0,1.8179095045820364,0.089938728948993768,0.029997627111199836,-0.0039451775550539596,998.37445560947151,-812.7721952642446,0.10000000000000001
1258,0,1.8287551061937275,0.09004443430955171,0.032246408185777148,-0.0051185569902552786,998.12505676964145,-937.4716151792768,0.10000000000000001
1259,0,1.8374234995583067,0.089997513964497886,0.035860043406083189,-0.0066523265002702125,998.89265553489906,-553.67223255046838,0.10000000000000001
1260,0,1.8523000317393252,0.090079255756894488,0.0527024956005658,0.00050837192083352453,999.82397160750622,-88.014196246888332,0.10000000000000001
1261,0,1.8523006474751638,0.08997306581215217,0.052621060512351006,0.00050368406396187693,999.83108491647977,-84.457541760116328,0.10000000000000001
1262,0,1.8762757848095699,0.088496769141097248,0.087437097360315061,0.015931236637431699,1001.2960208396831,648.01041984156882,0.10000000000000001
1263,0,1.8762763470545081,0.088400899352174309,0.087380842525246832,0.015547782755365619,1001.3238786588216,661.93932941081357,0.10000000000000001
1264,0,1.8868411153259372,0.087403037489508589,0.087322215357660854,-0.02930543302387786,997.01271637025195,-1493.6418148740245,0.10000000000000001
1265,0,1.90401256031116,0.090389680127284516,0.10981956212705911,-0.00055840880434206619,1001.0135580766288,506.77903831439153,0.10000000000000001
1266,0,1.9039451628573412,0.090764030848240723,0.11101280318114608,3.6246709693242695e-05,1001.0515654955344,525.78274776720946,0.10000000000000001
1267,0,0.10210918270247771,0.10000000000000041,-0.0072293027200660241,3.6675200818536654e-14,1001.8264629936123,913.23149680613369,0.10000000000000001
1268,0,0.10210942231424625,0.10000000000000063,-0.0073177992272267451,3.6972807890577506e-14,1001.8288151921081,914.40759605404764,0.10000000000000001
1269,0,0.11966620695363717,0.10000000000000012,-0.022650424757953241,-7.4271495707768577e-15,999.82821125743408,-85.894371282961401,0.10000000000000001
1270,0,0.12762090564912956,0.099999999999999936,-0.014885713462704854,1.8812059641175698e-14,1000.3819089333075,190.95446665374993,0.10000000000000001
1271,0,0.12762071455244295,0.099999999999999922,-0.014849897545883886,1.8849524181482213e-14,1000.3853909955932,192.69549779659201,0.10000000000000001
1272,0,0.15210361828388391,0.099999999999999839,0.045784095167765201,-1.4987208208553207e-14,999.6642954546063,-167.8522726968481,0.10000000000000001
1273,0,0.15210365196274353,0.099999999999999867,0.045845167107550489,-1.5019396698429173e-14,999.66464804486691,-167.67597756654595,0.10000000000000001
1274,0,0.16745091579060711,0.10000000000000026,0.059662850903687614,-3.754218818749728e-15,999.2653514371824,-367.32428140879847,0.10000000000000001
1275,0,0.17550880259011489,0.10000000000000012,0.066863598642525265,3.6503068329906748e-15,999.37253234267621,-313.73382866189559,0.10000000000000001
1276,0,0.18662795528793144,0.10000000000000005,0.068045223380248127,1.4103095124444151e-14,998.5957779085079,-702.11104574605088,0.10000000000000001
1277,0,0.19611410386336564,0.10000000000000017,0.080704914059069169,1.7945032578248871e-14,997.90490695301082,-1047.5465234945887,0.10000000000000001
1278,0,0.20652064121051592,0.10000000000000017,0.079192190632507459,6.2981937788034952e-15,997.82437075355801,-1087.8146232209929,0.10000000000000001
1279,0,0.21628472948445451,0.10000000000000016,0.083317966256288623,2.5621962657872362e-15,997.70680970732099,-1146.5951463395072,0.10000000000000001
1280,0,0.22668322120034468,0.10000000000000002,0.081395089783935601,1.3174624061951812e-14,997.61295605847943,-1193.5219707602869,0.10000000000000001
1281,0,0.23642782412084512,0.10000000000000006,0.096248553966177194,8.398546394785761e-15,997.03874485739266,-1480.6275713036712,0.10000000000000001
1282,0,0.24686350129685031,0.10000000000000023,0.085032562905872577,-7.3348889700200187e-15,996.694050445313,-1652.974777343502,0.10000000000000001
1283,0,0.2566015392566956,0.1000000000000002,0.074461641015507007,-1.1256559954547741e-14,997.34186758763076,-1329.0662061846206,0.10000000000000001
1284,0,0.26701345190550729,0.099999999999999964,0.077403707066847391,-2.9496732484525932e-15,996.21326412574354,-1893.3679371282324,0.10000000000000001
1285,0,0.27684457321877304,0.10000000000000007,0.062070935534777431,1.2564785421876516e-14,997.2144883362032,-1392.7558318983984,0.10000000000000001
1286,0,0.28717459187353511,0.099999999999999992,0.067294401670621187,2.0066794038081676e-14,996.54348390447672,-1728.258047761642,0.10000000000000001
1287,0,0.29706611892401286,0.10000000000000006,0.065797974686112939,8.6232550263722462e-15,997.09108228554123,-1454.4588572293833,0.10000000000000001
1288,0,0.3073574050805204,0.10000000000000013,0.057783456953092248,5.055365966102549e-15,997.41452469847093,-1292.7376507645363,0.10000000000000001
1289,0,0.31724578579745372,0.10000000000000012,0.063336764022238048,1.5898772130348152e-14,998.01986535762853,-990.06732118573382,0.10000000000000001
1290,0,0.32750794621408669,0.099999999999999964,0.065727487657960895,1.6476666302153224e-14,997.61803857948291,-1190.9807102585432,0.10000000000000001
1291,0,0.33743319266593147,0.10000000000000012,0.065492303158185675,1.2880763728014706e-14,998.2383436862043,-880.82815689784866,0.10000000000000001
1292,0,0.34761755164364083,0.10000000000000003,0.065737861353456412,2.9435592714374813e-14,997.63004557310126,-1184.9772134493719,0.10000000000000001
1293,0,0.35762705247681376,0.10000000000000005,0.051890149667433431,3.966744519713845e-14,998.35080719481573,-824.59640259213529,0.10000000000000001
1294,0,0.36770634405200375,0.099999999999999839,0.059136680531266701,2.2058511771842641e-14,997.33646718373268,-1331.7664081336602,0.10000000000000001
1295,0,0.37780288116825156,0.099999999999999895,0.05015688192569908,8.7329939900557409e-15,997.02056116904544,-1489.7194154772819,0.10000000000000001
1296,0,0.38784608733792031,0.09999999999999977,0.042236010115471005,1.81667003112789e-14,996.72771816771206,-1636.1409161439724,0.10000000000000001
1297,0,0.39795113755340356,0.099999999999999895,0.041203860363630114,1.6668445428847784e-14,996.20032502173262,-1899.837489133688,0.10000000000000001
1298,0,0.40801318333158293,0.10000000000000003,0.035109573352439506,-1.419029518695168e-14,996.36134239540479,-1819.3288022976049,0.10000000000000001
1299,0,0.41810672622476647,0.099999999999999853,0.038020209640557662,-3.0411738986253123e-14,996.59431076530996,-1702.844617345022,0.10000000000000001
1300,0,0.42816824508894524,0.099999999999999881,0.052613101088259562,-2.1772402380077925e-14,996.77399643510478,-1613.0017824476113,0.10000000000000001
1301,0,0.43826547597923754,0.099999999999999881,0.058747592230868562,-1.9140501135279825e-14,997.40363960219622,-1298.1801989018891,0.10000000000000001
1302,0,0.44831356719997828,0.09999999999999995,0.064147873291805449,-2.5002455480456738e-14,998.17534926602229,-912.32536698885269,0.10000000000000001
1303,0,0.458382735818402,0.10000000000000001,0.074593634193321406,-2.3987425524997863e-14,998.13629974316746,-931.85012841627213,0.10000000000000001
1304,0,0.46844444378990979,0.099999999999999936,0.074397574339730904,-1.8326017910557736e-14,997.98217504517766,-1008.9124774111724,0.10000000000000001
1305,0,0.47850243865377323,0.099999999999999908,0.065569049052416631,-1.8349104835413262e-14,997.68925317732021,-1155.3734113398946,0.10000000000000001
1306,0,0.48856976833726062,0.099999999999999895,0.055022571344882899,-1.8987641342422496e-14,997.319234732626,-1340.3826336869997,0.10000000000000001
1307,0,0.49863289471483435,0.10000000000000002,0.050210362670233655,-1.8958166275358829e-14,996.92507229255853,-1537.4638537207375,0.10000000000000001
1308,0,0.50871108803667386,0.099999999999999881,0.050794222811277823,-3.0395823211163735e-14,996.75867570170453,-1620.6621491477335,0.10000000000000001
1309,0,0.51878255070624812,0.10000000000000019,0.055795259966291345,-4.1683691771011466e-14,997.00995588196736,-1495.0220590163212,0.10000000000000001
1310,0,0.52885763223600057,0.10000000000000021,0.063253249865111633,-2.6972567947829169e-14,997.54725136241916,-1226.3743187904197,0.10000000000000001
1311,0,0.53892195550944866,0.099999999999999992,0.073910704403013089,-9.3588109256768909e-15,998.05018892385931,-974.9055380703453,0.10000000000000001
1312,0,0.54898662186018754,0.10000000000000001,0.086492766136296181,-2.2544834496991573e-14,998.12813065341777,-935.9346732911149,0.10000000000000001
1313,0,0.55905391767469004,0.099999999999999978,0.090399449279872202,-4.3705863422323575e-14,998.09188308011221,-954.05845994389438,0.10000000000000001
1314,0,0.56911601924872102,0.10000000000000001,0.085990607183421094,-3.4710959286075884e-14,998.04387854418599,-978.06072790700682,0.10000000000000001
1315,0,0.57917923691058693,0.10000000000000016,0.082717361530691827,-5.1529496281910121e-15,997.75571701973513,-1122.1414901324351,0.10000000000000001
1316,0,0.5892473342271074,0.1000000000000002,0.081724342321717269,7.8470901002877538e-15,997.37773466313809,-1311.1326684309574,0.10000000000000001
1317,0,0.59931909608292966,0.1000000000000001,0.07861782903691239,8.3507858204350766e-15,997.29387441128119,-1353.0627943594027,0.10000000000000001
1318,0,0.60938589598099335,0.09999999999999995,0.076290060488640302,3.6805750037698579e-15,997.4574365768533,-1271.2817115733515,0.10000000000000001
1319,0,0.61945242611371931,0.10000000000000023,0.077694095762365981,-7.2854766670590777e-15,997.58038655162102,-1209.806724189491,0.10000000000000001
1320,0,0.62951806006430422,0.10000000000000003,0.078730136762328484,-1.0760955748626669e-14,997.6356086667048,-1182.1956666476012,0.10000000000000001
1321,0,0.63958240098387331,0.099999999999999797,0.075610899716426885,-1.118476494730589e-15,997.61824364903532,-1190.8781754823394,0.10000000000000001
1322,0,0.64964667703813739,0.099999999999999853,0.068624342871906926,-7.7589111516689633e-15,997.44530935785974,-1277.3453210701291,0.10000000000000001
1323,0,0.65971243700500792,0.099999999999999853,0.060093086210904666,-1.984041764159741e-14,997.04559394656496,-1477.2030267175182,0.10000000000000001
1324,0,0.66978454671283161,0.099999999999999811,0.050627659543815137,-5.0322631192116953e-17,996.51845485900628,-1740.7725704968584,0.10000000000000001
1325,0,0.6798612090907391,0.10000000000000005,0.041030523799323509,2.1950341048924015e-15,996.04203977819714,-1978.980110901432,0.10000000000000001
1326,0,0.68994270776620181,0.099999999999999825,0.033709415154227346,-1.7246765168793465e-14,995.69747875448002,-2151.2606227599917,0.10000000000000001
1327,0,0.7000280255805531,0.099999999999999936,0.030619246684315485,4.4324482428156791e-16,995.51693268225313,-2241.5336588734363,0.10000000000000001
1328,0,0.7101152439272741,0.099999999999999978,0.031792306090894562,1.5539620913957365e-14,995.50363993653855,-2248.1800317307261,0.10000000000000001
1329,0,0.72020313990333695,0.10000000000000024,0.03508949453224143,-3.294875266632728e-15,995.66128155858837,-2169.3592207058146,0.10000000000000001
1330,0,0.73028861918784249,0.10000000000000016,0.038819378596786303,-1.0322050150059255e-16,995.92158197052186,-2039.2090147390718,0.10000000000000001
1331,0,0.74037140432421433,0.099999999999999645,0.042273625711661808,2.3405273962055027e-14,996.1419898488773,-1929.0050755613493,0.10000000000000001
1332,0,0.75045239153734611,0.099999999999999853,0.04413546265223791,7.2361394881957428e-15,996.24509378791845,-1877.4531060407753,0.10000000000000001
1333,0,0.76053304775898856,0.10000000000000014,0.042701738512777379,-1.7747325452913396e-14,996.27852763532974,-1860.7361823351312,0.10000000000000001
1334,0,0.77061316468185348,0.10000000000000013,0.038990493096188697,-1.3692657891266198e-14,996.29097574978834,-1854.5121251058276,0.10000000000000001
1335,0,0.78069348737703281,0.099999999999999936,0.03662539204785463,4.5933327338477499e-15,996.2442058535712,-1877.8970732143989,0.10000000000000001
1336,0,0.79077671172445907,0.10000000000000013,0.036764684974984793,1.8208043379909471e-14,996.19120998033486,-1904.3950098325695,0.10000000000000001
1337,0,0.80086125822590959,0.10000000000000007,0.038550077454105366,2.293620991426108e-14,996.2470697367861,-1876.4651316069489,0.10000000000000001
1338,0,0.8109448841560587,0.10000000000000028,0.041998341759813568,1.8732787778963401e-14,996.37622737798631,-1811.8863110068446,0.10000000000000001
1339,0,0.82102744241752024,0.099999999999999881,0.046933702858081558,1.8001686048699746e-14,996.45122031834615,-1774.3898408269274,0.10000000000000001
1340,0,0.83110967484893994,0.099999999999999908,0.051373186397744589,2.6672787225863011e-14,996.42664531095136,-1786.6773445243211,0.10000000000000001
1341,0,0.84119161000925791,0.09999999999999995,0.052244355470686669,1.6876631586177365e-14,996.36409637977499,-1817.9518101125041,0.10000000000000001
1342,0,0.85127195672195932,0.099999999999999936,0.049437345251819358,-1.9227746394066774e-14,996.28658951031423,-1856.7052448428853,0.10000000000000001
1343,0,0.86135223338230926,0.099999999999999978,0.046122489622033816,-2.5691882043155997e-14,996.18755718384307,-1906.2214080784656,0.10000000000000001
1344,0,0.87143366740961004,0.10000000000000019,0.044243591839176297,-3.9245459516074005e-15,996.15903115348476,-1920.4844232576193,0.10000000000000001
1345,0,0.8815143761029185,0.10000000000000009,0.044037640218337601,-1.6507282081094545e-14,996.29479987915909,-1852.6000604204569,0.10000000000000001
1346,0,0.89159310532736724,0.099999999999999922,0.04623234161464751,-3.0299775347364888e-14,996.59880632529962,-1700.5968373501901,0.10000000000000001
1347,0,0.90166841629859462,0.099999999999999867,0.051414561949890802,4.8933828410084168e-15,996.99194121633832,-1504.0293918308407,0.10000000000000001
1348,0,0.91173944080863867,0.099999999999999881,0.057216123404157715,2.9766594114472606e-14,997.35247947499613,-1323.7602625019349,0.10000000000000001
1349,0,0.92180678805851646,0.10000000000000002,0.059199880472715863,1.3043442706769505e-14,997.64563676041075,-1177.1816197946237,0.10000000000000001
1350,0,0.93186983545418534,0.099999999999999825,0.055986473741885485,1.2363570697889359e-15,997.87069402070995,-1064.6529896450261,0.10000000000000001
1351,0,0.9419293434813264,0.10000000000000001,0.049197109190948142,2.592820280686643e-14,997.95866111719113,-1020.6694414044364,0.10000000000000001
1352,0,0.95198840224023329,0.099999999999999922,0.040059193425428075,6.5417507975141246e-14,997.92706711481424,-1036.4664425928822,0.10000000000000001
1353,0,0.96204793157148993,0.10000000000000003,0.03092906958976897,7.2663204410653958e-14,997.89775374627777,-1051.1231268611141,0.10000000000000001
1354,0,0.9721076330894457,0.10000000000000005,0.026090148350695352,4.2667548674299731e-14,997.90236134781981,-1048.8193260900971,0.10000000000000001
1355,0,0.98216866087230814,0.10000000000000028,0.028184480999495665,2.7748930122840412e-14,997.9059750489788,-1047.0124755105985,0.10000000000000001
1356,0,0.99223120876056026,0.10000000000000013,0.036449628280757623,5.0071848077252893e-14,997.91535161336094,-1042.32419331953,0.10000000000000001
1357,0,1.0022939751233153,0.099999999999999742,0.048115570846484879,4.5752367639607795e-14,997.92748616426604,-1036.2569178669787,0.10000000000000001
1358,0,1.0123566056562288,0.10000000000000005,0.059824384474774332,4.3422885067641218e-15,997.92451300087907,-1037.7434995604631,0.10000000000000001
1359,0,1.022418735647139,0.10000000000000024,0.068208727433404157,-4.3288391089410249e-14,997.9221734785034,-1038.913260748302,0.10000000000000001
1360,0,1.0324790976027693,0.099999999999999617,0.070467427593516541,-6.6268633644793111e-14,997.92046876807558,-1039.7656159622102,0.10000000000000001
1361,0,1.042537974064514,0.099999999999999603,0.065804119097885666,-5.0237898216474674e-14,997.91208616341555,-1043.9569182922241,0.10000000000000001
1362,0,1.0525965670085982,0.10000000000000027,0.056838675107116134,-3.9022338933179697e-14,997.93336556481415,-1033.3172175929235,0.10000000000000001
1363,0,1.062654606897818,0.10000000000000028,0.047815173863439968,-4.2701065539282759e-14,997.95327238724713,-1023.3638063764374,0.10000000000000001
1364,0,1.0727130716650417,0.10000000000000002,0.041052157419875258,-1.1239227781746147e-14,997.851805595663,-1074.0972021685025,0.10000000000000001
1365,0,1.0827750678324319,0.1000000000000001,0.037789856618254222,-1.2039816852537515e-14,997.61505657862369,-1192.4717106881531,0.10000000000000001
1366,0,1.0928413180059395,0.099999999999999922,0.039668367544944551,-7.5534980250870876e-14,997.31372100549356,-1343.1394972532189,0.10000000000000001
1367,0,1.1029111771070816,0.099999999999999742,0.045301317357548075,-8.9903346655257382e-14,996.94860162179157,-1525.6991891042162,0.10000000000000001
1368,0,1.1129852277185739,0.099999999999999853,0.050270666110815022,-3.8910835997878844e-14,996.55509333183466,-1722.4533340826724,0.10000000000000001
1369,0,1.1230625567848125,0.099999999999999659,0.052248108175923305,1.2762156131611927e-14,996.25487524751759,-1872.5623762412056,0.10000000000000001
1370,0,1.1331416938655763,0.099999999999999728,0.051838510719284935,2.1437094790023094e-14,996.12603173027208,-1936.9841348639625,0.10000000000000001
1371,0,1.1432213469007979,0.10000000000000013,0.049765519706803978,-3.330557571643563e-14,996.16297082532003,-1918.5145873399847,0.10000000000000001
1372,0,1.1532996317117397,0.10000000000000031,0.046262460617343862,-7.0308183167106057e-14,996.27009325523147,-1864.9533723842637,0.10000000000000001
1373,0,1.1633778187492299,0.10000000000000013,0.043296795868070975,4.3462284298529491e-15,996.35524437552351,-1822.3778122382441,0.10000000000000001
1374,0,1.1734574312982682,0.1000000000000002,0.044053145926116567,1.1409482288788027e-13,996.42476927638586,-1787.6153618070703,0.10000000000000001
1375,0,1.1835372041543013,0.099999999999999756,0.048389015486432652,1.0843913791680262e-13,996.45372190732121,-1773.139046339395,0.10000000000000001
1376,0,1.1936172493169492,0.099999999999999895,0.053210715351733592,-4.9996059708474582e-15,996.38040417386605,-1809.7979130669728,0.10000000000000001
1377,0,1.2036983641944008,0.10000000000000013,0.056545012299496746,-6.6397992318928899e-14,996.25265825364806,-1873.6708731759677,0.10000000000000001
1378,0,1.2137804012411575,0.10000000000000013,0.058191781549364524,-1.798110424975056e-14,996.19937258676828,-1900.3137066158615,0.10000000000000001
1379,0,1.2238611117289386,0.099999999999999922,0.058102402074372388,3.9967757067205792e-14,996.2561646887749,-1871.917655612549,0.10000000000000001
1380,0,1.2339389464090424,0.10000000000000005,0.055394942251820047,3.7108018031295364e-14,996.31006081322812,-1844.9695933859402,0.10000000000000001
1381,0,1.2440165594612485,0.099999999999999825,0.051253845452769224,-1.9248576242176642e-14,996.31076394978413,-1844.618025107934,0.10000000000000001
1382,0,1.254094610319594,0.09999999999999977,0.049307361570215265,-7.4799442790480752e-14,996.29556282929491,-1852.2185853525457,0.10000000000000001
1383,0,1.2641728897108997,0.10000000000000024,0.050597961705162842,-8.9605173163695429e-14,996.21394695094898,-1893.02652452551,0.10000000000000001
1384,0,1.2742528426905937,0.099999999999999853,0.053495301461586285,-1.0465264648227608e-13,996.01693653915379,-1991.5317304231053,0.10000000000000001
1385,0,1.284335349690102,0.099999999999999714,0.056749613237964069,-1.0402043043177661e-13,995.77915907392571,-2110.4204630371441,0.10000000000000001
1386,0,1.294420181865934,0.10000000000000024,0.05972686483669621,-5.2980550617174619e-14,995.6408381934707,-2179.5809032646503,0.10000000000000001
1387,0,1.3045042717667057,0.10000000000000005,0.060772143242015096,3.1549295002231375e-14,995.66728073912896,-2166.3596304355224,0.10000000000000001
1388,0,1.3145864690367766,0.099999999999999895,0.057732177436001272,1.4303585022526928e-13,995.85171206092059,-2074.1439695397048,0.10000000000000001
1389,0,1.3246650015592762,0.10000000000000019,0.050696868906808065,2.1894023885313681e-13,996.19275141420883,-1903.6242928955858,0.10000000000000001
1390,0,1.3347388692910727,0.10000000000000032,0.04162780731981551,1.195105460726086e-13,996.65858100426146,-1670.709497869268,0.10000000000000001
1391,0,1.3448083744668271,0.099999999999999756,0.032775036979152815,-6.1804280729874126e-14,997.16345809261497,-1418.2709536925131,0.10000000000000001
1392,0,1.3548719897724157,0.09999999999999977,0.02493403261426428,-1.0699143081741059e-13,997.53499699361998,-1232.501503190008,0.10000000000000001
1393,0,1.3649345018155714,0.10000000000000006,0.018762016454781174,-4.061564444191419e-14,997.68142064237372,-1159.2896788131384,0.10000000000000001
1394,0,1.3749972727455653,0.099999999999999825,0.016291594916738216,6.9989555773815256e-14,997.66773694287656,-1166.1315285617206,0.10000000000000001
1395,0,1.3850618483927315,0.09999999999999977,0.017693433827449243,1.3281396263089955e-13,997.58336915005532,-1208.3154249723407,0.10000000000000001
1396,0,1.3951276266909449,0.099999999999999853,0.019364928189282191,5.6412618837070547e-14,997.44839492165022,-1275.8025391748902,0.10000000000000001
1397,0,1.405193505850848,0.099999999999999936,0.016941209311377589,-5.4545566251422001e-14,997.28035976941248,-1359.8201152937577,0.10000000000000001
1398,0,1.4152644428411629,0.10000000000000003,0.013190160584549065,-1.1055890366385253e-13,997.36387850227231,-1318.0607488638429,0.10000000000000001
1399,0,1.4253317936441268,0.10000000000000017,0.011481138081759497,-1.0633883382093785e-13,997.76461621245278,-1117.6918937736104,0.10000000000000001
1400,0,1.4353936295251202,0.10000000000000044,0.0074420753624239678,-3.3308084638085008e-14,998.0858639890937,-957.06800545315218,0.10000000000000001
1401,0,1.4454539612491593,0.10000000000000027,0.0019100128950210219,4.4939623419398765e-14,998.15350567971177,-923.24716014411479,0.10000000000000001
1402,0,1.4555197326109552,0.099999999999999936,0.0049952383462704558,2.278548685094362e-14,998.21648319546603,-891.7584022669871,0.10000000000000001
1403,0,1.4655823783101822,0.099999999999999756,0.0174398736290617,-4.0326105711934507e-14,998.16936201081603,-915.31899459198485,0.10000000000000001
1404,0,1.4756443334797875,0.099999999999999811,0.027997323453298226,-1.8784667752094754e-14,997.66168040109937,-1169.1597994503127,0.10000000000000001
1405,0,1.4857179276972561,0.10000000000000023,0.035749019153734136,5.5642506992561862e-14,997.10310282619696,-1448.4485869015202,0.10000000000000001
1406,0,1.4957883567690122,0.10000000000000032,0.042097331839658053,5.0948512962970954e-14,996.84054782611315,-1579.726086943424,0.10000000000000001
1407,0,1.5058654319080584,0.10000000000000003,0.044137517689649117,-3.232443526403936e-14,996.9655251526342,-1517.2374236829,0.10000000000000001
1408,0,1.515928669415501,0.1000000000000001,0.040516470996504295,-8.422398760652212e-14,997.29304808314475,-1353.475958427623,0.10000000000000001
1409,0,1.5259972697288193,0.1000000000000001,0.031747249575080468,-6.2923609033056123e-14,997.62648800282022,-1186.7559985898879,0.10000000000000001
1410,0,1.536056189681873,0.099999999999999936,0.024398252927742062,-2.6818681712270523e-14,997.88378959930492,-1058.1052003475406,0.10000000000000001
1411,0,1.5461194662519913,0.10000000000000003,0.024359538153588954,-4.6050654427174061e-14,997.98465140326732,-1007.6742983663394,0.10000000000000001
1412,0,1.556191193657503,0.0999999999999997,0.035116527703786503,-5.9312433158529562e-14,998.03230545587428,-983.84727206286016,0.10000000000000001
1413,0,1.5662404709499989,0.099999999999999839,0.040708844550559883,-2.6896515251925262e-15,997.30276113213142,-1348.6194339342887,0.10000000000000001
1414,0,1.5763374546287596,0.099999999999999853,0.044727016344076768,4.6902805939690404e-14,996.65398165201066,-1673.0091739946715,0.10000000000000001
1415,0,1.5864008718284992,0.099999999999999686,0.057630737797959651,3.5009130802336517e-14,996.52485057526724,-1737.5747123663814,0.10000000000000001
1416,0,1.5964939254063018,0.099999999999999714,0.060810613323049892,2.5600660534653947e-14,996.42486424113781,-1787.5678794310943,0.10000000000000001
1417,0,1.6065516628021481,0.099999999999999853,0.052213810603926901,3.8308921434159225e-14,996.23997922560864,-1880.0103871956821,0.10000000000000001
1418,0,1.6166574104945814,0.10000000000000026,0.048812243639892845,6.1401386060082069e-14,996.75686613878088,-1621.5669306095606,0.10000000000000001
1419,0,1.6266993150778497,0.10000000000000016,0.043223376291811264,7.4730983621176511e-14,997.18969835044209,-1405.150824778957,0.10000000000000001
1420,0,1.6367904360018191,0.099999999999999839,0.034281524462581495,8.9849714880951863e-14,997.45150973446732,-1274.2451327663389,0.10000000000000001
1421,0,1.6468695234598989,0.099999999999999908,0.039290418484764694,1.6422728729572635e-13,998.30228659745364,-848.8567012731778,0.10000000000000001
1422,0,1.656882248874286,0.099999999999999742,0.029844862145125706,1.8667425385671214e-13,997.68983214893194,-1155.0839255340293,0.10000000000000001
1423,0,1.6670632635239864,0.099999999999999686,0.034143241772949494,8.6166187000801431e-14,998.30035772151837,-849.82113924081659,0.10000000000000001
1424,0,1.6769861066447083,0.10000000000000023,0.02969467774544976,6.6561718250264484e-14,997.33100712034263,-1334.4964398286834,0.10000000000000001
1425,0,1.6872593301523151,0.10000000000000042,0.033675490636716682,1.1551130071529163e-13,997.78562764569381,-1107.1861771530962,0.10000000000000001
1426,0,1.6971485291416264,0.099999999999999853,0.046230628227394585,5.7440619498150921e-14,997.48693156567742,-1256.5342171612883,0.10000000000000001
1427,0,1.7074314105738844,0.099999999999999811,0.032410030272385225,-9.579106525484543e-16,996.91925802239507,-1540.370988802465,0.10000000000000001
1428,0,1.7173340191021553,0.10000000000000012,0.024915432152367731,1.8247367238627254e-14,996.33531339457284,-1832.343302713582,0.10000000000000001
1429,0,1.7276628748007721,0.10000000000000023,0.034144425442335459,-2.078462329930286e-14,997.46800245046086,-1265.9987747695709,0.10000000000000001
1430,0,1.7374873989928881,0.10000000000000026,0.015797135160335415,-9.2016535530438032e-14,996.61954926261399,-1690.2253686930067,0.10000000000000001
1431,0,1.7478910060981376,0.10000000000000007,0.011091941748999051,-5.7170353822199761e-14,997.70521902411599,-1147.3904879420047,0.10000000000000001
1432,0,1.7576278222980497,0.099999999999999908,0.00075962577701074588,3.1079490721507111e-14,997.30170181361962,-1349.1490931901922,0.10000000000000001
1433,0,1.7680462994474366,0.099999999999999714,-0.011148097053230284,7.9039809272000982e-14,997.68794147954907,-1156.0292602254663,0.10000000000000001
1434,0,1.7777863613772529,0.10000000000000013,0.0023081199632536621,7.8073319407771395e-14,998.23016770429911,-884.91614785044703,0.10000000000000001
1435,0,1.7881743876986356,0.099999999999999908,0.0045882670693463933,6.4548572245919074e-14,998.46489324576976,-767.55337711512084,0.10000000000000001
1436,0,1.7979253350866149,0.099999999999999964,0.0097616342619971028,6.5886609084729362e-14,998.41180961823341,-794.09519088329716,0.10000000000000001
1437,0,1.8083212837745652,0.10000000000000027,0.0095601142632487212,1.1184955875469256e-13,998.25106603887127,-874.46698056436389,0.10000000000000001
1438,0,1.8178140623472734,0.10000000000000039,0.030340933878897035,1.6283315793218616e-13,999.05020599396698,-474.89700301650828,0.10000000000000001
1439,0,1.8289078405437886,0.10000000000000024,0.033732984412221251,1.627200845871683e-13,999.45866525147846,-270.6673742607677,0.10000000000000001
1440,0,1.8369731646064282,0.10000000000000055,0.033261876680809072,1.7477370654667331e-13,998.84230804571075,-578.84597714462416,0.10000000000000001
1441,0,1.8523311424082953,0.10000000000000045,0.058375813733358879,2.9739835513653355e-13,999.71871307696949,-140.64346151525342,0.10000000000000001
1442,0,1.8523311930184558,0.10000000000000048,0.058431561580668409,2.9736850437661178e-13,999.71801122741238,-140.99438629381211,0.10000000000000001
1443,0,1.8768206309721425,0.1000000000000021,0.10496182155852787,1.295803083218676e-13,1000.6408776740626,320.43883703130405,0.10000000000000001
1444,0,1.8768204447960721,0.10000000000000227,0.10499867783280445,1.2914603379464457e-13,1000.6374807334356,318.74036671780459,0.10000000000000001
1445,0,1.8847412918245647,0.10000000000000044,0.11974501558188862,2.6286978783868251e-14,999.75078438454636,-124.60780772681801,0.10000000000000001
1446,0,1.9023632012417904,0.10000000000000239,0.10242356503034761,1.064287521184134e-13,1002.2652558305748,1132.6279152874008,0.10000000000000001
1447,0,1.9023635299179071,0.10000000000000216,0.10233628185734447,1.0600364449983515e-13,1002.2621311327683,1131.0655663841658,0.10000000000000001
1448,0,0.10050869385809298,0.10925598500185461,-0.015377519624187493,-0.0012436824976825348,1000.7907756828553,395.38784142763461,0.10000000000000001
1449,0,0.10044025084153263,0.10963116867399425,-0.014260749010294147,-0.00071083097849741219,1000.7610487181501,380.52435907502513,0.10000000000000001
1450,0,0.11755358246606179,0.11261561031431784,0.0060632840044265142,0.025071309566328401,997.45679930893471,-1271.6003455326472,0.10000000000000001
1451,0,0.12815547842127259,0.11158873693078883,0.0053227295987861569,-0.01445447670181234,1001.2067959625018,603.39798125090738,0.10000000000000001
1452,0,0.1281560773879328,0.1114926171916394,0.0052580166444082376,-0.014824703790908663,1001.1787314654038,589.36573270187864,0.10000000000000001
1453,0,0.15213204486325838,0.11002967212542847,0.052106562612445055,0.00096174551476868033,999.63096212244977,-184.51893877511338,0.10000000000000001
1454,0,0.15213271223901456,0.10992303698003177,0.052027175996761363,0.001041803037811781,999.62572167453084,-187.13916273458153,0.10000000000000001
1455,0,0.16700488860575366,0.10999634654415316,0.05591694320751827,0.0063772308949257631,999.13693250680581,-431.53374659709698,0.10000000000000001
1456,0,0.17566372292977828,0.10995456224479247,0.067927955370256421,0.0049695310741002894,997.9747977923895,-1012.6011038052525,0.10000000000000001
1457,0,0.18652519923685926,0.11006014940006116,0.066761421255331341,0.0018614866896433792,998.0880887956672,-955.95560216639797,0.10000000000000001
1458,0,0.19593822084278059,0.10995554967143488,0.077510039438467446,-0.00087480923009760942,997.68794530255173,-1156.0273487241375,0.10000000000000001
1459,0,0.20659488286347369,0.10995376631270844,0.077328285083037032,-0.0082820089943643812,997.53405040552275,-1232.9747972386258,0.10000000000000001
1460,0,0.21618368716337319,0.1100110798413135,0.08761856728393777,-0.0067484306901491112,997.61521132513542,-1192.3943374322903,0.10000000000000001
1461,0,0.22672017495312047,0.10993692604049463,0.082249181988374512,-0.0021683044413639864,997.60076096539206,-1199.6195173039723,0.10000000000000001
1462,0,0.23638721960498102,0.11000578549453002,0.095123905671076633,-0.0033843820429619656,997.40707060030456,-1296.4646998477178,0.10000000000000001
1463,0,0.24691133006707716,0.10994768745552944,0.087552479706317604,-0.0028639615136842374,996.70314219774446,-1648.4289011277724,0.10000000000000001
1464,0,0.25660782948065153,0.10998354735639493,0.073897148488746872,-0.0012231342555933892,997.55235748903715,-1223.8212554814254,0.10000000000000001
1465,0,0.26706791437845423,0.10995394539194785,0.077814617565038491,-0.0033376288842014118,996.30303058924073,-1848.4847053796329,0.10000000000000001
1466,0,0.27685988793058247,0.10996719968021966,0.064292460141261915,-0.00053143979468971625,997.2234858943059,-1388.2570528470524,0.10000000000000001
1467,0,0.2872280695503352,0.10995479053481141,0.066855880056522612,0.0001408605389425797,996.53718199313539,-1731.4090034323044,0.10000000000000001
1468,0,0.29709065703134446,0.10997911848533348,0.066034574237075233,-0.0010552950029299162,997.18192135523805,-1409.039322380977,0.10000000000000001
1469,0,0.30738721893354781,0.10995803614503626,0.059878518883646092,0.00076732517804550923,997.30258580712518,-1348.7070964374084,0.10000000000000001
1470,0,0.31728300403864174,0.1099755811582189,0.063655562316172185,0.0027471252046862393,997.99348981283754,-1003.255093581231,0.10000000000000001
1471,0,0.3275191475269626,0.1099741598799877,0.066382832288686577,0.0031058948284974504,997.546154688667,-1226.9226556664989,0.10000000000000001
1472,0,0.33746943832466764,0.1099735286564701,0.063940399807375092,0.0023046334455524339,998.1560077540712,-921.99612296440137,0.10000000000000001
1473,0,0.34762708493694083,0.10998348487407636,0.06417228787916901,-0.0013985075234043171,997.60038126536153,-1199.8093673192329,0.10000000000000001
1474,0,0.35764822774324628,0.10997219442128488,0.052586276681578427,-0.002318318398132947,998.14911693128909,-925.44153435545695,0.10000000000000001
1475,0,0.36772701150318932,0.10998448975319947,0.058346230104561282,-0.0023639198637982464,997.32185196107071,-1339.0740194646469,0.10000000000000001
1476,0,0.37781674113330355,0.10998617218074101,0.049542362253323244,-0.0044460961863314972,997.16010719922917,-1419.9464003854132,0.10000000000000001
1477,0,0.38786184553153619,0.10998823097636375,0.043161589532820233,-0.0044050936903122385,996.93273543342946,-1533.6322832852716,0.10000000000000001
1478,0,0.3979649814131202,0.10999103265529725,0.04284116511544972,-0.0024173916245219906,996.44937507197187,-1775.3124640140641,0.10000000000000001
1479,0,0.40802432152970125,0.10999153892496416,0.036998153429475149,0.00026009233822535882,996.58243530830532,-1708.7823458473395,0.10000000000000001
1480,0,0.41811697958655131,0.1099906535727166,0.039860468199639634,0.0032172709433499463,996.71587517513115,-1642.0624124344272,0.10000000000000001
1481,0,0.42817926183444366,0.10998967167130652,0.053359437532522112,0.0051096136342961545,996.78111926460087,-1609.4403676995626,0.10000000000000001
1482,0,0.43827263478372319,0.10998772679502374,0.058477396824880401,0.0050296163970389813,997.29514284426205,-1352.4285778689773,0.10000000000000001
1483,0,0.4483236346054737,0.10998500890780676,0.063305393393235709,0.0036424182721191394,997.95382577105454,-1023.0871144727303,0.10000000000000001
1484,0,0.45839178059262542,0.10998514382390434,0.073381833169712182,0.00140990156491766,997.88270180318159,-1058.6490984092052,0.10000000000000001
1485,0,0.46845381221501287,0.1099847346456289,0.07359830331155473,-0.0007444023267686948,997.74898589916234,-1125.5070504188325,0.10000000000000001
1486,0,0.47851345037647591,0.10998682987238241,0.065438562467143802,-0.0017896711351288025,997.53577393827243,-1232.1130308637862,0.10000000000000001
1487,0,0.48857921486395461,0.10998902719306654,0.05573698008626269,-0.0014670404864573078,997.26962219120878,-1365.1889043956089,0.10000000000000001
1488,0,0.49864291022135615,0.10999083616535946,0.051556824524703698,0.00023613934857652906,996.96221549491338,-1518.89225254331,0.10000000000000001
1489,0,0.50872002275291839,0.10999247051987887,0.052100438014977921,0.0024731712810641144,996.8564143994347,-1571.7928002826511,0.10000000000000001
1490,0,0.51879009482179883,0.10999185112873214,0.056709092095540745,0.0042447481167615254,997.1096160748416,-1445.1919625792016,0.10000000000000001
1491,0,0.52886474184312671,0.10999025171474507,0.063635624852301523,0.005170722072899884,997.59604041692762,-1201.9797915361892,0.10000000000000001
1492,0,0.53892879456118781,0.1099880767481428,0.073403698607224274,0.0047971006513045696,998.05042562689096,-974.78718655452212,0.10000000000000001
1493,0,0.54899388611832267,0.10998660675625474,0.085083506634206607,0.0026829141238678927,998.12411043753866,-937.94478123066938,0.10000000000000001
1494,0,0.55906128136305411,0.10998613874007122,0.088803442516977943,-0.00048276510131988902,998.11920007973538,-940.39996013231075,0.10000000000000001
1495,0,0.56912369170684474,0.10998622266004575,0.084887028894527414,-0.0033256646374689334,998.13063570230838,-934.68214884580902,0.10000000000000001
1496,0,0.5791873508488774,0.10998771347112835,0.082432689533041448,-0.0049782998005272038,997.91973132615021,-1040.1343369248934,0.10000000000000001
1497,0,0.58925486476883682,0.10998950430879254,0.082366004743443896,-0.0050762056472467331,997.59995292564986,-1200.0235371750705,0.10000000000000001
1498,0,0.59932619018606115,0.10999054260328998,0.07997140477650122,-0.0036586388454775318,997.5259285639321,-1237.0357180339511,0.10000000000000001
1499,0,0.60939245561534583,0.10999129391883813,0.077751733548625676,-0.0014582508177136886,997.65150442579363,-1174.2477871031838,0.10000000000000001
1500,0,0.61945794062735138,0.10999092231498253,0.078714370132507247,0.0004118206181767507,997.69561302406066,-1152.1934879696687,0.10000000000000001
1501,0,0.62952332460880334,0.10998958327784281,0.079175658378820693,0.0013433669729477076,997.6457439818638,-1177.1280090680989,0.10000000000000001
1502,0,0.63958758571931507,0.10998836306327893,0.075583953455608699,0.0013801490082403162,997.53333523668152,-1233.3323816592383,0.10000000000000001
1503,0,0.64965209104220933,0.10998746760305707,0.068291221337014138,0.00078218985136461973,997.30852641748174,-1345.736791259128,0.10000000000000001
1504,0,0.65971839520849085,0.10998757404634407,0.059692048931731884,-0.00010644500037987403,996.91161280219922,-1544.1935989003923,0.10000000000000001
1505,0,0.6697904422861064,0.10998841300544679,0.050486559081699425,-0.0007616371952381373,996.42448917386548,-1787.7554130672593,0.10000000000000001
1506,0,0.67986709131144341,0.10998936908306019,0.041276003669026506,-0.00073517734122042664,996.00014665978438,-1999.9266701078113,0.10000000000000001
1507,0,0.68994831188181027,0.10999041473581263,0.034147757047396851,-0.00012487136746294129,995.70453986444898,-2147.7300677755125,0.10000000000000001
1508,0,0.70003297741963089,0.10999091317469478,0.031026377881768225,0.00064665458950933369,995.5538341833128,-2223.0829083435992,0.10000000000000001
1509,0,0.71011985227998664,0.10999081647968387,0.031955374788551608,0.0011884638137417422,995.5513235060306,-2224.3382469847006,0.10000000000000001
1510,0,0.7202073555169568,0.10999043177781143,0.034879068961239455,0.0011583143451400837,995.71482709341467,-2142.5864532926653,0.10000000000000001
1511,0,0.7302925312093842,0.1099897538286683,0.038403768545198107,0.00056939995768457775,995.98170894372595,-2009.1455281370258,0.10000000000000001
1512,0,0.74037529049987139,0.10998915646714827,0.041925910821202082,-0.00015756591156320033,996.21569942013252,-1892.1502899337383,0.10000000000000001
1513,0,0.75045620949647873,0.10998889352434432,0.044020304919491611,-0.00064513876441468928,996.34325479856841,-1828.3726007157952,0.10000000000000001
1514,0,0.76053664874620963,0.10998876438251731,0.042960728727633526,-0.00063408832351954578,996.39689819655928,-1801.5509017203613,0.10000000000000001
1515,0,0.77061642998675939,0.10998847337199813,0.039617345604958346,3.3882490685811954e-05,996.40817396105945,-1795.9130194702766,0.10000000000000001
1516,0,0.78069645748179683,0.10998798024926332,0.037299735240712263,0.001059668386866212,996.33847794265955,-1830.7610286702243,0.10000000000000001
1517,0,0.79077930933604867,0.10998724195776707,0.037155371560651032,0.0018096119244727417,996.24317749656848,-1878.411251715761,0.10000000000000001
1518,0,0.80086350656562511,0.10998609325269443,0.038566004024266395,0.001927521180766922,996.2411934879691,-1879.4032560154506,0.10000000000000001
1519,0,0.81094719293371265,0.10998498601355468,0.041622351949877338,0.0013707520851745012,996.31985413232815,-1840.072933835927,0.10000000000000001
1520,0,0.82102996075064671,0.10998453082644175,0.046200174401872289,0.00014614709726108158,996.37766569255302,-1811.1671537234884,0.10000000000000001
1521,0,0.83111229494991679,0.10998473991360048,0.050580254703918796,-0.0014585057285099374,996.37072295936593,-1814.6385203170325,0.10000000000000001
1522,0,0.84119432986131315,0.10998553529276044,0.051844406300077195,-0.0027064752415538636,996.34694035427935,-1826.5298228603228,0.10000000000000001
1523,0,0.85127472150582939,0.10998691382445296,0.049624502213352718,-0.0029563910324872066,996.31991241282935,-1840.0437935853233,0.10000000000000001
1524,0,0.86135481012920823,0.1099886016305187,0.046752904624942249,-0.0021885357658141713,996.27070524200701,-1864.6473789964944,0.10000000000000001
1525,0,0.87143572748136289,0.10999000946781551,0.045108508501600877,-0.00076017787556997656,996.26876989350217,-1865.6150532489164,0.10000000000000001
1526,0,0.8815158330283468,0.10999069386920601,0.044908486519973388,0.00094541944153770545,996.39544996012853,-1802.2750199357347,0.10000000000000001
1527,0,0.89159408534105267,0.10999073592146789,0.046751879965164375,0.0023907150854492088,996.6654846970747,-1667.2576514626485,0.10000000000000001
1528,0,0.90166895412097203,0.10999033593124767,0.051290356816399409,0.0029218399134948946,997.01759771797595,-1491.2011410120272,0.10000000000000001
1529,0,0.91173963565825311,0.10998963307809867,0.056505255303145929,0.0022795979781407428,997.34151404662202,-1329.2429766889882,0.10000000000000001
1530,0,0.92180686604029427,0.10998894581965525,0.058223763511675096,0.00082382507518205007,997.61099462492916,-1194.5026875354188,0.10000000000000001
1531,0,0.93186999839150475,0.10998865398752834,0.055058544937795689,-0.00085852591818303097,997.8344206645728,-1082.7896677135982,0.10000000000000001
1532,0,0.94192966010319745,0.10998895273107311,0.048597800107885829,-0.0022518090198080419,997.94416208220605,-1027.9189588969757,0.10000000000000001
1533,0,0.95198876647613451,0.1099896988016183,0.040049173749292885,-0.0028480598190898255,997.94415134640212,-1027.9243267989386,0.10000000000000001
1534,0,0.96204827863311027,0.10999065400539429,0.031522145003611557,-0.0023476248711548822,997.94284501019888,-1028.5774949005599,0.10000000000000001
1535,0,0.97210789718731017,0.10999176483974873,0.026996850815741068,-0.00099681915034450065,997.97176044148807,-1014.1197792559637,0.10000000000000001
1536,0,0.98216856511299078,0.10999282372811683,0.029058533131966439,0.00062293662384592255,997.99397678518301,-1003.0116074084958,0.10000000000000001
1537,0,0.99223054225050888,0.10999347128464057,0.036980122565009842,0.0019466933053874098,998.00897806608361,-995.51096695819297,0.10000000000000001
1538,0,1.002292766268758,0.10999368302447735,0.048051104317650015,0.0024664428818652424,998.01876774779589,-990.6161261020543,0.10000000000000001
1539,0,1.0123548565964295,0.10999357338686405,0.059166840294969124,0.0019383517778953419,998.01297412144061,-993.51293927969664,0.10000000000000001
1540,0,1.022416425881127,0.10999302929173617,0.067210176532866067,0.00060939481778685774,998.00027675080105,-999.86162459947536,0.10000000000000001
1541,0,1.0324764459360285,0.10999208396896386,0.069438486123205787,-0.0010143165181477046,997.97639098942011,-1011.8045052899447,0.10000000000000001
1542,0,1.0425352569783946,0.10999110041419174,0.065093924240743617,-0.0023657612685798134,997.94163519424058,-1029.1824028797123,0.10000000000000001
1543,0,1.0525938462191418,0.10999028076321382,0.056736683862953191,-0.0028591617698924821,997.93417838763514,-1032.9108061824286,0.10000000000000001
1544,0,1.0626519437248327,0.10998967385011764,0.048304328396391198,-0.0022504371955907013,997.9229283980892,-1038.5358009554011,0.10000000000000001
1545,0,1.0727105666420749,0.10998951408153923,0.041872542819312832,-0.00084096243787660206,997.80101686431067,-1099.491567844666,0.10000000000000001
1546,0,1.0827726450477535,0.10998993724206725,0.038662885556579769,0.00086532263205611499,997.56747686302936,-1216.2615684853222,0.10000000000000001
1547,0,1.0928387706484277,0.10999073880587258,0.040277744586160187,0.0023523217356906999,997.29088631640332,-1354.5568417983418,0.10000000000000001
1548,0,1.1029082813594526,0.10999153677991888,0.04532328018908665,0.0030265126364911691,996.96256803306142,-1518.715983469292,0.10000000000000001
1549,0,1.1129818892602883,0.10999202092829291,0.049650079686352135,0.0025259636225736029,996.60929866697529,-1695.3506665123541,0.10000000000000001
1550,0,1.1230587391133107,0.10999205451097289,0.051277030229460577,0.0011108063729365198,996.34116351943237,-1829.4182402838146,0.10000000000000001
1551,0,1.1331372701215563,0.1099914321385754,0.050868681255163722,-0.0005714046362701265,996.21837275131463,-1890.8136243426839,0.10000000000000001
1552,0,1.143216408696901,0.10999007612156363,0.049022621013227734,-0.0019921087507420903,996.22505827054727,-1887.4708647263674,0.10000000000000001
1553,0,1.1532945083656978,0.10998843373843357,0.045957879158981939,-0.0027678995136208445,996.27876422067777,-1860.6178896611141,0.10000000000000001
1554,0,1.1633727395079057,0.1099870873573479,0.043574551332453366,-0.0025373983188141515,996.31018633657015,-1844.9068317149226,0.10000000000000001
1555,0,1.1734524518033671,0.10998630369901946,0.044715771849570936,-0.0013227492418978091,996.33828642386641,-1830.8567880667965,0.10000000000000001
1556,0,1.183532333955629,0.10998609023116737,0.048986694315764009,0.00023381631302807972,996.34817557044812,-1825.9122147759399,0.10000000000000001
1557,0,1.1936125984617805,0.10998653359697669,0.053452878139762884,0.0014058225884233536,996.29217714976289,-1853.9114251185538,0.10000000000000001
1558,0,1.2036937761308892,0.10998761588453702,0.056399361146605854,0.0019150406876904513,996.21626950052485,-1891.8652497375774,0.10000000000000001
1559,0,1.2137754670619627,0.10998872139455312,0.05767424355961083,0.0017543164247688248,996.22306221368569,-1888.4688931571532,0.10000000000000001
1560,0,1.2238558125653476,0.10998941003413849,0.057309273633212837,0.000969656680230304,996.32530848532895,-1837.3457573355267,0.10000000000000001
1561,0,1.2339333490186588,0.10998984639712088,0.054663134441517755,-7.1114618085943142e-05,996.40563980041497,-1797.1800997925129,0.10000000000000001
1562,0,1.2440106145982248,0.10999005976673622,0.050899835764401824,-0.0007324596335342063,996.41035804448609,-1794.8209777569559,0.10000000000000001
1563,0,1.2540884434175195,0.10999009595434606,0.049334449419663411,-0.00072260654257958455,996.37683818211678,-1811.5809089416075,0.10000000000000001
1564,0,1.2641666503676849,0.10999026421474764,0.050869814891950076,-0.00019660991093112964,996.27170770251098,-1864.1461487445099,0.10000000000000001
1565,0,1.2742465605597868,0.10999075682599022,0.053844478626882124,0.00058918398583351873,996.06037685926469,-1969.8115703676535,0.10000000000000001
1566,0,1.2843287509485053,0.10999131132163054,0.056892722596090739,0.0012420628123069159,995.81336802731801,-2093.3159863409969,0.10000000000000001
1567,0,1.2944131918225434,0.10999157310580587,0.059495390237489967,0.0013299603651285498,995.66547228039701,-2167.2638598014942,0.10000000000000001
1568,0,1.3044969328101694,0.10999155173725325,0.060297043584795755,0.0008418231833511562,995.67676715693574,-2161.6164215321305,0.10000000000000001
1569,0,1.314578474356723,0.10999092753266947,0.05721873726044284,0.00011287614082182017,995.82648051847673,-2086.7597407616358,0.10000000000000001
1570,0,1.3246567387168457,0.10998976077123573,0.050363415225950704,-0.00047914946239161296,996.11405528234206,-1942.9723588289676,0.10000000000000001
1571,0,1.3347306007587312,0.10998869462818668,0.041669212382040591,-0.00051367849962259183,996.52459216040609,-1737.7039197969566,0.10000000000000001
1572,0,1.344800056837623,0.10998776062900767,0.033067222737322093,0.00011462965921921045,996.98801255411877,-1505.993722940616,0.10000000000000001
1573,0,1.3548642237988922,0.10998757389533012,0.025146946501709375,0.00096108503783566383,997.35694606541915,-1321.5269672904242,0.10000000000000001
1574,0,1.3649269697635755,0.10998839217403557,0.018658291168781069,0.001499599240250137,997.55708662230199,-1221.4566888490026,0.10000000000000001
1575,0,1.3749896798469412,0.10998956485809584,0.015719979154134388,0.0014045049851045691,997.64218693721932,-1178.9065313903393,0.10000000000000001
1576,0,1.3850539892866127,0.10999086595905452,0.016551535599694613,0.00043505193769955325,997.6669790084436,-1166.5104957781978,0.10000000000000001
1577,0,1.3951187135768723,0.10999117706406805,0.017773062230071208,-0.0014720610653233053,997.61441766712869,-1192.7911664356543,0.10000000000000001
1578,0,1.4051840889353495,0.10999041026322948,0.015469853746157926,-0.0037066173525655706,997.48880918280543,-1255.5954085972871,0.10000000000000001
1579,0,1.4152545606966136,0.10998938419044907,0.012452502610754717,-0.0051204546876262112,997.56609876817606,-1216.9506159119692,0.10000000000000001
1580,0,1.4253212838934872,0.10998755102637142,0.011654360292245102,-0.0050124437996829528,997.90882079100516,-1045.5896044974224,0.10000000000000001
1581,0,1.4353835715142516,0.10998601113042403,0.0084162382742338036,-0.0033950881497403821,998.15153664550667,-924.23167724666655,0.10000000000000001
1582,0,1.4454441978808996,0.10998590907652718,0.0033921376499695217,-0.00059801595908993434,998.15801058361944,-920.99470819027829,0.10000000000000001
1583,0,1.455509997392028,0.10998629539671244,0.0062846625443582502,0.0025314434844754406,998.18423889540486,-907.88055229756992,0.10000000000000001
1584,0,1.4655730477963416,0.109987591465263,0.017790966160881924,0.0045553346737408299,998.13300506256246,-933.4974687187696,0.10000000000000001
1585,0,1.4756347696992285,0.10998961914060305,0.027477941090004791,0.00480259545839898,997.66729574852229,-1166.3521257388538,0.10000000000000001
1586,0,1.4857078920290354,0.10999107861428203,0.034757087063476119,0.0038237454302018233,997.15374394254718,-1423.1280287264099,0.10000000000000001
1587,0,1.4957768940621878,0.10999146055204491,0.040720089915990548,0.0020630245964870075,996.8815180199731,-1559.2409900134498,0.10000000000000001
1588,0,1.5058529507810809,0.109989598791284,0.042708906826146711,-0.00017516978844663364,996.9406843661618,-1529.657816919098,0.10000000000000001
1589,0,1.5159168257918112,0.10998768410293558,0.039755900662913013,-0.0018451337698210369,997.18359498169298,-1408.2025091535115,0.10000000000000001
1590,0,1.5259839223489773,0.10998548836749718,0.031868980318884667,-0.0020376846763120711,997.42139091213062,-1289.3045439346906,0.10000000000000001
1591,0,1.5360445365641133,0.10998350918867716,0.025177521203502713,-0.00081531959723101064,997.60996153635449,-1195.019231822755,0.10000000000000001
1592,0,1.546108092437162,0.10998404762277698,0.0254937259750663,0.0014775317110553099,997.70211869453021,-1148.9406527348933,0.10000000000000001
1593,0,1.5561788808388126,0.10998411146596621,0.035802071133513622,0.0037494156282194299,997.79501661263953,-1102.4916936802356,0.10000000000000001
1594,0,1.5662311118953101,0.10998719659874703,0.040789829857679046,0.0050730838456833132,997.19285247173957,-1403.5737641302148,0.10000000000000001
1595,0,1.5763240959558777,0.10998946028540539,0.043815646904995863,0.0050787431073772617,996.66968818337193,-1665.1559083140341,0.10000000000000001
1596,0,1.5863882185284792,0.10999064875930785,0.055573279554141722,0.0030950011840321966,996.65285451458396,-1673.5727427080178,0.10000000000000001
1597,0,1.5964802846529123,0.10999153960737301,0.05862394236180369,-0.00014799949201277601,996.64095991122747,-1679.5200443862655,0.10000000000000001
1598,0,1.6065354170476782,0.10999113128641452,0.050402543408239263,-0.0031303412933862806,996.47563119812617,-1762.184400936917,0.10000000000000001
1599,0,1.616639041096289,0.10998831523771184,0.047804037396849179,-0.0052196161493827647,996.93203869056606,-1533.9806547169701,0.10000000000000001
1600,0,1.6266829469699031,0.10998596475299509,0.043743709537257175,-0.0053675008657215351,997.28071402572425,-1359.6429871378746,0.10000000000000001
1601,0,1.6367674203483815,0.10998438744250104,0.035178106650667777,-0.003278509079586875,997.3840965115769,-1307.9517442115502,0.10000000000000001
1602,0,1.6468456655395871,0.10997184835756607,0.038801461112364169,-0.0028736994899763663,998.04227497803151,-978.86251098424282,0.10000000000000001
1603,0,1.656870276355058,0.10998286533179535,0.031292777915472962,-0.0017394661123581099,997.59521560674318,-1202.3921966284092,0.10000000000000001
1604,0,1.6670247116383921,0.10997273507862501,0.035400939012527104,0.0016102719654174872,998.17664538045324,-911.67730977338124,0.10000000000000001
1605,0,1.6769736564048658,0.10997444014549797,0.029427989489955664,0.0025827971720317529,997.2975198411832,-1351.2400794083987,0.10000000000000001
1606,0,1.6872196382154756,0.1099772103988097,0.033799298685005551,0.0035069509782696649,997.83518260683388,-1082.4086965830588,0.10000000000000001
1607,0,1.6971152217966974,0.10995789578824056,0.04322840279005534,0.0014600228241376805,997.41580035419247,-1292.099822903765,0.10000000000000001
1608,0,1.7074060255074748,0.10997951717945796,0.031285671686697526,-0.0020157087397145589,997.10198651981398,-1449.0067400930116,0.10000000000000001
1609,0,1.7172788875135916,0.10995775822679685,0.02589297081036088,-0.00071477428197079963,996.50581562663797,-1747.0921866810158,0.10000000000000001
1610,0,1.7276429633646149,0.10996942782134163,0.032001331587931663,7.9133963580409287e-06,997.59818530500877,-1200.9073474956153,0.10000000000000001
1611,0,1.7374290657968645,0.10995329474207079,0.01402735259334221,-0.00375768682428953,996.71423387587561,-1642.8830620621966,0.10000000000000001
1612,0,1.7478837019498761,0.1099836241396467,0.011132841421535502,-0.003583536201716731,997.9255234104794,-1037.2382947603001,0.10000000000000001
1613,0,1.7575798165226661,0.10995113051230608,-0.00049504891223906954,-0.0042954151786656789,997.37820084165855,-1310.899579170723,0.10000000000000001
1614,0,1.7680845783547885,0.11000994793748384,-0.0089369371740638526,-0.0023532597838586957,998.08563436019176,-957.18281990411924,0.10000000000000001
1615,0,1.7777494750972564,0.10994235985520019,0.0018095419138828299,-3.0383177033544193e-05,998.1860443348429,-906.9778325785478,0.10000000000000001
1616,0,1.788269908249686,0.11001616810876369,0.00066426866666565441,-0.0041184065876089405,998.2535868419692,-873.20657901540244,0.10000000000000001
1617,0,1.7978483087224706,0.10995582160567008,0.012197690882660889,-0.0045296533487389715,997.9910773119841,-1004.4613440079502,0.10000000000000001
1618,0,1.8084953420654859,0.10996182697261339,0.01205634053639199,0.0032783731136480912,997.90234183638665,-1048.829081806673,0.10000000000000001
1619,0,1.8179095045820362,0.11006127105100653,0.029997627111225039,0.0039451775552809716,998.37445560946571,-812.77219526714362,0.10000000000000001
1620,0,1.8287551061937264,0.10995556569044908,0.032246408185752688,0.0051185569904430919,998.12505676964247,-937.47161517876521,0.10000000000000001
1621,0,1.8374234995583059,0.11000248603550304,0.035860043406190631,0.0066523265004743825,998.89265553490236,-553.67223254881992,0.10000000000000001
1622,0,1.8523000317393243,0.10992074424310558,0.052702495600413138,-0.00050837192052614302,999.82397160750429,-88.01419624785467,0.10000000000000001
1623,0,1.8523006474751631,0.11002693418784772,0.052621060512145323,-0.00050368406366057888,999.83108491647329,-84.457541763356403,0.10000000000000001
1624,0,1.8762757848095701,0.11150323085890622,0.087437097360180627,-0.015931236637179977,1001.2960208396792,648.0104198395793,0.10000000000000001
1625,0,1.8762763470545085,0.11159910064782939,0.087380842525125291,-0.015547782755113735,1001.3238786588176,661.93932940882405,0.10000000000000001
1626,0,1.8868411153259357,0.11259696251049549,0.087322215357698352,0.029305433024054302,997.01271637024331,-1493.6418148783446,0.10000000000000001
1627,0,1.9040125603111611,0.10961031987271944,0.10981956212707253,0.00055840880460825636,1001.0135580766364,506.77903831820004,0.10000000000000001
1628,0,1.9039451628573421,0.10923596915176312,0.11101280318125598,-3.6246709445576442e-05,1001.0515654955459,525.78274777295064,0.10000000000000001
1629,0,0.09941817376704544,0.1184124868886091,-0.012755495015691658,-0.00053208008333136285,1000.9907777800038,495.38889000189101,0.10000000000000001
1630,0,0.099456780853018179,0.11768990765266032,-0.012518917379040352,-0.0012731457715127454,1000.9555166598024,477.75832990117806,0.10000000000000001
1631,0,0.11615375762621567,0.1203091185352453,0.018983769855700487,-0.0051623734526517282,995.99530381054865,-2002.3480947256758,0.10000000000000001
1632,0,0.12798472643429193,0.12219803733005544,-0.0070611976256321138,0.0085428519054208604,1002.3388206747384,1169.410337369186,0.10000000000000001
1633,0,0.12796012348974703,0.12287852309552931,-0.0087590211938238325,0.011880129601443468,1002.3256631155451,1162.831557772563,0.10000000000000001
1634,0,0.15177007276295773,0.12025909681583662,0.061145933706547466,0.0029950845929844756,999.52900402401769,-235.49798799115251,0.10000000000000001
1635,0,0.15179308792137811,0.12002432446858037,0.061059942688522807,0.0032429449613829535,999.5363649494609,-231.81752526954824,0.10000000000000001
1636,0,0.16666722261472836,0.12035682963280557,0.056011605650734042,-0.0024061888942600489,999.07789893226595,-461.05053386702366,0.10000000000000001
1637,0,0.17507323237671499,0.12003215379904693,0.065690193067494185,-0.0030933327670985039,998.8424879247483,-578.75603762585115,0.10000000000000001
1638,0,0.18636202806212232,0.1199008734265294,0.070036381514976473,-0.0027620015674302881,997.91470423832402,-1042.6478808379898,0.10000000000000001
1639,0,0.19569734069478889,0.11999775906024661,0.076735604364104218,0.0013891289662647918,997.9309438640795,-1034.5280679602524,0.10000000000000001
1640,0,0.20661830455026611,0.11994484617199305,0.072844167126141376,-0.00039385327772685486,997.67600271614526,-1161.9986419273687,0.10000000000000001
1641,0,0.21600898156190979,0.11991672736868965,0.092450495671132171,-0.0020932612705157117,997.48018768644226,-1259.9061567788681,0.10000000000000001
1642,0,0.2268820057595555,0.11986790297887492,0.083318897372126749,-0.0012462040956978757,997.12959294929351,-1435.2035253532449,0.10000000000000001
1643,0,0.2363250867749504,0.11995501330247313,0.093287489820177802,-0.0026023436447386943,997.72527696570887,-1137.361517145564,0.10000000000000001
1644,0,0.24705993778959834,0.11988018903492409,0.090320265620359982,-0.0045199516158037183,996.43209422954226,-1783.9528852288709,0.10000000000000001
1645,0,0.25664067679203645,0.11994683578790676,0.071603159349101719,-0.0064077444805355124,997.80333783065134,-1098.3310846743279,0.10000000000000001
1646,0,0.26719993158952099,0.11989386916570942,0.079746436286495692,-0.0090941512269406537,996.17075328365661,-1914.6233581716956,0.10000000000000001
1647,0,0.27692891198546127,0.11992669172316511,0.068523666726640273,-0.0056558142658483107,997.09945629674883,-1450.2718516255868,0.10000000000000001
1648,0,0.28734442595733967,0.11992449824858202,0.065178554067639935,-0.0064777115232753412,996.56784861507606,-1716.0756924619704,0.10000000000000001
1649,0,0.29716824255829893,0.11994380645733742,0.06644475236151004,-0.0085809492071654177,997.43411390355936,-1282.9430482203179,0.10000000000000001
1650,0,0.30746635316951926,0.11993462020662872,0.064679592849399392,-0.0064430440985932414,997.21827457991458,-1390.8627100427111,0.10000000000000001
1651,0,0.31737621715130426,0.11995042482177308,0.065190371873367209,-0.0036969128854640386,998.06946406818747,-965.26796590626418,0.10000000000000001
1652,0,0.32756326959244902,0.11995257429858522,0.069070999525322502,-0.0020381739691276071,997.52911657541756,-1235.4417122912196,0.10000000000000001
1653,0,0.33755827116832182,0.11995593632833897,0.062493808613529621,-0.00095782999133196183,998.09930349430101,-950.3482528494942,0.10000000000000001
1654,0,0.34766248971582114,0.11996558730969489,0.062348879769794183,-0.0027769271093016222,997.64906684907851,-1175.4665754607458,0.10000000000000001
1655,0,0.35771188927790831,0.11995743313984723,0.055075190049241315,-0.0021958707733658305,997.81879943723868,-1090.6002813806595,0.10000000000000001
1656,0,0.36777664284078676,0.11997030989292531,0.057585055908701624,-0.0011119283222516185,997.28410887673806,-1357.9455616309701,0.10000000000000001
1657,0,0.37786171430736204,0.11996683146603009,0.049176589723456621,-0.0022425225130617743,997.28208828158631,-1358.9558592068443,0.10000000000000001
1658,0,0.38790829049294651,0.11997315265041787,0.045304490601720135,-0.0014271368519464885,997.11063232991694,-1444.6838350415305,0.10000000000000001
1659,0,0.39800314729638792,0.11997296292662658,0.045580044880582087,8.2720426348811474e-05,996.69494190407659,-1652.529047961707,0.10000000000000001
1660,0,0.40806465134790953,0.11997467035893047,0.039870958136350547,0.0013494980777981674,996.80869146985356,-1595.6542650732217,0.10000000000000001
1661,0,0.41814953277269529,0.11997742097375608,0.042816417759896051,0.0027886266752135892,996.8286630517091,-1585.6684741454501,0.10000000000000001
1662,0,0.42821508041272999,0.11997580519735687,0.054466022537371553,0.003549392291175772,996.78013205658328,-1609.9339717083581,0.10000000000000001
1663,0,0.43830284120378499,0.11997859499005091,0.058249813762472985,0.0032627486983211849,997.19859603393002,-1400.7019830349918,0.10000000000000001
1664,0,0.4483556310957636,0.11997863498913121,0.062406973265601684,0.0027663679990057358,997.75042623235845,-1124.7868838207751,0.10000000000000001
1665,0,0.45842290184200385,0.11997981681390747,0.071828082001248475,0.0017505051869741238,997.69578796448729,-1152.1060177563527,0.10000000000000001
1666,0,0.46848454706552439,0.11998158089777913,0.072983712874785056,0.00089896793941281368,997.61231049988612,-1193.8447500569396,0.10000000000000001
1667,0,0.47854498364652442,0.11998287312866086,0.066015540320301935,0.0011838383298033732,997.51660094452382,-1241.699527738092,0.10000000000000001
1668,0,0.48860859809495838,0.11998381063300464,0.057638811981631524,0.0023693382933904173,997.37896664298523,-1310.5166785073834,0.10000000000000001
1669,0,0.4986716157142545,0.11998427017380173,0.054415520278057287,0.0043080419608798604,997.14734903797648,-1426.3254810117587,0.10000000000000001
1670,0,0.5087462293676599,0.11998275408861413,0.054848499811474424,0.0064909809601992226,997.05939473758497,-1470.3026312075167,0.10000000000000001
1671,0,0.51881413916333474,0.1199800982028708,0.058666955004660216,0.0082218472648736603,997.23018289849642,-1384.9085507517884,0.10000000000000001
1672,0,0.52888684703245181,0.11997619121412752,0.064487232911945247,0.0090330984151300257,997.5535893773075,-1223.2053113462484,0.10000000000000001
1673,0,0.53895104262520765,0.11997173213547234,0.072538823352784956,0.0085328323161004398,997.8560082839258,-1071.9958580370985,0.10000000000000001
1674,0,0.54901637398706493,0.11996860473144307,0.082444461443789779,0.0063522966870370023,997.86357291687102,-1068.2135415644893,0.10000000000000001
1675,0,0.55908401161143984,0.11996594096263591,0.085740122859237142,0.0031019194636652016,997.85934023277491,-1070.3298836125441,0.10000000000000001
1676,0,0.56914764962979858,0.11996508135383682,0.082600879908126659,2.3124268034348566e-05,997.93698585630011,-1031.5070718499442,0.10000000000000001
1677,0,0.57921175491434362,0.11996598300951913,0.081362983214144591,-0.0023387284813203633,997.84930239995242,-1075.3488000237894,0.10000000000000001
1678,0,0.589278859707554,0.11996776048002579,0.082693102547163708,-0.0038626222350181131,997.64664158041649,-1176.6792097917573,0.10000000000000001
1679,0,0.59934924860916228,0.11996995797797723,0.081559270180202148,-0.0043249981117590005,997.62620407216832,-1186.8979639158397,0.10000000000000001
1680,0,0.60941446776741937,0.11997192956446519,0.079640807569881678,-0.0039484985140353143,997.74315758786463,-1128.421206067685,0.10000000000000001
1681,0,0.61947843291715254,0.11997388232972125,0.079890486872437147,-0.0036251300670618017,997.73532202086221,-1132.3389895688933,0.10000000000000001
1682,0,0.62954261975741965,0.11997513974073155,0.079536525075937156,-0.0038009333070403279,997.59463226953847,-1202.6838652307674,0.10000000000000001
1683,0,0.63960634723949039,0.11997584662564639,0.075426500262982046,-0.0041983703525518921,997.39649105873627,-1301.7544706318631,0.10000000000000001
1684,0,0.64967078915586118,0.11997672458449071,0.067851389668475551,-0.0045956450350611855,997.14347125844813,-1428.2643707759348,0.10000000000000001
1685,0,0.65973710099244598,0.11997753085249398,0.059314392132680326,-0.0049007140966377599,996.78498508625046,-1607.5074568747709,0.10000000000000001
1686,0,0.66980852038527749,0.11997812438589356,0.050749733937686191,-0.0047749450109320643,996.36575925420721,-1817.1203728963974,0.10000000000000001
1687,0,0.67988457759883869,0.119978414858061,0.042370599204946943,-0.0038667391979911787,996.00192535344115,-1999.0373232794241,0.10000000000000001
1688,0,0.68996487123118122,0.11997829581309405,0.035643933569358924,-0.0023538439348999999,995.74612746279456,-2126.9362686027193,0.10000000000000001
1689,0,0.70004814828990847,0.11997770986632315,0.032523182769242966,-0.00064087186291617233,995.5952950088049,-2202.3524955975518,0.10000000000000001
1690,0,0.71013406740024421,0.11997659319777729,0.033097292807678438,0.0010180044044145909,995.55949963731814,-2220.2501813409299,0.10000000000000001
1691,0,0.72022076116719658,0.11997526356317277,0.035382431659635061,0.0023466381150721869,995.68971349282276,-2155.1432535886192,0.10000000000000001
1692,0,0.73030523261644231,0.11997394693350673,0.038464007377914784,0.0032158453973018843,995.93714655380609,-2031.4267230969563,0.10000000000000001
1693,0,0.74038772668491382,0.11997272161909413,0.041895669712251934,0.0037421074018847934,996.17637772376565,-1911.811138117173,0.10000000000000001
1694,0,0.75046840609666465,0.11997191526183736,0.044070150208210201,0.0039792126001652467,996.34108253657064,-1829.4587317146807,0.10000000000000001
1695,0,0.7605482104487169,0.11997135739506649,0.043323292181468596,0.0040004032829532412,996.43507260028912,-1782.4636998554411,0.10000000000000001
1696,0,0.77062726240339707,0.11997078430066396,0.040334744748268689,0.0039871544600084009,996.45829249327574,-1770.8537533621325,0.10000000000000001
1697,0,0.78070659660580177,0.11997039950186772,0.037838682459026295,0.003790708015262437,996.37367645921665,-1813.1617703916731,0.10000000000000001
1698,0,0.79078842208308908,0.11996995534226455,0.037026670451029635,0.0030151328397557023,996.23563171433511,-1882.1841428324433,0.10000000000000001
1699,0,0.80087166495404538,0.11996917239930603,0.037795250908590143,0.0016490435685252384,996.15875387030894,-1920.6230648455289,0.10000000000000001
1700,0,0.81095506421228969,0.11996840486527686,0.040295658341112324,-5.0406650318162444e-05,996.16562526897781,-1917.1873655110971,0.10000000000000001
1701,0,0.82103785095518278,0.11996804425328669,0.044375429027146654,-0.001997458536035732,996.19993682930965,-1900.0315853451752,0.10000000000000001
1702,0,0.83112005837496472,0.1199681558006403,0.04878789397766789,-0.0040022975544450629,996.21815955868567,-1890.9202206571649,0.10000000000000001
1703,0,0.84120196917584356,0.11996866089452432,0.050953272540720025,-0.0054273953701700784,996.24356949456194,-1878.2152527190306,0.10000000000000001
1704,0,0.85128233947504994,0.11996974585395555,0.050012098062713409,-0.0056596019277944205,996.28178112229307,-1859.1094388534657,0.10000000000000001
1705,0,0.86136199831302063,0.11997146291933608,0.048119524920397214,-0.0046984047976301284,996.30389934302741,-1848.0503284862948,0.10000000000000001
1706,0,0.87144181047664071,0.11997327101114857,0.047060123818174295,-0.0029047983994055777,996.34410240377247,-1827.9487981137663,0.10000000000000001
1707,0,0.88152065472595298,0.11997477211092168,0.047048421470719221,-0.00059008721641864775,996.46201735956322,-1768.9913202183902,0.10000000000000001
1708,0,0.89159778547477264,0.11997595111505401,0.048375884204051173,0.0017749040837744495,996.69046735798599,-1654.7663210070027,0.10000000000000001
1709,0,0.90167155620390949,0.11997677627097662,0.051715061887917871,0.0034461401154204595,996.99578666892251,-1502.1066655387472,0.10000000000000001
1710,0,0.9117412430503814,0.11997722288259458,0.055697631005727347,0.0039292698820178719,997.2806958679796,-1359.6520660101987,0.10000000000000001
1711,0,0.92180777173789075,0.11997734205430929,0.056703787681463252,0.0033597601407111032,997.52402604268514,-1237.9869786574318,0.10000000000000001
1712,0,0.93187057183629052,0.1199773717690021,0.053332838723769441,0.0021477213126538212,997.74525000436756,-1127.3749978162186,0.10000000000000001
1713,0,0.9419299904820968,0.1199775697475715,0.047138167449990331,0.00064524040599083952,997.88170797105067,-1059.1460144746634,0.10000000000000001
1714,0,0.95198859005683678,0.11997780746472406,0.039417694924816955,-0.00066251103398147395,997.91329910182742,-1043.3504490862902,0.10000000000000001
1715,0,0.96204755507885598,0.11997793395568544,0.031881093077194007,-0.0012943644783087191,997.92578643071465,-1037.106784642674,0.10000000000000001
1716,0,0.97210670510302255,0.1199781633024606,0.027920329016818252,-0.0012531073525039785,997.96144717017796,-1019.2764149110189,0.10000000000000001
1717,0,0.98216653865985848,0.11997852216578951,0.030041371196906207,-0.00086036589981153429,997.98849176941371,-1005.7541152931435,0.10000000000000001
1718,0,0.99222741468606124,0.11997874673292724,0.037575084742533633,-0.00039585647403441013,997.99413931673951,-1002.9303416302469,0.10000000000000001
1719,0,1.0022887746256333,0.11997895879550712,0.047835612551690117,-0.00017837141909294124,997.99492613937127,-1002.5369303143634,0.10000000000000001
1720,0,1.0123499929990758,0.11997938401069626,0.058144987700688197,-0.00040264107108946626,997.99927328874287,-1000.3633556285649,0.10000000000000001
1721,0,1.0224104494202391,0.11997976583094112,0.065806135634012941,-0.00087240323802540841,997.99680621418645,-1001.5968929067753,0.10000000000000001
1722,0,1.0324696278111176,0.11997996836418934,0.068099508329653446,-0.0012726004703896504,997.96936246701375,-1015.3187664931238,0.10000000000000001
1723,0,1.0425279584328238,0.11998024500512383,0.064332004190106609,-0.0013206044564391603,997.92966550553194,-1035.1672472340283,0.10000000000000001
1724,0,1.0525859870918273,0.11998055846917594,0.056978015675486778,-0.00068783291455431963,997.9101804816579,-1044.9097591710483,0.10000000000000001
1725,0,1.0626435749693424,0.11998070025096647,0.049381241939599425,0.00062895113009464533,997.86913930652941,-1065.4303467352975,0.10000000000000001
1726,0,1.0727019610265978,0.11998083940172458,0.043226775352269549,0.0021511103821809418,997.72270485107265,-1138.6475744636755,0.10000000000000001
1727,0,1.0827637156684069,0.11998111974434875,0.039826566180019354,0.0034012407123156152,997.49356174197032,-1253.2191290148376,0.10000000000000001
1728,0,1.0928291520160083,0.11998129839253928,0.040737296351594864,0.0040265805431527251,997.24485189029929,-1377.5740548503563,0.10000000000000001
1729,0,1.1028976913953559,0.11998115805536336,0.044553698862485336,0.0036078980690914344,996.95697589329734,-1521.51205335133,0.10000000000000001
1730,0,1.1129702340358143,0.1199806689379468,0.047686913833260743,0.0020044004981272243,996.65197159256866,-1674.0142037156716,0.10000000000000001
1731,0,1.123045990938272,0.11997986377146337,0.048799655880273338,-0.00029383635108412809,996.42675626512892,-1786.6218674355423,0.10000000000000001
1732,0,1.1331232823134014,0.11997876487153095,0.048567762918233386,-0.0025553819455011039,996.31364924241529,-1843.1753787923526,0.10000000000000001
1733,0,1.1432013385303412,0.11997737288378015,0.04728795498788569,-0.0043231099866403427,996.27915261205158,-1860.4236939742123,0.10000000000000001
1734,0,1.1532790215484685,0.11997606461720424,0.045188056565907887,-0.005288227873229915,996.26305337428937,-1868.4733128553148,0.10000000000000001
1735,0,1.1633572194401107,0.11997534230464998,0.044069315501238465,-0.0050865925670909289,996.23082026814302,-1884.5898659284899,0.10000000000000001
1736,0,1.1734367817452802,0.11997511486271682,0.046092621061298966,-0.0037200245647577091,996.21086360534946,-1894.5681973252704,0.10000000000000001
1737,0,1.183516512143437,0.11997517817815982,0.050385545620658133,-0.0017986549589033476,996.19675910815408,-1901.6204459229584,0.10000000000000001
1738,0,1.1935967650479191,0.11997560506596985,0.054362046511689882,5.6694833348109442e-05,996.1656488497905,-1917.1755751047499,0.10000000000000001
1739,0,1.2036776149694328,0.11997632744444964,0.056767937571458781,0.0016728976903613102,996.16234950598175,-1918.8252470091243,0.10000000000000001
1740,0,1.2137583206584532,0.11997696577601648,0.057415608035772302,0.002970058651461549,996.24409898197553,-1877.950509012237,0.10000000000000001
1741,0,1.2238376309215409,0.11997719765800048,0.056409833937658617,0.0036996417195044049,996.3892608085805,-1805.3695957097489,0.10000000000000001
1742,0,1.2339144670679381,0.11997733407091493,0.053624593471690782,0.0038890734918957904,996.48483226846531,-1757.5838657673444,0.10000000000000001
1743,0,1.243990997133825,0.11997764397013436,0.050246929070350374,0.0039388885277755505,996.4772193917596,-1761.3903041201979,0.10000000000000001
1744,0,1.2540682115218638,0.11997795725730973,0.049016236265481815,0.0039894065965091078,996.40275009217657,-1798.6249539117125,0.10000000000000001
1745,0,1.264146211316197,0.11997857548871983,0.050659148673601558,0.00385558616200018,996.26055466079799,-1869.7226696010034,0.10000000000000001
1746,0,1.2742258718380961,0.11997967713506945,0.053560481746737824,0.0034570904559740813,996.04393345276196,-1978.0332736190189,0.10000000000000001
1747,0,1.2843073785075974,0.11998093344056769,0.05615775293980859,0.0027154575585602424,995.81585151265836,-2092.0742436708224,0.10000000000000001
1748,0,1.2943910419026226,0.11998227115490064,0.058107128749641607,0.0014921796057346117,995.70141469700752,-2149.2926514962392,0.10000000000000001
1749,0,1.304473829807473,0.1199834408921706,0.058537247609708437,-9.4176569113194872e-05,995.74676163286529,-2126.6191835673567,0.10000000000000001
1750,0,1.3145539669216528,0.11998408760619624,0.055428100710046287,-0.0017811403770526073,995.89714567875717,-2051.4271606214152,0.10000000000000001
1751,0,1.3246312874517663,0.11998424814267392,0.048934881873387008,-0.0033251760298049393,996.14550805287752,-1927.2459735612415,0.10000000000000001
1752,0,1.3347045245367986,0.11998395604940053,0.04104208279171874,-0.004315431317920412,996.49670003630399,-1751.6499818480042,0.10000000000000001
1753,0,1.3447733169479985,0.11998330763953315,0.03306791638972071,-0.0045500175499278593,996.89394877768279,-1553.0256111586027,0.10000000000000001
1754,0,1.3548374318168315,0.11998236804684909,0.025200621787801827,-0.0043586259369538536,997.22565408993921,-1387.172955030394,0.10000000000000001
1755,0,1.3649000697220985,0.11998127837329706,0.018428155227707747,-0.0040684722547864299,997.45486582590195,-1272.5670870490262,0.10000000000000001
1756,0,1.3749622399096355,0.11998033901491821,0.015010156954948841,-0.0037358956047524572,997.627700591657,-1186.1497041714983,0.10000000000000001
1757,0,1.3850252913134651,0.11997882460307087,0.015068995556864308,-0.003547897740152775,997.74425705413375,-1127.8714729331227,0.10000000000000001
1758,0,1.3950884848622704,0.11997660518162814,0.015590369679930632,-0.0038013643289037933,997.74316797964423,-1128.4160101778866,0.10000000000000001
1759,0,1.40515288418708,0.11997445377925924,0.01363172859857361,-0.0040608017016495563,997.62843127231781,-1185.7843638410941,0.10000000000000001
1760,0,1.415222404341915,0.11997217228806442,0.011921040881433866,-0.0034178956530778182,997.6552663329212,-1172.3668335393995,0.10000000000000001
1761,0,1.4252886906829685,0.11997037069396647,0.012475783481331359,-0.0017074647279024767,997.8813648664667,-1059.3175667666515,0.10000000000000001
1762,0,1.435351483155286,0.11996954122543328,0.010387225269429003,0.00076204253859899428,998.00327801473009,-998.36099263495726,0.10000000000000001
1763,0,1.4454133438153356,0.11997059194762459,0.0061252034062912178,0.0038800549154598364,997.9497998218834,-1025.1000890582986,0.10000000000000001
1764,0,1.4554792370930585,0.11997344152341256,0.0085184121530771251,0.0070996314454753184,997.97776346979231,-1011.1182651038462,0.10000000000000001
1765,0,1.4655424345494681,0.11997664252160629,0.018107324003405225,0.0090860321839005918,997.99065789003112,-1004.671054984442,0.10000000000000001
1766,0,1.4756042799171112,0.1199811199068444,0.026055788071826794,0.0092465017987360797,997.67803920022766,-1160.9803998861707,0.10000000000000001
1767,0,1.4856752819488754,0.1199849298551055,0.032299531387269625,0.0080825709657239946,997.32717471640922,-1336.4126417953912,0.10000000000000001
1768,0,1.4957419167606125,0.11998722414572224,0.037468678318257287,0.0060008022259943313,997.12757311018299,-1436.2134449085033,0.10000000000000001
1769,0,1.5058154429029726,0.11998818768242776,0.039365281154404387,0.0034619746765645254,997.15709903997538,-1421.4504800123109,0.10000000000000001
1770,0,1.5158786783276745,0.11998712726223612,0.03753312911258333,0.0013148089934688434,997.31877676946453,-1340.6116152677328,0.10000000000000001
1771,0,1.5259436266846773,0.11998553222334994,0.031134649850437904,0.00016733548441673376,997.42404971095186,-1287.9751445240686,0.10000000000000001
1772,0,1.5360051047430012,0.11998357762917396,0.025713148531528868,0.0001067117058866674,997.49087377234594,-1254.5631138270323,0.10000000000000001
1773,0,1.5460683490714298,0.11998132813903352,0.02700997422621542,0.0013658325955122144,997.53163344918801,-1234.1832754059965,0.10000000000000001
1774,0,1.5561384670163325,0.11997993703043899,0.036617990580099423,0.0029467704712994045,997.61073597853795,-1194.6320107310271,0.10000000000000001
1775,0,1.5661926667334878,0.11997991386492692,0.040865451802663225,0.0039820684973666852,997.12525978023393,-1437.3701098830338,0.10000000000000001
1776,0,1.5762801447951411,0.11997757781316862,0.04257996699611967,0.0047666265407107205,996.71321795805477,-1643.391020972615,0.10000000000000001
1777,0,1.5863473816317368,0.11997986916669616,0.052281180408925966,0.0044226414834477139,996.81280884012904,-1593.5955799354815,0.10000000000000001
1778,0,1.5964315251797863,0.11997751411267916,0.055008763672600013,0.0029083557294202365,996.90729148815387,-1546.3542559230632,0.10000000000000001
1779,0,1.6064892524213461,0.11997670847020558,0.046973962422651984,0.0011600321655932987,996.77227631584867,-1613.8618420756643,0.10000000000000001
1780,0,1.6165836325748244,0.1199773512326081,0.044942952666517787,-0.00092238397902979954,997.15312432479561,-1423.4378376021937,0.10000000000000001
1781,0,1.6266291231305627,0.11997070123645844,0.043056887326345585,-0.0027431625668719083,997.42032632889652,-1289.8368355517391,0.10000000000000001
1782,0,1.6367090438188419,0.11997399195117028,0.035146483642237415,-0.0029562680986955454,997.36025992354894,-1319.8700382255311,0.10000000000000001
1783,0,1.646772315502433,0.11996018139440262,0.035938857667799841,-0.0049679522351537804,997.71188740481296,-1144.0562975935222,0.10000000000000001
1784,0,1.6568253119692209,0.11996697663330569,0.032319083026003163,-0.0061830571980664786,997.59401623616566,-1202.9918819171712,0.10000000000000001
1785,0,1.6669261113594172,0.1199549024807546,0.035810169332764291,-0.0053738623936662256,998.04813647142407,-975.93176428796369,0.10000000000000001
1786,0,1.6769222178847776,0.11995095881521095,0.027379915214000239,-0.0065843206554851239,997.28997408652708,-1355.0129567364593,0.10000000000000001
1787,0,1.6871159050679643,0.11994759793777771,0.033324382306063528,-0.0067385379415647699,997.91203117412795,-1043.9844129360267,0.10000000000000001
1788,0,1.6970248840368742,0.11992894102220579,0.037227846962385826,-0.0086747023808338933,997.20711008954345,-1396.4449552282758,0.10000000000000001
1789,0,1.7073222720673953,0.11993823305536735,0.030068811420281318,-0.01091406076549079,997.28817018342352,-1355.9149082882413,0.10000000000000001
1790,0,1.7171551825916405,0.11992092933556953,0.029583689593770779,-0.0069180631481440104,996.62209517630572,-1688.95241184714,0.10000000000000001
1791,0,1.7275641843124474,0.11992422856338011,0.028717175336762567,-0.0030106179884765551,997.49331531259816,-1253.3423437009219,0.10000000000000001
1792,0,1.7372883776464787,0.11989250178976284,0.010066350848546559,-0.0061055760134930189,996.45815271652975,-1770.9236417351235,0.10000000000000001
1793,0,1.7478456415635699,0.11994863437601229,0.012691740565049349,-0.0040609043593650878,998.12635698765143,-936.82150617428306,0.10000000000000001
1794,0,1.7574249603140624,0.1198853228315921,-0.0015073652025152772,-0.001096640622695057,997.16786609081601,-1416.0669545919973,0.10000000000000001
1795,0,1.7681362822143352,0.11996010870568841,-0.0066351329398724838,0.0017728386993615263,998.35580632573465,-822.09683713267623,0.10000000000000001
1796,0,1.7775820877472392,0.11987396438232721,-0.00044608322825121394,0.0016768688120688206,997.56409278546812,-1217.9536072659403,0.10000000000000001
1797,0,1.788434961292158,0.11992546939437046,-0.0038884338588766653,-0.00073931411762475469,997.94720202308133,-1026.3989884593343,0.10000000000000001
1798,0,1.7978207403030417,0.11995868243917454,0.018576683013562263,0.0025965883282021898,998.01386644279523,-993.06677860238324,0.10000000000000001
1799,0,1.8087250708627121,0.12000749576790525,0.011709636936698466,0.0057389897329793394,997.92971868173368,-1035.1406591331624,0.10000000000000001
1800,0,1.81805979141809,0.11990566671866426,0.024743060378344853,0.00087980487205194518,998.01435460304572,-992.82269847714133,0.10000000000000001
1801,0,1.829346098276273,0.1200415451492696,0.03541868216170202,0.0022515165897111816,999.07747960401855,-461.26019799072537,0.10000000000000001
1802,0,1.8377522694509181,0.12035578847895417,0.035975006989473472,0.0048185538420884499,998.80681750639894,-596.59124680052855,0.10000000000000001
1803,0,1.8526371277012084,0.12001136676397009,0.040475058239510531,0.0058039589388415415,999.72913201802101,-135.43399098949749,0.10000000000000001
1804,0,1.8526601754102199,0.1202453722760935,0.040282071650693536,0.0057959196570958908,999.71767402668672,-141.16298665663862,0.10000000000000001
1805,0,1.8764726072694431,0.12290184331933938,0.10046490231672203,0.014085916492463119,1002.6206837215411,1310.3418607705635,0.10000000000000001
1806,0,1.8764473168989864,0.1222248358257217,0.098975747069522321,0.0098751349883747994,1002.6144877909226,1307.2438954612835,0.10000000000000001
1807,0,1.8882447475420863,0.12031082906552275,0.072124938877757214,-0.0037705308758608043,995.40197435742857,-2299.0128212857144,0.10000000000000001
1808,0,1.9049835212304607,0.11767560527973546,0.10708263072905048,-5.7492825371104089e-06,1001.1228644011758,561.43220058788756,0.10000000000000001
1809,0,1.9050210917345403,0.11839676085392918,0.10743041794090409,0.00094005718723496592,1001.160645532904,580.32276645201364,0.10000000000000001
1810,0,0.099676814682320883,0.12937514741326747,-0.0088475179462065481,-0.010926261599752596,1001.1474282199199,573.7141099599512,0.10000000000000001
1811,0,0.099637250293283922,0.12639057179732149,-0.012145266602606029,-0.0090588839835052774,1001.423991959658,711.99597982899832,0.10000000000000001
1812,0,0.11456052730887796,0.1320029874879709,0.010878469598103541,-0.028193442458722556,997.51588868519354,-1242.0556574032275,0.10000000000000001
1813,0,0.12726659125687959,0.13424937334681375,-0.0020811614774206314,0.02400901621336592,1000.1754203259829,87.710162991470497,0.10000000000000001
1814,0,0.12735153014484762,0.13385851440638438,-0.0033980241175050815,0.023914370950266734,1000.1682799482813,84.139974140668983,0.10000000000000001
1815,0,0.15040822262528694,0.13069211115669344,0.061892885301368709,-0.0011546747204927582,999.44719404864941,-276.40297567529615,0.10000000000000001
1816,0,0.15045972518417391,0.13027062373246537,0.061915113657601696,-0.00048907961790116601,999.44920371533317,-275.39814233341531,0.10000000000000001
1817,0,0.16595234878737028,0.12978255864764499,0.058261139491848343,-0.0056439052790989153,998.44112576709506,-779.43711645247049,0.10000000000000001
1818,0,0.17472260784527693,0.12968409004659406,0.071571367262518504,-0.00055817880381111651,998.390993284704,-804.50335764800229,0.10000000000000001
1819,0,0.18640391860636407,0.12974325863516897,0.070840017784163489,-0.002585563067777138,997.37472826501084,-1312.6358674945777,0.10000000000000001
1820,0,0.19566102582051348,0.12971123209531887,0.084933983598700108,-0.0024351348481346808,997.33433737417693,-1332.8313129115372,0.10000000000000001
1821,0,0.20678609693247468,0.1297902955333318,0.07324557147022609,0.0036255577813072521,997.47343591075787,-1263.2820446210644,0.10000000000000001
1822,0,0.21608624891248721,0.1298286017693997,0.092294580346905714,0.0012298916665425808,997.73606219992087,-1131.968900039567,0.10000000000000001
1823,0,0.22712499145184326,0.12983633267972147,0.0844882536963798,-0.0018845498503910483,996.87954875028356,-1560.2256248582194,0.10000000000000001
1824,0,0.23641927177768376,0.12984597739246562,0.093274200660559137,-0.002760731117810404,997.6735548729755,-1163.2225635122495,0.10000000000000001
1825,0,0.24729507284502844,0.12985519174268864,0.088414115363444873,-0.0062864051598982892,996.03575382156987,-1982.1230892150652,0.10000000000000001
1826,0,0.25677253517929499,0.12987612986958535,0.069301834914505728,-0.009697097926693779,997.83617539716965,-1081.9123014151728,0.10000000000000001
1827,0,0.26738115630625153,0.12985955969265769,0.083101346668304168,-0.010018370396522014,995.75430941613115,-2122.8452919344249,0.10000000000000001
1828,0,0.27708853211846984,0.12988966663028539,0.071788795591077745,-0.0079424433105725247,996.95078485162537,-1524.6075741873142,0.10000000000000001
1829,0,0.28748488667626138,0.12990291536316173,0.064614914788166875,-0.007580264524660256,996.7405713217637,-1629.7143391181521,0.10000000000000001
1830,0,0.29731697459271744,0.12991347298085529,0.068352552256909033,-0.0067277224677395756,997.73883066040366,-1130.5846697981679,0.10000000000000001
1831,0,0.3075792684011201,0.12992626633392165,0.06929779716701702,-0.0043952746227499803,997.40622358376652,-1296.8882081167408,0.10000000000000001
1832,0,0.31751178678942837,0.12993020400588715,0.067403870396776339,-0.0028302901261947826,998.32579107452068,-837.10446273965999,0.10000000000000001
1833,0,0.32765403103926011,0.12994379916055854,0.071806697018939089,-0.0027311797353660105,997.78653742015865,-1106.731289920674,0.10000000000000001
1834,0,0.3376775243986217,0.12994537997515535,0.063295587963246983,-0.0027529053922230968,998.31229119891987,-843.85440054006722,0.10000000000000001
1835,0,0.34774295593813986,0.1299555957557994,0.062921045317203092,-0.002629768334079405,997.95917647397812,-1020.4117630109408,0.10000000000000001
1836,0,0.35780948969440513,0.12995566706044151,0.058220226734265593,-0.0015303145845962849,997.88213403508769,-1058.932982456156,0.10000000000000001
1837,0,0.36785601326663903,0.12996255560477343,0.058062206812103105,-0.00071920097546874107,997.47421479072341,-1262.8926046382958,0.10000000000000001
1838,0,0.37794020913112314,0.12996065419589586,0.050413709221871369,-0.00051150746342904624,997.3432147476816,-1328.3926261592001,0.10000000000000001
1839,0,0.38798442466326044,0.12996342419780793,0.047464850740025231,0.00078707305152027167,997.08077537009945,-1459.6123149502773,0.10000000000000001
1840,0,0.3980722325526026,0.12996296533027046,0.046807920758558261,0.0011008018988904985,996.65729350700519,-1671.3532464974037,0.10000000000000001
1841,0,0.40813702550918424,0.12996463453795057,0.04086800688115446,0.00076239449273856296,996.77413551664017,-1612.9322416799141,0.10000000000000001
1842,0,0.4182124794014393,0.12996637784002002,0.044048742140683335,0.00046405335379244464,996.81942036938574,-1590.2898153071305,0.10000000000000001
1843,0,0.42828253075377859,0.129967850301931,0.054940668797814944,-8.9885612868083754e-05,996.84894375986096,-1575.5281200695208,0.10000000000000001
1844,0,0.43836389455250896,0.12997052321221025,0.05953919701506083,0.00040060963976348851,997.33968064081944,-1330.159679590281,0.10000000000000001
1845,0,0.44841763008761759,0.12997199938780021,0.063965658015106078,0.002487392858762883,997.93735893824794,-1031.3205308760303,0.10000000000000001
1846,0,0.4584821784829573,0.12997530689189704,0.072509616108364539,0.004048218092692059,997.98554587531828,-1007.2270623408599,0.10000000000000001
1847,0,0.46854136989234441,0.1299757294429211,0.074285607291752612,0.0050723898268362497,997.89678560236757,-1051.6071988162139,0.10000000000000001
1848,0,0.47860071806335819,0.12997622317465862,0.067749209615987599,0.0064439247880081615,997.77780558712914,-1111.0972064354314,0.10000000000000001
1849,0,0.48866167688816958,0.12997604736758567,0.059462109200965022,0.0075255724584311467,997.61004134241409,-1194.9793287929538,0.10000000000000001
1850,0,0.49872277656829767,0.12997512091437241,0.056159680433313069,0.0079298446293956451,997.3254116572424,-1337.2941713788009,0.10000000000000001
1851,0,0.50879453504581096,0.12997315962356593,0.056545888448756,0.0080539568229225245,997.15907278163206,-1420.4636091839689,0.10000000000000001
1852,0,0.51886105633060953,0.12997074711324352,0.059907931477501952,0.0082176393144508895,997.23406054189411,-1382.9697290529452,0.10000000000000001
1853,0,0.52893135771137556,0.12996828882920902,0.064861226177836087,0.0079374118703364159,997.46327168017081,-1268.3641599145972,0.10000000000000001
1854,0,0.53899522899825325,0.12996534443067562,0.071859073733591558,0.0070276301744327165,997.67177749706991,-1164.1112514650445,0.10000000000000001
1855,0,0.54905946308820808,0.12996263994199347,0.080591050090550911,0.0054377599322810418,997.61406644192982,-1192.9667790350891,0.10000000000000001
1856,0,0.55912697670942291,0.1299599240512857,0.083554306016950561,0.0033556248623604098,997.54595714043433,-1227.0214297828375,0.10000000000000001
1857,0,0.56919127397695701,0.12995839763943115,0.080703830514385524,0.0012930836822603548,997.58151846137253,-1209.2407693137375,0.10000000000000001
1858,0,0.57925522024985421,0.1299579577136083,0.0796314042904811,-0.00087081924719793671,997.50520239789398,-1247.3988010530093,0.10000000000000001
1859,0,0.5893225797816648,0.12995883513227952,0.08120954449930351,-0.0034016524985546206,997.35151753353614,-1324.2412332319304,0.10000000000000001
1860,0,0.59939169649332247,0.12996058309000941,0.080902398610084525,-0.0057309987607880647,997.38254490521604,-1308.7275473919817,0.10000000000000001
1861,0,0.60945642254393018,0.12996278781567985,0.079672731917612913,-0.0071167622520806328,997.56451241790091,-1217.7437910495428,0.10000000000000001
1862,0,0.61951953845186103,0.12996618797516418,0.079980236642901339,-0.0076729050328171186,997.66385566814165,-1168.0721659291748,0.10000000000000001
1863,0,0.62958166018701067,0.12996944754798989,0.079785524682483983,-0.007592132976741852,997.63226337886408,-1183.8683105679593,0.10000000000000001
1864,0,0.63964412867376719,0.12997206201212658,0.076058754057583416,-0.0067251881034691412,997.52449108502879,-1237.7544574856074,0.10000000000000001
1865,0,0.64970703387236406,0.12997420986232402,0.068668559553245356,-0.0053159095759899508,997.35550832068873,-1322.2458396556362,0.10000000000000001
1866,0,0.65977151659710731,0.12997530711557911,0.06015331383473186,-0.0039255218800071387,997.06323899227993,-1468.3805038600326,0.10000000000000001
1867,0,0.66984123442553745,0.12997548699160438,0.051827663669117313,-0.0028157234978899311,996.66866739031616,-1665.6663048419205,0.10000000000000001
1868,0,0.67991563850840675,0.12997508929961704,0.043797507844758783,-0.001899884090864123,996.28985296782207,-1855.0735160889644,0.10000000000000001
1869,0,0.68999447885576937,0.12997441333803383,0.037210373417916345,-0.0010842436666739688,996.00233852076713,-1998.8307396164373,0.10000000000000001
1870,0,0.70007614569354359,0.12997368577470172,0.034199426472758865,-0.00021133333332474174,995.8044961842977,-2097.7519078511477,0.10000000000000001
1871,0,0.71016049206662624,0.12997272151435355,0.034904334018470075,0.0010250318249602358,995.70752350597093,-2146.2382470145371,0.10000000000000001
1872,0,0.72024589708812681,0.12997142838245893,0.037155486882724992,0.0027743842949427863,995.77650458089988,-2111.747709550059,0.10000000000000001
1873,0,0.73032899593938616,0.12996981859369083,0.040007310173845539,0.0048039952709678828,995.96668215377269,-2016.6589231136527,0.10000000000000001
1874,0,0.74041028032103073,0.12996778544432128,0.042943748825112038,0.0065514690739569906,996.15691659361437,-1921.5417031928155,0.10000000000000001
1875,0,0.75049000030954405,0.12996550035796389,0.044353483537381326,0.0073979419450436968,996.2892875022435,-1855.3562488782518,0.10000000000000001
1876,0,0.76056870282425726,0.12996323387324801,0.042912170841775538,0.007063785244418557,996.36197212948196,-1819.0139352590222,0.10000000000000001
1877,0,0.77064692753633768,0.12996134740689752,0.03944001728331422,0.0057288084564448569,996.37360357886882,-1813.1982105655879,0.10000000000000001
1878,0,0.78072558571739525,0.12996033992265504,0.036398321982332213,0.0036894876625172828,996.30459657647737,-1847.7017117613173,0.10000000000000001
1879,0,0.79080629329338825,0.12996014939495446,0.035110327253090608,0.001249033574569846,996.20350869824597,-1898.2456508770156,0.10000000000000001
1880,0,0.80088828851757887,0.12996038620213959,0.035845154696825726,-0.0010742585845048467,996.15596205024588,-1922.0189748770622,0.10000000000000001
1881,0,0.81097057101555514,0.12996084347822517,0.038574627688686455,-0.0027967023499264969,996.1805847292386,-1909.7076353806983,0.10000000000000001
1882,0,0.82105229729547546,0.12996136843141828,0.042811853157686146,-0.0038674678985201631,996.23257707296432,-1883.7114635178409,0.10000000000000001
1883,0,0.83113334488285417,0.12996183946580533,0.047475942507355672,-0.0045241351107483925,996.26030378874543,-1869.848105627284,0.10000000000000001
1884,0,0.84121415347393302,0.12996222743777572,0.050321415943659041,-0.0048467856811983913,996.27380469039258,-1863.0976548037097,0.10000000000000001
1885,0,0.85129383069507103,0.12996282503469608,0.050308259188816359,-0.0046799779129757134,996.29304892661503,-1853.4755366924855,0.10000000000000001
1886,0,0.86137275395070967,0.12996399253766847,0.049158504358666678,-0.0039601931935839968,996.31154289075664,-1844.2285546216795,0.10000000000000001
1887,0,0.87145143039510198,0.12996570676607139,0.048626272087538738,-0.002779020329193093,996.36097205931549,-1819.5139703422569,0.10000000000000001
1888,0,0.88152894890210787,0.12996777610893687,0.048997780710575554,-0.0011771474651837369,996.49131411159931,-1754.3429442003458,0.10000000000000001
1889,0,0.8916045272162022,0.12996988736912293,0.050285649351161234,0.00076491221786959723,996.73520983104106,-1632.3950844794695,0.10000000000000001
1890,0,0.90167654373846562,0.12997167719017316,0.052929616893620593,0.0026578694633071069,997.05985867785944,-1470.0706610702809,0.10000000000000001
1891,0,0.91174435788667907,0.12997295916599313,0.055875633627663263,0.0039374692223009839,997.36212553202995,-1318.9372339850252,0.10000000000000001
1892,0,0.9218090013739576,0.12997356436646443,0.055996447734946463,0.0043330732499939637,997.60596638866014,-1197.0168056699322,0.10000000000000001
1893,0,0.93187030922477587,0.12997358177566889,0.051948460613303604,0.0038988429933555901,997.81076553444643,-1094.617232776784,0.10000000000000001
1894,0,0.9419285889614345,0.12997350932429549,0.04529760837046333,0.0027267835100280619,997.93300381513609,-1033.4980924319552,0.10000000000000001
1895,0,0.9519859720795234,0.12997360606319916,0.037630983141280397,0.0010876020048265506,997.95017350216256,-1024.9132489187218,0.10000000000000001
1896,0,0.96204380633090858,0.12997387338427621,0.030543122475166645,-0.00052077781731776841,997.93728750172079,-1031.3562491396056,0.10000000000000001
1897,0,0.97210203353532532,0.12997450411972605,0.026980869214025142,-0.0017976175559260834,997.95587634090714,-1022.0618295464305,0.10000000000000001
1898,0,0.98216057006793056,0.12997543293693339,0.029393285593238477,-0.0026949518480061728,997.98181488731836,-1009.0925563408177,0.10000000000000001
1899,0,0.99221976463071981,0.12997617610185466,0.037129539112786145,-0.0031831050246642831,997.9810550387009,-1009.4724806495492,0.10000000000000001
1900,0,1.0022796548250625,0.12997658448330249,0.047388411655200427,-0.0033143813010706657,997.97563002337336,-1012.1849883133223,0.10000000000000001
1901,0,1.0123393914123096,0.1299767591782893,0.057698383857898473,-0.0031632744073444409,997.99025949593056,-1004.8702520347206,0.10000000000000001
1902,0,1.0223981447609434,0.12997656233936403,0.065565177193089894,-0.0026623994087466773,997.99697058819174,-1001.5147059041283,0.10000000000000001
1903,0,1.0324560047421185,0.12997612452577967,0.068154967217916348,-0.0017658782428393747,997.97191897542598,-1014.0405122870106,0.10000000000000001
1904,0,1.0425133834986335,0.12997591376999423,0.064797708531119866,-0.00050133042066794853,997.94859860343524,-1025.7006982823782,0.10000000000000001
1905,0,1.0525702568284112,0.1299759831197411,0.057905171925324905,0.0010911171370044282,997.95116112269511,-1024.4194386524441,0.10000000000000001
1906,0,1.0626266284744181,0.1299761468954769,0.050375847819875523,0.0027190664065960706,997.91923372578162,-1040.3831371091883,0.10000000000000001
1907,0,1.0726838998089969,0.12997641944654373,0.043788938881989661,0.0038970461708431026,997.78072102758472,-1109.6394862076409,0.10000000000000001
1908,0,1.0827442102140694,0.1299765572089441,0.039740074864013521,0.004366138033143124,997.56113922280213,-1219.430388598937,0.10000000000000001
1909,0,1.0928078445177274,0.12997608962376875,0.039788213256980197,0.0040359931031307573,997.30535056719543,-1347.3247164022837,0.10000000000000001
1910,0,1.1028746279695449,0.12997496474077655,0.042589151537430536,0.0028470612135631486,996.99511742545849,-1502.4412872707558,0.10000000000000001
1911,0,1.1129455526810483,0.12997338222397664,0.045046551599112937,0.00106116588860309,996.66801577631725,-1665.9921118413763,0.10000000000000001
1912,0,1.1230198976331975,0.12997154409099834,0.046125571476823057,-0.00077300093266646623,996.42690509702163,-1786.5474514891844,0.10000000000000001
1913,0,1.1330959909344289,0.12996980881551753,0.046264335812998825,-0.0022858684580674585,996.30309878809771,-1848.4506059511432,0.10000000000000001
1914,0,1.1431730167743261,0.12996846207514462,0.045488284959672137,-0.0034136906021005583,996.26301590569858,-1868.4920471507098,0.10000000000000001
1915,0,1.1532500355576605,0.1299676503041913,0.044104746611977927,-0.0041265016882975269,996.25547362005557,-1872.263189972216,0.10000000000000001
1916,0,1.1633275652762518,0.12996734400937873,0.043883936511060311,-0.0043370954426985896,996.24702007737517,-1876.4899613124157,0.10000000000000001
1917,0,1.1734060204389032,0.12996713836734664,0.046556764582750182,-0.0041079254666894971,996.24233827497449,-1878.830862512757,0.10000000000000001
1918,0,1.1834845739456084,0.12996671619263836,0.051086229833335786,-0.0035863569019757473,996.22023420931851,-1889.8828953407474,0.10000000000000001
1919,0,1.1935637374851866,0.1299660996913902,0.055229347646272894,-0.0026749494916779161,996.17061862917467,-1914.6906854126655,0.10000000000000001
1920,0,1.2036434424672058,0.12996541673159973,0.057889735883085228,-0.001114775037966736,996.14571080532221,-1927.144597338895,0.10000000000000001
1921,0,1.2137228891632068,0.12996483844210038,0.058540137563581271,0.0010629026811598845,996.19142973087787,-1904.2851345610643,0.10000000000000001
1922,0,1.2238010993413939,0.129964598758742,0.057111907779882079,0.0033940572150516226,996.29128980831285,-1854.3550958435731,0.10000000000000001
1923,0,1.2338773049545402,0.12996512410850436,0.053849330623312784,0.0053798571112756372,996.3622846200351,-1818.8576899824511,0.10000000000000001
1924,0,1.2439530735065845,0.12996651663993447,0.050052883918479313,0.0067297484071176484,996.35719921092868,-1821.4003945356581,0.10000000000000001
1925,0,1.2540292872940551,0.12996831580853316,0.048181176003998592,0.0071485888339005588,996.29612012144923,-1851.9399392753826,0.10000000000000001
1926,0,1.2641064513219258,0.12997019952410049,0.049104742481995492,0.0064466859433626742,996.18099643065125,-1909.5017846743758,0.10000000000000001
1927,0,1.2741850185342094,0.12997192179098463,0.051538569993778378,0.0048845975127726864,996.01118695691162,-1994.4065215441924,0.10000000000000001
1928,0,1.2842652639848546,0.129973316999514,0.053905865088894375,0.0030559438403989941,995.84134958922596,-2079.3252053870219,0.10000000000000001
1929,0,1.2943477262004099,0.1299744786549723,0.055795479647818974,0.0014912951016408098,995.79236585228011,-2103.8170738599433,0.10000000000000001
1930,0,1.3044289865341667,0.12997535967336407,0.056310751638291696,0.00038715123442900287,995.90565428273271,-2047.172858633644,0.10000000000000001
1931,0,1.3145075214931936,0.12997602436866806,0.053252123315024699,-0.00043093511428329601,996.11117990318985,-1944.410048405075,0.10000000000000001
1932,0,1.3245833474375217,0.12997662076244357,0.04683151778885436,-0.0012788947320009798,996.39922263025915,-1800.3886848704269,0.10000000000000001
1933,0,1.3346548605308814,0.1299768796899666,0.039230714802471894,-0.0023145003263226292,996.77201473603702,-1613.992631981489,0.10000000000000001
1934,0,1.3447218610069589,0.12997649151443769,0.03147030144613068,-0.0036090864544227491,997.1490304496798,-1425.4847751601005,0.10000000000000001
1935,0,1.3547840142159535,0.12997509276398697,0.023620992434472906,-0.0052139047224472549,997.41483703983533,-1292.5814800823332,0.10000000000000001
1936,0,1.3648450164850048,0.12997255329302679,0.017049894211050246,-0.0068383809225468946,997.55619975053253,-1221.900124733736,0.10000000000000001
1937,0,1.3749058703633406,0.12996950536220292,0.014081965279897487,-0.007878837442482016,997.63275922201035,-1183.6203889948251,0.10000000000000001
1938,0,1.384966784075162,0.12996578953331078,0.014388688414550561,-0.0080460176938987448,997.6316406365338,-1184.1796817330987,0.10000000000000001
1939,0,1.3950291304433988,0.1299619541660787,0.015037850069568693,-0.0074811454141296991,997.51282335788687,-1243.5883210565635,0.10000000000000001
1940,0,1.4050930924593712,0.12995938465054674,0.013844643035862884,-0.0060041094566771445,997.32427250556532,-1337.8637472173409,0.10000000000000001
1941,0,1.4151613890796788,0.12995737890863665,0.013018706321705042,-0.0035076579788912926,997.29341424967788,-1353.2928751610598,0.10000000000000001
1942,0,1.4252279997262274,0.12995638548636346,0.013794897513230158,-0.00077168351151212183,997.46666522936539,-1266.6673853173052,0.10000000000000001
1943,0,1.4352907179274901,0.12995683583007903,0.011802530138923411,0.0015681204652284704,997.57932781525187,-1210.3360923740638,0.10000000000000001
1944,0,1.4453532875956934,0.12995850041087303,0.0077645523953182834,0.0037482003697881881,997.57784108393878,-1211.0794580306106,0.10000000000000001
1945,0,1.4554189533707396,0.12996142493680851,0.0096782397213923815,0.0058560959592117521,997.68146795725215,-1159.2660213739236,0.10000000000000001
1946,0,1.4654809301959908,0.1299643134983553,0.017887733533078133,0.0073118930579386459,997.77237068383693,-1113.8146580815373,0.10000000000000001
1947,0,1.4755423183693732,0.12996739650842182,0.024681995650368029,0.0079424773252480679,997.57108966666431,-1214.4551666678467,0.10000000000000001
1948,0,1.4856106242756006,0.129969866713669,0.030013406034155476,0.0078548842326239734,997.32915787151853,-1335.4210642407338,0.10000000000000001
1949,0,1.4956755480770736,0.12997206118058857,0.03465460551389607,0.0072195082811097608,997.23045579058055,-1384.7721047097252,0.10000000000000001
1950,0,1.5057460171721544,0.12997364644411102,0.036573451819392748,0.0065998223618766701,997.33935711551385,-1330.3214422430756,0.10000000000000001
1951,0,1.515807195454423,0.12997409928751613,0.034916843174410545,0.0058872669649241982,997.55111403263254,-1224.4429836837298,0.10000000000000001
1952,0,1.5258692485654541,0.12997357394387335,0.028802632465982816,0.0047002433702938891,997.66923325373125,-1165.3833731343752,0.10000000000000001
1953,0,1.5359297368967422,0.12997236055064143,0.02398673923586269,0.0033428364559426678,997.73560656080929,-1132.1967195953562,0.10000000000000001
1954,0,1.5459908263512492,0.12997159652124241,0.0262369901509979,0.0026533194903489571,997.76552657992886,-1117.23671003557,0.10000000000000001
1955,0,1.5560583437116704,0.12996820728296493,0.035138573367578481,0.0018317469187928953,997.72435892591602,-1137.8205370419892,0.10000000000000001
1956,0,1.5661138309247427,0.12996680665904459,0.039566867637548644,0.00051014700339080442,997.17928857036657,-1410.355714816717,0.10000000000000001
1957,0,1.5761955494708122,0.12996493915455654,0.042125110952912069,0.0007087173193209077,996.70704799784505,-1646.4760010774739,0.10000000000000001
1958,0,1.5862671695155182,0.12996468264094982,0.050849175345744409,0.0019836848426119749,996.74613767431242,-1626.931162843789,0.10000000000000001
1959,0,1.5963419540300285,0.12996408785259503,0.053146764356819483,0.0025866757474420389,996.83443415497322,-1582.7829225133883,0.10000000000000001
1960,0,1.6064035574923656,0.12996409388862315,0.044613400222461616,0.0026253123783604687,996.75031228004241,-1624.843859978796,0.10000000000000001
1961,0,1.6164895930661751,0.12996590168437272,0.041394655786626197,0.001786525138360254,997.18314527585187,-1408.4273620740646,0.10000000000000001
1962,0,1.6265325811954856,0.12996387229708661,0.039662333102849466,-0.00050518872210059986,997.55621509842194,-1221.8924507890279,0.10000000000000001
1963,0,1.6366111283831115,0.12996581713418859,0.03230770736659519,-0.0024933755943723494,997.65067595813377,-1174.6620209331127,0.10000000000000001
1964,0,1.6466557150152161,0.1299589595763837,0.031092361059370167,-0.0049391284684349047,997.90300187194816,-1048.4990640259184,0.10000000000000001
1965,0,1.6567244360558495,0.12995795860284928,0.030075075923060596,-0.00707445707006188,997.98761311966985,-1006.1934401650774,0.10000000000000001
1966,0,1.66678604466836,0.12994526671907938,0.033261649323175005,-0.008240419180914069,998.26659412305548,-866.70293847225821,0.10000000000000001
1967,0,1.6768124946305483,0.12994226211498541,0.024350745469126436,-0.0088640876439717697,997.52888871957714,-1235.5556402114303,0.10000000000000001
1968,0,1.6869588456462168,0.12992637571234969,0.031586017747104685,-0.0086818480455563736,998.06887782999388,-965.56108500305982,0.10000000000000001
1969,0,1.6968930321290665,0.12992209866738796,0.032591142514179952,-0.009284940779350109,997.17919960235861,-1410.400198820696,0.10000000000000001
1970,0,1.7071554211183859,0.12990905544673309,0.028958132292365209,-0.010006052045961786,997.36979257457563,-1315.1037127121867,0.10000000000000001
1971,0,1.7169971430588515,0.12989889075013417,0.032475427988332896,-0.0084892395418081582,996.60261134306268,-1698.6943284686618,0.10000000000000001
1972,0,1.7273870142294296,0.12988621247915497,0.026763348963651054,-0.006715452348668694,997.11476316630603,-1442.6184168469831,0.10000000000000001
1973,0,1.7370904841508499,0.12985791174974387,0.0066264459575497573,-0.0074359552186264669,995.79969717891356,-2100.1514105432193,0.10000000000000001
1974,0,1.7476999049699884,0.12987871659883596,0.015614640286260008,-0.0049345067144244319,998.04496666281568,-977.51666859215902,0.10000000000000001
1975,0,1.7571752991353133,0.12986256099606641,0.00096536977847150177,0.00010990688302880863,996.74150942627875,-1629.2452868606233,0.10000000000000001
1976,0,1.7680267932986087,0.12985919169368743,-0.0083966087399225519,0.0032938850750157838,998.26397660492125,-868.01169753937302,0.10000000000000001
1977,0,1.777323773479305,0.12985492808330165,-0.0051086756118702585,0.0023164498481991693,997.3022952259829,-1348.8523870085487,0.10000000000000001
1978,0,1.7883459194160545,0.12985226805881084,-0.0044744808027377594,0.0037795903535869824,998.39602080230895,-801.98959884552323,0.10000000000000001
1979,0,1.7976380091218598,0.12981914741526987,0.019970645565494334,0.0073869886723794765,998.09798123393375,-951.00938303312432,0.10000000000000001
1980,0,1.8087343036952062,0.12973196207144866,0.0026532000689792963,0.0019430574699487539,997.33081048304996,-1334.5947584750206,0.10000000000000001
1981,0,1.8180040472774011,0.12976335119665391,0.023720889068267772,0.001982706658914785,997.52687538698706,-1236.562306506471,0.10000000000000001
1982,0,1.8296571941614594,0.12968750420673808,0.031309181802222044,0.0065219396291611798,998.45331648653473,-773.34175673263417,0.10000000000000001
1983,0,1.8384233037310951,0.12976298121427907,0.033007666348572183,0.0023630012299845856,997.85415451511471,-1072.9227424426426,0.10000000000000001
1984,0,1.8539615063400041,0.13026106415695546,0.036220788124899442,0.0045312521780283589,999.45886642852315,-270.56678573842419,0.10000000000000001
1985,0,1.8540108981799492,0.13068186602795884,0.036231834534989057,0.0040207173891775912,999.45148721385658,-274.25639307170968,0.10000000000000001
1986,0,1.8770781076227583,0.13387233884746455,0.096035014668338914,0.033013221207131842,1000.285192402349,142.59620117451277,0.10000000000000001
1987,0,1.8771616545043377,0.13426120064869179,0.094782480832447821,0.03316667698571734,1000.2681814801172,134.09074005858201,0.10000000000000001
1988,0,1.8898352988982621,0.13202827522194374,0.078504737547261075,-0.028405655015368188,997.06976930418023,-1465.1153479098866,0.10000000000000001
1989,0,1.904793098095154,0.12635967874845513,0.10728103067103831,-0.0062426517595521921,1001.7200959966832,860.0479983415994,0.10000000000000001
1990,0,1.9047486635846833,0.12933152871298739,0.10289711908504891,-0.007892839783421356,1001.4523502243609,726.17511218044228,0.10000000000000001
1991,0,0.097656668740721916,0.13813661682494888,-0.025800496264082779,-0.010844744389663241,1000.6173565529974,308.6782764987106,0.10000000000000001
1992,0,0.09801692575509055,0.13753699840493785,-0.022646315700195568,-0.0089877073211803125,1000.5918025401481,295.90127007406863,0.10000000000000001
1993,0,0.10930602318852667,0.13739378192170826,0.026970870347823615,-0.010596937042999372,1000.9004571499074,450.22857495371227,0.10000000000000001
1994,0,0.1252983423707941,0.14294414708784844,-0.00065310171954652274,0.0071648738150665537,1000.3499914507584,174.99572537917629,0.10000000000000001
1995,0,0.12541535126569542,0.14178022411874819,-0.0078797225398151757,0.0083123650142695078,1000.2289096893846,114.45484469231815,0.10000000000000001
1996,0,0.15066481280469488,0.13997019444924735,0.061257754962555706,-0.008697983775526219,999.34704957742611,-326.47521128694734,0.10000000000000001
1997,0,0.1506882876048056,0.14010717805594697,0.061312911840546103,-0.0088730412490395424,999.34459386178162,-327.70306910919089,0.10000000000000001
1998,0,0.16735203073641119,0.13928984189554733,0.079524514464683088,-0.0051409248105986453,998.78861525673904,-605.69237163048228,0.10000000000000001
1999,0,0.17553032530717283,0.1394988572779057,0.078948077955873261,0.00039086361754750898,998.01188980544782,-994.05509727608887,0.10000000000000001
2000,0,0.18696570978417559,0.13956412872518176,0.07065363596229729,-0.00073821493553424009,998.88706804234073,-556.46597882963533,0.10000000000000001
2001,0,0.19615652558694194,0.13968274183132798,0.09065555217465486,-0.0031335733109607499,997.58001791883294,-1209.9910405835317,0.10000000000000001
2002,0,0.20728411625222296,0.13969078205906027,0.077918328246334129,-0.0002411323814313975,997.41100497034893,-1294.4975148255367,0.10000000000000001
2003,0,0.2165523248117108,0.13974844387571173,0.09022464832758452,-0.001940679506659193,997.5554934334682,-1222.2532832658999,0.10000000000000001
2004,0,0.22743841307595336,0.13975303383573792,0.086416267774786157,-0.0049053278675002688,996.61286003400812,-1693.569982995939,0.10000000000000001
2005,0,0.23681259221398374,0.13978910548246526,0.09248239418563714,-0.0064971066973527336,996.98281799939559,-1508.5910003022036,0.10000000000000001
2006,0,0.24756269143534185,0.13983291626470418,0.085937266874021173,-0.013102884834868664,995.82503721977571,-2087.4813901121456,0.10000000000000001
2007,0,0.25708313012319045,0.13981211387480186,0.071966005179114154,-0.011999254194302936,997.54514524871797,-1227.4273756410139,0.10000000000000001
2008,0,0.26760047284114313,0.13987183343280446,0.085654747528263658,-0.0099603792158633637,995.7640996780342,-2117.9501609829003,0.10000000000000001
2009,0,0.27735241471055677,0.13985957804476745,0.074965307141469081,-0.0098116615621559634,997.11206776590848,-1443.9661170457612,0.10000000000000001
2010,0,0.28765636278609757,0.13989964674442096,0.068803900288918474,-0.0041422773151257933,997.03218956632804,-1483.9052168359785,0.10000000000000001
2011,0,0.29753781262400331,0.13989189964449564,0.072444674803344239,-0.00073963787520426867,997.7416259614871,-1129.1870192564488,0.10000000000000001
2012,0,0.30773009405237772,0.13991707780649815,0.072037362481732328,0.0019438767615094176,997.53552992224581,-1232.2350388770928,0.10000000000000001
2013,0,0.31769024427825249,0.13991505601130053,0.068623580278679985,0.0021648520536893968,998.26329837129856,-868.3508143507197,0.10000000000000001
2014,0,0.32780000829763173,0.13993234461020429,0.070343619558074555,-0.00014955571931941195,997.93854727216035,-1030.7263639198254,0.10000000000000001
2015,0,0.33782248475908383,0.13993431337021212,0.063499162801919903,-0.0030768799522276273,998.36464079379175,-817.67960310412491,0.10000000000000001
2016,0,0.34787999920783891,0.13993875200405637,0.064320354787368694,-0.0030136944568278203,998.10604043644003,-946.97978177998721,0.10000000000000001
2017,0,0.35794018128159599,0.13994783873888048,0.059501793272902614,-0.0026337847383259283,998.09699089802257,-951.50455098871589,0.10000000000000001
2018,0,0.36797876295108639,0.13995088910973288,0.058506547626397641,-0.0031393025363458159,997.77087228470293,-1114.5638576485339,0.10000000000000001
2019,0,0.37805565744283381,0.13995313269210971,0.052167931539737179,-0.0024955246329423537,997.49999291886593,-1250.003540567036,0.10000000000000001
2020,0,0.38809770504477681,0.13995606619088427,0.048851307744353638,-0.001375021192284798,997.13907346716337,-1430.4632664183146,0.10000000000000001
2021,0,0.39818051022679002,0.13995589456357441,0.047395644076572548,-0.00092695731210646118,996.6544923491748,-1672.7538254125989,0.10000000000000001
2022,0,0.40824161102461587,0.13995662148420124,0.041897553788529149,0.00067502775327496977,996.72845195783316,-1635.7740210834208,0.10000000000000001
2023,0,0.41831559215025138,0.13995842505142012,0.044425057151217917,0.0018637616196194382,996.82465505434288,-1587.6724728285581,0.10000000000000001
2024,0,0.42838340668231051,0.13995946784707036,0.054938793883200804,0.0015306737443861065,996.94910171127776,-1525.4491443611187,0.10000000000000001
2025,0,0.43845748132382767,0.13995852707136364,0.061970831771422367,0.0022722580872867088,997.4049601561768,-1297.5199219116007,0.10000000000000001
2026,0,0.44851565381199721,0.13995868551299548,0.066695866878441326,0.0044819647053540987,997.96935325902177,-1015.3233704891136,0.10000000000000001
2027,0,0.45857309939001156,0.13996071085900477,0.07349330409970925,0.0053181845129771496,998.06844118283334,-965.77940858333022,0.10000000000000001
2028,0,0.46863042536176236,0.13996065350214135,0.075195795132410412,0.0047726448259083603,997.89391420389893,-1053.0428980505349,0.10000000000000001
2029,0,0.47868805696024264,0.13996149873836691,0.06891334944400869,0.0048388951049479784,997.66851076165335,-1165.7446191733243,0.10000000000000001
2030,0,0.4887457790900786,0.13996182241373117,0.06035314299024773,0.005621881209345563,997.44201566395429,-1278.9921680228531,0.10000000000000001
2031,0,0.4988056257634399,0.13996297516631659,0.056446127581909498,0.0062869845022885959,997.16443401234335,-1417.7829938283253,0.10000000000000001
2032,0,0.50887282479837925,0.13996217999326682,0.057139246849618693,0.0070376900073118049,997.00620557748573,-1496.897211257135,0.10000000000000001
2033,0,0.51893859291560307,0.13996016937698727,0.060437078581984251,0.0080597495379578811,997.11729583311001,-1441.3520834449969,0.10000000000000001
2034,0,0.52900595000408002,0.13995850073429267,0.064570723709454492,0.0083630094078764768,997.43008319458886,-1284.9584027055698,0.10000000000000001
2035,0,0.53906738911830365,0.13995505202838035,0.070831615128390257,0.0074665470948660174,997.6828305218794,-1158.5847390603021,0.10000000000000001
2036,0,0.5491301594152953,0.13995202379701863,0.078671339560132766,0.0053071943145682624,997.63787089056336,-1181.0645547183185,0.10000000000000001
2037,0,0.55919589547570003,0.13994935103625622,0.08129611762961314,0.0022415564061559492,997.51900131550815,-1240.4993422459256,0.10000000000000001
2038,0,0.5692594859234591,0.13994725376356296,0.078549052708047337,-0.00084434802452330177,997.45996486961963,-1270.0175651901873,0.10000000000000001
2039,0,0.57932300147537141,0.13994700243673888,0.077282819353074503,-0.0036812945963720011,997.31415033914368,-1342.92483042816,0.10000000000000001
2040,0,0.58938953381463477,0.13994803366736447,0.078738226324054986,-0.0063563134750632497,997.13430065560715,-1432.8496721964257,0.10000000000000001
2041,0,0.59945714876896805,0.13994967131782654,0.079322006340146259,-0.0082793130990126088,997.16138767780058,-1419.306161099712,0.10000000000000001
2042,0,0.60952101005937909,0.13995193216175128,0.079465079553137391,-0.0086246411219917767,997.37415646556485,-1312.9217672175741,0.10000000000000001
2043,0,0.61958247351410245,0.13995447019804108,0.080697368467538777,-0.0075394122633153197,997.56631833349365,-1216.8408332531726,0.10000000000000001
2044,0,0.6296421861460455,0.13995662489366481,0.081237796656952563,-0.0056394881481438182,997.6404878026525,-1179.7560986737494,0.10000000000000001
2045,0,0.63970197972166232,0.13995791207179364,0.078040437694348361,-0.0033244040190879474,997.60158562162781,-1199.2071891860974,0.10000000000000001
2046,0,0.64976198518566652,0.13995804311976334,0.07055047140695378,-0.0011248876633339986,997.45609050580117,-1271.9547470994144,0.10000000000000001
2047,0,0.65982383713333637,0.13995746812589691,0.061344637863606465,0.0003165406281358043,997.14708796401055,-1426.4560179947239,0.10000000000000001
2048,0,0.6698909407346465,0.13995643138854563,0.052238201303528936,0.00065053697146963277,996.70983386841738,-1645.0830657913116,0.10000000000000001
2049,0,0.67996342596618453,0.13995544446842118,0.043730128929089548,0.00010164180237014335,996.29388728651884,-1853.0563567405807,0.10000000000000001
2050,0,0.69004060824349223,0.13995507746902888,0.037085141625072642,-0.00067195620382263859,996.00889387106724,-1995.5530644663781,0.10000000000000001
2051,0,0.70012034549298707,0.13995522462831114,0.034463066201291082,-0.0010307627093603772,995.85575401700794,-2072.1229914960304,0.10000000000000001
2052,0,0.71020250425648002,0.13995561550348348,0.035911993853754647,-0.00056520055570869702,995.8167284757867,-2091.6357621066481,0.10000000000000001
2053,0,0.72028526208249544,0.13995544325822429,0.038943135092999903,0.00094105008717452836,995.91630125290123,-2041.8493735493826,0.10000000000000001
2054,0,0.73036569511496141,0.13995436181295665,0.042012419489043391,0.0032088295262935719,996.08891128711446,-1955.5443564427719,0.10000000000000001
2055,0,0.74044431675918876,0.13995252133239447,0.044266020156714263,0.0053309612933925823,996.21547864189426,-1892.2606790528675,0.10000000000000001
2056,0,0.75052156228996658,0.13994984387051831,0.044368771429987887,0.0064079859813080597,996.25045062796755,-1874.7746860162238,0.10000000000000001
2057,0,0.76059840311981441,0.13994690006656227,0.04159698440335835,0.0061215300613864706,996.21862192040601,-1890.689039796996,0.10000000000000001
2058,0,0.77067532437525532,0.13994447388714354,0.037190697142223145,0.004727812935222315,996.1568816621201,-1921.5591689399503,0.10000000000000001
2059,0,0.78075301132049924,0.1399429868653097,0.03363872945982526,0.0027130225059033642,996.08058094494277,-1959.7095275286165,0.10000000000000001
2060,0,0.79083251483896655,0.13994255768537589,0.032311666872465859,0.00053573238707740271,996.03668514427386,-1981.6574278630696,0.10000000000000001
2061,0,0.80091279942803772,0.13994277258922938,0.03352584597661408,-0.0014008119171954843,996.07098959960547,-1964.5052001972658,0.10000000000000001
2062,0,0.81099306847772112,0.13994315276445157,0.036976623966248671,-0.0028173769442667307,996.16280336382442,-1918.5983180877884,0.10000000000000001
2063,0,0.82107261708224222,0.13994352799548274,0.041753270131172318,-0.0036859983311404547,996.24815350095867,-1875.9232495206675,0.10000000000000001
2064,0,0.83115144959133824,0.13994395376339169,0.046607092244807087,-0.004262890526824257,996.27177830547112,-1864.1108472644419,0.10000000000000001
2065,0,0.84123020660893344,0.13994465353408578,0.049603486788231822,-0.0047558950721112566,996.24908375710868,-1875.4581214456607,0.10000000000000001
2066,0,0.85130817973881068,0.13994586521574606,0.050014181887153064,-0.0049189193871702194,996.22093046053044,-1889.5347697347802,0.10000000000000001
2067,0,0.86138564074821666,0.13994777741128442,0.04942861711260129,-0.0043154300816515131,996.21250550751722,-1893.7472462413893,0.10000000000000001
2068,0,0.87146277354723611,0.13995041068448699,0.049381543907976513,-0.0028545885993378315,996.27454826643782,-1862.7258667810906,0.10000000000000001
2069,0,0.88153831960468876,0.13995336329574506,0.050134641517355923,-0.00079231043767435743,996.45041941009356,-1774.7902949532204,0.10000000000000001
2070,0,0.89161132228409712,0.13995589783005996,0.05159652634171974,0.0015444469933064246,996.74298006809749,-1628.5099659512525,0.10000000000000001
2071,0,0.90168048003397305,0.13995755395064918,0.053852240104585704,0.0036599360406253997,997.09643536419264,-1451.7823179036782,0.10000000000000001
2072,0,0.91174537302224101,0.13995840358650288,0.055801910463428583,0.0048045549698451069,997.40519571899665,-1297.4021405016742,0.10000000000000001
2073,0,0.9218070367860306,0.13995855942360455,0.054855432195318889,0.0045602097367908826,997.62364938550047,-1188.1753072497645,0.10000000000000001
2074,0,0.93186587215009797,0.13995827200074068,0.050011472853417935,0.0032229228493205909,997.77318362493486,-1113.4081875325705,0.10000000000000001
2075,0,0.9419224678215844,0.13995827661120341,0.042844200727085523,0.0013543658398881815,997.84985685574122,-1075.0715721293886,0.10000000000000001
2076,0,0.95197835299097944,0.13995906245159276,0.035146519195709304,-0.00048875618692818422,997.85701204706163,-1071.4939764691849,0.10000000000000001
2077,0,0.9620346584547913,0.13996051621441016,0.028529013600672989,-0.001715903002032801,997.86338157625994,-1068.3092118700301,0.10000000000000001
2078,0,0.97209133952626792,0.13996248589530841,0.025523787606697018,-0.0020412884677349003,997.93159813545083,-1034.2009322745866,0.10000000000000001
2079,0,0.98214772887253143,0.13996467577914834,0.028323731821946755,-0.0017180082062486202,998.02812543632854,-985.93728183573148,0.10000000000000001
2080,0,0.9922040647148529,0.13996646426675197,0.036259196195411118,-0.0012449690283991898,998.08151851759965,-959.24074120017622,0.10000000000000001
2081,0,1.0022609688307211,0.13996744585327708,0.046543273618558818,-0.0010291391221299638,998.09415715365276,-952.9214231736205,0.10000000000000001
2082,0,1.0123177153992922,0.13996754679434081,0.056878809839207074,-0.0012286789019110424,998.09264645356825,-953.67677321587507,0.10000000000000001
2083,0,1.0223736110938693,0.1399668032147004,0.064950063728854451,-0.0016952378731266834,998.04682214357433,-976.58892821283416,0.10000000000000001
2084,0,1.0324293405048908,0.13996560189889229,0.067942053772935107,-0.00202523540792519,997.95256517279506,-1023.7174136024692,0.10000000000000001
2085,0,1.0424852064874361,0.13996455405138619,0.065161441401338047,-0.0017161015243322864,997.8805458003585,-1059.7270998207478,0.10000000000000001
2086,0,1.0525406183357886,0.1399639541174385,0.058759654873901696,-0.00050616947380599834,997.86427511891077,-1067.8624405446158,0.10000000000000001
2087,0,1.0625956028729859,0.1399639654499335,0.051228131988001913,0.001333085170503586,997.84289125133489,-1078.5543743325547,0.10000000000000001
2088,0,1.0726513319682689,0.13996470826381821,0.044165502495635112,0.0032272353976926073,997.75067337187204,-1124.6633140639801,0.10000000000000001
2089,0,1.0827093429296699,0.13996569505486639,0.039361010156130596,0.0046271885730514422,997.58686544001716,-1206.5672799914182,0.10000000000000001
2090,0,1.0927702133983805,0.13996620378664612,0.038379146823120089,0.0049700105393535683,997.35711383423052,-1321.4430828847412,0.10000000000000001
2091,0,1.1028343234802693,0.13996600618211499,0.040225220097248063,0.0039542421940454951,997.04156359827675,-1479.2182008616237,0.10000000000000001
2092,0,1.1129026550227796,0.1399650092596135,0.04232885043252111,0.0019828948926310344,996.6869047480784,-1656.5476259607976,0.10000000000000001
2093,0,1.1229747092199887,0.13996315830248496,0.04359548444806087,-0.00021855071311670425,996.39843712649906,-1800.7814367504693,0.10000000000000001
2094,0,1.133049119068162,0.13996092062666848,0.044112809263769551,-0.0021739636647159629,996.23101227687164,-1884.4938615641809,0.10000000000000001
2095,0,1.1431248726577012,0.13995901022267992,0.043806951444495583,-0.0035695508270860961,996.18091688446805,-1909.5415577659764,0.10000000000000001
2096,0,1.1532006757116366,0.13995778231381723,0.042960497897194284,-0.0041619650632951513,996.20350457045004,-1898.2477147749819,0.10000000000000001
2097,0,1.1632767170425689,0.13995717327583673,0.043129746788358528,-0.0040468812187412859,996.24619225579841,-1876.9038721007973,0.10000000000000001
2098,0,1.1733533109692371,0.139956957778197,0.045926431830178222,-0.0036524603886250858,996.281845731923,-1859.0771340385004,0.10000000000000001
2099,0,1.1834298212890566,0.13995687194720163,0.050638936302579735,-0.0032111309825760179,996.26823063047163,-1865.8846847641826,0.10000000000000001
2100,0,1.1935069641212754,0.13995669021890028,0.055339363232783531,-0.0025001322770262912,996.18943349409744,-1905.2832529512784,0.10000000000000001
2101,0,1.2035848102307003,0.13995637090316387,0.058763812523647908,-0.0012433618603183727,996.10084587432425,-1949.577062837875,0.10000000000000001
2102,0,1.2136627019764858,0.1399561042168217,0.059959823562975474,0.00055555716717073486,996.0673336308987,-1966.3331845506491,0.10000000000000001
2103,0,1.2237398705973359,0.13995638552748813,0.058576710528340584,0.002639190139739944,996.11164973016594,-1944.1751349170318,0.10000000000000001
2104,0,1.2338152821854411,0.13995764686766016,0.054899628281971188,0.0046191894052304179,996.19074558337275,-1904.6272083136273,0.10000000000000001
2105,0,1.2438899350880421,0.13995980857966026,0.050266035084421019,0.0060493989714233785,996.2590477185696,-1870.4761407151977,0.10000000000000001
2106,0,1.253964478672837,0.13996247966009437,0.047149033675644859,0.0064499137985560397,996.30166286955296,-1849.1685652235219,0.10000000000000001
2107,0,1.264039361399806,0.13996489510080803,0.046830699737625173,0.0055521450728593076,996.28251863032438,-1858.7406848378123,0.10000000000000001
2108,0,1.2741154641311414,0.13996652293035905,0.04862886696071364,0.0036516391423635081,996.17518704480472,-1912.4064775976422,0.10000000000000001
2109,0,1.2841932148591864,0.13996745178177752,0.051238755616700889,0.0016261957904924252,996.0223357483768,-1988.832125811598,0.10000000000000001
2110,0,1.2942731528674212,0.13996750672265398,0.053892103695049029,0.00034912440640492108,995.94230264367627,-2028.8486781618644,0.10000000000000001
2111,0,1.3043523291825663,0.13996701966638275,0.055102712276305234,5.5650480077997054e-05,995.99818261372332,-2000.9086931383422,0.10000000000000001
2112,0,1.3144289939130791,0.13996678260455256,0.052374813138383249,0.00050666626124355036,996.16147226798569,-1919.2638660071566,0.10000000000000001
2113,0,1.3245031517004995,0.13996703963588208,0.04582026840245991,0.001286672732678148,996.45022420795885,-1774.887896020573,0.10000000000000001
2114,0,1.3345727031149563,0.13996786755198515,0.037657249861731336,0.0017460633526044449,996.86374455413238,-1568.1277229338093,0.10000000000000001
2115,0,1.3446370132189227,0.13996869333311876,0.029062581773800937,0.0012405751650527591,997.28789745612755,-1356.0512719362237,0.10000000000000001
2116,0,1.3546964192669038,0.13996901156690608,0.020504544606719861,-0.00041031194584559538,997.57459675830387,-1212.7016208480654,0.10000000000000001
2117,0,1.364754401239094,0.13996857012720193,0.013839225585364412,-0.0028189695897609551,997.69527859065772,-1152.360704671139,0.10000000000000001
2118,0,1.3748124694227621,0.1399669334434831,0.0114479784853052,-0.005308590919992905,997.70486312159596,-1147.5684392020185,0.10000000000000001
2119,0,1.3848708913342656,0.13996442572323273,0.012581267601362685,-0.0073087126500590112,997.59918430851894,-1200.4078457405285,0.10000000000000001
2120,0,1.3949315215217259,0.1399615629904051,0.01425178645905271,-0.0083962708738833554,997.38705195703858,-1306.4740214807102,0.10000000000000001
2121,0,1.4049945620701176,0.13995900972186542,0.014507721706164246,-0.0079763819424645433,997.16516107850009,-1417.4194607499544,0.10000000000000001
2122,0,1.4150613636678144,0.13995715462575642,0.014625831806474395,-0.00593308402568262,997.13537777537192,-1432.3111123140393,0.10000000000000001
2123,0,1.4251271334143316,0.13995600750385043,0.015288314832841174,-0.0031104223124399782,997.33164379832533,-1334.1781008373346,0.10000000000000001
2124,0,1.4351893707410133,0.1399561736735255,0.013062894613993346,-0.000154189956683247,997.51035541446083,-1244.8222927695838,0.10000000000000001
2125,0,1.4452511548188183,0.13995819590415609,0.0090414324119632052,0.002963160984911371,997.60052478078933,-1199.7376096053358,0.10000000000000001
2126,0,1.4553148654869894,0.13996077068507443,0.010453398047214917,0.0059387920122261056,997.75042077704757,-1124.789611476217,0.10000000000000001
2127,0,1.4653752190404365,0.13996361218646916,0.017616695684468751,0.0078712057526753466,997.82652077511818,-1086.7396124409083,0.10000000000000001
2128,0,1.4754338890299723,0.13996678915600172,0.023603440061322704,0.0084657531540407033,997.58242270156177,-1208.788649219116,0.10000000000000001
2129,0,1.4854988639318414,0.13996796991824118,0.028012651279917471,0.0078169040228034167,997.25420737284105,-1372.8963135794743,0.10000000000000001
2130,0,1.4955627226548425,0.13996922276558252,0.032485719950681974,0.0063537428523414673,997.11646531407405,-1441.7673429629758,0.10000000000000001
2131,0,1.5056284283046022,0.13996931777786648,0.034835982037477509,0.005219531432676441,997.2215047432453,-1389.2476283773476,0.10000000000000001
2132,0,1.5156880734208669,0.13996731729390627,0.032828139881655935,0.0044293490105928417,997.42982489154747,-1285.0875542262656,0.10000000000000001
2133,0,1.5257465034135982,0.1399659433905926,0.026491176434452347,0.0036590995000953608,997.59641089372326,-1201.7945531383702,0.10000000000000001
2134,0,1.5358054957185341,0.13996429216783826,0.022034117510226801,0.0036515849665747944,997.76004397383667,-1119.9780130816634,0.10000000000000001
2135,0,1.5458649822763311,0.13996380039303791,0.024653058908050075,0.0045515719109138911,997.88212342952841,-1058.9382852357971,0.10000000000000001
2136,0,1.555925282950684,0.13996164284709031,0.032012618910734023,0.0044592575794094409,997.78290735797987,-1108.546321010067,0.10000000000000001
2137,0,1.5659854793208514,0.13996120752994393,0.03651146984173001,0.002857357276041173,997.24953926383023,-1375.2303680848854,0.10000000000000001
2138,0,1.5760605715136562,0.13996254736033686,0.041513493515608617,0.0024533949045900051,996.81415477704934,-1592.9226114753305,0.10000000000000001
2139,0,1.5861298746163326,0.13996241531622741,0.049858878829997837,0.003251801435012038,996.76537174394059,-1617.3141280297045,0.10000000000000001
2140,0,1.5962032342224324,0.13996115707651652,0.050901234323014945,0.0022614039759280354,996.79486309260517,-1602.5684536974154,0.10000000000000001
2141,0,1.6062613024906016,0.13996111350092039,0.042367880494766433,0.0001527955641255978,996.7689255558297,-1615.5372220851518,0.10000000000000001
2142,0,1.6163419554383041,0.13996194568615541,0.038305929024766927,-0.00095029947611943201,997.28923527345194,-1355.3823632740318,0.10000000000000001
2143,0,1.6263820714383399,0.13995946042582919,0.035625220105424078,-0.0027028833638865156,997.76632660947371,-1116.8366952631459,0.10000000000000001
2144,0,1.6364524192299645,0.1399560662400037,0.02900241499623521,-0.0045679362893441058,997.99848262237606,-1000.7586888119704,0.10000000000000001
2145,0,1.6464900114797851,0.13995305740441663,0.027500504517184204,-0.0053025535252503178,998.21951754725546,-890.2412263722681,0.10000000000000001
2146,0,1.6565497389697987,0.13994222528689543,0.026698324038727878,-0.0064445198813876592,998.24822458234166,-875.88770882916833,0.10000000000000001
2147,0,1.6666043681396019,0.13993715959074648,0.031163872877612218,-0.0067541498801769575,998.39951118161321,-800.24440919339668,0.10000000000000001
2148,0,1.6766284319010327,0.13993248903178279,0.024176677779452947,-0.0042333421048608953,997.75200463697695,-1123.9976815115256,0.10000000000000001
2149,0,1.6867431946452272,0.13991395113227889,0.029217018264242434,-0.0022046215169469604,998.01895571340958,-990.52214329520893,0.10000000000000001
2150,0,1.6967068324666013,0.13991658493880793,0.029888683000065693,-0.0016180647257119543,997.36851852607947,-1315.7407369602652,0.10000000000000001
2151,0,1.7068965679230219,0.13988977547166068,0.025864649433578538,-0.0027211064376328649,997.35191808255445,-1324.0409587227759,0.10000000000000001
2152,0,1.7167903659292512,0.13989877988183497,0.028536822188405985,-0.0041878787624606917,996.80973375895769,-1595.1331205211545,0.10000000000000001
2153,0,1.7270878155183316,0.13985695681240401,0.023067098925856858,-0.010484833554464808,997.10699131823208,-1446.504340883962,0.10000000000000001
2154,0,1.7368391164615866,0.13987442472445352,0.004922943065989214,-0.009579385280684076,995.73137637369496,-2134.3118131525216,0.10000000000000001
2155,0,1.7473568661191345,0.13981712442754529,0.014083161893761529,-0.0093115968641597265,997.6670436348985,-1166.4781825507475,0.10000000000000001
2156,0,1.7568730275016542,0.13983910484767781,0.0023925544512505073,-0.0096106612308591056,996.34611407804402,-1826.9429609779877,0.10000000000000001
2157,0,1.767606079566461,0.13980081680279366,-0.0089398122172292122,-0.0033043686070979264,997.35557024193315,-1322.2148790334245,0.10000000000000001
2158,0,1.7769764658036242,0.13976972264754095,-0.0083942149361589617,-0.00057204667356161912,996.85999665211455,-1570.0016739427269,0.10000000000000001
2159,0,1.7878557698979451,0.1397715137400603,-0.003148790931844286,0.004476549289951167,998.13345298814124,-933.27350592937819,0.10000000000000001
2160,0,1.7971064011532056,0.13971693607114721,0.015165956768322901,0.0069406100738739094,998.02768222827376,-986.15888586311939,0.10000000000000001
2161,0,1.8082120276632421,0.13971135087163544,-0.0042711960134363351,0.003470913392916494,997.523638490856,-1238.1807545719994,0.10000000000000001
2162,0,1.8174155214969685,0.13959936897705599,0.022568611359910416,0.0059107528750022634,999.05724634388139,-471.37682805930581,0.10000000000000001
2163,0,1.8288062564411944,0.13951665145179754,0.023681285967749249,0.0059574581806402429,998.12099009318956,-939.50495340521911,0.10000000000000001
2164,0,1.8369612204026298,0.13929086371948721,0.011561147645939037,-0.0016171280815230542,998.24082510913968,-879.5874454301611,0.10000000000000001
2165,0,1.8536577572195565,0.14005793361728217,0.033173203855995002,-0.0061670659962424915,999.15737669436567,-421.31165281716676,0.10000000000000001
2166,0,1.8536823200763421,0.13992232480110786,0.033312858988752712,-0.0059665536003968818,999.16183601868772,-419.08199065613871,0.10000000000000001
2167,0,1.8789789482892774,0.14181414158750114,0.10049473059623379,0.01320538498669842,999.92260952925028,-38.695235374859749,0.10000000000000001
2168,0,1.8790791048815736,0.14297920337581072,0.092906319436790286,0.011336844869267459,999.93381244914701,-33.093775426493721,0.10000000000000001
2169,0,1.8951219748717674,0.13738935186914109,0.059590069637785098,-0.012695413688122156,1000.7962329748716,398.11648743580008,0.10000000000000001
2170,0,1.9063844545682576,0.13749014654201822,0.11450539423975506,-0.006853237865325424,1000.7625260452554,381.2630226277065,0.10000000000000001
2171,0,1.9067402529555835,0.13808827915540481,0.11757569431113253,-0.0087872819239099304,1000.7833798610123,391.68993050617473,0.10000000000000001
2172,0,0.09158432806759495,0.15062370894995697,-0.0072703764953514294,-0.021749681649265599,1000.0276933669201,13.846683460030818,0.10000000000000001
2173,0,0.091648977239499371,0.15141873664523234,-0.0046837955821763966,-0.020781785221451601,999.98783113228421,-6.0844338578931456,0.10000000000000001
2174,0,0.11194760406539561,0.15069308851961452,-0.0038105736664323536,0.0057664528023181026,999.62110377261786,-189.44811369107128,0.10000000000000001
2175,0,0.12643808318552216,0.1553297485665823,-0.0090910253444042299,0.0049577026976118082,999.70321376639868,-148.39311680066203,0.10000000000000001
2176,0,0.12678990830498763,0.15572234817478361,-0.0062164581425374855,0.0047498619211385016,999.48307392118772,-258.4630394061378,0.10000000000000001
2177,0,0.15359820266019181,0.14921440918854464,0.059045849261719102,-0.011160381723909461,999.56521198455721,-217.39400772139561,0.10000000000000001
2178,0,0.1534438050196037,0.14884365517636186,0.060139852788652179,-0.01114242874630623,999.52065199806816,-239.67400096591973,0.10000000000000001
2179,0,0.16805478766128842,0.14968391529047878,0.077193843284643904,0.00054989861716710437,998.78315587965585,-608.42206017207445,0.10000000000000001
2180,0,0.17675528473942215,0.14941447660456267,0.078176704624857568,-0.0021493051472493475,997.96733201221252,-1016.3339938937384,0.10000000000000001
2181,0,0.18800727109998705,0.14952943179865302,0.072243989904189135,0.0018941403721160935,997.99244679847175,-1003.7766007641267,0.10000000000000001
2182,0,0.19706326375459879,0.14952863948507858,0.09066767320725129,-0.0014534618629157188,996.78430556757735,-1607.8472162113258,0.10000000000000001
2183,0,0.20795705630454331,0.14962525588050823,0.080169965001760893,-0.0018496361929817948,997.31499324539914,-1342.5033773004316,0.10000000000000001
2184,0,0.21723610264290724,0.14967998225744536,0.088294190208170711,-0.0043387638331749941,996.89723329557353,-1551.3833522132359,0.10000000000000001
2185,0,0.22786748781817751,0.14975300927655508,0.088903861566193065,-0.0055288702721199906,996.51281767564603,-1743.5911621769833,0.10000000000000001
2186,0,0.23738497233430436,0.14980351836166669,0.087321923706625407,-0.0070744562651083361,996.80404446285661,-1597.9777685716954,0.10000000000000001
2187,0,0.24781692477452144,0.14982915057093701,0.084116311161341134,-0.012977995700569055,996.35705533049008,-1821.472334754958,0.10000000000000001
2188,0,0.25754064678365129,0.14980479919332962,0.077247737996114771,-0.010234651796954795,997.02781060528491,-1486.0946973575437,0.10000000000000001
2189,0,0.2678351612825785,0.14988309852409226,0.08376367908798088,-0.0092835936758354585,996.51816631306008,-1740.9168434699609,0.10000000000000001
2190,0,0.27769682897509479,0.14985042175560961,0.07806644855613247,-0.010772388071746028,997.17254288557444,-1413.728557212778,0.10000000000000001
2191,0,0.28787671423636613,0.14990407265515643,0.073840779749918706,-0.0053413691903764831,997.33188510403147,-1334.0574479842644,0.10000000000000001
2192,0,0.29781134969843864,0.1498968222403057,0.074556107001006053,-0.0038459125301558259,997.66474234586212,-1167.6288270689383,0.10000000000000001
2193,0,0.30793628943984463,0.14992277868513584,0.073008329192827501,-0.0016498777821367023,997.63412082454818,-1182.9395877259117,0.10000000000000001
2194,0,0.31791429710342822,0.1499216597328509,0.068465986607948656,-0.0004597265416349702,998.07933215438777,-960.33392280611451,0.10000000000000001
2195,0,0.32799814735472005,0.14993749847585144,0.065928509167554383,-0.001368937302177763,997.93384017036692,-1033.0799148165397,0.10000000000000001
2196,0,0.33800853346607534,0.14993564613217034,0.063003379557587474,-0.002390005269823769,998.28003013154103,-859.98493422948741,0.10000000000000001
2197,0,0.34807018255231897,0.14994205860853257,0.064315098825254338,-0.0010117061769654694,997.97947949609727,-1010.2602519513653,0.10000000000000001
2198,0,0.35811126084804923,0.14994857144016355,0.057915737314923658,-0.0019205597742688065,998.17218344998219,-913.90827500890737,0.10000000000000001
2199,0,0.36814999030932483,0.14994496939274107,0.05783941499107572,-0.0030996398012806785,997.92939465590564,-1035.3026720471803,0.10000000000000001
2200,0,0.37821722511595141,0.14995158424358834,0.052508302862091807,-0.0025039086670747166,997.68002625181089,-1159.9868740945567,0.10000000000000001
2201,0,0.38825568700683832,0.14995326902253359,0.048306525706899854,-0.002718475887973621,997.36760758926732,-1316.1962053663387,0.10000000000000001
2202,0,0.39833000114129996,0.14995173123134478,0.048374442989990468,-0.002200057034925654,996.86165563059774,-1569.1721847011308,0.10000000000000001
2203,0,0.40839036691638225,0.14995278518863772,0.044553135006261291,0.0016533863301551827,996.84653121912766,-1576.7343904361724,0.10000000000000001
2204,0,0.418460746587973,0.14995670859517057,0.044549159904473341,0.0048445239898405731,996.97915707798154,-1510.4214610092299,0.10000000000000001
2205,0,0.42852102016890536,0.14995509283315031,0.053767354058224859,0.0049289326976558658,997.12088504748829,-1439.5574762558567,0.10000000000000001
2206,0,0.43859217652566101,0.14995466704624813,0.062374912716946368,0.004890400715142104,997.38764059946755,-1306.1797002662274,0.10000000000000001
2207,0,0.44864979404725858,0.14995566802237104,0.066457575473215333,0.0049165512816682069,997.81400213742745,-1092.9989312862745,0.10000000000000001
2208,0,0.45870313816737129,0.14995630613922142,0.071107067445557698,0.0032347528930705615,997.96691592533944,-1016.5420373302823,0.10000000000000001
2209,0,0.46875916170173881,0.14996101359052266,0.07266775828817823,0.00043351223679832432,997.8138887199259,-1093.0556400370506,0.10000000000000001
2210,0,0.47881183728700782,0.1499635684243783,0.068421298934565555,-0.00067267796872637613,997.62692213084142,-1186.5389345792892,0.10000000000000001
2211,0,0.48886847371245179,0.14996559278785068,0.061528250383367164,0.0014969132935859178,997.47751498052173,-1261.2425097391338,0.10000000000000001
2212,0,0.49892407332933408,0.14996899263379845,0.057921592552811076,0.0053550165635361377,997.31164062189293,-1344.1796890535329,0.10000000000000001
2213,0,0.50898441743802481,0.14996677815624024,0.059115609228202359,0.0096179624603652276,997.19313066722691,-1403.4346663865449,0.10000000000000001
2214,0,0.51904807646301987,0.14996268267967472,0.061673434028567883,0.013348765861136973,997.25320333574336,-1373.3983321283176,0.10000000000000001
2215,0,0.52910969976532651,0.14995664725604749,0.063871746894335377,0.014842997231130266,997.48942524043935,-1255.2873797803272,0.10000000000000001
2216,0,0.53916878720967543,0.14994877180048893,0.068065886629689945,0.013425665267904752,997.6307647226198,-1184.6176386900993,0.10000000000000001
2217,0,0.54923011980177838,0.14994326817672507,0.073835217429093714,0.0090580637397251335,997.50695365882143,-1246.5231705892847,0.10000000000000001
2218,0,0.55929371297969677,0.14993902548917884,0.075760915283694816,0.0028911168054236926,997.33538815345992,-1332.3059232700416,0.10000000000000001
2219,0,0.56935742036642334,0.14993794136511002,0.07368950346383403,-0.0028830271392902077,997.24675562555922,-1376.6221872203914,0.10000000000000001
2220,0,0.57942009877234923,0.149940225741792,0.073417840099731929,-0.0070197175143943578,997.14636165477145,-1426.8191726142732,0.10000000000000001
2221,0,0.58948492167590494,0.14994415676983214,0.075955270249299156,-0.0092733184110704095,997.06957348210028,-1465.2132589498592,0.10000000000000001
2222,0,0.59955000768689781,0.1499490345345352,0.078224230259275662,-0.009541103235366697,997.18691956761688,-1406.5402161915586,0.10000000000000001
2223,0,0.60961074103614532,0.14995316558154392,0.08014185490360648,-0.0078687766239942496,997.45700299015016,-1271.4985049249208,0.10000000000000001
2224,0,0.61966863801599392,0.14995643837666953,0.08217444648526348,-0.0051761609453023216,997.69111068888378,-1154.4446555581089,0.10000000000000001
2225,0,0.62972428184865192,0.14995847536882809,0.082683679587698108,-0.0027925482374871781,997.77435318279527,-1112.8234086023667,0.10000000000000001
2226,0,0.63977969325814621,0.14995877511316996,0.079065738714716741,-0.0013783758940767567,997.69218172320018,-1153.9091383999107,0.10000000000000001
2227,0,0.64983579637307465,0.14995815078757263,0.070890457373211674,-0.00093669847056898614,997.46199570974284,-1269.0021451285816,0.10000000000000001
2228,0,0.65989433497512984,0.14995704525348164,0.060797437692558687,-0.0012454521294328509,997.06846551682224,-1465.7672415888783,0.10000000000000001
2229,0,0.66995836247496954,0.14995606172616793,0.050886022246154704,-0.0020695632130985054,996.58376836118327,-1708.1158194083628,0.10000000000000001
2230,0,0.68002813073375823,0.14995553535437661,0.042206936209605569,-0.0029168792585948468,996.16941734919271,-1915.2913254036434,0.10000000000000001
2231,0,0.69010248450933576,0.14995493976288823,0.036186326064758106,-0.0029686573786316542,995.93677968084273,-2031.6101595786336,0.10000000000000001
2232,0,0.70017939297930443,0.14995453611905202,0.034435662191689552,-0.0018601615136379607,995.88252984395297,-2058.735078023517,0.10000000000000001
2233,0,0.71025804103439827,0.14995417457952132,0.036663523592189551,2.8743112830708405e-05,995.95456074460503,-2022.7196276974837,0.10000000000000001
2234,0,0.72033654223922983,0.14995292299482105,0.040380627441336726,0.0023033154215497927,996.11860697164309,-1940.6965141784553,0.10000000000000001
2235,0,0.73041314987955874,0.14995106911003642,0.043550535465961507,0.0046459818850302544,996.29319541306972,-1853.4022934651375,0.10000000000000001
2236,0,0.74048801621522364,0.14994909048621535,0.044994878560046053,0.0064527395527853885,996.3798388417963,-1810.0805791018502,0.10000000000000001
2237,0,0.75056168061471307,0.14994710813841292,0.043824711437918558,0.007243204997698747,996.34999435093039,-1825.0028245348062,0.10000000000000001
2238,0,0.76063556326631609,0.14994550384368582,0.039936675943198031,0.0070972838295233513,996.24870997142409,-1875.6450142879544,0.10000000000000001
2239,0,0.77070976861969642,0.1499443815144228,0.034853394864851339,0.0064193647733647918,996.13677516462189,-1931.6124176890526,0.10000000000000001
2240,0,0.78078485005715437,0.14994367698739583,0.030936922623261701,0.0054694619752148378,996.04734875246436,-1976.3256237678206,0.10000000000000001
2241,0,0.7908615325147953,0.14994317544663865,0.029368770414010696,0.004172166437071561,996.02095959742212,-1989.5202012889399,0.10000000000000001
2242,0,0.8009385197430906,0.14994250128551811,0.030402542784662381,0.0022785807926617402,996.07407712086001,-1962.9614395699946,0.10000000000000001
2243,0,0.81101526865126317,0.14994148359846601,0.033772862053323485,-0.0003230106190674453,996.15929842237949,-1920.3507888102536,0.10000000000000001
2244,0,0.82109151728943242,0.1499403487290078,0.038552547494715268,-0.0034312428281866474,996.21102878110685,-1894.4856094465763,0.10000000000000001
2245,0,0.83116752497348068,0.14993979734464322,0.043428682135186122,-0.0066547199631925031,996.19978352325938,-1900.1082383703078,0.10000000000000001
2246,0,0.84124375942945007,0.14994042677209546,0.04681886637864794,-0.0093724200930994043,996.16225786070072,-1918.87106964964,0.10000000000000001
2247,0,0.85131936078099368,0.14994239463250797,0.048416819488077384,-0.010574245195098452,996.14527226613825,-1927.3638669308752,0.10000000000000001
2248,0,0.86139451238659892,0.14994564632732402,0.049473863153180316,-0.0093695281454723636,996.17995901374718,-1910.0204931264102,0.10000000000000001
2249,0,0.8714690514813086,0.14994984267588485,0.050721127706118203,-0.0057909340947775835,996.31700050128768,-1841.49974935616,0.10000000000000001
2250,0,0.88154116988598263,0.14995422268334693,0.052005814184404253,-0.00082242720856813382,996.57604095959152,-1711.9795202042383,0.10000000000000001
2251,0,0.89160980336724349,0.14995775133596537,0.05321877603208533,0.0042363048972158318,996.91412639327575,-1542.9368033621245,0.10000000000000001
2252,0,0.90167438540472489,0.14995984409982877,0.054269586520537733,0.0080817149988059115,997.2539320008151,-1373.033999592451,0.10000000000000001
2253,0,0.91173493687928575,0.14996070055289129,0.054167874479308528,0.0095091199935898995,997.51127613441929,-1244.3619327903548,0.10000000000000001
2254,0,0.92179242825916086,0.1499606094310249,0.05129149487333174,0.0081117409482869204,997.65451393558453,-1172.7430322077339,0.10000000000000001
2255,0,0.93184782695345969,0.14995993685871403,0.045469850163920071,0.0047374770482722321,997.71418112865285,-1142.9094356735732,0.10000000000000001
2256,0,0.9419020855669249,0.14995952138863414,0.03829805578812074,0.00080335373302323795,997.72812529586997,-1135.9373520650138,0.10000000000000001
2257,0,0.95195601805630348,0.14996000242067273,0.03143676268877707,-0.0024393376175601412,997.73173384948063,-1134.1330752596832,0.10000000000000001
2258,0,0.96201020020043282,0.14996134224986721,0.026253257280331243,-0.0040709796114439846,997.781519177007,-1109.2404114965007,0.10000000000000001
2259,0,0.97206447903570825,0.14996326635134336,0.024560943009403563,-0.0038174605206096981,997.92038444372304,-1039.8077781384814,0.10000000000000001
2260,0,0.9821177943654732,0.1499654228492999,0.027876135379321022,-0.0023547923765561969,998.0998621244679,-950.06893776604784,0.10000000000000001
2261,0,0.99217022332669202,0.14996725346999956,0.035477949973610548,-0.0008732343255153012,998.22089096075501,-889.55451962249299,0.10000000000000001
2262,0,1.0022228184015736,0.1499682339325295,0.044971467761293411,-0.00028287544380260223,998.25853401039694,-870.73299480152855,0.10000000000000001
2263,0,1.0122752938083392,0.14996815533077396,0.054520514359429145,-0.00088642149978112922,998.23007320959073,-884.96339520463607,0.10000000000000001
2264,0,1.0223273919378519,0.14996718470877554,0.062281843154767556,-0.0023918340642368522,998.11500363997936,-942.49818001031826,0.10000000000000001
2265,0,1.0323802201746528,0.14996581683335711,0.065837046938695756,-0.0038913760412824273,997.93616489217766,-1031.9175539111711,0.10000000000000001
2266,0,1.0424339208801756,0.14996458972636206,0.06442374060072624,-0.0041891742341686631,997.79161109189749,-1104.1944540512532,0.10000000000000001
2267,0,1.0524875158573033,0.14996384556894779,0.059511394055848717,-0.0025950538743653973,997.73031069471358,-1134.8446526432099,0.10000000000000001
2268,0,1.0625409215313475,0.14996386058628411,0.052882591063408459,0.00063930397112607455,997.71156190810848,-1144.2190459457606,0.10000000000000001
2269,0,1.0725947515953735,0.14996467963206842,0.045886816560858759,0.0046130021102394787,997.68146856202395,-1159.2657189880242,0.10000000000000001
2270,0,1.0826498369223694,0.14996567970508534,0.040164488200019402,0.0080800757169997208,997.60684540050227,-1196.5772997488671,0.10000000000000001
2271,0,1.0927071285137642,0.14996605900067481,0.03730399085843919,0.0096187427070360439,997.45186638411258,-1274.0668079437114,0.10000000000000001
2272,0,1.1027675571213742,0.14996550277943671,0.037150370520283325,0.0083653389644671831,997.18738702587405,-1406.3064870629773,0.10000000000000001
2273,0,1.1128320203748325,0.14996377122286578,0.038088464208408869,0.0046957073713110031,996.84525330501265,-1577.3733474936762,0.10000000000000001
2274,0,1.1229004578081001,0.14996069798481354,0.039124336426400647,-0.00021934557180378644,996.50927904100615,-1745.3604794969237,0.10000000000000001
2275,0,1.1329722124427624,0.14995686539036157,0.040180544696723532,-0.0050977819782074803,996.25630527100759,-1871.8473644962046,0.10000000000000001
2276,0,1.1430461383634969,0.14995325387730976,0.041169616435916115,-0.0086526121554188675,996.12846418662355,-1935.767906688227,0.10000000000000001
2277,0,1.1531203923110069,0.14995054035079905,0.041959070740680803,-0.0099078755775370703,996.10498049216017,-1947.5097539199169,0.10000000000000001
2278,0,1.1631948093490359,0.1499489885306487,0.043309653554250566,-0.0088242233350462641,996.13363663599398,-1933.1816820030099,0.10000000000000001
2279,0,1.1732696137162832,0.14994859662141449,0.046509060613230145,-0.0062712232050560488,996.18154616139395,-1909.2269193030234,0.10000000000000001
2280,0,1.18334401813738,0.1499491748216171,0.051278643310125736,-0.0032381752124222432,996.20048360564385,-1899.7581971780733,0.10000000000000001
2281,0,1.1934185627304461,0.14995012906808777,0.056043909198271701,-0.00032871181490162023,996.15285644943242,-1923.57177528379,0.10000000000000001
2282,0,1.2034935842334351,0.14995078804394732,0.05947835062747292,0.0020866541583367845,996.06808040479132,-1965.9597976043415,0.10000000000000001
2283,0,1.2135688632776478,0.14995096054856263,0.060611480523406189,0.0038303444920553555,996.01257414838926,-1993.7129258053687,0.10000000000000001
2284,0,1.2236438826781999,0.14995085001736499,0.059119020459140539,0.0050339459996673755,996.0356827482218,-1982.1586258890989,0.10000000000000001
2285,0,1.2337173554961993,0.14995086999966289,0.055213482787730452,0.0059588959003882063,996.1238741618148,-1938.0629190926015,0.10000000000000001
2286,0,1.2437899518172619,0.14995129141327238,0.050033839047844177,0.0066897818999221599,996.23832029516268,-1880.83985241866,0.10000000000000001
2287,0,1.2538621792163842,0.14995224453027345,0.045910928647446517,0.0069695758779122971,996.34632857107738,-1826.8357144613105,0.10000000000000001
2288,0,1.2639340889366311,0.14995367504578119,0.044400581178011607,0.0063788023764278987,996.38790788606491,-1806.0460569675456,0.10000000000000001
2289,0,1.2740070157159296,0.14995522966742222,0.045446327411958864,0.0048070807989926837,996.31700508155564,-1841.4974592221824,0.10000000000000001
2290,0,1.2840814550179884,0.14995679000559711,0.048188248151306338,0.0026990608485713019,996.15911183705805,-1920.4440814709756,0.10000000000000001
2291,0,1.2941575613433971,0.14995783737491736,0.051518084801943968,0.00061585141935177558,996.01107010818146,-1994.4649459092716,0.10000000000000001
2292,0,1.3042336166954516,0.14995804275746635,0.053475997959398072,-0.0011666351214907338,995.95299931342436,-2023.5003432878216,0.10000000000000001
2293,0,1.314307754262924,0.14995830146321951,0.051592327103924154,-0.0022726635853454946,996.01597719555548,-1992.0114022222606,0.10000000000000001
2294,0,1.3243792703649007,0.1499586967774108,0.045617277950833819,-0.0023264789758023234,996.25119975843893,-1874.4001207805354,0.10000000000000001
2295,0,1.3344462579787213,0.14995894186280298,0.037226754968179572,-0.0016895114261482056,996.66222865023428,-1668.8856748828584,0.10000000000000001
2296,0,1.3445075763090235,0.14995956462782523,0.027807602920676588,-0.0011444700038984971,997.13486624348911,-1432.566878255443,0.10000000000000001
2297,0,1.3545636930480061,0.14996021074291682,0.018386487361526555,-0.0011202672606732452,997.50898057852191,-1245.5097107390429,0.10000000000000001
2298,0,1.3646177643744515,0.14996030402752791,0.01107945252758941,-0.0017924689183172464,997.71672687371006,-1141.6365631449708,0.10000000000000001
2299,0,1.3746714031499965,0.1499594174896498,0.0083323350989589762,-0.003341107117608147,997.7721160893251,-1113.9419553374523,0.10000000000000001
2300,0,1.3847257787961509,0.149956821854829,0.0095508832985227547,-0.0057203987581931313,997.66205477817903,-1168.9726109104868,0.10000000000000001
2301,0,1.3947828308318,0.14995311547499107,0.01215267004709625,-0.0082322357455674733,997.41283616155556,-1293.5819192222198,0.10000000000000001
2302,0,1.404842698672907,0.14994864647590017,0.014255222116614827,-0.0095918646281917524,997.13862839133628,-1430.6858043318584,0.10000000000000001
2303,0,1.4149070410964322,0.14994367672618725,0.016094202619684927,-0.0089426037042892887,997.02556985708418,-1487.2150714579107,0.10000000000000001
2304,0,1.4249710283552637,0.1499398840237742,0.017826158638978438,-0.0062817090525355296,997.1272644485224,-1436.3677757388018,0.10000000000000001
2305,0,1.4350323296733669,0.14993785284563785,0.016499287948944383,-0.001832797693997342,997.2697459884788,-1365.1270057605984,0.10000000000000001
2306,0,1.4450940744421485,0.14993942774008118,0.012990593544457644,0.0040726137331240806,997.39630077047514,-1301.8496147624319,0.10000000000000001
2307,0,1.4551552139529713,0.14994407902802934,0.013444058887714787,0.010129667278026855,997.6029863584954,-1198.5068207523,0.10000000000000001
2308,0,1.4652138914600186,0.1499499061805071,0.018331314128195903,0.014093032666454919,997.76186746336896,-1119.066268315521,0.10000000000000001
2309,0,1.4752696725904904,0.14995805112326022,0.022191898992566048,0.014913149637343194,997.63012752449777,-1184.936237751117,0.10000000000000001
2310,0,1.4853281231077384,0.14996377837462455,0.024540307080134629,0.012667496190429199,997.3703711077618,-1314.8144461191009,0.10000000000000001
2311,0,1.4953895510695727,0.14996733857608505,0.028220721805903418,0.0080739711912131747,997.26842298762529,-1365.7885061873571,0.10000000000000001
2312,0,1.5054478552708768,0.14996877883569704,0.031320176440551045,0.0031013060560140275,997.32779843866319,-1336.1007806684029,0.10000000000000001
2313,0,1.5155027848385751,0.14996416799540721,0.02993298330652662,-0.0011311165866829194,997.41860682488891,-1290.6965875555443,0.10000000000000001
2314,0,1.5255598399729278,0.14996103964883165,0.025408024915952249,-0.0033119387673021701,997.49068397583369,-1254.658012083155,0.10000000000000001
2315,0,1.5356137537887034,0.14995733132113695,0.023143136850311573,-0.0018827722071615752,997.61606153868206,-1191.9692306589695,0.10000000000000001
2316,0,1.5456724367849568,0.14995212519615456,0.026099533723155096,0.0017611902970994192,997.73514218624359,-1132.4289068782036,0.10000000000000001
2317,0,1.5557282312598995,0.14995158982319368,0.031464510207407682,0.0048250252216037607,997.59193062188888,-1204.0346890555611,0.10000000000000001
2318,0,1.5657879743573762,0.14995061013807001,0.034850864591078924,0.0059923748959874647,997.19747715731762,-1401.2614213411894,0.10000000000000001
2319,0,1.5758610973149247,0.14995259454497359,0.041330283453342297,0.0069283477389652402,996.97251169264177,-1513.744153679113,0.10000000000000001
2320,0,1.5859222807201114,0.14995608638430591,0.048364757934224428,0.0077530435359212503,996.93723144099056,-1531.3842795047208,0.10000000000000001
2321,0,1.5959919237793463,0.14995384387259014,0.046131310014799316,0.0048802018693756008,996.92342931643338,-1538.2853417833076,0.10000000000000001
2322,0,1.6060487584070071,0.14995450785433934,0.038489638978537959,0.00020860794031868091,996.96951299787679,-1515.2435010616045,0.10000000000000001
2323,0,1.6161209225709932,0.14995708940336377,0.035881315330824219,-0.0018605727760364283,997.53073849197119,-1234.6307540144039,0.10000000000000001
2324,0,1.6261565862897109,0.14995710603196735,0.032222894817878586,-0.0032048443756679881,997.92597435601647,-1037.012821991766,0.10000000000000001
2325,0,1.6362150489583893,0.14994897916162009,0.026080746133512949,-0.0057612488041786161,998.09113748475886,-954.4312576205698,0.10000000000000001
2326,0,1.646254438912812,0.14995144359775014,0.025751912014413465,-0.0067879045959282243,998.22048471672474,-889.7576416376296,0.10000000000000001
2327,0,1.6562926333847401,0.14994342772707703,0.02402522268860571,-0.0074635401084003506,998.0057542152183,-997.12289239084839,0.10000000000000001
2328,0,1.6663519258970103,0.14993332117356403,0.029503159877099863,-0.0096024216234360665,998.23068340935038,-884.65829532481166,0.10000000000000001
2329,0,1.6763639148957514,0.14993471707975933,0.026824680529844144,-0.0083476340706162815,997.59498847071495,-1202.5057646425239,0.10000000000000001
2330,0,1.6864511851646673,0.14991480119096973,0.02774443141153092,-0.0065371812282983598,997.75828345028287,-1120.8582748585627,0.10000000000000001
2331,0,1.6964379462078558,0.14991737728557791,0.028458064499918983,-0.0060749306855661586,997.41873495401808,-1290.6325229909612,0.10000000000000001
2332,0,1.706554377927527,0.14989142077266177,0.024413097428329179,-0.0058237066790964073,997.29662825057483,-1351.6858747125866,0.10000000000000001
2333,0,1.7165054193953,0.14989837467016204,0.022340258845449944,-0.0045850960317946497,997.03927832936949,-1480.3608353152526,0.10000000000000001
2334,0,1.726679877997124,0.14984820269962598,0.018112246529195668,-0.0090578030310558017,997.04139442651785,-1479.3027867410729,0.10000000000000001
2335,0,1.7365425985455079,0.14988258628914375,0.0072627790483034086,-0.0054618283433867827,996.53235463361057,-1733.8226831947168,0.10000000000000001
2336,0,1.7468381932791561,0.1498114040375422,0.0081817774522751439,-0.0042061030590250428,997.14003519051425,-1429.9824047428729,0.10000000000000001
2337,0,1.7565525138938434,0.14983835632790163,0.00059106753664210762,-0.0079240320261033254,996.74621055358807,-1626.8947232059645,0.10000000000000001
2338,0,1.7669813704260682,0.14982250687470422,-0.0053581587186002158,-0.0041769525090410717,997.22068240464819,-1389.6587976759065,0.10000000000000001
2339,0,1.7764805265765069,0.14977998506167403,-0.010683287192308244,-0.0023814739849736624,996.76264757851652,-1618.6762107417394,0.10000000000000001
2340,0,1.7871177111656835,0.14970821106839324,-0.0025881558145344572,-8.8145387554598687e-07,997.32011442965324,-1339.9427851733776,0.10000000000000001
2341,0,1.7963703970958533,0.14965828635322809,0.010258668199509428,0.0017235753557452401,997.56329932670917,-1218.3503366454147,0.10000000000000001
2342,0,1.8072647360590026,0.14956567301199594,-0.0043694044636177062,0.0024263138736321387,996.54178379647317,-1729.1081017634156,0.10000000000000001
2343,0,1.8163255064530091,0.14957955685620122,0.019970892070565516,0.0094668228967647976,997.81509887590948,-1092.4505620452578,0.10000000000000001
2344,0,1.8275505356219091,0.14945503196701382,0.020985397585255559,0.006067807597454484,997.99040258043294,-1004.7987097835289,0.10000000000000001
2345,0,1.8362562694989693,0.14973659822299504,0.011949300980387528,0.0061848982505579202,998.10715421610041,-946.42289194979412,0.10000000000000001
2346,0,1.8508315015882899,0.14877286804034962,0.028566935383524651,-0.0068259571921619371,999.30889625225541,-345.5518738722958,0.10000000000000001
2347,0,1.8506735635749973,0.14914397160809492,0.029360331938799489,-0.0065326893039575964,999.35692029046163,-321.53985476918479,0.10000000000000001
2348,0,1.8775711625916136,0.15576346759022869,0.091280884270322299,0.01289178434851531,998.96423283203285,-517.88358398357559,0.10000000000000001
2349,0,1.8779241386126391,0.15537691379952562,0.094305558852648436,0.012932960054978602,999.22667942357327,-386.6602882133634,0.10000000000000001
2350,0,1.892320723647394,0.15074387640384121,0.089122100511679042,0.0055597513143974715,999.61380243666474,-193.09878166762928,0.10000000000000001
2351,0,1.9126904328702596,0.1513791307701787,0.096115896376996884,-0.023755244932039146,999.88933001019097,-55.334994904512769,0.10000000000000001
2352,0,1.9127567399966747,0.15058297788662819,0.099128415771936915,-0.024791332701258554,999.9627870922385,-18.606453880749996,0.10000000000000001
2353,0,0.091960521439107934,0.15272414802501902,0.00033421064487593725,-0.019769163513481409,999.90132722329679,-49.336388351605365,0.10000000000000001
2354,0,0.093008851125263886,0.15467479194187531,0.0091100224914438619,-0.020663819538187987,999.75505844138695,-122.47077930652495,0.10000000000000001
2355,0,0.10694383046638241,0.15565151362504803,-0.0023949288105276235,-0.025458907222034009,999.37886543043339,-310.56728478330342,0.10000000000000001
2356,0,0.13573181128831469,0.16291605931087966,0.0060866771729405902,-0.0025049500330608793,1000.9388998162723,469.4499081361414,0.10000000000000001
2357,0,0.13877158360713882,0.1718083611818238,0.024743353907659912,-0.084082952369581854,1000.3908847029828,195.44235149140832,0.10000000000000001
2358,0,0.15069925527537692,0.16863765015536955,0.049868952943093722,-0.0085782199778262729,999.11445392649705,-442.7730367514755,0.10000000000000001
2359,0,0.15694975673556072,0.15563297384424457,0.067110621565142858,-0.012463255130761391,998.75858192835403,-620.70903582298342,0.10000000000000001
2360,0,0.16993308406768429,0.16510952221804276,0.061959212515000708,0.027288843987250015,997.44055970111208,-1279.7201494439605,0.10000000000000001
2361,0,0.17775018954802169,0.15662082105306965,0.071092856053788553,-0.0052284305665708337,998.13961229580457,-930.19385209771599,0.10000000000000001
2362,0,0.18909389640304217,0.163324862925599,0.071666580913296099,0.0056100188289402008,997.12657636430424,-1436.711817847879,0.10000000000000001
2363,0,0.19789320176799766,0.15787733354068323,0.088440792687366085,-0.018234077737934815,998.06006201881121,-969.96899059439556,0.10000000000000001
2364,0,0.20858537056966087,0.16148703747266682,0.076928487880016633,0.016191242530480158,996.5806778866064,-1709.6610566968025,0.10000000000000001
2365,0,0.21783499831856173,0.15918689427698229,0.082844372126455942,-0.021268437225742773,997.45979356596581,-1270.1032170170947,0.10000000000000001
2366,0,0.22824514853905797,0.1603828192388578,0.087210046537787744,0.0057305881116772855,995.77346751406287,-2113.2662429685638,0.10000000000000001
2367,0,0.23787756432930007,0.15971954077248263,0.080531853557126012,-0.0114499683200882,996.53754017357471,-1731.2299132126441,0.10000000000000001
2368,0,0.2480763837926252,0.15996683561531058,0.08055461258582497,-0.0057272883459316441,996.20061004688739,-1899.6949765563045,0.10000000000000001
2369,0,0.25796722591821547,0.15983453130381911,0.078654675202109253,-0.00383444256937544,996.48757096455199,-1756.2145177240041,0.10000000000000001
2370,0,0.26807576264288313,0.15994164098730593,0.076761352301640356,-0.0070945584073265101,996.86681634975662,-1566.5918251216908,0.10000000000000001
2371,0,0.27804291272150372,0.1598194609023543,0.075162594246921496,-0.004630177582711629,997.04459431754424,-1477.702841227881,0.10000000000000001
2372,0,0.28811866977620765,0.16001111568294782,0.07125084999226354,-0.0047437815607308713,997.54882858043857,-1225.5857097807166,0.10000000000000001
2373,0,0.29810405246637028,0.1598423199440544,0.071531140621902439,-0.0071826057441662936,997.94403567994095,-1027.9821600295236,0.10000000000000001
2374,0,0.30816818488219538,0.16001873413777423,0.071666923527128015,-0.002697481717168286,997.98932024710552,-1005.3398764472377,0.10000000000000001
2375,0,0.31816454299545471,0.15987961528728306,0.065887304910941427,-0.002943145411948323,998.3010775138672,-849.46124306640058,0.10000000000000001
2376,0,0.32821852142729097,0.15999838750994591,0.061971539761361667,0.0027689614100290341,998.29610745407069,-851.94627296465342,0.10000000000000001
2377,0,0.33822551591315603,0.15992818604637535,0.062441061091281565,-0.0019140097125790899,998.41189446815133,-794.05276592433438,0.10000000000000001
2378,0,0.34828631837520929,0.15995663320404205,0.060478285140504844,0.0065135611320978823,998.07970536674065,-960.14731662967279,0.10000000000000001
2379,0,0.35830415794987813,0.15997056441930421,0.052828290556683526,-0.00012415598209744756,998.31317988295007,-843.41005852496664,0.10000000000000001
2380,0,0.36834836503839147,0.15993374712047387,0.054831440619263205,-0.0010807163685798724,997.95807802527179,-1020.9609873641057,0.10000000000000001
2381,0,0.37840566050215824,0.15996683880066145,0.049608964385766521,-0.00033880231529929641,997.72313049010143,-1138.4347549492873,0.10000000000000001
2382,0,0.38844072961093001,0.1599440608385444,0.044704903409739864,-0.0034392748997318385,997.5273815397519,-1236.3092301240499,0.10000000000000001
2383,0,0.39850436886663659,0.15995952036420383,0.048147278066965622,-0.0037145347399336576,997.02890477589744,-1485.5476120512776,0.10000000000000001
2384,0,0.4085668984528506,0.15994278512144919,0.04663215322937795,3.2239457197099069e-06,996.89697839974485,-1551.5108001275735,0.10000000000000001
2385,0,0.41862977057098649,0.15996048364239207,0.043839256082395715,0.0031259652793719519,997.09643440043089,-1451.7827997845529,0.10000000000000001
2386,0,0.42868202203956302,0.15995194483311106,0.051331853697992709,0.002060148000476901,997.21451494120834,-1392.7425293958322,0.10000000000000001
2387,0,0.43875201770277467,0.15994959999730912,0.059598184801140278,0.0035454676500934149,997.30179308301899,-1349.1034584905037,0.10000000000000001
2388,0,0.44880489302653542,0.15995935084839188,0.062507442055681983,0.0028382252590993208,997.65140453903098,-1174.2977304845112,0.10000000000000001
2389,0,0.45885772337883912,0.15995165038222883,0.065575518281142317,0.0012666458932808317,997.89032741563676,-1054.8362921816192,0.10000000000000001
2390,0,0.46891103550453933,0.15996275599905083,0.067115360378630154,-0.00025682249048576835,997.93266972097376,-1033.6651395131184,0.10000000000000001
2391,0,0.47895764117421291,0.15996382998824382,0.066232959894118287,-0.00079360834859804074,997.92146614117041,-1039.2669294147936,0.10000000000000001
2392,0,0.4890126622238139,0.15996459224416226,0.062628210202286344,0.0025778083063654512,997.89527071233124,-1052.3646438343803,0.10000000000000001
2393,0,0.49906127467005185,0.15996916852429705,0.05995544176802424,0.0068978485371485373,997.82125888763937,-1089.3705561803131,0.10000000000000001
2394,0,0.50911450679977766,0.15996402269543791,0.060961218949546085,0.011143906640638286,997.62262608388153,-1188.6869580592361,0.10000000000000001
2395,0,0.51917273062600267,0.15995948338339527,0.061507778234788653,0.014463183558971344,997.43665026969973,-1281.6748651501371,0.10000000000000001
2396,0,0.52922796041123898,0.1599525490335176,0.060765720973643834,0.014572210133177202,997.33693350514648,-1331.533247426762,0.10000000000000001
2397,0,0.53928554512937221,0.15994341353895611,0.061843280362017652,0.011608351146446313,997.15393763141265,-1423.0311842936771,0.10000000000000001
2398,0,0.54934487443967328,0.15993834629756523,0.064790682335328476,0.0061174078996933737,996.85318155815435,-1573.4092209228265,0.10000000000000001
2399,0,0.55940777801989838,0.15993410426143337,0.06619509879237151,-0.00036190707990254537,996.63634986670627,-1681.8250666468657,0.10000000000000001
2400,0,0.56947173675267271,0.15993429896970815,0.065811659381723925,-0.0058954153160108392,996.61566528994786,-1692.1673550260721,0.10000000000000001
2401,0,0.5795329188146352,0.15993739162346901,0.067817306620495468,-0.0094011443951086821,996.69760965726778,-1651.1951713661119,0.10000000000000001
2402,0,0.5895958343908686,0.15994132060326638,0.072355849635058672,-0.010064968658956983,996.85571731271557,-1572.1413436422154,0.10000000000000001
2403,0,0.59965664041496025,0.15994665578329778,0.076438384098476447,-0.0087189215115639363,997.15974313186393,-1420.1284340680331,0.10000000000000001
2404,0,0.60971283490130646,0.15995009579786618,0.079556742821397769,-0.0061199005146881256,997.52239577929038,-1238.8021103548112,0.10000000000000001
2405,0,0.61976641031049362,0.15995290164960121,0.081386865778118711,-0.0032685128261417599,997.79062612409211,-1104.686937953943,0.10000000000000001
2406,0,0.62981706649061553,0.15995435860508217,0.080726405791330377,-0.0015751598728476705,997.87590763657113,-1062.046181714436,0.10000000000000001
2407,0,0.6398681703257314,0.15995459069348297,0.076100849069628385,-0.0012221557712993973,997.77211443791521,-1113.9427810423967,0.10000000000000001
2408,0,0.649920305614202,0.1599546221623554,0.067705507702786383,-0.0019647378335365256,997.51729126257635,-1241.3543687118249,0.10000000000000001
2409,0,0.659975252201211,0.1599540580072453,0.057999707845477942,-0.0029053809588352832,997.13092756881736,-1434.5362155913222,0.10000000000000001
2410,0,0.67003582317541921,0.15995404397663951,0.048787792634580315,-0.0033636850981586747,996.69931805007081,-1650.3409749645925,0.10000000000000001
2411,0,0.6801009398157003,0.1599538003172821,0.041299139427285643,-0.0031054915440055604,996.34690100040791,-1826.5494997960445,0.10000000000000001
2412,0,0.69017017053478558,0.15995272171432209,0.036819348422491467,-0.0016718484779920707,996.14138181138037,-1929.309094309815,0.10000000000000001
2413,0,0.70024213538652047,0.15995098216075798,0.035971630741233718,0.00072894918207753155,996.08160731837108,-1959.1963408144579,0.10000000000000001
2414,0,0.71031513426421844,0.15994870457217536,0.038079641695911687,0.003284575399659824,996.12128588195196,-1939.3570590240188,0.10000000000000001
2415,0,0.72038799409515764,0.15994579735943726,0.04125175448548371,0.0052688869405509318,996.21089575159851,-1894.552124200743,0.10000000000000001
2416,0,0.73045981268766347,0.15994245577264365,0.043655521049214371,0.0064701710662113726,996.29133337997496,-1854.333310012521,0.10000000000000001
2417,0,0.74053049946252891,0.15993992466493162,0.044111673263368276,0.0068556681291279779,996.31150759228467,-1844.246203857665,0.10000000000000001
2418,0,0.75060036019936327,0.15993810084982074,0.042147879027461616,0.0065016372463855138,996.26201773113064,-1868.9911344346797,0.10000000000000001
2419,0,0.76067027925923103,0.15993704163536634,0.038033567726601818,0.005868703038396603,996.17686364430915,-1911.5681778454245,0.10000000000000001
2420,0,0.77074025731281903,0.15993687919337293,0.033121430513129969,0.0052699652951081356,996.09557016513077,-1952.2149174346168,0.10000000000000001
2421,0,0.78081069912378775,0.15993664930816048,0.029207547492179582,0.0047547892862888587,996.03376901535614,-1983.1154923219287,0.10000000000000001
2422,0,0.79088212590607365,0.15993629968007519,0.027095928759982291,0.0039623865816637502,996.01209461736073,-1993.9526913196346,0.10000000000000001
2423,0,0.80095363577030132,0.1599356065085544,0.027066161055248103,0.0022244112871822961,996.03250508998269,-1983.747455008654,0.10000000000000001
2424,0,0.81102502316050584,0.1599343429390524,0.029254209332683408,-0.00069755753137069778,996.05370063316207,-1973.149683418967,0.10000000000000001
2425,0,0.82109662398530825,0.15993322925111014,0.033217162333335319,-0.0045142821022792576,996.03943813212038,-1980.2809339398095,0.10000000000000001
2426,0,0.83116885411581642,0.15993279631577104,0.037961997525877499,-0.0084643433801666803,996.00082958776886,-1999.5852061155688,0.10000000000000001
2427,0,0.84124162157483517,0.15993366244913448,0.042313063376436685,-0.011492020871880945,995.99106233136308,-2004.4688343184589,0.10000000000000001
2428,0,0.85131383088086232,0.15993595484071618,0.046091518287934292,-0.012526471887394816,996.04367999373005,-1978.160003134974,0.10000000000000001
2429,0,0.86138536787331643,0.15993913557772049,0.049793923148456286,-0.010712135819191764,996.16876071314471,-1915.6196434276467,0.10000000000000001
2430,0,0.87145572734152266,0.15994297838630092,0.052990564590755594,-0.006174677394444392,996.393680735619,-1803.1596321904999,0.10000000000000001
2431,0,0.88152289290738306,0.15994691143665626,0.054861348176442434,-0.00017807223452795745,996.71149696399857,-1644.2515180007149,0.10000000000000001
2432,0,0.89158584867875013,0.15995008169352359,0.055243211665559337,0.0056776667794936802,997.05396539355559,-1473.0173032222069,0.10000000000000001
2433,0,0.90164481388753859,0.1599522658586337,0.054132568220140891,0.0099406161938684259,997.3481650923577,-1325.9174538211482,0.10000000000000001
2434,0,0.91170028448334439,0.15995374472566903,0.051040433041340497,0.011495288593136289,997.54929126389152,-1225.3543680542407,0.10000000000000001
2435,0,0.92175312014332045,0.15995476851829951,0.0456210826467848,0.010014241447873155,997.64879142809775,-1175.604285951124,0.10000000000000001
2436,0,0.93180463355026166,0.15995542624157252,0.038725031068870812,0.006319796704957097,997.6759551080911,-1162.0224459544488,0.10000000000000001
2437,0,0.94185599603264392,0.15995606417341043,0.031958950288930081,0.0018911711178818658,997.67937669821083,-1160.3116508945845,0.10000000000000001
2438,0,0.95190746570696683,0.15995698485653378,0.026602828910656681,-0.0019487698073662357,997.70096293875531,-1149.5185306223448,0.10000000000000001
2439,0,0.96195906348597049,0.15995796248021171,0.023528070987838594,-0.0042779481776176031,997.77461587380742,-1112.69206309629,0.10000000000000001
2440,0,0.97201050730169591,0.15995891292021452,0.023623567582020857,-0.0048188674966715729,997.92191843233309,-1039.0407838334568,0.10000000000000001
2441,0,0.98206063699050561,0.15995995720344205,0.027492761268096341,-0.0041266649090471357,998.10143986724347,-949.28006637826456,0.10000000000000001
2442,0,0.99210935178389048,0.15996090677501903,0.034368642170003509,-0.0031431466783384846,998.22770999204704,-886.14500397648044,0.10000000000000001
2443,0,1.0021578139856997,0.15996167025573679,0.042511354462872429,-0.0026925884275251074,998.27222418971712,-863.88790514143921,0.10000000000000001
2444,0,1.0122062015008866,0.15996230954051321,0.050716316398239446,-0.0031291415514363386,998.24555764702768,-877.22117648615949,0.10000000000000001
2445,0,1.0222547143871628,0.15996268465423311,0.057787613131824227,-0.0041190177446820547,998.13299455461436,-933.50272269282186,0.10000000000000001
2446,0,1.032304590585907,0.15996283715147305,0.061969312769617133,-0.0048451460046135186,997.95918122428759,-1020.4093878562048,0.10000000000000001
2447,0,1.0423558443857928,0.15996293762444991,0.062435091781247273,-0.004360662175286285,997.80778347792295,-1096.1082610385233,0.10000000000000001
2448,0,1.0524074128353738,0.15996287316397523,0.059738375711305088,-0.0020898638642805221,997.72135233651443,-1139.3238317427858,0.10000000000000001
2449,0,1.0624590716182363,0.15996274564199253,0.054740768408239458,0.0017221057669553736,997.68110687375906,-1159.4465631204685,0.10000000000000001
2450,0,1.0725108700458015,0.15996279879081243,0.048281196215009765,0.0061808414999318271,997.65643211807503,-1171.7839409624844,0.10000000000000001
2451,0,1.0825630598373619,0.15996275016361458,0.041599819428434506,0.0099782153818128577,997.60900751755651,-1195.4962412217469,0.10000000000000001
2452,0,1.0926167855024342,0.15996228483387576,0.036289293784044156,0.011632822383753953,997.4937790854849,-1253.1104572575487,0.10000000000000001
2453,0,1.1026733116221337,0.15996137772706698,0.033218225700250265,0.010299888094711383,997.28380549591918,-1358.0972520404089,0.10000000000000001
2454,0,1.1127334203309982,0.15995985464572221,0.032048637474094074,0.0062680796736254291,996.98835193504681,-1505.8240324765961,0.10000000000000001
2455,0,1.1227975158825969,0.15995748887830438,0.03228958037444677,0.00061099867919756795,996.65212739699859,-1673.9363015007029,0.10000000000000001
2456,0,1.1328657079747222,0.15995451585009332,0.033957323183703356,-0.0052483967245299922,996.34723574700456,-1826.3821264977196,0.10000000000000001
2457,0,1.1429368915781513,0.15995172400965182,0.036921235134630595,-0.0097280465274872541,996.14038117419068,-1929.8094129046603,0.10000000000000001
2458,0,1.1530089951784741,0.15994957448672004,0.04039464264628756,-0.011571347759456025,996.03665596903454,-1981.6720154827294,0.10000000000000001
2459,0,1.1630814779822942,0.15994818664734584,0.043979092444553336,-0.010638569549328491,996.00588077455564,-1997.0596127221825,0.10000000000000001
2460,0,1.173154265213745,0.15994801480836343,0.04820667846207663,-0.0077617518322797849,996.0348300759706,-1982.5849620146982,0.10000000000000001
2461,0,1.1832263253937205,0.15994889907537363,0.052938179246667563,-0.0039906909366798733,996.0877217202177,-1956.1391398911496,0.10000000000000001
2462,0,1.193297622376156,0.15995022422314886,0.057011187737629102,-0.00036160340698703782,996.10976822881287,-1945.115885593566,0.10000000000000001
2463,0,1.2033686415276676,0.1599514980334695,0.059415620676531007,0.0023831066194829847,996.08931088158488,-1955.3445592075605,0.10000000000000001
2464,0,1.2134397484967672,0.15995204325777038,0.059658358057470141,0.0039778970845426214,996.06345638923153,-1968.2718053842336,0.10000000000000001
2465,0,1.2235107790756656,0.15995211025380035,0.057805726937570794,0.00468012515347599,996.07619160645493,-1961.9041967725366,0.10000000000000001
2466,0,1.2335808242965725,0.15995196000728171,0.054089441675875934,0.005174451223325203,996.12987291955267,-1935.0635402236662,0.10000000000000001
2467,0,1.2436503337816662,0.15995169028002326,0.049254962367556214,0.0058425233830497018,996.20703380879922,-1896.483095600388,0.10000000000000001
2468,0,1.2537196925003862,0.1599523605345568,0.045049977034716172,0.0066412018686830866,996.29406879938654,-1852.9656003067316,0.10000000000000001
2469,0,1.2637888026083928,0.15995390751337471,0.042855596443232856,0.0072466839932711852,996.35356398367526,-1823.218008162371,0.10000000000000001
2470,0,1.2738584456149284,0.15995629379241186,0.042984074780872641,0.0071696698418208657,996.35131960830336,-1824.3401958483219,0.10000000000000001
2471,0,1.2839288763900867,0.15995966780159124,0.044991947665964122,0.0062861969456106609,996.29374778916656,-1853.1261054167203,0.10000000000000001
2472,0,1.2939999560616187,0.15996269757834417,0.047771377511460475,0.0045726501600884661,996.22932446323625,-1885.3377683818735,0.10000000000000001
2473,0,1.3040708416269267,0.15996512729495982,0.049579921691192796,0.0021859741888023026,996.21502327837891,-1892.4883608105461,0.10000000000000001
2474,0,1.3141403309981852,0.15996703075058957,0.048559507723244501,-0.00017913810199776762,996.29576537883258,-1852.1173105837079,0.10000000000000001
2475,0,1.3242068224213288,0.15996811048622292,0.044062623491529389,-0.001737330183112623,996.51417112598244,-1742.9144370087783,0.10000000000000001
2476,0,1.3342691433791538,0.15996821901905897,0.036788268348077142,-0.0022763270644472113,996.87027521422476,-1564.8623928876191,0.10000000000000001
2477,0,1.3443268292961601,0.15996794740328074,0.028023541165270466,-0.0021962478759305635,997.29351655837183,-1353.2417208140828,0.10000000000000001
2478,0,1.3543790553255302,0.15996795355046128,0.018982578383459764,-0.0016832173479270258,997.65981043200031,-1170.0947839998435,0.10000000000000001
2479,0,1.3644287641173536,0.15996724055661873,0.01146596947766779,-0.0013378663221830403,997.88511853693342,-1057.4407315332905,0.10000000000000001
2480,0,1.3744776218091379,0.15996614198797485,0.0077472531943437659,-0.0019763561935517587,997.94952005033656,-1025.2399748317202,0.10000000000000001
2481,0,1.3845265921182839,0.15996370780263067,0.0079085941288183342,-0.0038129845186627084,997.82292742328912,-1088.5362883554421,0.10000000000000001
2482,0,1.3945788115385693,0.15996006082286929,0.010459540737346557,-0.0065939872182952429,997.52315259063596,-1238.4237046820203,0.10000000000000001
2483,0,1.4046336100178392,0.15995576483171531,0.013871626854950244,-0.0089070812684229426,997.13941396196753,-1430.2930190162328,0.10000000000000001
2484,0,1.4146932763111137,0.15994982617086115,0.017621915415873522,-0.0098318439642690707,996.82789272010064,-1586.0536399496823,0.10000000000000001
2485,0,1.4247547579331243,0.15994561011685918,0.021392516002883468,-0.0086674624535645409,996.68926561340277,-1655.3671932986163,0.10000000000000001
2486,0,1.4348140238268507,0.15994233157946922,0.022273615529591954,-0.0046888426362238006,996.65225255416692,-1673.8737229165395,0.10000000000000001
2487,0,1.4448754034089315,0.15994246153844086,0.020326352973190864,0.0012186788674564285,996.72323710038779,-1638.3814498061042,0.10000000000000001
2488,0,1.4549347915965589,0.15994691998740293,0.019970123065540701,0.007829367496209062,996.99146245065504,-1504.2687746724823,0.10000000000000001
2489,0,1.4649906991317416,0.15995217917863228,0.02171143102991149,0.013075747623170009,997.34861073171885,-1325.6946341405751,0.10000000000000001
2490,0,1.4750437517468902,0.15996176055888806,0.022248271484199868,0.015554602892238166,997.5647880483541,-1217.6059758229485,0.10000000000000001
2491,0,1.4850942099628979,0.15996819099454551,0.021370110380647057,0.014636650058453545,997.65209719873371,-1173.9514006331433,0.10000000000000001
2492,0,1.4951491715647465,0.15997227715434165,0.022870420571157627,0.010223123002028048,997.79574861565413,-1102.1256921729332,0.10000000000000001
2493,0,1.5051986504687427,0.15997634462474997,0.025877815456368025,0.0049473327062111924,997.92801625758239,-1035.9918712088074,0.10000000000000001
2494,0,1.5152453116825919,0.15997002510407268,0.02562580802884299,-0.00020204935080646546,997.90411472364542,-1047.9426381772896,0.10000000000000001
2495,0,1.5252997883661179,0.15996763929053867,0.02466540917073233,-0.0040084478790569922,997.81713564656877,-1091.4321767156139,0.10000000000000001
2496,0,1.5353463772333353,0.15996424064333109,0.026046434693066268,-0.0034220393166706259,997.73095847302966,-1134.5207634851704,0.10000000000000001
2497,0,1.5454025660438457,0.15995195428466669,0.029529671338052076,-0.0011319413400068515,997.63182956453863,-1184.0852177306829,0.10000000000000001
2498,0,1.555456911521607,0.15995840129245029,0.033582939354701864,0.00192251513988923,997.38316122512629,-1308.4193874368566,0.10000000000000001
2499,0,1.5655118508946964,0.15994838653742116,0.035451464873484918,0.0043145765482747126,997.04960011582762,-1475.1999420861921,0.10000000000000001
2500,0,1.575585035472268,0.15995143605701559,0.041627668587111144,0.0044140568897356076,997.03808801773039,-1480.955991134806,0.10000000000000001
2501,0,1.5856370228556014,0.15996234088865421,0.046799209536430048,0.0070803178303289515,997.08155446475257,-1459.2227676237144,0.10000000000000001
2502,0,1.595699560262404,0.15994644868763988,0.040875084430883613,0.0051097767609370858,997.03940381034818,-1480.2980948259119,0.10000000000000001
2503,0,1.6057574218537518,0.15996616943072151,0.034458582569486203,0.0013882154948508326,997.24980176670329,-1375.0991166483573,0.10000000000000001
2504,0,1.6158188829690374,0.1599516384224445,0.034621403248782649,-4.2115892899616433e-05,997.86946360555896,-1065.2681972205187,0.10000000000000001
2505,0,1.6258506950220786,0.1599781436988435,0.030046610627775232,0.0011465827064940032,998.198996799817,-900.50160009150204,0.10000000000000001
2506,0,1.6358951960392103,0.15994536752947,0.023414749578207252,-0.001425702624853455,998.33983454516374,-830.08272741813016,0.10000000000000001
2507,0,1.645942253612291,0.15997682001648642,0.025136172263581762,-0.0041837335709831057,998.55018870106312,-724.90564946843961,0.10000000000000001
2508,0,1.6559533759583469,0.15997002190811219,0.022564593496162109,2.0888097435062752e-05,998.23871106982642,-880.64446508678884,0.10000000000000001
2509,0,1.6660123175621906,0.15992361151356996,0.025563009466375228,-0.010684230608885945,998.41841557398118,-790.79221300941072,0.10000000000000001
2510,0,1.6760227417043607,0.16000971652027104,0.027768076501435771,-0.0054078571264487337,997.93687588500313,-1031.5620574984337,0.10000000000000001
2511,0,1.6860750168704692,0.15986630654493464,0.027725012117784033,-0.011482145967019233,997.85576063052122,-1072.1196847393912,0.10000000000000001
2512,0,1.6960883639885689,0.16002736637920179,0.027295515349564869,-0.0087964175710189378,997.50507613031789,-1247.4619348410556,0.10000000000000001
2513,0,1.7061388868137226,0.15983499826274877,0.026586755178339781,-0.010635321020905491,997.39238305115521,-1303.8084744223966,0.10000000000000001
2514,0,1.7161438277210741,0.16001579608877595,0.023504280976603547,-0.0055840077612291572,996.98308990689247,-1508.4550465537632,0.10000000000000001
2515,0,1.7262195932539082,0.15982465693386286,0.019513426798151302,-0.0014015817332556845,996.75860329490888,-1620.6983525455598,0.10000000000000001
2516,0,1.7361818658658124,0.15993549439952526,0.014102445338567592,-0.00066087479688345786,996.83573850659479,-1582.1307467026031,0.10000000000000001
2517,0,1.7463039814783961,0.15985158146502912,0.0040156189019936242,0.0067584236173304519,996.52084472419301,-1739.5776379034942,0.10000000000000001
2518,0,1.7561740207724994,0.15997523317644102,-0.0024014343132195289,0.0034878690929714268,996.45768402573708,-1771.1579871314598,0.10000000000000001
2519,0,1.7663878699354383,0.15975847461741616,-0.0040982460593626015,-0.00631141979547248,996.96588763110208,-1517.0561844489612,0.10000000000000001
2520,0,1.7759834863172836,0.16046128571731436,-0.013086780142322993,0.011236680491928027,996.12900819375284,-1935.4959031235808,0.10000000000000001
2521,0,1.7864143675820587,0.15921662537533618,-0.0019562427324850743,-0.022341352110947239,997.99422412363128,-1002.8879381843581,0.10000000000000001
2522,0,1.7956173794757551,0.16163391819521072,0.0071392942285408521,0.017607710975695873,996.81498712295604,-1592.5064385219798,0.10000000000000001
2523,0,1.8063436984006389,0.15789363002154025,-0.0014236781706769089,-0.01961760851935478,997.9614460214035,-1019.2769892982483,0.10000000000000001
2524,0,1.8151061839227183,0.16350847002195273,0.022645468412254007,0.011933981781388558,996.84916441791108,-1575.4177910444582,0.10000000000000001
2525,0,1.826496141592922,0.15664979759437961,0.026620357298349748,0.0044975680005579976,997.87748554184338,-1061.2572290783078,0.10000000000000001
2526,0,1.8342605176050628,0.16516079869204978,0.024717883612309616,0.041356738471087361,996.51422233323603,-1742.8888333819827,0.10000000000000001
2527,0,1.8472880987212283,0.15560201551907021,0.018031720960816358,-0.0036425782418577483,998.56031417705231,-719.84291147384738,0.10000000000000001
2528,0,1.8535556724176285,0.1684150631201157,0.033587412109586032,-0.00075097564643587876,998.23961300209828,-880.19349895085952,0.10000000000000001
2529,0,1.8651252298959768,0.17154664102412509,0.044388963471413009,-0.084830382872321322,1000.0178871241105,8.9435620552649198,0.10000000000000001
2530,0,1.868579272652384,0.16281223506733306,0.081778429233928737,-0.0059193745623213768,1000.7811456272418,390.57281362090635,0.10000000000000001
2531,0,1.8973813897127314,0.15562997536649131,0.089662940232930879,-0.0207741545911449,999.45948651641265,-270.25674179367343,0.10000000000000001
2532,0,1.9113208243178181,0.15463879085915619,0.080482729581714305,-0.024445763658361892,999.54190061527777,-229.04969236111583,0.10000000000000001
2533,0,1.9123750051503625,0.15268709542871456,0.090316429544773189,-0.022817590501457985,999.74667521630818,-126.66239184591177,0.10000000000000001
2534,0,0.10745509204396217,0.15528945428223351,-0.0033449269705148354,-0.022263111079844779,999.31986495533602,-340.06752233199222,0.10000000000000001
2535,0,0.11795284372075075,0.19579885574859027,-0.19391724046766176,-1.5903207899489051,1015.2634778434908,7631.7389217454092,0.10000000000000001
2536,0,0.10330851355585483,0.15741931280405264,0.0091268893633833729,-0.034913267087203388,999.19796259667294,-401.01870166353137,0.10000000000000001
2537,0,0.13312900185740528,0.15963639125796855,0.017952144060842987,-0.069220033264355607,1001.1056109110591,552.80545552955118,0.10000000000000001
2538,0,0.13154841075237789,0.16212384267349583,0.039813315595750839,0.061283917654697873,997.1522478471461,-1423.87607642695,0.10000000000000001
2539,0,0.15205505849444428,0.16840365883548999,0.051512621027368991,-0.014679102470374565,999.00762504657177,-496.18747671411256,0.10000000000000001
2540,0,0.15982003063105057,0.1639066822268018,0.060144283500422009,-0.045836773873493303,999.29435086289243,-352.82456855378541,0.10000000000000001
2541,0,0.17058439958072838,0.17189495373081154,0.046034700859357798,0.029278595539749715,998.64949273887169,-675.25363056415699,0.10000000000000001
2542,0,0.17896656446325071,0.16481585282065953,0.055216745996728517,-0.023415649142582252,998.28469490011184,-857.65254994407769,0.10000000000000001
2543,0,0.18968197670108447,0.17234048865598472,0.054756660307505381,-0.054541285267838649,997.64210507830865,-1178.9474608456771,0.10000000000000001
2544,0,0.19845703474171378,0.1666177574840203,0.081749179361237712,-0.0020230935318460786,996.95850457456322,-1520.7477127183893,0.10000000000000001
2545,0,0.20898596192296498,0.17239328108756921,0.062676780212080715,-0.0031658336216993745,997.60418846717312,-1197.9057664134416,0.10000000000000001
2546,0,0.21826969090021855,0.16773168550966655,0.070246418197274868,-0.017063933182016343,996.96810322814326,-1515.9483859283682,0.10000000000000001
2547,0,0.22854404762533934,0.17182675214346566,0.072046704411447879,0.0098887399460236593,996.47844076952765,-1760.7796152361743,0.10000000000000001
2548,0,0.23824547652815906,0.16861796105944088,0.068793851756258725,-0.018710951738369466,996.43263094675717,-1783.6845266214141,0.10000000000000001
2549,0,0.248367606984326,0.17085730228990831,0.069930163712875762,0.0087971260691080654,995.91320029782491,-2043.3998510875426,0.10000000000000001
2550,0,0.2582730419364615,0.16942805691150267,0.070210373079396274,-0.018634022591274522,996.18478549744054,-1907.6072512797282,0.10000000000000001
2551,0,0.26835424785042783,0.17000445060322508,0.067860064256256861,0.020524931122463938,996.29929064318071,-1850.3546784096443,0.10000000000000001
2552,0,0.27834345412943789,0.17009338065653756,0.064633741202642814,-0.010536658210642641,997.19210921505646,-1403.9453924717691,0.10000000000000001
2553,0,0.28836551220697565,0.16968185950683604,0.062778193837174173,0.0036990937957090513,997.68175671604968,-1159.1216419751618,0.10000000000000001
2554,0,0.29838722845120752,0.17020537517704007,0.064625982321308464,-0.010713511113653615,998.12740879022942,-936.29560488528796,0.10000000000000001
2555,0,0.3084029588766849,0.16974546347184818,0.066136341929528691,0.0023493048902020852,998.26776983252171,-866.11508373914603,0.10000000000000001
2556,0,0.31843620230668174,0.17006856672724585,0.060961302938920575,0.0069824763687245323,998.63407608886121,-682.96195556939665,0.10000000000000001
2557,0,0.32845675878185615,0.16996486491586543,0.057496180736643726,-0.00076287706428806697,998.80190177453505,-599.04911273247308,0.10000000000000001
2558,0,0.33846908943455584,0.16987972436981769,0.059271783063993062,0.003651106043544882,998.49663209579273,-751.68395210363315,0.10000000000000001
2559,0,0.34853086153075791,0.17005101533824904,0.054560143531176206,0.017009445179524494,998.424787622812,-787.60618859399756,0.10000000000000001
2560,0,0.35853706410111763,0.16990986522467991,0.047144905304889836,-0.0042867481947698625,998.5219792169994,-739.01039150030101,0.10000000000000001
2561,0,0.36858462890864979,0.16996275119075266,0.050670805866503209,0.00074900884660002306,997.91387858521989,-1043.0607073900546,0.10000000000000001
2562,0,0.37863071258935654,0.1699597025649478,0.04631563437709918,0.0024407863911795171,997.7288246384345,-1135.5876807827485,0.10000000000000001
2563,0,0.38867311523855785,0.16993259949085843,0.042149299072360404,-0.0040950539074307091,997.61131301280727,-1194.3434935963637,0.10000000000000001
2564,0,0.39872288437136183,0.16997652541825811,0.047103217280843081,-0.0099344298669402382,997.14005041254995,-1429.9747937250231,0.10000000000000001
2565,0,0.40877839170413249,0.16989809506472595,0.047836568300304874,0.0011226112851546624,996.94510126135185,-1527.4493693240743,0.10000000000000001
2566,0,0.4188420773012429,0.16999620994016904,0.044744738970133514,-0.00033188905197373546,997.19597959923271,-1402.0102003836428,0.10000000000000001
2567,0,0.42888099994451812,0.16991400412615959,0.049929129118486203,-0.0059899605470880987,997.21788011747537,-1391.0599412623128,0.10000000000000001
2568,0,0.43894682937152901,0.16994829747258333,0.056311242237765416,0.0045798581133442515,997.18938363559107,-1405.3081822044646,0.10000000000000001
2569,0,0.44899727574347253,0.16996444315849227,0.057811762174734604,-0.0014041511902389186,997.49349041979326,-1253.2547901033695,0.10000000000000001
2570,0,0.45904542489579497,0.16991825939894223,0.059879847768098994,0.0026791826892694549,997.71471030206476,-1142.6448489676204,0.10000000000000001
2571,0,0.4690982204751199,0.16997780776111804,0.060822783937966723,0.002600378826475624,997.93581953188698,-1032.0902340565112,0.10000000000000001
2572,0,0.47914016679528354,0.16994018406352207,0.061576065360027896,1.750629519993949e-05,998.04446938306751,-977.7653084662461,0.10000000000000001
2573,0,0.48919274864342188,0.16995377086570199,0.060503809357264605,0.0076664986441910095,998.07028958764522,-964.85520617738985,0.10000000000000001
2574,0,0.49923782473573142,0.16996701499540362,0.058357001416032471,0.0071330053811771129,998.06326125636826,-968.36937181586791,0.10000000000000001
2575,0,0.50928481089254285,0.16994275582395807,0.058446897179543031,0.0097994605630672502,997.7962515700101,-1101.8742149949503,0.10000000000000001
2576,0,0.5193383065709376,0.16995777672763865,0.057335392102548829,0.012034748481752965,997.4730879839849,-1263.4560080075516,0.10000000000000001
2577,0,0.5293882190905862,0.16994522144927601,0.054956504016934082,0.008626008298834361,997.1743155153265,-1412.842242336751,0.10000000000000001
2578,0,0.5394421549313918,0.1699387343713224,0.05423362809555983,0.0056253834351127994,996.81963470160747,-1590.1826491962652,0.10000000000000001
2579,0,0.54949822104376211,0.16994197972903083,0.055275938221943911,-0.00022424377619005066,996.49656356754429,-1751.7182162278573,0.10000000000000001
2580,0,0.55955676056311987,0.16993233268683353,0.056603387346462558,-0.0047787626009051154,996.32566926706841,-1837.165366465797,0.10000000000000001
2581,0,0.56961625970754237,0.1699381423386708,0.057729586992326352,-0.0079559072585190533,996.38976318835705,-1805.1184058214744,0.10000000000000001
2582,0,0.57967292008248172,0.1699392115827455,0.060806995645110967,-0.010612616790995325,996.58615942346887,-1706.9202882655645,0.10000000000000001
2583,0,0.5897303287609561,0.16993920354405159,0.06548146440593354,-0.0091195355662592129,996.84066963500572,-1579.6651824971377,0.10000000000000001
2584,0,0.59978498993342289,0.16994523113304652,0.069268595718412485,-0.0069254548016452573,997.16924366961223,-1415.3781651938857,0.10000000000000001
2585,0,0.60983597853477556,0.16994401592860939,0.071658456105852919,-0.0041700753225094537,997.47208968285315,-1263.9551585734239,0.10000000000000001
2586,0,0.61988547796013194,0.16994576168371409,0.072159574593924303,-0.0010154057987964303,997.66840689955222,-1165.7965502238881,0.10000000000000001
2587,0,0.62993277603074826,0.16994631465814708,0.070193335049509059,0.00034054747446975235,997.72776168440305,-1136.1191577984755,0.10000000000000001
2588,0,0.63998062369074415,0.169945290698444,0.065481196760894811,0.0010428133278766189,997.6538283400746,-1173.0858299627016,0.10000000000000001
2589,0,0.65002949450626357,0.16994641740975891,0.058594730342516263,0.00054540405602713593,997.48586325772885,-1257.0683711355741,0.10000000000000001
2590,0,0.66008063137586703,0.16994567556254486,0.051304298420552986,7.9749473539278561e-05,997.24144074515664,-1379.2796274216812,0.10000000000000001
2591,0,0.67013581760373808,0.16994636314732012,0.044689867330344211,0.00069269217420517336,996.97915101885769,-1510.4244905711539,0.10000000000000001
2592,0,0.68019370501826337,0.16994710724269774,0.039588021321617407,0.0014233187506970957,996.75396647445325,-1623.0167627733749,0.10000000000000001
2593,0,0.6902542062498116,0.16994597253659227,0.036830820130480849,0.0029179894366538638,996.57077760034451,-1714.6111998277433,0.10000000000000001
2594,0,0.70031659436645688,0.16994378397962714,0.03633383449659263,0.0050137906716349158,996.43379183791944,-1783.1040810402783,0.10000000000000001
2595,0,0.71037962004679167,0.16994140821506265,0.037372344137094227,0.0066035636356713938,996.33497731743216,-1832.5113412839187,0.10000000000000001
2596,0,0.72044251039987472,0.16993831129556922,0.038943785602666536,0.0070894874496505124,996.25095512510029,-1874.5224374498548,0.10000000000000001
2597,0,0.73050482521321758,0.16993431684951443,0.039992379803657087,0.006698064896636032,996.16652580419407,-1916.737097902967,0.10000000000000001
2598,0,0.74056676540607358,0.16993201617689901,0.039718727394592354,0.0056878885092655528,996.08398310744724,-1958.0084462763807,0.10000000000000001
2599,0,0.75062814257802646,0.16993029015630645,0.037925504861519341,0.004228893222382687,996.01063433857439,-1994.6828307128044,0.10000000000000001
2600,0,0.7606891783941071,0.16992945924915301,0.034923259539382537,0.0029674326597630548,995.95791353517006,-2021.0432324149679,0.10000000000000001
2601,0,0.7707499929680881,0.16993012831026263,0.031514338310897873,0.0020089845105345683,995.93089695063918,-2034.5515246804098,0.10000000000000001
2602,0,0.78081064320586235,0.16993019006402682,0.028682607844044566,0.0014289749501540379,995.91838082998265,-2040.8095850086738,0.10000000000000001
2603,0,0.79087134798217551,0.16993075114268663,0.026834109186883604,0.00096815747181856131,995.92129216654405,-2039.3539167279755,0.10000000000000001
2604,0,0.80093176032289504,0.16993133441256031,0.02621729696050492,-0.00023648930784159541,995.93661760621239,-2031.691196893803,0.10000000000000001
2605,0,0.81099203248705665,0.16993119641100132,0.027217304076343377,-0.0023363610904124248,995.94192703004694,-2029.0364849765297,0.10000000000000001
2606,0,0.82105266502333041,0.16993164614265441,0.029861971021980835,-0.0050814343835100251,995.93090093411718,-2034.5495329414121,0.10000000000000001
2607,0,0.83111397480028404,0.16993228674566904,0.033672212965627668,-0.0077675142432278169,995.93160843842782,-2034.1957807860922,0.10000000000000001
2608,0,0.84117571252811152,0.16993393591486194,0.037926404908786578,-0.0095056208422416785,995.98723137498575,-2006.384312507123,0.10000000000000001
2609,0,0.85123688555447463,0.16993666629723675,0.042377150508725453,-0.009805658820700015,996.10722248861191,-1946.3887556940449,0.10000000000000001
2610,0,0.86129716875244278,0.16993917356264443,0.046911144336793595,-0.0079312536113802009,996.27657614489817,-1861.711927550914,0.10000000000000001
2611,0,0.87135610146904119,0.1699421435852721,0.050566027637060175,-0.0038294243517681919,996.50169729930963,-1749.151350345187,0.10000000000000001
2612,0,0.88141229088944217,0.16994539880473519,0.052296987800628476,0.0012212791622354126,996.77197931882301,-1614.0103405884929,0.10000000000000001
2613,0,0.89146522590409816,0.16994799887631973,0.051920351236567699,0.0058820216237370267,997.03550719748273,-1482.2464012586352,0.10000000000000001
2614,0,0.9015154999445707,0.16995013831052572,0.049577970884793848,0.0092649675333039989,997.25255776413064,-1373.7211179346787,0.10000000000000001
2615,0,0.91156371796089231,0.1699521363632919,0.04527734102483634,0.010659158613809585,997.41754389732409,-1291.2280513379528,0.10000000000000001
2616,0,0.92161037791607336,0.16995411057139601,0.039435081668897906,0.0096471384034417292,997.53632355113393,-1231.8382244330337,0.10000000000000001
2617,0,0.93165629114606285,0.16995575481960129,0.033241772809279327,0.006733120081792541,997.62144372383602,-1189.2781380819883,0.10000000000000001
2618,0,0.94170220336117372,0.16995727771462188,0.027978565480459367,0.0031204877976377765,997.69886781195419,-1150.5660940229063,0.10000000000000001
2619,0,0.95174804628683973,0.16995914188239719,0.024416376825715444,-0.00027384119127032969,997.78843114781421,-1105.784426092896,0.10000000000000001
2620,0,0.9617937002979281,0.1699607529475681,0.02294802741733469,-0.0027991888311133125,997.89507699681712,-1052.4615015914378,0.10000000000000001
2621,0,0.97183921466365608,0.16996209379999561,0.023791086473187065,-0.0041208719586133761,998.02401540339952,-987.9922983002416,0.10000000000000001
2622,0,0.98188405899564402,0.16996358235131051,0.026916740484658978,-0.0045113296459143009,998.1561883726381,-921.90581368095081,0.10000000000000001
2623,0,0.99192825102153692,0.16996459716000858,0.031702251190824322,-0.0043836925509416003,998.24562991189737,-877.18504405131625,0.10000000000000001
2624,0,1.0019726265489011,0.16996507834531283,0.037161352850655194,-0.0042138449963234773,998.27977264414346,-860.11367792826832,0.10000000000000001
2625,0,1.0120172615000882,0.16996549168865693,0.042652701370889716,-0.0043451446681068906,998.26842177304206,-865.78911347896792,0.10000000000000001
2626,0,1.022062216620808,0.16996534491119239,0.047557149925718203,-0.0044865199250311962,998.19749392337826,-901.25303831086967,0.10000000000000001
2627,0,1.032108364607526,0.16996461948894004,0.050894748164160591,-0.0041608103935423879,998.0735145364082,-963.24273179590136,0.10000000000000001
2628,0,1.042155838737213,0.16996392495863225,0.052004585616110169,-0.0029578286852402916,997.93993888043292,-1030.0305597835404,0.10000000000000001
2629,0,1.0522042017401021,0.16996287615272546,0.050835408927907097,-0.00058303647247931792,997.81763232178491,-1091.1838391075435,0.10000000000000001
2630,0,1.0622535777633491,0.1699614458778371,0.047599876000799797,0.0026841814766449261,997.70377156682105,-1148.1142165894767,0.10000000000000001
2631,0,1.0723039059767634,0.16996025288039673,0.042668990238434908,0.0062297794708959381,997.59705208880519,-1201.4739555974074,0.10000000000000001
2632,0,1.0823550759559599,0.1699589107791416,0.036774612902890441,0.0091747263808198438,997.48285701238274,-1258.5714938086312,0.10000000000000001
2633,0,1.0924077023776435,0.1699572117668669,0.03117176407692852,0.0103275187631962,997.33974932977299,-1330.1253351135074,0.10000000000000001
2634,0,1.1024624430501928,0.16995553853837839,0.027058022263329488,0.009145077693911147,997.15856057401675,-1420.7197129916267,0.10000000000000001
2635,0,1.1125196461682125,0.16995385719986478,0.024854969833796241,0.0060036590198630944,996.93571056890221,-1532.1447155488954,0.10000000000000001
2636,0,1.1225797921424407,0.16995188277193923,0.024555896430473432,0.0015744260553310768,996.67701281161044,-1661.4935941947806,0.10000000000000001
2637,0,1.1326434060503576,0.16994942211272851,0.026305667364304525,-0.0032977326533150204,996.42024096126113,-1789.8795193694355,0.10000000000000001
2638,0,1.1427099684257513,0.16994729211943035,0.029953767603552072,-0.0073194861895766981,996.21533515094825,-1892.3324245258755,0.10000000000000001
2639,0,1.1527780308680531,0.16994563624637113,0.034495875335596206,-0.0092285366913009408,996.07119050749407,-1964.404746252967,0.10000000000000001
2640,0,1.16284700156537,0.16994368745789351,0.038984854097055932,-0.0090363940450200794,995.97705096484754,-2011.4745175762323,0.10000000000000001
2641,0,1.1729164795369376,0.16994259651121002,0.043324924076763069,-0.0074683670525148762,995.94315844963739,-2028.4207751813028,0.10000000000000001
2642,0,1.182985410068317,0.16994238345942592,0.047315938202065512,-0.0050122266025362724,995.95812266046562,-2020.9386697671903,0.10000000000000001
2643,0,1.1930534857588209,0.16994216971221271,0.050261686200878369,-0.0025210461707312407,995.97719079591548,-2011.404602042262,0.10000000000000001
2644,0,1.203121024724602,0.16994238979055018,0.051670910186271297,-0.0006858258794231151,995.97075119912381,-2014.6244004380947,0.10000000000000001
2645,0,1.2131885554365978,0.1699418234282207,0.051534877863834858,0.00028080234885173572,995.94526199179199,-2027.3690041040027,0.10000000000000001
2646,0,1.2232562809202265,0.16994106661158742,0.050189837741875368,0.00055160965389730219,995.92584760411364,-2037.0761979431791,0.10000000000000001
2647,0,1.2333238375211819,0.16994083308365762,0.0478503215989588,0.001001878102864655,995.92047041065416,-2039.7647946729194,0.10000000000000001
2648,0,1.243391331273821,0.16993994343034755,0.044865041680485392,0.0019690483894103006,995.93184911688786,-2034.0754415560696,0.10000000000000001
2649,0,1.2534587549536009,0.16994046437285201,0.042161032046619924,0.0033751222741142868,995.97427400878337,-2012.8629956083159,0.10000000000000001
2650,0,1.2635261499905757,0.16994218157449648,0.040551938792248853,0.0051006783766980972,996.04647735087303,-1976.7613245634834,0.10000000000000001
2651,0,1.2735936533516419,0.16994442587317835,0.04036586132491627,0.0065096227422818606,996.13784303829539,-1931.0784808523067,0.10000000000000001
2652,0,1.2836610495079004,0.16994851297226127,0.041419550182046135,0.0073304086884183597,996.23978001435012,-1880.1099928249414,0.10000000000000001
2653,0,1.293728502885175,0.16995199245372794,0.042972087648237046,0.0072464120471055693,996.34863445814324,-1825.6827709283812,0.10000000000000001
2654,0,1.3037955480715495,0.16995452755434959,0.044037163760444642,0.0059694508989300227,996.47694765670246,-1761.526171648768,0.10000000000000001
2655,0,1.3138613474285892,0.1699571904202965,0.043640519264448813,0.0040356588349848383,996.64294272914776,-1678.5286354261189,0.10000000000000001
2656,0,1.3239247276764132,0.16995859869459609,0.041089925931990547,0.0025200252526040106,996.8497279165033,-1575.1360417483511,0.10000000000000001
2657,0,1.3339850367529924,0.16995789876776218,0.036373850775239372,0.0015499505956278058,997.09112652206636,-1454.4367389668196,0.10000000000000001
2658,0,1.3440421596200565,0.16995765759100051,0.030327951793306055,0.0006390296438890721,997.35737980247245,-1321.3100987637745,0.10000000000000001
2659,0,1.3540950508885126,0.16995803981554677,0.023789573873393571,0.00070613529837316004,997.59175240498894,-1204.123797505531,0.10000000000000001
2660,0,1.3641455034785914,0.1699569071189462,0.017830668189391826,0.0007652163525865178,997.73779779454276,-1131.1011027286213,0.10000000000000001
2661,0,1.3741947638278516,0.16995801862020701,0.014062887276127313,-0.00014842077298060015,997.77530472316948,-1112.3476384152582,0.10000000000000001
2662,0,1.3842437373417398,0.16995656923810637,0.013021964587094908,-0.0017669067707236587,997.67520635660208,-1162.3968216989624,0.10000000000000001
2663,0,1.3942947993186077,0.16995539436264911,0.014389217405507785,-0.0049584267040053099,997.44397503546838,-1278.0124822658081,0.10000000000000001
2664,0,1.4043471762201121,0.16995620667826683,0.017289752413210298,-0.0074102547876712544,997.11031602904552,-1444.8419854772396,0.10000000000000001
2665,0,1.4144033017279105,0.16994966162335298,0.021126874716529586,-0.0094272972119930857,996.7667412464333,-1616.6293767833508,0.10000000000000001
2666,0,1.4244616447565805,0.1699511148815801,0.025470968077083447,-0.01041138585433987,996.52106077983717,-1739.4696100814144,0.10000000000000001
2667,0,1.4345188665317274,0.16994881383647381,0.027898879859495657,-0.0073643005472061058,996.36035656524462,-1819.8217173776925,0.10000000000000001
2668,0,1.4445780189105153,0.16994450644655504,0.027996388966570227,-0.0038592929425673873,996.34987994697326,-1825.0600265133698,0.10000000000000001
2669,0,1.454635161159235,0.1699553365585727,0.027970826440204249,0.0013618984493421412,996.57331326028623,-1713.3433698568865,0.10000000000000001
2670,0,1.4646898452672699,0.16994993055672536,0.028026902496005857,0.0068331973947213928,996.96517958540073,-1517.4102072996334,0.10000000000000001
2671,0,1.47474076876309,0.16996084092341013,0.026803626825545449,0.009790426986076451,997.37559029007673,-1312.2048549616352,0.10000000000000001
2672,0,1.4847873329148833,0.16997061316076367,0.024126918746001074,0.013038850447037833,997.68164747269122,-1159.1762636543876,0.10000000000000001
2673,0,1.4948383076647542,0.16995520808487,0.023628835140005841,0.0092124276540644142,997.99442286161991,-1002.7885691900451,0.10000000000000001
2674,0,1.5048816608341036,0.16998349287362963,0.025222443656514666,0.0063151531693186515,998.20466862805279,-897.66568597360674,0.10000000000000001
2675,0,1.5149247470915204,0.16996126826696986,0.025043602686218771,0.0054415101501127184,998.11649401471664,-941.75299264168189,0.10000000000000001
2676,0,1.5249758090428396,0.16995393071116471,0.026263410316053871,-0.0031919070660070348,997.97179237248997,-1014.103813755014,0.10000000000000001
2677,0,1.5350165795008328,0.16998566287923389,0.029079009803344727,-7.4658760360225712e-05,997.7172815406542,-1141.3592296729007,0.10000000000000001
2678,0,1.5450707440087035,0.16992128429950085,0.032107029287335297,-0.0012612150022319308,997.40930601191451,-1295.3469940427453,0.10000000000000001
2679,0,1.5551186843606626,0.16997603947913528,0.035358648578304272,-0.0030413737147556349,997.11414425568819,-1442.9278721559058,0.10000000000000001
2680,0,1.5651694684675352,0.16994530883025394,0.036264094159808372,0.0041471839031364689,996.77066530459319,-1614.6673477034028,0.10000000000000001
2681,0,1.5752375961635754,0.1699217564451671,0.041389702596137605,-0.0057351590754868053,996.87119875896406,-1564.4006205179721,0.10000000000000001
2682,0,1.5852744462015056,0.17000197946554271,0.044925127665645194,0.0032365405027935576,996.98525297084529,-1507.3735145773526,0.10000000000000001
2683,0,1.5953368514042261,0.16990000845187334,0.039113987985549291,0.0048448893410721712,996.93333218450323,-1533.3339077483856,0.10000000000000001
2684,0,1.6053878594947419,0.16999243219152588,0.035367441142684294,-0.0035544226518587369,997.25293141107602,-1373.5342944619902,0.10000000000000001
2685,0,1.6154326542660196,0.16993968969353401,0.037056657773580214,0.00080817342782609945,997.90994871087673,-1045.0256445616333,0.10000000000000001
2686,0,1.625474148193897,0.16996539083375137,0.033076440949233586,0.003722334111702353,998.28329475878434,-858.3526206078318,0.10000000000000001
2687,0,1.6355025665354985,0.17000409548545911,0.026610403255794699,0.0060410821585144487,998.42586348550492,-787.06825724754026,0.10000000000000001
2688,0,1.6455543814756537,0.16988399754632305,0.029558431841900167,-0.0071120598837643816,998.9666171265186,-516.69143674070028,0.10000000000000001
2689,0,1.6555508409622193,0.17010180740795436,0.026473268401606867,0.012001559068816146,998.80720289964529,-596.39855017735499,0.10000000000000001
2690,0,1.6656044113297745,0.16988354716800694,0.025116104640172353,0.00019644679397622116,998.63687281894659,-681.56359052670723,0.10000000000000001
2691,0,1.6756275502383355,0.16992259968508214,0.030114375555310838,-0.013607544067365971,998.66773940902556,-666.13029548722125,0.10000000000000001
2692,0,1.6856299145391742,0.17020037255375411,0.029568459770504742,0.0058369212052112639,998.10589482481771,-947.05258759114486,0.10000000000000001
2693,0,1.6956903623294062,0.1695405421222855,0.029126206571558504,-0.01324382034378363,997.71789523096447,-1141.0523845177636,0.10000000000000001
2694,0,1.7056802344291417,0.17048932869442093,0.030783907371581067,-0.0091099106816492897,997.25502131865846,-1372.4893406707679,0.10000000000000001
2695,0,1.7157218424976524,0.16938567390772161,0.030271278093109279,-0.0032952204903020361,996.86726096851112,-1566.3695157444408,0.10000000000000001
2696,0,1.7257379461548694,0.17035709507223928,0.030284340530495824,-0.013316444670334156,996.60955786816896,-1695.2210659155185,0.10000000000000001
2697,0,1.7357209781648919,0.16984898916282012,0.022664808088911321,0.031079488984453129,995.88785659918301,-2056.071700408495,0.10000000000000001
2698,0,1.7458164846147322,0.16944523181058338,0.013495190070816052,-0.015141179080327687,996.00793282362883,-1996.0335881855826,0.10000000000000001
2699,0,1.7557142398019665,0.17099407405550904,0.0083923805145713817,0.025647402531953883,995.75330721645469,-2123.3463917726567,0.10000000000000001
2700,0,1.7658404492295858,0.16844224518762596,0.0041980448482388921,-0.017827712484280844,996.76439249090595,-1617.8037545470261,0.10000000000000001
2701,0,1.7755030613774652,0.17213606967425829,0.0035228665373046439,0.016167692174308912,996.90830188539553,-1545.8490573022345,0.10000000000000001
2702,0,1.7858080342626952,0.16754260731890766,0.0047769800306189563,-0.020938501625137947,997.59303420639594,-1203.4828968020292,0.10000000000000001
2703,0,1.7949824318088676,0.1726605522808001,0.017020315620289283,-0.0079172332823368267,998.24262663519573,-878.6866824021331,0.10000000000000001
2704,0,1.8056251191976613,0.16648298370474193,0.0041055209466911227,-0.0095714658601331604,997.19946299424601,-1400.2685028769974,0.10000000000000001
2705,0,1.814268685239899,0.17244504925574708,0.03306365007338935,-0.055790789413212055,997.74369602045169,-1128.1519897741532,0.10000000000000001
2706,0,1.8251632784036629,0.16477429807982882,0.041407836396408826,-0.018469156979496276,997.95920088606942,-1020.3995569652875,0.10000000000000001
2707,0,1.8334223601668254,0.17198631188850144,0.036550180216383031,0.044447721510422124,997.78856983683363,-1105.7150815831847,0.10000000000000001
2708,0,1.8442982236605474,0.16407994130568296,0.019854173170628386,-0.034739332120329487,998.3664343086042,-816.78284569790094,0.10000000000000001
2709,0,1.8521452158617147,0.16816749686248042,0.031610214385646825,-0.011141661261512326,998.11035790847131,-944.82104576434267,0.10000000000000001
2710,0,1.8727247520406125,0.16230459627490207,0.036225148742987281,0.082026832394931803,995.93419246900692,-2032.9037654965418,0.10000000000000001
2711,0,1.8712118008560397,0.15963435077178803,0.072209129791188667,-0.05922314586877192,1000.773073835752,386.53691787601474,0.10000000000000001
2712,0,1.9010203630492324,0.15738126633509017,0.085239217374203549,-0.040715093740487478,999.06660511864379,-466.6974406781037,0.10000000000000001
2713,0,1.8817273813018629,0.19467751546648926,0.28119188081845642,-0.63167950790762128,1048.1568336350374,24078.416817518701,0.10000000000000001
2714,0,1.896866828090062,0.15526616976490651,0.089954757712947919,-0.017619994116392906,999.48680903273032,-256.59548363483964,0.10000000000000001
2715,1,0,0,0,0,1000,0,0.10000000000000001
2716,1,0,0.20000000000000001,0,0,1000,0,0.10000000000000001
2717,1,0.01,0,0,0,1000,0,0.10000000000000001
2718,1,0.01,0.01,0,0,1000,0,0.10000000000000001
2719,1,0.01,0.19,0,0,1000,0,0.10000000000000001
2720,1,0.01,0.20000000000000001,0,0,1000,0,0.10000000000000001
2721,1,0.02,0,0,0,1000,0,0.10000000000000001
2722,1,0.02,0.01,0,0,1000,0,0.10000000000000001
2723,1,0.02,0.02,0,0,1000,0,0.10000000000000001
2724,1,0.02,0.17999999999999999,0,0,1000,0,0.10000000000000001
2725,1,0.02,0.19,0,0,1000,0,0.10000000000000001
2726,1,0.02,0.20000000000000001,0,0,1000,0,0.10000000000000001
2727,1,0.029999999999999999,0,0,0,1000,0,0.10000000000000001
2728,1,0.029999999999999999,0.01,0,0,1000,0,0.10000000000000001
2729,1,0.029999999999999999,0.02,0,0,1000,0,0.10000000000000001
2730,1,0.029999999999999999,0.17999999999999999,0,0,1000,0,0.10000000000000001
2731,1,0.029999999999999999,0.19,0,0,1000,0,0.10000000000000001
2732,1,0.029999999999999999,0.20000000000000001,0,0,1000,0,0.10000000000000001
2733,1,0.040000000000000001,0,0,0,1000,0,0.10000000000000001
2734,1,0.040000000000000001,0.01,0,0,1000,0,0.10000000000000001
2735,1,0.040000000000000001,0.02,0,0,1000,0,0.10000000000000001
2736,1,0.040000000000000001,0.17999999999999999,0,0,1000,0,0.10000000000000001
2737,1,0.040000000000000001,0.19,0,0,1000,0,0.10000000000000001
2738,1,0.040000000000000001,0.20000000000000001,0,0,1000,0,0.10000000000000001
2739,1,0.050000000000000003,0,0,0,1000,0,0.10000000000000001
2740,1,0.050000000000000003,0.01,0,0,1000,0,0.10000000000000001
2741,1,0.050000000000000003,0.02,0,0,1000,0,0.10000000000000001
2742,1,0.050000000000000003,0.17999999999999999,0,0,1000,0,0.10000000000000001
2743,1,0.050000000000000003,0.19,0,0,1000,0,0.10000000000000001
2744,1,0.050000000000000003,0.20000000000000001,0,0,1000,0,0.10000000000000001
2745,1,0.059999999999999998,0,0,0,1000,0,0.10000000000000001
2746,1,0.059999999999999998,0.01,0,0,1000,0,0.10000000000000001
2747,1,0.059999999999999998,0.02,0,0,1000,0,0.10000000000000001
2748,1,0.059999999999999998,0.17999999999999999,0,0,1000,0,0.10000000000000001
2749,1,0.059999999999999998,0.19,0,0,1000,0,0.10000000000000001
2750,1,0.059999999999999998,0.20000000000000001,0,0,1000,0,0.10000000000000001
2751,1,0.070000000000000007,0,0,0,1000,0,0.10000000000000001
2752,1,0.070000000000000007,0.01,0,0,1000,0,0.10000000000000001
2753,1,0.070000000000000007,0.02,0,0,1000,0,0.10000000000000001
2754,1,0.070000000000000007,0.17999999999999999,0,0,1000,0,0.10000000000000001
2755,1,0.070000000000000007,0.19,0,0,1000,0,0.10000000000000001
2756,1,0.070000000000000007,0.20000000000000001,0,0,1000,0,0.10000000000000001
2757,1,0.080000000000000002,0,0,0,1000,0,0.10000000000000001
2758,1,0.080000000000000002,0.01,0,0,1000,0,0.10000000000000001
2759,1,0.080000000000000002,0.02,0,0,1000,0,0.10000000000000001
2760,1,0.080000000000000002,0.17999999999999999,0,0,1000,0,0.10000000000000001
2761,1,0.080000000000000002,0.19,0,0,1000,0,0.10000000000000001
2762,1,0.080000000000000002,0.20000000000000001,0,0,1000,0,0.10000000000000001
2763,1,0.089999999999999997,0,0,0,1000,0,0.10000000000000001
2764,1,0.089999999999999997,0.01,0,0,1000,0,0.10000000000000001
2765,1,0.089999999999999997,0.02,0,0,1000,0,0.10000000000000001
2766,1,0.089999999999999997,0.17999999999999999,0,0,1000,0,0.10000000000000001
2767,1,0.089999999999999997,0.19,0,0,1000,0,0.10000000000000001
2768,1,0.089999999999999997,0.20000000000000001,0,0,1000,0,0.10000000000000001
2769,1,0.10000000000000001,0,0,0,1000,0,0.10000000000000001
2770,1,0.10000000000000001,0.01,0,0,1000,0,0.10000000000000001
2771,1,0.10000000000000001,0.02,0,0,1000,0,0.10000000000000001
2772,1,0.10000000000000001,0.17999999999999999,0,0,1000,0,0.10000000000000001
2773,1,0.10000000000000001,0.19,0,0,1000,0,0.10000000000000001
2774,1,0.10000000000000001,0.20000000000000001,0,0,1000,0,0.10000000000000001
2775,1,0.11,0,0,0,1000,0,0.10000000000000001
2776,1,0.11,0.01,0,0,1000,0,0.10000000000000001
2777,1,0.11,0.02,0,0,1000,0,0.10000000000000001
2778,1,0.11,0.17999999999999999,0,0,1000,0,0.10000000000000001
2779,1,0.11,0.19,0,0,1000,0,0.10000000000000001
2780,1,0.11,0.20000000000000001,0,0,1000,0,0.10000000000000001
2781,1,0.12,0,0,0,1000,0,0.10000000000000001
2782,1,0.12,0.01,0,0,1000,0,0.10000000000000001
2783,1,0.12,0.02,0,0,1000,0,0.10000000000000001
2784,1,0.12,0.17999999999999999,0,0,1000,0,0.10000000000000001
2785,1,0.12,0.19,0,0,1000,0,0.10000000000000001
2786,1,0.12,0.20000000000000001,0,0,1000,0,0.10000000000000001
2787,1,0.13,0,0,0,1000,0,0.10000000000000001
2788,1,0.13,0.01,0,0,1000,0,0.10000000000000001
2789,1,0.13,0.02,0,0,1000,0,0.10000000000000001
2790,1,0.13,0.17999999999999999,0,0,1000,0,0.10000000000000001
2791,1,0.13,0.19,0,0,1000,0,0.10000000000000001
2792,1,0.13,0.20000000000000001,0,0,1000,0,0.10000000000000001
2793,1,0.14000000000000001,0,0,0,1000,0,0.10000000000000001
2794,1,0.14000000000000001,0.01,0,0,1000,0,0.10000000000000001
2795,1,0.14000000000000001,0.02,0,0,1000,0,0.10000000000000001
2796,1,0.14000000000000001,0.17999999999999999,0,0,1000,0,0.10000000000000001
2797,1,0.14000000000000001,0.19,0,0,1000,0,0.10000000000000001
2798,1,0.14000000000000001,0.20000000000000001,0,0,1000,0,0.10000000000000001
2799,1,0.14999999999999999,0,0,0,1000,0,0.10000000000000001
2800,1,0.14999999999999999,0.01,0,0,1000,0,0.10000000000000001
2801,1,0.14999999999999999,0.02,0,0,1000,0,0.10000000000000001
2802,1,0.14999999999999999,0.17999999999999999,0,0,1000,0,0.10000000000000001
2803,1,0.14999999999999999,0.19,0,0,1000,0,0.10000000000000001
2804,1,0.14999999999999999,0.20000000000000001,0,0,1000,0,0.10000000000000001
2805,1,0.16,0,0,0,1000,0,0.10000000000000001
2806,1,0.16,0.01,0,0,1000,0,0.10000000000000001
2807,1,0.16,0.02,0,0,1000,0,0.10000000000000001
2808,1,0.16,0.17999999999999999,0,0,1000,0,0.10000000000000001
2809,1,0.16,0.19,0,0,1000,0,0.10000000000000001
2810,1,0.16,0.20000000000000001,0,0,1000,0,0.10000000000000001
2811,1,0.17000000000000001,0,0,0,1000,0,0.10000000000000001
2812,1,0.17000000000000001,0.01,0,0,1000,0,0.10000000000000001
2813,1,0.17000000000000001,0.02,0,0,1000,0,0.10000000000000001
2814,1,0.17000000000000001,0.17999999999999999,0,0,1000,0,0.10000000000000001
2815,1,0.17000000000000001,0.19,0,0,1000,0,0.10000000000000001
2816,1,0.17000000000000001,0.20000000000000001,0,0,1000,0,0.10000000000000001
2817,1,0.17999999999999999,0,0,0,1000,0,0.10000000000000001
2818,1,0.17999999999999999,0.01,0,0,1000,0,0.10000000000000001
2819,1,0.17999999999999999,0.02,0,0,1000,0,0.10000000000000001
2820,1,0.17999999999999999,0.17999999999999999,0,0,1000,0,0.10000000000000001
2821,1,0.17999999999999999,0.19,0,0,1000,0,0.10000000000000001
2822,1,0.17999999999999999,0.20000000000000001,0,0,1000,0,0.10000000000000001
2823,1,0.19,0,0,0,1000,0,0.10000000000000001
2824,1,0.19,0.01,0,0,1000,0,0.10000000000000001
2825,1,0.19,0.02,0,0,1000,0,0.10000000000000001
2826,1,0.19,0.17999999999999999,0,0,1000,0,0.10000000000000001
2827,1,0.19,0.19,0,0,1000,0,0.10000000000000001
2828,1,0.19,0.20000000000000001,0,0,1000,0,0.10000000000000001
2829,1,0.20000000000000001,0,0,0,1000,0,0.10000000000000001
2830,1,0.20000000000000001,0.01,0,0,1000,0,0.10000000000000001
2831,1,0.20000000000000001,0.02,0,0,1000,0,0.10000000000000001
2832,1,0.20000000000000001,0.17999999999999999,0,0,1000,0,0.10000000000000001
2833,1,0.20000000000000001,0.19,0,0,1000,0,0.10000000000000001
2834,1,0.20000000000000001,0.20000000000000001,0,0,1000,0,0.10000000000000001
2835,1,0.20999999999999999,0,0,0,1000,0,0.10000000000000001
2836,1,0.20999999999999999,0.01,0,0,1000,0,0.10000000000000001
2837,1,0.20999999999999999,0.02,0,0,1000,0,0.10000000000000001
2838,1,0.20999999999999999,0.17999999999999999,0,0,1000,0,0.10000000000000001
2839,1,0.20999999999999999,0.19,0,0,1000,0,0.10000000000000001
2840,1,0.20999999999999999,0.20000000000000001,0,0,1000,0,0.10000000000000001
2841,1,0.22,0,0,0,1000,0,0.10000000000000001
2842,1,0.22,0.01,0,0,1000,0,0.10000000000000001
2843,1,0.22,0.02,0,0,1000,0,0.10000000000000001
2844,1,0.22,0.17999999999999999,0,0,1000,0,0.10000000000000001
2845,1,0.22,0.19,0,0,1000,0,0.10000000000000001
2846,1,0.22,0.20000000000000001,0,0,1000,0,0.10000000000000001
2847,1,0.23000000000000001,0,0,0,1000,0,0.10000000000000001
2848,1,0.23000000000000001,0.01,0,0,1000,0,0.10000000000000001
2849,1,0.23000000000000001,0.02,0,0,1000,0,0.10000000000000001
2850,1,0.23000000000000001,0.17999999999999999,0,0,1000,0,0.10000000000000001
2851,1,0.23000000000000001,0.19,0,0,1000,0,0.10000000000000001
2852,1,0.23000000000000001,0.20000000000000001,0,0,1000,0,0.10000000000000001
2853,1,0.23999999999999999,0,0,0,1000,0,0.10000000000000001
2854,1,0.23999999999999999,0.01,0,0,1000,0,0.10000000000000001
2855,1,0.23999999999999999,0.02,0,0,1000,0,0.10000000000000001
2856,1,0.23999999999999999,0.17999999999999999,0,0,1000,0,0.10000000000000001
2857,1,0.23999999999999999,0.19,0,0,1000,0,0.10000000000000001
2858,1,0.23999999999999999,0.20000000000000001,0,0,1000,0,0.10000000000000001
2859,1,0.25,0,0,0,1000,0,0.10000000000000001
2860,1,0.25,0.01,0,0,1000,0,0.10000000000000001
2861,1,0.25,0.02,0,0,1000,0,0.10000000000000001
2862,1,0.25,0.17999999999999999,0,0,1000,0,0.10000000000000001
2863,1,0.25,0.19,0,0,1000,0,0.10000000000000001
2864,1,0.25,0.20000000000000001,0,0,1000,0,0.10000000000000001
2865,1,0.26000000000000001,0,0,0,1000,0,0.10000000000000001
2866,1,0.26000000000000001,0.01,0,0,1000,0,0.10000000000000001
2867,1,0.26000000000000001,0.02,0,0,1000,0,0.10000000000000001
2868,1,0.26000000000000001,0.17999999999999999,0,0,1000,0,0.10000000000000001
2869,1,0.26000000000000001,0.19,0,0,1000,0,0.10000000000000001
2870,1,0.26000000000000001,0.20000000000000001,0,0,1000,0,0.10000000000000001
2871,1,0.27000000000000002,0,0,0,1000,0,0.10000000000000001
2872,1,0.27000000000000002,0.01,0,0,1000,0,0.10000000000000001
2873,1,0.27000000000000002,0.02,0,0,1000,0,0.10000000000000001
2874,1,0.27000000000000002,0.17999999999999999,0,0,1000,0,0.10000000000000001
2875,1,0.27000000000000002,0.19,0,0,1000,0,0.10000000000000001
2876,1,0.27000000000000002,0.20000000000000001,0,0,1000,0,0.10000000000000001
2877,1,0.28000000000000003,0,0,0,1000,0,0.10000000000000001
2878,1,0.28000000000000003,0.01,0,0,1000,0,0.10000000000000001
2879,1,0.28000000000000003,0.02,0,0,1000,0,0.10000000000000001
2880,1,0.28000000000000003,0.17999999999999999,0,0,1000,0,0.10000000000000001
2881,1,0.28000000000000003,0.19,0,0,1000,0,0.10000000000000001
2882,1,0.28000000000000003,0.20000000000000001,0,0,1000,0,0.10000000000000001
2883,1,0.28999999999999998,0,0,0,1000,0,0.10000000000000001
2884,1,0.28999999999999998,0.01,0,0,1000,0,0.10000000000000001
2885,1,0.28999999999999998,0.02,0,0,1000,0,0.10000000000000001
2886,1,0.28999999999999998,0.17999999999999999,0,0,1000,0,0.10000000000000001
2887,1,0.28999999999999998,0.19,0,0,1000,0,0.10000000000000001
2888,1,0.28999999999999998,0.20000000000000001,0,0,1000,0,0.10000000000000001
2889,1,0.29999999999999999,0,0,0,1000,0,0.10000000000000001
2890,1,0.29999999999999999,0.01,0,0,1000,0,0.10000000000000001
2891,1,0.29999999999999999,0.02,0,0,1000,0,0.10000000000000001
2892,1,0.29999999999999999,0.17999999999999999,0,0,1000,0,0.10000000000000001
2893,1,0.29999999999999999,0.19,0,0,1000,0,0.10000000000000001
2894,1,0.29999999999999999,0.20000000000000001,0,0,1000,0,0.10000000000000001
2895,1,0.31,0,0,0,1000,0,0.10000000000000001
2896,1,0.31,0.01,0,0,1000,0,0.10000000000000001
2897,1,0.31,0.02,0,0,1000,0,0.10000000000000001
2898,1,0.31,0.17999999999999999,0,0,1000,0,0.10000000000000001
2899,1,0.31,0.19,0,0,1000,0,0.10000000000000001
2900,1,0.31,0.20000000000000001,0,0,1000,0,0.10000000000000001
2901,1,0.32000000000000001,0,0,0,1000,0,0.10000000000000001
2902,1,0.32000000000000001,0.01,0,0,1000,0,0.10000000000000001
2903,1,0.32000000000000001,0.02,0,0,1000,0,0.10000000000000001
2904,1,0.32000000000000001,0.17999999999999999,0,0,1000,0,0.10000000000000001
2905,1,0.32000000000000001,0.19,0,0,1000,0,0.10000000000000001
2906,1,0.32000000000000001,0.20000000000000001,0,0,1000,0,0.10000000000000001
2907,1,0.33000000000000002,0,0,0,1000,0,0.10000000000000001
2908,1,0.33000000000000002,0.01,0,0,1000,0,0.10000000000000001
2909,1,0.33000000000000002,0.02,0,0,1000,0,0.10000000000000001
2910,1,0.33000000000000002,0.17999999999999999,0,0,1000,0,0.10000000000000001
2911,1,0.33000000000000002,0.19,0,0,1000,0,0.10000000000000001
2912,1,0.33000000000000002,0.20000000000000001,0,0,1000,0,0.10000000000000001
2913,1,0.34000000000000002,0,0,0,1000,0,0.10000000000000001
2914,1,0.34000000000000002,0.01,0,0,1000,0,0.10000000000000001
2915,1,0.34000000000000002,0.02,0,0,1000,0,0.10000000000000001
2916,1,0.34000000000000002,0.17999999999999999,0,0,1000,0,0.10000000000000001
2917,1,0.34000000000000002,0.19,0,0,1000,0,0.10000000000000001
2918,1,0.34000000000000002,0.20000000000000001,0,0,1000,0,0.10000000000000001
2919,1,0.35000000000000003,0,0,0,1000,0,0.10000000000000001
2920,1,0.35000000000000003,0.01,0,0,1000,0,0.10000000000000001
2921,1,0.35000000000000003,0.02,0,0,1000,0,0.10000000000000001
2922,1,0.35000000000000003,0.17999999999999999,0,0,1000,0,0.10000000000000001
2923,1,0.35000000000000003,0.19,0,0,1000,0,0.10000000000000001
2924,1,0.35000000000000003,0.20000000000000001,0,0,1000,0,0.10000000000000001
2925,1,0.35999999999999999,0,0,0,1000,0,0.10000000000000001
2926,1,0.35999999999999999,0.01,0,0,1000,0,0.10000000000000001
2927,1,0.35999999999999999,0.02,0,0,1000,0,0.10000000000000001
2928,1,0.35999999999999999,0.17999999999999999,0,0,1000,0,0.10000000000000001
2929,1,0.35999999999999999,0.19,0,0,1000,0,0.10000000000000001
2930,1,0.35999999999999999,0.20000000000000001,0,0,1000,0,0.10000000000000001
2931,1,0.37,0,0,0,1000,0,0.10000000000000001
2932,1,0.37,0.01,0,0,1000,0,0.10000000000000001
2933,1,0.37,0.02,0,0,1000,0,0.10000000000000001
2934,1,0.37,0.17999999999999999,0,0,1000,0,0.10000000000000001
2935,1,0.37,0.19,0,0,1000,0,0.10000000000000001
2936,1,0.37,0.20000000000000001,0,0,1000,0,0.10000000000000001
2937,1,0.38,0,0,0,1000,0,0.10000000000000001
2938,1,0.38,0.01,0,0,1000,0,0.10000000000000001
2939,1,0.38,0.02,0,0,1000,0,0.10000000000000001
2940,1,0.38,0.17999999999999999,0,0,1000,0,0.10000000000000001
2941,1,0.38,0.19,0,0,1000,0,0.10000000000000001
2942,1,0.38,0.20000000000000001,0,0,1000,0,0.10000000000000001
2943,1,0.39000000000000001,0,0,0,1000,0,0.10000000000000001
2944,1,0.39000000000000001,0.01,0,0,1000,0,0.10000000000000001
2945,1,0.39000000000000001,0.02,0,0,1000,0,0.10000000000000001
2946,1,0.39000000000000001,0.17999999999999999,0,0,1000,0,0.10000000000000001
2947,1,0.39000000000000001,0.19,0,0,1000,0,0.10000000000000001
2948,1,0.39000000000000001,0.20000000000000001,0,0,1000,0,0.10000000000000001
2949,1,0.40000000000000002,0,0,0,1000,0,0.10000000000000001
2950,1,0.40000000000000002,0.01,0,0,1000,0,0.10000000000000001
2951,1,0.40000000000000002,0.02,0,0,1000,0,0.10000000000000001
2952,1,0.40000000000000002,0.17999999999999999,0,0,1000,0,0.10000000000000001
2953,1,0.40000000000000002,0.19,0,0,1000,0,0.10000000000000001
2954,1,0.40000000000000002,0.20000000000000001,0,0,1000,0,0.10000000000000001
2955,1,0.41000000000000003,0,0,0,1000,0,0.10000000000000001
2956,1,0.41000000000000003,0.01,0,0,1000,0,0.10000000000000001
2957,1,0.41000000000000003,0.02,0,0,1000,0,0.10000000000000001
2958,1,0.41000000000000003,0.17999999999999999,0,0,1000,0,0.10000000000000001
2959,1,0.41000000000000003,0.19,0,0,1000,0,0.10000000000000001
2960,1,0.41000000000000003,0.20000000000000001,0,0,1000,0,0.10000000000000001
2961,1,0.41999999999999998,0,0,0,1000,0,0.10000000000000001
2962,1,0.41999999999999998,0.01,0,0,1000,0,0.10000000000000001
2963,1,0.41999999999999998,0.02,0,0,1000,0,0.10000000000000001
2964,1,0.41999999999999998,0.17999999999999999,0,0,1000,0,0.10000000000000001
2965,1,0.41999999999999998,0.19,0,0,1000,0,0.10000000000000001
2966,1,0.41999999999999998,0.20000000000000001,0,0,1000,0,0.10000000000000001
2967,1,0.42999999999999999,0,0,0,1000,0,0.10000000000000001
2968,1,0.42999999999999999,0.01,0,0,1000,0,0.10000000000000001
2969,1,0.42999999999999999,0.02,0,0,1000,0,0.10000000000000001
2970,1,0.42999999999999999,0.17999999999999999,0,0,1000,0,0.10000000000000001
2971,1,0.42999999999999999,0.19,0,0,1000,0,0.10000000000000001
2972,1,0.42999999999999999,0.20000000000000001,0,0,1000,0,0.10000000000000001
2973,1,0.44,0,0,0,1000,0,0.10000000000000001
2974,1,0.44,0.01,0,0,1000,0,0.10000000000000001
2975,1,0.44,0.02,0,0,1000,0,0.10000000000000001
2976,1,0.44,0.17999999999999999,0,0,1000,0,0.10000000000000001
2977,1,0.44,0.19,0,0,1000,0,0.10000000000000001
2978,1,0.44,0.20000000000000001,0,0,1000,0,0.10000000000000001
2979,1,0.45000000000000001,0,0,0,1000,0,0.10000000000000001
2980,1,0.45000000000000001,0.01,0,0,1000,0,0.10000000000000001
2981,1,0.45000000000000001,0.02,0,0,1000,0,0.10000000000000001
2982,1,0.45000000000000001,0.17999999999999999,0,0,1000,0,0.10000000000000001
2983,1,0.45000000000000001,0.19,0,0,1000,0,0.10000000000000001
2984,1,0.45000000000000001,0.20000000000000001,0,0,1000,0,0.10000000000000001
2985,1,0.46000000000000002,0,0,0,1000,0,0.10000000000000001
2986,1,0.46000000000000002,0.01,0,0,1000,0,0.10000000000000001
2987,1,0.46000000000000002,0.02,0,0,1000,0,0.10000000000000001
2988,1,0.46000000000000002,0.17999999999999999,0,0,1000,0,0.10000000000000001
2989,1,0.46000000000000002,0.19,0,0,1000,0,0.10000000000000001
2990,1,0.46000000000000002,0.20000000000000001,0,0,1000,0,0.10000000000000001
2991,1,0.47000000000000003,0,0,0,1000,0,0.10000000000000001
2992,1,0.47000000000000003,0.01,0,0,1000,0,0.10000000000000001
2993,1,0.47000000000000003,0.02,0,0,1000,0,0.10000000000000001
2994,1,0.47000000000000003,0.17999999999999999,0,0,1000,0,0.10000000000000001
2995,1,0.47000000000000003,0.19,0,0,1000,0,0.10000000000000001
2996,1,0.47000000000000003,0.20000000000000001,0,0,1000,0,0.10000000000000001
2997,1,0.47999999999999998,0,0,0,1000,0,0.10000000000000001
2998,1,0.47999999999999998,0.01,0,0,1000,0,0.10000000000000001
2999,1,0.47999999999999998,0.02,0,0,1000,0,0.10000000000000001
3000,1,0.47999999999999998,0.17999999999999999,0,0,1000,0,0.10000000000000001
3001,1,0.47999999999999998,0.19,0,0,1000,0,0.10000000000000001
3002,1,0.47999999999999998,0.20000000000000001,0,0,1000,0,0.10000000000000001
3003,1,0.48999999999999999,0,0,0,1000,0,0.10000000000000001
3004,1,0.48999999999999999,0.01,0,0,1000,0,0.10000000000000001
3005,1,0.48999999999999999,0.02,0,0,1000,0,0.10000000000000001
3006,1,0.48999999999999999,0.17999999999999999,0,0,1000,0,0.10000000000000001
3007,1,0.48999999999999999,0.19,0,0,1000,0,0.10000000000000001
3008,1,0.48999999999999999,0.20000000000000001,0,0,1000,0,0.10000000000000001
3009,1,0.5,0,0,0,1000,0,0.10000000000000001
3010,1,0.5,0.01,0,0,1000,0,0.10000000000000001
3011,1,0.5,0.02,0,0,1000,0,0.10000000000000001
3012,1,0.5,0.17999999999999999,0,0,1000,0,0.10000000000000001
3013,1,0.5,0.19,0,0,1000,0,0.10000000000000001
3014,1,0.5,0.20000000000000001,0,0,1000,0,0.10000000000000001
3015,1,0.51000000000000001,0,0,0,1000,0,0.10000000000000001
3016,1,0.51000000000000001,0.01,0,0,1000,0,0.10000000000000001
3017,1,0.51000000000000001,0.02,0,0,1000,0,0.10000000000000001
3018,1,0.51000000000000001,0.17999999999999999,0,0,1000,0,0.10000000000000001
3019,1,0.51000000000000001,0.19,0,0,1000,0,0.10000000000000001
3020,1,0.51000000000000001,0.20000000000000001,0,0,1000,0,0.10000000000000001
3021,1,0.52000000000000002,0,0,0,1000,0,0.10000000000000001
3022,1,0.52000000000000002,0.01,0,0,1000,0,0.10000000000000001
3023,1,0.52000000000000002,0.02,0,0,1000,0,0.10000000000000001
3024,1,0.52000000000000002,0.17999999999999999,0,0,1000,0,0.10000000000000001
3025,1,0.52000000000000002,0.19,0,0,1000,0,0.10000000000000001
3026,1,0.52000000000000002,0.20000000000000001,0,0,1000,0,0.10000000000000001
3027,1,0.53000000000000003,0,0,0,1000,0,0.10000000000000001
3028,1,0.53000000000000003,0.01,0,0,1000,0,0.10000000000000001
3029,1,0.53000000000000003,0.02,0,0,1000,0,0.10000000000000001
3030,1,0.53000000000000003,0.17999999999999999,0,0,1000,0,0.10000000000000001
3031,1,0.53000000000000003,0.19,0,0,1000,0,0.10000000000000001
3032,1,0.53000000000000003,0.20000000000000001,0,0,1000,0,0.10000000000000001
3033,1,0.54000000000000004,0,0,0,1000,0,0.10000000000000001
3034,1,0.54000000000000004,0.01,0,0,1000,0,0.10000000000000001
3035,1,0.54000000000000004,0.02,0,0,1000,0,0.10000000000000001
3036,1,0.54000000000000004,0.17999999999999999,0,0,1000,0,0.10000000000000001
3037,1,0.54000000000000004,0.19,0,0,1000,0,0.10000000000000001
3038,1,0.54000000000000004,0.20000000000000001,0,0,1000,0,0.10000000000000001
3039,1,0.55000000000000004,0,0,0,1000,0,0.10000000000000001
3040,1,0.55000000000000004,0.01,0,0,1000,0,0.10000000000000001
3041,1,0.55000000000000004,0.02,0,0,1000,0,0.10000000000000001
3042,1,0.55000000000000004,0.17999999999999999,0,0,1000,0,0.10000000000000001
3043,1,0.55000000000000004,0.19,0,0,1000,0,0.10000000000000001
3044,1,0.55000000000000004,0.20000000000000001,0,0,1000,0,0.10000000000000001
3045,1,0.56000000000000005,0,0,0,1000,0,0.10000000000000001
3046,1,0.56000000000000005,0.01,0,0,1000,0,0.10000000000000001
3047,1,0.56000000000000005,0.02,0,0,1000,0,0.10000000000000001
3048,1,0.56000000000000005,0.17999999999999999,0,0,1000,0,0.10000000000000001
3049,1,0.56000000000000005,0.19,0,0,1000,0,0.10000000000000001
3050,1,0.56000000000000005,0.20000000000000001,0,0,1000,0,0.10000000000000001
3051,1,0.57000000000000006,0,0,0,1000,0,0.10000000000000001
3052,1,0.57000000000000006,0.01,0,0,1000,0,0.10000000000000001
3053,1,0.57000000000000006,0.02,0,0,1000,0,0.10000000000000001
3054,1,0.57000000000000006,0.17999999999999999,0,0,1000,0,0.10000000000000001
3055,1,0.57000000000000006,0.19,0,0,1000,0,0.10000000000000001
3056,1,0.57000000000000006,0.20000000000000001,0,0,1000,0,0.10000000000000001
3057,1,0.57999999999999996,0,0,0,1000,0,0.10000000000000001
3058,1,0.57999999999999996,0.01,0,0,1000,0,0.10000000000000001
3059,1,0.57999999999999996,0.02,0,0,1000,0,0.10000000000000001
3060,1,0.57999999999999996,0.17999999999999999,0,0,1000,0,0.10000000000000001
3061,1,0.57999999999999996,0.19,0,0,1000,0,0.10000000000000001
3062,1,0.57999999999999996,0.20000000000000001,0,0,1000,0,0.10000000000000001
3063,1,0.58999999999999997,0,0,0,1000,0,0.10000000000000001
3064,1,0.58999999999999997,0.01,0,0,1000,0,0.10000000000000001
3065,1,0.58999999999999997,0.02,0,0,1000,0,0.10000000000000001
3066,1,0.58999999999999997,0.17999999999999999,0,0,1000,0,0.10000000000000001
3067,1,0.58999999999999997,0.19,0,0,1000,0,0.10000000000000001
3068,1,0.58999999999999997,0.20000000000000001,0,0,1000,0,0.10000000000000001
3069,1,0.59999999999999998,0,0,0,1000,0,0.10000000000000001
3070,1,0.59999999999999998,0.01,0,0,1000,0,0.10000000000000001
3071,1,0.59999999999999998,0.02,0,0,1000,0,0.10000000000000001
3072,1,0.59999999999999998,0.17999999999999999,0,0,1000,0,0.10000000000000001
3073,1,0.59999999999999998,0.19,0,0,1000,0,0.10000000000000001
3074,1,0.59999999999999998,0.20000000000000001,0,0,1000,0,0.10000000000000001
3075,1,0.60999999999999999,0,0,0,1000,0,0.10000000000000001
3076,1,0.60999999999999999,0.01,0,0,1000,0,0.10000000000000001
3077,1,0.60999999999999999,0.02,0,0,1000,0,0.10000000000000001
3078,1,0.60999999999999999,0.17999999999999999,0,0,1000,0,0.10000000000000001
3079,1,0.60999999999999999,0.19,0,0,1000,0,0.10000000000000001
3080,1,0.60999999999999999,0.20000000000000001,0,0,1000,0,0.10000000000000001
3081,1,0.62,0,0,0,1000,0,0.10000000000000001
3082,1,0.62,0.01,0,0,1000,0,0.10000000000000001
3083,1,0.62,0.02,0,0,1000,0,0.10000000000000001
3084,1,0.62,0.17999999999999999,0,0,1000,0,0.10000000000000001
3085,1,0.62,0.19,0,0,1000,0,0.10000000000000001
3086,1,0.62,0.20000000000000001,0,0,1000,0,0.10000000000000001
3087,1,0.63,0,0,0,1000,0,0.10000000000000001
3088,1,0.63,0.01,0,0,1000,0,0.10000000000000001
3089,1,0.63,0.02,0,0,1000,0,0.10000000000000001
3090,1,0.63,0.17999999999999999,0,0,1000,0,0.10000000000000001
3091,1,0.63,0.19,0,0,1000,0,0.10000000000000001
3092,1,0.63,0.20000000000000001,0,0,1000,0,0.10000000000000001
3093,1,0.64000000000000001,0,0,0,1000,0,0.10000000000000001
3094,1,0.64000000000000001,0.01,0,0,1000,0,0.10000000000000001
3095,1,0.64000000000000001,0.02,0,0,1000,0,0.10000000000000001
3096,1,0.64000000000000001,0.17999999999999999,0,0,1000,0,0.10000000000000001
3097,1,0.64000000000000001,0.19,0,0,1000,0,0.10000000000000001
3098,1,0.64000000000000001,0.20000000000000001,0,0,1000,0,0.10000000000000001
3099,1,0.65000000000000002,0,0,0,1000,0,0.10000000000000001
3100,1,0.65000000000000002,0.01,0,0,1000,0,0.10000000000000001
3101,1,0.65000000000000002,0.02,0,0,1000,0,0.10000000000000001
3102,1,0.65000000000000002,0.17999999999999999,0,0,1000,0,0.10000000000000001
3103,1,0.65000000000000002,0.19,0,0,1000,0,0.10000000000000001
3104,1,0.65000000000000002,0.20000000000000001,0,0,1000,0,0.10000000000000001
3105,1,0.66000000000000003,0,0,0,1000,0,0.10000000000000001
3106,1,0.66000000000000003,0.01,0,0,1000,0,0.10000000000000001
3107,1,0.66000000000000003,0.02,0,0,1000,0,0.10000000000000001
3108,1,0.66000000000000003,0.17999999999999999,0,0,1000,0,0.10000000000000001
3109,1,0.66000000000000003,0.19,0,0,1000,0,0.10000000000000001
3110,1,0.66000000000000003,0.20000000000000001,0,0,1000,0,0.10000000000000001
3111,1,0.67000000000000004,0,0,0,1000,0,0.10000000000000001
3112,1,0.67000000000000004,0.01,0,0,1000,0,0.10000000000000001
3113,1,0.67000000000000004,0.02,0,0,1000,0,0.10000000000000001
3114,1,0.67000000000000004,0.17999999999999999,0,0,1000,0,0.10000000000000001
3115,1,0.67000000000000004,0.19,0,0,1000,0,0.10000000000000001
3116,1,0.67000000000000004,0.20000000000000001,0,0,1000,0,0.10000000000000001
3117,1,0.68000000000000005,0,0,0,1000,0,0.10000000000000001
3118,1,0.68000000000000005,0.01,0,0,1000,0,0.10000000000000001
3119,1,0.68000000000000005,0.02,0,0,1000,0,0.10000000000000001
3120,1,0.68000000000000005,0.17999999999999999,0,0,1000,0,0.10000000000000001
3121,1,0.68000000000000005,0.19,0,0,1000,0,0.10000000000000001
3122,1,0.68000000000000005,0.20000000000000001,0,0,1000,0,0.10000000000000001
3123,1,0.69000000000000006,0,0,0,1000,0,0.10000000000000001
3124,1,0.69000000000000006,0.01,0,0,1000,0,0.10000000000000001
3125,1,0.69000000000000006,0.02,0,0,1000,0,0.10000000000000001
3126,1,0.69000000000000006,0.17999999999999999,0,0,1000,0,0.10000000000000001
3127,1,0.69000000000000006,0.19,0,0,1000,0,0.10000000000000001
3128,1,0.69000000000000006,0.20000000000000001,0,0,1000,0,0.10000000000000001
3129,1,0.70000000000000007,0,0,0,1000,0,0.10000000000000001
3130,1,0.70000000000000007,0.01,0,0,1000,0,0.10000000000000001
3131,1,0.70000000000000007,0.02,0,0,1000,0,0.10000000000000001
3132,1,0.70000000000000007,0.17999999999999999,0,0,1000,0,0.10000000000000001
3133,1,0.70000000000000007,0.19,0,0,1000,0,0.10000000000000001
3134,1,0.70000000000000007,0.20000000000000001,0,0,1000,0,0.10000000000000001
3135,1,0.70999999999999996,0,0,0,1000,0,0.10000000000000001
3136,1,0.70999999999999996,0.01,0,0,1000,0,0.10000000000000001
3137,1,0.70999999999999996,0.02,0,0,1000,0,0.10000000000000001
3138,1,0.70999999999999996,0.17999999999999999,0,0,1000,0,0.10000000000000001
3139,1,0.70999999999999996,0.19,0,0,1000,0,0.10000000000000001
3140,1,0.70999999999999996,0.20000000000000001,0,0,1000,0,0.10000000000000001
3141,1,0.71999999999999997,0,0,0,1000,0,0.10000000000000001
3142,1,0.71999999999999997,0.01,0,0,1000,0,0.10000000000000001
3143,1,0.71999999999999997,0.02,0,0,1000,0,0.10000000000000001
3144,1,0.71999999999999997,0.17999999999999999,0,0,1000,0,0.10000000000000001
3145,1,0.71999999999999997,0.19,0,0,1000,0,0.10000000000000001
3146,1,0.71999999999999997,0.20000000000000001,0,0,1000,0,0.10000000000000001
3147,1,0.72999999999999998,0,0,0,1000,0,0.10000000000000001
3148,1,0.72999999999999998,0.01,0,0,1000,0,0.10000000000000001
3149,1,0.72999999999999998,0.02,0,0,1000,0,0.10000000000000001
3150,1,0.72999999999999998,0.17999999999999999,0,0,1000,0,0.10000000000000001
3151,1,0.72999999999999998,0.19,0,0,1000,0,0.10000000000000001
3152,1,0.72999999999999998,0.20000000000000001,0,0,1000,0,0.10000000000000001
3153,1,0.73999999999999999,0,0,0,1000,0,0.10000000000000001
3154,1,0.73999999999999999,0.01,0,0,1000,0,0.10000000000000001
3155,1,0.73999999999999999,0.02,0,0,1000,0,0.10000000000000001
3156,1,0.73999999999999999,0.17999999999999999,0,0,1000,0,0.10000000000000001
3157,1,0.73999999999999999,0.19,0,0,1000,0,0.10000000000000001
3158,1,0.73999999999999999,0.20000000000000001,0,0,1000,0,0.10000000000000001
3159,1,0.75,0,0,0,1000,0,0.10000000000000001
3160,1,0.75,0.01,0,0,1000,0,0.10000000000000001
3161,1,0.75,0.02,0,0,1000,0,0.10000000000000001
3162,1,0.75,0.17999999999999999,0,0,1000,0,0.10000000000000001
3163,1,0.75,0.19,0,0,1000,0,0.10000000000000001
3164,1,0.75,0.20000000000000001,0,0,1000,0,0.10000000000000001
3165,1,0.76000000000000001,0,0,0,1000,0,0.10000000000000001
3166,1,0.76000000000000001,0.01,0,0,1000,0,0.10000000000000001
3167,1,0.76000000000000001,0.02,0,0,1000,0,0.10000000000000001
3168,1,0.76000000000000001,0.17999999999999999,0,0,1000,0,0.10000000000000001
3169,1,0.76000000000000001,0.19,0,0,1000,0,0.10000000000000001
3170,1,0.76000000000000001,0.20000000000000001,0,0,1000,0,0.10000000000000001
3171,1,0.77000000000000002,0,0,0,1000,0,0.10000000000000001
3172,1,0.77000000000000002,0.01,0,0,1000,0,0.10000000000000001
3173,1,0.77000000000000002,0.02,0,0,1000,0,0.10000000000000001
3174,1,0.77000000000000002,0.17999999999999999,0,0,1000,0,0.10000000000000001
3175,1,0.77000000000000002,0.19,0,0,1000,0,0.10000000000000001
3176,1,0.77000000000000002,0.20000000000000001,0,0,1000,0,0.10000000000000001
3177,1,0.78000000000000003,0,0,0,1000,0,0.10000000000000001
3178,1,0.78000000000000003,0.01,0,0,1000,0,0.10000000000000001
3179,1,0.78000000000000003,0.02,0,0,1000,0,0.10000000000000001
3180,1,0.78000000000000003,0.17999999999999999,0,0,1000,0,0.10000000000000001
3181,1,0.78000000000000003,0.19,0,0,1000,0,0.10000000000000001
3182,1,0.78000000000000003,0.20000000000000001,0,0,1000,0,0.10000000000000001
3183,1,0.79000000000000004,0,0,0,1000,0,0.10000000000000001
3184,1,0.79000000000000004,0.01,0,0,1000,0,0.10000000000000001
3185,1,0.79000000000000004,0.02,0,0,1000,0,0.10000000000000001
3186,1,0.79000000000000004,0.17999999999999999,0,0,1000,0,0.10000000000000001
3187,1,0.79000000000000004,0.19,0,0,1000,0,0.10000000000000001
3188,1,0.79000000000000004,0.20000000000000001,0,0,1000,0,0.10000000000000001
3189,1,0.80000000000000004,0,0,0,1000,0,0.10000000000000001
3190,1,0.80000000000000004,0.01,0,0,1000,0,0.10000000000000001
3191,1,0.80000000000000004,0.02,0,0,1000,0,0.10000000000000001
3192,1,0.80000000000000004,0.17999999999999999,0,0,1000,0,0.10000000000000001
3193,1,0.80000000000000004,0.19,0,0,1000,0,0.10000000000000001
3194,1,0.80000000000000004,0.20000000000000001,0,0,1000,0,0.10000000000000001
3195,1,0.81000000000000005,0,0,0,1000,0,0.10000000000000001
3196,1,0.81000000000000005,0.01,0,0,1000,0,0.10000000000000001
3197,1,0.81000000000000005,0.02,0,0,1000,0,0.10000000000000001
3198,1,0.81000000000000005,0.17999999999999999,0,0,1000,0,0.10000000000000001
3199,1,0.81000000000000005,0.19,0,0,1000,0,0.10000000000000001
3200,1,0.81000000000000005,0.20000000000000001,0,0,1000,0,0.10000000000000001
3201,1,0.82000000000000006,0,0,0,1000,0,0.10000000000000001
3202,1,0.82000000000000006,0.01,0,0,1000,0,0.10000000000000001
3203,1,0.82000000000000006,0.02,0,0,1000,0,0.10000000000000001
3204,1,0.82000000000000006,0.17999999999999999,0,0,1000,0,0.10000000000000001
3205,1,0.82000000000000006,0.19,0,0,1000,0,0.10000000000000001
3206,1,0.82000000000000006,0.20000000000000001,0,0,1000,0,0.10000000000000001
3207,1,0.83000000000000007,0,0,0,1000,0,0.10000000000000001
3208,1,0.83000000000000007,0.01,0,0,1000,0,0.10000000000000001
3209,1,0.83000000000000007,0.02,0,0,1000,0,0.10000000000000001
3210,1,0.83000000000000007,0.17999999999999999,0,0,1000,0,0.10000000000000001
3211,1,0.83000000000000007,0.19,0,0,1000,0,0.10000000000000001
3212,1,0.83000000000000007,0.20000000000000001,0,0,1000,0,0.10000000000000001
3213,1,0.83999999999999997,0,0,0,1000,0,0.10000000000000001
3214,1,0.83999999999999997,0.01,0,0,1000,0,0.10000000000000001
3215,1,0.83999999999999997,0.02,0,0,1000,0,0.10000000000000001
3216,1,0.83999999999999997,0.17999999999999999,0,0,1000,0,0.10000000000000001
3217,1,0.83999999999999997,0.19,0,0,1000,0,0.10000000000000001
3218,1,0.83999999999999997,0.20000000000000001,0,0,1000,0,0.10000000000000001
3219,1,0.84999999999999998,0,0,0,1000,0,0.10000000000000001
3220,1,0.84999999999999998,0.01,0,0,1000,0,0.10000000000000001
3221,1,0.84999999999999998,0.02,0,0,1000,0,0.10000000000000001
3222,1,0.84999999999999998,0.17999999999999999,0,0,1000,0,0.10000000000000001
3223,1,0.84999999999999998,0.19,0,0,1000,0,0.10000000000000001
3224,1,0.84999999999999998,0.20000000000000001,0,0,1000,0,0.10000000000000001
3225,1,0.85999999999999999,0,0,0,1000,0,0.10000000000000001
3226,1,0.85999999999999999,0.01,0,0,1000,0,0.10000000000000001
3227,1,0.85999999999999999,0.02,0,0,1000,0,0.10000000000000001
3228,1,0.85999999999999999,0.17999999999999999,0,0,1000,0,0.10000000000000001
3229,1,0.85999999999999999,0.19,0,0,1000,0,0.10000000000000001
3230,1,0.85999999999999999,0.20000000000000001,0,0,1000,0,0.10000000000000001
3231,1,0.87,0,0,0,1000,0,0.10000000000000001
3232,1,0.87,0.01,0,0,1000,0,0.10000000000000001
3233,1,0.87,0.02,0,0,1000,0,0.10000000000000001
3234,1,0.87,0.17999999999999999,0,0,1000,0,0.10000000000000001
3235,1,0.87,0.19,0,0,1000,0,0.10000000000000001
3236,1,0.87,0.20000000000000001,0,0,1000,0,0.10000000000000001
3237,1,0.88,0,0,0,1000,0,0.10000000000000001
3238,1,0.88,0.01,0,0,1000,0,0.10000000000000001
3239,1,0.88,0.02,0,0,1000,0,0.10000000000000001
3240,1,0.88,0.17999999999999999,0,0,1000,0,0.10000000000000001
3241,1,0.88,0.19,0,0,1000,0,0.10000000000000001
3242,1,0.88,0.20000000000000001,0,0,1000,0,0.10000000000000001
3243,1,0.89000000000000001,0,0,0,1000,0,0.10000000000000001
3244,1,0.89000000000000001,0.01,0,0,1000,0,0.10000000000000001
3245,1,0.89000000000000001,0.02,0,0,1000,0,0.10000000000000001
3246,1,0.89000000000000001,0.17999999999999999,0,0,1000,0,0.10000000000000001
3247,1,0.89000000000000001,0.19,0,0,1000,0,0.10000000000000001
3248,1,0.89000000000000001,0.20000000000000001,0,0,1000,0,0.10000000000000001
3249,1,0.90000000000000002,0,0,0,1000,0,0.10000000000000001
3250,1,0.90000000000000002,0.01,0,0,1000,0,0.10000000000000001
3251,1,0.90000000000000002,0.02,0,0,1000,0,0.10000000000000001
3252,1,0.90000000000000002,0.17999999999999999,0,0,1000,0,0.10000000000000001
3253,1,0.90000000000000002,0.19,0,0,1000,0,0.10000000000000001
3254,1,0.90000000000000002,0.20000000000000001,0,0,1000,0,0.10000000000000001
3255,1,0.91000000000000003,0,0,0,1000,0,0.10000000000000001
3256,1,0.91000000000000003,0.01,0,0,1000,0,0.10000000000000001
3257,1,0.91000000000000003,0.02,0,0,1000,0,0.10000000000000001
3258,1,0.91000000000000003,0.17999999999999999,0,0,1000,0,0.10000000000000001
3259,1,0.91000000000000003,0.19,0,0,1000,0,0.10000000000000001
3260,1,0.91000000000000003,0.20000000000000001,0,0,1000,0,0.10000000000000001
3261,1,0.92000000000000004,0,0,0,1000,0,0.10000000000000001
3262,1,0.92000000000000004,0.01,0,0,1000,0,0.10000000000000001
3263,1,0.92000000000000004,0.02,0,0,1000,0,0.10000000000000001
3264,1,0.92000000000000004,0.17999999999999999,0,0,1000,0,0.10000000000000001
3265,1,0.92000000000000004,0.19,0,0,1000,0,0.10000000000000001
3266,1,0.92000000000000004,0.20000000000000001,0,0,1000,0,0.10000000000000001
3267,1,0.93000000000000005,0,0,0,1000,0,0.10000000000000001
3268,1,0.93000000000000005,0.01,0,0,1000,0,0.10000000000000001
3269,1,0.93000000000000005,0.02,0,0,1000,0,0.10000000000000001
3270,1,0.93000000000000005,0.17999999999999999,0,0,1000,0,0.10000000000000001
3271,1,0.93000000000000005,0.19,0,0,1000,0,0.10000000000000001
3272,1,0.93000000000000005,0.20000000000000001,0,0,1000,0,0.10000000000000001
3273,1,0.94000000000000006,0,0,0,1000,0,0.10000000000000001
3274,1,0.94000000000000006,0.01,0,0,1000,0,0.10000000000000001
3275,1,0.94000000000000006,0.02,0,0,1000,0,0.10000000000000001
3276,1,0.94000000000000006,0.17999999999999999,0,0,1000,0,0.10000000000000001
3277,1,0.94000000000000006,0.19,0,0,1000,0,0.10000000000000001
3278,1,0.94000000000000006,0.20000000000000001,0,0,1000,0,0.10000000000000001
3279,1,0.95000000000000007,0,0,0,1000,0,0.10000000000000001
3280,1,0.95000000000000007,0.01,0,0,1000,0,0.10000000000000001
3281,1,0.95000000000000007,0.02,0,0,1000,0,0.10000000000000001
3282,1,0.95000000000000007,0.17999999999999999,0,0,1000,0,0.10000000000000001
3283,1,0.95000000000000007,0.19,0,0,1000,0,0.10000000000000001
3284,1,0.95000000000000007,0.20000000000000001,0,0,1000,0,0.10000000000000001
3285,1,0.95999999999999996,0,0,0,1000,0,0.10000000000000001
3286,1,0.95999999999999996,0.01,0,0,1000,0,0.10000000000000001
3287,1,0.95999999999999996,0.02,0,0,1000,0,0.10000000000000001
3288,1,0.95999999999999996,0.17999999999999999,0,0,1000,0,0.10000000000000001
3289,1,0.95999999999999996,0.19,0,0,1000,0,0.10000000000000001
3290,1,0.95999999999999996,0.20000000000000001,0,0,1000,0,0.10000000000000001
3291,1,0.96999999999999997,0,0,0,1000,0,0.10000000000000001
3292,1,0.96999999999999997,0.01,0,0,1000,0,0.10000000000000001
3293,1,0.96999999999999997,0.02,0,0,1000,0,0.10000000000000001
3294,1,0.96999999999999997,0.17999999999999999,0,0,1000,0,0.10000000000000001
3295,1,0.96999999999999997,0.19,0,0,1000,0,0.10000000000000001
3296,1,0.96999999999999997,0.20000000000000001,0,0,1000,0,0.10000000000000001
3297,1,0.97999999999999998,0,0,0,1000,0,0.10000000000000001
3298,1,0.97999999999999998,0.01,0,0,1000,0,0.10000000000000001
3299,1,0.97999999999999998,0.02,0,0,1000,0,0.10000000000000001
3300,1,0.97999999999999998,0.17999999999999999,0,0,1000,0,0.10000000000000001
3301,1,0.97999999999999998,0.19,0,0,1000,0,0.10000000000000001
3302,1,0.97999999999999998,0.20000000000000001,0,0,1000,0,0.10000000000000001
3303,1,0.98999999999999999,0,0,0,1000,0,0.10000000000000001
3304,1,0.98999999999999999,0.01,0,0,1000,0,0.10000000000000001
3305,1,0.98999999999999999,0.02,0,0,1000,0,0.10000000000000001
3306,1,0.98999999999999999,0.17999999999999999,0,0,1000,0,0.10000000000000001
3307,1,0.98999999999999999,0.19,0,0,1000,0,0.10000000000000001
3308,1,0.98999999999999999,0.20000000000000001,0,0,1000,0,0.10000000000000001
3309,1,1,0,0,0,1000,0,0.10000000000000001
3310,1,1,0.01,0,0,1000,0,0.10000000000000001
3311,1,1,0.02,0,0,1000,0,0.10000000000000001
3312,1,1,0.17999999999999999,0,0,1000,0,0.10000000000000001
3313,1,1,0.19,0,0,1000,0,0.10000000000000001
3314,1,1,0.20000000000000001,0,0,1000,0,0.10000000000000001
3315,1,1.01,0,0,0,1000,0,0.10000000000000001
3316,1,1.01,0.01,0,0,1000,0,0.10000000000000001
3317,1,1.01,0.02,0,0,1000,0,0.10000000000000001
3318,1,1.01,0.17999999999999999,0,0,1000,0,0.10000000000000001
3319,1,1.01,0.19,0,0,1000,0,0.10000000000000001
3320,1,1.01,0.20000000000000001,0,0,1000,0,0.10000000000000001
3321,1,1.02,0,0,0,1000,0,0.10000000000000001
3322,1,1.02,0.01,0,0,1000,0,0.10000000000000001
3323,1,1.02,0.02,0,0,1000,0,0.10000000000000001
3324,1,1.02,0.17999999999999999,0,0,1000,0,0.10000000000000001
3325,1,1.02,0.19,0,0,1000,0,0.10000000000000001
3326,1,1.02,0.20000000000000001,0,0,1000,0,0.10000000000000001
3327,1,1.03,0,0,0,1000,0,0.10000000000000001
3328,1,1.03,0.01,0,0,1000,0,0.10000000000000001
3329,1,1.03,0.02,0,0,1000,0,0.10000000000000001
3330,1,1.03,0.17999999999999999,0,0,1000,0,0.10000000000000001
3331,1,1.03,0.19,0,0,1000,0,0.10000000000000001
3332,1,1.03,0.20000000000000001,0,0,1000,0,0.10000000000000001
3333,1,1.04,0,0,0,1000,0,0.10000000000000001
3334,1,1.04,0.01,0,0,1000,0,0.10000000000000001
3335,1,1.04,0.02,0,0,1000,0,0.10000000000000001
3336,1,1.04,0.17999999999999999,0,0,1000,0,0.10000000000000001
3337,1,1.04,0.19,0,0,1000,0,0.10000000000000001
3338,1,1.04,0.20000000000000001,0,0,1000,0,0.10000000000000001
3339,1,1.05,0,0,0,1000,0,0.10000000000000001
3340,1,1.05,0.01,0,0,1000,0,0.10000000000000001
3341,1,1.05,0.02,0,0,1000,0,0.10000000000000001
3342,1,1.05,0.17999999999999999,0,0,1000,0,0.10000000000000001
3343,1,1.05,0.19,0,0,1000,0,0.10000000000000001
3344,1,1.05,0.20000000000000001,0,0,1000,0,0.10000000000000001
3345,1,1.0600000000000001,0,0,0,1000,0,0.10000000000000001
3346,1,1.0600000000000001,0.01,0,0,1000,0,0.10000000000000001
3347,1,1.0600000000000001,0.02,0,0,1000,0,0.10000000000000001
3348,1,1.0600000000000001,0.17999999999999999,0,0,1000,0,0.10000000000000001
3349,1,1.0600000000000001,0.19,0,0,1000,0,0.10000000000000001
3350,1,1.0600000000000001,0.20000000000000001,0,0,1000,0,0.10000000000000001
3351,1,1.0700000000000001,0,0,0,1000,0,0.10000000000000001
3352,1,1.0700000000000001,0.01,0,0,1000,0,0.10000000000000001
3353,1,1.0700000000000001,0.02,0,0,1000,0,0.10000000000000001
3354,1,1.0700000000000001,0.17999999999999999,0,0,1000,0,0.10000000000000001
3355,1,1.0700000000000001,0.19,0,0,1000,0,0.10000000000000001
3356,1,1.0700000000000001,0.20000000000000001,0,0,1000,0,0.10000000000000001
3357,1,1.0800000000000001,0,0,0,1000,0,0.10000000000000001
3358,1,1.0800000000000001,0.01,0,0,1000,0,0.10000000000000001
3359,1,1.0800000000000001,0.02,0,0,1000,0,0.10000000000000001
3360,1,1.0800000000000001,0.17999999999999999,0,0,1000,0,0.10000000000000001
3361,1,1.0800000000000001,0.19,0,0,1000,0,0.10000000000000001
3362,1,1.0800000000000001,0.20000000000000001,0,0,1000,0,0.10000000000000001
3363,1,1.0900000000000001,0,0,0,1000,0,0.10000000000000001
3364,1,1.0900000000000001,0.01,0,0,1000,0,0.10000000000000001
3365,1,1.0900000000000001,0.02,0,0,1000,0,0.10000000000000001
3366,1,1.0900000000000001,0.17999999999999999,0,0,1000,0,0.10000000000000001
3367,1,1.0900000000000001,0.19,0,0,1000,0,0.10000000000000001
3368,1,1.0900000000000001,0.20000000000000001,0,0,1000,0,0.10000000000000001
3369,1,1.1000000000000001,0,0,0,1000,0,0.10000000000000001
3370,1,1.1000000000000001,0.01,0,0,1000,0,0.10000000000000001
3371,1,1.1000000000000001,0.02,0,0,1000,0,0.10000000000000001
3372,1,1.1000000000000001,0.17999999999999999,0,0,1000,0,0.10000000000000001
3373,1,1.1000000000000001,0.19,0,0,1000,0,0.10000000000000001
3374,1,1.1000000000000001,0.20000000000000001,0,0,1000,0,0.10000000000000001
3375,1,1.1100000000000001,0,0,0,1000,0,0.10000000000000001
3376,1,1.1100000000000001,0.01,0,0,1000,0,0.10000000000000001
3377,1,1.1100000000000001,0.02,0,0,1000,0,0.10000000000000001
3378,1,1.1100000000000001,0.17999999999999999,0,0,1000,0,0.10000000000000001
3379,1,1.1100000000000001,0.19,0,0,1000,0,0.10000000000000001
3380,1,1.1100000000000001,0.20000000000000001,0,0,1000,0,0.10000000000000001
3381,1,1.1200000000000001,0,0,0,1000,0,0.10000000000000001
3382,1,1.1200000000000001,0.01,0,0,1000,0,0.10000000000000001
3383,1,1.1200000000000001,0.02,0,0,1000,0,0.10000000000000001
3384,1,1.1200000000000001,0.17999999999999999,0,0,1000,0,0.10000000000000001
3385,1,1.1200000000000001,0.19,0,0,1000,0,0.10000000000000001
3386,1,1.1200000000000001,0.20000000000000001,0,0,1000,0,0.10000000000000001
3387,1,1.1300000000000001,0,0,0,1000,0,0.10000000000000001
3388,1,1.1300000000000001,0.01,0,0,1000,0,0.10000000000000001
3389,1,1.1300000000000001,0.02,0,0,1000,0,0.10000000000000001
3390,1,1.1300000000000001,0.17999999999999999,0,0,1000,0,0.10000000000000001
3391,1,1.1300000000000001,0.19,0,0,1000,0,0.10000000000000001
3392,1,1.1300000000000001,0.20000000000000001,0,0,1000,0,0.10000000000000001
3393,1,1.1400000000000001,0,0,0,1000,0,0.10000000000000001
3394,1,1.1400000000000001,0.01,0,0,1000,0,0.10000000000000001
3395,1,1.1400000000000001,0.02,0,0,1000,0,0.10000000000000001
3396,1,1.1400000000000001,0.17999999999999999,0,0,1000,0,0.10000000000000001
3397,1,1.1400000000000001,0.19,0,0,1000,0,0.10000000000000001
3398,1,1.1400000000000001,0.20000000000000001,0,0,1000,0,0.10000000000000001
3399,1,1.1500000000000001,0,0,0,1000,0,0.10000000000000001
3400,1,1.1500000000000001,0.01,0,0,1000,0,0.10000000000000001
3401,1,1.1500000000000001,0.02,0,0,1000,0,0.10000000000000001
3402,1,1.1500000000000001,0.17999999999999999,0,0,1000,0,0.10000000000000001
3403,1,1.1500000000000001,0.19,0,0,1000,0,0.10000000000000001
3404,1,1.1500000000000001,0.20000000000000001,0,0,1000,0,0.10000000000000001
3405,1,1.1599999999999999,0,0,0,1000,0,0.10000000000000001
3406,1,1.1599999999999999,0.01,0,0,1000,0,0.10000000000000001
3407,1,1.1599999999999999,0.02,0,0,1000,0,0.10000000000000001
3408,1,1.1599999999999999,0.17999999999999999,0,0,1000,0,0.10000000000000001
3409,1,1.1599999999999999,0.19,0,0,1000,0,0.10000000000000001
3410,1,1.1599999999999999,0.20000000000000001,0,0,1000,0,0.10000000000000001
3411,1,1.1699999999999999,0,0,0,1000,0,0.10000000000000001
3412,1,1.1699999999999999,0.01,0,0,1000,0,0.10000000000000001
3413,1,1.1699999999999999,0.02,0,0,1000,0,0.10000000000000001
3414,1,1.1699999999999999,0.17999999999999999,0,0,1000,0,0.10000000000000001
3415,1,1.1699999999999999,0.19,0,0,1000,0,0.10000000000000001
3416,1,1.1699999999999999,0.20000000000000001,0,0,1000,0,0.10000000000000001
3417,1,1.1799999999999999,0,0,0,1000,0,0.10000000000000001
3418,1,1.1799999999999999,0.01,0,0,1000,0,0.10000000000000001
3419,1,1.1799999999999999,0.02,0,0,1000,0,0.10000000000000001
3420,1,1.1799999999999999,0.17999999999999999,0,0,1000,0,0.10000000000000001
3421,1,1.1799999999999999,0.19,0,0,1000,0,0.10000000000000001
3422,1,1.1799999999999999,0.20000000000000001,0,0,1000,0,0.10000000000000001
3423,1,1.1899999999999999,0,0,0,1000,0,0.10000000000000001
3424,1,1.1899999999999999,0.01,0,0,1000,0,0.10000000000000001
3425,1,1.1899999999999999,0.02,0,0,1000,0,0.10000000000000001
3426,1,1.1899999999999999,0.17999999999999999,0,0,1000,0,0.10000000000000001
3427,1,1.1899999999999999,0.19,0,0,1000,0,0.10000000000000001
3428,1,1.1899999999999999,0.20000000000000001,0,0,1000,0,0.10000000000000001
3429,1,1.2,0,0,0,1000,0,0.10000000000000001
3430,1,1.2,0.01,0,0,1000,0,0.10000000000000001
3431,1,1.2,0.02,0,0,1000,0,0.10000000000000001
3432,1,1.2,0.17999999999999999,0,0,1000,0,0.10000000000000001
3433,1,1.2,0.19,0,0,1000,0,0.10000000000000001
3434,1,1.2,0.20000000000000001,0,0,1000,0,0.10000000000000001
3435,1,1.21,0,0,0,1000,0,0.10000000000000001
3436,1,1.21,0.01,0,0,1000,0,0.10000000000000001
3437,1,1.21,0.02,0,0,1000,0,0.10000000000000001
3438,1,1.21,0.17999999999999999,0,0,1000,0,0.10000000000000001
3439,1,1.21,0.19,0,0,1000,0,0.10000000000000001
3440,1,1.21,0.20000000000000001,0,0,1000,0,0.10000000000000001
3441,1,1.22,0,0,0,1000,0,0.10000000000000001
3442,1,1.22,0.01,0,0,1000,0,0.10000000000000001
3443,1,1.22,0.02,0,0,1000,0,0.10000000000000001
3444,1,1.22,0.17999999999999999,0,0,1000,0,0.10000000000000001
3445,1,1.22,0.19,0,0,1000,0,0.10000000000000001
3446,1,1.22,0.20000000000000001,0,0,1000,0,0.10000000000000001
3447,1,1.23,0,0,0,1000,0,0.10000000000000001
3448,1,1.23,0.01,0,0,1000,0,0.10000000000000001
3449,1,1.23,0.02,0,0,1000,0,0.10000000000000001
3450,1,1.23,0.17999999999999999,0,0,1000,0,0.10000000000000001
3451,1,1.23,0.19,0,0,1000,0,0.10000000000000001
3452,1,1.23,0.20000000000000001,0,0,1000,0,0.10000000000000001
3453,1,1.24,0,0,0,1000,0,0.10000000000000001
3454,1,1.24,0.01,0,0,1000,0,0.10000000000000001
3455,1,1.24,0.02,0,0,1000,0,0.10000000000000001
3456,1,1.24,0.17999999999999999,0,0,1000,0,0.10000000000000001
3457,1,1.24,0.19,0,0,1000,0,0.10000000000000001
3458,1,1.24,0.20000000000000001,0,0,1000,0,0.10000000000000001
3459,1,1.25,0,0,0,1000,0,0.10000000000000001
3460,1,1.25,0.01,0,0,1000,0,0.10000000000000001
3461,1,1.25,0.02,0,0,1000,0,0.10000000000000001
3462,1,1.25,0.17999999999999999,0,0,1000,0,0.10000000000000001
3463,1,1.25,0.19,0,0,1000,0,0.10000000000000001
3464,1,1.25,0.20000000000000001,0,0,1000,0,0.10000000000000001
3465,1,1.26,0,0,0,1000,0,0.10000000000000001
3466,1,1.26,0.01,0,0,1000,0,0.10000000000000001
3467,1,1.26,0.02,0,0,1000,0,0.10000000000000001
3468,1,1.26,0.17999999999999999,0,0,1000,0,0.10000000000000001
3469,1,1.26,0.19,0,0,1000,0,0.10000000000000001
3470,1,1.26,0.20000000000000001,0,0,1000,0,0.10000000000000001
3471,1,1.27,0,0,0,1000,0,0.10000000000000001
3472,1,1.27,0.01,0,0,1000,0,0.10000000000000001
3473,1,1.27,0.02,0,0,1000,0,0.10000000000000001
3474,1,1.27,0.17999999999999999,0,0,1000,0,0.10000000000000001
3475,1,1.27,0.19,0,0,1000,0,0.10000000000000001
3476,1,1.27,0.20000000000000001,0,0,1000,0,0.10000000000000001
3477,1,1.28,0,0,0,1000,0,0.10000000000000001
3478,1,1.28,0.01,0,0,1000,0,0.10000000000000001
3479,1,1.28,0.02,0,0,1000,0,0.10000000000000001
3480,1,1.28,0.17999999999999999,0,0,1000,0,0.10000000000000001
3481,1,1.28,0.19,0,0,1000,0,0.10000000000000001
3482,1,1.28,0.20000000000000001,0,0,1000,0,0.10000000000000001
3483,1,1.29,0,0,0,1000,0,0.10000000000000001
3484,1,1.29,0.01,0,0,1000,0,0.10000000000000001
3485,1,1.29,0.02,0,0,1000,0,0.10000000000000001
3486,1,1.29,0.17999999999999999,0,0,1000,0,0.10000000000000001
3487,1,1.29,0.19,0,0,1000,0,0.10000000000000001
3488,1,1.29,0.20000000000000001,0,0,1000,0,0.10000000000000001
3489,1,1.3,0,0,0,1000,0,0.10000000000000001
3490,1,1.3,0.01,0,0,1000,0,0.10000000000000001
3491,1,1.3,0.02,0,0,1000,0,0.10000000000000001
3492,1,1.3,0.17999999999999999,0,0,1000,0,0.10000000000000001
3493,1,1.3,0.19,0,0,1000,0,0.10000000000000001
3494,1,1.3,0.20000000000000001,0,0,1000,0,0.10000000000000001
3495,1,1.3100000000000001,0,0,0,1000,0,0.10000000000000001
3496,1,1.3100000000000001,0.01,0,0,1000,0,0.10000000000000001
3497,1,1.3100000000000001,0.02,0,0,1000,0,0.10000000000000001
3498,1,1.3100000000000001,0.17999999999999999,0,0,1000,0,0.10000000000000001
3499,1,1.3100000000000001,0.19,0,0,1000,0,0.10000000000000001
3500,1,1.3100000000000001,0.20000000000000001,0,0,1000,0,0.10000000000000001
3501,1,1.3200000000000001,0,0,0,1000,0,0.10000000000000001
3502,1,1.3200000000000001,0.01,0,0,1000,0,0.10000000000000001
3503,1,1.3200000000000001,0.02,0,0,1000,0,0.10000000000000001
3504,1,1.3200000000000001,0.17999999999999999,0,0,1000,0,0.10000000000000001
3505,1,1.3200000000000001,0.19,0,0,1000,0,0.10000000000000001
3506,1,1.3200000000000001,0.20000000000000001,0,0,1000,0,0.10000000000000001
3507,1,1.3300000000000001,0,0,0,1000,0,0.10000000000000001
3508,1,1.3300000000000001,0.01,0,0,1000,0,0.10000000000000001
3509,1,1.3300000000000001,0.02,0,0,1000,0,0.10000000000000001
3510,1,1.3300000000000001,0.17999999999999999,0,0,1000,0,0.10000000000000001
3511,1,1.3300000000000001,0.19,0,0,1000,0,0.10000000000000001
3512,1,1.3300000000000001,0.20000000000000001,0,0,1000,0,0.10000000000000001
3513,1,1.3400000000000001,0,0,0,1000,0,0.10000000000000001
3514,1,1.3400000000000001,0.01,0,0,1000,0,0.10000000000000001
3515,1,1.3400000000000001,0.02,0,0,1000,0,0.10000000000000001
3516,1,1.3400000000000001,0.17999999999999999,0,0,1000,0,0.10000000000000001
3517,1,1.3400000000000001,0.19,0,0,1000,0,0.10000000000000001
3518,1,1.3400000000000001,0.20000000000000001,0,0,1000,0,0.10000000000000001
3519,1,1.3500000000000001,0,0,0,1000,0,0.10000000000000001
3520,1,1.3500000000000001,0.01,0,0,1000,0,0.10000000000000001
3521,1,1.3500000000000001,0.02,0,0,1000,0,0.10000000000000001
3522,1,1.3500000000000001,0.17999999999999999,0,0,1000,0,0.10000000000000001
3523,1,1.3500000000000001,0.19,0,0,1000,0,0.10000000000000001
3524,1,1.3500000000000001,0.20000000000000001,0,0,1000,0,0.10000000000000001
3525,1,1.3600000000000001,0,0,0,1000,0,0.10000000000000001
3526,1,1.3600000000000001,0.01,0,0,1000,0,0.10000000000000001
3527,1,1.3600000000000001,0.02,0,0,1000,0,0.10000000000000001
3528,1,1.3600000000000001,0.17999999999999999,0,0,1000,0,0.10000000000000001
3529,1,1.3600000000000001,0.19,0,0,1000,0,0.10000000000000001
3530,1,1.3600000000000001,0.20000000000000001,0,0,1000,0,0.10000000000000001
3531,1,1.3700000000000001,0,0,0,1000,0,0.10000000000000001
3532,1,1.3700000000000001,0.01,0,0,1000,0,0.10000000000000001
3533,1,1.3700000000000001,0.02,0,0,1000,0,0.10000000000000001
3534,1,1.3700000000000001,0.17999999999999999,0,0,1000,0,0.10000000000000001
3535,1,1.3700000000000001,0.19,0,0,1000,0,0.10000000000000001
3536,1,1.3700000000000001,0.20000000000000001,0,0,1000,0,0.10000000000000001
3537,1,1.3800000000000001,0,0,0,1000,0,0.10000000000000001
3538,1,1.3800000000000001,0.01,0,0,1000,0,0.10000000000000001
3539,1,1.3800000000000001,0.02,0,0,1000,0,0.10000000000000001
3540,1,1.3800000000000001,0.17999999999999999,0,0,1000,0,0.10000000000000001
3541,1,1.3800000000000001,0.19,0,0,1000,0,0.10000000000000001
3542,1,1.3800000000000001,0.20000000000000001,0,0,1000,0,0.10000000000000001
3543,1,1.3900000000000001,0,0,0,1000,0,0.10000000000000001
3544,1,1.3900000000000001,0.01,0,0,1000,0,0.10000000000000001
3545,1,1.3900000000000001,0.02,0,0,1000,0,0.10000000000000001
3546,1,1.3900000000000001,0.17999999999999999,0,0,1000,0,0.10000000000000001
3547,1,1.3900000000000001,0.19,0,0,1000,0,0.10000000000000001
3548,1,1.3900000000000001,0.20000000000000001,0,0,1000,0,0.10000000000000001
3549,1,1.4000000000000001,0,0,0,1000,0,0.10000000000000001
3550,1,1.4000000000000001,0.01,0,0,1000,0,0.10000000000000001
3551,1,1.4000000000000001,0.02,0,0,1000,0,0.10000000000000001
3552,1,1.4000000000000001,0.17999999999999999,0,0,1000,0,0.10000000000000001
3553,1,1.4000000000000001,0.19,0,0,1000,0,0.10000000000000001
3554,1,1.4000000000000001,0.20000000000000001,0,0,1000,0,0.10000000000000001
3555,1,1.4099999999999999,0,0,0,1000,0,0.10000000000000001
3556,1,1.4099999999999999,0.01,0,0,1000,0,0.10000000000000001
3557,1,1.4099999999999999,0.02,0,0,1000,0,0.10000000000000001
3558,1,1.4099999999999999,0.17999999999999999,0,0,1000,0,0.10000000000000001
3559,1,1.4099999999999999,0.19,0,0,1000,0,0.10000000000000001
3560,1,1.4099999999999999,0.20000000000000001,0,0,1000,0,0.10000000000000001
3561,1,1.4199999999999999,0,0,0,1000,0,0.10000000000000001
3562,1,1.4199999999999999,0.01,0,0,1000,0,0.10000000000000001
3563,1,1.4199999999999999,0.02,0,0,1000,0,0.10000000000000001
3564,1,1.4199999999999999,0.17999999999999999,0,0,1000,0,0.10000000000000001
3565,1,1.4199999999999999,0.19,0,0,1000,0,0.10000000000000001
3566,1,1.4199999999999999,0.20000000000000001,0,0,1000,0,0.10000000000000001
3567,1,1.4299999999999999,0,0,0,1000,0,0.10000000000000001
3568,1,1.4299999999999999,0.01,0,0,1000,0,0.10000000000000001
3569,1,1.4299999999999999,0.02,0,0,1000,0,0.10000000000000001
3570,1,1.4299999999999999,0.17999999999999999,0,0,1000,0,0.10000000000000001
3571,1,1.4299999999999999,0.19,0,0,1000,0,0.10000000000000001
3572,1,1.4299999999999999,0.20000000000000001,0,0,1000,0,0.10000000000000001
3573,1,1.4399999999999999,0,0,0,1000,0,0.10000000000000001
3574,1,1.4399999999999999,0.01,0,0,1000,0,0.10000000000000001
3575,1,1.4399999999999999,0.02,0,0,1000,0,0.10000000000000001
3576,1,1.4399999999999999,0.17999999999999999,0,0,1000,0,0.10000000000000001
3577,1,1.4399999999999999,0.19,0,0,1000,0,0.10000000000000001
3578,1,1.4399999999999999,0.20000000000000001,0,0,1000,0,0.10000000000000001
3579,1,1.45,0,0,0,1000,0,0.10000000000000001
3580,1,1.45,0.01,0,0,1000,0,0.10000000000000001
3581,1,1.45,0.02,0,0,1000,0,0.10000000000000001
3582,1,1.45,0.17999999999999999,0,0,1000,0,0.10000000000000001
3583,1,1.45,0.19,0,0,1000,0,0.10000000000000001
3584,1,1.45,0.20000000000000001,0,0,1000,0,0.10000000000000001
3585,1,1.46,0,0,0,1000,0,0.10000000000000001
3586,1,1.46,0.01,0,0,1000,0,0.10000000000000001
3587,1,1.46,0.02,0,0,1000,0,0.10000000000000001
3588,1,1.46,0.17999999999999999,0,0,1000,0,0.10000000000000001
3589,1,1.46,0.19,0,0,1000,0,0.10000000000000001
3590,1,1.46,0.20000000000000001,0,0,1000,0,0.10000000000000001
3591,1,1.47,0,0,0,1000,0,0.10000000000000001
3592,1,1.47,0.01,0,0,1000,0,0.10000000000000001
3593,1,1.47,0.02,0,0,1000,0,0.10000000000000001
3594,1,1.47,0.17999999999999999,0,0,1000,0,0.10000000000000001
3595,1,1.47,0.19,0,0,1000,0,0.10000000000000001
3596,1,1.47,0.20000000000000001,0,0,1000,0,0.10000000000000001
3597,1,1.48,0,0,0,1000,0,0.10000000000000001
3598,1,1.48,0.01,0,0,1000,0,0.10000000000000001
3599,1,1.48,0.02,0,0,1000,0,0.10000000000000001
3600,1,1.48,0.17999999999999999,0,0,1000,0,0.10000000000000001
3601,1,1.48,0.19,0,0,1000,0,0.10000000000000001
3602,1,1.48,0.20000000000000001,0,0,1000,0,0.10000000000000001
3603,1,1.49,0,0,0,1000,0,0.10000000000000001
3604,1,1.49,0.01,0,0,1000,0,0.10000000000000001
3605,1,1.49,0.02,0,0,1000,0,0.10000000000000001
3606,1,1.49,0.17999999999999999,0,0,1000,0,0.10000000000000001
3607,1,1.49,0.19,0,0,1000,0,0.10000000000000001
3608,1,1.49,0.20000000000000001,0,0,1000,0,0.10000000000000001
3609,1,1.5,0,0,0,1000,0,0.10000000000000001
3610,1,1.5,0.01,0,0,1000,0,0.10000000000000001
3611,1,1.5,0.02,0,0,1000,0,0.10000000000000001
3612,1,1.5,0.17999999999999999,0,0,1000,0,0.10000000000000001
3613,1,1.5,0.19,0,0,1000,0,0.10000000000000001
3614,1,1.5,0.20000000000000001,0,0,1000,0,0.10000000000000001
3615,1,1.51,0,0,0,1000,0,0.10000000000000001
3616,1,1.51,0.01,0,0,1000,0,0.10000000000000001
3617,1,1.51,0.02,0,0,1000,0,0.10000000000000001
3618,1,1.51,0.17999999999999999,0,0,1000,0,0.10000000000000001
3619,1,1.51,0.19,0,0,1000,0,0.10000000000000001
3620,1,1.51,0.20000000000000001,0,0,1000,0,0.10000000000000001
3621,1,1.52,0,0,0,1000,0,0.10000000000000001
3622,1,1.52,0.01,0,0,1000,0,0.10000000000000001
3623,1,1.52,0.02,0,0,1000,0,0.10000000000000001
3624,1,1.52,0.17999999999999999,0,0,1000,0,0.10000000000000001
3625,1,1.52,0.19,0,0,1000,0,0.10000000000000001
3626,1,1.52,0.20000000000000001,0,0,1000,0,0.10000000000000001
3627,1,1.53,0,0,0,1000,0,0.10000000000000001
3628,1,1.53,0.01,0,0,1000,0,0.10000000000000001
3629,1,1.53,0.02,0,0,1000,0,0.10000000000000001
3630,1,1.53,0.17999999999999999,0,0,1000,0,0.10000000000000001
3631,1,1.53,0.19,0,0,1000,0,0.10000000000000001
3632,1,1.53,0.20000000000000001,0,0,1000,0,0.10000000000000001
3633,1,1.54,0,0,0,1000,0,0.10000000000000001
3634,1,1.54,0.01,0,0,1000,0,0.10000000000000001
3635,1,1.54,0.02,0,0,1000,0,0.10000000000000001
3636,1,1.54,0.17999999999999999,0,0,1000,0,0.10000000000000001
3637,1,1.54,0.19,0,0,1000,0,0.10000000000000001
3638,1,1.54,0.20000000000000001,0,0,1000,0,0.10000000000000001
3639,1,1.55,0,0,0,1000,0,0.10000000000000001
3640,1,1.55,0.01,0,0,1000,0,0.10000000000000001
3641,1,1.55,0.02,0,0,1000,0,0.10000000000000001
3642,1,1.55,0.17999999999999999,0,0,1000,0,0.10000000000000001
3643,1,1.55,0.19,0,0,1000,0,0.10000000000000001
3644,1,1.55,0.20000000000000001,0,0,1000,0,0.10000000000000001
3645,1,1.5600000000000001,0,0,0,1000,0,0.10000000000000001
3646,1,1.5600000000000001,0.01,0,0,1000,0,0.10000000000000001
3647,1,1.5600000000000001,0.02,0,0,1000,0,0.10000000000000001
3648,1,1.5600000000000001,0.17999999999999999,0,0,1000,0,0.10000000000000001
3649,1,1.5600000000000001,0.19,0,0,1000,0,0.10000000000000001
3650,1,1.5600000000000001,0.20000000000000001,0,0,1000,0,0.10000000000000001
3651,1,1.5700000000000001,0,0,0,1000,0,0.10000000000000001
3652,1,1.5700000000000001,0.01,0,0,1000,0,0.10000000000000001
3653,1,1.5700000000000001,0.02,0,0,1000,0,0.10000000000000001
3654,1,1.5700000000000001,0.17999999999999999,0,0,1000,0,0.10000000000000001
3655,1,1.5700000000000001,0.19,0,0,1000,0,0.10000000000000001
3656,1,1.5700000000000001,0.20000000000000001,0,0,1000,0,0.10000000000000001
3657,1,1.5800000000000001,0,0,0,1000,0,0.10000000000000001
3658,1,1.5800000000000001,0.01,0,0,1000,0,0.10000000000000001
3659,1,1.5800000000000001,0.02,0,0,1000,0,0.10000000000000001
3660,1,1.5800000000000001,0.17999999999999999,0,0,1000,0,0.10000000000000001
3661,1,1.5800000000000001,0.19,0,0,1000,0,0.10000000000000001
3662,1,1.5800000000000001,0.20000000000000001,0,0,1000,0,0.10000000000000001
3663,1,1.5900000000000001,0,0,0,1000,0,0.10000000000000001
3664,1,1.5900000000000001,0.01,0,0,1000,0,0.10000000000000001
3665,1,1.5900000000000001,0.02,0,0,1000,0,0.10000000000000001
3666,1,1.5900000000000001,0.17999999999999999,0,0,1000,0,0.10000000000000001
3667,1,1.5900000000000001,0.19,0,0,1000,0,0.10000000000000001
3668,1,1.5900000000000001,0.20000000000000001,0,0,1000,0,0.10000000000000001
3669,1,1.6000000000000001,0,0,0,1000,0,0.10000000000000001
3670,1,1.6000000000000001,0.01,0,0,1000,0,0.10000000000000001
3671,1,1.6000000000000001,0.02,0,0,1000,0,0.10000000000000001
3672,1,1.6000000000000001,0.17999999999999999,0,0,1000,0,0.10000000000000001
3673,1,1.6000000000000001,0.19,0,0,1000,0,0.10000000000000001
3674,1,1.6000000000000001,0.20000000000000001,0,0,1000,0,0.10000000000000001
3675,1,1.6100000000000001,0,0,0,1000,0,0.10000000000000001
3676,1,1.6100000000000001,0.01,0,0,1000,0,0.10000000000000001
3677,1,1.6100000000000001,0.02,0,0,1000,0,0.10000000000000001
3678,1,1.6100000000000001,0.17999999999999999,0,0,1000,0,0.10000000000000001
3679,1,1.6100000000000001,0.19,0,0,1000,0,0.10000000000000001
3680,1,1.6100000000000001,0.20000000000000001,0,0,1000,0,0.10000000000000001
3681,1,1.6200000000000001,0,0,0,1000,0,0.10000000000000001
3682,1,1.6200000000000001,0.01,0,0,1000,0,0.10000000000000001
3683,1,1.6200000000000001,0.02,0,0,1000,0,0.10000000000000001
3684,1,1.6200000000000001,0.17999999999999999,0,0,1000,0,0.10000000000000001
3685,1,1.6200000000000001,0.19,0,0,1000,0,0.10000000000000001
3686,1,1.6200000000000001,0.20000000000000001,0,0,1000,0,0.10000000000000001
3687,1,1.6300000000000001,0,0,0,1000,0,0.10000000000000001
3688,1,1.6300000000000001,0.01,0,0,1000,0,0.10000000000000001
3689,1,1.6300000000000001,0.02,0,0,1000,0,0.10000000000000001
3690,1,1.6300000000000001,0.17999999999999999,0,0,1000,0,0.10000000000000001
3691,1,1.6300000000000001,0.19,0,0,1000,0,0.10000000000000001
3692,1,1.6300000000000001,0.20000000000000001,0,0,1000,0,0.10000000000000001
3693,1,1.6400000000000001,0,0,0,1000,0,0.10000000000000001
3694,1,1.6400000000000001,0.01,0,0,1000,0,0.10000000000000001
3695,1,1.6400000000000001,0.02,0,0,1000,0,0.10000000000000001
3696,1,1.6400000000000001,0.17999999999999999,0,0,1000,0,0.10000000000000001
3697,1,1.6400000000000001,0.19,0,0,1000,0,0.10000000000000001
3698,1,1.6400000000000001,0.20000000000000001,0,0,1000,0,0.10000000000000001
3699,1,1.6500000000000001,0,0,0,1000,0,0.10000000000000001
3700,1,1.6500000000000001,0.01,0,0,1000,0,0.10000000000000001
3701,1,1.6500000000000001,0.02,0,0,1000,0,0.10000000000000001
3702,1,1.6500000000000001,0.17999999999999999,0,0,1000,0,0.10000000000000001
3703,1,1.6500000000000001,0.19,0,0,1000,0,0.10000000000000001
3704,1,1.6500000000000001,0.20000000000000001,0,0,1000,0,0.10000000000000001
3705,1,1.6600000000000001,0,0,0,1000,0,0.10000000000000001
3706,1,1.6600000000000001,0.01,0,0,1000,0,0.10000000000000001
3707,1,1.6600000000000001,0.02,0,0,1000,0,0.10000000000000001
3708,1,1.6600000000000001,0.17999999999999999,0,0,1000,0,0.10000000000000001
3709,1,1.6600000000000001,0.19,0,0,1000,0,0.10000000000000001
3710,1,1.6600000000000001,0.20000000000000001,0,0,1000,0,0.10000000000000001
3711,1,1.6699999999999999,0,0,0,1000,0,0.10000000000000001
3712,1,1.6699999999999999,0.01,0,0,1000,0,0.10000000000000001
3713,1,1.6699999999999999,0.02,0,0,1000,0,0.10000000000000001
3714,1,1.6699999999999999,0.17999999999999999,0,0,1000,0,0.10000000000000001
3715,1,1.6699999999999999,0.19,0,0,1000,0,0.10000000000000001
3716,1,1.6699999999999999,0.20000000000000001,0,0,1000,0,0.10000000000000001
3717,1,1.6799999999999999,0,0,0,1000,0,0.10000000000000001
3718,1,1.6799999999999999,0.01,0,0,1000,0,0.10000000000000001
3719,1,1.6799999999999999,0.02,0,0,1000,0,0.10000000000000001
3720,1,1.6799999999999999,0.17999999999999999,0,0,1000,0,0.10000000000000001
3721,1,1.6799999999999999,0.19,0,0,1000,0,0.10000000000000001
3722,1,1.6799999999999999,0.20000000000000001,0,0,1000,0,0.10000000000000001
3723,1,1.6899999999999999,0,0,0,1000,0,0.10000000000000001
3724,1,1.6899999999999999,0.01,0,0,1000,0,0.10000000000000001
3725,1,1.6899999999999999,0.02,0,0,1000,0,0.10000000000000001
3726,1,1.6899999999999999,0.17999999999999999,0,0,1000,0,0.10000000000000001
3727,1,1.6899999999999999,0.19,0,0,1000,0,0.10000000000000001
3728,1,1.6899999999999999,0.20000000000000001,0,0,1000,0,0.10000000000000001
3729,1,1.7,0,0,0,1000,0,0.10000000000000001
3730,1,1.7,0.01,0,0,1000,0,0.10000000000000001
3731,1,1.7,0.02,0,0,1000,0,0.10000000000000001
3732,1,1.7,0.17999999999999999,0,0,1000,0,0.10000000000000001
3733,1,1.7,0.19,0,0,1000,0,0.10000000000000001
3734,1,1.7,0.20000000000000001,0,0,1000,0,0.10000000000000001
3735,1,1.71,0,0,0,1000,0,0.10000000000000001
3736,1,1.71,0.01,0,0,1000,0,0.10000000000000001
3737,1,1.71,0.02,0,0,1000,0,0.10000000000000001
3738,1,1.71,0.17999999999999999,0,0,1000,0,0.10000000000000001
3739,1,1.71,0.19,0,0,1000,0,0.10000000000000001
3740,1,1.71,0.20000000000000001,0,0,1000,0,0.10000000000000001
3741,1,1.72,0,0,0,1000,0,0.10000000000000001
3742,1,1.72,0.01,0,0,1000,0,0.10000000000000001
3743,1,1.72,0.02,0,0,1000,0,0.10000000000000001
3744,1,1.72,0.17999999999999999,0,0,1000,0,0.10000000000000001
3745,1,1.72,0.19,0,0,1000,0,0.10000000000000001
3746,1,1.72,0.20000000000000001,0,0,1000,0,0.10000000000000001
3747,1,1.73,0,0,0,1000,0,0.10000000000000001
3748,1,1.73,0.01,0,0,1000,0,0.10000000000000001
3749,1,1.73,0.02,0,0,1000,0,0.10000000000000001
3750,1,1.73,0.17999999999999999,0,0,1000,0,0.10000000000000001
3751,1,1.73,0.19,0,0,1000,0,0.10000000000000001
3752,1,1.73,0.20000000000000001,0,0,1000,0,0.10000000000000001
3753,1,1.74,0,0,0,1000,0,0.10000000000000001
3754,1,1.74,0.01,0,0,1000,0,0.10000000000000001
3755,1,1.74,0.02,0,0,1000,0,0.10000000000000001
3756,1,1.74,0.17999999999999999,0,0,1000,0,0.10000000000000001
3757,1,1.74,0.19,0,0,1000,0,0.10000000000000001
3758,1,1.74,0.20000000000000001,0,0,1000,0,0.10000000000000001
3759,1,1.75,0,0,0,1000,0,0.10000000000000001
3760,1,1.75,0.01,0,0,1000,0,0.10000000000000001
3761,1,1.75,0.02,0,0,1000,0,0.10000000000000001
3762,1,1.75,0.17999999999999999,0,0,1000,0,0.10000000000000001
3763,1,1.75,0.19,0,0,1000,0,0.10000000000000001
3764,1,1.75,0.20000000000000001,0,0,1000,0,0.10000000000000001
3765,1,1.76,0,0,0,1000,0,0.10000000000000001
3766,1,1.76,0.01,0,0,1000,0,0.10000000000000001
3767,1,1.76,0.02,0,0,1000,0,0.10000000000000001
3768,1,1.76,0.17999999999999999,0,0,1000,0,0.10000000000000001
3769,1,1.76,0.19,0,0,1000,0,0.10000000000000001
3770,1,1.76,0.20000000000000001,0,0,1000,0,0.10000000000000001
3771,1,1.77,0,0,0,1000,0,0.10000000000000001
3772,1,1.77,0.01,0,0,1000,0,0.10000000000000001
3773,1,1.77,0.02,0,0,1000,0,0.10000000000000001
3774,1,1.77,0.17999999999999999,0,0,1000,0,0.10000000000000001
3775,1,1.77,0.19,0,0,1000,0,0.10000000000000001
3776,1,1.77,0.20000000000000001,0,0,1000,0,0.10000000000000001
3777,1,1.78,0,0,0,1000,0,0.10000000000000001
3778,1,1.78,0.01,0,0,1000,0,0.10000000000000001
3779,1,1.78,0.02,0,0,1000,0,0.10000000000000001
3780,1,1.78,0.17999999999999999,0,0,1000,0,0.10000000000000001
3781,1,1.78,0.19,0,0,1000,0,0.10000000000000001
3782,1,1.78,0.20000000000000001,0,0,1000,0,0.10000000000000001
3783,1,1.79,0,0,0,1000,0,0.10000000000000001
3784,1,1.79,0.01,0,0,1000,0,0.10000000000000001
3785,1,1.79,0.02,0,0,1000,0,0.10000000000000001
3786,1,1.79,0.17999999999999999,0,0,1000,0,0.10000000000000001
3787,1,1.79,0.19,0,0,1000,0,0.10000000000000001
3788,1,1.79,0.20000000000000001,0,0,1000,0,0.10000000000000001
3789,1,1.8,0,0,0,1000,0,0.10000000000000001
3790,1,1.8,0.01,0,0,1000,0,0.10000000000000001
3791,1,1.8,0.02,0,0,1000,0,0.10000000000000001
3792,1,1.8,0.17999999999999999,0,0,1000,0,0.10000000000000001
3793,1,1.8,0.19,0,0,1000,0,0.10000000000000001
3794,1,1.8,0.20000000000000001,0,0,1000,0,0.10000000000000001
3795,1,1.8100000000000001,0,0,0,1000,0,0.10000000000000001
3796,1,1.8100000000000001,0.01,0,0,1000,0,0.10000000000000001
3797,1,1.8100000000000001,0.02,0,0,1000,0,0.10000000000000001
3798,1,1.8100000000000001,0.17999999999999999,0,0,1000,0,0.10000000000000001
3799,1,1.8100000000000001,0.19,0,0,1000,0,0.10000000000000001
3800,1,1.8100000000000001,0.20000000000000001,0,0,1000,0,0.10000000000000001
3801,1,1.8200000000000001,0,0,0,1000,0,0.10000000000000001
3802,1,1.8200000000000001,0.01,0,0,1000,0,0.10000000000000001
3803,1,1.8200000000000001,0.02,0,0,1000,0,0.10000000000000001
3804,1,1.8200000000000001,0.17999999999999999,0,0,1000,0,0.10000000000000001
3805,1,1.8200000000000001,0.19,0,0,1000,0,0.10000000000000001
3806,1,1.8200000000000001,0.20000000000000001,0,0,1000,0,0.10000000000000001
3807,1,1.8300000000000001,0,0,0,1000,0,0.10000000000000001
3808,1,1.8300000000000001,0.01,0,0,1000,0,0.10000000000000001
3809,1,1.8300000000000001,0.02,0,0,1000,0,0.10000000000000001
3810,1,1.8300000000000001,0.17999999999999999,0,0,1000,0,0.10000000000000001
3811,1,1.8300000000000001,0.19,0,0,1000,0,0.10000000000000001
3812,1,1.8300000000000001,0.20000000000000001,0,0,1000,0,0.10000000000000001
3813,1,1.8400000000000001,0,0,0,1000,0,0.10000000000000001
3814,1,1.8400000000000001,0.01,0,0,1000,0,0.10000000000000001
3815,1,1.8400000000000001,0.02,0,0,1000,0,0.10000000000000001
3816,1,1.8400000000000001,0.17999999999999999,0,0,1000,0,0.10000000000000001
3817,1,1.8400000000000001,0.19,0,0,1000,0,0.10000000000000001
3818,1,1.8400000000000001,0.20000000000000001,0,0,1000,0,0.10000000000000001
3819,1,1.8500000000000001,0,0,0,1000,0,0.10000000000000001
3820,1,1.8500000000000001,0.01,0,0,1000,0,0.10000000000000001
3821,1,1.8500000000000001,0.02,0,0,1000,0,0.10000000000000001
3822,1,1.8500000000000001,0.17999999999999999,0,0,1000,0,0.10000000000000001
3823,1,1.8500000000000001,0.19,0,0,1000,0,0.10000000000000001
3824,1,1.8500000000000001,0.20000000000000001,0,0,1000,0,0.10000000000000001
3825,1,1.8600000000000001,0,0,0,1000,0,0.10000000000000001
3826,1,1.8600000000000001,0.01,0,0,1000,0,0.10000000000000001
3827,1,1.8600000000000001,0.02,0,0,1000,0,0.10000000000000001
3828,1,1.8600000000000001,0.17999999999999999,0,0,1000,0,0.10000000000000001
3829,1,1.8600000000000001,0.19,0,0,1000,0,0.10000000000000001
3830,1,1.8600000000000001,0.20000000000000001,0,0,1000,0,0.10000000000000001
3831,1,1.8700000000000001,0,0,0,1000,0,0.10000000000000001
3832,1,1.8700000000000001,0.01,0,0,1000,0,0.10000000000000001
3833,1,1.8700000000000001,0.02,0,0,1000,0,0.10000000000000001
3834,1,1.8700000000000001,0.17999999999999999,0,0,1000,0,0.10000000000000001
3835,1,1.8700000000000001,0.19,0,0,1000,0,0.10000000000000001
3836,1,1.8700000000000001,0.20000000000000001,0,0,1000,0,0.10000000000000001
3837,1,1.8800000000000001,0,0,0,1000,0,0.10000000000000001
3838,1,1.8800000000000001,0.01,0,0,1000,0,0.10000000000000001
3839,1,1.8800000000000001,0.02,0,0,1000,0,0.10000000000000001
3840,1,1.8800000000000001,0.17999999999999999,0,0,1000,0,0.10000000000000001
3841,1,1.8800000000000001,0.19,0,0,1000,0,0.10000000000000001
3842,1,1.8800000000000001,0.20000000000000001,0,0,1000,0,0.10000000000000001
3843,1,1.8900000000000001,0,0,0,1000,0,0.10000000000000001
3844,1,1.8900000000000001,0.01,0,0,1000,0,0.10000000000000001
3845,1,1.8900000000000001,0.02,0,0,1000,0,0.10000000000000001
3846,1,1.8900000000000001,0.17999999999999999,0,0,1000,0,0.10000000000000001
3847,1,1.8900000000000001,0.19,0,0,1000,0,0.10000000000000001
3848,1,1.8900000000000001,0.20000000000000001,0,0,1000,0,0.10000000000000001
3849,1,1.9000000000000001,0,0,0,1000,0,0.10000000000000001
3850,1,1.9000000000000001,0.01,0,0,1000,0,0.10000000000000001
3851,1,1.9000000000000001,0.02,0,0,1000,0,0.10000000000000001
3852,1,1.9000000000000001,0.17999999999999999,0,0,1000,0,0.10000000000000001
3853,1,1.9000000000000001,0.19,0,0,1000,0,0.10000000000000001
3854,1,1.9000000000000001,0.20000000000000001,0,0,1000,0,0.10000000000000001
3855,1,1.9100000000000001,0,0,0,1000,0,0.10000000000000001
3856,1,1.9100000000000001,0.01,0,0,1000,0,0.10000000000000001
3857,1,1.9100000000000001,0.02,0,0,1000,0,0.10000000000000001
3858,1,1.9100000000000001,0.17999999999999999,0,0,1000,0,0.10000000000000001
3859,1,1.9100000000000001,0.19,0,0,1000,0,0.10000000000000001
3860,1,1.9100000000000001,0.20000000000000001,0,0,1000,0,0.10000000000000001
3861,1,1.9199999999999999,0,0,0,1000,0,0.10000000000000001
3862,1,1.9199999999999999,0.01,0,0,1000,0,0.10000000000000001
3863,1,1.9199999999999999,0.02,0,0,1000,0,0.10000000000000001
3864,1,1.9199999999999999,0.17999999999999999,0,0,1000,0,0.10000000000000001
3865,1,1.9199999999999999,0.19,0,0,1000,0,0.10000000000000001
3866,1,1.9199999999999999,0.20000000000000001,0,0,1000,0,0.10000000000000001
3867,1,1.9299999999999999,0,0,0,1000,0,0.10000000000000001
3868,1,1.9299999999999999,0.01,0,0,1000,0,0.10000000000000001
3869,1,1.9299999999999999,0.02,0,0,1000,0,0.10000000000000001
3870,1,1.9299999999999999,0.17999999999999999,0,0,1000,0,0.10000000000000001
3871,1,1.9299999999999999,0.19,0,0,1000,0,0.10000000000000001
3872,1,1.9299999999999999,0.20000000000000001,0,0,1000,0,0.10000000000000001
3873,1,1.9399999999999999,0,0,0,1000,0,0.10000000000000001
3874,1,1.9399999999999999,0.01,0,0,1000,0,0.10000000000000001
3875,1,1.9399999999999999,0.02,0,0,1000,0,0.10000000000000001
3876,1,1.9399999999999999,0.17999999999999999,0,0,1000,0,0.10000000000000001
3877,1,1.9399999999999999,0.19,0,0,1000,0,0.10000000000000001
3878,1,1.9399999999999999,0.20000000000000001,0,0,1000,0,0.10000000000000001
3879,1,1.95,0,0,0,1000,0,0.10000000000000001
3880,1,1.95,0.01,0,0,1000,0,0.10000000000000001
3881,1,1.95,0.02,0,0,1000,0,0.10000000000000001
3882,1,1.95,0.17999999999999999,0,0,1000,0,0.10000000000000001
3883,1,1.95,0.19,0,0,1000,0,0.10000000000000001
3884,1,1.95,0.20000000000000001,0,0,1000,0,0.10000000000000001
3885,1,1.96,0,0,0,1000,0,0.10000000000000001
3886,1,1.96,0.01,0,0,1000,0,0.10000000000000001
3887,1,1.96,0.02,0,0,1000,0,0.10000000000000001
3888,1,1.96,0.17999999999999999,0,0,1000,0,0.10000000000000001
3889,1,1.96,0.19,0,0,1000,0,0.10000000000000001
3890,1,1.96,0.20000000000000001,0,0,1000,0,0.10000000000000001
3891,1,1.97,0,0,0,1000,0,0.10000000000000001
3892,1,1.97,0.01,0,0,1000,0,0.10000000000000001
3893,1,1.97,0.02,0,0,1000,0,0.10000000000000001
3894,1,1.97,0.17999999999999999,0,0,1000,0,0.10000000000000001
3895,1,1.97,0.19,0,0,1000,0,0.10000000000000001
3896,1,1.97,0.20000000000000001,0,0,1000,0,0.10000000000000001
3897,1,1.98,0,0,0,1000,0,0.10000000000000001
3898,1,1.98,0.01,0,0,1000,0,0.10000000000000001
3899,1,1.98,0.02,0,0,1000,0,0.10000000000000001
3900,1,1.98,0.17999999999999999,0,0,1000,0,0.10000000000000001
3901,1,1.98,0.19,0,0,1000,0,0.10000000000000001
3902,1,1.98,0.20000000000000001,0,0,1000,0,0.10000000000000001
3903,1,1.99,0,0,0,1000,0,0.10000000000000001
3904,1,1.99,0.01,0,0,1000,0,0.10000000000000001
3905,1,1.99,0.19,0,0,1000,0,0.10000000000000001
3906,1,1.99,0.20000000000000001,0,0,1000,0,0.10000000000000001
3907,1,2,0,0,0,1000,0,0.10000000000000001
3908,1,2,0.20000000000000001,0,0,1000,0,0.10000000000000001
