id,is_boundary,x,y,vx,vy,rho,p,m
0,0,0.22581296516040045,0.044570795514530789,0.2445717247053508,-0.00065906452934869943,1000.0745529677004,37.27648385017801,0.10000000000000001
1,0,0.12196063196956795,0.0032392802635685838,0.027743093750239076,0.0048226394969192636,1000.0115079284053,5.7539642026540605,0.10000000000000001
2,0,0.22054343670671422,0.043568552887124523,0.24479957735684049,0.0037934719879972206,999.99847295725215,-0.76352137392632358,0.10000000000000001
3,0,0.24403237178773243,0.038690640719221216,0.2239327414761908,0.007132393003845606,1000.6935041192677,346.75205963384315,0.10000000000000001
4,0,0.24012528954172668,0.020491557563462204,0.16076442991162482,-0.058918583786483222,999.93703520633096,-31.482396834519477,0.10000000000000001
5,0,0.2581679585545773,0.03131926206754667,0.22208107351214976,0.0056025672221302414,1000.174048493397,87.024246698490515,0.10000000000000001
6,0,0.26825531243298295,0.032120177851987869,0.21424509214349191,0.0033928747841898044,1000.295963018643,147.98150932148246,0.10000000000000001
7,0,0.27479563635783977,0.030489105845059386,0.20929462032179369,-0.0035800243524445208,999.97306078754127,-13.469606229364217,0.10000000000000001
8,0,0.28713749545586587,0.027609546679523585,0.21229453548104274,-0.0059414356839736131,1000.2836720081256,141.83600406278174,0.10000000000000001
9,0,0.29340831094991432,0.03296262682992928,0.2179567372195971,0.0022842212049266576,1000.2126078015838,106.30390079188601,0.10000000000000001
10,0,0.30397672989263286,0.02842493615362561,0.21213965966446532,-0.0056516065098766825,1000.1127036690763,56.351834538133971,0.10000000000000001
11,0,0.31238785925745743,0.03155969795274368,0.21553718729933052,0.0024400880831220713,1000.3197955444432,159.89777222159773,0.10000000000000001
12,0,0.32276921386304902,0.029347443017563587,0.21097904266652096,0.008122527321803949,1000.1973708405031,98.685420251570122,0.10000000000000001
13,0,0.33128313340795806,0.031057111699509119,0.21428590382587642,-0.010208212642573723,1000.1779393021613,88.969651080674339,0.10000000000000001
14,0,0.34196430684795764,0.029282694583559362,0.20919156148244036,0.015204813760166606,1000.2517761488274,125.88807441369454,0.10000000000000001
15,0,0.35081016060646014,0.031027384937623914,0.2135507463879357,-0.011338497444437559,1000.1295045016739,64.752250836932035,0.10000000000000001
16,0,0.36134528942367022,0.029208663508730581,0.20920959302576111,0.0096541166529577858,1000.2057194010536,102.8597005267784,0.10000000000000001
17,0,0.37078331320481434,0.030935882076137997,0.21333119322800173,-0.0025268877218489832,1000.1365338220713,68.26691103566418,0.10000000000000001
18,0,0.38089128803543432,0.02924703824267216,0.20999846324429408,-0.0019722633580782937,1000.1266353208609,63.317660430470823,0.10000000000000001
19,0,0.39096331401263662,0.030774485738736417,0.21312199547162841,0.0080652726165098901,1000.1577671457691,78.883572884535624,0.10000000000000001
20,0,0.40061444027393783,0.029510413903376428,0.21109651870731214,-0.010479490808315187,1000.0478993184439,23.949659221955244,0.10000000000000001
21,0,0.41101652775787734,0.030424056472345081,0.21249172599245378,0.013258947847379398,1000.1495510412569,74.77552062846371,0.10000000000000001
22,0,0.42057802106762943,0.029833641731324776,0.21213151666738292,-0.013369164290723554,999.97495142948264,-12.524285258677992,0.10000000000000001
23,0,0.430913801554485,0.030163929888140189,0.2118886694977099,0.012636448232761709,1000.1332448507949,66.622425397440566,0.10000000000000001
24,0,0.44070144829727886,0.029974422462904535,0.21255860602064208,-0.011297151630861096,999.9373436238983,-31.328188050849803,0.10000000000000001
25,0,0.45079901403441897,0.030175766445556754,0.21174662635694666,0.0075280884283021486,1000.1075800011351,53.79000056757377,0.10000000000000001
26,0,0.46082081193752206,0.029906714682861619,0.21185194948521702,-0.0057656686269951336,999.96278217920144,-18.608910399279921,0.10000000000000001
27,0,0.47075993995922194,0.030337842053403358,0.21170054724227436,0.0012087560766149926,1000.0747474893864,37.373744693184108,0.10000000000000001
28,0,0.48086228598904418,0.029760369728964946,0.21032800280362129,-0.00040262217263984946,1000.0298189237167,14.909461858337636,0.10000000000000001
29,0,0.49077644533720932,0.030475232562167345,0.2112360173440696,-0.0025458854173568417,1000.0662660128413,33.13300642065542,0.10000000000000001
30,0,0.50086187781231584,0.029632589621227074,0.20877134028166419,0.0016995943703301674,1000.0960350420631,48.017521031567867,0.10000000000000001
31,0,0.51081932454251555,0.030536493622221866,0.21018409470647278,-0.0029824698991740327,1000.0980408057608,49.020402880387337,0.10000000000000001
32,0,0.52085320906202071,0.029575644193034118,0.20749699134029675,0.00097922641556815512,1000.1474938527549,73.746926377452837,0.10000000000000001
33,0,0.53086632058297167,0.030521654813745396,0.20872962780077156,-0.0017769637462943194,1000.1541446952438,77.072347621879089,0.10000000000000001
34,0,0.54086661234332722,0.02959304127511778,0.2064325169774095,-0.00046722006409512056,1000.1860976220275,93.048811013773047,0.10000000000000001
35,0,0.55089404963251853,0.030468483645262629,0.20722999026999309,-0.00052986518536785867,1000.210969988582,105.48499429097546,0.10000000000000001
36,0,0.56090614094510893,0.029644829187723619,0.20545218032115339,-0.0014105706249868499,1000.2152349948705,107.61749743522842,0.10000000000000001
37,0,0.57091005886131951,0.030407020164681189,0.2059154323317352,0.00017764476837959115,1000.2551739950418,127.58699752089342,0.10000000000000001
38,0,0.58095367517821483,0.029707981830955511,0.20451658663885525,-0.0017271128212410372,1000.2382843921224,119.14219606120469,0.10000000000000001
39,0,0.59092753948210952,0.030342847168506302,0.20482814825230397,0.00052670292324581811,1000.284713829356,142.35691467797551,0.10000000000000001
40,0,0.60099685536906888,0.029773876105484539,0.20360660912314835,-0.001930358531702662,1000.2581898541952,129.09492709758297,0.10000000000000001
41,0,0.61095319217611843,0.030279604059414218,0.20381551225012784,0.00085546386103059902,1000.3083812619079,154.19063095396268,0.10000000000000001
42,0,0.62102938973289101,0.029836350583435006,0.20266750643725154,-0.0023300307973351188,1000.2801902971331,140.09514856655869,0.10000000000000001
43,0,0.6309881073173278,0.030218915369970657,0.20268949626089208,0.0011717396591982854,1000.3361535906624,168.076795331217,0.10000000000000001
44,0,0.64105277317996201,0.029893597919748032,0.2015930361029937,-0.0028242262132856253,1000.3122122027418,156.10610137088088,0.10000000000000001
45,0,0.65102762246989776,0.030162820460806039,0.20129921921208521,0.0011742183876685198,1000.3765556399005,188.27781995025816,0.10000000000000001
46,0,0.66107296403897831,0.029942340027766648,0.20026096062492196,-0.0030288176893454827,1000.3625101045036,181.2550522517995,0.10000000000000001
47,0,0.67106589444411713,0.030117266008916826,0.19962292308750293,0.00065365944615551998,1000.4330645205326,216.53226026631955,0.10000000000000001
48,0,0.68109424506423188,0.02997771916337923,0.19859567424241564,-0.0028279156884638878,1000.43504467516,217.52233758002149,0.10000000000000001
49,0,0.69109866653322582,0.030086895024702791,0.19772632024050951,-0.00013369721273676311,1000.5057468267145,252.87341335723568,0.10000000000000001
50,0,0.70111739099978321,0.029997756204366729,0.19665603403508078,-0.0024631518107850578,1000.5254300583869,262.71502919342993,0.10000000000000001
51,0,0.71112601440971468,0.030070641956959712,0.19571828473766781,-0.00073653064393120729,1000.5913024896065,295.65124480325267,0.10000000000000001
52,0,0.72114001250085114,0.030007024945544594,0.19462755420935141,-0.0021730982724625361,1000.6230986581377,311.54932906883914,0.10000000000000001
53,0,0.73114931104230185,0.030061900922912509,0.19373631581341261,-0.0009418240672719601,1000.6824525036221,341.22625181106514,0.10000000000000001
54,0,0.74116094219644424,0.030012006637525266,0.19272613365614158,-0.001947512414971226,1000.7167395406161,358.36977030805883,0.10000000000000001
55,0,0.75116940502926344,0.030055777802894867,0.19194732878827372,-0.00084754742162286936,1000.7685462475428,384.27312377137923,0.10000000000000001
56,0,0.76117961535748857,0.030016098092446548,0.19111141951501873,-0.0016717576186136066,1000.7977287521283,398.86437606412528,0.10000000000000001
57,0,0.7711867190376771,0.030050750143329509,0.19048199519310688,-0.00065149500636617114,1000.8403779857744,420.18899288717648,0.10000000000000001
58,0,0.78119594366537048,0.030019508886292234,0.18985602876817798,-0.0013038825146502848,1000.861365352965,430.68267648249048,0.10000000000000001
59,0,0.7912020255785045,0.030047008202759479,0.18939358740564455,-0.00047323872372630183,1000.8933726889654,446.68634448271405,0.10000000000000001
60,0,0.80121027894382801,0.030022173744665679,0.18894536175480209,-0.00094676338729061808,1000.9071246593367,453.56232966832977,0.10000000000000001
61,0,0.81121566921494148,0.030044344226653998,0.18863490049924292,-0.00033013550167231541,1000.9291852829366,464.59264146830037,0.10000000000000001
62,0,0.82122301870056147,0.030024504222373922,0.18830746530742593,-0.00071999887606990685,1000.9380303100462,469.01515502310076,0.10000000000000001
63,0,0.83122809962920785,0.030041920198533023,0.18809006109952373,-0.00024535724347164988,1000.9537494025662,476.8747012831227,0.10000000000000001
64,0,0.84123448079300833,0.030027229130868957,0.18783154652035339,-0.00064092749859219825,1000.9602072606192,480.10363030959979,0.10000000000000001
65,0,0.85123920454275015,0.030039253838181297,0.18763740978987284,-0.00026210607517090435,1000.9738685548612,486.93427743057782,0.10000000000000001
66,0,0.86124504672275637,0.030029764194130872,0.18739903165021943,-0.00066149904387662582,1000.980839059943,490.41952997151839,0.10000000000000001
67,0,0.8712493546036868,0.030036895301554085,0.18718312223697176,-0.00037669193359373061,1000.9954191309832,497.70956549161838,0.10000000000000001
68,0,0.88125470530018102,0.030031459837192149,0.18693007435542422,-0.00072671709251500964,1001.0051798478761,502.58992393804647,0.10000000000000001
69,0,0.89125884155347823,0.030035139217538098,0.18667998314405573,-0.00053213547117103653,1001.0219310038364,510.96550191817869,0.10000000000000001
70,0,0.90126339933702371,0.030032355501990949,0.18640043144089904,-0.00079767478064563977,1001.035243622847,517.62181142350983,0.10000000000000001
71,0,0.91126733922943126,0.030033969177626327,0.1861334961051119,-0.00064349181451742491,1001.0538625822293,526.93129111463577,0.10000000000000001
72,0,0.92127147282061961,0.030032136581869158,0.18584701150040564,-0.00083954104664654748,1001.0694110333239,534.70551666197252,0.10000000000000001
73,0,0.93127539683789717,0.030033443240387595,0.18559812485584815,-0.0006593695201885212,1001.0884611604072,544.23058020358894,0.10000000000000001
74,0,0.94127953190804869,0.030030853332065986,0.18534974063011248,-0.00080610043516013744,1001.1034868068115,551.74340340573735,0.10000000000000001
75,0,0.95128378554010218,0.030033609566346164,0.18516647533561553,-0.0005736198614655271,1001.1203289442587,560.16447212937237,0.10000000000000001
76,0,0.96128813283686154,0.030028809683278243,0.18500831205634166,-0.00066613662548858021,1001.1318506372826,565.92531864129114,0.10000000000000001
77,0,0.97129297214881261,0.030034527574663846,0.18493716629963061,-0.00041398853232663715,1001.1433178980895,571.65894904477454,0.10000000000000001
78,0,0.98129728381284353,0.030026721580932742,0.18490950360814809,-0.00042496515386461649,1001.1491757353905,574.58786769524295,0.10000000000000001
79,0,0.99130290269472032,0.030035529622251471,0.18497218538695986,-0.00023405810772566009,1001.1530139025917,576.50695129586893,0.10000000000000001
80,0,1.001307654694676,0.030024928853223189,0.18507945800776493,-0.00013803083592317996,1001.1530796928555,576.53984642774958,0.10000000000000001
81,0,1.0113148666287606,0.030035409545623799,0.18524951847059878,-0.00011085044932670883,1001.1496569953173,574.8284976586433,0.10000000000000001
82,0,1.0213210878794905,0.030024383679486153,0.18543816479464226,9.1721053487751932e-05,1001.1469866653362,573.49333266807889,0.10000000000000001
83,0,1.0313302576157708,0.030033289394841883,0.1856208906578849,-0.00013062024372282753,1001.1407895117562,570.39475587811239,0.10000000000000001
84,0,1.0413385187675783,0.030026218495289331,0.1857682091476241,0.00013349793247899937,1001.1421050438585,571.05252192923217,0.10000000000000001
85,0,1.0513490668700967,0.030028472358289985,0.18580371566778375,-0.00035954331595246811,1001.1421541341376,571.07706706881345,0.10000000000000001
86,0,1.0613596193215065,0.030030618795119059,0.18572992690543277,-0.00013305251193306564,1001.1570350062458,578.51750312289596,0.10000000000000001
87,0,1.0713707089898385,0.030020694377677171,0.18542559377057827,-0.0008116887782601554,1001.1754895136733,587.74475683662786,0.10000000000000001
88,0,1.0813840227011864,0.030036207903781142,0.18494026464028604,-0.00076106412701795994,1001.2139935020047,606.99675100232753,0.10000000000000001
89,0,1.0913953506170293,0.030010887925830738,0.18413061319868315,-0.0014299870838327153,1001.2626730707135,631.33653535675194,0.10000000000000001
90,0,1.1014118072632992,0.030040539904067527,0.183098367906914,-0.0016874810662136925,1001.3317157706406,665.85788532029255,0.10000000000000001
91,0,1.1114231376136354,0.030002063695757093,0.18172601794692281,-0.0020807391545869343,1001.4176159639618,708.80798198089678,0.10000000000000001
92,0,1.1214416117780617,0.030040845576705017,0.1801333475019245,-0.0027148903955384767,1001.5170065010831,758.503250541537,0.10000000000000001
93,0,1.1314526565970455,0.029997777410634242,0.17829753427841424,-0.0025805323425076789,1001.6376145644086,818.8072822043182,0.10000000000000001
94,0,1.1414715104655937,0.030033855579210143,0.17631588345478982,-0.0035373426911935154,1001.7583763817581,879.18819087906286,0.10000000000000001
95,0,1.1514834330602466,0.03000027595726661,0.17428088273520806,-0.0027525482527847806,1001.8995946675736,949.79733378681885,0.10000000000000001
96,0,1.1615018826217112,0.030017955591216495,0.17222899929436092,-0.0038528078689029728,1002.0236338660513,1011.8169330256706,0.10000000000000001
97,0,1.1715164443860604,0.030010509205869923,0.17038310666063691,-0.0024704617227455311,1002.1631326974054,1081.5663487027223,0.10000000000000001
98,0,1.1815338367737802,0.029995113513453266,0.16866194716741392,-0.0034759652315508186,1002.2687932960566,1134.3966480283143,0.10000000000000001
99,0,1.1915517219927467,0.030026883184168098,0.1673443129229486,-0.001775145954494147,1002.3801820780025,1190.0910390012314,0.10000000000000001
100,0,1.2015679070302103,0.029970279528324911,0.16629385388579537,-0.0024211191727163245,1002.4505425340637,1225.2712670318715,0.10000000000000001
101,0,1.2115888687243432,0.030044661956601545,0.1657336116412573,-0.00086235948004366881,1002.5160328376176,1258.0164188087792,0.10000000000000001
102,0,1.2216047636180605,0.029949689243731242,0.1654252481315113,-0.00101016011202067,1002.5434918838357,1271.7459419178567,0.10000000000000001
103,0,1.2316290208471159,0.030057293874719487,0.16557555395658072,-6.7792457468919141e-05,1002.5600320682936,1280.0160341467972,0.10000000000000001
104,0,1.2416461907551013,0.029939115550798454,0.16587165668686568,0.00033605419192857158,1002.5573365545446,1278.6682772722884,0.10000000000000001
105,0,1.2516745367188631,0.030059324111330322,0.16636629771975167,0.00016819201726451513,1002.5382489140743,1269.1244570371509,0.10000000000000001
106,0,1.2616925602293625,0.029942561967389585,0.16678566648493606,0.0011300156978276648,1002.5301298975136,1265.0649487567875,0.10000000000000001
107,0,1.2717257805874271,0.030048578351344647,0.16713348721959936,-0.00035747326304011863,1002.5088499913875,1254.4249956937392,0.10000000000000001
108,0,1.2817409157028645,0.029959636514986426,0.16711123097770714,0.0010111130680047868,1002.5301398583654,1265.0699291826868,0.10000000000000001
109,0,1.291780137688707,0.030025646809110875,0.16662793411702262,-0.001735933499432179,1002.5395577414342,1269.7788707171185,0.10000000000000001
110,0,1.3017882628820625,0.029986221650629478,0.16566479556022426,-2.6342515501043355e-05,1002.6242450725656,1312.1225362828,0.10000000000000001
111,0,1.3118332047384578,0.029993653721009726,0.16398541857193455,-0.0036499126272493436,1002.6980314926811,1349.0157463405694,0.10000000000000001
112,0,1.3218325373438806,0.030016669507368053,0.1617596166101278,-0.0018152169987746215,1002.8606610984639,1430.3305492319396,0.10000000000000001
113,0,1.3318784056135979,0.02995724353656579,0.15877165524177281,-0.0055503382237210496,1003.0087715075564,1504.3857537781946,0.10000000000000001
114,0,1.3418730934322616,0.030045847698654288,0.15548061889497153,-0.0037487801195062059,1003.2427307517554,1621.3653758777014,0.10000000000000001
115,0,1.351908981077558,0.029920909822182585,0.15172925598252252,-0.0066650191453186767,1003.4525442064217,1726.2721032108743,0.10000000000000001
116,0,1.3619093019401494,0.030070500098081841,0.14798183345717569,-0.0051164819133235019,1003.7120670760102,1856.0335380050788,0.10000000000000001
117,0,1.3719216210911493,0.029888229584247895,0.14439808362586215,-0.0062989151587690704,1003.9335984613992,1966.7992306996211,0.10000000000000001
118,0,1.3819414350322452,0.030089587888231413,0.14143987637299496,-0.0049428591947984846,1004.1524961520619,2076.2480760309359,0.10000000000000001
119,0,1.3919192842112798,0.029863306976125097,0.13936487520449709,-0.0040365557916323342,1004.3161081182311,2158.0540591155568,0.10000000000000001
120,0,1.4019668101505502,0.03010317295571735,0.13841240076191014,-0.0028111974517821625,1004.4067653698045,2203.3826849022375,0.10000000000000001
121,0,1.4119100025482467,0.02985158098290085,0.13891813729552985,-7.0424761923808038e-05,1004.4363482996863,2218.1741498431506,0.10000000000000001
122,0,1.421980406928979,0.030110595744246526,0.14108473000868157,0.0013247609246178327,1004.3463424875116,2173.1712437558031,0.10000000000000001
123,0,1.4319042599218339,0.029855864512074656,0.14456795080357376,0.0044073603004650911,1004.1933239925229,2096.6619962614459,0.10000000000000001
124,0,1.441981670221486,0.030109807253305417,0.14978389330309619,0.0062358846024174741,1003.916063937303,1958.0319686514827,0.10000000000000001
125,0,1.4519145235956445,0.029875981495486766,0.15554347167797605,0.0078143950205775466,1003.5906745902943,1795.3372951471351,0.10000000000000001
126,0,1.4619791553444557,0.030101637496253324,0.16275295068013565,0.010336535605880461,1003.2112553600437,1605.6276800218257,0.10000000000000001
127,0,1.4719487102177655,0.029902583397296005,0.16899494908890622,0.0081872862674656766,1002.7946568991941,1397.3284495970688,0.10000000000000001
128,0,1.4819858824162382,0.030097589711411032,0.17568945495036234,0.01144815646181443,1002.4424835630826,1221.2417815413232,0.10000000000000001
129,0,1.4919982749039786,0.029918704441372412,0.17999083552978279,0.004864487430434058,1002.0838854092772,1041.9427046385863,0.10000000000000001
130,0,1.5020078641675443,0.030114105170622511,0.18377781765020887,0.0086037907168214894,1001.923829710079,961.91485503948115,0.10000000000000001
131,0,1.5120355006735933,0.029902374608364701,0.18385548016905245,-0.0017765756282405293,1001.7778720458557,888.9360229278509,0.10000000000000001
132,0,1.5220388456062186,0.030163933384195794,0.18276970915363433,0.0018128942454933804,1001.9020528668244,951.02643341220983,0.10000000000000001
133,0,1.5320353733658485,0.029832645844711226,0.17776322258654351,-0.0093004711569402935,1002.0560848668597,1028.0424334298459,0.10000000000000001
134,0,1.5420744671362645,0.030254427612223203,0.17233139478774448,-0.0058680946887141282,1002.4846689571901,1242.334478595069,0.10000000000000001
135,0,1.5519926530276158,0.029696463947574744,0.16355913195384664,-0.01505705577102228,1002.8847532447247,1442.3766223623602,0.10000000000000001
136,0,1.562118979136319,0.030385899411335154,0.15551833116618471,-0.011246115987931739,1003.4737733149439,1736.8866574719277,0.10000000000000001
137,0,1.5719226137187585,0.029510909884507028,0.14657299084187081,-0.015657195874372139,1003.9711193268364,1985.5596634182007,0.10000000000000001
138,0,1.5821671219765507,0.030543895513895958,0.13895802585995334,-0.011529367331252189,1004.5014706775131,2250.7353387565558,0.10000000000000001
139,0,1.5918355293577084,0.029319008705087506,0.13316370619324491,-0.010778458641234175,1004.9064052066823,2453.2026033411398,0.10000000000000001
140,0,1.6021908811684178,0.030704451418801584,0.12829846933439673,-0.0067687240062572441,1005.1872550664465,2593.6275332232412,0.10000000000000001
141,0,1.6117323799633696,0.029156812141415436,0.12693663778746955,-0.0027342480605654419,1005.4077959626991,2703.8979813495416,0.10000000000000001
142,0,1.6221660015405672,0.030840190547590528,0.12505319448443761,-0.00064694281120774287,1005.4108506862799,2705.4253431399502,0.10000000000000001
143,0,1.6316188703510808,0.029043000830856106,0.12603234824969084,0.0030346859369855023,1005.4647700802798,2732.3850401398886,0.10000000000000001
144,0,1.6421161957304813,0.030919518961228066,0.12543126796982093,0.0025498263713616388,1005.363917964145,2681.9589820725014,0.10000000000000001
145,0,1.6515201685977541,0.029001023508540592,0.12662646915229556,0.0051738399256854219,1005.4212846428219,2710.6423214109441,0.10000000000000001
146,0,1.662075285624224,0.030911772418033424,0.12344142640197078,-0.0011823645496945134,1005.3578269989116,2678.9134994558026,0.10000000000000001
147,0,1.6714578324061871,0.029048634474761467,0.12418021986004384,0.0046066843501004606,1005.6004426726776,2800.2213363387796,0.10000000000000001
148,0,1.6820313069674921,0.030840265996137668,0.11773503636204977,-0.00957806870737536,1005.645464128597,2822.7320642985205,0.10000000000000001
149,0,1.6913935395075146,0.029156205018187636,0.11687216701069528,0.0060224728408823916,1006.048898348819,3024.449174409483,0.10000000000000001
150,0,1.7019613941480751,0.030741269314390429,0.1098721083003877,-0.01575661211721964,1006.1561639185048,3078.0819592524153,0.10000000000000001
151,0,1.7112442424250054,0.029282726492818521,0.11036495866822957,0.0083879140154436739,1006.6741581524811,3337.0790762405704,0.10000000000000001
152,0,1.721871985004281,0.030815961926117359,0.099902279192599197,-0.013419800668802212,1006.479165318488,3239.5826592439789,0.10000000000000001
153,0,1.7309774629633756,0.029079340839701005,0.10285385510427199,0.0085539076514290022,1006.9761971066657,3488.0985533328612,0.10000000000000001
154,0,1.7417959105676208,0.031786026975507281,0.089185653593538347,0.0026706479869586701,1006.7972679682039,3398.6339841019344,0.10000000000000001
155,0,1.7506865333091344,0.028304108839146885,0.10347574128124723,0.0073465262724068791,1007.2180989358551,3609.049467927548,0.10000000000000001
156,0,1.7619011409783132,0.033760409844802629,0.079779754798349159,0.0012646415464217119,1007.0022254097048,3501.1127048524031,0.10000000000000001
157,0,1.7706898883391882,0.028998079672880848,0.092552153247337315,0.0074765141914920896,1007.6965083987403,3848.2541993701602,0.10000000000000001
158,0,1.7826165159254073,0.034858404684132309,0.081035423242097976,-0.037414245094234425,1007.9014348018098,3950.7174009049209,0.10000000000000001
159,0,1.7908376684504788,0.033299441061801723,0.083733370919589614,0.029159439647558068,1008.9016136528757,4450.8068264378271,0.10000000000000001
160,0,1.8029148146343315,0.034900969648953277,0.052772577677263517,-0.054222312514124377,1007.9241755037852,3962.087751892625,0.10000000000000001
161,0,1.8110408351584655,0.034992141012142625,0.050875133566900162,0.017519190335827568,1009.7090652331354,4854.5326165677234,0.10000000000000001
162,0,1.8229683774937759,0.034374222825381336,0.047721084141164806,-0.019635876512356994,1010.2676845562896,5133.8422781448116,0.10000000000000001
163,0,1.8305297890845107,0.035201062239660387,0.03540165164796736,-0.016943480181697595,1010.2009747864586,5100.4873932292867,0.10000000000000001
164,0,1.8428229455917451,0.034394915908559483,0.017390180860073774,0.014508060973771447,1010.5880509167091,5294.0254583545538,0.10000000000000001
165,0,1.8501648995114224,0.03516222391651834,0.011702369926791172,-0.01753868454943696,1010.2351871685856,5117.5935842928193,0.10000000000000001
166,0,1.862651165263272,0.034598117845496844,-0.011323724233004316,0.026717851959530879,1010.872976612472,5436.488306236015,0.10000000000000001
167,0,1.8698217581157186,0.035086269979375237,0.017002568458771957,0.023258187007053784,1012.1175914443833,6058.7957221916331,0.10000000000000001
168,0,1.8822645563754519,0.034603066636931072,-0.03923090796749959,-0.030760371862362093,1009.9181089483667,4959.0544741833473,0.10000000000000001
169,0,1.8893016247885406,0.035880249472682077,-0.026916261546886727,0.068224001216488847,1011.5338942757649,5766.9471378824255,0.10000000000000001
170,0,1.9018035216922016,0.034800052880600764,0.040497891205130726,0.0760456246932429,1013.6440205415499,6822.0102707749675,0.10000000000000001
171,0,1.9082718323165295,0.036553564358710829,-0.04482581385632408,-0.050983484642611723,1008.9848446526921,4492.422326346059,0.10000000000000001
172,0,1.9199370752640872,0.034615840128811408,-0.093360243291758072,0.06635677008876871,1009.2609155297392,4630.4577648696177,0.10000000000000001
173,0,1.92639283812322,0.036407070734645226,0.0057273694793733617,-0.023426623844964724,1010.6336850784161,5316.8425392080389,0.10000000000000001
174,0,1.9369645557619473,0.034313872260211417,-0.052752088381085596,-0.037741643468040834,1007.9109791000188,3955.4895500094176,0.10000000000000001
175,0,1.9438717740788674,0.03275959178966318,0.025280012261272505,0.037715339912552881,1009.8937410036928,4946.870501846377,0.10000000000000001
176,0,1.9726860615158233,0.02834829561254195,0.027997296909787021,-0.3656695905539768,1009.0301730219871,4515.0865109935694,0.10000000000000001
177,0,1.9729877649272696,0.028279768973478739,0.069652566819314865,-0.087093383440189798,1007.2156687123129,3607.8343561564452,0.10000000000000001
178,0,1.9999967999999999,0.01374348708646235,0,-0.11833714474337281,1002.1983649260909,1099.1824630454516,0.10000000000000001
179,0,1.9178213198483067,0.0031398255332580833,0.02705770537773905,0.0064024661955397388,999.72048076919873,-139.75961540063508,0.10000000000000001
180,0,1.9976059501214385,0.0021570065335845992,-0.36686828712877145,-0.34149902365407253,989.34232216492808,-5328.8389175359607,0.10000000000000001
181,0,0.21112639330586958,0.049995312099244654,0.24750935148333847,0.0076212633048007494,1000.020586505375,10.293252687517906,0.10000000000000001
182,0,0.21183339452416183,0.047954560864081196,0.24700685863577929,0.0069711832235435957,1000.025736624335,12.868312167483964,0.10000000000000001
183,0,0.22505044597587245,0.044315310029315241,0.2443502852551557,0.00018703007221494605,1000.0487766276541,24.388313827046204,0.10000000000000001
184,0,0.21817207801953234,0.017227485427394343,0.081839515791430784,-0.0076003890597040775,1000.0062702917593,3.1351458796393672,0.10000000000000001
185,0,0.24811236797238159,0.037000358563671031,0.2280407017849789,0.0012021227176489059,1000.2854352988247,142.71764941236142,0.10000000000000001
186,0,0.25663554402944971,0.03183373684427071,0.22199250648153313,0.00378029821307963,1000.1494548302931,74.727415146526255,0.10000000000000001
187,0,0.27106274719474127,0.04280631145222067,0.23193681656488052,-0.0028017298677091547,999.86717454952225,-66.412725238876646,0.10000000000000001
188,0,0.28093455823448699,0.03965165995547746,0.23285094527951611,0.013750998345298032,1000.796959576837,398.47978841851273,0.10000000000000001
189,0,0.29174856417935185,0.041680719192915605,0.23138205745167811,-0.019547224211333279,999.0764510871029,-461.77445644855197,0.10000000000000001
190,0,0.29952208754130288,0.041265943828757715,0.22726318439951923,0.01704730164426746,1001.238712116073,619.35605803648741,0.10000000000000001
191,0,0.31083379979866638,0.040492163285299608,0.23003569741698457,-0.015150997929759932,999.37516955474769,-312.41522262615717,0.10000000000000001
192,0,0.31838823114791304,0.041076697332945472,0.2274480305305174,0.013919643636468913,1000.8369276909049,418.46384545243609,0.10000000000000001
193,0,0.32980533316536925,0.040457933143191509,0.22713172936202214,-0.0032395327860449516,999.94477242428877,-27.613787855614191,0.10000000000000001
194,0,0.33818453096885787,0.040664687864756556,0.22817137765515089,0.0053410938111446921,1000.3440293638704,172.01468193519531,0.10000000000000001
195,0,0.34879955080742076,0.040133949558072639,0.22545516522017162,0.0021655476312312594,1000.2260397885051,113.01989425254533,0.10000000000000001
196,0,0.3582637143061837,0.040489887581004212,0.22841820409994057,0.00091308240506274513,1000.1433491958218,71.674597910885041,0.10000000000000001
197,0,0.36812439297979982,0.039866918398265519,0.2261387519333482,0.0015640113984485581,1000.2231402423223,111.57012116115084,0.10000000000000001
198,0,0.37829920789079408,0.040501916100773798,0.22845926768667654,0.00041189779205236428,1000.1376540904618,68.827045230875683,0.10000000000000001
199,0,0.3877681455284111,0.039636510255561377,0.22724262139478693,-0.0013658620226628146,1000.0926059318076,46.302965903805671,0.10000000000000001
200,0,0.39823740132516289,0.04050435598866288,0.22870783769769301,0.0012943388884465831,1000.1672881404801,83.644070240040946,0.10000000000000001
201,0,0.40776140408650258,0.039752908369857912,0.22812976500394516,-0.0028397762625707234,999.99145532364071,-4.27233817964634,0.10000000000000001
202,0,0.41805315310185442,0.040203450205402273,0.22873208387574689,0.0022118524202563018,1000.177407554613,88.703777306477605,0.10000000000000001
203,0,0.42793315669711934,0.040160350215278952,0.22887322786965497,-0.0033541070383271915,999.93504722572072,-32.476387139638518,0.10000000000000001
204,0,0.43787920804392561,0.039732932451320001,0.22827457964035189,0.0025436420204674047,1000.1690079234606,84.503961730320043,0.10000000000000001
205,0,0.4480669654628136,0.040579215432178892,0.22922337833535653,-0.0032899937275408147,999.92312897746433,-38.435511267834954,0.10000000000000001
206,0,0.4578239360944974,0.039380601975300855,0.22726833049097592,0.0018345302619806583,1000.1474015730071,73.700786503536619,0.10000000000000001
207,0,0.4680801048544499,0.040796880717578296,0.22883305321683942,-0.0025395856031531668,999.96418507080512,-17.907464597442413,0.10000000000000001
208,0,0.47787033882411944,0.039270376530997929,0.22609040716623746,0.00058050695733504528,1000.1273762588738,63.688129436911822,0.10000000000000001
209,0,0.4880457114257501,0.040789609462069332,0.22761356580541156,-0.0015752252886815634,1000.0373113512061,18.65567560304271,0.10000000000000001
210,0,0.49794163353291043,0.039333312032474428,0.22494977054560944,-0.00042245471240604258,1000.1290713898502,64.535694925098142,0.10000000000000001
211,0,0.50802674844907336,0.040658186867407436,0.22585308258602613,-0.0011465604303097696,1000.1032015251186,51.600762559303348,0.10000000000000001
212,0,0.51800690282504802,0.03946730434697248,0.2237396349683341,-0.00076254840429805732,1000.1613017230387,80.650861519359296,0.10000000000000001
213,0,0.52804413761235713,0.040508932790899517,0.22394994138197696,-0.0013321495546838561,1000.1456353781806,72.817689090300064,0.10000000000000001
214,0,0.53804577134718412,0.039587487184359185,0.22238481251938932,-0.00050816883300810805,1000.2136573544478,106.8286772239162,0.10000000000000001
215,0,0.54809714459422521,0.040415333908542815,0.22221570213993211,-0.0017703233743950107,1000.1705012243401,85.250612170057138,0.10000000000000001
216,0,0.5580656990283579,0.039650394418692607,0.22095084362397741,7.0202425990122195e-06,1000.2681197647486,134.05988237428801,0.10000000000000001
217,0,0.56815680963718818,0.04037762702417895,0.22076952314849671,-0.0021109039149741103,1000.1883654444177,94.182722208870473,0.10000000000000001
218,0,0.57809129553112915,0.039676306094898806,0.21955924558030088,0.00041321637180953774,1000.3108705828547,155.43529142735224,0.10000000000000001
219,0,0.58820520598517445,0.040361689333988697,0.21954705051335341,-0.0021960885555594115,1000.2089175346565,104.45876732825354,0.10000000000000001
220,0,0.59813149475052152,0.03969562948837322,0.21827567988304483,0.00049272497249791222,1000.3385962278247,169.29811391236171,0.10000000000000001
221,0,0.60824111398348291,0.040341104956233186,0.21835555843113272,-0.0020794552232731734,1000.2385174643324,119.25873216620175,0.10000000000000001
222,0,0.61818351256290094,0.039727822396642215,0.21703451103410495,0.00026564549752235909,1000.3588419719658,179.42098598291523,0.10000000000000001
223,0,0.62827014345732368,0.040302931211159153,0.21699358088114942,-0.0019057006907361143,1000.2801447623901,140.07238119506837,0.10000000000000001
224,0,0.63823932576856812,0.039776087892763136,0.21566082893518568,-0.00013602056289642537,1000.3843245593575,192.16227967876875,0.10000000000000001
225,0,0.64829910287475334,0.040251638256441229,0.21532140421153653,-0.0017813838662765428,1000.3353572362419,167.67861812093088,0.10000000000000001
226,0,0.65829159289185357,0.039829737096505849,0.21396580428586121,-0.00057705250938319848,1000.4248040982202,212.40204911009641,0.10000000000000001
227,0,0.66833143293534714,0.040199973788919284,0.21329093843800476,-0.0017267443984855821,1000.4054249901784,202.71249508920164,0.10000000000000001
228,0,0.67833717618832934,0.039877624627827207,0.21187092438564331,-0.00096876146220740956,1000.4835766245785,241.78831228925901,0.10000000000000001
229,0,0.68836701768566766,0.040157277664711222,0.21094063720045209,-0.0016939690655507237,1000.4889785383853,244.48926919262703,0.10000000000000001
230,0,0.69837699164315525,0.039914302383810739,0.20945575456513144,-0.0012511564442358573,1000.5581391672724,279.0695836362147,0.10000000000000001
231,0,0.70840248539486506,0.040125373658677743,0.20839535140997764,-0.0016252500788667217,1000.5810030620453,290.50153102264176,0.10000000000000001
232,0,0.71841384504875172,0.039941419046853645,0.20692730705182139,-0.0013787092577897491,1000.641740265733,320.8701328665029,0.10000000000000001
233,0,0.72843583691900959,0.040101792463869093,0.20585229095399141,-0.00149445598348869,1000.673693267547,336.84663377351853,0.10000000000000001
234,0,0.73844802491498251,0.039961279558839768,0.2045245870384422,-0.0013399992651645302,1000.725714745834,362.8573729170057,0.10000000000000001
235,0,0.74846712998957954,0.040084687017675917,0.20354020296255484,-0.0013048583923465017,1000.7588335366422,379.41676832110716,0.10000000000000001
236,0,0.75847960105986767,0.039975997109728351,0.20244464929377343,-0.0011768732772558183,1000.8018076881604,400.90384408017599,0.10000000000000001
237,0,0.76849677857507392,0.040072316017396512,0.20163303213841,-0.0010817393123246099,1000.8305001486086,415.2500743043106,0.10000000000000001
238,0,0.77850896587847573,0.039987306128150345,0.20079838740470909,-0.00096189263719956763,1000.8643659861938,432.18299309688746,0.10000000000000001
239,0,0.78852454186502097,0.040062887788988033,0.2001979681306196,-0.00086365512969730689,1000.8863397663849,443.16988319246775,0.10000000000000001
240,0,0.79853645259468542,0.039996543786816427,0.19959348704509106,-0.00076727531475607471,1000.9119153108714,455.95765543572497,0.10000000000000001
241,0,0.80855056606076148,0.040055548236279687,0.19918322513661416,-0.00069158511078364841,1000.9276811475787,463.84057378935495,0.10000000000000001
242,0,0.81856239337418024,0.040004089705857997,0.19875068959890205,-0.0006367714371960701,1000.9467722381297,473.38611906485539,0.10000000000000001
243,0,0.82857524342563149,0.040049596725950931,0.19845830958820126,-0.00059588133058937687,1000.9585461283938,479.27306419688875,0.10000000000000001
244,0,0.83858725411704704,0.040010252759236392,0.19812863889415747,-0.00058096079502470367,1000.9738192064649,486.90960323244781,0.10000000000000001
245,0,0.84859950850656896,0.040044951908210953,0.19787710174562065,-0.00057769192797173577,1000.9840670309624,492.03351548118235,0.10000000000000001
246,0,0.85861125356963208,0.040014903662861895,0.19757829557167003,-0.00059092765846906767,1000.998207798246,499.10389912298569,0.10000000000000001
247,0,0.86862311613155363,0.040041374834936187,0.19731299651745587,-0.00061032159904053401,1001.0091307827436,504.56539137178424,0.10000000000000001
248,0,0.87863437105346165,0.040018595355174602,0.19699602061005014,-0.00064010567744245714,1001.0237620879354,511.88104396771905,0.10000000000000001
249,0,0.88864540002003023,0.040038388878794615,0.19669354950633505,-0.00065791103798866057,1001.0367483158386,518.37415791931107,0.10000000000000001
250,0,0.89865634941863037,0.040021637847839783,0.19634424514514495,-0.00069268582793777169,1001.0522486982749,526.124349137433,0.10000000000000001
251,0,0.90866664177298084,0.04003592641780182,0.19601542921641318,-0.00068624284389032166,1001.0673355079962,533.6677539980883,0.10000000000000001
252,0,0.91867708540414628,0.040023511361313817,0.19565832609212433,-0.00071375779232505895,1001.0829394232184,541.46971160918156,0.10000000000000001
253,0,0.92868690469492077,0.040033708878570953,0.195340877874221,-0.00067102339074155595,1001.0987759991766,549.38799958830487,0.10000000000000001
254,0,0.9386967743283321,0.040024326483121007,0.19503001733183101,-0.00067598027776335373,1001.1129141131668,556.45705658338329,0.10000000000000001
255,0,0.94870625473597803,0.04003171368503388,0.19478259696014097,-0.00059830560055666889,1001.1269795287852,563.48976439261378,0.10000000000000001
256,0,0.95871561827242324,0.040024491810953369,0.19458083492139955,-0.00056816885001767102,1001.1378216130627,568.91080653133486,0.10000000000000001
257,0,0.96872488833478587,0.040030093716086429,0.19446247458584831,-0.00046970366291976604,1001.1473248927649,573.66244638245689,0.10000000000000001
258,0,0.9787342907182548,0.040024586399594435,0.19441993716745243,-0.00040100226501179118,1001.1534787868507,576.73939342532776,0.10000000000000001
259,0,0.98874360685683016,0.040028710352486965,0.19446083480128132,-0.00031241630519178269,1001.1566291300034,578.31456500167633,0.10000000000000001
260,0,0.99875320875113782,0.040024239449827324,0.19458114079225705,-0.00021728049218707398,1001.1584119333597,579.20596667986501,0.10000000000000001
261,0,1.0087624384196174,0.040026629026230387,0.19475151647953248,-0.00018339428820761749,1001.1558637946763,577.93189733814643,0.10000000000000001
262,0,1.0187723156777821,0.040023180518249171,0.19496401813936245,-9.2656213694724285e-05,1001.1563586071244,578.17930356219449,0.10000000000000001
263,0,1.0287816608553568,0.040023729856735489,0.19515101368529189,-0.0001602309623217428,1001.1525138226739,576.2569113369409,0.10000000000000001
264,0,1.0387922809902912,0.040021871846052166,0.19529809980013701,-0.00012081017359026269,1001.1578802028339,578.94010141694707,0.10000000000000001
265,0,1.0488022347323447,0.040020420919197809,0.1953105713659562,-0.00031706311902579668,1001.1611765989181,580.58829945906609,0.10000000000000001
266,0,1.0588137705663798,0.040020460868275286,0.19516395341402432,-0.00038070594449334861,1001.1797588767033,589.87943835165879,0.10000000000000001
267,0,1.0688242219169548,0.040016782203020004,0.19476658200899144,-0.000690370215176309,1001.2013617615709,600.68088078543269,0.10000000000000001
268,0,1.0788357482714024,0.040018367027167781,0.19408846632956828,-0.00089386803007773558,1001.2415858985586,620.79294927929141,0.10000000000000001
269,0,1.0888455864004583,0.040012412923982013,0.19307067865923064,-0.0012465088323951033,1001.2921979053667,646.09895268336004,0.10000000000000001
270,0,1.0988557162370709,0.040014753096928882,0.19169337279715606,-0.0015922137672898442,1001.3592577655094,679.62888275468458,0.10000000000000001
271,0,1.1088641867691145,0.040007469356359536,0.18996886967068752,-0.0018694212368890034,1001.4451824175298,722.59120876492489,0.10000000000000001
272,0,1.1188727802933558,0.040009713170156662,0.18788737832998406,-0.0023107750300910496,1001.5378922096775,768.94610483873294,0.10000000000000001
273,0,1.1288801862085778,0.040002617850344549,0.18555174581604889,-0.0023827716779436688,1001.6562129035265,828.10645176323305,0.10000000000000001
274,0,1.1388875872664979,0.040002966015664325,0.18298979161096002,-0.0028235815778623256,1001.7662847883236,883.14239416177998,0.10000000000000001
275,0,1.1488939208336815,0.039997800586560696,0.18036129449659594,-0.0026015155043975957,1001.9034879098225,951.74395491125097,0.10000000000000001
276,0,1.1588995878443442,0.039994134344754101,0.17770607977216521,-0.0029178102386942682,1002.0150496663211,1007.5248331605735,0.10000000000000001
277,0,1.1689048068687931,0.039993829892004791,0.17526368229643544,-0.0024029039757248669,1002.1497179123871,1074.858956193566,0.10000000000000001
278,0,1.1789079818562811,0.039984316332657956,0.17301656499220291,-0.0024821297487144529,1002.2461768156273,1123.0884078136683,0.10000000000000001
279,0,1.1889129733379755,0.039991940908905954,0.17119870739699586,-0.0018064797027060354,1002.3526223167091,1176.3111583545651,0.10000000000000001
280,0,1.198913496010874,0.039974847835043952,0.16975466504515824,-0.0015895785640444144,1002.4218252242873,1210.9126121436589,0.10000000000000001
281,0,1.2089200102893907,0.039991859431952506,0.16889060821516044,-0.00098929251694355644,1002.4839809798615,1241.9904899307426,0.10000000000000001
282,0,1.2189183629035605,0.039966805421428636,0.16836029235517253,-0.00052155912070815202,1002.5220667716117,1261.0333858058311,0.10000000000000001
283,0,1.2289274053120123,0.039991319642843581,0.16837944436672592,-0.00026252039966865746,1002.5356782467583,1267.8391233791331,0.10000000000000001
284,0,1.2389249283121115,0.039961669347993646,0.16862962214905666,0.00034767521028940403,1002.5564410325811,1278.2205162905598,0.10000000000000001
285,0,1.2489352746132154,0.039987496767128275,0.16912199985531001,3.8712723330832071e-05,1002.5348577929689,1267.4288964844322,0.10000000000000001
286,0,1.2589348781561489,0.039962310756202032,0.16955859560851638,0.00064720227361783958,1002.557126211329,1278.5631056644888,0.10000000000000001
287,0,1.2689435499112736,0.039978890801141843,0.16989584344292682,-0.00028027772478994865,1002.5325508416882,1266.2754208441243,0.10000000000000001
288,0,1.2789489163278012,0.039970528369562587,0.16988129251165091,0.00018639242653005055,1002.5848920591093,1292.4460295546396,0.10000000000000001
289,0,1.2889511310170909,0.039964881236238807,0.16921403629357928,-0.0012644165153782427,1002.5890678304662,1294.533915233103,0.10000000000000001
290,0,1.2989641483150722,0.039983806121905115,0.1680546972200882,-0.0009845569964138073,1002.6942341059246,1347.1170529622896,0.10000000000000001
291,0,1.3089564363861537,0.039948019071193691,0.16593526054539462,-0.0026751756726796408,1002.7630526358299,1381.5263179149611,0.10000000000000001
292,0,1.3189744160221448,0.039995930883097865,0.16324009724749977,-0.0025919578262959086,1002.9288727814741,1464.4363907370348,0.10000000000000001
293,0,1.3289582083911577,0.03993454589664415,0.1594690569143247,-0.0041114603520766343,1003.0714802856396,1535.7401428198045,0.10000000000000001
294,0,1.3389734265018161,0.039999032664659838,0.15542892251963181,-0.0041142114313836402,1003.2874589160547,1643.7294580273374,0.10000000000000001
295,0,1.3489558155544052,0.039931602605765844,0.1506691335519032,-0.0049682321201420165,1003.4932252756279,1746.6126378139393,0.10000000000000001
296,0,1.3589573012317022,0.039988384396073474,0.14607868007401109,-0.004940727050239924,1003.7170553684061,1858.527684203068,0.10000000000000001
297,0,1.3689474501570533,0.039941796321252533,0.1414364045303311,-0.0046629713134344174,1003.9348578554058,1967.4289277028834,0.10000000000000001
298,0,1.378926416781012,0.039966385979173583,0.13777946282116182,-0.0044289041760057404,1004.1088164816334,2054.4082408167128,0.10000000000000001
299,0,1.3889298773842595,0.039960981918844493,0.1349801701701101,-0.0027604536947553318,1004.2728826172099,2136.4413086049581,0.10000000000000001
300,0,1.3988872812604523,0.039945670473908887,0.13375926386941486,-0.0023303055491280542,1004.3247087224159,2162.3543612079743,0.10000000000000001
301,0,1.4089008857098031,0.039978031247672421,0.13415857542253054,0.00058464374282768189,1004.363972891284,2181.9864456419964,0.10000000000000001
302,0,1.4188530314907328,0.039943825944216631,0.13665105738205643,0.0011448387848981391,1004.2520080961242,2126.0040480621001,0.10000000000000001
303,0,1.428863033893633,0.039978982085509901,0.14085991335147038,0.0044681452677198244,1004.1319014359316,2065.9507179657908,0.10000000000000001
304,0,1.4388355868905813,0.039969907942156074,0.1470850877304356,0.0048819574145426798,1003.853252758102,1926.6263790510152,0.10000000000000001
305,0,1.4488232148369093,0.039957120516098107,0.15423167038901489,0.007443770391744136,1003.5958468200727,1797.9234100363328,0.10000000000000001
306,0,1.4588401198044822,0.040018008415043028,0.16295568925443743,0.0074388469721107676,1003.2191160084333,1609.5580042166375,0.10000000000000001
307,0,1.4687908569495738,0.03991946644484342,0.17085247545975987,0.0080311426140251153,1002.9094650521807,1454.7325260903676,0.10000000000000001
308,0,1.4788598759610376,0.040069733939915461,0.17922365279460981,0.0072124742381051554,1002.5520338842562,1276.0169421280807,0.10000000000000001
309,0,1.4887770485405341,0.039889633789289052,0.18486963056362118,0.0055175391836331123,1002.3139079935343,1156.953996767129,0.10000000000000001
310,0,1.4988816971203975,0.040101774597960299,0.18974297926960096,0.0037892535683708142,1002.1243247323217,1062.1623661608623,0.10000000000000001
311,0,1.5087873766425577,0.039892195618013077,0.19055712076955852,0.00026203105886642229,1002.0731376784369,1036.5688392184325,0.10000000000000001
312,0,1.5188911370924754,0.040094735749027346,0.18939114343105545,-0.002180213679245905,1002.1417761038073,1070.888051903637,0.10000000000000001
313,0,1.528812122911744,0.039930699248740958,0.18429960834436199,-0.0059177993857884711,1002.3340584732698,1167.0292366349031,0.10000000000000001
314,0,1.5388748560016563,0.040040986174936864,0.17742620769507247,-0.0081266633446760491,1002.6630869315371,1331.5434657685614,0.10000000000000001
315,0,1.5488303775364693,0.039983672497474913,0.16785932406204851,-0.010256098013100306,1003.0521544541053,1526.0772270526672,0.10000000000000001
316,0,1.5588258775243422,0.039951351577824069,0.15765680251566322,-0.011579539985950266,1003.5001945311828,1750.0972655914211,0.10000000000000001
317,0,1.5688234734427275,0.0400243583106797,0.14716594192274107,-0.010100336114603635,1003.9701771787365,1985.0885893682744,0.10000000000000001
318,0,1.5787582522028856,0.039867157415003684,0.13774357249134966,-0.010825367927362209,1004.3480692083397,2174.0346041698331,0.10000000000000001
319,0,1.5887814784608458,0.040035229802041938,0.12979133276804944,-0.005095428686969241,1004.7648988617775,2382.4494308887552,0.10000000000000001
320,0,1.5986987193242852,0.039839022900651985,0.12409272505447544,-0.0067259920832559612,1004.9261585191995,2463.0792595997377,0.10000000000000001
321,0,1.6087003374746507,0.040008776522677814,0.12031123317047156,0.0019281180980148349,1005.2500282081702,2625.0141040850963,0.10000000000000001
322,0,1.6186506395851876,0.039883829102459654,0.11851380988104801,-0.0025191402703431507,1005.162724928325,2581.3624641625097,0.10000000000000001
323,0,1.6285823247734739,0.039939181327197926,0.11716304564900125,0.0064401183206253161,1005.4626293303338,2731.3146651669058,0.10000000000000001
324,0,1.6385936837638113,0.039956411777360652,0.11715972641514541,-0.0019753444969392167,1005.2388923946053,2619.4461973026364,0.10000000000000001
325,0,1.64844606708562,0.03985117086291394,0.11673807099720115,0.0066204843921545504,1005.6906656699983,2845.3328349991693,0.10000000000000001
326,0,1.6585287908508966,0.039995911838401302,0.11396913013817275,-0.006191053115605416,1005.3488948137668,2674.4474068834165,0.10000000000000001
327,0,1.6683209869817779,0.039809652343521608,0.11259902319103361,0.0035833643926814038,1006.0471767847015,3023.5883923507458,0.10000000000000001
328,0,1.6784776294595998,0.039978634926459859,0.10902825765537619,-0.011854305987404716,1005.7301410080038,2865.070504001892,0.10000000000000001
329,0,1.688235202503239,0.039890329310066891,0.10556319180384817,0.0027074533694850947,1006.5099222186141,3254.9611093070325,0.10000000000000001
330,0,1.6984001511396463,0.039871411902121706,0.099349323978228127,-0.014220319714545487,1006.0425966870702,3021.2983435350793,0.10000000000000001
331,0,1.7081925081018974,0.040182504772453963,0.10118405115500499,0.0085336140419437212,1007.057071471978,3528.5357359890099,0.10000000000000001
332,0,1.7182418054911226,0.039484048940819715,0.092472290265462234,-0.017033150817208909,1006.2699143965688,3134.9571982843827,0.10000000000000001
333,0,1.7281976607525835,0.040864444868413494,0.094130657929822031,0.024029825237797221,1007.2679971647656,3633.9985823827874,0.10000000000000001
334,0,1.7379759275868965,0.038424284496677744,0.089438473109766076,-0.02219283054115509,1006.6471366855783,3323.5683427891445,0.10000000000000001
335,0,1.7484080317798851,0.042085208171463953,0.092226819995948034,0.032709928215992064,1007.5161479374325,3758.0739687162463,0.10000000000000001
336,0,1.7572703190269936,0.036193224425602973,0.074218820161903051,-0.035351535680205742,1006.7523110613118,3376.1555306559217,0.10000000000000001
337,0,1.7687220756783038,0.043429681956906989,0.073853530896798331,0.018774391239933071,1007.464231369533,3732.1156847664838,0.10000000000000001
338,0,1.7766708573268222,0.033053146611862011,0.083421308027432861,-0.017746376893654037,1007.6439420526067,3821.9710263033448,0.10000000000000001
339,0,1.7889376268896662,0.043612395329834103,0.063171016460574686,-0.0033499145981879599,1008.9516007545844,4475.8003772922166,0.10000000000000001
340,0,1.7964606218901662,0.027781146128812783,0.06501513531842977,-0.035934086282279544,1008.0049198573946,4002.4599286973057,0.10000000000000001
341,0,1.8084651412061274,0.042933243250161193,0.034514786852934513,-0.017531519382988404,1009.5293265942753,4764.6632971376448,0.10000000000000001
342,0,1.8156106376841505,0.027571143543331282,0.089274567164561114,-0.0059120188192163569,1009.8670553480182,4933.5276740090994,0.10000000000000001
343,0,1.8281896359026557,0.043140933317084795,0.022889695638793929,-0.018148587590859751,1009.9149702497119,4957.4851248559644,0.10000000000000001
344,0,1.83489627207301,0.027775913178876507,0.074331562795063671,-0.054371153782076083,1010.1700033661755,5085.0016830877394,0.10000000000000001
345,0,1.8478737631009758,0.043329130198413938,0.0075397970033889124,-0.013258630318191493,1010.6296800477372,5314.8400238686118,0.10000000000000001
346,0,1.8538661316874707,0.027726770652066406,0.05824331069517457,-0.037204967088456685,1010.6486227315884,5324.3113657941876,0.10000000000000001
347,0,1.8674892141027397,0.043529182279774717,-0.0091846979429277865,0.012932951209631371,1011.1980324677877,5599.0162338938489,0.10000000000000001
348,0,1.8726239991816243,0.027953220996727843,0.069927418070978839,0.0096467314006002097,1012.2828961719265,6141.4480859632476,0.10000000000000001
349,0,1.8868829663969953,0.044145951115723447,-0.034434609797402115,0.040560100765632066,1011.1664971205734,5583.2485602866764,0.10000000000000001
350,0,1.8908430376584975,0.028439208555538699,0.011007556571809515,0.067278302085862648,1011.3187502344875,5659.3751172437696,0.10000000000000001
351,0,1.9057716432504712,0.045110664717768929,-0.018233984250145333,-0.011785145206454085,1009.3902693000928,4695.1346500463842,0.10000000000000001
352,0,1.9075610493426829,0.028362057353264171,-0.04714995670444936,-0.16602149497362179,1010.8551687246244,5427.5843623121891,0.10000000000000001
353,0,1.9251787133379266,0.046123357629050177,0.026831225699590362,0.017291419299386556,1011.7048846257192,5852.4423128595799,0.10000000000000001
354,0,1.9254298628775504,0.028782198788265941,-0.016615849385113263,0.055737739093741391,1008.9413494721193,4470.6747360596637,0.10000000000000001
355,0,1.9453337858773962,0.043304124285319323,0.024171213802414996,0.012228903869405597,1012.8833457369994,6441.6728684997224,0.10000000000000001
356,0,1.9469851155419649,0.027455580285946805,0.10811406449566198,0.15993989374652304,1008.0272531913844,4013.6265956921875,0.10000000000000001
357,0,1.9606969852195419,0.02970978339219495,-0.013989223395712458,0.15032594232055424,1004.3568318116734,2178.4159058366868,0.10000000000000001
358,0,1.9665559127166992,0.039014290193932995,0.18390795841731963,0.035409365188094136,1012.0905553126003,6045.2776563001298,0.10000000000000001
359,0,1.9990604752884105,0.0037346015715671839,-0.11374605809754332,-0.40976966731824915,998.69425383021144,-652.87308489428142,0.10000000000000001
360,0,1.9999967999999999,0.013488969297514369,0,-0.17247912698572709,1003.8940167147161,1947.0083573580723,0.10000000000000001
361,0,1.9999967999999999,0.028773639300508847,0,-0.1650865448757288,999.897372321082,-51.3138394589987,0.10000000000000001
362,0,0.21115895461985076,0.052157109544811148,0.24829582331287875,0.0079398167955329214,1000.0098833226937,4.9416613468338255,0.10000000000000001
363,0,0.21105909982669546,0.051350269433796079,0.24798115506918669,0.0078836193864541011,1000.0141258528214,7.0629264106969458,0.10000000000000001
364,0,0.23322934749567278,0.049871975390464549,0.24676313881684384,0.0054809950233421986,1000.1784768656731,89.238432836566517,0.10000000000000001
365,0,0.24217843433032354,0.043371846221986435,0.23935813355750801,0.0088941767313732451,1000.9429673194096,471.48365970480199,0.10000000000000001
366,0,0.24264222463094012,0.039996424569598857,0.24129172631948698,-0.029752518225471748,998.82720070159564,-586.39964920217835,0.10000000000000001
367,0,0.27006433077507852,0.048829754693417673,0.23275104289412796,-0.0037137765334726816,1000.0901952093415,45.097604670729652,0.10000000000000001
368,0,0.27001951824016507,0.049179441788399406,0.23302662016314427,-0.003893323036853144,1000.0938026273269,46.901313663454403,0.10000000000000001
369,0,0.28570335325923901,0.051244452352588878,0.24162464943012316,-0.0006107743857219673,1000.1667739183591,83.386959179563291,0.10000000000000001
370,0,0.29325618148399257,0.05172497866842031,0.23773175911736077,0.0012319445316669427,1000.5747643952327,287.38219761635264,0.10000000000000001
371,0,0.30526054425778026,0.051306235502229965,0.23795948560694213,0.0020137504049965037,999.89669628146817,-51.651859265916755,0.10000000000000001
372,0,0.31361488642731911,0.051419201928571676,0.24013896700682727,0.0016589750481973157,1000.4848648251551,242.43241257755699,0.10000000000000001
373,0,0.32463194143538171,0.050976463831276478,0.23689028560270406,0.0031927133262313312,999.78003759757314,-109.98120121342936,0.10000000000000001
374,0,0.33347396071972935,0.050856666858522533,0.23886209802079006,0.00208518464077371,1000.6645140492338,332.25702461692208,0.10000000000000001
375,0,0.34426751992143512,0.050589773652279797,0.23913321176206312,0.002203729255234003,999.67727843159594,-161.36078420203148,0.10000000000000001
376,0,0.3533258972081838,0.050561906950412808,0.23740046584995247,0.0018322396570099955,1000.6611768100489,330.58840502445719,0.10000000000000001
377,0,0.36394780681525601,0.050302719121780352,0.24113179496151277,0.00080620278234208858,999.76815864025752,-115.92067987123755,0.10000000000000001
378,0,0.37330586076803829,0.050334496180480734,0.237860015156415,0.0011144441406513788,1000.4486575831922,224.32879159612185,0.10000000000000001
379,0,0.38369101516836485,0.050148949175167046,0.24169501629129192,0.00029874104077200116,999.979933859374,-10.033070312999826,0.10000000000000001
380,0,0.39329460631769658,0.05021503415939562,0.23917656158337325,0.00053746000785462593,1000.194684484809,97.342242404522494,0.10000000000000001
381,0,0.40354502855790725,0.050073142787265081,0.24173767238675734,4.8214177965855624e-05,1000.110872684786,55.436342393022642,0.10000000000000001
382,0,0.41334439539658052,0.050161350976702941,0.24030904399865632,0.00023006304829569209,1000.0434828658433,21.741432921658088,0.10000000000000001
383,0,0.42346928112287924,0.050048270856870164,0.24164607038156333,-0.00012417415484258993,1000.1322273894426,66.113694721309457,0.10000000000000001
384,0,0.43340901120920755,0.050119363743159034,0.2408236786013824,-5.3753060232959779e-05,1000.0176380105182,8.8190052591130552,0.10000000000000001
385,0,0.4434366569198489,0.050027652967276459,0.24139398780565077,-0.00033564689307045287,1000.0892179183246,44.608959162303563,0.10000000000000001
386,0,0.45343468032142997,0.050098550707948511,0.24060146464722207,-0.00038214570689542964,1000.066143133243,33.071566621515558,0.10000000000000001
387,0,0.46346557482971701,0.050008610235472505,0.24068521065352541,-0.0005175125285356557,1000.0356935873729,17.846793686430829,0.10000000000000001
388,0,0.47343524372088486,0.050095700905725765,0.23986161050884378,-0.00056165140288578119,1000.1244487819037,62.224390951826081,0.10000000000000001
389,0,0.48352048134436321,0.050001080870422723,0.23943504554389622,-0.00061291682088535375,1000.0078469846698,3.9234923348772099,0.10000000000000001
390,0,0.49344312684188707,0.050089438158867239,0.23867849988228235,-0.00059514692169058536,1000.1753650943343,87.682547167162284,0.10000000000000001
391,0,0.50356920807341732,0.049993408690077762,0.23790948269253684,-0.00064563558588264219,1000.0216578569828,10.828928491378065,0.10000000000000001
392,0,0.5134660867737878,0.05007461037914189,0.23711052148814632,-0.00056721592738514127,1000.2218275217307,110.9137608653441,0.10000000000000001
393,0,0.52360766124642943,0.049994760687745943,0.23631082926598473,-0.00067242699247851241,1000.0649868198528,32.493409926416916,0.10000000000000001
394,0,0.53350730267364377,0.050054841710145577,0.23537100556896448,-0.00053499209976549575,1000.2619626417422,130.9813208711148,0.10000000000000001
395,0,0.54363723049485368,0.050002900948209833,0.23473015427521612,-0.00066229282492777841,1000.1174956607055,58.747830352729125,0.10000000000000001
396,0,0.55356137014960949,0.05004303135611142,0.23366612233269865,-0.00050567786657781347,1000.2950039728036,147.50198640177814,0.10000000000000001
397,0,0.56366724082154995,0.050008003101088772,0.23324832184514704,-0.00060921886747731819,1000.1637659122247,81.882956112337979,0.10000000000000001
398,0,0.573613797811104,0.050037549324228298,0.23211127231528489,-0.00048025501074138371,1000.3223288724386,161.16443621928056,0.10000000000000001
399,0,0.58370355010252506,0.050011363016584327,0.23186688068820216,-0.00055000451103458974,1000.1999696546078,99.984827303899237,0.10000000000000001
400,0,0.59366153539317679,0.050034196106244225,0.2307149830303557,-0.00047572568410587473,1000.3455377950604,172.76889753020441,0.10000000000000001
401,0,0.60374414358495221,0.050014036187814158,0.23050504934736257,-0.00054036479057302219,1000.2306573530692,115.32867653460244,0.10000000000000001
402,0,0.61370791418909543,0.050033392908397922,0.22937080626269254,-0.00051382184771414836,1000.3673675586959,183.68377934797309,0.10000000000000001
403,0,0.62378627148850374,0.050015591724245551,0.22903312088905553,-0.00060155530087322622,1000.2646961427052,132.34807135262372,0.10000000000000001
404,0,0.63375437255827882,0.050034142897400762,0.22788150048164516,-0.00061182054349371,1000.3936246899292,196.81234496459865,0.10000000000000001
405,0,0.64382829238339478,0.050016903899760448,0.22732798642220656,-0.00072370099629327149,1000.310007827708,155.00391385398871,0.10000000000000001
406,0,0.65380101271486202,0.050034417264245845,0.22607491674395938,-0.000754448312861955,1000.4305717987197,215.28589935985565,0.10000000000000001
407,0,0.66386847540797433,0.05001858041736848,0.22528037035491771,-0.00087323191794639807,1000.371777295591,185.88864779547976,0.10000000000000001
408,0,0.67384742188989744,0.050033817400095978,0.22389207306014766,-0.00090499610989266293,1000.4825571530685,241.2785765342278,0.10000000000000001
409,0,0.68390630397992935,0.050020128859465843,0.22287406356336872,-0.0010021981649512505,1000.4495544309733,224.77721548665386,0.10000000000000001
410,0,0.69389224924261717,0.050033202109195075,0.2213868994502215,-0.0010168353687883239,1000.5505141275319,275.25706376593462,0.10000000000000001
411,0,0.70394264991158129,0.050021050338837775,0.22021490661565354,-0.0010714928609481195,1000.5384726547508,269.23632737538128,0.10000000000000001
412,0,0.71393388047280826,0.050032682401279831,0.21872130970670317,-0.0010491095447315289,1000.6298749211136,314.93746055679139,0.10000000000000001
413,0,0.72397788853603318,0.050021931495307426,0.21750110689608343,-0.0010580152769921092,1000.6314463981796,315.72319908980262,0.10000000000000001
414,0,0.73397250621354038,0.050032102297447929,0.21611083691875457,-0.00099065879239383843,1000.7124888152061,356.24440760307152,0.10000000000000001
415,0,0.74401129360274743,0.050022976644161991,0.21496532273462612,-0.0009612366674837965,1000.7204135427766,360.2067713882775,0.10000000000000001
416,0,0.75400864375707644,0.050031434085437858,0.21376269540672527,-0.00086000987115755615,1000.7898416925311,394.92084626556334,0.10000000000000001
417,0,0.76404279174847589,0.050024305819188201,0.21279460422834898,-0.00080645151776970994,1000.7983754632976,399.1877316487944,0.10000000000000001
418,0,0.77404275395412203,0.0500309061536073,0.21182214152737114,-0.00069420099567775169,1000.8554110619734,427.70553098671371,0.10000000000000001
419,0,0.78407286257541575,0.050025772927311557,0.21107854893295239,-0.00063460856915941929,1000.8612758207594,430.63791037968713,0.10000000000000001
420,0,0.79407511095080729,0.050030802498208682,0.21033572462325512,-0.00053512796960317221,1000.9062299724843,453.11498624215574,0.10000000000000001
421,0,0.80410180683499022,0.050027108343533813,0.20979824571016559,-0.00048638210916935378,1000.9088268503242,454.4134251621017,0.10000000000000001
422,0,0.81410601618534773,0.050031050208028789,0.20924788856681689,-0.00041430371085562429,1000.943298892563,471.64944628150351,0.10000000000000001
423,0,0.82412985793393545,0.050028134838975676,0.20885459452869337,-0.00038908605478949799,1000.943929973281,471.96498664050068,0.10000000000000001
424,0,0.83413565920155675,0.050031144933554914,0.2084301805485132,-0.00034777294041026663,1000.970763999067,485.38199953350158,0.10000000000000001
425,0,0.8441571639295673,0.050028866792989637,0.20810962834651403,-0.00034751371475212237,1000.9714909682089,485.74548410442731,0.10000000000000001
426,0,0.85416436282965003,0.050031169688895857,0.20773814344405511,-0.00033303028046086547,1000.993986508368,496.99325418401941,0.10000000000000001
427,0,0.8641839030858236,0.05002939026207507,0.20742926072779608,-0.00034977361898770533,1000.9967721456389,498.38607281947134,0.10000000000000001
428,0,0.87419217564618124,0.050031389527666344,0.20705728441316196,-0.00035152833932230846,1001.0176681107927,508.83405539633486,0.10000000000000001
429,0,0.88421014303938095,0.050029903491365664,0.20672431502333877,-0.00037312726593377354,1001.0237721058807,511.88605294032641,0.10000000000000001
430,0,0.89421901578024676,0.050031561799355799,0.2063318081853297,-0.00037837667764626374,1001.0444775103383,522.23875516915541,0.10000000000000001
431,0,0.90423561298410338,0.050030259137962024,0.20597190934513443,-0.00039171958817842188,1001.054019529673,527.00976483652084,0.10000000000000001
432,0,0.91424497331807453,0.050031418463804656,0.20557610141857907,-0.00038760081407173682,1001.0744378461567,537.21892307834196,0.10000000000000001
433,0,0.92426019821279437,0.050030188783341478,0.2052201116756262,-0.00038277971296621469,1001.0861032550871,543.05162754354797,0.10000000000000001
434,0,0.93426987046682131,0.05003083483402157,0.2048663799304147,-0.0003583058659977368,1001.1049418583599,552.47092917994678,0.10000000000000001
435,0,0.94428381857339538,0.050029770146439063,0.2045712296920118,-0.00032938375470539354,1001.1162419102159,558.12095510793824,0.10000000000000001
436,0,0.95429373903225523,0.050030009109514655,0.20431886791028536,-0.00027955340723958649,1001.1315127397941,565.75636989703071,0.10000000000000001
437,0,0.96430666533819465,0.050029085345765417,0.20414567733623012,-0.00022699007033271252,1001.1397311865873,569.86559329362763,0.10000000000000001
438,0,0.97431694707955041,0.050029031247405556,0.2040447383061928,-0.00015642973147016317,1001.1496565237336,574.82826186679858,0.10000000000000001
439,0,0.98432929062891728,0.050028215225867277,0.20403169759335549,-9.1906967135989956e-05,1001.1529908920942,576.49544604709035,0.10000000000000001
440,0,0.99434014563953599,0.050027934642445544,0.2040903271871122,-1.817308425691089e-05,1001.1573284940883,578.66424704417341,0.10000000000000001
441,0,1.0043521466296546,0.050026951042510967,0.20421944321354119,3.3492540090214621e-05,1001.1562004717413,578.10023587063597,0.10000000000000001
442,0,1.0143633507937866,0.050026365998871961,0.20437613737054325,7.9225144482292546e-05,1001.157374848374,578.68742418702368,0.10000000000000001
443,0,1.0243750619804219,0.050024932260072881,0.20454826584157984,8.4227576409109494e-05,1001.1555006876742,577.75034383712409,0.10000000000000001
444,0,1.0343862685559333,0.050024041016098003,0.20465709042143557,6.4747277916128189e-05,1001.1591545113707,579.57725568536489,0.10000000000000001
445,0,1.044397972867722,0.050022064886084273,0.20469253318260699,-7.7073655129537857e-06,1001.1637006260707,581.85031303537471,0.10000000000000001
446,0,1.0544090286470087,0.05002102210633886,0.20453925902046285,-0.00012063990688159554,1001.1780404516095,589.02022580474522,0.10000000000000001
447,0,1.0644210862850572,0.050018737989967012,0.20420198975368561,-0.00028386095798319211,1001.1982851768432,599.14258842161416,0.10000000000000001
448,0,1.0744316529736566,0.050017714303348726,0.20355631237740016,-0.00049447642904065726,1001.2324271009805,616.21355049027216,0.10000000000000001
449,0,1.0844437551930262,0.050015355700713075,0.20262198707987683,-0.00073097503840059946,1001.2773045785187,638.6522892593689,0.10000000000000001
450,0,1.0944529035523523,0.050013954877044534,0.20130363669825452,-0.0010094853096691292,1001.337940097232,668.97004861601772,0.10000000000000001
451,0,1.1044640000425323,0.050011407511070388,0.19964994000296851,-0.0012713245137490723,1001.4129705855505,706.4852927752554,0.10000000000000001
452,0,1.114470943649063,0.050008920257885392,0.19763408055691836,-0.0015519420431763036,1001.5016817656528,750.84088282642369,0.10000000000000001
453,0,1.1244800840997593,0.050006266534332988,0.19530459571980596,-0.0017652775583134708,1001.6046908915851,802.34544579252542,0.10000000000000001
454,0,1.1344849302008226,0.050002346082974158,0.19276941434468878,-0.0019640267949921509,1001.7153883854841,857.69419274203074,0.10000000000000001
455,0,1.1444913106771033,0.050000037755619918,0.19005035335730508,-0.0020506666708180635,1001.8366761484044,918.33807420221092,0.10000000000000001
456,0,1.1544945658295787,0.049994876031277197,0.18734640895730933,-0.0020851087365046654,1001.9544182104896,977.20910524481042,0.10000000000000001
457,0,1.1644973410391679,0.049993516182115609,0.18466739040088276,-0.0019985322245841711,1002.0766523707507,1038.3261853753538,0.10000000000000001
458,0,1.1744997719416113,0.049987844604242528,0.18229024616488507,-0.0018296484816375759,1002.1847137152793,1092.3568576396292,0.10000000000000001
459,0,1.1844985111579529,0.049987528658890702,0.18011126921509499,-0.0015791360008034438,1002.2877274427908,1143.8637213954053,0.10000000000000001
460,0,1.1945011187217411,0.049982181206547828,0.17843121653571528,-0.0012396155621838792,1002.3691287356284,1184.5643678141755,0.10000000000000001
461,0,1.2044965510761143,0.04998200796372073,0.17713333287606836,-0.00091039576352341597,1002.4403410018734,1220.1705009367174,0.10000000000000001
462,0,1.2145000043779099,0.049978094346530139,0.17633787109807125,-0.00050217988453157576,1002.4877353382433,1243.8676691216415,0.10000000000000001
463,0,1.2244938488852088,0.049976558732388106,0.17591598584831358,-0.00023009812034291717,1002.5203163218044,1260.1581609022219,0.10000000000000001
464,0,1.2344978106910083,0.049975507316097068,0.17589156665787303,0.00010534167341451205,1002.5411025418715,1270.5512709357549,0.10000000000000001
465,0,1.2444921571293786,0.049970992776099683,0.17610792321435123,0.00018639770918562877,1002.5462057616892,1273.1028808445899,0.10000000000000001
466,0,1.2544948580383974,0.049974135963047402,0.17630737347277309,0.00031353438328666458,1002.554419363027,1277.2096815135114,0.10000000000000001
467,0,1.2644921576215733,0.049965825607773899,0.17656272622418884,0.00012743681575868107,1002.5549065275031,1277.4532637515676,0.10000000000000001
468,0,1.2744915433786419,0.049973546840110461,0.17640381037589162,-2.294223489806313e-05,1002.5798537211241,1289.9268605620478,0.10000000000000001
469,0,1.2844931560181776,0.049962087514725063,0.17593072016903863,-0.00047676462931247032,1002.6036357183684,1301.8178591842116,0.10000000000000001
470,0,1.2944875776303271,0.049972556970804653,0.1746507218998542,-0.00089720443339146841,1002.667099034695,1333.5495173474783,0.10000000000000001
471,0,1.3044924051516946,0.049960565341008734,0.17290198205690643,-0.0015008473761406493,1002.7472409815239,1373.6204907619367,0.10000000000000001
472,0,1.3144813847216152,0.049969486021958991,0.17014194166063934,-0.0020980078044831227,1002.866191917852,1433.0959589260033,0.10000000000000001
473,0,1.3244852595200884,0.049961536875060046,0.16676834485582726,-0.002676351876286369,1003.0120669927629,1506.0334963814626,0.10000000000000001
474,0,1.3344704300121075,0.049963299758412988,0.16260381964010076,-0.0032655387556659401,1003.1839216635951,1591.9608317975644,0.10000000000000001
475,0,1.3444677781551155,0.049964561844553036,0.15807930709775647,-0.0035409103738459672,1003.3868118014043,1693.405900702146,0.10000000000000001
476,0,1.354451898768505,0.04995486094644367,0.15328401702975711,-0.0038984017686103929,1003.5858788719071,1792.9394359535422,0.10000000000000001
477,0,1.3644386349279887,0.0499686872367563,0.1485663596097149,-0.0036289401992072846,1003.7949451504691,1897.4725752345307,0.10000000000000001
478,0,1.3744239423227977,0.049947540967266259,0.14449867434652003,-0.0034943516913689245,1003.9765047533756,1988.2523766877966,0.10000000000000001
479,0,1.3844001051775097,0.049972386726543867,0.1412292123282948,-0.0024973783962559219,1004.1265154983264,2063.2577491631992,0.10000000000000001
480,0,1.3943861314981143,0.049946106365276313,0.13942292912867443,-0.0017891765519033134,1004.2326746959787,2116.3373479893721,0.10000000000000001
481,0,1.404358026018597,0.049974254617904813,0.13901252797465913,-0.00017749743325456714,1004.2522820044551,2126.1410022275413,0.10000000000000001
482,0,1.4143419465971567,0.049953955991390249,0.1407085510860076,0.0010090122907156576,1004.2407314201042,2120.3657100521127,0.10000000000000001
483,0,1.4243200817704693,0.049973508017290183,0.14402545423790333,0.0028242275876525337,1004.0955920599283,2047.7960299641609,0.10000000000000001
484,0,1.4342988440478868,0.049970008090107397,0.14933613163366319,0.0040339525700415916,1003.9481386267801,1974.0693133900322,0.10000000000000001
485,0,1.4442921607396288,0.049970030999846253,0.15598115103479038,0.0053849977508463103,1003.6619142033636,1830.957101681804,0.10000000000000001
486,0,1.4542660395921447,0.049988779003352031,0.1637770829030907,0.0061182716701929747,1003.4083838462223,1704.1919231111251,0.10000000000000001
487,0,1.4642761546566609,0.049966140584542268,0.17191579106924079,0.0063754679381089804,1003.065220257728,1532.6101288640075,0.10000000000000001
488,0,1.4742507026131169,0.050002799350982126,0.17971926284596032,0.0060794475642709867,1002.7789854085595,1389.4927042797462,0.10000000000000001
489,0,1.4842699568900932,0.049967859156081804,0.18650322292755753,0.0049828974709011766,1002.5095141115536,1254.7570557767926,0.10000000000000001
490,0,1.4942549738067918,0.050007526050893196,0.19145201323415592,0.003563338918988003,1002.2997069228143,1149.8534614071332,0.10000000000000001
491,0,1.5042691318281973,0.049980686031045052,0.19395274910815052,0.0014003970938148635,1002.2184745864522,1109.2372932261014,0.10000000000000001
492,0,1.5142720736401429,0.050002905296768888,0.19367095217475527,-0.0009306239302165725,1002.1803925915248,1090.1962957623823,0.10000000000000001
493,0,1.5242670635812832,0.050002583973462619,0.19049977259251669,-0.0031960481816804024,1002.3442110485315,1172.1055242657599,0.10000000000000001
494,0,1.5342853692031104,0.04998961654579491,0.18470247143152765,-0.0054920907340044204,1002.5202849573408,1260.1424786703888,0.10000000000000001
495,0,1.5442537216694092,0.050020167049423386,0.17679644775349618,-0.0067024965992373313,1002.8743562012635,1437.1781006317406,0.10000000000000001
496,0,1.5542760553362385,0.049967386756852854,0.16727529598200269,-0.0080953056961784054,1003.2101704004857,1605.0852002428542,0.10000000000000001
497,0,1.5642223756402638,0.050021027900732241,0.15754481294529915,-0.0073084070452592307,1003.6228808482662,1811.4404241330817,0.10000000000000001
498,0,1.574235634085922,0.049944626145801155,0.14795685970947606,-0.0073492246152499288,1004.0242059917439,2012.1029958719419,0.10000000000000001
499,0,1.5841766515287661,0.050010369622024736,0.13958258439314161,-0.004571807190432038,1004.3434877930974,2171.743896548719,0.10000000000000001
500,0,1.5941704176427718,0.049940858785841591,0.13257803353720868,-0.003924325741587735,1004.7083839189138,2354.1919594568981,0.10000000000000001
501,0,1.6041250539368546,0.050007722465439795,0.12753015740808557,-0.00046752092279702686,1004.8775445565382,2438.7722782690844,0.10000000000000001
502,0,1.6140936895686779,0.049965910961902664,0.12397606705190874,-0.000504081886096163,1005.1706514283229,2585.3257141614563,0.10000000000000001
503,0,1.62406560531224,0.050019520408324115,0.12112227318291906,0.0021703091777253137,1005.2089460880856,2604.473044042777,0.10000000000000001
504,0,1.6340092678476532,0.049992351170137922,0.11952170517132166,0.00032602135668055056,1005.4531696214259,2726.58481071295,0.10000000000000001
505,0,1.6439863105123531,0.050021081396700383,0.11810004957321493,0.0015322724812340302,1005.525050729525,2762.5253647624959,0.10000000000000001
506,0,1.6539126377969378,0.049983761801863702,0.11589275227232479,-0.0018299206276705786,1005.6699368780008,2834.9684390004199,0.10000000000000001
507,0,1.6638875423872506,0.050000150001395773,0.11211783811158627,-0.0013793500551740551,1005.7730511888712,2886.525594435625,0.10000000000000001
508,0,1.6738200361417277,0.04995037038416459,0.11146920776320915,-0.0046622944911388076,1005.9435882423703,2971.7941211851553,0.10000000000000001
509,0,1.6837861860954682,0.049994352244446073,0.10764912584029551,-0.0028384325009708513,1006.167034157403,3083.5170787015045,0.10000000000000001
510,0,1.6937449879204307,0.04994448059311675,0.10318384748477988,-0.004438251005288104,1006.0222785275164,3011.1392637581957,0.10000000000000001
511,0,1.7036951679851653,0.050030569853521466,0.10122041086875024,-0.0018038404098256312,1006.4457238135748,3222.8619067873865,0.10000000000000001
512,0,1.7136930466783815,0.049980199451824164,0.099966260951808328,-0.0018424296094139228,1006.2947263373501,3147.3631686750423,0.10000000000000001
513,0,1.7236126439813748,0.050066568700096313,0.09514078813007551,0.00067014113969584579,1006.7243336449844,3362.1668224922132,0.10000000000000001
514,0,1.7336659372700516,0.049934850713110546,0.093672077111777274,-0.00087912693116807107,1006.4180293203796,3209.01466018978,0.10000000000000001
515,0,1.7435162043390895,0.050049287617726229,0.090207028749190912,-0.0040477986503676278,1007.2355486760175,3617.7743380087577,0.10000000000000001
516,0,1.7537168801166754,0.049672480986215302,0.087893425508964201,-0.013300606163517541,1007.008865427632,3504.4327138160156,0.10000000000000001
517,0,1.763363395945537,0.049884585422794378,0.079117498519351181,-0.014942067592898388,1007.9675565269339,3983.7782634669452,0.10000000000000001
518,0,1.7736642197599697,0.048896764131354679,0.071493856611719239,-0.03675227254402369,1007.919745933994,3959.8729669970112,0.10000000000000001
519,0,1.7826982259756967,0.049986584762912782,0.055723094657436245,-0.0082866164078231261,1008.2847144389864,4142.3572194931921,0.10000000000000001
520,0,1.7938719525751674,0.048794380640023054,0.063981589624045626,-0.027153277242851645,1008.8305350690441,4415.2675345220587,0.10000000000000001
521,0,1.8022761419248059,0.049716377861860131,0.048606123925362094,-0.0081351826012375002,1009.285148950295,4642.5744751475122,0.10000000000000001
522,0,1.813776608192379,0.049599634615213169,0.045547221942585932,-0.010397940645163303,1009.7086686797451,4854.3343398725374,0.10000000000000001
523,0,1.8220248814955351,0.04981491620661422,0.03117127104464593,-0.0022992356343070025,1009.7507276833359,4875.3638416679332,0.10000000000000001
524,0,1.8334821246554907,0.049704380967146237,0.023953031490819159,-0.011698255012822812,1010.2897015076599,5144.8507538299282,0.10000000000000001
525,0,1.8417482168735351,0.049849771389380605,0.013399545131821976,-0.0013657087905105114,1011.0241600160796,5512.0800080397885,0.10000000000000001
526,0,1.8530693329279353,0.049724671492085197,0.0082829571675590366,-0.0063454670105661118,1010.9403249543909,5470.1624771954585,0.10000000000000001
527,0,1.861353427858814,0.049938448541331032,-0.017374784239551123,0.015338388738246474,1010.8509574489677,5425.4787244838662,0.10000000000000001
528,0,1.8725501117271355,0.049897995448502978,0.0043615515936468365,0.0069970276836140294,1011.6650122365473,5832.5061182736699,0.10000000000000001
529,0,1.8807991983728507,0.050372293890838117,-0.012746520804715828,0.032595331969476254,1011.7666674861546,5883.3337430772872,0.10000000000000001
530,0,1.8918717565429917,0.0506588924973514,-0.0055612739099433527,0.028408482467476417,1011.0740055893981,5537.0027946990485,0.10000000000000001
531,0,1.9002958701650243,0.050902384551518735,0.014682578155706156,0.0026777771510915161,1011.9344596051006,5967.2298025503205,0.10000000000000001
532,0,1.9112756955519508,0.0515944985884551,-0.048305111753081671,0.010611466332595642,1010.266693584882,5133.3467924409888,0.10000000000000001
533,0,1.9195404447826359,0.051195525351644053,-0.042206057274385173,0.03465643869954009,1011.9319596863797,5965.9798431898707,0.10000000000000001
534,0,1.9307439970488041,0.050735087539532354,0.026870931962759765,0.026327397763167441,1009.9096930908986,4954.8465454492998,0.10000000000000001
535,0,1.9383032188343785,0.050215856126240417,-0.037265124667950095,0.011178218181076041,1006.7951630135946,3397.5815067972803,0.10000000000000001
536,0,1.9539423656041461,0.044603890738430997,0.088939668809659936,-0.0083625345973618072,1011.7072826861912,5853.6413430956036,0.10000000000000001
537,0,1.9531039603048965,0.04402155238023258,0.075555243772782152,-0.031957339608452727,1011.1559411233812,5577.9705616906194,0.10000000000000001
538,0,1.9889951144772704,0.034777139224266881,0.00073924808944201593,0.29759939902745464,1024.6192790388034,12309.639519401684,0.10000000000000001
539,0,1.99073242829321,0.024187040198052703,0.70218302409723943,0.14629534871533351,1030.6953370985682,15347.668549284095,0.10000000000000001
540,0,1.9999967999999999,0.026651353387664164,0,-0.29450541719260376,991.03175232323963,-4484.1238383801847,0.10000000000000001
541,0,1.9999967999999999,0.035648208856708899,0,0.0012083239414462231,1008.8299656698219,4414.9828349109721,0.10000000000000001
542,0,1.9999967999999999,0.035880247831923243,0,0.0071738462663928585,1008.4038352071569,4201.9176035784658,0.10000000000000001
543,0,0.21995679946822058,0.062904137946518945,0.25154861561191932,0.0044222875268258742,1000.0599286235006,29.964311750291017,0.10000000000000001
544,0,0.22043812683966513,0.063401374650579947,0.25167947993220963,0.0042126008906723513,1000.0753825890786,37.691294539285991,0.10000000000000001
545,0,0.23202282618559625,0.063382614587524283,0.2554955277056396,0.0029160507974778233,999.86791961191273,-66.040194043637257,0.10000000000000001
546,0,0.24624201731506171,0.058192851933449113,0.24913980045844589,0.0061724477952175031,999.92853560297192,-35.732198514040192,0.10000000000000001
547,0,0.24682621006485278,0.058647193565063829,0.24984272646250794,0.0038220939753497935,999.99342895918903,-3.2855204054840215,0.10000000000000001
548,0,0.26986571845919,0.058894332765555946,0.24284428134650429,0.00045574854246580932,1000.2941365606837,147.06828034184127,0.10000000000000001
549,0,0.26982443628403002,0.05869929216644492,0.24244932826960339,0.0001045098761280572,1000.2960539990437,148.02699952184639,0.10000000000000001
550,0,0.28641855684648487,0.060822084052563917,0.24499927231852353,0.00048243791993738761,999.90686000968071,-46.56999515964344,0.10000000000000001
551,0,0.29622558624757628,0.061253522860612024,0.24787148054496222,-0.0001775452351266392,999.96682039836855,-16.589800815722811,0.10000000000000001
552,0,0.30734139352257334,0.061365409473909713,0.24416230801477795,0.0011901812442464998,1000.31164347333,155.82173666501831,0.10000000000000001
553,0,0.31704125883962131,0.061192201733618189,0.25064948652781738,0.0010395094670055869,1000.1470954695938,73.547734796875375,0.10000000000000001
554,0,0.32772003911415809,0.060889674941440514,0.24410145553809245,0.002887690280158109,1000.2458533739421,122.92668697102727,0.10000000000000001
555,0,0.33729938501644396,0.060918732964231968,0.25085760349505959,0.0013848192786255255,1000.2694720005887,134.73600029436739,0.10000000000000001
556,0,0.34788520891702907,0.060529572192199219,0.24667145825045678,0.0014639115986658537,1000.0690894481033,34.544724051670528,0.10000000000000001
557,0,0.35739554513144384,0.060530937966745219,0.24989740069213637,0.0010977727029156013,1000.3735984768811,186.79923844052837,0.10000000000000001
558,0,0.36790859242130836,0.060340189858263969,0.24931442036193155,0.00048217217871591279,999.97364645012783,-13.176774936084712,0.10000000000000001
559,0,0.3774418018695514,0.060336775890605696,0.24963959858602097,0.00064264664395984722,1000.3387860733909,169.39303669545325,0.10000000000000001
560,0,0.38792552296010208,0.060175746402049174,0.25097837136239376,0.00018169393289626579,999.91871953909776,-40.640230451117532,0.10000000000000001
561,0,0.39747380858635034,0.060217515967645935,0.2497904195115267,0.0004781127366592245,1000.3104400701429,155.22003507146565,0.10000000000000001
562,0,0.40792500075378996,0.060108079427366394,0.25186432328746894,4.2724147172259317e-05,999.88183104707991,-59.084476460043334,0.10000000000000001
563,0,0.4175592479990255,0.060129268819475647,0.25038616217298726,0.00023533409221834217,1000.2715605680181,135.78028400905851,0.10000000000000001
564,0,0.42791309337598971,0.06009430199627349,0.2519486645362124,3.8444225574925873e-06,999.8765422831558,-61.728858422100075,0.10000000000000001
565,0,0.43765666859123925,0.060092075004211223,0.25079781220362785,-6.1820936780871124e-05,1000.2170531306303,108.52656531517368,0.10000000000000001
566,0,0.44790874423250393,0.060078205813199149,0.25149753663781016,-4.9016280658741168e-05,999.89698975938404,-51.505120307979269,0.10000000000000001
567,0,0.45773581080676429,0.060090696833586005,0.25053999099068958,-0.0002429347973814699,1000.1786522711486,89.326135574310683,0.10000000000000001
568,0,0.46792492654386075,0.060064871952425658,0.25062635894613189,-0.0002113573598367257,999.93820677337737,-30.896613311313104,0.10000000000000001
569,0,0.47780931315936231,0.060095718105479728,0.24971189852671552,-0.00039736395675595357,1000.16385608778,81.9280438900023,0.10000000000000001
570,0,0.48795391568028473,0.060048291830680313,0.24928141462963679,-0.00040831113378577517,1000.0042477445118,2.1238722558791778,0.10000000000000001
571,0,0.49787579284794464,0.060086876370284155,0.24854446869520799,-0.00053977962176934553,1000.1616714595782,80.835729789100697,0.10000000000000001
572,0,0.50798911264348423,0.060030023342174228,0.24764907596896849,-0.00056473289269580733,1000.0712586404946,35.629320247323903,0.10000000000000001
573,0,0.5179336062685943,0.060065167383009876,0.24705463968286906,-0.00061600486785588836,1000.1787111949189,89.355597459473302,0.10000000000000001
574,0,0.52802816441769962,0.060021705719674801,0.24595063820472873,-0.00063226118481721325,1000.127418231009,63.709115504479996,0.10000000000000001
575,0,0.53798644902475679,0.060043412595292806,0.24541984140439158,-0.00062359683850339478,1000.2089202271915,104.46011359573504,0.10000000000000001
576,0,0.54807108418510275,0.060023343494174694,0.2442920604119867,-0.00061200512897504331,1000.173532684105,86.766342052499112,0.10000000000000001
577,0,0.55803947706327062,0.060030107105188982,0.24381815681784308,-0.00058161071871754705,1000.2429983199113,121.49915995564697,0.10000000000000001
578,0,0.56811630164548488,0.060027462845842205,0.24276467251452827,-0.00054474622002552593,1000.209737209438,104.86860471900172,0.10000000000000001
579,0,0.578094003839278,0.060023862155595152,0.24231054487073633,-0.00052639397113934602,1000.2749874303867,137.49371519332954,0.10000000000000001
580,0,0.58816206671880766,0.060029364489837922,0.24137648181408858,-0.00047399223848437939,1000.2389733901775,119.48669508876719,0.10000000000000001
581,0,0.59814936105495597,0.060022159957093049,0.24086042200785671,-0.00048796502106431173,1000.3040284857219,152.01424286095744,0.10000000000000001
582,0,0.60820796970931734,0.060027851972286266,0.24002608760308122,-0.00044672625991388511,1000.2677927009408,133.89635047042248,0.10000000000000001
583,0,0.61820458072485951,0.060023688239439696,0.23938274743338697,-0.00049225655077839766,1000.3325916700477,166.29583502384548,0.10000000000000001
584,0,0.62825474761009237,0.060024229097147525,0.23852923104454146,-0.00048917124890812116,1000.3041751959905,152.08759799526206,0.10000000000000001
585,0,0.63825828404161244,0.060025574710348036,0.2377437088490334,-0.00055521724864994329,1000.3670999686801,183.5499843400612,0.10000000000000001
586,0,0.64830254482031213,0.060021389973129183,0.23675264701317023,-0.00059593679970640833,1000.3523976560748,176.19882803739984,0.10000000000000001
587,0,0.65830999697016213,0.060026124991765913,0.23579677572425695,-0.00067228935733235117,1000.4150448015623,207.52240078115847,0.10000000000000001
588,0,0.66835048339679637,0.060020125164961413,0.23463258382762969,-0.00073539482502449685,1000.414423656027,207.21182801349869,0.10000000000000001
589,0,0.67835954057296632,0.060026066197111268,0.23350005151879058,-0.00080877810436998077,1000.4790091437477,239.50457187385155,0.10000000000000001
590,0,0.68839773312428865,0.060019662221925757,0.23218814140742616,-0.00086527563998739997,1000.4900886167394,245.04430836969959,0.10000000000000001
591,0,0.69840681301007357,0.060025957615835235,0.23092634073542773,-0.00091773932550533155,1000.5565557198535,278.27785992673171,0.10000000000000001
592,0,0.70844345680157095,0.060019683353196733,0.22954985012606469,-0.00094244506187285654,1000.5756009649042,287.80048245209855,0.10000000000000001
593,0,0.71845211835484923,0.060025726945300492,0.22824469642441433,-0.00095955071783645368,1000.6412366969687,320.61834848434501,0.10000000000000001
594,0,0.72848699617652768,0.060020124911366775,0.22691043937092994,-0.00094109037751734671,1000.6644282508539,332.21412542695816,0.10000000000000001
595,0,0.73849575646642196,0.060025477964721526,0.22567412483947677,-0.00091571719023169241,1000.7249700741712,362.4850370856052,0.10000000000000001
596,0,0.74852834070748142,0.060020911186531703,0.22447566471307284,-0.00085937478070610587,1000.7484387683946,374.21938419731759,0.10000000000000001
597,0,0.75853773522106116,0.060025276014513122,0.2234060775590111,-0.00079703640152084174,1000.8005430032409,400.2715016204661,0.10000000000000001
598,0,0.76856789840776996,0.060021899929029364,0.22240613721356001,-0.00071844173954297211,1000.8208722491756,410.43612458781809,0.10000000000000001
599,0,0.77857816437306815,0.060025325674398486,0.22155300272562706,-0.00063784936905749215,1000.8630823614679,431.54118073397285,0.10000000000000001
600,0,0.78860618252353065,0.060023005952714877,0.22077342150649298,-0.00055648546132507353,1000.8783681823643,439.18409118214186,0.10000000000000001
601,0,0.79861737563437329,0.060025758262359077,0.22013007193261547,-0.00048120653710570841,1000.9110869898761,455.54349493806967,0.10000000000000001
602,0,0.80864354537756544,0.060024176970017093,0.21954840898806904,-0.00041563889513499588,1000.9213935667634,460.69678338170661,0.10000000000000001
603,0,0.81865566133848944,0.060026360689346664,0.2190667923077067,-0.00036396458921275561,1000.9465056873445,473.25284367224185,0.10000000000000001
604,0,0.82868016972043435,0.060025177132682628,0.21862561588838492,-0.00032773160886105499,1000.9535297227881,476.76486139403096,0.10000000000000001
605,0,0.83869312575655397,0.060026822993931958,0.2182413782066954,-0.00030695048617800834,1000.9736338180519,486.8169090259471,0.10000000000000001
606,0,0.84871618437360885,0.060025911113228782,0.21787094889214778,-0.00030314035752605317,1000.9797821306868,489.89106534338589,0.10000000000000001
607,0,0.85872982420377031,0.060027230770315992,0.21752234569555984,-0.00030993831035607672,1000.9976238673876,498.81193369378707,0.10000000000000001
608,0,0.86875166284231597,0.060026440374851657,0.21716699369101838,-0.00033043963604027462,1001.0049331070968,502.46655354840186,0.10000000000000001
609,0,0.87876584033705485,0.060027731751011087,0.21681158665827227,-0.00035264936825966101,1001.0225920886375,511.29604431872622,0.10000000000000001
610,0,0.8887866538439767,0.060026976119486791,0.21644388460725125,-0.00038230705232084142,1001.0321506812895,516.07534064476113,0.10000000000000001
611,0,0.89880115320668674,0.060028144800475948,0.21607057601710958,-0.00040364200242699037,1001.0504590764823,525.22953824114893,0.10000000000000001
612,0,0.90882095755617398,0.06002729602511131,0.2156955465855013,-0.00042509698908350978,1001.0620870086946,531.04350434728076,0.10000000000000001
613,0,0.91883560410872112,0.06002817515351723,0.21532707601961065,-0.00043088342209783397,1001.0804910299703,540.24551498514484,0.10000000000000001
614,0,0.92885442229749937,0.060027250236155363,0.21498064205163017,-0.00042939793019389883,1001.0927870688469,546.39353442343008,0.10000000000000001
615,0,0.93886908525407609,0.060027810731982309,0.21466509122285449,-0.00040983229352528454,1001.1095867250939,554.79336254694545,0.10000000000000001
616,0,0.94888700319747721,0.060026893326133972,0.21440188986336239,-0.00037870328911788912,1001.1203583792879,560.17918964397495,0.10000000000000001
617,0,0.95890162471362883,0.06002716820817533,0.21419718963323367,-0.00033249105597424051,1001.1333459194026,566.67295970129317,0.10000000000000001
618,0,0.96891880165359623,0.060026299160127021,0.21406743109621718,-0.00027504262648302526,1001.1404565178312,570.22825891561979,0.10000000000000001
619,0,0.97893343725082627,0.060026247049115931,0.21401469989459335,-0.00021252168491384403,1001.1480528815002,574.02644075011722,0.10000000000000001
620,0,0.98895006811622455,0.060025478298474752,0.21403692858282916,-0.00014464949053555641,1001.1505211523489,575.26057617445758,0.10000000000000001
621,0,0.99896484061901247,0.060025044270567637,0.2141278897321067,-8.6908376762189876e-05,1001.1530956493243,576.54782466215693,0.10000000000000001
622,0,1.008981022712397,0.060024274068961464,0.21426057462818829,-3.5391917437415101e-05,1001.1523517688215,576.17588441075895,0.10000000000000001
623,0,1.0189959202356387,0.060023380430246402,0.21441386159031142,-1.0051094510476498e-05,1001.1531192924408,576.55964622040301,0.10000000000000001
624,0,1.0290115531119706,0.060022394574263935,0.21453619589623532,-6.9228134103044687e-06,1001.1536456288723,576.82281443612737,0.10000000000000001
625,0,1.0390263592428284,0.060021081048417149,0.21459134525603377,-3.9695937742465187e-05,1001.1589845353215,579.4922676607257,0.10000000000000001
626,0,1.0490412196456005,0.060019597340574361,0.21451331797755341,-0.00011137804350752015,1001.1682210645247,584.11053226234344,0.10000000000000001
627,0,1.0590556498291681,0.060018087861450554,0.2142491107710813,-0.00021646772384266137,1001.1866814395636,593.34071978179281,0.10000000000000001
628,0,1.0690695816890869,0.06001610548816539,0.2137471259136543,-0.0003731554583232394,1001.2136849142753,606.8424571376454,0.10000000000000001
629,0,1.0790832703767161,0.06001483529206602,0.212947136480059,-0.00054424366983112104,1001.2543669638735,627.18348193675411,0.10000000000000001
630,0,1.0890959770701565,0.060012412124537257,0.21182662123125706,-0.00076975158133032334,1001.3067565036949,653.37825184747089,0.10000000000000001
631,0,1.09910811626345,0.060011263104972561,0.21034486859319332,-0.00097898994127936716,1001.3756252157501,687.81260787505971,0.10000000000000001
632,0,1.1091190029691411,0.060008177146333268,0.20854520900873752,-0.0012293294184760528,1001.4572219308209,728.61096541043935,0.10000000000000001
633,0,1.1191284397018717,0.060006535474096373,0.20639398593472527,-0.0014257340002516838,1001.5535693186923,776.7846593461627,0.10000000000000001
634,0,1.1291369692194779,0.060002859931441048,0.20401630822375924,-0.0016352265109514463,1001.6598500238129,829.92501190642542,0.10000000000000001
635,0,1.1391428053876884,0.06000025095936521,0.20143531765285475,-0.0017605771915906593,1001.7760369100781,888.01845503905952,0.10000000000000001
636,0,1.1491487425042968,0.059996584868405783,0.19879051596085695,-0.0018536665004179578,1001.8947598728439,947.37993642195306,0.10000000000000001
637,0,1.1591506704709065,0.059993011223769099,0.19614592133393915,-0.0018604673419883703,1002.0140010264507,1007.0005132253641,0.10000000000000001
638,0,1.1691542029663613,0.059990204503715241,0.19368156759451691,-0.0017846921843408699,1002.12870101035,1064.350505175014,0.10000000000000001
639,0,1.1791526741520246,0.059986164435111212,0.19144810773663787,-0.0016601213705039156,1002.2333333158658,1116.6666579329103,0.10000000000000001
640,0,1.1891540015109128,0.059984422266158688,0.18953336055774153,-0.0014131827411311866,1002.3246355115639,1162.3177557819417,0.10000000000000001
641,0,1.1991502234003706,0.05998044145774787,0.18806804403757357,-0.0011961340835348036,1002.4004850398051,1200.2425199025311,0.10000000000000001
642,0,1.2091493985560664,0.059979012762693573,0.18698959579682675,-0.00083691715055081743,1002.4597179140086,1229.8589570042964,0.10000000000000001
643,0,1.2191449752033872,0.059975811402485202,0.18635472279359219,-0.00061384505306071708,1002.4988885653205,1249.4442826602494,0.10000000000000001
644,0,1.2291420057701743,0.059973839509048721,0.18604365851659121,-0.00025556091085100649,1002.5267195051532,1263.3597525766049,0.10000000000000001
645,0,1.2391385758652775,0.059972158108790502,0.18609296906935921,-0.00011526782861570329,1002.5392484144143,1269.62420720713,0.10000000000000001
646,0,1.2491331366125036,0.059969231396096792,0.18616821808857656,0.00010256746248739942,1002.5485245982604,1274.2622991302142,0.10000000000000001
647,0,1.2591316208401249,0.05996911109246586,0.18632528174034271,7.7404923478173685e-05,1002.5509714674323,1275.4857337161525,0.10000000000000001
648,0,1.2691236993349817,0.059965926202773058,0.18625488756113226,6.4934937862166033e-05,1002.5698989774543,1284.9494887271362,0.10000000000000001
649,0,1.2791237175227632,0.059966251279452952,0.18586771544109632,-0.0001620689404143022,1002.5897494579663,1294.8747289831317,0.10000000000000001
650,0,1.2891135049732525,0.059964517382681756,0.18489655841211827,-0.00046030159799860922,1002.6422418379425,1321.1209189712463,0.10000000000000001
651,0,1.299113393594084,0.059963101904983919,0.18335078997024509,-0.00084763494680262924,1002.708065634235,1354.0328171175133,0.10000000000000001
652,0,1.3091011949995688,0.059964787778006567,0.1810705016646188,-0.0013599404801152288,1002.8179078625237,1408.9539312618626,0.10000000000000001
653,0,1.3190979646637724,0.059959485965603278,0.17799945129068817,-0.0018344429406292795,1002.9433561703654,1471.6780851827025,0.10000000000000001
654,0,1.3290841130995137,0.059965574118362841,0.17429563157452591,-0.0024214936890212323,1003.1101285907539,1555.0642953769511,0.10000000000000001
655,0,1.339074719970492,0.059955942442783426,0.17001942859078081,-0.0027856153500846656,1003.2940987967671,1647.0493983835581,0.10000000000000001
656,0,1.3490592770194731,0.059965183111066307,0.16549951323823184,-0.0032146609836020659,1003.4942989393679,1747.1494696839613,0.10000000000000001
657,0,1.3590418286109294,0.059953904822756393,0.16084418260821043,-0.0032960988148418818,1003.7002916660502,1850.1458330251239,0.10000000000000001
658,0,1.3690250604320386,0.059962573531066751,0.15668454188462047,-0.0033354104130117099,1003.8854463841703,1942.7231920851682,0.10000000000000001
659,0,1.3790000309641108,0.059955570206167735,0.15312493588974085,-0.0028916671956945774,1004.0600949310052,2030.0474655026051,0.10000000000000001
660,0,1.3889825041413244,0.059958225794878653,0.15080565184566824,-0.0024300159396127541,1004.1693145775182,2084.6572887591037,0.10000000000000001
661,0,1.3989530081811399,0.059962504274346032,0.14971894779841513,-0.0014220956368195873,1004.2457436332111,2122.8718166055387,0.10000000000000001
662,0,1.408936316981199,0.059953981698177582,0.15051582060657134,-0.00054393691765003307,1004.2324765639154,2116.2382819576919,0.10000000000000001
663,0,1.4189072100894768,0.05997418013991624,0.15288999861121957,0.00091113024108485045,1004.1677302549697,2083.8651274848417,0.10000000000000001
664,0,1.4288933938028472,0.059952145244687685,0.15714999727210655,0.0018620601060578166,1004.011824890871,2005.9124454355128,0.10000000000000001
665,0,1.4388695854199558,0.059986848095593862,0.162815025194017,0.0033752077384879113,1003.8028219577758,1901.4109788878955,0.10000000000000001
666,0,1.448860329015996,0.059954275711595756,0.16983282145345693,0.0039283844856487877,1003.5386990692658,1769.3495346329087,0.10000000000000001
667,0,1.4588445976304303,0.059995123042433728,0.17734930512981953,0.0050145957184146023,1003.2384122324894,1619.2061162446976,0.10000000000000001
668,0,1.4688404286894117,0.059961633888755597,0.18498828593305525,0.004778488984848386,1002.9381437887135,1469.0718943567731,0.10000000000000001
669,0,1.4788332085678364,0.059995624677277988,0.19183175642838346,0.0049774215771188624,1002.6542219315577,1327.1109657788429,0.10000000000000001
670,0,1.4888337396413771,0.059974950364837631,0.19748342553350137,0.0038053872721880025,1002.4286923547944,1214.3461773972035,0.10000000000000001
671,0,1.4988326256959601,0.059990400264164113,0.2008480914705702,0.0029510043318242934,1002.2806478805043,1140.3239402521308,0.10000000000000001
672,0,1.5088367449230431,0.059993153517189902,0.20197666718254803,0.0010231679664774072,1002.216401855023,1108.2009275115183,0.10000000000000001
673,0,1.5188371698719305,0.05998552484645818,0.2002291007438709,-0.00055600619501458581,1002.2969322097272,1148.4661048635871,0.10000000000000001
674,0,1.5288411605977641,0.060009608220888494,0.19619587930528706,-0.0026177283228404876,1002.433865374982,1216.9326874910098,0.10000000000000001
675,0,1.5388365552646288,0.059983083465905432,0.18954166948450962,-0.0041760821715628544,1002.7373288359431,1368.6644179715586,0.10000000000000001
676,0,1.5488339123272574,0.060011027844762581,0.18171915162401175,-0.0057077898479709179,1003.025766734212,1512.8833671059851,0.10000000000000001
677,0,1.5588181547953404,0.059979321577131435,0.17233504581751746,-0.0062562115253367466,1003.4609891546186,1730.4945773092868,0.10000000000000001
678,0,1.5688043885087846,0.059987802438601363,0.16369909160737375,-0.0068283350061282598,1003.8008081108666,1900.4040554332846,0.10000000000000001
679,0,1.5787748031853526,0.059976876418020526,0.1547587699236507,-0.0059197978858548305,1004.2475356305659,2123.7678152829744,0.10000000000000001
680,0,1.5887534240781154,0.059950556560630398,0.14777466960604274,-0.0056863295409722006,1004.5216484376082,2260.824218804089,0.10000000000000001
681,0,1.5987119913300234,0.059986358919799851,0.14100805667400462,-0.0035459350358232203,1004.8764295969006,2438.2147984503035,0.10000000000000001
682,0,1.6086939416545052,0.059926026632417549,0.13724768848880931,-0.0035717980080086755,1005.0652056770828,2532.6028385413792,0.10000000000000001
683,0,1.6186401364590532,0.060010937345756535,0.13281826686997991,-0.00081305310961744587,1005.3060287956531,2653.0143978265528,0.10000000000000001
684,0,1.6286347366441125,0.05992478219039668,0.13080506705894002,-0.0017773447644304661,1005.3991279265139,2699.563963256935,0.10000000000000001
685,0,1.6385600869922865,0.060026792617637867,0.12789147883032473,0.00085413744634467469,1005.5976440525712,2798.8220262856203,0.10000000000000001
686,0,1.6485711806041441,0.059922702173431749,0.12694202611388378,-0.001625561708515202,1005.6674431375905,2833.7215687952266,0.10000000000000001
687,0,1.6584597696999031,0.060010326066435665,0.12254996548414555,0.0005667776577424668,1005.7875736659039,2893.7868329519461,0.10000000000000001
688,0,1.668495349929161,0.059905841236191019,0.12165839342957886,-0.0017726484682264792,1005.8765077425353,2938.2538712676478,0.10000000000000001
689,0,1.6783513396050123,0.059983998611516785,0.11903822675538304,0.00031122656422691758,1006.1300437195192,3065.0218597596108,0.10000000000000001
690,0,1.6884058600779841,0.059896948185257905,0.11587936776459072,-0.0025912891012005081,1006.0350284118905,3017.5142059452469,0.10000000000000001
691,0,1.698253167407344,0.059997557877572015,0.11150034615580931,0.0001912116457134009,1006.3650755759618,3182.5377879808912,0.10000000000000001
692,0,1.7083489739687383,0.059918939624563489,0.11234162176627502,-0.0011816391257397274,1006.4095690332927,3204.7845166463276,0.10000000000000001
693,0,1.7181557897836155,0.060033801076423428,0.10575924812114426,-0.00043472669973049059,1006.7875584000767,3393.7792000383524,0.10000000000000001
694,0,1.7283278376690703,0.059907091392391858,0.10536968149932339,-0.0034953488633388224,1006.6996806778873,3349.8403389436362,0.10000000000000001
695,0,1.7380527906181045,0.060049060521270042,0.096683477730730744,-0.00073669138278391539,1007.2910055006239,3645.5027503119481,0.10000000000000001
696,0,1.74833171249075,0.059890086803444167,0.098079589880330539,-0.0027319646461896009,1007.316916378203,3658.4581891015091,0.10000000000000001
697,0,1.7578503122943931,0.06010166580187775,0.086128984305124209,-0.0027442586122224059,1007.7692725014466,3884.6362507233039,0.10000000000000001
698,0,1.7682024819786972,0.060041032767087804,0.082968365986694645,-0.0018979621963321606,1007.8623980023184,3931.1990011592002,0.10000000000000001
699,0,1.7777311157464832,0.059904663093284898,0.076260831377583868,-0.017705014424921846,1008.4972490054266,4248.6245027133118,0.10000000000000001
700,0,1.7878772162443866,0.060308300345813567,0.060849500472931292,-0.0038141596322955819,1007.8577929948755,3928.8964974377336,0.10000000000000001
701,0,1.7976115779012483,0.059820760961550146,0.060974647044812855,-0.015315424632807498,1009.1179809289306,4558.9904644652961,0.10000000000000001
702,0,1.8074616855430232,0.060452277619735546,0.05022755031254951,-0.0025318032622162418,1008.610182448315,4305.0912241574788,0.10000000000000001
703,0,1.8174384053702535,0.059918712682639742,0.036800980211336522,-0.014912857821106396,1009.616573700665,4808.2868503324789,0.10000000000000001
704,0,1.8271615676991446,0.060540156030087888,0.036505147192010472,0.0029472709024720438,1009.4879316988826,4743.9658494412815,0.10000000000000001
705,0,1.8373173044867834,0.060056380617148096,0.016528675076256275,-0.0019791045753833202,1010.4365300351641,5218.2650175820418,0.10000000000000001
706,0,1.8469050634458939,0.060679851898927738,0.01543781507821043,0.0098410321154229589,1010.4069229691748,5203.4614845874221,0.10000000000000001
707,0,1.857068797659136,0.060254119549637594,0.00018615249838412453,-0.0021581378765245076,1010.880657690964,5440.3288454819858,0.10000000000000001
708,0,1.8665985861518508,0.06093258584942942,-0.0032173928626482895,0.026634099719482503,1010.8726293580121,5436.3146790060455,0.10000000000000001
709,0,1.8768015573831953,0.060664785999675744,0.011701399316446428,0.023051270779255104,1011.8722005186481,5936.1002593240646,0.10000000000000001
710,0,1.8862127940106845,0.061446890328343891,-0.0064771139494825703,0.049680724854094784,1009.3547381467924,4677.3690733962212,0.10000000000000001
711,0,1.8967010261276389,0.06148369924274024,-0.0044798817946866782,0.034358485502865591,1011.3661109279527,5683.0554639763595,0.10000000000000001
712,0,1.9062279727364988,0.062507217542459512,0.054134642771424248,0.04405573696766614,1012.0952547863208,6047.6273931603828,0.10000000000000001
713,0,1.916582493440284,0.061838827199652273,-0.033974241772603324,0.029862710219561453,1009.0508166123908,4525.4083061954025,0.10000000000000001
714,0,1.9266489866074532,0.062942822739519164,0.069606534990391253,-0.034397756126363963,1009.739166658606,4869.5833293029973,0.10000000000000001
715,0,1.9386563887882287,0.059319658872287011,-0.034559485208717239,-0.025927255028602336,1010.8333387702598,5416.6693851299215,0.10000000000000001
716,0,1.9490849363919733,0.058498562868948875,0.12530290392655266,-0.043956496682977186,1008.8972655636609,4448.6327818304399,0.10000000000000001
717,0,1.9680646653429843,0.045700421726835513,0.17561106117538797,-0.18607485525700213,1012.2683643014502,6134.1821507251098,0.10000000000000001
718,0,1.9684544013916658,0.045869759093539131,0.17197972710615539,-0.18606135557097311,1010.8340523934646,5417.0261967323086,0.10000000000000001
719,0,1.9854340771184014,0.045636021213069637,-0.018432020009934495,-0.057107135871212883,1016.3873312902349,8193.6656451174495,0.10000000000000001
720,0,1.9858034793679002,0.04494098139598026,0.0035625015314644983,-0.062682660368992962,1016.5823631090193,8291.1815545096488,0.10000000000000001
721,0,1.9999967999999999,0.047809748063887485,0,0.040716080351712779,993.07097332570902,-3464.5133371454904,0.10000000000000001
722,0,1.9999967999999999,0.058250638845966117,0,-0.036327833076596934,1012.7332438981646,6366.6219490822868,0.10000000000000001
723,0,1.9999967999999999,0.057467650663080412,0,-0.046727443115121323,1012.6318784134422,6315.939206721112,0.10000000000000001
724,0,0.22382134558446257,0.070872342649224193,0.25444046824756505,0.00034960273149498174,1000.1594391853941,79.719592697074404,0.10000000000000001
725,0,0.22455474425201594,0.073788364162351655,0.25636011767959921,0.0004029694313673445,1000.1620490119018,81.024505950892944,0.10000000000000001
726,0,0.23874982333211853,0.067802970033127269,0.25551085955417735,0.0039596814555763046,1000.1545504359914,77.275217995691037,0.10000000000000001
727,0,0.25129677867666145,0.063262830737366937,0.25744625996132214,-0.0064432999110563835,1000.2799721821609,139.98609108045912,0.10000000000000001
728,0,0.25152761186372302,0.063650853970076221,0.25818511889976287,-0.0062495990459191016,1000.2940864614268,147.04323071339331,0.10000000000000001
729,0,0.27410614579216197,0.06886073964030906,0.2541770498891377,0.0017227449621157256,1000.0088450268631,4.422513431563857,0.10000000000000001
730,0,0.27426619367817501,0.069264057436970936,0.25400960330747718,0.0014346033212647106,1000.0110703923576,5.5351961788119297,0.10000000000000001
731,0,0.28924752663563208,0.070041878713236,0.25577859878651882,-0.0025040686850757261,1000.5641943837068,282.09719185338145,0.10000000000000001
732,0,0.29817996951463444,0.070818908052664678,0.25297236175478388,0.00075793528249134558,1000.05555166668,27.775833340001554,0.10000000000000001
733,0,0.30944988429036674,0.070900361566301418,0.25191304805876241,0.0024914116871940211,1000.4589718194171,229.48590970855776,0.10000000000000001
734,0,0.31940948806374464,0.070975131523329127,0.25629986864627563,0.0026446326508665747,999.95648332952169,-21.758335239155713,0.10000000000000001
735,0,0.33015302703860344,0.070724149403666794,0.25168873499345223,0.0027268564613516168,1000.3333573284798,166.67866423989608,0.10000000000000001
736,0,0.33998996158390105,0.070611379318799072,0.25777133227226928,0.0022608440749204298,1000.1078453070631,53.922653531571996,0.10000000000000001
737,0,0.35058181558041518,0.07056437815021771,0.25396610864594699,0.0018324326126392852,1000.2225841918063,111.29209590313849,0.10000000000000001
738,0,0.36031278749461293,0.070371816938465309,0.25804582998417497,0.001184798708351655,1000.1588795617985,79.439780899235757,0.10000000000000001
739,0,0.37083196480900138,0.070327327056873626,0.25615376776815346,0.00082183782159452815,1000.1339412542477,66.970627123851045,0.10000000000000001
740,0,0.38051561515888521,0.070230380309776338,0.25804336094986202,0.00046465646927683596,1000.2321319080879,116.06595404396103,0.10000000000000001
741,0,0.39099075169612163,0.070207203124980924,0.25815202166229451,3.151908690356092e-06,1000.0167233647483,8.3616823741294866,0.10000000000000001
742,0,0.40066749542214064,0.070128206497841669,0.25814960119988756,0.00022831699639187309,1000.2493402633548,124.67013167741925,0.10000000000000001
743,0,0.41106501692548292,0.070135928740385226,0.25921326174881643,-0.00027130961412569833,999.96825136714949,-15.874316425254165,0.10000000000000001
744,0,0.42079676944605415,0.070071870865940356,0.25861902822085936,2.5218483180365674e-05,1000.2008367764007,100.41838820035309,0.10000000000000001
745,0,0.43113009587086509,0.070107273604118739,0.25927974461525066,-0.00035674232045616199,999.97777639217531,-11.111803912342566,0.10000000000000001
746,0,0.44089782862792226,0.070055829525663194,0.25889549977754778,-0.00025433294490361181,1000.1532932855091,76.646642754553795,0.10000000000000001
747,0,0.45119026359485659,0.070085879965364514,0.25883405940512932,-0.00048409865513260591,999.99146550438923,-4.2672478053873419,0.10000000000000001
748,0,0.46098948357794245,0.070051008649670246,0.25843719749471844,-0.00046039853753398493,1000.1331745636403,66.587281820147837,0.10000000000000001
749,0,0.47124393089046046,0.070070233235821802,0.258039820633716,-0.00056153695340568942,1000.016586819181,8.2934095905216054,0.10000000000000001
750,0,0.48108321721631969,0.070050291377632953,0.25739121019365152,-0.00051219043644913393,1000.1298216200148,64.910810007404507,0.10000000000000001
751,0,0.4912969449069996,0.070054978416352179,0.25683454027055613,-0.00052772926085635637,1000.059588280575,29.79414028749261,0.10000000000000001
752,0,0.50117287683630851,0.070041619281403886,0.25601969959932813,-0.00050085345657896886,1000.1481383116851,74.069155842551027,0.10000000000000001
753,0,0.51134817831845647,0.070037510325958924,0.25532413597946235,-0.00051726381742581401,1000.1111667336849,55.58336684242704,0.10000000000000001
754,0,0.52125189168201991,0.070029302301820417,0.25447274474714576,-0.00048499303082817668,1000.1804059937226,90.202996861307838,0.10000000000000001
755,0,0.5313970191573667,0.070025143845563909,0.25368162721382259,-0.00051772297096848538,1000.1626400241852,81.320012092589877,0.10000000000000001
756,0,0.54132157013490811,0.070018406660487947,0.2528866917787293,-0.00046850424314882243,1000.2152210379185,107.61051895923401,0.10000000000000001
757,0,0.55144536313435899,0.070019778150788012,0.25205194867163594,-0.00048759702454694351,1000.2073632677801,103.68163389006213,0.10000000000000001
758,0,0.56138792771195722,0.070012860052077075,0.25136786248957799,-0.00042935440729551227,1000.2477582331887,123.87911659436668,0.10000000000000001
759,0,0.57149550838857022,0.070017763799185617,0.2505255533224256,-0.00043899678701757761,1000.2424676589103,121.23382945515004,0.10000000000000001
760,0,0.58145195748495671,0.070010884409008614,0.24994512953724582,-0.00038000565468783757,1000.2775888894492,138.7944447246241,0.10000000000000001
761,0,0.59154750966256886,0.070016816588712255,0.24911090135636912,-0.00040201559550604631,1000.2700303422066,135.01517110330497,0.10000000000000001
762,0,0.60151449736630169,0.070010463154532118,0.24854185708261892,-0.00035272281022059832,1000.3066778211527,153.33891057633764,0.10000000000000001
763,0,0.61159990868010439,0.07001595374541715,0.24773224577485708,-0.00039989336083587557,1000.2967986623754,148.39933118770432,0.10000000000000001
764,0,0.6215764121558699,0.070011021053594136,0.24704441800861673,-0.00037276927337924574,1000.338183184789,169.09159239452265,0.10000000000000001
765,0,0.63165211195639515,0.070014993519912402,0.24621966146085866,-0.00043883540529115258,1000.3317847781333,165.8923890666415,0.10000000000000001
766,0,0.64163747880413691,0.070011906443430402,0.24535201441229634,-0.00043540857612283713,1000.3766983028158,188.34915140791963,0.10000000000000001
767,0,0.65170412737779515,0.070014039458459923,0.24441863459595609,-0.00051313853301562546,1000.380600983736,190.30049186801534,0.10000000000000001
768,0,0.66169668603885046,0.070012937779701745,0.24337243209925771,-0.00052032288682514558,1000.4279065098901,213.95325494506778,0.10000000000000001
769,0,0.67175602087622255,0.070013142587212238,0.24227736083883664,-0.00059686577709653786,1000.4440599690973,222.02998454866929,0.10000000000000001
770,0,0.68175344961637019,0.07001387597970618,0.24108448514393177,-0.00060007986972742842,1000.4940287022486,247.01435112427816,0.10000000000000001
771,0,0.69180728712403972,0.070012653207069217,0.23984529307810021,-0.0006584724355127474,1000.5199458947445,259.97294737226184,0.10000000000000001
772,0,0.70180795515046468,0.070014406592081427,0.23857347053160557,-0.00064244818335834955,1000.5721248183822,286.06240919111769,0.10000000000000001
773,0,0.71185718467152193,0.070012681408704994,0.23726821787897945,-0.00067168382003389697,1000.6030659325804,301.53296629021042,0.10000000000000001
774,0,0.72186047164004963,0.070014627863611692,0.2360024300406702,-0.00063025871896203484,1000.6558986940724,327.94934703622403,0.10000000000000001
775,0,0.73190540493317602,0.070013027987877799,0.23474615045254149,-0.00062360063147776285,1000.6866221184264,343.31105921319249,0.10000000000000001
776,0,0.74191119193158039,0.070014925346212287,0.23357117650289863,-0.00056090472233185328,1000.7374542436552,368.7271218275896,0.10000000000000001
777,0,0.75195211406589157,0.070013474509047172,0.2324664631939172,-0.00052545643001011724,1000.7643034895359,382.15174476795255,0.10000000000000001
778,0,0.7619602222996833,0.07001538447676578,0.23145623496788892,-0.00045024232692242029,1000.8098695259732,404.93476298661335,0.10000000000000001
779,0,0.77199767668134622,0.07001406420098058,0.23055727748725108,-0.00040238103468827476,1000.8314114469871,415.70572349354507,0.10000000000000001
780,0,0.78200785090652258,0.070015923433527666,0.22975466038303768,-0.00032680377509628958,1000.8694331241866,434.71656209328557,0.10000000000000001
781,0,0.79204241735125258,0.070014923238910606,0.22906471017253574,-0.00028319757767787348,1000.8856694554073,442.83472770365506,0.10000000000000001
782,0,0.80205448117125278,0.070016593425265908,0.22846401657946616,-0.00022075192661469243,1000.9160247365336,458.01236826679315,0.10000000000000001
783,0,0.81208663379453383,0.070015874327582661,0.22795102763797498,-0.00019264701283614564,1000.927778058364,463.88902918198482,0.10000000000000001
784,0,0.82210041386863142,0.070017331209475786,0.22750315859830209,-0.00015151894434748016,1000.9521280117791,476.06400588955466,0.10000000000000001
785,0,0.83213053120894598,0.070016615899344964,0.22711290012599153,-0.0001432100660890483,1000.9609997056225,480.49985281124918,0.10000000000000001
786,0,0.84214572301547186,0.07001787323081235,0.22675377043569198,-0.00012431771368620866,1000.9815582765837,490.77913829182762,0.10000000000000001
787,0,0.85217415892606097,0.070017150510987947,0.22642420837664695,-0.00013319877404030457,1000.9895765608394,494.78828041969791,0.10000000000000001
788,0,0.86219044042110238,0.070018271866195039,0.22609780961764112,-0.00013051903027634743,1001.0083363756604,504.1681878302029,0.10000000000000001
789,0,0.87221746383664533,0.070017617009041688,0.22578040880455691,-0.00014888710516830017,1001.0171285476688,508.56427383439495,0.10000000000000001
790,0,0.8822346307243929,0.070018647797192482,0.22545192748571155,-0.00015309733410218159,1001.0354709371735,517.7354685867499,0.10000000000000001
791,0,0.89226043417634004,0.070018109030416512,0.22512604975066569,-0.00017113536250544444,1001.0457582382332,522.87911911662377,0.10000000000000001
792,0,0.90227826665593236,0.070018979501618617,0.22479058331234428,-0.00017223627539249547,1001.064059750066,532.02987503300392,0.10000000000000001
793,0,0.91230290550643867,0.070018381073402594,0.2244660336723405,-0.00018109974816312289,1001.0755439733678,537.77198668387882,0.10000000000000001
794,0,0.92232116903794226,0.070019021020073402,0.22415011761233652,-0.00017101310629224231,1001.0930972265745,546.54861328725701,0.10000000000000001
795,0,0.93234473104924431,0.070018323558333137,0.22386502509415218,-0.00016399281577859581,1001.1044186845617,552.20934228083252,0.10000000000000001
796,0,0.94236320152554487,0.070018764820329371,0.22361509658988007,-0.00013788681060480972,1001.1198130223623,559.9065111811683,0.10000000000000001
797,0,0.95238583091480489,0.070018012614399147,0.22342311929543543,-0.00011251886356481926,1001.1289821400161,564.49107000804588,0.10000000000000001
798,0,0.96240442796925585,0.070018256518415783,0.2232897751201938,-7.0534296602607193e-05,1001.1405967798565,570.29838992826853,0.10000000000000001
799,0,0.97242623285385743,0.070017449221399755,0.22323359294435258,-3.0184736186860873e-05,1001.1459825483749,572.99127418747275,0.10000000000000001
800,0,0.9824449428392551,0.070017475237050153,0.22324554566846541,2.048277958778515e-05,1001.1529139552437,576.4569776218309,0.10000000000000001
801,0,0.99246602910409765,0.070016629370405745,0.22332966566096865,6.4537012333693971e-05,1001.1542446104236,577.12230521178753,0.10000000000000001
802,0,1.0024848440120966,0.070016399076051478,0.2234631354421201,0.00010879182156034082,1001.1574954140464,578.74770702318301,0.10000000000000001
803,0,1.0125052683012865,0.070015490455149001,0.22362939352023237,0.0001379165314920471,1001.1568946188509,578.4473094254281,0.10000000000000001
804,0,1.0225240644930531,0.070014875679953278,0.22378720181143089,0.00015429840017151334,1001.1601344852359,580.06724261792897,0.10000000000000001
805,0,1.0325437661284291,0.07001385040129246,0.22390162632203936,0.00014582059992211525,1001.1626952315488,581.34761577440486,0.10000000000000001
806,0,1.0425622312142881,0.070012703082832098,0.22391667575333304,0.00011352699456035715,1001.1725131178492,586.25655892461737,0.10000000000000001
807,0,1.0525809313769723,0.070011469823239234,0.22378273534859197,4.963135809163573e-05,1001.1858654296075,592.93271480373733,0.10000000000000001
808,0,1.0625985675992951,0.070009831072242373,0.22343892131778745,-4.3268653126604435e-05,1001.2103049417352,605.15247086760837,0.10000000000000001
809,0,1.0726159573906457,0.070008500431133838,0.22284667938783315,-0.00016619251944557104,1001.2433470232236,621.67351161178885,0.10000000000000001
810,0,1.0826322001494972,0.07000677385181836,0.22194848472226628,-0.00031158551024260752,1001.2901362061996,645.06810309978846,0.10000000000000001
811,0,1.0926479158397902,0.070005346325676343,0.22072666475831257,-0.00047641648640233178,1001.3492136409927,674.60682049636489,0.10000000000000001
812,0,1.1026620228070798,0.070003649736815318,0.21917408791072479,-0.000645472605743857,1001.4229028739077,711.45143695383695,0.10000000000000001
813,0,1.1126754454598278,0.070001583557845595,0.21730397456339595,-0.00081234812597862603,1001.5100004045889,755.00020229446818,0.10000000000000001
814,0,1.1226865020929624,0.06999977342531627,0.21514264444907549,-0.0009564645158299383,1001.607603531679,803.80176583952334,0.10000000000000001
815,0,1.132696913789264,0.069996655159874882,0.21277868428960758,-0.0010736207599291903,1001.7167901361721,858.39506808605393,0.10000000000000001
816,0,1.1427042673703807,0.069994829169450268,0.21028632945578737,-0.0011376961213467299,1001.8294860779004,914.74303895017783,0.10000000000000001
817,0,1.1527110631375403,0.069990849004745392,0.20774590069463461,-0.0011552992433444436,1001.9462288212568,973.11441062839776,0.10000000000000001
818,0,1.1627147455386195,0.06998926712164516,0.2052977456457695,-0.0011023099709969455,1002.0578623464676,1028.9311732337865,0.10000000000000001
819,0,1.1727178325564274,0.06998522111655181,0.20304017808091801,-0.00099535844566944537,1002.166380513067,1083.1902565334985,0.10000000000000001
820,0,1.1827185149732695,0.069983917054864744,0.20104067509701637,-0.00082670352741654894,1002.2597785197281,1129.8892598640577,0.10000000000000001
821,0,1.1927182104521652,0.069980660645918374,0.19939594675931474,-0.00061838935313012411,1002.3429225394617,1171.4612697308553,0.10000000000000001
822,0,1.2027169550762904,0.069979006383638923,0.19816933409452461,-0.00037817464817683859,1002.4089355195033,1204.4677597516511,0.10000000000000001
823,0,1.2127137383302931,0.069977093804611035,0.19732054373274491,-0.00013164681315951731,1002.4587102148038,1229.3551074018865,0.10000000000000001
824,0,1.2227114516466981,0.069974369196740258,0.19683786517088689,8.5293746820104305e-05,1002.4935380695523,1246.7690347761504,0.10000000000000001
825,0,1.2327062330010032,0.069974295027929054,0.19670984688058127,0.00029013665921067387,1002.5157636429547,1257.8818214773264,0.10000000000000001
826,0,1.2427032687218282,0.069970268176195449,0.19673630484028462,0.00039787269464682331,1002.5311881586996,1265.5940793497962,0.10000000000000001
827,0,1.2526969670278132,0.069971991052292487,0.19685182505298285,0.00046403979212465875,1002.5385433597237,1269.2716798618449,0.10000000000000001
828,0,1.2626931434293491,0.069967035256469079,0.19687084767407537,0.00039851228756421252,1002.5566975725162,1278.3487862581069,0.10000000000000001
829,0,1.2726864168483396,0.069969838387934261,0.19669108659294632,0.0002969477117531184,1002.5767086510218,1288.3543255109089,0.10000000000000001
830,0,1.2826808733689177,0.069964997479280228,0.1960013842053073,3.4665393460343802e-05,1002.6199661100784,1309.9830550391971,0.10000000000000001
831,0,1.2926738268439568,0.069967625743742753,0.19485671972321353,-0.00024463213995890623,1002.6780651489481,1339.0325744740608,0.10000000000000001
832,0,1.3026655698989311,0.069964254067809123,0.19300911635145621,-0.00062026653345491497,1002.7715976929477,1385.7988464738469,0.10000000000000001
833,0,1.3126571448628532,0.069965140244954621,0.19048884055578513,-0.0010080510243368349,1002.8847430766378,1442.3715383189233,0.10000000000000001
834,0,1.3226453170985881,0.06996435418782769,0.1872208696864795,-0.0014091550204690816,1003.0318282882661,1515.9141441330348,0.10000000000000001
835,0,1.3326338778041817,0.069962442270483718,0.18344826404914003,-0.001780883597803125,1003.202009597392,1601.0047986960103,0.10000000000000001
836,0,1.342617993597184,0.069964604935891073,0.17922821032282327,-0.0020113610856547187,1003.3892995328936,1694.649766446787,0.10000000000000001
837,0,1.3526018145411385,0.069959902896089207,0.17482172162134366,-0.0022266331552536637,1003.585007843034,1792.5039215169818,0.10000000000000001
838,0,1.3625822361447917,0.069964677209974638,0.1706168853885823,-0.0021637316467665682,1003.7712836098682,1885.6418049340959,0.10000000000000001
839,0,1.3725610449040109,0.069958621696972687,0.16692972942692069,-0.0020294520096223456,1003.946658190796,1973.3290953980145,0.10000000000000001
840,0,1.3825387996599126,0.069965130620832136,0.16410789551773572,-0.0015580891608918577,1004.0747677887572,2037.3838943785927,0.10000000000000001
841,0,1.3925143908080984,0.069959768162299429,0.16249171347652697,-0.0010281343985351957,1004.1672908213875,2083.6454106937481,0.10000000000000001
842,0,1.4024915362173944,0.069966857346166311,0.16232575515101338,-0.00020314869929745919,1004.1861387034429,2093.0693517214536,0.10000000000000001
843,0,1.4124674132176522,0.06996377277137289,0.16390585997828155,0.00067753829189267517,1004.1545173016464,2077.2586508231825,0.10000000000000001
844,0,1.4224468429257635,0.069970382908923656,0.16702150664449755,0.0016311055473347781,1004.0378524671304,2018.9262335651961,0.10000000000000001
845,0,1.4324265288551199,0.069969884128620027,0.1718449531934417,0.0026030590276269003,1003.8681260595698,1934.0630297849088,0.10000000000000001
846,0,1.442411872492368,0.069975331859712234,0.17782633525379091,0.0033483176162472498,1003.6349712244895,1817.4856122447522,0.10000000000000001
847,0,1.4523970350126294,0.069976207440379468,0.18492011702683131,0.0040025322350237908,1003.3709694426825,1685.484721341254,0.10000000000000001
848,0,1.4623911170075623,0.069980751523816415,0.19211097136660693,0.0042092401905475026,1003.084291955025,1542.1459775125186,0.10000000000000001
849,0,1.47238093364692,0.069981110335881141,0.19917678250719131,0.0041810513720076693,1002.8092863222255,1404.6431611127446,0.10000000000000001
850,0,1.4823844762909155,0.069985707168517167,0.20514224088566618,0.0036434081136172895,1002.572822784496,1286.4113922479987,0.10000000000000001
851,0,1.4923764483123214,0.069984403499375292,0.20964419922298011,0.0027208090566003197,1002.4023440607001,1201.172030350051,0.10000000000000001
852,0,1.5023868394330289,0.069990435094302514,0.21183244343161581,0.0015106800062540148,1002.3091176624295,1154.5588312147288,0.10000000000000001
853,0,1.5123786022092798,0.069987835907544399,0.21173359172445258,-5.7723479237867065e-05,1002.3281352869116,1164.0676434557804,0.10000000000000001
854,0,1.5223914095970876,0.069995298569041006,0.20914880315725648,-0.001511112238348873,1002.4359712174852,1217.9856087425946,0.10000000000000001
855,0,1.5323802550423515,0.06999159121591858,0.20421234939883934,-0.0030998116218800796,1002.6542800421687,1327.1400210843467,0.10000000000000001
856,0,1.5423899694841992,0.069997193277025124,0.19752175791168528,-0.0041752647526680326,1002.9274288641602,1463.7144320801099,0.10000000000000001
857,0,1.5523726261482753,0.069991217097415737,0.18961881170800279,-0.0049857869457743719,1003.2832283141414,1641.6141570707055,0.10000000000000001
858,0,1.5623720097930374,0.069991041626889614,0.18102277931702709,-0.005025107876519914,1003.6158739873025,1807.9369936512535,0.10000000000000001
859,0,1.5723460781499339,0.069982863226594416,0.17288517247085894,-0.0046997645117983523,1004.0036630857154,2001.8315428577012,0.10000000000000001
860,0,1.5823306549449587,0.069979602714488651,0.165266189254756,-0.0037391153922275901,1004.3023038612052,2151.151930602623,0.10000000000000001
861,0,1.5922967266604693,0.06997402737907743,0.15862015091560594,-0.0023808563394164253,1004.610098687644,2305.0493438220201,0.10000000000000001
862,0,1.602269886259772,0.069976810670549686,0.15309418949792677,-0.0010368764104241746,1004.8139191598551,2406.9595799275589,0.10000000000000001
863,0,1.6122351148552938,0.06997746962651101,0.14922591736666552,0.00044174946816457868,1005.0567046921825,2528.3523460912534,0.10000000000000001
864,0,1.6222030377462078,0.069993095930512728,0.14531165176962835,0.0012803249760968926,1005.1620821979695,2581.0410989847696,0.10000000000000001
865,0,1.6321744097400919,0.069988916701289552,0.14284268109185139,0.0020026312955764933,1005.3577332470467,2678.8666235233336,0.10000000000000001
866,0,1.6421391401827732,0.070012931088335922,0.1399924821350248,0.001870266363742213,1005.4354449123451,2717.7224561725666,0.10000000000000001
867,0,1.6521111627022216,0.069983999435003899,0.13778211381687927,0.00090410497902729042,1005.6367902686991,2818.3951343495437,0.10000000000000001
868,0,1.6620670280262579,0.070011056390618887,0.13483932777173671,0.00035363960415035192,1005.6914801149467,2845.7400574733356,0.10000000000000001
869,0,1.6720291118624517,0.069960587690085271,0.13344487739129632,-0.00049787747095541397,1005.9638111636393,2981.9055818196603,0.10000000000000001
870,0,1.6819766311151798,0.069989183424763263,0.12984825914668349,-0.0019660722893948537,1005.940577936027,2970.2889680135058,0.10000000000000001
871,0,1.6919298895676438,0.069953178201868416,0.12787404484688314,-0.0032199898092466228,1006.2570251372741,3128.5125686370634,0.10000000000000001
872,0,1.7018897687757892,0.069989504183180618,0.12621406437591257,-0.0011810618562303875,1006.2909423809534,3145.4711904767123,0.10000000000000001
873,0,1.7118349676508198,0.069964609489226295,0.12186342413839352,-0.0027966427675707199,1006.5693291904602,3284.6645952300833,0.10000000000000001
874,0,1.7218239561286608,0.069992035239838324,0.11741035973453394,-0.0025886616350301699,1006.5640181778116,3282.0090889057951,0.10000000000000001
875,0,1.7317704673042968,0.06999542341295463,0.11553954436875143,-0.0026505189712190658,1007.270254682459,3635.12734122952,0.10000000000000001
876,0,1.7417091946555274,0.069958318298016131,0.10798018205219972,-0.0019918357833596198,1006.9668986927702,3483.4493463851004,0.10000000000000001
877,0,1.7516957892250886,0.070012504794729771,0.10310898337738447,-0.0018096190058415711,1007.9007368155646,3950.3684077823209,0.10000000000000001
878,0,1.7616157878363041,0.069902375024757726,0.097258163117866919,-0.007472418769742673,1007.5567311430474,3778.3655715236932,0.10000000000000001
879,0,1.7715290735555682,0.070069676729338892,0.090130309705920578,-0.0043239477793449391,1008.2975726930404,4148.7863465201826,0.10000000000000001
880,0,1.7814617336452065,0.069774136033383033,0.083132782516046305,-0.013513671002016536,1008.3411891891982,4170.5945945990952,0.10000000000000001
881,0,1.7912951052316686,0.069981153114859668,0.074765168852204605,-0.0049493413471748422,1009.1998352361248,4599.9176180624199,0.10000000000000001
882,0,1.8012699249099138,0.069731436450973322,0.072156921229481003,-0.012461968627440929,1009.2825918868391,4641.29594341955,0.10000000000000001
883,0,1.8110380044604966,0.070042610049660295,0.057583564064258977,-0.0064887668279753914,1009.5884306400121,4794.2153200060602,0.10000000000000001
884,0,1.8211723463893932,0.069940980658288174,0.049611794075688095,-0.013184668537126428,1009.9504236960688,4975.2118480344052,0.10000000000000001
885,0,1.8309439638043554,0.070185755986820086,0.053482512458250323,-0.0063159149849967202,1010.8391229431625,5419.5614715812326,0.10000000000000001
886,0,1.8409612062612541,0.070050702709980595,0.024396897936644128,-0.0046833433744979027,1010.3551305849072,5177.565292453608,0.10000000000000001
887,0,1.8508579298998671,0.070254933369860051,0.029832993849910359,0.0020942634436499096,1011.188711700772,5594.3558503860231,0.10000000000000001
888,0,1.8607868375623864,0.070241442729522721,0.0189601498116184,0.0083133215052087865,1011.5868222114462,5793.4111057231239,0.10000000000000001
889,0,1.8707850515390079,0.070467698137724133,0.023428818040128266,0.020803517690736375,1011.3467290680908,5673.3645340453904,0.10000000000000001
890,0,1.8806922368316283,0.070576509162879705,0.030139028436353483,0.009151643681220829,1012.4882152938095,6244.1076469047512,0.10000000000000001
891,0,1.8908188563415642,0.071192669540955891,0.02369151018268081,0.052058708538070673,1010.4254593118998,5212.7296559498864,0.10000000000000001
892,0,1.901081143562912,0.070993793602969854,0.024530149557268271,0.028690777552451675,1012.4814597440761,6240.7298720380595,0.10000000000000001
893,0,1.9108477571628628,0.071674081425234765,0.06992228561846571,0.0065084555315376158,1008.843234899245,4421.6174496224885,0.10000000000000001
894,0,1.9233829806373615,0.070157965206140177,0.013695634443991271,-0.025036700643226141,1012.9977386891467,6498.8693445733361,0.10000000000000001
895,0,1.9318252258792938,0.070892761070613555,0.1331879870529997,-0.03027162909832784,1010.92893754584,5464.4687729199859,0.10000000000000001
896,0,1.9457731646294296,0.065680442513988524,0.0062523269906985552,-0.081411820748604452,1015.6670111911318,7833.5055955658954,0.10000000000000001
897,0,1.9514743506071586,0.063633289021276337,0.087295943762016284,-0.16409825731305286,1010.1443594993235,5072.1797496617564,0.10000000000000001
898,0,1.9657220161622371,0.059096025980342498,0.0029338599268007859,-0.043416617219253224,1009.0835660088391,4541.7830044195289,0.10000000000000001
899,0,1.9660679098773317,0.058046511503718486,0.0017516745624125566,-0.044790166891430123,1008.3312829058231,4165.64145291153,0.10000000000000001
900,0,1.9825074255065596,0.057423867759662073,0.014328489015077755,0.21542443597219504,1009.8123806923767,4906.1903461883394,0.10000000000000001
901,0,1.9829620972742512,0.055627051537490861,-0.0026129404122942896,0.15869769530500388,1015.279619691312,7639.8098456559746,0.10000000000000001
902,0,1.9999967999999999,0.05146017799500964,0,-0.011353484465466485,999.20796885931031,-396.01557034484358,0.10000000000000001
903,0,1.9999967999999999,0.070570498092526829,0,0.022649157677616112,994.14850281851761,-2925.7485907411933,0.10000000000000001
904,0,1.9999967999999999,0.066597157383369021,0,0.0082976875968206552,997.80734752625324,-1096.3262368733808,0.10000000000000001
905,0,0.22633833217935781,0.081865804508654424,0.26237736622640095,0.00027616998520902807,1000.1518001535924,75.900076796187932,0.10000000000000001
906,0,0.22650522833554371,0.082561419038190934,0.26282958379775945,0.00032081520422953049,1000.1514134780494,75.706739024724357,0.10000000000000001
907,0,0.24456828977865649,0.079708702995608144,0.26470223454227204,0.0036575318197318175,999.62417057805465,-187.91471097267731,0.10000000000000001
908,0,0.25379665628772119,0.077304969609149829,0.26121601765605162,0.00040629937215220732,1000.250657450145,125.32872507250659,0.10000000000000001
909,0,0.25363594471329948,0.07660940307749077,0.26053198350853846,0.00044454554595295816,1000.2317034776459,115.85173882292565,0.10000000000000001
910,0,0.27664799858485101,0.079090249206318547,0.25277188253369098,-0.0012187876092017342,1000.162901450756,81.450725377976596,0.10000000000000001
911,0,0.27668783534022368,0.079330690035157789,0.25283572462907666,-0.0012145543649570321,1000.1655501404026,82.775070201307699,0.10000000000000001
912,0,0.29176031960411292,0.080445810069113763,0.25763669254515098,0.0017151937894079078,1000.0700928125468,35.046406273409048,0.10000000000000001
913,0,0.3006460910847869,0.080518792428939792,0.25644744646174422,0.0016395946672391848,999.9762511977118,-11.874401144098101,0.10000000000000001
914,0,0.31167263081534324,0.080603955864644597,0.25659437394379342,0.0013004248046535266,1000.2245523092195,112.27615460973084,0.10000000000000001
915,0,0.32144818076065151,0.080515541615359204,0.25960577150477115,0.00043959324045192292,1000.124865618472,62.432809235986042,0.10000000000000001
916,0,0.33212299232043985,0.08056680702340463,0.25761737798261936,0.0013831337136526473,1000.3115117266889,155.75586334443869,0.10000000000000001
917,0,0.341969804940988,0.080356462109431009,0.26208392852108442,0.00059179419318231366,1000.1025870811823,51.293540591132114,0.10000000000000001
918,0,0.35259077326274041,0.080398744804068167,0.25947541042688971,0.00086663589643061153,1000.216248899325,108.12444966251178,0.10000000000000001
919,0,0.36234104149694929,0.080206618600226307,0.26314433670938375,0.00020201668525142712,1000.2123044233864,106.15221169319966,0.10000000000000001
920,0,0.37294011247257913,0.080270875608018086,0.2619260236873901,0.00045108752257831951,1000.0272607821294,13.630391064680225,0.10000000000000001
921,0,0.38262610480377968,0.080102877859887012,0.2631743384573817,0.00033755948969035123,1000.2857200076579,142.86000382895736,0.10000000000000001
922,0,0.39313632767417422,0.080185211095299247,0.26403240885617879,0.000125881323366726,999.94685892437849,-26.570537810755468,0.10000000000000001
923,0,0.40285809767556602,0.080057941837498911,0.26343640003748403,0.00034370324036342713,1000.2544587341832,127.22936709161559,0.10000000000000001
924,0,0.41324842327461009,0.080122325481586973,0.2649947979839285,-5.4164533653342391e-06,999.95755610756498,-21.221946217508503,0.10000000000000001
925,0,0.42301704309249238,0.080036171068865611,0.26394178154992787,0.00017090195730867953,1000.169312296312,84.656148156000199,0.10000000000000001
926,0,0.43333858066891723,0.080091147523977307,0.26503839852612504,-1.2847290078901513e-05,999.99295950689873,-3.5202465506358749,0.10000000000000001
927,0,0.44315091596952866,0.080037240191273659,0.26417406283141021,8.2408924379962563e-05,1000.1059618939347,52.980946967352338,0.10000000000000001
928,0,0.45342044616098498,0.080072311024507875,0.26449592926914955,-6.92279746568381e-05,1000.0272568131691,13.628406584530239,0.10000000000000001
929,0,0.46326968254396006,0.080036162686295487,0.26381576270354651,2.0202233915014522e-05,1000.0879900877724,43.995043886184249,0.10000000000000001
930,0,0.473502259611567,0.080061179744585584,0.26354267254787722,-0.00014186631092234238,1000.050801292625,25.40064631250516,0.10000000000000001
931,0,0.48337726020719829,0.080034879966294645,0.26288190558032176,-0.00010831136997341273,1000.1052236998154,52.611849907691521,0.10000000000000001
932,0,0.49358142012589568,0.080048725386030251,0.26225910997481222,-0.00020280346110795346,1000.070437067165,35.218533582508371,0.10000000000000001
933,0,0.50347416353097785,0.080029397756776949,0.26152145086837431,-0.00020608262536933041,1000.1376610711293,68.830535564643469,0.10000000000000001
934,0,0.51365332463127944,0.080034180929586432,0.26074452605492238,-0.00022691461791426071,1000.1001782630576,50.089131528807229,0.10000000000000001
935,0,0.5235609229047864,0.080021504885718825,0.25996776644192626,-0.00024889232230210044,1000.1726971865741,86.348593287027597,0.10000000000000001
936,0,0.53371733966662671,0.080023545916308184,0.25912997458938392,-0.00021592236588965956,1000.1393078370202,69.653918510084623,0.10000000000000001
937,0,0.54363906257603656,0.080015104656918801,0.25838632299979625,-0.00025582627761868505,1000.2084998985199,104.24994925995179,0.10000000000000001
938,0,0.55377701538356217,0.080016144744792919,0.25755258139138293,-0.00019729534643063551,1000.1782855329305,89.142766465272416,0.10000000000000001
939,0,0.56371124766081993,0.080013653526569251,0.25687281866055689,-0.00024418983614518598,1000.2432832719635,121.64163598174582,0.10000000000000001
940,0,0.57383513081921822,0.080011639905693446,0.25607849862570198,-0.00018770894023286872,1000.2123179832021,106.15899160103481,0.10000000000000001
941,0,0.58378054420683922,0.080013641203250399,0.25545734138389031,-0.00023289597852880432,1000.2746115012231,137.30575061157424,0.10000000000000001
942,0,0.59389264506805894,0.080009651944534479,0.25468462804615022,-0.0001967140651849921,1000.2430035482782,121.50177413911933,0.10000000000000001
943,0,0.60384833424188022,0.080012778182503491,0.254072243675872,-0.00023171533805126432,1000.3046988210932,152.34941054660567,0.10000000000000001
944,0,0.6139497027698424,0.0800091918944838,0.25328741629693086,-0.00022686399530324341,1000.2741704528963,137.08522644816412,0.10000000000000001
945,0,0.62391485672142932,0.080011568096652524,0.25258768286836952,-0.00025469427565474775,1000.3387853648258,169.39268241287664,0.10000000000000001
946,0,0.63400624083853496,0.08000862031979393,0.25175288417481895,-0.00027269928371540181,1000.3117006696069,155.85033480346056,0.10000000000000001
947,0,0.6439799166474407,0.080011043092501372,0.25088514893953301,-0.00030146697242213703,1000.3812253997183,190.61269985917306,0.10000000000000001
948,0,0.65406217087297691,0.080007848524020889,0.24994666334540083,-0.00032880118484761013,1000.3617030351821,180.85151759106566,0.10000000000000001
949,0,0.66404325504780792,0.080010812906116308,0.24889334383117651,-0.00035559722690422369,1000.4348805663507,217.44028317533548,0.10000000000000001
950,0,0.67411724560394726,0.08000755257799945,0.24781911936672785,-0.00038077711331621666,1000.4265389009362,213.26945046808987,0.10000000000000001
951,0,0.68410488467728559,0.080010584189520631,0.24661222406424441,-0.00039881758382215153,1000.5009192170589,250.45960852946791,0.10000000000000001
952,0,0.69417111985896007,0.080007642556616701,0.24542592157021539,-0.0004140765241333064,1000.5042146870991,252.10734354953956,0.10000000000000001
953,0,0.7041646677418546,0.080010535693327903,0.2441419502701114,-0.00041530562565795105,1000.57713193583,288.56596791501943,0.10000000000000001
954,0,0.71422379008313974,0.080007832589749653,0.24290646718460926,-0.0004205186463478962,1000.5896083529962,294.80417649807578,0.10000000000000001
955,0,0.72422242492065203,0.080010625992195092,0.24165254915012102,-0.00040165096552727839,1000.658263320757,329.13166037849351,0.10000000000000001
956,0,0.73427540741632036,0.080008162311311665,0.24046014251713438,-0.00039732426357667633,1000.6752887171664,337.64435858319075,0.10000000000000001
957,0,0.74427812928316406,0.080010807987042007,0.23932497055367527,-0.00036455796981145597,1000.7376956411183,368.84782055915366,0.10000000000000001
958,0,0.75432610818226231,0.080008625706097444,0.23827561234889741,-0.00035305172229034787,1000.7542873389052,377.14366945260736,0.10000000000000001
959,0,0.7643322029045273,0.080011038731536338,0.23731734606875332,-0.00031480031326905919,1000.8087255710426,404.36278552130034,0.10000000000000001
960,0,0.77437597304712147,0.080009195093296986,0.23647077879113657,-0.00030131938672962801,1000.8218664697787,410.93323488934175,0.10000000000000001
961,0,0.78438511273525657,0.080011338048365813,0.23571787922619075,-0.00026532542484188743,1000.8670073869057,433.50369345284889,0.10000000000000001
962,0,0.79442533348092392,0.080009886682003151,0.23507740753464465,-0.00025437658909541286,1000.8760055972143,438.00279860715818,0.10000000000000001
963,0,0.8044372366893866,0.080011730322926466,0.23451994474287841,-0.00022500523761538591,1000.911914443352,455.95722167598751,0.10000000000000001
964,0,0.81447462928997216,0.080010590597163395,0.23405008015356507,-0.00021999844575546417,1000.9174060140358,458.70300701790256,0.10000000000000001
965,0,0.82448885386560578,0.080012172364938017,0.23364047596987583,-0.00019771888838282894,1000.945889008602,472.94450430098323,0.10000000000000001
966,0,0.83452393852168794,0.080011122065978477,0.2332857383839583,-0.00019859774692843759,1000.9493623096864,474.68115484321061,0.10000000000000001
967,0,0.84454006877049992,0.080012468957109895,0.23296112252548315,-0.0001824116981310305,1000.973016561011,486.50828050551809,0.10000000000000001
968,0,0.85457318069220245,0.080011548046029626,0.2326628353622443,-0.00018664818145845891,1000.9764250211746,488.21251058728876,0.10000000000000001
969,0,0.86459089812551793,0.080012667358711778,0.23236845116365448,-0.00017439224581017996,1000.9976746332087,498.8373166043516,0.10000000000000001
970,0,0.87462227303162476,0.080011933982837041,0.23208185435660086,-0.00017906239304777135,1001.0027376491844,501.36882459219123,0.10000000000000001
971,0,0.8846413087877939,0.080012881605306271,0.23178548270711688,-0.00016846318184537897,1001.0232280149596,511.61400747980679,0.10000000000000001
972,0,0.89467122588398496,0.080012335156762898,0.2314936954256524,-0.00017150464840455561,1001.0306832737452,515.3416368726198,0.10000000000000001
973,0,0.9046913153033308,0.080013123297593233,0.23119367305273639,-0.00016040865848007877,1001.0509242126291,525.46210631453505,0.10000000000000001
974,0,0.91471993058644996,0.080012588355026948,0.23090959439846315,-0.00016036426929131659,1001.060279475705,530.13973785249391,0.10000000000000001
975,0,0.92474071815244985,0.080013183372440608,0.23063584070945556,-0.00014716055825546461,1001.0795053238519,539.75266192594518,0.10000000000000001
976,0,0.93476816490759029,0.080012631556828903,0.23039858263032692,-0.00014249132836471613,1001.0891472460614,544.57362303071477,0.10000000000000001
977,0,0.94478938293780279,0.080013030708360272,0.23019923434060133,-0.00012541511881562732,1001.105729940532,552.86497026600046,0.10000000000000001
978,0,0.9548157630487083,0.080012476240620287,0.23006096498798412,-0.00011471942456698743,1001.1134167891485,556.70839457422971,0.10000000000000001
979,0,0.96483726293071559,0.08001269572426839,0.22998324816566745,-9.3308536397872051e-05,1001.125621386434,562.81069321698851,0.10000000000000001
980,0,0.97486270524002017,0.080012111142464634,0.22998173184737039,-7.7050804119459281e-05,1001.1296008119816,564.80040599080894,0.10000000000000001
981,0,0.9848844018246089,0.080012145157849268,0.23004593229003592,-5.3690106990518037e-05,1001.1366703364598,568.33516822990759,0.10000000000000001
982,0,0.99490903058424562,0.080011517967973747,0.23017570156825609,-3.7041317095729231e-05,1001.1368747017679,568.43735088392577,0.10000000000000001
983,0,1.0049308262962389,0.08001136295739146,0.23034727824057943,-1.9104900434798862e-05,1001.1402730906835,570.13654534176794,0.10000000000000001
984,0,1.0149546674498968,0.080010632526396577,0.23053786238974971,-1.1904494103315984e-05,1001.1393176451267,569.65882256332634,0.10000000000000001
985,0,1.0249763486331631,0.080010220949250574,0.23070805264165975,-1.1459351243272653e-05,1001.1432385102213,571.61925511064737,0.10000000000000001
986,0,1.0349992434319368,0.080009355271287635,0.23081796450340961,-2.6747977710706893e-05,1001.1466780122074,573.33900610370847,0.10000000000000001
987,0,1.0450204341550566,0.080008616591455264,0.23081430470608774,-5.5483865263090341e-05,1001.158079425141,579.03971257047715,0.10000000000000001
988,0,1.0550420122864446,0.080007562348948333,0.2306443197829888,-0.0001037147948751284,1001.1735428424544,586.77142122718351,0.10000000000000001
989,0,1.0650621131796483,0.080006494348491983,0.23025622331667084,-0.00016821512414099714,1001.2006058230048,600.30291150241055,0.10000000000000001
990,0,1.0750819297806031,0.080005352921879533,0.2296101836670166,-0.00025014571500433548,1001.2367022467411,618.35112337053033,0.10000000000000001
991,0,1.0851003167462179,0.080004179579171983,0.22865401640123481,-0.00034404149154094272,1001.2865460806888,643.27304034441113,0.10000000000000001
992,0,1.0951179843728547,0.080003032669014887,0.22738325756890498,-0.00044803425668880177,1001.3487182536516,674.35912682577737,0.10000000000000001
993,0,1.105133981977124,0.080001752457318637,0.22579304226893804,-0.00055182076131777516,1001.4253572027774,712.67860138868855,0.10000000000000001
994,0,1.1151488859905916,0.080000339206874341,0.22390331911357014,-0.00065222960851234961,1001.5139294588973,756.96472944866855,0.10000000000000001
995,0,1.1251616124323873,0.079998790316726062,0.22174883353740002,-0.00073694641434635252,1001.6132955821616,806.6477910808203,0.10000000000000001
996,0,1.1351730444079109,0.079996897469341299,0.21943277656174082,-0.00080315268570089809,1001.7217482929759,860.87414648795857,0.10000000000000001
997,0,1.1451817614531592,0.079995129114154989,0.21700648408842191,-0.00083711150969098817,1001.8343714401982,917.18572009909849,0.10000000000000001
998,0,1.155189159145106,0.079992808312709468,0.21457561226100488,-0.00084409638955526166,1001.9473895749461,973.69478747305038,0.10000000000000001
999,0,1.1651937784910449,0.079991085484387145,0.21226943627997633,-0.00080895340893771209,1002.0586714947552,1029.3357473776155,0.10000000000000001
1000,0,1.1751970865876322,0.079988715562769722,0.21016545356039076,-0.00074568349418916802,1002.1609801444403,1080.4900722201296,0.10000000000000001
1001,0,1.1851982007354962,0.079987300655962462,0.20833032859211387,-0.00065012545733853411,1002.2537712319875,1126.8856159937286,0.10000000000000001
1002,0,1.1951979185533468,0.079985195114199936,0.2068692571694172,-0.00053731123316224998,1002.3312702447157,1165.6351223578554,0.10000000000000001
1003,0,1.2051966023872245,0.07998394121126183,0.20579948032410739,-0.00040891913618611836,1002.3976187570108,1198.8093785054161,0.10000000000000001
1004,0,1.215193199987197,0.079982147964702099,0.20507084201588147,-0.00029143371589942087,1002.4424614189303,1221.2307094651464,0.10000000000000001
1005,0,1.2251905773899814,0.079980803028371336,0.20471909894439241,-0.00019151909338717264,1002.4804214522093,1240.2107261046353,0.10000000000000001
1006,0,1.2351845766694187,0.079979498386322706,0.20464331220075035,-0.00010957227922209697,1002.5016665533353,1250.8332766676631,0.10000000000000001
1007,0,1.2451813363153845,0.079977905472277122,0.20468737200883894,-8.4715783310901783e-05,1002.5194702960135,1259.7351480067687,0.10000000000000001
1008,0,1.2551732044394275,0.079977206471043519,0.20476822347460119,-9.2049662360745488e-05,1002.5315839137349,1265.7919568674743,0.10000000000000001
1009,0,1.2651696250922688,0.079975357680004161,0.2047568553262453,-0.00016449003937002467,1002.5529695283597,1276.4847641798269,0.10000000000000001
1010,0,1.2751594062382137,0.079975278868419528,0.20441665573053311,-0.00025667471602704053,1002.580139770396,1290.0698851980223,0.10000000000000001
1011,0,1.2851550093853668,0.079973327861940974,0.20362370191034168,-0.00043676189598724108,1002.6251070532406,1312.5535266203201,0.10000000000000001
1012,0,1.2951427388065595,0.07997369131702213,0.20232295200599903,-0.00060271407516822946,1002.6944356402115,1347.2178201057545,0.10000000000000001
1013,0,1.3051362444964993,0.079971935663194355,0.20034920573794787,-0.00082562359690011716,1002.7873928166055,1393.6964083027306,0.10000000000000001
1014,0,1.315121585284351,0.079972311130813295,0.19766824820348125,-0.0010212980355133417,1002.9078895314641,1453.9447657320466,0.10000000000000001
1015,0,1.3251114783836277,0.079971129630589,0.19435530645362206,-0.001243485938601391,1003.0550398941263,1527.5199470631264,0.10000000000000001
1016,0,1.3350940764899477,0.079971018669989194,0.19060724597016127,-0.0013865238924490124,1003.2272464518969,1613.6232259484586,0.10000000000000001
1017,0,1.3450787935120574,0.079970800170444986,0.18642108294707774,-0.0014942118324135373,1003.4111836344848,1705.5918172424072,0.10000000000000001
1018,0,1.355058396785439,0.079969792572721965,0.18224292114990964,-0.0015341225129480625,1003.597685752381,1798.8428761905197,0.10000000000000001
1019,0,1.3650379720632095,0.079970951540233079,0.17832288631386589,-0.0014516685583703234,1003.7832392383796,1891.6196191897825,0.10000000000000001
1020,0,1.375014514347709,0.079969135574275499,0.17509080282969025,-0.0012758683963073254,1003.9367230857221,1968.3615428610324,0.10000000000000001
1021,0,1.3849909786396086,0.079971864221974318,0.17267259890222958,-0.00096248678212940023,1004.0622806282726,2031.1403141362803,0.10000000000000001
1022,0,1.3949652217592463,0.079969988922119414,0.17167734386739292,-0.0005859690110917331,1004.1269773558395,2063.4886779197359,0.10000000000000001
1023,0,1.4049429883609217,0.079973672407639321,0.17201706874534406,-6.6322111167915239e-05,1004.1462268244974,2073.1134122486878,0.10000000000000001
1024,0,1.414915915293286,0.079973038582370606,0.17414598749268778,0.00046861607543051398,1004.0861896071034,2043.0948035516963,0.10000000000000001
1025,0,1.4249005386243083,0.079976093805140647,0.17766388507645978,0.0010026963354178046,1003.9737783708081,1986.8891854040385,0.10000000000000001
1026,0,1.4348733172132775,0.07997816764725553,0.18278822899938477,0.0015338722781927186,1003.7862304964414,1893.1152482206812,0.10000000000000001
1027,0,1.4448694820727543,0.079978422002274355,0.18891199664283959,0.0018523840588844751,1003.5649427642791,1782.4713821395335,0.10000000000000001
1028,0,1.4548431984222374,0.079983902700449902,0.1959049070354229,0.0021758483225866043,1003.2995017930582,1649.750896529099,0.10000000000000001
1029,0,1.4648522631006775,0.079980216491724737,0.20282483721081054,0.0020650038147735053,1003.0342498417134,1517.1249208567019,0.10000000000000001
1030,0,1.474827831413503,0.079988420327655019,0.20940535471889685,0.0020069198244332558,1002.7740004226418,1387.0002113209239,0.10000000000000001
1031,0,1.4848472342148447,0.079981711310577686,0.2146986005156489,0.0013784484546880455,1002.5670747548672,1283.5373774336176,0.10000000000000001
1032,0,1.4948252505827153,0.079990859174118439,0.21852972596632894,0.00088935774807223373,1002.417132473985,1208.5662369925103,0.10000000000000001
1033,0,1.5048490291857342,0.079984247984704104,0.21985450365497089,-6.271766661455883e-05,1002.353408890535,1176.7044452674895,0.10000000000000001
1034,0,1.5148295593054271,0.07999195121052656,0.21927710766058958,-0.00080683049328367262,1002.3822010443754,1191.1005221876962,0.10000000000000001
1035,0,1.5248512140398631,0.079988468328646298,0.21600993300162319,-0.0017541029148618391,1002.5065501633899,1253.2750816949374,0.10000000000000001
1036,0,1.53483250723694,0.07999203619676544,0.21104939598969774,-0.0023589859324467787,1002.7074884982383,1353.7442491191314,0.10000000000000001
1037,0,1.5448466186521024,0.079991931244191489,0.20420330238042866,-0.0028460589825472487,1002.9838463826778,1491.9231913389126,0.10000000000000001
1038,0,1.5548253309486442,0.079988758995718182,0.19687717140471367,-0.0029552603178874615,1003.2980083402142,1649.004170107105,0.10000000000000001
1039,0,1.5648268882811591,0.079990051805193751,0.18850084458257313,-0.0026781031954549346,1003.6261105494464,1813.0552747231832,0.10000000000000001
1040,0,1.5747996450551711,0.07998136397328498,0.18126468267800741,-0.0022090071859976329,1003.9680940536653,1984.0470268326271,0.10000000000000001
1041,0,1.5847884234830336,0.079982998843138212,0.17394125361044505,-0.0014283864333915612,1004.2814667050687,2140.7333525343688,0.10000000000000001
1042,0,1.594751717457763,0.079975831818328375,0.1679178330919098,-0.00065486593535753548,1004.5594100853637,2279.7050426818259,0.10000000000000001
1043,0,1.6047360198831389,0.079979438153554919,0.16260634213984096,0.00016753925855152892,1004.8295856948492,2414.7928474246214,0.10000000000000001
1044,0,1.6146901744972291,0.079979651195063547,0.15863125625254093,0.00067497301974419352,1005.0579846084466,2528.9923042233227,0.10000000000000001
1045,0,1.6246794738672341,0.079984838135386996,0.15446059970785042,0.00069606241312519736,1005.2688529152438,2634.4264576218848,0.10000000000000001
1046,0,1.6346263421289646,0.079988901245245533,0.15199103470014244,0.00058831748872532398,1005.4791018363262,2739.5509181631041,0.10000000000000001
1047,0,1.6446238667673421,0.079990460637308247,0.14827186626156574,-7.6016094400410678e-05,1005.6419625514657,2820.9812757328336,0.10000000000000001
1048,0,1.6545582086897508,0.079987061141643723,0.14622970142392389,-0.0010363735907959509,1005.8253698433693,2912.6849216846722,0.10000000000000001
1049,0,1.6645624960580068,0.079982932239320459,0.14394776749231103,-0.0019148802709721175,1005.9969434087345,2998.4717043672617,0.10000000000000001
1050,0,1.6744743849214316,0.079973067286323057,0.14219192443436326,-0.0025107036517640802,1006.0810069041269,3040.5034520634331,0.10000000000000001
1051,0,1.6844803886253268,0.079968196289862653,0.1379507095994788,-0.0033520135988854833,1006.1365579026484,3068.2789513242028,0.10000000000000001
1052,0,1.6943940237313035,0.079964091580862609,0.14014992400411599,-0.0033019042893300105,1006.3927898266962,3196.3949133481151,0.10000000000000001
1053,0,1.7043696618238113,0.079964471795369529,0.13533455229966052,-0.0023691074427698903,1006.3477242577688,3173.8621288844229,0.10000000000000001
1054,0,1.7143314067555082,0.079966311181134869,0.13156376991722873,-0.0028364887957454728,1006.5341789590751,3267.0894795375602,0.10000000000000001
1055,0,1.7242488801640123,0.079979352868077516,0.12778360832362748,-0.00033151797732989819,1006.6816133246251,3340.8066623125592,0.10000000000000001
1056,0,1.7342636192882299,0.079915941450379183,0.12371087516425436,-0.0011893892706450098,1007.1338814763999,3566.9407381999463,0.10000000000000001
1057,0,1.744128805162912,0.080024332572797369,0.11496847399921845,-0.00054764789478789499,1007.3025675023471,3651.283751173537,0.10000000000000001
1058,0,1.7541259225287791,0.079923207940416935,0.1082306469296601,-0.0029439398465935566,1007.6629393801589,3831.4696900794729,0.10000000000000001
1059,0,1.7640610436101125,0.080028054530348045,0.10395370836080753,-9.2683978959980334e-05,1008.2791861411557,4139.5930705778592,0.10000000000000001
1060,0,1.7739615132625823,0.079934597852344205,0.09407940698777191,-0.0058220659923331032,1008.2892412309039,4144.6206154519696,0.10000000000000001
1061,0,1.7839858800351174,0.080095363255293012,0.094395669400324858,-0.0014880130175801314,1008.9290360410981,4464.5180205490651,0.10000000000000001
1062,0,1.7937547078644198,0.080002044052951846,0.079920280785434339,-0.0051295269220912243,1008.4067082020098,4203.3541010048903,0.10000000000000001
1063,0,1.8038839119819876,0.080122896891626286,0.079010419528738107,-0.005929528464914546,1009.3264292381922,4663.2146190960957,0.10000000000000001
1064,0,1.8135380952091424,0.080118144578940911,0.064297240089242258,-0.0013283759844207176,1008.7785258745448,4389.2629372724059,0.10000000000000001
1065,0,1.8237703177295066,0.080085291044575652,0.058193478155178065,-0.00099072112486888863,1010.2066623392044,5103.3311696021992,0.10000000000000001
1066,0,1.8334390363645821,0.080230405715285835,0.061972873100508231,0.0015709467865410898,1010.1935292138161,5096.7646069080383,0.10000000000000001
1067,0,1.8436912467608548,0.080183253108108865,0.038031102369191855,0.0019666025851862567,1010.23559266559,5117.7963327950238,0.10000000000000001
1068,0,1.8534601652769371,0.080410928706366819,0.048092252099234546,0.016516529384119159,1010.7344365852308,5367.2182926154055,0.10000000000000001
1069,0,1.8637114105291996,0.080341588634018274,0.035863368786348389,0.012732990103197245,1010.5199728336835,5259.9864168417407,0.10000000000000001
1070,0,1.8733703973800431,0.080636358623240145,0.030667542335352696,0.026397648769425176,1010.152610136123,5076.3050680615152,0.10000000000000001
1071,0,1.8842963515766575,0.08066384756927733,0.071626386604308645,0.012911352589016154,1013.3952850425176,6697.6425212587856,0.10000000000000001
1072,0,1.8931609390711774,0.081174554950098426,0.044874219479092564,0.033973550248298338,1008.0826902783825,4041.3451391912645,0.10000000000000001
1073,0,1.905955198365844,0.080459421150409771,0.077145068725399474,-0.012699956737272162,1013.7132797675556,6856.6398837778024,0.10000000000000001
1074,0,1.9138836185660228,0.08183318085219432,0.12754124394322638,0.016223036870847012,1010.6486266981967,5324.313349098361,0.10000000000000001
1075,0,1.9275948934585985,0.079293839254119258,0.064513030222943135,0.035313142656490992,1012.0679636202635,6033.9818101317633,0.10000000000000001
1076,0,1.9346431282331693,0.078951514940550263,0.10251287321743627,-0.040316017400130535,1010.670203673205,5335.1018366025182,0.10000000000000001
1077,0,1.947119090639958,0.078750034255201051,0.056926109906568545,-0.052592730494184704,1010.5651440687743,5282.5720343871581,0.10000000000000001
1078,0,1.9504274316391716,0.076868883591884513,0.035956574555466345,-0.039674353693388641,1008.1658382113857,4082.919105692838,0.10000000000000001
1079,0,1.9634357616271023,0.072947361075945072,-0.0092438315143000306,-0.029310976782316089,1015.3900382538002,7695.0191269000925,0.10000000000000001
1080,0,1.9633797598553433,0.071273355457744852,0.0015011208632117444,-0.058354548140035871,1017.2180019286608,8609.0009643303911,0.10000000000000001
1081,0,1.9770939667347993,0.068621173182912804,-0.040906199769886367,-4.096289938375049e-06,1009.5454077644511,4772.7038822255281,0.10000000000000001
1082,0,1.9770745183626983,0.069014794929006126,-0.038836833361817369,-0.0025876094016617059,1009.9247758627853,4962.3879313926409,0.10000000000000001
1083,0,1.991707748919185,0.071453708023887744,0.078062545877532474,-0.0071248440707851858,1040.5684153929874,20284.207696493693,0.10000000000000001
1084,0,1.9999967999999999,0.080147325318910403,0,0.015964365074559832,1003.2236086489183,1611.8043244591718,0.10000000000000001
1085,0,1.9999967999999999,0.079476158219864909,0,0.014799001413975926,1002.920403489253,1460.2017446264881,0.10000000000000001
1086,0,0.22852736702163751,0.090679121424726089,0.26601958345284588,-0.00086149503696437285,1000.1597203629443,79.860181472156455,0.10000000000000001
1087,0,0.22843551955589747,0.090323484047028779,0.26590900242363491,-0.00091041440613399407,1000.1582424829402,79.121241470090808,0.10000000000000001
1088,0,0.24521530207699357,0.086847034861322378,0.26332430013700125,-0.0025432142592860096,999.88730799868461,-56.346000657697459,0.10000000000000001
1089,0,0.25596028679998672,0.088060815077070614,0.26848075137201755,3.3187648101360298e-05,1000.3058911090463,152.94555452317127,0.10000000000000001
1090,0,0.25596585085446372,0.088163737200345066,0.26847934830963227,0.00015381218848666147,1000.3047779862943,152.38899314715582,0.10000000000000001
1091,0,0.27799936808642628,0.089661279472139949,0.25702930779516364,0.00037509206944754184,1000.1641162081174,82.058104058717163,0.10000000000000001
1092,0,0.27801042224457345,0.089774991731882206,0.25706887642697557,0.00039237448931585663,1000.1629063379428,81.453168971393097,0.10000000000000001
1093,0,0.29290684532705485,0.090007255920843535,0.2587148006907623,-0.00074589323371540041,1000.024807083396,12.403541698006393,0.10000000000000001
1094,0,0.30162180659468335,0.09027788426095254,0.25834212520778066,0.00019048206034122321,1000.4669485241567,233.47426207834587,0.10000000000000001
1095,0,0.31294438756084736,0.090356715383284519,0.25801887078335256,0.00075505030705872768,1000.1828132838772,91.406641938590383,0.10000000000000001
1096,0,0.32259898837319345,0.090344697230254831,0.26303185306351334,0.0013031035098479398,1000.2215180219964,110.7590109982084,0.10000000000000001
1097,0,0.3334411969348528,0.090223518766720606,0.25987975881389086,0.0013897089838719213,1000.140791371681,70.395685840480837,0.10000000000000001
1098,0,0.34321503428657602,0.090249991289996348,0.26517528695977427,0.00047296497878951621,1000.2841880351914,142.09401759569573,0.10000000000000001
1099,0,0.35388656656646467,0.090143153812689419,0.26295487646177451,0.00099976138308261863,1000.0586579909086,29.328995454307005,0.10000000000000001
1100,0,0.36364428916300556,0.090134139199279595,0.26588103875823232,0.00043026702657711005,1000.3570295375538,178.51476877689265,0.10000000000000001
1101,0,0.37417027850401896,0.090089356853059549,0.26578822012368625,0.00011191222902587554,999.97382268738318,-13.088656308411828,0.10000000000000001
1102,0,0.38395652790696039,0.090066363897380541,0.26623996966619451,0.00029024708459403169,1000.3544900761818,177.2450380909163,0.10000000000000001
1103,0,0.39435665297614714,0.090076121163999531,0.26752416843162385,-0.00014563419981142067,999.94210151581296,-28.949242093517569,0.10000000000000001
1104,0,0.4041710175910212,0.090033786255100667,0.26675495914197483,5.6539819786656821e-05,1000.2766447969849,138.32239849244843,0.10000000000000001
1105,0,0.41449717858772578,0.090063933201264226,0.26835521014637159,-9.2527739418488871e-05,999.95347297185083,-23.263514074585601,0.10000000000000001
1106,0,0.42433953011570114,0.090011193482792046,0.26721710379278363,-5.9864896358441974e-05,1000.2054817769044,102.7408884522174,0.10000000000000001
1107,0,0.43460247876146113,0.090057248690596559,0.26851065253166584,-0.00012903789604113371,999.97098966653891,-14.505166730543806,0.10000000000000001
1108,0,0.44448633333438342,0.090010774459953688,0.26729273173176926,-0.00014547742173166167,1000.1488250021521,74.412501076039916,0.10000000000000001
1109,0,0.45470057300369354,0.090044725797999089,0.26804237713107271,-0.0001931984320598557,999.99931796861267,-0.34101569366384865,0.10000000000000001
1110,0,0.46461755487902323,0.090013625040140974,0.26688488182871384,-0.00019932936496793767,1000.111651717975,55.825858987475385,0.10000000000000001
1111,0,0.47479936404076289,0.090035837034484617,0.26703074376186731,-0.00022159041769272641,1000.0413560803777,20.678040188840896,0.10000000000000001
1112,0,0.48473402294677559,0.090013916607798422,0.2660093740191849,-0.00020586899940971818,1000.1098805254728,54.94026273640884,0.10000000000000001
1113,0,0.4948973522056378,0.090029295262903888,0.26565006310563943,-0.00023608626843467302,1000.0921799004828,46.089950241423594,0.10000000000000001
1114,0,0.50483790115383842,0.090009135200939214,0.26477286938680211,-0.00021390057014929225,1000.1359988294805,67.999414740256725,0.10000000000000001
1115,0,0.51498597084340847,0.090021809936364744,0.26404642715706006,-0.00023134147987682023,1000.1431720548303,71.586027415150966,0.10000000000000001
1116,0,0.52492758537834017,0.090005182744043552,0.26332385011106246,-0.00023390974036611176,1000.176033434621,88.016717310495096,0.10000000000000001
1117,0,0.53506406409332308,0.090014658097285191,0.26239393878771483,-0.00021208403924326014,1000.1863696820085,93.184841004244845,0.10000000000000001
1118,0,0.54500574889658293,0.090003084644088599,0.26178289230456686,-0.00024141643425012931,1000.2200270853177,110.01354265886221,0.10000000000000001
1119,0,0.55513383989871257,0.090009262963514483,0.26084007432552336,-0.00018890696305979638,1000.2199842861295,109.99214306474414,0.10000000000000001
1120,0,0.56507823437769911,0.090003195333295066,0.26026563602567154,-0.00021764117607903633,1000.2609777605519,130.48888027594785,0.10000000000000001
1121,0,0.57519855591345714,0.090006018572472798,0.25940697578334398,-0.00016419636284649436,1000.2476822911893,123.84114559466752,0.10000000000000001
1122,0,0.58514869315465778,0.090003655907996569,0.25883187499310017,-0.00018392000288852258,1000.2954615898535,147.73079492675834,0.10000000000000001
1123,0,0.59526025402655969,0.090004435834656865,0.25804391570049873,-0.00014144784949958345,1000.2735310371951,136.76551859754227,0.10000000000000001
1124,0,0.60521798910588298,0.090003976692537194,0.25742934915186289,-0.00015651102921621963,1000.3256572128284,162.82860641422303,0.10000000000000001
1125,0,0.61532025901821208,0.090003585335865818,0.25664589680458377,-0.00013370747153622386,1000.302208011734,151.10400586701189,0.10000000000000001
1126,0,0.62528580850346227,0.090004290023939462,0.25593815611845777,-0.00014630517464524328,1000.3577413493986,178.87067469928297,0.10000000000000001
1127,0,0.63537931184291796,0.090003047282220291,0.2550864769542911,-0.00014391140911492389,1000.3387708529254,169.38542646272481,0.10000000000000001
1128,0,0.64535199837014368,0.090004357206609722,0.25422847057532089,-0.00015881094781433283,1000.3986942389837,199.34711949184702,0.10000000000000001
1129,0,0.65543729217893609,0.090003106488092524,0.25325601881683568,-0.00017075545735511466,1000.3878028283053,193.90141415266271,0.10000000000000001
1130,0,0.66541671685839343,0.090004045371690003,0.25222764133960252,-0.00018878193810796252,1000.4527749236779,226.38746183895364,0.10000000000000001
1131,0,0.67549391337485853,0.090003402030400498,0.25111794126354597,-0.0002063962957622049,1000.4512679129143,225.633956457159,0.10000000000000001
1132,0,0.68547982981691513,0.090003924490532711,0.24993866026312067,-0.00022531539516999278,1000.5206586720932,260.32933604659547,0.10000000000000001
1133,0,0.69554926722646671,0.090003423612718556,0.2487375488604012,-0.00024013535558184309,1000.5273687499114,263.68437495568742,0.10000000000000001
1134,0,0.70554110695345629,0.090004147619178923,0.24746844044228869,-0.00025164823206082779,1000.598607362853,299.30368142652242,0.10000000000000001
1135,0,0.71560347193958951,0.090003263588390725,0.24624794593198329,-0.0002587283592000999,1000.6115277624623,305.76388123114384,0.10000000000000001
1136,0,0.72560042622644771,0.090004377963428528,0.24499891447436167,-0.00025497339505813727,1000.6800732449644,340.03662248221644,0.10000000000000001
1137,0,0.73565662380260088,0.090003319078187052,0.24383650442139007,-0.00025169891577911537,1000.6964906089756,348.24530448781843,0.10000000000000001
1138,0,0.74565797946855816,0.09000448575276053,0.24270931004880844,-0.00023137192561470548,1000.7585731868423,379.28659342117044,0.10000000000000001
1139,0,0.75570885045675451,0.090003507474837055,0.24169007975109247,-0.00021652951504521752,1000.7746896401328,387.34482006640292,0.10000000000000001
1140,0,0.76571404809929733,0.090004635143457828,0.24074544857758154,-0.00018352623074680691,1000.8282847884263,414.14239421317234,0.10000000000000001
1141,0,0.77576045049432085,0.090003732364207709,0.23992293246779439,-0.00016155480475644142,1000.8412119691649,420.60598458243703,0.10000000000000001
1142,0,0.78576898385825722,0.090004855133353157,0.23918577770476729,-0.00012438038121641583,1000.8854446215529,442.72231077644619,0.10000000000000001
1143,0,0.79581177325038888,0.090004070207747269,0.23856407253485237,-0.0001010930656878089,1000.8942025246404,447.10126232018865,0.10000000000000001
1144,0,0.80582322909586779,0.090005094910322853,0.23801794384081951,-6.8805554968937792e-05,1000.929626883015,464.81344150748782,0.10000000000000001
1145,0,0.81586306743436121,0.090004495051948921,0.23756366597698142,-5.2347244788856698e-05,1000.9348322164825,467.41610824125246,0.10000000000000001
1146,0,0.82587713268809482,0.090005372083015539,0.2371603285903926,-3.1071715013347549e-05,1000.9632648920018,481.63244600090138,0.10000000000000001
1147,0,0.83591449822902197,0.090004860590146923,0.23681792910200899,-2.693799303843148e-05,1000.9665848906042,483.29244530208371,0.10000000000000001
1148,0,0.84593076089820696,0.090005567472826883,0.2364972110299724,-1.9124919910816374e-05,1000.9905089563753,495.25447818763269,0.10000000000000001
1149,0,0.85596599763123693,0.090005160291166245,0.23620883346223315,-2.7658772213119236e-05,1000.9939214482266,496.96072411330761,0.10000000000000001
1150,0,0.86598408482305156,0.090005717785908032,0.23591888347765427,-3.1549422441085929e-05,1001.0156477501739,507.82387508695592,0.10000000000000001
1151,0,0.87601749178168509,0.090005400979926778,0.23564215886847689,-4.8161174752331029e-05,1001.0207345460864,510.36727304318674,0.10000000000000001
1152,0,0.88603706874074961,0.090005858255946258,0.23535287778828093,-5.7980633705905788e-05,1001.0418279714083,520.91398570416914,0.10000000000000001
1153,0,0.89606889135213952,0.090005588671196415,0.23507396045287682,-7.5391602664564368e-05,1001.0491927621008,524.59638105040085,0.10000000000000001
1154,0,0.90608966873721153,0.090005974152234963,0.23478505012793224,-8.3441988324032819e-05,1001.0700254748834,535.0127374417184,0.10000000000000001
1155,0,0.91612011919871172,0.090005681144162047,0.23451937337427439,-9.4291506221208244e-05,1001.0791278939441,539.56394697206633,0.10000000000000001
1156,0,0.92614176828326233,0.090005943838779162,0.23426168676181786,-9.3959004021115647e-05,1001.0988056126562,549.40280632808935,0.10000000000000001
1157,0,0.93617094695888958,0.090005660170681512,0.23404847455854724,-9.3395402428816991e-05,1001.1080250819471,554.01254097353103,0.10000000000000001
1158,0,0.94619318568333788,0.090005811567420865,0.23387060775647509,-8.1423109211265285e-05,1001.124841419475,562.42070973752334,0.10000000000000001
1159,0,0.95622121453572839,0.090005530659902577,0.23375966438225751,-6.8677830955166214e-05,1001.1320481225306,566.02406126529559,0.10000000000000001
1160,0,0.96624384568880872,0.090005598800085254,0.23370625838016537,-4.7042168959626422e-05,1001.1443500549051,572.17502745254478,0.10000000000000001
1161,0,0.97627087037995974,0.090005278133078501,0.23373216706373565,-2.6036652311882498e-05,1001.1479592393022,573.97961965108379,0.10000000000000001
1162,0,0.98629373911550666,0.090005261531938829,0.23381729160702189,-9.2640714753465982e-07,1001.1551762307168,577.58811535842369,0.10000000000000001
1163,0,0.99631989942962329,0.090004921920924338,0.23396908748231218,2.0085259231860162e-05,1001.1554029106854,577.70145534271933,0.10000000000000001
1164,0,1.00634283316018,0.090004818790552638,0.23415234417116323,3.987923578072972e-05,1001.1591547711809,579.57738559042582,0.10000000000000001
1165,0,1.0163681441565751,0.090004471406618505,0.23435242800900968,5.1495501131884945e-05,1001.1588173205032,579.40866025160176,0.10000000000000001
1166,0,1.0263908459533884,0.090004243697771769,0.23451985962502828,5.6765844101753314e-05,1001.1635057206985,581.75286034924056,0.10000000000000001
1167,0,1.0364151402517787,0.090003831070510035,0.23462323317153985,5.0836273830062282e-05,1001.1683249790699,584.16248953494687,0.10000000000000001
1168,0,1.0464371686268372,0.090003428761555884,0.23460039856511208,3.5937161133859827e-05,1001.1810940894594,590.54704472970343,0.10000000000000001
1169,0,1.0564600780993367,0.090002891516794192,0.23440591011893375,8.5849604949185259e-06,1001.1985247466341,599.26237331706034,0.10000000000000001
1170,0,1.0664808582930281,0.090002315203177807,0.23398766338701241,-2.7283336522737908e-05,1001.2276626785738,613.83133928688949,0.10000000000000001
1171,0,1.0765018514104512,0.090001696667406511,0.23330501455987451,-7.3431598105406452e-05,1001.2659003376571,632.95016882852906,0.10000000000000001
1172,0,1.0865207520727482,0.090001096356235322,0.23231326251756218,-0.00012449167172627588,1001.3181889197308,659.09445986540049,0.10000000000000001
1173,0,1.0965392323289629,0.090000468706614142,0.23100654001981341,-0.00018168284995276609,1001.3821420828458,691.07104142290154,0.10000000000000001
1174,0,1.1065556443200264,0.089999872736502534,0.22939307210156407,-0.00023744387336109685,1001.4613950432938,730.69752164690271,0.10000000000000001
1175,0,1.1165708328347157,0.089999076304682013,0.22747800279583677,-0.00029302089567972289,1001.5505205786618,775.26028933090174,0.10000000000000001
1176,0,1.126584069563521,0.089998357568405796,0.22532643246760889,-0.00034069519835587791,1001.6522195647278,826.10978236391475,0.10000000000000001
1177,0,1.1365951977119266,0.089997255635339682,0.22301840849833368,-0.00037959613167868602,1001.7599730645366,879.98653226827628,0.10000000000000001
1178,0,1.1466046750114853,0.089996405591413572,0.22062187860443888,-0.00040371200226040896,1001.8734830646259,936.74153231296486,0.10000000000000001
1179,0,1.1566112226819458,0.08999508288324648,0.21823324143802292,-0.00041203172930650108,1001.9843895267805,992.19476339027324,0.10000000000000001
1180,0,1.1666168213047019,0.089994226251080209,0.21599549581910552,-0.00039993109671057403,1002.0951863648714,1047.593182435719,0.10000000000000001
1181,0,1.1766187775147143,0.089992963230240683,0.21395123693139334,-0.00036633632093378951,1002.1939465523944,1096.9732761972182,0.10000000000000001
1182,0,1.1866208376349134,0.089992194108785992,0.21219430084453478,-0.00031689007566152675,1002.2844885946553,1142.2442973276361,0.10000000000000001
1183,0,1.196618929769466,0.089991192193992417,0.21081426968053052,-0.00024515362238987972,1002.3591640538556,1179.5820269277897,0.10000000000000001
1184,0,1.2066181431432859,0.089990379313581753,0.20980471621412281,-0.00016454327710861675,1002.4217988167945,1210.8994083972675,0.10000000000000001
1185,0,1.2166132341891871,0.089989676741081562,0.20912410972567191,-7.5645148943304113e-05,1002.4642373912144,1232.1186956071983,0.10000000000000001
1186,0,1.2266104751092628,0.089988709037426465,0.2088219307581215,6.6995521153429173e-06,1002.5000230030259,1250.0115015129722,0.10000000000000001
1187,0,1.2366033395849849,0.089988392732678127,0.20875048035385566,8.99809362723453e-05,1002.5196073254382,1259.8036627190936,0.10000000000000001
1188,0,1.2465991081927126,0.089987293660932971,0.20877269808449933,0.0001451983493835464,1002.5363737277547,1268.1868638773608,0.10000000000000001
1189,0,1.2565902923173231,0.089987339226867802,0.20882436653096159,0.0001813969394518203,1002.5484796468143,1274.2398234071288,0.10000000000000001
1190,0,1.2665849054901148,0.089986265100452933,0.20875739666989981,0.00018838866969020818,1002.5729089564919,1286.4544782459575,0.10000000000000001
1191,0,1.2765740803601311,0.089986495109188047,0.2083080562215319,0.0001638702507103428,1002.5983864685392,1299.1932342695804,0.10000000000000001
1192,0,1.2865675941925483,0.089985650211338822,0.20743043853025422,9.9656626794275739e-05,1002.6511544516949,1325.5772258474394,0.10000000000000001
1193,0,1.2965541230816084,0.089985803349763721,0.20602085406236167,5.6253338481153711e-06,1002.718909574617,1359.4547873084935,0.10000000000000001
1194,0,1.3065460737801811,0.089985396474532561,0.20394517510012192,-0.00010908155714855178,1002.822007138199,1411.0035690994778,0.10000000000000001
1195,0,1.3165287083498474,0.089985148650186003,0.2011366700044678,-0.00025723813729449014,1002.9380729788804,1469.0364894402137,0.10000000000000001
1196,0,1.3265187165513137,0.089985377091104657,0.1978041914223457,-0.00040718056305241317,1003.0977284741947,1548.864237097348,0.10000000000000001
1197,0,1.3364961824020654,0.089984506284405991,0.19399988909959515,-0.00055242655410205012,1003.2630436859706,1631.5218429853076,0.10000000000000001
1198,0,1.3464836398161584,0.089985387063254166,0.18984969612666994,-0.00067518740043393585,1003.454062864103,1727.0314320514899,0.10000000000000001
1199,0,1.3564553167093596,0.0899839328856048,0.18572351152983177,-0.00076804406454018522,1003.6310807272646,1815.5403636322944,0.10000000000000001
1200,0,1.3664407690677487,0.08998533257388211,0.18202155767786715,-0.00080088309016203415,1003.8193476122029,1909.6738061014662,0.10000000000000001
1201,0,1.3764067223126211,0.089983791153755377,0.17891248422515946,-0.000743793545153921,1003.9575711067192,1978.7855533596144,0.10000000000000001
1202,0,1.3863920379744334,0.08998535235445991,0.17679649099669445,-0.00065563408887561205,1004.0785166339618,2039.25831698092,0.10000000000000001
1203,0,1.3963540970643309,0.089984516394817596,0.17602541124073107,-0.00043400741935074682,1004.1278312574539,2063.9156287269316,0.10000000000000001
1204,0,1.406342297880306,0.089985727336033008,0.17671175860755267,-0.00020482028382007574,1004.1398082571703,2069.9041285851649,0.10000000000000001
1205,0,1.4163031450390513,0.089986277294257358,0.17900799099534909,0.00016026240502787646,1004.0633067989316,2031.6533994658244,0.10000000000000001
1206,0,1.4262979328202412,0.089986586799534807,0.18279388932550455,0.00043561483349458907,1003.946733594948,1973.3667974740001,0.10000000000000001
1207,0,1.4362605511760409,0.089988765491753511,0.18797632746760162,0.00082901476799832562,1003.7466267378651,1873.3133689325427,0.10000000000000001
1208,0,1.4462648366823068,0.089987959436261297,0.19421562727935218,0.0010558949561307808,1003.5305232985453,1765.2616492726452,0.10000000000000001
1209,0,1.4562314045217488,0.089991232655532591,0.20105808067725117,0.0013484772299597451,1003.2559103741477,1627.9551870738374,0.10000000000000001
1210,0,1.4662458623485963,0.089989632252478177,0.20787527102661854,0.0014096433965747001,1003.0066766959559,1503.3383479779445,0.10000000000000001
1211,0,1.4762169211653389,0.089993172804825688,0.21408936640841725,0.0014701863846520063,1002.7411023895575,1370.5511947787272,0.10000000000000001
1212,0,1.4862398196850999,0.089991324417537363,0.21913786016248185,0.0012916072100548049,1002.561626343849,1280.8131719244784,0.10000000000000001
1213,0,1.4962134811537731,0.089994690078247411,0.22248802594410838,0.0011023395354835233,1002.4087209297475,1204.3604648737301,0.10000000000000001
1214,0,1.5062413147292295,0.089993322283327182,0.22353119813361819,0.00072849360547427259,1002.3767068451003,1188.3534225501649,0.10000000000000001
1215,0,1.5162144086734397,0.089996130714061567,0.22249334071687307,0.00032769234593663365,1002.3985888886587,1199.2944443293254,0.10000000000000001
1216,0,1.5262439219234489,0.08999573854304431,0.21913845129484216,-0.00018099629220684387,1002.5562590352023,1278.129517601144,0.10000000000000001
1217,0,1.5362122793158843,0.089997555762714496,0.21393491899713227,-0.00058032408337930672,1002.7426903919641,1371.3451959820304,0.10000000000000001
1218,0,1.5462407886338889,0.089996984498286137,0.2072444172327996,-0.0010595371637453499,1003.0447271706913,1522.3635853456585,0.10000000000000001
1219,0,1.5562000376660086,0.08999740336060362,0.199948478577437,-0.0013230924940722077,1003.3377722774113,1668.8861387056591,0.10000000000000001
1220,0,1.5662244391651885,0.089995495667546846,0.19194166350498962,-0.0016013302142545093,1003.6840896289215,1842.0448144607349,0.10000000000000001
1221,0,1.5761706289846455,0.089994111675199592,0.18482859842300503,-0.0015770506504380962,1004.0002229691971,2000.1114845985626,0.10000000000000001
1222,0,1.5861891702782762,0.089992351862123579,0.1777988373197831,-0.0017077333765305916,1004.3230385930364,2161.5192965181791,0.10000000000000001
1223,0,1.5961210416781406,0.089990311113939833,0.17187864532798619,-0.0014335027458418448,1004.5856825464526,2292.8412732263155,0.10000000000000001
1224,0,1.6061373934618646,0.089991870215316655,0.16684503097840683,-0.001321867883010011,1004.8672346995502,2433.6173497750906,0.10000000000000001
1225,0,1.6160584778584304,0.089990982175587167,0.16238549301299279,-0.00089889152032943142,1005.0659597294605,2532.9798647302368,0.10000000000000001
1226,0,1.626079746539898,0.089994892004700455,0.15846612720203165,-0.00088207936297762747,1005.2951521896234,2647.5760948117113,0.10000000000000001
1227,0,1.6359960018036932,0.089996096997132652,0.1557493100584621,-0.00034217819344673574,1005.4871623316872,2743.5811658435796,0.10000000000000001
1228,0,1.6460223053851946,0.089995534024841034,0.15194343416434225,-0.00021916370453482103,1005.6389328295386,2819.4664147692947,0.10000000000000001
1229,0,1.6559339249811136,0.089999230704689751,0.14978486886142836,0.00030307768292550609,1005.8014182261895,2900.7091130947629,0.10000000000000001
1230,0,1.6659590645704394,0.089986557354656466,0.14811727078724751,0.00018855783562556633,1005.9637543201592,2981.8771600795912,0.10000000000000001
1231,0,1.6758582378091065,0.08999889429993771,0.14595357524170427,0.001082490814787567,1006.0393835591838,3019.6917795918807,0.10000000000000001
1232,0,1.6858730878483916,0.089977308963214472,0.14245623299314131,0.0013187516332418207,1006.0558976783472,3027.9488391735754,0.10000000000000001
1233,0,1.6957735851762421,0.089995384257423344,0.14453784738664746,0.0016623692016038253,1006.3573059868036,3178.6529934017835,0.10000000000000001
1234,0,1.7057648419560272,0.089984179036582262,0.13883648225781001,0.0010926628366766467,1006.2469718211703,3123.4859105851456,0.10000000000000001
1235,0,1.7156878725045572,0.089985515564987351,0.13419524529006943,0.00010153820454318914,1006.4868505430263,3243.4252715131606,0.10000000000000001
1236,0,1.7256513409444278,0.089997797536657126,0.1333458366225245,-0.00090746121839888896,1006.7448255668271,3372.4127834135516,0.10000000000000001
1237,0,1.7355921097092202,0.090012320260274059,0.12406067423887385,0.00073478991184669474,1007.0177793723172,3508.889686158625,0.10000000000000001
1238,0,1.7455528790643042,0.08995998199704662,0.11435909904944154,-0.0040297718540942109,1007.1561411155608,3578.0705577803928,0.10000000000000001
1239,0,1.7554675179534247,0.090036034664004699,0.11181926562429496,-0.0046136622666640495,1007.7754125605351,3887.7062802675368,0.10000000000000001
1240,0,1.7654379760311805,0.08998143922531715,0.10600261233867529,-0.0032216538391281052,1007.9774307804762,3988.7153902380987,0.10000000000000001
1241,0,1.7753421292648288,0.09001748207893645,0.093045090568735736,-0.0038852482911580916,1008.1832592890836,4091.629644541797,0.10000000000000001
1242,0,1.7853472146885971,0.089960827518629591,0.098906198802626563,-0.0059469748789675887,1009.0735368973218,4536.7684486608941,0.10000000000000001
1243,0,1.7951674235498012,0.089993944535752865,0.078132107565687225,-0.0062197023812383245,1008.5879361593016,4293.9680796508237,0.10000000000000001
1244,0,1.8053079260237022,0.089968796043991231,0.089352674250078507,-0.0063292944903332897,1010.224406046465,5112.203023232496,0.10000000000000001
1245,0,1.8150096524661861,0.090035576925613189,0.07267259597044308,0.0028611220025924851,1009.2680965032024,4634.0482516011998,0.10000000000000001
1246,0,1.8253357365280261,0.090026779436264456,0.06405987649365541,0.0035651270963528514,1010.5245326067514,5262.2663033757253,0.10000000000000001
1247,0,1.8349046442059327,0.090053669770553318,0.056121311906983051,-0.0020031756543412113,1009.6412844141067,4820.6422070533681,0.10000000000000001
1248,0,1.8454569081328893,0.090117942950191529,0.058941646978332679,-0.0011735210481247714,1012.0244323041816,6012.2161520907866,0.10000000000000001
1249,0,1.854837187773698,0.090130312351948266,0.050108406899485397,0.0091884952037503045,1009.9937150660854,4996.8575330427138,0.10000000000000001
1250,0,1.8657377118081568,0.090115542976712593,0.055079430722921555,-0.0028457252157023209,1012.694226819037,6347.1134095184989,0.10000000000000001
1251,0,1.8748703963169542,0.09052389995998418,0.057173510328021197,0.033017042509293909,1009.9232790221013,4961.6395110506346,0.10000000000000001
1252,0,1.886425853107166,0.089824350036215861,0.072172031395255604,-0.011542174784805627,1012.9068676760826,6453.4338380412919,0.10000000000000001
1253,0,1.8950784142357282,0.090866546709394341,0.085152731840506216,0.0026971920390883282,1010.0971371118355,5048.5685559177682,0.10000000000000001
1254,0,1.907569272399283,0.089862413457975743,0.086161188082597803,0.032029545743940985,1014.4202348135835,7210.1174067917673,0.10000000000000001
1255,0,1.9159497497054723,0.089667017222265513,0.12825785754397545,-0.032741616114710902,1010.382927358189,5191.4636790945115,0.10000000000000001
1256,0,1.9273206636926812,0.090213192254166533,0.062992100634147105,-0.061946351068935812,1010.8811575023147,5440.5787511573744,0.10000000000000001
1257,0,1.9353548711243946,0.090291448769739671,0.078286285383710519,0.0070553540238954514,1011.0946746822158,5547.337341107891,0.10000000000000001
1258,0,1.9467091182486627,0.088429141919087642,0.029624652100714657,-0.0051756691261552103,1014.595031872615,7297.5159363074908,0.10000000000000001
1259,0,1.9520417273897961,0.08864520784894088,0.093479056019632897,-0.019964011525268787,1010.7222000944879,5361.1000472439518,0.10000000000000001
1260,0,1.9663183307899834,0.087364347204548665,-0.011778557194379851,0.029007291400358629,1011.1701862099289,5585.0931049644714,0.10000000000000001
1261,0,1.9662532150649183,0.086865845856520268,-0.016710545429277662,0.016459432553849566,1011.1949088050388,5597.4544025194173,0.10000000000000001
1262,0,1.9776859334114381,0.082249463709302126,0.030598821826379657,0.009371588440068912,1006.8875832733537,3443.7916366768491,0.10000000000000001
1263,0,1.9777400154226059,0.082052228792401344,0.032866633837058283,0.0036324513850724501,1007.0871614951275,3543.5807475637375,0.10000000000000001
1264,0,1.9878776704194785,0.084490978881499854,0.031481449983919857,0.06299547608545486,1020.7727423117016,10386.371155850782,0.10000000000000001
1265,0,1.9999967999999999,0.089505560893240341,0,-0.0095837120278703704,1005.0266191137046,2513.3095568522776,0.10000000000000001
1266,0,1.9999967999999999,0.090119262417032414,0,-0.0071874938401269833,1004.8462155226666,2423.1077613333127,0.10000000000000001
1267,0,0.23047298554531198,0.099999999999999145,0.26937290100443168,1.753639638009198e-14,1000.1889523521545,94.476176077250784,0.10000000000000001
1268,0,0.23047298554531198,0.099999999999999353,0.26937290100443168,1.7652891025308816e-14,1000.1889523521545,94.476176077250784,0.10000000000000001
1269,0,0.24809679191617823,0.099999999999997688,0.25953883024415397,1.4180059588055489e-14,999.92973860941822,-35.130695290888525,0.10000000000000001
1270,0,0.25517995085873807,0.099999999999997174,0.26345214228748343,2.9718136508131063e-14,1000.1368408686016,68.420434300776378,0.10000000000000001
1271,0,0.25517995085873807,0.099999999999997161,0.26345214228747643,2.9721623406700341e-14,1000.1368408686014,68.420434300719535,0.10000000000000001
1272,0,0.27837545421990795,0.099999999999999423,0.25797829923103421,4.0395071839768644e-14,1000.1290423088182,64.521154409078463,0.10000000000000001
1273,0,0.27837545421990789,0.099999999999999464,0.25797829923103888,4.0393180852302999e-14,1000.1290423088171,64.521154408566872,0.10000000000000001
1274,0,0.29308611297206427,0.099999999999999353,0.26095325148590737,3.6751086458659275e-14,1000.2893586444621,144.67932223107027,0.10000000000000001
1275,0,0.30211149338679616,0.099999999999999839,0.26102436937979745,3.0815403409206015e-14,999.83918001762277,-80.409991188616914,0.10000000000000001
1276,0,0.31315735267698036,0.099999999999999228,0.2588142063976927,2.6616192281876538e-14,1000.2319402904027,115.97014520134508,0.10000000000000001
1277,0,0.3229923082220405,0.09999999999999952,0.2648230490349045,2.396059697183847e-14,1000.1855850415188,92.79252075941713,0.10000000000000001
1278,0,0.33391202191449837,0.099999999999999978,0.25997557865857901,2.8476339224519891e-14,1000.0879587561968,43.979378098413235,0.10000000000000001
1279,0,0.3436334982816876,0.09999999999999945,0.26642389980181042,3.4604003415608633e-14,1000.3944021892703,197.20109463514746,0.10000000000000001
1280,0,0.35436181006219164,0.099999999999999908,0.26408455656905661,4.8343135958203634e-14,999.89687836787607,-51.560816061964942,0.10000000000000001
1281,0,0.3640957892959692,0.099999999999999784,0.26648552230698119,6.7440218572496919e-14,1000.4345494617814,217.27473089072191,0.10000000000000001
1282,0,0.37460077099017736,0.099999999999999756,0.26720221388765703,6.511434218726162e-14,999.88563732045714,-57.181339771432249,0.10000000000000001
1283,0,0.38438224307995061,0.099999999999999867,0.26710029659612622,4.8137897289761564e-14,1000.3458510477818,172.92552389091043,0.10000000000000001
1284,0,0.39475874965387237,0.10000000000000009,0.26873770230039229,3.5488119344425166e-14,999.91984611884607,-40.076940576966535,0.10000000000000001
1285,0,0.40460943155166168,0.10000000000000024,0.26791274982467966,3.162941936490302e-14,1000.2770053368653,138.50266843263626,0.10000000000000001
1286,0,0.41488869510662674,0.10000000000000027,0.26946243458148328,5.1327616741788522e-14,999.92527034159946,-37.364829200271288,0.10000000000000001
1287,0,0.42478389918007131,0.10000000000000024,0.26835385188692795,6.7670294802305936e-14,1000.2136796662037,106.83983310184431,0.10000000000000001
1288,0,0.43500276059067106,0.10000000000000012,0.26961907821067005,4.1990121535883004e-14,999.94684766696105,-26.576166519475919,0.10000000000000001
1289,0,0.44493152913812034,0.10000000000000032,0.26838257127556098,1.8846825954518597e-14,1000.1648094536592,82.404726829622632,0.10000000000000001
1290,0,0.45511794872464634,0.10000000000000062,0.2691966883933245,3.4303465979524929e-14,999.98396116818799,-8.0194159060056336,0.10000000000000001
1291,0,0.46506029520839326,0.10000000000000063,0.26794248852141689,5.5195776113044371e-14,1000.1379404335858,68.970216792877181,0.10000000000000001
1292,0,0.47522545746172068,0.10000000000000017,0.2682304910820662,5.1894761278446292e-14,1000.0314328022732,15.716401136614877,0.10000000000000001
1293,0,0.48518065233325303,0.10000000000000017,0.26705026775240309,4.4811069876276485e-14,1000.1218678823054,60.933941152711668,0.10000000000000001
1294,0,0.49532706048038749,0.10000000000000051,0.26682896908704229,4.7142431368880137e-14,1000.0822590249973,41.129512498628173,0.10000000000000001
1295,0,0.50528668008442656,0.099999999999999589,0.26584864215700232,3.1607576031851936e-14,1000.1238166837119,61.908341855939852,0.10000000000000001
1296,0,0.51542186500093734,0.099999999999999714,0.26517728082360587,6.7480152877020935e-15,1000.1283099735674,64.154986783705681,0.10000000000000001
1297,0,0.52537641257369738,0.10000000000000014,0.26444983051328574,3.250164528811693e-15,1000.1489171373789,74.45856868946521,0.10000000000000001
1298,0,0.53550692195468608,0.099999999999999631,0.26350041467863367,3.0944705618204408e-15,1000.1657179643212,82.858982160587402,0.10000000000000001
1299,0,0.54545580994942033,0.099999999999999326,0.26293629303570176,1.1563955465177942e-14,1000.189073211592,94.536605796008644,0.10000000000000001
1300,0,0.55558088282250906,0.099999999999999756,0.26195763529987154,4.4673429552342402e-14,1000.1950640416467,97.532020823337007,0.10000000000000001
1301,0,0.5655293174969962,0.099999999999999867,0.26142309956666449,8.4557761089399815e-14,1000.2300538226762,115.0269113380773,0.10000000000000001
1302,0,0.57564820767099278,0.10000000000000032,0.26054173236928918,1.1682944301101462e-13,1000.2214279251087,110.71396255437094,0.10000000000000001
1303,0,0.58559974649135405,0.099999999999999908,0.25998560938589954,1.2494359212958256e-13,1000.2654248598369,132.71242991845611,0.10000000000000001
1304,0,0.59571214035213826,0.099999999999999867,0.25919056956446224,1.1943793996781095e-13,1000.2480693660469,124.0346830234671,0.10000000000000001
1305,0,0.60566874822764882,0.099999999999999825,0.25857386511132979,9.8435025097165387e-14,1000.2983415699571,149.17078497853709,0.10000000000000001
1306,0,0.61577369408191807,0.099999999999999992,0.25779473379901358,1.9182641284480791e-14,1000.2791735931056,139.58679655280548,0.10000000000000001
1307,0,0.62573716367860188,0.099999999999999492,0.25707513840844759,-4.7880228030915494e-14,1000.3344701682726,167.23508413627997,0.10000000000000001
1308,0,0.63583312800343716,0.099999999999999617,0.25622652524583428,-2.6650019369590121e-14,1000.319189541522,159.59477076097528,0.10000000000000001
1309,0,0.64580444261593484,0.10000000000000102,0.25536010931066333,1.5734854497250914e-14,1000.3795624760777,189.78123803884728,0.10000000000000001
1310,0,0.65589123507099434,0.10000000000000034,0.25438401195090626,2.7770762376016751e-14,1000.3715752499902,185.78762499510049,0.10000000000000001
1311,0,0.66586990379661937,0.09999999999999945,0.25335611069584946,2.9795019988748676e-14,1000.436824709585,218.41235479251964,0.10000000000000001
1312,0,0.67594836346504716,0.10000000000000038,0.25223789428120963,4.1618161858450421e-14,1000.4372448725549,218.62243627742828,0.10000000000000001
1313,0,0.68593346545884482,0.099999999999999714,0.25106609327806229,4.9817720141207853e-14,1000.5066626898897,253.33134494485421,0.10000000000000001
1314,0,0.69600436493212259,0.099999999999999881,0.24986102005314029,2.4586099342829535e-14,1000.513825577469,256.91278873449619,0.10000000000000001
1315,0,0.70599518430747188,0.099999999999999908,0.24859870087390223,-4.1726556913241577e-15,1000.5851078061841,292.55390309202767,0.10000000000000001
1316,0,0.71605914213420085,0.099999999999999881,0.24738575965729875,-1.7650484853724126e-14,1000.597070191589,298.53509579447746,0.10000000000000001
1317,0,0.72605503863466059,0.099999999999999936,0.24613938206181962,-1.1914656754369334e-14,1000.6656071311879,332.80356559396296,0.10000000000000001
1318,0,0.73611276705871653,0.099999999999999617,0.24499277648007625,4.1351013840539419e-14,1000.680346870162,340.17343508099884,0.10000000000000001
1319,0,0.74611320646938317,0.10000000000000035,0.24386756312375144,8.3132655882365702e-14,1000.7421355436815,371.06777184072826,0.10000000000000001
1320,0,0.75616550779093961,0.099999999999999728,0.24286543864379509,5.7600877791669971e-14,1000.7566339291849,378.31696459244313,0.10000000000000001
1321,0,0.76616993975737901,0.099999999999999825,0.24192322218438908,6.1951597312372285e-15,1000.8097163898062,404.85819490311314,0.10000000000000001
1322,0,0.77621768345011,0.0999999999999997,0.24111407433617196,-2.2205985090909291e-14,1000.8216803981152,410.84019905758851,0.10000000000000001
1323,0,0.78622558118907249,0.09999999999999927,0.24037983675491259,-2.0068525390578865e-14,1000.8654941510016,432.74707550079938,0.10000000000000001
1324,0,0.79626960221063392,0.099999999999999561,0.23976650975735322,-5.9360860452986972e-15,1000.8740109928927,437.00549644637476,0.10000000000000001
1325,0,0.80628058861819685,0.099999999999999895,0.23922110577679903,3.7678198826386433e-15,1000.9096296119187,454.81480595935864,0.10000000000000001
1326,0,0.81632153738880853,0.09999999999999945,0.23877189131560983,5.3841375055415881e-15,1000.9150824320656,457.54121603278008,0.10000000000000001
1327,0,0.8263353172092579,0.10000000000000055,0.23836644269014554,9.5176023830482006e-15,1000.9443748126625,472.18740633127254,0.10000000000000001
1328,0,0.83637365988189627,0.099999999999999686,0.23802727526084705,4.5475454554922353e-15,1000.9482464097262,474.12320486307635,0.10000000000000001
1329,0,0.84638979940182413,0.0999999999999997,0.23770329375195665,1.3312250756516025e-16,1000.9732629255169,486.63146275845293,0.10000000000000001
1330,0,0.85642590990357492,0.10000000000000021,0.23741744767459669,9.668889434306178e-15,1000.9773098916966,488.65494584828184,0.10000000000000001
1331,0,0.86644397609132018,0.099999999999999575,0.2371255608720497,1.0087942445191084e-14,1000.9999160239259,499.95801196297407,0.10000000000000001
1332,0,0.87647818397198562,0.099999999999999742,0.23685215050533662,1.8365206785426896e-14,1001.0053565714675,502.67828573373663,0.10000000000000001
1333,0,0.88649782043170089,0.099999999999999423,0.23656385860669504,3.353241680583813e-14,1001.0268410779959,513.42053899793427,0.10000000000000001
1334,0,0.89653041733999528,0.099999999999999187,0.23629050642785021,1.9187222660522749e-14,1001.0339611324887,516.9805662443423,0.10000000000000001
1335,0,0.9065513356448659,0.099999999999999256,0.23600579851736464,-3.3495175045415189e-15,1001.0546298299656,527.31491498281002,0.10000000000000001
1336,0,0.91658248117046714,0.099999999999999811,0.23574868044977362,1.3298777983110624e-14,1001.0628302901262,531.41514506307885,0.10000000000000001
1337,0,0.92660435382107542,0.10000000000000007,0.23549778993490961,3.2337831521760652e-14,1001.0818671465485,540.93357327423064,0.10000000000000001
1338,0,0.93663416918990772,0.10000000000000001,0.23529533335011679,3.063441289300514e-15,1001.089812886607,544.90644330348914,0.10000000000000001
1339,0,0.94665672951875479,0.099999999999999478,0.23512597455113876,-2.5500129975505816e-14,1001.1057267500975,552.86337504873018,0.10000000000000001
1340,0,0.95668537594909209,0.10000000000000062,0.23502590741693452,-2.4961647498812902e-14,1001.1116587969954,555.82939849767854,0.10000000000000001
1341,0,0.96670839707992218,0.099999999999999117,0.23498100579153167,-2.6430982941458248e-15,1001.1231239832719,561.56199163592646,0.10000000000000001
1342,0,0.97673601680438027,0.099999999999999561,0.23501622154519039,8.3131800477664365e-15,1001.1257555247194,562.87776235967613,0.10000000000000001
1343,0,0.9867592545403101,0.10000000000000002,0.23510701954399868,-4.4655595604398373e-14,1001.132474968926,566.23748446298805,0.10000000000000001
1344,0,0.99678591614366241,0.10000000000000159,0.23526491927059315,-9.0384686873022308e-14,1001.1322555705198,566.12778525988006,0.10000000000000001
1345,0,1.0068091731578814,0.099999999999999992,0.23544930789714616,-1.081149329009098e-13,1001.1359528701297,567.97643506484974,0.10000000000000001
1346,0,1.0168349706389057,0.099999999999999464,0.23565058543724682,-9.8662854776540901e-14,1001.1358243310028,567.91216550141144,0.10000000000000001
1347,0,1.026858003492646,0.10000000000000039,0.23581381648709826,-1.5417451244356989e-14,1001.1408208264447,570.41041322236197,0.10000000000000001
1348,0,1.0368828664440668,0.099999999999999825,0.23591326951114142,6.7620634987329176e-14,1001.1463549865166,573.17749325829936,0.10000000000000001
1349,0,1.046905198512547,0.099999999999999797,0.23588098043470687,3.0906622244319304e-14,1001.1596193620376,579.80968101878716,0.10000000000000001
1350,0,1.0569286831971889,0.10000000000000034,0.23567727489751564,-7.1752249742276475e-14,1001.1779919691666,588.99598458327773,0.10000000000000001
1351,0,1.0669496135109282,0.10000000000000028,0.23524690467815038,-9.8950296774985846e-14,1001.2077919330428,603.89596652140654,0.10000000000000001
1352,0,1.0769710058944644,0.10000000000000003,0.23455122948420559,-3.1177559084677848e-14,1001.2469479023299,623.47395116495363,0.10000000000000001
1353,0,1.0869899109074836,0.09999999999999995,0.23354674114407273,4.9936789064101913e-14,1001.3000502075545,650.02510377723866,0.10000000000000001
1354,0,1.0970086263873402,0.099999999999998812,0.23222720606350983,4.2040665407874672e-14,1001.3646917281259,682.34586406293829,0.10000000000000001
1355,0,1.1070251589330746,0.10000000000000107,0.23060630735650936,3.8553021927694932e-15,1001.4449137129989,722.45685649943425,0.10000000000000001
1356,0,1.1170404987449249,0.10000000000000023,0.22868116635667612,-7.4917093251773128e-15,1001.5340055484636,767.00277423179841,0.10000000000000001
1357,0,1.1270541153718723,0.1000000000000003,0.22653256651870313,-1.8401653455673393e-14,1001.6366035530085,818.3017765042564,0.10000000000000001
1358,0,1.1370651490456591,0.10000000000000134,0.22422495505082105,-4.7113914613640386e-14,1001.7433779096186,871.68895480931496,0.10000000000000001
1359,0,1.1470751120349378,0.099999999999999825,0.22184061593827986,-8.9228309624011655e-14,1001.8571879913505,928.59399567527134,0.10000000000000001
1360,0,1.1570811421912197,0.099999999999998535,0.21946504289850749,-9.6281859236390811e-14,1001.9662188143737,983.10940718687334,0.10000000000000001
1361,0,1.1670871950431709,0.099999999999998798,0.21725224593065617,-3.5080421915447919e-14,1002.0766408088056,1038.3204044027821,0.10000000000000001
1362,0,1.1770883618690531,0.10000000000000045,0.21522786116315967,2.4625199070509566e-14,1002.1727450533773,1086.372526688649,0.10000000000000001
1363,0,1.1870908777370897,0.10000000000000205,0.21349898986893565,3.3735023822648774e-14,1002.2620265331034,1131.0132665516903,0.10000000000000001
1364,0,1.197088274459027,0.10000000000000021,0.21214895881709855,1.7878164112230791e-14,1002.3344319706257,1167.2159853128505,0.10000000000000001
1365,0,1.207087821668775,0.10000000000000085,0.2111577364303904,1.7919427165844986e-14,1002.3950301323614,1197.5150661806993,0.10000000000000001
1366,0,1.2170824786003904,0.10000000000000016,0.21049794504019814,6.0905287888495878e-15,1002.4362048079081,1218.1024039540489,0.10000000000000001
1367,0,1.2270796261959076,0.09999999999999909,0.2102085501114655,1.1493912567810969e-14,1002.4707782833915,1235.3891416957481,0.10000000000000001
1368,0,1.2370723210968182,0.1000000000000006,0.21013927762025469,3.4134523975295245e-14,1002.4908601022552,1245.4300511275846,0.10000000000000001
1369,0,1.2470674039110496,0.10000000000000087,0.21014751720437308,1.1922286976150239e-14,1002.5077064827929,1253.8532413964276,0.10000000000000001
1370,0,1.2570587227086103,0.099999999999999228,0.21018649769869988,-3.3880357377175542e-14,1002.5229572694177,1261.4786347088511,0.10000000000000001
1371,0,1.2670521670050723,0.099999999999998895,0.2100919167062372,-5.0622134349747696e-14,1002.5499896277322,1274.9948138661011,0.10000000000000001
1372,0,1.2770416937725557,0.10000000000000031,0.20959479459343927,-1.5437282194406921e-14,1002.5797200675509,1289.860033775426,0.10000000000000001
1373,0,1.2870339327923384,0.10000000000000001,0.20868354429196417,3.5383956674681964e-14,1002.637939304916,1318.9696524580086,0.10000000000000001
1374,0,1.2970205799475343,0.09999999999999945,0.20722005017368861,2.6462028955553982e-14,1002.7107086919315,1355.3543459657362,0.10000000000000001
1375,0,1.3070116284534039,0.099999999999999228,0.20510710168722524,-1.1685743261471009e-14,1002.8206017314102,1410.3008657050964,0.10000000000000001
1376,0,1.3169934456296633,0.099999999999999242,0.20223607628424198,-2.5311148675663158e-14,1002.9399065723686,1469.9532861843068,0.10000000000000001
1377,0,1.3269837405127145,0.099999999999999201,0.19890444529134504,-5.7278333657300679e-14,1003.1070735214174,1553.5367607087096,0.10000000000000001
1378,0,1.3369586389117143,0.10000000000000021,0.19505894044049998,-9.7640128228873783e-14,1003.2718899879363,1635.9449939681667,0.10000000000000001
1379,0,1.3469484300428018,0.099999999999999312,0.19093679794258786,-9.8426885827422284e-14,1003.4676899828102,1733.8449914050784,0.10000000000000001
1380,0,1.3569153013364157,0.099999999999999645,0.18681312908502146,-3.6281721840733657e-14,1003.6395032050029,1819.7516025014693,0.10000000000000001
1381,0,1.3669055596696764,0.10000000000000007,0.18321164105127719,-6.0081704044750076e-14,1003.8301589968578,1915.079498428895,0.10000000000000001
1382,0,1.3768645230755352,0.10000000000000113,0.18012513839332703,-1.167097449082493e-13,1003.9567132236879,1978.3566118439353,0.10000000000000001
1383,0,1.3868565656830245,0.1000000000000006,0.17814540184107105,-7.4920017144049536e-14,1004.0772265851301,2038.61329256506,0.10000000000000001
1384,0,1.3968107861817636,0.10000000000000069,0.17743961452295445,1.9422723456665794e-14,1004.1121599696786,2056.0799848393003,0.10000000000000001
1385,0,1.4068058260316394,0.099999999999999534,0.1782682816004269,9.6290678252712266e-15,1004.1224345302911,2061.217265145558,0.10000000000000001
1386,0,1.4167602763805107,0.099999999999999881,0.18061799995242506,-5.0521117896130088e-14,1004.0304904420896,2015.2452210447791,0.10000000000000001
1387,0,1.4267595981425112,0.099999999999999964,0.18449696358726075,-6.3136980857589936e-14,1003.9129541434891,1956.4770717445299,0.10000000000000001
1388,0,1.4367194533704473,0.099999999999999659,0.18971753149810897,4.2512432310644836e-15,1003.701467195544,1850.7335977719777,0.10000000000000001
1389,0,1.4467242800042834,0.10000000000000085,0.19597221366613962,9.6445802118990511e-14,1003.4879232172075,1743.9616086037404,0.10000000000000001
1390,0,1.4566921371365049,0.10000000000000071,0.20279358288697558,9.760758240125923e-14,1003.2079012419763,1603.9506209881438,0.10000000000000001
1391,0,1.466703602059791,0.099999999999999201,0.20953049872512122,9.5581008417499462e-14,1002.966355792597,1483.177896298514,0.10000000000000001
1392,0,1.4766781634658439,0.10000000000000195,0.21564644495636134,1.4927482939275381e-13,1002.7029417360407,1351.4708680203285,0.10000000000000001
1393,0,1.4866972739841011,0.10000000000000163,0.22057607117436839,1.7600080166460424e-13,1002.5389535300731,1269.4767650365293,0.10000000000000001
1394,0,1.4966735005841703,0.099999999999998784,0.22376567933192701,1.327358560073703e-13,1002.3944331913392,1197.2165956696017,0.10000000000000001
1395,0,1.5067002076764844,0.099999999999998729,0.22468676994742828,1.0379891141388146e-13,1002.3827966779839,1191.3983389919736,0.10000000000000001
1396,0,1.5166718698118593,0.099999999999999742,0.22345016873246823,1.1838015537340641e-13,1002.4143833263496,1207.1916631747968,0.10000000000000001
1397,0,1.5267057042088354,0.10000000000000002,0.22008123162484283,1.260189341880232e-13,1002.5970207628877,1298.5103814438617,0.10000000000000001
1398,0,1.5366660454544832,0.10000000000000088,0.21471404771198441,2.1667474473749362e-13,1002.7878085421054,1393.9042710526905,0.10000000000000001
1399,0,1.5467055423434706,0.1000000000000007,0.20810435898754082,2.8110220279219944e-13,1003.1127836839181,1556.391841959055,0.10000000000000001
1400,0,1.5566495533165592,0.099999999999999922,0.20072873392346371,2.3593885824743393e-13,1003.3997268485238,1699.8634242618778,0.10000000000000001
1401,0,1.5666909116249867,0.10000000000000096,0.19292405386598679,1.0109926341268389e-13,1003.7651448080123,1882.5724040061687,0.10000000000000001
1402,0,1.5766166218900608,0.099999999999999992,0.18575962759370321,-7.1918033871499031e-15,1004.0584147341408,2029.2073670703985,0.10000000000000001
1403,0,1.5866567513185492,0.099999999999999034,0.1789287684591295,2.8584199290720763e-14,1004.3903194552879,2195.1597276439543,0.10000000000000001
1404,0,1.5965663740505176,0.099999999999998743,0.17303937629998414,1.2056464546640356e-13,1004.6213694032234,2310.6847016117058,0.10000000000000001
1405,0,1.6066065097368001,0.10000000000000205,0.16823134941317794,1.8168064382562658e-13,1004.9054005071919,2452.7002535959355,0.10000000000000001
1406,0,1.6165063052259894,0.10000000000000356,0.1636052794584677,1.2442088676977036e-13,1005.0552485276377,2527.6242638188364,0.10000000000000001
1407,0,1.6265490860032712,0.099999999999999478,0.15995180412822615,-7.2851153526027176e-15,1005.2930269509563,2646.5134754781729,0.10000000000000001
1408,0,1.636447879614551,0.10000000000000092,0.15718413559320021,-5.6670755238797772e-14,1005.4387677743048,2719.3838871523894,0.10000000000000001
1409,0,1.6464861292973845,0.10000000000000141,0.15343854956553479,-1.0465775361783664e-13,1005.6039252393823,2801.9626196911531,0.10000000000000001
1410,0,1.6563911733901866,0.099999999999997619,0.15128705830461092,-2.0265484949527119e-13,1005.7282883392584,2864.1441696291849,0.10000000000000001
1411,0,1.666410543723319,0.09999999999999859,0.14953707664182314,-2.0455592783702362e-13,1005.9170640539942,2958.5320269970907,0.10000000000000001
1412,0,1.67632780179674,0.099999999999998895,0.14780330138113781,-1.9233474612197326e-13,1006.018196623598,3009.0983117989936,0.10000000000000001
1413,0,1.6863106103293679,0.099999999999999062,0.1436565124261957,-2.3190589801741405e-13,1006.0330647800903,3016.5323900451426,0.10000000000000001
1414,0,1.6962572759300238,0.10000000000000019,0.14594129471318393,-2.912148308038868e-13,1006.4094972368741,3204.7486184370655,0.10000000000000001
1415,0,1.7062043701172693,0.099999999999997521,0.13908185753093252,-3.1657790376312319e-13,1006.2984470381351,3149.2235190675615,0.10000000000000001
1416,0,1.7161468019551569,0.099999999999997452,0.13393378855371302,-1.8808224228103661e-13,1006.634165295046,3317.0826475230228,0.10000000000000001
1417,0,1.7261456197473068,0.10000000000000044,0.13508638195280046,1.9509325841580781e-14,1007.2580961709117,3629.0480854558496,0.10000000000000001
1418,0,1.7359905517303549,0.099999999999999631,0.12386121127048914,1.8425924245712226e-13,1007.2361020609211,3618.0510304605491,0.10000000000000001
1419,0,1.7460280762348521,0.09999999999999569,0.11186408641724466,2.7458071690050118e-13,1007.487149494973,3743.5747474864911,0.10000000000000001
1420,0,1.7559295129614156,0.099999999999996578,0.1142837683988577,3.305512041848677e-13,1008.4522452688766,4226.1226344382976,0.10000000000000001
1421,0,1.7658665100518292,0.099999999999998007,0.10701696523372492,4.6067931871751036e-13,1008.3997529298252,4199.8764649126206,0.10000000000000001
1422,0,1.7758342162004466,0.099999999999997091,0.093257255482538853,5.7542019960992901e-13,1008.3414898469948,4170.7449234974092,0.10000000000000001
1423,0,1.7857665427921925,0.099999999999996508,0.099412861726725935,5.9928491886005042e-13,1008.7971258174039,4398.5629087019333,0.10000000000000001
1424,0,1.7957016989579091,0.09999999999999816,0.077783563523332447,7.9291860534025826e-13,1008.0887518991676,4044.3759495838094,0.10000000000000001
1425,0,1.8057422885230825,0.099999999999998174,0.093978320737426374,1.0712979974158566e-12,1009.7075883402762,4853.7941701380878,0.10000000000000001
1426,0,1.8155196963889235,0.099999999999997646,0.075399650900462065,1.094848537803743e-12,1008.7958922441513,4397.9461220756657,0.10000000000000001
1427,0,1.825798052129554,0.099999999999999381,0.062865468444463612,1.1528682032077663e-12,1009.8584946679233,4929.2473339616554,0.10000000000000001
1428,0,1.8353204900956357,0.099999999999999381,0.048327371592781443,1.4023336495024311e-12,1009.1718479284535,4585.9239642267657,0.10000000000000001
1429,0,1.8460987301863809,0.099999999999998465,0.071724531028535932,1.6000701514312019e-12,1012.2700195574951,6135.0097787475306,0.10000000000000001
1430,0,1.855054690218082,0.099999999999997452,0.03708795750112881,1.7048952130642034e-12,1008.6951543165013,4347.5771582506586,0.10000000000000001
1431,0,1.8667320479838372,0.099999999999998479,0.078665863600704933,1.7294815573231793e-12,1014.0279266637041,7013.9633318520391,0.10000000000000001
1432,0,1.8751213791529266,0.099999999999997646,0.070686540303190076,1.5531988794309628e-12,1008.3281816785768,4164.0908392884057,0.10000000000000001
1433,0,1.8871489292643591,0.09999999999999698,0.052078664942813588,1.8288060006437491e-12,1012.5177455962954,6258.8727981477059,0.10000000000000001
1434,0,1.896319840888129,0.099999999999996772,0.14445176444913921,1.7079951059575e-12,1011.9654849533125,5982.7424766562563,0.10000000000000001
1435,0,1.9066540900911393,0.099999999999997771,0.053353715068055495,1.2195936360586579e-12,1008.823073229698,4411.536614849012,0.10000000000000001
1436,0,1.9161673133843027,0.099999999999998548,0.028124521143324546,1.8638750745976133e-12,1009.3585115468704,4679.2557734352158,0.10000000000000001
1437,0,1.9278260189691874,0.099999999999996009,0.10391094714784382,3.114543713924896e-12,1016.4638161781298,8231.9080890649166,0.10000000000000001
1438,0,1.9349198050691525,0.099999999999992401,0.15299950295247219,2.8392355570044267e-12,1009.2953479251848,4647.673962592421,0.10000000000000001
1439,0,1.9490109857296618,0.099999999999988765,0.022896557723863682,3.0262484711979874e-12,1009.9259665638129,4962.9832819064741,0.10000000000000001
1440,0,1.953180514018126,0.099999999999988501,0.082389770145973498,3.0960383477538206e-12,1012.1771721784756,6088.5860892378223,0.10000000000000001
1441,0,1.9667110273956261,0.099999999999989084,0.066463946647386515,1.9672541620584262e-12,1011.6383677223605,5819.1838611802496,0.10000000000000001
1442,0,1.9667110273956261,0.099999999999989556,0.066463946647386543,1.9812348005345642e-12,1011.6383677223602,5819.1838611800795,0.10000000000000001
1443,0,1.9820420500099714,0.10000000000001413,0.063264635987477488,2.6303389002271241e-12,1008.5640049628273,4282.0024814136559,0.10000000000000001
1444,0,1.9820420500099714,0.10000000000001422,0.063264635987477641,2.6311814015571543e-12,1008.5640049628275,4282.0024814137696,0.10000000000000001
1445,0,1.985571056377508,0.099999999999997591,-0.079472640617472057,4.10074440027327e-12,1028.8887494603739,14444.374730186952,0.10000000000000001
1446,0,1.9999967999999999,0.10000000000001176,0,1.8319850229716943e-12,1004.377118161403,2188.5590807015092,0.10000000000000001
1447,0,1.9999967999999999,0.10000000000001152,0,1.8298652724991162e-12,1004.3771181614031,2188.559080701566,0.10000000000000001
1448,0,0.22852736702163792,0.10932087857527199,0.26601958345285465,0.00086149503696095794,1000.1597203629447,79.860181472326985,0.10000000000000001
1449,0,0.22843551955589797,0.10967651595296907,0.26590900242364274,0.0009104144061270915,1000.1582424829402,79.121241470090808,0.10000000000000001
1450,0,0.2452153020769948,0.11315296513867279,0.26332430013700769,0.002543214259251283,999.8873079986862,-56.346000656901651,0.10000000000000001
1451,0,0.25596028679998772,0.11193918492292454,0.26848075137202893,-3.3187648117822207e-05,1000.3058911090443,152.94555452214809,0.10000000000000001
1452,0,0.25596585085446472,0.11183626279965023,0.26847934830963155,-0.0001538121885025952,1000.3047779862922,152.38899314607579,0.10000000000000001
1453,0,0.27799936808642611,0.11033872052785935,0.2570293077952151,-0.00037509206941299282,1000.1641162081157,82.058104057864512,0.10000000000000001
1454,0,0.27801042224457351,0.11022500826811661,0.25706887642699244,-0.00039237448928364737,1000.1629063379434,81.453168971677314,0.10000000000000001
1455,0,0.29290684532705513,0.10999274407915585,0.25871480069075459,0.00074589323378243587,1000.0248070833953,12.403541697665332,0.10000000000000001
1456,0,0.30162180659468263,0.1097221157390468,0.25834212520777311,-0.00019048206026421347,1000.4669485241587,233.47426207936905,0.10000000000000001
1457,0,0.31294438756084714,0.10964328461671526,0.25801887078333879,-0.00075505030699587691,1000.1828132838767,91.406641938363009,0.10000000000000001
1458,0,0.3225989883731934,0.10965530276974438,0.26303185306351129,-0.0013031035097982545,1000.221518021996,110.75901099798102,0.10000000000000001
1459,0,0.33344119693485247,0.10977648123327874,0.25987975881390835,-0.0013897089838079356,1000.140791371682,70.395685840992428,0.10000000000000001
1460,0,0.34321503428657579,0.10975000871000339,0.26517528695978715,-0.00047296497870607596,1000.2841880351911,142.0940175955252,0.10000000000000001
1461,0,0.35388656656646444,0.10985684618730969,0.26295487646181204,-0.0009997613829739072,1000.0586579909058,29.32899545288592,0.10000000000000001
1462,0,0.36364428916300617,0.10986586080071961,0.26588103875825492,-0.00043026702644253676,1000.3570295375517,178.51476877586947,0.10000000000000001
1463,0,0.37417027850401863,0.10991064314694057,0.26578822012365211,-0.0001119122289067978,999.97382268738113,-13.088656309435009,0.10000000000000001
1464,0,0.38395652790695994,0.10993363610261915,0.26623996966615826,-0.0002902470845125127,1000.3544900761801,177.24503809006364,0.10000000000000001
1465,0,0.39435665297614697,0.10992387883600011,0.26752416843160209,0.00014563419986297644,999.94210151581296,-28.949242093517569,0.10000000000000001
1466,0,0.40417101759102159,0.1099662137448997,0.26675495914198283,-5.653981974236479e-05,1000.2766447969882,138.32239849409689,0.10000000000000001
1467,0,0.41449717858772578,0.10993606679873585,0.26835521014642627,9.2527739499729888e-05,999.95347297185265,-23.263514073676106,0.10000000000000001
1468,0,0.42433953011570208,0.1099888065172082,0.26721710379277785,5.9864896465477828e-05,1000.2054817769025,102.74088845125107,0.10000000000000001
1469,0,0.43460247876146135,0.10994275130940451,0.26851065253159401,0.00012903789610464565,999.97098966653721,-14.505166731396457,0.10000000000000001
1470,0,0.44448633333438353,0.10998922554004766,0.26729273173176138,0.00014547742175883714,1000.1488250021532,74.412501076608351,0.10000000000000001
1471,0,0.45470057300369304,0.10995527420200267,0.26804237713111945,0.00019319843211088484,999.99931796861426,-0.34101569286804079,0.10000000000000001
1472,0,0.46461755487902229,0.10998637495986074,0.26688488182873171,0.00019932936504686919,1000.1116517179736,55.825858986793264,0.10000000000000001
1473,0,0.47479936404076212,0.10996416296551673,0.26703074376184599,0.0002215904177659332,1000.041356080376,20.678040187988245,0.10000000000000001
1474,0,0.48473402294677503,0.10998608339220232,0.26600937401918962,0.00020586899947994697,1000.1098805254728,54.94026273640884,0.10000000000000001
1475,0,0.49489735220563857,0.10997070473709651,0.26565006310564637,0.00023608626852550995,1000.0921799004817,46.08995024085516,0.10000000000000001
1476,0,0.50483790115383897,0.10999086479906094,0.26477286938676248,0.00021390057024169687,1000.1359988294802,67.999414740086195,0.10000000000000001
1477,0,0.51498597084340825,0.10997819006363529,0.26404642715703885,0.00023134147995434174,1000.1431720548328,71.586027416401521,0.10000000000000001
1478,0,0.52492758537834061,0.10999481725595675,0.2633238501110638,0.00023390974044034386,1000.1760334346243,88.016717312143555,0.10000000000000001
1479,0,0.53506406409332163,0.10998534190271395,0.26239393878769784,0.0002120840392911982,1000.1863696820089,93.184841004472219,0.10000000000000001
1480,0,0.5450057488965826,0.10999691535591118,0.26178289230459817,0.00024141643428401095,1000.2200270853191,110.01354265954433,0.10000000000000001
1481,0,0.5551338398987109,0.10999073703648522,0.26084007432559342,0.00018890696313119155,1000.2199842861336,109.9921430667905,0.10000000000000001
1482,0,0.56507823437769722,0.10999680466670439,0.26026563602574049,0.0002176411762059087,1000.2609777605541,130.48888027702787,0.10000000000000001
1483,0,0.57519855591345748,0.10999398142752659,0.25940697578339672,0.00016419636303225101,1000.24768229119,123.84114559500858,0.10000000000000001
1484,0,0.58514869315465723,0.10999634409200375,0.2588318749931009,0.00018392000311129842,1000.2954615898541,147.73079492704255,0.10000000000000001
1485,0,0.59526025402655958,0.10999556416534292,0.25804391570048441,0.00014144784971873667,1000.2735310371914,136.76551859572328,0.10000000000000001
1486,0,0.60521798910588409,0.10999602330746225,0.25742934915178201,0.00015651102939577945,1000.3256572128213,162.8286064106419,0.10000000000000001
1487,0,0.61532025901821263,0.10999641466413355,0.2566458968044098,0.00013370747160818295,1000.3022080117288,151.1040058643971,0.10000000000000001
1488,0,0.62528580850346394,0.10999570997606063,0.25593815611840404,0.00014630517461627687,1000.3577413493995,178.87067469973772,0.10000000000000001
1489,0,0.63537931184291674,0.10999695271777914,0.25508647695438208,0.00014391140910519079,1000.3387708529285,169.38542646425958,0.10000000000000001
1490,0,0.64535199837014434,0.10999564279339191,0.2542284705753724,0.00015881094787354295,1000.3986942389871,199.34711949355233,0.10000000000000001
1491,0,0.65543729217893676,0.10999689351190803,0.25325601881683718,0.00017075545743193622,1000.3878028283091,193.90141415453854,0.10000000000000001
1492,0,0.66541671685839399,0.10999595462830986,0.25222764133960318,0.00018878193817246583,1000.4527749236787,226.38746183935154,0.10000000000000001
1493,0,0.67549391337485809,0.10999659796959962,0.25111794126357467,0.00020639629583541166,1000.4512679129143,225.633956457159,0.10000000000000001
1494,0,0.68547982981691613,0.10999607550946695,0.24993866026311115,0.00022531539525500157,1000.5206586720915,260.32933604574282,0.10000000000000001
1495,0,0.69554926722646748,0.10999657638728037,0.24873754886032495,0.00024013535561839174,1000.5273687499083,263.68437495415264,0.10000000000000001
1496,0,0.70554110695345551,0.10999585238082078,0.24746844044225455,0.00025164823204092964,1000.5986073628468,299.30368142339603,0.10000000000000001
1497,0,0.71560347193959173,0.10999673641160862,0.24624794593197891,0.00025872835917877663,1000.6115277624568,305.76388122841536,0.10000000000000001
1498,0,0.72560042622644771,0.10999562203657086,0.24499891447441449,0.00025497339507305118,1000.6800732449652,340.03662248261435,0.10000000000000001
1499,0,0.73565662380260177,0.10999668092181199,0.2438365044215029,0.00025169891586456454,1000.6964906089769,348.24530448844371,0.10000000000000001
1500,0,0.74565797946855938,0.10999551424723983,0.24270931004882271,0.00023137192574591739,1000.7585731868414,379.28659342071569,0.10000000000000001
1501,0,0.75570885045675429,0.10999649252516355,0.24169007975099552,0.00021652951512689196,1000.7746896401303,387.34482006515236,0.10000000000000001
1502,0,0.76571404809929733,0.10999536485654179,0.24074544857749683,0.00018352623073964017,1000.8282847884199,414.14239420993226,0.10000000000000001
1503,0,0.77576045049432074,0.10999626763579196,0.23992293246778323,0.00016155480471881359,1000.8412119691629,420.60598458147069,0.10000000000000001
1504,0,0.78576898385825589,0.10999514486664641,0.23918577770480048,0.0001243803812108102,1000.8854446215531,442.72231077655988,0.10000000000000001
1505,0,0.79581177325038754,0.10999592979225126,0.23856407253488005,0.00010109306572537382,1000.8942025246358,447.10126231791492,0.10000000000000001
1506,0,0.80582322909586734,0.10999490508967605,0.23801794384082758,6.8805555023260725e-05,1000.9296268830115,464.81344150572568,0.10000000000000001
1507,0,0.81586306743436054,0.10999550494805105,0.23756366597696829,5.234724482493261e-05,1000.9348322164853,467.41610824267354,0.10000000000000001
1508,0,0.82587713268809293,0.10999462791698426,0.23716032859038283,3.107171501728754e-05,1000.963264892005,481.632446002493,0.10000000000000001
1509,0,0.83591449822902197,0.10999513940985253,0.23681792910199589,2.6937993025441112e-05,1000.9665848905998,483.29244529992366,0.10000000000000001
1510,0,0.84593076089820629,0.10999443252717257,0.23649721102997973,1.9124919903069756e-05,1000.9905089563688,495.25447818439261,0.10000000000000001
1511,0,0.8559659976312366,0.10999483970883307,0.23620883346225074,2.765877221979784e-05,1000.9939214482207,496.96072411035175,0.10000000000000001
1512,0,0.86598408482305256,0.10999428221409206,0.23591888347765416,3.1549422456985375e-05,1001.0156477501716,507.82387508581905,0.10000000000000001
1513,0,0.87601749178168364,0.10999459902007214,0.2356421588685145,4.8161174788695536e-05,1001.0207345460856,510.36727304278884,0.10000000000000001
1514,0,0.88603706874075006,0.10999414174405189,0.23535287778828917,5.7980633770146115e-05,1001.0418279714107,520.91398570536285,0.10000000000000001
1515,0,0.89606889135213763,0.10999441132880194,0.23507396045281787,7.5391602693457543e-05,1001.0491927621016,524.59638105079875,0.10000000000000001
1516,0,0.9060896687372102,0.1099940258477636,0.2347850501279061,8.3441988301519469e-05,1001.0700254748809,535.01273744046784,0.10000000000000001
1517,0,0.91612011919871039,0.10999431885583696,0.23451937337433321,9.4291506215462122e-05,1001.0791278939425,539.56394697127052,0.10000000000000001
1518,0,0.92614176828326233,0.1099940561612201,0.23426168676181294,9.3959004046158116e-05,1001.0988056126539,549.40280632695249,0.10000000000000001
1519,0,0.93617094695889225,0.10999433982931819,0.23404847455848371,9.3395402424270715e-05,1001.10802508195,554.01254097500896,0.10000000000000001
1520,0,0.94619318568333821,0.1099941884325791,0.2338706077564511,8.1423109170000767e-05,1001.1248414194753,562.42070973763703,0.10000000000000001
1521,0,0.95622121453573106,0.10999446934009754,0.23375966438227203,6.8677830904101782e-05,1001.1320481225288,566.02406126438609,0.10000000000000001
1522,0,0.96624384568880761,0.10999440119991497,0.23370625838021097,4.7042168917719887e-05,1001.1443500549054,572.17502745271531,0.10000000000000001
1523,0,0.97627087037995897,0.10999472186692144,0.23373216706370067,2.603665226981109e-05,1001.1479592392977,573.9796196488669,0.10000000000000001
1524,0,0.98629373911550522,0.10999473846806201,0.23381729160690545,9.2640705309643576e-07,1001.1551762307141,577.58811535705945,0.10000000000000001
1525,0,0.99631989942962329,0.10999507807907567,0.23396908748226636,-2.0085259387897325e-05,1001.1554029106882,577.70145534408357,0.10000000000000001
1526,0,1.0063428331601825,0.10999518120944787,0.23415234417116326,-3.9879235948215998e-05,1001.1591547711853,579.57738559264271,0.10000000000000001
1527,0,1.0163681441565757,0.1099955285933812,0.23435242800907249,-5.1495501270467891e-05,1001.158817320507,579.40866025347759,0.10000000000000001
1528,0,1.0263908459533895,0.10999575630222755,0.23451985962520638,-5.6765844156278512e-05,1001.1635057206962,581.7528603481037,0.10000000000000001
1529,0,1.0364151402517803,0.10999616892949102,0.23462323317161254,-5.0836273795063992e-05,1001.1683249790628,584.16248953142258,0.10000000000000001
1530,0,1.0464371686268383,0.10999657123844532,0.23460039856496334,-3.593716112752087e-05,1001.1810940894577,590.54704472885078,0.10000000000000001
1531,0,1.0564600780993363,0.10999710848320707,0.23440591011878875,-8.5849605872050542e-06,1001.1985247466346,599.26237331728771,0.10000000000000001
1532,0,1.066480858293027,0.10999768479682247,0.23398766338703625,2.7283336371997303e-05,1001.2276626785765,613.83133928825373,0.10000000000000001
1533,0,1.0765018514104512,0.10999830333259356,0.23330501456003019,7.343159800023754e-05,1001.2659003376612,632.95016883057542,0.10000000000000001
1534,0,1.0865207520727473,0.10999890364376352,0.23231326251768494,0.00012449167174722597,1001.31818891973,659.09445986500259,0.10000000000000001
1535,0,1.0965392323289616,0.10999953129338645,0.23100654001975326,0.00018168285005685871,1001.382142082846,691.07104142301523,0.10000000000000001
1536,0,1.1065556443200217,0.11000012726349885,0.22939307210148874,0.00023744387341655072,1001.4613950432938,730.69752164690271,0.10000000000000001
1537,0,1.1165708328347157,0.11000092369531671,0.22747800279582106,0.00029302089567412055,1001.5505205786536,775.26028932680902,0.10000000000000001
1538,0,1.1265840695635219,0.11000164243159356,0.22532643246757114,0.00034069519830850321,1001.6522195647259,826.10978236294841,0.10000000000000001
1539,0,1.1365951977119295,0.11000274436466209,0.22301840849827384,0.00037959613159494463,1001.7599730645387,879.9865322693563,0.10000000000000001
1540,0,1.1466046750114869,0.11000359440858687,0.22062187860438218,0.00040371200212831708,1001.8734830646265,936.74153231324908,0.10000000000000001
1541,0,1.1566112226819469,0.1100049171167537,0.21823324143808942,0.00041203172918331343,1001.984389526778,992.19476338902268,0.10000000000000001
1542,0,1.1666168213046977,0.11000577374891787,0.21599549581921332,0.00039993109664657672,1002.0951863648729,1047.5931824364579,0.10000000000000001
1543,0,1.1766187775147103,0.11000703676975983,0.21395123693141674,0.00036633632090786976,1002.1939465524001,1096.9732762000604,0.10000000000000001
1544,0,1.1866208376349108,0.11000780589121462,0.21219430084451385,0.00031689007563151809,1002.2844885946595,1142.2442973297393,0.10000000000000001
1545,0,1.1966189297694676,0.1100088078060092,0.210814269680561,0.00024515362241153059,1002.3591640538609,1179.5820269304613,0.10000000000000001
1546,0,1.2066181431432867,0.11000962068641826,0.20980471621413471,0.00016454327718372203,1002.4217988167977,1210.8994083988591,0.10000000000000001
1547,0,1.2166132341891898,0.11001032325891902,0.20912410972566303,7.5645149016820488e-05,1002.464237391211,1232.118695605493,0.10000000000000001
1548,0,1.2266104751092628,0.11001129096257375,0.20882193075814903,-6.6995520532406961e-06,1002.5000230030219,1250.0115015109259,0.10000000000000001
1549,0,1.236603339584984,0.11001160726732184,0.20875048035382018,-8.9980936238356348e-05,1002.5196073254339,1259.8036627169336,0.10000000000000001
1550,0,1.2465991081927148,0.11001270633906586,0.20877269808442278,-0.00014519834943329052,1002.5363737277498,1268.1868638749165,0.10000000000000001
1551,0,1.2565902923173287,0.11001266077313075,0.20882436653095227,-0.00018139693953741194,1002.5484796468141,1274.239823407072,0.10000000000000001
1552,0,1.266584905490119,0.11001373489954637,0.20875739666991913,-0.00018838866974425501,1002.5729089565061,1286.4544782530629,0.10000000000000001
1553,0,1.2765740803601326,0.11001350489081273,0.20830805622160478,-0.00016387025072506865,1002.5983864685525,1299.1932342762311,0.10000000000000001
1554,0,1.2865675941925487,0.1100143497886614,0.20743043853027482,-9.9656626818562247e-05,1002.6511544516983,1325.5772258491447,0.10000000000000001
1555,0,1.2965541230816107,0.11001419665023524,0.20602085406231763,-5.625333926785672e-06,1002.7189095746146,1359.4547873072997,0.10000000000000001
1556,0,1.3065460737801819,0.11001460352546617,0.20394517510009919,0.00010908155706737668,1002.8220071381935,1411.0035690967493,0.10000000000000001
1557,0,1.3165287083498491,0.11001485134981244,0.20113667000445717,0.00025723813722353041,1002.9380729788783,1469.0364894391337,0.10000000000000001
1558,0,1.3265187165513146,0.1100146229088962,0.19780419142228389,0.00040718056297361639,1003.0977284741898,1548.8642370949037,0.10000000000000001
1559,0,1.3364961824020645,0.11001549371559338,0.19399988909951754,0.00055242655395623371,1003.2630436859733,1631.5218429866718,0.10000000000000001
1560,0,1.3464836398161588,0.11001461293674623,0.18984969612677191,0.00067518740029995849,1003.4540628641064,1727.0314320531952,0.10000000000000001
1561,0,1.3564553167093534,0.1100160671143952,0.18572351152985928,0.00076804406444199249,1003.6310807272605,1815.5403636302481,0.10000000000000001
1562,0,1.3664407690677476,0.11001466742611621,0.18202155767775896,0.00080088309003463573,1003.8193476122002,1909.673806100102,0.10000000000000001
1563,0,1.3764067223126193,0.11001620884624577,0.17891248422512865,0.00074379354502614734,1003.95757110672,1978.7855533600123,0.10000000000000001
1564,0,1.3863920379744337,0.11001464764554232,0.17679649099683442,0.00065563408881019779,1004.0785166339658,2039.2583169829095,0.10000000000000001
1565,0,1.3963540970643307,0.11001548360518341,0.17602541124085166,0.00043400741935584349,1004.127831257451,2063.9156287255105,0.10000000000000001
1566,0,1.4063422978803073,0.11001427266396832,0.1767117586074814,0.00020482028383382012,1004.1398082571707,2069.9041285853355,0.10000000000000001
1567,0,1.416303145039048,0.11001372270574299,0.17900799099526238,-0.00016026240507021925,1004.0633067989332,2031.6533994666202,0.10000000000000001
1568,0,1.4262979328202401,0.11001341320046357,0.1827938893255443,-0.0004356148335385429,1003.9467335949547,1973.3667974773539,0.10000000000000001
1569,0,1.4362605511760376,0.11001123450824471,0.18797632746774767,-0.00082901476796197015,1003.7466267378792,1873.3133689395913,0.10000000000000001
1570,0,1.4462648366823074,0.11001204056373931,0.19421562727944183,-0.0010558949559734605,1003.530523298544,1765.2616492720199,0.10000000000000001
1571,0,1.4562314045217488,0.11000876734447064,0.20105808067723482,-0.0013484772297619979,1003.2559103741393,1627.9551870696309,0.10000000000000001
1572,0,1.4662458623485917,0.11001036774752423,0.20787527102662703,-0.0014096433963819578,1003.006676695945,1503.3383479724876,0.10000000000000001
1573,0,1.4762169211653378,0.11000682719517342,0.21408936640846196,-0.0014701863844562139,1002.7411023895557,1370.5511947778746,0.10000000000000001
1574,0,1.486239819685101,0.11000867558246304,0.21913786016254239,-0.0012916072098076196,1002.5616263438428,1280.8131719214089,0.10000000000000001
1575,0,1.4962134811537784,0.11000530992175485,0.22248802594408365,-0.0011023395351976112,1002.4087209297423,1204.3604648711721,0.10000000000000001
1576,0,1.5062413147292255,0.11000667771667043,0.22353119813358252,-0.00072849360522711764,1002.3767068450991,1188.3534225495396,0.10000000000000001
1577,0,1.5162144086734424,0.11000386928593574,0.22249334071690216,-0.00032769234566221639,1002.398588888653,1199.2944443264832,0.10000000000000001
1578,0,1.5262439219234492,0.11000426145695778,0.21913845129489792,0.00018099629255135911,1002.5562590352,1278.1295176000071,0.10000000000000001
1579,0,1.5362122793158834,0.11000244423728586,0.21393491899727859,0.0005803240837799603,1002.7426903919671,1371.3451959835652,0.10000000000000001
1580,0,1.5462407886338922,0.11000301550171529,0.2072444172328651,0.0010595371642109083,1003.0447271706948,1522.3635853474207,0.10000000000000001
1581,0,1.556200037666005,0.11000259663939667,0.1999484785772315,0.0013230924944548908,1003.3377722774148,1668.8861387074212,0.10000000000000001
1582,0,1.5662244391651921,0.11000450433245328,0.1919416635047462,0.0016013302144714805,1003.684089628925,1842.044814462497,0.10000000000000001
1583,0,1.5761706289846455,0.11000588832480097,0.18482859842294735,0.0015770506505419209,1004.0002229692005,2000.1114846002679,0.10000000000000001
1584,0,1.5861891702782767,0.11000764813787742,0.17779883731993007,0.0017077333766341201,1004.3230385930353,2161.5192965176675,0.10000000000000001
1585,0,1.5961210416781353,0.11000968888606109,0.17187864532808872,0.0014335027460301597,1004.5856825464505,2292.8412732252355,0.10000000000000001
1586,0,1.6061373934618575,0.11000812978468548,0.1668450309783206,0.0013218678832345729,1004.8672346995617,2433.6173497808318,0.10000000000000001
1587,0,1.616058477858429,0.11000901782441583,0.16238549301285818,0.00089889152050691055,1005.0659597294762,2532.9798647380812,0.10000000000000001
1588,0,1.6260797465398988,0.11000510799530078,0.15846612720189998,0.00088207936307614925,1005.2951521896315,2647.5760948157472,0.10000000000000001
1589,0,1.6359960018036896,0.110003903002867,0.15574931005831161,0.00034217819341346271,1005.4871623316869,2743.5811658434659,0.10000000000000001
1590,0,1.6460223053851983,0.11000446597515927,0.15194343416423148,0.00021916370436313106,1005.6389328295361,2819.4664147680442,0.10000000000000001
1591,0,1.6559339249811151,0.1100007692953086,0.14978486886133066,-0.00030307768325944952,1005.8014182261892,2900.7091130945923,0.10000000000000001
1592,0,1.6659590645704381,0.11001344264534008,0.14811727078721426,-0.00018855783609203098,1005.9637543201532,2981.8771600765785,0.10000000000000001
1593,0,1.6758582378091074,0.11000110570006029,0.14595357524171126,-0.0010824908152689983,1006.0393835591782,3019.6917795890954,0.10000000000000001
1594,0,1.6858730878483914,0.11002269103678546,0.14245623299304994,-0.0013187516336894787,1006.0558976783475,3027.9488391737459,0.10000000000000001
1595,0,1.6957735851762425,0.11000461574257464,0.14453784738654887,-0.0016623692021176194,1006.3573059868054,3178.652993402693,0.10000000000000001
1596,0,1.705764841956029,0.11001582096341465,0.13883648225796053,-0.0010926628371638726,1006.2469718211711,3123.4859105855435,0.10000000000000001
1597,0,1.7156878725045552,0.11001448443501027,0.13419524529033897,-0.00010153820482815159,1006.4868505430233,3243.4252715116259,0.10000000000000001
1598,0,1.7256513409444263,0.11000220246334066,0.13334583662281582,0.00090746121835393121,1006.7448255668097,3372.4127834048545,0.10000000000000001
1599,0,1.7355921097092277,0.10998767973972196,0.12406067423930189,-0.00073478991162267949,1007.0177793722999,3508.8896861499279,0.10000000000000001
1600,0,1.7455528790643093,0.11004001800294995,0.1143590990496685,0.0040297718545752835,1007.1561411155508,3578.0705577753906,0.10000000000000001
1601,0,1.7554675179534214,0.10996396533599487,0.11181926562427762,0.0046136622672721507,1007.7754125605214,3887.7062802607156,0.10000000000000001
1602,0,1.7654379760311754,0.1100185607746776,0.10600261233890072,0.0032216538398267829,1007.9774307804599,3988.7153902299701,0.10000000000000001
1603,0,1.7753421292648313,0.10998251792105697,0.09304509056906228,0.0038852482921825303,1008.183259289059,4091.6296445295188,0.10000000000000001
1604,0,1.7853472146885969,0.1100391724813671,0.09890619880276412,0.0059469748802924681,1009.0735368972977,4536.7684486488433,0.10000000000000001
1605,0,1.7951674235497992,0.11000605546424422,0.07813210756610553,0.0062197023827649063,1008.5879361592933,4293.9680796466746,0.10000000000000001
1606,0,1.805307926023701,0.1100312039560046,0.089352674250438344,0.0063292944921683617,1010.2244060464498,5112.203023224879,0.10000000000000001
1607,0,1.8150096524661838,0.10996442307438353,0.072672595970357814,-0.0028611220006015898,1009.2680965031801,4634.0482515900585,0.10000000000000001
1608,0,1.8253357365280238,0.10997322056373322,0.064059876493900991,-0.0035651270942598868,1010.5245326067549,5262.2663033774297,0.10000000000000001
1609,0,1.8349046442059351,0.10994633022944297,0.056121311907539891,0.0020031756567543833,1009.6412844141034,4820.6422070517192,0.10000000000000001
1610,0,1.8454569081328918,0.10988205704980664,0.058941646978714242,0.0011735210510476579,1012.0244323041702,6012.2161520851023,0.10000000000000001
1611,0,1.8548371877736975,0.10986968764805016,0.050108406899823876,-0.009188495200448555,1009.9937150660902,4996.8575330451022,0.10000000000000001
1612,0,1.8657377118081515,0.10988445702328192,0.055079430722669007,0.00284572521923067,1012.6942268190392,6347.1134095195794,0.10000000000000001
1613,0,1.8748703963169575,0.10947610004000975,0.057173510328139665,-0.033017042505604118,1009.9232790221339,4961.6395110669491,0.10000000000000001
1614,0,1.8864258531071589,0.11017564996378054,0.072172031395414477,0.011542174788607432,1012.9068676761018,6453.433838050898,0.10000000000000001
1615,0,1.8950784142357249,0.10913345329060056,0.085152731840052259,-0.0026971920351756863,1010.0971371118133,5048.5685559066269,0.10000000000000001
1616,0,1.9075692723992865,0.11013758654201668,0.086161188082638049,-0.032029545739470283,1014.4202348136376,7210.1174068188247,0.10000000000000001
1617,0,1.9159497497054709,0.1103329827777227,0.12825785754533964,0.032741616118656648,1010.3829273582841,5191.4636791420326,0.10000000000000001
1618,0,1.9273206636926727,0.10978680774582264,0.06299210063438114,0.061946351072591464,1010.881157502318,5440.5787511590233,0.10000000000000001
1619,0,1.9353548711243926,0.10970855123024788,0.078286285382981172,-0.0070553540205289898,1011.0946746821656,5547.3373410828226,0.10000000000000001
1620,0,1.9467091182486445,0.11157085808090053,0.029624652101455068,0.005175669129818818,1014.5950318725688,7297.5159362844124,0.10000000000000001
1621,0,1.9520417273897948,0.11135479215104443,0.093479056020658868,0.019964011529625597,1010.7222000944485,5361.1000472242267,0.10000000000000001
1622,0,1.9663183307899728,0.11263565279541955,-0.011778557197035262,-0.029007291394491447,1011.1701862097373,5585.0931048686334,0.10000000000000001
1623,0,1.9662532150649095,0.1131341541434437,-0.016710545431815414,-0.01645943254795669,1011.1949088048738,5597.4544024368806,0.10000000000000001
1624,0,1.9776859334114407,0.11775053629073251,0.03059882182935774,-0.0093715884259112821,1006.8875832736715,3443.7916368357264,0.10000000000000001
1625,0,1.9777400154226086,0.11794777120763369,0.032866633840100065,-0.0036324513706479178,1007.0871614954607,3543.5807477303456,0.10000000000000001
1626,0,1.9878776704194583,0.11550902111854593,0.03148144998896546,-0.06299547607534571,1020.772742311626,10386.37115581298,0.10000000000000001
1627,0,1.9999967999999999,0.11049443910678049,0,0.0095837120294092418,1005.0266191136283,2513.3095568141357,0.10000000000000001
1628,0,1.9999967999999999,0.1098807375829889,0,0.0071874938417897738,1004.8462155225754,2423.1077612877243,0.10000000000000001
1629,0,0.22633833217935911,0.11813419549134384,0.26237736622639812,-0.0002761699852660294,1000.1518001535949,75.900076797438487,0.10000000000000001
1630,0,0.22650522833554493,0.11743858096180763,0.26282958379776261,-0.00032081520428321953,1000.1514134780517,75.706739025861225,0.10000000000000001
1631,0,0.24456828977865835,0.12029129700438788,0.26470223454224778,-0.0036575318197547262,999.62417057805931,-187.91471097034673,0.10000000000000001
1632,0,0.25379665628772252,0.12269503039084521,0.26121601765609637,-0.00040629937215917473,1000.2506574501459,125.32872507296133,0.10000000000000001
1633,0,0.25363594471330086,0.12339059692250362,0.2605319835086054,-0.00044454554595111116,1000.2317034776474,115.85173882372146,0.10000000000000001
1634,0,0.27664799858485112,0.12090975079368049,0.25277188253373289,0.0012187876091926653,1000.162901450754,81.450725377010258,0.10000000000000001
1635,0,0.2766878353402239,0.12066930996484104,0.25283572462909071,0.0012145543649432526,1000.1655501404022,82.775070201080325,0.10000000000000001
1636,0,0.29176031960411286,0.11955418993088528,0.25763669254518012,-0.0017151937893799627,1000.0700928125434,35.046406271703745,0.10000000000000001
1637,0,0.30064609108478713,0.11948120757105959,0.25644744646175455,-0.0016395946671719742,999.97625119771237,-11.874401143813884,0.10000000000000001
1638,0,0.31167263081534313,0.11939604413535446,0.25659437394376289,-0.0013004248045796634,1000.2245523092207,112.27615461035612,0.10000000000000001
1639,0,0.32144818076065024,0.11948445838463984,0.25960577150476422,-0.00043959324038126378,1000.1248656184728,62.432809236383946,0.10000000000000001
1640,0,0.33212299232043885,0.11943319297659516,0.25761737798265588,-0.0013831337135688133,1000.3115117266902,155.75586334512082,0.10000000000000001
1641,0,0.34196980494098711,0.11964353789056843,0.26208392852110884,-0.00059179419308904614,1000.1025870811808,51.29354059039315,0.10000000000000001
1642,0,0.35259077326273885,0.11960125519593093,0.25947541042693972,-0.00086663589633603777,1000.2162488993223,108.12444966114754,0.10000000000000001
1643,0,0.36234104149694796,0.11979338139977326,0.26314433670941356,-0.00020201668516281219,1000.2123044233832,106.15221169160804,0.10000000000000001
1644,0,0.37294011247257824,0.11972912439198144,0.26192602368733425,-0.00045108752250373686,1000.0272607821271,13.630391063543357,0.10000000000000001
1645,0,0.38262610480378029,0.119897122140113,0.26317433845732507,-0.00033755948961661865,1000.2857200076544,142.86000382719521,0.10000000000000001
1646,0,0.39313632767417317,0.11981478890470042,0.26403240885613977,-0.0001258813232911181,999.94685892437872,-26.570537810641781,0.10000000000000001
1647,0,0.40285809767556541,0.11994205816250156,0.26343640003748747,-0.00034370324029014276,1000.2544587341878,127.22936709388932,0.10000000000000001
1648,0,0.41324842327460864,0.11987767451841323,0.2649947979840121,5.4164534432190117e-06,999.95755610756908,-21.22194621546214,0.10000000000000001
1649,0,0.42301704309249161,0.11996382893113433,0.26394178154993386,-0.00017090195722331103,1000.1693122963096,84.656148154806488,0.10000000000000001
1650,0,0.43333858066891606,0.11990885247602356,0.2650383985260118,1.2847290154452481e-05,999.99295950689645,-3.5202465517727433,0.10000000000000001
1651,0,0.4431509159695281,0.11996275980872806,0.26417406283137712,-8.2408924317961988e-05,1000.1059618939355,52.980946967750242,0.10000000000000001
1652,0,0.45342044616098326,0.119927688975493,0.26449592926921223,6.922797471001182e-05,1000.0272568131689,13.628406584473396,0.10000000000000001
1653,0,0.46326968254396145,0.11996383731370554,0.26381576270357338,-2.0202233869026461e-05,1000.0879900877704,43.99504388521791,0.10000000000000001
1654,0,0.47350225961156739,0.11993882025541533,0.26354267254784769,0.00014186631096056078,1000.0508012926229,25.400646311425135,0.10000000000000001
1655,0,0.48337726020719929,0.11996512003370471,0.26288190558033536,0.00010831137001887992,1000.1052236998161,52.611849908032582,0.10000000000000001
1656,0,0.49358142012589534,0.1199512746139695,0.26225910997485546,0.00020280346118521067,1000.0704370671647,35.218533582337841,0.10000000000000001
1657,0,0.50347416353097885,0.11997060224322333,0.26152145086835166,0.00020608262548041218,1000.1376610711294,68.830535564700313,0.10000000000000001
1658,0,0.51365332463127922,0.11996581907041395,0.26074452605490311,0.00022691461805435088,1000.1001782630601,50.089131530057784,0.10000000000000001
1659,0,0.52356092290478518,0.11997849511428098,0.2599677664419221,0.00024889232245235184,1000.1726971865794,86.348593289699238,0.10000000000000001
1660,0,0.53371733966662804,0.11997645408369172,0.25912997458932313,0.00021592236601614508,1000.1393078370214,69.6539185107099,0.10000000000000001
1661,0,0.54363906257603578,0.11998489534308091,0.25838632299979986,0.00025582627770250629,1000.2084998985225,104.24994926125919,0.10000000000000001
1662,0,0.55377701538356217,0.11998385525520641,0.25755258139147447,0.00019729534649191833,1000.1782855329304,89.142766465215573,0.10000000000000001
1663,0,0.56371124766082037,0.11998634647343016,0.25687281866065853,0.00024418983620916248,1000.2432832719632,121.64163598157529,0.10000000000000001
1664,0,0.57383513081921689,0.11998836009430569,0.25607849862580262,0.00018770894031430713,1000.2123179832004,106.15899160018216,0.10000000000000001
1665,0,0.583780544206839,0.11998635879674957,0.25545734138392223,0.00023289597863450999,1000.2746115012204,137.30575061021,0.10000000000000001
1666,0,0.59389264506805939,0.11999034805546452,0.25468462804612718,0.00019671406530394597,1000.2430035482738,121.50177413690244,0.10000000000000001
1667,0,0.60384833424188045,0.11998722181749492,0.25407224367577402,0.00023171533816670862,1000.3046988210863,152.34941054313822,0.10000000000000001
1668,0,0.61394970276984384,0.11999080810551623,0.25328741629669299,0.00022686399541901487,1000.2741704528867,137.08522644333243,0.10000000000000001
1669,0,0.62391485672142988,0.11998843190334761,0.25258768286823041,0.00025469427574132829,1000.3387853648244,169.39268241219452,0.10000000000000001
1670,0,0.63400624083853629,0.11999137968020643,0.25175288417493374,0.0002726992837733702,1000.3117006696127,155.85033480635957,0.10000000000000001
1671,0,0.6439799166474417,0.11998895690749867,0.25088514893963848,0.00030146697250158405,1000.3812253997236,190.61269986178786,0.10000000000000001
1672,0,0.65406217087297802,0.1199921514759793,0.24994666334539165,0.0003288011849337758,1000.3617030351833,180.85151759163409,0.10000000000000001
1673,0,0.66404325504780892,0.11998918709388423,0.24889334383114939,0.00035559722695516173,1000.4348805663494,217.4402831747102,0.10000000000000001
1674,0,0.67411724560395003,0.1199924474219994,0.24781911936676465,0.00038077711334599205,1000.4265389009339,213.269450466953,0.10000000000000001
1675,0,0.68410488467728769,0.11998941581047913,0.24661222406424871,0.00039881758386029267,1000.5009192170561,250.45960852804683,0.10000000000000001
1676,0,0.69417111985896107,0.11999235744338448,0.24542592157009058,0.00041407652416668454,1000.5042146870932,252.10734354658371,0.10000000000000001
1677,0,0.70416466774185538,0.11998946430667215,0.24414195027004199,0.00041530562567071026,1000.5771319358232,288.56596791160882,0.10000000000000001
1678,0,0.71422379008313741,0.11999216741025026,0.24290646718463119,0.00042051864636946017,1000.5896083529905,294.80417649523361,0.10000000000000001
1679,0,0.72422242492065181,0.11998937400780452,0.2416525491502011,0.00040165096558261086,1000.6582633207565,329.13166037826613,0.10000000000000001
1680,0,0.7342754074163198,0.11999183768868793,0.24046014251727729,0.00039732426362821068,1000.6752887171655,337.644358582736,0.10000000000000001
1681,0,0.74427812928316206,0.11998919201295752,0.23932497055370272,0.00036455796984516099,1000.7376956411169,368.84782055847154,0.10000000000000001
1682,0,0.75432610818226442,0.11999137429390255,0.23827561234874914,0.00035305172229276765,1000.7542873388985,377.14366944925359,0.10000000000000001
1683,0,0.76433220290452919,0.11998896126846305,0.23731734606862126,0.00031480031325969234,1000.808725571034,404.36278551698024,0.10000000000000001
1684,0,0.77437597304712336,0.11999080490670368,0.23647077879113315,0.00030131938673996664,1000.821866469774,410.93323488701117,0.10000000000000001
1685,0,0.78438511273525802,0.1199886619516343,0.23571787922626475,0.00026532542488804701,1000.8670073869034,433.50369345171202,0.10000000000000001
1686,0,0.79442533348092459,0.11999011331799553,0.23507740753471154,0.00025437658916477573,1000.8760055972078,438.00279860391811,0.10000000000000001
1687,0,0.80443723668938638,0.11998826967707316,0.23451994474288132,0.00022500523769411717,1000.9119144433437,455.95722167183794,0.10000000000000001
1688,0,0.81447462928997116,0.11998940940283664,0.23405008015350998,0.00021999844580109496,1000.9174060140347,458.70300701733413,0.10000000000000001
1689,0,0.82448885386560666,0.11998782763506159,0.23364047596981877,0.00019771888837030833,1000.9458890086053,472.94450430263169,0.10000000000000001
1690,0,0.83452393852168794,0.11998887793402048,0.23328573838395447,0.00019859774689845217,1000.9493623096818,474.68115484088003,0.10000000000000001
1691,0,0.84454006877050125,0.11998753104288967,0.23296112252551179,0.00018241169814649783,1000.9730165610066,486.50828050330119,0.10000000000000001
1692,0,0.85457318069220356,0.11998845195397015,0.23266283536227048,0.0001866481814855933,1000.9764250211724,488.21251058620874,0.10000000000000001
1693,0,0.8645908981255187,0.11998733264128772,0.23236845116365323,0.00017439224582449067,1000.9976746332077,498.83731660384001,0.10000000000000001
1694,0,0.87462227303162687,0.1199880660171629,0.23208185435667372,0.000179062393081976,1001.002737649183,501.36882459150911,0.10000000000000001
1695,0,0.8846413087877949,0.11998711839469368,0.23178548270713706,0.00016846318189659511,1001.0232280149552,511.61400747758989,0.10000000000000001
1696,0,0.8946712258839844,0.11998766484323568,0.23149369542553636,0.00017150464841703545,1001.0306832737426,515.3416368713124,0.10000000000000001
1697,0,0.90469131530333213,0.11998687670240646,0.23119367305266592,0.00016040865843254957,1001.0509242126263,525.46210631317081,0.10000000000000001
1698,0,0.91471993058644829,0.11998741164497148,0.23090959439855249,0.000160364269246515,1001.060279475705,530.13973785249391,0.10000000000000001
1699,0,0.92474071815244929,0.11998681662755797,0.23063584070948062,0.00014716055823426922,1001.0795053238528,539.75266192639992,0.10000000000000001
1700,0,0.93476816490758696,0.11998736844317019,0.2303985826302318,0.00014249132835557026,1001.0891472460663,544.57362303315904,0.10000000000000001
1701,0,0.94478938293780068,0.11998696929163981,0.2301992343405514,0.00012541511879127709,1001.1057299405343,552.86497026713732,0.10000000000000001
1702,0,0.95481576304870464,0.11998752375938038,0.23006096498797424,0.00011471942452986704,1001.1134167891464,556.70839457320653,0.10000000000000001
1703,0,0.96483726293071437,0.11998730427573218,0.22998324816569346,9.3308536321313039e-05,1001.125621386435,562.8106932175001,0.10000000000000001
1704,0,0.97486270524001917,0.11998788885753513,0.22998173184733806,7.7050804005098273e-05,1001.1296008119813,564.80040599063841,0.10000000000000001
1705,0,0.98488440182460724,0.11998785484214994,0.23004593228990378,5.3690106882642442e-05,1001.1366703364596,568.33516822979391,0.10000000000000001
1706,0,0.99490903058424696,0.11998848203202574,0.23017570156818118,3.7041317013857229e-05,1001.1368747017748,568.43735088739322,0.10000000000000001
1707,0,1.0049308262962371,0.11998863704260911,0.23034727824059378,1.9104900371287867e-05,1001.140273090691,570.13654534551961,0.10000000000000001
1708,0,1.0149546674498966,0.11998936747360411,0.23053786238983801,1.1904494094454026e-05,1001.1393176451289,569.65882256446321,0.10000000000000001
1709,0,1.0249763486331609,0.11998977905074881,0.23070805264185174,1.1459351218642443e-05,1001.1432385102182,571.6192551091126,0.10000000000000001
1710,0,1.0349992434319362,0.11999064472871171,0.23081796450350692,2.6747977624956398e-05,1001.1466780122058,573.33900610291266,0.10000000000000001
1711,0,1.0450204341550564,0.11999138340854583,0.23081430470595876,5.5483865184580111e-05,1001.1580794251441,579.03971257206877,0.10000000000000001
1712,0,1.0550420122864448,0.11999243765105302,0.23064431978279898,0.00010371479485161995,1001.1735428424543,586.77142122712667,0.10000000000000001
1713,0,1.0650621131796505,0.11999350565150801,0.23025622331663578,0.00016821512411462725,1001.2006058230039,600.3029115019558,0.10000000000000001
1714,0,1.0750819297806025,0.11999464707812188,0.22961018366715305,0.00025014571489881133,1001.2367022467499,618.35112337496412,0.10000000000000001
1715,0,1.0851003167462168,0.11999582042082822,0.22865401640148839,0.00034404149142149248,1001.2865460806917,643.27304034583221,0.10000000000000001
1716,0,1.0951179843728522,0.11999696733098598,0.22738325756896088,0.00044803425669443994,1001.3487182536446,674.35912682230992,0.10000000000000001
1717,0,1.105133981977126,0.11999824754268075,0.22579304226883379,0.00055182076141619199,1001.4253572027744,712.67860138721062,0.10000000000000001
1718,0,1.1151488859905907,0.11999966079312467,0.22390331911347869,0.00065222960855774092,1001.5139294588886,756.96472944429161,0.10000000000000001
1719,0,1.1251616124323847,0.12000120968327394,0.22174883353728969,0.0007369464142930333,1001.6132955821582,806.647791079115,0.10000000000000001
1720,0,1.1351730444079056,0.12000310253065941,0.21943277656164925,0.00080315268558586717,1001.721748292978,860.87414648898175,0.10000000000000001
1721,0,1.145181761453159,0.12000487088584447,0.21700648408836623,0.00083711150960503837,1001.8343714401985,917.18572009926902,0.10000000000000001
1722,0,1.1551891591451067,0.12000719168729042,0.21457561226109276,0.00084409638952294278,1001.9473895749421,973.69478747106086,0.10000000000000001
1723,0,1.165193778491048,0.12000891451561486,0.21226943628010281,0.00080895340891169309,1002.0586714947576,1029.3357473788092,0.10000000000000001
1724,0,1.1751970865876311,0.120011284437232,0.21016545356039226,0.00074568349409177349,1002.1609801444494,1080.4900722246771,0.10000000000000001
1725,0,1.1851982007354955,0.12001269934403543,0.20833032859211995,0.00065012545721242698,1002.2537712319954,1126.8856159977076,0.10000000000000001
1726,0,1.1951979185533474,0.12001480488579891,0.20686925716956081,0.00053731123314918513,1002.3312702447191,1165.6351223595607,0.10000000000000001
1727,0,1.2051966023872265,0.12001605878873754,0.20579948032418791,0.00040891913629488493,1002.3976187570112,1198.8093785055867,0.10000000000000001
1728,0,1.2151931999871988,0.12001785203529892,0.20507084201582898,0.00029143371601751802,1002.4424614189237,1221.2307094618495,0.10000000000000001
1729,0,1.225190577389984,0.12001919697163027,0.20471909894437165,0.00019151909345754874,1002.4804214522053,1240.2107261026458,0.10000000000000001
1730,0,1.2351845766694229,0.12002050161367629,0.20464331220066564,0.00010957227917713944,1002.5016665533348,1250.8332766673789,0.10000000000000001
1731,0,1.2451813363153894,0.12002209452772046,0.20468737200871348,8.4715783214096447e-05,1002.5194702960115,1259.7351480057455,0.10000000000000001
1732,0,1.2551732044394268,0.12002279352895645,0.20476822347459681,9.2049662309534797e-05,1002.5315839137402,1265.7919568700891,0.10000000000000001
1733,0,1.2651696250922668,0.12002464231999702,0.20475685532629526,0.00016449003940720823,1002.552969528375,1276.4847641875008,0.10000000000000001
1734,0,1.275159406238211,0.12002472113157989,0.20441665573057571,0.00025667471605005148,1002.5801397704122,1290.0698852060941,0.10000000000000001
1735,0,1.2851550093853719,0.12002667213805876,0.2036237019102988,0.00043676189590648846,1002.6251070532463,1312.5535266231623,0.10000000000000001
1736,0,1.2951427388065586,0.12002630868297776,0.20232295200589406,0.00060271407498464519,1002.6944356402111,1347.2178201055272,0.10000000000000001
1737,0,1.3051362444965005,0.12002806433680463,0.2003492057379648,0.00082562359671681815,1002.7873928166075,1393.6964083037537,0.10000000000000001
1738,0,1.3151215852843514,0.12002768886918493,0.19766824820353623,0.0010212980354213784,1002.9078895314602,1453.9447657301139,0.10000000000000001
1739,0,1.325111478383626,0.12002887036941094,0.19435530645353802,0.0012434859385709294,1003.0550398941243,1527.5199470621601,0.10000000000000001
1740,0,1.3350940764899522,0.12002898133001125,0.19060724597008785,0.0013865238924304091,1003.2272464518979,1613.6232259489702,0.10000000000000001
1741,0,1.3450787935120534,0.12002919982955643,0.1864210829471098,0.0014942118323688944,1003.4111836344977,1705.5918172488305,0.10000000000000001
1742,0,1.3550583967854462,0.12003020742727903,0.18224292114999255,0.0015341225128314611,1003.59768575238,1798.8428761900082,0.10000000000000001
1743,0,1.3650379720632049,0.12002904845976796,0.17832288631376622,0.0014516685582422505,1003.7832392383754,1891.6196191876793,0.10000000000000001
1744,0,1.3750145143477037,0.12003086442572464,0.17509080282967615,0.0012758683962512604,1003.936723085724,1968.3615428619987,0.10000000000000001
1745,0,1.3849909786396062,0.12002813577802382,0.17267259890240366,0.00096248678211501373,1004.062280628273,2031.1403141365076,0.10000000000000001
1746,0,1.3949652217592463,0.12003001107788054,0.17167734386753172,0.00058596901106113593,1004.12697735584,2063.4886779200201,0.10000000000000001
1747,0,1.4049429883609228,0.12002632759236213,0.17201706874529302,6.6322111136131906e-05,1004.146226824496,2073.1134122480057,0.10000000000000001
1748,0,1.4149159152932871,0.1200269614176302,0.17414598749262197,-0.00046861607540018733,1004.0861896071101,2043.09480355505,0.10000000000000001
1749,0,1.4249005386243103,0.12002390619486057,0.17766388507656652,-0.0010026963352765775,1003.9737783708165,1986.8891854082449,0.10000000000000001
1750,0,1.4348733172132742,0.12002183235274586,0.18278822899956318,-0.0015338722780126801,1003.7862304964556,1893.1152482277867,0.10000000000000001
1751,0,1.4448694820727461,0.12002157799772398,0.18891199664291999,-0.0018523840588252382,1003.5649427642783,1782.4713821391356,0.10000000000000001
1752,0,1.454843198422235,0.12001609729954883,0.19590490703542676,-0.0021758483225326366,1003.2995017930458,1649.7508965229031,0.10000000000000001
1753,0,1.4648522631006833,0.12001978350827817,0.20282483721088879,-0.0020650038146186596,1003.0342498417035,1517.1249208517565,0.10000000000000001
1754,0,1.474827831413507,0.12001157967234435,0.20940535471897115,-0.0020069198242955392,1002.774000422638,1387.0002113189912,0.10000000000000001
1755,0,1.4848472342148449,0.12001828868942062,0.21469860051569997,-0.0013784484545901218,1002.5670747548609,1283.5373774304344,0.10000000000000001
1756,0,1.4948252505827184,0.12000914082588195,0.21852972596636658,-0.00088935774789220131,1002.4171324739738,1208.5662369868828,0.10000000000000001
1757,0,1.5048490291857404,0.12001575201529775,0.21985450365504511,6.2717666955289258e-05,1002.3534088905309,1176.7044452654432,0.10000000000000001
1758,0,1.5148295593054235,0.12000804878947331,0.2192771076606084,0.00080683049366656089,1002.3822010443698,1191.1005221849109,0.10000000000000001
1759,0,1.5248512140398578,0.12001153167135267,0.21600993300167126,0.0017541029152583082,1002.5065501633886,1253.2750816943121,0.10000000000000001
1760,0,1.5348325072369438,0.12000796380323474,0.21104939598989639,0.0023589859328450222,1002.7074884982416,1353.7442491207798,0.10000000000000001
1761,0,1.5448466186520984,0.12000806875580991,0.20420330238044007,0.0028460589828899316,1002.9838463826791,1491.9231913395379,0.10000000000000001
1762,0,1.5548253309486473,0.12001124100428441,0.19687717140446989,0.0029552603181629182,1003.2980083402173,1649.0041701086398,0.10000000000000001
1763,0,1.5648268882811553,0.12000994819480444,0.18850084458225136,0.0026781031956722022,1003.6261105494535,1813.0552747267643,0.10000000000000001
1764,0,1.5747996450551707,0.12001863602671602,0.18126468267786422,0.0022090071862502798,1003.9680940536737,1984.0470268368335,0.10000000000000001
1765,0,1.5847884234830318,0.12001700115686456,0.17394125361053442,0.0014283864335922841,1004.2814667050711,2140.7333525355625,0.10000000000000001
1766,0,1.5947517174577599,0.12002416818167465,0.16791783309205063,0.0006548659354973697,1004.5594100853634,2279.7050426817123,0.10000000000000001
1767,0,1.6047360198831402,0.12002056184644541,0.16260634213985362,-0.00016753925842818485,1004.8295856948592,2414.7928474296236,0.10000000000000001
1768,0,1.6146901744972282,0.12002034880493495,0.15863125625236868,-0.0006749730196103402,1005.0579846084731,2528.9923042365672,0.10000000000000001
1769,0,1.6246794738672343,0.12001516186461639,0.1544605997076692,-0.00069606241294884179,1005.2688529152551,2634.4264576275691,0.10000000000000001
1770,0,1.6346263421289664,0.12001109875475338,0.15199103469988667,-0.0005883174886687039,1005.4791018363294,2739.5509181646958,0.10000000000000001
1771,0,1.6446238667673443,0.12000953936268947,0.14827186626127595,7.6016094266166337e-05,1005.6419625514699,2820.9812757349368,0.10000000000000001
1772,0,1.6545582086897521,0.12001293885835743,0.14622970142364225,0.0010363735905397804,1005.8253698433723,2912.6849216861501,0.10000000000000001
1773,0,1.6645624960580088,0.12001706776067872,0.14394776749214852,0.0019148802705123622,1005.9969434087324,2998.4717043661817,0.10000000000000001
1774,0,1.6744743849214279,0.12002693271367477,0.14219192443432163,0.0025107036511404709,1006.0810069041216,3040.5034520608183,0.10000000000000001
1775,0,1.6844803886253235,0.12003180371013593,0.13795070959944639,0.0033520135982742427,1006.1365579026422,3068.2789513210764,0.10000000000000001
1776,0,1.6943940237313018,0.12003590841913443,0.14014992400403153,0.0033019042887856482,1006.3927898266869,3196.3949133434539,0.10000000000000001
1777,0,1.7043696618238069,0.12003552820462932,0.13533455229980687,0.002369107442363896,1006.3477242577604,3173.8621288802165,0.10000000000000001
1778,0,1.7143314067555067,0.12003368881886108,0.13156376991771945,0.0028364887954343502,1006.5341789590633,3267.0894795316485,0.10000000000000001
1779,0,1.7242488801640132,0.12002064713191683,0.1277836083241666,0.0003315179771213447,1006.6816133245967,3340.8066622983483,0.10000000000000001
1780,0,1.7342636192882259,0.12008405854961847,0.12371087516483478,0.0011893892706284089,1007.1338814763661,3566.9407381830638,0.10000000000000001
1781,0,1.7441288051629,0.11997566742720309,0.11496847399956149,0.00054764789503146838,1007.3025675023251,3651.2837511625662,0.10000000000000001
1782,0,1.7541259225287757,0.12007679205957889,0.10823064692982808,0.002943939847046495,1007.662939380146,3831.4696900729928,0.10000000000000001
1783,0,1.7640610436101172,0.11997194546964469,0.10395370836138401,9.2683979629698521e-05,1008.2791861411434,4139.5930705717201,0.10000000000000001
1784,0,1.7739615132625768,0.12006540214764996,0.094079406988412134,0.00582206599339034,1008.2892412308834,4144.6206154416814,0.10000000000000001
1785,0,1.7839858800351123,0.11990463674470246,0.094395669400658036,0.0014880130190670574,1008.9290360410677,4464.5180205338311,0.10000000000000001
1786,0,1.7937547078644192,0.11999795594704493,0.079920280785958794,0.0051295269237478661,1008.4067082019897,4203.3541009948294,0.10000000000000001
1787,0,1.8038839119819849,0.11987710310836922,0.079010419529254181,0.0059295284664808165,1009.3264292381704,4663.2146190851818,0.10000000000000001
1788,0,1.8135380952091409,0.11988185542105635,0.06429724008934716,0.001328375986154124,1008.7785258745098,4389.2629372548981,0.10000000000000001
1789,0,1.8237703177295077,0.11991470895542014,0.058193478155524246,0.00099072112682007589,1010.2066623391926,5103.3311695962875,0.10000000000000001
1790,0,1.8334390363645765,0.11976959428471035,0.061972873101292673,-0.0015709467844939682,1010.1935292138065,5096.7646069032635,0.10000000000000001
1791,0,1.8436912467608511,0.11981674689188841,0.038031102370007876,-0.0019666025827607824,1010.2355926655653,5117.7963327826319,0.10000000000000001
1792,0,1.8534601652769371,0.11958907129363187,0.04809225209988395,-0.016516529381300819,1010.7344365852041,5367.2182926020469,0.10000000000000001
1793,0,1.8637114105291996,0.11965841136597916,0.035863368786797065,-0.012732990100084635,1010.5199728336547,5259.9864168273598,0.10000000000000001
1794,0,1.8733703973800337,0.11936364137675563,0.030667542335701792,-0.02639764876551114,1010.1526101361131,5076.3050680565702,0.10000000000000001
1795,0,1.8842963515766531,0.1193361524307162,0.071626386604298889,-0.012911352585210284,1013.3952850425245,6697.6425212622526,0.10000000000000001
1796,0,1.893160939071173,0.11882544504989623,0.044874219479622009,-0.033973550244549289,1008.0826902784246,4041.3451392122965,0.10000000000000001
1797,0,1.9059551983658363,0.11954057884958438,0.077145068725150145,0.012699956742259435,1013.7132797675619,6856.6398837809284,0.10000000000000001
1798,0,1.913883618566014,0.11816681914779664,0.12754124394287253,-0.016223036866460126,1010.6486266982238,5324.3133491118897,0.10000000000000001
1799,0,1.9275948934585945,0.12070616074587438,0.064513030222716802,-0.035313142653789556,1012.0679636202692,6033.9818101346054,0.10000000000000001
1800,0,1.934643128233164,0.12104848505944099,0.10251287321666547,0.040316017403348933,1010.6702036732526,5335.1018366262797,0.10000000000000001
1801,0,1.9471190906399667,0.12124996574478038,0.05692610990930614,0.052592730498442777,1010.565144068952,5282.5720344760048,0.10000000000000001
1802,0,1.9504274316391608,0.12313111640809986,0.0359565745581924,0.039674353698545821,1008.1658382115558,4082.9191057778758,0.10000000000000001
1803,0,1.9634357616271205,0.12705263892401644,-0.0092438315106819838,0.02931097678765425,1015.390038254027,7695.0191270134947,0.10000000000000001
1804,0,1.9633797598553564,0.12872664454221733,0.0015011208672807718,0.058354548143878124,1017.2180019288121,8609.0009644060501,0.10000000000000001
1805,0,1.9770939667347849,0.1313788268171,-0.040906199767448422,4.0962948806683684e-06,1009.5454077642726,4772.7038821362839,0.10000000000000001
1806,0,1.9770745183626861,0.13098520507101047,-0.038836833359264189,0.0025876094078407224,1009.9247758626396,4962.3879313198249,0.10000000000000001
1807,0,1.9917077489191382,0.12854629197612449,0.07806254587417602,0.0071248440837456536,1040.5684153926131,20284.207696306567,0.10000000000000001
1808,0,1.9999967999999999,0.11985267468110639,0,-0.015964365070586666,1003.2236086491899,1611.8043245949707,0.10000000000000001
1809,0,1.9999967999999999,0.1205238417801527,0,-0.014799001409702185,1002.9204034895315,1460.2017447657545,0.10000000000000001
1810,0,0.22382134558446387,0.12912765735077425,0.25444046824751709,-0.00034960273153524662,1000.1594391853927,79.71959269633544,0.10000000000000001
1811,0,0.22455474425201713,0.12621163583764719,0.2563601176795664,-0.00040296943142033531,1000.1620490119037,81.024505951859283,0.10000000000000001
1812,0,0.2387498233321195,0.1321970299668688,0.25551085955420638,-0.0039596814555817031,1000.1545504359951,77.27521799756687,0.10000000000000001
1813,0,0.25129677867666328,0.13673716926262866,0.25744625996137527,0.0064432999110787112,1000.2799721821609,139.98609108045912,0.10000000000000001
1814,0,0.25152761186372519,0.13634914602991877,0.25818511889979934,0.0062495990459320453,1000.2940864614259,147.04323071293857,0.10000000000000001
1815,0,0.27410614579216197,0.13113926035969065,0.25417704988914364,-0.0017227449620804819,1000.0088450268614,4.4225134307112057,0.10000000000000001
1816,0,0.27426619367817517,0.13073594256302803,0.25400960330751332,-0.001434603321218506,1000.0110703923549,5.5351961774476877,0.10000000000000001
1817,0,0.28924752663563202,0.12995812128676343,0.25577859878657988,0.0025040686850809428,1000.5641943837043,282.09719185213089,0.10000000000000001
1818,0,0.29817996951463438,0.12918109194733501,0.25297236175484156,-0.00075793528246859338,1000.0555516666783,27.775833339148903,0.10000000000000001
1819,0,0.30944988429036618,0.12909963843369865,0.25191304805874809,-0.0024914116871363927,1000.458971819418,229.4859097090125,0.10000000000000001
1820,0,0.31940948806374403,0.12902486847667127,0.25629986864627352,-0.0026446326507752315,999.95648332952271,-21.758335238644122,0.10000000000000001
1821,0,0.33015302703860266,0.12927585059633229,0.25168873499349242,-0.0027268564612447184,1000.33335732848,166.67866424000977,0.10000000000000001
1822,0,0.33998996158390021,0.12938862068119975,0.25777133227228721,-0.0022608440748271602,1000.1078453070609,53.922653530435127,0.10000000000000001
1823,0,0.3505818155804159,0.12943562184978291,0.2539661086459703,-0.0018324326125757808,1000.2225841918035,111.29209590177425,0.10000000000000001
1824,0,0.36031278749461204,0.12962818306153298,0.25804582998419873,-0.001184798708318439,1000.1588795617959,79.439780897928358,0.10000000000000001
1825,0,0.3708319648090016,0.12967267294312562,0.25615376776811322,-0.00082183782156814496,1000.1339412542465,66.970627123225768,0.10000000000000001
1826,0,0.38051561515888344,0.12976961969022363,0.25804336094982661,-0.00046465646921490242,1000.2321319080877,116.06595404384734,0.10000000000000001
1827,0,0.39099075169612102,0.12979279687501982,0.25815202166226775,-3.151908587988137e-06,1000.0167233647472,8.3616823736178958,0.10000000000000001
1828,0,0.40066749542213931,0.12987179350215766,0.25814960119986613,-0.00022831699628021252,1000.2493402633586,124.67013167929508,0.10000000000000001
1829,0,0.41106501692548297,0.12986407125961555,0.25921326174887344,0.00027130961420831861,999.96825136715347,-15.874316423264645,0.10000000000000001
1830,0,0.42079676944605188,0.12992812913405979,0.25861902822089555,-2.5218483119702777e-05,1000.2008367764005,100.41838820023941,0.10000000000000001
1831,0,0.43113009587086387,0.12989272639588179,0.2592797446151594,0.00035674232053815543,999.97777639217054,-11.11180391472999,0.10000000000000001
1832,0,0.44089782862792165,0.12994417047433734,0.25889549977747511,0.00025433294500703266,1000.1532932855059,76.64664275296218,0.10000000000000001
1833,0,0.45119026359485831,0.1299141200346369,0.25883405940515086,0.00048409865520274668,999.99146550438695,-4.2672478065242103,0.10000000000000001
1834,0,0.46098948357794284,0.12994899135032983,0.25843719749473948,0.0004603985375604999,1000.1331745636367,66.587281818328847,0.10000000000000001
1835,0,0.47124393089046063,0.12992976676417975,0.25803982063369257,0.00056153695342247895,1000.0165868191788,8.293409589384737,0.10000000000000001
1836,0,0.48108321721632091,0.12994970862236827,0.25739121019366706,0.00051219043648600428,1000.1298216200167,64.910810008370845,0.10000000000000001
1837,0,0.49129694490699932,0.12994502158364829,0.25683454027063302,0.00052772926091673245,1000.0595882805766,29.794140288288418,0.10000000000000001
1838,0,0.50117287683630907,0.12995838071859592,0.25601969959934839,0.0005008534566549273,1000.1481383116846,74.069155842323653,0.10000000000000001
1839,0,0.51134817831845669,0.12996248967404192,0.25532413597945786,0.00051726381751737325,1000.1111667336861,55.583366843052318,0.10000000000000001
1840,0,0.52125189168202257,0.12997069769818023,0.2544727447471602,0.00048499303094471361,1000.1804059937269,90.202996863467888,0.10000000000000001
1841,0,0.53139701915736426,0.12997485615443563,0.25368162721376403,0.00051772297111122309,1000.1626400241893,81.32001209463624,0.10000000000000001
1842,0,0.54132157013490845,0.12998159333951256,0.25288669177866652,0.00046850424329027954,1000.2152210379206,107.61051896031404,0.10000000000000001
1843,0,0.55144536313435721,0.12998022184921101,0.25205194867167618,0.00048759702462945292,1000.2073632677766,103.68163388829998,0.10000000000000001
1844,0,0.56138792771195822,0.12998713994792288,0.25136786248967413,0.00042935440733911199,1000.2477582331808,123.87911659038764,0.10000000000000001
1845,0,0.57149550838856933,0.12998223620081339,0.25052555332253573,0.0004389967870559594,1000.2424676589044,121.23382945219419,0.10000000000000001
1846,0,0.58145195748495815,0.12998911559099086,0.24994512953730452,0.00038000565471256394,1000.2775888894457,138.79444472286195,0.10000000000000001
1847,0,0.59154750966256908,0.12998318341128678,0.24911090135636826,0.00040201559553516446,1000.2700303422029,135.01517110142913,0.10000000000000001
1848,0,0.60151449736630225,0.12998953684546757,0.24854185708256113,0.00035272281026999224,1000.3066778211489,153.33891057446181,0.10000000000000001
1849,0,0.61159990868010339,0.12998404625458179,0.24773224577468239,0.00039989336093250596,1000.2967986623673,148.39933118366844,0.10000000000000001
1850,0,0.62157641215587056,0.12998897894640535,0.24704441800840529,0.00037276927351318368,1000.3381831847827,169.09159239133942,0.10000000000000001
1851,0,0.6316521119563957,0.12998500648008834,0.24621966146089397,0.0004388354053959057,1000.3317847781387,165.89238906936998,0.10000000000000001
1852,0,0.64163747880413813,0.12998809355656898,0.24535201441244583,0.00043540857620473033,1000.3766983028202,188.34915141007968,0.10000000000000001
1853,0,0.65170412737779682,0.12998596054154052,0.24441863459596644,0.0005131385331164864,1000.3806009837363,190.30049186812903,0.10000000000000001
1854,0,0.66169668603885312,0.12998706222029924,0.24337243209917839,0.00052032288690840439,1000.4279065098875,213.95325494376038,0.10000000000000001
1855,0,0.6717560208762211,0.12998685741278723,0.2422773608388244,0.00059686577711800214,1000.4440599690928,222.02998454639555,0.10000000000000001
1856,0,0.6817534496163703,0.12998612402029353,0.2410844851439625,0.00060007986970729479,1000.4940287022458,247.01435112291392,0.10000000000000001
1857,0,0.69180728712403894,0.12998734679293092,0.23984529307802824,0.00065847243553191295,1000.5199458947396,259.97294736981758,0.10000000000000001
1858,0,0.70180795515046546,0.12998559340792035,0.23857347053150546,0.00064244818342559719,1000.5721248183771,286.06240918855974,0.10000000000000001
1859,0,0.71185718467152337,0.12998731859129414,0.23726821787900429,0.00067168382010827693,1000.6030659325758,301.53296628787984,0.10000000000000001
1860,0,0.72186047164005185,0.12998537213638786,0.23600243004073099,0.00063025871902223397,1000.6558986940715,327.94934703576928,0.10000000000000001
1861,0,0.73190540493317513,0.12998697201212236,0.23474615045263789,0.00062360063149412412,1000.6866221184263,343.31105921313565,0.10000000000000001
1862,0,0.7419111919315815,0.12998507465378739,0.23357117650293177,0.00056090472228618787,1000.7374542436545,368.72712182724854,0.10000000000000001
1863,0,0.75195211406588891,0.12998652549095144,0.23246646319379902,0.0005254564299517619,1000.7643034895273,382.15174476363245,0.10000000000000001
1864,0,0.76196022229968186,0.12998461552323362,0.23145623496777115,0.00045024232692000057,1000.8098695259662,404.93476298308906,0.10000000000000001
1865,0,0.77199767668134522,0.12998593579902012,0.23055727748726168,0.00040238103475521151,1000.831411446978,415.70572348899759,0.10000000000000001
1866,0,0.78200785090652247,0.12998407656647151,0.22975466038310602,0.00032680377517085374,1000.8694331241832,434.71656209158027,0.10000000000000001
1867,0,0.79204241735125369,0.12998507676109017,0.22906471017260446,0.00028319757772109363,1000.8856694554042,442.83472770212029,0.10000000000000001
1868,0,0.80205448117125278,0.1299834065747334,0.22846401657947796,0.00022075192662960534,1000.9160247365252,458.01236826258673,0.10000000000000001
1869,0,0.81208663379453394,0.12998412567241774,0.22795102763790528,0.00019264701284742907,1000.9277780583594,463.88902917971109,0.10000000000000001
1870,0,0.82210041386863186,0.12998266879052225,0.22750315859820344,0.00015151894435213911,1000.9521280117757,476.06400588784936,0.10000000000000001
1871,0,0.83213053120894465,0.12998338410065563,0.22711290012598617,0.00014321006610130941,1000.9609997056209,480.49985281045338,0.10000000000000001
1872,0,0.84214572301547197,0.12998212676918536,0.22675377043577705,0.00012431771373492677,1000.9815582765812,490.77913829057707,0.10000000000000001
1873,0,0.85217415892605997,0.12998284948901251,0.22642420837665564,0.00013319877410662031,1000.9895765608425,494.78828042123268,0.10000000000000001
1874,0,0.86219044042110204,0.12998172813380346,0.22609780961761783,0.00013051903029087368,1001.008336375662,504.1681878309987,0.10000000000000001
1875,0,0.87221746383664478,0.12998238299095868,0.225780408804613,0.00014888710515857599,1001.0171285476689,508.5642738344518,0.10000000000000001
1876,0,0.8822346307243919,0.12998135220280599,0.22545192748577797,0.00015309733409483962,1001.0354709371642,517.73546858208874,0.10000000000000001
1877,0,0.89226043417634238,0.12998189096958276,0.22512604975052858,0.00017113536249581659,1001.0457582382248,522.87911911241736,0.10000000000000001
1878,0,0.90227826665593169,0.12998102049838051,0.22479058331219989,0.00017223627534856633,1001.0640597500604,532.02987503021859,0.10000000000000001
1879,0,0.91230290550643844,0.12998161892659721,0.22446603367241494,0.00018109974810704823,1001.0755439733709,537.77198668547044,0.10000000000000001
1880,0,0.92232116903794148,0.12998097897992633,0.22415011761242878,0.00017101310626162477,1001.0930972265762,546.54861328810966,0.10000000000000001
1881,0,0.93234473104924231,0.12998167644166644,0.22386502509408068,0.00016399281577428966,1001.1044186845687,552.20934228435681,0.10000000000000001
1882,0,0.94236320152554498,0.12998123517967086,0.22361509658980347,0.00013788681060852471,1001.1198130223642,559.90651118207779,0.10000000000000001
1883,0,0.95238583091480433,0.12998198738560049,0.22342311929540054,0.00011251886355820062,1001.1289821400186,564.49107000929644,0.10000000000000001
1884,0,0.96240442796925685,0.12998174348158392,0.22328977512015646,7.0534296555834088e-05,1001.1405967798549,570.29838992747273,0.10000000000000001
1885,0,0.97242623285385676,0.12998255077860008,0.22323359294430595,3.0184736073477826e-05,1001.1459825483784,572.99127418917806,0.10000000000000001
1886,0,0.98244494283925543,0.12998252476295066,0.22324554566839991,-2.0482779685235433e-05,1001.1529139552488,576.45697762438886,0.10000000000000001
1887,0,0.99246602910409565,0.12998337062959256,0.22332966566091267,-6.4537012358187724e-05,1001.1542446104316,577.12230521582342,0.10000000000000001
1888,0,1.0024848440120941,0.12998360092395045,0.22346313544214386,-0.00010879182153271928,1001.1574954140527,578.74770702636624,0.10000000000000001
1889,0,1.012505268301285,0.12998450954484991,0.22362939352033631,-0.00013791653145078423,1001.1568946188484,578.44730942417755,0.10000000000000001
1890,0,1.0225240644930516,0.12998512432004788,0.22378720181154124,-0.00015429840015209517,1001.1601344852301,580.06724261502995,0.10000000000000001
1891,0,1.0325437661284287,0.12998614959870552,0.22390162632210472,-0.00014582060000676626,1001.1626952315481,581.3476157740638,0.10000000000000001
1892,0,1.0425622312142864,0.12998729691716876,0.22391667575326932,-0.00011352699468238127,1001.1725131178582,586.256558929108,0.10000000000000001
1893,0,1.0525809313769727,0.12998853017676149,0.22378273534848928,-4.9631358161702146e-05,1001.1858654296092,592.93271480458998,0.10000000000000001
1894,0,1.0625985675992924,0.12999016892775919,0.22343892131768978,4.3268653139432946e-05,1001.2103049417367,605.15247086834734,0.10000000000000001
1895,0,1.0726159573906469,0.1299914995688658,0.22284667938783978,0.00016619251941408925,1001.2433470232281,621.67351161406259,0.10000000000000001
1896,0,1.0826322001494983,0.12999322614818318,0.22194848472244724,0.0003115855101042817,1001.2901362062066,645.06810310331275,0.10000000000000001
1897,0,1.0926479158397933,0.12999465367432195,0.22072666475857658,0.0004764164862083859,1001.3492136409817,674.60682049085108,0.10000000000000001
1898,0,1.102662022807082,0.12999635026318501,0.21917408791073523,0.00064547260569017078,1001.4229028738952,711.45143694758417,0.10000000000000001
1899,0,1.1126754454598271,0.12999841644215626,0.21730397456326828,0.00081234812602877591,1001.5100004045788,755.00020228940912,0.10000000000000001
1900,0,1.1226865020929617,0.13000022657468546,0.21514264444883241,0.00095646451581828476,1001.6076035316747,803.80176583736329,0.10000000000000001
1901,0,1.1326969137892646,0.13000334484012463,0.21277868428948682,0.0010736207598170684,1001.7167901361784,858.39506808918031,0.10000000000000001
1902,0,1.1427042673703822,0.13000517083054738,0.21028632945579834,0.0011376961212793682,1001.8294860779024,914.74303895120102,0.10000000000000001
1903,0,1.1527110631375381,0.13000915099525412,0.20774590069471602,0.0011552992433434852,1001.9462288212524,973.11441062618087,0.10000000000000001
1904,0,1.1627147455386162,0.13001073287835724,0.20529774564583805,0.0011023099709650068,1002.0578623464671,1028.9311732335591,0.10000000000000001
1905,0,1.1727178325564258,0.13001477888344737,0.20304017808089364,0.00099535844555577609,1002.166380513078,1083.1902565390124,0.10000000000000001
1906,0,1.1827185149732737,0.13001608294513392,0.20104067509705048,0.00082670352731302639,1002.2597785197388,1129.889259869401,0.10000000000000001
1907,0,1.1927182104521643,0.13001933935408103,0.1993959467595669,0.0006183893531234684,1002.3429225394644,1171.4612697322195,0.10000000000000001
1908,0,1.2027169550762893,0.13002099361636121,0.19816933409469001,0.00037817464824059472,1002.4089355195025,1204.4677597512532,0.10000000000000001
1909,0,1.2127137383302908,0.13002290619538887,0.19732054373268409,0.00013164681320346273,1002.4587102147976,1229.3551073988169,0.10000000000000001
1910,0,1.2227114516466997,0.13002563080325835,0.1968378651707961,-8.5293746819994421e-05,1002.4935380695504,1246.7690347751841,0.10000000000000001
1911,0,1.2327062330010046,0.13002570497207067,0.19670984688046292,-0.0002901366592726074,1002.5157636429577,1257.8818214788612,0.10000000000000001
1912,0,1.2427032687218236,0.13002973182380564,0.19673630484014804,-0.00039787269467639769,1002.5311881587081,1265.5940793540594,0.10000000000000001
1913,0,1.2526969670278085,0.13002800894771063,0.1968518250530201,-0.0004640397920773981,1002.5385433597294,1269.271679864687,0.10000000000000001
1914,0,1.2626931434293451,0.13003296474352991,0.19687084767416238,-0.00039851228749435608,1002.5566975725276,1278.3487862637912,0.10000000000000001
1915,0,1.2726864168483412,0.13003016161206432,0.19669108659299261,-0.00029694771172254509,1002.576708651029,1288.35432551449,0.10000000000000001
1916,0,1.282680873368911,0.13003500252071687,0.19600138420516502,-3.4665393472217476e-05,1002.6199661100796,1309.9830550398224,0.10000000000000001
1917,0,1.2926738268439562,0.13003237425625852,0.19485671972301449,0.0002446321398856817,1002.6780651489494,1339.032574474686,0.10000000000000001
1918,0,1.3026655698989325,0.13003574593218847,0.19300911635146706,0.00062026653330011822,1002.7715976929513,1385.7988464756659,0.10000000000000001
1919,0,1.312657144862849,0.13003485975504675,0.19048884055595142,0.0010080510242513885,1002.8847430766449,1442.3715383224476,0.10000000000000001
1920,0,1.3226453170985903,0.13003564581217028,0.18722086968651167,0.001409155020454833,1003.0318282882574,1515.9141441287147,0.10000000000000001
1921,0,1.3326338778041746,0.13003755772951645,0.18344826404899964,0.0017808835978404113,1003.2020095973986,1601.0047986993072,0.10000000000000001
1922,0,1.3426179935971905,0.13003539506410933,0.17922821032282574,0.0020113610856169768,1003.389299532913,1694.6497664565072,0.10000000000000001
1923,0,1.3526018145411303,0.13004009710391129,0.17482172162129106,0.0022266331551724942,1003.5850078430441,1792.5039215220409,0.10000000000000001
1924,0,1.362582236144793,0.13003532279002925,0.17061688538855796,0.002163731646638729,1003.7712836098646,1885.641804932277,0.10000000000000001
1925,0,1.3725610449040122,0.13004137830302856,0.16692972942696077,0.0020294520095597516,1003.9466581907966,1973.3290953982987,0.10000000000000001
1926,0,1.3825387996599103,0.13003486937916692,0.16410789551789309,0.0015580891608552221,1004.0747677887622,2037.3838943810938,0.10000000000000001
1927,0,1.3925143908080959,0.13004023183769897,0.16249171347662383,0.0010281343984438311,1004.1672908213818,2083.6454106909059,0.10000000000000001
1928,0,1.4024915362173898,0.13003314265383398,0.16232575515100592,0.00020314869916808939,1004.1861387034476,2093.0693517237842,0.10000000000000001
1929,0,1.412467413217654,0.13003622722862745,0.16390585997836471,-0.00067753829190415329,1004.1545173016531,2077.2586508265363,0.10000000000000001
1930,0,1.4224468429257595,0.13002961709107733,0.16702150664465978,-0.0016311055471246859,1004.0378524671464,2018.926233573211,0.10000000000000001
1931,0,1.4324265288551219,0.13003011587138236,0.17184495319356041,-0.0026030590274010645,1003.8681260595764,1934.0630297882058,0.10000000000000001
1932,0,1.4424118724923731,0.13002466814028693,0.17782633525376917,-0.0033483176162079019,1003.6349712244865,1817.4856122432743,0.10000000000000001
1933,0,1.4523970350126318,0.13002379255961893,0.18492011702688613,-0.0040025322351148447,1003.3709694426703,1685.4847213351718,0.10000000000000001
1934,0,1.4623911170075616,0.13001924847617974,0.19211097136674679,-0.0042092401905484775,1003.0842919550144,1542.1459775071753,0.10000000000000001
1935,0,1.4723809336469202,0.13001888966412156,0.19917678250724483,-0.0041810513718683788,1002.8092863222205,1404.6431611102435,0.10000000000000001
1936,0,1.4823844762909195,0.13001429283148333,0.20514224088571384,-0.0036434081135108547,1002.5728227844861,1286.4113922430533,0.10000000000000001
1937,0,1.4923764483123207,0.13001559650062339,0.20964419922311181,-0.0027208090564560749,1002.4023440606919,1201.1720303459583,0.10000000000000001
1938,0,1.5023868394330275,0.13000956490569926,0.21183244343182572,-0.0015106800059850626,1002.3091176624225,1154.5588312112613,0.10000000000000001
1939,0,1.5123786022092793,0.13001216409246252,0.21173359172451817,5.7723479665026451e-05,1002.3281352869074,1164.0676434536772,0.10000000000000001
1940,0,1.5223914095970892,0.13000470143095608,0.20914880315731915,0.001511112238698547,1002.4359712174889,1217.9856087444705,0.10000000000000001
1941,0,1.5323802550423475,0.13000840878408113,0.20421234939896077,0.0030998116222586518,1002.6542800421696,1327.1400210848014,0.10000000000000001
1942,0,1.5423899694841956,0.13000280672297607,0.19752175791167356,0.0041752647529703577,1002.9274288641523,1463.7144320761308,0.10000000000000001
1943,0,1.5523726261482764,0.13000878290258272,0.18961881170776076,0.004985786946006562,1003.2832283141353,1641.6141570676359,0.10000000000000001
1944,0,1.5623720097930394,0.13000895837311141,0.18102277931677505,0.0050251078768196508,1003.6158739873116,1807.936993655801,0.10000000000000001
1945,0,1.5723460781499363,0.13001713677340682,0.17288517247064752,0.0046997645121780018,1004.0036630857301,2001.831542865034,0.10000000000000001
1946,0,1.5823306549449572,0.13002039728551351,0.16526618925468448,0.0037391153925733943,1004.3023038612167,2151.1519306083642,0.10000000000000001
1947,0,1.5922967266604737,0.13002597262092511,0.15862015091568726,0.002380856339652761,1004.6100986876488,2305.0493438244075,0.10000000000000001
1948,0,1.6022698862597726,0.13002318932945001,0.15309418949803244,0.0010368764106062787,1004.8139191598634,2406.9595799317085,0.10000000000000001
1949,0,1.6122351148552978,0.13002253037348846,0.14922591736653815,-0.00044174946792190691,1005.0567046922043,2528.3523461021673,0.10000000000000001
1950,0,1.6222030377462084,0.13000690406948801,0.14531165176939331,-0.0012803249759019962,1005.1620821979927,2581.0410989963657,0.10000000000000001
1951,0,1.6321744097400961,0.13001108329871117,0.14284268109147147,-0.0020026312955027598,1005.3577332470536,2678.866623526801,0.10000000000000001
1952,0,1.6421391401827727,0.12998706891166117,0.13999248213453219,-0.0018702663638709162,1005.4354449123556,2717.7224561777962,0.10000000000000001
1953,0,1.652111162702224,0.13001600056499529,0.1377821138164394,-0.00090410497929175986,1005.6367902687133,2818.3951343566491,0.10000000000000001
1954,0,1.6620670280262591,0.1299889436093824,0.13483932777134897,-0.00035363960450245183,1005.6914801149517,2845.7400574758367,0.10000000000000001
1955,0,1.6720291118624517,0.13003941230991597,0.13344487739107383,0.00049787747044774606,1005.9638111636365,2981.9055818182392,0.10000000000000001
1956,0,1.681976631115182,0.13001081657523475,0.12984825914665044,0.0019660722887057547,1005.9405779360213,2970.2889680106637,0.10000000000000001
1957,0,1.6919298895676411,0.1300468217981321,0.12787404484687009,0.0032199898086216388,1006.2570251372597,3128.5125686298443,0.10000000000000001
1958,0,1.7018897687757912,0.13001049581681537,0.12621406437613006,0.0011810618557296123,1006.2909423809368,3145.4711904684132,0.10000000000000001
1959,0,1.7118349676508215,0.13003539051077062,0.12186342413897179,0.0027966427672008391,1006.5693291904438,3284.6645952218978,0.10000000000000001
1960,0,1.7218239561286577,0.13000796476016035,0.11741035973508747,0.0025886616347067732,1006.5640181777768,3282.009088888401,0.10000000000000001
1961,0,1.7317704673042913,0.13000457658704592,0.11553954436937559,0.0026505189710137773,1007.2702546824099,3635.1273412049636,0.10000000000000001
1962,0,1.7417091946555321,0.13004168170198258,0.10798018205298748,0.0019918357833501664,1006.9668986927352,3483.4493463675926,0.10000000000000001
1963,0,1.7516957892250957,0.12998749520526251,0.10310898337794873,0.0018096190061951533,1007.9007368155405,3950.3684077702701,0.10000000000000001
1964,0,1.7616157878363017,0.13009762497523758,0.097258163118488561,0.0074724187704072386,1007.5567311430201,3778.3655715100508,0.10000000000000001
1965,0,1.7715290735555693,0.12993032327066117,0.090130309706928591,0.0043239477803196664,1008.2975726930114,4148.7863465056871,0.10000000000000001
1966,0,1.7814617336452052,0.13022586396661309,0.083132782516873879,0.013513671003261932,1008.3411891891526,4170.5945945763006,0.10000000000000001
1967,0,1.7912951052316659,0.13001884688513557,0.074765168852753194,0.0049493413487723447,1009.1998352360786,4599.9176180392851,0.10000000000000001
1968,0,1.8012699249099102,0.13026856354902325,0.072156921229937013,0.012461968628998281,1009.2825918868014,4641.295943400678,0.10000000000000001
1969,0,1.8110380044604923,0.12995738995033765,0.057583564064709269,0.0064887668295639574,1009.588430639988,4794.2153199940094,0.10000000000000001
1970,0,1.8211723463893872,0.13005901934170835,0.049611794076148567,0.013184668539044432,1009.9504236960473,4975.2118480236622,0.10000000000000001
1971,0,1.8309439638043532,0.1298142440131777,0.053482512458962489,0.0063159149870512217,1010.8391229431467,5419.5614715733318,0.10000000000000001
1972,0,1.8409612062612548,0.1299492972900172,0.024396897937915642,0.0046833433766732442,1010.3551305848951,5177.5652924475253,0.10000000000000001
1973,0,1.8508579298998633,0.12974506663013533,0.029832993850731186,-0.0020942634412391037,1011.1887117007207,5594.3558503603299,0.10000000000000001
1974,0,1.8607868375623866,0.12975855727047594,0.018960149812375135,-0.0083133215027106633,1011.5868222113974,5793.4111056986803,0.10000000000000001
1975,0,1.8707850515390116,0.12953230186227796,0.02342881804151525,-0.020803517687585676,1011.3467290680827,5673.364534041355,0.10000000000000001
1976,0,1.8806922368316217,0.12942349083711505,0.030139028436246718,-0.0091516436778593772,1012.4882152937618,6244.1076468808769,0.10000000000000001
1977,0,1.8908188563415635,0.12880733045903778,0.023691510183061551,-0.052058708534803835,1010.4254593119666,5212.7296559833103,0.10000000000000001
1978,0,1.9010811435628996,0.12900620639702531,0.024530149558269185,-0.028690777549234252,1012.4814597441882,6240.7298720941071,0.10000000000000001
1979,0,1.9108477571628533,0.12832591857476094,0.069922285617023849,-0.0065084555283932474,1008.8432348992765,4421.6174496382337,0.10000000000000001
1980,0,1.9233829806373492,0.12984203479384809,0.013695634444255037,0.025036700646772603,1012.9977386892305,6498.8693446152301,0.10000000000000001
1981,0,1.9318252258792854,0.12910723892937187,0.13318798705337243,0.030271629103407069,1010.9289375459294,5464.4687729647212,0.10000000000000001
1982,0,1.9457731646294372,0.13431955748598973,0.0062523269925144811,0.081411820753392775,1015.6670111912193,7833.5055956096658,0.10000000000000001
1983,0,1.9514743506071397,0.13636671097868655,0.087295943761841702,0.16409825731505148,1010.1443594992351,5072.1797496175332,0.10000000000000001
1984,0,1.9657220161622337,0.14090397401962718,0.0029338599311190612,0.043416617220830206,1009.0835660087785,4541.7830043892309,0.10000000000000001
1985,0,1.9660679098773313,0.14195348849625533,0.0017516745664960518,0.044790166893945216,1008.3312829057861,4165.6414528930554,0.10000000000000001
1986,0,1.9825074255065904,0.14257613224042259,0.014328489020148874,-0.21542443596275623,1009.8123806923425,4906.1903461712291,0.10000000000000001
1987,0,1.9829620972742752,0.14437294846260207,-0.002612940408029763,-0.15869769529056094,1015.2796196914146,7639.8098457073047,0.10000000000000001
1988,0,1.9999967999999999,0.14853982200500482,0,0.011353484472832139,999.20796885959214,-396.01557020392875,0.10000000000000001
1989,0,1.9999967999999999,0.12942950190747093,0,-0.022649157675744436,994.14850281858503,-2925.7485907074852,0.10000000000000001
1990,0,1.9999967999999999,0.13340284261662297,0,-0.0082976875976353073,997.80734752615638,-1096.3262369218114,0.10000000000000001
1991,0,0.219956799468223,0.13709586205348001,0.25154861561186709,-0.0044222875268231081,1000.0599286234989,29.964311749438366,0.10000000000000001
1992,0,0.22043812683966715,0.13659862534941952,0.25167947993216255,-0.0042126008906674655,1000.075382589079,37.691294539513365,0.10000000000000001
1993,0,0.23202282618559894,0.13661738541247226,0.25549552770565348,-0.002916050797478865,999.86791961191659,-66.040194041704581,0.10000000000000001
1994,0,0.24624201731506401,0.1418071480665469,0.24913980045852074,-0.0061724477951425067,999.92853560297408,-35.732198512960167,0.10000000000000001
1995,0,0.24682621006485539,0.14135280643493184,0.24984272646258249,-0.0038220939752816097,999.99342895919153,-3.2855204042334663,0.10000000000000001
1996,0,0.26986571845919116,0.14110566723444304,0.24284428134658415,-0.0004557485424109108,1000.2941365606795,147.06828033973807,0.10000000000000001
1997,0,0.26982443628403102,0.14130070783355442,0.24244932826965865,-0.00010450987607946589,1000.2960539990389,148.02699951945897,0.10000000000000001
1998,0,0.28641855684648504,0.13917791594743548,0.24499927231854582,-0.00048243791988826371,999.90686000967776,-46.569995161121369,0.10000000000000001
1999,0,0.29622558624757517,0.13874647713938776,0.24787148054503633,0.00017754523515871171,999.96682039836742,-16.589800816291245,0.10000000000000001
2000,0,0.30734139352257217,0.13863459052608978,0.24416230801480765,-0.001190181244196268,1000.3116434733287,155.82173666433619,0.10000000000000001
2001,0,0.31704125883962087,0.13880779826638132,0.25064948652783903,-0.0010395094669213908,1000.1470954695938,73.547734796875375,0.10000000000000001
2002,0,0.3277200391141567,0.13911032505855947,0.24410145553813262,-0.0028876902800581395,1000.2458533739399,122.92668696994724,0.10000000000000001
2003,0,0.33729938501644308,0.13908126703576712,0.2508576034950622,-0.0013848192785357544,1000.2694720005862,134.73600029311683,0.10000000000000001
2004,0,0.34788520891702762,0.13947042780779942,0.24667145825045142,-0.0014639115985993858,1000.0690894480996,34.544724049794695,0.10000000000000001
2005,0,0.3573955451314435,0.13946906203325479,0.24989740069214186,-0.001097772702861337,1000.3735984768803,186.79923844013047,0.10000000000000001
2006,0,0.36790859242130786,0.13965981014173526,0.24931442036191692,-0.00048217217867231111,999.97364645012453,-13.176774937733171,0.10000000000000001
2007,0,0.37744180186955029,0.13966322410939466,0.24963959858601131,-0.00064264664390268809,1000.3387860733899,169.39303669494166,0.10000000000000001
2008,0,0.38792552296010097,0.13982425359795078,0.25097837136240264,-0.00018169393282582472,999.91871953909549,-40.6402304522544,0.10000000000000001
2009,0,0.39747380858635034,0.13978248403235374,0.24979041951150768,-0.00047811273656502901,1000.3104400701432,155.22003507157933,0.10000000000000001
2010,0,0.40792500075378818,0.13989192057263411,0.25186432328746944,-4.2724147078512156e-05,999.88183104708366,-59.084476458167501,0.10000000000000001
2011,0,0.41755924799902649,0.13987073118052454,0.25038616217302728,-0.0002353340921517132,1000.2715605680206,135.78028401030906,0.10000000000000001
2012,0,0.42791309337598937,0.13990569800372785,0.25194866453618653,-3.8444224896681851e-06,999.87654228315193,-61.728858424032751,0.10000000000000001
2013,0,0.43765666859123853,0.13990792499578766,0.25079781220355041,6.1820936873710746e-05,1000.2170531306264,108.52656531318416,0.10000000000000001
2014,0,0.44790874423250326,0.13992179418680165,0.25149753663777064,4.9016280751639614e-05,999.89698975938256,-51.505120308718233,0.10000000000000001
2015,0,0.45773581080676273,0.1399093031664152,0.25053999099067353,0.00024293479743213629,1000.1786522711468,89.326135573401189,0.10000000000000001
2016,0,0.46792492654386064,0.13993512804757544,0.25062635894612589,0.00021135735987136937,999.93820677337624,-30.896613311881538,0.10000000000000001
2017,0,0.47780931315936148,0.13990428189452034,0.24971189852673675,0.00039736395681616788,1000.1638560877815,81.928043890741264,0.10000000000000001
2018,0,0.48795391568028545,0.13995170816931968,0.24928141462972173,0.00040831113387198594,1000.0042477445144,2.1238722571865765,0.10000000000000001
2019,0,0.4978757928479452,0.13991312362971589,0.24854446869524358,0.00053977962183551667,1000.1616714595763,80.835729788134358,0.10000000000000001
2020,0,0.50798911264348501,0.13996997665782476,0.24764907596897334,0.00056473289274885593,1000.0712586404936,35.629320246812313,0.10000000000000001
2021,0,0.51793360626859442,0.13993483261699119,0.24705463968291375,0.00061600486793183694,1000.1787111949216,89.3555974607807,0.10000000000000001
2022,0,0.52802816441770162,0.13997829428032574,0.24595063820474478,0.00063226118494257792,1000.1274182310123,63.709115506128455,0.10000000000000001
2023,0,0.53798644902475834,0.13995658740470771,0.24541984140430478,0.00062359683865496169,1000.2089202271933,104.46011359664453,0.10000000000000001
2024,0,0.54807108418510475,0.13997665650582358,0.24429206041192486,0.00061200512908283849,1000.173532684101,86.766342050509593,0.10000000000000001
2025,0,0.55803947706327206,0.13996989289481085,0.24381815681788674,0.00058161071876174086,1000.2429983199046,121.49915995229321,0.10000000000000001
2026,0,0.56811630164548477,0.13997253715415778,0.24276467251463046,0.00054474622003501064,1000.2097372094272,104.8686047136016,0.10000000000000001
2027,0,0.57809400383927967,0.13997613784440305,0.24231054487080045,0.00052639397112862749,1000.2749874303798,137.49371518991893,0.10000000000000001
2028,0,0.58816206671880633,0.13997063551016153,0.24137648181411514,0.00047399223846836426,1000.2389733901713,119.4866950856408,0.10000000000000001
2029,0,0.59814936105495897,0.13997784004290575,0.24086042200784197,0.00048796502106256433,1000.3040284857159,152.01424285794474,0.10000000000000001
2030,0,0.60820796970931601,0.13997214802771421,0.24002608760300234,0.0004467262599366719,1000.2677927009379,133.89635046894455,0.10000000000000001
2031,0,0.61820458072485895,0.13997631176056013,0.2393827474332117,0.00049225655086863082,1000.3325916700414,166.2958350207191,0.10000000000000001
2032,0,0.62825474761009015,0.1399757709028521,0.23852923104444829,0.00048917124902937172,1000.30417519599,152.08759799497784,0.10000000000000001
2033,0,0.63825828404161278,0.13997442528965012,0.23774370884915524,0.00055521724872335961,1000.3670999686783,183.54998433915171,0.10000000000000001
2034,0,0.64830254482031202,0.13997861002687079,0.2367526470132672,0.00059593679976799134,1000.3523976560733,176.19882803666087,0.10000000000000001
2035,0,0.6583099969701619,0.13997387500823408,0.23579677572418251,0.00067228935742995083,1000.4150448015573,207.52240077865736,0.10000000000000001
2036,0,0.66835048339679848,0.13997987483504026,0.23463258382750329,0.00073539482507640824,1000.4144236560219,207.21182801094074,0.10000000000000001
2037,0,0.6783595405729651,0.13997393380289053,0.23350005151877712,0.00080877810434950648,1000.4790091437426,239.50457187129359,0.10000000000000001
2038,0,0.68839773312428454,0.13998033777807428,0.23218814140745023,0.00086527563996102058,1000.4900886167389,245.04430836947222,0.10000000000000001
2039,0,0.6984068130100719,0.13997404238416475,0.23092634073537377,0.00091773932554637067,1000.5565557198474,278.27785992371901,0.10000000000000001
2040,0,0.70844345680156884,0.13998031664680227,0.22954985012604057,0.00094244506193140378,1000.5756009649016,287.80048245079115,0.10000000000000001
2041,0,0.71845211835484801,0.13997427305470031,0.22824469642445128,0.0009595507178794875,1000.6412366969638,320.61834848190074,0.10000000000000001
2042,0,0.72848699617652612,0.13997987508863302,0.22691043937095307,0.00094109037751222342,1000.6644282508527,332.21412542633288,0.10000000000000001
2043,0,0.73849575646642229,0.13997452203527935,0.22567412483949742,0.00091571719016972852,1000.7249700741664,362.48503708321778,0.10000000000000001
2044,0,0.74852834070747987,0.13997908881346799,0.22447566471300578,0.00085937478061716682,1000.7484387683878,374.21938419390699,0.10000000000000001
2045,0,0.75853773522106238,0.13997472398548666,0.22340607755896452,0.00079703640150206672,1000.8005430032301,400.27150161506597,0.10000000000000001
2046,0,0.76856789840776707,0.13997810007096978,0.22240613721358635,0.00071844173961779225,1000.8208722491686,410.43612458429379,0.10000000000000001
2047,0,0.77857816437306981,0.13997467432560001,0.2215530027256771,0.00063784936913488933,1000.8630823614634,431.54118073169911,0.10000000000000001
2048,0,0.78860618252353043,0.13997699404728528,0.22077342150651669,0.00055648546138310415,1000.8783681823635,439.18409118174395,0.10000000000000001
2049,0,0.79861737563437296,0.13997424173764067,0.22013007193261852,0.00048120653709024665,1000.9110869898713,455.5434949356254,0.10000000000000001
2050,0,0.80864354537756533,0.13997582302998449,0.21954840898804057,0.00041563889513785069,1000.9213935667578,460.69678337892128,0.10000000000000001
2051,0,0.81865566133848611,0.13997363931065213,0.21906679230762888,0.00036396458922963583,1000.946505687338,473.25284366900178,0.10000000000000001
2052,0,0.82868016972043512,0.13997482286731794,0.21862561588835355,0.000327731608946605,1000.9535297227825,476.76486139124563,0.10000000000000001
2053,0,0.83869312575655308,0.13997317700606554,0.21824137820677675,0.00030695048621543267,1000.9736338180531,486.81690902657238,0.10000000000000001
2054,0,0.84871618437360918,0.13997408888677229,0.21787094889218228,0.00030314035756562183,1000.9797821306851,489.89106534253324,0.10000000000000001
2055,0,0.8587298242037692,0.13997276922968252,0.21752234569547482,0.00030993831033552041,1000.997623867388,498.81193369401444,0.10000000000000001
2056,0,0.86875166284231653,0.1399735596251479,0.21716699369101258,0.00033043963600838558,1001.004933107091,502.46655354550285,0.10000000000000001
2057,0,0.87876584033705651,0.13997226824898673,0.21681158665835809,0.0003526493681721074,1001.0225920886353,511.29604431764619,0.10000000000000001
2058,0,0.88878665384397837,0.13997302388051458,0.21644388460721437,0.00038230705227824832,1001.0321506812788,516.07534063941785,0.10000000000000001
2059,0,0.89880115320668519,0.13997185519952243,0.21607057601691715,0.00040364200241051011,1001.0504590764787,525.22953823932994,0.10000000000000001
2060,0,0.90882095755617687,0.13997270397489081,0.21569554658550891,0.00042509698911371197,1001.0620870086949,531.04350434745129,0.10000000000000001
2061,0,0.91883560410871734,0.13997182484648274,0.21532707601972864,0.00043088342210396421,1001.0804910299742,540.24551498707751,0.10000000000000001
2062,0,0.92885442229750059,0.1399727497638428,0.21498064205162992,0.00042939793017625176,1001.092787068847,546.39353442348693,0.10000000000000001
2063,0,0.93886908525407398,0.13997218926801711,0.21466509122275829,0.00040983229350794842,1001.1095867250963,554.79336254813916,0.10000000000000001
2064,0,0.94888700319747854,0.13997310667386403,0.21440188986332467,0.00037870328908881147,1001.1203583792917,560.17918964585078,0.10000000000000001
2065,0,0.95890162471362828,0.13997283179182629,0.21419718963315956,0.00033249105597755394,1001.1333459194033,566.67295970163423,0.10000000000000001
2066,0,0.96891880165359678,0.13997370083987137,0.21406743109611592,0.00027504262640961317,1001.14045651783,570.22825891499451,0.10000000000000001
2067,0,0.97893343725082593,0.13997375295088627,0.21401469989457086,0.0002125216848872424,1001.1480528815068,574.02644075341414,0.10000000000000001
2068,0,0.98895006811622388,0.1399745217015233,0.21403692858282736,0.00014464949049729155,1001.1505211523563,575.26057617815241,0.10000000000000001
2069,0,0.99896484061901247,0.13997495572943539,0.21412788973213093,8.6908376823827569e-05,1001.1530956493243,576.54782466215693,0.10000000000000001
2070,0,1.0089810227123963,0.13997572593103616,0.2142605746282569,3.5391917426608221e-05,1001.1523517688191,576.17588440956524,0.10000000000000001
2071,0,1.0189959202356407,0.13997661956975546,0.21441386159037945,1.005109451282183e-05,1001.1531192924328,576.55964621642397,0.10000000000000001
2072,0,1.0290115531119679,0.13997760542573523,0.2145361958962459,6.9228132898676576e-06,1001.1536456288723,576.82281443612737,0.10000000000000001
2073,0,1.0390263592428268,0.13997891895158238,0.2145913452559905,3.9695937676713482e-05,1001.1589845353216,579.49226766078255,0.10000000000000001
2074,0,1.0490412196455983,0.13998040265942385,0.21451331797748013,0.00011137804335423335,1001.1682210645348,584.1105322674025,0.10000000000000001
2075,0,1.0590556498291732,0.13998191213855032,0.21424911077106618,0.00021646772380588334,1001.1866814395655,593.34071978275915,0.10000000000000001
2076,0,1.0690695816890874,0.1399838945118346,0.21374712591357611,0.00037315545826422812,1001.213684914282,606.84245714099916,0.10000000000000001
2077,0,1.079083270376719,0.13998516470793365,0.21294713648005764,0.00054424366976556487,1001.2543669638696,627.18348193482143,0.10000000000000001
2078,0,1.0890959770701556,0.1399875878754625,0.21182662123143703,0.00076975158107443114,1001.3067565036897,653.37825184485609,0.10000000000000001
2079,0,1.0991081162634495,0.13998873689502936,0.21034486859344034,0.0009789899410529762,1001.3756252157308,687.81260786539633,0.10000000000000001
2080,0,1.1091190029691393,0.13999182285366774,0.20854520900877285,0.0012293294183805007,1001.4572219308168,728.61096540839299,0.10000000000000001
2081,0,1.1191284397018744,0.13999346452590503,0.20639398593448355,0.0014257340002929253,1001.5535693186828,776.78465934138785,0.10000000000000001
2082,0,1.1291369692194819,0.13999714006855507,0.20401630822348665,0.00163522651089808,1001.6598500238251,829.92501191256451,0.10000000000000001
2083,0,1.1391428053876922,0.13999974904063672,0.20143531765289835,0.0017605771915638053,1001.7760369100841,888.01845504207222,0.10000000000000001
2084,0,1.1491487425042952,0.14000341513159642,0.19879051596091202,0.0018536665003772664,1001.8947598728415,947.37993642075935,0.10000000000000001
2085,0,1.1591506704709085,0.14000698877623183,0.19614592133397843,0.0018604673419368397,1002.0140010264467,1007.0005132233746,0.10000000000000001
2086,0,1.1691542029663653,0.14000979549628245,0.19368156759450048,0.0017846921842422547,1002.1287010103574,1064.3505051787088,0.10000000000000001
2087,0,1.1791526741520244,0.14001383556488908,0.19144810773666088,0.0016601213704705361,1002.2333333158763,1116.6666579381399,0.10000000000000001
2088,0,1.1891540015109088,0.14001557773384196,0.18953336055798226,0.0014131827411471589,1002.3246355115688,1162.317755784386,0.10000000000000001
2089,0,1.1991502234003721,0.14001955854225057,0.18806804403783417,0.0011961340835359578,1002.4004850398026,1200.2425199012805,0.10000000000000001
2090,0,1.2091493985560655,0.14002098723730744,0.18698959579680907,0.00083691715057029675,1002.4597179140081,1229.858957004069,0.10000000000000001
2091,0,1.2191449752033878,0.14002418859751162,0.18635472279344525,0.00061384505299084827,1002.4988885653203,1249.4442826601357,0.10000000000000001
2092,0,1.2291420057701692,0.14002616049095457,0.18604365851647736,0.00025556091086149322,1002.5267195051554,1263.359752577685,0.10000000000000001
2093,0,1.2391385758652791,0.1400278418912097,0.18609296906924477,0.00011526782860820881,1002.5392484144248,1269.6242072124164,0.10000000000000001
2094,0,1.2491331366125016,0.14003076860390654,0.18616821808863243,-0.00010256746235577164,1002.5485245982732,1274.2622991365806,0.10000000000000001
2095,0,1.2591316208401311,0.1400308889075294,0.18632528174039203,-7.7404923466614612e-05,1002.5509714674392,1275.4857337196199,0.10000000000000001
2096,0,1.2691236993349768,0.14003407379722943,0.18625488756115666,-6.4934937805427714e-05,1002.5698989774531,1284.9494887265678,0.10000000000000001
2097,0,1.2791237175227661,0.14003374872054514,0.18586771544100988,0.00016206894039083255,1002.5897494579642,1294.8747289821085,0.10000000000000001
2098,0,1.2891135049732514,0.1400354826173176,0.18489655841186603,0.00046030159805077322,1002.6422418379428,1321.1209189714168,0.10000000000000001
2099,0,1.2991133935940815,0.14003689809501327,0.18335078997008991,0.00084763494675060965,1002.708065634242,1354.0328171209808,0.10000000000000001
2100,0,1.3091011949995723,0.1400352122219948,0.18107050166478758,0.0013599404800635722,1002.8179078625285,1408.9539312642501,0.10000000000000001
2101,0,1.3190979646637633,0.14004051403439849,0.17799945129085798,0.0018344429405386534,1002.9433561703589,1471.6780851794624,0.10000000000000001
2102,0,1.3290841130995166,0.14003442588163326,0.17429563157444666,0.0024214936889825093,1003.1101285907505,1555.0642953752458,0.10000000000000001
2103,0,1.3390747199704807,0.14004405755722019,0.17001942859067395,0.0027856153500658261,1003.2940987967879,1647.0493983939605,0.10000000000000001
2104,0,1.34905927701947,0.14003481688893368,0.16549951323817191,0.0032146609835576176,1003.4942989393855,1747.1494696927721,0.10000000000000001
2105,0,1.3590418286109216,0.14004609517724664,0.16084418260815322,0.0032960988147933924,1003.7002916660556,1850.1458330277956,0.10000000000000001
2106,0,1.3690250604320329,0.1400374264689308,0.15668454188470435,0.003335410412929563,1003.8854463841695,1942.7231920847703,0.10000000000000001
2107,0,1.3790000309641093,0.14004442979383411,0.15312493588986964,0.0028916671956881268,1004.0600949310096,2030.047465504822,0.10000000000000001
2108,0,1.3889825041413197,0.14004177420512071,0.15080565184574346,0.002430015939510915,1004.1693145775164,2084.6572887581942,0.10000000000000001
2109,0,1.3989530081811401,0.14003749572565333,0.14971894779842226,0.001422095636668706,1004.2457436332161,2122.8718166080398,0.10000000000000001
2110,0,1.4089363169811915,0.1400460183018214,0.15051582060678059,0.0005439369176158922,1004.232476563923,2116.2382819615004,0.10000000000000001
2111,0,1.4189072100894775,0.14002581986008372,0.15288999861153185,-0.0009111302409589479,1004.1677302549797,2083.8651274898439,0.10000000000000001
2112,0,1.4288933938028443,0.14004785475531226,0.15714999727222928,-0.0018620601058960194,1004.0118248908824,2005.9124454411972,0.10000000000000001
2113,0,1.4388695854199576,0.14001315190440242,0.16281502519384083,-0.0033752077385655623,1003.802821957777,1901.4109788885207,0.10000000000000001
2114,0,1.4488603290159952,0.14004572428840784,0.16983282145342007,-0.003928384485688107,1003.5386990692602,1769.3495346301233,0.10000000000000001
2115,0,1.4588445976304276,0.14000487695756478,0.17734930513002931,-0.0050145957185658016,1003.238412232479,1619.2061162395248,0.10000000000000001
2116,0,1.4688404286894083,0.14003836611124637,0.18498828593328231,-0.004778488984791272,1002.9381437887017,1469.0718943508614,0.10000000000000001
2117,0,1.4788332085678324,0.14000437532271784,0.19183175642842634,-0.0049774215770760737,1002.6542219315467,1327.1109657733291,0.10000000000000001
2118,0,1.4888337396413764,0.1400250496351656,0.1974834255336792,-0.0038053872719411713,1002.4286923547822,1214.3461773911213,0.10000000000000001
2119,0,1.4988326256959559,0.14000959973583779,0.20084809147083588,-0.0029510043316042186,1002.2806478804976,1140.323940248777,0.10000000000000001
2120,0,1.5088367449230409,0.14000684648281184,0.20197666718272847,-0.0010231679662553537,1002.2164018550151,1108.2009275075393,0.10000000000000001
2121,0,1.5188371698719281,0.14001447515354296,0.20022910074391093,0.00055600619524681595,1002.2969322097301,1148.4661048650651,0.10000000000000001
2122,0,1.5288411605977603,0.1399903917791116,0.1961958793053814,0.0026177283230703805,1002.4338653749812,1216.9326874906119,0.10000000000000001
2123,0,1.5388365552646295,0.14001691653409373,0.18954166948451753,0.0041760821717591098,1002.7373288359352,1368.6644179675795,0.10000000000000001
2124,0,1.5488339123272603,0.13998897215523476,0.18171915162383911,0.0057077898481183139,1003.0257667341999,1512.8833670999597,0.10000000000000001
2125,0,1.5588181547953384,0.14002067842286942,0.1723350458173698,0.0062562115256140256,1003.4609891546178,1730.4945773088889,0.10000000000000001
2126,0,1.5688043885087846,0.14001219756139949,0.16369909160721474,0.0068283350065168709,1003.8008081108757,1900.4040554378321,0.10000000000000001
2127,0,1.5787748031853497,0.1400231235819811,0.15475876992350385,0.0059197978863069038,1004.2475356305807,2123.7678152903641,0.10000000000000001
2128,0,1.5887534240781171,0.14004944343936904,0.14777466960598437,0.0056863295413643712,1004.5216484376135,2260.8242188067607,0.10000000000000001
2129,0,1.5987119913300247,0.14001364108020123,0.14100805667408606,0.003545935036109304,1004.8764295969111,2438.2147984555331,0.10000000000000001
2130,0,1.6086939416545054,0.14007397336758307,0.1372476884887967,0.0035717980082141327,1005.0652056771003,2532.6028385501331,0.10000000000000001
2131,0,1.6186401364590524,0.13998906265424277,0.13281826686969248,0.00081305310975515169,1005.3060287956816,2653.0143978408205,0.10000000000000001
2132,0,1.628634736644113,0.14007521780960269,0.13080506705847786,0.001777344764468416,1005.3991279265332,2699.5639632665984,0.10000000000000001
2133,0,1.6385600869922896,0.13997320738236171,0.12789147882970656,-0.00085413744643885912,1005.5976440525814,2798.8220262906793,0.10000000000000001
2134,0,1.6485711806041441,0.14007729782656914,0.12694202611329225,0.0016255617083258582,1005.6674431376091,2833.721568804549,0.10000000000000001
2135,0,1.6584597696998986,0.13998967393356443,0.12254996548365701,-0.00056677765802395105,1005.7875736659157,2893.7868329578578,0.10000000000000001
2136,0,1.6684953499291604,0.14009415876381132,0.12165839342916959,0.0017726484679180935,1005.8765077425367,2938.2538712683299,0.10000000000000001
2137,0,1.6783513396050072,0.14001600138848194,0.11903822675513261,-0.00031122656472612091,1006.1300437195154,3065.0218597576782,0.10000000000000001
2138,0,1.6884058600779812,0.14010305181474181,0.11587936776463699,0.0025912891006453216,1006.0350284118837,3017.5142059418363,0.10000000000000001
2139,0,1.6982531674073411,0.14000244212242377,0.11150034615610638,-0.0001912116462576534,1006.3650755759427,3182.5377879713415,0.10000000000000001
2140,0,1.7083489739687319,0.14008106037543558,0.11234162176682819,0.0011816391253881549,1006.4095690332699,3204.7845166349589,0.10000000000000001
2141,0,1.7181557897836086,0.13996619892357576,0.10575924812169631,0.00043472669938098728,1006.7875584000383,3393.7792000191394,0.10000000000000001
2142,0,1.7283278376690703,0.14009290860760487,0.10536968150007966,0.0034953488630274127,1006.6996806778365,3349.8403389182272,0.10000000000000001
2143,0,1.7380527906181051,0.13995093947872442,0.096683477731873579,0.00073669138262225336,1007.2910055005782,3645.5027502890971,0.10000000000000001
2144,0,1.7483317124907451,0.14010991319655253,0.098079589881308535,0.0027319646464096211,1007.316916378166,3658.4581890829782,0.10000000000000001
2145,0,1.7578503122943898,0.13989833419811964,0.086128984305842357,0.0027442586126532409,1007.7692725014002,3884.6362507001118,0.10000000000000001
2146,0,1.7682024819786943,0.13995896723290918,0.082968365987804812,0.0018979621969645658,1007.8623980022708,3931.1990011353828,0.10000000000000001
2147,0,1.7777311157464819,0.14009533690671014,0.07626083137881387,0.017705014425618275,1008.4972490053674,4248.6245026836968,0.10000000000000001
2148,0,1.7878772162443866,0.13969169965418476,0.060849500473868362,0.0038141596332899458,1007.8577929948129,3928.8964974064697,0.10000000000000001
2149,0,1.7976115779012445,0.14017923903844881,0.060974647045356649,0.0153154246339842,1009.1179809288682,4558.9904644340895,0.10000000000000001
2150,0,1.8074616855430223,0.13954772238026175,0.050227550313128665,0.0025318032635759267,1008.6101824482785,4305.0912241392325,0.10000000000000001
2151,0,1.8174384053702504,0.14008128731735625,0.03680098021217422,0.014912857822603594,1009.6165737006314,4808.2868503157097,0.10000000000000001
2152,0,1.8271615676991426,0.13945984396990871,0.036505147192634708,-0.0029472709007136726,1009.4879316988417,4743.9658494208743,0.10000000000000001
2153,0,1.8373173044867774,0.13994361938284663,0.016528675077547513,0.0019791045771299465,1010.4365300351484,5218.2650175741965,0.10000000000000001
2154,0,1.846905063445893,0.13932014810106771,0.015437815079634216,-0.0098410321132697352,1010.4069229691372,5203.4614845686065,0.10000000000000001
2155,0,1.8570687976591365,0.13974588045036027,0.0001861524993114112,0.0021581378790270942,1010.8806576909069,5440.3288454534504,0.10000000000000001
2156,0,1.8665985861518513,0.13906741415056953,-0.0032173928608941363,-0.026634099716342126,1010.8726293580379,5436.3146790189494,0.10000000000000001
2157,0,1.8768015573831989,0.13933521400032181,0.011701399317183364,-0.023051270776236876,1011.8722005186467,5936.1002593233252,0.10000000000000001
2158,0,1.8862127940106859,0.13855310967165901,-0.0064771139496880891,-0.0496807248510844,1009.3547381467883,4677.3690733941748,0.10000000000000001
2159,0,1.8967010261276334,0.13851630075725577,-0.0044798817933324863,-0.034358485499608613,1011.3661109280513,5683.0554640256423,0.10000000000000001
2160,0,1.9062279727364868,0.1374927824575338,0.054134642770444455,-0.044055736964800571,1012.0952547863609,6047.6273931804481,0.10000000000000001
2161,0,1.9165824934402766,0.13816117280033843,-0.033974241772922902,-0.029862710216993535,1009.0508166125207,4525.408306260374,0.10000000000000001
2162,0,1.9266489866074443,0.13705717726046324,0.069606534992265545,0.034397756130335466,1009.7391666587472,4869.5833293735977,0.10000000000000001
2163,0,1.9386563887882302,0.14068034112769509,-0.034559485206993847,0.025927255031540263,1010.83333877032,5416.6693851599921,0.10000000000000001
2164,0,1.9490849363919616,0.14150143713102981,0.12530290392654156,0.043956496685530755,1008.8972655636356,4448.6327818178215,0.10000000000000001
2165,0,1.9680646653429292,0.15429957827312529,0.1756110611810674,0.18607485526560971,1012.2683643016157,6134.1821508078738,0.10000000000000001
2166,0,1.9684544013916194,0.15413024090641889,0.17197972711222825,0.18606135557983794,1010.8340523936089,5417.0261968044433,0.10000000000000001
2167,0,1.9854340771183951,0.15436397878696176,-0.018432019992604361,0.057107135894361505,1016.3873312901815,8193.6656450907321,0.10000000000000001
2168,0,1.9858034793678729,0.15505901860401181,0.0035625015485149479,0.06268266038922593,1016.5823631089504,8291.1815544752026,0.10000000000000001
2169,0,1.9999967999999999,0.15219025193609573,0,-0.040716080338724155,993.07097332611966,-3464.5133369401719,0.10000000000000001
2170,0,1.9999967999999999,0.14174936115402681,0,0.036327833075100971,1012.7332438981933,6366.6219490966687,0.10000000000000001
2171,0,1.9999967999999999,0.14253234933692049,0,0.046727443114530587,1012.6318784135036,6315.9392067518074,0.10000000000000001
2172,0,0.2111589546198534,0.14784289045518767,0.24829582331285327,-0.0079398167955370379,1000.0098833226947,4.9416613473454163,0.10000000000000001
2173,0,0.21105909982669802,0.14864973056620262,0.24798115506910179,-0.007883619386464407,1000.0141258528228,7.0629264113790668,0.10000000000000001
2174,0,0.23322934749567406,0.15012802460953259,0.24676313881684717,-0.0054809950233490907,1000.1784768656738,89.238432836907577,0.10000000000000001
2175,0,0.24217843433033218,0.15662815377800865,0.23935813355762742,-0.0088941767313428094,1000.942967319404,471.48365970201667,0.10000000000000001
2176,0,0.24264222463093513,0.16000357543037544,0.24129172631930462,0.02975251822478879,998.82720070162782,-586.39964918609166,0.10000000000000001
2177,0,0.27006433077507869,0.15117024530658249,0.23275104289421833,0.0037137765334944897,1000.0901952093399,45.097604669933844,0.10000000000000001
2178,0,0.27001951824016529,0.15082055821160079,0.23302662016325426,0.0038933230368739342,1000.0938026273243,46.901313662147004,0.10000000000000001
2179,0,0.28570335325923918,0.14875554764741203,0.24162464943011494,0.00061077438579670211,1000.1667739183556,83.386959177801145,0.10000000000000001
2180,0,0.29325618148399241,0.14827502133158038,0.23773175911740632,-0.0012319445315999169,1000.5747643952321,287.38219761606842,0.10000000000000001
2181,0,0.30526054425777932,0.14869376449776942,0.23795948560700453,-0.0020137504049279682,999.89669628146544,-51.651859267280997,0.10000000000000001
2182,0,0.31361488642731883,0.14858079807142896,0.24013896700686019,-0.0016589750481228534,1000.4848648251542,242.43241257710224,0.10000000000000001
2183,0,0.32463194143538021,0.14902353616872335,0.2368902856027503,-0.0031927133261601438,999.78003759757132,-109.98120121433885,0.10000000000000001
2184,0,0.3334739607197309,0.14914333314147596,0.23886209802079578,-0.0020851846407138721,1000.6645140492312,332.25702461561468,0.10000000000000001
2185,0,0.34426751992143417,0.14941022634771939,0.23913321176205268,-0.0022037292551830658,999.67727843159537,-161.3607842023157,0.10000000000000001
2186,0,0.35332589720818519,0.14943809304958644,0.23740046584996097,-0.0018322396569390496,1000.661176810048,330.58840502400244,0.10000000000000001
2187,0,0.36394780681525507,0.14969728087821879,0.24113179496151152,-0.00080620278225121422,999.76815864025389,-115.92067987305654,0.10000000000000001
2188,0,0.37330586076803768,0.14966550381952021,0.2378600151563863,-0.0011144441405689031,1000.4486575831883,224.32879159413233,0.10000000000000001
2189,0,0.38369101516836501,0.14985105082483269,0.24169501629129497,-0.00029874104073229492,999.97993385936786,-10.03307031606937,0.10000000000000001
2190,0,0.39329460631769564,0.14978496584060377,0.23917656158339487,-0.00053746000781674684,1000.194684484806,97.342242402987722,0.10000000000000001
2191,0,0.40354502855790914,0.14992685721273569,0.24173767238675511,-4.8214177899039259e-05,1000.1108726847841,55.436342392056304,0.10000000000000001
2192,0,0.41334439539657802,0.14983864902329658,0.24030904399867106,-0.00023006304821323304,1000.0434828658465,21.741432923249704,0.10000000000000001
2193,0,0.42346928112288013,0.14995172914313026,0.2416460703815683,0.0001241741549072499,1000.1322273894368,66.113694718410443,0.10000000000000001
2194,0,0.43340901120920688,0.14988063625684192,0.24082367860132717,5.3753060285430157e-05,1000.0176380105154,8.8190052576919697,0.10000000000000001
2195,0,0.44343665691984957,0.14997234703272397,0.24139398780558743,0.00033564689311935516,1000.0892179183234,44.608959161678285,0.10000000000000001
2196,0,0.45343468032142875,0.1499014492920519,0.24060146464718507,0.0003821457069576089,1000.0661431332406,33.071566620321846,0.10000000000000001
2197,0,0.46346557482971834,0.14999138976452767,0.2406852106535009,0.00051751252859253305,1000.0356935873706,17.84679368529396,0.10000000000000001
2198,0,0.47343524372088513,0.14990429909427369,0.23986161050888305,0.00056165140295202627,1000.1244487818997,62.224390949836561,0.10000000000000001
2199,0,0.48352048134436532,0.14999891912957752,0.23943504554396608,0.00061291682096815969,1000.0078469846718,3.9234923359003915,0.10000000000000001
2200,0,0.49344312684188757,0.14991056184113255,0.23867849988232984,0.0005951469217564682,1000.1753650943291,87.682547164547486,0.10000000000000001
2201,0,0.50356920807341787,0.15000659130992211,0.23790948269252873,0.00064563558593386315,1000.0216578569829,10.828928491434908,0.10000000000000001
2202,0,0.51346608677378858,0.149925389620859,0.23711052148820694,0.00056721592745826788,1000.2218275217286,110.91376086432092,0.10000000000000001
2203,0,0.52360766124642821,0.15000523931225279,0.23631082926607347,0.00067242699258263647,1000.064986819856,32.493409928008532,0.10000000000000001
2204,0,0.53350730267364643,0.1499451582898555,0.23537100556894461,0.0005349920999024976,1000.2619626417388,130.9813208694095,0.10000000000000001
2205,0,0.5436372304948518,0.1499970990517891,0.2347301542750786,0.00066229282505799326,1000.1174956607055,58.747830352729125,0.10000000000000001
2206,0,0.55356137014961126,0.14995696864389055,0.23366612233263315,0.00050567786666549789,1000.2950039727999,147.50198639995915,0.10000000000000001
2207,0,0.56366724082154729,0.14999199689891066,0.23324832184519373,0.0006092188675096041,1000.16376591222,81.882956110007399,0.10000000000000001
2208,0,0.57361379781110566,0.1499624506757713,0.2321112723153467,0.00048025501072400552,1000.3223288724283,161.16443621416465,0.10000000000000001
2209,0,0.58370355010252617,0.14998863698341436,0.23186688068824851,0.00055000451101138749,1000.1999696546001,99.984827300033885,0.10000000000000001
2210,0,0.59366153539317845,0.14996580389375505,0.23071498303036619,0.00047572568408681636,1000.3455377950535,172.76889752673696,0.10000000000000001
2211,0,0.60374414358495287,0.14998596381218693,0.23050504934733632,0.00054036479055493303,1000.2306573530655,115.3286765327266,0.10000000000000001
2212,0,0.61370791418909931,0.14996660709160251,0.22937080626263817,0.00051382184774406865,1000.3673675586932,183.68377934660884,0.10000000000000001
2213,0,0.62378627148850496,0.14998440827575496,0.22903312088893535,0.00060155530099241289,1000.2646961427008,132.34807135040683,0.10000000000000001
2214,0,0.63375437255827938,0.14996585710259838,0.22788150048160619,0.0006118205435850355,1000.3936246899241,196.8123449620407,0.10000000000000001
2215,0,0.64382829238339334,0.14998309610023933,0.22732798642233093,0.00072370099631040167,1000.3100078277031,155.00391385154444,0.10000000000000001
2216,0,0.65380101271486324,0.14996558273575342,0.22607491674398819,0.00075444831287006819,1000.4305717987133,215.28589935667242,0.10000000000000001
2217,0,0.66386847540797123,0.149981419582633,0.22528037035476056,0.00087323191796188026,1000.3717772955874,185.88864779371761,0.10000000000000001
2218,0,0.67384742188989766,0.14996618259990638,0.2238920730600179,0.00090499610988065712,1000.4825571530635,241.27857653172669,0.10000000000000001
2219,0,0.68390630397993124,0.14997987114053485,0.22287406356341763,0.0010021981649503597,1000.4495544309702,224.77721548511909,0.10000000000000001
2220,0,0.69389224924261872,0.14996679789080566,0.22138689945024007,0.0010168353688015015,1000.5505141275289,275.25706376445669,0.10000000000000001
2221,0,0.70394264991158073,0.14997894966116113,0.22021490661562562,0.0010714928609905237,1000.5384726547459,269.23632737293701,0.10000000000000001
2222,0,0.71393388047280959,0.14996731759871967,0.21872130970668618,0.0010491095447588692,1000.6298749211106,314.93746055531346,0.10000000000000001
2223,0,0.7239778885360344,0.14997806850469161,0.21750110689608873,0.0010580152769883594,1000.6314463981714,315.72319908570989,0.10000000000000001
2224,0,0.73397250621354204,0.14996789770255176,0.21611083691871991,0.00099065879235916391,1000.7124888152038,356.24440760187781,0.10000000000000001
2225,0,0.74401129360275031,0.14997702335583793,0.21496532273459473,0.0009612366674214977,1000.7204135427638,360.20677138191104,0.10000000000000001
2226,0,0.7540086437570771,0.14996856591456151,0.21376269540671514,0.00086000987112257383,1000.789841692526,394.92084626300539,0.10000000000000001
2227,0,0.76404279174848022,0.14997569418081258,0.21279460422844149,0.00080645151780477727,1000.7983754632844,399.18773164220056,0.10000000000000001
2228,0,0.77404275395412026,0.14996909384639234,0.21182214152741202,0.00069420099576065521,1000.8554110619748,427.70553098739583,0.10000000000000001
2229,0,0.7840728625754152,0.14997422707268859,0.2110785489329548,0.00063460856919967063,1000.8612758207508,430.63791037542387,0.10000000000000001
2230,0,0.79407511095080241,0.149969197501791,0.21033572462321679,0.0005351279696212026,1000.9062299724826,453.11498624130309,0.10000000000000001
2231,0,0.80410180683499155,0.14997289165646771,0.20979824571014663,0.00048638210914375734,1000.9088268503145,454.41342515727001,0.10000000000000001
2232,0,0.81410601618534506,0.14996894979197026,0.20924788856682361,0.00041430371087681817,1000.9432988925597,471.64944627985506,0.10000000000000001
2233,0,0.82412985793394111,0.14997186516102223,0.2088545945286521,0.00038908605483601048,1000.9439299732729,471.9649866364648,0.10000000000000001
2234,0,0.83413565920155386,0.14996885506644503,0.20843018054851783,0.00034777294047020827,1000.9707639990652,485.38199953259209,0.10000000000000001
2235,0,0.8441571639295703,0.14997113320700828,0.20810962834652727,0.00034751371471518686,1000.9714909682083,485.74548410414309,0.10000000000000001
2236,0,0.85416436282964958,0.14996883031110456,0.2077381434440245,0.0003330302804284546,1000.9939865083609,496.99325418043827,0.10000000000000001
2237,0,0.86418390308582538,0.14997060973792345,0.20742926072769455,0.00034977361895350406,1000.9967721456308,498.38607281537861,0.10000000000000001
2238,0,0.87419217564617913,0.14996861047233268,0.20705728441320786,0.00035152833928250263,1001.0176681107853,508.83405539264004,0.10000000000000001
2239,0,0.88421014303937906,0.14997009650863352,0.20672431502337649,0.00037312726584793802,1001.0237721058787,511.88605293936007,0.10000000000000001
2240,0,0.89421901578024587,0.14996843820064412,0.20633180818528304,0.00037837667762537886,1001.044477510333,522.23875516648377,0.10000000000000001
2241,0,0.90423561298410227,0.14996974086203801,0.20597190934505341,0.0003917195882601041,1001.0540195296751,527.00976483754403,0.10000000000000001
2242,0,0.91424497331807519,0.14996858153619494,0.20557610141866989,0.0003876008141591638,1001.0744378461503,537.21892307515873,0.10000000000000001
2243,0,0.92426019821279737,0.14996981121665826,0.20522011167561471,0.00038277971297009765,1001.0861032550877,543.05162754383218,0.10000000000000001
2244,0,0.93426987046682164,0.14996916516597858,0.20486637993034124,0.00035830586593565213,1001.1049418583507,552.47092917534246,0.10000000000000001
2245,0,0.94428381857339294,0.14997022985355976,0.20457122969193522,0.00032938375465972207,1001.1162419102255,558.12095511276993,0.10000000000000001
2246,0,0.95429373903225578,0.14996999089048541,0.20431886791027254,0.00027955340719376784,1001.1315127397919,565.75636989595068,0.10000000000000001
2247,0,0.96430666533819032,0.14997091465423357,0.20414567733611583,0.00022699007034831793,1001.1397311865924,569.86559329618558,0.10000000000000001
2248,0,0.97431694707955341,0.14997096875259641,0.20404473830613884,0.00015642973148214404,1001.149656523731,574.82826186549119,0.10000000000000001
2249,0,0.98432929062891139,0.14997178477413223,0.20403169759335618,9.1906967152438672e-05,1001.152990892103,576.49544605152414,0.10000000000000001
2250,0,0.99434014563953754,0.14997206535755586,0.20409032718711789,1.8173084197943434e-05,1001.1573284940822,578.66424704110386,0.10000000000000001
2251,0,1.0043521466296514,0.14997304895748551,0.20421944321361843,-3.3492540105026706e-05,1001.1562004717402,578.10023587012438,0.10000000000000001
2252,0,1.014363350793791,0.14997363400112929,0.20437613737054336,-7.9225144527892273e-05,1001.1573748483684,578.68742418418151,0.10000000000000001
2253,0,1.0243750619804173,0.1499750677399293,0.20454826584158914,-8.4227576477174351e-05,1001.1555006876769,577.75034383843149,0.10000000000000001
2254,0,1.0343862685559377,0.1499759589839029,0.20465709042141408,-6.474727802582599e-05,1001.1591545113679,579.5772556839438,0.10000000000000001
2255,0,1.0443979728677169,0.14997793511391502,0.20469253318254815,7.707365460554044e-06,1001.1637006260714,581.85031303571577,0.10000000000000001
2256,0,1.0544090286470078,0.14997897789365577,0.2045392590204399,0.00012063990680567894,1001.1780404516217,589.02022581082747,0.10000000000000001
2257,0,1.0644210862850558,0.14998126201003656,0.20420198975370085,0.00028386095798884931,1001.1982851768455,599.14258842275103,0.10000000000000001
2258,0,1.0744316529736551,0.14998228569664981,0.20355631237724414,0.00049447642898149474,1001.2324271009828,616.21355049140902,0.10000000000000001
2259,0,1.0844437551930244,0.14998464429929109,0.20262198707986842,0.0007309750382823117,1001.2773045785063,638.65228925317297,0.10000000000000001
2260,0,1.0944529035523476,0.14998604512295435,0.20130363669844312,0.0010094853094287017,1001.337940097227,668.97004861351661,0.10000000000000001
2261,0,1.1044640000425334,0.14998859248893137,0.19964994000333178,0.0012713245135870721,1001.4129705855449,706.48529277247007,0.10000000000000001
2262,0,1.114470943649061,0.14999107974211276,0.19763408055690035,0.0015519420431356421,1001.50168176565,750.84088282500261,0.10000000000000001
2263,0,1.1244800840997595,0.14999373346566588,0.19530459571947703,0.0017652775583443514,1001.6046908915849,802.34544579246858,0.10000000000000001
2264,0,1.1344849302008182,0.14999765391702546,0.19276941434451536,0.0019640267949716686,1001.7153883854998,857.69419274987513,0.10000000000000001
2265,0,1.1444913106771064,0.14999996224438153,0.19005035335741108,0.0020506666707565844,1001.8366761484046,918.33807420232461,0.10000000000000001
2266,0,1.1544945658295822,0.15000512396872237,0.18734640895730206,0.0020851087364018245,1001.9544182104891,977.2091052445262,0.10000000000000001
2267,0,1.164497341039169,0.15000648381788353,0.18466739040092581,0.001998532224490666,1002.0766523707488,1038.3261853743875,0.10000000000000001
2268,0,1.174499771941609,0.15001215539576082,0.1822902461649035,0.0018296484816153523,1002.1847137152863,1092.3568576431535,0.10000000000000001
2269,0,1.1844985111579562,0.15001247134110801,0.18011126921529169,0.0015791360008202537,1002.2877274427963,1143.8637213981337,0.10000000000000001
2270,0,1.1945011187217389,0.15001781879345333,0.17843121653599087,0.0012396155622235781,1002.3691287356303,1184.5643678151418,0.10000000000000001
2271,0,1.2044965510761136,0.15001799203627775,0.1771333328761924,0.00091039576351979637,1002.4403410018624,1220.1705009312036,0.10000000000000001
2272,0,1.2145000043779053,0.1500219056534714,0.17633787109790822,0.00050217988457912702,1002.4877353382449,1243.8676691224373,0.10000000000000001
2273,0,1.2244938488852102,0.15002344126761241,0.17591598584819426,0.00023009812032042998,1002.520316321806,1260.1581609030177,0.10000000000000001
2274,0,1.2344978106910014,0.15002449268390097,0.17589156665781502,-0.00010534167335393444,1002.5411025418872,1270.5512709435993,0.10000000000000001
2275,0,1.2444921571293854,0.15002900722390189,0.17610792321436342,-0.00018639770917120444,1002.5462057617011,1273.1028808505584,0.10000000000000001
2276,0,1.2544948580383866,0.15002586403695214,0.17630737347282049,-0.00031353438322219987,1002.5544193630402,1277.2096815201053,0.10000000000000001
2277,0,1.2644921576215784,0.15003417439222747,0.17656272622416577,-0.00012743681576382948,1002.5549065274985,1277.4532637492371,0.10000000000000001
2278,0,1.274491543378635,0.1500264531598875,0.17640381037590783,2.2942234933512512e-05,1002.5798537211255,1289.9268605627299,0.10000000000000001
2279,0,1.2844931560181807,0.15003791248527309,0.17593072016883068,0.00047676462928669612,1002.6036357183729,1301.8178591864284,0.10000000000000001
2280,0,1.2944875776303288,0.15002744302919391,0.17465072189962924,0.00089720443340836277,1002.6670990347051,1333.5495173525374,0.10000000000000001
2281,0,1.3044924051516895,0.15003943465899211,0.17290198205678425,0.001500847376101399,1002.7472409815323,1373.6204907661431,0.10000000000000001
2282,0,1.3144813847216208,0.1500305139780424,0.17014194166082661,0.0020980078042955536,1002.8661919178469,1433.0959589234453,0.10000000000000001
2283,0,1.324485259520086,0.15003846312493957,0.1667683448558846,0.0026763518760719914,1003.0120669927605,1506.0334963802688,0.10000000000000001
2284,0,1.3344704300121129,0.15003670024159094,0.16260381964004661,0.003265538755571951,1003.1839216635907,1591.9608317953475,0.10000000000000001
2285,0,1.3444677781551102,0.15003543815544504,0.15807930709767201,0.0035409103738605263,1003.3868118014273,1693.4059007136284,0.10000000000000001
2286,0,1.3544518987685132,0.15004513905356021,0.15328401702967254,0.0038984017686287714,1003.5858788719171,1792.9394359585444,0.10000000000000001
2287,0,1.3644386349279849,0.15003131276324197,0.14856635960973125,0.0036289401992707715,1003.7949451504844,1897.4725752422046,0.10000000000000001
2288,0,1.3744239423228026,0.15005245903273443,0.14449867434660807,0.0034943516914253134,1003.9765047533724,1988.252376686205,0.10000000000000001
2289,0,1.3844001051775106,0.15002761327345249,0.14122921232828975,0.0024973783961879277,1004.1265154983226,2063.2577491613233,0.10000000000000001
2290,0,1.3943861314981187,0.15005389363472513,0.13942292912864768,0.0017891765517786247,1004.2326746959814,2116.3373479906795,0.10000000000000001
2291,0,1.4043580260185999,0.15002574538209626,0.13901252797487576,0.00017749743319175936,1004.2522820044563,2126.1410022281666,0.10000000000000001
2292,0,1.414341946597155,0.15004604400860747,0.14070855108638133,-0.0010090122906800097,1004.240731420113,2120.3657100564897,0.10000000000000001
2293,0,1.4243200817704766,0.15002649198270734,0.1440254542381505,-0.002824227587682178,1004.0955920599299,2047.7960299649567,0.10000000000000001
2294,0,1.4342988440478845,0.15002999190989172,0.14933613163347392,-0.0040339525700063576,1003.9481386267912,1974.0693133956029,0.10000000000000001
2295,0,1.444292160739628,0.15002996900015528,0.15598115103458929,-0.0053849977508535251,1003.6619142033629,1830.957101681463,0.10000000000000001
2296,0,1.454266039592143,0.15001122099664913,0.16377708290316387,-0.0061182716701407127,1003.4083838462235,1704.1919231117504,0.10000000000000001
2297,0,1.4642761546566625,0.15003385941545891,0.17191579106954474,-0.0063754679382268427,1003.0652202577197,1532.6101288598579,0.10000000000000001
2298,0,1.4742507026131146,0.14999720064901692,0.17971926284621206,-0.0060794475642558425,1002.7789854085428,1389.4927042713903,0.10000000000000001
2299,0,1.4842699568900899,0.15003214084391911,0.18650322292770641,-0.0049828974708014352,1002.5095141115492,1254.7570557745757,0.10000000000000001
2300,0,1.4942549738067912,0.14999247394911014,0.19145201323446767,-0.0035633389187927442,1002.2997069227978,1149.8534613988909,0.10000000000000001
2301,0,1.5042691318281913,0.15001931396895521,0.19395274910827476,-0.0014003970937190725,1002.2184745864469,1109.2372932234298,0.10000000000000001
2302,0,1.5142720736401452,0.14999709470323494,0.19367095217490987,0.00093062393033703722,1002.1803925915183,1090.1962957591422,0.10000000000000001
2303,0,1.5242670635812785,0.14999741602653796,0.19049977259257517,0.0031960481818714688,1002.3442110485347,1172.1055242673515,0.10000000000000001
2304,0,1.5342853692031142,0.15001038345420056,0.18470247143155277,0.0054920907340681282,1002.5202849573332,1260.1424786665802,0.10000000000000001
2305,0,1.5442537216694043,0.14997983295057407,0.17679644775340489,0.0067024965993176013,1002.8743562012558,1437.1781006278752,0.10000000000000001
2306,0,1.5542760553362414,0.15003261324314951,0.16727529598194157,0.0080953056963552414,1003.2101704004783,1605.0852002391593,0.10000000000000001
2307,0,1.5642223756402578,0.14997897209926947,0.15754481294527165,0.0073084070455754768,1003.6228808482687,1811.4404241343323,0.10000000000000001
2308,0,1.5742356340859269,0.15005537385419981,0.14795685970939534,0.0073492246156252345,1004.0242059917543,2012.1029958771715,0.10000000000000001
2309,0,1.584176651528765,0.14998963037797472,0.13958258439306107,0.0045718071909153328,1004.3434877931019,2171.7438965509359,0.10000000000000001
2310,0,1.5941704176427722,0.15005914121415861,0.13257803353704567,0.0039243257420212476,1004.7083839189213,2354.1919594606497,0.10000000000000001
2311,0,1.6041250539368559,0.1499922775345611,0.12753015740799228,0.00046752092300467792,1004.877544556556,2438.7722782780088,0.10000000000000001
2312,0,1.6140936895686819,0.1500340890380962,0.12397606705169006,0.00050408188611736652,1005.1706514283528,2585.3257141764061,0.10000000000000001
2313,0,1.6240656053122435,0.14998047959167701,0.12112227318246986,-0.0021703091777747741,1005.2089460881125,2604.4730440562489,0.10000000000000001
2314,0,1.6340092678476461,0.1500076488298617,0.11952170517066313,-0.0003260213567385164,1005.4531696214411,2726.584810720567,0.10000000000000001
2315,0,1.6439863105123504,0.14997891860329973,0.11810004957247448,-0.0015322724813269311,1005.5250507295353,2762.5253647676686,0.10000000000000001
2316,0,1.6539126377969371,0.15001623819813559,0.11589275227174102,0.0018299206274956,1005.6699368780196,2834.9684390097991,0.10000000000000001
2317,0,1.6638875423872526,0.14999984999860605,0.11211783811106173,0.0013793500549274826,1005.7730511888832,2886.5255944415935,0.10000000000000001
2318,0,1.6738200361417284,0.15004962961583607,0.11146920776273886,0.0046622944907999172,1005.9435882423757,2971.7941211878269,0.10000000000000001
2319,0,1.6837861860954724,0.15000564775555367,0.10764912584011488,0.0028384325005335769,1006.1670341574007,3083.5170787003676,0.10000000000000001
2320,0,1.6937449879204303,0.15005551940688266,0.10318384748495014,0.0044382510047984332,1006.0222785275026,3011.1392637513177,0.10000000000000001
2321,0,1.7036951679851653,0.14996943014647948,0.10122041086925931,0.0018038404093229255,1006.44572381355,3222.8619067749946,0.10000000000000001
2322,0,1.7136930466783802,0.15001980054817549,0.099966260952457142,0.0018424296089497648,1006.294726337308,3147.3631686540102,0.10000000000000001
2323,0,1.7236126439813728,0.14993343129989853,0.095140788130787593,-0.00067014114003126552,1006.7243336449366,3362.1668224682821,0.10000000000000001
2324,0,1.7336659372700469,0.15006514928688697,0.093672077113018198,0.00087912693114658837,1006.4180293203236,3209.014660161813,0.10000000000000001
2325,0,1.7435162043390906,0.14995071238227195,0.090207028750600216,0.0040477986505983426,1007.2355486759714,3617.7743379856793,0.10000000000000001
2326,0,1.753716880116672,0.15032751901378319,0.087893425509935785,0.013300606163942495,1007.0088654275825,3504.4327137912319,0.10000000000000001
2327,0,1.763363395945539,0.15011541457720129,0.079117498520339127,0.014942067593490612,1007.9675565268894,3983.7782634447194,0.10000000000000001
2328,0,1.7736642197599641,0.15110323586864485,0.071493856612874551,0.036752272544687541,1007.9197459339185,3959.8729669592672,0.10000000000000001
2329,0,1.7826982259756956,0.15001341523708336,0.055723094658470557,0.0082866164082729954,1008.2847144389348,4142.3572194673852,0.10000000000000001
2330,0,1.7938719525751683,0.15120561935997698,0.063981589624950375,0.027153277243396806,1008.8305350689845,4415.2675344922727,0.10000000000000001
2331,0,1.8022761419248048,0.15028362213813651,0.048606123926127523,0.0081351826021160839,1009.285148950249,4642.5744751244911,0.10000000000000001
2332,0,1.8137766081923798,0.15040036538478677,0.045547221943419071,0.010397940646224095,1009.7086686796955,4854.3343398477537,0.10000000000000001
2333,0,1.8220248814955322,0.15018508379338263,0.031171271045450529,0.0022992356352635863,1009.7507276832669,4875.3638416334297,0.10000000000000001
2334,0,1.8334821246554907,0.15029561903285238,0.023953031491967359,0.011698255013946487,1010.289701507609,5144.8507538045196,0.10000000000000001
2335,0,1.8417482168735322,0.15015022861061403,0.013399545133646454,0.0013657087919746889,1011.02416001604,5512.080008020007,0.10000000000000001
2336,0,1.8530693329279266,0.15027532850790967,0.0082829571690215733,0.0063454670121272571,1010.940324954303,5470.162477151518,0.10000000000000001
2337,0,1.8613534278588151,0.15006155145866407,-0.017374784237321535,-0.01533838873585624,1010.8509574489301,5425.4787244650515,0.10000000000000001
2338,0,1.8725501117271279,0.15010200455149567,0.004361551594806762,-0.0069970276806441533,1011.6650122365349,5832.5061182674744,0.10000000000000001
2339,0,1.8807991983728394,0.14962770610916259,-0.012746520805319676,-0.032595331967039239,1011.7666674861287,5883.3337430643269,0.10000000000000001
2340,0,1.8918717565429899,0.14934110750265103,-0.0055612739084166564,-0.028408482465161498,1011.0740055894959,5537.0027947479339,0.10000000000000001
2341,0,1.9002958701650161,0.14909761544848021,0.014682578156889982,-0.002677777148116736,1011.9344596051776,5967.229802588804,0.10000000000000001
2342,0,1.9112756955519459,0.14840550141153858,-0.048305111754997528,-0.010611466329011568,1010.26669358493,5133.3467924649767,0.10000000000000001
2343,0,1.9195404447826272,0.1488044746483411,-0.04220605727406615,-0.034656438696607256,1011.9319596865697,5965.9798432848565,0.10000000000000001
2344,0,1.9307439970487825,0.14926491246045251,0.026870931963622349,-0.026327397761965788,1009.9096930909475,4954.8465454737425,0.10000000000000001
2345,0,1.9383032188343479,0.1497841438737324,-0.037265124667124602,-0.01117821818032287,1006.7951630135956,3397.5815067977919,0.10000000000000001
2346,0,1.9539423656040966,0.15539610926155206,0.088939668812710079,0.0083625346009555748,1011.7072826863201,5853.6413431600631,0.10000000000000001
2347,0,1.9531039603048517,0.15597844761974525,0.075555243775812977,0.031957339611601646,1011.1559411234797,5577.9705617398467,0.10000000000000001
2348,0,1.9889951144771931,0.16522286077590953,0.00073924810702475155,-0.29759939900978788,1024.6192790375842,12309.639518792097,0.10000000000000001
2349,0,1.9907324282932637,0.17581295980176931,0.7021830240679594,-0.14629534864215182,1030.6953370976744,15347.668548837191,0.10000000000000001
2350,0,1.9999967999999999,0.17334864661229132,0,0.29450541718430168,991.03175232227932,-4484.1238388603415,0.10000000000000001
2351,0,1.9999967999999999,0.16435179114324847,0,-0.0012083239318364846,1008.8299656701295,4414.982835064734,0.10000000000000001
2352,0,1.9999967999999999,0.16411975216803201,0,-0.0071738462566238465,1008.4038352074696,4201.9176037347843,0.10000000000000001
2353,0,0.21112639330587207,0.15000468790075511,0.24750935148330774,-0.0076212633048106529,1000.0205865053729,10.293252686437881,0.10000000000000001
2354,0,0.21183339452416472,0.15204543913591914,0.24700685863572694,-0.0069711832235467086,1000.0257366243334,12.868312166688156,0.10000000000000001
2355,0,0.22505044597587426,0.15568468997068452,0.24435028525508959,-0.000187030072215888,1000.0487766276548,24.388313827387265,0.10000000000000001
2356,0,0.21817207801957886,0.18277251457259888,0.081839515791638881,0.0076003890596336937,1000.0062702917572,3.1351458786161857,0.10000000000000001
2357,0,0.24811236797238173,0.16299964143632237,0.22804070178511737,-0.0012021227177653805,1000.2854352988219,142.71764941094034,0.10000000000000001
2358,0,0.25663554402944827,0.16816626315572566,0.22199250648159743,-0.0037802982130772842,1000.1494548302869,74.72741514345671,0.10000000000000001
2359,0,0.27106274719474011,0.1571936885477791,0.23193681656493981,0.0028017298677254798,999.86717454952293,-66.412725238535586,0.10000000000000001
2360,0,0.28093455823448588,0.160348340044523,0.23285094527953756,-0.013750998345252771,1000.7969595768366,398.47978841828535,0.10000000000000001
2361,0,0.29174856417935147,0.15831928080708343,0.23138205745171614,0.019547224211382552,999.07645108710176,-461.77445644912041,0.10000000000000001
2362,0,0.29952208754130299,0.15873405617124417,0.22726318439959214,-0.017047301644223439,1001.2387121160702,619.35605803512317,0.10000000000000001
2363,0,0.31083379979866621,0.15950783671469809,0.23003569741702937,0.015150997929839111,999.37516955474507,-312.41522262746457,0.10000000000000001
2364,0,0.31838823114791331,0.15892330266705582,0.22744803053054929,-0.013919643636447354,1000.836927690906,418.46384545300452,0.10000000000000001
2365,0,0.32980533316536825,0.15954206685680664,0.22713172936202347,0.003239532786099085,999.94477242428616,-27.61378785692159,0.10000000000000001
2366,0,0.33818453096885637,0.15933531213524404,0.22817137765512868,-0.0053410938111707225,1000.3440293638716,172.01468193582059,0.10000000000000001
2367,0,0.3487995508074197,0.15986605044192498,0.22545516522020745,-0.002165547631191866,1000.2260397885046,113.01989425231795,0.10000000000000001
2368,0,0.35826371430617909,0.15951011241899837,0.2284182040999776,-0.00091308240503109109,1000.1433491958217,71.674597910828197,0.10000000000000001
2369,0,0.36812439297980004,0.16013308160173079,0.22613875193333308,-0.0015640113983293341,1000.2231402423168,111.57012115842235,0.10000000000000001
2370,0,0.37829920789079158,0.15949808389922884,0.22845926768661157,-0.00041189779201415136,1000.1376540904575,68.827045228772477,0.10000000000000001
2371,0,0.38776814552841199,0.16036348974443501,0.22724262139479573,0.0013658620226721823,1000.0926059318033,46.302965901645621,0.10000000000000001
2372,0,0.39823740132516067,0.15949564401133784,0.22870783769772723,-0.0012943388884148468,1000.1672881404769,83.644070238449331,0.10000000000000001
2373,0,0.40776140408650219,0.16024709163014339,0.22812976500396248,0.0028397762625919291,999.99145532364241,-4.2723381787936887,0.10000000000000001
2374,0,0.4180531531018542,0.15979654979459479,0.2287320838757593,-0.0022118524201741375,1000.1774075546075,88.703777303749121,0.10000000000000001
2375,0,0.42793315669711746,0.15983964978472515,0.22887322786959613,0.0033541070383122078,999.93504722571708,-32.476387141457508,0.10000000000000001
2376,0,0.43787920804392866,0.16026706754867392,0.22827457964028519,-0.0025436420204041975,1000.1690079234586,84.503961729296861,0.10000000000000001
2377,0,0.44806696546281083,0.15942078456783035,0.22922337833531906,0.0032899937274820921,999.92312897747001,-38.435511264992783,0.10000000000000001
2378,0,0.45782393609450156,0.16061939802468866,0.22726833049097228,-0.0018345302618391183,1000.1474015730012,73.700786500580762,0.10000000000000001
2379,0,0.46808010485444784,0.15920311928243247,0.2288330532168219,0.0025395856031206329,999.96418507080421,-17.90746459789716,0.10000000000000001
2380,0,0.47787033882412233,0.16072962346899022,0.22609040716630574,-0.00058050695720530997,1000.1273762588671,63.688129433558061,0.10000000000000001
2381,0,0.48804571142574843,0.15921039053794028,0.22761356580544501,0.0015752252886500752,1000.037311351207,18.655675603497457,0.10000000000000001
2382,0,0.49794163353291337,0.16066668796751557,0.22494977054563764,0.00042245471248771293,1000.1290713898445,64.535694922255971,0.10000000000000001
2383,0,0.50802674844907603,0.15934181313259849,0.22585308258605294,0.0011465604303090757,1000.1032015251175,51.600762558734914,0.10000000000000001
2384,0,0.51800690282504824,0.16053269565302641,0.22373963496843666,0.00076254840439343274,1000.1613017230347,80.650861517369776,0.10000000000000001
2385,0,0.52804413761235958,0.15949106720909756,0.2239499413820604,0.0013321495547321787,1000.1456353781805,72.817689090243221,0.10000000000000001
2386,0,0.53804577134718334,0.16041251281564836,0.22238481251930423,0.00050816883315452858,1000.213657354444,106.82867722198353,0.10000000000000001
2387,0,0.54809714459422954,0.15958466609144717,0.22221570213979522,0.0017703233744812954,1000.1705012243414,85.250612170682416,0.10000000000000001
2388,0,0.55806569902835446,0.16034960558132288,0.22095084362390782,-7.0202425136105224e-06,1000.2681197647494,134.05988237468591,0.10000000000000001
2389,0,0.56815680963719306,0.15962237297580398,0.22076952314854562,0.0021109039150331633,1000.1883654444111,94.182722205573555,0.10000000000000001
2390,0,0.57809129553112537,0.16032369390511672,0.21955924558033024,-0.00041321637180920175,1000.310870582845,155.43529142252055,0.10000000000000001
2391,0,0.58820520598517778,0.1596383106659944,0.21954705051339465,0.0021960885556103395,1000.208917534645,104.45876732251236,0.10000000000000001
2392,0,0.59813149475051797,0.16030437051164445,0.21827567988299271,-0.00049272497250835504,1000.338596227819,169.29811390951954,0.10000000000000001
2393,0,0.60824111398348124,0.15965889504375061,0.21835555843116314,0.0020794552232834972,1000.238517464329,119.25873216449645,0.10000000000000001
2394,0,0.61818351256289972,0.16027217760337273,0.2170345110340888,-0.00026564549748513621,1000.3588419719638,179.42098598189204,0.10000000000000001
2395,0,0.62827014345732235,0.15969706878883222,0.21699358088102699,0.001905700690894309,1000.2801447623816,140.07238119080512,0.10000000000000001
2396,0,0.63823932576856923,0.16022391210724488,0.21566082893514699,0.00013602056285617103,1000.3843245593546,192.16227967729083,0.10000000000000001
2397,0,0.64829910287474846,0.15974836174355267,0.21532140421163393,0.0017813838663323803,1000.335357236233,167.67861811649709,0.10000000000000001
2398,0,0.65829159289185324,0.1601702629035002,0.21396580428578921,0.00057705250929674474,1000.4248040982206,212.40204911032379,0.10000000000000001
2399,0,0.66833143293534669,0.15980002621107653,0.21329093843784369,0.001726744398550866,1000.4054249901715,202.71249508573419,0.10000000000000001
2400,0,0.67833717618832901,0.1601223753721773,0.21187092438562738,0.00096876146207129188,1000.4835766245785,241.78831228925901,0.10000000000000001
2401,0,0.68836701768566644,0.15984272233528793,0.21094063720052381,0.0016939690657463335,1000.4889785383741,244.48926918705638,0.10000000000000001
2402,0,0.69837699164315481,0.1600856976161906,0.20945575456512969,0.0012511564440892834,1000.5581391672765,279.06958363826107,0.10000000000000001
2403,0,0.70840248539487016,0.15987462634131844,0.20839535140993459,0.0016252500790826304,1000.581003062032,290.50153101599108,0.10000000000000001
2404,0,0.71841384504874983,0.16005858095314945,0.2069273070517802,0.0013787092575796491,1000.6417402657338,320.8701328669008,0.10000000000000001
2405,0,0.72843583691901459,0.15989820753612671,0.20585229095398555,0.0014944559836702481,1000.6736932675318,336.84663376590152,0.10000000000000001
2406,0,0.73844802491497974,0.16003872044116393,0.20452458703840895,0.0013399992649785206,1000.7257147458334,362.85737291672149,0.10000000000000001
2407,0,0.74846712998958442,0.1599153129823222,0.20354020296252753,0.0013048583925329212,1000.7588335366268,379.41676831337645,0.10000000000000001
2408,0,0.75847960105986478,0.16002400289027086,0.20244464929386397,0.0011768732771046822,1000.8018076881604,400.90384408017599,0.10000000000000001
2409,0,0.76849677857507837,0.15992768398260829,0.20163303213850628,0.0010817393124955682,1000.8305001485966,415.2500742982852,0.10000000000000001
2410,0,0.77850896587847551,0.1600126938718445,0.20079838740471775,0.00096189263717646014,1000.8643659861867,432.18299309336317,0.10000000000000001
2411,0,0.7885245418650243,0.15993711221102183,0.20019796813055157,0.00086365512970793239,1000.8863397663754,443.1698831876929,0.10000000000000001
2412,0,0.7985364525946862,0.16000345621317164,0.19959348704504609,0.00076727531478631527,1000.9119153108619,455.95765543095013,0.10000000000000001
2413,0,0.80855056606076192,0.1599444517637327,0.19918322513660031,0.00069158511065127242,1000.9276811475788,463.84057378941179,0.10000000000000001
2414,0,0.81856239337418457,0.15999591029412355,0.19875068959896441,0.00063677143733981471,1000.9467722381162,473.38611905809103,0.10000000000000001
2415,0,0.82857524342563116,0.15995040327406679,0.19845830958812896,0.00059588133042702107,1000.9585461283945,479.27306419722981,0.10000000000000001
2416,0,0.83858725411705093,0.1599897472407473,0.198128638894151,0.00058096079523169402,1000.9738192064541,486.90960322704768,0.10000000000000001
2417,0,0.84859950850656718,0.159955048091802,0.19787710174559434,0.00057769192769041469,1000.9840670309704,492.03351548521823,0.10000000000000001
2418,0,0.85861125356963186,0.15998509633712818,0.1975782955716317,0.00059092765874422008,1000.9982077982278,499.10389911389075,0.10000000000000001
2419,0,0.86862311613155252,0.15995862516507178,0.19731299651737774,0.00061032159875797499,1001.0091307827449,504.56539137246637,0.10000000000000001
2420,0,0.87863437105346343,0.1599814046448188,0.19699602061007895,0.00064010567771169229,1001.0237620879171,511.88104395856726,0.10000000000000001
2421,0,0.88864540002002856,0.15996161112120971,0.19669354950636911,0.00065791103761772074,1001.0367483158508,518.37415792539332,0.10000000000000001
2422,0,0.89865634941863426,0.1599783621521555,0.19634424514516144,0.00069268582827734207,1001.0522486982607,526.12434913032757,0.10000000000000001
2423,0,0.90866664177297907,0.1599640735821998,0.19601542921643053,0.00068624284366031413,1001.0673355080048,533.6677540024084,0.10000000000000001
2424,0,0.91867708540415105,0.15997648863868577,0.19565832609209699,0.00071375779265413469,1001.082939423201,541.46971160048452,0.10000000000000001
2425,0,0.92868690469491288,0.15996629112142938,0.19534087787413368,0.00067102339043846994,1001.0987759991843,549.38799959217022,0.10000000000000001
2426,0,0.93869677432833654,0.15997567351688241,0.19503001733173944,0.00067598027794629441,1001.1129141131571,556.4570565785516,0.10000000000000001
2427,0,0.94870625473597348,0.15996828631495785,0.19478259696014166,0.00059830560034549167,1001.126979528794,563.48976439699072,0.10000000000000001
2428,0,0.95871561827242713,0.15997550818905629,0.19458083492135431,0.00056816885012659778,1001.1378216130606,568.91080653031167,0.10000000000000001
2429,0,0.96872488833478432,0.1599699062838999,0.19446247458582569,0.00046970366291478684,1001.1473248927678,573.66244638387798,0.10000000000000001
2430,0,0.97873429071825457,0.15997541360042453,0.1944199371673295,0.00040100226503085454,1001.1534787868554,576.73939342771519,0.10000000000000001
2431,0,0.98874360685683138,0.15997128964749407,0.19446083480127319,0.00031241630523918098,1001.1566291299988,578.31456499940259,0.10000000000000001
2432,0,0.99875320875113527,0.15997576055019208,0.19458114079226399,0.0002172804919450037,1001.1584119333608,579.2059666803766,0.10000000000000001
2433,0,1.0087624384196174,0.15997337097374673,0.19475151647967542,0.00018339428839223319,1001.1558637946656,577.93189733280315,0.10000000000000001
2434,0,1.0187723156777768,0.15997681948177597,0.19496401813923747,9.2656213451847182e-05,1001.1563586071334,578.17930356668512,0.10000000000000001
2435,0,1.0287816608553628,0.15997627014323831,0.19515101368534329,0.00016023096248111404,1001.152513822661,576.2569113305176,0.10000000000000001
2436,0,1.0387922809902843,0.15997812815397588,0.19529809980004612,0.00012081017325203925,1001.1578802028447,578.9401014223472,0.10000000000000001
2437,0,1.0488022347323565,0.15997957908077307,0.19531057136602215,0.00031706311930601935,1001.1611765989097,580.58829945485968,0.10000000000000001
2438,0,1.0588137705663729,0.15997953913174653,0.19516395341402606,0.00038070594420738443,1001.1797588767259,589.87943836297063,0.10000000000000001
2439,0,1.0688242219169632,0.15998321779696087,0.194766582008917,0.00069037021559970285,1001.201361761557,600.68088077849779,0.10000000000000001
2440,0,1.0788357482713951,0.15998163297285173,0.19408846632931329,0.00089386802970424647,1001.2415858985705,620.79294928525997,0.10000000000000001
2441,0,1.0888455864004665,0.15998758707600355,0.19307067865928887,0.0012465088326331255,1001.292197905349,646.09895267449247,0.10000000000000001
2442,0,1.0988557162370678,0.15998524690308644,0.19169337279744733,0.0015922137668314483,1001.3592577655248,679.62888276241529,0.10000000000000001
2443,0,1.1088641867691111,0.15999253064363084,0.18996886967102788,0.0018694212371607327,1001.4451824175143,722.59120875713734,0.10000000000000001
2444,0,1.1188727802933507,0.15999028682984848,0.18788737832982674,0.0023107750297809877,1001.5378922096857,768.94610484282566,0.10000000000000001
2445,0,1.1288801862085822,0.15999738214964837,0.18555174581575398,0.0023827716782359155,1001.6562129035187,828.1064517593677,0.10000000000000001
2446,0,1.1388875872664908,0.15999703398434068,0.18298979161089918,0.0028235815775201345,1001.7662847883448,883.14239417240969,0.10000000000000001
2447,0,1.1488939208336806,0.16000219941343119,0.18036129449666788,0.0026015155046389083,1001.9034879098114,951.74395490568031,0.10000000000000001
2448,0,1.15889958784434,0.16000586565525621,0.17770607977214145,0.0029178102383991297,1002.01504966633,1007.5248331650073,0.10000000000000001
2449,0,1.1689048068687926,0.16000617010798923,0.17526368229651026,0.0024029039759072548,1002.1497179123775,1074.8589561887343,0.10000000000000001
2450,0,1.178907981856278,0.16001568366734673,0.1730165649923627,0.0024821297484647052,1002.2461768156489,1123.0884078244685,0.10000000000000001
2451,0,1.1889129733379755,0.16000805909109231,0.17119870739722826,0.0018064797029291322,1002.3526223167112,1176.3111583555883,0.10000000000000001
2452,0,1.1989134960108676,0.16002515216496002,0.16975466504539707,0.0015895785639053466,1002.4218252242846,1210.9126121422946,0.10000000000000001
2453,0,1.2089200102893978,0.16000814056804025,0.16889060821511731,0.00098929251706951667,1002.4839809798385,1241.9904899192602,0.10000000000000001
2454,0,1.2189183629035567,0.16003319457857615,0.16836029235502761,0.00052155912068095492,1002.5220667716167,1261.0333858083322,0.10000000000000001
2455,0,1.2289274053120234,0.16000868035715268,0.16837944436663696,0.00026252039962853049,1002.5356782467721,1267.839123386068,0.10000000000000001
2456,0,1.238924928312102,0.16003833065200909,0.16862962214902963,-0.00034767521008192298,1002.55644103259,1278.2205162949936,0.10000000000000001
2457,0,1.248935274613223,0.16001250323287103,0.16912199985531826,-3.8712723586204319e-05,1002.534857792988,1267.4288964939819,0.10000000000000001
2458,0,1.2589348781561496,0.16003768924379605,0.16955859560858319,-0.0006472022732794719,1002.5571262113239,1278.5631056619309,0.10000000000000001
2459,0,1.2689435499112667,0.16002110919886622,0.16989584344286238,0.00028027772449139282,1002.5325508417035,1266.2754208517413,0.10000000000000001
2460,0,1.2789489163278107,0.16002947163041764,0.16988129251160011,-0.00018639242618680757,1002.5848920591011,1292.4460295505469,0.10000000000000001
2461,0,1.2889511310170771,0.16003511876378057,0.16921403629330287,0.0012644165150296094,1002.5890678304966,1294.5339152482802,0.10000000000000001
2462,0,1.2989641483150847,0.16001619387807134,0.16805469721995248,0.00098455699668015284,1002.6942341059242,1347.117052962119,0.10000000000000001
2463,0,1.3089564363861366,0.16005198092883383,0.165935260545232,0.0026751756724289481,1002.7630526358474,1381.5263179237149,0.10000000000000001
2464,0,1.3189744160221533,0.16000406911687373,0.16324009724764066,0.0025919578261907701,1002.9288727814712,1464.4363907356137,0.10000000000000001
2465,0,1.3289582083911418,0.16006545410338344,0.15946905691439425,0.0041114603518348468,1003.0714802856482,1535.7401428241246,0.10000000000000001
2466,0,1.3389734265018243,0.16000096733531904,0.15542892251972371,0.0041142114312864289,1003.2874589160525,1643.7294580262574,0.10000000000000001
2467,0,1.3489558155544001,0.1600683973942483,0.15066913355184208,0.0049682321202229934,1003.4932252756372,1746.6126378186004,0.10000000000000001
2468,0,1.3589573012316973,0.16001161560392294,0.1460786800740036,0.004940727050122779,1003.7170553684257,1858.5276842128451,0.10000000000000001
2469,0,1.3689474501570589,0.16005820367874138,0.14143640453048251,0.00466297131361465,1003.9348578554079,1967.4289277039634,0.10000000000000001
2470,0,1.3789264167810071,0.16003361402083335,0.13777946282110407,0.0044289041759876845,1004.1088164816309,2054.4082408154622,0.10000000000000001
2471,0,1.3889298773842624,0.16003901808114646,0.13498017016997635,0.0027604536947440205,1004.2728826172031,2136.4413086015475,0.10000000000000001
2472,0,1.3988872812604387,0.16005432952610288,0.13375926386955128,0.0023303055489408723,1004.3247087224237,2162.3543612118397,0.10000000000000001
2473,0,1.4089008857098109,0.16002196875231622,0.13415857542292606,-0.00058464374283791361,1004.3639728912773,2181.9864456386426,0.10000000000000001
2474,0,1.4188530314907268,0.16005617405578879,0.13665105738240937,-0.0011448387849285323,1004.2520080961301,2126.0040480650559,0.10000000000000001
2475,0,1.4288630338936246,0.16002101791449092,0.14085991335149062,-0.0044681452677346354,1004.1319014359378,2065.9507179689172,0.10000000000000001
2476,0,1.4388355868905813,0.16003009205784041,0.14708508773037654,-0.0048819574144366145,1003.8532527581086,1926.6263790543121,0.10000000000000001
2477,0,1.4488232148368987,0.16004287948391513,0.1542316703888463,-0.0074437703916082976,1003.5958468200752,1797.9234100375834,0.10000000000000001
2478,0,1.4588401198044842,0.15998199158493656,0.1629556892545361,-0.0074388469720734797,1003.2191160084255,1609.5580042127722,0.10000000000000001
2479,0,1.4687908569495627,0.16008053355518362,0.17085247545998938,-0.0080311426141567045,1002.9094650521779,1454.7325260889465,0.10000000000000001
2480,0,1.4788598759610481,0.15993026606005495,0.17922365279499011,-0.0072124742380286853,1002.5520338842371,1276.016942118531,0.10000000000000001
2481,0,1.488777048540523,0.16011036621074334,0.18486963056380704,-0.0055175391836098531,1002.313907993538,1156.9539967690048,0.10000000000000001
2482,0,1.4988816971204004,0.15989822540201684,0.18974297926979561,-0.0037892535682259245,1002.1243247323071,1062.1623661535295,0.10000000000000001
2483,0,1.5087873766425561,0.16010780438200775,0.19055712076968978,-0.0002620310589266579,1002.0731376784431,1036.5688392215588,0.10000000000000001
2484,0,1.5188911370924716,0.15990526425095944,0.18939114343121993,0.0021802136794614306,1002.1417761037945,1070.8880518972705,0.10000000000000001
2485,0,1.5288121229117484,0.1600693007512615,0.18429960834432876,0.0059177993858332651,1002.3340584732664,1167.0292366331978,0.10000000000000001
2486,0,1.5388748560016601,0.15995901382505998,0.17742620769500567,0.0081266633447352309,1002.6630869315302,1331.543465765094,0.10000000000000001
2487,0,1.5488303775364658,0.16001632750252645,0.16785932406206175,0.010256098013191016,1003.0521544541025,1526.0772270512462,0.10000000000000001
2488,0,1.5588258775243435,0.16004864842217703,0.15765680251568653,0.011579539986090723,1003.5001945311774,1750.0972655886926,0.10000000000000001
2489,0,1.5688234734427313,0.1599756416893125,0.14716594192274643,0.010100336114830688,1003.9701771787369,1985.0885893684449,0.10000000000000001
2490,0,1.5787582522028882,0.16013284258500116,0.13774357249139801,0.010825367927579918,1004.3480692083497,2174.0346041748353,0.10000000000000001
2491,0,1.5887814784608507,0.15996477019795624,0.12979133276793894,0.0050954286875074129,1004.764898861775,2382.4494308875046,0.10000000000000001
2492,0,1.5986987193242828,0.16016097709935093,0.12409272505412076,0.006725992083533478,1004.9261585192166,2463.0792596083211,0.10000000000000001
2493,0,1.6087003374746498,0.15999122347731859,0.12031123317015593,-0.0019281180979146663,1005.2500282081936,2625.014104096806,0.10000000000000001
2494,0,1.6186506395851812,0.16011617089753971,0.11851380988064847,0.0025191402702646648,1005.1627249283509,2581.36246417547,0.10000000000000001
2495,0,1.6285823247734743,0.16006081867281066,0.11716304564847869,-0.0064401183206729985,1005.4626293303542,2731.3146651770808,0.10000000000000001
2496,0,1.6385936837638118,0.16004358822263173,0.11715972641448573,0.0019753444969061082,1005.2388923946154,2619.4461973076955,0.10000000000000001
2497,0,1.6484460670856234,0.16014882913708875,0.11673807099650849,-0.0066204843921903005,1005.6906656700181,2845.3328350090601,0.10000000000000001
2498,0,1.6585287908508961,0.16000408816159639,0.11396913013759219,0.0061910531155221545,1005.3488948137931,2674.4474068965474,0.10000000000000001
2499,0,1.6683209869817703,0.16019034765648527,0.11259902319040443,-0.0035833643928409368,1006.0471767847218,3023.5883923609208,0.10000000000000001
2500,0,1.6784776294595984,0.16002136507353035,0.10902825765502334,0.011854305986962766,1005.7301410080096,2865.070504004791,0.10000000000000001
2501,0,1.6882352025032328,0.16010967068994447,0.1055631918037718,-0.0027074533697506909,1006.5099222186043,3254.961109302144,0.10000000000000001
2502,0,1.6984001511396423,0.16012858809786878,0.099349323978498785,0.014220319713933902,1006.0425966870523,3021.2983435261549,0.10000000000000001
2503,0,1.7081925081018914,0.15981749522755456,0.10118405115560272,-0.0085336140425252803,1007.0570714719469,3528.5357359734348,0.10000000000000001
2504,0,1.7182418054911217,0.16051595105917188,0.092472290266340115,0.017033150816640905,1006.26991439652,3134.9571982599969,0.10000000000000001
2505,0,1.7281976607525833,0.159135555131588,0.094130657931009054,-0.024029825237975221,1007.2679971647027,3633.998582351353,0.10000000000000001
2506,0,1.7379759275868931,0.16157571550331573,0.089438473111395814,0.022192830541154663,1006.6471366854972,3323.5683427486151,0.10000000000000001
2507,0,1.7484080317798856,0.15791479182853393,0.092226819997278067,-0.032709928215602251,1007.5161479373706,3758.0739686853235,0.10000000000000001
2508,0,1.7572703190269889,0.16380677557440115,0.074218820162940874,0.035351535680519887,1006.7523110612349,3376.1555306174387,0.10000000000000001
2509,0,1.7687220756782986,0.15657031804309124,0.073853530897916408,-0.018774391239292955,1007.4642313694678,3732.1156847339125,0.10000000000000001
2510,0,1.7766708573268253,0.16694685338816614,0.083421308028420696,0.017746376894599313,1007.6439420525181,3821.9710262590638,0.10000000000000001
2511,0,1.7889376268896595,0.1563876046701646,0.06317101646150923,0.0033499145985857203,1008.9516007545401,4475.8003772700476,0.10000000000000001
2512,0,1.796460621890172,0.17221885387117827,0.065015135319321821,0.035934086282725798,1008.0049198573331,4002.4599286665534,0.10000000000000001
2513,0,1.808465141206125,0.15706675674983664,0.034514786853915846,0.017531519383912435,1009.5293265942361,4764.6632971180334,0.10000000000000001
2514,0,1.8156106376841481,0.1724288564566708,0.08927456716480632,0.0059120188198799814,1009.8670553479578,4933.5276739789151,0.10000000000000001
2515,0,1.8281896359026546,0.15685906668291488,0.022889695639769472,0.01814858759148353,1009.9149702496527,4957.4851248263485,0.10000000000000001
2516,0,1.8348962720730095,0.17222408682112278,0.07433156279648237,0.054371153781579896,1010.1700033661381,5085.0016830690383,0.10000000000000001
2517,0,1.8478737631009687,0.15667086980158548,0.007539797004995452,0.013258630319304474,1010.6296800476587,5314.8400238293334,0.10000000000000001
2518,0,1.8538661316874718,0.17227322934792819,0.05824331069607936,0.037204967088477855,1010.6486227314778,5324.3113657388785,0.10000000000000001
2519,0,1.8674892141027339,0.15647081772022559,-0.0091846979403436124,-0.012932951207277282,1011.1980324677565,5599.0162338782739,0.10000000000000001
2520,0,1.8726239991816191,0.17204677900327667,0.069927418071321468,-0.0096467313975114304,1012.2828961718676,6141.4480859338028,0.10000000000000001
2521,0,1.8868829663969988,0.1558540488842709,-0.034434609797323892,-0.04056010076395692,1011.1664971206216,5583.248560310778,0.10000000000000001
2522,0,1.8908430376584859,0.1715607914444606,0.011007556573090802,-0.067278302088039865,1011.3187502345626,5659.3751172812863,0.10000000000000001
2523,0,1.9057716432504666,0.15488933528223511,-0.018233984250770521,0.011785145210175879,1009.390269300175,4695.1346500874824,0.10000000000000001
2524,0,1.9075610493426673,0.17163794264674423,-0.047149956704820466,0.16602149497821855,1010.8551687246278,5427.5843623138935,0.10000000000000001
2525,0,1.9251787133379148,0.15387664237093598,0.026831225699453148,-0.017291419298082231,1011.7048846258357,5852.4423129178449,0.10000000000000001
2526,0,1.9254298628775404,0.17121780121172803,-0.016615849386551647,-0.055737739095822206,1008.9413494723179,4470.6747361589696,0.10000000000000001
2527,0,1.9453337858773909,0.15669587571466453,0.024171213806059955,-0.01222890386598992,1012.8833457369925,6441.6728684962545,0.10000000000000001
2528,0,1.9469851155418962,0.17254441971406873,0.10811406448980217,-0.15993989373340928,1008.0272531913123,4013.6265956561488,0.10000000000000001
2529,0,1.96069698521949,0.1702902166077373,-0.01398922339328717,-0.15032594234644459,1004.3568318111539,2178.4159055769692,0.10000000000000001
2530,0,1.9665559127166947,0.16098570980602098,0.18390795842640323,-0.035409365190134927,1012.0905553122099,6045.2776561049286,0.10000000000000001
2531,0,1.9990604752885499,0.19626539842833346,-0.11374605806810928,0.40976966729987846,998.69425383019404,-652.87308490297846,0.10000000000000001
2532,0,1.9999967999999999,0.18651103070258118,0,0.17247912695101192,1003.8940167159496,1947.0083579748234,0.10000000000000001
2533,0,1.9999967999999999,0.17122636069947958,0,0.16508654487308747,999.89737232037487,-51.313839812564765,0.10000000000000001
2534,0,0.22581296516040267,0.15542920448546887,0.24457172470528785,0.00065906452934390237,1000.0745529676988,37.276483849382203,0.10000000000000001
2535,0,0.12196063196955099,0.19676071973643194,0.027743093750241338,-0.0048226394968574693,1000.0115079284054,5.7539642027109039,0.10000000000000001
2536,0,0.22054343670671614,0.15643144711287532,0.24479957735676722,-0.0037934719879896949,999.99847295725181,-0.76352137409685383,0.10000000000000001
2537,0,0.24403237178773474,0.16130935928079915,0.22393274147637338,-0.0071323930031311922,1000.6935041192332,346.75205961661959,0.10000000000000001
2538,0,0.2401252895417304,0.17950844243653025,0.16076442991167844,0.05891858378652623,999.93703520632482,-31.482396837589022,0.10000000000000001
2539,0,0.25816795855457569,0.16868073793245042,0.22208107351220063,-0.0056025672221234179,1000.1740484933903,87.024246695136753,0.10000000000000001
2540,0,0.26825531243298217,0.16787982214801281,0.2142450921435444,-0.0033928747841491412,1000.2959630186432,147.98150932159615,0.10000000000000001
2541,0,0.27479563635783855,0.16951089415494114,0.20929462032183296,0.0035800243525115983,999.97306078754161,-13.469606229193687,0.10000000000000001
2542,0,0.28713749545586414,0.17239045332047631,0.21229453548106775,0.0059414356839529751,1000.2836720081258,141.83600406289543,0.10000000000000001
2543,0,0.29340831094991365,0.16703737317007084,0.21795673721964023,-0.0022842212048633853,1000.2126078015821,106.30390079103336,0.10000000000000001
2544,0,0.30397672989263108,0.17157506384637417,0.21213965966450593,0.0056516065099420885,1000.1127036690749,56.35183453745185,0.10000000000000001
2545,0,0.31238785925745732,0.16844030204725696,0.21553718729935537,-0.0024400880830767894,1000.3197955444443,159.89777222216617,0.10000000000000001
2546,0,0.32276921386304608,0.17065255698243759,0.21097904266651446,-0.0081225273217552813,1000.1973708405047,98.68542025236593,0.10000000000000001
2547,0,0.33128313340795829,0.16894288830048956,0.21428590382583929,0.01020821264262485,1000.1779393021603,88.969651080162748,0.10000000000000001
2548,0,0.34196430684795381,0.17071730541644103,0.20919156148243892,-0.015204813760344426,1000.2517761488265,125.88807441323979,0.10000000000000001
2549,0,0.35081016060645892,0.16897261506237674,0.21355074638799726,0.011338497444483711,1000.1295045016709,64.752250835454106,0.10000000000000001
2550,0,0.36134528942366839,0.17079133649126685,0.20920959302580966,-0.0096541166529301344,1000.2057194010501,102.85970052507309,0.10000000000000001
2551,0,0.37078331320481045,0.16906411792386505,0.2133311932279553,0.0025268877219444316,1000.1365338220671,68.266911033560973,0.10000000000000001
2552,0,0.38089128803543282,0.17075296175732202,0.20999846324424287,0.0019722633581348665,1000.1266353208559,63.317660427969713,0.10000000000000001
2553,0,0.39096331401263168,0.16922551426127211,0.21312199547162999,-0.0080652726165677847,1000.1577671457638,78.883572881920827,0.10000000000000001
2554,0,0.40061444027393789,0.17048958609661163,0.21109651870736476,0.010479490808505638,1000.0478993184407,23.949659220363628,0.10000000000000001
2555,0,0.41101652775787384,0.16957594352766883,0.21249172599244101,-0.013258947847474126,1000.1495510412574,74.775520628691083,0.10000000000000001
2556,0,0.42057802106763026,0.170166358268659,0.21213151666738883,0.013369164290937182,999.97495142947321,-12.524285263395996,0.10000000000000001
2557,0,0.43091380155448317,0.16983607011187521,0.21188866949759746,-0.012636448232870044,1000.1332448507899,66.622425394939455,0.10000000000000001
2558,0,0.44070144829727786,0.17002557753708061,0.21255860602061485,0.011297151630883736,999.93734362389796,-31.328188051020334,0.10000000000000001
2559,0,0.45079901403442024,0.16982423355445889,0.21174662635692953,-0.0075280884284208011,1000.1075800011356,53.790000567801144,0.10000000000000001
2560,0,0.46082081193751939,0.17009328531712492,0.21185194948521777,0.0057656686272012083,999.96278217919291,-18.608910403543177,0.10000000000000001
2561,0,0.47075993995922533,0.16966215794661108,0.2117005472422348,-0.0012087560767265943,1000.0747474893794,37.373744689716659,0.10000000000000001
2562,0,0.48086228598904157,0.1702396302710254,0.21032800280365738,0.00040262217270445756,1000.029818923713,14.909461856518647,0.10000000000000001
2563,0,0.4907764453372131,0.16952476743784228,0.2112360173440665,0.0025458854172560504,1000.0662660128396,33.133006419802769,0.10000000000000001
2564,0,0.50086187781231228,0.17036741037876632,0.20877134028170169,-0.0016995943703045314,1000.0960350420601,48.017521030033095,0.10000000000000001
2565,0,0.51081932454251677,0.16946350637778373,0.2101840947065044,0.0029824698991697866,1000.0980408057558,49.020402877886227,0.10000000000000001
2566,0,0.52085320906202193,0.17042435580696658,0.20749699134037033,-0.00097922641557817466,1000.1474938527498,73.746926374894883,0.10000000000000001
2567,0,0.53086632058297156,0.16947834518624877,0.2087296278008367,0.0017769637463408022,1000.1541446952413,77.072347620628534,0.10000000000000001
2568,0,0.54086661234332967,0.17040695872489078,0.2064325169773126,0.00046722006427538473,1000.186097622024,93.048811012010901,0.10000000000000001
2569,0,0.55089404963251654,0.1695315163547263,0.2072299902698968,0.00052986518539541909,1000.2109699885848,105.48499429239655,0.10000000000000001
2570,0,0.56090614094511493,0.17035517081229024,0.20545218032109358,0.0014105706250649487,1000.2152349948714,107.61749743568316,0.10000000000000001
2571,0,0.57091005886131529,0.1695929798353018,0.20591543233178417,-0.00017764476834050151,1000.2551739950352,127.5869975175965,0.10000000000000001
2572,0,0.58095367517821939,0.17029201816906031,0.20451658663884778,0.0017271128214627531,1000.2382843921056,119.14219605279186,0.10000000000000001
2573,0,0.5909275394821033,0.16965715283147434,0.20482814825230733,-0.00052670292325922177,1000.2847138293455,142.35691467274592,0.10000000000000001
2574,0,0.60099685536907332,0.17022612389453773,0.20360660912308307,0.0019303585317391868,1000.2581898541891,129.09492709457027,0.10000000000000001
2575,0,0.61095319217611466,0.1697203959405609,0.20381551225022956,-0.00085546386114180705,1000.3083812619082,154.19063095407637,0.10000000000000001
2576,0,0.62102938973289112,0.17016364941658949,0.20266750643720408,0.0023300307975962658,1000.2801902971268,140.09514856337546,0.10000000000000001
2577,0,0.6309881073173278,0.16978108463000202,0.20268949626079191,-0.0011717396591555834,1000.3361535906582,168.07679532911379,0.10000000000000001
2578,0,0.64105277317995946,0.17010640208028291,0.2015930361029413,0.0028242262131282078,1000.312212202739,156.10610136951664,0.10000000000000001
2579,0,0.65102762246990198,0.16983717953916228,0.20129921921216443,-0.0011742183874360911,1000.376555639898,188.27781994900761,0.10000000000000001
2580,0,0.66107296403897264,0.17005765997226488,0.20026096062478829,0.0030288176891010766,1000.3625101045038,181.25505225191318,0.10000000000000001
2581,0,0.67106589444412157,0.16988273399105117,0.19962292308745519,-0.00065365944592163079,1000.4330645205232,216.53226026160155,0.10000000000000001
2582,0,0.68109424506422644,0.17002228083665408,0.19859567424242527,0.0028279156881458141,1000.4350446751557,217.52233757786144,0.10000000000000001
2583,0,0.69109866653323404,0.1699131049752669,0.19772632024057918,0.0001336972132312141,1000.5057468267054,252.8734133526882,0.10000000000000001
2584,0,0.70111739099977743,0.17000224379565784,0.19665603403502796,0.0024631518103839715,1000.5254300583825,262.71502919126988,0.10000000000000001
2585,0,0.71112601440971845,0.16992935804301748,0.19571828473761216,0.00073653064440415525,1000.5913024895948,295.65124479739779,0.10000000000000001
2586,0,0.72114001250084647,0.16999297505447339,0.19462755420930586,0.0021730982718972435,1000.6230986581351,311.54932906753174,0.10000000000000001
2587,0,0.73114931104230318,0.16993809907707527,0.19373631581345169,0.00094182406761332722,1000.6824525036105,341.22625180526711,0.10000000000000001
2588,0,0.74116094219644146,0.16998799336247819,0.192726133656141,0.0019475124148011461,1000.7167395406108,358.36977030538719,0.10000000000000001
2589,0,0.75116940502926377,0.16994422219711103,0.19194732878824225,0.00084754742197415509,1000.7685462475338,384.2731237668886,0.10000000000000001
2590,0,0.76117961535748768,0.16998390190753793,0.19111141951511607,0.001671757618389381,1000.7977287521261,398.86437606304526,0.10000000000000001
2591,0,0.77118671903767633,0.16994924985669471,0.19048199519312298,0.00065149500656782439,1000.8403779857628,420.18899288137845,0.10000000000000001
2592,0,0.78119594366537271,0.16998049111367658,0.18985602876818769,0.0013038825145572895,1000.8613653529511,430.68267647555558,0.10000000000000001
2593,0,0.79120202557850527,0.16995299179727894,0.18939358740554765,0.00047323872377408712,1000.8933726889511,446.68634447555178,0.10000000000000001
2594,0,0.80121027894383279,0.16997782625529106,0.18894536175479351,0.00094676338736847864,1000.9071246593298,453.56232966491916,0.10000000000000001
2595,0,0.81121566921494204,0.16995565577339367,0.18863490049920234,0.00033013550142944425,1000.9291852829319,464.59264146596979,0.10000000000000001
2596,0,0.82122301870056214,0.16997549577757126,0.1883074653075173,0.000719998876238328,1000.9380303100351,469.01515501753011,0.10000000000000001
2597,0,0.83122809962920652,0.16995807980152394,0.18809006109941664,0.00024535724332462594,1000.9537494025593,476.87470127965526,0.10000000000000001
2598,0,0.84123448079301144,0.16997277086907286,0.18783154652040965,0.0006409274987314265,1000.9602072606141,480.10363030704184,0.10000000000000001
2599,0,0.85123920454274671,0.16996074616187723,0.18763740978980592,0.00026210607502329954,1000.9738685548573,486.93427742864515,0.10000000000000001
2600,0,0.86124504672276403,0.16997023580581253,0.187399031650233,0.00066149904422907729,1000.9808390599342,490.4195299670846,0.10000000000000001
2601,0,0.87124935460368047,0.16996310469849724,0.18718312223685624,0.00037669193317463182,1000.9954191309777,497.70956548883305,0.10000000000000001
2602,0,0.88125470530018979,0.16996854016276144,0.18693007435548203,0.00072671709293650332,1001.0051798478671,502.58992393355584,0.10000000000000001
2603,0,0.89125884155347068,0.16996486078249948,0.18667998314407597,0.00053213547061744951,1001.0219310038414,510.9655019206798,0.10000000000000001
2604,0,0.90126339933702992,0.1699676444979786,0.18640043144097532,0.00079767478123302972,1001.0352436228421,517.62181142106556,0.10000000000000001
2605,0,0.91126733922942316,0.16996603082239398,0.18613349610508742,0.00064349181401189483,1001.0538625822328,526.93129111639792,0.10000000000000001
2606,0,0.92127147282062349,0.16996786341812276,0.18584701150033323,0.00083954104717391632,1001.0694110333146,534.70551665731136,0.10000000000000001
2607,0,0.93127539683789562,0.16996655675961117,0.18559812485580601,0.00065936951962840403,1001.0884611604097,544.2305802048395,0.10000000000000001
2608,0,0.94127953190805091,0.16996914666794549,0.18534974063004953,0.00080610043571574086,1001.1034868068044,551.74340340221306,0.10000000000000001
2609,0,0.95128378554010085,0.16996639043362941,0.18516647533563313,0.00057361986108060941,1001.1203289442605,560.16447213022502,0.10000000000000001
2610,0,0.96128813283686021,0.16997119031675578,0.18500831205629875,0.00066613662573549641,1001.1318506372781,565.92531863907425,0.10000000000000001
2611,0,0.97129297214881105,0.16996547242529303,0.1849371662996685,0.00041398853220345509,1001.1433178980899,571.65894904494508,0.10000000000000001
2612,0,0.98129728381284398,0.16997327841911966,0.18490950360794486,0.0004249651541290849,1001.1491757353905,574.58786769524295,0.10000000000000001
2613,0,0.99130290269472099,0.16996447037768975,0.18497218538700438,0.00023405810730689412,1001.1530139025967,576.50695129837004,0.10000000000000001
2614,0,1.0013076546946755,0.16997507114684324,0.18507945800776146,0.00013803083612726135,1001.1530796928488,576.53984642439582,0.10000000000000001
2615,0,1.0113148666287621,0.16996459045430307,0.18524951847077264,0.00011085044913696891,1001.1496569953148,574.82849765739275,0.10000000000000001
2616,0,1.0213210878794887,0.16997561632058986,0.185438164794437,-9.1721053249518169e-05,1001.1469866653268,573.49333266341773,0.10000000000000001
2617,0,1.0313302576157724,0.16996671060508076,0.18562089065798729,0.00013062024344722288,1001.140789511756,570.3947558779987,0.10000000000000001
2618,0,1.0413385187675774,0.16997378150478801,0.18576820914751477,-0.00013349793241692657,1001.1421050438613,571.05252193065326,0.10000000000000001
2619,0,1.0513490668700951,0.16997152764163134,0.18580371566802001,0.00035954331576018914,1001.1421541341444,571.07706707222405,0.10000000000000001
2620,0,1.0613596193215009,0.1699693812049555,0.1857299269053457,0.00013305251232664247,1001.1570350062486,578.51750312431705,0.10000000000000001
2621,0,1.0713707089898377,0.16997930562225444,0.18542559377049508,0.00081168877830850757,1001.1754895136776,587.74475683878791,0.10000000000000001
2622,0,1.0813840227011826,0.16996379209628504,0.18494026464000837,0.00076106412687637355,1001.2139935020085,606.9967510042602,0.10000000000000001
2623,0,1.0913953506170315,0.16998911207410666,0.18413061319885335,0.0014299870838049352,1001.2626730707168,631.3365353584004,0.10000000000000001
2624,0,1.1014118072632966,0.16995946009599591,0.18309836790710898,0.0016874810660683554,1001.3317157706426,665.85788532131573,0.10000000000000001
2625,0,1.111423137613649,0.16999793630418905,0.18172601794718518,0.0020807391547707907,1001.4176159639591,708.80798197953254,0.10000000000000001
2626,0,1.1214416117780555,0.16995915442333667,0.18013334750170049,0.0027148903953707173,1001.5170065010866,758.50325054329915,0.10000000000000001
2627,0,1.1314526565970522,0.17000222258932779,0.17829753427825337,0.0025805323426629756,1001.637614564413,818.80728220647825,0.10000000000000001
2628,0,1.1414715104655897,0.16996614442082772,0.17631588345478727,0.0035373426907987443,1001.7583763817665,879.18819088326927,0.10000000000000001
2629,0,1.1514834330602517,0.16999972404269784,0.17428088273526218,0.0027525482533843977,1001.899594667568,949.79733378397668,0.10000000000000001
2630,0,1.1615018826217069,0.1699820444088119,0.17222899929430008,0.0038528078684017296,1002.0236338660554,1011.8169330277169,0.10000000000000001
2631,0,1.1715164443860679,0.16998949079411174,0.17038310666072709,0.0024704617230535564,1002.1631326974075,1081.5663487037455,0.10000000000000001
2632,0,1.1815338367737769,0.17000488648655457,0.16866194716758356,0.0034759652311165019,1002.2687932960765,1134.3966480382619,0.10000000000000001
2633,0,1.1915517219927532,0.1699731168158376,0.16734431292312615,0.0017751459549272489,1002.3801820780069,1190.0910390034483,0.10000000000000001
2634,0,1.2015679070302119,0.1700297204716554,0.16629385388592799,0.0024211191724072597,1002.450542534051,1225.271267025505,0.10000000000000001
2635,0,1.2115888687243417,0.16995533804342816,0.16573361164115466,0.00086235948023383636,1002.5160328375981,1258.016418799059,0.10000000000000001
2636,0,1.2216047636180645,0.17005031075622348,0.1654252481314816,0.0010101601117851685,1002.5434918838432,1271.7459419216084,0.10000000000000001
2637,0,1.2316290208471086,0.16994270612534007,0.16557555395650533,6.7792457542371833e-05,1002.5600320683105,1280.0160341552669,0.10000000000000001
2638,0,1.241646190755114,0.17006088444913414,0.16587165668690035,-0.00033605419183656873,1002.5573365545532,1278.6682772766085,0.10000000000000001
2639,0,1.2516745367188509,0.16994067588873776,0.16636629771972553,-0.00016819201748318854,1002.5382489140841,1269.1244570420395,0.10000000000000001
2640,0,1.2616925602293769,0.17005743803254678,0.1667856664850309,-0.0011300156974297943,1002.5301298975196,1265.0649487598002,0.10000000000000001
2641,0,1.2717257805874225,0.16995142164871474,0.16713348721947741,0.00035747326290360028,1002.5088499913994,1254.4249956997078,0.10000000000000001
2642,0,1.2817409157028692,0.17004036348496007,0.16711123097760924,-0.0010111130679781508,1002.5301398583789,1265.0699291894512,0.10000000000000001
2643,0,1.2917801376887041,0.16997435319092893,0.16662793411687049,0.0017359334992568315,1002.5395577414528,1269.778870726384,0.10000000000000001
2644,0,1.3017882628820583,0.17001377834934361,0.16566479556008454,2.6342515646623002e-05,1002.6242450725775,1312.1225362887685,0.10000000000000001
2645,0,1.311833204738464,0.17000634627900726,0.1639854185718094,0.0036499126271694231,1002.6980314926933,1349.0157463466517,0.10000000000000001
2646,0,1.3218325373438724,0.1699833304926289,0.16175961661019389,0.0018152169985360637,1002.8606610984818,1430.3305492409208,0.10000000000000001
2647,0,1.3318784056136079,0.17004275646342606,0.15877165524186515,0.0055503382238093852,1003.0087715075624,1504.3857537812073,0.10000000000000001
2648,0,1.3418730934322507,0.16995415230135838,0.15548061889502485,0.0037487801191559427,1003.2427307517621,1621.3653758810551,0.10000000000000001
2649,0,1.351908981077566,0.17007909017780531,0.15172925598247577,0.0066650191453840255,1003.4525442064295,1726.2721032147397,0.10000000000000001
2650,0,1.3619093019401474,0.16992949990193024,0.14798183345735827,0.0051164819127734514,1003.7120670760233,1856.0335380116726,0.10000000000000001
2651,0,1.3719216210911467,0.1701117704157373,0.14439808362590878,0.0062989151594354852,1003.9335984613958,1966.7992306979158,0.10000000000000001
2652,0,1.381941435032245,0.16991041211177874,0.14143987637280597,0.0049428591946317144,1004.1524961520621,2076.2480760310495,0.10000000000000001
2653,0,1.391919284211276,0.17013669302387821,0.13936487520439575,0.0040365557914846372,1004.3161081182392,2158.0540591195927,0.10000000000000001
2654,0,1.4019668101505576,0.16989682704426787,0.13841240076215677,0.0028111974514860348,1004.4067653698108,2203.3826849054208,0.10000000000000001
2655,0,1.4119100025482343,0.17014841901712038,0.13891813729578459,7.0424762100575614e-05,1004.436348299684,2218.1741498420138,0.10000000000000001
2656,0,1.4219804069289865,0.1698894042557276,0.14108473000889907,-0.0013247609248447326,1004.3463424875201,2173.1712437600663,0.10000000000000001
2657,0,1.4319042599218255,0.17014413548795848,0.14456795080361073,-0.0044073603001668236,1004.1933239925304,2096.6619962651976,0.10000000000000001
2658,0,1.4419816702214889,0.16989019274665493,0.14978389330304098,-0.0062358846025203979,1003.9160639372975,1958.0319686487542,0.10000000000000001
2659,0,1.4519145235956419,0.170124018504557,0.15554347167780236,-0.0078143950201039637,1003.5906745902799,1795.3372951399729,0.10000000000000001
2660,0,1.4619791553444552,0.16989836250370549,0.16275295068017398,-0.010336535606414491,1003.2112553600366,1605.6276800183014,0.10000000000000001
2661,0,1.4719487102177649,0.17009741660273597,0.16899494908912777,-0.0081872862672950752,1002.7946568991841,1397.3284495920666,0.10000000000000001
2662,0,1.4819858824162313,0.16990241028856293,0.17568945495067406,-0.011448156461977081,1002.442483563082,1221.2417815409822,0.10000000000000001
2663,0,1.4919982749039837,0.17008129555865245,0.17999083552989806,-0.0048644874300881446,1002.083885409276,1041.9427046380179,0.10000000000000001
2664,0,1.5020078641675429,0.16988589482935759,0.18377781765034312,-0.0086037907169843504,1001.9238297100824,961.91485504118646,0.10000000000000001
2665,0,1.5120355006735957,0.17009762539164958,0.18385548016921957,0.001776575628187079,1001.7778720458608,888.93602293040885,0.10000000000000001
2666,0,1.5220388456062244,0.16983606661579995,0.18276970915373306,-0.0018128942450666172,1001.9020528668171,951.02643340857185,0.10000000000000001
2667,0,1.5320353733658416,0.17016735415527801,0.17776322258641833,0.0093004711567243742,1002.0560848668529,1028.0424334264353,0.10000000000000001
2668,0,1.5420744671362652,0.16974557238779228,0.17233139478774459,0.0058680946888985805,1002.4846689571888,1242.3344785943868,0.10000000000000001
2669,0,1.5519926530276142,0.17030353605240953,0.16355913195392585,0.015057055771023399,1002.8847532447229,1442.3766223614507,0.10000000000000001
2670,0,1.5621189791363195,0.16961410058867843,0.15551833116618788,0.011246115988220683,1003.4737733149325,1736.8866574662434,0.10000000000000001
2671,0,1.5719226137187547,0.1704890901154788,0.14657299084192507,0.015657195874190736,1003.9711193268382,1985.5596634191102,0.10000000000000001
2672,0,1.5821671219765476,0.16945610448611378,0.13895802586007866,0.011529367331592178,1004.5014706775164,2250.7353387582043,0.10000000000000001
2673,0,1.5918355293577078,0.17068099129490844,0.13316370619304546,0.010778458641764087,1004.9064052066892,2453.2026033446073,0.10000000000000001
2674,0,1.60219088116842,0.16929554858120352,0.1282984693339965,0.0067687240063005376,1005.1872550664692,2593.6275332346099,0.10000000000000001
2675,0,1.6117323799633698,0.17084318785858388,0.12693663778712405,0.0027342480607160926,1005.4077959627226,2703.8979813613082,0.10000000000000001
2676,0,1.6221660015405686,0.16915980945240777,0.12505319448407423,0.00064694281097344244,1005.4108506863029,2705.4253431514326,0.10000000000000001
2677,0,1.631618870351081,0.17095699916914525,0.12603234824934867,-0.0030346859368295155,1005.4647700802934,2732.3850401467098,0.10000000000000001
2678,0,1.6421161957304817,0.1690804810387676,0.12543126796928478,-0.0025498263711813377,1005.3639179641609,2681.9589820804595,0.10000000000000001
2679,0,1.6515201685977481,0.17099897649146156,0.12662646915176567,-0.0051738399257425611,1005.4212846428527,2710.6423214263486,0.10000000000000001
2680,0,1.662075285624224,0.16908822758197178,0.12344142640144067,0.0011823645498394366,1005.3578269989466,2678.9134994733104,0.10000000000000001
2681,0,1.6714578324061895,0.17095136552523721,0.1241802198595485,-0.0046066843503276833,1005.6004426726988,2800.2213363494093,0.10000000000000001
2682,0,1.6820313069674888,0.16915973400386133,0.11773503636180954,0.0095780687068978219,1005.6454641285927,2822.7320642963605,0.10000000000000001
2683,0,1.691393539507519,0.17084379498181421,0.1168721670106363,-0.0060224728409612634,1006.0488983488054,3024.4491744027187,0.10000000000000001
2684,0,1.7019613941480751,0.16925873068561118,0.10987210830060219,0.015756612116543122,1006.1561639184923,3078.0819592461626,0.10000000000000001
2685,0,1.7112442424250101,0.1707172735071793,0.11036495866871765,-0.0083879140159355929,1006.6741581524543,3337.0790762271554,0.10000000000000001
2686,0,1.7218719850042803,0.16918403807388016,0.099902279193464297,0.013419800668105887,1006.4791653184417,3239.5826592208437,0.10000000000000001
2687,0,1.730977462963375,0.17092065916030325,0.10285385510533863,-0.0085539076518138281,1006.9761971065915,3488.0985532957425,0.10000000000000001
2688,0,1.7417959105676197,0.16821397302448585,0.089185653594946096,-0.0026706479870736021,1006.7972679681011,3398.633984050548,0.10000000000000001
2689,0,1.7506865333091297,0.17169589116085823,0.10347574128213015,-0.0073465262723921929,1007.2180989357506,3609.0494678753089,0.10000000000000001
2690,0,1.7619011409783147,0.16623959015518897,0.079779754799349401,-0.0012646415461328353,1007.002225409621,3501.1127048105095,0.10000000000000001
2691,0,1.7706898883391846,0.17100192032710534,0.092552153247972085,-0.0074765141923423669,1007.6965083986582,3848.2541993291193,0.10000000000000001
2692,0,1.7826165159254086,0.16514159531583533,0.081035423242958302,0.03741424509415079,1007.9014348017585,3950.7174008792276,0.10000000000000001
2693,0,1.7908376684504721,0.16670055893821553,0.083733370920506769,-0.029159439647475447,1008.9016136528206,4450.8068264103149,0.10000000000000001
2694,0,1.8029148146343281,0.16509903035103721,0.052772577678437876,0.054222312514937011,1007.9241755037455,3962.0877518727298,0.10000000000000001
2695,0,1.8110408351584639,0.16500785898786111,0.050875133567787251,-0.017519190334927333,1009.7090652330909,4854.5326165454408,0.10000000000000001
2696,0,1.8229683774937737,0.16562577717461174,0.047721084141622662,0.019635876513211078,1010.2676845562178,5133.8422781088866,0.10000000000000001
2697,0,1.8305297890845076,0.16479893776034246,0.035401651649209519,0.016943480181591378,1010.2009747864181,5100.4873932090504,0.10000000000000001
2698,0,1.8428229455917415,0.16560508409144267,0.017390180861765726,-0.014508060971954478,1010.5880509166453,5294.0254583226651,0.10000000000000001
2699,0,1.850164899511421,0.16483777608347605,0.011702369927943466,0.017538684550116899,1010.2351871684883,5117.5935842441613,0.10000000000000001
2700,0,1.862651165263272,0.16540188215449544,-0.011323724229785323,-0.026717851959849694,1010.8729766124492,5436.4883062245899,0.10000000000000001
2701,0,1.8698217581157139,0.16491373002063339,0.017002568461015867,-0.02325818700436328,1012.1175914443269,6058.7957221634388,0.10000000000000001
2702,0,1.8822645563754494,0.1653969333630502,-0.039230907968704889,0.030760371864931125,1009.9181089482669,4959.0544741334379,0.10000000000000001
2703,0,1.8893016247885426,0.16411975052732944,-0.026916261545811747,-0.068224001216366625,1011.5338942758577,5766.9471379288661,0.10000000000000001
2704,0,1.9018035216921965,0.16519994711939229,0.040497891207291158,-0.076045624690200667,1013.6440205417314,6822.0102708656896,0.10000000000000001
2705,0,1.9082718323165182,0.16344643564128847,-0.044825813857735264,0.050983484645098567,1008.9848446527919,4492.4223263959675,0.10000000000000001
2706,0,1.9199370752640765,0.16538415987117983,-0.093360243295149983,-0.066356770087219352,1009.2609155297913,4630.4577648956529,0.10000000000000001
2707,0,1.926392838123189,0.16359292926535149,0.0057273694775513964,0.023426623844495717,1010.6336850785667,5316.8425392833569,0.10000000000000001
2708,0,1.9369645557619302,0.16568612773977706,-0.052752088377174003,0.037741643466775637,1007.9109791003657,3955.4895501828469,0.10000000000000001
2709,0,1.9438717740788096,0.1672404082103425,0.025280012261898296,-0.037715339903362947,1009.893741003712,4946.8705018559831,0.10000000000000001
2710,0,1.9726860615157495,0.17165170438747218,0.027997296927486148,0.36566959056341769,1009.0301730217985,4515.0865108992657,0.10000000000000001
2711,0,1.9729877649271419,0.17172023102652481,0.06965256684190059,0.087093383439175942,1007.2156687125857,3607.8343562928694,0.10000000000000001
2712,0,1.9999967999999999,0.18625651291360057,0,0.11833714472166887,1002.1983649269908,1099.1824634954241,0.10000000000000001
2713,0,1.917821319848404,0.19686017446674428,0.027057705377772679,-0.006402466195281474,999.72048076921612,-139.75961539193804,0.10000000000000001
2714,0,1.9976059501215924,0.1978429934663585,-0.36686828709225805,0.34149902365210999,989.34232216454359,-5328.8389177282061,0.10000000000000001
2715,1,0,0,0,0,1000,0,0.10000000000000001
2716,1,0,0.20000000000000001,0,0,1000,0,0.10000000000000001
2717,1,0.01,0,0,0,1000,0,0.10000000000000001
2718,1,0.01,0.01,0,0,1000,0,0.10000000000000001
2719,1,0.01,0.19,0,0,1000,0,0.10000000000000001
2720,1,0.01,0.20000000000000001,0,0,1000,0,0.10000000000000001
2721,1,0.02,0,0,0,1000,0,0.10000000000000001
2722,1,0.02,0.01,0,0,1000,0,0.10000000000000001
2723,1,0.02,0.02,0,0,1000,0,0.10000000000000001
2724,1,0.02,0.17999999999999999,0,0,1000,0,0.10000000000000001
2725,1,0.02,0.19,0,0,1000,0,0.10000000000000001
2726,1,0.02,0.20000000000000001,0,0,1000,0,0.10000000000000001
2727,1,0.029999999999999999,0,0,0,1000,0,0.10000000000000001
2728,1,0.029999999999999999,0.01,0,0,1000,0,0.10000000000000001
2729,1,0.029999999999999999,0.02,0,0,1000,0,0.10000000000000001
2730,1,0.029999999999999999,0.17999999999999999,0,0,1000,0,0.10000000000000001
2731,1,0.029999999999999999,0.19,0,0,1000,0,0.10000000000000001
2732,1,0.029999999999999999,0.20000000000000001,0,0,1000,0,0.10000000000000001
2733,1,0.040000000000000001,0,0,0,1000,0,0.10000000000000001
2734,1,0.040000000000000001,0.01,0,0,1000,0,0.10000000000000001
2735,1,0.040000000000000001,0.02,0,0,1000,0,0.10000000000000001
2736,1,0.040000000000000001,0.17999999999999999,0,0,1000,0,0.10000000000000001
2737,1,0.040000000000000001,0.19,0,0,1000,0,0.10000000000000001
2738,1,0.040000000000000001,0.20000000000000001,0,0,1000,0,0.10000000000000001
2739,1,0.050000000000000003,0,0,0,1000,0,0.10000000000000001
2740,1,0.050000000000000003,0.01,0,0,1000,0,0.10000000000000001
2741,1,0.050000000000000003,0.02,0,0,1000,0,0.10000000000000001
2742,1,0.050000000000000003,0.17999999999999999,0,0,1000,0,0.10000000000000001
2743,1,0.050000000000000003,0.19,0,0,1000,0,0.10000000000000001
2744,1,0.050000000000000003,0.20000000000000001,0,0,1000,0,0.10000000000000001
2745,1,0.059999999999999998,0,0,0,1000,0,0.10000000000000001
2746,1,0.059999999999999998,0.01,0,0,1000,0,0.10000000000000001
2747,1,0.059999999999999998,0.02,0,0,1000,0,0.10000000000000001
2748,1,0.059999999999999998,0.17999999999999999,0,0,1000,0,0.10000000000000001
2749,1,0.059999999999999998,0.19,0,0,1000,0,0.10000000000000001
2750,1,0.059999999999999998,0.20000000000000001,0,0,1000,0,0.10000000000000001
2751,1,0.070000000000000007,0,0,0,1000,0,0.10000000000000001
2752,1,0.070000000000000007,0.01,0,0,1000,0,0.10000000000000001
2753,1,0.070000000000000007,0.02,0,0,1000,0,0.10000000000000001
2754,1,0.070000000000000007,0.17999999999999999,0,0,1000,0,0.10000000000000001
2755,1,0.070000000000000007,0.19,0,0,1000,0,0.10000000000000001
2756,1,0.070000000000000007,0.20000000000000001,0,0,1000,0,0.10000000000000001
2757,1,0.080000000000000002,0,0,0,1000,0,0.10000000000000001
2758,1,0.080000000000000002,0.01,0,0,1000,0,0.10000000000000001
2759,1,0.080000000000000002,0.02,0,0,1000,0,0.10000000000000001
2760,1,0.080000000000000002,0.17999999999999999,0,0,1000,0,0.10000000000000001
2761,1,0.080000000000000002,0.19,0,0,1000,0,0.10000000000000001
2762,1,0.080000000000000002,0.20000000000000001,0,0,1000,0,0.10000000000000001
2763,1,0.089999999999999997,0,0,0,1000,0,0.10000000000000001
2764,1,0.089999999999999997,0.01,0,0,1000,0,0.10000000000000001
2765,1,0.089999999999999997,0.02,0,0,1000,0,0.10000000000000001
2766,1,0.089999999999999997,0.17999999999999999,0,0,1000,0,0.10000000000000001
2767,1,0.089999999999999997,0.19,0,0,1000,0,0.10000000000000001
2768,1,0.089999999999999997,0.20000000000000001,0,0,1000,0,0.10000000000000001
2769,1,0.10000000000000001,0,0,0,1000,0,0.10000000000000001
2770,1,0.10000000000000001,0.01,0,0,1000,0,0.10000000000000001
2771,1,0.10000000000000001,0.02,0,0,1000,0,0.10000000000000001
2772,1,0.10000000000000001,0.17999999999999999,0,0,1000,0,0.10000000000000001
2773,1,0.10000000000000001,0.19,0,0,1000,0,0.10000000000000001
2774,1,0.10000000000000001,0.20000000000000001,0,0,1000,0,0.10000000000000001
2775,1,0.11,0,0,0,1000,0,0.10000000000000001
2776,1,0.11,0.01,0,0,1000,0,0.10000000000000001
2777,1,0.11,0.02,0,0,1000,0,0.10000000000000001
2778,1,0.11,0.17999999999999999,0,0,1000,0,0.10000000000000001
2779,1,0.11,0.19,0,0,1000,0,0.10000000000000001
2780,1,0.11,0.20000000000000001,0,0,1000,0,0.10000000000000001
2781,1,0.12,0,0,0,1000,0,0.10000000000000001
2782,1,0.12,0.01,0,0,1000,0,0.10000000000000001
2783,1,0.12,0.02,0,0,1000,0,0.10000000000000001
2784,1,0.12,0.17999999999999999,0,0,1000,0,0.10000000000000001
2785,1,0.12,0.19,0,0,1000,0,0.10000000000000001
2786,1,0.12,0.20000000000000001,0,0,1000,0,0.10000000000000001
2787,1,0.13,0,0,0,1000,0,0.10000000000000001
2788,1,0.13,0.01,0,0,1000,0,0.10000000000000001
2789,1,0.13,0.02,0,0,1000,0,0.10000000000000001
2790,1,0.13,0.17999999999999999,0,0,1000,0,0.10000000000000001
2791,1,0.13,0.19,0,0,1000,0,0.10000000000000001
2792,1,0.13,0.20000000000000001,0,0,1000,0,0.10000000000000001
2793,1,0.14000000000000001,0,0,0,1000,0,0.10000000000000001
2794,1,0.14000000000000001,0.01,0,0,1000,0,0.10000000000000001
2795,1,0.14000000000000001,0.02,0,0,1000,0,0.10000000000000001
2796,1,0.14000000000000001,0.17999999999999999,0,0,1000,0,0.10000000000000001
2797,1,0.14000000000000001,0.19,0,0,1000,0,0.10000000000000001
2798,1,0.14000000000000001,0.20000000000000001,0,0,1000,0,0.10000000000000001
2799,1,0.14999999999999999,0,0,0,1000,0,0.10000000000000001
2800,1,0.14999999999999999,0.01,0,0,1000,0,0.10000000000000001
2801,1,0.14999999999999999,0.02,0,0,1000,0,0.10000000000000001
2802,1,0.14999999999999999,0.17999999999999999,0,0,1000,0,0.10000000000000001
2803,1,0.14999999999999999,0.19,0,0,1000,0,0.10000000000000001
2804,1,0.14999999999999999,0.20000000000000001,0,0,1000,0,0.10000000000000001
2805,1,0.16,0,0,0,1000,0,0.10000000000000001
2806,1,0.16,0.01,0,0,1000,0,0.10000000000000001
2807,1,0.16,0.02,0,0,1000,0,0.10000000000000001
2808,1,0.16,0.17999999999999999,0,0,1000,0,0.10000000000000001
2809,1,0.16,0.19,0,0,1000,0,0.10000000000000001
2810,1,0.16,0.20000000000000001,0,0,1000,0,0.10000000000000001
2811,1,0.17000000000000001,0,0,0,1000,0,0.10000000000000001
2812,1,0.17000000000000001,0.01,0,0,1000,0,0.10000000000000001
2813,1,0.17000000000000001,0.02,0,0,1000,0,0.10000000000000001
2814,1,0.17000000000000001,0.17999999999999999,0,0,1000,0,0.10000000000000001
2815,1,0.17000000000000001,0.19,0,0,1000,0,0.10000000000000001
2816,1,0.17000000000000001,0.20000000000000001,0,0,1000,0,0.10000000000000001
2817,1,0.17999999999999999,0,0,0,1000,0,0.10000000000000001
2818,1,0.17999999999999999,0.01,0,0,1000,0,0.10000000000000001
2819,1,0.17999999999999999,0.02,0,0,1000,0,0.10000000000000001
2820,1,0.17999999999999999,0.17999999999999999,0,0,1000,0,0.10000000000000001
2821,1,0.17999999999999999,0.19,0,0,1000,0,0.10000000000000001
2822,1,0.17999999999999999,0.20000000000000001,0,0,1000,0,0.10000000000000001
2823,1,0.19,0,0,0,1000,0,0.10000000000000001
2824,1,0.19,0.01,0,0,1000,0,0.10000000000000001
2825,1,0.19,0.02,0,0,1000,0,0.10000000000000001
2826,1,0.19,0.17999999999999999,0,0,1000,0,0.10000000000000001
2827,1,0.19,0.19,0,0,1000,0,0.10000000000000001
2828,1,0.19,0.20000000000000001,0,0,1000,0,0.10000000000000001
2829,1,0.20000000000000001,0,0,0,1000,0,0.10000000000000001
2830,1,0.20000000000000001,0.01,0,0,1000,0,0.10000000000000001
2831,1,0.20000000000000001,0.02,0,0,1000,0,0.10000000000000001
2832,1,0.20000000000000001,0.17999999999999999,0,0,1000,0,0.10000000000000001
2833,1,0.20000000000000001,0.19,0,0,1000,0,0.10000000000000001
2834,1,0.20000000000000001,0.20000000000000001,0,0,1000,0,0.10000000000000001
2835,1,0.20999999999999999,0,0,0,1000,0,0.10000000000000001
2836,1,0.20999999999999999,0.01,0,0,1000,0,0.10000000000000001
2837,1,0.20999999999999999,0.02,0,0,1000,0,0.10000000000000001
2838,1,0.20999999999999999,0.17999999999999999,0,0,1000,0,0.10000000000000001
2839,1,0.20999999999999999,0.19,0,0,1000,0,0.10000000000000001
2840,1,0.20999999999999999,0.20000000000000001,0,0,1000,0,0.10000000000000001
2841,1,0.22,0,0,0,1000,0,0.10000000000000001
2842,1,0.22,0.01,0,0,1000,0,0.10000000000000001
2843,1,0.22,0.02,0,0,1000,0,0.10000000000000001
2844,1,0.22,0.17999999999999999,0,0,1000,0,0.10000000000000001
2845,1,0.22,0.19,0,0,1000,0,0.10000000000000001
2846,1,0.22,0.20000000000000001,0,0,1000,0,0.10000000000000001
2847,1,0.23000000000000001,0,0,0,1000,0,0.10000000000000001
2848,1,0.23000000000000001,0.01,0,0,1000,0,0.10000000000000001
2849,1,0.23000000000000001,0.02,0,0,1000,0,0.10000000000000001
2850,1,0.23000000000000001,0.17999999999999999,0,0,1000,0,0.10000000000000001
2851,1,0.23000000000000001,0.19,0,0,1000,0,0.10000000000000001
2852,1,0.23000000000000001,0.20000000000000001,0,0,1000,0,0.10000000000000001
2853,1,0.23999999999999999,0,0,0,1000,0,0.10000000000000001
2854,1,0.23999999999999999,0.01,0,0,1000,0,0.10000000000000001
2855,1,0.23999999999999999,0.02,0,0,1000,0,0.10000000000000001
2856,1,0.23999999999999999,0.17999999999999999,0,0,1000,0,0.10000000000000001
2857,1,0.23999999999999999,0.19,0,0,1000,0,0.10000000000000001
2858,1,0.23999999999999999,0.20000000000000001,0,0,1000,0,0.10000000000000001
2859,1,0.25,0,0,0,1000,0,0.10000000000000001
2860,1,0.25,0.01,0,0,1000,0,0.10000000000000001
2861,1,0.25,0.02,0,0,1000,0,0.10000000000000001
2862,1,0.25,0.17999999999999999,0,0,1000,0,0.10000000000000001
2863,1,0.25,0.19,0,0,1000,0,0.10000000000000001
2864,1,0.25,0.20000000000000001,0,0,1000,0,0.10000000000000001
2865,1,0.26000000000000001,0,0,0,1000,0,0.10000000000000001
2866,1,0.26000000000000001,0.01,0,0,1000,0,0.10000000000000001
2867,1,0.26000000000000001,0.02,0,0,1000,0,0.10000000000000001
2868,1,0.26000000000000001,0.17999999999999999,0,0,1000,0,0.10000000000000001
2869,1,0.26000000000000001,0.19,0,0,1000,0,0.10000000000000001
2870,1,0.26000000000000001,0.20000000000000001,0,0,1000,0,0.10000000000000001
2871,1,0.27000000000000002,0,0,0,1000,0,0.10000000000000001
2872,1,0.27000000000000002,0.01,0,0,1000,0,0.10000000000000001
2873,1,0.27000000000000002,0.02,0,0,1000,0,0.10000000000000001
2874,1,0.27000000000000002,0.17999999999999999,0,0,1000,0,0.10000000000000001
2875,1,0.27000000000000002,0.19,0,0,1000,0,0.10000000000000001
2876,1,0.27000000000000002,0.20000000000000001,0,0,1000,0,0.10000000000000001
2877,1,0.28000000000000003,0,0,0,1000,0,0.10000000000000001
2878,1,0.28000000000000003,0.01,0,0,1000,0,0.10000000000000001
2879,1,0.28000000000000003,0.02,0,0,1000,0,0.10000000000000001
2880,1,0.28000000000000003,0.17999999999999999,0,0,1000,0,0.10000000000000001
2881,1,0.28000000000000003,0.19,0,0,1000,0,0.10000000000000001
2882,1,0.28000000000000003,0.20000000000000001,0,0,1000,0,0.10000000000000001
2883,1,0.28999999999999998,0,0,0,1000,0,0.10000000000000001
2884,1,0.28999999999999998,0.01,0,0,1000,0,0.10000000000000001
2885,1,0.28999999999999998,0.02,0,0,1000,0,0.10000000000000001
2886,1,0.28999999999999998,0.17999999999999999,0,0,1000,0,0.10000000000000001
2887,1,0.28999999999999998,0.19,0,0,1000,0,0.10000000000000001
2888,1,0.28999999999999998,0.20000000000000001,0,0,1000,0,0.10000000000000001
2889,1,0.29999999999999999,0,0,0,1000,0,0.10000000000000001
2890,1,0.29999999999999999,0.01,0,0,1000,0,0.10000000000000001
2891,1,0.29999999999999999,0.02,0,0,1000,0,0.10000000000000001
2892,1,0.29999999999999999,0.17999999999999999,0,0,1000,0,0.10000000000000001
2893,1,0.29999999999999999,0.19,0,0,1000,0,0.10000000000000001
2894,1,0.29999999999999999,0.20000000000000001,0,0,1000,0,0.10000000000000001
2895,1,0.31,0,0,0,1000,0,0.10000000000000001
2896,1,0.31,0.01,0,0,1000,0,0.10000000000000001
2897,1,0.31,0.02,0,0,1000,0,0.10000000000000001
2898,1,0.31,0.17999999999999999,0,0,1000,0,0.10000000000000001
2899,1,0.31,0.19,0,0,1000,0,0.10000000000000001
2900,1,0.31,0.20000000000000001,0,0,1000,0,0.10000000000000001
2901,1,0.32000000000000001,0,0,0,1000,0,0.10000000000000001
2902,1,0.32000000000000001,0.01,0,0,1000,0,0.10000000000000001
2903,1,0.32000000000000001,0.02,0,0,1000,0,0.10000000000000001
2904,1,0.32000000000000001,0.17999999999999999,0,0,1000,0,0.10000000000000001
2905,1,0.32000000000000001,0.19,0,0,1000,0,0.10000000000000001
2906,1,0.32000000000000001,0.20000000000000001,0,0,1000,0,0.10000000000000001
2907,1,0.33000000000000002,0,0,0,1000,0,0.10000000000000001
2908,1,0.33000000000000002,0.01,0,0,1000,0,0.10000000000000001
2909,1,0.33000000000000002,0.02,0,0,1000,0,0.10000000000000001
2910,1,0.33000000000000002,0.17999999999999999,0,0,1000,0,0.10000000000000001
2911,1,0.33000000000000002,0.19,0,0,1000,0,0.10000000000000001
2912,1,0.33000000000000002,0.20000000000000001,0,0,1000,0,0.10000000000000001
2913,1,0.34000000000000002,0,0,0,1000,0,0.10000000000000001
2914,1,0.34000000000000002,0.01,0,0,1000,0,0.10000000000000001
2915,1,0.34000000000000002,0.02,0,0,1000,0,0.10000000000000001
2916,1,0.34000000000000002,0.17999999999999999,0,0,1000,0,0.10000000000000001
2917,1,0.34000000000000002,0.19,0,0,1000,0,0.10000000000000001
2918,1,0.34000000000000002,0.20000000000000001,0,0,1000,0,0.10000000000000001
2919,1,0.35000000000000003,0,0,0,1000,0,0.10000000000000001
2920,1,0.35000000000000003,0.01,0,0,1000,0,0.10000000000000001
2921,1,0.35000000000000003,0.02,0,0,1000,0,0.10000000000000001
2922,1,0.35000000000000003,0.17999999999999999,0,0,1000,0,0.10000000000000001
2923,1,0.35000000000000003,0.19,0,0,1000,0,0.10000000000000001
2924,1,0.35000000000000003,0.20000000000000001,0,0,1000,0,0.10000000000000001
2925,1,0.35999999999999999,0,0,0,1000,0,0.10000000000000001
2926,1,0.35999999999999999,0.01,0,0,1000,0,0.10000000000000001
2927,1,0.35999999999999999,0.02,0,0,1000,0,0.10000000000000001
2928,1,0.35999999999999999,0.17999999999999999,0,0,1000,0,0.10000000000000001
2929,1,0.35999999999999999,0.19,0,0,1000,0,0.10000000000000001
2930,1,0.35999999999999999,0.20000000000000001,0,0,1000,0,0.10000000000000001
2931,1,0.37,0,0,0,1000,0,0.10000000000000001
2932,1,0.37,0.01,0,0,1000,0,0.10000000000000001
2933,1,0.37,0.02,0,0,1000,0,0.10000000000000001
2934,1,0.37,0.17999999999999999,0,0,1000,0,0.10000000000000001
2935,1,0.37,0.19,0,0,1000,0,0.10000000000000001
2936,1,0.37,0.20000000000000001,0,0,1000,0,0.10000000000000001
2937,1,0.38,0,0,0,1000,0,0.10000000000000001
2938,1,0.38,0.01,0,0,1000,0,0.10000000000000001
2939,1,0.38,0.02,0,0,1000,0,0.10000000000000001
2940,1,0.38,0.17999999999999999,0,0,1000,0,0.10000000000000001
2941,1,0.38,0.19,0,0,1000,0,0.10000000000000001
2942,1,0.38,0.20000000000000001,0,0,1000,0,0.10000000000000001
2943,1,0.39000000000000001,0,0,0,1000,0,0.10000000000000001
2944,1,0.39000000000000001,0.01,0,0,1000,0,0.10000000000000001
2945,1,0.39000000000000001,0.02,0,0,1000,0,0.10000000000000001
2946,1,0.39000000000000001,0.17999999999999999,0,0,1000,0,0.10000000000000001
2947,1,0.39000000000000001,0.19,0,0,1000,0,0.10000000000000001
2948,1,0.39000000000000001,0.20000000000000001,0,0,1000,0,0.10000000000000001
2949,1,0.40000000000000002,0,0,0,1000,0,0.10000000000000001
2950,1,0.40000000000000002,0.01,0,0,1000,0,0.10000000000000001
2951,1,0.40000000000000002,0.02,0,0,1000,0,0.10000000000000001
2952,1,0.40000000000000002,0.17999999999999999,0,0,1000,0,0.10000000000000001
2953,1,0.40000000000000002,0.19,0,0,1000,0,0.10000000000000001
2954,1,0.40000000000000002,0.20000000000000001,0,0,1000,0,0.10000000000000001
2955,1,0.41000000000000003,0,0,0,1000,0,0.10000000000000001
2956,1,0.41000000000000003,0.01,0,0,1000,0,0.10000000000000001
2957,1,0.41000000000000003,0.02,0,0,1000,0,0.10000000000000001
2958,1,0.41000000000000003,0.17999999999999999,0,0,1000,0,0.10000000000000001
2959,1,0.41000000000000003,0.19,0,0,1000,0,0.10000000000000001
2960,1,0.41000000000000003,0.20000000000000001,0,0,1000,0,0.10000000000000001
2961,1,0.41999999999999998,0,0,0,1000,0,0.10000000000000001
2962,1,0.41999999999999998,0.01,0,0,1000,0,0.10000000000000001
2963,1,0.41999999999999998,0.02,0,0,1000,0,0.10000000000000001
2964,1,0.41999999999999998,0.17999999999999999,0,0,1000,0,0.10000000000000001
2965,1,0.41999999999999998,0.19,0,0,1000,0,0.10000000000000001
2966,1,0.41999999999999998,0.20000000000000001,0,0,1000,0,0.10000000000000001
2967,1,0.42999999999999999,0,0,0,1000,0,0.10000000000000001
2968,1,0.42999999999999999,0.01,0,0,1000,0,0.10000000000000001
2969,1,0.42999999999999999,0.02,0,0,1000,0,0.10000000000000001
2970,1,0.42999999999999999,0.17999999999999999,0,0,1000,0,0.10000000000000001
2971,1,0.42999999999999999,0.19,0,0,1000,0,0.10000000000000001
2972,1,0.42999999999999999,0.20000000000000001,0,0,1000,0,0.10000000000000001
2973,1,0.44,0,0,0,1000,0,0.10000000000000001
2974,1,0.44,0.01,0,0,1000,0,0.10000000000000001
2975,1,0.44,0.02,0,0,1000,0,0.10000000000000001
2976,1,0.44,0.17999999999999999,0,0,1000,0,0.10000000000000001
2977,1,0.44,0.19,0,0,1000,0,0.10000000000000001
2978,1,0.44,0.20000000000000001,0,0,1000,0,0.10000000000000001
2979,1,0.45000000000000001,0,0,0,1000,0,0.10000000000000001
2980,1,0.45000000000000001,0.01,0,0,1000,0,0.10000000000000001
2981,1,0.45000000000000001,0.02,0,0,1000,0,0.10000000000000001
2982,1,0.45000000000000001,0.17999999999999999,0,0,1000,0,0.10000000000000001
2983,1,0.45000000000000001,0.19,0,0,1000,0,0.10000000000000001
2984,1,0.45000000000000001,0.20000000000000001,0,0,1000,0,0.10000000000000001
2985,1,0.46000000000000002,0,0,0,1000,0,0.10000000000000001
2986,1,0.46000000000000002,0.01,0,0,1000,0,0.10000000000000001
2987,1,0.46000000000000002,0.02,0,0,1000,0,0.10000000000000001
2988,1,0.46000000000000002,0.17999999999999999,0,0,1000,0,0.10000000000000001
2989,1,0.46000000000000002,0.19,0,0,1000,0,0.10000000000000001
2990,1,0.46000000000000002,0.20000000000000001,0,0,1000,0,0.10000000000000001
2991,1,0.47000000000000003,0,0,0,1000,0,0.10000000000000001
2992,1,0.47000000000000003,0.01,0,0,1000,0,0.10000000000000001
2993,1,0.47000000000000003,0.02,0,0,1000,0,0.10000000000000001
2994,1,0.47000000000000003,0.17999999999999999,0,0,1000,0,0.10000000000000001
2995,1,0.47000000000000003,0.19,0,0,1000,0,0.10000000000000001
2996,1,0.47000000000000003,0.20000000000000001,0,0,1000,0,0.10000000000000001
2997,1,0.47999999999999998,0,0,0,1000,0,0.10000000000000001
2998,1,0.47999999999999998,0.01,0,0,1000,0,0.10000000000000001
2999,1,0.47999999999999998,0.02,0,0,1000,0,0.10000000000000001
3000,1,0.47999999999999998,0.17999999999999999,0,0,1000,0,0.10000000000000001
3001,1,0.47999999999999998,0.19,0,0,1000,0,0.10000000000000001
3002,1,0.47999999999999998,0.20000000000000001,0,0,1000,0,0.10000000000000001
3003,1,0.48999999999999999,0,0,0,1000,0,0.10000000000000001
3004,1,0.48999999999999999,0.01,0,0,1000,0,0.10000000000000001
3005,1,0.48999999999999999,0.02,0,0,1000,0,0.10000000000000001
3006,1,0.48999999999999999,0.17999999999999999,0,0,1000,0,0.10000000000000001
3007,1,0.48999999999999999,0.19,0,0,1000,0,0.10000000000000001
3008,1,0.48999999999999999,0.20000000000000001,0,0,1000,0,0.10000000000000001
3009,1,0.5,0,0,0,1000,0,0.10000000000000001
3010,1,0.5,0.01,0,0,1000,0,0.10000000000000001
3011,1,0.5,0.02,0,0,1000,0,0.10000000000000001
3012,1,0.5,0.17999999999999999,0,0,1000,0,0.10000000000000001
3013,1,0.5,0.19,0,0,1000,0,0.10000000000000001
3014,1,0.5,0.20000000000000001,0,0,1000,0,0.10000000000000001
3015,1,0.51000000000000001,0,0,0,1000,0,0.10000000000000001
3016,1,0.51000000000000001,0.01,0,0,1000,0,0.10000000000000001
3017,1,0.51000000000000001,0.02,0,0,1000,0,0.10000000000000001
3018,1,0.51000000000000001,0.17999999999999999,0,0,1000,0,0.10000000000000001
3019,1,0.51000000000000001,0.19,0,0,1000,0,0.10000000000000001
3020,1,0.51000000000000001,0.20000000000000001,0,0,1000,0,0.10000000000000001
3021,1,0.52000000000000002,0,0,0,1000,0,0.10000000000000001
3022,1,0.52000000000000002,0.01,0,0,1000,0,0.10000000000000001
3023,1,0.52000000000000002,0.02,0,0,1000,0,0.10000000000000001
3024,1,0.52000000000000002,0.17999999999999999,0,0,1000,0,0.10000000000000001
3025,1,0.52000000000000002,0.19,0,0,1000,0,0.10000000000000001
3026,1,0.52000000000000002,0.20000000000000001,0,0,1000,0,0.10000000000000001
3027,1,0.53000000000000003,0,0,0,1000,0,0.10000000000000001
3028,1,0.53000000000000003,0.01,0,0,1000,0,0.10000000000000001
3029,1,0.53000000000000003,0.02,0,0,1000,0,0.10000000000000001
3030,1,0.53000000000000003,0.17999999999999999,0,0,1000,0,0.10000000000000001
3031,1,0.53000000000000003,0.19,0,0,1000,0,0.10000000000000001
3032,1,0.53000000000000003,0.20000000000000001,0,0,1000,0,0.10000000000000001
3033,1,0.54000000000000004,0,0,0,1000,0,0.10000000000000001
3034,1,0.54000000000000004,0.01,0,0,1000,0,0.10000000000000001
3035,1,0.54000000000000004,0.02,0,0,1000,0,0.10000000000000001
3036,1,0.54000000000000004,0.17999999999999999,0,0,1000,0,0.10000000000000001
3037,1,0.54000000000000004,0.19,0,0,1000,0,0.10000000000000001
3038,1,0.54000000000000004,0.20000000000000001,0,0,1000,0,0.10000000000000001
3039,1,0.55000000000000004,0,0,0,1000,0,0.10000000000000001
3040,1,0.55000000000000004,0.01,0,0,1000,0,0.10000000000000001
3041,1,0.55000000000000004,0.02,0,0,1000,0,0.10000000000000001
3042,1,0.55000000000000004,0.17999999999999999,0,0,1000,0,0.10000000000000001
3043,1,0.55000000000000004,0.19,0,0,1000,0,0.10000000000000001
3044,1,0.55000000000000004,0.20000000000000001,0,0,1000,0,0.10000000000000001
3045,1,0.56000000000000005,0,0,0,1000,0,0.10000000000000001
3046,1,0.56000000000000005,0.01,0,0,1000,0,0.10000000000000001
3047,1,0.56000000000000005,0.02,0,0,1000,0,0.10000000000000001
3048,1,0.56000000000000005,0.17999999999999999,0,0,1000,0,0.10000000000000001
3049,1,0.56000000000000005,0.19,0,0,1000,0,0.10000000000000001
3050,1,0.56000000000000005,0.20000000000000001,0,0,1000,0,0.10000000000000001
3051,1,0.57000000000000006,0,0,0,1000,0,0.10000000000000001
3052,1,0.57000000000000006,0.01,0,0,1000,0,0.10000000000000001
3053,1,0.57000000000000006,0.02,0,0,1000,0,0.10000000000000001
3054,1,0.57000000000000006,0.17999999999999999,0,0,1000,0,0.10000000000000001
3055,1,0.57000000000000006,0.19,0,0,1000,0,0.10000000000000001
3056,1,0.57000000000000006,0.20000000000000001,0,0,1000,0,0.10000000000000001
3057,1,0.57999999999999996,0,0,0,1000,0,0.10000000000000001
3058,1,0.57999999999999996,0.01,0,0,1000,0,0.10000000000000001
3059,1,0.57999999999999996,0.02,0,0,1000,0,0.10000000000000001
3060,1,0.57999999999999996,0.17999999999999999,0,0,1000,0,0.10000000000000001
3061,1,0.57999999999999996,0.19,0,0,1000,0,0.10000000000000001
3062,1,0.57999999999999996,0.20000000000000001,0,0,1000,0,0.10000000000000001
3063,1,0.58999999999999997,0,0,0,1000,0,0.10000000000000001
3064,1,0.58999999999999997,0.01,0,0,1000,0,0.10000000000000001
3065,1,0.58999999999999997,0.02,0,0,1000,0,0.10000000000000001
3066,1,0.58999999999999997,0.17999999999999999,0,0,1000,0,0.10000000000000001
3067,1,0.58999999999999997,0.19,0,0,1000,0,0.10000000000000001
3068,1,0.58999999999999997,0.20000000000000001,0,0,1000,0,0.10000000000000001
3069,1,0.59999999999999998,0,0,0,1000,0,0.10000000000000001
3070,1,0.59999999999999998,0.01,0,0,1000,0,0.10000000000000001
3071,1,0.59999999999999998,0.02,0,0,1000,0,0.10000000000000001
3072,1,0.59999999999999998,0.17999999999999999,0,0,1000,0,0.10000000000000001
3073,1,0.59999999999999998,0.19,0,0,1000,0,0.10000000000000001
3074,1,0.59999999999999998,0.20000000000000001,0,0,1000,0,0.10000000000000001
3075,1,0.60999999999999999,0,0,0,1000,0,0.10000000000000001
3076,1,0.60999999999999999,0.01,0,0,1000,0,0.10000000000000001
3077,1,0.60999999999999999,0.02,0,0,1000,0,0.10000000000000001
3078,1,0.60999999999999999,0.17999999999999999,0,0,1000,0,0.10000000000000001
3079,1,0.60999999999999999,0.19,0,0,1000,0,0.10000000000000001
3080,1,0.60999999999999999,0.20000000000000001,0,0,1000,0,0.10000000000000001
3081,1,0.62,0,0,0,1000,0,0.10000000000000001
3082,1,0.62,0.01,0,0,1000,0,0.10000000000000001
3083,1,0.62,0.02,0,0,1000,0,0.10000000000000001
3084,1,0.62,0.17999999999999999,0,0,1000,0,0.10000000000000001
3085,1,0.62,0.19,0,0,1000,0,0.10000000000000001
3086,1,0.62,0.20000000000000001,0,0,1000,0,0.10000000000000001
3087,1,0.63,0,0,0,1000,0,0.10000000000000001
3088,1,0.63,0.01,0,0,1000,0,0.10000000000000001
3089,1,0.63,0.02,0,0,1000,0,0.10000000000000001
3090,1,0.63,0.17999999999999999,0,0,1000,0,0.10000000000000001
3091,1,0.63,0.19,0,0,1000,0,0.10000000000000001
3092,1,0.63,0.20000000000000001,0,0,1000,0,0.10000000000000001
3093,1,0.64000000000000001,0,0,0,1000,0,0.10000000000000001
3094,1,0.64000000000000001,0.01,0,0,1000,0,0.10000000000000001
3095,1,0.64000000000000001,0.02,0,0,1000,0,0.10000000000000001
3096,1,0.64000000000000001,0.17999999999999999,0,0,1000,0,0.10000000000000001
3097,1,0.64000000000000001,0.19,0,0,1000,0,0.10000000000000001
3098,1,0.64000000000000001,0.20000000000000001,0,0,1000,0,0.10000000000000001
3099,1,0.65000000000000002,0,0,0,1000,0,0.10000000000000001
3100,1,0.65000000000000002,0.01,0,0,1000,0,0.10000000000000001
3101,1,0.65000000000000002,0.02,0,0,1000,0,0.10000000000000001
3102,1,0.65000000000000002,0.17999999999999999,0,0,1000,0,0.10000000000000001
3103,1,0.65000000000000002,0.19,0,0,1000,0,0.10000000000000001
3104,1,0.65000000000000002,0.20000000000000001,0,0,1000,0,0.10000000000000001
3105,1,0.66000000000000003,0,0,0,1000,0,0.10000000000000001
3106,1,0.66000000000000003,0.01,0,0,1000,0,0.10000000000000001
3107,1,0.66000000000000003,0.02,0,0,1000,0,0.10000000000000001
3108,1,0.66000000000000003,0.17999999999999999,0,0,1000,0,0.10000000000000001
3109,1,0.66000000000000003,0.19,0,0,1000,0,0.10000000000000001
3110,1,0.66000000000000003,0.20000000000000001,0,0,1000,0,0.10000000000000001
3111,1,0.67000000000000004,0,0,0,1000,0,0.10000000000000001
3112,1,0.67000000000000004,0.01,0,0,1000,0,0.10000000000000001
3113,1,0.67000000000000004,0.02,0,0,1000,0,0.10000000000000001
3114,1,0.67000000000000004,0.17999999999999999,0,0,1000,0,0.10000000000000001
3115,1,0.67000000000000004,0.19,0,0,1000,0,0.10000000000000001
3116,1,0.67000000000000004,0.20000000000000001,0,0,1000,0,0.10000000000000001
3117,1,0.68000000000000005,0,0,0,1000,0,0.10000000000000001
3118,1,0.68000000000000005,0.01,0,0,1000,0,0.10000000000000001
3119,1,0.68000000000000005,0.02,0,0,1000,0,0.10000000000000001
3120,1,0.68000000000000005,0.17999999999999999,0,0,1000,0,0.10000000000000001
3121,1,0.68000000000000005,0.19,0,0,1000,0,0.10000000000000001
3122,1,0.68000000000000005,0.20000000000000001,0,0,1000,0,0.10000000000000001
3123,1,0.69000000000000006,0,0,0,1000,0,0.10000000000000001
3124,1,0.69000000000000006,0.01,0,0,1000,0,0.10000000000000001
3125,1,0.69000000000000006,0.02,0,0,1000,0,0.10000000000000001
3126,1,0.69000000000000006,0.17999999999999999,0,0,1000,0,0.10000000000000001
3127,1,0.69000000000000006,0.19,0,0,1000,0,0.10000000000000001
3128,1,0.69000000000000006,0.20000000000000001,0,0,1000,0,0.10000000000000001
3129,1,0.70000000000000007,0,0,0,1000,0,0.10000000000000001
3130,1,0.70000000000000007,0.01,0,0,1000,0,0.10000000000000001
3131,1,0.70000000000000007,0.02,0,0,1000,0,0.10000000000000001
3132,1,0.70000000000000007,0.17999999999999999,0,0,1000,0,0.10000000000000001
3133,1,0.70000000000000007,0.19,0,0,1000,0,0.10000000000000001
3134,1,0.70000000000000007,0.20000000000000001,0,0,1000,0,0.10000000000000001
3135,1,0.70999999999999996,0,0,0,1000,0,0.10000000000000001
3136,1,0.70999999999999996,0.01,0,0,1000,0,0.10000000000000001
3137,1,0.70999999999999996,0.02,0,0,1000,0,0.10000000000000001
3138,1,0.70999999999999996,0.17999999999999999,0,0,1000,0,0.10000000000000001
3139,1,0.70999999999999996,0.19,0,0,1000,0,0.10000000000000001
3140,1,0.70999999999999996,0.20000000000000001,0,0,1000,0,0.10000000000000001
3141,1,0.71999999999999997,0,0,0,1000,0,0.10000000000000001
3142,1,0.71999999999999997,0.01,0,0,1000,0,0.10000000000000001
3143,1,0.71999999999999997,0.02,0,0,1000,0,0.10000000000000001
3144,1,0.71999999999999997,0.17999999999999999,0,0,1000,0,0.10000000000000001
3145,1,0.71999999999999997,0.19,0,0,1000,0,0.10000000000000001
3146,1,0.71999999999999997,0.20000000000000001,0,0,1000,0,0.10000000000000001
3147,1,0.72999999999999998,0,0,0,1000,0,0.10000000000000001
3148,1,0.72999999999999998,0.01,0,0,1000,0,0.10000000000000001
3149,1,0.72999999999999998,0.02,0,0,1000,0,0.10000000000000001
3150,1,0.72999999999999998,0.17999999999999999,0,0,1000,0,0.10000000000000001
3151,1,0.72999999999999998,0.19,0,0,1000,0,0.10000000000000001
3152,1,0.72999999999999998,0.20000000000000001,0,0,1000,0,0.10000000000000001
3153,1,0.73999999999999999,0,0,0,1000,0,0.10000000000000001
3154,1,0.73999999999999999,0.01,0,0,1000,0,0.10000000000000001
3155,1,0.73999999999999999,0.02,0,0,1000,0,0.10000000000000001
3156,1,0.73999999999999999,0.17999999999999999,0,0,1000,0,0.10000000000000001
3157,1,0.73999999999999999,0.19,0,0,1000,0,0.10000000000000001
3158,1,0.73999999999999999,0.20000000000000001,0,0,1000,0,0.10000000000000001
3159,1,0.75,0,0,0,1000,0,0.10000000000000001
3160,1,0.75,0.01,0,0,1000,0,0.10000000000000001
3161,1,0.75,0.02,0,0,1000,0,0.10000000000000001
3162,1,0.75,0.17999999999999999,0,0,1000,0,0.10000000000000001
3163,1,0.75,0.19,0,0,1000,0,0.10000000000000001
3164,1,0.75,0.20000000000000001,0,0,1000,0,0.10000000000000001
3165,1,0.76000000000000001,0,0,0,1000,0,0.10000000000000001
3166,1,0.76000000000000001,0.01,0,0,1000,0,0.10000000000000001
3167,1,0.76000000000000001,0.02,0,0,1000,0,0.10000000000000001
3168,1,0.76000000000000001,0.17999999999999999,0,0,1000,0,0.10000000000000001
3169,1,0.76000000000000001,0.19,0,0,1000,0,0.10000000000000001
3170,1,0.76000000000000001,0.20000000000000001,0,0,1000,0,0.10000000000000001
3171,1,0.77000000000000002,0,0,0,1000,0,0.10000000000000001
3172,1,0.77000000000000002,0.01,0,0,1000,0,0.10000000000000001
3173,1,0.77000000000000002,0.02,0,0,1000,0,0.10000000000000001
3174,1,0.77000000000000002,0.17999999999999999,0,0,1000,0,0.10000000000000001
3175,1,0.77000000000000002,0.19,0,0,1000,0,0.10000000000000001
3176,1,0.77000000000000002,0.20000000000000001,0,0,1000,0,0.10000000000000001
3177,1,0.78000000000000003,0,0,0,1000,0,0.10000000000000001
3178,1,0.78000000000000003,0.01,0,0,1000,0,0.10000000000000001
3179,1,0.78000000000000003,0.02,0,0,1000,0,0.10000000000000001
3180,1,0.78000000000000003,0.17999999999999999,0,0,1000,0,0.10000000000000001
3181,1,0.78000000000000003,0.19,0,0,1000,0,0.10000000000000001
3182,1,0.78000000000000003,0.20000000000000001,0,0,1000,0,0.10000000000000001
3183,1,0.79000000000000004,0,0,0,1000,0,0.10000000000000001
3184,1,0.79000000000000004,0.01,0,0,1000,0,0.10000000000000001
3185,1,0.79000000000000004,0.02,0,0,1000,0,0.10000000000000001
3186,1,0.79000000000000004,0.17999999999999999,0,0,1000,0,0.10000000000000001
3187,1,0.79000000000000004,0.19,0,0,1000,0,0.10000000000000001
3188,1,0.79000000000000004,0.20000000000000001,0,0,1000,0,0.10000000000000001
3189,1,0.80000000000000004,0,0,0,1000,0,0.10000000000000001
3190,1,0.80000000000000004,0.01,0,0,1000,0,0.10000000000000001
3191,1,0.80000000000000004,0.02,0,0,1000,0,0.10000000000000001
3192,1,0.80000000000000004,0.17999999999999999,0,0,1000,0,0.10000000000000001
3193,1,0.80000000000000004,0.19,0,0,1000,0,0.10000000000000001
3194,1,0.80000000000000004,0.20000000000000001,0,0,1000,0,0.10000000000000001
3195,1,0.81000000000000005,0,0,0,1000,0,0.10000000000000001
3196,1,0.81000000000000005,0.01,0,0,1000,0,0.10000000000000001
3197,1,0.81000000000000005,0.02,0,0,1000,0,0.10000000000000001
3198,1,0.81000000000000005,0.17999999999999999,0,0,1000,0,0.10000000000000001
3199,1,0.81000000000000005,0.19,0,0,1000,0,0.10000000000000001
3200,1,0.81000000000000005,0.20000000000000001,0,0,1000,0,0.10000000000000001
3201,1,0.82000000000000006,0,0,0,1000,0,0.10000000000000001
3202,1,0.82000000000000006,0.01,0,0,1000,0,0.10000000000000001
3203,1,0.82000000000000006,0.02,0,0,1000,0,0.10000000000000001
3204,1,0.82000000000000006,0.17999999999999999,0,0,1000,0,0.10000000000000001
3205,1,0.82000000000000006,0.19,0,0,1000,0,0.10000000000000001
3206,1,0.82000000000000006,0.20000000000000001,0,0,1000,0,0.10000000000000001
3207,1,0.83000000000000007,0,0,0,1000,0,0.10000000000000001
3208,1,0.83000000000000007,0.01,0,0,1000,0,0.10000000000000001
3209,1,0.83000000000000007,0.02,0,0,1000,0,0.10000000000000001
3210,1,0.83000000000000007,0.17999999999999999,0,0,1000,0,0.10000000000000001
3211,1,0.83000000000000007,0.19,0,0,1000,0,0.10000000000000001
3212,1,0.83000000000000007,0.20000000000000001,0,0,1000,0,0.10000000000000001
3213,1,0.83999999999999997,0,0,0,1000,0,0.10000000000000001
3214,1,0.83999999999999997,0.01,0,0,1000,0,0.10000000000000001
3215,1,0.83999999999999997,0.02,0,0,1000,0,0.10000000000000001
3216,1,0.83999999999999997,0.17999999999999999,0,0,1000,0,0.10000000000000001
3217,1,0.83999999999999997,0.19,0,0,1000,0,0.10000000000000001
3218,1,0.83999999999999997,0.20000000000000001,0,0,1000,0,0.10000000000000001
3219,1,0.84999999999999998,0,0,0,1000,0,0.10000000000000001
3220,1,0.84999999999999998,0.01,0,0,1000,0,0.10000000000000001
3221,1,0.84999999999999998,0.02,0,0,1000,0,0.10000000000000001
3222,1,0.84999999999999998,0.17999999999999999,0,0,1000,0,0.10000000000000001
3223,1,0.84999999999999998,0.19,0,0,1000,0,0.10000000000000001
3224,1,0.84999999999999998,0.20000000000000001,0,0,1000,0,0.10000000000000001
3225,1,0.85999999999999999,0,0,0,1000,0,0.10000000000000001
3226,1,0.85999999999999999,0.01,0,0,1000,0,0.10000000000000001
3227,1,0.85999999999999999,0.02,0,0,1000,0,0.10000000000000001
3228,1,0.85999999999999999,0.17999999999999999,0,0,1000,0,0.10000000000000001
3229,1,0.85999999999999999,0.19,0,0,1000,0,0.10000000000000001
3230,1,0.85999999999999999,0.20000000000000001,0,0,1000,0,0.10000000000000001
3231,1,0.87,0,0,0,1000,0,0.10000000000000001
3232,1,0.87,0.01,0,0,1000,0,0.10000000000000001
3233,1,0.87,0.02,0,0,1000,0,0.10000000000000001
3234,1,0.87,0.17999999999999999,0,0,1000,0,0.10000000000000001
3235,1,0.87,0.19,0,0,1000,0,0.10000000000000001
3236,1,0.87,0.20000000000000001,0,0,1000,0,0.10000000000000001
3237,1,0.88,0,0,0,1000,0,0.10000000000000001
3238,1,0.88,0.01,0,0,1000,0,0.10000000000000001
3239,1,0.88,0.02,0,0,1000,0,0.10000000000000001
3240,1,0.88,0.17999999999999999,0,0,1000,0,0.10000000000000001
3241,1,0.88,0.19,0,0,1000,0,0.10000000000000001
3242,1,0.88,0.20000000000000001,0,0,1000,0,0.10000000000000001
3243,1,0.89000000000000001,0,0,0,1000,0,0.10000000000000001
3244,1,0.89000000000000001,0.01,0,0,1000,0,0.10000000000000001
3245,1,0.89000000000000001,0.02,0,0,1000,0,0.10000000000000001
3246,1,0.89000000000000001,0.17999999999999999,0,0,1000,0,0.10000000000000001
3247,1,0.89000000000000001,0.19,0,0,1000,0,0.10000000000000001
3248,1,0.89000000000000001,0.20000000000000001,0,0,1000,0,0.10000000000000001
3249,1,0.90000000000000002,0,0,0,1000,0,0.10000000000000001
3250,1,0.90000000000000002,0.01,0,0,1000,0,0.10000000000000001
3251,1,0.90000000000000002,0.02,0,0,1000,0,0.10000000000000001
3252,1,0.90000000000000002,0.17999999999999999,0,0,1000,0,0.10000000000000001
3253,1,0.90000000000000002,0.19,0,0,1000,0,0.10000000000000001
3254,1,0.90000000000000002,0.20000000000000001,0,0,1000,0,0.10000000000000001
3255,1,0.91000000000000003,0,0,0,1000,0,0.10000000000000001
3256,1,0.91000000000000003,0.01,0,0,1000,0,0.10000000000000001
3257,1,0.91000000000000003,0.02,0,0,1000,0,0.10000000000000001
3258,1,0.91000000000000003,0.17999999999999999,0,0,1000,0,0.10000000000000001
3259,1,0.91000000000000003,0.19,0,0,1000,0,0.10000000000000001
3260,1,0.91000000000000003,0.20000000000000001,0,0,1000,0,0.10000000000000001
3261,1,0.92000000000000004,0,0,0,1000,0,0.10000000000000001
3262,1,0.92000000000000004,0.01,0,0,1000,0,0.10000000000000001
3263,1,0.92000000000000004,0.02,0,0,1000,0,0.10000000000000001
3264,1,0.92000000000000004,0.17999999999999999,0,0,1000,0,0.10000000000000001
3265,1,0.92000000000000004,0.19,0,0,1000,0,0.10000000000000001
3266,1,0.92000000000000004,0.20000000000000001,0,0,1000,0,0.10000000000000001
3267,1,0.93000000000000005,0,0,0,1000,0,0.10000000000000001
3268,1,0.93000000000000005,0.01,0,0,1000,0,0.10000000000000001
3269,1,0.93000000000000005,0.02,0,0,1000,0,0.10000000000000001
3270,1,0.93000000000000005,0.17999999999999999,0,0,1000,0,0.10000000000000001
3271,1,0.93000000000000005,0.19,0,0,1000,0,0.10000000000000001
3272,1,0.93000000000000005,0.20000000000000001,0,0,1000,0,0.10000000000000001
3273,1,0.94000000000000006,0,0,0,1000,0,0.10000000000000001
3274,1,0.94000000000000006,0.01,0,0,1000,0,0.10000000000000001
3275,1,0.94000000000000006,0.02,0,0,1000,0,0.10000000000000001
3276,1,0.94000000000000006,0.17999999999999999,0,0,1000,0,0.10000000000000001
3277,1,0.94000000000000006,0.19,0,0,1000,0,0.10000000000000001
3278,1,0.94000000000000006,0.20000000000000001,0,0,1000,0,0.10000000000000001
3279,1,0.95000000000000007,0,0,0,1000,0,0.10000000000000001
3280,1,0.95000000000000007,0.01,0,0,1000,0,0.10000000000000001
3281,1,0.95000000000000007,0.02,0,0,1000,0,0.10000000000000001
3282,1,0.95000000000000007,0.17999999999999999,0,0,1000,0,0.10000000000000001
3283,1,0.95000000000000007,0.19,0,0,1000,0,0.10000000000000001
3284,1,0.95000000000000007,0.20000000000000001,0,0,1000,0,0.10000000000000001
3285,1,0.95999999999999996,0,0,0,1000,0,0.10000000000000001
3286,1,0.95999999999999996,0.01,0,0,1000,0,0.10000000000000001
3287,1,0.95999999999999996,0.02,0,0,1000,0,0.10000000000000001
3288,1,0.95999999999999996,0.17999999999999999,0,0,1000,0,0.10000000000000001
3289,1,0.95999999999999996,0.19,0,0,1000,0,0.10000000000000001
3290,1,0.95999999999999996,0.20000000000000001,0,0,1000,0,0.10000000000000001
3291,1,0.96999999999999997,0,0,0,1000,0,0.10000000000000001
3292,1,0.96999999999999997,0.01,0,0,1000,0,0.10000000000000001
3293,1,0.96999999999999997,0.02,0,0,1000,0,0.10000000000000001
3294,1,0.96999999999999997,0.17999999999999999,0,0,1000,0,0.10000000000000001
3295,1,0.96999999999999997,0.19,0,0,1000,0,0.10000000000000001
3296,1,0.96999999999999997,0.20000000000000001,0,0,1000,0,0.10000000000000001
3297,1,0.97999999999999998,0,0,0,1000,0,0.10000000000000001
3298,1,0.97999999999999998,0.01,0,0,1000,0,0.10000000000000001
3299,1,0.97999999999999998,0.02,0,0,1000,0,0.10000000000000001
3300,1,0.97999999999999998,0.17999999999999999,0,0,1000,0,0.10000000000000001
3301,1,0.97999999999999998,0.19,0,0,1000,0,0.10000000000000001
3302,1,0.97999999999999998,0.20000000000000001,0,0,1000,0,0.10000000000000001
3303,1,0.98999999999999999,0,0,0,1000,0,0.10000000000000001
3304,1,0.98999999999999999,0.01,0,0,1000,0,0.10000000000000001
3305,1,0.98999999999999999,0.02,0,0,1000,0,0.10000000000000001
3306,1,0.98999999999999999,0.17999999999999999,0,0,1000,0,0.10000000000000001
3307,1,0.98999999999999999,0.19,0,0,1000,0,0.10000000000000001
3308,1,0.98999999999999999,0.20000000000000001,0,0,1000,0,0.10000000000000001
3309,1,1,0,0,0,1000,0,0.10000000000000001
3310,1,1,0.01,0,0,1000,0,0.10000000000000001
3311,1,1,0.02,0,0,1000,0,0.10000000000000001
3312,1,1,0.17999999999999999,0,0,1000,0,0.10000000000000001
3313,1,1,0.19,0,0,1000,0,0.10000000000000001
3314,1,1,0.20000000000000001,0,0,1000,0,0.10000000000000001
3315,1,1.01,0,0,0,1000,0,0.10000000000000001
3316,1,1.01,0.01,0,0,1000,0,0.10000000000000001
3317,1,1.01,0.02,0,0,1000,0,0.10000000000000001
3318,1,1.01,0.17999999999999999,0,0,1000,0,0.10000000000000001
3319,1,1.01,0.19,0,0,1000,0,0.10000000000000001
3320,1,1.01,0.20000000000000001,0,0,1000,0,0.10000000000000001
3321,1,1.02,0,0,0,1000,0,0.10000000000000001
3322,1,1.02,0.01,0,0,1000,0,0.10000000000000001
3323,1,1.02,0.02,0,0,1000,0,0.10000000000000001
3324,1,1.02,0.17999999999999999,0,0,1000,0,0.10000000000000001
3325,1,1.02,0.19,0,0,1000,0,0.10000000000000001
3326,1,1.02,0.20000000000000001,0,0,1000,0,0.10000000000000001
3327,1,1.03,0,0,0,1000,0,0.10000000000000001
3328,1,1.03,0.01,0,0,1000,0,0.10000000000000001
3329,1,1.03,0.02,0,0,1000,0,0.10000000000000001
3330,1,1.03,0.17999999999999999,0,0,1000,0,0.10000000000000001
3331,1,1.03,0.19,0,0,1000,0,0.10000000000000001
3332,1,1.03,0.20000000000000001,0,0,1000,0,0.10000000000000001
3333,1,1.04,0,0,0,1000,0,0.10000000000000001
3334,1,1.04,0.01,0,0,1000,0,0.10000000000000001
3335,1,1.04,0.02,0,0,1000,0,0.10000000000000001
3336,1,1.04,0.17999999999999999,0,0,1000,0,0.10000000000000001
3337,1,1.04,0.19,0,0,1000,0,0.10000000000000001
3338,1,1.04,0.20000000000000001,0,0,1000,0,0.10000000000000001
3339,1,1.05,0,0,0,1000,0,0.10000000000000001
3340,1,1.05,0.01,0,0,1000,0,0.10000000000000001
3341,1,1.05,0.02,0,0,1000,0,0.10000000000000001
3342,1,1.05,0.17999999999999999,0,0,1000,0,0.10000000000000001
3343,1,1.05,0.19,0,0,1000,0,0.10000000000000001
3344,1,1.05,0.20000000000000001,0,0,1000,0,0.10000000000000001
3345,1,1.0600000000000001,0,0,0,1000,0,0.10000000000000001
3346,1,1.0600000000000001,0.01,0,0,1000,0,0.10000000000000001
3347,1,1.0600000000000001,0.02,0,0,1000,0,0.10000000000000001
3348,1,1.0600000000000001,0.17999999999999999,0,0,1000,0,0.10000000000000001
3349,1,1.0600000000000001,0.19,0,0,1000,0,0.10000000000000001
3350,1,1.0600000000000001,0.20000000000000001,0,0,1000,0,0.10000000000000001
3351,1,1.0700000000000001,0,0,0,1000,0,0.10000000000000001
3352,1,1.0700000000000001,0.01,0,0,1000,0,0.10000000000000001
3353,1,1.0700000000000001,0.02,0,0,1000,0,0.10000000000000001
3354,1,1.0700000000000001,0.17999999999999999,0,0,1000,0,0.10000000000000001
3355,1,1.0700000000000001,0.19,0,0,1000,0,0.10000000000000001
3356,1,1.0700000000000001,0.20000000000000001,0,0,1000,0,0.10000000000000001
3357,1,1.0800000000000001,0,0,0,1000,0,0.10000000000000001
3358,1,1.0800000000000001,0.01,0,0,1000,0,0.10000000000000001
3359,1,1.0800000000000001,0.02,0,0,1000,0,0.10000000000000001
3360,1,1.0800000000000001,0.17999999999999999,0,0,1000,0,0.10000000000000001
3361,1,1.0800000000000001,0.19,0,0,1000,0,0.10000000000000001
3362,1,1.0800000000000001,0.20000000000000001,0,0,1000,0,0.10000000000000001
3363,1,1.0900000000000001,0,0,0,1000,0,0.10000000000000001
3364,1,1.0900000000000001,0.01,0,0,1000,0,0.10000000000000001
3365,1,1.0900000000000001,0.02,0,0,1000,0,0.10000000000000001
3366,1,1.0900000000000001,0.17999999999999999,0,0,1000,0,0.10000000000000001
3367,1,1.0900000000000001,0.19,0,0,1000,0,0.10000000000000001
3368,1,1.0900000000000001,0.20000000000000001,0,0,1000,0,0.10000000000000001
3369,1,1.1000000000000001,0,0,0,1000,0,0.10000000000000001
3370,1,1.1000000000000001,0.01,0,0,1000,0,0.10000000000000001
3371,1,1.1000000000000001,0.02,0,0,1000,0,0.10000000000000001
3372,1,1.1000000000000001,0.17999999999999999,0,0,1000,0,0.10000000000000001
3373,1,1.1000000000000001,0.19,0,0,1000,0,0.10000000000000001
3374,1,1.1000000000000001,0.20000000000000001,0,0,1000,0,0.10000000000000001
3375,1,1.1100000000000001,0,0,0,1000,0,0.10000000000000001
3376,1,1.1100000000000001,0.01,0,0,1000,0,0.10000000000000001
3377,1,1.1100000000000001,0.02,0,0,1000,0,0.10000000000000001
3378,1,1.1100000000000001,0.17999999999999999,0,0,1000,0,0.10000000000000001
3379,1,1.1100000000000001,0.19,0,0,1000,0,0.10000000000000001
3380,1,1.1100000000000001,0.20000000000000001,0,0,1000,0,0.10000000000000001
3381,1,1.1200000000000001,0,0,0,1000,0,0.10000000000000001
3382,1,1.1200000000000001,0.01,0,0,1000,0,0.10000000000000001
3383,1,1.1200000000000001,0.02,0,0,1000,0,0.10000000000000001
3384,1,1.1200000000000001,0.17999999999999999,0,0,1000,0,0.10000000000000001
3385,1,1.1200000000000001,0.19,0,0,1000,0,0.10000000000000001
3386,1,1.1200000000000001,0.20000000000000001,0,0,1000,0,0.10000000000000001
3387,1,1.1300000000000001,0,0,0,1000,0,0.10000000000000001
3388,1,1.1300000000000001,0.01,0,0,1000,0,0.10000000000000001
3389,1,1.1300000000000001,0.02,0,0,1000,0,0.10000000000000001
3390,1,1.1300000000000001,0.17999999999999999,0,0,1000,0,0.10000000000000001
3391,1,1.1300000000000001,0.19,0,0,1000,0,0.10000000000000001
3392,1,1.1300000000000001,0.20000000000000001,0,0,1000,0,0.10000000000000001
3393,1,1.1400000000000001,0,0,0,1000,0,0.10000000000000001
3394,1,1.1400000000000001,0.01,0,0,1000,0,0.10000000000000001
3395,1,1.1400000000000001,0.02,0,0,1000,0,0.10000000000000001
3396,1,1.1400000000000001,0.17999999999999999,0,0,1000,0,0.10000000000000001
3397,1,1.1400000000000001,0.19,0,0,1000,0,0.10000000000000001
3398,1,1.1400000000000001,0.20000000000000001,0,0,1000,0,0.10000000000000001
3399,1,1.1500000000000001,0,0,0,1000,0,0.10000000000000001
3400,1,1.1500000000000001,0.01,0,0,1000,0,0.10000000000000001
3401,1,1.1500000000000001,0.02,0,0,1000,0,0.10000000000000001
3402,1,1.1500000000000001,0.17999999999999999,0,0,1000,0,0.10000000000000001
3403,1,1.1500000000000001,0.19,0,0,1000,0,0.10000000000000001
3404,1,1.1500000000000001,0.20000000000000001,0,0,1000,0,0.10000000000000001
3405,1,1.1599999999999999,0,0,0,1000,0,0.10000000000000001
3406,1,1.1599999999999999,0.01,0,0,1000,0,0.10000000000000001
3407,1,1.1599999999999999,0.02,0,0,1000,0,0.10000000000000001
3408,1,1.1599999999999999,0.17999999999999999,0,0,1000,0,0.10000000000000001
3409,1,1.1599999999999999,0.19,0,0,1000,0,0.10000000000000001
3410,1,1.1599999999999999,0.20000000000000001,0,0,1000,0,0.10000000000000001
3411,1,1.1699999999999999,0,0,0,1000,0,0.10000000000000001
3412,1,1.1699999999999999,0.01,0,0,1000,0,0.10000000000000001
3413,1,1.1699999999999999,0.02,0,0,1000,0,0.10000000000000001
3414,1,1.1699999999999999,0.17999999999999999,0,0,1000,0,0.10000000000000001
3415,1,1.1699999999999999,0.19,0,0,1000,0,0.10000000000000001
3416,1,1.1699999999999999,0.20000000000000001,0,0,1000,0,0.10000000000000001
3417,1,1.1799999999999999,0,0,0,1000,0,0.10000000000000001
3418,1,1.1799999999999999,0.01,0,0,1000,0,0.10000000000000001
3419,1,1.1799999999999999,0.02,0,0,1000,0,0.10000000000000001
3420,1,1.1799999999999999,0.17999999999999999,0,0,1000,0,0.10000000000000001
3421,1,1.1799999999999999,0.19,0,0,1000,0,0.10000000000000001
3422,1,1.1799999999999999,0.20000000000000001,0,0,1000,0,0.10000000000000001
3423,1,1.1899999999999999,0,0,0,1000,0,0.10000000000000001
3424,1,1.1899999999999999,0.01,0,0,1000,0,0.10000000000000001
3425,1,1.1899999999999999,0.02,0,0,1000,0,0.10000000000000001
3426,1,1.1899999999999999,0.17999999999999999,0,0,1000,0,0.10000000000000001
3427,1,1.1899999999999999,0.19,0,0,1000,0,0.10000000000000001
3428,1,1.1899999999999999,0.20000000000000001,0,0,1000,0,0.10000000000000001
3429,1,1.2,0,0,0,1000,0,0.10000000000000001
3430,1,1.2,0.01,0,0,1000,0,0.10000000000000001
3431,1,1.2,0.02,0,0,1000,0,0.10000000000000001
3432,1,1.2,0.17999999999999999,0,0,1000,0,0.10000000000000001
3433,1,1.2,0.19,0,0,1000,0,0.10000000000000001
3434,1,1.2,0.20000000000000001,0,0,1000,0,0.10000000000000001
3435,1,1.21,0,0,0,1000,0,0.10000000000000001
3436,1,1.21,0.01,0,0,1000,0,0.10000000000000001
3437,1,1.21,0.02,0,0,1000,0,0.10000000000000001
3438,1,1.21,0.17999999999999999,0,0,1000,0,0.10000000000000001
3439,1,1.21,0.19,0,0,1000,0,0.10000000000000001
3440,1,1.21,0.20000000000000001,0,0,1000,0,0.10000000000000001
3441,1,1.22,0,0,0,1000,0,0.10000000000000001
3442,1,1.22,0.01,0,0,1000,0,0.10000000000000001
3443,1,1.22,0.02,0,0,1000,0,0.10000000000000001
3444,1,1.22,0.17999999999999999,0,0,1000,0,0.10000000000000001
3445,1,1.22,0.19,0,0,1000,0,0.10000000000000001
3446,1,1.22,0.20000000000000001,0,0,1000,0,0.10000000000000001
3447,1,1.23,0,0,0,1000,0,0.10000000000000001
3448,1,1.23,0.01,0,0,1000,0,0.10000000000000001
3449,1,1.23,0.02,0,0,1000,0,0.10000000000000001
3450,1,1.23,0.17999999999999999,0,0,1000,0,0.10000000000000001
3451,1,1.23,0.19,0,0,1000,0,0.10000000000000001
3452,1,1.23,0.20000000000000001,0,0,1000,0,0.10000000000000001
3453,1,1.24,0,0,0,1000,0,0.10000000000000001
3454,1,1.24,0.01,0,0,1000,0,0.10000000000000001
3455,1,1.24,0.02,0,0,1000,0,0.10000000000000001
3456,1,1.24,0.17999999999999999,0,0,1000,0,0.10000000000000001
3457,1,1.24,0.19,0,0,1000,0,0.10000000000000001
3458,1,1.24,0.20000000000000001,0,0,1000,0,0.10000000000000001
3459,1,1.25,0,0,0,1000,0,0.10000000000000001
3460,1,1.25,0.01,0,0,1000,0,0.10000000000000001
3461,1,1.25,0.02,0,0,1000,0,0.10000000000000001
3462,1,1.25,0.17999999999999999,0,0,1000,0,0.10000000000000001
3463,1,1.25,0.19,0,0,1000,0,0.10000000000000001
3464,1,1.25,0.20000000000000001,0,0,1000,0,0.10000000000000001
3465,1,1.26,0,0,0,1000,0,0.10000000000000001
3466,1,1.26,0.01,0,0,1000,0,0.10000000000000001
3467,1,1.26,0.02,0,0,1000,0,0.10000000000000001
3468,1,1.26,0.17999999999999999,0,0,1000,0,0.10000000000000001
3469,1,1.26,0.19,0,0,1000,0,0.10000000000000001
3470,1,1.26,0.20000000000000001,0,0,1000,0,0.10000000000000001
3471,1,1.27,0,0,0,1000,0,0.10000000000000001
3472,1,1.27,0.01,0,0,1000,0,0.10000000000000001
3473,1,1.27,0.02,0,0,1000,0,0.10000000000000001
3474,1,1.27,0.17999999999999999,0,0,1000,0,0.10000000000000001
3475,1,1.27,0.19,0,0,1000,0,0.10000000000000001
3476,1,1.27,0.20000000000000001,0,0,1000,0,0.10000000000000001
3477,1,1.28,0,0,0,1000,0,0.10000000000000001
3478,1,1.28,0.01,0,0,1000,0,0.10000000000000001
3479,1,1.28,0.02,0,0,1000,0,0.10000000000000001
3480,1,1.28,0.17999999999999999,0,0,1000,0,0.10000000000000001
3481,1,1.28,0.19,0,0,1000,0,0.10000000000000001
3482,1,1.28,0.20000000000000001,0,0,1000,0,0.10000000000000001
3483,1,1.29,0,0,0,1000,0,0.10000000000000001
3484,1,1.29,0.01,0,0,1000,0,0.10000000000000001
3485,1,1.29,0.02,0,0,1000,0,0.10000000000000001
3486,1,1.29,0.17999999999999999,0,0,1000,0,0.10000000000000001
3487,1,1.29,0.19,0,0,1000,0,0.10000000000000001
3488,1,1.29,0.20000000000000001,0,0,1000,0,0.10000000000000001
3489,1,1.3,0,0,0,1000,0,0.10000000000000001
3490,1,1.3,0.01,0,0,1000,0,0.10000000000000001
3491,1,1.3,0.02,0,0,1000,0,0.10000000000000001
3492,1,1.3,0.17999999999999999,0,0,1000,0,0.10000000000000001
3493,1,1.3,0.19,0,0,1000,0,0.10000000000000001
3494,1,1.3,0.20000000000000001,0,0,1000,0,0.10000000000000001
3495,1,1.3100000000000001,0,0,0,1000,0,0.10000000000000001
3496,1,1.3100000000000001,0.01,0,0,1000,0,0.10000000000000001
3497,1,1.3100000000000001,0.02,0,0,1000,0,0.10000000000000001
3498,1,1.3100000000000001,0.17999999999999999,0,0,1000,0,0.10000000000000001
3499,1,1.3100000000000001,0.19,0,0,1000,0,0.10000000000000001
3500,1,1.3100000000000001,0.20000000000000001,0,0,1000,0,0.10000000000000001
3501,1,1.3200000000000001,0,0,0,1000,0,0.10000000000000001
3502,1,1.3200000000000001,0.01,0,0,1000,0,0.10000000000000001
3503,1,1.3200000000000001,0.02,0,0,1000,0,0.10000000000000001
3504,1,1.3200000000000001,0.17999999999999999,0,0,1000,0,0.10000000000000001
3505,1,1.3200000000000001,0.19,0,0,1000,0,0.10000000000000001
3506,1,1.3200000000000001,0.20000000000000001,0,0,1000,0,0.10000000000000001
3507,1,1.3300000000000001,0,0,0,1000,0,0.10000000000000001
3508,1,1.3300000000000001,0.01,0,0,1000,0,0.10000000000000001
3509,1,1.3300000000000001,0.02,0,0,1000,0,0.10000000000000001
3510,1,1.3300000000000001,0.17999999999999999,0,0,1000,0,0.10000000000000001
3511,1,1.3300000000000001,0.19,0,0,1000,0,0.10000000000000001
3512,1,1.3300000000000001,0.20000000000000001,0,0,1000,0,0.10000000000000001
3513,1,1.3400000000000001,0,0,0,1000,0,0.10000000000000001
3514,1,1.3400000000000001,0.01,0,0,1000,0,0.10000000000000001
3515,1,1.3400000000000001,0.02,0,0,1000,0,0.10000000000000001
3516,1,1.3400000000000001,0.17999999999999999,0,0,1000,0,0.10000000000000001
3517,1,1.3400000000000001,0.19,0,0,1000,0,0.10000000000000001
3518,1,1.3400000000000001,0.20000000000000001,0,0,1000,0,0.10000000000000001
3519,1,1.3500000000000001,0,0,0,1000,0,0.10000000000000001
3520,1,1.3500000000000001,0.01,0,0,1000,0,0.10000000000000001
3521,1,1.3500000000000001,0.02,0,0,1000,0,0.10000000000000001
3522,1,1.3500000000000001,0.17999999999999999,0,0,1000,0,0.10000000000000001
3523,1,1.3500000000000001,0.19,0,0,1000,0,0.10000000000000001
3524,1,1.3500000000000001,0.20000000000000001,0,0,1000,0,0.10000000000000001
3525,1,1.3600000000000001,0,0,0,1000,0,0.10000000000000001
3526,1,1.3600000000000001,0.01,0,0,1000,0,0.10000000000000001
3527,1,1.3600000000000001,0.02,0,0,1000,0,0.10000000000000001
3528,1,1.3600000000000001,0.17999999999999999,0,0,1000,0,0.10000000000000001
3529,1,1.3600000000000001,0.19,0,0,1000,0,0.10000000000000001
3530,1,1.3600000000000001,0.20000000000000001,0,0,1000,0,0.10000000000000001
3531,1,1.3700000000000001,0,0,0,1000,0,0.10000000000000001
3532,1,1.3700000000000001,0.01,0,0,1000,0,0.10000000000000001
3533,1,1.3700000000000001,0.02,0,0,1000,0,0.10000000000000001
3534,1,1.3700000000000001,0.17999999999999999,0,0,1000,0,0.10000000000000001
3535,1,1.3700000000000001,0.19,0,0,1000,0,0.10000000000000001
3536,1,1.3700000000000001,0.20000000000000001,0,0,1000,0,0.10000000000000001
3537,1,1.3800000000000001,0,0,0,1000,0,0.10000000000000001
3538,1,1.3800000000000001,0.01,0,0,1000,0,0.10000000000000001
3539,1,1.3800000000000001,0.02,0,0,1000,0,0.10000000000000001
3540,1,1.3800000000000001,0.17999999999999999,0,0,1000,0,0.10000000000000001
3541,1,1.3800000000000001,0.19,0,0,1000,0,0.10000000000000001
3542,1,1.3800000000000001,0.20000000000000001,0,0,1000,0,0.10000000000000001
3543,1,1.3900000000000001,0,0,0,1000,0,0.10000000000000001
3544,1,1.3900000000000001,0.01,0,0,1000,0,0.10000000000000001
3545,1,1.3900000000000001,0.02,0,0,1000,0,0.10000000000000001
3546,1,1.3900000000000001,0.17999999999999999,0,0,1000,0,0.10000000000000001
3547,1,1.3900000000000001,0.19,0,0,1000,0,0.10000000000000001
3548,1,1.3900000000000001,0.20000000000000001,0,0,1000,0,0.10000000000000001
3549,1,1.4000000000000001,0,0,0,1000,0,0.10000000000000001
3550,1,1.4000000000000001,0.01,0,0,1000,0,0.10000000000000001
3551,1,1.4000000000000001,0.02,0,0,1000,0,0.10000000000000001
3552,1,1.4000000000000001,0.17999999999999999,0,0,1000,0,0.10000000000000001
3553,1,1.4000000000000001,0.19,0,0,1000,0,0.10000000000000001
3554,1,1.4000000000000001,0.20000000000000001,0,0,1000,0,0.10000000000000001
3555,1,1.4099999999999999,0,0,0,1000,0,0.10000000000000001
3556,1,1.4099999999999999,0.01,0,0,1000,0,0.10000000000000001
3557,1,1.4099999999999999,0.02,0,0,1000,0,0.10000000000000001
3558,1,1.4099999999999999,0.17999999999999999,0,0,1000,0,0.10000000000000001
3559,1,1.4099999999999999,0.19,0,0,1000,0,0.10000000000000001
3560,1,1.4099999999999999,0.20000000000000001,0,0,1000,0,0.10000000000000001
3561,1,1.4199999999999999,0,0,0,1000,0,0.10000000000000001
3562,1,1.4199999999999999,0.01,0,0,1000,0,0.10000000000000001
3563,1,1.4199999999999999,0.02,0,0,1000,0,0.10000000000000001
3564,1,1.4199999999999999,0.17999999999999999,0,0,1000,0,0.10000000000000001
3565,1,1.4199999999999999,0.19,0,0,1000,0,0.10000000000000001
3566,1,1.4199999999999999,0.20000000000000001,0,0,1000,0,0.10000000000000001
3567,1,1.4299999999999999,0,0,0,1000,0,0.10000000000000001
3568,1,1.4299999999999999,0.01,0,0,1000,0,0.10000000000000001
3569,1,1.4299999999999999,0.02,0,0,1000,0,0.10000000000000001
3570,1,1.4299999999999999,0.17999999999999999,0,0,1000,0,0.10000000000000001
3571,1,1.4299999999999999,0.19,0,0,1000,0,0.10000000000000001
3572,1,1.4299999999999999,0.20000000000000001,0,0,1000,0,0.10000000000000001
3573,1,1.4399999999999999,0,0,0,1000,0,0.10000000000000001
3574,1,1.4399999999999999,0.01,0,0,1000,0,0.10000000000000001
3575,1,1.4399999999999999,0.02,0,0,1000,0,0.10000000000000001
3576,1,1.4399999999999999,0.17999999999999999,0,0,1000,0,0.10000000000000001
3577,1,1.4399999999999999,0.19,0,0,1000,0,0.10000000000000001
3578,1,1.4399999999999999,0.20000000000000001,0,0,1000,0,0.10000000000000001
3579,1,1.45,0,0,0,1000,0,0.10000000000000001
3580,1,1.45,0.01,0,0,1000,0,0.10000000000000001
3581,1,1.45,0.02,0,0,1000,0,0.10000000000000001
3582,1,1.45,0.17999999999999999,0,0,1000,0,0.10000000000000001
3583,1,1.45,0.19,0,0,1000,0,0.10000000000000001
3584,1,1.45,0.20000000000000001,0,0,1000,0,0.10000000000000001
3585,1,1.46,0,0,0,1000,0,0.10000000000000001
3586,1,1.46,0.01,0,0,1000,0,0.10000000000000001
3587,1,1.46,0.02,0,0,1000,0,0.10000000000000001
3588,1,1.46,0.17999999999999999,0,0,1000,0,0.10000000000000001
3589,1,1.46,0.19,0,0,1000,0,0.10000000000000001
3590,1,1.46,0.20000000000000001,0,0,1000,0,0.10000000000000001
3591,1,1.47,0,0,0,1000,0,0.10000000000000001
3592,1,1.47,0.01,0,0,1000,0,0.10000000000000001
3593,1,1.47,0.02,0,0,1000,0,0.10000000000000001
3594,1,1.47,0.17999999999999999,0,0,1000,0,0.10000000000000001
3595,1,1.47,0.19,0,0,1000,0,0.10000000000000001
3596,1,1.47,0.20000000000000001,0,0,1000,0,0.10000000000000001
3597,1,1.48,0,0,0,1000,0,0.10000000000000001
3598,1,1.48,0.01,0,0,1000,0,0.10000000000000001
3599,1,1.48,0.02,0,0,1000,0,0.10000000000000001
3600,1,1.48,0.17999999999999999,0,0,1000,0,0.10000000000000001
3601,1,1.48,0.19,0,0,1000,0,0.10000000000000001
3602,1,1.48,0.20000000000000001,0,0,1000,0,0.10000000000000001
3603,1,1.49,0,0,0,1000,0,0.10000000000000001
3604,1,1.49,0.01,0,0,1000,0,0.10000000000000001
3605,1,1.49,0.02,0,0,1000,0,0.10000000000000001
3606,1,1.49,0.17999999999999999,0,0,1000,0,0.10000000000000001
3607,1,1.49,0.19,0,0,1000,0,0.10000000000000001
3608,1,1.49,0.20000000000000001,0,0,1000,0,0.10000000000000001
3609,1,1.5,0,0,0,1000,0,0.10000000000000001
3610,1,1.5,0.01,0,0,1000,0,0.10000000000000001
3611,1,1.5,0.02,0,0,1000,0,0.10000000000000001
3612,1,1.5,0.17999999999999999,0,0,1000,0,0.10000000000000001
3613,1,1.5,0.19,0,0,1000,0,0.10000000000000001
3614,1,1.5,0.20000000000000001,0,0,1000,0,0.10000000000000001
3615,1,1.51,0,0,0,1000,0,0.10000000000000001
3616,1,1.51,0.01,0,0,1000,0,0.10000000000000001
3617,1,1.51,0.02,0,0,1000,0,0.10000000000000001
3618,1,1.51,0.17999999999999999,0,0,1000,0,0.10000000000000001
3619,1,1.51,0.19,0,0,1000,0,0.10000000000000001
3620,1,1.51,0.20000000000000001,0,0,1000,0,0.10000000000000001
3621,1,1.52,0,0,0,1000,0,0.10000000000000001
3622,1,1.52,0.01,0,0,1000,0,0.10000000000000001
3623,1,1.52,0.02,0,0,1000,0,0.10000000000000001
3624,1,1.52,0.17999999999999999,0,0,1000,0,0.10000000000000001
3625,1,1.52,0.19,0,0,1000,0,0.10000000000000001
3626,1,1.52,0.20000000000000001,0,0,1000,0,0.10000000000000001
3627,1,1.53,0,0,0,1000,0,0.10000000000000001
3628,1,1.53,0.01,0,0,1000,0,0.10000000000000001
3629,1,1.53,0.02,0,0,1000,0,0.10000000000000001
3630,1,1.53,0.17999999999999999,0,0,1000,0,0.10000000000000001
3631,1,1.53,0.19,0,0,1000,0,0.10000000000000001
3632,1,1.53,0.20000000000000001,0,0,1000,0,0.10000000000000001
3633,1,1.54,0,0,0,1000,0,0.10000000000000001
3634,1,1.54,0.01,0,0,1000,0,0.10000000000000001
3635,1,1.54,0.02,0,0,1000,0,0.10000000000000001
3636,1,1.54,0.17999999999999999,0,0,1000,0,0.10000000000000001
3637,1,1.54,0.19,0,0,1000,0,0.10000000000000001
3638,1,1.54,0.20000000000000001,0,0,1000,0,0.10000000000000001
3639,1,1.55,0,0,0,1000,0,0.10000000000000001
3640,1,1.55,0.01,0,0,1000,0,0.10000000000000001
3641,1,1.55,0.02,0,0,1000,0,0.10000000000000001
3642,1,1.55,0.17999999999999999,0,0,1000,0,0.10000000000000001
3643,1,1.55,0.19,0,0,1000,0,0.10000000000000001
3644,1,1.55,0.20000000000000001,0,0,1000,0,0.10000000000000001
3645,1,1.5600000000000001,0,0,0,1000,0,0.10000000000000001
3646,1,1.5600000000000001,0.01,0,0,1000,0,0.10000000000000001
3647,1,1.5600000000000001,0.02,0,0,1000,0,0.10000000000000001
3648,1,1.5600000000000001,0.17999999999999999,0,0,1000,0,0.10000000000000001
3649,1,1.5600000000000001,0.19,0,0,1000,0,0.10000000000000001
3650,1,1.5600000000000001,0.20000000000000001,0,0,1000,0,0.10000000000000001
3651,1,1.5700000000000001,0,0,0,1000,0,0.10000000000000001
3652,1,1.5700000000000001,0.01,0,0,1000,0,0.10000000000000001
3653,1,1.5700000000000001,0.02,0,0,1000,0,0.10000000000000001
3654,1,1.5700000000000001,0.17999999999999999,0,0,1000,0,0.10000000000000001
3655,1,1.5700000000000001,0.19,0,0,1000,0,0.10000000000000001
3656,1,1.5700000000000001,0.20000000000000001,0,0,1000,0,0.10000000000000001
3657,1,1.5800000000000001,0,0,0,1000,0,0.10000000000000001
3658,1,1.5800000000000001,0.01,0,0,1000,0,0.10000000000000001
3659,1,1.5800000000000001,0.02,0,0,1000,0,0.10000000000000001
3660,1,1.5800000000000001,0.17999999999999999,0,0,1000,0,0.10000000000000001
3661,1,1.5800000000000001,0.19,0,0,1000,0,0.10000000000000001
3662,1,1.5800000000000001,0.20000000000000001,0,0,1000,0,0.10000000000000001
3663,1,1.5900000000000001,0,0,0,1000,0,0.10000000000000001
3664,1,1.5900000000000001,0.01,0,0,1000,0,0.10000000000000001
3665,1,1.5900000000000001,0.02,0,0,1000,0,0.10000000000000001
3666,1,1.5900000000000001,0.17999999999999999,0,0,1000,0,0.10000000000000001
3667,1,1.5900000000000001,0.19,0,0,1000,0,0.10000000000000001
3668,1,1.5900000000000001,0.20000000000000001,0,0,1000,0,0.10000000000000001
3669,1,1.6000000000000001,0,0,0,1000,0,0.10000000000000001
3670,1,1.6000000000000001,0.01,0,0,1000,0,0.10000000000000001
3671,1,1.6000000000000001,0.02,0,0,1000,0,0.10000000000000001
3672,1,1.6000000000000001,0.17999999999999999,0,0,1000,0,0.10000000000000001
3673,1,1.6000000000000001,0.19,0,0,1000,0,0.10000000000000001
3674,1,1.6000000000000001,0.20000000000000001,0,0,1000,0,0.10000000000000001
3675,1,1.6100000000000001,0,0,0,1000,0,0.10000000000000001
3676,1,1.6100000000000001,0.01,0,0,1000,0,0.10000000000000001
3677,1,1.6100000000000001,0.02,0,0,1000,0,0.10000000000000001
3678,1,1.6100000000000001,0.17999999999999999,0,0,1000,0,0.10000000000000001
3679,1,1.6100000000000001,0.19,0,0,1000,0,0.10000000000000001
3680,1,1.6100000000000001,0.20000000000000001,0,0,1000,0,0.10000000000000001
3681,1,1.6200000000000001,0,0,0,1000,0,0.10000000000000001
3682,1,1.6200000000000001,0.01,0,0,1000,0,0.10000000000000001
3683,1,1.6200000000000001,0.02,0,0,1000,0,0.10000000000000001
3684,1,1.6200000000000001,0.17999999999999999,0,0,1000,0,0.10000000000000001
3685,1,1.6200000000000001,0.19,0,0,1000,0,0.10000000000000001
3686,1,1.6200000000000001,0.20000000000000001,0,0,1000,0,0.10000000000000001
3687,1,1.6300000000000001,0,0,0,1000,0,0.10000000000000001
3688,1,1.6300000000000001,0.01,0,0,1000,0,0.10000000000000001
3689,1,1.6300000000000001,0.02,0,0,1000,0,0.10000000000000001
3690,1,1.6300000000000001,0.17999999999999999,0,0,1000,0,0.10000000000000001
3691,1,1.6300000000000001,0.19,0,0,1000,0,0.10000000000000001
3692,1,1.6300000000000001,0.20000000000000001,0,0,1000,0,0.10000000000000001
3693,1,1.6400000000000001,0,0,0,1000,0,0.10000000000000001
3694,1,1.6400000000000001,0.01,0,0,1000,0,0.10000000000000001
3695,1,1.6400000000000001,0.02,0,0,1000,0,0.10000000000000001
3696,1,1.6400000000000001,0.17999999999999999,0,0,1000,0,0.10000000000000001
3697,1,1.6400000000000001,0.19,0,0,1000,0,0.10000000000000001
3698,1,1.6400000000000001,0.20000000000000001,0,0,1000,0,0.10000000000000001
3699,1,1.6500000000000001,0,0,0,1000,0,0.10000000000000001
3700,1,1.6500000000000001,0.01,0,0,1000,0,0.10000000000000001
3701,1,1.6500000000000001,0.02,0,0,1000,0,0.10000000000000001
3702,1,1.6500000000000001,0.17999999999999999,0,0,1000,0,0.10000000000000001
3703,1,1.6500000000000001,0.19,0,0,1000,0,0.10000000000000001
3704,1,1.6500000000000001,0.20000000000000001,0,0,1000,0,0.10000000000000001
3705,1,1.6600000000000001,0,0,0,1000,0,0.10000000000000001
3706,1,1.6600000000000001,0.01,0,0,1000,0,0.10000000000000001
3707,1,1.6600000000000001,0.02,0,0,1000,0,0.10000000000000001
3708,1,1.6600000000000001,0.17999999999999999,0,0,1000,0,0.10000000000000001
3709,1,1.6600000000000001,0.19,0,0,1000,0,0.10000000000000001
3710,1,1.6600000000000001,0.20000000000000001,0,0,1000,0,0.10000000000000001
3711,1,1.6699999999999999,0,0,0,1000,0,0.10000000000000001
3712,1,1.6699999999999999,0.01,0,0,1000,0,0.10000000000000001
3713,1,1.6699999999999999,0.02,0,0,1000,0,0.10000000000000001
3714,1,1.6699999999999999,0.17999999999999999,0,0,1000,0,0.10000000000000001
3715,1,1.6699999999999999,0.19,0,0,1000,0,0.10000000000000001
3716,1,1.6699999999999999,0.20000000000000001,0,0,1000,0,0.10000000000000001
3717,1,1.6799999999999999,0,0,0,1000,0,0.10000000000000001
3718,1,1.6799999999999999,0.01,0,0,1000,0,0.10000000000000001
3719,1,1.6799999999999999,0.02,0,0,1000,0,0.10000000000000001
3720,1,1.6799999999999999,0.17999999999999999,0,0,1000,0,0.10000000000000001
3721,1,1.6799999999999999,0.19,0,0,1000,0,0.10000000000000001
3722,1,1.6799999999999999,0.20000000000000001,0,0,1000,0,0.10000000000000001
3723,1,1.6899999999999999,0,0,0,1000,0,0.10000000000000001
3724,1,1.6899999999999999,0.01,0,0,1000,0,0.10000000000000001
3725,1,1.6899999999999999,0.02,0,0,1000,0,0.10000000000000001
3726,1,1.6899999999999999,0.17999999999999999,0,0,1000,0,0.10000000000000001
3727,1,1.6899999999999999,0.19,0,0,1000,0,0.10000000000000001
3728,1,1.6899999999999999,0.20000000000000001,0,0,1000,0,0.10000000000000001
3729,1,1.7,0,0,0,1000,0,0.10000000000000001
3730,1,1.7,0.01,0,0,1000,0,0.10000000000000001
3731,1,1.7,0.02,0,0,1000,0,0.10000000000000001
3732,1,1.7,0.17999999999999999,0,0,1000,0,0.10000000000000001
3733,1,1.7,0.19,0,0,1000,0,0.10000000000000001
3734,1,1.7,0.20000000000000001,0,0,1000,0,0.10000000000000001
3735,1,1.71,0,0,0,1000,0,0.10000000000000001
3736,1,1.71,0.01,0,0,1000,0,0.10000000000000001
3737,1,1.71,0.02,0,0,1000,0,0.10000000000000001
3738,1,1.71,0.17999999999999999,0,0,1000,0,0.10000000000000001
3739,1,1.71,0.19,0,0,1000,0,0.10000000000000001
3740,1,1.71,0.20000000000000001,0,0,1000,0,0.10000000000000001
3741,1,1.72,0,0,0,1000,0,0.10000000000000001
3742,1,1.72,0.01,0,0,1000,0,0.10000000000000001
3743,1,1.72,0.02,0,0,1000,0,0.10000000000000001
3744,1,1.72,0.17999999999999999,0,0,1000,0,0.10000000000000001
3745,1,1.72,0.19,0,0,1000,0,0.10000000000000001
3746,1,1.72,0.20000000000000001,0,0,1000,0,0.10000000000000001
3747,1,1.73,0,0,0,1000,0,0.10000000000000001
3748,1,1.73,0.01,0,0,1000,0,0.10000000000000001
3749,1,1.73,0.02,0,0,1000,0,0.10000000000000001
3750,1,1.73,0.17999999999999999,0,0,1000,0,0.10000000000000001
3751,1,1.73,0.19,0,0,1000,0,0.10000000000000001
3752,1,1.73,0.20000000000000001,0,0,1000,0,0.10000000000000001
3753,1,1.74,0,0,0,1000,0,0.10000000000000001
3754,1,1.74,0.01,0,0,1000,0,0.10000000000000001
3755,1,1.74,0.02,0,0,1000,0,0.10000000000000001
3756,1,1.74,0.17999999999999999,0,0,1000,0,0.10000000000000001
3757,1,1.74,0.19,0,0,1000,0,0.10000000000000001
3758,1,1.74,0.20000000000000001,0,0,1000,0,0.10000000000000001
3759,1,1.75,0,0,0,1000,0,0.10000000000000001
3760,1,1.75,0.01,0,0,1000,0,0.10000000000000001
3761,1,1.75,0.02,0,0,1000,0,0.10000000000000001
3762,1,1.75,0.17999999999999999,0,0,1000,0,0.10000000000000001
3763,1,1.75,0.19,0,0,1000,0,0.10000000000000001
3764,1,1.75,0.20000000000000001,0,0,1000,0,0.10000000000000001
3765,1,1.76,0,0,0,1000,0,0.10000000000000001
3766,1,1.76,0.01,0,0,1000,0,0.10000000000000001
3767,1,1.76,0.02,0,0,1000,0,0.10000000000000001
3768,1,1.76,0.17999999999999999,0,0,1000,0,0.10000000000000001
3769,1,1.76,0.19,0,0,1000,0,0.10000000000000001
3770,1,1.76,0.20000000000000001,0,0,1000,0,0.10000000000000001
3771,1,1.77,0,0,0,1000,0,0.10000000000000001
3772,1,1.77,0.01,0,0,1000,0,0.10000000000000001
3773,1,1.77,0.02,0,0,1000,0,0.10000000000000001
3774,1,1.77,0.17999999999999999,0,0,1000,0,0.10000000000000001
3775,1,1.77,0.19,0,0,1000,0,0.10000000000000001
3776,1,1.77,0.20000000000000001,0,0,1000,0,0.10000000000000001
3777,1,1.78,0,0,0,1000,0,0.10000000000000001
3778,1,1.78,0.01,0,0,1000,0,0.10000000000000001
3779,1,1.78,0.02,0,0,1000,0,0.10000000000000001
3780,1,1.78,0.17999999999999999,0,0,1000,0,0.10000000000000001
3781,1,1.78,0.19,0,0,1000,0,0.10000000000000001
3782,1,1.78,0.20000000000000001,0,0,1000,0,0.10000000000000001
3783,1,1.79,0,0,0,1000,0,0.10000000000000001
3784,1,1.79,0.01,0,0,1000,0,0.10000000000000001
3785,1,1.79,0.02,0,0,1000,0,0.10000000000000001
3786,1,1.79,0.17999999999999999,0,0,1000,0,0.10000000000000001
3787,1,1.79,0.19,0,0,1000,0,0.10000000000000001
3788,1,1.79,0.20000000000000001,0,0,1000,0,0.10000000000000001
3789,1,1.8,0,0,0,1000,0,0.10000000000000001
3790,1,1.8,0.01,0,0,1000,0,0.10000000000000001
3791,1,1.8,0.02,0,0,1000,0,0.10000000000000001
3792,1,1.8,0.17999999999999999,0,0,1000,0,0.10000000000000001
3793,1,1.8,0.19,0,0,1000,0,0.10000000000000001
3794,1,1.8,0.20000000000000001,0,0,1000,0,0.10000000000000001
3795,1,1.8100000000000001,0,0,0,1000,0,0.10000000000000001
3796,1,1.8100000000000001,0.01,0,0,1000,0,0.10000000000000001
3797,1,1.8100000000000001,0.02,0,0,1000,0,0.10000000000000001
3798,1,1.8100000000000001,0.17999999999999999,0,0,1000,0,0.10000000000000001
3799,1,1.8100000000000001,0.19,0,0,1000,0,0.10000000000000001
3800,1,1.8100000000000001,0.20000000000000001,0,0,1000,0,0.10000000000000001
3801,1,1.8200000000000001,0,0,0,1000,0,0.10000000000000001
3802,1,1.8200000000000001,0.01,0,0,1000,0,0.10000000000000001
3803,1,1.8200000000000001,0.02,0,0,1000,0,0.10000000000000001
3804,1,1.8200000000000001,0.17999999999999999,0,0,1000,0,0.10000000000000001
3805,1,1.8200000000000001,0.19,0,0,1000,0,0.10000000000000001
3806,1,1.8200000000000001,0.20000000000000001,0,0,1000,0,0.10000000000000001
3807,1,1.8300000000000001,0,0,0,1000,0,0.10000000000000001
3808,1,1.8300000000000001,0.01,0,0,1000,0,0.10000000000000001
3809,1,1.8300000000000001,0.02,0,0,1000,0,0.10000000000000001
3810,1,1.8300000000000001,0.17999999999999999,0,0,1000,0,0.10000000000000001
3811,1,1.8300000000000001,0.19,0,0,1000,0,0.10000000000000001
3812,1,1.8300000000000001,0.20000000000000001,0,0,1000,0,0.10000000000000001
3813,1,1.8400000000000001,0,0,0,1000,0,0.10000000000000001
3814,1,1.8400000000000001,0.01,0,0,1000,0,0.10000000000000001
3815,1,1.8400000000000001,0.02,0,0,1000,0,0.10000000000000001
3816,1,1.8400000000000001,0.17999999999999999,0,0,1000,0,0.10000000000000001
3817,1,1.8400000000000001,0.19,0,0,1000,0,0.10000000000000001
3818,1,1.8400000000000001,0.20000000000000001,0,0,1000,0,0.10000000000000001
3819,1,1.8500000000000001,0,0,0,1000,0,0.10000000000000001
3820,1,1.8500000000000001,0.01,0,0,1000,0,0.10000000000000001
3821,1,1.8500000000000001,0.02,0,0,1000,0,0.10000000000000001
3822,1,1.8500000000000001,0.17999999999999999,0,0,1000,0,0.10000000000000001
3823,1,1.8500000000000001,0.19,0,0,1000,0,0.10000000000000001
3824,1,1.8500000000000001,0.20000000000000001,0,0,1000,0,0.10000000000000001
3825,1,1.8600000000000001,0,0,0,1000,0,0.10000000000000001
3826,1,1.8600000000000001,0.01,0,0,1000,0,0.10000000000000001
3827,1,1.8600000000000001,0.02,0,0,1000,0,0.10000000000000001
3828,1,1.8600000000000001,0.17999999999999999,0,0,1000,0,0.10000000000000001
3829,1,1.8600000000000001,0.19,0,0,1000,0,0.10000000000000001
3830,1,1.8600000000000001,0.20000000000000001,0,0,1000,0,0.10000000000000001
3831,1,1.8700000000000001,0,0,0,1000,0,0.10000000000000001
3832,1,1.8700000000000001,0.01,0,0,1000,0,0.10000000000000001
3833,1,1.8700000000000001,0.02,0,0,1000,0,0.10000000000000001
3834,1,1.8700000000000001,0.17999999999999999,0,0,1000,0,0.10000000000000001
3835,1,1.8700000000000001,0.19,0,0,1000,0,0.10000000000000001
3836,1,1.8700000000000001,0.20000000000000001,0,0,1000,0,0.10000000000000001
3837,1,1.8800000000000001,0,0,0,1000,0,0.10000000000000001
3838,1,1.8800000000000001,0.01,0,0,1000,0,0.10000000000000001
3839,1,1.8800000000000001,0.02,0,0,1000,0,0.10000000000000001
3840,1,1.8800000000000001,0.17999999999999999,0,0,1000,0,0.10000000000000001
3841,1,1.8800000000000001,0.19,0,0,1000,0,0.10000000000000001
3842,1,1.8800000000000001,0.20000000000000001,0,0,1000,0,0.10000000000000001
3843,1,1.8900000000000001,0,0,0,1000,0,0.10000000000000001
3844,1,1.8900000000000001,0.01,0,0,1000,0,0.10000000000000001
3845,1,1.8900000000000001,0.02,0,0,1000,0,0.10000000000000001
3846,1,1.8900000000000001,0.17999999999999999,0,0,1000,0,0.10000000000000001
3847,1,1.8900000000000001,0.19,0,0,1000,0,0.10000000000000001
3848,1,1.8900000000000001,0.20000000000000001,0,0,1000,0,0.10000000000000001
3849,1,1.9000000000000001,0,0,0,1000,0,0.10000000000000001
3850,1,1.9000000000000001,0.01,0,0,1000,0,0.10000000000000001
3851,1,1.9000000000000001,0.02,0,0,1000,0,0.10000000000000001
3852,1,1.9000000000000001,0.17999999999999999,0,0,1000,0,0.10000000000000001
3853,1,1.9000000000000001,0.19,0,0,1000,0,0.10000000000000001
3854,1,1.9000000000000001,0.20000000000000001,0,0,1000,0,0.10000000000000001
3855,1,1.9100000000000001,0,0,0,1000,0,0.10000000000000001
3856,1,1.9100000000000001,0.01,0,0,1000,0,0.10000000000000001
3857,1,1.9100000000000001,0.02,0,0,1000,0,0.10000000000000001
3858,1,1.9100000000000001,0.17999999999999999,0,0,1000,0,0.10000000000000001
3859,1,1.9100000000000001,0.19,0,0,1000,0,0.10000000000000001
3860,1,1.9100000000000001,0.20000000000000001,0,0,1000,0,0.10000000000000001
3861,1,1.9199999999999999,0,0,0,1000,0,0.10000000000000001
3862,1,1.9199999999999999,0.01,0,0,1000,0,0.10000000000000001
3863,1,1.9199999999999999,0.02,0,0,1000,0,0.10000000000000001
3864,1,1.9199999999999999,0.17999999999999999,0,0,1000,0,0.10000000000000001
3865,1,1.9199999999999999,0.19,0,0,1000,0,0.10000000000000001
3866,1,1.9199999999999999,0.20000000000000001,0,0,1000,0,0.10000000000000001
3867,1,1.9299999999999999,0,0,0,1000,0,0.10000000000000001
3868,1,1.9299999999999999,0.01,0,0,1000,0,0.10000000000000001
3869,1,1.9299999999999999,0.02,0,0,1000,0,0.10000000000000001
3870,1,1.9299999999999999,0.17999999999999999,0,0,1000,0,0.10000000000000001
3871,1,1.9299999999999999,0.19,0,0,1000,0,0.10000000000000001
3872,1,1.9299999999999999,0.20000000000000001,0,0,1000,0,0.10000000000000001
3873,1,1.9399999999999999,0,0,0,1000,0,0.10000000000000001
3874,1,1.9399999999999999,0.01,0,0,1000,0,0.10000000000000001
3875,1,1.9399999999999999,0.02,0,0,1000,0,0.10000000000000001
3876,1,1.9399999999999999,0.17999999999999999,0,0,1000,0,0.10000000000000001
3877,1,1.9399999999999999,0.19,0,0,1000,0,0.10000000000000001
3878,1,1.9399999999999999,0.20000000000000001,0,0,1000,0,0.10000000000000001
3879,1,1.95,0,0,0,1000,0,0.10000000000000001
3880,1,1.95,0.01,0,0,1000,0,0.10000000000000001
3881,1,1.95,0.02,0,0,1000,0,0.10000000000000001
3882,1,1.95,0.17999999999999999,0,0,1000,0,0.10000000000000001
3883,1,1.95,0.19,0,0,1000,0,0.10000000000000001
3884,1,1.95,0.20000000000000001,0,0,1000,0,0.10000000000000001
3885,1,1.96,0,0,0,1000,0,0.10000000000000001
3886,1,1.96,0.01,0,0,1000,0,0.10000000000000001
3887,1,1.96,0.02,0,0,1000,0,0.10000000000000001
3888,1,1.96,0.17999999999999999,0,0,1000,0,0.10000000000000001
3889,1,1.96,0.19,0,0,1000,0,0.10000000000000001
3890,1,1.96,0.20000000000000001,0,0,1000,0,0.10000000000000001
3891,1,1.97,0,0,0,1000,0,0.10000000000000001
3892,1,1.97,0.01,0,0,1000,0,0.10000000000000001
3893,1,1.97,0.02,0,0,1000,0,0.10000000000000001
3894,1,1.97,0.17999999999999999,0,0,1000,0,0.10000000000000001
3895,1,1.97,0.19,0,0,1000,0,0.10000000000000001
3896,1,1.97,0.20000000000000001,0,0,1000,0,0.10000000000000001
3897,1,1.98,0,0,0,1000,0,0.10000000000000001
3898,1,1.98,0.01,0,0,1000,0,0.10000000000000001
3899,1,1.98,0.02,0,0,1000,0,0.10000000000000001
3900,1,1.98,0.17999999999999999,0,0,1000,0,0.10000000000000001
3901,1,1.98,0.19,0,0,1000,0,0.10000000000000001
3902,1,1.98,0.20000000000000001,0,0,1000,0,0.10000000000000001
3903,1,1.99,0,0,0,1000,0,0.10000000000000001
3904,1,1.99,0.01,0,0,1000,0,0.10000000000000001
3905,1,1.99,0.19,0,0,1000,0,0.10000000000000001
3906,1,1.99,0.20000000000000001,0,0,1000,0,0.10000000000000001
3907,1,2,0,0,0,1000,0,0.10000000000000001
3908,1,2,0.20000000000000001,0,0,1000,0,0.10000000000000001
