id,is_boundary,x,y,vx,vy,rho,p,m
0,0,0.17485940614372095,0.04509541530980013,0.18256843559554189,-0.018266388339463459,1000.0419898515306,20.994925765307926,0.10000000000000001
1,0,0.11624171627612399,0.0033018682794956566,0.028712434016734487,0.024591179782177414,999.93839718051834,-30.801409740831787,0.10000000000000001
2,0,0.17006613324559255,0.043174263917963543,0.1813824054002085,-0.012176213934612583,999.97174791752775,-14.12604123612482,0.10000000000000001
3,0,0.19719554974373013,0.039881699091647023,0.15659104667093948,0.014158945534184331,1001.0175773147436,508.78865737178103,0.10000000000000001
4,0,0.19681977734668968,0.035718519840166628,0.16896946347671052,-0.094683550907769087,998.91643035440711,-541.78482279644413,0.10000000000000001
5,0,0.21298463531777317,0.030256318934997212,0.15706845090079433,-0.0094736511150380846,1000.2250543401644,112.5271700822168,0.10000000000000001
6,0,0.2224551976888258,0.036351630543859294,0.17504484963943656,-0.026335400587166748,999.94308428491331,-28.457857543344289,0.10000000000000001
7,0,0.23014526239790917,0.028466141957147546,0.17090165358615653,-0.00090538949385472994,1000.1501915985883,75.09579929416077,0.10000000000000001
8,0,0.24165028930306542,0.034552735261108351,0.1751728210680121,0.0083189217338342173,1000.1625939375083,81.296968754145382,0.10000000000000001
9,0,0.2482649961906849,0.029715783305598133,0.16685634019951112,-0.011413368998363737,1000.1513228060098,75.661403004914973,0.10000000000000001
10,0,0.25957894622526334,0.029410048394533265,0.15885637800680596,0.022337684401871987,1000.2413675724827,120.68378624132947,0.10000000000000001
11,0,0.26759454444405867,0.032531597323436523,0.16146104046668561,-0.007958855165564346,1000.0126576137313,6.3288068656675023,0.10000000000000001
12,0,0.27886071559691394,0.028602507951448804,0.14955234001171336,0.020532314130468899,1000.3686879467783,184.34397338916142,0.10000000000000001
13,0,0.28696499863718544,0.031823813534677933,0.15595047518704216,-0.0049573960803820961,1000.0548147603629,27.407380181443841,0.10000000000000001
14,0,0.29830244972518027,0.028869049514333136,0.14806071441938207,0.017851741196916751,1000.4479488263099,223.9744131549628,0.10000000000000001
15,0,0.30688203995081242,0.031189228083143165,0.15322487033709406,-0.0079151732507858168,1000.0759265225778,37.963261288894046,0.10000000000000001
16,0,0.31784998046792418,0.02907830074878727,0.14782765944286533,0.0074063154149692587,1000.4780842894506,239.04214472531748,0.10000000000000001
17,0,0.32707939223904975,0.030901120058796094,0.15187048180961835,0.0021240244652288827,1000.2160703156067,108.03515780332873,0.10000000000000001
18,0,0.33750221333213321,0.02925125942784931,0.14877917778449368,-0.0093628875681525444,1000.4013059910014,200.65299550071813,0.10000000000000001
19,0,0.34730781334419475,0.03080380025162641,0.14990755899651761,0.017110629704539297,1000.4505237241475,225.26186207375076,0.10000000000000001
20,0,0.35726594304999448,0.029495081614411646,0.14992830807643104,-0.021028401122687217,1000.2830701270275,141.5350635137429,0.10000000000000001
21,0,0.36739333761832232,0.030429897974468708,0.147808770762863,0.020945408678610777,1000.5981161461019,299.05807305095777,0.10000000000000001
22,0,0.37720902984440086,0.029903832030701682,0.15061123754939393,-0.017530631735988407,1000.2536696991936,126.83484959677571,0.10000000000000001
23,0,0.38733960476619916,0.02995596577925945,0.14767096420418091,0.013596816483655953,1000.5945232267766,297.26161338828661,0.10000000000000001
24,0,0.39728538660843965,0.030309105655137274,0.15093177800202953,-0.0073838211024582949,1000.32227924338,161.13962168998341,0.10000000000000001
25,0,0.40723840742802192,0.029633683672519031,0.14893430393278856,0.0043774745212674243,1000.5265460878107,263.27304390537165,0.10000000000000001
26,0,0.41736161300827956,0.030546839536022222,0.15105505898889007,0.00095122977703142265,1000.40011458065,200.05729032499175,0.10000000000000001
27,0,0.42718847419065187,0.029498537854474895,0.15031070228577326,-0.0016301879938913756,1000.4573607309684,228.68036548419468,0.10000000000000001
28,0,0.43736924971190544,0.030603659759148839,0.15145635609914335,0.0050348007140307805,1000.4277044241848,213.8522120923767,0.10000000000000001
29,0,0.44720540703733908,0.029482872485131897,0.15131213118658454,-0.0039129505469647106,1000.4110987874117,205.54939370583725,0.10000000000000001
30,0,0.45734303333951432,0.030554310795979332,0.15229584266919699,0.0061132244119838867,1000.404771607797,202.38580389849403,0.10000000000000001
31,0,0.46725731894638073,0.029547107068116987,0.15229522101815163,-0.0042428327700108669,1000.3678513222119,183.92566110594544,0.10000000000000001
32,0,0.47731603388160204,0.030460664135704058,0.15318735501049008,0.0057608149696908523,1000.3620873112171,181.04365560856195,0.10000000000000001
33,0,0.4873122996150403,0.029643023364182813,0.15339903317692402,-0.0036470356587804367,1000.3182427127065,159.12135635323921,0.10000000000000001
34,0,0.49731498691018872,0.030368811548134651,0.15405108070754323,0.0047135193102218814,1000.3128762395136,156.43811975678545,0.10000000000000001
35,0,0.50734054359842085,0.029734827775737549,0.15442825874572266,-0.0025829085146965055,1000.2691075190173,134.55375950866255,0.10000000000000001
36,0,0.51734601687606629,0.030290100909555657,0.15494507477833916,0.0034959541179297405,1000.2597180015614,129.8590007806979,0.10000000000000001
37,0,0.52734971325268554,0.029808935072091029,0.15528487963681015,-0.0016824645358520058,1000.2248771326741,112.43856633706173,0.10000000000000001
38,0,0.53738905809008719,0.030232787689833014,0.15574753891819723,0.0025485877022619384,1000.2112269541317,105.61347706584456,0.10000000000000001
39,0,0.54735931965656215,0.029856964388138941,0.15602557012547863,-0.0010426542229577786,1000.185004637783,92.502318891490631,0.10000000000000001
40,0,0.55742785230401659,0.03019809852969001,0.15641428434149676,0.0017466605334421007,1000.1707869656129,85.393482806466636,0.10000000000000001
41,0,0.56737916788283882,0.029885530239985535,0.15664232897755528,-0.00045632323486268487,1000.1532666518033,76.633325901639182,0.10000000000000001
42,0,0.57745529038024868,0.030174155852283176,0.15701743077117183,0.0010839933992998524,1000.1371501138398,68.575056919883082,0.10000000000000001
43,0,0.58741037257668582,0.029907985642349602,0.15716023610656002,-6.4599586851663791e-05,1000.1297012795389,64.850639769474583,0.10000000000000001
44,0,0.59747322674100534,0.030150727711523814,0.1575881125858187,0.00082648089167504087,1000.1113657295691,55.682864784557751,0.10000000000000001
45,0,0.60744726160935469,0.029932271707912267,0.15768507323276618,-6.3751507416605986e-05,1000.1087085082034,54.354254101724564,0.10000000000000001
46,0,0.61748857240921939,0.030124740749300834,0.15812699543239561,0.00098815217451380701,1000.0933392739429,46.669636971444106,0.10000000000000001
47,0,0.62748313653223065,0.029959099567179275,0.15828743001098838,-0.00028467751851913849,1000.0865970181318,43.298509065891722,0.10000000000000001
48,0,0.637506548764468,0.030098603296317767,0.15868871900025583,0.0012889609693391289,1000.0776867706138,38.843385306904565,0.10000000000000001
49,0,0.64751395889332652,0.029984743600951803,0.1589785107068015,-0.00044015643984937083,1000.0620768419682,31.038420984089043,0.10000000000000001
50,0,0.65752880573611339,0.030075584472711369,0.15932923652517522,0.0014428267010546812,1000.058043587136,29.02179356800616,0.10000000000000001
51,0,0.66754046964943936,0.030006018002098071,0.15974413580613689,-0.00036717813815500264,1000.0342909915553,17.145495777640463,0.10000000000000001
52,0,0.67755307548925225,0.030058521551429823,0.16007391291072356,0.001361936420754909,1000.0299229678087,14.96148390435792,0.10000000000000001
53,0,0.68756520830196199,0.030020313890562176,0.16056341969417282,-0.00011899396660904936,1000.0014898018517,0.74490092583801015,0.10000000000000001
54,0,0.69757789580209661,0.030048837219478871,0.16090809271799725,0.0011192703868192584,999.991844635235,-4.0776823825012798,0.10000000000000001
55,0,0.70758957444311665,0.030027726031598125,0.16140546959613217,0.00015669089083663178,999.96221894501707,-18.890527491464582,0.10000000000000001
56,0,0.71760256577762516,0.030045394692494152,0.16179061454411492,0.00086052385079248418,999.94456093101041,-27.719534494792697,0.10000000000000001
57,0,0.72761398007571965,0.030030423427034679,0.16225174464361194,0.00032357636575469162,999.91511153672798,-42.444231636011409,0.10000000000000001
58,0,0.73762714789354966,0.030045136116775166,0.16266160379429054,0.00066183775307924423,999.89045393755396,-54.773031223021462,0.10000000000000001
59,0,0.74763885199400448,0.03003134285223413,0.16308447306139132,0.00037703936590893203,999.86046151589676,-69.769242051620495,0.10000000000000001
60,0,0.75765200121531517,0.030045646651924617,0.16349309622398112,0.00051681849708071681,999.8311530998559,-84.423450072051764,0.10000000000000001
61,0,0.76766425476932409,0.030032261108744886,0.16388494346490606,0.00036454236801676244,999.80021587347812,-99.892063260938357,0.10000000000000001
62,0,0.77767746765528289,0.03004578832486916,0.16428535843178074,0.00042064580928473269,999.76814404527067,-115.92797736466309,0.10000000000000001
63,0,0.78769051099313903,0.030033612571509414,0.16466347988720206,0.00033431995681929786,999.73630030844913,-131.84984577543446,0.10000000000000001
64,0,0.79770371900467585,0.030045775461997708,0.16506461106435538,0.00037512014035360775,999.70292709611567,-148.53645194216369,0.10000000000000001
65,0,0.80771752506362005,0.030034947444772551,0.16545654937150484,0.00032961054680925519,999.67037633452662,-164.81183273668876,0.10000000000000001
66,0,0.81773125142283765,0.030045648816885089,0.16588647496791514,0.00038843430914378897,999.63647751494568,-181.76124252715908,0.10000000000000001
67,0,0.82774565441054049,0.030036353382031249,0.16632534647353162,0.0003707180617278002,999.60343515670547,-198.28242164726362,0.10000000000000001
68,0,0.83776020305354981,0.030045236185901675,0.1668194268729343,0.00046808409732471828,999.56939811583447,-215.30094208276296,0.10000000000000001
69,0,0.84777533972442698,0.030037974467533812,0.16734485860095311,0.00046755726275847617,999.53569823827092,-232.15088086453761,0.10000000000000001
70,0,0.85779052229766284,0.030044877628368161,0.16793675737043298,0.00059967924588505363,999.50150751063279,-249.24624468360435,0.10000000000000001
71,0,0.86780654485905628,0.030039364899950266,0.16858078865279713,0.00061711554052280794,999.46698578830433,-266.5071058478361,0.10000000000000001
72,0,0.87782275419602351,0.030044567174050095,0.16929839796285923,0.00075991262290442841,999.43212933823975,-283.93533088012646,0.10000000000000001
73,0,0.88783996546549404,0.030040386146849521,0.17008007637549499,0.00079942446336889617,999.39668734403062,-301.65632798468778,0.10000000000000001
74,0,0.89785765548728291,0.03004430539199044,0.17093614131235799,0.00091997635790931631,999.36057261565406,-319.71369217296797,0.10000000000000001
75,0,0.90787639280939514,0.030041186653387428,0.17185926220651571,0.00098604819133590979,999.32416807030245,-337.91596484877573,0.10000000000000001
76,0,0.91789580284142203,0.030043977149910746,0.172848319495473,0.0010553909027726086,999.28653914461108,-356.73042769445829,0.10000000000000001
77,0,0.92791615413791162,0.030042297675406063,0.17390186389780046,0.0011453344380807395,999.24919167203905,-375.40416398047682,0.10000000000000001
78,0,0.93793704747173068,0.030043519676220608,0.17500379272246364,0.0011540956350212549,999.21038595763571,-394.80702118214595,0.10000000000000001
79,0,0.94795917385702977,0.030043493703835494,0.17616113722675616,0.0012464310193460526,999.17229590770853,-413.85204614573468,0.10000000000000001
80,0,0.95798204140257481,0.030042537720913181,0.17734993498924906,0.0012241678046001621,999.13335072092548,-433.32463953726119,0.10000000000000001
81,0,0.96800676628800275,0.030044236451904197,0.17857783733275123,0.0012679965020607105,999.09487470186059,-452.562649069705,0.10000000000000001
82,0,0.97803247706027363,0.030041507926585373,0.17982655334137243,0.0012815443669230654,999.057457694101,-471.27115294949817,0.10000000000000001
83,0,0.98806021306513192,0.03004421298812994,0.18109342132232123,0.0012158644539502256,999.01930242204151,-490.34878897924727,0.10000000000000001
84,0,0.99808908868232127,0.030041454746918033,0.18237995602321591,0.0013306240172236573,998.98511162401849,-507.44418799075675,0.10000000000000001
85,0,1.0081195336144126,0.03004293257149936,0.18366113230042561,0.0011313665046680833,998.94880417556794,-525.59791221602836,0.10000000000000001
86,0,1.0181516305594789,0.030042909232884746,0.18496889984901663,0.0013502083005559669,998.91877561838305,-540.61219080847422,0.10000000000000001
87,0,1.0281845850720135,0.030039898241006918,0.18625299045735383,0.0010873093184076712,998.88685623295282,-556.57188352358844,0.10000000000000001
88,0,1.0382203117271289,0.030045205844922727,0.18757032314276864,0.001299474036779326,998.86082660382988,-569.58669808506102,0.10000000000000001
89,0,1.0482563197528236,0.030035736033282606,0.18886147630188965,0.001155865993005851,998.83648916179379,-581.75541910310358,0.10000000000000001
90,0,1.0582960379382504,0.030046826116263532,0.19018118367998799,0.0011524439839037466,998.81353298743579,-593.23350628210392,0.10000000000000001
91,0,1.0683355206851439,0.030033215312919231,0.19149462908402398,0.0013537749953447284,998.79945376308524,-600.27311845738041,0.10000000000000001
92,0,1.0783782507476956,0.03004560845411822,0.19281280704962245,0.00094319939031551605,998.77921978576421,-610.39010711789388,0.10000000000000001
93,0,1.0884212930825781,0.030035229792596062,0.19416337971123276,0.0015971655525414837,998.77572636449077,-612.13681775461737,0.10000000000000001
94,0,1.0984659233726168,0.030038817444243686,0.19547653328546344,0.00078681111360727734,998.75995880445578,-620.02059777211116,0.10000000000000001
95,0,1.1085135049655483,0.030042595469510092,0.19686689589440798,0.0017081675825438665,998.76370601328551,-618.14699335724299,0.10000000000000001
96,0,1.1185598695414545,0.030026293226701948,0.19817290860477521,0.00084603024607626158,998.75687693069051,-621.56153465474517,0.10000000000000001
97,0,1.1286125911615326,0.030053403016534933,0.19958419103439398,0.0014944167436404031,998.76126572242879,-619.36713878560568,0.10000000000000001
98,0,1.1386606178503376,0.030012750978786883,0.20088081212938066,0.0012308475762708342,998.76908787672392,-615.45606163804223,0.10000000000000001
99,0,1.1487172345265484,0.030061761320795029,0.2022686213684193,0.00088187053425683418,998.76712643945143,-616.4367802742845,0.10000000000000001
100,0,1.158767276125368,0.030006544617061679,0.20355097191809052,0.0018687845468900132,998.79289866651993,-603.5506667400341,0.10000000000000001
101,0,1.1688252025366632,0.03005887438992871,0.2048518445560891,3.5791117895395578e-05,998.7818762478538,-609.06187607309903,0.10000000000000001
102,0,1.1788788658530762,0.03001580049038087,0.20610637565064002,0.0024298807205957139,998.82207339476781,-588.96330261609364,0.10000000000000001
103,0,1.1889357508275138,0.03003767412927897,0.20724924663633168,-0.00062391927848791655,998.80753302347739,-596.23348826130496,0.10000000000000001
104,0,1.1989954227600599,0.030043469069901494,0.20845175009201902,0.002414749649480347,998.84978530072362,-575.10734963818777,0.10000000000000001
105,0,1.2090496372268764,0.029999736563435832,0.2093783961091582,-0.00058301745423810483,998.84572587685057,-577.13706157471734,0.10000000000000001
106,0,1.2191158251785428,0.030083038787309856,0.21049379679767019,0.0014159426079911454,998.87169170201582,-564.15414899208827,0.10000000000000001
107,0,1.2291663386615426,0.02995850845442961,0.21118400717199109,0.00045649643001841397,998.89517632348827,-552.41183825586404,0.10000000000000001
108,0,1.2392365763324062,0.030116779623349722,0.21216328356805625,-0.00057422517407910653,998.88862923001147,-555.68538499426268,0.10000000000000001
109,0,1.2492847049159146,0.029935674091958592,0.21265215982762431,0.0022644028175923896,998.95039054811571,-524.80472594214689,0.10000000000000001
110,0,1.259354898230252,0.030121704962048978,0.2134322270204996,-0.0029832575204501739,998.90778505886351,-546.10747056824493,0.10000000000000001
111,0,1.2694039797271752,0.029952362173414758,0.21379517776614906,0.0039855989726827077,999.00278084113495,-498.60957943252515,0.10000000000000001
112,0,1.2794694724597699,0.030081501665084415,0.21430414225396882,-0.0047319584403659994,998.94030452407048,-529.84773796475793,0.10000000000000001
113,0,1.2895226971888789,0.030016141128893579,0.21463121813958883,0.0044549071892739846,999.0443165654292,-477.84171728540059,0.10000000000000001
114,0,1.2995799514441275,0.02999829210488816,0.21481465154016421,-0.0046506289811216938,998.99536178611049,-502.31910694475346,0.10000000000000001
115,0,1.3096383939460658,0.030112395440810499,0.21519461858225436,0.0028354432995366468,999.07119997402424,-464.40001298788047,0.10000000000000001
116,0,1.3196860173612974,0.029897962707055033,0.2150644998926842,-0.0021473935236963212,999.07369889765539,-463.15055117230486,0.10000000000000001
117,0,1.3297493226952852,0.030205371339086438,0.21557163678615174,-0.00083881583292332441,999.08658524548844,-456.70737725578192,0.10000000000000001
118,0,1.3397885893498456,0.029823727704396522,0.21524300423021883,0.0022508737540845565,999.1662037060222,-416.89814698889904,0.10000000000000001
119,0,1.3498552409962612,0.030251699968189646,0.21585835403360476,-0.0055763841150930533,999.10009759328591,-449.95120335704542,0.10000000000000001
120,0,1.3598878380387096,0.029817350761324763,0.21552104962910437,0.0069265113225867782,999.25706457127785,-371.46771436107429,0.10000000000000001
121,0,1.3699559026849273,0.030218925962498592,0.21611240916052238,-0.0096294740078452182,999.12711215673335,-436.44392163332668,0.10000000000000001
122,0,1.3799817642147523,0.029896491407338091,0.21591859766335827,0.0097400012276116603,999.32873678481496,-335.63160759251787,0.10000000000000001
123,0,1.3900506155211882,0.030102769525369305,0.21630410912654496,-0.010970166457561893,999.18111746001534,-409.44126999232822,0.10000000000000001
124,0,1.4000703437173458,0.030042806921980771,0.21633817569143551,0.0089998097649724093,999.36730185816964,-316.34907091518016,0.10000000000000001
125,0,1.4101401584705351,0.029937849936548976,0.21639614157298892,-0.0082301075414453785,999.26353504294684,-368.23247852657914,0.10000000000000001
126,0,1.4201575094312686,0.030206705731628276,0.21673888076521272,0.004354391995809598,999.3678148989037,-316.09255054814867,0.10000000000000001
127,0,1.4302270894969742,0.029787484449022999,0.2164949895944587,-0.001708419693863583,999.36113811774203,-319.43094112898507,0.10000000000000001
128,0,1.440248740144662,0.030327014829452471,0.21715958315098469,-0.0030496086823128244,999.33739522340682,-331.3023882965922,0.10000000000000001
129,0,1.4503096377984115,0.029716308321611276,0.21678770450529153,0.0064491163913475919,999.45297766989631,-273.51116505184336,0.10000000000000001
130,0,1.4603436339666132,0.030350938949876144,0.21760300373809,-0.010836373205016346,999.2981718487182,-350.91407564090105,0.10000000000000001
131,0,1.4703805824932881,0.029760968643413793,0.21726405315045874,0.01298725496644542,999.51774676236801,-241.12661881599706,0.10000000000000001
132,0,1.480435579195539,0.030253387030594953,0.21794659970767599,-0.015831925859255684,999.28197751777452,-359.0112411127393,0.10000000000000001
133,0,1.4904390336618436,0.029913756026612115,0.21769428846728583,0.014852273162087957,999.54044911507754,-229.77544246123216,0.10000000000000001
134,0,1.5005216690508154,0.030059250489321201,0.21800502072314376,-0.015264190603556424,999.31106347967432,-344.46826016284149,0.10000000000000001
135,0,1.510497116086978,0.030120193326880575,0.21792113594745546,0.010733761892909964,999.51512829245485,-242.43585377257659,0.10000000000000001
136,0,1.5206083002626314,0.029847895200864807,0.21785800094006266,-0.0084308469348527374,999.38495956668589,-307.52021665705342,0.10000000000000001
137,0,1.5305698729900876,0.030297211007564832,0.21805772446295182,0.0016476184727698688,999.44893610786892,-275.53194606554143,0.10000000000000001
138,0,1.5406957912559682,0.029722590074334292,0.21796678202839989,0.0025253204221687888,999.48598907249402,-257.00546375298927,0.10000000000000001
139,0,1.5506550694141441,0.030360406540113384,0.21837997158712064,-0.00945955941853527,999.37406410119377,-312.96794940311656,0.10000000000000001
140,0,1.5607688960180786,0.029755269545190904,0.21855239442522836,0.013008924588719814,999.58308441425902,-208.45779287049027,0.10000000000000001
141,0,1.5707371439394009,0.030251388697178576,0.21893827805384206,-0.017973029141208699,999.34334486724492,-328.32756637753846,0.10000000000000001
142,0,1.5808154597128483,0.029958986502745297,0.21936310575382834,0.017902225804973151,999.64924200688097,-175.37899655951605,0.10000000000000001
143,0,1.5908074639871117,0.029967283306271072,0.219438840125246,-0.019192797609625098,999.39928432161514,-300.35783919242931,0.10000000000000001
144,0,1.6008603402774462,0.030282492286700286,0.22014486506562447,0.014649476485806553,999.66953255757164,-165.23372121417879,0.10000000000000001
145,0,1.610867505011965,0.029603473300244675,0.21963963794765551,-0.011594974894011867,999.53093173800141,-234.53413099929321,0.10000000000000001
146,0,1.6209365198211036,0.030621006340840869,0.2213006291682002,0.0053460820035964966,999.6563290339617,-171.83548301915152,0.10000000000000001
147,0,1.6309154406263113,0.029314403411367273,0.2199989109019112,0.00087964695225808487,999.68626307041393,-156.8684647930354,0.10000000000000001
148,0,1.6410311590263633,0.030875956067076316,0.22322427643726148,-0.005274287434730845,999.64206354378018,-178.96822810990898,0.10000000000000001
149,0,1.6509298255762337,0.029174353073775996,0.22107897596967918,0.011753925461381818,999.82485079000242,-87.574604998792438,0.10000000000000001
150,0,1.6611158977076275,0.030996516420315014,0.22557991944686634,-0.013254242035541609,999.6531983998691,-173.40080006545122,0.10000000000000001
151,0,1.6708866973735987,0.029159066385318035,0.22280247946035836,0.01777756735478319,999.94094779819045,-29.526100904774921,0.10000000000000001
152,0,1.6811870236538855,0.030960007045242183,0.22756956820298652,-0.017591149730246402,999.68073493471934,-159.63253264033028,0.10000000000000001
153,0,1.6908278849295242,0.029209352639564368,0.22515980752048012,0.021015679623142176,1000.0629623771176,31.48118855881421,0.10000000000000001
154,0,1.7012665264993461,0.030861883887859105,0.22898519076006416,-0.020346099245422883,999.70427901336825,-147.86049331587492,0.10000000000000001
155,0,1.7107605637798429,0.029192829068321133,0.22733146135729837,0.023805645748632601,1000.1594870720355,79.743536017758743,0.10000000000000001
156,0,1.7214017388128462,0.03098062855241647,0.23134431906689298,-0.019250185892286296,999.78337586153441,-108.31206923279524,0.10000000000000001
157,0,1.7306062545095506,0.028932156648550401,0.2278085117266071,0.021109510654603651,1000.1374497604448,68.72488022241896,0.10000000000000001
158,0,1.7416132621242275,0.031633252329090006,0.23601445671638036,-0.0061218326394698926,1000.0097304204506,4.8652102253186058,0.10000000000000001
159,0,1.7503820005241533,0.028383041470760085,0.22777857112305638,0.008681992601510452,1000.0330390299904,16.51951499519555,0.10000000000000001
160,0,1.7618621172635509,0.032967946380344469,0.23990505645460106,0.016614757379178533,1000.2996094669156,149.8047334578132,0.10000000000000001
161,0,1.77018102444641,0.027983655113898664,0.22972604632888335,0.0072273782012113848,1000.0704391262433,35.219563121643205,0.10000000000000001
162,0,1.7820816066156278,0.034743668314061414,0.24149252678286373,0.037293788277484183,1000.6102293601883,305.11468009416376,0.10000000000000001
163,0,1.790052498434952,0.028382417244892131,0.23366535882283951,0.026440657201392381,1000.2413935357087,120.69676785432648,0.10000000000000001
164,0,1.8022573123862793,0.036123961083452276,0.24484099435136611,0.034640082195683417,1000.6506306418676,325.31532093378246,0.10000000000000001
165,0,1.8100851572597112,0.029312984431177302,0.23762868060075965,0.039988604270556179,1000.3887275466292,194.36377331459198,0.10000000000000001
166,0,1.8225356549524074,0.036793394880605797,0.24809426211237948,0.014010970128114428,1000.3121950659123,156.09753295615292,0.10000000000000001
167,0,1.8303099373678806,0.03050076956354815,0.24010416534217624,0.047588155085238414,1000.5647289522507,282.36447612533766,0.10000000000000001
168,0,1.8431915317789476,0.037303022850835026,0.24953686986808185,0.0043278763768525349,1000.2176096141554,108.80480707771767,0.10000000000000001
169,0,1.8505574277075332,0.031606266223552386,0.23859614873895379,0.021661193685938596,1000.3079469393322,153.97346966608438,0.10000000000000001
170,0,1.8638742128256716,0.038086185506725226,0.24642431012974267,-0.010944021816543671,999.65806035287221,-170.9698235638939,0.10000000000000001
171,0,1.8710738391426471,0.031622280982420599,0.23405660417687965,0.018489816761424586,1000.2939536598933,146.97682994665229,0.10000000000000001
172,0,1.8846314842196783,0.037403152582892903,0.23909813006161523,-0.016659033000109163,999.52998098614592,-235.00950692704237,0.10000000000000001
173,0,1.8914291691375211,0.032675400794752681,0.22613659608053766,0.028436599626620401,1000.4360445470994,218.02227354970682,0.10000000000000001
174,0,1.9042285917655379,0.036738886283516715,0.22652849424025312,-0.015631200678791739,999.84771178021174,-76.144109894130452,0.10000000000000001
175,0,1.9097128448542937,0.032640990686821733,0.22476834285359873,-0.00061639702155504288,1000.1941988373474,97.099418673678883,0.10000000000000001
176,0,1.9333217188174114,0.040726672229998158,0.25059724084930746,0.00086184212281374478,1000.5068903295191,253.4451647595688,0.10000000000000001
177,0,1.9324438027354833,0.038766818770425905,0.25334807186069225,-0.020174302119060926,999.76590453597692,-117.04773201154239,0.10000000000000001
178,0,1.9621094873798275,0.043614271133119595,0.2509233357401166,-0.02429462981554702,1000.0235012927724,11.750646386190056,0.10000000000000001
179,0,1.9116337322482524,0.0032052575119567738,0.029306453896604551,0.02412812516525556,999.75571656109798,-122.14171945100816,0.10000000000000001
180,0,1.9578804481778935,0.045280613866898835,0.25309935064411387,-0.025400339071515277,1000.0439888327286,21.994416364293556,0.10000000000000001
181,0,0.15944146584340008,0.048369735137012093,0.1885609095207138,-6.697947993344811e-05,1000.0335942831165,16.797141558242856,0.10000000000000001
182,0,0.16030854916495596,0.046480092808586046,0.18795500187276379,-0.0029149496565164137,1000.0294002999583,14.700149979148591,0.10000000000000001
183,0,0.17423197406124319,0.044727488008927889,0.18190098135363919,-0.0176185768136559,1000.0238945600657,11.947280032870822,0.10000000000000001
184,0,0.19133875463544722,0.019688662839371956,0.096011811049719842,-0.0078624128949412765,1000.015250632831,7.6253164154991282,0.10000000000000001
185,0,0.20198136170736408,0.035955810267617412,0.15248561450611198,0.0185054410666812,1000.587682085844,293.84104292199709,0.10000000000000001
186,0,0.21150888151083033,0.030560595486248371,0.15307382181678125,-0.0029054553576835442,1000.2495040262177,124.75201310883222,0.10000000000000001
187,0,0.22258466820831704,0.043656920885589388,0.16978650698735667,-0.014403505195061936,1000.4522202767963,226.11013839815541,0.10000000000000001
188,0,0.23231084404036631,0.03546311405995025,0.17930149543229101,0.007084930190903155,1000.3635986066299,181.79930331496053,0.10000000000000001
189,0,0.24287570807114306,0.043972044082945271,0.17180236066473389,0.0079643494164825818,1000.0795218099997,39.760904999866398,0.10000000000000001
190,0,0.25204569742936322,0.03814106620657632,0.16908755345142257,0.0073302166570389108,1000.2152773047059,107.63865235293224,0.10000000000000001
191,0,0.26263878880854141,0.043016002681780185,0.16671771563132901,0.014816639049905744,1000.3895624444195,194.78122220976957,0.10000000000000001
192,0,0.27147432784825531,0.037931400966561162,0.16377840938995342,0.001456150673340514,1000.1603302876671,80.165143833539787,0.10000000000000001
193,0,0.28215849474602311,0.042047118038080207,0.16201913634597367,0.013234854548790311,1000.5371709181296,268.58545906480913,0.10000000000000001
194,0,0.29139483157733792,0.038836425243821027,0.1626542093985453,-0.0048873542756513386,1000.0336318987323,16.815949366161931,0.10000000000000001
195,0,0.30163518114859655,0.040823915014282973,0.15929803965506517,0.0089660733788988391,1000.5765936905378,288.29684526891697,0.10000000000000001
196,0,0.31149616364221494,0.039827570576649741,0.16277556814671951,-0.0025527156256896924,1000.1399420323476,69.971016173781209,0.10000000000000001
197,0,0.32128408823197629,0.039898752729972932,0.15804198312987575,0.0024864084601394758,1000.4409057331821,220.45286659107433,0.10000000000000001
198,0,0.33147797433598108,0.040545312602986716,0.16247337750513577,0.0011992990796548012,1000.3563521060032,178.17605300160722,0.10000000000000001
199,0,0.34114579957615837,0.039341418594598408,0.15788845694639725,-0.0042967838993650739,1000.2669699191017,133.48495955085582,0.10000000000000001
200,0,0.35139444443911383,0.04075933748742195,0.16117617694277106,0.00391031894416721,1000.5388501251034,269.42506255170429,0.10000000000000001
201,0,0.3611932773837887,0.039413976943064179,0.15865954243557959,-0.005898001605323412,1000.2107628856814,105.38144284072359,0.10000000000000001
202,0,0.37127190588143072,0.040479131836048038,0.15956146446453984,0.0046019112925761701,1000.599345370647,299.67268532351454,0.10000000000000001
203,0,0.38127867972029361,0.039858409274505263,0.16026105698323662,-0.0033676331798275605,1000.2728770534417,136.43852672083767,0.10000000000000001
204,0,0.39120489230337663,0.039996032194517583,0.15900524701256591,0.003226528618417089,1000.5626258821553,281.31294107765825,0.10000000000000001
205,0,0.40130517891431322,0.040285365535314525,0.1616820844165141,-0.00011595089763242672,1000.3799386561619,189.9693280809629,0.10000000000000001
206,0,0.41122940072349162,0.039643367327662243,0.15979915598358277,0.0003693647131906289,1000.4597149432847,229.85747164233317,0.10000000000000001
207,0,0.42126612491337706,0.040472055215667178,0.16239828930255873,0.0022585639476846863,1000.4780505830713,239.02529153565411,0.10000000000000001
208,0,0.43129408672917796,0.039554992344638211,0.16143139534275405,-0.0017918033490328226,1000.3555537665007,177.77688325037388,0.10000000000000001
209,0,0.44122993145008482,0.040446529813170415,0.16294418774061872,0.0032923455139099527,1000.5178788818125,258.93944090626064,0.10000000000000001
210,0,0.45134138010011438,0.039633062133924708,0.16309092233428624,-0.0024562552466040975,1000.2901978636399,145.09893181997313,0.10000000000000001
211,0,0.46123175915591191,0.040327762609359011,0.16390551028098232,0.003466418482672479,1000.4971524901397,248.57624506984166,0.10000000000000001
212,0,0.47137142671916071,0.039762110408613695,0.16452501037544068,-0.0023231808768253187,1000.2512818641484,125.64093207419091,0.10000000000000001
213,0,0.48127118661694535,0.040210538083733406,0.16509559147622219,0.0033321549921613886,1000.4478110457804,223.90552289022025,0.10000000000000001
214,0,0.49138682741581508,0.03985683783249605,0.1658864415205864,-0.0019833743022791314,1000.2148171416302,107.40857081509603,0.10000000000000001
215,0,0.50133391829934559,0.040157430340197066,0.16624354567216937,0.0030677191300381595,1000.3913557283984,195.6778641991832,0.10000000000000001
216,0,0.51140176976458918,0.039883882281102366,0.16711665388383595,-0.0016170041215207568,1000.1793558757196,89.677937859789836,0.10000000000000001
217,0,0.52139364054942561,0.040158949158431816,0.16733652649613051,0.0027053189091379667,1000.3320814117901,166.04070589505682,0.10000000000000001
218,0,0.53143131412535249,0.039875286740742075,0.1680887790956174,-0.0012863845394162424,1000.148963994857,74.481997428506475,0.10000000000000001
219,0,0.54144185786741716,0.040173047938781473,0.16832561602339197,0.0023261398974727338,1000.274934177966,137.46708898298721,0.10000000000000001
220,0,0.55147441697864863,0.039868296987629497,0.1688656642947583,-0.0010027698023163383,1000.1233597574104,61.679878705206193,0.10000000000000001
221,0,0.56148288708673166,0.040173319032852352,0.16912277757264579,0.0019714295402808984,1000.2254540930404,112.72704652020593,0.10000000000000001
222,0,0.57152385602728983,0.039880935583988808,0.16953882264746747,-0.00073220508226501521,1000.1023482257858,51.174112892908852,0.10000000000000001
223,0,0.58152321535666329,0.040153089283780349,0.16977450157092047,0.0016581315539171461,1000.1842449383711,92.122469185540012,0.10000000000000001
224,0,0.59157298733592234,0.039910743617113179,0.17013620156344378,-0.0004724760481639592,1000.0860645879574,43.032293978683356,0.10000000000000001
225,0,0.60156687782491136,0.040122033183272128,0.17038454658954427,0.0014246050346332639,1000.1502389159223,75.119457961136504,0.10000000000000001
226,0,0.61161907686583161,0.039944074310768921,0.17071483280341243,-0.00024898976647872291,1000.0718028281556,35.901414077784466,0.10000000000000001
227,0,0.62161423643372804,0.04009321719866369,0.17101405135517322,0.0012863111198791793,1000.1215243112025,60.762155601253198,0.10000000000000001
228,0,0.63166241272412971,0.039970826252123795,0.17135383461216855,-5.5311854712191579e-05,1000.056368520243,28.18426012152031,0.10000000000000001
229,0,0.64166415758148732,0.040073221238913229,0.17170638895805057,0.0012120661463764983,1000.094338754124,47.169377062004969,0.10000000000000001
230,0,0.6517049760511211,0.039988334498868704,0.17209544350769365,0.00012701005030444598,1000.0376930784672,18.846539233607018,0.10000000000000001
231,0,0.6617141046806454,0.040060862757091059,0.17249213384733694,0.0011570957656866594,1000.0640680776534,32.034038826679989,0.10000000000000001
232,0,0.67174904524380241,0.040000183725684077,0.17294634559114261,0.00030135112851582482,1000.013708007224,6.8540036119770775,0.10000000000000001
233,0,0.68176319283675246,0.040052580380191369,0.17336798318656124,0.0010959733699383723,1000.028044557145,14.022278572497271,0.10000000000000001
234,0,0.69179455801682721,0.040008593463171489,0.17388142499522269,0.00045240693956088572,999.9824894186404,-8.7552906798009644,0.10000000000000001
235,0,0.70181193574382128,0.040047195728414225,0.17430918577455454,0.001019397992009107,999.98489162236478,-7.55418881760761,0.10000000000000001
236,0,0.71184120160493958,0.040014641545461811,0.17484616383480547,0.00056510744239390853,999.94325068813771,-28.374655931145298,0.10000000000000001
237,0,0.72186102724682133,0.040043910213633162,0.17527708563326483,0.00093496883066308118,999.93469488257517,-32.652558712413793,0.10000000000000001
238,0,0.73188885363984213,0.040019243595634933,0.17579005766337744,0.00062548257697386952,999.89591803276721,-52.040983616393532,0.10000000000000001
239,0,0.74191040210852821,0.040041567911737047,0.17621685417720498,0.0008567597758029242,999.87865934332683,-60.670328336584589,0.10000000000000001
240,0,0.75193735739106604,0.040023137513784883,0.17668571908535999,0.00064151243352662726,999.84126469848889,-79.367650755557406,0.10000000000000001
241,0,0.76196011543268916,0.040039905561779804,0.17709350821892439,0.0007906265502815148,999.81806932175061,-90.965339124693401,0.10000000000000001
242,0,0.77198681931686208,0.040026222631223393,0.17752092453501125,0.00063898827396219684,999.78107595999916,-109.46202000042149,0.10000000000000001
243,0,0.78201048627919678,0.040038667610923923,0.17791198791757087,0.00074657010476048718,999.75398919824272,-123.00540087863965,0.10000000000000001
244,0,0.79203757620539295,0.040028622360105327,0.17831705114234198,0.00064398020298959307,999.71709959710745,-141.45020144627551,0.10000000000000001
245,0,0.80206239181618255,0.040037977744839019,0.17871141696968587,0.0007387949904916907,999.68756949421072,-156.21525289463989,0.10000000000000001
246,0,0.81208983944152002,0.040030243603037391,0.17913051069973143,0.00068050854327159776,999.65071539560677,-174.64230219661658,0.10000000000000001
247,0,0.82211574379932706,0.040037611409430983,0.17956485278169784,0.00077819199185243343,999.6195918552155,-190.20407239224824,0.10000000000000001
248,0,0.83214352632364286,0.040031722608187721,0.18004225654939643,0.0007613161482534147,999.58280290418031,-208.598547909844,0.10000000000000001
249,0,0.84217011343209891,0.040037151432467777,0.18056178525044297,0.00086922420333720247,999.55048369831343,-224.75815084328588,0.10000000000000001
250,0,0.85219853826783221,0.040033242553265076,0.1811440328668939,0.00088674862098684563,999.5136350177047,-243.18249114764967,0.10000000000000001
251,0,0.8622259632812358,0.040036727356666649,0.1817894310923994,0.0010032061647392452,999.48024471813801,-259.87764093099486,0.10000000000000001
252,0,0.87225508528223517,0.040034108076299472,0.18251414387159709,0.0010456727617755401,999.44306220551414,-278.46889724293078,0.10000000000000001
253,0,0.88228357689897241,0.040036142243715253,0.18331432289261057,0.0011627092194813279,999.4085439420146,-295.72802899269846,0.10000000000000001
254,0,0.89231344771377774,0.040034310046467764,0.18420100009707463,0.0012164055432281194,999.37073666015431,-314.63166992284641,0.10000000000000001
255,0,0.90234309781899291,0.040035384056998045,0.18516642804964725,0.0013258687800327001,999.33502678667583,-332.48660666208707,0.10000000000000001
256,0,0.91237374960635986,0.040034118221657443,0.18621408193387487,0.0013747860192293633,999.29636355331536,-351.81822334232038,0.10000000000000001
257,0,0.92240463811691631,0.040034662601238495,0.18733302214006897,0.0014706361240042546,999.25961421613135,-370.19289193432314,0.10000000000000001
258,0,0.93243649739058809,0.040033868573069141,0.18852392780598765,0.001503150727378569,999.22013187087123,-389.93406456438606,0.10000000000000001
259,0,0.94246883408943594,0.040034020143248202,0.18976581250629115,0.0015787781880750409,999.18263233497578,-408.68383251211071,0.10000000000000001
260,0,0.95250203040339243,0.040032940144918081,0.19106690053705253,0.0015957748742004385,999.14303627621575,-428.48186189212356,0.10000000000000001
261,0,0.96253562484012878,0.040032653879078436,0.19239537345912419,0.0016422822576403159,999.10510216580701,-447.44891709649437,0.10000000000000001
262,0,0.97257017549715519,0.040030967404657163,0.1937657523633167,0.0016560023448973192,999.06677077375798,-466.61461312100982,0.10000000000000001
263,0,0.98260511043845578,0.04003052340551258,0.195146401197233,0.0016651445633526834,999.02897447146347,-485.51276426826462,0.10000000000000001
264,0,0.99264145348751998,0.040028624338943601,0.19654890386421053,0.0016924061599196429,998.99352378055823,-503.23810972088268,0.10000000000000001
265,0,1.0026782400045302,0.040028044222966241,0.19795596506708313,0.0016630281369246333,998.95700639773122,-521.4968011343899,0.10000000000000001
266,0,1.0127166855011311,0.040026508960894075,0.19936228059723882,0.0017127964510247182,998.92576600323184,-537.11699838407867,0.10000000000000001
267,0,1.0227555046112917,0.040025240757191605,0.2007811704638213,0.0016605721361050191,998.89241858652383,-553.79070673808428,0.10000000000000001
268,0,1.0327954057051403,0.040024565052014925,0.20217830994916275,0.0017196649776216077,998.86586288888248,-567.06855555876245,0.10000000000000001
269,0,1.0428357463023397,0.040021682741490677,0.20360250469704516,0.0016824520030381618,998.83843249313054,-580.78375343472999,0.10000000000000001
270,0,1.0528760956871812,0.040022276690846119,0.204996778309921,0.0017108255090950491,998.81590659952246,-592.04670023876815,0.10000000000000001
271,0,1.062917889809085,0.040017685001379588,0.20642298880431972,0.0017396872918533928,998.7974041988216,-601.29790058920207,0.10000000000000001
272,0,1.0729590216476399,0.040019645097580075,0.20783618568467513,0.0016866751272116376,998.77779234562809,-611.10382718595702,0.10000000000000001
273,0,1.0830030304816851,0.040014343560647231,0.20926169210156464,0.0018192372122427954,998.77017661581067,-614.91169209466534,0.10000000000000001
274,0,1.0930460137560816,0.04001580437641495,0.2107146121486555,0.001659849301071231,998.75322318316864,-623.38840841567844,0.10000000000000001
275,0,1.1030920070856798,0.040011995443616964,0.21213665778641622,0.0018822579687227277,998.75579906552252,-622.10046723873802,0.10000000000000001
276,0,1.1131371901146216,0.04000956061363431,0.21363165964833888,0.0016557479993373019,998.74353608355329,-628.23195822335265,0.10000000000000001
277,0,1.1231836810011495,0.040011333522705091,0.21505127471731353,0.0018736216614181325,998.75201979228336,-623.99010385831843,0.10000000000000001
278,0,1.1332311056750906,0.040001686174882131,0.21655725901502482,0.001698280719866136,998.74907699804839,-625.46150097580266,0.10000000000000001
279,0,1.1432768651668186,0.040012551104099237,0.21797831946624252,0.00174804679243246,998.75629886251693,-621.85056874153588,0.10000000000000001
280,0,1.1533266193947675,0.039994305965825185,0.21942951347967646,0.0017877893562258656,998.7683485159082,-615.82574204589946,0.10000000000000001
281,0,1.1633716638119747,0.04001333329916,0.22084876892327374,0.0015036882365486491,998.76717831521137,-616.41084239431621,0.10000000000000001
282,0,1.1734232069899633,0.03999042320072476,0.22216592864159004,0.0018770959040703818,998.79740211164994,-601.29894417502783,0.10000000000000001
283,0,1.1834684738900412,0.040009115258415648,0.22355025199253023,0.0012000692606922829,998.78511644513935,-607.44177743032424,0.10000000000000001
284,0,1.1935198299533862,0.039993393792306979,0.22467790338227656,0.001870981441766317,998.83023841515819,-584.88079242090407,0.10000000000000001
285,0,1.2035667845001996,0.039996182981783084,0.22594846718288478,0.00095090231072147123,998.81243711886987,-593.78144056506699,0.10000000000000001
286,0,1.2136155724344577,0.040005881229179488,0.22688697795177609,0.0016626692530334734,998.86070433454984,-569.64783272508157,0.10000000000000001
287,0,1.2236658830865119,0.039975586392595873,0.22792616763698606,0.00088151394647638013,998.85183950997691,-574.08024501154387,0.10000000000000001
288,0,1.2337107654592878,0.040025866666115129,0.22873199659948268,0.0011989578398408115,998.88518155969996,-557.4092201500207,0.10000000000000001
289,0,1.2437645761568787,0.039953922544944703,0.22942058821970363,0.0010525840223844503,998.90370909003718,-548.14545498140888,0.10000000000000001
290,0,1.253805768045652,0.04004347853389683,0.23016671557873367,0.00052924657819851937,998.90481644558429,-547.59177720785601,0.10000000000000001
291,0,1.2638608744494859,0.039943949660783955,0.23045017116457109,0.0013762059342550541,998.96395102663735,-518.02448668132683,0.10000000000000001
292,0,1.2739007226456851,0.040044300905582059,0.23114823980722943,-0.00018723038636636979,998.92577591339113,-537.11204330443252,0.10000000000000001
293,0,1.2839534996616286,0.03995975531344368,0.23110073960061459,0.0016158653828876892,999.02411402602138,-487.94298698931016,0.10000000000000001
294,0,1.2939956308879297,0.040015919785621787,0.23166226482539229,-0.00070084073596408903,998.95832988552138,-520.83505723931012,0.10000000000000001
295,0,1.3040424125506491,0.040007435667548788,0.23149548008676074,0.0015206673330484778,999.0748608818941,-462.56955905295172,0.10000000000000001
296,0,1.314089638643108,0.039957752079680914,0.23176841233023365,-0.00073011987841865899,999.01274733851665,-493.62633074167661,0.10000000000000001
297,0,1.3241282096214688,0.040076403878741403,0.23176812466449695,0.00099275579252311539,999.11064622668698,-444.6768866565094,0.10000000000000001
298,0,1.3341800442859817,0.03988771521377954,0.23164177744829637,-0.00010752629141039389,999.0934752306232,-453.26238468840074,0.10000000000000001
299,0,1.3442114031134587,0.040139959710711312,0.2320222901916652,0.00011218048044520193,999.13163173508758,-434.18413245620968,0.10000000000000001
300,0,1.3542646335616009,0.03984207919491406,0.23149729884640236,0.0010136917595838493,999.19233693240108,-403.83153379946179,0.10000000000000001
301,0,1.3642935283403768,0.040162929096570051,0.23227636606052116,-0.00091034524128216711,999.14482389790714,-427.58805104642761,0.10000000000000001
302,0,1.3743441481504755,0.039858651396190617,0.23150462343502684,0.002097341561467262,999.28938581602256,-355.30709198872046,0.10000000000000001
303,0,1.3843766757635407,0.040117166029198778,0.23243935390230772,-0.0017677148323869925,999.16329496750643,-418.35251624678449,0.10000000000000001
304,0,1.3944202789246471,0.039949620788777791,0.23172702357492259,0.0025468060178405745,999.3621510359701,-318.92448201494972,0.10000000000000001
305,0,1.4044599540857614,0.040000313416416321,0.23242873916147058,-0.0020583092428560386,999.20283531016912,-398.58234491543953,0.10000000000000001
306,0,1.4144936317108561,0.040090278650991636,0.23215687338297403,0.0021465493173180978,999.39677777786915,-301.61111106542648,0.10000000000000001
307,0,1.4245397226975214,0.039847043463300119,0.23230681043621476,-0.0013983818657346252,999.27330886477512,-363.3455676124413,0.10000000000000001
308,0,1.4345633535028988,0.040228151840976251,0.23275746128670932,0.0010815241348450598,999.39191884922366,-304.04057538817142,0.10000000000000001
309,0,1.4446147789664203,0.039725304123008086,0.23223611278625267,0.00022966399722071512,999.36852160954322,-315.73919522838878,0.10000000000000001
310,0,1.4546320407601117,0.040304321199204657,0.23342030822745982,-0.00033143793209275581,999.3586364004417,-320.68179977915179,0.10000000000000001
311,0,1.4646876347970115,0.039703647916869693,0.23231620407283088,0.0021318374429171688,999.46320797949579,-268.39601025210413,0.10000000000000001
312,0,1.4747050631374932,0.040276825369624972,0.23389317636351406,-0.0017541498562378755,999.31884786736725,-340.57606631637327,0.10000000000000001
313,0,1.4847580016334272,0.039805589842578301,0.23253063353400183,0.003225585721864255,999.5263232680137,-236.838365993151,0.10000000000000001
314,0,1.4947820181179048,0.040137729971642201,0.23392388137555117,-0.0027404111748691204,999.30150966826511,-349.24516586744403,0.10000000000000001
315,0,1.5048219247613752,0.039994912858529616,0.23281892959663719,0.0029377626254235055,999.53906276988789,-230.4686150560542,0.10000000000000001
316,0,1.5148571734719773,0.039923717022649935,0.23353577486773316,-0.0026239639544958664,999.33313272702253,-333.43363648873492,0.10000000000000001
317,0,1.5248780381547027,0.040197939216429168,0.233223938653499,0.0015525822901846379,999.50330468888615,-248.34765555692684,0.10000000000000001
318,0,1.5349304875826333,0.039725750899582406,0.23307690335713596,-0.00091629130457877861,999.42173178531164,-289.13410734418221,0.10000000000000001
319,0,1.5449336907575071,0.040334466376343636,0.23388983436577013,-0.00034125652168242964,999.43966663545734,-280.16668227132868,0.10000000000000001
320,0,1.5550085625989769,0.039652034544846518,0.23292937812781309,0.0017983703439219624,999.54269347034449,-228.65326482775572,0.10000000000000001
321,0,1.5649954813066975,0.040341435630231279,0.23467538335479005,-0.002314559407155021,999.37737484912236,-311.31257543881929,0.10000000000000001
322,0,1.5750842367293816,0.039758289102744475,0.23330565254580207,0.0039343656297844698,999.65416614493984,-172.91692753008192,0.10000000000000001
323,0,1.5850613475781319,0.040181937231697488,0.23521429981204095,-0.0039862254098114074,999.35189420768643,-324.05289615678612,0.10000000000000001
324,0,1.5951405998142336,0.040003956504325866,0.23421910515486841,0.004428998534783405,999.72766475149592,-136.16762425203888,0.10000000000000001
325,0,1.605123192417407,0.039875129582802177,0.23534280842095445,-0.0045963500500339829,999.39609436394107,-301.95281802946283,0.10000000000000001
326,0,1.6151874685781247,0.040302134114411414,0.23570305284492815,0.0038326370616153307,999.7650400589489,-117.47997052555093,0.10000000000000001
327,0,1.6251753802825954,0.03951591369983197,0.23561684760269969,-0.00321005959104199,999.52424209001629,-237.87895499185652,0.10000000000000001
328,0,1.6352516723957853,0.040583512725295,0.23777814309203912,0.0029736823882526328,999.77558128912108,-112.20935543946098,0.10000000000000001
329,0,1.6452235261614165,0.039243218973821388,0.23676432534682315,4.1360931078174206e-05,999.71040287985738,-144.7985600713082,0.10000000000000001
330,0,1.6553172699114431,0.040774204322139677,0.24018226476419191,0.0018169514059695308,999.76416156669688,-117.91921665155769,0.10000000000000001
331,0,1.6652538240810157,0.039166198169243563,0.23890672407599234,0.003759834642179897,999.91009514445727,-44.952427771363546,0.10000000000000001
332,0,1.6753538201318303,0.040778579358998111,0.24237417943234107,2.3669451764181125e-05,999.7332660850542,-133.3669574729015,0.10000000000000001
333,0,1.6852613074130396,0.039296417940971398,0.24155761141683085,0.0069594904723688797,1000.1013261563538,50.663078176910403,0.10000000000000001
334,0,1.6953580781724691,0.040532997943175587,0.24430653334118299,-0.0024623480226363143,999.70014940778094,-149.92529610952943,0.10000000000000001
335,0,1.7053175648276648,0.039671089442085312,0.24417301174893347,0.0096832461997044018,1000.2770560288228,138.52801441140628,0.10000000000000001
336,0,1.7153178485679144,0.039992715569366614,0.24598421643019255,-0.0051103429238798627,999.68645199299874,-156.77400350062953,0.10000000000000001
337,0,1.7254668179257089,0.040352721083654709,0.24726615003292446,0.012115375648112291,1000.4420314782016,221.01573910077832,0.10000000000000001
338,0,1.7351931281609774,0.039112210844813144,0.24637927367434601,-0.0083115314403620719,999.64718428596177,-176.40785701911454,0.10000000000000001
339,0,1.7456426274440653,0.041264414134667617,0.25187124791203552,0.014826943884825885,1000.6592890990025,329.64454950126765,0.10000000000000001
340,0,1.7549189421102604,0.03776658457479333,0.24468197943209699,-0.017446948394194736,999.48246822948749,-258.76588525625266,0.10000000000000001
341,0,1.7658285263609086,0.04223287962058777,0.25615521403535685,0.016900667658673926,1000.884974046148,442.48702307402255,0.10000000000000001
342,0,1.7745540089008214,0.035848543784227846,0.24358378299248826,-0.039150293699345522,999.22901144729633,-385.4942763518352,0.10000000000000001
343,0,1.7860083595305858,0.042960746853565504,0.25768519644423932,0.010718409720128216,1000.5318173529754,265.90867648769745,0.10000000000000001
344,0,1.7942331559691058,0.033752153923020549,0.24435388128355123,-0.055450528160782726,999.27661355746568,-361.69322126715997,0.10000000000000001
345,0,1.8061412040500897,0.043225877066574686,0.25791327985525364,0.0011475411943151525,999.94664966567996,-26.675167160021829,0.10000000000000001
346,0,1.8138763111558636,0.032171867418715056,0.24463958979318207,-0.047677552733933801,999.47475126973109,-262.62436513445664,0.10000000000000001
347,0,1.8262914990123291,0.043104193145945838,0.2579687731014389,-0.0011255028617840996,999.89067631670412,-54.661841647941856,0.10000000000000001
348,0,1.8335003918989774,0.030751359999156805,0.24237784536628573,-0.050993078044088744,999.46480954193407,-267.59522903296329,0.10000000000000001
349,0,1.8464288422477693,0.042388549912818416,0.25606094812829278,-0.0055049210908186515,999.74237066996352,-128.81466501823979,0.10000000000000001
350,0,1.8530697995235712,0.028609710896801317,0.23271727156432298,-0.025971180251940788,999.87661784511738,-61.691077441309972,0.10000000000000001
351,0,1.8662901077647462,0.041547456229832067,0.25104699352353194,0.012107095031620069,1000.4641398834539,232.06994172693385,0.10000000000000001
352,0,1.8724105018624826,0.028910972255532876,0.22817445784081461,-0.0026418983144767538,999.90823833849777,-45.880830751116264,0.10000000000000001
353,0,1.8864859058050165,0.042720486545073613,0.24833541302560821,0.018818069490028254,1000.7551301526128,377.56507630638225,0.10000000000000001
354,0,1.8918367434946408,0.028835578293617214,0.21688903799065246,-0.021737305856591449,999.88800889920446,-55.995550397767602,0.10000000000000001
355,0,1.9086395375726353,0.044734120440866477,0.24875337009509338,-0.0061331342851669718,1000.5511285768102,275.56428840512126,0.10000000000000001
356,0,1.9113160611105637,0.032138577706248492,0.22616173545109403,-0.0070569867305375709,1000.1399049659811,69.952482990572662,0.10000000000000001
357,0,1.9243896439262869,0.03169739729648275,0.23938916878508015,-0.034579645609645618,999.74117483453631,-129.4125827318453,0.10000000000000001
358,0,1.9262101442642179,0.029484948274778502,0.24098727735664374,0.032796815551242801,1000.4828192687862,241.40963439310781,0.10000000000000001
359,0,1.9584056009152648,0.04501646758773558,0.25273408321620611,-0.025389921984244605,1000.0388906399622,19.445319981116427,0.10000000000000001
360,0,1.972808085189389,0.046128780144361788,0.25029207104450052,-0.016508564977713972,1000.0138062602945,6.9031301472364248,0.10000000000000001
361,0,1.9739990263602374,0.047901567613054377,0.24973104720361905,-0.014745532925094706,1000.007935387665,3.9676938325214905,0.10000000000000001
362,0,0.15922734992263332,0.05038082777271622,0.19051133839553516,0.0027324337737372364,1000.0243659031885,12.182951594240876,0.10000000000000001
363,0,0.15923200591088607,0.049621943325423551,0.18961141490702502,0.0017867586851522026,1000.029361385701,14.680692850504329,0.10000000000000001
364,0,0.18030710237198888,0.050207744441107469,0.19186162548021496,-0.0098700146923433388,1000.4364530445398,218.22652226990158,0.10000000000000001
365,0,0.19267403910757425,0.044434970229020154,0.16740561627603315,-0.010123667592287746,999.97059305881055,-14.703470594724877,0.10000000000000001
366,0,0.19333610423841097,0.043686183333184213,0.16408211590590491,-0.010668536121419332,1000.189041146525,94.520573262514063,0.10000000000000001
367,0,0.22071493824985197,0.050163712799560958,0.16707986416629386,-0.018429358740658403,1000.2482543778208,124.12718891039276,0.10000000000000001
368,0,0.2206399581372103,0.050536544893450053,0.16667333177833388,-0.01819917135013116,1000.2496052664347,124.80263321737084,0.10000000000000001
369,0,0.23579444710205544,0.051021973455213199,0.16689900294130572,0.0054839863342041493,999.70656981530669,-146.71509234665336,0.10000000000000001
370,0,0.24385034487653845,0.051236699528218299,0.16660832902103548,0.0059556527818721804,1000.6741728098096,337.08640490482367,0.10000000000000001
371,0,0.25528543844805685,0.050705692199284925,0.16981425383675214,0.01064051480606127,999.64821321796842,-175.89339101579071,0.10000000000000001
372,0,0.26410965714179957,0.050739786123767644,0.16822975663933862,0.0099134373148670497,1000.5966091183666,298.30455918329335,0.10000000000000001
373,0,0.27491018692137997,0.050454532847970267,0.16965000875550518,0.0077445770126977108,999.56870004103064,-215.6499794846809,0.10000000000000001
374,0,0.2841586409561675,0.050412953737485472,0.16703062690049,0.0070966264402039549,1000.700602610255,350.30130512751612,0.10000000000000001
375,0,0.2946912021820372,0.050293099089771288,0.17067276288436112,0.0043095519176546884,999.72778767858381,-136.10616070809556,0.10000000000000001
376,0,0.30411054174733693,0.050325073891101843,0.16617095153462344,0.0040586609365453573,1000.677028423932,338.5142119660145,0.10000000000000001
377,0,0.31447736403324122,0.050162402746001755,0.17162020055962465,0.0012710318347823805,999.93522358844609,-32.388205776953782,0.10000000000000001
378,0,0.32411758089734988,0.050211754140490165,0.16604221340274256,0.0019678145061223572,1000.5927496064547,296.37480322736565,0.10000000000000001
379,0,0.33433009155096372,0.050063318346739154,0.17126348895416121,-5.5181159236739136e-05,1000.1792767371003,89.638368550140513,0.10000000000000001
380,0,0.34411347465715802,0.050162402140698656,0.166532719373889,0.00093448263005615692,1000.4697035546218,234.85177731089379,0.10000000000000001
381,0,0.35426361168620679,0.050032195466167495,0.17022893786484608,-0.00044084316557841351,1000.3349006936314,167.45034681571269,0.10000000000000001
382,0,0.36415102850654429,0.050136469618705222,0.16758760814220117,0.0004998053235243993,1000.3878086160864,193.90430804321568,0.10000000000000001
383,0,0.37423695799422313,0.050037763438321919,0.16918188238752899,6.6424123520893383e-05,1000.446384889579,223.19244478950395,0.10000000000000001
384,0,0.38419612821664445,0.050109450969019975,0.16901518977104804,0.00043535931379502194,1000.3626409379176,181.32046895880194,0.10000000000000001
385,0,0.39422999365170408,0.050032573905210972,0.16889628138665883,0.00058308252771138583,1000.4850814973264,242.54074866320252,0.10000000000000001
386,0,0.40421803982116389,0.050092240125944119,0.17040674283138788,0.00042736278184778913,1000.3825879005603,191.29395028016916,0.10000000000000001
387,0,0.41425887210826057,0.050025757572310092,0.16955944847112428,0.00076619221248439365,1000.4572794806936,228.63974034680723,0.10000000000000001
388,0,0.42422677338264364,0.050082568858849014,0.17151458157027466,0.00048262795891386564,1000.4161120980001,208.05604900004937,0.10000000000000001
389,0,0.43430164721509074,0.050023520552188082,0.17093412762370233,0.0007538634501464529,1000.3921088992149,196.05444960745899,0.10000000000000001
390,0,0.44424242301731587,0.050068600427980912,0.17245261211603888,0.00056694627830085548,1000.4436435221016,221.82176105081908,0.10000000000000001
391,0,0.45434174743339889,0.050016328671305718,0.17253382552482163,0.0007364499314764573,1000.3251107617183,162.55538085914623,0.10000000000000001
392,0,0.46427013151885549,0.050053529660064065,0.17357195864890984,0.00063514399508925981,1000.4402783291954,220.13916459769689,0.10000000000000001
393,0,0.47437872296526162,0.050015839389160467,0.17398069085469206,0.00068834758588269063,1000.2731952028403,136.59760142013511,0.10000000000000001
394,0,0.48431403321781397,0.050039920556430882,0.17491985357117601,0.00066792224427127849,1000.4025134668875,201.25673344375627,0.10000000000000001
395,0,0.49441402786415073,0.050021138130200898,0.17530623602725659,0.00062289767609714287,1000.2314104502801,115.70522514006143,0.10000000000000001
396,0,0.5043700132470289,0.050035128984396673,0.17617882875022456,0.00062912090281290174,1000.3483530354316,174.17651771580722,0.10000000000000001
397,0,0.51445349989903733,0.050023716825847012,0.17660194826862785,0.00057281438600252329,1000.1932197532618,96.609876630907365,0.10000000000000001
398,0,0.52442772230409707,0.05003422104910199,0.17723387416376141,0.00055402752210654551,1000.2910569526011,145.52847630056931,0.10000000000000001
399,0,0.5344985540892333,0.050025691210327662,0.17774204707228974,0.00051649304915355008,1000.1601913100819,80.09565504096372,0.10000000000000001
400,0,0.54448490048678388,0.050032454241652875,0.17815259693867908,0.00048438701331252033,1000.236987605374,118.49380268699861,0.10000000000000001
401,0,0.55454702994516303,0.050027791883585922,0.1786531949573528,0.00045405238764910719,1000.1332001303464,66.600065173190615,0.10000000000000001
402,0,0.56454230204172684,0.050031565316111942,0.17895183088129096,0.00043453164693646386,1000.1911137075107,95.556853755340398,0.10000000000000001
403,0,0.57459800504909997,0.050028606620419483,0.17939756487220188,0.00040947120431216409,1000.1105908368504,55.295418425203025,0.10000000000000001
404,0,0.58459953905958262,0.050032140807899667,0.17965202604481628,0.00040323096614795659,1000.1549430162243,77.471508112125775,0.10000000000000001
405,0,0.59465116436951826,0.050028796799980978,0.18004995741160781,0.00039165413951349875,1000.0911256523304,45.562826165223669,0.10000000000000001
406,0,0.60465651298713197,0.050032995984073091,0.18032109147500963,0.00039629732220152652,1000.1262071293551,63.103564677533086,0.10000000000000001
407,0,0.61470527923381368,0.050029353519054631,0.18068205086092731,0.00039740751571334921,1000.0733169928951,36.658496447557809,0.10000000000000001
408,0,0.62471376353778041,0.050033737430625745,0.18101575159878375,0.00041131557618337086,1000.1012858875256,50.642943762795767,0.10000000000000001
409,0,0.63475962116230844,0.050030174041301306,0.1813730275982498,0.00041892858826106497,1000.0545692875309,27.284643765426608,0.10000000000000001
410,0,0.64477136536377366,0.050034651478930776,0.18177049755462804,0.0004429841007621657,1000.0764822393529,38.241119676456492,0.10000000000000001
411,0,0.6548146388010645,0.050030882352774766,0.18216358318699033,0.000448347343491423,1000.0325584613056,16.279230652799015,0.10000000000000001
412,0,0.66482885522861379,0.05003556917404009,0.1826112007194225,0.00047717466619540269,1000.0479331491917,23.96657459587459,0.10000000000000001
413,0,0.67487051494061001,0.050031786158670905,0.18305429666362619,0.00047464621336852663,1000.0053103029957,2.6551514978336854,0.10000000000000001
414,0,0.68488677770873285,0.050036356642230433,0.1835286022654827,0.00050095259588326183,1000.013306355235,6.6531776175224877,0.10000000000000001
415,0,0.69492674188437453,0.050032899429433689,0.18402214313097184,0.0004881402823084909,999.97113743817647,-14.431280911765043,0.10000000000000001
416,0,0.70494547401576446,0.050036920633548594,0.18449166789568167,0.00050438538641456223,999.97138553223363,-14.307233883187109,0.10000000000000001
417,0,0.7149834440958488,0.050034323762162963,0.18501565382280788,0.00048295062974124207,999.92954544727024,-35.227276364878435,0.10000000000000001
418,0,0.72500500091417375,0.050037402452872921,0.18546448469098872,0.00048559921428477403,999.92207118744932,-38.96440627534048,0.10000000000000001
419,0,0.73504116157664379,0.050035884493601919,0.18598264144447416,0.00045895928057266118,999.88082231569001,-59.588842154994381,0.10000000000000001
420,0,0.7450652244597098,0.050038094714249678,0.18640750783741272,0.00045190643031873764,999.86631551386836,-66.842243065821094,0.10000000000000001
421,0,0.75510009115157162,0.05003728460167358,0.18689369339258408,0.00042292450524603867,999.8258927998038,-87.053600098101924,0.10000000000000001
422,0,0.76512621075851328,0.050038951925080601,0.18729711975745858,0.00041411799220234278,999.80557323918515,-97.213380407424665,0.10000000000000001
423,0,0.77516030139038683,0.050038355022399818,0.18774793843222054,0.00039047935651142189,999.76607657511477,-116.96171244261677,0.10000000000000001
424,0,0.78518810461164701,0.050039522992586002,0.18814256064527141,0.00038695465613850785,999.7414055340405,-129.29723297975215,0.10000000000000001
425,0,0.79522182982845013,0.050039145017358462,0.18857850558009262,0.00037674904735251601,999.70273267611867,-148.6336619406643,0.10000000000000001
426,0,0.80525117472207475,0.050039935892641385,0.18898992075027102,0.00038676944436888389,999.67510466597253,-162.44766701373692,0.10000000000000001
427,0,0.81528482658099732,0.050039804538093056,0.18944929295830243,0.00039546654089846867,999.63707537224093,-181.46231387953549,0.10000000000000001
428,0,0.82531549960377792,0.050040521655019453,0.18991628929494844,0.00042389637727265094,999.60746812712034,-196.26593643982915,0.10000000000000001
429,0,0.83534941020130871,0.050040501356687979,0.19044505584887991,0.00045401042349610176,999.56993965691606,-215.03017154196868,0.10000000000000001
430,0,0.8453811571349249,0.050041110278625109,0.19101178513673042,0.00050082200674508013,999.53882312575968,-230.58843712016142,0.10000000000000001
431,0,0.85541552952936128,0.0500410543694145,0.19165520675833941,0.00054961359107651207,999.5016189395692,-249.19053021540094,0.10000000000000001
432,0,0.86544841420407848,0.05004140976311048,0.19236044574342143,0.00061012478701874854,999.46915510616407,-265.42244691796668,0.10000000000000001
433,0,0.87548328492813221,0.050041190302747091,0.19315376705705042,0.00067025365432897424,999.43193113633185,-284.03443183407262,0.10000000000000001
434,0,0.88551722285171386,0.050041266427120576,0.1940223025388981,0.00073605042489115582,999.39817291352676,-300.9135432366179,0.10000000000000001
435,0,0.89555263359902804,0.050040963834803776,0.19498258781577327,0.00079793250097210506,999.3605849477791,-319.70752611044873,0.10000000000000001
436,0,0.90558758954174556,0.050040824625249336,0.19602156406088181,0.00085951785412028195,999.32548593045033,-337.25703477483648,0.10000000000000001
437,0,0.9156236918429943,0.050040418875793316,0.19714397016974666,0.00091400392156446735,999.28739628485096,-356.30185757452182,0.10000000000000001
438,0,0.92565976600180866,0.050040106587186266,0.19834015106889297,0.00096364121006457164,999.25103746367824,-374.48126816087779,0.10000000000000001
439,0,0.93569683163785478,0.050039593170835117,0.1996043132315953,0.0010038041265914774,999.21255194470109,-393.72402764945491,0.10000000000000001
440,0,0.94573421200633812,0.050039063897059241,0.20092553501735258,0.0010374443986082957,999.17531687630208,-412.34156184896165,0.10000000000000001
441,0,0.95577230744374775,0.050038273496034194,0.20229990365103317,0.0010602651835380122,999.13696198442597,-431.51900778701702,0.10000000000000001
442,0,0.96581081184246387,0.050037346071109962,0.20370727489423959,0.0010778363764432776,999.099525195154,-450.23740242299937,0.10000000000000001
443,0,0.97584980554156142,0.050036145782164317,0.2051539209246088,0.0010852294265399328,999.06227496746715,-468.86251626642661,0.10000000000000001
444,0,0.98588922763944131,0.050034772253207467,0.20661076914358617,0.0010902032666017102,999.02574132853692,-487.12933573153805,0.10000000000000001
445,0,0.99592927861281,0.050033210191085385,0.20809578485256572,0.0010879013038427086,998.99070727464209,-504.64636267895457,0.10000000000000001
446,0,1.0059697545567108,0.050031607698764559,0.2095746199108644,0.0010853021994999908,998.95669547858472,-521.65226070763993,0.10000000000000001
447,0,1.0160112221619784,0.050029980770629277,0.21107199632894819,0.001080244820887154,998.92491867394767,-537.54066302616366,0.10000000000000001
448,0,1.0260528594121503,0.050028501072365644,0.21256074916922871,0.0010749496056335882,998.89528537440174,-552.35731279913125,0.10000000000000001
449,0,1.0360956731926472,0.050026965472123909,0.21405420871525022,0.0010728382089869475,998.86772466781656,-566.13766609171989,0.10000000000000001
450,0,1.0461381996314676,0.050025510753750599,0.21555438787291858,0.0010681549730780983,998.84416330842976,-577.9183457851218,0.10000000000000001
451,0,1.0561818337737612,0.050023746060304145,0.2170393999252398,0.001071320759201181,998.82166832126779,-589.16583936610323,0.10000000000000001
452,0,1.0662251583422695,0.050021951800206368,0.21855778016413138,0.0010688971107029829,998.80517419552052,-597.4129022397392,0.10000000000000001
453,0,1.0762693150610732,0.050019751165921764,0.2200430186637343,0.0010750986068348027,998.78872826346947,-605.63586826526716,0.10000000000000001
454,0,1.086313894474954,0.050017516071685843,0.2215815432846277,0.0010740271803078218,998.77905750856348,-610.47124571825861,0.10000000000000001
455,0,1.0963583697809325,0.050015074622488505,0.22308294362256678,0.00107653455223689,998.76991880279513,-615.04059860243387,0.10000000000000001
456,0,1.1064044703052207,0.050012566904202298,0.22463029861865189,0.001074167133634297,998.76551182256947,-617.24408871526748,0.10000000000000001
457,0,1.1164488016625542,0.050010445263795375,0.22616154527978174,0.0010651294309258804,998.76494932589719,-617.52533705140422,0.10000000000000001
458,0,1.1264961298057856,0.050007941188799282,0.22769003707172142,0.0010578583808856675,998.76364547373873,-618.17726313063304,0.10000000000000001
459,0,1.1365401635922399,0.050006544378585038,0.22924758697937009,0.0010309790923949435,998.77199687339032,-614.00156330483924,0.10000000000000001
460,0,1.1465880716381776,0.050004012676835963,0.23072002730215055,0.0010137734526356138,998.77248542444249,-613.75728777875338,0.10000000000000001
461,0,1.1566325155912758,0.050003163180908673,0.23226868269583942,0.00096653287913315753,998.7879918823869,-606.00405880654762,0.10000000000000001
462,0,1.1666799622224151,0.050000637369166628,0.23365084551629789,0.000932472347472578,998.79120349772973,-604.39825113513734,0.10000000000000001
463,0,1.1767261104873437,0.049999799168027978,0.23511934018162825,0.00086643109513979608,998.8094023431845,-595.29882840774917,0.10000000000000001
464,0,1.1867714320803262,0.049997809234707702,0.23638912487920408,0.00080981385755792988,998.81891145453142,-590.54427273429155,0.10000000000000001
465,0,1.1968203389339074,0.049996206038842701,0.23768268270166057,0.00073250754827458684,998.83347747082018,-583.26126458990757,0.10000000000000001
466,0,1.2068619645166634,0.049995804435704311,0.23882923131798883,0.00065204020906989367,998.85392318533616,-573.03840733192146,0.10000000000000001
467,0,1.2169140274938026,0.049992819508310415,0.2398585975808542,0.00057485926897388054,998.85944018431883,-570.27990784058602,0.10000000000000001
468,0,1.2269520443459703,0.049995066772144554,0.24087233018860643,0.00047373592802605794,998.89325383690709,-553.3730815464537,0.10000000000000001
469,0,1.2370061733268789,0.049990615799507226,0.24158958993418675,0.00040639658079330256,998.88912612373963,-555.43693813018535,0.10000000000000001
470,0,1.2470429932784153,0.049995332815679035,0.24244310042255507,0.00029033698526082018,998.93286381972791,-533.56809013604334,0.10000000000000001
471,0,1.2570954821394609,0.049990474934351645,0.24287306884943019,0.00023404000492261839,998.92652128578095,-536.73935710952492,0.10000000000000001
472,0,1.2671356715936457,0.049995630586089648,0.2435135874043961,0.0001128675742018781,998.9694277889223,-515.28610553884846,0.10000000000000001
473,0,1.2771808981204322,0.049992989572935236,0.24374345046348761,6.2413949102802386e-05,998.97500952647215,-512.49523676392528,0.10000000000000001
474,0,1.2872297453794017,0.049994864217574236,0.2441191132204252,-4.4816748888114593e-05,999.00244950645413,-498.7752467729365,0.10000000000000001
475,0,1.2972626149550566,0.049997877402492681,0.2442681717332035,-9.5217618905582376e-05,999.03458540647136,-482.70729676431756,0.10000000000000001
476,0,1.3073233201110195,0.049992857235068307,0.2443603451772601,-0.00015719471603461803,999.03458957325017,-482.70521337491346,0.10000000000000001
477,0,1.3173429137488009,0.050003788675903722,0.24453766597266263,-0.00021153715591900528,999.09981967660792,-450.0901616960391,0.10000000000000001
478,0,1.3274131123342268,0.049990923304762895,0.24439800634075928,-0.00020019625518193573,999.0715083093969,-464.24584530154789,0.10000000000000001
479,0,1.3374250814314756,0.050008438642932612,0.24465836745507627,-0.00026948596266575264,999.16141264456587,-419.29367771706438,0.10000000000000001
480,0,1.3474951960565205,0.04999200585957829,0.24440416942262869,-0.00018880514321924243,999.12011650759598,-439.94174620200965,0.10000000000000001
481,0,1.3575122356783125,0.050009944114112519,0.24471860898406364,-0.00027873181016608835,999.21088656003189,-394.55671998405251,0.10000000000000001
482,0,1.3675675659212776,0.049998783256788665,0.24450108823588176,-0.0001741609879888636,999.18472111330584,-407.63944334707958,0.10000000000000001
483,0,1.3776049904493155,0.050007646951604041,0.24476990993847256,-0.00026946117652206126,999.24519629987162,-377.40185006418869,0.10000000000000001
484,0,1.3876321114861307,0.050010513176054511,0.24471386068041073,-0.00019572628100335726,999.26161758872195,-369.19120563902652,0.10000000000000001
485,0,1.3976993698180982,0.050001498101036511,0.24483402004917343,-0.00024926794712557725,999.26691451576494,-366.54274211753091,0.10000000000000001
486,0,1.4076945041630038,0.05002195987556729,0.24501393809467567,-0.00023328129115872748,999.33894356112614,-330.52821943692834,0.10000000000000001
487,0,1.4177879264103266,0.049993243509204179,0.24493874347120431,-0.000190054054351755,999.28243932845237,-358.7803357738153,0.10000000000000001
488,0,1.4277626057805255,0.050026570970205762,0.24535363882077643,-0.00024215711198271092,999.40058250629886,-299.7087468505697,0.10000000000000001
489,0,1.43786361900281,0.049988845102598316,0.24513390947758443,-9.9265875733430114e-05,999.30183857697295,-349.0807115135226,0.10000000000000001
490,0,1.4478433660919989,0.050022850500263463,0.24567667931079307,-0.00021800847898135377,999.43396084862115,-283.01957568942271,0.10000000000000001
491,0,1.4579245203423865,0.049996458752809239,0.24543485443400442,-6.2517584440777428e-05,999.33504999950742,-332.47500024629062,0.10000000000000001
492,0,1.4679376689689685,0.05001620148349676,0.24591434014520067,-0.00022507642279477158,999.4368168834917,-281.59155825414928,0.10000000000000001
493,0,1.4779743787311261,0.050016988546945071,0.24578333596943577,-0.00015476012937218559,999.38489832425853,-307.55083787073545,0.10000000000000001
494,0,1.4880373636950066,0.050010730915917331,0.24599768250044329,-0.0003082881281705223,999.4164301078913,-291.78494605434935,0.10000000000000001
495,0,1.4980206183291189,0.05003715951760325,0.24609313118648132,-0.00035198512743541538,999.44451230247171,-277.74384876414615,0.10000000000000001
496,0,1.5081299802544301,0.05000336715692668,0.24594527796237606,-0.00040084992887512693,999.38712580989431,-306.43709505284278,0.10000000000000001
497,0,1.5180739998586184,0.050039575679265251,0.24633851580010022,-0.00051718355221719618,999.49883830596104,-250.58084701947791,0.10000000000000001
498,0,1.5282066302399384,0.049994852373608838,0.24590740424824151,-0.00039483520354368203,999.36905097435204,-315.47451282398242,0.10000000000000001
499,0,1.5381461643949315,0.050024424870740998,0.24658493019688968,-0.00053595079188855017,999.53216188455929,-233.9190577203567,0.10000000000000001
500,0,1.5482665131847533,0.049999006098007857,0.24611971546718261,-0.0003250961224743554,999.38506787885899,-307.46606057050485,0.10000000000000001
501,0,1.5582399898398716,0.050011446706346933,0.24691262153201304,-0.00045940428472207448,999.53873427180247,-230.63286409876582,0.10000000000000001
502,0,1.5683135362824006,0.050026909403549452,0.24670426155406619,-0.00029326363602056612,999.44811718306335,-275.94140846832715,0.10000000000000001
503,0,1.5783443583385535,0.050011982958998231,0.24738677947855642,-0.00039461618440161966,999.52754632591177,-236.22683704411429,0.10000000000000001
504,0,1.5883506877397302,0.050056941199457722,0.24760315793802715,-0.0003046596329404985,999.55080202725856,-224.59898637072229,0.10000000000000001
505,0,1.5984394521349681,0.05000723337246929,0.24806085636212852,-0.00030864244227793989,999.51495457704198,-242.52271147901183,0.10000000000000001
506,0,1.6083855444351269,0.050056035027693749,0.24871235882737983,-0.00018611850907132606,999.663221921586,-168.38903920699977,0.10000000000000001
507,0,1.6185174322900204,0.049985883256842417,0.24915799243542067,-1.96399876745493e-05,999.52559147361137,-237.20426319431454,0.10000000000000001
508,0,1.6284328459373709,0.050032179677340832,0.25009502374151515,0.00015856136786127889,999.74772108373156,-126.13945813421878,0.10000000000000001
509,0,1.6385812703698486,0.049976588010268393,0.25083863248578719,0.00046174164081501558,999.58410295502176,-207.94852248911866,0.10000000000000001
510,0,1.6485024450866521,0.050030876282758839,0.25194290767150412,0.00056062896362433785,999.79614390528695,-101.92804735652317,0.10000000000000001
511,0,1.6586280332786418,0.050009036369750348,0.25297908077490294,0.00090341039165454354,999.69750949051047,-151.24525474476513,0.10000000000000001
512,0,1.6685856533586472,0.050059014411752381,0.25429010998232326,0.0008119550347395455,999.82843918265405,-85.780408672974318,0.10000000000000001
513,0,1.678646391911822,0.050047200985425352,0.25518121247590619,0.0011854178097170278,999.83967566216143,-80.162168919287069,0.10000000000000001
514,0,1.6886626795000417,0.05006182615942957,0.25689253717463789,0.00093978007709344315,999.8514659879778,-74.267006011098147,0.10000000000000001
515,0,1.6986303494093782,0.050055027688361384,0.2573602832760486,0.0013315798746650223,999.9715206478063,-14.239676096849507,0.10000000000000001
516,0,1.708743702688361,0.050035115137822522,0.25936159865233838,0.0010487767902238689,999.84775407193831,-76.122964030844287,0.10000000000000001
517,0,1.7185998115068242,0.05007233660166302,0.25972965802845166,0.0013066280035572192,1000.0419395491938,20.969774596892421,0.10000000000000001
518,0,1.7288435570093097,0.050026647359968521,0.26194895423344527,0.00092716031932082315,999.82985740605091,-85.071296974547295,0.10000000000000001
519,0,1.73857354642069,0.050118088016928443,0.26189647006857303,0.0012363362040622935,999.99941372357762,-0.29313821119103523,0.10000000000000001
520,0,1.7489656976612977,0.050011819309959779,0.26488625724864251,2.3436738525827594e-05,999.77142433323036,-114.28783338482162,0.10000000000000001
521,0,1.7585257629428461,0.050102669977776911,0.2635520150695006,0.00072617859178540558,999.90366053644971,-48.169731775146829,0.10000000000000001
522,0,1.7690891623562588,0.049938559369663793,0.26729687205896829,-0.00052870524805421148,999.55430621843902,-222.84689078048814,0.10000000000000001
523,0,1.7784548224393812,0.04998299955327868,0.26458683150394441,-7.1144440583733175e-05,999.99381471812728,-3.0926409363587481,0.10000000000000001
524,0,1.7891896329071915,0.049886250591203725,0.26913503258452237,0.00020791592426442262,999.63141901788788,-184.29049105606055,0.10000000000000001
525,0,1.7983854718626688,0.049871294087787725,0.26570294407870787,0.00065523415676895012,1000.0233720158757,11.686007937839804,0.10000000000000001
526,0,1.8092737110263586,0.049834105981354744,0.2697081865780821,0.00060296733106189257,1000.1223606298018,61.180314900923349,0.10000000000000001
527,0,1.8183441214893357,0.049742571502263098,0.26802929683273818,0.00098730404316110863,1000.0132770786627,6.6385393313339591,0.10000000000000001
528,0,1.8293523544316197,0.049782277578642203,0.26931830797211337,0.0013572724283086532,1000.2300068822701,115.00344113505889,0.10000000000000001
529,0,1.8384085122734317,0.04959306168107102,0.26877674684338926,0.0013178171011233556,1000.0825532160152,41.276608007592586,0.10000000000000001
530,0,1.8493702959815654,0.049750980205087114,0.26676968305456411,0.0019174326891983164,1000.3128364546554,156.41822732771971,0.10000000000000001
531,0,1.8586078040838938,0.049503109435182976,0.26567616342162303,0.0041099701264203014,1000.087879919456,43.939959727993028,0.10000000000000001
532,0,1.8695689658161283,0.049909469056880602,0.26445441194349006,0.0069465417455033488,999.91159728169828,-44.201359150861208,0.10000000000000001
533,0,1.8790341852850694,0.04942519942652291,0.26203944642203297,0.0077004514995240468,999.89336116210666,-53.319418946671249,0.10000000000000001
534,0,1.8899941775945146,0.049909751024141073,0.26429517853478374,0.0048263849063411319,999.73760703118444,-131.19648440778064,0.10000000000000001
535,0,1.899063304132276,0.049909279573879743,0.258940702931238,0.0017485108156143679,999.66412514105832,-167.93742947083956,0.10000000000000001
536,0,1.9131881210207375,0.051788504474957128,0.26753385506333777,-0.014301230933086516,1000.0759362467574,37.9681233786755,0.10000000000000001
537,0,1.9129788665669929,0.051436683483805638,0.26648046534484332,-0.014076613341392234,1000.0785534074519,39.276703725931839,0.10000000000000001
538,0,1.9373546434747739,0.041896666605404621,0.26059165439128268,-0.013917024458006242,1000.0644496151842,32.224807592115212,0.10000000000000001
539,0,1.9381003368616956,0.042393368608835184,0.26134906999241203,-0.014353717089179884,1000.0294533909457,14.726695472859319,0.10000000000000001
540,0,1.9527578870061493,0.047755722678777375,0.26030593783182393,-0.020410124355238809,999.99712289477679,-1.4385526116029723,0.10000000000000001
541,0,1.9744408484184988,0.049102602857882205,0.24906165554560752,-0.013809938482654717,1000.0012312143201,0.61560716005715221,0.10000000000000001
542,0,1.9745963267268882,0.04984527820536052,0.24859822863458755,-0.013380935100181556,999.99711936657104,-1.4403167144791951,0.10000000000000001
543,0,0.16686456585970319,0.06197721399744726,0.20005415251869502,-0.0055130268460650191,999.87979649712008,-60.101751439958662,0.10000000000000001
544,0,0.16735001506366115,0.062533400687295099,0.20005260702577965,-0.0060820336104226522,999.87160308005264,-64.198459973681565,0.10000000000000001
545,0,0.17928239026035905,0.063048785245369082,0.19652623385943205,0.001101328477189288,1000.0800807503743,40.040375187174959,0.10000000000000001
546,0,0.1943541124380859,0.058130716879645578,0.18782140017707138,0.00215426659639806,999.74657721913741,-126.71139043129642,0.10000000000000001
547,0,0.19479677091683845,0.058991924715358211,0.19072593962524617,-0.0015094080893738244,999.86774026569014,-66.129867154927524,0.10000000000000001
548,0,0.21936585346282855,0.059595070319633063,0.15903835185147025,-0.017620975177227233,1000.3148237776203,157.41188881014523,0.10000000000000001
549,0,0.21936587519989464,0.05944178046932385,0.15909777443048681,-0.01785820904417762,1000.3114535278196,155.72676390979723,0.10000000000000001
550,0,0.2359856642168644,0.060928732286495389,0.16002933372655828,-0.00098517379274199834,999.47222692504567,-263.88653747716262,0.10000000000000001
551,0,0.24454285205471057,0.061137177204132483,0.16541893714978051,0.0069574241252644926,1001.1753564073764,587.67820368819912,0.10000000000000001
552,0,0.2562948466928146,0.060987352242695636,0.17078661794597416,0.0085098535199083034,999.2539782668365,-373.01086658175109,0.10000000000000001
553,0,0.26544987622888688,0.060913956942067568,0.1701693882018451,0.0080316278560640698,1001.2342882672181,617.14413360903109,0.10000000000000001
554,0,0.27642646546319638,0.060508184277133219,0.1757001065308649,0.0048337318345531921,999.42381909423136,-288.09045288431889,0.10000000000000001
555,0,0.28582985682379453,0.060646467747536334,0.17315863701986156,0.0040257636079600234,1001.0433300181261,521.66500906304236,0.10000000000000001
556,0,0.29652804944486411,0.060271932337255273,0.17728169372952352,0.0015456857254288511,999.54567274311501,-227.16362844249716,0.10000000000000001
557,0,0.30604573769714793,0.060338290732234005,0.17348220681562221,0.001855089943924728,1000.9304790737807,465.23953689035125,0.10000000000000001
558,0,0.31651823295689813,0.060170902031646163,0.17819453521108317,0.00050627124660919962,999.78303700017352,-108.48149991323908,0.10000000000000001
559,0,0.32615382286484956,0.060249227717666172,0.17345819615422514,0.0010180712441395228,1000.7634536720309,381.72683601544577,0.10000000000000001
560,0,0.33652377427890179,0.060089961106987624,0.17831436775789317,-0.00016891545399508537,999.97934688137025,-10.326559314876249,0.10000000000000001
561,0,0.34623061878904332,0.060176288911491287,0.1738461654016456,0.00079756968112319954,1000.6513415616472,325.67078082360013,0.10000000000000001
562,0,0.35651994718088376,0.060063914339964025,0.17761772271784013,-9.7529941698205831e-05,1000.2077772927673,103.88864638366613,0.10000000000000001
563,0,0.36631929802359142,0.06012096184736735,0.17492224383822952,0.00052267343994030248,1000.5346544260128,267.3272130064106,0.10000000000000001
564,0,0.37653967080492062,0.060063849161705013,0.17705690315682932,0.0001627600437744045,1000.3574061666196,178.70308330981288,0.10000000000000001
565,0,0.38638383275321836,0.060093687482856137,0.17624310088192591,0.00040978641208645647,1000.4704031472982,235.20157364907845,0.10000000000000001
566,0,0.39657783181461254,0.060052913020315658,0.17707280675888787,0.00039209570752164979,1000.4222138195689,211.106909784462,0.10000000000000001
567,0,0.40643068233522683,0.060078455662851825,0.17765778498829224,0.0004320291860488339,1000.4471315335154,223.56576675770157,0.10000000000000001
568,0,0.41661821617820954,0.060042307188937195,0.17767303292795844,0.0005646940268131586,1000.4342457960563,217.12289802815121,0.10000000000000001
569,0,0.42648465965797511,0.060070792506425004,0.17899587079420823,0.00047722729513781755,1000.4357492045008,217.87460225039013,0.10000000000000001
570,0,0.43665295045164643,0.06003153708140082,0.17881510339691223,0.0006405544144592975,1000.4173411268913,208.67056344565071,0.10000000000000001
571,0,0.44654655342148131,0.060060445913510008,0.18016689857916657,0.00047246836213268536,1000.4119286856226,205.96434281128495,0.10000000000000001
572,0,0.45668542535773915,0.060022135900233031,0.1803287684470383,0.00062365357761569968,1000.3823754199409,191.18770997044976,0.10000000000000001
573,0,0.46660901595960647,0.060043245273119952,0.18132695118768985,0.0004603414415407526,1000.375121434948,187.56071747401393,0.10000000000000001
574,0,0.47672311224793873,0.060019714606700615,0.18183953967273572,0.00058196257233114482,1000.3442449681862,172.1224840931086,0.10000000000000001
575,0,0.4866678796707205,0.060027824682505643,0.18265776879953155,0.00047413133438712024,1000.3279395497099,163.9697748549338,0.10000000000000001
576,0,0.49677048446275018,0.060022128960942979,0.18315713775056774,0.00052619012160538174,1000.3037302707129,151.86513535644508,0.10000000000000001
577,0,0.50672569938052847,0.060020336292867252,0.18399166095603517,0.00048379882140869152,1000.2840240606891,142.01203034457421,0.10000000000000001
578,0,0.51682416772122963,0.06002472684414787,0.18439888136075758,0.00048401403081355045,1000.2532930210136,126.64651050681641,0.10000000000000001
579,0,0.52678666522336937,0.060017858903569136,0.1851063091336958,0.00046043797388445497,1000.2492641272587,124.63206362934898,0.10000000000000001
580,0,0.5368790403229392,0.060025361228211831,0.18554815027784277,0.00044499086438674836,1000.2021496625052,101.07483125261751,0.10000000000000001
581,0,0.54685154524405655,0.060018039150429567,0.18604086123087613,0.00042218874328978204,1000.2159698506425,107.98492532126147,0.10000000000000001
582,0,0.55693386060559535,0.060023858228555896,0.1865072045383479,0.00040397398390996968,1000.1615571741714,80.77858708571739,0.10000000000000001
583,0,0.56691851162484241,0.060020531721700909,0.18686620357306818,0.00038548799839941892,1000.1816164412721,90.808220636063197,0.10000000000000001
584,0,0.57698980947459355,0.060021451474707846,0.18730066288829367,0.00037366099180722201,1000.1322420188224,66.121009411176601,0.10000000000000001
585,0,0.58698575821595078,0.060023283417569837,0.18760644142648344,0.00036141145668500986,1000.1495202865465,74.7601432732381,0.10000000000000001
586,0,0.59704754668099969,0.060020221956741102,0.18801554995989064,0.00036260004882347584,1000.1102055536273,55.102776813669152,0.10000000000000001
587,0,0.60705266195760199,0.060024801265832151,0.18831777499424718,0.00036193985992817812,1000.1210936175329,60.546808766446247,0.10000000000000001
588,0,0.61710726929606041,0.060020398395549304,0.18871486012027072,0.00037352243375637868,1000.091547493769,45.773746884492539,0.10000000000000001
589,0,0.6271188073650148,0.060025599251944298,0.18906256605347585,0.00038728089622928674,1000.0958510673373,47.925533668660592,0.10000000000000001
590,0,0.63716909669551902,0.060021121627899812,0.18946579529502083,0.00040237055468181755,1000.07148395894,35.741979470003571,0.10000000000000001
591,0,0.64718431902377049,0.060026175290838674,0.18987457496132235,0.00042637406686296707,1000.071425283018,35.712641509007881,0.10000000000000001
592,0,0.65723251735408172,0.060022120827924637,0.19030577775326443,0.00044162059308525863,1000.0470399146778,23.519957338919539,0.10000000000000001
593,0,0.66724997656277241,0.060026561319267868,0.19077048412066391,0.00046615468677880595,1000.044120336754,22.060168376981437,0.10000000000000001
594,0,0.67729685020522801,0.0600232996823565,0.19123548684611627,0.00047679271420454351,1000.0164974377861,8.2487188930713273,0.10000000000000001
595,0,0.68731646325543649,0.060026955378209915,0.19173967571561989,0.00049754227914217217,1000.0109793346001,5.4896673000257579,0.10000000000000001
596,0,0.69736187807818406,0.060024562019171675,0.19223215134548499,0.00049906932915266377,999.9789030688263,-10.548465586850853,0.10000000000000001
597,0,0.70738399989886103,0.060027396022671452,0.19274534541514407,0.00051054490074971867,999.97049863850316,-14.750680748420564,0.10000000000000001
598,0,0.71742777109952083,0.060025787733991282,0.19325584288375455,0.00050474580572155146,999.93430172790318,-32.84913604841222,0.10000000000000001
599,0,0.72745259793429107,0.060027981960332606,0.19374926695750117,0.00050442419674802549,999.92216366901414,-38.918165492930257,0.10000000000000001
600,0,0.73749487016553206,0.060026983321899749,0.19426104533731436,0.00049367331436293784,999.88341290823985,-58.293545880076181,0.10000000000000001
601,0,0.74752230479224024,0.060028754866468519,0.19472090102788617,0.00048620135863223872,999.86680281617816,-66.598591910917548,0.10000000000000001
602,0,0.75756337605820212,0.060028155434911842,0.1952182658999059,0.00047288380375904641,999.82715376976216,-86.423115118918759,0.10000000000000001
603,0,0.76759319182140817,0.060029493681340675,0.19565091733162532,0.00046618614844651761,999.80593237103278,-97.033814483609149,0.10000000000000001
604,0,0.77763335986128279,0.060029086339670773,0.19612846179812826,0.00045633156969026662,999.76657758565523,-116.71120717238637,0.10000000000000001
605,0,0.78766527425059907,0.060029950969003071,0.19655479208053772,0.00045713950372976587,999.74139339661804,-129.3033016909817,0.10000000000000001
606,0,0.79770486938424201,0.060029707245889741,0.19703091901985603,0.00045835640891663524,999.70272011678605,-148.63994160697303,0.10000000000000001
607,0,0.80773857959344075,0.060030275654403518,0.19748072897225472,0.00047290994586885859,999.67461284551484,-162.69357724257816,0.10000000000000001
608,0,0.81777795779165341,0.060030140289245762,0.19799142557777297,0.00049022984372801748,999.63669186504558,-181.65406747721136,0.10000000000000001
609,0,0.82781323843447907,0.060030670346583402,0.19850560261138647,0.00052228089456930391,999.60642388792542,-196.78805603729188,0.10000000000000001
610,0,0.837852725397215,0.060030621958088642,0.19909328926754061,0.00055730020277737935,999.56918395455943,-215.40802272028259,0.10000000000000001
611,0,0.84788936837972984,0.060031016091912283,0.19971538344807177,0.00060562029270293661,999.53725170999519,-231.37414500240538,0.10000000000000001
612,0,0.85792912869501148,0.060030887412165661,0.20042217942652615,0.00065615907661942946,999.50036965494348,-249.81517252825824,0.10000000000000001
613,0,0.86796698222446433,0.060031034094650874,0.20118766241070712,0.00071577055635795213,999.46708907014158,-266.45546492920857,0.10000000000000001
614,0,0.87800711393730391,0.060030765338158543,0.20204602981720676,0.00077530160380607734,999.43010970530077,-284.9451473496174,0.10000000000000001
615,0,0.88804604892656913,0.060030669238358668,0.20297608529194883,0.00083915146052943913,999.3956171274499,-302.19143627505218,0.10000000000000001
616,0,0.89808661785355182,0.060030274695352152,0.20400067627676313,0.00089937228523821397,999.35817347607019,-320.913261964904,0.10000000000000001
617,0,0.90812652693809293,0.060029977571532937,0.20509940381302147,0.00095911368292099432,999.32247080094203,-338.76459952898585,0.10000000000000001
618,0,0.91816762539931529,0.060029434459750314,0.20628392344651189,0.0010123145673362856,999.28442145965494,-357.78927017253181,0.10000000000000001
619,0,0.92820845554994658,0.060028907276935065,0.20753716002514333,0.0010611361050742259,999.24767272819759,-376.16363590120727,0.10000000000000001
620,0,0.93825018605652055,0.060028214230688832,0.20886011183482966,0.0011017458061189883,999.20909644568144,-395.45177715928048,0.10000000000000001
621,0,0.9482919073681253,0.060027435411837415,0.21023680715387891,0.0011363626544320128,999.17180318073088,-414.0984096345619,0.10000000000000001
622,0,0.95833430867405178,0.06002648523414806,0.21166682410818546,0.0011624138652111908,999.13322793942029,-433.3860302898529,0.10000000000000001
623,0,0.96837678340607247,0.060025378019908156,0.21312982182277232,0.0011828472507119997,999.09609949465846,-451.95025267076971,0.10000000000000001
624,0,0.97841977484173381,0.060024043688856776,0.21462971158893296,0.001196141291897996,999.05862380274982,-470.68809862508942,0.10000000000000001
625,0,0.98846275588296117,0.060022600530153396,0.2161447033038055,0.0012054101320667816,999.02260517980358,-488.69741009821155,0.10000000000000001
626,0,0.99850624980956215,0.060020796854797935,0.2176815736374754,0.001210622182413626,998.98763447018757,-506.18276490621383,0.10000000000000001
627,0,1.0085496323164722,0.06001915057002126,0.21922128162721152,0.0012138340143582141,998.95402624325379,-522.98687837310354,0.10000000000000001
628,0,1.0185936396108226,0.060017161615188906,0.22077244062662071,0.001216612415234068,998.92298990590564,-538.50504704718105,0.10000000000000001
629,0,1.0286375174893394,0.060015649061557368,0.22232204465733185,0.0012193984817642355,998.89326845744313,-553.36577127843611,0.10000000000000001
630,0,1.0386819427154155,0.0600138151283022,0.22387526037677544,0.0012237606819895058,998.86739752204198,-566.3012389790083,0.10000000000000001
631,0,1.0487263294381106,0.060012247173864483,0.22543186339837562,0.0012294515889865946,998.84303113285841,-578.48443357079304,0.10000000000000001
632,0,1.0587708243365188,0.060010464207849848,0.22698508266641446,0.0012358394529650473,998.82302118201699,-588.48940899150648,0.10000000000000001
633,0,1.0688155872862763,0.060008281132276985,0.22855246771241591,0.0012449292985417125,998.80537781913449,-597.3110904327541,0.10000000000000001
634,0,1.0788597992151066,0.060006471666302616,0.23011161019477644,0.0012509754947221847,998.79121630026827,-604.3918498658627,0.10000000000000001
635,0,1.0889047525333433,0.060003478692971346,0.23169276029023411,0.0012608696757202764,998.78131496681419,-609.34251659290339,0.10000000000000001
636,0,1.0989485752145205,0.060001748432976149,0.23326473514721879,0.0012636990932068338,998.77248870880328,-613.75564559835993,0.10000000000000001
637,0,1.108993428316394,0.059998420324188395,0.23485485676106396,0.0012689561797674823,998.77060065536102,-614.69967231948885,0.10000000000000001
638,0,1.1190370639549541,0.05999688727948449,0.23643849767149822,0.0012659740674815689,998.76653005351477,-616.73497324261461,0.10000000000000001
639,0,1.1290813792134831,0.059994207075662269,0.2380189916855745,0.0012581824067790098,998.77178061330926,-614.10969334536958,0.10000000000000001
640,0,1.1391251853870523,0.059992428931976649,0.23959723103814975,0.001247248741576841,998.77231875164659,-613.84062417670293,0.10000000000000001
641,0,1.1491684655511194,0.059991113340304589,0.24113623872486684,0.0012179249209173302,998.78262587875201,-608.68706062399269,0.10000000000000001
642,0,1.1592126856386133,0.059988192020065889,0.24267097002698665,0.0011975871879774651,998.7883675093691,-605.81624531545231,0.10000000000000001
643,0,1.1692547207949042,0.059988585800943107,0.24412691498320557,0.0011431320255161162,998.80055794044313,-599.72102977843633,0.10000000000000001
644,0,1.1792991993889077,0.059984318192494543,0.2455627543555037,0.0011106093778979463,998.8128312572436,-593.58437137819919,0.10000000000000001
645,0,1.1893402524976291,0.059986131079123949,0.24689118339964361,0.0010368845779799537,998.82343540810814,-588.2822959459304,0.10000000000000001
646,0,1.1993842161668034,0.059981483062442692,0.24816462657032737,0.00098568478040817527,998.84353082405426,-578.2345879728723,0.10000000000000001
647,0,1.2094250408242166,0.059983372076230293,0.24932335038589443,0.00090765273598258608,998.8501915141228,-574.90424293860087,0.10000000000000001
648,0,1.2194674496023574,0.059980537294973678,0.25037893868477068,0.00082798737048589823,998.87813903932363,-560.93048033818604,0.10000000000000001
649,0,1.2295091221100811,0.059980473610801013,0.251336233546471,0.00076483240237741135,998.88138530407912,-559.30734796044135,0.10000000000000001
650,0,1.2395491870305739,0.059981883685873635,0.25214109962101894,0.0006510755453009269,998.91449919606839,-542.75040196580449,0.10000000000000001
651,0,1.2495924430400154,0.059977997309657916,0.25287793661736274,0.00061755449269850729,998.9186007143586,-540.69964282069805,0.10000000000000001
652,0,1.2596301043330682,0.059984857572327605,0.25343688977450368,0.00047627469369328587,998.95108733549478,-524.4563322526119,0.10000000000000001
653,0,1.2696747277896721,0.05997695834159307,0.25394856446633846,0.00047119104485879992,998.96323414737105,-518.38292631447302,0.10000000000000001
654,0,1.2797108818882734,0.05998790041132241,0.25429663771136118,0.00032886275611328377,998.9871623157959,-506.41884210205035,0.10000000000000001
655,0,1.2897555895991535,0.059978349561352055,0.25460178887570906,0.00032863012640484672,999.01523405557782,-492.38297221108951,0.10000000000000001
656,0,1.2997917988198491,0.059989305682720241,0.25479330728587712,0.0002227943129176732,999.02394134611939,-488.02932694030687,0.10000000000000001
657,0,1.3098348359809098,0.05998273074374965,0.25493379461834803,0.00019275616630699149,999.07245325702786,-463.77337148607012,0.10000000000000001
658,0,1.3198725638974447,0.05998825530211082,0.25503310404122714,0.00016020458994252392,999.06503254371626,-467.48372814187178,0.10000000000000001
659,0,1.3299126039523412,0.059989785416148564,0.25507343886440309,7.6483479151502308e-05,999.13093086346885,-434.53456826557613,0.10000000000000001
660,0,1.3399524538482015,0.059985616553008145,0.2551411789943614,0.00013692615877544355,999.11475429031452,-442.62285484273889,0.10000000000000001
661,0,1.3499894751203227,0.059998057085570947,0.25515621442716219,5.9775338575773777e-06,999.18543121955099,-407.28439022450402,0.10000000000000001
662,0,1.3600310147733405,0.059983462177718327,0.25523107823696145,0.00014678702308814918,999.17475480193889,-412.62259903055565,0.10000000000000001
663,0,1.3700663458112941,0.060005289810940561,0.25528241171607879,6.7459391347594454e-07,999.23099135554958,-384.50432222521158,0.10000000000000001
664,0,1.3801083830347991,0.059984080752988105,0.25536718695627436,0.00016753694679741077,999.24151296914056,-379.2435154297209,0.10000000000000001
665,0,1.390143709858491,0.06000874437610882,0.25548043918627861,4.3813660996527806e-05,999.26606381721899,-366.96809139050401,0.10000000000000001
666,0,1.4001844899519347,0.059988227237040885,0.25556058500182033,0.00016284337914447151,999.30758014659727,-346.20992670136275,0.10000000000000001
667,0,1.4102209693294074,0.060006286062694848,0.2557318932611603,9.0166923044301356e-05,999.29498897882036,-352.50551058982182,0.10000000000000001
668,0,1.4202585433810671,0.059995427510417053,0.25579171167511083,0.00010567986802756702,999.36392290928029,-318.03854535985465,0.10000000000000001
669,0,1.4302969835944614,0.059998217564131921,0.25600736752537517,0.00011159182544842125,999.32542809631479,-337.28595184260257,0.10000000000000001
670,0,1.440330403337031,0.06000448263297864,0.2560629446910534,2.0768098616110403e-05,999.40370180837829,-298.14909581085658,0.10000000000000001
671,0,1.4503717503054721,0.059989034419184246,0.2562841183124594,0.0001264792790204499,999.3621413588877,-318.9293205561512,0.10000000000000001
672,0,1.4604016662495567,0.060014489244035095,0.25636639060757593,-3.5044674649870507e-05,999.42326349110999,-288.36825444500391,0.10000000000000001
673,0,1.4704468725021307,0.059985906398509925,0.25654605081517035,0.00014555235386393039,999.40414456450003,-297.92771774998528,0.10000000000000001
674,0,1.4804740058806525,0.060022957104200955,0.25666395137826525,-4.744435198195348e-05,999.42449441157362,-287.75279421319055,0.10000000000000001
675,0,1.4905235447489735,0.059991446753893153,0.25673909161315273,0.00013330201510119381,999.44438825861243,-277.80587069378271,0.10000000000000001
676,0,1.5005466827669771,0.060022875339043109,0.25690240460763691,-7.2308496402549558e-05,999.41729221565026,-291.35389217486818,0.10000000000000001
677,0,1.5106003359098494,0.060000119638698224,0.25685319809207952,3.0194940915842825e-05,999.47627474715796,-261.86262642102065,0.10000000000000001
678,0,1.5206172174689709,0.060008535760707228,0.25708105742682696,-0.00014563506452959396,999.4172993349905,-291.35033250474862,0.10000000000000001
679,0,1.530674576059587,0.060008396812184492,0.25697898740035846,-0.00013611464112754564,999.496441717842,-251.77914107899824,0.10000000000000001
680,0,1.5406855972822879,0.059988159280731361,0.25730264360274413,-0.00019830509144433745,999.43827924299626,-280.8603785018704,0.10000000000000001
681,0,1.5507469970362944,0.060019084129529075,0.25729990033635924,-0.0002288974050958313,999.50622723702463,-246.88638148768405,0.10000000000000001
682,0,1.5607552314026416,0.059983017077757855,0.25771338084466133,-0.00012808982692055654,999.48520670388803,-257.3966480559875,0.10000000000000001
683,0,1.5708207738083417,0.060033172440932779,0.25793976755148651,-0.00016166448935480616,999.50963032120831,-245.18483939584712,0.10000000000000001
684,0,1.5808290695731393,0.059999809561950765,0.25838418462614721,3.8572732269383479e-05,999.55405140245966,-222.97429877016839,0.10000000000000001
685,0,1.590894686399259,0.060035380075587529,0.25885073323988178,-2.7403558240559042e-05,999.5139094485811,-243.04527570944856,0.10000000000000001
686,0,1.6009047770241065,0.060015408938796283,0.25931074626747241,0.00015384818014656864,999.6385078120145,-180.74609399275232,0.10000000000000001
687,0,1.6109619571453924,0.060011729273407824,0.2599628614107114,7.3183452353227678e-05,999.53429802243352,-232.85098878324106,0.10000000000000001
688,0,1.6209754653727788,0.060014818998735828,0.26057546125925318,0.00015012204541769045,999.7355646754379,-132.21766228105025,0.10000000000000001
689,0,1.6310221153238038,0.05998511245706082,0.2613562792177555,0.00017183383651956537,999.5833875314861,-208.30623425695194,0.10000000000000001
690,0,1.641038632486387,0.060017735511436972,0.26234433442122668,0.00020232251423050524,999.83750299633709,-81.248501831453268,0.10000000000000001
691,0,1.6510838438759725,0.059999562671928637,0.26317468906863117,0.00039494091731776551,999.65473652515311,-172.63173742344406,0.10000000000000001
692,0,1.6610994377442179,0.060042081109371453,0.26465969763109665,0.0004601441042003363,999.93115335887455,-34.423320562723347,0.10000000000000001
693,0,1.671152931889837,0.06004620689079173,0.26535202888790049,0.00071823733502410507,999.73007571491564,-134.96214254217875,0.10000000000000001
694,0,1.681156817323735,0.060053649913363774,0.26721937707251225,0.0007465892532838483,1000.0078536951318,3.9268475658786883,0.10000000000000001
695,0,1.691222614483199,0.060061293466400385,0.26772411584222849,0.00095921528933891082,999.80587975169658,-97.06012415171017,0.10000000000000001
696,0,1.7012032891386126,0.060030137267568451,0.26971015854488256,0.0007899948093272797,1000.0711411631873,35.570581593674433,0.10000000000000001
697,0,1.7112853681632392,0.060037318428117353,0.27003399082020912,0.00093712378416325082,999.88396639974724,-58.01680012638144,0.10000000000000001
698,0,1.7212459102733073,0.06001728335706337,0.27218064586780577,0.0006330305912301134,1000.157554306654,78.777153326996086,0.10000000000000001
699,0,1.7313480469982749,0.060025096335823362,0.27242896658217464,0.00049921990791488148,999.97002033678814,-14.989831605930704,0.10000000000000001
700,0,1.7412907829482314,0.060045112600823243,0.27435138028705097,0.0004648442889723775,1000.2806066834848,140.30334174242398,0.10000000000000001
701,0,1.7514224357029904,0.060029792428874344,0.2748089740061927,2.3723690281941975e-05,1000.0590467275274,29.523363763701127,0.10000000000000001
702,0,1.7613141833141219,0.060069128224712422,0.27620762700817458,0.00047072139827852334,1000.4689053401958,234.4526700978804,0.10000000000000001
703,0,1.7715050755014972,0.060050080676852691,0.27696793535387193,0.00039880592847237522,1000.1213567044339,60.678352216939402,0.10000000000000001
704,0,1.7812916697516854,0.060111625802741014,0.27689332323473831,0.0019872338441435052,1000.4890943497186,244.54717485929223,0.10000000000000001
705,0,1.7916345393264517,0.060139073996107732,0.27975834486277668,0.0016421268728984959,1000.1745747259531,87.287362976553595,0.10000000000000001
706,0,1.8012759888597445,0.060202306228369265,0.27757996677155705,0.00273802130731007,1000.2908656569357,145.43282846784678,0.10000000000000001
707,0,1.8118069427673784,0.060209590620952873,0.28163203439744033,0.0027773162580715638,1000.0341968911574,17.098445578710653,0.10000000000000001
708,0,1.8213267468040899,0.060204991969732446,0.27887396829697164,0.0019653922033593782,1000.1109449340161,55.472467008030435,0.10000000000000001
709,0,1.8319760252317654,0.060134110305443571,0.2817062042971441,0.0013451543146263292,999.96749594435425,-16.252027822872606,0.10000000000000001
710,0,1.8414271903543313,0.060030721197629221,0.27946384261382462,0.0011715924494330428,999.94759334557727,-26.203327211362648,0.10000000000000001
711,0,1.8520970566072072,0.059982532006211085,0.27948886616825641,0.0027126887882121336,999.88453544073218,-57.732279633910366,0.10000000000000001
712,0,1.8615039928068238,0.059758616377527309,0.27906924130877492,0.0040055381172286308,1000.0521800305529,26.09001527645205,0.10000000000000001
713,0,1.8721864767567702,0.059817535199458947,0.27910945919762253,0.0059584595795144019,1000.0308618884741,15.430944237039057,0.10000000000000001
714,0,1.8812431264159457,0.05981622222669794,0.27850063628125687,0.0085055526080455857,1000.2879156054871,143.95780274355729,0.10000000000000001
715,0,1.8926019699598002,0.060065485365098432,0.28330441205307183,0.0034650386759262236,1000.4299013822335,214.95069111676912,0.10000000000000001
716,0,1.8998852382473355,0.060806881412014395,0.28314434880388012,0.00090093602227534462,1000.1918252751755,95.912637587730387,0.10000000000000001
717,0,1.9173673337365895,0.06021828533013468,0.28620131547267169,-0.022815471045127874,1000.1318727031829,65.936351591460607,0.10000000000000001
718,0,1.9174096663653579,0.060338966975494158,0.28645194885426473,-0.022850642903601111,1000.1350881575999,67.54407879992641,0.10000000000000001
719,0,1.9410799800046934,0.055520634516515968,0.25984778436242784,-0.011776508294119258,1000.0647669867828,32.383493391421325,0.10000000000000001
720,0,1.9405907644573566,0.054276096167639294,0.25832746158344055,-0.011409005015805532,1000.0910013176605,45.500658830235352,0.10000000000000001
721,0,1.9581860421034185,0.061984347700056446,0.25434244816935647,-0.0071038299318639704,1000.2834606112905,141.7303056452397,0.10000000000000001
722,0,1.9699440111297963,0.063109561892556731,0.24555602157444872,-0.01396154525722893,999.95091016019353,-24.544919903235041,0.10000000000000001
723,0,1.9702531587592211,0.062517947086647471,0.24520172738403093,-0.014097187381169466,999.94562794985666,-27.186025071671338,0.10000000000000001
724,0,0.17049078933052852,0.070462305997012697,0.20024668351695493,-0.0071138463966807074,1000.0368410936022,18.420546801110049,0.10000000000000001
725,0,0.17087470196349244,0.073518522735687181,0.20266416379874358,-0.0077071307219424706,1000.0674101866073,33.705093303638023,0.10000000000000001
726,0,0.18513162674224018,0.068327470616076177,0.19839095874877424,-0.0014090912974005999,1000.127604990445,63.802495222489597,0.10000000000000001
727,0,0.19812308683120686,0.065109388916618424,0.20505823261524084,-0.015641368984698697,1000.2711861503436,135.59307517181196,0.10000000000000001
728,0,0.19827077960469469,0.065482866372966755,0.20577292535363625,-0.015272597041694274,1000.2806391478356,140.31957391779315,0.10000000000000001
729,0,0.22122800731329836,0.069273404672667127,0.17017501470752106,-0.011042714206243353,1000.3770625713264,188.53128566320265,0.10000000000000001
730,0,0.22135718058619772,0.069696883618770619,0.17114748132042931,-0.010358536392403379,1000.3714056836482,185.70284182408159,0.10000000000000001
731,0,0.2365577250654308,0.070305054726985006,0.16858095740957513,-0.0041490089562993757,999.64087285437449,-179.56357281275359,0.10000000000000001
732,0,0.24540229065165628,0.070659926761915945,0.17236781781735558,0.0037459232894834411,1000.6535849124139,326.79245620693109,0.10000000000000001
733,0,0.25696967849422087,0.070574819061021546,0.17407482009272982,0.0057010910327837151,999.40305355356963,-298.47322321518277,0.10000000000000001
734,0,0.266511392482075,0.070537797710779018,0.17605197878041828,0.007572490803500578,1000.8977878079736,448.89390398680007,0.10000000000000001
735,0,0.27754888809837708,0.07032345246924325,0.17980457756654672,0.0069948683925833161,999.56141479619112,-219.29260190444211,0.10000000000000001
736,0,0.28707725987746513,0.070319349709040857,0.17837047210271387,0.0050642379500926288,1000.841643282756,420.82164137798372,0.10000000000000001
737,0,0.29781899397224065,0.070303099593697585,0.18259493211022113,0.0035596180594761133,999.82866296758164,-85.668516209182144,0.10000000000000001
738,0,0.30738358651253939,0.070225343719780148,0.17917166694597533,0.0020351103273548547,1000.703746350065,351.8731750324946,0.10000000000000001
739,0,0.31799275743029398,0.070185689509044413,0.18380789843793133,0.00096376960624725829,999.92248694261809,-38.756528690953473,0.10000000000000001
740,0,0.32759920626833855,0.070153001919633071,0.17907004164217666,0.00090623469384495882,1000.7070027192905,353.50135964523588,0.10000000000000001
741,0,0.33808141192633606,0.070144044851402174,0.18388785807631711,-7.191698013134728e-05,1000.0637006687558,31.850334377907075,0.10000000000000001
742,0,0.34776246122530197,0.07009820039442026,0.17992042574720279,0.00039567720021345068,1000.5926972925648,296.34864628241075,0.10000000000000001
743,0,0.35813377174404781,0.07011265265986584,0.18309403981565767,-3.042742692150629e-05,1000.2099316765823,104.96583829115025,0.10000000000000001
744,0,0.3678807355877744,0.070073209174338583,0.18106189001596534,0.00026650407985733329,1000.5195114816693,259.75574083463471,0.10000000000000001
745,0,0.37819684734167347,0.070090049937942295,0.18285433251542069,0.00020884062549770369,1000.3131740888455,156.58704442273574,0.10000000000000001
746,0,0.38797695573985308,0.07006737380355621,0.18216612759130829,0.00029176657377087245,1000.4828620156057,241.43100780287341,0.10000000000000001
747,0,0.39825201955656697,0.070070277595826139,0.18316808113593169,0.00036573938881091507,1000.3775793957332,188.78969786658217,0.10000000000000001
748,0,0.40806617574524429,0.07006068768486097,0.18343258693775971,0.00034892860186331865,1000.4502730783132,225.13653915660825,0.10000000000000001
749,0,0.41830133412431897,0.070059017341643756,0.18383643916606016,0.00040345065440192959,1000.402790143278,201.39507163901271,0.10000000000000001
750,0,0.42815105933391384,0.070054469078784737,0.1848675249577228,0.00037760452547498348,1000.423172575575,211.58628778749744,0.10000000000000001
751,0,0.43835156202717546,0.070049453193637784,0.18489260550840436,0.00040333711146448492,1000.3892135954434,194.60679772168987,0.10000000000000001
752,0,0.44823108383705035,0.070042892489899977,0.18618854801170998,0.00039501088689263767,1000.4119440496795,205.97202483975252,0.10000000000000001
753,0,0.45840175685886364,0.070036034538731751,0.18636110711002143,0.00040545467026457466,1000.3482335319471,174.11676597356518,0.10000000000000001
754,0,0.46830486163837715,0.070033012496166183,0.18738197365123099,0.00039602225162791539,1000.3935088832869,196.75444164346345,0.10000000000000001
755,0,0.47845136829942542,0.070025824643583451,0.187933439444777,0.0004016306652654471,1000.3003418993316,150.17094966577815,0.10000000000000001
756,0,0.48837473083480881,0.070026281041964164,0.18863949679205391,0.0003750394622917726,1000.3541233303881,177.06166519405997,0.10000000000000001
757,0,0.49850200778465381,0.070021770609028672,0.18931941581593276,0.00037835659456471251,1000.2578179265497,128.90896327485279,0.10000000000000001
758,0,0.5084453813865808,0.07002331543265064,0.18995805322161274,0.00035712060664390346,1000.3009202289998,150.46011449987873,0.10000000000000001
759,0,0.51855587339034992,0.070021083513650217,0.19053092902772642,0.00033445541368246626,1000.2186919437354,109.34597186769679,0.10000000000000001
760,0,0.5285163051182129,0.070022015793594669,0.19112769397494744,0.00032719050847648421,1000.2496677004934,124.83385024671634,0.10000000000000001
761,0,0.53861338052009045,0.070021334499059451,0.19164302597340455,0.00029655468507790546,1000.1803205520293,90.160276014671581,0.10000000000000001
762,0,0.54858694897231763,0.070021436279474214,0.19210636539821666,0.00029110456993703922,1000.2055065346939,102.7532673469409,0.10000000000000001
763,0,0.55867339760803747,0.070021193571932816,0.19260289025855634,0.00026302854147909182,1000.1465095289915,73.25476449574353,0.10000000000000001
764,0,0.56865758194119564,0.070021694390524331,0.19296765993007317,0.00026058094209739706,1000.1681822766199,84.091138309929647,0.10000000000000001
765,0,0.57873525369087986,0.070020744484113939,0.19342071303815978,0.0002418929381866074,1000.1182820233694,59.141011684687328,0.10000000000000001
766,0,0.58872839741197946,0.070022238988819513,0.19374360313407107,0.00024572131931670948,1000.1380699934235,69.034996711764052,0.10000000000000001
767,0,0.5987986607643534,0.070020519714156751,0.19417759845677227,0.00023705124482165183,1000.0938348364521,46.91741822603035,0.10000000000000001
768,0,0.60879926039832744,0.070022992784077254,0.19448648296326518,0.00024635428500134675,1000.1126868303257,56.343415162871224,0.10000000000000001
769,0,0.61886350180347882,0.070020617109786479,0.1949320373574123,0.00024769732665435673,1000.0720817640868,36.040882043380407,0.10000000000000001
770,0,0.6288702795983836,0.070023777143029597,0.19526587598426626,0.00026456401823340004,1000.0879070383058,43.953519152921672,0.10000000000000001
771,0,0.63892954237705568,0.070021209839180532,0.19573159141776234,0.00027051980850699626,1000.0510109050357,25.505452517847971,0.10000000000000001
772,0,0.64894175361774953,0.070024292687206599,0.19611983427591176,0.00028939413995967943,1000.0609682248477,30.484112423835086,0.10000000000000001
773,0,0.65899666056904571,0.07002215441158785,0.19661356865570884,0.0003005551969213824,1000.0271533309051,13.576665452546877,0.10000000000000001
774,0,0.66901376693656334,0.070024658124885439,0.19705463036214715,0.00031511385766573271,1000.0302580279306,15.12901396529287,0.10000000000000001
775,0,0.67906501808517439,0.070023179258021165,0.1975793888677578,0.00032500387360674676,999.99768306942985,-1.1584652850729071,0.10000000000000001
776,0,0.68908633163001742,0.070025178382105174,0.19806254577644863,0.00033519303178889223,999.99406610393385,-2.9669480330767328,0.10000000000000001
777,0,0.69913490353888219,0.070024108105203139,0.19859943131303437,0.00033596373441490877,999.96122161898097,-19.389190509514265,0.10000000000000001
778,0,0.70915951780478326,0.070025853014783243,0.19911036562078488,0.00034141109487958814,999.95156481833237,-24.217590833814029,0.10000000000000001
779,0,0.71920641073076397,0.070025009955026238,0.19964196969928028,0.00033394219945379197,999.91715052756979,-41.424736215105895,0.10000000000000001
780,0,0.72923367121019467,0.070026578797291322,0.20015182562908798,0.00033063685744034842,999.90282610580823,-48.586947095884625,0.10000000000000001
781,0,0.7392794183544712,0.070026022972085655,0.20067461225597519,0.00031860697482490236,999.86600976843454,-66.995115782731318,0.10000000000000001
782,0,0.74930915831783429,0.070027387523642529,0.20115792222478851,0.00030937031829311067,999.84816530625119,-75.917346874405212,0.10000000000000001
783,0,0.75935394304056236,0.070027028467388855,0.20167046323642582,0.00029529732818677255,999.80931564985599,-95.342175072005375,0.10000000000000001
784,0,0.76938611380706667,0.070028187527122643,0.20212835450027247,0.00028549262162990601,999.78820300188056,-105.8984990597196,0.10000000000000001
785,0,0.77943011501991344,0.070027787597120361,0.20263041841203688,0.00027442254191822028,999.74853922198804,-125.73038900598021,0.10000000000000001
786,0,0.78946448282646564,0.070028713445705118,0.20308491263390646,0.000269895526384526,999.72426969430626,-137.86515284687084,0.10000000000000001
787,0,0.79950795647147388,0.070028344086384503,0.2035952217534758,0.00026746219895449063,999.68463187699308,-157.68406150345982,0.10000000000000001
788,0,0.80954423765862293,0.070029074296626206,0.20407664638814255,0.00027355533339277636,999.65769297217014,-171.1535139149305,0.10000000000000001
789,0,0.81958743609517515,0.070028841100006373,0.20463039454648976,0.00028347292600371088,999.61848427900236,-190.75786049882026,0.10000000000000001
790,0,0.8296254647785426,0.070029458038544865,0.20517993798568199,0.00030357005372653908,999.58929322893596,-205.35338553202109,0.10000000000000001
791,0,0.83966863343823994,0.070029370128044152,0.20581533219596004,0.00032712646676609405,999.55074784874239,-224.62607562880521,0.10000000000000001
792,0,0.84970822010869274,0.07002983569441476,0.20647705491412299,0.00036003955671020705,999.51960789216082,-240.19605391958976,0.10000000000000001
793,0,0.85975152784468034,0.070029690718443435,0.2072323163544012,0.00039551530547828626,999.48157071232527,-259.21464383736748,0.10000000000000001
794,0,0.86979243808402673,0.070029930831600168,0.2080390881772651,0.00043675043447611819,999.44885146358035,-275.574268209823,0.10000000000000001
795,0,0.87983602381039006,0.070029677214641373,0.20894473517069306,0.00047852802756628078,999.41088314456931,-294.55842771534435,0.10000000000000001
796,0,0.88987801943508138,0.070029715868949322,0.20991508062094213,0.00052223814446967901,999.3768288291667,-311.58558541665116,0.10000000000000001
797,0,0.89992198429312897,0.07002937926897225,0.21098367692678238,0.00056320032395188217,999.33862705742354,-330.68647128823159,0.10000000000000001
798,0,0.90996493469082385,0.070029214125976486,0.2121203512628998,0.00060263279604744885,999.30331747189587,-348.34126405206689,0.10000000000000001
799,0,0.920009301448242,0.070028750657294275,0.21334492546434064,0.00063697815547379992,999.26483602790108,-367.58198604945846,0.10000000000000001
800,0,0.93005308408045939,0.070028370302435847,0.2146331210407369,0.00066681377558406208,999.22844237278969,-385.77881360515676,0.10000000000000001
801,0,0.94009785112957445,0.070027755948950124,0.21599275962136308,0.00069051220842095259,999.18986785094,-405.06607452999788,0.10000000000000001
802,0,0.95014232204226046,0.070027150476038413,0.21740210383916658,0.00070884781586120539,999.1528465950978,-423.57670245110057,0.10000000000000001
803,0,0.96018746836570779,0.070026331521581428,0.21886653029487549,0.00072069001397684872,999.1147266045898,-442.6366977050975,0.10000000000000001
804,0,0.97023244100347583,0.070025441068696695,0.22036120631533243,0.00072848542039521318,999.07781798523899,-461.09100738050302,0.10000000000000001
805,0,0.98027790045730534,0.07002434912302756,0.22189452549717512,0.00073064584209759373,999.041151620101,-479.42418994949776,0.10000000000000001
806,0,0.99032314556879786,0.070023097376267968,0.22344196788733448,0.00073123297549955565,999.00548669299587,-497.25665350206327,0.10000000000000001
807,0,1.0003687483209889,0.070021669088483979,0.22501162883565792,0.00072812123147175721,998.97139735623898,-514.30132188050948,0.10000000000000001
808,0,1.0104140510044792,0.0700201452799908,0.22658589621773836,0.00072578105499739682,998.93856940762009,-530.71529618995328,0.10000000000000001
809,0,1.0204596571799891,0.070018614766226284,0.22816975104612724,0.00072222487574929929,998.90804447723065,-545.9777613846768,0.10000000000000001
810,0,1.0305049641037658,0.070017192802331027,0.22975593087771271,0.00072042035959720666,998.87987071167697,-560.06464416151402,0.10000000000000001
811,0,1.040550481247223,0.07001577278013725,0.23134220756628174,0.00071998296100091175,998.85377178535271,-573.1141073236472,0.10000000000000001
812,0,1.0505957800185828,0.0700144347486929,0.23293587088624393,0.00071975434587368188,998.83181084661601,-584.09457669199583,0.10000000000000001
813,0,1.0606410022649995,0.070012826643925524,0.23452344420166424,0.00072345615666385987,998.81096661235881,-594.51669382059436,0.10000000000000001
814,0,1.0706861462366128,0.070011217694220251,0.23612550382926512,0.00072395228524932539,998.79604568886714,-601.97715556643061,0.10000000000000001
815,0,1.0807307419856611,0.07000919163107823,0.23772019344329512,0.00072948386773910795,998.78126650535637,-609.36674732181473,0.10000000000000001
816,0,1.0907754482741616,0.070007212541556105,0.23933093317188264,0.00072859783267086248,998.7730953299,-613.45233504999896,0.10000000000000001
817,0,1.1008191522416961,0.070004985969589401,0.24093854240681406,0.0007311019838355618,998.76525051921965,-617.3747403901757,0.10000000000000001
818,0,1.1108631510302664,0.070002852235503552,0.24255140698069982,0.00072659120987760158,998.76242232571758,-618.78883714121002,0.10000000000000001
819,0,1.1209059881216066,0.070000966133625359,0.2441678151137997,0.00071973164840569398,998.76231962263671,-618.84018868164503,0.10000000000000001
820,0,1.1309490917199987,0.069998923510150093,0.24576531207430319,0.00071037576364970788,998.76297435623076,-618.51282188462164,0.10000000000000001
821,0,1.1409912849782906,0.069997649365655751,0.24736885821532975,0.0006889543675591,998.77070832007757,-614.64583996121291,0.10000000000000001
822,0,1.1510332880737675,0.069995576232244935,0.24892291671363614,0.00067352101886774998,998.77362614933588,-613.18692533205876,0.10000000000000001
823,0,1.1610750091295303,0.06999468979747972,0.25047089476278767,0.00063556355826742362,998.78768125748866,-606.15937125567143,0.10000000000000001
824,0,1.1711157440754678,0.069992605400202121,0.2519445468327709,0.00061196090924497916,998.79320155830248,-603.39922084875752,0.10000000000000001
825,0,1.1811570123956359,0.069991833135156459,0.25337931595786523,0.00056059867979554314,998.81030873737552,-594.84563131223922,0.10000000000000001
826,0,1.1911965144730721,0.069990216792359186,0.2547302006519675,0.0005247836392186805,998.8205558709343,-589.72206453285025,0.10000000000000001
827,0,1.20123714540858,0.069989153484649624,0.25599039440554,0.00046861403241160298,998.83639488095662,-581.80255952169091,0.10000000000000001
828,0,1.2112757770936553,0.069988604261514251,0.25717441845308325,0.00041705360712462989,998.85434027405711,-572.82986297144589,0.10000000000000001
829,0,1.2213154061234195,0.069986897339661097,0.25821183992002567,0.00036780492627195416,998.86527661321668,-567.36169339166054,0.10000000000000001
830,0,1.231353849278263,0.069987922055175122,0.25919196698591423,0.00029945746658088535,998.89276901466803,-553.61549266598331,0.10000000000000001
831,0,1.2413920801131417,0.069985619161663695,0.25998454549279965,0.00026588185002636975,998.89784505718467,-551.07747140766605,0.10000000000000001
832,0,1.2514310986833541,0.069988097978300565,0.26073486444440758,0.00018445573689057182,998.93339972279102,-533.30013860448844,0.10000000000000001
833,0,1.2614677043352418,0.069985821358223663,0.2612966655224665,0.00016324900997802768,998.93609108887563,-531.95445556218601,0.10000000000000001
834,0,1.2715077697110184,0.069988758126587988,0.26181014414685178,7.8946559564417343e-05,998.9742984975818,-512.85075120910051,0.10000000000000001
835,0,1.2815429150885524,0.069987686479964603,0.2621812541051366,5.6667179822392475e-05,998.98188487205948,-509.05756397025925,0.10000000000000001
836,0,1.2915839332034809,0.069989332283061215,0.26247764893256686,-1.1571450286884471e-05,999.01498898324689,-492.50550837655283,0.10000000000000001
837,0,1.3016181975852537,0.069990740521794201,0.26271155599470858,-4.9329593349432082e-05,999.03561176992901,-482.19411503549736,0.10000000000000001
838,0,1.3116594667066035,0.069989544100487092,0.26284163249365128,-7.5420050423483415e-05,999.05661206544335,-471.69396727832691,0.10000000000000001
839,0,1.3216937458219087,0.069994170287896354,0.26299170154391843,-0.00013155907597762548,999.09463832692131,-452.68083653934355,0.10000000000000001
840,0,1.3317343206592449,0.069989963630960397,0.2630310485148748,-9.8386109861130341e-05,999.10095336357392,-449.52331821303915,0.10000000000000001
841,0,1.3417693790859515,0.069997282401536298,0.26314087203613257,-0.00016633751888488099,999.15346382644134,-423.26808677933059,0.10000000000000001
842,0,1.3518086981352566,0.069991757979146391,0.26317082550295479,-8.6653843568175015e-05,999.14960680916352,-425.1965954182424,0.10000000000000001
843,0,1.3618447667378635,0.069999659555395694,0.2632657374980748,-0.00015991206111070421,999.20627782212057,-396.8610889397155,0.10000000000000001
844,0,1.3718833690985648,0.069995842774642658,0.26334867428050474,-7.7827197055316291e-05,999.203636169128,-398.18191543599823,0.10000000000000001
845,0,1.3819196711725124,0.070001040881070939,0.26343036523191221,-0.00014371560473073138,999.24969212307803,-375.15393846098277,0.10000000000000001
846,0,1.3919593050164971,0.070001454411538377,0.26359285496604623,-0.00010170220715443898,999.26253015880684,-368.7349205965802,0.10000000000000001
847,0,1.401993805074174,0.070000681954518224,0.26365416113802465,-0.00013074438116764014,999.28371048673716,-358.1447566314182,0.10000000000000001
848,0,1.4120365704119264,0.070006200656194409,0.26388154148418463,-0.00013762845036742016,999.3221778512733,-338.91107436335233,0.10000000000000001
849,0,1.4220666903132806,0.069998261587038313,0.26392003609648401,-9.7845565180573074e-05,999.31050997488774,-344.74501255613177,0.10000000000000001
850,0,1.4321136202245635,0.070008019647687963,0.26418160430399829,-0.0001323325343191861,999.37469990772252,-312.65004613874225,0.10000000000000001
851,0,1.4421379641891163,0.069995871029972428,0.26421368035112297,-2.9947249770777543e-05,999.33359011235746,-333.20494382127208,0.10000000000000001
852,0,1.4521887380592595,0.070008189695593762,0.26446059494599439,-8.4143203767274183e-05,999.41143850446849,-294.28074776575386,0.10000000000000001
853,0,1.462208489404353,0.069998201050443909,0.26451160552966935,1.9474305517002925e-05,999.35601201237773,-321.99399381113381,0.10000000000000001
854,0,1.4722630598044202,0.070010267275046445,0.26470615072868708,-6.8329438646217225e-05,999.42962837082564,-285.18581458718018,0.10000000000000001
855,0,1.48228113041232,0.070007113423063247,0.2647922198584251,-4.1761923195864972e-05,999.3814187613425,-309.29061932874902,0.10000000000000001
856,0,1.4923395320874293,0.070013302402913355,0.26489948577580646,-0.00013750810458351437,999.43296597734548,-283.51701132726248,0.10000000000000001
857,0,1.5023578686135506,0.070016038134811637,0.26502705870508347,-0.00020193613013372747,999.41226347744714,-293.86826127642962,0.10000000000000001
858,0,1.5124176448758251,0.070010519808842472,0.2650602589253051,-0.00023644994311839852,999.43157436223953,-284.21281888023486,0.10000000000000001
859,0,1.5224348550025848,0.070016462001981195,0.265229972251598,-0.00032899202272072245,999.44578420533901,-277.10789733049523,0.10000000000000001
860,0,1.5324931313733938,0.07000104064984948,0.26525918610576033,-0.00024691460967067781,999.4362139068736,-281.89304656319791,0.10000000000000001
861,0,1.542506154047486,0.070011519244447165,0.26549703905575484,-0.00031917034193566053,999.47528978344303,-262.35510827848429,0.10000000000000001
862,0,1.5525644023008691,0.069997373873380023,0.26562462960305905,-0.0001599729691104682,999.45471238708285,-272.643806458575,0.10000000000000001
863,0,1.5625740008186568,0.070014038393271638,0.26594652613207165,-0.00023993811057528472,999.49649649195032,-251.75175402483774,0.10000000000000001
864,0,1.5726381158979594,0.070010415407626939,0.266265008917629,-0.00010934892378451429,999.49406801210534,-252.96599394732766,0.10000000000000001
865,0,1.5826480598085892,0.070023744531549775,0.2666551042624653,-0.00022063967494131607,999.51380248917894,-243.09875541052861,0.10000000000000001
866,0,1.5927212983801917,0.070026916553125096,0.267178548886704,-0.0001339135198256814,999.55833605303724,-220.83197348138128,0.10000000000000001
867,0,1.6027265857209474,0.070020405927448917,0.26769347637493962,-0.00019625577677696496,999.54239285557162,-228.8035722141899,0.10000000000000001
868,0,1.6128058927830597,0.070025829788552554,0.26831580499339142,-3.1427438762984708e-05,999.63892164538754,-180.5391773062297,0.10000000000000001
869,0,1.6227943542202954,0.070000238972633549,0.26909655861855442,2.0531780329470132e-05,999.58893239682459,-205.53380158770551,0.10000000000000001
870,0,1.6328786145996783,0.070016779720535799,0.26978659777914071,0.00034536873601603488,999.72345764468196,-138.2711776590213,0.10000000000000001
871,0,1.6428469882657206,0.069994803461325528,0.27087746298935739,0.00044246130446323658,999.64563883559197,-177.18058220401645,0.10000000000000001
872,0,1.6529479289757594,0.070030526452563663,0.27169090719286865,0.00081202235023236809,999.80587497306442,-97.062513467790268,0.10000000000000001
873,0,1.6629046144548134,0.07002355996226961,0.27305427960093598,0.00081655564746797166,999.71293066152361,-143.53466923819269,0.10000000000000001
874,0,1.673035216799222,0.070059533812575472,0.27386103118433414,0.0010436717920948905,999.87659563651107,-61.702181744465179,0.10000000000000001
875,0,1.6829819792199514,0.070051465827054807,0.27556918650782919,0.00096446738827906167,999.80164639237296,-99.176803813520564,0.10000000000000001
876,0,1.6931277272902523,0.070061410885381814,0.27612951133783598,0.0010147836255289166,999.9252548600814,-37.372569959302382,0.10000000000000001
877,0,1.7030612322176693,0.070047550261560745,0.2781686538156557,0.0009834491751997789,999.90431230278193,-47.843848609034012,0.10000000000000001
878,0,1.7131957431868932,0.070043769901126873,0.27841677769826079,0.001041328575618622,999.93839176749896,-30.804116250521929,0.10000000000000001
879,0,1.7231264640455277,0.070044956268257325,0.28060710170710118,0.0010943285393600567,999.98305183251023,-8.4740837448862294,0.10000000000000001
880,0,1.7332562721112506,0.070051580910380301,0.28069546421512626,0.0011715716139153282,999.89768101395077,-51.159493024613312,0.10000000000000001
881,0,1.7431965715306412,0.07007421389677343,0.28282543819984912,0.0013475040214973701,1000.0223792679247,11.189633962374046,0.10000000000000001
882,0,1.7533337111420193,0.070082007686528433,0.28259787561611621,0.0014854318127700261,999.78113324359322,-109.43337820339138,0.10000000000000001
883,0,1.7632740750547302,0.070104995409073209,0.2844294320577796,0.0015941667573625279,999.99618119125853,-1.9094043707355013,0.10000000000000001
884,0,1.7734212996689096,0.070092443483899897,0.28474606411780817,0.0013786663110227069,999.74692941419357,-126.5352929032133,0.10000000000000001
885,0,1.7833387593287187,0.070117493248235227,0.28534716785252506,0.0015729313633039686,999.89602134795985,-51.989326020077442,0.10000000000000001
886,0,1.7935344094958292,0.070103089969782567,0.28703219599133584,0.0011675847110837569,999.84489027371274,-77.554863143632247,0.10000000000000001
887,0,1.8034420830928282,0.070084352553697146,0.28656173819671177,0.00077561418394229758,999.92382691694581,-38.086541527093232,0.10000000000000001
888,0,1.8136719876034546,0.070064990762126564,0.28933812063915115,0.00066994137436257725,1000.0725640757589,36.282037879459494,0.10000000000000001
889,0,1.8235911022639217,0.069934578896417993,0.28631069614889587,0.00053022291744467243,999.9619020241023,-19.048987948849572,0.10000000000000001
890,0,1.8338009044216608,0.069960831857873523,0.29084737472030436,0.0014001569461085321,1000.2917877169382,145.89385846909408,0.10000000000000001
891,0,1.8437346391482223,0.069729521275859352,0.28676366292697514,0.0018279226127731571,1000.0556710224461,27.835511223031517,0.10000000000000001
892,0,1.8538799061738251,0.069870062201161376,0.29096367257811695,0.0037768653203025665,1000.3485825011087,174.29125055434724,0.10000000000000001
893,0,1.8637526880260413,0.06959518504112519,0.2877004898085222,0.0060295620442768353,999.89053511080556,-54.73244459722082,0.10000000000000001
894,0,1.8741495589331405,0.069864396999736553,0.29352519801286592,0.0069650142750102709,1000.4919374729691,245.96873648454221,0.10000000000000001
895,0,1.8834014063046416,0.069907438350502116,0.2932944790202261,0.0074822623161595395,999.27220117123932,-363.89941438034157,0.10000000000000001
896,0,1.8949122335830955,0.070107510341611959,0.29757268776180529,0.0021514571584802336,1000.3900355032216,195.01775161080559,0.10000000000000001
897,0,1.9033344050596608,0.070434260296231344,0.30234624460066051,-0.0056244096828328002,999.39340690067638,-303.29654966180897,0.10000000000000001
898,0,1.9192241422475669,0.069596893377544447,0.29644172718069994,-0.020185919353720157,1000.2804634682811,140.23173414057055,0.10000000000000001
899,0,1.9192063994099686,0.069203038476057313,0.29624182036590435,-0.021030050394592808,1000.2749121261221,137.45606306105174,0.10000000000000001
900,0,1.9419145580325081,0.064849937493647952,0.25522166392931467,-0.0091950372686942401,1000.2507688316797,125.3844158398465,0.10000000000000001
901,0,1.9419302437569881,0.06447740767017536,0.25557925538200277,-0.0096016931803101519,1000.2423729361386,121.1864680693111,0.10000000000000001
902,0,1.953388559903475,0.067005770011090468,0.25838727450513976,-0.0091949412713333168,999.50574909000761,-247.12545499619409,0.10000000000000001
903,0,1.969324400431901,0.074238852047834911,0.25023174442126156,-0.010948757886321129,1000.0974805506123,48.740275306158765,0.10000000000000001
904,0,1.9688740434482079,0.07127167385993316,0.25140613173872717,-0.011932277518705197,1000.1571157081067,78.557854053372012,0.10000000000000001
905,0,0.17150811425085591,0.08165492098913836,0.21307636102006794,-0.0059273744775490871,1000.0376068432192,18.803421609618454,0.10000000000000001
906,0,0.17160640826718213,0.082374926450613756,0.21384502862359839,-0.0055988613942679257,1000.0336663110219,16.833155510937559,0.10000000000000001
907,0,0.18873658255412418,0.079884340469472764,0.2053610729241514,-0.001017571047473649,999.81329721279133,-93.351393604336863,0.10000000000000001
908,0,0.19993727043011617,0.077804470296180914,0.20233499112137651,-0.001063623734831717,1000.0585983786356,29.299189317782748,0.10000000000000001
909,0,0.19986980412697181,0.077078249402134702,0.20217673535518821,-0.0015106512533930882,1000.0626128325541,31.306416277061544,0.10000000000000001
910,0,0.22347022678367215,0.079629557523091157,0.1796538926564332,-0.0087912449411999116,1000.3365204308145,168.26021540725833,0.10000000000000001
911,0,0.2234999949135211,0.079868517810041853,0.17978858013567661,-0.0082987237325951348,1000.337432235185,168.71611759250982,0.10000000000000001
912,0,0.23845811784740337,0.080214052853755033,0.1791616170632202,-7.6251718565876342e-05,1000.0026907516999,1.3453758499508695,0.10000000000000001
913,0,0.24708601494900434,0.080353131959983837,0.1772514683951717,0.0030466881202067891,1000.5779298137352,288.9649068675908,0.10000000000000001
914,0,0.25822412912946063,0.080310132243029561,0.1788089615265139,0.0029362728030692259,1000.0513873554203,25.693677710137308,0.10000000000000001
915,0,0.26769908361377881,0.08025737823059971,0.18079768414139435,0.0032895087937137471,1000.4196726371623,209.83631858115359,0.10000000000000001
916,0,0.27849429432956768,0.080349188243464639,0.18230672195410752,0.0015263943808731513,999.81093405850731,-94.532970746342926,0.10000000000000001
917,0,0.28805151342994956,0.080146742768794521,0.18295309632121892,0.0015256359240748642,1000.5704205719054,285.21028595270081,0.10000000000000001
918,0,0.29878113058480149,0.080225367146994367,0.18582094526428244,0.0013042284525264932,999.77069270235643,-114.65364882178619,0.10000000000000001
919,0,0.30838789356536589,0.080088038352004481,0.182856121178049,0.00080856549302295853,1000.7094599504139,354.72997520696481,0.10000000000000001
920,0,0.31895632944435182,0.080184736620589517,0.18790510857133561,0.00040032925755278834,999.91560922684698,-42.195386576509009,0.10000000000000001
921,0,0.32865982772678765,0.080036432935094784,0.18317673311973925,0.00047896969052388296,1000.6051121964359,302.5560982179627,0.10000000000000001
922,0,0.33907663099711888,0.080152726740576705,0.18781543093686756,0.00034848230969005789,1000.1464838166952,73.241908347597473,0.10000000000000001
923,0,0.34885150635148238,0.080033491325240264,0.18425006369084693,0.00018909170339935879,1000.5237815841842,261.89079209211741,0.10000000000000001
924,0,0.35918020549494667,0.080102868828860155,0.18724645869451012,0.00019594321780923849,1000.3026981924601,151.34909623003523,0.10000000000000001
925,0,0.36897931647353899,0.080030694867617574,0.18542594334395845,0.00022316414887197175,1000.4864815723679,243.24078618394651,0.10000000000000001
926,0,0.37926938176038227,0.080083732649735978,0.18705901484197307,0.00012172054773018698,1000.3697525157578,184.87625787889783,0.10000000000000001
927,0,0.3890960717232268,0.080034085841780456,0.18653374857653279,0.00022135298468670318,1000.4744181468576,237.20907342880082,0.10000000000000001
928,0,0.39934388992494302,0.080067285312185474,0.18748012546260032,0.00015910652583758981,1000.3939113271682,196.95566358410588,0.10000000000000001
929,0,0.40920615002363708,0.080032045040071595,0.18776267274141345,0.00025221730259875888,1000.465906481254,232.95324062701184,0.10000000000000001
930,0,0.41941327583019666,0.080053524032526968,0.18822309340403376,0.0002726587812984598,1000.4071877005561,203.59385027802546,0.10000000000000001
931,0,0.429305641102942,0.08003131805100841,0.18919407486076684,0.00027466855082914303,1000.4449650261073,222.48251305364874,0.10000000000000001
932,0,0.43948443521843361,0.080041031942913829,0.18928770978784262,0.00030642232421184562,1000.3951794725191,197.58973625954468,0.10000000000000001
933,0,0.44939130439267705,0.080027989757093868,0.19060093224800115,0.00028804757963713613,1000.417135363036,208.56768151799088,0.10000000000000001
934,0,0.45955602273381002,0.080029193092217052,0.19069813081662948,0.000285325986209844,1000.3538935037387,176.94675186936593,0.10000000000000001
935,0,0.46946813641946294,0.080022034497562455,0.1918613194784802,0.00027529428564458149,1000.3925344577751,196.26722888756376,0.10000000000000001
936,0,0.47962206752753023,0.080021232427920599,0.1922711447585328,0.00026494499921921771,1000.3002320738558,150.11603692789777,0.10000000000000001
937,0,0.48954335174966584,0.080016412946874949,0.19309076051061799,0.00026237901701193172,1000.3619426447233,180.97132236164271,0.10000000000000001
938,0,0.49968238703473683,0.08001598727363779,0.19372301512073745,0.00025572792598452639,1000.2522888563138,126.14442815691973,0.10000000000000001
939,0,0.50961939031149428,0.080014794685023038,0.19434652812964076,0.00025549920491128733,1000.3190978067183,159.54890335916616,0.10000000000000001
940,0,0.51974093733501348,0.08001299859780206,0.19496904173914889,0.00023931657052408525,1000.2132668954831,106.63344774155803,0.10000000000000001
941,0,0.52969576206739055,0.080014513324574738,0.19551100943746227,0.00025000830237935747,1000.2717055459788,135.85277298938081,0.10000000000000001
942,0,0.53980108230247703,0.080011883031464184,0.1960789482851151,0.00022549351368983725,1000.1780923802121,89.046190106046197,0.10000000000000001
943,0,0.54977130600855861,0.080013817490379752,0.19650072489203432,0.0002366856694659207,1000.2280802387613,114.04011938066105,0.10000000000000001
944,0,0.55986388682947397,0.080012075987686213,0.19704366815620716,0.00021346244659848487,1000.1471833117932,73.591655896620978,0.10000000000000001
945,0,0.56984565099161411,0.080013259973149412,0.19737601389030807,0.00022302227335792979,1000.1893812244077,94.690612203862656,0.10000000000000001
946,0,0.57992920332517117,0.080012162320736435,0.19787202835753159,0.00020102773774574248,1000.1209846111282,60.492305564082471,0.10000000000000001
947,0,0.58991922899759197,0.080013626917438296,0.19817534795696626,0.000213752556157034,1000.1567307841949,78.365392097452968,0.10000000000000001
948,0,0.5999963116891619,0.080012083407757562,0.19864149123329292,0.00019566839034309891,1000.0983211418717,49.160570935839587,0.10000000000000001
949,0,0.60999286479988879,0.080014096760204087,0.19894267438885191,0.00021138219282218078,1000.1291868949852,64.593447492597988,0.10000000000000001
950,0,0.62006448950790649,0.080012481449098102,0.19941681373375905,0.00019772070109806559,1000.0778656869386,38.93284346929704,0.10000000000000001
951,0,0.63006728227730524,0.08001431171279208,0.19974761478768344,0.00021669174014626831,1000.1033136183244,51.656809162182071,0.10000000000000001
952,0,0.64013343835086955,0.080013094292168047,0.20023407262829981,0.00020733082316583956,1000.0576852879852,28.842643992618378,0.10000000000000001
953,0,0.65014257442261592,0.080014636208508114,0.20062884938735212,0.00022345443290735145,1000.076035469712,38.017734855998242,0.10000000000000001
954,0,0.66020342978877489,0.080013595958052394,0.20113692629735447,0.00022189767457476419,1000.0340741986312,17.037099315587056,0.10000000000000001
955,0,0.67021859345868118,0.080015071631655707,0.20158022103547088,0.00023052304685826778,1000.0452586754882,22.629337744092481,0.10000000000000001
956,0,0.68027485471608562,0.08001409692446089,0.20212906443327577,0.00023368011124429147,1000.0047469724258,2.37348621288902,0.10000000000000001
957,0,0.69029516480178998,0.080015548992326296,0.20259805828293928,0.00023828607810932016,1000.0085589858322,4.2794929161118489,0.10000000000000001
958,0,0.7003480022833839,0.080014646150981181,0.20316849544906945,0.00023817617497602761,999.96894042190024,-15.529789049878673,0.10000000000000001
959,0,0.7103724779914804,0.080016000422956132,0.20366289727067119,0.00024253384717137677,999.96482969098429,-17.585154507855805,0.10000000000000001
960,0,0.72042290324038394,0.080015255901255508,0.20421945870166083,0.00023823475652553943,999.9258500227636,-37.074988618201132,0.10000000000000001
961,0,0.73045081782256749,0.080016438416762703,0.20472448590008327,0.00023994603117696614,999.914917079323,-42.541460338497927,0.10000000000000001
962,0,0.74049960520761393,0.080015960470499567,0.20526192565842097,0.00023457384595129972,999.87533279504714,-62.333602476428496,0.10000000000000001
963,0,0.75053048760410901,0.080016911198273699,0.20575016455947689,0.00023433258906793781,999.85952839739059,-70.235801304704637,0.10000000000000001
964,0,0.76057822282867482,0.080016638483781599,0.20627353718951363,0.00022908386462321343,999.81891206542332,-90.543967288340355,0.10000000000000001
965,0,0.77061169779393834,0.080017399179213286,0.20674321590940578,0.00022933857343352342,999.79921230933292,-100.39384533354223,0.10000000000000001
966,0,0.78065865543609914,0.080017101959685047,0.20725738382324535,0.00022730049700622718,999.75822943336459,-120.88528331770476,0.10000000000000001
967,0,0.79069446015314715,0.080017704697267919,0.20772838184883033,0.00023025540825086406,999.73515468711685,-132.42265644157669,0.10000000000000001
968,0,0.80074079232920037,0.080017431270081998,0.20825535201547307,0.00023430059324457597,999.6944176536432,-152.79117317840019,0.10000000000000001
969,0,0.81077871584042649,0.080017885141230413,0.20875581734192816,0.00024320917120055889,999.66864670908842,-165.67664545578964,0.10000000000000001
970,0,0.82082461974284915,0.08001770102440435,0.2093319992411117,0.00025455929828518378,999.62848921446971,-185.75539276514519,0.10000000000000001
971,0,0.83086444962956563,0.080018056283941333,0.20990227405649864,0.00027138926357750767,999.60042090088621,-199.78954955689687,0.10000000000000001
972,0,0.84091024942026782,0.080017978128011188,0.21056347019739102,0.00029030070272258315,999.56113316731933,-219.43341634033686,0.10000000000000001
973,0,0.85095177058733296,0.080018236337423401,0.2112479453148787,0.00031419519546799674,999.53099648633736,-234.50175683132102,0.10000000000000001
974,0,0.86099766843882108,0.080018089163506265,0.21202952487772428,0.00033951816198107436,999.4924542580286,-253.77287098569923,0.10000000000000001
975,0,0.87104058218513503,0.080018209285531314,0.21285933285404746,0.00036769107408328753,999.46062084711923,-269.68957644038483,0.10000000000000001
976,0,0.88108668292414771,0.080017975732499691,0.21379105300756915,0.00039632669786462244,999.42238978486796,-288.80510756602007,0.10000000000000001
977,0,0.89113074401058967,0.080017936863690325,0.2147825088274303,0.00042564058559638581,999.38911282087633,-305.4435895618326,0.10000000000000001
978,0,0.90117708205446423,0.080017638994857837,0.21587556193247914,0.00045339672180092205,999.35089407823182,-324.55296088409114,0.10000000000000001
979,0,0.91122209191390147,0.080017444745347735,0.21703149636130872,0.00048032467895768409,999.31620853470849,-341.89573264575301,0.10000000000000001
980,0,0.92126870243859715,0.080017054047309855,0.21827779769172298,0.00050410736340426366,999.27790137395527,-361.04931302236309,0.10000000000000001
981,0,0.93131448043583731,0.080016695140238667,0.21958362478503393,0.00052577453661961963,999.24201224351725,-378.9938782413742,0.10000000000000001
982,0,0.94136136903278989,0.080016191681560697,0.22096251865509578,0.00054365726298261205,999.20367343884959,-398.16328057520423,0.10000000000000001
983,0,0.95140772401975404,0.080015681832377922,0.22238849420399129,0.00055925475181795384,999.16714685269301,-416.42657365349578,0.10000000000000001
984,0,0.96145482953446326,0.080014998928521611,0.22387021010644395,0.00057084826405120722,999.1292275092585,-435.38624537075066,0.10000000000000001
985,0,0.9715015249897575,0.080014289967917082,0.22538162366957104,0.00058102941614010051,999.09288490540507,-453.55754729746423,0.10000000000000001
986,0,0.98154869349641449,0.080013399123738491,0.22693098730817832,0.00058767420284278494,999.05628774334377,-471.8561283281133,0.10000000000000001
987,0,0.99159546444772373,0.080012456408744506,0.22849594352988445,0.00059368028817177081,999.02127255356856,-489.36372321571753,0.10000000000000001
988,0,1.00164246451907,0.080011332509573665,0.23008122724708138,0.00059771850100491411,998.98715082048511,-506.42458975744375,0.10000000000000001
989,0,1.0116890256758513,0.080010191340755488,0.23167352803093133,0.00060145781068601139,998.95500749374764,-522.49625312617809,0.10000000000000001
990,0,1.0217356503631114,0.080009003422023287,0.23327352574209936,0.00060526064941141097,998.92459090869897,-537.70454565051296,0.10000000000000001
991,0,1.0317819279882532,0.080007906641180598,0.23487705855583216,0.00060824801321710659,998.89695571330151,-551.52214334924565,0.10000000000000001
992,0,1.0418281378157306,0.080006836683410784,0.23648086405135429,0.00061294611049078455,998.87141699343817,-564.29150328091282,0.10000000000000001
993,0,1.0518741474981443,0.080005741962145036,0.23809007902290061,0.00061549821833131388,998.84959048977623,-575.20475511188351,0.10000000000000001
994,0,1.0619197920896077,0.080004618842865138,0.23969714054530039,0.00062023335012927332,998.82992785939189,-585.03607030405647,0.10000000000000001
995,0,1.0719653018311348,0.08000328699692151,0.2413120552012111,0.00062165302100646415,998.8145931111552,-592.70344442239775,0.10000000000000001
996,0,1.082010049785451,0.080001956252206408,0.24292706215638399,0.00062386953571299836,998.80144616162215,-599.27691918892378,0.10000000000000001
997,0,1.0920546390945536,0.080000366663969785,0.2445486458114064,0.00062346844412153432,998.79267392903182,-603.66303548408951,0.10000000000000001
998,0,1.1020982076153014,0.079998863255420646,0.24617421333966569,0.00062091040784339297,998.78630353081712,-606.848234591439,0.10000000000000001
999,0,1.1121415010592723,0.079997252949867745,0.24779734984075005,0.00061783884769342457,998.7834821337193,-608.25893314034829,0.10000000000000001
1000,0,1.1221838850348125,0.079995830246963009,0.24942610431713966,0.00060871556290208022,998.78366366110845,-608.16816944577567,0.10000000000000001
1001,0,1.1322257482495792,0.079994531186378393,0.25103567853040137,0.00060189717438980501,998.78573381855813,-607.1330907209358,0.10000000000000001
1002,0,1.1422671821002581,0.07999328367906236,0.25264310182068822,0.00058565173022795045,998.79160291840867,-604.19854079566448,0.10000000000000001
1003,0,1.1523076364474287,0.079992288890266314,0.25421208971813264,0.00057289283777457473,998.79763530868058,-601.18234565970852,0.10000000000000001
1004,0,1.1623482157707674,0.079991052284376835,0.25575575290636049,0.00055055131584996709,998.80773370700274,-596.13314649863014,0.10000000000000001
1005,0,1.1723873274851451,0.079990277766127563,0.25724591732420576,0.00053072813008007871,998.81733255071754,-591.33372464123113,0.10000000000000001
1006,0,1.1824268828460522,0.079989087992818411,0.25867098319367282,0.00050488398991910396,998.82983536265021,-585.08231867489258,0.10000000000000001
1007,0,1.1924649647322449,0.079988504493464202,0.26003577757156271,0.00047754916361244886,998.84312477594699,-578.43761202650512,0.10000000000000001
1008,0,1.2025031675910691,0.079987528021601098,0.26128764335852506,0.00045105377887864369,998.85633900878611,-571.83049560694599,0.10000000000000001
1009,0,1.2125407824343635,0.079987062718071406,0.26247732125534634,0.00041791658583554468,998.87357997073082,-563.21001463459197,0.10000000000000001
1010,0,1.2225772513323643,0.07998658883396513,0.26351421246064,0.00039133760189974832,998.88649576902037,-556.75211548981451,0.10000000000000001
1011,0,1.2326150973834178,0.079986203518387644,0.26448852098485276,0.00035454767508679016,998.90782637656969,-546.08681171515627,0.10000000000000001
1012,0,1.2426496774431537,0.079986435115767363,0.26529104994779318,0.00032654282978797778,998.92060550377857,-539.69724811071274,0.10000000000000001
1013,0,1.2526883051977358,0.07998606983272559,0.26602596218483687,0.00028968435740526328,998.94544771246331,-527.27614376834708,0.10000000000000001
1014,0,1.2627212959257985,0.079987014603894499,0.2666051145529848,0.00025918240981388427,998.95962315697909,-520.18842151045419,0.10000000000000001
1015,0,1.2727607673411345,0.079986686487156317,0.26710263297081716,0.00022667055296871752,998.98645159646765,-506.77420176617716,0.10000000000000001
1016,0,1.2827929611431235,0.079988055546368605,0.26749130551144989,0.00019431627483317528,999.00391082999249,-498.04458500375404,0.10000000000000001
1017,0,1.2928326589804502,0.07998794381804139,0.26778460926322795,0.00017046338811639247,999.03069441229547,-484.65279385226268,0.10000000000000001
1018,0,1.3028652047859317,0.079989256274897239,0.2680270207473629,0.00013755937027717686,999.05244553464888,-473.77723267555893,0.10000000000000001
1019,0,1.3129041057085755,0.079989720889782748,0.26817893968090245,0.0001222157772896716,999.07803964417167,-460.98017791416623,0.10000000000000001
1020,0,1.3229380564141338,0.079990470071563471,0.26831989454893274,8.8907696455392754e-05,999.103272947655,-448.36352617249986,0.10000000000000001
1021,0,1.3329754309537818,0.079992008818236676,0.2684082585156557,7.8561852818700067e-05,999.12862608409409,-435.68695795295298,0.10000000000000001
1022,0,1.3430111851148354,0.079991838026720663,0.26848952125767783,4.7360733717017427e-05,999.15466634590996,-422.66682704502045,0.10000000000000001
1023,0,1.3530474758229691,0.079994443615308455,0.2685856408805013,4.3979069585330066e-05,999.18278102678551,-408.60948660724716,0.10000000000000001
1024,0,1.3630840856803921,0.079993473705265758,0.26863935886556772,2.3195813807476418e-05,999.20510884332725,-397.44557833637373,0.10000000000000001
1025,0,1.3731212873118916,0.079996537959824796,0.26879131127551326,3.2632323770082219e-05,999.23958474445817,-380.20762777091477,0.10000000000000001
1026,0,1.3831563219891498,0.079995447224080085,0.26883595479953276,3.058232175775597e-05,999.25271617346925,-373.64191326537366,0.10000000000000001
1027,0,1.3931975291839656,0.079997751352836571,0.26905235964592666,4.9111442210670288e-05,999.29499703781619,-352.50148109190604,0.10000000000000001
1028,0,1.4032275852355196,0.079997417567303594,0.26910050106685174,5.6646351841018464e-05,999.2955649396489,-352.21753017555102,0.10000000000000001
1029,0,1.4132755907458463,0.079998004462387681,0.26934874976551892,6.6423750435863879e-05,999.34284612059628,-328.57693970186119,0.10000000000000001
1030,0,1.4232976791711482,0.079998991605693071,0.26940929715281614,6.3718349666068441e-05,999.33261208619183,-333.6939569040851,0.10000000000000001
1031,0,1.433353729259774,0.079997698945164522,0.26965105835801428,5.3384851411083016e-05,999.38008992134348,-309.95503932825841,0.10000000000000001
1032,0,1.4433669549177359,0.080000088112727297,0.26972249842109441,3.1289332239418748e-05,999.36531034887673,-317.34482556163357,0.10000000000000001
1033,0,1.4534304333267465,0.079998007291196868,0.26992735437063448,1.3569677558470451e-05,999.4082865126187,-295.85674369064918,0.10000000000000001
1034,0,1.4634371817678324,0.08000162998620132,0.27001218402472138,-3.7956578814629564e-06,999.39666646120395,-301.66676939802528,0.10000000000000001
1035,0,1.4735059834793709,0.080000085786997924,0.27016099153401235,-5.0988553297062625e-06,999.43096739999646,-284.5163000017692,0.10000000000000001
1036,0,1.4835114539000849,0.080003934045250233,0.27026749397630678,-1.2536355109386762e-05,999.42664582129089,-286.67708935455494,0.10000000000000001
1037,0,1.4935818785986315,0.080003236183809334,0.27036710508151734,8.1371603152379222e-06,999.45037490489824,-274.81254755088003,0.10000000000000001
1038,0,1.503590608646302,0.080004711223647537,0.27047603931920705,-1.4186149845993033e-05,999.44890406422314,-275.5479678884285,0.10000000000000001
1039,0,1.5136578141781007,0.080004373078663774,0.2705768061683998,-3.0462869714108426e-06,999.46710552217371,-266.4472389131447,0.10000000000000001
1040,0,1.5236702880644031,0.080002275487461041,0.27067430053818142,-6.6457486550067994e-05,999.46008249141801,-269.95875429099669,0.10000000000000001
1041,0,1.533731707587876,0.080002740250104745,0.27084155856311248,-7.2701150776598015e-05,999.48502536004912,-257.48731997543928,0.10000000000000001
1042,0,1.5437452995157064,0.079999568412965683,0.2709502082682832,-0.00015531878838224308,999.46785000316038,-266.07499841981053,0.10000000000000001
1043,0,1.5538044913234605,0.080003252284402346,0.2712516515192438,-0.00014202627917208319,999.51333651500204,-243.33174249898093,0.10000000000000001
1044,0,1.5638163257464643,0.080001984913868104,0.2714103536619884,-0.00017630930826375728,999.48477843004571,-257.61078497714607,0.10000000000000001
1045,0,1.573883489961635,0.080009496422072501,0.27190110673897028,-0.00011391631125779445,999.55768801643217,-221.15599178391676,0.10000000000000001
1046,0,1.583888251262332,0.080007977022897636,0.27215196522969498,-7.7083815742288816e-05,999.51732980184454,-241.33509907773032,0.10000000000000001
1047,0,1.5939733016331947,0.080014621910894951,0.27283323150884115,4.4912846911027215e-06,999.61281925941785,-193.5903702910764,0.10000000000000001
1048,0,1.6039595563256184,0.080008614675793538,0.27325788880160584,3.3435483716994622e-05,999.56251388307862,-218.74305846068864,0.10000000000000001
1049,0,1.6140658680886861,0.08001052241212496,0.27402315465524518,7.7943748101667225e-05,999.66806574936788,-165.96712531605817,0.10000000000000001
1050,0,1.6240229909459472,0.080004030550983402,0.2747212393020505,3.5234635198664956e-05,999.62038202115559,-189.80898942220392,0.10000000000000001
1051,0,1.6341502370639225,0.080004354270235681,0.27554664638950965,3.4663926418282708e-05,999.72691315545296,-136.5434222735189,0.10000000000000001
1052,0,1.6440820975044661,0.080009410068581671,0.27649634003841111,-8.6438334408683489e-06,999.69861914863793,-150.69042568103441,0.10000000000000001
1053,0,1.6542297607702292,0.080011210169129959,0.27745977916308584,-1.773060661372943e-06,999.79568348636008,-102.15825681996193,0.10000000000000001
1054,0,1.664155362110868,0.080030193961205934,0.27861118613831776,5.4359737120964188e-05,999.79305027530302,-103.47486234849157,0.10000000000000001
1055,0,1.674316343714688,0.080027383927148255,0.2796214881706488,0.00012232761562754689,999.86786851454804,-66.065742725982091,0.10000000000000001
1056,0,1.6842485221388481,0.080043877467719848,0.28110333962148237,0.00021522815617445597,999.88789292560989,-56.053537195055014,0.10000000000000001
1057,0,1.6944073264284183,0.080030777907525663,0.281835142917916,0.00027695934279909701,999.92889248699396,-35.553756503020395,0.10000000000000001
1058,0,1.7043436013920077,0.080039430171451056,0.28380785684637566,0.00024702719401767045,999.97518695192434,-12.406524037828603,0.10000000000000001
1059,0,1.7144923097625722,0.080020703467187274,0.28399120996098937,0.00020715957582193056,999.97622346202593,-11.888268987036099,0.10000000000000001
1060,0,1.7244289139516225,0.080036132409361541,0.28631045642657049,-1.9893326990490234e-05,1000.0646727499504,32.336374975216131,0.10000000000000001
1061,0,1.7345751647426693,0.080014535961559941,0.28611252389713704,-9.0493660206699588e-05,1000.0445418457467,22.270922873360632,0.10000000000000001
1062,0,1.7445144666193453,0.080046073760532091,0.28831576434718287,-0.00054152505436855854,1000.1583467535957,79.173376797825767,0.10000000000000001
1063,0,1.7546702084135386,0.080017200202843849,0.28824417710567191,-0.00040168297824965196,1000.1755429396084,87.771469804181379,0.10000000000000001
1064,0,1.7646072206923751,0.080064618863285461,0.28963139308513774,-0.0003195138373314088,1000.2214970302422,110.74851512108808,0.10000000000000001
1065,0,1.7747716051027695,0.08001164667410024,0.29029770983768299,5.4097036278527017e-05,1000.3001868975546,150.09344877728381,0.10000000000000001
1066,0,1.7847256733537051,0.080081339335786886,0.29069741670378857,0.00035497282957085662,1000.274353990206,137.17699510300463,0.10000000000000001
1067,0,1.7948645523796833,0.08002420610709661,0.29267664880043309,0.0012480922597217789,1000.3032675099466,151.63375497331799,0.10000000000000001
1068,0,1.8048822239877145,0.080093419093066012,0.29135126354022489,0.0011502327561446922,1000.1926080399279,96.304019963952214,0.10000000000000001
1069,0,1.814965529621176,0.080011330410771492,0.29514665029956527,0.001023859171086319,1000.2063840789071,103.19203945357458,0.10000000000000001
1070,0,1.8250252500692945,0.080033934151955463,0.29182731270614276,0.0013872494130289562,999.94636832713707,-26.815836431467233,0.10000000000000001
1071,0,1.8350824740143132,0.079967109095732999,0.29738742008957708,0.0012333179808559616,1000.1800040822728,90.002041136415301,0.10000000000000001
1072,0,1.8450143482352215,0.07989742475803914,0.29192266994363064,0.0015830929357036367,999.57234598138098,-213.8270093095116,0.10000000000000001
1073,0,1.8552527859286103,0.079855324911172504,0.29948881985364512,0.0017904853284969266,1000.4689632974453,234.48164872263533,0.10000000000000001
1074,0,1.8647922566900137,0.07981552947966658,0.29501844912512976,0.0031865585830791604,999.27266710297522,-363.66644851239016,0.10000000000000001
1075,0,1.875411485940071,0.07973227631286775,0.30260989031540914,0.0027629315828402584,1000.791603854224,395.80192711201789,0.10000000000000001
1076,0,1.8846579755670492,0.079978159510251043,0.3010056776986294,0.0021208135548388741,999.51697062910682,-241.51468544658883,0.10000000000000001
1077,0,1.8959649233383629,0.07981841104993645,0.30513789795021579,-0.0010749959222629687,1001.0080161854836,504.00809274179892,0.10000000000000001
1078,0,1.9043698122002992,0.079780247292106185,0.30343146558743544,-0.0063979162542301682,999.7293605245801,-135.3197377099491,0.10000000000000001
1079,0,1.919125506575948,0.079966904005107725,0.29520870716526948,-0.011327957748220456,1000.2221401035027,111.07005175136919,0.10000000000000001
1080,0,1.9191274815306996,0.079747965766534493,0.29520805010387308,-0.011714094365970344,1000.2233882691446,111.69413457230348,0.10000000000000001
1081,0,1.9419386161548755,0.075727096596159921,0.25836606327588502,-0.005246953115156789,1000.1477142300997,73.857115049861477,0.10000000000000001
1082,0,1.9419460257706567,0.076385221508284626,0.25868486269928331,-0.0047816516583088133,1000.1375697640933,68.784882046657003,0.10000000000000001
1083,0,1.9530814817963726,0.07902402289434042,0.2726287192508598,-0.0073554884134250011,1000.1782198169276,89.109908463797183,0.10000000000000001
1084,0,1.9704170490337227,0.082617101575823082,0.24555579266084185,-0.0059601672601682226,999.9960706971184,-1.9646514408009352,0.10000000000000001
1085,0,1.9703955916535876,0.081939523031358832,0.24588553744178962,-0.0062184286955792693,999.99994653226747,-0.026733866263839445,0.10000000000000001
1086,0,0.17318583869671134,0.090620419253670287,0.21959057782366406,-0.0026187341370555155,1000.0176547533677,8.8273766838256051,0.10000000000000001
1087,0,0.17309936301803511,0.090254989571309577,0.21943206586634981,-0.0027272239255924603,1000.0166972580083,8.3486290041605571,0.10000000000000001
1088,0,0.18991258525191046,0.087052457547640696,0.19953385957310629,-0.0015464422965918885,1000.1488719400392,74.43597001957869,0.10000000000000001
1089,0,0.2007319848064705,0.088406868770102509,0.21176570681776496,-0.0018816047725813989,1000.156052060174,78.026030087016807,0.10000000000000001
1090,0,0.20073401367225829,0.088504306832966062,0.211820880587866,-0.0018040885788601043,1000.1560192025789,78.009601289465991,0.10000000000000001
1091,0,0.22406987763443212,0.089946640740174694,0.18065968449729988,-0.0039218187044798665,1000.3818697437069,190.93487185347158,0.10000000000000001
1092,0,0.22407272669625236,0.090054470764165021,0.18068569487577091,-0.0036930948547239527,1000.3814727119288,190.73635596441818,0.10000000000000001
1093,0,0.23925265474784171,0.090144400105862235,0.17762045863348003,-0.00010767463202533413,999.47221907087135,-263.89046456432652,0.10000000000000001
1094,0,0.24780691389675524,0.090197972377649371,0.178715999447976,0.0012755495323023879,1000.6290887950601,314.54439753002816,0.10000000000000001
1095,0,0.25902848700011949,0.090181290057697108,0.1819137583047726,0.0026428543360195846,999.55304469344981,-223.47765327509705,0.10000000000000001
1096,0,0.26847460395847694,0.09018855368764922,0.18171151080974582,0.0027621876252516158,1000.7814627337148,390.73136685738064,0.10000000000000001
1097,0,0.27920366604680802,0.090042521700476025,0.18580687749029084,0.0023022919373344142,999.92912962419223,-35.43518790388589,0.10000000000000001
1098,0,0.28883626816431363,0.090110762472490322,0.18507684587514586,0.0023779099505795709,1000.7589064678975,379.45323394876596,0.10000000000000001
1099,0,0.2993744801600231,0.090092409309201357,0.18828421690655089,0.00031297994525925023,999.91560334727615,-42.198326361926775,0.10000000000000001
1100,0,0.30911503687578223,0.090022733974415903,0.18602749292020013,0.001079465327537988,1000.7044031654415,352.20158272073832,0.10000000000000001
1101,0,0.31949120146637539,0.090077545945329296,0.18971497270449469,0.00030216482746678504,1000.0249566276217,12.47831381084552,0.10000000000000001
1102,0,0.32934508809856927,0.090020016993100846,0.1863177955190094,7.2262308284879926e-06,1000.6113591661444,305.67958307221943,0.10000000000000001
1103,0,0.33961591229995913,0.090061858184977334,0.19008883524612341,0.00017014053961049029,1000.1401178958639,70.058947931954663,0.10000000000000001
1104,0,0.34951184230801963,0.090022778012648408,0.18674224790317603,1.3914311904211024e-05,1000.5378068970106,268.90344850528436,0.10000000000000001
1105,0,0.35973305167626296,0.090059932997452435,0.19003061312454547,6.837352032073858e-05,1000.2511188030558,125.55940152788025,0.10000000000000001
1106,0,0.36965475676554782,0.090009121855610025,0.18778285938220443,8.158963555997373e-05,1000.4743326422351,237.16632111757008,0.10000000000000001
1107,0,0.37983416890060484,0.090056610983547059,0.18987088945586805,2.5943586429541082e-05,1000.3604341068597,180.21705342982841,0.10000000000000001
1108,0,0.38977756808100922,0.090010094883943806,0.18909584518660538,0.00017501890026421188,1000.4401235552845,220.06177764222912,0.10000000000000001
1109,0,0.39993722981738722,0.090044782828888323,0.19010259126759016,8.6952722950136093e-05,1000.4173088184172,208.65440920857736,0.10000000000000001
1110,0,0.40988317028704557,0.090012793609404659,0.19050586355218471,0.0001340741538950938,1000.417144091408,208.57204570398835,0.10000000000000001
1111,0,0.42003884376243855,0.090035141718307371,0.19078841573356914,0.00014582581418767261,1000.4231160506226,211.5580253113194,0.10000000000000001
1112,0,0.42997720951840135,0.090015011010877291,0.19195331561768769,0.00010493492422382282,1000.4035238075253,201.76190376264458,0.10000000000000001
1113,0,0.44013527789438922,0.0900266292994404,0.19190578991637755,0.00017750718673717675,1000.4003085254654,200.15426273272396,0.10000000000000001
1114,0,0.45006645503008669,0.090013333174742013,0.19332859842487396,9.7665353541940468e-05,1000.3940708114288,197.03540571441636,0.10000000000000001
1115,0,0.46022054331682488,0.09001848294676168,0.1933576590893841,0.00016589274974128382,1000.3576423130396,178.82115651980257,0.10000000000000001
1116,0,0.47014999960560239,0.090010874916938557,0.19458705449687702,0.00011982905036241337,1000.3781310569379,189.06552846897284,0.10000000000000001
1117,0,0.48029534788403772,0.090013354127399914,0.19493716215632564,0.00014421346903023357,1000.3031310853754,151.56554268770606,0.10000000000000001
1118,0,0.49022880767273314,0.09000831066032422,0.19581875880123367,0.00012470855027870413,1000.3463164786718,173.15823933591901,0.10000000000000001
1119,0,0.50036321525870298,0.090010498153489577,0.19639333820094265,0.00012414443717159425,1000.2508615614096,125.43078070478941,0.10000000000000001
1120,0,0.51030567960112672,0.090007746181885714,0.19706508997192007,0.00011285110043470547,1000.3019657881694,150.98289408467735,0.10000000000000001
1121,0,0.52042848226455363,0.09000868684802539,0.19764803934990846,0.0001133232522915124,1000.205085279845,102.5426399224898,0.10000000000000001
1122,0,0.53038225895612723,0.090008041713091791,0.19822207999871566,9.9010821684868505e-05,1000.2556029356188,127.80146780937685,0.10000000000000001
1123,0,0.5404932878781018,0.09000765704584443,0.19875934056985964,9.6659035758145655e-05,1000.1640262766007,82.013138300339961,0.10000000000000001
1124,0,0.55045891554411797,0.090008370061513521,0.19920716752477874,8.2790235184041267e-05,1000.2140212708251,107.01063541256417,0.10000000000000001
1125,0,0.56055858392022895,0.090007045490113943,0.19974020914520368,8.3698429683789997e-05,1000.1296862155499,64.843107774947839,0.10000000000000001
1126,0,0.57053542580872429,0.090008604709099826,0.20006963911066283,7.3960632105767499e-05,1000.1771878629513,88.593931475656973,0.10000000000000001
1127,0,0.58062507097361271,0.090006795384453372,0.2005873029479516,7.1843281596935558e-05,1000.10355661221,51.778306105006777,0.10000000000000001
1128,0,0.59061179580156864,0.090008469350503675,0.20086796983701574,7.1559100166746124e-05,1000.1449418016481,72.470900824043838,0.10000000000000001
1129,0,0.60069282181105133,0.090007233520940297,0.20136917962008294,6.9151557986763757e-05,1000.0824731733965,41.236586698232713,0.10000000000000001
1130,0,0.61068835705062052,0.09000805169159154,0.2016437030342374,7.6719512631415773e-05,1000.1166679236948,58.333961847381488,0.10000000000000001
1131,0,0.62076183607754387,0.090007850093165753,0.20214975469700455,7.4289539298481598e-05,1000.0633716557646,31.685827882313333,0.10000000000000001
1132,0,0.63076510724722923,0.090007994608668859,0.20246624738825625,8.6731522274841193e-05,1000.0894301333109,44.715066655442115,0.10000000000000001
1133,0,0.64083242882233193,0.090008121244844128,0.20296578900522375,8.7374705751940674e-05,1000.0436231215319,21.811560765968352,0.10000000000000001
1134,0,0.65084206965603963,0.090008365838318394,0.20336728668610432,9.9635600511298813e-05,1000.0611259612376,30.562980618810798,0.10000000000000001
1135,0,0.66090466797384528,0.090008154182083064,0.20386861674987342,0.00010395631726838373,1000.0194278663664,9.713933183206791,0.10000000000000001
1136,0,0.67091952244747355,0.090008789046161775,0.2043274280490891,0.00011056767712390634,1000.0301871271411,15.093563570530932,0.10000000000000001
1137,0,0.68097839080646838,0.090008350882239796,0.20487137164136598,0.00011737634933371466,999.98865916394857,-5.6704180257156622,0.10000000000000001
1138,0,0.69099791292613932,0.090009089467828651,0.20534221992312371,0.0001197542797600849,999.99371682122853,-3.141589385734278,0.10000000000000001
1139,0,0.70105355556965387,0.090008655359062273,0.20592165786488073,0.00012246538477267343,999.95156814667894,-24.215926660531295,0.10000000000000001
1140,0,0.71107741842679528,0.090009387081697645,0.20640620123115017,0.0001231177283892179,999.94967944050654,-25.16027974672852,0.10000000000000001
1141,0,0.72113039398305134,0.090008968863697761,0.20697565835075901,0.00012036875748591837,999.90786901363288,-46.065493183562012,0.10000000000000001
1142,0,0.7311581223224507,0.090009699721696285,0.20747145004725337,0.00011879042253048164,999.8988913616015,-50.554319199250131,0.10000000000000001
1143,0,0.74120912185015264,0.090009356679041128,0.20801924744133973,0.00011305059053905858,999.85708486580052,-71.457567099741937,0.10000000000000001
1144,0,0.75124023722537936,0.090009971422066945,0.20850220182014734,0.00010954946733227762,999.84247579860062,-78.762100699691473,0.10000000000000001
1145,0,0.76128980694803472,0.090009791359563482,0.20903376157368792,0.00010269621571135249,999.8004268017911,-99.78659910444776,0.10000000000000001
1146,0,0.77132393369502539,0.090010234943716058,0.20950393483487179,9.9578578049279722e-05,999.7811716547975,-109.41417260124808,0.10000000000000001
1147,0,0.78137248441275864,0.090010121272237023,0.21002400820913922,9.4519531235734433e-05,999.73936233825657,-130.31883087171536,0.10000000000000001
1148,0,0.79140917433984448,0.090010410791198092,0.21050084811793643,9.28531841271898e-05,999.71632156685337,-141.83921657331666,0.10000000000000001
1149,0,0.80145702255433826,0.090010351944938921,0.21103446859517105,9.213605934019999e-05,999.67492875993673,-162.53562003163324,0.10000000000000001
1150,0,0.81149592649620883,0.0900105581766453,0.21154321205540566,9.4271196359643761e-05,999.64909478636355,-175.45260681822583,0.10000000000000001
1151,0,0.82154336021226693,0.090010530855578294,0.21212854849222607,9.8502309664350409e-05,999.60824192583129,-195.87903708435306,0.10000000000000001
1152,0,0.83158421394719417,0.090010716907166027,0.21270819467485574,0.00010560410220585485,999.58011708055642,-209.94145972179012,0.10000000000000001
1153,0,0.84163149697467787,0.09001069054597137,0.21338045680118067,0.00011478239072076476,999.54010963391988,-229.94518304005851,0.10000000000000001
1154,0,0.85167406978088478,0.0900108606480228,0.21407517405878013,0.00012646451375622871,999.50989619803272,-245.05190098363983,0.10000000000000001
1155,0,0.86172143579116844,0.090010792597847861,0.21486818909426644,0.00013960257828930664,999.47066020465184,-264.66989767408222,0.10000000000000001
1156,0,0.871765448288917,0.090010867980782117,0.21570828807119971,0.00015418822457180338,999.43871963967842,-280.64018016078762,0.10000000000000001
1157,0,0.8818129651013652,0.090010789770409314,0.21665153723927083,0.00016944589142224459,999.39980432403411,-300.0978379829462,0.10000000000000001
1158,0,0.89185815721767192,0.090010776199116307,0.21765164972986148,0.00018480183717255156,999.3663661206989,-316.81693965055047,0.10000000000000001
1159,0,0.90190585824872938,0.090010666386972069,0.21875595871646475,0.00019960222255002672,999.32753006373309,-336.23496813345355,0.10000000000000001
1160,0,0.9119520043737569,0.09001058113845227,0.21991905472362258,0.0002136620414392018,999.29259107944222,-353.70446027889102,0.10000000000000001
1161,0,0.92199991212063703,0.09001038769468471,0.22117506445373394,0.00022588840242325172,999.25381283599711,-373.09358200144516,0.10000000000000001
1162,0,0.93204678316694167,0.090010221811717542,0.22248731266880947,0.00023669578027973461,999.21759398308802,-391.20300845598877,0.10000000000000001
1163,0,0.94209489385875922,0.090009961502349634,0.22387403849363482,0.000244943061467021,999.17887553468495,-410.56223265752578,0.10000000000000001
1164,0,0.95214227264306006,0.090009719018279449,0.22530631616952318,0.00025165885832359881,999.14204668208527,-428.97665895736736,0.10000000000000001
1165,0,0.96219047192928564,0.090009399056185213,0.22679408797868453,0.0002554223202413728,999.10370005479365,-448.14997260317568,0.10000000000000001
1166,0,0.97223810633739294,0.090009065029633573,0.22831251442575598,0.00025816606582132598,999.06719754841549,-466.40122579225363,0.10000000000000001
1167,0,0.9822861840255902,0.090008633935620252,0.2298665037009382,0.00025829076439938488,999.03009974547626,-484.95012726186815,0.10000000000000001
1168,0,0.99233380691959094,0.090008174257488069,0.23143927460070332,0.00025785088894545946,998.99516903412166,-502.41548293917049,0.10000000000000001
1169,0,1.0023815273732501,0.090007603402510933,0.23302897555003094,0.00025617407638811281,998.96051538381516,-519.74230809241817,0.10000000000000001
1170,0,1.0124288805226183,0.090007025419697781,0.23462888687600389,0.00025408853792712556,998.9286033574258,-535.69832128710004,0.10000000000000001
1171,0,1.0224760503144066,0.090006414526488221,0.236234676381888,0.00025263697662778985,998.89776447744873,-551.11776127563417,0.10000000000000001
1172,0,1.0325229704182155,0.090005852172652404,0.23784406910572167,0.0002504159726635616,998.87026756280818,-564.86621859590969,0.10000000000000001
1173,0,1.0425695304434084,0.090005331342894332,0.23945655667057095,0.00025060976134678672,998.84467628448783,-577.66185775608392,0.10000000000000001
1174,0,1.0526158893053044,0.090004778303575395,0.24106891975104458,0.00024947483820623718,998.8226605845415,-588.66970772925242,0.10000000000000001
1175,0,1.0626617447734881,0.090004235756318843,0.24268759622952482,0.00025144990013989957,998.80358021473512,-598.20989263243973,0.10000000000000001
1176,0,1.072707231726501,0.090003536414880278,0.24430326793346585,0.00025201255472509553,998.78765337347409,-606.17331326295698,0.10000000000000001
1177,0,1.0827521596796068,0.090002845337359402,0.24593059151484972,0.00025446745777695954,998.77569366873092,-612.15316563453825,0.10000000000000001
1178,0,1.0927963804528995,0.09000199283017965,0.2475532891248651,0.00025689201828960561,998.76608733531953,-616.95633234023717,0.10000000000000001
1179,0,1.1028401263029479,0.090001190500271999,0.24918707253908695,0.00025792680360406687,998.76093279587633,-619.53360206183561,0.10000000000000001
1180,0,1.1128827929294407,0.090000354560650989,0.25081517191964847,0.00026112212941966273,998.75754104607563,-621.22947696218489,0.10000000000000001
1181,0,1.1229251599370418,0.08999959744786977,0.25244405500495753,0.00025869958615409042,998.75821255025187,-620.89372487406536,0.10000000000000001
1182,0,1.1329662914171956,0.089998954632543648,0.25406482392346807,0.000260748901249712,998.76080160255913,-619.59919872043656,0.10000000000000001
1183,0,1.1430072035256607,0.089998267743522084,0.25566263347558865,0.00025394986066891261,998.76582272739961,-617.0886363001955,0.10000000000000001
1184,0,1.1530470832217412,0.089997777600008835,0.25724732658551536,0.00025160798498549859,998.77395355713543,-613.02322143228594,0.10000000000000001
1185,0,1.1630864246637649,0.089997074636103791,0.25877609263252144,0.00024072837565104814,998.78181663164412,-609.09168417794035,0.10000000000000001
1186,0,1.1731253720062114,0.089996677539069855,0.26028021258641237,0.00023099841443113581,998.79471593076141,-602.64203461929355,0.10000000000000001
1187,0,1.1831629918336406,0.089996009590161463,0.26169271905953767,0.00021722070583540869,998.80435325597887,-597.82337201056635,0.10000000000000001
1188,0,1.1932012774508771,0.089995696403176909,0.26306146615471843,0.00019779605126606122,998.82089460582324,-589.55269708837932,0.10000000000000001
1189,0,1.2032371609208172,0.089995174369462985,0.26431244697501927,0.00018281855791583605,998.83230935727624,-583.84532136187772,0.10000000000000001
1190,0,1.2132749033154413,0.089994911803401953,0.26548961828266759,0.00015489809266197048,998.85109256601015,-574.45371699492398,0.10000000000000001
1191,0,1.2233093172111627,0.089994665085862319,0.26654072949037488,0.00013956825055256233,998.86508742183992,-567.45628908004164,0.10000000000000001
1192,0,1.2333465123777363,0.089994391567674067,0.26748803889470552,0.00010760845092195153,998.88498437046917,-557.50781476541533,0.10000000000000001
1193,0,1.2433800759689055,0.089994548600858482,0.26831462364636599,9.1368938615979885e-05,998.90223669142551,-548.88165428724278,0.10000000000000001
1194,0,1.2534167062682093,0.089994209132637101,0.26902081345938844,6.2580825548337685e-05,998.92268959988883,-538.65520005558665,0.10000000000000001
1195,0,1.2634501303787051,0.089994808982903921,0.26962019403950177,4.3476241076496048e-05,998.9430889260916,-528.45553695419767,0.10000000000000001
1196,0,1.2734862528095474,0.089994466774006993,0.27010448243272517,2.3515965542634152e-05,998.96457907032641,-517.71046483679584,0.10000000000000001
1197,0,1.2835200007071816,0.089995333585532244,0.27049536906195476,-1.3040352074094562e-06,998.9869763893272,-506.51180533640172,0.10000000000000001
1198,0,1.2935559307791165,0.089995119931885567,0.27080465319435854,-8.8303060587310882e-06,999.01136911411459,-494.3154429427068,0.10000000000000001
1199,0,1.3035898513315114,0.089995888296574081,0.27102240827142926,-3.8192620659930117e-05,999.03369175896762,-483.15412051618978,0.10000000000000001
1200,0,1.3136263095082559,0.089996009977550667,0.27122122709856095,-3.1791739260055408e-05,999.06358868304028,-468.20565847986018,0.10000000000000001
1201,0,1.3236595796794335,0.089996327466889944,0.27131454891892492,-5.8416140003546806e-05,999.08308077635468,-458.45961182266137,0.10000000000000001
1202,0,1.3336977863092339,0.089997090894535253,0.27146852362789281,-3.9960993275603548e-05,999.12003094823672,-439.98452588164128,0.10000000000000001
1203,0,1.3437291919824432,0.089996774875167843,0.27149779502361476,-5.4669864416447805e-05,999.13387145834076,-433.06427082961818,0.10000000000000001
1204,0,1.3537705566379661,0.089998336811876758,0.27165610988876815,-3.3712237435712318e-05,999.17694234679277,-411.52882660361456,0.10000000000000001
1205,0,1.3637990124387143,0.089997551790476554,0.27167721331049116,-3.4484769885026841e-05,999.18340831410933,-408.29584294533561,0.10000000000000001
1206,0,1.3738446985726662,0.089999653054555165,0.27186476465540793,-2.7233138112510552e-05,999.23011044412431,-384.94477793784654,0.10000000000000001
1207,0,1.3838696953022218,0.089998766345158118,0.27191239130489947,-2.020691266795373e-05,999.2299958948762,-385.00205256190156,0.10000000000000001
1208,0,1.3939199732958212,0.090000662175517943,0.27212236132523371,-3.3715627144647261e-05,999.27763754324701,-361.1812283764948,0.10000000000000001
1209,0,1.4039416153101731,0.089999967138372855,0.27220780151681551,-2.3386145961886e-05,999.27445435135917,-362.77282432041602,0.10000000000000001
1210,0,1.4139955264621287,0.09000084723428399,0.2724136012036667,-4.5136073847308873e-05,999.3205150070645,-339.74249646774979,0.10000000000000001
1211,0,1.424014345752626,0.090000731566761,0.27253030659240751,-2.5863738954346328e-05,999.31755892243439,-341.22053878280667,0.10000000000000001
1212,0,1.4340702675074777,0.090000018615324862,0.27271334801659591,-3.5515812253812863e-05,999.35933536578023,-320.3323171098873,0.10000000000000001
1213,0,1.4440867517094342,0.090001338088155219,0.27283210322244389,-1.7591099335934591e-05,999.35515402052818,-322.42298973591232,0.10000000000000001
1214,0,1.4541441821527255,0.089999486839877185,0.27300820608040688,-7.978650366996027e-06,999.39157881399433,-304.21059300283559,0.10000000000000001
1215,0,1.4641588756471235,0.090002589364751362,0.27310124570881117,-1.0800985879306669e-05,999.38141098427502,-309.29450786248935,0.10000000000000001
1216,0,1.4742192297652557,0.090000868479115315,0.27327197922221147,3.8736895048499034e-06,999.41349471070293,-293.25264464853262,0.10000000000000001
1217,0,1.4842327056031936,0.090004633607663767,0.27333745417279043,-3.6507455959619373e-05,999.39574727130503,-302.12636434748674,0.10000000000000001
1218,0,1.4942979567007479,0.090003231010817031,0.27350778967366712,-2.9416974772314299e-05,999.42945906545822,-285.270467270891,0.10000000000000001
1219,0,1.5043088236077227,0.090005741979020379,0.27353515048212879,-9.0062996539345028e-05,999.40469122135369,-297.65438932315647,0.10000000000000001
1220,0,1.5143799173182457,0.090004114586979447,0.27373301404013234,-7.4489962046866973e-05,999.44959774922563,-275.20112538718422,0.10000000000000001
1221,0,1.5243837372243103,0.090003468966460207,0.27373172843216043,-0.00012003774326344377,999.41765828063308,-291.17085968346146,0.10000000000000001
1222,0,1.5344605909119637,0.090003660350260431,0.27400812872098762,-8.0312923710817579e-05,999.47799856834968,-261.00071582516193,0.10000000000000001
1223,0,1.5444539854095716,0.089999865955374694,0.27401869145548591,-8.9824347398243743e-05,999.43620808394894,-281.89595802552958,0.10000000000000001
1224,0,1.5545383880458596,0.090004889850292202,0.27443031139761442,-5.3930103341635956e-05,999.50923444555792,-245.38277722103885,0.10000000000000001
1225,0,1.5645226594592283,0.090000479082293,0.2745218908019828,-3.9828892301814345e-05,999.4565903978438,-271.70480107810135,0.10000000000000001
1226,0,1.5746194304538528,0.090008803871752863,0.27508880725755175,-4.0478215547249308e-05,999.54070344648323,-229.64827675838251,0.10000000000000001
1227,0,1.5845970750149645,0.090005344566290654,0.27532749562739839,-1.8399079917260429e-05,999.48377274492589,-258.1136275370568,0.10000000000000001
1228,0,1.5947083306620042,0.09001069543950399,0.27600544565703439,-5.5193794843775079e-05,999.58085161053998,-209.57419473000982,0.10000000000000001
1229,0,1.6046768271652538,0.090007848013534661,0.27646987858697536,-2.1695201606666255e-05,999.53368219977449,-233.15890011275542,0.10000000000000001
1230,0,1.6147970484035197,0.090005626028629354,0.27719131926381163,-1.8572635698071061e-05,999.64201794074586,-178.99102962707047,0.10000000000000001
1231,0,1.6247515906038559,0.090006828402939429,0.27790830016987889,4.4328934335922426e-05,999.60788995888402,-196.05502055799207,0.10000000000000001
1232,0,1.6348756465543088,0.089999697651367658,0.2787690718963034,0.00013902415950765539,999.72308212425764,-138.45893787117802,0.10000000000000001
1233,0,1.6448200689969701,0.090009675375927231,0.27962704987574311,0.00022229851191589225,999.68638737332435,-156.80631333782458,0.10000000000000001
1234,0,1.6549523611735146,0.090004138444023413,0.28073864701902179,0.00029483562815562205,999.8032007707352,-98.39961463239888,0.10000000000000001
1235,0,1.6649001443667932,0.090019418477892729,0.28178314776876179,0.00038714813674658923,999.7639808368109,-118.00958159454922,0.10000000000000001
1236,0,1.6750446356007662,0.090014615291267711,0.2828828395311006,0.00036367427073745137,999.86443734859301,-67.781325703492712,0.10000000000000001
1237,0,1.6850025200274428,0.090028413276468267,0.28436090962015281,0.0004195796784643652,999.85054127340482,-74.729363297592499,0.10000000000000001
1238,0,1.6951493692327744,0.090014085789636586,0.28501220398432686,0.0003670817297650328,999.90927905080207,-45.360474598965084,0.10000000000000001
1239,0,1.7051086985730197,0.090030943992074355,0.28706460159503439,0.00035427105163729982,999.9466648055876,-26.667597206198934,0.10000000000000001
1240,0,1.7152444368325583,0.090006689168574419,0.28708354624180404,0.0003867300934219837,999.93445198924735,-32.774005376325022,0.10000000000000001
1241,0,1.7252074460789233,0.090034582691964793,0.28949385148391737,0.00041581450671777264,1000.0266104854848,13.305242742376322,0.10000000000000001
1242,0,1.7353248614755157,0.090004809454704723,0.28909938296671744,0.00045039542540577482,999.91169767707015,-44.151161464924371,0.10000000000000001
1243,0,1.7453149458907737,0.090052924448243185,0.29145621548105194,0.00077300397313900034,1000.0502054109106,25.10270545531057,0.10000000000000001
1244,0,1.7554135624734544,0.090008442255878535,0.29112984165595868,0.000568640532214354,999.85408565663772,-72.957171681139243,0.10000000000000001
1245,0,1.7654437251180071,0.090072010085848128,0.29307887401865246,0.00069680196189367402,1000.009506567721,4.7532838605093275,0.10000000000000001
1246,0,1.775516753660519,0.090020848058200875,0.29343555705356972,0.0008272103242283745,999.78621081787298,-106.89459106350796,0.10000000000000001
1247,0,1.7855848399225398,0.090060630830999869,0.29395559547320826,0.00035050799742646581,999.9307286444191,-34.635677790447517,0.10000000000000001
1248,0,1.7956349686344273,0.090040457679747332,0.29678943425974297,0.00053324522200571536,999.86247821244058,-68.760893779710841,0.10000000000000001
1249,0,1.805722993169671,0.090025552568911149,0.29365955255663695,9.0617507608684541e-05,999.83449419719886,-82.75290140056768,0.10000000000000001
1250,0,1.8157630573748236,0.09000325227277492,0.2999370167824022,0.00040503064502997709,1000.1529368910184,76.468445509192406,0.10000000000000001
1251,0,1.8257783639837279,0.089981369921007234,0.29401256174501589,0.00063914217153352099,999.83604013976139,-81.979930119302935,0.10000000000000001
1252,0,1.835862660072453,0.089885197179624801,0.3013636255654446,-0.00025758543621429467,1000.5007781818042,250.38909090210382,0.10000000000000001
1253,0,1.845669985279055,0.089986772700364107,0.29582525483529842,0.0017034741289320664,999.73000631250386,-134.99684374806975,0.10000000000000001
1254,0,1.8558902936241726,0.089774648043227809,0.30248846071899516,0.0011989866195897328,1000.753335298881,376.66764944049191,0.10000000000000001
1255,0,1.8654150371834535,0.089934779559601968,0.29969092373856854,0.0019238709955314796,999.56476541238692,-217.6172938065406,0.10000000000000001
1256,0,1.8758508351192238,0.089844625741224232,0.30443022971874567,0.0020879709571486006,1000.7175576954417,358.7788477208278,0.10000000000000001
1257,0,1.8850860414533239,0.089865917073066695,0.3046627441129538,0.0011063097399720866,999.35316025771942,-323.41987114028825,0.10000000000000001
1258,0,1.8958552474086738,0.089981450320198705,0.30416516191298987,3.0777075404903282e-05,1000.1868742634326,93.43713171631407,0.10000000000000001
1259,0,1.9044226809054807,0.090029321410961122,0.30463323920918184,-0.0019412585051327206,999.70902787140653,-145.48606429673328,0.10000000000000001
1260,0,1.9194565922623719,0.090076817229933395,0.29842217405865645,-0.0063502973382313652,1000.2316143178015,115.80715890073634,0.10000000000000001
1261,0,1.9194532212728679,0.089978599662604034,0.29841295028844028,-0.0065244546470947578,1000.2320988076675,116.04940383375606,0.10000000000000001
1262,0,1.9424529352850914,0.087910181052933675,0.25843004239202189,-0.0037356160839276962,1000.1567960047648,78.398002382414234,0.10000000000000001
1263,0,1.9424485833844043,0.087809901657683653,0.25847876895947353,-0.0037905923248315221,1000.1556933295149,77.846664757430517,0.10000000000000001
1264,0,1.9515407053199705,0.087150540147513569,0.26654828519298923,-0.0012209611638175802,999.87755670079309,-61.221649603453443,0.10000000000000001
1265,0,1.9698232651412115,0.090419161042258347,0.24373135537136995,-0.0036800119573493291,1000.0126881476251,6.3440738125564167,0.10000000000000001
1266,0,1.9697602411757513,0.090784820892694199,0.243727064573109,-0.0035637534058756042,1000.0189813805604,9.4906902801881188,0.10000000000000001
1267,0,0.17511741864642993,0.09999999999999995,0.22049043630622953,9.5492189896493446e-15,1000.0636212243453,31.810612172648689,0.10000000000000001
1268,0,0.17511741864642993,0.1000000000000002,0.22049043630623028,9.6309563185704993e-15,1000.0636212243454,31.810612172705532,0.10000000000000001
1269,0,0.19224361796755063,0.099999999999998493,0.20693777699311483,1.3662372429335415e-14,999.9113077536116,-44.346123194202391,0.10000000000000001
1270,0,0.20024029534471388,0.099999999999997979,0.21212884373730953,1.4805595501894172e-14,1000.1016528403122,50.826420156113272,0.10000000000000001
1271,0,0.20024029534471388,0.099999999999997966,0.21212884373730967,1.4799369330536125e-14,1000.1016528403125,50.826420156226959,0.10000000000000001
1272,0,0.22410251643989609,0.099999999999999506,0.18059090911130432,-4.3103987165491175e-14,1000.3565893263593,178.29466317965625,0.10000000000000001
1273,0,0.22410251643989612,0.099999999999999548,0.1805909091113008,-4.3003338230803142e-14,1000.3565893263598,178.29466317988363,0.10000000000000001
1274,0,0.2394772510926482,0.099999999999999645,0.17915836318454878,-3.8436888538556833e-14,999.81707959344249,-91.460203278757035,0.10000000000000001
1275,0,0.24774035740870151,0.10000000000000001,0.17810636893966622,-3.7117216274160864e-14,1001.0431964391759,521.59821958792918,0.10000000000000001
1276,0,0.25928033297056352,0.099999999999999672,0.18277992913764349,-3.0893333150925772e-14,999.48419312872034,-257.90343563983242,0.10000000000000001
1277,0,0.26859475429646523,0.099999999999999992,0.181599919190087,-4.246395863955756e-14,1000.9055323694022,452.76618470109042,0.10000000000000001
1278,0,0.27943351570068442,0.10000000000000027,0.18743747396891411,-6.6957321125786581e-14,999.38263750336023,-308.68124831988553,0.10000000000000001
1279,0,0.28910972294196507,0.10000000000000037,0.18468109443319453,-5.5454712466094992e-14,1000.6711811395338,335.59056976690727,0.10000000000000001
1280,0,0.29954451631772883,0.10000000000000049,0.18937829553901606,-3.9193147360881261e-14,999.86941492591745,-65.292537041273135,0.10000000000000001
1281,0,0.30939914458136664,0.10000000000000037,0.18729190113453217,-4.8295655853965602e-14,1000.508297096596,254.14854829801925,0.10000000000000001
1282,0,0.31968919083893726,0.10000000000000037,0.18988242257160004,-5.711366490801214e-14,1000.0330372235236,16.518611761796365,0.10000000000000001
1283,0,0.32955537222257153,0.10000000000000059,0.18745835222896925,-5.02475236880453e-14,1000.5827239117862,291.36195589308045,0.10000000000000001
1284,0,0.33979185294502656,0.10000000000000046,0.19089859499410913,-5.3633314135090244e-14,1000.1125950523842,56.297526192111036,0.10000000000000001
1285,0,0.34973357955125067,0.10000000000000051,0.18756922884489993,-7.6784761463706296e-14,1000.5822676024247,291.13380121236787,0.10000000000000001
1286,0,0.35989198657927651,0.10000000000000062,0.19102779297012024,-8.7572007335953807e-14,1000.2563521479535,128.17607397676056,0.10000000000000001
1287,0,0.36988343553670772,0.10000000000000059,0.18849012588949848,-6.9623687412512542e-14,1000.5130689652267,256.53448261334688,0.10000000000000001
1288,0,0.38000072247259203,0.1000000000000006,0.19089594553960457,-5.6727086535435978e-14,1000.3736573037011,186.82865185053288,0.10000000000000001
1289,0,0.39000557133092473,0.10000000000000094,0.189909659082244,-6.3804152968142522e-14,1000.4367049443599,218.35247217995857,0.10000000000000001
1290,0,0.40012300115805316,0.10000000000000089,0.19098855954583638,-7.7794041269749864e-14,1000.4439902916911,221.99514584553981,0.10000000000000001
1291,0,0.41010415148345236,0.10000000000000124,0.19142989694551246,-8.1919599255351986e-14,1000.4067483670766,203.37418353830117,0.10000000000000001
1292,0,0.42024122223214622,0.10000000000000077,0.19162759267597407,-7.6589970053209499e-14,1000.4558208834137,227.91044170685382,0.10000000000000001
1293,0,0.43019647762546243,0.10000000000000042,0.19290636194590297,-7.0237739888376411e-14,1000.4019570588379,200.97852941893279,0.10000000000000001
1294,0,0.44034739865362754,0.10000000000000056,0.19275778027023679,-6.3638878066453725e-14,1000.4191253788217,209.56268941085909,0.10000000000000001
1295,0,0.45028610388414669,0.10000000000000024,0.19425104532268109,-6.2468658219928235e-14,1000.3980777383889,199.03886919445313,0.10000000000000001
1296,0,0.46043751972183733,0.10000000000000024,0.19426030301894778,-6.3881589808949708e-14,1000.3615345480121,180.76727400602977,0.10000000000000001
1297,0,0.47037228785109442,0.10000000000000059,0.1954899347155972,-6.4691284769996271e-14,1000.3802441680278,190.12208401392172,0.10000000000000001
1298,0,0.48051494594183142,0.10000000000000028,0.19585028473806196,-6.6469863996045212e-14,1000.3084014539249,154.20072696247189,0.10000000000000001
1299,0,0.49045442670297024,0.10000000000000023,0.19672542724280423,-6.9366088082332854e-14,1000.3482003851207,174.10019256033138,0.10000000000000001
1300,0,0.50058500292301755,0.10000000000000052,0.19729316654989176,-6.3539751432913814e-14,1000.2627422801595,131.37114007975015,0.10000000000000001
1301,0,0.51053199626410539,0.10000000000000026,0.19798357553495974,-7.2558011474116985e-14,1000.3070459101433,153.52295507165081,0.10000000000000001
1302,0,0.52065333859736451,0.10000000000000053,0.1985382445303826,-1.1158272846498681e-13,1000.2203643664977,110.18218324886675,0.10000000000000001
1303,0,0.53060729850170796,0.10000000000000051,0.19913956900927587,-1.1778588151368441e-13,1000.2660480107689,133.02400538447046,0.10000000000000001
1304,0,0.54072116944881576,0.10000000000000045,0.19964735390225316,-5.7286813995563037e-14,1000.1799144914024,89.957245701214106,0.10000000000000001
1305,0,0.55068305586829258,0.10000000000000026,0.20012077834727121,-1.6722137171603608e-14,1000.2287318465796,114.36592328982442,0.10000000000000001
1306,0,0.56078799033679139,0.099999999999999867,0.20063817313101145,-2.6116974228999027e-14,1000.1439776829042,71.988841452082397,0.10000000000000001
1307,0,0.57076061513703535,0.10000000000000001,0.20097302437963294,-2.8495387269193838e-14,1000.1939467881488,96.973394074382213,0.10000000000000001
1308,0,0.58085406367270054,0.10000000000000021,0.20149715842572033,-1.8591198085423663e-14,1000.1160264308864,58.013215443224908,0.10000000000000001
1309,0,0.59083897291031739,0.10000000000000134,0.20176759261790561,-6.44515514894752e-15,1000.1609693830754,80.484691537719755,0.10000000000000001
1310,0,0.60092114852365297,0.10000000000000057,0.20228681195965367,9.1122032237237132e-15,1000.094304939367,47.15246968351039,0.10000000000000001
1311,0,0.61091695470306706,0.099999999999999728,0.2025452635645883,1.0588779641236062e-14,1000.1309538210415,65.47691052077198,0.10000000000000001
1312,0,0.62099026611284114,0.10000000000000005,0.20306886504777535,3.0226650767241296e-15,1000.075616597553,37.80829877649694,0.10000000000000001
1313,0,0.63099448959350457,0.099999999999999672,0.20337511958351565,-9.8407776348701884e-15,1000.1022728309316,51.136415465805385,0.10000000000000001
1314,0,0.64106150354640135,0.10000000000000001,0.20388238738476888,-2.533709503715245e-14,1000.0564400308185,28.220015409260668,0.10000000000000001
1315,0,0.65107190678646998,0.10000000000000017,0.20428414438284553,-4.4337263003770229e-14,1000.0731677856892,36.583892844589627,0.10000000000000001
1316,0,0.66113462731778938,0.10000000000000014,0.20478119195329716,-6.4717831250619412e-14,1000.0324383564899,16.21917824496677,0.10000000000000001
1317,0,0.67114970260201146,0.10000000000000032,0.20524734237882433,-5.8992084217279657e-14,1000.042346898574,21.173449287005042,0.10000000000000001
1318,0,0.68120923051215609,0.1000000000000002,0.20578468323794302,-3.7518663603734942e-14,1000.0013174569215,0.658728460734892,0.10000000000000001
1319,0,0.69122853358688119,0.10000000000000066,0.20625859965572252,-1.6679561408193887e-14,1000.0065709939624,3.2854969812206036,0.10000000000000001
1320,0,0.70128519960880664,0.099999999999999922,0.20683686063710469,4.2833899393164311e-15,999.96412770888924,-17.9361455553817,0.10000000000000001
1321,0,0.71130865762704243,0.099999999999999936,0.20731856722146016,1.3717667522954764e-14,999.96325287078241,-18.373564608793913,0.10000000000000001
1322,0,0.72136274046305293,0.09999999999999995,0.20789047624996365,8.9888071479161844e-15,999.92089507716628,-39.552461416860751,0.10000000000000001
1323,0,0.73139013486524207,0.099999999999999492,0.20838182430900218,1.4051066044527523e-14,999.9131704855406,-43.414757229697898,0.10000000000000001
1324,0,0.74144207616705182,0.09999999999999952,0.20893275058705596,1.2687596932862448e-14,999.87093179361534,-64.534103192329439,0.10000000000000001
1325,0,0.7514731218648657,0.09999999999999995,0.20941181831937383,-6.4878318567929822e-15,999.85753425440851,-71.232872795746971,0.10000000000000001
1326,0,0.76152338909349071,0.099999999999999603,0.209946618514499,-1.7972924174592963e-14,999.81528628567708,-92.356857161462358,0.10000000000000001
1327,0,0.77155771388358629,0.1000000000000003,0.21041510124292978,2.8398399006053956e-15,999.7969539261378,-101.52303693109843,0.10000000000000001
1328,0,0.78160679127720378,0.099999999999999867,0.210937214698216,2.5371783965780922e-14,999.75526643474677,-122.36678262661371,0.10000000000000001
1329,0,0.79164381196639189,0.099999999999999936,0.21141505138370131,1.5987404374563016e-14,999.73283776918186,-133.58111540907203,0.10000000000000001
1330,0,0.80169214675477307,0.099999999999999756,0.21195054948878317,-1.4819070469517134e-14,999.69172616186211,-154.13691906894655,0.10000000000000001
1331,0,0.81173138991139249,0.099999999999999686,0.21246154370837611,-2.7059894935647353e-14,999.6663806007216,-166.80969963920234,0.10000000000000001
1332,0,0.82177932493001193,0.099999999999999464,0.21304927993354625,-1.7532182961958041e-14,999.62580289525908,-187.09855237045758,0.10000000000000001
1333,0,0.8318205127262247,0.099999999999999326,0.2136316618527633,-1.2346254933205902e-16,999.59814672580194,-200.92663709903036,0.10000000000000001
1334,0,0.84186832200404071,0.099999999999999686,0.21430687370577778,-1.973496709486773e-15,999.55831938960148,-220.84030519926046,0.10000000000000001
1335,0,0.8519112570284193,0.099999999999999201,0.21500446233276435,-1.6622826612026205e-14,999.52855590391789,-235.72204804105468,0.10000000000000001
1336,0,0.8619591026619321,0.099999999999999353,0.21580045285969254,-4.3028114502125522e-16,999.48945991723235,-255.27004138382381,0.10000000000000001
1337,0,0.87200349185172521,0.10000000000000026,0.21664334461557566,1.524948224551841e-14,999.45791387310669,-271.04306344665474,0.10000000000000001
1338,0,0.88205147666396289,0.099999999999999811,0.21758944441930167,-1.2781023891791097e-14,999.41917870520865,-290.41064739567446,0.10000000000000001
1339,0,0.89209706732935612,0.099999999999999201,0.21859156764279619,-6.3023514378250629e-14,999.38612752253971,-306.93623873014531,0.10000000000000001
1340,0,0.90214525531501577,0.099999999999999908,0.21969864324826335,-7.4651247886751399e-14,999.34752078816666,-326.23960591666901,0.10000000000000001
1341,0,0.91219180923775212,0.099999999999999395,0.22086295087024987,-5.5017198833728191e-14,999.31296453916696,-343.51773041652223,0.10000000000000001
1342,0,0.92224019607527319,0.099999999999999714,0.22212112036252529,-3.7723572996408906e-14,999.27449567143947,-362.75216428026624,0.10000000000000001
1343,0,0.93228742397730335,0.099999999999999839,0.22343424668462705,-4.4994701525340492e-14,999.23867398581137,-380.66300709431289,0.10000000000000001
1344,0,0.94233591528965854,0.10000000000000113,0.22482234448401459,-6.1668460922828057e-14,999.20035782870889,-399.82108564555574,0.10000000000000001
1345,0,0.95238359617508417,0.099999999999999617,0.22625556669786037,-6.5225859484592708e-14,999.16401186535427,-417.9940673228657,0.10000000000000001
1346,0,0.96243213523952709,0.099999999999999298,0.22774394118302643,-4.6942008973303557e-14,999.1261681408281,-436.91592958595038,0.10000000000000001
1347,0,0.9724801085508219,0.099999999999999492,0.22926374491737922,-4.1109697610201781e-14,999.09028876531681,-454.85561734159319,0.10000000000000001
1348,0,0.98252855221109059,0.099999999999999548,0.2308177790348783,-7.2989544157108648e-14,999.05370238186731,-473.14880906634471,0.10000000000000001
1349,0,0.99257655148568746,0.099999999999999742,0.23239245938472966,-1.0507505230767299e-13,999.01950237039728,-490.24881480136173,0.10000000000000001
1350,0,1.0026245752596068,0.10000000000000038,0.23398241962842051,-1.309167407714586e-13,998.98532064149197,-507.33967925401657,0.10000000000000001
1351,0,1.012672214596285,0.10000000000000001,0.23558429562510719,-1.3979577085884858e-13,998.95419830684227,-522.90084657886382,0.10000000000000001
1352,0,1.0227194940380977,0.099999999999999936,0.23719142048516298,-1.0700981139440761e-13,998.92384372883066,-538.07813558466933,0.10000000000000001
1353,0,1.0327665509811841,0.10000000000000005,0.23880205884289879,-4.46261475072265e-14,998.89707080563846,-551.46459718076812,0.10000000000000001
1354,0,1.0428131441939621,0.099999999999999187,0.24041768145306339,7.3390029635890613e-15,998.87201967434248,-563.99016282875891,0.10000000000000001
1355,0,1.0528596227707032,0.10000000000000091,0.2420299918914986,3.2124491342230131e-14,998.85045338414238,-574.77330792880821,0.10000000000000001
1356,0,1.0629056473253902,0.099999999999999686,0.24365336727228015,3.2073509140224041e-14,998.83193626391756,-584.03186804122242,0.10000000000000001
1357,0,1.0729512445347587,0.09999999999999945,0.24526797339294917,1.0295429658786981e-14,998.81600540706643,-591.99729646678634,0.10000000000000001
1358,0,1.0829964098514724,0.100000000000001,0.24690027907582593,-1.1308558351806457e-14,998.80458950051377,-597.70524974311456,0.10000000000000001
1359,0,1.0930405266376721,0.099999999999999548,0.24852255087714278,-5.2475807525085586e-15,998.7946347632527,-602.68261837364889,0.10000000000000001
1360,0,1.1030843700238373,0.099999999999998826,0.25015893328236266,2.5934474935383367e-14,998.78997448240636,-605.01275879681771,0.10000000000000001
1361,0,1.1131266812768534,0.099999999999999062,0.25178913240757295,4.4645952975472788e-14,998.7862119040459,-606.89404797705038,0.10000000000000001
1362,0,1.1231689859146259,0.10000000000000006,0.25341594206200241,7.7733355486734296e-15,998.78711314084694,-606.44342957652952,0.10000000000000001
1363,0,1.133209793759735,0.10000000000000137,0.25504241499076769,-3.7753470574187401e-14,998.78959844316819,-605.20077841590592,0.10000000000000001
1364,0,1.1432505252879113,0.1000000000000006,0.25663288845161475,-4.3037973974784248e-14,998.79424487849496,-602.87756075251764,0.10000000000000001
1365,0,1.1532903430632599,0.1000000000000011,0.25822560888479518,2.0852717803715368e-14,998.80278276544982,-598.60861727509018,0.10000000000000001
1366,0,1.1633292266133075,0.099999999999999908,0.25974477841581062,7.9262717466585582e-14,998.8096025385164,-595.19873074179941,0.10000000000000001
1367,0,1.1733683331785483,0.099999999999999201,0.26125517957381161,4.2645301880959287e-14,998.82348160808658,-588.25919595670939,0.10000000000000001
1368,0,1.1834051046294074,0.1000000000000002,0.26266093511683264,-2.4306668556313668e-14,998.83169087789611,-584.15456105194608,0.10000000000000001
1369,0,1.1934436315916426,0.10000000000000042,0.26402911999975393,-2.1716589054651769e-14,998.84945065689749,-575.27467155125578,0.10000000000000001
1370,0,1.2034784816302149,0.099999999999999006,0.26528200217153014,-1.4709154069193056e-14,998.8595730935773,-570.21345321135186,0.10000000000000001
1371,0,1.2135163511541085,0.099999999999998659,0.26644826650723841,-1.9134168585458776e-14,998.87896290211177,-560.5185489441169,0.10000000000000001
1372,0,1.2235500210516053,0.10000000000000041,0.26751199108943252,-2.2082222592031659e-15,998.89230700386167,-553.84649806916286,0.10000000000000001
1373,0,1.2335869142057168,0.099999999999999839,0.26844005191877351,2.1509333968262688e-14,998.91144002288638,-544.27998855680926,0.10000000000000001
1374,0,1.2436204061609482,0.099999999999998951,0.26928571284942704,1.2863666605113019e-14,998.92923185621021,-535.3840718948959,0.10000000000000001
1375,0,1.2536559555949423,0.099999999999999492,0.26997276939154319,-5.608017587413283e-14,998.94759533536001,-526.20233231999691,0.10000000000000001
1376,0,1.263690096807214,0.1000000000000003,0.27058669806911656,-6.7142320590512941e-14,998.96985430052621,-515.07284973689593,0.10000000000000001
1377,0,1.273724420204817,0.099999999999999756,0.27106326462415142,2.5748718940916575e-14,998.98880676450722,-505.59661774639153,0.10000000000000001
1378,0,1.2837593415896362,0.099999999999999964,0.27145294391534774,9.8369198084153101e-14,999.01337448646132,-493.31275676934183,0.10000000000000001
1379,0,1.2937933722200736,0.099999999999999534,0.27177584029590629,9.9043595476514247e-14,999.03585461960677,-482.0726901966168,0.10000000000000001
1380,0,1.3038281140659331,0.099999999999999853,0.27197177267488376,8.938904736317673e-14,999.05837336335321,-470.81331832339401,0.10000000000000001
1381,0,1.3138636364562253,0.099999999999999672,0.27220749915217329,8.8683875466031984e-14,999.08778316324572,-456.10841837714133,0.10000000000000001
1382,0,1.3238962981856508,0.10000000000000091,0.27226361366993151,3.9535619268416071e-14,999.10359227314086,-448.20386342956908,0.10000000000000001
1383,0,1.3339355308121492,0.1000000000000006,0.27246719538262226,-6.4173494196834934e-15,999.14246607152006,-428.76696423996918,0.10000000000000001
1384,0,1.3439642630150044,0.099999999999999686,0.27245684277840931,3.5915462012514352e-15,999.1496034135248,-425.1982932375995,0.10000000000000001
1385,0,1.3540089509378357,0.099999999999999201,0.27265536134957619,2.2967491889814546e-14,999.19801618224176,-400.99190887912073,0.10000000000000001
1386,0,1.364032928799396,0.10000000000000016,0.27265150209652239,3.7591513728061483e-14,999.19830672173555,-400.84663913222585,0.10000000000000001
1387,0,1.3740833213097916,0.099999999999999964,0.27284808521064136,4.052204054342979e-15,999.25245606641181,-373.77196679409508,0.10000000000000001
1388,0,1.3841033515509051,0.099999999999998881,0.27290257485541863,-4.2094297797309634e-14,999.24982902508225,-375.08548745887538,0.10000000000000001
1389,0,1.3941578225167859,0.10000000000000053,0.27308518566930051,-1.4228361130963675e-14,999.30222509603698,-348.88745198151128,0.10000000000000001
1390,0,1.4041758881578323,0.10000000000000143,0.27321347409847446,4.8188127910486997e-14,999.29961267025908,-350.19366487046,0.10000000000000001
1391,0,1.4142316101409931,0.099999999999999437,0.27337159371810127,5.6060052148703171e-14,999.34334739096187,-328.32630451906653,0.10000000000000001
1392,0,1.4242498516858149,0.10000000000000078,0.27355112369162166,3.2834129358853853e-14,999.34147224507092,-329.26387746454111,0.10000000000000001
1393,0,1.4343042946172448,0.10000000000000134,0.27368289883180513,4.494230581345934e-14,999.37505159071691,-312.47420464154629,0.10000000000000001
1394,0,1.444324092317449,0.099999999999999534,0.27385170643085932,8.4630690765388927e-14,999.37329132056846,-313.35433971577231,0.10000000000000001
1395,0,1.4543767517399393,0.099999999999999076,0.27399752385533471,8.9274431030912201e-14,999.40361760882718,-298.19119558641205,0.10000000000000001
1396,0,1.4643980385057893,0.099999999999999575,0.27409297491300472,5.5640802845847912e-14,999.3986535780416,-300.6732109791983,0.10000000000000001
1397,0,1.4744518368156385,0.10000000000000037,0.27427489214456768,2.3454618952427111e-14,999.43473405580505,-282.63297209747407,0.10000000000000001
1398,0,1.4844718097001721,0.10000000000000026,0.27428999949946375,1.9775898963228182e-14,999.41977845972667,-290.11077013666409,0.10000000000000001
1399,0,1.4945322322768548,0.10000000000000037,0.27451952657003703,4.0092384177930338e-14,999.46675041105107,-266.62479447446685,0.10000000000000001
1400,0,1.5045450021376723,0.099999999999999839,0.27447584262622288,3.1803116526805971e-14,999.43468220701618,-282.65889649190967,0.10000000000000001
1401,0,1.5146166377556738,0.099999999999999672,0.27475952822400673,1.318405156534633e-14,999.4916056376411,-254.19718117944967,0.10000000000000001
1402,0,1.5246156337107712,0.0999999999999997,0.27469512208222097,2.5901923502981566e-14,999.44157965014062,-279.21017492968758,0.10000000000000001
1403,0,1.5347010996758077,0.099999999999999464,0.2750512748658332,4.8027269074000351e-14,999.50993905193457,-245.03047403271694,0.10000000000000001
1404,0,1.5446826779848308,0.099999999999999312,0.27501133603254857,5.2639413398936087e-14,999.44825709458974,-275.87145270513247,0.10000000000000001
1405,0,1.554784246916165,0.10000000000000135,0.27546204167189842,1.0514131158865951e-14,999.53394078490055,-233.02960754972446,0.10000000000000001
1406,0,1.5647507702878118,0.10000000000000182,0.2755315004789311,-6.4408501047261299e-14,999.47140711142606,-264.29644428696975,0.10000000000000001
1407,0,1.5748683033602093,0.099999999999999423,0.2760855276417894,-7.8470963569314885e-14,999.57284095865873,-213.57952067063479,0.10000000000000001
1408,0,1.5848268531818783,0.10000000000000027,0.27635106606536064,-4.8641978510579264e-15,999.51623009966079,-241.88495016960587,0.10000000000000001
1409,0,1.5949529262380109,0.10000000000000069,0.2769740262921575,6.8329923366025318e-14,999.62011765194916,-189.94117402542088,0.10000000000000001
1410,0,1.6049103477645121,0.099999999999999256,0.27753441305890325,8.2421131946155537e-14,999.57332321327544,-213.33839336227811,0.10000000000000001
1411,0,1.6150320792745918,0.099999999999999242,0.27818998435299003,4.2059698396132035e-14,999.66601321172232,-166.99339413884218,0.10000000000000001
1412,0,1.6249933415265079,0.099999999999999312,0.27901486507186818,9.185990172056091e-16,999.63191794063528,-184.04102968236202,0.10000000000000001
1413,0,1.6351050808678318,0.099999999999999992,0.27984880977812521,-2.1029668763777031e-14,999.72258665886909,-138.70667056545471,0.10000000000000001
1414,0,1.6450728694034098,0.10000000000000112,0.2806927533265049,-1.3545426195010227e-14,999.69135306035969,-154.32346982015588,0.10000000000000001
1415,0,1.6551855087721872,0.099999999999999548,0.28184527760015177,3.5198339681619443e-14,999.80467774862871,-97.661125685647221,0.10000000000000001
1416,0,1.6651558370617643,0.099999999999999034,0.28279558885473904,6.0113690678873097e-14,999.76664654045589,-116.67672977205257,0.10000000000000001
1417,0,1.6752853543584747,0.10000000000000091,0.28392717311008925,3.1386613162841733e-14,999.89031172421574,-54.844137892132494,0.10000000000000001
1418,0,1.6852497715030235,0.10000000000000107,0.28537983282834861,-9.9427166035876426e-16,999.86196735157773,-69.016324211133906,0.10000000000000001
1419,0,1.6953920701765506,0.099999999999998826,0.28600253573983042,1.7074094968862967e-14,999.94132068480405,-29.339657597972746,0.10000000000000001
1420,0,1.7053546725029598,0.099999999999999034,0.28811966094380587,7.6959894217463028e-14,999.96644035070995,-16.779824645027475,0.10000000000000001
1421,0,1.7154874486654617,0.099999999999999187,0.28816068903824538,9.856231795102692e-14,999.96361575015214,-18.192124923928077,0.10000000000000001
1422,0,1.7254695594143565,0.099999999999998937,0.29056292323120037,4.9573186364571245e-14,1000.0708453926707,35.422696335331239,0.10000000000000001
1423,0,1.7355723811240931,0.099999999999999589,0.29028913785190613,3.2062189841621722e-15,1000.0006962472399,0.34812361997182961,0.10000000000000001
1424,0,1.7456000136479162,0.10000000000000005,0.29268853167138287,4.0156328813199225e-15,1000.2082156438718,104.10782193588375,0.10000000000000001
1425,0,1.7556522934598007,0.099999999999999825,0.29190417313326944,1.3479279667752384e-14,1000.0169610439013,8.480521950673392,0.10000000000000001
1426,0,1.7657573655369607,0.099999999999999728,0.29440656534680615,-5.6272731864450013e-15,1000.3871788188987,193.58940944937331,0.10000000000000001
1427,0,1.7757473263451296,0.10000000000000014,0.29415596490672713,-9.5270631746293467e-15,1000.0953479071446,47.673953572314076,0.10000000000000001
1428,0,1.7859024324855068,0.10000000000000006,0.29464616876431043,-4.2826143130917269e-15,1000.3893024027425,194.65120137124359,0.10000000000000001
1429,0,1.79588144502644,0.099999999999999242,0.29788016362376779,-1.6259097528351945e-14,1000.2828408138005,141.42040690023805,0.10000000000000001
1430,0,1.8059850767407053,0.099999999999998757,0.29393731422363006,-1.0106576370286798e-14,1000.0979047811817,48.952390590841333,0.10000000000000001
1431,0,1.8160386348082032,0.099999999999999797,0.30184402446985215,2.4297844702198755e-14,1000.4769862363228,238.49311816138652,0.10000000000000001
1432,0,1.8259571969780208,0.099999999999999908,0.29401367842057857,8.0351155476202152e-14,999.5836208136318,-208.1895931841018,0.10000000000000001
1433,0,1.836097361764323,0.099999999999999048,0.30287851495387885,1.1512670822515112e-13,1000.5100003762378,255.00018811891323,0.10000000000000001
1434,0,1.8458671413528838,0.10000000000000001,0.29790943635773187,6.4778753626430324e-14,999.47464455332977,-262.6777233351163,0.10000000000000001
1435,0,1.8559804090965339,0.10000000000000063,0.30228409591479555,-9.823774382145517e-15,1000.2886894959677,144.3447479838369,0.10000000000000001
1436,0,1.8656917933535304,0.10000000000000091,0.30190479634489731,-1.3495213041334948e-14,999.65390572860042,-173.04713569978958,0.10000000000000001
1437,0,1.8758371631462791,0.10000000000000088,0.30463328401120199,1.1454779225196967e-14,1000.2812549395377,140.62746976884455,0.10000000000000001
1438,0,1.8852824810105595,0.10000000000000113,0.30462058287854082,1.5192573264065101e-14,999.9026693836073,-48.665308196348178,0.10000000000000001
1439,0,1.8963865461310447,0.10000000000000209,0.30699995698082228,3.5040141128339839e-14,1000.8109761761721,405.48808808603098,0.10000000000000001
1440,0,1.9042903004895562,0.10000000000000241,0.30386422970027804,6.3000187664889604e-14,999.73218118911041,-133.9094054447969,0.10000000000000001
1441,0,1.9197313177518007,0.10000000000000049,0.29939294902005942,5.1018393525139163e-14,1000.231436721704,115.71836085198584,0.10000000000000001
1442,0,1.9197313177518007,0.10000000000000052,0.29939294902005875,5.1079149525378558e-14,1000.231436721704,115.71836085198584,0.10000000000000001
1443,0,1.9432717006359339,0.10000000000000574,0.25600483970450977,1.0732445873092841e-14,1000.2898445619463,144.92228097316229,0.10000000000000001
1444,0,1.9432717006359339,0.10000000000000585,0.25600483970450977,1.0880536719384425e-14,1000.2898445619466,144.92228097327597,0.10000000000000001
1445,0,1.949673399042084,0.10000000000000098,0.26362763970686981,-2.5915602380944602e-14,999.74603523743565,-126.98238128217554,0.10000000000000001
1446,0,1.9679982795395476,0.10000000000000385,0.24367248328346358,-1.0440760776563966e-13,1000.1356872189019,67.843609450960685,0.10000000000000001
1447,0,1.9679982795395476,0.10000000000000363,0.24367248328346422,-1.0450184346882168e-13,1000.135687218902,67.843609451017528,0.10000000000000001
1448,0,0.17318583869671175,0.10937958074632939,0.21959057782366453,0.0026187341370572767,1000.0176547533709,8.8273766854740643,0.10000000000000001
1449,0,0.17309936301803555,0.10974501042869005,0.21943206586637115,0.0027272239255982334,1000.0166972580115,8.3486290057521728,0.10000000000000001
1450,0,0.18991258525191171,0.11294754245235546,0.19953385957311409,0.0015464422966260194,1000.1488719400371,74.435970018555508,0.10000000000000001
1451,0,0.2007319848064717,0.1115931312298941,0.21176570681776025,0.0018816047726192089,1000.1560520601751,78.026030087528397,0.10000000000000001
1452,0,0.20073401367225946,0.11149569316703015,0.21182088058787277,0.0018040885788978131,1000.1560192025804,78.009601290204955,0.10000000000000001
1453,0,0.22406987763443226,0.11005335925982511,0.18065968449725439,0.0039218187044456022,1000.3818697437108,190.93487185540425,0.10000000000000001
1454,0,0.22407272669625256,0.10994552923583413,0.1806856948757323,0.0036930948546871826,1000.3814727119333,190.73635596663507,0.10000000000000001
1455,0,0.23925265474784188,0.10985559989413733,0.17762045863348991,0.0001076746319895737,999.47221907087533,-263.890464562337,0.10000000000000001
1456,0,0.24780691389675499,0.1098020276223506,0.17871599944797487,-0.0012755495323554179,1000.6290887950623,314.54439753116503,0.10000000000000001
1457,0,0.25902848700011971,0.10981870994230353,0.18191375830478321,-0.0026428543360773504,999.55304469345083,-223.47765327458546,0.10000000000000001
1458,0,0.26847460395847678,0.10981144631235118,0.18171151080970369,-0.0027621876253200242,1000.7814627337178,390.73136685891541,0.10000000000000001
1459,0,0.27920366604680802,0.10995747829952443,0.18580687749027197,-0.0023022919374387453,999.929129624197,-35.435187901498466,0.10000000000000001
1460,0,0.28883626816431368,0.10988923752751047,0.185076845875183,-0.0023779099506903421,1000.7589064679015,379.45323395075548,0.10000000000000001
1461,0,0.29937448016002333,0.10990759069079924,0.18828421690655897,-0.00031297994534983272,999.91560334727831,-42.19832636084675,0.10000000000000001
1462,0,0.30911503687578301,0.10997726602558466,0.18602749292019305,-0.0010794653276091494,1000.7044031654409,352.2015827204541,0.10000000000000001
1463,0,0.31949120146637516,0.10992245405467249,0.18971497270449711,-0.00030216482751923798,1000.0249566276188,12.478313809424435,0.10000000000000001
1464,0,0.32934508809856888,0.10997998300690109,0.18631779551901287,-7.2262308847504172e-06,1000.6113591661432,305.67958307159415,0.10000000000000001
1465,0,0.33961591229995935,0.10993814181502452,0.19008883524608552,-0.00017014053969844871,1000.140117895864,70.058947932011506,0.10000000000000001
1466,0,0.34951184230801985,0.10997722198735391,0.18674224790313301,-1.3914312030718852e-05,1000.5378068970122,268.90344850608017,0.10000000000000001
1467,0,0.35973305167626268,0.10994006700254921,0.19003061312455546,-6.83735204558732e-05,1000.2511188030562,125.55940152810763,0.10000000000000001
1468,0,0.36965475676554826,0.10999087814439122,0.18778285938224132,-8.1589635674564996e-05,1000.4743326422353,237.16632111762692,0.10000000000000001
1469,0,0.37983416890060506,0.10994338901645526,0.18987088945586625,-2.5943586535382809e-05,1000.3604341068622,180.21705343107897,0.10000000000000001
1470,0,0.389777568081009,0.10998990511605841,0.18909584518657527,-0.00017501890039264324,1000.4401235552901,220.06177764507129,0.10000000000000001
1471,0,0.39993722981738672,0.10995521717111374,0.19010259126756421,-8.6952723112082152e-05,1000.4173088184227,208.65440921136269,0.10000000000000001
1472,0,0.40988317028704457,0.10998720639059736,0.19050586355218116,-0.00013407415408134553,1000.4171440914133,208.57204570665999,0.10000000000000001
1473,0,0.42003884376243855,0.10996485828169468,0.19078841573358787,-0.00014582581437079796,1000.4231160506259,211.55802531296786,0.10000000000000001
1474,0,0.42997720951840079,0.1099849889891242,0.19195331561770684,-0.00010493492438114606,1000.4035238075274,201.7619037637246,0.10000000000000001
1475,0,0.44013527789438989,0.10997337070056137,0.19190578991639029,-0.00017750718687411479,1000.4003085254674,200.1542627336903,0.10000000000000001
1476,0,0.45006645503008641,0.10998666682525909,0.19332859842486716,-9.7665353684708603e-05,1000.3940708114293,197.03540571464373,0.10000000000000001
1477,0,0.46022054331682499,0.10998151705323905,0.19335765908938743,-0.0001658927498897627,1000.3576423130412,178.82115652059838,0.10000000000000001
1478,0,0.47014999960560211,0.10998912508306299,0.19458705449688421,-0.00011982905049525879,1000.3781310569407,189.06552847033709,0.10000000000000001
1479,0,0.48029534788403661,0.10998664587260085,0.19493716215631707,-0.00014421346915785056,1000.3031310853792,151.56554268958189,0.10000000000000001
1480,0,0.49022880767273302,0.1099916893396768,0.19581875880123262,-0.00012470855041746994,1000.3463164786749,173.15823933745378,0.10000000000000001
1481,0,0.50036321525870175,0.10998950184651146,0.1963933382009572,-0.00012414443730331638,1000.2508615614113,125.43078070564206,0.10000000000000001
1482,0,0.51030567960112583,0.10999225381811539,0.19706508997188807,-0.00011285110055186108,1000.3019657881664,150.98289408319943,0.10000000000000001
1483,0,0.52042848226455363,0.10999131315197502,0.19764803934984662,-0.0001133232524282876,1000.205085279845,102.5426399224898,0.10000000000000001
1484,0,0.53038225895612745,0.10999195828690937,0.19822207999876088,-9.9010821832399025e-05,1000.2556029356238,127.80146781187796,0.10000000000000001
1485,0,0.54049328787810191,0.10999234295415626,0.19875934056995836,-9.6659035874080586e-05,1000.164026276609,82.01313830448953,0.10000000000000001
1486,0,0.55045891554411952,0.10999162993848698,0.19920716752478992,-8.2790235282114469e-05,1000.2140212708307,107.0106354153495,0.10000000000000001
1487,0,0.5605585839202295,0.10999295450988694,0.19974020914518786,-8.3698429786654966e-05,1000.1296862155522,64.843107776084707,0.10000000000000001
1488,0,0.57053542580872429,0.10999139529090136,0.20006963911069339,-7.3960632175741893e-05,1000.1771878629535,88.593931476736998,0.10000000000000001
1489,0,0.58062507097361093,0.10999320461554704,0.20058730294796404,-7.1843281634344423e-05,1000.1035566122115,51.778306105745742,0.10000000000000001
1490,0,0.59061179580156775,0.1099915306494981,0.20086796983704169,-7.1559100193411304e-05,1000.1449418016497,72.470900824839646,0.10000000000000001
1491,0,0.60069282181105255,0.10999276647906052,0.20136917962011036,-6.9151557989396403e-05,1000.0824731733945,41.236586697266375,0.10000000000000001
1492,0,0.6106883570506213,0.10999194830840833,0.20164370303423573,-7.6719512610958708e-05,1000.1166679236908,58.333961845391968,0.10000000000000001
1493,0,0.62076183607754454,0.10999214990683484,0.20214975469698487,-7.4289539287018138e-05,1000.0633716557601,31.685827880039596,0.10000000000000001
1494,0,0.63076510724722845,0.10999200539133158,0.20246624738821944,-8.6731522300152896e-05,1000.0894301333134,44.71506665669267,0.10000000000000001
1495,0,0.64083242882233193,0.10999187875515536,0.20296578900520135,-8.7374705804914372e-05,1000.0436231215382,21.81156076909474,0.10000000000000001
1496,0,0.65084206965603819,0.10999163416168162,0.20336728668607251,-9.9635600566678166e-05,1000.0611259612398,30.562980619890823,0.10000000000000001
1497,0,0.66090466797384684,0.10999184581791682,0.20386861674985612,-0.00010395631733014727,1000.019427866365,9.71393318252467,0.10000000000000001
1498,0,0.67091952244747255,0.10999121095383863,0.20432742804911275,-0.00011056767718870094,1000.0301871271384,15.093563569223534,0.10000000000000001
1499,0,0.68097839080646949,0.10999164911775999,0.20487137164139119,-0.00011737634939698611,999.98865916394971,-5.670418025147228,0.10000000000000001
1500,0,0.69099791292614077,0.10999091053217221,0.20534221992315468,-0.00011975427981960469,999.99371682123501,-3.1415893824942032,0.10000000000000001
1501,0,0.70105355556965443,0.10999134464093845,0.20592165786492037,-0.00012246538480525985,999.95156814668178,-24.21592665911021,0.10000000000000001
1502,0,0.71107741842679628,0.10999061291830189,0.20640620123115963,-0.00012311772838659809,999.94967944050677,-25.160279746614833,0.10000000000000001
1503,0,0.72113039398305145,0.10999103113630235,0.20697565835076032,-0.00012036875746660083,999.90786901363288,-46.065493183562012,0.10000000000000001
1504,0,0.7311581223224497,0.10999030027830389,0.20747145004726458,-0.00011879042250750959,999.89889136159832,-50.554319200841746,0.10000000000000001
1505,0,0.74120912185015109,0.10999064332095787,0.20801924744132574,-0.00011305059051217285,999.85708486579585,-71.457567102072517,0.10000000000000001
1506,0,0.75124023722537847,0.10999002857793218,0.20850220182010518,-0.0001095494673236558,999.84247579859937,-78.762100700316751,0.10000000000000001
1507,0,0.76128980694803428,0.10999020864043629,0.20903376157369327,-0.00010269621572089074,999.80042680179122,-99.786599104390916,0.10000000000000001
1508,0,0.77132393369502383,0.10998976505628431,0.20950393483491944,-9.9578578039931785e-05,999.78117165479637,-109.41417260181652,0.10000000000000001
1509,0,0.78137248441275797,0.1099898787277625,0.21002400820915848,-9.451953119798212e-05,999.73936233825214,-130.31883087393226,0.10000000000000001
1510,0,0.79140917433984392,0.10998958920880114,0.21050084811789252,-9.2853184099357097e-05,999.71632156684814,-141.83921657593146,0.10000000000000001
1511,0,0.80145702255433759,0.10998964805506009,0.21103446859513053,-9.2136059338834682e-05,999.67492875993366,-162.53562003316802,0.10000000000000001
1512,0,0.8114959264962095,0.10998944182335438,0.211543212055401,-9.4271196376993056e-05,999.64909478636298,-175.45260681851005,0.10000000000000001
1513,0,0.82154336021226593,0.10998946914442102,0.21212854849225193,-9.8502309682179138e-05,999.6082419258305,-195.87903708475096,0.10000000000000001
1514,0,0.83158421394719373,0.10998928309283208,0.21270819467488125,-0.00010560410220307398,999.58011708055483,-209.94145972258593,0.10000000000000001
1515,0,0.84163149697467687,0.10998930945402721,0.21338045680114831,-0.00011478239072548587,999.54010963391852,-229.94518304074063,0.10000000000000001
1516,0,0.85167406978088456,0.10998913935197623,0.21407517405877316,-0.00012646451378470962,999.50989619803158,-245.05190098420826,0.10000000000000001
1517,0,0.86172143579116722,0.10998920740215061,0.21486818909431135,-0.000139602578304284,999.47066020465149,-264.66989767425275,0.10000000000000001
1518,0,0.87176544828891689,0.10998913201921669,0.21570828807119058,-0.00015418822457657948,999.43871963967661,-280.64018016169712,0.10000000000000001
1519,0,0.88181296510136842,0.10998921022959027,0.21665153723917865,-0.00016944589147762469,999.39980432403433,-300.09783798283252,0.10000000000000001
1520,0,0.89185815721767214,0.10998922380088351,0.21765164972980372,-0.00018480183728128245,999.36636612069833,-316.81693965083468,0.10000000000000001
1521,0,0.90190585824873115,0.10998933361302742,0.2187559587164811,-0.00019960222266558817,999.32753006373298,-336.23496813351039,0.10000000000000001
1522,0,0.91195200437375512,0.10998941886154759,0.2199190547236663,-0.0002136620415274354,999.29259107944017,-353.7044602799142,0.10000000000000001
1523,0,0.92199991212063637,0.10998961230531482,0.2211750644537398,-0.00022588840249347959,999.25381283599688,-373.09358200155884,0.10000000000000001
1524,0,0.93204678316693979,0.1099897781882828,0.222487312668775,-0.00023669578037069296,999.21759398308723,-391.20300845638667,0.10000000000000001
1525,0,0.94209489385876,0.10999003849765016,0.22387403849360321,-0.00024494306159866759,999.17887553468165,-410.56223265917424,0.10000000000000001
1526,0,0.95214227264306184,0.10999028098172044,0.2253063161695352,-0.00025165885846999234,999.14204668208492,-428.97665895753789,0.10000000000000001
1527,0,0.96219047192928642,0.10999060094381385,0.22679408797872358,-0.00025542232036744286,999.10370005479251,-448.14997260374412,0.10000000000000001
1528,0,0.9722381063373936,0.10999093497036533,0.22831251442573058,-0.00025816606594430351,999.06719754841004,-466.40122579498211,0.10000000000000001
1529,0,0.98228618402559009,0.1099913660643798,0.22986650370087694,-0.00025829076455332088,999.03009974547183,-484.95012726408504,0.10000000000000001
1530,0,0.99233380691959083,0.10999182574251225,0.23143927460067013,-0.00025785088910968042,998.99516903412109,-502.41548293945471,0.10000000000000001
1531,0,1.002381527373249,0.10999239659748934,0.23302897554999302,-0.00025617407656693228,998.9605153838146,-519.74230809270239,0.10000000000000001
1532,0,1.0124288805226183,0.10999297458030183,0.23462888687601866,-0.00025408853811309187,998.92860335742864,-535.69832128567896,0.10000000000000001
1533,0,1.0224760503144072,0.10999358547351192,0.23623467638196638,-0.00025263697679290376,998.8977644774485,-551.11776127574785,0.10000000000000001
1534,0,1.0325229704182142,0.10999414782734712,0.23784406910582392,-0.00025041597277694193,998.87026756279897,-564.866218600514,0.10000000000000001
1535,0,1.0425695304434095,0.10999466865710593,0.239456556670638,-0.00025060976140655895,998.84467628448033,-577.66185775983558,0.10000000000000001
1536,0,1.0526158893053013,0.10999522169642542,0.2410689197510702,-0.0002494748382307813,998.82266058454672,-588.66970772663763,0.10000000000000001
1537,0,1.0626617447734892,0.10999576424367974,0.2426875962294994,-0.00025144990016904098,998.80358021474092,-598.20989262954072,0.10000000000000001
1538,0,1.0727072317265001,0.1099964635851186,0.24430326793341656,-0.00025201255478554327,998.78765337348125,-606.17331325937585,0.10000000000000001
1539,0,1.0827521596796092,0.1099971546626413,0.24593059151484592,-0.00025446745784917386,998.77569366873365,-612.15316563317401,0.10000000000000001
1540,0,1.0927963804529004,0.10999800716982037,0.2475532891248966,-0.00025689201834135387,998.76608733532123,-616.95633233938452,0.10000000000000001
1541,0,1.1028401263029477,0.10999880949972758,0.24918707253916605,-0.00025792680359713465,998.76093279587428,-619.53360206285879,0.10000000000000001
1542,0,1.1128827929294371,0.10999964543934773,0.25081517191964842,-0.00026112212935087905,998.75754104606744,-621.22947696627762,0.10000000000000001
1543,0,1.1229251599370378,0.11000040255213112,0.25244405500488004,-0.00025869958608642303,998.75821255024846,-620.89372487577066,0.10000000000000001
1544,0,1.1329662914171912,0.110001045367457,0.25406482392339874,-0.00026074890125413403,998.76080160255788,-619.59919872106184,0.10000000000000001
1545,0,1.1430072035256618,0.11000173225647877,0.25566263347561896,-0.00025394986072253427,998.76582272740302,-617.0886362984902,0.10000000000000001
1546,0,1.1530470832217414,0.1100022223999907,0.25724732658565558,-0.00025160798498692481,998.77395355713634,-613.02322143183119,0.10000000000000001
1547,0,1.1630864246637689,0.1100029253638975,0.25877609263255186,-0.0002407283755803169,998.78181663163673,-609.09168418163517,0.10000000000000001
1548,0,1.1731253720062116,0.11000332246093047,0.26028021258629919,-0.00023099841437808496,998.79471593076073,-602.64203461963461,0.10000000000000001
1549,0,1.183162991833641,0.11000399040983749,0.26169271905949409,-0.00021722070583099398,998.80435325597944,-597.82337201028213,0.10000000000000001
1550,0,1.1932012774508796,0.11000430359682185,0.26306146615476106,-0.00019779605124181475,998.82089460582529,-589.55269708735614,0.10000000000000001
1551,0,1.2032371609208197,0.11000482563053583,0.26431244697498668,-0.00018281855789309068,998.83230935727875,-583.84532136062717,0.10000000000000001
1552,0,1.2132749033154442,0.11000508819659716,0.26548961828267759,-0.00015489809266391137,998.85109256601356,-574.45371699321868,0.10000000000000001
1553,0,1.223309317211162,0.11000533491413705,0.26654072949043123,-0.00013956825052417447,998.86508742184128,-567.45628907935952,0.10000000000000001
1554,0,1.233346512377737,0.11000560843232535,0.26748803889474038,-0.00010760845083950366,998.88498437046587,-557.50781476706379,0.10000000000000001
1555,0,1.2433800759689095,0.11000545139914136,0.26831462364628766,-9.1368938537643446e-05,998.90223669141858,-548.88165429071023,0.10000000000000001
1556,0,1.2534167062682076,0.11000579086736262,0.26902081345925877,-6.2580825570259454e-05,998.92268959988564,-538.65520005717826,0.10000000000000001
1557,0,1.2634501303787065,0.11000519101709511,0.26962019403957721,-4.3476241156561742e-05,998.9430889260924,-528.45553695379976,0.10000000000000001
1558,0,1.273486252809549,0.11000553322599402,0.2701044824328942,-2.3515965545863357e-05,998.96457907032436,-517.71046483781902,0.10000000000000001
1559,0,1.2835200007071828,0.11000466641446771,0.27049536906203153,1.3040353183334719e-06,998.98697638932811,-506.51180533594697,0.10000000000000001
1560,0,1.2935559307791176,0.11000488006811401,0.27080465319433766,8.8303062155250488e-06,999.01136911411993,-494.31544294003515,0.10000000000000001
1561,0,1.3035898513315085,0.11000411170342515,0.27102240827142515,3.8192620812050147e-05,999.03369175897922,-483.15412051039175,0.10000000000000001
1562,0,1.313626309508257,0.1100039900224484,0.27122122709852287,3.1791739379515148e-05,999.06358868304324,-468.20565847838225,0.10000000000000001
1563,0,1.3236595796794319,0.1100036725331105,0.27131454891880658,5.8416140057466179e-05,999.0830807763565,-458.45961182175188,0.10000000000000001
1564,0,1.3336977863092363,0.11000290910546556,0.27146852362787705,3.9960993290671404e-05,999.12003094823842,-439.98452588078862,0.10000000000000001
1565,0,1.343729191982443,0.11000322512483281,0.27149779502364552,5.4669864457500335e-05,999.13387145833735,-433.06427083132348,0.10000000000000001
1566,0,1.3537705566379667,0.11000166318812395,0.27165610988879607,3.3712237497126056e-05,999.1769423467897,-411.52882660514933,0.10000000000000001
1567,0,1.36379901243871,0.11000244820952286,0.27167721331049127,3.4484769943501673e-05,999.18340831409853,-408.29584295073573,0.10000000000000001
1568,0,1.3738446985726673,0.11000034694544318,0.27186476465530068,2.7233138131660408e-05,999.23011044411487,-384.94477794256454,0.10000000000000001
1569,0,1.3838696953022185,0.11000123365484078,0.27191239130487665,2.0206912640175915e-05,999.22999589487722,-385.00205256138997,0.10000000000000001
1570,0,1.3939199732958198,0.10999933782448142,0.27212236132536249,3.3715627169576972e-05,999.27763754324906,-361.18122837547162,0.10000000000000001
1571,0,1.4039416153101745,0.11000003286162852,0.27220780151689444,2.3386146088411712e-05,999.27445435135985,-362.77282432007496,0.10000000000000001
1572,0,1.4139955264621271,0.10999915276571683,0.27241360120362001,4.5136073984737014e-05,999.32051500706245,-339.74249646877297,0.10000000000000001
1573,0,1.4240143457526271,0.10999926843323908,0.27253030659237143,2.5863739027894595e-05,999.31755892243655,-341.22053878172665,0.10000000000000001
1574,0,1.4340702675074775,0.10999998138467575,0.27271334801664682,3.5515812316377406e-05,999.35933536578671,-320.33231710664722,0.10000000000000001
1575,0,1.4440867517094391,0.10999866191184522,0.27283210322248808,1.7591099431557773e-05,999.35515402052715,-322.42298973642392,0.10000000000000001
1576,0,1.4541441821527226,0.11000051316012122,0.27300820608037496,7.9786504658392137e-06,999.39157881398864,-304.21059300567777,0.10000000000000001
1577,0,1.4641588756471264,0.10999741063524668,0.27310124570874872,1.0800985939113953e-05,999.38141098427093,-309.29450786453572,0.10000000000000001
1578,0,1.4742192297652554,0.10999913152088538,0.27327197922217811,-3.873689477674221e-06,999.41349471070305,-293.25264464847578,0.10000000000000001
1579,0,1.4842327056031948,0.10999536639233562,0.27333745417281424,3.6507455990295119e-05,999.39574727130434,-302.1263643478278,0.10000000000000001
1580,0,1.4942979567007506,0.10999676898918252,0.27350778967367384,2.9416974804467761e-05,999.4294590654531,-285.27046727344896,0.10000000000000001
1581,0,1.5043088236077229,0.10999425802097909,0.27353515048208293,9.0062996542962238e-05,999.4046912213521,-297.65438932395227,0.10000000000000001
1582,0,1.5143799173182488,0.10999588541302036,0.27373301404013578,7.4489962044115877e-05,999.44959774922938,-275.20112538530839,0.10000000000000001
1583,0,1.5243837372243099,0.10999653103353907,0.27373172843220595,0.00012003774330509731,999.41765828063967,-291.17085968016454,0.10000000000000001
1584,0,1.5344605909119642,0.10999633964973993,0.27400812872100655,8.031292377802265e-05,999.47799856835525,-261.00071582237661,0.10000000000000001
1585,0,1.5444539854095669,0.11000013404462636,0.27401869145546709,8.9824347455810813e-05,999.43620808394621,-281.89595802689382,0.10000000000000001
1586,0,1.5545383880458565,0.10999511014970947,0.27443031139751306,5.3930103369191706e-05,999.50923444555303,-245.38277722348312,0.10000000000000001
1587,0,1.5645226594592256,0.10999952091770833,0.27452189080186401,3.9828892252728325e-05,999.45659039784243,-271.70480107878348,0.10000000000000001
1588,0,1.5746194304538546,0.10999119612824673,0.2750888072576137,4.0478215465168359e-05,999.54070344648176,-229.64827675912147,0.10000000000000001
1589,0,1.5845970750149621,0.10999465543370841,0.27532749562756248,1.8399079928964476e-05,999.48377274492304,-258.11362753847789,0.10000000000000001
1590,0,1.5947083306620058,0.10998930456049597,0.27600544565711765,5.5193794960359407e-05,999.58085161053691,-209.57419473154459,0.10000000000000001
1591,0,1.6046768271652554,0.10999215198646435,0.27646987858693894,2.1695201730323013e-05,999.53368219977688,-233.15890011156171,0.10000000000000001
1592,0,1.6147970484035186,0.10999437397136845,0.27719131926372492,1.8572635765226358e-05,999.64201794075598,-178.99102962201141,0.10000000000000001
1593,0,1.6247515906038554,0.1099931715970603,0.2779083001698322,-4.4328934308456509e-05,999.60788995889118,-196.05502055441093,0.10000000000000001
1594,0,1.6348756465543064,0.11000030234863273,0.2787690718962666,-0.00013902415951397201,999.72308212426083,-138.45893786958641,0.10000000000000001
1595,0,1.6448200689969699,0.10999032462407217,0.27962704987579012,-0.0002222985119408801,999.68638737332822,-156.8063133358919,0.10000000000000001
1596,0,1.6549523611735151,0.10999586155597563,0.28073864701912471,-0.00029483562810898439,999.80320077073543,-98.399614632285193,0.10000000000000001
1597,0,1.6649001443667928,0.10998058152210737,0.2817831477687518,-0.0003871481366439998,999.76398083680897,-118.00958159551556,0.10000000000000001
1598,0,1.6750446356007653,0.10998538470873251,0.28288283953101945,-0.00036367427068522161,999.86443734859449,-67.781325702753747,0.10000000000000001
1599,0,1.6850025200274446,0.10997158672353061,0.28436090962013588,-0.0004195796784534468,999.85054127340902,-74.729363295489293,0.10000000000000001
1600,0,1.6951493692327777,0.10998591421036287,0.28501220398441834,-0.0003670817297048598,999.90927905080105,-45.360474599476674,0.10000000000000001
1601,0,1.7051086985730197,0.10996905600792622,0.28706460159513075,-0.00035427105149809764,999.94666480557794,-26.667597211030625,0.10000000000000001
1602,0,1.7152444368325557,0.1099933108314245,0.28708354624176657,-0.00038673009326401116,999.9344519892428,-32.774005378598758,0.10000000000000001
1603,0,1.7252074460789226,0.10996541730803294,0.28949385148380719,-0.00041581450662011356,1000.0266104854817,13.30524274084155,0.10000000000000001
1604,0,1.7353248614755155,0.10999519054529434,0.28909938296667059,-0.00045039542537818014,999.91169767706674,-44.151161466629674,0.10000000000000001
1605,0,1.745314945890772,0.10994707555175712,0.29145621548107392,-0.00077300397312466556,1000.0502054109131,25.102705456561125,0.10000000000000001
1606,0,1.7554135624734559,0.10999155774412155,0.29112984165594452,-0.00056864053219845894,999.85408565664125,-72.957171679377097,0.10000000000000001
1607,0,1.7654437251180068,0.10992798991415167,0.29307887401861421,-0.0006968019619065023,1000.009506567722,4.7532838610209183,0.10000000000000001
1608,0,1.775516753660519,0.10997915194179933,0.29343555705359431,-0.00082721032423575043,999.78621081787446,-106.894591062769,0.10000000000000001
1609,0,1.7855848399225422,0.10993936916899985,0.29395559547320299,-0.0003505079974118338,999.93072864441865,-34.63567779067489,0.10000000000000001
1610,0,1.7956349686344295,0.10995954232025279,0.29678943425972809,-0.00053324522199888868,999.86247821244285,-68.760893778573973,0.10000000000000001
1611,0,1.8057229931696681,0.10997444743108901,0.2936595525566697,-9.0617507598191564e-05,999.8344941972,-82.752901399999246,0.10000000000000001
1612,0,1.8157630573748209,0.10999674772722284,0.29993701678246537,-0.00040503064499358688,1000.1529368910165,76.468445508226068,0.10000000000000001
1613,0,1.8257783639837271,0.11001863007899018,0.29401256174512064,-0.00063914217143817636,999.83604013975526,-81.97993012237248,0.10000000000000001
1614,0,1.8358626600724532,0.11011480282037485,0.30136362556543794,0.00025758543635955435,1000.5007781818009,250.38909090045536,0.10000000000000001
1615,0,1.8456699852790535,0.11001322729963674,0.29582525483516675,-0.0017034741288219871,999.73000631250443,-134.99684374778553,0.10000000000000001
1616,0,1.8558902936241739,0.1102253519567727,0.30248846071892543,-0.0011989866195415409,1000.7533352988817,376.66764944083297,0.10000000000000001
1617,0,1.8654150371834552,0.11006522044039922,0.29969092373860351,-0.001923870995494314,999.56476541239067,-217.61729380466477,0.10000000000000001
1618,0,1.8758508351192249,0.11015537425877875,0.30443022971876188,-0.0020879709570912736,1000.717557695443,358.77884772150992,0.10000000000000001
1619,0,1.8850860414533235,0.11013408292693663,0.30466274411292676,-0.0011063097399358825,999.35316025772488,-323.41987113755977,0.10000000000000001
1620,0,1.8958552474086732,0.11001854967980509,0.30416516191301651,-3.077707540891624e-05,1000.186874263436,93.437131718019373,0.10000000000000001
1621,0,1.9044226809054816,0.10997067858904153,0.30463323920921453,0.0019412585051199964,999.70902787140562,-145.48606429718802,0.10000000000000001
1622,0,1.9194565922623732,0.10992318277006856,0.29842217405851462,0.006350297338187599,1000.2316143177954,115.80715889772364,0.10000000000000001
1623,0,1.9194532212728692,0.11002140033739735,0.29841295028835318,0.0065244546470493905,1000.2320988076623,116.04940383114126,0.10000000000000001
1624,0,1.9424529352850939,0.11208981894707547,0.25843004239183748,0.0037356160840592689,1000.1567960047746,78.398002387302768,0.10000000000000001
1625,0,1.9424485833844067,0.11219009834232541,0.25847876895959154,0.0037905923249774215,1000.1556933295208,77.846664760386375,0.10000000000000001
1626,0,1.9515407053199729,0.11284945985249614,0.26654828519289397,0.0012209611639020575,999.87755670080662,-61.221649596689076,0.10000000000000001
1627,0,1.9698232651412095,0.1095808389577449,0.24373135537145066,0.0036800119572691237,1000.012688147629,6.3440738144890929,0.10000000000000001
1628,0,1.9697602411757498,0.10921517910730927,0.24372706457322912,0.0035637534057781318,1000.0189813805631,9.4906902815523608,0.10000000000000001
1629,0,0.17150811425085694,0.11834507901086162,0.21307636102004116,0.0059273744775560477,1000.0376068432215,18.803421610755322,0.10000000000000001
1630,0,0.17160640826718315,0.11762507354938627,0.21384502862353347,0.0055988613942660999,1000.0336663110254,16.833155512699705,0.10000000000000001
1631,0,0.18873658255412645,0.12011565953052432,0.20536107292415665,0.0010175710475037144,999.81329721278496,-93.351393607520095,0.10000000000000001
1632,0,0.19993727043011733,0.12219552970381513,0.20233499112136594,0.0010636237348158922,1000.0585983786362,29.299189318123808,0.10000000000000001
1633,0,0.19986980412697292,0.1229217505978614,0.20217673535517713,0.0015106512533705151,1000.0626128325559,31.306416277971039,0.10000000000000001
1634,0,0.22347022678367245,0.12037044247690817,0.17965389265638898,0.0087912449412025084,1000.3365204308186,168.26021540930469,0.10000000000000001
1635,0,0.22349999491352129,0.12013148218995744,0.17978858013566576,0.0082987237326013832,1000.3374322351879,168.7161175939309,0.10000000000000001
1636,0,0.23845811784740328,0.11978594714624408,0.17916161706322037,7.6251718578529347e-05,1000.0026907517037,1.3453758518267023,0.10000000000000001
1637,0,0.2470860149490044,0.11964686804001623,0.17725146839514155,-0.003046688120220028,1000.5779298137388,288.96490686940979,0.10000000000000001
1638,0,0.2582241291294603,0.11968986775697013,0.17880896152652651,-0.0029362728031197306,1000.051387355422,25.693677710989959,0.10000000000000001
1639,0,0.26769908361377848,0.11974262176940006,0.18079768414134817,-0.0032895087937705432,1000.419672637165,209.83631858251783,0.10000000000000001
1640,0,0.27849429432956713,0.11965081175653577,0.18230672195405276,-0.0015263943809407606,999.8109340585163,-94.532970741852296,0.10000000000000001
1641,0,0.28805151342994922,0.11985325723120617,0.18295309632123918,-0.0015256359241762852,1000.570420571911,285.21028595548614,0.10000000000000001
1642,0,0.29878113058480066,0.11977463285300607,0.18582094526431406,-0.0013042284526400046,999.77069270236075,-114.65364881962614,0.10000000000000001
1643,0,0.30838789356536495,0.11991196164799628,0.18285612117808406,-0.00080856549309663874,1000.7094599504165,354.72997520827221,0.10000000000000001
1644,0,0.31895632944435193,0.1198152633794118,0.1879051085713444,-0.00040032925758625343,999.91560922684619,-42.195386576906913,0.10000000000000001
1645,0,0.32865982772678842,0.11996356706490646,0.18317673311969951,-0.00047896969059249003,1000.6051121964354,302.55609821767848,0.10000000000000001
1646,0,0.33907663099711804,0.11984727325942401,0.18781543093678163,-0.00034848230982870279,1000.1464838166953,73.241908347654316,0.10000000000000001
1647,0,0.34885150635148221,0.1199665086747609,0.18425006369079316,-0.00018909170355672653,1000.5237815841868,261.89079209342481,0.10000000000000001
1648,0,0.35918020549494639,0.11989713117114105,0.1872464586945374,-0.00019594321793873828,1000.3026981924637,151.34909623185422,0.10000000000000001
1649,0,0.36897931647353854,0.11996930513238344,0.18542594334400803,-0.00022316414898535547,1000.4864815723706,243.24078618531075,0.10000000000000001
1650,0,0.37926938176038061,0.11991626735026588,0.18705901484196014,-0.00012172054784980114,1000.3697525157604,184.87625788020523,0.10000000000000001
1651,0,0.38909607172322613,0.11996591415822162,0.18653374857647548,-0.0002213529848251636,1000.4744181468637,237.20907343187037,0.10000000000000001
1652,0,0.39934388992494146,0.11993271468781626,0.18748012546253809,-0.00015910652600587973,1000.3939113271751,196.95566358757333,0.10000000000000001
1653,0,0.40920615002363819,0.11996795495992993,0.18776267274138722,-0.00025221730279902625,1000.4659064812626,232.95324063127509,0.10000000000000001
1654,0,0.41941327583019605,0.11994647596747453,0.18822309340406651,-0.00027265878150956095,1000.4071877005646,203.59385028228871,0.10000000000000001
1655,0,0.42930564110294334,0.11996868194899216,0.1891940748608229,-0.00027466855101803875,1000.4449650261131,222.48251305654776,0.10000000000000001
1656,0,0.43948443521843256,0.119958968057087,0.18928770978785964,-0.00030642232438707573,1000.3951794725236,197.58973626181842,0.10000000000000001
1657,0,0.44939130439267805,0.11997201024290688,0.19060093224798597,-0.00028804757981861813,1000.4171353630393,208.56768151963934,0.10000000000000001
1658,0,0.45955602273380902,0.1199708069077844,0.19069813081664447,-0.00028532598638667949,1000.3538935037431,176.94675187152598,0.10000000000000001
1659,0,0.46946813641946178,0.11997796550243857,0.19186131947851631,-0.00027529428579488232,1000.3925344577809,196.26722889046277,0.10000000000000001
1660,0,0.47962206752753078,0.11997876757207984,0.19227114475852669,-0.00026494499935220882,1000.3002320738617,150.11603693085362,0.10000000000000001
1661,0,0.48954335174966462,0.11998358705312585,0.19309076051060015,-0.00026237901715258646,1000.3619426447286,180.97132236431435,0.10000000000000001
1662,0,0.49968238703473739,0.11998401272636258,0.19372301512077195,-0.00025572792612761408,1000.2522888563176,126.14442815879556,0.10000000000000001
1663,0,0.50961939031149428,0.119985205314978,0.19434652812964681,-0.00025549920502056076,1000.3190978067179,159.54890335893879,0.10000000000000001
1664,0,0.51974093733501325,0.11998700140219827,0.19496904173909899,-0.00023931657057248794,1000.2132668954845,106.63344774224015,0.10000000000000001
1665,0,0.52969576206739,0.11998548667542575,0.19551100943748007,-0.00025000830241462483,1000.2717055459859,135.85277299296195,0.10000000000000001
1666,0,0.5398010823024787,0.11998811696853576,0.1960789482851846,-0.00022549351379852676,1000.1780923802228,89.046190111389478,0.10000000000000001
1667,0,0.54977130600855806,0.11998618250961973,0.1965007248920346,-0.00023668566963714092,1000.2280802387701,114.040119385038,0.10000000000000001
1668,0,0.55986388682947508,0.11998792401231473,0.19704366815622126,-0.00021346244674593886,1000.147183311799,73.591655899519992,0.10000000000000001
1669,0,0.56984565099161499,0.11998674002685165,0.19737601389039616,-0.00022302227344050024,1000.1893812244131,94.690612206534297,0.10000000000000001
1670,0,0.57992920332517384,0.11998783767926427,0.19787202835755799,-0.00020102773779881239,1000.1209846111308,60.49230556538987,0.10000000000000001
1671,0,0.58991922899759441,0.11998637308256228,0.19817534795699304,-0.00021375255621660283,1000.1567307841974,78.365392098703524,0.10000000000000001
1672,0,0.5999963116891639,0.11998791659224253,0.19864149123335798,-0.00019566839038847382,1000.09832114187,49.160570934986936,0.10000000000000001
1673,0,0.60999286479989012,0.11998590323979705,0.19894267438887192,-0.00021138219283355796,1000.1291868949801,64.593447490040035,0.10000000000000001
1674,0,0.62006448950790738,0.11998751855090191,0.19941681373371056,-0.00019772070111928665,1000.0778656869311,38.932843465545375,0.10000000000000001
1675,0,0.63006728227730779,0.11998568828720828,0.19974761478760678,-0.00021669174020991973,1000.1033136183286,51.656809164285278,0.10000000000000001
1676,0,0.64013343835087011,0.11998690570783277,0.20023407262829648,-0.00020733082321734329,1000.0576852879952,28.842643997620598,0.10000000000000001
1677,0,0.65014257442261614,0.11998536379149165,0.20062884938736084,-0.00022345443288359073,1000.0760354697203,38.017734860147812,0.10000000000000001
1678,0,0.66020342978877256,0.11998640404194796,0.20113692629732702,-0.00022189767451389348,1000.034074198634,17.037099317008142,0.10000000000000001
1679,0,0.67021859345868129,0.11998492836834471,0.20158022103546203,-0.00023052304684109524,1000.0452586754866,22.629337743296674,0.10000000000000001
1680,0,0.68027485471608518,0.11998590307553897,0.20212906443327222,-0.00023368011128695705,1000.004746972427,2.3734862135142976,0.10000000000000001
1681,0,0.69029516480178876,0.11998445100767331,0.20259805828295605,-0.00023828607819512595,1000.0085589858392,4.2794929195792974,0.10000000000000001
1682,0,0.70034800228338578,0.11998535384901905,0.2031684954491485,-0.000238176175055601,999.96894042190172,-15.529789049139708,0.10000000000000001
1683,0,0.71037247799148162,0.11998399957704373,0.20366289727073403,-0.00024253384719163956,999.96482969098395,-17.585154508026335,0.10000000000000001
1684,0,0.72042290324038549,0.11998474409874539,0.20421945870167091,-0.00023823475650197858,999.92585002276337,-37.074988618314819,0.10000000000000001
1685,0,0.73045081782256938,0.11998356158323782,0.20472448590008563,-0.00023994603117035487,999.91491707932073,-42.541460339634796,0.10000000000000001
1686,0,0.74049960520761571,0.11998403952949979,0.20526192565842791,-0.00023457384593833047,999.8753327950426,-62.333602478702232,0.10000000000000001
1687,0,0.75053048760410912,0.11998308880172602,0.2057501645594314,-0.00023433258902024281,999.85952839738991,-70.235801305045698,0.10000000000000001
1688,0,0.76057822282867327,0.11998336151621866,0.20627353718950664,-0.00022908386456681651,999.81891206542457,-90.543967287715077,0.10000000000000001
1689,0,0.77061169779393857,0.11998260082078668,0.20674321590946471,-0.00022933857338784636,999.79921230933155,-100.39384533422435,0.10000000000000001
1690,0,0.78065865543609936,0.11998289804031394,0.20725738382326608,-0.00022730049697548618,999.75822943335857,-120.88528332071746,0.10000000000000001
1691,0,0.79069446015314837,0.11998229530273144,0.20772838184878076,-0.00023025540823220172,999.73515468710889,-132.42265644555573,0.10000000000000001
1692,0,0.8007407923292017,0.11998256872991796,0.20825535201542691,-0.00023430059321145327,999.69441765363979,-152.79117318010549,0.10000000000000001
1693,0,0.81077871584042649,0.11998211485876854,0.20875581734190643,-0.00024320917116993097,999.66864670908683,-165.67664545658545,0.10000000000000001
1694,0,0.82082461974285081,0.11998229897559493,0.20933199924113224,-0.00025455929827389014,999.6284892144688,-185.75539276559994,0.10000000000000001
1695,0,0.83086444962956696,0.11998194371605858,0.20990227405653655,-0.00027138926357132208,999.60042090088075,-199.78954955962536,0.10000000000000001
1696,0,0.84091024942026737,0.11998202187198745,0.21056347019733768,-0.00029030070272757715,999.56113316731467,-219.43341634266744,0.10000000000000001
1697,0,0.85095177058733296,0.11998176366257589,0.21124794531485766,-0.0003141951954866725,999.53099648633577,-234.50175683211683,0.10000000000000001
1698,0,0.86099766843882108,0.11998191083649222,0.21202952487777113,-0.00033951816201248836,999.49245425802656,-253.77287098672241,0.10000000000000001
1699,0,0.87104058218513447,0.11998179071446712,0.21285933285402064,-0.0003676910741377888,999.46062084711605,-269.68957644197644,0.10000000000000001
1700,0,0.88108668292414483,0.11998202426749892,0.21379105300744342,-0.0003963266979434286,999.42238978486625,-288.80510756687272,0.10000000000000001
1701,0,0.89113074401058845,0.11998206313631021,0.21478250882736222,-0.00042564058566261034,999.38911282087486,-305.44358956257156,0.10000000000000001
1702,0,0.90117708205446134,0.11998236100514247,0.21587556193249907,-0.00045339672185759866,999.35089407823045,-324.55296088477326,0.10000000000000001
1703,0,0.91122209191390036,0.11998255525465254,0.21703149636136573,-0.00048032467901813449,999.31620853470599,-341.89573264700357,0.10000000000000001
1704,0,0.92126870243859671,0.11998294595268963,0.21827779769173827,-0.00050410736346177256,999.27790137395357,-361.04931302321575,0.10000000000000001
1705,0,0.93131448043583565,0.1199833048597605,0.21958362478497045,-0.00052577453667766315,999.24201224351566,-378.99387824217001,0.10000000000000001
1706,0,0.94136136903278966,0.11998380831843825,0.22096251865503116,-0.00054365726306313553,999.20367343884516,-398.16328057742112,0.10000000000000001
1707,0,0.95140772401975227,0.1199843181676222,0.22238849420398535,-0.00055925475192812005,999.16714685269415,-416.42657365292735,0.10000000000000001
1708,0,0.9614548295344626,0.11998500107147801,0.22387021010646549,-0.00057084826421604498,999.12922750925918,-435.3862453704096,0.10000000000000001
1709,0,0.97150152498975539,0.11998571003208215,0.22538162366952363,-0.00058102941637172892,999.09288490539598,-453.5575473020117,0.10000000000000001
1710,0,0.98154869349641383,0.11998660087626099,0.22693098730815095,-0.00058767420304454575,999.05628774333582,-471.85612833209234,0.10000000000000001
1711,0,0.9915954644477234,0.11998754359125481,0.22849594352989588,-0.00059368028826810673,999.02127255356618,-489.36372321691124,0.10000000000000001
1712,0,1.0016424645190718,0.11998866749042672,0.23008122724704161,-0.00059771850104479941,998.98715082048113,-506.42458975943327,0.10000000000000001
1713,0,1.0116890256758519,0.1199898086592445,0.23167352803094074,-0.00060145781071942607,998.95500749374889,-522.49625312555281,0.10000000000000001
1714,0,1.0217356503631101,0.11999099657797682,0.23327352574217369,-0.00060526064945906871,998.92459090869681,-537.70454565159298,0.10000000000000001
1715,0,1.0317819279882552,0.11999209335881941,0.23487705855593072,-0.00060824801330922734,998.89695571329457,-551.5221433527131,0.10000000000000001
1716,0,1.0418281378157286,0.11999316331659068,0.23648086405144714,-0.00061294611061702645,998.87141699343056,-564.29150328472133,0.10000000000000001
1717,0,1.0518741474981468,0.11999425803785427,0.23809007902293125,-0.00061549821846273577,998.84959048978396,-575.20475510801816,0.10000000000000001
1718,0,1.061919792089608,0.11999538115713335,0.23969714054526783,-0.00062023335026466968,998.82992785939553,-585.03607030223748,0.10000000000000001
1719,0,1.0719653018311344,0.11999671300307861,0.24131205520114965,-0.00062165302114772789,998.81459311116248,-592.70344441875977,0.10000000000000001
1720,0,1.0820100497854461,0.11999804374779344,0.24292706215638951,-0.00062386953584874416,998.80144616162772,-599.27691918613846,0.10000000000000001
1721,0,1.0920546390945525,0.11999963333602977,0.24454864581145377,-0.00062346844426214895,998.79267392903387,-603.66303548306632,0.10000000000000001
1722,0,1.1020982076153019,0.12000113674457873,0.24617421333980832,-0.00062091040795493688,998.78630353081735,-606.84823459132531,0.10000000000000001
1723,0,1.1121415010592737,0.12000274705013383,0.24779734984085611,-0.00061783884769688675,998.78348213371089,-608.2589331445547,0.10000000000000001
1724,0,1.122183885034812,0.12000416975303878,0.24942610431707934,-0.00060871556277876306,998.78366366110015,-608.16816944992524,0.10000000000000001
1725,0,1.1322257482495799,0.12000546881361984,0.25103567853021969,-0.00060189717430503015,998.78573381855301,-607.13309072349375,0.10000000000000001
1726,0,1.1422671821002588,0.12000671632093617,0.25264310182066207,-0.00058565173025107594,998.7916029184122,-604.19854079390234,0.10000000000000001
1727,0,1.1523076364474314,0.12000771110973243,0.25421208971831455,-0.00057289283782592721,998.79763530868252,-601.18234565874218,0.10000000000000001
1728,0,1.1623482157707679,0.12000894771562419,0.25575575290646091,-0.00055055131586182761,998.80773370699831,-596.13314650084703,0.10000000000000001
1729,0,1.1723873274851495,0.12000972223387346,0.25724591732409879,-0.00053072813003808984,998.81733255071458,-591.33372464270906,0.10000000000000001
1730,0,1.1824268828460534,0.12001091200718092,0.25867098319361842,-0.00050488398982949986,998.82983536264715,-585.08231867642735,0.10000000000000001
1731,0,1.1924649647322492,0.12001149550653339,0.26003577757162155,-0.00047754916352226075,998.84312477594244,-578.43761202877886,0.10000000000000001
1732,0,1.2025031675910687,0.1200124719783994,0.26128764335845783,-0.00045105377882676505,998.85633900878634,-571.8304956068323,0.10000000000000001
1733,0,1.2125407824343608,0.12001293728192965,0.26247732125535528,-0.00041791658581087637,998.87357997073411,-563.21001463294351,0.10000000000000001
1734,0,1.2225772513323625,0.12001341116603337,0.26351421246075818,-0.0003913376018213888,998.88649576902071,-556.75211548964398,0.10000000000000001
1735,0,1.2326150973834207,0.12001379648161115,0.26448852098493109,-0.00035454767493894396,998.90782637657355,-546.0868117132236,0.10000000000000001
1736,0,1.2426496774431477,0.12001356488423282,0.26529104994769714,-0.00032654282964825486,998.9206055037788,-539.69724811059905,0.10000000000000001
1737,0,1.252688305197738,0.12001393016727446,0.26602596218459196,-0.00028968435732948812,998.94544771246024,-527.27614376988186,0.10000000000000001
1738,0,1.2627212959257974,0.12001298539610343,0.26660511455301011,-0.00025918240980152361,998.95962315698057,-520.18842150971523,0.10000000000000001
1739,0,1.272760767341135,0.12001331351284263,0.26710263297103959,-0.00022667055299872572,998.98645159646412,-506.7742017679393,0.10000000000000001
1740,0,1.2827929611431259,0.12001194445363214,0.26749130551160283,-0.00019431627485573942,999.0039108299917,-498.04458500415194,0.10000000000000001
1741,0,1.2928326589804491,0.12001205618195958,0.26778460926325975,-0.000170463388076168,999.03069441229502,-484.65279385249005,0.10000000000000001
1742,0,1.3028652047859357,0.12001074372510295,0.26802702074731471,-0.0001375593702216907,999.05244553465718,-473.77723267140937,0.10000000000000001
1743,0,1.3129041057085695,0.12001027911021778,0.26817893968084328,-0.00012221577726354173,999.07803964417485,-460.98017791257462,0.10000000000000001
1744,0,1.3229380564141322,0.12000952992843618,0.26831989454880273,-8.8907696405816214e-05,999.10327294765762,-448.36352617119246,0.10000000000000001
1745,0,1.3329754309537782,0.12000799118176229,0.26840825851564792,-7.8561852720173371e-05,999.12862608409614,-435.6869579519298,0.10000000000000001
1746,0,1.3430111851148356,0.12000816197328018,0.2684895212577203,-4.7360733628459659e-05,999.15466634590734,-422.66682704632785,0.10000000000000001
1747,0,1.3530474758229687,0.12000555638469224,0.26858564088050374,-4.3979069537328071e-05,999.18278102677846,-408.60948661077146,0.10000000000000001
1748,0,1.3630840856803952,0.12000652629473375,0.26863935886555668,-2.3195813783009401e-05,999.20510884331463,-397.44557834268335,0.10000000000000001
1749,0,1.373121287311891,0.12000346204017585,0.26879131127542466,-3.2632323689329452e-05,999.23958474445169,-380.20762777415484,0.10000000000000001
1750,0,1.3831563219891487,0.12000455277592145,0.26883595479950206,-3.0582321620128804e-05,999.25271617346937,-373.64191326531682,0.10000000000000001
1751,0,1.3931975291839607,0.12000224864716201,0.26905235964611096,-4.9111442049127742e-05,999.29499703781892,-352.5014810905418,0.10000000000000001
1752,0,1.4032275852355176,0.12000258243269439,0.26910050106698807,-5.6646351673259733e-05,999.29556493964117,-352.21753017941637,0.10000000000000001
1753,0,1.4132755907458492,0.12000199553761369,0.26934874976540757,-6.6423750323321877e-05,999.34284612058968,-328.57693970515811,0.10000000000000001
1754,0,1.4232976791711496,0.12000100839430723,0.26940929715272288,-6.3718349615879476e-05,999.3326120861966,-333.69395690169767,0.10000000000000001
1755,0,1.4333537292597767,0.12000230105483421,0.26965105835806563,-5.3384851370702997e-05,999.38008992135451,-309.9550393227446,0.10000000000000001
1756,0,1.443366954917737,0.11999991188727321,0.26972249842115886,-3.1289332202704708e-05,999.36531034887935,-317.34482556032617,0.10000000000000001
1757,0,1.4534304333267523,0.12000199270880443,0.26992735437058535,-1.3569677521248257e-05,999.40828651261268,-295.85674369366188,0.10000000000000001
1758,0,1.4634371817678291,0.11999837001379847,0.27001218402463301,3.7956579086400521e-06,999.39666646119917,-301.6667694004127,0.10000000000000001
1759,0,1.4735059834793698,0.11999991421300053,0.27016099153397294,5.0988553386564607e-06,999.43096739999282,-284.51630000358819,0.10000000000000001
1760,0,1.4835114539000878,0.11999606595474942,0.27026749397632238,1.2536355115086859e-05,999.42664582128941,-286.6770893552939,0.10000000000000001
1761,0,1.4935818785986308,0.11999676381619129,0.27036710508150114,-8.1371603354252516e-06,999.45037490489403,-274.81254755298323,0.10000000000000001
1762,0,1.5035906086463042,0.11999528877635342,0.27047603931913761,1.4186149797589727e-05,999.44890406422508,-275.54796788746216,0.10000000000000001
1763,0,1.5136578141780979,0.11999562692133656,0.27057680616844282,3.0462869513183494e-06,999.46710552218144,-266.44723890927935,0.10000000000000001
1764,0,1.5236702880644013,0.11999772451253993,0.27067430053827563,6.6457486590011533e-05,999.46008249142494,-269.95875428752925,0.10000000000000001
1765,0,1.5337317075878725,0.11999725974989596,0.27084155856311731,7.2701150828304132e-05,999.48502536005378,-257.4873199731087,0.10000000000000001
1766,0,1.5437452995157044,0.12000043158703547,0.27095020826823124,0.00015531878837865581,999.46785000316015,-266.07499841992421,0.10000000000000001
1767,0,1.553804491323461,0.1199967477155978,0.27125165151914415,0.00014202627915850026,999.51333651499033,-243.3317425048358,0.10000000000000001
1768,0,1.5638163257464657,0.11999801508613162,0.27141035366182242,0.0001763093082748897,999.48477843003661,-257.61078498169354,0.10000000000000001
1769,0,1.5738834899616339,0.11999050357792895,0.27190110673902251,0.00011391631125963058,999.55768801643126,-221.15599178437151,0.10000000000000001
1770,0,1.5838882512623327,0.11999202297710128,0.27215196522994567,7.7083815764204485e-05,999.51732980184215,-241.33509907892403,0.10000000000000001
1771,0,1.5939733016331961,0.11998537808910412,0.27283323150895872,-4.4912846451810988e-06,999.61281925941682,-193.59037029158799,0.10000000000000001
1772,0,1.6039595563256179,0.11999138532420706,0.27325788880153928,-3.3435483707330423e-05,999.56251388307828,-218.74305846085917,0.10000000000000001
1773,0,1.6140658680886866,0.1199894775878752,0.27402315465514687,-7.7943748091490511e-05,999.66806574937721,-165.96712531139701,0.10000000000000001
1774,0,1.624022990945944,0.11999596944901593,0.27472123930202608,-3.5234635117965071e-05,999.62038202116389,-189.80898941805435,0.10000000000000001
1775,0,1.6341502370639218,0.11999564572976394,0.27554664638942561,-3.4663926318672988e-05,999.7269131554566,-136.54342227169991,0.10000000000000001
1776,0,1.6440820975044657,0.11999058993141781,0.27649634003842383,8.6438334782999461e-06,999.69861914864498,-150.69042567751012,0.10000000000000001
1777,0,1.6542297607702272,0.11998878983086993,0.2774597791632733,1.773060701095761e-06,999.79568348636337,-102.15825681831348,0.10000000000000001
1778,0,1.664155362110868,0.11996980603879298,0.27861118613834102,-5.435973701467478e-05,999.79305027530302,-103.47486234849157,0.10000000000000001
1779,0,1.6743163437146888,0.11997261607285108,0.27962148817050259,-0.00012232761553417068,999.86786851454951,-66.065742725243126,0.10000000000000001
1780,0,1.6842485221388488,0.11995612253228034,0.28110333962146439,-0.00021522815610949573,999.88789292560989,-56.053537195055014,0.10000000000000001
1781,0,1.6944073264284123,0.11996922209247593,0.28183514291805067,-0.00027695934271172967,999.9288924869885,-35.553756505748879,0.10000000000000001
1782,0,1.7043436013920039,0.11996056982854798,0.2838078568464914,-0.00024702719393904362,999.97518695191775,-12.406524041125522,0.10000000000000001
1783,0,1.7144923097625762,0.11997929653281086,0.28399120996095573,-0.00020715957576088672,999.97622346202661,-11.888268986695039,0.10000000000000001
1784,0,1.7244289139516202,0.11996386759063735,0.2863104564264124,1.9893327056353612e-05,1000.0646727499492,32.336374974590854,0.10000000000000001
1785,0,1.7345751647426664,0.11998546403843884,0.2861125238970233,9.0493660222348311e-05,1000.0445418457426,22.270922871314269,0.10000000000000001
1786,0,1.7445144666193453,0.11995392623946685,0.28831576434720052,0.0005415250543403206,1000.1583467535988,79.173376799417383,0.10000000000000001
1787,0,1.7546702084135364,0.11998279979715465,0.2882441771056517,0.00040168297822281806,1000.1755429396105,87.771469805261404,0.10000000000000001
1788,0,1.7646072206923749,0.11993538113671372,0.28963139308507746,0.00031951383729812775,1000.2214970302408,110.74851512040595,0.10000000000000001
1789,0,1.7747716051027709,0.11998835332589988,0.29029770983775433,-5.4097036282466595e-05,1000.3001868975552,150.09344877762487,0.10000000000000001
1790,0,1.7847256733537007,0.11991866066421285,0.29069741670380728,-0.00035497282951480787,1000.2743539902057,137.1769951028341,0.10000000000000001
1791,0,1.7948645523796811,0.11997579389290294,0.29267664880038718,-0.0012480922596788166,1000.3032675099544,151.63375497718334,0.10000000000000001
1792,0,1.8048822239877149,0.1199065809069355,0.2913512635402466,-0.0011502327561514235,1000.1926080399344,96.304019967192289,0.10000000000000001
1793,0,1.8149655296211762,0.1199886695892278,0.29514665029965809,-0.0010238591710833894,1000.206384078904,103.19203945198296,0.10000000000000001
1794,0,1.8250252500692885,0.1199660658480429,0.2918273127063109,-0.00138724941296261,999.94636832712683,-26.81583643658314,0.10000000000000001
1795,0,1.8350824740143097,0.12003289090426573,0.29738742008961366,-0.0012333179807309678,1000.1800040822646,90.002041132322574,0.10000000000000001
1796,0,1.8450143482352179,0.1201025752419593,0.29192266994348604,-0.0015830929355473377,999.57234598138029,-213.82700930985266,0.10000000000000001
1797,0,1.8552527859286083,0.12014467508882704,0.29948881985354525,-0.0017904853283315268,1000.4689632974465,234.48164872326061,0.10000000000000001
1798,0,1.8647922566900097,0.12018447052033487,0.29501844912516384,-0.003186558582927288,999.27266710297886,-363.66644851057117,0.10000000000000001
1799,0,1.8754114859400695,0.12026772368713456,0.30260989031540719,-0.0027629315827121907,1000.7916038542269,395.80192711343898,0.10000000000000001
1800,0,1.8846579755670505,0.1200218404897518,0.30100567769852765,-0.0021208135547710642,999.5169706291075,-241.51468544624777,0.10000000000000001
1801,0,1.8959649233383633,0.12018158895006618,0.30513789795016921,0.0010749959222345325,1001.0080161854883,504.0080927441295,0.10000000000000001
1802,0,1.904369812200303,0.1202197527078963,0.30343146558738665,0.0063979162541590974,999.7293605245867,-135.31973770665218,0.10000000000000001
1803,0,1.91912550657595,0.1200330959948937,0.29520870716529629,0.011327957748107714,1000.2221401035019,111.07005175097129,0.10000000000000001
1804,0,1.919127481530702,0.12025203423346673,0.29520805010377865,0.011714094365861022,1000.2233882691373,111.6941345686655,0.10000000000000001
1805,0,1.9419386161548704,0.12427290340384768,0.25836606327614237,0.0052469531153108489,1000.1477142300963,73.857115048156174,0.10000000000000001
1806,0,1.9419460257706518,0.12361477849172305,0.25868486269932173,0.0047816516584708608,1000.1375697640882,68.784882044099049,0.10000000000000001
1807,0,1.9530814817963811,0.12097597710567171,0.27262871925066107,0.0073554884135535372,1000.1782198169459,89.109908472948973,0.10000000000000001
1808,0,1.970417049033715,0.1173828984241799,0.24555579266089184,0.0059601672602342393,999.99607069712579,-1.964651437106113,0.10000000000000001
1809,0,1.9703955916535796,0.11806047696864617,0.24588553744195915,0.0062184286956594665,999.99994653227486,-0.026733862569017219,0.10000000000000001
1810,0,0.17049078933052991,0.12953769400298706,0.20024668351703331,0.0071138463966776439,1000.0368410936026,18.42054680128058,0.10000000000000001
1811,0,0.17087470196349352,0.12648147726431275,0.20266416379879812,0.0077071307219513038,1000.0674101866076,33.705093303808553,0.10000000000000001
1812,0,0.18513162674224026,0.13167252938392174,0.19839095874872986,0.0014090912973792344,1000.1276049904378,63.802495218908462,0.10000000000000001
1813,0,0.19812308683120869,0.1348906110833788,0.20505823261524833,0.01564136898463105,1000.2711861503482,135.5930751740857,0.10000000000000001
1814,0,0.19827077960469669,0.13451713362703002,0.20577292535364272,0.015272597041623077,1000.28063914784,140.31957392001004,0.10000000000000001
1815,0,0.22122800731329864,0.13072659532733288,0.17017501470748594,0.011042714206219681,1000.3770625713289,188.53128566445321,0.10000000000000001
1816,0,0.22135718058619816,0.13030311638122866,0.17114748132039725,0.010358536392377909,1000.3714056836506,185.7028418252753,0.10000000000000001
1817,0,0.23655772506543071,0.12969494527301487,0.16858095740959791,0.0041490089562958498,999.64087285437756,-179.56357281121882,0.10000000000000001
1818,0,0.2454022906516567,0.12934007323808414,0.17236781781730326,-0.0037459232894917018,1000.6535849124181,326.7924562090343,0.10000000000000001
1819,0,0.25696967849422053,0.12942518093897876,0.17407482009270761,-0.0057010910328283045,999.40305355357054,-298.47322321472802,0.10000000000000001
1820,0,0.26651139248207539,0.12946220228922165,0.17605197878039142,-0.0075724908035621919,1000.8977878079752,448.89390398759588,0.10000000000000001
1821,0,0.27754888809837758,0.12967654753075705,0.17980457756647436,-0.006994868392628562,999.56141479619941,-219.29260190029254,0.10000000000000001
1822,0,0.28707725987746491,0.12968065029095915,0.17837047210269799,-0.0050642379501496136,1000.8416432827614,420.82164138071221,0.10000000000000001
1823,0,0.29781899397224232,0.1296969004063038,0.18259493211025196,-0.0035596180595505521,999.82866296758664,-85.668516206681034,0.10000000000000001
1824,0,0.30738358651253922,0.12977465628021995,0.17917166694604694,-0.0020351103274290462,1000.703746350071,351.8731750355073,0.10000000000000001
1825,0,0.31799275743029404,0.1298143104909566,0.18380789843794845,-0.00096376960630793849,999.92248694262378,-38.756528688111302,0.10000000000000001
1826,0,0.32759920626833755,0.12984699808036904,0.17907004164207846,-0.00090623469392600944,1000.7070027192941,353.50135964705487,0.10000000000000001
1827,0,0.33808141192633639,0.12985595514860032,0.18388785807618091,7.1916980001307624e-05,1000.0637006687615,31.850334380749246,0.10000000000000001
1828,0,0.34776246122530147,0.12990179960558126,0.17992042574714778,-0.00039567720036424509,1000.592697292572,296.34864628599189,0.10000000000000001
1829,0,0.35813377174404748,0.12988734734013654,0.18309403981570493,3.0427426785746377e-05,1000.2099316765913,104.96583829564088,0.10000000000000001
1830,0,0.36788073558777229,0.12992679082566366,0.18106189001601666,-0.0002665040799838605,1000.5195114816773,259.75574083867059,0.10000000000000001
1831,0,0.37819684734167208,0.12990995006205966,0.18285433251539995,-0.00020884062563695092,1000.3131740888525,156.58704442626004,0.10000000000000001
1832,0,0.38797695573985302,0.12993262619644505,0.18216612759124617,-0.00029176657391658797,1000.4828620156106,241.43100780531768,0.10000000000000001
1833,0,0.39825201955656764,0.12992972240417547,0.18316808113585395,-0.00036573938894907945,1000.3775793957383,188.78969786914013,0.10000000000000001
1834,0,0.40806617574524451,0.12993931231513994,0.18343258693770911,-0.00034892860200568931,1000.4502730783223,225.13653916115572,0.10000000000000001
1835,0,0.41830133412431891,0.12994098265835802,0.1838364391660805,-0.00040345065455692436,1000.4027901432894,201.39507164469705,0.10000000000000001
1836,0,0.42815105933391379,0.12994553092121688,0.18486752495778605,-0.00037760452565357722,1000.4231725755855,211.58628779272703,0.10000000000000001
1837,0,0.4383515620271754,0.12995054680636361,0.1848926055084254,-0.00040333711165591735,1000.3892135954492,194.60679772458889,0.10000000000000001
1838,0,0.44823108383705057,0.12995710751010114,0.18618854801170917,-0.00039501088707069923,1000.4119440496858,205.97202484287891,0.10000000000000001
1839,0,0.45840175685886364,0.12996396546127015,0.18636110711005199,-0.00040545467040508179,1000.3482335319528,174.11676597640735,0.10000000000000001
1840,0,0.46830486163837859,0.12996698750383501,0.18738197365128062,-0.00039602225177041099,1000.3935088832961,196.75444164806777,0.10000000000000001
1841,0,0.47845136829942397,0.12997417535641712,0.18793343944477833,-0.00040163066542374534,1000.3003418993387,150.17094966935929,0.10000000000000001
1842,0,0.48837473083480915,0.12997371895803705,0.18863949679203137,-0.00037503946244575603,1000.3541233303957,177.06166519786848,0.10000000000000001
1843,0,0.49850200778465237,0.12997822939097178,0.18931941581596745,-0.00037835659471312,1000.2578179265564,128.90896327820656,0.10000000000000001
1844,0,0.50844538138658102,0.12997668456735001,0.18995805322166451,-0.00035712060678521566,1000.3009202290045,150.46011450226615,0.10000000000000001
1845,0,0.51855587339035025,0.12997891648635007,0.19053092902775901,-0.0003344554137641346,1000.2186919437416,109.34597187082318,0.10000000000000001
1846,0,0.52851630511821401,0.12997798420640588,0.19112769397494045,-0.00032719050850231468,1000.2496677005024,124.83385025120697,0.10000000000000001
1847,0,0.53861338052008967,0.12997866550094078,0.19164302597337557,-0.00029655468515969377,1000.1803205520399,90.160276019958019,0.10000000000000001
1848,0,0.54858694897231686,0.1299785637205266,0.19210636539820145,-0.00029110457007509394,1000.2055065347043,102.7532673521705,0.10000000000000001
1849,0,0.55867339760803669,0.12997880642806739,0.19260289025862282,-0.00026302854158055271,1000.1465095290008,73.25476450040469,0.10000000000000001
1850,0,0.56865758194119542,0.12997830560947532,0.19296765993019349,-0.00026058094216436888,1000.168182276629,84.091138314477121,0.10000000000000001
1851,0,0.57873525369087919,0.12997925551588763,0.19342071303819339,-0.00024189293825835126,1000.118282023371,59.141011685483136,0.10000000000000001
1852,0,0.5887283974119788,0.12997776101118,0.19374360313408515,-0.00024572131939260369,1000.1380699934249,69.034996712446173,0.10000000000000001
1853,0,0.59879866076435406,0.1299794802858443,0.19417759845685686,-0.00023705124489104812,1000.0938348364505,46.917418225234542,0.10000000000000001
1854,0,0.60879926039832888,0.12997700721592401,0.19448648296330426,-0.00024635428507181956,1000.1126868303247,56.343415162359634,0.10000000000000001
1855,0,0.61886350180347838,0.12997938289021438,0.1949320373573363,-0.00024769732674533631,1000.0720817640816,36.040882040822453,0.10000000000000001
1856,0,0.62887027959838471,0.12997622285697005,0.19526587598417139,-0.00026456401834426638,1000.0879070383081,43.95351915405854,0.10000000000000001
1857,0,0.63892954237705513,0.12997879016082012,0.19573159141783225,-0.00027051980855319894,1000.0510109050424,25.505452521201732,0.10000000000000001
1858,0,0.6489417536177513,0.12997570731279551,0.19611983427602264,-0.0002893941398870092,1000.0609682248543,30.484112427132004,0.10000000000000001
1859,0,0.65899666056904527,0.12997784558841133,0.19661356865566659,-0.00030055519681761937,1000.0271533309117,13.576665455843795,0.10000000000000001
1860,0,0.66901376693656478,0.12997534187511445,0.19705463036205317,-0.00031511385763604882,1000.0302580279312,15.129013965577087,0.10000000000000001
1861,0,0.67906501808517328,0.12997682074197925,0.19757938886770351,-0.00032500387364821793,999.99768306943338,-1.1584652833107612,0.10000000000000001
1862,0,0.68908633163001842,0.12997482161789456,0.19806254577643292,-0.00033519303185325144,999.99406610393726,-2.9669480313714303,0.10000000000000001
1863,0,0.69913490353887975,0.12997589189479583,0.19859943131313657,-0.00033596373448170397,999.9612216189812,-19.389190509400578,0.10000000000000001
1864,0,0.7091595178047827,0.12997414698521731,0.19911036562092424,-0.00034141109489667571,999.95156481832737,-24.217590836315139,0.10000000000000001
1865,0,0.71920641073076208,0.12997499004497345,0.19964196969930631,-0.00033394219943401661,999.91715052757104,-41.424736214480617,0.10000000000000001
1866,0,0.72923367121019489,0.1299734212027088,0.20015182562905801,-0.00033063685743495906,999.90282610580766,-48.586947096168842,0.10000000000000001
1867,0,0.73927941835446986,0.12997397702791477,0.20067461225601702,-0.0003186069748210586,999.86600976843772,-66.995115781139702,0.10000000000000001
1868,0,0.74930915831783473,0.12997261247635825,0.20115792222480813,-0.00030937031822090265,999.84816530625062,-75.917346874689429,0.10000000000000001
1869,0,0.75935394304056114,0.12997297153261134,0.2016704632364065,-0.00029529732806727552,999.80931564986145,-95.342175069276891,0.10000000000000001
1870,0,0.76938611380706734,0.12997181247287631,0.20212835450029962,-0.00028549262153787204,999.78820300187795,-105.898499061027,0.10000000000000001
1871,0,0.77943011501991166,0.12997221240287918,0.20263041841202759,-0.00027442254188442781,999.74853922198292,-125.73038900853817,0.10000000000000001
1872,0,0.78946448282646509,0.12997128655429344,0.20308491263386974,-0.00026989552637043967,999.72426969429796,-137.86515285102041,0.10000000000000001
1873,0,0.7995079564714721,0.12997165591361506,0.20359522175343997,-0.00026746219892543688,999.68463187699001,-157.68406150499459,0.10000000000000001
1874,0,0.80954423765862316,0.12997092570337307,0.20407664638809797,-0.00027355533337985105,999.65769297216696,-171.15351391652212,0.10000000000000001
1875,0,0.81958743609517426,0.129971158899993,0.20463039454649021,-0.00028347292600680661,999.61848427899884,-190.75786050058241,0.10000000000000001
1876,0,0.82962546477854082,0.12997054196145411,0.20517993798572062,-0.0003035700537344826,999.58929322892948,-205.35338553526117,0.10000000000000001
1877,0,0.83966863343824083,0.12997062987195518,0.20581533219590303,-0.00032712646678221158,999.55074784873489,-224.62607563255688,0.10000000000000001
1878,0,0.84970822010869285,0.12997016430558378,0.20647705491408566,-0.00036003955672654723,999.51960789215775,-240.19605392112453,0.10000000000000001
1879,0,0.85975152784467901,0.12997030928155667,0.20723231635442199,-0.00039551530550809629,999.48157071231901,-259.21464384049386,0.10000000000000001
1880,0,0.86979243808402462,0.12997006916839926,0.208039088177225,-0.00043675043453697998,999.4488514635807,-275.57426820965247,0.10000000000000001
1881,0,0.87983602381038706,0.12997032278535867,0.20894473517058479,-0.0004785280276213061,999.41088314456374,-294.55842771812968,0.10000000000000001
1882,0,0.88987801943507971,0.12997028413104952,0.20991508062088915,-0.00052223814448531646,999.37682882916795,-311.58558541602588,0.10000000000000001
1883,0,0.89992198429312886,0.1299706207310278,0.21098367692678455,-0.00056320032396719002,999.3386270574166,-330.68647129169904,0.10000000000000001
1884,0,0.90996493469082462,0.12997078587402214,0.21212035126292489,-0.00060263279610514348,999.30331747189621,-348.34126405189636,0.10000000000000001
1885,0,0.92000930144824167,0.1299712493427061,0.21334492546437667,-0.00063697815556259,999.26483602789654,-367.5819860517322,0.10000000000000001
1886,0,0.93005308408046006,0.12997162969756382,0.21463312104069243,-0.00066681377564385279,999.22844237278832,-385.77881360583888,0.10000000000000001
1887,0,0.94009785112957411,0.12997224405104923,0.2159927596212968,-0.00069051220844114434,999.1898678509292,-405.066074535398,0.10000000000000001
1888,0,0.95014232204226023,0.12997284952396146,0.21740210383910197,-0.00070884781589420352,999.15284659509484,-423.5767024525785,0.10000000000000001
1889,0,0.96018746836570779,0.12997366847841832,0.21886653029479025,-0.00072069001410986048,999.11472660458946,-442.63669770526803,0.10000000000000001
1890,0,0.97023244100347439,0.12997455893130316,0.22036120631521317,-0.00072848542066508855,999.07781798523206,-461.09100738397046,0.10000000000000001
1891,0,0.98027790045730501,0.12997565087697183,0.22189452549723837,-0.00073064584235817305,999.04115162009316,-479.42418995341995,0.10000000000000001
1892,0,0.99032314556879619,0.12997690262373104,0.22344196788746429,-0.00073123297565201085,999.00548669298837,-497.25665350581494,0.10000000000000001
1893,0,1.0003687483209869,0.12997833091151609,0.22501162883567405,-0.00072812123152717111,998.97139735623057,-514.30132188471589,0.10000000000000001
1894,0,1.0104140510044775,0.12997985472000978,0.22658589621774047,-0.00072578105502027067,998.93856940761486,-530.71529619256808,0.10000000000000001
1895,0,1.0204596571799891,0.12998138523377326,0.2281697510461784,-0.00072222487576020387,998.90804447722746,-545.97776138626841,0.10000000000000001
1896,0,1.0305049641037651,0.12998280719766878,0.22975593087777019,-0.00072042035962234269,998.87987071167504,-560.06464416248036,0.10000000000000001
1897,0,1.0405504812472248,0.12998422721986191,0.2313422075663486,-0.00071998296104006175,998.85377178535373,-573.11410732313561,0.10000000000000001
1898,0,1.0505957800185877,0.12998556525130636,0.23293587088626952,-0.00071975434593789256,998.83181084662147,-584.09457668926734,0.10000000000000001
1899,0,1.0606410022649968,0.12998717335607637,0.23452344420161853,-0.00072345615676178826,998.81096661235733,-594.51669382133332,0.10000000000000001
1900,0,1.0706861462366135,0.12998878230578045,0.23612550382919881,-0.00072395228537501998,998.79604568886543,-601.97715556728326,0.10000000000000001
1901,0,1.0807307419856602,0.12999080836892166,0.23772019344326653,-0.00072948386789629504,998.7812665053608,-609.36674731959783,0.10000000000000001
1902,0,1.0907754482741645,0.12999278745844184,0.23933093317190604,-0.00072859783286208474,998.77309532990478,-613.45233504761154,0.10000000000000001
1903,0,1.1008191522416924,0.12999501403041039,0.24093854240699467,-0.00073110198402316238,998.76525051923022,-617.37474038488926,0.10000000000000001
1904,0,1.1108631510302629,0.12999714776449892,0.24255140698098815,-0.00072659120997123198,998.76242232571144,-618.78883714427957,0.10000000000000001
1905,0,1.1209059881216032,0.12999903386637268,0.24416781511387348,-0.00071973164833056722,998.76231962262671,-618.84018868664725,0.10000000000000001
1906,0,1.130949091720002,0.13000107648984896,0.2457653120740127,-0.00071037576358361383,998.76297435621245,-618.51282189377343,0.10000000000000001
1907,0,1.1409912849782899,0.13000235063434298,0.24736885821519047,-0.00068895436757447658,998.7707083200836,-614.64583995820021,0.10000000000000001
1908,0,1.151033288073765,0.13000442376775689,0.24892291671382644,-0.00067352101891687442,998.77362614933179,-613.18692533410513,0.10000000000000001
1909,0,1.1610750091295279,0.13000531020251813,0.25047089476296741,-0.00063556355824408389,998.78768125748786,-606.15937125606933,0.10000000000000001
1910,0,1.1711157440754671,0.13000739459979704,0.25194454683275297,-0.00061196090918172257,998.7932015582893,-603.39922085535136,0.10000000000000001
1911,0,1.1811570123956396,0.13000816686484354,0.25337931595779645,-0.00056059867968608925,998.81030873737132,-594.84563131434243,0.10000000000000001
1912,0,1.191196514473067,0.13000978320764259,0.25473020065199647,-0.00052478363915861191,998.82055587092793,-589.72206453603349,0.10000000000000001
1913,0,1.2012371454085766,0.130010846515352,0.2559903944054554,-0.00046861403238333685,998.83639488095616,-581.80255952191828,0.10000000000000001
1914,0,1.2112757770936551,0.13001139573848394,0.25717441845307543,-0.00041705360708044897,998.85434027406177,-572.82986296911531,0.10000000000000001
1915,0,1.2213154061234213,0.13001310266033872,0.25821183992019092,-0.00036780492621986963,998.86527661321088,-567.36169339455955,0.10000000000000001
1916,0,1.2313538492782581,0.13001207794482308,0.259191966986068,-0.00029945746647437241,998.8927690146719,-553.61549266405063,0.10000000000000001
1917,0,1.2413920801131431,0.13001438083833744,0.25998454549267069,-0.00026588184994681522,998.89784505718853,-551.07747140573338,0.10000000000000001
1918,0,1.2514310986833534,0.13001190202169702,0.26073486444413707,-0.00018445573680676546,998.93339972280057,-533.30013859971359,0.10000000000000001
1919,0,1.2614677043352385,0.13001417864177811,0.26129666552240782,-0.0001632490099021014,998.93609108887995,-531.95445556002596,0.10000000000000001
1920,0,1.2715077697110169,0.13001124187340973,0.2618101441470212,-7.8946559498369265e-05,998.97429849758271,-512.85075120864576,0.10000000000000001
1921,0,1.2815429150885473,0.1300123135200352,0.26218125410530152,-5.6667179839861513e-05,998.98188487205596,-509.0575639720214,0.10000000000000001
1922,0,1.2915839332034824,0.13001066771693953,0.26247764893264186,1.1571450261534507e-05,999.01498898324576,-492.50550837712126,0.10000000000000001
1923,0,1.3016181975852485,0.13000925947820635,0.2627115559946816,4.9329593339115614e-05,999.03561176992832,-482.19411503583842,0.10000000000000001
1924,0,1.3116594667066039,0.13001045589951568,0.26284163249359621,7.5420050449536983e-05,999.05661206544812,-471.69396727593949,0.10000000000000001
1925,0,1.3216937458219076,0.13000582971210287,0.26299170154388424,0.00013155907610464484,999.09463832692313,-452.68083653843405,0.10000000000000001
1926,0,1.3317343206592407,0.13001003636903924,0.26303104851483966,9.8386110015627877e-05,999.1009533635754,-449.52331821230018,0.10000000000000001
1927,0,1.3417693790859506,0.13000271759846196,0.26314087203610359,0.00016633751894366478,999.15346382643725,-423.26808678137695,0.10000000000000001
1928,0,1.3518086981352546,0.13000824202085276,0.26317082550290433,8.6653843524594384e-05,999.14960680915624,-425.19659542188037,0.10000000000000001
1929,0,1.361844766737865,0.13000034044460468,0.26326573749813281,0.00015991206112580956,999.20627782211432,-396.86108894284189,0.10000000000000001
1930,0,1.3718833690985632,0.13000415722535802,0.26334867428056186,7.7827197229288672e-05,999.20363616913073,-398.18191543463399,0.10000000000000001
1931,0,1.3819196711725146,0.12999895911893039,0.26343036523188879,0.00014371560499899325,999.24969212307747,-375.15393846126699,0.10000000000000001
1932,0,1.3919593050165016,0.12999854558846108,0.26359285496616769,0.00010170220737363504,999.26253015880036,-368.73492059982027,0.10000000000000001
1933,0,1.401993805074174,0.12999931804547962,0.26365416113812379,0.0001307443812951778,999.2837104867192,-358.14475664039946,0.10000000000000001
1934,0,1.4120365704119271,0.12999379934380284,0.26388154148400766,0.00013762845039014363,999.32217785126352,-338.91107436824086,0.10000000000000001
1935,0,1.4220666903132819,0.13000173841296234,0.26392003609635872,9.7845565161548537e-05,999.3105099748883,-344.74501255584755,0.10000000000000001
1936,0,1.4321136202245663,0.12999198035231152,0.26418160430405796,0.00013233253434905703,999.37469990773036,-312.65004613482006,0.10000000000000001
1937,0,1.442137964189117,0.13000412897002644,0.26421368035120046,2.994724983249169e-05,999.33359011236632,-333.20494381683829,0.10000000000000001
1938,0,1.4521887380592595,0.12999181030440826,0.26446059494598584,8.4143203862849884e-05,999.41143850446997,-294.28074776501489,0.10000000000000001
1939,0,1.4622084894043543,0.13000179894955932,0.26451160552953323,-1.9474305438638791e-05,999.35601201237421,-321.99399381289595,0.10000000000000001
1940,0,1.4722630598044213,0.1299897327249504,0.26470615072860965,6.8329438681581745e-05,999.42962837082189,-285.18581458905601,0.10000000000000001
1941,0,1.4822811304123182,0.1299928865769352,0.26479221985842422,4.1761923188277616e-05,999.38141876133921,-309.29061933039748,0.10000000000000001
1942,0,1.4923395320874275,0.12998669759708797,0.26489948577577932,0.00013750810455950623,999.43296597734604,-283.51701132697826,0.10000000000000001
1943,0,1.5023578686135495,0.1299839618651881,0.26502705870501553,0.0002019361301205465,999.4122634774551,-293.86826127245058,0.10000000000000001
1944,0,1.512417644875826,0.12998948019115722,0.26506025892535234,0.00023644994310966199,999.43157436224794,-284.21281887602845,0.10000000000000001
1945,0,1.5224348550025883,0.12998353799802034,0.26522997225172773,0.00032899202270730875,999.44578420534094,-277.1078973295289,0.10000000000000001
1946,0,1.5324931313733927,0.12999895935015254,0.26525918610575683,0.00024691460965988187,999.43621390687701,-281.89304656149261,0.10000000000000001
1947,0,1.5425061540474874,0.12998848075555347,0.26549703905563427,0.00031917034188601301,999.47528978344485,-262.3551082775748,0.10000000000000001
1948,0,1.5525644023008647,0.13000262612661914,0.26562462960298855,0.00015997296902730388,999.45471238707205,-272.64380646397512,0.10000000000000001
1949,0,1.562574000818659,0.12998596160672723,0.26594652613195641,0.00023993811055186446,999.4964964919335,-251.75175403325056,0.10000000000000001
1950,0,1.572638115897961,0.1299895845923735,0.26626500891762406,0.00010934892379734253,999.49406801210387,-252.96599394806663,0.10000000000000001
1951,0,1.5826480598085928,0.12997625546844971,0.26665510426272426,0.00022063967492856425,999.51380248917098,-243.09875541450765,0.10000000000000001
1952,0,1.5927212983801915,0.12997308344687317,0.26717854888682896,0.00013391351978965128,999.5583360530311,-220.83197348445083,0.10000000000000001
1953,0,1.6027265857209492,0.12997959407255105,0.26769347637485325,0.00019625577670912705,999.54239285557298,-228.80357221350778,0.10000000000000001
1954,0,1.6128058927830613,0.12997417021144872,0.268315804993355,3.1427438727418079e-05,999.638921645398,-180.53917730100011,0.10000000000000001
1955,0,1.6227943542202954,0.12999976102736621,0.26909655861863019,-2.0531780249925007e-05,999.58893239683277,-205.53380158361279,0.10000000000000001
1956,0,1.6328786145996805,0.12998322027946274,0.2697865977790615,-0.00034536873586604841,999.72345764468184,-138.27117765907815,0.10000000000000001
1957,0,1.6428469882657188,0.13000519653867482,0.27087746298927068,-0.00044246130434234549,999.64563883559981,-177.18058220009425,0.10000000000000001
1958,0,1.6529479289757616,0.12996947354743449,0.27169090719306754,-0.00081202235015982098,999.80587497307386,-97.062513463072264,0.10000000000000001
1959,0,1.6629046144548145,0.12997644003772868,0.27305427960105316,-0.00081655564736810785,999.7129306615218,-143.53466923910219,0.10000000000000001
1960,0,1.6730352167992224,0.1299404661874245,0.27386103118416438,-0.0010436717919601367,999.87659563650527,-61.702181747364193,0.10000000000000001
1961,0,1.682981979219949,0.1299485341729468,0.27556918650775597,-0.00096446738817087033,999.80164639237137,-99.176803814316372,0.10000000000000001
1962,0,1.6931277272902561,0.12993858911461939,0.2761295113379435,-0.0010147836254766384,999.92525486007662,-37.372569961689805,0.10000000000000001
1963,0,1.7030612322176752,0.12995244973843673,0.27816865381574324,-0.00098344917520033423,999.90431230278,-47.84384861000035,0.10000000000000001
1964,0,1.7131957431868905,0.12995623009887189,0.27841677769826823,-0.0010413285756140289,999.93839176750487,-30.804116247566071,0.10000000000000001
1965,0,1.7231264640455286,0.12995504373174352,0.28060710170696024,-0.0010943285393106342,999.9830518325092,-8.4740837453978202,0.10000000000000001
1966,0,1.7332562721112514,0.1299484190896191,0.28069546421490865,-0.0011715716139190707,999.89768101394554,-51.159493027228109,0.10000000000000001
1967,0,1.7431965715306392,0.12992578610322547,0.28282543819983391,-0.0013475040215711769,1000.0223792679298,11.189633964875156,0.10000000000000001
1968,0,1.7533337111420193,0.12991799231347062,0.28259787561615329,-0.0014854318127940837,999.78113324359242,-109.43337820378929,0.10000000000000001
1969,0,1.7632740750547273,0.1298950045909277,0.28442943205769966,-0.0015941667573544805,999.99618119125614,-1.9094043719292131,0.10000000000000001
1970,0,1.7734212996689049,0.12990755651609986,0.28474606411791165,-0.0013786663110162999,999.74692941419505,-126.53529290247434,0.10000000000000001
1971,0,1.78333875932872,0.12988250675176438,0.28534716785261821,-0.0015729313632469521,999.89602134795632,-51.989326021839588,0.10000000000000001
1972,0,1.7935344094958323,0.12989691003021622,0.28703219599121804,-0.0011675847110412317,999.84489027371797,-77.554863141017449,0.10000000000000001
1973,0,1.8034420830928277,0.12991564744630263,0.28656173819666364,-0.00077561418399227757,999.92382691696571,-38.086541517145633,0.10000000000000001
1974,0,1.8136719876034553,0.12993500923787485,0.28933812063929087,-0.00066994137441305206,1000.0725640757682,36.282037884120655,0.10000000000000001
1975,0,1.8235911022639226,0.13006542110358404,0.28631069614913945,-0.00053022291741524252,999.96190202409014,-19.048987954931818,0.10000000000000001
1976,0,1.8338009044216568,0.13003916814212479,0.29084737472043148,-0.0014001569459953869,1000.2917877169219,145.89385846096548,0.10000000000000001
1977,0,1.8437346391482206,0.1302704787241388,0.28676366292685496,-0.0018279226126164557,1000.0556710224359,27.835511217972453,0.10000000000000001
1978,0,1.8538799061738218,0.13012993779883852,0.29096367257797412,-0.003776865320175956,1000.3485825011047,174.29125055235772,0.10000000000000001
1979,0,1.8637526880260415,0.13040481495887413,0.28770048980853813,-0.0060295620441675312,999.89053511080442,-54.732444597789254,0.10000000000000001
1980,0,1.8741495589331407,0.13013560300026381,0.2935251980128385,-0.0069650142749160095,1000.4919374729645,245.96873648226847,0.10000000000000001
1981,0,1.8834014063046434,0.13009256164949881,0.2932944790200836,-0.007482262316098596,999.2722011712309,-363.89941438454798,0.10000000000000001
1982,0,1.8949122335831001,0.12989248965838901,0.2975726877617435,-0.0021514571583956476,1000.39003550323,195.017751615012,0.10000000000000001
1983,0,1.9033344050596659,0.12956573970377222,0.30234624460061715,0.0056244096829433871,999.39340690068468,-303.2965496576594,0.10000000000000001
1984,0,1.9192241422475691,0.13040310662245755,0.29644172718068329,0.020185919353801481,1000.2804634682844,140.23173414221901,0.10000000000000001
1985,0,1.9192063994099708,0.13079696152394607,0.29624182036579738,0.021030050394680647,1000.2749121261247,137.45606306235914,0.10000000000000001
1986,0,1.9419145580325039,0.13515006250635675,0.25522166392933909,0.0091950372689315503,1000.250768831672,125.38441583598114,0.10000000000000001
1987,0,1.9419302437569836,0.13552259232982766,0.25557925538211079,0.009601693180546135,1000.2423729361251,121.18646806254674,0.10000000000000001
1988,0,1.953388559903473,0.13299422998891641,0.25838727450486787,0.009194941271409152,999.50574909001273,-247.12545499363614,0.10000000000000001
1989,0,1.9693244004318953,0.12576114795217766,0.25023174442125484,0.010948757886392392,1000.0974805506131,48.740275306556669,0.10000000000000001
1990,0,1.9688740434482053,0.12872832614008156,0.25140613173877563,0.011932277518767126,1000.1571157081103,78.557854055134158,0.10000000000000001
1991,0,0.16686456585970641,0.13802278600255313,0.20005415251867839,0.0055130268459772872,999.87979649712281,-60.10175143859442,0.10000000000000001
1992,0,0.16735001506366382,0.13746659931270586,0.20005260702576938,0.0060820336103349628,999.87160308005582,-64.19845997208995,0.10000000000000001
1993,0,0.17928239026036108,0.13695121475462937,0.19652623385942578,-0.0011013284772161485,1000.0800807503712,40.040375185583343,0.10000000000000001
1994,0,0.19435411243808748,0.14186928312035005,0.1878214001770884,-0.0021542665964094181,999.74657721914559,-126.7113904272037,0.10000000000000001
1995,0,0.19479677091684061,0.14100807528463721,0.19072593962525419,0.0015094080893516405,999.86774026569674,-66.129867151630606,0.10000000000000001
1996,0,0.21936585346282925,0.14040492968036627,0.15903835185140602,0.017620975177235827,1000.3148237776231,157.41188881156631,0.10000000000000001
1997,0,0.21936587519989537,0.14055821953067593,0.15909777443040976,0.017858209044188486,1000.3114535278228,155.72676391138884,0.10000000000000001
1998,0,0.23598566421686476,0.13907126771350378,0.16002933372658246,0.00098517379270021688,999.47222692504783,-263.88653747608259,0.10000000000000001
1999,0,0.24454285205471044,0.13886282279586742,0.1654189371497328,-0.0069574241253118558,1001.175356407382,587.67820369098445,0.10000000000000001
2000,0,0.25629484669281455,0.13901264775730432,0.17078661794592825,-0.0085098535199552502,999.25397826683957,-373.01086658021632,0.10000000000000001
2001,0,0.26544987622888727,0.13908604305793226,0.17016938820183442,-0.0080316278561086002,1001.2342882672206,617.14413361028164,0.10000000000000001
2002,0,0.27642646546319527,0.13949181572286717,0.17570010653080634,-0.0048337318345787247,999.42381909423966,-288.09045288016932,0.10000000000000001
2003,0,0.28582985682379464,0.13935353225246383,0.1731586370198247,-0.0040257636079931497,1001.0433300181343,521.66500906713509,0.10000000000000001
2004,0,0.29652804944486333,0.13972806766274465,0.1772816937295395,-0.0015456857254650042,999.54567274312114,-227.16362843942761,0.10000000000000001
2005,0,0.30604573769714855,0.13966170926776741,0.1734822068156697,-0.0018550899439952237,1000.9304790737909,465.23953689546715,0.10000000000000001
2006,0,0.31651823295689879,0.13982909796835505,0.17819453521111489,-0.00050627124669747026,999.78303700018057,-108.48149990971478,0.10000000000000001
2007,0,0.32615382286484962,0.13975077228233487,0.1734581961541215,-0.0010180712442341058,1000.763453672036,381.72683601800372,0.10000000000000001
2008,0,0.33652377427890229,0.13991003889301404,0.17831436775773135,0.00016891545391638915,999.979346881374,-10.326559313000416,0.10000000000000001
2009,0,0.34623061878904315,0.13982371108850994,0.17384616540154565,-0.0007975696812295858,1000.6513415616581,325.67078082905709,0.10000000000000001
2010,0,0.35651994718088298,0.13993608566003826,0.17761772271787268,9.7529941564365044e-05,1000.2077772927773,103.88864638866835,0.10000000000000001
2011,0,0.36631929802359259,0.13987903815263367,0.17492224383828633,-0.00052267344009763073,1000.5346544260245,267.32721301226547,0.10000000000000001
2012,0,0.37653967080492146,0.13993615083829702,0.17705690315681147,-0.00016276004393041551,1000.3574061666286,178.70308331430351,0.10000000000000001
2013,0,0.38638383275321747,0.13990631251714394,0.17624310088187856,-0.00040978641224264864,1000.4704031473068,235.20157365339855,0.10000000000000001
2014,0,0.3965778318146127,0.1399470869796855,0.17707280675883325,-0.00039209570765009723,1000.4222138195739,211.10690978696312,0.10000000000000001
2015,0,0.40643068233522617,0.13992154433714993,0.17765778498824267,-0.00043202918614567456,1000.4471315335231,223.56576676156692,0.10000000000000001
2016,0,0.4166182161782096,0.13995769281106413,0.17767303292793549,-0.0005646940269302932,1000.4342457960676,217.12289803377871,0.10000000000000001
2017,0,0.42648465965797455,0.13992920749357604,0.17899587079424206,-0.0004772272952925673,1000.4357492045121,217.87460225607447,0.10000000000000001
2018,0,0.43665295045164643,0.13996846291859952,0.17881510339693427,-0.00064055441464743509,1000.4173411269005,208.67056345025503,0.10000000000000001
2019,0,0.44654655342148114,0.13993955408649109,0.18016689857921514,-0.0004724683622915123,1000.4119286856302,205.96434281509346,0.10000000000000001
2020,0,0.45668542535773948,0.1399778640997669,0.18032876844710222,-0.0006236535777235237,1000.3823754199481,191.18770997403089,0.10000000000000001
2021,0,0.4666090159596073,0.13995675472688224,0.181326951187713,-0.00046034144164171182,1000.3751214349585,187.56071747924352,0.10000000000000001
2022,0,0.47672311224793934,0.13998028539329999,0.18183953967272717,-0.00058196257247324047,1000.3442449681962,172.12248409811082,0.10000000000000001
2023,0,0.48666787967072173,0.13997217531749559,0.18265776879952039,-0.00047413133453677337,1000.3279395497199,163.96977485993602,0.10000000000000001
2024,0,0.49677048446275124,0.13997787103905651,0.18315713775061879,-0.00052619012171820111,1000.3037302707213,151.86513536065149,0.10000000000000001
2025,0,0.5067256993805298,0.13997966370713336,0.18399166095609021,-0.00048379882150395158,1000.2840240606985,142.01203034923537,0.10000000000000001
2026,0,0.51682416772122886,0.13997527315585287,0.18439888136085833,-0.00048401403089611114,1000.2532930210239,126.64651051193232,0.10000000000000001
2027,0,0.52678666522336959,0.13998214109643056,0.185106309133719,-0.00046043797393420668,1000.2492641272679,124.63206363395329,0.10000000000000001
2028,0,0.53687904032293832,0.1399746387717889,0.18554815027775978,-0.00044499086444425129,1000.2021496625175,101.0748312587566,0.10000000000000001
2029,0,0.54685154524405877,0.13998196084957037,0.18604086123084385,-0.00042218874335706041,1000.2159698506542,107.98492532711634,0.10000000000000001
2030,0,0.55693386060559347,0.13997614177144513,0.18650720453843408,-0.00040397398397462039,1000.1615571741852,80.778587092595444,0.10000000000000001
2031,0,0.56691851162484119,0.13997946827829932,0.18686620357318007,-0.00038548799846900079,1000.1816164412782,90.808220639075898,0.10000000000000001
2032,0,0.57698980947459033,0.13997854852529204,0.18730066288833808,-0.00037366099190350464,1000.1322420188284,66.121009414189302,0.10000000000000001
2033,0,0.58698575821595245,0.13997671658242941,0.18760644142651384,-0.00036141145674674379,1000.1495202865445,74.760143272271762,0.10000000000000001
2034,0,0.5970475466809988,0.13997977804325853,0.18801554995995357,-0.0003626000488845722,1000.1102055536303,55.102776815147081,0.10000000000000001
2035,0,0.60705266195760266,0.13997519873416875,0.18831777499429042,-0.00036193986001189837,1000.1210936175332,60.546808766616778,0.10000000000000001
2036,0,0.61710726929606163,0.13997960160445197,0.18871486012018987,-0.0003735224338555603,1000.0915474937723,45.773746886140998,0.10000000000000001
2037,0,0.62711880736501291,0.1399744007480577,0.18906256605338934,-0.00038728089631646386,1000.0958510673385,47.925533669229026,0.10000000000000001
2038,0,0.63716909669551525,0.13997887837210088,0.18946579529515509,-0.00040237055469837999,1000.0714839589449,35.741979472447838,0.10000000000000001
2039,0,0.64718431902376805,0.13997382470916112,0.18987457496152932,-0.00042637406682081297,1000.0714252830199,35.712641509974219,0.10000000000000001
2040,0,0.65723251735408028,0.13997787917207546,0.1903057777532326,-0.00044162059302310641,1000.047039914681,23.519957340511155,0.10000000000000001
2041,0,0.66724997656277107,0.13997343868073195,0.19077048412047856,-0.0004661546867735396,1000.04412033676,22.060168379994138,0.10000000000000001
2042,0,0.67729685020522723,0.13997670031764373,0.1912354868460345,-0.00047679271423221897,1000.0164974377881,8.2487188940376655,0.10000000000000001
2043,0,0.68731646325543705,0.13997304462179008,0.19173967571559014,-0.00049754227916543427,1000.0109793346058,5.4896673029247722,0.10000000000000001
2044,0,0.69736187807818295,0.13997543798082879,0.19223215134556598,-0.00049906932917324052,999.97890306882266,-10.548465588669842,0.10000000000000001
2045,0,0.7073839998988618,0.13997260397732791,0.19274534541531624,-0.0005105449007901632,999.97049863849861,-14.750680750694301,0.10000000000000001
2046,0,0.71742777109952049,0.13997421226600898,0.19325584288382361,-0.00050474580575804364,999.93430172789999,-32.849136050003835,0.10000000000000001
2047,0,0.72745259793429196,0.1399720180396665,0.1937492669574728,-0.00050442419674908204,999.92216366901846,-38.918165490770207,0.10000000000000001
2048,0,0.73749487016553261,0.13997301667810083,0.19426104533736532,-0.00049367331433141455,999.88341290824292,-58.293545878541408,0.10000000000000001
2049,0,0.74752230479224013,0.13997124513353176,0.19472090102799913,-0.00048620135855576506,999.86680281618089,-66.598591909553306,0.10000000000000001
2050,0,0.75756337605820223,0.13997184456508938,0.19521826589990496,-0.00047288380363580759,999.82715376976319,-86.423115118407168,0.10000000000000001
2051,0,0.76759319182140595,0.13997050631865846,0.19565091733158607,-0.00046618614835136776,999.80593237103517,-97.033814482415437,0.10000000000000001
2052,0,0.77763335986128235,0.13997091366032982,0.1961284617980677,-0.00045633156967235018,999.76657758564704,-116.71120717647909,0.10000000000000001
2053,0,0.78766527425059796,0.13997004903099505,0.19655479208050849,-0.00045713950372534785,999.74139339661292,-129.30330169353965,0.10000000000000001
2054,0,0.79770486938424179,0.13997029275411066,0.19703091901981781,-0.00045835640891705407,999.70272011677662,-148.63994161169103,0.10000000000000001
2055,0,0.80773857959343975,0.13996972434559463,0.19748072897217012,-0.00047290994590299095,999.67461284550711,-162.69357724644351,0.10000000000000001
2056,0,0.81777795779165297,0.13996985971075387,0.19799142557776045,-0.0004902298437933451,999.63669186503694,-181.65406748153146,0.10000000000000001
2057,0,0.82781323843448051,0.13996932965341555,0.1985056026114366,-0.00052228089460579761,999.60642388791757,-196.78805604121408,0.10000000000000001
2058,0,0.837852725397215,0.13996937804191079,0.19909328926749989,-0.00055730020280848262,999.56918395455659,-215.40802272170367,0.10000000000000001
2059,0,0.8478893683797285,0.13996898390808757,0.19971538344803141,-0.00060562029271191858,999.53725170998723,-231.37414500638442,0.10000000000000001
2060,0,0.85792912869501159,0.1399691125878342,0.20042217942652202,-0.00065615907662914847,999.50036965494087,-249.81517252956564,0.10000000000000001
2061,0,0.86796698222446322,0.13996896590535071,0.20118766241066005,-0.00071577055639421273,999.46708907013647,-266.45546493176653,0.10000000000000001
2062,0,0.87800711393730424,0.13996923466183864,0.20204602981714248,-0.00077530160382377662,999.43010970530702,-284.94514734649101,0.10000000000000001
2063,0,0.88804604892656924,0.13996933076164167,0.2029760852919075,-0.00083915146051643597,999.39561712744558,-302.19143627721223,0.10000000000000001
2064,0,0.89808661785355115,0.13996972530464447,0.20400067627673793,-0.00089937228522183547,999.35817347606792,-320.91326196604086,0.10000000000000001
2065,0,0.90812652693809337,0.13997002242846879,0.20509940381295858,-0.00095911368299138908,999.32247080092952,-338.76459953523863,0.10000000000000001
2066,0,0.91816762539931429,0.13997056554024784,0.20628392344652405,-0.0010123145674757477,999.28442145965198,-357.78927017400974,0.10000000000000001
2067,0,0.92820845554994613,0.1399710927230664,0.20753716002516057,-0.0010611361052346188,999.24767272818792,-376.16363590603896,0.10000000000000001
2068,0,0.93825018605651855,0.13997178576930916,0.20886011183482306,-0.0011017458061883378,999.20909644567155,-395.45177716422586,0.10000000000000001
2069,0,0.94829190736812541,0.13997256458816362,0.21023680715378384,-0.0011363626544881112,999.17180318071792,-414.09840964104205,0.10000000000000001
2070,0,0.95833430867405067,0.13997351476585085,0.21166682410801582,-0.0011624138652818934,999.13322793941734,-433.38603029133083,0.10000000000000001
2071,0,0.96837678340607425,0.13997462198009225,0.21312982182255297,-0.0011828472508461337,999.09609949465107,-451.95025267446454,0.10000000000000001
2072,0,0.97841977484173259,0.13997595631114354,0.21462971158897537,-0.0011961412920597891,999.05862380274414,-470.68809862793159,0.10000000000000001
2073,0,0.9884627558829604,0.13997739946984522,0.21614470330399718,-0.0012054101322759424,999.02260517979005,-488.69741010497592,0.10000000000000001
2074,0,0.99850624980956215,0.13997920314520182,0.2176815736375827,-0.0012106221826004816,998.9876344701778,-506.18276491110237,0.10000000000000001
2075,0,1.0085496323164755,0.13998084942997774,0.21922128162725296,-0.0012138340144805036,998.95402624323958,-522.98687838020896,0.10000000000000001
2076,0,1.0185936396108235,0.13998283838481132,0.22077244062666501,-0.0012166124153263616,998.9229899059012,-538.50504704939794,0.10000000000000001
2077,0,1.0286375174893423,0.13998435093844178,0.22232204465742136,-0.0012193984818398766,998.89326845744097,-553.36577127951614,0.10000000000000001
2078,0,1.0386819427154155,0.13998618487169651,0.22387526037684233,-0.0012237606819998871,998.86739752205153,-566.30123897423346,0.10000000000000001
2079,0,1.0487263294381088,0.13998775282613635,0.22543186339841456,-0.0012294515889893249,998.8430311328575,-578.48443357124779,0.10000000000000001
2080,0,1.0587708243365188,0.13998953579215112,0.22698508266632322,-0.0012358394529754838,998.8230211820088,-588.48940899559921,0.10000000000000001
2081,0,1.0688155872862786,0.13999171886772413,0.22855246771231602,-0.0012449292986113185,998.80537781912665,-597.3110904366763,0.10000000000000001
2082,0,1.0788597992151099,0.13999352833369433,0.23011161019468448,-0.0012509754948289561,998.79121630027134,-604.39184986432792,0.10000000000000001
2083,0,1.0889047525333468,0.1399965213070295,0.23169276029023181,-0.0012608696758739978,998.78131496682192,-609.34251658903804,0.10000000000000001
2084,0,1.0989485752145198,0.1399982515670275,0.23326473514738685,-0.0012636990933358495,998.77248870881328,-613.75564559335771,0.10000000000000001
2085,0,1.1089934283163956,0.14000157967581134,0.23485485676144879,-0.0012689561798543718,998.77060065536489,-614.69967231755618,0.10000000000000001
2086,0,1.1190370639549589,0.14000311272051436,0.23643849767173017,-0.0012659740675254681,998.76653005349351,-616.73497325324433,0.10000000000000001
2087,0,1.1290813792134811,0.14000579292433524,0.23801899168530211,-0.0012581824067897057,998.77178061329448,-614.10969335275922,0.10000000000000001
2088,0,1.1391251853870519,0.1400075710680263,0.23959723103789973,-0.0012472487416156238,998.77231875164125,-613.84062417937457,0.10000000000000001
2089,0,1.1491684655511194,0.14000888665969233,0.24113623872504453,-0.0012179249209080187,998.78262587876134,-608.68706061933153,0.10000000000000001
2090,0,1.1592126856386165,0.14001180797993648,0.24267097002723323,-0.0011975871879834794,998.78836750935716,-605.81624532142087,0.10000000000000001
2091,0,1.1692547207949029,0.14001141419905322,0.24412691498326194,-0.00114313202545008,998.80055794043324,-599.72102978338171,0.10000000000000001
2092,0,1.1792991993889028,0.14001568180750845,0.24556275435543456,-0.0011106093778496969,998.8128312572311,-593.58437138445197,0.10000000000000001
2093,0,1.1893402524976306,0.14001386892087664,0.2468911833995964,-0.0010368845779458113,998.82343540810484,-588.28229594757886,0.10000000000000001
2094,0,1.199384216166804,0.14001851693755774,0.24816462657026567,-0.00098568478042321685,998.84353082406017,-578.23458796991645,0.10000000000000001
2095,0,1.2094250408242198,0.14001662792376737,0.24932335038589315,-0.00090765273592843994,998.8501915141245,-574.90424293774822,0.10000000000000001
2096,0,1.2194674496023534,0.14001946270502602,0.25037893868487038,-0.00082798737046585111,998.87813903931988,-560.93048034006188,0.10000000000000001
2097,0,1.2295091221100849,0.14001952638920076,0.25133623354664675,-0.00076483240246267355,998.88138530406684,-559.30734796658044,0.10000000000000001
2098,0,1.2395491870305713,0.14001811631412336,0.2521410996209521,-0.00065107554535663798,998.91449919607442,-542.75040196279178,0.10000000000000001
2099,0,1.2495924430400143,0.14002200269034257,0.25287793661715074,-0.0006175544926935732,998.91860071436963,-540.69964281518423,0.10000000000000001
2100,0,1.2596301043330709,0.14001514242767116,0.25343688977441914,-0.00047627469358585731,998.95108733550524,-524.45633224738231,0.10000000000000001
2101,0,1.2696747277896678,0.1400230416584104,0.25394856446642139,-0.00047119104479925332,998.96323414737344,-518.38292631327931,0.10000000000000001
2102,0,1.2797108818882736,0.14001209958867339,0.25429663771149186,-0.00032886275606910465,998.9871623157976,-506.4188421011977,0.10000000000000001
2103,0,1.2897555895991453,0.14002165043865089,0.25460178887577878,-0.00032863012640215264,999.01523405557839,-492.38297221080529,0.10000000000000001
2104,0,1.2997917988198471,0.14001069431728039,0.25479330728591337,-0.00022279431289692862,999.02394134612098,-488.02932693951107,0.10000000000000001
2105,0,1.3098348359809029,0.14001726925625141,0.25493379461834492,-0.0001927561662219841,999.07245325703184,-463.7733714840806,0.10000000000000001
2106,0,1.3198725638974407,0.14001174469788891,0.25503310404130719,-0.00016020458977093481,999.0650325437125,-467.48372814374761,0.10000000000000001
2107,0,1.3299126039523399,0.1400102145838506,0.25507343886427902,-7.6483478980044964e-05,999.13093086346987,-434.53456826506454,0.10000000000000001
2108,0,1.3399524538481979,0.14001438344699074,0.25514117899417149,-0.0001369261587760541,999.11475429030668,-442.62285484666108,0.10000000000000001
2109,0,1.3499894751203207,0.14000194291442725,0.25515621442708997,-5.9775339429289373e-06,999.18543121954292,-407.28439022853991,0.10000000000000001
2110,0,1.3600310147733339,0.14001653782228185,0.25523107823716329,-0.00014678702304276968,999.17475480193752,-412.62259903123777,0.10000000000000001
2111,0,1.3700663458112947,0.13999471018905799,0.2552824117163337,-6.7459367311557012e-07,999.2309913555531,-384.50432222344944,0.10000000000000001
2112,0,1.3801083830347975,0.14001591924701007,0.25536718695622512,-0.00016753694651104066,999.2415129691426,-379.24351542869772,0.10000000000000001
2113,0,1.390143709858495,0.13999125562389061,0.25548043918624525,-4.3813660860159899e-05,999.2660638172066,-366.96809139669995,0.10000000000000001
2114,0,1.4001844899519367,0.14001177276296042,0.25556058500183343,-0.00016284337915678697,999.30758014657454,-346.20992671273143,0.10000000000000001
2115,0,1.4102209693294081,0.13999371393730489,0.25573189326097562,-9.0166923096324467e-05,999.29498897880865,-352.5055105956767,0.10000000000000001
2116,0,1.4202585433810642,0.14000457248958173,0.25579171167497888,-0.00010567986803188213,999.36392290928063,-318.03854535968412,0.10000000000000001
2117,0,1.4302969835944623,0.14000178243586667,0.25600736752547565,-0.00011159182539226161,999.32542809630911,-337.28595184544474,0.10000000000000001
2118,0,1.4403304033370308,0.13999551736702204,0.25606294469117552,-2.0768098498703533e-05,999.40370180838613,-298.14909580693438,0.10000000000000001
2119,0,1.4503717503054712,0.14001096558081716,0.25628411831248354,-0.00012647927887951657,999.36214135889259,-318.92932055370693,0.10000000000000001
2120,0,1.4604016662495565,0.13998551075596583,0.25636639060741567,3.5044674744220172e-05,999.42326349111204,-288.36825444398073,0.10000000000000001
2121,0,1.4704468725021296,0.1400140936014915,0.25654605081502857,-0.00014555235379607731,999.40414456449741,-297.92771775129268,0.10000000000000001
2122,0,1.4804740058806476,0.1399770428957994,0.25666395137822468,4.7444352025632638e-05,999.42449441156873,-287.75279421563482,0.10000000000000001
2123,0,1.4905235447489724,0.14000855324610595,0.25673909161312236,-0.00013330201509794727,999.44438825861687,-277.80587069156581,0.10000000000000001
2124,0,1.5005466827669787,0.13997712466095572,0.25690240460759578,7.2308496423549335e-05,999.41729221565868,-291.35389217066177,0.10000000000000001
2125,0,1.5106003359098485,0.13999988036130206,0.25685319809205737,-3.0194940901060145e-05,999.47627474716705,-261.86262641647318,0.10000000000000001
2126,0,1.5206172174689676,0.13999146423929443,0.25708105742692305,0.0001456350644752818,999.41729933498948,-291.35033250526021,0.10000000000000001
2127,0,1.530674576059585,0.13999160318781731,0.25697898740038277,0.00013611464103740605,999.49644171784769,-251.77914107615607,0.10000000000000001
2128,0,1.5406855972822882,0.14001184071926892,0.25730264360261101,0.00019830509137617612,999.4382792430016,-280.86037849919876,0.10000000000000001
2129,0,1.5507469970362979,0.13998091587047076,0.2572999003362782,0.0002288974050393455,999.50622723702099,-246.88638148950304,0.10000000000000001
2130,0,1.5607552314026405,0.14001698292224121,0.25771338084466883,0.00012808982693995413,999.4852067038712,-257.39664806440032,0.10000000000000001
2131,0,1.5708207738083417,0.13996682755906659,0.25793976755144399,0.00016166448945381442,999.50963032120239,-245.18483939880298,0.10000000000000001
2132,0,1.5808290695731377,0.14000019043804907,0.25838418462629675,-3.8572732241705349e-05,999.55405140245341,-222.97429877329478,0.10000000000000001
2133,0,1.5908946863992619,0.1399646199244122,0.25885073324002195,2.7403558163721563e-05,999.51390944856348,-243.04527571825929,0.10000000000000001
2134,0,1.6009047770241072,0.13998459106120362,0.25931074626740869,-0.00015384818021611451,999.63850781201165,-180.74609399417341,0.10000000000000001
2135,0,1.6109619571453933,0.1399882707265927,0.25996286141072017,-7.3183452364435699e-05,999.53429802244079,-232.85098877960309,0.10000000000000001
2136,0,1.620975465372781,0.13998518100126467,0.26057546125940534,-0.00015012204537701769,999.73556467544506,-132.21766227746912,0.10000000000000001
2137,0,1.6310221153238023,0.14001488754293939,0.26135627921774934,-0.00017183383645144346,999.58338753148382,-208.30623425808881,0.10000000000000001
2138,0,1.6410386324863868,0.1399822644885633,0.26234433442108251,-0.00020232251414449139,999.83750299634164,-81.248501829179531,0.10000000000000001
2139,0,1.6510838438759714,0.1400004373280693,0.26317468906874103,-0.00039494091725196084,999.65473652516459,-172.63173741770288,0.10000000000000001
2140,0,1.6610994377442141,0.13995791889062809,0.26465969763127045,-0.00046014410419181783,999.93115335887137,-34.423320564314963,0.10000000000000001
2141,0,1.6711529318898339,0.13995379310920836,0.2653520288878024,-0.00071823733500147333,999.73007571490155,-134.96214254922734,0.10000000000000001
2142,0,1.6811568173237363,0.139946350086635,0.26721937707238913,-0.00074658925319000019,1000.0078536951337,3.9268475668450264,0.10000000000000001
2143,0,1.6912226144831994,0.1399387065335993,0.26772411584224848,-0.00095921528926438721,999.80587975170386,-97.060124148072191,0.10000000000000001
2144,0,1.7012032891386084,0.13996986273243178,0.26971015854494629,-0.00078999480930562146,1000.0711411631894,35.570581594697614,0.10000000000000001
2145,0,1.711285368163239,0.13996268157188302,0.27003399082028579,-0.00093712378411509012,999.88396639974644,-58.016800126779344,0.10000000000000001
2146,0,1.7212459102733044,0.13998271664293555,0.27218064586772739,-0.00063303059113434734,1000.1575543066513,78.777153325631843,0.10000000000000001
2147,0,1.7313480469982732,0.13997490366417611,0.27242896658185878,-0.00049921990785251622,999.97002033678257,-14.989831608716031,0.10000000000000001
2148,0,1.7412907829482311,0.13995488739917622,0.27435138028695238,-0.00046484428896853309,1000.2806066834878,140.30334174390191,0.10000000000000001
2149,0,1.7514224357029864,0.13997020757112519,0.2748089740063227,-2.3723690263373677e-05,1000.0590467275298,29.523363764894839,0.10000000000000001
2150,0,1.7613141833141226,0.1399308717752876,0.27620762700810397,-0.00047072139823235829,1000.4689053401909,234.45267009543613,0.10000000000000001
2151,0,1.7715050755014976,0.13994991932314618,0.27696793535391534,-0.00039880592845194983,1000.1213567044349,60.678352217450993,0.10000000000000001
2152,0,1.7812916697516847,0.13988837419725766,0.27689332323491106,-0.0019872338441245928,1000.4890943497116,244.54717485582478,0.10000000000000001
2153,0,1.7916345393264466,0.1398609260038908,0.27975834486264239,-0.0016421268728765272,1000.1745747259544,87.287362977178873,0.10000000000000001
2154,0,1.8012759888597447,0.13979769377162926,0.27757996677140268,-0.0027380213073184634,1000.2908656569576,145.43282847881756,0.10000000000000001
2155,0,1.8118069427673782,0.13979040937904824,0.28163203439755674,-0.0027773162581122032,1000.0341968911707,17.098445585361333,0.10000000000000001
2156,0,1.8213267468040886,0.13979500803026845,0.27887396829725225,-0.001965392203406616,1000.1109449340059,55.472467002971371,0.10000000000000001
2157,0,1.8319760252317727,0.13986588969455566,0.28170620429740201,-0.0013451543146219553,999.9674959443422,-16.252027828898008,0.10000000000000001
2158,0,1.8414271903543309,0.1399692788023727,0.27946384261378687,-0.0011715924493579197,999.94759334556659,-26.203327216705929,0.10000000000000001
2159,0,1.8520970566072052,0.14001746799378856,0.27948886616805285,-0.0027126887881294779,999.88453544072877,-57.732279635615669,0.10000000000000001
2160,0,1.8615039928068193,0.14024138362247143,0.27906924130877914,-0.0040055381171459851,1000.052180030553,26.090015276508893,0.10000000000000001
2161,0,1.8721864767567682,0.14018246480054036,0.27910945919761132,-0.0059584595794115059,1000.0308618884683,15.430944234140043,0.10000000000000001
2162,0,1.8812431264159468,0.14018377777330035,0.27850063628111488,-0.0085055526079440419,1000.287915605485,143.95780274247727,0.10000000000000001
2163,0,1.8926019699598045,0.1399345146348995,0.28330441205306828,-0.0034650386757526636,1000.4299013822352,214.95069111762177,0.10000000000000001
2164,0,1.8998852382473428,0.1391931185879868,0.28314434880392042,-0.00090093602203735151,1000.1918252751734,95.912637586707206,0.10000000000000001
2165,0,1.9173673337365944,0.13978171466987188,0.28620131547247107,0.022815471045296676,1000.1318727031808,65.936351590380582,0.10000000000000001
2166,0,1.9174096663653628,0.13966103302451141,0.28645194885413255,0.022850642903793374,1000.1350881576031,67.544078801574869,0.10000000000000001
2167,0,1.9410799800046914,0.14447936548349058,0.25984778436246153,0.011776508294584124,1000.0647669867783,32.383493389147588,0.10000000000000001
2168,0,1.9405907644573526,0.14572390383236911,0.25832746158351483,0.011409005016296304,1000.0910013176551,45.500658827563711,0.10000000000000001
2169,0,1.958186042103417,0.13801565229995391,0.25434244816912105,0.0071038299319571797,1000.2834606113072,141.73030565359568,0.10000000000000001
2170,0,1.969944011129795,0.13689043810744739,0.24555602157446435,0.013961545257321418,999.9509101602016,-24.544919899199158,0.10000000000000001
2171,0,1.9702531587592214,0.13748205291336121,0.2452017273841611,0.014097187381205859,999.94562794987348,-27.186025063258512,0.10000000000000001
2172,0,0.15922734992263649,0.14961917222728449,0.19051133839551149,-0.0027324337737085805,1000.0243659031883,12.182951594127189,0.10000000000000001
2173,0,0.15923200591088918,0.15037805667457724,0.18961141490698438,-0.0017867586851210429,1000.0293613857013,14.680692850674859,0.10000000000000001
2174,0,0.18030710237199007,0.149792255558893,0.19186162548016028,0.0098700146922859368,1000.4364530445411,218.22652227052686,0.10000000000000001
2175,0,0.19267403910757758,0.15556502977097525,0.16740561627602993,0.01012366759226282,999.97059305881828,-14.703470590859524,0.10000000000000001
2176,0,0.19333610423841358,0.1563138166668111,0.16408211590593164,0.010668536121411663,1000.1890411465295,94.520573264730956,0.10000000000000001
2177,0,0.22071493824985233,0.14983628720043887,0.16707986416620035,0.018429358740671139,1000.2482543778229,124.12718891147279,0.10000000000000001
2178,0,0.22063995813721077,0.14946345510655018,0.1666733317782613,0.01819917135014185,1000.2496052664371,124.80263321856455,0.10000000000000001
2179,0,0.23579444710205652,0.14897802654478712,0.16689900294131743,-0.0054839863342428241,999.70656981530965,-146.71509234517544,0.10000000000000001
2180,0,0.24385034487653812,0.14876330047178229,0.1666083290209974,-0.0059556527819087969,1000.6741728098149,337.08640490743846,0.10000000000000001
2181,0,0.25528543844805662,0.14929430780071437,0.16981425383670262,-0.010640514806091869,999.64821321797331,-175.89339101334645,0.10000000000000001
2182,0,0.26410965714179951,0.14926021387623323,0.16822975663934381,-0.0099134373148895439,1000.596609118369,298.30455918448706,0.10000000000000001
2183,0,0.27491018692137997,0.14954546715202957,0.16965000875545327,-0.0077445770127227715,999.56870004103712,-215.64997948144082,0.10000000000000001
2184,0,0.28415864095616955,0.14958704626251434,0.16703062690044018,-0.0070966264402342501,1000.7006026102662,350.30130513308677,0.10000000000000001
2185,0,0.29469120218203676,0.14970690091022862,0.17067276288436062,-0.004309551917698792,999.72778767859575,-136.106160702127,0.10000000000000001
2186,0,0.30411054174733998,0.14967492610889871,0.16617095153463415,-0.0040586609366023898,1000.6770284239417,338.51421197084619,0.10000000000000001
2187,0,0.31447736403323984,0.1498375972539987,0.17162020055964808,-0.001271031834874323,999.93522358845814,-32.38820577092838,0.10000000000000001
2188,0,0.32411758089735193,0.14978824585951164,0.16604221340267011,-0.0019678145062320767,1000.5927496064564,296.3748032282183,0.10000000000000001
2189,0,0.33433009155096305,0.14993668165326191,0.1712634889540208,5.5181159149970003e-05,1000.1792767371076,89.638368553778491,0.10000000000000001
2190,0,0.34411347465715952,0.14983759785930251,0.16653271937373887,-0.00093448263013084707,1000.4697035546279,234.85177731396334,0.10000000000000001
2191,0,0.35426361168620807,0.1499678045338346,0.17022893786480478,0.0004408431654747428,1000.3349006936484,167.45034682418236,0.10000000000000001
2192,0,0.36415102850654324,0.14986353038129557,0.16758760814223747,-0.000499805323692772,1000.3878086160992,193.90430804958214,0.10000000000000001
2193,0,0.37423695799422346,0.14996223656167978,0.16918188238753518,-6.6424123688733992e-05,1000.446384889593,223.19244479649569,0.10000000000000001
2194,0,0.38419612821664456,0.14989054903098151,0.16901518977100852,-0.00043535931395980251,1000.3626409379292,181.32046896459997,0.10000000000000001
2195,0,0.39422999365170519,0.14996742609479038,0.16889628138664936,-0.00058308252784451979,1000.4850814973349,242.54074866746578,0.10000000000000001
2196,0,0.40421803982116278,0.1499077598740568,0.17040674283135598,-0.00042736278195553985,1000.3825879005711,191.29395028556928,0.10000000000000001
2197,0,0.41425887210826229,0.1499742424276915,0.16955944847106888,-0.00076619221258743644,1000.4572794807031,228.63974035152523,0.10000000000000001
2198,0,0.42422677338264303,0.14991743114115125,0.17151458157026453,-0.00048262795904594266,1000.416112098017,208.05604900851904,0.10000000000000001
2199,0,0.43430164721509296,0.14997647944781312,0.17093412762372218,-0.00075386345028546019,1000.3921088992248,196.05444961240437,0.10000000000000001
2200,0,0.4442424230173157,0.14993139957201948,0.17245261211610449,-0.00056694627843926766,1000.4436435221163,221.82176105815188,0.10000000000000001
2201,0,0.4543417474333995,0.14998367132869533,0.17253382552492452,-0.00073644993160039375,1000.325110761729,162.55538086448951,0.10000000000000001
2202,0,0.46427013151885449,0.14994647033993708,0.17357195864894107,-0.00063514399519933864,1000.4402783292099,220.13916460497285,0.10000000000000001
2203,0,0.47437872296526074,0.1499841606108393,0.17398069085466547,-0.00068834758598962245,1000.2731952028512,136.59760142559207,0.10000000000000001
2204,0,0.48431403321781552,0.14996007944357012,0.17491985357116555,-0.0006679222443814279,1000.4025134668984,201.25673344921324,0.10000000000000001
2205,0,0.49441402786414879,0.14997886186979903,0.17530623602734571,-0.00062289767618096286,1000.2314104502942,115.70522514711001,0.10000000000000001
2206,0,0.50437001324703079,0.14996487101560532,0.1761788287502957,-0.00062912090284224188,1000.3483530354415,174.1765177207526,0.10000000000000001
2207,0,0.51445349989903555,0.1499762831741526,0.17660194826871148,-0.00057281438604409182,1000.1932197532758,96.609876637899106,0.10000000000000001
2208,0,0.52442772230409951,0.1499657789508983,0.17723387416381697,-0.00055402752218021531,1000.2910569526083,145.52847630415044,0.10000000000000001
2209,0,0.53449855408923441,0.14997430878967208,0.17774204707223104,-0.00051649304922478639,1000.1601913100932,80.095655046591219,0.10000000000000001
2210,0,0.54448490048678488,0.14996754575834761,0.17815259693862456,-0.00048438701334478998,1000.2369876053882,118.49380269410403,0.10000000000000001
2211,0,0.55454702994516436,0.14997220811641554,0.17865319495740226,-0.00045405238769446516,1000.1332001303598,66.600065179898138,0.10000000000000001
2212,0,0.56454230204173039,0.14996843468388871,0.17895183088137467,-0.00043453164701936359,1000.1911137075206,95.556853760285776,0.10000000000000001
2213,0,0.57459800504910286,0.14997139337958107,0.17939756487225664,-0.00040947120443194702,1000.1105908368538,55.295418426908327,0.10000000000000001
2214,0,0.58459953905958195,0.14996785919209957,0.17965202604489736,-0.00040323096623242797,1000.1549430162295,77.471508114740573,0.10000000000000001
2215,0,0.59465116436951726,0.14997120320001936,0.18004995741165936,-0.00039165413955741441,1000.0911256523322,45.56282616607632,0.10000000000000001
2216,0,0.60465651298713097,0.14996700401592694,0.18032109147506586,-0.00039629732222267356,1000.1262071293626,63.103564681284752,0.10000000000000001
2217,0,0.61470527923381146,0.14997064648094688,0.18068205086086297,-0.00039740751573422872,1000.0733169928991,36.658496449547329,0.10000000000000001
2218,0,0.62471376353778074,0.14996626256937665,0.18101575159871899,-0.00041131557618566221,1000.1012858875293,50.6429437646716,0.10000000000000001
2219,0,0.63475962116231088,0.14996982595869937,0.1813730275983699,-0.00041892858823323903,1000.0545692875359,27.284643767927719,0.10000000000000001
2220,0,0.644771365363775,0.14996534852107021,0.18177049755487293,-0.0004429841007336244,1000.076482239351,38.241119675490154,0.10000000000000001
2221,0,0.65481463880106439,0.14996911764722387,0.1821635831870124,-0.00044834734348459389,1000.0325584613098,16.279230654902221,0.10000000000000001
2222,0,0.66482885522861568,0.14996443082596045,0.18261120071921269,-0.00047717466620038649,1000.047933149192,23.966574595988277,0.10000000000000001
2223,0,0.67487051494060946,0.14996821384132678,0.18305429666349846,-0.00047464621339659012,1000.0053103030066,2.6551515032906536,0.10000000000000001
2224,0,0.68488677770873596,0.14996364335777027,0.18352860226547524,-0.00050095259589844445,1000.0133063552332,6.653177616612993,0.10000000000000001
2225,0,0.69492674188437487,0.14996710057056606,0.18402214313100801,-0.00048814028229976605,999.97113743817965,-14.431280910173427,0.10000000000000001
2226,0,0.70494547401576602,0.14996307936645201,0.18449166789580107,-0.00050438538644176226,999.97138553222703,-14.307233886484028,0.10000000000000001
2227,0,0.71498344409584902,0.1499656762378366,0.18501565382290422,-0.00048295062983460586,999.92954544727138,-35.227276364310001,0.10000000000000001
2228,0,0.72500500091417297,0.14996259754712751,0.18546448469104498,-0.00048559921433806826,999.92207118744909,-38.964406275454166,0.10000000000000001
2229,0,0.73504116157664245,0.14996411550639829,0.18598264144454904,-0.00045895928052032002,999.88082231569445,-59.588842152777488,0.10000000000000001
2230,0,0.74506522445970735,0.1499619052857506,0.18640750783755067,-0.00045190643023863256,999.86631551386881,-66.842243065593721,0.10000000000000001
2231,0,0.75510009115157217,0.14996271539832812,0.18689369339262879,-0.0004229245051846081,999.82589279980311,-87.053600098442985,0.10000000000000001
2232,0,0.76512621075851195,0.14996104807491809,0.18729711975736563,-0.00041411799217948395,999.80557323918367,-97.21338040816363,0.10000000000000001
2233,0,0.77516030139039027,0.14996164497759992,0.18774793843213702,-0.00039047935650495479,999.76607657511067,-116.96171244466314,0.10000000000000001
2234,0,0.78518810461164557,0.14996047700741319,0.1881425606452182,-0.00038695465613820611,999.74140553403413,-129.29723298293538,0.10000000000000001
2235,0,0.79522182982845213,0.14996085498264089,0.18857850558006292,-0.00037674904736323888,999.70273267610753,-148.63366194623495,0.10000000000000001
2236,0,0.80525117472207342,0.14996006410735727,0.18898992075013002,-0.00038676944442493405,999.67510466596195,-162.44766701902336,0.10000000000000001
2237,0,0.81528482658099988,0.149960195461907,0.18944929295827317,-0.0003954665409651902,999.63707537222615,-181.46231388692513,0.10000000000000001
2238,0,0.82531549960377459,0.14995947834497839,0.18991628929501442,-0.0004238963773319201,999.60746812711602,-196.2659364419892,0.10000000000000001
2239,0,0.83534941020131059,0.14995949864331251,0.19044505584889546,-0.00045401042352041359,999.56993965690629,-215.03017154685722,0.10000000000000001
2240,0,0.84538115713492257,0.14995888972137322,0.1910117851366831,-0.00050082200675728543,999.53882312576047,-230.58843711976351,0.10000000000000001
2241,0,0.85541552952936417,0.14995894563058701,0.19165520675833744,-0.00054961359108506285,999.50161893955362,-249.19053022318849,0.10000000000000001
2242,0,0.86544841420407692,0.14995859023688735,0.1923604457433728,-0.00061012478702034438,999.46915510616748,-265.42244691626138,0.10000000000000001
2243,0,0.87548328492813665,0.14995880969725375,0.19315376705700735,-0.00067025365432477817,999.43193113633038,-284.03443183481158,0.10000000000000001
2244,0,0.88551722285171153,0.1499587335728782,0.19402230253887146,-0.00073605042486751782,999.39817291353506,-300.91354323246833,0.10000000000000001
2245,0,0.89555263359902815,0.14995903616519599,0.1949825878157099,-0.00079793250098358351,999.3605849477691,-319.70752611545095,0.10000000000000001
2246,0,0.90558758954174357,0.1499591753747502,0.19602156406074864,-0.0008595178541780773,999.32548593044203,-337.25703477898605,0.10000000000000001
2247,0,0.91562369184299153,0.14995958112420649,0.19714397016965474,-0.00091400392169435781,999.287396284838,-356.30185758100197,0.10000000000000001
2248,0,0.92565976600181021,0.14995989341281479,0.19834015106893954,-0.0009636412102157465,999.25103746366676,-374.48126816661897,0.10000000000000001
2249,0,0.93569683163785078,0.14996040682916387,0.19960431323165373,-0.0010038041267274778,999.21255194468893,-393.72402765553716,0.10000000000000001
2250,0,0.94573421200633934,0.14996093610294225,0.20092553501730623,-0.0010374443987081782,999.17531687628718,-412.34156185640813,0.10000000000000001
2251,0,0.95577230744374331,0.14996172650396156,0.20229990365089479,-0.0010602651835966673,999.13696198442653,-431.5190077867328,0.10000000000000001
2252,0,0.96581081184246786,0.14996265392889194,0.20370727489402551,-0.0010778363764366377,999.09952519514059,-450.23740242970689,0.10000000000000001
2253,0,0.97584980554155654,0.14996385421783587,0.20515392092452447,-0.001085229426509824,999.06227496746408,-468.86251626796138,0.10000000000000001
2254,0,0.98588922763944431,0.14996522774679374,0.20661076914367593,-0.0010902032666688451,999.02574132851953,-487.12933574023509,0.10000000000000001
2255,0,0.99592927861280589,0.14996678980891232,0.20809578485268143,-0.0010879013040148166,998.99070727463686,-504.64636268156937,0.10000000000000001
2256,0,1.0059697545567108,0.1499683923012336,0.20957461991098786,-0.001085302199675893,998.95669547856608,-521.65226071696225,0.10000000000000001
2257,0,1.016011222161977,0.14997001922937159,0.21107199632896567,-0.0010802448210397774,998.92491867393335,-537.54066303332593,0.10000000000000001
2258,0,1.0260528594121485,0.14997149892763406,0.21256074916935508,-0.001074949605783148,998.8952853743973,-552.35731280134814,0.10000000000000001
2259,0,1.0360956731926456,0.14997303452787694,0.21405420871534062,-0.0010728382091181367,998.86772466782099,-566.137666089503,0.10000000000000001
2260,0,1.0461381996314643,0.14997448924624909,0.21555438787301975,-0.0010681549731799767,998.84416330843339,-577.91834578330281,0.10000000000000001
2261,0,1.0561818337737596,0.14997625393969607,0.21703939992515903,-0.001071320759258917,998.82166832125699,-589.16583937150335,0.10000000000000001
2262,0,1.0662251583422691,0.14997804819979252,0.21855778016404898,-0.0010688971106892146,998.80517419551347,-597.41290224326349,0.10000000000000001
2263,0,1.0762693150610716,0.14998024883407582,0.22004301866356898,-0.0010750986068186249,998.78872826346742,-605.63586826629034,0.10000000000000001
2264,0,1.086313894474952,0.14998248392831529,0.22158154328457697,-0.0010740271803557099,998.77905750856542,-610.47124571729228,0.10000000000000001
2265,0,1.0963583697809325,0.14998492537751237,0.22308294362271019,-0.0010765345522840406,998.76991880280434,-615.04059859782956,0.10000000000000001
2266,0,1.1064044703052254,0.1499874330957981,0.22463029861901959,-0.0010741671336370006,998.76551182256503,-617.24408871748437,0.10000000000000001
2267,0,1.1164488016625516,0.14998955473620196,0.22616154528011453,-0.0010651294309373088,998.76494932588741,-617.52533705629276,0.10000000000000001
2268,0,1.1264961298057896,0.1499920588112042,0.22769003707154065,-0.0010578583809587466,998.76364547371156,-618.17726314421861,0.10000000000000001
2269,0,1.1365401635922381,0.14999345562141353,0.22924758697910338,-0.0010309790924165211,998.77199687340226,-614.00156329887068,0.10000000000000001
2270,0,1.1465880716381787,0.1499959873231653,0.23072002730221247,-0.0010137734526280697,998.77248542444204,-613.75728777898075,0.10000000000000001
2271,0,1.1566325155912709,0.14999683681908915,0.23226868269612708,-0.0009665328791575124,998.78799188239168,-606.00405880416019,0.10000000000000001
2272,0,1.1666799622224155,0.14999936263083585,0.23365084551641951,-0.00093247234752480543,998.79120349770596,-604.39825114701762,0.10000000000000001
2273,0,1.1767261104873441,0.15000020083197277,0.23511934018161373,-0.00086643109510305247,998.80940234317359,-595.29882841320614,0.10000000000000001
2274,0,1.1867714320803222,0.15000219076528973,0.23638912487909394,-0.00080981385752198804,998.81891145453142,-590.54427273429155,0.10000000000000001
2275,0,1.1968203389339136,0.15000379396115912,0.23768268270154744,-0.00073250754831894773,998.83347747082144,-583.26126458928229,0.10000000000000001
2276,0,1.2068619645166545,0.1500041955642939,0.23882923131807732,-0.00065204020909958606,998.85392318535025,-573.03840732487288,0.10000000000000001
2277,0,1.2169140274938086,0.15000718049169232,0.23985859758082773,-0.00057485926893594648,998.85944018430428,-570.27990784786198,0.10000000000000001
2278,0,1.2269520443459614,0.15000493322785197,0.24087233018870249,-0.00047373592808784532,998.89325383690937,-553.37308154531684,0.10000000000000001
2279,0,1.2370061733268851,0.15000938420049384,0.24158958993420418,-0.0004063965809359016,998.88912612372451,-555.43693813774553,0.10000000000000001
2280,0,1.2470429932784146,0.15000466718431799,0.24244310042246475,-0.00029033698533776638,998.93286381974724,-533.56809012637996,0.10000000000000001
2281,0,1.2570954821394595,0.1500095250656501,0.24287306884935853,-0.00023404000494104657,998.92652128577447,-536.73935711276499,0.10000000000000001
2282,0,1.267135671593649,0.15000436941391043,0.24351358740438522,-0.0001128675742186688,998.96942778893333,-515.28610553333465,0.10000000000000001
2283,0,1.2771808981204325,0.1500070104270658,0.24374345046365076,-6.2413949134891951e-05,998.97500952647272,-512.49523676364106,0.10000000000000001
2284,0,1.2872297453794059,0.15000513578242852,0.24411911322047597,4.4816748912062118e-05,999.00244950645856,-498.7752467707196,0.10000000000000001
2285,0,1.2972626149550535,0.15000212259750675,0.2442681717333261,9.5217618945742756e-05,999.03458540648467,-482.70729675766688,0.10000000000000001
2286,0,1.3073233201110264,0.15000714276493421,0.24436034517726268,0.00015719471611371345,999.03458957325051,-482.70521337474293,0.10000000000000001
2287,0,1.3173429137487993,0.14999621132409316,0.2445376659728189,0.00021153715598455506,999.09981967660963,-450.09016169518645,0.10000000000000001
2288,0,1.3274131123342332,0.15000907669523916,0.24439800634065875,0.00020019625527420461,999.07150830938076,-464.24584530961965,0.10000000000000001
2289,0,1.337425081431473,0.14999156135706326,0.24465836745474701,0.00026948596274225395,999.16141264456974,-419.29367771513171,0.10000000000000001
2290,0,1.3474951960565269,0.15000799414042343,0.24440416942250409,0.00018880514322450355,999.12011650758257,-439.94174620871718,0.10000000000000001
2291,0,1.3575122356783142,0.14999005588588754,0.24471860898435083,0.00027873181025134524,999.2108865600336,-394.55671998319986,0.10000000000000001
2292,0,1.3675675659212783,0.15000121674320896,0.24450108823634242,0.00017416098819995944,999.18472111330368,-407.6394433481596,0.10000000000000001
2293,0,1.3776049904493197,0.14999235304839334,0.24476990993843595,0.00026946117678445201,999.24519629986969,-377.40185006515503,0.10000000000000001
2294,0,1.387632111486129,0.14998948682394356,0.2447138606801616,0.0001957262811184292,999.26161758871126,-369.1912056443698,0.10000000000000001
2295,0,1.3976993698180982,0.14999850189896555,0.24483402004906082,0.00024926794705656832,999.26691451574607,-366.54274212696691,0.10000000000000001
2296,0,1.4076945041630042,0.1499780401244328,0.24501393809458272,0.00023328129105792316,999.33894356112398,-330.52821943800836,0.10000000000000001
2297,0,1.4177879264103299,0.15000675649079681,0.24493874347110092,0.00019005405435939686,999.2824393284518,-358.78033577409951,0.10000000000000001
2298,0,1.4277626057805226,0.14997342902979136,0.24535363882089278,0.00024215711206839965,999.40058250629386,-299.70874685307081,0.10000000000000001
2299,0,1.4378636190028116,0.15001115489740394,0.24513390947776606,9.9265875856210576e-05,999.30183857696272,-349.08071151863851,0.10000000000000001
2300,0,1.4478433660919965,0.14997714949973812,0.24567667931081036,0.00021800847911143767,999.43396084862582,-283.01957568709213,0.10000000000000001
2301,0,1.4579245203423845,0.1500035412471927,0.24543485443381632,6.2517584461520493e-05,999.3350499995056,-332.47500024720011,0.10000000000000001
2302,0,1.467937668968966,0.14998379851650545,0.24591434014502839,0.00022507642278243008,999.43681688349272,-281.59155825363769,0.10000000000000001
2303,0,1.4779743787311261,0.14998301145305601,0.24578333596937316,0.00015476012937480169,999.38489832424864,-307.55083787568083,0.10000000000000001
2304,0,1.4880373636950075,0.14998926908407911,0.24599768250037343,0.00030828812815969004,999.4164301078913,-291.78494605434935,0.10000000000000001
2305,0,1.498020618329116,0.14996284048239381,0.24609313118647536,0.00035198512741149593,999.4445123024791,-277.74384876045133,0.10000000000000001
2306,0,1.5081299802544323,0.14999663284307599,0.245945277962313,0.00040084992886634446,999.38712580989613,-306.43709505193328,0.10000000000000001
2307,0,1.5180739998586126,0.14996042432073614,0.24633851580011995,0.00051718355220826018,999.49883830596866,-250.58084701566941,0.10000000000000001
2308,0,1.5282066302399435,0.15000514762639167,0.24590740424829455,0.00039483520352659066,999.36905097435601,-315.4745128219929,0.10000000000000001
2309,0,1.5381461643949292,0.1499755751292578,0.24658493019682826,0.00053595079190469372,999.53216188457475,-233.919057712626,0.10000000000000001
2310,0,1.5482665131847533,0.15000099390199262,0.24611971546708467,0.00032509612251164659,999.38506787885854,-307.46606057073222,0.10000000000000001
2311,0,1.5582399898398713,0.14998855329365193,0.24691262153209723,0.00045940428477305421,999.53873427179167,-230.63286410416595,0.10000000000000001
2312,0,1.568313536282405,0.14997309059644923,0.24670426155408812,0.00029326363613844285,999.44811718304845,-275.94140847577364,0.10000000000000001
2313,0,1.5783443583385572,0.14998801704100242,0.24738677947851612,0.00039461618450141846,999.52754632590904,-236.22683704547853,0.10000000000000001
2314,0,1.5883506877397291,0.14994305880054101,0.24760315793810217,0.00030465963288332662,999.55080202724537,-224.59898637731612,0.10000000000000001
2315,0,1.5984394521349701,0.14999276662753044,0.24806085636214228,0.00030864244216728117,999.51495457702845,-242.5227114857762,0.10000000000000001
2316,0,1.6083855444351272,0.14994396497230561,0.24871235882742837,0.00018611850906002494,999.66322192158577,-168.38903920711346,0.10000000000000001
2317,0,1.618517432290024,0.15001411674315834,0.24915799243556577,1.9639987710692938e-05,999.52559147361842,-237.20426319079024,0.10000000000000001
2318,0,1.6284328459373727,0.14996782032266046,0.25009502374156112,-0.00015856136786311694,999.74772108373372,-126.13945813313876,0.10000000000000001
2319,0,1.6385812703698526,0.15002341198973176,0.25083863248567195,-0.00046174164082307559,999.58410295502188,-207.94852248906182,0.10000000000000001
2320,0,1.6485024450866534,0.14996912371724117,0.2519429076715281,-0.00056062896357246355,999.79614390529412,-101.92804735294203,0.10000000000000001
2321,0,1.6586280332786438,0.14999096363024988,0.25297908077501829,-0.00090341039164222624,999.69750949050751,-151.24525474624306,0.10000000000000001
2322,0,1.6685856533586483,0.14994098558824748,0.25429010998231993,-0.00081195503480372127,999.82843918264314,-85.780408678431286,0.10000000000000001
2323,0,1.678646391911822,0.14995279901457273,0.25518121247589853,-0.0011854178096492637,999.83967566216529,-80.162168917354393,0.10000000000000001
2324,0,1.6886626795000399,0.14993817384057079,0.25689253717463234,-0.00093978007687077817,999.85146598799554,-74.267006002230573,0.10000000000000001
2325,0,1.6986303494093806,0.14994497231163956,0.25736028327605431,-0.0013315798744680488,999.97152064781756,-14.239676091222009,0.10000000000000001
2326,0,1.7087437026883598,0.14996488486217821,0.25936159865242059,-0.0010487767901008853,999.8477540719324,-76.122964033800145,0.10000000000000001
2327,0,1.7185998115068244,0.14992766339833616,0.25972965802844472,-0.0013066280034793659,1000.041939549189,20.969774594504997,0.10000000000000001
2328,0,1.728843557009307,0.14997335264003192,0.26194895423314429,-0.00092716031924751786,999.82985740604408,-85.0712969779579,0.10000000000000001
2329,0,1.7385735464206877,0.14988191198307046,0.26189647006834565,-0.0012363362039608632,999.99941372357443,-0.29313821278265095,0.10000000000000001
2330,0,1.7489656976612997,0.14998818069003855,0.26488625724872633,-2.3436738486824796e-05,999.7714243332332,-114.28783338340054,0.10000000000000001
2331,0,1.7585257629428444,0.14989733002222216,0.26355201506948217,-0.00072617859182827862,999.90366053645141,-48.169731774294178,0.10000000000000001
2332,0,1.7690891623562592,0.15006144063033605,0.26729687205894531,0.00052870524804224026,999.55430621843402,-222.84689078298925,0.10000000000000001
2333,0,1.7784548224393799,0.15001700044672037,0.26458683150409612,7.1144440556131271e-05,999.99381471811876,-3.0926409406220046,0.10000000000000001
2334,0,1.7891896329071943,0.1501137494087971,0.26913503258445848,-0.00020791592436613437,999.63141901788015,-184.2904910599259,0.10000000000000001
2335,0,1.7983854718626657,0.15012870591221064,0.26570294407852935,-0.00065523415682442777,1000.0233720158901,11.686007945058918,0.10000000000000001
2336,0,1.8092737110263539,0.15016589401864475,0.26970818657811862,-0.00060296733105217617,1000.1223606298138,61.180314906891908,0.10000000000000001
2337,0,1.8183441214893337,0.15025742849773613,0.26802929683296878,-0.00098730404314301416,1000.0132770786645,6.6385393322434538,0.10000000000000001
2338,0,1.829352354431615,0.15021772242135742,0.26931830797244005,-0.0013572724283048366,1000.2300068822607,115.00344113034089,0.10000000000000001
2339,0,1.8384085122734255,0.15040693831893237,0.26877674684352137,-0.0013178171011207975,1000.0825532160072,41.276608003613546,0.10000000000000001
2340,0,1.8493702959815639,0.15024901979491365,0.26676968305435306,-0.001917432689174351,1000.3128364546565,156.4182273282313,0.10000000000000001
2341,0,1.8586078040838927,0.15049689056481619,0.26567616342157657,-0.0041099701263499202,1000.087879919452,43.939959726003508,0.10000000000000001
2342,0,1.8695689658161254,0.15009053094311614,0.26445441194351971,-0.0069465417454143471,999.91159728168395,-44.201359158023479,0.10000000000000001
2343,0,1.87903418528507,0.15057480057347256,0.26203944642194577,-0.0077004514994222202,999.89336116210109,-53.319418949456576,0.10000000000000001
2344,0,1.889994177594513,0.15009024897585557,0.26429517853480478,-0.0048263849061917566,999.73760703118228,-131.19648440886067,0.10000000000000001
2345,0,1.8990633041322726,0.15009072042611896,0.25894070293136928,-0.0017485108154291088,999.66412514104456,-167.93742947771761,0.10000000000000001
2346,0,1.9131881210207433,0.14821149552505011,0.26753385506311417,0.014301230933278212,1000.0759362467472,37.968123373616436,0.10000000000000001
2347,0,1.9129788665669991,0.14856331651620022,0.26648046534469988,0.014076613341627194,1000.0785534074454,39.276703722691764,0.10000000000000001
2348,0,1.9373546434747753,0.15810333339460689,0.26059165439096621,0.01391702445799938,1000.0644496151756,32.224807587795112,0.10000000000000001
2349,0,1.938100336861694,0.15760663139117806,0.26134906999207669,0.014353717089166928,1000.0294533909386,14.726695469278184,0.10000000000000001
2350,0,1.9527578870061415,0.15224427732123355,0.2603059378313623,0.020410124355207337,999.99712289478111,-1.4385526094429224,0.10000000000000001
2351,0,1.9744408484184932,0.15089739714212655,0.24906165554561158,0.013809938482654233,1000.0012312143224,0.61560716119402059,0.10000000000000001
2352,0,1.9745963267268827,0.15015472179464787,0.2485982286343083,0.013380935100151294,999.99711936658412,-1.4403167079422019,0.10000000000000001
2353,0,0.15944146584340319,0.15163026486298906,0.18856090952064058,6.6979479979436808e-05,1000.033594283118,16.797141558981821,0.10000000000000001
2354,0,0.16030854916495946,0.15351990719141595,0.18795500187271189,0.0029149496565760214,1000.0294002999592,14.700149979603339,0.10000000000000001
2355,0,0.17423197406124544,0.15527251199107381,0.18190098135367827,0.017618576813701551,1000.0238945600696,11.947280034803498,0.10000000000000001
2356,0,0.19133875463546246,0.18031133716062139,0.096011811049765194,0.0078624128952152882,1000.0152506328274,7.6253164136801388,0.10000000000000001
2357,0,0.20198136170736322,0.1640441897323798,0.15248561450607945,-0.018505441066476093,1000.587682085844,293.84104292199709,0.10000000000000001
2358,0,0.21150888151083158,0.16943940451375117,0.15307382181667903,0.0029054553575301183,1000.2495040262228,124.75201311139017,0.10000000000000001
2359,0,0.22258466820831649,0.15634307911441017,0.16978650698728662,0.014403505195016384,1000.452220276798,226.11013839900806,0.10000000000000001
2360,0,0.23231084404036731,0.16453688594004565,0.1793014954323289,-0.0070849301909796502,1000.3635986066314,181.79930331569949,0.10000000000000001
2361,0,0.24287570807114409,0.15602795591705498,0.17180236066471355,-0.0079643494164928115,1000.0795218100046,39.760905002310665,0.10000000000000001
2362,0,0.25204569742936367,0.16185893379342162,0.16908755345134518,-0.0073302166569938322,1000.2152773047105,107.63865235526282,0.10000000000000001
2363,0,0.2626387888085423,0.15698399731822144,0.16671771563131813,-0.01481663904995259,1000.3895624444242,194.78122221210015,0.10000000000000001
2364,0,0.27147432784825515,0.16206859903343424,0.16377840938992999,-0.0014561506732401887,1000.1603302876675,80.165143833767161,0.10000000000000001
2365,0,0.28215849474602345,0.15795288196192012,0.16201913634589735,-0.013234854548874431,1000.5371709181425,268.58545907123244,0.10000000000000001
2366,0,0.29139483157733742,0.16116357475618037,0.16265420939852501,0.0048873542757538989,1000.0336318987429,16.815949371448369,0.10000000000000001
2367,0,0.30163518114859666,0.15917608498571337,0.15929803965504166,-0.0089660733790075595,1000.5765936905552,288.29684527761401,0.10000000000000001
2368,0,0.31149616364221405,0.16017242942336093,0.16277556814670563,0.0025527156257542996,1000.1399420323557,69.971016177873935,0.10000000000000001
2369,0,0.32128408823197602,0.16010124727001809,0.15804198312982115,-0.002486408460263797,1000.4409057331929,220.45286659647445,0.10000000000000001
2370,0,0.33147797433598153,0.15945468739702753,0.16247337750501289,-0.0011992990796847573,1000.3563521060084,178.17605300422201,0.10000000000000001
2371,0,0.34114579957615698,0.16065858140539072,0.15788845694627962,0.0042967838993149439,1000.2669699191098,133.4849595548917,0.10000000000000001
2372,0,0.35139444443911433,0.15924066251259231,0.16117617694263006,-0.0039103189442466092,1000.5388501251161,269.42506255807075,0.10000000000000001
2373,0,0.3611932773837872,0.16058602305692771,0.15865954243557023,0.0058980016053042207,1000.2107628856915,105.38144284572581,0.10000000000000001
2374,0,0.37127190588143205,0.15952086816396105,0.15956146446454067,-0.0046019112927967601,1000.5993453706665,299.67268533323477,0.10000000000000001
2375,0,0.38127867972029156,0.16014159072549083,0.16026105698322721,0.003367633179847858,1000.2728770534499,136.4385267249304,0.10000000000000001
2376,0,0.39120489230337779,0.1600039678054832,0.15900524701255009,-0.0032265286186670371,1000.5626258821725,281.31294108624161,0.10000000000000001
2377,0,0.40130517891431222,0.15971463446469147,0.16168208441651954,0.00011595089767559597,1000.3799386561655,189.96932808272504,0.10000000000000001
2378,0,0.41122940072349179,0.16035663267232902,0.15979915598353056,-0.00036936471340940274,1000.4597149432988,229.85747164938175,0.10000000000000001
2379,0,0.42126612491337861,0.1595279447843452,0.16239828930252362,-0.0022585639476752684,1000.4780505830774,239.02529153872365,0.10000000000000001
2380,0,0.43129408672917569,0.16044500765534889,0.161431395342791,0.0017918033488637812,1000.3555537665143,177.77688325713825,0.10000000000000001
2381,0,0.44122993145008665,0.15955347018684338,0.16294418774065078,-0.0032923455139243917,1000.5178788818225,258.93944091126286,0.10000000000000001
2382,0,0.4513413801001136,0.16036693786606321,0.16309092233438416,0.0024562552464677317,1000.2901978636575,145.09893182872702,0.10000000000000001
2383,0,0.46123175915591669,0.15967223739065256,0.16390551028103184,-0.0034664184827588669,1000.497152490157,248.57624507848186,0.10000000000000001
2384,0,0.47137142671915916,0.16023788959138136,0.16452501037544504,0.002323180876746358,1000.2512818641633,125.6409320816374,0.10000000000000001
2385,0,0.48127118661694723,0.15978946191626903,0.16509559147618547,-0.0033321549922536498,1000.4478110457942,223.90552289709831,0.10000000000000001
2386,0,0.49138682741581508,0.16014316216750604,0.16588644152067597,0.0019833743022275225,1000.2148171416441,107.40857082203092,0.10000000000000001
2387,0,0.50133391829934726,0.15984256965979751,0.16624354567230079,-0.0030677191300759561,1000.391355728413,195.67786420651601,0.10000000000000001
2388,0,0.51140176976458973,0.16011611771890708,0.16711665388386862,0.0016170041215414555,1000.1793558757336,89.677937866781576,0.10000000000000001
2389,0,0.52139364054942594,0.15984105084155781,0.16733652649616981,-0.0027053189092081913,1000.3320814118023,166.04070590113906,0.10000000000000001
2390,0,0.53143131412535238,0.16012471325926686,0.168088779095597,0.0012863845393466496,1000.1489639948678,74.481997433906599,0.10000000000000001
2391,0,0.54144185786741783,0.1598269520612105,0.1683256160233608,-0.0023261398974893368,1000.2749341779778,137.46708898889892,0.10000000000000001
2392,0,0.55147441697864941,0.16013170301237808,0.16886566429474809,0.001002769802284386,1000.123359757425,61.67987871248215,0.10000000000000001
2393,0,0.56148288708672822,0.15982668096714406,0.1691227775726947,-0.0019714295403120592,1000.225454093051,112.72704652549237,0.10000000000000001
2394,0,0.57152385602728983,0.16011906441601145,0.16953882264749226,0.0007322050821776284,1000.102348225793,51.174112896489987,0.10000000000000001
2395,0,0.58152321535666174,0.15984691071622623,0.1697745015710122,-0.0016581315540303389,1000.1842449383797,92.122469189860112,0.10000000000000001
2396,0,0.59157298733592278,0.16008925638287888,0.17013620156358189,0.00047247604815942577,1000.0860645879645,43.032293982264491,0.10000000000000001
2397,0,0.60156687782490914,0.15987796681673905,0.1703845465896339,-0.0014246050346749047,1000.1502389159333,75.119457966650316,0.10000000000000001
2398,0,0.61161907686583172,0.16005592568921981,0.17071483280341271,0.00024898976665594844,1000.0718028281573,35.901414078637117,0.10000000000000001
2399,0,0.62161423643372737,0.15990678280134812,0.17101405135507147,-0.0012863111199476894,1000.1215243112129,60.762155606425949,0.10000000000000001
2400,0,0.63166241272412871,0.16002917374786799,0.1713538346122416,5.5311854878595051e-05,1000.0563685202394,28.184260119701321,0.10000000000000001
2401,0,0.64166415758148643,0.15992677876109287,0.17170638895824267,-0.0012120661464917373,1000.0943387541298,47.169377064903983,0.10000000000000001
2402,0,0.65170497605112199,0.16001166550113066,0.17209544350779954,-0.00012701005015779382,1000.0376930784585,18.846539229230075,0.10000000000000001
2403,0,0.6617141046806464,0.15993913724290065,0.17249213384716289,-0.0011570957658258248,1000.0640680776621,32.034038831056932,0.10000000000000001
2404,0,0.67174904524380563,0.15999981627432877,0.17294634559094396,-0.0003013511284362955,1000.0137080072287,6.8540036143645011,0.10000000000000001
2405,0,0.6817631928367528,0.15994741961978923,0.17336798318657237,-0.0010959733700997619,1000.0280445571543,14.022278577158431,0.10000000000000001
2406,0,0.69179455801682865,0.15999140653685176,0.173881424995253,-0.00045240693946884682,999.98248941863437,-8.7552906828136656,0.10000000000000001
2407,0,0.70181193574382184,0.15995280427156255,0.17430918577463261,-0.0010193979920636331,999.9848916223649,-7.5541888175507665,0.10000000000000001
2408,0,0.71184120160494024,0.15998535845456158,0.17484616383482557,-0.00056510744237028127,999.94325068813737,-28.374655931315829,0.10000000000000001
2409,0,0.72186102724682411,0.15995608978634543,0.1752770856333995,-0.0009349688307925489,999.93469488258086,-32.652558709571622,0.10000000000000001
2410,0,0.73188885363984291,0.15998075640438655,0.17579005766352421,-0.00062548257690776691,999.89591803276699,-52.040983616507219,0.10000000000000001
2411,0,0.74191040210852888,0.15995843208824662,0.17621685417734756,-0.00085675977573759559,999.87865934332763,-60.670328336186685,0.10000000000000001
2412,0,0.75193735739106526,0.15997686248622858,0.17668571908538558,-0.00064151243349200456,999.84126469848775,-79.36765075612584,0.10000000000000001
2413,0,0.76196011543268893,0.15996009443820985,0.17709350821884351,-0.00079062655027751778,999.81806932174675,-90.965339126626077,0.10000000000000001
2414,0,0.77198681931686375,0.15997377736877991,0.17752092453492932,-0.00063898827406797345,999.78107596000018,-109.4620199999099,0.10000000000000001
2415,0,0.78201048627919811,0.15996133238907451,0.17791198791752993,-0.0007465701046439915,999.75398919822942,-123.00540088529033,0.10000000000000001
2416,0,0.79203757620539483,0.15997137763989389,0.17831705114227689,-0.00064398020315081274,999.71709959710449,-141.45020144775344,0.10000000000000001
2417,0,0.80206239181618411,0.15996202225516332,0.17871141696956247,-0.00073879499034401152,999.68756949419185,-156.2152529040759,0.10000000000000001
2418,0,0.81208983944151825,0.1599697563969579,0.17913051069964306,-0.00068050854354815616,999.65071539560415,-174.64230219792398,0.10000000000000001
2419,0,0.82211574379932872,0.15996238859057663,0.17956485278176706,-0.00077819199165034877,999.61959185519572,-190.20407240213899,0.10000000000000001
2420,0,0.83214352632364075,0.15996827739179925,0.18004225654946823,-0.00076131614855257741,999.58280290418486,-208.59854790757026,0.10000000000000001
2421,0,0.84217011343210124,0.15996284856754908,0.18056178525038893,-0.00086922420307848766,999.55048369829467,-224.75815085266504,0.10000000000000001
2422,0,0.8521985382678311,0.1599667574467098,0.18114403286689465,-0.00088674862130099972,999.51363501770663,-243.18249114668333,0.10000000000000001
2423,0,0.86222596328123924,0.15996327264336388,0.1817894310923685,-0.0010032061645199636,999.48024471811948,-259.87764094026033,0.10000000000000001
2424,0,0.87225508528223328,0.15996589192366514,0.18251414387160758,-0.0010456727619459222,999.44306220552232,-278.46889723883805,0.10000000000000001
2425,0,0.88228357689897197,0.1599638577563241,0.18331432289252664,-0.001162709219344885,999.40854394201358,-295.72802899321005,0.10000000000000001
2426,0,0.89231344771377552,0.15996568995349314,0.1842010000970421,-0.0012164055432987947,999.37073666015385,-314.63166992307379,0.10000000000000001
2427,0,0.90234309781899313,0.15996461594303743,0.1851664280494425,-0.0013258687801035471,999.33502678667094,-332.48660666453134,0.10000000000000001
2428,0,0.91237374960635975,0.15996588177831125,0.18621408193378794,-0.0013747860192108753,999.29636355330535,-351.8182233473226,0.10000000000000001
2429,0,0.92240463811691575,0.15996533739878627,0.18733302214002673,-0.0014706361241889887,999.25961421612567,-370.19289193716531,0.10000000000000001
2430,0,0.93243649739058854,0.15996613142691343,0.18852392780609412,-0.0015031507272818194,999.22013187084974,-389.93406457512947,0.10000000000000001
2431,0,0.94246883408943549,0.159965979856763,0.18976581250626526,-0.0015787781883353173,999.18263233497146,-408.68383251427076,0.10000000000000001
2432,0,0.95250203040339498,0.15996705985507698,0.19106690053701633,-0.0015957748740682413,999.14303627620552,-428.48186189723947,0.10000000000000001
2433,0,0.96253562484012312,0.15996734612091729,0.19239537345899865,-0.0016422822578099415,999.10510216580781,-447.44891709609647,0.10000000000000001
2434,0,0.97257017549715852,0.15996903259535397,0.19376575236317084,-0.0016560023447021613,999.06677077373899,-466.61461313050268,0.10000000000000001
2435,0,0.98260511043845267,0.159969476594472,0.19514640119722093,-0.0016651445634332435,999.02897447145665,-485.51276427167522,0.10000000000000001
2436,0,0.99264145348752331,0.15997137566107533,0.19654890386418186,-0.0016924061598993293,998.99352378054505,-503.23810972747651,0.10000000000000001
2437,0,1.0026782400045289,0.15997195577700948,0.19795596506723115,-0.0016630281371265954,998.95700639772406,-521.49680113797103,0.10000000000000001
2438,0,1.012716685501134,0.15997349103912847,0.19936228059725034,-0.0017127964511094971,998.92576600320876,-537.11699839561788,0.10000000000000001
2439,0,1.0227555046112915,0.15997475924278878,0.20078117046394753,-0.00166057213629901,998.89241858651326,-553.79070674337072,0.10000000000000001
2440,0,1.0327954057051434,0.15997543494800123,0.20217830994923855,-0.0017196649776552867,998.86586288887918,-567.06855556041091,0.10000000000000001
2441,0,1.0428357463023412,0.1599783172584979,0.20360250469715388,-0.0016824520033539379,998.83843249314236,-580.78375342881827,0.10000000000000001
2442,0,1.0528760956871859,0.15997772330916205,0.20499677830994015,-0.0017108255090282946,998.81590659951053,-592.04670024473671,0.10000000000000001
2443,0,1.0629178898090801,0.15998231499861695,0.20642298880433857,-0.0017396872921538837,998.79740419882671,-601.29790058664412,0.10000000000000001
2444,0,1.0729590216476399,0.15998035490242155,0.20783618568457968,-0.0016866751268066517,998.77779234560876,-611.1038271956204,0.10000000000000001
2445,0,1.0830030304816827,0.15998565643934975,0.20926169210136561,-0.0018192372125777889,998.77017661582397,-614.91169208801466,0.10000000000000001
2446,0,1.0930460137560793,0.15998419562358962,0.21071461214874257,-0.0016598493007567734,998.75322318315489,-623.38840842255649,0.10000000000000001
2447,0,1.1030920070856787,0.15998800455637077,0.21213665778673196,-0.0018822579690642163,998.75579906553617,-622.10046723191681,0.10000000000000001
2448,0,1.1131371901146234,0.15999043938638613,0.21363165964867889,-0.0016557479990225196,998.74353608352646,-628.2319582367677,0.10000000000000001
2449,0,1.123183681001144,0.15998866647726992,0.21505127471728835,-0.0018736216616179956,998.75201979227268,-623.99010386366172,0.10000000000000001
2450,0,1.1332311056750921,0.15999831382515078,0.21655725901472875,-0.0016982807198305365,998.74907699804464,-625.4615009776785,0.10000000000000001
2451,0,1.1432768651668122,0.15998744889586478,0.21797831946628932,-0.0017480467924071456,998.75629886252716,-621.85056873641997,0.10000000000000001
2452,0,1.1533266193947687,0.16000569403421719,0.2194295134797499,-0.0017877893564054899,998.76834851591468,-615.82574204265939,0.10000000000000001
2453,0,1.1633716638119713,0.15998666670079087,0.22084876892357069,-0.0015036882363769798,998.76717831518931,-616.41084240534383,0.10000000000000001
2454,0,1.1734232069899673,0.16000957679932176,0.22216592864157284,-0.0018770959044711291,998.79740211164915,-601.29894417542573,0.10000000000000001
2455,0,1.1834684738900454,0.15999088474154577,0.22355025199254988,-0.0012000692602361133,998.78511644512241,-607.44177743879391,0.10000000000000001
2456,0,1.19351982995338,0.16000660620772225,0.22467790338197671,-0.0018709814421747036,998.83023841517411,-584.88079241294599,0.10000000000000001
2457,0,1.2035667845002043,0.1600038170182011,0.22594846718300943,-0.00095090231052436035,998.81243711886657,-593.78144056671545,0.10000000000000001
2458,0,1.2136155724344551,0.1599941187708224,0.22688697795186685,-0.0016626692532417009,998.86070433456416,-569.6478327179193,0.10000000000000001
2459,0,1.2236658830865133,0.16002441360741804,0.22792616763693038,-0.0008815139461989741,998.85183950996327,-574.08024501836508,0.10000000000000001
2460,0,1.2337107654592891,0.15997413333385146,0.22873199659953103,-0.0011989578399580086,998.88518155970144,-557.40922014928174,0.10000000000000001
2461,0,1.2437645761568772,0.1600460774550993,0.22942058821955358,-0.0010525840224120874,998.90370909003673,-548.14545498163625,0.10000000000000001
2462,0,1.253805768045652,0.15995652146605194,0.23016671557880736,-0.00052924657826320407,998.90481644558577,-547.59177720711705,0.10000000000000001
2463,0,1.2638608744494835,0.16005605033927214,0.23045017116439109,-0.0013762059344247356,998.96395102663655,-518.02448668172474,0.10000000000000001
2464,0,1.273900722645682,0.1599556990943633,0.2311482398075041,0.00018723038640015811,998.92577591339239,-537.11204330380724,0.10000000000000001
2465,0,1.2839534996616264,0.16004024468660652,0.23110073960063734,-0.0016158653829853851,999.02411402602638,-487.94298698680905,0.10000000000000001
2466,0,1.2939956308879283,0.15998408021434066,0.2316622648256054,0.00070084073607573985,998.95832988553605,-520.83505723197732,0.10000000000000001
2467,0,1.30404241255065,0.15999256433247458,0.23149548008675017,-0.0015206673329961973,999.07486088190831,-462.56955904584629,0.10000000000000001
2468,0,1.3140896386431036,0.1600422479203118,0.2317684123302923,0.00073011987839086438,999.0127473385129,-493.62633074355244,0.10000000000000001
2469,0,1.3241282096214715,0.15992359612124851,0.23176812466458538,-0.00099275579250739988,999.11064622667686,-444.67688666156846,0.10000000000000001
2470,0,1.3341800442859835,0.16011228478624062,0.23164177744801889,0.0001075262914869081,999.09347523061751,-453.26238469124291,0.10000000000000001
2471,0,1.344211403113456,0.15986004028926229,0.23202229019148149,-0.00011218048026984233,999.13163173508133,-434.18413245933607,0.10000000000000001
2472,0,1.354264633561594,0.16015792080511632,0.23149729884652914,-0.0010136917595837791,999.19233693239687,-403.831533801565,0.10000000000000001
2473,0,1.3642935283403783,0.15983707090339869,0.23227636606111265,0.00091034524147361542,999.14482389789896,-427.58805105052033,0.10000000000000001
2474,0,1.3743441481504721,0.16014134860383275,0.23150462343513467,-0.0020973415613392663,999.28938581601494,-355.30709199252897,0.10000000000000001
2475,0,1.3843766757635327,0.15988283397078515,0.23243935390199458,0.0017677148326045015,999.16329496749097,-418.35251625451519,0.10000000000000001
2476,0,1.394420278924648,0.16005037921123083,0.23172702357459252,-0.0025468060179038112,999.36215103596214,-318.92448201892876,0.10000000000000001
2477,0,1.4044599540857523,0.15999968658358446,0.23242873916140333,0.002058309242845455,999.20283531016833,-398.58234491583744,0.10000000000000001
2478,0,1.414493631710855,0.15990972134899847,0.23215687338295379,-0.0021465493173349142,999.39677777787892,-301.61111106053795,0.10000000000000001
2479,0,1.4245397226975161,0.16015295653671738,0.23230681043627113,0.0013983818657853089,999.27330886476818,-363.34556761590875,0.10000000000000001
2480,0,1.434563353502899,0.15977184815899878,0.23275746128694771,-0.0010815241347812343,999.39191884921411,-304.04057539294627,0.10000000000000001
2481,0,1.4446147789664188,0.16027469587702117,0.23223611278626471,-0.00022966399709907181,999.36852160953924,-315.7391952303783,0.10000000000000001
2482,0,1.4546320407601101,0.15969567880077284,0.2334203082272811,0.00033143793210746643,999.35863640044136,-320.68179977932232,0.10000000000000001
2483,0,1.4646876347970139,0.16029635208315313,0.23231620407255385,-0.0021318374429894413,999.4632079794917,-268.3960102541505,0.10000000000000001
2484,0,1.4747050631374881,0.15972317463035776,0.2338931763634873,0.001754149856139384,999.31884786736521,-340.57606631739645,0.10000000000000001
2485,0,1.4847580016334339,0.16019441015743177,0.23253063353390077,-0.0032255857219406396,999.52632326800983,-236.83836599508368,0.10000000000000001
2486,0,1.4947820181179079,0.15986227002834671,0.23392388137555237,0.0027404111747778084,999.30150966826318,-349.24516586841037,0.10000000000000001
2487,0,1.5048219247613743,0.16000508714147946,0.2328189295966088,-0.0029377626254886639,999.53906276989335,-230.46861505332572,0.10000000000000001
2488,0,1.5148571734719798,0.16007628297734935,0.23353577486775126,0.0026239639544954345,999.33313272703231,-333.43363648384639,0.10000000000000001
2489,0,1.5248780381547045,0.15980206078356571,0.2332239386535892,-0.0015525822901308476,999.50330468889604,-248.34765555198146,0.10000000000000001
2490,0,1.5349304875826373,0.16027424910042423,0.23307690335712897,0.00091629130465380897,999.42173178531925,-289.1341073403737,0.10000000000000001
2491,0,1.5449336907575082,0.15966553362365193,0.23388983436565819,0.00034125652179190088,999.43966663546144,-280.16668226928232,0.10000000000000001
2492,0,1.5550085625989767,0.16034796545515911,0.23292937812779518,-0.0017983703439698015,999.54269347033585,-228.65326483207582,0.10000000000000001
2493,0,1.5649954813066935,0.15965856436976045,0.23467538335492594,0.002314559407177905,999.37737484910417,-311.31257544791424,0.10000000000000001
2494,0,1.57508423672938,0.16024171089725989,0.23330565254572955,-0.0039343656297446562,999.65416614493654,-172.91692753173038,0.10000000000000001
2495,0,1.5850613475781308,0.15981806276830218,0.23521429981195843,0.003986225409806656,999.3518942076837,-324.05289615815036,0.10000000000000001
2496,0,1.5951405998142323,0.15999604349567365,0.23421910515486652,-0.0044289985349118492,999.7276647514833,-136.1676242583485,0.10000000000000001
2497,0,1.6051231924174085,0.16012487041719703,0.23534280842106597,0.0045963500499585277,999.39609436393118,-301.95281803440821,0.10000000000000001
2498,0,1.6151874685781265,0.15969786588558646,0.2357030528450767,-0.0038326370616130847,999.7650400589539,-117.47997052304981,0.10000000000000001
2499,0,1.6251753802825919,0.16048408630017372,0.23561684760273474,0.0032100595910308895,999.52424209002368,-237.87895498816169,0.10000000000000001
2500,0,1.6352516723957859,0.15941648727469937,0.23777814309198236,-0.0029736823882645477,999.77558128911971,-112.2093554401431,0.10000000000000001
2501,0,1.645223526161415,0.1607567810261851,0.23676432534688427,-4.1360931059297223e-05,999.71040287985534,-144.79856007233138,0.10000000000000001
2502,0,1.6553172699114405,0.15922579567785713,0.24018226476426749,-0.0018169514058226422,999.76416156669075,-117.91921665462723,0.10000000000000001
2503,0,1.6652538240810137,0.16083380183075852,0.23890672407593075,-0.00375983464214791,999.91009514444977,-44.952427775115211,0.10000000000000001
2504,0,1.6753538201318288,0.15922142064100009,0.24237417943246356,-2.3669451760825858e-05,999.73326608506056,-133.36695746971827,0.10000000000000001
2505,0,1.6852613074130403,0.16070358205902807,0.24155761141700655,-0.0069594904720802426,1000.1013261563696,50.663078184811638,0.10000000000000001
2506,0,1.695358078172466,0.15946700205682462,0.24430653334113631,0.0024623480229257191,999.70014940779629,-149.92529610185557,0.10000000000000001
2507,0,1.7053175648276655,0.16032891055791268,0.24417301174887679,-0.0096832461995281175,1000.2770560288218,138.52801441089468,0.10000000000000001
2508,0,1.7153178485679133,0.16000728443063741,0.2459842164301477,0.0051103429239199808,999.68645199299283,-156.77400350358539,0.10000000000000001
2509,0,1.725466817925708,0.15964727891634481,0.24726615003274513,-0.012115375648088076,1000.4420314781983,221.01573909912986,0.10000000000000001
2510,0,1.7351931281609809,0.1608877891551854,0.24637927367412465,0.008311531440383017,999.6471842859554,-176.40785702229778,0.10000000000000001
2511,0,1.7456426274440591,0.15873558586533343,0.25187124791194948,-0.014826943884762245,1000.6592890990022,329.64454950109712,0.10000000000000001
2512,0,1.7549189421102636,0.16223341542520212,0.24468197943204495,0.017446948394125708,999.48246822949693,-258.76588525153466,0.10000000000000001
2513,0,1.7658285263609037,0.15776712037941429,0.25615521403534519,-0.016900667658734346,1000.8849740461444,442.48702307220356,0.10000000000000001
2514,0,1.7745540089008214,0.16415145621576657,0.24358378299255065,0.03915029369936357,999.22901144728064,-385.49427635967959,0.10000000000000001
2515,0,1.786008359530582,0.1570392531464348,0.25768519644421739,-0.010718409720270571,1000.531817352969,265.90867648451422,0.10000000000000001
2516,0,1.7942331559691065,0.1662478460769839,0.24435388128348223,0.055450528160681654,999.27661355747045,-361.69322126477255,0.10000000000000001
2517,0,1.8061412040500824,0.15677412293342663,0.25791327985524337,-0.0011475411943269709,999.94664966569394,-26.675167153030088,0.10000000000000001
2518,0,1.813876311155864,0.16782813258127824,0.24463958979337175,0.047677552733715919,999.47475126975166,-262.62436512416798,0.10000000000000001
2519,0,1.8262914990123253,0.15689580685405244,0.25796877310177169,0.0011255028618887956,999.89067631669639,-54.661841651807208,0.10000000000000001
2520,0,1.833500391898979,0.16924864000087064,0.24237784536634521,0.050993078045016405,999.46480954191748,-267.59522904126243,0.10000000000000001
2521,0,1.8464288422477704,0.157611450087185,0.25606094812815705,0.0055049210908057955,999.74237066996511,-128.81466501744399,0.10000000000000001
2522,0,1.8530697995235625,0.17139028910320186,0.23271727156418684,0.025971180250861651,999.87661784510829,-61.691077445857445,0.10000000000000001
2523,0,1.8662901077647458,0.15845254377016305,0.25104699352361931,-0.012107095031659952,1000.4641398834435,232.0699417217611,0.10000000000000001
2524,0,1.8724105018624746,0.17108902774447091,0.22817445784078866,0.0026418983144654721,999.90823833848549,-45.880830757255353,0.10000000000000001
2525,0,1.8864859058050172,0.1572795134549235,0.24833541302560061,-0.018818069489960378,1000.7551301526109,377.56507630547276,0.10000000000000001
2526,0,1.8918367434946348,0.17116442170637564,0.21688903799069559,0.0217373058564105,999.88800889920162,-55.995550399188687,0.10000000000000001
2527,0,1.9086395375726384,0.15526587955913521,0.24875337009501977,0.006133134285358055,1000.5511285767902,275.56428839511682,0.10000000000000001
2528,0,1.9113160611105426,0.16786142229376616,0.22616173545123852,0.0070569867304854884,1000.1399049659663,69.952482983126174,0.10000000000000001
2529,0,1.9243896439262704,0.16830260270353797,0.23938916878522737,0.034579645609834349,999.74117483452505,-129.4125827374728,0.10000000000000001
2530,0,1.9262101442642336,0.17051505172522222,0.24098727735661202,-0.032796815550783481,1000.4828192687705,241.40963438526342,0.10000000000000001
2531,0,1.9584056009152579,0.1549835324122735,0.25273408321597951,0.025389921984193771,1000.0388906399621,19.445319981059583,0.10000000000000001
2532,0,1.9728080851893832,0.15387121985564692,0.25029207104464957,0.016508564977789558,1000.0138062602906,6.9031301453037486,0.10000000000000001
2533,0,1.9739990263602323,0.1520984323869535,0.24973104720354286,0.014745532925037066,1000.007935387654,3.9676938270076789,0.10000000000000001
2534,0,0.17485940614372392,0.15490458469020113,0.18256843559558764,0.018266388339511139,1000.0419898515331,20.994925766558481,0.10000000000000001
2535,0,0.11624171627610699,0.19669813172050379,0.028712434016730581,-0.024591179782241446,999.93839718051936,-30.801409740320196,0.10000000000000001
2536,0,0.1700661332455955,0.15682573608203812,0.18138240540021991,0.012176213934607173,999.97174791752786,-14.126041236067977,0.10000000000000001
2537,0,0.19719554974372874,0.16011830090835119,0.15659104667096424,-0.014158945534117258,1001.0175773147453,508.78865737263368,0.10000000000000001
2538,0,0.1968197773466914,0.16428148015983299,0.16896946347663389,0.094683550907627187,998.91643035441359,-541.78482279320406,0.10000000000000001
2539,0,0.21298463531777415,0.16974368106500257,0.15706845090068816,0.0094736511148574287,1000.2250543401691,112.52717008454738,0.10000000000000001
2540,0,0.2224551976888256,0.16364836945614136,0.17504484963936029,0.026335400587057745,999.94308428491581,-28.457857542093734,0.10000000000000001
2541,0,0.23014526239790933,0.17153385804285315,0.17090165358619896,0.00090538949362515165,1000.1501915985883,75.09579929416077,0.10000000000000001
2542,0,0.24165028930306412,0.16544726473889548,0.17517282106805143,-0.0083189217337847308,1000.1625939375103,81.296968755168564,0.10000000000000001
2543,0,0.24826499619068468,0.17028421669440291,0.1668563401994845,0.011413368998487794,1000.1513228060128,75.661403006392902,0.10000000000000001
2544,0,0.25957894622526301,0.17058995160546195,0.15885637800676128,-0.022337684401895663,1000.241367572488,120.68378624400111,0.10000000000000001
2545,0,0.26759454444405889,0.1674684026765712,0.16146104046667439,0.0079588551654455175,1000.0126576137365,6.3288068682254561,0.10000000000000001
2546,0,0.27886071559691428,0.17139749204854871,0.14955234001167353,-0.020532314130379668,1000.3686879467825,184.34397339126463,0.10000000000000001
2547,0,0.28696499863718544,0.16817618646532151,0.15595047518701885,0.0049573960801660676,1000.0548147603751,27.407380187526087,0.10000000000000001
2548,0,0.29830244972517983,0.17113095048567151,0.14806071441934068,-0.017851741196803762,1000.447948826324,223.97441316201139,0.10000000000000001
2549,0,0.30688203995081104,0.16881077191684926,0.15322487033708043,0.0079151732505883671,1000.0759265225918,37.963261295885786,0.10000000000000001
2550,0,0.31784998046792451,0.17092169925122486,0.14782765944280898,-0.007406315415064881,1000.4780842894641,239.04214473202501,0.10000000000000001
2551,0,0.32707939223904803,0.1690988799411913,0.15187048180953808,-0.0021240244651225463,1000.2160703156161,108.03515780804673,0.10000000000000001
2552,0,0.33750221333213265,0.17074874057217188,0.14877917778438013,0.0093628875677143515,1000.4013059910175,200.65299550873306,0.10000000000000001
2553,0,0.34730781334419369,0.16919619974835606,0.14990755899641484,-0.017110629704142719,1000.4505237241525,225.26186207625187,0.10000000000000001
2554,0,0.35726594304999276,0.17050491838561319,0.14992830807632201,0.021028401122039964,1000.2830701270478,141.53506352391787,0.10000000000000001
2555,0,0.36739333761832255,0.16957010202551306,0.14780877076289861,-0.020945408678247485,1000.5981161461103,299.05807305516419,0.10000000000000001
2556,0,0.37720902984439891,0.17009616796931634,0.1506112375493743,0.017530631735551812,1000.2536696992158,126.83484960791702,0.10000000000000001
2557,0,0.387339604766201,0.17004403422072978,0.14767096420416942,-0.013596816483392718,1000.59452322679,297.26161339499413,0.10000000000000001
2558,0,0.39728538660843671,0.1696908943448705,0.1509317780020229,0.0073838211021191738,1000.3222792433965,161.13962169822571,0.10000000000000001
2559,0,0.40723840742802736,0.17036631632747959,0.14893430393275697,-0.0043774745212059058,1000.5265460878223,263.27304391116968,0.10000000000000001
2560,0,0.41736161300827557,0.16945316046397729,0.15105505898885374,-0.00095122977714442991,1000.4001145806607,200.05729033033504,0.10000000000000001
2561,0,0.42718847419065847,0.17050146214553275,0.15031070228577864,0.0016301879936833101,1000.4573607309802,228.6803654901064,0.10000000000000001
2562,0,0.43736924971190255,0.16939634024084566,0.15145635609919286,-0.0050348007138106684,1000.4277044241895,213.85221209476413,0.10000000000000001
2563,0,0.44720540703734407,0.17051712751487608,0.15131213118660231,0.0039129505466380336,1000.4110987874268,205.54939371339742,0.10000000000000001
2564,0,0.45734303333951087,0.16944568920401434,0.15229584266925286,-0.0061132244117237441,1000.4047716078113,202.3858039056563,0.10000000000000001
2565,0,0.4672573189463835,0.17045289293189256,0.15229522101814763,0.0042428327695756786,1000.3678513222318,183.92566111589304,0.10000000000000001
2566,0,0.4773160338816031,0.16953933586428921,0.15318735501048591,-0.0057608149694351775,1000.3620873112268,181.04365561339364,0.10000000000000001
2567,0,0.48731229961504041,0.17035697663582283,0.15339903317692849,0.0036470356584360334,1000.3182427127235,159.12135636176572,0.10000000000000001
2568,0,0.49731498691019099,0.16963118845186101,0.15405108070769025,-0.0047135193102365355,1000.3128762395294,156.43811976468669,0.10000000000000001
2569,0,0.50734054359841818,0.17026517222426776,0.15442825874577282,0.0025829085148094534,1000.2691075190311,134.55375951554061,0.10000000000000001
2570,0,0.51734601687607107,0.1697098990904386,0.1549450747783423,-0.0034959541180966665,1000.2597180015766,129.85900078831492,0.10000000000000001
2571,0,0.52734971325268121,0.17019106492791627,0.15528487963679349,0.0016824645360228264,1000.2248771326845,112.43856634223448,0.10000000000000001
2572,0,0.53738905809009097,0.16976721231015596,0.15574753891819393,-0.0025485877025125713,1000.2112269541446,105.61347707232471,0.10000000000000001
2573,0,0.54735931965655593,0.17014303561187591,0.15602557012543347,0.0010426542231184225,1000.1850046377961,92.502318898027625,0.10000000000000001
2574,0,0.55742785230402159,0.16980190147029489,0.15641428434153967,-0.0017466605337456442,1000.170786965629,85.393482814481558,0.10000000000000001
2575,0,0.56737916788283449,0.17011446976003361,0.1566423289775222,0.00045632323515623548,1000.1532666518149,76.633325907437211,0.10000000000000001
2576,0,0.57745529038025134,0.16982584414769633,0.15701743077120744,-0.0010839933995700707,1000.1371501138522,68.575056926079014,0.10000000000000001
2577,0,0.5874103725766836,0.17009201435767268,0.15716023610666358,6.4599586711858631e-05,1000.1297012795565,64.850639778228469,0.10000000000000001
2578,0,0.59747322674100656,0.16984927228845703,0.15758811258600083,-0.00082648089155711241,1000.1113657295761,55.682864788025199,0.10000000000000001
2579,0,0.60744726160935392,0.17006772829210423,0.15768507323280379,6.3751507474227821e-05,1000.1087085082098,54.354254104907795,0.10000000000000001
2580,0,0.61748857240921973,0.16987525925068866,0.15812699543231193,-0.00098815217422398892,1000.0933392739444,46.669636972183071,0.10000000000000001
2581,0,0.62748313653223098,0.17004090043282713,0.15828743001094744,0.00028467751830102195,1000.0865970181384,43.29850906918864,0.10000000000000001
2582,0,0.63750654876447022,0.16990139670368368,0.15868871900034595,-0.0012889609691643575,1000.077686770614,38.843385307018252,0.10000000000000001
2583,0,0.64751395889332719,0.17001525639904086,0.15897851070695546,0.00044015643958762762,1000.0620768419665,31.038420983236392,0.10000000000000001
2584,0,0.6575288057361155,0.16992441552729898,0.15932923652508396,-0.0014428267006641601,1000.0580435871321,29.021793566073484,0.10000000000000001
2585,0,0.66754046964943603,0.16999398199788543,0.15974413580597602,0.00036717813781081025,1000.0342909915647,17.145495782358466,0.10000000000000001
2586,0,0.6775530754892527,0.16994147844858867,0.16007391291062845,-0.0013619364207152736,1000.0299229678194,14.961483909701201,0.10000000000000001
2587,0,0.68756520830195766,0.16997968610941783,0.16056341969427068,0.00011899396648632815,1000.00148980185,0.74490092498535887,0.10000000000000001
2588,0,0.6975778958020975,0.16995116278054187,0.16090809271801701,-0.0011192703867488969,999.9918446352317,-4.0776823841497389,0.10000000000000001
2589,0,0.70758957444311521,0.16997227396838183,0.16140546959617011,-0.0001566908907815417,999.96221894501718,-18.890527491407738,0.10000000000000001
2590,0,0.71760256577762427,0.16995460530752463,0.16179061454410829,-0.00086052385085049604,999.94456093101644,-27.719534491779996,0.10000000000000001
2591,0,0.72761398007571954,0.16996957657294662,0.16225174464381839,-0.0003235763658578128,999.915111536729,-42.444231635499818,0.10000000000000001
2592,0,0.73762714789354944,0.1699548638832466,0.16266160379440117,-0.00066183775294320645,999.89045393755327,-54.773031223362523,0.10000000000000001
2593,0,0.74763885199400948,0.1699686571477437,0.1630844730614508,-0.00037703936576100001,999.86046151589233,-69.769242053837388,0.10000000000000001
2594,0,0.75765200121531406,0.1699543533481003,0.16349309622386482,-0.00051681849720411224,999.83115309985624,-84.423450071881234,0.10000000000000001
2595,0,0.76766425476933053,0.16996773889122571,0.16388494346487109,-0.00036454236785018828,999.80021587347119,-99.892063264405806,0.10000000000000001
2596,0,0.77767746765527568,0.16995421167515909,0.16428535843172698,-0.00042064580968542898,999.76814404526851,-115.92797736574312,0.10000000000000001
2597,0,0.7876905109931458,0.16996638742846235,0.16466347988717675,-0.00033431995626223825,999.73630030842889,-131.84984578555259,0.10000000000000001
2598,0,0.79770371900466863,0.16995422453802711,0.16506461106423134,-0.00037512014105915145,999.70292709611283,-148.53645194358478,0.10000000000000001
2599,0,0.80771752506362682,0.16996505255520852,0.16545654937142748,-0.00032961054617128022,999.67037633450809,-164.81183274595423,0.10000000000000001
2600,0,0.81773125142283343,0.16995435118312663,0.16588647496791534,-0.00038843430990571833,999.63647751494182,-181.76124252909176,0.10000000000000001
2601,0,0.82774565441054548,0.16996364661796537,0.16632534647361136,-0.00037071806117350812,999.60343515668842,-198.28242165579013,0.10000000000000001
2602,0,0.83776020305354659,0.16995476381408947,0.16681942687295981,-0.00046808409774631165,999.56939811582652,-215.300942086742,0.10000000000000001
2603,0,0.84777533972442909,0.16996202553248355,0.16734485860085155,-0.00046755726247701453,999.53569823826047,-232.15088086976721,0.10000000000000001
2604,0,0.85779052229765884,0.16995512237160443,0.16793675737050631,-0.00059967924623189847,999.50150751062392,-249.24624468803813,0.10000000000000001
2605,0,0.86780654485905695,0.16996063510008522,0.16858078865276921,-0.00061711554049223994,999.46698578830001,-266.50710584999615,0.10000000000000001
2606,0,0.8778227541960224,0.16995543282591027,0.1692983979628985,-0.00075991262258788723,999.43212933823281,-283.93533088359391,0.10000000000000001
2607,0,0.88783996546549537,0.16995961385319444,0.17008007637534708,-0.00079942446384255667,999.39668734403563,-301.65632798218667,0.10000000000000001
2608,0,0.89785765548728358,0.16995569460796253,0.17093614131230814,-0.00091997635725980624,999.36057261563678,-319.71369218160817,0.10000000000000001
2609,0,0.90787639280939259,0.16995881334665741,0.17185926220634234,-0.00098604819223717388,999.32416807031177,-337.91596484411457,0.10000000000000001
2610,0,0.9178958028414248,0.16995602285004754,0.17284831949550888,-0.0010553909018863542,999.28653914459812,-356.73042770093844,0.10000000000000001
2611,0,0.92791615413790607,0.16995770232463198,0.17390186389775977,-0.0011453344389072372,999.24919167203996,-375.40416398002208,0.10000000000000001
2612,0,0.93793704747173701,0.16995648032374658,0.17500379272251701,-0.0011540956341924784,999.21038595761183,-394.80702119408306,0.10000000000000001
2613,0,0.94795917385702277,0.16995650629619069,0.17616113722670593,-0.0012464310201668253,999.17229590771126,-413.85204614437043,0.10000000000000001
2614,0,0.95798204140258292,0.16995746227906766,0.17734993498924626,-0.0012241678039749107,999.13335072091172,-433.32463954413925,0.10000000000000001
2615,0,0.96800676628799442,0.16995576354810801,0.17857783733260821,-0.001267996502425886,999.09487470184979,-452.56264907510513,0.10000000000000001
2616,0,0.9780324770602824,0.16995849207340555,0.17982655334133743,-0.0012815443669430245,999.05745769408691,-471.27115295654676,0.10000000000000001
2617,0,0.98806021306512404,0.16995578701187913,0.18109342132225439,-0.0012158644537682041,999.01930242203002,-490.34878898498846,0.10000000000000001
2618,0,0.99808908868233037,0.16995854525306975,0.18237995602323537,-0.0013306240176055371,998.98511162401189,-507.44418799405366,0.10000000000000001
2619,0,1.0081195336144015,0.16995706742851455,0.18366113230046099,-0.0011313665045140377,998.94880417555567,-525.59791222216745,0.10000000000000001
2620,0,1.0181516305594864,0.16995709076709578,0.18496889984911383,-0.0013502083009015449,998.91877561836657,-540.61219081671652,0.10000000000000001
2621,0,1.0281845850720046,0.16996010175901866,0.1862529904574306,-0.0010873093183140213,998.88685623294793,-556.57188352603271,0.10000000000000001
2622,0,1.0382203117271354,0.16995479415504672,0.18757032314283922,-0.0012994740367447419,998.8608266038251,-569.58669808744844,0.10000000000000001
2623,0,1.0482563197528154,0.16996426396674735,0.18886147630188937,-0.0011558659933158339,998.83648916179607,-581.75541910196671,0.10000000000000001
2624,0,1.0582960379382571,0.16995317388371384,0.19018118368006795,-0.0011524439838195536,998.81353298742818,-593.23350628591243,0.10000000000000001
2625,0,1.0683355206851433,0.16996678468709892,0.19149462908409468,-0.0013537749958119334,998.79945376308956,-600.27311845522036,0.10000000000000001
2626,0,1.0783782507476987,0.16995439154586997,0.19281280704946302,-0.00094319938952396639,998.77921978575159,-610.3901071242035,0.10000000000000001
2627,0,1.0884212930825785,0.16996477020740519,0.19416337971116868,-0.0015971655532706977,998.77572636449122,-612.13681775438999,0.10000000000000001
2628,0,1.0984659233726191,0.16996118255576606,0.19547653328559036,-0.00078681111314046824,998.75995880445271,-620.02059777364593,0.10000000000000001
2629,0,1.1085135049655455,0.16995740453046509,0.19686689589474898,-0.0017081675829706065,998.76370601328574,-618.1469933571293,0.10000000000000001
2630,0,1.1185598695414569,0.16997370677333837,0.19817290860479589,-0.00084603024590881295,998.75687693068051,-621.56153465974739,0.10000000000000001
2631,0,1.1286125911615352,0.16994659698341538,0.19958419103431368,-0.0014944167433912105,998.76126572241128,-619.36713879435956,0.10000000000000001
2632,0,1.1386606178503402,0.16998724902127105,0.20088081212923978,-0.0012308475771908203,998.76908787674131,-615.45606162934519,0.10000000000000001
2633,0,1.1487172345265546,0.16993823867914548,0.20226862136854731,-0.00088187053293620958,998.76712643943642,-616.43678028178783,0.10000000000000001
2634,0,1.1587672761253693,0.1699934553829926,0.2035509719181044,-0.0018687845485288645,998.79289866653232,-603.55066673383817,0.10000000000000001
2635,0,1.1688252025366657,0.1699411256100222,0.20485184455631861,-3.5791116336342757e-05,998.78187624782527,-609.06187608736673,0.10000000000000001
2636,0,1.1788788658530729,0.16998419950965282,0.20610637565063822,-0.0024298807221213754,998.82207339478373,-588.96330260813556,0.10000000000000001
2637,0,1.1889357508275193,0.16996232587070925,0.20724924663617078,0.00062391927994889882,998.80753302346602,-596.2334882669893,0.10000000000000001
2638,0,1.1989954227600597,0.16995653093009294,0.20845175009193179,-0.0024147496508561397,998.84978530073136,-575.10734963432242,0.10000000000000001
2639,0,1.2090496372268811,0.17000026343658253,0.20937839610935552,0.00058301745497714615,998.84572587685363,-577.13706157318256,0.10000000000000001
2640,0,1.2191158251785423,0.16991696121266173,0.21049379679775607,-0.0014159426081244183,998.87169170201867,-564.15414899066718,0.10000000000000001
2641,0,1.2291663386615477,0.17004149154560508,0.21118400717187927,-0.00045649642985338301,998.89517632348782,-552.41183825609141,0.10000000000000001
2642,0,1.2392365763323991,0.16988322037661047,0.21216328356801081,0.00057422517451620068,998.88862923000954,-555.68538499522901,0.10000000000000001
2643,0,1.2492847049159204,0.17006432590808068,0.21265215982751479,-0.0022644028185305805,998.95039054813105,-524.80472593447303,0.10000000000000001
2644,0,1.2593548982302436,0.16987829503791824,0.21343222702052125,0.0029832575215076791,998.907785058851,-546.10747057449771,0.10000000000000001
2645,0,1.269403979727183,0.17004763782660923,0.21379517776614954,-0.003985598973958622,999.00278084114598,-498.60957942701134,0.10000000000000001
2646,0,1.2794694724597631,0.16991849833490305,0.21430414225417405,0.0047319584415367599,998.94030452406412,-529.84773796794116,0.10000000000000001
2647,0,1.2895226971888858,0.16998385887110795,0.21463121813968852,-0.004454907190256637,999.04431656544716,-477.84171727641933,0.10000000000000001
2648,0,1.2995799514441237,0.17000170789511818,0.21481465154028526,0.0046506289820796055,998.99536178612334,-502.31910693833015,0.10000000000000001
2649,0,1.309638393946067,0.16988760455917973,0.21519461858216032,-0.0028354433000286478,999.07119997402629,-464.40001298685729,0.10000000000000001
2650,0,1.3196860173613003,0.17010203729295431,0.21506449989273035,0.0021473935240125044,999.073698897643,-463.15055117850079,0.10000000000000001
2651,0,1.3297493226952768,0.169794628660901,0.21557163678618621,0.00083881583244122535,999.08658524549151,-456.70737725424715,0.10000000000000001
2652,0,1.3397885893498485,0.17017627229561694,0.21524300423003609,-0.0022508737533539851,999.16620370601311,-416.89814699344652,0.10000000000000001
2653,0,1.3498552409962574,0.16974830003180344,0.21585835403352124,0.0055763841148172436,999.10009759327613,-449.95120336193395,0.10000000000000001
2654,0,1.3598878380387143,0.17018264923867285,0.21552104962944446,-0.0069265113225478797,999.25706457126171,-371.46771436914605,0.10000000000000001
2655,0,1.36995590268492,0.16978107403750392,0.21611240916082985,0.009629474008100233,999.12711215671925,-436.44392164037527,0.10000000000000001
2656,0,1.3799817642147556,0.17010350859265638,0.21591859766323959,-0.0097400012275437129,999.32873678480132,-335.63160759933908,0.10000000000000001
2657,0,1.3900506155211851,0.16989723047463495,0.2163041091262051,0.010970166457937027,999.18111746000363,-409.44126999818309,0.10000000000000001
2658,0,1.4000703437173445,0.1699571930780148,0.2163381756912971,-0.0089998097653671318,999.36730185817214,-316.34907091392961,0.10000000000000001
2659,0,1.4101401584705386,0.17006215006345612,0.21639614157296944,0.0082301075419336876,999.26353504295105,-368.23247852447594,0.10000000000000001
2660,0,1.4201575094312617,0.16979329426836662,0.21673888076523815,-0.0043543919963945667,999.36781489890438,-316.0925505478076,0.10000000000000001
2661,0,1.4302270894969789,0.17021251555097527,0.21649498959460922,0.0017084196944537721,999.36113811772293,-319.43094113853476,0.10000000000000001
2662,0,1.4402487401446518,0.16967298517054932,0.21715958315109912,0.0030496086817865865,999.3373952234125,-331.30238829375003,0.10000000000000001
2663,0,1.4503096377984177,0.17028369167838525,0.21678770450520501,-0.0064491163907729517,999.45297766989609,-273.51116505195705,0.10000000000000001
2664,0,1.4603436339666085,0.16964906105012539,0.2176030037378065,0.010836373204862549,999.29817184871797,-350.91407564101473,0.10000000000000001
2665,0,1.4703805824932945,0.17023903135658716,0.21726405315034322,-0.012987254966599995,999.51774676237028,-241.12661881486019,0.10000000000000001
2666,0,1.4804355791955399,0.16974661296939769,0.21794659970763766,0.01583192585936009,999.28197751777657,-359.01124111171612,0.10000000000000001
2667,0,1.4904390336618376,0.17008624397338892,0.21769428846726566,-0.014852273162598127,999.54044911507708,-229.77544246145953,0.10000000000000001
2668,0,1.5005216690508163,0.16994074951067917,0.21800502072317909,0.015264190603931182,999.31106347967432,-344.46826016284149,0.10000000000000001
2669,0,1.5104971160869747,0.16987980667312003,0.21792113594747869,-0.010733761893318408,999.51512829247076,-242.43585376461851,0.10000000000000001
2670,0,1.520608300262634,0.17015210479913495,0.21785800094014648,0.0084308469352414039,999.38495956668942,-307.52021665529128,0.10000000000000001
2671,0,1.5305698729900814,0.16970278899243263,0.21805772446298508,-0.0016476184729639412,999.44893610786585,-275.53194606707621,0.10000000000000001
2672,0,1.5406957912559698,0.17027740992566809,0.21796678202832784,-0.0025253204218792127,999.48598907248765,-257.0054637561725,0.10000000000000001
2673,0,1.5506550694141428,0.16963959345988674,0.21837997158698047,0.0094595594184652739,999.37406410119002,-312.9679494049924,0.10000000000000001
2674,0,1.5607688960180821,0.17024473045480976,0.21855239442528052,-0.013008924588886576,999.58308441424208,-208.45779287895994,0.10000000000000001
2675,0,1.5707371439394011,0.16974861130281785,0.2189382780539153,0.017973029141218119,999.34334486723992,-328.32756638003957,0.10000000000000001
2676,0,1.5808154597128476,0.1700410134972567,0.21936310575374557,-0.017902225805049091,999.64924200688984,-175.37899655508227,0.10000000000000001
2677,0,1.5908074639871128,0.17003271669372788,0.21943884012515072,0.01919279760980826,999.39928432160821,-300.35783919589676,0.10000000000000001
2678,0,1.6008603402774451,0.1697175077132963,0.22014486506568109,-0.014649476486207834,999.66953255755982,-165.2337212200905,0.10000000000000001
2679,0,1.6108675050119623,0.17039652669975711,0.21963963794781463,0.011594974894107712,999.53093173799607,-234.53413100196485,0.10000000000000001
2680,0,1.6209365198211025,0.16937899365916051,0.22130062916826651,-0.0053460820037545351,999.65632903396761,-171.83548301619567,0.10000000000000001
2681,0,1.6309154406263136,0.1706855965886305,0.2199989109018976,-0.00087964695211816078,999.68626307042018,-156.86846478990901,0.10000000000000001
2682,0,1.6410311590263607,0.16912404393292566,0.2232242764373375,0.0052742874344498189,999.64206354378337,-178.96822810831736,0.10000000000000001
2683,0,1.6509298255762384,0.17082564692622229,0.22107897596982937,-0.011753925460903345,999.82485078999343,-87.574605003283068,0.10000000000000001
2684,0,1.6611158977076286,0.16900348357968656,0.22557991944676822,0.013254242035802015,999.65319839985943,-173.40080007028291,0.10000000000000001
2685,0,1.6708866973736038,0.1708409336146785,0.22280247946036996,-0.017777567354891721,999.94094779819159,-29.526100904206487,0.10000000000000001
2686,0,1.6811870236538855,0.16903999295475877,0.22756956820325239,0.017591149730243477,999.68073493473605,-159.6325326319743,0.10000000000000001
2687,0,1.6908278849295262,0.17079064736043501,0.22515980752054646,-0.021015679622687293,1000.0629623771283,31.481188564157492,0.10000000000000001
2688,0,1.7012665264993465,0.16913811611214008,0.22898519075992077,0.020346099245602906,999.70427901336802,-147.86049331598861,0.10000000000000001
2689,0,1.7107605637798418,0.17080717093168155,0.22733146135715979,-0.023805645748556918,1000.159487072029,79.743536014518668,0.10000000000000001
2690,0,1.7214017388128502,0.16901937144757939,0.23134431906678035,0.019250185892265129,999.78337586153418,-108.31206923290893,0.10000000000000001
2691,0,1.7306062545095477,0.17106784335145345,0.22780851172648134,-0.021109510654770076,1000.1374497604414,68.724880220713658,0.10000000000000001
2692,0,1.7416132621242302,0.16836674767090912,0.23601445671625523,0.0061218326397397896,1000.0097304204438,4.8652102219080007,0.10000000000000001
2693,0,1.7503820005241513,0.17161695852924033,0.22777857112293778,-0.0086819926016368804,1000.0330390299989,16.519514999458806,0.10000000000000001
2694,0,1.7618621172635482,0.16703205361965834,0.23990505645461468,-0.016614757379336199,1000.2996094669185,149.80473345923428,0.10000000000000001
2695,0,1.7701810244464076,0.17201634488610468,0.22972604632893984,-0.0072273782009792736,1000.0704391262324,35.219563116186237,0.10000000000000001
2696,0,1.7820816066156244,0.16525633168593939,0.24149252678281447,-0.037293788277458946,1000.610229360175,305.11468008751308,0.10000000000000001
2697,0,1.790052498434948,0.17161758275510391,0.23366535882278847,-0.02644065720157053,1000.2413935357069,120.69676785347383,0.10000000000000001
2698,0,1.8022573123862795,0.16387603891654751,0.24484099435135731,-0.034640082195730199,1000.6506306418818,325.31532094088789,0.10000000000000001
2699,0,1.8100851572597092,0.17068701556882951,0.23762868060084613,-0.039988604270332621,1000.3887275466457,194.36377332283428,0.10000000000000001
2700,0,1.8225356549524019,0.16320660511939791,0.24809426211269334,-0.014010970127945624,1000.3121950659155,156.09753295774453,0.10000000000000001
2701,0,1.8303099373678782,0.16949923043642962,0.24010416534243265,-0.047588155085413447,1000.5647289522508,282.3644761253945,0.10000000000000001
2702,0,1.8431915317789422,0.16269697714915635,0.24953686986800172,-0.0043278763769501495,1000.2176096141519,108.80480707595552,0.10000000000000001
2703,0,1.8505574277075316,0.16839373377644326,0.23859614873879667,-0.021661193685544197,1000.3079469393235,153.97346966176428,0.10000000000000001
2704,0,1.8638742128256711,0.16191381449328021,0.24642431012983751,0.010944021816649026,999.65806035285595,-170.96982357202251,0.10000000000000001
2705,0,1.8710738391426434,0.16837771901756901,0.23405660417692278,-0.018489816761030543,1000.2939536598752,146.97682993761418,0.10000000000000001
2706,0,1.8846314842196723,0.16259684741710598,0.23909813006153993,0.016659033000046342,999.52998098614796,-235.00950692601918,0.10000000000000001
2707,0,1.8914291691375085,0.16732459920525317,0.22613659608056869,-0.028436599626704463,1000.4360445470961,218.02227354805837,0.10000000000000001
2708,0,1.904228591765537,0.16326111371646412,0.22652849424040558,0.015631200678823742,999.8477117801923,-76.144109903850676,0.10000000000000001
2709,0,1.9097128448542802,0.16735900931318795,0.22476834285375369,0.00061639702157350695,1000.194198837331,97.099418665493431,0.10000000000000001
2710,0,1.9333217188174057,0.15927332776999237,0.25059724084938306,-0.00086184212248047447,1000.5068903294986,253.44516474928014,0.10000000000000001
2711,0,1.9324438027354673,0.16123318122958116,0.25334807186072339,0.020174302118999239,999.76590453597214,-117.04773201392982,0.10000000000000001
2712,0,1.9621094873798224,0.15638572886688953,0.2509233357400148,0.024294629815499492,1000.0235012927727,11.750646386360586,0.10000000000000001
2713,0,1.9116337322483401,0.19679474248804182,0.029306453896602417,-0.024128125165092634,999.75571656108275,-122.14171945862518,0.10000000000000001
2714,0,1.9578804481778862,0.15471938613310998,0.25309935064388284,0.025400339071438929,1000.043988832732,21.994416365998859,0.10000000000000001
2715,1,0,0,0,0,1000,0,0.10000000000000001
2716,1,0,0.20000000000000001,0,0,1000,0,0.10000000000000001
2717,1,0.01,0,0,0,1000,0,0.10000000000000001
2718,1,0.01,0.01,0,0,1000,0,0.10000000000000001
2719,1,0.01,0.19,0,0,1000,0,0.10000000000000001
2720,1,0.01,0.20000000000000001,0,0,1000,0,0.10000000000000001
2721,1,0.02,0,0,0,1000,0,0.10000000000000001
2722,1,0.02,0.01,0,0,1000,0,0.10000000000000001
2723,1,0.02,0.02,0,0,1000,0,0.10000000000000001
2724,1,0.02,0.17999999999999999,0,0,1000,0,0.10000000000000001
2725,1,0.02,0.19,0,0,1000,0,0.10000000000000001
2726,1,0.02,0.20000000000000001,0,0,1000,0,0.10000000000000001
2727,1,0.029999999999999999,0,0,0,1000,0,0.10000000000000001
2728,1,0.029999999999999999,0.01,0,0,1000,0,0.10000000000000001
2729,1,0.029999999999999999,0.02,0,0,1000,0,0.10000000000000001
2730,1,0.029999999999999999,0.17999999999999999,0,0,1000,0,0.10000000000000001
2731,1,0.029999999999999999,0.19,0,0,1000,0,0.10000000000000001
2732,1,0.029999999999999999,0.20000000000000001,0,0,1000,0,0.10000000000000001
2733,1,0.040000000000000001,0,0,0,1000,0,0.10000000000000001
2734,1,0.040000000000000001,0.01,0,0,1000,0,0.10000000000000001
2735,1,0.040000000000000001,0.02,0,0,1000,0,0.10000000000000001
2736,1,0.040000000000000001,0.17999999999999999,0,0,1000,0,0.10000000000000001
2737,1,0.040000000000000001,0.19,0,0,1000,0,0.10000000000000001
2738,1,0.040000000000000001,0.20000000000000001,0,0,1000,0,0.10000000000000001
2739,1,0.050000000000000003,0,0,0,1000,0,0.10000000000000001
2740,1,0.050000000000000003,0.01,0,0,1000,0,0.10000000000000001
2741,1,0.050000000000000003,0.02,0,0,1000,0,0.10000000000000001
2742,1,0.050000000000000003,0.17999999999999999,0,0,1000,0,0.10000000000000001
2743,1,0.050000000000000003,0.19,0,0,1000,0,0.10000000000000001
2744,1,0.050000000000000003,0.20000000000000001,0,0,1000,0,0.10000000000000001
2745,1,0.059999999999999998,0,0,0,1000,0,0.10000000000000001
2746,1,0.059999999999999998,0.01,0,0,1000,0,0.10000000000000001
2747,1,0.059999999999999998,0.02,0,0,1000,0,0.10000000000000001
2748,1,0.059999999999999998,0.17999999999999999,0,0,1000,0,0.10000000000000001
2749,1,0.059999999999999998,0.19,0,0,1000,0,0.10000000000000001
2750,1,0.059999999999999998,0.20000000000000001,0,0,1000,0,0.10000000000000001
2751,1,0.070000000000000007,0,0,0,1000,0,0.10000000000000001
2752,1,0.070000000000000007,0.01,0,0,1000,0,0.10000000000000001
2753,1,0.070000000000000007,0.02,0,0,1000,0,0.10000000000000001
2754,1,0.070000000000000007,0.17999999999999999,0,0,1000,0,0.10000000000000001
2755,1,0.070000000000000007,0.19,0,0,1000,0,0.10000000000000001
2756,1,0.070000000000000007,0.20000000000000001,0,0,1000,0,0.10000000000000001
2757,1,0.080000000000000002,0,0,0,1000,0,0.10000000000000001
2758,1,0.080000000000000002,0.01,0,0,1000,0,0.10000000000000001
2759,1,0.080000000000000002,0.02,0,0,1000,0,0.10000000000000001
2760,1,0.080000000000000002,0.17999999999999999,0,0,1000,0,0.10000000000000001
2761,1,0.080000000000000002,0.19,0,0,1000,0,0.10000000000000001
2762,1,0.080000000000000002,0.20000000000000001,0,0,1000,0,0.10000000000000001
2763,1,0.089999999999999997,0,0,0,1000,0,0.10000000000000001
2764,1,0.089999999999999997,0.01,0,0,1000,0,0.10000000000000001
2765,1,0.089999999999999997,0.02,0,0,1000,0,0.10000000000000001
2766,1,0.089999999999999997,0.17999999999999999,0,0,1000,0,0.10000000000000001
2767,1,0.089999999999999997,0.19,0,0,1000,0,0.10000000000000001
2768,1,0.089999999999999997,0.20000000000000001,0,0,1000,0,0.10000000000000001
2769,1,0.10000000000000001,0,0,0,1000,0,0.10000000000000001
2770,1,0.10000000000000001,0.01,0,0,1000,0,0.10000000000000001
2771,1,0.10000000000000001,0.02,0,0,1000,0,0.10000000000000001
2772,1,0.10000000000000001,0.17999999999999999,0,0,1000,0,0.10000000000000001
2773,1,0.10000000000000001,0.19,0,0,1000,0,0.10000000000000001
2774,1,0.10000000000000001,0.20000000000000001,0,0,1000,0,0.10000000000000001
2775,1,0.11,0,0,0,1000,0,0.10000000000000001
2776,1,0.11,0.01,0,0,1000,0,0.10000000000000001
2777,1,0.11,0.02,0,0,1000,0,0.10000000000000001
2778,1,0.11,0.17999999999999999,0,0,1000,0,0.10000000000000001
2779,1,0.11,0.19,0,0,1000,0,0.10000000000000001
2780,1,0.11,0.20000000000000001,0,0,1000,0,0.10000000000000001
2781,1,0.12,0,0,0,1000,0,0.10000000000000001
2782,1,0.12,0.01,0,0,1000,0,0.10000000000000001
2783,1,0.12,0.02,0,0,1000,0,0.10000000000000001
2784,1,0.12,0.17999999999999999,0,0,1000,0,0.10000000000000001
2785,1,0.12,0.19,0,0,1000,0,0.10000000000000001
2786,1,0.12,0.20000000000000001,0,0,1000,0,0.10000000000000001
2787,1,0.13,0,0,0,1000,0,0.10000000000000001
2788,1,0.13,0.01,0,0,1000,0,0.10000000000000001
2789,1,0.13,0.02,0,0,1000,0,0.10000000000000001
2790,1,0.13,0.17999999999999999,0,0,1000,0,0.10000000000000001
2791,1,0.13,0.19,0,0,1000,0,0.10000000000000001
2792,1,0.13,0.20000000000000001,0,0,1000,0,0.10000000000000001
2793,1,0.14000000000000001,0,0,0,1000,0,0.10000000000000001
2794,1,0.14000000000000001,0.01,0,0,1000,0,0.10000000000000001
2795,1,0.14000000000000001,0.02,0,0,1000,0,0.10000000000000001
2796,1,0.14000000000000001,0.17999999999999999,0,0,1000,0,0.10000000000000001
2797,1,0.14000000000000001,0.19,0,0,1000,0,0.10000000000000001
2798,1,0.14000000000000001,0.20000000000000001,0,0,1000,0,0.10000000000000001
2799,1,0.14999999999999999,0,0,0,1000,0,0.10000000000000001
2800,1,0.14999999999999999,0.01,0,0,1000,0,0.10000000000000001
2801,1,0.14999999999999999,0.02,0,0,1000,0,0.10000000000000001
2802,1,0.14999999999999999,0.17999999999999999,0,0,1000,0,0.10000000000000001
2803,1,0.14999999999999999,0.19,0,0,1000,0,0.10000000000000001
2804,1,0.14999999999999999,0.20000000000000001,0,0,1000,0,0.10000000000000001
2805,1,0.16,0,0,0,1000,0,0.10000000000000001
2806,1,0.16,0.01,0,0,1000,0,0.10000000000000001
2807,1,0.16,0.02,0,0,1000,0,0.10000000000000001
2808,1,0.16,0.17999999999999999,0,0,1000,0,0.10000000000000001
2809,1,0.16,0.19,0,0,1000,0,0.10000000000000001
2810,1,0.16,0.20000000000000001,0,0,1000,0,0.10000000000000001
2811,1,0.17000000000000001,0,0,0,1000,0,0.10000000000000001
2812,1,0.17000000000000001,0.01,0,0,1000,0,0.10000000000000001
2813,1,0.17000000000000001,0.02,0,0,1000,0,0.10000000000000001
2814,1,0.17000000000000001,0.17999999999999999,0,0,1000,0,0.10000000000000001
2815,1,0.17000000000000001,0.19,0,0,1000,0,0.10000000000000001
2816,1,0.17000000000000001,0.20000000000000001,0,0,1000,0,0.10000000000000001
2817,1,0.17999999999999999,0,0,0,1000,0,0.10000000000000001
2818,1,0.17999999999999999,0.01,0,0,1000,0,0.10000000000000001
2819,1,0.17999999999999999,0.02,0,0,1000,0,0.10000000000000001
2820,1,0.17999999999999999,0.17999999999999999,0,0,1000,0,0.10000000000000001
2821,1,0.17999999999999999,0.19,0,0,1000,0,0.10000000000000001
2822,1,0.17999999999999999,0.20000000000000001,0,0,1000,0,0.10000000000000001
2823,1,0.19,0,0,0,1000,0,0.10000000000000001
2824,1,0.19,0.01,0,0,1000,0,0.10000000000000001
2825,1,0.19,0.02,0,0,1000,0,0.10000000000000001
2826,1,0.19,0.17999999999999999,0,0,1000,0,0.10000000000000001
2827,1,0.19,0.19,0,0,1000,0,0.10000000000000001
2828,1,0.19,0.20000000000000001,0,0,1000,0,0.10000000000000001
2829,1,0.20000000000000001,0,0,0,1000,0,0.10000000000000001
2830,1,0.20000000000000001,0.01,0,0,1000,0,0.10000000000000001
2831,1,0.20000000000000001,0.02,0,0,1000,0,0.10000000000000001
2832,1,0.20000000000000001,0.17999999999999999,0,0,1000,0,0.10000000000000001
2833,1,0.20000000000000001,0.19,0,0,1000,0,0.10000000000000001
2834,1,0.20000000000000001,0.20000000000000001,0,0,1000,0,0.10000000000000001
2835,1,0.20999999999999999,0,0,0,1000,0,0.10000000000000001
2836,1,0.20999999999999999,0.01,0,0,1000,0,0.10000000000000001
2837,1,0.20999999999999999,0.02,0,0,1000,0,0.10000000000000001
2838,1,0.20999999999999999,0.17999999999999999,0,0,1000,0,0.10000000000000001
2839,1,0.20999999999999999,0.19,0,0,1000,0,0.10000000000000001
2840,1,0.20999999999999999,0.20000000000000001,0,0,1000,0,0.10000000000000001
2841,1,0.22,0,0,0,1000,0,0.10000000000000001
2842,1,0.22,0.01,0,0,1000,0,0.10000000000000001
2843,1,0.22,0.02,0,0,1000,0,0.10000000000000001
2844,1,0.22,0.17999999999999999,0,0,1000,0,0.10000000000000001
2845,1,0.22,0.19,0,0,1000,0,0.10000000000000001
2846,1,0.22,0.20000000000000001,0,0,1000,0,0.10000000000000001
2847,1,0.23000000000000001,0,0,0,1000,0,0.10000000000000001
2848,1,0.23000000000000001,0.01,0,0,1000,0,0.10000000000000001
2849,1,0.23000000000000001,0.02,0,0,1000,0,0.10000000000000001
2850,1,0.23000000000000001,0.17999999999999999,0,0,1000,0,0.10000000000000001
2851,1,0.23000000000000001,0.19,0,0,1000,0,0.10000000000000001
2852,1,0.23000000000000001,0.20000000000000001,0,0,1000,0,0.10000000000000001
2853,1,0.23999999999999999,0,0,0,1000,0,0.10000000000000001
2854,1,0.23999999999999999,0.01,0,0,1000,0,0.10000000000000001
2855,1,0.23999999999999999,0.02,0,0,1000,0,0.10000000000000001
2856,1,0.23999999999999999,0.17999999999999999,0,0,1000,0,0.10000000000000001
2857,1,0.23999999999999999,0.19,0,0,1000,0,0.10000000000000001
2858,1,0.23999999999999999,0.20000000000000001,0,0,1000,0,0.10000000000000001
2859,1,0.25,0,0,0,1000,0,0.10000000000000001
2860,1,0.25,0.01,0,0,1000,0,0.10000000000000001
2861,1,0.25,0.02,0,0,1000,0,0.10000000000000001
2862,1,0.25,0.17999999999999999,0,0,1000,0,0.10000000000000001
2863,1,0.25,0.19,0,0,1000,0,0.10000000000000001
2864,1,0.25,0.20000000000000001,0,0,1000,0,0.10000000000000001
2865,1,0.26000000000000001,0,0,0,1000,0,0.10000000000000001
2866,1,0.26000000000000001,0.01,0,0,1000,0,0.10000000000000001
2867,1,0.26000000000000001,0.02,0,0,1000,0,0.10000000000000001
2868,1,0.26000000000000001,0.17999999999999999,0,0,1000,0,0.10000000000000001
2869,1,0.26000000000000001,0.19,0,0,1000,0,0.10000000000000001
2870,1,0.26000000000000001,0.20000000000000001,0,0,1000,0,0.10000000000000001
2871,1,0.27000000000000002,0,0,0,1000,0,0.10000000000000001
2872,1,0.27000000000000002,0.01,0,0,1000,0,0.10000000000000001
2873,1,0.27000000000000002,0.02,0,0,1000,0,0.10000000000000001
2874,1,0.27000000000000002,0.17999999999999999,0,0,1000,0,0.10000000000000001
2875,1,0.27000000000000002,0.19,0,0,1000,0,0.10000000000000001
2876,1,0.27000000000000002,0.20000000000000001,0,0,1000,0,0.10000000000000001
2877,1,0.28000000000000003,0,0,0,1000,0,0.10000000000000001
2878,1,0.28000000000000003,0.01,0,0,1000,0,0.10000000000000001
2879,1,0.28000000000000003,0.02,0,0,1000,0,0.10000000000000001
2880,1,0.28000000000000003,0.17999999999999999,0,0,1000,0,0.10000000000000001
2881,1,0.28000000000000003,0.19,0,0,1000,0,0.10000000000000001
2882,1,0.28000000000000003,0.20000000000000001,0,0,1000,0,0.10000000000000001
2883,1,0.28999999999999998,0,0,0,1000,0,0.10000000000000001
2884,1,0.28999999999999998,0.01,0,0,1000,0,0.10000000000000001
2885,1,0.28999999999999998,0.02,0,0,1000,0,0.10000000000000001
2886,1,0.28999999999999998,0.17999999999999999,0,0,1000,0,0.10000000000000001
2887,1,0.28999999999999998,0.19,0,0,1000,0,0.10000000000000001
2888,1,0.28999999999999998,0.20000000000000001,0,0,1000,0,0.10000000000000001
2889,1,0.29999999999999999,0,0,0,1000,0,0.10000000000000001
2890,1,0.29999999999999999,0.01,0,0,1000,0,0.10000000000000001
2891,1,0.29999999999999999,0.02,0,0,1000,0,0.10000000000000001
2892,1,0.29999999999999999,0.17999999999999999,0,0,1000,0,0.10000000000000001
2893,1,0.29999999999999999,0.19,0,0,1000,0,0.10000000000000001
2894,1,0.29999999999999999,0.20000000000000001,0,0,1000,0,0.10000000000000001
2895,1,0.31,0,0,0,1000,0,0.10000000000000001
2896,1,0.31,0.01,0,0,1000,0,0.10000000000000001
2897,1,0.31,0.02,0,0,1000,0,0.10000000000000001
2898,1,0.31,0.17999999999999999,0,0,1000,0,0.10000000000000001
2899,1,0.31,0.19,0,0,1000,0,0.10000000000000001
2900,1,0.31,0.20000000000000001,0,0,1000,0,0.10000000000000001
2901,1,0.32000000000000001,0,0,0,1000,0,0.10000000000000001
2902,1,0.32000000000000001,0.01,0,0,1000,0,0.10000000000000001
2903,1,0.32000000000000001,0.02,0,0,1000,0,0.10000000000000001
2904,1,0.32000000000000001,0.17999999999999999,0,0,1000,0,0.10000000000000001
2905,1,0.32000000000000001,0.19,0,0,1000,0,0.10000000000000001
2906,1,0.32000000000000001,0.20000000000000001,0,0,1000,0,0.10000000000000001
2907,1,0.33000000000000002,0,0,0,1000,0,0.10000000000000001
2908,1,0.33000000000000002,0.01,0,0,1000,0,0.10000000000000001
2909,1,0.33000000000000002,0.02,0,0,1000,0,0.10000000000000001
2910,1,0.33000000000000002,0.17999999999999999,0,0,1000,0,0.10000000000000001
2911,1,0.33000000000000002,0.19,0,0,1000,0,0.10000000000000001
2912,1,0.33000000000000002,0.20000000000000001,0,0,1000,0,0.10000000000000001
2913,1,0.34000000000000002,0,0,0,1000,0,0.10000000000000001
2914,1,0.34000000000000002,0.01,0,0,1000,0,0.10000000000000001
2915,1,0.34000000000000002,0.02,0,0,1000,0,0.10000000000000001
2916,1,0.34000000000000002,0.17999999999999999,0,0,1000,0,0.10000000000000001
2917,1,0.34000000000000002,0.19,0,0,1000,0,0.10000000000000001
2918,1,0.34000000000000002,0.20000000000000001,0,0,1000,0,0.10000000000000001
2919,1,0.35000000000000003,0,0,0,1000,0,0.10000000000000001
2920,1,0.35000000000000003,0.01,0,0,1000,0,0.10000000000000001
2921,1,0.35000000000000003,0.02,0,0,1000,0,0.10000000000000001
2922,1,0.35000000000000003,0.17999999999999999,0,0,1000,0,0.10000000000000001
2923,1,0.35000000000000003,0.19,0,0,1000,0,0.10000000000000001
2924,1,0.35000000000000003,0.20000000000000001,0,0,1000,0,0.10000000000000001
2925,1,0.35999999999999999,0,0,0,1000,0,0.10000000000000001
2926,1,0.35999999999999999,0.01,0,0,1000,0,0.10000000000000001
2927,1,0.35999999999999999,0.02,0,0,1000,0,0.10000000000000001
2928,1,0.35999999999999999,0.17999999999999999,0,0,1000,0,0.10000000000000001
2929,1,0.35999999999999999,0.19,0,0,1000,0,0.10000000000000001
2930,1,0.35999999999999999,0.20000000000000001,0,0,1000,0,0.10000000000000001
2931,1,0.37,0,0,0,1000,0,0.10000000000000001
2932,1,0.37,0.01,0,0,1000,0,0.10000000000000001
2933,1,0.37,0.02,0,0,1000,0,0.10000000000000001
2934,1,0.37,0.17999999999999999,0,0,1000,0,0.10000000000000001
2935,1,0.37,0.19,0,0,1000,0,0.10000000000000001
2936,1,0.37,0.20000000000000001,0,0,1000,0,0.10000000000000001
2937,1,0.38,0,0,0,1000,0,0.10000000000000001
2938,1,0.38,0.01,0,0,1000,0,0.10000000000000001
2939,1,0.38,0.02,0,0,1000,0,0.10000000000000001
2940,1,0.38,0.17999999999999999,0,0,1000,0,0.10000000000000001
2941,1,0.38,0.19,0,0,1000,0,0.10000000000000001
2942,1,0.38,0.20000000000000001,0,0,1000,0,0.10000000000000001
2943,1,0.39000000000000001,0,0,0,1000,0,0.10000000000000001
2944,1,0.39000000000000001,0.01,0,0,1000,0,0.10000000000000001
2945,1,0.39000000000000001,0.02,0,0,1000,0,0.10000000000000001
2946,1,0.39000000000000001,0.17999999999999999,0,0,1000,0,0.10000000000000001
2947,1,0.39000000000000001,0.19,0,0,1000,0,0.10000000000000001
2948,1,0.39000000000000001,0.20000000000000001,0,0,1000,0,0.10000000000000001
2949,1,0.40000000000000002,0,0,0,1000,0,0.10000000000000001
2950,1,0.40000000000000002,0.01,0,0,1000,0,0.10000000000000001
2951,1,0.40000000000000002,0.02,0,0,1000,0,0.10000000000000001
2952,1,0.40000000000000002,0.17999999999999999,0,0,1000,0,0.10000000000000001
2953,1,0.40000000000000002,0.19,0,0,1000,0,0.10000000000000001
2954,1,0.40000000000000002,0.20000000000000001,0,0,1000,0,0.10000000000000001
2955,1,0.41000000000000003,0,0,0,1000,0,0.10000000000000001
2956,1,0.41000000000000003,0.01,0,0,1000,0,0.10000000000000001
2957,1,0.41000000000000003,0.02,0,0,1000,0,0.10000000000000001
2958,1,0.41000000000000003,0.17999999999999999,0,0,1000,0,0.10000000000000001
2959,1,0.41000000000000003,0.19,0,0,1000,0,0.10000000000000001
2960,1,0.41000000000000003,0.20000000000000001,0,0,1000,0,0.10000000000000001
2961,1,0.41999999999999998,0,0,0,1000,0,0.10000000000000001
2962,1,0.41999999999999998,0.01,0,0,1000,0,0.10000000000000001
2963,1,0.41999999999999998,0.02,0,0,1000,0,0.10000000000000001
2964,1,0.41999999999999998,0.17999999999999999,0,0,1000,0,0.10000000000000001
2965,1,0.41999999999999998,0.19,0,0,1000,0,0.10000000000000001
2966,1,0.41999999999999998,0.20000000000000001,0,0,1000,0,0.10000000000000001
2967,1,0.42999999999999999,0,0,0,1000,0,0.10000000000000001
2968,1,0.42999999999999999,0.01,0,0,1000,0,0.10000000000000001
2969,1,0.42999999999999999,0.02,0,0,1000,0,0.10000000000000001
2970,1,0.42999999999999999,0.17999999999999999,0,0,1000,0,0.10000000000000001
2971,1,0.42999999999999999,0.19,0,0,1000,0,0.10000000000000001
2972,1,0.42999999999999999,0.20000000000000001,0,0,1000,0,0.10000000000000001
2973,1,0.44,0,0,0,1000,0,0.10000000000000001
2974,1,0.44,0.01,0,0,1000,0,0.10000000000000001
2975,1,0.44,0.02,0,0,1000,0,0.10000000000000001
2976,1,0.44,0.17999999999999999,0,0,1000,0,0.10000000000000001
2977,1,0.44,0.19,0,0,1000,0,0.10000000000000001
2978,1,0.44,0.20000000000000001,0,0,1000,0,0.10000000000000001
2979,1,0.45000000000000001,0,0,0,1000,0,0.10000000000000001
2980,1,0.45000000000000001,0.01,0,0,1000,0,0.10000000000000001
2981,1,0.45000000000000001,0.02,0,0,1000,0,0.10000000000000001
2982,1,0.45000000000000001,0.17999999999999999,0,0,1000,0,0.10000000000000001
2983,1,0.45000000000000001,0.19,0,0,1000,0,0.10000000000000001
2984,1,0.45000000000000001,0.20000000000000001,0,0,1000,0,0.10000000000000001
2985,1,0.46000000000000002,0,0,0,1000,0,0.10000000000000001
2986,1,0.46000000000000002,0.01,0,0,1000,0,0.10000000000000001
2987,1,0.46000000000000002,0.02,0,0,1000,0,0.10000000000000001
2988,1,0.46000000000000002,0.17999999999999999,0,0,1000,0,0.10000000000000001
2989,1,0.46000000000000002,0.19,0,0,1000,0,0.10000000000000001
2990,1,0.46000000000000002,0.20000000000000001,0,0,1000,0,0.10000000000000001
2991,1,0.47000000000000003,0,0,0,1000,0,0.10000000000000001
2992,1,0.47000000000000003,0.01,0,0,1000,0,0.10000000000000001
2993,1,0.47000000000000003,0.02,0,0,1000,0,0.10000000000000001
2994,1,0.47000000000000003,0.17999999999999999,0,0,1000,0,0.10000000000000001
2995,1,0.47000000000000003,0.19,0,0,1000,0,0.10000000000000001
2996,1,0.47000000000000003,0.20000000000000001,0,0,1000,0,0.10000000000000001
2997,1,0.47999999999999998,0,0,0,1000,0,0.10000000000000001
2998,1,0.47999999999999998,0.01,0,0,1000,0,0.10000000000000001
2999,1,0.47999999999999998,0.02,0,0,1000,0,0.10000000000000001
3000,1,0.47999999999999998,0.17999999999999999,0,0,1000,0,0.10000000000000001
3001,1,0.47999999999999998,0.19,0,0,1000,0,0.10000000000000001
3002,1,0.47999999999999998,0.20000000000000001,0,0,1000,0,0.10000000000000001
3003,1,0.48999999999999999,0,0,0,1000,0,0.10000000000000001
3004,1,0.48999999999999999,0.01,0,0,1000,0,0.10000000000000001
3005,1,0.48999999999999999,0.02,0,0,1000,0,0.10000000000000001
3006,1,0.48999999999999999,0.17999999999999999,0,0,1000,0,0.10000000000000001
3007,1,0.48999999999999999,0.19,0,0,1000,0,0.10000000000000001
3008,1,0.48999999999999999,0.20000000000000001,0,0,1000,0,0.10000000000000001
3009,1,0.5,0,0,0,1000,0,0.10000000000000001
3010,1,0.5,0.01,0,0,1000,0,0.10000000000000001
3011,1,0.5,0.02,0,0,1000,0,0.10000000000000001
3012,1,0.5,0.17999999999999999,0,0,1000,0,0.10000000000000001
3013,1,0.5,0.19,0,0,1000,0,0.10000000000000001
3014,1,0.5,0.20000000000000001,0,0,1000,0,0.10000000000000001
3015,1,0.51000000000000001,0,0,0,1000,0,0.10000000000000001
3016,1,0.51000000000000001,0.01,0,0,1000,0,0.10000000000000001
3017,1,0.51000000000000001,0.02,0,0,1000,0,0.10000000000000001
3018,1,0.51000000000000001,0.17999999999999999,0,0,1000,0,0.10000000000000001
3019,1,0.51000000000000001,0.19,0,0,1000,0,0.10000000000000001
3020,1,0.51000000000000001,0.20000000000000001,0,0,1000,0,0.10000000000000001
3021,1,0.52000000000000002,0,0,0,1000,0,0.10000000000000001
3022,1,0.52000000000000002,0.01,0,0,1000,0,0.10000000000000001
3023,1,0.52000000000000002,0.02,0,0,1000,0,0.10000000000000001
3024,1,0.52000000000000002,0.17999999999999999,0,0,1000,0,0.10000000000000001
3025,1,0.52000000000000002,0.19,0,0,1000,0,0.10000000000000001
3026,1,0.52000000000000002,0.20000000000000001,0,0,1000,0,0.10000000000000001
3027,1,0.53000000000000003,0,0,0,1000,0,0.10000000000000001
3028,1,0.53000000000000003,0.01,0,0,1000,0,0.10000000000000001
3029,1,0.53000000000000003,0.02,0,0,1000,0,0.10000000000000001
3030,1,0.53000000000000003,0.17999999999999999,0,0,1000,0,0.10000000000000001
3031,1,0.53000000000000003,0.19,0,0,1000,0,0.10000000000000001
3032,1,0.53000000000000003,0.20000000000000001,0,0,1000,0,0.10000000000000001
3033,1,0.54000000000000004,0,0,0,1000,0,0.10000000000000001
3034,1,0.54000000000000004,0.01,0,0,1000,0,0.10000000000000001
3035,1,0.54000000000000004,0.02,0,0,1000,0,0.10000000000000001
3036,1,0.54000000000000004,0.17999999999999999,0,0,1000,0,0.10000000000000001
3037,1,0.54000000000000004,0.19,0,0,1000,0,0.10000000000000001
3038,1,0.54000000000000004,0.20000000000000001,0,0,1000,0,0.10000000000000001
3039,1,0.55000000000000004,0,0,0,1000,0,0.10000000000000001
3040,1,0.55000000000000004,0.01,0,0,1000,0,0.10000000000000001
3041,1,0.55000000000000004,0.02,0,0,1000,0,0.10000000000000001
3042,1,0.55000000000000004,0.17999999999999999,0,0,1000,0,0.10000000000000001
3043,1,0.55000000000000004,0.19,0,0,1000,0,0.10000000000000001
3044,1,0.55000000000000004,0.20000000000000001,0,0,1000,0,0.10000000000000001
3045,1,0.56000000000000005,0,0,0,1000,0,0.10000000000000001
3046,1,0.56000000000000005,0.01,0,0,1000,0,0.10000000000000001
3047,1,0.56000000000000005,0.02,0,0,1000,0,0.10000000000000001
3048,1,0.56000000000000005,0.17999999999999999,0,0,1000,0,0.10000000000000001
3049,1,0.56000000000000005,0.19,0,0,1000,0,0.10000000000000001
3050,1,0.56000000000000005,0.20000000000000001,0,0,1000,0,0.10000000000000001
3051,1,0.57000000000000006,0,0,0,1000,0,0.10000000000000001
3052,1,0.57000000000000006,0.01,0,0,1000,0,0.10000000000000001
3053,1,0.57000000000000006,0.02,0,0,1000,0,0.10000000000000001
3054,1,0.57000000000000006,0.17999999999999999,0,0,1000,0,0.10000000000000001
3055,1,0.57000000000000006,0.19,0,0,1000,0,0.10000000000000001
3056,1,0.57000000000000006,0.20000000000000001,0,0,1000,0,0.10000000000000001
3057,1,0.57999999999999996,0,0,0,1000,0,0.10000000000000001
3058,1,0.57999999999999996,0.01,0,0,1000,0,0.10000000000000001
3059,1,0.57999999999999996,0.02,0,0,1000,0,0.10000000000000001
3060,1,0.57999999999999996,0.17999999999999999,0,0,1000,0,0.10000000000000001
3061,1,0.57999999999999996,0.19,0,0,1000,0,0.10000000000000001
3062,1,0.57999999999999996,0.20000000000000001,0,0,1000,0,0.10000000000000001
3063,1,0.58999999999999997,0,0,0,1000,0,0.10000000000000001
3064,1,0.58999999999999997,0.01,0,0,1000,0,0.10000000000000001
3065,1,0.58999999999999997,0.02,0,0,1000,0,0.10000000000000001
3066,1,0.58999999999999997,0.17999999999999999,0,0,1000,0,0.10000000000000001
3067,1,0.58999999999999997,0.19,0,0,1000,0,0.10000000000000001
3068,1,0.58999999999999997,0.20000000000000001,0,0,1000,0,0.10000000000000001
3069,1,0.59999999999999998,0,0,0,1000,0,0.10000000000000001
3070,1,0.59999999999999998,0.01,0,0,1000,0,0.10000000000000001
3071,1,0.59999999999999998,0.02,0,0,1000,0,0.10000000000000001
3072,1,0.59999999999999998,0.17999999999999999,0,0,1000,0,0.10000000000000001
3073,1,0.59999999999999998,0.19,0,0,1000,0,0.10000000000000001
3074,1,0.59999999999999998,0.20000000000000001,0,0,1000,0,0.10000000000000001
3075,1,0.60999999999999999,0,0,0,1000,0,0.10000000000000001
3076,1,0.60999999999999999,0.01,0,0,1000,0,0.10000000000000001
3077,1,0.60999999999999999,0.02,0,0,1000,0,0.10000000000000001
3078,1,0.60999999999999999,0.17999999999999999,0,0,1000,0,0.10000000000000001
3079,1,0.60999999999999999,0.19,0,0,1000,0,0.10000000000000001
3080,1,0.60999999999999999,0.20000000000000001,0,0,1000,0,0.10000000000000001
3081,1,0.62,0,0,0,1000,0,0.10000000000000001
3082,1,0.62,0.01,0,0,1000,0,0.10000000000000001
3083,1,0.62,0.02,0,0,1000,0,0.10000000000000001
3084,1,0.62,0.17999999999999999,0,0,1000,0,0.10000000000000001
3085,1,0.62,0.19,0,0,1000,0,0.10000000000000001
3086,1,0.62,0.20000000000000001,0,0,1000,0,0.10000000000000001
3087,1,0.63,0,0,0,1000,0,0.10000000000000001
3088,1,0.63,0.01,0,0,1000,0,0.10000000000000001
3089,1,0.63,0.02,0,0,1000,0,0.10000000000000001
3090,1,0.63,0.17999999999999999,0,0,1000,0,0.10000000000000001
3091,1,0.63,0.19,0,0,1000,0,0.10000000000000001
3092,1,0.63,0.20000000000000001,0,0,1000,0,0.10000000000000001
3093,1,0.64000000000000001,0,0,0,1000,0,0.10000000000000001
3094,1,0.64000000000000001,0.01,0,0,1000,0,0.10000000000000001
3095,1,0.64000000000000001,0.02,0,0,1000,0,0.10000000000000001
3096,1,0.64000000000000001,0.17999999999999999,0,0,1000,0,0.10000000000000001
3097,1,0.64000000000000001,0.19,0,0,1000,0,0.10000000000000001
3098,1,0.64000000000000001,0.20000000000000001,0,0,1000,0,0.10000000000000001
3099,1,0.65000000000000002,0,0,0,1000,0,0.10000000000000001
3100,1,0.65000000000000002,0.01,0,0,1000,0,0.10000000000000001
3101,1,0.65000000000000002,0.02,0,0,1000,0,0.10000000000000001
3102,1,0.65000000000000002,0.17999999999999999,0,0,1000,0,0.10000000000000001
3103,1,0.65000000000000002,0.19,0,0,1000,0,0.10000000000000001
3104,1,0.65000000000000002,0.20000000000000001,0,0,1000,0,0.10000000000000001
3105,1,0.66000000000000003,0,0,0,1000,0,0.10000000000000001
3106,1,0.66000000000000003,0.01,0,0,1000,0,0.10000000000000001
3107,1,0.66000000000000003,0.02,0,0,1000,0,0.10000000000000001
3108,1,0.66000000000000003,0.17999999999999999,0,0,1000,0,0.10000000000000001
3109,1,0.66000000000000003,0.19,0,0,1000,0,0.10000000000000001
3110,1,0.66000000000000003,0.20000000000000001,0,0,1000,0,0.10000000000000001
3111,1,0.67000000000000004,0,0,0,1000,0,0.10000000000000001
3112,1,0.67000000000000004,0.01,0,0,1000,0,0.10000000000000001
3113,1,0.67000000000000004,0.02,0,0,1000,0,0.10000000000000001
3114,1,0.67000000000000004,0.17999999999999999,0,0,1000,0,0.10000000000000001
3115,1,0.67000000000000004,0.19,0,0,1000,0,0.10000000000000001
3116,1,0.67000000000000004,0.20000000000000001,0,0,1000,0,0.10000000000000001
3117,1,0.68000000000000005,0,0,0,1000,0,0.10000000000000001
3118,1,0.68000000000000005,0.01,0,0,1000,0,0.10000000000000001
3119,1,0.68000000000000005,0.02,0,0,1000,0,0.10000000000000001
3120,1,0.68000000000000005,0.17999999999999999,0,0,1000,0,0.10000000000000001
3121,1,0.68000000000000005,0.19,0,0,1000,0,0.10000000000000001
3122,1,0.68000000000000005,0.20000000000000001,0,0,1000,0,0.10000000000000001
3123,1,0.69000000000000006,0,0,0,1000,0,0.10000000000000001
3124,1,0.69000000000000006,0.01,0,0,1000,0,0.10000000000000001
3125,1,0.69000000000000006,0.02,0,0,1000,0,0.10000000000000001
3126,1,0.69000000000000006,0.17999999999999999,0,0,1000,0,0.10000000000000001
3127,1,0.69000000000000006,0.19,0,0,1000,0,0.10000000000000001
3128,1,0.69000000000000006,0.20000000000000001,0,0,1000,0,0.10000000000000001
3129,1,0.70000000000000007,0,0,0,1000,0,0.10000000000000001
3130,1,0.70000000000000007,0.01,0,0,1000,0,0.10000000000000001
3131,1,0.70000000000000007,0.02,0,0,1000,0,0.10000000000000001
3132,1,0.70000000000000007,0.17999999999999999,0,0,1000,0,0.10000000000000001
3133,1,0.70000000000000007,0.19,0,0,1000,0,0.10000000000000001
3134,1,0.70000000000000007,0.20000000000000001,0,0,1000,0,0.10000000000000001
3135,1,0.70999999999999996,0,0,0,1000,0,0.10000000000000001
3136,1,0.70999999999999996,0.01,0,0,1000,0,0.10000000000000001
3137,1,0.70999999999999996,0.02,0,0,1000,0,0.10000000000000001
3138,1,0.70999999999999996,0.17999999999999999,0,0,1000,0,0.10000000000000001
3139,1,0.70999999999999996,0.19,0,0,1000,0,0.10000000000000001
3140,1,0.70999999999999996,0.20000000000000001,0,0,1000,0,0.10000000000000001
3141,1,0.71999999999999997,0,0,0,1000,0,0.10000000000000001
3142,1,0.71999999999999997,0.01,0,0,1000,0,0.10000000000000001
3143,1,0.71999999999999997,0.02,0,0,1000,0,0.10000000000000001
3144,1,0.71999999999999997,0.17999999999999999,0,0,1000,0,0.10000000000000001
3145,1,0.71999999999999997,0.19,0,0,1000,0,0.10000000000000001
3146,1,0.71999999999999997,0.20000000000000001,0,0,1000,0,0.10000000000000001
3147,1,0.72999999999999998,0,0,0,1000,0,0.10000000000000001
3148,1,0.72999999999999998,0.01,0,0,1000,0,0.10000000000000001
3149,1,0.72999999999999998,0.02,0,0,1000,0,0.10000000000000001
3150,1,0.72999999999999998,0.17999999999999999,0,0,1000,0,0.10000000000000001
3151,1,0.72999999999999998,0.19,0,0,1000,0,0.10000000000000001
3152,1,0.72999999999999998,0.20000000000000001,0,0,1000,0,0.10000000000000001
3153,1,0.73999999999999999,0,0,0,1000,0,0.10000000000000001
3154,1,0.73999999999999999,0.01,0,0,1000,0,0.10000000000000001
3155,1,0.73999999999999999,0.02,0,0,1000,0,0.10000000000000001
3156,1,0.73999999999999999,0.17999999999999999,0,0,1000,0,0.10000000000000001
3157,1,0.73999999999999999,0.19,0,0,1000,0,0.10000000000000001
3158,1,0.73999999999999999,0.20000000000000001,0,0,1000,0,0.10000000000000001
3159,1,0.75,0,0,0,1000,0,0.10000000000000001
3160,1,0.75,0.01,0,0,1000,0,0.10000000000000001
3161,1,0.75,0.02,0,0,1000,0,0.10000000000000001
3162,1,0.75,0.17999999999999999,0,0,1000,0,0.10000000000000001
3163,1,0.75,0.19,0,0,1000,0,0.10000000000000001
3164,1,0.75,0.20000000000000001,0,0,1000,0,0.10000000000000001
3165,1,0.76000000000000001,0,0,0,1000,0,0.10000000000000001
3166,1,0.76000000000000001,0.01,0,0,1000,0,0.10000000000000001
3167,1,0.76000000000000001,0.02,0,0,1000,0,0.10000000000000001
3168,1,0.76000000000000001,0.17999999999999999,0,0,1000,0,0.10000000000000001
3169,1,0.76000000000000001,0.19,0,0,1000,0,0.10000000000000001
3170,1,0.76000000000000001,0.20000000000000001,0,0,1000,0,0.10000000000000001
3171,1,0.77000000000000002,0,0,0,1000,0,0.10000000000000001
3172,1,0.77000000000000002,0.01,0,0,1000,0,0.10000000000000001
3173,1,0.77000000000000002,0.02,0,0,1000,0,0.10000000000000001
3174,1,0.77000000000000002,0.17999999999999999,0,0,1000,0,0.10000000000000001
3175,1,0.77000000000000002,0.19,0,0,1000,0,0.10000000000000001
3176,1,0.77000000000000002,0.20000000000000001,0,0,1000,0,0.10000000000000001
3177,1,0.78000000000000003,0,0,0,1000,0,0.10000000000000001
3178,1,0.78000000000000003,0.01,0,0,1000,0,0.10000000000000001
3179,1,0.78000000000000003,0.02,0,0,1000,0,0.10000000000000001
3180,1,0.78000000000000003,0.17999999999999999,0,0,1000,0,0.10000000000000001
3181,1,0.78000000000000003,0.19,0,0,1000,0,0.10000000000000001
3182,1,0.78000000000000003,0.20000000000000001,0,0,1000,0,0.10000000000000001
3183,1,0.79000000000000004,0,0,0,1000,0,0.10000000000000001
3184,1,0.79000000000000004,0.01,0,0,1000,0,0.10000000000000001
3185,1,0.79000000000000004,0.02,0,0,1000,0,0.10000000000000001
3186,1,0.79000000000000004,0.17999999999999999,0,0,1000,0,0.10000000000000001
3187,1,0.79000000000000004,0.19,0,0,1000,0,0.10000000000000001
3188,1,0.79000000000000004,0.20000000000000001,0,0,1000,0,0.10000000000000001
3189,1,0.80000000000000004,0,0,0,1000,0,0.10000000000000001
3190,1,0.80000000000000004,0.01,0,0,1000,0,0.10000000000000001
3191,1,0.80000000000000004,0.02,0,0,1000,0,0.10000000000000001
3192,1,0.80000000000000004,0.17999999999999999,0,0,1000,0,0.10000000000000001
3193,1,0.80000000000000004,0.19,0,0,1000,0,0.10000000000000001
3194,1,0.80000000000000004,0.20000000000000001,0,0,1000,0,0.10000000000000001
3195,1,0.81000000000000005,0,0,0,1000,0,0.10000000000000001
3196,1,0.81000000000000005,0.01,0,0,1000,0,0.10000000000000001
3197,1,0.81000000000000005,0.02,0,0,1000,0,0.10000000000000001
3198,1,0.81000000000000005,0.17999999999999999,0,0,1000,0,0.10000000000000001
3199,1,0.81000000000000005,0.19,0,0,1000,0,0.10000000000000001
3200,1,0.81000000000000005,0.20000000000000001,0,0,1000,0,0.10000000000000001
3201,1,0.82000000000000006,0,0,0,1000,0,0.10000000000000001
3202,1,0.82000000000000006,0.01,0,0,1000,0,0.10000000000000001
3203,1,0.82000000000000006,0.02,0,0,1000,0,0.10000000000000001
3204,1,0.82000000000000006,0.17999999999999999,0,0,1000,0,0.10000000000000001
3205,1,0.82000000000000006,0.19,0,0,1000,0,0.10000000000000001
3206,1,0.82000000000000006,0.20000000000000001,0,0,1000,0,0.10000000000000001
3207,1,0.83000000000000007,0,0,0,1000,0,0.10000000000000001
3208,1,0.83000000000000007,0.01,0,0,1000,0,0.10000000000000001
3209,1,0.83000000000000007,0.02,0,0,1000,0,0.10000000000000001
3210,1,0.83000000000000007,0.17999999999999999,0,0,1000,0,0.10000000000000001
3211,1,0.83000000000000007,0.19,0,0,1000,0,0.10000000000000001
3212,1,0.83000000000000007,0.20000000000000001,0,0,1000,0,0.10000000000000001
3213,1,0.83999999999999997,0,0,0,1000,0,0.10000000000000001
3214,1,0.83999999999999997,0.01,0,0,1000,0,0.10000000000000001
3215,1,0.83999999999999997,0.02,0,0,1000,0,0.10000000000000001
3216,1,0.83999999999999997,0.17999999999999999,0,0,1000,0,0.10000000000000001
3217,1,0.83999999999999997,0.19,0,0,1000,0,0.10000000000000001
3218,1,0.83999999999999997,0.20000000000000001,0,0,1000,0,0.10000000000000001
3219,1,0.84999999999999998,0,0,0,1000,0,0.10000000000000001
3220,1,0.84999999999999998,0.01,0,0,1000,0,0.10000000000000001
3221,1,0.84999999999999998,0.02,0,0,1000,0,0.10000000000000001
3222,1,0.84999999999999998,0.17999999999999999,0,0,1000,0,0.10000000000000001
3223,1,0.84999999999999998,0.19,0,0,1000,0,0.10000000000000001
3224,1,0.84999999999999998,0.20000000000000001,0,0,1000,0,0.10000000000000001
3225,1,0.85999999999999999,0,0,0,1000,0,0.10000000000000001
3226,1,0.85999999999999999,0.01,0,0,1000,0,0.10000000000000001
3227,1,0.85999999999999999,0.02,0,0,1000,0,0.10000000000000001
3228,1,0.85999999999999999,0.17999999999999999,0,0,1000,0,0.10000000000000001
3229,1,0.85999999999999999,0.19,0,0,1000,0,0.10000000000000001
3230,1,0.85999999999999999,0.20000000000000001,0,0,1000,0,0.10000000000000001
3231,1,0.87,0,0,0,1000,0,0.10000000000000001
3232,1,0.87,0.01,0,0,1000,0,0.10000000000000001
3233,1,0.87,0.02,0,0,1000,0,0.10000000000000001
3234,1,0.87,0.17999999999999999,0,0,1000,0,0.10000000000000001
3235,1,0.87,0.19,0,0,1000,0,0.10000000000000001
3236,1,0.87,0.20000000000000001,0,0,1000,0,0.10000000000000001
3237,1,0.88,0,0,0,1000,0,0.10000000000000001
3238,1,0.88,0.01,0,0,1000,0,0.10000000000000001
3239,1,0.88,0.02,0,0,1000,0,0.10000000000000001
3240,1,0.88,0.17999999999999999,0,0,1000,0,0.10000000000000001
3241,1,0.88,0.19,0,0,1000,0,0.10000000000000001
3242,1,0.88,0.20000000000000001,0,0,1000,0,0.10000000000000001
3243,1,0.89000000000000001,0,0,0,1000,0,0.10000000000000001
3244,1,0.89000000000000001,0.01,0,0,1000,0,0.10000000000000001
3245,1,0.89000000000000001,0.02,0,0,1000,0,0.10000000000000001
3246,1,0.89000000000000001,0.17999999999999999,0,0,1000,0,0.10000000000000001
3247,1,0.89000000000000001,0.19,0,0,1000,0,0.10000000000000001
3248,1,0.89000000000000001,0.20000000000000001,0,0,1000,0,0.10000000000000001
3249,1,0.90000000000000002,0,0,0,1000,0,0.10000000000000001
3250,1,0.90000000000000002,0.01,0,0,1000,0,0.10000000000000001
3251,1,0.90000000000000002,0.02,0,0,1000,0,0.10000000000000001
3252,1,0.90000000000000002,0.17999999999999999,0,0,1000,0,0.10000000000000001
3253,1,0.90000000000000002,0.19,0,0,1000,0,0.10000000000000001
3254,1,0.90000000000000002,0.20000000000000001,0,0,1000,0,0.10000000000000001
3255,1,0.91000000000000003,0,0,0,1000,0,0.10000000000000001
3256,1,0.91000000000000003,0.01,0,0,1000,0,0.10000000000000001
3257,1,0.91000000000000003,0.02,0,0,1000,0,0.10000000000000001
3258,1,0.91000000000000003,0.17999999999999999,0,0,1000,0,0.10000000000000001
3259,1,0.91000000000000003,0.19,0,0,1000,0,0.10000000000000001
3260,1,0.91000000000000003,0.20000000000000001,0,0,1000,0,0.10000000000000001
3261,1,0.92000000000000004,0,0,0,1000,0,0.10000000000000001
3262,1,0.92000000000000004,0.01,0,0,1000,0,0.10000000000000001
3263,1,0.92000000000000004,0.02,0,0,1000,0,0.10000000000000001
3264,1,0.92000000000000004,0.17999999999999999,0,0,1000,0,0.10000000000000001
3265,1,0.92000000000000004,0.19,0,0,1000,0,0.10000000000000001
3266,1,0.92000000000000004,0.20000000000000001,0,0,1000,0,0.10000000000000001
3267,1,0.93000000000000005,0,0,0,1000,0,0.10000000000000001
3268,1,0.93000000000000005,0.01,0,0,1000,0,0.10000000000000001
3269,1,0.93000000000000005,0.02,0,0,1000,0,0.10000000000000001
3270,1,0.93000000000000005,0.17999999999999999,0,0,1000,0,0.10000000000000001
3271,1,0.93000000000000005,0.19,0,0,1000,0,0.10000000000000001
3272,1,0.93000000000000005,0.20000000000000001,0,0,1000,0,0.10000000000000001
3273,1,0.94000000000000006,0,0,0,1000,0,0.10000000000000001
3274,1,0.94000000000000006,0.01,0,0,1000,0,0.10000000000000001
3275,1,0.94000000000000006,0.02,0,0,1000,0,0.10000000000000001
3276,1,0.94000000000000006,0.17999999999999999,0,0,1000,0,0.10000000000000001
3277,1,0.94000000000000006,0.19,0,0,1000,0,0.10000000000000001
3278,1,0.94000000000000006,0.20000000000000001,0,0,1000,0,0.10000000000000001
3279,1,0.95000000000000007,0,0,0,1000,0,0.10000000000000001
3280,1,0.95000000000000007,0.01,0,0,1000,0,0.10000000000000001
3281,1,0.95000000000000007,0.02,0,0,1000,0,0.10000000000000001
3282,1,0.95000000000000007,0.17999999999999999,0,0,1000,0,0.10000000000000001
3283,1,0.95000000000000007,0.19,0,0,1000,0,0.10000000000000001
3284,1,0.95000000000000007,0.20000000000000001,0,0,1000,0,0.10000000000000001
3285,1,0.95999999999999996,0,0,0,1000,0,0.10000000000000001
3286,1,0.95999999999999996,0.01,0,0,1000,0,0.10000000000000001
3287,1,0.95999999999999996,0.02,0,0,1000,0,0.10000000000000001
3288,1,0.95999999999999996,0.17999999999999999,0,0,1000,0,0.10000000000000001
3289,1,0.95999999999999996,0.19,0,0,1000,0,0.10000000000000001
3290,1,0.95999999999999996,0.20000000000000001,0,0,1000,0,0.10000000000000001
3291,1,0.96999999999999997,0,0,0,1000,0,0.10000000000000001
3292,1,0.96999999999999997,0.01,0,0,1000,0,0.10000000000000001
3293,1,0.96999999999999997,0.02,0,0,1000,0,0.10000000000000001
3294,1,0.96999999999999997,0.17999999999999999,0,0,1000,0,0.10000000000000001
3295,1,0.96999999999999997,0.19,0,0,1000,0,0.10000000000000001
3296,1,0.96999999999999997,0.20000000000000001,0,0,1000,0,0.10000000000000001
3297,1,0.97999999999999998,0,0,0,1000,0,0.10000000000000001
3298,1,0.97999999999999998,0.01,0,0,1000,0,0.10000000000000001
3299,1,0.97999999999999998,0.02,0,0,1000,0,0.10000000000000001
3300,1,0.97999999999999998,0.17999999999999999,0,0,1000,0,0.10000000000000001
3301,1,0.97999999999999998,0.19,0,0,1000,0,0.10000000000000001
3302,1,0.97999999999999998,0.20000000000000001,0,0,1000,0,0.10000000000000001
3303,1,0.98999999999999999,0,0,0,1000,0,0.10000000000000001
3304,1,0.98999999999999999,0.01,0,0,1000,0,0.10000000000000001
3305,1,0.98999999999999999,0.02,0,0,1000,0,0.10000000000000001
3306,1,0.98999999999999999,0.17999999999999999,0,0,1000,0,0.10000000000000001
3307,1,0.98999999999999999,0.19,0,0,1000,0,0.10000000000000001
3308,1,0.98999999999999999,0.20000000000000001,0,0,1000,0,0.10000000000000001
3309,1,1,0,0,0,1000,0,0.10000000000000001
3310,1,1,0.01,0,0,1000,0,0.10000000000000001
3311,1,1,0.02,0,0,1000,0,0.10000000000000001
3312,1,1,0.17999999999999999,0,0,1000,0,0.10000000000000001
3313,1,1,0.19,0,0,1000,0,0.10000000000000001
3314,1,1,0.20000000000000001,0,0,1000,0,0.10000000000000001
3315,1,1.01,0,0,0,1000,0,0.10000000000000001
3316,1,1.01,0.01,0,0,1000,0,0.10000000000000001
3317,1,1.01,0.02,0,0,1000,0,0.10000000000000001
3318,1,1.01,0.17999999999999999,0,0,1000,0,0.10000000000000001
3319,1,1.01,0.19,0,0,1000,0,0.10000000000000001
3320,1,1.01,0.20000000000000001,0,0,1000,0,0.10000000000000001
3321,1,1.02,0,0,0,1000,0,0.10000000000000001
3322,1,1.02,0.01,0,0,1000,0,0.10000000000000001
3323,1,1.02,0.02,0,0,1000,0,0.10000000000000001
3324,1,1.02,0.17999999999999999,0,0,1000,0,0.10000000000000001
3325,1,1.02,0.19,0,0,1000,0,0.10000000000000001
3326,1,1.02,0.20000000000000001,0,0,1000,0,0.10000000000000001
3327,1,1.03,0,0,0,1000,0,0.10000000000000001
3328,1,1.03,0.01,0,0,1000,0,0.10000000000000001
3329,1,1.03,0.02,0,0,1000,0,0.10000000000000001
3330,1,1.03,0.17999999999999999,0,0,1000,0,0.10000000000000001
3331,1,1.03,0.19,0,0,1000,0,0.10000000000000001
3332,1,1.03,0.20000000000000001,0,0,1000,0,0.10000000000000001
3333,1,1.04,0,0,0,1000,0,0.10000000000000001
3334,1,1.04,0.01,0,0,1000,0,0.10000000000000001
3335,1,1.04,0.02,0,0,1000,0,0.10000000000000001
3336,1,1.04,0.17999999999999999,0,0,1000,0,0.10000000000000001
3337,1,1.04,0.19,0,0,1000,0,0.10000000000000001
3338,1,1.04,0.20000000000000001,0,0,1000,0,0.10000000000000001
3339,1,1.05,0,0,0,1000,0,0.10000000000000001
3340,1,1.05,0.01,0,0,1000,0,0.10000000000000001
3341,1,1.05,0.02,0,0,1000,0,0.10000000000000001
3342,1,1.05,0.17999999999999999,0,0,1000,0,0.10000000000000001
3343,1,1.05,0.19,0,0,1000,0,0.10000000000000001
3344,1,1.05,0.20000000000000001,0,0,1000,0,0.10000000000000001
3345,1,1.0600000000000001,0,0,0,1000,0,0.10000000000000001
3346,1,1.0600000000000001,0.01,0,0,1000,0,0.10000000000000001
3347,1,1.0600000000000001,0.02,0,0,1000,0,0.10000000000000001
3348,1,1.0600000000000001,0.17999999999999999,0,0,1000,0,0.10000000000000001
3349,1,1.0600000000000001,0.19,0,0,1000,0,0.10000000000000001
3350,1,1.0600000000000001,0.20000000000000001,0,0,1000,0,0.10000000000000001
3351,1,1.0700000000000001,0,0,0,1000,0,0.10000000000000001
3352,1,1.0700000000000001,0.01,0,0,1000,0,0.10000000000000001
3353,1,1.0700000000000001,0.02,0,0,1000,0,0.10000000000000001
3354,1,1.0700000000000001,0.17999999999999999,0,0,1000,0,0.10000000000000001
3355,1,1.0700000000000001,0.19,0,0,1000,0,0.10000000000000001
3356,1,1.0700000000000001,0.20000000000000001,0,0,1000,0,0.10000000000000001
3357,1,1.0800000000000001,0,0,0,1000,0,0.10000000000000001
3358,1,1.0800000000000001,0.01,0,0,1000,0,0.10000000000000001
3359,1,1.0800000000000001,0.02,0,0,1000,0,0.10000000000000001
3360,1,1.0800000000000001,0.17999999999999999,0,0,1000,0,0.10000000000000001
3361,1,1.0800000000000001,0.19,0,0,1000,0,0.10000000000000001
3362,1,1.0800000000000001,0.20000000000000001,0,0,1000,0,0.10000000000000001
3363,1,1.0900000000000001,0,0,0,1000,0,0.10000000000000001
3364,1,1.0900000000000001,0.01,0,0,1000,0,0.10000000000000001
3365,1,1.0900000000000001,0.02,0,0,1000,0,0.10000000000000001
3366,1,1.0900000000000001,0.17999999999999999,0,0,1000,0,0.10000000000000001
3367,1,1.0900000000000001,0.19,0,0,1000,0,0.10000000000000001
3368,1,1.0900000000000001,0.20000000000000001,0,0,1000,0,0.10000000000000001
3369,1,1.1000000000000001,0,0,0,1000,0,0.10000000000000001
3370,1,1.1000000000000001,0.01,0,0,1000,0,0.10000000000000001
3371,1,1.1000000000000001,0.02,0,0,1000,0,0.10000000000000001
3372,1,1.1000000000000001,0.17999999999999999,0,0,1000,0,0.10000000000000001
3373,1,1.1000000000000001,0.19,0,0,1000,0,0.10000000000000001
3374,1,1.1000000000000001,0.20000000000000001,0,0,1000,0,0.10000000000000001
3375,1,1.1100000000000001,0,0,0,1000,0,0.10000000000000001
3376,1,1.1100000000000001,0.01,0,0,1000,0,0.10000000000000001
3377,1,1.1100000000000001,0.02,0,0,1000,0,0.10000000000000001
3378,1,1.1100000000000001,0.17999999999999999,0,0,1000,0,0.10000000000000001
3379,1,1.1100000000000001,0.19,0,0,1000,0,0.10000000000000001
3380,1,1.1100000000000001,0.20000000000000001,0,0,1000,0,0.10000000000000001
3381,1,1.1200000000000001,0,0,0,1000,0,0.10000000000000001
3382,1,1.1200000000000001,0.01,0,0,1000,0,0.10000000000000001
3383,1,1.1200000000000001,0.02,0,0,1000,0,0.10000000000000001
3384,1,1.1200000000000001,0.17999999999999999,0,0,1000,0,0.10000000000000001
3385,1,1.1200000000000001,0.19,0,0,1000,0,0.10000000000000001
3386,1,1.1200000000000001,0.20000000000000001,0,0,1000,0,0.10000000000000001
3387,1,1.1300000000000001,0,0,0,1000,0,0.10000000000000001
3388,1,1.1300000000000001,0.01,0,0,1000,0,0.10000000000000001
3389,1,1.1300000000000001,0.02,0,0,1000,0,0.10000000000000001
3390,1,1.1300000000000001,0.17999999999999999,0,0,1000,0,0.10000000000000001
3391,1,1.1300000000000001,0.19,0,0,1000,0,0.10000000000000001
3392,1,1.1300000000000001,0.20000000000000001,0,0,1000,0,0.10000000000000001
3393,1,1.1400000000000001,0,0,0,1000,0,0.10000000000000001
3394,1,1.1400000000000001,0.01,0,0,1000,0,0.10000000000000001
3395,1,1.1400000000000001,0.02,0,0,1000,0,0.10000000000000001
3396,1,1.1400000000000001,0.17999999999999999,0,0,1000,0,0.10000000000000001
3397,1,1.1400000000000001,0.19,0,0,1000,0,0.10000000000000001
3398,1,1.1400000000000001,0.20000000000000001,0,0,1000,0,0.10000000000000001
3399,1,1.1500000000000001,0,0,0,1000,0,0.10000000000000001
3400,1,1.1500000000000001,0.01,0,0,1000,0,0.10000000000000001
3401,1,1.1500000000000001,0.02,0,0,1000,0,0.10000000000000001
3402,1,1.1500000000000001,0.17999999999999999,0,0,1000,0,0.10000000000000001
3403,1,1.1500000000000001,0.19,0,0,1000,0,0.10000000000000001
3404,1,1.1500000000000001,0.20000000000000001,0,0,1000,0,0.10000000000000001
3405,1,1.1599999999999999,0,0,0,1000,0,0.10000000000000001
3406,1,1.1599999999999999,0.01,0,0,1000,0,0.10000000000000001
3407,1,1.1599999999999999,0.02,0,0,1000,0,0.10000000000000001
3408,1,1.1599999999999999,0.17999999999999999,0,0,1000,0,0.10000000000000001
3409,1,1.1599999999999999,0.19,0,0,1000,0,0.10000000000000001
3410,1,1.1599999999999999,0.20000000000000001,0,0,1000,0,0.10000000000000001
3411,1,1.1699999999999999,0,0,0,1000,0,0.10000000000000001
3412,1,1.1699999999999999,0.01,0,0,1000,0,0.10000000000000001
3413,1,1.1699999999999999,0.02,0,0,1000,0,0.10000000000000001
3414,1,1.1699999999999999,0.17999999999999999,0,0,1000,0,0.10000000000000001
3415,1,1.1699999999999999,0.19,0,0,1000,0,0.10000000000000001
3416,1,1.1699999999999999,0.20000000000000001,0,0,1000,0,0.10000000000000001
3417,1,1.1799999999999999,0,0,0,1000,0,0.10000000000000001
3418,1,1.1799999999999999,0.01,0,0,1000,0,0.10000000000000001
3419,1,1.1799999999999999,0.02,0,0,1000,0,0.10000000000000001
3420,1,1.1799999999999999,0.17999999999999999,0,0,1000,0,0.10000000000000001
3421,1,1.1799999999999999,0.19,0,0,1000,0,0.10000000000000001
3422,1,1.1799999999999999,0.20000000000000001,0,0,1000,0,0.10000000000000001
3423,1,1.1899999999999999,0,0,0,1000,0,0.10000000000000001
3424,1,1.1899999999999999,0.01,0,0,1000,0,0.10000000000000001
3425,1,1.1899999999999999,0.02,0,0,1000,0,0.10000000000000001
3426,1,1.1899999999999999,0.17999999999999999,0,0,1000,0,0.10000000000000001
3427,1,1.1899999999999999,0.19,0,0,1000,0,0.10000000000000001
3428,1,1.1899999999999999,0.20000000000000001,0,0,1000,0,0.10000000000000001
3429,1,1.2,0,0,0,1000,0,0.10000000000000001
3430,1,1.2,0.01,0,0,1000,0,0.10000000000000001
3431,1,1.2,0.02,0,0,1000,0,0.10000000000000001
3432,1,1.2,0.17999999999999999,0,0,1000,0,0.10000000000000001
3433,1,1.2,0.19,0,0,1000,0,0.10000000000000001
3434,1,1.2,0.20000000000000001,0,0,1000,0,0.10000000000000001
3435,1,1.21,0,0,0,1000,0,0.10000000000000001
3436,1,1.21,0.01,0,0,1000,0,0.10000000000000001
3437,1,1.21,0.02,0,0,1000,0,0.10000000000000001
3438,1,1.21,0.17999999999999999,0,0,1000,0,0.10000000000000001
3439,1,1.21,0.19,0,0,1000,0,0.10000000000000001
3440,1,1.21,0.20000000000000001,0,0,1000,0,0.10000000000000001
3441,1,1.22,0,0,0,1000,0,0.10000000000000001
3442,1,1.22,0.01,0,0,1000,0,0.10000000000000001
3443,1,1.22,0.02,0,0,1000,0,0.10000000000000001
3444,1,1.22,0.17999999999999999,0,0,1000,0,0.10000000000000001
3445,1,1.22,0.19,0,0,1000,0,0.10000000000000001
3446,1,1.22,0.20000000000000001,0,0,1000,0,0.10000000000000001
3447,1,1.23,0,0,0,1000,0,0.10000000000000001
3448,1,1.23,0.01,0,0,1000,0,0.10000000000000001
3449,1,1.23,0.02,0,0,1000,0,0.10000000000000001
3450,1,1.23,0.17999999999999999,0,0,1000,0,0.10000000000000001
3451,1,1.23,0.19,0,0,1000,0,0.10000000000000001
3452,1,1.23,0.20000000000000001,0,0,1000,0,0.10000000000000001
3453,1,1.24,0,0,0,1000,0,0.10000000000000001
3454,1,1.24,0.01,0,0,1000,0,0.10000000000000001
3455,1,1.24,0.02,0,0,1000,0,0.10000000000000001
3456,1,1.24,0.17999999999999999,0,0,1000,0,0.10000000000000001
3457,1,1.24,0.19,0,0,1000,0,0.10000000000000001
3458,1,1.24,0.20000000000000001,0,0,1000,0,0.10000000000000001
3459,1,1.25,0,0,0,1000,0,0.10000000000000001
3460,1,1.25,0.01,0,0,1000,0,0.10000000000000001
3461,1,1.25,0.02,0,0,1000,0,0.10000000000000001
3462,1,1.25,0.17999999999999999,0,0,1000,0,0.10000000000000001
3463,1,1.25,0.19,0,0,1000,0,0.10000000000000001
3464,1,1.25,0.20000000000000001,0,0,1000,0,0.10000000000000001
3465,1,1.26,0,0,0,1000,0,0.10000000000000001
3466,1,1.26,0.01,0,0,1000,0,0.10000000000000001
3467,1,1.26,0.02,0,0,1000,0,0.10000000000000001
3468,1,1.26,0.17999999999999999,0,0,1000,0,0.10000000000000001
3469,1,1.26,0.19,0,0,1000,0,0.10000000000000001
3470,1,1.26,0.20000000000000001,0,0,1000,0,0.10000000000000001
3471,1,1.27,0,0,0,1000,0,0.10000000000000001
3472,1,1.27,0.01,0,0,1000,0,0.10000000000000001
3473,1,1.27,0.02,0,0,1000,0,0.10000000000000001
3474,1,1.27,0.17999999999999999,0,0,1000,0,0.10000000000000001
3475,1,1.27,0.19,0,0,1000,0,0.10000000000000001
3476,1,1.27,0.20000000000000001,0,0,1000,0,0.10000000000000001
3477,1,1.28,0,0,0,1000,0,0.10000000000000001
3478,1,1.28,0.01,0,0,1000,0,0.10000000000000001
3479,1,1.28,0.02,0,0,1000,0,0.10000000000000001
3480,1,1.28,0.17999999999999999,0,0,1000,0,0.10000000000000001
3481,1,1.28,0.19,0,0,1000,0,0.10000000000000001
3482,1,1.28,0.20000000000000001,0,0,1000,0,0.10000000000000001
3483,1,1.29,0,0,0,1000,0,0.10000000000000001
3484,1,1.29,0.01,0,0,1000,0,0.10000000000000001
3485,1,1.29,0.02,0,0,1000,0,0.10000000000000001
3486,1,1.29,0.17999999999999999,0,0,1000,0,0.10000000000000001
3487,1,1.29,0.19,0,0,1000,0,0.10000000000000001
3488,1,1.29,0.20000000000000001,0,0,1000,0,0.10000000000000001
3489,1,1.3,0,0,0,1000,0,0.10000000000000001
3490,1,1.3,0.01,0,0,1000,0,0.10000000000000001
3491,1,1.3,0.02,0,0,1000,0,0.10000000000000001
3492,1,1.3,0.17999999999999999,0,0,1000,0,0.10000000000000001
3493,1,1.3,0.19,0,0,1000,0,0.10000000000000001
3494,1,1.3,0.20000000000000001,0,0,1000,0,0.10000000000000001
3495,1,1.3100000000000001,0,0,0,1000,0,0.10000000000000001
3496,1,1.3100000000000001,0.01,0,0,1000,0,0.10000000000000001
3497,1,1.3100000000000001,0.02,0,0,1000,0,0.10000000000000001
3498,1,1.3100000000000001,0.17999999999999999,0,0,1000,0,0.10000000000000001
3499,1,1.3100000000000001,0.19,0,0,1000,0,0.10000000000000001
3500,1,1.3100000000000001,0.20000000000000001,0,0,1000,0,0.10000000000000001
3501,1,1.3200000000000001,0,0,0,1000,0,0.10000000000000001
3502,1,1.3200000000000001,0.01,0,0,1000,0,0.10000000000000001
3503,1,1.3200000000000001,0.02,0,0,1000,0,0.10000000000000001
3504,1,1.3200000000000001,0.17999999999999999,0,0,1000,0,0.10000000000000001
3505,1,1.3200000000000001,0.19,0,0,1000,0,0.10000000000000001
3506,1,1.3200000000000001,0.20000000000000001,0,0,1000,0,0.10000000000000001
3507,1,1.3300000000000001,0,0,0,1000,0,0.10000000000000001
3508,1,1.3300000000000001,0.01,0,0,1000,0,0.10000000000000001
3509,1,1.3300000000000001,0.02,0,0,1000,0,0.10000000000000001
3510,1,1.3300000000000001,0.17999999999999999,0,0,1000,0,0.10000000000000001
3511,1,1.3300000000000001,0.19,0,0,1000,0,0.10000000000000001
3512,1,1.3300000000000001,0.20000000000000001,0,0,1000,0,0.10000000000000001
3513,1,1.3400000000000001,0,0,0,1000,0,0.10000000000000001
3514,1,1.3400000000000001,0.01,0,0,1000,0,0.10000000000000001
3515,1,1.3400000000000001,0.02,0,0,1000,0,0.10000000000000001
3516,1,1.3400000000000001,0.17999999999999999,0,0,1000,0,0.10000000000000001
3517,1,1.3400000000000001,0.19,0,0,1000,0,0.10000000000000001
3518,1,1.3400000000000001,0.20000000000000001,0,0,1000,0,0.10000000000000001
3519,1,1.3500000000000001,0,0,0,1000,0,0.10000000000000001
3520,1,1.3500000000000001,0.01,0,0,1000,0,0.10000000000000001
3521,1,1.3500000000000001,0.02,0,0,1000,0,0.10000000000000001
3522,1,1.3500000000000001,0.17999999999999999,0,0,1000,0,0.10000000000000001
3523,1,1.3500000000000001,0.19,0,0,1000,0,0.10000000000000001
3524,1,1.3500000000000001,0.20000000000000001,0,0,1000,0,0.10000000000000001
3525,1,1.3600000000000001,0,0,0,1000,0,0.10000000000000001
3526,1,1.3600000000000001,0.01,0,0,1000,0,0.10000000000000001
3527,1,1.3600000000000001,0.02,0,0,1000,0,0.10000000000000001
3528,1,1.3600000000000001,0.17999999999999999,0,0,1000,0,0.10000000000000001
3529,1,1.3600000000000001,0.19,0,0,1000,0,0.10000000000000001
3530,1,1.3600000000000001,0.20000000000000001,0,0,1000,0,0.10000000000000001
3531,1,1.3700000000000001,0,0,0,1000,0,0.10000000000000001
3532,1,1.3700000000000001,0.01,0,0,1000,0,0.10000000000000001
3533,1,1.3700000000000001,0.02,0,0,1000,0,0.10000000000000001
3534,1,1.3700000000000001,0.17999999999999999,0,0,1000,0,0.10000000000000001
3535,1,1.3700000000000001,0.19,0,0,1000,0,0.10000000000000001
3536,1,1.3700000000000001,0.20000000000000001,0,0,1000,0,0.10000000000000001
3537,1,1.3800000000000001,0,0,0,1000,0,0.10000000000000001
3538,1,1.3800000000000001,0.01,0,0,1000,0,0.10000000000000001
3539,1,1.3800000000000001,0.02,0,0,1000,0,0.10000000000000001
3540,1,1.3800000000000001,0.17999999999999999,0,0,1000,0,0.10000000000000001
3541,1,1.3800000000000001,0.19,0,0,1000,0,0.10000000000000001
3542,1,1.3800000000000001,0.20000000000000001,0,0,1000,0,0.10000000000000001
3543,1,1.3900000000000001,0,0,0,1000,0,0.10000000000000001
3544,1,1.3900000000000001,0.01,0,0,1000,0,0.10000000000000001
3545,1,1.3900000000000001,0.02,0,0,1000,0,0.10000000000000001
3546,1,1.3900000000000001,0.17999999999999999,0,0,1000,0,0.10000000000000001
3547,1,1.3900000000000001,0.19,0,0,1000,0,0.10000000000000001
3548,1,1.3900000000000001,0.20000000000000001,0,0,1000,0,0.10000000000000001
3549,1,1.4000000000000001,0,0,0,1000,0,0.10000000000000001
3550,1,1.4000000000000001,0.01,0,0,1000,0,0.10000000000000001
3551,1,1.4000000000000001,0.02,0,0,1000,0,0.10000000000000001
3552,1,1.4000000000000001,0.17999999999999999,0,0,1000,0,0.10000000000000001
3553,1,1.4000000000000001,0.19,0,0,1000,0,0.10000000000000001
3554,1,1.4000000000000001,0.20000000000000001,0,0,1000,0,0.10000000000000001
3555,1,1.4099999999999999,0,0,0,1000,0,0.10000000000000001
3556,1,1.4099999999999999,0.01,0,0,1000,0,0.10000000000000001
3557,1,1.4099999999999999,0.02,0,0,1000,0,0.10000000000000001
3558,1,1.4099999999999999,0.17999999999999999,0,0,1000,0,0.10000000000000001
3559,1,1.4099999999999999,0.19,0,0,1000,0,0.10000000000000001
3560,1,1.4099999999999999,0.20000000000000001,0,0,1000,0,0.10000000000000001
3561,1,1.4199999999999999,0,0,0,1000,0,0.10000000000000001
3562,1,1.4199999999999999,0.01,0,0,1000,0,0.10000000000000001
3563,1,1.4199999999999999,0.02,0,0,1000,0,0.10000000000000001
3564,1,1.4199999999999999,0.17999999999999999,0,0,1000,0,0.10000000000000001
3565,1,1.4199999999999999,0.19,0,0,1000,0,0.10000000000000001
3566,1,1.4199999999999999,0.20000000000000001,0,0,1000,0,0.10000000000000001
3567,1,1.4299999999999999,0,0,0,1000,0,0.10000000000000001
3568,1,1.4299999999999999,0.01,0,0,1000,0,0.10000000000000001
3569,1,1.4299999999999999,0.02,0,0,1000,0,0.10000000000000001
3570,1,1.4299999999999999,0.17999999999999999,0,0,1000,0,0.10000000000000001
3571,1,1.4299999999999999,0.19,0,0,1000,0,0.10000000000000001
3572,1,1.4299999999999999,0.20000000000000001,0,0,1000,0,0.10000000000000001
3573,1,1.4399999999999999,0,0,0,1000,0,0.10000000000000001
3574,1,1.4399999999999999,0.01,0,0,1000,0,0.10000000000000001
3575,1,1.4399999999999999,0.02,0,0,1000,0,0.10000000000000001
3576,1,1.4399999999999999,0.17999999999999999,0,0,1000,0,0.10000000000000001
3577,1,1.4399999999999999,0.19,0,0,1000,0,0.10000000000000001
3578,1,1.4399999999999999,0.20000000000000001,0,0,1000,0,0.10000000000000001
3579,1,1.45,0,0,0,1000,0,0.10000000000000001
3580,1,1.45,0.01,0,0,1000,0,0.10000000000000001
3581,1,1.45,0.02,0,0,1000,0,0.10000000000000001
3582,1,1.45,0.17999999999999999,0,0,1000,0,0.10000000000000001
3583,1,1.45,0.19,0,0,1000,0,0.10000000000000001
3584,1,1.45,0.20000000000000001,0,0,1000,0,0.10000000000000001
3585,1,1.46,0,0,0,1000,0,0.10000000000000001
3586,1,1.46,0.01,0,0,1000,0,0.10000000000000001
3587,1,1.46,0.02,0,0,1000,0,0.10000000000000001
3588,1,1.46,0.17999999999999999,0,0,1000,0,0.10000000000000001
3589,1,1.46,0.19,0,0,1000,0,0.10000000000000001
3590,1,1.46,0.20000000000000001,0,0,1000,0,0.10000000000000001
3591,1,1.47,0,0,0,1000,0,0.10000000000000001
3592,1,1.47,0.01,0,0,1000,0,0.10000000000000001
3593,1,1.47,0.02,0,0,1000,0,0.10000000000000001
3594,1,1.47,0.17999999999999999,0,0,1000,0,0.10000000000000001
3595,1,1.47,0.19,0,0,1000,0,0.10000000000000001
3596,1,1.47,0.20000000000000001,0,0,1000,0,0.10000000000000001
3597,1,1.48,0,0,0,1000,0,0.10000000000000001
3598,1,1.48,0.01,0,0,1000,0,0.10000000000000001
3599,1,1.48,0.02,0,0,1000,0,0.10000000000000001
3600,1,1.48,0.17999999999999999,0,0,1000,0,0.10000000000000001
3601,1,1.48,0.19,0,0,1000,0,0.10000000000000001
3602,1,1.48,0.20000000000000001,0,0,1000,0,0.10000000000000001
3603,1,1.49,0,0,0,1000,0,0.10000000000000001
3604,1,1.49,0.01,0,0,1000,0,0.10000000000000001
3605,1,1.49,0.02,0,0,1000,0,0.10000000000000001
3606,1,1.49,0.17999999999999999,0,0,1000,0,0.10000000000000001
3607,1,1.49,0.19,0,0,1000,0,0.10000000000000001
3608,1,1.49,0.20000000000000001,0,0,1000,0,0.10000000000000001
3609,1,1.5,0,0,0,1000,0,0.10000000000000001
3610,1,1.5,0.01,0,0,1000,0,0.10000000000000001
3611,1,1.5,0.02,0,0,1000,0,0.10000000000000001
3612,1,1.5,0.17999999999999999,0,0,1000,0,0.10000000000000001
3613,1,1.5,0.19,0,0,1000,0,0.10000000000000001
3614,1,1.5,0.20000000000000001,0,0,1000,0,0.10000000000000001
3615,1,1.51,0,0,0,1000,0,0.10000000000000001
3616,1,1.51,0.01,0,0,1000,0,0.10000000000000001
3617,1,1.51,0.02,0,0,1000,0,0.10000000000000001
3618,1,1.51,0.17999999999999999,0,0,1000,0,0.10000000000000001
3619,1,1.51,0.19,0,0,1000,0,0.10000000000000001
3620,1,1.51,0.20000000000000001,0,0,1000,0,0.10000000000000001
3621,1,1.52,0,0,0,1000,0,0.10000000000000001
3622,1,1.52,0.01,0,0,1000,0,0.10000000000000001
3623,1,1.52,0.02,0,0,1000,0,0.10000000000000001
3624,1,1.52,0.17999999999999999,0,0,1000,0,0.10000000000000001
3625,1,1.52,0.19,0,0,1000,0,0.10000000000000001
3626,1,1.52,0.20000000000000001,0,0,1000,0,0.10000000000000001
3627,1,1.53,0,0,0,1000,0,0.10000000000000001
3628,1,1.53,0.01,0,0,1000,0,0.10000000000000001
3629,1,1.53,0.02,0,0,1000,0,0.10000000000000001
3630,1,1.53,0.17999999999999999,0,0,1000,0,0.10000000000000001
3631,1,1.53,0.19,0,0,1000,0,0.10000000000000001
3632,1,1.53,0.20000000000000001,0,0,1000,0,0.10000000000000001
3633,1,1.54,0,0,0,1000,0,0.10000000000000001
3634,1,1.54,0.01,0,0,1000,0,0.10000000000000001
3635,1,1.54,0.02,0,0,1000,0,0.10000000000000001
3636,1,1.54,0.17999999999999999,0,0,1000,0,0.10000000000000001
3637,1,1.54,0.19,0,0,1000,0,0.10000000000000001
3638,1,1.54,0.20000000000000001,0,0,1000,0,0.10000000000000001
3639,1,1.55,0,0,0,1000,0,0.10000000000000001
3640,1,1.55,0.01,0,0,1000,0,0.10000000000000001
3641,1,1.55,0.02,0,0,1000,0,0.10000000000000001
3642,1,1.55,0.17999999999999999,0,0,1000,0,0.10000000000000001
3643,1,1.55,0.19,0,0,1000,0,0.10000000000000001
3644,1,1.55,0.20000000000000001,0,0,1000,0,0.10000000000000001
3645,1,1.5600000000000001,0,0,0,1000,0,0.10000000000000001
3646,1,1.5600000000000001,0.01,0,0,1000,0,0.10000000000000001
3647,1,1.5600000000000001,0.02,0,0,1000,0,0.10000000000000001
3648,1,1.5600000000000001,0.17999999999999999,0,0,1000,0,0.10000000000000001
3649,1,1.5600000000000001,0.19,0,0,1000,0,0.10000000000000001
3650,1,1.5600000000000001,0.20000000000000001,0,0,1000,0,0.10000000000000001
3651,1,1.5700000000000001,0,0,0,1000,0,0.10000000000000001
3652,1,1.5700000000000001,0.01,0,0,1000,0,0.10000000000000001
3653,1,1.5700000000000001,0.02,0,0,1000,0,0.10000000000000001
3654,1,1.5700000000000001,0.17999999999999999,0,0,1000,0,0.10000000000000001
3655,1,1.5700000000000001,0.19,0,0,1000,0,0.10000000000000001
3656,1,1.5700000000000001,0.20000000000000001,0,0,1000,0,0.10000000000000001
3657,1,1.5800000000000001,0,0,0,1000,0,0.10000000000000001
3658,1,1.5800000000000001,0.01,0,0,1000,0,0.10000000000000001
3659,1,1.5800000000000001,0.02,0,0,1000,0,0.10000000000000001
3660,1,1.5800000000000001,0.17999999999999999,0,0,1000,0,0.10000000000000001
3661,1,1.5800000000000001,0.19,0,0,1000,0,0.10000000000000001
3662,1,1.5800000000000001,0.20000000000000001,0,0,1000,0,0.10000000000000001
3663,1,1.5900000000000001,0,0,0,1000,0,0.10000000000000001
3664,1,1.5900000000000001,0.01,0,0,1000,0,0.10000000000000001
3665,1,1.5900000000000001,0.02,0,0,1000,0,0.10000000000000001
3666,1,1.5900000000000001,0.17999999999999999,0,0,1000,0,0.10000000000000001
3667,1,1.5900000000000001,0.19,0,0,1000,0,0.10000000000000001
3668,1,1.5900000000000001,0.20000000000000001,0,0,1000,0,0.10000000000000001
3669,1,1.6000000000000001,0,0,0,1000,0,0.10000000000000001
3670,1,1.6000000000000001,0.01,0,0,1000,0,0.10000000000000001
3671,1,1.6000000000000001,0.02,0,0,1000,0,0.10000000000000001
3672,1,1.6000000000000001,0.17999999999999999,0,0,1000,0,0.10000000000000001
3673,1,1.6000000000000001,0.19,0,0,1000,0,0.10000000000000001
3674,1,1.6000000000000001,0.20000000000000001,0,0,1000,0,0.10000000000000001
3675,1,1.6100000000000001,0,0,0,1000,0,0.10000000000000001
3676,1,1.6100000000000001,0.01,0,0,1000,0,0.10000000000000001
3677,1,1.6100000000000001,0.02,0,0,1000,0,0.10000000000000001
3678,1,1.6100000000000001,0.17999999999999999,0,0,1000,0,0.10000000000000001
3679,1,1.6100000000000001,0.19,0,0,1000,0,0.10000000000000001
3680,1,1.6100000000000001,0.20000000000000001,0,0,1000,0,0.10000000000000001
3681,1,1.6200000000000001,0,0,0,1000,0,0.10000000000000001
3682,1,1.6200000000000001,0.01,0,0,1000,0,0.10000000000000001
3683,1,1.6200000000000001,0.02,0,0,1000,0,0.10000000000000001
3684,1,1.6200000000000001,0.17999999999999999,0,0,1000,0,0.10000000000000001
3685,1,1.6200000000000001,0.19,0,0,1000,0,0.10000000000000001
3686,1,1.6200000000000001,0.20000000000000001,0,0,1000,0,0.10000000000000001
3687,1,1.6300000000000001,0,0,0,1000,0,0.10000000000000001
3688,1,1.6300000000000001,0.01,0,0,1000,0,0.10000000000000001
3689,1,1.6300000000000001,0.02,0,0,1000,0,0.10000000000000001
3690,1,1.6300000000000001,0.17999999999999999,0,0,1000,0,0.10000000000000001
3691,1,1.6300000000000001,0.19,0,0,1000,0,0.10000000000000001
3692,1,1.6300000000000001,0.20000000000000001,0,0,1000,0,0.10000000000000001
3693,1,1.6400000000000001,0,0,0,1000,0,0.10000000000000001
3694,1,1.6400000000000001,0.01,0,0,1000,0,0.10000000000000001
3695,1,1.6400000000000001,0.02,0,0,1000,0,0.10000000000000001
3696,1,1.6400000000000001,0.17999999999999999,0,0,1000,0,0.10000000000000001
3697,1,1.6400000000000001,0.19,0,0,1000,0,0.10000000000000001
3698,1,1.6400000000000001,0.20000000000000001,0,0,1000,0,0.10000000000000001
3699,1,1.6500000000000001,0,0,0,1000,0,0.10000000000000001
3700,1,1.6500000000000001,0.01,0,0,1000,0,0.10000000000000001
3701,1,1.6500000000000001,0.02,0,0,1000,0,0.10000000000000001
3702,1,1.6500000000000001,0.17999999999999999,0,0,1000,0,0.10000000000000001
3703,1,1.6500000000000001,0.19,0,0,1000,0,0.10000000000000001
3704,1,1.6500000000000001,0.20000000000000001,0,0,1000,0,0.10000000000000001
3705,1,1.6600000000000001,0,0,0,1000,0,0.10000000000000001
3706,1,1.6600000000000001,0.01,0,0,1000,0,0.10000000000000001
3707,1,1.6600000000000001,0.02,0,0,1000,0,0.10000000000000001
3708,1,1.6600000000000001,0.17999999999999999,0,0,1000,0,0.10000000000000001
3709,1,1.6600000000000001,0.19,0,0,1000,0,0.10000000000000001
3710,1,1.6600000000000001,0.20000000000000001,0,0,1000,0,0.10000000000000001
3711,1,1.6699999999999999,0,0,0,1000,0,0.10000000000000001
3712,1,1.6699999999999999,0.01,0,0,1000,0,0.10000000000000001
3713,1,1.6699999999999999,0.02,0,0,1000,0,0.10000000000000001
3714,1,1.6699999999999999,0.17999999999999999,0,0,1000,0,0.10000000000000001
3715,1,1.6699999999999999,0.19,0,0,1000,0,0.10000000000000001
3716,1,1.6699999999999999,0.20000000000000001,0,0,1000,0,0.10000000000000001
3717,1,1.6799999999999999,0,0,0,1000,0,0.10000000000000001
3718,1,1.6799999999999999,0.01,0,0,1000,0,0.10000000000000001
3719,1,1.6799999999999999,0.02,0,0,1000,0,0.10000000000000001
3720,1,1.6799999999999999,0.17999999999999999,0,0,1000,0,0.10000000000000001
3721,1,1.6799999999999999,0.19,0,0,1000,0,0.10000000000000001
3722,1,1.6799999999999999,0.20000000000000001,0,0,1000,0,0.10000000000000001
3723,1,1.6899999999999999,0,0,0,1000,0,0.10000000000000001
3724,1,1.6899999999999999,0.01,0,0,1000,0,0.10000000000000001
3725,1,1.6899999999999999,0.02,0,0,1000,0,0.10000000000000001
3726,1,1.6899999999999999,0.17999999999999999,0,0,1000,0,0.10000000000000001
3727,1,1.6899999999999999,0.19,0,0,1000,0,0.10000000000000001
3728,1,1.6899999999999999,0.20000000000000001,0,0,1000,0,0.10000000000000001
3729,1,1.7,0,0,0,1000,0,0.10000000000000001
3730,1,1.7,0.01,0,0,1000,0,0.10000000000000001
3731,1,1.7,0.02,0,0,1000,0,0.10000000000000001
3732,1,1.7,0.17999999999999999,0,0,1000,0,0.10000000000000001
3733,1,1.7,0.19,0,0,1000,0,0.10000000000000001
3734,1,1.7,0.20000000000000001,0,0,1000,0,0.10000000000000001
3735,1,1.71,0,0,0,1000,0,0.10000000000000001
3736,1,1.71,0.01,0,0,1000,0,0.10000000000000001
3737,1,1.71,0.02,0,0,1000,0,0.10000000000000001
3738,1,1.71,0.17999999999999999,0,0,1000,0,0.10000000000000001
3739,1,1.71,0.19,0,0,1000,0,0.10000000000000001
3740,1,1.71,0.20000000000000001,0,0,1000,0,0.10000000000000001
3741,1,1.72,0,0,0,1000,0,0.10000000000000001
3742,1,1.72,0.01,0,0,1000,0,0.10000000000000001
3743,1,1.72,0.02,0,0,1000,0,0.10000000000000001
3744,1,1.72,0.17999999999999999,0,0,1000,0,0.10000000000000001
3745,1,1.72,0.19,0,0,1000,0,0.10000000000000001
3746,1,1.72,0.20000000000000001,0,0,1000,0,0.10000000000000001
3747,1,1.73,0,0,0,1000,0,0.10000000000000001
3748,1,1.73,0.01,0,0,1000,0,0.10000000000000001
3749,1,1.73,0.02,0,0,1000,0,0.10000000000000001
3750,1,1.73,0.17999999999999999,0,0,1000,0,0.10000000000000001
3751,1,1.73,0.19,0,0,1000,0,0.10000000000000001
3752,1,1.73,0.20000000000000001,0,0,1000,0,0.10000000000000001
3753,1,1.74,0,0,0,1000,0,0.10000000000000001
3754,1,1.74,0.01,0,0,1000,0,0.10000000000000001
3755,1,1.74,0.02,0,0,1000,0,0.10000000000000001
3756,1,1.74,0.17999999999999999,0,0,1000,0,0.10000000000000001
3757,1,1.74,0.19,0,0,1000,0,0.10000000000000001
3758,1,1.74,0.20000000000000001,0,0,1000,0,0.10000000000000001
3759,1,1.75,0,0,0,1000,0,0.10000000000000001
3760,1,1.75,0.01,0,0,1000,0,0.10000000000000001
3761,1,1.75,0.02,0,0,1000,0,0.10000000000000001
3762,1,1.75,0.17999999999999999,0,0,1000,0,0.10000000000000001
3763,1,1.75,0.19,0,0,1000,0,0.10000000000000001
3764,1,1.75,0.20000000000000001,0,0,1000,0,0.10000000000000001
3765,1,1.76,0,0,0,1000,0,0.10000000000000001
3766,1,1.76,0.01,0,0,1000,0,0.10000000000000001
3767,1,1.76,0.02,0,0,1000,0,0.10000000000000001
3768,1,1.76,0.17999999999999999,0,0,1000,0,0.10000000000000001
3769,1,1.76,0.19,0,0,1000,0,0.10000000000000001
3770,1,1.76,0.20000000000000001,0,0,1000,0,0.10000000000000001
3771,1,1.77,0,0,0,1000,0,0.10000000000000001
3772,1,1.77,0.01,0,0,1000,0,0.10000000000000001
3773,1,1.77,0.02,0,0,1000,0,0.10000000000000001
3774,1,1.77,0.17999999999999999,0,0,1000,0,0.10000000000000001
3775,1,1.77,0.19,0,0,1000,0,0.10000000000000001
3776,1,1.77,0.20000000000000001,0,0,1000,0,0.10000000000000001
3777,1,1.78,0,0,0,1000,0,0.10000000000000001
3778,1,1.78,0.01,0,0,1000,0,0.10000000000000001
3779,1,1.78,0.02,0,0,1000,0,0.10000000000000001
3780,1,1.78,0.17999999999999999,0,0,1000,0,0.10000000000000001
3781,1,1.78,0.19,0,0,1000,0,0.10000000000000001
3782,1,1.78,0.20000000000000001,0,0,1000,0,0.10000000000000001
3783,1,1.79,0,0,0,1000,0,0.10000000000000001
3784,1,1.79,0.01,0,0,1000,0,0.10000000000000001
3785,1,1.79,0.02,0,0,1000,0,0.10000000000000001
3786,1,1.79,0.17999999999999999,0,0,1000,0,0.10000000000000001
3787,1,1.79,0.19,0,0,1000,0,0.10000000000000001
3788,1,1.79,0.20000000000000001,0,0,1000,0,0.10000000000000001
3789,1,1.8,0,0,0,1000,0,0.10000000000000001
3790,1,1.8,0.01,0,0,1000,0,0.10000000000000001
3791,1,1.8,0.02,0,0,1000,0,0.10000000000000001
3792,1,1.8,0.17999999999999999,0,0,1000,0,0.10000000000000001
3793,1,1.8,0.19,0,0,1000,0,0.10000000000000001
3794,1,1.8,0.20000000000000001,0,0,1000,0,0.10000000000000001
3795,1,1.8100000000000001,0,0,0,1000,0,0.10000000000000001
3796,1,1.8100000000000001,0.01,0,0,1000,0,0.10000000000000001
3797,1,1.8100000000000001,0.02,0,0,1000,0,0.10000000000000001
3798,1,1.8100000000000001,0.17999999999999999,0,0,1000,0,0.10000000000000001
3799,1,1.8100000000000001,0.19,0,0,1000,0,0.10000000000000001
3800,1,1.8100000000000001,0.20000000000000001,0,0,1000,0,0.10000000000000001
3801,1,1.8200000000000001,0,0,0,1000,0,0.10000000000000001
3802,1,1.8200000000000001,0.01,0,0,1000,0,0.10000000000000001
3803,1,1.8200000000000001,0.02,0,0,1000,0,0.10000000000000001
3804,1,1.8200000000000001,0.17999999999999999,0,0,1000,0,0.10000000000000001
3805,1,1.8200000000000001,0.19,0,0,1000,0,0.10000000000000001
3806,1,1.8200000000000001,0.20000000000000001,0,0,1000,0,0.10000000000000001
3807,1,1.8300000000000001,0,0,0,1000,0,0.10000000000000001
3808,1,1.8300000000000001,0.01,0,0,1000,0,0.10000000000000001
3809,1,1.8300000000000001,0.02,0,0,1000,0,0.10000000000000001
3810,1,1.8300000000000001,0.17999999999999999,0,0,1000,0,0.10000000000000001
3811,1,1.8300000000000001,0.19,0,0,1000,0,0.10000000000000001
3812,1,1.8300000000000001,0.20000000000000001,0,0,1000,0,0.10000000000000001
3813,1,1.8400000000000001,0,0,0,1000,0,0.10000000000000001
3814,1,1.8400000000000001,0.01,0,0,1000,0,0.10000000000000001
3815,1,1.8400000000000001,0.02,0,0,1000,0,0.10000000000000001
3816,1,1.8400000000000001,0.17999999999999999,0,0,1000,0,0.10000000000000001
3817,1,1.8400000000000001,0.19,0,0,1000,0,0.10000000000000001
3818,1,1.8400000000000001,0.20000000000000001,0,0,1000,0,0.10000000000000001
3819,1,1.8500000000000001,0,0,0,1000,0,0.10000000000000001
3820,1,1.8500000000000001,0.01,0,0,1000,0,0.10000000000000001
3821,1,1.8500000000000001,0.02,0,0,1000,0,0.10000000000000001
3822,1,1.8500000000000001,0.17999999999999999,0,0,1000,0,0.10000000000000001
3823,1,1.8500000000000001,0.19,0,0,1000,0,0.10000000000000001
3824,1,1.8500000000000001,0.20000000000000001,0,0,1000,0,0.10000000000000001
3825,1,1.8600000000000001,0,0,0,1000,0,0.10000000000000001
3826,1,1.8600000000000001,0.01,0,0,1000,0,0.10000000000000001
3827,1,1.8600000000000001,0.02,0,0,1000,0,0.10000000000000001
3828,1,1.8600000000000001,0.17999999999999999,0,0,1000,0,0.10000000000000001
3829,1,1.8600000000000001,0.19,0,0,1000,0,0.10000000000000001
3830,1,1.8600000000000001,0.20000000000000001,0,0,1000,0,0.10000000000000001
3831,1,1.8700000000000001,0,0,0,1000,0,0.10000000000000001
3832,1,1.8700000000000001,0.01,0,0,1000,0,0.10000000000000001
3833,1,1.8700000000000001,0.02,0,0,1000,0,0.10000000000000001
3834,1,1.8700000000000001,0.17999999999999999,0,0,1000,0,0.10000000000000001
3835,1,1.8700000000000001,0.19,0,0,1000,0,0.10000000000000001
3836,1,1.8700000000000001,0.20000000000000001,0,0,1000,0,0.10000000000000001
3837,1,1.8800000000000001,0,0,0,1000,0,0.10000000000000001
3838,1,1.8800000000000001,0.01,0,0,1000,0,0.10000000000000001
3839,1,1.8800000000000001,0.02,0,0,1000,0,0.10000000000000001
3840,1,1.8800000000000001,0.17999999999999999,0,0,1000,0,0.10000000000000001
3841,1,1.8800000000000001,0.19,0,0,1000,0,0.10000000000000001
3842,1,1.8800000000000001,0.20000000000000001,0,0,1000,0,0.10000000000000001
3843,1,1.8900000000000001,0,0,0,1000,0,0.10000000000000001
3844,1,1.8900000000000001,0.01,0,0,1000,0,0.10000000000000001
3845,1,1.8900000000000001,0.02,0,0,1000,0,0.10000000000000001
3846,1,1.8900000000000001,0.17999999999999999,0,0,1000,0,0.10000000000000001
3847,1,1.8900000000000001,0.19,0,0,1000,0,0.10000000000000001
3848,1,1.8900000000000001,0.20000000000000001,0,0,1000,0,0.10000000000000001
3849,1,1.9000000000000001,0,0,0,1000,0,0.10000000000000001
3850,1,1.9000000000000001,0.01,0,0,1000,0,0.10000000000000001
3851,1,1.9000000000000001,0.02,0,0,1000,0,0.10000000000000001
3852,1,1.9000000000000001,0.17999999999999999,0,0,1000,0,0.10000000000000001
3853,1,1.9000000000000001,0.19,0,0,1000,0,0.10000000000000001
3854,1,1.9000000000000001,0.20000000000000001,0,0,1000,0,0.10000000000000001
3855,1,1.9100000000000001,0,0,0,1000,0,0.10000000000000001
3856,1,1.9100000000000001,0.01,0,0,1000,0,0.10000000000000001
3857,1,1.9100000000000001,0.02,0,0,1000,0,0.10000000000000001
3858,1,1.9100000000000001,0.17999999999999999,0,0,1000,0,0.10000000000000001
3859,1,1.9100000000000001,0.19,0,0,1000,0,0.10000000000000001
3860,1,1.9100000000000001,0.20000000000000001,0,0,1000,0,0.10000000000000001
3861,1,1.9199999999999999,0,0,0,1000,0,0.10000000000000001
3862,1,1.9199999999999999,0.01,0,0,1000,0,0.10000000000000001
3863,1,1.9199999999999999,0.02,0,0,1000,0,0.10000000000000001
3864,1,1.9199999999999999,0.17999999999999999,0,0,1000,0,0.10000000000000001
3865,1,1.9199999999999999,0.19,0,0,1000,0,0.10000000000000001
3866,1,1.9199999999999999,0.20000000000000001,0,0,1000,0,0.10000000000000001
3867,1,1.9299999999999999,0,0,0,1000,0,0.10000000000000001
3868,1,1.9299999999999999,0.01,0,0,1000,0,0.10000000000000001
3869,1,1.9299999999999999,0.02,0,0,1000,0,0.10000000000000001
3870,1,1.9299999999999999,0.17999999999999999,0,0,1000,0,0.10000000000000001
3871,1,1.9299999999999999,0.19,0,0,1000,0,0.10000000000000001
3872,1,1.9299999999999999,0.20000000000000001,0,0,1000,0,0.10000000000000001
3873,1,1.9399999999999999,0,0,0,1000,0,0.10000000000000001
3874,1,1.9399999999999999,0.01,0,0,1000,0,0.10000000000000001
3875,1,1.9399999999999999,0.02,0,0,1000,0,0.10000000000000001
3876,1,1.9399999999999999,0.17999999999999999,0,0,1000,0,0.10000000000000001
3877,1,1.9399999999999999,0.19,0,0,1000,0,0.10000000000000001
3878,1,1.9399999999999999,0.20000000000000001,0,0,1000,0,0.10000000000000001
3879,1,1.95,0,0,0,1000,0,0.10000000000000001
3880,1,1.95,0.01,0,0,1000,0,0.10000000000000001
3881,1,1.95,0.02,0,0,1000,0,0.10000000000000001
3882,1,1.95,0.17999999999999999,0,0,1000,0,0.10000000000000001
3883,1,1.95,0.19,0,0,1000,0,0.10000000000000001
3884,1,1.95,0.20000000000000001,0,0,1000,0,0.10000000000000001
3885,1,1.96,0,0,0,1000,0,0.10000000000000001
3886,1,1.96,0.01,0,0,1000,0,0.10000000000000001
3887,1,1.96,0.02,0,0,1000,0,0.10000000000000001
3888,1,1.96,0.17999999999999999,0,0,1000,0,0.10000000000000001
3889,1,1.96,0.19,0,0,1000,0,0.10000000000000001
3890,1,1.96,0.20000000000000001,0,0,1000,0,0.10000000000000001
3891,1,1.97,0,0,0,1000,0,0.10000000000000001
3892,1,1.97,0.01,0,0,1000,0,0.10000000000000001
3893,1,1.97,0.02,0,0,1000,0,0.10000000000000001
3894,1,1.97,0.17999999999999999,0,0,1000,0,0.10000000000000001
3895,1,1.97,0.19,0,0,1000,0,0.10000000000000001
3896,1,1.97,0.20000000000000001,0,0,1000,0,0.10000000000000001
3897,1,1.98,0,0,0,1000,0,0.10000000000000001
3898,1,1.98,0.01,0,0,1000,0,0.10000000000000001
3899,1,1.98,0.02,0,0,1000,0,0.10000000000000001
3900,1,1.98,0.17999999999999999,0,0,1000,0,0.10000000000000001
3901,1,1.98,0.19,0,0,1000,0,0.10000000000000001
3902,1,1.98,0.20000000000000001,0,0,1000,0,0.10000000000000001
3903,1,1.99,0,0,0,1000,0,0.10000000000000001
3904,1,1.99,0.01,0,0,1000,0,0.10000000000000001
3905,1,1.99,0.19,0,0,1000,0,0.10000000000000001
3906,1,1.99,0.20000000000000001,0,0,1000,0,0.10000000000000001
3907,1,2,0,0,0,1000,0,0.10000000000000001
3908,1,2,0.20000000000000001,0,0,1000,0,0.10000000000000001
