id,is_boundary,x,y,vx,vy,rho,p,m
0,0,0.16378855305379697,0.046015523469526504,0.22870703057566558,-0.0045313561237255735,1000.0634890657687,31.744532884374621,0.10000000000000001
1,0,0.11469503796615735,0.0033555604658357828,0.028332950401305883,-0.018357706628869506,1001.2353680306381,617.68401531907102,0.10000000000000001
2,0,0.15902303087285738,0.043982416039521008,0.227276003772996,-0.0058238370612851975,1000.0219973708905,10.998685445258616,0.10000000000000001
3,0,0.18712594870089869,0.038773837429008973,0.22168209323942398,0.010338495284154252,1000.417592755298,208.79637764898007,0.10000000000000001
4,0,0.1862249654983214,0.038778791878177274,0.22150686725700311,-0.0112584109442696,999.68182069284808,-159.08965357596117,0.10000000000000001
5,0,0.20354593326819012,0.030652221950004551,0.19921153080482382,0.0036581691519866903,1000.0982085186481,49.104259324053601,0.10000000000000001
6,0,0.21212275063836369,0.03688435123345183,0.2061942640887858,0.0054063305154785661,1000.1887478986663,94.373949333146356,0.10000000000000001
7,0,0.22000753058251324,0.028284111933657156,0.19754415210226339,0.0052840508389391137,1000.0867216511427,43.360825571369332,0.10000000000000001
8,0,0.23172042183042008,0.033422070300639477,0.19254719140763563,-0.013529581366706175,999.9310858660848,-34.457066957600091,0.10000000000000001
9,0,0.23841534791651001,0.029574815307322998,0.19369361318608933,0.044826617843791106,1000.393338061544,196.66903077200004,0.10000000000000001
10,0,0.25062106101630321,0.030062031263191152,0.18748699276314729,-0.067467748941559505,999.60561514872097,-197.19242563951411,0.10000000000000001
11,0,0.25833272180206474,0.030705457453705873,0.18371144745256018,0.062253231141584674,1000.7454465986876,372.72329934381787,0.10000000000000001
12,0,0.27014574012031228,0.030624401691015681,0.18778998482099582,-0.067682477872622077,999.49966563418536,-250.16718290731887,0.10000000000000001
13,0,0.27820844296673897,0.029751314936692815,0.17930567317168672,0.057953521646290543,1000.8001842829412,400.09214147062266,0.10000000000000001
14,0,0.28958956733795299,0.030670648751064674,0.19027993633200782,-0.043550616498545219,999.76608318981641,-116.95840509179334,0.10000000000000001
15,0,0.29828369919626041,0.029644717415050328,0.18077466764933689,0.030708348901988397,1000.6703807323214,335.19036616070252,0.10000000000000001
16,0,0.30911393702972978,0.030400884613217303,0.18850753095240458,-0.014742514521551495,1000.1823122205409,91.156110270446788,0.10000000000000001
17,0,0.3185118191586403,0.029823556829943313,0.18236782677160635,0.0045162207866601299,1000.54311727116,271.55863557999282,0.10000000000000001
18,0,0.32877051947782504,0.030146388240154406,0.18526727195461146,0.0030002757831004202,1000.5024339580656,251.21697903279028,0.10000000000000001
19,0,0.33872861479431265,0.030048573547935168,0.18313070581655377,-0.0056580519709305242,1000.529300677332,264.65033866600152,0.10000000000000001
20,0,0.34856899417464288,0.030076662245216421,0.18268889667599794,0.0061696735221902586,1000.6649456354362,332.47281771809867,0.10000000000000001
21,0,0.35879280948841796,0.02998572766125486,0.18242717390727378,-0.0044536980949948304,1000.6591983941555,329.59919707775498,0.10000000000000001
22,0,0.36854482301522518,0.030233645688594976,0.18122079259958876,0.0016253980638034158,1000.7228703603506,361.43518017530596,0.10000000000000001
23,0,0.37872068379530499,0.029716161393731743,0.18075440971535031,0.0004866287670845091,1000.8345135829506,417.25679147532446,0.10000000000000001
24,0,0.38863257653357841,0.030465435897462607,0.18038471577959955,-0.0010038289715195009,1000.7784174510326,389.20872551631192,0.10000000000000001
25,0,0.39861240416347726,0.029549016428865874,0.17929782739620725,0.00064831247736502529,1000.9471031483159,473.55157415796612,0.10000000000000001
26,0,0.40871139266965095,0.030524328192860672,0.17921532726945966,0.001990838998395627,1000.9033707755808,451.68538779040546,0.10000000000000001
27,0,0.41855764874722784,0.029593982985162283,0.17833726338796652,-0.003718414685515732,1000.9956451937908,497.82259689538932,0.10000000000000001
28,0,0.42872532204088964,0.030410241749245549,0.17778074962174317,0.0062531446353415758,1001.0483857251231,524.19286256156283,0.10000000000000001
29,0,0.43856764645025009,0.029735494613825412,0.17746574100633158,-0.0073114857466047845,1001.0393815278985,519.69076394925651,0.10000000000000001
30,0,0.44870879321529306,0.030261692384400796,0.17630246765794888,0.0076244861833420366,1001.1743943710418,587.19718552089262,0.10000000000000001
31,0,0.45860921270511523,0.029850272552087113,0.17669698886901483,-0.0062392253505366519,1001.1221655571043,561.08277855213373,0.10000000000000001
32,0,0.46868758994687265,0.030183760718638823,0.17537441973265619,0.0050693730619653125,1001.2599550691212,629.97753456062355,0.10000000000000001
33,0,0.47865398940433701,0.029877113694497654,0.17580170723488064,-0.0024321921257704103,1001.2586602637012,629.33013185062237,0.10000000000000001
34,0,0.48868099282082567,0.030194339455435641,0.17504277344164423,0.001762389989353559,1001.3329925610759,666.49628053795595,0.10000000000000001
35,0,0.49867511205867948,0.029841827975825661,0.17504937087080935,0.00071824484419548938,1001.4134613057894,706.7306528946915,0.10000000000000001
36,0,0.50869590903328421,0.030233941731742757,0.17502336391730131,0.00015285994752027861,1001.4290047028513,714.50235142566498,0.10000000000000001
37,0,0.51867694192259672,0.029806701183394391,0.17476915562811418,0.0018623858305920255,1001.5591511801488,779.57559007438704,0.10000000000000001
38,0,0.52871751807299439,0.030252539578907552,0.17511206705407617,0.00022555539087610414,1001.5592427046869,779.62135234344032,0.10000000000000001
39,0,0.5386747845180212,0.029803354073563073,0.17497286034314877,0.0017909130610201988,1001.6929010582835,846.45052914174812,0.10000000000000001
40,0,0.54873321701182975,0.030235686481788229,0.17539492378733854,0.00087114164267372974,1001.7063837140776,853.1918570387802,0.10000000000000001
41,0,0.55867666251125359,0.029835707992548838,0.17546367396444332,0.0013919001760443605,1001.8201701067346,910.08505336731105,0.10000000000000001
42,0,0.568737333504997,0.030187818527407897,0.17590669389560518,0.0014986946933952059,1001.8514764675181,925.7382337590343,0.10000000000000001
43,0,0.57868387358760687,0.029891792099138635,0.17612817214572385,0.00098841565711419994,1001.9380631433294,969.03157166468645,0.10000000000000001
44,0,0.58873153376970921,0.030126337477277037,0.17654997566144859,0.0019412445803851451,1001.981128269305,990.5641346525158,0.10000000000000001
45,0,0.59869226379021867,0.029951155901282455,0.17688911180868513,0.00068894655783180902,1002.0388287605296,1019.4143802647773,0.10000000000000001
46,0,0.60872144989316512,0.030071349104263501,0.17720808960164716,0.0020861184715387946,1002.084913532723,1042.4567663615107,0.10000000000000001
47,0,0.61869707525082063,0.029996821620638648,0.17762723276114004,0.00058296291230037415,1002.1162689427952,1058.1344713975795,0.10000000000000001
48,0,0.62871109206407616,0.03003540022050807,0.1778001443558383,0.0018921889304689247,1002.1555425627671,1077.7712813835478,0.10000000000000001
49,0,0.63869582400645164,0.030022071938637485,0.17821974026284015,0.00066555699957508718,1002.1662831398929,1083.1415699464628,0.10000000000000001
50,0,0.64870183630477984,0.030019324447244491,0.17827002629984068,0.001456626663337059,1002.1906968119782,1095.3484059891139,0.10000000000000001
51,0,0.65868986728369505,0.030030799341439027,0.17857914469707073,0.00079456452172438179,1002.1881975144429,1094.0987572214453,0.10000000000000001
52,0,0.66869213387987503,0.030016774043971545,0.17856540757750361,0.0010347360800447485,1002.1942263599054,1097.1131799527143,0.10000000000000001
53,0,0.67868168451355393,0.0300301831295453,0.1787070123306076,0.0007998553231836395,1002.1836546175363,1091.8273087681314,0.10000000000000001
54,0,0.68868151929940102,0.030020501414263077,0.17864500393898058,0.00076561764339935366,1002.1750400376565,1087.5200188282292,0.10000000000000001
55,0,0.69867231521379813,0.030026545058958191,0.17864892164504007,0.00071850138946615949,1002.1589831631807,1079.4915815903323,0.10000000000000001
56,0,0.70867011931730028,0.030025557161144717,0.17854317076399287,0.00062518238463498419,1002.1422563876773,1071.1281938386605,0.10000000000000001
57,0,0.71866198388139901,0.030023240952338746,0.17845778648426791,0.00063088772889852531,1002.1241973377512,1062.098668875592,0.10000000000000001
58,0,0.7286582919986202,0.030029220510121721,0.1783348246281527,0.00058584072227008523,1002.1053808239855,1052.6904119927281,0.10000000000000001
59,0,0.73865109360005132,0.030021722317426048,0.17821421458657433,0.00058525892498243262,1002.0889699497106,1044.4849748553224,0.10000000000000001
60,0,0.74864630077841865,0.030030755970179325,0.17810197874420908,0.00061600146644876571,1002.0731875135732,1036.5937567866013,0.10000000000000001
61,0,0.7586396936963733,0.030021936133657372,0.17799653316314576,0.00060052310036611521,1002.0613670043697,1030.6835021848428,0.10000000000000001
62,0,0.76863422391874514,0.030030573663948523,0.17792113030472897,0.00068886526766252332,1002.0518994607284,1025.9497303641751,0.10000000000000001
63,0,0.77862798689508084,0.030022971537660318,0.17786248062640506,0.00065978420075830447,1002.0466741752914,1023.3370876457002,0.10000000000000001
64,0,0.78862189341079547,0.03002981939257484,0.17783871305407378,0.00078035785966950005,1002.044858044193,1022.4290220965031,0.10000000000000001
65,0,0.79861576389540456,0.030023712408121291,0.17783849972669152,0.00074023159204666966,1002.0467470823387,1023.3735411693488,0.10000000000000001
66,0,0.80860947949143069,0.030028959290403577,0.17786569654088127,0.0008565247612529487,1002.0522393178986,1026.1196589493125,0.10000000000000001
67,0,0.81860317320501175,0.03002407471023218,0.17791486254321359,0.00081710191319346354,1002.060452374142,1030.2261870709799,0.10000000000000001
68,0,0.82859687530306059,0.030027867960762442,0.17798107377103894,0.00090213204701702757,1002.0713885477215,1035.69427386077,0.10000000000000001
69,0,0.83859044485992451,0.030024378934390229,0.1780582739336713,0.00086256104803466302,1002.0839034969147,1041.9517484573362,0.10000000000000001
70,0,0.84858387083890841,0.030026724340213258,0.17813942717741613,0.00091151308234962915,1002.0976928311156,1048.8464155578185,0.10000000000000001
71,0,0.85857745723883117,0.030024410784724054,0.17822019540932377,0.00086902943364881564,1002.1115849099948,1055.7924549974018,0.10000000000000001
72,0,0.8685709331739524,0.030025527485374088,0.17829095444955312,0.0008844283702027242,1002.1253203827052,1062.6601913526201,0.10000000000000001
73,0,0.87856482578355721,0.030024077827935029,0.17835124848409786,0.00083949658043987727,1002.1376161596976,1068.8080798487931,0.10000000000000001
74,0,0.88855881312319007,0.0300244534982484,0.1783940004376027,0.00083549758628955373,1002.1485206225196,1074.2603112598204,0.10000000000000001
75,0,0.89855333164609097,0.030023423062358306,0.17841522958414446,0.00077974136006653098,1002.156847403134,1078.423701566976,0.10000000000000001
76,0,0.90854815768662833,0.030023664575544239,0.17841893378637055,0.0007797781360159438,1002.1630661629679,1081.5330814839399,0.10000000000000001
77,0,0.91854338773970867,0.030022782517815799,0.17839591150616621,0.00071242721465684705,1002.166073580798,1083.0367903989782,0.10000000000000001
78,0,0.92853902811465594,0.030023235773131311,0.17835518087569108,0.00072226033428043955,1002.1669639822095,1083.4819911047475,0.10000000000000001
79,0,0.93853519541035757,0.030021954319353988,0.1782921903958381,0.00066614509179191038,1002.1649485833783,1082.4742916891523,0.10000000000000001
80,0,0.94853225969402488,0.030022606447331436,0.17821393569755553,0.0006675676150912674,1002.160963341859,1080.4816709294869,0.10000000000000001
81,0,0.95853026902334493,0.030020935016137534,0.1781254033882374,0.00065886558812466866,1002.1556613663639,1077.8306831819577,0.10000000000000001
82,0,0.96852953337443837,0.030021487984330249,0.17802540631831465,0.00062496165914384459,1002.148444238981,1074.2221194905142,0.10000000000000001
83,0,0.97853000882723473,0.03002036021471095,0.17793322562786013,0.00069271034468751033,1002.1422168619424,1071.1084309712078,0.10000000000000001
84,0,0.98853159585532469,0.030019822427375709,0.17783129243333901,0.0006111721473167378,1002.1344232953481,1067.2116476740712,0.10000000000000001
85,0,0.99853458987828403,0.030020554247025752,0.17775417848633826,0.00074635432621738575,1002.1294735149991,1064.7367574995314,0.10000000000000001
86,0,1.0085383862253281,0.030017616781217768,0.17767179173171085,0.00065332263490161828,1002.1242981965926,1062.1490982962882,0.10000000000000001
87,0,1.0185439720955864,0.030020769406210176,0.17761750566315695,0.00077741721492286355,1002.1220708873687,1061.035443684375,0.10000000000000001
88,0,1.0285503762048851,0.030015298199608777,0.17757186483408224,0.00076896596685682532,1002.1226630964201,1061.3315482100347,0.10000000000000001
89,0,1.0385589333447425,0.030019606633919761,0.17753574063609559,0.00074854829479688387,1002.1238635600098,1061.9317800048975,0.10000000000000001
90,0,1.0485686220162027,0.030014350905333137,0.17753242346894127,0.00093577878807784057,1002.1322917349221,1066.1458674610458,0.10000000000000001
91,0,1.0585798835528475,0.030016240763952273,0.17749991913093804,0.00066663367988730989,1002.1376876507321,1068.8438253660593,0.10000000000000001
92,0,1.0685927142109923,0.030016282059437464,0.17752261703367822,0.0010745212749047283,1002.1537943967495,1076.897198374752,0.10000000000000001
93,0,1.078605825017493,0.030010398893717063,0.17747749100583993,0.00060566368689853685,1002.1650629817761,1082.5314908880728,0.10000000000000001
94,0,1.0886216817569003,0.030020150094907491,0.17748830729896897,0.0010645068013477813,1002.1857760613264,1092.8880306631754,0.10000000000000001
95,0,1.0986368150405925,0.030003356969323325,0.1774271464156488,0.00067574047873732786,1002.2054991813229,1102.7495906614604,0.10000000000000001
96,0,1.1086558992064288,0.030022671368853469,0.17738033871574888,0.00081054344195396208,1002.2257208571026,1112.8604285513006,0.10000000000000001
97,0,1.1186737425376736,0.029999494288642674,0.17731525076067456,0.00093596564540588745,1002.2556271245537,1127.8135622768559,0.10000000000000001
98,0,1.1286951711277733,0.03001945188827547,0.17717375630803256,0.00033904575487882281,1002.2708985185197,1135.4492592598717,0.10000000000000001
99,0,1.1387160953508475,0.030004140663962679,0.17712001651906928,0.0013010848332242362,1002.309032558926,1154.516279462996,0.10000000000000001
100,0,1.1487380596813663,0.030006900773625982,0.17687846331536222,-0.00013832122737734314,1002.3189513380057,1159.4756690028589,0.10000000000000001
101,0,1.1587623902376507,0.030019249395577183,0.17683171242402268,0.0015121216929612441,1002.3573463333991,1178.6731666995252,0.10000000000000001
102,0,1.168783588371942,0.02998576932555419,0.17653209470933873,-0.0002678968629252581,1002.3675475238671,1183.7737619335371,0.10000000000000001
103,0,1.178811880965922,0.030039624936548413,0.17645647397119707,0.0012426311991367315,1002.3929682790929,1196.4841395464418,0.10000000000000001
104,0,1.1888325271485798,0.029964726900585721,0.17618496415123008,0.00025400534055203592,1002.4130801718956,1206.5400859477791,0.10000000000000001
105,0,1.1988642852779994,0.030052956703150596,0.1760209305362215,0.00032931029195689635,1002.4124964792333,1206.2482396166274,0.10000000000000001
106,0,1.2088854266394857,0.029959557231992822,0.17587318116016365,0.001417414197578023,1002.4495317475203,1224.7658737601341,0.10000000000000001
107,0,1.2189176570007596,0.03004383311324051,0.1755666284335273,-0.00099781834961456726,1002.4189605531844,1209.4802765922168,0.10000000000000001
108,0,1.2289411011404574,0.029984897237086899,0.17559125178155713,0.0027285429506746358,1002.4690718173522,1234.5359086760936,0.10000000000000001
109,0,1.2389697069181926,0.0300019065689783,0.17513470154281066,-0.002065341814156962,1002.4209429640836,1210.4714820417826,0.10000000000000001
110,0,1.2489982480374409,0.030043418519618517,0.17529159439743797,0.0033273510496521757,1002.4652280749981,1232.6140374990473,0.10000000000000001
111,0,1.2590193249875812,0.029933037969112331,0.17474693755924134,-0.0020079164691795166,1002.4279794518927,1213.9897259463623,0.10000000000000001
112,0,1.2690550202772317,0.030117769530051908,0.17490424361329213,0.0024371723674579946,1002.4375287977525,1218.7643988762602,0.10000000000000001
113,0,1.279066239901768,0.029864737701373722,0.17441324200149083,-0.00028008728240567284,1002.4451326591438,1222.5663295719187,0.10000000000000001
114,0,1.2891087105408823,0.030171164720641675,0.17439453910496783,-9.7358205003094739e-05,1002.3962001719053,1198.1000859526603,0.10000000000000001
115,0,1.2991111385479106,0.029840162818035552,0.1741232849667691,0.002782177852878767,1002.468781702284,1234.3908511419954,0.10000000000000001
116,0,1.309156313724956,0.030160793875529619,0.17377247867292717,-0.0034759151677010358,1002.3623285071,1181.16425354998,0.10000000000000001
117,0,1.319156368255987,0.029897362247156254,0.17381676941250226,0.0057947140313935218,1002.4885342412434,1244.2671206217142,0.10000000000000001
118,0,1.3291967120937798,0.03006084366399631,0.17306222786718081,-0.0060563841708805143,1002.3613220435864,1180.6610217931848,0.10000000000000001
119,0,1.3392038538390807,0.030043232594457195,0.17333492576277856,0.006868496018008775,1002.4918058741296,1245.9029370647841,0.10000000000000001
120,0,1.3492288913094324,0.029884923488986172,0.17224376541323655,-0.0059737276831191193,1002.4086521260017,1204.326063000849,0.10000000000000001
121,0,1.3592515822622402,0.030236208556107924,0.17255793454037191,0.0047565505845455699,1002.4735421045809,1236.7710522904645,0.10000000000000001
122,0,1.3692507068965061,0.029694650591410281,0.17135739182283796,-0.0022752009376046721,1002.4986202307442,1249.3101153721113,0.10000000000000001
123,0,1.3792945385555868,0.030394202955295799,0.17153647983898473,-0.00029176104129761482,1002.4422812898842,1221.1406449421247,0.10000000000000001
124,0,1.3892645134358088,0.029583340659409579,0.17060439401276276,0.0040492752090717302,1002.6042586931816,1302.1293465907888,0.10000000000000001
125,0,1.3993297558769546,0.030429849493890694,0.17049914202640809,-0.0064618128069967784,1002.4231659902172,1211.5829951085857,0.10000000000000001
126,0,1.409280274326818,0.029633976604570785,0.17013102021670834,0.010057919498511772,1002.6887316844674,1344.3658422336853,0.10000000000000001
127,0,1.419358307940684,0.030289765916005237,0.16962886696037074,-0.010922608273952764,1002.4457762734207,1222.8881367103668,0.10000000000000001
128,0,1.4293083905113566,0.029871051241794986,0.16975346344929229,0.012301105371011766,1002.7173900319152,1358.6950159576077,0.10000000000000001
129,0,1.4393788606020954,0.029987203790762869,0.16882574148575083,-0.010754275926976774,1002.5213596124891,1260.679806244525,0.10000000000000001
130,0,1.4493468002288621,0.0302261537648741,0.1692130438520395,0.0089833732233051498,1002.6709314931589,1335.465746579473,0.10000000000000001
131,0,1.4593829376515266,0.029621865441159165,0.16791215256582132,-0.0045310751760631197,1002.6267182931165,1313.3591465582413,0.10000000000000001
132,0,1.4693839358081833,0.030552717891390389,0.16862608896183018,0.0011207198832945107,1002.5607341031094,1280.3670515547196,0.10000000000000001
133,0,1.4793661001462477,0.029355200172175279,0.16722905462001195,0.0057320990673531604,1002.7146063856346,1357.3031928173123,0.10000000000000001
134,0,1.4894150135871114,0.030700663790675188,0.16825071325527902,-0.0081420255394109298,1002.4299409513429,1214.9704756714641,0.10000000000000001
135,0,1.4993449566836567,0.029328096193044557,0.1673150383880366,0.01508854365127669,1002.7436133986141,1371.8066993070579,0.10000000000000001
136,0,1.5094459399843598,0.030586224651917234,0.16811518711085888,-0.015049737288024886,1002.3307100044605,1165.3550022302284,0.10000000000000001
137,0,1.5193473991869606,0.02959070087139341,0.167840553249751,0.018697372913440147,1002.6847975474629,1342.3987737314746,0.10000000000000001
138,0,1.529476370666403,0.030219588691530234,0.16795556117032395,-0.01590607967940116,1002.2990128177927,1149.5064088963431,0.10000000000000001
139,0,1.5393751874811923,0.030064972952035501,0.16796993291224493,0.013956058087643769,1002.519511288491,1259.7556442455016,0.10000000000000001
140,0,1.5494890517278594,0.029719924547852553,0.16714924047712737,-0.0081070166416455942,1002.3219090275923,1160.9545137961277,0.10000000000000001
141,0,1.5594054441476062,0.030546713651569739,0.16760050514043812,0.0022257784542672864,1002.2628226612736,1131.4113306368085,0.10000000000000001
142,0,1.5694631902073464,0.029318170223924991,0.16606540365654737,0.0065430316650354602,1002.3483172424628,1174.1586212314132,0.10000000000000001
143,0,1.5794280307621424,0.030792219881524457,0.16723758090812005,-0.011731098409691455,1001.9861493482337,993.07467411682637,0.10000000000000001
144,0,1.5894235766518485,0.029242961479292409,0.16580800874443646,0.020201087758774022,1002.3217917050392,1160.8958525196158,0.10000000000000001
145,0,1.5994524399937067,0.030670697974480774,0.16690178624340693,-0.021669888314308296,1001.7865287526822,893.26437634110789,0.10000000000000001
146,0,1.6094217510930831,0.02955914206495372,0.16609114921841789,0.024974464354962717,1002.2095025331623,1104.751266581161,0.10000000000000001
147,0,1.6194825120685821,0.030231010322365661,0.1660053123795186,-0.022322200966264857,1001.7116512559653,855.82562798265371,0.10000000000000001
148,0,1.6294524170258844,0.030143330803698919,0.16584481414170116,0.018558604659831498,1002.0021589104083,1001.0794552041489,0.10000000000000001
149,0,1.6394928263473754,0.029634526285144274,0.16378643377349988,-0.012221752069211089,1001.71787311511,858.93655755501186,0.10000000000000001
150,0,1.6494788656574393,0.030762069049529214,0.16542888395970332,0.0054706028406638751,1001.7307494568314,865.37472841570207,0.10000000000000001
151,0,1.6594398348889783,0.029103994156566192,0.16080975963229671,0.0029350459684190314,1001.7151609035843,857.58045179215969,0.10000000000000001
152,0,1.6695011225908769,0.031169566660008939,0.16515837460996138,-0.0066904137927627462,1001.4589762562317,729.48812811586095,0.10000000000000001
153,0,1.6793451878755012,0.028803829077327491,0.15891786983560946,0.013988636281929402,1001.663023065216,831.51153260797628,0.10000000000000001
154,0,1.6895474531820254,0.031301993754717289,0.16453490857991479,-0.01352058193651509,1001.2500476818904,625.02384094517538,0.10000000000000001
155,0,1.6992310779820554,0.02868666567542472,0.15833613524586992,0.018514511369855741,1001.5601849334336,780.09246671678056,0.10000000000000001
156,0,1.7096403249613337,0.031339349479752227,0.16348695493134235,-0.015113975165092554,1001.1089579149452,554.478957472611,0.10000000000000001
157,0,1.7190542640694599,0.028601193436319852,0.15801004619463491,0.018467004798210677,1001.4176280454598,708.81402272988225,0.10000000000000001
158,0,1.7297617622576507,0.03151627968052207,0.16264009260543003,-0.010654069117879967,1001.0317253277466,515.8626638732926,0.10000000000000001
159,0,1.7388425323009844,0.02845102502293316,0.15754093639139261,0.014792563940886769,1001.2584315387232,629.21576936162182,0.10000000000000001
160,0,1.7498868866866224,0.032044540181894482,0.16302543604699651,-0.00023552951724471977,1001.0211649014154,510.58245070771591,0.10000000000000001
161,0,1.7586535692636764,0.028218568911643808,0.15601137792254363,0.0074374685822662778,1001.0523754289006,526.18771445031598,0.10000000000000001
162,0,1.770005453795942,0.033024425602020881,0.16427470151346288,0.013747717002811119,1001.0645318397048,532.26591985242067,0.10000000000000001
163,0,1.7784625487526049,0.028001917182181767,0.15444680879528891,0.0033506711206224057,1000.8859512004314,442.97560021567506,0.10000000000000001
164,0,1.790052915931738,0.034271730071443837,0.16483855063201902,0.024787999733312964,1001.1118380714158,555.91903570791601,0.10000000000000001
165,0,1.7983537654356059,0.028105237554497148,0.15492803389296095,0.011497426872049967,1000.8251856901363,412.5928450681613,0.10000000000000001
166,0,1.8101438409973973,0.035650549903631111,0.16563216149734625,0.02455654308930064,1001.0531013926279,526.55069631396145,0.10000000000000001
167,0,1.8183911957997889,0.028819601916321162,0.15783043969808419,0.023470194422957585,1000.763781757915,381.89087895750617,0.10000000000000001
168,0,1.8305659366308971,0.036969987212518832,0.16817646432260472,0.012405655301937622,1000.7771066981605,388.55334908026862,0.10000000000000001
169,0,1.838488133667638,0.029465084657291956,0.16189948558134043,0.034949883886691922,1000.7571909134252,378.59545671261685,0.10000000000000001
170,0,1.8512865465215356,0.038032591863147482,0.17348050238137688,0.0042184348021377729,1000.5959318044687,297.9659022343526,0.10000000000000001
171,0,1.8590542021822265,0.030843831967778953,0.16633655414802817,-0.0075496643300798291,1000.2990609239974,149.53046199872233,0.10000000000000001
172,0,1.8722075107746234,0.03817515502791255,0.17709809826009526,-0.0072917990537633703,999.99918758650176,-0.40620674911906463,0.10000000000000001
173,0,1.87972635129476,0.031030191477736661,0.17134499823225707,-0.0048554241422820834,1000.1738896747075,86.944837353769344,0.10000000000000001
174,0,1.8926571856267476,0.037181859578784275,0.17537927876624873,-0.001945202843133807,999.94790110195981,-26.049449020092652,0.10000000000000001
175,0,1.898288411689129,0.032466969924564368,0.17038102840000255,0.006242694172466326,1000.1407022702973,70.35113514865543,0.10000000000000001
176,0,1.9213132845164616,0.040616540905100681,0.16804466996511253,0.0028906288922950548,1000.1979440303834,98.972015191691298,0.10000000000000001
177,0,1.9203224142922284,0.039408046879305353,0.16869114952546124,0.0010690237049490619,1000.07474110431,37.370552154982306,0.10000000000000001
178,0,1.9504173477474194,0.044735398113366333,0.16654293467393586,0.0027037537534048014,999.97972979803842,-10.135100980789957,0.10000000000000001
179,0,1.9099533614418363,0.0031529617851874889,0.030776349561120263,0.0353786091477079,999.32011898633266,-339.9405068336705,0.10000000000000001
180,0,1.9461149273068419,0.046366646837472998,0.1658012018323112,0.0018867942285318011,1000.003546847359,1.7734236794808567,0.10000000000000001
181,0,0.14813627471364357,0.048679183320481274,0.23038216719972365,-0.0032840815489233897,999.9964717616507,-1.7641191746520235,0.10000000000000001
182,0,0.14904709293160184,0.046908923968632325,0.22934409471896028,-0.0034857916509595127,999.99856911734605,-0.71544132697454188,0.10000000000000001
183,0,0.16317854828776129,0.045648966280522542,0.22840716601792996,-0.0048901089190583396,1000.0553191183802,27.659559190112759,0.10000000000000001
184,0,0.18464737402435011,0.021307255681428303,0.17264289492336504,-0.048486624052436839,1000.0179452970244,8.9726485122127997,0.10000000000000001
185,0,0.19210881109803651,0.035117524738552584,0.21727203396457351,0.0071649830948653133,1000.1351856129075,67.592806453774301,0.10000000000000001
186,0,0.20219120848444733,0.030683393253943179,0.1996677230479981,0.0050640895140016884,1000.1211812006492,60.59060032458774,0.10000000000000001
187,0,0.21255320717186965,0.04414698944447603,0.20797040643004119,0.00336981289690284,1000.2964143211746,148.20716058727612,0.10000000000000001
188,0,0.22178741862602508,0.036036581116770404,0.20800657489933388,0.0012789201760672068,999.99919481223594,-0.40259388202912305,0.10000000000000001
189,0,0.23312853137338738,0.04300509219522488,0.20008178967663143,0.013299825858335543,1000.3994154003183,199.70770015913786,0.10000000000000001
190,0,0.24209907290027854,0.038068531586804219,0.20674950855513496,0.012229727321134766,1000.2227774966298,111.3887483148801,0.10000000000000001
191,0,0.25318461882748527,0.04257354713560741,0.19857224212870309,-0.0083836844486943982,999.75637296370962,-121.81351814518848,0.10000000000000001
192,0,0.26184161286602181,0.038202838441298667,0.19883665337487036,0.011654892906023815,1000.4657112856993,232.85564284964266,0.10000000000000001
193,0,0.2729219050649444,0.04196800930240549,0.19827256644375363,-0.0083694442369256997,999.83286994717741,-83.56502641129282,0.10000000000000001
194,0,0.28198121771613838,0.038908856812844887,0.19604257790300245,0.014896246051849523,1000.7248369521689,362.41847608442868,0.10000000000000001
195,0,0.29245479417415349,0.041014508086967202,0.19924824909624611,-0.0080853958430461229,999.91224291467176,-43.878542664117504,0.10000000000000001
196,0,0.30220239849194031,0.039647259666544525,0.19451016509483138,0.0094587950095080427,1000.7614492989596,380.72464947981643,0.10000000000000001
197,0,0.3120873973444801,0.04022855114717009,0.19860988749829919,-0.0063734951088103356,1000.1159014539147,57.950726957358256,0.10000000000000001
198,0,0.32226834496765233,0.040268923921875012,0.19373921187630058,0.0054766281904595031,1000.728566168526,364.28308426297917,0.10000000000000001
199,0,0.33193071989234896,0.03970006279589821,0.19620594645438047,-0.0042412184564144251,1000.3604542761609,180.2271380804541,0.10000000000000001
200,0,0.34221763682905715,0.040517152325610033,0.1936561979806195,0.0028806273932491596,1000.715245797392,357.62289869597907,0.10000000000000001
201,0,0.35196932433378375,0.039638512778929845,0.1939119062035132,-0.0019570334323144949,1000.5847368266611,292.36841333056418,0.10000000000000001
202,0,0.36210907773214551,0.040338088679918165,0.19274642225293548,0.0010051203822273372,1000.7420014813946,371.00074069729772,0.10000000000000001
203,0,0.3720506543233944,0.039922315031232981,0.19226974358446153,8.4859314426825202e-05,1000.7673658806416,383.68294032079575,0.10000000000000001
204,0,0.38203764572856735,0.03998522500509509,0.19125460210661538,-0.0013206704668656231,1000.7800464218548,390.02321092738157,0.10000000000000001
205,0,0.39207815388143447,0.040211605309102325,0.1910113657145534,0.002333297890741996,1000.9549898819291,477.49494096456147,0.10000000000000001
206,0,0.40204781619400515,0.03975247625610439,0.19004663500663083,-0.0035998535811011122,1000.8071352923033,403.5676461516573,0.10000000000000001
207,0,0.41204430364188793,0.040319513359897613,0.18952863750888482,0.0036932232246156007,1001.1150672677584,557.53363387918853,0.10000000000000001
208,0,0.42209629753154265,0.039729881452617584,0.18906658284732353,-0.0044004325132456518,1000.8662371878237,433.11859391184271,0.10000000000000001
209,0,0.4320148876482095,0.040272584803783804,0.18807313387981889,0.003681871445000573,1001.2149165780678,607.4582890339002,0.10000000000000001
210,0,0.44212958069914055,0.039816082172683301,0.18800711325946198,-0.003633476681881311,1000.9811535077648,490.57675388240796,0.10000000000000001
211,0,0.45202044358779769,0.040167154059376632,0.18688203538046996,0.0028522875285976832,1001.2770098962066,638.50494810327518,0.10000000000000001
212,0,0.46214360103577723,0.039917022202546164,0.18720703584177104,-0.0022031494289712905,1001.1271965246364,563.59826231818033,0.10000000000000001
213,0,0.47205790058421981,0.040076155971238425,0.18603636182036237,0.0018374135166130362,1001.3420080381009,671.00401905042872,0.10000000000000001
214,0,0.4821414246920081,0.039973085334808943,0.18665780825452419,-0.00095325288623454129,1001.2770443085825,638.52215429125181,0.10000000000000001
215,0,0.49210953737464846,0.040048043747407669,0.18573446934650792,0.0012699306320983436,1001.4300403715803,715.02018579013793,0.10000000000000001
216,0,0.502139476869507,0.039967899957588537,0.18634113878054678,-0.00031010800365107881,1001.4209536878998,710.47684394989119,0.10000000000000001
217,0,0.51214923205607532,0.040065751718535082,0.18593840130601699,0.0013048141846519893,1001.5480296264585,774.01481322925747,0.10000000000000001
218,0,0.52215112345832948,0.039939232449058129,0.18646542389038767,-0.00021247713369060387,1001.5552905328882,777.64526644409671,0.10000000000000001
219,0,0.53217131515391736,0.040087762077939702,0.18644443778420897,0.001652159023969007,1001.688245482919,844.1227414595005,0.10000000000000001
220,0,0.54217287969686245,0.039922212704169825,0.18712913716680524,-0.00030615410014264407,1001.6840408667105,842.02043335523058,0.10000000000000001
221,0,0.55218289087010974,0.040092147236356415,0.18720413397974212,0.0019462927862890474,1001.8327169191456,916.35845957279116,0.10000000000000001
222,0,0.56219635949105129,0.039929008544209603,0.18815592083710381,-0.00030738335991573225,1001.8127889178772,906.39445893862103,0.10000000000000001
223,0,0.57219162120309897,0.040076645736577175,0.18825418215157874,0.0019974968785342741,1001.9638902088226,981.94510441129523,0.10000000000000001
224,0,0.58221514170856137,0.039951972680531765,0.18934576081869281,-0.00015990614986413892,1001.9383467392767,969.17336963832668,0.10000000000000001
225,0,0.59220147759019381,0.040052758508304358,0.18951807713985597,0.0018307191016162059,1002.072458467626,1036.2292338130032,0.10000000000000001
226,0,0.60222730291801185,0.039975796984078514,0.1905703072275762,3.7855836691319333e-05,1002.0499772661285,1024.9886330642539,0.10000000000000001
227,0,0.61221259576253506,0.040033098387227045,0.1908238357291008,0.0015405406119448548,1002.1543127500339,1077.1563750169548,0.10000000000000001
228,0,0.62223404610830646,0.039991454517997529,0.19172161218183148,0.00019058976475963053,1002.1368933031073,1068.4466515536428,0.10000000000000001
229,0,0.63222394929167558,0.040022883735492613,0.19199721092735547,0.001212409102394446,1002.2076568686276,1103.8284343138116,0.10000000000000001
230,0,0.64223812738890296,0.039998362869950781,0.19269045188416101,0.00025726603426399081,1002.1928403676842,1096.420183842099,0.10000000000000001
231,0,0.65223363270395363,0.040019485291431081,0.19291266256611947,0.00089302889760585285,1002.232686519296,1116.3432596479765,0.10000000000000001
232,0,0.66224231244349563,0.040001488445301804,0.1933867951694079,0.00024980596737564077,1002.2171840921229,1108.5920460614602,0.10000000000000001
233,0,0.67224132569813799,0.040018487214977791,0.1935133780431792,0.0006180925413113679,1002.2326696907634,1116.3348453816866,0.10000000000000001
234,0,0.68224714748071513,0.040003500535478027,0.19377452082070321,0.00019141356187453432,1002.2143195122271,1107.1597561135604,0.10000000000000001
235,0,0.69224789400544184,0.040018423233638314,0.19379765959704154,0.0004139272338093655,1002.2134428610123,1106.721430506127,0.10000000000000001
236,0,0.70225262363502816,0.040005258578510353,0.19388800339602499,0.00012314215048939294,1002.1923295196597,1096.1647598298327,0.10000000000000001
237,0,0.71225437035371464,0.040018653550559932,0.19382103917369392,0.00028197228454511047,1002.1828634863605,1091.4317431802374,0.10000000000000001
238,0,0.72225860654633101,0.040007147325173589,0.19380366223512216,8.3458189404341684e-05,1002.1610131646077,1080.5065823038262,0.10000000000000001
239,0,0.73226091786234127,0.040018461895048117,0.19368575169957505,0.00021770723392745326,1002.1491949401556,1074.5974700777765,0.10000000000000001
240,0,0.74226484778698287,0.040009289426161027,0.19362255030659395,8.7524715486653429e-05,1002.1298164643473,1064.90823217365,0.10000000000000001
241,0,0.75226746180197746,0.040017996550024755,0.19350353536593495,0.00021257882238379057,1002.1201458520728,1060.0729260364119,0.10000000000000001
242,0,0.7622713131513037,0.040011109640006551,0.1934485382159476,0.00013267657247808696,1002.1061165231932,1053.0582615966182,0.10000000000000001
243,0,0.77227403377908865,0.040017343699582278,0.19336906449376323,0.00024779743828744145,1002.1014475650766,1050.7237825382845,0.10000000000000001
244,0,0.78227806098391706,0.040012387361566829,0.19335914915957778,0.00020283750703443159,1002.0945294181319,1047.2647090659279,0.10000000000000001
245,0,0.7922810637792963,0.040016804305527745,0.19334359844291715,0.00030261600760454012,1002.0960244895177,1048.0122447588656,0.10000000000000001
246,0,0.8022849749875236,0.040012907028332323,0.19339099232673107,0.00027478156445218739,1002.0965233327345,1048.2616663672388,0.10000000000000001
247,0,0.81228809259094559,0.040016243518425809,0.19344062201166026,0.00035449036478179554,1002.1039130174705,1051.9565087352589,0.10000000000000001
248,0,0.82229161089997282,0.040013233964551864,0.19353886227313574,0.0003314647577853732,1002.1106034955794,1055.3017477897129,0.10000000000000001
249,0,0.83229439254319215,0.040015367621505669,0.19363434602306576,0.00038608073704156121,1002.1224186672569,1061.2093336284261,0.10000000000000001
250,0,0.8422975999842135,0.040013490564562389,0.19376155497566247,0.00036190963006272903,1002.1331140003181,1066.5570001590368,0.10000000000000001
251,0,0.85230009928062056,0.040014396440857858,0.19387543789922165,0.00039052228664960512,1002.1468950039856,1073.4475019928027,0.10000000000000001
252,0,0.86230300540009075,0.040013070707781317,0.19400135601139659,0.00036212570491666809,1002.1589335666166,1079.4667833083054,0.10000000000000001
253,0,0.87230535114100072,0.040013196356271243,0.19410350023097303,0.00036731420079954224,1002.1719344245296,1085.9672122647908,0.10000000000000001
254,0,0.88230800852702707,0.04001206792009282,0.19420127522482294,0.00033669626554787827,1002.1826250940501,1091.3125470250407,0.10000000000000001
255,0,0.89231027460378876,0.040011762507812972,0.19426773720852672,0.0003227648030507669,1002.1924347059245,1096.2173529622419,0.10000000000000001
256,0,0.90231274324181165,0.040010841202039314,0.19431592055521366,0.00029344263278923013,1002.1996888666832,1099.844433341616,0.10000000000000001
257,0,0.91231509147326906,0.04001027072333737,0.19433399211209179,0.00026889708272026438,1002.204822914125,1102.4114570624874,0.10000000000000001
258,0,0.9223177766926991,0.040009727959105706,0.19432499476134427,0.00024328381365059992,1002.2074784947627,1103.739247381327,0.10000000000000001
259,0,0.93232057271951163,0.040008786699024045,0.1942915826923883,0.00021843918038863387,1002.2078199175022,1103.9099587511032,0.10000000000000001
260,0,0.94232362434074912,0.040008116393301145,0.19423200685333961,0.00019635838857614977,1002.2058755574936,1102.9377787468206,0.10000000000000001
261,0,0.95232691719152407,0.040006688193845716,0.19415592835741538,0.00018209168992621412,1002.2025290262857,1101.2645131428371,0.10000000000000001
262,0,0.96233036901876268,0.040005544275689739,0.1940639695108628,0.00016208904937337575,1002.1971667873149,1098.5833936574636,0.10000000000000001
263,0,0.97233436336765733,0.040004091982584304,0.19396507254233344,0.00016924686729315555,1002.1920948385219,1096.0474192609695,0.10000000000000001
264,0,0.98233868978796302,0.040002431607176418,0.19386936746920233,0.00015149756380910937,1002.185393489057,1092.6967445284959,0.10000000000000001
265,0,0.99234381239949276,0.040001475494191994,0.19377128381541286,0.00018177642579614135,1002.1807924849194,1090.3962424596898,0.10000000000000001
266,0,1.0023495157015425,0.039999205810449669,0.19369997630922992,0.00017289309676972347,1002.1754941587401,1087.7470793700468,0.10000000000000001
267,0,1.0123557000611401,0.039998795310642862,0.1936256214580927,0.00021010445244446947,1002.1730470655469,1086.5235327734695,0.10000000000000001
268,0,1.0223625085150667,0.039995983089127184,0.19359243239262097,0.00022405595375281435,1002.1721959899752,1086.0979949875968,0.10000000000000001
269,0,1.032368989843679,0.039995342385106138,0.19355793516508124,0.00023654797986918946,1002.172882776657,1086.4413883285238,0.10000000000000001
270,0,1.0423762273254602,0.039992788442821219,0.19355488208462857,0.00028857982535295792,1002.1789514178772,1089.4757089386076,0.10000000000000001
271,0,1.0523828271686342,0.039990828489260152,0.19356523735257214,0.00024758828967462351,1002.1835080180143,1091.7540090071611,0.10000000000000001
272,0,1.0623906723173457,0.03999021533466364,0.19356826058535115,0.00033877560643459382,1002.1973462592655,1098.6731296327434,0.10000000000000001
273,0,1.0723984395896744,0.039985722964214009,0.19361264972293066,0.0002438413131724631,1002.2069575943852,1103.4787971926221,0.10000000000000001
274,0,1.0824072469696744,0.039987792365460337,0.19359469532973303,0.00033886708356287056,1002.2268256248291,1113.4128124145377,0.10000000000000001
275,0,1.092416864032141,0.039980392475157438,0.193642399728089,0.00023819792086244589,1002.2434883352194,1121.7441676096769,0.10000000000000001
276,0,1.10242595887976,0.03998401597716502,0.19359222162070636,0.00026126322167960774,1002.2651109486275,1132.5554743137332,0.10000000000000001
277,0,1.1124370499563974,0.039976488044164746,0.19359879359567397,0.00024844485400767622,1002.2908417458276,1145.4208729138031,0.10000000000000001
278,0,1.1224456665094611,0.03997819405479619,0.19353258880489588,0.00011108898253361869,1002.3090054013023,1154.5027006511646,0.10000000000000001
279,0,1.1324575066032034,0.039976067122850595,0.19345300708567084,0.00027660958114661779,1002.3438368625829,1171.9184312914308,0.10000000000000001
280,0,1.1424659997368141,0.039970251605232987,0.19340598440466925,-6.1644601599599274e-05,1002.355467693699,1177.7338468494918,0.10000000000000001
281,0,1.1524777566365376,0.03997896248893492,0.19321788520170655,0.0002877101162099285,1002.3948821432465,1197.4410716232455,0.10000000000000001
282,0,1.1624874630405577,0.039961403025560789,0.19321236357171556,-0.00017051361040883292,1002.4020839937421,1201.0419968710266,0.10000000000000001
283,0,1.1724977858309733,0.039981744412129497,0.19294243739633976,0.00021715851527808003,1002.4358752268319,1217.937613415927,0.10000000000000001
284,0,1.1825098293636216,0.039955155650686844,0.19295459116701713,-0.00012491904289832441,1002.4465517834625,1223.2758917312481,0.10000000000000001
285,0,1.1925174095562876,0.039979400894278476,0.1926897241078219,1.3934025934977443e-05,1002.4611873822594,1230.593691129684,0.10000000000000001
286,0,1.2025321351203084,0.039957301370247333,0.19264083740598448,0.00011478200653083727,1002.4854767374826,1242.7383687412998,0.10000000000000001
287,0,1.2125372401881431,0.03996861854765859,0.19250344313071777,-0.00030653651191941603,1002.4703420902264,1235.1710451131908,0.10000000000000001
288,0,1.2225536641678809,0.039971557841367959,0.19229284551505924,0.0004738246261933801,1002.5134727388121,1256.7363694060418,0.10000000000000001
289,0,1.2325583394478004,0.039949543822782679,0.19236856025650875,-0.0006393291101532729,1002.4689511685546,1234.475584277277,0.10000000000000001
290,0,1.242573387622826,0.039993972954142996,0.19194465292350513,0.00075002351643428493,1002.5240991526413,1262.049576320635,0.10000000000000001
291,0,1.2525808172208275,0.03992892299438866,0.19220756480547688,-0.00079615519145494608,1002.4674711256509,1233.7355628254727,0.10000000000000001
292,0,1.2625904374933605,0.040012812826311805,0.19163364508620268,0.00070593271956581225,1002.5131028702069,1256.5514351034608,0.10000000000000001
293,0,1.2726038712554395,0.039919839601451644,0.19191337860131635,-0.00056567166344165156,1002.4768932940523,1238.4466470261373,0.10000000000000001
294,0,1.2826053112149465,0.040013122426360945,0.19139832494462372,0.00020736559590616842,1002.483344371779,1241.672185889513,0.10000000000000001
295,0,1.2926258737415597,0.039936318562244152,0.19141460845709873,0.00012774113188551543,1002.502360690246,1251.1803451229753,0.10000000000000001
296,0,1.3026199458123633,0.039985870448538262,0.19122074675259743,-0.0006888734381966143,1002.4459649504043,1222.9824752021727,0.10000000000000001
297,0,1.3126446941199188,0.039982855998161725,0.19070638580095406,0.0010530445358859948,1002.5380147047001,1269.0073523500587,0.10000000000000001
298,0,1.3226360173259566,0.039934651638099582,0.19098835482913731,-0.0017261266187189933,1002.4195175922797,1209.7587961398517,0.10000000000000001
299,0,1.3326579784215382,0.04004633144042874,0.1898452180295945,0.0017041894946773586,1002.5687716549129,1284.3858274564468,0.10000000000000001
300,0,1.3426540292075688,0.03987859699420114,0.19048975655647754,-0.0024462317212964294,1002.4248764680473,1212.4382340236366,0.10000000000000001
301,0,1.3526648342519869,0.040096120305912177,0.188954308239139,0.0016407185221662545,1002.5807675663403,1290.3837831701708,0.10000000000000001
302,0,1.362673057115644,0.039847075050082496,0.18959895696085977,-0.0022638006297825346,1002.4788092711325,1239.4046355662454,0.10000000000000001
303,0,1.3726667723328341,0.040099693947782157,0.18823211694022543,0.00077176372003302871,1002.5703537773683,1285.1768886841342,0.10000000000000001
304,0,1.3826900859050717,0.039866809378917192,0.18838358997010171,-0.00085777876201439008,1002.5791113401407,1289.5556700703423,0.10000000000000001
305,0,1.3926668119401258,0.04004432938826874,0.18785581015832223,-0.00068545249218456808,1002.5454887724273,1272.7443862136738,0.10000000000000001
306,0,1.4027014071653321,0.039947351527894519,0.18707618934148207,0.0013063200420857172,1002.6958671370718,1347.9335685358933,0.10000000000000001
307,0,1.4126695256749562,0.039945615140767207,0.18773585144071103,-0.0023904746087457739,1002.5196531715632,1259.8265857815818,0.10000000000000001
308,0,1.4227039436109461,0.040065969372987675,0.18589316441528342,0.0030745649339659039,1002.7823524163841,1391.1762081920642,0.10000000000000001
309,0,1.432679794443094,0.039839263305601065,0.18750303699432713,-0.0037997637829739759,1002.5131023971684,1256.5511985841908,0.10000000000000001
310,0,1.4426978435571991,0.04016928027862255,0.18502404138484438,0.0035490051477651738,1002.8034245502662,1401.712275133093,0.10000000000000001
311,0,1.4526975115592577,0.039763893306634268,0.18685765924224607,-0.0039761795558785409,1002.5499690059361,1274.9845029680387,0.10000000000000001
312,0,1.4626856690764727,0.040202851113218321,0.18476666596351365,0.0027515287621281762,1002.7535748422313,1376.7874211156368,0.10000000000000001
313,0,1.4727140078422309,0.039753911045880969,0.18596037605083923,-0.0020979450171535454,1002.6352660766896,1317.6330383448089,0.10000000000000001
314,0,1.4826702573344854,0.040145890004850755,0.18533590773670597,0.0010904728265511473,1002.6482674541612,1324.1337270806071,0.10000000000000001
315,0,1.4927197043685307,0.039834360230060518,0.18519825158507131,0.0012623057962636716,1002.7282100768673,1364.1050384336495,0.10000000000000001
316,0,1.5026588419236473,0.040018624457041962,0.18645966772478959,-0.0012186685521948038,1002.508417006413,1254.2085032064847,0.10000000000000001
317,0,1.5127121718363368,0.039993061543578783,0.18464961948407638,0.0041074045083067147,1002.760126170203,1380.063085101483,0.10000000000000001
318,0,1.5226646751201409,0.039870639362951231,0.18734655629709734,-0.0036678432489107822,1002.3666339808335,1183.3169904167562,0.10000000000000001
319,0,1.5326968901998128,0.040163284937751946,0.18427301496168272,0.0048247651787771406,1002.6868450610081,1343.4225305040286,0.10000000000000001
320,0,1.5426941303427766,0.039752662572948766,0.18720717351976732,-0.0048876272161332158,1002.2723710025281,1136.1855012640376,0.10000000000000001
321,0,1.5526759780682446,0.040255845833940034,0.18419718799350984,0.0036273072728039099,1002.5131893725151,1256.5946862575288,0.10000000000000001
322,0,1.562726826192864,0.039712173672817805,0.186105124084433,-0.0030543340226189025,1002.2661155710638,1133.0577855318893,0.10000000000000001
323,0,1.572651322286502,0.040213204587152933,0.18474948165809391,0.0014596967530257779,1002.2803886120057,1140.1943060028543,0.10000000000000001
324,0,1.5827360971880735,0.039796527867517945,0.18477279996564697,0.0014282058808748577,1002.3111440384847,1155.5720192423564,0.10000000000000001
325,0,1.5926351650097479,0.040044861044541316,0.1855264116720288,-0.0015759845788833227,1002.0230293578878,1011.5146789439109,0.10000000000000001
326,0,1.6027308762278192,0.040018101421879129,0.18358205347295348,0.0053903162161103094,1002.3122400947141,1156.1200473570352,0.10000000000000001
327,0,1.6126422646545955,0.039800653832072659,0.18548302234459565,-0.0052883343833506668,1001.7808186552063,890.40932760315172,0.10000000000000001
328,0,1.6227375869228664,0.040316679532186095,0.18243628286131791,0.0067226541171294526,1002.2151108404119,1107.5554202059266,0.10000000000000001
329,0,1.6326721891799152,0.039538313150810307,0.18395541166051843,-0.0079774068759012745,1001.609683819225,804.84190961249169,0.10000000000000001
330,0,1.6427414334290309,0.040571462010081064,0.18132171173890968,0.0063523749770387503,1002.0395845157993,1019.7922578996668,0.10000000000000001
331,0,1.6526862445530253,0.039327706162054672,0.18172231760998461,-0.0071732691596369759,1001.5554162870794,777.70814353971218,0.10000000000000001
332,0,1.6627181396714676,0.04066709585174607,0.18034389724103519,0.0053279276375476133,1001.8139761886882,906.98809434411487,0.10000000000000001
333,0,1.6726642552663551,0.039242339448862733,0.17984417524650884,-0.0029635287177026989,1001.5809337707391,790.4668853695398,0.10000000000000001
334,0,1.6826745656375612,0.040559934290985471,0.17963163261380016,0.0028448857149705273,1001.5548273939214,777.41369696070706,0.10000000000000001
335,0,1.6926666246412467,0.039399531037138641,0.17859471277673761,0.0024018113326020954,1001.6293989672076,814.6994836038175,0.10000000000000001
336,0,1.7026110453908381,0.040220824435118187,0.1787726513021482,-0.0017243792684763742,1001.2583060404444,629.15302022219066,0.10000000000000001
337,0,1.7127258457168779,0.03988180496165164,0.17773916267745213,0.0079455541319801842,1001.6927223590008,846.36117950037715,0.10000000000000001
338,0,1.7225051181374316,0.039622547818215496,0.17754080552172205,-0.0074876019638757405,1000.9607439130539,480.37195652693754,0.10000000000000001
339,0,1.7327775357635335,0.040611856763101681,0.17719301263466156,0.012762314405859317,1001.7346976983889,867.34884919445676,0.10000000000000001
340,0,1.7423162903129534,0.038723544213281141,0.17592499752588359,-0.013268040693574892,1000.7172151156932,358.60755784659659,0.10000000000000001
341,0,1.7528308176413219,0.04146253349866575,0.17723928645736961,0.015032140730860559,1001.6932978167171,846.64890835853157,0.10000000000000001
342,0,1.7620628966699161,0.037533056237767377,0.17323187106129265,-0.01912671748682742,1000.4955916876878,247.79584384390319,0.10000000000000001
343,0,1.7729449512059803,0.042295499377015953,0.17769518016054855,0.013858373252521233,1001.5489042943933,774.45214719665501,0.10000000000000001
344,0,1.7817896094798178,0.036140575002116794,0.1702227803851937,-0.027308100531879993,1000.2432265706871,121.61328534352833,0.10000000000000001
345,0,1.793085937868774,0.042912044136396682,0.17726579209016519,0.0091892318252008182,1001.1926024354576,596.30121772880784,0.10000000000000001
346,0,1.8014602059863964,0.034489921889093042,0.16831846668129125,-0.035482410912465866,1000.0693075513424,34.653775671188214,0.10000000000000001
347,0,1.8132465579520636,0.043091469199710991,0.17606281558487685,0.0015867040185669659,1000.5886920200178,294.34601000889415,0.10000000000000001
348,0,1.8211479081512185,0.032644348743432992,0.16702857738735546,-0.034404966732102256,1000.0709354532693,35.46772663463571,0.10000000000000001
349,0,1.8333805627111253,0.042604860564769233,0.17580897856331559,-0.0035547821853664585,1000.2375937936289,118.79689681444461,0.10000000000000001
350,0,1.8409731549470401,0.031179781919174792,0.16781790033351474,-0.033727175671543985,999.9942913496152,-2.8543251924020296,0.10000000000000001
351,0,1.8533912572952127,0.041492668255927213,0.17759400871268147,-0.0063177439082618709,1000.1414375649809,70.718782490473586,0.10000000000000001
352,0,1.8605857512492738,0.028931910465268593,0.16457649450561337,0.0043387129350220544,1000.262330241723,131.16512086151033,0.10000000000000001
353,0,1.8736978841444965,0.04159831328243923,0.18016791182423963,0.0057018033652510283,1000.613576294941,306.7881474705132,0.10000000000000001
354,0,1.8803845040087706,0.029728085061227677,0.17010940779952965,0.012561664900299188,1000.2457032088869,122.85160444344001,0.10000000000000001
355,0,1.8958695863673523,0.044584689529544148,0.18427018575849011,0.0069492632393933175,1000.3482204848068,174.11024240340112,0.10000000000000001
356,0,1.8997634922790494,0.032050198899708969,0.1711942590388523,0.012125897687042851,1000.21644506348,108.22253174001162,0.10000000000000001
357,0,1.9125270738850055,0.032107546246427247,0.16961367232342039,0.014439011127465436,1000.3048877803494,152.44389017470894,0.10000000000000001
358,0,1.9144117757561254,0.030716116671855993,0.16409671443429696,-0.040089587767558083,999.57032076899725,-214.83961550137565,0.10000000000000001
359,0,1.9466571395277441,0.046113369898618167,0.16587760101183269,0.002061392008322541,1000.001854539329,0.92726966448708481,0.10000000000000001
360,0,1.9610901766838689,0.04697028767634797,0.16805212505659348,0.0011251736000938691,999.97683612362789,-11.581938186054686,0.10000000000000001
361,0,1.96233913146729,0.048691904435332958,0.16856203130544314,0.00032532268940649989,999.98240454014626,-8.7977299268686693,0.10000000000000001
362,0,0.14782429246034173,0.050583452664291387,0.23132895341965917,-0.0035087110713321167,999.9948719589097,-2.5640205451509246,0.10000000000000001
363,0,0.14787221415565796,0.049859655547350473,0.23097873653879086,-0.0033849870524255204,999.99552205344423,-2.2389732778833604,0.10000000000000001
364,0,0.16929890106887352,0.050353832958845532,0.2279711600883908,0.0047883495167059965,1000.0358994308874,17.949715443705827,0.10000000000000001
365,0,0.18234383492733031,0.044382402941517365,0.22332420576261192,0.0052291742195531869,1000.5573069260907,278.65346304537297,0.10000000000000001
366,0,0.18295533061539221,0.043738413586446159,0.22591464485356189,0.0020417723449086523,999.82820691252721,-85.896543736396325,0.10000000000000001
367,0,0.21114346033383249,0.050759505362985069,0.20677801398600923,0.0032631365497075892,1000.1904936829719,95.246841485959521,0.10000000000000001
368,0,0.21109474149151025,0.051115024587840695,0.20677988205536224,0.0034176750092183741,1000.190063317221,95.031658610480463,0.10000000000000001
369,0,0.22600218787293394,0.050398025328562725,0.21389591335043681,0.010392621172511409,999.83000072801076,-84.999635994620348,0.10000000000000001
370,0,0.23426374697994437,0.050692951785820117,0.20610346463494011,0.0077383753938731212,1000.0113699557485,5.684977874238939,0.10000000000000001
371,0,0.24528621336154605,0.050161529894599363,0.21546394936467639,0.00318499532423239,1000.0410891548313,20.544577415648746,0.10000000000000001
372,0,0.25449420605965689,0.050276181535669942,0.20522147539026289,0.0017115646456410329,1000.5787230485324,289.3615242662122,0.10000000000000001
373,0,0.26487697697982554,0.050236236199062208,0.21392637322724115,-0.00011516907665873468,1000.2712963094897,135.64815474484249,0.10000000000000001
374,0,0.27458442297296326,0.050240201043382685,0.20651422372599354,-0.00047066773209388803,1000.2457618497449,122.88092487244739,0.10000000000000001
375,0,0.28472325980556756,0.05025136251630221,0.21003326634900579,-0.00014886189781603649,1000.4602903148982,230.14515744910113,0.10000000000000001
376,0,0.29452575591412589,0.050285798544317348,0.2078609127726615,-0.00047838707305460597,1000.1709688960854,85.484448042677741,0.10000000000000001
377,0,0.30462291606140102,0.050178289737209218,0.20650936995158298,0.0004921005612104597,1000.5971158605728,298.55793028639255,0.10000000000000001
378,0,0.31446711311152181,0.050224120007527039,0.20833770808383453,-0.00035643756270759382,1000.2207389006886,110.36945034430801,0.10000000000000001
379,0,0.32458095583113078,0.050079945746974011,0.20437254963675427,0.00028658693676444355,1000.6153049763308,307.65248816538815,0.10000000000000001
380,0,0.33440841920977515,0.050163748292100491,0.20689075310572588,0.00010545430162912133,1000.461694081925,230.84704096248743,0.10000000000000001
381,0,0.34457261769376135,0.050049880440537209,0.20351817604332439,3.0818943302262232e-05,1000.5887621852818,294.38109264089007,0.10000000000000001
382,0,0.35441128391823379,0.050133287101349504,0.20481370322462644,0.00021470223598101798,1000.6890878049778,344.54390248890832,0.10000000000000001
383,0,0.36456570177045688,0.050047079934513787,0.20271429406607094,-0.00019685064225511014,1000.6230360998305,311.51804991526433,0.10000000000000001
384,0,0.3744472598964923,0.050103612801858551,0.20310168443980467,0.00023601624825351621,1000.8481475023223,424.07375116113144,0.10000000000000001
385,0,0.38454843672279171,0.050029843305983951,0.20145982304971724,3.5927350785305293e-05,1000.7242495687452,362.12478437261097,0.10000000000000001
386,0,0.39447268181526074,0.05009044536524649,0.20167328137775978,0.00017722423715003908,1000.9394250358225,469.71251791126178,0.10000000000000001
387,0,0.40455601723114093,0.050016610778658065,0.20036103604169309,0.00021419909925378793,1000.8319268300597,415.96341502986434,0.10000000000000001
388,0,0.41448379235137883,0.050084899179549038,0.20014065510419762,9.8714254394516131e-05,1001.0292853555424,514.64267777117811,0.10000000000000001
389,0,0.42457962640090718,0.050016225195759087,0.19945661889499527,0.00019997681288240241,1000.9296433854132,464.82169270660734,0.10000000000000001
390,0,0.43449620795148608,0.050070829107005992,0.19877590172920034,0.00014538071103702556,1001.1291286259861,564.56431299307042,0.10000000000000001
391,0,0.44460466217294203,0.050012714366277203,0.19852838833544864,0.00017284611159746512,1001.0280251024088,514.01255120441647,0.10000000000000001
392,0,0.45451582468414975,0.050051340967735843,0.19782682851882225,0.00035156735825365645,1001.229750164289,614.87508214452191,0.10000000000000001
393,0,0.46462490348121693,0.050014744700984617,0.19776395239984129,0.00024935646006352623,1001.1345911007249,567.29555036247348,0.10000000000000001
394,0,0.47454746723230762,0.050033346479046129,0.19722247970274254,0.00055749301706226463,1001.3324824559071,666.24122795354879,0.10000000000000001
395,0,0.48463883059872104,0.050019795386229346,0.19741254443307266,0.00043709025947529423,1001.2518661647819,625.93308239092948,0.10000000000000001
396,0,0.49458650648553648,0.050026441841298931,0.19701233919663411,0.00070327730205547252,1001.4379787261938,718.98936309690953,0.10000000000000001
397,0,0.50465278245835543,0.050019262858914941,0.19740863519894009,0.00067132359176200727,1001.3866477520958,693.32387604788437,0.10000000000000001
398,0,0.51462168281075948,0.050025257610949329,0.19732885938640113,0.0008187186639519793,1001.5473001469579,773.65007347896153,0.10000000000000001
399,0,0.52466963062569016,0.050017170733054631,0.19775450126311928,0.00089787361461282752,1001.5316263647114,765.81318235571416,0.10000000000000001
400,0,0.53465007392121822,0.050023945338960589,0.19805650967585475,0.00090842060674373095,1001.6672461883647,833.62309418237146,0.10000000000000001
401,0,0.54468772051842762,0.05001614168675074,0.19855366656776835,0.0010687467228797458,1001.6735820288075,836.7910144037296,0.10000000000000001
402,0,0.5546732239175689,0.050023260040722044,0.1990589125596284,0.00098163459753932434,1001.7951303447279,897.56517236395439,0.10000000000000001
403,0,0.56470556025481389,0.050015467898532597,0.19971905455057531,0.0011593131067968382,1001.8071062543318,903.55312716587832,0.10000000000000001
404,0,0.57469227426624181,0.050023109927408882,0.20029876591612686,0.0010434802642291931,1001.9185463079682,959.27315398409974,0.10000000000000001
405,0,0.58472209748890658,0.050015560358599102,0.20107154430753751,0.001169973639627907,1001.9273894634198,963.69473170989295,0.10000000000000001
406,0,0.59470841959884568,0.050022493113719625,0.20167934746325122,0.0010790776272581234,1002.0257763819565,1012.8881909782308,0.10000000000000001
407,0,0.60473590710749647,0.050016603334770655,0.20245539874625787,0.0011198536610182216,1002.0281105869396,1014.0552934698235,0.10000000000000001
408,0,0.61472295863657256,0.050021742958007015,0.20304113909115321,0.0010651478191673947,1002.108482416228,1054.2412081139787,0.10000000000000001
409,0,0.62474674104198558,0.050017858487397766,0.20374385135917059,0.0010270591243936968,1002.1030630189902,1051.5315094950779,0.10000000000000001
410,0,0.63473634563935699,0.050021643587973758,0.20423184027708391,0.00099737951921905865,1002.1624132473763,1081.2066236881606,0.10000000000000001
411,0,0.64475590869312138,0.050018755221169206,0.20481389164696798,0.00090959984094314051,1002.149405793385,1074.7028966924859,0.10000000000000001
412,0,0.65474837406011288,0.050022118385313938,0.20515544114205414,0.00088692221356014868,1002.1870498980397,1093.5249490198657,0.10000000000000001
413,0,0.66476455955790126,0.050019682382268227,0.20558018016983889,0.00078706510490946381,1002.1677681234263,1083.8840617131495,0.10000000000000001
414,0,0.67475970337153757,0.050022865568348583,0.20576557287938704,0.00076157383312888899,1002.1861575775948,1093.0787887974134,0.10000000000000001
415,0,0.68477303040801496,0.050020754081397792,0.20602474013552491,0.00067603763654301881,1002.1623092350053,1081.1546175026479,0.10000000000000001
416,0,0.6947708667939575,0.05002361208779274,0.20607209053036973,0.00065161566532860496,1002.1662840604823,1083.142030241163,0.10000000000000001
417,0,0.70478185132543247,0.050022089120432621,0.20618784538066531,0.00059136912073290469,1002.140464356992,1070.232178495985,0.10000000000000001
418,0,0.71478215868122141,0.050024314267878886,0.20614027774389018,0.00057777373217230571,1002.1357162872805,1067.858143640251,0.10000000000000001
419,0,0.72479155410481022,0.050023505083456613,0.20615876327840457,0.00054740114582304113,1002.110867661479,1055.4338307395028,0.10000000000000001
420,0,0.73479364114667667,0.050025113976665939,0.20606768416148302,0.00054846913274490361,1002.103061956111,1051.5309780554958,0.10000000000000001
421,0,0.744802128191557,0.050024698160520353,0.20604516878712448,0.00054494063868656864,1002.0821165444481,1041.0582722240633,0.10000000000000001
422,0,0.75480538159348154,0.05002590029409134,0.20596293107409558,0.00056142295077930132,1002.0756116386094,1037.8058193047082,0.10000000000000001
423,0,0.76481332250782652,0.050025474464139227,0.20594884832960764,0.0005765599336313152,1002.0609921762267,1030.4960881133525,0.10000000000000001
424,0,0.77481732519635749,0.050026218764472274,0.20591321138188495,0.00060323792969308593,1002.058714672997,1029.3573364984923,0.10000000000000001
425,0,0.78482479649569858,0.050025839280529664,0.20594449950613092,0.00062796113076366998,1002.0514885032833,1025.7442516416404,0.10000000000000001
426,0,0.79482935384784037,0.050026192699648357,0.20597177183573279,0.00065748573955102347,1002.0547853851979,1027.3926925989372,0.10000000000000001
427,0,0.8048363034290873,0.050025894470038822,0.20606032426227092,0.00068269108352195359,1002.0548374572085,1027.418728604232,0.10000000000000001
428,0,0.81484114088140269,0.050026142625108044,0.20614940622975647,0.00070788861985925642,1002.0633229638547,1031.6614819273582,0.10000000000000001
429,0,0.82484762004956735,0.050025832780162295,0.20628397272397847,0.00072637815805100812,1002.0693679196061,1034.6839598030328,0.10000000000000001
430,0,0.83485243695364553,0.050025935713078007,0.20641405076976377,0.00074166384763045675,1002.0815366035358,1040.7683017679119,0.10000000000000001
431,0,0.84485845462873199,0.050025538918757502,0.20657145539056232,0.00074921516525215909,1002.0912902003836,1045.6451001917912,0.10000000000000001
432,0,0.85486323868264147,0.050025357497362116,0.20671312236567299,0.00075327108976889806,1002.1048112230371,1052.4056115185658,0.10000000000000001
433,0,0.8648687368682948,0.050024778631616446,0.20686313588652555,0.00074914621914407172,1002.1156536126438,1057.8268063218843,0.10000000000000001
434,0,0.87487336936473548,0.050024329442691605,0.20698673656162817,0.0007429920344002815,1002.1280004424739,1064.0002212369382,0.10000000000000001
435,0,0.88487838091921867,0.050023653285765086,0.20710278472821264,0.00072982304975126224,1002.1373746732735,1068.6873366367422,0.10000000000000001
436,0,0.89488283208628272,0.050023035805545624,0.20718466286061177,0.00071574591144496513,1002.1464941597267,1073.2470798633358,0.10000000000000001
437,0,0.90488756139227455,0.050022261230675852,0.20724860056897729,0.00069752710638666942,1002.1524777474905,1076.2388737452397,0.10000000000000001
438,0,0.91489198532843174,0.050021532122992214,0.20727783536825706,0.00067969747343691917,1002.157171917882,1078.5859589410052,0.10000000000000001
439,0,0.92489675732263044,0.050020671534389695,0.20728408156628558,0.00066115645430123973,1002.1588515411672,1079.4257705836117,0.10000000000000001
440,0,0.93490143344663357,0.050019773218881569,0.20726275568511768,0.00064537724937030103,1002.1590292561605,1079.5146280802328,0.10000000000000001
441,0,0.94490637201445338,0.050018685228706616,0.2072201686971803,0.00063199234006220892,1002.15663672874,1078.3183643699772,0.10000000000000001
442,0,0.95491132250900723,0.050017444161117551,0.20716176501636036,0.00062276823731554005,1002.1532477603616,1076.6238801808186,0.10000000000000001
443,0,0.96491633180653669,0.050016034932631306,0.20708938041672179,0.00061878997290617317,1002.1481717279662,1074.0858639831004,0.10000000000000001
444,0,0.97492156758993775,0.050014402360219146,0.20701675425819718,0.00061931243785749799,1002.1428978210157,1071.4489105078542,0.10000000000000001
445,0,0.98492676774056531,0.050012718677484407,0.2069421540848172,0.00062660115033745382,1002.1372887284841,1068.6443642420613,0.10000000000000001
446,0,0.99493251858050613,0.050010876660513688,0.20687931700582804,0.00063877643720143887,1002.1322260836914,1066.1130418457105,0.10000000000000001
447,0,1.0049382442832988,0.050009151016263666,0.20683099653702522,0.0006565083767342667,1002.1284415406876,1064.2207703438089,0.10000000000000001
448,0,1.014944565155216,0.050007424286127145,0.20679479788655619,0.00067906559371219504,1002.1257395410269,1062.86977051343,0.10000000000000001
449,0,1.0249509212037236,0.050005748424928408,0.20678934814078834,0.00070208255028226965,1002.1258926623909,1062.9463311954623,0.10000000000000001
450,0,1.0349573849933851,0.050004103500523443,0.20678373845141926,0.00072840737544734361,1002.1274731059445,1063.7365529722729,0.10000000000000001
451,0,1.0449642406537232,0.050002161321815897,0.20681648298378499,0.000747395720501483,1002.1329124534325,1066.456226716241,0.10000000000000001
452,0,1.0549704678592002,0.050000330604119361,0.20683525999316596,0.0007676402953284236,1002.1403298350331,1070.1649175165358,0.10000000000000001
453,0,1.0649778535300005,0.049997928843322145,0.20688225989866135,0.00077509309524180351,1002.1513168865147,1075.6584432573391,0.10000000000000001
454,0,1.0749839944777695,0.049995803747950332,0.20691448446819549,0.00078154709948597518,1002.1653713960944,1082.6856980472144,0.10000000000000001
455,0,1.084991742005377,0.049993148640054261,0.20694103657880286,0.00077614167282109728,1002.1811346328956,1090.5673164477889,0.10000000000000001
456,0,1.0949981590880589,0.049990808489479371,0.20697331788486115,0.00076535281085359939,1002.2014870175299,1100.7435087649355,0.10000000000000001
457,0,1.1050054348683083,0.049988515512548348,0.20694731097632485,0.00075095646198760182,1002.2207296565407,1110.3648282703489,0.10000000000000001
458,0,1.1150125706198204,0.049986145468569526,0.20696461792206972,0.00072282081313959385,1002.2454850949225,1122.7425474612573,0.10000000000000001
459,0,1.125018402351063,0.049984701452616055,0.20687459432374217,0.00070602603323708366,1002.2669744752473,1133.4872376236262,0.10000000000000001
460,0,1.1350267784067802,0.049982236883579056,0.20685831572348523,0.00066494951594368444,1002.2926664634551,1146.3332317275672,0.10000000000000001
461,0,1.1450309058915917,0.04998151527611857,0.20672670318034289,0.00065231729081801498,1002.3155024873622,1157.7512436811048,0.10000000000000001
462,0,1.155040507653905,0.049979009357434295,0.20665289476529716,0.000608412933002909,1002.3377818694159,1168.8909347079743,0.10000000000000001
463,0,1.1650437810688739,0.04997847435540171,0.20652885958362391,0.00060260731567451204,1002.3611593444359,1180.5796722179593,0.10000000000000001
464,0,1.1750531545572527,0.049976485416223404,0.20637449555148593,0.00057078933245849437,1002.3763182170203,1188.1591085101491,0.10000000000000001
465,0,1.1850574371386537,0.049975413147358844,0.20630707593523223,0.00056583468924583616,1002.3987185965063,1199.3592982531709,0.10000000000000001
466,0,1.1950639253421329,0.049974940680320455,0.20606617036383595,0.00056130753584620967,1002.4055909278377,1202.7954639188465,0.10000000000000001
467,0,1.2050717887184779,0.049972855003642583,0.20607003503186178,0.0005420843869527838,1002.4240029007834,1212.0014503917105,0.10000000000000001
468,0,1.2150732073787009,0.049974735618678115,0.20577527686480968,0.0005753757780329943,1002.4251213682975,1212.5606841487411,0.10000000000000001
469,0,1.225086433543098,0.049971680888352819,0.20580564536789545,0.00052598331835376712,1002.4352408652824,1217.6204326411835,0.10000000000000001
470,0,1.2350827768456214,0.04997550011982009,0.2055284578139287,0.00059665239266935789,1002.4360899816721,1218.0449908360629,0.10000000000000001
471,0,1.2450999450649523,0.049972426644969738,0.20548729265260779,0.00051457796744883112,1002.4342272416148,1217.1136208074245,0.10000000000000001
472,0,1.2550946667341574,0.049976344731803235,0.2053164698080302,0.00060295654856523716,1002.4406585179124,1220.3292589562125,0.10000000000000001
473,0,1.265110342194123,0.049975300193458881,0.20508832514014377,0.00051462427554391395,1002.4258916572726,1212.9458286362933,0.10000000000000001
474,0,1.2751100641493183,0.049976630245472276,0.205086348809844,0.00057590458162467466,1002.4407607475996,1220.3803737997987,0.10000000000000001
475,0,1.285116553355911,0.0499799940989792,0.20461449324771958,0.00052748898089857623,1002.4174837139778,1208.7418569889223,0.10000000000000001
476,0,1.2951283848932482,0.049976778269014664,0.20475480213126893,0.00049409999373949327,1002.4380264676007,1219.0132338003536,0.10000000000000001
477,0,1.3051200561181286,0.049985545995412654,0.20408687266732956,0.00053049773374769227,1002.4163402050926,1208.170102546319,0.10000000000000001
478,0,1.3151469514587717,0.049977895858943293,0.20423076889752712,0.00034466048905396621,1002.4356238880968,1217.8119440483783,0.10000000000000001
479,0,1.3251244525978556,0.049989848795706296,0.20352573701837803,0.00049038987528528808,1002.4288700719586,1214.4350359793066,0.10000000000000001
480,0,1.3351612066054723,0.049981103181016,0.2034377303712423,0.00016634196091056916,1002.4383241366585,1219.1620683292399,0.10000000000000001
481,0,1.345133993164406,0.04999075895847778,0.20291550900368641,0.00041860226824065133,1002.4573923991558,1228.6961995778825,0.10000000000000001
482,0,1.3551668139494168,0.049986792710037455,0.20239507187968711,8.2303808881253131e-05,1002.4504110712486,1225.2055356242977,0.10000000000000001
483,0,1.3651505767610725,0.049988082358653117,0.20223812420112069,0.00037540469504250958,1002.4970686547547,1248.5343273773424,0.10000000000000001
484,0,1.3751624032397205,0.049994462717565594,0.2012433768662476,0.00018710856177888517,1002.4720922892997,1236.0461446498334,0.10000000000000001
485,0,1.3851714862057363,0.049984024611509081,0.20148499043272211,0.00036395669944479909,1002.5367927889804,1268.3963944901961,0.10000000000000001
486,0,1.3951514757065271,0.050002212618825218,0.20020892504010848,0.00041304258528517099,1002.5030946507303,1251.5473253651521,0.10000000000000001
487,0,1.4051905704728462,0.049981983233767853,0.20064639182162028,0.00027606744747350943,1002.567508053973,1283.7540269865144,0.10000000000000001
488,0,1.41514226909268,0.050005983031921421,0.19944244726199656,0.00057611901680818933,1002.5439034634863,1271.9517317431723,0.10000000000000001
489,0,1.4252013429370209,0.049984440600849209,0.19969567643141195,8.2870671017743416e-05,1002.5865725533562,1293.2862766780886,0.10000000000000001
490,0,1.4351440306197205,0.05000254891392153,0.19896862168290105,0.00062204551651559017,1002.5930652151715,1296.532607585732,0.10000000000000001
491,0,1.4451994464302329,0.0499921424488112,0.19867573108814188,1.320570706955345e-05,1002.5899678035572,1294.9839017786076,0.10000000000000001
492,0,1.4551600026768139,0.049994180445849315,0.1987047321922826,0.00070763328827582004,1002.6358658626004,1317.9329313002199,0.10000000000000001
493,0,1.4651837157456977,0.050004178311858459,0.19781888513759011,0.00030954727571701229,1002.5715046625685,1285.7523312842432,0.10000000000000001
494,0,1.4751839662345878,0.049987470054646016,0.19855959176951635,0.00089411938513904833,1002.6449992483584,1322.4996241792155,0.10000000000000001
495,0,1.4851578881968526,0.050015572077050117,0.19736387737260064,0.0008096012133993627,1002.5320238366666,1266.0119183332768,0.10000000000000001
496,0,1.4952062378740771,0.049986251186629721,0.19846155918949077,0.00088388395086289615,1002.6069998626567,1303.4999313283606,0.10000000000000001
497,0,1.5051328685351071,0.050017259743096731,0.19738536853594638,0.0010577917998328987,1002.4845438342367,1242.2719171183303,0.10000000000000001
498,0,1.5152203703132883,0.049990490363832241,0.19821958131191253,0.00047176963852466324,1002.5272927022085,1263.646351104228,0.10000000000000001
499,0,1.5251247159824055,0.050007107515526811,0.19772011913110674,0.00088436417163122475,1002.4423186345908,1221.1593172954167,0.10000000000000001
500,0,1.5352239982968798,0.050001964062127285,0.19767124739045458,-2.2430547045288057e-05,1002.4153727366369,1207.6863683184342,0.10000000000000001
501,0,1.5451414110396211,0.049995701924949364,0.19798538392469944,0.00064858037335602334,1002.3970706876148,1198.5353438074071,0.10000000000000001
502,0,1.5552148772691838,0.050023516840450873,0.19690994607208737,-1.3823716904362575e-05,1002.2779517716687,1138.9758858343271,0.10000000000000001
503,0,1.5651750713472135,0.049994341826520454,0.19789652507453193,0.00071566198750299152,1002.313423479453,1156.7117397265179,0.10000000000000001
504,0,1.5751919744867819,0.050043710038408351,0.19621101862192519,0.00047498756058474254,1002.1317483403134,1065.8741701566896,0.10000000000000001
505,0,1.5852093078355514,0.049996543780465495,0.19736568470436122,0.00072604040866863686,1002.1759587788654,1087.9793894326895,0.10000000000000001
506,0,1.5951641061750206,0.050043750081657845,0.19561996904855017,0.0007656910453171143,1002.0035768332079,1001.7884166039721,0.10000000000000001
507,0,1.6052378534559055,0.049993709777348801,0.1964201751394537,0.00023213764861735797,1002.0135325082417,1006.766254120862,0.10000000000000001
508,0,1.6151509852716985,0.050027884769524335,0.19498065257599326,0.00058882939891824308,1001.9108283556948,955.41417784738769,0.10000000000000001
509,0,1.625261486838897,0.049998360567050162,0.19499725279272584,-0.0004404429653147862,1001.84585245148,922.92622574001371,0.10000000000000001
510,0,1.6351653844533847,0.050027510821120294,0.19400103869054855,0.00041331306066877621,1001.8315322635024,915.76613175118382,0.10000000000000001
511,0,1.6452737344642197,0.050026190084320098,0.19326948249486758,-0.00055296719678021562,1001.680940363764,840.47018188198308,0.10000000000000001
512,0,1.655198665381368,0.050047362678240517,0.19273226418482636,0.0005769621448263795,1001.7277725638126,863.88628190627514,0.10000000000000001
513,0,1.665261856690996,0.050048738237474383,0.19141129274498325,-2.0708030987190545e-06,1001.5272626092277,763.63130461385254,0.10000000000000001
514,0,1.6752319604040542,0.050043263073391332,0.19135804647574475,0.00093324849628422511,1001.6017876371844,800.89381859221476,0.10000000000000001
515,0,1.6852162496112462,0.050041466971806198,0.18971020573324238,0.00069751748642240098,1001.4075354368229,703.76771841142727,0.10000000000000001
516,0,1.6952702181783073,0.050019599258785276,0.19002275662152548,0.0011082965198573622,1001.4560616918709,728.03084593545009,0.10000000000000001
517,0,1.7051508799309716,0.050046093684577103,0.18826262715379036,0.0013037365433278356,1001.3148781268338,657.43906341691627,0.10000000000000001
518,0,1.7153171752239595,0.05003348957072163,0.18886455739012689,0.00095625808150181786,1001.2601669679585,630.08348397926284,0.10000000000000001
519,0,1.7250887509980071,0.050090021547617013,0.18718179635260823,0.001642495200771212,1001.1975936422954,598.79682114768684,0.10000000000000001
520,0,1.7353706291890234,0.050071037497023518,0.18789761862232301,0.00026881122170403104,1001.0118016283684,505.90081418420141,0.10000000000000001
521,0,1.7450211930637105,0.050097896702457151,0.18632024251089765,0.0012722456978014002,1000.9944318289106,497.21591445529612,0.10000000000000001
522,0,1.7554325061305844,0.050057786553766866,0.18708599248579993,-0.0010445953733920796,1000.7874891653552,393.74458267758428,0.10000000000000001
523,0,1.7649521921071836,0.050024668814776137,0.18521591400780923,0.00033127441835504662,1000.7176240657005,358.81203285026686,0.10000000000000001
524,0,1.7754970988029233,0.050016648907271928,0.18622307940548855,-0.002237671341471242,1000.6513865971112,325.69329855562046,0.10000000000000001
525,0,1.7848935119872273,0.049910811794445641,0.18355359543114896,-0.00063738068661085834,1000.4757767105233,237.88835526164576,0.10000000000000001
526,0,1.7955592447850688,0.049937012874715428,0.18540419215515166,-0.0025921178483153022,1000.6671670715012,333.58353575061983,0.10000000000000001
527,0,1.8048251081673885,0.049748778983791549,0.18186466396513518,-0.001048517886970372,1000.2998787944091,149.93939720454819,0.10000000000000001
528,0,1.815618182214948,0.049822466775544312,0.18508319071038778,-0.0021221624422443487,1000.9504424175723,475.22120878613805,0.10000000000000001
529,0,1.8248167810668148,0.049593899069289578,0.18174838067862675,-0.0015908381707969053,1000.0990685552838,49.534277641896551,0.10000000000000001
530,0,1.835660687258037,0.049754729654746754,0.1854097728610232,-0.0016742239188549228,1001.0988597720385,549.42988601925435,0.10000000000000001
531,0,1.8450633622732746,0.049431606599607235,0.18370002514041761,-0.0028370150601761028,999.95641537876713,-21.792310616433497,0.10000000000000001
532,0,1.8558856180819698,0.049724735054374532,0.18620254897830382,-0.0041334803853561612,1000.8282783494195,414.13917470976003,0.10000000000000001
533,0,1.8655966415190772,0.04907604370491498,0.18428835593939488,-0.0037257250937733108,999.93183559338843,-34.082203305786152,0.10000000000000001
534,0,1.8762539473888591,0.049497381709838965,0.187444028638103,-0.0026198698160323471,1000.2329733792149,116.48668960742725,0.10000000000000001
535,0,1.8858051144601011,0.049363828192733855,0.18524937425930299,0.0021371964502383345,999.98333922233894,-8.3303888305295004,0.10000000000000001
536,0,1.8992570603497918,0.052094526221845738,0.18711475039613679,0.0068094041570403207,1000.0618030592844,30.901529642221703,0.10000000000000001
537,0,1.8991102782272551,0.051740280008098986,0.18679685723753098,0.0068310323345412921,1000.0599600779632,29.980038981591406,0.10000000000000001
538,0,1.9250340337473766,0.042504799176123619,0.16487060687408628,-0.0040692573465727173,999.73751382593571,-131.24308703214638,0.10000000000000001
539,0,1.9256943286147503,0.043006288011347413,0.16468045148605978,-0.0036117088545525085,999.81135216447251,-94.323917763745158,0.10000000000000001
540,0,1.9405524517290313,0.048575685515128413,0.16502750217068157,-0.0021876704973476002,1000.0179083888979,8.9541944489610614,0.10000000000000001
541,0,1.9628204093627359,0.049879808311405135,0.16891533490894325,-0.00012558043490222269,999.98521323624777,-7.3933818761133807,0.10000000000000001
542,0,1.9629981491697384,0.05062117460176728,0.16917501781513525,-0.00037675329651735284,999.98736368598782,-6.3181570060919512,0.10000000000000001
543,0,0.15481685245769122,0.062613744873815935,0.23965193508215293,-0.006398188504261792,999.97319281344301,-13.403593278496828,0.10000000000000001
544,0,0.15527676063417695,0.063190562063463823,0.24016742522312784,-0.0062704632911723965,999.97661736982786,-11.691315086068244,0.10000000000000001
545,0,0.16728656612944984,0.062989652550305184,0.23954761160125274,0.0005997504213019081,999.99558032170523,-2.2098391473832635,0.10000000000000001
546,0,0.18277653039627556,0.057611547322104543,0.23704260190257623,0.0087698747628229996,999.94932976887446,-25.335115562768351,0.10000000000000001
547,0,0.18302883436057141,0.05863934066596687,0.23897407974374812,0.0075683939321426075,999.97668947405623,-11.65526297188535,0.10000000000000001
548,0,0.21026278643743407,0.060250903171950324,0.20812824695540108,0.0016710230821402501,1000.2221049637093,111.05248185464234,0.10000000000000001
549,0,0.21025956094157966,0.060109247802675674,0.20807048581561263,0.0015738257954619321,1000.2201388471741,110.06942358704919,0.10000000000000001
550,0,0.22643631716437165,0.060742111824977317,0.21662987434603814,0.0050444707242223623,999.68595262727285,-157.02368636357278,0.10000000000000001
551,0,0.23501848822163751,0.060662826503568676,0.21080472467124392,0.0050400117700038667,1000.8592339951264,429.61699756318694,0.10000000000000001
552,0,0.24602557516298551,0.060589415105841635,0.22528150299076127,0.0028884567541206723,999.69143664774379,-154.28167612810739,0.10000000000000001
553,0,0.25563106679559722,0.060586772988102479,0.21416568910750378,0.0021724064347651878,1000.2010747104973,100.5373552486617,0.10000000000000001
554,0,0.26602648828079462,0.060405991362168718,0.22225678592070677,-0.00015163348847978663,999.99314721350459,-3.4263932477074377,0.10000000000000001
555,0,0.27585925415271484,0.060525541892647701,0.21602495566265437,0.00051974837086486898,1000.2166030358272,108.30151791361686,0.10000000000000001
556,0,0.28617925977462655,0.060285299167080565,0.21868357095258689,-0.00015038625004138928,1000.3450092721396,172.50463606978883,0.10000000000000001
557,0,0.29600791828926643,0.060310375626926149,0.21734256909653865,1.8414477419565826e-05,1000.1749267625991,87.463381299528464,0.10000000000000001
558,0,0.30627253121657072,0.06018492076551505,0.21514964909823009,0.0003430975980645445,1000.5458883036706,272.94415183530418,0.10000000000000001
559,0,0.31606062670461288,0.0602447353742512,0.21720875154033167,7.9924424369644056e-05,1000.3288430322251,164.4215161125544,0.10000000000000001
560,0,0.32634274337728786,0.060107669950498772,0.21315791818865309,0.00012580208919565046,1000.6086631707276,304.33158536379779,0.10000000000000001
561,0,0.33609924075020731,0.060176641679613174,0.21594171135258794,-0.0001160526482746734,1000.4909970651986,245.49853259929932,0.10000000000000001
562,0,0.34638350889413444,0.060068462759740607,0.21219891242744113,3.2100072025605513e-05,1000.6457406619099,322.87033095497009,0.10000000000000001
563,0,0.35615753668544808,0.0601182632833945,0.21373024429321047,-4.8751748152139546e-05,1000.6992183295091,349.60916475455406,0.10000000000000001
564,0,0.36641614165621095,0.060063243171901606,0.21156884948397867,-3.0725493882669578e-05,1000.6879781345021,343.98906725107281,0.10000000000000001
565,0,0.3762089162577209,0.060090593266134133,0.21192848075003085,-0.00010255303991956245,1000.8414462601345,420.72313006724471,0.10000000000000001
566,0,0.38644683199879926,0.060051618032390237,0.21041115532891808,-0.00014777844454840513,1000.7670684680797,383.53423403987108,0.10000000000000001
567,0,0.39624995965035609,0.060076564310537456,0.21050656082709748,-0.00015109089880229113,1000.9564269118436,478.21345592177522,0.10000000000000001
568,0,0.4064694945015716,0.060038007322050453,0.20922154784641153,-0.00014801045154881208,1000.8657847422618,432.8923711308903,0.10000000000000001
569,0,0.41629998467002388,0.060069203515052155,0.20903253943474107,-0.00013127964400667691,1001.0573377179488,528.66885897441307,0.10000000000000001
570,0,0.42648479212962631,0.06002537708594035,0.20830691193194734,-9.5255451827763025e-05,1000.9692740603971,484.63703019854165,0.10000000000000001
571,0,0.43635532775630526,0.060059424562534838,0.20767152849685155,-3.5943475544165147e-05,1001.1465294705773,573.26473528866018,0.10000000000000001
572,0,0.44649921032087908,0.060017988279673119,0.20741290175986365,-8.5991940465712086e-05,1001.0805733285345,540.28666426722793,0.10000000000000001
573,0,0.45640598317396719,0.06004229507557772,0.20679511713451526,2.999339850434232e-05,1001.2294648120484,614.73240602418855,0.10000000000000001
574,0,0.46651878388998502,0.060017398692549753,0.20659850736007498,-4.0671687455630722e-05,1001.199650717545,599.82535877247756,0.10000000000000001
575,0,0.47644758674434101,0.060025270452380014,0.20630914627347777,0.00010011974646190551,1001.3257321684017,662.86608420085713,0.10000000000000001
576,0,0.48654415921402355,0.060019200758556185,0.20621090470229583,8.0429928841112719e-05,1001.3211944037272,660.59720186359527,0.10000000000000001
577,0,0.49648415261192452,0.060015636104138459,0.20610407021671648,0.00016629188133110396,1001.4404510191506,720.22550957530029,0.10000000000000001
578,0,0.50657033526220674,0.060019551347018599,0.2062907851572276,0.0002371300347534772,1001.4501143648566,725.05718242831563,0.10000000000000001
579,0,0.51651942952526386,0.060011639524701399,0.2063602685974204,0.0002436140625738689,1001.5616357460176,780.81787300880023,0.10000000000000001
580,0,0.52659376750504494,0.060017767252176363,0.20668821184786382,0.00036400061698650427,1001.5908322235607,795.4161117803551,0.10000000000000001
581,0,0.53655310278168322,0.060010903977269756,0.20708316213004768,0.0003302064952690945,1001.6865732084807,843.28660424034751,0.10000000000000001
582,0,0.54661456273649578,0.060014518643458074,0.20744872083312221,0.00044735506805274977,1001.732418031305,866.20901565248687,0.10000000000000001
583,0,0.5565836382712892,0.060012659484835015,0.20810061738550553,0.00040211804078867157,1001.8152258686854,907.61293434269419,0.10000000000000001
584,0,0.56663377283117611,0.060011376151896806,0.2085556563317901,0.00048407362624596422,1001.8643774915886,932.18874579429212,0.10000000000000001
585,0,0.57661051772737981,0.060014588361000334,0.20930797123592684,0.0004503006697076306,1001.9391095869605,969.55479348025619,0.10000000000000001
586,0,0.58665158257080263,0.06001017834194787,0.20985330034345126,0.00046562093325722592,1001.9808108938087,990.40544690433308,0.10000000000000001
587,0,0.59663413011102773,0.060015148308385419,0.21061690939397376,0.0004577849736560909,1002.0474514481142,1023.7257240571012,0.10000000000000001
588,0,0.60666815643265504,0.060010643041043171,0.21117964005223308,0.00040898154608351277,1002.0756145654615,1037.8072827307392,0.10000000000000001
589,0,0.61665478500398563,0.060015025070166872,0.21188235005044181,0.0004187996011354354,1002.1328807209637,1066.4403604818631,0.10000000000000001
590,0,0.62668389456923246,0.060011573202622785,0.21240983902979263,0.00032474578102304879,1002.143410976252,1071.7054881259855,0.10000000000000001
591,0,0.63667324254666191,0.060015005847247935,0.21296734876423057,0.0003384740495791057,1002.1901731688437,1095.0865844218356,0.10000000000000001
592,0,0.6466989080503176,0.060012590846843232,0.21342023962821177,0.00022624001398161055,1002.1833333608389,1091.6666804194506,0.10000000000000001
593,0,0.65669068303984035,0.060015222820302437,0.21379590517326927,0.00023284998087294976,1002.2172265108858,1108.61325544289,0.10000000000000001
594,0,0.66671336181033636,0.060013689860135833,0.2141271043953272,0.00012563293468397516,1002.1975652229003,1098.7826114501331,0.10000000000000001
595,0,0.67670802094219495,0.060015747614417393,0.21433182495982001,0.00012452790687761612,1002.2174340181825,1108.717009091265,0.10000000000000001
596,0,0.68672776445551842,0.060014832935275597,0.21452425255059973,3.8843339486366523e-05,1002.1903352207403,1095.1676103701402,0.10000000000000001
597,0,0.69672564984138585,0.060016468055695493,0.21458318359582321,3.2921596053148298e-05,1002.1981349509736,1099.0674754867769,0.10000000000000001
598,0,0.70674274378556634,0.060015927479715896,0.21466095371274738,-2.2013969060235533e-05,1002.1684923598658,1084.2461799329044,0.10000000000000001
599,0,0.71674367633423663,0.060017318815866569,0.21461862498972661,-2.4297738059201559e-05,1002.1679043531059,1083.9521765529412,0.10000000000000001
600,0,0.72675877544130496,0.060016988960333924,0.21462065594074162,-5.0875323046562885e-05,1002.1403011331241,1070.150566562063,0.10000000000000001
601,0,0.73676217045382209,0.06001821398815789,0.21453524804973859,-4.1760125875233874e-05,1002.1357324284218,1067.8662142108806,0.10000000000000001
602,0,0.74677591102048846,0.060017996621688809,0.21450840896914089,-4.5676198932728188e-05,1002.1134883635724,1056.7441817862004,0.10000000000000001
603,0,0.75678115445231831,0.060018911862442903,0.21443425605806044,-2.5253494011201274e-05,1002.1091886527869,1054.5943263934419,0.10000000000000001
604,0,0.76679389613863325,0.060018697228823213,0.21442050057917661,-1.3411551584436294e-05,1002.0942710510218,1047.1355255108961,0.10000000000000001
605,0,0.7768004584916246,0.060019184133240519,0.21439452722462243,1.3672329795739108e-05,1002.0934680880671,1046.734044033542,0.10000000000000001
606,0,0.78681237103189128,0.060018995890316958,0.2144261357379523,3.2400629190109886e-05,1002.0863726789436,1043.186339471788,0.10000000000000001
607,0,0.79681979561142802,0.060019186634702869,0.21446053265934947,5.9643906751466092e-05,1002.090700032379,1045.3500161895022,0.10000000000000001
608,0,0.80683097537593906,0.06001898143141058,0.21454832370533891,7.7778716711318467e-05,1002.0909321586759,1045.4660793379276,0.10000000000000001
609,0,0.81683891387554119,0.060019114023668232,0.21463966195501344,9.861526268192068e-05,1002.1000666339927,1050.0333169963483,0.10000000000000001
610,0,0.82684945060731374,0.060018892484940169,0.21477046201414901,0.00010991075667094259,1002.1062292087801,1053.1146043900321,0.10000000000000001
611,0,0.83685761015057991,0.060018872981651997,0.21489929477849806,0.00012046407341904117,1002.1186390572998,1059.319528649894,0.10000000000000001
612,0,0.84686749936743222,0.060018526633357237,0.21504952390957766,0.00012113132947409299,1002.128365004919,1064.1825024595164,0.10000000000000001
613,0,0.85687568336919606,0.06001826427119155,0.21518574683772432,0.00011973255937169074,1002.1418871106465,1070.9435553232538,0.10000000000000001
614,0,0.8668849224264118,0.060017757608803873,0.21532733614460303,0.00010974467290780708,1002.1524785505659,1076.2392752829442,0.10000000000000001
615,0,0.87689298449231001,0.06001728472862064,0.21544305883691992,9.8145471278432894e-05,1002.1647032496386,1082.3516248192959,0.10000000000000001
616,0,0.88690162988451482,0.060016638934572979,0.21555008088294955,8.0200518117888583e-05,1002.1736988326242,1086.8494163120772,0.10000000000000001
617,0,0.89690948957902972,0.060016012984330451,0.21562456131442326,6.2207388781001719e-05,1002.1825774013272,1091.288700663597,0.10000000000000001
618,0,0.90691767841948323,0.060015212366872628,0.21568068009978969,4.1282571154972576e-05,1002.1881768946707,1094.0884473353663,0.10000000000000001
619,0,0.91692536137916847,0.060014413568665916,0.21570446807526361,2.1498792870499829e-05,1002.1925856630974,1096.2928315486806,0.10000000000000001
620,0,0.92693325349466971,0.060013476499200004,0.21570623293139615,2.7567112292610007e-06,1002.1939573544637,1096.9786772318457,0.10000000000000001
621,0,0.93694085843280073,0.060012474633562136,0.21568228279117543,-1.3913026714059871e-05,1002.1939211303115,1096.9605651557686,0.10000000000000001
622,0,0.94694854958627861,0.06001132561059707,0.21564034723756303,-2.6179405756040571e-05,1002.1914019390101,1095.7009695050601,0.10000000000000001
623,0,0.95695610349605154,0.060010016003625495,0.21558302695083364,-3.5698059305169888e-05,1002.1879806475564,1093.9903237782005,0.10000000000000001
624,0,0.96696357951744838,0.060008574345970109,0.21551796350679156,-3.9143120925461337e-05,1002.1829478493543,1091.4739246771319,0.10000000000000001
625,0,0.97697099737524207,0.060006917037371953,0.21544934266522847,-3.8937474898652368e-05,1002.1779317500478,1088.9658750239164,0.10000000000000001
626,0,0.98697823751225344,0.060005127788924598,0.21538670765269746,-3.4575800737487303e-05,1002.1724835286703,1086.2417643351705,0.10000000000000001
627,0,0.99698546753454054,0.060003231750089016,0.2153296292703728,-2.4117215761035123e-05,1002.1680504537368,1084.0252268683912,0.10000000000000001
628,0,1.0069925576291563,0.060001309940290126,0.21529237659592249,-1.5028643808574227e-05,1002.1645324915976,1082.2662457987917,0.10000000000000001
629,0,1.0169996061058642,0.05999953171503869,0.21526364786546426,3.2482675287671398e-06,1002.1628053938927,1081.4026969463271,0.10000000000000001
630,0,1.02700660887428,0.059997672334632601,0.21526224125833363,1.323571323869361e-05,1002.1633850015752,1081.6925007875966,0.10000000000000001
631,0,1.0370133622822959,0.059995966934655691,0.21526643122998815,3.2148335136364784e-05,1002.1660341996881,1083.0170998440281,0.10000000000000001
632,0,1.0470201530266789,0.05999393595889483,0.21529267007693595,3.9663457550839383e-05,1002.1722494307201,1086.1247153600289,0.10000000000000001
633,0,1.0570263990238633,0.05999194129087821,0.21532221971221679,4.8422236676984148e-05,1002.1803501426664,1090.1750713331921,0.10000000000000001
634,0,1.0670327271395301,0.059989611895368528,0.21535243271764931,5.2140075381268453e-05,1002.1927047659151,1096.3523829575479,0.10000000000000001
635,0,1.0770383407091051,0.059987172013574792,0.21538989899623173,4.0383732988175008e-05,1002.2066913049829,1103.3456524914413,0.10000000000000001
636,0,1.0870439147566533,0.059984759554518166,0.21539784809513762,4.0872627547594088e-05,1002.2245007020251,1112.2503510125625,0.10000000000000001
637,0,1.0970489244858348,0.059982060811997702,0.21541997785622977,5.8557038747290921e-06,1002.2440499939082,1122.0249969541101,0.10000000000000001
638,0,1.1070534888290844,0.059980033263873064,0.21538872443108784,2.3388427691038361e-06,1002.2655033110823,1132.7516555411421,0.10000000000000001
639,0,1.1170580348234311,0.059977502197439081,0.21537263450118499,-4.6340289934293174e-05,1002.2893638686845,1144.681934342259,0.10000000000000001
640,0,1.1270614580375797,0.059975980924533476,0.21530172129581324,-6.0201494820987748e-05,1002.3119807316949,1155.9903658474582,0.10000000000000001
641,0,1.1370656148728173,0.059973807386845601,0.21523009575003102,-0.00010151741909483986,1002.3379637027542,1168.9818513771115,0.10000000000000001
642,0,1.1470679892420683,0.059972347170406837,0.21513608832472825,-0.00013738150839791947,1002.3593107654279,1179.6553827139746,0.10000000000000001
643,0,1.1570716387865418,0.059970754218965104,0.21500263809620834,-0.00014670482110911445,1002.3843898179229,1192.1949089614259,0.10000000000000001
644,0,1.1670733619093383,0.059968986031101762,0.21490786394407765,-0.00021307343969891013,1002.4028216572979,1201.4108286489318,0.10000000000000001
645,0,1.1770760924369503,0.059968308640143672,0.21472370195817136,-0.00017662817452541158,1002.4236048508396,1211.802425419819,0.10000000000000001
646,0,1.1870777767302008,0.059966155432419462,0.21463761263463052,-0.00026622008489987197,1002.4385634146477,1219.2817073238302,0.10000000000000001
647,0,1.1970790607618611,0.05996647635920422,0.21443174920229366,-0.00019707822218008244,1002.4521242129267,1226.0621064633597,0.10000000000000001
648,0,1.2070814310383569,0.05996444525459179,0.21433910489244981,-0.00027855371445757455,1002.4638437811199,1231.9218905599314,0.10000000000000001
649,0,1.2170811249542324,0.059965436698591078,0.2141537892360412,-0.00022156223329575375,1002.4688831125613,1234.4415562806716,0.10000000000000001
650,0,1.2270845819789857,0.059964414867453943,0.21401677328727603,-0.00024476246678987058,1002.4776736593102,1238.8368296550993,0.10000000000000001
651,0,1.2370832550038264,0.059965191727599815,0.21388619880602097,-0.00026088027946565473,1002.4751517632617,1237.5758816308462,0.10000000000000001
652,0,1.2470873320936884,0.059966054294554941,0.21366653668132998,-0.00018170774560184676,1002.4810607003931,1240.5303501965363,0.10000000000000001
653,0,1.2570863561390366,0.059965751057022301,0.2135964365987871,-0.00031586601416834975,1002.4743305656528,1237.1652828264246,0.10000000000000001
654,0,1.2670895795506174,0.059968792984255503,0.21327671211515434,-0.00012728699810922,1002.4771568567365,1238.578428368271,0.10000000000000001
655,0,1.2770908323973267,0.059967201226042252,0.21322969633707459,-0.00037032362616049995,1002.4711487046704,1235.5743523352203,0.10000000000000001
656,0,1.2870913043454526,0.059971834940483679,0.21283782291974082,-0.00013009372882761151,1002.4714387544232,1235.7193772115806,0.10000000000000001
657,0,1.2970964887785301,0.059969821083829394,0.21273409169841981,-0.00040013027587861651,1002.4707005118803,1235.3502559401477,0.10000000000000001
658,0,1.3070930151144098,0.05997457300185001,0.21233083337281683,-0.00022107317006041656,1002.4696878700831,1234.8439350415674,0.10000000000000001
659,0,1.3171026264127756,0.059973740475324722,0.21207719595201857,-0.00038426127656996842,1002.4768395386776,1238.4197693388046,0.10000000000000001
660,0,1.3270957439448889,0.05997669597241783,0.21172813615896155,-0.00039723591452295087,1002.4760480952027,1238.0240476013569,0.10000000000000001
661,0,1.3371081415572923,0.05997849589335346,0.21124627772136284,-0.0003239886777246012,1002.4907108216003,1245.3554108001299,0.10000000000000001
662,0,1.3471004821028343,0.059977924719177809,0.21099284462204893,-0.00061137656021767158,1002.492034717083,1246.0173585415077,0.10000000000000001
663,0,1.3571117128192998,0.05998304882397406,0.21028484053801713,-0.00025375040444724649,1002.513402775931,1256.7013879655065,0.10000000000000001
664,0,1.3671071142009186,0.05997861661333953,0.21011106174343278,-0.00078404403261001876,1002.5173054269543,1258.6527134771472,0.10000000000000001
665,0,1.377112405229864,0.059986305116226928,0.20928188270908493,-0.00022826234991715568,1002.54627248347,1273.1362417350169,0.10000000000000001
666,0,1.3871140648931153,0.059979587678342036,0.20913721472107244,-0.00082532066067522139,1002.5514601592978,1275.7300796488948,0.10000000000000001
667,0,1.3971107513908798,0.059987791028211446,0.20835273993598233,-0.00027455867955647164,1002.5872398542812,1293.6199271405826,0.10000000000000001
668,0,1.4071194812776047,0.059981734113513152,0.20814128135862708,-0.00068391744681433882,1002.5896465600794,1294.8232800396795,0.10000000000000001
669,0,1.4171094134996836,0.059987520941120864,0.20756445329087572,-0.00039411022582345074,1002.6272596961047,1313.6298480523578,0.10000000000000001
670,0,1.4271224682935713,0.059985351346148935,0.20717720792240915,-0.0003779921629710459,1002.621125694724,1310.5628473620072,0.10000000000000001
671,0,1.4371117655453578,0.05998595771885068,0.20690947792728587,-0.00056987076189006687,1002.6538243712529,1326.9121856264405,0.10000000000000001
672,0,1.4471224837917618,0.059990182433605585,0.20629012722553111,-4.107609326055621e-05,1002.6375953921809,1318.797696090428,0.10000000000000001
673,0,1.4571186694352873,0.059984770142306264,0.20634141211634091,-0.00073982754705868446,1002.6582768898891,1329.1384449445331,0.10000000000000001
674,0,1.4671183855098928,0.059994793092799585,0.20562432538997671,0.00015082301089606052,1002.6422376926179,1321.1188463089343,0.10000000000000001
675,0,1.4771275443311878,0.059985582830763939,0.20587088986882368,-0.00078274183026977914,1002.6411005561855,1320.5502780927532,0.10000000000000001
676,0,1.4871099278611428,0.059995858721235348,0.20528639872298632,0.00014330532201455156,1002.6324026170477,1316.20130852383,0.10000000000000001
677,0,1.4971358330243107,0.059987478377126549,0.20555765816031379,-0.00064994853139126835,1002.6056861502105,1302.8430751052724,0.10000000000000001
678,0,1.5071007543717962,0.059990946498130956,0.20526045071596868,-2.5949229621731211e-05,1002.5961802965277,1298.0901482638387,0.10000000000000001
679,0,1.5171433315981537,0.059990799274601811,0.20526184110539708,-0.00032915070372135951,1002.5420459435966,1271.0229717982884,0.10000000000000001
680,0,1.5270981604339691,0.059983958186168612,0.20532052773193313,-0.0003263989076577287,1002.524051468949,1262.0257344744914,0.10000000000000001
681,0,1.5371508510949468,0.059998816169835843,0.20482914614162182,2.9902452578816494e-06,1002.4472989899533,1223.6494949766552,0.10000000000000001
682,0,1.5471063508879099,0.059985143950990583,0.20515321028703318,-0.00064736036768834378,1002.4154371931263,1207.7185965631543,0.10000000000000001
683,0,1.5571576604408655,0.060010666455298602,0.20426817189778493,0.00012004983388168602,1002.3419378074343,1170.9689037171529,0.10000000000000001
684,0,1.5671222822260313,0.059996656210048266,0.20464930722617614,-0.00078447207852412387,1002.2870766696605,1143.5383348302253,0.10000000000000001
685,0,1.5771611471415126,0.060014664259155505,0.2037221479058913,-7.6013622465776691e-06,1002.2407608432769,1120.3804216384583,0.10000000000000001
686,0,1.5871407491873828,0.060004051843126044,0.20390973148051106,-0.00067778464241741859,1002.1588622862704,1079.4311431351957,0.10000000000000001
687,0,1.5971622582421103,0.060003055555768244,0.20316117902013778,-0.00023327526922862417,1002.1325266560497,1066.2633280248315,0.10000000000000001
688,0,1.6071593084062334,0.060000616446901363,0.20294876126862635,-0.00033883167211791514,1002.0298694957644,1014.9347478821937,0.10000000000000001
689,0,1.6171701370765013,0.05999336143117024,0.20230832719985686,-0.00047856985629320689,1002.0017093210424,1000.8546605212132,0.10000000000000001
690,0,1.6271767372236456,0.060003015593502816,0.20161795406190469,1.1522752667201691e-05,1001.8995698486337,949.784924316873,0.10000000000000001
691,0,1.6371934525160394,0.060013728058537177,0.20099323502800523,-0.00063213709579000002,1001.8517801051678,925.89005258389534,0.10000000000000001
692,0,1.6471915320924342,0.06002037593388608,0.1999746320289125,0.00020167518099025141,1001.7861475030722,893.07375153612156,0.10000000000000001
693,0,1.6572304404056226,0.060050523127210459,0.19939055877898251,-0.00068073135759348646,1001.7000573929924,850.02869649622426,0.10000000000000001
694,0,1.6671980160524178,0.060023332910508258,0.19841841562951615,0.00022124927304073889,1001.6925281861146,846.26409305730022,0.10000000000000001
695,0,1.6772688697701528,0.060053070461538099,0.19774802269190495,-0.00063951547994241784,1001.541560576391,770.78028819551037,0.10000000000000001
696,0,1.6871931399825595,0.060002378849643705,0.19710773387633898,7.7466445382069461e-05,1001.5955320516197,797.76602580983536,0.10000000000000001
697,0,1.6972981642146219,0.060028778495931349,0.19616415317934965,-0.00056846438166475435,1001.3723687257514,686.18436287567874,0.10000000000000001
698,0,1.7071870356560714,0.060000790554583947,0.19595406900784607,-8.6184250660367164e-05,1001.4964969454599,748.24847272992656,0.10000000000000001
699,0,1.7173221129588736,0.060033496684622926,0.19478485373520801,-0.00055891338563467206,1001.2236391539853,611.81957699267286,0.10000000000000001
700,0,1.727189947737225,0.060033371689411821,0.19487924526118822,-0.00010405525138112604,1001.4179797873826,708.98989369129595,0.10000000000000001
701,0,1.7373560106532018,0.060058896766167956,0.19362927378677341,-0.00063048392322392422,1001.1129890592308,556.49452961540646,0.10000000000000001
702,0,1.747191771799198,0.060045048456034485,0.1937589584657998,0.00017381275321225339,1001.372477452427,686.23872621350301,0.10000000000000001
703,0,1.7574072020495675,0.060068223580748599,0.19262697274265564,-0.00052527637379038317,1001.0018992186102,500.94960930510979,0.10000000000000001
704,0,1.7671842270788329,0.060037748852690968,0.19256180991329996,0.0007468440707421041,1001.3610222902148,680.51114510740263,0.10000000000000001
705,0,1.7774876128770973,0.060107625607761984,0.19143671029453882,-0.00020073330164103645,1000.7984017837255,399.20089186273344,0.10000000000000001
706,0,1.7871909213337509,0.060082114057799403,0.19115805630942484,0.0012722976669646694,1001.2987972487623,649.39862438114915,0.10000000000000001
707,0,1.797597550207976,0.060131215498815005,0.19043616980531161,0.00015320994183519725,1000.5495892270336,274.79461351680357,0.10000000000000001
708,0,1.8072315148457059,0.060116749974560187,0.18959285536716097,0.00099525975363846247,1001.0767830734333,538.39153671663098,0.10000000000000001
709,0,1.8177230385010428,0.060084671345244443,0.18961635751840522,-0.00056013420764116284,1000.2421328220613,121.06641103065385,0.10000000000000001
710,0,1.8273358000273914,0.060029169745564659,0.18867933142338311,-0.0014343481391146499,1000.8475148519732,423.75742598659372,0.10000000000000001
711,0,1.8378521685196816,0.059963796788489669,0.18901979020585197,-0.0032219517128785308,999.89149092773187,-54.254536134067166,0.10000000000000001
712,0,1.8474518515264855,0.059708459959278266,0.18687726581314429,-0.0054602626974522301,1000.7391086204786,369.55431023932306,0.10000000000000001
713,0,1.857884723662194,0.059635337810057906,0.18914922219964383,-0.0056308319181041025,999.77407327698836,-112.96336150581965,0.10000000000000001
714,0,1.8672368188831527,0.059417494655028213,0.18399329092045091,-0.0042608005929237773,1000.6897447794455,344.87238972275236,0.10000000000000001
715,0,1.8780246189975629,0.059739591505012214,0.19019550292692478,-0.0025986466391632293,1000.0160740620089,8.0370310044486359,0.10000000000000001
716,0,1.8855499386713286,0.060340662591154538,0.18336689413660853,0.0023978458592468798,1000.3931208980125,196.56044900625602,0.10000000000000001
717,0,1.9024346474582026,0.060932335365488935,0.19029686222721284,0.0044677412761663909,1000.0713888067722,35.694403386116846,0.10000000000000001
718,0,1.9024658224755882,0.061053514672391798,0.19031532337677309,0.0044359133515657111,1000.0718559464906,35.927973245293288,0.10000000000000001
719,0,1.9292440076367072,0.05579200831202618,0.16718484910554232,-0.005514374667203917,1000.0183661213986,9.1830606992857611,0.10000000000000001
720,0,1.9288325093342849,0.054527938481056498,0.16577317247594023,-0.0056117540883095654,1000.0474548168103,23.72740840513643,0.10000000000000001
721,0,1.9464341926908422,0.062270592285774147,0.17159837153383076,-0.0016560476688983147,999.98669526055028,-6.6523697248612734,0.10000000000000001
722,0,1.9586248289046133,0.063930821686579695,0.17468777370193819,-5.5615697503098023e-06,1000.0346927591735,17.346379586740568,0.10000000000000001
723,0,1.9589274517280404,0.063355987364562813,0.17463356820905238,-9.2804664378675055e-05,1000.0334361507422,16.718075371102259,0.10000000000000001
724,0,0.15818589643705544,0.071073685795104383,0.24503007687576822,-0.0062694748364378484,1000.033125897452,16.562948726004834,0.10000000000000001
725,0,0.15842037306153761,0.074099890039307212,0.24710799710332612,-0.0048663009816405992,1000.0141106228251,7.0553114125573302,0.10000000000000001
726,0,0.17319381181107044,0.068182454965508829,0.23889682338146773,0.0012894289624206317,1000.0004837818109,0.24189090544268765,0.10000000000000001
727,0,0.18549362160318306,0.065591990588058785,0.2480682222201655,-4.4631091271212403e-05,1000.107307774094,53.653887047005355,0.10000000000000001
728,0,0.18560233331532414,0.065949273229194028,0.24844151345408541,4.9471611856742383e-05,1000.1090676536436,54.533826821796083,0.10000000000000001
729,0,0.21148013187311918,0.069699142038301923,0.21843809797015759,0.00160987321160295,1000.3044497764261,152.22488821302704,0.10000000000000001
730,0,0.2115524012774318,0.070075461756773733,0.21903074923631177,0.0019892510104501733,1000.3061824761496,153.09123807480773,0.10000000000000001
731,0,0.22651737761461649,0.070295203644530665,0.22755939013124635,0.0028332698002033808,999.62900801698891,-185.49599150554741,0.10000000000000001
732,0,0.23550121980235841,0.07028966956600971,0.21870970442256782,0.0045478643349910657,1000.5096472703734,254.82363518671036,0.10000000000000001
733,0,0.24644251016364621,0.070358727018724351,0.23226471058509213,0.00018076671901709734,999.77122190601938,-114.38904699031127,0.10000000000000001
734,0,0.25639354324874691,0.070327485399959505,0.22051737273988992,-0.0010834100902648101,1000.5675566747898,283.77833739489233,0.10000000000000001
735,0,0.26681279983128331,0.070182106751941337,0.22967970974554397,-0.0011437528357597258,1000.2585354752042,129.26773760210608,0.10000000000000001
736,0,0.27680517333604016,0.070226639849841108,0.22274279453531451,-0.00039150059108679803,1000.2170504301157,108.52521505785262,0.10000000000000001
737,0,0.28714544211935955,0.07027627292398933,0.22499077668417489,-0.0001575886202770326,1000.4774675112875,238.7337556437501,0.10000000000000001
738,0,0.29700182474323233,0.070218108380212987,0.22416726327136419,-0.00016770202007822225,1000.2049431422256,102.47157111280103,0.10000000000000001
739,0,0.30740252286590153,0.070203784381972514,0.22214162227809725,-9.908395575540986e-05,1000.5268378075496,263.41890377477739,0.10000000000000001
740,0,0.31715896400429594,0.070144585321469638,0.22415834740695945,0.00018491641036969404,1000.3213640437129,160.68202185647351,0.10000000000000001
741,0,0.32756160125051081,0.070154679539971829,0.22002162414400808,0.00030905772982864425,1000.596299230839,298.14961541950424,0.10000000000000001
742,0,0.33727412340405538,0.070095268395472227,0.2229044489283572,0.00012850438234873488,1000.5160619177159,258.03095885794392,0.10000000000000001
743,0,0.34765066677001744,0.070114128875973236,0.21914828902418856,0.00010540032349987692,1000.6050537436587,302.52687182934324,0.10000000000000001
744,0,0.35737077099839809,0.07007456901030204,0.22076426811497507,-4.4505018102988438e-06,1000.6948590293348,347.42951466739669,0.10000000000000001
745,0,0.36771939734306625,0.070089345997633043,0.2185116825232267,3.7237801832361632e-05,1000.6588705455802,329.43527279007867,0.10000000000000001
746,0,0.37745675673235429,0.07006804860138148,0.21882430195846755,-2.9994766250700546e-05,1000.8473620500591,423.68102502956617,0.10000000000000001
747,0,0.38776700117859281,0.070065662895737582,0.21739456109371261,2.2938446709181293e-05,1000.7586710160801,379.33550804007155,0.10000000000000001
748,0,0.39753753341952069,0.070057122197582394,0.21746109222550228,5.4705288397185939e-05,1000.9561618929773,478.08094648866017,0.10000000000000001
749,0,0.40780310126318076,0.07005474303814177,0.21606412202833025,2.666369578204307e-05,1000.8571278037741,428.56390188705973,0.10000000000000001
750,0,0.41761316952185595,0.070050534114553989,0.21610125724576029,7.7377056346535905e-05,1001.0623918781563,531.19593907814533,0.10000000000000001
751,0,0.42783451576884185,0.07004772743357518,0.21513867660588007,6.1680745277150778e-06,1000.9382002794658,469.10013973291598,0.10000000000000001
752,0,0.43768576231805101,0.070040321046853316,0.21467814600571181,8.1892089617689647e-05,1001.1689308682215,584.46543411076846,0.10000000000000001
753,0,0.44786237336093132,0.070035505246849941,0.21436630408145768,4.3796540175579084e-05,1001.0414778019887,520.73890099433129,0.10000000000000001
754,0,0.45774974982786293,0.07003091337621789,0.2136781262953637,0.00015673825731253078,1001.2609747745909,630.48738729543174,0.10000000000000001
755,0,0.46788925063500275,0.070025293240016967,0.2136331699956785,0.00011496302982861243,1001.1672813016399,583.64065081997296,0.10000000000000001
756,0,0.47780369194206895,0.070023443549372288,0.21316098303041675,0.00026443838072788745,1001.3507932319,675.39661594997824,0.10000000000000001
757,0,0.48791640918107154,0.070020720668508299,0.21320372875564886,0.00020369773925702232,1001.2981990064283,649.09950321413135,0.10000000000000001
758,0,0.49785180578289562,0.07001894913712603,0.21298754581086016,0.00037011734825794456,1001.4551426338003,727.57131690013921,0.10000000000000001
759,0,0.50794406677875403,0.070018711122782448,0.21323089390208988,0.00032465466549592699,1001.4312713035267,715.63565176336397,0.10000000000000001
760,0,0.51789460298555434,0.070016179962106795,0.21321675479763794,0.00045692215522570611,1001.5712429366216,785.62146831080781,0.10000000000000001
761,0,0.52797172501074263,0.070017411683076181,0.21360732563811541,0.00043320836769266714,1001.5707607504841,785.38037524202764,0.10000000000000001
762,0,0.53793219504537981,0.070014742497648094,0.21390748730682208,0.00054225647521753781,1001.6920234410693,846.01172053464779,0.10000000000000001
763,0,0.54799820945981492,0.070016194568428641,0.21430299846823453,0.00051030515165226406,1001.7101183364155,855.05916820773109,0.10000000000000001
764,0,0.55796569465892198,0.070014680911335225,0.21490459366603565,0.00059715869081719574,1001.8153889830019,907.69449150093351,0.10000000000000001
765,0,0.56802278352727598,0.070015194037684816,0.21533570717419595,0.00055993521544100164,1001.8391755341505,919.58776707525658,0.10000000000000001
766,0,0.57799616797038134,0.070015133039146346,0.21605649279951916,0.00062166301192742481,1001.9340302266372,967.01511331860956,0.10000000000000001
767,0,0.58804536692613785,0.070014645533245434,0.21656173767170298,0.00057524003265797255,1001.9532125404658,976.60627023287816,0.10000000000000001
768,0,0.59802396632695554,0.070015792339074984,0.21729040699990521,0.00061733813339300459,1002.036184996266,1018.0924981330008,0.10000000000000001
769,0,0.6080663562141021,0.070014465160143147,0.21780635582217814,0.00055919663950734875,1002.0470571466115,1023.5285733057253,0.10000000000000001
770,0,0.61804955034316034,0.070016448053912703,0.21847415812718329,0.0005814419236181527,1002.1146844019125,1057.3422009562705,0.10000000000000001
771,0,0.62808608460178295,0.070014817453741357,0.21894670089350157,0.00051572314375525536,1002.1151491536109,1057.5745768054503,0.10000000000000001
772,0,0.6380736907836847,0.070016863465777054,0.21947545754042688,0.00051811771223984134,1002.1660871592396,1083.0435796198117,0.10000000000000001
773,0,0.64810499376372455,0.070015608838554552,0.21987141247353098,0.00045096180590670725,1002.1554195375459,1077.7097687729338,0.10000000000000001
774,0,0.65809700198915633,0.070017202658723091,0.22022192765458098,0.00044147506256571545,1002.189773781873,1094.8868909364933,0.10000000000000001
775,0,0.66812381972446322,0.070016585080587154,0.22049964088438792,0.00037568206818576737,1002.1698601126593,1084.9300563296538,0.10000000000000001
776,0,0.67811994497168926,0.070017766840869869,0.22068841998900615,0.00036512161057784717,1002.188934994581,1094.4674972905091,0.10000000000000001
777,0,0.68814332887881602,0.070017512223337741,0.22082661475345838,0.00030706641105982284,1002.163026502172,1081.5132510859939,0.10000000000000001
778,0,0.6981429155007477,0.070018540006938565,0.22088301461921947,0.00030102121398221254,1002.1703700633943,1085.185031697165,0.10000000000000001
779,0,0.70816392223007985,0.070018400342930706,0.22091172134340681,0.00026008758585283363,1002.1416104593015,1070.8052296507731,0.10000000000000001
780,0,0.71816639672878313,0.070019359450465238,0.22086666453151185,0.00026035549380154884,1002.1420904797027,1071.0452398513439,0.10000000000000001
781,0,0.72818562786153784,0.070019337008838056,0.22083651107390331,0.0002391061751308319,1002.1140377850564,1057.0188925282196,0.10000000000000001
782,0,0.73819066614360196,0.070020176510551063,0.22074136910672335,0.00025076717488271079,1002.1118813338828,1055.9406669414102,0.10000000000000001
783,0,0.74820842892437667,0.070020194788589771,0.22069495058192493,0.00024561229019777432,1002.0882290094505,1044.1145047252576,0.10000000000000001
784,0,0.75821565787751199,0.070020875570094662,0.22060702371274057,0.00026731880435937544,1002.0866762506632,1043.3381253316156,0.10000000000000001
785,0,0.76823221493466798,0.070020732207960859,0.22057928751884973,0.00027456410395799259,1002.0700243154021,1035.0121577010327,0.10000000000000001
786,0,0.77824106668040927,0.07002120020087875,0.22053666461427246,0.00030168724164650627,1002.0715121406606,1035.7560703303079,0.10000000000000001
787,0,0.78825662582540257,0.070020972287884717,0.22055465943367417,0.00031548610552786511,1002.0627551591678,1031.3775795838751,0.10000000000000001
788,0,0.79826655324670792,0.070021241161575432,0.22057049821524075,0.00034309112631989884,1002.0685318300834,1034.2659150417148,0.10000000000000001
789,0,0.80828122151602921,0.070021030422626751,0.22064212390258464,0.00035797494877360672,1002.0672493750689,1033.6246875344273,0.10000000000000001
790,0,0.81829185048114872,0.070021177276424151,0.22071221935191432,0.00038078350070534095,1002.0770991077716,1038.5495538857867,0.10000000000000001
791,0,0.82830570320337571,0.070021004009375803,0.22082480139236305,0.00039217645834770191,1002.081817374621,1040.9086873104911,0.10000000000000001
792,0,0.83831670556907034,0.070021007484905015,0.22093065302033799,0.00040731328173310318,1002.0943689634624,1047.1844817312217,0.10000000000000001
793,0,0.84832978327771535,0.070020714480360194,0.22105999481039479,0.0004119262746132383,1002.1027884605755,1051.3942302877695,0.10000000000000001
794,0,0.85834086071824867,0.070020515802692265,0.22117326464538004,0.00041839346730262013,1002.1160694429769,1058.0347214884682,0.10000000000000001
795,0,0.86835321264671983,0.070020069800146814,0.2212931164526723,0.00041646940765004375,1002.1254908564418,1062.7454282209214,0.10000000000000001
796,0,0.87836412618710669,0.070019703019368204,0.22138620663643119,0.00041533599795249844,1002.1373484507674,1068.6742253836883,0.10000000000000001
797,0,0.88837582541309312,0.070019147328865744,0.22147257472513743,0.00040815724174809298,1002.1453639124236,1072.6819562117953,0.10000000000000001
798,0,0.89838648945655564,0.070018623946434572,0.22152616552829088,0.0004015052495721317,1002.1539437584597,1076.971879229859,0.10000000000000001
799,0,0.90839759213158811,0.07001794121744187,0.22156386351807669,0.00039107210988053708,1002.1588321755661,1079.416087783045,0.10000000000000001
800,0,0.91840797779480821,0.07001725850535466,0.22156951712228787,0.00038175409037615127,1002.1631511119783,1081.5755559891613,0.10000000000000001
801,0,0.92841854487999376,0.070016439216508311,0.22155603941393645,0.00037119255102022631,1002.1641293979103,1082.0646989551506,0.10000000000000001
802,0,0.93842864374914836,0.070015575886610906,0.22151722051681039,0.0003628363019872347,1002.1642504798905,1082.1252399452419,0.10000000000000001
803,0,0.94843872184092104,0.070014568098368993,0.22146373630891994,0.00035570572996590488,1002.1616600431468,1080.8300215733766,0.10000000000000001
804,0,0.95844849366839879,0.070013466909213493,0.22139507725800106,0.00035153797705300932,1002.158577350893,1079.2886754464917,0.10000000000000001
805,0,0.96845808720266213,0.07001222199498984,0.2213222451706589,0.00035027172996936781,1002.1537968476006,1076.8984238002872,0.10000000000000001
806,0,0.97846743162065908,0.070010820799208409,0.2212455747106904,0.00035220386511603251,1002.1491744035877,1074.5872017938609,0.10000000000000001
807,0,0.98847646626735142,0.070009294425631044,0.22117725529231003,0.00035772478830099774,1002.1442879151401,1072.1439575700629,0.10000000000000001
808,0,0.99848523023444091,0.070007661255169149,0.22111406229921735,0.00036660180943951979,1002.1401356500302,1070.0678250150872,0.10000000000000001
809,0,1.0084936711228512,0.07000604779782317,0.22106996139253551,0.00037887556978559911,1002.1374178709274,1068.7089354636896,0.10000000000000001
810,0,1.0185017593795966,0.070004483003856061,0.22103504967171311,0.00039431581006590157,1002.1358233493033,1067.9116746516684,0.10000000000000001
811,0,1.0285096264729163,0.070002955730661454,0.22102301674549429,0.00041066881636292799,1002.1372134923183,1068.606746159162,0.10000000000000001
812,0,1.0385169564184988,0.070001440963311859,0.2210188841643104,0.00042835477391708671,1002.1400536415964,1070.0268207982049,0.10000000000000001
813,0,1.0485241480535004,0.069999758380379751,0.22103080542497,0.00044233619110868101,1002.1467188710499,1073.3594355249352,0.10000000000000001
814,0,1.0585305715722184,0.069998017005925312,0.22104771977187074,0.00045543499846455241,1002.1554092573414,1077.7046286706877,0.10000000000000001
815,0,1.0685367772210095,0.069995989926575616,0.2210615650078317,0.00046117211254437717,1002.1674441063504,1083.7220531752223,0.10000000000000001
816,0,1.0785421343136217,0.069993959250311377,0.2210805346123639,0.00046462141484294902,1002.1826395886211,1091.3197943105502,0.10000000000000001
817,0,1.0885469596261621,0.069991739074765247,0.22107309320806051,0.00046067766700870629,1002.1991635922379,1099.5817961189687,0.10000000000000001
818,0,1.0985512177058767,0.069989636746594502,0.22107060457340255,0.00045260578319041792,1002.2202564669714,1110.1282334856819,0.10000000000000001
819,0,1.1085544463427239,0.069987657730251174,0.22102791336708857,0.00044111648971398656,1002.2399147356614,1119.9573678306933,0.10000000000000001
820,0,1.1185577042498884,0.069985761636655028,0.22098465436476464,0.0004221290241433956,1002.2647448747205,1132.3724373602317,0.10000000000000001
821,0,1.1285594038421409,0.069984255863784012,0.22090579034408953,0.00040717949695542253,1002.2862250966285,1143.1125483142637,0.10000000000000001
822,0,1.138561660661676,0.069982500174011267,0.22081202689643145,0.00038026908792880733,1002.3112348899729,1155.6174449864329,0.10000000000000001
823,0,1.1485621444359413,0.069981312449168318,0.22070744061384071,0.00036608562178509519,1002.3335165336067,1166.758266803356,0.10000000000000001
824,0,1.1585631742469897,0.069979655601656185,0.22056605126818574,0.00033856888992400669,1002.3546127408524,1177.3063704262086,0.10000000000000001
825,0,1.168562972269364,0.06997866425983959,0.22044915307138274,0.000328510935629992,1002.3767395562676,1188.3697781337901,0.10000000000000001
826,0,1.1785624635773964,0.069977355117012446,0.22027718497504092,0.00031042460124082851,1002.3908223651725,1195.4111825862697,0.10000000000000001
827,0,1.1885621576080716,0.069976434888241124,0.22015259962099629,0.00030331339647114171,1002.4111578528197,1205.578926409828,0.10000000000000001
828,0,1.1985600610162841,0.069975796507816934,0.21997560263735766,0.0003031514872608766,1002.4176941705359,1208.847085267962,0.10000000000000001
829,0,1.2085599816852131,0.069974890559772643,0.21983334244199351,0.00029354822067399441,1002.4333587019704,1216.6793509852027,0.10000000000000001
830,0,1.2185568652752785,0.069975212036782017,0.21967575007272808,0.00031315026262240098,1002.4352580664116,1217.6290332058102,0.10000000000000001
831,0,1.2285568195595395,0.06997440004062104,0.21949703310436317,0.00029631641528470433,1002.4425170508325,1221.2585254162605,0.10000000000000001
832,0,1.238553909778138,0.069975588410430403,0.2193631623947892,0.00032885829308943512,1002.4450141516573,1222.5070758286734,0.10000000000000001
833,0,1.2485531315350551,0.069975086713399512,0.21913610317018323,0.00030508750051549239,1002.4411696764848,1220.5848382424165,0.10000000000000001
834,0,1.2585519389615922,0.069976639089400244,0.21900559604411762,0.00033509532314268957,1002.4494248114775,1224.7124057387282,0.10000000000000001
835,0,1.2685494905818278,0.069976863149192298,0.21873239256105148,0.00031532386747654568,1002.4347629419539,1217.3814709769317,0.10000000000000001
836,0,1.2785511718981355,0.069978022717407676,0.21856105427332054,0.00032282467187360237,1002.4505432760196,1225.271638009815,0.10000000000000001
837,0,1.2885466085805257,0.069979471091896117,0.21826323472880829,0.00032076162544516596,1002.4301600552012,1215.0800276006066,0.10000000000000001
838,0,1.2985512991388855,0.06997974296714779,0.21800032057803037,0.00028480129832649887,1002.4500564438007,1225.0282219003452,0.10000000000000001
839,0,1.3085453377318497,0.069982647217474561,0.21769617732751845,0.00030563116891376254,1002.4334399901712,1216.7199950856116,0.10000000000000001
840,0,1.3185518479271434,0.069982074311280965,0.21730862404128351,0.00021484482183810436,1002.4503887903543,1225.1943951771409,0.10000000000000001
841,0,1.328546261170702,0.069985808658794599,0.2169958077752521,0.00024916029207216388,1002.4489729748307,1224.4864874153336,0.10000000000000001
842,0,1.3385523149066008,0.06998487267978587,0.21648653822223077,0.00012640150343951907,1002.4560554556373,1228.0277278186418,0.10000000000000001
843,0,1.3485491622859114,0.069987958772574368,0.21613681628262588,0.00016922808779408366,1002.4775622639559,1238.7811319779303,0.10000000000000001
844,0,1.3585524851285011,0.069987647501018879,0.21556992814197259,7.4619834713576997e-05,1002.4726964446447,1236.3482223223627,0.10000000000000001
845,0,1.3685527938181286,0.069988745781959905,0.2151371176076794,0.00012718116326751247,1002.5138287189905,1256.9143594952266,0.10000000000000001
846,0,1.3785527617320401,0.069990292409832122,0.21461938486350174,0.00012249386277500318,1002.5022822598787,1251.1411299393558,0.10000000000000001
847,0,1.3885556035312843,0.069988977679982856,0.21408969608441675,0.00015565535093093328,1002.5478954496682,1273.9477248341018,0.10000000000000001
848,0,1.3985541971547442,0.069993255746124014,0.21369307285139869,0.00023736722028677045,1002.5412499037956,1270.624951897787,0.10000000000000001
849,0,1.4085566025927247,0.06998983330923754,0.21308420513394019,0.00019364622974280083,1002.570145363223,1285.0726816114957,0.10000000000000001
850,0,1.4185577750436535,0.069996023262084692,0.21281424510313923,0.00029885591711193695,1002.5846492002524,1292.3246001262214,0.10000000000000001
851,0,1.4285553357084362,0.069991392578801798,0.21218530404562916,0.00017145691718391942,1002.5798714044937,1289.9357022468507,0.10000000000000001
852,0,1.4385634016846138,0.069997266372682998,0.21196670257008574,0.00027436153241335677,1002.6259194462235,1312.95972311176,0.10000000000000001
853,0,1.44855195661007,0.06999313993684228,0.21142284881888757,0.00016739409241340046,1002.5818889557163,1290.9444778581474,0.10000000000000001
854,0,1.4585702229678092,0.069997122590043245,0.21117746325806361,0.00030831839646448946,1002.6531388343635,1326.5694171817586,0.10000000000000001
855,0,1.4685480545657343,0.069995669807505531,0.2108801790075257,0.00034434451485971504,1002.5766582819839,1288.329140991948,0.10000000000000001
856,0,1.4785777053391536,0.069997139292749463,0.21054898084218718,0.0004827213273218553,1002.6477102089038,1323.8551044519227,0.10000000000000001
857,0,1.4885465182752959,0.069999252085335195,0.2105817937874091,0.00063349627676980455,1002.5559055051025,1277.9527525512435,0.10000000000000001
858,0,1.498584793225114,0.069997235369933949,0.21015767494393017,0.00060605392542305292,1002.5967489826928,1298.3744913464079,0.10000000000000001
859,0,1.5085490100751691,0.070001567024277539,0.21042684184192098,0.00070419045610066444,1002.5158650479915,1257.9325239957484,0.10000000000000001
860,0,1.5185892747372502,0.069996708549728046,0.20990845805587263,0.00044252857592593978,1002.5061998756883,1253.0999378441265,0.10000000000000001
861,0,1.5285547047208459,0.07000217107003133,0.21018673789912576,0.00046632589685779952,1002.4567657089677,1228.3828544838684,0.10000000000000001
862,0,1.5385917046050648,0.06999823045439206,0.20964235500224382,0.00013320448546843511,1002.4000784887857,1200.0392443928263,0.10000000000000001
863,0,1.5485637917087245,0.070005129306627237,0.20971134688638687,0.00026076788053744728,1002.3772306996423,1188.6153498211343,0.10000000000000001
864,0,1.5585979668624941,0.070005645250284479,0.20925944604882082,0.00013296335020407157,1002.2912412941537,1145.6206470768393,0.10000000000000001
865,0,1.568579473385703,0.070010981974925071,0.209044481158465,0.00038508364837806802,1002.2683188041376,1134.1594020688035,0.10000000000000001
866,0,1.5786146944715684,0.070014864364668999,0.20879466365440394,0.0004743550152443631,1002.1787720310481,1089.3860155240418,0.10000000000000001
867,0,1.5885983701852564,0.070011669373117369,0.20826388981936336,0.00058355048723755603,1002.1220936715304,1061.0468357651825,0.10000000000000001
868,0,1.5986402208081749,0.070016687451940868,0.20812090480547768,0.00063958641144255509,1002.0633722990316,1031.6861495157923,0.10000000000000001
869,0,1.6086095225809465,0.070005767458302393,0.20735471651707993,0.00041366308700560079,1001.9575110279525,978.75551397623894,0.10000000000000001
870,0,1.6186672248940377,0.070015204596789032,0.20692981309345762,0.00038904357068933996,1001.9475262418133,973.76312090665351,0.10000000000000001
871,0,1.6286121227805712,0.070009315752130305,0.2062292124742468,1.759943478513868e-05,1001.8054686244778,902.73431223891976,0.10000000000000001
872,0,1.638700322674864,0.070027308276162742,0.20537553960651542,0.00022396082168838147,1001.8402890064133,920.14450320664309,0.10000000000000001
873,0,1.6486221652856721,0.07003129677113723,0.20473638146971695,6.2813374964035729e-05,1001.6581381260448,829.06906302241623,0.10000000000000001
874,0,1.6587535580423476,0.070046158255606478,0.20375055995799729,0.00049632686392050355,1001.7377790498549,868.88952492745375,0.10000000000000001
875,0,1.6686489546629641,0.070046258295087871,0.20325957727884578,0.00055949498900649671,1001.5200249290202,760.01246451011184,0.10000000000000001
876,0,1.6788117771548832,0.070044234116257084,0.20206203512420945,0.00084389852587891208,1001.6188327931852,809.41639659261,0.10000000000000001
877,0,1.6886779301117754,0.070034937938201078,0.20201380856756257,0.00097026990351714083,1001.4107764670947,705.38823354735314,0.10000000000000001
878,0,1.6988450238907251,0.070034044742373597,0.200423925091227,0.00094521944448229685,1001.4761965340017,738.09826700085068,0.10000000000000001
879,0,1.7087003077559171,0.070030174064761183,0.20082243824531998,0.0011460228865357454,1001.3095656498924,654.78282494620998,0.10000000000000001
880,0,1.7188713533615667,0.070052153998484606,0.19908938856089109,0.00091417126550038229,1001.304327472538,652.16373626901714,0.10000000000000001
881,0,1.7287350033360722,0.070059756398310358,0.19954506126673213,0.0012359033218754033,1001.1663443577039,583.17217885195305,0.10000000000000001
882,0,1.7389268514370657,0.07008882392605062,0.19799801914271947,0.00082824362508515236,1001.0835304575356,541.76522876781519,0.10000000000000001
883,0,1.748786609478014,0.07008894453059912,0.19833419816037326,0.0012498710268324554,1000.9835843800528,491.79219002638774,0.10000000000000001
884,0,1.7589971901986849,0.070097433920510502,0.19679379627023386,0.00064106669447776287,1000.8199754245137,409.98771225685005,0.10000000000000001
885,0,1.7688417433222752,0.070089306456767295,0.19727494223854172,0.00095352037578528279,1000.7927746713468,396.38733567340978,0.10000000000000001
886,0,1.7790775885374337,0.070098382021108768,0.19517774019004699,0.00020442234325996643,1000.6033334863379,301.66674316893705,0.10000000000000001
887,0,1.7889253281563673,0.070067622398030369,0.19657920763731457,0.00022676935512933892,1000.6652239023331,332.61195116654108,0.10000000000000001
888,0,1.7991678502976116,0.070064696425582385,0.19345638392752457,-0.0005038713961635163,1000.4501142201314,225.05711006567708,0.10000000000000001
889,0,1.8090750118315491,0.069961002827409968,0.19569305154029185,-0.0011005075928704621,1000.6895051264618,344.75256323088388,0.10000000000000001
890,0,1.8192252286201522,0.069975500356005318,0.19178254856485261,-0.0014112141025077519,1000.3028502853354,151.42514266767648,0.10000000000000001
891,0,1.8292792676460297,0.069766860076789186,0.19405549011785994,-0.0028464814448058316,1000.8763547844746,438.17739223732133,0.10000000000000001
892,0,1.8392065599852847,0.069821105148473075,0.19075269447762369,-0.0026176798117748387,1000.1720794014797,86.039700739831915,0.10000000000000001
893,0,1.8494035676084679,0.069499243359445184,0.18963688064612816,-0.0035066219649424182,1000.9063898712071,453.1949356035625,0.10000000000000001
894,0,1.8592777647775338,0.069705798163073415,0.19068547145178394,-0.0034306736327097249,1000.0577472448449,28.873622422452172,0.10000000000000001
895,0,1.868981165606123,0.06957515035135188,0.18366143513975675,-0.0022537027216413754,1000.4595671171161,229.78355855804011,0.10000000000000001
896,0,1.8796811108213376,0.069899490526131439,0.19056939354471902,-0.0014327998382018081,999.97543096791298,-12.284516043507665,0.10000000000000001
897,0,1.8883083224596477,0.070354588403154228,0.18294444464570261,0.0022596439731095643,1000.1111140922828,55.557046141416322,0.10000000000000001
898,0,1.9039200027737457,0.070260649893533603,0.19053153325744715,0.0033359151870213173,1000.1093516644767,54.675832238331168,0.10000000000000001
899,0,1.9038994083113416,0.069910254816416759,0.19059018758037705,0.0032501261874527624,1000.1088288685671,54.414434283557966,0.10000000000000001
900,0,1.9302127525780188,0.06514031007651179,0.17518777979834918,-0.0024533219784809756,999.9567342331502,-21.632883424899774,0.10000000000000001
901,0,1.930216833416964,0.064787801879258158,0.17497131972244287,-0.0025298174246251603,999.9569965562207,-21.501721889649161,0.10000000000000001
902,0,1.9412527483440001,0.067362002909782948,0.1754237831226117,-0.0017190224215468553,1000.0144924375007,7.2462187503674613,0.10000000000000001
903,0,1.9578708474296092,0.074760152671130398,0.17854464323615604,0.00064993784592837082,999.96920098258749,-15.399508706252618,0.10000000000000001
904,0,1.9573951237406781,0.071933017192345669,0.17710857001026473,5.8825377783172753e-05,999.97007419502063,-14.962902489685348,0.10000000000000001
905,0,0.1585291575523152,0.082049354493043014,0.25153812254179153,-0.0017508319159751152,999.9921874388458,-3.9062805770981868,0.10000000000000001
906,0,0.15858797441983877,0.082745614299896617,0.25185153687525785,-0.0016520664792089154,999.99249938374828,-3.7503081258591919,0.10000000000000001
907,0,0.17663366325805083,0.079856313079117378,0.24265385289768515,0.00057108782012485807,1000.0277268965925,13.863448296262959,0.10000000000000001
908,0,0.1873794777989993,0.07764098028699222,0.24951939169463244,0.0023987407406428243,1000.0226154422759,11.307721137939097,0.10000000000000001
909,0,0.1873063463418756,0.076961219123236002,0.24958867293821108,0.002103474020196827,1000.0281994126572,14.099706328579487,0.10000000000000001
910,0,0.21297614257287459,0.079947325198910318,0.22835058629152857,0.00084453709982703479,1000.3144491117455,157.22455587274453,0.10000000000000001
911,0,0.21299519494528812,0.080155310387833856,0.22848583062153166,0.0011022145912993741,1000.3138970915568,156.94854577839124,0.10000000000000001
912,0,0.22776075963842515,0.080245946894484194,0.23601973921886427,0.00064618347609951825,999.80585269713367,-97.073651433163377,0.10000000000000001
913,0,0.23679017799406324,0.080205846749731094,0.22519495025800457,0.0016519713199536898,1000.3907233747925,195.36168739625737,0.10000000000000001
914,0,0.24747181018507317,0.080202711988815581,0.23633657353934756,0.00033750135648532952,1000.0015004990084,0.75024950422175607,0.10000000000000001
915,0,0.25725591887485216,0.08007595733269017,0.22633495061470188,0.001635393199402465,1000.2117288212174,105.86441060871721,0.10000000000000001
916,0,0.26760803516399778,0.080285965552264249,0.23391090009603319,0.00068099035955388658,1000.1083619753446,54.180987672282299,0.10000000000000001
917,0,0.27752141301866812,0.080119465330757381,0.22762125999348584,-0.0004469367187813813,1000.1367736884256,68.38684421279595,0.10000000000000001
918,0,0.28786371874724559,0.08019177469104237,0.2305122524365279,7.3222400804551642e-05,1000.3998022402646,199.90112013232419,0.10000000000000001
919,0,0.29778951603028536,0.080065915093243928,0.22844045528760337,0.00036322140611193564,1000.1943563700711,97.178185035545539,0.10000000000000001
920,0,0.30810538535236626,0.080182979640143204,0.22719060526147566,0.00024680317516131788,1000.61277500133,306.38750066498233,0.10000000000000001
921,0,0.31797629332881305,0.080038815006093195,0.22880635923558709,-6.8341400805388907e-05,1000.2688952246324,134.44761231619395,0.10000000000000001
922,0,0.328302670397779,0.080152449215638258,0.22517596968786685,6.6895931760772097e-05,1000.6596507316395,329.82536581977229,0.10000000000000001
923,0,0.33811069542004218,0.080034725000316873,0.22771043876383232,5.3971329246249271e-05,1000.4626315051921,231.31575259606052,0.10000000000000001
924,0,0.34844456494993631,0.080104809220461523,0.22408265790716358,2.3268550576541696e-05,1000.6911486137866,345.57430689329749,0.10000000000000001
925,0,0.3582113702710874,0.080029497385710094,0.22583595170131712,-1.1410724888046863e-05,1000.6760819416957,338.04097084782825,0.10000000000000001
926,0,0.36854087026415344,0.080083557498675115,0.22336552490641326,-2.5453219213359228e-05,1000.7144450640552,357.22253202760612,0.10000000000000001
927,0,0.37831670044960369,0.080033478364621616,0.22390864913816322,-3.9650336597648315e-05,1000.8385545351714,419.27726758569861,0.10000000000000001
928,0,0.38860652162497961,0.080067523691245576,0.22225466568411509,-3.8000387719232224e-05,1000.7752999020802,387.64995104008904,0.10000000000000001
929,0,0.39841945283806685,0.080033163310094732,0.22250563371921375,-0.00010056444787338444,1000.9513671112181,475.68355560906639,0.10000000000000001
930,0,0.40866125065535613,0.080052036846637087,0.22092811029751613,-4.0862564110986658e-05,1000.8722017389658,436.10086948291382,0.10000000000000001
931,0,0.41851037454496687,0.080030629756414506,0.22115092625752042,-3.4584126438724426e-05,1001.0631744958358,531.58724791791201,0.10000000000000001
932,0,0.42871420781044761,0.080039421582264278,0.21993226995220955,-3.9839254609528897e-05,1000.968709799659,484.35489982949775,0.10000000000000001
933,0,0.43858663493298178,0.080026288534616269,0.21973388596051635,-1.1586102068205671e-05,1001.1750125471609,587.50627358045904,0.10000000000000001
934,0,0.44876379390898508,0.08002852244932146,0.21922771001729413,-2.7122523439327712e-05,1001.0615823173723,530.79115868615645,0.10000000000000001
935,0,0.45865342595869907,0.080020752118873786,0.21863190959817333,8.873046336034481e-06,1001.2763648359618,638.18241798088593,0.10000000000000001
936,0,0.46880496021187146,0.080021148011303861,0.21859704155369519,-1.0815348938351924e-05,1001.173824824041,586.91241202052424,0.10000000000000001
937,0,0.47871478360919384,0.080015108764696613,0.21803513114431766,5.0270487107786254e-05,1001.3732043690552,686.60218452760091,0.10000000000000001
938,0,0.48883924418178887,0.080015709884838235,0.2181889135658974,2.1302361292365763e-05,1001.3043781951631,652.18909758152677,0.10000000000000001
939,0,0.49877025092354876,0.080012686765639773,0.21785701034409585,0.0001064836226797098,1001.4770407545432,738.52037727158404,0.10000000000000001
940,0,0.50887063437192059,0.08001217804352774,0.218173944159231,7.0864905885204921e-05,1001.4427185086391,721.35925431956593,0.10000000000000001
941,0,0.51881929657472459,0.080011543111521338,0.21807087728240482,0.00015142502548930542,1001.5918207712695,795.91038563472694,0.10000000000000001
942,0,0.52890120873904778,0.080010372062654378,0.21852713932217407,0.00011983236113847164,1001.5852677822052,792.63389110258231,0.10000000000000001
943,0,0.53886200452828592,0.080010169959603666,0.21872900986087465,0.00018506603845544383,1001.7122927452955,856.14637264774274,0.10000000000000001
944,0,0.54893122831396934,0.080009953901485117,0.21917744747019738,0.00015523148591052856,1001.7274546916768,863.72734583841293,0.10000000000000001
945,0,0.55889916776987125,0.080009172535159476,0.21970594162455151,0.00020435440302415137,1001.8353292466181,917.66462330906506,0.10000000000000001
946,0,0.56896017938272947,0.080009601802081165,0.22015005437316698,0.0001738692332844256,1001.8576419791194,928.8209895597106,0.10000000000000001
947,0,0.57893238884895404,0.080009342955858542,0.22081989454970483,0.00020560825312638444,1001.9541321740184,977.06608700917741,0.10000000000000001
948,0,0.58898724672798808,0.080009214517840169,0.22132503939924048,0.00017277081712400584,1001.9706222859157,985.31114295786892,0.10000000000000001
949,0,0.59896326509520981,0.080009765467001628,0.22199660136263644,0.0001934762900480143,1002.0562362688465,1028.1181344232664,0.10000000000000001
950,0,0.60901216152025228,0.08000934991384831,0.22251141597069737,0.00015124973262581773,1002.0630861057354,1031.5430528676757,0.10000000000000001
951,0,0.61899281664922212,0.080009995220273009,0.22312443646904326,0.00016508223269181345,1002.1339435674627,1066.9717837313328,0.10000000000000001
952,0,0.62903534514936454,0.080009719129723197,0.22358395881429591,0.00012015782987170328,1002.1300111440003,1065.0055720001319,0.10000000000000001
953,0,0.6390214549061497,0.080010350620773427,0.22406649001471263,0.00012284343229480643,1002.1843710094022,1092.1855047010922,0.10000000000000001
954,0,0.64905775297967327,0.080010066138935965,0.2244460853982328,8.1034927849909084e-05,1002.1692971956826,1084.6485978412943,0.10000000000000001
955,0,0.65904942480765216,0.080010814734234298,0.22474930623650624,7.648277888153249e-05,1002.2070965958051,1103.5482979025346,0.10000000000000001
956,0,0.66908040459202867,0.080010505581725219,0.2250166564495728,3.736681375163607e-05,1002.1834035751089,1091.7017875544275,0.10000000000000001
957,0,0.67907694641087601,0.080011336865856736,0.2251601070136684,3.3067116519020249e-05,1002.2052339531663,1102.6169765831355,0.10000000000000001
958,0,0.68910404947738046,0.080011043050447414,0.22528591430486411,-1.8108225526828544e-06,1002.1769327746367,1088.4663873183626,0.10000000000000001
959,0,0.69910454601751748,0.080011852516269272,0.22531163701525783,-2.9262161353819007e-06,1002.1859909476963,1092.9954738481342,0.10000000000000001
960,0,0.70912893873166027,0.080011644526093925,0.22531894721015427,-2.8471491169388136e-05,1002.1560859420589,1078.042971029447,0.10000000000000001
961,0,0.71913272267716011,0.08001235039948458,0.22525458625801842,-2.6922038846851233e-05,1002.1579568107132,1078.9784053566223,0.10000000000000001
962,0,0.72915514912558888,0.080012307892793261,0.22520474159719611,-4.0973950803373502e-05,1002.1289935571854,1064.4967785926838,0.10000000000000001
963,0,0.73916175698172304,0.080012846582922667,0.2250898254531373,-3.4859176215516936e-05,1002.1285197574451,1064.2598787225666,0.10000000000000001
964,0,0.74918270828895661,0.080012894851855573,0.22502924788719877,-4.0460210715528321e-05,1002.1039779494772,1051.988974738606,0.10000000000000001
965,0,0.75919162543517571,0.080013299545736938,0.22491986551737181,-2.9616110914381475e-05,1002.1042013132649,1052.1006566324331,0.10000000000000001
966,0,0.76921132113468371,0.080013229724622881,0.2248800078546522,-2.9596104316182804e-05,1002.086820572424,1043.4102862120085,0.10000000000000001
967,0,0.77922202673365704,0.080013515834662791,0.22481482981055428,-1.6954309522197512e-05,1002.0899381500025,1044.9690750012337,0.10000000000000001
968,0,0.78924054950138256,0.080013383185450412,0.22481999416234369,-1.3898569694886136e-05,1002.0806580399146,1040.3290199573121,0.10000000000000001
969,0,0.79925255042340493,0.08001354235854681,0.2248128967953239,-2.2700658196088425e-06,1002.087757279906,1043.8786399529931,0.10000000000000001
970,0,0.80926999630123442,0.080013416929543099,0.22486913389365629,1.0545058322182548e-06,1002.0861174832152,1043.0587416075809,0.10000000000000001
971,0,0.81928283158014303,0.080013486459500502,0.22491600207624662,9.8089219217941463e-06,1002.0969142338656,1048.4571169328092,0.10000000000000001
972,0,0.82929938493082267,0.080013389927999168,0.22501121234566621,1.1838873464018485e-05,1002.1012888331262,1050.6444165631024,0.10000000000000001
973,0,0.8393126813107824,0.080013373343978331,0.22509316838109159,1.6676644603088538e-05,1002.1144483914597,1057.2241957298729,0.10000000000000001
974,0,0.84932841185726804,0.080013160709853551,0.2252038068837498,1.5921197774559539e-05,1002.1224709620154,1061.2354810077136,0.10000000000000001
975,0,0.85934180779501679,0.080013028519452328,0.22529361483234858,1.694635451662085e-05,1002.1360028739629,1068.001436981433,0.10000000000000001
976,0,0.86935674033775878,0.080012704406070834,0.22539336989393979,1.3122716514707373e-05,1002.1449931518791,1072.4965759395673,0.10000000000000001
977,0,0.87936998532873945,0.080012437919004101,0.22546397835517151,1.0472611387610298e-05,1002.1568658866046,1078.432943302289,0.10000000000000001
978,0,0.88938413486296719,0.080012032607915937,0.22552994411585542,4.4701738385673513e-06,1002.1644283703862,1082.2141851930951,0.10000000000000001
979,0,0.89939708544182539,0.08001164094786864,0.22556192655633867,-1.0230024882091256e-06,1002.1729458535738,1086.4729267868825,0.10000000000000001
980,0,0.90941050813013047,0.080011137619446379,0.22558024638050478,-8.5297267633929382e-06,1002.1774583243688,1088.7291621843929,0.10000000000000001
981,0,0.91942308871299994,0.080010610119643652,0.2255659175803266,-1.5517536408576669e-05,1002.1817118964084,1090.8559482041937,0.10000000000000001
982,0,0.92943584046995931,0.080010003008551447,0.22553500970155071,-2.3367735435825461e-05,1002.1824958516439,1091.2479258219605,0.10000000000000001
983,0,0.93944799060933215,0.080009346921237331,0.22547870508342785,-3.0398578475013235e-05,1002.1825801259068,1091.2900629534192,0.10000000000000001
984,0,0.94946008791055581,0.080008584416858305,0.22541067389674851,-3.6964278301850492e-05,1002.1800044464449,1090.0022232224273,0.10000000000000001
985,0,0.95947170491975631,0.080007747459757417,0.22532709102142023,-4.1998168353301616e-05,1002.1769376504576,1088.4688252288015,0.10000000000000001
986,0,0.96948308605810951,0.080006807168674629,0.22524272816778215,-4.5695281730808464e-05,1002.1723264763826,1086.1632381913182,0.10000000000000001
987,0,0.97949401782326262,0.080005763196321564,0.22515387669899342,-4.6800107986886413e-05,1002.1677843454952,1083.8921727475963,0.10000000000000001
988,0,0.98950455918652969,0.080004620916249006,0.22507559944298627,-4.6764800710575062e-05,1002.1631116370613,1081.55581853066,0.10000000000000001
989,0,0.99951459091590789,0.080003413711891153,0.22500265441717524,-4.3425250400008791e-05,1002.1591666859177,1079.5833429588697,0.10000000000000001
990,0,1.0095241891558679,0.080002197677659148,0.22494775028764552,-3.9425898367917352e-05,1002.1565728415965,1078.2864207982357,0.10000000000000001
991,0,1.0195332378314781,0.080001050614343927,0.22490413608235713,-3.2457039449649884e-05,1002.1553964662902,1077.6982331450995,0.10000000000000001
992,0,1.0295419182548899,0.079999892074517007,0.22487862261254196,-2.5451042284017471e-05,1002.1567394552736,1078.3697276368116,0.10000000000000001
993,0,1.0395499740818648,0.079998771769928742,0.22486479175713681,-1.7784823938202487e-05,1002.1602273055289,1080.113652764453,0.10000000000000001
994,0,1.0495576197510992,0.079997518673131984,0.22486068205031745,-1.0672059627381427e-05,1002.1667892918223,1083.3946459111417,0.10000000000000001
995,0,1.0595645040036985,0.079996217019393343,0.22486450254620849,-6.7566977218488919e-06,1002.17616332302,1088.0816615099889,0.10000000000000001
996,0,1.0695707611971552,0.079994778760292901,0.22486181008539671,-3.3522196919850708e-06,1002.1882972399274,1094.1486199636756,0.10000000000000001
997,0,1.0795762075677049,0.07999325794952257,0.22486300118015978,-6.6526249812973174e-06,1002.2038388730407,1101.9194365203475,0.10000000000000001
998,0,1.0895806960499304,0.07999172703813337,0.22484128240649129,-9.9181215016246952e-06,1002.2209787161303,1110.4893580651378,0.10000000000000001
999,0,1.0995845358989651,0.079990137707221201,0.22481631794630524,-2.0488509871096161e-05,1002.2417023963252,1120.8511981625975,0.10000000000000001
1000,0,1.1095871240110275,0.079988782203511383,0.22476335730710473,-3.12021688824508e-05,1002.2625875966501,1131.2937983250322,0.10000000000000001
1001,0,1.1195893895298674,0.079987370935582086,0.22469615639852669,-4.5475605267595166e-05,1002.2862800034399,1143.140001719928,0.10000000000000001
1002,0,1.1295903001065519,0.079986293129365379,0.22460995648485532,-6.2168929374513049e-05,1002.3091762368955,1154.588118447748,0.10000000000000001
1003,0,1.1395910499405129,0.079985082498460092,0.22449651249555802,-7.6188749742281587e-05,1002.332790127065,1166.3950635324909,0.10000000000000001
1004,0,1.1495906432796994,0.079984103111054514,0.22438380970285907,-9.6262604328245291e-05,1002.3557526763882,1177.8763381940962,0.10000000000000001
1005,0,1.1595897904554922,0.079983130045158002,0.22423321947928584,-0.00010667601392671124,1002.3762257809713,1188.1128904856268,0.10000000000000001
1006,0,1.1695884508349013,0.079982177756772216,0.22410200560042404,-0.00012503702587870268,1002.3971359857678,1198.567992883909,0.10000000000000001
1007,0,1.1795860056618017,0.079981562960531757,0.22393331912328826,-0.00013145807622398623,1002.4124182923423,1206.2091461711475,0.10000000000000001
1008,0,1.1895840652795358,0.079980649113237864,0.2237865020870311,-0.00014272550890988498,1002.4291275203819,1214.5637601909698,0.10000000000000001
1009,0,1.1995803680844914,0.079980436817860642,0.22362142910316912,-0.00014656786206083801,1002.4389805680593,1219.4902840296322,0.10000000000000001
1010,0,1.2095779028907754,0.079979741178715383,0.22345085452760252,-0.00014703006370101509,1002.4493624032951,1224.6812016475701,0.10000000000000001
1011,0,1.219573802037641,0.079979893249938802,0.22330473957529121,-0.00015185743746808493,1002.4555809376993,1227.7904688496619,0.10000000000000001
1012,0,1.2295705890612563,0.079979658635091225,0.22309938830417417,-0.00014169718543963425,1002.4581862808446,1229.0931404223215,0.10000000000000001
1013,0,1.2395673002367396,0.079979966808243846,0.2229647957871726,-0.00014878707352981079,1002.4633104533517,1231.6552266758549,0.10000000000000001
1014,0,1.249562969295879,0.079980421769924939,0.22272126638473042,-0.00013345065693231859,1002.458440779254,1229.2203896270166,0.10000000000000001
1015,0,1.2595615954875106,0.079980652383237386,0.2225711941398637,-0.00014235177618914977,1002.4645535494395,1232.2767747197645,0.10000000000000001
1016,0,1.2695559795584723,0.079981847259202002,0.222294150728366,-0.00013261102990891146,1002.4547392329661,1227.3696164830312,0.10000000000000001
1017,0,1.2795569066901815,0.079981918119157294,0.22208698222933276,-0.00014210167913497303,1002.4625098519049,1231.2549259524417,0.10000000000000001
1018,0,1.2895505178154558,0.079983624807611661,0.22178997848276463,-0.00014938545460558894,1002.4527066544646,1226.3533272322888,0.10000000000000001
1019,0,1.2995531187553035,0.079983700203120706,0.221486983469283,-0.00015824753812037948,1002.461544673306,1230.7723366529899,0.10000000000000001
1020,0,1.3095472476385606,0.079985361588224654,0.22117663209706245,-0.00018506597410965667,1002.4573618857626,1228.680942881283,0.10000000000000001
1021,0,1.3195501130547598,0.079985942570116472,0.22076085833386616,-0.00018842635195418143,1002.466087188704,1233.0435943520115,0.10000000000000001
1022,0,1.329546311611651,0.079986848666118188,0.22042802815144047,-0.00022379587129717937,1002.470905458236,1235.4527291179807,0.10000000000000001
1023,0,1.3395481144761376,0.079988332641788493,0.21992030688612776,-0.0002192245904505572,1002.4790356612368,1239.5178306184107,0.10000000000000001
1024,0,1.3495469595939986,0.079988156035472227,0.21953514123335671,-0.00024668896167314466,1002.4912743130531,1245.6371565265272,0.10000000000000001
1025,0,1.3595475044081342,0.079990638024546021,0.2189982036266965,-0.00024662989966264408,1002.5009615238616,1250.4807619308167,0.10000000000000001
1026,0,1.3695478004129584,0.079989709412308235,0.21852721466639338,-0.00025722114299965381,1002.5150994305093,1257.5497152546404,0.10000000000000001
1027,0,1.3795487747981696,0.079992575834070309,0.21803951583242259,-0.00027670528486516355,1002.5316863693309,1265.8431846654707,0.10000000000000001
1028,0,1.389547593662233,0.079991449762603556,0.21747383005221241,-0.0002685037150331609,1002.5416615452116,1270.830772605791,0.10000000000000001
1029,0,1.399552297733383,0.079993680211729562,0.2170880962066693,-0.00030467598467075901,1002.5709018962175,1285.4509481087462,0.10000000000000001
1030,0,1.4095458335656041,0.079992893692008779,0.21645057929849082,-0.00026116081891202155,1002.5707545860138,1285.3772930068885,0.10000000000000001
1031,0,1.4195578765400643,0.0799935528127559,0.21617132368420408,-0.00028676905612182429,1002.6135519154287,1306.7759577143647,0.10000000000000001
1032,0,1.429542970953116,0.079993807044729207,0.21553097212358371,-0.00021140536994754497,1002.5974614297004,1298.7307148501941,0.10000000000000001
1033,0,1.4395644056819659,0.079993233456806895,0.2153089176129572,-0.00021404742541464538,1002.6457876981772,1322.8938490885866,0.10000000000000001
1034,0,1.4495401689071081,0.079995214318957245,0.2147588764932318,-0.00014615987225516142,1002.6099549903436,1304.9774951717836,0.10000000000000001
1035,0,1.4595707682086119,0.079994537783337497,0.21454809851733897,-0.00015376805392190463,1002.6535512057386,1326.7756028693043,0.10000000000000001
1036,0,1.4695394048527122,0.079997917835986102,0.21419131040674444,-0.00014439452838271451,1002.6017117897402,1300.8558948700966,0.10000000000000001
1037,0,1.4795765668325405,0.079997230678328687,0.21392823624126625,-0.00018634345928165177,1002.633067091083,1316.5335455415175,0.10000000000000001
1038,0,1.489542715443116,0.07999960690089393,0.21384524177308925,-0.0002215268522308737,1002.5773346332766,1288.667316638282,0.10000000000000001
1039,0,1.4995814194121164,0.079998542357510777,0.21347224454758892,-0.00024919057087515703,1002.5907155731992,1295.3577865995953,0.10000000000000001
1040,0,1.5095498637326503,0.079997684694427099,0.21360845909065582,-0.00027092048359548951,1002.5387166350033,1269.3583175016556,0.10000000000000001
1041,0,1.5195854247986111,0.079997569739635871,0.21316163905054727,-0.00024202949427835237,1002.5304248631593,1265.2124315796414,0.10000000000000001
1042,0,1.5295587268564754,0.079995027190774642,0.21331526703278783,-0.00020033086719300396,1002.4741609453162,1237.0804726580786,0.10000000000000001
1043,0,1.5395909070539411,0.079998657307415719,0.21287004754445862,-0.0001778871151706609,1002.4442736976081,1222.1368488040412,0.10000000000000001
1044,0,1.5495690435432763,0.079997523106218923,0.21289093078657731,-0.00013559163154288587,1002.3721993970888,1186.0996985444103,0.10000000000000001
1045,0,1.5596037496294839,0.080005763713628664,0.21248461383327108,-0.00018938513412425692,1002.3301474123568,1165.0737061784184,0.10000000000000001
1046,0,1.5695821981137286,0.080003986159062346,0.21227916237128167,-0.00020333657449235696,1002.2389533229833,1119.4766614916603,0.10000000000000001
1047,0,1.5796288814476755,0.080012308082754016,0.21198955651168699,-0.00031934170785768718,1002.2114501268311,1105.725063415548,0.10000000000000001
1048,0,1.5895958096755847,0.080005659553441438,0.21143564009240634,-0.00033024063143960978,1002.0973459026358,1048.672951317883,0.10000000000000001
1049,0,1.599663331330663,0.080009405794587082,0.2112708452995197,-0.00037697368302975993,1002.1070922607672,1053.5461303836087,0.10000000000000001
1050,0,1.6096057231086884,0.080001802018268509,0.21039721248763635,-0.00029351929279180838,1001.9647489799182,982.37448995911336,0.10000000000000001
1051,0,1.6197003873026299,0.080003943422743529,0.21008297326634418,-0.00021863762579056356,1002.000831763884,1000.4158819419899,0.10000000000000001
1052,0,1.629616846248646,0.08000613896348352,0.20922194635186669,-7.4535967309406732e-05,1001.8407714919823,920.38574599115464,0.10000000000000001
1053,0,1.6397407947829832,0.080009689124699065,0.20861040119679986,-7.321004332604292e-05,1001.877689959617,938.84497980849346,0.10000000000000001
1054,0,1.6496435765733402,0.080024424747802192,0.20773224083019581,3.0253023358377031e-06,1001.7060920657066,853.0460328532854,0.10000000000000001
1055,0,1.6597894961408395,0.080022649293184006,0.20710592999555266,-0.00012582522899423911,1001.7454353193042,872.71765965209624,0.10000000000000001
1056,0,1.6696885011082774,0.080036261642366713,0.20617662695927605,-0.00014197646472014137,1001.5672305177092,783.6152588545815,0.10000000000000001
1057,0,1.6798422173666827,0.08002451791456093,0.2054901583795814,-0.00028647886167226729,1001.6100520416558,805.02602082788144,0.10000000000000001
1058,0,1.689734327014488,0.080033409505583242,0.204904762081697,-0.00026272386724406451,1001.4318855174113,715.94275870563706,0.10000000000000001
1059,0,1.6998957296740869,0.08001976429728995,0.20375434422954902,-0.00037982298722231527,1001.4674940030665,733.74700153323147,0.10000000000000001
1060,0,1.7097721024686861,0.080038028566139147,0.20381109896664273,-0.00035055752490897814,1001.3021242135982,651.06210679908827,0.10000000000000001
1061,0,1.7199590589965725,0.080022434348432273,0.20218193627273415,-0.00047580096332364179,1001.3301770226913,665.08851134562974,0.10000000000000001
1062,0,1.7298201192591351,0.080059108670150508,0.20265583616436592,-0.00048960190357141603,1001.2008904890124,600.44524450620429,0.10000000000000001
1063,0,1.740038981323843,0.08002496850501277,0.20094370215164323,-0.00050502897912162832,1001.2280926741086,614.04633705427614,0.10000000000000001
1064,0,1.7498920252655483,0.080069923965210302,0.20141819042572789,-0.00045865903798837242,1001.135573623294,567.78681164701084,0.10000000000000001
1065,0,1.7601225475103499,0.08000752569383239,0.19967727443499272,-0.00043851037970803094,1001.1473011273475,573.6505636737661,0.10000000000000001
1066,0,1.7699843190051086,0.080065359830127539,0.20054218076878091,-0.00014712550788983832,1001.0917441262673,545.87206313362913,0.10000000000000001
1067,0,1.780192360590817,0.079991930214403748,0.19784684061918117,-2.426021550827501e-06,1000.9746232443866,487.31162219331736,0.10000000000000001
1068,0,1.790107066358223,0.080066670470309659,0.20007380843327474,1.7505038767825243e-06,1001.0659419899894,532.97099499468459,0.10000000000000001
1069,0,1.8002446687063165,0.079969554473190971,0.19574296928665011,0.00016527330675973335,1000.6437876880062,321.89384400311383,0.10000000000000001
1070,0,1.8102530855938781,0.080009199084899299,0.19924228363683896,-0.00048306680205941632,1001.0295006368054,514.75031840271868,0.10000000000000001
1071,0,1.8202678290313337,0.07994063518118566,0.19381274735452328,-0.0004938581438655974,1000.22422451334,112.11225667000235,0.10000000000000001
1072,0,1.8303382556989316,0.079885795989605657,0.19619750370702038,-0.0019253636614335085,1000.8467594628264,423.37973141320617,0.10000000000000001
1073,0,1.8402747772945662,0.079851487344829622,0.1928271200130019,-0.0026917601065038562,999.93955041805452,-30.224790972738447,0.10000000000000001
1074,0,1.850241116711808,0.079754048233812783,0.19070386918305804,-0.0033150331213646525,1000.5244995339229,262.24976696147451,0.10000000000000001
1075,0,1.8601885689894917,0.079669831960355014,0.19182749922839337,-0.0036647373406631179,1000.0274138581453,13.706929072668572,0.10000000000000001
1076,0,1.8700072286432039,0.07984818585331048,0.18447981800292501,-0.002401135451309596,1000.3795279259491,189.76396297455267,0.10000000000000001
1077,0,1.880504991136738,0.079825020709436659,0.19188044513505909,-0.0015629470899676853,1000.3550680204819,177.53401024094728,0.10000000000000001
1078,0,1.8894631966790709,0.079957232802932557,0.18317407201755931,0.00032628254439883423,1000.0520861980236,26.043099011815229,0.10000000000000001
1079,0,1.9041559172933473,0.080293908662612018,0.18893878712675635,0.0030026241905972478,1000.1096973317296,54.848665864824397,0.10000000000000001
1080,0,1.904152392774362,0.080097612422710102,0.18895631343093328,0.0029840396903127739,1000.1100051568158,55.00257840787981,0.10000000000000001
1081,0,1.9299850909450362,0.075883032469746578,0.18052644075174973,-0.0026994906300464696,999.94481284502137,-27.593577489312793,0.10000000000000001
1082,0,1.9299702472282039,0.076504845791510137,0.18081236946366347,-0.00272557113517419,999.94439289637887,-27.803551810563931,0.10000000000000001
1083,0,1.9401099023120072,0.079347459296118472,0.18280363407827324,-0.0006761810527622801,1000.1489446010753,74.472300537649971,0.10000000000000001
1084,0,1.9590058806075636,0.082845680647115505,0.18228496376455314,0.00016230650819525679,1000.0000522766558,0.026138327882563317,0.10000000000000001
1085,0,1.9589764095589151,0.082175433561275116,0.18209259404077371,0.00026678164500839322,999.99815099154011,-0.92450422994261316,0.10000000000000001
1086,0,0.15982452793075824,0.090851153131536591,0.25558011036324801,-0.0029596584066468581,999.97195956324151,-14.020218379243943,0.10000000000000001
1087,0,0.15975104170887719,0.090490864541659943,0.25535866162808468,-0.0029087769062091672,999.97806907563222,-10.96546218388994,0.10000000000000001
1088,0,0.17804405117219971,0.087160839732994308,0.24180820558670571,1.1188303853943072e-05,1000.1081723323292,54.08616616460904,0.10000000000000001
1089,0,0.18794132614576611,0.088356554093924788,0.24993837229831539,0.00031690269636678892,1000.0034246832118,1.7123416059234842,0.10000000000000001
1090,0,0.18794125318614871,0.088450743913372723,0.2499557905765489,0.00033974836915624335,1000.0036289041335,1.814452066753347,0.10000000000000001
1091,0,0.21350154811881364,0.090039823676603847,0.23074599592457345,0.0011434416018123216,1000.3011226537719,150.56132688596335,0.10000000000000001
1092,0,0.21350399455168392,0.090134320294608758,0.23075263369028773,0.0012501683350843603,1000.3012256379481,150.61281897402523,0.10000000000000001
1093,0,0.22852253165411168,0.090076517028644859,0.23773928402419711,0.00073285484932484712,999.71288002267147,-143.55998866426489,0.10000000000000001
1094,0,0.23738052367169377,0.090076158645804677,0.22797005278386201,0.0012544370193915062,1000.5998801676354,299.94008381771664,0.10000000000000001
1095,0,0.24806146518517827,0.090103289518152579,0.23924003638248234,0.00012539087606585047,999.85651276575788,-71.743617121057923,0.10000000000000001
1096,0,0.25790862323426661,0.090129174895776473,0.22943625575482496,-0.00040326155886455628,1000.3272908565647,163.64542828233652,0.10000000000000001
1097,0,0.26818154245121006,0.090024804539113601,0.23603070345512042,-0.00070409944581648228,1000.2506398896722,125.31994483612152,0.10000000000000001
1098,0,0.27814714186593503,0.090044385379499159,0.23019746811645614,0.00037961245723685513,1000.3757231052456,187.86155262279181,0.10000000000000001
1099,0,0.28833992165169275,0.090105293842060799,0.23324875011444118,-0.00011809658860653077,1000.3601276371934,180.06381859669318,0.10000000000000001
1100,0,0.29835408103914796,0.090023265454317297,0.23098647700820912,-0.00031928616614778298,1000.2222044745052,111.10223725262358,0.10000000000000001
1101,0,0.30850463928985961,0.090072143594905479,0.23035950081508058,0.00010898818621050048,1000.5451728504406,272.58642522031096,0.10000000000000001
1102,0,0.31851636331905958,0.090023233292537572,0.23116868312545469,0.0001993554959125316,1000.3168294741811,158.41473709053844,0.10000000000000001
1103,0,0.32867809200704584,0.090061204102665326,0.22847715228763996,7.525008353308503e-05,1000.6601331230337,330.0665615168441,0.10000000000000001
1104,0,0.33863376182699662,0.090020944686874174,0.23036348214606125,6.9346089088972795e-05,1000.4471624944747,223.58124723734818,0.10000000000000001
1105,0,0.34882977701135542,0.090060946853475279,0.22721512565227062,3.2454058471820225e-05,1000.7073227336545,353.66136682722527,0.10000000000000001
1106,0,0.35873848764045657,0.090007094479250052,0.22875952370519825,4.3909070799162122e-05,1000.6182287143607,309.11435718036273,0.10000000000000001
1107,0,0.36894800101265868,0.090058509339317666,0.22625622896012629,-3.5041213446477031e-05,1000.7516125726879,375.80628634395907,0.10000000000000001
1108,0,0.37884013536753824,0.090009030576535684,0.22704544285972925,-3.9809605857241679e-05,1000.7895463640705,394.77318203523737,0.10000000000000001
1109,0,0.38905041760727244,0.090043143224582331,0.22503540258086921,2.9682258930200457e-05,1000.8281097070196,414.05485350981053,0.10000000000000001
1110,0,0.39893435389090626,0.090012295248176305,0.22559323554866592,-3.7871931055820078e-05,1000.9324919233796,466.2459616898218,0.10000000000000001
1111,0,0.40913739535182486,0.090032046459876974,0.2237667424079044,3.130024847237e-05,1000.9019582031329,450.97910156647458,0.10000000000000001
1112,0,0.41902145333688073,0.090015912657462741,0.22419213367885055,-4.0853770537876001e-05,1001.0461792560333,523.08962801663483,0.10000000000000001
1113,0,0.42921227898394221,0.090023777178782918,0.22279813287288625,2.8082670381054305e-05,1000.9769494231183,488.47471155914945,0.10000000000000001
1114,0,0.43910370252079711,0.090014483204090182,0.22275169393525665,-1.0036499176298604e-05,1001.1602517736615,580.12588683072863,0.10000000000000001
1115,0,0.44927361030175084,0.090017142536272993,0.2221260453554553,2.7359456826736013e-05,1001.0668950382573,533.44751912862876,0.10000000000000001
1116,0,0.45917792494924903,0.090010986835679443,0.22160237684327938,2.6752461852290096e-05,1001.2699340266039,634.96701330194583,0.10000000000000001
1117,0,0.46932344148130151,0.090013021281103112,0.22153768767409338,3.8275753472259413e-05,1001.1794669872439,589.73349362196359,0.10000000000000001
1118,0,0.47924269747651083,0.090007762451764325,0.22097673806174514,6.7782586177550695e-05,1001.3704929682559,685.24648412795841,0.10000000000000001
1119,0,0.48936554527348847,0.090010085806696269,0.22113631454900559,6.8941915406484463e-05,1001.3075082959708,653.75414798540987,0.10000000000000001
1120,0,0.49929951570561304,0.090006935977348129,0.22078613238672828,9.6234358895556259e-05,1001.475812464904,737.90623245201914,0.10000000000000001
1121,0,0.50940334276202526,0.090007602650226226,0.22111534755213885,0.00010300328309032034,1001.4427805491595,721.3902745797327,0.10000000000000001
1122,0,0.51935002162841892,0.090006803368691518,0.22098622640064625,0.00013414218674411409,1001.591874577101,795.9372885504763,0.10000000000000001
1123,0,0.52943800305665212,0.09000611960153275,0.22145617377085228,0.00013769215359488697,1001.5828149382864,791.40746914322335,0.10000000000000001
1124,0,0.53939509836125099,0.090006660551623555,0.2216228764691632,0.00016293952383107202,1001.712349569402,856.17478470101105,0.10000000000000001
1125,0,0.54947029712085371,0.090005356927073774,0.22209046819511061,0.00016757732085854172,1001.7229084070151,861.45420350754875,0.10000000000000001
1126,0,0.55943524579481629,0.090006584175824855,0.22257930146917987,0.00018554065590120847,1001.8335325630383,916.76628151913064,0.10000000000000001
1127,0,0.56950079290552269,0.090005128751571267,0.2230327388374973,0.00018381883198815909,1001.852332066702,926.16603335102354,0.10000000000000001
1128,0,0.57947167339007988,0.090006282624695608,0.22366834943630257,0.0001953585889707431,1001.9503402437698,975.17012188490071,0.10000000000000001
1129,0,0.58952928563045559,0.090005555638006787,0.22418078902694374,0.00018871328819241272,1001.9646458464592,982.32292322961712,0.10000000000000001
1130,0,0.5995057134610694,0.090005815964837324,0.2248096235105565,0.00019504563686870621,1002.0511049614161,1025.5524807080292,0.10000000000000001
1131,0,0.60955595412348929,0.090006085159640495,0.22533158424312985,0.00017878951521203861,1002.0566606915855,1028.3303457927673,0.10000000000000001
1132,0,0.61953789821222782,0.09000574260992053,0.22590990385694201,0.00018271195938173818,1002.1273258654198,1063.6629327099172,0.10000000000000001
1133,0,0.62958161760770348,0.090006276689661227,0.22635889660544523,0.00015958070912175937,1002.1229641630036,1061.482081501822,0.10000000000000001
1134,0,0.6395687170201404,0.090006113224256584,0.2268217589983304,0.00015790724535427771,1002.1768393547025,1088.4196773512258,0.10000000000000001
1135,0,0.64960694203977609,0.09000625555531519,0.22718299716627724,0.00013390848975067344,1002.1610827948884,1080.5413974442217,0.10000000000000001
1136,0,0.65959883817404896,0.090006570938688468,0.227465701817334,0.00012742537648349447,1002.1992781928572,1099.6390964285752,0.10000000000000001
1137,0,0.66963247282004368,0.090006425428277442,0.22772316000529502,0.00010548249549945403,1002.1740272115281,1087.0136057640707,0.10000000000000001
1138,0,0.67962894094327475,0.090006915233623169,0.22784026885858738,9.9082805346383993e-05,1002.1971931294162,1098.5965647080889,0.10000000000000001
1139,0,0.6896587602541453,0.090006740072019017,0.22796043484472564,7.997542536608241e-05,1002.1670199657929,1083.5099828964303,0.10000000000000001
1140,0,0.69965943576495548,0.090007243512024895,0.22796425945050094,7.6450208736312308e-05,1002.177565936716,1088.7829683579753,0.10000000000000001
1141,0,0.70968628032728476,0.090007070944524134,0.22796230267871706,6.2988809267313332e-05,1002.1461427370502,1073.0713685251203,0.10000000000000001
1142,0,0.71969061700286174,0.090007569458408557,0.22788283077962912,6.365477359388479e-05,1002.149225338465,1074.612669232522,0.10000000000000001
1143,0,0.7297152395158949,0.090007442130955559,0.22782303660316328,5.7598937921620862e-05,1002.1191982803105,1059.5991401552283,0.10000000000000001
1144,0,0.73972269642154387,0.090007834441067885,0.22769312195888469,6.2334501702221451e-05,1002.1197362219218,1059.8681109609061,0.10000000000000001
1145,0,0.74974558040747785,0.090007812847662946,0.22762543388425169,6.2647039760741844e-05,1002.0944120338803,1047.2060169401516,0.10000000000000001
1146,0,0.75975563560914627,0.090008055762285322,0.22750035412471242,7.1752441708838925e-05,1002.0954304734134,1047.715236706722,0.10000000000000001
1147,0,0.76977710063911464,0.090008044655349062,0.22745308401370387,7.6209703392126786e-05,1002.0775415646211,1038.7707823105643,0.10000000000000001
1148,0,0.77978909557709186,0.090008154278256897,0.22737317141126162,8.7655822125892225e-05,1002.0812238498939,1040.6119249469725,0.10000000000000001
1149,0,0.78980934343633291,0.090008140192619254,0.22736899470145211,9.4819157678374008e-05,1002.0715761259571,1035.7880629785541,0.10000000000000001
1150,0,0.7998226866467224,0.090008179170661465,0.2273473090344395,0.00010608470376433508,1002.0791052187922,1039.5526093960825,0.10000000000000001
1151,0,0.80984187009396058,0.090008141481753901,0.22739280831656408,0.00011356032252261611,1002.0771193289921,1038.5596644960629,0.10000000000000001
1152,0,0.81985607111082959,0.090008165594977652,0.22742472054152107,0.00012288855874431065,1002.0882263268486,1044.1131634242993,0.10000000000000001
1153,0,0.82987430666944018,0.090008092183407301,0.22750773238945882,0.00012834462471071005,1002.092259692037,1046.1298460185162,0.10000000000000001
1154,0,0.83988898230889342,0.0900081000649256,0.22757395018925108,0.00013401789351972143,1002.1056297802032,1052.8148901016152,0.10000000000000001
1155,0,0.84990636193987312,0.090007966594044794,0.22767204476957262,0.00013602956002715979,1002.1132858758931,1056.642937946549,0.10000000000000001
1156,0,0.85992117210386165,0.090007891024956516,0.22774575111903503,0.00013769725102647933,1002.1269617581137,1063.48087905684,0.10000000000000001
1157,0,0.86993768479515454,0.090007731716755426,0.22783204786824821,0.00013599701821505016,1002.1356268192262,1067.8134096131089,0.10000000000000001
1158,0,0.87995236123624743,0.090007580179247842,0.22788755571014474,0.00013394581923634381,1002.1475536976764,1073.7768488381789,0.10000000000000001
1159,0,0.88996802255291008,0.09000738313546959,0.2279400146492763,0.00012978160678170521,1002.1548299829021,1077.4149914510645,0.10000000000000001
1160,0,0.89998239300091643,0.090007174700614728,0.22795760546686031,0.00012543519968115382,1002.1633578538233,1081.6789269116498,0.10000000000000001
1161,0,0.90999724750046673,0.090006901411024284,0.22796355458477771,0.00012021802981014336,1002.167622964962,1083.8114824809963,0.10000000000000001
1162,0,0.92001119022771849,0.090006628502204089,0.22793580070571792,0.0001156705113949753,1002.1718183086688,1085.9091543343879,0.10000000000000001
1163,0,0.93002529602266926,0.090006298408203997,0.22789382338705483,0.00011147711001010202,1002.1724631167009,1086.2315583504483,0.10000000000000001
1164,0,0.94003870929057753,0.090005955104143817,0.22782559760188306,0.00010872998293941295,1002.172435160168,1086.2175800839964,0.10000000000000001
1165,0,0.95005205039262519,0.09000557524545498,0.22774814531587897,0.00010729095915280004,1002.1698263344266,1084.9131672133012,0.10000000000000001
1166,0,0.96006478424163122,0.090005147324669535,0.22765405718763598,0.00010747361154839399,1002.1666220289108,1083.3110144553757,0.10000000000000001
1167,0,0.97007726842259379,0.090004676400868081,0.22756185722177175,0.00010892871687346234,1002.1620523874633,1081.0261937316454,0.10000000000000001
1168,0,0.98008915093217053,0.090004141699443374,0.22746417884753165,0.00011222526683986096,1002.1574187832523,1078.7093916261483,0.10000000000000001
1169,0,0.99010065666563729,0.090003549032655422,0.22737806174602895,0.00011587984517429011,1002.1528063491234,1076.4031745616762,0.10000000000000001
1170,0,1.0001115202578326,0.090002923849576422,0.227298438024824,0.00012141905060507437,1002.1489237161599,1074.4618580799283,0.10000000000000001
1171,0,1.0101219243575406,0.090002277287220933,0.22723388280627282,0.00012659001935947037,1002.1463210438477,1073.1605219238531,0.10000000000000001
1172,0,1.0201316781421088,0.090001682300808253,0.22718486450278583,0.00013307600006317574,1002.14551274595,1072.7563729749932,0.10000000000000001
1173,0,1.030140894648643,0.090001076214461045,0.22714755000293596,0.00013892949863460175,1002.1467170565612,1073.3585282806075,0.10000000000000001
1174,0,1.0401494819854331,0.090000508497648277,0.22712755507258553,0.000144248046825661,1002.1508402306835,1075.4201153417284,0.10000000000000001
1175,0,1.0501573398038075,0.089999860417390457,0.22711128772534864,0.00014898950704089588,1002.1572227079084,1078.6113539542157,0.10000000000000001
1176,0,1.0601645647971014,0.089999182056160865,0.22710524873169735,0.00015071049223645475,1002.167239759242,1083.6198796209828,0.10000000000000001
1177,0,1.0701708015301266,0.089998419671277557,0.22709314518035273,0.00015280333042455666,1002.1794480688779,1089.7240344389729,0.10000000000000001
1178,0,1.0801763790790779,0.089997591593335549,0.22707870705971381,0.00015028620309441592,1002.1952470209372,1097.6235104686225,0.10000000000000001
1179,0,1.0901807850754475,0.089996785704916843,0.22705259048540397,0.00014906247219643103,1002.2130568099534,1106.5284049767001,0.10000000000000001
1180,0,1.1001844334722031,0.089995912523996149,0.22700703032434619,0.00014365455662323934,1002.2332766542455,1116.6383271227573,0.10000000000000001
1181,0,1.1101869686642918,0.08999522709786599,0.22695345499337796,0.00013869001844382453,1002.2554957335093,1127.7478667546461,0.10000000000000001
1182,0,1.1201885798981528,0.089994454688884035,0.22686662196776403,0.00013272989416129841,1002.2780133663352,1139.0066831676222,0.10000000000000001
1183,0,1.1301894336428646,0.089993908017080473,0.22677746091427206,0.00012418870765960004,1002.3024279374192,1151.2139687096123,0.10000000000000001
1184,0,1.1401891274882801,0.089993252156124789,0.22665392483153216,0.00011926693373578188,1002.3248892643527,1162.4446321763457,0.10000000000000001
1185,0,1.15018851226412,0.089992711130408423,0.22652858432310863,0.00010838378142050966,1002.3486043726691,1174.3021863345575,0.10000000000000001
1186,0,1.1601865682964558,0.089992213065591103,0.22638456976982668,0.00010569092118004125,1002.3691302891646,1184.5651445822796,0.10000000000000001
1187,0,1.1701845755797295,0.089991625168182529,0.22622701368419329,9.6140364677892563e-05,1002.388985830503,1194.4929152514874,0.10000000000000001
1188,0,1.1801814635952625,0.089991371641789553,0.22607926271688064,9.4829380770913209e-05,1002.4063805028455,1203.1902514227681,0.10000000000000001
1189,0,1.1901780974493257,0.089990768324735557,0.22589954022271569,9.0379332328643577e-05,1002.4199839440008,1209.9919720004095,0.10000000000000001
1190,0,1.2001744169036832,0.08999077515162171,0.2257561681774983,8.8970747184840892e-05,1002.433669044352,1216.8345221759864,0.10000000000000001
1191,0,1.2101697371769,0.089990294899523871,0.22556106781104104,9.1757784120619545e-05,1002.4399309095437,1219.9654547718524,0.10000000000000001
1192,0,1.220166133785852,0.089990443101953629,0.22541745489582149,8.7671454964366184e-05,1002.449909354421,1224.9546772105191,0.10000000000000001
1193,0,1.2301604743319317,0.089990312695407276,0.22521353159100976,9.6098820433315131e-05,1002.4497708611523,1224.885430576137,0.10000000000000001
1194,0,1.2401574492248029,0.089990370664038241,0.22504774525493648,8.9116891284331121e-05,1002.4561240143678,1228.0620071838939,0.10000000000000001
1195,0,1.2501514173380175,0.089990777920350248,0.22483649296091593,9.8323009128684923e-05,1002.4524769495346,1226.2384747672854,0.10000000000000001
1196,0,1.260149113156549,0.08999059944067811,0.22462483666801081,9.0064693181212229e-05,1002.45572833337,1227.8641666849808,0.10000000000000001
1197,0,1.2701434730616681,0.089991526422323581,0.22439564529328807,9.4145163041290986e-05,1002.4521440431433,1226.0720215716674,0.10000000000000001
1198,0,1.2801417557932442,0.089991160787635124,0.22412327878043189,8.866684985731673e-05,1002.4535200339208,1226.7600169603838,0.10000000000000001
1199,0,1.2901371217200626,0.089992338457899543,0.22385592209657301,8.4166685929135723e-05,1002.452563216858,1226.2816084290193,0.10000000000000001
1200,0,1.3001358947085406,0.089992114611125898,0.22352371467564267,8.3484899363771365e-05,1002.454115318973,1227.0576594864906,0.10000000000000001
1201,0,1.3101324338177043,0.089993101416209226,0.22319050696487991,6.8651241358523273e-05,1002.4560538840111,1228.0269420055561,0.10000000000000001
1202,0,1.3201320691933394,0.089993507850235827,0.22281365979803316,6.9736262328524406e-05,1002.4611674228947,1230.5837114473661,0.10000000000000001
1203,0,1.330129207689601,0.08999378385856556,0.22239112986450005,4.7840599328110804e-05,1002.4644829812004,1232.2414906001882,0.10000000000000001
1204,0,1.3401306030660631,0.089995038619603895,0.22198811061688586,4.5296307041768273e-05,1002.4779403459432,1238.9701729716194,0.10000000000000001
1205,0,1.3501269666567042,0.0899943307826815,0.22146837992406834,2.6573421533030379e-05,1002.4805540128423,1240.2770064211381,0.10000000000000001
1206,0,1.3601313909030228,0.08999623656230829,0.22105838446724441,2.4175522189948344e-05,1002.5068066365383,1253.403318269136,0.10000000000000001
1207,0,1.3701252350542839,0.089994781846110206,0.22046429529263953,2.4369056341198674e-05,1002.5062492932769,1253.1246466384687,0.10000000000000001
1208,0,1.3801338754555199,0.08999685724906295,0.22006041684795713,2.8282593228446084e-05,1002.5451387394645,1272.5693697322527,0.10000000000000001
1209,0,1.3901237945420124,0.089995462279192612,0.21944532597016961,5.1608874129082362e-05,1002.5380426306851,1269.0213153425702,0.10000000000000001
1210,0,1.400137337669793,0.089997117432110335,0.21905023491306974,5.1343232799559679e-05,1002.5834821000951,1291.7410500475626,0.10000000000000001
1211,0,1.4101228860820192,0.089996753807583041,0.2184812506406211,7.9875704994722529e-05,1002.5680416971511,1284.0208485755511,0.10000000000000001
1212,0,1.4201411313010599,0.08999717652608169,0.21808100997444604,6.4315858876432048e-05,1002.6119997422609,1305.9998711304388,0.10000000000000001
1213,0,1.4301227323060268,0.089998384745070173,0.21759826683058478,7.3734836350122305e-05,1002.5909469932444,1295.4734966222077,0.10000000000000001
1214,0,1.440144906706148,0.089997076549174576,0.21720137844839865,5.0679625084844034e-05,1002.6301886562816,1315.0943281407876,0.10000000000000001
1215,0,1.4501234878709568,0.08999960073858905,0.21680861846271521,6.3996196804982333e-05,1002.6075162448917,1303.7581224458563,0.10000000000000001
1216,0,1.46014901925191,0.089997030577896681,0.21646017561398179,6.8919199958906267e-05,1002.6416363428231,1320.8181714115312,0.10000000000000001
1217,0,1.4701256566419638,0.090000049209171804,0.21615804177699707,0.00011059375091012399,1002.6141311695106,1307.0655847553212,0.10000000000000001
1218,0,1.4801546129389622,0.089997528444531419,0.21589204201119455,0.00014867454502567209,1002.6376751627765,1318.8375813882658,0.10000000000000001
1219,0,1.4901296128330321,0.089999976580991528,0.21571858842935282,0.00019712996272732547,1002.5952962164173,1297.648108208648,0.10000000000000001
1220,0,1.5001626846167504,0.08999883193993638,0.21551142308454024,0.00022212821645431396,1002.6014039746558,1300.7019873278978,0.10000000000000001
1221,0,1.5101341656809044,0.089999124730165664,0.21540378819276385,0.0002200868856575952,1002.5335184982139,1266.7592491069399,0.10000000000000001
1222,0,1.5201729501824071,0.090000996181099496,0.21525858949714713,0.00017741705826890505,1002.5303845844196,1265.1922922098038,0.10000000000000001
1223,0,1.5301381019860161,0.08999789353345565,0.2150972940438686,0.00014437634194266227,1002.436862701801,1218.4313509005165,0.10000000000000001
1224,0,1.5401858047693924,0.09000390794297497,0.21491884907581074,7.6936112936084661e-05,1002.4375782190467,1218.7891095233567,0.10000000000000001
1225,0,1.5501440167989726,0.089998156283735684,0.21471581440594126,7.6652216961813313e-05,1002.3320312016232,1166.0156008115905,0.10000000000000001
1226,0,1.5602047787767057,0.090006422638576652,0.21441397091214418,6.8631908611593476e-05,1002.3395971959651,1169.7985979825489,0.10000000000000001
1227,0,1.5701567355831989,0.090000727160014171,0.2141850922866422,0.0001483865924982107,1002.225450277626,1112.7251388130048,0.10000000000000001
1228,0,1.5802325521964384,0.090006869782174037,0.21378478860519423,0.00017290656822123421,1002.2301091579451,1115.054578972547,0.10000000000000001
1229,0,1.5901767293472147,0.090003579756862503,0.21343782275910367,0.00024766025046840076,1002.0989400819726,1049.4700409863071,0.10000000000000001
1230,0,1.6002643969670547,0.090004417884729987,0.21302335319871812,0.0002191699019199917,1002.096349532363,1048.1747661814893,0.10000000000000001
1231,0,1.610198592395097,0.090006332515503662,0.21240738750655141,0.0001822905536831546,1001.9478302012506,973.91510062527686,0.10000000000000001
1232,0,1.6202945735103618,0.090002248712290733,0.21194183030696895,0.00011431042658779049,1001.9507830778446,975.39153892228114,0.10000000000000001
1233,0,1.6302219696480851,0.090011381650151809,0.21110461649629836,6.3528251116127762e-05,1001.7987745119701,899.38725598506153,0.10000000000000001
1234,0,1.6403294582865697,0.090006301278411374,0.21051540513167635,-6.0453296707331534e-06,1001.8230052697085,911.50263485423011,0.10000000000000001
1235,0,1.6502584868449821,0.090017803831848667,0.20951798864670648,7.1729372151828645e-05,1001.6708320595906,835.41602979528307,0.10000000000000001
1236,0,1.6603815637619264,0.090013639784017524,0.20905015910042693,8.7124836941793743e-05,1001.7233225866557,861.66129332787023,0.10000000000000001
1237,0,1.6703129362634215,0.090021801886999347,0.20790329698946852,0.00027256988525418486,1001.5522211341143,776.11056705717374,0.10000000000000001
1238,0,1.6804484554236703,0.09001163792948523,0.20746775202964637,0.00023973121746910517,1001.6211041329532,810.55206647658906,0.10000000000000001
1239,0,1.6903689220746057,0.090024259905037957,0.20666681641398438,0.00039375011511248395,1001.4387353379844,719.36766899221993,0.10000000000000001
1240,0,1.7005151275712924,0.090004287768289656,0.20569599520887247,0.00031812653830574271,1001.4949253729205,747.46268646026692,0.10000000000000001
1241,0,1.7104210697471276,0.090030694231877831,0.20563616004321622,0.00041868694117620352,1001.3253734512548,662.68672562739539,0.10000000000000001
1242,0,1.7205813020108232,0.090004703359886001,0.20403911759751672,0.00040062481563074283,1001.3331967833838,666.59839169187762,0.10000000000000001
1243,0,1.7304899853814246,0.0900452255900379,0.20448567143114724,0.00049861866522652961,1001.1798393575644,589.9196787822234,0.10000000000000001
1244,0,1.7406615860928702,0.090011979446086993,0.20276268314841794,0.00038494448064468575,1001.1149067271543,557.45336357716724,0.10000000000000001
1245,0,1.7505862538959922,0.090061277008719867,0.20333659906912033,0.00060949241460328909,1000.9860501260978,493.02506304888993,0.10000000000000001
1246,0,1.7607484790632364,0.090012571738797051,0.20134493972935702,0.00028025102485018243,1000.8334176880487,416.70884402435604,0.10000000000000001
1247,0,1.7706930359244077,0.090056483356758407,0.20283410417609435,0.00033825027369461912,1000.8332081295807,416.60406479036283,0.10000000000000001
1248,0,1.7808196691691591,0.090020069563589461,0.19949601047307813,0.00025932876076521571,1000.5225772117285,261.28860586425162,0.10000000000000001
1249,0,1.7908168002394986,0.090031173988296048,0.20224059796756361,-0.00020025491699525818,1000.7903568091411,395.17840457057218,0.10000000000000001
1250,0,1.8008621071686477,0.089990264994335142,0.19777491365678498,8.836931966785815e-05,1000.2882146173276,144.10730866381982,0.10000000000000001
1251,0,1.8109106662531598,0.089996077027666377,0.20050146396700902,-0.00082580410781445915,1000.8163039676219,408.15198381096707,0.10000000000000001
1252,0,1.8208615782806463,0.089904570966621342,0.19612013290281582,-0.00073126625170943417,1000.205653563199,102.82678159950365,0.10000000000000001
1253,0,1.8308982683773587,0.089970214346255933,0.19674042574668182,-0.00078539884846197329,1000.8264459623566,413.22298117830769,0.10000000000000001
1254,0,1.8407680833523692,0.089796887589526059,0.19435142925926233,-0.0012489915036768054,1000.3304062081036,165.20310405178407,0.10000000000000001
1255,0,1.8507140095884476,0.089883765875208285,0.19113042678149919,-0.0011088307190788022,1000.7190889069332,359.54445346658304,0.10000000000000001
1256,0,1.8605969993801923,0.089818721361738699,0.19249306534466995,-0.0013243905978857305,1000.3153896870664,157.69484353319285,0.10000000000000001
1257,0,1.8703183531799701,0.089843624744017483,0.18573402245614121,-0.00089739463741435798,1000.247273598468,123.6367992340206,0.10000000000000001
1258,0,1.8805772194926458,0.089943199926162745,0.19114730824170537,-0.00056529941669547956,1000.0952992163852,47.649608192614323,0.10000000000000001
1259,0,1.8896137234552868,0.090049559108456634,0.18344388299075551,-0.00019743491974838782,1000.1249905972056,62.495298602811999,0.10000000000000001
1260,0,1.9044739529439334,0.09022461264911541,0.18893911738031241,0.0012404776240876303,1000.1008968567422,50.448428371112186,0.10000000000000001
1261,0,1.9044710210030302,0.090135996779975899,0.18893670932651496,0.0012383958821611117,1000.1009085218745,50.454260937272011,0.10000000000000001
1262,0,1.9303007935032233,0.088006525154936954,0.18497927031141492,-0.0025690429990441171,999.97025164737215,-14.874176313924181,0.10000000000000001
1263,0,1.9302956821109487,0.087910612666246266,0.18496722723334411,-0.0026072158046744022,999.96916682445692,-15.41658777153998,0.10000000000000001
1264,0,1.9387970379316914,0.087263819137330598,0.18275104997712818,8.4317255244223068e-05,1000.0228438573546,11.421928677293636,0.10000000000000001
1265,0,1.9584969790718103,0.090683689907376241,0.1824018552704034,-0.0011278617400480697,1000.0042356873564,2.1178436782065546,0.10000000000000001
1266,0,1.9584395724040795,0.091048594257325657,0.18230882961898007,-0.0011307283066824419,1000.001467739518,0.73386975901712503,0.10000000000000001
1267,0,0.16170154706879331,0.099999999999999853,0.25656527995932993,-2.6008483051315925e-14,1000.0127915336744,6.395766837215433,0.10000000000000001
1268,0,0.16170154706879333,0.10000000000000009,0.25656527995932876,-2.5831614312937734e-14,1000.0127915336744,6.395766837215433,0.10000000000000001
1269,0,0.18009753513769508,0.099999999999998673,0.24694068035083822,-3.393491336028611e-14,1000.0885264251643,44.263212582166034,0.10000000000000001
1270,0,0.18735115798415727,0.099999999999997979,0.25160379768495827,-5.9812080326685404e-14,1000.0174983009499,8.7491504749550586,0.10000000000000001
1271,0,0.18735115798415727,0.099999999999997966,0.25160379768495805,-5.98198132180245e-14,1000.0174983009499,8.7491504749550586,0.10000000000000001
1272,0,0.21361064937270613,0.099999999999999312,0.23049770926449606,-2.5481675895192837e-14,1000.3147383957272,157.36919786360204,0.10000000000000001
1273,0,0.21361064937270616,0.099999999999999353,0.23049770926449137,-2.5435092826172171e-14,1000.314738395728,157.36919786399994,0.10000000000000001
1274,0,0.22869643383429772,0.09999999999999952,0.23811313686548813,-2.7456044429044545e-14,999.69370290810605,-153.14854594697636,0.10000000000000001
1275,0,0.23736050142736251,0.099999999999999825,0.22865675297237548,-4.498950783728486e-14,1000.5017122042009,250.85610210044251,0.10000000000000001
1276,0,0.24830447290432658,0.099999999999999409,0.23922493105086881,-6.2032847071627952e-14,999.78124295214923,-109.37852392538616,0.10000000000000001
1277,0,0.25803089081508862,0.099999999999999603,0.22958819185286936,-7.4406633634896085e-14,1000.5384120083288,269.20600416440266,0.10000000000000001
1278,0,0.26831909935819809,0.099999999999999686,0.23757547883880994,-8.0773673366784634e-14,999.97897651217659,-10.511743911706617,0.10000000000000001
1279,0,0.27838059866523746,0.099999999999999589,0.23141876729466532,-8.3486836776736562e-14,1000.1563839763718,78.191988185892569,0.10000000000000001
1280,0,0.28847984445872027,0.099999999999999714,0.233740488678921,-9.68924699233296e-14,1000.3926016658262,196.30083291309575,0.10000000000000001
1281,0,0.29855883416622148,0.09999999999999977,0.23202693270891736,-1.105500061928963e-13,1000.294437610274,147.21880513701535,0.10000000000000001
1282,0,0.30865866360776845,0.099999999999999964,0.23167873482979046,-1.1794527062648947e-13,1000.510513312768,255.25665638400596,0.10000000000000001
1283,0,0.31868059860351117,0.10000000000000003,0.23182740820345824,-1.2828814345863163e-13,1000.3352447853538,167.62239267688983,0.10000000000000001
1284,0,0.32879410931115194,0.099999999999999853,0.22958119134307531,-1.2394849010062255e-13,1000.635032173456,317.51608672800558,0.10000000000000001
1285,0,0.33881326835406528,0.099999999999999853,0.23118580251798504,-1.0824341596905212e-13,1000.4605277088839,230.26385444194375,0.10000000000000001
1286,0,0.34892985760383161,0.099999999999999659,0.22832451442511434,-1.1983566167143328e-13,1000.7252443717597,362.62218587984307,0.10000000000000001
1287,0,0.35892236399479294,0.099999999999999631,0.22967438224769846,-1.4188346552858219e-13,1000.6180937507909,309.04687539543829,0.10000000000000001
1288,0,0.3690610398467995,0.099999999999999672,0.22718580909306102,-1.4342547492079555e-13,1000.7918222475744,395.91112378718663,0.10000000000000001
1289,0,0.37901531430995206,0.099999999999999908,0.22810688348093375,-1.3086521165545086e-13,1000.761516111652,380.75805582599287,0.10000000000000001
1290,0,0.38918633126182517,0.099999999999999825,0.22594364723882235,-1.3440137400084001e-13,1000.8411866525992,420.59332629958135,0.10000000000000001
1291,0,0.39909997472043979,0.10000000000000032,0.22664032981772614,-1.4848572115823635e-13,1000.8970781732207,448.53908661036712,0.10000000000000001
1292,0,0.40929160186586733,0.099999999999999922,0.22468226156332324,-1.459345832272594e-13,1000.9120475928216,456.02379641081825,0.10000000000000001
1293,0,0.41918597012998687,0.099999999999999589,0.22521821023598942,-1.3603761120346121e-13,1001.039878829339,519.93941466952265,0.10000000000000001
1294,0,0.42937462021396666,0.099999999999999645,0.22375171291033011,-1.2644889105909147e-13,1000.9869098663949,493.45493319742673,0.10000000000000001
1295,0,0.43927101812194297,0.099999999999999548,0.2237415899174309,-1.2474450489600902e-13,1001.1680880292322,584.04401461609723,0.10000000000000001
1296,0,0.44943838866661345,0.099999999999999409,0.2231007444200338,-1.4901163762163382e-13,1001.0747291069487,537.36455347433321,0.10000000000000001
1297,0,0.45934862741013138,0.099999999999999811,0.22257714083931593,-1.6419809347930598e-13,1001.2728965805907,636.44829029533412,0.10000000000000001
1298,0,0.46949068540089639,0.099999999999999631,0.22252143405524688,-1.4977025125685989e-13,1001.187669792551,593.83489627549579,0.10000000000000001
1299,0,0.47941590849383298,0.099999999999999464,0.2219579704953964,-1.4922717326157258e-13,1001.3708056368698,685.40281843490902,0.10000000000000001
1300,0,0.48953599187809582,0.099999999999999895,0.22210649328469684,-1.3867813733600827e-13,1001.3170131096884,658.50655484422305,0.10000000000000001
1301,0,0.49947292672548066,0.099999999999999645,0.2217656305153482,-9.9616524293897795e-14,1001.4791426805901,739.57134029507188,0.10000000000000001
1302,0,0.50957717064586472,0.099999999999999853,0.2220874192125602,-7.6510274304070331e-14,1001.4505657514472,725.2828757236216,0.10000000000000001
1303,0,0.51952273543206617,0.10000000000000005,0.2219563693924666,-7.2016025966812345e-14,1001.597435182708,798.71759135397724,0.10000000000000001
1304,0,0.52961457260078315,0.099999999999999922,0.22242521870585941,-6.1060771687264469e-14,1001.5892998844289,794.6499422144484,0.10000000000000001
1305,0,0.53956777577067283,0.099999999999999728,0.22258273521953567,-5.4844767098807898e-14,1001.7194087581947,859.70437909736575,0.10000000000000001
1306,0,0.54964812020281539,0.099999999999999534,0.22305636895342387,-3.9364435780383843e-14,1001.7283793552232,864.18967761159138,0.10000000000000001
1307,0,0.55960958613237877,0.099999999999999575,0.2235280686888316,-4.2802661673140851e-15,1001.841514668053,920.75733402651849,0.10000000000000001
1308,0,0.56967820654893675,0.099999999999999881,0.22398802509731164,1.6595669719533667e-14,1001.857475386442,928.73769322102362,0.10000000000000001
1309,0,0.57964824885815647,0.10000000000000069,0.22460778207986404,7.7084433910315118e-15,1001.9575397934857,978.76989674284687,0.10000000000000001
1310,0,0.58970632543302515,0.10000000000000027,0.22512513257414712,7.769464194338514e-15,1001.9696451402591,984.82257012955188,0.10000000000000001
1311,0,0.59968375496141801,0.099999999999999659,0.22573632692071208,1.0088408396503409e-14,1002.0568528944102,1028.4264472051063,0.10000000000000001
1312,0,0.60973350844422158,0.099999999999999839,0.22626188728374649,-1.9209462493170377e-14,1002.0616756764471,1030.8378382235333,0.10000000000000001
1313,0,0.61971677888302146,0.099999999999999464,0.22682712187690329,-5.830144238370541e-14,1002.1319208534982,1065.9604267490863,0.10000000000000001
1314,0,0.62976022214537497,0.099999999999999797,0.22727115208559975,-5.8389673318155119e-14,1002.1282306521522,1064.1153260760916,0.10000000000000001
1315,0,0.63974818856525728,0.10000000000000002,0.22772950576506235,-2.1809379828444591e-14,1002.1812290133091,1090.6145066545605,0.10000000000000001
1316,0,0.64978675959226473,0.10000000000000021,0.22808090444720436,2.3024442712956808e-14,1002.1664509226713,1083.225461335644,0.10000000000000001
1317,0,0.65977891813362344,0.10000000000000024,0.22836023324352475,5.9975522837693881e-14,1002.2044775502883,1102.2387751441443,0.10000000000000001
1318,0,0.66981340059092764,0.10000000000000014,0.22861196400599387,6.662760249132156e-14,1002.1795439667397,1089.7719833698716,0.10000000000000001
1319,0,0.67980980128919188,0.10000000000000028,0.22872185968811704,4.1011505670993209e-14,1002.2034973200006,1101.7486600002826,0.10000000000000001
1320,0,0.68984069220867383,0.099999999999999756,0.22884043389664815,3.3782715268891039e-14,1002.1732199217334,1086.6099608667241,0.10000000000000001
1321,0,0.69984124752669041,0.099999999999999992,0.22883649041549795,6.5930304026086051e-14,1002.1848673479011,1092.433673950552,0.10000000000000001
1322,0,0.7098691433176062,0.10000000000000009,0.22883374072657808,1.0660843569808471e-13,1002.1533423943916,1076.6711971958216,0.10000000000000001
1323,0,0.7198734857318041,0.09999999999999977,0.22874818956438683,1.262660343133795e-13,1002.1574022218987,1078.7011109493392,0.10000000000000001
1324,0,0.72989897884924837,0.099999999999999631,0.22868713281105177,1.6166039094768643e-13,1002.1273312592978,1063.6656296488809,0.10000000000000001
1325,0,0.73990667901627361,0.10000000000000002,0.22855155973229932,2.0161728539878058e-13,1002.1286767443002,1064.3383721500754,0.10000000000000001
1326,0,0.74993023346877807,0.099999999999999575,0.22848330021301338,1.854911345155558e-13,1002.1032600837312,1051.6300418656215,0.10000000000000001
1327,0,0.75994073404102569,0.10000000000000016,0.22835242998649871,1.5212350650278107e-13,1002.1048031530202,1052.4015765100785,0.10000000000000001
1328,0,0.76996275385685975,0.10000000000000002,0.22830388644495492,1.3616532976551437e-13,1002.0868274001301,1043.4137000650594,0.10000000000000001
1329,0,0.77997526338530687,0.099999999999999895,0.22821904407944171,1.2157908679800018e-13,1002.0906652351828,1045.3326175913844,0.10000000000000001
1330,0,0.78999607054699106,0.099999999999999881,0.22821197673042812,1.2535572395291207e-13,1002.080882844141,1040.4414220705007,0.10000000000000001
1331,0,0.80000989521821775,0.099999999999999756,0.22818554669421681,1.2447269961330717e-13,1002.0883481009283,1044.1740504641643,0.10000000000000001
1332,0,0.81002967167369089,0.099999999999999797,0.22822718683406076,9.6697378625693268e-14,1002.0860804101243,1043.040205062141,0.10000000000000001
1333,0,0.82004433714551217,0.099999999999999575,0.22825385857036057,8.9469332096043187e-14,1002.0970536832917,1048.5268416458666,0.10000000000000001
1334,0,0.83006318536348622,0.099999999999999811,0.22833228238335218,8.4993890862109095e-14,1002.100723564723,1050.3617823615059,0.10000000000000001
1335,0,0.8400783530023177,0.09999999999999952,0.22839271606409509,6.3250559414598435e-14,1002.1139574169217,1056.9787084608606,0.10000000000000001
1336,0,0.85009629250359098,0.099999999999999825,0.22848608344010723,6.8013686508483304e-14,1002.1212556896191,1060.6278448095736,0.10000000000000001
1337,0,0.86011160299221723,0.10000000000000045,0.22855379509563054,8.7542047668362543e-14,1002.1348089970616,1067.4044985307773,0.10000000000000001
1338,0,0.87012865732876954,0.099999999999999839,0.22863513036597352,1.0509553010479874e-13,1002.1432108883433,1071.6054441716665,0.10000000000000001
1339,0,0.88014385274416729,0.099999999999999492,0.22868525516125973,1.4248899694229353e-13,1002.1550567144355,1077.5283572177727,0.10000000000000001
1340,0,0.89016006505323397,0.10000000000000019,0.22873299702181174,1.5992704011400384e-13,1002.1621776932949,1081.0888466474466,0.10000000000000001
1341,0,0.90017496210339254,0.099999999999999714,0.22874572644974486,1.2049264553504255e-13,1002.170711893412,1085.3559467059881,0.10000000000000001
1342,0,0.91019035253888381,0.099999999999999797,0.22874775356273452,8.2331135624451329e-14,1002.1749359564544,1087.4679782272096,0.10000000000000001
1343,0,0.9202047717170958,0.10000000000000005,0.22871565716402725,3.9936362537555964e-14,1002.17921296,1089.6064799999863,0.10000000000000001
1344,0,0.93021931874462915,0.10000000000000132,0.22867041360227031,1.8521653711898974e-14,1002.1799259702759,1089.9629851379586,0.10000000000000001
1345,0,0.94023314261028423,0.099999999999999992,0.22859846934030309,2.8305933661295267e-14,1002.1799990188267,1089.9995094133601,0.10000000000000001
1346,0,0.95024689653226968,0.099999999999999645,0.22851829463732104,3.3301294982196338e-14,1002.1775668101102,1088.7834050550964,0.10000000000000001
1347,0,0.96026004605280491,0.099999999999999867,0.22842096375319343,3.2539440993080219e-14,1002.1745041855885,1087.2520927942446,0.10000000000000001
1348,0,0.97027298696335884,0.10000000000000001,0.22832650296684437,4.1483962335673994e-14,1002.1701882704455,1085.0941352227323,0.10000000000000001
1349,0,0.98028528555259165,0.10000000000000013,0.22822600216313785,2.9720455192402479e-14,1002.16574858766,1082.8742938300024,0.10000000000000001
1350,0,0.99029721007559413,0.1000000000000006,0.2281372056621408,9.0983817045328577e-15,1002.1614106070297,1080.7053035148328,0.10000000000000001
1351,0,1.0003083802193791,0.1000000000000002,0.2280553149132413,3.0144332924823443e-14,1002.1577788544321,1078.8894272160405,0.10000000000000001
1352,0,1.0103190240045292,0.099999999999999825,0.22798679442173833,8.1631122482474387e-14,1002.1553615262588,1077.6807631294218,0.10000000000000001
1353,0,1.0203289565812987,0.1000000000000002,0.22793580375742542,6.8660598340856082e-14,1002.1548433268081,1077.4216634040386,0.10000000000000001
1354,0,1.0303383006485003,0.099999999999999825,0.22789345565456975,-2.729369631298743e-14,1002.1560511429706,1078.0255714852842,0.10000000000000001
1355,0,1.0403471073565247,0.10000000000000088,0.22787126358342877,-5.6384865722019291e-14,1002.1604720971783,1080.2360485891427,0.10000000000000001
1356,0,1.0503551271597311,0.099999999999999908,0.22785035509769216,5.0153821845750953e-14,1002.1667166356445,1083.3583178222739,0.10000000000000001
1357,0,1.0603626402301916,0.099999999999999881,0.22784087366679381,1.5642502599891977e-13,1002.176909919403,1088.4549597014939,0.10000000000000001
1358,0,1.0703690044703869,0.100000000000001,0.22782606994521365,1.155702552204229e-13,1002.1889230373816,1094.4615186908209,0.10000000000000001
1359,0,1.0803747207350434,0.099999999999999964,0.22780558022816297,8.9172387621958669e-15,1002.2045474211203,1102.273710560155,0.10000000000000001
1360,0,1.0903791066503514,0.099999999999999381,0.22777915672214016,-1.0243158334037633e-14,1002.2222721659288,1111.1360829643786,0.10000000000000001
1361,0,1.100382613317799,0.099999999999999492,0.22772491495587741,1.5042526854059941e-14,1002.2418260074476,1120.9130037237856,0.10000000000000001
1362,0,1.1103851035001966,0.10000000000000039,0.22767241545218253,4.8065668102209143e-14,1002.2641935695548,1132.0967847773886,0.10000000000000001
1363,0,1.1203864132481984,0.10000000000000105,0.22757741212288696,7.0295524046222199e-14,1002.2856655559133,1142.8327779566416,0.10000000000000001
1364,0,1.1303873561221618,0.10000000000000064,0.22748769192407847,2.9595366849477687e-14,1002.3103186252181,1155.1593126090438,0.10000000000000001
1365,0,1.1403867137277632,0.10000000000000102,0.22736099846338326,8.2510442261736042e-15,1002.3317548702884,1165.8774351441821,0.10000000000000001
1366,0,1.1503861775690092,0.10000000000000028,0.2272298010440153,3.6989719351056036e-14,1002.3553660380287,1177.6830190143528,0.10000000000000001
1367,0,1.1603839068340636,0.099999999999999714,0.22709087764881342,6.2044048204027271e-14,1002.3754405739861,1187.7202869930557,0.10000000000000001
1368,0,1.1703816951513542,0.1000000000000003,0.22692030251344383,3.1293849456633113e-14,1002.3943011714058,1197.1505857029001,0.10000000000000001
1369,0,1.1803784227540934,0.1000000000000003,0.22678417690585023,-4.7481869669580587e-14,1002.4122164198642,1206.108209932097,0.10000000000000001
1370,0,1.1903744010180455,0.099999999999999437,0.22658841862468257,-6.7924203069200819e-14,1002.4238684584652,1211.934229232611,0.10000000000000001
1371,0,1.2003709066756985,0.099999999999999339,0.22645599323418794,-1.8185157549473074e-14,1002.4389447482396,1219.472374119789,0.10000000000000001
1372,0,1.210365254515765,0.10000000000000048,0.22625032490829877,2.8252773786419676e-14,1002.4429201022176,1221.4600511088065,0.10000000000000001
1373,0,1.2203620936262747,0.099999999999999742,0.2261065523499014,2.8455511460163278e-14,1002.4543539957798,1227.1769978898988,0.10000000000000001
1374,0,1.2303554441219413,0.099999999999999506,0.22590661315906904,-3.9330472559643042e-14,1002.4528449791097,1226.4224895548637,0.10000000000000001
1375,0,1.2403526221734156,0.099999999999999714,0.22572259278631518,-1.1028517761073726e-13,1002.4593697196766,1229.6848598383008,0.10000000000000001
1376,0,1.2503460718640143,0.10000000000000012,0.22553169164993517,-6.7646085020090633e-14,1002.4562551725033,1228.1275862516736,0.10000000000000001
1377,0,1.2603432095663973,0.10000000000000014,0.22528729088625893,6.5350936963393013e-14,1002.4572453424983,1228.6226712491271,0.10000000000000001
1378,0,1.2703379561799371,0.10000000000000037,0.22508650250249895,1.5715049064977793e-13,1002.4560634166402,1228.0317083200885,0.10000000000000001
1379,0,1.2803347393248345,0.10000000000000016,0.22478240696691748,9.7035080137494781e-14,1002.4530428455649,1226.5214227824686,0.10000000000000001
1380,0,1.2903313904816507,0.10000000000000038,0.22453288388201539,1.2791611083435999e-14,1002.4553783009978,1227.689150498918,0.10000000000000001
1381,0,1.3003281913290561,0.099999999999999895,0.22418950058597012,3.50835307060124e-14,1002.4530012523868,1226.5006261933991,0.10000000000000001
1382,0,1.3103261223494547,0.10000000000000088,0.22384326414486844,6.823639939761285e-14,1002.4575954776283,1228.7977388141371,0.10000000000000001
1383,0,1.3203243345105358,0.10000000000000071,0.22349036015422219,8.4613617578739382e-15,1002.462703901241,1231.3519506204784,0.10000000000000001
1384,0,1.3303217613498795,0.099999999999999895,0.22301737826394416,-3.6030438572361642e-14,1002.4655980760447,1232.7990380223355,0.10000000000000001
1385,0,1.3403234298399973,0.099999999999999756,0.22267130275076713,-1.386760801901938e-14,1002.4834715428154,1241.7357714077184,0.10000000000000001
1386,0,1.3503180484474877,0.10000000000000041,0.22208305269704987,-3.9158675677823802e-15,1002.479887788507,1239.9438942534857,0.10000000000000001
1387,0,1.3603249469308847,0.10000000000000035,0.22174280730466778,-2.7582120200266071e-14,1002.5117404339449,1255.8702169724256,0.10000000000000001
1388,0,1.3703150638382806,0.099999999999999867,0.22109285708983475,-6.489316698361669e-14,1002.4994402553829,1249.7201276914325,0.10000000000000001
1389,0,1.3803279268075428,0.10000000000000081,0.22073642385107134,-9.033593020138147e-14,1002.5431374796156,1271.5687398077762,0.10000000000000001
1390,0,1.3903132763952024,0.10000000000000125,0.22010155205680676,-5.5138253007835034e-14,1002.5254954149204,1262.7477074602211,0.10000000000000001
1391,0,1.4003312352335429,0.099999999999999797,0.21969495492029084,-9.5247181665334874e-15,1002.5764068379281,1288.2034189640308,0.10000000000000001
1392,0,1.410313232461158,0.10000000000000085,0.21915859919314831,-4.3993324858314925e-14,1002.5605889081826,1280.2944540912904,0.10000000000000001
1393,0,1.4203338973699269,0.10000000000000125,0.21868089187992143,-1.3759411740047596e-13,1002.6095948212949,1304.7974106474385,0.10000000000000001
1394,0,1.430314859595917,0.09999999999999995,0.21827720771317155,-1.937945393404143e-13,1002.5972105395031,1298.6052697515333,0.10000000000000001
1395,0,1.4403356856436085,0.099999999999999714,0.21778624507668984,-1.2802311285117028e-13,1002.6336134703515,1316.80673517576,0.10000000000000001
1396,0,1.4503176531246733,0.099999999999999811,0.21749431036832023,-2.3554120792214105e-14,1002.6172633937515,1308.6316968757501,0.10000000000000001
1397,0,1.4603379623072421,0.10000000000000049,0.21708275390952816,-8.3639610596292339e-15,1002.6349660887279,1317.4830443639394,0.10000000000000001
1398,0,1.4703212196136339,0.10000000000000017,0.21684453817880864,-5.0645745683107235e-14,1002.6060837486253,1303.0418743126688,0.10000000000000001
1399,0,1.4803434798700736,0.10000000000000062,0.21657174756788783,-8.7513269796784965e-14,1002.612570313793,1306.2851568964788,0.10000000000000001
1400,0,1.4903248163064262,0.10000000000000016,0.21636170704780472,-8.8163462990468618e-14,1002.569308804662,1284.6544023310003,0.10000000000000001
1401,0,1.5003537539728091,0.099999999999999825,0.21621126206357083,-8.8356253935198201e-14,1002.578381740847,1289.1908704235107,0.10000000000000001
1402,0,1.5103269922400411,0.099999999999999728,0.21595414228294765,-9.5042386834755448e-14,1002.5149785804996,1257.4892902497936,0.10000000000000001
1403,0,1.520368155170015,0.099999999999999672,0.21594145263027359,-7.9183052475460506e-14,1002.5364616975792,1268.2308487895853,0.10000000000000001
1404,0,1.5303273848697476,0.099999999999999756,0.21560595000101324,-7.255419826368982e-15,1002.4401095251098,1220.0547625549234,0.10000000000000001
1405,0,1.5403863600993311,0.10000000000000102,0.21559313821834045,8.3397433008079594e-14,1002.4656540696275,1232.827034813738,0.10000000000000001
1406,0,1.5503300081219606,0.10000000000000163,0.21528592553939832,7.1875764261983746e-14,1002.3338914455528,1166.9457227764042,0.10000000000000001
1407,0,1.5604094272227205,0.10000000000000003,0.21510357245839501,1.1956785174148894e-14,1002.3509271200418,1175.4635600208871,0.10000000000000001
1408,0,1.5703419981181888,0.10000000000000067,0.21486271634503543,1.0429570768752965e-14,1002.2034666442094,1101.7333221046783,0.10000000000000001
1409,0,1.5804359542366251,0.1000000000000007,0.21442113370962104,-2.3021603099344899e-14,1002.210895361123,1105.4476805614968,0.10000000000000001
1410,0,1.5903657846988801,0.099999999999999714,0.21415353160433701,-1.3054439270632968e-13,1002.079068832493,1039.5344162465108,0.10000000000000001
1411,0,1.6004611564428606,0.099999999999999464,0.21353727535263081,-1.3964155133631193e-13,1002.083456664044,1041.7283320219894,0.10000000000000001
1412,0,1.6103964042477759,0.099999999999999631,0.21306115460540281,-4.6332378992809246e-14,1001.9726099243467,986.3049621733353,0.10000000000000001
1413,0,1.6204852245631591,0.10000000000000031,0.21244368541074285,-2.2572685301363645e-14,1001.973310135372,986.65506768600153,0.10000000000000001
1414,0,1.6304310841900505,0.10000000000000092,0.21170359588419979,-7.5770376768011624e-14,1001.8599617346979,929.98086734894514,0.10000000000000001
1415,0,1.640519549562693,0.099999999999999603,0.21112591646939188,-9.9333010743261052e-14,1001.8571319169693,928.56595848462575,0.10000000000000001
1416,0,1.6504719299998492,0.099999999999999326,0.21015703723192389,-8.6061235384717555e-14,1001.7113741106513,855.68705532563172,0.10000000000000001
1417,0,1.6605763554756039,0.10000000000000112,0.20979224799149801,-5.6829979482979168e-14,1001.7394172493986,869.70862469928534,0.10000000000000001
1418,0,1.6705188480026925,0.10000000000000107,0.20854120043005536,2.2291336785985789e-14,1001.5388342291873,769.4171145936366,0.10000000000000001
1419,0,1.6806475938097041,0.099999999999999034,0.20817239879824473,7.2174761058357258e-14,1001.6124104566071,806.20522830355412,0.10000000000000001
1420,0,1.6905721545999275,0.099999999999999589,0.20729335817501726,5.3496030292373038e-14,1001.3956740373922,697.83701869607739,0.10000000000000001
1421,0,1.7007163627942654,0.099999999999999312,0.20633246894175539,7.1599279772928985e-14,1001.4570822216072,728.54111080357598,0.10000000000000001
1422,0,1.7106407009163029,0.099999999999998909,0.20629947566757872,9.2744198674790387e-14,1001.2828027189337,641.4013594668404,0.10000000000000001
1423,0,1.7207842472447339,0.099999999999999908,0.20471789616634645,6.9222104577579627e-14,1001.2989903509672,649.49517548359381,0.10000000000000001
1424,0,1.7307305326558131,0.1000000000000002,0.20513488897921989,8.5799152125654459e-14,1001.1901462940101,595.07314700505276,0.10000000000000001
1425,0,1.7408636343981891,0.099999999999999839,0.20343768781541041,1.1924346760129429e-13,1001.1825016716482,591.25083582409843,0.10000000000000001
1426,0,1.7508414007420805,0.09999999999999995,0.20407587026516041,8.3738715851812892e-14,1001.1553830953044,577.69154765219355,0.10000000000000001
1427,0,1.7609511878649124,0.10000000000000019,0.20171915401628085,3.4425354497699554e-14,1001.0437276045442,521.86380227209384,0.10000000000000001
1428,0,1.7709584287748341,0.09999999999999977,0.20366642625711126,4.1003331651857282e-14,1001.186395711011,593.19785550547977,0.10000000000000001
1429,0,1.7810270708403091,0.09999999999999909,0.19975299705644273,4.005690586668282e-14,1000.8472547984929,423.6273992464703,0.10000000000000001
1430,0,1.7910560642417244,0.099999999999998743,0.20279030297039402,-1.6725503595075016e-15,1001.1302338369674,565.11691848368173,0.10000000000000001
1431,0,1.801076851348423,0.099999999999999506,0.19834919010581772,-2.7640373125550582e-14,1000.6310126140957,315.50630704782634,0.10000000000000001
1432,0,1.8110910697170566,0.10000000000000002,0.20041055518580617,-6.4876002015756439e-15,1000.919304873228,459.65243661402155,0.10000000000000001
1433,0,1.8210200679085555,0.099999999999999464,0.19720847872385572,3.1793197104179061e-14,1000.4079933061701,203.9966530850279,0.10000000000000001
1434,0,1.8310600412894875,0.10000000000000014,0.19697188372057278,3.2275058609015969e-14,1000.6601117768065,330.05588840325117,0.10000000000000001
1435,0,1.8408384509413378,0.10000000000000092,0.19477051993864181,9.7889719784575922e-16,1000.0340065638592,17.003281929589775,0.10000000000000001
1436,0,1.8509036213795644,0.10000000000000113,0.19178567632811105,1.0576527004420541e-14,1000.455975574836,227.98778741798742,0.10000000000000001
1437,0,1.8606209584179376,0.10000000000000107,0.19256201156027672,2.7129733402138221e-14,999.95127183853992,-24.36408073003804,0.10000000000000001
1438,0,1.8705066666691614,0.1000000000000015,0.18575655242832362,5.47500961697134e-16,1000.4942831068996,247.14155344980782,0.10000000000000001
1439,0,1.881024792237475,0.10000000000000284,0.19104193150078377,-2.9279296348706109e-14,1000.203461596534,101.73079826699905,0.10000000000000001
1440,0,1.8895099832692515,0.10000000000000331,0.1831258335971713,-2.142625931129346e-14,1000.1358856455568,67.942822778377376,0.10000000000000001
1441,0,1.9046854294666238,0.10000000000000141,0.18910527319410625,3.4976803847883561e-14,1000.1055791516254,52.789575812710154,0.10000000000000001
1442,0,1.9046854294666238,0.10000000000000143,0.189105273194105,3.4981721157848018e-14,1000.1055791516253,52.789575812653311,0.10000000000000001
1443,0,1.9311851532485034,0.10000000000000547,0.18510357230018487,2.5143230917804133e-14,1000.1105720814595,55.286040729754404,0.10000000000000001
1444,0,1.9311851532485034,0.10000000000000558,0.18510357230018348,2.5239474378039916e-14,1000.1105720814597,55.286040729868091,0.10000000000000001
1445,0,1.9371317768479652,0.10000000000000192,0.18098845246062395,6.9917445606952904e-15,999.77059461540523,-114.70269229738506,0.10000000000000001
1446,0,1.9567344798634203,0.10000000000000417,0.17993235458893431,8.1982898344879805e-14,1000.0289961668517,14.498083425849018,0.10000000000000001
1447,0,1.9567344798634203,0.10000000000000395,0.17993235458893397,8.1912240753745263e-14,1000.0289961668516,14.498083425792174,0.10000000000000001
1448,0,0.15982452793075883,0.10914884686846311,0.25558011036325667,0.0029596584066078698,999.97195956324504,-14.020218377481797,0.10000000000000001
1449,0,0.15975104170887774,0.10950913545833957,0.25535866162810283,0.0029087769061736145,999.97806907563461,-10.965462182696228,0.10000000000000001
1450,0,0.17804405117220065,0.11283916026700196,0.24180820558661983,-1.1188303830685068e-05,1000.108172332328,54.086166163983762,0.10000000000000001
1451,0,0.18794132614576725,0.11164344590607167,0.24993837229833649,-0.00031690269640756842,1000.0034246832132,1.7123416066056052,0.10000000000000001
1452,0,0.18794125318614985,0.11154925608662329,0.24995579057658515,-0.00033974836919828209,1000.0036289041359,1.8144520679470588,0.10000000000000001
1453,0,0.21350154811881356,0.10996017632339547,0.23074599592459299,-0.0011434416019246412,1000.3011226537697,150.56132688482649,0.10000000000000001
1454,0,0.21350399455168392,0.10986567970538999,0.23075263369031393,-0.0012501683351964113,1000.3012256379476,150.61281897379786,0.10000000000000001
1455,0,0.2285225316541116,0.10992348297135432,0.23773928402417069,-0.00073285484940716235,999.7128800226709,-143.55998866454911,0.10000000000000001
1456,0,0.23738052367169346,0.10992384135419485,0.22797005278383267,-0.0012544370194772282,1000.5998801676361,299.9400838180577,0.10000000000000001
1457,0,0.24806146518517785,0.10989671048184746,0.23924003638246802,-0.00012539087615212114,999.85651276575663,-71.743617121683201,0.10000000000000001
1458,0,0.25790862323426628,0.10987082510422332,0.2294362557548002,0.00040326155876555875,1000.3272908565639,163.64542828193862,0.10000000000000001
1459,0,0.26818154245120984,0.10997519546088637,0.2360307034551116,0.00070409944569751397,1000.2506398896709,125.3199448354394,0.10000000000000001
1460,0,0.27814714186593525,0.10995561462050128,0.23019746811642944,-0.00037961245738589829,1000.3757231052429,187.86155262142756,0.10000000000000001
1461,0,0.28833992165169287,0.109894706157939,0.233248750114398,0.00011809658840238593,1000.3601276371922,180.06381859612475,0.10000000000000001
1462,0,0.29835408103914801,0.10997673454568241,0.23098647700819089,0.00031928616590274044,1000.2222044745034,111.10223725171409,0.10000000000000001
1463,0,0.30850463928985911,0.10992785640509511,0.23035950081506928,-0.00010898818646315985,1000.5451728504394,272.58642521968568,0.10000000000000001
1464,0,0.31851636331905908,0.10997676670746252,0.23116868312545061,-0.00019935549616098219,1000.3168294741814,158.41473709070897,0.10000000000000001
1465,0,0.32867809200704617,0.10993879589733442,0.2284771522876779,-7.5250083751984988e-05,1000.6601331230348,330.06656151741254,0.10000000000000001
1466,0,0.3386337618269965,0.10997905531312577,0.2303634821460753,-6.9346089276484151e-05,1000.4471624944742,223.58124723712081,0.10000000000000001
1467,0,0.3488297770113552,0.1099390531465242,0.22721512565221846,-3.2454058682121409e-05,1000.7073227336534,353.66136682671367,0.10000000000000001
1468,0,0.35873848764045652,0.10999290552074927,0.22875952370516556,-4.390907105862764e-05,1000.6182287143612,309.1143571805901,0.10000000000000001
1469,0,0.3689480010126584,0.10994149066068253,0.22625622896013434,3.5041213163735448e-05,1000.7516125726875,375.8062863437317,0.10000000000000001
1470,0,0.37884013536753786,0.10999096942346429,0.22704544285974521,3.9809605578569852e-05,1000.7895463640685,394.77318203427103,0.10000000000000001
1471,0,0.38905041760727171,0.10995685677541692,0.22503540258085397,-2.9682259201024337e-05,1000.8281097070144,414.05485350719573,0.10000000000000001
1472,0,0.39893435389090548,0.10998770475182303,0.22559323554865604,3.7871930786889401e-05,1000.932491923376,466.24596168800281,0.10000000000000001
1473,0,0.40913739535182481,0.1099679535401225,0.22376674240792482,-3.130024873444068e-05,1000.9019582031299,450.97910156493981,0.10000000000000001
1474,0,0.41902145333688062,0.10998408734253635,0.22419213367885665,4.0853770273202145e-05,1001.046179256031,523.08962801549796,0.10000000000000001
1475,0,0.42921227898394271,0.10997622282121666,0.22279813287290437,-2.8082670647756567e-05,1000.9769494231159,488.47471155795574,0.10000000000000001
1476,0,0.43910370252079717,0.10998551679590912,0.22275169393524091,1.0036498908113214e-05,1001.160251773659,580.12588682947808,0.10000000000000001
1477,0,0.44927361030175089,0.1099828574637261,0.22212604535540836,-2.7359457117348206e-05,1001.0668950382566,533.44751912828769,0.10000000000000001
1478,0,0.45917792494924881,0.10998901316432053,0.22160237684329337,-2.6752462143422984e-05,1001.269934026602,634.96701330097949,0.10000000000000001
1479,0,0.46932344148130084,0.10998697871889646,0.22153768767412046,-3.8275753731893945e-05,1001.1794669872413,589.73349362065619,0.10000000000000001
1480,0,0.4792426974765106,0.10999223754823555,0.22097673806173773,-6.7782586423764321e-05,1001.3704929682511,685.24648412557099,0.10000000000000001
1481,0,0.48936554527348775,0.10998991419330366,0.22113631454905172,-6.8941915640316826e-05,1001.3075082959716,653.75414798580778,0.10000000000000001
1482,0,0.49929951570561237,0.10999306402265184,0.22078613238679587,-9.6234359083497976e-05,1001.4758124649082,737.90623245412235,0.10000000000000001
1483,0,0.50940334276202537,0.10999239734977316,0.22111534755214773,-0.00010300328325208185,1001.4427805491613,721.3902745806422,0.10000000000000001
1484,0,0.51935002162841892,0.10999319663130855,0.22098622640065393,-0.00013414218690768927,1001.5918745770982,795.93728854911205,0.10000000000000001
1485,0,0.52943800305665256,0.10999388039846697,0.22145617377086926,-0.00013769215375499072,1001.5828149382834,791.40746914168858,0.10000000000000001
1486,0,0.53939509836125243,0.10999333944837603,0.22162287646919307,-0.00016293952395986063,1001.7123495694032,856.17478470157948,0.10000000000000001
1487,0,0.54947029712085405,0.10999464307292602,0.2220904681951717,-0.00016757732092922213,1001.7229084070167,861.45420350834456,0.10000000000000001
1488,0,0.55943524579481685,0.10999341582417527,0.22257930146924906,-0.00018554065590264095,1001.8335325630387,916.76628151935802,0.10000000000000001
1489,0,0.56950079290552114,0.10999487124842816,0.22303273883749283,-0.00018381883195571621,1001.8523320667016,926.16603335079617,0.10000000000000001
1490,0,0.57947167339007954,0.10999371737530499,0.22366834943627698,-0.00019535858894810168,1001.9503402437723,975.17012188615126,0.10000000000000001
1491,0,0.58952928563045615,0.10999444436199339,0.22418078902696451,-0.00018871328817488822,1001.9646458464604,982.32292323018555,0.10000000000000001
1492,0,0.59950571346107051,0.10999418403516208,0.22480962351053616,-0.00019504563685706608,1002.051104961414,1025.552480707006,0.10000000000000001
1493,0,0.60955595412349006,0.10999391484035953,0.22533158424306188,-0.00017878951523699738,1002.0566606915843,1028.330345792142,0.10000000000000001
1494,0,0.61953789821222771,0.10999425739007922,0.22590990385690213,-0.00018271195944201559,1002.1273258654232,1063.6629327116225,0.10000000000000001
1495,0,0.62958161760770348,0.10999372331033781,0.22635889660547662,-0.00015958070918606392,1002.1229641630061,1061.4820815030725,0.10000000000000001
1496,0,0.6395687170201394,0.1099938867757432,0.22682175899839821,-0.00015790724538821852,1002.1768393547006,1088.4196773503163,0.10000000000000001
1497,0,0.6496069420397772,0.10999374444468443,0.22718299716635892,-0.0001339084897247751,1002.1610827948875,1080.541397443767,0.10000000000000001
1498,0,0.65959883817404796,0.10999342906131175,0.22746570181738499,-0.00012742537638723542,1002.1992781928543,1099.6390964271541,0.10000000000000001
1499,0,0.66963247282004479,0.10999357457172243,0.22772316000526885,-0.00010548249538596646,1002.1740272115271,1087.0136057635591,0.10000000000000001
1500,0,0.67962894094327531,0.10999308476637729,0.22784026885855094,-9.9082805257172545e-05,1002.197193129417,1098.5965647084868,0.10000000000000001
1501,0,0.68965876025414552,0.10999325992798155,0.22796043484474687,-7.9975425284707616e-05,1002.1670199657906,1083.5099828952934,0.10000000000000001
1502,0,0.69965943576495593,0.10999275648797491,0.22796425945058291,-7.6450208611991886e-05,1002.1775659367181,1088.7829683590553,0.10000000000000001
1503,0,0.70968628032728454,0.10999292905547595,0.22796230267877773,-6.2988809076762293e-05,1002.1461427370516,1073.0713685258024,0.10000000000000001
1504,0,0.71969061700286141,0.10999243054159177,0.22788283077966259,-6.3654773363363391e-05,1002.149225338468,1074.6126692339999,0.10000000000000001
1505,0,0.72971523951589379,0.1099925578690438,0.22782303660325476,-5.7598937631971658e-05,1002.119198280314,1059.5991401569904,0.10000000000000001
1506,0,0.73972269642154376,0.10999216555893163,0.22769312195891669,-6.233450134606368e-05,1002.1197362219206,1059.8681109602808,0.10000000000000001
1507,0,0.74974558040747752,0.10999218715233669,0.22762543388418338,-6.2647039419732911e-05,1002.094412033876,1047.2060169379915,0.10000000000000001
1508,0,0.75975563560914539,0.10999194423771491,0.22750035412465205,-7.1752441425787606e-05,1002.095430473412,1047.715236705983,0.10000000000000001
1509,0,0.76977710063911409,0.10999195534465052,0.22745308401368702,-7.6209703133633147e-05,1002.0775415646177,1038.770782308859,0.10000000000000001
1510,0,0.77978909557709186,0.10999184572174264,0.22737317141124633,-8.7655821876887483e-05,1002.0812238498885,1040.611924944244,0.10000000000000001
1511,0,0.78980934343633202,0.10999185980738024,0.22736899470146638,-9.4819157433286407e-05,1002.0715761259564,1035.788062978213,0.10000000000000001
1512,0,0.79982268664672318,0.10999182082933848,0.22734730903441183,-0.00010608470352766486,1002.0791052187933,1039.552609396651,0.10000000000000001
1513,0,0.8098418700939598,0.10999185851824564,0.22739280831651212,-0.00011356032232628984,1002.0771193289944,1038.5596644971997,0.10000000000000001
1514,0,0.81985607111082881,0.10999183440502099,0.2274247205415322,-0.00012288855856706218,1002.0882263268469,1044.1131634234466,0.10000000000000001
1515,0,0.82987430666943962,0.10999190781659197,0.22750773238943298,-0.00012834462452232794,1002.0922596920342,1046.1298460170951,0.10000000000000001
1516,0,0.83988898230889286,0.10999189993507374,0.2275739501892324,-0.00013401789333665256,1002.1056297802052,1052.8148901025816,0.10000000000000001
1517,0,0.84990636193987223,0.10999203340595418,0.22767204476958591,-0.00013602955985220989,1002.1132858758983,1056.6429379491638,0.10000000000000001
1518,0,0.85992117210386154,0.10999210897504294,0.22774575111905687,-0.000137697250850236,1002.1269617581205,1063.4808790602506,0.10000000000000001
1519,0,0.86993768479515676,0.10999226828324456,0.2278320478683139,-0.0001359970180092658,1002.1356268192254,1067.813409612711,0.10000000000000001
1520,0,0.87995236123624743,0.10999241982075231,0.22788755571020747,-0.00013394581898076543,1002.1475536976695,1073.7768488347683,0.10000000000000001
1521,0,0.88996802255291096,0.10999261686453027,0.22794001464925345,-0.00012978160652009978,1002.1548299828974,1077.414991448677,0.10000000000000001
1522,0,0.89998239300091543,0.10999282529938537,0.22795760546677912,-0.0001254351994615609,1002.1633578538246,1081.6789269122751,0.10000000000000001
1523,0,0.90999724750046518,0.10999309858897593,0.22796355458471707,-0.00012021802963940164,1002.1676229649637,1083.811482481849,0.10000000000000001
1524,0,0.92001119022771694,0.10999337149779675,0.22793580070563682,-0.00011567051126323728,1002.171818308671,1085.9091543355248,0.10000000000000001
1525,0,0.93002529602266926,0.10999370159179653,0.22789382338705208,-0.00011147710991064901,1002.1724631167097,1086.2315583548252,0.10000000000000001
1526,0,0.94003870929057787,0.10999404489585657,0.22782559760191889,-0.00010872998283242766,1002.1724351601704,1086.2175800851901,0.10000000000000001
1527,0,0.95005205039262564,0.10999442475454507,0.2277481453158651,-0.00010729095905280916,1002.169826334421,1084.9131672105159,0.10000000000000001
1528,0,0.96006478424163089,0.10999485267533025,0.22765405718764248,-0.0001074736114638591,1002.1666220289026,1083.311014451283,0.10000000000000001
1529,0,0.97007726842259367,0.10999532359913271,0.22756185722177236,-0.00010892871678887355,1002.1620523874578,1081.026193728917,0.10000000000000001
1530,0,0.98008915093217019,0.10999585830055739,0.22746417884749237,-0.0001122252667694408,1002.1574187832477,1078.7093916238746,0.10000000000000001
1531,0,0.99010065666563696,0.10999645096734538,0.22737806174600453,-0.00011587984513178689,1002.1528063491216,1076.4031745608236,0.10000000000000001
1532,0,1.0001115202578328,0.10999707615042384,0.22729843802491118,-0.00012141905055130244,1002.1489237161655,1074.4618580827705,0.10000000000000001
1533,0,1.010121924357541,0.10999772271277944,0.22723388280633702,-0.00012659001924919023,1002.146321043852,1073.1605219260132,0.10000000000000001
1534,0,1.0201316781421075,0.10999831769919219,0.22718486450266939,-0.00013307599996543456,1002.1455127459494,1072.7563729747089,0.10000000000000001
1535,0,1.0301408946486434,0.10999892378553987,0.22714755000278608,-0.00013892949862372565,1002.1467170565601,1073.3585282800391,0.10000000000000001
1536,0,1.0401494819854311,0.10999949150235272,0.22712755507264051,-0.00014424804684877936,1002.1508402306927,1075.4201153463328,0.10000000000000001
1537,0,1.0501573398038075,0.11000013958260918,0.22711128772557729,-0.00014898950699038062,1002.1572227079129,1078.6113539564326,0.10000000000000001
1538,0,1.0601645647971012,0.11000081794383873,0.22710524873176136,-0.00015071049210566749,1002.1672397592359,1083.6198796179701,0.10000000000000001
1539,0,1.0701708015301286,0.11000158032872348,0.22709314518019019,-0.00015280333032451914,1002.1794480688773,1089.7240344386319,0.10000000000000001
1540,0,1.0801763790790775,0.11000240840666507,0.22707870705960795,-0.0001502862030674021,1002.195247020948,1097.6235104740226,0.10000000000000001
1541,0,1.090180785075447,0.11000321429508345,0.22705259048545753,-0.00014906247215319273,1002.2130568099589,1106.5284049794286,0.10000000000000001
1542,0,1.1001844334721995,0.11000408747600328,0.22700703032438069,-0.00014365455653206509,1002.2332766542403,1116.6383271201425,0.10000000000000001
1543,0,1.1101869686642887,0.11000477290213513,0.22695345499342234,-0.00013869001830846159,1002.255495733507,1127.7478667535092,0.10000000000000001
1544,0,1.120188579898149,0.11000554531111682,0.22686662196771745,-0.00013272989402737852,1002.2780133663334,1139.0066831667127,0.10000000000000001
1545,0,1.1301894336428659,0.11000609198292023,0.22677746091417711,-0.00012418870759317569,1002.3024279374151,1151.213968707566,0.10000000000000001
1546,0,1.1401891274882794,0.11000674784387487,0.22665392483152669,-0.00011926693375109892,1002.3248892643466,1162.4446321732762,0.10000000000000001
1547,0,1.1501885122641238,0.11000728886959314,0.22652858432318648,-0.00010838378143211571,1002.3486043726701,1174.3021863350691,0.10000000000000001
1548,0,1.1601865682964552,0.11000778693440988,0.22638456976983573,-0.00010569092116198336,1002.3691302891702,1184.5651445851217,0.10000000000000001
1549,0,1.1701845755797298,0.11000837483181736,0.22622701368409723,-9.6140364655664549e-05,1002.3889858305,1194.4929152500094,0.10000000000000001
1550,0,1.1801814635952645,0.11000862835821,0.2260792627167855,-9.4829380790025552e-05,1002.4063805028458,1203.1902514228818,0.10000000000000001
1551,0,1.190178097449327,0.11000923167526384,0.22589954022276507,-9.037933237024516e-05,1002.4199839440043,1209.9919720021717,0.10000000000000001
1552,0,1.2001744169036872,0.11000922484837809,0.22575616817759611,-8.897074718612765e-05,1002.4336690443564,1216.8345221782033,0.10000000000000001
1553,0,1.2101697371768998,0.11000970510047564,0.22556106781105947,-9.1757784096192606e-05,1002.4399309095454,1219.965454772705,0.10000000000000001
1554,0,1.2201661337858536,0.1100095568980463,0.22541745489577453,-8.7671454967743284e-05,1002.4499093544163,1224.9546772081317,0.10000000000000001
1555,0,1.2301604743319341,0.11000968730459298,0.2252135315908835,-9.6098820492900686e-05,1002.4497708611441,1224.8854305720442,0.10000000000000001
1556,0,1.2401574492248022,0.11000962933596176,0.2250477452548737,-8.9116891402351352e-05,1002.4561240143646,1228.0620071823023,0.10000000000000001
1557,0,1.2501514173380182,0.11000922207964987,0.22483649296108643,-9.8323009209710035e-05,1002.4524769495418,1226.2384747709234,0.10000000000000001
1558,0,1.2601491131565496,0.11000940055932365,0.22462483666826169,-9.0064693102719515e-05,1002.4557283333776,1227.8641666887893,0.10000000000000001
1559,0,1.2701434730616692,0.11000847357767739,0.22439564529334244,-9.4145162843636227e-05,1002.4521440431456,1226.0720215728043,0.10000000000000001
1560,0,1.2801417557932442,0.11000883921236532,0.2241232787802428,-8.866684970846511e-05,1002.4535200339196,1226.7600169598154,0.10000000000000001
1561,0,1.2901371217200608,0.1100076615421008,0.2238559220964913,-8.4166685904712117e-05,1002.452563216858,1226.2816084290193,0.10000000000000001
1562,0,1.3001358947085417,0.11000788538887404,0.2235237146757719,-8.3484899302483897e-05,1002.4541153189684,1227.0576594842169,0.10000000000000001
1563,0,1.3101324338177036,0.11000689858379203,0.22319050696486073,-6.8651241196401289e-05,1002.4560538840112,1228.0269420056129,0.10000000000000001
1564,0,1.3201320691933414,0.1100064921497655,0.22281365979789614,-6.9736262217036073e-05,1002.4611674229004,1230.5837114502083,0.10000000000000001
1565,0,1.3301292076896003,0.11000621614143524,0.22239112986446635,-4.7840599339538837e-05,1002.4644829812028,1232.2414906013819,0.10000000000000001
1566,0,1.3401306030660638,0.11000496138039714,0.22198811061692483,-4.5296307089287215e-05,1002.4779403459435,1238.9701729717331,0.10000000000000001
1567,0,1.3501269666567006,0.11000566921731895,0.22146837992401461,-2.6573421620012847e-05,1002.4805540128409,1240.277006420456,0.10000000000000001
1568,0,1.360131390903023,0.1100037634376916,0.22105838446722004,-2.4175522314893198e-05,1002.5068066365335,1253.4033182667486,0.10000000000000001
1569,0,1.3701252350542812,0.11000521815388958,0.22046429529256134,-2.4369056472967395e-05,1002.5062492932693,1253.1246466346602,0.10000000000000001
1570,0,1.380133875455519,0.11000314275093777,0.22006041684792282,-2.8282593395850914e-05,1002.5451387394627,1272.5693697313432,0.10000000000000001
1571,0,1.3901237945420137,0.11000453772080974,0.21944532597029212,-5.1608874264390481e-05,1002.5380426306888,1269.0213153443892,0.10000000000000001
1572,0,1.4001373376697921,0.11000288256789144,0.2190502349130862,-5.1343232887945405e-05,1002.5834821000976,1291.7410500488131,0.10000000000000001
1573,0,1.4101228860820199,0.1100032461924178,0.21848125064047771,-7.98757051406783e-05,1002.5680416971471,1284.0208485735616,0.10000000000000001
1574,0,1.4201411313010606,0.11000282347391971,0.21808100997430405,-6.4315859117987441e-05,1002.6119997422654,1305.9998711327125,0.10000000000000001
1575,0,1.430122732306031,0.11000161525493106,0.21759826683060032,-7.3734836640738862e-05,1002.5909469932592,1295.4734966295973,0.10000000000000001
1576,0,1.440144906706146,0.11000292345082541,0.2172013784485651,-5.0679625338211362e-05,1002.6301886562877,1315.0943281438572,0.10000000000000001
1577,0,1.4501234878709592,0.11000039926141082,0.21680861846285324,-6.3996196936479116e-05,1002.607516244885,1303.7581224425026,0.10000000000000001
1578,0,1.4601490192519102,0.11000296942210461,0.21646017561395123,-6.8919200013583951e-05,1002.6416363428178,1320.8181714089164,0.10000000000000001
1579,0,1.4701256566419643,0.10999995079082867,0.21615804177691525,-0.00011059375099641176,1002.6141311695129,1307.0655847564581,0.10000000000000001
1580,0,1.4801546129389638,0.1100024715554692,0.2158920420111605,-0.00014867454516815029,1002.6376751627814,1318.8375813907101,0.10000000000000001
1581,0,1.490129612833031,0.11000002341900882,0.21571858842936126,-0.00019712996289430958,1002.5952962164182,1297.6481082091027,0.10000000000000001
1582,0,1.5001626846167535,0.11000116806006445,0.21551142308454418,-0.00022212821661113759,1002.6014039746547,1300.7019873273293,0.10000000000000001
1583,0,1.5101341656809029,0.11000087526983492,0.21540378819276257,-0.00022008688580743978,1002.5335184982121,1266.7592491060304,0.10000000000000001
1584,0,1.5201729501824084,0.10999900381890153,0.21525858949721255,-0.00017741705840381501,1002.5303845844207,1265.1922922103722,0.10000000000000001
1585,0,1.5301381019860116,0.11000210646654586,0.21509729404402197,-0.00014437634200641355,1002.4368627018032,1218.4313509015965,0.10000000000000001
1586,0,1.5401858047693886,0.10999609205702691,0.21491884907588424,-7.6936112897504588e-05,1002.4375782190407,1218.789109520344,0.10000000000000001
1587,0,1.5501440167989704,0.11000184371626581,0.21471581440584586,-7.6652216915676702e-05,1002.332031201621,1166.0156008105105,0.10000000000000001
1588,0,1.5602047787767059,0.10999357736142361,0.21441397091208525,-6.8631908635181135e-05,1002.3395971959666,1169.7985979832879,0.10000000000000001
1589,0,1.5701567355831973,0.1099992728399854,0.21418509228662908,-0.00014838659257370373,1002.22545027762,1112.7251388099921,0.10000000000000001
1590,0,1.5802325521964398,0.10999313021782596,0.21378478860506761,-0.00017290656834761204,1002.2301091579462,1115.0545789731154,0.10000000000000001
1591,0,1.5901767293472162,0.10999642024313747,0.21343782275896564,-0.00024766025068119067,1002.0989400819857,1049.4700409928441,0.10000000000000001
1592,0,1.6002643969670538,0.10999558211526915,0.21302335319884497,-0.00021916990212067866,1002.0963495323612,1048.1747661805798,0.10000000000000001
1593,0,1.6101985923950979,0.10999366748449688,0.21240738750670438,-0.00018229055374863504,1001.94783020124,973.91510061999043,0.10000000000000001
1594,0,1.62029457351036,0.10999775128771033,0.21194183030689917,-0.00011431042661534594,1001.9507830778393,975.39153891966635,0.10000000000000001
1595,0,1.630221969648086,0.10998861834984829,0.21110461649620837,-6.3528251218439408e-05,1001.7987745119659,899.38725598295832,0.10000000000000001
1596,0,1.6403294582865704,0.10999369872158819,0.21051540513169922,6.0453295413800043e-06,1001.8230052697143,911.50263485712912,0.10000000000000001
1597,0,1.6502584868449823,0.1099821961681515,0.20951798864674062,-7.172937224112569e-05,1001.6708320595992,835.41602979960317,0.10000000000000001
1598,0,1.6603815637619252,0.10998636021598295,0.20905015910050412,-8.7124836979311001e-05,1001.7233225866574,861.66129332872288,0.10000000000000001
1599,0,1.670312936263423,0.10997819811300025,0.20790329698961466,-0.00027256988522757414,1001.5522211341047,776.11056705234205,0.10000000000000001
1600,0,1.6804484554236738,0.10998836207051474,0.20746775202965018,-0.00023973121741305346,1001.6211041329497,810.55206647482692,0.10000000000000001
1601,0,1.690368922074607,0.10997574009496285,0.20666681641395626,-0.00039375011507601225,1001.4387353379913,719.36766899563054,0.10000000000000001
1602,0,1.7005151275712902,0.10999571223170962,0.20569599520892831,-0.00031812653825875561,1001.4949253729251,747.46268646254066,0.10000000000000001
1603,0,1.7104210697471265,0.10996930576812043,0.20563616004321147,-0.00041868694111441392,1001.3253734512515,662.68672562574693,0.10000000000000001
1604,0,1.7205813020108227,0.10999529664011357,0.20403911759752066,-0.00040062481553266156,1001.3331967833842,666.598391692105,0.10000000000000001
1605,0,1.7304899853814226,0.10995477440996243,0.20448567143123944,-0.00049861866503251348,1001.1798393575676,589.91967878381502,0.10000000000000001
1606,0,1.7406615860928709,0.10998802055391282,0.20276268314842735,-0.00038494448039001441,1001.1149067271543,557.45336357716724,0.10000000000000001
1607,0,1.7505862538959915,0.10993872299127948,0.20333659906900897,-0.00060949241439535093,1000.9860501260953,493.02506304763938,0.10000000000000001
1608,0,1.7607484790632371,0.10998742826120292,0.20134493972930007,-0.0002802510247293063,1000.8334176880464,416.70884402321917,0.10000000000000001
1609,0,1.7706930359244106,0.10994351664324135,0.20283410417612033,-0.00033825027361400641,1000.8332081295787,416.60406478933965,0.10000000000000001
1610,0,1.7808196691691613,0.10997993043641066,0.19949601047302998,-0.00025932876071046236,1000.5225772117277,261.28860586385372,0.10000000000000001
1611,0,1.7908168002394966,0.10996882601170442,0.20224059796746574,0.00020025491696973755,1000.7903568091436,395.17840457182274,0.10000000000000001
1612,0,1.8008621071686444,0.11000973500566348,0.19777491365676741,-8.8369319764967916e-05,1000.2882146173354,144.10730866768517,0.10000000000000001
1613,0,1.8109106662531598,0.11000392297233166,0.20050146396709642,0.00082580410775752401,1000.8163039676314,408.15198381568507,0.10000000000000001
1614,0,1.8208615782806461,0.11009542903337811,0.19612013290288022,0.00073126625173905826,1000.2056535631968,102.82678159842362,0.10000000000000001
1615,0,1.8308982683773583,0.11002978565374454,0.19674042574663478,0.00078539884850724491,1000.8264459623463,413.22298117313494,0.10000000000000001
1616,0,1.8407680833523707,0.11020311241047491,0.19435142925923601,0.0012489915037052276,1000.3304062081063,165.20310405314831,0.10000000000000001
1617,0,1.8507140095884502,0.11011623412479318,0.19113042678153958,0.0011088307191151098,1000.719088906944,359.54445347198316,0.10000000000000001
1618,0,1.8605969993801936,0.11018127863826428,0.1924930653446226,0.0013243905978758545,1000.3153896870663,157.69484353313601,0.10000000000000001
1619,0,1.8703183531799699,0.1101563752559865,0.18573402245606885,0.00089739463732310838,1000.2472735984617,123.63679923083737,0.10000000000000001
1620,0,1.8805772194926469,0.11005680007384279,0.19114730824169821,0.00056529941657560074,1000.0952992163765,47.64960818823738,0.10000000000000001
1621,0,1.8896137234552886,0.10995044089154783,0.18344388299079231,0.0001974349196302856,1000.1249905971964,62.495298598207683,0.10000000000000001
1622,0,1.9044739529439358,0.10977538735088847,0.18893911738029145,-0.0012404776241855956,1000.1008968567357,50.448428367872111,0.10000000000000001
1623,0,1.9044710210030327,0.10986400322002744,0.18893670932648579,-0.001238395882261827,1000.100908521869,50.454260934486683,0.10000000000000001
1624,0,1.9303007935032261,0.11199347484507485,0.18497927031129666,0.0025690429989493973,999.97025164737681,-14.874176311593601,0.10000000000000001
1625,0,1.9302956821109516,0.11208938733376554,0.18496722723336387,0.0026072158045852985,999.96916682446249,-15.416587768754653,0.10000000000000001
1626,0,1.9387970379316934,0.11273618086268183,0.18275104997709615,-8.4317255349092158e-05,1000.0228438573558,11.421928677918913,0.10000000000000001
1627,0,1.9584969790718065,0.10931631009262786,0.18240185527042688,0.0011278617401565758,1000.0042356873561,2.1178436780360244,0.10000000000000001
1628,0,1.9584395724040764,0.10895140574267874,0.18230882961895395,0.0011307283068040502,1000.001467739515,0.73386975748235272,0.10000000000000001
1629,0,0.15852915755231636,0.11795064550695696,0.25153812254181385,0.0017508319159611231,999.99218743884728,-3.9062805763592223,0.10000000000000001
1630,0,0.15858797441983988,0.11725438570010344,0.25185153687528977,0.0016520664791932281,999.9924993837501,-3.7503081249496972,0.10000000000000001
1631,0,0.17663366325805277,0.12014368692087961,0.24265385289766148,-0.00057108782012197539,1000.0277268965889,13.86344829444397,0.10000000000000001
1632,0,0.18737947779900063,0.12235901971300357,0.24951939169459958,-0.0023987407407208908,1000.0226154422778,11.307721138905436,0.10000000000000001
1633,0,0.18730634634187698,0.12303878087676005,0.24958867293815346,-0.0021034740202807651,1000.0281994126574,14.099706328693173,0.10000000000000001
1634,0,0.21297614257287428,0.12005267480108857,0.22835058629144514,-0.00084453709991890097,1000.3144491117458,157.22455587291506,0.10000000000000001
1635,0,0.21299519494528771,0.11984468961216516,0.22848583062147251,-0.0011022145913925085,1000.3138970915542,156.94854577708384,0.10000000000000001
1636,0,0.22776075963842474,0.11975405310551476,0.23601973921884856,-0.00064618347618385682,999.80585269713072,-97.073651434641306,0.10000000000000001
1637,0,0.23679017799406296,0.11979415325026854,0.22519495025797479,-0.0016519713200472176,1000.3907233747904,195.36168739517734,0.10000000000000001
1638,0,0.24747181018507292,0.11979728801118347,0.23633657353934001,-0.00033750135657329892,1000.0015004990015,0.75024950075430752,0.10000000000000001
1639,0,0.257255918874852,0.11992404266730887,0.22633495061466821,-0.0016353931994834807,1000.2117288212135,105.86441060672769,0.10000000000000001
1640,0,0.26760803516399689,0.11971403444773505,0.23391090009600096,-0.00068099035964808976,1000.1083619753447,54.180987672339143,0.10000000000000001
1641,0,0.27752141301866723,0.11988053466924214,0.22762125999341293,0.00044693671864994624,1000.1367736884234,68.386844211715925,0.10000000000000001
1642,0,0.2878637187472442,0.119808225308957,0.2305122524364229,-7.322240099308185e-05,1000.3998022402653,199.90112013266526,0.10000000000000001
1643,0,0.29778951603028414,0.11993408490675596,0.2284404552875601,-0.00036322140633957825,1000.1943563700705,97.178185035261322,0.10000000000000001
1644,0,0.30810538535236609,0.11981702035985668,0.22719060526147228,-0.0002468031753933108,1000.6127750013273,306.38750066367493,0.10000000000000001
1645,0,0.31797629332881333,0.11996118499390654,0.22880635923560433,6.8341400596508468e-05,1000.2688952246319,134.44761231596658,0.10000000000000001
1646,0,0.328302670397778,0.11984755078436134,0.2251759696879394,-6.6895931936313848e-05,1000.6596507316373,329.82536581863542,0.10000000000000001
1647,0,0.33811069542004174,0.11996527499968286,0.22771043876385771,-5.397132940396766e-05,1000.4626315051866,231.31575259327519,0.10000000000000001
1648,0,0.34844456494993586,0.11989519077953802,0.22408265790707885,-2.3268550742126212e-05,1000.6911486137833,345.57430689164903,0.10000000000000001
1649,0,0.35821137027108663,0.11997050261428931,0.22583595170124235,1.1410724695927453e-05,1000.6760819416958,338.04097084788509,0.10000000000000001
1650,0,0.36854087026415189,0.11991644250132476,0.22336552490641096,2.545321900239727e-05,1000.714445064055,357.22253202749243,0.10000000000000001
1651,0,0.37831670044960286,0.11996652163537841,0.22390864913819031,3.965033639563631e-05,1000.8385545351701,419.27726758507333,0.10000000000000001
1652,0,0.38860652162497805,0.11993247630875443,0.22225466568410895,3.8000387528078789e-05,1000.7752999020749,387.64995103747424,0.10000000000000001
1653,0,0.39841945283806773,0.11996683668990488,0.22250563371920848,0.00010056444768461859,1000.951367111212,475.68355560599684,0.10000000000000001
1654,0,0.40866125065535547,0.11994796315336259,0.22092811029752038,4.0862563901219769e-05,1000.8722017389601,436.10086948007165,0.10000000000000001
1655,0,0.4185103745449682,0.11996937024358427,0.22115092625750646,3.4584126193924261e-05,1001.0631744958306,531.58724791529721,0.10000000000000001
1656,0,0.42871420781044695,0.11996057841773504,0.2199322699522096,3.9839254327794809e-05,1000.968709799654,484.35489982699664,0.10000000000000001
1657,0,0.43858663493298289,0.11997371146538295,0.21973388596050406,1.158610177047866e-05,1001.175012547158,587.50627357898111,0.10000000000000001
1658,0,0.44876379390898424,0.11997147755067851,0.2192277100172485,2.7122523155092633e-05,1001.0615823173706,530.7911586853038,0.10000000000000001
1659,0,0.45865342595869824,0.11997924788112566,0.2186319095982111,-8.8730465946999218e-06,1001.2763648359578,638.18241797889641,0.10000000000000001
1660,0,0.46880496021187174,0.11997885198869536,0.21859704155376306,1.081534871253323e-05,1001.1738248240342,586.91241201711364,0.10000000000000001
1661,0,0.4787147836091929,0.11998489123530297,0.21803513114432438,-5.0270487293401924e-05,1001.3732043690463,686.60218452316713,0.10000000000000001
1662,0,0.4888392441817897,0.11998429011516079,0.21818891356597184,-2.1302361440310523e-05,1001.3043781951607,652.18909758033305,0.10000000000000001
1663,0,0.49877025092354882,0.11998731323435996,0.21785701034419122,-0.00010648362280823115,1001.477040754546,738.52037727300512,0.10000000000000001
1664,0,0.50887063437192015,0.11998782195647145,0.21817394415923488,-7.0864906023215143e-05,1001.4427185086398,721.359254319907,0.10000000000000001
1665,0,0.51881929657472381,0.11998845688847815,0.21807087728238109,-0.00015142502566675608,1001.5918207712666,795.91038563330585,0.10000000000000001
1666,0,0.52890120873904867,0.11998962793734474,0.21852713932221193,-0.00011983236133639359,1001.5852677822006,792.63389110030857,0.10000000000000001
1667,0,0.53886200452828581,0.1199898300403951,0.21872900986096303,-0.00018506603859867811,1001.7122927452947,856.14637264734483,0.10000000000000001
1668,0,0.54893122831397057,0.11999004609851488,0.21917744747032822,-0.00015523148597018193,1001.7274546916776,863.72734583881083,0.10000000000000001
1669,0,0.55889916776987225,0.1199908274648404,0.21970594162467599,-0.00020435440303138554,1001.8353292466181,917.66462330906506,0.10000000000000001
1670,0,0.5689601793827318,0.11999039819791886,0.22015005437318755,-0.00017386923326370376,1001.8576419791182,928.82098955908532,0.10000000000000001
1671,0,0.57893238884895648,0.11999065704414157,0.22081989454966958,-0.00020560825310347302,1001.9541321740196,977.06608700980269,0.10000000000000001
1672,0,0.58898724672798963,0.11999078548215919,0.22132503939925019,-0.00017277081712892793,1001.970622285916,985.31114295798261,0.10000000000000001
1673,0,0.59896326509521092,0.11999023453299865,0.22199660136260482,-0.00019347629007438464,1002.0562362688432,1028.1181344216179,0.10000000000000001
1674,0,0.60901216152025317,0.11999065008615112,0.22251141597061433,-0.00015124973265515684,1002.0630861057325,1031.5430528662546,0.10000000000000001
1675,0,0.61899281664922401,0.11999000477972699,0.2231244364690135,-0.00016508223269129119,1002.1339435674664,1066.9717837332087,0.10000000000000001
1676,0,0.6290353451493651,0.11999028087027738,0.22358395881431464,-0.0001201578298651306,1002.1300111440021,1065.0055720010414,0.10000000000000001
1677,0,0.63902145490614937,0.11998964937922631,0.2240664900147761,-0.00012284343233997863,1002.184371009402,1092.1855047009785,0.10000000000000001
1678,0,0.64905775297967228,0.11998993386106428,0.22444608539837452,-8.1034927882252475e-05,1002.1692971956815,1084.6485978407259,0.10000000000000001
1679,0,0.65904942480765216,0.11998918526576595,0.22474930623662465,-7.6482778843047581e-05,1002.2070965958009,1103.5482979004314,0.10000000000000001
1680,0,0.66908040459202844,0.11998949441827476,0.22501665644956476,-3.7366813661208337e-05,1002.1834035751078,1091.7017875539159,0.10000000000000001
1681,0,0.67907694641087535,0.11998866313414276,0.22516010701360686,-3.3067116409470971e-05,1002.2052339531675,1102.6169765837608,0.10000000000000001
1682,0,0.68910404947738224,0.11998895694955289,0.2252859143049033,1.8108226678121935e-06,1002.1769327746349,1088.4663873174532,0.10000000000000001
1683,0,0.6991045460175187,0.11998814748373042,0.22531163701538426,2.9262162688831709e-06,1002.1859909476967,1092.9954738483616,0.10000000000000001
1684,0,0.7091289387316615,0.11998835547390645,0.22531894721025833,2.8471491327834597e-05,1002.1560859420583,1078.0429710291628,0.10000000000000001
1685,0,0.719132722677162,0.1199876496005159,0.22525458625809136,2.692203903328107e-05,1002.157956810717,1078.9784053584981,0.10000000000000001
1686,0,0.72915514912558976,0.1199876921072062,0.22520474159736126,4.0973951027419063e-05,1002.1289935571899,1064.4967785949575,0.10000000000000001
1687,0,0.73916175698172293,0.119987153417077,0.22508982545321413,3.4859176488181572e-05,1002.1285197574414,1064.2598787206907,0.10000000000000001
1688,0,0.74918270828895495,0.11998710514814472,0.22502924788709661,4.0460211006814007e-05,1002.103977949471,1051.9889747354796,0.10000000000000001
1689,0,0.7591916254351756,0.11998670045426298,0.22491986551727608,2.9616111188148585e-05,1002.1042013132632,1052.1006566315805,0.10000000000000001
1690,0,0.76921132113468338,0.11998677027537628,0.22488000785462137,2.9596104555447243e-05,1002.0868205724206,1043.4102862103032,0.10000000000000001
1691,0,0.77922202673365815,0.1199864841653368,0.22481482981053602,1.6954309752481478e-05,1002.0899381499936,1044.9690749967999,0.10000000000000001
1692,0,0.789240549501384,0.11998661681454983,0.22481999416235871,1.3898569922037194e-05,1002.0806580399124,1040.3290199561752,0.10000000000000001
1693,0,0.79925255042340426,0.11998645764145238,0.22481289679526981,2.2700660253456593e-06,1002.0877572799053,1043.8786399526521,0.10000000000000001
1694,0,0.80926999630123553,0.11998658307045644,0.22486913389358085,-1.054505644066999e-06,1002.0861174832175,1043.0587416087747,0.10000000000000001
1695,0,0.81928283158014392,0.11998651354049979,0.22491600207627174,-9.8089217313635859e-06,1002.0969142338661,1048.4571169330366,0.10000000000000001
1696,0,0.82929938493082211,0.11998661007199996,0.22501121234566115,-1.1838873252336298e-05,1002.101288833126,1050.6444165629887,0.10000000000000001
1697,0,0.8393126813107824,0.11998662665602154,0.22509316838105964,-1.6676644382061369e-05,1002.1144483914634,1057.2241957316919,0.10000000000000001
1698,0,0.84932841185726782,0.11998683929014563,0.22520380688373706,-1.5921197605988469e-05,1002.1224709620207,1061.2354810103284,0.10000000000000001
1699,0,0.85934180779501623,0.11998697148054667,0.2252936148323714,-1.6946354375706971e-05,1002.1360028739714,1068.0014369856963,0.10000000000000001
1700,0,0.86935674033775578,0.11998729559392857,0.22539336989401898,-1.3122716346970146e-05,1002.1449931518782,1072.4965759391125,0.10000000000000001
1701,0,0.87936998532873889,0.1199875620809964,0.22546397835525325,-1.0472611205339203e-05,1002.1568658865934,1078.4329432967183,0.10000000000000001
1702,0,0.88938413486296475,0.11998796739208462,0.22552994411581587,-4.4701736720389951e-06,1002.1644283703773,1082.2141851886613,0.10000000000000001
1703,0,0.89939708544182506,0.11998835905213191,0.2255619265562421,1.0230026675692119e-06,1002.1729458535729,1086.4729267864277,0.10000000000000001
1704,0,0.90941050813013002,0.1199888623805538,0.22558024638043955,8.5297269631543086e-06,1002.1774583243703,1088.7291621851318,0.10000000000000001
1705,0,0.91942308871299872,0.11998938988035633,0.2255659175802272,1.5517536615764394e-05,1002.1817118964126,1090.8559482062969,0.10000000000000001
1706,0,0.92943584046995853,0.11998999699144809,0.22553500970152462,2.3367735630902586e-05,1002.1824958516547,1091.2479258273606,0.10000000000000001
1707,0,0.93944799060933104,0.11999065307876312,0.22547870508344997,3.0398578647245485e-05,1002.1825801259105,1091.2900629552382,0.10000000000000001
1708,0,0.94946008791055536,0.11999141558314178,0.22541067389672159,3.6964278465373231e-05,1002.1800044464388,1090.0022232194146,0.10000000000000001
1709,0,0.95947170491975498,0.11999225254024269,0.22532709102138893,4.1998168480741057e-05,1002.1769376504504,1088.4688252252204,0.10000000000000001
1710,0,0.96948308605810973,0.11999319283132544,0.22524272816777455,4.5695281819068579e-05,1002.1723264763772,1086.1632381885897,0.10000000000000001
1711,0,0.97949401782326184,0.11999423680367848,0.22515387669894354,4.6800108067726838e-05,1002.1677843454895,1083.8921727447541,0.10000000000000001
1712,0,0.98950455918653157,0.11999537908375164,0.22507559944295938,4.6764800804346569e-05,1002.1631116370587,1081.5558185293526,0.10000000000000001
1713,0,0.999514590915908,0.11999658628810912,0.22500265441725154,4.3425250469056897e-05,1002.1591666859256,1079.5833429627919,0.10000000000000001
1714,0,1.0095241891558673,0.11999780232234143,0.22494775028772468,3.94258983985821e-05,1002.156572841604,1078.2864208019873,0.10000000000000001
1715,0,1.0195332378314788,0.11999894938565639,0.22490413608225471,3.2457039492966349e-05,1002.1553964662926,1077.6982331462932,0.10000000000000001
1716,0,1.0295419182548879,0.12000010792548421,0.22487862261236985,2.5451042394990775e-05,1002.156739455274,1078.3697276369821,0.10000000000000001
1717,0,1.0395499740818668,0.12000122823007124,0.22486479175719151,1.7784824079343899e-05,1002.1602273055406,1080.1136527703079,0.10000000000000001
1718,0,1.049557619751099,0.12000248132686774,0.22486068205051474,1.0672059678267713e-05,1002.1667892918264,1083.394645913188,0.10000000000000001
1719,0,1.0595645040036976,0.12000378298060667,0.22486450254625059,6.7566976341798993e-06,1002.1761633230102,1088.0816615051003,0.10000000000000001
1720,0,1.0695707611971519,0.12000522123970747,0.22486181008521638,3.3522195717481103e-06,1002.1882972399226,1094.1486199612882,0.10000000000000001
1721,0,1.079576207567706,0.12000674205047804,0.22486300118010633,6.6526249622925391e-06,1002.2038388730539,1101.9194365269414,0.10000000000000001
1722,0,1.0895806960499308,0.12000827296186647,0.22484128240663331,9.9181216125780576e-06,1002.2209787161408,1110.4893580704243,0.10000000000000001
1723,0,1.0995845358989673,0.12000986229278057,0.22481631794639387,2.0488510072391636e-05,1002.241702396325,1120.8511981624838,0.10000000000000001
1724,0,1.109587124011028,0.12001121779649006,0.22476335730715802,3.1202169093451532e-05,1002.2625875966474,1131.2937983237248,0.10000000000000001
1725,0,1.1195893895298681,0.1200126290644172,0.22469615639844903,4.5475605412735536e-05,1002.2862800034396,1143.1400017198143,0.10000000000000001
1726,0,1.1295903001065515,0.12001370687063409,0.22460995648467844,6.2168929445925326e-05,1002.3091762368922,1154.5881184460995,0.10000000000000001
1727,0,1.1395910499405149,0.12001491750153941,0.22449651249547442,7.6188749721278477e-05,1002.3327901270582,1166.3950635290803,0.10000000000000001
1728,0,1.1495906432796998,0.1200158968889467,0.22438380970291535,9.6262604253945593e-05,1002.355752676389,1177.8763381944941,0.10000000000000001
1729,0,1.1595897904554957,0.12001686995484251,0.22423321947935007,0.00010667601386354488,1002.3762257809757,1188.1128904878437,0.10000000000000001
1730,0,1.1695884508349041,0.12001782224322764,0.22410200560039181,0.00012503702586407007,1002.3971359857699,1198.5679928849322,0.10000000000000001
1731,0,1.1795860056618057,0.1200184370394667,0.22393331912320649,0.00013145807628478791,1002.4124182923447,1206.2091461723412,0.10000000000000001
1732,0,1.1895840652795371,0.1200193508867624,0.2237865020870396,0.00014272550897452264,1002.429127520388,1214.5637601939825,0.10000000000000001
1733,0,1.1995803680844894,0.12001956318214003,0.22362142910324764,0.00014656786208029431,1002.4389805680621,1219.4902840310533,0.10000000000000001
1734,0,1.2095779028907747,0.1200202588212843,0.22345085452760169,0.00014703006366615707,1002.4493624032964,1224.6812016481954,0.10000000000000001
1735,0,1.219573802037643,0.12002010675006095,0.22330473957524208,0.00015185743741563814,1002.4555809376967,1227.7904688483545,0.10000000000000001
1736,0,1.2295705890612527,0.12002034136490899,0.22309938830401471,0.00014169718541988651,1002.4581862808387,1229.0931404193657,0.10000000000000001
1737,0,1.2395673002367418,0.1200200331917565,0.22296479578712769,0.00014878707355834447,1002.4633104533483,1231.6552266741496,0.10000000000000001
1738,0,1.2495629692958792,0.12001957823007432,0.22272126638492237,0.00013345065696606376,1002.4584407792651,1229.2203896325304,0.10000000000000001
1739,0,1.2595615954875101,0.12001934761676215,0.22257119414018392,0.00014235177620446383,1002.4645535494542,1232.2767747270973,0.10000000000000001
1740,0,1.2695559795584739,0.12001815274079899,0.22229415072848843,0.00013261102994192026,1002.4547392329683,1227.3696164841681,0.10000000000000001
1741,0,1.2795569066901809,0.1200180818808446,0.22208698222908899,0.00014210167919556456,1002.4625098519024,1231.2549259511911,0.10000000000000001
1742,0,1.2895505178154594,0.12001637519238917,0.22178997848265994,0.00014938545467554025,1002.452706654463,1226.353327231493,0.10000000000000001
1743,0,1.2995531187552987,0.12001629979688051,0.22148698346945631,0.00015824753819375375,1002.4615446733029,1230.7723366514551,0.10000000000000001
1744,0,1.3095472476385595,0.12001463841177579,0.22117663209714636,0.0001850659742397998,1002.4573618857665,1228.6809428832726,0.10000000000000001
1745,0,1.3195501130547564,0.12001405742988315,0.22076085833363401,0.0001884263521227547,1002.4660871887099,1233.0435943549674,0.10000000000000001
1746,0,1.3295463116116522,0.12001315133388279,0.22042802815128312,0.00022379587139084676,1002.4709054582382,1235.4527291191175,0.10000000000000001
1747,0,1.3395481144761365,0.1200116673582126,0.21992030688609132,0.00021922459041878064,1002.4790356612341,1239.5178306170465,0.10000000000000001
1748,0,1.3495469595940015,0.12001184396452823,0.21953514123323423,0.00024668896151086762,1002.4912743130524,1245.6371565261861,0.10000000000000001
1749,0,1.3595475044081331,0.12000936197545538,0.21899820362667111,0.0002466298994473373,1002.5009615238581,1250.4807619290546,0.10000000000000001
1750,0,1.3695478004129575,0.12001029058769344,0.21852721466635991,0.00025722114284984786,1002.5150994304967,1257.5497152483308,0.10000000000000001
1751,0,1.3795487747981665,0.1200074241659293,0.21803951583236258,0.00027670528475437581,1002.5316863693319,1265.8431846659255,0.10000000000000001
1752,0,1.3895475936622312,0.12000855023739589,0.21747383005231291,0.00026850371489072318,1002.5416615452225,1270.830772611248,0.10000000000000001
1753,0,1.399552297733385,0.12000631978827196,0.21708809620669045,0.0003046759844739452,1002.5709018962228,1285.4509481114178,0.10000000000000001
1754,0,1.4095458335656044,0.12000710630799183,0.21645057929832645,0.00026116081870302841,1002.5707545860063,1285.3772930031369,0.10000000000000001
1755,0,1.419557876540066,0.1200064471872434,0.21617132368404735,0.00028676905596859215,1002.6135519154296,1306.7759577148195,0.10000000000000001
1756,0,1.429542970953116,0.12000619295527165,0.21553097212354397,0.00021140536982291956,1002.5974614297163,1298.7307148581522,0.10000000000000001
1757,0,1.4395644056819696,0.12000676654319463,0.21530891761315593,0.00021404742524152437,1002.6457876981889,1322.8938490944415,0.10000000000000001
1758,0,1.4495401689071052,0.1200047856810431,0.21475887649344208,0.00014615987206289315,1002.6099549903391,1304.9774951695667,0.10000000000000001
1759,0,1.4595707682086114,0.120005462216662,0.21454809851736054,0.00015376805379811796,1002.6535512057311,1326.7756028655526,0.10000000000000001
1760,0,1.4695394048527137,0.12000208216401463,0.21419131040665804,0.00014439452831294344,1002.6017117897421,1300.8558948710629,0.10000000000000001
1761,0,1.4795765668325402,0.12000276932167238,0.21392823624116872,0.00018634345920638445,1002.6330670910887,1316.5335455443596,0.10000000000000001
1762,0,1.4895427154431176,0.12000039309910661,0.21384524177310524,0.0002215268521304846,1002.5773346332787,1288.6673166393621,0.10000000000000001
1763,0,1.499581419412114,0.12000145764248961,0.21347224454761946,0.00024919057081801882,1002.5907155731986,1295.3577865993111,0.10000000000000001
1764,0,1.509549863732649,0.12000231530557429,0.21360845909066545,0.00027092048358182152,1002.5387166350042,1269.3583175021104,0.10000000000000001
1765,0,1.5195854247986078,0.12000243026036479,0.21316163905055618,0.00024202949420431346,1002.5304248631638,1265.2124315819151,0.10000000000000001
1766,0,1.5295587268564748,0.12000497280922659,0.21331526703297141,0.0002003308670460712,1002.4741609453249,1237.0804726624556,0.10000000000000001
1767,0,1.5395909070539429,0.12000134269258543,0.2128700475446535,0.00017788711506461338,1002.444273697604,1222.1368488019948,0.10000000000000001
1768,0,1.5495690435432765,0.12000247689378142,0.21289093078649751,0.00013559163153883618,1002.372199397081,1186.0996985404881,0.10000000000000001
1769,0,1.559603749629483,0.11999423628637265,0.21248461383311004,0.000189385134099421,1002.3301474123531,1165.0737061765426,0.10000000000000001
1770,0,1.5695821981137279,0.11999601384093705,0.21227916237119254,0.00020333657432285886,1002.2389533229763,1119.476661488136,0.10000000000000001
1771,0,1.5796288814476767,0.11998769191724554,0.21198955651156554,0.00031934170764681908,1002.2114501268318,1105.7250634158891,0.10000000000000001
1772,0,1.5895958096755836,0.11999434044655921,0.21143564009227592,0.00033024063133604229,1002.0973459026486,1048.6729513243063,0.10000000000000001
1773,0,1.5996633313306619,0.11999059420541366,0.21127084529968948,0.00037697368299149546,1002.1070922607689,1053.5461303844613,0.10000000000000001
1774,0,1.6096057231086858,0.119998197981731,0.21039721248783883,0.00029351929272705875,1001.964748979908,982.37448995399745,0.10000000000000001
1775,0,1.6197003873026301,0.11999605657725644,0.21008297326629163,0.00021863762573321108,1002.0008317638802,1000.4158819401141,0.10000000000000001
1776,0,1.6296168462486462,0.11999386103651688,0.2092219463517522,7.4535967311939184e-05,1001.8407714919811,920.38574599052936,0.10000000000000001
1777,0,1.6397407947829823,0.11999031087530149,0.20861040119679641,7.3210043335799412e-05,1001.8776899596236,938.84497981179038,0.10000000000000001
1778,0,1.6496435765733393,0.1199755752521971,0.20773224083025862,-3.0253023605569319e-06,1001.7060920657144,853.04603285720759,0.10000000000000001
1779,0,1.659789496140841,0.1199773507068156,0.20710592999566829,0.00012582522898139896,1001.7454353193052,872.71765965260784,0.10000000000000001
1780,0,1.6696885011082785,0.11996373835763385,0.2061766269594342,0.00014197646471196879,1001.5672305176998,783.61525884992034,0.10000000000000001
1781,0,1.6798422173666787,0.11997548208544079,0.20549015837955076,0.00028647886163872972,1001.610052041651,805.02602082549402,0.10000000000000001
1782,0,1.689734327014484,0.11996659049441598,0.20490476208165975,0.00026272386720834769,1001.43188551742,715.942758710014,0.10000000000000001
1783,0,1.6998957296740906,0.11998023570270872,0.20375434422962052,0.00037982298719103084,1001.4674940030732,733.74700153658523,0.10000000000000001
1784,0,1.7097721024686854,0.11996197143386043,0.20381109896665112,0.00035055752486598838,1001.3021242135985,651.0621067992588,0.10000000000000001
1785,0,1.7199590589965703,0.11997756565156716,0.20218193627284153,0.00047580096336537702,1001.3301770226949,665.08851134744873,0.10000000000000001
1786,0,1.7298201192591349,0.11994089132984889,0.20265583616457306,0.00048960190374961322,1001.2008904890153,600.44524450762538,0.10000000000000001
1787,0,1.7400389813238415,0.1199750314949861,0.20094370215166449,0.00050502897935399344,1001.2280926741084,614.04633705421929,0.10000000000000001
1788,0,1.7498920252655481,0.11993007603478882,0.20141819042557429,0.00045865903821891625,1001.1355736232922,567.78681164610134,0.10000000000000001
1789,0,1.7601225475103499,0.11999247430616711,0.19967727443485081,0.00043851037989869939,1001.1473011273448,573.65056367240186,0.10000000000000001
1790,0,1.7699843190051046,0.11993464016987206,0.20054218076874111,0.00014712550799369362,1001.0917441262679,545.87206313397019,0.10000000000000001
1791,0,1.7801923605908145,0.1200080697855955,0.19784684061908395,2.4260215806650328e-06,1000.9746232443853,487.31162219263524,0.10000000000000001
1792,0,1.7901070663582235,0.11993332952969152,0.20007380843309733,-1.7505038984811342e-06,1001.0659419899891,532.9709949945709,0.10000000000000001
1793,0,1.8002446687063176,0.12003044552680794,0.19574296928660448,-0.00016527330682122979,1000.6437876880177,321.89384400885501,0.10000000000000001
1794,0,1.810253085593873,0.11999080091509877,0.19924228363697363,0.00048306680200187738,1001.029500636822,514.75031841101782,0.10000000000000001
1795,0,1.8202678290313301,0.12005936481881335,0.19381274735462259,0.00049385814381049348,1000.2242245133352,112.11225666761493,0.10000000000000001
1796,0,1.8303382556989285,0.12011420401039326,0.19619750370697941,0.0019253636613756958,1000.8467594628108,423.37973140541862,0.10000000000000001
1797,0,1.8402747772945658,0.12014851265516982,0.19282712001300698,0.0026917601065015173,999.93955041805248,-30.224790973761628,0.10000000000000001
1798,0,1.8502411167118051,0.12024595176618881,0.19070386918306054,0.0033150331213745287,1000.5244995339273,262.24976696363456,0.10000000000000001
1799,0,1.8601885689894919,0.12033016803964773,0.19182749922824308,0.0036647373405866873,1000.0274138581461,13.706929073066476,0.10000000000000001
1800,0,1.8700072286432066,0.12015181414669301,0.18447981800281241,0.0024011354511844301,1000.3795279259467,189.76396297335896,0.10000000000000001
1801,0,1.8805049911367391,0.12017497929056765,0.19188044513506597,0.001562947089878565,1000.3550680204705,177.53401023526294,0.10000000000000001
1802,0,1.8894631966790769,0.12004276719707124,0.18317407201751557,-0.00032628254450630068,1000.0520861980152,26.043099007608816,0.10000000000000001
1803,0,1.904155917293352,0.11970609133739132,0.1889387871268394,-0.0030026241907791691,1000.1096973317275,54.848665863744372,0.10000000000000001
1804,0,1.9041523927743664,0.11990238757729306,0.18895631343129729,-0.0029840396904870043,1000.1100051568245,55.002578412256753,0.10000000000000001
1805,0,1.9299850909450289,0.12411696753026329,0.18052644075161478,0.0026994906298622601,999.94481284502558,-27.593577487209586,0.10000000000000001
1806,0,1.9299702472281965,0.12349515420850006,0.18081236946353013,0.0027255711349888213,999.94439289637353,-27.803551813235572,0.10000000000000001
1807,0,1.9401099023120145,0.12065254070389329,0.18280363407843955,0.00067618105264156015,1000.1489446010658,74.472300532875124,0.10000000000000001
1808,0,1.9590058806075545,0.11715431935288884,0.18228496376444148,-0.000162306508188137,1000.0000522766484,0.026138324187741091,0.10000000000000001
1809,0,1.9589764095589055,0.11782456643873124,0.18209259404075431,-0.00026678164501033768,999.99815099153739,-0.92450423130685522,0.10000000000000001
1810,0,0.15818589643705724,0.12892631420489564,0.24503007687579134,0.0062694748364248145,1000.0331258974583,16.562948729131222,0.10000000000000001
1811,0,0.158420373061539,0.12590010996069256,0.2471079971033853,0.0048663009816336082,1000.0141106228282,7.0553114140921025,0.10000000000000001
1812,0,0.17319381181107055,0.13181754503448881,0.23889682338139431,-0.0012894289625393286,1000.000483781808,0.24189090402160218,0.10000000000000001
1813,0,0.18549362160318533,0.13440800941193848,0.24806822222024424,4.463109122806937e-05,1000.1073077740951,53.653887047573789,0.10000000000000001
1814,0,0.1856023333153265,0.1340507267708029,0.24844151345416396,-4.947161190733184e-05,1000.1090676536456,54.533826822819265,0.10000000000000001
1815,0,0.21148013187311854,0.13030085796169757,0.21843809797007974,-0.0016098732115523791,1000.3044497764275,152.22488821376601,0.10000000000000001
1816,0,0.21155240127743122,0.12992453824322522,0.21903074923623952,-0.0019892510104034902,1000.3061824761503,153.09123807514879,0.10000000000000001
1817,0,0.22651737761461574,0.12970479635546878,0.22755939013119461,-0.002833269800196114,999.62900801698731,-185.49599150634322,0.10000000000000001
1818,0,0.23550121980235814,0.12971033043398983,0.21870970442249363,-0.0045478643350469064,1000.5096472703707,254.82363518534612,0.10000000000000001
1819,0,0.24644251016364532,0.12964127298127551,0.23226471058508116,-0.00018076671912200333,999.77122190600937,-114.38904699531349,0.10000000000000001
1820,0,0.25639354324874658,0.12967251460004095,0.22051737273984595,0.0010834100901344231,1000.5675566747842,283.77833739210701,0.10000000000000001
1821,0,0.26681279983128298,0.12981789324805856,0.22967970974548405,0.0011437528355917885,1000.2585354752006,129.26773760028709,0.10000000000000001
1822,0,0.27680517333603971,0.12977336015015875,0.22274279453521911,0.00039150059090399222,1000.2170504301129,108.52521505643153,0.10000000000000001
1823,0,0.28714544211936038,0.1297237270760111,0.22499077668403825,0.00015758862009338296,1000.4774675112867,238.7337556433522,0.10000000000000001
1824,0,0.29700182474323183,0.12978189161978634,0.22416726327129619,0.00016770201987923041,1000.204943142222,102.47157111098204,0.10000000000000001
1825,0,0.30740252286590097,0.12979621561802715,0.22214162227810627,9.9083955551496639e-05,1000.5268378075442,263.41890377210575,0.10000000000000001
1826,0,0.317158964004295,0.1298554146785309,0.22415834740699805,-0.00018491641055647874,1000.3213640437134,160.68202185670089,0.10000000000000001
1827,0,0.32756160125051048,0.12984532046002864,0.22002162414409535,-0.00030905773000660975,1000.5962992308366,298.14961541831053,0.10000000000000001
1828,0,0.33727412340405449,0.1299047316045272,0.22290444892839301,-0.00012850438253110959,1000.5160619177087,258.03095885436278,0.10000000000000001
1829,0,0.34765066677001694,0.12988587112402711,0.21914828902410599,-0.00010540032367268413,1000.6050537436549,302.5268718274674,0.10000000000000001
1830,0,0.35737077099839615,0.12992543098969808,0.22076426811486555,4.450501627846524e-06,1000.6948590293334,347.42951466671457,0.10000000000000001
1831,0,0.36771939734306514,0.12991065400236687,0.21851168252322867,-3.7237802024685288e-05,1000.6588705455795,329.43527278973761,0.10000000000000001
1832,0,0.37745675673235418,0.12993195139861755,0.21882430195852803,2.9994766094434199e-05,1000.8473620500533,423.68102502666716,0.10000000000000001
1833,0,0.38776700117859364,0.12993433710426175,0.21739456109371133,-2.2938446842541697e-05,1000.7586710160738,379.33550803688831,0.10000000000000001
1834,0,0.39753753341952086,0.12994287780241606,0.21746109222547785,-5.4705288551634883e-05,1000.9561618929681,478.08094648405586,0.10000000000000001
1835,0,0.40780310126318126,0.12994525696185771,0.21606412202830086,-2.6663695966970041e-05,1000.8571278037646,428.56390188228488,0.10000000000000001
1836,0,0.41761316952185606,0.12994946588544529,0.21610125724571769,-7.7377056555495775e-05,1001.0623918781471,531.19593907354101,0.10000000000000001
1837,0,0.42783451576884207,0.12995227256642422,0.21513867660584388,-6.1680747614966126e-06,1000.9382002794582,469.10013972910747,0.10000000000000001
1838,0,0.43768576231805173,0.12995967895314636,0.21467814600570276,-8.1892089868307086e-05,1001.168930868219,584.4654341095179,0.10000000000000001
1839,0,0.44786237336093171,0.12996449475315019,0.21436630408143131,-4.3796540413648055e-05,1001.0414778019854,520.73890099268283,0.10000000000000001
1840,0,0.45774974982786465,0.12996908662378215,0.21367812629540794,-0.00015673825755346471,1001.2609747745867,630.48738729332854,0.10000000000000001
1841,0,0.46788925063500175,0.12997470675998257,0.21363316999578083,-0.00011496303006714311,1001.1672813016298,583.6406508149139,0.10000000000000001
1842,0,0.47780369194206979,0.12997655645062808,0.21316098303048581,-0.000264438380916197,1001.3507932318912,675.3966159456013,0.10000000000000001
1843,0,0.48791640918107015,0.12997927933149128,0.21320372875576013,-0.00020369773938068222,1001.2981990064209,649.09950321043652,0.10000000000000001
1844,0,0.49785180578289606,0.12998105086287357,0.21298754581096202,-0.00037011734834914721,1001.4551426337962,727.57131689809285,0.10000000000000001
1845,0,0.50794406677875437,0.12998128887721722,0.21323089390208069,-0.00032465466559754091,1001.431271303523,715.63565176148813,0.10000000000000001
1846,0,0.51789460298555545,0.12998382003789291,0.21321675479756172,-0.00045692215536128066,1001.5712429366214,785.62146831069413,0.10000000000000001
1847,0,0.52797172501074174,0.12998258831692333,0.21360732563816159,-0.0004332083678427925,1001.5707607504856,785.38037524282345,0.10000000000000001
1848,0,0.53793219504537937,0.12998525750235154,0.2139074873069815,-0.00054225647531606458,1001.6920234410671,846.01172053356777,0.10000000000000001
1849,0,0.54799820945981426,0.12998380543157045,0.21430299846841511,-0.00051030515170032858,1001.710118336414,855.05916820699213,0.10000000000000001
1850,0,0.55796569465892232,0.12998531908866368,0.21490459366619424,-0.00059715869084044386,1001.8153889829993,907.69449149962611,0.10000000000000001
1851,0,0.56802278352727587,0.12998480596231568,0.21533570717424441,-0.00055993521543401428,1001.8391755341465,919.58776707326706,0.10000000000000001
1852,0,0.577996167970381,0.12998486696085274,0.21605649279945296,-0.00062166301193293289,1001.9340302266361,967.01511331804113,0.10000000000000001
1853,0,0.58804536692613885,0.12998535446675485,0.21656173767165937,-0.00057524003271487755,1001.9532125404666,976.60627023327606,0.10000000000000001
1854,0,0.59802396632695753,0.12998420766092539,0.21729040699988242,-0.00061733813347857036,1002.036184996265,1018.0924981324893,0.10000000000000001
1855,0,0.60806635621410188,0.12998553483985703,0.21780635582212221,-0.0005591966395575807,1002.047057146608,1023.52857330402,0.10000000000000001
1856,0,0.61804955034316145,0.12998355194608682,0.21847415812718632,-0.00058144192362970075,1002.1146844019131,1057.3422009565547,0.10000000000000001
1857,0,0.62808608460178239,0.12998518254625893,0.21894670089349452,-0.00051572314374199459,1002.1151491536078,1057.5745768039155,0.10000000000000001
1858,0,0.63807369078368681,0.12998313653422425,0.21947545754043221,-0.00051811771225405794,1002.1660871592434,1083.0435796216875,0.10000000000000001
1859,0,0.64810499376372377,0.12998439116144472,0.21987141247371317,-0.00045096180594679942,1002.1554195375468,1077.7097687733885,0.10000000000000001
1860,0,0.65809700198915788,0.12998279734127655,0.22022192765476986,-0.00044147506256007782,1002.1897737818684,1094.8868909342195,0.10000000000000001
1861,0,0.66812381972446289,0.12998341491941329,0.22049964088445978,-0.00037568206811842866,1002.1698601126598,1084.9300563298812,0.10000000000000001
1862,0,0.67811994497168981,0.12998223315912996,0.22068841998896693,-0.00036512161043591453,1002.1889349945842,1094.4674972921007,0.10000000000000001
1863,0,0.68814332887881391,0.12998248777666194,0.22082661475348109,-0.00030706641091171664,1002.1630265021709,1081.5132510854255,0.10000000000000001
1864,0,0.69814291550074692,0.1299814599930616,0.22088301461935519,-0.00030102121381324505,1002.1703700633861,1085.1850316930722,0.10000000000000001
1865,0,0.70816392223007785,0.12998159965706946,0.22091172134351367,-0.00026008758568958856,1002.1416104592985,1070.8052296492383,0.10000000000000001
1866,0,0.71816639672878313,0.12998064054953445,0.22086666453160606,-0.00026035549362409698,1002.1420904797062,1071.0452398531061,0.10000000000000001
1867,0,0.72818562786153684,0.12998066299116265,0.22083651107407942,-0.00023910617494469412,1002.1140377850637,1057.0188925318575,0.10000000000000001
1868,0,0.7381906661436024,0.1299798234894495,0.22074136910686251,-0.00025076717467673829,1002.1118813338807,1055.9406669403302,0.10000000000000001
1869,0,0.74820842892437589,0.1299798052114105,0.22069495058185401,-0.00024561228995768192,1002.0882290094457,1044.1145047228702,0.10000000000000001
1870,0,0.75821565787751299,0.12997912442990445,0.22060702371264229,-0.00026731880408031351,1002.0866762506587,1043.3381253293419,0.10000000000000001
1871,0,0.76823221493466676,0.12997926779203864,0.22057928751875855,-0.00027456410370466414,1002.0700243153989,1035.0121576994411,0.10000000000000001
1872,0,0.77824106668040849,0.12997879979912011,0.22053666461423474,-0.00030168724144743526,1002.0715121406553,1035.7560703276363,0.10000000000000001
1873,0,0.78825662582540146,0.12997902771211506,0.22055465943367514,-0.00031548610533418004,1002.0627551591638,1031.3775795818856,0.10000000000000001
1874,0,0.79826655324670903,0.12997875883842411,0.22057049821518918,-0.00034309112612707776,1002.0685318300796,1034.2659150397822,0.10000000000000001
1875,0,0.80828122151602921,0.12997896957737309,0.22064212390250509,-0.0003579749485682482,1002.0672493750689,1033.6246875344273,0.10000000000000001
1876,0,0.8182918504811475,0.12997882272357547,0.22071221935192381,-0.00038078350049487118,1002.0770991077759,1038.5495538879468,0.10000000000000001
1877,0,0.82830570320337615,0.12997899599062349,0.22082480139239138,-0.00039217645814308537,1002.0818173746243,1040.9086873121396,0.10000000000000001
1878,0,0.83831670556907079,0.12997899251509404,0.22093065302026191,-0.00040731328157161945,1002.0943689634631,1047.1844817315628,0.10000000000000001
1879,0,0.84832978327771391,0.12997928551963986,0.22105999481031557,-0.00041192627450824866,1002.1027884605791,1051.3942302895316,0.10000000000000001
1880,0,0.85834086071824756,0.1299794841973079,0.22117326464541107,-0.00041839346721942458,1002.1160694429826,1058.0347214913104,0.10000000000000001
1881,0,0.86835321264671705,0.12997993019985299,0.22129311645278293,-0.00041646940751047457,1002.1254908564416,1062.7454282208078,0.10000000000000001
1882,0,0.87836412618710569,0.12998029698063163,0.2213862066364933,-0.00041533599782724267,1002.1373484507604,1068.6742253802208,0.10000000000000001
1883,0,0.88837582541309257,0.12998085267113407,0.22147257472512533,-0.00040815724161571108,1002.1453639124143,1072.6819562071341,0.10000000000000001
1884,0,0.89838648945655641,0.12998137605356508,0.22152616552823995,-0.00040150524941546189,1002.1539437584587,1076.9718792293475,0.10000000000000001
1885,0,0.90839759213158711,0.1299820587825587,0.22156386351803445,-0.0003910721096720746,1002.1588321755667,1079.4160877833292,0.10000000000000001
1886,0,0.91840797779480943,0.12998274149464603,0.22156951712218928,-0.0003817540901806571,1002.1631511119859,1081.5755559929698,0.10000000000000001
1887,0,0.92841854487999342,0.1299835607834916,0.22155603941387625,-0.00037119255084744752,1002.164129397916,1082.0646989579927,0.10000000000000001
1888,0,0.93842864374914781,0.12998442411338934,0.22151722051681202,-0.00036283630183798831,1002.1642504798938,1082.1252399468904,0.10000000000000001
1889,0,0.94843872184092037,0.12998543190163123,0.22146373630890834,-0.00035570572980214195,1002.1616600431373,1080.8300215686586,0.10000000000000001
1890,0,0.95844849366839846,0.12998653309078681,0.22139507725790841,-0.00035153797690068618,1002.1585773508889,1079.2886754444453,0.10000000000000001
1891,0,0.96845808720266036,0.12998777800501077,0.22132224517062424,-0.000350271729872271,1002.1537968475996,1076.8984237997756,0.10000000000000001
1892,0,0.97846743162065852,0.12998917920079103,0.22124557471064007,-0.00035220386504108948,1002.1491744035829,1074.5872017914735,0.10000000000000001
1893,0,0.98847646626734942,0.12999070557436987,0.22117725529228371,-0.00035772478822988958,1002.1442879151368,1072.1439575684144,0.10000000000000001
1894,0,0.99848523023444036,0.12999233874483138,0.22111406229922898,-0.00036660180935979699,1002.1401356500321,1070.0678250160536,0.10000000000000001
1895,0,1.0084936711228498,0.12999395220217791,0.2210699613925656,-0.00037887556979072131,1002.1374178709356,1068.7089354677823,0.10000000000000001
1896,0,1.0185017593795962,0.12999551699614384,0.2210350496716818,-0.00039431581009226856,1002.1358233493052,1067.9116746525779,0.10000000000000001
1897,0,1.0285096264729174,0.12999704426933814,0.22102301674543309,-0.00041066881629928982,1002.137213492323,1068.6067461614925,0.10000000000000001
1898,0,1.0385169564185017,0.12999855903668808,0.22101888416436571,-0.00042835477374313541,1002.140053641605,1070.026820802525,0.10000000000000001
1899,0,1.0485241480534981,0.13000024161962223,0.22103080542497219,-0.00044233619099594073,1002.1467188710545,1073.3594355272658,0.10000000000000001
1900,0,1.0585305715722195,0.13000198299407564,0.22104771977179669,-0.00045543499854903703,1002.1554092573333,1077.7046286666518,0.10000000000000001
1901,0,1.0685367772210084,0.13000401007342446,0.22106156500771371,-0.00046117211266813603,1002.1674441063477,1083.7220531738581,0.10000000000000001
1902,0,1.0785421343136228,0.1300060407496875,0.22108053461243826,-0.00046462141485367596,1002.1826395886355,1091.3197943177693,0.10000000000000001
1903,0,1.0885469596261594,0.1300082609252349,0.22107309320830706,-0.00046067766688504517,1002.1991635922478,1099.581796123914,0.10000000000000001
1904,0,1.0985512177058747,0.13001036325340765,0.22107060457354055,-0.00045260578296820326,1002.220256466977,1110.1282334885241,0.10000000000000001
1905,0,1.1085544463427202,0.13001234226974853,0.22102791336709665,-0.00044111648952284947,1002.2399147356616,1119.957367830807,0.10000000000000001
1906,0,1.1185577042498918,0.1300142383633443,0.22098465436463544,-0.0004221290240267432,1002.2647448747203,1132.3724373601749,0.10000000000000001
1907,0,1.1285594038421407,0.13001574413621575,0.22090579034384736,-0.00040717949692967625,1002.286225096627,1143.1125483135247,0.10000000000000001
1908,0,1.1385616606616753,0.13001749982598979,0.22081202689623858,-0.00038026908790775077,1002.3112348899675,1155.6174449837613,0.10000000000000001
1909,0,1.1485621444359395,0.13001868755083087,0.22070744061386763,-0.00036608562182083678,1002.3335165336072,1166.7582668035834,0.10000000000000001
1910,0,1.1585631742469904,0.13002034439834242,0.22056605126827347,-0.00033856888993545039,1002.354612740845,1177.3063704225137,0.10000000000000001
1911,0,1.168562972269366,0.13002133574016081,0.2204491530714244,-0.00032851093562980888,1002.376739556276,1188.3697781379965,0.10000000000000001
1912,0,1.1785624635773924,0.13002264488298898,0.22027718497498308,-0.00031042460119102346,1002.3908223651791,1195.4111825895666,0.10000000000000001
1913,0,1.1885621576080696,0.13002356511176069,0.22015259962091799,-0.00030331339645078262,1002.4111578528286,1205.5789264143186,0.10000000000000001
1914,0,1.1985600610162832,0.13002420349218211,0.21997560263742852,-0.00030315148728755708,1002.4176941705333,1208.8470852666546,0.10000000000000001
1915,0,1.2085599816852155,0.13002510944022747,0.21983334244199687,-0.00029354822065847834,1002.4333587019678,1216.6793509838953,0.10000000000000001
1916,0,1.2185568652752745,0.13002478796321759,0.21967575007266799,-0.00031315026260959579,1002.4352580664131,1217.6290332065491,0.10000000000000001
1917,0,1.2285568195595415,0.13002559995937987,0.2194970331042598,-0.00029631641525472657,1002.4425170508342,1221.2585254171131,0.10000000000000001
1918,0,1.2385539097781364,0.13002441158956937,0.21936316239475898,-0.00032885829306515479,1002.445014151662,1222.5070758310039,0.10000000000000001
1919,0,1.2485531315350518,0.13002491328660187,0.21913610317031887,-0.0003050875004626822,1002.4411696764951,1220.5848382475324,0.10000000000000001
1920,0,1.2585519389615916,0.13002336091059949,0.2190055960444138,-0.00033509532316136203,1002.4494248114917,1224.7124057458336,0.10000000000000001
1921,0,1.2685494905818229,0.1300231368508076,0.21873239256122795,-0.00031532386745796321,1002.434762941953,1217.381470976477,0.10000000000000001
1922,0,1.2785511718981366,0.13002197728259401,0.21856105427316763,-0.00032282467178274866,1002.4505432760246,1225.2716380123161,0.10000000000000001
1923,0,1.2885466085805211,0.13002052890810464,0.2182632347286656,-0.00032076162528814058,1002.4301600552013,1215.0800276006635,0.10000000000000001
1924,0,1.2985512991388872,0.13002025703285536,0.21800032057814275,-0.00028480129821822252,1002.4500564437998,1225.0282218998905,0.10000000000000001
1925,0,1.3085453377318494,0.13001735278252557,0.21769617732768237,-0.00030563116890611701,1002.4334399901715,1216.7199950857253,0.10000000000000001
1926,0,1.3185518479271405,0.130017925688719,0.21730862404110299,-0.00021484482177315807,1002.4503887903568,1225.1943951783915,0.10000000000000001
1927,0,1.3285462611707011,0.13001419134120515,0.21699580777499619,-0.00024916029198482115,1002.4489729748315,1224.4864874157315,0.10000000000000001
1928,0,1.3385523149065988,0.13001512732021397,0.21648653822205116,-0.00012640150344096811,1002.4560554556305,1228.0277278152312,0.10000000000000001
1929,0,1.3485491622859125,0.13001204122742657,0.21613681628237963,-0.00016922808794414182,1002.4775622639523,1238.7811319761681,0.10000000000000001
1930,0,1.3585524851285002,0.13001235249898169,0.21556992814192913,-7.4619834910244698e-05,1002.4726964446438,1236.348222321908,0.10000000000000001
1931,0,1.368552793818131,0.13001125421804252,0.21513711760775248,-0.00012718116341948698,1002.5138287189845,1256.9143594922707,0.10000000000000001
1932,0,1.3785527617320432,0.13000970759016842,0.21461938486351917,-0.00012249386282473052,1002.5022822598776,1251.1411299387873,0.10000000000000001
1933,0,1.3885556035312847,0.13001102232001613,0.21408969608441472,-0.00015565535099182598,1002.547895449677,1273.9477248384787,0.10000000000000001
1934,0,1.3985541971547453,0.13000674425387512,0.21369307285133973,-0.00023736722049768467,1002.5412499038036,1270.6249519018229,0.10000000000000001
1935,0,1.4085566025927254,0.13001016669076423,0.21308420513383514,-0.00019364622997055107,1002.5701453632199,1285.0726816099609,0.10000000000000001
1936,0,1.4185577750436564,0.13000397673791617,0.21281424510307539,-0.00029885591726758404,1002.5846492002512,1292.3246001255961,0.10000000000000001
1937,0,1.428555335708436,0.13000860742119807,0.2121853040455661,-0.00017145691728897411,1002.5798714044984,1289.9357022491813,0.10000000000000001
1938,0,1.4385634016846143,0.13000273362731909,0.21196670257016753,-0.00027436153255141544,1002.6259194462314,1312.9597231156822,0.10000000000000001
1939,0,1.4485519566100706,0.13000686006316048,0.21142284881912837,-0.00016739409261053867,1002.5818889557155,1290.9444778577495,0.10000000000000001
1940,0,1.4585702229678101,0.13000287740995564,0.21117746325817252,-0.00030831839668302087,1002.6531388343595,1326.5694171797691,0.10000000000000001
1941,0,1.468548054565733,0.13000433019249433,0.21088017900751094,-0.00034434451498276895,1002.5766582819848,1288.3291409924027,0.10000000000000001
1942,0,1.4785777053391527,0.130002860707252,0.21054898084208545,-0.00048272132734575963,1002.6477102089082,1323.8551044540827,0.10000000000000001
1943,0,1.4885465182752948,0.13000074791466545,0.21058179378739675,-0.00063349627679566136,1002.5559055051068,1277.9527525534036,0.10000000000000001
1944,0,1.4985847932251148,0.13000276463006702,0.21015767494402948,-0.00060605392545400461,1002.5967489826905,1298.3744913452711,0.10000000000000001
1945,0,1.5085490100751715,0.12999843297572461,0.21042684184194735,-0.00070419045610405572,1002.5158650479888,1257.9325239943842,0.10000000000000001
1946,0,1.51858927473725,0.13000329145027378,0.20990845805577726,-0.00044252857595445419,1002.5061998756941,1253.0999378470256,0.10000000000000001
1947,0,1.5285547047208463,0.12999782892996969,0.21018673789922143,-0.00046632589699793802,1002.4567657089823,1228.3828544911444,0.10000000000000001
1948,0,1.5385917046050606,0.13000176954560808,0.20964235500254183,-0.00013320448562122666,1002.4000784887876,1200.0392443937926,0.10000000000000001
1949,0,1.5485637917087263,0.12999487069337279,0.20971134688645773,-0.00026076788056060996,1002.3772306996262,1188.6153498131193,0.10000000000000001
1950,0,1.5585979668624961,0.12999435474971616,0.20925944604857732,-0.00013296335017670048,1002.2912412941404,1145.6206470701886,0.10000000000000001
1951,0,1.5685794733857066,0.12998901802507473,0.20904448115823263,-0.00038508364845569001,1002.2683188041292,1134.1594020645971,0.10000000000000001
1952,0,1.5786146944715675,0.12998513563533051,0.20879466365430996,-0.00047435501539892783,1002.1787720310462,1089.3860155230755,0.10000000000000001
1953,0,1.5885983701852577,0.12998833062688306,0.20826388981935567,-0.0005835504873175348,1002.1220936715346,1061.0468357672858,0.10000000000000001
1954,0,1.5986402208081762,0.12998331254806034,0.20812090480559209,-0.00063958641148581833,1002.0633722990318,1031.686149515906,0.10000000000000001
1955,0,1.6086095225809467,0.12999423254169776,0.20735471651721032,-0.00041366308718042123,1001.9575110279488,978.75551397441996,0.10000000000000001
1956,0,1.6186672248940386,0.12998479540321042,0.20692981309350336,-0.00038904357089544512,1001.9475262418155,973.76312090773354,0.10000000000000001
1957,0,1.6286121227805685,0.12999068424787025,0.20622921247423687,-1.7599434829784977e-05,1001.8054686244805,902.73431224022715,0.10000000000000001
1958,0,1.6387003226748666,0.12997269172383583,0.20537553960647673,-0.00022396082166307961,1001.8402890064178,920.14450320891683,0.10000000000000001
1959,0,1.6486221652856736,0.12996870322886225,0.20473638146972495,-6.2813375009403342e-05,1001.6581381260489,829.06906302446259,0.10000000000000001
1960,0,1.6587535580423487,0.12995384174439367,0.20375055995810107,-0.00049632686402416163,1001.7377790498584,868.8895249292159,0.10000000000000001
1961,0,1.6686489546629608,0.12995374170491353,0.20325957727900179,-0.0005594949890966491,1001.5200249290197,760.01246450982762,0.10000000000000001
1962,0,1.6788117771548874,0.12995576588374408,0.20206203512422583,-0.00084389852592594986,1001.6188327931804,809.41639659022258,0.10000000000000001
1963,0,1.6886779301117811,0.12996506206179703,0.20201380856756201,-0.00097026990352206527,1001.4107764670982,705.38823354911528,0.10000000000000001
1964,0,1.698845023890724,0.12996595525762544,0.2004239250912731,-0.00094521944446341525,1001.4761965340084,738.09826700420444,0.10000000000000001
1965,0,1.7087003077559169,0.12996982593523998,0.20082243824533516,-0.0011460228865095017,1001.3095656499,654.78282495001849,0.10000000000000001
1966,0,1.7188713533615689,0.1299478460015151,0.19908938856108568,-0.00091417126544450966,1001.3043274725477,652.16373627384883,0.10000000000000001
1967,0,1.7287350033360709,0.1299402436016891,0.19954506126702778,-0.0012359033217696602,1001.1663443577069,583.17217885343098,0.10000000000000001
1968,0,1.7389268514370673,0.12991117607394867,0.19799801914280385,-0.00082824362492418433,1001.0835304575329,541.76522876645095,0.10000000000000001
1969,0,1.7487866094780111,0.12991105546940157,0.19833419816023373,-0.0012498710266344946,1000.9835843800522,491.79219002610353,0.10000000000000001
1970,0,1.7589971901986823,0.12990256607948941,0.19679379627001903,-0.00064106669430255157,1000.8199754245135,409.98771225673636,0.10000000000000001
1971,0,1.7688417433222754,0.12991069354323243,0.19727494223839906,-0.00095352037569421686,1000.7927746713502,396.38733567511508,0.10000000000000001
1972,0,1.7790775885374357,0.12990161797888999,0.19517774018991474,-0.00020442234324195458,1000.6033334863365,301.66674316825492,0.10000000000000001
1973,0,1.7889253281563666,0.12993237760196963,0.19657920763712064,-0.00022676935511925484,1000.6652239023285,332.61195116426734,0.10000000000000001
1974,0,1.7991678502976116,0.12993530357441857,0.19345638392746367,0.0005038713962104255,1000.4501142201418,225.05711007090667,0.10000000000000001
1975,0,1.8090750118315497,0.13003899717259146,0.19569305154039945,0.0011005075929152355,1000.6895051264775,344.75256323872827,0.10000000000000001
1976,0,1.819225228620148,0.13002449964399349,0.19178254856489324,0.0014112141024498199,1000.3028502853383,151.42514266915441,0.10000000000000001
1977,0,1.8292792676460281,0.13023313992320931,0.1940554901178437,0.0028464814446748851,1000.8763547844611,438.17739223055696,0.10000000000000001
1978,0,1.8392065599852805,0.13017889485152617,0.19075269447768797,0.0026176798116829651,1000.1720794014645,86.03970073227174,0.10000000000000001
1979,0,1.8494035676084675,0.1305007566405543,0.18963688064611409,0.0035066219648714351,1000.9063898712025,453.19493560123192,0.10000000000000001
1980,0,1.8592777647775334,0.13029420183692789,0.19068547145160114,0.0034306736326410636,1000.0577472448516,28.873622425805934,0.10000000000000001
1981,0,1.8689811656061242,0.13042484964864956,0.18366143513966279,0.002253702721614341,1000.459567117117,229.78355855849486,0.10000000000000001
1982,0,1.8796811108213423,0.13010050947386964,0.19056939354473734,0.0014327998382019267,999.97543096790218,-12.28451604890779,0.10000000000000001
1983,0,1.8883083224596555,0.12964541159685006,0.18294444464562667,-0.0022596439731395637,1000.1111140922743,55.557046137153066,0.10000000000000001
1984,0,1.9039200027737513,0.12973935010646989,0.19053153325764666,-0.0033359151870868513,1000.1093516644803,54.675832240150157,0.10000000000000001
1985,0,1.9038994083113474,0.13008974518358807,0.19059018758046792,-0.0032501261875193047,1000.1088288685644,54.414434282193724,0.10000000000000001
1986,0,1.9302127525780108,0.13485968992349409,0.17518777979819411,0.0024533219783148116,999.95673423315031,-21.63288342484293,0.10000000000000001
1987,0,1.9302168334169565,0.13521219812074572,0.17497131972234364,0.002529817424460839,999.95699655622764,-21.501721886181713,0.10000000000000001
1988,0,1.9412527483439967,0.13263799709022378,0.17542378312290285,0.0017190224215201352,1000.0144924374847,7.2462187423525393,0.10000000000000001
1989,0,1.9578708474296018,0.12523984732888255,0.17854464323622826,-0.00064993784595667684,999.96920098258659,-15.399508706707365,0.10000000000000001
1990,0,1.9573951237406748,0.1280669828076694,0.17710857001022151,-5.8825377830106483e-05,999.97007419501836,-14.962902490822216,0.10000000000000001
1991,0,0.15481685245769447,0.13738625512618441,0.23965193508209665,0.0063981885042215412,999.97319281344244,-13.403593278781045,0.10000000000000001
1992,0,0.15527676063417944,0.13680943793653727,0.24016742522308512,0.0062704632911339117,999.97661736982684,-11.691315086579834,0.10000000000000001
1993,0,0.16728656612945222,0.13701034744969293,0.23954761160123708,-0.00059975042142919658,999.99558032170603,-2.2098391469853595,0.10000000000000001
1994,0,0.18277653039627711,0.14238845267789038,0.23704260190256743,-0.0087698747628714713,999.94932976887617,-25.3351155619157,0.10000000000000001
1995,0,0.18302883436057338,0.14136065933402775,0.23897407974373308,-0.0075683939321913906,999.9766894740585,-11.655262970748481,0.10000000000000001
1996,0,0.21026278643743365,0.13974909682804848,0.20812824695539867,-0.0016710230821083897,1000.2221049637097,111.05248185486971,0.10000000000000001
1997,0,0.21025956094157922,0.13989075219732353,0.20807048581563919,-0.0015738257954308796,1000.2201388471738,110.06942358687866,0.10000000000000001
1998,0,0.22643631716437135,0.13925788817502147,0.21662987434591272,-0.0050444707242054401,999.68595262727013,-157.02368636493702,0.10000000000000001
1999,0,0.23501848822163665,0.13933717349643071,0.21080472467111241,-0.0050400117700157669,1000.8592339951242,429.61699756210692,0.10000000000000001
2000,0,0.24602557516298515,0.13941058489415792,0.22528150299071234,-0.0028884567541639563,999.69143664773515,-154.28167613242749,0.10000000000000001
2001,0,0.25563106679559744,0.13941322701189657,0.21416568910741057,-0.0021724064348644643,1000.2010747104925,100.53735524627427,0.10000000000000001
2002,0,0.26602648828079339,0.13959400863783122,0.22225678592060449,0.0001516334882995858,999.99314721350038,-3.4263932498106442,0.10000000000000001
2003,0,0.27585925415271495,0.13947445810735196,0.21602495566258723,-0.00051974837105047897,1000.2166030358248,108.30151791242315,0.10000000000000001
2004,0,0.28617925977462488,0.13971470083291862,0.21868357095246069,0.0001503862498941598,1000.3450092721373,172.50463606865196,0.10000000000000001
2005,0,0.29600791828926676,0.13968962437307422,0.21734256909644067,-1.8414477567254389e-05,1000.174926762595,87.463381297482101,0.10000000000000001
2006,0,0.30627253121657061,0.13981507923448508,0.21514964909823187,-0.00034309759823307175,1000.5458883036654,272.94415183268939,0.10000000000000001
2007,0,0.31606062670461305,0.13975526462574883,0.21720875154037225,-7.9924424541825647e-05,1000.3288430322285,164.4215161142597,0.10000000000000001
2008,0,0.32634274337728686,0.13989233004950122,0.2131579181887143,-0.00012580208938584554,1000.6086631707283,304.33158536413885,0.10000000000000001
2009,0,0.33609924075020747,0.13982335832038661,0.21594171135263318,0.00011605264805421956,1000.490997065193,245.498532596514,0.10000000000000001
2010,0,0.346383508894133,0.13993153724025967,0.21219891242739883,-3.2100072204105224e-05,1000.6457406619053,322.87033095263951,0.10000000000000001
2011,0,0.35615753668544908,0.13988173671660514,0.21373024429307458,4.875174796747254e-05,1000.6992183295098,349.60916475489512,0.10000000000000001
2012,0,0.36641614165621134,0.13993675682809817,0.21156884948397667,3.0725493700978572e-05,1000.6879781345006,343.989067250277,0.10000000000000001
2013,0,0.37620891625772007,0.13990940673386454,0.21192848075011927,0.00010255303972210612,1000.8414462601304,420.72313006519835,0.10000000000000001
2014,0,0.38644683199879931,0.13994838196760906,0.21041115532893348,0.00014777844437709959,1000.7670684680694,383.53423403469833,0.10000000000000001
2015,0,0.39624995965035542,0.13992343568946203,0.21050656082703725,0.00015109089860861302,1000.9564269118335,478.213455916773,0.10000000000000001
2016,0,0.40646949450157194,0.13996199267794929,0.20922154784636715,0.00014801045134262071,1000.8657847422452,432.89237112259116,0.10000000000000001
2017,0,0.4162999846700236,0.13993079648494694,0.20903253943468714,0.00013127964378843208,1001.0573377179345,528.6688589672508,0.10000000000000001
2018,0,0.42648479212962703,0.13997462291405868,0.20830691193189649,9.5255451597544104e-05,1000.9692740603846,484.63703019228888,0.10000000000000001
2019,0,0.43635532775630531,0.13994057543746452,0.20767152849685513,3.5943475340885737e-05,1001.1465294705704,573.26473528519273,0.10000000000000001
2020,0,0.44649921032087941,0.13998201172032593,0.20741290175984714,8.5991940260221527e-05,1001.0805733285249,540.28666426245309,0.10000000000000001
2021,0,0.4564059831739678,0.13995770492442294,0.20679511713452731,-2.9993398692498431e-05,1001.2294648120395,614.73240601975476,0.10000000000000001
2022,0,0.46651878388998547,0.13998260130745011,0.20659850736017793,4.0671687213964395e-05,1001.199650717535,599.82535876747534,0.10000000000000001
2023,0,0.47644758674434229,0.13997472954762008,0.20630914627360986,-0.00010011974666650325,1001.3257321683905,662.86608419522963,0.10000000000000001
2024,0,0.48654415921402433,0.13998079924144269,0.20621090470245465,-8.0429929023974095e-05,1001.3211944037198,660.59720185990045,0.10000000000000001
2025,0,0.49648415261192597,0.13998436389586111,0.2061040702168585,-0.00016629188145300211,1001.4404510191405,720.22550957024123,0.10000000000000001
2026,0,0.50657033526220563,0.13998044865298129,0.20629078515723406,-0.00023713003484798837,1001.4501143648511,725.0571824255303,0.10000000000000001
2027,0,0.51651942952526464,0.13998836047529775,0.20636026859732384,-0.0002436140626495441,1001.5616357460181,780.81787300902761,0.10000000000000001
2028,0,0.5265937675050445,0.13998223274782357,0.20668821184790495,-0.00036400061704659195,1001.5908322235704,795.41611178518679,0.10000000000000001
2029,0,0.53655310278168522,0.13998909602272924,0.20708316213023739,-0.00033020649533042765,1001.6865732084808,843.28660424040436,0.10000000000000001
2030,0,0.54661456273649434,0.13998548135654207,0.20744872083332866,-0.00044735506808863366,1001.7324180313009,866.20901565044051,0.10000000000000001
2031,0,0.55658363827128798,0.1399873405151642,0.20810061738567254,-0.00040211804082903137,1001.8152258686767,907.61293433837409,0.10000000000000001
2032,0,0.56663377283117333,0.13998862384810284,0.20855565633187062,-0.00048407362628351253,1001.8643774915784,932.18874578917621,0.10000000000000001
2033,0,0.57661051772738092,0.13998541163899783,0.20930797123584791,-0.00045030066975141117,1001.939109586952,969.55479347599294,0.10000000000000001
2034,0,0.58665158257080252,0.13998982165805135,0.20985330034333352,-0.0004656209333531879,1001.9808108938114,990.40544690569732,0.10000000000000001
2035,0,0.59663413011102806,0.13998485169161454,0.21061690939397595,-0.00045778497373699602,1002.0474514481181,1023.7257240590338,0.10000000000000001
2036,0,0.60666815643265604,0.13998935695895795,0.21117964005221845,-0.00040898154614780167,1002.0756145654607,1037.8072827303413,0.10000000000000001
2037,0,0.6166547850039843,0.13998497492983414,0.21188235005047107,-0.00041879960113261447,1002.1328807209609,1066.440360480442,0.10000000000000001
2038,0,0.62668389456922946,0.13998842679737775,0.2124098390297946,-0.00032474578103380033,1002.1434109762484,1071.7054881242234,0.10000000000000001
2039,0,0.63667324254666058,0.13998499415275203,0.21296734876420795,-0.00033847404954499778,1002.1901731688453,1095.0865844226314,0.10000000000000001
2040,0,0.64669890805031593,0.13998740915315652,0.21342023962835871,-0.00022624001397835754,1002.1833333608447,1091.6666804223496,0.10000000000000001
2041,0,0.65669068303984024,0.13998477717969773,0.21379590517347877,-0.00023284998090402677,1002.2172265108817,1108.6132554408437,0.10000000000000001
2042,0,0.66671336181033503,0.1399863101398641,0.2141271043955017,-0.00012563293467869477,1002.1975652229037,1098.7826114518384,0.10000000000000001
2043,0,0.67670802094219651,0.13998425238558293,0.21433182495986816,-0.0001245279067760547,1002.2174340181862,1108.717009093084,0.10000000000000001
2044,0,0.68672776445551764,0.13998516706472464,0.21452425255062502,-3.8843339298531844e-05,1002.1903352207395,1095.1676103697423,0.10000000000000001
2045,0,0.69672564984138685,0.13998353194430441,0.21458318359595893,-3.2921595873530211e-05,1002.1981349509617,1099.0674754808651,0.10000000000000001
2046,0,0.7067427437855669,0.13998407252028422,0.21466095371288546,2.2013969288765883e-05,1002.1684923598606,1084.2461799302896,0.10000000000000001
2047,0,0.7167436763342373,0.13998268118413273,0.21461862498981285,2.4297738262681478e-05,1002.1679043531134,1083.9521765566928,0.10000000000000001
2048,0,0.72675877544130596,0.13998301103966584,0.21462065594090221,5.0875323273160143e-05,1002.1403011331315,1070.1505665657578,0.10000000000000001
2049,0,0.73676217045382209,0.13998178601184277,0.21453524804988572,4.1760126043342369e-05,1002.1357324284251,1067.866214212529,0.10000000000000001
2050,0,0.74677591102048846,0.13998200337831163,0.21450840896913501,4.5676199116244747e-05,1002.1134883635663,1056.7441817831309,0.10000000000000001
2051,0,0.75678115445231664,0.13998108813755689,0.21443425605798178,2.5253494184237955e-05,1002.1091886527814,1054.5943263907134,0.10000000000000001
2052,0,0.76679389613863325,0.13998130277117665,0.21442050057906634,1.3411551822385127e-05,1002.0942710510124,1047.1355255061781,0.10000000000000001
2053,0,0.77680045849162427,0.13998081586675867,0.21439452722453803,-1.3672329598811794e-05,1002.0934680880717,1046.7340440358726,0.10000000000000001
2054,0,0.78681237103189094,0.13998100410968267,0.21442613573797115,-3.2400628949512522e-05,1002.0863726789382,1043.1863394691163,0.10000000000000001
2055,0,0.7968197956114268,0.1399808133652965,0.2144605326592873,-5.9643906559365593e-05,1002.0907000323756,1045.3500161877969,0.10000000000000001
2056,0,0.80683097537593806,0.13998101856858899,0.21454832370529406,-7.7778716458711748e-05,1002.0909321586705,1045.4660793352559,0.10000000000000001
2057,0,0.81683891387554253,0.13998088597633146,0.21463966195498327,-9.8615262466679538e-05,1002.1000666339999,1050.0333169999294,0.10000000000000001
2058,0,0.82684945060731374,0.13998110751505963,0.2147704620141479,-0.00010991075649186119,1002.1062292087832,1053.1146043916237,0.10000000000000001
2059,0,0.83685761015057825,0.13998112701834772,0.21489929477835457,-0.00012046407334103906,1002.1186390572973,1059.3195286486434,0.10000000000000001
2060,0,0.84686749936743255,0.13998147336664341,0.21504952390944987,-0.00012113132943527091,1002.1283650049185,1064.1825024592322,0.10000000000000001
2061,0,0.8568756833691944,0.13998173572880909,0.21518574683777897,-0.00011973255929799449,1002.1418871106474,1070.9435553237086,0.10000000000000001
2062,0,0.86688492242641246,0.139982242391195,0.2153273361447556,-0.00010974467281304569,1002.1524785505678,1076.2392752839105,0.10000000000000001
2063,0,0.87689298449230968,0.13998271527137884,0.21544305883700296,-9.8145471101055088e-05,1002.1647032496348,1082.3516248174201,0.10000000000000001
2064,0,0.88690162988451471,0.1399833610654258,0.21555008088292787,-8.0200518021077691e-05,1002.1736988326237,1086.8494163118498,0.10000000000000001
2065,0,0.89690948957903005,0.13998398701567019,0.21562456131443333,-6.2207388577310759e-05,1002.1825774013226,1091.2887006613232,0.10000000000000001
2066,0,0.90691767841948245,0.13998478763312783,0.2156806800997248,-4.1282571056413374e-05,1002.1881768946771,1094.0884473385495,0.10000000000000001
2067,0,0.91692536137916791,0.13998558643133427,0.21570446807516999,-2.1498792683424688e-05,1002.1925856630994,1096.2928315497038,0.10000000000000001
2068,0,0.92693325349466726,0.13998652350079982,0.21570623293126387,-2.7567111837570762e-06,1002.1939573544734,1096.9786772366774,0.10000000000000001
2069,0,0.93694085843280162,0.13998752536643813,0.21568228279119667,1.3913026854483254e-05,1002.1939211303064,1096.9605651532106,0.10000000000000001
2070,0,0.94694854958627672,0.13998867438940307,0.21564034723757347,2.6179405846478885e-05,1002.1914019390044,1095.700969502218,0.10000000000000001
2071,0,0.95695610349605353,0.1399899839963748,0.21558302695075418,3.5698059494486102e-05,1002.1879806475457,1093.9903237728572,0.10000000000000001
2072,0,0.96696357951744716,0.13999142565403103,0.21551796350670183,3.914312107225033e-05,1002.1829478493613,1091.4739246806562,0.10000000000000001
2073,0,0.97697099737524218,0.13999308296262752,0.215449342665118,3.8937474964217584e-05,1002.1779317500414,1088.9658750206763,0.10000000000000001
2074,0,0.98697823751225267,0.13999487221107523,0.21538670765266479,3.4575800754603122e-05,1002.1724835286718,1086.2417643359095,0.10000000000000001
2075,0,0.99698546753454287,0.13999676824991039,0.21532962927039603,2.4117215784952196e-05,1002.1680504537317,1084.0252268658332,0.10000000000000001
2076,0,1.0069925576291587,0.13999869005971083,0.21529237659588635,1.5028643878746199e-05,1002.1645324916024,1082.2662458011791,0.10000000000000001
2077,0,1.0169996061058659,0.14000046828496063,0.21526364786542973,-3.2482675759756487e-06,1002.1628053938956,1081.402696947805,0.10000000000000001
2078,0,1.0270066088742813,0.14000232766536713,0.21526224125837093,-1.3235713252319321e-05,1002.1633850015834,1081.6925007916893,0.10000000000000001
2079,0,1.0370133622822939,0.14000403306534495,0.21526643123008959,-3.2148335073830564e-05,1002.1660341996919,1083.0170998459607,0.10000000000000001
2080,0,1.0470201530266801,0.14000606404110649,0.21529267007683442,-3.9663457500252014e-05,1002.1722494307196,1086.1247153598015,0.10000000000000001
2081,0,1.0570263990238631,0.14000805870912261,0.21532221971204019,-4.8422236692977634e-05,1002.1803501426662,1090.1750713330784,0.10000000000000001
2082,0,1.0670327271395332,0.14001038810463021,0.21535243271761706,-5.2140075394974246e-05,1002.192704765921,1096.3523829605037,0.10000000000000001
2083,0,1.0770383407091082,0.14001282798642542,0.21538989899640582,-4.0383732809143881e-05,1002.206691304994,1103.345652497012,0.10000000000000001
2084,0,1.0870439147566529,0.14001524044548502,0.21539784809540258,-4.0872627399907984e-05,1002.2245007020326,1112.2503510163142,0.10000000000000001
2085,0,1.097048924485837,0.14001793918800248,0.21541997785644645,-5.8557037096422012e-06,1002.2440499939097,1122.024996954849,0.10000000000000001
2086,0,1.1070534888290875,0.14001996673612577,0.21538872443107546,-2.3388426637285803e-06,1002.2655033110841,1132.7516555420516,0.10000000000000001
2087,0,1.1170580348234314,0.14002249780256046,0.21537263450094879,4.6340289943204977e-05,1002.2893638686874,1144.68193434368,0.10000000000000001
2088,0,1.1270614580375773,0.14002401907546738,0.21530172129553821,6.0201494778751609e-05,1002.3119807316964,1155.9903658481971,0.10000000000000001
2089,0,1.1370656148728189,0.14002619261315424,0.21523009574982865,0.00010151741900709348,1002.3379637027537,1168.9818513768273,0.10000000000000001
2090,0,1.1470679892420697,0.14002765282959315,0.21513608832478212,0.00013738150848748576,1002.359310765424,1179.6553827119851,0.10000000000000001
2091,0,1.1570716387865416,0.1400292457810344,0.21500263809624337,0.00014670482104478459,1002.3843898179217,1192.1949089608574,0.10000000000000001
2092,0,1.1670733619093345,0.14003101396889947,0.21490786394415512,0.00021307343973996562,1002.4028216573013,1201.4108286506371,0.10000000000000001
2093,0,1.1770760924369508,0.14003169135985752,0.21472370195811832,0.00017662817446643825,1002.423604850854,1211.8024254269812,0.10000000000000001
2094,0,1.1870777767302001,0.14003384456758061,0.21463761263452913,0.00026622008493452318,1002.43856341465,1219.2817073250239,0.10000000000000001
2095,0,1.1970790607618611,0.14003352364079447,0.21443174920233049,0.00019707822206862098,1002.4521242129231,1226.0621064615407,0.10000000000000001
2096,0,1.2070814310383544,0.14003555474540777,0.21433910489256203,0.00027855371448545318,1002.4638437811022,1231.9218905511207,0.10000000000000001
2097,0,1.2170811249542335,0.14003456330141012,0.21415378923601189,0.00022156223340540326,1002.4688831125644,1234.4415562822064,0.10000000000000001
2098,0,1.2270845819789848,0.14003558513254588,0.21401677328714652,0.00024476246688725475,1002.4776736593191,1238.8368296595331,0.10000000000000001
2099,0,1.2370832550038242,0.14003480827240009,0.21388619880598492,0.00026088027960022048,1002.4751517632809,1237.5758816404527,0.10000000000000001
2100,0,1.2470873320936933,0.14003394570544536,0.21366653668140367,0.00018170774562135039,1002.4810607004082,1240.5303502040965,0.10000000000000001
2101,0,1.2570863561390322,0.14003424894298014,0.21359643659903946,0.00031586601423275743,1002.4743305656667,1237.1652828333595,0.10000000000000001
2102,0,1.2670895795506174,0.1400312070157429,0.21327671211542482,0.00012728699804344406,1002.4771568567329,1238.578428366452,0.10000000000000001
2103,0,1.2770908323973218,0.14003279877395966,0.2132296963370818,0.00037032362631285849,1002.4711487046658,1235.5743523328897,0.10000000000000001
2104,0,1.2870913043454497,0.14002816505951757,0.21283782291957307,0.0001300937289595565,1002.4714387544344,1235.7193772172081,0.10000000000000001
2105,0,1.2970964887785259,0.14003017891617212,0.21273409169837607,0.00040013027600434612,1002.470700511876,1235.3502559379876,0.10000000000000001
2106,0,1.3070930151144049,0.14002542699815052,0.21233083337291106,0.00022107317001477086,1002.4696878700828,1234.8439350413969,0.10000000000000001
2107,0,1.3171026264127763,0.14002625952467565,0.21207719595197658,0.00038426127654096661,1002.4768395386747,1238.4197693373267,0.10000000000000001
2108,0,1.3270957439448852,0.14002330402758209,0.21172813615869537,0.00039723591452945164,1002.476048095207,1238.0240476035169,0.10000000000000001
2109,0,1.3371081415572916,0.14002150410664546,0.21124627772103582,0.00032398867764542408,1002.4907108215891,1245.3554107945592,0.10000000000000001
2110,0,1.3471004821028303,0.14002207528082261,0.21099284462172746,0.00061137656008881003,1002.4920347170799,1246.017358539973,0.10000000000000001
2111,0,1.3571117128193007,0.14001695117602544,0.21028484053793756,0.00025375040431843931,1002.5134027759314,1256.701387965677,0.10000000000000001
2112,0,1.367107114200919,0.14002138338666023,0.21011106174356595,0.00078404403252582558,1002.5173054269585,1258.6527134792505,0.10000000000000001
2113,0,1.3771124052298669,0.14001369488377369,0.20928188270920559,0.00022826234983697917,1002.5462724834709,1273.1362417354717,0.10000000000000001
2114,0,1.3871140648931186,0.14002041232165965,0.20913721472104291,0.00082532066068887573,1002.5514601592948,1275.7300796474169,0.10000000000000001
2115,0,1.3971107513908783,0.14001220897178931,0.20835273993580847,0.00027455867949130724,1002.5872398542889,1293.619927144448,0.10000000000000001
2116,0,1.4071194812776038,0.14001826588648666,0.20814128135849194,0.00068391744669815354,1002.5896465600873,1294.8232800436585,0.10000000000000001
2117,0,1.4171094134996827,0.14001247905887959,0.20756445329083864,0.00039411022562791325,1002.6272596961169,1313.6298480584401,0.10000000000000001
2118,0,1.4271224682935713,0.14001464865385199,0.20717720792237981,0.00037799216280876599,1002.621125694725,1310.5628473625188,0.10000000000000001
2119,0,1.4371117655453576,0.14001404228115069,0.20690947792732495,0.00056987076180415469,1002.6538243712575,1326.9121856287711,0.10000000000000001
2120,0,1.4471224837917611,0.1400098175663958,0.20629012722566281,4.1076093114686152e-05,1002.6375953921842,1318.7976960920764,0.10000000000000001
2121,0,1.4571186694352867,0.14001522985769563,0.20634141211647813,0.00073982754684441044,1002.6582768898952,1329.1384449476027,0.10000000000000001
2122,0,1.4671183855098879,0.1400052069072015,0.20562432539008305,-0.0001508230111082326,1002.6422376926224,1321.118846311208,0.10000000000000001
2123,0,1.4771275443311869,0.14001441716923579,0.20587088986886229,0.00078274183024401871,1002.6411005561878,1320.55027809389,0.10000000000000001
2124,0,1.4871099278611426,0.14000414127876465,0.20528639872295862,-0.00014330532193765333,1002.6324026170508,1316.2013085254216,0.10000000000000001
2125,0,1.4971358330243094,0.14001252162287392,0.20555765816033772,0.00064994853141835205,1002.6056861502093,1302.8430751046471,0.10000000000000001
2126,0,1.5071007543717936,0.14000905350187062,0.20526045071601934,2.5949229574693787e-05,1002.5961802965287,1298.0901482643503,0.10000000000000001
2127,0,1.5171433315981522,0.14000920072540046,0.20526184110529599,0.00032915070372401147,1002.5420459436028,1271.0229718014148,0.10000000000000001
2128,0,1.5270981604339686,0.14001604181383184,0.20532052773190582,0.00032639890767046276,1002.5240514689642,1262.0257344821084,0.10000000000000001
2129,0,1.5371508510949494,0.14000118383016397,0.20482914614191575,-2.9902453194665995e-06,1002.4472989899607,1223.64949498035,0.10000000000000001
2130,0,1.5471063508879097,0.1400148560490091,0.205153210287253,0.00064736036760556603,1002.4154371931128,1207.7185965563899,0.10000000000000001
2131,0,1.5571576604408646,0.13998933354470175,0.2042681718975779,-0.00012004983391654949,1002.341937807416,1170.9689037080011,0.10000000000000001
2132,0,1.5671222822260304,0.140003343789952,0.20464930722583277,0.00078447207849147507,1002.28707666965,1143.5383348249957,0.10000000000000001
2133,0,1.5771611471415157,0.13998533574084474,0.2037221479057581,7.6013621747831438e-06,1002.2407608432738,1120.3804216369235,0.10000000000000001
2134,0,1.5871407491873841,0.1399959481568748,0.20390973148053571,0.0006777846423365924,1002.1588622862743,1079.4311431371284,0.10000000000000001
2135,0,1.5971622582421117,0.13999694444423272,0.20316117902017483,0.00023327526909730351,1002.1325266560494,1066.2633280247178,0.10000000000000001
2136,0,1.6071593084062354,0.13999938355309968,0.20294876126865402,0.00033883167191802642,1002.0298694957651,1014.9347478825348,0.10000000000000001
2137,0,1.6171701370765004,0.14000663856883053,0.20230832719998107,0.00047856985610374207,1002.00170932105,1000.8546605250217,0.10000000000000001
2138,0,1.6271767372236463,0.13999698440649733,0.20161795406205071,-1.1522752766961909e-05,1001.8995698486397,949.78492431982886,0.10000000000000001
2139,0,1.6371934525160381,0.13998627194146135,0.20099323502798266,0.00063213709573893095,1001.8517801051739,925.89005258696488,0.10000000000000001
2140,0,1.6471915320924309,0.139979624066114,0.19997463202883134,-0.00020167518103250472,1001.7861475030758,893.07375153788371,0.10000000000000001
2141,0,1.6572304404056204,0.13994947687279011,0.1993905587790219,0.00068073135751702083,1001.7000573930027,850.02869650134016,0.10000000000000001
2142,0,1.6671980160524198,0.13997666708949086,0.19841841562971896,-0.00022124927313391595,1001.692528186126,846.26409306298456,0.10000000000000001
2143,0,1.6772688697701532,0.13994692953846177,0.19774802269201031,0.00063951547989748796,1001.5415605763923,770.78028819613564,0.10000000000000001
2144,0,1.6871931399825553,0.13999762115035674,0.19710773387633596,-7.7466445382119796e-05,1001.5955320516208,797.76602581040379,0.10000000000000001
2145,0,1.6972981642146212,0.13997122150406938,0.19616415317940936,0.00056846438165882637,1001.3723687257531,686.1843628765314,0.10000000000000001
2146,0,1.7071870356560694,0.13999920944541558,0.19595406900790893,8.618425070404784e-05,1001.4964969454686,748.2484727343035,0.10000000000000001
2147,0,1.7173221129588707,0.1399665033153768,0.1947848537353731,0.00055891338573202192,1001.2236391540019,611.819577000972,0.10000000000000001
2148,0,1.7271899477372228,0.1399666283105877,0.19487924526149017,0.00010405525144477991,1001.4179797873902,708.98989369510446,0.10000000000000001
2149,0,1.7373560106531984,0.13994110323383169,0.19362927378694741,0.00063048392328572992,1001.1129890592247,556.49452961233692,0.10000000000000001
2150,0,1.7471917717991983,0.13995495154396537,0.19375895846572483,-0.00017381275308826517,1001.3724774524177,686.23872620884185,0.10000000000000001
2151,0,1.7574072020495675,0.13993177641925081,0.19262697274239096,0.00052527637391209191,1001.0018992186083,500.94960930414345,0.10000000000000001
2152,0,1.7671842270788327,0.13996225114730762,0.19256180991304478,-0.00074684407070825791,1001.3610222902209,680.51114511047217,0.10000000000000001
2153,0,1.7774876128770938,0.13989237439223648,0.19143671029438991,0.00020073330161562964,1000.7984017837281,399.20089186404084,0.10000000000000001
2154,0,1.7871909213337509,0.13991788594219909,0.19115805630929519,-0.0012722976669323582,1001.2987972487557,649.39862437785223,0.10000000000000001
2155,0,1.797597550207978,0.1398687845011862,0.19043616980526853,-0.00015320994170702927,1000.5495892270397,274.79461351987311,0.10000000000000001
2156,0,1.8072315148457041,0.1398832500254408,0.18959285536722048,-0.00099525975347669084,1001.0767830734477,538.39153672385009,0.10000000000000001
2157,0,1.8177230385010488,0.13991532865475442,0.18961635751833431,0.00056013420772494499,1000.2421328220703,121.06641103514448,0.10000000000000001
2158,0,1.8273358000273903,0.13997083025443621,0.18867933142330087,0.0014343481390899648,1000.8475148519689,423.75742598443367,0.10000000000000001
2159,0,1.8378521685196805,0.14003620321151025,0.18901979020592885,0.0032219517128086886,999.89149092771606,-54.254536141968401,0.10000000000000001
2160,0,1.8474518515264824,0.14029154004072086,0.18687726581315098,0.0054602626973692964,1000.7391086204735,369.5543102367651,0.10000000000000001
2161,0,1.8578847236621931,0.14036466218994104,0.18914922219950731,0.0056308319180411121,999.77407327699598,-112.96336150201114,0.10000000000000001
2162,0,1.8672368188831547,0.14058250534497013,0.18399329092036859,0.0042608005929173466,1000.689744779451,344.87238972548084,0.10000000000000001
2163,0,1.8780246189975667,0.14026040849498578,0.19019550292691212,0.002598646639146079,1000.0160740619979,8.0370309989348243,0.10000000000000001
2164,0,1.8855499386713372,0.13965933740884678,0.18336689413653001,-0.0023978458592952929,1000.3931208980003,196.56044900017378,0.10000000000000001
2165,0,1.902434647458209,0.13906766463451739,0.19029686222764886,-0.0044677412760543564,1000.0713888067791,35.694403389527452,0.10000000000000001
2166,0,1.9024658224755946,0.1389464853276135,0.19031532337690002,-0.0044359133515355842,1000.0718559464977,35.927973248874423,0.10000000000000001
2167,0,1.9292440076367032,0.14420799168797932,0.16718484910549361,0.0055143746670677203,1000.0183661214026,9.1830607012752807,0.10000000000000001
2168,0,1.9288325093342797,0.14547206151895101,0.16577317247574139,0.0056117540881442489,1000.047454816813,23.727408406500672,0.10000000000000001
2169,0,1.9464341926908404,0.13772940771423686,0.17159837153412122,0.0016560476688881204,999.98669526054459,-6.6523697277034444,0.10000000000000001
2170,0,1.9586248289046129,0.13606917831342535,0.17468777370191099,5.5615696984587406e-06,1000.0346927591773,17.346379588673244,0.10000000000000001
2171,0,1.9589274517280419,0.13664401263544651,0.17463356820901579,9.280466432533136e-05,1000.0334361507463,16.718075373148622,0.10000000000000001
2172,0,0.14782429246034468,0.14941654733570955,0.23132895341958132,0.0035087110713289062,999.99487195891084,-2.5640205445824904,0.10000000000000001
2173,0,0.14787221415566085,0.1501403444526504,0.23097873653875317,0.0033849870524120871,999.99552205344401,-2.2389732779970473,0.10000000000000001
2174,0,0.16929890106887407,0.14964616704115388,0.2279711600883671,-0.0047883495167633352,1000.0358994308916,17.949715445809034,0.10000000000000001
2175,0,0.18234383492733222,0.15561759705847833,0.22332420576255071,-0.0052291742196144651,1000.5573069260951,278.65346304753302,0.10000000000000001
2176,0,0.18295533061539371,0.15626158641354893,0.22591464485349727,-0.0020417723449689669,999.82820691253153,-85.896543734236275,0.10000000000000001
2177,0,0.2111434603338318,0.14924049463701419,0.20677801398597548,-0.0032631365497184672,1000.1904936829675,95.246841483742628,0.10000000000000001
2178,0,0.2110947414915097,0.14888497541215892,0.20677988205533854,-0.0034176750092322198,1000.1900633172177,95.031658608832004,0.10000000000000001
2179,0,0.22600218787293411,0.14960197467143707,0.21389591335031696,-0.010392621172542305,999.83000072800576,-84.999635997121459,0.10000000000000001
2180,0,0.23426374697994304,0.14930704821417995,0.20610346463480672,-0.0077383753938911068,1000.0113699557439,5.6849778719652022,0.10000000000000001
2181,0,0.24528621336154571,0.14983847010539975,0.21546394936461355,-0.00318499532423342,1000.0410891548229,20.544577411442333,0.10000000000000001
2182,0,0.25449420605965617,0.14972381846433036,0.20522147539009863,-0.0017115646456733564,1000.5787230485258,289.36152426291528,0.10000000000000001
2183,0,0.26487697697982521,0.14976376380093742,0.21392637322705491,0.00011516907652566049,1000.2712963094832,135.64815474160241,0.10000000000000001
2184,0,0.27458442297296409,0.14975979895661651,0.2065142237259536,0.00047066773192000065,1000.2457618497365,122.88092486824098,0.10000000000000001
2185,0,0.28472325980556701,0.14974863748369702,0.21003326634890992,0.00014886189765341706,1000.4602903148901,230.14515744506525,0.10000000000000001
2186,0,0.29452575591412755,0.14971420145568232,0.20786091277254704,0.0004783870729072836,1000.170968896079,85.484448039494509,0.10000000000000001
2187,0,0.30462291606139891,0.14982171026279051,0.20650936995154984,-0.00049210056136766208,1000.5971158605635,298.55793028173139,0.10000000000000001
2188,0,0.31446711311152359,0.14977587999247363,0.20833770808387495,0.00035643756255527458,1000.2207389006868,110.36945034339851,0.10000000000000001
2189,0,0.32458095583112923,0.14992005425302618,0.20437254963676488,-0.00028658693694264437,1000.6153049763328,307.65248816641133,0.10000000000000001
2190,0,0.33440841920977649,0.1498362517078991,0.20689075310578064,-0.00010545430182501714,1000.4616940819178,230.84704095890629,0.10000000000000001
2191,0,0.3445726176937613,0.14995011955946311,0.20351817604335626,-3.0818943456691517e-05,1000.5887621852772,294.38109263861634,0.10000000000000001
2192,0,0.35441128391823362,0.14986671289864964,0.20481370322450365,-0.00021470223608653727,1000.6890878049724,344.54390248617983,0.10000000000000001
2193,0,0.3645657017704565,0.14995292006548605,0.20271429406602276,0.00019685064215639326,1000.6230360998329,311.51804991645804,0.10000000000000001
2194,0,0.37444725989649291,0.14989638719814102,0.20310168443985477,-0.00023601624840243114,1000.8481475023149,424.07375115743662,0.10000000000000001
2195,0,0.38454843672279271,0.14997015669401567,0.20145982304976184,-3.592735097562081e-05,1000.724249568741,362.12478437050777,0.10000000000000001
2196,0,0.39447268181525991,0.14990955463475295,0.20167328137768462,-0.00017722423734738482,1000.9394250358092,469.7125179046111,0.10000000000000001
2197,0,0.40455601723114276,0.14998338922134147,0.20036103604165009,-0.00021419909943998672,1000.8319268300463,415.96341502315681,0.10000000000000001
2198,0,0.41448379235137839,0.14991510082045015,0.20014065510411894,-9.8714254616211203e-05,1001.0292853555259,514.64267776293582,0.10000000000000001
2199,0,0.42457962640090974,0.14998377480424058,0.19945661889495031,-0.00019997681311127331,1000.9296433854007,464.82169270035456,0.10000000000000001
2200,0,0.43449620795148602,0.14992917089299374,0.19877590172922036,-0.00014538071126097123,1001.1291286259783,564.56431298914822,0.10000000000000001
2201,0,0.44460466217294264,0.14998728563372299,0.19852838833546069,-0.00017284611177658643,1001.0280251023961,514.01255119805001,0.10000000000000001
2202,0,0.45451582468414953,0.14994865903226437,0.19782682851881345,-0.00035156735842321738,1001.2297501642803,614.87508214014497,0.10000000000000001
2203,0,0.46462490348121627,0.14998525529901471,0.19776395239989064,-0.00024935646025272927,1001.1345911007121,567.29555035605017,0.10000000000000001
2204,0,0.47454746723230967,0.14996665352095406,0.19722247970289117,-0.00055749301727357574,1001.3324824558958,666.24122794792129,0.10000000000000001
2205,0,0.48463883059871971,0.1499802046137701,0.19741254443325001,-0.00043709025968017093,1001.2518661647715,625.93308238575673,0.10000000000000001
2206,0,0.49458650648553881,0.14997355815870209,0.1970123391968448,-0.00070327730219375936,1001.4379787261865,718.98936309327155,0.10000000000000001
2207,0,0.50465278245835388,0.14998073714108426,0.19740863519901419,-0.00067132359187695406,1001.3866477520866,693.32387604328005,0.10000000000000001
2208,0,0.51462168281076237,0.14997474238904984,0.19732885938634231,-0.00081871866399696263,1001.5473001469546,773.65007347731307,0.10000000000000001
2209,0,0.52466963062569039,0.14998282926694501,0.19775450126314686,-0.00089787361463041925,1001.531626364719,765.81318235952267,0.10000000000000001
2210,0,0.53465007392121899,0.14997605466103892,0.19805650967599783,-0.00090842060674126363,1001.667246188367,833.62309418350833,0.10000000000000001
2211,0,0.54468772051842895,0.14998385831325028,0.19855366656799128,-0.0010687467229217984,1001.673582028804,836.7910144020243,0.10000000000000001
2212,0,0.55467322391757146,0.14997673995927752,0.1990589125597878,-0.00098163459757924076,1001.7951303447157,897.56517235787214,0.10000000000000001
2213,0,0.56470556025481766,0.14998453210146737,0.19971905455069924,-0.0011593131068528208,1001.8071062543164,903.55312715820446,0.10000000000000001
2214,0,0.57469227426624159,0.14997689007258969,0.20029876591605961,-0.0010434802642851828,1001.9185463079544,959.27315397722168,0.10000000000000001
2215,0,0.58472209748890747,0.14998443964140057,0.20107154430740634,-0.001169973639633822,1001.9273894634183,963.69473170915398,0.10000000000000001
2216,0,0.59470841959884402,0.14997750688628023,0.20167934746323826,-0.0010790776272664668,1002.025776381964,1012.8881909819825,0.10000000000000001
2217,0,0.60473590710749581,0.1499833966652302,0.20245539874626431,-0.0011198536610127505,1002.02811058694,1014.055293469994,0.10000000000000001
2218,0,0.61472295863657289,0.14997825704199486,0.20304113909119914,-0.0010651478191803742,1002.1084824162314,1054.241208115684,0.10000000000000001
2219,0,0.62474674104198735,0.14998214151260233,0.20374385135920667,-0.0010270591243782281,1002.1030630189859,1051.5315094929747,0.10000000000000001
2220,0,0.63473634563935832,0.14997835641202703,0.20423184027709845,-0.0009973795191734866,1002.1624132473771,1081.2066236885585,0.10000000000000001
2221,0,0.64475590869312116,0.1499812447788294,0.20481389164699293,-0.00090959984092507716,1002.1494057933882,1074.7028966940775,0.10000000000000001
2222,0,0.65474837406011499,0.14997788161468623,0.20515544114224196,-0.00088692221361017225,1002.1870498980395,1093.5249490197521,0.10000000000000001
2223,0,0.66476455955790181,0.14998031761772987,0.2055801801700764,-0.00078706510497072904,1002.1677681234323,1083.8840617161623,0.10000000000000001
2224,0,0.67475970337154023,0.14997713443165178,0.20576557287959302,-0.00076157383306022972,1002.186157577598,1093.078788799005,0.10000000000000001
2225,0,0.68477303040801585,0.14997924591860257,0.20602474013559136,-0.00067603763640707222,1002.1623092350071,1081.1546175035573,0.10000000000000001
2226,0,0.69477086679395927,0.14997638791220741,0.20607209053050746,-0.0006516156651134549,1002.166284060471,1083.1420302354786,0.10000000000000001
2227,0,0.70478185132543336,0.14997791087956799,0.20618784538082024,-0.00059136912055483652,1002.1404643569888,1070.2321784943933,0.10000000000000001
2228,0,0.71478215868122119,0.14997568573212117,0.20614027774398244,-0.00057777373197101089,1002.1357162872847,1067.8581436423542,0.10000000000000001
2229,0,0.724791554104809,0.14997649491654394,0.20615876327854235,-0.0005474011456301788,1002.1108676614862,1055.4338307430839,0.10000000000000001
2230,0,0.73479364114667445,0.14997488602333395,0.20606768416160337,-0.0005484691325450717,1002.1030619561114,1051.5309780557232,0.10000000000000001
2231,0,0.74480212819155778,0.14997530183948118,0.20604516878711701,-0.00054494063854672802,1002.0821165444429,1041.0582722214485,0.10000000000000001
2232,0,0.75480538159348098,0.14997409970590755,0.20596293107403699,-0.00056142295068136404,1002.0756116385975,1037.8058192987396,0.10000000000000001
2233,0,0.7648133225078283,0.14997452553586058,0.2059488483295622,-0.00057655993348312514,1002.0609921762216,1030.4960881107945,0.10000000000000001
2234,0,0.77481732519635682,0.14997378123552738,0.20591321138182986,-0.00060323792945738764,1002.0587146730007,1029.3573365003681,0.10000000000000001
2235,0,0.78482479649569858,0.1499741607194694,0.20594449950613941,-0.00062796113047255823,1002.051488503284,1025.7442516419815,0.10000000000000001
2236,0,0.79482935384784059,0.14997380730035137,0.20597177183565796,-0.00065748573931839478,1002.0547853851891,1027.3926925945602,0.10000000000000001
2237,0,0.80483630342908818,0.14997410552996093,0.20606032426224985,-0.00068269108329319149,1002.0548374572043,1027.4187286021288,0.10000000000000001
2238,0,0.81484114088140103,0.14997385737489066,0.2061494062296631,-0.00070788861966320318,1002.0633229638531,1031.6614819265624,0.10000000000000001
2239,0,0.8248476200495678,0.14997416721983781,0.20628397272389865,-0.00072637815791591392,1002.0693679196098,1034.6839598049087,0.10000000000000001
2240,0,0.83485243695364431,0.14997406428692095,0.20641405076953329,-0.00074166384763568174,1002.0815366035304,1040.7683017651834,0.10000000000000001
2241,0,0.84485845462873421,0.14997446108124338,0.20657145539044211,-0.00074921516525362742,1002.0912902003816,1045.6451001908249,0.10000000000000001
2242,0,0.85486323868264025,0.14997464250263673,0.20671312236570663,-0.0007532710897795896,1002.1048112230393,1052.4056115196458,0.10000000000000001
2243,0,0.86486873686829879,0.14997522136838401,0.20686313588677102,-0.00074914621905415623,1002.1156536126421,1057.8268063210317,0.10000000000000001
2244,0,0.87487336936473292,0.14997567055730804,0.20698673656174083,-0.00074299203430330286,1002.128000442474,1064.000221236995,0.10000000000000001
2245,0,0.88487838091921955,0.14997634671423449,0.20710278472821048,-0.00072982304957850764,1002.13737467327,1068.6873366349801,0.10000000000000001
2246,0,0.89488283208627983,0.14997696419445491,0.20718466286060006,-0.00071574591131788308,1002.1464941597313,1073.2470798656664,0.10000000000000001
2247,0,0.90488756139227289,0.1499777387693243,0.20724860056889061,-0.00069752710628237101,1002.1524777474885,1076.2388737442734,0.10000000000000001
2248,0,0.91489198532843241,0.14997846787700878,0.20727783536816977,-0.00067969747337391672,1002.1571719178899,1078.5859589449274,0.10000000000000001
2249,0,0.92489675732262777,0.14997932846561002,0.20728408156610487,-0.00066115645426501187,1002.1588515411652,1079.4257705825885,0.10000000000000001
2250,0,0.93490143344663335,0.14998022678111989,0.20726275568514752,-0.00064537724930693386,1002.1590292561635,1079.5146280817676,0.10000000000000001
2251,0,0.94490637201444905,0.14998131477129045,0.20722016869720758,-0.00063199234002519057,1002.1566367287293,1078.3183643646339,0.10000000000000001
2252,0,0.95491132250901034,0.14998255583888384,0.20716176501638683,-0.0006227682371873094,1002.1532477603549,1076.6238801774648,0.10000000000000001
2253,0,0.96491633180653291,0.1499839650673695,0.20708938041655814,-0.00061878997279507921,1002.148171727965,1074.0858639824751,0.10000000000000001
2254,0,0.97492156758994009,0.14998559763978161,0.2070167542580045,-0.00061931243779758248,1002.1428978210113,1071.4489105056373,0.10000000000000001
2255,0,0.98492676774056309,0.14998728132251479,0.20694215408471325,-0.00062660115038561538,1002.1372887284879,1068.6443642439372,0.10000000000000001
2256,0,0.99493251858050658,0.14998912333948439,0.20687931700594889,-0.0006387764371590432,1002.1322260836906,1066.1130418453126,0.10000000000000001
2257,0,1.0049382442832977,0.14999084898373835,0.20683099653699402,-0.0006565083766431715,1002.1284415406898,1064.2207703448889,0.10000000000000001
2258,0,1.0149445651552143,0.14999257571387217,0.20679479788641128,-0.00067906559366656975,1002.1257395410272,1062.8697705136005,0.10000000000000001
2259,0,1.0249509212037244,0.14999425157507343,0.20678934814083502,-0.00070208255028072607,1002.1258926624006,1062.946331200294,0.10000000000000001
2260,0,1.0349573849933809,0.14999589649947653,0.20678373845154283,-0.00072840737545598177,1002.1274731059486,1063.7365529743192,0.10000000000000001
2261,0,1.0449642406537241,0.14999783867818497,0.20681648298370775,-0.000747395720537638,1002.1329124534295,1066.456226714763,0.10000000000000001
2262,0,1.0549704678591989,0.14999966939587997,0.20683525999297528,-0.00076764029537337885,1002.1403298350384,1070.1649175192074,0.10000000000000001
2263,0,1.0649778535300021,0.15000207115667596,0.20688225989873038,-0.00077509309514687283,1002.1513168865204,1075.6584432601812,0.10000000000000001
2264,0,1.0749839944777673,0.15000419625205061,0.20691448446842342,-0.00078154709925880165,1002.165371396108,1082.6856980539787,0.10000000000000001
2265,0,1.084991742005379,0.15000685135994693,0.20694103657894677,-0.00077614167264774712,1002.1811346328983,1090.5673164491532,0.10000000000000001
2266,0,1.094998159088062,0.15000919151052161,0.20697331788509934,-0.00076535281080363578,1002.2014870175312,1100.7435087656177,0.10000000000000001
2267,0,1.105005434868306,0.15001148448745033,0.20694731097626429,-0.00075095646203028306,1002.2207296565414,1110.3648282706899,0.10000000000000001
2268,0,1.1150125706198233,0.15001385453143307,0.20696461792183646,-0.00072282081314089142,1002.2454850949325,1122.7425474662596,0.10000000000000001
2269,0,1.1250184023510605,0.1500152985473833,0.20687459432337615,-0.00070602603331517961,1002.2669744752616,1133.4872376307885,0.10000000000000001
2270,0,1.135026778406782,0.15001776311642204,0.20685831572337759,-0.00066494951594336937,1002.2926664634538,1146.3332317268851,0.10000000000000001
2271,0,1.1450309058915853,0.15001848472388052,0.20672670318037853,-0.00065231729078220942,1002.3155024873662,1157.7512436830943,0.10000000000000001
2272,0,1.1550405076539063,0.15002099064256699,0.2066528947652585,-0.00060841293293305266,1002.3377818694075,1168.8909347037679,0.10000000000000001
2273,0,1.1650437810688714,0.15002152564460033,0.20652885958368239,-0.0006026073157708884,1002.3611593444525,1180.5796722262585,0.10000000000000001
2274,0,1.1750531545572491,0.15002351458377441,0.20637449555147505,-0.00057078933254143486,1002.3763182170277,1188.1591085138439,0.10000000000000001
2275,0,1.1850574371386571,0.15002458685264319,0.20630707593519176,-0.00056583468927492043,1002.3987185965144,1199.3592982572068,0.10000000000000001
2276,0,1.1950639253421269,0.15002505931967758,0.20606617036367927,-0.00056130753591902285,1002.4055909278212,1202.7954639106042,0.10000000000000001
2277,0,1.2050717887184828,0.15002714499635983,0.20607003503216967,-0.00054208438703662418,1002.4240029007702,1212.0014503851166,0.10000000000000001
2278,0,1.2150732073786938,0.1500252643813198,0.20577527686486402,-0.00057537577800255402,1002.4251213682893,1212.5606841446483,0.10000000000000001
2279,0,1.2250864335431026,0.15002831911164755,0.20580564536786125,-0.0005259833181110278,1002.4352408652926,1217.6204326462994,0.10000000000000001
2280,0,1.2350827768456207,0.15002449988017888,0.20552845781384538,-0.00059665239247060011,1002.4360899816932,1218.0449908465789,0.10000000000000001
2281,0,1.2450999450649505,0.15002757335503125,0.20548729265258775,-0.00051457796717839619,1002.4342272416311,1217.1136208155531,0.10000000000000001
2282,0,1.2550946667341594,0.15002365526819916,0.20531646980815813,-0.00060295654848312858,1002.4406585179393,1220.3292589696275,0.10000000000000001
2283,0,1.265110342194123,0.15002469980654076,0.20508832514036951,-0.0005146242755342858,1002.4258916572695,1212.9458286347585,0.10000000000000001
2284,0,1.275110064149322,0.15002336975453157,0.20508634881004853,-0.00057590458171628367,1002.4407607475953,1220.3803737976386,0.10000000000000001
2285,0,1.285116553355909,0.15002000590101983,0.20461449324754574,-0.00052748898090655574,1002.4174837139774,1208.741856988695,0.10000000000000001
2286,0,1.2951283848932538,0.15002322173098812,0.20475480213115954,-0.0004940999937492332,1002.4380264676023,1219.0132338011495,0.10000000000000001
2287,0,1.3051200561181266,0.15001445400458516,0.20408687266729678,-0.00053049773382785026,1002.4163402050785,1208.1701025392704,0.10000000000000001
2288,0,1.3151469514587772,0.15002210414105804,0.2042307688975627,-0.00034466048909208936,1002.4356238880898,1217.8119440449109,0.10000000000000001
2289,0,1.3251244525978534,0.15001015120429206,0.20352573701813467,-0.00049038987540146121,1002.428870071962,1214.4350359810119,0.10000000000000001
2290,0,1.3351612066054781,0.15001889681898423,0.20343773037082552,-0.00016634196099936374,1002.4383241366506,1219.1620683253177,0.10000000000000001
2291,0,1.3451339931644073,0.1500092410415233,0.2029155090034091,-0.00041860226839108509,1002.4573923991522,1228.6961995761203,0.10000000000000001
2292,0,1.355166813949418,0.15001320728995957,0.20239507187959019,-8.2303808848399271e-05,1002.4504110712456,1225.2055356228198,0.10000000000000001
2293,0,1.365150576761077,0.15001191764134697,0.2022381242011998,-0.00037540469510490308,1002.4970686547646,1248.5343273822878,0.10000000000000001
2294,0,1.3751624032397185,0.15000553728243307,0.20124337686634899,-0.00018710856190646375,1002.4720922893014,1236.0461446506861,0.10000000000000001
2295,0,1.3851714862057385,0.1500159753884934,0.20148499043275753,-0.00036395669958775721,1002.5367927889718,1268.396394485876,0.10000000000000001
2296,0,1.3951514757065266,0.14999778738117564,0.20020892503996479,-0.00041304258537644959,1002.5030946507228,1251.5473253614005,0.10000000000000001
2297,0,1.4051905704728511,0.15001801676623258,0.20064639182140764,-0.00027606744747374156,1002.5675080539758,1283.7540269878787,0.10000000000000001
2298,0,1.4151422690926774,0.14999401696807829,0.19944244726181745,-0.00057611901698545551,1002.5439034635049,1271.9517317524378,0.10000000000000001
2299,0,1.4252013429370229,0.15001555939915201,0.19969567643145866,-8.2870671147212442e-05,1002.5865725533628,1293.2862766813855,0.10000000000000001
2300,0,1.4351440306197183,0.14999745108608142,0.19896862168303961,-0.00062204551656235235,1002.5930652151719,1296.5326075859593,0.10000000000000001
2301,0,1.4451994464302311,0.15000785755118995,0.19867573108814424,-1.3205707026660947e-05,1002.5899678035599,1294.9839017799718,0.10000000000000001
2302,0,1.4551600026768132,0.1500058195541534,0.19870473219230839,-0.00070763328843026865,1002.6358658626152,1317.9329313076096,0.10000000000000001
2303,0,1.4651837157456979,0.14999582168814252,0.19781888513775855,-0.00030954727592974072,1002.5715046625736,1285.7523312868011,0.10000000000000001
2304,0,1.475183966234588,0.15001252994535214,0.19855959176977692,-0.00089411938527180087,1002.6449992483604,1322.4996241801819,0.10000000000000001
2305,0,1.4851578881968497,0.14998442792294894,0.19736387737266506,-0.00080960121335371291,1002.5320238366597,1266.0119183298661,0.10000000000000001
2306,0,1.4952062378740791,0.15001374881337251,0.19846155918940306,-0.0008838839507980859,1002.6069998626469,1303.4999313234721,0.10000000000000001
2307,0,1.5051328685351018,0.1499827402569045,0.19738536853592026,-0.0010577917998866894,1002.4845438342375,1242.2719171187282,0.10000000000000001
2308,0,1.5152203703132909,0.15000950963616819,0.19821958131192199,-0.00047176963857135874,1002.5272927022138,1263.6463511068996,0.10000000000000001
2309,0,1.5251247159824033,0.1499928924844732,0.1977201191310704,-0.0008843641716143035,1002.4423186346016,1221.1593173008168,0.10000000000000001
2310,0,1.5352239982968801,0.14999803593787295,0.19767124739059375,2.2430547083973796e-05,1002.4153727366394,1207.6863683196848,0.10000000000000001
2311,0,1.5451414110396187,0.15000429807505003,0.197985383924904,-0.00064858037347357038,1002.3970706876066,1198.5353438033144,0.10000000000000001
2312,0,1.5552148772691876,0.14997648315954792,0.19690994607199416,1.3823716738803409e-05,1002.2779517716518,1138.9758858259142,0.10000000000000001
2313,0,1.5651750713472168,0.15000565817348022,0.19789652507422301,-0.00071566198761314483,1002.3134234794454,1156.7117397227094,0.10000000000000001
2314,0,1.5751919744867817,0.14995628996159061,0.19621101862173698,-0.00047498756061938643,1002.1317483403139,1065.8741701569738,0.10000000000000001
2315,0,1.5852093078355536,0.15000345621953445,0.19736568470433463,-0.00072604040868249047,1002.1759587788708,1087.9793894354179,0.10000000000000001
2316,0,1.595164106175021,0.14995624991834219,0.19561996904850482,-0.00076569104541864322,1002.003576833206,1001.7884166030058,0.10000000000000001
2317,0,1.6052378534559095,0.15000629022265258,0.19642017513947205,-0.0002321376487394183,1002.0135325082407,1006.7662541203504,0.10000000000000001
2318,0,1.6151509852717001,0.14997211523047743,0.19498065257617095,-0.00058882939895725235,1001.9108283556961,955.41417784806981,0.10000000000000001
2319,0,1.6252614868388997,0.15000163943294989,0.19499725279289765,0.00044044296531155875,1001.8458524514824,922.92622574120742,0.10000000000000001
2320,0,1.6351653844533849,0.14997248917888034,0.19400103869057941,-0.00041331306071486966,1001.831532263507,915.7661317535144,0.10000000000000001
2321,0,1.645273734464221,0.14997380991567968,0.1932694824947945,0.00055296719677740082,1001.680940363769,840.47018188448419,0.10000000000000001
2322,0,1.6551986653813693,0.1499526373217592,0.19273226418481934,-0.00057696214482740884,1001.7277725638245,863.8862819122437,0.10000000000000001
2323,0,1.6652618566909949,0.14995126176252396,0.19141129274514429,2.0708030721187742e-06,1001.527262609242,763.63130462101481,0.10000000000000001
2324,0,1.6752319604040524,0.14995673692660932,0.19135804647591853,-0.00093324849632030692,1001.6017876371892,800.89381859460218,0.10000000000000001
2325,0,1.6852162496112479,0.14995853302819484,0.18971020573326167,-0.00069751748642689316,1001.4075354368229,703.76771841142727,0.10000000000000001
2326,0,1.6952702181783066,0.14998040074121533,0.19002275662155468,-0.0011082965198653276,1001.4560616918679,728.03084593397216,0.10000000000000001
2327,0,1.705150879930972,0.14995390631542255,0.18826262715392253,-0.0013037365433391523,1001.3148781268383,657.43906341913316,0.10000000000000001
2328,0,1.7153171752239584,0.14996651042927914,0.18886455739028513,-0.00095625808145956151,1001.2601669679725,630.08348398625458,0.10000000000000001
2329,0,1.7250887509980062,0.14990997845238185,0.18718179635284329,-0.0016424952007343446,1001.1975936423132,598.79682115661126,0.10000000000000001
2330,0,1.7353706291890252,0.14992896250297469,0.18789761862255458,-0.00026881122169825886,1001.0118016283682,505.90081418408772,0.10000000000000001
2331,0,1.7450211930637092,0.14990210329754219,0.18632024251093166,-0.001272245697770338,1000.9944318289016,497.21591445080549,0.10000000000000001
2332,0,1.7554325061305867,0.14994221344623301,0.18708599248555011,0.0010445953734631941,1000.7874891653496,393.74458267479895,0.10000000000000001
2333,0,1.7649521921071829,0.14997533118522327,0.18521591400742055,-0.00033127441833080327,1000.7176240657052,358.81203285259744,0.10000000000000001
2334,0,1.7754970988029239,0.14998335109272884,0.18622307940531702,0.0022376713414196613,1000.6513865971139,325.69329855692786,0.10000000000000001
2335,0,1.7848935119872236,0.15008918820555237,0.18355359543111807,0.00063738068659941589,1000.4757767105152,237.88835525760987,0.10000000000000001
2336,0,1.7955592447850646,0.15006298712528407,0.18540419215517165,0.0025921178483920733,1000.6671670714969,333.58353574845978,0.10000000000000001
2337,0,1.8048251081673863,0.15025122101620758,0.18186466396524203,0.0010485178871446224,1000.2998787944167,149.9393972083567,0.10000000000000001
2338,0,1.8156181822149453,0.15017753322445515,0.18508319071027174,0.0021221624424677225,1000.9504424175741,475.22120878704754,0.10000000000000001
2339,0,1.8248167810668088,0.15040610093071322,0.18174838067837634,0.0015908381709140772,1000.0990685552921,49.534277646046121,0.10000000000000001
2340,0,1.8356606872580361,0.15024527034525409,0.18540977286101407,0.0016742239187979284,1001.0988597720386,549.4298860193112,0.10000000000000001
2341,0,1.8450633622732733,0.15056839340039216,0.18370002514043807,0.0028370150600460172,999.95641537876156,-21.792310619218824,0.10000000000000001
2342,0,1.8558856180819674,0.15027526494562241,0.18620254897823033,0.0041334803852697173,1000.828278349423,414.13917471152217,0.10000000000000001
2343,0,1.865596641519077,0.15092395629508112,0.18428835593935761,0.0037257250938001192,999.93183559339184,-34.082203304080849,0.10000000000000001
2344,0,1.876253947388858,0.15050261829015771,0.1874440286380484,0.0026198698161099131,1000.2329733792037,116.4866896018566,0.10000000000000001
2345,0,1.8858051144600991,0.15063617180726466,0.18524937425917365,-0.0021371964502345775,999.98333922232393,-8.3303888380328317,0.10000000000000001
2346,0,1.8992570603497985,0.14790547377816138,0.18711475039612646,-0.0068094041570890447,1000.0618030592844,30.901529642221703,0.10000000000000001
2347,0,1.8991102782272626,0.14825971999190654,0.18679685723773734,-0.0068310323345051787,1000.0599600779592,29.980038979601886,0.10000000000000001
2348,0,1.9250340337473781,0.15749520082388513,0.16487060687409985,0.0040692573466525458,999.73751382593605,-131.24308703197585,0.10000000000000001
2349,0,1.9256943286147485,0.15699371198866316,0.16468045148607446,0.0036117088546421703,999.81135216447126,-94.323917764370435,0.10000000000000001
2350,0,1.9405524517290265,0.15142431448487975,0.16502750217088211,0.0021876704974191667,1000.0179083889,8.954194449984243,0.10000000000000001
2351,0,1.9628204093627315,0.15012019168860344,0.16891533490874511,0.00012558043475815759,999.98521323625459,-7.3933818727027756,0.10000000000000001
2352,0,1.9629981491697346,0.14937882539824082,0.16917501781493832,0.00037675329639750904,999.98736368598031,-6.3181570098436168,0.10000000000000001
2353,0,0.14813627471364646,0.15132081667951983,0.23038216719962509,0.0032840815489104448,999.99647176165308,-1.7641191734583117,0.10000000000000001
2354,0,0.14904709293160504,0.15309107603136951,0.22934409471886946,0.003485791650925558,999.99856911734605,-0.71544132697454188,0.10000000000000001
2355,0,0.16317854828776357,0.15435103371947892,0.22840716601789676,0.0048901089191350795,1000.0553191183802,27.659559190112759,0.10000000000000001
2356,0,0.18464737402436351,0.17869274431856494,0.17264289492329871,0.048486624052231732,1000.0179452970289,8.972648514429693,0.10000000000000001
2357,0,0.19210881109803515,0.16488247526144242,0.21727203396484032,-0.0071649830951247247,1000.1351856129132,67.592806456616472,0.10000000000000001
2358,0,0.20219120848444866,0.16931660674605514,0.19966772304821856,-0.0050640895138330186,1000.1211812006401,60.590600320040267,0.10000000000000001
2359,0,0.21255320717186876,0.15585301055552309,0.20797040642999154,-0.0033698128968473345,1000.2964143211743,148.20716058716243,0.10000000000000001
2360,0,0.22178741862602622,0.16396341888322644,0.20800657489922472,-0.0012789201759906372,999.9991948122381,-0.40259388094909809,0.10000000000000001
2361,0,0.2331285313733871,0.15699490780477376,0.20008178967650372,-0.013299825858333765,1000.399415400312,199.70770015601147,0.10000000000000001
2362,0,0.24209907290027963,0.16193146841319334,0.20674950855505303,-0.012229727321143061,1000.2227774966191,111.38874830953682,0.10000000000000001
2363,0,0.25318461882748478,0.15742645286439422,0.19857224212852864,0.0083836844486895063,999.75637296369905,-121.81351815047492,0.10000000000000001
2364,0,0.26184161286602203,0.16179716155869728,0.19883665337456341,-0.011654892906127069,1000.4657112856919,232.85564284594784,0.10000000000000001
2365,0,0.27292190506494363,0.15803199069759774,0.19827256644367941,0.0083694442366933734,999.83286994716946,-83.565026415271859,0.10000000000000001
2366,0,0.28198121771613738,0.16109114318715201,0.1960425779029622,-0.014896246051967182,1000.7248369521581,362.41847607902855,0.10000000000000001
2367,0,0.29245479417415315,0.15898549191303443,0.19924824909614136,0.0080853958427525435,999.91224291467176,-43.878542664117504,0.10000000000000001
2368,0,0.30220239849193847,0.16035274033345751,0.19451016509480978,-0.0094587950095090974,1000.7614492989446,380.7246494723131,0.10000000000000001
2369,0,0.31208739734447977,0.15977144885282685,0.19860988749831582,0.0063734951085059289,1000.1159014539178,57.950726958893028,0.10000000000000001
2370,0,0.32226834496765189,0.15973107607813036,0.19373921187630458,-0.0054766281903899251,1000.7285661685171,364.28308425854539,0.10000000000000001
2371,0,0.33193071989234757,0.16029993720409402,0.19620594645438386,0.0042412184560627758,1000.3604542761641,180.22713808204571,0.10000000000000001
2372,0,0.34221763682905698,0.15948284767439874,0.19365619798073702,-0.0028806273932340119,1000.7152457973762,357.62289868807784,0.10000000000000001
2373,0,0.35196932433378236,0.16036148722105981,0.19391190620347687,0.0019570334321302157,1000.584736826657,292.36841332851782,0.10000000000000001
2374,0,0.36210907773214696,0.1596619113200915,0.19274642225284594,-0.0010051203822496872,1000.7420014813897,371.00074069485345,0.10000000000000001
2375,0,0.37205065432339102,0.16007768496875568,0.19226974358443069,-8.4859314512854381e-05,1000.767365880636,383.68294031801042,0.10000000000000001
2376,0,0.38203764572856941,0.16001477499491051,0.19125460210661008,0.0013206704666134314,1000.7800464218545,390.02321092726788,0.10000000000000001
2377,0,0.39207815388143202,0.15978839469089198,0.1910113657145471,-0.0023332978907510096,1000.9549898819106,477.49494095529599,0.10000000000000001
2378,0,0.40204781619400676,0.16024752374389414,0.19004663500655275,0.0035998535807447744,1000.8071352922955,403.5676461477351,0.10000000000000001
2379,0,0.41204430364188888,0.15968048664010326,0.18952863750882254,-0.0036932232245361291,1001.1150672677292,557.53363386457977,0.10000000000000001
2380,0,0.4220962975315421,0.16027011854737697,0.18906658284720765,0.0044004325128029244,1000.8662371878173,433.11859390865948,0.10000000000000001
2381,0,0.43201488764821122,0.15972741519622194,0.18807313387987459,-0.0036818714449749997,1001.2149165780457,607.45828902287258,0.10000000000000001
2382,0,0.44212958069913999,0.16018391782730937,0.1880071132594949,0.0036334766815235881,1000.9811535077592,490.57675387962263,0.10000000000000001
2383,0,0.45202044358780324,0.15983284594063099,0.18688203538049286,-0.0028522875285942962,1001.2770098961909,638.50494809543079,0.10000000000000001
2384,0,0.46214360103577545,0.16008297779744957,0.18720703584176809,0.0022031494287708168,1001.1271965246281,563.59826231403076,0.10000000000000001
2385,0,0.47205790058422309,0.15992384402876456,0.18603636182045977,-0.0018374135167560138,1001.3420080380889,671.00401904446016,0.10000000000000001
2386,0,0.48214142469200727,0.1600269146651907,0.18665780825474071,0.00095325288615690114,1001.277044308571,638.52215428551062,0.10000000000000001
2387,0,0.49210953737465118,0.15995195625259015,0.18573446934671983,-0.0012699306322881574,1001.430040371581,715.02018579047899,0.10000000000000001
2388,0,0.502139476869507,0.16003210004241714,0.18634113878070965,0.000310108003718526,1001.420953687887,710.47684394352473,0.10000000000000001
2389,0,0.51214923205607576,0.15993424828145766,0.18593840130598416,-0.0013048141848649893,1001.5480296264587,774.01481322937116,0.10000000000000001
2390,0,0.52215112345832959,0.16006076755094853,0.18646542389047358,0.0002124771338113545,1001.5552905328854,777.64526644267562,0.10000000000000001
2391,0,0.53217131515391702,0.15991223792205253,0.18644443778430361,-0.0016521590240088789,1001.6882454829241,844.12274146205846,0.10000000000000001
2392,0,0.5421728796968639,0.16007778729583641,0.18712913716696386,0.00030615410019200096,1001.6840408667028,842.02043335142207,0.10000000000000001
2393,0,0.5521828908701063,0.15990785276363825,0.18720413397988353,-0.0019462927863279967,1001.8327169191326,916.35845956631101,0.10000000000000001
2394,0,0.56219635949105295,0.16007099145579085,0.18815592083721,0.00030738335979944522,1001.8127889178655,906.39445893276616,0.10000000000000001
2395,0,0.5721916212030973,0.15992335426342635,0.18825418215163051,-0.0019974968784711674,1001.9638902088041,981.94510440202976,0.10000000000000001
2396,0,0.58221514170856226,0.16004802731946141,0.18934576081859436,0.00015990614977729825,1001.9383467392742,969.17336963707612,0.10000000000000001
2397,0,0.59220147759019248,0.15994724149170578,0.18951807713984248,-0.001830719101392863,1002.0724584676219,1036.2292338109569,0.10000000000000001
2398,0,0.60222730291801185,0.16002420301590942,0.19057030722752924,-3.7855836765282168e-05,1002.0499772661345,1024.9886330672666,0.10000000000000001
2399,0,0.61221259576253539,0.15996690161278618,0.19082383572911052,-0.0015405406118749049,1002.1543127500347,1077.1563750173527,0.10000000000000001
2400,0,0.62223404610830513,0.16000854548199092,0.19172161218190487,-0.00019058976483444162,1002.1368933031047,1068.4466515523354,0.10000000000000001
2401,0,0.63222394929167647,0.15997711626451788,0.19199721092739536,-0.0012124091023914647,1002.2076568686256,1103.8284343127884,0.10000000000000001
2402,0,0.64223812738890351,0.16000163713004198,0.19269045188414979,-0.0002572660341615162,1002.1928403676762,1096.42018383812,0.10000000000000001
2403,0,0.65223363270395629,0.15998051470856853,0.19291266256617015,-0.00089302889781956904,1002.2326865193068,1116.3432596533767,0.10000000000000001
2404,0,0.66224231244349752,0.1599985115547026,0.19338679516971666,-0.00024980596722102129,1002.2171840921199,1108.5920460599255,0.10000000000000001
2405,0,0.6722413256981391,0.1599815127850118,0.19351337804344457,-0.00061809254149908276,1002.2326696907782,1116.3348453890762,0.10000000000000001
2406,0,0.68224714748071658,0.15999649946453634,0.19377452082089663,-0.00019141356152730228,1002.2143195122231,1107.1597561115709,0.10000000000000001
2407,0,0.69224789400544162,0.159981576766347,0.19379765959715592,-0.00041392723388280274,1002.2134428610171,1106.7214305085713,0.10000000000000001
2408,0,0.70225262363502938,0.15999474142150563,0.19388800339616932,-0.00012314215012070137,1002.1923295196522,1096.1647598260811,0.10000000000000001
2409,0,0.7122543703537163,0.15998134644942533,0.19382103917378471,-0.00028197228462363967,1002.1828634863712,1091.4317431855807,0.10000000000000001
2410,0,0.72225860654633278,0.15999285267484181,0.19380366223527348,-8.345818911894327e-05,1002.1610131646055,1080.5065823027462,0.10000000000000001
2411,0,0.73226091786234182,0.15998153810494053,0.19368575169970345,-0.00021770723387366887,1002.1491949401571,1074.5974700785723,0.10000000000000001
2412,0,0.74226484778698276,0.15999071057384759,0.19362255030656811,-8.7524715235319807e-05,1002.1298164643366,1064.9082321683068,0.10000000000000001
2413,0,0.75226746180197779,0.15998200344996835,0.19350353536585327,-0.00021257882237251519,1002.120145852062,1060.0729260310118,0.10000000000000001
2414,0,0.76227131315130559,0.15998889035999653,0.19344853821596875,-0.00013267657234465727,1002.1061165231881,1053.0582615940602,0.10000000000000001
2415,0,0.77227403377909132,0.15998265630041464,0.19336906449382246,-0.00024779743810112825,1002.1014475650795,1050.7237825397624,0.10000000000000001
2416,0,0.78227806098391817,0.15998761263843636,0.19335914915957747,-0.00020283750677404505,1002.0945294181311,1047.26470906553,0.10000000000000001
2417,0,0.79228106377929808,0.15998319569446806,0.19334359844281457,-0.00030261600736070332,1002.0960244895044,1048.0122447522149,0.10000000000000001
2418,0,0.80228497498752283,0.15998709297167193,0.1933909923266576,-0.00027478156438635258,1002.0965233327297,1048.2616663648514,0.10000000000000001
2419,0,0.81228809259094747,0.15998375648157001,0.19344062201159759,-0.00035449036451328062,1002.1039130174601,1051.9565087300293,0.10000000000000001
2420,0,0.82229161089997227,0.15998676603545042,0.19353886227293468,-0.00033146475786864383,1002.1106034955881,1055.301747794033,0.10000000000000001
2421,0,0.8322943925431926,0.15998463237849422,0.19363434602284607,-0.0003860807367903333,1002.1224186672416,1061.209333620809,0.10000000000000001
2422,0,0.84229759998421494,0.15998650943543163,0.19376155497545303,-0.00036190963042425099,1002.1331140003335,1066.5570001667675,0.10000000000000001
2423,0,0.85230009928062145,0.15998560355915301,0.19387543789931685,-0.00039052228625238022,1002.1468950039747,1073.4475019873457,0.10000000000000001
2424,0,0.86230300540009031,0.1599869292922034,0.19400135601155308,-0.00036212570534857868,1002.1589335666359,1079.4667833179687,0.10000000000000001
2425,0,0.87230535114099939,0.1599868036437499,0.19410350023123338,-0.00036731420027469341,1002.1719344245105,1085.9672122552411,0.10000000000000001
2426,0,0.88230800852702518,0.15998793207988443,0.19420127522481723,-0.00033669626591616701,1002.1826250940658,1091.312547032885,0.10000000000000001
2427,0,0.8923102746037892,0.15998823749221053,0.1942677372085625,-0.00032276480252356032,1002.1924347059124,1096.2173529562165,0.10000000000000001
2428,0,0.90231274324181066,0.15998915879793724,0.19431592055508529,-0.00029344263303513862,1002.1996888666944,1099.8444333471866,0.10000000000000001
2429,0,0.9123150914732705,0.15998972927668387,0.19433399211198146,-0.00026889708245647945,1002.2048229141251,1102.4114570625443,0.10000000000000001
2430,0,0.9223177766926981,0.15999027204087626,0.19432499476118864,-0.00024328381373334788,1002.2074784947665,1103.7392473832597,0.10000000000000001
2431,0,0.93232057271951263,0.1599912133009932,0.19429158269232671,-0.00021843918039393684,1002.2078199175105,1103.9099587552528,0.10000000000000001
2432,0,0.94232362434074934,0.15999188360668526,0.19423200685344683,-0.00019635838843728729,1002.2058755574818,1102.9377787409089,0.10000000000000001
2433,0,0.95232691719152185,0.15999331180616158,0.19415592835739759,-0.00018209169016101536,1002.2025290262937,1101.264513146873,0.10000000000000001
2434,0,0.96233036901876357,0.15999445572430826,0.19406396951084012,-0.00016208904902993224,1002.197166787293,1098.5833936464928,0.10000000000000001
2435,0,0.97233436336765544,0.15999590801741387,0.19396507254199177,-0.0001692468676647708,1002.1920948385311,1096.0474192655738,0.10000000000000001
2436,0,0.98233868978796579,0.15999756839282997,0.19386936746912237,-0.00015149756350260371,1002.1853934890413,1092.6967445206515,0.10000000000000001
2437,0,0.99234381239948966,0.15999852450579541,0.19377128381554162,-0.00018177642610922077,1002.1807924849387,1090.3962424693532,0.10000000000000001
2438,0,1.002349515701547,0.16000079418956331,0.19369997630931371,-0.00017289309634269139,1002.175494158732,1087.7470793660109,0.10000000000000001
2439,0,1.0123557000611376,0.16000120468934545,0.19362562145787152,-0.00021010445257256671,1002.1730470655522,1086.5235327760843,0.10000000000000001
2440,0,1.0223625085150707,0.16000401691088337,0.19359243239256949,-0.00022405595360729097,1002.1721959899797,1086.0979949898706,0.10000000000000001
2441,0,1.0323689898436768,0.16000465761488869,0.19355793516520364,-0.0002365479798545761,1002.1728827766651,1086.4413883325597,0.10000000000000001
2442,0,1.0423762273254649,0.16000721155718076,0.19355488208454119,-0.00028857982540630392,1002.1789514178857,1089.4757089428708,0.10000000000000001
2443,0,1.0523828271686295,0.16000917151074301,0.1935652373524446,-0.0002475882896526895,1002.1835080180158,1091.7540090079001,0.10000000000000001
2444,0,1.0623906723173455,0.1600097846653295,0.19356826058546428,-0.00033877560647813907,1002.1973462592699,1098.6731296349603,0.10000000000000001
2445,0,1.0723984395896722,0.16001427703579327,0.19361264972322492,-0.00024384131296290826,1002.2069575943917,1103.4787971958622,0.10000000000000001
2446,0,1.0824072469696704,0.16001220763453194,0.19359469532978937,-0.00033886708340006465,1002.2268256248324,1113.4128124161862,0.10000000000000001
2447,0,1.0924168640321428,0.16001960752484712,0.19364239972813269,-0.00023819792107322398,1002.2434883352275,1121.7441676137696,0.10000000000000001
2448,0,1.1024259588797587,0.16001598402283726,0.19359222162078335,-0.000261263221471597,1002.2651109486129,1132.5554743064572,0.10000000000000001
2449,0,1.1124370499563947,0.16002351195583037,0.1935987935954453,-0.00024844485448330639,1002.2908417458583,1145.4208729291508,0.10000000000000001
2450,0,1.1224456665094589,0.16002180594521648,0.19353258880469662,-0.00011108898198978403,1002.3090054012955,1154.502700647754,0.10000000000000001
2451,0,1.132457506603199,0.1600239328771309,0.19345300708541679,-0.00027660958164459239,1002.3438368626096,1171.918431304789,0.10000000000000001
2452,0,1.1424659997368143,0.16002974839479495,0.1934059844048287,6.164460225402506e-05,1002.355467693681,1177.7338468405105,0.10000000000000001
2453,0,1.1524777566365356,0.16002103751102709,0.19321788520157498,-0.00028771011661988529,1002.394882143261,1197.4410716305215,0.10000000000000001
2454,0,1.1624874630405628,0.16003859697448078,0.19321236357165716,0.00017051361079886771,1002.4020839937408,1201.0419968704014,0.10000000000000001
2455,0,1.172497785830974,0.16001825558783178,0.19294243739637024,-0.00021715851565813624,1002.4358752268483,1217.9376134241693,0.10000000000000001
2456,0,1.1825098293636196,0.16004484434934826,0.19295459116698802,0.00012491904296457577,1002.4465517834692,1223.2758917346018,0.10000000000000001
2457,0,1.1925174095562867,0.16002059910569427,0.1926897241076955,-1.3934025876177739e-05,1002.4611873822352,1230.5936911175763,0.10000000000000001
2458,0,1.2025321351203102,0.16004269862977025,0.19264083740606194,-0.00011478200695385531,1002.4854767374914,1242.7383687456768,0.10000000000000001
2459,0,1.2125372401881398,0.16003138145233778,0.1925034431311842,0.00030653651236668737,1002.4703420902013,1235.1710451006284,0.10000000000000001
2460,0,1.2225536641678847,0.16002844215861972,0.1922928455150146,-0.00047382462660623876,1002.5134727388441,1256.7363694220717,0.10000000000000001
2461,0,1.2325583394477977,0.16005045617723923,0.19236856025657234,0.00063932911101815398,1002.4689511685463,1234.4755842731274,0.10000000000000001
2462,0,1.242573387622828,0.16000602704582681,0.19194465292337329,-0.00075002351684143559,1002.5240991526836,1262.0495763417807,0.10000000000000001
2463,0,1.2525808172208261,0.16007107700564938,0.19220756480550527,0.00079615519232217684,1002.4674711256548,1233.7355628274054,0.10000000000000001
2464,0,1.2625904374933559,0.15998718717364996,0.19163364508618427,-0.00070593272005332159,1002.5131028702367,1256.5514351183538,0.10000000000000001
2465,0,1.2726038712554406,0.16008016039858619,0.19191337860148189,0.00056567166371802901,1002.4768932940401,1238.446647020055,0.10000000000000001
2466,0,1.2826053112149416,0.15998687757361238,0.19139832494462056,-0.00020736559628502013,1002.4833443717828,1241.6721858913888,0.10000000000000001
2467,0,1.292625873741563,0.16006368143777611,0.19141460845693581,-0.00012774113196983717,1002.5023606902555,1251.1803451277501,0.10000000000000001
2468,0,1.3026199458123577,0.16001412955145722,0.19122074675262818,0.00068887343814246144,1002.4459649503946,1222.9824751972842,0.10000000000000001
2469,0,1.3126446941199228,0.16001714400183273,0.19070638580093704,-0.0010530445361816476,1002.538014704703,1269.0073523514798,0.10000000000000001
2470,0,1.3226360173259566,0.16006534836191444,0.19098835482908644,0.001726126618973678,1002.4195175922673,1209.7587961336558,0.10000000000000001
2471,0,1.3326579784215369,0.15995366855955215,0.18984521802909055,-0.0017041894950283812,1002.5687716549249,1284.3858274624722,0.10000000000000001
2472,0,1.3426540292075646,0.1601214030058222,0.19048975655629319,0.0024462317215221047,1002.4248764680348,1212.4382340173838,0.10000000000000001
2473,0,1.352664834251986,0.15990387969406408,0.18895430823908227,-0.0016407185223545533,1002.5807675663387,1290.383783169375,0.10000000000000001
2474,0,1.3626730571156436,0.16015292494993591,0.18959895696078069,0.0022638006300174395,1002.4788092711261,1239.4046355630621,0.10000000000000001
2475,0,1.372666772332827,0.15990030605220931,0.18823211694021158,-0.00077176372032987427,1002.5703537773818,1285.1768886908985,0.10000000000000001
2476,0,1.3826900859050728,0.16013319062108958,0.18838358997014523,0.00085777876186210597,1002.5791113401386,1289.5556700693191,0.10000000000000001
2477,0,1.3926668119401175,0.15995567061173527,0.18785581015835731,0.00068545249198381623,1002.5454887724152,1272.7443862075916,0.10000000000000001
2478,0,1.4027014071653334,0.16005264847209852,0.18707618934130052,-0.0013063200422718797,1002.6958671370752,1347.9335685375986,0.10000000000000001
2479,0,1.412669525674952,0.16005438485924897,0.18773585144048735,0.0023904746088546569,1002.5196531715734,1259.8265857866977,0.10000000000000001
2480,0,1.4227039436109454,0.15993403062699482,0.18589316441527559,-0.0030745649343288726,1002.782352416407,1391.1762082034898,0.10000000000000001
2481,0,1.432679794443094,0.16016073669441933,0.18750303699465592,0.0037997637832620254,1002.5131023971599,1256.5511985799276,0.10000000000000001
2482,0,1.4426978435571989,0.15983071972136395,0.185024041384795,-0.0035490051478484167,1002.8034245502761,1401.7122751380384,0.10000000000000001
2483,0,1.4526975115592615,0.16023610669337945,0.18685765924210676,0.0039761795560209565,1002.5499690059487,1274.9845029743483,0.10000000000000001
2484,0,1.4626856690764691,0.15979714888677349,0.18476666596355215,-0.002751528762432765,1002.7535748422542,1376.7874211271192,0.10000000000000001
2485,0,1.4727140078422374,0.16024608895412676,0.18596037605122501,0.0020979450170974068,1002.6352660766934,1317.6330383466848,0.10000000000000001
2486,0,1.4826702573344881,0.15985410999514349,0.18533590773697378,-0.0010904728265756711,1002.6482674541546,1324.1337270773101,0.10000000000000001
2487,0,1.4927197043685303,0.16016563976994899,0.18519825158492059,-0.0012623057962296142,1002.7282100768593,1364.1050384296705,0.10000000000000001
2488,0,1.5026588419236488,0.15998137554295866,0.18645966772468325,0.0012186685521275039,1002.5084170064144,1254.2085032072237,0.10000000000000001
2489,0,1.5127121718363377,0.16000693845641895,0.18464961948409064,-0.0041074045084494538,1002.7601261702196,1380.0630851097822,0.10000000000000001
2490,0,1.5226646751201443,0.16012936063705285,0.18734655629716149,0.0036678432489127243,1002.3666339808441,1183.3169904220426,0.10000000000000001
2491,0,1.5326968901998128,0.15983671506224592,0.18427301496171575,-0.0048247651787916767,1002.6868450610103,1343.4225305051655,0.10000000000000001
2492,0,1.5426941303427772,0.16024733742705499,0.18720717351984856,0.0048876272161282779,1002.2723710025159,1136.1855012579554,0.10000000000000001
2493,0,1.5526759780682409,0.15974415416605381,0.18419718799345902,-0.0036273072730466319,1002.513189372507,1256.5946862534929,0.10000000000000001
2494,0,1.5627268261928631,0.16028782632718572,0.18610512408426572,0.0030543340225178467,1002.2661155710573,1133.0577855286492,0.10000000000000001
2495,0,1.5726513222865004,0.1597867954128476,0.1847494816579705,-0.0014596967530742819,1002.2803886120086,1140.1943060042754,0.10000000000000001
2496,0,1.5827360971880713,0.16020347213248262,0.18477279996558504,-0.0014282058808103362,1002.3111440384912,1155.5720192455965,0.10000000000000001
2497,0,1.5926351650097474,0.15995513895545885,0.18552641167191222,0.0015759845788825614,1002.0230293578901,1011.5146789450478,0.10000000000000001
2498,0,1.6027308762278201,0.15998189857812023,0.18358205347294546,-0.0053903162162379182,1002.3122400947177,1156.1200473588542,0.10000000000000001
2499,0,1.6126422646545924,0.16019934616793371,0.18548302234483507,0.005288334383382714,1001.7808186552068,890.4093276033791,0.10000000000000001
2500,0,1.6227375869228684,0.15968332046780939,0.18243628286146704,-0.0067226541171196818,1002.2151108404133,1107.5554202066655,0.10000000000000001
2501,0,1.632672189179915,0.16046168684919632,0.18395541166057791,0.0079774068759441395,1001.6096838192271,804.84190961357172,0.10000000000000001
2502,0,1.6427414334290291,0.15942853798991607,0.18132171173888267,-0.0063523749770278302,1002.0395845158057,1019.79225790285,0.10000000000000001
2503,0,1.652686244553023,0.1606722938379469,0.18172231760993263,0.0071732691596562044,1001.5554162870895,777.70814354477125,0.10000000000000001
2504,0,1.6627181396714659,0.15933290414825246,0.1803438972410937,-0.0053279276375898339,1001.8139761886983,906.98809434917393,0.10000000000000001
2505,0,1.6726642552663562,0.16075766055113666,0.17984417524669113,0.0029635287176191395,1001.5809337707459,790.4668853729504,0.10000000000000001
2506,0,1.6826745656375595,0.15944006570901667,0.17963163261391615,-0.0028448857149746339,1001.5548273939245,777.41369696224183,0.10000000000000001
2507,0,1.6926666246412472,0.16060046896285851,0.17859471277676703,-0.0024018113325276111,1001.6293989672048,814.69948360239641,0.10000000000000001
2508,0,1.7026110453908379,0.15977917556488569,0.17877265130221695,0.001724379268511781,1001.258306040444,629.15302022202013,0.10000000000000001
2509,0,1.7127258457168777,0.16011819503834665,0.17773916267760956,-0.0079455541319676491,1001.6927223590087,846.36117950435619,0.10000000000000001
2510,0,1.7225051181374358,0.16037745218178381,0.1775408055219401,0.0074876019638459718,1000.960743913074,480.37195653699882,0.10000000000000001
2511,0,1.7327775357635278,0.15938814323689882,0.17719301263489048,-0.012762314405820888,1001.7346976984001,867.34884920002742,0.10000000000000001
2512,0,1.7423162903129561,0.16127645578671546,0.17592499752599552,0.013268040693575773,1000.7172151156957,358.60755784784715,0.10000000000000001
2513,0,1.7528308176413165,0.15853746650133624,0.17723928645722187,-0.015032140730801518,1001.6932978167149,846.64890835745155,0.10000000000000001
2514,0,1.7620628966699157,0.16246694376222842,0.17323187106089694,0.019126717486913525,1000.4955916876893,247.79584384464215,0.10000000000000001
2515,0,1.7729449512059776,0.1577045006229863,0.17769518016027902,-0.013858373252598637,1001.5489042943999,774.45214719995192,0.10000000000000001
2516,0,1.7817896094798189,0.16385942499788234,0.17022278038514335,0.027308100531936077,1000.2432265706803,121.61328534017457,0.10000000000000001
2517,0,1.7930859378687685,0.15708795586360522,0.17726579209020646,-0.009189231825242658,1001.1926024354569,596.30121772846678,0.10000000000000001
2518,0,1.801460205986396,0.16551007811090068,0.16831846668155037,0.035482410912332001,1000.0693075513484,34.653775674200915,0.10000000000000001
2519,0,1.8132465579520609,0.15690853080028819,0.17606281558486137,-0.0015867040183428288,1000.5886920200156,294.34601000781413,0.10000000000000001
2520,0,1.8211479081512219,0.16735565125657784,0.16702857738698076,0.034404966732347955,1000.0709354532661,35.467726633044094,0.10000000000000001
2521,0,1.8333805627111279,0.1573951394352319,0.17580897856311156,0.0035547821853170024,1000.2375937936329,118.79689681643413,0.10000000000000001
2522,0,1.8409731549470374,0.16882021808084263,0.16781790033345009,0.033727175671401467,999.99429134961542,-2.8543251922883428,0.10000000000000001
2523,0,1.8533912572952134,0.15850733174407258,0.17759400871269693,0.0063177439080851746,1000.1414375649817,70.71878249087149,0.10000000000000001
2524,0,1.8605857512492676,0.17106808953473404,0.16457649450573983,-0.0043387129352203671,1000.2623302417277,131.16512086384091,0.10000000000000001
2525,0,1.8736978841444971,0.15840168671755694,0.18016791182422273,-0.0057018033650957601,1000.6135762949315,306.78814746573835,0.10000000000000001
2526,0,1.8803845040087648,0.17027191493876914,0.17010940779936501,-0.012561664899926302,1000.2457032088774,122.85160443872201,0.10000000000000001
2527,0,1.8958695863673547,0.15541531047045715,0.18427018575854343,-0.006949263239465815,1000.3482204848029,174.11024240146844,0.10000000000000001
2528,0,1.8997634922790312,0.16794980110030772,0.1711942590388284,-0.012125897687203107,1000.2164450634868,108.22253174342222,0.10000000000000001
2529,0,1.9125270738849902,0.16789245375359002,0.16961367232347749,-0.014439011127464306,1000.3048877803456,152.44389017277626,0.10000000000000001
2530,0,1.9144117757561421,0.16928388332814315,0.16409671443439408,0.04008958776750024,999.57032076899338,-214.83961550330832,0.10000000000000001
2531,0,1.9466571395277372,0.15388663010138923,0.16587760101193247,-0.0020613920082638757,1000.0018545393389,0.92726966943246225,0.10000000000000001
2532,0,1.9610901766838624,0.1530297123236618,0.16805212505659795,-0.0011251736001897607,999.97683612363505,-11.58193818247355,0.10000000000000001
2533,0,1.9623391314672858,0.15130809556467414,0.16856203130563543,-0.00032532268939740696,999.98240454016127,-8.797729919365338,0.10000000000000001
2534,0,0.16378855305379961,0.15398447653047465,0.22870703057565853,0.0045313561238169439,1000.0634890657681,31.744532884033561,0.10000000000000001
2535,0,0.11469503796614036,0.19664443953416452,0.028332950401314547,0.018357706629254147,1001.2353680306359,617.68401531793415,0.10000000000000001
2536,0,0.15902303087286002,0.15601758396048057,0.22727600377291485,0.0058238370614755071,1000.0219973708921,10.998685446054424,0.10000000000000001
2537,0,0.18712594870089794,0.16122616257098821,0.22168209323944948,-0.010338495284226786,1000.4175927553034,208.79637765170855,0.10000000000000001
2538,0,0.1862249654983234,0.1612212081218222,0.22150686725699051,0.011258410944235615,999.68182069285172,-159.08965357414218,0.10000000000000001
2539,0,0.20354593326819104,0.16934777804999432,0.19921153080501547,-0.0036581691516913428,1000.0982085186384,49.10425931922191,0.10000000000000001
2540,0,0.21212275063836394,0.16311564876654827,0.20619426408878605,-0.0054063305153224132,1000.1887478986657,94.373949332862139,0.10000000000000001
2541,0,0.22000753058251399,0.17171588806634286,0.19754415210215823,-0.0052840508386645365,1000.0867216511435,43.360825571767236,0.10000000000000001
2542,0,0.23172042183041788,0.16657792969936655,0.1925471914074641,0.013529581366751642,999.93108586608594,-34.457066957031657,0.10000000000000001
2543,0,0.23841534791651026,0.17042518469267162,0.19369361318595446,-0.044826617843707325,1000.3933380615373,196.66903076864628,0.10000000000000001
2544,0,0.25062106101630244,0.16993796873681072,0.18748699276302067,0.067467748941273858,999.60561514871313,-197.19242564343631,0.10000000000000001
2545,0,0.25833272180206379,0.16929454254629775,0.1837114474522831,-0.06225323114129247,1000.7454465986755,372.72329933773563,0.10000000000000001
2546,0,0.27014574012031195,0.16937559830897883,0.18778998482082709,0.067682477871953139,999.49966563417922,-250.16718291038842,0.10000000000000001
2547,0,0.27820844296673719,0.17024868506331672,0.17930567317165333,-0.057953521646284957,1000.8001842829291,400.09214146454042,0.10000000000000001
2548,0,0.28958956733795299,0.16932935124892559,0.190279936331953,0.043550616498293226,999.76608318980982,-116.95840509509026,0.10000000000000001
2549,0,0.29828369919625713,0.17035528258495899,0.18077466764934957,-0.030708348902370314,1000.6703807323171,335.19036615854247,0.10000000000000001
2550,0,0.30911393702973106,0.16959911538677858,0.18850753095242065,0.014742514521855153,1000.1823122205282,91.156110264080326,0.10000000000000001
2551,0,0.3185118191586373,0.17017644317005354,0.18236782677162536,-0.0045162207871126733,1000.5431172711601,271.55863558004967,0.10000000000000001
2552,0,0.32877051947782604,0.16985361175985875,0.18526727195453732,-0.0030002757827092687,1000.5024339580617,251.2169790308576,0.10000000000000001
2553,0,0.33872861479431104,0.16995142645204342,0.18313070581664601,0.0056580519703402178,1000.5293006773286,264.65033866429621,0.10000000000000001
2554,0,0.34856899417464232,0.16992333775481416,0.18268889667601065,-0.0061696735219658651,1000.6649456354261,332.4728177130396,0.10000000000000001
2555,0,0.3587928094884178,0.17001427233870869,0.18242717390724805,0.0044536980949078974,1000.6591983941406,329.59919707030849,0.10000000000000001
2556,0,0.36854482301522395,0.16976635431144527,0.18122079259947496,-0.0016253980639794109,1000.7228703603474,361.43518017371434,0.10000000000000001
2557,0,0.37872068379530704,0.17028383860622637,0.18075440971532497,-0.00048662876682318456,1000.834513582937,417.25679146850325,0.10000000000000001
2558,0,0.38863257653357525,0.16953456410257475,0.18038471577958362,0.0010038289708100569,1000.7784174510344,389.20872551722141,0.10000000000000001
2559,0,0.39861240416348281,0.17045098357110056,0.17929782739620159,-0.00064831247667547671,1000.9471031482905,473.55157414523319,0.10000000000000001
2560,0,0.40871139266964657,0.16947567180716056,0.17921532726936573,-0.0019908389991010597,1000.9033707755682,451.68538778409584,0.10000000000000001
2561,0,0.41855764874723478,0.17040601701482669,0.17833726338784689,0.003718414686045965,1000.9956451937649,497.82259688242902,0.10000000000000001
2562,0,0.42872532204088698,0.16958975825075359,0.17778074962172918,-0.0062531446360128331,1001.0483857251104,524.19286255519637,0.10000000000000001
2563,0,0.43856764645025542,0.1702645053861867,0.17746574100637422,0.0073114857467235081,1001.0393815278823,519.6907639411279,0.10000000000000001
2564,0,0.44870879321529028,0.16973830761557615,0.17630246765799482,-0.0076244861834690886,1001.1743943710253,587.19718551265032,0.10000000000000001
2565,0,0.4586092127051184,0.17014972744794593,0.1766969888689813,0.0062392253502252214,1001.1221655571015,561.08277855076949,0.10000000000000001
2566,0,0.46868758994687382,0.16981623928132572,0.17537441973272436,-0.0050693730617483593,1001.2599550691052,629.97753455260863,0.10000000000000001
2567,0,0.47865398940433768,0.17012288630553862,0.17580170723501884,0.0024321921251415366,1001.2586602637045,629.33013185227082,0.10000000000000001
2568,0,0.48868099282082744,0.16980566054453236,0.17504277344186692,-0.0017623899888043379,1001.3329925610636,666.49628053181686,0.10000000000000001
2569,0,0.49867511205867798,0.17015817202420114,0.17504937087090122,-0.00071824484471373184,1001.4134613057925,706.73065289622627,0.10000000000000001
2570,0,0.50869590903328721,0.16976605826823929,0.17502336391733039,-0.00015285994719623904,1001.4290047028409,714.50235142043539,0.10000000000000001
2571,0,0.51867694192259428,0.17019329881661435,0.17476915562818102,-0.001862385831009063,1001.5591511801512,779.57559007558075,0.10000000000000001
2572,0,0.52871751807299616,0.16974746042109151,0.1751120670542175,-0.00022555539071966748,1001.5592427046865,779.62135234326979,0.10000000000000001
2573,0,0.53867478451801709,0.1701966459264313,0.17497286034319082,-0.0017909130606438926,1001.6929010582667,846.45052913333529,0.10000000000000001
2574,0,0.54873321701183309,0.16976431351822122,0.17539492378740149,-0.00087114164316759457,1001.7063837140672,853.19185703360745,0.10000000000000001
2575,0,0.55867666251125092,0.17016429200744088,0.17546367396451568,-0.0013919001755379815,1001.8201701067175,910.08505335872769,0.10000000000000001
2576,0,0.56873733350499855,0.16981218147259888,0.17590669389569788,-0.0014986946941216307,1001.8514764675157,925.73823375784059,0.10000000000000001
2577,0,0.57868387358760554,0.17010820790086037,0.17612817214575288,-0.00098841565638833548,1001.9380631433136,969.03157165678522,0.10000000000000001
2578,0,0.58873153376971121,0.16987366252271682,0.1765499756614459,-0.0019412445808780884,1001.9811282693045,990.56413465223159,0.10000000000000001
2579,0,0.59869226379021767,0.17004884409873158,0.17688911180862663,-0.00068894655733318867,1002.0388287605273,1019.4143802636404,0.10000000000000001
2580,0,0.6087214498931669,0.16992865089571665,0.17720808960158069,-0.0020861184716787829,1002.0849135327215,1042.4567663607718,0.10000000000000001
2581,0,0.61869707525082007,0.1700031783793865,0.17762723276115319,-0.00058296291261600579,1002.1162689427973,1058.1344713986596,0.10000000000000001
2582,0,0.62871109206407949,0.16996459977946582,0.17780014435596281,-0.0018921889301410032,1002.1555425627521,1077.7712813760445,0.10000000000000001
2583,0,0.6386958240064512,0.16997792806138576,0.17821974026282028,-0.00066555699992473674,1002.166283139893,1083.1415699465197,0.10000000000000001
2584,0,0.64870183630478229,0.16998067555273538,0.17827002629983291,-0.0014566266628246748,1002.1906968119722,1095.3484059861012,0.10000000000000001
2585,0,0.65868986728369094,0.1699692006585726,0.17857914469724834,-0.00079456452236844309,1002.1881975144544,1094.0987572271865,0.10000000000000001
2586,0,0.66869213387987669,0.16998322595602436,0.17856540757777184,-0.0010347360794951319,1002.1942263599077,1097.1131799538512,0.10000000000000001
2587,0,0.67868168451354904,0.16996981687045115,0.17870701233081909,-0.00079985532344599452,1002.1836546175464,1091.8273087731905,0.10000000000000001
2588,0,0.68868151929940291,0.16997949858574909,0.17864500393910493,-0.00076561764316698377,1002.175040037662,1087.5200188310146,0.10000000000000001
2589,0,0.69867231521379547,0.16997345494102428,0.17864892164518353,-0.0007185013892083991,1002.1589831631818,1079.4915815909008,0.10000000000000001
2590,0,0.70867011931730084,0.16997444283887703,0.1785431707639821,-0.00062518238469727019,1002.1422563876843,1071.128193842128,0.10000000000000001
2591,0,0.71866198388139713,0.16997675904763629,0.1784577864844509,-0.00063088772873808648,1002.1241973377442,1062.0986688721246,0.10000000000000001
2592,0,0.72865829199862175,0.16997077948990699,0.17833482462822317,-0.00058584072223716527,1002.1053808239872,1052.6904119935807,0.10000000000000001
2593,0,0.73865109360005365,0.16997827768254498,0.17821421458667264,-0.00058525892483332869,1002.0889699497027,1044.4849748513434,0.10000000000000001
2594,0,0.74864630077841843,0.16996924402985153,0.17810197874406136,-0.00061600146619051547,1002.0731875135637,1036.5937567818264,0.10000000000000001
2595,0,0.75863969369637785,0.16997806386630801,0.17799653316322878,-0.00060052310053178759,1002.0613670043598,1030.6835021798975,0.10000000000000001
2596,0,0.7686342239187397,0.1699694263360858,0.17792113030476595,-0.00068886526721922416,1002.051899460731,1025.9497303654825,0.10000000000000001
2597,0,0.77862798689508628,0.16997702846230445,0.1778624806265118,-0.00065978420085385553,1002.0466741752872,1023.337087643597,0.10000000000000001
2598,0,0.78862189341078903,0.16997018060746111,0.17783871305391974,-0.00078035785910653696,1002.0448580441829,1022.429022091444,0.10000000000000001
2599,0,0.79861576389541156,0.16997628759184294,0.1778384997266502,-0.00074023159233113948,1002.0467470823247,1023.373541162357,0.10000000000000001
2600,0,0.8086094794914247,0.16997104070963073,0.17786569654082415,-0.00085652476096080142,1002.0522393178951,1026.1196589475503,0.10000000000000001
2601,0,0.81860317320501808,0.16997592528973615,0.17791486254309824,-0.00081710191304145189,1002.0604523741366,1030.2261870683083,0.10000000000000001
2602,0,0.82859687530305481,0.1699721320392637,0.17798107377084815,-0.00090213204721141646,1002.0713885477259,1035.69427386293,0.10000000000000001
2603,0,0.83859044485992917,0.16997562106558897,0.17805827393348098,-0.00086256104751359036,1002.0839034969102,1041.9517484551193,0.10000000000000001
2604,0,0.84858387083890119,0.16997327565979756,0.17813942717744236,-0.00091151308301468581,1002.0976928311327,1048.8464155663451,0.10000000000000001
2605,0,0.85857745723883483,0.16997558921527867,0.17822019540938169,-0.00086902943286103749,1002.1115849099915,1055.7924549957534,0.10000000000000001
2606,0,0.86857093317394818,0.16997447251460981,0.17829095444980847,-0.00088442837091553357,1002.1253203827105,1062.6601913552349,0.10000000000000001
2607,0,0.87856482578356154,0.16997592217209834,0.17835124848410558,-0.00083949657979833826,1002.1376161596996,1068.8080798498163,0.10000000000000001
2608,0,0.88855881312318807,0.16997554650170146,0.17839400043776624,-0.00083549758669114471,1002.1485206225188,1074.2603112594225,0.10000000000000001
2609,0,0.89855333164609108,0.16997657693770571,0.17841522958395373,-0.00077974135966490314,1002.1568474031407,1078.4237015703297,0.10000000000000001
2610,0,0.90854815768662922,0.1699763354243804,0.17841893378640428,-0.00077977813599150491,1002.1630661629617,1081.5330814808704,0.10000000000000001
2611,0,0.91854338773970445,0.16997721748226607,0.17839591150588829,-0.00071242721477032963,1002.1660735808169,1083.036790408471,0.10000000000000001
2612,0,0.92853902811466082,0.16997676422678723,0.17835518087576088,-0.00072226033395671164,1002.1669639822004,1083.4819911002,0.10000000000000001
2613,0,0.93853519541035213,0.16997804568072269,0.17829219039573341,-0.00066614509225729787,1002.1649485833959,1082.4742916979631,0.10000000000000001
2614,0,0.94853225969403154,0.16997739355260205,0.17821393569768026,-0.0006675676145188904,1002.160963341842,1080.4816709210172,0.10000000000000001
2615,0,0.95853026902333782,0.16997906498391391,0.17812540338814761,-0.00065886558881824559,1002.155661366373,1077.8306831865052,0.10000000000000001
2616,0,0.96852953337444592,0.16997851201563643,0.17802540631818475,-0.00062496165863075632,1002.1484442389645,1074.2221194822719,0.10000000000000001
2617,0,0.97853000882722796,0.16997963978530453,0.17793322562767591,-0.00069271034499613032,1002.1422168619432,1071.1084309716057,0.10000000000000001
2618,0,0.98853159585533301,0.16998017757262479,0.17783129243346651,-0.00061117214761199738,1002.1344232953581,1067.2116476790734,0.10000000000000001
2619,0,0.99853458987827359,0.16997944575296034,0.1777541784865235,-0.00074635432546622663,1002.1294735149938,1064.7367574969167,0.10000000000000001
2620,0,1.008538386225335,0.16998238321880257,0.17767179173152053,-0.00065332263556155002,1002.1242981965966,1062.1490982982777,0.10000000000000001
2621,0,1.0185439720955776,0.16997923059376907,0.17761750566311246,-0.00077741721403061883,1002.1220708873592,1061.0354436796001,0.10000000000000001
2622,0,1.0285503762048929,0.16998470180040881,0.1775718648341062,-0.00076896596785859094,1002.1226630964466,1061.3315482232792,0.10000000000000001
2623,0,1.0385589333447343,0.16998039336607157,0.17753574063609134,-0.00074854829363709947,1002.1238635600104,1061.9317800051817,0.10000000000000001
2624,0,1.0485686220162107,0.16998564909466687,0.17753242346877374,-0.0009357787890525522,1002.1322917349418,1066.1458674708797,0.10000000000000001
2625,0,1.058579883552843,0.16998375923606093,0.17749991913101243,-0.00066663367948498501,1002.1376876507333,1068.8438253666277,0.10000000000000001
2626,0,1.0685927142109979,0.16998371794053693,0.17752261703395766,-0.0010745212750843487,1002.153794396751,1076.8971983754909,0.10000000000000001
2627,0,1.0786058250174895,0.16998960110631869,0.17747749100589552,-0.00060566368678619279,1002.1650629817902,1082.5314908951214,0.10000000000000001
2628,0,1.0886216817569037,0.16997984990505022,0.17748830729888707,-0.0010645068008330789,1002.1857760613186,1092.8880306593101,0.10000000000000001
2629,0,1.0986368150405867,0.16999664303071657,0.17742714641564272,-0.00067574047998157779,1002.2054991813407,1102.749590670328,0.10000000000000001
2630,0,1.1086558992064348,0.16997732863112053,0.17738033871574085,-0.00081054344078212569,1002.225720857092,1112.8604285460142,0.10000000000000001
2631,0,1.1186737425376732,0.17000050571136688,0.17731525076060847,-0.0009359656467500039,1002.2556271245741,1127.8135622870309,0.10000000000000001
2632,0,1.1286951711277782,0.16998054811173763,0.17717375630780882,-0.00033904575329829988,1002.2708985185133,1135.4492592566316,0.10000000000000001
2633,0,1.1387160953508513,0.16999585933600111,0.17712001651916748,-0.0013010848343469879,1002.3090325589374,1154.5162794686803,0.10000000000000001
2634,0,1.1487380596813677,0.16999309922643063,0.17687846331523605,0.00013832122825100832,1002.3189513380105,1159.4756690052463,0.10000000000000001
2635,0,1.1587623902376518,0.16998075060434434,0.17683171242399898,-0.0015121216931333478,1002.357346333392,1178.6731666960009,0.10000000000000001
2636,0,1.1687835883719395,0.1700142306745373,0.17653209470910994,0.0002678968625023555,1002.3675475238922,1183.7737619460995,0.10000000000000001
2637,0,1.178811880965928,0.16996037506336045,0.17645647397138597,-0.0012426311985696452,1002.3929682790772,1196.4841395385974,0.10000000000000001
2638,0,1.1888325271485778,0.17003527309950064,0.17618496415101786,-0.00025400534170125487,1002.413080171907,1206.5400859535202,0.10000000000000001
2639,0,1.1988642852780049,0.16994704329677368,0.17602093053627749,-0.0003293102906088822,1002.4124964792021,1206.2482396010523,0.10000000000000001
2640,0,1.2088854266394837,0.17004044276806704,0.17587318116045988,-0.0014174141994567791,1002.4495317475457,1224.7658737728671,0.10000000000000001
2641,0,1.2189176570007663,0.16995616688672155,0.17556662843378695,0.0009978183516111518,1002.4189605531703,1209.4802765851682,0.10000000000000001
2642,0,1.2289411011404496,0.17001510276292281,0.17559125178154183,-0.0027285429519279393,1002.469071817383,1234.5359086914982,0.10000000000000001
2643,0,1.2389697069181984,0.16999809343103908,0.17513470154276722,0.0020653418149627462,1002.4209429640957,1210.4714820478648,0.10000000000000001
2644,0,1.248998248037432,0.16995658148034251,0.17529159439749425,-0.0033273510496134731,1002.46522807501,1232.6140375050159,0.10000000000000001
2645,0,1.2590193249875905,0.17006696203094729,0.17474693755900969,0.0020079164689274188,1002.4279794519233,1213.9897259616532,0.10000000000000001
2646,0,1.2690550202772233,0.16988223046987763,0.17490424361337964,-0.0024371723667216904,1002.4375287977454,1218.7643988726791,0.10000000000000001
2647,0,1.2790662399017751,0.17013526229870329,0.17441324200135999,0.0002800872809334674,1002.4451326591716,1222.5663295857885,0.10000000000000001
2648,0,1.2891087105408769,0.16982883527928477,0.17439453910504604,9.7358206233524993e-05,1002.3962001718954,1198.1000859477149,0.10000000000000001
2649,0,1.2991111385479133,0.17015983718203165,0.17412328496662366,-0.0027821778543711813,1002.4687817023126,1234.39085115632,0.10000000000000001
2650,0,1.3091563137249549,0.16983920612441442,0.17377247867305284,0.0034759151689590347,1002.3623285070794,1181.1642535396913,0.10000000000000001
2651,0,1.3191563682559817,0.17010263775288267,0.17381676941241775,-0.0057947140325620913,1002.4885342412513,1244.2671206256364,0.10000000000000001
2652,0,1.3291967120937809,0.16993915633598411,0.17306222786696146,0.0060563841718495109,1002.3613220435774,1180.6610217886941,0.10000000000000001
2653,0,1.3392038538390774,0.16995676740554855,0.17333492576250706,-0.0068684960183873324,1002.4918058741345,1245.9029370672283,0.10000000000000001
2654,0,1.3492288913094357,0.17011507651102056,0.17224376541323153,0.0059737276830341673,1002.4086521259915,1204.3260629957331,0.10000000000000001
2655,0,1.3592515822622337,0.1697637914438713,0.17255793454024654,-0.0047565505837972484,1002.4735421045561,1236.7710522780726,0.10000000000000001
2656,0,1.3692507068965094,0.17030534940861988,0.17135739182265364,0.0022752009364248186,1002.4986202307567,1249.3101153783641,0.10000000000000001
2657,0,1.3792945385555837,0.16960579704466935,0.1715364798390287,0.00029176104206886182,1002.4422812898791,1221.1406449395668,0.10000000000000001
2658,0,1.3892645134358086,0.17041665934062922,0.17060439401270167,-0.0040492752103008477,1002.604258693186,1302.1293465930057,0.10000000000000001
2659,0,1.3993297558769557,0.16957015050607332,0.1704991420264613,0.0064618128076258646,1002.423165990201,1211.5829951005139,0.10000000000000001
2660,0,1.4092802743268125,0.17036602339546111,0.17013102021647564,-0.010057919499117766,1002.6887316844908,1344.365842245395,0.10000000000000001
2661,0,1.4193583079406868,0.16971023408397148,0.16962886696034146,0.010922608274069122,1002.4457762734301,1222.8881367150279,0.10000000000000001
2662,0,1.4293083905113473,0.17012894875821918,0.16975346344952702,-0.012301105371162574,1002.7173900319144,1358.6950159572098,0.10000000000000001
2663,0,1.4393788606021007,0.17001279620923282,0.16882574148584373,0.01075427592719834,1002.5213596124815,1260.6798062407734,0.10000000000000001
2664,0,1.449346800228857,0.16977384623512148,0.16921304385183286,-0.0089833732231121462,1002.6709314931647,1335.465746582372,0.10000000000000001
2665,0,1.4593829376515317,0.17037813455885478,0.16791215256571243,0.0045310751755094393,1002.6267182931419,1313.3591465709742,0.10000000000000001
2666,0,1.4693839358081815,0.16944728210858784,0.16862608896213832,-0.0011207198831485893,1002.56073410312,1280.3670515600061,0.10000000000000001
2667,0,1.4793661001462437,0.17064479982784606,0.16722905462025831,-0.0057320990677145302,1002.7146063856437,1357.3031928218597,0.10000000000000001
2668,0,1.4894150135871105,0.16929933620930954,0.16825071325528518,0.0081420255399874651,1002.4299409513308,1214.9704756653819,0.10000000000000001
2669,0,1.4993449566836561,0.17067190380697062,0.1673150383878467,-0.015088543651868727,1002.7436133986154,1371.8066993076832,0.10000000000000001
2670,0,1.5094459399843627,0.16941377534807062,0.16811518711088344,0.015049737288245834,1002.3307100044692,1165.3550022346053,0.10000000000000001
2671,0,1.5193473991869562,0.17040929912861483,0.16784055324977165,-0.018697372913685669,1002.6847975474786,1342.398773739319,0.10000000000000001
2672,0,1.529476370666405,0.16978041130846636,0.16795556117036856,0.015906079679462139,1002.2990128177972,1149.5064088986169,0.10000000000000001
2673,0,1.539375187481191,0.16993502704796823,0.16796993291222934,-0.013956058087705071,1002.5195112884861,1259.7556442430573,0.10000000000000001
2674,0,1.5494890517278637,0.17028007545214741,0.1671492404770912,0.0081070166415347818,1002.3219090275836,1160.9545137918076,0.10000000000000001
2675,0,1.5594054441476048,0.16945328634842427,0.16760050514037267,-0.0022257784542866164,1002.2628226612669,1131.4113306334548,0.10000000000000001
2676,0,1.569463190207347,0.1706818297760832,0.16606540365650233,-0.0065430316651487646,1002.3483172424593,1174.1586212296511,0.10000000000000001
2677,0,1.579428030762144,0.1692077801184671,0.16723758090812604,0.011731098409936894,1001.9861493482342,993.07467411711059,0.10000000000000001
2678,0,1.5894235766518479,0.17075703852071453,0.16580800874428009,-0.02020108775876675,1002.3217917050447,1160.8958525223443,0.10000000000000001
2679,0,1.5994524399937049,0.16932930202551147,0.16690178624330537,0.021669888314316356,1001.7865287526836,893.26437634179001,0.10000000000000001
2680,0,1.6094217510930826,0.17044085793505656,0.16609114921858104,-0.024974464355281816,1002.2095025331663,1104.7512665831505,0.10000000000000001
2681,0,1.6194825120685845,0.16976898967762491,0.16600531237969632,0.022322200966575799,1001.7116512559629,855.82562798146,0.10000000000000001
2682,0,1.6294524170258831,0.16985666919630824,0.16584481414172711,-0.018558604660052932,1002.0021589104138,1001.0794552068774,0.10000000000000001
2683,0,1.6394928263473807,0.17036547371485267,0.16378643377356075,0.012221752069345585,1001.7178731151154,858.9365575576835,0.10000000000000001
2684,0,1.6494788656574415,0.16923793095047235,0.16542888395963626,-0.0054706028404226201,1001.7307494568349,865.37472841746421,0.10000000000000001
2685,0,1.6594398348889834,0.17089600584343176,0.16080975963224126,-0.002935045968629191,1001.7151609035831,857.58045179153441,0.10000000000000001
2686,0,1.6695011225908776,0.16883043333998954,0.1651583746100567,0.0066904137926974269,1001.4589762562364,729.48812811819153,0.10000000000000001
2687,0,1.6793451878755039,0.17119617092267345,0.15891786983578252,-0.013988636282147204,1001.6630230652277,831.51153261383115,0.10000000000000001
2688,0,1.6895474531820271,0.16869800624528328,0.1645349085800252,0.013520581936722068,1001.2500476818936,625.02384094682384,0.10000000000000001
2689,0,1.6992310779820567,0.17131333432457721,0.15833613524585538,-0.018514511369536957,1001.5601849334346,780.09246671729215,0.10000000000000001
2690,0,1.7096403249613374,0.16866065052024468,0.16348695493139614,0.015113975164966601,1001.1089579149516,554.47895747579423,0.10000000000000001
2691,0,1.7190542640694579,0.17139880656368292,0.15801004619477643,-0.018467004798276856,1001.4176280454737,708.81402273687399,0.10000000000000001
2692,0,1.7297617622576531,0.16848372031947759,0.16264009260566106,0.010654069117945263,1001.0317253277635,515.86266388176227,0.10000000000000001
2693,0,1.7388425323009822,0.17154897497706686,0.15754093639148281,-0.014792563940728471,1001.2584315387313,629.21576936565771,0.10000000000000001
2694,0,1.7498868866866208,0.16795545981810761,0.16302543604695352,0.00023552951724453383,1001.021164901419,510.58245070947805,0.10000000000000001
2695,0,1.7586535692636751,0.1717814310883567,0.15601137792232272,-0.0074374685821609818,1001.0523754289015,526.18771445077073,0.10000000000000001
2696,0,1.7700054537959391,0.16697557439797983,0.16427470151314139,-0.013747717002885605,1001.0645318397072,532.26591985361438,0.10000000000000001
2697,0,1.7784625487526005,0.17199808281781848,0.1544468087951841,-0.0033506711207381607,1000.8859512004271,442.97560021357185,0.10000000000000001
2698,0,1.790052915931738,0.16572826992855957,0.16483855063201555,-0.024787999733396821,1001.1118380714136,555.91903570677914,0.10000000000000001
2699,0,1.7983537654356048,0.17189476244550633,0.15492803389311646,-0.011497426872314923,1000.8251856901412,412.59284507060556,0.10000000000000001
2700,0,1.8101438409973925,0.16434945009636934,0.16563216149754273,-0.02455654308903293,1001.0531013926229,526.55069631146034,0.10000000000000001
2701,0,1.8183911957997843,0.17118039808367075,0.15783043969793364,-0.023470194422566891,1000.7637817579092,381.89087895460716,0.10000000000000001
2702,0,1.8305659366308913,0.16303001278747173,0.16817646432219169,-0.012405655301970677,1000.7771066981675,388.55334908373607,0.10000000000000001
2703,0,1.8384881336676364,0.17053491534269477,0.16189948558120276,-0.034949883887150632,1000.7571909134314,378.5954567156864,0.10000000000000001
2704,0,1.8512865465215347,0.16196740813684926,0.17348050238144228,-0.0042184348022604387,1000.5959318044644,297.96590223219255,0.10000000000000001
2705,0,1.8590542021822236,0.16915616803221273,0.16633655414816451,0.0075496643300505565,1000.2990609239981,149.53046199906339,0.10000000000000001
2706,0,1.8722075107746177,0.16182484497208813,0.17709809826013009,0.0072917990539318927,999.9991875864938,-0.40620675309810395,0.10000000000000001
2707,0,1.8797263512947502,0.1689698085222639,0.17134499823210009,0.0048554241424183147,1000.1738896746974,86.94483734871028,0.10000000000000001
2708,0,1.8926571856267456,0.1628181404212001,0.17537927876610118,0.0019452028430345966,999.94790110195765,-26.049449021172677,0.10000000000000001
2709,0,1.898288411689115,0.16753303007544679,0.17038102839994446,-0.0062426941726022372,1000.140702270303,70.351135151497601,0.10000000000000001
2710,0,1.921313284516458,0.15938345909489374,0.16804466996506137,-0.0028906288922852606,1000.1979440303833,98.972015191634455,0.10000000000000001
2711,0,1.9203224142922102,0.16059195312070526,0.16869114952542158,-0.0010690237049923487,1000.0747411043106,37.370552155323367,0.10000000000000001
2712,0,1.9504173477474147,0.15526460188664212,0.16654293467403333,-0.0027037537534065769,999.97972979804217,-10.135100978914124,0.10000000000000001
2713,0,1.9099533614419237,0.19684703821481414,0.030776349561052404,-0.03537860914740356,999.32011898630151,-339.94050684924559,0.10000000000000001
2714,0,1.9461149273068368,0.15363335316253526,0.16580120183246666,-0.0018867942285719385,1000.0035468473644,1.7734236822093408,0.10000000000000001
2715,1,0,0,0,0,1000,0,0.10000000000000001
2716,1,0,0.20000000000000001,0,0,1000,0,0.10000000000000001
2717,1,0.01,0,0,0,1000,0,0.10000000000000001
2718,1,0.01,0.01,0,0,1000,0,0.10000000000000001
2719,1,0.01,0.19,0,0,1000,0,0.10000000000000001
2720,1,0.01,0.20000000000000001,0,0,1000,0,0.10000000000000001
2721,1,0.02,0,0,0,1000,0,0.10000000000000001
2722,1,0.02,0.01,0,0,1000,0,0.10000000000000001
2723,1,0.02,0.02,0,0,1000,0,0.10000000000000001
2724,1,0.02,0.17999999999999999,0,0,1000,0,0.10000000000000001
2725,1,0.02,0.19,0,0,1000,0,0.10000000000000001
2726,1,0.02,0.20000000000000001,0,0,1000,0,0.10000000000000001
2727,1,0.029999999999999999,0,0,0,1000,0,0.10000000000000001
2728,1,0.029999999999999999,0.01,0,0,1000,0,0.10000000000000001
2729,1,0.029999999999999999,0.02,0,0,1000,0,0.10000000000000001
2730,1,0.029999999999999999,0.17999999999999999,0,0,1000,0,0.10000000000000001
2731,1,0.029999999999999999,0.19,0,0,1000,0,0.10000000000000001
2732,1,0.029999999999999999,0.20000000000000001,0,0,1000,0,0.10000000000000001
2733,1,0.040000000000000001,0,0,0,1000,0,0.10000000000000001
2734,1,0.040000000000000001,0.01,0,0,1000,0,0.10000000000000001
2735,1,0.040000000000000001,0.02,0,0,1000,0,0.10000000000000001
2736,1,0.040000000000000001,0.17999999999999999,0,0,1000,0,0.10000000000000001
2737,1,0.040000000000000001,0.19,0,0,1000,0,0.10000000000000001
2738,1,0.040000000000000001,0.20000000000000001,0,0,1000,0,0.10000000000000001
2739,1,0.050000000000000003,0,0,0,1000,0,0.10000000000000001
2740,1,0.050000000000000003,0.01,0,0,1000,0,0.10000000000000001
2741,1,0.050000000000000003,0.02,0,0,1000,0,0.10000000000000001
2742,1,0.050000000000000003,0.17999999999999999,0,0,1000,0,0.10000000000000001
2743,1,0.050000000000000003,0.19,0,0,1000,0,0.10000000000000001
2744,1,0.050000000000000003,0.20000000000000001,0,0,1000,0,0.10000000000000001
2745,1,0.059999999999999998,0,0,0,1000,0,0.10000000000000001
2746,1,0.059999999999999998,0.01,0,0,1000,0,0.10000000000000001
2747,1,0.059999999999999998,0.02,0,0,1000,0,0.10000000000000001
2748,1,0.059999999999999998,0.17999999999999999,0,0,1000,0,0.10000000000000001
2749,1,0.059999999999999998,0.19,0,0,1000,0,0.10000000000000001
2750,1,0.059999999999999998,0.20000000000000001,0,0,1000,0,0.10000000000000001
2751,1,0.070000000000000007,0,0,0,1000,0,0.10000000000000001
2752,1,0.070000000000000007,0.01,0,0,1000,0,0.10000000000000001
2753,1,0.070000000000000007,0.02,0,0,1000,0,0.10000000000000001
2754,1,0.070000000000000007,0.17999999999999999,0,0,1000,0,0.10000000000000001
2755,1,0.070000000000000007,0.19,0,0,1000,0,0.10000000000000001
2756,1,0.070000000000000007,0.20000000000000001,0,0,1000,0,0.10000000000000001
2757,1,0.080000000000000002,0,0,0,1000,0,0.10000000000000001
2758,1,0.080000000000000002,0.01,0,0,1000,0,0.10000000000000001
2759,1,0.080000000000000002,0.02,0,0,1000,0,0.10000000000000001
2760,1,0.080000000000000002,0.17999999999999999,0,0,1000,0,0.10000000000000001
2761,1,0.080000000000000002,0.19,0,0,1000,0,0.10000000000000001
2762,1,0.080000000000000002,0.20000000000000001,0,0,1000,0,0.10000000000000001
2763,1,0.089999999999999997,0,0,0,1000,0,0.10000000000000001
2764,1,0.089999999999999997,0.01,0,0,1000,0,0.10000000000000001
2765,1,0.089999999999999997,0.02,0,0,1000,0,0.10000000000000001
2766,1,0.089999999999999997,0.17999999999999999,0,0,1000,0,0.10000000000000001
2767,1,0.089999999999999997,0.19,0,0,1000,0,0.10000000000000001
2768,1,0.089999999999999997,0.20000000000000001,0,0,1000,0,0.10000000000000001
2769,1,0.10000000000000001,0,0,0,1000,0,0.10000000000000001
2770,1,0.10000000000000001,0.01,0,0,1000,0,0.10000000000000001
2771,1,0.10000000000000001,0.02,0,0,1000,0,0.10000000000000001
2772,1,0.10000000000000001,0.17999999999999999,0,0,1000,0,0.10000000000000001
2773,1,0.10000000000000001,0.19,0,0,1000,0,0.10000000000000001
2774,1,0.10000000000000001,0.20000000000000001,0,0,1000,0,0.10000000000000001
2775,1,0.11,0,0,0,1000,0,0.10000000000000001
2776,1,0.11,0.01,0,0,1000,0,0.10000000000000001
2777,1,0.11,0.02,0,0,1000,0,0.10000000000000001
2778,1,0.11,0.17999999999999999,0,0,1000,0,0.10000000000000001
2779,1,0.11,0.19,0,0,1000,0,0.10000000000000001
2780,1,0.11,0.20000000000000001,0,0,1000,0,0.10000000000000001
2781,1,0.12,0,0,0,1000,0,0.10000000000000001
2782,1,0.12,0.01,0,0,1000,0,0.10000000000000001
2783,1,0.12,0.02,0,0,1000,0,0.10000000000000001
2784,1,0.12,0.17999999999999999,0,0,1000,0,0.10000000000000001
2785,1,0.12,0.19,0,0,1000,0,0.10000000000000001
2786,1,0.12,0.20000000000000001,0,0,1000,0,0.10000000000000001
2787,1,0.13,0,0,0,1000,0,0.10000000000000001
2788,1,0.13,0.01,0,0,1000,0,0.10000000000000001
2789,1,0.13,0.02,0,0,1000,0,0.10000000000000001
2790,1,0.13,0.17999999999999999,0,0,1000,0,0.10000000000000001
2791,1,0.13,0.19,0,0,1000,0,0.10000000000000001
2792,1,0.13,0.20000000000000001,0,0,1000,0,0.10000000000000001
2793,1,0.14000000000000001,0,0,0,1000,0,0.10000000000000001
2794,1,0.14000000000000001,0.01,0,0,1000,0,0.10000000000000001
2795,1,0.14000000000000001,0.02,0,0,1000,0,0.10000000000000001
2796,1,0.14000000000000001,0.17999999999999999,0,0,1000,0,0.10000000000000001
2797,1,0.14000000000000001,0.19,0,0,1000,0,0.10000000000000001
2798,1,0.14000000000000001,0.20000000000000001,0,0,1000,0,0.10000000000000001
2799,1,0.14999999999999999,0,0,0,1000,0,0.10000000000000001
2800,1,0.14999999999999999,0.01,0,0,1000,0,0.10000000000000001
2801,1,0.14999999999999999,0.02,0,0,1000,0,0.10000000000000001
2802,1,0.14999999999999999,0.17999999999999999,0,0,1000,0,0.10000000000000001
2803,1,0.14999999999999999,0.19,0,0,1000,0,0.10000000000000001
2804,1,0.14999999999999999,0.20000000000000001,0,0,1000,0,0.10000000000000001
2805,1,0.16,0,0,0,1000,0,0.10000000000000001
2806,1,0.16,0.01,0,0,1000,0,0.10000000000000001
2807,1,0.16,0.02,0,0,1000,0,0.10000000000000001
2808,1,0.16,0.17999999999999999,0,0,1000,0,0.10000000000000001
2809,1,0.16,0.19,0,0,1000,0,0.10000000000000001
2810,1,0.16,0.20000000000000001,0,0,1000,0,0.10000000000000001
2811,1,0.17000000000000001,0,0,0,1000,0,0.10000000000000001
2812,1,0.17000000000000001,0.01,0,0,1000,0,0.10000000000000001
2813,1,0.17000000000000001,0.02,0,0,1000,0,0.10000000000000001
2814,1,0.17000000000000001,0.17999999999999999,0,0,1000,0,0.10000000000000001
2815,1,0.17000000000000001,0.19,0,0,1000,0,0.10000000000000001
2816,1,0.17000000000000001,0.20000000000000001,0,0,1000,0,0.10000000000000001
2817,1,0.17999999999999999,0,0,0,1000,0,0.10000000000000001
2818,1,0.17999999999999999,0.01,0,0,1000,0,0.10000000000000001
2819,1,0.17999999999999999,0.02,0,0,1000,0,0.10000000000000001
2820,1,0.17999999999999999,0.17999999999999999,0,0,1000,0,0.10000000000000001
2821,1,0.17999999999999999,0.19,0,0,1000,0,0.10000000000000001
2822,1,0.17999999999999999,0.20000000000000001,0,0,1000,0,0.10000000000000001
2823,1,0.19,0,0,0,1000,0,0.10000000000000001
2824,1,0.19,0.01,0,0,1000,0,0.10000000000000001
2825,1,0.19,0.02,0,0,1000,0,0.10000000000000001
2826,1,0.19,0.17999999999999999,0,0,1000,0,0.10000000000000001
2827,1,0.19,0.19,0,0,1000,0,0.10000000000000001
2828,1,0.19,0.20000000000000001,0,0,1000,0,0.10000000000000001
2829,1,0.20000000000000001,0,0,0,1000,0,0.10000000000000001
2830,1,0.20000000000000001,0.01,0,0,1000,0,0.10000000000000001
2831,1,0.20000000000000001,0.02,0,0,1000,0,0.10000000000000001
2832,1,0.20000000000000001,0.17999999999999999,0,0,1000,0,0.10000000000000001
2833,1,0.20000000000000001,0.19,0,0,1000,0,0.10000000000000001
2834,1,0.20000000000000001,0.20000000000000001,0,0,1000,0,0.10000000000000001
2835,1,0.20999999999999999,0,0,0,1000,0,0.10000000000000001
2836,1,0.20999999999999999,0.01,0,0,1000,0,0.10000000000000001
2837,1,0.20999999999999999,0.02,0,0,1000,0,0.10000000000000001
2838,1,0.20999999999999999,0.17999999999999999,0,0,1000,0,0.10000000000000001
2839,1,0.20999999999999999,0.19,0,0,1000,0,0.10000000000000001
2840,1,0.20999999999999999,0.20000000000000001,0,0,1000,0,0.10000000000000001
2841,1,0.22,0,0,0,1000,0,0.10000000000000001
2842,1,0.22,0.01,0,0,1000,0,0.10000000000000001
2843,1,0.22,0.02,0,0,1000,0,0.10000000000000001
2844,1,0.22,0.17999999999999999,0,0,1000,0,0.10000000000000001
2845,1,0.22,0.19,0,0,1000,0,0.10000000000000001
2846,1,0.22,0.20000000000000001,0,0,1000,0,0.10000000000000001
2847,1,0.23000000000000001,0,0,0,1000,0,0.10000000000000001
2848,1,0.23000000000000001,0.01,0,0,1000,0,0.10000000000000001
2849,1,0.23000000000000001,0.02,0,0,1000,0,0.10000000000000001
2850,1,0.23000000000000001,0.17999999999999999,0,0,1000,0,0.10000000000000001
2851,1,0.23000000000000001,0.19,0,0,1000,0,0.10000000000000001
2852,1,0.23000000000000001,0.20000000000000001,0,0,1000,0,0.10000000000000001
2853,1,0.23999999999999999,0,0,0,1000,0,0.10000000000000001
2854,1,0.23999999999999999,0.01,0,0,1000,0,0.10000000000000001
2855,1,0.23999999999999999,0.02,0,0,1000,0,0.10000000000000001
2856,1,0.23999999999999999,0.17999999999999999,0,0,1000,0,0.10000000000000001
2857,1,0.23999999999999999,0.19,0,0,1000,0,0.10000000000000001
2858,1,0.23999999999999999,0.20000000000000001,0,0,1000,0,0.10000000000000001
2859,1,0.25,0,0,0,1000,0,0.10000000000000001
2860,1,0.25,0.01,0,0,1000,0,0.10000000000000001
2861,1,0.25,0.02,0,0,1000,0,0.10000000000000001
2862,1,0.25,0.17999999999999999,0,0,1000,0,0.10000000000000001
2863,1,0.25,0.19,0,0,1000,0,0.10000000000000001
2864,1,0.25,0.20000000000000001,0,0,1000,0,0.10000000000000001
2865,1,0.26000000000000001,0,0,0,1000,0,0.10000000000000001
2866,1,0.26000000000000001,0.01,0,0,1000,0,0.10000000000000001
2867,1,0.26000000000000001,0.02,0,0,1000,0,0.10000000000000001
2868,1,0.26000000000000001,0.17999999999999999,0,0,1000,0,0.10000000000000001
2869,1,0.26000000000000001,0.19,0,0,1000,0,0.10000000000000001
2870,1,0.26000000000000001,0.20000000000000001,0,0,1000,0,0.10000000000000001
2871,1,0.27000000000000002,0,0,0,1000,0,0.10000000000000001
2872,1,0.27000000000000002,0.01,0,0,1000,0,0.10000000000000001
2873,1,0.27000000000000002,0.02,0,0,1000,0,0.10000000000000001
2874,1,0.27000000000000002,0.17999999999999999,0,0,1000,0,0.10000000000000001
2875,1,0.27000000000000002,0.19,0,0,1000,0,0.10000000000000001
2876,1,0.27000000000000002,0.20000000000000001,0,0,1000,0,0.10000000000000001
2877,1,0.28000000000000003,0,0,0,1000,0,0.10000000000000001
2878,1,0.28000000000000003,0.01,0,0,1000,0,0.10000000000000001
2879,1,0.28000000000000003,0.02,0,0,1000,0,0.10000000000000001
2880,1,0.28000000000000003,0.17999999999999999,0,0,1000,0,0.10000000000000001
2881,1,0.28000000000000003,0.19,0,0,1000,0,0.10000000000000001
2882,1,0.28000000000000003,0.20000000000000001,0,0,1000,0,0.10000000000000001
2883,1,0.28999999999999998,0,0,0,1000,0,0.10000000000000001
2884,1,0.28999999999999998,0.01,0,0,1000,0,0.10000000000000001
2885,1,0.28999999999999998,0.02,0,0,1000,0,0.10000000000000001
2886,1,0.28999999999999998,0.17999999999999999,0,0,1000,0,0.10000000000000001
2887,1,0.28999999999999998,0.19,0,0,1000,0,0.10000000000000001
2888,1,0.28999999999999998,0.20000000000000001,0,0,1000,0,0.10000000000000001
2889,1,0.29999999999999999,0,0,0,1000,0,0.10000000000000001
2890,1,0.29999999999999999,0.01,0,0,1000,0,0.10000000000000001
2891,1,0.29999999999999999,0.02,0,0,1000,0,0.10000000000000001
2892,1,0.29999999999999999,0.17999999999999999,0,0,1000,0,0.10000000000000001
2893,1,0.29999999999999999,0.19,0,0,1000,0,0.10000000000000001
2894,1,0.29999999999999999,0.20000000000000001,0,0,1000,0,0.10000000000000001
2895,1,0.31,0,0,0,1000,0,0.10000000000000001
2896,1,0.31,0.01,0,0,1000,0,0.10000000000000001
2897,1,0.31,0.02,0,0,1000,0,0.10000000000000001
2898,1,0.31,0.17999999999999999,0,0,1000,0,0.10000000000000001
2899,1,0.31,0.19,0,0,1000,0,0.10000000000000001
2900,1,0.31,0.20000000000000001,0,0,1000,0,0.10000000000000001
2901,1,0.32000000000000001,0,0,0,1000,0,0.10000000000000001
2902,1,0.32000000000000001,0.01,0,0,1000,0,0.10000000000000001
2903,1,0.32000000000000001,0.02,0,0,1000,0,0.10000000000000001
2904,1,0.32000000000000001,0.17999999999999999,0,0,1000,0,0.10000000000000001
2905,1,0.32000000000000001,0.19,0,0,1000,0,0.10000000000000001
2906,1,0.32000000000000001,0.20000000000000001,0,0,1000,0,0.10000000000000001
2907,1,0.33000000000000002,0,0,0,1000,0,0.10000000000000001
2908,1,0.33000000000000002,0.01,0,0,1000,0,0.10000000000000001
2909,1,0.33000000000000002,0.02,0,0,1000,0,0.10000000000000001
2910,1,0.33000000000000002,0.17999999999999999,0,0,1000,0,0.10000000000000001
2911,1,0.33000000000000002,0.19,0,0,1000,0,0.10000000000000001
2912,1,0.33000000000000002,0.20000000000000001,0,0,1000,0,0.10000000000000001
2913,1,0.34000000000000002,0,0,0,1000,0,0.10000000000000001
2914,1,0.34000000000000002,0.01,0,0,1000,0,0.10000000000000001
2915,1,0.34000000000000002,0.02,0,0,1000,0,0.10000000000000001
2916,1,0.34000000000000002,0.17999999999999999,0,0,1000,0,0.10000000000000001
2917,1,0.34000000000000002,0.19,0,0,1000,0,0.10000000000000001
2918,1,0.34000000000000002,0.20000000000000001,0,0,1000,0,0.10000000000000001
2919,1,0.35000000000000003,0,0,0,1000,0,0.10000000000000001
2920,1,0.35000000000000003,0.01,0,0,1000,0,0.10000000000000001
2921,1,0.35000000000000003,0.02,0,0,1000,0,0.10000000000000001
2922,1,0.35000000000000003,0.17999999999999999,0,0,1000,0,0.10000000000000001
2923,1,0.35000000000000003,0.19,0,0,1000,0,0.10000000000000001
2924,1,0.35000000000000003,0.20000000000000001,0,0,1000,0,0.10000000000000001
2925,1,0.35999999999999999,0,0,0,1000,0,0.10000000000000001
2926,1,0.35999999999999999,0.01,0,0,1000,0,0.10000000000000001
2927,1,0.35999999999999999,0.02,0,0,1000,0,0.10000000000000001
2928,1,0.35999999999999999,0.17999999999999999,0,0,1000,0,0.10000000000000001
2929,1,0.35999999999999999,0.19,0,0,1000,0,0.10000000000000001
2930,1,0.35999999999999999,0.20000000000000001,0,0,1000,0,0.10000000000000001
2931,1,0.37,0,0,0,1000,0,0.10000000000000001
2932,1,0.37,0.01,0,0,1000,0,0.10000000000000001
2933,1,0.37,0.02,0,0,1000,0,0.10000000000000001
2934,1,0.37,0.17999999999999999,0,0,1000,0,0.10000000000000001
2935,1,0.37,0.19,0,0,1000,0,0.10000000000000001
2936,1,0.37,0.20000000000000001,0,0,1000,0,0.10000000000000001
2937,1,0.38,0,0,0,1000,0,0.10000000000000001
2938,1,0.38,0.01,0,0,1000,0,0.10000000000000001
2939,1,0.38,0.02,0,0,1000,0,0.10000000000000001
2940,1,0.38,0.17999999999999999,0,0,1000,0,0.10000000000000001
2941,1,0.38,0.19,0,0,1000,0,0.10000000000000001
2942,1,0.38,0.20000000000000001,0,0,1000,0,0.10000000000000001
2943,1,0.39000000000000001,0,0,0,1000,0,0.10000000000000001
2944,1,0.39000000000000001,0.01,0,0,1000,0,0.10000000000000001
2945,1,0.39000000000000001,0.02,0,0,1000,0,0.10000000000000001
2946,1,0.39000000000000001,0.17999999999999999,0,0,1000,0,0.10000000000000001
2947,1,0.39000000000000001,0.19,0,0,1000,0,0.10000000000000001
2948,1,0.39000000000000001,0.20000000000000001,0,0,1000,0,0.10000000000000001
2949,1,0.40000000000000002,0,0,0,1000,0,0.10000000000000001
2950,1,0.40000000000000002,0.01,0,0,1000,0,0.10000000000000001
2951,1,0.40000000000000002,0.02,0,0,1000,0,0.10000000000000001
2952,1,0.40000000000000002,0.17999999999999999,0,0,1000,0,0.10000000000000001
2953,1,0.40000000000000002,0.19,0,0,1000,0,0.10000000000000001
2954,1,0.40000000000000002,0.20000000000000001,0,0,1000,0,0.10000000000000001
2955,1,0.41000000000000003,0,0,0,1000,0,0.10000000000000001
2956,1,0.41000000000000003,0.01,0,0,1000,0,0.10000000000000001
2957,1,0.41000000000000003,0.02,0,0,1000,0,0.10000000000000001
2958,1,0.41000000000000003,0.17999999999999999,0,0,1000,0,0.10000000000000001
2959,1,0.41000000000000003,0.19,0,0,1000,0,0.10000000000000001
2960,1,0.41000000000000003,0.20000000000000001,0,0,1000,0,0.10000000000000001
2961,1,0.41999999999999998,0,0,0,1000,0,0.10000000000000001
2962,1,0.41999999999999998,0.01,0,0,1000,0,0.10000000000000001
2963,1,0.41999999999999998,0.02,0,0,1000,0,0.10000000000000001
2964,1,0.41999999999999998,0.17999999999999999,0,0,1000,0,0.10000000000000001
2965,1,0.41999999999999998,0.19,0,0,1000,0,0.10000000000000001
2966,1,0.41999999999999998,0.20000000000000001,0,0,1000,0,0.10000000000000001
2967,1,0.42999999999999999,0,0,0,1000,0,0.10000000000000001
2968,1,0.42999999999999999,0.01,0,0,1000,0,0.10000000000000001
2969,1,0.42999999999999999,0.02,0,0,1000,0,0.10000000000000001
2970,1,0.42999999999999999,0.17999999999999999,0,0,1000,0,0.10000000000000001
2971,1,0.42999999999999999,0.19,0,0,1000,0,0.10000000000000001
2972,1,0.42999999999999999,0.20000000000000001,0,0,1000,0,0.10000000000000001
2973,1,0.44,0,0,0,1000,0,0.10000000000000001
2974,1,0.44,0.01,0,0,1000,0,0.10000000000000001
2975,1,0.44,0.02,0,0,1000,0,0.10000000000000001
2976,1,0.44,0.17999999999999999,0,0,1000,0,0.10000000000000001
2977,1,0.44,0.19,0,0,1000,0,0.10000000000000001
2978,1,0.44,0.20000000000000001,0,0,1000,0,0.10000000000000001
2979,1,0.45000000000000001,0,0,0,1000,0,0.10000000000000001
2980,1,0.45000000000000001,0.01,0,0,1000,0,0.10000000000000001
2981,1,0.45000000000000001,0.02,0,0,1000,0,0.10000000000000001
2982,1,0.45000000000000001,0.17999999999999999,0,0,1000,0,0.10000000000000001
2983,1,0.45000000000000001,0.19,0,0,1000,0,0.10000000000000001
2984,1,0.45000000000000001,0.20000000000000001,0,0,1000,0,0.10000000000000001
2985,1,0.46000000000000002,0,0,0,1000,0,0.10000000000000001
2986,1,0.46000000000000002,0.01,0,0,1000,0,0.10000000000000001
2987,1,0.46000000000000002,0.02,0,0,1000,0,0.10000000000000001
2988,1,0.46000000000000002,0.17999999999999999,0,0,1000,0,0.10000000000000001
2989,1,0.46000000000000002,0.19,0,0,1000,0,0.10000000000000001
2990,1,0.46000000000000002,0.20000000000000001,0,0,1000,0,0.10000000000000001
2991,1,0.47000000000000003,0,0,0,1000,0,0.10000000000000001
2992,1,0.47000000000000003,0.01,0,0,1000,0,0.10000000000000001
2993,1,0.47000000000000003,0.02,0,0,1000,0,0.10000000000000001
2994,1,0.47000000000000003,0.17999999999999999,0,0,1000,0,0.10000000000000001
2995,1,0.47000000000000003,0.19,0,0,1000,0,0.10000000000000001
2996,1,0.47000000000000003,0.20000000000000001,0,0,1000,0,0.10000000000000001
2997,1,0.47999999999999998,0,0,0,1000,0,0.10000000000000001
2998,1,0.47999999999999998,0.01,0,0,1000,0,0.10000000000000001
2999,1,0.47999999999999998,0.02,0,0,1000,0,0.10000000000000001
3000,1,0.47999999999999998,0.17999999999999999,0,0,1000,0,0.10000000000000001
3001,1,0.47999999999999998,0.19,0,0,1000,0,0.10000000000000001
3002,1,0.47999999999999998,0.20000000000000001,0,0,1000,0,0.10000000000000001
3003,1,0.48999999999999999,0,0,0,1000,0,0.10000000000000001
3004,1,0.48999999999999999,0.01,0,0,1000,0,0.10000000000000001
3005,1,0.48999999999999999,0.02,0,0,1000,0,0.10000000000000001
3006,1,0.48999999999999999,0.17999999999999999,0,0,1000,0,0.10000000000000001
3007,1,0.48999999999999999,0.19,0,0,1000,0,0.10000000000000001
3008,1,0.48999999999999999,0.20000000000000001,0,0,1000,0,0.10000000000000001
3009,1,0.5,0,0,0,1000,0,0.10000000000000001
3010,1,0.5,0.01,0,0,1000,0,0.10000000000000001
3011,1,0.5,0.02,0,0,1000,0,0.10000000000000001
3012,1,0.5,0.17999999999999999,0,0,1000,0,0.10000000000000001
3013,1,0.5,0.19,0,0,1000,0,0.10000000000000001
3014,1,0.5,0.20000000000000001,0,0,1000,0,0.10000000000000001
3015,1,0.51000000000000001,0,0,0,1000,0,0.10000000000000001
3016,1,0.51000000000000001,0.01,0,0,1000,0,0.10000000000000001
3017,1,0.51000000000000001,0.02,0,0,1000,0,0.10000000000000001
3018,1,0.51000000000000001,0.17999999999999999,0,0,1000,0,0.10000000000000001
3019,1,0.51000000000000001,0.19,0,0,1000,0,0.10000000000000001
3020,1,0.51000000000000001,0.20000000000000001,0,0,1000,0,0.10000000000000001
3021,1,0.52000000000000002,0,0,0,1000,0,0.10000000000000001
3022,1,0.52000000000000002,0.01,0,0,1000,0,0.10000000000000001
3023,1,0.52000000000000002,0.02,0,0,1000,0,0.10000000000000001
3024,1,0.52000000000000002,0.17999999999999999,0,0,1000,0,0.10000000000000001
3025,1,0.52000000000000002,0.19,0,0,1000,0,0.10000000000000001
3026,1,0.52000000000000002,0.20000000000000001,0,0,1000,0,0.10000000000000001
3027,1,0.53000000000000003,0,0,0,1000,0,0.10000000000000001
3028,1,0.53000000000000003,0.01,0,0,1000,0,0.10000000000000001
3029,1,0.53000000000000003,0.02,0,0,1000,0,0.10000000000000001
3030,1,0.53000000000000003,0.17999999999999999,0,0,1000,0,0.10000000000000001
3031,1,0.53000000000000003,0.19,0,0,1000,0,0.10000000000000001
3032,1,0.53000000000000003,0.20000000000000001,0,0,1000,0,0.10000000000000001
3033,1,0.54000000000000004,0,0,0,1000,0,0.10000000000000001
3034,1,0.54000000000000004,0.01,0,0,1000,0,0.10000000000000001
3035,1,0.54000000000000004,0.02,0,0,1000,0,0.10000000000000001
3036,1,0.54000000000000004,0.17999999999999999,0,0,1000,0,0.10000000000000001
3037,1,0.54000000000000004,0.19,0,0,1000,0,0.10000000000000001
3038,1,0.54000000000000004,0.20000000000000001,0,0,1000,0,0.10000000000000001
3039,1,0.55000000000000004,0,0,0,1000,0,0.10000000000000001
3040,1,0.55000000000000004,0.01,0,0,1000,0,0.10000000000000001
3041,1,0.55000000000000004,0.02,0,0,1000,0,0.10000000000000001
3042,1,0.55000000000000004,0.17999999999999999,0,0,1000,0,0.10000000000000001
3043,1,0.55000000000000004,0.19,0,0,1000,0,0.10000000000000001
3044,1,0.55000000000000004,0.20000000000000001,0,0,1000,0,0.10000000000000001
3045,1,0.56000000000000005,0,0,0,1000,0,0.10000000000000001
3046,1,0.56000000000000005,0.01,0,0,1000,0,0.10000000000000001
3047,1,0.56000000000000005,0.02,0,0,1000,0,0.10000000000000001
3048,1,0.56000000000000005,0.17999999999999999,0,0,1000,0,0.10000000000000001
3049,1,0.56000000000000005,0.19,0,0,1000,0,0.10000000000000001
3050,1,0.56000000000000005,0.20000000000000001,0,0,1000,0,0.10000000000000001
3051,1,0.57000000000000006,0,0,0,1000,0,0.10000000000000001
3052,1,0.57000000000000006,0.01,0,0,1000,0,0.10000000000000001
3053,1,0.57000000000000006,0.02,0,0,1000,0,0.10000000000000001
3054,1,0.57000000000000006,0.17999999999999999,0,0,1000,0,0.10000000000000001
3055,1,0.57000000000000006,0.19,0,0,1000,0,0.10000000000000001
3056,1,0.57000000000000006,0.20000000000000001,0,0,1000,0,0.10000000000000001
3057,1,0.57999999999999996,0,0,0,1000,0,0.10000000000000001
3058,1,0.57999999999999996,0.01,0,0,1000,0,0.10000000000000001
3059,1,0.57999999999999996,0.02,0,0,1000,0,0.10000000000000001
3060,1,0.57999999999999996,0.17999999999999999,0,0,1000,0,0.10000000000000001
3061,1,0.57999999999999996,0.19,0,0,1000,0,0.10000000000000001
3062,1,0.57999999999999996,0.20000000000000001,0,0,1000,0,0.10000000000000001
3063,1,0.58999999999999997,0,0,0,1000,0,0.10000000000000001
3064,1,0.58999999999999997,0.01,0,0,1000,0,0.10000000000000001
3065,1,0.58999999999999997,0.02,0,0,1000,0,0.10000000000000001
3066,1,0.58999999999999997,0.17999999999999999,0,0,1000,0,0.10000000000000001
3067,1,0.58999999999999997,0.19,0,0,1000,0,0.10000000000000001
3068,1,0.58999999999999997,0.20000000000000001,0,0,1000,0,0.10000000000000001
3069,1,0.59999999999999998,0,0,0,1000,0,0.10000000000000001
3070,1,0.59999999999999998,0.01,0,0,1000,0,0.10000000000000001
3071,1,0.59999999999999998,0.02,0,0,1000,0,0.10000000000000001
3072,1,0.59999999999999998,0.17999999999999999,0,0,1000,0,0.10000000000000001
3073,1,0.59999999999999998,0.19,0,0,1000,0,0.10000000000000001
3074,1,0.59999999999999998,0.20000000000000001,0,0,1000,0,0.10000000000000001
3075,1,0.60999999999999999,0,0,0,1000,0,0.10000000000000001
3076,1,0.60999999999999999,0.01,0,0,1000,0,0.10000000000000001
3077,1,0.60999999999999999,0.02,0,0,1000,0,0.10000000000000001
3078,1,0.60999999999999999,0.17999999999999999,0,0,1000,0,0.10000000000000001
3079,1,0.60999999999999999,0.19,0,0,1000,0,0.10000000000000001
3080,1,0.60999999999999999,0.20000000000000001,0,0,1000,0,0.10000000000000001
3081,1,0.62,0,0,0,1000,0,0.10000000000000001
3082,1,0.62,0.01,0,0,1000,0,0.10000000000000001
3083,1,0.62,0.02,0,0,1000,0,0.10000000000000001
3084,1,0.62,0.17999999999999999,0,0,1000,0,0.10000000000000001
3085,1,0.62,0.19,0,0,1000,0,0.10000000000000001
3086,1,0.62,0.20000000000000001,0,0,1000,0,0.10000000000000001
3087,1,0.63,0,0,0,1000,0,0.10000000000000001
3088,1,0.63,0.01,0,0,1000,0,0.10000000000000001
3089,1,0.63,0.02,0,0,1000,0,0.10000000000000001
3090,1,0.63,0.17999999999999999,0,0,1000,0,0.10000000000000001
3091,1,0.63,0.19,0,0,1000,0,0.10000000000000001
3092,1,0.63,0.20000000000000001,0,0,1000,0,0.10000000000000001
3093,1,0.64000000000000001,0,0,0,1000,0,0.10000000000000001
3094,1,0.64000000000000001,0.01,0,0,1000,0,0.10000000000000001
3095,1,0.64000000000000001,0.02,0,0,1000,0,0.10000000000000001
3096,1,0.64000000000000001,0.17999999999999999,0,0,1000,0,0.10000000000000001
3097,1,0.64000000000000001,0.19,0,0,1000,0,0.10000000000000001
3098,1,0.64000000000000001,0.20000000000000001,0,0,1000,0,0.10000000000000001
3099,1,0.65000000000000002,0,0,0,1000,0,0.10000000000000001
3100,1,0.65000000000000002,0.01,0,0,1000,0,0.10000000000000001
3101,1,0.65000000000000002,0.02,0,0,1000,0,0.10000000000000001
3102,1,0.65000000000000002,0.17999999999999999,0,0,1000,0,0.10000000000000001
3103,1,0.65000000000000002,0.19,0,0,1000,0,0.10000000000000001
3104,1,0.65000000000000002,0.20000000000000001,0,0,1000,0,0.10000000000000001
3105,1,0.66000000000000003,0,0,0,1000,0,0.10000000000000001
3106,1,0.66000000000000003,0.01,0,0,1000,0,0.10000000000000001
3107,1,0.66000000000000003,0.02,0,0,1000,0,0.10000000000000001
3108,1,0.66000000000000003,0.17999999999999999,0,0,1000,0,0.10000000000000001
3109,1,0.66000000000000003,0.19,0,0,1000,0,0.10000000000000001
3110,1,0.66000000000000003,0.20000000000000001,0,0,1000,0,0.10000000000000001
3111,1,0.67000000000000004,0,0,0,1000,0,0.10000000000000001
3112,1,0.67000000000000004,0.01,0,0,1000,0,0.10000000000000001
3113,1,0.67000000000000004,0.02,0,0,1000,0,0.10000000000000001
3114,1,0.67000000000000004,0.17999999999999999,0,0,1000,0,0.10000000000000001
3115,1,0.67000000000000004,0.19,0,0,1000,0,0.10000000000000001
3116,1,0.67000000000000004,0.20000000000000001,0,0,1000,0,0.10000000000000001
3117,1,0.68000000000000005,0,0,0,1000,0,0.10000000000000001
3118,1,0.68000000000000005,0.01,0,0,1000,0,0.10000000000000001
3119,1,0.68000000000000005,0.02,0,0,1000,0,0.10000000000000001
3120,1,0.68000000000000005,0.17999999999999999,0,0,1000,0,0.10000000000000001
3121,1,0.68000000000000005,0.19,0,0,1000,0,0.10000000000000001
3122,1,0.68000000000000005,0.20000000000000001,0,0,1000,0,0.10000000000000001
3123,1,0.69000000000000006,0,0,0,1000,0,0.10000000000000001
3124,1,0.69000000000000006,0.01,0,0,1000,0,0.10000000000000001
3125,1,0.69000000000000006,0.02,0,0,1000,0,0.10000000000000001
3126,1,0.69000000000000006,0.17999999999999999,0,0,1000,0,0.10000000000000001
3127,1,0.69000000000000006,0.19,0,0,1000,0,0.10000000000000001
3128,1,0.69000000000000006,0.20000000000000001,0,0,1000,0,0.10000000000000001
3129,1,0.70000000000000007,0,0,0,1000,0,0.10000000000000001
3130,1,0.70000000000000007,0.01,0,0,1000,0,0.10000000000000001
3131,1,0.70000000000000007,0.02,0,0,1000,0,0.10000000000000001
3132,1,0.70000000000000007,0.17999999999999999,0,0,1000,0,0.10000000000000001
3133,1,0.70000000000000007,0.19,0,0,1000,0,0.10000000000000001
3134,1,0.70000000000000007,0.20000000000000001,0,0,1000,0,0.10000000000000001
3135,1,0.70999999999999996,0,0,0,1000,0,0.10000000000000001
3136,1,0.70999999999999996,0.01,0,0,1000,0,0.10000000000000001
3137,1,0.70999999999999996,0.02,0,0,1000,0,0.10000000000000001
3138,1,0.70999999999999996,0.17999999999999999,0,0,1000,0,0.10000000000000001
3139,1,0.70999999999999996,0.19,0,0,1000,0,0.10000000000000001
3140,1,0.70999999999999996,0.20000000000000001,0,0,1000,0,0.10000000000000001
3141,1,0.71999999999999997,0,0,0,1000,0,0.10000000000000001
3142,1,0.71999999999999997,0.01,0,0,1000,0,0.10000000000000001
3143,1,0.71999999999999997,0.02,0,0,1000,0,0.10000000000000001
3144,1,0.71999999999999997,0.17999999999999999,0,0,1000,0,0.10000000000000001
3145,1,0.71999999999999997,0.19,0,0,1000,0,0.10000000000000001
3146,1,0.71999999999999997,0.20000000000000001,0,0,1000,0,0.10000000000000001
3147,1,0.72999999999999998,0,0,0,1000,0,0.10000000000000001
3148,1,0.72999999999999998,0.01,0,0,1000,0,0.10000000000000001
3149,1,0.72999999999999998,0.02,0,0,1000,0,0.10000000000000001
3150,1,0.72999999999999998,0.17999999999999999,0,0,1000,0,0.10000000000000001
3151,1,0.72999999999999998,0.19,0,0,1000,0,0.10000000000000001
3152,1,0.72999999999999998,0.20000000000000001,0,0,1000,0,0.10000000000000001
3153,1,0.73999999999999999,0,0,0,1000,0,0.10000000000000001
3154,1,0.73999999999999999,0.01,0,0,1000,0,0.10000000000000001
3155,1,0.73999999999999999,0.02,0,0,1000,0,0.10000000000000001
3156,1,0.73999999999999999,0.17999999999999999,0,0,1000,0,0.10000000000000001
3157,1,0.73999999999999999,0.19,0,0,1000,0,0.10000000000000001
3158,1,0.73999999999999999,0.20000000000000001,0,0,1000,0,0.10000000000000001
3159,1,0.75,0,0,0,1000,0,0.10000000000000001
3160,1,0.75,0.01,0,0,1000,0,0.10000000000000001
3161,1,0.75,0.02,0,0,1000,0,0.10000000000000001
3162,1,0.75,0.17999999999999999,0,0,1000,0,0.10000000000000001
3163,1,0.75,0.19,0,0,1000,0,0.10000000000000001
3164,1,0.75,0.20000000000000001,0,0,1000,0,0.10000000000000001
3165,1,0.76000000000000001,0,0,0,1000,0,0.10000000000000001
3166,1,0.76000000000000001,0.01,0,0,1000,0,0.10000000000000001
3167,1,0.76000000000000001,0.02,0,0,1000,0,0.10000000000000001
3168,1,0.76000000000000001,0.17999999999999999,0,0,1000,0,0.10000000000000001
3169,1,0.76000000000000001,0.19,0,0,1000,0,0.10000000000000001
3170,1,0.76000000000000001,0.20000000000000001,0,0,1000,0,0.10000000000000001
3171,1,0.77000000000000002,0,0,0,1000,0,0.10000000000000001
3172,1,0.77000000000000002,0.01,0,0,1000,0,0.10000000000000001
3173,1,0.77000000000000002,0.02,0,0,1000,0,0.10000000000000001
3174,1,0.77000000000000002,0.17999999999999999,0,0,1000,0,0.10000000000000001
3175,1,0.77000000000000002,0.19,0,0,1000,0,0.10000000000000001
3176,1,0.77000000000000002,0.20000000000000001,0,0,1000,0,0.10000000000000001
3177,1,0.78000000000000003,0,0,0,1000,0,0.10000000000000001
3178,1,0.78000000000000003,0.01,0,0,1000,0,0.10000000000000001
3179,1,0.78000000000000003,0.02,0,0,1000,0,0.10000000000000001
3180,1,0.78000000000000003,0.17999999999999999,0,0,1000,0,0.10000000000000001
3181,1,0.78000000000000003,0.19,0,0,1000,0,0.10000000000000001
3182,1,0.78000000000000003,0.20000000000000001,0,0,1000,0,0.10000000000000001
3183,1,0.79000000000000004,0,0,0,1000,0,0.10000000000000001
3184,1,0.79000000000000004,0.01,0,0,1000,0,0.10000000000000001
3185,1,0.79000000000000004,0.02,0,0,1000,0,0.10000000000000001
3186,1,0.79000000000000004,0.17999999999999999,0,0,1000,0,0.10000000000000001
3187,1,0.79000000000000004,0.19,0,0,1000,0,0.10000000000000001
3188,1,0.79000000000000004,0.20000000000000001,0,0,1000,0,0.10000000000000001
3189,1,0.80000000000000004,0,0,0,1000,0,0.10000000000000001
3190,1,0.80000000000000004,0.01,0,0,1000,0,0.10000000000000001
3191,1,0.80000000000000004,0.02,0,0,1000,0,0.10000000000000001
3192,1,0.80000000000000004,0.17999999999999999,0,0,1000,0,0.10000000000000001
3193,1,0.80000000000000004,0.19,0,0,1000,0,0.10000000000000001
3194,1,0.80000000000000004,0.20000000000000001,0,0,1000,0,0.10000000000000001
3195,1,0.81000000000000005,0,0,0,1000,0,0.10000000000000001
3196,1,0.81000000000000005,0.01,0,0,1000,0,0.10000000000000001
3197,1,0.81000000000000005,0.02,0,0,1000,0,0.10000000000000001
3198,1,0.81000000000000005,0.17999999999999999,0,0,1000,0,0.10000000000000001
3199,1,0.81000000000000005,0.19,0,0,1000,0,0.10000000000000001
3200,1,0.81000000000000005,0.20000000000000001,0,0,1000,0,0.10000000000000001
3201,1,0.82000000000000006,0,0,0,1000,0,0.10000000000000001
3202,1,0.82000000000000006,0.01,0,0,1000,0,0.10000000000000001
3203,1,0.82000000000000006,0.02,0,0,1000,0,0.10000000000000001
3204,1,0.82000000000000006,0.17999999999999999,0,0,1000,0,0.10000000000000001
3205,1,0.82000000000000006,0.19,0,0,1000,0,0.10000000000000001
3206,1,0.82000000000000006,0.20000000000000001,0,0,1000,0,0.10000000000000001
3207,1,0.83000000000000007,0,0,0,1000,0,0.10000000000000001
3208,1,0.83000000000000007,0.01,0,0,1000,0,0.10000000000000001
3209,1,0.83000000000000007,0.02,0,0,1000,0,0.10000000000000001
3210,1,0.83000000000000007,0.17999999999999999,0,0,1000,0,0.10000000000000001
3211,1,0.83000000000000007,0.19,0,0,1000,0,0.10000000000000001
3212,1,0.83000000000000007,0.20000000000000001,0,0,1000,0,0.10000000000000001
3213,1,0.83999999999999997,0,0,0,1000,0,0.10000000000000001
3214,1,0.83999999999999997,0.01,0,0,1000,0,0.10000000000000001
3215,1,0.83999999999999997,0.02,0,0,1000,0,0.10000000000000001
3216,1,0.83999999999999997,0.17999999999999999,0,0,1000,0,0.10000000000000001
3217,1,0.83999999999999997,0.19,0,0,1000,0,0.10000000000000001
3218,1,0.83999999999999997,0.20000000000000001,0,0,1000,0,0.10000000000000001
3219,1,0.84999999999999998,0,0,0,1000,0,0.10000000000000001
3220,1,0.84999999999999998,0.01,0,0,1000,0,0.10000000000000001
3221,1,0.84999999999999998,0.02,0,0,1000,0,0.10000000000000001
3222,1,0.84999999999999998,0.17999999999999999,0,0,1000,0,0.10000000000000001
3223,1,0.84999999999999998,0.19,0,0,1000,0,0.10000000000000001
3224,1,0.84999999999999998,0.20000000000000001,0,0,1000,0,0.10000000000000001
3225,1,0.85999999999999999,0,0,0,1000,0,0.10000000000000001
3226,1,0.85999999999999999,0.01,0,0,1000,0,0.10000000000000001
3227,1,0.85999999999999999,0.02,0,0,1000,0,0.10000000000000001
3228,1,0.85999999999999999,0.17999999999999999,0,0,1000,0,0.10000000000000001
3229,1,0.85999999999999999,0.19,0,0,1000,0,0.10000000000000001
3230,1,0.85999999999999999,0.20000000000000001,0,0,1000,0,0.10000000000000001
3231,1,0.87,0,0,0,1000,0,0.10000000000000001
3232,1,0.87,0.01,0,0,1000,0,0.10000000000000001
3233,1,0.87,0.02,0,0,1000,0,0.10000000000000001
3234,1,0.87,0.17999999999999999,0,0,1000,0,0.10000000000000001
3235,1,0.87,0.19,0,0,1000,0,0.10000000000000001
3236,1,0.87,0.20000000000000001,0,0,1000,0,0.10000000000000001
3237,1,0.88,0,0,0,1000,0,0.10000000000000001
3238,1,0.88,0.01,0,0,1000,0,0.10000000000000001
3239,1,0.88,0.02,0,0,1000,0,0.10000000000000001
3240,1,0.88,0.17999999999999999,0,0,1000,0,0.10000000000000001
3241,1,0.88,0.19,0,0,1000,0,0.10000000000000001
3242,1,0.88,0.20000000000000001,0,0,1000,0,0.10000000000000001
3243,1,0.89000000000000001,0,0,0,1000,0,0.10000000000000001
3244,1,0.89000000000000001,0.01,0,0,1000,0,0.10000000000000001
3245,1,0.89000000000000001,0.02,0,0,1000,0,0.10000000000000001
3246,1,0.89000000000000001,0.17999999999999999,0,0,1000,0,0.10000000000000001
3247,1,0.89000000000000001,0.19,0,0,1000,0,0.10000000000000001
3248,1,0.89000000000000001,0.20000000000000001,0,0,1000,0,0.10000000000000001
3249,1,0.90000000000000002,0,0,0,1000,0,0.10000000000000001
3250,1,0.90000000000000002,0.01,0,0,1000,0,0.10000000000000001
3251,1,0.90000000000000002,0.02,0,0,1000,0,0.10000000000000001
3252,1,0.90000000000000002,0.17999999999999999,0,0,1000,0,0.10000000000000001
3253,1,0.90000000000000002,0.19,0,0,1000,0,0.10000000000000001
3254,1,0.90000000000000002,0.20000000000000001,0,0,1000,0,0.10000000000000001
3255,1,0.91000000000000003,0,0,0,1000,0,0.10000000000000001
3256,1,0.91000000000000003,0.01,0,0,1000,0,0.10000000000000001
3257,1,0.91000000000000003,0.02,0,0,1000,0,0.10000000000000001
3258,1,0.91000000000000003,0.17999999999999999,0,0,1000,0,0.10000000000000001
3259,1,0.91000000000000003,0.19,0,0,1000,0,0.10000000000000001
3260,1,0.91000000000000003,0.20000000000000001,0,0,1000,0,0.10000000000000001
3261,1,0.92000000000000004,0,0,0,1000,0,0.10000000000000001
3262,1,0.92000000000000004,0.01,0,0,1000,0,0.10000000000000001
3263,1,0.92000000000000004,0.02,0,0,1000,0,0.10000000000000001
3264,1,0.92000000000000004,0.17999999999999999,0,0,1000,0,0.10000000000000001
3265,1,0.92000000000000004,0.19,0,0,1000,0,0.10000000000000001
3266,1,0.92000000000000004,0.20000000000000001,0,0,1000,0,0.10000000000000001
3267,1,0.93000000000000005,0,0,0,1000,0,0.10000000000000001
3268,1,0.93000000000000005,0.01,0,0,1000,0,0.10000000000000001
3269,1,0.93000000000000005,0.02,0,0,1000,0,0.10000000000000001
3270,1,0.93000000000000005,0.17999999999999999,0,0,1000,0,0.10000000000000001
3271,1,0.93000000000000005,0.19,0,0,1000,0,0.10000000000000001
3272,1,0.93000000000000005,0.20000000000000001,0,0,1000,0,0.10000000000000001
3273,1,0.94000000000000006,0,0,0,1000,0,0.10000000000000001
3274,1,0.94000000000000006,0.01,0,0,1000,0,0.10000000000000001
3275,1,0.94000000000000006,0.02,0,0,1000,0,0.10000000000000001
3276,1,0.94000000000000006,0.17999999999999999,0,0,1000,0,0.10000000000000001
3277,1,0.94000000000000006,0.19,0,0,1000,0,0.10000000000000001
3278,1,0.94000000000000006,0.20000000000000001,0,0,1000,0,0.10000000000000001
3279,1,0.95000000000000007,0,0,0,1000,0,0.10000000000000001
3280,1,0.95000000000000007,0.01,0,0,1000,0,0.10000000000000001
3281,1,0.95000000000000007,0.02,0,0,1000,0,0.10000000000000001
3282,1,0.95000000000000007,0.17999999999999999,0,0,1000,0,0.10000000000000001
3283,1,0.95000000000000007,0.19,0,0,1000,0,0.10000000000000001
3284,1,0.95000000000000007,0.20000000000000001,0,0,1000,0,0.10000000000000001
3285,1,0.95999999999999996,0,0,0,1000,0,0.10000000000000001
3286,1,0.95999999999999996,0.01,0,0,1000,0,0.10000000000000001
3287,1,0.95999999999999996,0.02,0,0,1000,0,0.10000000000000001
3288,1,0.95999999999999996,0.17999999999999999,0,0,1000,0,0.10000000000000001
3289,1,0.95999999999999996,0.19,0,0,1000,0,0.10000000000000001
3290,1,0.95999999999999996,0.20000000000000001,0,0,1000,0,0.10000000000000001
3291,1,0.96999999999999997,0,0,0,1000,0,0.10000000000000001
3292,1,0.96999999999999997,0.01,0,0,1000,0,0.10000000000000001
3293,1,0.96999999999999997,0.02,0,0,1000,0,0.10000000000000001
3294,1,0.96999999999999997,0.17999999999999999,0,0,1000,0,0.10000000000000001
3295,1,0.96999999999999997,0.19,0,0,1000,0,0.10000000000000001
3296,1,0.96999999999999997,0.20000000000000001,0,0,1000,0,0.10000000000000001
3297,1,0.97999999999999998,0,0,0,1000,0,0.10000000000000001
3298,1,0.97999999999999998,0.01,0,0,1000,0,0.10000000000000001
3299,1,0.97999999999999998,0.02,0,0,1000,0,0.10000000000000001
3300,1,0.97999999999999998,0.17999999999999999,0,0,1000,0,0.10000000000000001
3301,1,0.97999999999999998,0.19,0,0,1000,0,0.10000000000000001
3302,1,0.97999999999999998,0.20000000000000001,0,0,1000,0,0.10000000000000001
3303,1,0.98999999999999999,0,0,0,1000,0,0.10000000000000001
3304,1,0.98999999999999999,0.01,0,0,1000,0,0.10000000000000001
3305,1,0.98999999999999999,0.02,0,0,1000,0,0.10000000000000001
3306,1,0.98999999999999999,0.17999999999999999,0,0,1000,0,0.10000000000000001
3307,1,0.98999999999999999,0.19,0,0,1000,0,0.10000000000000001
3308,1,0.98999999999999999,0.20000000000000001,0,0,1000,0,0.10000000000000001
3309,1,1,0,0,0,1000,0,0.10000000000000001
3310,1,1,0.01,0,0,1000,0,0.10000000000000001
3311,1,1,0.02,0,0,1000,0,0.10000000000000001
3312,1,1,0.17999999999999999,0,0,1000,0,0.10000000000000001
3313,1,1,0.19,0,0,1000,0,0.10000000000000001
3314,1,1,0.20000000000000001,0,0,1000,0,0.10000000000000001
3315,1,1.01,0,0,0,1000,0,0.10000000000000001
3316,1,1.01,0.01,0,0,1000,0,0.10000000000000001
3317,1,1.01,0.02,0,0,1000,0,0.10000000000000001
3318,1,1.01,0.17999999999999999,0,0,1000,0,0.10000000000000001
3319,1,1.01,0.19,0,0,1000,0,0.10000000000000001
3320,1,1.01,0.20000000000000001,0,0,1000,0,0.10000000000000001
3321,1,1.02,0,0,0,1000,0,0.10000000000000001
3322,1,1.02,0.01,0,0,1000,0,0.10000000000000001
3323,1,1.02,0.02,0,0,1000,0,0.10000000000000001
3324,1,1.02,0.17999999999999999,0,0,1000,0,0.10000000000000001
3325,1,1.02,0.19,0,0,1000,0,0.10000000000000001
3326,1,1.02,0.20000000000000001,0,0,1000,0,0.10000000000000001
3327,1,1.03,0,0,0,1000,0,0.10000000000000001
3328,1,1.03,0.01,0,0,1000,0,0.10000000000000001
3329,1,1.03,0.02,0,0,1000,0,0.10000000000000001
3330,1,1.03,0.17999999999999999,0,0,1000,0,0.10000000000000001
3331,1,1.03,0.19,0,0,1000,0,0.10000000000000001
3332,1,1.03,0.20000000000000001,0,0,1000,0,0.10000000000000001
3333,1,1.04,0,0,0,1000,0,0.10000000000000001
3334,1,1.04,0.01,0,0,1000,0,0.10000000000000001
3335,1,1.04,0.02,0,0,1000,0,0.10000000000000001
3336,1,1.04,0.17999999999999999,0,0,1000,0,0.10000000000000001
3337,1,1.04,0.19,0,0,1000,0,0.10000000000000001
3338,1,1.04,0.20000000000000001,0,0,1000,0,0.10000000000000001
3339,1,1.05,0,0,0,1000,0,0.10000000000000001
3340,1,1.05,0.01,0,0,1000,0,0.10000000000000001
3341,1,1.05,0.02,0,0,1000,0,0.10000000000000001
3342,1,1.05,0.17999999999999999,0,0,1000,0,0.10000000000000001
3343,1,1.05,0.19,0,0,1000,0,0.10000000000000001
3344,1,1.05,0.20000000000000001,0,0,1000,0,0.10000000000000001
3345,1,1.0600000000000001,0,0,0,1000,0,0.10000000000000001
3346,1,1.0600000000000001,0.01,0,0,1000,0,0.10000000000000001
3347,1,1.0600000000000001,0.02,0,0,1000,0,0.10000000000000001
3348,1,1.0600000000000001,0.17999999999999999,0,0,1000,0,0.10000000000000001
3349,1,1.0600000000000001,0.19,0,0,1000,0,0.10000000000000001
3350,1,1.0600000000000001,0.20000000000000001,0,0,1000,0,0.10000000000000001
3351,1,1.0700000000000001,0,0,0,1000,0,0.10000000000000001
3352,1,1.0700000000000001,0.01,0,0,1000,0,0.10000000000000001
3353,1,1.0700000000000001,0.02,0,0,1000,0,0.10000000000000001
3354,1,1.0700000000000001,0.17999999999999999,0,0,1000,0,0.10000000000000001
3355,1,1.0700000000000001,0.19,0,0,1000,0,0.10000000000000001
3356,1,1.0700000000000001,0.20000000000000001,0,0,1000,0,0.10000000000000001
3357,1,1.0800000000000001,0,0,0,1000,0,0.10000000000000001
3358,1,1.0800000000000001,0.01,0,0,1000,0,0.10000000000000001
3359,1,1.0800000000000001,0.02,0,0,1000,0,0.10000000000000001
3360,1,1.0800000000000001,0.17999999999999999,0,0,1000,0,0.10000000000000001
3361,1,1.0800000000000001,0.19,0,0,1000,0,0.10000000000000001
3362,1,1.0800000000000001,0.20000000000000001,0,0,1000,0,0.10000000000000001
3363,1,1.0900000000000001,0,0,0,1000,0,0.10000000000000001
3364,1,1.0900000000000001,0.01,0,0,1000,0,0.10000000000000001
3365,1,1.0900000000000001,0.02,0,0,1000,0,0.10000000000000001
3366,1,1.0900000000000001,0.17999999999999999,0,0,1000,0,0.10000000000000001
3367,1,1.0900000000000001,0.19,0,0,1000,0,0.10000000000000001
3368,1,1.0900000000000001,0.20000000000000001,0,0,1000,0,0.10000000000000001
3369,1,1.1000000000000001,0,0,0,1000,0,0.10000000000000001
3370,1,1.1000000000000001,0.01,0,0,1000,0,0.10000000000000001
3371,1,1.1000000000000001,0.02,0,0,1000,0,0.10000000000000001
3372,1,1.1000000000000001,0.17999999999999999,0,0,1000,0,0.10000000000000001
3373,1,1.1000000000000001,0.19,0,0,1000,0,0.10000000000000001
3374,1,1.1000000000000001,0.20000000000000001,0,0,1000,0,0.10000000000000001
3375,1,1.1100000000000001,0,0,0,1000,0,0.10000000000000001
3376,1,1.1100000000000001,0.01,0,0,1000,0,0.10000000000000001
3377,1,1.1100000000000001,0.02,0,0,1000,0,0.10000000000000001
3378,1,1.1100000000000001,0.17999999999999999,0,0,1000,0,0.10000000000000001
3379,1,1.1100000000000001,0.19,0,0,1000,0,0.10000000000000001
3380,1,1.1100000000000001,0.20000000000000001,0,0,1000,0,0.10000000000000001
3381,1,1.1200000000000001,0,0,0,1000,0,0.10000000000000001
3382,1,1.1200000000000001,0.01,0,0,1000,0,0.10000000000000001
3383,1,1.1200000000000001,0.02,0,0,1000,0,0.10000000000000001
3384,1,1.1200000000000001,0.17999999999999999,0,0,1000,0,0.10000000000000001
3385,1,1.1200000000000001,0.19,0,0,1000,0,0.10000000000000001
3386,1,1.1200000000000001,0.20000000000000001,0,0,1000,0,0.10000000000000001
3387,1,1.1300000000000001,0,0,0,1000,0,0.10000000000000001
3388,1,1.1300000000000001,0.01,0,0,1000,0,0.10000000000000001
3389,1,1.1300000000000001,0.02,0,0,1000,0,0.10000000000000001
3390,1,1.1300000000000001,0.17999999999999999,0,0,1000,0,0.10000000000000001
3391,1,1.1300000000000001,0.19,0,0,1000,0,0.10000000000000001
3392,1,1.1300000000000001,0.20000000000000001,0,0,1000,0,0.10000000000000001
3393,1,1.1400000000000001,0,0,0,1000,0,0.10000000000000001
3394,1,1.1400000000000001,0.01,0,0,1000,0,0.10000000000000001
3395,1,1.1400000000000001,0.02,0,0,1000,0,0.10000000000000001
3396,1,1.1400000000000001,0.17999999999999999,0,0,1000,0,0.10000000000000001
3397,1,1.1400000000000001,0.19,0,0,1000,0,0.10000000000000001
3398,1,1.1400000000000001,0.20000000000000001,0,0,1000,0,0.10000000000000001
3399,1,1.1500000000000001,0,0,0,1000,0,0.10000000000000001
3400,1,1.1500000000000001,0.01,0,0,1000,0,0.10000000000000001
3401,1,1.1500000000000001,0.02,0,0,1000,0,0.10000000000000001
3402,1,1.1500000000000001,0.17999999999999999,0,0,1000,0,0.10000000000000001
3403,1,1.1500000000000001,0.19,0,0,1000,0,0.10000000000000001
3404,1,1.1500000000000001,0.20000000000000001,0,0,1000,0,0.10000000000000001
3405,1,1.1599999999999999,0,0,0,1000,0,0.10000000000000001
3406,1,1.1599999999999999,0.01,0,0,1000,0,0.10000000000000001
3407,1,1.1599999999999999,0.02,0,0,1000,0,0.10000000000000001
3408,1,1.1599999999999999,0.17999999999999999,0,0,1000,0,0.10000000000000001
3409,1,1.1599999999999999,0.19,0,0,1000,0,0.10000000000000001
3410,1,1.1599999999999999,0.20000000000000001,0,0,1000,0,0.10000000000000001
3411,1,1.1699999999999999,0,0,0,1000,0,0.10000000000000001
3412,1,1.1699999999999999,0.01,0,0,1000,0,0.10000000000000001
3413,1,1.1699999999999999,0.02,0,0,1000,0,0.10000000000000001
3414,1,1.1699999999999999,0.17999999999999999,0,0,1000,0,0.10000000000000001
3415,1,1.1699999999999999,0.19,0,0,1000,0,0.10000000000000001
3416,1,1.1699999999999999,0.20000000000000001,0,0,1000,0,0.10000000000000001
3417,1,1.1799999999999999,0,0,0,1000,0,0.10000000000000001
3418,1,1.1799999999999999,0.01,0,0,1000,0,0.10000000000000001
3419,1,1.1799999999999999,0.02,0,0,1000,0,0.10000000000000001
3420,1,1.1799999999999999,0.17999999999999999,0,0,1000,0,0.10000000000000001
3421,1,1.1799999999999999,0.19,0,0,1000,0,0.10000000000000001
3422,1,1.1799999999999999,0.20000000000000001,0,0,1000,0,0.10000000000000001
3423,1,1.1899999999999999,0,0,0,1000,0,0.10000000000000001
3424,1,1.1899999999999999,0.01,0,0,1000,0,0.10000000000000001
3425,1,1.1899999999999999,0.02,0,0,1000,0,0.10000000000000001
3426,1,1.1899999999999999,0.17999999999999999,0,0,1000,0,0.10000000000000001
3427,1,1.1899999999999999,0.19,0,0,1000,0,0.10000000000000001
3428,1,1.1899999999999999,0.20000000000000001,0,0,1000,0,0.10000000000000001
3429,1,1.2,0,0,0,1000,0,0.10000000000000001
3430,1,1.2,0.01,0,0,1000,0,0.10000000000000001
3431,1,1.2,0.02,0,0,1000,0,0.10000000000000001
3432,1,1.2,0.17999999999999999,0,0,1000,0,0.10000000000000001
3433,1,1.2,0.19,0,0,1000,0,0.10000000000000001
3434,1,1.2,0.20000000000000001,0,0,1000,0,0.10000000000000001
3435,1,1.21,0,0,0,1000,0,0.10000000000000001
3436,1,1.21,0.01,0,0,1000,0,0.10000000000000001
3437,1,1.21,0.02,0,0,1000,0,0.10000000000000001
3438,1,1.21,0.17999999999999999,0,0,1000,0,0.10000000000000001
3439,1,1.21,0.19,0,0,1000,0,0.10000000000000001
3440,1,1.21,0.20000000000000001,0,0,1000,0,0.10000000000000001
3441,1,1.22,0,0,0,1000,0,0.10000000000000001
3442,1,1.22,0.01,0,0,1000,0,0.10000000000000001
3443,1,1.22,0.02,0,0,1000,0,0.10000000000000001
3444,1,1.22,0.17999999999999999,0,0,1000,0,0.10000000000000001
3445,1,1.22,0.19,0,0,1000,0,0.10000000000000001
3446,1,1.22,0.20000000000000001,0,0,1000,0,0.10000000000000001
3447,1,1.23,0,0,0,1000,0,0.10000000000000001
3448,1,1.23,0.01,0,0,1000,0,0.10000000000000001
3449,1,1.23,0.02,0,0,1000,0,0.10000000000000001
3450,1,1.23,0.17999999999999999,0,0,1000,0,0.10000000000000001
3451,1,1.23,0.19,0,0,1000,0,0.10000000000000001
3452,1,1.23,0.20000000000000001,0,0,1000,0,0.10000000000000001
3453,1,1.24,0,0,0,1000,0,0.10000000000000001
3454,1,1.24,0.01,0,0,1000,0,0.10000000000000001
3455,1,1.24,0.02,0,0,1000,0,0.10000000000000001
3456,1,1.24,0.17999999999999999,0,0,1000,0,0.10000000000000001
3457,1,1.24,0.19,0,0,1000,0,0.10000000000000001
3458,1,1.24,0.20000000000000001,0,0,1000,0,0.10000000000000001
3459,1,1.25,0,0,0,1000,0,0.10000000000000001
3460,1,1.25,0.01,0,0,1000,0,0.10000000000000001
3461,1,1.25,0.02,0,0,1000,0,0.10000000000000001
3462,1,1.25,0.17999999999999999,0,0,1000,0,0.10000000000000001
3463,1,1.25,0.19,0,0,1000,0,0.10000000000000001
3464,1,1.25,0.20000000000000001,0,0,1000,0,0.10000000000000001
3465,1,1.26,0,0,0,1000,0,0.10000000000000001
3466,1,1.26,0.01,0,0,1000,0,0.10000000000000001
3467,1,1.26,0.02,0,0,1000,0,0.10000000000000001
3468,1,1.26,0.17999999999999999,0,0,1000,0,0.10000000000000001
3469,1,1.26,0.19,0,0,1000,0,0.10000000000000001
3470,1,1.26,0.20000000000000001,0,0,1000,0,0.10000000000000001
3471,1,1.27,0,0,0,1000,0,0.10000000000000001
3472,1,1.27,0.01,0,0,1000,0,0.10000000000000001
3473,1,1.27,0.02,0,0,1000,0,0.10000000000000001
3474,1,1.27,0.17999999999999999,0,0,1000,0,0.10000000000000001
3475,1,1.27,0.19,0,0,1000,0,0.10000000000000001
3476,1,1.27,0.20000000000000001,0,0,1000,0,0.10000000000000001
3477,1,1.28,0,0,0,1000,0,0.10000000000000001
3478,1,1.28,0.01,0,0,1000,0,0.10000000000000001
3479,1,1.28,0.02,0,0,1000,0,0.10000000000000001
3480,1,1.28,0.17999999999999999,0,0,1000,0,0.10000000000000001
3481,1,1.28,0.19,0,0,1000,0,0.10000000000000001
3482,1,1.28,0.20000000000000001,0,0,1000,0,0.10000000000000001
3483,1,1.29,0,0,0,1000,0,0.10000000000000001
3484,1,1.29,0.01,0,0,1000,0,0.10000000000000001
3485,1,1.29,0.02,0,0,1000,0,0.10000000000000001
3486,1,1.29,0.17999999999999999,0,0,1000,0,0.10000000000000001
3487,1,1.29,0.19,0,0,1000,0,0.10000000000000001
3488,1,1.29,0.20000000000000001,0,0,1000,0,0.10000000000000001
3489,1,1.3,0,0,0,1000,0,0.10000000000000001
3490,1,1.3,0.01,0,0,1000,0,0.10000000000000001
3491,1,1.3,0.02,0,0,1000,0,0.10000000000000001
3492,1,1.3,0.17999999999999999,0,0,1000,0,0.10000000000000001
3493,1,1.3,0.19,0,0,1000,0,0.10000000000000001
3494,1,1.3,0.20000000000000001,0,0,1000,0,0.10000000000000001
3495,1,1.3100000000000001,0,0,0,1000,0,0.10000000000000001
3496,1,1.3100000000000001,0.01,0,0,1000,0,0.10000000000000001
3497,1,1.3100000000000001,0.02,0,0,1000,0,0.10000000000000001
3498,1,1.3100000000000001,0.17999999999999999,0,0,1000,0,0.10000000000000001
3499,1,1.3100000000000001,0.19,0,0,1000,0,0.10000000000000001
3500,1,1.3100000000000001,0.20000000000000001,0,0,1000,0,0.10000000000000001
3501,1,1.3200000000000001,0,0,0,1000,0,0.10000000000000001
3502,1,1.3200000000000001,0.01,0,0,1000,0,0.10000000000000001
3503,1,1.3200000000000001,0.02,0,0,1000,0,0.10000000000000001
3504,1,1.3200000000000001,0.17999999999999999,0,0,1000,0,0.10000000000000001
3505,1,1.3200000000000001,0.19,0,0,1000,0,0.10000000000000001
3506,1,1.3200000000000001,0.20000000000000001,0,0,1000,0,0.10000000000000001
3507,1,1.3300000000000001,0,0,0,1000,0,0.10000000000000001
3508,1,1.3300000000000001,0.01,0,0,1000,0,0.10000000000000001
3509,1,1.3300000000000001,0.02,0,0,1000,0,0.10000000000000001
3510,1,1.3300000000000001,0.17999999999999999,0,0,1000,0,0.10000000000000001
3511,1,1.3300000000000001,0.19,0,0,1000,0,0.10000000000000001
3512,1,1.3300000000000001,0.20000000000000001,0,0,1000,0,0.10000000000000001
3513,1,1.3400000000000001,0,0,0,1000,0,0.10000000000000001
3514,1,1.3400000000000001,0.01,0,0,1000,0,0.10000000000000001
3515,1,1.3400000000000001,0.02,0,0,1000,0,0.10000000000000001
3516,1,1.3400000000000001,0.17999999999999999,0,0,1000,0,0.10000000000000001
3517,1,1.3400000000000001,0.19,0,0,1000,0,0.10000000000000001
3518,1,1.3400000000000001,0.20000000000000001,0,0,1000,0,0.10000000000000001
3519,1,1.3500000000000001,0,0,0,1000,0,0.10000000000000001
3520,1,1.3500000000000001,0.01,0,0,1000,0,0.10000000000000001
3521,1,1.3500000000000001,0.02,0,0,1000,0,0.10000000000000001
3522,1,1.3500000000000001,0.17999999999999999,0,0,1000,0,0.10000000000000001
3523,1,1.3500000000000001,0.19,0,0,1000,0,0.10000000000000001
3524,1,1.3500000000000001,0.20000000000000001,0,0,1000,0,0.10000000000000001
3525,1,1.3600000000000001,0,0,0,1000,0,0.10000000000000001
3526,1,1.3600000000000001,0.01,0,0,1000,0,0.10000000000000001
3527,1,1.3600000000000001,0.02,0,0,1000,0,0.10000000000000001
3528,1,1.3600000000000001,0.17999999999999999,0,0,1000,0,0.10000000000000001
3529,1,1.3600000000000001,0.19,0,0,1000,0,0.10000000000000001
3530,1,1.3600000000000001,0.20000000000000001,0,0,1000,0,0.10000000000000001
3531,1,1.3700000000000001,0,0,0,1000,0,0.10000000000000001
3532,1,1.3700000000000001,0.01,0,0,1000,0,0.10000000000000001
3533,1,1.3700000000000001,0.02,0,0,1000,0,0.10000000000000001
3534,1,1.3700000000000001,0.17999999999999999,0,0,1000,0,0.10000000000000001
3535,1,1.3700000000000001,0.19,0,0,1000,0,0.10000000000000001
3536,1,1.3700000000000001,0.20000000000000001,0,0,1000,0,0.10000000000000001
3537,1,1.3800000000000001,0,0,0,1000,0,0.10000000000000001
3538,1,1.3800000000000001,0.01,0,0,1000,0,0.10000000000000001
3539,1,1.3800000000000001,0.02,0,0,1000,0,0.10000000000000001
3540,1,1.3800000000000001,0.17999999999999999,0,0,1000,0,0.10000000000000001
3541,1,1.3800000000000001,0.19,0,0,1000,0,0.10000000000000001
3542,1,1.3800000000000001,0.20000000000000001,0,0,1000,0,0.10000000000000001
3543,1,1.3900000000000001,0,0,0,1000,0,0.10000000000000001
3544,1,1.3900000000000001,0.01,0,0,1000,0,0.10000000000000001
3545,1,1.3900000000000001,0.02,0,0,1000,0,0.10000000000000001
3546,1,1.3900000000000001,0.17999999999999999,0,0,1000,0,0.10000000000000001
3547,1,1.3900000000000001,0.19,0,0,1000,0,0.10000000000000001
3548,1,1.3900000000000001,0.20000000000000001,0,0,1000,0,0.10000000000000001
3549,1,1.4000000000000001,0,0,0,1000,0,0.10000000000000001
3550,1,1.4000000000000001,0.01,0,0,1000,0,0.10000000000000001
3551,1,1.4000000000000001,0.02,0,0,1000,0,0.10000000000000001
3552,1,1.4000000000000001,0.17999999999999999,0,0,1000,0,0.10000000000000001
3553,1,1.4000000000000001,0.19,0,0,1000,0,0.10000000000000001
3554,1,1.4000000000000001,0.20000000000000001,0,0,1000,0,0.10000000000000001
3555,1,1.4099999999999999,0,0,0,1000,0,0.10000000000000001
3556,1,1.4099999999999999,0.01,0,0,1000,0,0.10000000000000001
3557,1,1.4099999999999999,0.02,0,0,1000,0,0.10000000000000001
3558,1,1.4099999999999999,0.17999999999999999,0,0,1000,0,0.10000000000000001
3559,1,1.4099999999999999,0.19,0,0,1000,0,0.10000000000000001
3560,1,1.4099999999999999,0.20000000000000001,0,0,1000,0,0.10000000000000001
3561,1,1.4199999999999999,0,0,0,1000,0,0.10000000000000001
3562,1,1.4199999999999999,0.01,0,0,1000,0,0.10000000000000001
3563,1,1.4199999999999999,0.02,0,0,1000,0,0.10000000000000001
3564,1,1.4199999999999999,0.17999999999999999,0,0,1000,0,0.10000000000000001
3565,1,1.4199999999999999,0.19,0,0,1000,0,0.10000000000000001
3566,1,1.4199999999999999,0.20000000000000001,0,0,1000,0,0.10000000000000001
3567,1,1.4299999999999999,0,0,0,1000,0,0.10000000000000001
3568,1,1.4299999999999999,0.01,0,0,1000,0,0.10000000000000001
3569,1,1.4299999999999999,0.02,0,0,1000,0,0.10000000000000001
3570,1,1.4299999999999999,0.17999999999999999,0,0,1000,0,0.10000000000000001
3571,1,1.4299999999999999,0.19,0,0,1000,0,0.10000000000000001
3572,1,1.4299999999999999,0.20000000000000001,0,0,1000,0,0.10000000000000001
3573,1,1.4399999999999999,0,0,0,1000,0,0.10000000000000001
3574,1,1.4399999999999999,0.01,0,0,1000,0,0.10000000000000001
3575,1,1.4399999999999999,0.02,0,0,1000,0,0.10000000000000001
3576,1,1.4399999999999999,0.17999999999999999,0,0,1000,0,0.10000000000000001
3577,1,1.4399999999999999,0.19,0,0,1000,0,0.10000000000000001
3578,1,1.4399999999999999,0.20000000000000001,0,0,1000,0,0.10000000000000001
3579,1,1.45,0,0,0,1000,0,0.10000000000000001
3580,1,1.45,0.01,0,0,1000,0,0.10000000000000001
3581,1,1.45,0.02,0,0,1000,0,0.10000000000000001
3582,1,1.45,0.17999999999999999,0,0,1000,0,0.10000000000000001
3583,1,1.45,0.19,0,0,1000,0,0.10000000000000001
3584,1,1.45,0.20000000000000001,0,0,1000,0,0.10000000000000001
3585,1,1.46,0,0,0,1000,0,0.10000000000000001
3586,1,1.46,0.01,0,0,1000,0,0.10000000000000001
3587,1,1.46,0.02,0,0,1000,0,0.10000000000000001
3588,1,1.46,0.17999999999999999,0,0,1000,0,0.10000000000000001
3589,1,1.46,0.19,0,0,1000,0,0.10000000000000001
3590,1,1.46,0.20000000000000001,0,0,1000,0,0.10000000000000001
3591,1,1.47,0,0,0,1000,0,0.10000000000000001
3592,1,1.47,0.01,0,0,1000,0,0.10000000000000001
3593,1,1.47,0.02,0,0,1000,0,0.10000000000000001
3594,1,1.47,0.17999999999999999,0,0,1000,0,0.10000000000000001
3595,1,1.47,0.19,0,0,1000,0,0.10000000000000001
3596,1,1.47,0.20000000000000001,0,0,1000,0,0.10000000000000001
3597,1,1.48,0,0,0,1000,0,0.10000000000000001
3598,1,1.48,0.01,0,0,1000,0,0.10000000000000001
3599,1,1.48,0.02,0,0,1000,0,0.10000000000000001
3600,1,1.48,0.17999999999999999,0,0,1000,0,0.10000000000000001
3601,1,1.48,0.19,0,0,1000,0,0.10000000000000001
3602,1,1.48,0.20000000000000001,0,0,1000,0,0.10000000000000001
3603,1,1.49,0,0,0,1000,0,0.10000000000000001
3604,1,1.49,0.01,0,0,1000,0,0.10000000000000001
3605,1,1.49,0.02,0,0,1000,0,0.10000000000000001
3606,1,1.49,0.17999999999999999,0,0,1000,0,0.10000000000000001
3607,1,1.49,0.19,0,0,1000,0,0.10000000000000001
3608,1,1.49,0.20000000000000001,0,0,1000,0,0.10000000000000001
3609,1,1.5,0,0,0,1000,0,0.10000000000000001
3610,1,1.5,0.01,0,0,1000,0,0.10000000000000001
3611,1,1.5,0.02,0,0,1000,0,0.10000000000000001
3612,1,1.5,0.17999999999999999,0,0,1000,0,0.10000000000000001
3613,1,1.5,0.19,0,0,1000,0,0.10000000000000001
3614,1,1.5,0.20000000000000001,0,0,1000,0,0.10000000000000001
3615,1,1.51,0,0,0,1000,0,0.10000000000000001
3616,1,1.51,0.01,0,0,1000,0,0.10000000000000001
3617,1,1.51,0.02,0,0,1000,0,0.10000000000000001
3618,1,1.51,0.17999999999999999,0,0,1000,0,0.10000000000000001
3619,1,1.51,0.19,0,0,1000,0,0.10000000000000001
3620,1,1.51,0.20000000000000001,0,0,1000,0,0.10000000000000001
3621,1,1.52,0,0,0,1000,0,0.10000000000000001
3622,1,1.52,0.01,0,0,1000,0,0.10000000000000001
3623,1,1.52,0.02,0,0,1000,0,0.10000000000000001
3624,1,1.52,0.17999999999999999,0,0,1000,0,0.10000000000000001
3625,1,1.52,0.19,0,0,1000,0,0.10000000000000001
3626,1,1.52,0.20000000000000001,0,0,1000,0,0.10000000000000001
3627,1,1.53,0,0,0,1000,0,0.10000000000000001
3628,1,1.53,0.01,0,0,1000,0,0.10000000000000001
3629,1,1.53,0.02,0,0,1000,0,0.10000000000000001
3630,1,1.53,0.17999999999999999,0,0,1000,0,0.10000000000000001
3631,1,1.53,0.19,0,0,1000,0,0.10000000000000001
3632,1,1.53,0.20000000000000001,0,0,1000,0,0.10000000000000001
3633,1,1.54,0,0,0,1000,0,0.10000000000000001
3634,1,1.54,0.01,0,0,1000,0,0.10000000000000001
3635,1,1.54,0.02,0,0,1000,0,0.10000000000000001
3636,1,1.54,0.17999999999999999,0,0,1000,0,0.10000000000000001
3637,1,1.54,0.19,0,0,1000,0,0.10000000000000001
3638,1,1.54,0.20000000000000001,0,0,1000,0,0.10000000000000001
3639,1,1.55,0,0,0,1000,0,0.10000000000000001
3640,1,1.55,0.01,0,0,1000,0,0.10000000000000001
3641,1,1.55,0.02,0,0,1000,0,0.10000000000000001
3642,1,1.55,0.17999999999999999,0,0,1000,0,0.10000000000000001
3643,1,1.55,0.19,0,0,1000,0,0.10000000000000001
3644,1,1.55,0.20000000000000001,0,0,1000,0,0.10000000000000001
3645,1,1.5600000000000001,0,0,0,1000,0,0.10000000000000001
3646,1,1.5600000000000001,0.01,0,0,1000,0,0.10000000000000001
3647,1,1.5600000000000001,0.02,0,0,1000,0,0.10000000000000001
3648,1,1.5600000000000001,0.17999999999999999,0,0,1000,0,0.10000000000000001
3649,1,1.5600000000000001,0.19,0,0,1000,0,0.10000000000000001
3650,1,1.5600000000000001,0.20000000000000001,0,0,1000,0,0.10000000000000001
3651,1,1.5700000000000001,0,0,0,1000,0,0.10000000000000001
3652,1,1.5700000000000001,0.01,0,0,1000,0,0.10000000000000001
3653,1,1.5700000000000001,0.02,0,0,1000,0,0.10000000000000001
3654,1,1.5700000000000001,0.17999999999999999,0,0,1000,0,0.10000000000000001
3655,1,1.5700000000000001,0.19,0,0,1000,0,0.10000000000000001
3656,1,1.5700000000000001,0.20000000000000001,0,0,1000,0,0.10000000000000001
3657,1,1.5800000000000001,0,0,0,1000,0,0.10000000000000001
3658,1,1.5800000000000001,0.01,0,0,1000,0,0.10000000000000001
3659,1,1.5800000000000001,0.02,0,0,1000,0,0.10000000000000001
3660,1,1.5800000000000001,0.17999999999999999,0,0,1000,0,0.10000000000000001
3661,1,1.5800000000000001,0.19,0,0,1000,0,0.10000000000000001
3662,1,1.5800000000000001,0.20000000000000001,0,0,1000,0,0.10000000000000001
3663,1,1.5900000000000001,0,0,0,1000,0,0.10000000000000001
3664,1,1.5900000000000001,0.01,0,0,1000,0,0.10000000000000001
3665,1,1.5900000000000001,0.02,0,0,1000,0,0.10000000000000001
3666,1,1.5900000000000001,0.17999999999999999,0,0,1000,0,0.10000000000000001
3667,1,1.5900000000000001,0.19,0,0,1000,0,0.10000000000000001
3668,1,1.5900000000000001,0.20000000000000001,0,0,1000,0,0.10000000000000001
3669,1,1.6000000000000001,0,0,0,1000,0,0.10000000000000001
3670,1,1.6000000000000001,0.01,0,0,1000,0,0.10000000000000001
3671,1,1.6000000000000001,0.02,0,0,1000,0,0.10000000000000001
3672,1,1.6000000000000001,0.17999999999999999,0,0,1000,0,0.10000000000000001
3673,1,1.6000000000000001,0.19,0,0,1000,0,0.10000000000000001
3674,1,1.6000000000000001,0.20000000000000001,0,0,1000,0,0.10000000000000001
3675,1,1.6100000000000001,0,0,0,1000,0,0.10000000000000001
3676,1,1.6100000000000001,0.01,0,0,1000,0,0.10000000000000001
3677,1,1.6100000000000001,0.02,0,0,1000,0,0.10000000000000001
3678,1,1.6100000000000001,0.17999999999999999,0,0,1000,0,0.10000000000000001
3679,1,1.6100000000000001,0.19,0,0,1000,0,0.10000000000000001
3680,1,1.6100000000000001,0.20000000000000001,0,0,1000,0,0.10000000000000001
3681,1,1.6200000000000001,0,0,0,1000,0,0.10000000000000001
3682,1,1.6200000000000001,0.01,0,0,1000,0,0.10000000000000001
3683,1,1.6200000000000001,0.02,0,0,1000,0,0.10000000000000001
3684,1,1.6200000000000001,0.17999999999999999,0,0,1000,0,0.10000000000000001
3685,1,1.6200000000000001,0.19,0,0,1000,0,0.10000000000000001
3686,1,1.6200000000000001,0.20000000000000001,0,0,1000,0,0.10000000000000001
3687,1,1.6300000000000001,0,0,0,1000,0,0.10000000000000001
3688,1,1.6300000000000001,0.01,0,0,1000,0,0.10000000000000001
3689,1,1.6300000000000001,0.02,0,0,1000,0,0.10000000000000001
3690,1,1.6300000000000001,0.17999999999999999,0,0,1000,0,0.10000000000000001
3691,1,1.6300000000000001,0.19,0,0,1000,0,0.10000000000000001
3692,1,1.6300000000000001,0.20000000000000001,0,0,1000,0,0.10000000000000001
3693,1,1.6400000000000001,0,0,0,1000,0,0.10000000000000001
3694,1,1.6400000000000001,0.01,0,0,1000,0,0.10000000000000001
3695,1,1.6400000000000001,0.02,0,0,1000,0,0.10000000000000001
3696,1,1.6400000000000001,0.17999999999999999,0,0,1000,0,0.10000000000000001
3697,1,1.6400000000000001,0.19,0,0,1000,0,0.10000000000000001
3698,1,1.6400000000000001,0.20000000000000001,0,0,1000,0,0.10000000000000001
3699,1,1.6500000000000001,0,0,0,1000,0,0.10000000000000001
3700,1,1.6500000000000001,0.01,0,0,1000,0,0.10000000000000001
3701,1,1.6500000000000001,0.02,0,0,1000,0,0.10000000000000001
3702,1,1.6500000000000001,0.17999999999999999,0,0,1000,0,0.10000000000000001
3703,1,1.6500000000000001,0.19,0,0,1000,0,0.10000000000000001
3704,1,1.6500000000000001,0.20000000000000001,0,0,1000,0,0.10000000000000001
3705,1,1.6600000000000001,0,0,0,1000,0,0.10000000000000001
3706,1,1.6600000000000001,0.01,0,0,1000,0,0.10000000000000001
3707,1,1.6600000000000001,0.02,0,0,1000,0,0.10000000000000001
3708,1,1.6600000000000001,0.17999999999999999,0,0,1000,0,0.10000000000000001
3709,1,1.6600000000000001,0.19,0,0,1000,0,0.10000000000000001
3710,1,1.6600000000000001,0.20000000000000001,0,0,1000,0,0.10000000000000001
3711,1,1.6699999999999999,0,0,0,1000,0,0.10000000000000001
3712,1,1.6699999999999999,0.01,0,0,1000,0,0.10000000000000001
3713,1,1.6699999999999999,0.02,0,0,1000,0,0.10000000000000001
3714,1,1.6699999999999999,0.17999999999999999,0,0,1000,0,0.10000000000000001
3715,1,1.6699999999999999,0.19,0,0,1000,0,0.10000000000000001
3716,1,1.6699999999999999,0.20000000000000001,0,0,1000,0,0.10000000000000001
3717,1,1.6799999999999999,0,0,0,1000,0,0.10000000000000001
3718,1,1.6799999999999999,0.01,0,0,1000,0,0.10000000000000001
3719,1,1.6799999999999999,0.02,0,0,1000,0,0.10000000000000001
3720,1,1.6799999999999999,0.17999999999999999,0,0,1000,0,0.10000000000000001
3721,1,1.6799999999999999,0.19,0,0,1000,0,0.10000000000000001
3722,1,1.6799999999999999,0.20000000000000001,0,0,1000,0,0.10000000000000001
3723,1,1.6899999999999999,0,0,0,1000,0,0.10000000000000001
3724,1,1.6899999999999999,0.01,0,0,1000,0,0.10000000000000001
3725,1,1.6899999999999999,0.02,0,0,1000,0,0.10000000000000001
3726,1,1.6899999999999999,0.17999999999999999,0,0,1000,0,0.10000000000000001
3727,1,1.6899999999999999,0.19,0,0,1000,0,0.10000000000000001
3728,1,1.6899999999999999,0.20000000000000001,0,0,1000,0,0.10000000000000001
3729,1,1.7,0,0,0,1000,0,0.10000000000000001
3730,1,1.7,0.01,0,0,1000,0,0.10000000000000001
3731,1,1.7,0.02,0,0,1000,0,0.10000000000000001
3732,1,1.7,0.17999999999999999,0,0,1000,0,0.10000000000000001
3733,1,1.7,0.19,0,0,1000,0,0.10000000000000001
3734,1,1.7,0.20000000000000001,0,0,1000,0,0.10000000000000001
3735,1,1.71,0,0,0,1000,0,0.10000000000000001
3736,1,1.71,0.01,0,0,1000,0,0.10000000000000001
3737,1,1.71,0.02,0,0,1000,0,0.10000000000000001
3738,1,1.71,0.17999999999999999,0,0,1000,0,0.10000000000000001
3739,1,1.71,0.19,0,0,1000,0,0.10000000000000001
3740,1,1.71,0.20000000000000001,0,0,1000,0,0.10000000000000001
3741,1,1.72,0,0,0,1000,0,0.10000000000000001
3742,1,1.72,0.01,0,0,1000,0,0.10000000000000001
3743,1,1.72,0.02,0,0,1000,0,0.10000000000000001
3744,1,1.72,0.17999999999999999,0,0,1000,0,0.10000000000000001
3745,1,1.72,0.19,0,0,1000,0,0.10000000000000001
3746,1,1.72,0.20000000000000001,0,0,1000,0,0.10000000000000001
3747,1,1.73,0,0,0,1000,0,0.10000000000000001
3748,1,1.73,0.01,0,0,1000,0,0.10000000000000001
3749,1,1.73,0.02,0,0,1000,0,0.10000000000000001
3750,1,1.73,0.17999999999999999,0,0,1000,0,0.10000000000000001
3751,1,1.73,0.19,0,0,1000,0,0.10000000000000001
3752,1,1.73,0.20000000000000001,0,0,1000,0,0.10000000000000001
3753,1,1.74,0,0,0,1000,0,0.10000000000000001
3754,1,1.74,0.01,0,0,1000,0,0.10000000000000001
3755,1,1.74,0.02,0,0,1000,0,0.10000000000000001
3756,1,1.74,0.17999999999999999,0,0,1000,0,0.10000000000000001
3757,1,1.74,0.19,0,0,1000,0,0.10000000000000001
3758,1,1.74,0.20000000000000001,0,0,1000,0,0.10000000000000001
3759,1,1.75,0,0,0,1000,0,0.10000000000000001
3760,1,1.75,0.01,0,0,1000,0,0.10000000000000001
3761,1,1.75,0.02,0,0,1000,0,0.10000000000000001
3762,1,1.75,0.17999999999999999,0,0,1000,0,0.10000000000000001
3763,1,1.75,0.19,0,0,1000,0,0.10000000000000001
3764,1,1.75,0.20000000000000001,0,0,1000,0,0.10000000000000001
3765,1,1.76,0,0,0,1000,0,0.10000000000000001
3766,1,1.76,0.01,0,0,1000,0,0.10000000000000001
3767,1,1.76,0.02,0,0,1000,0,0.10000000000000001
3768,1,1.76,0.17999999999999999,0,0,1000,0,0.10000000000000001
3769,1,1.76,0.19,0,0,1000,0,0.10000000000000001
3770,1,1.76,0.20000000000000001,0,0,1000,0,0.10000000000000001
3771,1,1.77,0,0,0,1000,0,0.10000000000000001
3772,1,1.77,0.01,0,0,1000,0,0.10000000000000001
3773,1,1.77,0.02,0,0,1000,0,0.10000000000000001
3774,1,1.77,0.17999999999999999,0,0,1000,0,0.10000000000000001
3775,1,1.77,0.19,0,0,1000,0,0.10000000000000001
3776,1,1.77,0.20000000000000001,0,0,1000,0,0.10000000000000001
3777,1,1.78,0,0,0,1000,0,0.10000000000000001
3778,1,1.78,0.01,0,0,1000,0,0.10000000000000001
3779,1,1.78,0.02,0,0,1000,0,0.10000000000000001
3780,1,1.78,0.17999999999999999,0,0,1000,0,0.10000000000000001
3781,1,1.78,0.19,0,0,1000,0,0.10000000000000001
3782,1,1.78,0.20000000000000001,0,0,1000,0,0.10000000000000001
3783,1,1.79,0,0,0,1000,0,0.10000000000000001
3784,1,1.79,0.01,0,0,1000,0,0.10000000000000001
3785,1,1.79,0.02,0,0,1000,0,0.10000000000000001
3786,1,1.79,0.17999999999999999,0,0,1000,0,0.10000000000000001
3787,1,1.79,0.19,0,0,1000,0,0.10000000000000001
3788,1,1.79,0.20000000000000001,0,0,1000,0,0.10000000000000001
3789,1,1.8,0,0,0,1000,0,0.10000000000000001
3790,1,1.8,0.01,0,0,1000,0,0.10000000000000001
3791,1,1.8,0.02,0,0,1000,0,0.10000000000000001
3792,1,1.8,0.17999999999999999,0,0,1000,0,0.10000000000000001
3793,1,1.8,0.19,0,0,1000,0,0.10000000000000001
3794,1,1.8,0.20000000000000001,0,0,1000,0,0.10000000000000001
3795,1,1.8100000000000001,0,0,0,1000,0,0.10000000000000001
3796,1,1.8100000000000001,0.01,0,0,1000,0,0.10000000000000001
3797,1,1.8100000000000001,0.02,0,0,1000,0,0.10000000000000001
3798,1,1.8100000000000001,0.17999999999999999,0,0,1000,0,0.10000000000000001
3799,1,1.8100000000000001,0.19,0,0,1000,0,0.10000000000000001
3800,1,1.8100000000000001,0.20000000000000001,0,0,1000,0,0.10000000000000001
3801,1,1.8200000000000001,0,0,0,1000,0,0.10000000000000001
3802,1,1.8200000000000001,0.01,0,0,1000,0,0.10000000000000001
3803,1,1.8200000000000001,0.02,0,0,1000,0,0.10000000000000001
3804,1,1.8200000000000001,0.17999999999999999,0,0,1000,0,0.10000000000000001
3805,1,1.8200000000000001,0.19,0,0,1000,0,0.10000000000000001
3806,1,1.8200000000000001,0.20000000000000001,0,0,1000,0,0.10000000000000001
3807,1,1.8300000000000001,0,0,0,1000,0,0.10000000000000001
3808,1,1.8300000000000001,0.01,0,0,1000,0,0.10000000000000001
3809,1,1.8300000000000001,0.02,0,0,1000,0,0.10000000000000001
3810,1,1.8300000000000001,0.17999999999999999,0,0,1000,0,0.10000000000000001
3811,1,1.8300000000000001,0.19,0,0,1000,0,0.10000000000000001
3812,1,1.8300000000000001,0.20000000000000001,0,0,1000,0,0.10000000000000001
3813,1,1.8400000000000001,0,0,0,1000,0,0.10000000000000001
3814,1,1.8400000000000001,0.01,0,0,1000,0,0.10000000000000001
3815,1,1.8400000000000001,0.02,0,0,1000,0,0.10000000000000001
3816,1,1.8400000000000001,0.17999999999999999,0,0,1000,0,0.10000000000000001
3817,1,1.8400000000000001,0.19,0,0,1000,0,0.10000000000000001
3818,1,1.8400000000000001,0.20000000000000001,0,0,1000,0,0.10000000000000001
3819,1,1.8500000000000001,0,0,0,1000,0,0.10000000000000001
3820,1,1.8500000000000001,0.01,0,0,1000,0,0.10000000000000001
3821,1,1.8500000000000001,0.02,0,0,1000,0,0.10000000000000001
3822,1,1.8500000000000001,0.17999999999999999,0,0,1000,0,0.10000000000000001
3823,1,1.8500000000000001,0.19,0,0,1000,0,0.10000000000000001
3824,1,1.8500000000000001,0.20000000000000001,0,0,1000,0,0.10000000000000001
3825,1,1.8600000000000001,0,0,0,1000,0,0.10000000000000001
3826,1,1.8600000000000001,0.01,0,0,1000,0,0.10000000000000001
3827,1,1.8600000000000001,0.02,0,0,1000,0,0.10000000000000001
3828,1,1.8600000000000001,0.17999999999999999,0,0,1000,0,0.10000000000000001
3829,1,1.8600000000000001,0.19,0,0,1000,0,0.10000000000000001
3830,1,1.8600000000000001,0.20000000000000001,0,0,1000,0,0.10000000000000001
3831,1,1.8700000000000001,0,0,0,1000,0,0.10000000000000001
3832,1,1.8700000000000001,0.01,0,0,1000,0,0.10000000000000001
3833,1,1.8700000000000001,0.02,0,0,1000,0,0.10000000000000001
3834,1,1.8700000000000001,0.17999999999999999,0,0,1000,0,0.10000000000000001
3835,1,1.8700000000000001,0.19,0,0,1000,0,0.10000000000000001
3836,1,1.8700000000000001,0.20000000000000001,0,0,1000,0,0.10000000000000001
3837,1,1.8800000000000001,0,0,0,1000,0,0.10000000000000001
3838,1,1.8800000000000001,0.01,0,0,1000,0,0.10000000000000001
3839,1,1.8800000000000001,0.02,0,0,1000,0,0.10000000000000001
3840,1,1.8800000000000001,0.17999999999999999,0,0,1000,0,0.10000000000000001
3841,1,1.8800000000000001,0.19,0,0,1000,0,0.10000000000000001
3842,1,1.8800000000000001,0.20000000000000001,0,0,1000,0,0.10000000000000001
3843,1,1.8900000000000001,0,0,0,1000,0,0.10000000000000001
3844,1,1.8900000000000001,0.01,0,0,1000,0,0.10000000000000001
3845,1,1.8900000000000001,0.02,0,0,1000,0,0.10000000000000001
3846,1,1.8900000000000001,0.17999999999999999,0,0,1000,0,0.10000000000000001
3847,1,1.8900000000000001,0.19,0,0,1000,0,0.10000000000000001
3848,1,1.8900000000000001,0.20000000000000001,0,0,1000,0,0.10000000000000001
3849,1,1.9000000000000001,0,0,0,1000,0,0.10000000000000001
3850,1,1.9000000000000001,0.01,0,0,1000,0,0.10000000000000001
3851,1,1.9000000000000001,0.02,0,0,1000,0,0.10000000000000001
3852,1,1.9000000000000001,0.17999999999999999,0,0,1000,0,0.10000000000000001
3853,1,1.9000000000000001,0.19,0,0,1000,0,0.10000000000000001
3854,1,1.9000000000000001,0.20000000000000001,0,0,1000,0,0.10000000000000001
3855,1,1.9100000000000001,0,0,0,1000,0,0.10000000000000001
3856,1,1.9100000000000001,0.01,0,0,1000,0,0.10000000000000001
3857,1,1.9100000000000001,0.02,0,0,1000,0,0.10000000000000001
3858,1,1.9100000000000001,0.17999999999999999,0,0,1000,0,0.10000000000000001
3859,1,1.9100000000000001,0.19,0,0,1000,0,0.10000000000000001
3860,1,1.9100000000000001,0.20000000000000001,0,0,1000,0,0.10000000000000001
3861,1,1.9199999999999999,0,0,0,1000,0,0.10000000000000001
3862,1,1.9199999999999999,0.01,0,0,1000,0,0.10000000000000001
3863,1,1.9199999999999999,0.02,0,0,1000,0,0.10000000000000001
3864,1,1.9199999999999999,0.17999999999999999,0,0,1000,0,0.10000000000000001
3865,1,1.9199999999999999,0.19,0,0,1000,0,0.10000000000000001
3866,1,1.9199999999999999,0.20000000000000001,0,0,1000,0,0.10000000000000001
3867,1,1.9299999999999999,0,0,0,1000,0,0.10000000000000001
3868,1,1.9299999999999999,0.01,0,0,1000,0,0.10000000000000001
3869,1,1.9299999999999999,0.02,0,0,1000,0,0.10000000000000001
3870,1,1.9299999999999999,0.17999999999999999,0,0,1000,0,0.10000000000000001
3871,1,1.9299999999999999,0.19,0,0,1000,0,0.10000000000000001
3872,1,1.9299999999999999,0.20000000000000001,0,0,1000,0,0.10000000000000001
3873,1,1.9399999999999999,0,0,0,1000,0,0.10000000000000001
3874,1,1.9399999999999999,0.01,0,0,1000,0,0.10000000000000001
3875,1,1.9399999999999999,0.02,0,0,1000,0,0.10000000000000001
3876,1,1.9399999999999999,0.17999999999999999,0,0,1000,0,0.10000000000000001
3877,1,1.9399999999999999,0.19,0,0,1000,0,0.10000000000000001
3878,1,1.9399999999999999,0.20000000000000001,0,0,1000,0,0.10000000000000001
3879,1,1.95,0,0,0,1000,0,0.10000000000000001
3880,1,1.95,0.01,0,0,1000,0,0.10000000000000001
3881,1,1.95,0.02,0,0,1000,0,0.10000000000000001
3882,1,1.95,0.17999999999999999,0,0,1000,0,0.10000000000000001
3883,1,1.95,0.19,0,0,1000,0,0.10000000000000001
3884,1,1.95,0.20000000000000001,0,0,1000,0,0.10000000000000001
3885,1,1.96,0,0,0,1000,0,0.10000000000000001
3886,1,1.96,0.01,0,0,1000,0,0.10000000000000001
3887,1,1.96,0.02,0,0,1000,0,0.10000000000000001
3888,1,1.96,0.17999999999999999,0,0,1000,0,0.10000000000000001
3889,1,1.96,0.19,0,0,1000,0,0.10000000000000001
3890,1,1.96,0.20000000000000001,0,0,1000,0,0.10000000000000001
3891,1,1.97,0,0,0,1000,0,0.10000000000000001
3892,1,1.97,0.01,0,0,1000,0,0.10000000000000001
3893,1,1.97,0.02,0,0,1000,0,0.10000000000000001
3894,1,1.97,0.17999999999999999,0,0,1000,0,0.10000000000000001
3895,1,1.97,0.19,0,0,1000,0,0.10000000000000001
3896,1,1.97,0.20000000000000001,0,0,1000,0,0.10000000000000001
3897,1,1.98,0,0,0,1000,0,0.10000000000000001
3898,1,1.98,0.01,0,0,1000,0,0.10000000000000001
3899,1,1.98,0.02,0,0,1000,0,0.10000000000000001
3900,1,1.98,0.17999999999999999,0,0,1000,0,0.10000000000000001
3901,1,1.98,0.19,0,0,1000,0,0.10000000000000001
3902,1,1.98,0.20000000000000001,0,0,1000,0,0.10000000000000001
3903,1,1.99,0,0,0,1000,0,0.10000000000000001
3904,1,1.99,0.01,0,0,1000,0,0.10000000000000001
3905,1,1.99,0.19,0,0,1000,0,0.10000000000000001
3906,1,1.99,0.20000000000000001,0,0,1000,0,0.10000000000000001
3907,1,2,0,0,0,1000,0,0.10000000000000001
3908,1,2,0.20000000000000001,0,0,1000,0,0.10000000000000001
