# vtk DataFile Version 3.0
SPH particles (WCSPH) - legacy PolyData
ASCII
DATASET POLYDATA
POINTS 4476 float
0 -5.4756061235292828 0
0 -5.4333391238761104 0
0 -5.3908779777422557 0
0.040000000000000001 -5.4741474840538951 0
0.040000000000000001 -5.4321281523962943 0
0.040000000000000001 -5.3898648258254811 0
0.080000000000000002 -5.4730307922906967 0
0.080000000000000002 -5.4311145326189223 0
0.080000000000000002 -5.3889403311073947 0
0.12 -5.4721082571085553 0
0.12 -5.4302178722510117 0
0.12 -5.388086591777884 0
0 -5.3477541766587882 0
0 -5.3038857362068574 0
0 -5.2595258149411634 0
0 -5.2150055796303345 0
0 -5.1705336077639457 0
0.040000000000000001 -5.34697009164889 0
0.040000000000000001 -5.3033953490768937 0
0.040000000000000001 -5.2593812783798723 0
0.040000000000000001 -5.2152258225302637 0
0.040000000000000001 -5.1711101998777798 0
0 -5.1262824412666168 0
0 -5.0824744859432682 0
0 -5.0392263640787771 0
0 -4.9963113229572604 0
0 -4.9529826352558377 0
0.040000000000000001 -5.127191646139277 0
0.040000000000000001 -5.0836947858848207 0
0.040000000000000001 -5.0407644540595395 0
0.040000000000000001 -4.9982595090824278 0
0.040000000000000001 -4.9556416448145457 0
0.080000000000000002 -5.3461645105180757 0
0.080000000000000002 -5.3027509794880725 0
0.080000000000000002 -5.2589382456715912 0
0.080000000000000002 -5.2149986716239729 0
0.080000000000000002 -5.1710934832631814 0
0.12 -5.3453650809498265 0
0.12 -5.3020373880168572 0
0.12 -5.2583461701977647 0
0.12 -5.2145443528892086 0
0.12 -5.1707771146968842 0
0.080000000000000002 -5.1273710139664503 0
0.080000000000000002 -5.0840433033530035 0
0.080000000000000002 -5.0412385386038085 0
0.080000000000000002 -4.9988615491455359 0
0.080000000000000002 -4.9564065962920969 0
0.12 -5.1271890647500049 0
0.12 -5.0839774303707816 0
0.12 -5.0412385174667813 0
0.12 -4.998751833111581 0
0.12 -4.956096941286245 0
0.16 -5.4715025019614645 0
0.20000000000000001 -5.4711785359289653 0
0.16 -5.4296080173095502 0
0.16 -5.3874879978228574 0
0.20000000000000001 -5.4292916262745221 0
0.20000000000000001 -5.3871979780063048 0
0.23999999999999999 -5.4712007685671598 0
0.23999999999999999 -5.4293121413565961 0
0.23999999999999999 -5.3872473055120151 0
0.28000000000000003 -5.4715313180295428 0
0.28000000000000003 -5.4296071023268224 0
0.28000000000000003 -5.3875371453021996 0
0.32000000000000001 -5.4722059989093728 0
0.32000000000000001 -5.43014936859195 0
0.32000000000000001 -5.3880388583646726 0
0.16 -5.3448015699715885 0
0.16 -5.3015435051825426 0
0.16 -5.2579505136960698 0
0.20000000000000001 -5.3445651736521604 0
0.20000000000000001 -5.301390806612571 0
0.20000000000000001 -5.2579078170226934 0
0.16 -5.2142639689365993 0
0.16 -5.1706212071321831 0
0.20000000000000001 -5.2143493792745073 0
0.20000000000000001 -5.1708467793762729 0
0.23999999999999999 -5.3446794648992997 0
0.23999999999999999 -5.3015984156764393 0
0.23999999999999999 -5.2582220429911901 0
0.23999999999999999 -5.2147772234877001 0
0.23999999999999999 -5.1713998876191631 0
0.16 -5.1271604426782131 0
0.16 -5.0840625881763346 0
0.16 -5.0413808627046048 0
0.20000000000000001 -5.127531121648838 0
0.20000000000000001 -5.0845675444953047 0
0.20000000000000001 -5.0419741776566056 0
0.16 -4.9988313597286362 0
0.16 -4.9558131964950247 0
0.20000000000000001 -4.9994353205847721 0
0.20000000000000001 -4.9562907736656383 0
0.23999999999999999 -5.1282192663751971 0
0.23999999999999999 -5.085387642049092 0
0.23999999999999999 -5.0429017725262426 0
0.23999999999999999 -5.0004430726610725 0
0.23999999999999999 -4.9575053893672107 0
0.28000000000000003 -5.3450062355663137 0
0.28000000000000003 -5.3019853055130222 0
0.28000000000000003 -5.2586722735467051 0
0.28000000000000003 -5.215289332066356 0
0.28000000000000003 -5.171975544336477 0
0.32000000000000001 -5.3454940726370852 0
0.32000000000000001 -5.3024680934296669 0
0.32000000000000001 -5.2591449110003037 0
0.32000000000000001 -5.2157386938942354 0
0.32000000000000001 -5.1723899806005251 0
0.28000000000000003 -5.1288692275012666 0
0.28000000000000003 -5.0861210893432105 0
0.28000000000000003 -5.0437410254538149 0
0.28000000000000003 -5.0015016674355302 0
0.28000000000000003 -4.9587351725340465 0
0.32000000000000001 -5.1292544079992215 0
0.32000000000000001 -5.0865018358329381 0
0.32000000000000001 -5.0441457994480823 0
0.32000000000000001 -5.0018908297799847 0
0.32000000000000001 -4.959009034430764 0
0 -5.4739958571069831 0.040000000000000001
0 -5.4319283998566368 0.040000000000000001
0 -5.3895944563199114 0.040000000000000001
0.040000000000000001 -5.4727982780007034 0.040000000000000001
0.040000000000000001 -5.4310452111345402 0.040000000000000001
0.040000000000000001 -5.3890233161056997 0.040000000000000001
0.080000000000000002 -5.4718309706560708 0.040000000000000001
0.080000000000000002 -5.4302662447113743 0.040000000000000001
0.080000000000000002 -5.3884384527227223 0.040000000000000001
0.12 -5.4710167009960537 0.040000000000000001
0.12 -5.429565376802854 0.040000000000000001
0.12 -5.3878537502984232 0.040000000000000001
0 -5.3466073655089525 0.040000000000000001
0 -5.3029199205137694 0.040000000000000001
0 -5.2587655797756572 0.040000000000000001
0 -5.214445170951211 0.040000000000000001
0 -5.1701555534541921 0.040000000000000001
0.040000000000000001 -5.3464081276516904 0.040000000000000001
0.040000000000000001 -5.3031616492583113 0.040000000000000001
0.040000000000000001 -5.259497416121417 0.040000000000000001
0.040000000000000001 -5.2156854213955963 0.040000000000000001
0.040000000000000001 -5.1719015612281485 0.040000000000000001
0 -5.1260769827591695 0.040000000000000001
0 -5.0824325246270172 0.040000000000000001
0 -5.0393133424629566 0.040000000000000001
0 -4.9965275818816872 0.040000000000000001
0 -4.9533634763519432 0.040000000000000001
0.040000000000000001 -5.1283089275152278 0.040000000000000001
0.040000000000000001 -5.0851283818124191 0.040000000000000001
0.040000000000000001 -5.04250774820673 0.040000000000000001
0.040000000000000001 -5.000406503729713 0.040000000000000001
0.040000000000000001 -4.9584537566546194 0.040000000000000001
0.080000000000000002 -5.3460507007524711 0.040000000000000001
0.080000000000000002 -5.3030756410318434 0.040000000000000001
0.080000000000000002 -5.25971959997268 0.040000000000000001
0.080000000000000002 -5.2162309344853037 0.040000000000000001
0.080000000000000002 -5.1727697662576082 0.040000000000000001
0.12 -5.3456065104505335 0.040000000000000001
0.12 -5.3028070375383267 0.040000000000000001
0.12 -5.2596596101146122 0.040000000000000001
0.12 -5.2163948518060135 0.040000000000000001
0.12 -5.1731611551426706 0.040000000000000001
0.080000000000000002 -5.1294871117843197 0.040000000000000001
0.080000000000000002 -5.0865928782712961 0.040000000000000001
0.080000000000000002 -5.0442526193849071 0.040000000000000001
0.080000000000000002 -5.0024518136588281 0.040000000000000001
0.080000000000000002 -4.9609575471835097 0.040000000000000001
0.12 -5.1300996113518069 0.040000000000000001
0.12 -5.0874043889454335 0.040000000000000001
0.12 -5.0452309408474463 0.040000000000000001
0.12 -5.0035660579922556 0.040000000000000001
0.12 -4.9621974909744999 0.040000000000000001
0 -5.4729729198095836 0.080000000000000002
0 -5.4309881004169149 0.080000000000000002
0 -5.3887387384865688 0.080000000000000002
0.040000000000000001 -5.4719126886191392 0.080000000000000002
0.040000000000000001 -5.4303146247456757 0.080000000000000002
0.040000000000000001 -5.3884564260621026 0.080000000000000002
0.080000000000000002 -5.4710070782926614 0.080000000000000002
0.080000000000000002 -5.4296590458143017 0.080000000000000002
0.080000000000000002 -5.388049350494077 0.080000000000000002
0.12 -5.470233119169829 0.080000000000000002
0.12 -5.4290385629844486 0.080000000000000002
0.12 -5.3875906191210285 0.080000000000000002
0 -5.3458729188518861 0.080000000000000002
0 -5.3023443306276246 0.080000000000000002
0 -5.2583779672348392 0.080000000000000002
0 -5.2142476635457138 0.080000000000000002
0 -5.1701390551489785 0.080000000000000002
0.040000000000000001 -5.3460375380306591 0.080000000000000002
0.040000000000000001 -5.303025369619216 0.080000000000000002
0.040000000000000001 -5.2596192801295292 0.080000000000000002
0.040000000000000001 -5.2160671790213966 0.080000000000000002
0.040000000000000001 -5.1725370584197581 0.080000000000000002
0 -5.1262338882659018 0.080000000000000002
0 -5.0827563337494359 0.080000000000000002
0 -5.0397868236897354 0.080000000000000002
0 -4.9970509738603166 0.080000000000000002
0 -4.9539779671229383 0.080000000000000002
0.040000000000000001 -5.1291929492758603 0.080000000000000002
0.040000000000000001 -5.0862516395060391 0.080000000000000002
0.040000000000000001 -5.0438672934214015 0.080000000000000002
0.040000000000000001 -5.0020077776015155 0.080000000000000002
0.040000000000000001 -4.9604161215700895 0.080000000000000002
0.080000000000000002 -5.3459158339689612 0.080000000000000002
0.080000000000000002 -5.3032318958207281 0.080000000000000002
0.080000000000000002 -5.2601883644965417 0.080000000000000002
0.080000000000000002 -5.217014111673242 0.080000000000000002
0.080000000000000002 -5.1738641728034507 0.080000000000000002
0.12 -5.3456461794116938 0.080000000000000002
0.12 -5.3031870670127361 0.080000000000000002
0.12 -5.2603989534329569 0.080000000000000002
0.12 -5.2174954614922919 0.080000000000000002
0.12 -5.1746208927818218 0.080000000000000002
0.080000000000000002 -5.1308887488424588 0.080000000000000002
0.080000000000000002 -5.0882897701070418 0.080000000000000002
0.080000000000000002 -5.0462402193021632 0.080000000000000002
0.080000000000000002 -5.0047425151739819 0.080000000000000002
0.080000000000000002 -4.9636688190382383 0.080000000000000002
0.12 -5.1319136155299301 0.080000000000000002
0.12 -5.0895573187664747 0.080000000000000002
0.12 -5.0477118785068349 0.080000000000000002
0.12 -5.0063933286280227 0.080000000000000002
0.12 -4.9655037682410796 0.080000000000000002
0 -5.4722519795851401 0.12
0 -5.4303143998113432 0.12
0 -5.3881413706543952 0.12
0.040000000000000001 -5.4712127623421969 0.12
0.040000000000000001 -5.429719398585636 0.12
0.040000000000000001 -5.3879771842665232 0.12
0.080000000000000002 -5.4704014983067575 0.12
0.080000000000000002 -5.4291733101681059 0.12
0.080000000000000002 -5.3877049042981362 0.12
0.12 -5.4696861622384958 0.12
0.12 -5.4286257211428417 0.12
0.12 -5.3873398450034555 0.12
0 -5.3453788465873799 0.12
0 -5.3019897818641351 0.12
0 -5.2581938075917201 0.12
0 -5.2142432824397824 0.12
0 -5.1703124695475156 0.12
0.040000000000000001 -5.3457033584478149 0.12
0.040000000000000001 -5.3028694702729267 0.12
0.040000000000000001 -5.2596671372268373 0.12
0.040000000000000001 -5.2163255458340467 0.12
0.040000000000000001 -5.1730048714604671 0.12
0 -5.1265812856402784 0.12
0 -5.0832747452805851 0.12
0 -5.0404694826672776 0.12
0 -4.9978888602262543 0.12
0 -4.954967400628111 0.12
0.040000000000000001 -5.1298674626929719 0.12
0.040000000000000001 -5.0871239491267337 0.12
0.040000000000000001 -5.0449276818233848 0.12
0.040000000000000001 -5.0032544608250724 0.12
0.040000000000000001 -4.9618866982348822 0.12
0.080000000000000002 -5.3457461239029467 0.12
0.080000000000000002 -5.3032706605496287 0.12
0.080000000000000002 -5.2604580928119491 0.12
0.080000000000000002 -5.2175210370958975 0.12
0.080000000000000002 -5.1746083072542586 0.12
0.12 -5.3455960853729172 0.12
0.12 -5.3033729383908854 0.12
0.12 -5.2608412852036208 0.12
0.12 -5.218199579517405 0.12
0.12 -5.1755865448402734 0.12
0.080000000000000002 -5.1318669093807792 0.12
0.080000000000000002 -5.0894880688886603 0.12
0.080000000000000002 -5.047636522811171 0.12
0.080000000000000002 -5.0063298397877842 0.12
0.080000000000000002 -4.9654773846754114 0.12
0.12 -5.1331358349874208 0.12
0.12 -5.0910141981272039 0.12
0.12 -5.0493757837272213 0.12
0.12 -5.0082535059173567 0.12
0.12 -4.9675844324875706 0.12
0 -5.4716384935708229 0.16
0 -5.4297463742823959 0.16
0 -5.3876397942234124 0.16
0.040000000000000001 -5.4706498554911418 0.16
0.040000000000000001 -5.4292129620932723 0.16
0.040000000000000001 -5.3875513480316339 0.16
0 -5.4709499694529695 0.20000000000000001
0 -5.4291016435301147 0.20000000000000001
0 -5.3870494693365858 0.20000000000000001
0.040000000000000001 -5.4699810964397937 0.20000000000000001
0.040000000000000001 -5.4285939591915104 0.20000000000000001
0.040000000000000001 -5.3869923328696601 0.20000000000000001
0.080000000000000002 -5.4698569207586187 0.16
0.080000000000000002 -5.4286992928207161 0.16
0.080000000000000002 -5.3873254369391876 0.16
0.12 -5.4691611132055478 0.16
0.12 -5.428181530628442 0.16
0.12 -5.3870028154544016 0.16
0.080000000000000002 -5.4691893193990078 0.20000000000000001
0.080000000000000002 -5.4280934312955482 0.20000000000000001
0.080000000000000002 -5.3867898509864114 0.20000000000000001
0.12 -5.4685235149691369 0.20000000000000001
0.12 -5.4276134040249184 0.20000000000000001
0.12 -5.3865124697300937 0.20000000000000001
0 -5.3449686550499838 0.16
0 -5.3016987448977053 0.16
0 -5.2580421583051393 0.16
0 -5.214242227927059 0.16
0 -5.1704679392554818 0.16
0.040000000000000001 -5.3453860546776406 0.16
0.040000000000000001 -5.3026892663834806 0.16
0.040000000000000001 -5.2596419962520891 0.16
0.040000000000000001 -5.2164639340961187 0.16
0.040000000000000001 -5.1733115516362993 0.16
0 -5.1269007724936992 0.16
0 -5.0837592052340028 0.16
0 -5.0411165147496915 0.16
0 -4.9987063607365458 0.16
0 -4.9560147487171493 0.16
0.040000000000000001 -5.1303436338221999 0.16
0.040000000000000001 -5.0877637688436019 0.16
0.040000000000000001 -5.0457183973791935 0.16
0.040000000000000001 -5.0041915554302561 0.16
0.040000000000000001 -4.9629887046961514 0.16
0 -5.3444418191661303 0.20000000000000001
0 -5.3012425231043911 0.20000000000000001
0 -5.2576628957477727 0.20000000000000001
0 -5.2139489902512146 0.20000000000000001
0 -5.1702777106040383 0.20000000000000001
0.040000000000000001 -5.3449016119876349 0.20000000000000001
0.040000000000000001 -5.302292281105859 0.20000000000000001
0.040000000000000001 -5.2593406302927903 0.20000000000000001
0.040000000000000001 -5.2162654455327884 0.20000000000000001
0.040000000000000001 -5.1732249583589613 0.20000000000000001
0 -5.126833084876707 0.20000000000000001
0 -5.0838184989733222 0.20000000000000001
0 -5.0412895613019426 0.20000000000000001
0 -4.9989809397390967 0.20000000000000001
0 -4.9563885065863804 0.20000000000000001
0.040000000000000001 -5.130377232511794 0.20000000000000001
0.040000000000000001 -5.0879138085810904 0.20000000000000001
0.040000000000000001 -5.0459678715544811 0.20000000000000001
0.040000000000000001 -5.0045210018488531 0.20000000000000001
0.040000000000000001 -4.9633845615600647 0.20000000000000001
0.080000000000000002 -5.3454905382123856 0.16
0.080000000000000002 -5.3031677914509592 0.16
0.080000000000000002 -5.2605248923664831 0.16
0.080000000000000002 -5.2177645573906579 0.16
0.080000000000000002 -5.1750310166922686 0.16
0.12 -5.3453980570854407 0.16
0.12 -5.3033430511889863 0.16
0.12 -5.2609959539627109 0.16
0.12 -5.2185449480369241 0.16
0.12 -5.1761232444249874 0.16
0.080000000000000002 -5.1324673323296235 0.16
0.080000000000000002 -5.0902557700420008 0.16
0.080000000000000002 -5.0485472244567404 0.16
0.080000000000000002 -5.0073679418182087 0.16
0.080000000000000002 -4.9666460871028457 0.16
0.12 -5.1338592823874549 0.16
0.12 -5.0919093859118494 0.16
0.12 -5.0504154099772824 0.16
0.12 -5.0094139096296848 0.16
0.12 -4.9688593766147733 0.16
0.080000000000000002 -5.3450400635510062 0.20000000000000001
0.080000000000000002 -5.3028170672605146 0.20000000000000001
0.080000000000000002 -5.2602834433959131 0.20000000000000001
0.080000000000000002 -5.2176385544524715 0.20000000000000001
0.080000000000000002 -5.1750250065656571 0.20000000000000001
0.12 -5.3450009218269985 0.20000000000000001
0.12 -5.3030550601748532 0.20000000000000001
0.12 -5.2608277204972502 0.20000000000000001
0.12 -5.2185015439573199 0.20000000000000001
0.12 -5.1762059703920613 0.20000000000000001
0.080000000000000002 -5.1325818954376734 0.20000000000000001
0.080000000000000002 -5.0904822064732977 0.20000000000000001
0.080000000000000002 -5.0488651784101952 0.20000000000000001
0.080000000000000002 -5.0077510624320789 0.20000000000000001
0.080000000000000002 -4.9670718839071331 0.20000000000000001
0.12 -5.1340648546475265 0.20000000000000001
0.12 -5.0922257981239332 0.20000000000000001
0.12 -5.0508195316005944 0.20000000000000001
0.12 -5.0098764683433608 0.20000000000000001
0.12 -4.9693530427829842 0.20000000000000001
0.16 -5.4704494369855103 0.040000000000000001
0.20000000000000001 -5.4701775902155303 0.040000000000000001
0.16 -5.4290547378509411 0.040000000000000001
0.16 -5.3874128600211524 0.040000000000000001
0.20000000000000001 -5.4288090123005501 0.040000000000000001
0.20000000000000001 -5.3872173896405506 0.040000000000000001
0.23999999999999999 -5.4701350731226803 0.040000000000000001
0.23999999999999999 -5.4287800347009325 0.040000000000000001
0.23999999999999999 -5.3872314158343491 0.040000000000000001
0.28000000000000003 -5.4703332254368426 0.040000000000000001
0.28000000000000003 -5.428945605661049 0.040000000000000001
0.28000000000000003 -5.3874214038039927 0.040000000000000001
0.32000000000000001 -5.4707501804359326 0.040000000000000001
0.32000000000000001 -5.42928742246007 0.040000000000000001
0.32000000000000001 -5.3877550575814572 0.040000000000000001
0.16 -5.3452623901793084 0.040000000000000001
0.16 -5.3025946879134525 0.040000000000000001
0.16 -5.2596070369242058 0.040000000000000001
0.20000000000000001 -5.3451508050417536 0.040000000000000001
0.20000000000000001 -5.3025978532873781 0.040000000000000001
0.20000000000000001 -5.2597468511112337 0.040000000000000001
0.16 -5.2165180738340569 0.040000000000000001
0.16 -5.1734658847458519 0.040000000000000001
0.20000000000000001 -5.2168072638403054 0.040000000000000001
0.20000000000000001 -5.1739116046471496 0.040000000000000001
0.23999999999999999 -5.3452384147658973 0.040000000000000001
0.23999999999999999 -5.3027866649479671 0.040000000000000001
0.23999999999999999 -5.2600510590381857 0.040000000000000001
0.23999999999999999 -5.2172345217002301 0.040000000000000001
0.23999999999999999 -5.1744673443473284 0.040000000000000001
0.16 -5.1305853907983066 0.040000000000000001
0.16 -5.0880550565862039 0.040000000000000001
0.16 -5.0460045556981328 0.040000000000000001
0.20000000000000001 -5.1311879598804415 0.040000000000000001
0.20000000000000001 -5.0888023338327573 0.040000000000000001
0.20000000000000001 -5.0468641966332415 0.040000000000000001
0.16 -5.004409488823641 0.040000000000000001
0.16 -4.9630642039858035 0.040000000000000001
0.20000000000000001 -5.0053420646503186 0.040000000000000001
0.20000000000000001 -4.9640367274387547 0.040000000000000001
0.23999999999999999 -5.1318743419425354 0.040000000000000001
0.23999999999999999 -5.0896126339911847 0.040000000000000001
0.23999999999999999 -5.0477847644772282 0.040000000000000001
0.23999999999999999 -5.0063608981968555 0.040000000000000001
0.23999999999999999 -4.9651461047768173 0.040000000000000001
0.28000000000000003 -5.345484270881447 0.040000000000000001
0.28000000000000003 -5.3031108997222596 0.040000000000000001
0.28000000000000003 -5.2604620111677471 0.040000000000000001
0.28000000000000003 -5.2177337396061603 0.040000000000000001
0.28000000000000003 -5.1750582380851426 0.040000000000000001
0.32000000000000001 -5.3458451366388564 0.040000000000000001
0.32000000000000001 -5.3035096883794619 0.040000000000000001
0.32000000000000001 -5.2609013594351577 0.040000000000000001
0.32000000000000001 -5.2182147546848254 0.040000000000000001
0.32000000000000001 -5.1755801828173666 0.040000000000000001
0.28000000000000003 -5.132561804779491 0.040000000000000001
0.28000000000000003 -5.0903991404181497 0.040000000000000001
0.28000000000000003 -5.0486698841779472 0.040000000000000001
0.28000000000000003 -5.0073436353654177 0.040000000000000001
0.28000000000000003 -4.9662439950283623 0.040000000000000001
0.32000000000000001 -5.1331268625966358 0.040000000000000001
0.32000000000000001 -5.0910150034283586 0.040000000000000001
0.32000000000000001 -5.0493488787179093 0.040000000000000001
0.32000000000000001 -5.0080946167106442 0.040000000000000001
0.32000000000000001 -4.9670880689785264 0.040000000000000001
0.16 -5.4696903269986619 0.080000000000000002
0.20000000000000001 -5.4694051493257678 0.080000000000000002
0.16 -5.4285814585272059 0.080000000000000002
0.16 -5.3872374758969972 0.080000000000000002
0.20000000000000001 -5.4283395611257665 0.080000000000000002
0.20000000000000001 -5.3870651867995623 0.080000000000000002
0.23999999999999999 -5.4692994312230683 0.080000000000000002
0.23999999999999999 -5.4282598485602023 0.080000000000000002
0.23999999999999999 -5.387038036952478 0.080000000000000002
0.28000000000000003 -5.4693230879796273 0.080000000000000002
0.28000000000000003 -5.4282870244352477 0.080000000000000002
0.28000000000000003 -5.3871032489605613 0.080000000000000002
0.32000000000000001 -5.4694463938709799 0.080000000000000002
0.32000000000000001 -5.4283770325705092 0.080000000000000002
0.32000000000000001 -5.3872178507449577 0.080000000000000002
0.16 -5.345427236846823 0.080000000000000002
0.16 -5.3031373094264449 0.080000000000000002
0.16 -5.2605448815673252 0.080000000000000002
0.20000000000000001 -5.3453585056340538 0.080000000000000002
0.20000000000000001 -5.3032027634000727 0.080000000000000002
0.20000000000000001 -5.260764204112502 0.080000000000000002
0.16 -5.2178511885560148 0.080000000000000002
0.16 -5.1751910041202001 0.080000000000000002
0.20000000000000001 -5.2182349051517374 0.080000000000000002
0.20000000000000001 -5.1757432054771098 0.080000000000000002
0.23999999999999999 -5.3454136881812904 0.080000000000000002
0.23999999999999999 -5.3033646894186122 0.080000000000000002
0.23999999999999999 -5.2610450464146368 0.080000000000000002
0.23999999999999999 -5.2186415047254657 0.080000000000000002
0.23999999999999999 -5.1762788055915223 0.080000000000000002
0.16 -5.1326935709915338 0.080000000000000002
0.16 -5.0905273498146473 0.080000000000000002
0.16 -5.048835124482256 0.080000000000000002
0.20000000000000001 -5.1334115784080421 0.080000000000000002
0.20000000000000001 -5.0913954132404307 0.080000000000000002
0.20000000000000001 -5.0498229010597493 0.080000000000000002
0.16 -5.0076313379068775 0.080000000000000002
0.16 -4.9668304055336678 0.080000000000000002
0.20000000000000001 -5.0087107753458655 0.080000000000000002
0.20000000000000001 -4.9679848760600978 0.080000000000000002
0.23999999999999999 -5.1340744101465017 0.080000000000000002
0.23999999999999999 -5.0921730562475167 0.080000000000000002
0.23999999999999999 -5.0506959704202989 0.080000000000000002
0.23999999999999999 -5.0096641766871359 0.080000000000000002
0.23999999999999999 -4.9690232930164298 0.080000000000000002
0.28000000000000003 -5.345539556598605 0.080000000000000002
0.28000000000000003 -5.3035678355922524 0.080000000000000002
0.28000000000000003 -5.2613338323458407 0.080000000000000002
0.28000000000000003 -5.219020803806778 0.080000000000000002
0.28000000000000003 -5.1767517051119452 0.080000000000000002
0.32000000000000001 -5.3456960834946665 0.080000000000000002
0.32000000000000001 -5.3037738960475425 0.080000000000000002
0.32000000000000001 -5.261596117011238 0.080000000000000002
0.32000000000000001 -5.2193441993880878 0.080000000000000002
0.32000000000000001 -5.1771396001725556 0.080000000000000002
0.28000000000000003 -5.1346411682605826 0.080000000000000002
0.28000000000000003 -5.092828653208854 0.080000000000000002
0.28000000000000003 -5.0514315471960609 0.080000000000000002
0.28000000000000003 -5.0104794413707454 0.080000000000000002
0.28000000000000003 -4.969943354089934 0.080000000000000002
0.32000000000000001 -5.1350957117540279 0.080000000000000002
0.32000000000000001 -5.0933521252796128 0.080000000000000002
0.32000000000000001 -5.0520308458101413 0.080000000000000002
0.32000000000000001 -5.0111731875641503 0.080000000000000002
0.32000000000000001 -4.970781360699176 0.080000000000000002
0.16 -5.4690796414009206 0.12
0.20000000000000001 -5.4687150474946158 0.12
0.16 -5.4281346828393486 0.12
0.16 -5.3869785244888666 0.12
0.20000000000000001 -5.4278361527885064 0.12
0.20000000000000001 -5.3867681712560023 0.12
0.23999999999999999 -5.4685682700874922 0.12
0.23999999999999999 -5.4277185503305168 0.12
0.23999999999999999 -5.3867088906169309 0.12
0.28000000000000003 -5.4683986846223158 0.12
0.28000000000000003 -5.4275831032759889 0.12
0.28000000000000003 -5.3866271728772812 0.12
0.32000000000000001 -5.4682239555461551 0.12
0.32000000000000001 -5.4274278426863916 0.12
0.32000000000000001 -5.3865210888567576 0.12
0.16 -5.3453930662187545 0.12
0.16 -5.3033614815296053 0.12
0.16 -5.2610461130843857 0.12
0.20000000000000001 -5.345301330012675 0.12
0.20000000000000001 -5.3034163272529495 0.12
0.20000000000000001 -5.2612656573353851 0.12
0.16 -5.2186334746625764 0.12
0.16 -5.1762527699931766 0.12
0.20000000000000001 -5.219027354998607 0.12
0.20000000000000001 -5.176823548248298 0.12
0.23999999999999999 -5.34532909793095 0.12
0.23999999999999999 -5.3035537681384737 0.12
0.23999999999999999 -5.261524088026226 0.12
0.23999999999999999 -5.2194129411164543 0.12
0.23999999999999999 -5.1773381887340069 0.12
0.16 -5.1340273372368594 0.12
0.16 -5.0921076088613111 0.12
0.16 -5.0506285458015894 0.12
0.20000000000000001 -5.1347694558141113 0.12
0.20000000000000001 -5.0930025607867018 0.12
0.20000000000000001 -5.0516454381370313 0.12
0.16 -5.0096209812029411 0.12
0.16 -4.9690321274653959 0.12
0.20000000000000001 -5.0107274783909981 0.12
0.20000000000000001 -4.9702073039918604 0.12
0.23999999999999999 -5.1354094384287725 0.12
0.23999999999999999 -5.0937546922549037 0.12
0.23999999999999999 -5.0524891253321602 0.12
0.23999999999999999 -5.0116482159909079 0.12
0.23999999999999999 -4.9712106975649526 0.12
0.28000000000000003 -5.3453137119357699 0.12
0.28000000000000003 -5.3036161379966948 0.12
0.28000000000000003 -5.2616716670080921 0.12
0.28000000000000003 -5.2196507612723373 0.12
0.28000000000000003 -5.1776692539078297 0.12
0.32000000000000001 -5.3452598396474551 0.12
0.32000000000000001 -5.3036161629865539 0.12
0.32000000000000001 -5.2617323487730872 0.12
0.32000000000000001 -5.2197790923448402 0.12
0.32000000000000001 -5.177869687231059 0.12
0.28000000000000003 -5.1358327465177993 0.12
0.28000000000000003 -5.0942627079583573 0.12
0.28000000000000003 -5.0530689328543961 0.12
0.28000000000000003 -5.012292765209148 0.12
0.28000000000000003 -4.9719358396891611 0.12
0.32000000000000001 -5.1361067932815363 0.12
0.32000000000000001 -5.0946098499485757 0.12
0.32000000000000001 -5.0534905907712337 0.12
0.32000000000000001 -5.0128019806423048 0.12
0.32000000000000001 -4.972581162938825 0.12
0.16 -5.4685298982024664 0.16
0.20000000000000001 -5.4680826973878069 0.16
0.16 -5.4276795135306557 0.16
0.16 -5.3866439085087858 0.16
0.20000000000000001 -5.4273177613534811 0.16
0.20000000000000001 -5.3863840581155342 0.16
0.23999999999999999 -5.4678090056990349 0.16
0.23999999999999999 -5.4270976688211574 0.16
0.23999999999999999 -5.3862358903868923 0.16
0.16 -5.4679707614553346 0.20000000000000001
0.20000000000000001 -5.4675256812655055 0.20000000000000001
0.16 -5.4271852236494809 0.20000000000000001
0.16 -5.3862278553457852 0.20000000000000001
0.20000000000000001 -5.426830579878386 0.20000000000000001
0.20000000000000001 -5.3859792155331387 0.20000000000000001
0.23999999999999999 -5.4672489240866318 0.20000000000000001
0.23999999999999999 -5.4266065951549836 0.20000000000000001
0.23999999999999999 -5.3858291191128664 0.20000000000000001
0.28000000000000003 -5.4675541147368492 0.16
0.28000000000000003 -5.4268863812739294 0.16
0.28000000000000003 -5.3860845275004845 0.16
0.32000000000000001 -5.4672104967170121 0.16
0.32000000000000001 -5.4265837737388152 0.16
0.32000000000000001 -5.385844271657855 0.16
0.28000000000000003 -5.4669082691052946 0.20000000000000001
0.28000000000000003 -5.426325601442155 0.20000000000000001
0.28000000000000003 -5.3856165769536455 0.20000000000000001
0.32000000000000001 -5.4664815475119255 0.20000000000000001
0.32000000000000001 -5.4259500184369376 0.20000000000000001
0.32000000000000001 -5.3853101231537854 0.20000000000000001
0.16 -5.3452107097005976 0.16
0.16 -5.303360002068918 0.16
0.16 -5.2612413678023016 0.16
0.20000000000000001 -5.3450795482776368 0.16
0.20000000000000001 -5.3033836294192485 0.16
0.20000000000000001 -5.261437285992737 0.16
0.16 -5.219030744402299 0.16
0.16 -5.1768513096755111 0.16
0.20000000000000001 -5.2194078548146052 0.16
0.20000000000000001 -5.177410926508986 0.16
0.23999999999999999 -5.345025263013917 0.16
0.23999999999999999 -5.3034428829111695 0.16
0.23999999999999999 -5.2616206348810843 0.16
0.23999999999999999 -5.2197209239210443 0.16
0.23999999999999999 -5.1778549968405185 0.16
0.16 -5.1348201114047809 0.16
0.16 -5.0930763338442393 0.16
0.16 -5.0517421215798963 0.16
0.20000000000000001 -5.135554775322146 0.16
0.20000000000000001 -5.0939653830450755 0.16
0.20000000000000001 -5.0527513766777226 0.16
0.16 -5.0108503015114563 0.16
0.16 -4.9703621811896062 0.16
0.20000000000000001 -5.0119419561473411 0.16
0.20000000000000001 -4.9715057676552208 0.16
0.23999999999999999 -5.1361248414834915 0.16
0.23999999999999999 -5.0946463498135177 0.16
0.23999999999999999 -5.0535196331980705 0.16
0.23999999999999999 -5.0127777394743296 0.16
0.23999999999999999 -4.9724050572387677 0.16
0.16 -5.3448928859866163 0.20000000000000001
0.16 -5.3031587457463418 0.20000000000000001
0.16 -5.2611677739605565 0.20000000000000001
0.20000000000000001 -5.3447773228517255 0.20000000000000001
0.20000000000000001 -5.3032025803336325 0.20000000000000001
0.20000000000000001 -5.2613885450169375 0.20000000000000001
0.16 -5.2190889191630667 0.20000000000000001
0.16 -5.1770407017036284 0.20000000000000001
0.20000000000000001 -5.2194951989113427 0.20000000000000001
0.20000000000000001 -5.1776329103570067 0.20000000000000001
0.23999999999999999 -5.3447231942116415 0.20000000000000001
0.23999999999999999 -5.3032638756612167 0.20000000000000001
0.23999999999999999 -5.2615758378327371 0.20000000000000001
0.23999999999999999 -5.2198140217379549 0.20000000000000001
0.23999999999999999 -5.1780842296635878 0.20000000000000001
0.16 -5.1351348670255472 0.20000000000000001
0.16 -5.0935021540492986 0.20000000000000001
0.16 -5.0522556890444843 0.20000000000000001
0.20000000000000001 -5.1359042493671163 0.20000000000000001
0.20000000000000001 -5.0944267345962304 0.20000000000000001
0.20000000000000001 -5.0533002551369481 0.20000000000000001
0.16 -5.0114242489871161 0.20000000000000001
0.16 -4.9709720691819825 0.20000000000000001
0.20000000000000001 -5.0125497445364093 0.20000000000000001
0.20000000000000001 -4.9721461759635899 0.20000000000000001
0.23999999999999999 -5.1364825464509805 0.20000000000000001
0.23999999999999999 -5.0951162932699905 0.20000000000000001
0.23999999999999999 -5.0540772329597248 0.20000000000000001
0.23999999999999999 -5.0133944146185607 0.20000000000000001
0.23999999999999999 -4.9730547384644979 0.20000000000000001
0.28000000000000003 -5.3449437712135861 0.16
0.28000000000000003 -5.3034407137004367 0.16
0.28000000000000003 -5.2617044820927097 0.16
0.28000000000000003 -5.2198955836500973 0.16
0.28000000000000003 -5.1781231364439355 0.16
0.32000000000000001 -5.344762159892257 0.16
0.32000000000000001 -5.303315400585034 0.16
0.32000000000000001 -5.2616409772951656 0.16
0.32000000000000001 -5.2199012063324917 0.16
0.32000000000000001 -5.1782028887551554 0.16
0.28000000000000003 -5.1364848328683399 0.16
0.28000000000000003 -5.0950892050335757 0.16
0.28000000000000003 -5.0540308452645091 0.16
0.28000000000000003 -5.0133485762125538 0.16
0.28000000000000003 -4.9730492298600151 0.16
0.32000000000000001 -5.1366404679808051 0.16
0.32000000000000001 -5.0953192855966662 0.16
0.32000000000000001 -5.054334029831721 0.16
0.32000000000000001 -5.0137337555313772 0.16
0.32000000000000001 -4.9735612445927098 0.16
0.28000000000000003 -5.3445842234598508 0.20000000000000001
0.28000000000000003 -5.3032053741279537 0.20000000000000001
0.28000000000000003 -5.2616039200047 0.20000000000000001
0.28000000000000003 -5.2199336038893653 0.20000000000000001
0.28000000000000003 -5.1782980437091073 0.20000000000000001
0.32000000000000001 -5.3443400026619141 0.20000000000000001
0.32000000000000001 -5.3030190812828595 0.20000000000000001
0.32000000000000001 -5.2614801877329844 0.20000000000000001
0.32000000000000001 -5.2198796805169492 0.20000000000000001
0.32000000000000001 -5.1783190119928095 0.20000000000000001
0.28000000000000003 -5.1367887335543863 0.20000000000000001
0.28000000000000003 -5.0955052977928927 0.20000000000000001
0.28000000000000003 -5.0545330636074493 0.20000000000000001
0.28000000000000003 -5.013905233485465 0.20000000000000001
0.28000000000000003 -4.9736289676115177 0.20000000000000001
0.32000000000000001 -5.136886551068395 0.20000000000000001
0.32000000000000001 -5.0956785936178424 0.20000000000000001
0.32000000000000001 -5.054779826223621 0.20000000000000001
0.32000000000000001 -5.0142331109149278 0.20000000000000001
0.32000000000000001 -4.9740811667419873 0.20000000000000001
0 -5.4700458222776698 0.23999999999999999
0 -5.4282620294095825 0.23999999999999999
0 -5.386266152612345 0.23999999999999999
0.040000000000000001 -5.4690766981001913 0.23999999999999999
0.040000000000000001 -5.4277614686827329 0.23999999999999999
0.040000000000000001 -5.3862157172373264 0.23999999999999999
0.080000000000000002 -5.4683801514075778 0.23999999999999999
0.080000000000000002 -5.4273511574825219 0.23999999999999999
0.080000000000000002 -5.3861027004804027 0.23999999999999999
0.12 -5.4678582199468808 0.23999999999999999
0.12 -5.4270067854056077 0.23999999999999999
0.12 -5.3859582007208466 0.23999999999999999
0 -5.3436992442187847 0.23999999999999999
0 -5.3005234052818215 0.23999999999999999
0 -5.2569586782240414 0.23999999999999999
0 -5.2132670106168106 0.23999999999999999
0 -5.1696391224788965 0.23999999999999999
0.040000000000000001 -5.3441730564488887 0.23999999999999999
0.040000000000000001 -5.3016047328692686 0.23999999999999999
0.040000000000000001 -5.2586921978315839 0.23999999999999999
0.040000000000000001 -5.2156615477466284 0.23999999999999999
0.040000000000000001 -5.1726773417324257 0.23999999999999999
0 -5.1262643143717774 0.23999999999999999
0 -5.0833279853425388 0.23999999999999999
0 -5.0408505717033751 0.23999999999999999
0 -4.9985441010746392 0.23999999999999999
0 -4.9558720237570979 0.23999999999999999
0.040000000000000001 -5.1298974364202294 0.23999999999999999
0.040000000000000001 -5.0875003714202354 0.23999999999999999
0.040000000000000001 -5.0455957961262898 0.23999999999999999
0.040000000000000001 -5.0041472032455401 0.23999999999999999
0.040000000000000001 -4.9629565777501128 0.23999999999999999
0.080000000000000002 -5.3444051847803467 0.23999999999999999
0.080000000000000002 -5.3022345361816505 0.23999999999999999
0.080000000000000002 -5.2597546939216695 0.23999999999999999
0.080000000000000002 -5.2171675817620544 0.23999999999999999
0.080000000000000002 -5.1746178169813284 0.23999999999999999
0.12 -5.3445010391461363 0.23999999999999999
0.12 -5.3026137892964318 0.23999999999999999
0.12 -5.2604485360693225 0.23999999999999999
0.12 -5.2181870639811434 0.23999999999999999
0.12 -5.1759580280314816 0.23999999999999999
0.080000000000000002 -5.1322413511948035 0.23999999999999999
0.080000000000000002 -5.0902006549282612 0.23999999999999999
0.080000000000000002 -5.0486202479771549 0.23999999999999999
0.080000000000000002 -5.0075085027376209 0.23999999999999999
0.080000000000000002 -4.9667867799450187 0.23999999999999999
0.12 -5.1338818955124053 0.23999999999999999
0.12 -5.0920983924505023 0.23999999999999999
0.12 -5.0507279836999324 0.23999999999999999
0.12 -5.0097928312764983 0.23999999999999999
0.12 -4.9692441413577528 0.23999999999999999
0 -5.4691747987576056 0.28000000000000003
0 -5.42745397709123 0.28000000000000003
0 -5.3855063404500525 0.28000000000000003
0.040000000000000001 -5.4681947773004582 0.28000000000000003
0.040000000000000001 -5.4269422969607115 0.28000000000000003
0.040000000000000001 -5.3854382257898648 0.28000000000000003
0.080000000000000002 -5.4676293671089988 0.28000000000000003
0.080000000000000002 -5.4266521556979264 0.28000000000000003
0.080000000000000002 -5.385436936673476 0.28000000000000003
0.12 -5.46735784466751 0.28000000000000003
0.12 -5.4265301818397633 0.28000000000000003
0.12 -5.3855009229592019 0.28000000000000003
0 -5.342963992197598 0.28000000000000003
0 -5.2997858080493634 0.28000000000000003
0 -5.2561976286669196 0.28000000000000003
0 -5.2124854507911973 0.28000000000000003
0 -5.1688592569903662 0.28000000000000003
0.040000000000000001 -5.3434188860955922 0.28000000000000003
0.040000000000000001 -5.3008564653789731 0.28000000000000003
0.040000000000000001 -5.2579389461277142 0.28000000000000003
0.040000000000000001 -5.2149062615102855 0.28000000000000003
0.040000000000000001 -5.1719325575908881 0.28000000000000003
0 -5.1255103852826629 0.28000000000000003
0 -5.0826046364463826 0.28000000000000003
0 -5.0401317779614461 0.28000000000000003
0 -4.9977862864633336 0.28000000000000003
0 -4.9550158168282472 0.28000000000000003
0.040000000000000001 -5.1291759016443121 0.28000000000000003
0.040000000000000001 -5.0868013920775379 0.28000000000000003
0.040000000000000001 -5.0448943228168384 0.28000000000000003
0.040000000000000001 -5.003396970346083 0.28000000000000003
0.040000000000000001 -4.9620788147655803 0.28000000000000003
0.080000000000000002 -5.3437601464143256 0.28000000000000003
0.080000000000000002 -5.3016009417140362 0.28000000000000003
0.080000000000000002 -5.2591264896290975 0.28000000000000003
0.080000000000000002 -5.2165462167930574 0.28000000000000003
0.080000000000000002 -5.1740095815376668 0.28000000000000003
0.12 -5.3440602226650809 0.28000000000000003
0.12 -5.3021862052702513 0.28000000000000003
0.12 -5.2600303745623966 0.28000000000000003
0.12 -5.2177781317338674 0.28000000000000003
0.12 -5.1755603358443034 0.28000000000000003
0.080000000000000002 -5.1316511079189713 0.28000000000000003
0.080000000000000002 -5.0896224456633714 0.28000000000000003
0.080000000000000002 -5.0480333054821838 0.28000000000000003
0.080000000000000002 -5.0068754131744049 0.28000000000000003
0.080000000000000002 -4.9660523022666938 0.28000000000000003
0.12 -5.1334959680268488 0.28000000000000003
0.12 -5.0917194489394193 0.28000000000000003
0.12 -5.0503411253671597 0.28000000000000003
0.12 -5.00937560122183 0.28000000000000003
0.12 -4.9687682136850695 0.28000000000000003
0 -5.4688167930767255 0.32000000000000001
0 -5.4270906415994178 0.32000000000000001
0 -5.3851470718109269 0.32000000000000001
0.040000000000000001 -5.4677306855021195 0.32000000000000001
0.040000000000000001 -5.4264742718013155 0.32000000000000001
0.040000000000000001 -5.3849691115419702 0.32000000000000001
0.080000000000000002 -5.4673370145671054 0.32000000000000001
0.080000000000000002 -5.4263263099767762 0.32000000000000001
0.080000000000000002 -5.3850901287139852 0.32000000000000001
0.12 -5.4672180249206468 0.32000000000000001
0.12 -5.4263503402029727 0.32000000000000001
0.12 -5.385292039404515 0.32000000000000001
0 -5.3426000462512588 0.32000000000000001
0 -5.2993920881082204 0.32000000000000001
0 -5.2557446241923023 0.32000000000000001
0 -5.2119704009814534 0.32000000000000001
0 -5.1683041074005613 0.32000000000000001
0.040000000000000001 -5.3429356212114767 0.32000000000000001
0.040000000000000001 -5.3003402782796565 0.32000000000000001
0.040000000000000001 -5.2573726434116503 0.32000000000000001
0.040000000000000001 -5.2142874915565303 0.32000000000000001
0.040000000000000001 -5.1712757634815487 0.32000000000000001
0 -5.1249396719236184 0.32000000000000001
0 -5.0820304491804933 0.32000000000000001
0 -5.0395617747310801 0.32000000000000001
0 -4.9972534175367445 0.32000000000000001
0 -4.9544791876003407 0.32000000000000001
0.040000000000000001 -5.1284978892042377 0.32000000000000001
0.040000000000000001 -5.0861104307734477 0.32000000000000001
0.040000000000000001 -5.0441791674956216 0.32000000000000001
0.040000000000000001 -5.0026138412600814 0.32000000000000001
0.040000000000000001 -4.9611451397718129 0.32000000000000001
0.080000000000000002 -5.3433867911672914 0.32000000000000001
0.080000000000000002 -5.3011887387538863 0.32000000000000001
0.080000000000000002 -5.258664688952436 0.32000000000000001
0.080000000000000002 -5.2160326787887143 0.32000000000000001
0.080000000000000002 -5.17345092649989 0.32000000000000001
0.12 -5.3438184528152393 0.32000000000000001
0.12 -5.3019026715028037 0.32000000000000001
0.12 -5.2596961656173828 0.32000000000000001
0.12 -5.2173896662712247 0.32000000000000001
0.12 -5.175119508682446 0.32000000000000001
0.080000000000000002 -5.1310569073760819 0.32000000000000001
0.080000000000000002 -5.0889961766098981 0.32000000000000001
0.080000000000000002 -5.0473614685047901 0.32000000000000001
0.080000000000000002 -5.0061296656435736 0.32000000000000001
0.080000000000000002 -4.9651810139239485 0.32000000000000001
0.12 -5.1330070787611142 0.32000000000000001
0.12 -5.0911844262390193 0.32000000000000001
0.12 -5.0497524083939034 0.32000000000000001
0.12 -5.0087169105081966 0.32000000000000001
0.12 -4.9680091385086351 0.32000000000000001
0 -5.4694751630459884 0.35999999999999999
0 -5.4276072485589424 0.35999999999999999
0 -5.385602852738133 0.35999999999999999
0.040000000000000001 -5.4681917084523066 0.35999999999999999
0.040000000000000001 -5.4267518177068368 0.35999999999999999
0.040000000000000001 -5.3851482280547458 0.35999999999999999
0.080000000000000002 -5.4677368164091149 0.35999999999999999
0.080000000000000002 -5.4265556922099654 0.35999999999999999
0.080000000000000002 -5.3852091637333572 0.35999999999999999
0.12 -5.4678479088985057 0.35999999999999999
0.12 -5.4267782410136007 0.35999999999999999
0.12 -5.385588914211362 0.35999999999999999
0 -5.3430159600905274 0.35999999999999999
0 -5.2997445914960313 0.35999999999999999
0 -5.255992913211248 0.35999999999999999
0 -5.2120939359174292 0.35999999999999999
0 -5.1683282179402825 0.35999999999999999
0.040000000000000001 -5.3430254249964149 0.35999999999999999
0.040000000000000001 -5.3003218260643337 0.35999999999999999
0.040000000000000001 -5.2572232729120314 0.35999999999999999
0.040000000000000001 -5.2139993144998016 0.35999999999999999
0.040000000000000001 -5.1708659092411997 0.35999999999999999
0 -5.1249067135569852 0.35999999999999999
0 -5.0819773073062091 0.35999999999999999
0 -5.0395208258804658 0.35999999999999999
0 -4.9972270654954611 0.35999999999999999
0 -4.9543737676098809 0.35999999999999999
0.040000000000000001 -5.1279937834790861 0.35999999999999999
0.040000000000000001 -5.0855310253956398 0.35999999999999999
0.040000000000000001 -5.0435216295071399 0.35999999999999999
0.040000000000000001 -5.0018335312172031 0.35999999999999999
0.040000000000000001 -4.9601119369760891 0.35999999999999999
0.080000000000000002 -5.3433988806289392 0.35999999999999999
0.080000000000000002 -5.3010734451810757 0.35999999999999999
0.080000000000000002 -5.2584019214206492 0.35999999999999999
0.080000000000000002 -5.215613980428615 0.35999999999999999
0.080000000000000002 -5.1728857683150622 0.35999999999999999
0.12 -5.3439956873627983 0.35999999999999999
0.12 -5.3019451130468216 0.35999999999999999
0.12 -5.2595843444392552 0.35999999999999999
0.12 -5.2171125134553673 0.35999999999999999
0.12 -5.1746781454106614 0.35999999999999999
0.080000000000000002 -5.1303650261441529 0.35999999999999999
0.080000000000000002 -5.0881930461177154 0.35999999999999999
0.080000000000000002 -5.0464425019881265 0.35999999999999999
0.080000000000000002 -5.0050477647029821 0.35999999999999999
0.080000000000000002 -4.9638023862223593 0.35999999999999999
0.12 -5.1324116845969785 0.35999999999999999
0.12 -5.0904468019016571 0.35999999999999999
0.12 -5.0488715333821252 0.35999999999999999
0.12 -5.0076558713689456 0.35999999999999999
0.12 -4.9666496159671425 0.35999999999999999
0.16 -5.4674639541984442 0.23999999999999999
0.20000000000000001 -5.4671541110339783 0.23999999999999999
0.16 -5.4267230185262703 0.23999999999999999
0.16 -5.3858124311129396 0.23999999999999999
0.20000000000000001 -5.4264862642182061 0.23999999999999999
0.20000000000000001 -5.3856735665077142 0.23999999999999999
0.23999999999999999 -5.4668624791579372 0.23999999999999999
0.23999999999999999 -5.4262574625548927 0.23999999999999999
0.23999999999999999 -5.3855216002981923 0.23999999999999999
0.28000000000000003 -5.4665547220268493 0.23999999999999999
0.28000000000000003 -5.4260036593106191 0.23999999999999999
0.28000000000000003 -5.3853330351600537 0.23999999999999999
0.32000000000000001 -5.4661158821774833 0.23999999999999999
0.32000000000000001 -5.4256192663388116 0.23999999999999999
0.32000000000000001 -5.38501966817359 0.23999999999999999
0.16 -5.3445319553056665 0.23999999999999999
0.16 -5.3028601004362477 0.23999999999999999
0.16 -5.2609360244005758 0.23999999999999999
0.20000000000000001 -5.3445239965135025 0.23999999999999999
0.20000000000000001 -5.3030122606113732 0.23999999999999999
0.20000000000000001 -5.2612670863680702 0.23999999999999999
0.16 -5.2189259289222525 0.23999999999999999
0.16 -5.1769459450327533 0.23999999999999999
0.20000000000000001 -5.2194444031703 0.23999999999999999
0.20000000000000001 -5.1776514128172817 0.23999999999999999
0.23999999999999999 -5.3444681065341939 0.23999999999999999
0.23999999999999999 -5.3030709702395118 0.23999999999999999
0.23999999999999999 -5.2614515209883992 0.23999999999999999
0.23999999999999999 -5.2197608632963108 0.23999999999999999
0.23999999999999999 -5.1781012191541409 0.23999999999999999
0.16 -5.1351043472956865 0.23999999999999999
0.16 -5.093525708345302 0.23999999999999999
0.16 -5.0523163572067888 0.23999999999999999
0.20000000000000001 -5.1359868729613849 0.23999999999999999
0.20000000000000001 -5.0945632839907571 0.23999999999999999
0.20000000000000001 -5.0534767741904716 0.23999999999999999
0.16 -5.0115014315207986 0.23999999999999999
0.16 -4.9710462097474455 0.23999999999999999
0.20000000000000001 -5.0127522426799755 0.23999999999999999
0.20000000000000001 -4.9723665020346166 0.23999999999999999
0.23999999999999999 -5.1365645477708402 0.23999999999999999
0.23999999999999999 -5.0952531411224102 0.23999999999999999
0.23999999999999999 -5.0542547659226145 0.23999999999999999
0.23999999999999999 -5.0135971892592135 0.23999999999999999
0.23999999999999999 -4.9732713851744696 0.23999999999999999
0.28000000000000003 -5.3443510583631806 0.23999999999999999
0.28000000000000003 -5.3030331402038788 0.23999999999999999
0.28000000000000003 -5.2614994876571091 0.23999999999999999
0.28000000000000003 -5.2199001974219383 0.23999999999999999
0.28000000000000003 -5.178335159270067 0.23999999999999999
0.32000000000000001 -5.344099979552654 0.23999999999999999
0.32000000000000001 -5.3028393768295565 0.23999999999999999
0.32000000000000001 -5.2613676596876813 0.23999999999999999
0.32000000000000001 -5.2198380590707423 0.23999999999999999
0.32000000000000001 -5.1783482978793414 0.23999999999999999
0.28000000000000003 -5.136891479367824 0.23999999999999999
0.28000000000000003 -5.0956641941436951 0.23999999999999999
0.28000000000000003 -5.0547354275080716 0.23999999999999999
0.28000000000000003 -5.0141381259971638 0.23999999999999999
0.28000000000000003 -4.9738847067221368 0.23999999999999999
0.32000000000000001 -5.1369822644368384 0.23999999999999999
0.32000000000000001 -5.0958319699067127 0.23999999999999999
0.32000000000000001 -5.0549793296077299 0.23999999999999999
0.32000000000000001 -5.0144671408764943 0.23999999999999999
0.32000000000000001 -4.9743431788834584 0.23999999999999999
0.16 -5.4671325945432772 0.28000000000000003
0.20000000000000001 -5.4669530665169885 0.28000000000000003
0.16 -5.426407031354489 0.28000000000000003
0.16 -5.3855099939769193 0.28000000000000003
0.20000000000000001 -5.4262905396143823 0.28000000000000003
0.20000000000000001 -5.3854840735180209 0.28000000000000003
0.23999999999999999 -5.4667854435790364 0.28000000000000003
0.23999999999999999 -5.4261643371662043 0.28000000000000003
0.23999999999999999 -5.3854217134805547 0.28000000000000003
0.28000000000000003 -5.4664979112109702 0.28000000000000003
0.28000000000000003 -5.4259280862828412 0.28000000000000003
0.28000000000000003 -5.3852454912850645 0.28000000000000003
0.32000000000000001 -5.4660381367217425 0.28000000000000003
0.32000000000000001 -5.4255264246688792 0.28000000000000003
0.32000000000000001 -5.3849147489752953 0.28000000000000003
0.16 -5.3442433167366232 0.28000000000000003
0.16 -5.3025848548018981 0.28000000000000003
0.16 -5.2606717495706761 0.28000000000000003
0.20000000000000001 -5.344343183132346 0.28000000000000003
0.20000000000000001 -5.302842280513083 0.28000000000000003
0.20000000000000001 -5.261107474513941 0.28000000000000003
0.16 -5.2186719924038094 0.28000000000000003
0.16 -5.176701964033037 0.28000000000000003
0.20000000000000001 -5.2192953304709508 0.28000000000000003
0.20000000000000001 -5.1775119328538475 0.28000000000000003
0.23999999999999999 -5.3443681387311859 0.28000000000000003
0.23999999999999999 -5.3029764307454617 0.28000000000000003
0.23999999999999999 -5.2613646272159222 0.28000000000000003
0.23999999999999999 -5.2196837288055136 0.28000000000000003
0.23999999999999999 -5.1780337248778974 0.28000000000000003
0.16 -5.1348682690772609 0.28000000000000003
0.16 -5.0932923004032435 0.28000000000000003
0.16 -5.0520749233421016 0.28000000000000003
0.20000000000000001 -5.1358537239605413 0.28000000000000003
0.20000000000000001 -5.0944316411843449 0.28000000000000003
0.20000000000000001 -5.0533393139757434 0.28000000000000003
0.16 -5.0112393556096109 0.28000000000000003
0.16 -4.9707519332310257 0.28000000000000003
0.20000000000000001 -5.0126029254320619 0.28000000000000003
0.20000000000000001 -4.9722047653166364 0.28000000000000003
0.23999999999999999 -5.1365033903634894 0.28000000000000003
0.23999999999999999 -5.0951946534066099 0.28000000000000003
0.23999999999999999 -5.0541951571079791 0.28000000000000003
0.23999999999999999 -5.013536438598309 0.28000000000000003
0.23999999999999999 -4.9732183109587673 0.28000000000000003
0.28000000000000003 -5.3442570645659409 0.28000000000000003
0.28000000000000003 -5.302938592077223 0.28000000000000003
0.28000000000000003 -5.2614086750214772 0.28000000000000003
0.28000000000000003 -5.219817585436263 0.28000000000000003
0.28000000000000003 -5.1782623275952613 0.28000000000000003
0.32000000000000001 -5.3439849028070681 0.28000000000000003
0.32000000000000001 -5.30271929886315 0.28000000000000003
0.32000000000000001 -5.2612476473265959 0.28000000000000003
0.32000000000000001 -5.219724269249955 0.28000000000000003
0.32000000000000001 -5.1782439165458429 0.28000000000000003
0.28000000000000003 -5.1368260858878987 0.28000000000000003
0.28000000000000003 -5.0956036846017803 0.28000000000000003
0.28000000000000003 -5.0546772988310682 0.28000000000000003
0.28000000000000003 -5.0140831436293336 0.28000000000000003
0.28000000000000003 -4.9738408367233289 0.28000000000000003
0.32000000000000001 -5.1368860696806387 0.28000000000000003
0.32000000000000001 -5.0957425777312979 0.28000000000000003
0.32000000000000001 -5.0548952337736752 0.28000000000000003
0.32000000000000001 -5.0143884122790601 0.28000000000000003
0.32000000000000001 -4.9742732348314691 0.28000000000000003
0.16 -5.467264525497356 0.32000000000000001
0.20000000000000001 -5.4671806469679787 0.32000000000000001
0.16 -5.4264651268017996 0.32000000000000001
0.16 -5.385520771906311 0.32000000000000001
0.20000000000000001 -5.4264386493287882 0.32000000000000001
0.20000000000000001 -5.3855762641257359 0.32000000000000001
0.23999999999999999 -5.4670534329956446 0.32000000000000001
0.23999999999999999 -5.4263451302417911 0.32000000000000001
0.23999999999999999 -5.3855344676550541 0.32000000000000001
0.28000000000000003 -5.4668110001862553 0.32000000000000001
0.28000000000000003 -5.4261356485780441 0.32000000000000001
0.28000000000000003 -5.3853700061277072 0.32000000000000001
0.32000000000000001 -5.4664251902635019 0.32000000000000001
0.32000000000000001 -5.4257823956630631 0.32000000000000001
0.32000000000000001 -5.3850692054925071 0.32000000000000001
0.16 -5.3442119791933127 0.32000000000000001
0.16 -5.3025082640768924 0.32000000000000001
0.16 -5.260543508757924 0.32000000000000001
0.20000000000000001 -5.344384101051852 0.32000000000000001
0.20000000000000001 -5.302831014695716 0.32000000000000001
0.20000000000000001 -5.2610412927072199 0.32000000000000001
0.16 -5.2184881152292988 0.32000000000000001
0.16 -5.1764609425151971 0.32000000000000001
0.20000000000000001 -5.2191730982911171 0.32000000000000001
0.20000000000000001 -5.1773319116504117 0.32000000000000001
0.23999999999999999 -5.3444161337238318 0.32000000000000001
0.23999999999999999 -5.3029605659695935 0.32000000000000001
0.23999999999999999 -5.2612868029400968 0.32000000000000001
0.23999999999999999 -5.2195477537834858 0.32000000000000001
0.23999999999999999 -5.1778405764289124 0.32000000000000001
0.16 -5.1345699790186448 0.32000000000000001
0.16 -5.0929378829448639 0.32000000000000001
0.16 -5.0516640808631159 0.32000000000000001
0.20000000000000001 -5.1356135249650148 0.32000000000000001
0.20000000000000001 -5.0941312196697117 0.32000000000000001
0.20000000000000001 -5.0529805164721839 0.32000000000000001
0.16 -5.01077239494178 0.32000000000000001
0.16 -4.9702257868534003 0.32000000000000001
0.20000000000000001 -5.0121913108587552 0.32000000000000001
0.20000000000000001 -4.971744010382837 0.32000000000000001
0.23999999999999999 -5.1362509414010162 0.32000000000000001
0.23999999999999999 -5.0948831139375272 0.32000000000000001
0.23999999999999999 -5.0538271035606721 0.32000000000000001
0.23999999999999999 -5.0131179835501829 0.32000000000000001
0.23999999999999999 -4.9727505986358 0.32000000000000001
0.28000000000000003 -5.3443011511389091 0.32000000000000001
0.28000000000000003 -5.302904447515532 0.32000000000000001
0.28000000000000003 -5.2613026089857602 0.32000000000000001
0.28000000000000003 -5.219648752334888 0.32000000000000001
0.28000000000000003 -5.1780356442752646 0.32000000000000001
0.32000000000000001 -5.3440416615709889 0.32000000000000001
0.32000000000000001 -5.3026808726028509 0.32000000000000001
0.32000000000000001 -5.261123714493495 0.32000000000000001
0.32000000000000001 -5.2195290548497448 0.32000000000000001
0.32000000000000001 -5.1779864247436294 0.32000000000000001
0.28000000000000003 -5.1365414186918423 0.32000000000000001
0.28000000000000003 -5.0952624536434383 0.32000000000000001
0.28000000000000003 -5.0542832385861596 0.32000000000000001
0.28000000000000003 -5.013641740425018 0.32000000000000001
0.28000000000000003 -4.9733459490313754 0.32000000000000001
0.32000000000000001 -5.1365681673948043 0.32000000000000001
0.32000000000000001 -5.0953671243913981 0.32000000000000001
0.32000000000000001 -5.0544674163439325 0.32000000000000001
0.32000000000000001 -5.0139109039167407 0.32000000000000001
0.32000000000000001 -4.9737238468266085 0.32000000000000001
0.16 -5.4680308188564064 0.35999999999999999
0.20000000000000001 -5.4680447099938094 0.35999999999999999
0.16 -5.427016909466027 0.35999999999999999
0.16 -5.38592951208763 0.35999999999999999
0.20000000000000001 -5.4270649140025231 0.35999999999999999
0.20000000000000001 -5.3860405970992948 0.35999999999999999
0.23999999999999999 -5.4679215734038493 0.35999999999999999
0.23999999999999999 -5.4269573282513166 0.35999999999999999
0.23999999999999999 -5.3859605778807715 0.35999999999999999
0.28000000000000003 -5.4677070153904728 0.35999999999999999
0.28000000000000003 -5.4267404318302903 0.35999999999999999
0.28000000000000003 -5.3857521962214463 0.35999999999999999
0.32000000000000001 -5.4675800168625814 0.35999999999999999
0.32000000000000001 -5.4265644680410778 0.35999999999999999
0.32000000000000001 -5.3855604888559325 0.35999999999999999
0.16 -5.3444890737419568 0.35999999999999999
0.16 -5.3026429377792033 0.35999999999999999
0.16 -5.2605204146994513 0.35999999999999999
0.20000000000000001 -5.344697507839264 0.35999999999999999
0.20000000000000001 -5.3029860967848821 0.35999999999999999
0.20000000000000001 -5.2610311972244901 0.35999999999999999
0.16 -5.2182961423764755 0.35999999999999999
0.16 -5.1760954959090704 0.35999999999999999
0.20000000000000001 -5.2189927912330667 0.35999999999999999
0.20000000000000001 -5.1769762172623039 0.35999999999999999
0.23999999999999999 -5.3446610974799214 0.35999999999999999
0.23999999999999999 -5.3030181060494215 0.35999999999999999
0.23999999999999999 -5.2611598329882812 0.35999999999999999
0.23999999999999999 -5.2192446751572827 0.35999999999999999
0.23999999999999999 -5.1773638750698563 0.35999999999999999
0.16 -5.1340316345195287 0.35999999999999999
0.16 -5.0922323417890905 0.35999999999999999
0.16 -5.0507910069581667 0.35999999999999999
0.20000000000000001 -5.1350764060009588 0.35999999999999999
0.20000000000000001 -5.0934130996827589 0.35999999999999999
0.20000000000000001 -5.0520812910054813 0.35999999999999999
0.16 -5.0096982980194049 0.35999999999999999
0.16 -4.9688306649358243 0.35999999999999999
0.20000000000000001 -5.0110801322792815 0.35999999999999999
0.20000000000000001 -4.9702950115759315 0.35999999999999999
0.23999999999999999 -5.1355945774692042 0.35999999999999999
0.23999999999999999 -5.0940427484530852 0.35999999999999999
0.23999999999999999 -5.0527977198219851 0.35999999999999999
0.23999999999999999 -5.0118618987160195 0.35999999999999999
0.23999999999999999 -4.9711209672753478 0.35999999999999999
0.28000000000000003 -5.3444597004167909 0.35999999999999999
0.28000000000000003 -5.3028324968462854 0.35999999999999999
0.28000000000000003 -5.2610136919537043 0.35999999999999999
0.28000000000000003 -5.2191674836551254 0.35999999999999999
0.28000000000000003 -5.1773760501337636 0.35999999999999999
0.32000000000000001 -5.344248651724846 0.35999999999999999
0.32000000000000001 -5.3025945552365998 0.35999999999999999
0.32000000000000001 -5.2607651552804988 0.35999999999999999
0.32000000000000001 -5.2189382208561259 0.35999999999999999
0.32000000000000001 -5.1771891540208497 0.35999999999999999
0.28000000000000003 -5.1357011666382633 0.35999999999999999
0.28000000000000003 -5.0942354314413052 0.35999999999999999
0.28000000000000003 -5.0530567706397003 0.35999999999999999
0.28000000000000003 -5.012159808369737 0.35999999999999999
0.28000000000000003 -4.9714165134970081 0.35999999999999999
0.32000000000000001 -5.1355672556446255 0.35999999999999999
0.32000000000000001 -5.0941570049361085 0.35999999999999999
0.32000000000000001 -5.0530264973049679 0.35999999999999999
0.32000000000000001 -5.0121492948752646 0.35999999999999999
0.32000000000000001 -4.9713742598199184 0.35999999999999999
0.49182003562028842 0.64000000000000001 0.26089300545165328
0.33623810195298665 0.24900907834014985 -0.040000000000000001
-0.040000000000000001 0.54469218529285723 0.39677275683397684
-0.040000000000000001 0.011266098865829721 0.059721588993325692
0.26836876479533756 0.46138189989946349 -0.040000000000000001
1.04 0.15964818328895758 0.098775521922058879
0.77733967547228722 0.012928496770414032 0.44
0.89231729063953225 0.12479180722875327 -0.040000000000000001
0.76744305157094461 0.32469916807353355 0.44
1.04 0.1796319929177298 0.037505748879774897
0.68041443125244339 0.55433064847955771 -0.040000000000000001
-0.040000000000000001 0.23708403913395057 0.18027251580145565
0.76609811173663478 0.64000000000000001 0.17684459894829774
-0.040000000000000001 0.16734210876871605 0.20594227560888814
0.73768282393674589 0.35540370435659319 -0.040000000000000001
-0.040000000000000001 0.57180279007200541 0.37050957607402341
0.90869847292548556 0.64000000000000001 0.22909258246460662
0.4870476851626736 0.095815311232761435 0.44
0.16415331398500632 0.59963202185232023 0.44
0.85440265993231856 -0.040000000000000001 0.30589537531894434
-0.040000000000000001 0.083863526659370885 0.30584805222920686
0.26157627010815865 -0.040000000000000001 0.26878366130296916
0.13964579358228291 0.64000000000000001 0.15523221170222043
0.40014276762529266 0.64000000000000001 0.39393312161224908
0.80225942905706216 0.42377929972512374 0.44
0.40136983048526376 0.30607125286378878 0.44
1.04 0.2806035906151762 0.21304980083628938
1.04 0.44723639432813111 0.18161769117967827
0.63314356453420007 0.64000000000000001 0.3971892745740957
0.23718901871649911 0.64000000000000001 0.3844117242166798
0.15477817030461738 0.64000000000000001 0.32668455585292216
0.52641233391779163 0.47463169038612563 0.44
-0.040000000000000001 0.36162093085463065 0.19566364137817227
0.65180402308376761 0.57987882663049994 -0.040000000000000001
0.11102368562823584 0.086747391026711557 0.44
0.47214155504293553 -0.040000000000000001 0.300636341239575
0.93444693957693648 0.64000000000000001 0.25548728766472911
1.04 0.2490094749335241 0.17743750015093929
0.40582154417959104 0.58467016299680752 0.44
0.89782697398309774 0.31828275771697295 0.44
0.13995947244457119 0.25564852139806943 0.44
0.88974734886365936 0.089298785693284768 0.44
0.17336420624808002 0.3501644395231801 0.44
0.24483161818746979 0.28408961186884812 0.44
0.74705728299757446 0.64000000000000001 0.25105926097417247
0.78698984553095686 0.07647573082371284 -0.040000000000000001
0.11769803576672733 0.64000000000000001 0.31089064161943158
0.68955863654431127 -0.040000000000000001 0.036601889360335309
0.58218406004717183 0.64000000000000001 0.22069257157759417
0.40629524354800817 0.40384305635618445 -0.040000000000000001
0.20336733554690989 0.20244220894081155 -0.040000000000000001
0.96606544647619508 0.64000000000000001 0.098121446971290063
0.070203222797038611 -0.040000000000000001 0.32631906755679274
0.10306035801007285 0.20069997714233903 0.44
-0.040000000000000001 0.48701087627184869 0.045627408843417164
0.94821011546012735 -0.040000000000000001 0.036674322978906049
0.95605456970980252 0.25387767178483561 -0.040000000000000001
0.2240616510663993 0.058472038623147427 -0.040000000000000001
0.93662237221951095 -0.040000000000000001 0.019197041772056524
0.35704315537784104 0.22098201308559556 -0.040000000000000001
0.28902673185210592 -0.040000000000000001 0.1079311906598389
0.65127101860988934 0.014818330119134981 0.44
0.0086362091653011674 0.19061237541134807 0.44
0.46768957770900832 0.64000000000000001 0.25521933621016168
0.52414344382388478 0.26782867049217174 -0.040000000000000001
1.04 0.096015150442311348 0.020433947193319257
0.084123464301966044 0.41410896774744588 0.44
0.0080746747485728187 -0.040000000000000001 0.2684188296569695
0.084544539903326332 0.64000000000000001 0.061811198909380416
1.04 0.0093822913620263959 0.33119871870872142
0.44913365997283206 -0.040000000000000001 0.22391318372264191
0.89045733903039992 -0.040000000000000001 0.089560833578798016
0.51045482975792744 -0.040000000000000001 0.33203759789437226
0.3866112575798637 0.14275740009534649 0.44
1.04 0.23880093673717817 0.24747684469513517
1.04 0.32551518667041329 0.0036608321210467756
0.26972137370945304 -0.040000000000000001 0.39811190143518971
0.885679012265012 0.34707629009866586 -0.040000000000000001
0.30874768029575728 -0.040000000000000001 0.36343018713353559
0.94970648236296173 0.30558255940359225 0.44
0.85861455571838663 0.28118151832474819 -0.040000000000000001
0.66071726097588335 0.44072210419465513 -0.040000000000000001
0.43031875012027543 0.51053224976255784 -0.040000000000000001
1.04 0.14156318414173574 0.26386918298511092
0.054867959518374754 -0.040000000000000001 0.36569756301747586
0.66568445101720641 0.49295629140012198 -0.040000000000000001
1.04 0.043933983782602826 0.32074418727982779
-0.040000000000000001 0.40164727356127711 0.33799147807726904
0.88423121032387086 0.64000000000000001 0.11776122401188856
1.04 0.38842451421047008 0.35613515889649827
1.04 0.16705653782233909 0.32646458830495029
-0.040000000000000001 0.39735053644593643 0.12677716736707062
1.04 0.53313853992357141 0.36630239213744986
0.68443898148035087 0.64000000000000001 0.22961558556033906
0.7915053732621572 0.15552635721544272 -0.040000000000000001
0.37922993004323924 -0.040000000000000001 0.3712844703709321
0.62081772252775136 0.21972920950282654 -0.040000000000000001
0.72124517325870974 0.20666416998497411 -0.040000000000000001
1.04 0.20851716211294336 0.18112209804912496
0.24818818589472003 0.27394712372588303 -0.040000000000000001
0.63713185292088093 0.24984907772073275 0.44
0.93947454673148056 -0.040000000000000001 0.25886637457073636
1.04 0.32195725477002135 0.16405958484738159
-0.040000000000000001 0.35882312392285043 0.27447968673210388
0.83387719924716719 0.10113002866797771 -0.040000000000000001
0.52189473860772762 0.19688765508724779 0.44
-0.040000000000000001 0.016474249938040409 0.34124938254991477
-0.040000000000000001 0.0029560129853462456 0.095298838357622484
0.94798645130982628 0.37608706921082236 -0.040000000000000001
0.42178387835039755 0.041732528151633107 0.44
1.04 0.28160321159930796 0.044456257443146942
0.10316106678191272 -0.040000000000000001 0.15872672259448384
0.57550423048734289 0.64000000000000001 0.09970923502657808
0.18356449070428205 -0.040000000000000001 0.025610712267498937
0.27934758129249138 0.57610250186086609 0.44
0.27672830139940796 -0.040000000000000001 0.33654477664843535
1.04 0.45705250873951248 0.35175862528565038
0.2280902522021464 0.13139605116603417 0.44
0.17456506810729044 0.15268784287509396 -0.040000000000000001
0.062467078863142178 0.22741155998385798 -0.040000000000000001
0.44675946305200587 0.64000000000000001 0.007346284210543264
0.41528900269412639 0.29956240221960562 -0.040000000000000001
0.33088568789377593 -0.040000000000000001 0.032827986940646883
0.0041198281943078952 0.15849544592684672 -0.040000000000000001
0.73717429602807272 0.2211342996903142 0.44
0.97762860127456674 0.57062577727655173 0.44
0.98213364759236532 0.22382137680168757 -0.040000000000000001
0.6874409140702451 0.22920155605308279 0.44
0.080341994872850098 0.081880928946512332 -0.040000000000000001
0.57185923249731729 0.38951734706807317 0.44
0.11074127892211449 0.5863017378488794 -0.040000000000000001
0.49207843198311574 0.64000000000000001 0.38779616100393566
1.04 0.35650771787737967 0.2033696844380693
0.14369255166394368 0.2796881361133704 0.44
0.81569889711152821 0.21136653404536454 0.44
0.67148749287407383 0.027131355652549493 0.44
0.23873197225126963 0.64000000000000001 0.025130475618754523
-0.040000000000000001 0.51137872360649961 0.26029894160410633
0.37391837824376251 0.22860377426770917 0.44
1.04 0.45211965641761387 0.034929743702666993
-0.040000000000000001 0.056771904441353625 0.12617255141062433
0.68632145656949828 0.64000000000000001 0.20328532775737573
0.17874257240087899 0.21530812467427068 0.44
0.83773380003524778 0.64000000000000001 0.018398916874403693
-0.040000000000000001 0.26099572721159525 0.33311013162349723
0.3249856908149964 0.39325927648427284 0.44
0.13683620594658719 -0.040000000000000001 0.15691740588553116
0.043223172871226123 0.64000000000000001 0.32313253106214873
0.25655143855833396 0.024098022309083755 -0.040000000000000001
0.54249558658455421 0.4182762626592631 -0.040000000000000001
1.04 0.31250989011565089 0.11734649753301905
0.42422173081607384 -0.040000000000000001 0.078672168397860273
0.72269382319744069 0.64000000000000001 0.26551758028105593
0.47485019025949926 -0.040000000000000001 0.15798947648846773
0.83373096006407754 -0.040000000000000001 0.1749301420872692
0.44933068463670423 -0.040000000000000001 0.29091398106945376
1.04 0.34007101077109864 0.34692034719873371
0.5496507390804779 0.59497860203921737 -0.040000000000000001
0.098818123610171171 0.57023726806736308 0.44
0.56992039088243385 0.03916613620771614 -0.040000000000000001
0.55283998731729134 0.64000000000000001 0.062900586094738739
0.99523955710085243 0.64000000000000001 0.19919478420427039
0.30249978369252195 0.34215294535738883 0.44
1.04 0.4153788860790783 0.21106629729634388
0.26429476517189865 0.17714475297749577 0.44
0.19923613832933318 0.1335648646440325 -0.040000000000000001
0.60236290380447977 0.64000000000000001 0.10821339635893774
0.9032266093881085 0.44485334822613337 -0.040000000000000001
0.1803932451158643 0.64000000000000001 0.29820770948436159
1.04 0.50360999379457161 0.088490287716220029
1.04 0.34301845625378541 0.068640872448007387
0.7535901442281856 0.58457671117080356 -0.040000000000000001
0.94484419278147525 0.64000000000000001 0.3539547783724169
0.15790537898344004 0.17143393361127707 -0.040000000000000001
-0.040000000000000001 0.27872593604116574 0.17343557729333978
0.21764153820011978 0.64000000000000001 0.1140455538457289
0.99174489294793455 0.066316079644002546 -0.040000000000000001
-0.040000000000000001 0.59240643931965364 0.39132701051043295
0.29620757236084005 0.45424367183502956 0.44
1.04 0.098985216955216671 0.21818858092472324
0.94943080477311059 0.13229854217444234 0.44
0.97230937104426252 0.10594019734115734 0.44
0.12555747591095101 0.0087670113233840885 -0.040000000000000001
0.75022534117663553 0.16767633172959776 0.44
0.94242508998214092 0.2326832762413521 0.44
0.65254955220601485 -0.040000000000000001 0.12383075055686805
1.04 0.20474505198633608 0.30637907456754188
-0.040000000000000001 0.16927287231024613 0.26914567755552543
0.99133550629723055 0.33192360037824181 -0.040000000000000001
1.04 0.56378035686391637 0.12720892545231849
0.57520932688201298 0.18455199400321587 0.44
0.22769122278762266 0.53449368597875146 0.44
0.10550520156020027 0.16008853413752239 -0.040000000000000001
0.5723179079542482 0.64000000000000001 0.25780254532199276
0.21916604161578568 0.033750753033691461 -0.040000000000000001
0.84264534193271823 0.10859517300768397 0.44
0.66062453087045059 0.22034152856056183 0.44
1.04 0.53881854105802351 0.29508467718575659
0.012427496466847598 -0.040000000000000001 0.36056158636589852
0.99161348489528645 -0.040000000000000001 0.25959536891190516
0.53300512298413427 0.50590739554120712 -0.040000000000000001
-0.040000000000000001 0.23147175977645279 0.037265057044280472
0.36017375461270229 0.32809647002933545 0.44
0.24692800676744897 -0.040000000000000001 0.11799514648807637
0.95514471391726752 0.16782601821114201 -0.040000000000000001
0.50698607415975061 -0.040000000000000001 0.069256249664122693
0.53346330320741231 0.57841036972818904 0.44
0.89499034332520799 0.64000000000000001 0.1751624021018553
1.04 0.12183456619060246 0.11152513952041626
0.25072863023101055 0.52688369203481422 -0.040000000000000001
1.04 0.0042193267626321473 0.018825710471595737
0.0061600322792020323 -0.040000000000000001 0.08706914355550853
0.63005046948348153 -0.040000000000000001 0.13456454197374801
0.53118140231174504 -0.040000000000000001 0.012365681232348403
0.40313706679484285 0.64000000000000001 0.032632572897670853
0.022718933780937256 0.64000000000000001 0.024016503024949287
0.91790610546896578 -0.040000000000000001 0.11180417959988437
-0.040000000000000001 0.42151974498840955 0.031154840439613321
0.10376352974139824 0.64000000000000001 0.14656628172331021
0.34662089860548262 0.36539425258650182 0.44
0.93246826518349069 0.41325168690169356 -0.040000000000000001
0.4947289217092119 -0.040000000000000001 0.26337276772901863
0.2776297710640413 0.099685379253012171 0.44
0.80715440453067744 0.53594228316847381 -0.040000000000000001
0.049086610721814194 -0.040000000000000001 0.34578138475499276
0.91458711397023651 0.35471516262928343 0.44
0.91636336388518536 0.04045593558863092 -0.040000000000000001
0.71441297895052047 -0.040000000000000001 0.30286701441666525
1.04 0.45320156732319428 0.10082813931232598
0.72595608865342165 -0.040000000000000001 0.18603939218939322
0.69192354540403844 0.40186861961945719 -0.040000000000000001
0.64870333056262064 0.118921226644911 0.44
0.16569354012449022 0.64000000000000001 0.17035831835087409
1.04 0.35024217557695392 0.15073531225372958
0.30546678025143204 -0.040000000000000001 0.086448197125389162
0.83963765908452281 0.64000000000000001 0.28878876962838324
0.058238214787464937 0.42369888676656836 0.44
0.13901450814177729 0.13092321155570233 0.44
1.04 0.30947739952846459 0.23875862563697173
0.53535392408702442 0.57860929240298331 -0.040000000000000001
0.35009677538163819 -0.040000000000000001 0.26471121540768361
0.83825903247708089 -0.040000000000000001 0.21175095175604006
0.72025300617903043 0.64000000000000001 0.064927457459257765
0.36478742035830258 0.5022626985458668 -0.040000000000000001
0.5815286119046521 0.48035081789793826 -0.040000000000000001
0.49716008592188543 0.44846268297186387 -0.040000000000000001
0.63930080303584824 0.45010053022754459 0.44
0.38252904965642753 0.52327775366351637 -0.040000000000000001
0.094662996097748975 0.33748237828211036 -0.040000000000000001
0.18661772157622847 0.55889398271953039 0.44
0.36144009058668192 0.51377801046201654 0.44
0.033907747642783037 0.0098247019243226097 0.44
0.45908294097829871 -0.040000000000000001 0.0053870159705520677
0.43164437452278226 0.41612318202019094 0.44
0.8694373989183013 0.26093547986619903 -0.040000000000000001
0.89266437619666872 0.64000000000000001 0.020975585969072966
-0.040000000000000001 0.15847364673941916 0.051547682620400485
0.78509831000727781 0.2058963563769422 -0.040000000000000001
0.92534213601010606 0.13147601898210548 -0.040000000000000001
1.04 0.58129080382569276 0.24828825960418086
0.99857572344165368 0.64000000000000001 0.053215856059621737
0.99471105692372741 -0.040000000000000001 0.20716575038450041
1.04 0.33066792282366236 0.22481327601657594
0.71668971290675054 0.55554511113285254 -0.040000000000000001
1.04 0.010332429385969899 0.36928677313092528
0.3928898542518362 -0.040000000000000001 0.25130622953307646
0.69671266923768227 0.64000000000000001 0.07018988284081891
0.22047611616578855 0.64000000000000001 0.13807894291165845
0.69413913381076919 0.18161026936402336 -0.040000000000000001
0.43599288537647485 0.53466442653969992 -0.040000000000000001
0.70455820657957924 0.11014107143146554 0.44
0.36163715425171894 -0.040000000000000001 0.055855504339014456
0.089011669898924617 0.49057428692490757 0.44
0.51544298450947423 -0.040000000000000001 0.221788848173745
0.58378766098571433 -0.040000000000000001 0.17375115651573655
0.6009016825939314 -0.040000000000000001 0.28153591385183319
0.55762501083934357 0.0063226529703886755 0.44
0.15266385122894088 -0.040000000000000001 0.22375303766759874
1.04 0.037879678173991849 0.36554360668998281
0.96393955897844452 0.64000000000000001 0.39092932907175082
0.59726684646286632 0.063686281510401538 0.44
-0.040000000000000001 0.20177846676655908 0.32804821223768199
0.13946544077145073 0.011890863253287009 0.44
0.90234260832975344 0.64000000000000001 0.26828546212211984
0.46933997571460373 0.17506055091093997 0.44
0.95534207474619326 0.58182410550803287 -0.040000000000000001
1.04 0.42245835481753091 0.36103349937966878
0.31192436485380981 0.51070266058336489 0.44
-0.040000000000000001 0.41362972252854779 0.14239361824657168
0.04749685619740418 0.277249051299085 0.44
0.90311558382513135 0.40972990577932045 -0.040000000000000001
0.94599868730150105 -0.040000000000000001 0.15308276934710474
0.93401885284798669 0.25419184023363789 0.44
0.021366198104945777 -0.040000000000000001 0.38192877032625816
0.8321689144992791 0.062204695079538519 -0.040000000000000001
0.22554380441167265 0.25643122840967736 -0.040000000000000001
0.61133482095374558 0.64000000000000001 0.069224984376081933
0.59805054439625349 0.35141367610603086 0.44
0.89287023600370719 -0.040000000000000001 0.2203148255172053
0.96438974571359359 0.64000000000000001 0.035621314980060735
0.51712169436239586 -0.040000000000000001 0.12452297226714114
0.35711979646696967 0.64000000000000001 0.32318943320532595
-0.040000000000000001 0.35403421895728016 0.012807440896118294
0.37305363143122272 0.64000000000000001 0.17983124979636536
0.29291962819764905 0.38981343679410363 0.44
0.033196156183259107 0.58371634152848217 0.44
0.59866188242789165 0.14226532175839318 -0.040000000000000001
-0.040000000000000001 0.40363467612882103 0.29212157516024273
-0.040000000000000001 0.16866733370265763 0.076588618521331503
0.76873802408567105 0.64000000000000001 0.22305477819815656
0.76104843277643042 0.25254829741088092 -0.040000000000000001
0.68248984393126444 0.36394147920055347 0.44
0.09283990438338019 0.35939025850339634 -0.040000000000000001
0.45473390072010755 0.11838244582188244 0.44
-0.040000000000000001 0.2534421101886466 0.25647901035218124
0.59200786016407847 0.36817803229310275 -0.040000000000000001
0.67286675780781313 0.34427153681811373 -0.040000000000000001
0.24031482795042769 0.64000000000000001 0.21166882896246794
0.58934371501932636 0.0067753232036541263 0.44
0.17955342448661271 -0.040000000000000001 0.090000397354622674
0.16062060469799933 0.34964776427930749 -0.040000000000000001
0.49949801111715386 0.073804287594674292 0.44
0.46551460344090934 0.54306091013350066 0.44
1.04 0.49705327320410347 0.048675216803010679
0.92205956179488835 0.3848152528765752 0.44
0.1418979048018072 0.64000000000000001 0.060083874715121943
-0.040000000000000001 0.35849814663031421 0.16230142766166245
0.015115803581189358 0.2444711357461968 0.44
0.23658467271381545 0.46665765880241139 -0.040000000000000001
0.90279193241701861 0.64000000000000001 0.14821343364037773
0.17205224972023336 0.32075947843653863 -0.040000000000000001
0.47231242224867265 0.44364259528468908 -0.040000000000000001
0.77766709813582968 -0.040000000000000001 0.27692476482774186
0.10935425791277154 0.052311748474291986 -0.040000000000000001
-0.040000000000000001 0.25667753393955622 0.30805529683370936
0.99461279119549539 0.26003630635917091 0.44
0.40917077956598491 0.0067572298473433934 -0.040000000000000001
1.04 0.42239439082142755 0.14659529068274524
0.12820904830396274 -0.040000000000000001 0.11190059421238918
0.60962359688115497 0.53958336314056277 0.44
0.016448642874810182 0.13564679453074119 -0.040000000000000001
0.54039565297464809 0.3038527723346594 -0.040000000000000001
0.81494953879496757 0.42771198189547066 -0.040000000000000001
0.82362531436446929 -0.040000000000000001 0.054227739275919264
0.5554594989418572 0.33354134997001761 0.44
0.60969624861882832 0.19981738326644261 0.44
0.44694145846530642 -0.040000000000000001 0.31888907186626686
-0.040000000000000001 0.03928332288202134 0.15300576140407954
0.18551435517460313 0.10658657283548728 -0.040000000000000001
1.04 0.14811242705521854 0.18017999340093485
-0.040000000000000001 0.53149756891858257 0.21752328656052469
0.042304993797434243 0.64000000000000001 0.00015123395286016362
0.80095979319222654 0.28673794308329154 -0.040000000000000001
0.22297760760016605 0.39673681970245955 0.44
0.55409574444989129 -0.040000000000000001 0.29696933432267147
0.93230249128938136 0.64000000000000001 0.31997757630554907
0.15238918309350891 0.64000000000000001 0.23152328976824568
0.96676209257892642 0.039326748910925469 -0.040000000000000001
0.84684438565689302 0.64000000000000001 0.35132282306456408
0.64507658685798375 0.64000000000000001 0.032063290840528856
0.39336881490390552 0.29286415775417507 -0.040000000000000001
0.53020999689154069 0.55133893626580299 -0.040000000000000001
0.59693048630412004 -0.040000000000000001 0.054377654489282494
0.98071557785497943 -0.040000000000000001 0.28274306233412083
0.81534868035273678 0.050144918929384774 -0.040000000000000001
1.04 0.14407413285783671 0.032796712842454535
0.11704363236284221 -0.040000000000000001 0.28951779645254772
-0.040000000000000001 0.057234727649160107 0.21010037284203667
0.39092999068360301 0.44869740098486621 0.44
1.04 0.56434438847701773 0.34365702783273566
0.12727363891942911 0.32903785237754757 -0.040000000000000001
-0.040000000000000001 0.59249577357885475 0.031373327619431547
0.57841345288685464 0.42542934435718299 -0.040000000000000001
1.04 0.10760633888365939 0.35255814995488682
0.64176326812049056 0.039850722002939043 0.44
1.04 0.53296492664899731 0.14783623858938139
0.1675628448672386 0.64000000000000001 0.0012643376225266679
0.93160485240169566 0.16504752542743972 -0.040000000000000001
0.26529120109530779 0.64000000000000001 0.039568360133807892
0.34326102707971196 0.64000000000000001 0.20818298415581482
0.076294840905052341 0.22518600545013309 0.44
0.22876518211478047 0.39954337420209046 -0.040000000000000001
0.83671657067835981 0.34758446659759645 -0.040000000000000001
-0.040000000000000001 0.57028593098403946 0.037630977262387066
0.51769978131022187 0.2350461409275113 0.44
0.85476835662376449 0.23994444713688201 0.44
0.38832543027640787 0.64000000000000001 0.36986751622775199
0.94717393128813621 0.14492176400862933 -0.040000000000000001
0.23424636703476998 -0.040000000000000001 0.19072334651579778
0.51712300547739853 0.64000000000000001 0.33443018370190125
0.081721432951404216 0.069523958657830204 0.44
0.55162259900348332 0.027688023902267368 0.44
0.65185216853869399 0.64000000000000001 0.28653094168016296
0.2808274677249738 0.51892680481052345 -0.040000000000000001
0.76360017604695185 0.41657832407697626 0.44
0.68389749701290026 -0.040000000000000001 0.25726355256455702
0.013949826634577556 0.101745458360125 -0.040000000000000001
0.38126377525509736 0.13517983431991254 -0.040000000000000001
0.16425769579525473 0.64000000000000001 0.084088943497906521
0.17021470479547973 0.44980225300665089 -0.040000000000000001
1.04 0.28584285631616074 0.36960460753597141
0.337429281437161 0.64000000000000001 0.33126809326748441
0.53953685923140127 0.17189466424178579 0.44
0.46349627264015492 0.64000000000000001 0.11338219943627457
0.85275791708367366 -0.040000000000000001 0.27141096768356376
0.53723338946110122 -0.040000000000000001 0.33141716238106605
0.24596745344247495 0.04792393451789001 -0.040000000000000001
-0.040000000000000001 0.14552975412240715 0.020113787597333802
0.85780057180878 0.42085090358998356 -0.040000000000000001
0.69647716730671105 0.64000000000000001 0.1348388563382831
0.0096707676235617823 0.64000000000000001 0.12239462589849825
0.13779252808827758 0.43058491815698852 0.44
0.82481188793280247 0.069498715681370629 0.44
0.36351997447604012 0.13969960896613484 0.44
1.04 0.24106695279306034 0.084806279115025168
0.046922176180022257 0.54216309269022112 0.44
-0.040000000000000001 0.45920101283982906 0.08172062044053599
0.28485114862343053 0.64000000000000001 0.10141880129842794
0.97095797874307643 0.64000000000000001 0.37156609535726282
-0.040000000000000001 0.082208782830153551 0.15260446694622609
0.10475231537225937 0.12536034729588019 -0.040000000000000001
0.33531162379032664 0.64000000000000001 0.14600410458407859
0.35327653946318871 0.39895564817619067 -0.040000000000000001
0.85873315606372447 0.4653206947017855 0.44
0.084440281747188539 0.40679674388932596 -0.040000000000000001
0.90643220627308885 0.045966452231410826 0.44
0.90642175164299099 0.37075250090084366 -0.040000000000000001
0.29265426543739481 0.36790291322853802 -0.040000000000000001
0.24533020430240549 -0.040000000000000001 0.25370941176478456
0.54229295028670021 0.12129175859054275 -0.040000000000000001
0.38259020142545441 -0.040000000000000001 0.21085545884777945
0.87240478239991304 0.15973855276895904 -0.040000000000000001
0.51167716531474539 0.56701631434973498 -0.040000000000000001
0.64532745934571378 0.39589794134892814 0.44
0.1372363321351926 0.027214539618418909 -0.040000000000000001
0.058152578981267244 0.53992143149525629 -0.040000000000000001
0.086603381389404599 0.1565620816775426 0.44
0.66514973507753339 0.14963417937618217 0.44
0.76181515596885052 0.12553320634350926 0.44
0.06476367518459436 0.18719810172574636 0.44
0.071293249062208131 0.64000000000000001 0.21417880181991161
0.29601264106254255 0.64000000000000001 0.39081338389304521
0.92683847715946333 0.043857575824115737 0.44
0.067185951007242339 0.64000000000000001 0.38091044991943601
0.53314235602655913 0.36349708756020066 0.44
0.91845138137672444 0.13818888389040868 0.44
0.49709095743230047 0.22218220043850198 0.44
0.096891740670528193 0.24478941633166273 0.44
0.84991715206743423 0.023177958655910814 0.44
1.04 0.31539988021596338 0.36699889369693933
0.67656805958224198 -0.040000000000000001 0.16312815088258636
0.90929610553943307 0.64000000000000001 0.055131413822569676
0.3598899234783518 -0.040000000000000001 0.14513741583277714
0.75351432326704615 0.64000000000000001 0.28546512762880299
1.04 0.14550595495732022 0.22676614870187933
0.14976141474642413 0.23330727522276196 -0.040000000000000001
-0.040000000000000001 0.31945457927915566 0.24893161356876431
0.74861087953519467 0.64000000000000001 0.21668540809654388
1.04 0.48045258872838914 0.27628663400158365
0.984537746834525 0.35995895103785425 0.44
0.44783754607759108 0.2535317036564293 0.44
0.89526296203607758 0.64000000000000001 0.094469704085465844
0.064370364854142825 0.64000000000000001 0.17857807201768749
0.086180084503385657 0.28669212392123999 -0.040000000000000001
1.04 0.017534916022098002 0.063547873030049606
0.32249030082023133 -0.040000000000000001 0.39101448138606143
0.51869050974956854 0.26362864616999016 0.44
0.4515716152273237 0.14008437750614122 -0.040000000000000001
0.39098013012698007 0.34472054570785998 -0.040000000000000001
0.97874714892930648 0.20322780145884253 0.44
-0.040000000000000001 0.050521755904156369 0.23729901949907686
0.91306435323546864 -0.040000000000000001 0.3321214804954547
0.7106253602471283 0.44298503707667836 -0.040000000000000001
0.43940382988556115 0.38883626332659094 -0.040000000000000001
0.61917862695108661 -0.040000000000000001 0.34545940828090588
0.99671335425974994 0.44209433048148417 -0.040000000000000001
0.85689245906717371 0.64000000000000001 0.13648229189521999
-0.040000000000000001 0.59446504292674507 0.18433545961644582
0.27871262016262954 0.063402805957973318 -0.040000000000000001
0.72128836678093078 -0.040000000000000001 0.26808898438060169
0.46502902835232274 0.056186340648048547 0.44
0.71207482647939002 0.065059294018027347 -0.040000000000000001
0.86799868008691439 0.20827089235147428 -0.040000000000000001
0.3920449319554109 0.64000000000000001 0.081608226404761022
0.86072849431742937 0.56147010274833353 0.44
0.35340365097167625 0.080970360651157411 0.44
0.88152697950116987 0.43739044344153111 -0.040000000000000001
-0.040000000000000001 0.4486032006128351 0.00042314296303076483
0.21101524265729987 0.10560917043802365 -0.040000000000000001
0.39533002942500972 -0.040000000000000001 0.33566759724600004
0.57206333642134855 0.54958435339483092 0.44
0.24144897278188804 0.44872338799453332 0.44
0.40495595554909714 0.64000000000000001 0.29078341629340787
0.46600920231481202 0.22568112426990866 -0.040000000000000001
0.52319895665381622 0.64000000000000001 0.25232246401223601
0.38320241970306856 0.17883170822908553 0.44
0.8206708950277708 0.64000000000000001 0.35251447381316886
0.78896006131242247 0.64000000000000001 0.26867087331414857
-0.040000000000000001 0.41842921468330341 0.087682206873803376
-0.040000000000000001 0.59601633903082696 0.15685065400318404
0.34109218145013276 -0.040000000000000001 0.19260772978461974
0.066320967715879364 -0.040000000000000001 0.072105008995349704
-0.040000000000000001 0.24981346719943154 0.11831504456577951
0.85746307215599638 0.50462855998909928 -0.040000000000000001
-0.040000000000000001 0.28651646763510014 0.26256693501725026
0.74314354148210238 -0.040000000000000001 0.39986824406907584
0.31503272861265375 0.25631774834439847 -0.040000000000000001
0.39603029823095426 0.37959486532323988 0.44
0.33806965911291986 0.063368645746287866 -0.040000000000000001
0.067381997410033478 0.51860968471336621 -0.040000000000000001
1.04 0.18263712955295108 0.10194655600073754
0.52702212159858519 0.49868651260886532 0.44
0.4993634887886228 0.17107228134867425 0.44
0.096613691569853888 0.64000000000000001 0.3428711987386901
0.67414441426964899 0.64000000000000001 0.30465215286856528
0.89993149055649935 0.28098208732339369 0.44
0.91377425464579043 0.28376807538225274 -0.040000000000000001
0.63431682839642767 0.31740480787899628 0.44
-0.040000000000000001 0.30658616353935919 0.040377931218882779
0.92140493088701192 0.5811155769316485 0.44
1.04 0.30206614748947663 0.073263601927078842
0.42746557877193647 -0.040000000000000001 0.33006978938559445
0.46639226079304164 0.57357707136638147 -0.040000000000000001
0.7040403784893301 -0.040000000000000001 0.18660467676871303
0.70696502272532735 0.5254410129265662 0.44
0.77034744824087231 0.64000000000000001 0.05452884803760636
0.43005706406678568 0.017998901357359931 -0.040000000000000001
0.84102129097677347 0.2932232748407459 -0.040000000000000001
0.090529765172933652 0.64000000000000001 0.17150947184194776
0.82823014961293229 0.64000000000000001 0.39170856023237799
0.71546052626727163 0.64000000000000001 0.31926460435608739
0.17637303663704362 -0.040000000000000001 0.26354652454997651
0.080183728450496483 0.64000000000000001 0.033258947519864246
-0.040000000000000001 0.25804422854004239 0.2022146811056906
0.71492794514855029 0.13226412722736441 -0.040000000000000001
0.80204519998201229 -0.040000000000000001 0.08836475427911239
0.47125713142058367 -0.040000000000000001 0.12865832018771042
0.12136209354056349 -0.040000000000000001 0.37518302127940129
0.018463292915694152 0.64000000000000001 0.29139388871196437
0.71892520676494531 0.4866810117825377 -0.040000000000000001
-0.040000000000000001 0.51708192830353628 0.16524954661993185
0.1782164111604102 0.64000000000000001 0.22112017922887506
-0.040000000000000001 0.29029576514882099 0.11028685280650148
0.30618250680356685 0.46464489075828719 -0.040000000000000001
-0.040000000000000001 0.4490643045112932 0.18157649693991271
0.36673825336498578 0.64000000000000001 0.22022912502815195
0.010782010770872485 0.55803444895644216 0.44
1.04 0.19471686552345985 0.23652231642038518
0.64116721618364725 0.25296225081563423 -0.040000000000000001
0.2430208558413558 0.4428324253235093 -0.040000000000000001
1.04 0.39681695110832138 0.099966286627416689
-0.040000000000000001 0.33846979818945166 0.27961512840283759
0.86500903047926181 0.046568904277960899 -0.040000000000000001
0.19433794498554402 0.0061216038120657235 -0.040000000000000001
0.89664720894219074 0.064767263678388254 -0.040000000000000001
0.39563903987535487 -0.040000000000000001 0.12311093096798049
0.47087031157200843 0.20171574005395032 -0.040000000000000001
0.71906558167849621 -0.040000000000000001 0.39494410280222297
0.65529341813704522 0.64000000000000001 0.06016965615407819
0.32092316794766962 0.17159172303899251 0.44
0.61741885017160347 0.39300613747013236 -0.040000000000000001
0.22096937931392835 0.079851313162634274 -0.040000000000000001
0.61011973626598659 -0.040000000000000001 0.21331845256025841
0.94205098560730305 0.086956737198528589 -0.040000000000000001
-0.040000000000000001 0.22863137370033448 0.064929185683346935
0.7398269024439601 0.64000000000000001 0.011591337138590242
0.51464951404403192 0.64000000000000001 0.1632416129089288
0.15369744636246996 -0.040000000000000001 0.0092350528161585736
-0.040000000000000001 0.1105835660218317 0.2602596637897921
0.42176925819206967 0.32110013444870772 -0.040000000000000001
0.39531591931952181 0.47182795243734293 0.44
1.04 0.38182949516150533 0.19850754529786585
0.81175355963061635 0.34011866316090383 -0.040000000000000001
-0.040000000000000001 0.23877448749495536 0.15112023552661455
0.44547257066715429 0.35863103759076936 0.44
0.0074494609265949308 0.37040462174622407 0.44
0.50018542615722483 0.22400471937570221 -0.040000000000000001
0.29157740738396765 0.10425779878817021 -0.040000000000000001
0.86294729545800608 -0.040000000000000001 0.09936861634063876
1.04 0.49098480527414251 0.13923076268883161
0.61792490687774748 -0.040000000000000001 0.18606107658916021
-0.040000000000000001 0.036135771393830597 0.058825609531195977
-0.040000000000000001 0.070823034561546372 0.17950463608015466
0.21605085263236024 0.64000000000000001 0.16592006347119592
0.51479587062902243 0.138418464642031 -0.040000000000000001
0.39360401169006909 0.083066253658306902 0.44
0.81233389259161437 0.50226990759032808 -0.040000000000000001
0.11862289383549562 0.47247646272394539 0.44
0.17622499600172914 0.39649147559773207 -0.040000000000000001
0.78448290706611401 0.34910686372619276 -0.040000000000000001
0.17079174236785033 -0.040000000000000001 0.34103292581026146
0.17448038494221407 -0.040000000000000001 0.24329370702506981
0.80675119796104311 0.25181659286540642 -0.040000000000000001
0.83772480073381728 0.64000000000000001 0.31218913146454197
-0.040000000000000001 0.2035033815662681 0.015017063840062806
0.64550419346152765 0.18953021461977626 -0.040000000000000001
0.69900243189612088 0.64000000000000001 0.27657339295085198
1.04 0.41117082793304416 0.33747364402296864
0.61368363739467646 -0.040000000000000001 0.3850228267117517
0.85776767521527286 0.64000000000000001 0.09739157364091354
-0.040000000000000001 0.12108939498309274 0.38453490710365767
0.81085336462729685 0.53263045939374776 0.44
0.65826986472145133 -0.040000000000000001 0.18785486797440054
0.36701744254488422 0.10883716681155642 -0.040000000000000001
0.92872706606089817 0.51511774214750161 0.44
0.22000802593677249 0.03806683250743876 0.44
0.68060072473728661 0.64000000000000001 0.15478239771166258
0.84953778378141165 -0.040000000000000001 0.32836018629944991
0.98824604342960731 0.64000000000000001 0.2428098290238169
1.04 0.36001443315034343 0.23149086865536819
0.59675600324650235 0.50458822598265218 -0.040000000000000001
1.04 0.29338348311866108 0.14705588556706792
1.04 0.068277709831705446 0.34068886445385393
0.87612057704077395 0.55874589749342696 -0.040000000000000001
0.91710817117955001 -0.040000000000000001 0.013287413878398491
0.56180113080213734 -0.040000000000000001 0.13416378840012141
0.43809721754109243 0.23480384429171033 0.44
0.047942966515202579 0.04823544344588937 -0.040000000000000001
0.77821680862444453 0.48183077301202476 0.44
-0.040000000000000001 0.30490894768697074 0.083061179616860423
0.20502961135098696 0.50134362379714958 -0.040000000000000001
0.63433460630219607 0.64000000000000001 0.069435312037013294
-0.040000000000000001 0.54321457800248607 0.051736840703107981
0.95099761916937953 0.4027627546023142 0.44
0.17964877768950482 0.48263209685420572 0.44
0.69788832099857512 0.34649624467143281 -0.040000000000000001
0.77675398504629467 0.31825637159292491 -0.040000000000000001
0.59618073307768926 0.27964723422050103 0.44
0.54232518295561138 -0.040000000000000001 0.26269689479745972
0.78986446611756589 0.53894617803546396 0.44
0.19735710749554491 0.33196359682510335 -0.040000000000000001
0.55188199322010001 0.18117091807846952 -0.040000000000000001
0.038334948367988786 0.51388999128473467 -0.040000000000000001
-0.040000000000000001 0.022624234556987564 0.21524345853386562
0.24609977793583748 -0.040000000000000001 0.28790553516252809
0.21216047597360588 0.28110322023338119 -0.040000000000000001
0.8622777048624316 0.0062316437879199604 -0.040000000000000001
0.9258548179684567 0.64000000000000001 0.21840316667427936
-0.040000000000000001 0.25691743302840497 0.054652179145082518
0.44726473304842118 -0.040000000000000001 0.36928103800867357
0.38902001844815381 0.51612627595307237 0.44
0.33089081722828184 0.52195159898620058 -0.040000000000000001
0.13054497814144628 0.57218433483058051 0.44
-0.040000000000000001 0.51324643827754524 0.23569611974186577
1.04 0.32509614296433365 0.090372157563276989
0.092566096995003733 0.48024423136301903 -0.040000000000000001
0.22215518769894449 -0.040000000000000001 0.061336137683530724
1.04 0.061934824809089184 0.25167762186261289
0.50172067943148047 0.35938205563645387 -0.040000000000000001
0.17477596120457595 0.26314196243152721 -0.040000000000000001
0.35582164512523107 0.24208889859196459 -0.040000000000000001
0.60652592459445975 0.14447132527074669 0.44
0.56670945331765987 0.59551255207305631 0.44
0.30058018557133082 0.13280724449493889 0.44
0.013329881241377239 0.53107051905007319 -0.040000000000000001
0.71077931531148808 0.34035774071074848 0.44
-0.040000000000000001 0.42766216141113117 0.30747803287802355
0.75586370366040079 0.56232929868304538 0.44
-0.040000000000000001 0.14575123161696135 0.31662977218318489
1.04 0.42916198677031392 0.086325985236562014
0.40971198542204579 0.519660597279888 0.44
0.17648634142279418 0.58077801638685789 0.44
0.35508578311318939 -0.040000000000000001 0.35791144678024001
1.04 0.25781953526688772 0.27239755364575546
0.11312307050045778 0.64000000000000001 0.27009837094791611
0.63414785106533589 0.35993421548763882 -0.040000000000000001
0.23915892320687648 0.56783401423941648 0.44
0.17894672001100131 0.070000364418706051 -0.040000000000000001
0.38881318359781014 0.55120196213631467 0.44
0.65643537733436075 -0.040000000000000001 0.25932985458185553
1.04 0.45553777571948484 0.21359268754233326
0.35779268408103981 0.45612028656689707 -0.040000000000000001
0.071929858077578901 -0.040000000000000001 0.019567364955190937
0.065805943108820375 0.5257275658476166 0.44
0.35592813714581195 0.10733632716642069 0.44
0.28969900345177113 0.64000000000000001 0.16332017136838939
0.87820513659018773 -0.040000000000000001 0.23803654632646154
1.04 0.4649685201211794 0.25718951562273773
-0.040000000000000001 0.15815115183583875 0.35204735886101274
0.69463208491033879 0.41984108244329366 0.44
0.30780180268742852 0.43060316526087428 0.44
0.19984111974400875 0.33353672162926351 0.44
0.980419369202157 0.64000000000000001 0.18562781044012056
0.95157651067320115 -0.040000000000000001 0.10254899830058017
0.80961977978064537 0.64000000000000001 0.25711813861770522
0.56387053347169003 -0.040000000000000001 0.33782490172169055
0.4807905808466707 0.29043435690005931 -0.040000000000000001
0.43715871658092853 0.64000000000000001 0.098381032089509421
0.48922239545166557 0.043621377146085272 -0.040000000000000001
1.04 0.024350621937108574 0.033134713729605192
0.32697267638712346 0.59594787224680068 0.44
0.47090588324036486 0.49353997857844439 -0.040000000000000001
0.45053390756843337 0.023571008391555903 -0.040000000000000001
-0.040000000000000001 0.26721743900104861 0.39938895685302755
0.19035363148567375 0.56777590475278561 -0.040000000000000001
-0.040000000000000001 0.24866375304816801 0.37039923489917853
0.47610349689901488 0.20540791741803147 0.44
0.52983692714766117 0.011274113528021212 -0.040000000000000001
0.30829997127509889 0.073485079390838481 -0.040000000000000001
0.2434098202494015 -0.040000000000000001 0.3957614170588899
-0.040000000000000001 0.14286940181305813 0.13588200213093077
0.69490423031566551 0.45747213082287108 -0.040000000000000001
1.04 0.37534041419439612 0.035348341329099545
0.74481261329600479 0.18998085031389689 -0.040000000000000001
0.96829453098018681 -0.040000000000000001 0.17684046996802449
0.94407516351750309 0.64000000000000001 0.1791365073575174
0.91719374787731078 0.64000000000000001 0.39063292045975123
0.56948698243205698 0.52613506286050815 0.44
-0.040000000000000001 0.30588477994950447 0.35613823264602407
0.43473119559714912 0.64000000000000001 0.30103562491614716
0.13427231025217734 0.64000000000000001 0.26807307439903494
0.089286830068405099 0.2216666102693069 -0.040000000000000001
0.14993810244307848 0.08050338339460128 -0.040000000000000001
0.44449260995998163 0.64000000000000001 0.38843125681355684
0.98835878576391045 -0.040000000000000001 0.11355544073395935
0.20367998265104803 0.45710422430720171 -0.040000000000000001
0.8261137338423753 0.64000000000000001 0.14873163731122371
0.80969612140560965 0.64000000000000001 0.12094643267611156
0.57282094073669887 0.03305452209150201 0.44
0.4180834589364284 0.55319614494579505 -0.040000000000000001
0.45824581105249595 0.64000000000000001 0.17961982087146719
0.4909052806548061 0.32559759663101895 -0.040000000000000001
0.44481838923897554 0.30533965321612627 -0.040000000000000001
-0.040000000000000001 0.049351972951139821 0.27576196589189284
0.57402852177095365 0.64000000000000001 0.33081658197740649
0.43348445076023756 0.64000000000000001 0.04095047592606247
0.9414427303054379 0.64000000000000001 0.0071727805858502252
0.36018512426281246 0.16855132713840193 0.44
0.50486700904622905 0.30876829999958905 0.44
0.91812680376117617 0.47010631782138501 -0.040000000000000001
0.89302301406859896 0.3544873491882029 0.44
0.68673876897517494 0.053031661793980778 0.44
0.62158728607910074 0.053330154535665787 0.44
0.70548550212274874 0.43778109593602538 0.44
0.93811930291452394 0.64000000000000001 0.23555730270251868
0.80118189414892615 0.14893895076892283 0.44
0.4844594440500084 -0.040000000000000001 0.046320239379307009
0.32403644609783755 0.017552624636462899 -0.040000000000000001
0.3359705939318911 0.1004839133678804 0.44
0.59464904315895384 0.64000000000000001 0.16451606205592456
0.016650462977174985 0.51104334732875834 -0.040000000000000001
0.97447341804298604 -0.040000000000000001 0.39527501574971291
0.90625427398493275 0.59304503379996831 -0.040000000000000001
0.64009270340648572 0.19954963287478478 0.44
1.04 0.30904555885864238 0.019957334724136324
0.20333195665608106 0.45167574438486258 0.44
0.73359490170292818 0.58211282383116747 -0.040000000000000001
0.70616067154520223 0.082374244389091647 0.44
-0.040000000000000001 0.48983521222754167 0.10652321545058802
0.95127953483005334 0.022141056246205215 -0.040000000000000001
0.6556023973597348 -0.040000000000000001 0.22462807277937302
0.97137312205353288 0.24086477705796991 0.44
0.75502419264365883 0.48600973104009659 0.44
0.90903635559553209 -0.040000000000000001 0.052004593629719598
0.28831555043261536 0.029847074577228482 0.44
-0.040000000000000001 0.10571910235629831 0.28092594671051951
0.0010243285661979407 0.070760168587795449 0.44
0.59276180238138954 -0.040000000000000001 0.37633072493913999
0.80864137680461246 0.29355528004408821 0.44
0.70434094763523381 -0.040000000000000001 0.073165188471069786
0.62053929474919378 0.09414846450045089 -0.040000000000000001
0.57828259226021672 0.28734104889513512 -0.040000000000000001
0.14199191911376119 0.64000000000000001 0.030234528329052338
0.80486277721571919 0.45076620471222373 -0.040000000000000001
0.55432577404667649 0.10114136904964854 -0.040000000000000001
0.28658046921314206 0.57958659633008613 -0.040000000000000001
0.99956591760538038 -0.040000000000000001 0.074269239098719686
0.24771537411437095 0.64000000000000001 0.15644909120952477
-0.040000000000000001 0.12561000258528479 0.079664632262816643
0.011436209618702953 0.58766432765941568 -0.040000000000000001
0.24432246656950307 0.64000000000000001 0.30019720786530157
0.56119422869295965 0.64000000000000001 0.29325577274258258
0.80444038931172845 0.57303409964213403 -0.040000000000000001
0.31314796228401065 -0.040000000000000001 0.22096363151363524
0.80195132688340787 0.64000000000000001 0.0027425703241419799
0.25197416519030358 0.39488057526141762 0.44
0.97710520261567901 0.41840682115073763 0.44
0.12508312926567855 0.64000000000000001 0.17180841871798599
0.092206751218979699 -0.040000000000000001 0.10774435989218674
0.53163262568277503 0.47140085648809726 -0.040000000000000001
0.066207226642522876 0.64000000000000001 0.25492476575848333
0.22755658186817262 0.64000000000000001 0.19593232004245117
0.59042969579490601 0.42012360300706331 0.44
-0.040000000000000001 0.017670245253065976 0.012977464443347242
1.04 0.38501734073320815 0.33029250042788388
0.88497459816150459 0.1382659470843596 0.44
0.096628364951227397 -0.040000000000000001 0.35075358442517235
-0.040000000000000001 0.5107033162121557 0.0053437871211154068
0.48791400407689212 0.64000000000000001 0.11837552391413944
0.77811363445228732 0.64000000000000001 0.36355491012877783
0.66221655949907954 0.11576633036698925 -0.040000000000000001
0.95159659283409537 0.15725950389892338 0.44
0.89216123502086031 0.27999071566185751 -0.040000000000000001
0.5661801681577735 0.36253978627909272 0.44
1.04 0.084397693010797137 0.037512279868102287
0.21428341465343947 -0.040000000000000001 0.093145350879319286
0.34607556790890759 0.19870467070284192 -0.040000000000000001
0.45170349329042336 0.36007043455009169 -0.040000000000000001
0.40377793303832199 0.070339351495590674 -0.040000000000000001
0.59593268204144911 0.64000000000000001 0.3087266533342834
0.93782693539486273 0.19699121851488879 0.44
-0.040000000000000001 0.13417756598297348 0.15849002963857775
0.8630783564327259 0.64000000000000001 0.0017138062178199132
0.26578700217147078 0.25865434068345894 0.44
-0.040000000000000001 0.3544309151227209 0.041156447450768498
-0.040000000000000001 0.20328376031300097 0.24128969954660071
0.96272589132239517 0.64000000000000001 0.13872832748041816
0.59086749066337463 -0.040000000000000001 0.26358902184053756
0.66085364287824677 0.1723186385751965 0.44
0.7391640633136225 0.075522131767336687 -0.040000000000000001
0.33035614257107826 -0.040000000000000001 0.25677105589446858
-0.040000000000000001 0.079368089008312229 0.057139904824892229
0.53342063356566183 0.17049212583263074 -0.040000000000000001
1.04 0.16076907295347537 0.14949750914586332
-0.040000000000000001 0.12333642162313246 0.052924415233583093
0.2567155272962045 -0.040000000000000001 0.2148876246268186
1.04 0.31522294512063692 0.39964150131430604
0.29211395721322964 0.64000000000000001 0.3054149050686682
0.66767963370192218 0.48174083367450743 0.44
-0.040000000000000001 0.29973182718091929 0.14872177479823565
0.012448798319504295 -0.040000000000000001 0.322074278570818
0.75292343777537474 0.10187728354996292 0.44
0.66852851977124217 0.092511616554168855 0.44
0.83038868280565215 0.64000000000000001 0.23528464092753923
0.65830967037005306 0.1429703457210455 -0.040000000000000001
0.44106477575056113 0.56895910784641324 -0.040000000000000001
0.93804228263634937 -0.040000000000000001 0.070510598203914143
-0.040000000000000001 0.46436539705520397 0.34030055679894544
0.023659994404505058 -0.040000000000000001 0.20313437968042367
0.19400050335789587 0.64000000000000001 0.37986057546757568
0.046217355225842249 0.64000000000000001 0.27196809069605132
0.6478585676598535 -0.040000000000000001 0.29989462659641997
0.37793607759119319 -0.040000000000000001 0.17250851857567728
0.31597388006737681 0.29550228845249898 -0.040000000000000001
0.52279267062611035 0.011820333613090849 0.44
0.74411996105664024 -0.040000000000000001 0.32521570183266807
0.53363195353818305 -0.040000000000000001 0.18808108561297435
0.34428450975242431 0.015166782837490844 -0.040000000000000001
1.04 0.10659125375795891 0.15898530141267375
0.41029934467859164 -0.040000000000000001 0.16724303919849121
0.83571336492541703 0.46239000734294899 -0.040000000000000001
-0.040000000000000001 0.43390860595838643 0.3819220313234955
1.04 0.11242239935369613 0.18172303062782535
0.43830006557410595 0.58522010097224486 0.44
0.55962482946666803 0.64000000000000001 0.1707070790471597
0.75342763286495462 0.64000000000000001 0.16031429172577233
0.83346317925653157 0.64000000000000001 0.16944075885731463
0.65923018332809002 0.35762935680581298 0.44
0.61171657102270938 0.52244465874384005 -0.040000000000000001
0.23864506687610876 0.21372101669556692 -0.040000000000000001
0.78879954681951692 0.64000000000000001 0.24450027546082409
0.3263133218767067 0.13111429517105636 0.44
-0.040000000000000001 0.35131934432454803 0.099749700041530082
0.089674782445062107 0.45791314313671683 0.44
0.20449952892687895 0.64000000000000001 0.080582731104548666
0.66099595831291658 -0.040000000000000001 0.38565160945226173
0.35849000992491242 0.56617803029405622 0.44
1.04 0.21943329383911464 0.068164309976972162
0.55689431321682015 0.48960261643035441 -0.040000000000000001
0.15651248199339429 0.38544356009512154 -0.040000000000000001
0.00058683537511194928 0.48603877658466332 -0.040000000000000001
0.21492041870794698 0.64000000000000001 0.0023859267083894855
0.63803038668808276 0.56608771864747753 0.44
0.17114294670861196 -0.040000000000000001 0.18664933401644751
0.27746950739811849 -0.040000000000000001 0.023603656957080291
0.2848423055313889 0.14525454113849745 -0.040000000000000001
0.0020739763020881652 -0.040000000000000001 0.13097837189141043
-0.040000000000000001 0.35412356572925063 0.12265070991911498
0.13626390131405475 -0.040000000000000001 0.048136501309956038
0.66073626198137025 0.5397016322690158 0.44
0.32256517759329917 0.18106657981800622 -0.040000000000000001
0.054261953085577797 -0.040000000000000001 0.25169539227233484
-0.040000000000000001 0.24454942249572462 0.0089424224416785776
0.86032806057725342 -0.040000000000000001 0.20868859200856282
0.27309915147849095 0.30243384271081397 0.44
0.66319676221402513 0.64000000000000001 0.19083860470515637
0.95742000046557663 -0.040000000000000001 0.36593343692860913
0.55160680654179628 0.64000000000000001 0.2323989082132365
0.08111682220598937 0.58255423575393295 0.44
0.59674902684385744 0.38971902442856754 -0.040000000000000001
0.50760822537776285 0.35671356692912026 0.44
0.1270116939889695 0.64000000000000001 0.098811056333455716
1.04 0.14446369600175279 0.3199953444118328
0.22852887873893479 0.54339867420358812 -0.040000000000000001
0.34230299894975558 -0.040000000000000001 0.1006079735749299
0.62887326109939479 0.64000000000000001 0.13387248283774472
0.98537921259864447 0.64000000000000001 0.39256878612202928
0.23582446202150464 0.64000000000000001 0.17303892292122292
0.77279399256333026 0.13727181338375816 -0.040000000000000001
-0.040000000000000001 0.15741670886631293 0.37528851508607541
0.68429562434301194 0.4974837383307103 0.44
0.054649207751457651 -0.040000000000000001 0.28541812471114109
0.7282323342644399 0.017698437183644722 0.44
0.92333932772191663 0.64000000000000001 0.1794653441093427
0.85833109266899388 0.085788911090450684 0.44
1.04 0.24094904950878315 0.14450928939922258
0.49762646791964971 0.47409000195557571 -0.040000000000000001
1.04 0.40926679748335448 0.29613591594833705
0.85983000756669647 -0.040000000000000001 0.38250771865784916
0.25452176285141259 0.47860780596399488 -0.040000000000000001
0.81749716485937762 0.56105425577660839 0.44
1.04 0.18761816458977265 0.18323577293239965
-0.040000000000000001 0.42168548645658538 0.058619999438444648
0.057047954837106229 0.37005963202985404 -0.040000000000000001
0.13580740799440438 0.64000000000000001 0.20747070123583722
0.86007995501461465 0.099314072359143357 -0.040000000000000001
0.78168488281390369 -0.040000000000000001 0.086872016685930351
0.26741874627130469 0.32981303449757182 -0.040000000000000001
0.97152168605938338 0.64000000000000001 0.31666102109727629
-0.040000000000000001 0.34297499534815407 0.38891599943407479
0.60907016510462997 0.45022156118728529 0.44
1.04 0.15743527281475767 0.00046380484582497772
0.15051915340467659 -0.040000000000000001 0.31722148321539784
0.59755233912771422 0.031808935010340766 -0.040000000000000001
0.22022925551141148 0.1328348419536397 -0.040000000000000001
0.74244885529547033 0.64000000000000001 0.13241006276271899
0.44664554819880409 -0.040000000000000001 0.27053018923123551
-0.040000000000000001 0.23503937468105612 0.094524877039225796
0.20734976317812859 0.14881354175667846 0.44
0.41909726928337998 0.64000000000000001 0.24322720499131584
0.4256369414215494 0.46485006819402391 -0.040000000000000001
0.36768668694362672 -0.040000000000000001 0.19491660141452283
0.084866684491816891 0.0045679012620050141 -0.040000000000000001
0.54592828344187616 0.083057766459388518 0.44
0.31999804631665074 0.64000000000000001 0.23793254570687006
-0.040000000000000001 0.018548108329127611 0.37824189514006618
0.13936519043138718 0.46969844718350828 0.44
1.04 0.53796628861326157 0.20065791808838612
0.034183169075195141 0.034055534263832517 0.44
0.34186921569307294 0.64000000000000001 0.18158175584717512
0.39652544177054716 0.64000000000000001 0.20493199299872378
0.45906189476824555 -0.040000000000000001 0.34764421944047474
0.74485391220901709 0.64000000000000001 0.07900683474644242
0.65122314735571785 0.64000000000000001 0.31117988742670089
0.093057128754970408 -0.040000000000000001 0.32446461004827581
0.12321743024049248 0.2669255476963896 0.44
0.99764876156178672 0.40875261185618328 0.44
0.54095039518565002 0.39343211167824321 -0.040000000000000001
0.64146822392559333 -0.040000000000000001 0.20436271646324922
0.22550456054765977 0.36454307060734914 -0.040000000000000001
0.056304698992869051 0.32733304495664461 -0.040000000000000001
0.23542271752378396 0.053843496934361676 0.44
0.77866999114360369 -0.040000000000000001 0.11574931414268347
0.92787749826577071 0.46393549595208461 0.44
1.04 0.19500685456068906 0.34041364081206571
0.67703114667782982 -0.040000000000000001 0.063103422020017771
-0.040000000000000001 0.31018428849995355 0.2235714907092847
0.43640660392014197 0.1165236327132757 -0.040000000000000001
-0.040000000000000001 0.53185466889371358 0.033965580943568212
0.54542502341339694 0.34806828485796037 -0.040000000000000001
-0.040000000000000001 0.41408344111302919 0.21154895918648775
0.17122108947670156 0.29712544944421976 0.44
0.37642601658882435 0.36683638849957656 0.44
1.04 0.24366855749298894 0.36613867384781917
0.55239160859545822 0.53520390438778409 -0.040000000000000001
0.99884953637483564 0.031872706361130265 -0.040000000000000001
0.79896364014307786 0.64000000000000001 0.39353106761134476
0.77619531889759208 0.10892475821420064 0.44
0.39137905519628502 0.64000000000000001 0.22529920029190481
0.1603889883650369 0.19414320512609212 -0.040000000000000001
0.33779914219328222 0.64000000000000001 0.38290913789516257
0.66817639079498681 0.28416636239453757 -0.040000000000000001
-0.040000000000000001 0.10704173047403354 0.19438105054778407
0.74105089007423564 0.32051411424746284 0.44
0.94827735489395049 0.10694609967569448 0.44
0.33058443141608185 0.43263171222872299 -0.040000000000000001
0.49124822108376909 0.28989191373936102 0.44
0.56597282534525728 0.64000000000000001 0.37136930354570258
0.090726242756827169 0.2569568804810719 -0.040000000000000001
0.49585639734737152 0.39003784719877488 0.44
0.90837035592095539 0.21037384053464572 0.44
1.04 0.33672562377787901 0.19073732794017584
0.19615444117139136 0.64000000000000001 0.34501089961223919
0.54415965882672002 -0.040000000000000001 0.35807331228898254
0.71126148160766045 0.28358429346282965 0.44
-0.040000000000000001 0.4213977933139047 0.3274017260572839
0.062972212116694681 0.1717836046160488 -0.040000000000000001
1.04 0.50830768323379172 0.067925664330243385
0.46138638294880907 0.64000000000000001 0.04819702824685717
0.33690139433180233 0.64000000000000001 0.05817286327612288
0.83293878756473605 0.19413859852348903 -0.040000000000000001
0.90550911967564462 0.46930668159900935 0.44
-0.040000000000000001 0.43223522528462804 0.28499681626929191
0.65325359516804971 -0.040000000000000001 0.0060023337673981384
0.077906293171784102 0.43767472072816382 0.44
0.30545112962166099 0.22297303097121296 0.44
0.80336973224602259 0.64000000000000001 0.025840240041486596
0.6121007653006213 0.41013032768624069 0.44
0.76659209788239591 -0.040000000000000001 0.34732065211162622
0.12245793802711824 0.39397267031137639 0.44
-0.040000000000000001 0.28636789744932156 0.063701547230266803
0.63950655740479567 -0.040000000000000001 0.092397103380409185
0.4655264405998506 0.30591600481731873 -0.040000000000000001
1.04 0.21486347338399792 0.37804776007074659
0.39065223018302786 0.17922603967051631 -0.040000000000000001
0.2839880521417163 0.16035207143020516 0.44
0.13967191822102742 0.5213447617035919 0.44
1.04 0.56279769501034738 0.00091980624248022558
0.47609716423764725 0.31651919450101607 0.44
0.62634216375689089 0.14266411624050163 -0.040000000000000001
-0.040000000000000001 0.54379256130389475 0.077235615586240647
0.016043566825849398 0.64000000000000001 0.087622526296420977
-0.040000000000000001 0.11281707325292534 0.10863285512221937
-0.040000000000000001 0.47298194843754626 0.29704336981663593
0.19758791082968086 0.27386896197753174 0.44
-0.040000000000000001 0.182743265899449 0.31000725470861196
0.71515541450026721 -0.040000000000000001 0.32456169266907875
0.51070310268809993 0.14581617045102133 0.44
0.58185857292056309 -0.040000000000000001 0.12793767243840357
0.59940972116393898 0.59351607127507922 -0.040000000000000001
0.95857810376167252 0.49074923624898248 -0.040000000000000001
0.53246277073391635 -0.040000000000000001 0.38018770320093537
0.44866700116734981 0.32681057315382483 -0.040000000000000001
0.57204520797968827 0.64000000000000001 0.074676213570172983
0.36095519676769006 0.64000000000000001 0.12276286903391825
-0.040000000000000001 0.28082208954919535 0.3163947758370243
0.92202615536083132 0.53212797146364865 -0.040000000000000001
0.91069170890195883 0.090561347163942374 -0.040000000000000001
1.04 0.50770857747953002 0.1932977116494298
0.43880823063533392 0.45067740691482505 0.44
0.010743531695318609 0.64000000000000001 0.31911573159770179
1.04 0.48010055154244352 0.23725481080189514
-0.040000000000000001 0.18134125798044595 0.39903085580573228
0.042079349146171952 -0.040000000000000001 0.073261895036392619
0.91184213053988383 -0.040000000000000001 0.26428140765356101
0.96067883928143682 0.19404512277478098 -0.040000000000000001
0.82803755599536011 0.64000000000000001 0.067819553617172179
0.32697047373542931 0.4446805268503714 0.44
0.78688733615453721 0.64000000000000001 0.20075511395465712
0.22806196116937572 0.080683940668654697 0.44
0.81589690465631892 0.21868696792455355 -0.040000000000000001
-0.040000000000000001 0.52769792282903705 0.35024349843292257
0.17869990831193405 0.64000000000000001 0.024439335255052264
0.59435111450073685 0.065898824879468965 -0.040000000000000001
0.47872564032903686 0.64000000000000001 0.071159315797270931
1.04 0.017516631555225648 0.28632757227991273
0.77947453349931795 0.40763194728810292 -0.040000000000000001
0.24427588816942825 0.36906284754085072 0.44
1.04 0.074403525763442113 0.16047855418746335
0.59708224638570007 0.5764775679939329 0.44
0.38001710458940585 0.64000000000000001 0.29097376735435887
0.095685896401650927 0.64000000000000001 0.31262686910760162
0.1328924033966683 0.42623070664115081 -0.040000000000000001
0.11210472364331658 0.39185803464957458 -0.040000000000000001
0.909262000447147 0.54512148553094775 0.44
-0.040000000000000001 0.44501516545374942 0.062985868533049022
-0.040000000000000001 0.21797764478432582 0.27263387297201169
0.42067741989294816 0.34171774547675071 0.44
0.68583100610931669 -0.040000000000000001 0.20263147357873273
0.10049688313955008 0.64000000000000001 0.085749200564101291
1.04 0.27104318079161199 0.38443343206040526
0.24581698041536271 -0.040000000000000001 0.34018840502233899
0.61585958318664924 0.64000000000000001 0.25858292515533965
0.21950292981931652 0.22372868657197925 -0.040000000000000001
-0.040000000000000001 0.0092231325913651567 0.27908958357007729
0.89481870773199812 0.64000000000000001 0.39849770589279043
1.04 0.57528586785626623 0.17110844215744214
-0.040000000000000001 0.55763745539601983 0.13664989761014038
0.70470667516109353 -0.040000000000000001 0.25581694057349069
0.66787944001551236 0.083523673594888548 -0.040000000000000001
0.3543169453047369 0.64000000000000001 0.29217329270533393
0.85048992976135118 0.58111484428835136 -0.040000000000000001
0.17973844781754678 -0.040000000000000001 0.14591945146427163
0.34427335890576938 0.64000000000000001 0.017274906422113424
0.70037509139248633 0.53250366286246209 -0.040000000000000001
0.98492588598765196 -0.040000000000000001 0.30461588110537596
0.83888255792548028 0.22357764220819848 0.44
0.72102830315132049 -0.040000000000000001 0.23124884586465441
0.34418242950969724 0.53815995066573186 0.44
0.99859668445857763 0.51616279476784799 0.44
0.79085363857977287 0.38711757114632844 0.44
0.83513849736079548 0.0042970649973145701 0.44
0.93887700210319713 0.27380432795481752 -0.040000000000000001
0.21323683779179603 0.64000000000000001 0.38680411368976619
1.04 0.028542044944650513 0.088004056565506569
-0.040000000000000001 0.1991981065357942 0.26217074004038665
0.52814183899560274 0.64000000000000001 0.39422022115866506
-0.040000000000000001 0.22281540987731843 0.29206597436174953
0.2024645054993347 -0.040000000000000001 0.24324322196796411
-0.040000000000000001 0.046350213284081621 0.09874310322433405
0.89579109741093743 0.57016315568576137 -0.040000000000000001
0.68310955193026013 0.4469225419322721 0.44
0.21146926313713588 0.50047411967081767 0.44
0.87759933375457388 0.64000000000000001 0.23935051267684304
0.73291190887273006 0.64000000000000001 0.34084337341935755
0.96828343575220377 0.53249869832687657 -0.040000000000000001
0.92977562045755624 -0.040000000000000001 0.37813969391825558
1.04 0.4614154657647398 0.13862551313705324
1.04 0.44540056523030813 0.31212119948135431
1.04 0.58450491775540192 0.27878383887924607
0.046752252652072279 0.64000000000000001 0.22317329095410565
0.24572785843239953 0.30147594700752045 -0.040000000000000001
0.010766898042934181 0.64000000000000001 0.36001155229357767
0.19312012099407372 0.3893206786153382 0.44
0.71741203087694083 0.56354394380705553 0.44
0.34125321665217234 0.56534130276830441 -0.040000000000000001
1.04 0.02087137897017266 0.0048320784957889273
-0.040000000000000001 0.080432379553626546 0.27676494165508814
0.65832298601512851 0.64000000000000001 0.13537478991573079
-0.040000000000000001 0.57693983786356273 0.23145166135884965
0.77036883390822208 0.26728483620628968 0.44
0.21005693756916322 0.42323919116034103 0.44
0.49182003562028842 0.67999999999999994 0.26089300545165328
0.33623810195298665 0.24900907834014985 -0.080000000000000002
-0.080000000000000002 0.54469218529285723 0.39677275683397684
-0.080000000000000002 0.011266098865829721 0.059721588993325692
0.26836876479533756 0.46138189989946349 -0.080000000000000002
1.0800000000000001 0.15964818328895758 0.098775521922058879
0.77733967547228722 0.012928496770414032 0.48000000000000004
0.89231729063953225 0.12479180722875327 -0.080000000000000002
0.76744305157094461 0.32469916807353355 0.48000000000000004
1.0800000000000001 0.1796319929177298 0.037505748879774897
0.68041443125244339 0.55433064847955771 -0.080000000000000002
-0.080000000000000002 0.23708403913395057 0.18027251580145565
0.76609811173663478 0.67999999999999994 0.17684459894829774
-0.080000000000000002 0.16734210876871605 0.20594227560888814
0.73768282393674589 0.35540370435659319 -0.080000000000000002
-0.080000000000000002 0.57180279007200541 0.37050957607402341
0.90869847292548556 0.67999999999999994 0.22909258246460662
0.4870476851626736 0.095815311232761435 0.48000000000000004
0.16415331398500632 0.59963202185232023 0.48000000000000004
0.85440265993231856 -0.080000000000000002 0.30589537531894434
-0.080000000000000002 0.083863526659370885 0.30584805222920686
0.26157627010815865 -0.080000000000000002 0.26878366130296916
0.13964579358228291 0.67999999999999994 0.15523221170222043
0.40014276762529266 0.67999999999999994 0.39393312161224908
0.80225942905706216 0.42377929972512374 0.48000000000000004
0.40136983048526376 0.30607125286378878 0.48000000000000004
1.0800000000000001 0.2806035906151762 0.21304980083628938
1.0800000000000001 0.44723639432813111 0.18161769117967827
0.63314356453420007 0.67999999999999994 0.3971892745740957
0.23718901871649911 0.67999999999999994 0.3844117242166798
0.15477817030461738 0.67999999999999994 0.32668455585292216
0.52641233391779163 0.47463169038612563 0.48000000000000004
-0.080000000000000002 0.36162093085463065 0.19566364137817227
0.65180402308376761 0.57987882663049994 -0.080000000000000002
0.11102368562823584 0.086747391026711557 0.48000000000000004
0.47214155504293553 -0.080000000000000002 0.300636341239575
0.93444693957693648 0.67999999999999994 0.25548728766472911
1.0800000000000001 0.2490094749335241 0.17743750015093929
0.40582154417959104 0.58467016299680752 0.48000000000000004
0.89782697398309774 0.31828275771697295 0.48000000000000004
0.13995947244457119 0.25564852139806943 0.48000000000000004
0.88974734886365936 0.089298785693284768 0.48000000000000004
0.17336420624808002 0.3501644395231801 0.48000000000000004
0.24483161818746979 0.28408961186884812 0.48000000000000004
0.74705728299757446 0.67999999999999994 0.25105926097417247
0.78698984553095686 0.07647573082371284 -0.080000000000000002
0.11769803576672733 0.67999999999999994 0.31089064161943158
0.68955863654431127 -0.080000000000000002 0.036601889360335309
0.58218406004717183 0.67999999999999994 0.22069257157759417
0.40629524354800817 0.40384305635618445 -0.080000000000000002
0.20336733554690989 0.20244220894081155 -0.080000000000000002
0.96606544647619508 0.67999999999999994 0.098121446971290063
0.070203222797038611 -0.080000000000000002 0.32631906755679274
0.10306035801007285 0.20069997714233903 0.48000000000000004
-0.080000000000000002 0.48701087627184869 0.045627408843417164
0.94821011546012735 -0.080000000000000002 0.036674322978906049
0.95605456970980252 0.25387767178483561 -0.080000000000000002
0.2240616510663993 0.058472038623147427 -0.080000000000000002
0.93662237221951095 -0.080000000000000002 0.019197041772056524
0.35704315537784104 0.22098201308559556 -0.080000000000000002
0.28902673185210592 -0.080000000000000002 0.1079311906598389
0.65127101860988934 0.014818330119134981 0.48000000000000004
0.0086362091653011674 0.19061237541134807 0.48000000000000004
0.46768957770900832 0.67999999999999994 0.25521933621016168
0.52414344382388478 0.26782867049217174 -0.080000000000000002
1.0800000000000001 0.096015150442311348 0.020433947193319257
0.084123464301966044 0.41410896774744588 0.48000000000000004
0.0080746747485728187 -0.080000000000000002 0.2684188296569695
0.084544539903326332 0.67999999999999994 0.061811198909380416
1.0800000000000001 0.0093822913620263959 0.33119871870872142
0.44913365997283206 -0.080000000000000002 0.22391318372264191
0.89045733903039992 -0.080000000000000002 0.089560833578798016
0.51045482975792744 -0.080000000000000002 0.33203759789437226
0.3866112575798637 0.14275740009534649 0.48000000000000004
1.0800000000000001 0.23880093673717817 0.24747684469513517
1.0800000000000001 0.32551518667041329 0.0036608321210467756
0.26972137370945304 -0.080000000000000002 0.39811190143518971
0.885679012265012 0.34707629009866586 -0.080000000000000002
0.30874768029575728 -0.080000000000000002 0.36343018713353559
0.94970648236296173 0.30558255940359225 0.48000000000000004
0.85861455571838663 0.28118151832474819 -0.080000000000000002
0.66071726097588335 0.44072210419465513 -0.080000000000000002
0.43031875012027543 0.51053224976255784 -0.080000000000000002
1.0800000000000001 0.14156318414173574 0.26386918298511092
0.054867959518374754 -0.080000000000000002 0.36569756301747586
0.66568445101720641 0.49295629140012198 -0.080000000000000002
1.0800000000000001 0.043933983782602826 0.32074418727982779
-0.080000000000000002 0.40164727356127711 0.33799147807726904
0.88423121032387086 0.67999999999999994 0.11776122401188856
1.0800000000000001 0.38842451421047008 0.35613515889649827
1.0800000000000001 0.16705653782233909 0.32646458830495029
-0.080000000000000002 0.39735053644593643 0.12677716736707062
1.0800000000000001 0.53313853992357141 0.36630239213744986
0.68443898148035087 0.67999999999999994 0.22961558556033906
0.7915053732621572 0.15552635721544272 -0.080000000000000002
0.37922993004323924 -0.080000000000000002 0.3712844703709321
0.62081772252775136 0.21972920950282654 -0.080000000000000002
0.72124517325870974 0.20666416998497411 -0.080000000000000002
1.0800000000000001 0.20851716211294336 0.18112209804912496
0.24818818589472003 0.27394712372588303 -0.080000000000000002
0.63713185292088093 0.24984907772073275 0.48000000000000004
0.93947454673148056 -0.080000000000000002 0.25886637457073636
1.0800000000000001 0.32195725477002135 0.16405958484738159
-0.080000000000000002 0.35882312392285043 0.27447968673210388
0.83387719924716719 0.10113002866797771 -0.080000000000000002
0.52189473860772762 0.19688765508724779 0.48000000000000004
-0.080000000000000002 0.016474249938040409 0.34124938254991477
-0.080000000000000002 0.0029560129853462456 0.095298838357622484
0.94798645130982628 0.37608706921082236 -0.080000000000000002
0.42178387835039755 0.041732528151633107 0.48000000000000004
1.0800000000000001 0.28160321159930796 0.044456257443146942
0.10316106678191272 -0.080000000000000002 0.15872672259448384
0.57550423048734289 0.67999999999999994 0.09970923502657808
0.18356449070428205 -0.080000000000000002 0.025610712267498937
0.27934758129249138 0.57610250186086609 0.48000000000000004
0.27672830139940796 -0.080000000000000002 0.33654477664843535
1.0800000000000001 0.45705250873951248 0.35175862528565038
0.2280902522021464 0.13139605116603417 0.48000000000000004
0.17456506810729044 0.15268784287509396 -0.080000000000000002
0.062467078863142178 0.22741155998385798 -0.080000000000000002
0.44675946305200587 0.67999999999999994 0.007346284210543264
0.41528900269412639 0.29956240221960562 -0.080000000000000002
0.33088568789377593 -0.080000000000000002 0.032827986940646883
0.0041198281943078952 0.15849544592684672 -0.080000000000000002
0.73717429602807272 0.2211342996903142 0.48000000000000004
0.97762860127456674 0.57062577727655173 0.48000000000000004
0.98213364759236532 0.22382137680168757 -0.080000000000000002
0.6874409140702451 0.22920155605308279 0.48000000000000004
0.080341994872850098 0.081880928946512332 -0.080000000000000002
0.57185923249731729 0.38951734706807317 0.48000000000000004
0.11074127892211449 0.5863017378488794 -0.080000000000000002
0.49207843198311574 0.67999999999999994 0.38779616100393566
1.0800000000000001 0.35650771787737967 0.2033696844380693
0.14369255166394368 0.2796881361133704 0.48000000000000004
0.81569889711152821 0.21136653404536454 0.48000000000000004
0.67148749287407383 0.027131355652549493 0.48000000000000004
0.23873197225126963 0.67999999999999994 0.025130475618754523
-0.080000000000000002 0.51137872360649961 0.26029894160410633
0.37391837824376251 0.22860377426770917 0.48000000000000004
1.0800000000000001 0.45211965641761387 0.034929743702666993
-0.080000000000000002 0.056771904441353625 0.12617255141062433
0.68632145656949828 0.67999999999999994 0.20328532775737573
0.17874257240087899 0.21530812467427068 0.48000000000000004
0.83773380003524778 0.67999999999999994 0.018398916874403693
-0.080000000000000002 0.26099572721159525 0.33311013162349723
0.3249856908149964 0.39325927648427284 0.48000000000000004
0.13683620594658719 -0.080000000000000002 0.15691740588553116
0.043223172871226123 0.67999999999999994 0.32313253106214873
0.25655143855833396 0.024098022309083755 -0.080000000000000002
0.54249558658455421 0.4182762626592631 -0.080000000000000002
1.0800000000000001 0.31250989011565089 0.11734649753301905
0.42422173081607384 -0.080000000000000002 0.078672168397860273
0.72269382319744069 0.67999999999999994 0.26551758028105593
0.47485019025949926 -0.080000000000000002 0.15798947648846773
0.83373096006407754 -0.080000000000000002 0.1749301420872692
0.44933068463670423 -0.080000000000000002 0.29091398106945376
1.0800000000000001 0.34007101077109864 0.34692034719873371
0.5496507390804779 0.59497860203921737 -0.080000000000000002
0.098818123610171171 0.57023726806736308 0.48000000000000004
0.56992039088243385 0.03916613620771614 -0.080000000000000002
0.55283998731729134 0.67999999999999994 0.062900586094738739
0.99523955710085243 0.67999999999999994 0.19919478420427039
0.30249978369252195 0.34215294535738883 0.48000000000000004
1.0800000000000001 0.4153788860790783 0.21106629729634388
0.26429476517189865 0.17714475297749577 0.48000000000000004
0.19923613832933318 0.1335648646440325 -0.080000000000000002
0.60236290380447977 0.67999999999999994 0.10821339635893774
0.9032266093881085 0.44485334822613337 -0.080000000000000002
0.1803932451158643 0.67999999999999994 0.29820770948436159
1.0800000000000001 0.50360999379457161 0.088490287716220029
1.0800000000000001 0.34301845625378541 0.068640872448007387
0.7535901442281856 0.58457671117080356 -0.080000000000000002
0.94484419278147525 0.67999999999999994 0.3539547783724169
0.15790537898344004 0.17143393361127707 -0.080000000000000002
-0.080000000000000002 0.27872593604116574 0.17343557729333978
0.21764153820011978 0.67999999999999994 0.1140455538457289
0.99174489294793455 0.066316079644002546 -0.080000000000000002
-0.080000000000000002 0.59240643931965364 0.39132701051043295
0.29620757236084005 0.45424367183502956 0.48000000000000004
1.0800000000000001 0.098985216955216671 0.21818858092472324
0.94943080477311059 0.13229854217444234 0.48000000000000004
0.97230937104426252 0.10594019734115734 0.48000000000000004
0.12555747591095101 0.0087670113233840885 -0.080000000000000002
0.75022534117663553 0.16767633172959776 0.48000000000000004
0.94242508998214092 0.2326832762413521 0.48000000000000004
0.65254955220601485 -0.080000000000000002 0.12383075055686805
1.0800000000000001 0.20474505198633608 0.30637907456754188
-0.080000000000000002 0.16927287231024613 0.26914567755552543
0.99133550629723055 0.33192360037824181 -0.080000000000000002
1.0800000000000001 0.56378035686391637 0.12720892545231849
0.57520932688201298 0.18455199400321587 0.48000000000000004
0.22769122278762266 0.53449368597875146 0.48000000000000004
0.10550520156020027 0.16008853413752239 -0.080000000000000002
0.5723179079542482 0.67999999999999994 0.25780254532199276
0.21916604161578568 0.033750753033691461 -0.080000000000000002
0.84264534193271823 0.10859517300768397 0.48000000000000004
0.66062453087045059 0.22034152856056183 0.48000000000000004
1.0800000000000001 0.53881854105802351 0.29508467718575659
0.012427496466847598 -0.080000000000000002 0.36056158636589852
0.99161348489528645 -0.080000000000000002 0.25959536891190516
0.53300512298413427 0.50590739554120712 -0.080000000000000002
-0.080000000000000002 0.23147175977645279 0.037265057044280472
0.36017375461270229 0.32809647002933545 0.48000000000000004
0.24692800676744897 -0.080000000000000002 0.11799514648807637
0.95514471391726752 0.16782601821114201 -0.080000000000000002
0.50698607415975061 -0.080000000000000002 0.069256249664122693
0.53346330320741231 0.57841036972818904 0.48000000000000004
0.89499034332520799 0.67999999999999994 0.1751624021018553
1.0800000000000001 0.12183456619060246 0.11152513952041626
0.25072863023101055 0.52688369203481422 -0.080000000000000002
1.0800000000000001 0.0042193267626321473 0.018825710471595737
0.0061600322792020323 -0.080000000000000002 0.08706914355550853
0.63005046948348153 -0.080000000000000002 0.13456454197374801
0.53118140231174504 -0.080000000000000002 0.012365681232348403
0.40313706679484285 0.67999999999999994 0.032632572897670853
0.022718933780937256 0.67999999999999994 0.024016503024949287
0.91790610546896578 -0.080000000000000002 0.11180417959988437
-0.080000000000000002 0.42151974498840955 0.031154840439613321
0.10376352974139824 0.67999999999999994 0.14656628172331021
0.34662089860548262 0.36539425258650182 0.48000000000000004
0.93246826518349069 0.41325168690169356 -0.080000000000000002
0.4947289217092119 -0.080000000000000002 0.26337276772901863
0.2776297710640413 0.099685379253012171 0.48000000000000004
0.80715440453067744 0.53594228316847381 -0.080000000000000002
0.049086610721814194 -0.080000000000000002 0.34578138475499276
0.91458711397023651 0.35471516262928343 0.48000000000000004
0.91636336388518536 0.04045593558863092 -0.080000000000000002
0.71441297895052047 -0.080000000000000002 0.30286701441666525
1.0800000000000001 0.45320156732319428 0.10082813931232598
0.72595608865342165 -0.080000000000000002 0.18603939218939322
0.69192354540403844 0.40186861961945719 -0.080000000000000002
0.64870333056262064 0.118921226644911 0.48000000000000004
0.16569354012449022 0.67999999999999994 0.17035831835087409
1.0800000000000001 0.35024217557695392 0.15073531225372958
0.30546678025143204 -0.080000000000000002 0.086448197125389162
0.83963765908452281 0.67999999999999994 0.28878876962838324
0.058238214787464937 0.42369888676656836 0.48000000000000004
0.13901450814177729 0.13092321155570233 0.48000000000000004
1.0800000000000001 0.30947739952846459 0.23875862563697173
0.53535392408702442 0.57860929240298331 -0.080000000000000002
0.35009677538163819 -0.080000000000000002 0.26471121540768361
0.83825903247708089 -0.080000000000000002 0.21175095175604006
0.72025300617903043 0.67999999999999994 0.064927457459257765
0.36478742035830258 0.5022626985458668 -0.080000000000000002
0.5815286119046521 0.48035081789793826 -0.080000000000000002
0.49716008592188543 0.44846268297186387 -0.080000000000000002
0.63930080303584824 0.45010053022754459 0.48000000000000004
0.38252904965642753 0.52327775366351637 -0.080000000000000002
0.094662996097748975 0.33748237828211036 -0.080000000000000002
0.18661772157622847 0.55889398271953039 0.48000000000000004
0.36144009058668192 0.51377801046201654 0.48000000000000004
0.033907747642783037 0.0098247019243226097 0.48000000000000004
0.45908294097829871 -0.080000000000000002 0.0053870159705520677
0.43164437452278226 0.41612318202019094 0.48000000000000004
0.8694373989183013 0.26093547986619903 -0.080000000000000002
0.89266437619666872 0.67999999999999994 0.020975585969072966
-0.080000000000000002 0.15847364673941916 0.051547682620400485
0.78509831000727781 0.2058963563769422 -0.080000000000000002
0.92534213601010606 0.13147601898210548 -0.080000000000000002
1.0800000000000001 0.58129080382569276 0.24828825960418086
0.99857572344165368 0.67999999999999994 0.053215856059621737
0.99471105692372741 -0.080000000000000002 0.20716575038450041
1.0800000000000001 0.33066792282366236 0.22481327601657594
0.71668971290675054 0.55554511113285254 -0.080000000000000002
1.0800000000000001 0.010332429385969899 0.36928677313092528
0.3928898542518362 -0.080000000000000002 0.25130622953307646
0.69671266923768227 0.67999999999999994 0.07018988284081891
0.22047611616578855 0.67999999999999994 0.13807894291165845
0.69413913381076919 0.18161026936402336 -0.080000000000000002
0.43599288537647485 0.53466442653969992 -0.080000000000000002
0.70455820657957924 0.11014107143146554 0.48000000000000004
0.36163715425171894 -0.080000000000000002 0.055855504339014456
0.089011669898924617 0.49057428692490757 0.48000000000000004
0.51544298450947423 -0.080000000000000002 0.221788848173745
0.58378766098571433 -0.080000000000000002 0.17375115651573655
0.6009016825939314 -0.080000000000000002 0.28153591385183319
0.55762501083934357 0.0063226529703886755 0.48000000000000004
0.15266385122894088 -0.080000000000000002 0.22375303766759874
1.0800000000000001 0.037879678173991849 0.36554360668998281
0.96393955897844452 0.67999999999999994 0.39092932907175082
0.59726684646286632 0.063686281510401538 0.48000000000000004
-0.080000000000000002 0.20177846676655908 0.32804821223768199
0.13946544077145073 0.011890863253287009 0.48000000000000004
0.90234260832975344 0.67999999999999994 0.26828546212211984
0.46933997571460373 0.17506055091093997 0.48000000000000004
0.95534207474619326 0.58182410550803287 -0.080000000000000002
1.0800000000000001 0.42245835481753091 0.36103349937966878
0.31192436485380981 0.51070266058336489 0.48000000000000004
-0.080000000000000002 0.41362972252854779 0.14239361824657168
0.04749685619740418 0.277249051299085 0.48000000000000004
0.90311558382513135 0.40972990577932045 -0.080000000000000002
0.94599868730150105 -0.080000000000000002 0.15308276934710474
0.93401885284798669 0.25419184023363789 0.48000000000000004
0.021366198104945777 -0.080000000000000002 0.38192877032625816
0.8321689144992791 0.062204695079538519 -0.080000000000000002
0.22554380441167265 0.25643122840967736 -0.080000000000000002
0.61133482095374558 0.67999999999999994 0.069224984376081933
0.59805054439625349 0.35141367610603086 0.48000000000000004
0.89287023600370719 -0.080000000000000002 0.2203148255172053
0.96438974571359359 0.67999999999999994 0.035621314980060735
0.51712169436239586 -0.080000000000000002 0.12452297226714114
0.35711979646696967 0.67999999999999994 0.32318943320532595
-0.080000000000000002 0.35403421895728016 0.012807440896118294
0.37305363143122272 0.67999999999999994 0.17983124979636536
0.29291962819764905 0.38981343679410363 0.48000000000000004
0.033196156183259107 0.58371634152848217 0.48000000000000004
0.59866188242789165 0.14226532175839318 -0.080000000000000002
-0.080000000000000002 0.40363467612882103 0.29212157516024273
-0.080000000000000002 0.16866733370265763 0.076588618521331503
0.76873802408567105 0.67999999999999994 0.22305477819815656
0.76104843277643042 0.25254829741088092 -0.080000000000000002
0.68248984393126444 0.36394147920055347 0.48000000000000004
0.09283990438338019 0.35939025850339634 -0.080000000000000002
0.45473390072010755 0.11838244582188244 0.48000000000000004
-0.080000000000000002 0.2534421101886466 0.25647901035218124
0.59200786016407847 0.36817803229310275 -0.080000000000000002
0.67286675780781313 0.34427153681811373 -0.080000000000000002
0.24031482795042769 0.67999999999999994 0.21166882896246794
0.58934371501932636 0.0067753232036541263 0.48000000000000004
0.17955342448661271 -0.080000000000000002 0.090000397354622674
0.16062060469799933 0.34964776427930749 -0.080000000000000002
0.49949801111715386 0.073804287594674292 0.48000000000000004
0.46551460344090934 0.54306091013350066 0.48000000000000004
1.0800000000000001 0.49705327320410347 0.048675216803010679
0.92205956179488835 0.3848152528765752 0.48000000000000004
0.1418979048018072 0.67999999999999994 0.060083874715121943
-0.080000000000000002 0.35849814663031421 0.16230142766166245
0.015115803581189358 0.2444711357461968 0.48000000000000004
0.23658467271381545 0.46665765880241139 -0.080000000000000002
0.90279193241701861 0.67999999999999994 0.14821343364037773
0.17205224972023336 0.32075947843653863 -0.080000000000000002
0.47231242224867265 0.44364259528468908 -0.080000000000000002
0.77766709813582968 -0.080000000000000002 0.27692476482774186
0.10935425791277154 0.052311748474291986 -0.080000000000000002
-0.080000000000000002 0.25667753393955622 0.30805529683370936
0.99461279119549539 0.26003630635917091 0.48000000000000004
0.40917077956598491 0.0067572298473433934 -0.080000000000000002
1.0800000000000001 0.42239439082142755 0.14659529068274524
0.12820904830396274 -0.080000000000000002 0.11190059421238918
0.60962359688115497 0.53958336314056277 0.48000000000000004
0.016448642874810182 0.13564679453074119 -0.080000000000000002
0.54039565297464809 0.3038527723346594 -0.080000000000000002
0.81494953879496757 0.42771198189547066 -0.080000000000000002
0.82362531436446929 -0.080000000000000002 0.054227739275919264
0.5554594989418572 0.33354134997001761 0.48000000000000004
0.60969624861882832 0.19981738326644261 0.48000000000000004
0.44694145846530642 -0.080000000000000002 0.31888907186626686
-0.080000000000000002 0.03928332288202134 0.15300576140407954
0.18551435517460313 0.10658657283548728 -0.080000000000000002
1.0800000000000001 0.14811242705521854 0.18017999340093485
-0.080000000000000002 0.53149756891858257 0.21752328656052469
0.042304993797434243 0.67999999999999994 0.00015123395286016362
0.80095979319222654 0.28673794308329154 -0.080000000000000002
0.22297760760016605 0.39673681970245955 0.48000000000000004
0.55409574444989129 -0.080000000000000002 0.29696933432267147
0.93230249128938136 0.67999999999999994 0.31997757630554907
0.15238918309350891 0.67999999999999994 0.23152328976824568
0.96676209257892642 0.039326748910925469 -0.080000000000000002
0.84684438565689302 0.67999999999999994 0.35132282306456408
0.64507658685798375 0.67999999999999994 0.032063290840528856
0.39336881490390552 0.29286415775417507 -0.080000000000000002
0.53020999689154069 0.55133893626580299 -0.080000000000000002
0.59693048630412004 -0.080000000000000002 0.054377654489282494
0.98071557785497943 -0.080000000000000002 0.28274306233412083
0.81534868035273678 0.050144918929384774 -0.080000000000000002
1.0800000000000001 0.14407413285783671 0.032796712842454535
0.11704363236284221 -0.080000000000000002 0.28951779645254772
-0.080000000000000002 0.057234727649160107 0.21010037284203667
0.39092999068360301 0.44869740098486621 0.48000000000000004
1.0800000000000001 0.56434438847701773 0.34365702783273566
0.12727363891942911 0.32903785237754757 -0.080000000000000002
-0.080000000000000002 0.59249577357885475 0.031373327619431547
0.57841345288685464 0.42542934435718299 -0.080000000000000002
1.0800000000000001 0.10760633888365939 0.35255814995488682
0.64176326812049056 0.039850722002939043 0.48000000000000004
1.0800000000000001 0.53296492664899731 0.14783623858938139
0.1675628448672386 0.67999999999999994 0.0012643376225266679
0.93160485240169566 0.16504752542743972 -0.080000000000000002
0.26529120109530779 0.67999999999999994 0.039568360133807892
0.34326102707971196 0.67999999999999994 0.20818298415581482
0.076294840905052341 0.22518600545013309 0.48000000000000004
0.22876518211478047 0.39954337420209046 -0.080000000000000002
0.83671657067835981 0.34758446659759645 -0.080000000000000002
-0.080000000000000002 0.57028593098403946 0.037630977262387066
0.51769978131022187 0.2350461409275113 0.48000000000000004
0.85476835662376449 0.23994444713688201 0.48000000000000004
0.38832543027640787 0.67999999999999994 0.36986751622775199
0.94717393128813621 0.14492176400862933 -0.080000000000000002
0.23424636703476998 -0.080000000000000002 0.19072334651579778
0.51712300547739853 0.67999999999999994 0.33443018370190125
0.081721432951404216 0.069523958657830204 0.48000000000000004
0.55162259900348332 0.027688023902267368 0.48000000000000004
0.65185216853869399 0.67999999999999994 0.28653094168016296
0.2808274677249738 0.51892680481052345 -0.080000000000000002
0.76360017604695185 0.41657832407697626 0.48000000000000004
0.68389749701290026 -0.080000000000000002 0.25726355256455702
0.013949826634577556 0.101745458360125 -0.080000000000000002
0.38126377525509736 0.13517983431991254 -0.080000000000000002
0.16425769579525473 0.67999999999999994 0.084088943497906521
0.17021470479547973 0.44980225300665089 -0.080000000000000002
1.0800000000000001 0.28584285631616074 0.36960460753597141
0.337429281437161 0.67999999999999994 0.33126809326748441
0.53953685923140127 0.17189466424178579 0.48000000000000004
0.46349627264015492 0.67999999999999994 0.11338219943627457
0.85275791708367366 -0.080000000000000002 0.27141096768356376
0.53723338946110122 -0.080000000000000002 0.33141716238106605
0.24596745344247495 0.04792393451789001 -0.080000000000000002
-0.080000000000000002 0.14552975412240715 0.020113787597333802
0.85780057180878 0.42085090358998356 -0.080000000000000002
0.69647716730671105 0.67999999999999994 0.1348388563382831
0.0096707676235617823 0.67999999999999994 0.12239462589849825
0.13779252808827758 0.43058491815698852 0.48000000000000004
0.82481188793280247 0.069498715681370629 0.48000000000000004
0.36351997447604012 0.13969960896613484 0.48000000000000004
1.0800000000000001 0.24106695279306034 0.084806279115025168
0.046922176180022257 0.54216309269022112 0.48000000000000004
-0.080000000000000002 0.45920101283982906 0.08172062044053599
0.28485114862343053 0.67999999999999994 0.10141880129842794
0.97095797874307643 0.67999999999999994 0.37156609535726282
-0.080000000000000002 0.082208782830153551 0.15260446694622609
0.10475231537225937 0.12536034729588019 -0.080000000000000002
0.33531162379032664 0.67999999999999994 0.14600410458407859
0.35327653946318871 0.39895564817619067 -0.080000000000000002
0.85873315606372447 0.4653206947017855 0.48000000000000004
0.084440281747188539 0.40679674388932596 -0.080000000000000002
0.90643220627308885 0.045966452231410826 0.48000000000000004
0.90642175164299099 0.37075250090084366 -0.080000000000000002
0.29265426543739481 0.36790291322853802 -0.080000000000000002
0.24533020430240549 -0.080000000000000002 0.25370941176478456
0.54229295028670021 0.12129175859054275 -0.080000000000000002
0.38259020142545441 -0.080000000000000002 0.21085545884777945
0.87240478239991304 0.15973855276895904 -0.080000000000000002
0.51167716531474539 0.56701631434973498 -0.080000000000000002
0.64532745934571378 0.39589794134892814 0.48000000000000004
0.1372363321351926 0.027214539618418909 -0.080000000000000002
0.058152578981267244 0.53992143149525629 -0.080000000000000002
0.086603381389404599 0.1565620816775426 0.48000000000000004
0.66514973507753339 0.14963417937618217 0.48000000000000004
0.76181515596885052 0.12553320634350926 0.48000000000000004
0.06476367518459436 0.18719810172574636 0.48000000000000004
0.071293249062208131 0.67999999999999994 0.21417880181991161
0.29601264106254255 0.67999999999999994 0.39081338389304521
0.92683847715946333 0.043857575824115737 0.48000000000000004
0.067185951007242339 0.67999999999999994 0.38091044991943601
0.53314235602655913 0.36349708756020066 0.48000000000000004
0.91845138137672444 0.13818888389040868 0.48000000000000004
0.49709095743230047 0.22218220043850198 0.48000000000000004
0.096891740670528193 0.24478941633166273 0.48000000000000004
0.84991715206743423 0.023177958655910814 0.48000000000000004
1.0800000000000001 0.31539988021596338 0.36699889369693933
0.67656805958224198 -0.080000000000000002 0.16312815088258636
0.90929610553943307 0.67999999999999994 0.055131413822569676
0.3598899234783518 -0.080000000000000002 0.14513741583277714
0.75351432326704615 0.67999999999999994 0.28546512762880299
1.0800000000000001 0.14550595495732022 0.22676614870187933
0.14976141474642413 0.23330727522276196 -0.080000000000000002
-0.080000000000000002 0.31945457927915566 0.24893161356876431
0.74861087953519467 0.67999999999999994 0.21668540809654388
1.0800000000000001 0.48045258872838914 0.27628663400158365
0.984537746834525 0.35995895103785425 0.48000000000000004
0.44783754607759108 0.2535317036564293 0.48000000000000004
0.89526296203607758 0.67999999999999994 0.094469704085465844
0.064370364854142825 0.67999999999999994 0.17857807201768749
0.086180084503385657 0.28669212392123999 -0.080000000000000002
1.0800000000000001 0.017534916022098002 0.063547873030049606
0.32249030082023133 -0.080000000000000002 0.39101448138606143
0.51869050974956854 0.26362864616999016 0.48000000000000004
0.4515716152273237 0.14008437750614122 -0.080000000000000002
0.39098013012698007 0.34472054570785998 -0.080000000000000002
0.97874714892930648 0.20322780145884253 0.48000000000000004
-0.080000000000000002 0.050521755904156369 0.23729901949907686
0.91306435323546864 -0.080000000000000002 0.3321214804954547
0.7106253602471283 0.44298503707667836 -0.080000000000000002
0.43940382988556115 0.38883626332659094 -0.080000000000000002
0.61917862695108661 -0.080000000000000002 0.34545940828090588
0.99671335425974994 0.44209433048148417 -0.080000000000000002
0.85689245906717371 0.67999999999999994 0.13648229189521999
-0.080000000000000002 0.59446504292674507 0.18433545961644582
0.27871262016262954 0.063402805957973318 -0.080000000000000002
0.72128836678093078 -0.080000000000000002 0.26808898438060169
0.46502902835232274 0.056186340648048547 0.48000000000000004
0.71207482647939002 0.065059294018027347 -0.080000000000000002
0.86799868008691439 0.20827089235147428 -0.080000000000000002
0.3920449319554109 0.67999999999999994 0.081608226404761022
0.86072849431742937 0.56147010274833353 0.48000000000000004
0.35340365097167625 0.080970360651157411 0.48000000000000004
0.88152697950116987 0.43739044344153111 -0.080000000000000002
-0.080000000000000002 0.4486032006128351 0.00042314296303076483
0.21101524265729987 0.10560917043802365 -0.080000000000000002
0.39533002942500972 -0.080000000000000002 0.33566759724600004
0.57206333642134855 0.54958435339483092 0.48000000000000004
0.24144897278188804 0.44872338799453332 0.48000000000000004
0.40495595554909714 0.67999999999999994 0.29078341629340787
0.46600920231481202 0.22568112426990866 -0.080000000000000002
0.52319895665381622 0.67999999999999994 0.25232246401223601
0.38320241970306856 0.17883170822908553 0.48000000000000004
0.8206708950277708 0.67999999999999994 0.35251447381316886
0.78896006131242247 0.67999999999999994 0.26867087331414857
-0.080000000000000002 0.41842921468330341 0.087682206873803376
-0.080000000000000002 0.59601633903082696 0.15685065400318404
0.34109218145013276 -0.080000000000000002 0.19260772978461974
0.066320967715879364 -0.080000000000000002 0.072105008995349704
-0.080000000000000002 0.24981346719943154 0.11831504456577951
0.85746307215599638 0.50462855998909928 -0.080000000000000002
-0.080000000000000002 0.28651646763510014 0.26256693501725026
0.74314354148210238 -0.080000000000000002 0.39986824406907584
0.31503272861265375 0.25631774834439847 -0.080000000000000002
0.39603029823095426 0.37959486532323988 0.48000000000000004
0.33806965911291986 0.063368645746287866 -0.080000000000000002
0.067381997410033478 0.51860968471336621 -0.080000000000000002
1.0800000000000001 0.18263712955295108 0.10194655600073754
0.52702212159858519 0.49868651260886532 0.48000000000000004
0.4993634887886228 0.17107228134867425 0.48000000000000004
0.096613691569853888 0.67999999999999994 0.3428711987386901
0.67414441426964899 0.67999999999999994 0.30465215286856528
0.89993149055649935 0.28098208732339369 0.48000000000000004
0.91377425464579043 0.28376807538225274 -0.080000000000000002
0.63431682839642767 0.31740480787899628 0.48000000000000004
-0.080000000000000002 0.30658616353935919 0.040377931218882779
0.92140493088701192 0.5811155769316485 0.48000000000000004
1.0800000000000001 0.30206614748947663 0.073263601927078842
0.42746557877193647 -0.080000000000000002 0.33006978938559445
0.46639226079304164 0.57357707136638147 -0.080000000000000002
0.7040403784893301 -0.080000000000000002 0.18660467676871303
0.70696502272532735 0.5254410129265662 0.48000000000000004
0.77034744824087231 0.67999999999999994 0.05452884803760636
0.43005706406678568 0.017998901357359931 -0.080000000000000002
0.84102129097677347 0.2932232748407459 -0.080000000000000002
0.090529765172933652 0.67999999999999994 0.17150947184194776
0.82823014961293229 0.67999999999999994 0.39170856023237799
0.71546052626727163 0.67999999999999994 0.31926460435608739
0.17637303663704362 -0.080000000000000002 0.26354652454997651
0.080183728450496483 0.67999999999999994 0.033258947519864246
-0.080000000000000002 0.25804422854004239 0.2022146811056906
0.71492794514855029 0.13226412722736441 -0.080000000000000002
0.80204519998201229 -0.080000000000000002 0.08836475427911239
0.47125713142058367 -0.080000000000000002 0.12865832018771042
0.12136209354056349 -0.080000000000000002 0.37518302127940129
0.018463292915694152 0.67999999999999994 0.29139388871196437
0.71892520676494531 0.4866810117825377 -0.080000000000000002
-0.080000000000000002 0.51708192830353628 0.16524954661993185
0.1782164111604102 0.67999999999999994 0.22112017922887506
-0.080000000000000002 0.29029576514882099 0.11028685280650148
0.30618250680356685 0.46464489075828719 -0.080000000000000002
-0.080000000000000002 0.4490643045112932 0.18157649693991271
0.36673825336498578 0.67999999999999994 0.22022912502815195
0.010782010770872485 0.55803444895644216 0.48000000000000004
1.0800000000000001 0.19471686552345985 0.23652231642038518
0.64116721618364725 0.25296225081563423 -0.080000000000000002
0.2430208558413558 0.4428324253235093 -0.080000000000000002
1.0800000000000001 0.39681695110832138 0.099966286627416689
-0.080000000000000002 0.33846979818945166 0.27961512840283759
0.86500903047926181 0.046568904277960899 -0.080000000000000002
0.19433794498554402 0.0061216038120657235 -0.080000000000000002
0.89664720894219074 0.064767263678388254 -0.080000000000000002
0.39563903987535487 -0.080000000000000002 0.12311093096798049
0.47087031157200843 0.20171574005395032 -0.080000000000000002
0.71906558167849621 -0.080000000000000002 0.39494410280222297
0.65529341813704522 0.67999999999999994 0.06016965615407819
0.32092316794766962 0.17159172303899251 0.48000000000000004
0.61741885017160347 0.39300613747013236 -0.080000000000000002
0.22096937931392835 0.079851313162634274 -0.080000000000000002
0.61011973626598659 -0.080000000000000002 0.21331845256025841
0.94205098560730305 0.086956737198528589 -0.080000000000000002
-0.080000000000000002 0.22863137370033448 0.064929185683346935
0.7398269024439601 0.67999999999999994 0.011591337138590242
0.51464951404403192 0.67999999999999994 0.1632416129089288
0.15369744636246996 -0.080000000000000002 0.0092350528161585736
-0.080000000000000002 0.1105835660218317 0.2602596637897921
0.42176925819206967 0.32110013444870772 -0.080000000000000002
0.39531591931952181 0.47182795243734293 0.48000000000000004
1.0800000000000001 0.38182949516150533 0.19850754529786585
0.81175355963061635 0.34011866316090383 -0.080000000000000002
-0.080000000000000002 0.23877448749495536 0.15112023552661455
0.44547257066715429 0.35863103759076936 0.48000000000000004
0.0074494609265949308 0.37040462174622407 0.48000000000000004
0.50018542615722483 0.22400471937570221 -0.080000000000000002
0.29157740738396765 0.10425779878817021 -0.080000000000000002
0.86294729545800608 -0.080000000000000002 0.09936861634063876
1.0800000000000001 0.49098480527414251 0.13923076268883161
0.61792490687774748 -0.080000000000000002 0.18606107658916021
-0.080000000000000002 0.036135771393830597 0.058825609531195977
-0.080000000000000002 0.070823034561546372 0.17950463608015466
0.21605085263236024 0.67999999999999994 0.16592006347119592
0.51479587062902243 0.138418464642031 -0.080000000000000002
0.39360401169006909 0.083066253658306902 0.48000000000000004
0.81233389259161437 0.50226990759032808 -0.080000000000000002
0.11862289383549562 0.47247646272394539 0.48000000000000004
0.17622499600172914 0.39649147559773207 -0.080000000000000002
0.78448290706611401 0.34910686372619276 -0.080000000000000002
0.17079174236785033 -0.080000000000000002 0.34103292581026146
0.17448038494221407 -0.080000000000000002 0.24329370702506981
0.80675119796104311 0.25181659286540642 -0.080000000000000002
0.83772480073381728 0.67999999999999994 0.31218913146454197
-0.080000000000000002 0.2035033815662681 0.015017063840062806
0.64550419346152765 0.18953021461977626 -0.080000000000000002
0.69900243189612088 0.67999999999999994 0.27657339295085198
1.0800000000000001 0.41117082793304416 0.33747364402296864
0.61368363739467646 -0.080000000000000002 0.3850228267117517
0.85776767521527286 0.67999999999999994 0.09739157364091354
-0.080000000000000002 0.12108939498309274 0.38453490710365767
0.81085336462729685 0.53263045939374776 0.48000000000000004
0.65826986472145133 -0.080000000000000002 0.18785486797440054
0.36701744254488422 0.10883716681155642 -0.080000000000000002
0.92872706606089817 0.51511774214750161 0.48000000000000004
0.22000802593677249 0.03806683250743876 0.48000000000000004
0.68060072473728661 0.67999999999999994 0.15478239771166258
0.84953778378141165 -0.080000000000000002 0.32836018629944991
0.98824604342960731 0.67999999999999994 0.2428098290238169
1.0800000000000001 0.36001443315034343 0.23149086865536819
0.59675600324650235 0.50458822598265218 -0.080000000000000002
1.0800000000000001 0.29338348311866108 0.14705588556706792
1.0800000000000001 0.068277709831705446 0.34068886445385393
0.87612057704077395 0.55874589749342696 -0.080000000000000002
0.91710817117955001 -0.080000000000000002 0.013287413878398491
0.56180113080213734 -0.080000000000000002 0.13416378840012141
0.43809721754109243 0.23480384429171033 0.48000000000000004
0.047942966515202579 0.04823544344588937 -0.080000000000000002
0.77821680862444453 0.48183077301202476 0.48000000000000004
-0.080000000000000002 0.30490894768697074 0.083061179616860423
0.20502961135098696 0.50134362379714958 -0.080000000000000002
0.63433460630219607 0.67999999999999994 0.069435312037013294
-0.080000000000000002 0.54321457800248607 0.051736840703107981
0.95099761916937953 0.4027627546023142 0.48000000000000004
0.17964877768950482 0.48263209685420572 0.48000000000000004
0.69788832099857512 0.34649624467143281 -0.080000000000000002
0.77675398504629467 0.31825637159292491 -0.080000000000000002
0.59618073307768926 0.27964723422050103 0.48000000000000004
0.54232518295561138 -0.080000000000000002 0.26269689479745972
0.78986446611756589 0.53894617803546396 0.48000000000000004
0.19735710749554491 0.33196359682510335 -0.080000000000000002
0.55188199322010001 0.18117091807846952 -0.080000000000000002
0.038334948367988786 0.51388999128473467 -0.080000000000000002
-0.080000000000000002 0.022624234556987564 0.21524345853386562
0.24609977793583748 -0.080000000000000002 0.28790553516252809
0.21216047597360588 0.28110322023338119 -0.080000000000000002
0.8622777048624316 0.0062316437879199604 -0.080000000000000002
0.9258548179684567 0.67999999999999994 0.21840316667427936
-0.080000000000000002 0.25691743302840497 0.054652179145082518
0.44726473304842118 -0.080000000000000002 0.36928103800867357
0.38902001844815381 0.51612627595307237 0.48000000000000004
0.33089081722828184 0.52195159898620058 -0.080000000000000002
0.13054497814144628 0.57218433483058051 0.48000000000000004
-0.080000000000000002 0.51324643827754524 0.23569611974186577
1.0800000000000001 0.32509614296433365 0.090372157563276989
0.092566096995003733 0.48024423136301903 -0.080000000000000002
0.22215518769894449 -0.080000000000000002 0.061336137683530724
1.0800000000000001 0.061934824809089184 0.25167762186261289
0.50172067943148047 0.35938205563645387 -0.080000000000000002
0.17477596120457595 0.26314196243152721 -0.080000000000000002
0.35582164512523107 0.24208889859196459 -0.080000000000000002
0.60652592459445975 0.14447132527074669 0.48000000000000004
0.56670945331765987 0.59551255207305631 0.48000000000000004
0.30058018557133082 0.13280724449493889 0.48000000000000004
0.013329881241377239 0.53107051905007319 -0.080000000000000002
0.71077931531148808 0.34035774071074848 0.48000000000000004
-0.080000000000000002 0.42766216141113117 0.30747803287802355
0.75586370366040079 0.56232929868304538 0.48000000000000004
-0.080000000000000002 0.14575123161696135 0.31662977218318489
1.0800000000000001 0.42916198677031392 0.086325985236562014
0.40971198542204579 0.519660597279888 0.48000000000000004
0.17648634142279418 0.58077801638685789 0.48000000000000004
0.35508578311318939 -0.080000000000000002 0.35791144678024001
1.0800000000000001 0.25781953526688772 0.27239755364575546
0.11312307050045778 0.67999999999999994 0.27009837094791611
0.63414785106533589 0.35993421548763882 -0.080000000000000002
0.23915892320687648 0.56783401423941648 0.48000000000000004
0.17894672001100131 0.070000364418706051 -0.080000000000000002
0.38881318359781014 0.55120196213631467 0.48000000000000004
0.65643537733436075 -0.080000000000000002 0.25932985458185553
1.0800000000000001 0.45553777571948484 0.21359268754233326
0.35779268408103981 0.45612028656689707 -0.080000000000000002
0.071929858077578901 -0.080000000000000002 0.019567364955190937
0.065805943108820375 0.5257275658476166 0.48000000000000004
0.35592813714581195 0.10733632716642069 0.48000000000000004
0.28969900345177113 0.67999999999999994 0.16332017136838939
0.87820513659018773 -0.080000000000000002 0.23803654632646154
1.0800000000000001 0.4649685201211794 0.25718951562273773
-0.080000000000000002 0.15815115183583875 0.35204735886101274
0.69463208491033879 0.41984108244329366 0.48000000000000004
0.30780180268742852 0.43060316526087428 0.48000000000000004
0.19984111974400875 0.33353672162926351 0.48000000000000004
0.980419369202157 0.67999999999999994 0.18562781044012056
0.95157651067320115 -0.080000000000000002 0.10254899830058017
0.80961977978064537 0.67999999999999994 0.25711813861770522
0.56387053347169003 -0.080000000000000002 0.33782490172169055
0.4807905808466707 0.29043435690005931 -0.080000000000000002
0.43715871658092853 0.67999999999999994 0.098381032089509421
0.48922239545166557 0.043621377146085272 -0.080000000000000002
1.0800000000000001 0.024350621937108574 0.033134713729605192
0.32697267638712346 0.59594787224680068 0.48000000000000004
0.47090588324036486 0.49353997857844439 -0.080000000000000002
0.45053390756843337 0.023571008391555903 -0.080000000000000002
-0.080000000000000002 0.26721743900104861 0.39938895685302755
0.19035363148567375 0.56777590475278561 -0.080000000000000002
-0.080000000000000002 0.24866375304816801 0.37039923489917853
0.47610349689901488 0.20540791741803147 0.48000000000000004
0.52983692714766117 0.011274113528021212 -0.080000000000000002
0.30829997127509889 0.073485079390838481 -0.080000000000000002
0.2434098202494015 -0.080000000000000002 0.3957614170588899
-0.080000000000000002 0.14286940181305813 0.13588200213093077
0.69490423031566551 0.45747213082287108 -0.080000000000000002
1.0800000000000001 0.37534041419439612 0.035348341329099545
0.74481261329600479 0.18998085031389689 -0.080000000000000002
0.96829453098018681 -0.080000000000000002 0.17684046996802449
0.94407516351750309 0.67999999999999994 0.1791365073575174
0.91719374787731078 0.67999999999999994 0.39063292045975123
0.56948698243205698 0.52613506286050815 0.48000000000000004
-0.080000000000000002 0.30588477994950447 0.35613823264602407
0.43473119559714912 0.67999999999999994 0.30103562491614716
0.13427231025217734 0.67999999999999994 0.26807307439903494
0.089286830068405099 0.2216666102693069 -0.080000000000000002
0.14993810244307848 0.08050338339460128 -0.080000000000000002
0.44449260995998163 0.67999999999999994 0.38843125681355684
0.98835878576391045 -0.080000000000000002 0.11355544073395935
0.20367998265104803 0.45710422430720171 -0.080000000000000002
0.8261137338423753 0.67999999999999994 0.14873163731122371
0.80969612140560965 0.67999999999999994 0.12094643267611156
0.57282094073669887 0.03305452209150201 0.48000000000000004
0.4180834589364284 0.55319614494579505 -0.080000000000000002
0.45824581105249595 0.67999999999999994 0.17961982087146719
0.4909052806548061 0.32559759663101895 -0.080000000000000002
0.44481838923897554 0.30533965321612627 -0.080000000000000002
-0.080000000000000002 0.049351972951139821 0.27576196589189284
0.57402852177095365 0.67999999999999994 0.33081658197740649
0.43348445076023756 0.67999999999999994 0.04095047592606247
0.9414427303054379 0.67999999999999994 0.0071727805858502252
0.36018512426281246 0.16855132713840193 0.48000000000000004
0.50486700904622905 0.30876829999958905 0.48000000000000004
0.91812680376117617 0.47010631782138501 -0.080000000000000002
0.89302301406859896 0.3544873491882029 0.48000000000000004
0.68673876897517494 0.053031661793980778 0.48000000000000004
0.62158728607910074 0.053330154535665787 0.48000000000000004
0.70548550212274874 0.43778109593602538 0.48000000000000004
0.93811930291452394 0.67999999999999994 0.23555730270251868
0.80118189414892615 0.14893895076892283 0.48000000000000004
0.4844594440500084 -0.080000000000000002 0.046320239379307009
0.32403644609783755 0.017552624636462899 -0.080000000000000002
0.3359705939318911 0.1004839133678804 0.48000000000000004
0.59464904315895384 0.67999999999999994 0.16451606205592456
0.016650462977174985 0.51104334732875834 -0.080000000000000002
0.97447341804298604 -0.080000000000000002 0.39527501574971291
0.90625427398493275 0.59304503379996831 -0.080000000000000002
0.64009270340648572 0.19954963287478478 0.48000000000000004
1.0800000000000001 0.30904555885864238 0.019957334724136324
0.20333195665608106 0.45167574438486258 0.48000000000000004
0.73359490170292818 0.58211282383116747 -0.080000000000000002
0.70616067154520223 0.082374244389091647 0.48000000000000004
-0.080000000000000002 0.48983521222754167 0.10652321545058802
0.95127953483005334 0.022141056246205215 -0.080000000000000002
0.6556023973597348 -0.080000000000000002 0.22462807277937302
0.97137312205353288 0.24086477705796991 0.48000000000000004
0.75502419264365883 0.48600973104009659 0.48000000000000004
0.90903635559553209 -0.080000000000000002 0.052004593629719598
0.28831555043261536 0.029847074577228482 0.48000000000000004
-0.080000000000000002 0.10571910235629831 0.28092594671051951
0.0010243285661979407 0.070760168587795449 0.48000000000000004
0.59276180238138954 -0.080000000000000002 0.37633072493913999
0.80864137680461246 0.29355528004408821 0.48000000000000004
0.70434094763523381 -0.080000000000000002 0.073165188471069786
0.62053929474919378 0.09414846450045089 -0.080000000000000002
0.57828259226021672 0.28734104889513512 -0.080000000000000002
0.14199191911376119 0.67999999999999994 0.030234528329052338
0.80486277721571919 0.45076620471222373 -0.080000000000000002
0.55432577404667649 0.10114136904964854 -0.080000000000000002
0.28658046921314206 0.57958659633008613 -0.080000000000000002
0.99956591760538038 -0.080000000000000002 0.074269239098719686
0.24771537411437095 0.67999999999999994 0.15644909120952477
-0.080000000000000002 0.12561000258528479 0.079664632262816643
0.011436209618702953 0.58766432765941568 -0.080000000000000002
0.24432246656950307 0.67999999999999994 0.30019720786530157
0.56119422869295965 0.67999999999999994 0.29325577274258258
0.80444038931172845 0.57303409964213403 -0.080000000000000002
0.31314796228401065 -0.080000000000000002 0.22096363151363524
0.80195132688340787 0.67999999999999994 0.0027425703241419799
0.25197416519030358 0.39488057526141762 0.48000000000000004
0.97710520261567901 0.41840682115073763 0.48000000000000004
0.12508312926567855 0.67999999999999994 0.17180841871798599
0.092206751218979699 -0.080000000000000002 0.10774435989218674
0.53163262568277503 0.47140085648809726 -0.080000000000000002
0.066207226642522876 0.67999999999999994 0.25492476575848333
0.22755658186817262 0.67999999999999994 0.19593232004245117
0.59042969579490601 0.42012360300706331 0.48000000000000004
-0.080000000000000002 0.017670245253065976 0.012977464443347242
1.0800000000000001 0.38501734073320815 0.33029250042788388
0.88497459816150459 0.1382659470843596 0.48000000000000004
0.096628364951227397 -0.080000000000000002 0.35075358442517235
-0.080000000000000002 0.5107033162121557 0.0053437871211154068
0.48791400407689212 0.67999999999999994 0.11837552391413944
0.77811363445228732 0.67999999999999994 0.36355491012877783
0.66221655949907954 0.11576633036698925 -0.080000000000000002
0.95159659283409537 0.15725950389892338 0.48000000000000004
0.89216123502086031 0.27999071566185751 -0.080000000000000002
0.5661801681577735 0.36253978627909272 0.48000000000000004
1.0800000000000001 0.084397693010797137 0.037512279868102287
0.21428341465343947 -0.080000000000000002 0.093145350879319286
0.34607556790890759 0.19870467070284192 -0.080000000000000002
0.45170349329042336 0.36007043455009169 -0.080000000000000002
0.40377793303832199 0.070339351495590674 -0.080000000000000002
0.59593268204144911 0.67999999999999994 0.3087266533342834
0.93782693539486273 0.19699121851488879 0.48000000000000004
-0.080000000000000002 0.13417756598297348 0.15849002963857775
0.8630783564327259 0.67999999999999994 0.0017138062178199132
0.26578700217147078 0.25865434068345894 0.48000000000000004
-0.080000000000000002 0.3544309151227209 0.041156447450768498
-0.080000000000000002 0.20328376031300097 0.24128969954660071
0.96272589132239517 0.67999999999999994 0.13872832748041816
0.59086749066337463 -0.080000000000000002 0.26358902184053756
0.66085364287824677 0.1723186385751965 0.48000000000000004
0.7391640633136225 0.075522131767336687 -0.080000000000000002
0.33035614257107826 -0.080000000000000002 0.25677105589446858
-0.080000000000000002 0.079368089008312229 0.057139904824892229
0.53342063356566183 0.17049212583263074 -0.080000000000000002
1.0800000000000001 0.16076907295347537 0.14949750914586332
-0.080000000000000002 0.12333642162313246 0.052924415233583093
0.2567155272962045 -0.080000000000000002 0.2148876246268186
1.0800000000000001 0.31522294512063692 0.39964150131430604
0.29211395721322964 0.67999999999999994 0.3054149050686682
0.66767963370192218 0.48174083367450743 0.48000000000000004
-0.080000000000000002 0.29973182718091929 0.14872177479823565
0.012448798319504295 -0.080000000000000002 0.322074278570818
0.75292343777537474 0.10187728354996292 0.48000000000000004
0.66852851977124217 0.092511616554168855 0.48000000000000004
0.83038868280565215 0.67999999999999994 0.23528464092753923
0.65830967037005306 0.1429703457210455 -0.080000000000000002
0.44106477575056113 0.56895910784641324 -0.080000000000000002
0.93804228263634937 -0.080000000000000002 0.070510598203914143
-0.080000000000000002 0.46436539705520397 0.34030055679894544
0.023659994404505058 -0.080000000000000002 0.20313437968042367
0.19400050335789587 0.67999999999999994 0.37986057546757568
0.046217355225842249 0.67999999999999994 0.27196809069605132
0.6478585676598535 -0.080000000000000002 0.29989462659641997
0.37793607759119319 -0.080000000000000002 0.17250851857567728
0.31597388006737681 0.29550228845249898 -0.080000000000000002
0.52279267062611035 0.011820333613090849 0.48000000000000004
0.74411996105664024 -0.080000000000000002 0.32521570183266807
0.53363195353818305 -0.080000000000000002 0.18808108561297435
0.34428450975242431 0.015166782837490844 -0.080000000000000002
1.0800000000000001 0.10659125375795891 0.15898530141267375
0.41029934467859164 -0.080000000000000002 0.16724303919849121
0.83571336492541703 0.46239000734294899 -0.080000000000000002
-0.080000000000000002 0.43390860595838643 0.3819220313234955
1.0800000000000001 0.11242239935369613 0.18172303062782535
0.43830006557410595 0.58522010097224486 0.48000000000000004
0.55962482946666803 0.67999999999999994 0.1707070790471597
0.75342763286495462 0.67999999999999994 0.16031429172577233
0.83346317925653157 0.67999999999999994 0.16944075885731463
0.65923018332809002 0.35762935680581298 0.48000000000000004
0.61171657102270938 0.52244465874384005 -0.080000000000000002
0.23864506687610876 0.21372101669556692 -0.080000000000000002
0.78879954681951692 0.67999999999999994 0.24450027546082409
0.3263133218767067 0.13111429517105636 0.48000000000000004
-0.080000000000000002 0.35131934432454803 0.099749700041530082
0.089674782445062107 0.45791314313671683 0.48000000000000004
0.20449952892687895 0.67999999999999994 0.080582731104548666
0.66099595831291658 -0.080000000000000002 0.38565160945226173
0.35849000992491242 0.56617803029405622 0.48000000000000004
1.0800000000000001 0.21943329383911464 0.068164309976972162
0.55689431321682015 0.48960261643035441 -0.080000000000000002
0.15651248199339429 0.38544356009512154 -0.080000000000000002
0.00058683537511194928 0.48603877658466332 -0.080000000000000002
0.21492041870794698 0.67999999999999994 0.0023859267083894855
0.63803038668808276 0.56608771864747753 0.48000000000000004
0.17114294670861196 -0.080000000000000002 0.18664933401644751
0.27746950739811849 -0.080000000000000002 0.023603656957080291
0.2848423055313889 0.14525454113849745 -0.080000000000000002
0.0020739763020881652 -0.080000000000000002 0.13097837189141043
-0.080000000000000002 0.35412356572925063 0.12265070991911498
0.13626390131405475 -0.080000000000000002 0.048136501309956038
0.66073626198137025 0.5397016322690158 0.48000000000000004
0.32256517759329917 0.18106657981800622 -0.080000000000000002
0.054261953085577797 -0.080000000000000002 0.25169539227233484
-0.080000000000000002 0.24454942249572462 0.0089424224416785776
0.86032806057725342 -0.080000000000000002 0.20868859200856282
0.27309915147849095 0.30243384271081397 0.48000000000000004
0.66319676221402513 0.67999999999999994 0.19083860470515637
0.95742000046557663 -0.080000000000000002 0.36593343692860913
0.55160680654179628 0.67999999999999994 0.2323989082132365
0.08111682220598937 0.58255423575393295 0.48000000000000004
0.59674902684385744 0.38971902442856754 -0.080000000000000002
0.50760822537776285 0.35671356692912026 0.48000000000000004
0.1270116939889695 0.67999999999999994 0.098811056333455716
1.0800000000000001 0.14446369600175279 0.3199953444118328
0.22852887873893479 0.54339867420358812 -0.080000000000000002
0.34230299894975558 -0.080000000000000002 0.1006079735749299
0.62887326109939479 0.67999999999999994 0.13387248283774472
0.98537921259864447 0.67999999999999994 0.39256878612202928
0.23582446202150464 0.67999999999999994 0.17303892292122292
0.77279399256333026 0.13727181338375816 -0.080000000000000002
-0.080000000000000002 0.15741670886631293 0.37528851508607541
0.68429562434301194 0.4974837383307103 0.48000000000000004
0.054649207751457651 -0.080000000000000002 0.28541812471114109
0.7282323342644399 0.017698437183644722 0.48000000000000004
0.92333932772191663 0.67999999999999994 0.1794653441093427
0.85833109266899388 0.085788911090450684 0.48000000000000004
1.0800000000000001 0.24094904950878315 0.14450928939922258
0.49762646791964971 0.47409000195557571 -0.080000000000000002
1.0800000000000001 0.40926679748335448 0.29613591594833705
0.85983000756669647 -0.080000000000000002 0.38250771865784916
0.25452176285141259 0.47860780596399488 -0.080000000000000002
0.81749716485937762 0.56105425577660839 0.48000000000000004
1.0800000000000001 0.18761816458977265 0.18323577293239965
-0.080000000000000002 0.42168548645658538 0.058619999438444648
0.057047954837106229 0.37005963202985404 -0.080000000000000002
0.13580740799440438 0.67999999999999994 0.20747070123583722
0.86007995501461465 0.099314072359143357 -0.080000000000000002
0.78168488281390369 -0.080000000000000002 0.086872016685930351
0.26741874627130469 0.32981303449757182 -0.080000000000000002
0.97152168605938338 0.67999999999999994 0.31666102109727629
-0.080000000000000002 0.34297499534815407 0.38891599943407479
0.60907016510462997 0.45022156118728529 0.48000000000000004
1.0800000000000001 0.15743527281475767 0.00046380484582497772
0.15051915340467659 -0.080000000000000002 0.31722148321539784
0.59755233912771422 0.031808935010340766 -0.080000000000000002
0.22022925551141148 0.1328348419536397 -0.080000000000000002
0.74244885529547033 0.67999999999999994 0.13241006276271899
0.44664554819880409 -0.080000000000000002 0.27053018923123551
-0.080000000000000002 0.23503937468105612 0.094524877039225796
0.20734976317812859 0.14881354175667846 0.48000000000000004
0.41909726928337998 0.67999999999999994 0.24322720499131584
0.4256369414215494 0.46485006819402391 -0.080000000000000002
0.36768668694362672 -0.080000000000000002 0.19491660141452283
0.084866684491816891 0.0045679012620050141 -0.080000000000000002
0.54592828344187616 0.083057766459388518 0.48000000000000004
0.31999804631665074 0.67999999999999994 0.23793254570687006
-0.080000000000000002 0.018548108329127611 0.37824189514006618
0.13936519043138718 0.46969844718350828 0.48000000000000004
1.0800000000000001 0.53796628861326157 0.20065791808838612
0.034183169075195141 0.034055534263832517 0.48000000000000004
0.34186921569307294 0.67999999999999994 0.18158175584717512
0.39652544177054716 0.67999999999999994 0.20493199299872378
0.45906189476824555 -0.080000000000000002 0.34764421944047474
0.74485391220901709 0.67999999999999994 0.07900683474644242
0.65122314735571785 0.67999999999999994 0.31117988742670089
0.093057128754970408 -0.080000000000000002 0.32446461004827581
0.12321743024049248 0.2669255476963896 0.48000000000000004
0.99764876156178672 0.40875261185618328 0.48000000000000004
0.54095039518565002 0.39343211167824321 -0.080000000000000002
0.64146822392559333 -0.080000000000000002 0.20436271646324922
0.22550456054765977 0.36454307060734914 -0.080000000000000002
0.056304698992869051 0.32733304495664461 -0.080000000000000002
0.23542271752378396 0.053843496934361676 0.48000000000000004
0.77866999114360369 -0.080000000000000002 0.11574931414268347
0.92787749826577071 0.46393549595208461 0.48000000000000004
1.0800000000000001 0.19500685456068906 0.34041364081206571
0.67703114667782982 -0.080000000000000002 0.063103422020017771
-0.080000000000000002 0.31018428849995355 0.2235714907092847
0.43640660392014197 0.1165236327132757 -0.080000000000000002
-0.080000000000000002 0.53185466889371358 0.033965580943568212
0.54542502341339694 0.34806828485796037 -0.080000000000000002
-0.080000000000000002 0.41408344111302919 0.21154895918648775
0.17122108947670156 0.29712544944421976 0.48000000000000004
0.37642601658882435 0.36683638849957656 0.48000000000000004
1.0800000000000001 0.24366855749298894 0.36613867384781917
0.55239160859545822 0.53520390438778409 -0.080000000000000002
0.99884953637483564 0.031872706361130265 -0.080000000000000002
0.79896364014307786 0.67999999999999994 0.39353106761134476
0.77619531889759208 0.10892475821420064 0.48000000000000004
0.39137905519628502 0.67999999999999994 0.22529920029190481
0.1603889883650369 0.19414320512609212 -0.080000000000000002
0.33779914219328222 0.67999999999999994 0.38290913789516257
0.66817639079498681 0.28416636239453757 -0.080000000000000002
-0.080000000000000002 0.10704173047403354 0.19438105054778407
0.74105089007423564 0.32051411424746284 0.48000000000000004
0.94827735489395049 0.10694609967569448 0.48000000000000004
0.33058443141608185 0.43263171222872299 -0.080000000000000002
0.49124822108376909 0.28989191373936102 0.48000000000000004
0.56597282534525728 0.67999999999999994 0.37136930354570258
0.090726242756827169 0.2569568804810719 -0.080000000000000002
0.49585639734737152 0.39003784719877488 0.48000000000000004
0.90837035592095539 0.21037384053464572 0.48000000000000004
1.0800000000000001 0.33672562377787901 0.19073732794017584
0.19615444117139136 0.67999999999999994 0.34501089961223919
0.54415965882672002 -0.080000000000000002 0.35807331228898254
0.71126148160766045 0.28358429346282965 0.48000000000000004
-0.080000000000000002 0.4213977933139047 0.3274017260572839
0.062972212116694681 0.1717836046160488 -0.080000000000000002
1.0800000000000001 0.50830768323379172 0.067925664330243385
0.46138638294880907 0.67999999999999994 0.04819702824685717
0.33690139433180233 0.67999999999999994 0.05817286327612288
0.83293878756473605 0.19413859852348903 -0.080000000000000002
0.90550911967564462 0.46930668159900935 0.48000000000000004
-0.080000000000000002 0.43223522528462804 0.28499681626929191
0.65325359516804971 -0.080000000000000002 0.0060023337673981384
0.077906293171784102 0.43767472072816382 0.48000000000000004
0.30545112962166099 0.22297303097121296 0.48000000000000004
0.80336973224602259 0.67999999999999994 0.025840240041486596
0.6121007653006213 0.41013032768624069 0.48000000000000004
0.76659209788239591 -0.080000000000000002 0.34732065211162622
0.12245793802711824 0.39397267031137639 0.48000000000000004
-0.080000000000000002 0.28636789744932156 0.063701547230266803
0.63950655740479567 -0.080000000000000002 0.092397103380409185
0.4655264405998506 0.30591600481731873 -0.080000000000000002
1.0800000000000001 0.21486347338399792 0.37804776007074659
0.39065223018302786 0.17922603967051631 -0.080000000000000002
0.2839880521417163 0.16035207143020516 0.48000000000000004
0.13967191822102742 0.5213447617035919 0.48000000000000004
1.0800000000000001 0.56279769501034738 0.00091980624248022558
0.47609716423764725 0.31651919450101607 0.48000000000000004
0.62634216375689089 0.14266411624050163 -0.080000000000000002
-0.080000000000000002 0.54379256130389475 0.077235615586240647
0.016043566825849398 0.67999999999999994 0.087622526296420977
-0.080000000000000002 0.11281707325292534 0.10863285512221937
-0.080000000000000002 0.47298194843754626 0.29704336981663593
0.19758791082968086 0.27386896197753174 0.48000000000000004
-0.080000000000000002 0.182743265899449 0.31000725470861196
0.71515541450026721 -0.080000000000000002 0.32456169266907875
0.51070310268809993 0.14581617045102133 0.48000000000000004
0.58185857292056309 -0.080000000000000002 0.12793767243840357
0.59940972116393898 0.59351607127507922 -0.080000000000000002
0.95857810376167252 0.49074923624898248 -0.080000000000000002
0.53246277073391635 -0.080000000000000002 0.38018770320093537
0.44866700116734981 0.32681057315382483 -0.080000000000000002
0.57204520797968827 0.67999999999999994 0.074676213570172983
0.36095519676769006 0.67999999999999994 0.12276286903391825
-0.080000000000000002 0.28082208954919535 0.3163947758370243
0.92202615536083132 0.53212797146364865 -0.080000000000000002
0.91069170890195883 0.090561347163942374 -0.080000000000000002
1.0800000000000001 0.50770857747953002 0.1932977116494298
0.43880823063533392 0.45067740691482505 0.48000000000000004
0.010743531695318609 0.67999999999999994 0.31911573159770179
1.0800000000000001 0.48010055154244352 0.23725481080189514
-0.080000000000000002 0.18134125798044595 0.39903085580573228
0.042079349146171952 -0.080000000000000002 0.073261895036392619
0.91184213053988383 -0.080000000000000002 0.26428140765356101
0.96067883928143682 0.19404512277478098 -0.080000000000000002
0.82803755599536011 0.67999999999999994 0.067819553617172179
0.32697047373542931 0.4446805268503714 0.48000000000000004
0.78688733615453721 0.67999999999999994 0.20075511395465712
0.22806196116937572 0.080683940668654697 0.48000000000000004
0.81589690465631892 0.21868696792455355 -0.080000000000000002
-0.080000000000000002 0.52769792282903705 0.35024349843292257
0.17869990831193405 0.67999999999999994 0.024439335255052264
0.59435111450073685 0.065898824879468965 -0.080000000000000002
0.47872564032903686 0.67999999999999994 0.071159315797270931
1.0800000000000001 0.017516631555225648 0.28632757227991273
0.77947453349931795 0.40763194728810292 -0.080000000000000002
0.24427588816942825 0.36906284754085072 0.48000000000000004
1.0800000000000001 0.074403525763442113 0.16047855418746335
0.59708224638570007 0.5764775679939329 0.48000000000000004
0.38001710458940585 0.67999999999999994 0.29097376735435887
0.095685896401650927 0.67999999999999994 0.31262686910760162
0.1328924033966683 0.42623070664115081 -0.080000000000000002
0.11210472364331658 0.39185803464957458 -0.080000000000000002
0.909262000447147 0.54512148553094775 0.48000000000000004
-0.080000000000000002 0.44501516545374942 0.062985868533049022
-0.080000000000000002 0.21797764478432582 0.27263387297201169
0.42067741989294816 0.34171774547675071 0.48000000000000004
0.68583100610931669 -0.080000000000000002 0.20263147357873273
0.10049688313955008 0.67999999999999994 0.085749200564101291
1.0800000000000001 0.27104318079161199 0.38443343206040526
0.24581698041536271 -0.080000000000000002 0.34018840502233899
0.61585958318664924 0.67999999999999994 0.25858292515533965
0.21950292981931652 0.22372868657197925 -0.080000000000000002
-0.080000000000000002 0.0092231325913651567 0.27908958357007729
0.89481870773199812 0.67999999999999994 0.39849770589279043
1.0800000000000001 0.57528586785626623 0.17110844215744214
-0.080000000000000002 0.55763745539601983 0.13664989761014038
0.70470667516109353 -0.080000000000000002 0.25581694057349069
0.66787944001551236 0.083523673594888548 -0.080000000000000002
0.3543169453047369 0.67999999999999994 0.29217329270533393
0.85048992976135118 0.58111484428835136 -0.080000000000000002
0.17973844781754678 -0.080000000000000002 0.14591945146427163
0.34427335890576938 0.67999999999999994 0.017274906422113424
0.70037509139248633 0.53250366286246209 -0.080000000000000002
0.98492588598765196 -0.080000000000000002 0.30461588110537596
0.83888255792548028 0.22357764220819848 0.48000000000000004
0.72102830315132049 -0.080000000000000002 0.23124884586465441
0.34418242950969724 0.53815995066573186 0.48000000000000004
0.99859668445857763 0.51616279476784799 0.48000000000000004
0.79085363857977287 0.38711757114632844 0.48000000000000004
0.83513849736079548 0.0042970649973145701 0.48000000000000004
0.93887700210319713 0.27380432795481752 -0.080000000000000002
0.21323683779179603 0.67999999999999994 0.38680411368976619
1.0800000000000001 0.028542044944650513 0.088004056565506569
-0.080000000000000002 0.1991981065357942 0.26217074004038665
0.52814183899560274 0.67999999999999994 0.39422022115866506
-0.080000000000000002 0.22281540987731843 0.29206597436174953
0.2024645054993347 -0.080000000000000002 0.24324322196796411
-0.080000000000000002 0.046350213284081621 0.09874310322433405
0.89579109741093743 0.57016315568576137 -0.080000000000000002
0.68310955193026013 0.4469225419322721 0.48000000000000004
0.21146926313713588 0.50047411967081767 0.48000000000000004
0.87759933375457388 0.67999999999999994 0.23935051267684304
0.73291190887273006 0.67999999999999994 0.34084337341935755
0.96828343575220377 0.53249869832687657 -0.080000000000000002
0.92977562045755624 -0.080000000000000002 0.37813969391825558
1.0800000000000001 0.4614154657647398 0.13862551313705324
1.0800000000000001 0.44540056523030813 0.31212119948135431
1.0800000000000001 0.58450491775540192 0.27878383887924607
0.046752252652072279 0.67999999999999994 0.22317329095410565
0.24572785843239953 0.30147594700752045 -0.080000000000000002
0.010766898042934181 0.67999999999999994 0.36001155229357767
0.19312012099407372 0.3893206786153382 0.48000000000000004
0.71741203087694083 0.56354394380705553 0.48000000000000004
0.34125321665217234 0.56534130276830441 -0.080000000000000002
1.0800000000000001 0.02087137897017266 0.0048320784957889273
-0.080000000000000002 0.080432379553626546 0.27676494165508814
0.65832298601512851 0.67999999999999994 0.13537478991573079
-0.080000000000000002 0.57693983786356273 0.23145166135884965
0.77036883390822208 0.26728483620628968 0.48000000000000004
0.21005693756916322 0.42323919116034103 0.48000000000000004
0.49182003562028842 0.71999999999999997 0.26089300545165328
0.33623810195298665 0.24900907834014985 -0.12
-0.12 0.54469218529285723 0.39677275683397684
-0.12 0.011266098865829721 0.059721588993325692
0.26836876479533756 0.46138189989946349 -0.12
1.1200000000000001 0.15964818328895758 0.098775521922058879
0.77733967547228722 0.012928496770414032 0.52000000000000002
0.89231729063953225 0.12479180722875327 -0.12
0.76744305157094461 0.32469916807353355 0.52000000000000002
1.1200000000000001 0.1796319929177298 0.037505748879774897
0.68041443125244339 0.55433064847955771 -0.12
-0.12 0.23708403913395057 0.18027251580145565
0.76609811173663478 0.71999999999999997 0.17684459894829774
-0.12 0.16734210876871605 0.20594227560888814
0.73768282393674589 0.35540370435659319 -0.12
-0.12 0.57180279007200541 0.37050957607402341
0.90869847292548556 0.71999999999999997 0.22909258246460662
0.4870476851626736 0.095815311232761435 0.52000000000000002
0.16415331398500632 0.59963202185232023 0.52000000000000002
0.85440265993231856 -0.12 0.30589537531894434
-0.12 0.083863526659370885 0.30584805222920686
0.26157627010815865 -0.12 0.26878366130296916
0.13964579358228291 0.71999999999999997 0.15523221170222043
0.40014276762529266 0.71999999999999997 0.39393312161224908
0.80225942905706216 0.42377929972512374 0.52000000000000002
0.40136983048526376 0.30607125286378878 0.52000000000000002
1.1200000000000001 0.2806035906151762 0.21304980083628938
1.1200000000000001 0.44723639432813111 0.18161769117967827
0.63314356453420007 0.71999999999999997 0.3971892745740957
0.23718901871649911 0.71999999999999997 0.3844117242166798
0.15477817030461738 0.71999999999999997 0.32668455585292216
0.52641233391779163 0.47463169038612563 0.52000000000000002
-0.12 0.36162093085463065 0.19566364137817227
0.65180402308376761 0.57987882663049994 -0.12
0.11102368562823584 0.086747391026711557 0.52000000000000002
0.47214155504293553 -0.12 0.300636341239575
0.93444693957693648 0.71999999999999997 0.25548728766472911
1.1200000000000001 0.2490094749335241 0.17743750015093929
0.40582154417959104 0.58467016299680752 0.52000000000000002
0.89782697398309774 0.31828275771697295 0.52000000000000002
0.13995947244457119 0.25564852139806943 0.52000000000000002
0.88974734886365936 0.089298785693284768 0.52000000000000002
0.17336420624808002 0.3501644395231801 0.52000000000000002
0.24483161818746979 0.28408961186884812 0.52000000000000002
0.74705728299757446 0.71999999999999997 0.25105926097417247
0.78698984553095686 0.07647573082371284 -0.12
0.11769803576672733 0.71999999999999997 0.31089064161943158
0.68955863654431127 -0.12 0.036601889360335309
0.58218406004717183 0.71999999999999997 0.22069257157759417
0.40629524354800817 0.40384305635618445 -0.12
0.20336733554690989 0.20244220894081155 -0.12
0.96606544647619508 0.71999999999999997 0.098121446971290063
0.070203222797038611 -0.12 0.32631906755679274
0.10306035801007285 0.20069997714233903 0.52000000000000002
-0.12 0.48701087627184869 0.045627408843417164
0.94821011546012735 -0.12 0.036674322978906049
0.95605456970980252 0.25387767178483561 -0.12
0.2240616510663993 0.058472038623147427 -0.12
0.93662237221951095 -0.12 0.019197041772056524
0.35704315537784104 0.22098201308559556 -0.12
0.28902673185210592 -0.12 0.1079311906598389
0.65127101860988934 0.014818330119134981 0.52000000000000002
0.0086362091653011674 0.19061237541134807 0.52000000000000002
0.46768957770900832 0.71999999999999997 0.25521933621016168
0.52414344382388478 0.26782867049217174 -0.12
1.1200000000000001 0.096015150442311348 0.020433947193319257
0.084123464301966044 0.41410896774744588 0.52000000000000002
0.0080746747485728187 -0.12 0.2684188296569695
0.084544539903326332 0.71999999999999997 0.061811198909380416
1.1200000000000001 0.0093822913620263959 0.33119871870872142
0.44913365997283206 -0.12 0.22391318372264191
0.89045733903039992 -0.12 0.089560833578798016
0.51045482975792744 -0.12 0.33203759789437226
0.3866112575798637 0.14275740009534649 0.52000000000000002
1.1200000000000001 0.23880093673717817 0.24747684469513517
1.1200000000000001 0.32551518667041329 0.0036608321210467756
0.26972137370945304 -0.12 0.39811190143518971
0.885679012265012 0.34707629009866586 -0.12
0.30874768029575728 -0.12 0.36343018713353559
0.94970648236296173 0.30558255940359225 0.52000000000000002
0.85861455571838663 0.28118151832474819 -0.12
0.66071726097588335 0.44072210419465513 -0.12
0.43031875012027543 0.51053224976255784 -0.12
1.1200000000000001 0.14156318414173574 0.26386918298511092
0.054867959518374754 -0.12 0.36569756301747586
0.66568445101720641 0.49295629140012198 -0.12
1.1200000000000001 0.043933983782602826 0.32074418727982779
-0.12 0.40164727356127711 0.33799147807726904
0.88423121032387086 0.71999999999999997 0.11776122401188856
1.1200000000000001 0.38842451421047008 0.35613515889649827
1.1200000000000001 0.16705653782233909 0.32646458830495029
-0.12 0.39735053644593643 0.12677716736707062
1.1200000000000001 0.53313853992357141 0.36630239213744986
0.68443898148035087 0.71999999999999997 0.22961558556033906
0.7915053732621572 0.15552635721544272 -0.12
0.37922993004323924 -0.12 0.3712844703709321
0.62081772252775136 0.21972920950282654 -0.12
0.72124517325870974 0.20666416998497411 -0.12
1.1200000000000001 0.20851716211294336 0.18112209804912496
0.24818818589472003 0.27394712372588303 -0.12
0.63713185292088093 0.24984907772073275 0.52000000000000002
0.93947454673148056 -0.12 0.25886637457073636
1.1200000000000001 0.32195725477002135 0.16405958484738159
-0.12 0.35882312392285043 0.27447968673210388
0.83387719924716719 0.10113002866797771 -0.12
0.52189473860772762 0.19688765508724779 0.52000000000000002
-0.12 0.016474249938040409 0.34124938254991477
-0.12 0.0029560129853462456 0.095298838357622484
0.94798645130982628 0.37608706921082236 -0.12
0.42178387835039755 0.041732528151633107 0.52000000000000002
1.1200000000000001 0.28160321159930796 0.044456257443146942
0.10316106678191272 -0.12 0.15872672259448384
0.57550423048734289 0.71999999999999997 0.09970923502657808
0.18356449070428205 -0.12 0.025610712267498937
0.27934758129249138 0.57610250186086609 0.52000000000000002
0.27672830139940796 -0.12 0.33654477664843535
1.1200000000000001 0.45705250873951248 0.35175862528565038
0.2280902522021464 0.13139605116603417 0.52000000000000002
0.17456506810729044 0.15268784287509396 -0.12
0.062467078863142178 0.22741155998385798 -0.12
0.44675946305200587 0.71999999999999997 0.007346284210543264
0.41528900269412639 0.29956240221960562 -0.12
0.33088568789377593 -0.12 0.032827986940646883
0.0041198281943078952 0.15849544592684672 -0.12
0.73717429602807272 0.2211342996903142 0.52000000000000002
0.97762860127456674 0.57062577727655173 0.52000000000000002
0.98213364759236532 0.22382137680168757 -0.12
0.6874409140702451 0.22920155605308279 0.52000000000000002
0.080341994872850098 0.081880928946512332 -0.12
0.57185923249731729 0.38951734706807317 0.52000000000000002
0.11074127892211449 0.5863017378488794 -0.12
0.49207843198311574 0.71999999999999997 0.38779616100393566
1.1200000000000001 0.35650771787737967 0.2033696844380693
0.14369255166394368 0.2796881361133704 0.52000000000000002
0.81569889711152821 0.21136653404536454 0.52000000000000002
0.67148749287407383 0.027131355652549493 0.52000000000000002
0.23873197225126963 0.71999999999999997 0.025130475618754523
-0.12 0.51137872360649961 0.26029894160410633
0.37391837824376251 0.22860377426770917 0.52000000000000002
1.1200000000000001 0.45211965641761387 0.034929743702666993
-0.12 0.056771904441353625 0.12617255141062433
0.68632145656949828 0.71999999999999997 0.20328532775737573
0.17874257240087899 0.21530812467427068 0.52000000000000002
0.83773380003524778 0.71999999999999997 0.018398916874403693
-0.12 0.26099572721159525 0.33311013162349723
0.3249856908149964 0.39325927648427284 0.52000000000000002
0.13683620594658719 -0.12 0.15691740588553116
0.043223172871226123 0.71999999999999997 0.32313253106214873
0.25655143855833396 0.024098022309083755 -0.12
0.54249558658455421 0.4182762626592631 -0.12
1.1200000000000001 0.31250989011565089 0.11734649753301905
0.42422173081607384 -0.12 0.078672168397860273
0.72269382319744069 0.71999999999999997 0.26551758028105593
0.47485019025949926 -0.12 0.15798947648846773
0.83373096006407754 -0.12 0.1749301420872692
0.44933068463670423 -0.12 0.29091398106945376
1.1200000000000001 0.34007101077109864 0.34692034719873371
0.5496507390804779 0.59497860203921737 -0.12
0.098818123610171171 0.57023726806736308 0.52000000000000002
0.56992039088243385 0.03916613620771614 -0.12
0.55283998731729134 0.71999999999999997 0.062900586094738739
0.99523955710085243 0.71999999999999997 0.19919478420427039
0.30249978369252195 0.34215294535738883 0.52000000000000002
1.1200000000000001 0.4153788860790783 0.21106629729634388
0.26429476517189865 0.17714475297749577 0.52000000000000002
0.19923613832933318 0.1335648646440325 -0.12
0.60236290380447977 0.71999999999999997 0.10821339635893774
0.9032266093881085 0.44485334822613337 -0.12
0.1803932451158643 0.71999999999999997 0.29820770948436159
1.1200000000000001 0.50360999379457161 0.088490287716220029
1.1200000000000001 0.34301845625378541 0.068640872448007387
0.7535901442281856 0.58457671117080356 -0.12
0.94484419278147525 0.71999999999999997 0.3539547783724169
0.15790537898344004 0.17143393361127707 -0.12
-0.12 0.27872593604116574 0.17343557729333978
0.21764153820011978 0.71999999999999997 0.1140455538457289
0.99174489294793455 0.066316079644002546 -0.12
-0.12 0.59240643931965364 0.39132701051043295
0.29620757236084005 0.45424367183502956 0.52000000000000002
1.1200000000000001 0.098985216955216671 0.21818858092472324
0.94943080477311059 0.13229854217444234 0.52000000000000002
0.97230937104426252 0.10594019734115734 0.52000000000000002
0.12555747591095101 0.0087670113233840885 -0.12
0.75022534117663553 0.16767633172959776 0.52000000000000002
0.94242508998214092 0.2326832762413521 0.52000000000000002
0.65254955220601485 -0.12 0.12383075055686805
1.1200000000000001 0.20474505198633608 0.30637907456754188
-0.12 0.16927287231024613 0.26914567755552543
0.99133550629723055 0.33192360037824181 -0.12
1.1200000000000001 0.56378035686391637 0.12720892545231849
0.57520932688201298 0.18455199400321587 0.52000000000000002
0.22769122278762266 0.53449368597875146 0.52000000000000002
0.10550520156020027 0.16008853413752239 -0.12
0.5723179079542482 0.71999999999999997 0.25780254532199276
0.21916604161578568 0.033750753033691461 -0.12
0.84264534193271823 0.10859517300768397 0.52000000000000002
0.66062453087045059 0.22034152856056183 0.52000000000000002
1.1200000000000001 0.53881854105802351 0.29508467718575659
0.012427496466847598 -0.12 0.36056158636589852
0.99161348489528645 -0.12 0.25959536891190516
0.53300512298413427 0.50590739554120712 -0.12
-0.12 0.23147175977645279 0.037265057044280472
0.36017375461270229 0.32809647002933545 0.52000000000000002
0.24692800676744897 -0.12 0.11799514648807637
0.95514471391726752 0.16782601821114201 -0.12
0.50698607415975061 -0.12 0.069256249664122693
0.53346330320741231 0.57841036972818904 0.52000000000000002
0.89499034332520799 0.71999999999999997 0.1751624021018553
1.1200000000000001 0.12183456619060246 0.11152513952041626
0.25072863023101055 0.52688369203481422 -0.12
1.1200000000000001 0.0042193267626321473 0.018825710471595737
0.0061600322792020323 -0.12 0.08706914355550853
0.63005046948348153 -0.12 0.13456454197374801
0.53118140231174504 -0.12 0.012365681232348403
0.40313706679484285 0.71999999999999997 0.032632572897670853
0.022718933780937256 0.71999999999999997 0.024016503024949287
0.91790610546896578 -0.12 0.11180417959988437
-0.12 0.42151974498840955 0.031154840439613321
0.10376352974139824 0.71999999999999997 0.14656628172331021
0.34662089860548262 0.36539425258650182 0.52000000000000002
0.93246826518349069 0.41325168690169356 -0.12
0.4947289217092119 -0.12 0.26337276772901863
0.2776297710640413 0.099685379253012171 0.52000000000000002
0.80715440453067744 0.53594228316847381 -0.12
0.049086610721814194 -0.12 0.34578138475499276
0.91458711397023651 0.35471516262928343 0.52000000000000002
0.91636336388518536 0.04045593558863092 -0.12
0.71441297895052047 -0.12 0.30286701441666525
1.1200000000000001 0.45320156732319428 0.10082813931232598
0.72595608865342165 -0.12 0.18603939218939322
0.69192354540403844 0.40186861961945719 -0.12
0.64870333056262064 0.118921226644911 0.52000000000000002
0.16569354012449022 0.71999999999999997 0.17035831835087409
1.1200000000000001 0.35024217557695392 0.15073531225372958
0.30546678025143204 -0.12 0.086448197125389162
0.83963765908452281 0.71999999999999997 0.28878876962838324
0.058238214787464937 0.42369888676656836 0.52000000000000002
0.13901450814177729 0.13092321155570233 0.52000000000000002
1.1200000000000001 0.30947739952846459 0.23875862563697173
0.53535392408702442 0.57860929240298331 -0.12
0.35009677538163819 -0.12 0.26471121540768361
0.83825903247708089 -0.12 0.21175095175604006
0.72025300617903043 0.71999999999999997 0.064927457459257765
0.36478742035830258 0.5022626985458668 -0.12
0.5815286119046521 0.48035081789793826 -0.12
0.49716008592188543 0.44846268297186387 -0.12
0.63930080303584824 0.45010053022754459 0.52000000000000002
0.38252904965642753 0.52327775366351637 -0.12
0.094662996097748975 0.33748237828211036 -0.12
0.18661772157622847 0.55889398271953039 0.52000000000000002
0.36144009058668192 0.51377801046201654 0.52000000000000002
0.033907747642783037 0.0098247019243226097 0.52000000000000002
0.45908294097829871 -0.12 0.0053870159705520677
0.43164437452278226 0.41612318202019094 0.52000000000000002
0.8694373989183013 0.26093547986619903 -0.12
0.89266437619666872 0.71999999999999997 0.020975585969072966
-0.12 0.15847364673941916 0.051547682620400485
0.78509831000727781 0.2058963563769422 -0.12
0.92534213601010606 0.13147601898210548 -0.12
1.1200000000000001 0.58129080382569276 0.24828825960418086
0.99857572344165368 0.71999999999999997 0.053215856059621737
0.99471105692372741 -0.12 0.20716575038450041
1.1200000000000001 0.33066792282366236 0.22481327601657594
0.71668971290675054 0.55554511113285254 -0.12
1.1200000000000001 0.010332429385969899 0.36928677313092528
0.3928898542518362 -0.12 0.25130622953307646
0.69671266923768227 0.71999999999999997 0.07018988284081891
0.22047611616578855 0.71999999999999997 0.13807894291165845
0.69413913381076919 0.18161026936402336 -0.12
0.43599288537647485 0.53466442653969992 -0.12
0.70455820657957924 0.11014107143146554 0.52000000000000002
0.36163715425171894 -0.12 0.055855504339014456
0.089011669898924617 0.49057428692490757 0.52000000000000002
0.51544298450947423 -0.12 0.221788848173745
0.58378766098571433 -0.12 0.17375115651573655
0.6009016825939314 -0.12 0.28153591385183319
0.55762501083934357 0.0063226529703886755 0.52000000000000002
0.15266385122894088 -0.12 0.22375303766759874
1.1200000000000001 0.037879678173991849 0.36554360668998281
0.96393955897844452 0.71999999999999997 0.39092932907175082
0.59726684646286632 0.063686281510401538 0.52000000000000002
-0.12 0.20177846676655908 0.32804821223768199
0.13946544077145073 0.011890863253287009 0.52000000000000002
0.90234260832975344 0.71999999999999997 0.26828546212211984
0.46933997571460373 0.17506055091093997 0.52000000000000002
0.95534207474619326 0.58182410550803287 -0.12
1.1200000000000001 0.42245835481753091 0.36103349937966878
0.31192436485380981 0.51070266058336489 0.52000000000000002
-0.12 0.41362972252854779 0.14239361824657168
0.04749685619740418 0.277249051299085 0.52000000000000002
0.90311558382513135 0.40972990577932045 -0.12
0.94599868730150105 -0.12 0.15308276934710474
0.93401885284798669 0.25419184023363789 0.52000000000000002
0.021366198104945777 -0.12 0.38192877032625816
0.8321689144992791 0.062204695079538519 -0.12
0.22554380441167265 0.25643122840967736 -0.12
0.61133482095374558 0.71999999999999997 0.069224984376081933
0.59805054439625349 0.35141367610603086 0.52000000000000002
0.89287023600370719 -0.12 0.2203148255172053
0.96438974571359359 0.71999999999999997 0.035621314980060735
0.51712169436239586 -0.12 0.12452297226714114
0.35711979646696967 0.71999999999999997 0.32318943320532595
-0.12 0.35403421895728016 0.012807440896118294
0.37305363143122272 0.71999999999999997 0.17983124979636536
0.29291962819764905 0.38981343679410363 0.52000000000000002
0.033196156183259107 0.58371634152848217 0.52000000000000002
0.59866188242789165 0.14226532175839318 -0.12
-0.12 0.40363467612882103 0.29212157516024273
-0.12 0.16866733370265763 0.076588618521331503
0.76873802408567105 0.71999999999999997 0.22305477819815656
0.76104843277643042 0.25254829741088092 -0.12
0.68248984393126444 0.36394147920055347 0.52000000000000002
0.09283990438338019 0.35939025850339634 -0.12
0.45473390072010755 0.11838244582188244 0.52000000000000002
-0.12 0.2534421101886466 0.25647901035218124
0.59200786016407847 0.36817803229310275 -0.12
0.67286675780781313 0.34427153681811373 -0.12
0.24031482795042769 0.71999999999999997 0.21166882896246794
0.58934371501932636 0.0067753232036541263 0.52000000000000002
0.17955342448661271 -0.12 0.090000397354622674
0.16062060469799933 0.34964776427930749 -0.12
0.49949801111715386 0.073804287594674292 0.52000000000000002
0.46551460344090934 0.54306091013350066 0.52000000000000002
1.1200000000000001 0.49705327320410347 0.048675216803010679
0.92205956179488835 0.3848152528765752 0.52000000000000002
0.1418979048018072 0.71999999999999997 0.060083874715121943
-0.12 0.35849814663031421 0.16230142766166245
0.015115803581189358 0.2444711357461968 0.52000000000000002
0.23658467271381545 0.46665765880241139 -0.12
0.90279193241701861 0.71999999999999997 0.14821343364037773
0.17205224972023336 0.32075947843653863 -0.12
0.47231242224867265 0.44364259528468908 -0.12
0.77766709813582968 -0.12 0.27692476482774186
0.10935425791277154 0.052311748474291986 -0.12
-0.12 0.25667753393955622 0.30805529683370936
0.99461279119549539 0.26003630635917091 0.52000000000000002
0.40917077956598491 0.0067572298473433934 -0.12
1.1200000000000001 0.42239439082142755 0.14659529068274524
0.12820904830396274 -0.12 0.11190059421238918
0.60962359688115497 0.53958336314056277 0.52000000000000002
0.016448642874810182 0.13564679453074119 -0.12
0.54039565297464809 0.3038527723346594 -0.12
0.81494953879496757 0.42771198189547066 -0.12
0.82362531436446929 -0.12 0.054227739275919264
0.5554594989418572 0.33354134997001761 0.52000000000000002
0.60969624861882832 0.19981738326644261 0.52000000000000002
0.44694145846530642 -0.12 0.31888907186626686
-0.12 0.03928332288202134 0.15300576140407954
0.18551435517460313 0.10658657283548728 -0.12
1.1200000000000001 0.14811242705521854 0.18017999340093485
-0.12 0.53149756891858257 0.21752328656052469
0.042304993797434243 0.71999999999999997 0.00015123395286016362
0.80095979319222654 0.28673794308329154 -0.12
0.22297760760016605 0.39673681970245955 0.52000000000000002
0.55409574444989129 -0.12 0.29696933432267147
0.93230249128938136 0.71999999999999997 0.31997757630554907
0.15238918309350891 0.71999999999999997 0.23152328976824568
0.96676209257892642 0.039326748910925469 -0.12
0.84684438565689302 0.71999999999999997 0.35132282306456408
0.64507658685798375 0.71999999999999997 0.032063290840528856
0.39336881490390552 0.29286415775417507 -0.12
0.53020999689154069 0.55133893626580299 -0.12
0.59693048630412004 -0.12 0.054377654489282494
0.98071557785497943 -0.12 0.28274306233412083
0.81534868035273678 0.050144918929384774 -0.12
1.1200000000000001 0.14407413285783671 0.032796712842454535
0.11704363236284221 -0.12 0.28951779645254772
-0.12 0.057234727649160107 0.21010037284203667
0.39092999068360301 0.44869740098486621 0.52000000000000002
1.1200000000000001 0.56434438847701773 0.34365702783273566
0.12727363891942911 0.32903785237754757 -0.12
-0.12 0.59249577357885475 0.031373327619431547
0.57841345288685464 0.42542934435718299 -0.12
1.1200000000000001 0.10760633888365939 0.35255814995488682
0.64176326812049056 0.039850722002939043 0.52000000000000002
1.1200000000000001 0.53296492664899731 0.14783623858938139
0.1675628448672386 0.71999999999999997 0.0012643376225266679
0.93160485240169566 0.16504752542743972 -0.12
0.26529120109530779 0.71999999999999997 0.039568360133807892
0.34326102707971196 0.71999999999999997 0.20818298415581482
0.076294840905052341 0.22518600545013309 0.52000000000000002
0.22876518211478047 0.39954337420209046 -0.12
0.83671657067835981 0.34758446659759645 -0.12
-0.12 0.57028593098403946 0.037630977262387066
0.51769978131022187 0.2350461409275113 0.52000000000000002
0.85476835662376449 0.23994444713688201 0.52000000000000002
0.38832543027640787 0.71999999999999997 0.36986751622775199
0.94717393128813621 0.14492176400862933 -0.12
0.23424636703476998 -0.12 0.19072334651579778
0.51712300547739853 0.71999999999999997 0.33443018370190125
0.081721432951404216 0.069523958657830204 0.52000000000000002
0.55162259900348332 0.027688023902267368 0.52000000000000002
0.65185216853869399 0.71999999999999997 0.28653094168016296
0.2808274677249738 0.51892680481052345 -0.12
0.76360017604695185 0.41657832407697626 0.52000000000000002
0.68389749701290026 -0.12 0.25726355256455702
0.013949826634577556 0.101745458360125 -0.12
0.38126377525509736 0.13517983431991254 -0.12
0.16425769579525473 0.71999999999999997 0.084088943497906521
0.17021470479547973 0.44980225300665089 -0.12
1.1200000000000001 0.28584285631616074 0.36960460753597141
0.337429281437161 0.71999999999999997 0.33126809326748441
0.53953685923140127 0.17189466424178579 0.52000000000000002
0.46349627264015492 0.71999999999999997 0.11338219943627457
0.85275791708367366 -0.12 0.27141096768356376
0.53723338946110122 -0.12 0.33141716238106605
0.24596745344247495 0.04792393451789001 -0.12
-0.12 0.14552975412240715 0.020113787597333802
0.85780057180878 0.42085090358998356 -0.12
0.69647716730671105 0.71999999999999997 0.1348388563382831
0.0096707676235617823 0.71999999999999997 0.12239462589849825
0.13779252808827758 0.43058491815698852 0.52000000000000002
0.82481188793280247 0.069498715681370629 0.52000000000000002
0.36351997447604012 0.13969960896613484 0.52000000000000002
1.1200000000000001 0.24106695279306034 0.084806279115025168
0.046922176180022257 0.54216309269022112 0.52000000000000002
-0.12 0.45920101283982906 0.08172062044053599
0.28485114862343053 0.71999999999999997 0.10141880129842794
0.97095797874307643 0.71999999999999997 0.37156609535726282
-0.12 0.082208782830153551 0.15260446694622609
0.10475231537225937 0.12536034729588019 -0.12
0.33531162379032664 0.71999999999999997 0.14600410458407859
0.35327653946318871 0.39895564817619067 -0.12
0.85873315606372447 0.4653206947017855 0.52000000000000002
0.084440281747188539 0.40679674388932596 -0.12
0.90643220627308885 0.045966452231410826 0.52000000000000002
0.90642175164299099 0.37075250090084366 -0.12
0.29265426543739481 0.36790291322853802 -0.12
0.24533020430240549 -0.12 0.25370941176478456
0.54229295028670021 0.12129175859054275 -0.12
0.38259020142545441 -0.12 0.21085545884777945
0.87240478239991304 0.15973855276895904 -0.12
0.51167716531474539 0.56701631434973498 -0.12
0.64532745934571378 0.39589794134892814 0.52000000000000002
0.1372363321351926 0.027214539618418909 -0.12
0.058152578981267244 0.53992143149525629 -0.12
0.086603381389404599 0.1565620816775426 0.52000000000000002
0.66514973507753339 0.14963417937618217 0.52000000000000002
0.76181515596885052 0.12553320634350926 0.52000000000000002
0.06476367518459436 0.18719810172574636 0.52000000000000002
0.071293249062208131 0.71999999999999997 0.21417880181991161
0.29601264106254255 0.71999999999999997 0.39081338389304521
0.92683847715946333 0.043857575824115737 0.52000000000000002
0.067185951007242339 0.71999999999999997 0.38091044991943601
0.53314235602655913 0.36349708756020066 0.52000000000000002
0.91845138137672444 0.13818888389040868 0.52000000000000002
0.49709095743230047 0.22218220043850198 0.52000000000000002
0.096891740670528193 0.24478941633166273 0.52000000000000002
0.84991715206743423 0.023177958655910814 0.52000000000000002
1.1200000000000001 0.31539988021596338 0.36699889369693933
0.67656805958224198 -0.12 0.16312815088258636
0.90929610553943307 0.71999999999999997 0.055131413822569676
0.3598899234783518 -0.12 0.14513741583277714
0.75351432326704615 0.71999999999999997 0.28546512762880299
1.1200000000000001 0.14550595495732022 0.22676614870187933
0.14976141474642413 0.23330727522276196 -0.12
-0.12 0.31945457927915566 0.24893161356876431
0.74861087953519467 0.71999999999999997 0.21668540809654388
1.1200000000000001 0.48045258872838914 0.27628663400158365
0.984537746834525 0.35995895103785425 0.52000000000000002
0.44783754607759108 0.2535317036564293 0.52000000000000002
0.89526296203607758 0.71999999999999997 0.094469704085465844
0.064370364854142825 0.71999999999999997 0.17857807201768749
0.086180084503385657 0.28669212392123999 -0.12
1.1200000000000001 0.017534916022098002 0.063547873030049606
0.32249030082023133 -0.12 0.39101448138606143
0.51869050974956854 0.26362864616999016 0.52000000000000002
0.4515716152273237 0.14008437750614122 -0.12
0.39098013012698007 0.34472054570785998 -0.12
0.97874714892930648 0.20322780145884253 0.52000000000000002
-0.12 0.050521755904156369 0.23729901949907686
0.91306435323546864 -0.12 0.3321214804954547
0.7106253602471283 0.44298503707667836 -0.12
0.43940382988556115 0.38883626332659094 -0.12
0.61917862695108661 -0.12 0.34545940828090588
0.99671335425974994 0.44209433048148417 -0.12
0.85689245906717371 0.71999999999999997 0.13648229189521999
-0.12 0.59446504292674507 0.18433545961644582
0.27871262016262954 0.063402805957973318 -0.12
0.72128836678093078 -0.12 0.26808898438060169
0.46502902835232274 0.056186340648048547 0.52000000000000002
0.71207482647939002 0.065059294018027347 -0.12
0.86799868008691439 0.20827089235147428 -0.12
0.3920449319554109 0.71999999999999997 0.081608226404761022
0.86072849431742937 0.56147010274833353 0.52000000000000002
0.35340365097167625 0.080970360651157411 0.52000000000000002
0.88152697950116987 0.43739044344153111 -0.12
-0.12 0.4486032006128351 0.00042314296303076483
0.21101524265729987 0.10560917043802365 -0.12
0.39533002942500972 -0.12 0.33566759724600004
0.57206333642134855 0.54958435339483092 0.52000000000000002
0.24144897278188804 0.44872338799453332 0.52000000000000002
0.40495595554909714 0.71999999999999997 0.29078341629340787
0.46600920231481202 0.22568112426990866 -0.12
0.52319895665381622 0.71999999999999997 0.25232246401223601
0.38320241970306856 0.17883170822908553 0.52000000000000002
0.8206708950277708 0.71999999999999997 0.35251447381316886
0.78896006131242247 0.71999999999999997 0.26867087331414857
-0.12 0.41842921468330341 0.087682206873803376
-0.12 0.59601633903082696 0.15685065400318404
0.34109218145013276 -0.12 0.19260772978461974
0.066320967715879364 -0.12 0.072105008995349704
-0.12 0.24981346719943154 0.11831504456577951
0.85746307215599638 0.50462855998909928 -0.12
-0.12 0.28651646763510014 0.26256693501725026
0.74314354148210238 -0.12 0.39986824406907584
0.31503272861265375 0.25631774834439847 -0.12
0.39603029823095426 0.37959486532323988 0.52000000000000002
0.33806965911291986 0.063368645746287866 -0.12
0.067381997410033478 0.51860968471336621 -0.12
1.1200000000000001 0.18263712955295108 0.10194655600073754
0.52702212159858519 0.49868651260886532 0.52000000000000002
0.4993634887886228 0.17107228134867425 0.52000000000000002
0.096613691569853888 0.71999999999999997 0.3428711987386901
0.67414441426964899 0.71999999999999997 0.30465215286856528
0.89993149055649935 0.28098208732339369 0.52000000000000002
0.91377425464579043 0.28376807538225274 -0.12
0.63431682839642767 0.31740480787899628 0.52000000000000002
-0.12 0.30658616353935919 0.040377931218882779
0.92140493088701192 0.5811155769316485 0.52000000000000002
1.1200000000000001 0.30206614748947663 0.073263601927078842
0.42746557877193647 -0.12 0.33006978938559445
0.46639226079304164 0.57357707136638147 -0.12
0.7040403784893301 -0.12 0.18660467676871303
0.70696502272532735 0.5254410129265662 0.52000000000000002
0.77034744824087231 0.71999999999999997 0.05452884803760636
0.43005706406678568 0.017998901357359931 -0.12
0.84102129097677347 0.2932232748407459 -0.12
0.090529765172933652 0.71999999999999997 0.17150947184194776
0.82823014961293229 0.71999999999999997 0.39170856023237799
0.71546052626727163 0.71999999999999997 0.31926460435608739
0.17637303663704362 -0.12 0.26354652454997651
0.080183728450496483 0.71999999999999997 0.033258947519864246
-0.12 0.25804422854004239 0.2022146811056906
0.71492794514855029 0.13226412722736441 -0.12
0.80204519998201229 -0.12 0.08836475427911239
0.47125713142058367 -0.12 0.12865832018771042
0.12136209354056349 -0.12 0.37518302127940129
0.018463292915694152 0.71999999999999997 0.29139388871196437
0.71892520676494531 0.4866810117825377 -0.12
-0.12 0.51708192830353628 0.16524954661993185
0.1782164111604102 0.71999999999999997 0.22112017922887506
-0.12 0.29029576514882099 0.11028685280650148
0.30618250680356685 0.46464489075828719 -0.12
-0.12 0.4490643045112932 0.18157649693991271
0.36673825336498578 0.71999999999999997 0.22022912502815195
0.010782010770872485 0.55803444895644216 0.52000000000000002
1.1200000000000001 0.19471686552345985 0.23652231642038518
0.64116721618364725 0.25296225081563423 -0.12
0.2430208558413558 0.4428324253235093 -0.12
1.1200000000000001 0.39681695110832138 0.099966286627416689
-0.12 0.33846979818945166 0.27961512840283759
0.86500903047926181 0.046568904277960899 -0.12
0.19433794498554402 0.0061216038120657235 -0.12
0.89664720894219074 0.064767263678388254 -0.12
0.39563903987535487 -0.12 0.12311093096798049
0.47087031157200843 0.20171574005395032 -0.12
0.71906558167849621 -0.12 0.39494410280222297
0.65529341813704522 0.71999999999999997 0.06016965615407819
0.32092316794766962 0.17159172303899251 0.52000000000000002
0.61741885017160347 0.39300613747013236 -0.12
0.22096937931392835 0.079851313162634274 -0.12
0.61011973626598659 -0.12 0.21331845256025841
0.94205098560730305 0.086956737198528589 -0.12
-0.12 0.22863137370033448 0.064929185683346935
0.7398269024439601 0.71999999999999997 0.011591337138590242
0.51464951404403192 0.71999999999999997 0.1632416129089288
0.15369744636246996 -0.12 0.0092350528161585736
-0.12 0.1105835660218317 0.2602596637897921
0.42176925819206967 0.32110013444870772 -0.12
0.39531591931952181 0.47182795243734293 0.52000000000000002
1.1200000000000001 0.38182949516150533 0.19850754529786585
0.81175355963061635 0.34011866316090383 -0.12
-0.12 0.23877448749495536 0.15112023552661455
0.44547257066715429 0.35863103759076936 0.52000000000000002
0.0074494609265949308 0.37040462174622407 0.52000000000000002
0.50018542615722483 0.22400471937570221 -0.12
0.29157740738396765 0.10425779878817021 -0.12
0.86294729545800608 -0.12 0.09936861634063876
1.1200000000000001 0.49098480527414251 0.13923076268883161
0.61792490687774748 -0.12 0.18606107658916021
-0.12 0.036135771393830597 0.058825609531195977
-0.12 0.070823034561546372 0.17950463608015466
0.21605085263236024 0.71999999999999997 0.16592006347119592
0.51479587062902243 0.138418464642031 -0.12
0.39360401169006909 0.083066253658306902 0.52000000000000002
0.81233389259161437 0.50226990759032808 -0.12
0.11862289383549562 0.47247646272394539 0.52000000000000002
0.17622499600172914 0.39649147559773207 -0.12
0.78448290706611401 0.34910686372619276 -0.12
0.17079174236785033 -0.12 0.34103292581026146
0.17448038494221407 -0.12 0.24329370702506981
0.80675119796104311 0.25181659286540642 -0.12
0.83772480073381728 0.71999999999999997 0.31218913146454197
-0.12 0.2035033815662681 0.015017063840062806
0.64550419346152765 0.18953021461977626 -0.12
0.69900243189612088 0.71999999999999997 0.27657339295085198
1.1200000000000001 0.41117082793304416 0.33747364402296864
0.61368363739467646 -0.12 0.3850228267117517
0.85776767521527286 0.71999999999999997 0.09739157364091354
-0.12 0.12108939498309274 0.38453490710365767
0.81085336462729685 0.53263045939374776 0.52000000000000002
0.65826986472145133 -0.12 0.18785486797440054
0.36701744254488422 0.10883716681155642 -0.12
0.92872706606089817 0.51511774214750161 0.52000000000000002
0.22000802593677249 0.03806683250743876 0.52000000000000002
0.68060072473728661 0.71999999999999997 0.15478239771166258
0.84953778378141165 -0.12 0.32836018629944991
0.98824604342960731 0.71999999999999997 0.2428098290238169
1.1200000000000001 0.36001443315034343 0.23149086865536819
0.59675600324650235 0.50458822598265218 -0.12
1.1200000000000001 0.29338348311866108 0.14705588556706792
1.1200000000000001 0.068277709831705446 0.34068886445385393
0.87612057704077395 0.55874589749342696 -0.12
0.91710817117955001 -0.12 0.013287413878398491
0.56180113080213734 -0.12 0.13416378840012141
0.43809721754109243 0.23480384429171033 0.52000000000000002
0.047942966515202579 0.04823544344588937 -0.12
0.77821680862444453 0.48183077301202476 0.52000000000000002
-0.12 0.30490894768697074 0.083061179616860423
0.20502961135098696 0.50134362379714958 -0.12
0.63433460630219607 0.71999999999999997 0.069435312037013294
-0.12 0.54321457800248607 0.051736840703107981
0.95099761916937953 0.4027627546023142 0.52000000000000002
0.17964877768950482 0.48263209685420572 0.52000000000000002
0.69788832099857512 0.34649624467143281 -0.12
0.77675398504629467 0.31825637159292491 -0.12
0.59618073307768926 0.27964723422050103 0.52000000000000002
0.54232518295561138 -0.12 0.26269689479745972
0.78986446611756589 0.53894617803546396 0.52000000000000002
0.19735710749554491 0.33196359682510335 -0.12
0.55188199322010001 0.18117091807846952 -0.12
0.038334948367988786 0.51388999128473467 -0.12
-0.12 0.022624234556987564 0.21524345853386562
0.24609977793583748 -0.12 0.28790553516252809
0.21216047597360588 0.28110322023338119 -0.12
0.8622777048624316 0.0062316437879199604 -0.12
0.9258548179684567 0.71999999999999997 0.21840316667427936
-0.12 0.25691743302840497 0.054652179145082518
0.44726473304842118 -0.12 0.36928103800867357
0.38902001844815381 0.51612627595307237 0.52000000000000002
0.33089081722828184 0.52195159898620058 -0.12
0.13054497814144628 0.57218433483058051 0.52000000000000002
-0.12 0.51324643827754524 0.23569611974186577
1.1200000000000001 0.32509614296433365 0.090372157563276989
0.092566096995003733 0.48024423136301903 -0.12
0.22215518769894449 -0.12 0.061336137683530724
1.1200000000000001 0.061934824809089184 0.25167762186261289
0.50172067943148047 0.35938205563645387 -0.12
0.17477596120457595 0.26314196243152721 -0.12
0.35582164512523107 0.24208889859196459 -0.12
0.60652592459445975 0.14447132527074669 0.52000000000000002
0.56670945331765987 0.59551255207305631 0.52000000000000002
0.30058018557133082 0.13280724449493889 0.52000000000000002
0.013329881241377239 0.53107051905007319 -0.12
0.71077931531148808 0.34035774071074848 0.52000000000000002
-0.12 0.42766216141113117 0.30747803287802355
0.75586370366040079 0.56232929868304538 0.52000000000000002
-0.12 0.14575123161696135 0.31662977218318489
1.1200000000000001 0.42916198677031392 0.086325985236562014
0.40971198542204579 0.519660597279888 0.52000000000000002
0.17648634142279418 0.58077801638685789 0.52000000000000002
0.35508578311318939 -0.12 0.35791144678024001
1.1200000000000001 0.25781953526688772 0.27239755364575546
0.11312307050045778 0.71999999999999997 0.27009837094791611
0.63414785106533589 0.35993421548763882 -0.12
0.23915892320687648 0.56783401423941648 0.52000000000000002
0.17894672001100131 0.070000364418706051 -0.12
0.38881318359781014 0.55120196213631467 0.52000000000000002
0.65643537733436075 -0.12 0.25932985458185553
1.1200000000000001 0.45553777571948484 0.21359268754233326
0.35779268408103981 0.45612028656689707 -0.12
0.071929858077578901 -0.12 0.019567364955190937
0.065805943108820375 0.5257275658476166 0.52000000000000002
0.35592813714581195 0.10733632716642069 0.52000000000000002
0.28969900345177113 0.71999999999999997 0.16332017136838939
0.87820513659018773 -0.12 0.23803654632646154
1.1200000000000001 0.4649685201211794 0.25718951562273773
-0.12 0.15815115183583875 0.35204735886101274
0.69463208491033879 0.41984108244329366 0.52000000000000002
0.30780180268742852 0.43060316526087428 0.52000000000000002
0.19984111974400875 0.33353672162926351 0.52000000000000002
0.980419369202157 0.71999999999999997 0.18562781044012056
0.95157651067320115 -0.12 0.10254899830058017
0.80961977978064537 0.71999999999999997 0.25711813861770522
0.56387053347169003 -0.12 0.33782490172169055
0.4807905808466707 0.29043435690005931 -0.12
0.43715871658092853 0.71999999999999997 0.098381032089509421
0.48922239545166557 0.043621377146085272 -0.12
1.1200000000000001 0.024350621937108574 0.033134713729605192
0.32697267638712346 0.59594787224680068 0.52000000000000002
0.47090588324036486 0.49353997857844439 -0.12
0.45053390756843337 0.023571008391555903 -0.12
-0.12 0.26721743900104861 0.39938895685302755
0.19035363148567375 0.56777590475278561 -0.12
-0.12 0.24866375304816801 0.37039923489917853
0.47610349689901488 0.20540791741803147 0.52000000000000002
0.52983692714766117 0.011274113528021212 -0.12
0.30829997127509889 0.073485079390838481 -0.12
0.2434098202494015 -0.12 0.3957614170588899
-0.12 0.14286940181305813 0.13588200213093077
0.69490423031566551 0.45747213082287108 -0.12
1.1200000000000001 0.37534041419439612 0.035348341329099545
0.74481261329600479 0.18998085031389689 -0.12
0.96829453098018681 -0.12 0.17684046996802449
0.94407516351750309 0.71999999999999997 0.1791365073575174
0.91719374787731078 0.71999999999999997 0.39063292045975123
0.56948698243205698 0.52613506286050815 0.52000000000000002
-0.12 0.30588477994950447 0.35613823264602407
0.43473119559714912 0.71999999999999997 0.30103562491614716
0.13427231025217734 0.71999999999999997 0.26807307439903494
0.089286830068405099 0.2216666102693069 -0.12
0.14993810244307848 0.08050338339460128 -0.12
0.44449260995998163 0.71999999999999997 0.38843125681355684
0.98835878576391045 -0.12 0.11355544073395935
0.20367998265104803 0.45710422430720171 -0.12
0.8261137338423753 0.71999999999999997 0.14873163731122371
0.80969612140560965 0.71999999999999997 0.12094643267611156
0.57282094073669887 0.03305452209150201 0.52000000000000002
0.4180834589364284 0.55319614494579505 -0.12
0.45824581105249595 0.71999999999999997 0.17961982087146719
0.4909052806548061 0.32559759663101895 -0.12
0.44481838923897554 0.30533965321612627 -0.12
-0.12 0.049351972951139821 0.27576196589189284
0.57402852177095365 0.71999999999999997 0.33081658197740649
0.43348445076023756 0.71999999999999997 0.04095047592606247
0.9414427303054379 0.71999999999999997 0.0071727805858502252
0.36018512426281246 0.16855132713840193 0.52000000000000002
0.50486700904622905 0.30876829999958905 0.52000000000000002
0.91812680376117617 0.47010631782138501 -0.12
0.89302301406859896 0.3544873491882029 0.52000000000000002
0.68673876897517494 0.053031661793980778 0.52000000000000002
0.62158728607910074 0.053330154535665787 0.52000000000000002
0.70548550212274874 0.43778109593602538 0.52000000000000002
0.93811930291452394 0.71999999999999997 0.23555730270251868
0.80118189414892615 0.14893895076892283 0.52000000000000002
0.4844594440500084 -0.12 0.046320239379307009
0.32403644609783755 0.017552624636462899 -0.12
0.3359705939318911 0.1004839133678804 0.52000000000000002
0.59464904315895384 0.71999999999999997 0.16451606205592456
0.016650462977174985 0.51104334732875834 -0.12
0.97447341804298604 -0.12 0.39527501574971291
0.90625427398493275 0.59304503379996831 -0.12
0.64009270340648572 0.19954963287478478 0.52000000000000002
1.1200000000000001 0.30904555885864238 0.019957334724136324
0.20333195665608106 0.45167574438486258 0.52000000000000002
0.73359490170292818 0.58211282383116747 -0.12
0.70616067154520223 0.082374244389091647 0.52000000000000002
-0.12 0.48983521222754167 0.10652321545058802
0.95127953483005334 0.022141056246205215 -0.12
0.6556023973597348 -0.12 0.22462807277937302
0.97137312205353288 0.24086477705796991 0.52000000000000002
0.75502419264365883 0.48600973104009659 0.52000000000000002
0.90903635559553209 -0.12 0.052004593629719598
0.28831555043261536 0.029847074577228482 0.52000000000000002
-0.12 0.10571910235629831 0.28092594671051951
0.0010243285661979407 0.070760168587795449 0.52000000000000002
0.59276180238138954 -0.12 0.37633072493913999
0.80864137680461246 0.29355528004408821 0.52000000000000002
0.70434094763523381 -0.12 0.073165188471069786
0.62053929474919378 0.09414846450045089 -0.12
0.57828259226021672 0.28734104889513512 -0.12
0.14199191911376119 0.71999999999999997 0.030234528329052338
0.80486277721571919 0.45076620471222373 -0.12
0.55432577404667649 0.10114136904964854 -0.12
0.28658046921314206 0.57958659633008613 -0.12
0.99956591760538038 -0.12 0.074269239098719686
0.24771537411437095 0.71999999999999997 0.15644909120952477
-0.12 0.12561000258528479 0.079664632262816643
0.011436209618702953 0.58766432765941568 -0.12
0.24432246656950307 0.71999999999999997 0.30019720786530157
0.56119422869295965 0.71999999999999997 0.29325577274258258
0.80444038931172845 0.57303409964213403 -0.12
0.31314796228401065 -0.12 0.22096363151363524
0.80195132688340787 0.71999999999999997 0.0027425703241419799
0.25197416519030358 0.39488057526141762 0.52000000000000002
0.97710520261567901 0.41840682115073763 0.52000000000000002
0.12508312926567855 0.71999999999999997 0.17180841871798599
0.092206751218979699 -0.12 0.10774435989218674
0.53163262568277503 0.47140085648809726 -0.12
0.066207226642522876 0.71999999999999997 0.25492476575848333
0.22755658186817262 0.71999999999999997 0.19593232004245117
0.59042969579490601 0.42012360300706331 0.52000000000000002
-0.12 0.017670245253065976 0.012977464443347242
1.1200000000000001 0.38501734073320815 0.33029250042788388
0.88497459816150459 0.1382659470843596 0.52000000000000002
0.096628364951227397 -0.12 0.35075358442517235
-0.12 0.5107033162121557 0.0053437871211154068
0.48791400407689212 0.71999999999999997 0.11837552391413944
0.77811363445228732 0.71999999999999997 0.36355491012877783
0.66221655949907954 0.11576633036698925 -0.12
0.95159659283409537 0.15725950389892338 0.52000000000000002
0.89216123502086031 0.27999071566185751 -0.12
0.5661801681577735 0.36253978627909272 0.52000000000000002
1.1200000000000001 0.084397693010797137 0.037512279868102287
0.21428341465343947 -0.12 0.093145350879319286
0.34607556790890759 0.19870467070284192 -0.12
0.45170349329042336 0.36007043455009169 -0.12
0.40377793303832199 0.070339351495590674 -0.12
0.59593268204144911 0.71999999999999997 0.3087266533342834
0.93782693539486273 0.19699121851488879 0.52000000000000002
-0.12 0.13417756598297348 0.15849002963857775
0.8630783564327259 0.71999999999999997 0.0017138062178199132
0.26578700217147078 0.25865434068345894 0.52000000000000002
-0.12 0.3544309151227209 0.041156447450768498
-0.12 0.20328376031300097 0.24128969954660071
0.96272589132239517 0.71999999999999997 0.13872832748041816
0.59086749066337463 -0.12 0.26358902184053756
0.66085364287824677 0.1723186385751965 0.52000000000000002
0.7391640633136225 0.075522131767336687 -0.12
0.33035614257107826 -0.12 0.25677105589446858
-0.12 0.079368089008312229 0.057139904824892229
0.53342063356566183 0.17049212583263074 -0.12
1.1200000000000001 0.16076907295347537 0.14949750914586332
-0.12 0.12333642162313246 0.052924415233583093
0.2567155272962045 -0.12 0.2148876246268186
1.1200000000000001 0.31522294512063692 0.39964150131430604
0.29211395721322964 0.71999999999999997 0.3054149050686682
0.66767963370192218 0.48174083367450743 0.52000000000000002
-0.12 0.29973182718091929 0.14872177479823565
0.012448798319504295 -0.12 0.322074278570818
0.75292343777537474 0.10187728354996292 0.52000000000000002
0.66852851977124217 0.092511616554168855 0.52000000000000002
0.83038868280565215 0.71999999999999997 0.23528464092753923
0.65830967037005306 0.1429703457210455 -0.12
0.44106477575056113 0.56895910784641324 -0.12
0.93804228263634937 -0.12 0.070510598203914143
-0.12 0.46436539705520397 0.34030055679894544
0.023659994404505058 -0.12 0.20313437968042367
0.19400050335789587 0.71999999999999997 0.37986057546757568
0.046217355225842249 0.71999999999999997 0.27196809069605132
0.6478585676598535 -0.12 0.29989462659641997
0.37793607759119319 -0.12 0.17250851857567728
0.31597388006737681 0.29550228845249898 -0.12
0.52279267062611035 0.011820333613090849 0.52000000000000002
0.74411996105664024 -0.12 0.32521570183266807
0.53363195353818305 -0.12 0.18808108561297435
0.34428450975242431 0.015166782837490844 -0.12
1.1200000000000001 0.10659125375795891 0.15898530141267375
0.41029934467859164 -0.12 0.16724303919849121
0.83571336492541703 0.46239000734294899 -0.12
-0.12 0.43390860595838643 0.3819220313234955
1.1200000000000001 0.11242239935369613 0.18172303062782535
0.43830006557410595 0.58522010097224486 0.52000000000000002
0.55962482946666803 0.71999999999999997 0.1707070790471597
0.75342763286495462 0.71999999999999997 0.16031429172577233
0.83346317925653157 0.71999999999999997 0.16944075885731463
0.65923018332809002 0.35762935680581298 0.52000000000000002
0.61171657102270938 0.52244465874384005 -0.12
0.23864506687610876 0.21372101669556692 -0.12
0.78879954681951692 0.71999999999999997 0.24450027546082409
0.3263133218767067 0.13111429517105636 0.52000000000000002
-0.12 0.35131934432454803 0.099749700041530082
0.089674782445062107 0.45791314313671683 0.52000000000000002
0.20449952892687895 0.71999999999999997 0.080582731104548666
0.66099595831291658 -0.12 0.38565160945226173
0.35849000992491242 0.56617803029405622 0.52000000000000002
1.1200000000000001 0.21943329383911464 0.068164309976972162
0.55689431321682015 0.48960261643035441 -0.12
0.15651248199339429 0.38544356009512154 -0.12
0.00058683537511194928 0.48603877658466332 -0.12
0.21492041870794698 0.71999999999999997 0.0023859267083894855
0.63803038668808276 0.56608771864747753 0.52000000000000002
0.17114294670861196 -0.12 0.18664933401644751
0.27746950739811849 -0.12 0.023603656957080291
0.2848423055313889 0.14525454113849745 -0.12
0.0020739763020881652 -0.12 0.13097837189141043
-0.12 0.35412356572925063 0.12265070991911498
0.13626390131405475 -0.12 0.048136501309956038
0.66073626198137025 0.5397016322690158 0.52000000000000002
0.32256517759329917 0.18106657981800622 -0.12
0.054261953085577797 -0.12 0.25169539227233484
-0.12 0.24454942249572462 0.0089424224416785776
0.86032806057725342 -0.12 0.20868859200856282
0.27309915147849095 0.30243384271081397 0.52000000000000002
0.66319676221402513 0.71999999999999997 0.19083860470515637
0.95742000046557663 -0.12 0.36593343692860913
0.55160680654179628 0.71999999999999997 0.2323989082132365
0.08111682220598937 0.58255423575393295 0.52000000000000002
0.59674902684385744 0.38971902442856754 -0.12
0.50760822537776285 0.35671356692912026 0.52000000000000002
0.1270116939889695 0.71999999999999997 0.098811056333455716
1.1200000000000001 0.14446369600175279 0.3199953444118328
0.22852887873893479 0.54339867420358812 -0.12
0.34230299894975558 -0.12 0.1006079735749299
0.62887326109939479 0.71999999999999997 0.13387248283774472
0.98537921259864447 0.71999999999999997 0.39256878612202928
0.23582446202150464 0.71999999999999997 0.17303892292122292
0.77279399256333026 0.13727181338375816 -0.12
-0.12 0.15741670886631293 0.37528851508607541
0.68429562434301194 0.4974837383307103 0.52000000000000002
0.054649207751457651 -0.12 0.28541812471114109
0.7282323342644399 0.017698437183644722 0.52000000000000002
0.92333932772191663 0.71999999999999997 0.1794653441093427
0.85833109266899388 0.085788911090450684 0.52000000000000002
1.1200000000000001 0.24094904950878315 0.14450928939922258
0.49762646791964971 0.47409000195557571 -0.12
1.1200000000000001 0.40926679748335448 0.29613591594833705
0.85983000756669647 -0.12 0.38250771865784916
0.25452176285141259 0.47860780596399488 -0.12
0.81749716485937762 0.56105425577660839 0.52000000000000002
1.1200000000000001 0.18761816458977265 0.18323577293239965
-0.12 0.42168548645658538 0.058619999438444648
0.057047954837106229 0.37005963202985404 -0.12
0.13580740799440438 0.71999999999999997 0.20747070123583722
0.86007995501461465 0.099314072359143357 -0.12
0.78168488281390369 -0.12 0.086872016685930351
0.26741874627130469 0.32981303449757182 -0.12
0.97152168605938338 0.71999999999999997 0.31666102109727629
-0.12 0.34297499534815407 0.38891599943407479
0.60907016510462997 0.45022156118728529 0.52000000000000002
1.1200000000000001 0.15743527281475767 0.00046380484582497772
0.15051915340467659 -0.12 0.31722148321539784
0.59755233912771422 0.031808935010340766 -0.12
0.22022925551141148 0.1328348419536397 -0.12
0.74244885529547033 0.71999999999999997 0.13241006276271899
0.44664554819880409 -0.12 0.27053018923123551
-0.12 0.23503937468105612 0.094524877039225796
0.20734976317812859 0.14881354175667846 0.52000000000000002
0.41909726928337998 0.71999999999999997 0.24322720499131584
0.4256369414215494 0.46485006819402391 -0.12
0.36768668694362672 -0.12 0.19491660141452283
0.084866684491816891 0.0045679012620050141 -0.12
0.54592828344187616 0.083057766459388518 0.52000000000000002
0.31999804631665074 0.71999999999999997 0.23793254570687006
-0.12 0.018548108329127611 0.37824189514006618
0.13936519043138718 0.46969844718350828 0.52000000000000002
1.1200000000000001 0.53796628861326157 0.20065791808838612
0.034183169075195141 0.034055534263832517 0.52000000000000002
0.34186921569307294 0.71999999999999997 0.18158175584717512
0.39652544177054716 0.71999999999999997 0.20493199299872378
0.45906189476824555 -0.12 0.34764421944047474
0.74485391220901709 0.71999999999999997 0.07900683474644242
0.65122314735571785 0.71999999999999997 0.31117988742670089
0.093057128754970408 -0.12 0.32446461004827581
0.12321743024049248 0.2669255476963896 0.52000000000000002
0.99764876156178672 0.40875261185618328 0.52000000000000002
0.54095039518565002 0.39343211167824321 -0.12
0.64146822392559333 -0.12 0.20436271646324922
0.22550456054765977 0.36454307060734914 -0.12
0.056304698992869051 0.32733304495664461 -0.12
0.23542271752378396 0.053843496934361676 0.52000000000000002
0.77866999114360369 -0.12 0.11574931414268347
0.92787749826577071 0.46393549595208461 0.52000000000000002
1.1200000000000001 0.19500685456068906 0.34041364081206571
0.67703114667782982 -0.12 0.063103422020017771
-0.12 0.31018428849995355 0.2235714907092847
0.43640660392014197 0.1165236327132757 -0.12
-0.12 0.53185466889371358 0.033965580943568212
0.54542502341339694 0.34806828485796037 -0.12
-0.12 0.41408344111302919 0.21154895918648775
0.17122108947670156 0.29712544944421976 0.52000000000000002
0.37642601658882435 0.36683638849957656 0.52000000000000002
1.1200000000000001 0.24366855749298894 0.36613867384781917
0.55239160859545822 0.53520390438778409 -0.12
0.99884953637483564 0.031872706361130265 -0.12
0.79896364014307786 0.71999999999999997 0.39353106761134476
0.77619531889759208 0.10892475821420064 0.52000000000000002
0.39137905519628502 0.71999999999999997 0.22529920029190481
0.1603889883650369 0.19414320512609212 -0.12
0.33779914219328222 0.71999999999999997 0.38290913789516257
0.66817639079498681 0.28416636239453757 -0.12
-0.12 0.10704173047403354 0.19438105054778407
0.74105089007423564 0.32051411424746284 0.52000000000000002
0.94827735489395049 0.10694609967569448 0.52000000000000002
0.33058443141608185 0.43263171222872299 -0.12
0.49124822108376909 0.28989191373936102 0.52000000000000002
0.56597282534525728 0.71999999999999997 0.37136930354570258
0.090726242756827169 0.2569568804810719 -0.12
0.49585639734737152 0.39003784719877488 0.52000000000000002
0.90837035592095539 0.21037384053464572 0.52000000000000002
1.1200000000000001 0.33672562377787901 0.19073732794017584
0.19615444117139136 0.71999999999999997 0.34501089961223919
0.54415965882672002 -0.12 0.35807331228898254
0.71126148160766045 0.28358429346282965 0.52000000000000002
-0.12 0.4213977933139047 0.3274017260572839
0.062972212116694681 0.1717836046160488 -0.12
1.1200000000000001 0.50830768323379172 0.067925664330243385
0.46138638294880907 0.71999999999999997 0.04819702824685717
0.33690139433180233 0.71999999999999997 0.05817286327612288
0.83293878756473605 0.19413859852348903 -0.12
0.90550911967564462 0.46930668159900935 0.52000000000000002
-0.12 0.43223522528462804 0.28499681626929191
0.65325359516804971 -0.12 0.0060023337673981384
0.077906293171784102 0.43767472072816382 0.52000000000000002
0.30545112962166099 0.22297303097121296 0.52000000000000002
0.80336973224602259 0.71999999999999997 0.025840240041486596
0.6121007653006213 0.41013032768624069 0.52000000000000002
0.76659209788239591 -0.12 0.34732065211162622
0.12245793802711824 0.39397267031137639 0.52000000000000002
-0.12 0.28636789744932156 0.063701547230266803
0.63950655740479567 -0.12 0.092397103380409185
0.4655264405998506 0.30591600481731873 -0.12
1.1200000000000001 0.21486347338399792 0.37804776007074659
0.39065223018302786 0.17922603967051631 -0.12
0.2839880521417163 0.16035207143020516 0.52000000000000002
0.13967191822102742 0.5213447617035919 0.52000000000000002
1.1200000000000001 0.56279769501034738 0.00091980624248022558
0.47609716423764725 0.31651919450101607 0.52000000000000002
0.62634216375689089 0.14266411624050163 -0.12
-0.12 0.54379256130389475 0.077235615586240647
0.016043566825849398 0.71999999999999997 0.087622526296420977
-0.12 0.11281707325292534 0.10863285512221937
-0.12 0.47298194843754626 0.29704336981663593
0.19758791082968086 0.27386896197753174 0.52000000000000002
-0.12 0.182743265899449 0.31000725470861196
0.71515541450026721 -0.12 0.32456169266907875
0.51070310268809993 0.14581617045102133 0.52000000000000002
0.58185857292056309 -0.12 0.12793767243840357
0.59940972116393898 0.59351607127507922 -0.12
0.95857810376167252 0.49074923624898248 -0.12
0.53246277073391635 -0.12 0.38018770320093537
0.44866700116734981 0.32681057315382483 -0.12
0.57204520797968827 0.71999999999999997 0.074676213570172983
0.36095519676769006 0.71999999999999997 0.12276286903391825
-0.12 0.28082208954919535 0.3163947758370243
0.92202615536083132 0.53212797146364865 -0.12
0.91069170890195883 0.090561347163942374 -0.12
1.1200000000000001 0.50770857747953002 0.1932977116494298
0.43880823063533392 0.45067740691482505 0.52000000000000002
0.010743531695318609 0.71999999999999997 0.31911573159770179
1.1200000000000001 0.48010055154244352 0.23725481080189514
-0.12 0.18134125798044595 0.39903085580573228
0.042079349146171952 -0.12 0.073261895036392619
0.91184213053988383 -0.12 0.26428140765356101
0.96067883928143682 0.19404512277478098 -0.12
0.82803755599536011 0.71999999999999997 0.067819553617172179
0.32697047373542931 0.4446805268503714 0.52000000000000002
0.78688733615453721 0.71999999999999997 0.20075511395465712
0.22806196116937572 0.080683940668654697 0.52000000000000002
0.81589690465631892 0.21868696792455355 -0.12
-0.12 0.52769792282903705 0.35024349843292257
0.17869990831193405 0.71999999999999997 0.024439335255052264
0.59435111450073685 0.065898824879468965 -0.12
0.47872564032903686 0.71999999999999997 0.071159315797270931
1.1200000000000001 0.017516631555225648 0.28632757227991273
0.77947453349931795 0.40763194728810292 -0.12
0.24427588816942825 0.36906284754085072 0.52000000000000002
1.1200000000000001 0.074403525763442113 0.16047855418746335
0.59708224638570007 0.5764775679939329 0.52000000000000002
0.38001710458940585 0.71999999999999997 0.29097376735435887
0.095685896401650927 0.71999999999999997 0.31262686910760162
0.1328924033966683 0.42623070664115081 -0.12
0.11210472364331658 0.39185803464957458 -0.12
0.909262000447147 0.54512148553094775 0.52000000000000002
-0.12 0.44501516545374942 0.062985868533049022
-0.12 0.21797764478432582 0.27263387297201169
0.42067741989294816 0.34171774547675071 0.52000000000000002
0.68583100610931669 -0.12 0.20263147357873273
0.10049688313955008 0.71999999999999997 0.085749200564101291
1.1200000000000001 0.27104318079161199 0.38443343206040526
0.24581698041536271 -0.12 0.34018840502233899
0.61585958318664924 0.71999999999999997 0.25858292515533965
0.21950292981931652 0.22372868657197925 -0.12
-0.12 0.0092231325913651567 0.27908958357007729
0.89481870773199812 0.71999999999999997 0.39849770589279043
1.1200000000000001 0.57528586785626623 0.17110844215744214
-0.12 0.55763745539601983 0.13664989761014038
0.70470667516109353 -0.12 0.25581694057349069
0.66787944001551236 0.083523673594888548 -0.12
0.3543169453047369 0.71999999999999997 0.29217329270533393
0.85048992976135118 0.58111484428835136 -0.12
0.17973844781754678 -0.12 0.14591945146427163
0.34427335890576938 0.71999999999999997 0.017274906422113424
0.70037509139248633 0.53250366286246209 -0.12
0.98492588598765196 -0.12 0.30461588110537596
0.83888255792548028 0.22357764220819848 0.52000000000000002
0.72102830315132049 -0.12 0.23124884586465441
0.34418242950969724 0.53815995066573186 0.52000000000000002
0.99859668445857763 0.51616279476784799 0.52000000000000002
0.79085363857977287 0.38711757114632844 0.52000000000000002
0.83513849736079548 0.0042970649973145701 0.52000000000000002
0.93887700210319713 0.27380432795481752 -0.12
0.21323683779179603 0.71999999999999997 0.38680411368976619
1.1200000000000001 0.028542044944650513 0.088004056565506569
-0.12 0.1991981065357942 0.26217074004038665
0.52814183899560274 0.71999999999999997 0.39422022115866506
-0.12 0.22281540987731843 0.29206597436174953
0.2024645054993347 -0.12 0.24324322196796411
-0.12 0.046350213284081621 0.09874310322433405
0.89579109741093743 0.57016315568576137 -0.12
0.68310955193026013 0.4469225419322721 0.52000000000000002
0.21146926313713588 0.50047411967081767 0.52000000000000002
0.87759933375457388 0.71999999999999997 0.23935051267684304
0.73291190887273006 0.71999999999999997 0.34084337341935755
0.96828343575220377 0.53249869832687657 -0.12
0.92977562045755624 -0.12 0.37813969391825558
1.1200000000000001 0.4614154657647398 0.13862551313705324
1.1200000000000001 0.44540056523030813 0.31212119948135431
1.1200000000000001 0.58450491775540192 0.27878383887924607
0.046752252652072279 0.71999999999999997 0.22317329095410565
0.24572785843239953 0.30147594700752045 -0.12
0.010766898042934181 0.71999999999999997 0.36001155229357767
0.19312012099407372 0.3893206786153382 0.52000000000000002
0.71741203087694083 0.56354394380705553 0.52000000000000002
0.34125321665217234 0.56534130276830441 -0.12
1.1200000000000001 0.02087137897017266 0.0048320784957889273
-0.12 0.080432379553626546 0.27676494165508814
0.65832298601512851 0.71999999999999997 0.13537478991573079
-0.12 0.57693983786356273 0.23145166135884965
0.77036883390822208 0.26728483620628968 0.52000000000000002
0.21005693756916322 0.42323919116034103 0.52000000000000002
VERTICES 4476 8952
1 0
1 1
1 2
1 3
1 4
1 5
1 6
1 7
1 8
1 9
1 10
1 11
1 12
1 13
1 14
1 15
1 16
1 17
1 18
1 19
1 20
1 21
1 22
1 23
1 24
1 25
1 26
1 27
1 28
1 29
1 30
1 31
1 32
1 33
1 34
1 35
1 36
1 37
1 38
1 39
1 40
1 41
1 42
1 43
1 44
1 45
1 46
1 47
1 48
1 49
1 50
1 51
1 52
1 53
1 54
1 55
1 56
1 57
1 58
1 59
1 60
1 61
1 62
1 63
1 64
1 65
1 66
1 67
1 68
1 69
1 70
1 71
1 72
1 73
1 74
1 75
1 76
1 77
1 78
1 79
1 80
1 81
1 82
1 83
1 84
1 85
1 86
1 87
1 88
1 89
1 90
1 91
1 92
1 93
1 94
1 95
1 96
1 97
1 98
1 99
1 100
1 101
1 102
1 103
1 104
1 105
1 106
1 107
1 108
1 109
1 110
1 111
1 112
1 113
1 114
1 115
1 116
1 117
1 118
1 119
1 120
1 121
1 122
1 123
1 124
1 125
1 126
1 127
1 128
1 129
1 130
1 131
1 132
1 133
1 134
1 135
1 136
1 137
1 138
1 139
1 140
1 141
1 142
1 143
1 144
1 145
1 146
1 147
1 148
1 149
1 150
1 151
1 152
1 153
1 154
1 155
1 156
1 157
1 158
1 159
1 160
1 161
1 162
1 163
1 164
1 165
1 166
1 167
1 168
1 169
1 170
1 171
1 172
1 173
1 174
1 175
1 176
1 177
1 178
1 179
1 180
1 181
1 182
1 183
1 184
1 185
1 186
1 187
1 188
1 189
1 190
1 191
1 192
1 193
1 194
1 195
1 196
1 197
1 198
1 199
1 200
1 201
1 202
1 203
1 204
1 205
1 206
1 207
1 208
1 209
1 210
1 211
1 212
1 213
1 214
1 215
1 216
1 217
1 218
1 219
1 220
1 221
1 222
1 223
1 224
1 225
1 226
1 227
1 228
1 229
1 230
1 231
1 232
1 233
1 234
1 235
1 236
1 237
1 238
1 239
1 240
1 241
1 242
1 243
1 244
1 245
1 246
1 247
1 248
1 249
1 250
1 251
1 252
1 253
1 254
1 255
1 256
1 257
1 258
1 259
1 260
1 261
1 262
1 263
1 264
1 265
1 266
1 267
1 268
1 269
1 270
1 271
1 272
1 273
1 274
1 275
1 276
1 277
1 278
1 279
1 280
1 281
1 282
1 283
1 284
1 285
1 286
1 287
1 288
1 289
1 290
1 291
1 292
1 293
1 294
1 295
1 296
1 297
1 298
1 299
1 300
1 301
1 302
1 303
1 304
1 305
1 306
1 307
1 308
1 309
1 310
1 311
1 312
1 313
1 314
1 315
1 316
1 317
1 318
1 319
1 320
1 321
1 322
1 323
1 324
1 325
1 326
1 327
1 328
1 329
1 330
1 331
1 332
1 333
1 334
1 335
1 336
1 337
1 338
1 339
1 340
1 341
1 342
1 343
1 344
1 345
1 346
1 347
1 348
1 349
1 350
1 351
1 352
1 353
1 354
1 355
1 356
1 357
1 358
1 359
1 360
1 361
1 362
1 363
1 364
1 365
1 366
1 367
1 368
1 369
1 370
1 371
1 372
1 373
1 374
1 375
1 376
1 377
1 378
1 379
1 380
1 381
1 382
1 383
1 384
1 385
1 386
1 387
1 388
1 389
1 390
1 391
1 392
1 393
1 394
1 395
1 396
1 397
1 398
1 399
1 400
1 401
1 402
1 403
1 404
1 405
1 406
1 407
1 408
1 409
1 410
1 411
1 412
1 413
1 414
1 415
1 416
1 417
1 418
1 419
1 420
1 421
1 422
1 423
1 424
1 425
1 426
1 427
1 428
1 429
1 430
1 431
1 432
1 433
1 434
1 435
1 436
1 437
1 438
1 439
1 440
1 441
1 442
1 443
1 444
1 445
1 446
1 447
1 448
1 449
1 450
1 451
1 452
1 453
1 454
1 455
1 456
1 457
1 458
1 459
1 460
1 461
1 462
1 463
1 464
1 465
1 466
1 467
1 468
1 469
1 470
1 471
1 472
1 473
1 474
1 475
1 476
1 477
1 478
1 479
1 480
1 481
1 482
1 483
1 484
1 485
1 486
1 487
1 488
1 489
1 490
1 491
1 492
1 493
1 494
1 495
1 496
1 497
1 498
1 499
1 500
1 501
1 502
1 503
1 504
1 505
1 506
1 507
1 508
1 509
1 510
1 511
1 512
1 513
1 514
1 515
1 516
1 517
1 518
1 519
1 520
1 521
1 522
1 523
1 524
1 525
1 526
1 527
1 528
1 529
1 530
1 531
1 532
1 533
1 534
1 535
1 536
1 537
1 538
1 539
1 540
1 541
1 542
1 543
1 544
1 545
1 546
1 547
1 548
1 549
1 550
1 551
1 552
1 553
1 554
1 555
1 556
1 557
1 558
1 559
1 560
1 561
1 562
1 563
1 564
1 565
1 566
1 567
1 568
1 569
1 570
1 571
1 572
1 573
1 574
1 575
1 576
1 577
1 578
1 579
1 580
1 581
1 582
1 583
1 584
1 585
1 586
1 587
1 588
1 589
1 590
1 591
1 592
1 593
1 594
1 595
1 596
1 597
1 598
1 599
1 600
1 601
1 602
1 603
1 604
1 605
1 606
1 607
1 608
1 609
1 610
1 611
1 612
1 613
1 614
1 615
1 616
1 617
1 618
1 619
1 620
1 621
1 622
1 623
1 624
1 625
1 626
1 627
1 628
1 629
1 630
1 631
1 632
1 633
1 634
1 635
1 636
1 637
1 638
1 639
1 640
1 641
1 642
1 643
1 644
1 645
1 646
1 647
1 648
1 649
1 650
1 651
1 652
1 653
1 654
1 655
1 656
1 657
1 658
1 659
1 660
1 661
1 662
1 663
1 664
1 665
1 666
1 667
1 668
1 669
1 670
1 671
1 672
1 673
1 674
1 675
1 676
1 677
1 678
1 679
1 680
1 681
1 682
1 683
1 684
1 685
1 686
1 687
1 688
1 689
1 690
1 691
1 692
1 693
1 694
1 695
1 696
1 697
1 698
1 699
1 700
1 701
1 702
1 703
1 704
1 705
1 706
1 707
1 708
1 709
1 710
1 711
1 712
1 713
1 714
1 715
1 716
1 717
1 718
1 719
1 720
1 721
1 722
1 723
1 724
1 725
1 726
1 727
1 728
1 729
1 730
1 731
1 732
1 733
1 734
1 735
1 736
1 737
1 738
1 739
1 740
1 741
1 742
1 743
1 744
1 745
1 746
1 747
1 748
1 749
1 750
1 751
1 752
1 753
1 754
1 755
1 756
1 757
1 758
1 759
1 760
1 761
1 762
1 763
1 764
1 765
1 766
1 767
1 768
1 769
1 770
1 771
1 772
1 773
1 774
1 775
1 776
1 777
1 778
1 779
1 780
1 781
1 782
1 783
1 784
1 785
1 786
1 787
1 788
1 789
1 790
1 791
1 792
1 793
1 794
1 795
1 796
1 797
1 798
1 799
1 800
1 801
1 802
1 803
1 804
1 805
1 806
1 807
1 808
1 809
1 810
1 811
1 812
1 813
1 814
1 815
1 816
1 817
1 818
1 819
1 820
1 821
1 822
1 823
1 824
1 825
1 826
1 827
1 828
1 829
1 830
1 831
1 832
1 833
1 834
1 835
1 836
1 837
1 838
1 839
1 840
1 841
1 842
1 843
1 844
1 845
1 846
1 847
1 848
1 849
1 850
1 851
1 852
1 853
1 854
1 855
1 856
1 857
1 858
1 859
1 860
1 861
1 862
1 863
1 864
1 865
1 866
1 867
1 868
1 869
1 870
1 871
1 872
1 873
1 874
1 875
1 876
1 877
1 878
1 879
1 880
1 881
1 882
1 883
1 884
1 885
1 886
1 887
1 888
1 889
1 890
1 891
1 892
1 893
1 894
1 895
1 896
1 897
1 898
1 899
1 900
1 901
1 902
1 903
1 904
1 905
1 906
1 907
1 908
1 909
1 910
1 911
1 912
1 913
1 914
1 915
1 916
1 917
1 918
1 919
1 920
1 921
1 922
1 923
1 924
1 925
1 926
1 927
1 928
1 929
1 930
1 931
1 932
1 933
1 934
1 935
1 936
1 937
1 938
1 939
1 940
1 941
1 942
1 943
1 944
1 945
1 946
1 947
1 948
1 949
1 950
1 951
1 952
1 953
1 954
1 955
1 956
1 957
1 958
1 959
1 960
1 961
1 962
1 963
1 964
1 965
1 966
1 967
1 968
1 969
1 970
1 971
1 972
1 973
1 974
1 975
1 976
1 977
1 978
1 979
1 980
1 981
1 982
1 983
1 984
1 985
1 986
1 987
1 988
1 989
1 990
1 991
1 992
1 993
1 994
1 995
1 996
1 997
1 998
1 999
1 1000
1 1001
1 1002
1 1003
1 1004
1 1005
1 1006
1 1007
1 1008
1 1009
1 1010
1 1011
1 1012
1 1013
1 1014
1 1015
1 1016
1 1017
1 1018
1 1019
1 1020
1 1021
1 1022
1 1023
1 1024
1 1025
1 1026
1 1027
1 1028
1 1029
1 1030
1 1031
1 1032
1 1033
1 1034
1 1035
1 1036
1 1037
1 1038
1 1039
1 1040
1 1041
1 1042
1 1043
1 1044
1 1045
1 1046
1 1047
1 1048
1 1049
1 1050
1 1051
1 1052
1 1053
1 1054
1 1055
1 1056
1 1057
1 1058
1 1059
1 1060
1 1061
1 1062
1 1063
1 1064
1 1065
1 1066
1 1067
1 1068
1 1069
1 1070
1 1071
1 1072
1 1073
1 1074
1 1075
1 1076
1 1077
1 1078
1 1079
1 1080
1 1081
1 1082
1 1083
1 1084
1 1085
1 1086
1 1087
1 1088
1 1089
1 1090
1 1091
1 1092
1 1093
1 1094
1 1095
1 1096
1 1097
1 1098
1 1099
1 1100
1 1101
1 1102
1 1103
1 1104
1 1105
1 1106
1 1107
1 1108
1 1109
1 1110
1 1111
1 1112
1 1113
1 1114
1 1115
1 1116
1 1117
1 1118
1 1119
1 1120
1 1121
1 1122
1 1123
1 1124
1 1125
1 1126
1 1127
1 1128
1 1129
1 1130
1 1131
1 1132
1 1133
1 1134
1 1135
1 1136
1 1137
1 1138
1 1139
1 1140
1 1141
1 1142
1 1143
1 1144
1 1145
1 1146
1 1147
1 1148
1 1149
1 1150
1 1151
1 1152
1 1153
1 1154
1 1155
1 1156
1 1157
1 1158
1 1159
1 1160
1 1161
1 1162
1 1163
1 1164
1 1165
1 1166
1 1167
1 1168
1 1169
1 1170
1 1171
1 1172
1 1173
1 1174
1 1175
1 1176
1 1177
1 1178
1 1179
1 1180
1 1181
1 1182
1 1183
1 1184
1 1185
1 1186
1 1187
1 1188
1 1189
1 1190
1 1191
1 1192
1 1193
1 1194
1 1195
1 1196
1 1197
1 1198
1 1199
1 1200
1 1201
1 1202
1 1203
1 1204
1 1205
1 1206
1 1207
1 1208
1 1209
1 1210
1 1211
1 1212
1 1213
1 1214
1 1215
1 1216
1 1217
1 1218
1 1219
1 1220
1 1221
1 1222
1 1223
1 1224
1 1225
1 1226
1 1227
1 1228
1 1229
1 1230
1 1231
1 1232
1 1233
1 1234
1 1235
1 1236
1 1237
1 1238
1 1239
1 1240
1 1241
1 1242
1 1243
1 1244
1 1245
1 1246
1 1247
1 1248
1 1249
1 1250
1 1251
1 1252
1 1253
1 1254
1 1255
1 1256
1 1257
1 1258
1 1259
1 1260
1 1261
1 1262
1 1263
1 1264
1 1265
1 1266
1 1267
1 1268
1 1269
1 1270
1 1271
1 1272
1 1273
1 1274
1 1275
1 1276
1 1277
1 1278
1 1279
1 1280
1 1281
1 1282
1 1283
1 1284
1 1285
1 1286
1 1287
1 1288
1 1289
1 1290
1 1291
1 1292
1 1293
1 1294
1 1295
1 1296
1 1297
1 1298
1 1299
1 1300
1 1301
1 1302
1 1303
1 1304
1 1305
1 1306
1 1307
1 1308
1 1309
1 1310
1 1311
1 1312
1 1313
1 1314
1 1315
1 1316
1 1317
1 1318
1 1319
1 1320
1 1321
1 1322
1 1323
1 1324
1 1325
1 1326
1 1327
1 1328
1 1329
1 1330
1 1331
1 1332
1 1333
1 1334
1 1335
1 1336
1 1337
1 1338
1 1339
1 1340
1 1341
1 1342
1 1343
1 1344
1 1345
1 1346
1 1347
1 1348
1 1349
1 1350
1 1351
1 1352
1 1353
1 1354
1 1355
1 1356
1 1357
1 1358
1 1359
1 1360
1 1361
1 1362
1 1363
1 1364
1 1365
1 1366
1 1367
1 1368
1 1369
1 1370
1 1371
1 1372
1 1373
1 1374
1 1375
1 1376
1 1377
1 1378
1 1379
1 1380
1 1381
1 1382
1 1383
1 1384
1 1385
1 1386
1 1387
1 1388
1 1389
1 1390
1 1391
1 1392
1 1393
1 1394
1 1395
1 1396
1 1397
1 1398
1 1399
1 1400
1 1401
1 1402
1 1403
1 1404
1 1405
1 1406
1 1407
1 1408
1 1409
1 1410
1 1411
1 1412
1 1413
1 1414
1 1415
1 1416
1 1417
1 1418
1 1419
1 1420
1 1421
1 1422
1 1423
1 1424
1 1425
1 1426
1 1427
1 1428
1 1429
1 1430
1 1431
1 1432
1 1433
1 1434
1 1435
1 1436
1 1437
1 1438
1 1439
1 1440
1 1441
1 1442
1 1443
1 1444
1 1445
1 1446
1 1447
1 1448
1 1449
1 1450
1 1451
1 1452
1 1453
1 1454
1 1455
1 1456
1 1457
1 1458
1 1459
1 1460
1 1461
1 1462
1 1463
1 1464
1 1465
1 1466
1 1467
1 1468
1 1469
1 1470
1 1471
1 1472
1 1473
1 1474
1 1475
1 1476
1 1477
1 1478
1 1479
1 1480
1 1481
1 1482
1 1483
1 1484
1 1485
1 1486
1 1487
1 1488
1 1489
1 1490
1 1491
1 1492
1 1493
1 1494
1 1495
1 1496
1 1497
1 1498
1 1499
1 1500
1 1501
1 1502
1 1503
1 1504
1 1505
1 1506
1 1507
1 1508
1 1509
1 1510
1 1511
1 1512
1 1513
1 1514
1 1515
1 1516
1 1517
1 1518
1 1519
1 1520
1 1521
1 1522
1 1523
1 1524
1 1525
1 1526
1 1527
1 1528
1 1529
1 1530
1 1531
1 1532
1 1533
1 1534
1 1535
1 1536
1 1537
1 1538
1 1539
1 1540
1 1541
1 1542
1 1543
1 1544
1 1545
1 1546
1 1547
1 1548
1 1549
1 1550
1 1551
1 1552
1 1553
1 1554
1 1555
1 1556
1 1557
1 1558
1 1559
1 1560
1 1561
1 1562
1 1563
1 1564
1 1565
1 1566
1 1567
1 1568
1 1569
1 1570
1 1571
1 1572
1 1573
1 1574
1 1575
1 1576
1 1577
1 1578
1 1579
1 1580
1 1581
1 1582
1 1583
1 1584
1 1585
1 1586
1 1587
1 1588
1 1589
1 1590
1 1591
1 1592
1 1593
1 1594
1 1595
1 1596
1 1597
1 1598
1 1599
1 1600
1 1601
1 1602
1 1603
1 1604
1 1605
1 1606
1 1607
1 1608
1 1609
1 1610
1 1611
1 1612
1 1613
1 1614
1 1615
1 1616
1 1617
1 1618
1 1619
1 1620
1 1621
1 1622
1 1623
1 1624
1 1625
1 1626
1 1627
1 1628
1 1629
1 1630
1 1631
1 1632
1 1633
1 1634
1 1635
1 1636
1 1637
1 1638
1 1639
1 1640
1 1641
1 1642
1 1643
1 1644
1 1645
1 1646
1 1647
1 1648
1 1649
1 1650
1 1651
1 1652
1 1653
1 1654
1 1655
1 1656
1 1657
1 1658
1 1659
1 1660
1 1661
1 1662
1 1663
1 1664
1 1665
1 1666
1 1667
1 1668
1 1669
1 1670
1 1671
1 1672
1 1673
1 1674
1 1675
1 1676
1 1677
1 1678
1 1679
1 1680
1 1681
1 1682
1 1683
1 1684
1 1685
1 1686
1 1687
1 1688
1 1689
1 1690
1 1691
1 1692
1 1693
1 1694
1 1695
1 1696
1 1697
1 1698
1 1699
1 1700
1 1701
1 1702
1 1703
1 1704
1 1705
1 1706
1 1707
1 1708
1 1709
1 1710
1 1711
1 1712
1 1713
1 1714
1 1715
1 1716
1 1717
1 1718
1 1719
1 1720
1 1721
1 1722
1 1723
1 1724
1 1725
1 1726
1 1727
1 1728
1 1729
1 1730
1 1731
1 1732
1 1733
1 1734
1 1735
1 1736
1 1737
1 1738
1 1739
1 1740
1 1741
1 1742
1 1743
1 1744
1 1745
1 1746
1 1747
1 1748
1 1749
1 1750
1 1751
1 1752
1 1753
1 1754
1 1755
1 1756
1 1757
1 1758
1 1759
1 1760
1 1761
1 1762
1 1763
1 1764
1 1765
1 1766
1 1767
1 1768
1 1769
1 1770
1 1771
1 1772
1 1773
1 1774
1 1775
1 1776
1 1777
1 1778
1 1779
1 1780
1 1781
1 1782
1 1783
1 1784
1 1785
1 1786
1 1787
1 1788
1 1789
1 1790
1 1791
1 1792
1 1793
1 1794
1 1795
1 1796
1 1797
1 1798
1 1799
1 1800
1 1801
1 1802
1 1803
1 1804
1 1805
1 1806
1 1807
1 1808
1 1809
1 1810
1 1811
1 1812
1 1813
1 1814
1 1815
1 1816
1 1817
1 1818
1 1819
1 1820
1 1821
1 1822
1 1823
1 1824
1 1825
1 1826
1 1827
1 1828
1 1829
1 1830
1 1831
1 1832
1 1833
1 1834
1 1835
1 1836
1 1837
1 1838
1 1839
1 1840
1 1841
1 1842
1 1843
1 1844
1 1845
1 1846
1 1847
1 1848
1 1849
1 1850
1 1851
1 1852
1 1853
1 1854
1 1855
1 1856
1 1857
1 1858
1 1859
1 1860
1 1861
1 1862
1 1863
1 1864
1 1865
1 1866
1 1867
1 1868
1 1869
1 1870
1 1871
1 1872
1 1873
1 1874
1 1875
1 1876
1 1877
1 1878
1 1879
1 1880
1 1881
1 1882
1 1883
1 1884
1 1885
1 1886
1 1887
1 1888
1 1889
1 1890
1 1891
1 1892
1 1893
1 1894
1 1895
1 1896
1 1897
1 1898
1 1899
1 1900
1 1901
1 1902
1 1903
1 1904
1 1905
1 1906
1 1907
1 1908
1 1909
1 1910
1 1911
1 1912
1 1913
1 1914
1 1915
1 1916
1 1917
1 1918
1 1919
1 1920
1 1921
1 1922
1 1923
1 1924
1 1925
1 1926
1 1927
1 1928
1 1929
1 1930
1 1931
1 1932
1 1933
1 1934
1 1935
1 1936
1 1937
1 1938
1 1939
1 1940
1 1941
1 1942
1 1943
1 1944
1 1945
1 1946
1 1947
1 1948
1 1949
1 1950
1 1951
1 1952
1 1953
1 1954
1 1955
1 1956
1 1957
1 1958
1 1959
1 1960
1 1961
1 1962
1 1963
1 1964
1 1965
1 1966
1 1967
1 1968
1 1969
1 1970
1 1971
1 1972
1 1973
1 1974
1 1975
1 1976
1 1977
1 1978
1 1979
1 1980
1 1981
1 1982
1 1983
1 1984
1 1985
1 1986
1 1987
1 1988
1 1989
1 1990
1 1991
1 1992
1 1993
1 1994
1 1995
1 1996
1 1997
1 1998
1 1999
1 2000
1 2001
1 2002
1 2003
1 2004
1 2005
1 2006
1 2007
1 2008
1 2009
1 2010
1 2011
1 2012
1 2013
1 2014
1 2015
1 2016
1 2017
1 2018
1 2019
1 2020
1 2021
1 2022
1 2023
1 2024
1 2025
1 2026
1 2027
1 2028
1 2029
1 2030
1 2031
1 2032
1 2033
1 2034
1 2035
1 2036
1 2037
1 2038
1 2039
1 2040
1 2041
1 2042
1 2043
1 2044
1 2045
1 2046
1 2047
1 2048
1 2049
1 2050
1 2051
1 2052
1 2053
1 2054
1 2055
1 2056
1 2057
1 2058
1 2059
1 2060
1 2061
1 2062
1 2063
1 2064
1 2065
1 2066
1 2067
1 2068
1 2069
1 2070
1 2071
1 2072
1 2073
1 2074
1 2075
1 2076
1 2077
1 2078
1 2079
1 2080
1 2081
1 2082
1 2083
1 2084
1 2085
1 2086
1 2087
1 2088
1 2089
1 2090
1 2091
1 2092
1 2093
1 2094
1 2095
1 2096
1 2097
1 2098
1 2099
1 2100
1 2101
1 2102
1 2103
1 2104
1 2105
1 2106
1 2107
1 2108
1 2109
1 2110
1 2111
1 2112
1 2113
1 2114
1 2115
1 2116
1 2117
1 2118
1 2119
1 2120
1 2121
1 2122
1 2123
1 2124
1 2125
1 2126
1 2127
1 2128
1 2129
1 2130
1 2131
1 2132
1 2133
1 2134
1 2135
1 2136
1 2137
1 2138
1 2139
1 2140
1 2141
1 2142
1 2143
1 2144
1 2145
1 2146
1 2147
1 2148
1 2149
1 2150
1 2151
1 2152
1 2153
1 2154
1 2155
1 2156
1 2157
1 2158
1 2159
1 2160
1 2161
1 2162
1 2163
1 2164
1 2165
1 2166
1 2167
1 2168
1 2169
1 2170
1 2171
1 2172
1 2173
1 2174
1 2175
1 2176
1 2177
1 2178
1 2179
1 2180
1 2181
1 2182
1 2183
1 2184
1 2185
1 2186
1 2187
1 2188
1 2189
1 2190
1 2191
1 2192
1 2193
1 2194
1 2195
1 2196
1 2197
1 2198
1 2199
1 2200
1 2201
1 2202
1 2203
1 2204
1 2205
1 2206
1 2207
1 2208
1 2209
1 2210
1 2211
1 2212
1 2213
1 2214
1 2215
1 2216
1 2217
1 2218
1 2219
1 2220
1 2221
1 2222
1 2223
1 2224
1 2225
1 2226
1 2227
1 2228
1 2229
1 2230
1 2231
1 2232
1 2233
1 2234
1 2235
1 2236
1 2237
1 2238
1 2239
1 2240
1 2241
1 2242
1 2243
1 2244
1 2245
1 2246
1 2247
1 2248
1 2249
1 2250
1 2251
1 2252
1 2253
1 2254
1 2255
1 2256
1 2257
1 2258
1 2259
1 2260
1 2261
1 2262
1 2263
1 2264
1 2265
1 2266
1 2267
1 2268
1 2269
1 2270
1 2271
1 2272
1 2273
1 2274
1 2275
1 2276
1 2277
1 2278
1 2279
1 2280
1 2281
1 2282
1 2283
1 2284
1 2285
1 2286
1 2287
1 2288
1 2289
1 2290
1 2291
1 2292
1 2293
1 2294
1 2295
1 2296
1 2297
1 2298
1 2299
1 2300
1 2301
1 2302
1 2303
1 2304
1 2305
1 2306
1 2307
1 2308
1 2309
1 2310
1 2311
1 2312
1 2313
1 2314
1 2315
1 2316
1 2317
1 2318
1 2319
1 2320
1 2321
1 2322
1 2323
1 2324
1 2325
1 2326
1 2327
1 2328
1 2329
1 2330
1 2331
1 2332
1 2333
1 2334
1 2335
1 2336
1 2337
1 2338
1 2339
1 2340
1 2341
1 2342
1 2343
1 2344
1 2345
1 2346
1 2347
1 2348
1 2349
1 2350
1 2351
1 2352
1 2353
1 2354
1 2355
1 2356
1 2357
1 2358
1 2359
1 2360
1 2361
1 2362
1 2363
1 2364
1 2365
1 2366
1 2367
1 2368
1 2369
1 2370
1 2371
1 2372
1 2373
1 2374
1 2375
1 2376
1 2377
1 2378
1 2379
1 2380
1 2381
1 2382
1 2383
1 2384
1 2385
1 2386
1 2387
1 2388
1 2389
1 2390
1 2391
1 2392
1 2393
1 2394
1 2395
1 2396
1 2397
1 2398
1 2399
1 2400
1 2401
1 2402
1 2403
1 2404
1 2405
1 2406
1 2407
1 2408
1 2409
1 2410
1 2411
1 2412
1 2413
1 2414
1 2415
1 2416
1 2417
1 2418
1 2419
1 2420
1 2421
1 2422
1 2423
1 2424
1 2425
1 2426
1 2427
1 2428
1 2429
1 2430
1 2431
1 2432
1 2433
1 2434
1 2435
1 2436
1 2437
1 2438
1 2439
1 2440
1 2441
1 2442
1 2443
1 2444
1 2445
1 2446
1 2447
1 2448
1 2449
1 2450
1 2451
1 2452
1 2453
1 2454
1 2455
1 2456
1 2457
1 2458
1 2459
1 2460
1 2461
1 2462
1 2463
1 2464
1 2465
1 2466
1 2467
1 2468
1 2469
1 2470
1 2471
1 2472
1 2473
1 2474
1 2475
1 2476
1 2477
1 2478
1 2479
1 2480
1 2481
1 2482
1 2483
1 2484
1 2485
1 2486
1 2487
1 2488
1 2489
1 2490
1 2491
1 2492
1 2493
1 2494
1 2495
1 2496
1 2497
1 2498
1 2499
1 2500
1 2501
1 2502
1 2503
1 2504
1 2505
1 2506
1 2507
1 2508
1 2509
1 2510
1 2511
1 2512
1 2513
1 2514
1 2515
1 2516
1 2517
1 2518
1 2519
1 2520
1 2521
1 2522
1 2523
1 2524
1 2525
1 2526
1 2527
1 2528
1 2529
1 2530
1 2531
1 2532
1 2533
1 2534
1 2535
1 2536
1 2537
1 2538
1 2539
1 2540
1 2541
1 2542
1 2543
1 2544
1 2545
1 2546
1 2547
1 2548
1 2549
1 2550
1 2551
1 2552
1 2553
1 2554
1 2555
1 2556
1 2557
1 2558
1 2559
1 2560
1 2561
1 2562
1 2563
1 2564
1 2565
1 2566
1 2567
1 2568
1 2569
1 2570
1 2571
1 2572
1 2573
1 2574
1 2575
1 2576
1 2577
1 2578
1 2579
1 2580
1 2581
1 2582
1 2583
1 2584
1 2585
1 2586
1 2587
1 2588
1 2589
1 2590
1 2591
1 2592
1 2593
1 2594
1 2595
1 2596
1 2597
1 2598
1 2599
1 2600
1 2601
1 2602
1 2603
1 2604
1 2605
1 2606
1 2607
1 2608
1 2609
1 2610
1 2611
1 2612
1 2613
1 2614
1 2615
1 2616
1 2617
1 2618
1 2619
1 2620
1 2621
1 2622
1 2623
1 2624
1 2625
1 2626
1 2627
1 2628
1 2629
1 2630
1 2631
1 2632
1 2633
1 2634
1 2635
1 2636
1 2637
1 2638
1 2639
1 2640
1 2641
1 2642
1 2643
1 2644
1 2645
1 2646
1 2647
1 2648
1 2649
1 2650
1 2651
1 2652
1 2653
1 2654
1 2655
1 2656
1 2657
1 2658
1 2659
1 2660
1 2661
1 2662
1 2663
1 2664
1 2665
1 2666
1 2667
1 2668
1 2669
1 2670
1 2671
1 2672
1 2673
1 2674
1 2675
1 2676
1 2677
1 2678
1 2679
1 2680
1 2681
1 2682
1 2683
1 2684
1 2685
1 2686
1 2687
1 2688
1 2689
1 2690
1 2691
1 2692
1 2693
1 2694
1 2695
1 2696
1 2697
1 2698
1 2699
1 2700
1 2701
1 2702
1 2703
1 2704
1 2705
1 2706
1 2707
1 2708
1 2709
1 2710
1 2711
1 2712
1 2713
1 2714
1 2715
1 2716
1 2717
1 2718
1 2719
1 2720
1 2721
1 2722
1 2723
1 2724
1 2725
1 2726
1 2727
1 2728
1 2729
1 2730
1 2731
1 2732
1 2733
1 2734
1 2735
1 2736
1 2737
1 2738
1 2739
1 2740
1 2741
1 2742
1 2743
1 2744
1 2745
1 2746
1 2747
1 2748
1 2749
1 2750
1 2751
1 2752
1 2753
1 2754
1 2755
1 2756
1 2757
1 2758
1 2759
1 2760
1 2761
1 2762
1 2763
1 2764
1 2765
1 2766
1 2767
1 2768
1 2769
1 2770
1 2771
1 2772
1 2773
1 2774
1 2775
1 2776
1 2777
1 2778
1 2779
1 2780
1 2781
1 2782
1 2783
1 2784
1 2785
1 2786
1 2787
1 2788
1 2789
1 2790
1 2791
1 2792
1 2793
1 2794
1 2795
1 2796
1 2797
1 2798
1 2799
1 2800
1 2801
1 2802
1 2803
1 2804
1 2805
1 2806
1 2807
1 2808
1 2809
1 2810
1 2811
1 2812
1 2813
1 2814
1 2815
1 2816
1 2817
1 2818
1 2819
1 2820
1 2821
1 2822
1 2823
1 2824
1 2825
1 2826
1 2827
1 2828
1 2829
1 2830
1 2831
1 2832
1 2833
1 2834
1 2835
1 2836
1 2837
1 2838
1 2839
1 2840
1 2841
1 2842
1 2843
1 2844
1 2845
1 2846
1 2847
1 2848
1 2849
1 2850
1 2851
1 2852
1 2853
1 2854
1 2855
1 2856
1 2857
1 2858
1 2859
1 2860
1 2861
1 2862
1 2863
1 2864
1 2865
1 2866
1 2867
1 2868
1 2869
1 2870
1 2871
1 2872
1 2873
1 2874
1 2875
1 2876
1 2877
1 2878
1 2879
1 2880
1 2881
1 2882
1 2883
1 2884
1 2885
1 2886
1 2887
1 2888
1 2889
1 2890
1 2891
1 2892
1 2893
1 2894
1 2895
1 2896
1 2897
1 2898
1 2899
1 2900
1 2901
1 2902
1 2903
1 2904
1 2905
1 2906
1 2907
1 2908
1 2909
1 2910
1 2911
1 2912
1 2913
1 2914
1 2915
1 2916
1 2917
1 2918
1 2919
1 2920
1 2921
1 2922
1 2923
1 2924
1 2925
1 2926
1 2927
1 2928
1 2929
1 2930
1 2931
1 2932
1 2933
1 2934
1 2935
1 2936
1 2937
1 2938
1 2939
1 2940
1 2941
1 2942
1 2943
1 2944
1 2945
1 2946
1 2947
1 2948
1 2949
1 2950
1 2951
1 2952
1 2953
1 2954
1 2955
1 2956
1 2957
1 2958
1 2959
1 2960
1 2961
1 2962
1 2963
1 2964
1 2965
1 2966
1 2967
1 2968
1 2969
1 2970
1 2971
1 2972
1 2973
1 2974
1 2975
1 2976
1 2977
1 2978
1 2979
1 2980
1 2981
1 2982
1 2983
1 2984
1 2985
1 2986
1 2987
1 2988
1 2989
1 2990
1 2991
1 2992
1 2993
1 2994
1 2995
1 2996
1 2997
1 2998
1 2999
1 3000
1 3001
1 3002
1 3003
1 3004
1 3005
1 3006
1 3007
1 3008
1 3009
1 3010
1 3011
1 3012
1 3013
1 3014
1 3015
1 3016
1 3017
1 3018
1 3019
1 3020
1 3021
1 3022
1 3023
1 3024
1 3025
1 3026
1 3027
1 3028
1 3029
1 3030
1 3031
1 3032
1 3033
1 3034
1 3035
1 3036
1 3037
1 3038
1 3039
1 3040
1 3041
1 3042
1 3043
1 3044
1 3045
1 3046
1 3047
1 3048
1 3049
1 3050
1 3051
1 3052
1 3053
1 3054
1 3055
1 3056
1 3057
1 3058
1 3059
1 3060
1 3061
1 3062
1 3063
1 3064
1 3065
1 3066
1 3067
1 3068
1 3069
1 3070
1 3071
1 3072
1 3073
1 3074
1 3075
1 3076
1 3077
1 3078
1 3079
1 3080
1 3081
1 3082
1 3083
1 3084
1 3085
1 3086
1 3087
1 3088
1 3089
1 3090
1 3091
1 3092
1 3093
1 3094
1 3095
1 3096
1 3097
1 3098
1 3099
1 3100
1 3101
1 3102
1 3103
1 3104
1 3105
1 3106
1 3107
1 3108
1 3109
1 3110
1 3111
1 3112
1 3113
1 3114
1 3115
1 3116
1 3117
1 3118
1 3119
1 3120
1 3121
1 3122
1 3123
1 3124
1 3125
1 3126
1 3127
1 3128
1 3129
1 3130
1 3131
1 3132
1 3133
1 3134
1 3135
1 3136
1 3137
1 3138
1 3139
1 3140
1 3141
1 3142
1 3143
1 3144
1 3145
1 3146
1 3147
1 3148
1 3149
1 3150
1 3151
1 3152
1 3153
1 3154
1 3155
1 3156
1 3157
1 3158
1 3159
1 3160
1 3161
1 3162
1 3163
1 3164
1 3165
1 3166
1 3167
1 3168
1 3169
1 3170
1 3171
1 3172
1 3173
1 3174
1 3175
1 3176
1 3177
1 3178
1 3179
1 3180
1 3181
1 3182
1 3183
1 3184
1 3185
1 3186
1 3187
1 3188
1 3189
1 3190
1 3191
1 3192
1 3193
1 3194
1 3195
1 3196
1 3197
1 3198
1 3199
1 3200
1 3201
1 3202
1 3203
1 3204
1 3205
1 3206
1 3207
1 3208
1 3209
1 3210
1 3211
1 3212
1 3213
1 3214
1 3215
1 3216
1 3217
1 3218
1 3219
1 3220
1 3221
1 3222
1 3223
1 3224
1 3225
1 3226
1 3227
1 3228
1 3229
1 3230
1 3231
1 3232
1 3233
1 3234
1 3235
1 3236
1 3237
1 3238
1 3239
1 3240
1 3241
1 3242
1 3243
1 3244
1 3245
1 3246
1 3247
1 3248
1 3249
1 3250
1 3251
1 3252
1 3253
1 3254
1 3255
1 3256
1 3257
1 3258
1 3259
1 3260
1 3261
1 3262
1 3263
1 3264
1 3265
1 3266
1 3267
1 3268
1 3269
1 3270
1 3271
1 3272
1 3273
1 3274
1 3275
1 3276
1 3277
1 3278
1 3279
1 3280
1 3281
1 3282
1 3283
1 3284
1 3285
1 3286
1 3287
1 3288
1 3289
1 3290
1 3291
1 3292
1 3293
1 3294
1 3295
1 3296
1 3297
1 3298
1 3299
1 3300
1 3301
1 3302
1 3303
1 3304
1 3305
1 3306
1 3307
1 3308
1 3309
1 3310
1 3311
1 3312
1 3313
1 3314
1 3315
1 3316
1 3317
1 3318
1 3319
1 3320
1 3321
1 3322
1 3323
1 3324
1 3325
1 3326
1 3327
1 3328
1 3329
1 3330
1 3331
1 3332
1 3333
1 3334
1 3335
1 3336
1 3337
1 3338
1 3339
1 3340
1 3341
1 3342
1 3343
1 3344
1 3345
1 3346
1 3347
1 3348
1 3349
1 3350
1 3351
1 3352
1 3353
1 3354
1 3355
1 3356
1 3357
1 3358
1 3359
1 3360
1 3361
1 3362
1 3363
1 3364
1 3365
1 3366
1 3367
1 3368
1 3369
1 3370
1 3371
1 3372
1 3373
1 3374
1 3375
1 3376
1 3377
1 3378
1 3379
1 3380
1 3381
1 3382
1 3383
1 3384
1 3385
1 3386
1 3387
1 3388
1 3389
1 3390
1 3391
1 3392
1 3393
1 3394
1 3395
1 3396
1 3397
1 3398
1 3399
1 3400
1 3401
1 3402
1 3403
1 3404
1 3405
1 3406
1 3407
1 3408
1 3409
1 3410
1 3411
1 3412
1 3413
1 3414
1 3415
1 3416
1 3417
1 3418
1 3419
1 3420
1 3421
1 3422
1 3423
1 3424
1 3425
1 3426
1 3427
1 3428
1 3429
1 3430
1 3431
1 3432
1 3433
1 3434
1 3435
1 3436
1 3437
1 3438
1 3439
1 3440
1 3441
1 3442
1 3443
1 3444
1 3445
1 3446
1 3447
1 3448
1 3449
1 3450
1 3451
1 3452
1 3453
1 3454
1 3455
1 3456
1 3457
1 3458
1 3459
1 3460
1 3461
1 3462
1 3463
1 3464
1 3465
1 3466
1 3467
1 3468
1 3469
1 3470
1 3471
1 3472
1 3473
1 3474
1 3475
1 3476
1 3477
1 3478
1 3479
1 3480
1 3481
1 3482
1 3483
1 3484
1 3485
1 3486
1 3487
1 3488
1 3489
1 3490
1 3491
1 3492
1 3493
1 3494
1 3495
1 3496
1 3497
1 3498
1 3499
1 3500
1 3501
1 3502
1 3503
1 3504
1 3505
1 3506
1 3507
1 3508
1 3509
1 3510
1 3511
1 3512
1 3513
1 3514
1 3515
1 3516
1 3517
1 3518
1 3519
1 3520
1 3521
1 3522
1 3523
1 3524
1 3525
1 3526
1 3527
1 3528
1 3529
1 3530
1 3531
1 3532
1 3533
1 3534
1 3535
1 3536
1 3537
1 3538
1 3539
1 3540
1 3541
1 3542
1 3543
1 3544
1 3545
1 3546
1 3547
1 3548
1 3549
1 3550
1 3551
1 3552
1 3553
1 3554
1 3555
1 3556
1 3557
1 3558
1 3559
1 3560
1 3561
1 3562
1 3563
1 3564
1 3565
1 3566
1 3567
1 3568
1 3569
1 3570
1 3571
1 3572
1 3573
1 3574
1 3575
1 3576
1 3577
1 3578
1 3579
1 3580
1 3581
1 3582
1 3583
1 3584
1 3585
1 3586
1 3587
1 3588
1 3589
1 3590
1 3591
1 3592
1 3593
1 3594
1 3595
1 3596
1 3597
1 3598
1 3599
1 3600
1 3601
1 3602
1 3603
1 3604
1 3605
1 3606
1 3607
1 3608
1 3609
1 3610
1 3611
1 3612
1 3613
1 3614
1 3615
1 3616
1 3617
1 3618
1 3619
1 3620
1 3621
1 3622
1 3623
1 3624
1 3625
1 3626
1 3627
1 3628
1 3629
1 3630
1 3631
1 3632
1 3633
1 3634
1 3635
1 3636
1 3637
1 3638
1 3639
1 3640
1 3641
1 3642
1 3643
1 3644
1 3645
1 3646
1 3647
1 3648
1 3649
1 3650
1 3651
1 3652
1 3653
1 3654
1 3655
1 3656
1 3657
1 3658
1 3659
1 3660
1 3661
1 3662
1 3663
1 3664
1 3665
1 3666
1 3667
1 3668
1 3669
1 3670
1 3671
1 3672
1 3673
1 3674
1 3675
1 3676
1 3677
1 3678
1 3679
1 3680
1 3681
1 3682
1 3683
1 3684
1 3685
1 3686
1 3687
1 3688
1 3689
1 3690
1 3691
1 3692
1 3693
1 3694
1 3695
1 3696
1 3697
1 3698
1 3699
1 3700
1 3701
1 3702
1 3703
1 3704
1 3705
1 3706
1 3707
1 3708
1 3709
1 3710
1 3711
1 3712
1 3713
1 3714
1 3715
1 3716
1 3717
1 3718
1 3719
1 3720
1 3721
1 3722
1 3723
1 3724
1 3725
1 3726
1 3727
1 3728
1 3729
1 3730
1 3731
1 3732
1 3733
1 3734
1 3735
1 3736
1 3737
1 3738
1 3739
1 3740
1 3741
1 3742
1 3743
1 3744
1 3745
1 3746
1 3747
1 3748
1 3749
1 3750
1 3751
1 3752
1 3753
1 3754
1 3755
1 3756
1 3757
1 3758
1 3759
1 3760
1 3761
1 3762
1 3763
1 3764
1 3765
1 3766
1 3767
1 3768
1 3769
1 3770
1 3771
1 3772
1 3773
1 3774
1 3775
1 3776
1 3777
1 3778
1 3779
1 3780
1 3781
1 3782
1 3783
1 3784
1 3785
1 3786
1 3787
1 3788
1 3789
1 3790
1 3791
1 3792
1 3793
1 3794
1 3795
1 3796
1 3797
1 3798
1 3799
1 3800
1 3801
1 3802
1 3803
1 3804
1 3805
1 3806
1 3807
1 3808
1 3809
1 3810
1 3811
1 3812
1 3813
1 3814
1 3815
1 3816
1 3817
1 3818
1 3819
1 3820
1 3821
1 3822
1 3823
1 3824
1 3825
1 3826
1 3827
1 3828
1 3829
1 3830
1 3831
1 3832
1 3833
1 3834
1 3835
1 3836
1 3837
1 3838
1 3839
1 3840
1 3841
1 3842
1 3843
1 3844
1 3845
1 3846
1 3847
1 3848
1 3849
1 3850
1 3851
1 3852
1 3853
1 3854
1 3855
1 3856
1 3857
1 3858
1 3859
1 3860
1 3861
1 3862
1 3863
1 3864
1 3865
1 3866
1 3867
1 3868
1 3869
1 3870
1 3871
1 3872
1 3873
1 3874
1 3875
1 3876
1 3877
1 3878
1 3879
1 3880
1 3881
1 3882
1 3883
1 3884
1 3885
1 3886
1 3887
1 3888
1 3889
1 3890
1 3891
1 3892
1 3893
1 3894
1 3895
1 3896
1 3897
1 3898
1 3899
1 3900
1 3901
1 3902
1 3903
1 3904
1 3905
1 3906
1 3907
1 3908
1 3909
1 3910
1 3911
1 3912
1 3913
1 3914
1 3915
1 3916
1 3917
1 3918
1 3919
1 3920
1 3921
1 3922
1 3923
1 3924
1 3925
1 3926
1 3927
1 3928
1 3929
1 3930
1 3931
1 3932
1 3933
1 3934
1 3935
1 3936
1 3937
1 3938
1 3939
1 3940
1 3941
1 3942
1 3943
1 3944
1 3945
1 3946
1 3947
1 3948
1 3949
1 3950
1 3951
1 3952
1 3953
1 3954
1 3955
1 3956
1 3957
1 3958
1 3959
1 3960
1 3961
1 3962
1 3963
1 3964
1 3965
1 3966
1 3967
1 3968
1 3969
1 3970
1 3971
1 3972
1 3973
1 3974
1 3975
1 3976
1 3977
1 3978
1 3979
1 3980
1 3981
1 3982
1 3983
1 3984
1 3985
1 3986
1 3987
1 3988
1 3989
1 3990
1 3991
1 3992
1 3993
1 3994
1 3995
1 3996
1 3997
1 3998
1 3999
1 4000
1 4001
1 4002
1 4003
1 4004
1 4005
1 4006
1 4007
1 4008
1 4009
1 4010
1 4011
1 4012
1 4013
1 4014
1 4015
1 4016
1 4017
1 4018
1 4019
1 4020
1 4021
1 4022
1 4023
1 4024
1 4025
1 4026
1 4027
1 4028
1 4029
1 4030
1 4031
1 4032
1 4033
1 4034
1 4035
1 4036
1 4037
1 4038
1 4039
1 4040
1 4041
1 4042
1 4043
1 4044
1 4045
1 4046
1 4047
1 4048
1 4049
1 4050
1 4051
1 4052
1 4053
1 4054
1 4055
1 4056
1 4057
1 4058
1 4059
1 4060
1 4061
1 4062
1 4063
1 4064
1 4065
1 4066
1 4067
1 4068
1 4069
1 4070
1 4071
1 4072
1 4073
1 4074
1 4075
1 4076
1 4077
1 4078
1 4079
1 4080
1 4081
1 4082
1 4083
1 4084
1 4085
1 4086
1 4087
1 4088
1 4089
1 4090
1 4091
1 4092
1 4093
1 4094
1 4095
1 4096
1 4097
1 4098
1 4099
1 4100
1 4101
1 4102
1 4103
1 4104
1 4105
1 4106
1 4107
1 4108
1 4109
1 4110
1 4111
1 4112
1 4113
1 4114
1 4115
1 4116
1 4117
1 4118
1 4119
1 4120
1 4121
1 4122
1 4123
1 4124
1 4125
1 4126
1 4127
1 4128
1 4129
1 4130
1 4131
1 4132
1 4133
1 4134
1 4135
1 4136
1 4137
1 4138
1 4139
1 4140
1 4141
1 4142
1 4143
1 4144
1 4145
1 4146
1 4147
1 4148
1 4149
1 4150
1 4151
1 4152
1 4153
1 4154
1 4155
1 4156
1 4157
1 4158
1 4159
1 4160
1 4161
1 4162
1 4163
1 4164
1 4165
1 4166
1 4167
1 4168
1 4169
1 4170
1 4171
1 4172
1 4173
1 4174
1 4175
1 4176
1 4177
1 4178
1 4179
1 4180
1 4181
1 4182
1 4183
1 4184
1 4185
1 4186
1 4187
1 4188
1 4189
1 4190
1 4191
1 4192
1 4193
1 4194
1 4195
1 4196
1 4197
1 4198
1 4199
1 4200
1 4201
1 4202
1 4203
1 4204
1 4205
1 4206
1 4207
1 4208
1 4209
1 4210
1 4211
1 4212
1 4213
1 4214
1 4215
1 4216
1 4217
1 4218
1 4219
1 4220
1 4221
1 4222
1 4223
1 4224
1 4225
1 4226
1 4227
1 4228
1 4229
1 4230
1 4231
1 4232
1 4233
1 4234
1 4235
1 4236
1 4237
1 4238
1 4239
1 4240
1 4241
1 4242
1 4243
1 4244
1 4245
1 4246
1 4247
1 4248
1 4249
1 4250
1 4251
1 4252
1 4253
1 4254
1 4255
1 4256
1 4257
1 4258
1 4259
1 4260
1 4261
1 4262
1 4263
1 4264
1 4265
1 4266
1 4267
1 4268
1 4269
1 4270
1 4271
1 4272
1 4273
1 4274
1 4275
1 4276
1 4277
1 4278
1 4279
1 4280
1 4281
1 4282
1 4283
1 4284
1 4285
1 4286
1 4287
1 4288
1 4289
1 4290
1 4291
1 4292
1 4293
1 4294
1 4295
1 4296
1 4297
1 4298
1 4299
1 4300
1 4301
1 4302
1 4303
1 4304
1 4305
1 4306
1 4307
1 4308
1 4309
1 4310
1 4311
1 4312
1 4313
1 4314
1 4315
1 4316
1 4317
1 4318
1 4319
1 4320
1 4321
1 4322
1 4323
1 4324
1 4325
1 4326
1 4327
1 4328
1 4329
1 4330
1 4331
1 4332
1 4333
1 4334
1 4335
1 4336
1 4337
1 4338
1 4339
1 4340
1 4341
1 4342
1 4343
1 4344
1 4345
1 4346
1 4347
1 4348
1 4349
1 4350
1 4351
1 4352
1 4353
1 4354
1 4355
1 4356
1 4357
1 4358
1 4359
1 4360
1 4361
1 4362
1 4363
1 4364
1 4365
1 4366
1 4367
1 4368
1 4369
1 4370
1 4371
1 4372
1 4373
1 4374
1 4375
1 4376
1 4377
1 4378
1 4379
1 4380
1 4381
1 4382
1 4383
1 4384
1 4385
1 4386
1 4387
1 4388
1 4389
1 4390
1 4391
1 4392
1 4393
1 4394
1 4395
1 4396
1 4397
1 4398
1 4399
1 4400
1 4401
1 4402
1 4403
1 4404
1 4405
1 4406
1 4407
1 4408
1 4409
1 4410
1 4411
1 4412
1 4413
1 4414
1 4415
1 4416
1 4417
1 4418
1 4419
1 4420
1 4421
1 4422
1 4423
1 4424
1 4425
1 4426
1 4427
1 4428
1 4429
1 4430
1 4431
1 4432
1 4433
1 4434
1 4435
1 4436
1 4437
1 4438
1 4439
1 4440
1 4441
1 4442
1 4443
1 4444
1 4445
1 4446
1 4447
1 4448
1 4449
1 4450
1 4451
1 4452
1 4453
1 4454
1 4455
1 4456
1 4457
1 4458
1 4459
1 4460
1 4461
1 4462
1 4463
1 4464
1 4465
1 4466
1 4467
1 4468
1 4469
1 4470
1 4471
1 4472
1 4473
1 4474
1 4475
POINT_DATA 4476
SCALARS is_boundary float 1
LOOKUP_TABLE default
0
0
0
0
0
0
0
0
0
0
0
0
0
0
0
0
0
0
0
0
0
0
0
0
0
0
0
0
0
0
0
0
0
0
0
0
0
0
0
0
0
0
0
0
0
0
0
0
0
0
0
0
0
0
0
0
0
0
0
0
0
0
0
0
0
0
0
0
0
0
0
0
0
0
0
0
0
0
0
0
0
0
0
0
0
0
0
0
0
0
0
0
0
0
0
0
0
0
0
0
0
0
0
0
0
0
0
0
0
0
0
0
0
0
0
0
0
0
0
0
0
0
0
0
0
0
0
0
0
0
0
0
0
0
0
0
0
0
0
0
0
0
0
0
0
0
0
0
0
0
0
0
0
0
0
0
0
0
0
0
0
0
0
0
0
0
0
0
0
0
0
0
0
0
0
0
0
0
0
0
0
0
0
0
0
0
0
0
0
0
0
0
0
0
0
0
0
0
0
0
0
0
0
0
0
0
0
0
0
0
0
0
0
0
0
0
0
0
0
0
0
0
0
0
0
0
0
0
0
0
0
0
0
0
0
0
0
0
0
0
0
0
0
0
0
0
0
0
0
0
0
0
0
0
0
0
0
0
0
0
0
0
0
0
0
0
0
0
0
0
0
0
0
0
0
0
0
0
0
0
0
0
0
0
0
0
0
0
0
0
0
0
0
0
0
0
0
0
0
0
0
0
0
0
0
0
0
0
0
0
0
0
0
0
0
0
0
0
0
0
0
0
0
0
0
0
0
0
0
0
0
0
0
0
0
0
0
0
0
0
0
0
0
0
0
0
0
0
0
0
0
0
0
0
0
0
0
0
0
0
0
0
0
0
0
0
0
0
0
0
0
0
0
0
0
0
0
0
0
0
0
0
0
0
0
0
0
0
0
0
0
0
0
0
0
0
0
0
0
0
0
0
0
0
0
0
0
0
0
0
0
0
0
0
0
0
0
0
0
0
0
0
0
0
0
0
0
0
0
0
0
0
0
0
0
0
0
0
0
0
0
0
0
0
0
0
0
0
0
0
0
0
0
0
0
0
0
0
0
0
0
0
0
0
0
0
0
0
0
0
0
0
0
0
0
0
0
0
0
0
0
0
0
0
0
0
0
0
0
0
0
0
0
0
0
0
0
0
0
0
0
0
0
0
0
0
0
0
0
0
0
0
0
0
0
0
0
0
0
0
0
0
0
0
0
0
0
0
0
0
0
0
0
0
0
0
0
0
0
0
0
0
0
0
0
0
0
0
0
0
0
0
0
0
0
0
0
0
0
0
0
0
0
0
0
0
0
0
0
0
0
0
0
0
0
0
0
0
0
0
0
0
0
0
0
0
0
0
0
0
0
0
0
0
0
0
0
0
0
0
0
0
0
0
0
0
0
0
0
0
0
0
0
0
0
0
0
0
0
0
0
0
0
0
0
0
0
0
0
0
0
0
0
0
0
0
0
0
0
0
0
0
0
0
0
0
0
0
0
0
0
0
0
0
0
0
0
0
0
0
0
0
0
0
0
0
0
0
0
0
0
0
0
0
0
0
0
0
0
0
0
0
0
0
0
0
0
0
0
0
0
0
0
0
0
0
0
0
0
0
0
0
0
0
0
0
0
0
0
0
0
0
0
0
0
0
0
0
0
0
0
0
0
0
0
0
0
0
0
0
0
0
0
0
0
0
0
0
0
0
0
0
0
0
0
0
0
0
0
0
0
0
0
0
0
0
0
0
0
0
0
0
0
0
0
0
0
0
0
0
0
0
0
0
0
0
0
0
0
0
0
0
0
0
0
0
0
0
0
0
0
0
0
0
0
0
0
0
0
0
0
0
0
0
0
0
0
0
0
0
0
0
0
0
0
0
0
0
0
0
0
0
0
0
0
0
0
0
0
0
0
0
0
0
0
0
0
0
0
0
0
0
0
0
0
0
0
0
0
0
0
0
0
0
0
0
0
0
0
0
0
0
0
0
0
0
0
0
0
0
0
0
0
0
0
0
0
0
0
0
0
0
0
0
0
0
0
0
0
0
0
0
0
0
0
0
0
0
0
0
0
0
0
0
0
0
0
0
0
0
0
0
0
0
0
0
0
0
0
0
0
0
0
0
0
0
0
0
0
0
0
0
0
0
0
0
0
0
0
0
0
0
0
0
0
0
0
0
0
0
0
0
0
0
0
0
0
0
0
0
0
0
0
0
0
0
0
0
0
0
0
0
0
0
0
0
0
0
0
0
0
0
0
0
0
0
0
0
0
0
0
0
0
0
0
0
0
0
0
0
0
0
0
0
0
0
0
0
0
0
0
0
0
0
0
0
0
0
0
0
0
0
0
0
0
0
0
0
0
0
0
0
0
0
0
0
0
0
0
0
0
0
0
0
0
0
0
0
0
0
0
0
0
0
0
0
0
0
0
0
0
0
0
0
0
0
0
0
0
0
0
0
0
0
0
0
0
0
0
0
0
0
0
0
0
0
0
0
0
0
0
0
0
0
0
0
0
0
0
0
0
0
0
0
0
0
0
0
0
0
0
0
0
0
0
0
0
0
0
0
0
0
0
0
0
0
0
0
0
0
0
0
0
0
0
0
0
0
0
0
0
0
0
0
0
0
0
0
0
0
0
0
0
0
0
0
0
0
0
0
0
0
0
0
0
0
0
0
0
0
1
1
1
1
1
1
1
1
1
1
1
1
1
1
1
1
1
1
1
1
1
1
1
1
1
1
1
1
1
1
1
1
1
1
1
1
1
1
1
1
1
1
1
1
1
1
1
1
1
1
1
1
1
1
1
1
1
1
1
1
1
1
1
1
1
1
1
1
1
1
1
1
1
1
1
1
1
1
1
1
1
1
1
1
1
1
1
1
1
1
1
1
1
1
1
1
1
1
1
1
1
1
1
1
1
1
1
1
1
1
1
1
1
1
1
1
1
1
1
1
1
1
1
1
1
1
1
1
1
1
1
1
1
1
1
1
1
1
1
1
1
1
1
1
1
1
1
1
1
1
1
1
1
1
1
1
1
1
1
1
1
1
1
1
1
1
1
1
1
1
1
1
1
1
1
1
1
1
1
1
1
1
1
1
1
1
1
1
1
1
1
1
1
1
1
1
1
1
1
1
1
1
1
1
1
1
1
1
1
1
1
1
1
1
1
1
1
1
1
1
1
1
1
1
1
1
1
1
1
1
1
1
1
1
1
1
1
1
1
1
1
1
1
1
1
1
1
1
1
1
1
1
1
1
1
1
1
1
1
1
1
1
1
1
1
1
1
1
1
1
1
1
1
1
1
1
1
1
1
1
1
1
1
1
1
1
1
1
1
1
1
1
1
1
1
1
1
1
1
1
1
1
1
1
1
1
1
1
1
1
1
1
1
1
1
1
1
1
1
1
1
1
1
1
1
1
1
1
1
1
1
1
1
1
1
1
1
1
1
1
1
1
1
1
1
1
1
1
1
1
1
1
1
1
1
1
1
1
1
1
1
1
1
1
1
1
1
1
1
1
1
1
1
1
1
1
1
1
1
1
1
1
1
1
1
1
1
1
1
1
1
1
1
1
1
1
1
1
1
1
1
1
1
1
1
1
1
1
1
1
1
1
1
1
1
1
1
1
1
1
1
1
1
1
1
1
1
1
1
1
1
1
1
1
1
1
1
1
1
1
1
1
1
1
1
1
1
1
1
1
1
1
1
1
1
1
1
1
1
1
1
1
1
1
1
1
1
1
1
1
1
1
1
1
1
1
1
1
1
1
1
1
1
1
1
1
1
1
1
1
1
1
1
1
1
1
1
1
1
1
1
1
1
1
1
1
1
1
1
1
1
1
1
1
1
1
1
1
1
1
1
1
1
1
1
1
1
1
1
1
1
1
1
1
1
1
1
1
1
1
1
1
1
1
1
1
1
1
1
1
1
1
1
1
1
1
1
1
1
1
1
1
1
1
1
1
1
1
1
1
1
1
1
1
1
1
1
1
1
1
1
1
1
1
1
1
1
1
1
1
1
1
1
1
1
1
1
1
1
1
1
1
1
1
1
1
1
1
1
1
1
1
1
1
1
1
1
1
1
1
1
1
1
1
1
1
1
1
1
1
1
1
1
1
1
1
1
1
1
1
1
1
1
1
1
1
1
1
1
1
1
1
1
1
1
1
1
1
1
1
1
1
1
1
1
1
1
1
1
1
1
1
1
1
1
1
1
1
1
1
1
1
1
1
1
1
1
1
1
1
1
1
1
1
1
1
1
1
1
1
1
1
1
1
1
1
1
1
1
1
1
1
1
1
1
1
1
1
1
1
1
1
1
1
1
1
1
1
1
1
1
1
1
1
1
1
1
1
1
1
1
1
1
1
1
1
1
1
1
1
1
1
1
1
1
1
1
1
1
1
1
1
1
1
1
1
1
1
1
1
1
1
1
1
1
1
1
1
1
1
1
1
1
1
1
1
1
1
1
1
1
1
1
1
1
1
1
1
1
1
1
1
1
1
1
1
1
1
1
1
1
1
1
1
1
1
1
1
1
1
1
1
1
1
1
1
1
1
1
1
1
1
1
1
1
1
1
1
1
1
1
1
1
1
1
1
1
1
1
1
1
1
1
1
1
1
1
1
1
1
1
1
1
1
1
1
1
1
1
1
1
1
1
1
1
1
1
1
1
1
1
1
1
1
1
1
1
1
1
1
1
1
1
1
1
1
1
1
1
1
1
1
1
1
1
1
1
1
1
1
1
1
1
1
1
1
1
1
1
1
1
1
1
1
1
1
1
1
1
1
1
1
1
1
1
1
1
1
1
1
1
1
1
1
1
1
1
1
1
1
1
1
1
1
1
1
1
1
1
1
1
1
1
1
1
1
1
1
1
1
1
1
1
1
1
1
1
1
1
1
1
1
1
1
1
1
1
1
1
1
1
1
1
1
1
1
1
1
1
1
1
1
1
1
1
1
1
1
1
1
1
1
1
1
1
1
1
1
1
1
1
1
1
1
1
1
1
1
1
1
1
1
1
1
1
1
1
1
1
1
1
1
1
1
1
1
1
1
1
1
1
1
1
1
1
1
1
1
1
1
1
1
1
1
1
1
1
1
1
1
1
1
1
1
1
1
1
1
1
1
1
1
1
1
1
1
1
1
1
1
1
1
1
1
1
1
1
1
1
1
1
1
1
1
1
1
1
1
1
1
1
1
1
1
1
1
1
1
1
1
1
1
1
1
1
1
1
1
1
1
1
1
1
1
1
1
1
1
1
1
1
1
1
1
1
1
1
1
1
1
1
1
1
1
1
1
1
1
1
1
1
1
1
1
1
1
1
1
1
1
1
1
1
1
1
1
1
1
1
1
1
1
1
1
1
1
1
1
1
1
1
1
1
1
1
1
1
1
1
1
1
1
1
1
1
1
1
1
1
1
1
1
1
1
1
1
1
1
1
1
1
1
1
1
1
1
1
1
1
1
1
1
1
1
1
1
1
1
1
1
1
1
1
1
1
1
1
1
1
1
1
1
1
1
1
1
1
1
1
1
1
1
1
1
1
1
1
1
1
1
1
1
1
1
1
1
1
1
1
1
1
1
1
1
1
1
1
1
1
1
1
1
1
1
1
1
1
1
1
1
1
1
1
1
1
1
1
1
1
1
1
1
1
1
1
1
1
1
1
1
1
1
1
1
1
1
1
1
1
1
1
1
1
1
1
1
1
1
1
1
1
1
1
1
1
1
1
1
1
1
1
1
1
1
1
1
1
1
1
1
1
1
1
1
1
1
1
1
1
1
1
1
1
1
1
1
1
1
1
1
1
1
1
1
1
1
1
1
1
1
1
1
1
1
1
1
1
1
1
1
1
1
1
1
1
1
1
1
1
1
1
1
1
1
1
1
1
1
1
1
1
1
1
1
1
1
1
1
1
1
1
1
1
1
1
1
1
1
1
1
1
1
1
1
1
1
1
1
1
1
1
1
1
1
1
1
1
1
1
1
1
1
1
1
1
1
1
1
1
1
1
1
1
1
1
1
1
1
1
1
1
1
1
1
1
1
1
1
1
1
1
1
1
1
1
1
1
1
1
1
1
1
1
1
1
1
1
1
1
1
1
1
1
1
1
1
1
1
1
1
1
1
1
1
1
1
1
1
1
1
1
1
1
1
1
1
1
1
1
1
1
1
1
1
1
1
1
1
1
1
1
1
1
1
1
1
1
1
1
1
1
1
1
1
1
1
1
1
1
1
1
1
1
1
1
1
1
1
1
1
1
1
1
1
1
1
1
1
1
1
1
1
1
1
1
1
1
1
1
1
1
1
1
1
1
1
1
1
1
1
1
1
1
1
1
1
1
1
1
1
1
1
1
1
1
1
1
1
1
1
1
1
1
1
1
1
1
1
1
1
1
1
1
1
1
1
1
1
1
1
1
1
1
1
1
1
1
1
1
1
1
1
1
1
1
1
1
1
1
1
1
1
1
1
1
1
1
1
1
1
1
1
1
1
1
1
1
1
1
1
1
1
1
1
1
1
1
1
1
1
1
1
1
1
1
1
1
1
1
1
1
1
1
1
1
1
1
1
1
1
1
1
1
1
1
1
1
1
1
1
1
1
1
1
1
1
1
1
1
1
1
1
1
1
1
1
1
1
1
1
1
1
1
1
1
1
1
1
1
1
1
1
1
1
1
1
1
1
1
1
1
1
1
1
1
1
1
1
1
1
1
1
1
1
1
1
1
1
1
1
1
1
1
1
1
1
1
1
1
1
1
1
1
1
1
1
1
1
1
1
1
1
1
1
1
1
1
1
1
1
1
1
1
1
1
1
1
1
1
1
1
1
1
1
1
1
1
1
1
1
1
1
1
1
1
1
1
1
1
1
1
1
1
1
1
1
1
1
1
1
1
1
1
1
1
1
1
1
1
1
1
1
1
1
1
1
1
1
1
1
1
1
1
1
1
1
1
1
1
1
1
1
1
1
1
1
1
1
1
1
1
1
1
1
1
1
1
1
1
1
1
1
1
1
1
1
1
1
1
1
1
1
1
1
1
1
1
1
1
1
1
1
1
1
1
1
1
1
1
1
1
1
1
1
1
1
1
1
1
1
1
1
1
1
1
1
1
1
1
1
1
1
1
1
1
1
1
1
1
1
1
1
1
1
1
1
1
1
1
1
1
1
1
1
1
1
1
1
1
1
1
1
1
1
1
1
1
1
1
1
1
1
1
1
1
1
1
1
1
1
1
1
1
1
1
1
1
1
1
1
1
1
1
1
1
1
1
1
1
1
1
1
1
1
1
1
1
1
1
1
1
1
1
1
1
1
1
1
1
1
1
1
1
1
1
1
1
1
1
1
1
1
1
1
1
1
1
1
1
1
1
1
1
1
1
1
1
1
1
1
1
1
1
1
1
1
1
1
1
1
1
1
1
1
1
1
1
1
1
1
1
1
1
1
1
1
1
1
1
1
1
1
1
1
1
1
1
1
1
1
1
1
1
1
1
1
1
1
1
1
1
1
1
1
1
1
1
1
1
1
1
1
1
1
1
1
1
1
1
1
1
1
1
1
1
1
1
1
1
1
1
1
1
1
1
1
1
1
1
1
1
1
1
1
1
1
1
1
1
1
1
1
1
1
1
1
1
1
1
1
1
1
1
1
1
1
1
1
1
1
1
1
1
1
1
1
1
1
1
1
1
1
1
1
1
1
1
1
1
1
1
1
1
1
1
1
1
1
1
1
1
1
1
1
1
1
1
1
1
1
1
1
1
1
1
1
1
1
1
1
1
1
1
1
1
1
1
1
1
1
1
1
1
1
1
1
1
1
1
1
1
1
1
1
1
1
1
1
1
1
1
1
1
1
1
1
1
1
1
1
1
1
1
1
1
1
1
1
1
1
1
1
1
1
1
1
1
1
1
1
1
1
1
1
1
1
1
1
1
1
1
1
1
1
1
1
1
1
1
1
1
1
1
1
1
1
1
1
1
1
1
1
1
1
1
1
1
1
1
1
1
1
1
1
1
1
1
1
1
1
1
1
1
1
1
1
1
1
1
1
1
1
1
1
1
1
1
1
1
1
1
1
1
1
1
1
1
1
1
1
1
1
1
1
1
1
1
1
1
1
1
1
1
1
1
1
1
1
1
1
1
1
1
1
1
1
1
1
1
1
1
1
1
1
1
1
1
1
1
1
1
1
1
1
1
1
1
1
1
1
1
1
1
1
1
1
1
1
1
1
1
1
1
1
1
1
1
1
1
1
1
1
1
1
1
1
1
1
1
1
1
1
1
1
1
1
1
1
1
1
1
1
1
1
1
1
1
1
1
1
1
1
1
1
1
1
1
1
1
1
1
1
1
1
1
1
1
1
1
1
1
1
1
1
1
1
1
1
1
1
1
1
1
1
1
1
1
1
1
1
1
1
1
1
1
1
1
1
1
1
1
1
1
1
1
1
1
1
1
1
1
1
1
1
1
1
1
1
1
1
1
1
1
1
1
1
1
1
1
1
1
1
1
1
1
1
1
1
1
1
1
1
1
1
1
1
1
1
1
1
1
1
1
1
1
1
1
1
1
1
1
1
1
1
1
1
1
1
1
1
1
1
1
1
1
1
1
1
1
1
1
1
1
1
1
1
1
1
1
1
1
1
1
1
1
1
1
1
1
1
1
1
1
1
1
1
1
1
1
1
1
1
1
1
1
1
1
1
1
1
1
1
1
1
1
1
1
1
1
1
1
1
1
1
1
1
1
1
1
1
1
1
1
1
1
1
1
1
1
1
1
1
1
1
1
1
1
1
1
1
1
1
1
1
1
1
1
1
1
1
1
1
1
1
1
1
1
1
1
1
1
1
1
1
1
1
1
1
1
1
1
1
1
1
1
1
1
1
1
1
1
1
1
1
1
1
1
1
1
1
1
1
1
1
1
1
1
1
1
1
1
1
1
1
1
1
1
1
1
1
1
1
1
1
1
1
1
1
1
1
1
1
1
1
1
1
1
1
1
1
1
1
1
1
1
1
1
1
1
1
1
1
1
1
1
1
1
1
1
1
1
1
1
1
1
1
1
1
1
1
1
1
1
1
1
1
1
1
1
1
1
1
1
1
1
1
1
1
1
1
1
1
1
1
1
1
1
1
1
1
1
1
1
1
1
1
1
1
1
1
1
1
1
1
1
1
1
1
1
1
1
1
1
1
1
1
1
1
1
1
1
1
1
1
1
1
1
1
1
1
1
1
1
1
1
1
1
1
1
1
1
1
1
1
1
1
1
1
1
1
1
1
1
1
1
1
1
1
1
1
1
1
1
1
1
1
1
1
1
1
1
1
1
1
1
1
1
1
1
1
1
1
1
1
1
1
1
1
1
1
1
1
1
1
1
1
1
1
1
1
1
1
1
1
1
1
1
1
1
1
1
1
1
1
1
1
1
1
1
1
1
1
1
1
1
1
1
1
1
1
1
1
1
1
1
1
1
1
1
1
1
1
1
1
1
1
1
1
1
1
1
1
1
1
1
1
1
1
1
1
1
1
1
1
1
1
1
1
1
1
1
1
1
1
1
1
1
1
1
1
1
1
1
1
1
1
1
1
1
1
1
1
1
1
1
1
1
1
1
1
1
1
1
1
1
1
1
1
1
1
1
1
1
1
1
1
1
1
1
1
1
1
1
1
1
1
1
1
1
1
1
1
1
1
1
1
1
1
1
1
1
1
1
1
1
1
1
1
1
1
1
1
1
1
1
1
1
1
1
1
1
1
1
1
1
1
1
1
1
1
1
1
1
1
1
1
1
1
1
1
1
1
1
1
1
1
1
1
1
1
1
1
1
1
1
1
1
1
1
1
1
1
1
1
1
1
1
1
1
1
1
1
1
1
1
1
1
1
1
1
1
1
1
1
1
1
1
1
1
1
1
1
1
1
1
1
1
1
1
1
1
1
1
1
1
1
1
1
1
1
1
1
1
1
1
1
1
1
1
1
1
1
1
1
1
1
1
1
1
1
1
1
1
1
1
1
1
1
1
1
1
1
1
1
1
1
1
1
1
1
1
1
1
1
1
1
1
1
1
1
1
1
1
1
1
1
1
1
1
1
1
1
1
1
1
1
1
1
1
1
1
1
1
1
1
1
1
1
1
1
1
1
1
1
1
1
1
1
1
1
1
1
1
1
1
1
SCALARS rho float 1
LOOKUP_TABLE default
218.89968808665321
293.37853050927777
336.20907450848597
292.30186317742789
389.53853509090925
445.54461365651855
338.48821227757685
449.99580769476358
513.95267736540609
358.80399907061269
476.54520508149062
543.78483071751089
350.37067657836781
350.60662494867609
348.49378640182761
347.80702930428004
348.68420104771667
464.27394585687364
464.83010120588654
462.18716137094839
461.34215126482763
462.49341134591896
350.70908496919344
350.02224580122459
335.10490464113195
291.06295445148862
214.16847836541464
465.11272795015532
464.0436281325625
444.36791045814869
387.07003343026838
287.87908564775387
535.3337076834265
536.04847925514059
533.18330691288168
532.31743018175291
533.66127281027877
566.16986561426904
566.99785375253214
564.19173921721642
563.41413366268353
564.86044336715838
536.61625909556926
535.15287121901065
511.93594115268127
445.26012685154399
330.63376822658995
567.88431875533956
565.95810090938505
540.46848241859288
468.08758130294495
344.63862283466358
364.0522825813357
360.11641831452482
483.54564472501841
551.70523844720435
478.35456747828323
546.07979947212527
341.13370775992485
453.43407855727753
518.16994784192036
295.8120043178684
393.84615409676633
450.73426397971707
222.65746412902709
297.61253245185242
341.07777034290632
574.44391077240653
575.5055286703689
572.89360356617522
569.03242680255312
570.43068505719157
568.05444014309751
572.2419189239663
573.72490251290344
567.52098408705592
568.99594171640035
540.54451496411184
542.29165787360375
540.19553430147471
539.76246385612194
541.16707535688693
576.65853448117502
574.24971123362218
547.46430119309855
571.77042511826335
568.96795834829493
541.74357931933275
472.47032909575182
344.81090821603027
466.78087982888883
339.67255021916765
543.70619202051557
540.72763628435428
514.61212368594488
443.55820015152062
323.85071620981898
470.65287954968744
472.4697502530903
470.75070133831252
470.41435780562631
471.64474311671847
356.30557540946154
357.72023868195947
356.45144225290778
356.21417125789333
357.15737991851017
473.80162531220128
471.06649994015788
448.32482800626838
386.96755711630681
283.6419762985081
358.80323945912335
356.80889762242703
339.69841514985342
293.22006112318149
214.5224437139091
292.67847878591692
389.85064488076273
445.66729600994802
389.86208363211836
516.81093489030377
590.10838376540448
451.17529765135112
596.7693142534232
680.74455739432562
478.18331421014568
631.90513844797124
720.49194994773234
464.18764596810877
464.6130534360824
461.92918364695379
461.08321048571361
462.26803542286325
614.95047238386837
616.00792782785504
612.64914768858364
611.56254812088127
613.05971338979191
464.92486605543763
463.65243290361764
443.12230688823558
384.01214405802534
282.20382613846243
616.47077972915531
614.95050017375092
589.23704603026624
515.0503442263373
387.29376508417897
709.43680251867409
710.9033060646658
707.25938706509464
706.10595290139793
707.80769751720914
750.82387261390943
752.58390801832479
749.01307223418098
747.93789019980227
749.73449896371005
711.63780698308335
709.88242771547073
680.64756239331507
596.42987204681947
451.40250748390724
753.64670695594032
751.54288754825598
720.27444592511586
630.75745734955638
477.01299560906887
338.57422217591795
450.12462000213588
513.9320465844595
450.75718497484706
596.5222179759345
680.57398083806788
521.4902357100184
688.55470574004801
785.02285957963852
552.64283089639366
728.99431788588709
830.8657885840463
535.07764770205051
535.59353654115739
532.61811119074775
531.71140412254726
533.0974875609852
709.22704327190979
710.59887772249635
706.87215450332224
705.67568888034918
707.39183272594607
536.14618942691379
534.54914055689892
510.53593991090315
441.85155801394671
324.09980054483469
711.2887079919409
709.56904172905365
680.2049876305565
595.59730693352424
449.91509610214518
818.30572465039108
820.26289146551267
816.2246081856722
814.93252374036661
816.85253022188931
866.18639698224581
868.56857654288297
864.6178577102479
863.39285069894163
865.39196716892877
821.20816302171249
819.34999752855458
786.46718601252826
691.33360953961267
526.94311517477479
869.82315211288221
867.659712764186
832.85744715713633
732.39939259911637
558.85656392832777
358.01322842154718
476.01030888287175
543.38948572903962
476.94961113618217
631.07984175270849
719.96380400708472
551.4804231901079
728.23858273702376
830.42325697639967
584.15748602882775
770.77935710960583
878.78171472606766
565.7028485084378
566.32502278326911
563.31758499717432
562.43459164673482
563.92062858118982
750.33167238065857
751.93116803932753
748.16731929963919
746.9822954239196
748.80181092225382
567.114771063646
565.36990517494701
539.89078124659488
467.18254935969105
342.67874195022262
752.8707710995327
751.03577905504937
720.09715797878096
630.92863800482985
477.44473471284653
865.84041954030783
868.14768759831998
864.07688669264951
862.77960309630532
864.78618300878634
916.46854027720349
919.29690150392162
915.32568177279995
914.07946501637923
916.13697913476983
869.31128370712224
867.35782211880178
832.90311985551864
732.93429448809798
559.9424128205543
920.71188309787817
918.43702813102857
882.08210525432457
776.7169682171052
594.20754731028978
363.0649171225225
483.02736780045586
551.54928115437622
483.79397151922183
640.58236040059876
731.07661524109187
363.55346162381704
483.64857163641625
552.37311819418903
484.53792579135973
641.49558273438538
732.26688300464048
559.45843182584304
739.23091035825007
843.28048154009309
592.60200292340858
782.36818890641882
892.35119902379938
560.57487939086093
740.48267292898424
844.82159645836668
593.93476668929588
783.83894480519757
894.14346685270539
574.3308541033922
575.14757365365961
572.22873669917158
571.41181508907346
572.94781563622882
762.14861483031916
764.04629572689259
760.40038318002121
759.28515533754899
761.14618253585138
576.15053988587056
574.26622837144726
548.37174489744507
474.73041867829318
348.84781505625722
765.20784844368632
763.19753058445622
731.75491041458122
641.38074064553609
485.89926730725415
575.37753398461973
576.35547274132546
573.53373009785344
572.79546372150355
574.38005807351078
763.65139129310126
765.782388163527
762.2662251145033
761.23643623738542
763.13353065027366
577.55425623042265
575.47567741191915
549.23697080833517
475.28034591673054
349.3108981959042
767.13508400381556
764.86942410283746
732.97207068831756
642.10928638249607
486.32067586067751
879.55416375546019
882.23942989298246
878.30752219415945
877.07316423432587
879.09767857123836
930.99351885338183
934.25423418023695
930.43289265156545
929.23337493891665
931.27507353015915
883.58365489660753
881.40032067466825
846.33508417500275
744.90581164856394
569.42260262681555
935.77010613641983
933.21508292471719
896.16953958453234
789.20496228246202
603.93475680961922
881.45884847650268
884.4268404299321
880.64451844305495
879.4885412443623
881.5212957484564
933.1971166191621
936.77473436644777
933.11094336132919
931.97234464937253
933.98626415246497
885.90480945254194
883.40113817531687
847.76621048888342
745.6528384137622
569.60017084683705
938.33463152410934
935.41131635234206
897.72497659857163
789.95417027886879
603.94004213791368
485.2751537039851
479.75089596417922
641.2537880313115
731.21027937059239
634.13572840964378
723.62968665641165
454.51718056834989
601.03532383288689
686.49179566597638
394.42807320620147
522.20301256886671
597.12012119312124
297.64869076921468
395.10301543391586
452.16500559987367
762.18986080603509
764.33785955704934
761.01581731810654
754.99083755709864
757.63154135142179
754.61428128118803
760.08003620441821
761.90062578125753
753.81878251552223
755.6161613823233
717.00352892566116
720.07591417547826
717.42560928112437
716.76267740112928
718.46875247881701
765.69576961606083
763.13334171177303
730.75554532249441
759.20469729805302
756.1946059936497
723.42504245161831
639.07647717714622
482.24130172142384
632.17333391706768
476.88230525346967
721.74609965689626
718.46510249529115
686.96313684309951
600.43804731809587
453.73370714600696
624.1835929476274
627.23718349322883
625.07710922235572
624.55133180351481
626.03893008441867
472.76361742612323
475.10573232621664
473.51388896606966
473.13694166525829
474.26966497548847
628.81441884400579
625.78783555231178
598.38083516722622
523.42777680722452
396.59404436096963
476.38030195804231
474.23552743733512
453.8065505145546
397.46427042252503
301.66868423750816
560.82123148735877
554.62827039735009
739.76061067296291
843.29790011976104
731.76805039693716
834.84208841966347
525.8115069873038
693.90556004850578
792.31674505456135
457.01713482070068
603.39794834012491
689.50318564053566
345.61551147955583
456.91801225267659
522.21144475403071
879.4834304418597
882.37322943200274
878.70368667383127
871.52964112944358
875.01108615099645
871.68183738788059
877.61583048861041
879.6165860691475
870.73825747884098
872.6959436859986
828.00296132174378
831.96509042788182
829.04553103944329
828.24619313221956
830.09391755734771
883.89857499225832
881.2726207346094
845.45488460239324
876.73152440971819
873.60108641899149
837.35341602931953
743.0376116867036
566.59598475139273
735.45413372490725
560.88898458377162
833.76599923610024
830.27937424681647
795.29317424431667
698.41464387671351
533.26721316747194
721.06383524320563
724.92370733494658
722.54949933561386
721.91153365687967
723.51959949327465
546.0812205574133
548.99098743267257
547.24276651702257
546.78697573092211
548.01001446178248
726.617277380254
723.33231167496524
692.71976166797947
608.50643243652553
465.44511606510002
550.35635915500279
548.00613392349953
525.14607112568467
461.82588623782692
353.92270134685339
593.17727897578311
587.25626795791914
782.35167125091004
892.03100557134383
774.45566430216866
883.60495924745112
557.10732458243433
734.82602750046317
839.09100763534457
485.05038513125658
639.56673272934006
730.5948993521647
367.55602723432708
484.63871653646618
553.35895939521504
930.64221349841114
934.02489235041458
930.34769448644158
922.7311324144091
926.73349363686873
923.40303150299371
929.22803810717528
931.26057747484208
922.41847037897628
924.38594056782836
877.16940173219575
881.66141857973548
878.74578554342838
877.89930281866202
879.74053087732364
935.65124487807111
932.85958334248153
895.40463144201112
928.49809738836541
925.14109126029962
887.14727473414609
787.93172705382472
602.25007229952382
780.03136477974795
596.07325665774533
883.46065740302765
879.70226913808312
842.92556881089467
740.90030528894522
566.66343836594217
764.16659752162013
768.47210677627345
766.10591918650346
765.42769712990946
767.02577462245813
578.58861367874113
581.78594331722468
580.04328182169922
579.56158688288508
580.77687884990962
770.1456844916521
766.54888540298532
734.18334446732774
645.17458772543966
493.87677270985102
583.12949198242416
580.49780680496212
556.20119447629304
489.07838455628257
374.80375369647277
602.02307264821513
596.63184385159991
794.30483278752877
905.96027795068562
786.78253525966738
897.79467293407674
566.79215505251045
747.15456069785898
853.07206435223713
603.22686911282551
597.97928282461407
795.77469380992466
907.86614251338779
788.37290753736966
899.80381129091109
568.12607676041637
748.73217177162428
855.04488148386042
493.86671503820128
650.6281829307303
743.04583616839557
374.61428127152612
493.18802909769579
562.78580840603138
495.37233851599706
652.20712070080447
744.86414373089769
375.97950657501008
494.52560227269157
564.23092971383915
945.55244021074657
949.38876075357268
945.86385142956317
937.85598412345189
942.30477758739721
939.12206167381726
944.77341532800415
946.75843210252049
938.15318859816773
940.05109263191321
891.97287729777315
896.87017008719454
894.09173225271343
893.25276316843406
895.01564313820404
951.03092070499918
947.90917524266001
909.66866109011073
944.01675492848756
940.27945704310878
901.3840155680241
800.4291928286915
611.73609433371803
792.29244257066614
605.04462855743805
898.57593129635927
894.39897082445214
856.62252184247347
752.45428620198459
574.75882365570942
947.94439678054664
952.13156319703876
948.76591830472228
940.346581029096
945.15052492076302
942.12562006926089
947.71603137656155
949.638729585855
941.18523826114608
943.00041610188634
894.40400867782319
899.64420930869585
897.01679989504021
896.1992096114999
897.8725674865467
953.72822806684997
950.22051030688681
911.34395738766784
946.76051173805831
942.61591981244237
903.05535680043943
801.31393724042414
611.8881510320939
793.11705960044605
605.05677540385466
901.22301916226388
896.64280702564724
858.21365583240288
753.2104189190452
574.71340779420007
777.30596430878779
781.95173921072353
779.70283935688121
779.02656402078946
780.54928746888891
588.44768832150567
591.87338128416445
590.21604337685676
589.73675954401449
590.89339652337958
783.51586973713427
779.51878383244173
746.19729906772625
655.17412795056475
500.71164837402387
593.1215364676724
590.15401008185711
565.05047457426963
496.27453960665139
379.49383175979551
779.46942559569868
784.39674163040195
782.27988087665869
781.62259575018209
783.06508027391817
590.11307365811967
593.73669797522825
592.17764430797934
591.7141461200315
592.81008416640896
785.84018815239199
781.46528742976136
747.51213980792966
655.65800630628166
500.374412212057
594.88935792656059
591.61998220424528
566.00051646671056
496.53680274338774
379.07962251848585
360.13983422851936
478.24134019571238
545.93453575124647
480.00391090470021
634.25437155436089
723.61036814713384
555.21233117478403
732.15428815672215
834.99456731074463
588.00269780114536
775.02144930257396
883.96081703017126
568.74822084814139
569.80552518013894
567.07828130184487
566.4236354986183
568.05194365757075
754.70954697643913
756.94732426610517
753.55639168203811
752.618575569276
754.54504527879135
571.16684460851309
568.81293536302019
542.20857167543738
468.35804888848236
343.3157952729307
758.44748321914631
755.8289873085472
723.46777734110719
632.72147355303866
478.14926746392712
871.37679828142143
874.49349248962608
870.85065091721151
869.77461591652548
871.8049941827112
922.8630926558119
926.63588419954112
923.11426579085412
922.03352501678546
924.00824737654523
876.04606910948633
873.15282190074686
837.04959575048474
735.15813678794837
560.57557216342934
928.17755207103664
924.86137189083001
886.78093721415155
779.39582301264102
595.09922252433205
342.87749597813513
454.203693282926
518.0599106302908
456.96253337297082
602.25324011555972
686.45345367384243
528.26562832000127
695.10819524312819
792.18092060551874
558.73738232878327
735.52313421791519
838.7352772214324
539.70472603496239
540.80198675603276
538.24465643073472
537.68039057672263
539.2847580121695
715.89806676548403
718.14309117197047
714.97135065077146
714.14204801806738
716.02329846873533
542.22316465320046
539.62611145160042
513.67510750098677
442.80273061677133
323.63864175009758
719.68459202122085
716.73399328583048
685.13129634810559
597.98861669437838
450.49318780160138
826.73068785804946
829.8672798244686
826.46278892292901
825.48800865355872
827.44265607680995
875.89780641175685
879.73539010810509
876.44869016992709
875.44645378385303
877.31481747112082
831.39471890941536
828.14624349148926
792.94334024736565
695.20874887536013
528.79975273313107
881.17194225987373
877.5503514998685
840.5920089986455
737.88515538237482
562.62467072204549
298.38450281616736
395.05334983422779
450.59889227595613
397.99682986639903
523.97207981774943
597.02818720150708
459.64729209390862
604.58512511315314
688.98964118027436
485.8210092495907
639.55755071979513
729.47314595803562
469.46412675912359
470.47264907636168
468.2551409256057
467.79192888478701
469.22848621764228
622.56740479309167
624.55624639737084
621.81476971146458
621.12614499925144
622.804393481229
471.771573911004
469.32235464285031
446.43166841152549
384.49813864545001
280.84625267351794
625.96006324382688
623.10971979376041
595.08229970073501
518.45466907053412
389.3722414761022
719.05431727860287
721.8589190882559
718.91748622854675
718.09033256411931
719.81538018651588
761.9246798240506
765.38413920715391
762.54931062299977
761.6849938466454
763.31420915361275
723.2058796076152
720.07001560062702
688.85427416419066
602.9314399269756
457.36418911235319
766.6043301447628
763.14732042706146
730.41874431504311
640.21386580045908
487.06861780408519
224.20311360246458
298.17659771154058
340.66754996436873
299.75368417436243
396.08857658334352
451.7559044870369
346.35422974757307
457.03941741264373
521.25916705070961
365.28604679677346
482.89432260535796
551.49117660482648
355.06556548087428
355.79165613960924
354.07987579634005
353.72503598269816
354.83130361492135
471.07306813162882
472.46008792270982
470.34700421185482
469.83210000803422
471.13232104232043
356.78482095419781
355.08554682400131
338.0600215757305
291.51607749484936
212.9627730502948
473.54921411223154
471.45636012615068
450.18321682242072
391.70762856278111
292.82880170963688
543.93242945450345
545.89599473051965
543.62899428905541
543.00942256940846
544.34250641486665
576.07326940015207
578.5666182805719
576.38167267897597
575.72354154311779
576.96785074893273
546.93089512383983
544.56439376861977
520.66806161315458
454.71247090305621
342.79530486961301
579.47071672986601
576.87246116411029
551.84323162436783
482.62281661595898
364.91719883590713
596.7581536729241
591.00436319709411
786.63960018742455
897.55809296653024
778.94746308976664
889.36872901314655
561.51368286107095
739.64074951398425
844.89040999815404
489.3864004995188
644.08762783040095
735.82955622491795
371.56020451556822
488.50891698056967
557.53453882711972
937.59927980487191
942.02399781509496
938.80223819968137
929.9607407648499
935.03482608877675
932.15760708039602
937.79145444524909
939.64556801789831
931.24722207086575
932.97837213805099
884.24916572676466
889.73974424135361
887.25995430612863
886.47471958903884
888.06699277715029
943.53190700109235
939.64941420901891
900.48656925602279
936.52541086260931
932.03273217842593
892.28797885129984
791.05148404793147
603.61481058328957
783.131547615518
597.30052617068179
891.2095075019123
886.28879809277669
847.6759923945209
743.41378990867997
567.02695953697287
770.43683364560502
775.58964507730354
773.60746687336825
772.9821093671103
774.35496965495156
583.41997661006519
587.21237267277365
585.75737514038713
585.32172459437982
586.3678312295948
776.94794092044754
772.28557268138206
738.21371268914265
647.0833061540734
493.73640955292444
588.31039396514848
584.82484874043701
559.11516856294088
490.19448784064343
374.19565332869911
566.66604935953592
560.65445506211859
746.38505538917514
851.69664150981282
738.62464889000898
843.55667255649064
532.01730063877153
700.8111785145735
800.90563393264927
463.55251079714526
610.11872550989017
697.34576259512062
352.16288761033331
462.96050060024277
528.58440791041141
890.07016616646138
894.57609571371984
891.58172263751646
882.51982327239205
887.67848876521714
885.02570157155617
890.63381130592938
892.36580801699404
884.17344834767982
885.78000872755831
838.71333712411797
844.28274381984056
842.02089965117432
841.2946841312629
842.77176601879887
895.93776884003853
891.80340588946706
853.92696567845098
889.02297748454509
884.33281991163221
846.0034408009343
749.4629128692269
571.47550080773624
742.00377467363955
565.80265012289885
845.63513816863019
840.58087120729397
803.45824520844008
704.31539769815492
537.31822534465198
730.56070693750121
735.76044527174395
733.97251271935374
733.40682298483557
734.68673782202052
553.4255684658367
557.25159217329519
555.9465503448713
555.56238617467352
556.54444449984851
737.04461298284878
732.28887087973999
699.55470706672281
612.92577865761712
467.78171236595927
558.31344338449651
554.75096693636488
530.02049692182629
464.45610696142887
354.59817782701771
491.81707093376269
486.3156238887957
648.48830832756914
740.56424050306373
641.49517052708541
733.2786199456973
461.33066010419145
608.48730753078303
696.01699413806466
401.76722417111682
529.56461470199747
605.85415570991142
305.13001546405371
401.85664749004968
459.3088014998807
774.26159053919002
778.37038219583985
775.7993932748891
767.51120566695431
772.2071913072192
769.94871038335839
774.97150457535497
776.46340737248613
769.20984902983469
770.59024874394959
729.19858204548927
734.23694698339273
732.33289131740935
731.7171066035886
732.99234442148679
779.49603667570977
775.64227579109217
742.26479647706537
773.33422355712321
769.00909216438492
735.28472265187747
650.79878927020479
495.65559485078506
644.30828353242293
490.8261385495847
735.41028483699665
730.77841479332585
698.12141886135021
611.38679439162058
465.92062106502988
634.99232143983909
639.67859720978345
638.19153538130149
637.72600923864456
638.83902875452657
481.12680866246626
484.58398527511599
483.50625245320589
483.20060481778853
484.06106935700245
640.82774326074309
636.48203949172853
607.67354625633493
531.86184062979873
405.42534258171099
485.55641225464024
482.29250481967938
460.50015663023407
403.08222741746761
307.28474173163227
369.37568679928052
365.11220812497731
489.29899886220994
559.62805197287139
484.00738312369447
554.17837248933813
346.55121039339349
459.33476822905504
526.24146473112808
301.85581983277916
399.88984369414561
458.21002031330227
228.64651503471515
303.08319866161298
347.15750037194675
585.21207089849645
588.22066663851353
586.2427520908052
580.19050566323733
583.64982431856311
581.91881530885439
585.60981151375915
586.7403612140065
581.35973690288358
582.40575222206837
551.42505284614606
555.12801950030632
553.67445128762631
553.22239126609895
554.19747025019967
589.04147056739907
586.14575846382138
560.61384431555507
584.48733687150138
581.22937414838373
555.39900638022107
490.38329683422012
371.06025653237805
485.45964590460198
367.28493183985654
556.03422751938945
552.50798089751754
527.37798825112418
460.48508367959812
348.19717603972822
480.30177479031101
483.73526622008058
482.60405678851373
482.27763481081911
483.13900366247208
363.74973678005802
366.2920666319161
365.47863605924476
365.27506595875479
365.94736517280865
484.65116652324105
481.29530317347485
458.98655315541396
400.25850914624118
302.26036064297546
367.08429163768994
364.53039835040124
347.54905790140822
302.82703523597445
228.14454112783002
1000
1000
1000
1000
1000
1000
1000
1000
1000
1000
1000
1000
1000
1000
1000
1000
1000
1000
1000
1000
1000
1000
1000
1000
1000
1000
1000
1000
1000
1000
1000
1000
1000
1000
1000
1000
1000
1000
1000
1000
1000
1000
1000
1000
1000
1000
1000
1000
1000
1000
1000
1000
1000
1000
1000
1000
1000
1000
1000
1000
1000
1000
1000
1000
1000
1000
1000
1000
1000
1000
1000
1000
1000
1000
1000
1000
1000
1000
1000
1000
1000
1000
1000
1000
1000
1000
1000
1000
1000
1000
1000
1000
1000
1000
1000
1000
1000
1000
1000
1000
1000
1000
1000
1000
1000
1000
1000
1000
1000
1000
1000
1000
1000
1000
1000
1000
1000
1000
1000
1000
1000
1000
1000
1000
1000
1000
1000
1000
1000
1000
1000
1000
1000
1000
1000
1000
1000
1000
1000
1000
1000
1000
1000
1000
1000
1000
1000
1000
1000
1000
1000
1000
1000
1000
1000
1000
1000
1000
1000
1000
1000
1000
1000
1000
1000
1000
1000
1000
1000
1000
1000
1000
1000
1000
1000
1000
1000
1000
1000
1000
1000
1000
1000
1000
1000
1000
1000
1000
1000
1000
1000
1000
1000
1000
1000
1000
1000
1000
1000
1000
1000
1000
1000
1000
1000
1000
1000
1000
1000
1000
1000
1000
1000
1000
1000
1000
1000
1000
1000
1000
1000
1000
1000
1000
1000
1000
1000
1000
1000
1000
1000
1000
1000
1000
1000
1000
1000
1000
1000
1000
1000
1000
1000
1000
1000
1000
1000
1000
1000
1000
1000
1000
1000
1000
1000
1000
1000
1000
1000
1000
1000
1000
1000
1000
1000
1000
1000
1000
1000
1000
1000
1000
1000
1000
1000
1000
1000
1000
1000
1000
1000
1000
1000
1000
1000
1000
1000
1000
1000
1000
1000
1000
1000
1000
1000
1000
1000
1000
1000
1000
1000
1000
1000
1000
1000
1000
1000
1000
1000
1000
1000
1000
1000
1000
1000
1000
1000
1000
1000
1000
1000
1000
1000
1000
1000
1000
1000
1000
1000
1000
1000
1000
1000
1000
1000
1000
1000
1000
1000
1000
1000
1000
1000
1000
1000
1000
1000
1000
1000
1000
1000
1000
1000
1000
1000
1000
1000
1000
1000
1000
1000
1000
1000
1000
1000
1000
1000
1000
1000
1000
1000
1000
1000
1000
1000
1000
1000
1000
1000
1000
1000
1000
1000
1000
1000
1000
1000
1000
1000
1000
1000
1000
1000
1000
1000
1000
1000
1000
1000
1000
1000
1000
1000
1000
1000
1000
1000
1000
1000
1000
1000
1000
1000
1000
1000
1000
1000
1000
1000
1000
1000
1000
1000
1000
1000
1000
1000
1000
1000
1000
1000
1000
1000
1000
1000
1000
1000
1000
1000
1000
1000
1000
1000
1000
1000
1000
1000
1000
1000
1000
1000
1000
1000
1000
1000
1000
1000
1000
1000
1000
1000
1000
1000
1000
1000
1000
1000
1000
1000
1000
1000
1000
1000
1000
1000
1000
1000
1000
1000
1000
1000
1000
1000
1000
1000
1000
1000
1000
1000
1000
1000
1000
1000
1000
1000
1000
1000
1000
1000
1000
1000
1000
1000
1000
1000
1000
1000
1000
1000
1000
1000
1000
1000
1000
1000
1000
1000
1000
1000
1000
1000
1000
1000
1000
1000
1000
1000
1000
1000
1000
1000
1000
1000
1000
1000
1000
1000
1000
1000
1000
1000
1000
1000
1000
1000
1000
1000
1000
1000
1000
1000
1000
1000
1000
1000
1000
1000
1000
1000
1000
1000
1000
1000
1000
1000
1000
1000
1000
1000
1000
1000
1000
1000
1000
1000
1000
1000
1000
1000
1000
1000
1000
1000
1000
1000
1000
1000
1000
1000
1000
1000
1000
1000
1000
1000
1000
1000
1000
1000
1000
1000
1000
1000
1000
1000
1000
1000
1000
1000
1000
1000
1000
1000
1000
1000
1000
1000
1000
1000
1000
1000
1000
1000
1000
1000
1000
1000
1000
1000
1000
1000
1000
1000
1000
1000
1000
1000
1000
1000
1000
1000
1000
1000
1000
1000
1000
1000
1000
1000
1000
1000
1000
1000
1000
1000
1000
1000
1000
1000
1000
1000
1000
1000
1000
1000
1000
1000
1000
1000
1000
1000
1000
1000
1000
1000
1000
1000
1000
1000
1000
1000
1000
1000
1000
1000
1000
1000
1000
1000
1000
1000
1000
1000
1000
1000
1000
1000
1000
1000
1000
1000
1000
1000
1000
1000
1000
1000
1000
1000
1000
1000
1000
1000
1000
1000
1000
1000
1000
1000
1000
1000
1000
1000
1000
1000
1000
1000
1000
1000
1000
1000
1000
1000
1000
1000
1000
1000
1000
1000
1000
1000
1000
1000
1000
1000
1000
1000
1000
1000
1000
1000
1000
1000
1000
1000
1000
1000
1000
1000
1000
1000
1000
1000
1000
1000
1000
1000
1000
1000
1000
1000
1000
1000
1000
1000
1000
1000
1000
1000
1000
1000
1000
1000
1000
1000
1000
1000
1000
1000
1000
1000
1000
1000
1000
1000
1000
1000
1000
1000
1000
1000
1000
1000
1000
1000
1000
1000
1000
1000
1000
1000
1000
1000
1000
1000
1000
1000
1000
1000
1000
1000
1000
1000
1000
1000
1000
1000
1000
1000
1000
1000
1000
1000
1000
1000
1000
1000
1000
1000
1000
1000
1000
1000
1000
1000
1000
1000
1000
1000
1000
1000
1000
1000
1000
1000
1000
1000
1000
1000
1000
1000
1000
1000
1000
1000
1000
1000
1000
1000
1000
1000
1000
1000
1000
1000
1000
1000
1000
1000
1000
1000
1000
1000
1000
1000
1000
1000
1000
1000
1000
1000
1000
1000
1000
1000
1000
1000
1000
1000
1000
1000
1000
1000
1000
1000
1000
1000
1000
1000
1000
1000
1000
1000
1000
1000
1000
1000
1000
1000
1000
1000
1000
1000
1000
1000
1000
1000
1000
1000
1000
1000
1000
1000
1000
1000
1000
1000
1000
1000
1000
1000
1000
1000
1000
1000
1000
1000
1000
1000
1000
1000
1000
1000
1000
1000
1000
1000
1000
1000
1000
1000
1000
1000
1000
1000
1000
1000
1000
1000
1000
1000
1000
1000
1000
1000
1000
1000
1000
1000
1000
1000
1000
1000
1000
1000
1000
1000
1000
1000
1000
1000
1000
1000
1000
1000
1000
1000
1000
1000
1000
1000
1000
1000
1000
1000
1000
1000
1000
1000
1000
1000
1000
1000
1000
1000
1000
1000
1000
1000
1000
1000
1000
1000
1000
1000
1000
1000
1000
1000
1000
1000
1000
1000
1000
1000
1000
1000
1000
1000
1000
1000
1000
1000
1000
1000
1000
1000
1000
1000
1000
1000
1000
1000
1000
1000
1000
1000
1000
1000
1000
1000
1000
1000
1000
1000
1000
1000
1000
1000
1000
1000
1000
1000
1000
1000
1000
1000
1000
1000
1000
1000
1000
1000
1000
1000
1000
1000
1000
1000
1000
1000
1000
1000
1000
1000
1000
1000
1000
1000
1000
1000
1000
1000
1000
1000
1000
1000
1000
1000
1000
1000
1000
1000
1000
1000
1000
1000
1000
1000
1000
1000
1000
1000
1000
1000
1000
1000
1000
1000
1000
1000
1000
1000
1000
1000
1000
1000
1000
1000
1000
1000
1000
1000
1000
1000
1000
1000
1000
1000
1000
1000
1000
1000
1000
1000
1000
1000
1000
1000
1000
1000
1000
1000
1000
1000
1000
1000
1000
1000
1000
1000
1000
1000
1000
1000
1000
1000
1000
1000
1000
1000
1000
1000
1000
1000
1000
1000
1000
1000
1000
1000
1000
1000
1000
1000
1000
1000
1000
1000
1000
1000
1000
1000
1000
1000
1000
1000
1000
1000
1000
1000
1000
1000
1000
1000
1000
1000
1000
1000
1000
1000
1000
1000
1000
1000
1000
1000
1000
1000
1000
1000
1000
1000
1000
1000
1000
1000
1000
1000
1000
1000
1000
1000
1000
1000
1000
1000
1000
1000
1000
1000
1000
1000
1000
1000
1000
1000
1000
1000
1000
1000
1000
1000
1000
1000
1000
1000
1000
1000
1000
1000
1000
1000
1000
1000
1000
1000
1000
1000
1000
1000
1000
1000
1000
1000
1000
1000
1000
1000
1000
1000
1000
1000
1000
1000
1000
1000
1000
1000
1000
1000
1000
1000
1000
1000
1000
1000
1000
1000
1000
1000
1000
1000
1000
1000
1000
1000
1000
1000
1000
1000
1000
1000
1000
1000
1000
1000
1000
1000
1000
1000
1000
1000
1000
1000
1000
1000
1000
1000
1000
1000
1000
1000
1000
1000
1000
1000
1000
1000
1000
1000
1000
1000
1000
1000
1000
1000
1000
1000
1000
1000
1000
1000
1000
1000
1000
1000
1000
1000
1000
1000
1000
1000
1000
1000
1000
1000
1000
1000
1000
1000
1000
1000
1000
1000
1000
1000
1000
1000
1000
1000
1000
1000
1000
1000
1000
1000
1000
1000
1000
1000
1000
1000
1000
1000
1000
1000
1000
1000
1000
1000
1000
1000
1000
1000
1000
1000
1000
1000
1000
1000
1000
1000
1000
1000
1000
1000
1000
1000
1000
1000
1000
1000
1000
1000
1000
1000
1000
1000
1000
1000
1000
1000
1000
1000
1000
1000
1000
1000
1000
1000
1000
1000
1000
1000
1000
1000
1000
1000
1000
1000
1000
1000
1000
1000
1000
1000
1000
1000
1000
1000
1000
1000
1000
1000
1000
1000
1000
1000
1000
1000
1000
1000
1000
1000
1000
1000
1000
1000
1000
1000
1000
1000
1000
1000
1000
1000
1000
1000
1000
1000
1000
1000
1000
1000
1000
1000
1000
1000
1000
1000
1000
1000
1000
1000
1000
1000
1000
1000
1000
1000
1000
1000
1000
1000
1000
1000
1000
1000
1000
1000
1000
1000
1000
1000
1000
1000
1000
1000
1000
1000
1000
1000
1000
1000
1000
1000
1000
1000
1000
1000
1000
1000
1000
1000
1000
1000
1000
1000
1000
1000
1000
1000
1000
1000
1000
1000
1000
1000
1000
1000
1000
1000
1000
1000
1000
1000
1000
1000
1000
1000
1000
1000
1000
1000
1000
1000
1000
1000
1000
1000
1000
1000
1000
1000
1000
1000
1000
1000
1000
1000
1000
1000
1000
1000
1000
1000
1000
1000
1000
1000
1000
1000
1000
1000
1000
1000
1000
1000
1000
1000
1000
1000
1000
1000
1000
1000
1000
1000
1000
1000
1000
1000
1000
1000
1000
1000
1000
1000
1000
1000
1000
1000
1000
1000
1000
1000
1000
1000
1000
1000
1000
1000
1000
1000
1000
1000
1000
1000
1000
1000
1000
1000
1000
1000
1000
1000
1000
1000
1000
1000
1000
1000
1000
1000
1000
1000
1000
1000
1000
1000
1000
1000
1000
1000
1000
1000
1000
1000
1000
1000
1000
1000
1000
1000
1000
1000
1000
1000
1000
1000
1000
1000
1000
1000
1000
1000
1000
1000
1000
1000
1000
1000
1000
1000
1000
1000
1000
1000
1000
1000
1000
1000
1000
1000
1000
1000
1000
1000
1000
1000
1000
1000
1000
1000
1000
1000
1000
1000
1000
1000
1000
1000
1000
1000
1000
1000
1000
1000
1000
1000
1000
1000
1000
1000
1000
1000
1000
1000
1000
1000
1000
1000
1000
1000
1000
1000
1000
1000
1000
1000
1000
1000
1000
1000
1000
1000
1000
1000
1000
1000
1000
1000
1000
1000
1000
1000
1000
1000
1000
1000
1000
1000
1000
1000
1000
1000
1000
1000
1000
1000
1000
1000
1000
1000
1000
1000
1000
1000
1000
1000
1000
1000
1000
1000
1000
1000
1000
1000
1000
1000
1000
1000
1000
1000
1000
1000
1000
1000
1000
1000
1000
1000
1000
1000
1000
1000
1000
1000
1000
1000
1000
1000
1000
1000
1000
1000
1000
1000
1000
1000
1000
1000
1000
1000
1000
1000
1000
1000
1000
1000
1000
1000
1000
1000
1000
1000
1000
1000
1000
1000
1000
1000
1000
1000
1000
1000
1000
1000
1000
1000
1000
1000
1000
1000
1000
1000
1000
1000
1000
1000
1000
1000
1000
1000
1000
1000
1000
1000
1000
1000
1000
1000
1000
1000
1000
1000
1000
1000
1000
1000
1000
1000
1000
1000
1000
1000
1000
1000
1000
1000
1000
1000
1000
1000
1000
1000
1000
1000
1000
1000
1000
1000
1000
1000
1000
1000
1000
1000
1000
1000
1000
1000
1000
1000
1000
1000
1000
1000
1000
1000
1000
1000
1000
1000
1000
1000
1000
1000
1000
1000
1000
1000
1000
1000
1000
1000
1000
1000
1000
1000
1000
1000
1000
1000
1000
1000
1000
1000
1000
1000
1000
1000
1000
1000
1000
1000
1000
1000
1000
1000
1000
1000
1000
1000
1000
1000
1000
1000
1000
1000
1000
1000
1000
1000
1000
1000
1000
1000
1000
1000
1000
1000
1000
1000
1000
1000
1000
1000
1000
1000
1000
1000
1000
1000
1000
1000
1000
1000
1000
1000
1000
1000
1000
1000
1000
1000
1000
1000
1000
1000
1000
1000
1000
1000
1000
1000
1000
1000
1000
1000
1000
1000
1000
1000
1000
1000
1000
1000
1000
1000
1000
1000
1000
1000
1000
1000
1000
1000
1000
1000
1000
1000
1000
1000
1000
1000
1000
1000
1000
1000
1000
1000
1000
1000
1000
1000
1000
1000
1000
1000
1000
1000
1000
1000
1000
1000
1000
1000
1000
1000
1000
1000
1000
1000
1000
1000
1000
1000
1000
1000
1000
1000
1000
1000
1000
1000
1000
1000
1000
1000
1000
1000
1000
1000
1000
1000
1000
1000
1000
1000
1000
1000
1000
1000
1000
1000
1000
1000
1000
1000
1000
1000
1000
1000
1000
1000
1000
1000
1000
1000
1000
1000
1000
1000
1000
1000
1000
1000
1000
1000
1000
1000
1000
1000
1000
1000
1000
1000
1000
1000
1000
1000
1000
1000
1000
1000
1000
1000
1000
1000
1000
1000
1000
1000
1000
1000
1000
1000
1000
1000
1000
1000
1000
1000
1000
1000
1000
1000
1000
1000
1000
1000
1000
1000
1000
1000
1000
1000
1000
1000
1000
1000
1000
1000
1000
1000
1000
1000
1000
1000
1000
1000
1000
1000
1000
1000
1000
1000
1000
1000
1000
1000
1000
1000
1000
1000
1000
1000
1000
1000
1000
1000
1000
1000
1000
1000
1000
1000
1000
1000
1000
1000
1000
1000
1000
1000
1000
1000
1000
1000
1000
1000
1000
1000
1000
1000
1000
1000
1000
1000
1000
1000
1000
1000
1000
1000
1000
1000
1000
1000
1000
1000
1000
1000
1000
1000
1000
1000
1000
1000
1000
1000
1000
1000
1000
1000
1000
1000
1000
1000
1000
1000
1000
1000
1000
1000
1000
1000
1000
1000
1000
1000
1000
1000
1000
1000
1000
1000
1000
1000
1000
1000
1000
1000
1000
1000
1000
1000
1000
1000
1000
1000
1000
1000
1000
1000
1000
1000
1000
1000
1000
1000
1000
1000
1000
1000
1000
1000
1000
1000
1000
1000
1000
1000
1000
1000
1000
1000
1000
1000
1000
1000
1000
1000
1000
1000
1000
1000
1000
1000
1000
1000
1000
1000
1000
1000
1000
1000
1000
1000
1000
1000
1000
1000
1000
1000
1000
1000
1000
1000
1000
1000
1000
1000
1000
1000
1000
1000
1000
1000
1000
1000
1000
1000
1000
1000
1000
1000
1000
1000
1000
1000
1000
1000
1000
1000
1000
1000
1000
1000
1000
1000
1000
1000
1000
1000
1000
1000
1000
1000
1000
1000
1000
1000
1000
1000
1000
1000
1000
1000
1000
1000
1000
1000
1000
1000
1000
1000
1000
1000
1000
1000
1000
1000
1000
1000
1000
1000
1000
1000
1000
1000
1000
1000
1000
1000
1000
1000
1000
1000
1000
1000
1000
1000
1000
1000
1000
1000
1000
1000
1000
1000
1000
1000
1000
1000
1000
1000
1000
1000
1000
1000
1000
1000
1000
1000
1000
1000
1000
1000
1000
1000
1000
1000
1000
1000
1000
1000
1000
1000
1000
1000
1000
1000
1000
1000
1000
1000
1000
1000
1000
1000
1000
1000
1000
1000
1000
1000
1000
1000
1000
1000
1000
1000
1000
1000
1000
1000
1000
1000
1000
1000
1000
1000
1000
1000
1000
1000
1000
1000
1000
1000
1000
1000
1000
1000
1000
1000
1000
1000
1000
1000
1000
1000
1000
1000
1000
1000
1000
1000
1000
1000
1000
1000
1000
1000
1000
1000
1000
1000
1000
1000
1000
1000
1000
1000
1000
1000
1000
1000
1000
1000
1000
1000
1000
1000
1000
1000
1000
1000
1000
1000
1000
1000
1000
1000
1000
1000
1000
1000
1000
1000
1000
1000
1000
1000
1000
1000
1000
1000
1000
1000
1000
1000
1000
1000
1000
1000
1000
1000
1000
1000
1000
1000
1000
1000
1000
1000
1000
1000
1000
1000
1000
1000
1000
1000
1000
1000
1000
1000
1000
1000
1000
1000
1000
1000
1000
1000
1000
1000
1000
1000
1000
1000
1000
1000
1000
1000
1000
1000
1000
1000
1000
1000
1000
1000
1000
1000
1000
1000
1000
1000
1000
1000
1000
1000
1000
1000
1000
1000
1000
1000
1000
1000
1000
1000
1000
1000
1000
1000
1000
1000
1000
1000
1000
1000
1000
1000
1000
1000
1000
1000
1000
1000
1000
1000
1000
1000
1000
1000
1000
1000
1000
1000
1000
1000
1000
1000
1000
1000
1000
1000
1000
1000
1000
1000
1000
1000
1000
1000
1000
1000
1000
1000
1000
1000
1000
1000
1000
1000
1000
1000
1000
1000
1000
1000
1000
1000
1000
1000
1000
1000
1000
1000
1000
1000
1000
1000
1000
1000
1000
1000
1000
1000
1000
1000
1000
1000
1000
1000
1000
1000
1000
1000
1000
1000
1000
1000
1000
1000
1000
1000
1000
1000
1000
1000
1000
1000
1000
1000
1000
1000
1000
1000
1000
1000
1000
1000
1000
1000
1000
1000
1000
1000
1000
1000
1000
1000
1000
1000
1000
1000
1000
1000
1000
1000
1000
1000
1000
1000
1000
1000
1000
1000
1000
1000
1000
1000
1000
1000
1000
1000
1000
1000
1000
1000
1000
1000
1000
1000
1000
1000
1000
1000
1000
1000
1000
1000
1000
1000
1000
1000
1000
1000
1000
1000
1000
1000
1000
1000
1000
1000
1000
1000
1000
1000
1000
1000
1000
1000
1000
1000
1000
1000
1000
1000
1000
1000
1000
1000
1000
1000
1000
1000
1000
1000
1000
1000
1000
1000
1000
1000
1000
1000
1000
1000
1000
1000
1000
1000
1000
1000
1000
1000
1000
1000
1000
1000
1000
1000
1000
1000
1000
1000
1000
1000
1000
1000
1000
1000
1000
1000
1000
1000
1000
1000
1000
1000
1000
1000
1000
1000
1000
1000
1000
1000
1000
1000
1000
1000
1000
1000
1000
1000
1000
1000
1000
1000
1000
1000
1000
1000
1000
1000
1000
1000
1000
1000
1000
1000
1000
1000
1000
1000
1000
1000
1000
1000
1000
1000
1000
1000
1000
1000
1000
1000
1000
1000
1000
1000
1000
1000
1000
1000
1000
1000
1000
1000
1000
1000
1000
1000
1000
1000
1000
1000
1000
1000
1000
1000
1000
1000
1000
1000
1000
1000
1000
1000
1000
1000
1000
1000
1000
1000
1000
1000
1000
1000
1000
1000
1000
1000
1000
1000
1000
1000
1000
1000
1000
1000
1000
1000
1000
1000
1000
1000
1000
1000
1000
1000
1000
1000
1000
1000
1000
1000
1000
1000
1000
1000
1000
1000
1000
1000
1000
1000
1000
1000
1000
1000
1000
1000
1000
1000
1000
1000
1000
1000
1000
1000
1000
1000
1000
1000
1000
1000
1000
1000
1000
1000
1000
1000
1000
1000
1000
1000
1000
1000
1000
1000
1000
1000
1000
1000
1000
1000
1000
1000
1000
1000
1000
1000
1000
1000
1000
1000
1000
1000
1000
1000
1000
1000
1000
1000
1000
1000
1000
1000
1000
1000
1000
1000
1000
1000
1000
1000
1000
1000
1000
1000
1000
1000
1000
1000
1000
1000
1000
1000
1000
1000
1000
1000
1000
1000
1000
1000
1000
1000
1000
1000
1000
1000
1000
1000
1000
1000
1000
1000
1000
1000
1000
1000
1000
1000
1000
1000
1000
1000
1000
1000
1000
1000
1000
1000
1000
1000
1000
1000
1000
1000
1000
1000
1000
1000
1000
1000
1000
1000
1000
1000
1000
1000
1000
1000
1000
1000
1000
1000
1000
1000
1000
1000
1000
1000
1000
1000
1000
1000
1000
1000
1000
1000
1000
1000
1000
1000
1000
1000
1000
1000
1000
1000
1000
1000
1000
1000
1000
1000
1000
1000
1000
1000
1000
1000
1000
1000
1000
1000
1000
1000
1000
1000
1000
1000
1000
1000
1000
1000
1000
1000
1000
1000
1000
1000
1000
1000
1000
1000
1000
1000
1000
1000
1000
1000
1000
1000
1000
1000
1000
1000
1000
1000
1000
1000
1000
1000
1000
1000
1000
1000
1000
1000
1000
1000
1000
1000
1000
1000
1000
1000
1000
1000
1000
1000
1000
SCALARS p float 1
LOOKUP_TABLE default
0
0
0
0
0
0
0
0
0
0
0
0
0
0
0
0
0
0
0
0
0
0
0
0
0
0
0
0
0
0
0
0
0
0
0
0
0
0
0
0
0
0
0
0
0
0
0
0
0
0
0
0
0
0
0
0
0
0
0
0
0
0
0
0
0
0
0
0
0
0
0
0
0
0
0
0
0
0
0
0
0
0
0
0
0
0
0
0
0
0
0
0
0
0
0
0
0
0
0
0
0
0
0
0
0
0
0
0
0
0
0
0
0
0
0
0
0
0
0
0
0
0
0
0
0
0
0
0
0
0
0
0
0
0
0
0
0
0
0
0
0
0
0
0
0
0
0
0
0
0
0
0
0
0
0
0
0
0
0
0
0
0
0
0
0
0
0
0
0
0
0
0
0
0
0
0
0
0
0
0
0
0
0
0
0
0
0
0
0
0
0
0
0
0
0
0
0
0
0
0
0
0
0
0
0
0
0
0
0
0
0
0
0
0
0
0
0
0
0
0
0
0
0
0
0
0
0
0
0
0
0
0
0
0
0
0
0
0
0
0
0
0
0
0
0
0
0
0
0
0
0
0
0
0
0
0
0
0
0
0
0
0
0
0
0
0
0
0
0
0
0
0
0
0
0
0
0
0
0
0
0
0
0
0
0
0
0
0
0
0
0
0
0
0
0
0
0
0
0
0
0
0
0
0
0
0
0
0
0
0
0
0
0
0
0
0
0
0
0
0
0
0
0
0
0
0
0
0
0
0
0
0
0
0
0
0
0
0
0
0
0
0
0
0
0
0
0
0
0
0
0
0
0
0
0
0
0
0
0
0
0
0
0
0
0
0
0
0
0
0
0
0
0
0
0
0
0
0
0
0
0
0
0
0
0
0
0
0
0
0
0
0
0
0
0
0
0
0
0
0
0
0
0
0
0
0
0
0
0
0
0
0
0
0
0
0
0
0
0
0
0
0
0
0
0
0
0
0
0
0
0
0
0
0
0
0
0
0
0
0
0
0
0
0
0
0
0
0
0
0
0
0
0
0
0
0
0
0
0
0
0
0
0
0
0
0
0
0
0
0
0
0
0
0
0
0
0
0
0
0
0
0
0
0
0
0
0
0
0
0
0
0
0
0
0
0
0
0
0
0
0
0
0
0
0
0
0
0
0
0
0
0
0
0
0
0
0
0
0
0
0
0
0
0
0
0
0
0
0
0
0
0
0
0
0
0
0
0
0
0
0
0
0
0
0
0
0
0
0
0
0
0
0
0
0
0
0
0
0
0
0
0
0
0
0
0
0
0
0
0
0
0
0
0
0
0
0
0
0
0
0
0
0
0
0
0
0
0
0
0
0
0
0
0
0
0
0
0
0
0
0
0
0
0
0
0
0
0
0
0
0
0
0
0
0
0
0
0
0
0
0
0
0
0
0
0
0
0
0
0
0
0
0
0
0
0
0
0
0
0
0
0
0
0
0
0
0
0
0
0
0
0
0
0
0
0
0
0
0
0
0
0
0
0
0
0
0
0
0
0
0
0
0
0
0
0
0
0
0
0
0
0
0
0
0
0
0
0
0
0
0
0
0
0
0
0
0
0
0
0
0
0
0
0
0
0
0
0
0
0
0
0
0
0
0
0
0
0
0
0
0
0
0
0
0
0
0
0
0
0
0
0
0
0
0
0
0
0
0
0
0
0
0
0
0
0
0
0
0
0
0
0
0
0
0
0
0
0
0
0
0
0
0
0
0
0
0
0
0
0
0
0
0
0
0
0
0
0
0
0
0
0
0
0
0
0
0
0
0
0
0
0
0
0
0
0
0
0
0
0
0
0
0
0
0
0
0
0
0
0
0
0
0
0
0
0
0
0
0
0
0
0
0
0
0
0
0
0
0
0
0
0
0
0
0
0
0
0
0
0
0
0
0
0
0
0
0
0
0
0
0
0
0
0
0
0
0
0
0
0
0
0
0
0
0
0
0
0
0
0
0
0
0
0
0
0
0
0
0
0
0
0
0
0
0
0
0
0
0
0
0
0
0
0
0
0
0
0
0
0
0
0
0
0
0
0
0
0
0
0
0
0
0
0
0
0
0
0
0
0
0
0
0
0
0
0
0
0
0
0
0
0
0
0
0
0
0
0
0
0
0
0
0
0
0
0
0
0
0
0
0
0
0
0
0
0
0
0
0
0
0
0
0
0
0
0
0
0
0
0
0
0
0
0
0
0
0
0
0
0
0
0
0
0
0
0
0
0
0
0
0
0
0
0
0
0
0
0
0
0
0
0
0
0
0
0
0
0
0
0
0
0
0
0
0
0
0
0
0
0
0
0
0
0
0
0
0
0
0
0
0
0
0
0
0
0
0
0
0
0
0
0
0
0
0
0
0
0
0
0
0
0
0
0
0
0
0
0
0
0
0
0
0
0
0
0
0
0
0
0
0
0
0
0
0
0
0
0
0
0
0
0
0
0
0
0
0
0
0
0
0
0
0
0
0
0
0
0
0
0
0
0
0
0
0
0
0
0
0
0
0
0
0
0
0
0
0
0
0
0
0
0
0
0
0
0
0
0
0
0
0
0
0
0
0
0
0
0
0
0
0
0
0
0
0
0
0
0
0
0
0
0
0
0
0
0
0
0
0
0
0
0
0
0
0
0
0
0
0
0
0
0
0
0
0
0
0
0
0
0
0
0
0
0
0
0
0
0
0
0
0
0
0
0
0
0
0
0
0
0
0
0
0
0
0
0
0
0
0
0
0
0
0
0
0
0
0
0
0
0
0
0
0
0
0
0
0
0
0
0
0
0
0
0
0
0
0
0
0
0
0
0
0
0
0
0
0
0
0
0
0
0
0
0
0
0
0
0
0
0
0
0
0
0
0
0
0
0
0
0
0
0
0
0
0
0
0
0
0
0
0
0
0
0
0
0
0
0
0
0
0
0
0
0
0
0
0
0
0
0
0
0
0
0
0
0
0
0
0
0
0
0
0
0
0
0
0
0
0
0
0
0
0
0
0
0
0
0
0
0
0
0
0
0
0
0
0
0
0
0
0
0
0
0
0
0
0
0
0
0
0
0
0
0
0
0
0
0
0
0
0
0
0
0
0
0
0
0
0
0
0
0
0
0
0
0
0
0
0
0
0
0
0
0
0
0
0
0
0
0
0
0
0
0
0
0
0
0
0
0
0
0
0
0
0
0
0
0
0
0
0
0
0
0
0
0
0
0
0
0
0
0
0
0
0
0
0
0
0
0
0
0
0
0
0
0
0
0
0
0
0
0
0
0
0
0
0
0
0
0
0
0
0
0
0
0
0
0
0
0
0
0
0
0
0
0
0
0
0
0
0
0
0
0
0
0
0
0
0
0
0
0
0
0
0
0
0
0
0
0
0
0
0
0
0
0
0
0
0
0
0
0
0
0
0
0
0
0
0
0
0
0
0
0
0
0
0
0
0
0
0
0
0
0
0
0
0
0
0
0
0
0
0
0
0
0
0
0
0
0
0
0
0
0
0
0
0
0
0
0
0
0
0
0
0
0
0
0
0
0
0
0
0
0
0
0
0
0
0
0
0
0
0
0
0
0
0
0
0
0
0
0
0
0
0
0
0
0
0
0
0
0
0
0
0
0
0
0
0
0
0
0
0
0
0
0
0
0
0
0
0
0
0
0
0
0
0
0
0
0
0
0
0
0
0
0
0
0
0
0
0
0
0
0
0
0
0
0
0
0
0
0
0
0
0
0
0
0
0
0
0
0
0
0
0
0
0
0
0
0
0
0
0
0
0
0
0
0
0
0
0
0
0
0
0
0
0
0
0
0
0
0
0
0
0
0
0
0
0
0
0
0
0
0
0
0
0
0
0
0
0
0
0
0
0
0
0
0
0
0
0
0
0
0
0
0
0
0
0
0
0
0
0
0
0
0
0
0
0
0
0
0
0
0
0
0
0
0
0
0
0
0
0
0
0
0
0
0
0
0
0
0
0
0
0
0
0
0
0
0
0
0
0
0
0
0
0
0
0
0
0
0
0
0
0
0
0
0
0
0
0
0
0
0
0
0
0
0
0
0
0
0
0
0
0
0
0
0
0
0
0
0
0
0
0
0
0
0
0
0
0
0
0
0
0
0
0
0
0
0
0
0
0
0
0
0
0
0
0
0
0
0
0
0
0
0
0
0
0
0
0
0
0
0
0
0
0
0
0
0
0
0
0
0
0
0
0
0
0
0
0
0
0
0
0
0
0
0
0
0
0
0
0
0
0
0
0
0
0
0
0
0
0
0
0
0
0
0
0
0
0
0
0
0
0
0
0
0
0
0
0
0
0
0
0
0
0
0
0
0
0
0
0
0
0
0
0
0
0
0
0
0
0
0
0
0
0
0
0
0
0
0
0
0
0
0
0
0
0
0
0
0
0
0
0
0
0
0
0
0
0
0
0
0
0
0
0
0
0
0
0
0
0
0
0
0
0
0
0
0
0
0
0
0
0
0
0
0
0
0
0
0
0
0
0
0
0
0
0
0
0
0
0
0
0
0
0
0
0
0
0
0
0
0
0
0
0
0
0
0
0
0
0
0
0
0
0
0
0
0
0
0
0
0
0
0
0
0
0
0
0
0
0
0
0
0
0
0
0
0
0
0
0
0
0
0
0
0
0
0
0
0
0
0
0
0
0
0
0
0
0
0
0
0
0
0
0
0
0
0
0
0
0
0
0
0
0
0
0
0
0
0
0
0
0
0
0
0
0
0
0
0
0
0
0
0
0
0
0
0
0
0
0
0
0
0
0
0
0
0
0
0
0
0
0
0
0
0
0
0
0
0
0
0
0
0
0
0
0
0
0
0
0
0
0
0
0
0
0
0
0
0
0
0
0
0
0
0
0
0
0
0
0
0
0
0
0
0
0
0
0
0
0
0
0
0
0
0
0
0
0
0
0
0
0
0
0
0
0
0
0
0
0
0
0
0
0
0
0
0
0
0
0
0
0
0
0
0
0
0
0
0
0
0
0
0
0
0
0
0
0
0
0
0
0
0
0
0
0
0
0
0
0
0
0
0
0
0
0
0
0
0
0
0
0
0
0
0
0
0
0
0
0
0
0
0
0
0
0
0
0
0
0
0
0
0
0
0
0
0
0
0
0
0
0
0
0
0
0
0
0
0
0
0
0
0
0
0
0
0
0
0
0
0
0
0
0
0
0
0
0
0
0
0
0
0
0
0
0
0
0
0
0
0
0
0
0
0
0
0
0
0
0
0
0
0
0
0
0
0
0
0
0
0
0
0
0
0
0
0
0
0
0
0
0
0
0
0
0
0
0
0
0
0
0
0
0
0
0
0
0
0
0
0
0
0
0
0
0
0
0
0
0
0
0
0
0
0
0
0
0
0
0
0
0
0
0
0
0
0
0
0
0
0
0
0
0
0
0
0
0
0
0
0
0
0
0
0
0
0
0
0
0
0
0
0
0
0
0
0
0
0
0
0
0
0
0
0
0
0
0
0
0
0
0
0
0
0
0
0
0
0
0
0
0
0
0
0
0
0
0
0
0
0
0
0
0
0
0
0
0
0
0
0
0
0
0
0
0
0
0
0
0
0
0
0
0
0
0
0
0
0
0
0
0
0
0
0
0
0
0
0
0
0
0
0
0
0
0
0
0
0
0
0
0
0
0
0
0
0
0
0
0
0
0
0
0
0
0
0
0
0
0
0
0
0
0
0
0
0
0
0
0
0
0
0
0
0
0
0
0
0
0
0
0
0
0
0
0
0
0
0
0
0
0
0
0
0
0
0
0
0
0
0
0
0
0
0
0
0
0
0
0
0
0
0
0
0
0
0
0
0
0
0
0
0
0
0
0
0
0
0
0
0
0
0
0
0
0
0
0
0
0
0
0
0
0
0
0
0
0
0
0
0
0
0
0
0
0
0
0
0
0
0
0
0
0
0
0
0
0
0
0
0
0
0
0
0
0
0
0
0
0
0
0
0
0
0
0
0
0
0
0
0
0
0
0
0
0
0
0
0
0
0
0
0
0
0
0
0
0
0
0
0
0
0
0
0
0
0
0
0
0
0
0
0
0
0
0
0
0
0
0
0
0
0
0
0
0
0
0
0
0
0
0
0
0
0
0
0
0
0
0
0
0
0
0
0
0
0
0
0
0
0
0
0
0
0
0
0
0
0
0
0
0
0
0
0
0
0
0
0
0
0
0
0
0
0
0
0
0
0
0
0
0
0
0
0
0
0
0
0
0
0
0
0
0
0
0
0
0
0
0
0
0
0
0
0
0
0
0
0
0
0
0
0
0
0
0
0
0
0
0
0
0
0
0
0
0
0
0
0
0
0
0
0
0
0
0
0
0
0
0
0
0
0
0
0
0
0
0
0
0
0
0
0
0
0
0
0
0
0
0
0
0
0
0
0
0
0
0
0
0
0
0
0
0
0
0
0
0
0
0
0
0
0
0
0
0
0
0
0
0
0
0
0
0
0
0
0
0
0
0
0
0
0
0
0
0
0
0
0
0
0
0
0
0
0
0
0
0
0
0
0
0
0
0
0
0
0
0
0
0
0
0
0
0
0
0
0
0
0
0
0
0
0
0
0
0
0
0
0
0
0
0
0
0
0
0
0
0
0
0
0
0
0
0
0
0
0
0
0
0
0
0
0
0
0
0
0
0
0
0
0
0
0
0
0
0
0
0
0
0
0
0
0
0
0
0
0
0
0
0
0
0
0
0
0
0
0
0
0
0
0
0
0
0
0
0
0
0
0
0
0
0
0
0
0
0
0
0
0
0
0
0
0
0
0
0
0
0
0
0
0
0
0
0
0
0
0
0
0
0
0
0
0
0
0
0
0
0
0
0
0
0
0
0
0
0
0
0
0
0
0
0
0
0
0
0
0
0
0
0
0
0
0
0
0
0
0
0
0
0
0
0
0
0
0
0
0
0
0
0
0
0
0
0
0
0
0
0
0
0
0
0
0
0
0
0
0
0
0
0
0
0
0
0
0
0
0
0
0
0
0
0
0
0
0
0
0
0
0
0
0
0
0
0
0
0
0
0
0
0
0
0
0
0
0
0
0
0
0
0
0
0
0
0
0
0
0
0
0
0
0
0
0
0
0
0
0
0
0
0
0
0
0
0
0
0
0
0
0
0
0
0
0
0
0
0
0
0
0
0
0
0
0
0
0
0
0
0
0
0
0
0
0
0
0
0
0
0
0
0
0
0
0
0
0
0
0
0
0
0
0
0
0
0
0
0
0
0
0
0
0
0
0
0
0
0
0
0
0
0
0
0
0
0
0
0
0
0
0
0
0
0
0
0
0
0
0
0
0
0
0
0
0
0
0
0
0
0
0
0
0
0
0
0
0
0
0
0
0
0
0
0
0
0
0
0
0
0
0
0
0
0
0
0
0
0
0
0
0
0
0
0
0
0
0
0
0
0
0
0
0
0
0
0
0
0
0
0
0
0
0
0
0
0
0
0
0
0
0
0
0
0
0
0
0
0
0
0
0
0
0
0
0
0
0
0
0
0
0
0
0
0
0
0
0
0
0
0
0
0
0
0
0
0
0
0
0
0
0
0
0
0
0
0
0
0
0
0
0
0
0
0
0
0
0
0
0
0
0
0
0
0
0
0
0
0
0
0
0
0
0
0
0
0
0
0
0
0
0
0
0
0
0
0
0
0
0
0
0
0
0
0
0
0
0
0
0
0
0
0
0
0
0
0
0
0
0
0
0
0
0
0
0
0
0
0
0
0
0
0
0
0
0
0
0
0
0
0
0
0
0
0
0
0
0
0
0
0
0
0
0
0
0
0
0
0
0
0
0
0
0
0
0
0
0
0
0
0
0
0
0
0
0
0
0
0
0
0
0
0
0
0
0
0
0
0
0
0
0
0
0
0
0
0
0
0
0
0
0
0
0
0
0
0
0
0
0
0
0
0
0
0
0
0
0
0
0
0
0
0
0
0
0
0
0
0
0
0
0
0
0
0
0
0
0
0
0
0
0
0
0
0
0
0
0
0
0
0
0
0
0
0
0
0
0
0
0
0
0
0
0
0
0
0
0
0
0
0
0
0
0
0
0
0
0
0
0
0
0
0
0
0
0
0
0
0
0
0
0
0
0
0
0
0
0
0
0
0
0
0
0
0
0
0
0
0
0
0
0
0
0
0
0
0
0
0
0
0
0
0
0
0
0
0
0
0
0
0
0
0
0
0
0
0
0
0
0
0
0
0
0
0
0
0
0
0
0
0
0
0
0
0
0
0
0
0
0
0
0
0
0
0
0
0
0
0
0
0
0
0
0
0
0
0
0
0
0
0
0
0
0
0
0
0
0
0
0
0
0
0
0
0
0
0
0
0
0
0
0
0
0
0
0
0
0
0
0
0
0
0
0
0
0
0
0
0
0
0
0
0
0
0
0
0
0
0
0
0
0
0
0
0
0
0
0
0
0
0
0
0
0
0
0
0
0
0
0
0
0
0
0
0
0
0
0
0
0
0
0
0
0
0
0
0
0
0
0
0
0
0
0
0
0
0
0
0
0
0
0
0
0
0
0
0
0
0
0
0
0
0
0
0
0
0
0
0
0
0
0
0
0
0
0
0
0
0
0
0
0
0
0
0
0
0
0
0
0
0
0
0
0
0
0
0
0
0
0
0
0
0
0
0
0
0
0
0
0
0
0
0
0
0
0
0
0
0
0
0
0
0
0
0
0
0
0
0
0
0
0
0
0
0
0
0
0
0
0
0
0
0
0
0
0
0
0
0
0
0
0
0
0
0
0
0
0
0
0
0
0
0
0
0
0
0
0
0
0
0
0
0
0
0
0
0
0
0
0
0
0
0
0
0
0
0
0
0
0
0
0
0
0
0
0
0
0
0
0
0
0
0
0
0
0
0
0
0
0
0
0
0
0
0
0
0
0
0
0
0
0
0
0
0
0
0
0
0
0
0
0
0
0
0
0
0
0
0
0
0
0
0
0
0
0
0
0
0
0
0
0
0
0
0
0
0
0
0
0
0
0
0
0
0
0
0
0
0
0
0
0
0
0
0
0
0
0
0
0
0
0
0
0
0
0
0
0
0
0
0
0
0
0
0
0
0
0
0
0
0
0
0
0
0
0
0
0
0
0
0
0
0
0
0
0
0
0
0
0
0
0
0
0
0
0
0
0
0
0
0
0
0
0
0
0
0
0
0
0
0
0
0
0
0
0
0
0
0
0
0
0
0
0
0
0
0
0
0
0
0
0
0
0
0
0
0
0
0
0
0
0
0
0
0
0
0
0
0
0
0
0
0
0
0
0
0
0
0
0
0
0
0
0
0
0
0
0
0
0
0
0
0
0
0
0
0
0
0
0
0
0
0
0
0
0
0
0
0
0
0
0
0
0
0
0
0
0
0
0
0
0
0
0
0
0
0
0
0
0
0
0
0
0
0
0
0
0
0
0
0
0
0
0
0
0
0
0
0
0
0
0
0
0
0
0
0
0
0
0
0
0
0
0
0
0
0
0
0
0
0
0
0
0
0
0
0
0
0
0
0
0
0
0
0
0
0
0
0
0
0
0
0
0
0
0
0
0
0
0
0
0
0
0
0
0
0
0
0
0
0
0
0
0
0
0
0
0
0
0
0
0
0
0
0
0
0
0
0
0
0
0
0
0
0
0
0
0
0
0
0
0
0
0
0
0
0
0
0
0
0
0
0
0
0
0
0
0
0
0
0
0
0
0
0
0
0
0
0
0
0
0
0
0
0
0
0
0
0
0
0
0
0
0
0
0
0
0
0
0
0
0
0
0
0
0
0
0
0
0
0
0
0
0
0
0
0
0
0
0
0
0
0
0
0
0
0
0
0
0
0
0
0
0
0
0
0
0
0
0
0
0
0
0
0
0
0
0
0
0
0
0
0
0
0
0
0
0
0
0
0
0
0
0
0
0
0
0
0
0
0
0
0
0
0
0
0
0
0
0
0
0
0
0
0
0
0
0
0
0
0
0
0
0
0
0
0
0
0
0
0
0
0
0
0
0
0
0
0
0
0
0
0
0
0
0
0
0
0
0
0
0
0
0
0
0
0
0
0
0
0
0
0
0
0
0
0
0
0
0
0
0
0
0
0
0
0
0
0
0
0
0
0
0
0
0
SCALARS m float 1
LOOKUP_TABLE default
0.064001319322543077
0.064001319322543077
0.064001319322543077
0.064001319322543077
0.064001319322543077
0.064001319322543077
0.064001319322543077
0.064001319322543077
0.064001319322543077
0.064001319322543077
0.064001319322543077
0.064001319322543077
0.064001319322543077
0.064001319322543077
0.064001319322543077
0.064001319322543077
0.064001319322543077
0.064001319322543077
0.064001319322543077
0.064001319322543077
0.064001319322543077
0.064001319322543077
0.064001319322543077
0.064001319322543077
0.064001319322543077
0.064001319322543077
0.064001319322543077
0.064001319322543077
0.064001319322543077
0.064001319322543077
0.064001319322543077
0.064001319322543077
0.064001319322543077
0.064001319322543077
0.064001319322543077
0.064001319322543077
0.064001319322543077
0.064001319322543077
0.064001319322543077
0.064001319322543077
0.064001319322543077
0.064001319322543077
0.064001319322543077
0.064001319322543077
0.064001319322543077
0.064001319322543077
0.064001319322543077
0.064001319322543077
0.064001319322543077
0.064001319322543077
0.064001319322543077
0.064001319322543077
0.064001319322543077
0.064001319322543077
0.064001319322543077
0.064001319322543077
0.064001319322543077
0.064001319322543077
0.064001319322543077
0.064001319322543077
0.064001319322543077
0.064001319322543077
0.064001319322543077
0.064001319322543077
0.064001319322543077
0.064001319322543077
0.064001319322543077
0.064001319322543077
0.064001319322543077
0.064001319322543077
0.064001319322543077
0.064001319322543077
0.064001319322543077
0.064001319322543077
0.064001319322543077
0.064001319322543077
0.064001319322543077
0.064001319322543077
0.064001319322543077
0.064001319322543077
0.064001319322543077
0.064001319322543077
0.064001319322543077
0.064001319322543077
0.064001319322543077
0.064001319322543077
0.064001319322543077
0.064001319322543077
0.064001319322543077
0.064001319322543077
0.064001319322543077
0.064001319322543077
0.064001319322543077
0.064001319322543077
0.064001319322543077
0.064001319322543077
0.064001319322543077
0.064001319322543077
0.064001319322543077
0.064001319322543077
0.064001319322543077
0.064001319322543077
0.064001319322543077
0.064001319322543077
0.064001319322543077
0.064001319322543077
0.064001319322543077
0.064001319322543077
0.064001319322543077
0.064001319322543077
0.064001319322543077
0.064001319322543077
0.064001319322543077
0.064001319322543077
0.064001319322543077
0.064001319322543077
0.064001319322543077
0.064001319322543077
0.064001319322543077
0.064001319322543077
0.064001319322543077
0.064001319322543077
0.064001319322543077
0.064001319322543077
0.064001319322543077
0.064001319322543077
0.064001319322543077
0.064001319322543077
0.064001319322543077
0.064001319322543077
0.064001319322543077
0.064001319322543077
0.064001319322543077
0.064001319322543077
0.064001319322543077
0.064001319322543077
0.064001319322543077
0.064001319322543077
0.064001319322543077
0.064001319322543077
0.064001319322543077
0.064001319322543077
0.064001319322543077
0.064001319322543077
0.064001319322543077
0.064001319322543077
0.064001319322543077
0.064001319322543077
0.064001319322543077
0.064001319322543077
0.064001319322543077
0.064001319322543077
0.064001319322543077
0.064001319322543077
0.064001319322543077
0.064001319322543077
0.064001319322543077
0.064001319322543077
0.064001319322543077
0.064001319322543077
0.064001319322543077
0.064001319322543077
0.064001319322543077
0.064001319322543077
0.064001319322543077
0.064001319322543077
0.064001319322543077
0.064001319322543077
0.064001319322543077
0.064001319322543077
0.064001319322543077
0.064001319322543077
0.064001319322543077
0.064001319322543077
0.064001319322543077
0.064001319322543077
0.064001319322543077
0.064001319322543077
0.064001319322543077
0.064001319322543077
0.064001319322543077
0.064001319322543077
0.064001319322543077
0.064001319322543077
0.064001319322543077
0.064001319322543077
0.064001319322543077
0.064001319322543077
0.064001319322543077
0.064001319322543077
0.064001319322543077
0.064001319322543077
0.064001319322543077
0.064001319322543077
0.064001319322543077
0.064001319322543077
0.064001319322543077
0.064001319322543077
0.064001319322543077
0.064001319322543077
0.064001319322543077
0.064001319322543077
0.064001319322543077
0.064001319322543077
0.064001319322543077
0.064001319322543077
0.064001319322543077
0.064001319322543077
0.064001319322543077
0.064001319322543077
0.064001319322543077
0.064001319322543077
0.064001319322543077
0.064001319322543077
0.064001319322543077
0.064001319322543077
0.064001319322543077
0.064001319322543077
0.064001319322543077
0.064001319322543077
0.064001319322543077
0.064001319322543077
0.064001319322543077
0.064001319322543077
0.064001319322543077
0.064001319322543077
0.064001319322543077
0.064001319322543077
0.064001319322543077
0.064001319322543077
0.064001319322543077
0.064001319322543077
0.064001319322543077
0.064001319322543077
0.064001319322543077
0.064001319322543077
0.064001319322543077
0.064001319322543077
0.064001319322543077
0.064001319322543077
0.064001319322543077
0.064001319322543077
0.064001319322543077
0.064001319322543077
0.064001319322543077
0.064001319322543077
0.064001319322543077
0.064001319322543077
0.064001319322543077
0.064001319322543077
0.064001319322543077
0.064001319322543077
0.064001319322543077
0.064001319322543077
0.064001319322543077
0.064001319322543077
0.064001319322543077
0.064001319322543077
0.064001319322543077
0.064001319322543077
0.064001319322543077
0.064001319322543077
0.064001319322543077
0.064001319322543077
0.064001319322543077
0.064001319322543077
0.064001319322543077
0.064001319322543077
0.064001319322543077
0.064001319322543077
0.064001319322543077
0.064001319322543077
0.064001319322543077
0.064001319322543077
0.064001319322543077
0.064001319322543077
0.064001319322543077
0.064001319322543077
0.064001319322543077
0.064001319322543077
0.064001319322543077
0.064001319322543077
0.064001319322543077
0.064001319322543077
0.064001319322543077
0.064001319322543077
0.064001319322543077
0.064001319322543077
0.064001319322543077
0.064001319322543077
0.064001319322543077
0.064001319322543077
0.064001319322543077
0.064001319322543077
0.064001319322543077
0.064001319322543077
0.064001319322543077
0.064001319322543077
0.064001319322543077
0.064001319322543077
0.064001319322543077
0.064001319322543077
0.064001319322543077
0.064001319322543077
0.064001319322543077
0.064001319322543077
0.064001319322543077
0.064001319322543077
0.064001319322543077
0.064001319322543077
0.064001319322543077
0.064001319322543077
0.064001319322543077
0.064001319322543077
0.064001319322543077
0.064001319322543077
0.064001319322543077
0.064001319322543077
0.064001319322543077
0.064001319322543077
0.064001319322543077
0.064001319322543077
0.064001319322543077
0.064001319322543077
0.064001319322543077
0.064001319322543077
0.064001319322543077
0.064001319322543077
0.064001319322543077
0.064001319322543077
0.064001319322543077
0.064001319322543077
0.064001319322543077
0.064001319322543077
0.064001319322543077
0.064001319322543077
0.064001319322543077
0.064001319322543077
0.064001319322543077
0.064001319322543077
0.064001319322543077
0.064001319322543077
0.064001319322543077
0.064001319322543077
0.064001319322543077
0.064001319322543077
0.064001319322543077
0.064001319322543077
0.064001319322543077
0.064001319322543077
0.064001319322543077
0.064001319322543077
0.064001319322543077
0.064001319322543077
0.064001319322543077
0.064001319322543077
0.064001319322543077
0.064001319322543077
0.064001319322543077
0.064001319322543077
0.064001319322543077
0.064001319322543077
0.064001319322543077
0.064001319322543077
0.064001319322543077
0.064001319322543077
0.064001319322543077
0.064001319322543077
0.064001319322543077
0.064001319322543077
0.064001319322543077
0.064001319322543077
0.064001319322543077
0.064001319322543077
0.064001319322543077
0.064001319322543077
0.064001319322543077
0.064001319322543077
0.064001319322543077
0.064001319322543077
0.064001319322543077
0.064001319322543077
0.064001319322543077
0.064001319322543077
0.064001319322543077
0.064001319322543077
0.064001319322543077
0.064001319322543077
0.064001319322543077
0.064001319322543077
0.064001319322543077
0.064001319322543077
0.064001319322543077
0.064001319322543077
0.064001319322543077
0.064001319322543077
0.064001319322543077
0.064001319322543077
0.064001319322543077
0.064001319322543077
0.064001319322543077
0.064001319322543077
0.064001319322543077
0.064001319322543077
0.064001319322543077
0.064001319322543077
0.064001319322543077
0.064001319322543077
0.064001319322543077
0.064001319322543077
0.064001319322543077
0.064001319322543077
0.064001319322543077
0.064001319322543077
0.064001319322543077
0.064001319322543077
0.064001319322543077
0.064001319322543077
0.064001319322543077
0.064001319322543077
0.064001319322543077
0.064001319322543077
0.064001319322543077
0.064001319322543077
0.064001319322543077
0.064001319322543077
0.064001319322543077
0.064001319322543077
0.064001319322543077
0.064001319322543077
0.064001319322543077
0.064001319322543077
0.064001319322543077
0.064001319322543077
0.064001319322543077
0.064001319322543077
0.064001319322543077
0.064001319322543077
0.064001319322543077
0.064001319322543077
0.064001319322543077
0.064001319322543077
0.064001319322543077
0.064001319322543077
0.064001319322543077
0.064001319322543077
0.064001319322543077
0.064001319322543077
0.064001319322543077
0.064001319322543077
0.064001319322543077
0.064001319322543077
0.064001319322543077
0.064001319322543077
0.064001319322543077
0.064001319322543077
0.064001319322543077
0.064001319322543077
0.064001319322543077
0.064001319322543077
0.064001319322543077
0.064001319322543077
0.064001319322543077
0.064001319322543077
0.064001319322543077
0.064001319322543077
0.064001319322543077
0.064001319322543077
0.064001319322543077
0.064001319322543077
0.064001319322543077
0.064001319322543077
0.064001319322543077
0.064001319322543077
0.064001319322543077
0.064001319322543077
0.064001319322543077
0.064001319322543077
0.064001319322543077
0.064001319322543077
0.064001319322543077
0.064001319322543077
0.064001319322543077
0.064001319322543077
0.064001319322543077
0.064001319322543077
0.064001319322543077
0.064001319322543077
0.064001319322543077
0.064001319322543077
0.064001319322543077
0.064001319322543077
0.064001319322543077
0.064001319322543077
0.064001319322543077
0.064001319322543077
0.064001319322543077
0.064001319322543077
0.064001319322543077
0.064001319322543077
0.064001319322543077
0.064001319322543077
0.064001319322543077
0.064001319322543077
0.064001319322543077
0.064001319322543077
0.064001319322543077
0.064001319322543077
0.064001319322543077
0.064001319322543077
0.064001319322543077
0.064001319322543077
0.064001319322543077
0.064001319322543077
0.064001319322543077
0.064001319322543077
0.064001319322543077
0.064001319322543077
0.064001319322543077
0.064001319322543077
0.064001319322543077
0.064001319322543077
0.064001319322543077
0.064001319322543077
0.064001319322543077
0.064001319322543077
0.064001319322543077
0.064001319322543077
0.064001319322543077
0.064001319322543077
0.064001319322543077
0.064001319322543077
0.064001319322543077
0.064001319322543077
0.064001319322543077
0.064001319322543077
0.064001319322543077
0.064001319322543077
0.064001319322543077
0.064001319322543077
0.064001319322543077
0.064001319322543077
0.064001319322543077
0.064001319322543077
0.064001319322543077
0.064001319322543077
0.064001319322543077
0.064001319322543077
0.064001319322543077
0.064001319322543077
0.064001319322543077
0.064001319322543077
0.064001319322543077
0.064001319322543077
0.064001319322543077
0.064001319322543077
0.064001319322543077
0.064001319322543077
0.064001319322543077
0.064001319322543077
0.064001319322543077
0.064001319322543077
0.064001319322543077
0.064001319322543077
0.064001319322543077
0.064001319322543077
0.064001319322543077
0.064001319322543077
0.064001319322543077
0.064001319322543077
0.064001319322543077
0.064001319322543077
0.064001319322543077
0.064001319322543077
0.064001319322543077
0.064001319322543077
0.064001319322543077
0.064001319322543077
0.064001319322543077
0.064001319322543077
0.064001319322543077
0.064001319322543077
0.064001319322543077
0.064001319322543077
0.064001319322543077
0.064001319322543077
0.064001319322543077
0.064001319322543077
0.064001319322543077
0.064001319322543077
0.064001319322543077
0.064001319322543077
0.064001319322543077
0.064001319322543077
0.064001319322543077
0.064001319322543077
0.064001319322543077
0.064001319322543077
0.064001319322543077
0.064001319322543077
0.064001319322543077
0.064001319322543077
0.064001319322543077
0.064001319322543077
0.064001319322543077
0.064001319322543077
0.064001319322543077
0.064001319322543077
0.064001319322543077
0.064001319322543077
0.064001319322543077
0.064001319322543077
0.064001319322543077
0.064001319322543077
0.064001319322543077
0.064001319322543077
0.064001319322543077
0.064001319322543077
0.064001319322543077
0.064001319322543077
0.064001319322543077
0.064001319322543077
0.064001319322543077
0.064001319322543077
0.064001319322543077
0.064001319322543077
0.064001319322543077
0.064001319322543077
0.064001319322543077
0.064001319322543077
0.064001319322543077
0.064001319322543077
0.064001319322543077
0.064001319322543077
0.064001319322543077
0.064001319322543077
0.064001319322543077
0.064001319322543077
0.064001319322543077
0.064001319322543077
0.064001319322543077
0.064001319322543077
0.064001319322543077
0.064001319322543077
0.064001319322543077
0.064001319322543077
0.064001319322543077
0.064001319322543077
0.064001319322543077
0.064001319322543077
0.064001319322543077
0.064001319322543077
0.064001319322543077
0.064001319322543077
0.064001319322543077
0.064001319322543077
0.064001319322543077
0.064001319322543077
0.064001319322543077
0.064001319322543077
0.064001319322543077
0.064001319322543077
0.064001319322543077
0.064001319322543077
0.064001319322543077
0.064001319322543077
0.064001319322543077
0.064001319322543077
0.064001319322543077
0.064001319322543077
0.064001319322543077
0.064001319322543077
0.064001319322543077
0.064001319322543077
0.064001319322543077
0.064001319322543077
0.064001319322543077
0.064001319322543077
0.064001319322543077
0.064001319322543077
0.064001319322543077
0.064001319322543077
0.064001319322543077
0.064001319322543077
0.064001319322543077
0.064001319322543077
0.064001319322543077
0.064001319322543077
0.064001319322543077
0.064001319322543077
0.064001319322543077
0.064001319322543077
0.064001319322543077
0.064001319322543077
0.064001319322543077
0.064001319322543077
0.064001319322543077
0.064001319322543077
0.064001319322543077
0.064001319322543077
0.064001319322543077
0.064001319322543077
0.064001319322543077
0.064001319322543077
0.064001319322543077
0.064001319322543077
0.064001319322543077
0.064001319322543077
0.064001319322543077
0.064001319322543077
0.064001319322543077
0.064001319322543077
0.064001319322543077
0.064001319322543077
0.064001319322543077
0.064001319322543077
0.064001319322543077
0.064001319322543077
0.064001319322543077
0.064001319322543077
0.064001319322543077
0.064001319322543077
0.064001319322543077
0.064001319322543077
0.064001319322543077
0.064001319322543077
0.064001319322543077
0.064001319322543077
0.064001319322543077
0.064001319322543077
0.064001319322543077
0.064001319322543077
0.064001319322543077
0.064001319322543077
0.064001319322543077
0.064001319322543077
0.064001319322543077
0.064001319322543077
0.064001319322543077
0.064001319322543077
0.064001319322543077
0.064001319322543077
0.064001319322543077
0.064001319322543077
0.064001319322543077
0.064001319322543077
0.064001319322543077
0.064001319322543077
0.064001319322543077
0.064001319322543077
0.064001319322543077
0.064001319322543077
0.064001319322543077
0.064001319322543077
0.064001319322543077
0.064001319322543077
0.064001319322543077
0.064001319322543077
0.064001319322543077
0.064001319322543077
0.064001319322543077
0.064001319322543077
0.064001319322543077
0.064001319322543077
0.064001319322543077
0.064001319322543077
0.064001319322543077
0.064001319322543077
0.064001319322543077
0.064001319322543077
0.064001319322543077
0.064001319322543077
0.064001319322543077
0.064001319322543077
0.064001319322543077
0.064001319322543077
0.064001319322543077
0.064001319322543077
0.064001319322543077
0.064001319322543077
0.064001319322543077
0.064001319322543077
0.064001319322543077
0.064001319322543077
0.064001319322543077
0.064001319322543077
0.064001319322543077
0.064001319322543077
0.064001319322543077
0.064001319322543077
0.064001319322543077
0.064001319322543077
0.064001319322543077
0.064001319322543077
0.064001319322543077
0.064001319322543077
0.064001319322543077
0.064001319322543077
0.064001319322543077
0.064001319322543077
0.064001319322543077
0.064001319322543077
0.064001319322543077
0.064001319322543077
0.064001319322543077
0.064001319322543077
0.064001319322543077
0.064001319322543077
0.064001319322543077
0.064001319322543077
0.064001319322543077
0.064001319322543077
0.064001319322543077
0.064001319322543077
0.064001319322543077
0.064001319322543077
0.064001319322543077
0.064001319322543077
0.064001319322543077
0.064001319322543077
0.064001319322543077
0.064001319322543077
0.064001319322543077
0.064001319322543077
0.064001319322543077
0.064001319322543077
0.064001319322543077
0.064001319322543077
0.064001319322543077
0.064001319322543077
0.064001319322543077
0.064001319322543077
0.064001319322543077
0.064001319322543077
0.064001319322543077
0.064001319322543077
0.064001319322543077
0.064001319322543077
0.064001319322543077
0.064001319322543077
0.064001319322543077
0.064001319322543077
0.064001319322543077
0.064001319322543077
0.064001319322543077
0.064001319322543077
0.064001319322543077
0.064001319322543077
0.064001319322543077
0.064001319322543077
0.064001319322543077
0.064001319322543077
0.064001319322543077
0.064001319322543077
0.064001319322543077
0.064001319322543077
0.064001319322543077
0.064001319322543077
0.064001319322543077
0.064001319322543077
0.064001319322543077
0.064001319322543077
0.064001319322543077
0.064001319322543077
0.064001319322543077
0.064001319322543077
0.064001319322543077
0.064001319322543077
0.064001319322543077
0.064001319322543077
0.064001319322543077
0.064001319322543077
0.064001319322543077
0.064001319322543077
0.064001319322543077
0.064001319322543077
0.064001319322543077
0.064001319322543077
0.064001319322543077
0.064001319322543077
0.064001319322543077
0.064001319322543077
0.064001319322543077
0.064001319322543077
0.064001319322543077
0.064001319322543077
0.064001319322543077
0.064001319322543077
0.064001319322543077
0.064001319322543077
0.064001319322543077
0.064001319322543077
0.064001319322543077
0.064001319322543077
0.064001319322543077
0.064001319322543077
0.064001319322543077
0.064001319322543077
0.064001319322543077
0.064001319322543077
0.064001319322543077
0.064001319322543077
0.064001319322543077
0.064001319322543077
0.064001319322543077
0.064001319322543077
0.064001319322543077
0.064001319322543077
0.064001319322543077
0.064001319322543077
0.064001319322543077
0.064001319322543077
0.064001319322543077
0.064001319322543077
0.064001319322543077
0.064001319322543077
0.064001319322543077
0.064001319322543077
0.064001319322543077
0.064001319322543077
0.064001319322543077
0.064001319322543077
0.064001319322543077
0.064001319322543077
0.064001319322543077
0.064001319322543077
0.064001319322543077
0.064001319322543077
0.064001319322543077
0.064001319322543077
0.064001319322543077
0.064001319322543077
0.064001319322543077
0.064001319322543077
0.064001319322543077
0.064001319322543077
0.064001319322543077
0.064001319322543077
0.064001319322543077
0.064001319322543077
0.064001319322543077
0.064001319322543077
0.064001319322543077
0.064001319322543077
0.064001319322543077
0.064001319322543077
0.064001319322543077
0.064001319322543077
0.064001319322543077
0.064001319322543077
0.064001319322543077
0.064001319322543077
0.064001319322543077
0.064001319322543077
0.064001319322543077
0.064001319322543077
0.064001319322543077
0.064001319322543077
0.064001319322543077
0.064001319322543077
0.064001319322543077
0.064001319322543077
0.064001319322543077
0.064001319322543077
0.064001319322543077
0.064001319322543077
0.064001319322543077
0.064001319322543077
0.064001319322543077
0.064001319322543077
0.064001319322543077
0.064001319322543077
0.064001319322543077
0.064001319322543077
0.064001319322543077
0.064001319322543077
0.064001319322543077
0.064001319322543077
0.064001319322543077
0.064001319322543077
0.064001319322543077
0.064001319322543077
0.064001319322543077
0.064001319322543077
0.064001319322543077
0.064001319322543077
0.064001319322543077
0.064001319322543077
0.064001319322543077
0.064001319322543077
0.064001319322543077
0.064001319322543077
0.064001319322543077
0.064001319322543077
0.064001319322543077
0.064001319322543077
0.064001319322543077
0.064001319322543077
0.064001319322543077
0.064001319322543077
0.064001319322543077
0.064001319322543077
0.064001319322543077
0.064001319322543077
0.064001319322543077
0.064001319322543077
0.064001319322543077
0.064001319322543077
0.064001319322543077
0.064001319322543077
0.064001319322543077
0.064001319322543077
0.064001319322543077
0.064001319322543077
0.064001319322543077
0.064001319322543077
0.064001319322543077
0.064001319322543077
0.064001319322543077
0.064001319322543077
0.064001319322543077
0.064001319322543077
0.064001319322543077
0.064001319322543077
0.064001319322543077
0.064001319322543077
0.064001319322543077
0.064001319322543077
0.064001319322543077
0.064001319322543077
0.064001319322543077
0.064001319322543077
0.064001319322543077
0.064001319322543077
0.064001319322543077
0.064001319322543077
0.064001319322543077
0.064001319322543077
0.064001319322543077
0.064001319322543077
0.064001319322543077
0.064001319322543077
0.064001319322543077
0.064001319322543077
0.064001319322543077
0.064001319322543077
0.064001319322543077
0.064001319322543077
0.064001319322543077
0.064001319322543077
0.064001319322543077
0.064001319322543077
0.064001319322543077
0.064001319322543077
0.064001319322543077
0.064001319322543077
0.064001319322543077
0.064001319322543077
0.064001319322543077
0.064001319322543077
0.064001319322543077
0.064001319322543077
0.064001319322543077
0.064001319322543077
0.064001319322543077
0.064001319322543077
0.064001319322543077
0.064001319322543077
0.064001319322543077
0.064001319322543077
0.064001319322543077
0.064001319322543077
0.064001319322543077
0.064001319322543077
0.064001319322543077
0.064001319322543077
0.064001319322543077
0.064001319322543077
0.064001319322543077
0.064001319322543077
0.064001319322543077
0.064001319322543077
0.064001319322543077
0.064001319322543077
0.064001319322543077
0.064001319322543077
0.064001319322543077
0.064001319322543077
0.064001319322543077
0.064001319322543077
0.064001319322543077
0.064001319322543077
0.064001319322543077
0.064001319322543077
0.064001319322543077
0.064001319322543077
0.064001319322543077
0.064001319322543077
0.064001319322543077
0.064001319322543077
0.064001319322543077
0.064001319322543077
0.064001319322543077
0.064001319322543077
0.064001319322543077
0.064001319322543077
0.064001319322543077
0.064001319322543077
0.064001319322543077
0.064001319322543077
0.064001319322543077
0.064001319322543077
0.064001319322543077
0.064001319322543077
0.064001319322543077
0.064001319322543077
0.064001319322543077
0.064001319322543077
0.064001319322543077
0.064001319322543077
0.064001319322543077
0.064001319322543077
0.064001319322543077
0.064001319322543077
0.064001319322543077
0.064001319322543077
0.064001319322543077
0.064001319322543077
0.064001319322543077
0.064001319322543077
0.064001319322543077
0.064001319322543077
0.064001319322543077
0.064001319322543077
0.064001319322543077
0.064001319322543077
0.064001319322543077
0.064001319322543077
0.064001319322543077
0.064001319322543077
0.064001319322543077
0.064001319322543077
0.064001319322543077
0.064001319322543077
0.064001319322543077
0.064001319322543077
0.064001319322543077
0.064001319322543077
0.064001319322543077
0.064001319322543077
0.064001319322543077
0.064001319322543077
0.064001319322543077
0.064001319322543077
0.064001319322543077
0.064001319322543077
0.064001319322543077
0.064001319322543077
0.064001319322543077
0.064001319322543077
0.064001319322543077
0.064001319322543077
0.064001319322543077
0.064001319322543077
0.064001319322543077
0.064001319322543077
0.064001319322543077
0.064001319322543077
0.064001319322543077
0.064001319322543077
0.064001319322543077
0.064001319322543077
0.064001319322543077
0.064001319322543077
0.064001319322543077
0.064001319322543077
0.064001319322543077
0.064001319322543077
0.064001319322543077
0.064001319322543077
0.064001319322543077
0.064001319322543077
0.064001319322543077
0.064001319322543077
0.064001319322543077
0.064001319322543077
0.064001319322543077
0.064001319322543077
0.064001319322543077
0.064001319322543077
0.064001319322543077
0.064001319322543077
0.064001319322543077
0.064001319322543077
0.064001319322543077
0.064001319322543077
0.064001319322543077
0.064001319322543077
0.064001319322543077
0.064001319322543077
0.064001319322543077
0.064001319322543077
0.064001319322543077
0.064001319322543077
0.064001319322543077
0.064001319322543077
0.064001319322543077
0.064001319322543077
0.064001319322543077
0.064001319322543077
0.064001319322543077
0.064001319322543077
0.064001319322543077
0.064001319322543077
0.064001319322543077
0.064001319322543077
0.064001319322543077
0.064001319322543077
0.064001319322543077
0.064001319322543077
0.064001319322543077
0.064001319322543077
0.064001319322543077
0.064001319322543077
0.064001319322543077
0.064001319322543077
0.064001319322543077
0.064001319322543077
0.064001319322543077
0.064001319322543077
0.064001319322543077
0.064001319322543077
0.064001319322543077
0.064001319322543077
0.064001319322543077
0.064001319322543077
0.064001319322543077
0.064001319322543077
0.064001319322543077
0.064001319322543077
0.064001319322543077
0.064001319322543077
0.064001319322543077
0.064001319322543077
0.064001319322543077
0.064001319322543077
0.064001319322543077
0.064001319322543077
0.064001319322543077
0.064001319322543077
0.064001319322543077
0.064001319322543077
0.064001319322543077
0.064001319322543077
0.064001319322543077
0.064001319322543077
0.064001319322543077
0.064001319322543077
0.064001319322543077
0.064001319322543077
0.064001319322543077
0.064001319322543077
0.064001319322543077
0.064001319322543077
0.064001319322543077
0.064001319322543077
0.064001319322543077
0.064001319322543077
0.064001319322543077
0.064001319322543077
0.064001319322543077
0.064001319322543077
0.064001319322543077
0.064001319322543077
0.064001319322543077
0.064001319322543077
0.064001319322543077
0.064001319322543077
0.064001319322543077
0.064001319322543077
0.064001319322543077
0.064001319322543077
0.064001319322543077
0.064001319322543077
0.064001319322543077
0.064001319322543077
0.064001319322543077
0.064001319322543077
0.064001319322543077
0.064001319322543077
0.064001319322543077
0.064001319322543077
0.064001319322543077
0.064001319322543077
0.064001319322543077
0.064001319322543077
0.064001319322543077
0.064001319322543077
0.064001319322543077
0.064001319322543077
0.064001319322543077
0.064001319322543077
0.064001319322543077
0.064001319322543077
0.064001319322543077
0.064001319322543077
0.064001319322543077
0.064001319322543077
0.064001319322543077
0.064001319322543077
0.064001319322543077
0.064001319322543077
0.064001319322543077
0.064001319322543077
0.064001319322543077
0.064001319322543077
0.064001319322543077
0.064001319322543077
0.064001319322543077
0.064001319322543077
0.064001319322543077
0.064001319322543077
0.064001319322543077
0.064001319322543077
0.064001319322543077
0.064001319322543077
0.064001319322543077
0.064001319322543077
0.064001319322543077
0.064001319322543077
0.064001319322543077
0.064001319322543077
0.064001319322543077
0.064001319322543077
0.064001319322543077
0.064001319322543077
0.064001319322543077
0.064001319322543077
0.064001319322543077
0.064001319322543077
0.064001319322543077
0.064001319322543077
0.064001319322543077
0.064001319322543077
0.064001319322543077
0.064001319322543077
0.064001319322543077
0.064001319322543077
0.064001319322543077
0.064001319322543077
0.064001319322543077
0.064001319322543077
0.064001319322543077
0.064001319322543077
0.064001319322543077
0.064001319322543077
0.064001319322543077
0.064001319322543077
0.064001319322543077
0.064001319322543077
0.064001319322543077
0.064001319322543077
0.064001319322543077
0.064001319322543077
0.064001319322543077
0.064001319322543077
0.064001319322543077
0.064001319322543077
0.064001319322543077
0.064001319322543077
0.064001319322543077
0.064001319322543077
0.064001319322543077
0.064001319322543077
0.064001319322543077
0.064001319322543077
0.064001319322543077
0.064001319322543077
0.064001319322543077
0.064001319322543077
0.064001319322543077
0.064001319322543077
0.064001319322543077
0.064001319322543077
0.064001319322543077
0.064001319322543077
0.064001319322543077
0.064001319322543077
0.064001319322543077
0.064001319322543077
0.064001319322543077
0.064001319322543077
0.064001319322543077
0.064001319322543077
0.064001319322543077
0.064001319322543077
0.064001319322543077
0.064001319322543077
0.064001319322543077
0.064001319322543077
0.064001319322543077
0.064001319322543077
0.064001319322543077
0.064001319322543077
0.064001319322543077
0.064001319322543077
0.064001319322543077
0.064001319322543077
0.064001319322543077
0.064001319322543077
0.064001319322543077
0.064001319322543077
0.064001319322543077
0.064001319322543077
0.064001319322543077
0.064001319322543077
0.064001319322543077
0.064001319322543077
0.064001319322543077
0.064001319322543077
0.064001319322543077
0.064001319322543077
0.064001319322543077
0.064001319322543077
0.064001319322543077
0.064001319322543077
0.064001319322543077
0.064001319322543077
0.064001319322543077
0.064001319322543077
0.064001319322543077
0.064001319322543077
0.064001319322543077
0.064001319322543077
0.064001319322543077
0.064001319322543077
0.064001319322543077
0.064001319322543077
0.064001319322543077
0.064001319322543077
0.064001319322543077
0.064001319322543077
0.064001319322543077
0.064001319322543077
0.064001319322543077
0.064001319322543077
0.064001319322543077
0.064001319322543077
0.064001319322543077
0.064001319322543077
0.064001319322543077
0.064001319322543077
0.064001319322543077
0.064001319322543077
0.064001319322543077
0.064001319322543077
0.064001319322543077
0.064001319322543077
0.064001319322543077
0.064001319322543077
0.064001319322543077
0.064001319322543077
0.064001319322543077
0.064001319322543077
0.064001319322543077
0.064001319322543077
0.064001319322543077
0.064001319322543077
0.064001319322543077
0.064001319322543077
0.064001319322543077
0.064001319322543077
0.064001319322543077
0.064001319322543077
0.064001319322543077
0.064001319322543077
0.064001319322543077
0.064001319322543077
0.064001319322543077
0.064001319322543077
0.064001319322543077
0.064001319322543077
0.064001319322543077
0.064001319322543077
0.064001319322543077
0.064001319322543077
0.064001319322543077
0.064001319322543077
0.064001319322543077
0.064001319322543077
0.064001319322543077
0.064001319322543077
0.064001319322543077
0.064001319322543077
0.064001319322543077
0.064001319322543077
0.064001319322543077
0.064001319322543077
0.064001319322543077
0.064001319322543077
0.064001319322543077
0.064001319322543077
0.064001319322543077
0.064001319322543077
0.064001319322543077
0.064001319322543077
0.064001319322543077
0.064001319322543077
0.064001319322543077
0.064001319322543077
0.064001319322543077
0.064001319322543077
0.064001319322543077
0.064001319322543077
0.064001319322543077
0.064001319322543077
0.064001319322543077
0.064001319322543077
0.064001319322543077
0.064001319322543077
0.064001319322543077
0.064001319322543077
0.064001319322543077
0.064001319322543077
0.064001319322543077
0.064001319322543077
0.064001319322543077
0.064001319322543077
0.064001319322543077
0.064001319322543077
0.064001319322543077
0.064001319322543077
0.064001319322543077
0.064001319322543077
0.064001319322543077
0.064001319322543077
0.064001319322543077
0.064001319322543077
0.064001319322543077
0.064001319322543077
0.064001319322543077
0.064001319322543077
0.064001319322543077
0.064001319322543077
0.064001319322543077
0.064001319322543077
0.064001319322543077
0.064001319322543077
0.064001319322543077
0.064001319322543077
0.064001319322543077
0.064001319322543077
0.064001319322543077
0.064001319322543077
0.064001319322543077
0.064001319322543077
0.064001319322543077
0.064001319322543077
0.064001319322543077
0.064001319322543077
0.064001319322543077
0.064001319322543077
0.064001319322543077
0.064001319322543077
0.064001319322543077
0.064001319322543077
0.064001319322543077
0.064001319322543077
0.064001319322543077
0.064001319322543077
0.064001319322543077
0.064001319322543077
0.064001319322543077
0.064001319322543077
0.064001319322543077
0.064001319322543077
0.064001319322543077
0.064001319322543077
0.064001319322543077
0.064001319322543077
0.064001319322543077
0.064001319322543077
0.064001319322543077
0.064001319322543077
0.064001319322543077
0.064001319322543077
0.064001319322543077
0.064001319322543077
0.064001319322543077
0.064001319322543077
0.064001319322543077
0.064001319322543077
0.064001319322543077
0.064001319322543077
0.064001319322543077
0.064001319322543077
0.064001319322543077
0.064001319322543077
0.064001319322543077
0.064001319322543077
0.064001319322543077
0.064001319322543077
0.064001319322543077
0.064001319322543077
0.064001319322543077
0.064001319322543077
0.064001319322543077
0.064001319322543077
0.064001319322543077
0.064001319322543077
0.064001319322543077
0.064001319322543077
0.064001319322543077
0.064001319322543077
0.064001319322543077
0.064001319322543077
0.064001319322543077
0.064001319322543077
0.064001319322543077
0.064001319322543077
0.064001319322543077
0.064001319322543077
0.064001319322543077
0.064001319322543077
0.064001319322543077
0.064001319322543077
0.064001319322543077
0.064001319322543077
0.064001319322543077
0.064001319322543077
0.064001319322543077
0.064001319322543077
0.064001319322543077
0.064001319322543077
0.064001319322543077
0.064001319322543077
0.064001319322543077
0.064001319322543077
0.064001319322543077
0.064001319322543077
0.064001319322543077
0.064001319322543077
0.064001319322543077
0.064001319322543077
0.064001319322543077
0.064001319322543077
0.064001319322543077
0.064001319322543077
0.064001319322543077
0.064001319322543077
0.064001319322543077
0.064001319322543077
0.064001319322543077
0.064001319322543077
0.064001319322543077
0.064001319322543077
0.064001319322543077
0.064001319322543077
0.064001319322543077
0.064001319322543077
0.064001319322543077
0.064001319322543077
0.064001319322543077
0.064001319322543077
0.064001319322543077
0.064001319322543077
0.064001319322543077
0.064001319322543077
0.064001319322543077
0.064001319322543077
0.064001319322543077
0.064001319322543077
0.064001319322543077
0.064001319322543077
0.064001319322543077
0.064001319322543077
0.064001319322543077
0.064001319322543077
0.064001319322543077
0.064001319322543077
0.064001319322543077
0.064001319322543077
0.064001319322543077
0.064001319322543077
0.064001319322543077
0.064001319322543077
0.064001319322543077
0.064001319322543077
0.064001319322543077
0.064001319322543077
0.064001319322543077
0.064001319322543077
0.064001319322543077
0.064001319322543077
0.064001319322543077
0.064001319322543077
0.064001319322543077
0.064001319322543077
0.064001319322543077
0.064001319322543077
0.064001319322543077
0.064001319322543077
0.064001319322543077
0.064001319322543077
0.064001319322543077
0.064001319322543077
0.064001319322543077
0.064001319322543077
0.064001319322543077
0.064001319322543077
0.064001319322543077
0.064001319322543077
0.064001319322543077
0.064001319322543077
0.064001319322543077
0.064001319322543077
0.064001319322543077
0.064001319322543077
0.064001319322543077
0.064001319322543077
0.064001319322543077
0.064001319322543077
0.064001319322543077
0.064001319322543077
0.064001319322543077
0.064001319322543077
0.064001319322543077
0.064001319322543077
0.064001319322543077
0.064001319322543077
0.064001319322543077
0.064001319322543077
0.064001319322543077
0.064001319322543077
0.064001319322543077
0.064001319322543077
0.064001319322543077
0.064001319322543077
0.064001319322543077
0.064001319322543077
0.064001319322543077
0.064001319322543077
0.064001319322543077
0.064001319322543077
0.064001319322543077
0.064001319322543077
0.064001319322543077
0.064001319322543077
0.064001319322543077
0.064001319322543077
0.064001319322543077
0.064001319322543077
0.064001319322543077
0.064001319322543077
0.064001319322543077
0.064001319322543077
0.064001319322543077
0.064001319322543077
0.064001319322543077
0.064001319322543077
0.064001319322543077
0.064001319322543077
0.064001319322543077
0.064001319322543077
0.064001319322543077
0.064001319322543077
0.064001319322543077
0.064001319322543077
0.064001319322543077
0.064001319322543077
0.064001319322543077
0.064001319322543077
0.064001319322543077
0.064001319322543077
0.064001319322543077
0.064001319322543077
0.064001319322543077
0.064001319322543077
0.064001319322543077
0.064001319322543077
0.064001319322543077
0.064001319322543077
0.064001319322543077
0.064001319322543077
0.064001319322543077
0.064001319322543077
0.064001319322543077
0.064001319322543077
0.064001319322543077
0.064001319322543077
0.064001319322543077
0.064001319322543077
0.064001319322543077
0.064001319322543077
0.064001319322543077
0.064001319322543077
0.064001319322543077
0.064001319322543077
0.064001319322543077
0.064001319322543077
0.064001319322543077
0.064001319322543077
0.064001319322543077
0.064001319322543077
0.064001319322543077
0.064001319322543077
0.064001319322543077
0.064001319322543077
0.064001319322543077
0.064001319322543077
0.064001319322543077
0.064001319322543077
0.064001319322543077
0.064001319322543077
0.064001319322543077
0.064001319322543077
0.064001319322543077
0.064001319322543077
0.064001319322543077
0.064001319322543077
0.064001319322543077
0.064001319322543077
0.064001319322543077
0.064001319322543077
0.064001319322543077
0.064001319322543077
0.064001319322543077
0.064001319322543077
0.064001319322543077
0.064001319322543077
0.064001319322543077
0.064001319322543077
0.064001319322543077
0.064001319322543077
0.064001319322543077
0.064001319322543077
0.064001319322543077
0.064001319322543077
0.064001319322543077
0.064001319322543077
0.064001319322543077
0.064001319322543077
0.064001319322543077
0.064001319322543077
0.064001319322543077
0.064001319322543077
0.064001319322543077
0.064001319322543077
0.064001319322543077
0.064001319322543077
0.064001319322543077
0.064001319322543077
0.064001319322543077
0.064001319322543077
0.064001319322543077
0.064001319322543077
0.064001319322543077
0.064001319322543077
0.064001319322543077
0.064001319322543077
0.064001319322543077
0.064001319322543077
0.064001319322543077
0.064001319322543077
0.064001319322543077
0.064001319322543077
0.064001319322543077
0.064001319322543077
0.064001319322543077
0.064001319322543077
0.064001319322543077
0.064001319322543077
0.064001319322543077
0.064001319322543077
0.064001319322543077
0.064001319322543077
0.064001319322543077
0.064001319322543077
0.064001319322543077
0.064001319322543077
0.064001319322543077
0.064001319322543077
0.064001319322543077
0.064001319322543077
0.064001319322543077
0.064001319322543077
0.064001319322543077
0.064001319322543077
0.064001319322543077
0.064001319322543077
0.064001319322543077
0.064001319322543077
0.064001319322543077
0.064001319322543077
0.064001319322543077
0.064001319322543077
0.064001319322543077
0.064001319322543077
0.064001319322543077
0.064001319322543077
0.064001319322543077
0.064001319322543077
0.064001319322543077
0.064001319322543077
0.064001319322543077
0.064001319322543077
0.064001319322543077
0.064001319322543077
0.064001319322543077
0.064001319322543077
0.064001319322543077
0.064001319322543077
0.064001319322543077
0.064001319322543077
0.064001319322543077
0.064001319322543077
0.064001319322543077
0.064001319322543077
0.064001319322543077
0.064001319322543077
0.064001319322543077
0.064001319322543077
0.064001319322543077
0.064001319322543077
0.064001319322543077
0.064001319322543077
0.064001319322543077
0.064001319322543077
0.064001319322543077
0.064001319322543077
0.064001319322543077
0.064001319322543077
0.064001319322543077
0.064001319322543077
0.064001319322543077
0.064001319322543077
0.064001319322543077
0.064001319322543077
0.064001319322543077
0.064001319322543077
0.064001319322543077
0.064001319322543077
0.064001319322543077
0.064001319322543077
0.064001319322543077
0.064001319322543077
0.064001319322543077
0.064001319322543077
0.064001319322543077
0.064001319322543077
0.064001319322543077
0.064001319322543077
0.064001319322543077
0.064001319322543077
0.064001319322543077
0.064001319322543077
0.064001319322543077
0.064001319322543077
0.064001319322543077
0.064001319322543077
0.064001319322543077
0.064001319322543077
0.064001319322543077
0.064001319322543077
0.064001319322543077
0.064001319322543077
0.064001319322543077
0.064001319322543077
0.064001319322543077
0.064001319322543077
0.064001319322543077
0.064001319322543077
0.064001319322543077
0.064001319322543077
0.064001319322543077
0.064001319322543077
0.064001319322543077
0.064001319322543077
0.064001319322543077
0.064001319322543077
0.064001319322543077
0.064001319322543077
0.064001319322543077
0.064001319322543077
0.064001319322543077
0.064001319322543077
0.064001319322543077
0.064001319322543077
0.064001319322543077
0.064001319322543077
0.064001319322543077
0.064001319322543077
0.064001319322543077
0.064001319322543077
0.064001319322543077
0.064001319322543077
0.064001319322543077
0.064001319322543077
0.064001319322543077
0.064001319322543077
0.064001319322543077
0.064001319322543077
0.064001319322543077
0.064001319322543077
0.064001319322543077
0.064001319322543077
0.064001319322543077
0.064001319322543077
0.064001319322543077
0.064001319322543077
0.064001319322543077
0.064001319322543077
0.064001319322543077
0.064001319322543077
0.064001319322543077
0.064001319322543077
0.064001319322543077
0.064001319322543077
0.064001319322543077
0.064001319322543077
0.064001319322543077
0.064001319322543077
0.064001319322543077
0.064001319322543077
0.064001319322543077
0.064001319322543077
0.064001319322543077
0.064001319322543077
0.064001319322543077
0.064001319322543077
0.064001319322543077
0.064001319322543077
0.064001319322543077
0.064001319322543077
0.064001319322543077
0.064001319322543077
0.064001319322543077
0.064001319322543077
0.064001319322543077
0.064001319322543077
0.064001319322543077
0.064001319322543077
0.064001319322543077
0.064001319322543077
0.064001319322543077
0.064001319322543077
0.064001319322543077
0.064001319322543077
0.064001319322543077
0.064001319322543077
0.064001319322543077
0.064001319322543077
0.064001319322543077
0.064001319322543077
0.064001319322543077
0.064001319322543077
0.064001319322543077
0.064001319322543077
0.064001319322543077
0.064001319322543077
0.064001319322543077
0.064001319322543077
0.064001319322543077
0.064001319322543077
0.064001319322543077
0.064001319322543077
0.064001319322543077
0.064001319322543077
0.064001319322543077
0.064001319322543077
0.064001319322543077
0.064001319322543077
0.064001319322543077
0.064001319322543077
0.064001319322543077
0.064001319322543077
0.064001319322543077
0.064001319322543077
0.064001319322543077
0.064001319322543077
0.064001319322543077
0.064001319322543077
0.064001319322543077
0.064001319322543077
0.064001319322543077
0.064001319322543077
0.064001319322543077
0.064001319322543077
0.064001319322543077
0.064001319322543077
0.064001319322543077
0.064001319322543077
0.064001319322543077
0.064001319322543077
0.064001319322543077
0.064001319322543077
0.064001319322543077
0.064001319322543077
0.064001319322543077
0.064001319322543077
0.064001319322543077
0.064001319322543077
0.064001319322543077
0.064001319322543077
0.064001319322543077
0.064001319322543077
0.064001319322543077
0.064001319322543077
0.064001319322543077
0.064001319322543077
0.064001319322543077
0.064001319322543077
0.064001319322543077
0.064001319322543077
0.064001319322543077
0.064001319322543077
0.064001319322543077
0.064001319322543077
0.064001319322543077
0.064001319322543077
0.064001319322543077
0.064001319322543077
0.064001319322543077
0.064001319322543077
0.064001319322543077
0.064001319322543077
0.064001319322543077
0.064001319322543077
0.064001319322543077
0.064001319322543077
0.064001319322543077
0.064001319322543077
0.064001319322543077
0.064001319322543077
0.064001319322543077
0.064001319322543077
0.064001319322543077
0.064001319322543077
0.064001319322543077
0.064001319322543077
0.064001319322543077
0.064001319322543077
0.064001319322543077
0.064001319322543077
0.064001319322543077
0.064001319322543077
0.064001319322543077
0.064001319322543077
0.064001319322543077
0.064001319322543077
0.064001319322543077
0.064001319322543077
0.064001319322543077
0.064001319322543077
0.064001319322543077
0.064001319322543077
0.064001319322543077
0.064001319322543077
0.064001319322543077
0.064001319322543077
0.064001319322543077
0.064001319322543077
0.064001319322543077
0.064001319322543077
0.064001319322543077
0.064001319322543077
0.064001319322543077
0.064001319322543077
0.064001319322543077
0.064001319322543077
0.064001319322543077
0.064001319322543077
0.064001319322543077
0.064001319322543077
0.064001319322543077
0.064001319322543077
0.064001319322543077
0.064001319322543077
0.064001319322543077
0.064001319322543077
0.064001319322543077
0.064001319322543077
0.064001319322543077
0.064001319322543077
0.064001319322543077
0.064001319322543077
0.064001319322543077
0.064001319322543077
0.064001319322543077
0.064001319322543077
0.064001319322543077
0.064001319322543077
0.064001319322543077
0.064001319322543077
0.064001319322543077
0.064001319322543077
0.064001319322543077
0.064001319322543077
0.064001319322543077
0.064001319322543077
0.064001319322543077
0.064001319322543077
0.064001319322543077
0.064001319322543077
0.064001319322543077
0.064001319322543077
0.064001319322543077
0.064001319322543077
0.064001319322543077
0.064001319322543077
0.064001319322543077
0.064001319322543077
0.064001319322543077
0.064001319322543077
0.064001319322543077
0.064001319322543077
0.064001319322543077
0.064001319322543077
0.064001319322543077
0.064001319322543077
0.064001319322543077
0.064001319322543077
0.064001319322543077
0.064001319322543077
0.064001319322543077
0.064001319322543077
0.064001319322543077
0.064001319322543077
0.064001319322543077
0.064001319322543077
0.064001319322543077
0.064001319322543077
0.064001319322543077
0.064001319322543077
0.064001319322543077
0.064001319322543077
0.064001319322543077
0.064001319322543077
0.064001319322543077
0.064001319322543077
0.064001319322543077
0.064001319322543077
0.064001319322543077
0.064001319322543077
0.064001319322543077
0.064001319322543077
0.064001319322543077
0.064001319322543077
0.064001319322543077
0.064001319322543077
0.064001319322543077
0.064001319322543077
0.064001319322543077
0.064001319322543077
0.064001319322543077
0.064001319322543077
0.064001319322543077
0.064001319322543077
0.064001319322543077
0.064001319322543077
0.064001319322543077
0.064001319322543077
0.064001319322543077
0.064001319322543077
0.064001319322543077
0.064001319322543077
0.064001319322543077
0.064001319322543077
0.064001319322543077
0.064001319322543077
0.064001319322543077
0.064001319322543077
0.064001319322543077
0.064001319322543077
0.064001319322543077
0.064001319322543077
0.064001319322543077
0.064001319322543077
0.064001319322543077
0.064001319322543077
0.064001319322543077
0.064001319322543077
0.064001319322543077
0.064001319322543077
0.064001319322543077
0.064001319322543077
0.064001319322543077
0.064001319322543077
0.064001319322543077
0.064001319322543077
0.064001319322543077
0.064001319322543077
0.064001319322543077
0.064001319322543077
0.064001319322543077
0.064001319322543077
0.064001319322543077
0.064001319322543077
0.064001319322543077
0.064001319322543077
0.064001319322543077
0.064001319322543077
0.064001319322543077
0.064001319322543077
0.064001319322543077
0.064001319322543077
0.064001319322543077
0.064001319322543077
0.064001319322543077
0.064001319322543077
0.064001319322543077
0.064001319322543077
0.064001319322543077
0.064001319322543077
0.064001319322543077
0.064001319322543077
0.064001319322543077
0.064001319322543077
0.064001319322543077
0.064001319322543077
0.064001319322543077
0.064001319322543077
0.064001319322543077
0.064001319322543077
0.064001319322543077
0.064001319322543077
0.064001319322543077
0.064001319322543077
0.064001319322543077
0.064001319322543077
0.064001319322543077
0.064001319322543077
0.064001319322543077
0.064001319322543077
0.064001319322543077
0.064001319322543077
0.064001319322543077
0.064001319322543077
0.064001319322543077
0.064001319322543077
0.064001319322543077
0.064001319322543077
0.064001319322543077
0.064001319322543077
0.064001319322543077
0.064001319322543077
0.064001319322543077
0.064001319322543077
0.064001319322543077
0.064001319322543077
0.064001319322543077
0.064001319322543077
0.064001319322543077
0.064001319322543077
0.064001319322543077
0.064001319322543077
0.064001319322543077
0.064001319322543077
0.064001319322543077
0.064001319322543077
0.064001319322543077
0.064001319322543077
0.064001319322543077
0.064001319322543077
0.064001319322543077
0.064001319322543077
0.064001319322543077
0.064001319322543077
0.064001319322543077
0.064001319322543077
0.064001319322543077
0.064001319322543077
0.064001319322543077
0.064001319322543077
0.064001319322543077
0.064001319322543077
0.064001319322543077
0.064001319322543077
0.064001319322543077
0.064001319322543077
0.064001319322543077
0.064001319322543077
0.064001319322543077
0.064001319322543077
0.064001319322543077
0.064001319322543077
0.064001319322543077
0.064001319322543077
0.064001319322543077
0.064001319322543077
0.064001319322543077
0.064001319322543077
0.064001319322543077
0.064001319322543077
0.064001319322543077
0.064001319322543077
0.064001319322543077
0.064001319322543077
0.064001319322543077
0.064001319322543077
0.064001319322543077
0.064001319322543077
0.064001319322543077
0.064001319322543077
0.064001319322543077
0.064001319322543077
0.064001319322543077
0.064001319322543077
0.064001319322543077
0.064001319322543077
0.064001319322543077
0.064001319322543077
0.064001319322543077
0.064001319322543077
0.064001319322543077
0.064001319322543077
0.064001319322543077
0.064001319322543077
0.064001319322543077
0.064001319322543077
0.064001319322543077
0.064001319322543077
0.064001319322543077
0.064001319322543077
0.064001319322543077
0.064001319322543077
0.064001319322543077
0.064001319322543077
0.064001319322543077
0.064001319322543077
0.064001319322543077
0.064001319322543077
0.064001319322543077
0.064001319322543077
0.064001319322543077
0.064001319322543077
0.064001319322543077
0.064001319322543077
0.064001319322543077
0.064001319322543077
0.064001319322543077
0.064001319322543077
0.064001319322543077
0.064001319322543077
0.064001319322543077
0.064001319322543077
0.064001319322543077
0.064001319322543077
0.064001319322543077
0.064001319322543077
0.064001319322543077
0.064001319322543077
0.064001319322543077
0.064001319322543077
0.064001319322543077
0.064001319322543077
0.064001319322543077
0.064001319322543077
0.064001319322543077
0.064001319322543077
0.064001319322543077
0.064001319322543077
0.064001319322543077
0.064001319322543077
0.064001319322543077
0.064001319322543077
0.064001319322543077
0.064001319322543077
0.064001319322543077
0.064001319322543077
0.064001319322543077
0.064001319322543077
0.064001319322543077
0.064001319322543077
0.064001319322543077
0.064001319322543077
0.064001319322543077
0.064001319322543077
0.064001319322543077
0.064001319322543077
0.064001319322543077
0.064001319322543077
0.064001319322543077
0.064001319322543077
0.064001319322543077
0.064001319322543077
0.064001319322543077
0.064001319322543077
0.064001319322543077
0.064001319322543077
0.064001319322543077
0.064001319322543077
0.064001319322543077
0.064001319322543077
0.064001319322543077
0.064001319322543077
0.064001319322543077
0.064001319322543077
0.064001319322543077
0.064001319322543077
0.064001319322543077
0.064001319322543077
0.064001319322543077
0.064001319322543077
0.064001319322543077
0.064001319322543077
0.064001319322543077
0.064001319322543077
0.064001319322543077
0.064001319322543077
0.064001319322543077
0.064001319322543077
0.064001319322543077
0.064001319322543077
0.064001319322543077
0.064001319322543077
0.064001319322543077
0.064001319322543077
0.064001319322543077
0.064001319322543077
0.064001319322543077
0.064001319322543077
0.064001319322543077
0.064001319322543077
0.064001319322543077
0.064001319322543077
0.064001319322543077
0.064001319322543077
0.064001319322543077
0.064001319322543077
0.064001319322543077
0.064001319322543077
0.064001319322543077
0.064001319322543077
0.064001319322543077
0.064001319322543077
0.064001319322543077
0.064001319322543077
0.064001319322543077
0.064001319322543077
0.064001319322543077
0.064001319322543077
0.064001319322543077
0.064001319322543077
0.064001319322543077
0.064001319322543077
0.064001319322543077
0.064001319322543077
0.064001319322543077
0.064001319322543077
0.064001319322543077
0.064001319322543077
0.064001319322543077
0.064001319322543077
0.064001319322543077
0.064001319322543077
0.064001319322543077
0.064001319322543077
0.064001319322543077
0.064001319322543077
0.064001319322543077
0.064001319322543077
0.064001319322543077
0.064001319322543077
0.064001319322543077
0.064001319322543077
0.064001319322543077
0.064001319322543077
0.064001319322543077
0.064001319322543077
0.064001319322543077
0.064001319322543077
0.064001319322543077
0.064001319322543077
0.064001319322543077
0.064001319322543077
0.064001319322543077
0.064001319322543077
0.064001319322543077
0.064001319322543077
0.064001319322543077
0.064001319322543077
0.064001319322543077
0.064001319322543077
0.064001319322543077
0.064001319322543077
0.064001319322543077
0.064001319322543077
0.064001319322543077
0.064001319322543077
0.064001319322543077
0.064001319322543077
0.064001319322543077
0.064001319322543077
0.064001319322543077
0.064001319322543077
0.064001319322543077
0.064001319322543077
0.064001319322543077
0.064001319322543077
0.064001319322543077
0.064001319322543077
0.064001319322543077
0.064001319322543077
0.064001319322543077
0.064001319322543077
0.064001319322543077
0.064001319322543077
0.064001319322543077
0.064001319322543077
0.064001319322543077
0.064001319322543077
0.064001319322543077
0.064001319322543077
0.064001319322543077
0.064001319322543077
0.064001319322543077
0.064001319322543077
0.064001319322543077
0.064001319322543077
0.064001319322543077
0.064001319322543077
0.064001319322543077
0.064001319322543077
0.064001319322543077
0.064001319322543077
0.064001319322543077
0.064001319322543077
0.064001319322543077
0.064001319322543077
0.064001319322543077
0.064001319322543077
0.064001319322543077
0.064001319322543077
0.064001319322543077
0.064001319322543077
0.064001319322543077
0.064001319322543077
0.064001319322543077
0.064001319322543077
0.064001319322543077
0.064001319322543077
0.064001319322543077
0.064001319322543077
0.064001319322543077
0.064001319322543077
0.064001319322543077
0.064001319322543077
0.064001319322543077
0.064001319322543077
0.064001319322543077
0.064001319322543077
0.064001319322543077
0.064001319322543077
0.064001319322543077
0.064001319322543077
0.064001319322543077
0.064001319322543077
0.064001319322543077
0.064001319322543077
0.064001319322543077
0.064001319322543077
0.064001319322543077
0.064001319322543077
0.064001319322543077
0.064001319322543077
0.064001319322543077
0.064001319322543077
0.064001319322543077
0.064001319322543077
0.064001319322543077
0.064001319322543077
0.064001319322543077
0.064001319322543077
0.064001319322543077
0.064001319322543077
0.064001319322543077
0.064001319322543077
0.064001319322543077
0.064001319322543077
0.064001319322543077
0.064001319322543077
0.064001319322543077
0.064001319322543077
0.064001319322543077
0.064001319322543077
0.064001319322543077
0.064001319322543077
0.064001319322543077
0.064001319322543077
0.064001319322543077
0.064001319322543077
0.064001319322543077
0.064001319322543077
0.064001319322543077
0.064001319322543077
0.064001319322543077
0.064001319322543077
0.064001319322543077
0.064001319322543077
0.064001319322543077
0.064001319322543077
0.064001319322543077
0.064001319322543077
0.064001319322543077
0.064001319322543077
0.064001319322543077
0.064001319322543077
0.064001319322543077
0.064001319322543077
0.064001319322543077
0.064001319322543077
0.064001319322543077
0.064001319322543077
0.064001319322543077
0.064001319322543077
0.064001319322543077
0.064001319322543077
0.064001319322543077
0.064001319322543077
0.064001319322543077
0.064001319322543077
0.064001319322543077
0.064001319322543077
0.064001319322543077
0.064001319322543077
0.064001319322543077
0.064001319322543077
0.064001319322543077
0.064001319322543077
0.064001319322543077
0.064001319322543077
0.064001319322543077
0.064001319322543077
0.064001319322543077
0.064001319322543077
0.064001319322543077
0.064001319322543077
0.064001319322543077
0.064001319322543077
0.064001319322543077
0.064001319322543077
0.064001319322543077
0.064001319322543077
0.064001319322543077
0.064001319322543077
0.064001319322543077
0.064001319322543077
0.064001319322543077
0.064001319322543077
0.064001319322543077
0.064001319322543077
0.064001319322543077
0.064001319322543077
0.064001319322543077
0.064001319322543077
0.064001319322543077
0.064001319322543077
0.064001319322543077
0.064001319322543077
0.064001319322543077
0.064001319322543077
0.064001319322543077
0.064001319322543077
0.064001319322543077
0.064001319322543077
0.064001319322543077
0.064001319322543077
0.064001319322543077
0.064001319322543077
0.064001319322543077
0.064001319322543077
0.064001319322543077
0.064001319322543077
0.064001319322543077
0.064001319322543077
0.064001319322543077
0.064001319322543077
0.064001319322543077
0.064001319322543077
0.064001319322543077
0.064001319322543077
0.064001319322543077
0.064001319322543077
0.064001319322543077
0.064001319322543077
0.064001319322543077
0.064001319322543077
0.064001319322543077
0.064001319322543077
0.064001319322543077
0.064001319322543077
0.064001319322543077
0.064001319322543077
0.064001319322543077
0.064001319322543077
0.064001319322543077
0.064001319322543077
0.064001319322543077
0.064001319322543077
0.064001319322543077
0.064001319322543077
0.064001319322543077
0.064001319322543077
0.064001319322543077
0.064001319322543077
0.064001319322543077
0.064001319322543077
0.064001319322543077
0.064001319322543077
0.064001319322543077
0.064001319322543077
0.064001319322543077
0.064001319322543077
0.064001319322543077
0.064001319322543077
0.064001319322543077
0.064001319322543077
0.064001319322543077
0.064001319322543077
0.064001319322543077
0.064001319322543077
0.064001319322543077
0.064001319322543077
0.064001319322543077
0.064001319322543077
0.064001319322543077
0.064001319322543077
0.064001319322543077
0.064001319322543077
0.064001319322543077
0.064001319322543077
0.064001319322543077
0.064001319322543077
0.064001319322543077
0.064001319322543077
0.064001319322543077
0.064001319322543077
0.064001319322543077
0.064001319322543077
0.064001319322543077
0.064001319322543077
0.064001319322543077
0.064001319322543077
0.064001319322543077
0.064001319322543077
0.064001319322543077
0.064001319322543077
0.064001319322543077
0.064001319322543077
0.064001319322543077
0.064001319322543077
0.064001319322543077
0.064001319322543077
0.064001319322543077
0.064001319322543077
0.064001319322543077
0.064001319322543077
0.064001319322543077
0.064001319322543077
0.064001319322543077
0.064001319322543077
0.064001319322543077
0.064001319322543077
0.064001319322543077
0.064001319322543077
0.064001319322543077
0.064001319322543077
0.064001319322543077
0.064001319322543077
0.064001319322543077
0.064001319322543077
0.064001319322543077
0.064001319322543077
0.064001319322543077
0.064001319322543077
0.064001319322543077
0.064001319322543077
0.064001319322543077
0.064001319322543077
0.064001319322543077
0.064001319322543077
0.064001319322543077
0.064001319322543077
0.064001319322543077
0.064001319322543077
0.064001319322543077
0.064001319322543077
0.064001319322543077
0.064001319322543077
0.064001319322543077
0.064001319322543077
0.064001319322543077
0.064001319322543077
0.064001319322543077
0.064001319322543077
0.064001319322543077
0.064001319322543077
0.064001319322543077
0.064001319322543077
0.064001319322543077
0.064001319322543077
0.064001319322543077
0.064001319322543077
0.064001319322543077
0.064001319322543077
0.064001319322543077
0.064001319322543077
0.064001319322543077
0.064001319322543077
0.064001319322543077
0.064001319322543077
0.064001319322543077
0.064001319322543077
0.064001319322543077
0.064001319322543077
0.064001319322543077
0.064001319322543077
0.064001319322543077
0.064001319322543077
0.064001319322543077
0.064001319322543077
0.064001319322543077
0.064001319322543077
0.064001319322543077
0.064001319322543077
0.064001319322543077
0.064001319322543077
0.064001319322543077
0.064001319322543077
0.064001319322543077
0.064001319322543077
0.064001319322543077
0.064001319322543077
0.064001319322543077
0.064001319322543077
0.064001319322543077
0.064001319322543077
0.064001319322543077
0.064001319322543077
0.064001319322543077
0.064001319322543077
0.064001319322543077
0.064001319322543077
0.064001319322543077
0.064001319322543077
0.064001319322543077
0.064001319322543077
0.064001319322543077
0.064001319322543077
0.064001319322543077
0.064001319322543077
0.064001319322543077
0.064001319322543077
0.064001319322543077
0.064001319322543077
0.064001319322543077
0.064001319322543077
0.064001319322543077
0.064001319322543077
0.064001319322543077
0.064001319322543077
0.064001319322543077
0.064001319322543077
0.064001319322543077
0.064001319322543077
0.064001319322543077
0.064001319322543077
0.064001319322543077
0.064001319322543077
0.064001319322543077
0.064001319322543077
0.064001319322543077
0.064001319322543077
0.064001319322543077
0.064001319322543077
0.064001319322543077
0.064001319322543077
0.064001319322543077
0.064001319322543077
0.064001319322543077
0.064001319322543077
0.064001319322543077
0.064001319322543077
0.064001319322543077
0.064001319322543077
0.064001319322543077
0.064001319322543077
0.064001319322543077
0.064001319322543077
0.064001319322543077
0.064001319322543077
0.064001319322543077
0.064001319322543077
0.064001319322543077
0.064001319322543077
0.064001319322543077
0.064001319322543077
0.064001319322543077
0.064001319322543077
0.064001319322543077
0.064001319322543077
0.064001319322543077
0.064001319322543077
0.064001319322543077
0.064001319322543077
0.064001319322543077
0.064001319322543077
0.064001319322543077
0.064001319322543077
0.064001319322543077
0.064001319322543077
0.064001319322543077
0.064001319322543077
0.064001319322543077
0.064001319322543077
0.064001319322543077
0.064001319322543077
0.064001319322543077
0.064001319322543077
0.064001319322543077
0.064001319322543077
0.064001319322543077
0.064001319322543077
0.064001319322543077
0.064001319322543077
0.064001319322543077
0.064001319322543077
0.064001319322543077
0.064001319322543077
0.064001319322543077
0.064001319322543077
0.064001319322543077
0.064001319322543077
0.064001319322543077
0.064001319322543077
0.064001319322543077
0.064001319322543077
0.064001319322543077
0.064001319322543077
0.064001319322543077
0.064001319322543077
0.064001319322543077
0.064001319322543077
0.064001319322543077
0.064001319322543077
0.064001319322543077
0.064001319322543077
0.064001319322543077
0.064001319322543077
0.064001319322543077
0.064001319322543077
0.064001319322543077
0.064001319322543077
0.064001319322543077
0.064001319322543077
0.064001319322543077
0.064001319322543077
0.064001319322543077
0.064001319322543077
0.064001319322543077
0.064001319322543077
0.064001319322543077
0.064001319322543077
0.064001319322543077
0.064001319322543077
0.064001319322543077
0.064001319322543077
0.064001319322543077
0.064001319322543077
0.064001319322543077
0.064001319322543077
0.064001319322543077
0.064001319322543077
0.064001319322543077
0.064001319322543077
0.064001319322543077
0.064001319322543077
0.064001319322543077
0.064001319322543077
0.064001319322543077
0.064001319322543077
0.064001319322543077
0.064001319322543077
0.064001319322543077
0.064001319322543077
0.064001319322543077
0.064001319322543077
0.064001319322543077
0.064001319322543077
0.064001319322543077
0.064001319322543077
0.064001319322543077
0.064001319322543077
0.064001319322543077
0.064001319322543077
0.064001319322543077
0.064001319322543077
0.064001319322543077
0.064001319322543077
0.064001319322543077
0.064001319322543077
0.064001319322543077
0.064001319322543077
0.064001319322543077
0.064001319322543077
0.064001319322543077
0.064001319322543077
0.064001319322543077
0.064001319322543077
0.064001319322543077
0.064001319322543077
0.064001319322543077
0.064001319322543077
0.064001319322543077
0.064001319322543077
0.064001319322543077
0.064001319322543077
0.064001319322543077
0.064001319322543077
0.064001319322543077
0.064001319322543077
0.064001319322543077
0.064001319322543077
0.064001319322543077
0.064001319322543077
0.064001319322543077
0.064001319322543077
0.064001319322543077
0.064001319322543077
0.064001319322543077
0.064001319322543077
0.064001319322543077
0.064001319322543077
0.064001319322543077
0.064001319322543077
0.064001319322543077
0.064001319322543077
0.064001319322543077
0.064001319322543077
0.064001319322543077
0.064001319322543077
0.064001319322543077
0.064001319322543077
0.064001319322543077
0.064001319322543077
0.064001319322543077
0.064001319322543077
0.064001319322543077
0.064001319322543077
0.064001319322543077
0.064001319322543077
0.064001319322543077
0.064001319322543077
0.064001319322543077
0.064001319322543077
0.064001319322543077
0.064001319322543077
0.064001319322543077
0.064001319322543077
0.064001319322543077
0.064001319322543077
0.064001319322543077
0.064001319322543077
0.064001319322543077
0.064001319322543077
0.064001319322543077
0.064001319322543077
0.064001319322543077
0.064001319322543077
0.064001319322543077
0.064001319322543077
0.064001319322543077
0.064001319322543077
0.064001319322543077
0.064001319322543077
0.064001319322543077
0.064001319322543077
0.064001319322543077
0.064001319322543077
0.064001319322543077
0.064001319322543077
0.064001319322543077
0.064001319322543077
0.064001319322543077
0.064001319322543077
0.064001319322543077
0.064001319322543077
0.064001319322543077
0.064001319322543077
0.064001319322543077
0.064001319322543077
0.064001319322543077
0.064001319322543077
0.064001319322543077
0.064001319322543077
0.064001319322543077
0.064001319322543077
0.064001319322543077
0.064001319322543077
0.064001319322543077
0.064001319322543077
0.064001319322543077
0.064001319322543077
0.064001319322543077
0.064001319322543077
0.064001319322543077
0.064001319322543077
0.064001319322543077
0.064001319322543077
0.064001319322543077
0.064001319322543077
0.064001319322543077
0.064001319322543077
0.064001319322543077
0.064001319322543077
0.064001319322543077
0.064001319322543077
0.064001319322543077
0.064001319322543077
0.064001319322543077
0.064001319322543077
0.064001319322543077
0.064001319322543077
0.064001319322543077
0.064001319322543077
0.064001319322543077
0.064001319322543077
0.064001319322543077
0.064001319322543077
0.064001319322543077
0.064001319322543077
0.064001319322543077
0.064001319322543077
0.064001319322543077
0.064001319322543077
0.064001319322543077
0.064001319322543077
0.064001319322543077
0.064001319322543077
0.064001319322543077
0.064001319322543077
0.064001319322543077
0.064001319322543077
0.064001319322543077
0.064001319322543077
0.064001319322543077
0.064001319322543077
0.064001319322543077
0.064001319322543077
0.064001319322543077
0.064001319322543077
0.064001319322543077
0.064001319322543077
0.064001319322543077
0.064001319322543077
0.064001319322543077
0.064001319322543077
0.064001319322543077
0.064001319322543077
0.064001319322543077
0.064001319322543077
0.064001319322543077
0.064001319322543077
0.064001319322543077
0.064001319322543077
0.064001319322543077
0.064001319322543077
0.064001319322543077
0.064001319322543077
0.064001319322543077
0.064001319322543077
0.064001319322543077
0.064001319322543077
0.064001319322543077
0.064001319322543077
0.064001319322543077
0.064001319322543077
0.064001319322543077
0.064001319322543077
0.064001319322543077
0.064001319322543077
0.064001319322543077
0.064001319322543077
0.064001319322543077
0.064001319322543077
0.064001319322543077
0.064001319322543077
0.064001319322543077
0.064001319322543077
0.064001319322543077
0.064001319322543077
0.064001319322543077
0.064001319322543077
0.064001319322543077
0.064001319322543077
0.064001319322543077
0.064001319322543077
0.064001319322543077
0.064001319322543077
0.064001319322543077
0.064001319322543077
0.064001319322543077
0.064001319322543077
0.064001319322543077
0.064001319322543077
0.064001319322543077
0.064001319322543077
0.064001319322543077
0.064001319322543077
0.064001319322543077
0.064001319322543077
0.064001319322543077
0.064001319322543077
0.064001319322543077
0.064001319322543077
0.064001319322543077
0.064001319322543077
0.064001319322543077
0.064001319322543077
0.064001319322543077
0.064001319322543077
0.064001319322543077
0.064001319322543077
0.064001319322543077
0.064001319322543077
0.064001319322543077
0.064001319322543077
0.064001319322543077
0.064001319322543077
0.064001319322543077
0.064001319322543077
0.064001319322543077
0.064001319322543077
0.064001319322543077
0.064001319322543077
0.064001319322543077
0.064001319322543077
0.064001319322543077
0.064001319322543077
0.064001319322543077
0.064001319322543077
0.064001319322543077
0.064001319322543077
0.064001319322543077
0.064001319322543077
0.064001319322543077
0.064001319322543077
0.064001319322543077
0.064001319322543077
0.064001319322543077
0.064001319322543077
0.064001319322543077
0.064001319322543077
0.064001319322543077
0.064001319322543077
0.064001319322543077
0.064001319322543077
0.064001319322543077
0.064001319322543077
0.064001319322543077
0.064001319322543077
0.064001319322543077
0.064001319322543077
0.064001319322543077
0.064001319322543077
0.064001319322543077
0.064001319322543077
0.064001319322543077
0.064001319322543077
0.064001319322543077
0.064001319322543077
0.064001319322543077
0.064001319322543077
0.064001319322543077
0.064001319322543077
0.064001319322543077
0.064001319322543077
0.064001319322543077
0.064001319322543077
0.064001319322543077
0.064001319322543077
0.064001319322543077
0.064001319322543077
0.064001319322543077
0.064001319322543077
0.064001319322543077
0.064001319322543077
0.064001319322543077
0.064001319322543077
0.064001319322543077
0.064001319322543077
0.064001319322543077
0.064001319322543077
0.064001319322543077
0.064001319322543077
0.064001319322543077
0.064001319322543077
0.064001319322543077
0.064001319322543077
0.064001319322543077
0.064001319322543077
0.064001319322543077
0.064001319322543077
0.064001319322543077
0.064001319322543077
0.064001319322543077
0.064001319322543077
0.064001319322543077
0.064001319322543077
0.064001319322543077
0.064001319322543077
0.064001319322543077
0.064001319322543077
0.064001319322543077
0.064001319322543077
0.064001319322543077
0.064001319322543077
0.064001319322543077
0.064001319322543077
0.064001319322543077
0.064001319322543077
0.064001319322543077
0.064001319322543077
0.064001319322543077
0.064001319322543077
0.064001319322543077
0.064001319322543077
0.064001319322543077
0.064001319322543077
0.064001319322543077
0.064001319322543077
0.064001319322543077
0.064001319322543077
0.064001319322543077
0.064001319322543077
0.064001319322543077
0.064001319322543077
0.064001319322543077
0.064001319322543077
0.064001319322543077
0.064001319322543077
0.064001319322543077
0.064001319322543077
0.064001319322543077
0.064001319322543077
0.064001319322543077
0.064001319322543077
0.064001319322543077
0.064001319322543077
0.064001319322543077
0.064001319322543077
0.064001319322543077
0.064001319322543077
0.064001319322543077
0.064001319322543077
0.064001319322543077
0.064001319322543077
0.064001319322543077
0.064001319322543077
0.064001319322543077
0.064001319322543077
0.064001319322543077
0.064001319322543077
0.064001319322543077
0.064001319322543077
0.064001319322543077
0.064001319322543077
0.064001319322543077
0.064001319322543077
0.064001319322543077
0.064001319322543077
0.064001319322543077
0.064001319322543077
0.064001319322543077
0.064001319322543077
0.064001319322543077
0.064001319322543077
0.064001319322543077
0.064001319322543077
0.064001319322543077
0.064001319322543077
0.064001319322543077
0.064001319322543077
0.064001319322543077
0.064001319322543077
0.064001319322543077
0.064001319322543077
0.064001319322543077
0.064001319322543077
0.064001319322543077
0.064001319322543077
0.064001319322543077
0.064001319322543077
0.064001319322543077
0.064001319322543077
0.064001319322543077
0.064001319322543077
0.064001319322543077
0.064001319322543077
0.064001319322543077
0.064001319322543077
0.064001319322543077
0.064001319322543077
0.064001319322543077
0.064001319322543077
0.064001319322543077
0.064001319322543077
0.064001319322543077
0.064001319322543077
0.064001319322543077
0.064001319322543077
0.064001319322543077
0.064001319322543077
0.064001319322543077
0.064001319322543077
0.064001319322543077
0.064001319322543077
0.064001319322543077
0.064001319322543077
0.064001319322543077
0.064001319322543077
0.064001319322543077
0.064001319322543077
0.064001319322543077
0.064001319322543077
0.064001319322543077
0.064001319322543077
0.064001319322543077
0.064001319322543077
0.064001319322543077
0.064001319322543077
0.064001319322543077
0.064001319322543077
0.064001319322543077
0.064001319322543077
0.064001319322543077
0.064001319322543077
0.064001319322543077
0.064001319322543077
0.064001319322543077
0.064001319322543077
0.064001319322543077
0.064001319322543077
0.064001319322543077
0.064001319322543077
0.064001319322543077
0.064001319322543077
0.064001319322543077
0.064001319322543077
0.064001319322543077
0.064001319322543077
0.064001319322543077
0.064001319322543077
0.064001319322543077
0.064001319322543077
0.064001319322543077
0.064001319322543077
0.064001319322543077
0.064001319322543077
0.064001319322543077
0.064001319322543077
0.064001319322543077
0.064001319322543077
0.064001319322543077
0.064001319322543077
0.064001319322543077
0.064001319322543077
0.064001319322543077
0.064001319322543077
0.064001319322543077
0.064001319322543077
0.064001319322543077
0.064001319322543077
0.064001319322543077
0.064001319322543077
0.064001319322543077
0.064001319322543077
0.064001319322543077
0.064001319322543077
0.064001319322543077
0.064001319322543077
0.064001319322543077
0.064001319322543077
0.064001319322543077
0.064001319322543077
0.064001319322543077
0.064001319322543077
0.064001319322543077
0.064001319322543077
0.064001319322543077
0.064001319322543077
0.064001319322543077
0.064001319322543077
0.064001319322543077
0.064001319322543077
0.064001319322543077
0.064001319322543077
0.064001319322543077
0.064001319322543077
0.064001319322543077
0.064001319322543077
0.064001319322543077
0.064001319322543077
0.064001319322543077
0.064001319322543077
0.064001319322543077
0.064001319322543077
0.064001319322543077
0.064001319322543077
0.064001319322543077
0.064001319322543077
0.064001319322543077
0.064001319322543077
0.064001319322543077
0.064001319322543077
0.064001319322543077
0.064001319322543077
0.064001319322543077
0.064001319322543077
0.064001319322543077
0.064001319322543077
0.064001319322543077
0.064001319322543077
0.064001319322543077
0.064001319322543077
0.064001319322543077
0.064001319322543077
0.064001319322543077
0.064001319322543077
0.064001319322543077
0.064001319322543077
0.064001319322543077
0.064001319322543077
0.064001319322543077
0.064001319322543077
0.064001319322543077
0.064001319322543077
0.064001319322543077
0.064001319322543077
0.064001319322543077
0.064001319322543077
0.064001319322543077
0.064001319322543077
0.064001319322543077
0.064001319322543077
0.064001319322543077
0.064001319322543077
0.064001319322543077
0.064001319322543077
0.064001319322543077
0.064001319322543077
0.064001319322543077
0.064001319322543077
0.064001319322543077
0.064001319322543077
0.064001319322543077
0.064001319322543077
0.064001319322543077
0.064001319322543077
0.064001319322543077
0.064001319322543077
0.064001319322543077
0.064001319322543077
0.064001319322543077
0.064001319322543077
0.064001319322543077
0.064001319322543077
0.064001319322543077
0.064001319322543077
0.064001319322543077
0.064001319322543077
0.064001319322543077
0.064001319322543077
0.064001319322543077
0.064001319322543077
0.064001319322543077
0.064001319322543077
0.064001319322543077
0.064001319322543077
0.064001319322543077
0.064001319322543077
0.064001319322543077
0.064001319322543077
0.064001319322543077
0.064001319322543077
0.064001319322543077
0.064001319322543077
0.064001319322543077
0.064001319322543077
0.064001319322543077
0.064001319322543077
0.064001319322543077
0.064001319322543077
0.064001319322543077
0.064001319322543077
0.064001319322543077
0.064001319322543077
0.064001319322543077
0.064001319322543077
0.064001319322543077
0.064001319322543077
0.064001319322543077
0.064001319322543077
0.064001319322543077
0.064001319322543077
0.064001319322543077
0.064001319322543077
0.064001319322543077
0.064001319322543077
0.064001319322543077
0.064001319322543077
0.064001319322543077
0.064001319322543077
0.064001319322543077
0.064001319322543077
0.064001319322543077
0.064001319322543077
0.064001319322543077
0.064001319322543077
0.064001319322543077
0.064001319322543077
0.064001319322543077
0.064001319322543077
0.064001319322543077
0.064001319322543077
0.064001319322543077
0.064001319322543077
0.064001319322543077
0.064001319322543077
0.064001319322543077
0.064001319322543077
0.064001319322543077
0.064001319322543077
0.064001319322543077
0.064001319322543077
0.064001319322543077
0.064001319322543077
0.064001319322543077
0.064001319322543077
0.064001319322543077
0.064001319322543077
0.064001319322543077
0.064001319322543077
0.064001319322543077
0.064001319322543077
0.064001319322543077
0.064001319322543077
0.064001319322543077
0.064001319322543077
0.064001319322543077
0.064001319322543077
0.064001319322543077
0.064001319322543077
0.064001319322543077
0.064001319322543077
0.064001319322543077
0.064001319322543077
0.064001319322543077
0.064001319322543077
0.064001319322543077
0.064001319322543077
0.064001319322543077
0.064001319322543077
0.064001319322543077
0.064001319322543077
0.064001319322543077
0.064001319322543077
0.064001319322543077
0.064001319322543077
0.064001319322543077
0.064001319322543077
0.064001319322543077
0.064001319322543077
0.064001319322543077
0.064001319322543077
0.064001319322543077
0.064001319322543077
0.064001319322543077
0.064001319322543077
0.064001319322543077
0.064001319322543077
0.064001319322543077
0.064001319322543077
0.064001319322543077
0.064001319322543077
0.064001319322543077
0.064001319322543077
0.064001319322543077
0.064001319322543077
0.064001319322543077
0.064001319322543077
0.064001319322543077
0.064001319322543077
0.064001319322543077
0.064001319322543077
0.064001319322543077
0.064001319322543077
0.064001319322543077
0.064001319322543077
0.064001319322543077
0.064001319322543077
0.064001319322543077
0.064001319322543077
0.064001319322543077
0.064001319322543077
0.064001319322543077
0.064001319322543077
0.064001319322543077
0.064001319322543077
0.064001319322543077
0.064001319322543077
0.064001319322543077
0.064001319322543077
0.064001319322543077
0.064001319322543077
0.064001319322543077
0.064001319322543077
0.064001319322543077
0.064001319322543077
0.064001319322543077
0.064001319322543077
0.064001319322543077
0.064001319322543077
0.064001319322543077
0.064001319322543077
0.064001319322543077
0.064001319322543077
0.064001319322543077
0.064001319322543077
0.064001319322543077
0.064001319322543077
0.064001319322543077
0.064001319322543077
0.064001319322543077
0.064001319322543077
0.064001319322543077
0.064001319322543077
0.064001319322543077
0.064001319322543077
0.064001319322543077
0.064001319322543077
0.064001319322543077
0.064001319322543077
0.064001319322543077
0.064001319322543077
0.064001319322543077
0.064001319322543077
0.064001319322543077
0.064001319322543077
0.064001319322543077
0.064001319322543077
0.064001319322543077
0.064001319322543077
0.064001319322543077
0.064001319322543077
0.064001319322543077
0.064001319322543077
0.064001319322543077
0.064001319322543077
0.064001319322543077
0.064001319322543077
0.064001319322543077
0.064001319322543077
0.064001319322543077
0.064001319322543077
0.064001319322543077
0.064001319322543077
0.064001319322543077
0.064001319322543077
0.064001319322543077
0.064001319322543077
0.064001319322543077
0.064001319322543077
0.064001319322543077
0.064001319322543077
0.064001319322543077
0.064001319322543077
0.064001319322543077
0.064001319322543077
0.064001319322543077
0.064001319322543077
0.064001319322543077
0.064001319322543077
0.064001319322543077
0.064001319322543077
0.064001319322543077
0.064001319322543077
0.064001319322543077
0.064001319322543077
0.064001319322543077
0.064001319322543077
0.064001319322543077
0.064001319322543077
0.064001319322543077
0.064001319322543077
0.064001319322543077
0.064001319322543077
0.064001319322543077
0.064001319322543077
0.064001319322543077
0.064001319322543077
0.064001319322543077
0.064001319322543077
0.064001319322543077
0.064001319322543077
0.064001319322543077
0.064001319322543077
0.064001319322543077
0.064001319322543077
0.064001319322543077
0.064001319322543077
0.064001319322543077
0.064001319322543077
0.064001319322543077
0.064001319322543077
0.064001319322543077
0.064001319322543077
0.064001319322543077
0.064001319322543077
0.064001319322543077
0.064001319322543077
0.064001319322543077
0.064001319322543077
0.064001319322543077
0.064001319322543077
0.064001319322543077
0.064001319322543077
0.064001319322543077
0.064001319322543077
0.064001319322543077
0.064001319322543077
0.064001319322543077
0.064001319322543077
0.064001319322543077
0.064001319322543077
0.064001319322543077
0.064001319322543077
0.064001319322543077
0.064001319322543077
0.064001319322543077
0.064001319322543077
0.064001319322543077
0.064001319322543077
0.064001319322543077
0.064001319322543077
0.064001319322543077
0.064001319322543077
0.064001319322543077
0.064001319322543077
0.064001319322543077
0.064001319322543077
0.064001319322543077
0.064001319322543077
0.064001319322543077
0.064001319322543077
0.064001319322543077
0.064001319322543077
0.064001319322543077
0.064001319322543077
0.064001319322543077
0.064001319322543077
0.064001319322543077
0.064001319322543077
0.064001319322543077
0.064001319322543077
0.064001319322543077
0.064001319322543077
0.064001319322543077
0.064001319322543077
0.064001319322543077
0.064001319322543077
0.064001319322543077
0.064001319322543077
0.064001319322543077
0.064001319322543077
0.064001319322543077
0.064001319322543077
0.064001319322543077
0.064001319322543077
0.064001319322543077
0.064001319322543077
0.064001319322543077
0.064001319322543077
0.064001319322543077
0.064001319322543077
0.064001319322543077
0.064001319322543077
0.064001319322543077
0.064001319322543077
0.064001319322543077
0.064001319322543077
0.064001319322543077
0.064001319322543077
0.064001319322543077
0.064001319322543077
0.064001319322543077
0.064001319322543077
0.064001319322543077
0.064001319322543077
0.064001319322543077
0.064001319322543077
0.064001319322543077
0.064001319322543077
0.064001319322543077
0.064001319322543077
0.064001319322543077
0.064001319322543077
0.064001319322543077
0.064001319322543077
0.064001319322543077
0.064001319322543077
0.064001319322543077
0.064001319322543077
0.064001319322543077
0.064001319322543077
0.064001319322543077
0.064001319322543077
0.064001319322543077
0.064001319322543077
0.064001319322543077
0.064001319322543077
0.064001319322543077
0.064001319322543077
0.064001319322543077
0.064001319322543077
0.064001319322543077
0.064001319322543077
0.064001319322543077
0.064001319322543077
0.064001319322543077
0.064001319322543077
0.064001319322543077
0.064001319322543077
0.064001319322543077
0.064001319322543077
0.064001319322543077
0.064001319322543077
0.064001319322543077
0.064001319322543077
0.064001319322543077
0.064001319322543077
0.064001319322543077
0.064001319322543077
0.064001319322543077
0.064001319322543077
0.064001319322543077
0.064001319322543077
0.064001319322543077
0.064001319322543077
0.064001319322543077
0.064001319322543077
0.064001319322543077
0.064001319322543077
0.064001319322543077
0.064001319322543077
0.064001319322543077
0.064001319322543077
0.064001319322543077
0.064001319322543077
0.064001319322543077
0.064001319322543077
0.064001319322543077
0.064001319322543077
0.064001319322543077
0.064001319322543077
0.064001319322543077
0.064001319322543077
0.064001319322543077
0.064001319322543077
0.064001319322543077
0.064001319322543077
0.064001319322543077
0.064001319322543077
0.064001319322543077
0.064001319322543077
0.064001319322543077
0.064001319322543077
0.064001319322543077
0.064001319322543077
0.064001319322543077
0.064001319322543077
0.064001319322543077
0.064001319322543077
0.064001319322543077
0.064001319322543077
0.064001319322543077
0.064001319322543077
0.064001319322543077
0.064001319322543077
0.064001319322543077
0.064001319322543077
0.064001319322543077
0.064001319322543077
0.064001319322543077
0.064001319322543077
0.064001319322543077
0.064001319322543077
0.064001319322543077
0.064001319322543077
0.064001319322543077
0.064001319322543077
0.064001319322543077
0.064001319322543077
0.064001319322543077
0.064001319322543077
0.064001319322543077
0.064001319322543077
0.064001319322543077
0.064001319322543077
0.064001319322543077
0.064001319322543077
0.064001319322543077
0.064001319322543077
0.064001319322543077
0.064001319322543077
0.064001319322543077
0.064001319322543077
0.064001319322543077
0.064001319322543077
0.064001319322543077
0.064001319322543077
0.064001319322543077
0.064001319322543077
0.064001319322543077
0.064001319322543077
0.064001319322543077
0.064001319322543077
0.064001319322543077
0.064001319322543077
0.064001319322543077
0.064001319322543077
0.064001319322543077
0.064001319322543077
0.064001319322543077
0.064001319322543077
0.064001319322543077
0.064001319322543077
0.064001319322543077
0.064001319322543077
0.064001319322543077
0.064001319322543077
0.064001319322543077
0.064001319322543077
0.064001319322543077
0.064001319322543077
0.064001319322543077
0.064001319322543077
0.064001319322543077
0.064001319322543077
0.064001319322543077
0.064001319322543077
0.064001319322543077
0.064001319322543077
0.064001319322543077
0.064001319322543077
0.064001319322543077
0.064001319322543077
0.064001319322543077
0.064001319322543077
0.064001319322543077
0.064001319322543077
0.064001319322543077
0.064001319322543077
0.064001319322543077
0.064001319322543077
0.064001319322543077
0.064001319322543077
0.064001319322543077
0.064001319322543077
0.064001319322543077
0.064001319322543077
0.064001319322543077
0.064001319322543077
0.064001319322543077
0.064001319322543077
0.064001319322543077
0.064001319322543077
0.064001319322543077
0.064001319322543077
0.064001319322543077
0.064001319322543077
0.064001319322543077
0.064001319322543077
0.064001319322543077
0.064001319322543077
0.064001319322543077
0.064001319322543077
0.064001319322543077
0.064001319322543077
0.064001319322543077
0.064001319322543077
0.064001319322543077
0.064001319322543077
0.064001319322543077
0.064001319322543077
0.064001319322543077
0.064001319322543077
0.064001319322543077
0.064001319322543077
0.064001319322543077
0.064001319322543077
0.064001319322543077
0.064001319322543077
0.064001319322543077
0.064001319322543077
0.064001319322543077
0.064001319322543077
0.064001319322543077
0.064001319322543077
0.064001319322543077
0.064001319322543077
0.064001319322543077
0.064001319322543077
0.064001319322543077
0.064001319322543077
0.064001319322543077
0.064001319322543077
0.064001319322543077
0.064001319322543077
0.064001319322543077
0.064001319322543077
0.064001319322543077
0.064001319322543077
0.064001319322543077
0.064001319322543077
0.064001319322543077
0.064001319322543077
0.064001319322543077
0.064001319322543077
0.064001319322543077
0.064001319322543077
0.064001319322543077
0.064001319322543077
0.064001319322543077
0.064001319322543077
0.064001319322543077
0.064001319322543077
0.064001319322543077
0.064001319322543077
0.064001319322543077
0.064001319322543077
0.064001319322543077
0.064001319322543077
0.064001319322543077
0.064001319322543077
0.064001319322543077
0.064001319322543077
0.064001319322543077
0.064001319322543077
0.064001319322543077
0.064001319322543077
0.064001319322543077
0.064001319322543077
0.064001319322543077
0.064001319322543077
0.064001319322543077
0.064001319322543077
0.064001319322543077
0.064001319322543077
0.064001319322543077
0.064001319322543077
0.064001319322543077
0.064001319322543077
0.064001319322543077
0.064001319322543077
0.064001319322543077
0.064001319322543077
0.064001319322543077
0.064001319322543077
0.064001319322543077
0.064001319322543077
0.064001319322543077
0.064001319322543077
0.064001319322543077
0.064001319322543077
0.064001319322543077
0.064001319322543077
0.064001319322543077
0.064001319322543077
0.064001319322543077
0.064001319322543077
0.064001319322543077
0.064001319322543077
0.064001319322543077
0.064001319322543077
0.064001319322543077
0.064001319322543077
0.064001319322543077
0.064001319322543077
0.064001319322543077
0.064001319322543077
0.064001319322543077
0.064001319322543077
0.064001319322543077
0.064001319322543077
0.064001319322543077
0.064001319322543077
0.064001319322543077
0.064001319322543077
0.064001319322543077
0.064001319322543077
0.064001319322543077
0.064001319322543077
0.064001319322543077
0.064001319322543077
0.064001319322543077
0.064001319322543077
0.064001319322543077
0.064001319322543077
0.064001319322543077
0.064001319322543077
0.064001319322543077
0.064001319322543077
0.064001319322543077
0.064001319322543077
0.064001319322543077
0.064001319322543077
0.064001319322543077
0.064001319322543077
0.064001319322543077
0.064001319322543077
0.064001319322543077
0.064001319322543077
0.064001319322543077
0.064001319322543077
0.064001319322543077
0.064001319322543077
0.064001319322543077
0.064001319322543077
0.064001319322543077
0.064001319322543077
0.064001319322543077
0.064001319322543077
0.064001319322543077
0.064001319322543077
0.064001319322543077
0.064001319322543077
0.064001319322543077
0.064001319322543077
0.064001319322543077
0.064001319322543077
0.064001319322543077
0.064001319322543077
0.064001319322543077
0.064001319322543077
0.064001319322543077
0.064001319322543077
0.064001319322543077
0.064001319322543077
0.064001319322543077
0.064001319322543077
0.064001319322543077
0.064001319322543077
0.064001319322543077
0.064001319322543077
0.064001319322543077
0.064001319322543077
0.064001319322543077
0.064001319322543077
0.064001319322543077
0.064001319322543077
0.064001319322543077
0.064001319322543077
0.064001319322543077
0.064001319322543077
0.064001319322543077
0.064001319322543077
0.064001319322543077
0.064001319322543077
0.064001319322543077
0.064001319322543077
0.064001319322543077
0.064001319322543077
0.064001319322543077
0.064001319322543077
0.064001319322543077
0.064001319322543077
0.064001319322543077
0.064001319322543077
0.064001319322543077
0.064001319322543077
0.064001319322543077
0.064001319322543077
0.064001319322543077
0.064001319322543077
0.064001319322543077
0.064001319322543077
0.064001319322543077
0.064001319322543077
0.064001319322543077
0.064001319322543077
0.064001319322543077
0.064001319322543077
0.064001319322543077
0.064001319322543077
0.064001319322543077
0.064001319322543077
0.064001319322543077
0.064001319322543077
0.064001319322543077
0.064001319322543077
0.064001319322543077
0.064001319322543077
0.064001319322543077
0.064001319322543077
0.064001319322543077
0.064001319322543077
0.064001319322543077
0.064001319322543077
0.064001319322543077
0.064001319322543077
0.064001319322543077
0.064001319322543077
0.064001319322543077
0.064001319322543077
0.064001319322543077
0.064001319322543077
0.064001319322543077
0.064001319322543077
0.064001319322543077
0.064001319322543077
0.064001319322543077
0.064001319322543077
0.064001319322543077
0.064001319322543077
0.064001319322543077
0.064001319322543077
0.064001319322543077
0.064001319322543077
0.064001319322543077
0.064001319322543077
0.064001319322543077
0.064001319322543077
0.064001319322543077
0.064001319322543077
0.064001319322543077
0.064001319322543077
0.064001319322543077
0.064001319322543077
0.064001319322543077
0.064001319322543077
0.064001319322543077
0.064001319322543077
0.064001319322543077
0.064001319322543077
0.064001319322543077
0.064001319322543077
0.064001319322543077
0.064001319322543077
0.064001319322543077
0.064001319322543077
0.064001319322543077
0.064001319322543077
0.064001319322543077
0.064001319322543077
0.064001319322543077
0.064001319322543077
0.064001319322543077
0.064001319322543077
0.064001319322543077
0.064001319322543077
0.064001319322543077
0.064001319322543077
0.064001319322543077
0.064001319322543077
0.064001319322543077
0.064001319322543077
0.064001319322543077
0.064001319322543077
0.064001319322543077
0.064001319322543077
0.064001319322543077
0.064001319322543077
0.064001319322543077
0.064001319322543077
VECTORS v float
0 -10.275242512873012 0
0 -10.275223077898611 0
0 -10.275196791499077 0
0 -10.275236656644788 0
0 -10.275218164380796 0
0 -10.275192299231641 0
0 -10.275233812296525 0
0 -10.275215611326262 0
0 -10.275189854453204 0
0 -10.275232273041192 0
0 -10.275214101509306 0
0 -10.275188335651965 0
0 -10.275157532509869 0
0 -10.275103439965102 0
0 -10.275038516287427 0
0 -10.274968852304816 0
0 -10.274899510501553 0
0 -10.275153637843939 0
0 -10.275100679948899 0
0 -10.275037309455669 0
0 -10.274969351845341 0
0 -10.274901678430563 0
0 -10.274835380061001 0
0 -10.274782086708488 0
0 -10.274743291874222 0
0 -10.274717094976493 0
0 -10.274697302451273 0
0 -10.274839024822159 0
0 -10.274786840356983 0
0 -10.274748684251627 0
0 -10.27472297976303 0
0 -10.274704309889053 0
0 -10.2751513868223 0
0 -10.27509887324239 0
0 -10.275036242120702 0
0 -10.274969163684466 0
0 -10.274902393800874 0
0 -10.275149866075365 0
0 -10.275097490606541 0
0 -10.275035233914902 0
0 -10.274968670213664 0
0 -10.27490248183736 0
0 -10.274840586577435 0
0 -10.27478909775509 0
0 -10.274751429854248 0
0 -10.274726073440769 0
0 -10.274707803920526 0
0 -10.274841273298927 0
0 -10.274790345895784 0
0 -10.274753127963983 0
0 -10.274728024390678 0
0 -10.274709854967545 0
0 -10.275231306548037 0
0 -10.275230676486725 0
0 -10.275213118292568 0
0 -10.27518732771447 0
0 -10.275212487024481 0
0 -10.27518670500954 0
0 -10.275230834247139 0
0 -10.275212589019988 0
0 -10.275186805036443 0
0 -10.275232603957534 0
0 -10.275214051770602 0
0 -10.275188151658808 0
0 -10.275237574547686 0
0 -10.275218090512851 0
0 -10.275191791350627 0
0 -10.275148855443346 0
0 -10.275096608524182 0
0 -10.275034640015045 0
0 -10.27514832842963 0
0 -10.275096285238698 0
0 -10.275034620923549 0
0 -10.274968481111729 0
0 -10.27490276743589 0
0 -10.274968845300313 0
0 -10.274903551761122 0
0 -10.27514853399086 0
0 -10.275096694133738 0
0 -10.275035235785513 0
0 -10.274969678444192 0
0 -10.274904598389123 0
0 -10.274842056283477 0
0 -10.274791606627971 0
0 -10.274754741738418 0
0 -10.274843250185404 0
0 -10.274793158043837 0
0 -10.274756512909807 0
0 -10.274729831774636 0
0 -10.274711628204143 0
0 -10.274731676932053 0
0 -10.274713472452495 0
0 -10.274844480970845 0
0 -10.27479452969574 0
0 -10.274757889656188 0
0 -10.274732973321749 0
0 -10.274714756395415 0
0 -10.275149820439962 0
0 -10.275097915656255 0
0 -10.275036312708174 0
0 -10.274970570084168 0
0 -10.274905270075408 0
0 -10.275153042658804 0
0 -10.275100470443814 0
0 -10.275038004173123 0
0 -10.274971305842788 0
0 -10.274904998577798 0
0 -10.274844922358431 0
0 -10.274794762252187 0
0 -10.274757917045578 0
0 -10.27473282626042 0
0 -10.274714268474874 0
0 -10.274843668093171 0
0 -10.274792700370869 0
0 -10.274755305815022 0
0 -10.274729677889217 0
0 -10.274710055958913 0
0 -10.275236524860285 0
0 -10.275217999615668 0
0 -10.275192042465555 0
0 -10.275231629417847 0
0 -10.275213858059685 0
0 -10.275188390654177 0
0 -10.275229113817174 0
0 -10.275211619469687 0
0 -10.27518636364908 0
0 -10.275227653278796 0
0 -10.275210237005011 0
0 -10.27518506993966 0
0 -10.275153205574552 0
0 -10.275099997001734 0
0 -10.275036335377438 0
0 -10.274968075458251 0
0 -10.274900162066986 0
0 -10.275150370156725 0
0 -10.27509854314934 0
0 -10.275036603173252 0
0 -10.274970132183343 0
0 -10.274903873917518 0
0 -10.274837421962102 0
0 -10.274785362608352 0
0 -10.274747425667565 0
0 -10.274721890909886 0
0 -10.274703142176154 0
0 -10.274842471563289 0
0 -10.274791209531061 0
0 -10.274753531487251 0
0 -10.27472815474394 0
0 -10.274710261718395 0
0 -10.275148733630539 0
0 -10.275097582967017 0
0 -10.275036571147321 0
0 -10.274971114217614 0
0 -10.274905823942754 0
0 -10.275147611507196 0
0 -10.275096808932156 0
0 -10.275036356174525 0
0 -10.274971556593936 0
0 -10.274906933164701 0
0 -10.274845231421443 0
0 -10.274794493275634 0
0 -10.274757074209335 0
0 -10.274731819748622 0
0 -10.274714205937752 0
0 -10.274846935014361 0
0 -10.274796637548091 0
0 -10.274759493255662 0
0 -10.274734401964171 0
0 -10.274716898918903 0
0 -10.275233597049477 0
0 -10.275215369265048 0
0 -10.275189549358259 0
0 -10.275229021911896 0
0 -10.27521152894848 0
0 -10.275186277145737 0
0 -10.275226626306665 0
0 -10.275209423812198 0
0 -10.275184444764289 0
0 -10.275225209362739 0
0 -10.275208105376553 0
0 -10.275183264556153 0
0 -10.275150948653367 0
0 -10.275098212504931 0
0 -10.275035276664338 0
0 -10.274967835903498 0
0 -10.274900744540258 0
0 -10.275148636918153 0
0 -10.275097442669892 0
0 -10.2750363431993 0
0 -10.274970761344184 0
0 -10.274905342152664 0
0 -10.274838776607336 0
0 -10.274787364887045 0
0 -10.274749889896173 0
0 -10.274724625451352 0
0 -10.274706242991307 0
0 -10.274844661076921 0
0 -10.27479390302009 0
0 -10.27475650544808 0
0 -10.274731271608173 0
0 -10.274713646602324 0
0 -10.27514729825033 0
0 -10.275096902209734 0
0 -10.275036833513536 0
0 -10.274972342482837 0
0 -10.274907934254616 0
0 -10.275146373887651 0
0 -10.275096432521734 0
0 -10.275037017791158 0
0 -10.274973260791137 0
0 -10.274909567752967 0
0 -10.274848057761391 0
0 -10.274797752577614 0
0 -10.274760500100456 0
0 -10.274735286398444 0
0 -10.274717855220009 0
0 -10.274850292429887 0
0 -10.274800384281267 0
0 -10.274763322978567 0
0 -10.274738201422036 0
0 -10.27472084664074 0
0 -10.275231940206156 0
0 -10.275213779742252 0
0 -10.275188056857012 0
0 -10.275227402241336 0
0 -10.275210006160336 0
0 -10.275184895326458 0
0 -10.275225072269405 0
0 -10.275207982521305 0
0 -10.275183184768542 0
0 -10.275223698320024 0
0 -10.2752067181043 0
0 -10.275182087117763 0
0 -10.275149620673091 0
0 -10.275097197911398 0
0 -10.275034755712507 0
0 -10.274967880095481 0
0 -10.274901351612851 0
0 -10.275147495640455 0
0 -10.275096701147481 0
0 -10.27503616476209 0
0 -10.274971196438475 0
0 -10.27490636543609 0
0 -10.274839894826433 0
0 -10.274788882696305 0
0 -10.274751681592965 0
0 -10.274726587384023 0
0 -10.274708309849503 0
0 -10.274846190201734 0
0 -10.274795784923816 0
0 -10.274758591293804 0
0 -10.274733471257893 0
0 -10.274715935988446 0
0 -10.275146344112059 0
0 -10.275096425618036 0
0 -10.275036982590665 0
0 -10.274973150675896 0
0 -10.274909355269626 0
0 -10.275145553901586 0
0 -10.275096156182149 0
0 -10.275037423645982 0
0 -10.274974369656359 0
0 -10.274911315622612 0
0 -10.27484997971543 0
0 -10.274799990140213 0
0 -10.274762875170726 0
0 -10.274737719702086 0
0 -10.274720342846294 0
0 -10.274852542126357 0
0 -10.274802923908284 0
0 -10.274765958412093 0
0 -10.274740859790903 0
0 -10.274723540655918 0
0 -10.275230680836893 0
0 -10.27521253071127 0
0 -10.275186879995845 0
0 -10.275226140523698 0
0 -10.275208780468805 0
0 -10.275183768387386 0
0 -10.275229423592414 0
0 -10.275211297486216 0
0 -10.275185687806706 0
0 -10.275224920580436 0
0 -10.275207587089156 0
0 -10.275182621978754 0
0 -10.275223827669349 0
0 -10.27520678454708 0
0 -10.275182100258466 0
0 -10.275222478134454 0
0 -10.275205548994707 0
0 -10.275181044160538 0
0 -10.275222631563311 0
0 -10.275205618886231 0
0 -10.275180987569707 0
0 -10.275221315492015 0
0 -10.275204422236062 0
0 -10.275179979774618 0
0 -10.275148589453911 0
0 -10.275096437647765 0
0 -10.275034367040298 0
0 -10.274967924680537 0
0 -10.274901843520121 0
0 -10.275146553475295 0
0 -10.27509607712711 0
0 -10.275035955105983 0
0 -10.274971449663864 0
0 -10.274907081172559 0
0 -10.274840807835083 0
0 -10.274790137481476 0
0 -10.27475314831462 0
0 -10.274728173436618 0
0 -10.274709969696378 0
0 -10.274847317810138 0
0 -10.274797227026712 0
0 -10.274760211904892 0
0 -10.274735185598999 0
0 -10.274717702736945 0
0 -10.275147494233606 0
0 -10.275095510595872 0
0 -10.275033668821047 0
0 -10.274967519358189 0
0 -10.274901796007502 0
0 -10.275145518924017 0
0 -10.275095239090756 0
0 -10.275035380096179 0
0 -10.274971194129831 0
0 -10.274907187335186 0
0 -10.27484115714873 0
0 -10.274790852960018 0
0 -10.274754120787735 0
0 -10.274729294891245 0
0 -10.274711188000621 0
0 -10.274847797364197 0
0 -10.274798036803821 0
0 -10.274761251771171 0
0 -10.274736356956689 0
0 -10.274718951914318 0
0 -10.275145470490534 0
0 -10.275095904504912 0
0 -10.275036908948296 0
0 -10.27497356615253 0
0 -10.274910247190464 0
0 -10.275144748124838 0
0 -10.275095736362912 0
0 -10.275037484927855 0
0 -10.274974948082557 0
0 -10.274912387371753 0
0 -10.274851282510591 0
0 -10.27480159624389 0
0 -10.274764640906868 0
0 -10.274739562455029 0
0 -10.274722226031484 0
0 -10.274854026448448 0
0 -10.274804702477581 0
0 -10.274767888460174 0
0 -10.274742858342183 0
0 -10.274725575406098 0
0 -10.275144481743405 0
0 -10.275095133899509 0
0 -10.275036429215557 0
0 -10.2749734300856 0
0 -10.274910482866778 0
0 -10.275143823917901 0
0 -10.275095053897152 0
0 -10.275037120813495 0
0 -10.274974950214562 0
0 -10.274912771129708 0
0 -10.274851882294969 0
0 -10.274802509069167 0
0 -10.274765771086461 0
0 -10.274740816303442 0
0 -10.274723550450188 0
0 -10.274854770023456 0
0 -10.27480574679111 0
0 -10.274769140058662 0
0 -10.274744229690032 0
0 -10.274727017432951 0
0 -10.275226694620379 0
0 -10.275226100516683 0
0 -10.275209300468324 0
0 -10.275184178008656 0
0 -10.2752087143036 0
0 -10.275183635137658 0
0 -10.275226201631414 0
0 -10.275208764680873 0
0 -10.275183688313124 0
0 -10.275227652903583 0
0 -10.275209964901675 0
0 -10.275184796908587 0
0 -10.275231682530002 0
0 -10.275213301701193 0
0 -10.275187808772667 0
0 -10.275146833064776 0
0 -10.275096299310473 0
0 -10.275036264180871 0
0 -10.275146445796084 0
0 -10.275096186767193 0
0 -10.275036510377697 0
0 -10.274971971980188 0
0 -10.274907879992686 0
0 -10.274972633040473 0
0 -10.274908965988283 0
0 -10.275146605157028 0
0 -10.275096555473917 0
0 -10.275037098869486 0
0 -10.274973457392765 0
0 -10.274910013876752 0
0 -10.274848376273605 0
0 -10.274798481313031 0
0 -10.274761587983448 0
0 -10.274849848201482 0
0 -10.274800264249336 0
0 -10.27476355261042 0
0 -10.274736631197529 0
0 -10.274719193532153 0
0 -10.274738655685404 0
0 -10.274721246278684 0
0 -10.274851081235242 0
0 -10.274801639832997 0
0 -10.274764955653536 0
0 -10.274740004870779 0
0 -10.274722535018958 0
0 -10.275147670315947 0
0 -10.275097596168118 0
0 -10.275038072061696 0
0 -10.274974338557101 0
0 -10.274910773411042 0
0 -10.275150341074895 0
0 -10.275099746117498 0
0 -10.275039581111741 0
0 -10.274975164195554 0
0 -10.274910876557122 0
0 -10.274851687959764 0
0 -10.274802081149376 0
0 -10.274765202165131 0
0 -10.274740046342075 0
0 -10.274722305545321 0
0 -10.274851040721465 0
0 -10.274800740432935 0
0 -10.274763337976495 0
0 -10.274737732628026 0
0 -10.274719302698458 0
0 -10.275224261065029 0
0 -10.275223653611521 0
0 -10.275207196806381 0
0 -10.275182438602728 0
0 -10.275206604273025 0
0 -10.275181907842436 0
0 -10.275223695567481 0
0 -10.275206598270028 0
0 -10.27518190596515 0
0 -10.275224976444703 0
0 -10.275207649224425 0
0 -10.275182854251449 0
0 -10.275228616989507 0
0 -10.275210655497485 0
0 -10.275185534757652 0
0 -10.275145728014621 0
0 -10.275096137835495 0
0 -10.275037215705403 0
0 -10.275145383384904 0
0 -10.275096106129491 0
0 -10.275037576966758 0
0 -10.274974025185108 0
0 -10.274910899565725 0
0 -10.274974827768293 0
0 -10.274912141247803 0
0 -10.275145492400419 0
0 -10.275096429778335 0
0 -10.275038127573673 0
0 -10.27497562344386 0
0 -10.274913169961405 0
0 -10.274852120719851 0
0 -10.274802582460705 0
0 -10.274765726965512 0
0 -10.274853748362347 0
0 -10.274804508892961 0
0 -10.274767825391823 0
0 -10.274740705785613 0
0 -10.274723410500432 0
0 -10.274742865946433 0
0 -10.274725607152089 0
0 -10.274854969478536 0
0 -10.274805879552087 0
0 -10.274769238547117 0
0 -10.274744242781024 0
0 -10.274726940005655 0
0 -10.275146380292176 0
0 -10.275097278489776 0
0 -10.275038909575487 0
0 -10.274976332680813 0
0 -10.274913789168712 0
0 -10.27514870093006 0
0 -10.275099082959033 0
0 -10.275040120936907 0
0 -10.274976939470033 0
0 -10.274913774140852 0
0 -10.274855471725704 0
0 -10.274806254944728 0
0 -10.27476946006974 0
0 -10.274744299038947 0
0 -10.274726770136581 0
0 -10.274854810498251 0
0 -10.274804986622243 0
0 -10.274767730021939 0
0 -10.274742180456878 0
0 -10.274724065898134 0
0 -10.275222730343268 0
0 -10.27522208231159 0
0 -10.27520579512276 0
0 -10.275181256994831 0
0 -10.275205166069279 0
0 -10.275180693609434 0
0 -10.275222078583466 0
0 -10.275205115258835 0
0 -10.275180649502571 0
0 -10.2752232464179 0
0 -10.275206049534557 0
0 -10.275181461786536 0
0 -10.275226725240906 0
0 -10.275208893508573 0
0 -10.275183948325814 0
0 -10.275144928427421 0
0 -10.275095916247572 0
0 -10.275037712863137 0
0 -10.275144558458093 0
0 -10.275095873002343 0
0 -10.275038079694252 0
0 -10.274975259082044 0
0 -10.274912798464531 0
0 -10.274976085612707 0
0 -10.27491408089073 0
0 -10.275144628959263 0
0 -10.275096160774499 0
0 -10.275038600217885 0
0 -10.274976858230866 0
0 -10.274915095118736 0
0 -10.27485453430732 0
0 -10.274805289290812 0
0 -10.274768527638347 0
0 -10.274856214303517 0
0 -10.274807278638516 0
0 -10.27477070249884 0
0 -10.274743527183137 0
0 -10.274726269433922 0
0 -10.274745778938025 0
0 -10.274728572868739 0
0 -10.274857429842243 0
0 -10.274808655716743 0
0 -10.274772140436138 0
0 -10.274747200826251 0
0 -10.27472996864697 0
0 -10.275145354247103 0
0 -10.27509682010065 0
0 -10.275039180333318 0
0 -10.274977366747779 0
0 -10.274915529097404 0
0 -10.275147435540701 0
0 -10.275098347465759 0
0 -10.275040101047601 0
0 -10.274977693505701 0
0 -10.274915265187962 0
0 -10.274857775199344 0
0 -10.274808914081159 0
0 -10.274772291459712 0
0 -10.274747224452479 0
0 -10.274729787099709 0
0 -10.274856912259812 0
0 -10.274807503590297 0
0 -10.274770476523873 0
0 -10.274745064512782 0
0 -10.274727063240002 0
0 -10.275221511476641 0
0 -10.275220829725956 0
0 -10.27520462927734 0
0 -10.275180223488181 0
0 -10.275203967974603 0
0 -10.27517962409245 0
0 -10.275220764414648 0
0 -10.275203855807096 0
0 -10.275179508991704 0
0 -10.275220397822773 0
0 -10.275219730001924 0
0 -10.275203556996782 0
0 -10.275179227236778 0
0 -10.275202911436345 0
0 -10.275178646058491 0
0 -10.275219665747265 0
0 -10.275202799991199 0
0 -10.275178532611356 0
0 -10.275221886166646 0
0 -10.275204739235011 0
0 -10.275180261930887 0
0 -10.275225306559982 0
0 -10.275207509115846 0
0 -10.275182650878465 0
0 -10.275220746126578 0
0 -10.275203641581266 0
0 -10.275179236007663 0
0 -10.275224108121876 0
0 -10.275206353634919 0
0 -10.275181559384327 0
0 -10.275144146070009 0
0 -10.27509554049224 0
0 -10.275037842608013 0
0 -10.275143737347447 0
0 -10.275095462018227 0
0 -10.275038184271567 0
0 -10.274975928775198 0
0 -10.27491397878547 0
0 -10.274976743992182 0
0 -10.274915265001548 0
0 -10.275143721306783 0
0 -10.275095651495532 0
0 -10.275038604021983 0
0 -10.274977420551391 0
0 -10.274916195120788 0
0 -10.274856135653327 0
0 -10.274807187836009 0
0 -10.27477058222896 0
0 -10.274857833686077 0
0 -10.274809211169146 0
0 -10.274772810062835 0
0 -10.274745657088154 0
0 -10.274728443245126 0
0 -10.274747980529888 0
0 -10.274730834567031 0
0 -10.274858982974596 0
0 -10.274810546473013 0
0 -10.274774233778574 0
0 -10.274749413538837 0
0 -10.274732258972596 0
0 -10.275143312630693 0
0 -10.275094977190992 0
0 -10.275037625329837 0
0 -10.275142927402451 0
0 -10.275094931792102 0
0 -10.275038012426343 0
0 -10.274976098234379 0
0 -10.274914538558573 0
0 -10.274976971185763 0
0 -10.274915891725822 0
0 -10.275142914906782 0
0 -10.275095128445297 0
0 -10.275038444855834 0
0 -10.274977666893815 0
0 -10.274916847652438 0
0 -10.274857050095713 0
0 -10.274808387989003 0
0 -10.274771976669266 0
0 -10.274858819744578 0
0 -10.274810485241455 0
0 -10.27477428257375 0
0 -10.27474716711032 0
0 -10.274730029527788 0
0 -10.274749576397678 0
0 -10.274732517084928 0
0 -10.27486000060714 0
0 -10.274811857254432 0
0 -10.27477574954599 0
0 -10.274751060842801 0
0 -10.27473400194239 0
0 -10.275144376382803 0
0 -10.275096230169334 0
0 -10.275039099100113 0
0 -10.274977844892828 0
0 -10.274916552214849 0
0 -10.275146331665491 0
0 -10.275097605591014 0
0 -10.275039850988692 0
0 -10.274977998251448 0
0 -10.274916123148149 0
0 -10.274859264797763 0
0 -10.274810759860369 0
0 -10.27477436105343 0
0 -10.27474943274304 0
0 -10.274732083692752 0
0 -10.274858257405056 0
0 -10.274809238458269 0
0 -10.274772471297203 0
0 -10.274747222776984 0
0 -10.274729309248166 0
0 -10.275143509276123 0
0 -10.275095636028919 0
0 -10.275038864579734 0
0 -10.274978017871048 0
0 -10.274917139595088 0
0 -10.275145388646418 0
0 -10.275096927523698 0
0 -10.275039529974634 0
0 -10.274978088736191 0
0 -10.27491663842946 0
0 -10.274860231012459 0
0 -10.274812037776442 0
0 -10.274775864042029 0
0 -10.274751083118693 0
0 -10.274733838826526 0
0 -10.274859168063896 0
0 -10.274810482953855 0
0 -10.274773963284536 0
0 -10.274748879238267 0
0 -10.274731079122388 0
0 -10.275228260697476 0
0 -10.275210153584586 0
0 -10.275184509757628 0
0 -10.275223838179009 0
0 -10.275206505100186 0
0 -10.275181498284828 0
0 -10.275221618032784 0
0 -10.275204608638132 0
0 -10.27517995118507 0
0 -10.275220378065052 0
0 -10.275203500905553 0
0 -10.275179056959113 0
0 -10.275146303798913 0
0 -10.275094333804356 0
0 -10.275032539037996 0
0 -10.27496651401654 0
0 -10.274901028294362 0
0 -10.275144384328454 0
0 -10.275094137360734 0
0 -10.275034358731444 0
0 -10.27497032414254 0
0 -10.274906555680158 0
0 -10.274840733516237 0
0 -10.274790814874459 0
0 -10.274754387156593 0
0 -10.274729732553142 0
0 -10.274711719370384 0
0 -10.27484747706138 0
0 -10.274798054775848 0
0 -10.274761543509364 0
0 -10.274736804986784 0
0 -10.274719484438753 0
0 -10.27514345970779 0
0 -10.27509418051997 0
0 -10.275035595085253 0
0 -10.274972775236066 0
0 -10.274910070217166 0
0 -10.275142949686625 0
0 -10.275094288511779 0
0 -10.275036512153035 0
0 -10.274974544950512 0
0 -10.274912609459298 0
0 -10.274851756695956 0
0 -10.274802679094783 0
0 -10.274766179212765 0
0 -10.274741361894161 0
0 -10.274724171798992 0
0 -10.274854873999631 0
0 -10.274806110381297 0
0 -10.274769706372801 0
0 -10.27474491256582 0
0 -10.274727772602485 0
0 -10.275227815345451 0
0 -10.275209626753927 0
0 -10.275183851711853 0
0 -10.275223411466198 0
0 -10.275205987216756 0
0 -10.275180840673196 0
0 -10.275221247568886 0
0 -10.275204156214505 0
0 -10.275179378980377 0
0 -10.275220113448569 0
0 -10.275203171641689 0
0 -10.275178646234048 0
0 -10.275145511989562 0
0 -10.275093409938352 0
0 -10.275031455240427 0
0 -10.274965335656416 0
0 -10.27489988046959 0
0 -10.275143585162862 0
0 -10.275093214261794 0
0 -10.275033308625598 0
0 -10.274969212316691 0
0 -10.274905484386904 0
0 -10.27483974369118 0
0 -10.27479008792192 0
0 -10.274753869391965 0
0 -10.27472931288403 0
0 -10.274711302399504 0
0 -10.274846548749142 0
0 -10.274797363972835 0
0 -10.274761050601946 0
0 -10.274736408528687 0
0 -10.274719089734806 0
0 -10.275142775838054 0
0 -10.275093410688797 0
0 -10.27503473867394 0
0 -10.274971884590427 0
0 -10.274909221546213 0
0 -10.275142480431478 0
0 -10.275093786643041 0
0 -10.275035966937834 0
0 -10.274973987677173 0
0 -10.274912087149758 0
0 -10.274851025355295 0
0 -10.274802140056286 0
0 -10.274765804656003 0
0 -10.27474106592712 0
0 -10.274723879570226 0
0 -10.274854434235747 0
0 -10.274805809383077 0
0 -10.274769520419449 0
0 -10.274744776202526 0
0 -10.274727635946759 0
0 -10.275229110637225 0
0 -10.275210587037352 0
0 -10.275184589874543 0
0 -10.275224441187758 0
0 -10.275206730940621 0
0 -10.275181361103702 0
0 -10.275222276117894 0
0 -10.275204924792911 0
0 -10.275179947443485 0
0 -10.275221200421367 0
0 -10.275204015232267 0
0 -10.27517931517326 0
0 -10.275145988370195 0
0 -10.275093526728096 0
0 -10.275031096874399 0
0 -10.274964512057769 0
0 -10.274898689580333 0
0 -10.275143824346051 0
0 -10.2750930965277 0
0 -10.275032767832215 0
0 -10.274968274050307 0
0 -10.274904239591507 0
0 -10.274838312038831 0
0 -10.274788555939994 0
0 -10.274752294796144 0
0 -10.274727678653074 0
0 -10.274709380293443 0
0 -10.274845111739635 0
0 -10.274795869326478 0
0 -10.274759546253964 0
0 -10.274734860977256 0
0 -10.274717320840518 0
0 -10.275143094048463 0
0 -10.275093408401334 0
0 -10.275034352930621 0
0 -10.274971131693908 0
0 -10.274908166565472 0
0 -10.275142932191006 0
0 -10.275093951070033 0
0 -10.275035775936313 0
0 -10.274973443683177 0
0 -10.274911233341857 0
0 -10.274849759090923 0
0 -10.274800783106659 0
0 -10.274764412228011 0
0 -10.274739626367211 0
0 -10.274722253938309 0
0 -10.274853341420371 0
0 -10.274804587748696 0
0 -10.274768237688454 0
0 -10.274743435780259 0
0 -10.274726114877275 0
0 -10.275233885498185 0
0 -10.275214459920679 0
0 -10.275188076770103 0
0 -10.275228328036485 0
0 -10.27520990925116 0
0 -10.275184161158538 0
0 -10.275225901798517 0
0 -10.275207906668326 0
0 -10.275182558407712 0
0 -10.275224907983683 0
0 -10.275207089927552 0
0 -10.275182050250431 0
0 -10.275149044723033 0
0 -10.275095818498874 0
0 -10.275032327634596 0
0 -10.274964570100416 0
0 -10.274897617473878 0
0 -10.275146132815991 0
0 -10.275094612796366 0
0 -10.275033294327914 0
0 -10.274967772074648 0
0 -10.274902773835862 0
0 -10.274836233135431 0
0 -10.27478567248493 0
0 -10.274748873789068 0
0 -10.274723757759622 0
0 -10.274704438200136 0
0 -10.274842808334565 0
0 -10.274792932833211 0
0 -10.274756226281564 0
0 -10.274731209908342 0
0 -10.274712947828389 0
0 -10.275145201878951 0
0 -10.275094720480547 0
0 -10.275034696186179 0
0 -10.274970479374279 0
0 -10.274906579861042 0
0 -10.275145206361096 0
0 -10.275095473043624 0
0 -10.275036359276337 0
0 -10.274973041643436 0
0 -10.274909877475585 0
0 -10.274847363194541 0
0 -10.274797796510502 0
0 -10.274761098535537 0
0 -10.274736050460696 0
0 -10.274718058042 0
0 -10.274851129831189 0
0 -10.274801731447878 0
0 -10.274765017508221 0
0 -10.274739941910287 0
0 -10.274722010337834 0
0 -10.275219545623502 0
0 -10.275218956973557 0
0 -10.275202731815755 0
0 -10.275178423773355 0
0 -10.27520216918176 0
0 -10.275177941308185 0
0 -10.275218909034914 0
0 -10.275202073603324 0
0 -10.27517784021139 0
0 -10.27521999903113 0
0 -10.275202928537169 0
0 -10.275178560385354 0
0 -10.275223302430032 0
0 -10.275205598334098 0
0 -10.275180846899325 0
0 -10.275142590698527 0
0 -10.275094400592986 0
0 -10.275037237026885 0
0 -10.275142327232771 0
0 -10.275094501003109 0
0 -10.275037789679624 0
0 -10.274975932957057 0
0 -10.274914618070591 0
0 -10.274976983534373 0
0 -10.274916149552558 0
0 -10.275142322066642 0
0 -10.275094700322077 0
0 -10.275038223744822 0
0 -10.274977683600504 0
0 -10.274917114175432 0
0 -10.27485737763064 0
0 -10.274808944797515 0
0 -10.274772705956075 0
0 -10.274859313695151 0
0 -10.274811187680291 0
0 -10.274775137737935 0
0 -10.274747994865242 0
0 -10.274730929932792 0
0 -10.274750519298205 0
0 -10.274733533821216 0
0 -10.27486050826796 0
0 -10.274812580138571 0
0 -10.27477663297916 0
0 -10.274752038247744 0
0 -10.274735056855496 0
0 -10.275142936833102 0
0 -10.275095233119259 0
0 -10.275038672757038 0
0 -10.274978068398438 0
0 -10.274917444508763 0
0 -10.275144782473808 0
0 -10.275096495554672 0
0 -10.275039317129192 0
0 -10.274978129693238 0
0 -10.274916947767004 0
0 -10.274860780364625 0
0 -10.274812803937847 0
0 -10.274776790828238 0
0 -10.274752105494615 0
0 -10.274734945104896 0
0 -10.274859736791941 0
0 -10.274811281975687 0
0 -10.274774934135712 0
0 -10.274749956865286 0
0 -10.274732260933161 0
0 -10.275219372190358 0
0 -10.275218866587705 0
0 -10.275202508762062 0
0 -10.275178145955419 0
0 -10.275202035219873 0
0 -10.275177766588486 0
0 -10.275218901067744 0
0 -10.275202022134986 0
0 -10.275177754712701 0
0 -10.275220027851834 0
0 -10.275202912281193 0
0 -10.275178505625981 0
0 -10.27522333220131 0
0 -10.275205583842729 0
0 -10.275180787083874 0
0 -10.275142287608281 0
0 -10.275094098939594 0
0 -10.275036920279447 0
0 -10.27514214592353 0
0 -10.275094339670193 0
0 -10.275037628326194 0
0 -10.274975619575683 0
0 -10.274914335493131 0
0 -10.274976834687447 0
0 -10.27491602983512 0
0 -10.275142237000155 0
0 -10.275094643147018 0
0 -10.275038171225873 0
0 -10.274977645900311 0
0 -10.274917103225677 0
0 -10.274857154393519 0
0 -10.274808824359621 0
0 -10.274772665688042 0
0 -10.27485923954306 0
0 -10.274811195408452 0
0 -10.274775205957795 0
0 -10.274747984269011 0
0 -10.274730917041589 0
0 -10.274750604664074 0
0 -10.274733615180446 0
0 -10.274860533847406 0
0 -10.274812674027791 0
0 -10.274776772037526 0
0 -10.274752185169733 0
0 -10.274735198904425 0
0 -10.275142871653863 0
0 -10.275095183428668 0
0 -10.275038618911154 0
0 -10.274978025074374 0
0 -10.274917427735609 0
0 -10.275144700559196 0
0 -10.275096414947509 0
0 -10.275039221322579 0
0 -10.274978040006088 0
0 -10.274916886636088 0
0 -10.274860802732942 0
0 -10.274812898462965 0
0 -10.2747769335431 0
0 -10.274752259411969 0
0 -10.274735096771515 0
0 -10.274859722064244 0
0 -10.274811351358196 0
0 -10.274775064145693 0
0 -10.274750106074915 0
0 -10.274732414995158 0
0 -10.275220585856955 0
0 -10.275220142552561 0
0 -10.275203492123786 0
0 -10.275178991019212 0
0 -10.275203087600723 0
0 -10.275178687584063 0
0 -10.275220232607149 0
0 -10.275203126436525 0
0 -10.275178718803138 0
0 -10.275221470830045 0
0 -10.275204102800831 0
0 -10.27517954000793 0
0 -10.275225044211398 0
0 -10.275206980098659 0
0 -10.275181993737021 0
0 -10.275142964000501 0
0 -10.275094534569282 0
0 -10.275037034732124 0
0 -10.275142903684982 0
0 -10.275094862474351 0
0 -10.275037837274184 0
0 -10.274975395985082 0
0 -10.274913791100269 0
0 -10.274976713424817 0
0 -10.274915589195556 0
0 -10.275143019364382 0
0 -10.275095169680297 0
0 -10.275038370255881 0
0 -10.274977510289981 0
0 -10.274916649683135 0
0 -10.274856333511377 0
0 -10.274807819638704 0
0 -10.274771550712808 0
0 -10.274858514004999 0
0 -10.274810272879431 0
0 -10.274774161799526 0
0 -10.274746783717092 0
0 -10.274729532466234 0
0 -10.274749469841712 0
0 -10.274732299428125 0
0 -10.27485979882664 0
0 -10.27481174729404 0
0 -10.274775728885784 0
0 -10.274751057291564 0
0 -10.274733893302566 0
0 -10.275143697546753 0
0 -10.275095717695576 0
0 -10.275038793866095 0
0 -10.274977842720626 0
0 -10.274916914631953 0
0 -10.275145662891349 0
0 -10.275097031585997 0
0 -10.275039414510063 0
0 -10.274977817155527 0
0 -10.274916284073065 0
0 -10.27486000359349 0
0 -10.274811908751186 0
0 -10.274775831785778 0
0 -10.274751075227606 0
0 -10.274733719229411 0
0 -10.274858795257988 0
0 -10.274810212158076 0
0 -10.274773801890694 0
0 -10.274748740869132 0
0 -10.274730799552021 0
0 -10.275224380004552 0
0 -10.275223973567167 0
0 -10.275206652647535 0
0 -10.275181825744623 0
0 -10.275206288388349 0
0 -10.275181562605805 0
0 -10.275224098279024 0
0 -10.275206349643154 0
0 -10.275181587495974 0
0 -10.275225596206484 0
0 -10.275207509624881 0
0 -10.275182530647347 0
0 -10.27523006021026 0
0 -10.275211048676276 0
0 -10.275185542064458 0
0 -10.275145354995972 0
0 -10.275096191460261 0
0 -10.275037769024443 0
0 -10.275145328605975 0
0 -10.275096544420071 0
0 -10.27503859805007 0
0 -10.274975152952745 0
0 -10.274912583635883 0
0 -10.274976508153895 0
0 -10.274914428354096 0
0 -10.275145388754476 0
0 -10.275096736112948 0
0 -10.275038971302607 0
0 -10.274977132471019 0
0 -10.274915326628502 0
0 -10.274854237642263 0
0 -10.274805040910151 0
0 -10.274768384838209 0
0 -10.27485646159853 0
0 -10.274807531261876 0
0 -10.274771034508277 0
0 -10.274743337134918 0
0 -10.274725471803247 0
0 -10.274746070591126 0
0 -10.274728298470146 0
0 -10.27485760539261 0
0 -10.274808895504203 0
0 -10.274772523769903 0
0 -10.274747603496955 0
0 -10.274729843685339 0
0 -10.275146103688131 0
0 -10.275097206802396 0
0 -10.2750392074907 0
0 -10.274977201326536 0
0 -10.274915286223683 0
0 -10.275148515473708 0
0 -10.275098787014228 0
0 -10.275039871419127 0
0 -10.274977005361373 0
0 -10.274914301093146 0
0 -10.274857491422219 0
0 -10.274808755300995 0
0 -10.274772351060919 0
0 -10.274747347994943 0
0 -10.274729330510983 0
0 -10.274855785667533 0
0 -10.274806480643209 0
0 -10.274769702408127 0
0 -10.274744316972759 0
0 -10.274725459815052 0
-0 -0 -0
-0 -0 -0
-0 -0 -0
-0 -0 -0
-0 -0 -0
-0 -0 -0
-0 -0 -0
-0 -0 -0
-0 -0 -0
-0 -0 -0
-0 -0 -0
-0 -0 -0
-0 -0 -0
-0 -0 -0
-0 -0 -0
-0 -0 -0
-0 -0 -0
-0 -0 -0
-0 -0 -0
-0 -0 -0
-0 -0 -0
-0 -0 -0
-0 -0 -0
-0 -0 -0
-0 -0 -0
-0 -0 -0
-0 -0 -0
-0 -0 -0
-0 -0 -0
-0 -0 -0
-0 -0 -0
-0 -0 -0
-0 -0 -0
-0 -0 -0
-0 -0 -0
-0 -0 -0
-0 -0 -0
-0 -0 -0
-0 -0 -0
-0 -0 -0
-0 -0 -0
-0 -0 -0
-0 -0 -0
-0 -0 -0
-0 -0 -0
-0 -0 -0
-0 -0 -0
-0 -0 -0
-0 -0 -0
-0 -0 -0
-0 -0 -0
-0 -0 -0
-0 -0 -0
-0 -0 -0
-0 -0 -0
-0 -0 -0
-0 -0 -0
-0 -0 -0
-0 -0 -0
-0 -0 -0
-0 -0 -0
-0 -0 -0
-0 -0 -0
-0 -0 -0
-0 -0 -0
-0 -0 -0
-0 -0 -0
-0 -0 -0
-0 -0 -0
-0 -0 -0
-0 -0 -0
-0 -0 -0
-0 -0 -0
-0 -0 -0
-0 -0 -0
-0 -0 -0
-0 -0 -0
-0 -0 -0
-0 -0 -0
-0 -0 -0
-0 -0 -0
-0 -0 -0
-0 -0 -0
-0 -0 -0
-0 -0 -0
-0 -0 -0
-0 -0 -0
-0 -0 -0
-0 -0 -0
-0 -0 -0
-0 -0 -0
-0 -0 -0
-0 -0 -0
-0 -0 -0
-0 -0 -0
-0 -0 -0
-0 -0 -0
-0 -0 -0
-0 -0 -0
-0 -0 -0
-0 -0 -0
-0 -0 -0
-0 -0 -0
-0 -0 -0
-0 -0 -0
-0 -0 -0
-0 -0 -0
-0 -0 -0
-0 -0 -0
-0 -0 -0
-0 -0 -0
-0 -0 -0
-0 -0 -0
-0 -0 -0
-0 -0 -0
-0 -0 -0
-0 -0 -0
-0 -0 -0
-0 -0 -0
-0 -0 -0
-0 -0 -0
-0 -0 -0
-0 -0 -0
-0 -0 -0
-0 -0 -0
-0 -0 -0
-0 -0 -0
-0 -0 -0
-0 -0 -0
-0 -0 -0
-0 -0 -0
-0 -0 -0
-0 -0 -0
-0 -0 -0
-0 -0 -0
-0 -0 -0
-0 -0 -0
-0 -0 -0
-0 -0 -0
-0 -0 -0
-0 -0 -0
-0 -0 -0
-0 -0 -0
-0 -0 -0
-0 -0 -0
-0 -0 -0
-0 -0 -0
-0 -0 -0
-0 -0 -0
-0 -0 -0
-0 -0 -0
-0 -0 -0
-0 -0 -0
-0 -0 -0
-0 -0 -0
-0 -0 -0
-0 -0 -0
-0 -0 -0
-0 -0 -0
-0 -0 -0
-0 -0 -0
-0 -0 -0
-0 -0 -0
-0 -0 -0
-0 -0 -0
-0 -0 -0
-0 -0 -0
-0 -0 -0
-0 -0 -0
-0 -0 -0
-0 -0 -0
-0 -0 -0
-0 -0 -0
-0 -0 -0
-0 -0 -0
-0 -0 -0
-0 -0 -0
-0 -0 -0
-0 -0 -0
-0 -0 -0
-0 -0 -0
-0 -0 -0
-0 -0 -0
-0 -0 -0
-0 -0 -0
-0 -0 -0
-0 -0 -0
-0 -0 -0
-0 -0 -0
-0 -0 -0
-0 -0 -0
-0 -0 -0
-0 -0 -0
-0 -0 -0
-0 -0 -0
-0 -0 -0
-0 -0 -0
-0 -0 -0
-0 -0 -0
-0 -0 -0
-0 -0 -0
-0 -0 -0
-0 -0 -0
-0 -0 -0
-0 -0 -0
-0 -0 -0
-0 -0 -0
-0 -0 -0
-0 -0 -0
-0 -0 -0
-0 -0 -0
-0 -0 -0
-0 -0 -0
-0 -0 -0
-0 -0 -0
-0 -0 -0
-0 -0 -0
-0 -0 -0
-0 -0 -0
-0 -0 -0
-0 -0 -0
-0 -0 -0
-0 -0 -0
-0 -0 -0
-0 -0 -0
-0 -0 -0
-0 -0 -0
-0 -0 -0
-0 -0 -0
-0 -0 -0
-0 -0 -0
-0 -0 -0
-0 -0 -0
-0 -0 -0
-0 -0 -0
-0 -0 -0
-0 -0 -0
-0 -0 -0
-0 -0 -0
-0 -0 -0
-0 -0 -0
-0 -0 -0
-0 -0 -0
-0 -0 -0
-0 -0 -0
-0 -0 -0
-0 -0 -0
-0 -0 -0
-0 -0 -0
-0 -0 -0
-0 -0 -0
-0 -0 -0
-0 -0 -0
-0 -0 -0
-0 -0 -0
-0 -0 -0
-0 -0 -0
-0 -0 -0
-0 -0 -0
-0 -0 -0
-0 -0 -0
-0 -0 -0
-0 -0 -0
-0 -0 -0
-0 -0 -0
-0 -0 -0
-0 -0 -0
-0 -0 -0
-0 -0 -0
-0 -0 -0
-0 -0 -0
-0 -0 -0
-0 -0 -0
-0 -0 -0
-0 -0 -0
-0 -0 -0
-0 -0 -0
-0 -0 -0
-0 -0 -0
-0 -0 -0
-0 -0 -0
-0 -0 -0
-0 -0 -0
-0 -0 -0
-0 -0 -0
-0 -0 -0
-0 -0 -0
-0 -0 -0
-0 -0 -0
-0 -0 -0
-0 -0 -0
-0 -0 -0
-0 -0 -0
-0 -0 -0
-0 -0 -0
-0 -0 -0
-0 -0 -0
-0 -0 -0
-0 -0 -0
-0 -0 -0
-0 -0 -0
-0 -0 -0
-0 -0 -0
-0 -0 -0
-0 -0 -0
-0 -0 -0
-0 -0 -0
-0 -0 -0
-0 -0 -0
-0 -0 -0
-0 -0 -0
-0 -0 -0
-0 -0 -0
-0 -0 -0
-0 -0 -0
-0 -0 -0
-0 -0 -0
-0 -0 -0
-0 -0 -0
-0 -0 -0
-0 -0 -0
-0 -0 -0
-0 -0 -0
-0 -0 -0
-0 -0 -0
-0 -0 -0
-0 -0 -0
-0 -0 -0
-0 -0 -0
-0 -0 -0
-0 -0 -0
-0 -0 -0
-0 -0 -0
-0 -0 -0
-0 -0 -0
-0 -0 -0
-0 -0 -0
-0 -0 -0
-0 -0 -0
-0 -0 -0
-0 -0 -0
-0 -0 -0
-0 -0 -0
-0 -0 -0
-0 -0 -0
-0 -0 -0
-0 -0 -0
-0 -0 -0
-0 -0 -0
-0 -0 -0
-0 -0 -0
-0 -0 -0
-0 -0 -0
-0 -0 -0
-0 -0 -0
-0 -0 -0
-0 -0 -0
-0 -0 -0
-0 -0 -0
-0 -0 -0
-0 -0 -0
-0 -0 -0
-0 -0 -0
-0 -0 -0
-0 -0 -0
-0 -0 -0
-0 -0 -0
-0 -0 -0
-0 -0 -0
-0 -0 -0
-0 -0 -0
-0 -0 -0
-0 -0 -0
-0 -0 -0
-0 -0 -0
-0 -0 -0
-0 -0 -0
-0 -0 -0
-0 -0 -0
-0 -0 -0
-0 -0 -0
-0 -0 -0
-0 -0 -0
-0 -0 -0
-0 -0 -0
-0 -0 -0
-0 -0 -0
-0 -0 -0
-0 -0 -0
-0 -0 -0
-0 -0 -0
-0 -0 -0
-0 -0 -0
-0 -0 -0
-0 -0 -0
-0 -0 -0
-0 -0 -0
-0 -0 -0
-0 -0 -0
-0 -0 -0
-0 -0 -0
-0 -0 -0
-0 -0 -0
-0 -0 -0
-0 -0 -0
-0 -0 -0
-0 -0 -0
-0 -0 -0
-0 -0 -0
-0 -0 -0
-0 -0 -0
-0 -0 -0
-0 -0 -0
-0 -0 -0
-0 -0 -0
-0 -0 -0
-0 -0 -0
-0 -0 -0
-0 -0 -0
-0 -0 -0
-0 -0 -0
-0 -0 -0
-0 -0 -0
-0 -0 -0
-0 -0 -0
-0 -0 -0
-0 -0 -0
-0 -0 -0
-0 -0 -0
-0 -0 -0
-0 -0 -0
-0 -0 -0
-0 -0 -0
-0 -0 -0
-0 -0 -0
-0 -0 -0
-0 -0 -0
-0 -0 -0
-0 -0 -0
-0 -0 -0
-0 -0 -0
-0 -0 -0
-0 -0 -0
-0 -0 -0
-0 -0 -0
-0 -0 -0
-0 -0 -0
-0 -0 -0
-0 -0 -0
-0 -0 -0
-0 -0 -0
-0 -0 -0
-0 -0 -0
-0 -0 -0
-0 -0 -0
-0 -0 -0
-0 -0 -0
-0 -0 -0
-0 -0 -0
-0 -0 -0
-0 -0 -0
-0 -0 -0
-0 -0 -0
-0 -0 -0
-0 -0 -0
-0 -0 -0
-0 -0 -0
-0 -0 -0
-0 -0 -0
-0 -0 -0
-0 -0 -0
-0 -0 -0
-0 -0 -0
-0 -0 -0
-0 -0 -0
-0 -0 -0
-0 -0 -0
-0 -0 -0
-0 -0 -0
-0 -0 -0
-0 -0 -0
-0 -0 -0
-0 -0 -0
-0 -0 -0
-0 -0 -0
-0 -0 -0
-0 -0 -0
-0 -0 -0
-0 -0 -0
-0 -0 -0
-0 -0 -0
-0 -0 -0
-0 -0 -0
-0 -0 -0
-0 -0 -0
-0 -0 -0
-0 -0 -0
-0 -0 -0
-0 -0 -0
-0 -0 -0
-0 -0 -0
-0 -0 -0
-0 -0 -0
-0 -0 -0
-0 -0 -0
-0 -0 -0
-0 -0 -0
-0 -0 -0
-0 -0 -0
-0 -0 -0
-0 -0 -0
-0 -0 -0
-0 -0 -0
-0 -0 -0
-0 -0 -0
-0 -0 -0
-0 -0 -0
-0 -0 -0
-0 -0 -0
-0 -0 -0
-0 -0 -0
-0 -0 -0
-0 -0 -0
-0 -0 -0
-0 -0 -0
-0 -0 -0
-0 -0 -0
-0 -0 -0
-0 -0 -0
-0 -0 -0
-0 -0 -0
-0 -0 -0
-0 -0 -0
-0 -0 -0
-0 -0 -0
-0 -0 -0
-0 -0 -0
-0 -0 -0
-0 -0 -0
-0 -0 -0
-0 -0 -0
-0 -0 -0
-0 -0 -0
-0 -0 -0
-0 -0 -0
-0 -0 -0
-0 -0 -0
-0 -0 -0
-0 -0 -0
-0 -0 -0
-0 -0 -0
-0 -0 -0
-0 -0 -0
-0 -0 -0
-0 -0 -0
-0 -0 -0
-0 -0 -0
-0 -0 -0
-0 -0 -0
-0 -0 -0
-0 -0 -0
-0 -0 -0
-0 -0 -0
-0 -0 -0
-0 -0 -0
-0 -0 -0
-0 -0 -0
-0 -0 -0
-0 -0 -0
-0 -0 -0
-0 -0 -0
-0 -0 -0
-0 -0 -0
-0 -0 -0
-0 -0 -0
-0 -0 -0
-0 -0 -0
-0 -0 -0
-0 -0 -0
-0 -0 -0
-0 -0 -0
-0 -0 -0
-0 -0 -0
-0 -0 -0
-0 -0 -0
-0 -0 -0
-0 -0 -0
-0 -0 -0
-0 -0 -0
-0 -0 -0
-0 -0 -0
-0 -0 -0
-0 -0 -0
-0 -0 -0
-0 -0 -0
-0 -0 -0
-0 -0 -0
-0 -0 -0
-0 -0 -0
-0 -0 -0
-0 -0 -0
-0 -0 -0
-0 -0 -0
-0 -0 -0
-0 -0 -0
-0 -0 -0
-0 -0 -0
-0 -0 -0
-0 -0 -0
-0 -0 -0
-0 -0 -0
-0 -0 -0
-0 -0 -0
-0 -0 -0
-0 -0 -0
-0 -0 -0
-0 -0 -0
-0 -0 -0
-0 -0 -0
-0 -0 -0
-0 -0 -0
-0 -0 -0
-0 -0 -0
-0 -0 -0
-0 -0 -0
-0 -0 -0
-0 -0 -0
-0 -0 -0
-0 -0 -0
-0 -0 -0
-0 -0 -0
-0 -0 -0
-0 -0 -0
-0 -0 -0
-0 -0 -0
-0 -0 -0
-0 -0 -0
-0 -0 -0
-0 -0 -0
-0 -0 -0
-0 -0 -0
-0 -0 -0
-0 -0 -0
-0 -0 -0
-0 -0 -0
-0 -0 -0
-0 -0 -0
-0 -0 -0
-0 -0 -0
-0 -0 -0
-0 -0 -0
-0 -0 -0
-0 -0 -0
-0 -0 -0
-0 -0 -0
-0 -0 -0
-0 -0 -0
-0 -0 -0
-0 -0 -0
-0 -0 -0
-0 -0 -0
-0 -0 -0
-0 -0 -0
-0 -0 -0
-0 -0 -0
-0 -0 -0
-0 -0 -0
-0 -0 -0
-0 -0 -0
-0 -0 -0
-0 -0 -0
-0 -0 -0
-0 -0 -0
-0 -0 -0
-0 -0 -0
-0 -0 -0
-0 -0 -0
-0 -0 -0
-0 -0 -0
-0 -0 -0
-0 -0 -0
-0 -0 -0
-0 -0 -0
-0 -0 -0
-0 -0 -0
-0 -0 -0
-0 -0 -0
-0 -0 -0
-0 -0 -0
-0 -0 -0
-0 -0 -0
-0 -0 -0
-0 -0 -0
-0 -0 -0
-0 -0 -0
-0 -0 -0
-0 -0 -0
-0 -0 -0
-0 -0 -0
-0 -0 -0
-0 -0 -0
-0 -0 -0
-0 -0 -0
-0 -0 -0
-0 -0 -0
-0 -0 -0
-0 -0 -0
-0 -0 -0
-0 -0 -0
-0 -0 -0
-0 -0 -0
-0 -0 -0
-0 -0 -0
-0 -0 -0
-0 -0 -0
-0 -0 -0
-0 -0 -0
-0 -0 -0
-0 -0 -0
-0 -0 -0
-0 -0 -0
-0 -0 -0
-0 -0 -0
-0 -0 -0
-0 -0 -0
-0 -0 -0
-0 -0 -0
-0 -0 -0
-0 -0 -0
-0 -0 -0
-0 -0 -0
-0 -0 -0
-0 -0 -0
-0 -0 -0
-0 -0 -0
-0 -0 -0
-0 -0 -0
-0 -0 -0
-0 -0 -0
-0 -0 -0
-0 -0 -0
-0 -0 -0
-0 -0 -0
-0 -0 -0
-0 -0 -0
-0 -0 -0
-0 -0 -0
-0 -0 -0
-0 -0 -0
-0 -0 -0
-0 -0 -0
-0 -0 -0
-0 -0 -0
-0 -0 -0
-0 -0 -0
-0 -0 -0
-0 -0 -0
-0 -0 -0
-0 -0 -0
-0 -0 -0
-0 -0 -0
-0 -0 -0
-0 -0 -0
-0 -0 -0
-0 -0 -0
-0 -0 -0
-0 -0 -0
-0 -0 -0
-0 -0 -0
-0 -0 -0
-0 -0 -0
-0 -0 -0
-0 -0 -0
-0 -0 -0
-0 -0 -0
-0 -0 -0
-0 -0 -0
-0 -0 -0
-0 -0 -0
-0 -0 -0
-0 -0 -0
-0 -0 -0
-0 -0 -0
-0 -0 -0
-0 -0 -0
-0 -0 -0
-0 -0 -0
-0 -0 -0
-0 -0 -0
-0 -0 -0
-0 -0 -0
-0 -0 -0
-0 -0 -0
-0 -0 -0
-0 -0 -0
-0 -0 -0
-0 -0 -0
-0 -0 -0
-0 -0 -0
-0 -0 -0
-0 -0 -0
-0 -0 -0
-0 -0 -0
-0 -0 -0
-0 -0 -0
-0 -0 -0
-0 -0 -0
-0 -0 -0
-0 -0 -0
-0 -0 -0
-0 -0 -0
-0 -0 -0
-0 -0 -0
-0 -0 -0
-0 -0 -0
-0 -0 -0
-0 -0 -0
-0 -0 -0
-0 -0 -0
-0 -0 -0
-0 -0 -0
-0 -0 -0
-0 -0 -0
-0 -0 -0
-0 -0 -0
-0 -0 -0
-0 -0 -0
-0 -0 -0
-0 -0 -0
-0 -0 -0
-0 -0 -0
-0 -0 -0
-0 -0 -0
-0 -0 -0
-0 -0 -0
-0 -0 -0
-0 -0 -0
-0 -0 -0
-0 -0 -0
-0 -0 -0
-0 -0 -0
-0 -0 -0
-0 -0 -0
-0 -0 -0
-0 -0 -0
-0 -0 -0
-0 -0 -0
-0 -0 -0
-0 -0 -0
-0 -0 -0
-0 -0 -0
-0 -0 -0
-0 -0 -0
-0 -0 -0
-0 -0 -0
-0 -0 -0
-0 -0 -0
-0 -0 -0
-0 -0 -0
-0 -0 -0
-0 -0 -0
-0 -0 -0
-0 -0 -0
-0 -0 -0
-0 -0 -0
-0 -0 -0
-0 -0 -0
-0 -0 -0
-0 -0 -0
-0 -0 -0
-0 -0 -0
-0 -0 -0
-0 -0 -0
-0 -0 -0
-0 -0 -0
-0 -0 -0
-0 -0 -0
-0 -0 -0
-0 -0 -0
-0 -0 -0
-0 -0 -0
-0 -0 -0
-0 -0 -0
-0 -0 -0
-0 -0 -0
-0 -0 -0
-0 -0 -0
-0 -0 -0
-0 -0 -0
-0 -0 -0
-0 -0 -0
-0 -0 -0
-0 -0 -0
-0 -0 -0
-0 -0 -0
-0 -0 -0
-0 -0 -0
-0 -0 -0
-0 -0 -0
-0 -0 -0
-0 -0 -0
-0 -0 -0
-0 -0 -0
-0 -0 -0
-0 -0 -0
-0 -0 -0
-0 -0 -0
-0 -0 -0
-0 -0 -0
-0 -0 -0
-0 -0 -0
-0 -0 -0
-0 -0 -0
-0 -0 -0
-0 -0 -0
-0 -0 -0
-0 -0 -0
-0 -0 -0
-0 -0 -0
-0 -0 -0
-0 -0 -0
-0 -0 -0
-0 -0 -0
-0 -0 -0
-0 -0 -0
-0 -0 -0
-0 -0 -0
-0 -0 -0
-0 -0 -0
-0 -0 -0
-0 -0 -0
-0 -0 -0
-0 -0 -0
-0 -0 -0
-0 -0 -0
-0 -0 -0
-0 -0 -0
-0 -0 -0
-0 -0 -0
-0 -0 -0
-0 -0 -0
-0 -0 -0
-0 -0 -0
-0 -0 -0
-0 -0 -0
-0 -0 -0
-0 -0 -0
-0 -0 -0
-0 -0 -0
-0 -0 -0
-0 -0 -0
-0 -0 -0
-0 -0 -0
-0 -0 -0
-0 -0 -0
-0 -0 -0
-0 -0 -0
-0 -0 -0
-0 -0 -0
-0 -0 -0
-0 -0 -0
-0 -0 -0
-0 -0 -0
-0 -0 -0
-0 -0 -0
-0 -0 -0
-0 -0 -0
-0 -0 -0
-0 -0 -0
-0 -0 -0
-0 -0 -0
-0 -0 -0
-0 -0 -0
-0 -0 -0
-0 -0 -0
-0 -0 -0
-0 -0 -0
-0 -0 -0
-0 -0 -0
-0 -0 -0
-0 -0 -0
-0 -0 -0
-0 -0 -0
-0 -0 -0
-0 -0 -0
-0 -0 -0
-0 -0 -0
-0 -0 -0
-0 -0 -0
-0 -0 -0
-0 -0 -0
-0 -0 -0
-0 -0 -0
-0 -0 -0
-0 -0 -0
-0 -0 -0
-0 -0 -0
-0 -0 -0
-0 -0 -0
-0 -0 -0
-0 -0 -0
-0 -0 -0
-0 -0 -0
-0 -0 -0
-0 -0 -0
-0 -0 -0
-0 -0 -0
-0 -0 -0
-0 -0 -0
-0 -0 -0
-0 -0 -0
-0 -0 -0
-0 -0 -0
-0 -0 -0
-0 -0 -0
-0 -0 -0
-0 -0 -0
-0 -0 -0
-0 -0 -0
-0 -0 -0
-0 -0 -0
-0 -0 -0
-0 -0 -0
-0 -0 -0
-0 -0 -0
-0 -0 -0
-0 -0 -0
-0 -0 -0
-0 -0 -0
-0 -0 -0
-0 -0 -0
-0 -0 -0
-0 -0 -0
-0 -0 -0
-0 -0 -0
-0 -0 -0
-0 -0 -0
-0 -0 -0
-0 -0 -0
-0 -0 -0
-0 -0 -0
-0 -0 -0
-0 -0 -0
-0 -0 -0
-0 -0 -0
-0 -0 -0
-0 -0 -0
-0 -0 -0
-0 -0 -0
-0 -0 -0
-0 -0 -0
-0 -0 -0
-0 -0 -0
-0 -0 -0
-0 -0 -0
-0 -0 -0
-0 -0 -0
-0 -0 -0
-0 -0 -0
-0 -0 -0
-0 -0 -0
-0 -0 -0
-0 -0 -0
-0 -0 -0
-0 -0 -0
-0 -0 -0
-0 -0 -0
-0 -0 -0
-0 -0 -0
-0 -0 -0
-0 -0 -0
-0 -0 -0
-0 -0 -0
-0 -0 -0
-0 -0 -0
-0 -0 -0
-0 -0 -0
-0 -0 -0
-0 -0 -0
-0 -0 -0
-0 -0 -0
-0 -0 -0
-0 -0 -0
-0 -0 -0
-0 -0 -0
-0 -0 -0
-0 -0 -0
-0 -0 -0
-0 -0 -0
-0 -0 -0
-0 -0 -0
-0 -0 -0
-0 -0 -0
-0 -0 -0
-0 -0 -0
-0 -0 -0
-0 -0 -0
-0 -0 -0
-0 -0 -0
-0 -0 -0
-0 -0 -0
-0 -0 -0
-0 -0 -0
-0 -0 -0
-0 -0 -0
-0 -0 -0
-0 -0 -0
-0 -0 -0
-0 -0 -0
-0 -0 -0
-0 -0 -0
-0 -0 -0
-0 -0 -0
-0 -0 -0
-0 -0 -0
-0 -0 -0
-0 -0 -0
-0 -0 -0
-0 -0 -0
-0 -0 -0
-0 -0 -0
-0 -0 -0
-0 -0 -0
-0 -0 -0
-0 -0 -0
-0 -0 -0
-0 -0 -0
-0 -0 -0
-0 -0 -0
-0 -0 -0
-0 -0 -0
-0 -0 -0
-0 -0 -0
-0 -0 -0
-0 -0 -0
-0 -0 -0
-0 -0 -0
-0 -0 -0
-0 -0 -0
-0 -0 -0
-0 -0 -0
-0 -0 -0
-0 -0 -0
-0 -0 -0
-0 -0 -0
-0 -0 -0
-0 -0 -0
-0 -0 -0
-0 -0 -0
-0 -0 -0
-0 -0 -0
-0 -0 -0
-0 -0 -0
-0 -0 -0
-0 -0 -0
-0 -0 -0
-0 -0 -0
-0 -0 -0
-0 -0 -0
-0 -0 -0
-0 -0 -0
-0 -0 -0
-0 -0 -0
-0 -0 -0
-0 -0 -0
-0 -0 -0
-0 -0 -0
-0 -0 -0
-0 -0 -0
-0 -0 -0
-0 -0 -0
-0 -0 -0
-0 -0 -0
-0 -0 -0
-0 -0 -0
-0 -0 -0
-0 -0 -0
-0 -0 -0
-0 -0 -0
-0 -0 -0
-0 -0 -0
-0 -0 -0
-0 -0 -0
-0 -0 -0
-0 -0 -0
-0 -0 -0
-0 -0 -0
-0 -0 -0
-0 -0 -0
-0 -0 -0
-0 -0 -0
-0 -0 -0
-0 -0 -0
-0 -0 -0
-0 -0 -0
-0 -0 -0
-0 -0 -0
-0 -0 -0
-0 -0 -0
-0 -0 -0
-0 -0 -0
-0 -0 -0
-0 -0 -0
-0 -0 -0
-0 -0 -0
-0 -0 -0
-0 -0 -0
-0 -0 -0
-0 -0 -0
-0 -0 -0
-0 -0 -0
-0 -0 -0
-0 -0 -0
-0 -0 -0
-0 -0 -0
-0 -0 -0
-0 -0 -0
-0 -0 -0
-0 -0 -0
-0 -0 -0
-0 -0 -0
-0 -0 -0
-0 -0 -0
-0 -0 -0
-0 -0 -0
-0 -0 -0
-0 -0 -0
-0 -0 -0
-0 -0 -0
-0 -0 -0
-0 -0 -0
-0 -0 -0
-0 -0 -0
-0 -0 -0
-0 -0 -0
-0 -0 -0
-0 -0 -0
-0 -0 -0
-0 -0 -0
-0 -0 -0
-0 -0 -0
-0 -0 -0
-0 -0 -0
-0 -0 -0
-0 -0 -0
-0 -0 -0
-0 -0 -0
-0 -0 -0
-0 -0 -0
-0 -0 -0
-0 -0 -0
-0 -0 -0
-0 -0 -0
-0 -0 -0
-0 -0 -0
-0 -0 -0
-0 -0 -0
-0 -0 -0
-0 -0 -0
-0 -0 -0
-0 -0 -0
-0 -0 -0
-0 -0 -0
-0 -0 -0
-0 -0 -0
-0 -0 -0
-0 -0 -0
-0 -0 -0
-0 -0 -0
-0 -0 -0
-0 -0 -0
-0 -0 -0
-0 -0 -0
-0 -0 -0
-0 -0 -0
-0 -0 -0
-0 -0 -0
-0 -0 -0
-0 -0 -0
-0 -0 -0
-0 -0 -0
-0 -0 -0
-0 -0 -0
-0 -0 -0
-0 -0 -0
-0 -0 -0
-0 -0 -0
-0 -0 -0
-0 -0 -0
-0 -0 -0
-0 -0 -0
-0 -0 -0
-0 -0 -0
-0 -0 -0
-0 -0 -0
-0 -0 -0
-0 -0 -0
-0 -0 -0
-0 -0 -0
-0 -0 -0
-0 -0 -0
-0 -0 -0
-0 -0 -0
-0 -0 -0
-0 -0 -0
-0 -0 -0
-0 -0 -0
-0 -0 -0
-0 -0 -0
-0 -0 -0
-0 -0 -0
-0 -0 -0
-0 -0 -0
-0 -0 -0
-0 -0 -0
-0 -0 -0
-0 -0 -0
-0 -0 -0
-0 -0 -0
-0 -0 -0
-0 -0 -0
-0 -0 -0
-0 -0 -0
-0 -0 -0
-0 -0 -0
-0 -0 -0
-0 -0 -0
-0 -0 -0
-0 -0 -0
-0 -0 -0
-0 -0 -0
-0 -0 -0
-0 -0 -0
-0 -0 -0
-0 -0 -0
-0 -0 -0
-0 -0 -0
-0 -0 -0
-0 -0 -0
-0 -0 -0
-0 -0 -0
-0 -0 -0
-0 -0 -0
-0 -0 -0
-0 -0 -0
-0 -0 -0
-0 -0 -0
-0 -0 -0
-0 -0 -0
-0 -0 -0
-0 -0 -0
-0 -0 -0
-0 -0 -0
-0 -0 -0
-0 -0 -0
-0 -0 -0
-0 -0 -0
-0 -0 -0
-0 -0 -0
-0 -0 -0
-0 -0 -0
-0 -0 -0
-0 -0 -0
-0 -0 -0
-0 -0 -0
-0 -0 -0
-0 -0 -0
-0 -0 -0
-0 -0 -0
-0 -0 -0
-0 -0 -0
-0 -0 -0
-0 -0 -0
-0 -0 -0
-0 -0 -0
-0 -0 -0
-0 -0 -0
-0 -0 -0
-0 -0 -0
-0 -0 -0
-0 -0 -0
-0 -0 -0
-0 -0 -0
-0 -0 -0
-0 -0 -0
-0 -0 -0
-0 -0 -0
-0 -0 -0
-0 -0 -0
-0 -0 -0
-0 -0 -0
-0 -0 -0
-0 -0 -0
-0 -0 -0
-0 -0 -0
-0 -0 -0
-0 -0 -0
-0 -0 -0
-0 -0 -0
-0 -0 -0
-0 -0 -0
-0 -0 -0
-0 -0 -0
-0 -0 -0
-0 -0 -0
-0 -0 -0
-0 -0 -0
-0 -0 -0
-0 -0 -0
-0 -0 -0
-0 -0 -0
-0 -0 -0
-0 -0 -0
-0 -0 -0
-0 -0 -0
-0 -0 -0
-0 -0 -0
-0 -0 -0
-0 -0 -0
-0 -0 -0
-0 -0 -0
-0 -0 -0
-0 -0 -0
-0 -0 -0
-0 -0 -0
-0 -0 -0
-0 -0 -0
-0 -0 -0
-0 -0 -0
-0 -0 -0
-0 -0 -0
-0 -0 -0
-0 -0 -0
-0 -0 -0
-0 -0 -0
-0 -0 -0
-0 -0 -0
-0 -0 -0
-0 -0 -0
-0 -0 -0
-0 -0 -0
-0 -0 -0
-0 -0 -0
-0 -0 -0
-0 -0 -0
-0 -0 -0
-0 -0 -0
-0 -0 -0
-0 -0 -0
-0 -0 -0
-0 -0 -0
-0 -0 -0
-0 -0 -0
-0 -0 -0
-0 -0 -0
-0 -0 -0
-0 -0 -0
-0 -0 -0
-0 -0 -0
-0 -0 -0
-0 -0 -0
-0 -0 -0
-0 -0 -0
-0 -0 -0
-0 -0 -0
-0 -0 -0
-0 -0 -0
-0 -0 -0
-0 -0 -0
-0 -0 -0
-0 -0 -0
-0 -0 -0
-0 -0 -0
-0 -0 -0
-0 -0 -0
-0 -0 -0
-0 -0 -0
-0 -0 -0
-0 -0 -0
-0 -0 -0
-0 -0 -0
-0 -0 -0
-0 -0 -0
-0 -0 -0
-0 -0 -0
-0 -0 -0
-0 -0 -0
-0 -0 -0
-0 -0 -0
-0 -0 -0
-0 -0 -0
-0 -0 -0
-0 -0 -0
-0 -0 -0
-0 -0 -0
-0 -0 -0
-0 -0 -0
-0 -0 -0
-0 -0 -0
-0 -0 -0
-0 -0 -0
-0 -0 -0
-0 -0 -0
-0 -0 -0
-0 -0 -0
-0 -0 -0
-0 -0 -0
-0 -0 -0
-0 -0 -0
-0 -0 -0
-0 -0 -0
-0 -0 -0
-0 -0 -0
-0 -0 -0
-0 -0 -0
-0 -0 -0
-0 -0 -0
-0 -0 -0
-0 -0 -0
-0 -0 -0
-0 -0 -0
-0 -0 -0
-0 -0 -0
-0 -0 -0
-0 -0 -0
-0 -0 -0
-0 -0 -0
-0 -0 -0
-0 -0 -0
-0 -0 -0
-0 -0 -0
-0 -0 -0
-0 -0 -0
-0 -0 -0
-0 -0 -0
-0 -0 -0
-0 -0 -0
-0 -0 -0
-0 -0 -0
-0 -0 -0
-0 -0 -0
-0 -0 -0
-0 -0 -0
-0 -0 -0
-0 -0 -0
-0 -0 -0
-0 -0 -0
-0 -0 -0
-0 -0 -0
-0 -0 -0
-0 -0 -0
-0 -0 -0
-0 -0 -0
-0 -0 -0
-0 -0 -0
-0 -0 -0
-0 -0 -0
-0 -0 -0
-0 -0 -0
-0 -0 -0
-0 -0 -0
-0 -0 -0
-0 -0 -0
-0 -0 -0
-0 -0 -0
-0 -0 -0
-0 -0 -0
-0 -0 -0
-0 -0 -0
-0 -0 -0
-0 -0 -0
-0 -0 -0
-0 -0 -0
-0 -0 -0
-0 -0 -0
-0 -0 -0
-0 -0 -0
-0 -0 -0
-0 -0 -0
-0 -0 -0
-0 -0 -0
-0 -0 -0
-0 -0 -0
-0 -0 -0
-0 -0 -0
-0 -0 -0
-0 -0 -0
-0 -0 -0
-0 -0 -0
-0 -0 -0
-0 -0 -0
-0 -0 -0
-0 -0 -0
-0 -0 -0
-0 -0 -0
-0 -0 -0
-0 -0 -0
-0 -0 -0
-0 -0 -0
-0 -0 -0
-0 -0 -0
-0 -0 -0
-0 -0 -0
-0 -0 -0
-0 -0 -0
-0 -0 -0
-0 -0 -0
-0 -0 -0
-0 -0 -0
-0 -0 -0
-0 -0 -0
-0 -0 -0
-0 -0 -0
-0 -0 -0
-0 -0 -0
-0 -0 -0
-0 -0 -0
-0 -0 -0
-0 -0 -0
-0 -0 -0
-0 -0 -0
-0 -0 -0
-0 -0 -0
-0 -0 -0
-0 -0 -0
-0 -0 -0
-0 -0 -0
-0 -0 -0
-0 -0 -0
-0 -0 -0
-0 -0 -0
-0 -0 -0
-0 -0 -0
-0 -0 -0
-0 -0 -0
-0 -0 -0
-0 -0 -0
-0 -0 -0
-0 -0 -0
-0 -0 -0
-0 -0 -0
-0 -0 -0
-0 -0 -0
-0 -0 -0
-0 -0 -0
-0 -0 -0
-0 -0 -0
-0 -0 -0
-0 -0 -0
-0 -0 -0
-0 -0 -0
-0 -0 -0
-0 -0 -0
-0 -0 -0
-0 -0 -0
-0 -0 -0
-0 -0 -0
-0 -0 -0
-0 -0 -0
-0 -0 -0
-0 -0 -0
-0 -0 -0
-0 -0 -0
-0 -0 -0
-0 -0 -0
-0 -0 -0
-0 -0 -0
-0 -0 -0
-0 -0 -0
-0 -0 -0
-0 -0 -0
-0 -0 -0
-0 -0 -0
-0 -0 -0
-0 -0 -0
-0 -0 -0
-0 -0 -0
-0 -0 -0
-0 -0 -0
-0 -0 -0
-0 -0 -0
-0 -0 -0
-0 -0 -0
-0 -0 -0
-0 -0 -0
-0 -0 -0
-0 -0 -0
-0 -0 -0
-0 -0 -0
-0 -0 -0
-0 -0 -0
-0 -0 -0
-0 -0 -0
-0 -0 -0
-0 -0 -0
-0 -0 -0
-0 -0 -0
-0 -0 -0
-0 -0 -0
-0 -0 -0
-0 -0 -0
-0 -0 -0
-0 -0 -0
-0 -0 -0
-0 -0 -0
-0 -0 -0
-0 -0 -0
-0 -0 -0
-0 -0 -0
-0 -0 -0
-0 -0 -0
-0 -0 -0
-0 -0 -0
-0 -0 -0
-0 -0 -0
-0 -0 -0
-0 -0 -0
-0 -0 -0
-0 -0 -0
-0 -0 -0
-0 -0 -0
-0 -0 -0
-0 -0 -0
-0 -0 -0
-0 -0 -0
-0 -0 -0
-0 -0 -0
-0 -0 -0
-0 -0 -0
-0 -0 -0
-0 -0 -0
-0 -0 -0
-0 -0 -0
-0 -0 -0
-0 -0 -0
-0 -0 -0
-0 -0 -0
-0 -0 -0
-0 -0 -0
-0 -0 -0
-0 -0 -0
-0 -0 -0
-0 -0 -0
-0 -0 -0
-0 -0 -0
-0 -0 -0
-0 -0 -0
-0 -0 -0
-0 -0 -0
-0 -0 -0
-0 -0 -0
-0 -0 -0
-0 -0 -0
-0 -0 -0
-0 -0 -0
-0 -0 -0
-0 -0 -0
-0 -0 -0
-0 -0 -0
-0 -0 -0
-0 -0 -0
-0 -0 -0
-0 -0 -0
-0 -0 -0
-0 -0 -0
-0 -0 -0
-0 -0 -0
-0 -0 -0
-0 -0 -0
-0 -0 -0
-0 -0 -0
-0 -0 -0
-0 -0 -0
-0 -0 -0
-0 -0 -0
-0 -0 -0
-0 -0 -0
-0 -0 -0
-0 -0 -0
-0 -0 -0
-0 -0 -0
-0 -0 -0
-0 -0 -0
-0 -0 -0
-0 -0 -0
-0 -0 -0
-0 -0 -0
-0 -0 -0
-0 -0 -0
-0 -0 -0
-0 -0 -0
-0 -0 -0
-0 -0 -0
-0 -0 -0
-0 -0 -0
-0 -0 -0
-0 -0 -0
-0 -0 -0
-0 -0 -0
-0 -0 -0
-0 -0 -0
-0 -0 -0
-0 -0 -0
-0 -0 -0
-0 -0 -0
-0 -0 -0
-0 -0 -0
-0 -0 -0
-0 -0 -0
-0 -0 -0
-0 -0 -0
-0 -0 -0
-0 -0 -0
-0 -0 -0
-0 -0 -0
-0 -0 -0
-0 -0 -0
-0 -0 -0
-0 -0 -0
-0 -0 -0
-0 -0 -0
-0 -0 -0
-0 -0 -0
-0 -0 -0
-0 -0 -0
-0 -0 -0
-0 -0 -0
-0 -0 -0
-0 -0 -0
-0 -0 -0
-0 -0 -0
-0 -0 -0
-0 -0 -0
-0 -0 -0
-0 -0 -0
-0 -0 -0
-0 -0 -0
-0 -0 -0
-0 -0 -0
-0 -0 -0
-0 -0 -0
-0 -0 -0
-0 -0 -0
-0 -0 -0
-0 -0 -0
-0 -0 -0
-0 -0 -0
-0 -0 -0
-0 -0 -0
-0 -0 -0
-0 -0 -0
-0 -0 -0
-0 -0 -0
-0 -0 -0
-0 -0 -0
-0 -0 -0
-0 -0 -0
-0 -0 -0
-0 -0 -0
-0 -0 -0
-0 -0 -0
-0 -0 -0
-0 -0 -0
-0 -0 -0
-0 -0 -0
-0 -0 -0
-0 -0 -0
-0 -0 -0
-0 -0 -0
-0 -0 -0
-0 -0 -0
-0 -0 -0
-0 -0 -0
-0 -0 -0
-0 -0 -0
-0 -0 -0
-0 -0 -0
-0 -0 -0
-0 -0 -0
-0 -0 -0
-0 -0 -0
-0 -0 -0
-0 -0 -0
-0 -0 -0
-0 -0 -0
-0 -0 -0
-0 -0 -0
-0 -0 -0
-0 -0 -0
-0 -0 -0
-0 -0 -0
-0 -0 -0
-0 -0 -0
-0 -0 -0
-0 -0 -0
-0 -0 -0
-0 -0 -0
-0 -0 -0
-0 -0 -0
-0 -0 -0
-0 -0 -0
-0 -0 -0
-0 -0 -0
-0 -0 -0
-0 -0 -0
-0 -0 -0
-0 -0 -0
-0 -0 -0
-0 -0 -0
-0 -0 -0
-0 -0 -0
-0 -0 -0
-0 -0 -0
-0 -0 -0
-0 -0 -0
-0 -0 -0
-0 -0 -0
-0 -0 -0
-0 -0 -0
-0 -0 -0
-0 -0 -0
-0 -0 -0
-0 -0 -0
-0 -0 -0
-0 -0 -0
-0 -0 -0
-0 -0 -0
-0 -0 -0
-0 -0 -0
-0 -0 -0
-0 -0 -0
-0 -0 -0
-0 -0 -0
-0 -0 -0
-0 -0 -0
-0 -0 -0
-0 -0 -0
-0 -0 -0
-0 -0 -0
-0 -0 -0
-0 -0 -0
-0 -0 -0
-0 -0 -0
-0 -0 -0
-0 -0 -0
-0 -0 -0
-0 -0 -0
-0 -0 -0
-0 -0 -0
-0 -0 -0
-0 -0 -0
-0 -0 -0
-0 -0 -0
-0 -0 -0
-0 -0 -0
-0 -0 -0
-0 -0 -0
-0 -0 -0
-0 -0 -0
-0 -0 -0
-0 -0 -0
-0 -0 -0
-0 -0 -0
-0 -0 -0
-0 -0 -0
-0 -0 -0
-0 -0 -0
-0 -0 -0
-0 -0 -0
-0 -0 -0
-0 -0 -0
-0 -0 -0
-0 -0 -0
-0 -0 -0
-0 -0 -0
-0 -0 -0
-0 -0 -0
-0 -0 -0
-0 -0 -0
-0 -0 -0
-0 -0 -0
-0 -0 -0
-0 -0 -0
-0 -0 -0
-0 -0 -0
-0 -0 -0
-0 -0 -0
-0 -0 -0
-0 -0 -0
-0 -0 -0
-0 -0 -0
-0 -0 -0
-0 -0 -0
-0 -0 -0
-0 -0 -0
-0 -0 -0
-0 -0 -0
-0 -0 -0
-0 -0 -0
-0 -0 -0
-0 -0 -0
-0 -0 -0
-0 -0 -0
-0 -0 -0
-0 -0 -0
-0 -0 -0
-0 -0 -0
-0 -0 -0
-0 -0 -0
-0 -0 -0
-0 -0 -0
-0 -0 -0
-0 -0 -0
-0 -0 -0
-0 -0 -0
-0 -0 -0
-0 -0 -0
-0 -0 -0
-0 -0 -0
-0 -0 -0
-0 -0 -0
-0 -0 -0
-0 -0 -0
-0 -0 -0
-0 -0 -0
-0 -0 -0
-0 -0 -0
-0 -0 -0
-0 -0 -0
-0 -0 -0
-0 -0 -0
-0 -0 -0
-0 -0 -0
-0 -0 -0
-0 -0 -0
-0 -0 -0
-0 -0 -0
-0 -0 -0
-0 -0 -0
-0 -0 -0
-0 -0 -0
-0 -0 -0
-0 -0 -0
-0 -0 -0
-0 -0 -0
-0 -0 -0
-0 -0 -0
-0 -0 -0
-0 -0 -0
-0 -0 -0
-0 -0 -0
-0 -0 -0
-0 -0 -0
-0 -0 -0
-0 -0 -0
-0 -0 -0
-0 -0 -0
-0 -0 -0
-0 -0 -0
-0 -0 -0
-0 -0 -0
-0 -0 -0
-0 -0 -0
-0 -0 -0
-0 -0 -0
-0 -0 -0
-0 -0 -0
-0 -0 -0
-0 -0 -0
-0 -0 -0
-0 -0 -0
-0 -0 -0
-0 -0 -0
-0 -0 -0
-0 -0 -0
-0 -0 -0
-0 -0 -0
-0 -0 -0
-0 -0 -0
-0 -0 -0
-0 -0 -0
-0 -0 -0
-0 -0 -0
-0 -0 -0
-0 -0 -0
-0 -0 -0
-0 -0 -0
-0 -0 -0
-0 -0 -0
-0 -0 -0
-0 -0 -0
-0 -0 -0
-0 -0 -0
-0 -0 -0
-0 -0 -0
-0 -0 -0
-0 -0 -0
-0 -0 -0
-0 -0 -0
-0 -0 -0
-0 -0 -0
-0 -0 -0
-0 -0 -0
-0 -0 -0
-0 -0 -0
-0 -0 -0
-0 -0 -0
-0 -0 -0
-0 -0 -0
-0 -0 -0
-0 -0 -0
-0 -0 -0
-0 -0 -0
-0 -0 -0
-0 -0 -0
-0 -0 -0
-0 -0 -0
-0 -0 -0
-0 -0 -0
-0 -0 -0
-0 -0 -0
-0 -0 -0
-0 -0 -0
-0 -0 -0
-0 -0 -0
-0 -0 -0
-0 -0 -0
-0 -0 -0
-0 -0 -0
-0 -0 -0
-0 -0 -0
-0 -0 -0
-0 -0 -0
-0 -0 -0
-0 -0 -0
-0 -0 -0
-0 -0 -0
-0 -0 -0
-0 -0 -0
-0 -0 -0
-0 -0 -0
-0 -0 -0
-0 -0 -0
-0 -0 -0
-0 -0 -0
-0 -0 -0
-0 -0 -0
-0 -0 -0
-0 -0 -0
-0 -0 -0
-0 -0 -0
-0 -0 -0
-0 -0 -0
-0 -0 -0
-0 -0 -0
-0 -0 -0
-0 -0 -0
-0 -0 -0
-0 -0 -0
-0 -0 -0
-0 -0 -0
-0 -0 -0
-0 -0 -0
-0 -0 -0
-0 -0 -0
-0 -0 -0
-0 -0 -0
-0 -0 -0
-0 -0 -0
-0 -0 -0
-0 -0 -0
-0 -0 -0
-0 -0 -0
-0 -0 -0
-0 -0 -0
-0 -0 -0
-0 -0 -0
-0 -0 -0
-0 -0 -0
-0 -0 -0
-0 -0 -0
-0 -0 -0
-0 -0 -0
-0 -0 -0
-0 -0 -0
-0 -0 -0
-0 -0 -0
-0 -0 -0
-0 -0 -0
-0 -0 -0
-0 -0 -0
-0 -0 -0
-0 -0 -0
-0 -0 -0
-0 -0 -0
-0 -0 -0
-0 -0 -0
-0 -0 -0
-0 -0 -0
-0 -0 -0
-0 -0 -0
-0 -0 -0
-0 -0 -0
-0 -0 -0
-0 -0 -0
-0 -0 -0
-0 -0 -0
-0 -0 -0
-0 -0 -0
-0 -0 -0
-0 -0 -0
-0 -0 -0
-0 -0 -0
-0 -0 -0
-0 -0 -0
-0 -0 -0
-0 -0 -0
-0 -0 -0
-0 -0 -0
-0 -0 -0
-0 -0 -0
-0 -0 -0
-0 -0 -0
-0 -0 -0
-0 -0 -0
-0 -0 -0
-0 -0 -0
-0 -0 -0
-0 -0 -0
-0 -0 -0
-0 -0 -0
-0 -0 -0
-0 -0 -0
-0 -0 -0
-0 -0 -0
-0 -0 -0
-0 -0 -0
-0 -0 -0
-0 -0 -0
-0 -0 -0
-0 -0 -0
-0 -0 -0
-0 -0 -0
-0 -0 -0
-0 -0 -0
-0 -0 -0
-0 -0 -0
-0 -0 -0
-0 -0 -0
-0 -0 -0
-0 -0 -0
-0 -0 -0
-0 -0 -0
-0 -0 -0
-0 -0 -0
-0 -0 -0
-0 -0 -0
-0 -0 -0
-0 -0 -0
-0 -0 -0
-0 -0 -0
-0 -0 -0
-0 -0 -0
-0 -0 -0
-0 -0 -0
-0 -0 -0
-0 -0 -0
-0 -0 -0
-0 -0 -0
-0 -0 -0
-0 -0 -0
-0 -0 -0
-0 -0 -0
-0 -0 -0
-0 -0 -0
-0 -0 -0
-0 -0 -0
-0 -0 -0
-0 -0 -0
-0 -0 -0
-0 -0 -0
-0 -0 -0
-0 -0 -0
-0 -0 -0
-0 -0 -0
-0 -0 -0
-0 -0 -0
-0 -0 -0
-0 -0 -0
-0 -0 -0
-0 -0 -0
-0 -0 -0
-0 -0 -0
-0 -0 -0
-0 -0 -0
-0 -0 -0
-0 -0 -0
-0 -0 -0
-0 -0 -0
-0 -0 -0
-0 -0 -0
-0 -0 -0
-0 -0 -0
-0 -0 -0
-0 -0 -0
-0 -0 -0
-0 -0 -0
-0 -0 -0
-0 -0 -0
-0 -0 -0
-0 -0 -0
-0 -0 -0
-0 -0 -0
-0 -0 -0
-0 -0 -0
-0 -0 -0
-0 -0 -0
-0 -0 -0
-0 -0 -0
-0 -0 -0
-0 -0 -0
-0 -0 -0
-0 -0 -0
-0 -0 -0
-0 -0 -0
-0 -0 -0
-0 -0 -0
-0 -0 -0
-0 -0 -0
-0 -0 -0
-0 -0 -0
-0 -0 -0
-0 -0 -0
-0 -0 -0
-0 -0 -0
-0 -0 -0
-0 -0 -0
-0 -0 -0
-0 -0 -0
-0 -0 -0
-0 -0 -0
-0 -0 -0
-0 -0 -0
-0 -0 -0
-0 -0 -0
-0 -0 -0
-0 -0 -0
-0 -0 -0
-0 -0 -0
-0 -0 -0
-0 -0 -0
-0 -0 -0
-0 -0 -0
-0 -0 -0
-0 -0 -0
-0 -0 -0
-0 -0 -0
-0 -0 -0
-0 -0 -0
-0 -0 -0
-0 -0 -0
-0 -0 -0
-0 -0 -0
-0 -0 -0
-0 -0 -0
-0 -0 -0
-0 -0 -0
-0 -0 -0
-0 -0 -0
-0 -0 -0
-0 -0 -0
-0 -0 -0
-0 -0 -0
-0 -0 -0
-0 -0 -0
-0 -0 -0
-0 -0 -0
-0 -0 -0
-0 -0 -0
-0 -0 -0
-0 -0 -0
-0 -0 -0
-0 -0 -0
-0 -0 -0
-0 -0 -0
-0 -0 -0
-0 -0 -0
-0 -0 -0
-0 -0 -0
-0 -0 -0
-0 -0 -0
-0 -0 -0
-0 -0 -0
-0 -0 -0
-0 -0 -0
-0 -0 -0
-0 -0 -0
-0 -0 -0
-0 -0 -0
-0 -0 -0
-0 -0 -0
-0 -0 -0
-0 -0 -0
-0 -0 -0
-0 -0 -0
-0 -0 -0
-0 -0 -0
-0 -0 -0
-0 -0 -0
-0 -0 -0
-0 -0 -0
-0 -0 -0
-0 -0 -0
-0 -0 -0
-0 -0 -0
-0 -0 -0
-0 -0 -0
-0 -0 -0
-0 -0 -0
-0 -0 -0
-0 -0 -0
-0 -0 -0
-0 -0 -0
-0 -0 -0
-0 -0 -0
-0 -0 -0
-0 -0 -0
-0 -0 -0
-0 -0 -0
-0 -0 -0
-0 -0 -0
-0 -0 -0
-0 -0 -0
-0 -0 -0
-0 -0 -0
-0 -0 -0
-0 -0 -0
-0 -0 -0
-0 -0 -0
-0 -0 -0
-0 -0 -0
-0 -0 -0
-0 -0 -0
-0 -0 -0
-0 -0 -0
-0 -0 -0
-0 -0 -0
-0 -0 -0
-0 -0 -0
-0 -0 -0
-0 -0 -0
-0 -0 -0
-0 -0 -0
-0 -0 -0
-0 -0 -0
-0 -0 -0
-0 -0 -0
-0 -0 -0
-0 -0 -0
-0 -0 -0
-0 -0 -0
-0 -0 -0
-0 -0 -0
-0 -0 -0
-0 -0 -0
-0 -0 -0
-0 -0 -0
-0 -0 -0
-0 -0 -0
-0 -0 -0
-0 -0 -0
-0 -0 -0
-0 -0 -0
-0 -0 -0
-0 -0 -0
-0 -0 -0
-0 -0 -0
-0 -0 -0
-0 -0 -0
-0 -0 -0
-0 -0 -0
-0 -0 -0
-0 -0 -0
-0 -0 -0
-0 -0 -0
-0 -0 -0
-0 -0 -0
-0 -0 -0
-0 -0 -0
-0 -0 -0
-0 -0 -0
-0 -0 -0
-0 -0 -0
-0 -0 -0
-0 -0 -0
-0 -0 -0
-0 -0 -0
-0 -0 -0
-0 -0 -0
-0 -0 -0
-0 -0 -0
-0 -0 -0
-0 -0 -0
-0 -0 -0
-0 -0 -0
-0 -0 -0
-0 -0 -0
-0 -0 -0
-0 -0 -0
-0 -0 -0
-0 -0 -0
-0 -0 -0
-0 -0 -0
-0 -0 -0
-0 -0 -0
-0 -0 -0
-0 -0 -0
-0 -0 -0
-0 -0 -0
-0 -0 -0
-0 -0 -0
-0 -0 -0
-0 -0 -0
-0 -0 -0
-0 -0 -0
-0 -0 -0
-0 -0 -0
-0 -0 -0
-0 -0 -0
-0 -0 -0
-0 -0 -0
-0 -0 -0
-0 -0 -0
-0 -0 -0
-0 -0 -0
-0 -0 -0
-0 -0 -0
-0 -0 -0
-0 -0 -0
-0 -0 -0
-0 -0 -0
-0 -0 -0
-0 -0 -0
-0 -0 -0
-0 -0 -0
-0 -0 -0
-0 -0 -0
-0 -0 -0
-0 -0 -0
-0 -0 -0
-0 -0 -0
-0 -0 -0
-0 -0 -0
-0 -0 -0
-0 -0 -0
-0 -0 -0
-0 -0 -0
-0 -0 -0
-0 -0 -0
-0 -0 -0
-0 -0 -0
-0 -0 -0
-0 -0 -0
-0 -0 -0
-0 -0 -0
-0 -0 -0
-0 -0 -0
-0 -0 -0
-0 -0 -0
-0 -0 -0
-0 -0 -0
-0 -0 -0
-0 -0 -0
-0 -0 -0
-0 -0 -0
-0 -0 -0
-0 -0 -0
-0 -0 -0
-0 -0 -0
-0 -0 -0
-0 -0 -0
-0 -0 -0
-0 -0 -0
-0 -0 -0
-0 -0 -0
-0 -0 -0
-0 -0 -0
-0 -0 -0
-0 -0 -0
-0 -0 -0
-0 -0 -0
-0 -0 -0
-0 -0 -0
-0 -0 -0
-0 -0 -0
-0 -0 -0
-0 -0 -0
-0 -0 -0
-0 -0 -0
-0 -0 -0
-0 -0 -0
-0 -0 -0
-0 -0 -0
-0 -0 -0
-0 -0 -0
-0 -0 -0
-0 -0 -0
-0 -0 -0
-0 -0 -0
-0 -0 -0
-0 -0 -0
-0 -0 -0
-0 -0 -0
-0 -0 -0
-0 -0 -0
-0 -0 -0
-0 -0 -0
-0 -0 -0
-0 -0 -0
-0 -0 -0
-0 -0 -0
-0 -0 -0
-0 -0 -0
-0 -0 -0
-0 -0 -0
-0 -0 -0
-0 -0 -0
-0 -0 -0
-0 -0 -0
-0 -0 -0
-0 -0 -0
-0 -0 -0
-0 -0 -0
-0 -0 -0
-0 -0 -0
-0 -0 -0
-0 -0 -0
-0 -0 -0
-0 -0 -0
-0 -0 -0
-0 -0 -0
-0 -0 -0
-0 -0 -0
-0 -0 -0
-0 -0 -0
-0 -0 -0
-0 -0 -0
-0 -0 -0
-0 -0 -0
-0 -0 -0
-0 -0 -0
-0 -0 -0
-0 -0 -0
-0 -0 -0
-0 -0 -0
-0 -0 -0
-0 -0 -0
-0 -0 -0
-0 -0 -0
-0 -0 -0
-0 -0 -0
-0 -0 -0
-0 -0 -0
-0 -0 -0
-0 -0 -0
-0 -0 -0
-0 -0 -0
-0 -0 -0
-0 -0 -0
-0 -0 -0
-0 -0 -0
-0 -0 -0
-0 -0 -0
-0 -0 -0
-0 -0 -0
-0 -0 -0
-0 -0 -0
-0 -0 -0
-0 -0 -0
-0 -0 -0
-0 -0 -0
-0 -0 -0
-0 -0 -0
-0 -0 -0
-0 -0 -0
-0 -0 -0
-0 -0 -0
-0 -0 -0
-0 -0 -0
-0 -0 -0
-0 -0 -0
-0 -0 -0
-0 -0 -0
-0 -0 -0
-0 -0 -0
-0 -0 -0
-0 -0 -0
-0 -0 -0
-0 -0 -0
-0 -0 -0
-0 -0 -0
-0 -0 -0
-0 -0 -0
-0 -0 -0
-0 -0 -0
-0 -0 -0
-0 -0 -0
-0 -0 -0
-0 -0 -0
-0 -0 -0
-0 -0 -0
-0 -0 -0
-0 -0 -0
-0 -0 -0
-0 -0 -0
-0 -0 -0
-0 -0 -0
-0 -0 -0
-0 -0 -0
-0 -0 -0
-0 -0 -0
-0 -0 -0
-0 -0 -0
-0 -0 -0
-0 -0 -0
-0 -0 -0
-0 -0 -0
-0 -0 -0
-0 -0 -0
-0 -0 -0
-0 -0 -0
-0 -0 -0
-0 -0 -0
-0 -0 -0
-0 -0 -0
-0 -0 -0
-0 -0 -0
-0 -0 -0
-0 -0 -0
-0 -0 -0
-0 -0 -0
-0 -0 -0
-0 -0 -0
-0 -0 -0
-0 -0 -0
-0 -0 -0
-0 -0 -0
-0 -0 -0
-0 -0 -0
-0 -0 -0
-0 -0 -0
-0 -0 -0
-0 -0 -0
-0 -0 -0
-0 -0 -0
-0 -0 -0
-0 -0 -0
-0 -0 -0
-0 -0 -0
-0 -0 -0
-0 -0 -0
-0 -0 -0
-0 -0 -0
-0 -0 -0
-0 -0 -0
-0 -0 -0
-0 -0 -0
-0 -0 -0
-0 -0 -0
-0 -0 -0
-0 -0 -0
-0 -0 -0
-0 -0 -0
-0 -0 -0
-0 -0 -0
-0 -0 -0
-0 -0 -0
-0 -0 -0
-0 -0 -0
-0 -0 -0
-0 -0 -0
-0 -0 -0
-0 -0 -0
-0 -0 -0
-0 -0 -0
-0 -0 -0
-0 -0 -0
-0 -0 -0
-0 -0 -0
-0 -0 -0
-0 -0 -0
-0 -0 -0
-0 -0 -0
-0 -0 -0
-0 -0 -0
-0 -0 -0
-0 -0 -0
-0 -0 -0
-0 -0 -0
-0 -0 -0
-0 -0 -0
-0 -0 -0
-0 -0 -0
-0 -0 -0
-0 -0 -0
-0 -0 -0
-0 -0 -0
-0 -0 -0
-0 -0 -0
-0 -0 -0
-0 -0 -0
-0 -0 -0
-0 -0 -0
-0 -0 -0
-0 -0 -0
-0 -0 -0
-0 -0 -0
-0 -0 -0
-0 -0 -0
-0 -0 -0
-0 -0 -0
-0 -0 -0
-0 -0 -0
-0 -0 -0
-0 -0 -0
-0 -0 -0
-0 -0 -0
-0 -0 -0
-0 -0 -0
-0 -0 -0
-0 -0 -0
-0 -0 -0
-0 -0 -0
-0 -0 -0
-0 -0 -0
-0 -0 -0
-0 -0 -0
-0 -0 -0
-0 -0 -0
-0 -0 -0
-0 -0 -0
-0 -0 -0
-0 -0 -0
-0 -0 -0
-0 -0 -0
-0 -0 -0
-0 -0 -0
-0 -0 -0
-0 -0 -0
-0 -0 -0
-0 -0 -0
-0 -0 -0
-0 -0 -0
-0 -0 -0
-0 -0 -0
-0 -0 -0
-0 -0 -0
-0 -0 -0
-0 -0 -0
-0 -0 -0
-0 -0 -0
-0 -0 -0
-0 -0 -0
-0 -0 -0
-0 -0 -0
-0 -0 -0
-0 -0 -0
-0 -0 -0
-0 -0 -0
-0 -0 -0
-0 -0 -0
-0 -0 -0
-0 -0 -0
-0 -0 -0
-0 -0 -0
-0 -0 -0
-0 -0 -0
-0 -0 -0
-0 -0 -0
-0 -0 -0
-0 -0 -0
-0 -0 -0
-0 -0 -0
-0 -0 -0
-0 -0 -0
-0 -0 -0
-0 -0 -0
-0 -0 -0
-0 -0 -0
-0 -0 -0
-0 -0 -0
-0 -0 -0
-0 -0 -0
-0 -0 -0
-0 -0 -0
-0 -0 -0
-0 -0 -0
-0 -0 -0
-0 -0 -0
-0 -0 -0
-0 -0 -0
-0 -0 -0
-0 -0 -0
-0 -0 -0
-0 -0 -0
-0 -0 -0
-0 -0 -0
-0 -0 -0
-0 -0 -0
-0 -0 -0
-0 -0 -0
-0 -0 -0
-0 -0 -0
-0 -0 -0
-0 -0 -0
-0 -0 -0
-0 -0 -0
-0 -0 -0
-0 -0 -0
-0 -0 -0
-0 -0 -0
-0 -0 -0
-0 -0 -0
-0 -0 -0
-0 -0 -0
-0 -0 -0
-0 -0 -0
-0 -0 -0
-0 -0 -0
-0 -0 -0
-0 -0 -0
-0 -0 -0
-0 -0 -0
-0 -0 -0
-0 -0 -0
-0 -0 -0
-0 -0 -0
-0 -0 -0
-0 -0 -0
-0 -0 -0
-0 -0 -0
-0 -0 -0
-0 -0 -0
-0 -0 -0
-0 -0 -0
-0 -0 -0
-0 -0 -0
-0 -0 -0
-0 -0 -0
-0 -0 -0
-0 -0 -0
-0 -0 -0
-0 -0 -0
-0 -0 -0
-0 -0 -0
-0 -0 -0
-0 -0 -0
-0 -0 -0
-0 -0 -0
-0 -0 -0
-0 -0 -0
-0 -0 -0
-0 -0 -0
-0 -0 -0
-0 -0 -0
-0 -0 -0
-0 -0 -0
-0 -0 -0
-0 -0 -0
-0 -0 -0
-0 -0 -0
-0 -0 -0
-0 -0 -0
-0 -0 -0
-0 -0 -0
-0 -0 -0
-0 -0 -0
-0 -0 -0
-0 -0 -0
-0 -0 -0
-0 -0 -0
-0 -0 -0
-0 -0 -0
-0 -0 -0
-0 -0 -0
-0 -0 -0
-0 -0 -0
-0 -0 -0
-0 -0 -0
-0 -0 -0
-0 -0 -0
-0 -0 -0
-0 -0 -0
-0 -0 -0
-0 -0 -0
-0 -0 -0
-0 -0 -0
-0 -0 -0
-0 -0 -0
-0 -0 -0
-0 -0 -0
-0 -0 -0
-0 -0 -0
-0 -0 -0
-0 -0 -0
-0 -0 -0
-0 -0 -0
-0 -0 -0
-0 -0 -0
-0 -0 -0
-0 -0 -0
-0 -0 -0
-0 -0 -0
-0 -0 -0
-0 -0 -0
-0 -0 -0
-0 -0 -0
-0 -0 -0
-0 -0 -0
-0 -0 -0
-0 -0 -0
-0 -0 -0
-0 -0 -0
-0 -0 -0
-0 -0 -0
-0 -0 -0
-0 -0 -0
-0 -0 -0
-0 -0 -0
-0 -0 -0
-0 -0 -0
-0 -0 -0
-0 -0 -0
-0 -0 -0
-0 -0 -0
-0 -0 -0
-0 -0 -0
-0 -0 -0
-0 -0 -0
-0 -0 -0
-0 -0 -0
-0 -0 -0
-0 -0 -0
-0 -0 -0
-0 -0 -0
-0 -0 -0
-0 -0 -0
-0 -0 -0
-0 -0 -0
-0 -0 -0
-0 -0 -0
-0 -0 -0
-0 -0 -0
-0 -0 -0
-0 -0 -0
-0 -0 -0
-0 -0 -0
-0 -0 -0
-0 -0 -0
-0 -0 -0
-0 -0 -0
-0 -0 -0
-0 -0 -0
-0 -0 -0
-0 -0 -0
-0 -0 -0
-0 -0 -0
-0 -0 -0
-0 -0 -0
-0 -0 -0
-0 -0 -0
-0 -0 -0
-0 -0 -0
-0 -0 -0
-0 -0 -0
-0 -0 -0
-0 -0 -0
-0 -0 -0
-0 -0 -0
-0 -0 -0
-0 -0 -0
-0 -0 -0
-0 -0 -0
-0 -0 -0
-0 -0 -0
-0 -0 -0
-0 -0 -0
-0 -0 -0
-0 -0 -0
-0 -0 -0
-0 -0 -0
-0 -0 -0
-0 -0 -0
-0 -0 -0
-0 -0 -0
-0 -0 -0
-0 -0 -0
-0 -0 -0
-0 -0 -0
-0 -0 -0
-0 -0 -0
-0 -0 -0
-0 -0 -0
-0 -0 -0
-0 -0 -0
-0 -0 -0
-0 -0 -0
-0 -0 -0
-0 -0 -0
-0 -0 -0
-0 -0 -0
-0 -0 -0
-0 -0 -0
-0 -0 -0
-0 -0 -0
-0 -0 -0
-0 -0 -0
-0 -0 -0
-0 -0 -0
-0 -0 -0
-0 -0 -0
-0 -0 -0
-0 -0 -0
-0 -0 -0
-0 -0 -0
-0 -0 -0
-0 -0 -0
-0 -0 -0
-0 -0 -0
-0 -0 -0
-0 -0 -0
-0 -0 -0
-0 -0 -0
-0 -0 -0
-0 -0 -0
-0 -0 -0
-0 -0 -0
-0 -0 -0
-0 -0 -0
-0 -0 -0
-0 -0 -0
-0 -0 -0
-0 -0 -0
-0 -0 -0
-0 -0 -0
-0 -0 -0
-0 -0 -0
-0 -0 -0
-0 -0 -0
-0 -0 -0
-0 -0 -0
-0 -0 -0
-0 -0 -0
-0 -0 -0
-0 -0 -0
-0 -0 -0
-0 -0 -0
-0 -0 -0
-0 -0 -0
-0 -0 -0
-0 -0 -0
-0 -0 -0
-0 -0 -0
-0 -0 -0
-0 -0 -0
-0 -0 -0
-0 -0 -0
-0 -0 -0
-0 -0 -0
-0 -0 -0
-0 -0 -0
-0 -0 -0
-0 -0 -0
-0 -0 -0
-0 -0 -0
-0 -0 -0
-0 -0 -0
-0 -0 -0
-0 -0 -0
-0 -0 -0
-0 -0 -0
-0 -0 -0
-0 -0 -0
-0 -0 -0
-0 -0 -0
-0 -0 -0
-0 -0 -0
-0 -0 -0
-0 -0 -0
-0 -0 -0
-0 -0 -0
-0 -0 -0
-0 -0 -0
-0 -0 -0
-0 -0 -0
-0 -0 -0
-0 -0 -0
-0 -0 -0
-0 -0 -0
-0 -0 -0
-0 -0 -0
-0 -0 -0
-0 -0 -0
-0 -0 -0
-0 -0 -0
-0 -0 -0
-0 -0 -0
-0 -0 -0
-0 -0 -0
-0 -0 -0
-0 -0 -0
-0 -0 -0
-0 -0 -0
-0 -0 -0
-0 -0 -0
-0 -0 -0
-0 -0 -0
-0 -0 -0
-0 -0 -0
-0 -0 -0
-0 -0 -0
-0 -0 -0
-0 -0 -0
-0 -0 -0
-0 -0 -0
-0 -0 -0
-0 -0 -0
-0 -0 -0
-0 -0 -0
-0 -0 -0
-0 -0 -0
-0 -0 -0
-0 -0 -0
-0 -0 -0
-0 -0 -0
-0 -0 -0
-0 -0 -0
-0 -0 -0
-0 -0 -0
-0 -0 -0
-0 -0 -0
-0 -0 -0
-0 -0 -0
-0 -0 -0
-0 -0 -0
-0 -0 -0
-0 -0 -0
-0 -0 -0
-0 -0 -0
-0 -0 -0
-0 -0 -0
-0 -0 -0
-0 -0 -0
-0 -0 -0
-0 -0 -0
-0 -0 -0
-0 -0 -0
-0 -0 -0
-0 -0 -0
-0 -0 -0
-0 -0 -0
-0 -0 -0
-0 -0 -0
-0 -0 -0
-0 -0 -0
-0 -0 -0
-0 -0 -0
-0 -0 -0
-0 -0 -0
-0 -0 -0
-0 -0 -0
-0 -0 -0
-0 -0 -0
-0 -0 -0
-0 -0 -0
-0 -0 -0
-0 -0 -0
-0 -0 -0
-0 -0 -0
-0 -0 -0
-0 -0 -0
-0 -0 -0
-0 -0 -0
-0 -0 -0
-0 -0 -0
-0 -0 -0
-0 -0 -0
-0 -0 -0
-0 -0 -0
-0 -0 -0
-0 -0 -0
-0 -0 -0
-0 -0 -0
-0 -0 -0
-0 -0 -0
-0 -0 -0
-0 -0 -0
-0 -0 -0
-0 -0 -0
-0 -0 -0
-0 -0 -0
-0 -0 -0
-0 -0 -0
-0 -0 -0
-0 -0 -0
-0 -0 -0
SCALARS density float 1
LOOKUP_TABLE default
218.89968808665321
293.37853050927777
336.20907450848597
292.30186317742789
389.53853509090925
445.54461365651855
338.48821227757685
449.99580769476358
513.95267736540609
358.80399907061269
476.54520508149062
543.78483071751089
350.37067657836781
350.60662494867609
348.49378640182761
347.80702930428004
348.68420104771667
464.27394585687364
464.83010120588654
462.18716137094839
461.34215126482763
462.49341134591896
350.70908496919344
350.02224580122459
335.10490464113195
291.06295445148862
214.16847836541464
465.11272795015532
464.0436281325625
444.36791045814869
387.07003343026838
287.87908564775387
535.3337076834265
536.04847925514059
533.18330691288168
532.31743018175291
533.66127281027877
566.16986561426904
566.99785375253214
564.19173921721642
563.41413366268353
564.86044336715838
536.61625909556926
535.15287121901065
511.93594115268127
445.26012685154399
330.63376822658995
567.88431875533956
565.95810090938505
540.46848241859288
468.08758130294495
344.63862283466358
364.0522825813357
360.11641831452482
483.54564472501841
551.70523844720435
478.35456747828323
546.07979947212527
341.13370775992485
453.43407855727753
518.16994784192036
295.8120043178684
393.84615409676633
450.73426397971707
222.65746412902709
297.61253245185242
341.07777034290632
574.44391077240653
575.5055286703689
572.89360356617522
569.03242680255312
570.43068505719157
568.05444014309751
572.2419189239663
573.72490251290344
567.52098408705592
568.99594171640035
540.54451496411184
542.29165787360375
540.19553430147471
539.76246385612194
541.16707535688693
576.65853448117502
574.24971123362218
547.46430119309855
571.77042511826335
568.96795834829493
541.74357931933275
472.47032909575182
344.81090821603027
466.78087982888883
339.67255021916765
543.70619202051557
540.72763628435428
514.61212368594488
443.55820015152062
323.85071620981898
470.65287954968744
472.4697502530903
470.75070133831252
470.41435780562631
471.64474311671847
356.30557540946154
357.72023868195947
356.45144225290778
356.21417125789333
357.15737991851017
473.80162531220128
471.06649994015788
448.32482800626838
386.96755711630681
283.6419762985081
358.80323945912335
356.80889762242703
339.69841514985342
293.22006112318149
214.5224437139091
292.67847878591692
389.85064488076273
445.66729600994802
389.86208363211836
516.81093489030377
590.10838376540448
451.17529765135112
596.7693142534232
680.74455739432562
478.18331421014568
631.90513844797124
720.49194994773234
464.18764596810877
464.6130534360824
461.92918364695379
461.08321048571361
462.26803542286325
614.95047238386837
616.00792782785504
612.64914768858364
611.56254812088127
613.05971338979191
464.92486605543763
463.65243290361764
443.12230688823558
384.01214405802534
282.20382613846243
616.47077972915531
614.95050017375092
589.23704603026624
515.0503442263373
387.29376508417897
709.43680251867409
710.9033060646658
707.25938706509464
706.10595290139793
707.80769751720914
750.82387261390943
752.58390801832479
749.01307223418098
747.93789019980227
749.73449896371005
711.63780698308335
709.88242771547073
680.64756239331507
596.42987204681947
451.40250748390724
753.64670695594032
751.54288754825598
720.27444592511586
630.75745734955638
477.01299560906887
338.57422217591795
450.12462000213588
513.9320465844595
450.75718497484706
596.5222179759345
680.57398083806788
521.4902357100184
688.55470574004801
785.02285957963852
552.64283089639366
728.99431788588709
830.8657885840463
535.07764770205051
535.59353654115739
532.61811119074775
531.71140412254726
533.0974875609852
709.22704327190979
710.59887772249635
706.87215450332224
705.67568888034918
707.39183272594607
536.14618942691379
534.54914055689892
510.53593991090315
441.85155801394671
324.09980054483469
711.2887079919409
709.56904172905365
680.2049876305565
595.59730693352424
449.91509610214518
818.30572465039108
820.26289146551267
816.2246081856722
814.93252374036661
816.85253022188931
866.18639698224581
868.56857654288297
864.6178577102479
863.39285069894163
865.39196716892877
821.20816302171249
819.34999752855458
786.46718601252826
691.33360953961267
526.94311517477479
869.82315211288221
867.659712764186
832.85744715713633
732.39939259911637
558.85656392832777
358.01322842154718
476.01030888287175
543.38948572903962
476.94961113618217
631.07984175270849
719.96380400708472
551.4804231901079
728.23858273702376
830.42325697639967
584.15748602882775
770.77935710960583
878.78171472606766
565.7028485084378
566.32502278326911
563.31758499717432
562.43459164673482
563.92062858118982
750.33167238065857
751.93116803932753
748.16731929963919
746.9822954239196
748.80181092225382
567.114771063646
565.36990517494701
539.89078124659488
467.18254935969105
342.67874195022262
752.8707710995327
751.03577905504937
720.09715797878096
630.92863800482985
477.44473471284653
865.84041954030783
868.14768759831998
864.07688669264951
862.77960309630532
864.78618300878634
916.46854027720349
919.29690150392162
915.32568177279995
914.07946501637923
916.13697913476983
869.31128370712224
867.35782211880178
832.90311985551864
732.93429448809798
559.9424128205543
920.71188309787817
918.43702813102857
882.08210525432457
776.7169682171052
594.20754731028978
363.0649171225225
483.02736780045586
551.54928115437622
483.79397151922183
640.58236040059876
731.07661524109187
363.55346162381704
483.64857163641625
552.37311819418903
484.53792579135973
641.49558273438538
732.26688300464048
559.45843182584304
739.23091035825007
843.28048154009309
592.60200292340858
782.36818890641882
892.35119902379938
560.57487939086093
740.48267292898424
844.82159645836668
593.93476668929588
783.83894480519757
894.14346685270539
574.3308541033922
575.14757365365961
572.22873669917158
571.41181508907346
572.94781563622882
762.14861483031916
764.04629572689259
760.40038318002121
759.28515533754899
761.14618253585138
576.15053988587056
574.26622837144726
548.37174489744507
474.73041867829318
348.84781505625722
765.20784844368632
763.19753058445622
731.75491041458122
641.38074064553609
485.89926730725415
575.37753398461973
576.35547274132546
573.53373009785344
572.79546372150355
574.38005807351078
763.65139129310126
765.782388163527
762.2662251145033
761.23643623738542
763.13353065027366
577.55425623042265
575.47567741191915
549.23697080833517
475.28034591673054
349.3108981959042
767.13508400381556
764.86942410283746
732.97207068831756
642.10928638249607
486.32067586067751
879.55416375546019
882.23942989298246
878.30752219415945
877.07316423432587
879.09767857123836
930.99351885338183
934.25423418023695
930.43289265156545
929.23337493891665
931.27507353015915
883.58365489660753
881.40032067466825
846.33508417500275
744.90581164856394
569.42260262681555
935.77010613641983
933.21508292471719
896.16953958453234
789.20496228246202
603.93475680961922
881.45884847650268
884.4268404299321
880.64451844305495
879.4885412443623
881.5212957484564
933.1971166191621
936.77473436644777
933.11094336132919
931.97234464937253
933.98626415246497
885.90480945254194
883.40113817531687
847.76621048888342
745.6528384137622
569.60017084683705
938.33463152410934
935.41131635234206
897.72497659857163
789.95417027886879
603.94004213791368
485.2751537039851
479.75089596417922
641.2537880313115
731.21027937059239
634.13572840964378
723.62968665641165
454.51718056834989
601.03532383288689
686.49179566597638
394.42807320620147
522.20301256886671
597.12012119312124
297.64869076921468
395.10301543391586
452.16500559987367
762.18986080603509
764.33785955704934
761.01581731810654
754.99083755709864
757.63154135142179
754.61428128118803
760.08003620441821
761.90062578125753
753.81878251552223
755.6161613823233
717.00352892566116
720.07591417547826
717.42560928112437
716.76267740112928
718.46875247881701
765.69576961606083
763.13334171177303
730.75554532249441
759.20469729805302
756.1946059936497
723.42504245161831
639.07647717714622
482.24130172142384
632.17333391706768
476.88230525346967
721.74609965689626
718.46510249529115
686.96313684309951
600.43804731809587
453.73370714600696
624.1835929476274
627.23718349322883
625.07710922235572
624.55133180351481
626.03893008441867
472.76361742612323
475.10573232621664
473.51388896606966
473.13694166525829
474.26966497548847
628.81441884400579
625.78783555231178
598.38083516722622
523.42777680722452
396.59404436096963
476.38030195804231
474.23552743733512
453.8065505145546
397.46427042252503
301.66868423750816
560.82123148735877
554.62827039735009
739.76061067296291
843.29790011976104
731.76805039693716
834.84208841966347
525.8115069873038
693.90556004850578
792.31674505456135
457.01713482070068
603.39794834012491
689.50318564053566
345.61551147955583
456.91801225267659
522.21144475403071
879.4834304418597
882.37322943200274
878.70368667383127
871.52964112944358
875.01108615099645
871.68183738788059
877.61583048861041
879.6165860691475
870.73825747884098
872.6959436859986
828.00296132174378
831.96509042788182
829.04553103944329
828.24619313221956
830.09391755734771
883.89857499225832
881.2726207346094
845.45488460239324
876.73152440971819
873.60108641899149
837.35341602931953
743.0376116867036
566.59598475139273
735.45413372490725
560.88898458377162
833.76599923610024
830.27937424681647
795.29317424431667
698.41464387671351
533.26721316747194
721.06383524320563
724.92370733494658
722.54949933561386
721.91153365687967
723.51959949327465
546.0812205574133
548.99098743267257
547.24276651702257
546.78697573092211
548.01001446178248
726.617277380254
723.33231167496524
692.71976166797947
608.50643243652553
465.44511606510002
550.35635915500279
548.00613392349953
525.14607112568467
461.82588623782692
353.92270134685339
593.17727897578311
587.25626795791914
782.35167125091004
892.03100557134383
774.45566430216866
883.60495924745112
557.10732458243433
734.82602750046317
839.09100763534457
485.05038513125658
639.56673272934006
730.5948993521647
367.55602723432708
484.63871653646618
553.35895939521504
930.64221349841114
934.02489235041458
930.34769448644158
922.7311324144091
926.73349363686873
923.40303150299371
929.22803810717528
931.26057747484208
922.41847037897628
924.38594056782836
877.16940173219575
881.66141857973548
878.74578554342838
877.89930281866202
879.74053087732364
935.65124487807111
932.85958334248153
895.40463144201112
928.49809738836541
925.14109126029962
887.14727473414609
787.93172705382472
602.25007229952382
780.03136477974795
596.07325665774533
883.46065740302765
879.70226913808312
842.92556881089467
740.90030528894522
566.66343836594217
764.16659752162013
768.47210677627345
766.10591918650346
765.42769712990946
767.02577462245813
578.58861367874113
581.78594331722468
580.04328182169922
579.56158688288508
580.77687884990962
770.1456844916521
766.54888540298532
734.18334446732774
645.17458772543966
493.87677270985102
583.12949198242416
580.49780680496212
556.20119447629304
489.07838455628257
374.80375369647277
602.02307264821513
596.63184385159991
794.30483278752877
905.96027795068562
786.78253525966738
897.79467293407674
566.79215505251045
747.15456069785898
853.07206435223713
603.22686911282551
597.97928282461407
795.77469380992466
907.86614251338779
788.37290753736966
899.80381129091109
568.12607676041637
748.73217177162428
855.04488148386042
493.86671503820128
650.6281829307303
743.04583616839557
374.61428127152612
493.18802909769579
562.78580840603138
495.37233851599706
652.20712070080447
744.86414373089769
375.97950657501008
494.52560227269157
564.23092971383915
945.55244021074657
949.38876075357268
945.86385142956317
937.85598412345189
942.30477758739721
939.12206167381726
944.77341532800415
946.75843210252049
938.15318859816773
940.05109263191321
891.97287729777315
896.87017008719454
894.09173225271343
893.25276316843406
895.01564313820404
951.03092070499918
947.90917524266001
909.66866109011073
944.01675492848756
940.27945704310878
901.3840155680241
800.4291928286915
611.73609433371803
792.29244257066614
605.04462855743805
898.57593129635927
894.39897082445214
856.62252184247347
752.45428620198459
574.75882365570942
947.94439678054664
952.13156319703876
948.76591830472228
940.346581029096
945.15052492076302
942.12562006926089
947.71603137656155
949.638729585855
941.18523826114608
943.00041610188634
894.40400867782319
899.64420930869585
897.01679989504021
896.1992096114999
897.8725674865467
953.72822806684997
950.22051030688681
911.34395738766784
946.76051173805831
942.61591981244237
903.05535680043943
801.31393724042414
611.8881510320939
793.11705960044605
605.05677540385466
901.22301916226388
896.64280702564724
858.21365583240288
753.2104189190452
574.71340779420007
777.30596430878779
781.95173921072353
779.70283935688121
779.02656402078946
780.54928746888891
588.44768832150567
591.87338128416445
590.21604337685676
589.73675954401449
590.89339652337958
783.51586973713427
779.51878383244173
746.19729906772625
655.17412795056475
500.71164837402387
593.1215364676724
590.15401008185711
565.05047457426963
496.27453960665139
379.49383175979551
779.46942559569868
784.39674163040195
782.27988087665869
781.62259575018209
783.06508027391817
590.11307365811967
593.73669797522825
592.17764430797934
591.7141461200315
592.81008416640896
785.84018815239199
781.46528742976136
747.51213980792966
655.65800630628166
500.374412212057
594.88935792656059
591.61998220424528
566.00051646671056
496.53680274338774
379.07962251848585
360.13983422851936
478.24134019571238
545.93453575124647
480.00391090470021
634.25437155436089
723.61036814713384
555.21233117478403
732.15428815672215
834.99456731074463
588.00269780114536
775.02144930257396
883.96081703017126
568.74822084814139
569.80552518013894
567.07828130184487
566.4236354986183
568.05194365757075
754.70954697643913
756.94732426610517
753.55639168203811
752.618575569276
754.54504527879135
571.16684460851309
568.81293536302019
542.20857167543738
468.35804888848236
343.3157952729307
758.44748321914631
755.8289873085472
723.46777734110719
632.72147355303866
478.14926746392712
871.37679828142143
874.49349248962608
870.85065091721151
869.77461591652548
871.8049941827112
922.8630926558119
926.63588419954112
923.11426579085412
922.03352501678546
924.00824737654523
876.04606910948633
873.15282190074686
837.04959575048474
735.15813678794837
560.57557216342934
928.17755207103664
924.86137189083001
886.78093721415155
779.39582301264102
595.09922252433205
342.87749597813513
454.203693282926
518.0599106302908
456.96253337297082
602.25324011555972
686.45345367384243
528.26562832000127
695.10819524312819
792.18092060551874
558.73738232878327
735.52313421791519
838.7352772214324
539.70472603496239
540.80198675603276
538.24465643073472
537.68039057672263
539.2847580121695
715.89806676548403
718.14309117197047
714.97135065077146
714.14204801806738
716.02329846873533
542.22316465320046
539.62611145160042
513.67510750098677
442.80273061677133
323.63864175009758
719.68459202122085
716.73399328583048
685.13129634810559
597.98861669437838
450.49318780160138
826.73068785804946
829.8672798244686
826.46278892292901
825.48800865355872
827.44265607680995
875.89780641175685
879.73539010810509
876.44869016992709
875.44645378385303
877.31481747112082
831.39471890941536
828.14624349148926
792.94334024736565
695.20874887536013
528.79975273313107
881.17194225987373
877.5503514998685
840.5920089986455
737.88515538237482
562.62467072204549
298.38450281616736
395.05334983422779
450.59889227595613
397.99682986639903
523.97207981774943
597.02818720150708
459.64729209390862
604.58512511315314
688.98964118027436
485.8210092495907
639.55755071979513
729.47314595803562
469.46412675912359
470.47264907636168
468.2551409256057
467.79192888478701
469.22848621764228
622.56740479309167
624.55624639737084
621.81476971146458
621.12614499925144
622.804393481229
471.771573911004
469.32235464285031
446.43166841152549
384.49813864545001
280.84625267351794
625.96006324382688
623.10971979376041
595.08229970073501
518.45466907053412
389.3722414761022
719.05431727860287
721.8589190882559
718.91748622854675
718.09033256411931
719.81538018651588
761.9246798240506
765.38413920715391
762.54931062299977
761.6849938466454
763.31420915361275
723.2058796076152
720.07001560062702
688.85427416419066
602.9314399269756
457.36418911235319
766.6043301447628
763.14732042706146
730.41874431504311
640.21386580045908
487.06861780408519
224.20311360246458
298.17659771154058
340.66754996436873
299.75368417436243
396.08857658334352
451.7559044870369
346.35422974757307
457.03941741264373
521.25916705070961
365.28604679677346
482.89432260535796
551.49117660482648
355.06556548087428
355.79165613960924
354.07987579634005
353.72503598269816
354.83130361492135
471.07306813162882
472.46008792270982
470.34700421185482
469.83210000803422
471.13232104232043
356.78482095419781
355.08554682400131
338.0600215757305
291.51607749484936
212.9627730502948
473.54921411223154
471.45636012615068
450.18321682242072
391.70762856278111
292.82880170963688
543.93242945450345
545.89599473051965
543.62899428905541
543.00942256940846
544.34250641486665
576.07326940015207
578.5666182805719
576.38167267897597
575.72354154311779
576.96785074893273
546.93089512383983
544.56439376861977
520.66806161315458
454.71247090305621
342.79530486961301
579.47071672986601
576.87246116411029
551.84323162436783
482.62281661595898
364.91719883590713
596.7581536729241
591.00436319709411
786.63960018742455
897.55809296653024
778.94746308976664
889.36872901314655
561.51368286107095
739.64074951398425
844.89040999815404
489.3864004995188
644.08762783040095
735.82955622491795
371.56020451556822
488.50891698056967
557.53453882711972
937.59927980487191
942.02399781509496
938.80223819968137
929.9607407648499
935.03482608877675
932.15760708039602
937.79145444524909
939.64556801789831
931.24722207086575
932.97837213805099
884.24916572676466
889.73974424135361
887.25995430612863
886.47471958903884
888.06699277715029
943.53190700109235
939.64941420901891
900.48656925602279
936.52541086260931
932.03273217842593
892.28797885129984
791.05148404793147
603.61481058328957
783.131547615518
597.30052617068179
891.2095075019123
886.28879809277669
847.6759923945209
743.41378990867997
567.02695953697287
770.43683364560502
775.58964507730354
773.60746687336825
772.9821093671103
774.35496965495156
583.41997661006519
587.21237267277365
585.75737514038713
585.32172459437982
586.3678312295948
776.94794092044754
772.28557268138206
738.21371268914265
647.0833061540734
493.73640955292444
588.31039396514848
584.82484874043701
559.11516856294088
490.19448784064343
374.19565332869911
566.66604935953592
560.65445506211859
746.38505538917514
851.69664150981282
738.62464889000898
843.55667255649064
532.01730063877153
700.8111785145735
800.90563393264927
463.55251079714526
610.11872550989017
697.34576259512062
352.16288761033331
462.96050060024277
528.58440791041141
890.07016616646138
894.57609571371984
891.58172263751646
882.51982327239205
887.67848876521714
885.02570157155617
890.63381130592938
892.36580801699404
884.17344834767982
885.78000872755831
838.71333712411797
844.28274381984056
842.02089965117432
841.2946841312629
842.77176601879887
895.93776884003853
891.80340588946706
853.92696567845098
889.02297748454509
884.33281991163221
846.0034408009343
749.4629128692269
571.47550080773624
742.00377467363955
565.80265012289885
845.63513816863019
840.58087120729397
803.45824520844008
704.31539769815492
537.31822534465198
730.56070693750121
735.76044527174395
733.97251271935374
733.40682298483557
734.68673782202052
553.4255684658367
557.25159217329519
555.9465503448713
555.56238617467352
556.54444449984851
737.04461298284878
732.28887087973999
699.55470706672281
612.92577865761712
467.78171236595927
558.31344338449651
554.75096693636488
530.02049692182629
464.45610696142887
354.59817782701771
491.81707093376269
486.3156238887957
648.48830832756914
740.56424050306373
641.49517052708541
733.2786199456973
461.33066010419145
608.48730753078303
696.01699413806466
401.76722417111682
529.56461470199747
605.85415570991142
305.13001546405371
401.85664749004968
459.3088014998807
774.26159053919002
778.37038219583985
775.7993932748891
767.51120566695431
772.2071913072192
769.94871038335839
774.97150457535497
776.46340737248613
769.20984902983469
770.59024874394959
729.19858204548927
734.23694698339273
732.33289131740935
731.7171066035886
732.99234442148679
779.49603667570977
775.64227579109217
742.26479647706537
773.33422355712321
769.00909216438492
735.28472265187747
650.79878927020479
495.65559485078506
644.30828353242293
490.8261385495847
735.41028483699665
730.77841479332585
698.12141886135021
611.38679439162058
465.92062106502988
634.99232143983909
639.67859720978345
638.19153538130149
637.72600923864456
638.83902875452657
481.12680866246626
484.58398527511599
483.50625245320589
483.20060481778853
484.06106935700245
640.82774326074309
636.48203949172853
607.67354625633493
531.86184062979873
405.42534258171099
485.55641225464024
482.29250481967938
460.50015663023407
403.08222741746761
307.28474173163227
369.37568679928052
365.11220812497731
489.29899886220994
559.62805197287139
484.00738312369447
554.17837248933813
346.55121039339349
459.33476822905504
526.24146473112808
301.85581983277916
399.88984369414561
458.21002031330227
228.64651503471515
303.08319866161298
347.15750037194675
585.21207089849645
588.22066663851353
586.2427520908052
580.19050566323733
583.64982431856311
581.91881530885439
585.60981151375915
586.7403612140065
581.35973690288358
582.40575222206837
551.42505284614606
555.12801950030632
553.67445128762631
553.22239126609895
554.19747025019967
589.04147056739907
586.14575846382138
560.61384431555507
584.48733687150138
581.22937414838373
555.39900638022107
490.38329683422012
371.06025653237805
485.45964590460198
367.28493183985654
556.03422751938945
552.50798089751754
527.37798825112418
460.48508367959812
348.19717603972822
480.30177479031101
483.73526622008058
482.60405678851373
482.27763481081911
483.13900366247208
363.74973678005802
366.2920666319161
365.47863605924476
365.27506595875479
365.94736517280865
484.65116652324105
481.29530317347485
458.98655315541396
400.25850914624118
302.26036064297546
367.08429163768994
364.53039835040124
347.54905790140822
302.82703523597445
228.14454112783002
1000
1000
1000
1000
1000
1000
1000
1000
1000
1000
1000
1000
1000
1000
1000
1000
1000
1000
1000
1000
1000
1000
1000
1000
1000
1000
1000
1000
1000
1000
1000
1000
1000
1000
1000
1000
1000
1000
1000
1000
1000
1000
1000
1000
1000
1000
1000
1000
1000
1000
1000
1000
1000
1000
1000
1000
1000
1000
1000
1000
1000
1000
1000
1000
1000
1000
1000
1000
1000
1000
1000
1000
1000
1000
1000
1000
1000
1000
1000
1000
1000
1000
1000
1000
1000
1000
1000
1000
1000
1000
1000
1000
1000
1000
1000
1000
1000
1000
1000
1000
1000
1000
1000
1000
1000
1000
1000
1000
1000
1000
1000
1000
1000
1000
1000
1000
1000
1000
1000
1000
1000
1000
1000
1000
1000
1000
1000
1000
1000
1000
1000
1000
1000
1000
1000
1000
1000
1000
1000
1000
1000
1000
1000
1000
1000
1000
1000
1000
1000
1000
1000
1000
1000
1000
1000
1000
1000
1000
1000
1000
1000
1000
1000
1000
1000
1000
1000
1000
1000
1000
1000
1000
1000
1000
1000
1000
1000
1000
1000
1000
1000
1000
1000
1000
1000
1000
1000
1000
1000
1000
1000
1000
1000
1000
1000
1000
1000
1000
1000
1000
1000
1000
1000
1000
1000
1000
1000
1000
1000
1000
1000
1000
1000
1000
1000
1000
1000
1000
1000
1000
1000
1000
1000
1000
1000
1000
1000
1000
1000
1000
1000
1000
1000
1000
1000
1000
1000
1000
1000
1000
1000
1000
1000
1000
1000
1000
1000
1000
1000
1000
1000
1000
1000
1000
1000
1000
1000
1000
1000
1000
1000
1000
1000
1000
1000
1000
1000
1000
1000
1000
1000
1000
1000
1000
1000
1000
1000
1000
1000
1000
1000
1000
1000
1000
1000
1000
1000
1000
1000
1000
1000
1000
1000
1000
1000
1000
1000
1000
1000
1000
1000
1000
1000
1000
1000
1000
1000
1000
1000
1000
1000
1000
1000
1000
1000
1000
1000
1000
1000
1000
1000
1000
1000
1000
1000
1000
1000
1000
1000
1000
1000
1000
1000
1000
1000
1000
1000
1000
1000
1000
1000
1000
1000
1000
1000
1000
1000
1000
1000
1000
1000
1000
1000
1000
1000
1000
1000
1000
1000
1000
1000
1000
1000
1000
1000
1000
1000
1000
1000
1000
1000
1000
1000
1000
1000
1000
1000
1000
1000
1000
1000
1000
1000
1000
1000
1000
1000
1000
1000
1000
1000
1000
1000
1000
1000
1000
1000
1000
1000
1000
1000
1000
1000
1000
1000
1000
1000
1000
1000
1000
1000
1000
1000
1000
1000
1000
1000
1000
1000
1000
1000
1000
1000
1000
1000
1000
1000
1000
1000
1000
1000
1000
1000
1000
1000
1000
1000
1000
1000
1000
1000
1000
1000
1000
1000
1000
1000
1000
1000
1000
1000
1000
1000
1000
1000
1000
1000
1000
1000
1000
1000
1000
1000
1000
1000
1000
1000
1000
1000
1000
1000
1000
1000
1000
1000
1000
1000
1000
1000
1000
1000
1000
1000
1000
1000
1000
1000
1000
1000
1000
1000
1000
1000
1000
1000
1000
1000
1000
1000
1000
1000
1000
1000
1000
1000
1000
1000
1000
1000
1000
1000
1000
1000
1000
1000
1000
1000
1000
1000
1000
1000
1000
1000
1000
1000
1000
1000
1000
1000
1000
1000
1000
1000
1000
1000
1000
1000
1000
1000
1000
1000
1000
1000
1000
1000
1000
1000
1000
1000
1000
1000
1000
1000
1000
1000
1000
1000
1000
1000
1000
1000
1000
1000
1000
1000
1000
1000
1000
1000
1000
1000
1000
1000
1000
1000
1000
1000
1000
1000
1000
1000
1000
1000
1000
1000
1000
1000
1000
1000
1000
1000
1000
1000
1000
1000
1000
1000
1000
1000
1000
1000
1000
1000
1000
1000
1000
1000
1000
1000
1000
1000
1000
1000
1000
1000
1000
1000
1000
1000
1000
1000
1000
1000
1000
1000
1000
1000
1000
1000
1000
1000
1000
1000
1000
1000
1000
1000
1000
1000
1000
1000
1000
1000
1000
1000
1000
1000
1000
1000
1000
1000
1000
1000
1000
1000
1000
1000
1000
1000
1000
1000
1000
1000
1000
1000
1000
1000
1000
1000
1000
1000
1000
1000
1000
1000
1000
1000
1000
1000
1000
1000
1000
1000
1000
1000
1000
1000
1000
1000
1000
1000
1000
1000
1000
1000
1000
1000
1000
1000
1000
1000
1000
1000
1000
1000
1000
1000
1000
1000
1000
1000
1000
1000
1000
1000
1000
1000
1000
1000
1000
1000
1000
1000
1000
1000
1000
1000
1000
1000
1000
1000
1000
1000
1000
1000
1000
1000
1000
1000
1000
1000
1000
1000
1000
1000
1000
1000
1000
1000
1000
1000
1000
1000
1000
1000
1000
1000
1000
1000
1000
1000
1000
1000
1000
1000
1000
1000
1000
1000
1000
1000
1000
1000
1000
1000
1000
1000
1000
1000
1000
1000
1000
1000
1000
1000
1000
1000
1000
1000
1000
1000
1000
1000
1000
1000
1000
1000
1000
1000
1000
1000
1000
1000
1000
1000
1000
1000
1000
1000
1000
1000
1000
1000
1000
1000
1000
1000
1000
1000
1000
1000
1000
1000
1000
1000
1000
1000
1000
1000
1000
1000
1000
1000
1000
1000
1000
1000
1000
1000
1000
1000
1000
1000
1000
1000
1000
1000
1000
1000
1000
1000
1000
1000
1000
1000
1000
1000
1000
1000
1000
1000
1000
1000
1000
1000
1000
1000
1000
1000
1000
1000
1000
1000
1000
1000
1000
1000
1000
1000
1000
1000
1000
1000
1000
1000
1000
1000
1000
1000
1000
1000
1000
1000
1000
1000
1000
1000
1000
1000
1000
1000
1000
1000
1000
1000
1000
1000
1000
1000
1000
1000
1000
1000
1000
1000
1000
1000
1000
1000
1000
1000
1000
1000
1000
1000
1000
1000
1000
1000
1000
1000
1000
1000
1000
1000
1000
1000
1000
1000
1000
1000
1000
1000
1000
1000
1000
1000
1000
1000
1000
1000
1000
1000
1000
1000
1000
1000
1000
1000
1000
1000
1000
1000
1000
1000
1000
1000
1000
1000
1000
1000
1000
1000
1000
1000
1000
1000
1000
1000
1000
1000
1000
1000
1000
1000
1000
1000
1000
1000
1000
1000
1000
1000
1000
1000
1000
1000
1000
1000
1000
1000
1000
1000
1000
1000
1000
1000
1000
1000
1000
1000
1000
1000
1000
1000
1000
1000
1000
1000
1000
1000
1000
1000
1000
1000
1000
1000
1000
1000
1000
1000
1000
1000
1000
1000
1000
1000
1000
1000
1000
1000
1000
1000
1000
1000
1000
1000
1000
1000
1000
1000
1000
1000
1000
1000
1000
1000
1000
1000
1000
1000
1000
1000
1000
1000
1000
1000
1000
1000
1000
1000
1000
1000
1000
1000
1000
1000
1000
1000
1000
1000
1000
1000
1000
1000
1000
1000
1000
1000
1000
1000
1000
1000
1000
1000
1000
1000
1000
1000
1000
1000
1000
1000
1000
1000
1000
1000
1000
1000
1000
1000
1000
1000
1000
1000
1000
1000
1000
1000
1000
1000
1000
1000
1000
1000
1000
1000
1000
1000
1000
1000
1000
1000
1000
1000
1000
1000
1000
1000
1000
1000
1000
1000
1000
1000
1000
1000
1000
1000
1000
1000
1000
1000
1000
1000
1000
1000
1000
1000
1000
1000
1000
1000
1000
1000
1000
1000
1000
1000
1000
1000
1000
1000
1000
1000
1000
1000
1000
1000
1000
1000
1000
1000
1000
1000
1000
1000
1000
1000
1000
1000
1000
1000
1000
1000
1000
1000
1000
1000
1000
1000
1000
1000
1000
1000
1000
1000
1000
1000
1000
1000
1000
1000
1000
1000
1000
1000
1000
1000
1000
1000
1000
1000
1000
1000
1000
1000
1000
1000
1000
1000
1000
1000
1000
1000
1000
1000
1000
1000
1000
1000
1000
1000
1000
1000
1000
1000
1000
1000
1000
1000
1000
1000
1000
1000
1000
1000
1000
1000
1000
1000
1000
1000
1000
1000
1000
1000
1000
1000
1000
1000
1000
1000
1000
1000
1000
1000
1000
1000
1000
1000
1000
1000
1000
1000
1000
1000
1000
1000
1000
1000
1000
1000
1000
1000
1000
1000
1000
1000
1000
1000
1000
1000
1000
1000
1000
1000
1000
1000
1000
1000
1000
1000
1000
1000
1000
1000
1000
1000
1000
1000
1000
1000
1000
1000
1000
1000
1000
1000
1000
1000
1000
1000
1000
1000
1000
1000
1000
1000
1000
1000
1000
1000
1000
1000
1000
1000
1000
1000
1000
1000
1000
1000
1000
1000
1000
1000
1000
1000
1000
1000
1000
1000
1000
1000
1000
1000
1000
1000
1000
1000
1000
1000
1000
1000
1000
1000
1000
1000
1000
1000
1000
1000
1000
1000
1000
1000
1000
1000
1000
1000
1000
1000
1000
1000
1000
1000
1000
1000
1000
1000
1000
1000
1000
1000
1000
1000
1000
1000
1000
1000
1000
1000
1000
1000
1000
1000
1000
1000
1000
1000
1000
1000
1000
1000
1000
1000
1000
1000
1000
1000
1000
1000
1000
1000
1000
1000
1000
1000
1000
1000
1000
1000
1000
1000
1000
1000
1000
1000
1000
1000
1000
1000
1000
1000
1000
1000
1000
1000
1000
1000
1000
1000
1000
1000
1000
1000
1000
1000
1000
1000
1000
1000
1000
1000
1000
1000
1000
1000
1000
1000
1000
1000
1000
1000
1000
1000
1000
1000
1000
1000
1000
1000
1000
1000
1000
1000
1000
1000
1000
1000
1000
1000
1000
1000
1000
1000
1000
1000
1000
1000
1000
1000
1000
1000
1000
1000
1000
1000
1000
1000
1000
1000
1000
1000
1000
1000
1000
1000
1000
1000
1000
1000
1000
1000
1000
1000
1000
1000
1000
1000
1000
1000
1000
1000
1000
1000
1000
1000
1000
1000
1000
1000
1000
1000
1000
1000
1000
1000
1000
1000
1000
1000
1000
1000
1000
1000
1000
1000
1000
1000
1000
1000
1000
1000
1000
1000
1000
1000
1000
1000
1000
1000
1000
1000
1000
1000
1000
1000
1000
1000
1000
1000
1000
1000
1000
1000
1000
1000
1000
1000
1000
1000
1000
1000
1000
1000
1000
1000
1000
1000
1000
1000
1000
1000
1000
1000
1000
1000
1000
1000
1000
1000
1000
1000
1000
1000
1000
1000
1000
1000
1000
1000
1000
1000
1000
1000
1000
1000
1000
1000
1000
1000
1000
1000
1000
1000
1000
1000
1000
1000
1000
1000
1000
1000
1000
1000
1000
1000
1000
1000
1000
1000
1000
1000
1000
1000
1000
1000
1000
1000
1000
1000
1000
1000
1000
1000
1000
1000
1000
1000
1000
1000
1000
1000
1000
1000
1000
1000
1000
1000
1000
1000
1000
1000
1000
1000
1000
1000
1000
1000
1000
1000
1000
1000
1000
1000
1000
1000
1000
1000
1000
1000
1000
1000
1000
1000
1000
1000
1000
1000
1000
1000
1000
1000
1000
1000
1000
1000
1000
1000
1000
1000
1000
1000
1000
1000
1000
1000
1000
1000
1000
1000
1000
1000
1000
1000
1000
1000
1000
1000
1000
1000
1000
1000
1000
1000
1000
1000
1000
1000
1000
1000
1000
1000
1000
1000
1000
1000
1000
1000
1000
1000
1000
1000
1000
1000
1000
1000
1000
1000
1000
1000
1000
1000
1000
1000
1000
1000
1000
1000
1000
1000
1000
1000
1000
1000
1000
1000
1000
1000
1000
1000
1000
1000
1000
1000
1000
1000
1000
1000
1000
1000
1000
1000
1000
1000
1000
1000
1000
1000
1000
1000
1000
1000
1000
1000
1000
1000
1000
1000
1000
1000
1000
1000
1000
1000
1000
1000
1000
1000
1000
1000
1000
1000
1000
1000
1000
1000
1000
1000
1000
1000
1000
1000
1000
1000
1000
1000
1000
1000
1000
1000
1000
1000
1000
1000
1000
1000
1000
1000
1000
1000
1000
1000
1000
1000
1000
1000
1000
1000
1000
1000
1000
1000
1000
1000
1000
1000
1000
1000
1000
1000
1000
1000
1000
1000
1000
1000
1000
1000
1000
1000
1000
1000
1000
1000
1000
1000
1000
1000
1000
1000
1000
1000
1000
1000
1000
1000
1000
1000
1000
1000
1000
1000
1000
1000
1000
1000
1000
1000
1000
1000
1000
1000
1000
1000
1000
1000
1000
1000
1000
1000
1000
1000
1000
1000
1000
1000
1000
1000
1000
1000
1000
1000
1000
1000
1000
1000
1000
1000
1000
1000
1000
1000
1000
1000
1000
1000
1000
1000
1000
1000
1000
1000
1000
1000
1000
1000
1000
1000
1000
1000
1000
1000
1000
1000
1000
1000
1000
1000
1000
1000
1000
1000
1000
1000
1000
1000
1000
1000
1000
1000
1000
1000
1000
1000
1000
1000
1000
1000
1000
1000
1000
1000
1000
1000
1000
1000
1000
1000
1000
1000
1000
1000
1000
1000
1000
1000
1000
1000
1000
1000
1000
1000
1000
1000
1000
1000
1000
1000
1000
1000
1000
1000
1000
1000
1000
1000
1000
1000
1000
1000
1000
1000
1000
1000
1000
1000
1000
1000
1000
1000
1000
1000
1000
1000
1000
1000
1000
1000
1000
1000
1000
1000
1000
1000
1000
1000
1000
1000
1000
1000
1000
1000
1000
1000
1000
1000
1000
1000
1000
1000
1000
1000
1000
1000
1000
1000
1000
1000
1000
1000
1000
1000
1000
1000
1000
1000
1000
1000
1000
1000
1000
1000
1000
1000
1000
1000
1000
1000
1000
1000
1000
1000
1000
1000
1000
1000
1000
1000
1000
1000
1000
1000
1000
1000
1000
1000
1000
1000
1000
1000
1000
1000
1000
1000
1000
1000
1000
1000
1000
1000
1000
1000
1000
1000
1000
1000
1000
1000
1000
1000
1000
1000
1000
1000
1000
1000
1000
1000
1000
1000
1000
1000
1000
1000
1000
1000
1000
1000
1000
1000
1000
1000
1000
1000
1000
1000
1000
1000
1000
1000
1000
1000
1000
1000
1000
1000
1000
1000
1000
1000
1000
1000
1000
1000
1000
1000
1000
1000
1000
1000
1000
1000
1000
1000
1000
1000
1000
1000
1000
1000
1000
1000
1000
1000
1000
1000
1000
1000
1000
1000
1000
1000
1000
1000
1000
1000
1000
1000
1000
1000
1000
1000
1000
1000
1000
1000
1000
1000
1000
1000
1000
1000
1000
1000
1000
1000
1000
1000
1000
1000
1000
1000
1000
1000
1000
1000
1000
1000
1000
1000
1000
1000
1000
1000
1000
1000
1000
1000
1000
1000
1000
1000
1000
1000
1000
1000
1000
1000
1000
1000
1000
1000
1000
1000
1000
1000
1000
1000
1000
1000
1000
1000
1000
1000
1000
1000
1000
1000
1000
1000
1000
1000
1000
1000
1000
1000
1000
1000
1000
1000
1000
1000
1000
1000
1000
1000
1000
1000
1000
1000
1000
1000
1000
1000
1000
1000
1000
1000
1000
1000
1000
1000
1000
1000
1000
1000
1000
1000
1000
1000
1000
1000
1000
1000
1000
1000
1000
1000
1000
1000
1000
1000
1000
1000
1000
1000
1000
1000
1000
1000
1000
1000
1000
1000
1000
1000
1000
1000
1000
1000
1000
1000
1000
1000
1000
1000
1000
1000
1000
1000
1000
1000
1000
1000
1000
1000
1000
1000
1000
1000
1000
1000
1000
1000
1000
1000
1000
1000
1000
1000
1000
1000
1000
1000
1000
1000
1000
1000
1000
1000
1000
1000
1000
1000
1000
1000
1000
1000
1000
1000
1000
1000
1000
1000
1000
1000
1000
1000
1000
1000
1000
1000
1000
1000
1000
1000
1000
1000
1000
1000
1000
1000
1000
1000
1000
1000
1000
1000
1000
1000
1000
1000
1000
1000
1000
1000
1000
1000
1000
1000
1000
1000
1000
1000
1000
1000
1000
1000
1000
1000
1000
1000
1000
1000
1000
1000
1000
1000
1000
1000
1000
1000
1000
1000
1000
1000
1000
1000
1000
1000
1000
1000
1000
1000
1000
1000
1000
1000
1000
1000
1000
1000
1000
1000
1000
1000
1000
1000
1000
1000
1000
1000
1000
1000
1000
1000
1000
1000
1000
1000
1000
1000
1000
1000
1000
1000
1000
1000
1000
1000
1000
1000
1000
1000
1000
1000
1000
1000
1000
1000
1000
1000
1000
1000
1000
1000
1000
1000
1000
1000
1000
1000
1000
1000
1000
1000
1000
1000
1000
1000
1000
1000
1000
1000
1000
1000
1000
1000
1000
1000
1000
1000
1000
1000
1000
1000
1000
1000
1000
1000
1000
1000
1000
1000
1000
1000
1000
1000
1000
1000
1000
1000
1000
1000
1000
1000
1000
1000
1000
1000
1000
1000
1000
1000
1000
1000
1000
1000
1000
1000
1000
1000
1000
1000
1000
1000
1000
1000
1000
1000
1000
1000
1000
1000
1000
1000
1000
1000
1000
1000
1000
1000
1000
1000
1000
1000
1000
1000
1000
1000
1000
1000
1000
1000
1000
1000
1000
1000
1000
1000
1000
1000
1000
1000
1000
1000
1000
1000
1000
1000
1000
1000
1000
1000
1000
1000
1000
1000
1000
1000
1000
1000
1000
1000
1000
1000
1000
1000
1000
1000
1000
1000
1000
1000
1000
1000
1000
1000
1000
1000
1000
1000
1000
1000
1000
1000
1000
1000
1000
1000
1000
1000
1000
1000
1000
1000
1000
1000
1000
1000
1000
1000
1000
1000
1000
1000
1000
1000
1000
1000
1000
1000
1000
1000
1000
1000
1000
1000
1000
1000
1000
1000
1000
1000
1000
1000
1000
1000
1000
1000
1000
1000
1000
1000
1000
1000
1000
1000
1000
1000
1000
1000
1000
1000
1000
1000
1000
1000
1000
1000
1000
1000
1000
1000
1000
1000
1000
1000
1000
1000
1000
1000
1000
1000
1000
1000
1000
1000
1000
1000
1000
1000
1000
1000
1000
1000
1000
1000
1000
1000
1000
1000
1000
1000
1000
1000
1000
1000
1000
1000
1000
1000
1000
1000
1000
1000
1000
1000
1000
1000
1000
1000
1000
1000
1000
1000
1000
1000
1000
1000
1000
1000
1000
1000
1000
1000
1000
1000
1000
1000
1000
1000
1000
1000
1000
1000
1000
1000
1000
1000
1000
1000
1000
1000
1000
1000
1000
1000
1000
1000
1000
1000
1000
1000
1000
1000
1000
1000
1000
1000
1000
1000
1000
1000
1000
1000
1000
1000
1000
1000
1000
1000
1000
1000
1000
1000
1000
1000
1000
1000
1000
1000
1000
1000
1000
1000
1000
1000
1000
1000
1000
1000
1000
1000
1000
1000
1000
1000
1000
1000
1000
1000
1000
1000
1000
1000
1000
1000
1000
1000
1000
1000
1000
1000
1000
1000
1000
1000
1000
1000
1000
1000
1000
1000
1000
1000
1000
1000
1000
1000
1000
1000
1000
1000
1000
1000
1000
1000
1000
1000
1000
1000
1000
1000
1000
1000
1000
1000
1000
1000
1000
1000
1000
1000
1000
1000
1000
1000
1000
1000
1000
1000
1000
1000
1000
1000
1000
1000
1000
1000
1000
1000
1000
1000
1000
1000
1000
1000
1000
1000
1000
1000
1000
1000
1000
1000
1000
1000
1000
1000
1000
1000
1000
1000
1000
1000
1000
1000
1000
1000
1000
1000
1000
1000
1000
1000
1000
1000
1000
1000
1000
1000
1000
1000
1000
1000
1000
1000
1000
1000
1000
1000
1000
1000
1000
1000
1000
1000
1000
1000
1000
1000
1000
1000
1000
1000
1000
1000
1000
1000
1000
1000
1000
1000
1000
1000
1000
1000
1000
1000
1000
1000
1000
1000
1000
1000
1000
1000
1000
1000
1000
1000
1000
1000
1000
1000
1000
1000
1000
1000
1000
1000
1000
1000
1000
1000
1000
1000
1000
1000
1000
1000
1000
1000
1000
1000
1000
1000
1000
1000
1000
1000
1000
1000
1000
1000
1000
1000
1000
1000
1000
1000
1000
1000
1000
1000
1000
1000
1000
1000
1000
1000
1000
1000
1000
1000
1000
1000
1000
1000
1000
1000
1000
1000
1000
1000
1000
1000
1000
1000
1000
1000
1000
1000
1000
1000
1000
1000
1000
1000
1000
1000
1000
1000
1000
1000
1000
1000
1000
1000
1000
1000
1000
1000
1000
1000
1000
1000
1000
1000
1000
1000
1000
1000
1000
1000
1000
1000
1000
1000
1000
1000
1000
1000
1000
1000
1000
1000
1000
1000
1000
1000
1000
1000
1000
1000
1000
1000
1000
1000
1000
1000
1000
1000
1000
1000
1000
1000
1000
1000
1000
1000
1000
1000
1000
1000
1000
1000
1000
1000
1000
1000
1000
1000
1000
1000
1000
1000
1000
1000
1000
1000
1000
1000
1000
1000
1000
1000
1000
1000
1000
1000
1000
1000
1000
1000
1000
1000
1000
1000
1000
1000
1000
1000
1000
1000
1000
1000
1000
1000
1000
1000
1000
1000
1000
1000
1000
1000
1000
1000
1000
1000
1000
1000
1000
1000
1000
1000
1000
1000
1000
1000
1000
1000
1000
1000
1000
1000
1000
1000
1000
1000
1000
1000
1000
1000
1000
1000
1000
1000
1000
1000
1000
SCALARS pressure float 1
LOOKUP_TABLE default
0
0
0
0
0
0
0
0
0
0
0
0
0
0
0
0
0
0
0
0
0
0
0
0
0
0
0
0
0
0
0
0
0
0
0
0
0
0
0
0
0
0
0
0
0
0
0
0
0
0
0
0
0
0
0
0
0
0
0
0
0
0
0
0
0
0
0
0
0
0
0
0
0
0
0
0
0
0
0
0
0
0
0
0
0
0
0
0
0
0
0
0
0
0
0
0
0
0
0
0
0
0
0
0
0
0
0
0
0
0
0
0
0
0
0
0
0
0
0
0
0
0
0
0
0
0
0
0
0
0
0
0
0
0
0
0
0
0
0
0
0
0
0
0
0
0
0
0
0
0
0
0
0
0
0
0
0
0
0
0
0
0
0
0
0
0
0
0
0
0
0
0
0
0
0
0
0
0
0
0
0
0
0
0
0
0
0
0
0
0
0
0
0
0
0
0
0
0
0
0
0
0
0
0
0
0
0
0
0
0
0
0
0
0
0
0
0
0
0
0
0
0
0
0
0
0
0
0
0
0
0
0
0
0
0
0
0
0
0
0
0
0
0
0
0
0
0
0
0
0
0
0
0
0
0
0
0
0
0
0
0
0
0
0
0
0
0
0
0
0
0
0
0
0
0
0
0
0
0
0
0
0
0
0
0
0
0
0
0
0
0
0
0
0
0
0
0
0
0
0
0
0
0
0
0
0
0
0
0
0
0
0
0
0
0
0
0
0
0
0
0
0
0
0
0
0
0
0
0
0
0
0
0
0
0
0
0
0
0
0
0
0
0
0
0
0
0
0
0
0
0
0
0
0
0
0
0
0
0
0
0
0
0
0
0
0
0
0
0
0
0
0
0
0
0
0
0
0
0
0
0
0
0
0
0
0
0
0
0
0
0
0
0
0
0
0
0
0
0
0
0
0
0
0
0
0
0
0
0
0
0
0
0
0
0
0
0
0
0
0
0
0
0
0
0
0
0
0
0
0
0
0
0
0
0
0
0
0
0
0
0
0
0
0
0
0
0
0
0
0
0
0
0
0
0
0
0
0
0
0
0
0
0
0
0
0
0
0
0
0
0
0
0
0
0
0
0
0
0
0
0
0
0
0
0
0
0
0
0
0
0
0
0
0
0
0
0
0
0
0
0
0
0
0
0
0
0
0
0
0
0
0
0
0
0
0
0
0
0
0
0
0
0
0
0
0
0
0
0
0
0
0
0
0
0
0
0
0
0
0
0
0
0
0
0
0
0
0
0
0
0
0
0
0
0
0
0
0
0
0
0
0
0
0
0
0
0
0
0
0
0
0
0
0
0
0
0
0
0
0
0
0
0
0
0
0
0
0
0
0
0
0
0
0
0
0
0
0
0
0
0
0
0
0
0
0
0
0
0
0
0
0
0
0
0
0
0
0
0
0
0
0
0
0
0
0
0
0
0
0
0
0
0
0
0
0
0
0
0
0
0
0
0
0
0
0
0
0
0
0
0
0
0
0
0
0
0
0
0
0
0
0
0
0
0
0
0
0
0
0
0
0
0
0
0
0
0
0
0
0
0
0
0
0
0
0
0
0
0
0
0
0
0
0
0
0
0
0
0
0
0
0
0
0
0
0
0
0
0
0
0
0
0
0
0
0
0
0
0
0
0
0
0
0
0
0
0
0
0
0
0
0
0
0
0
0
0
0
0
0
0
0
0
0
0
0
0
0
0
0
0
0
0
0
0
0
0
0
0
0
0
0
0
0
0
0
0
0
0
0
0
0
0
0
0
0
0
0
0
0
0
0
0
0
0
0
0
0
0
0
0
0
0
0
0
0
0
0
0
0
0
0
0
0
0
0
0
0
0
0
0
0
0
0
0
0
0
0
0
0
0
0
0
0
0
0
0
0
0
0
0
0
0
0
0
0
0
0
0
0
0
0
0
0
0
0
0
0
0
0
0
0
0
0
0
0
0
0
0
0
0
0
0
0
0
0
0
0
0
0
0
0
0
0
0
0
0
0
0
0
0
0
0
0
0
0
0
0
0
0
0
0
0
0
0
0
0
0
0
0
0
0
0
0
0
0
0
0
0
0
0
0
0
0
0
0
0
0
0
0
0
0
0
0
0
0
0
0
0
0
0
0
0
0
0
0
0
0
0
0
0
0
0
0
0
0
0
0
0
0
0
0
0
0
0
0
0
0
0
0
0
0
0
0
0
0
0
0
0
0
0
0
0
0
0
0
0
0
0
0
0
0
0
0
0
0
0
0
0
0
0
0
0
0
0
0
0
0
0
0
0
0
0
0
0
0
0
0
0
0
0
0
0
0
0
0
0
0
0
0
0
0
0
0
0
0
0
0
0
0
0
0
0
0
0
0
0
0
0
0
0
0
0
0
0
0
0
0
0
0
0
0
0
0
0
0
0
0
0
0
0
0
0
0
0
0
0
0
0
0
0
0
0
0
0
0
0
0
0
0
0
0
0
0
0
0
0
0
0
0
0
0
0
0
0
0
0
0
0
0
0
0
0
0
0
0
0
0
0
0
0
0
0
0
0
0
0
0
0
0
0
0
0
0
0
0
0
0
0
0
0
0
0
0
0
0
0
0
0
0
0
0
0
0
0
0
0
0
0
0
0
0
0
0
0
0
0
0
0
0
0
0
0
0
0
0
0
0
0
0
0
0
0
0
0
0
0
0
0
0
0
0
0
0
0
0
0
0
0
0
0
0
0
0
0
0
0
0
0
0
0
0
0
0
0
0
0
0
0
0
0
0
0
0
0
0
0
0
0
0
0
0
0
0
0
0
0
0
0
0
0
0
0
0
0
0
0
0
0
0
0
0
0
0
0
0
0
0
0
0
0
0
0
0
0
0
0
0
0
0
0
0
0
0
0
0
0
0
0
0
0
0
0
0
0
0
0
0
0
0
0
0
0
0
0
0
0
0
0
0
0
0
0
0
0
0
0
0
0
0
0
0
0
0
0
0
0
0
0
0
0
0
0
0
0
0
0
0
0
0
0
0
0
0
0
0
0
0
0
0
0
0
0
0
0
0
0
0
0
0
0
0
0
0
0
0
0
0
0
0
0
0
0
0
0
0
0
0
0
0
0
0
0
0
0
0
0
0
0
0
0
0
0
0
0
0
0
0
0
0
0
0
0
0
0
0
0
0
0
0
0
0
0
0
0
0
0
0
0
0
0
0
0
0
0
0
0
0
0
0
0
0
0
0
0
0
0
0
0
0
0
0
0
0
0
0
0
0
0
0
0
0
0
0
0
0
0
0
0
0
0
0
0
0
0
0
0
0
0
0
0
0
0
0
0
0
0
0
0
0
0
0
0
0
0
0
0
0
0
0
0
0
0
0
0
0
0
0
0
0
0
0
0
0
0
0
0
0
0
0
0
0
0
0
0
0
0
0
0
0
0
0
0
0
0
0
0
0
0
0
0
0
0
0
0
0
0
0
0
0
0
0
0
0
0
0
0
0
0
0
0
0
0
0
0
0
0
0
0
0
0
0
0
0
0
0
0
0
0
0
0
0
0
0
0
0
0
0
0
0
0
0
0
0
0
0
0
0
0
0
0
0
0
0
0
0
0
0
0
0
0
0
0
0
0
0
0
0
0
0
0
0
0
0
0
0
0
0
0
0
0
0
0
0
0
0
0
0
0
0
0
0
0
0
0
0
0
0
0
0
0
0
0
0
0
0
0
0
0
0
0
0
0
0
0
0
0
0
0
0
0
0
0
0
0
0
0
0
0
0
0
0
0
0
0
0
0
0
0
0
0
0
0
0
0
0
0
0
0
0
0
0
0
0
0
0
0
0
0
0
0
0
0
0
0
0
0
0
0
0
0
0
0
0
0
0
0
0
0
0
0
0
0
0
0
0
0
0
0
0
0
0
0
0
0
0
0
0
0
0
0
0
0
0
0
0
0
0
0
0
0
0
0
0
0
0
0
0
0
0
0
0
0
0
0
0
0
0
0
0
0
0
0
0
0
0
0
0
0
0
0
0
0
0
0
0
0
0
0
0
0
0
0
0
0
0
0
0
0
0
0
0
0
0
0
0
0
0
0
0
0
0
0
0
0
0
0
0
0
0
0
0
0
0
0
0
0
0
0
0
0
0
0
0
0
0
0
0
0
0
0
0
0
0
0
0
0
0
0
0
0
0
0
0
0
0
0
0
0
0
0
0
0
0
0
0
0
0
0
0
0
0
0
0
0
0
0
0
0
0
0
0
0
0
0
0
0
0
0
0
0
0
0
0
0
0
0
0
0
0
0
0
0
0
0
0
0
0
0
0
0
0
0
0
0
0
0
0
0
0
0
0
0
0
0
0
0
0
0
0
0
0
0
0
0
0
0
0
0
0
0
0
0
0
0
0
0
0
0
0
0
0
0
0
0
0
0
0
0
0
0
0
0
0
0
0
0
0
0
0
0
0
0
0
0
0
0
0
0
0
0
0
0
0
0
0
0
0
0
0
0
0
0
0
0
0
0
0
0
0
0
0
0
0
0
0
0
0
0
0
0
0
0
0
0
0
0
0
0
0
0
0
0
0
0
0
0
0
0
0
0
0
0
0
0
0
0
0
0
0
0
0
0
0
0
0
0
0
0
0
0
0
0
0
0
0
0
0
0
0
0
0
0
0
0
0
0
0
0
0
0
0
0
0
0
0
0
0
0
0
0
0
0
0
0
0
0
0
0
0
0
0
0
0
0
0
0
0
0
0
0
0
0
0
0
0
0
0
0
0
0
0
0
0
0
0
0
0
0
0
0
0
0
0
0
0
0
0
0
0
0
0
0
0
0
0
0
0
0
0
0
0
0
0
0
0
0
0
0
0
0
0
0
0
0
0
0
0
0
0
0
0
0
0
0
0
0
0
0
0
0
0
0
0
0
0
0
0
0
0
0
0
0
0
0
0
0
0
0
0
0
0
0
0
0
0
0
0
0
0
0
0
0
0
0
0
0
0
0
0
0
0
0
0
0
0
0
0
0
0
0
0
0
0
0
0
0
0
0
0
0
0
0
0
0
0
0
0
0
0
0
0
0
0
0
0
0
0
0
0
0
0
0
0
0
0
0
0
0
0
0
0
0
0
0
0
0
0
0
0
0
0
0
0
0
0
0
0
0
0
0
0
0
0
0
0
0
0
0
0
0
0
0
0
0
0
0
0
0
0
0
0
0
0
0
0
0
0
0
0
0
0
0
0
0
0
0
0
0
0
0
0
0
0
0
0
0
0
0
0
0
0
0
0
0
0
0
0
0
0
0
0
0
0
0
0
0
0
0
0
0
0
0
0
0
0
0
0
0
0
0
0
0
0
0
0
0
0
0
0
0
0
0
0
0
0
0
0
0
0
0
0
0
0
0
0
0
0
0
0
0
0
0
0
0
0
0
0
0
0
0
0
0
0
0
0
0
0
0
0
0
0
0
0
0
0
0
0
0
0
0
0
0
0
0
0
0
0
0
0
0
0
0
0
0
0
0
0
0
0
0
0
0
0
0
0
0
0
0
0
0
0
0
0
0
0
0
0
0
0
0
0
0
0
0
0
0
0
0
0
0
0
0
0
0
0
0
0
0
0
0
0
0
0
0
0
0
0
0
0
0
0
0
0
0
0
0
0
0
0
0
0
0
0
0
0
0
0
0
0
0
0
0
0
0
0
0
0
0
0
0
0
0
0
0
0
0
0
0
0
0
0
0
0
0
0
0
0
0
0
0
0
0
0
0
0
0
0
0
0
0
0
0
0
0
0
0
0
0
0
0
0
0
0
0
0
0
0
0
0
0
0
0
0
0
0
0
0
0
0
0
0
0
0
0
0
0
0
0
0
0
0
0
0
0
0
0
0
0
0
0
0
0
0
0
0
0
0
0
0
0
0
0
0
0
0
0
0
0
0
0
0
0
0
0
0
0
0
0
0
0
0
0
0
0
0
0
0
0
0
0
0
0
0
0
0
0
0
0
0
0
0
0
0
0
0
0
0
0
0
0
0
0
0
0
0
0
0
0
0
0
0
0
0
0
0
0
0
0
0
0
0
0
0
0
0
0
0
0
0
0
0
0
0
0
0
0
0
0
0
0
0
0
0
0
0
0
0
0
0
0
0
0
0
0
0
0
0
0
0
0
0
0
0
0
0
0
0
0
0
0
0
0
0
0
0
0
0
0
0
0
0
0
0
0
0
0
0
0
0
0
0
0
0
0
0
0
0
0
0
0
0
0
0
0
0
0
0
0
0
0
0
0
0
0
0
0
0
0
0
0
0
0
0
0
0
0
0
0
0
0
0
0
0
0
0
0
0
0
0
0
0
0
0
0
0
0
0
0
0
0
0
0
0
0
0
0
0
0
0
0
0
0
0
0
0
0
0
0
0
0
0
0
0
0
0
0
0
0
0
0
0
0
0
0
0
0
0
0
0
0
0
0
0
0
0
0
0
0
0
0
0
0
0
0
0
0
0
0
0
0
0
0
0
0
0
0
0
0
0
0
0
0
0
0
0
0
0
0
0
0
0
0
0
0
0
0
0
0
0
0
0
0
0
0
0
0
0
0
0
0
0
0
0
0
0
0
0
0
0
0
0
0
0
0
0
0
0
0
0
0
0
0
0
0
0
0
0
0
0
0
0
0
0
0
0
0
0
0
0
0
0
0
0
0
0
0
0
0
0
0
0
0
0
0
0
0
0
0
0
0
0
0
0
0
0
0
0
0
0
0
0
0
0
0
0
0
0
0
0
0
0
0
0
0
0
0
0
0
0
0
0
0
0
0
0
0
0
0
0
0
0
0
0
0
0
0
0
0
0
0
0
0
0
0
0
0
0
0
0
0
0
0
0
0
0
0
0
0
0
0
0
0
0
0
0
0
0
0
0
0
0
0
0
0
0
0
0
0
0
0
0
0
0
0
0
0
0
0
0
0
0
0
0
0
0
0
0
0
0
0
0
0
0
0
0
0
0
0
0
0
0
0
0
0
0
0
0
0
0
0
0
0
0
0
0
0
0
0
0
0
0
0
0
0
0
0
0
0
0
0
0
0
0
0
0
0
0
0
0
0
0
0
0
0
0
0
0
0
0
0
0
0
0
0
0
0
0
0
0
0
0
0
0
0
0
0
0
0
0
0
0
0
0
0
0
0
0
0
0
0
0
0
0
0
0
0
0
0
0
0
0
0
0
0
0
0
0
0
0
0
0
0
0
0
0
0
0
0
0
0
0
0
0
0
0
0
0
0
0
0
0
0
0
0
0
0
0
0
0
0
0
0
0
0
0
0
0
0
0
0
0
0
0
0
0
0
0
0
0
0
0
0
0
0
0
0
0
0
0
0
0
0
0
0
0
0
0
0
0
0
0
0
0
0
0
0
0
0
0
0
0
0
0
0
0
0
0
0
0
0
0
0
0
0
0
0
0
0
0
0
0
0
0
0
0
0
0
0
0
0
0
0
0
0
0
0
0
0
0
0
0
0
0
0
0
0
0
0
0
0
0
0
0
0
0
0
0
0
0
0
0
0
0
0
0
0
0
0
0
0
0
0
0
0
0
0
0
0
0
0
0
0
0
0
0
0
0
0
0
0
0
0
0
0
0
0
0
0
0
0
0
0
0
0
0
0
0
0
0
0
0
0
0
0
0
0
0
0
0
0
0
0
0
0
0
0
0
0
0
0
0
0
0
0
0
0
0
0
0
0
0
0
0
0
0
0
0
0
0
0
0
0
0
0
0
0
0
0
0
0
0
0
0
0
0
0
0
0
0
0
0
0
0
0
0
0
0
0
0
0
0
0
0
0
0
0
0
0
0
0
0
0
0
0
0
0
0
0
0
0
0
0
0
0
0
0
0
0
0
0
0
0
0
0
0
0
0
0
0
0
0
0
0
0
0
0
0
0
0
0
0
0
0
0
0
0
0
0
0
0
0
0
0
0
0
0
0
0
0
0
0
0
0
0
0
0
0
0
0
0
0
0
0
0
0
0
0
0
0
0
0
0
0
0
0
0
0
0
0
0
0
0
0
0
0
0
0
0
0
0
0
0
0
0
0
0
0
0
0
0
0
0
0
0
0
0
0
0
0
0
0
0
0
0
0
0
0
0
0
0
0
0
0
0
0
0
0
0
0
0
0
0
0
0
0
0
0
0
0
0
0
0
0
0
0
0
0
0
0
0
0
0
0
0
0
0
0
0
0
0
0
0
0
0
0
0
0
0
0
0
0
0
0
0
0
0
0
0
0
0
0
0
0
0
0
0
0
0
0
0
0
0
0
0
0
0
0
0
0
0
0
0
0
0
0
0
0
0
0
0
0
0
0
0
0
0
0
0
0
0
0
0
0
0
0
0
0
0
0
0
0
0
0
0
0
0
0
0
0
0
0
0
0
0
0
0
0
0
0
0
0
0
0
0
0
0
0
0
0
0
0
0
0
0
0
0
0
0
0
0
0
0
0
0
0
0
0
0
0
0
0
0
0
0
0
0
0
0
0
0
0
0
0
0
0
0
0
0
0
0
0
0
0
0
0
0
0
0
0
0
0
0
0
0
0
0
0
0
0
0
0
0
0
0
0
0
0
0
0
0
0
0
0
0
0
0
0
0
0
0
0
0
0
0
0
0
0
0
0
0
0
0
0
0
0
0
0
0
0
0
0
0
0
0
0
0
0
0
0
0
0
0
0
0
0
0
0
0
0
0
0
0
0
0
0
0
0
0
0
0
0
0
0
0
0
0
0
0
0
0
0
0
0
0
0
0
0
0
0
0
0
0
0
0
0
0
0
0
0
0
0
0
0
0
0
0
0
0
0
0
0
0
0
0
0
0
0
0
0
0
0
0
0
0
0
0
0
0
0
0
0
0
0
0
0
0
0
0
0
0
0
0
0
0
0
0
0
0
0
0
0
0
0
0
0
0
0
0
0
0
0
0
0
0
0
0
0
0
0
0
0
0
0
0
0
0
0
0
0
0
0
0
0
0
0
0
0
0
0
0
0
0
0
0
0
0
0
0
0
0
0
0
0
0
0
0
0
0
0
0
0
0
0
0
0
0
0
0
0
0
0
0
0
0
0
0
0
0
0
0
0
0
0
0
0
0
0
0
0
0
0
0
0
0
0
0
0
0
0
0
0
0
0
0
0
0
0
0
0
0
0
0
0
0
0
0
0
0
0
0
0
0
0
0
0
0
0
0
0
0
0
0
0
0
0
0
0
0
0
0
0
0
0
0
0
0
0
0
0
0
0
0
0
0
0
0
0
0
0
0
0
0
0
0
0
0
0
0
0
0
0
0
0
0
0
0
0
0
0
0
0
0
0
0
0
0
0
0
0
0
0
0
0
0
0
0
0
0
0
0
0
0
0
0
0
0
0
0
0
0
0
0
0
0
0
0
0
0
0
0
0
0
0
0
0
0
0
0
0
0
0
0
0
0
0
0
0
0
0
0
0
0
0
0
0
0
0
0
0
0
0
0
0
0
0
0
0
0
0
0
0
0
0
0
0
0
0
0
0
0
0
0
0
0
0
0
0
0
0
0
0
0
0
0
0
0
0
0
0
0
0
0
0
0
0
0
0
0
0
0
0
0
0
0
0
0
0
0
0
0
0
0
0
0
0
0
0
0
0
0
0
0
0
0
0
0
0
0
0
0
0
0
0
0
0
0
0
0
0
0
0
0
0
0
0
0
0
0
0
0
0
0
0
0
0
0
0
0
0
0
0
0
0
0
0
0
0
0
0
0
0
0
0
0
0
0
0
0
0
0
0
0
0
0
0
0
0
0
0
0
0
0
0
0
0
0
0
0
0
0
0
0
0
0
0
0
0
0
0
0
0
0
0
0
0
0
0
0
0
0
0
0
0
0
0
0
0
0
0
0
0
0
0
0
0
0
0
0
0
0
0
0
0
0
0
0
0
0
0
0
0
0
0
0
0
0
0
0
0
0
0
0
0
0
0
0
0
0
0
0
0
0
0
0
0
0
0
0
0
0
0
0
0
0
0
0
0
0
0
0
0
0
0
0
0
0
0
0
0
0
0
0
0
0
0
0
0
0
0
0
0
0
0
0
0
0
0
0
0
0
0
0
0
0
0
0
0
0
0
0
0
0
0
0
0
0
0
0
0
0
0
0
0
0
0
0
0
0
0
0
0
0
0
0
0
SCALARS speed float 1
LOOKUP_TABLE default
10.275242512873012
10.275223077898611
10.275196791499077
10.275236656644788
10.275218164380796
10.275192299231641
10.275233812296525
10.275215611326262
10.275189854453204
10.275232273041192
10.275214101509306
10.275188335651965
10.275157532509869
10.275103439965102
10.275038516287427
10.274968852304816
10.274899510501553
10.275153637843939
10.275100679948899
10.275037309455669
10.274969351845341
10.274901678430563
10.274835380061001
10.274782086708488
10.274743291874222
10.274717094976493
10.274697302451273
10.274839024822159
10.274786840356983
10.274748684251627
10.27472297976303
10.274704309889053
10.2751513868223
10.27509887324239
10.275036242120702
10.274969163684466
10.274902393800874
10.275149866075365
10.275097490606541
10.275035233914902
10.274968670213664
10.27490248183736
10.274840586577435
10.27478909775509
10.274751429854248
10.274726073440769
10.274707803920526
10.274841273298927
10.274790345895784
10.274753127963983
10.274728024390678
10.274709854967545
10.275231306548037
10.275230676486725
10.275213118292568
10.27518732771447
10.275212487024481
10.27518670500954
10.275230834247139
10.275212589019988
10.275186805036443
10.275232603957534
10.275214051770602
10.275188151658808
10.275237574547686
10.275218090512851
10.275191791350627
10.275148855443346
10.275096608524182
10.275034640015045
10.27514832842963
10.275096285238698
10.275034620923549
10.274968481111729
10.27490276743589
10.274968845300313
10.274903551761122
10.27514853399086
10.275096694133738
10.275035235785513
10.274969678444192
10.274904598389123
10.274842056283477
10.274791606627971
10.274754741738418
10.274843250185404
10.274793158043837
10.274756512909807
10.274729831774636
10.274711628204143
10.274731676932053
10.274713472452495
10.274844480970845
10.27479452969574
10.274757889656188
10.274732973321749
10.274714756395415
10.275149820439962
10.275097915656255
10.275036312708174
10.274970570084168
10.274905270075408
10.275153042658804
10.275100470443814
10.275038004173123
10.274971305842788
10.274904998577798
10.274844922358431
10.274794762252187
10.274757917045578
10.27473282626042
10.274714268474874
10.274843668093171
10.274792700370869
10.274755305815022
10.274729677889217
10.274710055958913
10.275236524860285
10.275217999615668
10.275192042465555
10.275231629417847
10.275213858059685
10.275188390654177
10.275229113817174
10.275211619469687
10.27518636364908
10.275227653278796
10.275210237005011
10.27518506993966
10.275153205574552
10.275099997001734
10.275036335377438
10.274968075458251
10.274900162066986
10.275150370156725
10.27509854314934
10.275036603173252
10.274970132183343
10.274903873917518
10.274837421962102
10.274785362608352
10.274747425667565
10.274721890909886
10.274703142176154
10.274842471563289
10.274791209531061
10.274753531487251
10.27472815474394
10.274710261718395
10.275148733630539
10.275097582967017
10.275036571147321
10.274971114217614
10.274905823942754
10.275147611507196
10.275096808932156
10.275036356174525
10.274971556593936
10.274906933164701
10.274845231421443
10.274794493275634
10.274757074209335
10.274731819748622
10.274714205937752
10.274846935014361
10.274796637548091
10.274759493255662
10.274734401964171
10.274716898918903
10.275233597049477
10.275215369265048
10.275189549358259
10.275229021911896
10.27521152894848
10.275186277145737
10.275226626306665
10.275209423812198
10.275184444764289
10.275225209362739
10.275208105376553
10.275183264556153
10.275150948653367
10.275098212504931
10.275035276664338
10.274967835903498
10.274900744540258
10.275148636918153
10.275097442669892
10.2750363431993
10.274970761344184
10.274905342152664
10.274838776607336
10.274787364887045
10.274749889896173
10.274724625451352
10.274706242991307
10.274844661076921
10.27479390302009
10.27475650544808
10.274731271608173
10.274713646602324
10.27514729825033
10.275096902209734
10.275036833513536
10.274972342482837
10.274907934254616
10.275146373887651
10.275096432521734
10.275037017791158
10.274973260791137
10.274909567752967
10.274848057761391
10.274797752577614
10.274760500100456
10.274735286398444
10.274717855220009
10.274850292429887
10.274800384281267
10.274763322978567
10.274738201422036
10.27472084664074
10.275231940206156
10.275213779742252
10.275188056857012
10.275227402241336
10.275210006160336
10.275184895326458
10.275225072269405
10.275207982521305
10.275183184768542
10.275223698320024
10.2752067181043
10.275182087117763
10.275149620673091
10.275097197911398
10.275034755712507
10.274967880095481
10.274901351612851
10.275147495640455
10.275096701147481
10.27503616476209
10.274971196438475
10.27490636543609
10.274839894826433
10.274788882696305
10.274751681592965
10.274726587384023
10.274708309849503
10.274846190201734
10.274795784923816
10.274758591293804
10.274733471257893
10.274715935988446
10.275146344112059
10.275096425618036
10.275036982590665
10.274973150675896
10.274909355269626
10.275145553901586
10.275096156182149
10.275037423645982
10.274974369656359
10.274911315622612
10.27484997971543
10.274799990140213
10.274762875170726
10.274737719702086
10.274720342846294
10.274852542126357
10.274802923908284
10.274765958412093
10.274740859790903
10.274723540655918
10.275230680836893
10.27521253071127
10.275186879995845
10.275226140523698
10.275208780468805
10.275183768387386
10.275229423592414
10.275211297486216
10.275185687806706
10.275224920580436
10.275207587089156
10.275182621978754
10.275223827669349
10.27520678454708
10.275182100258466
10.275222478134454
10.275205548994707
10.275181044160538
10.275222631563311
10.275205618886231
10.275180987569707
10.275221315492015
10.275204422236062
10.275179979774618
10.275148589453911
10.275096437647765
10.275034367040298
10.274967924680537
10.274901843520121
10.275146553475295
10.27509607712711
10.275035955105983
10.274971449663864
10.274907081172559
10.274840807835083
10.274790137481476
10.27475314831462
10.274728173436618
10.274709969696378
10.274847317810138
10.274797227026712
10.274760211904892
10.274735185598999
10.274717702736945
10.275147494233606
10.275095510595872
10.275033668821047
10.274967519358189
10.274901796007502
10.275145518924017
10.275095239090756
10.275035380096179
10.274971194129831
10.274907187335186
10.27484115714873
10.274790852960018
10.274754120787735
10.274729294891245
10.274711188000621
10.274847797364197
10.274798036803821
10.274761251771171
10.274736356956689
10.274718951914318
10.275145470490534
10.275095904504912
10.275036908948296
10.27497356615253
10.274910247190464
10.275144748124838
10.275095736362912
10.275037484927855
10.274974948082557
10.274912387371753
10.274851282510591
10.27480159624389
10.274764640906868
10.274739562455029
10.274722226031484
10.274854026448448
10.274804702477581
10.274767888460174
10.274742858342183
10.274725575406098
10.275144481743405
10.275095133899509
10.275036429215557
10.2749734300856
10.274910482866778
10.275143823917901
10.275095053897152
10.275037120813495
10.274974950214562
10.274912771129708
10.274851882294969
10.274802509069167
10.274765771086461
10.274740816303442
10.274723550450188
10.274854770023456
10.27480574679111
10.274769140058662
10.274744229690032
10.274727017432951
10.275226694620379
10.275226100516683
10.275209300468324
10.275184178008656
10.2752087143036
10.275183635137658
10.275226201631414
10.275208764680873
10.275183688313124
10.275227652903583
10.275209964901675
10.275184796908587
10.275231682530002
10.275213301701193
10.275187808772667
10.275146833064776
10.275096299310473
10.275036264180871
10.275146445796084
10.275096186767193
10.275036510377697
10.274971971980188
10.274907879992686
10.274972633040473
10.274908965988283
10.275146605157028
10.275096555473917
10.275037098869486
10.274973457392765
10.274910013876752
10.274848376273605
10.274798481313031
10.274761587983448
10.274849848201482
10.274800264249336
10.27476355261042
10.274736631197529
10.274719193532153
10.274738655685404
10.274721246278684
10.274851081235242
10.274801639832997
10.274764955653536
10.274740004870779
10.274722535018958
10.275147670315947
10.275097596168118
10.275038072061696
10.274974338557101
10.274910773411042
10.275150341074895
10.275099746117498
10.275039581111741
10.274975164195554
10.274910876557122
10.274851687959764
10.274802081149376
10.274765202165131
10.274740046342075
10.274722305545321
10.274851040721465
10.274800740432935
10.274763337976495
10.274737732628026
10.274719302698458
10.275224261065029
10.275223653611521
10.275207196806381
10.275182438602728
10.275206604273025
10.275181907842436
10.275223695567481
10.275206598270028
10.27518190596515
10.275224976444703
10.275207649224425
10.275182854251449
10.275228616989507
10.275210655497485
10.275185534757652
10.275145728014621
10.275096137835495
10.275037215705403
10.275145383384904
10.275096106129491
10.275037576966758
10.274974025185108
10.274910899565725
10.274974827768293
10.274912141247803
10.275145492400419
10.275096429778335
10.275038127573673
10.27497562344386
10.274913169961405
10.274852120719851
10.274802582460705
10.274765726965512
10.274853748362347
10.274804508892961
10.274767825391823
10.274740705785613
10.274723410500432
10.274742865946433
10.274725607152089
10.274854969478536
10.274805879552087
10.274769238547117
10.274744242781024
10.274726940005655
10.275146380292176
10.275097278489776
10.275038909575487
10.274976332680813
10.274913789168712
10.27514870093006
10.275099082959033
10.275040120936907
10.274976939470033
10.274913774140852
10.274855471725704
10.274806254944728
10.27476946006974
10.274744299038947
10.274726770136581
10.274854810498251
10.274804986622243
10.274767730021939
10.274742180456878
10.274724065898134
10.275222730343268
10.27522208231159
10.27520579512276
10.275181256994831
10.275205166069279
10.275180693609434
10.275222078583466
10.275205115258835
10.275180649502571
10.2752232464179
10.275206049534557
10.275181461786536
10.275226725240906
10.275208893508573
10.275183948325814
10.275144928427421
10.275095916247572
10.275037712863137
10.275144558458093
10.275095873002343
10.275038079694252
10.274975259082044
10.274912798464531
10.274976085612707
10.27491408089073
10.275144628959263
10.275096160774499
10.275038600217885
10.274976858230866
10.274915095118736
10.27485453430732
10.274805289290812
10.274768527638347
10.274856214303517
10.274807278638516
10.27477070249884
10.274743527183137
10.274726269433922
10.274745778938025
10.274728572868739
10.274857429842243
10.274808655716743
10.274772140436138
10.274747200826251
10.27472996864697
10.275145354247103
10.27509682010065
10.275039180333318
10.274977366747779
10.274915529097404
10.275147435540701
10.275098347465759
10.275040101047601
10.274977693505701
10.274915265187962
10.274857775199344
10.274808914081159
10.274772291459712
10.274747224452479
10.274729787099709
10.274856912259812
10.274807503590297
10.274770476523873
10.274745064512782
10.274727063240002
10.275221511476641
10.275220829725956
10.27520462927734
10.275180223488181
10.275203967974603
10.27517962409245
10.275220764414648
10.275203855807096
10.275179508991704
10.275220397822773
10.275219730001924
10.275203556996782
10.275179227236778
10.275202911436345
10.275178646058491
10.275219665747265
10.275202799991199
10.275178532611356
10.275221886166646
10.275204739235011
10.275180261930887
10.275225306559982
10.275207509115846
10.275182650878465
10.275220746126578
10.275203641581266
10.275179236007663
10.275224108121876
10.275206353634919
10.275181559384327
10.275144146070009
10.27509554049224
10.275037842608013
10.275143737347447
10.275095462018227
10.275038184271567
10.274975928775198
10.27491397878547
10.274976743992182
10.274915265001548
10.275143721306783
10.275095651495532
10.275038604021983
10.274977420551391
10.274916195120788
10.274856135653327
10.274807187836009
10.27477058222896
10.274857833686077
10.274809211169146
10.274772810062835
10.274745657088154
10.274728443245126
10.274747980529888
10.274730834567031
10.274858982974596
10.274810546473013
10.274774233778574
10.274749413538837
10.274732258972596
10.275143312630693
10.275094977190992
10.275037625329837
10.275142927402451
10.275094931792102
10.275038012426343
10.274976098234379
10.274914538558573
10.274976971185763
10.274915891725822
10.275142914906782
10.275095128445297
10.275038444855834
10.274977666893815
10.274916847652438
10.274857050095713
10.274808387989003
10.274771976669266
10.274858819744578
10.274810485241455
10.27477428257375
10.27474716711032
10.274730029527788
10.274749576397678
10.274732517084928
10.27486000060714
10.274811857254432
10.27477574954599
10.274751060842801
10.27473400194239
10.275144376382803
10.275096230169334
10.275039099100113
10.274977844892828
10.274916552214849
10.275146331665491
10.275097605591014
10.275039850988692
10.274977998251448
10.274916123148149
10.274859264797763
10.274810759860369
10.27477436105343
10.27474943274304
10.274732083692752
10.274858257405056
10.274809238458269
10.274772471297203
10.274747222776984
10.274729309248166
10.275143509276123
10.275095636028919
10.275038864579734
10.274978017871048
10.274917139595088
10.275145388646418
10.275096927523698
10.275039529974634
10.274978088736191
10.27491663842946
10.274860231012459
10.274812037776442
10.274775864042029
10.274751083118693
10.274733838826526
10.274859168063896
10.274810482953855
10.274773963284536
10.274748879238267
10.274731079122388
10.275228260697476
10.275210153584586
10.275184509757628
10.275223838179009
10.275206505100186
10.275181498284828
10.275221618032784
10.275204608638132
10.27517995118507
10.275220378065052
10.275203500905553
10.275179056959113
10.275146303798913
10.275094333804356
10.275032539037996
10.27496651401654
10.274901028294362
10.275144384328454
10.275094137360734
10.275034358731444
10.27497032414254
10.274906555680158
10.274840733516237
10.274790814874459
10.274754387156593
10.274729732553142
10.274711719370384
10.27484747706138
10.274798054775848
10.274761543509364
10.274736804986784
10.274719484438753
10.27514345970779
10.27509418051997
10.275035595085253
10.274972775236066
10.274910070217166
10.275142949686625
10.275094288511779
10.275036512153035
10.274974544950512
10.274912609459298
10.274851756695956
10.274802679094783
10.274766179212765
10.274741361894161
10.274724171798992
10.274854873999631
10.274806110381297
10.274769706372801
10.27474491256582
10.274727772602485
10.275227815345451
10.275209626753927
10.275183851711853
10.275223411466198
10.275205987216756
10.275180840673196
10.275221247568886
10.275204156214505
10.275179378980377
10.275220113448569
10.275203171641689
10.275178646234048
10.275145511989562
10.275093409938352
10.275031455240427
10.274965335656416
10.27489988046959
10.275143585162862
10.275093214261794
10.275033308625598
10.274969212316691
10.274905484386904
10.27483974369118
10.27479008792192
10.274753869391965
10.27472931288403
10.274711302399504
10.274846548749142
10.274797363972835
10.274761050601946
10.274736408528687
10.274719089734806
10.275142775838054
10.275093410688797
10.27503473867394
10.274971884590427
10.274909221546213
10.275142480431478
10.275093786643041
10.275035966937834
10.274973987677173
10.274912087149758
10.274851025355295
10.274802140056286
10.274765804656003
10.27474106592712
10.274723879570226
10.274854434235747
10.274805809383077
10.274769520419449
10.274744776202526
10.274727635946759
10.275229110637225
10.275210587037352
10.275184589874543
10.275224441187758
10.275206730940621
10.275181361103702
10.275222276117894
10.275204924792911
10.275179947443485
10.275221200421367
10.275204015232267
10.27517931517326
10.275145988370195
10.275093526728096
10.275031096874399
10.274964512057769
10.274898689580333
10.275143824346051
10.2750930965277
10.275032767832215
10.274968274050307
10.274904239591507
10.274838312038831
10.274788555939994
10.274752294796144
10.274727678653074
10.274709380293443
10.274845111739635
10.274795869326478
10.274759546253964
10.274734860977256
10.274717320840518
10.275143094048463
10.275093408401334
10.275034352930621
10.274971131693908
10.274908166565472
10.275142932191006
10.275093951070033
10.275035775936313
10.274973443683177
10.274911233341857
10.274849759090923
10.274800783106659
10.274764412228011
10.274739626367211
10.274722253938309
10.274853341420371
10.274804587748696
10.274768237688454
10.274743435780259
10.274726114877275
10.275233885498185
10.275214459920679
10.275188076770103
10.275228328036485
10.27520990925116
10.275184161158538
10.275225901798517
10.275207906668326
10.275182558407712
10.275224907983683
10.275207089927552
10.275182050250431
10.275149044723033
10.275095818498874
10.275032327634596
10.274964570100416
10.274897617473878
10.275146132815991
10.275094612796366
10.275033294327914
10.274967772074648
10.274902773835862
10.274836233135431
10.27478567248493
10.274748873789068
10.274723757759622
10.274704438200136
10.274842808334565
10.274792932833211
10.274756226281564
10.274731209908342
10.274712947828389
10.275145201878951
10.275094720480547
10.275034696186179
10.274970479374279
10.274906579861042
10.275145206361096
10.275095473043624
10.275036359276337
10.274973041643436
10.274909877475585
10.274847363194541
10.274797796510502
10.274761098535537
10.274736050460696
10.274718058042
10.274851129831189
10.274801731447878
10.274765017508221
10.274739941910287
10.274722010337834
10.275219545623502
10.275218956973557
10.275202731815755
10.275178423773355
10.27520216918176
10.275177941308185
10.275218909034914
10.275202073603324
10.27517784021139
10.27521999903113
10.275202928537169
10.275178560385354
10.275223302430032
10.275205598334098
10.275180846899325
10.275142590698527
10.275094400592986
10.275037237026885
10.275142327232771
10.275094501003109
10.275037789679624
10.274975932957057
10.274914618070591
10.274976983534373
10.274916149552558
10.275142322066642
10.275094700322077
10.275038223744822
10.274977683600504
10.274917114175432
10.27485737763064
10.274808944797515
10.274772705956075
10.274859313695151
10.274811187680291
10.274775137737935
10.274747994865242
10.274730929932792
10.274750519298205
10.274733533821216
10.27486050826796
10.274812580138571
10.27477663297916
10.274752038247744
10.274735056855496
10.275142936833102
10.275095233119259
10.275038672757038
10.274978068398438
10.274917444508763
10.275144782473808
10.275096495554672
10.275039317129192
10.274978129693238
10.274916947767004
10.274860780364625
10.274812803937847
10.274776790828238
10.274752105494615
10.274734945104896
10.274859736791941
10.274811281975687
10.274774934135712
10.274749956865286
10.274732260933161
10.275219372190358
10.275218866587705
10.275202508762062
10.275178145955419
10.275202035219873
10.275177766588486
10.275218901067744
10.275202022134986
10.275177754712701
10.275220027851834
10.275202912281193
10.275178505625981
10.27522333220131
10.275205583842729
10.275180787083874
10.275142287608281
10.275094098939594
10.275036920279447
10.27514214592353
10.275094339670193
10.275037628326194
10.274975619575683
10.274914335493131
10.274976834687447
10.27491602983512
10.275142237000155
10.275094643147018
10.275038171225873
10.274977645900311
10.274917103225677
10.274857154393519
10.274808824359621
10.274772665688042
10.27485923954306
10.274811195408452
10.274775205957795
10.274747984269011
10.274730917041589
10.274750604664074
10.274733615180446
10.274860533847406
10.274812674027791
10.274776772037526
10.274752185169733
10.274735198904425
10.275142871653863
10.275095183428668
10.275038618911154
10.274978025074374
10.274917427735609
10.275144700559196
10.275096414947509
10.275039221322579
10.274978040006088
10.274916886636088
10.274860802732942
10.274812898462965
10.2747769335431
10.274752259411969
10.274735096771515
10.274859722064244
10.274811351358196
10.274775064145693
10.274750106074915
10.274732414995158
10.275220585856955
10.275220142552561
10.275203492123786
10.275178991019212
10.275203087600723
10.275178687584063
10.275220232607149
10.275203126436525
10.275178718803138
10.275221470830045
10.275204102800831
10.27517954000793
10.275225044211398
10.275206980098659
10.275181993737021
10.275142964000501
10.275094534569282
10.275037034732124
10.275142903684982
10.275094862474351
10.275037837274184
10.274975395985082
10.274913791100269
10.274976713424817
10.274915589195556
10.275143019364382
10.275095169680297
10.275038370255881
10.274977510289981
10.274916649683135
10.274856333511377
10.274807819638704
10.274771550712808
10.274858514004999
10.274810272879431
10.274774161799526
10.274746783717092
10.274729532466234
10.274749469841712
10.274732299428125
10.27485979882664
10.27481174729404
10.274775728885784
10.274751057291564
10.274733893302566
10.275143697546753
10.275095717695576
10.275038793866095
10.274977842720626
10.274916914631953
10.275145662891349
10.275097031585997
10.275039414510063
10.274977817155527
10.274916284073065
10.27486000359349
10.274811908751186
10.274775831785778
10.274751075227606
10.274733719229411
10.274858795257988
10.274810212158076
10.274773801890694
10.274748740869132
10.274730799552021
10.275224380004552
10.275223973567167
10.275206652647535
10.275181825744623
10.275206288388349
10.275181562605805
10.275224098279024
10.275206349643154
10.275181587495974
10.275225596206484
10.275207509624881
10.275182530647347
10.27523006021026
10.275211048676276
10.275185542064458
10.275145354995972
10.275096191460261
10.275037769024443
10.275145328605975
10.275096544420071
10.27503859805007
10.274975152952745
10.274912583635883
10.274976508153895
10.274914428354096
10.275145388754476
10.275096736112948
10.275038971302607
10.274977132471019
10.274915326628502
10.274854237642263
10.274805040910151
10.274768384838209
10.27485646159853
10.274807531261876
10.274771034508277
10.274743337134918
10.274725471803247
10.274746070591126
10.274728298470146
10.27485760539261
10.274808895504203
10.274772523769903
10.274747603496955
10.274729843685339
10.275146103688131
10.275097206802396
10.2750392074907
10.274977201326536
10.274915286223683
10.275148515473708
10.275098787014228
10.275039871419127
10.274977005361373
10.274914301093146
10.274857491422219
10.274808755300995
10.274772351060919
10.274747347994943
10.274729330510983
10.274855785667533
10.274806480643209
10.274769702408127
10.274744316972759
10.274725459815052
0
0
0
0
0
0
0
0
0
0
0
0
0
0
0
0
0
0
0
0
0
0
0
0
0
0
0
0
0
0
0
0
0
0
0
0
0
0
0
0
0
0
0
0
0
0
0
0
0
0
0
0
0
0
0
0
0
0
0
0
0
0
0
0
0
0
0
0
0
0
0
0
0
0
0
0
0
0
0
0
0
0
0
0
0
0
0
0
0
0
0
0
0
0
0
0
0
0
0
0
0
0
0
0
0
0
0
0
0
0
0
0
0
0
0
0
0
0
0
0
0
0
0
0
0
0
0
0
0
0
0
0
0
0
0
0
0
0
0
0
0
0
0
0
0
0
0
0
0
0
0
0
0
0
0
0
0
0
0
0
0
0
0
0
0
0
0
0
0
0
0
0
0
0
0
0
0
0
0
0
0
0
0
0
0
0
0
0
0
0
0
0
0
0
0
0
0
0
0
0
0
0
0
0
0
0
0
0
0
0
0
0
0
0
0
0
0
0
0
0
0
0
0
0
0
0
0
0
0
0
0
0
0
0
0
0
0
0
0
0
0
0
0
0
0
0
0
0
0
0
0
0
0
0
0
0
0
0
0
0
0
0
0
0
0
0
0
0
0
0
0
0
0
0
0
0
0
0
0
0
0
0
0
0
0
0
0
0
0
0
0
0
0
0
0
0
0
0
0
0
0
0
0
0
0
0
0
0
0
0
0
0
0
0
0
0
0
0
0
0
0
0
0
0
0
0
0
0
0
0
0
0
0
0
0
0
0
0
0
0
0
0
0
0
0
0
0
0
0
0
0
0
0
0
0
0
0
0
0
0
0
0
0
0
0
0
0
0
0
0
0
0
0
0
0
0
0
0
0
0
0
0
0
0
0
0
0
0
0
0
0
0
0
0
0
0
0
0
0
0
0
0
0
0
0
0
0
0
0
0
0
0
0
0
0
0
0
0
0
0
0
0
0
0
0
0
0
0
0
0
0
0
0
0
0
0
0
0
0
0
0
0
0
0
0
0
0
0
0
0
0
0
0
0
0
0
0
0
0
0
0
0
0
0
0
0
0
0
0
0
0
0
0
0
0
0
0
0
0
0
0
0
0
0
0
0
0
0
0
0
0
0
0
0
0
0
0
0
0
0
0
0
0
0
0
0
0
0
0
0
0
0
0
0
0
0
0
0
0
0
0
0
0
0
0
0
0
0
0
0
0
0
0
0
0
0
0
0
0
0
0
0
0
0
0
0
0
0
0
0
0
0
0
0
0
0
0
0
0
0
0
0
0
0
0
0
0
0
0
0
0
0
0
0
0
0
0
0
0
0
0
0
0
0
0
0
0
0
0
0
0
0
0
0
0
0
0
0
0
0
0
0
0
0
0
0
0
0
0
0
0
0
0
0
0
0
0
0
0
0
0
0
0
0
0
0
0
0
0
0
0
0
0
0
0
0
0
0
0
0
0
0
0
0
0
0
0
0
0
0
0
0
0
0
0
0
0
0
0
0
0
0
0
0
0
0
0
0
0
0
0
0
0
0
0
0
0
0
0
0
0
0
0
0
0
0
0
0
0
0
0
0
0
0
0
0
0
0
0
0
0
0
0
0
0
0
0
0
0
0
0
0
0
0
0
0
0
0
0
0
0
0
0
0
0
0
0
0
0
0
0
0
0
0
0
0
0
0
0
0
0
0
0
0
0
0
0
0
0
0
0
0
0
0
0
0
0
0
0
0
0
0
0
0
0
0
0
0
0
0
0
0
0
0
0
0
0
0
0
0
0
0
0
0
0
0
0
0
0
0
0
0
0
0
0
0
0
0
0
0
0
0
0
0
0
0
0
0
0
0
0
0
0
0
0
0
0
0
0
0
0
0
0
0
0
0
0
0
0
0
0
0
0
0
0
0
0
0
0
0
0
0
0
0
0
0
0
0
0
0
0
0
0
0
0
0
0
0
0
0
0
0
0
0
0
0
0
0
0
0
0
0
0
0
0
0
0
0
0
0
0
0
0
0
0
0
0
0
0
0
0
0
0
0
0
0
0
0
0
0
0
0
0
0
0
0
0
0
0
0
0
0
0
0
0
0
0
0
0
0
0
0
0
0
0
0
0
0
0
0
0
0
0
0
0
0
0
0
0
0
0
0
0
0
0
0
0
0
0
0
0
0
0
0
0
0
0
0
0
0
0
0
0
0
0
0
0
0
0
0
0
0
0
0
0
0
0
0
0
0
0
0
0
0
0
0
0
0
0
0
0
0
0
0
0
0
0
0
0
0
0
0
0
0
0
0
0
0
0
0
0
0
0
0
0
0
0
0
0
0
0
0
0
0
0
0
0
0
0
0
0
0
0
0
0
0
0
0
0
0
0
0
0
0
0
0
0
0
0
0
0
0
0
0
0
0
0
0
0
0
0
0
0
0
0
0
0
0
0
0
0
0
0
0
0
0
0
0
0
0
0
0
0
0
0
0
0
0
0
0
0
0
0
0
0
0
0
0
0
0
0
0
0
0
0
0
0
0
0
0
0
0
0
0
0
0
0
0
0
0
0
0
0
0
0
0
0
0
0
0
0
0
0
0
0
0
0
0
0
0
0
0
0
0
0
0
0
0
0
0
0
0
0
0
0
0
0
0
0
0
0
0
0
0
0
0
0
0
0
0
0
0
0
0
0
0
0
0
0
0
0
0
0
0
0
0
0
0
0
0
0
0
0
0
0
0
0
0
0
0
0
0
0
0
0
0
0
0
0
0
0
0
0
0
0
0
0
0
0
0
0
0
0
0
0
0
0
0
0
0
0
0
0
0
0
0
0
0
0
0
0
0
0
0
0
0
0
0
0
0
0
0
0
0
0
0
0
0
0
0
0
0
0
0
0
0
0
0
0
0
0
0
0
0
0
0
0
0
0
0
0
0
0
0
0
0
0
0
0
0
0
0
0
0
0
0
0
0
0
0
0
0
0
0
0
0
0
0
0
0
0
0
0
0
0
0
0
0
0
0
0
0
0
0
0
0
0
0
0
0
0
0
0
0
0
0
0
0
0
0
0
0
0
0
0
0
0
0
0
0
0
0
0
0
0
0
0
0
0
0
0
0
0
0
0
0
0
0
0
0
0
0
0
0
0
0
0
0
0
0
0
0
0
0
0
0
0
0
0
0
0
0
0
0
0
0
0
0
0
0
0
0
0
0
0
0
0
0
0
0
0
0
0
0
0
0
0
0
0
0
0
0
0
0
0
0
0
0
0
0
0
0
0
0
0
0
0
0
0
0
0
0
0
0
0
0
0
0
0
0
0
0
0
0
0
0
0
0
0
0
0
0
0
0
0
0
0
0
0
0
0
0
0
0
0
0
0
0
0
0
0
0
0
0
0
0
0
0
0
0
0
0
0
0
0
0
0
0
0
0
0
0
0
0
0
0
0
0
0
0
0
0
0
0
0
0
0
0
0
0
0
0
0
0
0
0
0
0
0
0
0
0
0
0
0
0
0
0
0
0
0
0
0
0
0
0
0
0
0
0
0
0
0
0
0
0
0
0
0
0
0
0
0
0
0
0
0
0
0
0
0
0
0
0
0
0
0
0
0
0
0
0
0
0
0
0
0
0
0
0
0
0
0
0
0
0
0
0
0
0
0
0
0
0
0
0
0
0
0
0
0
0
0
0
0
0
0
0
0
0
0
0
0
0
0
0
0
0
0
0
0
0
0
0
0
0
0
0
0
0
0
0
0
0
0
0
0
0
0
0
0
0
0
0
0
0
0
0
0
0
0
0
0
0
0
0
0
0
0
0
0
0
0
0
0
0
0
0
0
0
0
0
0
0
0
0
0
0
0
0
0
0
0
0
0
0
0
0
0
0
0
0
0
0
0
0
0
0
0
0
0
0
0
0
0
0
0
0
0
0
0
0
0
0
0
0
0
0
0
0
0
0
0
0
0
0
0
0
0
0
0
0
0
0
0
0
0
0
0
0
0
0
0
0
0
0
0
0
0
0
0
0
0
0
0
0
0
0
0
0
0
0
0
0
0
0
0
0
0
0
0
0
0
0
0
0
0
0
0
0
0
0
0
0
0
0
0
0
0
0
0
0
0
0
0
0
0
0
0
0
0
0
0
0
0
0
0
0
0
0
0
0
0
0
0
0
0
0
0
0
0
0
0
0
0
0
0
0
0
0
0
0
0
0
0
0
0
0
0
0
0
0
0
0
0
0
0
0
0
0
0
0
0
0
0
0
0
0
0
0
0
0
0
0
0
0
0
0
0
0
0
0
0
0
0
0
0
0
0
0
0
0
0
0
0
0
0
0
0
0
0
0
0
0
0
0
0
0
0
0
0
0
0
0
0
0
0
0
0
0
0
0
0
0
0
0
0
0
0
0
0
0
0
0
0
0
0
0
0
0
0
0
0
0
0
0
0
0
0
0
0
0
0
0
0
0
0
0
0
0
0
0
0
0
0
0
0
0
0
0
0
0
0
0
0
0
0
0
0
0
0
0
0
0
0
0
0
0
0
0
0
0
0
0
0
0
0
0
0
0
0
0
0
0
0
0
0
0
0
0
0
0
0
0
0
0
0
0
0
0
0
0
0
0
0
0
0
0
0
0
0
0
0
0
0
0
0
0
0
0
0
0
0
0
0
0
0
0
0
0
0
0
0
0
0
0
0
0
0
0
0
0
0
0
0
0
0
0
0
0
0
0
0
0
0
0
0
0
0
0
0
0
0
0
0
0
0
0
0
0
0
0
0
0
0
0
0
0
0
0
0
0
0
0
0
0
0
0
0
0
0
0
0
0
0
0
0
0
0
0
0
0
0
0
0
0
0
0
0
0
0
0
0
0
0
0
0
0
0
0
0
0
0
0
0
0
0
0
0
0
0
0
0
0
0
0
0
0
0
0
0
0
0
0
0
0
0
0
0
0
0
0
0
0
0
0
0
0
0
0
0
0
0
0
0
0
0
0
0
0
0
0
0
0
0
0
0
0
0
0
0
0
0
0
0
0
0
0
0
0
0
0
0
0
0
0
0
0
0
0
0
0
0
0
0
0
0
0
0
0
0
0
0
0
0
0
0
0
0
0
0
0
0
0
0
0
0
0
0
0
0
0
0
0
0
0
0
0
0
0
0
0
0
0
0
0
0
0
0
0
0
0
0
0
0
0
0
0
0
0
0
0
0
0
0
0
0
0
0
0
0
0
0
0
0
0
0
0
0
0
0
0
0
0
0
0
0
0
0
0
0
0
0
0
0
0
0
0
0
0
0
0
0
0
0
0
0
0
0
0
0
0
0
0
0
0
0
0
0
0
0
0
0
0
0
0
0
0
0
0
0
0
0
0
0
0
0
0
0
0
0
0
0
0
0
0
0
0
0
0
0
0
0
0
0
0
0
0
0
0
0
0
0
0
0
0
0
0
0
0
0
0
0
0
0
0
0
0
0
0
0
0
0
0
0
0
0
0
0
0
0
0
0
0
0
0
0
0
0
0
0
0
0
0
0
0
0
0
0
0
0
0
0
0
0
0
0
0
0
0
0
0
0
0
0
0
0
0
0
0
0
0
0
0
0
0
0
0
0
0
0
0
0
0
0
0
0
0
0
0
0
0
0
0
0
0
0
0
0
0
0
0
0
0
0
0
0
0
0
0
0
0
0
0
0
0
0
0
0
0
0
0
0
0
0
0
0
0
0
0
0
0
0
0
0
0
0
0
0
0
0
0
0
0
0
0
0
0
0
0
0
0
0
0
0
0
0
0
0
0
0
0
0
0
0
0
0
0
0
0
0
0
0
0
0
0
0
0
0
0
0
0
0
0
0
0
0
0
0
0
0
0
0
0
0
0
0
0
0
0
0
0
0
0
0
0
0
0
0
0
0
0
0
0
0
0
0
0
0
0
0
0
0
0
0
0
0
0
0
0
0
0
0
0
0
0
0
0
0
0
0
0
0
0
0
0
0
0
0
0
0
0
0
0
0
0
0
0
0
0
0
0
0
0
0
0
0
0
0
0
0
0
0
0
0
0
0
0
0
0
0
0
0
0
0
0
0
0
0
0
0
0
0
0
0
0
0
0
0
0
0
0
0
0
0
0
0
0
0
0
0
0
0
0
0
0
0
0
0
0
0
0
0
0
0
0
0
0
0
0
0
0
0
0
0
0
0
0
0
0
0
0
0
0
0
0
0
0
0
0
0
0
0
0
0
0
0
0
0
0
0
0
0
0
0
0
0
0
0
0
0
0
0
0
0
0
0
0
0
0
0
0
0
0
0
0
0
0
0
0
0
0
0
0
0
0
0
0
0
0
0
0
0
0
0
0
0
0
0
0
0
0
0
0
0
0
0
0
0
0
0
0
0
0
0
0
0
0
0
0
0
0
0
0
0
0
0
0
0
0
0
0
0
0
0
0
0
0
0
0
0
0
0
0
0
0
0
0
0
0
0
0
0
0
0
0
0
0
0
0
0
0
0
0
0
0
0
0
0
0
0
0
0
0
0
0
0
0
0
0
0
0
0
0
0
0
0
0
0
0
0
0
0
0
0
0
0
0
0
0
0
0
0
0
0
0
0
0
0
0
0
0
0
0
0
0
0
0
0
0
0
0
0
0
0
0
0
0
0
0
0
0
0
0
0
0
0
0
0
0
0
0
0
0
0
0
0
0
0
0
0
0
0
0
0
0
0
0
0
0
0
0
0
0
0
0
0
0
0
0
0
0
0
0
0
0
0
0
0
0
0
0
0
0
0
0
0
0
0
0
0
0
0
0
0
0
0
0
0
0
0
0
0
0
0
0
0
0
0
0
0
0
0
0
0
0
0
0
0
0
0
0
0
0
0
0
0
0
0
0
0
0
0
0
0
0
0
0
0
0
0
0
0
0
0
0
0
0
0
0
0
0
0
0
0
0
0
0
0
0
0
0
0
0
0
0
0
0
0
0
0
0
0
0
0
0
0
0
0
0
0
0
0
0
0
0
0
0
0
0
0
0
0
0
0
0
0
0
0
0
0
0
0
0
0
0
0
0
0
0
0
0
0
0
0
0
0
0
0
0
0
0
0
0
0
0
0
0
0
0
0
0
0
0
0
0
0
0
0
0
0
0
0
0
0
0
0
0
0
0
0
0
0
0
0
0
0
0
0
0
0
0
0
0
0
0
0
0
0
0
0
0
0
0
0
0
0
0
0
0
0
0
0
0
0
0
0
0
0
0
0
0
0
0
0
0
0
0
0
0
0
0
0
0
0
0
0
0
0
0
0
0
0
0
0
0
0
0
0
0
0
0
0
0
0
0
0
0
0
0
0
0
0
0
0
0
0
0
0
0
0
0
0
0
0
0
0
0
0
0
0
0
0
0
0
0
0
0
0
0
0
0
0
0
0
0
0
0
0
0
0
0
0
0
0
0
0
0
0
0
0
0
0
0
0
0
0
0
0
0
0
0
0
0
0
0
0
0
0
0
0
0
0
0
0
0
0
0
0
0
0
0
0
0
0
0
SCALARS particle_id float 1
LOOKUP_TABLE default
0
1
2
3
4
5
6
7
8
9
10
11
12
13
14
15
16
17
18
19
20
21
22
23
24
25
26
27
28
29
30
31
32
33
34
35
36
37
38
39
40
41
42
43
44
45
46
47
48
49
50
51
52
53
54
55
56
57
58
59
60
61
62
63
64
65
66
67
68
69
70
71
72
73
74
75
76
77
78
79
80
81
82
83
84
85
86
87
88
89
90
91
92
93
94
95
96
97
98
99
100
101
102
103
104
105
106
107
108
109
110
111
112
113
114
115
116
117
118
119
120
121
122
123
124
125
126
127
128
129
130
131
132
133
134
135
136
137
138
139
140
141
142
143
144
145
146
147
148
149
150
151
152
153
154
155
156
157
158
159
160
161
162
163
164
165
166
167
168
169
170
171
172
173
174
175
176
177
178
179
180
181
182
183
184
185
186
187
188
189
190
191
192
193
194
195
196
197
198
199
200
201
202
203
204
205
206
207
208
209
210
211
212
213
214
215
216
217
218
219
220
221
222
223
224
225
226
227
228
229
230
231
232
233
234
235
236
237
238
239
240
241
242
243
244
245
246
247
248
249
250
251
252
253
254
255
256
257
258
259
260
261
262
263
264
265
266
267
268
269
270
271
272
273
274
275
276
277
278
279
280
281
282
283
284
285
286
287
288
289
290
291
292
293
294
295
296
297
298
299
300
301
302
303
304
305
306
307
308
309
310
311
312
313
314
315
316
317
318
319
320
321
322
323
324
325
326
327
328
329
330
331
332
333
334
335
336
337
338
339
340
341
342
343
344
345
346
347
348
349
350
351
352
353
354
355
356
357
358
359
360
361
362
363
364
365
366
367
368
369
370
371
372
373
374
375
376
377
378
379
380
381
382
383
384
385
386
387
388
389
390
391
392
393
394
395
396
397
398
399
400
401
402
403
404
405
406
407
408
409
410
411
412
413
414
415
416
417
418
419
420
421
422
423
424
425
426
427
428
429
430
431
432
433
434
435
436
437
438
439
440
441
442
443
444
445
446
447
448
449
450
451
452
453
454
455
456
457
458
459
460
461
462
463
464
465
466
467
468
469
470
471
472
473
474
475
476
477
478
479
480
481
482
483
484
485
486
487
488
489
490
491
492
493
494
495
496
497
498
499
500
501
502
503
504
505
506
507
508
509
510
511
512
513
514
515
516
517
518
519
520
521
522
523
524
525
526
527
528
529
530
531
532
533
534
535
536
537
538
539
540
541
542
543
544
545
546
547
548
549
550
551
552
553
554
555
556
557
558
559
560
561
562
563
564
565
566
567
568
569
570
571
572
573
574
575
576
577
578
579
580
581
582
583
584
585
586
587
588
589
590
591
592
593
594
595
596
597
598
599
600
601
602
603
604
605
606
607
608
609
610
611
612
613
614
615
616
617
618
619
620
621
622
623
624
625
626
627
628
629
630
631
632
633
634
635
636
637
638
639
640
641
642
643
644
645
646
647
648
649
650
651
652
653
654
655
656
657
658
659
660
661
662
663
664
665
666
667
668
669
670
671
672
673
674
675
676
677
678
679
680
681
682
683
684
685
686
687
688
689
690
691
692
693
694
695
696
697
698
699
700
701
702
703
704
705
706
707
708
709
710
711
712
713
714
715
716
717
718
719
720
721
722
723
724
725
726
727
728
729
730
731
732
733
734
735
736
737
738
739
740
741
742
743
744
745
746
747
748
749
750
751
752
753
754
755
756
757
758
759
760
761
762
763
764
765
766
767
768
769
770
771
772
773
774
775
776
777
778
779
780
781
782
783
784
785
786
787
788
789
790
791
792
793
794
795
796
797
798
799
800
801
802
803
804
805
806
807
808
809
810
811
812
813
814
815
816
817
818
819
820
821
822
823
824
825
826
827
828
829
830
831
832
833
834
835
836
837
838
839
840
841
842
843
844
845
846
847
848
849
850
851
852
853
854
855
856
857
858
859
860
861
862
863
864
865
866
867
868
869
870
871
872
873
874
875
876
877
878
879
880
881
882
883
884
885
886
887
888
889
890
891
892
893
894
895
896
897
898
899
900
901
902
903
904
905
906
907
908
909
910
911
912
913
914
915
916
917
918
919
920
921
922
923
924
925
926
927
928
929
930
931
932
933
934
935
936
937
938
939
940
941
942
943
944
945
946
947
948
949
950
951
952
953
954
955
956
957
958
959
960
961
962
963
964
965
966
967
968
969
970
971
972
973
974
975
976
977
978
979
980
981
982
983
984
985
986
987
988
989
990
991
992
993
994
995
996
997
998
999
1000
1001
1002
1003
1004
1005
1006
1007
1008
1009
1010
1011
1012
1013
1014
1015
1016
1017
1018
1019
1020
1021
1022
1023
1024
1025
1026
1027
1028
1029
1030
1031
1032
1033
1034
1035
1036
1037
1038
1039
1040
1041
1042
1043
1044
1045
1046
1047
1048
1049
1050
1051
1052
1053
1054
1055
1056
1057
1058
1059
1060
1061
1062
1063
1064
1065
1066
1067
1068
1069
1070
1071
1072
1073
1074
1075
1076
1077
1078
1079
1080
1081
1082
1083
1084
1085
1086
1087
1088
1089
1090
1091
1092
1093
1094
1095
1096
1097
1098
1099
1100
1101
1102
1103
1104
1105
1106
1107
1108
1109
1110
1111
1112
1113
1114
1115
1116
1117
1118
1119
1120
1121
1122
1123
1124
1125
1126
1127
1128
1129
1130
1131
1132
1133
1134
1135
1136
1137
1138
1139
1140
1141
1142
1143
1144
1145
1146
1147
1148
1149
1150
1151
1152
1153
1154
1155
1156
1157
1158
1159
1160
1161
1162
1163
1164
1165
1166
1167
1168
1169
1170
1171
1172
1173
1174
1175
1176
1177
1178
1179
1180
1181
1182
1183
1184
1185
1186
1187
1188
1189
1190
1191
1192
1193
1194
1195
1196
1197
1198
1199
1200
1201
1202
1203
1204
1205
1206
1207
1208
1209
1210
1211
1212
1213
1214
1215
1216
1217
1218
1219
1220
1221
1222
1223
1224
1225
1226
1227
1228
1229
1230
1231
1232
1233
1234
1235
1236
1237
1238
1239
1240
1241
1242
1243
1244
1245
1246
1247
1248
1249
1250
1251
1252
1253
1254
1255
1256
1257
1258
1259
1260
1261
1262
1263
1264
1265
1266
1267
1268
1269
1270
1271
1272
1273
1274
1275
1276
1277
1278
1279
1280
1281
1282
1283
1284
1285
1286
1287
1288
1289
1290
1291
1292
1293
1294
1295
1296
1297
1298
1299
1300
1301
1302
1303
1304
1305
1306
1307
1308
1309
1310
1311
1312
1313
1314
1315
1316
1317
1318
1319
1320
1321
1322
1323
1324
1325
1326
1327
1328
1329
1330
1331
1332
1333
1334
1335
1336
1337
1338
1339
1340
1341
1342
1343
1344
1345
1346
1347
1348
1349
1350
1351
1352
1353
1354
1355
1356
1357
1358
1359
1360
1361
1362
1363
1364
1365
1366
1367
1368
1369
1370
1371
1372
1373
1374
1375
1376
1377
1378
1379
1380
1381
1382
1383
1384
1385
1386
1387
1388
1389
1390
1391
1392
1393
1394
1395
1396
1397
1398
1399
1400
1401
1402
1403
1404
1405
1406
1407
1408
1409
1410
1411
1412
1413
1414
1415
1416
1417
1418
1419
1420
1421
1422
1423
1424
1425
1426
1427
1428
1429
1430
1431
1432
1433
1434
1435
1436
1437
1438
1439
1440
1441
1442
1443
1444
1445
1446
1447
1448
1449
1450
1451
1452
1453
1454
1455
1456
1457
1458
1459
1460
1461
1462
1463
1464
1465
1466
1467
1468
1469
1470
1471
1472
1473
1474
1475
1476
1477
1478
1479
1480
1481
1482
1483
1484
1485
1486
1487
1488
1489
1490
1491
1492
1493
1494
1495
1496
1497
1498
1499
1500
1501
1502
1503
1504
1505
1506
1507
1508
1509
1510
1511
1512
1513
1514
1515
1516
1517
1518
1519
1520
1521
1522
1523
1524
1525
1526
1527
1528
1529
1530
1531
1532
1533
1534
1535
1536
1537
1538
1539
1540
1541
1542
1543
1544
1545
1546
1547
1548
1549
1550
1551
1552
1553
1554
1555
1556
1557
1558
1559
1560
1561
1562
1563
1564
1565
1566
1567
1568
1569
1570
1571
1572
1573
1574
1575
1576
1577
1578
1579
1580
1581
1582
1583
1584
1585
1586
1587
1588
1589
1590
1591
1592
1593
1594
1595
1596
1597
1598
1599
1600
1601
1602
1603
1604
1605
1606
1607
1608
1609
1610
1611
1612
1613
1614
1615
1616
1617
1618
1619
1620
1621
1622
1623
1624
1625
1626
1627
1628
1629
1630
1631
1632
1633
1634
1635
1636
1637
1638
1639
1640
1641
1642
1643
1644
1645
1646
1647
1648
1649
1650
1651
1652
1653
1654
1655
1656
1657
1658
1659
1660
1661
1662
1663
1664
1665
1666
1667
1668
1669
1670
1671
1672
1673
1674
1675
1676
1677
1678
1679
1680
1681
1682
1683
1684
1685
1686
1687
1688
1689
1690
1691
1692
1693
1694
1695
1696
1697
1698
1699
1700
1701
1702
1703
1704
1705
1706
1707
1708
1709
1710
1711
1712
1713
1714
1715
1716
1717
1718
1719
1720
1721
1722
1723
1724
1725
1726
1727
1728
1729
1730
1731
1732
1733
1734
1735
1736
1737
1738
1739
1740
1741
1742
1743
1744
1745
1746
1747
1748
1749
1750
1751
1752
1753
1754
1755
1756
1757
1758
1759
1760
1761
1762
1763
1764
1765
1766
1767
1768
1769
1770
1771
1772
1773
1774
1775
1776
1777
1778
1779
1780
1781
1782
1783
1784
1785
1786
1787
1788
1789
1790
1791
1792
1793
1794
1795
1796
1797
1798
1799
1800
1801
1802
1803
1804
1805
1806
1807
1808
1809
1810
1811
1812
1813
1814
1815
1816
1817
1818
1819
1820
1821
1822
1823
1824
1825
1826
1827
1828
1829
1830
1831
1832
1833
1834
1835
1836
1837
1838
1839
1840
1841
1842
1843
1844
1845
1846
1847
1848
1849
1850
1851
1852
1853
1854
1855
1856
1857
1858
1859
1860
1861
1862
1863
1864
1865
1866
1867
1868
1869
1870
1871
1872
1873
1874
1875
1876
1877
1878
1879
1880
1881
1882
1883
1884
1885
1886
1887
1888
1889
1890
1891
1892
1893
1894
1895
1896
1897
1898
1899
1900
1901
1902
1903
1904
1905
1906
1907
1908
1909
1910
1911
1912
1913
1914
1915
1916
1917
1918
1919
1920
1921
1922
1923
1924
1925
1926
1927
1928
1929
1930
1931
1932
1933
1934
1935
1936
1937
1938
1939
1940
1941
1942
1943
1944
1945
1946
1947
1948
1949
1950
1951
1952
1953
1954
1955
1956
1957
1958
1959
1960
1961
1962
1963
1964
1965
1966
1967
1968
1969
1970
1971
1972
1973
1974
1975
1976
1977
1978
1979
1980
1981
1982
1983
1984
1985
1986
1987
1988
1989
1990
1991
1992
1993
1994
1995
1996
1997
1998
1999
2000
2001
2002
2003
2004
2005
2006
2007
2008
2009
2010
2011
2012
2013
2014
2015
2016
2017
2018
2019
2020
2021
2022
2023
2024
2025
2026
2027
2028
2029
2030
2031
2032
2033
2034
2035
2036
2037
2038
2039
2040
2041
2042
2043
2044
2045
2046
2047
2048
2049
2050
2051
2052
2053
2054
2055
2056
2057
2058
2059
2060
2061
2062
2063
2064
2065
2066
2067
2068
2069
2070
2071
2072
2073
2074
2075
2076
2077
2078
2079
2080
2081
2082
2083
2084
2085
2086
2087
2088
2089
2090
2091
2092
2093
2094
2095
2096
2097
2098
2099
2100
2101
2102
2103
2104
2105
2106
2107
2108
2109
2110
2111
2112
2113
2114
2115
2116
2117
2118
2119
2120
2121
2122
2123
2124
2125
2126
2127
2128
2129
2130
2131
2132
2133
2134
2135
2136
2137
2138
2139
2140
2141
2142
2143
2144
2145
2146
2147
2148
2149
2150
2151
2152
2153
2154
2155
2156
2157
2158
2159
2160
2161
2162
2163
2164
2165
2166
2167
2168
2169
2170
2171
2172
2173
2174
2175
2176
2177
2178
2179
2180
2181
2182
2183
2184
2185
2186
2187
2188
2189
2190
2191
2192
2193
2194
2195
2196
2197
2198
2199
2200
2201
2202
2203
2204
2205
2206
2207
2208
2209
2210
2211
2212
2213
2214
2215
2216
2217
2218
2219
2220
2221
2222
2223
2224
2225
2226
2227
2228
2229
2230
2231
2232
2233
2234
2235
2236
2237
2238
2239
2240
2241
2242
2243
2244
2245
2246
2247
2248
2249
2250
2251
2252
2253
2254
2255
2256
2257
2258
2259
2260
2261
2262
2263
2264
2265
2266
2267
2268
2269
2270
2271
2272
2273
2274
2275
2276
2277
2278
2279
2280
2281
2282
2283
2284
2285
2286
2287
2288
2289
2290
2291
2292
2293
2294
2295
2296
2297
2298
2299
2300
2301
2302
2303
2304
2305
2306
2307
2308
2309
2310
2311
2312
2313
2314
2315
2316
2317
2318
2319
2320
2321
2322
2323
2324
2325
2326
2327
2328
2329
2330
2331
2332
2333
2334
2335
2336
2337
2338
2339
2340
2341
2342
2343
2344
2345
2346
2347
2348
2349
2350
2351
2352
2353
2354
2355
2356
2357
2358
2359
2360
2361
2362
2363
2364
2365
2366
2367
2368
2369
2370
2371
2372
2373
2374
2375
2376
2377
2378
2379
2380
2381
2382
2383
2384
2385
2386
2387
2388
2389
2390
2391
2392
2393
2394
2395
2396
2397
2398
2399
2400
2401
2402
2403
2404
2405
2406
2407
2408
2409
2410
2411
2412
2413
2414
2415
2416
2417
2418
2419
2420
2421
2422
2423
2424
2425
2426
2427
2428
2429
2430
2431
2432
2433
2434
2435
2436
2437
2438
2439
2440
2441
2442
2443
2444
2445
2446
2447
2448
2449
2450
2451
2452
2453
2454
2455
2456
2457
2458
2459
2460
2461
2462
2463
2464
2465
2466
2467
2468
2469
2470
2471
2472
2473
2474
2475
2476
2477
2478
2479
2480
2481
2482
2483
2484
2485
2486
2487
2488
2489
2490
2491
2492
2493
2494
2495
2496
2497
2498
2499
2500
2501
2502
2503
2504
2505
2506
2507
2508
2509
2510
2511
2512
2513
2514
2515
2516
2517
2518
2519
2520
2521
2522
2523
2524
2525
2526
2527
2528
2529
2530
2531
2532
2533
2534
2535
2536
2537
2538
2539
2540
2541
2542
2543
2544
2545
2546
2547
2548
2549
2550
2551
2552
2553
2554
2555
2556
2557
2558
2559
2560
2561
2562
2563
2564
2565
2566
2567
2568
2569
2570
2571
2572
2573
2574
2575
2576
2577
2578
2579
2580
2581
2582
2583
2584
2585
2586
2587
2588
2589
2590
2591
2592
2593
2594
2595
2596
2597
2598
2599
2600
2601
2602
2603
2604
2605
2606
2607
2608
2609
2610
2611
2612
2613
2614
2615
2616
2617
2618
2619
2620
2621
2622
2623
2624
2625
2626
2627
2628
2629
2630
2631
2632
2633
2634
2635
2636
2637
2638
2639
2640
2641
2642
2643
2644
2645
2646
2647
2648
2649
2650
2651
2652
2653
2654
2655
2656
2657
2658
2659
2660
2661
2662
2663
2664
2665
2666
2667
2668
2669
2670
2671
2672
2673
2674
2675
2676
2677
2678
2679
2680
2681
2682
2683
2684
2685
2686
2687
2688
2689
2690
2691
2692
2693
2694
2695
2696
2697
2698
2699
2700
2701
2702
2703
2704
2705
2706
2707
2708
2709
2710
2711
2712
2713
2714
2715
2716
2717
2718
2719
2720
2721
2722
2723
2724
2725
2726
2727
2728
2729
2730
2731
2732
2733
2734
2735
2736
2737
2738
2739
2740
2741
2742
2743
2744
2745
2746
2747
2748
2749
2750
2751
2752
2753
2754
2755
2756
2757
2758
2759
2760
2761
2762
2763
2764
2765
2766
2767
2768
2769
2770
2771
2772
2773
2774
2775
2776
2777
2778
2779
2780
2781
2782
2783
2784
2785
2786
2787
2788
2789
2790
2791
2792
2793
2794
2795
2796
2797
2798
2799
2800
2801
2802
2803
2804
2805
2806
2807
2808
2809
2810
2811
2812
2813
2814
2815
2816
2817
2818
2819
2820
2821
2822
2823
2824
2825
2826
2827
2828
2829
2830
2831
2832
2833
2834
2835
2836
2837
2838
2839
2840
2841
2842
2843
2844
2845
2846
2847
2848
2849
2850
2851
2852
2853
2854
2855
2856
2857
2858
2859
2860
2861
2862
2863
2864
2865
2866
2867
2868
2869
2870
2871
2872
2873
2874
2875
2876
2877
2878
2879
2880
2881
2882
2883
2884
2885
2886
2887
2888
2889
2890
2891
2892
2893
2894
2895
2896
2897
2898
2899
2900
2901
2902
2903
2904
2905
2906
2907
2908
2909
2910
2911
2912
2913
2914
2915
2916
2917
2918
2919
2920
2921
2922
2923
2924
2925
2926
2927
2928
2929
2930
2931
2932
2933
2934
2935
2936
2937
2938
2939
2940
2941
2942
2943
2944
2945
2946
2947
2948
2949
2950
2951
2952
2953
2954
2955
2956
2957
2958
2959
2960
2961
2962
2963
2964
2965
2966
2967
2968
2969
2970
2971
2972
2973
2974
2975
2976
2977
2978
2979
2980
2981
2982
2983
2984
2985
2986
2987
2988
2989
2990
2991
2992
2993
2994
2995
2996
2997
2998
2999
3000
3001
3002
3003
3004
3005
3006
3007
3008
3009
3010
3011
3012
3013
3014
3015
3016
3017
3018
3019
3020
3021
3022
3023
3024
3025
3026
3027
3028
3029
3030
3031
3032
3033
3034
3035
3036
3037
3038
3039
3040
3041
3042
3043
3044
3045
3046
3047
3048
3049
3050
3051
3052
3053
3054
3055
3056
3057
3058
3059
3060
3061
3062
3063
3064
3065
3066
3067
3068
3069
3070
3071
3072
3073
3074
3075
3076
3077
3078
3079
3080
3081
3082
3083
3084
3085
3086
3087
3088
3089
3090
3091
3092
3093
3094
3095
3096
3097
3098
3099
3100
3101
3102
3103
3104
3105
3106
3107
3108
3109
3110
3111
3112
3113
3114
3115
3116
3117
3118
3119
3120
3121
3122
3123
3124
3125
3126
3127
3128
3129
3130
3131
3132
3133
3134
3135
3136
3137
3138
3139
3140
3141
3142
3143
3144
3145
3146
3147
3148
3149
3150
3151
3152
3153
3154
3155
3156
3157
3158
3159
3160
3161
3162
3163
3164
3165
3166
3167
3168
3169
3170
3171
3172
3173
3174
3175
3176
3177
3178
3179
3180
3181
3182
3183
3184
3185
3186
3187
3188
3189
3190
3191
3192
3193
3194
3195
3196
3197
3198
3199
3200
3201
3202
3203
3204
3205
3206
3207
3208
3209
3210
3211
3212
3213
3214
3215
3216
3217
3218
3219
3220
3221
3222
3223
3224
3225
3226
3227
3228
3229
3230
3231
3232
3233
3234
3235
3236
3237
3238
3239
3240
3241
3242
3243
3244
3245
3246
3247
3248
3249
3250
3251
3252
3253
3254
3255
3256
3257
3258
3259
3260
3261
3262
3263
3264
3265
3266
3267
3268
3269
3270
3271
3272
3273
3274
3275
3276
3277
3278
3279
3280
3281
3282
3283
3284
3285
3286
3287
3288
3289
3290
3291
3292
3293
3294
3295
3296
3297
3298
3299
3300
3301
3302
3303
3304
3305
3306
3307
3308
3309
3310
3311
3312
3313
3314
3315
3316
3317
3318
3319
3320
3321
3322
3323
3324
3325
3326
3327
3328
3329
3330
3331
3332
3333
3334
3335
3336
3337
3338
3339
3340
3341
3342
3343
3344
3345
3346
3347
3348
3349
3350
3351
3352
3353
3354
3355
3356
3357
3358
3359
3360
3361
3362
3363
3364
3365
3366
3367
3368
3369
3370
3371
3372
3373
3374
3375
3376
3377
3378
3379
3380
3381
3382
3383
3384
3385
3386
3387
3388
3389
3390
3391
3392
3393
3394
3395
3396
3397
3398
3399
3400
3401
3402
3403
3404
3405
3406
3407
3408
3409
3410
3411
3412
3413
3414
3415
3416
3417
3418
3419
3420
3421
3422
3423
3424
3425
3426
3427
3428
3429
3430
3431
3432
3433
3434
3435
3436
3437
3438
3439
3440
3441
3442
3443
3444
3445
3446
3447
3448
3449
3450
3451
3452
3453
3454
3455
3456
3457
3458
3459
3460
3461
3462
3463
3464
3465
3466
3467
3468
3469
3470
3471
3472
3473
3474
3475
3476
3477
3478
3479
3480
3481
3482
3483
3484
3485
3486
3487
3488
3489
3490
3491
3492
3493
3494
3495
3496
3497
3498
3499
3500
3501
3502
3503
3504
3505
3506
3507
3508
3509
3510
3511
3512
3513
3514
3515
3516
3517
3518
3519
3520
3521
3522
3523
3524
3525
3526
3527
3528
3529
3530
3531
3532
3533
3534
3535
3536
3537
3538
3539
3540
3541
3542
3543
3544
3545
3546
3547
3548
3549
3550
3551
3552
3553
3554
3555
3556
3557
3558
3559
3560
3561
3562
3563
3564
3565
3566
3567
3568
3569
3570
3571
3572
3573
3574
3575
3576
3577
3578
3579
3580
3581
3582
3583
3584
3585
3586
3587
3588
3589
3590
3591
3592
3593
3594
3595
3596
3597
3598
3599
3600
3601
3602
3603
3604
3605
3606
3607
3608
3609
3610
3611
3612
3613
3614
3615
3616
3617
3618
3619
3620
3621
3622
3623
3624
3625
3626
3627
3628
3629
3630
3631
3632
3633
3634
3635
3636
3637
3638
3639
3640
3641
3642
3643
3644
3645
3646
3647
3648
3649
3650
3651
3652
3653
3654
3655
3656
3657
3658
3659
3660
3661
3662
3663
3664
3665
3666
3667
3668
3669
3670
3671
3672
3673
3674
3675
3676
3677
3678
3679
3680
3681
3682
3683
3684
3685
3686
3687
3688
3689
3690
3691
3692
3693
3694
3695
3696
3697
3698
3699
3700
3701
3702
3703
3704
3705
3706
3707
3708
3709
3710
3711
3712
3713
3714
3715
3716
3717
3718
3719
3720
3721
3722
3723
3724
3725
3726
3727
3728
3729
3730
3731
3732
3733
3734
3735
3736
3737
3738
3739
3740
3741
3742
3743
3744
3745
3746
3747
3748
3749
3750
3751
3752
3753
3754
3755
3756
3757
3758
3759
3760
3761
3762
3763
3764
3765
3766
3767
3768
3769
3770
3771
3772
3773
3774
3775
3776
3777
3778
3779
3780
3781
3782
3783
3784
3785
3786
3787
3788
3789
3790
3791
3792
3793
3794
3795
3796
3797
3798
3799
3800
3801
3802
3803
3804
3805
3806
3807
3808
3809
3810
3811
3812
3813
3814
3815
3816
3817
3818
3819
3820
3821
3822
3823
3824
3825
3826
3827
3828
3829
3830
3831
3832
3833
3834
3835
3836
3837
3838
3839
3840
3841
3842
3843
3844
3845
3846
3847
3848
3849
3850
3851
3852
3853
3854
3855
3856
3857
3858
3859
3860
3861
3862
3863
3864
3865
3866
3867
3868
3869
3870
3871
3872
3873
3874
3875
3876
3877
3878
3879
3880
3881
3882
3883
3884
3885
3886
3887
3888
3889
3890
3891
3892
3893
3894
3895
3896
3897
3898
3899
3900
3901
3902
3903
3904
3905
3906
3907
3908
3909
3910
3911
3912
3913
3914
3915
3916
3917
3918
3919
3920
3921
3922
3923
3924
3925
3926
3927
3928
3929
3930
3931
3932
3933
3934
3935
3936
3937
3938
3939
3940
3941
3942
3943
3944
3945
3946
3947
3948
3949
3950
3951
3952
3953
3954
3955
3956
3957
3958
3959
3960
3961
3962
3963
3964
3965
3966
3967
3968
3969
3970
3971
3972
3973
3974
3975
3976
3977
3978
3979
3980
3981
3982
3983
3984
3985
3986
3987
3988
3989
3990
3991
3992
3993
3994
3995
3996
3997
3998
3999
4000
4001
4002
4003
4004
4005
4006
4007
4008
4009
4010
4011
4012
4013
4014
4015
4016
4017
4018
4019
4020
4021
4022
4023
4024
4025
4026
4027
4028
4029
4030
4031
4032
4033
4034
4035
4036
4037
4038
4039
4040
4041
4042
4043
4044
4045
4046
4047
4048
4049
4050
4051
4052
4053
4054
4055
4056
4057
4058
4059
4060
4061
4062
4063
4064
4065
4066
4067
4068
4069
4070
4071
4072
4073
4074
4075
4076
4077
4078
4079
4080
4081
4082
4083
4084
4085
4086
4087
4088
4089
4090
4091
4092
4093
4094
4095
4096
4097
4098
4099
4100
4101
4102
4103
4104
4105
4106
4107
4108
4109
4110
4111
4112
4113
4114
4115
4116
4117
4118
4119
4120
4121
4122
4123
4124
4125
4126
4127
4128
4129
4130
4131
4132
4133
4134
4135
4136
4137
4138
4139
4140
4141
4142
4143
4144
4145
4146
4147
4148
4149
4150
4151
4152
4153
4154
4155
4156
4157
4158
4159
4160
4161
4162
4163
4164
4165
4166
4167
4168
4169
4170
4171
4172
4173
4174
4175
4176
4177
4178
4179
4180
4181
4182
4183
4184
4185
4186
4187
4188
4189
4190
4191
4192
4193
4194
4195
4196
4197
4198
4199
4200
4201
4202
4203
4204
4205
4206
4207
4208
4209
4210
4211
4212
4213
4214
4215
4216
4217
4218
4219
4220
4221
4222
4223
4224
4225
4226
4227
4228
4229
4230
4231
4232
4233
4234
4235
4236
4237
4238
4239
4240
4241
4242
4243
4244
4245
4246
4247
4248
4249
4250
4251
4252
4253
4254
4255
4256
4257
4258
4259
4260
4261
4262
4263
4264
4265
4266
4267
4268
4269
4270
4271
4272
4273
4274
4275
4276
4277
4278
4279
4280
4281
4282
4283
4284
4285
4286
4287
4288
4289
4290
4291
4292
4293
4294
4295
4296
4297
4298
4299
4300
4301
4302
4303
4304
4305
4306
4307
4308
4309
4310
4311
4312
4313
4314
4315
4316
4317
4318
4319
4320
4321
4322
4323
4324
4325
4326
4327
4328
4329
4330
4331
4332
4333
4334
4335
4336
4337
4338
4339
4340
4341
4342
4343
4344
4345
4346
4347
4348
4349
4350
4351
4352
4353
4354
4355
4356
4357
4358
4359
4360
4361
4362
4363
4364
4365
4366
4367
4368
4369
4370
4371
4372
4373
4374
4375
4376
4377
4378
4379
4380
4381
4382
4383
4384
4385
4386
4387
4388
4389
4390
4391
4392
4393
4394
4395
4396
4397
4398
4399
4400
4401
4402
4403
4404
4405
4406
4407
4408
4409
4410
4411
4412
4413
4414
4415
4416
4417
4418
4419
4420
4421
4422
4423
4424
4425
4426
4427
4428
4429
4430
4431
4432
4433
4434
4435
4436
4437
4438
4439
4440
4441
4442
4443
4444
4445
4446
4447
4448
4449
4450
4451
4452
4453
4454
4455
4456
4457
4458
4459
4460
4461
4462
4463
4464
4465
4466
4467
4468
4469
4470
4471
4472
4473
4474
4475
SCALARS particle_speed float 1
LOOKUP_TABLE default
10.275242512873012
10.275223077898611
10.275196791499077
10.275236656644788
10.275218164380796
10.275192299231641
10.275233812296525
10.275215611326262
10.275189854453204
10.275232273041192
10.275214101509306
10.275188335651965
10.275157532509869
10.275103439965102
10.275038516287427
10.274968852304816
10.274899510501553
10.275153637843939
10.275100679948899
10.275037309455669
10.274969351845341
10.274901678430563
10.274835380061001
10.274782086708488
10.274743291874222
10.274717094976493
10.274697302451273
10.274839024822159
10.274786840356983
10.274748684251627
10.27472297976303
10.274704309889053
10.2751513868223
10.27509887324239
10.275036242120702
10.274969163684466
10.274902393800874
10.275149866075365
10.275097490606541
10.275035233914902
10.274968670213664
10.27490248183736
10.274840586577435
10.27478909775509
10.274751429854248
10.274726073440769
10.274707803920526
10.274841273298927
10.274790345895784
10.274753127963983
10.274728024390678
10.274709854967545
10.275231306548037
10.275230676486725
10.275213118292568
10.27518732771447
10.275212487024481
10.27518670500954
10.275230834247139
10.275212589019988
10.275186805036443
10.275232603957534
10.275214051770602
10.275188151658808
10.275237574547686
10.275218090512851
10.275191791350627
10.275148855443346
10.275096608524182
10.275034640015045
10.27514832842963
10.275096285238698
10.275034620923549
10.274968481111729
10.27490276743589
10.274968845300313
10.274903551761122
10.27514853399086
10.275096694133738
10.275035235785513
10.274969678444192
10.274904598389123
10.274842056283477
10.274791606627971
10.274754741738418
10.274843250185404
10.274793158043837
10.274756512909807
10.274729831774636
10.274711628204143
10.274731676932053
10.274713472452495
10.274844480970845
10.27479452969574
10.274757889656188
10.274732973321749
10.274714756395415
10.275149820439962
10.275097915656255
10.275036312708174
10.274970570084168
10.274905270075408
10.275153042658804
10.275100470443814
10.275038004173123
10.274971305842788
10.274904998577798
10.274844922358431
10.274794762252187
10.274757917045578
10.27473282626042
10.274714268474874
10.274843668093171
10.274792700370869
10.274755305815022
10.274729677889217
10.274710055958913
10.275236524860285
10.275217999615668
10.275192042465555
10.275231629417847
10.275213858059685
10.275188390654177
10.275229113817174
10.275211619469687
10.27518636364908
10.275227653278796
10.275210237005011
10.27518506993966
10.275153205574552
10.275099997001734
10.275036335377438
10.274968075458251
10.274900162066986
10.275150370156725
10.27509854314934
10.275036603173252
10.274970132183343
10.274903873917518
10.274837421962102
10.274785362608352
10.274747425667565
10.274721890909886
10.274703142176154
10.274842471563289
10.274791209531061
10.274753531487251
10.27472815474394
10.274710261718395
10.275148733630539
10.275097582967017
10.275036571147321
10.274971114217614
10.274905823942754
10.275147611507196
10.275096808932156
10.275036356174525
10.274971556593936
10.274906933164701
10.274845231421443
10.274794493275634
10.274757074209335
10.274731819748622
10.274714205937752
10.274846935014361
10.274796637548091
10.274759493255662
10.274734401964171
10.274716898918903
10.275233597049477
10.275215369265048
10.275189549358259
10.275229021911896
10.27521152894848
10.275186277145737
10.275226626306665
10.275209423812198
10.275184444764289
10.275225209362739
10.275208105376553
10.275183264556153
10.275150948653367
10.275098212504931
10.275035276664338
10.274967835903498
10.274900744540258
10.275148636918153
10.275097442669892
10.2750363431993
10.274970761344184
10.274905342152664
10.274838776607336
10.274787364887045
10.274749889896173
10.274724625451352
10.274706242991307
10.274844661076921
10.27479390302009
10.27475650544808
10.274731271608173
10.274713646602324
10.27514729825033
10.275096902209734
10.275036833513536
10.274972342482837
10.274907934254616
10.275146373887651
10.275096432521734
10.275037017791158
10.274973260791137
10.274909567752967
10.274848057761391
10.274797752577614
10.274760500100456
10.274735286398444
10.274717855220009
10.274850292429887
10.274800384281267
10.274763322978567
10.274738201422036
10.27472084664074
10.275231940206156
10.275213779742252
10.275188056857012
10.275227402241336
10.275210006160336
10.275184895326458
10.275225072269405
10.275207982521305
10.275183184768542
10.275223698320024
10.2752067181043
10.275182087117763
10.275149620673091
10.275097197911398
10.275034755712507
10.274967880095481
10.274901351612851
10.275147495640455
10.275096701147481
10.27503616476209
10.274971196438475
10.27490636543609
10.274839894826433
10.274788882696305
10.274751681592965
10.274726587384023
10.274708309849503
10.274846190201734
10.274795784923816
10.274758591293804
10.274733471257893
10.274715935988446
10.275146344112059
10.275096425618036
10.275036982590665
10.274973150675896
10.274909355269626
10.275145553901586
10.275096156182149
10.275037423645982
10.274974369656359
10.274911315622612
10.27484997971543
10.274799990140213
10.274762875170726
10.274737719702086
10.274720342846294
10.274852542126357
10.274802923908284
10.274765958412093
10.274740859790903
10.274723540655918
10.275230680836893
10.27521253071127
10.275186879995845
10.275226140523698
10.275208780468805
10.275183768387386
10.275229423592414
10.275211297486216
10.275185687806706
10.275224920580436
10.275207587089156
10.275182621978754
10.275223827669349
10.27520678454708
10.275182100258466
10.275222478134454
10.275205548994707
10.275181044160538
10.275222631563311
10.275205618886231
10.275180987569707
10.275221315492015
10.275204422236062
10.275179979774618
10.275148589453911
10.275096437647765
10.275034367040298
10.274967924680537
10.274901843520121
10.275146553475295
10.27509607712711
10.275035955105983
10.274971449663864
10.274907081172559
10.274840807835083
10.274790137481476
10.27475314831462
10.274728173436618
10.274709969696378
10.274847317810138
10.274797227026712
10.274760211904892
10.274735185598999
10.274717702736945
10.275147494233606
10.275095510595872
10.275033668821047
10.274967519358189
10.274901796007502
10.275145518924017
10.275095239090756
10.275035380096179
10.274971194129831
10.274907187335186
10.27484115714873
10.274790852960018
10.274754120787735
10.274729294891245
10.274711188000621
10.274847797364197
10.274798036803821
10.274761251771171
10.274736356956689
10.274718951914318
10.275145470490534
10.275095904504912
10.275036908948296
10.27497356615253
10.274910247190464
10.275144748124838
10.275095736362912
10.275037484927855
10.274974948082557
10.274912387371753
10.274851282510591
10.27480159624389
10.274764640906868
10.274739562455029
10.274722226031484
10.274854026448448
10.274804702477581
10.274767888460174
10.274742858342183
10.274725575406098
10.275144481743405
10.275095133899509
10.275036429215557
10.2749734300856
10.274910482866778
10.275143823917901
10.275095053897152
10.275037120813495
10.274974950214562
10.274912771129708
10.274851882294969
10.274802509069167
10.274765771086461
10.274740816303442
10.274723550450188
10.274854770023456
10.27480574679111
10.274769140058662
10.274744229690032
10.274727017432951
10.275226694620379
10.275226100516683
10.275209300468324
10.275184178008656
10.2752087143036
10.275183635137658
10.275226201631414
10.275208764680873
10.275183688313124
10.275227652903583
10.275209964901675
10.275184796908587
10.275231682530002
10.275213301701193
10.275187808772667
10.275146833064776
10.275096299310473
10.275036264180871
10.275146445796084
10.275096186767193
10.275036510377697
10.274971971980188
10.274907879992686
10.274972633040473
10.274908965988283
10.275146605157028
10.275096555473917
10.275037098869486
10.274973457392765
10.274910013876752
10.274848376273605
10.274798481313031
10.274761587983448
10.274849848201482
10.274800264249336
10.27476355261042
10.274736631197529
10.274719193532153
10.274738655685404
10.274721246278684
10.274851081235242
10.274801639832997
10.274764955653536
10.274740004870779
10.274722535018958
10.275147670315947
10.275097596168118
10.275038072061696
10.274974338557101
10.274910773411042
10.275150341074895
10.275099746117498
10.275039581111741
10.274975164195554
10.274910876557122
10.274851687959764
10.274802081149376
10.274765202165131
10.274740046342075
10.274722305545321
10.274851040721465
10.274800740432935
10.274763337976495
10.274737732628026
10.274719302698458
10.275224261065029
10.275223653611521
10.275207196806381
10.275182438602728
10.275206604273025
10.275181907842436
10.275223695567481
10.275206598270028
10.27518190596515
10.275224976444703
10.275207649224425
10.275182854251449
10.275228616989507
10.275210655497485
10.275185534757652
10.275145728014621
10.275096137835495
10.275037215705403
10.275145383384904
10.275096106129491
10.275037576966758
10.274974025185108
10.274910899565725
10.274974827768293
10.274912141247803
10.275145492400419
10.275096429778335
10.275038127573673
10.27497562344386
10.274913169961405
10.274852120719851
10.274802582460705
10.274765726965512
10.274853748362347
10.274804508892961
10.274767825391823
10.274740705785613
10.274723410500432
10.274742865946433
10.274725607152089
10.274854969478536
10.274805879552087
10.274769238547117
10.274744242781024
10.274726940005655
10.275146380292176
10.275097278489776
10.275038909575487
10.274976332680813
10.274913789168712
10.27514870093006
10.275099082959033
10.275040120936907
10.274976939470033
10.274913774140852
10.274855471725704
10.274806254944728
10.27476946006974
10.274744299038947
10.274726770136581
10.274854810498251
10.274804986622243
10.274767730021939
10.274742180456878
10.274724065898134
10.275222730343268
10.27522208231159
10.27520579512276
10.275181256994831
10.275205166069279
10.275180693609434
10.275222078583466
10.275205115258835
10.275180649502571
10.2752232464179
10.275206049534557
10.275181461786536
10.275226725240906
10.275208893508573
10.275183948325814
10.275144928427421
10.275095916247572
10.275037712863137
10.275144558458093
10.275095873002343
10.275038079694252
10.274975259082044
10.274912798464531
10.274976085612707
10.27491408089073
10.275144628959263
10.275096160774499
10.275038600217885
10.274976858230866
10.274915095118736
10.27485453430732
10.274805289290812
10.274768527638347
10.274856214303517
10.274807278638516
10.27477070249884
10.274743527183137
10.274726269433922
10.274745778938025
10.274728572868739
10.274857429842243
10.274808655716743
10.274772140436138
10.274747200826251
10.27472996864697
10.275145354247103
10.27509682010065
10.275039180333318
10.274977366747779
10.274915529097404
10.275147435540701
10.275098347465759
10.275040101047601
10.274977693505701
10.274915265187962
10.274857775199344
10.274808914081159
10.274772291459712
10.274747224452479
10.274729787099709
10.274856912259812
10.274807503590297
10.274770476523873
10.274745064512782
10.274727063240002
10.275221511476641
10.275220829725956
10.27520462927734
10.275180223488181
10.275203967974603
10.27517962409245
10.275220764414648
10.275203855807096
10.275179508991704
10.275220397822773
10.275219730001924
10.275203556996782
10.275179227236778
10.275202911436345
10.275178646058491
10.275219665747265
10.275202799991199
10.275178532611356
10.275221886166646
10.275204739235011
10.275180261930887
10.275225306559982
10.275207509115846
10.275182650878465
10.275220746126578
10.275203641581266
10.275179236007663
10.275224108121876
10.275206353634919
10.275181559384327
10.275144146070009
10.27509554049224
10.275037842608013
10.275143737347447
10.275095462018227
10.275038184271567
10.274975928775198
10.27491397878547
10.274976743992182
10.274915265001548
10.275143721306783
10.275095651495532
10.275038604021983
10.274977420551391
10.274916195120788
10.274856135653327
10.274807187836009
10.27477058222896
10.274857833686077
10.274809211169146
10.274772810062835
10.274745657088154
10.274728443245126
10.274747980529888
10.274730834567031
10.274858982974596
10.274810546473013
10.274774233778574
10.274749413538837
10.274732258972596
10.275143312630693
10.275094977190992
10.275037625329837
10.275142927402451
10.275094931792102
10.275038012426343
10.274976098234379
10.274914538558573
10.274976971185763
10.274915891725822
10.275142914906782
10.275095128445297
10.275038444855834
10.274977666893815
10.274916847652438
10.274857050095713
10.274808387989003
10.274771976669266
10.274858819744578
10.274810485241455
10.27477428257375
10.27474716711032
10.274730029527788
10.274749576397678
10.274732517084928
10.27486000060714
10.274811857254432
10.27477574954599
10.274751060842801
10.27473400194239
10.275144376382803
10.275096230169334
10.275039099100113
10.274977844892828
10.274916552214849
10.275146331665491
10.275097605591014
10.275039850988692
10.274977998251448
10.274916123148149
10.274859264797763
10.274810759860369
10.27477436105343
10.27474943274304
10.274732083692752
10.274858257405056
10.274809238458269
10.274772471297203
10.274747222776984
10.274729309248166
10.275143509276123
10.275095636028919
10.275038864579734
10.274978017871048
10.274917139595088
10.275145388646418
10.275096927523698
10.275039529974634
10.274978088736191
10.27491663842946
10.274860231012459
10.274812037776442
10.274775864042029
10.274751083118693
10.274733838826526
10.274859168063896
10.274810482953855
10.274773963284536
10.274748879238267
10.274731079122388
10.275228260697476
10.275210153584586
10.275184509757628
10.275223838179009
10.275206505100186
10.275181498284828
10.275221618032784
10.275204608638132
10.27517995118507
10.275220378065052
10.275203500905553
10.275179056959113
10.275146303798913
10.275094333804356
10.275032539037996
10.27496651401654
10.274901028294362
10.275144384328454
10.275094137360734
10.275034358731444
10.27497032414254
10.274906555680158
10.274840733516237
10.274790814874459
10.274754387156593
10.274729732553142
10.274711719370384
10.27484747706138
10.274798054775848
10.274761543509364
10.274736804986784
10.274719484438753
10.27514345970779
10.27509418051997
10.275035595085253
10.274972775236066
10.274910070217166
10.275142949686625
10.275094288511779
10.275036512153035
10.274974544950512
10.274912609459298
10.274851756695956
10.274802679094783
10.274766179212765
10.274741361894161
10.274724171798992
10.274854873999631
10.274806110381297
10.274769706372801
10.27474491256582
10.274727772602485
10.275227815345451
10.275209626753927
10.275183851711853
10.275223411466198
10.275205987216756
10.275180840673196
10.275221247568886
10.275204156214505
10.275179378980377
10.275220113448569
10.275203171641689
10.275178646234048
10.275145511989562
10.275093409938352
10.275031455240427
10.274965335656416
10.27489988046959
10.275143585162862
10.275093214261794
10.275033308625598
10.274969212316691
10.274905484386904
10.27483974369118
10.27479008792192
10.274753869391965
10.27472931288403
10.274711302399504
10.274846548749142
10.274797363972835
10.274761050601946
10.274736408528687
10.274719089734806
10.275142775838054
10.275093410688797
10.27503473867394
10.274971884590427
10.274909221546213
10.275142480431478
10.275093786643041
10.275035966937834
10.274973987677173
10.274912087149758
10.274851025355295
10.274802140056286
10.274765804656003
10.27474106592712
10.274723879570226
10.274854434235747
10.274805809383077
10.274769520419449
10.274744776202526
10.274727635946759
10.275229110637225
10.275210587037352
10.275184589874543
10.275224441187758
10.275206730940621
10.275181361103702
10.275222276117894
10.275204924792911
10.275179947443485
10.275221200421367
10.275204015232267
10.27517931517326
10.275145988370195
10.275093526728096
10.275031096874399
10.274964512057769
10.274898689580333
10.275143824346051
10.2750930965277
10.275032767832215
10.274968274050307
10.274904239591507
10.274838312038831
10.274788555939994
10.274752294796144
10.274727678653074
10.274709380293443
10.274845111739635
10.274795869326478
10.274759546253964
10.274734860977256
10.274717320840518
10.275143094048463
10.275093408401334
10.275034352930621
10.274971131693908
10.274908166565472
10.275142932191006
10.275093951070033
10.275035775936313
10.274973443683177
10.274911233341857
10.274849759090923
10.274800783106659
10.274764412228011
10.274739626367211
10.274722253938309
10.274853341420371
10.274804587748696
10.274768237688454
10.274743435780259
10.274726114877275
10.275233885498185
10.275214459920679
10.275188076770103
10.275228328036485
10.27520990925116
10.275184161158538
10.275225901798517
10.275207906668326
10.275182558407712
10.275224907983683
10.275207089927552
10.275182050250431
10.275149044723033
10.275095818498874
10.275032327634596
10.274964570100416
10.274897617473878
10.275146132815991
10.275094612796366
10.275033294327914
10.274967772074648
10.274902773835862
10.274836233135431
10.27478567248493
10.274748873789068
10.274723757759622
10.274704438200136
10.274842808334565
10.274792932833211
10.274756226281564
10.274731209908342
10.274712947828389
10.275145201878951
10.275094720480547
10.275034696186179
10.274970479374279
10.274906579861042
10.275145206361096
10.275095473043624
10.275036359276337
10.274973041643436
10.274909877475585
10.274847363194541
10.274797796510502
10.274761098535537
10.274736050460696
10.274718058042
10.274851129831189
10.274801731447878
10.274765017508221
10.274739941910287
10.274722010337834
10.275219545623502
10.275218956973557
10.275202731815755
10.275178423773355
10.27520216918176
10.275177941308185
10.275218909034914
10.275202073603324
10.27517784021139
10.27521999903113
10.275202928537169
10.275178560385354
10.275223302430032
10.275205598334098
10.275180846899325
10.275142590698527
10.275094400592986
10.275037237026885
10.275142327232771
10.275094501003109
10.275037789679624
10.274975932957057
10.274914618070591
10.274976983534373
10.274916149552558
10.275142322066642
10.275094700322077
10.275038223744822
10.274977683600504
10.274917114175432
10.27485737763064
10.274808944797515
10.274772705956075
10.274859313695151
10.274811187680291
10.274775137737935
10.274747994865242
10.274730929932792
10.274750519298205
10.274733533821216
10.27486050826796
10.274812580138571
10.27477663297916
10.274752038247744
10.274735056855496
10.275142936833102
10.275095233119259
10.275038672757038
10.274978068398438
10.274917444508763
10.275144782473808
10.275096495554672
10.275039317129192
10.274978129693238
10.274916947767004
10.274860780364625
10.274812803937847
10.274776790828238
10.274752105494615
10.274734945104896
10.274859736791941
10.274811281975687
10.274774934135712
10.274749956865286
10.274732260933161
10.275219372190358
10.275218866587705
10.275202508762062
10.275178145955419
10.275202035219873
10.275177766588486
10.275218901067744
10.275202022134986
10.275177754712701
10.275220027851834
10.275202912281193
10.275178505625981
10.27522333220131
10.275205583842729
10.275180787083874
10.275142287608281
10.275094098939594
10.275036920279447
10.27514214592353
10.275094339670193
10.275037628326194
10.274975619575683
10.274914335493131
10.274976834687447
10.27491602983512
10.275142237000155
10.275094643147018
10.275038171225873
10.274977645900311
10.274917103225677
10.274857154393519
10.274808824359621
10.274772665688042
10.27485923954306
10.274811195408452
10.274775205957795
10.274747984269011
10.274730917041589
10.274750604664074
10.274733615180446
10.274860533847406
10.274812674027791
10.274776772037526
10.274752185169733
10.274735198904425
10.275142871653863
10.275095183428668
10.275038618911154
10.274978025074374
10.274917427735609
10.275144700559196
10.275096414947509
10.275039221322579
10.274978040006088
10.274916886636088
10.274860802732942
10.274812898462965
10.2747769335431
10.274752259411969
10.274735096771515
10.274859722064244
10.274811351358196
10.274775064145693
10.274750106074915
10.274732414995158
10.275220585856955
10.275220142552561
10.275203492123786
10.275178991019212
10.275203087600723
10.275178687584063
10.275220232607149
10.275203126436525
10.275178718803138
10.275221470830045
10.275204102800831
10.27517954000793
10.275225044211398
10.275206980098659
10.275181993737021
10.275142964000501
10.275094534569282
10.275037034732124
10.275142903684982
10.275094862474351
10.275037837274184
10.274975395985082
10.274913791100269
10.274976713424817
10.274915589195556
10.275143019364382
10.275095169680297
10.275038370255881
10.274977510289981
10.274916649683135
10.274856333511377
10.274807819638704
10.274771550712808
10.274858514004999
10.274810272879431
10.274774161799526
10.274746783717092
10.274729532466234
10.274749469841712
10.274732299428125
10.27485979882664
10.27481174729404
10.274775728885784
10.274751057291564
10.274733893302566
10.275143697546753
10.275095717695576
10.275038793866095
10.274977842720626
10.274916914631953
10.275145662891349
10.275097031585997
10.275039414510063
10.274977817155527
10.274916284073065
10.27486000359349
10.274811908751186
10.274775831785778
10.274751075227606
10.274733719229411
10.274858795257988
10.274810212158076
10.274773801890694
10.274748740869132
10.274730799552021
10.275224380004552
10.275223973567167
10.275206652647535
10.275181825744623
10.275206288388349
10.275181562605805
10.275224098279024
10.275206349643154
10.275181587495974
10.275225596206484
10.275207509624881
10.275182530647347
10.27523006021026
10.275211048676276
10.275185542064458
10.275145354995972
10.275096191460261
10.275037769024443
10.275145328605975
10.275096544420071
10.27503859805007
10.274975152952745
10.274912583635883
10.274976508153895
10.274914428354096
10.275145388754476
10.275096736112948
10.275038971302607
10.274977132471019
10.274915326628502
10.274854237642263
10.274805040910151
10.274768384838209
10.27485646159853
10.274807531261876
10.274771034508277
10.274743337134918
10.274725471803247
10.274746070591126
10.274728298470146
10.27485760539261
10.274808895504203
10.274772523769903
10.274747603496955
10.274729843685339
10.275146103688131
10.275097206802396
10.2750392074907
10.274977201326536
10.274915286223683
10.275148515473708
10.275098787014228
10.275039871419127
10.274977005361373
10.274914301093146
10.274857491422219
10.274808755300995
10.274772351060919
10.274747347994943
10.274729330510983
10.274855785667533
10.274806480643209
10.274769702408127
10.274744316972759
10.274725459815052
0
0
0
0
0
0
0
0
0
0
0
0
0
0
0
0
0
0
0
0
0
0
0
0
0
0
0
0
0
0
0
0
0
0
0
0
0
0
0
0
0
0
0
0
0
0
0
0
0
0
0
0
0
0
0
0
0
0
0
0
0
0
0
0
0
0
0
0
0
0
0
0
0
0
0
0
0
0
0
0
0
0
0
0
0
0
0
0
0
0
0
0
0
0
0
0
0
0
0
0
0
0
0
0
0
0
0
0
0
0
0
0
0
0
0
0
0
0
0
0
0
0
0
0
0
0
0
0
0
0
0
0
0
0
0
0
0
0
0
0
0
0
0
0
0
0
0
0
0
0
0
0
0
0
0
0
0
0
0
0
0
0
0
0
0
0
0
0
0
0
0
0
0
0
0
0
0
0
0
0
0
0
0
0
0
0
0
0
0
0
0
0
0
0
0
0
0
0
0
0
0
0
0
0
0
0
0
0
0
0
0
0
0
0
0
0
0
0
0
0
0
0
0
0
0
0
0
0
0
0
0
0
0
0
0
0
0
0
0
0
0
0
0
0
0
0
0
0
0
0
0
0
0
0
0
0
0
0
0
0
0
0
0
0
0
0
0
0
0
0
0
0
0
0
0
0
0
0
0
0
0
0
0
0
0
0
0
0
0
0
0
0
0
0
0
0
0
0
0
0
0
0
0
0
0
0
0
0
0
0
0
0
0
0
0
0
0
0
0
0
0
0
0
0
0
0
0
0
0
0
0
0
0
0
0
0
0
0
0
0
0
0
0
0
0
0
0
0
0
0
0
0
0
0
0
0
0
0
0
0
0
0
0
0
0
0
0
0
0
0
0
0
0
0
0
0
0
0
0
0
0
0
0
0
0
0
0
0
0
0
0
0
0
0
0
0
0
0
0
0
0
0
0
0
0
0
0
0
0
0
0
0
0
0
0
0
0
0
0
0
0
0
0
0
0
0
0
0
0
0
0
0
0
0
0
0
0
0
0
0
0
0
0
0
0
0
0
0
0
0
0
0
0
0
0
0
0
0
0
0
0
0
0
0
0
0
0
0
0
0
0
0
0
0
0
0
0
0
0
0
0
0
0
0
0
0
0
0
0
0
0
0
0
0
0
0
0
0
0
0
0
0
0
0
0
0
0
0
0
0
0
0
0
0
0
0
0
0
0
0
0
0
0
0
0
0
0
0
0
0
0
0
0
0
0
0
0
0
0
0
0
0
0
0
0
0
0
0
0
0
0
0
0
0
0
0
0
0
0
0
0
0
0
0
0
0
0
0
0
0
0
0
0
0
0
0
0
0
0
0
0
0
0
0
0
0
0
0
0
0
0
0
0
0
0
0
0
0
0
0
0
0
0
0
0
0
0
0
0
0
0
0
0
0
0
0
0
0
0
0
0
0
0
0
0
0
0
0
0
0
0
0
0
0
0
0
0
0
0
0
0
0
0
0
0
0
0
0
0
0
0
0
0
0
0
0
0
0
0
0
0
0
0
0
0
0
0
0
0
0
0
0
0
0
0
0
0
0
0
0
0
0
0
0
0
0
0
0
0
0
0
0
0
0
0
0
0
0
0
0
0
0
0
0
0
0
0
0
0
0
0
0
0
0
0
0
0
0
0
0
0
0
0
0
0
0
0
0
0
0
0
0
0
0
0
0
0
0
0
0
0
0
0
0
0
0
0
0
0
0
0
0
0
0
0
0
0
0
0
0
0
0
0
0
0
0
0
0
0
0
0
0
0
0
0
0
0
0
0
0
0
0
0
0
0
0
0
0
0
0
0
0
0
0
0
0
0
0
0
0
0
0
0
0
0
0
0
0
0
0
0
0
0
0
0
0
0
0
0
0
0
0
0
0
0
0
0
0
0
0
0
0
0
0
0
0
0
0
0
0
0
0
0
0
0
0
0
0
0
0
0
0
0
0
0
0
0
0
0
0
0
0
0
0
0
0
0
0
0
0
0
0
0
0
0
0
0
0
0
0
0
0
0
0
0
0
0
0
0
0
0
0
0
0
0
0
0
0
0
0
0
0
0
0
0
0
0
0
0
0
0
0
0
0
0
0
0
0
0
0
0
0
0
0
0
0
0
0
0
0
0
0
0
0
0
0
0
0
0
0
0
0
0
0
0
0
0
0
0
0
0
0
0
0
0
0
0
0
0
0
0
0
0
0
0
0
0
0
0
0
0
0
0
0
0
0
0
0
0
0
0
0
0
0
0
0
0
0
0
0
0
0
0
0
0
0
0
0
0
0
0
0
0
0
0
0
0
0
0
0
0
0
0
0
0
0
0
0
0
0
0
0
0
0
0
0
0
0
0
0
0
0
0
0
0
0
0
0
0
0
0
0
0
0
0
0
0
0
0
0
0
0
0
0
0
0
0
0
0
0
0
0
0
0
0
0
0
0
0
0
0
0
0
0
0
0
0
0
0
0
0
0
0
0
0
0
0
0
0
0
0
0
0
0
0
0
0
0
0
0
0
0
0
0
0
0
0
0
0
0
0
0
0
0
0
0
0
0
0
0
0
0
0
0
0
0
0
0
0
0
0
0
0
0
0
0
0
0
0
0
0
0
0
0
0
0
0
0
0
0
0
0
0
0
0
0
0
0
0
0
0
0
0
0
0
0
0
0
0
0
0
0
0
0
0
0
0
0
0
0
0
0
0
0
0
0
0
0
0
0
0
0
0
0
0
0
0
0
0
0
0
0
0
0
0
0
0
0
0
0
0
0
0
0
0
0
0
0
0
0
0
0
0
0
0
0
0
0
0
0
0
0
0
0
0
0
0
0
0
0
0
0
0
0
0
0
0
0
0
0
0
0
0
0
0
0
0
0
0
0
0
0
0
0
0
0
0
0
0
0
0
0
0
0
0
0
0
0
0
0
0
0
0
0
0
0
0
0
0
0
0
0
0
0
0
0
0
0
0
0
0
0
0
0
0
0
0
0
0
0
0
0
0
0
0
0
0
0
0
0
0
0
0
0
0
0
0
0
0
0
0
0
0
0
0
0
0
0
0
0
0
0
0
0
0
0
0
0
0
0
0
0
0
0
0
0
0
0
0
0
0
0
0
0
0
0
0
0
0
0
0
0
0
0
0
0
0
0
0
0
0
0
0
0
0
0
0
0
0
0
0
0
0
0
0
0
0
0
0
0
0
0
0
0
0
0
0
0
0
0
0
0
0
0
0
0
0
0
0
0
0
0
0
0
0
0
0
0
0
0
0
0
0
0
0
0
0
0
0
0
0
0
0
0
0
0
0
0
0
0
0
0
0
0
0
0
0
0
0
0
0
0
0
0
0
0
0
0
0
0
0
0
0
0
0
0
0
0
0
0
0
0
0
0
0
0
0
0
0
0
0
0
0
0
0
0
0
0
0
0
0
0
0
0
0
0
0
0
0
0
0
0
0
0
0
0
0
0
0
0
0
0
0
0
0
0
0
0
0
0
0
0
0
0
0
0
0
0
0
0
0
0
0
0
0
0
0
0
0
0
0
0
0
0
0
0
0
0
0
0
0
0
0
0
0
0
0
0
0
0
0
0
0
0
0
0
0
0
0
0
0
0
0
0
0
0
0
0
0
0
0
0
0
0
0
0
0
0
0
0
0
0
0
0
0
0
0
0
0
0
0
0
0
0
0
0
0
0
0
0
0
0
0
0
0
0
0
0
0
0
0
0
0
0
0
0
0
0
0
0
0
0
0
0
0
0
0
0
0
0
0
0
0
0
0
0
0
0
0
0
0
0
0
0
0
0
0
0
0
0
0
0
0
0
0
0
0
0
0
0
0
0
0
0
0
0
0
0
0
0
0
0
0
0
0
0
0
0
0
0
0
0
0
0
0
0
0
0
0
0
0
0
0
0
0
0
0
0
0
0
0
0
0
0
0
0
0
0
0
0
0
0
0
0
0
0
0
0
0
0
0
0
0
0
0
0
0
0
0
0
0
0
0
0
0
0
0
0
0
0
0
0
0
0
0
0
0
0
0
0
0
0
0
0
0
0
0
0
0
0
0
0
0
0
0
0
0
0
0
0
0
0
0
0
0
0
0
0
0
0
0
0
0
0
0
0
0
0
0
0
0
0
0
0
0
0
0
0
0
0
0
0
0
0
0
0
0
0
0
0
0
0
0
0
0
0
0
0
0
0
0
0
0
0
0
0
0
0
0
0
0
0
0
0
0
0
0
0
0
0
0
0
0
0
0
0
0
0
0
0
0
0
0
0
0
0
0
0
0
0
0
0
0
0
0
0
0
0
0
0
0
0
0
0
0
0
0
0
0
0
0
0
0
0
0
0
0
0
0
0
0
0
0
0
0
0
0
0
0
0
0
0
0
0
0
0
0
0
0
0
0
0
0
0
0
0
0
0
0
0
0
0
0
0
0
0
0
0
0
0
0
0
0
0
0
0
0
0
0
0
0
0
0
0
0
0
0
0
0
0
0
0
0
0
0
0
0
0
0
0
0
0
0
0
0
0
0
0
0
0
0
0
0
0
0
0
0
0
0
0
0
0
0
0
0
0
0
0
0
0
0
0
0
0
0
0
0
0
0
0
0
0
0
0
0
0
0
0
0
0
0
0
0
0
0
0
0
0
0
0
0
0
0
0
0
0
0
0
0
0
0
0
0
0
0
0
0
0
0
0
0
0
0
0
0
0
0
0
0
0
0
0
0
0
0
0
0
0
0
0
0
0
0
0
0
0
0
0
0
0
0
0
0
0
0
0
0
0
0
0
0
0
0
0
0
0
0
0
0
0
0
0
0
0
0
0
0
0
0
0
0
0
0
0
0
0
0
0
0
0
0
0
0
0
0
0
0
0
0
0
0
0
0
0
0
0
0
0
0
0
0
0
0
0
0
0
0
0
0
0
0
0
0
0
0
0
0
0
0
0
0
0
0
0
0
0
0
0
0
0
0
0
0
0
0
0
0
0
0
0
0
0
0
0
0
0
0
0
0
0
0
0
0
0
0
0
0
0
0
0
0
0
0
0
0
0
0
0
0
0
0
0
0
0
0
0
0
0
0
0
0
0
0
0
0
0
0
0
0
0
0
0
0
0
0
0
0
0
0
0
0
0
0
0
0
0
0
0
0
0
0
0
0
0
0
0
0
0
0
0
0
0
0
0
0
0
0
0
0
0
0
0
0
0
0
0
0
0
0
0
0
0
0
0
0
0
0
0
0
0
0
0
0
0
0
0
0
0
0
0
0
0
0
0
0
0
0
0
0
0
0
0
0
0
0
0
0
0
0
0
0
0
0
0
0
0
0
0
0
0
0
0
0
0
0
0
0
0
0
0
0
0
0
0
0
0
0
0
0
0
0
0
0
0
0
0
0
0
0
0
0
0
0
0
0
0
0
0
0
0
0
0
0
0
0
0
0
0
0
0
0
0
0
0
0
0
0
0
0
0
0
0
0
0
0
0
0
0
0
0
0
0
0
0
0
0
0
0
0
0
0
0
0
0
0
0
0
0
0
0
0
0
0
0
0
0
0
0
0
0
0
0
0
0
0
0
0
0
0
0
0
0
0
0
0
0
0
0
0
0
0
0
0
0
0
0
0
0
0
0
0
0
0
0
0
0
0
0
0
0
0
0
0
0
0
0
0
0
0
0
0
0
0
0
0
0
0
0
0
0
0
0
0
0
0
0
0
0
0
0
0
0
0
0
0
0
0
0
0
0
0
0
0
0
0
0
0
0
0
0
0
0
0
0
0
0
0
0
0
0
0
0
0
0
0
0
0
0
0
0
0
0
0
0
0
0
0
0
0
0
0
0
0
0
0
0
0
0
0
0
0
0
0
0
0
0
0
0
0
0
0
0
0
0
0
0
0
0
0
0
0
0
0
0
0
0
0
0
0
0
0
0
0
0
0
0
0
0
0
0
0
0
0
0
0
0
0
0
0
0
0
0
0
0
0
0
0
0
0
0
0
0
0
0
0
0
0
0
0
0
0
0
0
0
0
0
0
0
0
0
0
0
0
0
0
0
0
0
0
0
0
0
0
0
0
0
0
0
0
0
0
0
0
0
0
0
0
0
0
0
0
0
0
0
0
0
0
0
0
0
0
0
0
0
0
0
0
0
0
0
0
0
0
0
0
0
0
0
0
0
0
0
0
0
0
0
0
0
0
0
0
0
0
0
0
0
0
0
0
0
0
0
0
0
0
0
0
0
0
0
0
0
0
0
0
0
0
0
0
0
0
0
0
0
0
0
0
0
0
0
0
0
0
0
0
0
0
0
0
0
0
0
0
0
0
0
0
0
0
0
0
0
0
0
0
0
0
0
0
0
0
0
0
0
0
0
0
0
0
0
0
0
0
0
0
0
0
0
0
0
0
0
0
0
0
0
0
0
0
0
0
0
0
0
0
0
0
0
0
0
0
0
0
0
0
0
0
0
0
0
0
0
0
0
0
0
0
0
0
0
0
0
0
0
0
0
0
0
0
0
0
0
0
0
0
0
0
0
0
0
0
0
0
0
0
0
0
0
0
0
0
0
0
0
0
0
0
0
0
0
0
0
0
0
0
0
0
0
0
0
0
0
0
0
0
0
0
0
0
0
0
0
0
0
0
0
0
0
0
0
0
0
0
0
0
0
0
0
0
0
0
0
0
0
0
0
0
0
0
0
0
0
0
0
0
0
0
0
0
0
0
0
0
0
0
0
0
0
0
0
0
0
0
0
0
0
0
0
0
0
0
0
0
0
0
0
0
0
0
0
0
0
0
0
0
0
0
0
0
0
0
0
0
0
0
0
0
0
0
0
0
0
0
0
0
0
0
0
0
0
0
0
0
0
0
0
0
0
0
0
0
0
0
0
0
0
0
0
0
0
0
0
0
0
0
0
0
0
0
0
0
0
0
0
0
0
0
0
0
0
0
0
0
0
0
0
0
0
0
0
0
0
0
0
0
0
0
0
0
0
0
0
0
0
0
0
0
0
0
0
0
0
0
0
0
0
0
0
0
0
0
0
0
0
0
0
0
0
0
0
0
0
0
0
0
0
0
0
0
0
0
0
0
0
0
0
0
0
0
0
0
0
0
0
0
0
0
0
0
0
0
0
0
0
0
0
0
0
0
0
0
0
0
0
0
0
0
0
0
0
0
0
0
0
0
0
0
0
0
0
0
0
0
0
0
0
0
0
0
0
0
0
0
0
0
0
0
0
0
0
0
0
0
0
0
0
0
0
0
0
0
0
0
0
0
0
0
0
0
0
0
0
0
0
0
0
0
0
0
0
0
0
0
0
0
0
0
0
0
0
0
0
0
0
0
0
0
0
0
0
0
0
0
0
0
0
0
0
0
0
0
0
0
0
0
0
0
0
0
0
0
0
0
0
0
0
0
0
0
0
0
0
0
0
0
0
0
0
0
0
0
0
0
0
0
0
0
0
0
0
0
0
0
0
0
0
0
0
0
0
0
0
0
0
0
0
0
0
0
0
0
0
0
0
0
0
SCALARS density_deviation float 1
LOOKUP_TABLE default
781.10031191334679
706.62146949072223
663.79092549151403
707.69813682257211
610.46146490909075
554.45538634348145
661.51178772242315
550.00419230523642
486.04732263459391
641.19600092938731
523.45479491850938
456.21516928248911
649.62932342163219
649.39337505132391
651.50621359817239
652.19297069571996
651.31579895228333
535.72605414312636
535.16989879411346
537.81283862905161
538.65784873517237
537.50658865408104
649.29091503080656
649.97775419877541
664.89509535886805
708.93704554851138
785.83152163458533
534.88727204984468
535.9563718674375
555.63208954185131
612.92996656973162
712.12091435224613
464.6662923165735
463.95152074485941
466.81669308711832
467.68256981824709
466.33872718972123
433.83013438573096
433.00214624746786
435.80826078278358
436.58586633731647
435.13955663284162
463.38374090443074
464.84712878098935
488.06405884731873
554.73987314845601
669.36623177341005
432.11568124466044
434.04189909061495
459.53151758140712
531.91241869705505
655.36137716533642
635.9477174186643
639.88358168547518
516.45435527498159
448.29476155279565
521.64543252171677
453.92020052787473
658.86629224007515
546.56592144272247
481.83005215807964
704.1879956821316
606.15384590323367
549.26573602028293
777.34253587097294
702.38746754814758
658.92222965709368
425.55608922759347
424.4944713296311
427.10639643382478
430.96757319744688
429.56931494280843
431.94555985690249
427.7580810760337
426.27509748709656
432.47901591294408
431.00405828359965
459.45548503588816
457.70834212639625
459.80446569852529
460.23753614387806
458.83292464311307
423.34146551882498
425.75028876637782
452.53569880690145
428.22957488173665
431.03204165170507
458.25642068066725
527.52967090424818
655.18909178396973
533.21912017111117
660.32744978083235
456.29380797948443
459.27236371564572
485.38787631405512
556.44179984847938
676.14928379018102
529.34712045031256
527.5302497469097
529.24929866168748
529.58564219437369
528.35525688328153
643.69442459053846
642.27976131804053
643.54855774709222
643.78582874210667
642.84262008148983
526.19837468779872
528.93350005984212
551.67517199373162
613.03244288369319
716.3580237014919
641.19676054087665
643.19110237757297
660.30158485014658
706.77993887681851
785.47755628609093
707.32152121408308
610.14935511923727
554.33270399005198
610.13791636788164
483.18906510969623
409.89161623459552
548.82470234864888
403.2306857465768
319.25544260567438
521.81668578985432
368.09486155202876
279.50805005226766
535.81235403189123
535.3869465639176
538.07081635304621
538.91678951428639
537.73196457713675
385.04952761613163
383.99207217214496
387.35085231141636
388.43745187911873
386.94028661020809
535.07513394456237
536.34756709638236
556.87769311176442
615.98785594197466
717.79617386153757
383.52922027084469
385.04949982624908
410.76295396973376
484.9496557736627
612.70623491582103
290.56319748132591
289.0966939353342
292.74061293490536
293.89404709860207
292.19230248279086
249.17612738609057
247.41609198167521
250.98692776581902
252.06210980019773
250.26550103628995
288.36219301691665
290.11757228452927
319.35243760668493
403.57012795318053
548.59749251609276
246.35329304405968
248.45711245174402
279.72555407488414
369.24254265044362
522.98700439093113
661.42577782408205
549.87537999786412
486.0679534155405
549.24281502515294
403.4777820240655
319.42601916193212
478.5097642899816
311.44529425995199
214.97714042036148
447.35716910360634
271.00568211411291
169.1342114159537
464.92235229794949
464.40646345884261
467.38188880925225
468.28859587745274
466.9025124390148
290.77295672809021
289.40112227750365
293.12784549667776
294.32431111965082
292.60816727405393
463.85381057308621
465.45085944310108
489.46406008909685
558.14844198605329
675.90019945516531
288.7112920080591
290.43095827094635
319.7950123694435
404.40269306647576
550.08490389785482
181.69427534960892
179.73710853448733
183.7753918143278
185.06747625963339
183.14746977811069
133.81360301775419
131.43142345711703
135.3821422897521
136.60714930105837
134.60803283107123
178.79183697828751
180.65000247144542
213.53281398747174
308.66639046038733
473.05688482522521
130.17684788711779
132.340287235814
167.14255284286367
267.60060740088363
441.14343607167223
641.98677157845282
523.98969111712825
456.61051427096038
523.05038886381783
368.92015824729151
280.03619599291528
448.5195768098921
271.76141726297624
169.57674302360033
415.84251397117225
229.22064289039417
121.21828527393234
434.2971514915622
433.67497721673089
436.68241500282568
437.56540835326518
436.07937141881018
249.66832761934143
248.06883196067247
251.83268070036081
253.0177045760804
251.19818907774618
432.885228936354
434.63009482505299
460.10921875340512
532.81745064030895
657.32125804977738
247.1292289004673
248.96422094495063
279.90284202121904
369.07136199517015
522.55526528715347
134.15958045969217
131.85231240168002
135.92311330735049
137.22039690369468
135.21381699121366
83.531459722796512
80.703098496078383
84.674318227200047
85.920534983620769
83.863020865230169
130.68871629287776
132.64217788119822
167.09688014448136
267.06570551190202
440.0575871794457
79.288116902121828
81.562971868971431
117.91789474567543
223.2830317828948
405.79245268971022
636.9350828774775
516.97263219954414
448.45071884562378
516.20602848077817
359.41763959940124
268.92338475890813
636.44653837618296
516.35142836358375
447.62688180581097
515.46207420864027
358.50441726561462
267.73311699535952
440.54156817415696
260.76908964174993
156.71951845990691
407.39799707659142
217.63181109358118
107.64880097620062
439.42512060913907
259.51732707101576
155.17840354163332
406.06523331070412
216.16105519480243
105.85653314729461
425.6691458966078
424.85242634634039
427.77126330082842
428.58818491092654
427.05218436377118
237.85138516968084
235.95370427310741
239.59961681997879
240.71484466245101
238.85381746414862
423.84946011412944
425.73377162855274
451.62825510255493
525.26958132170682
651.15218494374278
234.79215155631368
236.80246941554378
268.24508958541878
358.61925935446391
514.10073269274585
424.62246601538027
423.64452725867454
426.46626990214656
427.20453627849645
425.61994192648922
236.34860870689874
234.217611836473
237.7337748854967
238.76356376261458
236.86646934972634
422.44574376957735
424.52432258808085
450.76302919166483
524.71965408326946
650.6891018040958
232.86491599618444
235.13057589716254
267.02792931168244
357.89071361750393
513.67932413932249
120.44583624453981
117.76057010701754
121.69247780584055
122.92683576567413
120.90232142876164
69.006481146618171
65.745765819763051
69.567107348434547
70.766625061083346
68.724926469840852
116.41634510339247
118.59967932533175
153.66491582499725
255.09418835143606
430.57739737318445
64.229893863580173
66.784917075282806
103.83046041546766
210.79503771753798
396.06524319038078
118.54115152349732
115.5731595700679
119.35548155694505
120.5114587556377
118.4787042515436
66.802883380837898
63.225265633552226
66.889056638670809
68.027655350627469
66.013735847535031
114.09519054745806
116.59886182468313
152.23378951111658
254.3471615862378
430.39982915316295
61.665368475890659
64.588683647657945
102.27502340142837
210.04582972113121
396.05995786208632
514.7248462960149
520.24910403582078
358.7462119686885
268.78972062940761
365.86427159035622
276.37031334358835
545.48281943165011
398.96467616711311
313.50820433402362
605.57192679379853
477.79698743113329
402.87987880687876
702.35130923078532
604.89698456608414
547.83499440012633
237.81013919396491
235.66214044295066
238.98418268189346
245.00916244290136
242.36845864857821
245.38571871881197
239.91996379558179
238.09937421874247
246.18121748447777
244.3838386176767
282.99647107433884
279.92408582452174
282.57439071887563
283.23732259887072
281.53124752118299
234.30423038393917
236.86665828822697
269.24445467750559
240.79530270194698
243.8053940063503
276.57495754838169
360.92352282285378
517.75869827857616
367.82666608293232
523.11769474653033
278.25390034310374
281.53489750470885
313.03686315690049
399.56195268190413
546.26629285399304
375.8164070523726
372.76281650677117
374.92289077764428
375.44866819648519
373.96106991558133
527.23638257387677
524.89426767378336
526.48611103393034
526.86305833474171
525.73033502451153
371.18558115599421
374.21216444768822
401.61916483277378
476.57222319277548
603.40595563903037
523.61969804195769
525.76447256266488
546.1934494854454
602.53572957747497
698.33131576249184
439.17876851264123
445.37172960264991
260.23938932703709
156.70209988023896
268.23194960306284
165.15791158033653
474.1884930126962
306.09443995149422
207.68325494543865
542.98286517929932
396.60205165987509
310.49681435946434
654.38448852044417
543.08198774732341
477.78855524596929
120.5165695581403
117.62677056799726
121.29631332616873
128.47035887055642
124.98891384900355
128.31816261211941
122.38416951138959
120.3834139308525
129.26174252115902
127.3040563140014
171.99703867825622
168.03490957211818
170.95446896055671
171.75380686778044
169.90608244265229
116.10142500774168
118.7273792653906
154.54511539760676
123.26847559028181
126.39891358100851
162.64658397068047
256.9623883132964
433.40401524860727
264.54586627509275
439.11101541622838
166.23400076389976
169.72062575318353
204.70682575568333
301.58535612328649
466.73278683252806
278.93616475679437
275.07629266505342
277.45050066438614
278.08846634312033
276.48040050672535
453.9187794425867
451.00901256732743
452.75723348297743
453.21302426907789
451.98998553821752
273.382722619746
276.66768832503476
307.28023833202053
391.49356756347447
534.55488393489998
449.64364084499721
451.99386607650047
474.85392887431533
538.17411376217308
646.07729865314661
406.82272102421689
412.74373204208086
217.64832874908996
107.96899442865617
225.54433569783134
116.39504075254888
442.89267541756567
265.17397249953683
160.90899236465543
514.94961486874342
360.43326727065994
269.4051006478353
632.44397276567292
515.36128346353382
446.64104060478496
69.357786501588862
65.975107649585425
69.652305513558417
77.268867585590897
73.266506363131271
76.596968497006287
70.77196189282472
68.73942252515792
77.581529621023719
75.614059432171643
122.83059826780425
118.33858142026452
121.25421445657162
122.10069718133798
120.25946912267636
64.348755121928889
67.140416657518472
104.59536855798888
71.501902611634591
74.858908739700382
112.85272526585391
212.06827294617528
397.74992770047618
219.96863522025205
403.92674334225467
116.53934259697235
120.29773086191688
157.07443118910533
259.09969471105478
433.33656163405783
235.83340247837987
231.52789322372655
233.89408081349654
234.57230287009054
232.97422537754187
421.41138632125887
418.21405668277532
419.95671817830078
420.43841311711492
419.22312115009038
229.8543155083479
233.45111459701468
265.81665553267226
354.82541227456034
506.12322729014898
416.87050801757584
419.50219319503788
443.79880552370696
510.92161544371743
625.19624630352723
397.97692735178487
403.36815614840009
205.69516721247123
94.039722049314378
213.21746474033262
102.20532706592326
433.20784494748955
252.84543930214102
146.92793564776287
396.77313088717449
402.02071717538593
204.22530619007534
92.133857486612214
211.62709246263034
100.19618870908891
431.87392323958363
251.26782822837572
144.95511851613958
506.13328496179872
349.3718170692697
256.95416383160443
625.38571872847388
506.81197090230421
437.21419159396862
504.62766148400294
347.79287929919553
255.13585626910231
624.02049342498992
505.47439772730843
435.76907028616085
54.447559789253432
50.611239246427317
54.136148570436831
62.14401587654811
57.695222412602789
60.877938326182743
55.226584671995852
53.241567897479513
61.846811401832269
59.948907368086793
108.02712270222685
103.12982991280546
105.90826774728657
106.74723683156594
104.98435686179596
48.969079295000824
52.090824757339988
90.331338909889269
55.983245071512442
59.720542956891222
98.615984431975903
199.5708071713085
388.26390566628197
207.70755742933386
394.95537144256195
101.42406870364073
105.60102917554786
143.37747815752653
247.54571379801541
425.24117634429058
52.05560321945336
47.868436802961241
51.234081695277723
59.653418970903999
54.849475079236981
57.87437993073911
52.283968623438454
50.361270414144997
58.814761738853917
56.999583898113656
105.59599132217681
100.35579069130415
102.98320010495979
103.8007903885001
102.1274325134533
46.271771933150035
49.779489693113192
88.656042612332158
53.239488261941688
57.384080187557629
96.944643199560574
198.68606275957586
388.1118489679061
206.88294039955395
394.94322459614534
98.776980837736119
103.35719297435276
141.78634416759712
246.7895810809548
425.28659220579993
222.69403569121221
218.04826078927647
220.29716064311879
220.97343597921054
219.45071253111109
411.55231167849433
408.12661871583555
409.78395662314324
410.26324045598551
409.10660347662042
216.48413026286573
220.48121616755827
253.80270093227375
344.82587204943525
499.28835162597613
406.8784635323276
409.84598991814289
434.94952542573037
503.72546039334861
620.50616824020449
220.53057440430132
215.60325836959805
217.72011912334131
218.37740424981791
216.93491972608183
409.88692634188033
406.26330202477175
407.82235569202066
408.2858538799685
407.18991583359104
214.15981184760801
218.53471257023864
252.48786019207034
344.34199369371834
499.625587787943
405.11064207343941
408.38001779575472
433.99948353328944
503.46319725661226
620.92037748151415
639.86016577148064
521.75865980428762
454.06546424875353
519.99608909529979
365.74562844563911
276.38963185286616
444.78766882521597
267.84571184327785
165.00543268925537
411.99730219885464
224.97855069742604
116.03918296982874
431.25177915185861
430.19447481986106
432.92171869815513
433.5763645013817
431.94805634242925
245.29045302356087
243.05267573389483
246.44360831796189
247.381424430724
245.45495472120865
428.83315539148691
431.18706463697981
457.79142832456262
531.64195111151764
656.6842047270693
241.55251678085369
244.1710126914528
276.53222265889281
367.27852644696134
521.85073253607288
128.62320171857857
125.50650751037392
129.14934908278849
130.22538408347452
128.1950058172888
77.136907344188103
73.364115800458876
76.88573420914588
77.966474983214539
75.991752623454772
123.95393089051367
126.84717809925314
162.95040424951526
264.84186321205163
439.42442783657066
71.822447928963356
75.138628109169986
113.21906278584845
220.60417698735898
404.90077747566795
657.12250402186487
545.796306717074
481.9400893697092
543.03746662702918
397.74675988444028
313.54654632615757
471.73437167999873
304.89180475687181
207.81907939448126
441.26261767121673
264.47686578208481
161.2647227785676
460.29527396503761
459.19801324396724
461.75534356926528
462.31960942327737
460.7152419878305
284.10193323451597
281.85690882802953
285.02864934922854
285.85795198193262
283.97670153126467
457.77683534679954
460.37388854839958
486.32489249901323
557.19726938322867
676.36135824990242
280.31540797877915
283.26600671416952
314.86870365189441
402.01138330562162
549.50681219839862
173.26931214195054
170.1327201755314
173.53721107707099
174.51199134644128
172.55734392319005
124.10219358824315
120.26460989189491
123.55130983007291
124.55354621614697
122.68518252887918
168.60528109058464
171.85375650851074
207.05665975263435
304.79125112463987
471.20024726686893
118.82805774012627
122.4496485001315
159.4079910013545
262.11484461762518
437.37532927795451
701.61549718383264
604.94665016577221
549.40110772404387
602.00317013360097
476.02792018225057
402.97181279849292
540.35270790609138
395.41487488684686
311.01035881972564
514.1789907504093
360.44244928020487
270.52685404196438
530.53587324087641
529.52735092363832
531.7448590743943
532.20807111521299
530.77151378235772
377.43259520690833
375.44375360262916
378.18523028853542
378.87385500074856
377.195606518771
528.228426088996
530.67764535714969
553.56833158847451
615.50186135454999
719.15374732648206
374.03993675617312
376.89028020623959
404.91770029926499
481.54533092946588
610.6277585238978
280.94568272139713
278.1410809117441
281.08251377145325
281.90966743588069
280.18461981348412
238.0753201759494
234.61586079284609
237.45068937700023
238.3150061533546
236.68579084638725
276.7941203923848
279.92998439937298
311.14572583580934
397.0685600730244
542.63581088764681
233.3956698552372
236.85267957293854
269.58125568495689
359.78613419954092
512.93138219591481
775.79688639753545
701.82340228845942
659.33245003563127
700.24631582563757
603.91142341665648
548.2440955129631
653.64577025242693
542.96058258735627
478.74083294929039
634.71395320322654
517.10567739464204
448.50882339517352
644.93443451912572
644.20834386039076
645.92012420365995
646.27496401730184
645.16869638507865
528.92693186837118
527.53991207729018
529.65299578814518
530.16789999196578
528.86767895767957
643.21517904580219
644.91445317599869
661.9399784242695
708.48392250515064
787.0372269497052
526.45078588776846
528.54363987384932
549.81678317757928
608.29237143721889
707.17119829036312
456.06757054549655
454.10400526948035
456.37100571094459
456.99057743059154
455.65749358513335
423.92673059984793
421.4333817194281
423.61832732102403
424.27645845688221
423.03214925106727
453.06910487616017
455.43560623138023
479.33193838684542
545.28752909694379
657.20469513038699
420.52928327013399
423.12753883588971
448.15676837563217
517.37718338404102
635.08280116409287
403.2418463270759
408.99563680290589
213.36039981257545
102.44190703346976
221.05253691023336
110.63127098685345
438.48631713892905
260.35925048601575
155.10959000184596
510.6135995004812
355.91237216959905
264.17044377508205
628.43979548443178
511.49108301943033
442.46546117288028
62.400720195128088
57.976002184905042
61.197761800318631
70.039259235150098
64.965173911223246
67.842392919603981
62.208545554750913
60.354431982101687
68.752777929134254
67.021627861949014
115.75083427323534
110.26025575864639
112.74004569387137
113.52528041096116
111.93300722284971
56.46809299890765
60.350585790981086
99.51343074397721
63.474589137390694
67.967267821574069
107.71202114870016
208.94851595206853
396.38518941671043
216.868452384482
402.69947382931821
108.7904924980877
113.71120190722331
152.3240076054791
256.58621009132003
432.97304046302713
229.56316635439498
224.41035492269646
226.39253312663175
227.0178906328897
225.64503034504844
416.58002338993481
412.78762732722635
414.24262485961287
414.67827540562018
413.6321687704052
223.05205907955246
227.71442731861794
261.78628731085735
352.9166938459266
506.26359044707556
411.68960603485152
415.17515125956299
440.88483143705912
509.80551215935657
625.80434667130089
433.33395064046408
439.34554493788141
253.61494461082486
148.30335849018718
261.37535110999102
156.44332744350936
467.98269936122847
299.1888214854265
199.09436606735073
536.44748920285474
389.88127449010983
302.65423740487938
647.83711238966669
537.03949939975723
471.41559208958859
109.92983383353862
105.42390428628016
108.41827736248354
117.48017672760795
112.32151123478286
114.97429842844383
109.36618869407062
107.63419198300596
115.82655165232018
114.21999127244169
161.28666287588203
155.71725618015944
157.97910034882568
158.7053158687371
157.22823398120113
104.06223115996147
108.19659411053294
146.07303432154902
110.97702251545491
115.66718008836779
153.9965591990657
250.5370871307731
428.52449919226376
257.99622532636045
434.19734987710115
154.36486183136981
159.41912879270603
196.54175479155992
295.68460230184508
462.68177465534802
269.43929306249879
264.23955472825605
266.02748728064626
266.59317701516443
265.31326217797948
446.5744315341633
442.74840782670481
444.0534496551287
444.43761382532648
443.45555550015149
262.95538701715122
267.71112912026001
300.44529293327719
387.07422134238288
532.21828763404073
441.68655661550349
445.24903306363512
469.97950307817371
535.54389303857113
645.40182217298229
508.18292906623731
513.6843761112043
351.51169167243086
259.43575949693627
358.50482947291459
266.7213800543027
538.66933989580855
391.51269246921697
303.98300586193534
598.23277582888318
470.43538529800253
394.14584429008858
694.86998453594629
598.14335250995032
540.6911985001193
225.73840946080998
221.62961780416015
224.2006067251109
232.48879433304569
227.7928086927808
230.05128961664161
225.02849542464503
223.53659262751387
230.79015097016531
229.40975125605041
270.80141795451073
265.76305301660727
267.66710868259065
268.2828933964114
267.00765557851321
220.50396332429023
224.35772420890783
257.73520352293463
226.66577644287679
230.99090783561508
264.71527734812253
349.20121072979521
504.34440514921494
355.69171646757707
509.1738614504153
264.58971516300335
269.22158520667415
301.87858113864979
388.61320560837942
534.07937893497012
365.00767856016091
360.32140279021655
361.80846461869851
362.27399076135544
361.16097124547343
518.87319133753374
515.41601472488401
516.49374754679411
516.79939518221147
515.93893064299755
359.17225673925691
363.51796050827147
392.32645374366507
468.13815937020127
594.57465741828901
514.44358774535976
517.70749518032062
539.49984336976593
596.91777258253239
692.71525826836773
630.62431320071948
634.88779187502269
510.70100113779006
440.37194802712861
515.99261687630553
445.82162751066187
653.44878960660651
540.66523177094496
473.75853526887192
698.14418016722084
600.11015630585439
541.78997968669773
771.35348496528491
696.91680133838702
652.84249962805325
414.78792910150355
411.77933336148647
413.7572479091948
419.80949433676267
416.35017568143689
418.08118469114561
414.39018848624085
413.2596387859935
418.64026309711642
417.59424777793163
448.57494715385394
444.87198049969368
446.32554871237369
446.77760873390105
445.80252974980033
410.95852943260093
413.85424153617862
439.38615568444493
415.51266312849862
418.77062585161627
444.60099361977893
509.61670316577988
628.93974346762195
514.54035409539802
632.71506816014346
443.96577248061055
447.49201910248246
472.62201174887582
539.51491632040188
651.80282396027178
519.69822520968899
516.26473377991942
517.39594321148627
517.72236518918089
516.86099633752792
636.25026321994198
633.7079333680839
634.52136394075524
634.72493404124521
634.05263482719135
515.34883347675895
518.70469682652515
541.01344684458604
599.74149085375882
697.73963935702454
632.91570836231006
635.46960164959876
652.45094209859178
697.17296476402555
771.85545887216995
0
0
0
0
0
0
0
0
0
0
0
0
0
0
0
0
0
0
0
0
0
0
0
0
0
0
0
0
0
0
0
0
0
0
0
0
0
0
0
0
0
0
0
0
0
0
0
0
0
0
0
0
0
0
0
0
0
0
0
0
0
0
0
0
0
0
0
0
0
0
0
0
0
0
0
0
0
0
0
0
0
0
0
0
0
0
0
0
0
0
0
0
0
0
0
0
0
0
0
0
0
0
0
0
0
0
0
0
0
0
0
0
0
0
0
0
0
0
0
0
0
0
0
0
0
0
0
0
0
0
0
0
0
0
0
0
0
0
0
0
0
0
0
0
0
0
0
0
0
0
0
0
0
0
0
0
0
0
0
0
0
0
0
0
0
0
0
0
0
0
0
0
0
0
0
0
0
0
0
0
0
0
0
0
0
0
0
0
0
0
0
0
0
0
0
0
0
0
0
0
0
0
0
0
0
0
0
0
0
0
0
0
0
0
0
0
0
0
0
0
0
0
0
0
0
0
0
0
0
0
0
0
0
0
0
0
0
0
0
0
0
0
0
0
0
0
0
0
0
0
0
0
0
0
0
0
0
0
0
0
0
0
0
0
0
0
0
0
0
0
0
0
0
0
0
0
0
0
0
0
0
0
0
0
0
0
0
0
0
0
0
0
0
0
0
0
0
0
0
0
0
0
0
0
0
0
0
0
0
0
0
0
0
0
0
0
0
0
0
0
0
0
0
0
0
0
0
0
0
0
0
0
0
0
0
0
0
0
0
0
0
0
0
0
0
0
0
0
0
0
0
0
0
0
0
0
0
0
0
0
0
0
0
0
0
0
0
0
0
0
0
0
0
0
0
0
0
0
0
0
0
0
0
0
0
0
0
0
0
0
0
0
0
0
0
0
0
0
0
0
0
0
0
0
0
0
0
0
0
0
0
0
0
0
0
0
0
0
0
0
0
0
0
0
0
0
0
0
0
0
0
0
0
0
0
0
0
0
0
0
0
0
0
0
0
0
0
0
0
0
0
0
0
0
0
0
0
0
0
0
0
0
0
0
0
0
0
0
0
0
0
0
0
0
0
0
0
0
0
0
0
0
0
0
0
0
0
0
0
0
0
0
0
0
0
0
0
0
0
0
0
0
0
0
0
0
0
0
0
0
0
0
0
0
0
0
0
0
0
0
0
0
0
0
0
0
0
0
0
0
0
0
0
0
0
0
0
0
0
0
0
0
0
0
0
0
0
0
0
0
0
0
0
0
0
0
0
0
0
0
0
0
0
0
0
0
0
0
0
0
0
0
0
0
0
0
0
0
0
0
0
0
0
0
0
0
0
0
0
0
0
0
0
0
0
0
0
0
0
0
0
0
0
0
0
0
0
0
0
0
0
0
0
0
0
0
0
0
0
0
0
0
0
0
0
0
0
0
0
0
0
0
0
0
0
0
0
0
0
0
0
0
0
0
0
0
0
0
0
0
0
0
0
0
0
0
0
0
0
0
0
0
0
0
0
0
0
0
0
0
0
0
0
0
0
0
0
0
0
0
0
0
0
0
0
0
0
0
0
0
0
0
0
0
0
0
0
0
0
0
0
0
0
0
0
0
0
0
0
0
0
0
0
0
0
0
0
0
0
0
0
0
0
0
0
0
0
0
0
0
0
0
0
0
0
0
0
0
0
0
0
0
0
0
0
0
0
0
0
0
0
0
0
0
0
0
0
0
0
0
0
0
0
0
0
0
0
0
0
0
0
0
0
0
0
0
0
0
0
0
0
0
0
0
0
0
0
0
0
0
0
0
0
0
0
0
0
0
0
0
0
0
0
0
0
0
0
0
0
0
0
0
0
0
0
0
0
0
0
0
0
0
0
0
0
0
0
0
0
0
0
0
0
0
0
0
0
0
0
0
0
0
0
0
0
0
0
0
0
0
0
0
0
0
0
0
0
0
0
0
0
0
0
0
0
0
0
0
0
0
0
0
0
0
0
0
0
0
0
0
0
0
0
0
0
0
0
0
0
0
0
0
0
0
0
0
0
0
0
0
0
0
0
0
0
0
0
0
0
0
0
0
0
0
0
0
0
0
0
0
0
0
0
0
0
0
0
0
0
0
0
0
0
0
0
0
0
0
0
0
0
0
0
0
0
0
0
0
0
0
0
0
0
0
0
0
0
0
0
0
0
0
0
0
0
0
0
0
0
0
0
0
0
0
0
0
0
0
0
0
0
0
0
0
0
0
0
0
0
0
0
0
0
0
0
0
0
0
0
0
0
0
0
0
0
0
0
0
0
0
0
0
0
0
0
0
0
0
0
0
0
0
0
0
0
0
0
0
0
0
0
0
0
0
0
0
0
0
0
0
0
0
0
0
0
0
0
0
0
0
0
0
0
0
0
0
0
0
0
0
0
0
0
0
0
0
0
0
0
0
0
0
0
0
0
0
0
0
0
0
0
0
0
0
0
0
0
0
0
0
0
0
0
0
0
0
0
0
0
0
0
0
0
0
0
0
0
0
0
0
0
0
0
0
0
0
0
0
0
0
0
0
0
0
0
0
0
0
0
0
0
0
0
0
0
0
0
0
0
0
0
0
0
0
0
0
0
0
0
0
0
0
0
0
0
0
0
0
0
0
0
0
0
0
0
0
0
0
0
0
0
0
0
0
0
0
0
0
0
0
0
0
0
0
0
0
0
0
0
0
0
0
0
0
0
0
0
0
0
0
0
0
0
0
0
0
0
0
0
0
0
0
0
0
0
0
0
0
0
0
0
0
0
0
0
0
0
0
0
0
0
0
0
0
0
0
0
0
0
0
0
0
0
0
0
0
0
0
0
0
0
0
0
0
0
0
0
0
0
0
0
0
0
0
0
0
0
0
0
0
0
0
0
0
0
0
0
0
0
0
0
0
0
0
0
0
0
0
0
0
0
0
0
0
0
0
0
0
0
0
0
0
0
0
0
0
0
0
0
0
0
0
0
0
0
0
0
0
0
0
0
0
0
0
0
0
0
0
0
0
0
0
0
0
0
0
0
0
0
0
0
0
0
0
0
0
0
0
0
0
0
0
0
0
0
0
0
0
0
0
0
0
0
0
0
0
0
0
0
0
0
0
0
0
0
0
0
0
0
0
0
0
0
0
0
0
0
0
0
0
0
0
0
0
0
0
0
0
0
0
0
0
0
0
0
0
0
0
0
0
0
0
0
0
0
0
0
0
0
0
0
0
0
0
0
0
0
0
0
0
0
0
0
0
0
0
0
0
0
0
0
0
0
0
0
0
0
0
0
0
0
0
0
0
0
0
0
0
0
0
0
0
0
0
0
0
0
0
0
0
0
0
0
0
0
0
0
0
0
0
0
0
0
0
0
0
0
0
0
0
0
0
0
0
0
0
0
0
0
0
0
0
0
0
0
0
0
0
0
0
0
0
0
0
0
0
0
0
0
0
0
0
0
0
0
0
0
0
0
0
0
0
0
0
0
0
0
0
0
0
0
0
0
0
0
0
0
0
0
0
0
0
0
0
0
0
0
0
0
0
0
0
0
0
0
0
0
0
0
0
0
0
0
0
0
0
0
0
0
0
0
0
0
0
0
0
0
0
0
0
0
0
0
0
0
0
0
0
0
0
0
0
0
0
0
0
0
0
0
0
0
0
0
0
0
0
0
0
0
0
0
0
0
0
0
0
0
0
0
0
0
0
0
0
0
0
0
0
0
0
0
0
0
0
0
0
0
0
0
0
0
0
0
0
0
0
0
0
0
0
0
0
0
0
0
0
0
0
0
0
0
0
0
0
0
0
0
0
0
0
0
0
0
0
0
0
0
0
0
0
0
0
0
0
0
0
0
0
0
0
0
0
0
0
0
0
0
0
0
0
0
0
0
0
0
0
0
0
0
0
0
0
0
0
0
0
0
0
0
0
0
0
0
0
0
0
0
0
0
0
0
0
0
0
0
0
0
0
0
0
0
0
0
0
0
0
0
0
0
0
0
0
0
0
0
0
0
0
0
0
0
0
0
0
0
0
0
0
0
0
0
0
0
0
0
0
0
0
0
0
0
0
0
0
0
0
0
0
0
0
0
0
0
0
0
0
0
0
0
0
0
0
0
0
0
0
0
0
0
0
0
0
0
0
0
0
0
0
0
0
0
0
0
0
0
0
0
0
0
0
0
0
0
0
0
0
0
0
0
0
0
0
0
0
0
0
0
0
0
0
0
0
0
0
0
0
0
0
0
0
0
0
0
0
0
0
0
0
0
0
0
0
0
0
0
0
0
0
0
0
0
0
0
0
0
0
0
0
0
0
0
0
0
0
0
0
0
0
0
0
0
0
0
0
0
0
0
0
0
0
0
0
0
0
0
0
0
0
0
0
0
0
0
0
0
0
0
0
0
0
0
0
0
0
0
0
0
0
0
0
0
0
0
0
0
0
0
0
0
0
0
0
0
0
0
0
0
0
0
0
0
0
0
0
0
0
0
0
0
0
0
0
0
0
0
0
0
0
0
0
0
0
0
0
0
0
0
0
0
0
0
0
0
0
0
0
0
0
0
0
0
0
0
0
0
0
0
0
0
0
0
0
0
0
0
0
0
0
0
0
0
0
0
0
0
0
0
0
0
0
0
0
0
0
0
0
0
0
0
0
0
0
0
0
0
0
0
0
0
0
0
0
0
0
0
0
0
0
0
0
0
0
0
0
0
0
0
0
0
0
0
0
0
0
0
0
0
0
0
0
0
0
0
0
0
0
0
0
0
0
0
0
0
0
0
0
0
0
0
0
0
0
0
0
0
0
0
0
0
0
0
0
0
0
0
0
0
0
0
0
0
0
0
0
0
0
0
0
0
0
0
0
0
0
0
0
0
0
0
0
0
0
0
0
0
0
0
0
0
0
0
0
0
0
0
0
0
0
0
0
0
0
0
0
0
0
0
0
0
0
0
0
0
0
0
0
0
0
0
0
0
0
0
0
0
0
0
0
0
0
0
0
0
0
0
0
0
0
0
0
0
0
0
0
0
0
0
0
0
0
0
0
0
0
0
0
0
0
0
0
0
0
0
0
0
0
0
0
0
0
0
0
0
0
0
0
0
0
0
0
0
0
0
0
0
0
0
0
0
0
0
0
0
0
0
0
0
0
0
0
0
0
0
0
0
0
0
0
0
0
0
0
0
0
0
0
0
0
0
0
0
0
0
0
0
0
0
0
0
0
0
0
0
0
0
0
0
0
0
0
0
0
0
0
0
0
0
0
0
0
0
0
0
0
0
0
0
0
0
0
0
0
0
0
0
0
0
0
0
0
0
0
0
0
0
0
0
0
0
0
0
0
0
0
0
0
0
0
0
0
0
0
0
0
0
0
0
0
0
0
0
0
0
0
0
0
0
0
0
0
0
0
0
0
0
0
0
0
0
0
0
0
0
0
0
0
0
0
0
0
0
0
0
0
0
0
0
0
0
0
0
0
0
0
0
0
0
0
0
0
0
0
0
0
0
0
0
0
0
0
0
0
0
0
0
0
0
0
0
0
0
0
0
0
0
0
0
0
0
0
0
0
0
0
0
0
0
0
0
0
0
0
0
0
0
0
0
0
0
0
0
0
0
0
0
0
0
0
0
0
0
0
0
0
0
0
0
0
0
0
0
0
0
0
0
0
0
0
0
0
0
0
0
0
0
0
0
0
0
0
0
0
0
0
0
0
0
0
0
0
0
0
0
0
0
0
0
0
0
0
0
0
0
0
0
0
0
0
0
0
0
0
0
0
0
0
0
0
0
0
0
0
0
0
0
0
0
0
0
0
0
0
0
0
0
0
0
0
0
0
0
0
0
0
0
0
0
0
0
0
0
0
0
0
0
0
0
0
0
0
0
0
0
0
0
0
0
0
0
0
0
0
0
0
0
0
0
0
0
0
0
0
0
0
0
0
0
0
0
0
0
0
0
0
0
0
0
0
0
0
0
0
0
0
0
0
0
0
0
0
0
0
0
0
0
0
0
0
0
0
0
0
0
0
0
0
0
0
0
0
0
0
0
0
0
0
0
0
0
0
0
0
0
0
0
0
0
0
0
0
0
0
0
0
0
0
0
0
0
0
0
0
0
0
0
0
0
0
0
0
0
0
0
0
0
0
0
0
0
0
0
0
0
0
0
0
0
0
0
0
0
0
0
0
0
0
0
0
0
0
0
0
0
0
0
0
0
0
0
0
0
0
0
0
0
0
0
0
0
0
0
0
0
0
0
0
0
0
0
0
0
0
0
0
0
0
0
0
0
0
0
0
0
0
0
0
0
0
0
0
0
0
0
0
0
0
0
0
0
0
0
0
0
0
0
0
0
0
0
0
0
0
0
0
0
0
0
0
0
0
0
0
0
0
0
0
0
0
0
0
0
0
0
0
0
0
0
0
0
0
0
0
0
0
0
0
0
0
0
0
0
0
0
0
0
0
0
0
0
0
0
0
0
0
0
0
0
0
0
0
0
0
0
0
0
0
0
0
0
0
0
0
0
0
0
0
0
0
0
0
0
0
0
0
0
0
0
0
0
0
0
0
0
0
0
0
0
0
0
0
0
0
0
0
0
0
0
0
0
0
0
0
0
0
0
0
0
0
0
0
0
0
0
0
0
0
0
0
0
0
0
0
0
0
0
0
0
0
0
0
0
0
0
0
0
0
0
0
0
0
0
0
0
0
0
0
0
0
0
0
0
0
0
0
0
0
0
0
0
0
0
0
0
0
0
0
0
0
0
0
0
0
0
0
0
0
0
0
0
0
0
0
0
0
0
0
0
0
0
0
0
0
0
0
0
0
0
0
0
0
0
0
0
0
0
0
0
0
0
0
0
0
0
0
0
0
0
0
0
0
0
0
0
0
0
0
0
0
0
0
0
0
0
0
0
0
0
0
0
0
0
0
0
0
0
0
0
0
0
0
0
0
0
0
0
0
0
0
0
0
0
0
0
0
0
0
0
0
0
0
0
0
0
0
0
0
0
0
0
0
0
0
0
0
0
0
0
0
0
0
0
0
0
0
0
0
0
0
0
0
0
0
0
0
0
0
0
0
0
0
0
0
0
0
0
0
0
0
0
0
0
0
0
0
0
0
0
0
0
0
0
0
0
0
0
0
0
0
0
0
0
0
0
0
0
0
0
0
0
0
0
0
0
0
0
0
0
0
0
0
0
0
0
0
0
0
0
0
0
0
0
0
0
0
0
0
0
0
0
0
0
0
0
0
0
0
0
0
0
0
0
0
0
0
0
0
0
0
0
0
0
0
0
0
0
0
0
0
0
0
0
0
0
0
0
0
0
0
0
0
0
0
0
0
0
0
0
0
0
0
0
0
0
0
0
0
0
0
0
0
0
0
0
0
0
0
0
0
0
0
0
0
0
0
0
0
0
0
0
0
0
0
0
0
0
0
0
0
0
0
0
0
0
0
0
0
0
0
0
0
0
0
0
0
0
0
0
0
0
0
0
0
0
0
0
0
SCALARS neighbor_count float 1
LOOKUP_TABLE default
148
181
208
179
218
254
209
253
296
236
285
333
237
257
266
267
265
287
313
322
325
324
258
236
208
177
142
310
284
251
214
175
335
364
378
377
380
377
410
423
423
421
360
329
290
247
203
404
370
326
278
225
245
240
296
345
290
336
213
259
299
182
221
257
150
183
213
390
425
438
378
412
424
438
437
422
424
337
368
380
379
380
418
381
336
403
368
327
287
233
279
227
360
330
292
249
204
291
317
327
327
327
242
261
271
269
271
312
285
251
214
175
261
237
209
178
144
179
218
254
217
262
304
254
306
356
288
344
401
286
312
324
324
320
345
376
390
391
392
309
283
249
213
173
374
341
302
259
214
401
438
457
455
457
452
494
511
511
512
439
398
352
303
251
492
450
397
341
282
208
253
296
253
305
355
296
355
414
335
400
464
334
364
376
377
377
401
439
456
454
458
360
329
290
247
201
439
399
353
302
251
467
509
532
529
531
524
572
595
594
594
508
465
412
356
295
571
522
464
400
333
234
284
332
287
345
399
333
399
465
377
449
521
376
410
421
422
423
452
493
511
510
512
404
370
326
279
226
491
451
398
342
283
524
572
596
597
596
588
642
669
666
669
571
523
465
400
334
641
591
524
454
382
257
310
363
312
377
437
259
315
364
314
380
438
363
437
507
411
492
571
365
439
508
411
495
570
410
445
457
458
458
493
536
555
551
553
438
402
356
304
247
535
492
435
375
311
410
447
459
457
457
491
537
557
554
555
436
402
355
303
247
533
490
436
374
309
571
621
647
645
645
642
697
725
722
722
620
571
509
439
368
700
647
577
497
419
573
622
648
645
645
643
699
726
725
725
621
571
508
439
367
701
645
576
497
418
297
289
358
413
349
403
258
311
359
222
268
309
184
222
257
465
509
529
452
493
514
527
531
510
512
404
439
461
458
457
509
465
410
488
449
399
354
294
344
285
435
401
356
306
255
348
378
396
394
393
290
314
327
326
327
375
345
308
265
221
311
290
257
222
185
345
337
413
477
403
466
301
359
415
259
310
358
214
258
299
538
588
613
523
569
597
615
614
597
597
468
510
535
534
533
589
540
478
572
523
466
413
346
405
338
512
469
417
361
302
405
440
462
461
463
337
366
384
383
383
440
404
359
312
261
367
339
301
261
218
389
379
466
536
455
522
338
405
466
291
350
403
242
292
336
606
661
688
588
642
668
689
691
668
673
525
573
599
600
601
666
613
544
645
593
530
470
396
458
386
575
529
472
410
344
454
494
517
516
517
378
411
428
427
428
495
456
406
355
297
411
380
340
294
247
425
414
512
589
497
571
369
442
509
427
415
511
588
498
572
369
442
509
318
381
442
264
318
368
318
383
441
264
319
368
662
722
747
644
699
725
747
750
725
727
575
622
649
649
650
723
673
597
702
648
580
519
438
500
424
625
577
517
448
378
663
724
748
644
702
729
749
752
728
729
573
624
652
651
650
725
668
596
701
645
581
519
437
501
422
625
576
517
445
377
496
538
559
560
560
413
447
463
463
464
538
496
446
387
324
447
415
371
322
269
493
537
561
560
560
414
447
464
464
466
539
498
446
384
326
448
415
372
320
271
240
290
336
289
349
403
336
403
467
379
454
524
379
413
424
423
420
454
494
513
510
511
404
369
325
278
226
490
449
399
343
283
525
574
599
596
595
590
646
670
668
669
570
523
465
403
337
645
592
527
456
383
214
258
300
259
311
360
302
360
417
338
405
468
337
365
380
378
377
405
441
457
456
461
359
329
290
246
200
439
399
354
304
252
469
510
535
532
533
527
574
597
596
598
508
467
414
357
298
572
527
470
406
338
184
223
259
223
268
310
260
311
361
291
350
404
292
315
327
325
323
349
380
395
395
397
309
283
248
211
171
374
340
302
259
214
406
441
459
459
461
456
496
515
514
514
438
402
357
306
254
493
453
403
350
291
152
185
215
185
223
258
215
259
300
242
290
336
241
261
271
268
266
290
315
328
327
328
256
235
207
176
141
310
283
251
215
176
337
366
380
380
382
380
411
425
425
428
366
336
297
255
210
410
377
336
289
240
392
382
468
541
457
526
340
407
469
293
352
406
244
294
341
609
664
690
592
645
673
689
691
671
674
526
573
601
600
600
664
611
545
643
592
532
474
399
460
389
574
530
474
410
347
455
495
518
520
520
382
412
430
433
432
497
457
409
353
301
414
384
342
295
249
348
340
417
481
406
469
303
362
418
261
313
361
217
261
303
540
590
615
528
573
600
615
616
601
602
471
512
539
538
537
591
545
484
574
529
472
421
353
410
344
512
471
422
366
307
407
441
464
464
465
340
368
384
385
385
442
408
364
314
264
368
340
304
262
221
300
292
360
416
349
404
261
312
360
225
270
311
187
225
261
467
510
531
457
494
518
529
529
518
519
406
443
463
463
463
509
472
418
496
457
407
362
304
354
296
442
406
364
314
264
351
382
400
400
402
293
317
331
332
332
382
351
314
271
227
318
293
261
226
189
249
242
299
345
291
337
215
259
300
186
224
259
154
187
216
390
423
442
380
411
430
440
442
431
431
339
369
385
385
384
425
393
349
412
382
340
302
251
293
246
367
338
303
261
217
293
318
332
331
331
243
263
274
273
275
317
292
260
225
187
262
243
215
187
154
0
0
0
0
0
0
0
0
0
0
0
0
0
0
0
0
0
0
0
0
0
0
0
0
0
0
0
0
0
0
0
0
0
0
0
0
0
0
0
0
0
0
0
0
0
0
0
0
0
0
0
0
0
0
0
0
0
0
0
0
0
0
0
0
0
0
0
0
0
0
0
0
0
0
0
0
0
0
0
0
0
0
0
0
0
0
0
0
0
0
0
0
0
0
0
0
0
0
0
0
0
0
0
0
0
0
0
0
0
0
0
0
0
0
0
0
0
0
0
0
0
0
0
0
0
0
0
0
0
0
0
0
0
0
0
0
0
0
0
0
0
0
0
0
0
0
0
0
0
0
0
0
0
0
0
0
0
0
0
0
0
0
0
0
0
0
0
0
0
0
0
0
0
0
0
0
0
0
0
0
0
0
0
0
0
0
0
0
0
0
0
0
0
0
0
0
0
0
0
0
0
0
0
0
0
0
0
0
0
0
0
0
0
0
0
0
0
0
0
0
0
0
0
0
0
0
0
0
0
0
0
0
0
0
0
0
0
0
0
0
0
0
0
0
0
0
0
0
0
0
0
0
0
0
0
0
0
0
0
0
0
0
0
0
0
0
0
0
0
0
0
0
0
0
0
0
0
0
0
0
0
0
0
0
0
0
0
0
0
0
0
0
0
0
0
0
0
0
0
0
0
0
0
0
0
0
0
0
0
0
0
0
0
0
0
0
0
0
0
0
0
0
0
0
0
0
0
0
0
0
0
0
0
0
0
0
0
0
0
0
0
0
0
0
0
0
0
0
0
0
0
0
0
0
0
0
0
0
0
0
0
0
0
0
0
0
0
0
0
0
0
0
0
0
0
0
0
0
0
0
0
0
0
0
0
0
0
0
0
0
0
0
0
0
0
0
0
0
0
0
0
0
0
0
0
0
0
0
0
0
0
0
0
0
0
0
0
0
0
0
0
0
0
0
0
0
0
0
0
0
0
0
0
0
0
0
0
0
0
0
0
0
0
0
0
0
0
0
0
0
0
0
0
0
0
0
0
0
0
0
0
0
0
0
0
0
0
0
0
0
0
0
0
0
0
0
0
0
0
0
0
0
0
0
0
0
0
0
0
0
0
0
0
0
0
0
0
0
0
0
0
0
0
0
0
0
0
0
0
0
0
0
0
0
0
0
0
0
0
0
0
0
0
0
0
0
0
0
0
0
0
0
0
0
0
0
0
0
0
0
0
0
0
0
0
0
0
0
0
0
0
0
0
0
0
0
0
0
0
0
0
0
0
0
0
0
0
0
0
0
0
0
0
0
0
0
0
0
0
0
0
0
0
0
0
0
0
0
0
0
0
0
0
0
0
0
0
0
0
0
0
0
0
0
0
0
0
0
0
0
0
0
0
0
0
0
0
0
0
0
0
0
0
0
0
0
0
0
0
0
0
0
0
0
0
0
0
0
0
0
0
0
0
0
0
0
0
0
0
0
0
0
0
0
0
0
0
0
0
0
0
0
0
0
0
0
0
0
0
0
0
0
0
0
0
0
0
0
0
0
0
0
0
0
0
0
0
0
0
0
0
0
0
0
0
0
0
0
0
0
0
0
0
0
0
0
0
0
0
0
0
0
0
0
0
0
0
0
0
0
0
0
0
0
0
0
0
0
0
0
0
0
0
0
0
0
0
0
0
0
0
0
0
0
0
0
0
0
0
0
0
0
0
0
0
0
0
0
0
0
0
0
0
0
0
0
0
0
0
0
0
0
0
0
0
0
0
0
0
0
0
0
0
0
0
0
0
0
0
0
0
0
0
0
0
0
0
0
0
0
0
0
0
0
0
0
0
0
0
0
0
0
0
0
0
0
0
0
0
0
0
0
0
0
0
0
0
0
0
0
0
0
0
0
0
0
0
0
0
0
0
0
0
0
0
0
0
0
0
0
0
0
0
0
0
0
0
0
0
0
0
0
0
0
0
0
0
0
0
0
0
0
0
0
0
0
0
0
0
0
0
0
0
0
0
0
0
0
0
0
0
0
0
0
0
0
0
0
0
0
0
0
0
0
0
0
0
0
0
0
0
0
0
0
0
0
0
0
0
0
0
0
0
0
0
0
0
0
0
0
0
0
0
0
0
0
0
0
0
0
0
0
0
0
0
0
0
0
0
0
0
0
0
0
0
0
0
0
0
0
0
0
0
0
0
0
0
0
0
0
0
0
0
0
0
0
0
0
0
0
0
0
0
0
0
0
0
0
0
0
0
0
0
0
0
0
0
0
0
0
0
0
0
0
0
0
0
0
0
0
0
0
0
0
0
0
0
0
0
0
0
0
0
0
0
0
0
0
0
0
0
0
0
0
0
0
0
0
0
0
0
0
0
0
0
0
0
0
0
0
0
0
0
0
0
0
0
0
0
0
0
0
0
0
0
0
0
0
0
0
0
0
0
0
0
0
0
0
0
0
0
0
0
0
0
0
0
0
0
0
0
0
0
0
0
0
0
0
0
0
0
0
0
0
0
0
0
0
0
0
0
0
0
0
0
0
0
0
0
0
0
0
0
0
0
0
0
0
0
0
0
0
0
0
0
0
0
0
0
0
0
0
0
0
0
0
0
0
0
0
0
0
0
0
0
0
0
0
0
0
0
0
0
0
0
0
0
0
0
0
0
0
0
0
0
0
0
0
0
0
0
0
0
0
0
0
0
0
0
0
0
0
0
0
0
0
0
0
0
0
0
0
0
0
0
0
0
0
0
0
0
0
0
0
0
0
0
0
0
0
0
0
0
0
0
0
0
0
0
0
0
0
0
0
0
0
0
0
0
0
0
0
0
0
0
0
0
0
0
0
0
0
0
0
0
0
0
0
0
0
0
0
0
0
0
0
0
0
0
0
0
0
0
0
0
0
0
0
0
0
0
0
0
0
0
0
0
0
0
0
0
0
0
0
0
0
0
0
0
0
0
0
0
0
0
0
0
0
0
0
0
0
0
0
0
0
0
0
0
0
0
0
0
0
0
0
0
0
0
0
0
0
0
0
0
0
0
0
0
0
0
0
0
0
0
0
0
0
0
0
0
0
0
0
0
0
0
0
0
0
0
0
0
0
0
0
0
0
0
0
0
0
0
0
0
0
0
0
0
0
0
0
0
0
0
0
0
0
0
0
0
0
0
0
0
0
0
0
0
0
0
0
0
0
0
0
0
0
0
0
0
0
0
0
0
0
0
0
0
0
0
0
0
0
0
0
0
0
0
0
0
0
0
0
0
0
0
0
0
0
0
0
0
0
0
0
0
0
0
0
0
0
0
0
0
0
0
0
0
0
0
0
0
0
0
0
0
0
0
0
0
0
0
0
0
0
0
0
0
0
0
0
0
0
0
0
0
0
0
0
0
0
0
0
0
0
0
0
0
0
0
0
0
0
0
0
0
0
0
0
0
0
0
0
0
0
0
0
0
0
0
0
0
0
0
0
0
0
0
0
0
0
0
0
0
0
0
0
0
0
0
0
0
0
0
0
0
0
0
0
0
0
0
0
0
0
0
0
0
0
0
0
0
0
0
0
0
0
0
0
0
0
0
0
0
0
0
0
0
0
0
0
0
0
0
0
0
0
0
0
0
0
0
0
0
0
0
0
0
0
0
0
0
0
0
0
0
0
0
0
0
0
0
0
0
0
0
0
0
0
0
0
0
0
0
0
0
0
0
0
0
0
0
0
0
0
0
0
0
0
0
0
0
0
0
0
0
0
0
0
0
0
0
0
0
0
0
0
0
0
0
0
0
0
0
0
0
0
0
0
0
0
0
0
0
0
0
0
0
0
0
0
0
0
0
0
0
0
0
0
0
0
0
0
0
0
0
0
0
0
0
0
0
0
0
0
0
0
0
0
0
0
0
0
0
0
0
0
0
0
0
0
0
0
0
0
0
0
0
0
0
0
0
0
0
0
0
0
0
0
0
0
0
0
0
0
0
0
0
0
0
0
0
0
0
0
0
0
0
0
0
0
0
0
0
0
0
0
0
0
0
0
0
0
0
0
0
0
0
0
0
0
0
0
0
0
0
0
0
0
0
0
0
0
0
0
0
0
0
0
0
0
0
0
0
0
0
0
0
0
0
0
0
0
0
0
0
0
0
0
0
0
0
0
0
0
0
0
0
0
0
0
0
0
0
0
0
0
0
0
0
0
0
0
0
0
0
0
0
0
0
0
0
0
0
0
0
0
0
0
0
0
0
0
0
0
0
0
0
0
0
0
0
0
0
0
0
0
0
0
0
0
0
0
0
0
0
0
0
0
0
0
0
0
0
0
0
0
0
0
0
0
0
0
0
0
0
0
0
0
0
0
0
0
0
0
0
0
0
0
0
0
0
0
0
0
0
0
0
0
0
0
0
0
0
0
0
0
0
0
0
0
0
0
0
0
0
0
0
0
0
0
0
0
0
0
0
0
0
0
0
0
0
0
0
0
0
0
0
0
0
0
0
0
0
0
0
0
0
0
0
0
0
0
0
0
0
0
0
0
0
0
0
0
0
0
0
0
0
0
0
0
0
0
0
0
0
0
0
0
0
0
0
0
0
0
0
0
0
0
0
0
0
0
0
0
0
0
0
0
0
0
0
0
0
0
0
0
0
0
0
0
0
0
0
0
0
0
0
0
0
0
0
0
0
0
0
0
0
0
0
0
0
0
0
0
0
0
0
0
0
0
0
0
0
0
0
0
0
0
0
0
0
0
0
0
0
0
0
0
0
0
0
0
0
0
0
0
0
0
0
0
0
0
0
0
0
0
0
0
0
0
0
0
0
0
0
0
0
0
0
0
0
0
0
0
0
0
0
0
0
0
0
0
0
0
0
0
0
0
0
0
0
0
0
0
0
0
0
0
0
0
0
0
0
0
0
0
0
0
0
0
0
0
0
0
0
0
0
0
0
0
0
0
0
0
0
0
0
0
0
0
0
0
0
0
0
0
0
0
0
0
0
0
0
0
0
0
0
0
0
0
0
0
0
0
0
0
0
0
0
0
0
0
0
0
0
0
0
0
0
0
0
0
0
0
0
0
0
0
0
0
0
0
0
0
0
0
0
0
0
0
0
0
0
0
0
0
0
0
0
0
0
0
0
0
0
0
0
0
0
0
0
0
0
0
0
0
0
0
0
0
0
0
0
0
0
0
0
0
0
0
0
0
0
0
0
0
0
0
0
0
0
0
0
0
0
0
0
0
0
0
0
0
0
0
0
0
0
0
0
0
0
0
0
0
0
0
0
0
0
0
0
0
0
0
0
0
0
0
0
0
0
0
0
0
0
0
0
0
0
0
0
0
0
0
0
0
0
0
0
0
0
0
0
0
0
0
0
0
0
0
0
0
0
0
0
0
0
0
0
0
0
0
0
0
0
0
0
0
0
0
0
0
0
0
0
0
0
0
0
0
0
0
0
0
0
0
0
0
0
0
0
0
0
0
0
0
0
0
0
0
0
0
0
0
0
0
0
0
0
0
0
0
0
0
0
0
0
0
0
0
0
0
0
0
0
0
0
0
0
0
0
0
0
0
0
0
0
0
0
0
0
0
0
0
0
0
0
0
0
0
0
0
0
0
0
0
0
0
0
0
0
0
0
0
0
0
0
0
0
0
0
0
0
0
0
0
0
0
0
0
0
0
0
0
0
0
0
0
0
0
0
0
0
0
0
0
0
0
0
0
0
0
0
0
0
0
0
0
0
0
0
0
0
0
0
0
0
0
0
0
0
0
0
0
0
0
0
0
0
0
0
0
0
0
0
0
0
0
0
0
0
0
0
0
0
0
0
0
0
0
0
0
0
0
0
0
0
0
0
0
0
0
0
0
0
0
0
0
0
0
0
0
0
0
0
0
0
0
0
0
0
0
0
0
0
0
0
0
0
0
0
0
0
0
0
0
0
0
0
0
0
0
0
0
0
0
0
0
0
0
0
0
0
0
0
0
0
0
0
0
0
0
0
0
0
0
0
0
0
0
0
0
0
0
0
0
0
0
0
0
0
0
0
0
0
0
0
0
0
0
0
0
0
0
0
0
0
0
0
0
0
0
0
0
0
0
0
0
0
0
0
0
0
0
0
0
0
0
0
0
0
0
0
0
0
0
0
0
0
0
0
0
0
0
0
0
0
0
0
0
0
0
0
0
0
0
0
0
0
0
0
0
0
0
0
0
0
0
0
0
0
0
0
0
0
0
0
0
0
0
0
0
0
0
0
0
0
0
0
0
0
0
0
0
0
0
0
0
0
0
0
0
0
0
0
0
0
0
0
0
0
0
0
0
0
0
0
0
0
0
0
0
0
0
0
0
0
0
0
0
0
0
0
0
0
0
0
0
0
0
0
0
0
0
0
0
0
0
0
0
0
0
0
0
0
0
0
0
0
0
0
0
0
0
0
0
0
0
0
0
0
0
0
0
0
0
0
0
0
0
0
0
0
0
0
0
0
0
0
0
0
0
0
0
0
0
0
0
0
0
0
0
0
0
0
0
0
0
0
0
0
0
0
0
0
0
0
0
0
0
0
0
0
0
0
0
0
0
0
0
0
0
0
0
0
0
0
0
0
0
0
0
0
0
0
0
0
0
0
0
0
0
0
0
0
0
0
0
0
0
0
0
0
0
0
0
0
0
0
0
0
0
0
0
0
0
0
0
0
0
0
0
0
0
0
0
0
0
0
0
0
0
0
0
0
0
0
0
0
0
0
0
0
0
0
0
0
0
0
0
0
0
0
0
0
0
0
0
0
0
0
0
0
0
0
0
0
0
0
0
0
0
0
0
0
0
0
0
0
0
0
0
0
0
0
0
0
0
0
0
0
0
0
0
0
0
0
0
0
0
0
0
0
0
0
0
0
0
0
0
0
0
0
0
0
0
0
0
0
0
0
0
0
0
0
0
0
0
0
0
0
0
0
0
0
0
0
0
0
0
0
0
0
0
0
0
0
0
0
0
0
0
0
0
0
0
0
0
0
0
0
0
0
0
0
0
0
0
0
0
0
0
0
0
0
0
0
0
0
0
0
0
0
0
0
0
0
0
0
0
0
0
0
0
0
0
0
0
0
0
0
0
0
0
0
0
0
0
0
0
0
0
0
0
0
0
0
0
0
0
0
0
0
0
0
0
0
0
0
0
0
0
0
0
0
0
0
0
0
0
0
0
0
0
0
0
0
0
0
0
0
0
0
0
0
0
0
0
0
0
0
0
0
0
0
0
0
0
0
0
0
0
0
0
0
0
0
0
0
0
0
0
0
0
0
0
0
0
0
0
0
0
0
0
0
0
0
0
0
0
0
0
0
0
0
0
0
0
0
0
0
0
0
0
0
0
0
0
0
0
0
0
0
0
0
0
0
0
0
0
0
0
0
0
0
0
0
0
0
0
0
0
0
0
0
0
0
0
0
0
0
0
0
0
0
0
0
0
0
0
0
0
0
0
0
0
0
0
0
0
0
0
0
0
0
0
0
0
0
0
0
0
0
0
SCALARS low_density_flag float 1
LOOKUP_TABLE default
1
1
1
1
1
1
1
1
1
1
1
1
1
1
1
1
1
1
1
1
1
1
1
1
1
1
1
1
1
1
1
1
1
1
1
1
1
1
1
1
1
1
1
1
1
1
1
1
1
1
1
1
1
1
1
1
1
1
1
1
1
1
1
1
1
1
1
1
1
1
1
1
1
1
1
1
1
1
1
1
1
1
1
1
1
1
1
1
1
1
1
1
1
1
1
1
1
1
1
1
1
1
1
1
1
1
1
1
1
1
1
1
1
1
1
1
1
1
1
1
1
1
1
1
1
1
1
1
1
1
1
1
1
1
1
1
1
1
1
1
1
1
1
1
1
1
1
1
1
1
1
1
1
1
1
1
1
1
1
1
1
1
1
1
1
1
1
1
1
1
1
1
1
1
1
1
1
1
1
1
0
1
1
1
1
1
1
1
1
1
1
1
1
1
1
1
1
1
1
1
1
0
0
0
0
0
0
0
0
0
0
0
0
1
1
1
0
0
0
1
1
1
1
1
1
1
1
1
1
0
1
1
0
1
1
1
1
1
1
1
1
1
1
1
1
1
1
1
1
1
1
1
1
0
0
0
0
0
0
0
0
0
0
0
0
0
1
1
0
0
0
1
1
1
1
1
1
1
1
1
1
1
1
1
1
1
1
0
1
1
0
1
1
0
1
1
0
1
1
1
1
1
1
1
1
1
1
1
1
1
1
1
1
1
1
1
1
1
1
1
1
1
1
1
1
1
1
1
1
1
1
1
1
1
1
1
1
0
0
0
0
0
0
0
0
0
0
0
0
0
1
1
0
0
0
1
1
0
0
0
0
0
0
0
0
0
0
0
0
0
1
1
0
0
0
1
1
1
1
1
1
1
1
1
1
1
1
1
1
1
1
1
1
1
1
1
1
1
1
1
1
1
1
1
1
1
1
1
1
1
1
1
1
1
1
1
1
1
1
1
1
1
1
1
1
1
1
1
1
1
1
1
1
1
1
1
1
1
1
1
1
1
1
1
1
0
1
0
1
1
1
1
1
1
1
1
1
0
0
0
0
0
0
0
0
0
0
0
0
0
0
0
0
0
0
0
0
0
1
1
1
1
0
0
1
1
1
1
1
1
1
1
1
1
1
1
1
1
1
1
1
1
1
1
1
1
1
1
1
1
0
1
0
1
1
0
1
1
1
1
1
1
0
0
0
0
0
0
0
0
0
0
0
0
0
0
0
0
0
0
0
0
0
1
1
1
1
0
0
0
1
1
1
1
1
1
1
1
1
1
1
1
1
1
1
1
1
1
1
1
1
1
1
1
1
0
1
0
1
1
0
1
1
1
0
1
0
1
1
0
1
1
1
1
1
1
1
1
1
1
1
1
0
0
0
0
0
0
0
0
0
0
0
0
0
0
0
0
0
0
0
0
0
0
1
1
1
0
0
0
1
1
0
0
0
0
0
0
0
0
0
0
0
0
0
0
0
0
0
0
0
0
0
0
1
1
1
0
0
0
1
1
1
1
1
1
1
1
1
1
1
1
1
1
1
1
1
1
1
1
1
1
1
1
1
1
1
1
1
1
1
1
1
1
1
1
1
1
1
1
1
1
1
1
1
1
1
1
1
1
0
1
1
0
1
1
1
1
1
1
1
1
1
1
1
1
1
1
1
1
1
1
1
1
0
0
0
0
0
0
0
0
0
0
0
0
0
1
1
0
0
0
1
1
1
1
1
1
1
1
1
1
1
1
1
0
1
1
1
1
1
1
1
1
1
1
1
1
1
1
1
1
1
1
1
1
0
0
0
0
0
0
0
0
0
0
0
0
1
1
1
0
0
0
1
1
1
1
1
1
1
1
1
1
1
1
1
1
1
1
1
1
1
1
1
1
1
1
1
1
1
1
1
1
1
1
1
1
1
1
1
1
1
1
1
1
1
1
1
1
1
1
1
1
1
1
1
1
1
1
1
1
1
1
1
1
1
1
1
1
1
1
1
1
1
1
1
1
1
1
1
1
1
1
1
1
1
1
1
1
1
1
1
1
1
1
1
1
1
1
1
1
1
1
1
1
1
1
1
1
1
1
1
0
1
0
1
1
0
1
1
1
1
1
1
0
0
0
0
0
0
0
0
0
0
0
0
0
0
0
0
0
0
0
0
0
1
1
1
1
0
0
0
1
1
1
1
1
1
1
1
1
1
1
1
1
1
1
1
1
1
1
1
1
1
1
1
1
0
1
0
1
1
0
1
1
1
1
1
1
0
0
0
0
0
0
0
0
0
0
0
0
0
0
0
0
0
0
0
0
0
1
1
1
1
0
0
0
1
1
1
1
1
1
1
1
1
1
1
1
1
1
1
1
1
1
1
1
1
1
1
1
1
1
1
1
1
1
1
1
1
1
1
1
1
1
1
1
1
1
1
1
1
1
1
1
1
1
1
1
1
1
1
1
1
1
1
1
1
1
1
1
1
1
1
1
1
1
1
1
1
1
1
1
1
1
1
1
1
1
1
1
1
1
1
1
1
1
1
1
1
1
1
1
1
1
1
1
1
1
1
1
1
1
1
1
1
1
1
1
1
1
1
1
1
1
1
1
1
1
1
1
1
1
1
1
1
1
1
1
1
1
1
1
1
1
1
1
1
1
1
1
1
1
1
1
1
1
1
1
0
0
0
0
0
0
0
0
0
0
0
0
0
0
0
0
0
0
0
0
0
0
0
0
0
0
0
0
0
0
0
0
0
0
0
0
0
0
0
0
0
0
0
0
0
0
0
0
0
0
0
0
0
0
0
0
0
0
0
0
0
0
0
0
0
0
0
0
0
0
0
0
0
0
0
0
0
0
0
0
0
0
0
0
0
0
0
0
0
0
0
0
0
0
0
0
0
0
0
0
0
0
0
0
0
0
0
0
0
0
0
0
0
0
0
0
0
0
0
0
0
0
0
0
0
0
0
0
0
0
0
0
0
0
0
0
0
0
0
0
0
0
0
0
0
0
0
0
0
0
0
0
0
0
0
0
0
0
0
0
0
0
0
0
0
0
0
0
0
0
0
0
0
0
0
0
0
0
0
0
0
0
0
0
0
0
0
0
0
0
0
0
0
0
0
0
0
0
0
0
0
0
0
0
0
0
0
0
0
0
0
0
0
0
0
0
0
0
0
0
0
0
0
0
0
0
0
0
0
0
0
0
0
0
0
0
0
0
0
0
0
0
0
0
0
0
0
0
0
0
0
0
0
0
0
0
0
0
0
0
0
0
0
0
0
0
0
0
0
0
0
0
0
0
0
0
0
0
0
0
0
0
0
0
0
0
0
0
0
0
0
0
0
0
0
0
0
0
0
0
0
0
0
0
0
0
0
0
0
0
0
0
0
0
0
0
0
0
0
0
0
0
0
0
0
0
0
0
0
0
0
0
0
0
0
0
0
0
0
0
0
0
0
0
0
0
0
0
0
0
0
0
0
0
0
0
0
0
0
0
0
0
0
0
0
0
0
0
0
0
0
0
0
0
0
0
0
0
0
0
0
0
0
0
0
0
0
0
0
0
0
0
0
0
0
0
0
0
0
0
0
0
0
0
0
0
0
0
0
0
0
0
0
0
0
0
0
0
0
0
0
0
0
0
0
0
0
0
0
0
0
0
0
0
0
0
0
0
0
0
0
0
0
0
0
0
0
0
0
0
0
0
0
0
0
0
0
0
0
0
0
0
0
0
0
0
0
0
0
0
0
0
0
0
0
0
0
0
0
0
0
0
0
0
0
0
0
0
0
0
0
0
0
0
0
0
0
0
0
0
0
0
0
0
0
0
0
0
0
0
0
0
0
0
0
0
0
0
0
0
0
0
0
0
0
0
0
0
0
0
0
0
0
0
0
0
0
0
0
0
0
0
0
0
0
0
0
0
0
0
0
0
0
0
0
0
0
0
0
0
0
0
0
0
0
0
0
0
0
0
0
0
0
0
0
0
0
0
0
0
0
0
0
0
0
0
0
0
0
0
0
0
0
0
0
0
0
0
0
0
0
0
0
0
0
0
0
0
0
0
0
0
0
0
0
0
0
0
0
0
0
0
0
0
0
0
0
0
0
0
0
0
0
0
0
0
0
0
0
0
0
0
0
0
0
0
0
0
0
0
0
0
0
0
0
0
0
0
0
0
0
0
0
0
0
0
0
0
0
0
0
0
0
0
0
0
0
0
0
0
0
0
0
0
0
0
0
0
0
0
0
0
0
0
0
0
0
0
0
0
0
0
0
0
0
0
0
0
0
0
0
0
0
0
0
0
0
0
0
0
0
0
0
0
0
0
0
0
0
0
0
0
0
0
0
0
0
0
0
0
0
0
0
0
0
0
0
0
0
0
0
0
0
0
0
0
0
0
0
0
0
0
0
0
0
0
0
0
0
0
0
0
0
0
0
0
0
0
0
0
0
0
0
0
0
0
0
0
0
0
0
0
0
0
0
0
0
0
0
0
0
0
0
0
0
0
0
0
0
0
0
0
0
0
0
0
0
0
0
0
0
0
0
0
0
0
0
0
0
0
0
0
0
0
0
0
0
0
0
0
0
0
0
0
0
0
0
0
0
0
0
0
0
0
0
0
0
0
0
0
0
0
0
0
0
0
0
0
0
0
0
0
0
0
0
0
0
0
0
0
0
0
0
0
0
0
0
0
0
0
0
0
0
0
0
0
0
0
0
0
0
0
0
0
0
0
0
0
0
0
0
0
0
0
0
0
0
0
0
0
0
0
0
0
0
0
0
0
0
0
0
0
0
0
0
0
0
0
0
0
0
0
0
0
0
0
0
0
0
0
0
0
0
0
0
0
0
0
0
0
0
0
0
0
0
0
0
0
0
0
0
0
0
0
0
0
0
0
0
0
0
0
0
0
0
0
0
0
0
0
0
0
0
0
0
0
0
0
0
0
0
0
0
0
0
0
0
0
0
0
0
0
0
0
0
0
0
0
0
0
0
0
0
0
0
0
0
0
0
0
0
0
0
0
0
0
0
0
0
0
0
0
0
0
0
0
0
0
0
0
0
0
0
0
0
0
0
0
0
0
0
0
0
0
0
0
0
0
0
0
0
0
0
0
0
0
0
0
0
0
0
0
0
0
0
0
0
0
0
0
0
0
0
0
0
0
0
0
0
0
0
0
0
0
0
0
0
0
0
0
0
0
0
0
0
0
0
0
0
0
0
0
0
0
0
0
0
0
0
0
0
0
0
0
0
0
0
0
0
0
0
0
0
0
0
0
0
0
0
0
0
0
0
0
0
0
0
0
0
0
0
0
0
0
0
0
0
0
0
0
0
0
0
0
0
0
0
0
0
0
0
0
0
0
0
0
0
0
0
0
0
0
0
0
0
0
0
0
0
0
0
0
0
0
0
0
0
0
0
0
0
0
0
0
0
0
0
0
0
0
0
0
0
0
0
0
0
0
0
0
0
0
0
0
0
0
0
0
0
0
0
0
0
0
0
0
0
0
0
0
0
0
0
0
0
0
0
0
0
0
0
0
0
0
0
0
0
0
0
0
0
0
0
0
0
0
0
0
0
0
0
0
0
0
0
0
0
0
0
0
0
0
0
0
0
0
0
0
0
0
0
0
0
0
0
0
0
0
0
0
0
0
0
0
0
0
0
0
0
0
0
0
0
0
0
0
0
0
0
0
0
0
0
0
0
0
0
0
0
0
0
0
0
0
0
0
0
0
0
0
0
0
0
0
0
0
0
0
0
0
0
0
0
0
0
0
0
0
0
0
0
0
0
0
0
0
0
0
0
0
0
0
0
0
0
0
0
0
0
0
0
0
0
0
0
0
0
0
0
0
0
0
0
0
0
0
0
0
0
0
0
0
0
0
0
0
0
0
0
0
0
0
0
0
0
0
0
0
0
0
0
0
0
0
0
0
0
0
0
0
0
0
0
0
0
0
0
0
0
0
0
0
0
0
0
0
0
0
0
0
0
0
0
0
0
0
0
0
0
0
0
0
0
0
0
0
0
0
0
0
0
0
0
0
0
0
0
0
0
0
0
0
0
0
0
0
0
0
0
0
0
0
0
0
0
0
0
0
0
0
0
0
0
0
0
0
0
0
0
0
0
0
0
0
0
0
0
0
0
0
0
0
0
0
0
0
0
0
0
0
0
0
0
0
0
0
0
0
0
0
0
0
0
0
0
0
0
0
0
0
0
0
0
0
0
0
0
0
0
0
0
0
0
0
0
0
0
0
0
0
0
0
0
0
0
0
0
0
0
0
0
0
0
0
0
0
0
0
0
0
0
0
0
0
0
0
0
0
0
0
0
0
0
0
0
0
0
0
0
0
0
0
0
0
0
0
0
0
0
0
0
0
0
0
0
0
0
0
0
0
0
0
0
0
0
0
0
0
0
0
0
0
0
0
0
0
0
0
0
0
0
0
0
0
0
0
0
0
0
0
0
0
0
0
0
0
0
0
0
0
0
0
0
0
0
0
0
0
0
0
0
0
0
0
0
0
0
0
0
0
0
0
0
0
0
0
0
0
0
0
0
0
0
0
0
0
0
0
0
0
0
0
0
0
0
0
0
0
0
0
0
0
0
0
0
0
0
0
0
0
0
0
0
0
0
0
0
0
0
0
0
0
0
0
0
0
0
0
0
0
0
0
0
0
0
0
0
0
0
0
0
0
0
0
0
0
0
0
0
0
0
0
0
0
0
0
0
0
0
0
0
0
0
0
0
0
0
0
0
0
0
0
0
0
0
0
0
0
0
0
0
0
0
0
0
0
0
0
0
0
0
0
0
0
0
0
0
0
0
0
0
0
0
0
0
0
0
0
0
0
0
0
0
0
0
0
0
0
0
0
0
0
0
0
0
0
0
0
0
0
0
0
0
0
0
0
0
0
0
0
0
0
0
0
0
0
0
0
0
0
0
0
0
0
0
0
0
0
0
0
0
0
0
0
0
0
0
0
0
0
0
0
0
0
0
0
0
0
0
0
0
0
0
0
0
0
0
0
0
0
0
0
0
0
0
0
0
0
0
0
0
0
0
0
0
0
0
0
0
0
0
0
0
0
0
0
0
0
0
0
0
0
0
0
0
0
0
0
0
0
0
0
0
0
0
0
0
0
0
0
0
0
0
0
0
0
0
0
0
0
0
0
0
0
0
0
0
0
0
0
0
0
0
0
0
0
0
0
0
0
0
0
0
0
0
0
0
0
0
0
0
0
0
0
0
0
0
0
0
0
0
0
0
0
0
0
0
0
0
0
0
0
0
0
0
0
0
0
0
0
0
0
0
0
0
0
0
0
0
0
0
0
0
0
0
0
0
0
0
0
0
0
0
0
0
0
0
0
0
0
0
0
0
0
0
0
0
0
0
0
0
0
0
0
0
0
0
0
0
0
0
0
0
0
0
0
0
0
0
0
0
0
0
0
0
0
0
0
0
0
0
0
0
0
0
0
0
0
0
0
0
0
0
0
0
0
0
0
0
0
0
0
0
0
0
0
0
0
0
0
0
0
0
0
0
0
0
0
0
0
0
0
0
0
0
0
0
0
0
0
0
0
0
0
0
0
0
0
0
0
0
0
0
0
0
0
0
0
0
0
0
0
0
0
0
0
0
0
0
0
0
0
0
0
0
0
0
0
0
0
0
0
0
0
0
0
0
0
0
0
0
0
0
0
0
0
0
0
0
0
0
0
0
0
0
0
0
0
0
0
0
0
0
0
0
0
0
0
0
0
0
0
0
0
0
0
0
0
0
0
0
0
0
0
0
0
0
0
0
0
0
0
0
0
0
0
0
0
0
0
0
0
0
0
0
0
0
0
0
0
0
0
0
0
0
0
0
0
0
0
0
0
0
0
0
0
0
0
0
0
0
0
0
0
0
0
0
0
0
0
0
0
0
0
0
0
0
0
0
0
0
0
0
0
0
0
0
0
0
0
0
0
0
0
0
0
0
0
0
0
0
0
0
0
0
0
0
0
0
0
0
0
0
0
0
0
0
0
0
0
0
0
0
0
0
0
0
0
0
0
0
0
0
0
0
0
0
0
0
0
0
0
0
0
0
0
0
0
0
0
0
0
0
0
0
0
0
0
0
0
0
0
0
0
0
0
0
0
0
0
0
0
0
0
0
0
0
0
0
0
0
0
0
0
0
0
0
0
0
0
0
0
0
0
0
0
0
0
0
0
0
0
0
0
0
0
0
0
0
0
0
0
0
0
0
0
0
0
0
0
0
0
0
0
0
0
0
0
0
0
0
0
0
0
0
0
0
0
0
0
0
0
0
0
0
0
0
0
0
0
0
0
0
0
0
0
0
0
0
0
0
0
0
0
0
0
0
0
0
0
0
0
0
0
0
0
0
0
0
0
0
0
0
0
0
0
0
0
0
0
0
0
0
0
0
0
0
0
0
0
0
0
0
0
0
0
0
0
0
0
0
0
0
0
0
0
0
0
0
0
0
0
0
0
0
0
0
0
0
0
0
0
0
0
0
0
0
0
0
0
0
0
0
0
0
0
0
0
0
0
0
0
0
0
0
0
0
0
0
0
0
0
0
0
0
0
0
0
0
0
0
0
0
0
0
0
0
0
0
0
0
0
0
0
0
0
0
0
0
0
0
0
0
0
0
0
0
0
0
0
0
0
0
0
0
0
0
0
0
0
0
0
0
0
0
0
0
0
0
0
0
0
0
0
0
0
0
0
0
0
0
0
0
0
0
0
0
0
0
0
0
0
0
0
0
0
0
0
0
0
0
0
0
0
0
0
0
0
0
0
0
0
0
0
0
0
0
0
0
0
0
0
0
0
0
0
0
0
0
0
0
0
0
0
0
0
0
0
0
0
0
0
0
0
0
0
0
0
0
0
0
0
0
0
0
0
0
0
0
0
0
0
0
0
0
0
0
0
0
0
0
0
0
0
0
0
0
0
0
0
0
0
0
0
0
0
0
0
0
0
0
0
0
0
0
0
0
0
0
0
0
0
0
0
0
0
0
0
0
0
0
0
0
0
0
0
0
0
0
0
0
0
0
0
0
0
0
0
0
0
0
0
0
0
0
0
0
0
0
0
0
0
0
0
0
0
0
0
0
0
0
0
0
0
0
0
0
0
0
0
0
0
0
0
0
0
0
0
0
0
0
0
0
0
0
0
0
0
0
0
0
0
0
0
0
0
0
0
0
0
0
0
0
0
0
0
0
0
0
0
0
0
0
0
0
0
0
0
0
0
0
0
0
0
0
0
0
0
0
0
0
0
0
0
0
0
0
0
0
0
0
0
0
0
0
0
0
0
0
0
0
0
0
0
0
0
0
0
0
0
0
0
0
0
0
0
0
0
0
0
0
0
0
0
0
0
0
0
0
0
0
0
0
0
0
0
0
0
0
0
0
0
0
0
0
0
0
0
0
0
0
0
0
0
0
0
0
0
0
0
0
0
0
0
0
0
0
0
0
0
0
0
0
0
0
0
0
0
0
0
0
0
0
0
0
0
0
0
0
0
0
0
0
0
0
0
0
0
0
0
0
0
0
0
0
0
0
0
0
0
0
0
0
0
0
0
0
0
0
0
0
0
0
0
0
0
0
0
0
0
0
0
0
0
0
0
0
0
0
0
0
0
0
0
0
0
0
0
0
0
0
0
0
0
0
0
0
0
0
0
0
0
0
0
0
0
0
0
0
0
0
0
0
0
0
0
0
0
0
0
0
0
0
0
0
0
0
0
0
0
0
0
0
0
0
0
0
0
0
0
0
0
0
0
0
0
0
0
0
0
0
0
0
0
0
0
0
0
0
0
0
0
0
0
0
0
0
0
0
0
0
0
0
0
0
0
0
0
0
0
0
0
0
0
0
0
0
0
0
0
0
0
0
0
0
0
0
0
0
0
0
0
0
0
0
0
0
0
0
0
0
0
0
0
0
0
0
0
0
0
0
0
0
0
0
0
0
0
0
0
0
0
0
0
0
0
0
0
0
0
0
0
0
0
0
0
0
0
0
0
0
0
0
0
0
0
0
0
0
0
0
0
0
0
0
0
0
0
0
0
0
0
0
0
0
0
0
0
0
0
0
0
0
0
0
0
0
0
0
0
0
0
0
0
0
0
0
0
0
0
0
0
0
0
0
0
0
0
0
0
0
0
0
0
0
0
SCALARS low_neighbor_flag float 1
LOOKUP_TABLE default
0
0
0
0
0
0
0
0
0
0
0
0
0
0
0
0
0
0
0
0
0
0
0
0
0
0
0
0
0
0
0
0
0
0
0
0
0
0
0
0
0
0
0
0
0
0
0
0
0
0
0
0
0
0
0
0
0
0
0
0
0
0
0
0
0
0
0
0
0
0
0
0
0
0
0
0
0
0
0
0
0
0
0
0
0
0
0
0
0
0
0
0
0
0
0
0
0
0
0
0
0
0
0
0
0
0
0
0
0
0
0
0
0
0
0
0
0
0
0
0
0
0
0
0
0
0
0
0
0
0
0
0
0
0
0
0
0
0
0
0
0
0
0
0
0
0
0
0
0
0
0
0
0
0
0
0
0
0
0
0
0
0
0
0
0
0
0
0
0
0
0
0
0
0
0
0
0
0
0
0
0
0
0
0
0
0
0
0
0
0
0
0
0
0
0
0
0
0
0
0
0
0
0
0
0
0
0
0
0
0
0
0
0
0
0
0
0
0
0
0
0
0
0
0
0
0
0
0
0
0
0
0
0
0
0
0
0
0
0
0
0
0
0
0
0
0
0
0
0
0
0
0
0
0
0
0
0
0
0
0
0
0
0
0
0
0
0
0
0
0
0
0
0
0
0
0
0
0
0
0
0
0
0
0
0
0
0
0
0
0
0
0
0
0
0
0
0
0
0
0
0
0
0
0
0
0
0
0
0
0
0
0
0
0
0
0
0
0
0
0
0
0
0
0
0
0
0
0
0
0
0
0
0
0
0
0
0
0
0
0
0
0
0
0
0
0
0
0
0
0
0
0
0
0
0
0
0
0
0
0
0
0
0
0
0
0
0
0
0
0
0
0
0
0
0
0
0
0
0
0
0
0
0
0
0
0
0
0
0
0
0
0
0
0
0
0
0
0
0
0
0
0
0
0
0
0
0
0
0
0
0
0
0
0
0
0
0
0
0
0
0
0
0
0
0
0
0
0
0
0
0
0
0
0
0
0
0
0
0
0
0
0
0
0
0
0
0
0
0
0
0
0
0
0
0
0
0
0
0
0
0
0
0
0
0
0
0
0
0
0
0
0
0
0
0
0
0
0
0
0
0
0
0
0
0
0
0
0
0
0
0
0
0
0
0
0
0
0
0
0
0
0
0
0
0
0
0
0
0
0
0
0
0
0
0
0
0
0
0
0
0
0
0
0
0
0
0
0
0
0
0
0
0
0
0
0
0
0
0
0
0
0
0
0
0
0
0
0
0
0
0
0
0
0
0
0
0
0
0
0
0
0
0
0
0
0
0
0
0
0
0
0
0
0
0
0
0
0
0
0
0
0
0
0
0
0
0
0
0
0
0
0
0
0
0
0
0
0
0
0
0
0
0
0
0
0
0
0
0
0
0
0
0
0
0
0
0
0
0
0
0
0
0
0
0
0
0
0
0
0
0
0
0
0
0
0
0
0
0
0
0
0
0
0
0
0
0
0
0
0
0
0
0
0
0
0
0
0
0
0
0
0
0
0
0
0
0
0
0
0
0
0
0
0
0
0
0
0
0
0
0
0
0
0
0
0
0
0
0
0
0
0
0
0
0
0
0
0
0
0
0
0
0
0
0
0
0
0
0
0
0
0
0
0
0
0
0
0
0
0
0
0
0
0
0
0
0
0
0
0
0
0
0
0
0
0
0
0
0
0
0
0
0
0
0
0
0
0
0
0
0
0
0
0
0
0
0
0
0
0
0
0
0
0
0
0
0
0
0
0
0
0
0
0
0
0
0
0
0
0
0
0
0
0
0
0
0
0
0
0
0
0
0
0
0
0
0
0
0
0
0
0
0
0
0
0
0
0
0
0
0
0
0
0
0
0
0
0
0
0
0
0
0
0
0
0
0
0
0
0
0
0
0
0
0
0
0
0
0
0
0
0
0
0
0
0
0
0
0
0
0
0
0
0
0
0
0
0
0
0
0
0
0
0
0
0
0
0
0
0
0
0
0
0
0
0
0
0
0
0
0
0
0
0
0
0
0
0
0
0
0
0
0
0
0
0
0
0
0
0
0
0
0
0
0
0
0
0
0
0
0
0
0
0
0
0
0
0
0
0
0
0
0
0
0
0
0
0
0
0
0
0
0
0
0
0
0
0
0
0
0
0
0
0
0
0
0
0
0
0
0
0
0
0
0
0
0
0
0
0
0
0
0
0
0
0
0
0
0
0
0
0
0
0
0
0
0
0
0
0
0
0
0
0
0
0
0
0
0
0
0
0
0
0
0
0
0
0
0
0
0
0
0
0
0
0
0
0
0
0
0
0
0
0
0
0
0
0
0
0
0
0
0
0
0
0
0
0
0
0
0
0
0
0
0
0
0
0
0
0
0
0
0
0
0
0
0
0
0
0
0
0
0
0
0
0
0
0
0
0
0
0
0
0
0
0
0
0
0
0
0
0
0
0
0
0
0
0
0
0
0
0
0
0
0
0
0
0
0
0
0
0
0
0
0
0
0
0
0
0
0
0
0
0
0
0
0
0
0
0
0
0
0
0
0
0
0
0
0
0
0
0
0
0
0
0
0
0
0
0
0
0
0
0
0
0
0
0
0
0
0
0
0
0
0
0
0
0
0
0
0
0
0
0
0
0
0
0
0
0
0
0
0
0
0
0
0
0
0
0
0
0
0
0
0
0
0
0
0
0
0
0
0
0
0
0
0
0
0
0
0
0
0
0
0
0
0
0
0
0
0
0
0
0
0
0
0
0
0
0
0
0
0
0
0
0
0
0
0
0
0
0
0
0
0
0
0
0
0
0
0
0
0
0
0
0
0
0
0
0
0
0
0
0
0
0
0
0
0
0
0
0
0
0
0
0
0
0
0
0
0
0
0
0
0
0
0
0
0
0
0
0
0
0
0
0
0
0
0
0
0
0
0
0
0
0
0
0
0
0
0
0
0
0
0
0
0
0
0
0
0
0
0
0
0
0
0
0
0
0
0
0
0
0
0
0
0
0
0
0
0
0
0
0
0
0
0
0
0
0
0
0
0
0
0
0
0
0
0
0
0
0
0
0
0
0
0
0
0
0
0
0
0
0
0
0
0
0
0
0
0
0
0
0
0
0
0
0
0
0
0
0
0
0
0
0
0
0
0
0
0
0
0
0
0
0
0
0
0
0
0
0
0
0
0
0
0
0
0
0
0
0
0
0
0
0
0
0
0
0
0
0
0
0
0
0
0
0
0
0
0
0
0
0
0
0
0
0
0
0
0
0
0
0
0
0
0
0
0
0
0
0
0
0
0
0
0
0
0
0
0
0
0
0
0
0
0
0
0
0
0
0
0
0
0
0
0
0
0
0
0
0
0
0
0
0
0
0
0
0
0
0
0
0
0
0
0
0
0
0
0
0
0
0
0
0
0
0
0
0
0
0
0
0
0
0
0
0
0
0
0
0
0
0
0
0
0
0
0
0
0
0
0
0
0
0
0
0
0
0
0
0
0
0
0
0
0
0
0
0
0
0
0
0
0
0
0
0
0
0
0
0
0
0
0
0
0
0
0
0
0
0
0
0
0
0
0
0
0
0
0
0
0
0
0
0
0
0
0
0
0
0
0
0
0
0
0
0
0
0
0
0
0
0
0
0
0
0
0
0
0
0
0
0
0
0
0
0
0
0
0
0
0
0
0
0
0
0
0
0
0
0
0
0
0
0
0
0
0
0
0
0
0
0
0
0
0
0
0
0
0
0
0
0
0
0
0
0
0
0
0
0
0
0
0
0
0
0
0
0
0
0
0
0
0
0
0
0
0
0
0
0
0
0
0
0
0
0
0
0
0
0
0
0
0
0
0
0
0
0
0
0
0
0
0
0
0
0
0
0
0
0
0
0
0
0
0
0
0
0
0
0
0
0
0
0
0
0
0
0
0
0
0
0
0
0
0
0
0
0
0
0
0
0
0
0
0
0
0
0
0
0
0
0
0
0
0
0
0
0
0
0
0
0
0
0
0
0
0
0
0
0
0
0
0
0
0
0
0
0
0
0
0
0
0
0
0
0
0
0
0
0
0
0
0
0
0
0
0
0
0
0
0
0
0
0
0
0
0
0
0
0
0
0
0
0
0
0
0
0
0
0
0
0
0
0
0
0
0
0
0
0
0
0
0
0
0
0
0
0
0
0
0
0
0
0
0
0
0
0
0
0
0
0
0
0
0
0
0
0
0
0
0
0
0
0
0
0
0
0
0
0
0
0
0
0
0
0
0
0
0
0
0
0
0
0
0
0
0
0
0
0
0
0
0
0
0
0
0
0
0
0
0
0
0
0
0
0
0
0
0
0
0
0
0
0
0
0
0
0
0
0
0
0
0
0
0
0
0
0
0
0
0
0
0
0
0
0
0
0
0
0
0
0
0
0
0
0
0
0
0
0
0
0
0
0
0
0
0
0
0
0
0
0
0
0
0
0
0
0
0
0
0
0
0
0
0
0
0
0
0
0
0
0
0
0
0
0
0
0
0
0
0
0
0
0
0
0
0
0
0
0
0
0
0
0
0
0
0
0
0
0
0
0
0
0
0
0
0
0
0
0
0
0
0
0
0
0
0
0
0
0
0
0
0
0
0
0
0
0
0
0
0
0
0
0
0
0
0
0
0
0
0
0
0
0
0
0
0
0
0
0
0
0
0
0
0
0
0
0
0
0
0
0
0
0
0
0
0
0
0
0
0
0
0
0
0
0
0
0
0
0
0
0
0
0
0
0
0
0
0
0
0
0
0
0
0
0
0
0
0
0
0
0
0
0
0
0
0
0
0
0
0
0
0
0
0
0
0
0
0
0
0
0
0
0
0
0
0
0
0
0
0
0
0
0
0
0
0
0
0
0
0
0
0
0
0
0
0
0
0
0
0
0
0
0
0
0
0
0
0
0
0
0
0
0
0
0
0
0
0
0
0
0
0
0
0
0
0
0
0
0
0
0
0
0
0
0
0
0
0
0
0
0
0
0
0
0
0
0
0
0
0
0
0
0
0
0
0
0
0
0
0
0
0
0
0
0
0
0
0
0
0
0
0
0
0
0
0
0
0
0
0
0
0
0
0
0
0
0
0
0
0
0
0
0
0
0
0
0
0
0
0
0
0
0
0
0
0
0
0
0
0
0
0
0
0
0
0
0
0
0
0
0
0
0
0
0
0
0
0
0
0
0
0
0
0
0
0
0
0
0
0
0
0
0
0
0
0
0
0
0
0
0
0
0
0
0
0
0
0
0
0
0
0
0
0
0
0
0
0
0
0
0
0
0
0
0
0
0
0
0
0
0
0
0
0
0
0
0
0
0
0
0
0
0
0
0
0
0
0
0
0
0
0
0
0
0
0
0
0
0
0
0
0
0
0
0
0
0
0
0
0
0
0
0
0
0
0
0
0
0
0
0
0
0
0
0
0
0
0
0
0
0
0
0
0
0
0
0
0
0
0
0
0
0
0
0
0
0
0
0
0
0
0
0
0
0
0
0
0
0
0
0
0
0
0
0
0
0
0
0
0
0
0
0
0
0
0
0
0
0
0
0
0
0
0
0
0
0
0
0
0
0
0
0
0
0
0
0
0
0
0
0
0
0
0
0
0
0
0
0
0
0
0
0
0
0
0
0
0
0
0
0
0
0
0
0
0
0
0
0
0
0
0
0
0
0
0
0
0
0
0
0
0
0
0
0
0
0
0
0
0
0
0
0
0
0
0
0
0
0
0
0
0
0
0
0
0
0
0
0
0
0
0
0
0
0
0
0
0
0
0
0
0
0
0
0
0
0
0
0
0
0
0
0
0
0
0
0
0
0
0
0
0
0
0
0
0
0
0
0
0
0
0
0
0
0
0
0
0
0
0
0
0
0
0
0
0
0
0
0
0
0
0
0
0
0
0
0
0
0
0
0
0
0
0
0
0
0
0
0
0
0
0
0
0
0
0
0
0
0
0
0
0
0
0
0
0
0
0
0
0
0
0
0
0
0
0
0
0
0
0
0
0
0
0
0
0
0
0
0
0
0
0
0
0
0
0
0
0
0
0
0
0
0
0
0
0
0
0
0
0
0
0
0
0
0
0
0
0
0
0
0
0
0
0
0
0
0
0
0
0
0
0
0
0
0
0
0
0
0
0
0
0
0
0
0
0
0
0
0
0
0
0
0
0
0
0
0
0
0
0
0
0
0
0
0
0
0
0
0
0
0
0
0
0
0
0
0
0
0
0
0
0
0
0
0
0
0
0
0
0
0
0
0
0
0
0
0
0
0
0
0
0
0
0
0
0
0
0
0
0
0
0
0
0
0
0
0
0
0
0
0
0
0
0
0
0
0
0
0
0
0
0
0
0
0
0
0
0
0
0
0
0
0
0
0
0
0
0
0
0
0
0
0
0
0
0
0
0
0
0
0
0
0
0
0
0
0
0
0
0
0
0
0
0
0
0
0
0
0
0
0
0
0
0
0
0
0
0
0
0
0
0
0
0
0
0
0
0
0
0
0
0
0
0
0
0
0
0
0
0
0
0
0
0
0
0
0
0
0
0
0
0
0
0
0
0
0
0
0
0
0
0
0
0
0
0
0
0
0
0
0
0
0
0
0
0
0
0
0
0
0
0
0
0
0
0
0
0
0
0
0
0
0
0
0
0
0
0
0
0
0
0
0
0
0
0
0
0
0
0
0
0
0
0
0
0
0
0
0
0
0
0
0
0
0
0
0
0
0
0
0
0
0
0
0
0
0
0
0
0
0
0
0
0
0
0
0
0
0
0
0
0
0
0
0
0
0
0
0
0
0
0
0
0
0
0
0
0
0
0
0
0
0
0
0
0
0
0
0
0
0
0
0
0
0
0
0
0
0
0
0
0
0
0
0
0
0
0
0
0
0
0
0
0
0
0
0
0
0
0
0
0
0
0
0
0
0
0
0
0
0
0
0
0
0
0
0
0
0
0
0
0
0
0
0
0
0
0
0
0
0
0
0
0
0
0
0
0
0
0
0
0
0
0
0
0
0
0
0
0
0
0
0
0
0
0
0
0
0
0
0
0
0
0
0
0
0
0
0
0
0
0
0
0
0
0
0
0
0
0
0
0
0
0
0
0
0
0
0
0
0
0
0
0
0
0
0
0
0
0
0
0
0
0
0
0
0
0
0
0
0
0
0
0
0
0
0
0
0
0
0
0
0
0
0
0
0
0
0
0
0
0
0
0
0
0
0
0
0
0
0
0
0
0
0
0
0
0
0
0
0
0
0
0
0
0
0
0
0
0
0
0
0
0
0
0
0
0
0
0
0
0
0
0
0
0
0
0
0
0
0
0
0
0
0
0
0
0
0
0
0
0
0
0
0
0
0
0
0
0
0
0
0
0
0
0
0
0
0
0
0
0
0
0
0
0
0
0
0
0
0
0
0
0
0
0
0
0
0
0
0
0
0
0
0
0
0
0
0
0
0
0
0
0
0
0
0
0
0
0
0
0
0
0
0
0
0
0
0
0
0
0
0
0
0
0
0
0
0
0
0
0
0
0
0
0
0
0
0
0
0
0
0
0
0
0
0
0
0
0
0
0
0
0
0
0
0
0
0
0
0
0
0
0
0
0
0
0
0
0
0
0
0
0
0
0
0
0
0
0
0
0
0
0
0
0
0
0
0
0
0
0
0
0
0
0
0
0
0
0
0
0
0
0
0
0
0
0
0
0
0
0
0
0
0
0
0
0
0
0
0
0
0
0
0
0
0
0
0
0
0
0
0
0
0
0
0
0
0
0
0
0
0
0
0
0
0
0
0
0
0
0
0
0
0
0
0
0
0
0
0
0
0
0
0
0
0
0
0
0
0
0
0
0
0
0
0
0
0
0
0
0
0
0
0
0
0
0
0
0
0
0
0
0
0
0
0
0
0
0
0
0
0
0
0
0
0
0
0
0
0
0
0
0
0
0
0
0
0
0
0
0
0
0
0
0
0
0
0
0
0
0
0
0
0
0
0
0
0
0
0
0
0
0
0
0
0
0
0
0
0
0
0
0
0
0
0
0
0
0
0
0
0
0
0
0
0
0
0
0
0
0
0
0
0
0
0
0
0
0
0
0
0
0
0
0
0
0
0
0
0
0
0
0
0
0
0
0
0
0
0
0
0
0
0
0
0
0
0
0
0
0
0
0
0
0
0
0
0
0
0
0
0
0
0
0
0
0
0
0
0
0
0
0
0
0
0
0
0
0
0
0
0
0
0
0
0
0
0
0
0
0
0
0
0
0
0
0
0
0
0
0
0
0
0
0
0
0
0
0
0
0
0
0
0
0
0
0
0
0
0
0
0
0
0
0
0
0
0
0
0
0
0
0
0
0
0
0
0
0
0
0
0
0
0
0
0
0
0
0
0
0
0
0
0
0
0
0
0
0
0
0
0
0
0
0
0
0
0
0
0
0
0
0
0
0
0
0
0
0
0
0
0
0
0
0
0
0
0
0
0
0
0
0
0
0
0
0
0
0
0
0
0
0
0
0
0
0
0
0
0
0
0
0
0
0
0
0
0
0
0
0
0
0
0
0
0
0
0
0
0
0
0
0
0
0
0
0
0
0
0
0
0
0
0
0
0
0
0
0
0
0
0
0
0
0
0
0
0
0
0
0
0
0
0
0
0
0
0
0
0
0
0
0
0
0
0
0
0
0
0
0
0
0
0
0
0
0
0
0
0
0
0
0
0
0
0
0
0
0
0
0
0
0
0
0
0
0
0
0
0
0
0
0
0
0
0
0
0
0
0
0
0
0
0
0
0
0
0
0
0
0
0
0
0
0
0
0
0
0
0
0
0
0
0
0
0
0
0
0
0
0
0
0
0
0
0
0
0
0
0
0
0
0
0
0
0
0
0
0
0
0
0
0
0
0
0
0
0
0
0
0
0
0
0
0
0
0
0
0
0
0
0
0
0
0
0
0
0
0
0
0
0
0
0
0
0
0
0
0
0
0
0
0
0
0
0
0
0
0
0
0
0
0
0
0
0
0
0
0
0
0
0
0
0
0
0
0
0
0
0
0
0
0
0
0
0
0
0
0
0
0
0
0
0
0
0
0
0
0
0
0
0
0
0
0
0
0
0
0
0
0
0
0
0
0
0
0
0
0
0
0
0
0
0
0
0
0
0
0
0
0
0
0
0
0
0
0
0
0
0
0
0
0
0
0
0
0
0
0
0
0
0
0
0
0
0
0
0
0
0
0
0
0
0
0
0
0
0
0
0
0
0
0
0
0
0
0
0
0
0
0
0
0
0
0
0
0
0
0
0
0
0
0
0
0
0
0
0
0
0
0
0
0
0
0
0
0
0
0
0
0
0
0
0
0
0
0
0
0
0
0
0
0
0
0
0
0
0
0
0
0
0
0
0
0
0
0
0
0
0
0
0
0
0
0
0
0
0
0
0
0
0
0
0
0
0
0
0
0
0
0
0
0
0
0
0
0
0
0
0
0
0
0
0
0
0
0
0
0
0
0
0
0
0
0
0
0
0
0
0
0
0
0
0
0
0
0
0
0
0
0
0
0
0
0
0
0
0
0
0
0
0
0
0
0
0
0
0
0
0
0
0
0
0
0
0
0
0
0
0
0
0
0
0
0
0
0
0
0
0
0
0
0
0
0
0
0
0
0
0
0
0
0
0
0
0
0
0
0
0
0
0
0
0
0
0
0
0
0
0
0
0
0
0
0
0
0
0
0
0
0
0
0
0
0
0
0
0
0
0
0
0
0
0
0
0
0
0
0
0
0
0
0
0
0
0
0
0
0
0
0
0
0
0
0
0
0
0
0
0
0
0
0
0
0
0
0
0
0
0
0
0
0
0
0
0
0
0
0
0
0
0
0
0
0
0
0
0
0
0
0
0
0
0
0
0
0
0
0
0
0
0
0
0
0
0
0
0
0
0
0
0
0
0
0
0
0
0
0
0
0
0
0
0
0
0
0
0
0
0
0
0
0
0
0
0
0
0
0
0
0
0
0
0
0
0
0
0
0
0
0
0
0
0
0
0
0
0
0
0
0
0
0
0
0
0
0
0
0
0
0
0
0
0
0
0
0
0
0
0
0
0
0
0
0
0
0
0
0
0
0
0
0
0
0
0
0
0
0
0
0
0
0
0
0
0
0
0
0
0
0
0
SCALARS free_surface_score float 1
LOOKUP_TABLE default
0.75677812434816305
0.67402385498969142
0.62643436165723776
0.67522015202508012
0.59999999999999998
0.59999999999999998
0.6239019863582479
0.59999999999999998
0.59999999999999998
0.60132888992154143
0.59999999999999998
0.59999999999999998
0.61069924824625799
0.61043708339035996
0.61278468177574708
0.61354774521746658
0.61257310994698144
0.59999999999999998
0.59999999999999998
0.59999999999999998
0.59999999999999998
0.59999999999999998
0.61032323892311835
0.61108639355419492
0.62766121706540889
0.6765967172761238
0.76203502403842815
0.59999999999999998
0.59999999999999998
0.59999999999999998
0.59999999999999998
0.6801343492802735
0.59999999999999998
0.59999999999999998
0.59999999999999998
0.59999999999999998
0.59999999999999998
0.59999999999999998
0.59999999999999998
0.59999999999999998
0.59999999999999998
0.59999999999999998
0.59999999999999998
0.59999999999999998
0.59999999999999998
0.59999999999999998
0.63262914641490009
0.59999999999999998
0.59999999999999998
0.59999999999999998
0.59999999999999998
0.61706819685037384
0.59999999999999998
0.59999999999999998
0.59999999999999998
0.59999999999999998
0.59999999999999998
0.59999999999999998
0.62096254693341679
0.59999999999999998
0.59999999999999998
0.6713199952023684
0.59999999999999998
0.59999999999999998
0.75260281763441439
0.66931940838683068
0.62102469961899298
0.59999999999999998
0.59999999999999998
0.59999999999999998
0.59999999999999998
0.59999999999999998
0.59999999999999998
0.59999999999999998
0.59999999999999998
0.59999999999999998
0.59999999999999998
0.59999999999999998
0.59999999999999998
0.59999999999999998
0.59999999999999998
0.59999999999999998
0.59999999999999998
0.59999999999999998
0.59999999999999998
0.59999999999999998
0.59999999999999998
0.59999999999999998
0.59999999999999998
0.61687676864885521
0.59999999999999998
0.62258605531203592
0.59999999999999998
0.59999999999999998
0.59999999999999998
0.59999999999999998
0.64016587087797894
0.59999999999999998
0.59999999999999998
0.59999999999999998
0.59999999999999998
0.59999999999999998
0.60410491621170936
0.60253306813115615
0.60394284194121362
0.60420647638011848
0.60315846675721096
0.59999999999999998
0.59999999999999998
0.59999999999999998
0.59999999999999998
0.68484224855721321
0.60132973393430744
0.60354566930841447
0.62255731650016288
0.67419993208535389
0.76164172920676765
0.67480169023787007
0.59999999999999998
0.59999999999999998
0.59999999999999998
0.59999999999999998
0.59999999999999998
0.59999999999999998
0.59999999999999998
0.59999999999999998
0.59999999999999998
0.59999999999999998
0.59999999999999998
0.59999999999999998
0.59999999999999998
0.59999999999999998
0.59999999999999998
0.59999999999999998
0.59999999999999998
0.59999999999999998
0.59999999999999998
0.59999999999999998
0.59999999999999998
0.59999999999999998
0.59999999999999998
0.59999999999999998
0.59999999999999998
0.68644019317948624
0.59999999999999998
0.59999999999999998
0.59999999999999998
0.59999999999999998
0.59999999999999998
0.59999999999999998
0.59999999999999998
0.59999999999999998
0.59999999999999998
0.59999999999999998
0.59999999999999998
0.59999999999999998
0.59999999999999998
0.59999999999999998
0.59999999999999998
0.59999999999999998
0.59999999999999998
0.59999999999999998
0.59999999999999998
0.59999999999999998
0.59999999999999998
0.59999999999999998
0.59999999999999998
0.59999999999999998
0.59999999999999998
0.62380641980453566
0.59999999999999998
0.59999999999999998
0.59999999999999998
0.59999999999999998
0.59999999999999998
0.59999999999999998
0.59999999999999998
0.59999999999999998
0.59999999999999998
0.59999999999999998
0.59999999999999998
0.59999999999999998
0.59999999999999998
0.59999999999999998
0.59999999999999998
0.59999999999999998
0.59999999999999998
0.59999999999999998
0.59999999999999998
0.59999999999999998
0.59999999999999998
0.59999999999999998
0.59999999999999998
0.59999999999999998
0.59999999999999998
0.63988911050573927
0.59999999999999998
0.59999999999999998
0.59999999999999998
0.59999999999999998
0.59999999999999998
0.59999999999999998
0.59999999999999998
0.59999999999999998
0.59999999999999998
0.59999999999999998
0.59999999999999998
0.59999999999999998
0.59999999999999998
0.59999999999999998
0.59999999999999998
0.59999999999999998
0.59999999999999998
0.59999999999999998
0.59999999999999998
0.59999999999999998
0.59999999999999998
0.59999999999999998
0.59999999999999998
0.59999999999999998
0.59999999999999998
0.6022075239760587
0.59999999999999998
0.59999999999999998
0.59999999999999998
0.59999999999999998
0.59999999999999998
0.59999999999999998
0.59999999999999998
0.59999999999999998
0.59999999999999998
0.59999999999999998
0.59999999999999998
0.59999999999999998
0.59999999999999998
0.59999999999999998
0.59999999999999998
0.59999999999999998
0.59999999999999998
0.59999999999999998
0.59999999999999998
0.59999999999999998
0.59999999999999998
0.59999999999999998
0.59999999999999998
0.59999999999999998
0.59999999999999998
0.61924584227753043
0.59999999999999998
0.59999999999999998
0.59999999999999998
0.59999999999999998
0.59999999999999998
0.59999999999999998
0.59999999999999998
0.59999999999999998
0.59999999999999998
0.59999999999999998
0
0
0
0
0
0.59999999999999998
0.59999999999999998
0.59999999999999998
0.59999999999999998
0.59999999999999998
0
0
0.59999999999999998
0.59999999999999998
0.59999999999999998
0.59999999999999998
0.59999999999999998
0.59999999999999998
0.59999999999999998
0.59999999999999998
0.59999999999999998
0.59999999999999998
0.59999999999999998
0.59999999999999998
0.59999999999999998
0.59999999999999998
0.59999999999999998
0.59999999999999998
0.59999999999999998
0.59999999999999998
0.59999999999999998
0.59999999999999998
0.59999999999999998
0.59999999999999998
0.59999999999999998
0.59999999999999998
0.59999999999999998
0.59999999999999998
0.59999999999999998
0.59999999999999998
0.59999999999999998
0.59999999999999998
0.59999999999999998
0.59999999999999998
0.59999999999999998
0.59999999999999998
0.59999999999999998
0.59999999999999998
0.59999999999999998
0.59999999999999998
0.59999999999999998
0.59999999999999998
0.59999999999999998
0.61239131660415869
0.59999999999999998
0.59999999999999998
0.59999999999999998
0.59999999999999998
0.59999999999999998
0.59999999999999998
0.59999999999999998
0.59999999999999998
0.59999999999999998
0.59999999999999998
0.59999999999999998
0.59999999999999998
0.59999999999999998
0.59999999999999998
0.59999999999999998
0.59999999999999998
0.59999999999999998
0.59999999999999998
0.59999999999999998
0.61187677978232868
0.59999999999999998
0.59999999999999998
0.59999999999999998
0.59999999999999998
0.59999999999999998
0.59999999999999998
0.59999999999999998
0.59999999999999998
0.59999999999999998
0.59999999999999998
0
0
0
0
0
0.59999999999999998
0.59999999999999998
0.59999999999999998
0.59999999999999998
0.59999999999999998
0
0
0.59999999999999998
0.59999999999999998
0.59999999999999998
0.59999999999999998
0.59999999999999998
0.59999999999999998
0.59999999999999998
0.59999999999999998
0
0
0
0
0
0.59999999999999998
0.59999999999999998
0.59999999999999998
0.59999999999999998
0.59999999999999998
0
0
0.59999999999999998
0.59999999999999998
0.59999999999999998
0.59999999999999998
0.59999999999999998
0.59999999999999998
0.59999999999999998
0.59999999999999998
0.59999999999999998
0.59999999999999998
0.59999999999999998
0.59999999999999998
0.59999999999999998
0.59999999999999998
0.59999999999999998
0.6692792324786504
0.59999999999999998
0.59999999999999998
0.59999999999999998
0.59999999999999998
0.59999999999999998
0.59999999999999998
0.59999999999999998
0.59999999999999998
0.59999999999999998
0.59999999999999998
0.59999999999999998
0.59999999999999998
0.59999999999999998
0.59999999999999998
0.59999999999999998
0.59999999999999998
0.59999999999999998
0.59999999999999998
0.59999999999999998
0.59999999999999998
0.59999999999999998
0.59999999999999998
0.59999999999999998
0.59999999999999998
0.59999999999999998
0.59999999999999998
0.59999999999999998
0.59999999999999998
0.59999999999999998
0.59999999999999998
0.59999999999999998
0.59999999999999998
0.59999999999999998
0.59999999999999998
0.59999999999999998
0.59999999999999998
0.59999999999999998
0.59999999999999998
0.59999999999999998
0.59999999999999998
0.59999999999999998
0.59999999999999998
0.59999999999999998
0.59999999999999998
0.59999999999999998
0.59999999999999998
0.59999999999999998
0.59999999999999998
0.59999999999999998
0.59999999999999998
0.59999999999999998
0.66481257306943542
0.59999999999999998
0.59999999999999998
0.59999999999999998
0.59999999999999998
0.59999999999999998
0.59999999999999998
0.59999999999999998
0.59999999999999998
0.59999999999999998
0.59999999999999998
0.59999999999999998
0.59999999999999998
0.61598276502271576
0.59999999999999998
0.59999999999999998
0.59999999999999998
0.59999999999999998
0.59999999999999998
0.59999999999999998
0.59999999999999998
0.59999999999999998
0.59999999999999998
0.59999999999999998
0.59999999999999998
0.59999999999999998
0.59999999999999998
0.59999999999999998
0.59999999999999998
0.59999999999999998
0.59999999999999998
0.59999999999999998
0.59999999999999998
0.59999999999999998
0.59999999999999998
0.59999999999999998
0.59999999999999998
0.59999999999999998
0.59999999999999998
0.59999999999999998
0.59999999999999998
0.59999999999999998
0.59999999999999998
0.59999999999999998
0.59999999999999998
0.59999999999999998
0.59999999999999998
0.59999999999999998
0.59999999999999998
0.59999999999999998
0.59999999999999998
0.59999999999999998
0.59999999999999998
0.59999999999999998
0.59999999999999998
0.59999999999999998
0.59999999999999998
0.59999999999999998
0.59999999999999998
0.59999999999999998
0.59999999999999998
0.59999999999999998
0.59999999999999998
0.59999999999999998
0.59999999999999998
0.60675255405905182
0.59999999999999998
0.59999999999999998
0.59999999999999998
0.59999999999999998
0.59999999999999998
0.59999999999999998
0.59999999999999998
0.59999999999999998
0.59999999999999998
0.59999999999999998
0.59999999999999998
0.59999999999999998
0.59999999999999998
0.59999999999999998
0.59999999999999998
0
0
0
0
0
0
0
0
0
0
0.59999999999999998
0.59999999999999998
0.59999999999999998
0.59999999999999998
0.59999999999999998
0
0
0.59999999999999998
0
0
0.59999999999999998
0.59999999999999998
0.59999999999999998
0.59999999999999998
0.59999999999999998
0.59999999999999998
0.59999999999999998
0.59999999999999998
0.59999999999999998
0.59999999999999998
0.59999999999999998
0.59999999999999998
0.59999999999999998
0.59999999999999998
0.59999999999999998
0.59999999999999998
0.59999999999999998
0.59999999999999998
0.59999999999999998
0.59999999999999998
0.59999999999999998
0.59999999999999998
0.59999999999999998
0.59999999999999998
0.59999999999999998
0.59999999999999998
0.59999999999999998
0.59999999999999998
0.59999999999999998
0.59999999999999998
0.59999999999999998
0.59999999999999998
0.59999999999999998
0
0.59999999999999998
0.59999999999999998
0.59999999999999998
0.59999999999999998
0.59999999999999998
0.59999999999999998
0.59999999999999998
0.59999999999999998
0
0.59999999999999998
0.59999999999999998
0.59999999999999998
0.59999999999999998
0.59999999999999998
0.59999999999999998
0.59999999999999998
0.59999999999999998
0.59999999999999998
0.59999999999999998
0.59999999999999998
0.59999999999999998
0.59999999999999998
0.59999999999999998
0.59999999999999998
0.59999999999999998
0.59999999999999998
0
0
0
0
0
0
0
0
0
0
0.59999999999999998
0.59999999999999998
0.59999999999999998
0.59999999999999998
0.59999999999999998
0
0
0
0
0
0
0.59999999999999998
0.59999999999999998
0.59999999999999998
0.59999999999999998
0.59999999999999998
0.59999999999999998
0.59999999999999998
0.59999999999999998
0.59999999999999998
0
0
0
0
0
0
0
0
0
0
0.59999999999999998
0.59999999999999998
0.59999999999999998
0.59999999999999998
0.59999999999999998
0
0
0
0
0
0
0.59999999999999998
0.59999999999999998
0.59999999999999998
0.59999999999999998
0
0.59999999999999998
0.59999999999999998
0.59999999999999998
0.59999999999999998
0.59999999999999998
0.59999999999999998
0.59999999999999998
0.59999999999999998
0.59999999999999998
0.59999999999999998
0.59999999999999998
0.59999999999999998
0.59999999999999998
0.59999999999999998
0.59999999999999998
0.59999999999999998
0.59999999999999998
0.59999999999999998
0.59999999999999998
0.59999999999999998
0.59999999999999998
0.59999999999999998
0.59999999999999998
0.59999999999999998
0.59999999999999998
0.59999999999999998
0.59999999999999998
0.59999999999999998
0.59999999999999998
0.59999999999999998
0.59999999999999998
0.59999999999999998
0.59999999999999998
0.59999999999999998
0.59999999999999998
0.59999999999999998
0.59999999999999998
0.59999999999999998
0.59999999999999998
0.59999999999999998
0.59999999999999998
0.59999999999999998
0.59999999999999998
0.59999999999999998
0.59999999999999998
0.59999999999999998
0.59999999999999998
0.59999999999999998
0.59999999999999998
0.59999999999999998
0.59999999999999998
0.59999999999999998
0.59999999999999998
0.59999999999999998
0.59999999999999998
0.59999999999999998
0.59999999999999998
0.59999999999999998
0.59999999999999998
0.59999999999999998
0.59999999999999998
0.59999999999999998
0.59999999999999998
0.59999999999999998
0.59999999999999998
0.59999999999999998
0.59999999999999998
0.59999999999999998
0.59999999999999998
0.59999999999999998
0.61853800525229918
0.59999999999999998
0.59999999999999998
0.59999999999999998
0.59999999999999998
0.59999999999999998
0.59999999999999998
0.59999999999999998
0.59999999999999998
0.59999999999999998
0.59999999999999998
0
0
0
0
0
0.59999999999999998
0.59999999999999998
0.59999999999999998
0.59999999999999998
0.59999999999999998
0
0
0.59999999999999998
0.59999999999999998
0.59999999999999998
0.61902500446873876
0.59999999999999998
0.59999999999999998
0.59999999999999998
0.59999999999999998
0.59999999999999998
0.59999999999999998
0.59999999999999998
0.59999999999999998
0.59999999999999998
0.59999999999999998
0.59999999999999998
0.59999999999999998
0.59999999999999998
0.59999999999999998
0.59999999999999998
0.59999999999999998
0.59999999999999998
0.59999999999999998
0.59999999999999998
0.59999999999999998
0.59999999999999998
0.59999999999999998
0.59999999999999998
0.59999999999999998
0.59999999999999998
0.64040150916655825
0.59999999999999998
0.59999999999999998
0.59999999999999998
0.59999999999999998
0.59999999999999998
0.59999999999999998
0.59999999999999998
0.59999999999999998
0.59999999999999998
0.59999999999999998
0.59999999999999998
0.59999999999999998
0.59999999999999998
0.59999999999999998
0.59999999999999998
0.59999999999999998
0.59999999999999998
0.59999999999999998
0.59999999999999998
0.59999999999999998
0.59999999999999998
0.59999999999999998
0.59999999999999998
0.59999999999999998
0.59999999999999998
0.66846166353759184
0.59999999999999998
0.59999999999999998
0.59999999999999998
0.59999999999999998
0.59999999999999998
0.59999999999999998
0.59999999999999998
0.59999999999999998
0.59999999999999998
0.59999999999999998
0.59999999999999998
0.59999999999999998
0.59999999999999998
0.59999999999999998
0.59999999999999998
0.59999999999999998
0.59999999999999998
0.59999999999999998
0.59999999999999998
0.59999999999999998
0.59999999999999998
0.59999999999999998
0.59999999999999998
0.59999999999999998
0.59999999999999998
0.6879486081405356
0.59999999999999998
0.59999999999999998
0.59999999999999998
0.59999999999999998
0.59999999999999998
0.59999999999999998
0.59999999999999998
0.59999999999999998
0.59999999999999998
0.59999999999999998
0.59999999999999998
0.59999999999999998
0.59999999999999998
0.59999999999999998
0.59999999999999998
0.59999999999999998
0.59999999999999998
0.59999999999999998
0.59999999999999998
0.59999999999999998
0.59999999999999998
0.59999999999999998
0.59999999999999998
0.59999999999999998
0.59999999999999998
0.75088542933059499
0.6686926692093994
0.62148050003959032
0.66694035091737502
0.59999999999999998
0.59999999999999998
0.61516196694714098
0.59999999999999998
0.59999999999999998
0.59999999999999998
0.59999999999999998
0.59999999999999998
0.60548270502125079
0.60467593762265637
0.60657791578184439
0.60697218224144645
0.60574299598342074
0.59999999999999998
0.59999999999999998
0.59999999999999998
0.59999999999999998
0.59999999999999998
0.60357242116200238
0.60546050352888747
0.62437775380474392
0.67609324722794517
0.76337469661078361
0.59999999999999998
0.59999999999999998
0.59999999999999998
0.59999999999999998
0.67463466476707012
0.59999999999999998
0.59999999999999998
0.59999999999999998
0.59999999999999998
0.59999999999999998
0.59999999999999998
0.59999999999999998
0.59999999999999998
0.59999999999999998
0.59999999999999998
0.59999999999999998
0.59999999999999998
0.59999999999999998
0.59999999999999998
0.61911632792265225
0.59999999999999998
0.59999999999999998
0.59999999999999998
0.59999999999999998
0.59999999999999998
0.59999999999999998
0.59999999999999998
0.59999999999999998
0.59999999999999998
0.59999999999999998
0.59999999999999998
0.59999999999999998
0.59999999999999998
0.59999999999999998
0.59999999999999998
0.59999999999999998
0.59999999999999998
0.59999999999999998
0.59999999999999998
0.59999999999999998
0
0
0
0
0
0
0
0
0
0
0.59999999999999998
0.59999999999999998
0.59999999999999998
0.59999999999999998
0.59999999999999998
0
0
0
0
0
0.59999999999999998
0.59999999999999998
0.59999999999999998
0.59999999999999998
0.59999999999999998
0.59999999999999998
0.59999999999999998
0.59999999999999998
0.59999999999999998
0.59999999999999998
0.59999999999999998
0.59999999999999998
0.59999999999999998
0.59999999999999998
0.59999999999999998
0.59999999999999998
0.59999999999999998
0.59999999999999998
0.59999999999999998
0.59999999999999998
0.59999999999999998
0.59999999999999998
0.59999999999999998
0.59999999999999998
0.59999999999999998
0.59999999999999998
0.59999999999999998
0.59999999999999998
0.59999999999999998
0.59999999999999998
0.59999999999999998
0.59999999999999998
0.59999999999999998
0.59999999999999998
0.59999999999999998
0.59999999999999998
0.59999999999999998
0.59999999999999998
0.59999999999999998
0.59999999999999998
0.59999999999999998
0.59999999999999998
0.60870790265518515
0.59999999999999998
0.59999999999999998
0.59999999999999998
0.59999999999999998
0.59999999999999998
0.59999999999999998
0.59999999999999998
0.59999999999999998
0.59999999999999998
0.59999999999999998
0.59999999999999998
0.59999999999999998
0.59999999999999998
0.59999999999999998
0.59999999999999998
0.59999999999999998
0.59999999999999998
0.59999999999999998
0.59999999999999998
0.59999999999999998
0.59999999999999998
0.59999999999999998
0.59999999999999998
0.59999999999999998
0.59999999999999998
0.59999999999999998
0.59999999999999998
0.59999999999999998
0.59999999999999998
0.59999999999999998
0.59999999999999998
0.59999999999999998
0.59999999999999998
0.59999999999999998
0.59999999999999998
0.59999999999999998
0.59999999999999998
0.59999999999999998
0.59999999999999998
0.59999999999999998
0.59999999999999998
0.59999999999999998
0.59999999999999998
0.59999999999999998
0.59999999999999998
0.59999999999999998
0.59999999999999998
0.59999999999999998
0.59999999999999998
0.59999999999999998
0.59999999999999998
0.60600202463664699
0.59999999999999998
0.59999999999999998
0.59999999999999998
0.59999999999999998
0.59999999999999998
0.59999999999999998
0.59999999999999998
0.59999999999999998
0.59999999999999998
0.59999999999999998
0.59999999999999998
0.59999999999999998
0.66096664948438477
0.59999999999999998
0.59999999999999998
0.59999999999999998
0.59999999999999998
0.59999999999999998
0.59999999999999998
0.59999999999999998
0.59999999999999998
0.59999999999999998
0.59999999999999998
0.59999999999999998
0.59999999999999998
0.59999999999999998
0.59999999999999998
0.59999999999999998
0.59999999999999998
0.59999999999999998
0.59999999999999998
0.59999999999999998
0.59999999999999998
0.59999999999999998
0.59999999999999998
0.59999999999999998
0.59999999999999998
0.59999999999999998
0.59999999999999998
0.59999999999999998
0.59999999999999998
0.59999999999999998
0.59999999999999998
0.59999999999999998
0.59999999999999998
0.59999999999999998
0.59999999999999998
0.59999999999999998
0.59999999999999998
0.59999999999999998
0.59999999999999998
0.59999999999999998
0.59999999999999998
0.59999999999999998
0.59999999999999998
0.59999999999999998
0.59999999999999998
0.59999999999999998
0.59999999999999998
0.59999999999999998
0.59999999999999998
0.59999999999999998
0.59999999999999998
0.59999999999999998
0.65857250918707522
0.59999999999999998
0.59999999999999998
0.59999999999999998
0.59999999999999998
0.59999999999999998
0.59999999999999998
0.61494309956289617
0.59999999999999998
0.59999999999999998
0.66460464463024538
0.59999999999999998
0.59999999999999998
0.74594831662809435
0.66324089037598555
0.61426944403117023
0.59999999999999998
0.59999999999999998
0.59999999999999998
0.59999999999999998
0.59999999999999998
0.59999999999999998
0.59999999999999998
0.59999999999999998
0.59999999999999998
0.59999999999999998
0.59999999999999998
0.59999999999999998
0.59999999999999998
0.59999999999999998
0.59999999999999998
0.59999999999999998
0.59999999999999998
0.59999999999999998
0.59999999999999998
0.59999999999999998
0.59999999999999998
0.59999999999999998
0.59999999999999998
0.59999999999999998
0.59999999999999998
0.59999999999999998
0.59999999999999998
0.59999999999999998
0.59999999999999998
0.61311424884474641
0.59999999999999998
0.59999999999999998
0.59999999999999998
0.59999999999999998
0.59999999999999998
0.59999999999999998
0.59999999999999998
0.59999999999999998
0.59999999999999998
0.59999999999999998
0.59999999999999998
0.59999999999999998
0.59999999999999998
0.59999999999999998
0.66415515484113841
0.59999999999999998
0.59999999999999998
0.61383438010954638
0.66352551640447288
0.74650606541352216
0
0
0
0
0
0
0
0
0
0
0
0
0
0
0
0
0
0
0
0
0
0
0
0
0
0
0
0
0
0
0
0
0
0
0
0
0
0
0
0
0
0
0
0
0
0
0
0
0
0
0
0
0
0
0
0
0
0
0
0
0
0
0
0
0
0
0
0
0
0
0
0
0
0
0
0
0
0
0
0
0
0
0
0
0
0
0
0
0
0
0
0
0
0
0
0
0
0
0
0
0
0
0
0
0
0
0
0
0
0
0
0
0
0
0
0
0
0
0
0
0
0
0
0
0
0
0
0
0
0
0
0
0
0
0
0
0
0
0
0
0
0
0
0
0
0
0
0
0
0
0
0
0
0
0
0
0
0
0
0
0
0
0
0
0
0
0
0
0
0
0
0
0
0
0
0
0
0
0
0
0
0
0
0
0
0
0
0
0
0
0
0
0
0
0
0
0
0
0
0
0
0
0
0
0
0
0
0
0
0
0
0
0
0
0
0
0
0
0
0
0
0
0
0
0
0
0
0
0
0
0
0
0
0
0
0
0
0
0
0
0
0
0
0
0
0
0
0
0
0
0
0
0
0
0
0
0
0
0
0
0
0
0
0
0
0
0
0
0
0
0
0
0
0
0
0
0
0
0
0
0
0
0
0
0
0
0
0
0
0
0
0
0
0
0
0
0
0
0
0
0
0
0
0
0
0
0
0
0
0
0
0
0
0
0
0
0
0
0
0
0
0
0
0
0
0
0
0
0
0
0
0
0
0
0
0
0
0
0
0
0
0
0
0
0
0
0
0
0
0
0
0
0
0
0
0
0
0
0
0
0
0
0
0
0
0
0
0
0
0
0
0
0
0
0
0
0
0
0
0
0
0
0
0
0
0
0
0
0
0
0
0
0
0
0
0
0
0
0
0
0
0
0
0
0
0
0
0
0
0
0
0
0
0
0
0
0
0
0
0
0
0
0
0
0
0
0
0
0
0
0
0
0
0
0
0
0
0
0
0
0
0
0
0
0
0
0
0
0
0
0
0
0
0
0
0
0
0
0
0
0
0
0
0
0
0
0
0
0
0
0
0
0
0
0
0
0
0
0
0
0
0
0
0
0
0
0
0
0
0
0
0
0
0
0
0
0
0
0
0
0
0
0
0
0
0
0
0
0
0
0
0
0
0
0
0
0
0
0
0
0
0
0
0
0
0
0
0
0
0
0
0
0
0
0
0
0
0
0
0
0
0
0
0
0
0
0
0
0
0
0
0
0
0
0
0
0
0
0
0
0
0
0
0
0
0
0
0
0
0
0
0
0
0
0
0
0
0
0
0
0
0
0
0
0
0
0
0
0
0
0
0
0
0
0
0
0
0
0
0
0
0
0
0
0
0
0
0
0
0
0
0
0
0
0
0
0
0
0
0
0
0
0
0
0
0
0
0
0
0
0
0
0
0
0
0
0
0
0
0
0
0
0
0
0
0
0
0
0
0
0
0
0
0
0
0
0
0
0
0
0
0
0
0
0
0
0
0
0
0
0
0
0
0
0
0
0
0
0
0
0
0
0
0
0
0
0
0
0
0
0
0
0
0
0
0
0
0
0
0
0
0
0
0
0
0
0
0
0
0
0
0
0
0
0
0
0
0
0
0
0
0
0
0
0
0
0
0
0
0
0
0
0
0
0
0
0
0
0
0
0
0
0
0
0
0
0
0
0
0
0
0
0
0
0
0
0
0
0
0
0
0
0
0
0
0
0
0
0
0
0
0
0
0
0
0
0
0
0
0
0
0
0
0
0
0
0
0
0
0
0
0
0
0
0
0
0
0
0
0
0
0
0
0
0
0
0
0
0
0
0
0
0
0
0
0
0
0
0
0
0
0
0
0
0
0
0
0
0
0
0
0
0
0
0
0
0
0
0
0
0
0
0
0
0
0
0
0
0
0
0
0
0
0
0
0
0
0
0
0
0
0
0
0
0
0
0
0
0
0
0
0
0
0
0
0
0
0
0
0
0
0
0
0
0
0
0
0
0
0
0
0
0
0
0
0
0
0
0
0
0
0
0
0
0
0
0
0
0
0
0
0
0
0
0
0
0
0
0
0
0
0
0
0
0
0
0
0
0
0
0
0
0
0
0
0
0
0
0
0
0
0
0
0
0
0
0
0
0
0
0
0
0
0
0
0
0
0
0
0
0
0
0
0
0
0
0
0
0
0
0
0
0
0
0
0
0
0
0
0
0
0
0
0
0
0
0
0
0
0
0
0
0
0
0
0
0
0
0
0
0
0
0
0
0
0
0
0
0
0
0
0
0
0
0
0
0
0
0
0
0
0
0
0
0
0
0
0
0
0
0
0
0
0
0
0
0
0
0
0
0
0
0
0
0
0
0
0
0
0
0
0
0
0
0
0
0
0
0
0
0
0
0
0
0
0
0
0
0
0
0
0
0
0
0
0
0
0
0
0
0
0
0
0
0
0
0
0
0
0
0
0
0
0
0
0
0
0
0
0
0
0
0
0
0
0
0
0
0
0
0
0
0
0
0
0
0
0
0
0
0
0
0
0
0
0
0
0
0
0
0
0
0
0
0
0
0
0
0
0
0
0
0
0
0
0
0
0
0
0
0
0
0
0
0
0
0
0
0
0
0
0
0
0
0
0
0
0
0
0
0
0
0
0
0
0
0
0
0
0
0
0
0
0
0
0
0
0
0
0
0
0
0
0
0
0
0
0
0
0
0
0
0
0
0
0
0
0
0
0
0
0
0
0
0
0
0
0
0
0
0
0
0
0
0
0
0
0
0
0
0
0
0
0
0
0
0
0
0
0
0
0
0
0
0
0
0
0
0
0
0
0
0
0
0
0
0
0
0
0
0
0
0
0
0
0
0
0
0
0
0
0
0
0
0
0
0
0
0
0
0
0
0
0
0
0
0
0
0
0
0
0
0
0
0
0
0
0
0
0
0
0
0
0
0
0
0
0
0
0
0
0
0
0
0
0
0
0
0
0
0
0
0
0
0
0
0
0
0
0
0
0
0
0
0
0
0
0
0
0
0
0
0
0
0
0
0
0
0
0
0
0
0
0
0
0
0
0
0
0
0
0
0
0
0
0
0
0
0
0
0
0
0
0
0
0
0
0
0
0
0
0
0
0
0
0
0
0
0
0
0
0
0
0
0
0
0
0
0
0
0
0
0
0
0
0
0
0
0
0
0
0
0
0
0
0
0
0
0
0
0
0
0
0
0
0
0
0
0
0
0
0
0
0
0
0
0
0
0
0
0
0
0
0
0
0
0
0
0
0
0
0
0
0
0
0
0
0
0
0
0
0
0
0
0
0
0
0
0
0
0
0
0
0
0
0
0
0
0
0
0
0
0
0
0
0
0
0
0
0
0
0
0
0
0
0
0
0
0
0
0
0
0
0
0
0
0
0
0
0
0
0
0
0
0
0
0
0
0
0
0
0
0
0
0
0
0
0
0
0
0
0
0
0
0
0
0
0
0
0
0
0
0
0
0
0
0
0
0
0
0
0
0
0
0
0
0
0
0
0
0
0
0
0
0
0
0
0
0
0
0
0
0
0
0
0
0
0
0
0
0
0
0
0
0
0
0
0
0
0
0
0
0
0
0
0
0
0
0
0
0
0
0
0
0
0
0
0
0
0
0
0
0
0
0
0
0
0
0
0
0
0
0
0
0
0
0
0
0
0
0
0
0
0
0
0
0
0
0
0
0
0
0
0
0
0
0
0
0
0
0
0
0
0
0
0
0
0
0
0
0
0
0
0
0
0
0
0
0
0
0
0
0
0
0
0
0
0
0
0
0
0
0
0
0
0
0
0
0
0
0
0
0
0
0
0
0
0
0
0
0
0
0
0
0
0
0
0
0
0
0
0
0
0
0
0
0
0
0
0
0
0
0
0
0
0
0
0
0
0
0
0
0
0
0
0
0
0
0
0
0
0
0
0
0
0
0
0
0
0
0
0
0
0
0
0
0
0
0
0
0
0
0
0
0
0
0
0
0
0
0
0
0
0
0
0
0
0
0
0
0
0
0
0
0
0
0
0
0
0
0
0
0
0
0
0
0
0
0
0
0
0
0
0
0
0
0
0
0
0
0
0
0
0
0
0
0
0
0
0
0
0
0
0
0
0
0
0
0
0
0
0
0
0
0
0
0
0
0
0
0
0
0
0
0
0
0
0
0
0
0
0
0
0
0
0
0
0
0
0
0
0
0
0
0
0
0
0
0
0
0
0
0
0
0
0
0
0
0
0
0
0
0
0
0
0
0
0
0
0
0
0
0
0
0
0
0
0
0
0
0
0
0
0
0
0
0
0
0
0
0
0
0
0
0
0
0
0
0
0
0
0
0
0
0
0
0
0
0
0
0
0
0
0
0
0
0
0
0
0
0
0
0
0
0
0
0
0
0
0
0
0
0
0
0
0
0
0
0
0
0
0
0
0
0
0
0
0
0
0
0
0
0
0
0
0
0
0
0
0
0
0
0
0
0
0
0
0
0
0
0
0
0
0
0
0
0
0
0
0
0
0
0
0
0
0
0
0
0
0
0
0
0
0
0
0
0
0
0
0
0
0
0
0
0
0
0
0
0
0
0
0
0
0
0
0
0
0
0
0
0
0
0
0
0
0
0
0
0
0
0
0
0
0
0
0
0
0
0
0
0
0
0
0
0
0
0
0
0
0
0
0
0
0
0
0
0
0
0
0
0
0
0
0
0
0
0
0
0
0
0
0
0
0
0
0
0
0
0
0
0
0
0
0
0
0
0
0
0
0
0
0
0
0
0
0
0
0
0
0
0
0
0
0
0
0
0
0
0
0
0
0
0
0
0
0
0
0
0
0
0
0
0
0
0
0
0
0
0
0
0
0
0
0
0
0
0
0
0
0
0
0
0
0
0
0
0
0
0
0
0
0
0
0
0
0
0
0
0
0
0
0
0
0
0
0
0
0
0
0
0
0
0
0
0
0
0
0
0
0
0
0
0
0
0
0
0
0
0
0
0
0
0
0
0
0
0
0
0
0
0
0
0
0
0
0
0
0
0
0
0
0
0
0
0
0
0
0
0
0
0
0
0
0
0
0
0
0
0
0
0
0
0
0
0
0
0
0
0
0
0
0
0
0
0
0
0
0
0
0
0
0
0
0
0
0
0
0
0
0
0
0
0
0
0
0
0
0
0
0
0
0
0
0
0
0
0
0
0
0
0
0
0
0
0
0
0
0
0
0
0
0
0
0
0
0
0
0
0
0
0
0
0
0
0
0
0
0
0
0
0
0
0
0
0
0
0
0
0
0
0
0
0
0
0
0
0
0
0
0
0
0
0
0
0
0
0
0
0
0
0
0
0
0
0
0
0
0
0
0
0
0
0
0
0
0
0
0
0
0
0
0
0
0
0
0
0
0
0
0
0
0
0
0
0
0
0
0
0
0
0
0
0
0
0
0
0
0
0
0
0
0
0
0
0
0
0
0
0
0
0
0
0
0
0
0
0
0
0
0
0
0
0
0
0
0
0
0
0
0
0
0
0
0
0
0
0
0
0
0
0
0
0
0
0
0
0
0
0
0
0
0
0
0
0
0
0
0
0
0
0
0
0
0
0
0
0
0
0
0
0
0
0
0
0
0
0
0
0
0
0
0
0
0
0
0
0
0
0
0
0
0
0
0
0
0
0
0
0
0
0
0
0
0
0
0
0
0
0
0
0
0
0
0
0
0
0
0
0
0
0
0
0
0
0
0
0
0
0
0
0
0
0
0
0
0
0
0
0
0
0
0
0
0
0
0
0
0
0
0
0
0
0
0
0
0
0
0
0
0
0
0
0
0
0
0
0
0
0
0
0
0
0
0
0
0
0
0
0
0
0
0
0
0
0
0
0
0
0
0
0
0
0
0
0
0
0
0
0
0
0
0
0
0
0
0
0
0
0
0
0
0
0
0
0
0
0
0
0
0
0
0
0
0
0
0
0
0
0
0
0
0
0
0
0
0
0
0
0
0
0
0
0
0
0
0
0
0
0
0
0
0
0
0
0
0
0
0
0
0
0
0
0
0
0
0
0
0
0
0
0
0
0
0
0
0
0
0
0
0
0
0
0
0
0
0
0
0
0
0
0
0
0
0
0
0
0
0
0
0
0
0
0
0
0
0
0
0
0
0
0
0
0
0
0
0
0
0
0
0
0
0
0
0
0
0
0
0
0
0
0
0
0
0
0
0
0
0
0
0
0
0
0
0
0
0
0
0
0
0
0
0
0
0
0
0
0
0
0
0
0
0
0
0
0
0
0
0
0
0
0
0
0
0
0
0
0
0
0
0
0
0
0
0
0
0
0
0
0
0
0
0
0
0
0
0
0
0
0
0
0
0
0
0
0
0
0
0
0
0
0
0
0
0
0
0
0
0
0
0
0
0
0
0
0
0
0
0
0
0
0
0
0
0
0
0
0
0
0
0
0
0
0
0
0
0
0
0
0
0
0
0
0
0
0
0
0
0
0
0
0
0
0
0
0
0
0
0
0
0
0
0
0
0
0
0
0
0
0
0
0
0
0
0
0
0
0
0
0
0
0
0
0
0
0
0
0
0
0
0
0
0
0
0
0
0
0
0
0
0
0
0
0
0
0
0
0
0
0
0
0
0
0
0
0
0
0
0
0
0
0
0
0
0
0
0
0
0
0
0
0
0
0
0
0
0
0
0
0
0
0
0
0
0
0
0
0
0
0
0
0
0
0
0
0
0
0
0
0
0
0
0
0
0
0
0
0
0
0
0
0
0
0
0
0
0
0
0
0
0
0
0
0
0
0
0
0
0
0
0
0
0
0
0
0
0
0
0
0
0
0
0
0
0
0
0
0
0
0
0
0
0
0
0
0
0
0
0
0
0
0
0
0
0
0
0
0
0
0
0
0
0
0
0
0
0
0
0
0
0
0
0
0
0
0
0
0
0
0
0
0
0
0
0
0
0
0
0
0
0
0
0
0
0
0
0
0
0
0
0
0
0
0
0
0
0
0
0
0
0
0
0
0
0
0
0
0
0
0
0
0
0
0
0
0
0
0
0
0
0
0
0
0
0
0
0
0
0
0
0
0
0
0
0
0
0
0
0
0
0
0
0
0
0
0
0
0
0
0
0
0
0
0
0
0
0
0
0
0
0
0
0
0
0
0
0
0
0
0
0
0
0
0
0
0
0
0
0
0
0
0
0
0
0
0
0
0
0
0
0
0
0
0
0
0
0
0
0
0
0
0
0
0
0
0
0
0
0
0
0
0
0
0
0
0
0
0
0
0
0
0
0
0
0
0
0
0
0
0
0
0
0
0
0
0
0
0
0
0
0
0
0
0
0
0
0
0
0
0
0
0
0
0
0
0
0
0
0
0
0
0
0
0
0
0
0
0
0
0
0
0
0
0
0
0
0
0
0
0
0
0
0
0
0
0
0
0
0
0
0
0
0
0
0
0
0
0
0
0
0
0
0
0
0
0
0
SCALARS fluid_mask float 1
LOOKUP_TABLE default
1
1
1
1
1
1
1
1
1
1
1
1
1
1
1
1
1
1
1
1
1
1
1
1
1
1
1
1
1
1
1
1
1
1
1
1
1
1
1
1
1
1
1
1
1
1
1
1
1
1
1
1
1
1
1
1
1
1
1
1
1
1
1
1
1
1
1
1
1
1
1
1
1
1
1
1
1
1
1
1
1
1
1
1
1
1
1
1
1
1
1
1
1
1
1
1
1
1
1
1
1
1
1
1
1
1
1
1
1
1
1
1
1
1
1
1
1
1
1
1
1
1
1
1
1
1
1
1
1
1
1
1
1
1
1
1
1
1
1
1
1
1
1
1
1
1
1
1
1
1
1
1
1
1
1
1
1
1
1
1
1
1
1
1
1
1
1
1
1
1
1
1
1
1
1
1
1
1
1
1
1
1
1
1
1
1
1
1
1
1
1
1
1
1
1
1
1
1
1
1
1
1
1
1
1
1
1
1
1
1
1
1
1
1
1
1
1
1
1
1
1
1
1
1
1
1
1
1
1
1
1
1
1
1
1
1
1
1
1
1
1
1
1
1
1
1
1
1
1
1
1
1
1
1
1
1
1
1
1
1
1
1
1
1
1
1
1
1
1
1
1
1
1
1
1
1
1
1
1
1
1
1
1
1
1
1
1
1
1
1
1
1
1
1
1
1
1
1
1
1
1
1
1
1
1
1
1
1
1
1
1
1
1
1
1
1
1
1
1
1
1
1
1
1
1
1
1
1
1
1
1
1
1
1
1
1
1
1
1
1
1
1
1
1
1
1
1
1
1
1
1
1
1
1
1
1
1
1
1
1
1
1
1
1
1
1
1
1
1
1
1
1
1
1
1
1
1
1
1
1
1
1
1
1
1
1
1
1
1
1
1
1
1
1
1
1
1
1
1
1
1
1
1
1
1
1
1
1
1
1
1
1
1
1
1
1
1
1
1
1
1
1
1
1
1
1
1
1
1
1
1
1
1
1
1
1
1
1
1
1
1
1
1
1
1
1
1
1
1
1
1
1
1
1
1
1
1
1
1
1
1
1
1
1
1
1
1
1
1
1
1
1
1
1
1
1
1
1
1
1
1
1
1
1
1
1
1
1
1
1
1
1
1
1
1
1
1
1
1
1
1
1
1
1
1
1
1
1
1
1
1
1
1
1
1
1
1
1
1
1
1
1
1
1
1
1
1
1
1
1
1
1
1
1
1
1
1
1
1
1
1
1
1
1
1
1
1
1
1
1
1
1
1
1
1
1
1
1
1
1
1
1
1
1
1
1
1
1
1
1
1
1
1
1
1
1
1
1
1
1
1
1
1
1
1
1
1
1
1
1
1
1
1
1
1
1
1
1
1
1
1
1
1
1
1
1
1
1
1
1
1
1
1
1
1
1
1
1
1
1
1
1
1
1
1
1
1
1
1
1
1
1
1
1
1
1
1
1
1
1
1
1
1
1
1
1
1
1
1
1
1
1
1
1
1
1
1
1
1
1
1
1
1
1
1
1
1
1
1
1
1
1
1
1
1
1
1
1
1
1
1
1
1
1
1
1
1
1
1
1
1
1
1
1
1
1
1
1
1
1
1
1
1
1
1
1
1
1
1
1
1
1
1
1
1
1
1
1
1
1
1
1
1
1
1
1
1
1
1
1
1
1
1
1
1
1
1
1
1
1
1
1
1
1
1
1
1
1
1
1
1
1
1
1
1
1
1
1
1
1
1
1
1
1
1
1
1
1
1
1
1
1
1
1
1
1
1
1
1
1
1
1
1
1
1
1
1
1
1
1
1
1
1
1
1
1
1
1
1
1
1
1
1
1
1
1
1
1
1
1
1
1
1
1
1
1
1
1
1
1
1
1
1
1
1
1
1
1
1
1
1
1
1
1
1
1
1
1
1
1
1
1
1
1
1
1
1
1
1
1
1
1
1
1
1
1
1
1
1
1
1
1
1
1
1
1
1
1
1
1
1
1
1
1
1
1
1
1
1
1
1
1
1
1
1
1
1
1
1
1
1
1
1
1
1
1
1
1
1
1
1
1
1
1
1
1
1
1
1
1
1
1
1
1
1
1
1
1
1
1
1
1
1
1
1
1
1
1
1
1
1
1
1
1
1
1
1
1
1
1
1
1
1
1
1
1
1
1
1
1
1
1
1
1
1
1
1
1
1
1
1
1
1
1
1
1
1
1
1
1
1
1
1
1
1
1
1
1
1
1
1
1
1
1
1
1
1
1
1
1
1
1
1
1
1
1
1
1
1
1
1
1
1
1
1
1
1
1
1
1
1
1
1
1
1
1
1
1
1
1
1
1
1
1
1
1
1
1
1
1
1
1
1
1
1
1
1
1
1
1
1
1
1
1
1
1
1
1
1
1
1
1
1
1
1
1
1
1
1
1
1
1
1
1
1
1
1
1
1
1
1
1
1
1
1
1
1
1
1
1
1
1
1
1
1
1
1
1
1
1
1
1
1
1
1
1
1
1
1
1
1
1
1
1
1
1
1
1
1
1
1
1
1
1
1
1
1
1
1
1
1
1
1
1
1
1
1
1
1
1
1
1
1
1
1
1
1
1
1
1
1
1
1
1
1
1
1
1
1
1
1
1
1
1
1
1
1
1
1
1
1
1
1
1
1
1
1
1
1
1
0
0
0
0
0
0
0
0
0
0
0
0
0
0
0
0
0
0
0
0
0
0
0
0
0
0
0
0
0
0
0
0
0
0
0
0
0
0
0
0
0
0
0
0
0
0
0
0
0
0
0
0
0
0
0
0
0
0
0
0
0
0
0
0
0
0
0
0
0
0
0
0
0
0
0
0
0
0
0
0
0
0
0
0
0
0
0
0
0
0
0
0
0
0
0
0
0
0
0
0
0
0
0
0
0
0
0
0
0
0
0
0
0
0
0
0
0
0
0
0
0
0
0
0
0
0
0
0
0
0
0
0
0
0
0
0
0
0
0
0
0
0
0
0
0
0
0
0
0
0
0
0
0
0
0
0
0
0
0
0
0
0
0
0
0
0
0
0
0
0
0
0
0
0
0
0
0
0
0
0
0
0
0
0
0
0
0
0
0
0
0
0
0
0
0
0
0
0
0
0
0
0
0
0
0
0
0
0
0
0
0
0
0
0
0
0
0
0
0
0
0
0
0
0
0
0
0
0
0
0
0
0
0
0
0
0
0
0
0
0
0
0
0
0
0
0
0
0
0
0
0
0
0
0
0
0
0
0
0
0
0
0
0
0
0
0
0
0
0
0
0
0
0
0
0
0
0
0
0
0
0
0
0
0
0
0
0
0
0
0
0
0
0
0
0
0
0
0
0
0
0
0
0
0
0
0
0
0
0
0
0
0
0
0
0
0
0
0
0
0
0
0
0
0
0
0
0
0
0
0
0
0
0
0
0
0
0
0
0
0
0
0
0
0
0
0
0
0
0
0
0
0
0
0
0
0
0
0
0
0
0
0
0
0
0
0
0
0
0
0
0
0
0
0
0
0
0
0
0
0
0
0
0
0
0
0
0
0
0
0
0
0
0
0
0
0
0
0
0
0
0
0
0
0
0
0
0
0
0
0
0
0
0
0
0
0
0
0
0
0
0
0
0
0
0
0
0
0
0
0
0
0
0
0
0
0
0
0
0
0
0
0
0
0
0
0
0
0
0
0
0
0
0
0
0
0
0
0
0
0
0
0
0
0
0
0
0
0
0
0
0
0
0
0
0
0
0
0
0
0
0
0
0
0
0
0
0
0
0
0
0
0
0
0
0
0
0
0
0
0
0
0
0
0
0
0
0
0
0
0
0
0
0
0
0
0
0
0
0
0
0
0
0
0
0
0
0
0
0
0
0
0
0
0
0
0
0
0
0
0
0
0
0
0
0
0
0
0
0
0
0
0
0
0
0
0
0
0
0
0
0
0
0
0
0
0
0
0
0
0
0
0
0
0
0
0
0
0
0
0
0
0
0
0
0
0
0
0
0
0
0
0
0
0
0
0
0
0
0
0
0
0
0
0
0
0
0
0
0
0
0
0
0
0
0
0
0
0
0
0
0
0
0
0
0
0
0
0
0
0
0
0
0
0
0
0
0
0
0
0
0
0
0
0
0
0
0
0
0
0
0
0
0
0
0
0
0
0
0
0
0
0
0
0
0
0
0
0
0
0
0
0
0
0
0
0
0
0
0
0
0
0
0
0
0
0
0
0
0
0
0
0
0
0
0
0
0
0
0
0
0
0
0
0
0
0
0
0
0
0
0
0
0
0
0
0
0
0
0
0
0
0
0
0
0
0
0
0
0
0
0
0
0
0
0
0
0
0
0
0
0
0
0
0
0
0
0
0
0
0
0
0
0
0
0
0
0
0
0
0
0
0
0
0
0
0
0
0
0
0
0
0
0
0
0
0
0
0
0
0
0
0
0
0
0
0
0
0
0
0
0
0
0
0
0
0
0
0
0
0
0
0
0
0
0
0
0
0
0
0
0
0
0
0
0
0
0
0
0
0
0
0
0
0
0
0
0
0
0
0
0
0
0
0
0
0
0
0
0
0
0
0
0
0
0
0
0
0
0
0
0
0
0
0
0
0
0
0
0
0
0
0
0
0
0
0
0
0
0
0
0
0
0
0
0
0
0
0
0
0
0
0
0
0
0
0
0
0
0
0
0
0
0
0
0
0
0
0
0
0
0
0
0
0
0
0
0
0
0
0
0
0
0
0
0
0
0
0
0
0
0
0
0
0
0
0
0
0
0
0
0
0
0
0
0
0
0
0
0
0
0
0
0
0
0
0
0
0
0
0
0
0
0
0
0
0
0
0
0
0
0
0
0
0
0
0
0
0
0
0
0
0
0
0
0
0
0
0
0
0
0
0
0
0
0
0
0
0
0
0
0
0
0
0
0
0
0
0
0
0
0
0
0
0
0
0
0
0
0
0
0
0
0
0
0
0
0
0
0
0
0
0
0
0
0
0
0
0
0
0
0
0
0
0
0
0
0
0
0
0
0
0
0
0
0
0
0
0
0
0
0
0
0
0
0
0
0
0
0
0
0
0
0
0
0
0
0
0
0
0
0
0
0
0
0
0
0
0
0
0
0
0
0
0
0
0
0
0
0
0
0
0
0
0
0
0
0
0
0
0
0
0
0
0
0
0
0
0
0
0
0
0
0
0
0
0
0
0
0
0
0
0
0
0
0
0
0
0
0
0
0
0
0
0
0
0
0
0
0
0
0
0
0
0
0
0
0
0
0
0
0
0
0
0
0
0
0
0
0
0
0
0
0
0
0
0
0
0
0
0
0
0
0
0
0
0
0
0
0
0
0
0
0
0
0
0
0
0
0
0
0
0
0
0
0
0
0
0
0
0
0
0
0
0
0
0
0
0
0
0
0
0
0
0
0
0
0
0
0
0
0
0
0
0
0
0
0
0
0
0
0
0
0
0
0
0
0
0
0
0
0
0
0
0
0
0
0
0
0
0
0
0
0
0
0
0
0
0
0
0
0
0
0
0
0
0
0
0
0
0
0
0
0
0
0
0
0
0
0
0
0
0
0
0
0
0
0
0
0
0
0
0
0
0
0
0
0
0
0
0
0
0
0
0
0
0
0
0
0
0
0
0
0
0
0
0
0
0
0
0
0
0
0
0
0
0
0
0
0
0
0
0
0
0
0
0
0
0
0
0
0
0
0
0
0
0
0
0
0
0
0
0
0
0
0
0
0
0
0
0
0
0
0
0
0
0
0
0
0
0
0
0
0
0
0
0
0
0
0
0
0
0
0
0
0
0
0
0
0
0
0
0
0
0
0
0
0
0
0
0
0
0
0
0
0
0
0
0
0
0
0
0
0
0
0
0
0
0
0
0
0
0
0
0
0
0
0
0
0
0
0
0
0
0
0
0
0
0
0
0
0
0
0
0
0
0
0
0
0
0
0
0
0
0
0
0
0
0
0
0
0
0
0
0
0
0
0
0
0
0
0
0
0
0
0
0
0
0
0
0
0
0
0
0
0
0
0
0
0
0
0
0
0
0
0
0
0
0
0
0
0
0
0
0
0
0
0
0
0
0
0
0
0
0
0
0
0
0
0
0
0
0
0
0
0
0
0
0
0
0
0
0
0
0
0
0
0
0
0
0
0
0
0
0
0
0
0
0
0
0
0
0
0
0
0
0
0
0
0
0
0
0
0
0
0
0
0
0
0
0
0
0
0
0
0
0
0
0
0
0
0
0
0
0
0
0
0
0
0
0
0
0
0
0
0
0
0
0
0
0
0
0
0
0
0
0
0
0
0
0
0
0
0
0
0
0
0
0
0
0
0
0
0
0
0
0
0
0
0
0
0
0
0
0
0
0
0
0
0
0
0
0
0
0
0
0
0
0
0
0
0
0
0
0
0
0
0
0
0
0
0
0
0
0
0
0
0
0
0
0
0
0
0
0
0
0
0
0
0
0
0
0
0
0
0
0
0
0
0
0
0
0
0
0
0
0
0
0
0
0
0
0
0
0
0
0
0
0
0
0
0
0
0
0
0
0
0
0
0
0
0
0
0
0
0
0
0
0
0
0
0
0
0
0
0
0
0
0
0
0
0
0
0
0
0
0
0
0
0
0
0
0
0
0
0
0
0
0
0
0
0
0
0
0
0
0
0
0
0
0
0
0
0
0
0
0
0
0
0
0
0
0
0
0
0
0
0
0
0
0
0
0
0
0
0
0
0
0
0
0
0
0
0
0
0
0
0
0
0
0
0
0
0
0
0
0
0
0
0
0
0
0
0
0
0
0
0
0
0
0
0
0
0
0
0
0
0
0
0
0
0
0
0
0
0
0
0
0
0
0
0
0
0
0
0
0
0
0
0
0
0
0
0
0
0
0
0
0
0
0
0
0
0
0
0
0
0
0
0
0
0
0
0
0
0
0
0
0
0
0
0
0
0
0
0
0
0
0
0
0
0
0
0
0
0
0
0
0
0
0
0
0
0
0
0
0
0
0
0
0
0
0
0
0
0
0
0
0
0
0
0
0
0
0
0
0
0
0
0
0
0
0
0
0
0
0
0
0
0
0
0
0
0
0
0
0
0
0
0
0
0
0
0
0
0
0
0
0
0
0
0
0
0
0
0
0
0
0
0
0
0
0
0
0
0
0
0
0
0
0
0
0
0
0
0
0
0
0
0
0
0
0
0
0
0
0
0
0
0
0
0
0
0
0
0
0
0
0
0
0
0
0
0
0
0
0
0
0
0
0
0
0
0
0
0
0
0
0
0
0
0
0
0
0
0
0
0
0
0
0
0
0
0
0
0
0
0
0
0
0
0
0
0
0
0
0
0
0
0
0
0
0
0
0
0
0
0
0
0
0
0
0
0
0
0
0
0
0
0
0
0
0
0
0
0
0
0
0
0
0
0
0
0
0
0
0
0
0
0
0
0
0
0
0
0
0
0
0
0
0
0
0
0
0
0
0
0
0
0
0
0
0
0
0
0
0
0
0
0
0
0
0
0
0
0
0
0
0
0
0
0
0
0
0
0
0
0
0
0
0
0
0
0
0
0
0
0
0
0
0
0
0
0
0
0
0
0
0
0
0
0
0
0
0
0
0
0
0
0
0
0
0
0
0
0
0
0
0
0
0
0
0
0
0
0
0
0
0
0
0
0
0
0
0
0
0
0
0
0
0
0
0
0
0
0
0
0
0
0
0
0
0
0
0
0
0
0
0
0
0
0
0
0
0
0
0
0
0
0
0
0
0
0
0
0
0
0
0
0
0
0
0
0
0
0
0
0
0
0
0
0
0
0
0
0
0
0
0
0
0
0
0
0
0
0
0
0
0
0
0
0
0
0
0
0
0
0
0
0
0
0
0
0
0
0
0
0
0
0
0
0
0
0
0
0
0
0
0
0
0
0
0
0
0
0
0
0
0
0
0
0
0
0
0
0
0
0
0
0
0
0
0
0
0
0
0
0
0
0
0
0
0
0
0
0
0
0
0
0
0
0
0
0
0
0
0
0
0
0
0
0
0
0
0
0
0
0
0
0
0
0
0
0
0
0
0
0
0
0
0
0
0
0
0
0
0
0
0
0
0
0
0
0
0
0
0
0
0
0
0
0
0
0
0
0
0
0
0
0
0
0
0
0
0
0
0
0
0
0
0
0
0
0
0
0
0
0
0
0
0
0
0
0
0
0
0
0
0
0
0
0
0
0
0
0
0
0
0
0
0
0
0
0
0
0
0
0
0
0
0
0
0
0
0
0
0
0
0
0
0
0
0
0
0
0
0
0
0
0
0
0
0
0
0
0
0
0
0
0
0
0
0
0
0
0
0
0
0
0
0
0
0
0
0
0
0
0
0
0
0
0
0
0
0
0
0
0
0
0
0
0
0
0
0
0
0
0
0
0
0
0
0
0
0
0
0
0
0
0
0
0
0
0
0
0
0
0
0
0
0
0
0
0
0
0
0
0
0
0
0
0
0
0
0
0
0
0
0
0
0
0
0
0
0
0
0
0
0
0
0
0
0
0
0
0
0
0
0
0
0
0
0
0
0
0
0
0
0
0
0
0
0
0
0
0
0
0
0
0
0
0
0
0
0
0
0
0
0
0
0
0
0
0
0
0
0
0
0
0
0
0
0
0
0
0
0
0
0
0
0
0
0
0
0
0
0
0
0
0
0
0
0
0
0
0
0
0
0
0
0
0
0
0
0
0
0
0
0
0
0
0
0
0
0
0
0
0
0
0
0
0
0
0
0
0
0
0
0
0
0
0
0
0
0
0
0
0
0
0
0
0
0
0
0
0
0
0
0
0
0
0
0
0
0
0
0
0
0
0
0
0
0
0
0
0
0
0
0
0
0
0
0
0
0
0
0
0
0
0
0
0
0
0
0
0
0
0
0
0
0
0
0
0
0
0
0
0
0
0
0
0
0
0
0
0
0
0
0
0
0
0
0
0
0
0
0
0
0
0
0
0
0
0
0
0
0
0
0
0
0
0
0
0
0
0
0
0
0
0
0
0
0
0
0
0
0
0
0
0
0
0
0
0
0
0
0
0
0
0
0
0
0
0
0
0
0
0
0
0
0
0
0
0
0
0
0
0
0
0
0
0
0
0
0
0
0
0
0
0
0
0
0
0
0
0
0
0
0
0
0
0
0
0
0
0
0
0
0
0
0
0
0
0
0
0
0
0
0
0
0
0
0
0
0
0
0
0
0
0
0
0
0
0
0
0
0
0
0
0
0
0
0
0
0
0
0
0
0
0
0
0
0
0
0
0
0
0
0
0
0
0
0
0
0
0
0
0
0
0
0
0
0
0
0
0
0
0
0
0
0
0
0
0
0
0
0
0
0
0
0
0
0
0
0
0
0
0
0
0
0
0
0
0
0
0
0
0
0
0
0
0
0
0
0
0
0
0
0
0
0
0
0
0
0
0
0
0
0
0
0
0
0
0
0
0
0
0
0
0
0
0
0
0
0
0
0
0
0
0
0
0
0
0
0
0
0
0
0
0
0
0
0
0
0
0
0
0
0
0
0
0
0
0
0
0
0
0
0
0
0
0
0
0
0
0
0
0
0
0
0
0
0
0
0
0
0
0
0
0
0
0
0
0
0
0
0
0
0
0
0
0
0
0
0
0
0
0
0
0
0
0
0
0
0
0
0
0
0
0
0
0
0
0
0
0
0
0
0
0
0
0
0
0
0
0
0
0
0
0
0
0
0
0
0
0
0
0
0
0
0
0
0
0
0
0
0
0
0
0
0
0
0
0
0
0
0
0
0
0
0
0
0
0
0
0
0
0
0
0
0
0
0
0
0
0
0
0
0
0
0
0
0
0
0
0
0
0
0
0
0
0
0
0
0
0
0
0
0
0
0
0
0
0
0
0
0
0
0
0
0
0
0
0
0
0
0
0
0
0
0
0
0
0
0
0
0
0
0
0
0
0
0
0
0
0
0
0
0
0
0
0
0
0
0
0
0
0
0
0
0
0
0
0
0
0
0
0
0
0
0
0
0
0
0
0
0
0
0
0
0
0
0
0
0
0
0
0
0
0
0
0
0
0
0
0
0
0
0
0
0
0
0
0
0
0
0
0
0
0
0
0
0
0
0
0
0
0
0
0
0
0
0
0
0
0
0
SCALARS boundary_speed float 1
LOOKUP_TABLE default
0
0
0
0
0
0
0
0
0
0
0
0
0
0
0
0
0
0
0
0
0
0
0
0
0
0
0
0
0
0
0
0
0
0
0
0
0
0
0
0
0
0
0
0
0
0
0
0
0
0
0
0
0
0
0
0
0
0
0
0
0
0
0
0
0
0
0
0
0
0
0
0
0
0
0
0
0
0
0
0
0
0
0
0
0
0
0
0
0
0
0
0
0
0
0
0
0
0
0
0
0
0
0
0
0
0
0
0
0
0
0
0
0
0
0
0
0
0
0
0
0
0
0
0
0
0
0
0
0
0
0
0
0
0
0
0
0
0
0
0
0
0
0
0
0
0
0
0
0
0
0
0
0
0
0
0
0
0
0
0
0
0
0
0
0
0
0
0
0
0
0
0
0
0
0
0
0
0
0
0
0
0
0
0
0
0
0
0
0
0
0
0
0
0
0
0
0
0
0
0
0
0
0
0
0
0
0
0
0
0
0
0
0
0
0
0
0
0
0
0
0
0
0
0
0
0
0
0
0
0
0
0
0
0
0
0
0
0
0
0
0
0
0
0
0
0
0
0
0
0
0
0
0
0
0
0
0
0
0
0
0
0
0
0
0
0
0
0
0
0
0
0
0
0
0
0
0
0
0
0
0
0
0
0
0
0
0
0
0
0
0
0
0
0
0
0
0
0
0
0
0
0
0
0
0
0
0
0
0
0
0
0
0
0
0
0
0
0
0
0
0
0
0
0
0
0
0
0
0
0
0
0
0
0
0
0
0
0
0
0
0
0
0
0
0
0
0
0
0
0
0
0
0
0
0
0
0
0
0
0
0
0
0
0
0
0
0
0
0
0
0
0
0
0
0
0
0
0
0
0
0
0
0
0
0
0
0
0
0
0
0
0
0
0
0
0
0
0
0
0
0
0
0
0
0
0
0
0
0
0
0
0
0
0
0
0
0
0
0
0
0
0
0
0
0
0
0
0
0
0
0
0
0
0
0
0
0
0
0
0
0
0
0
0
0
0
0
0
0
0
0
0
0
0
0
0
0
0
0
0
0
0
0
0
0
0
0
0
0
0
0
0
0
0
0
0
0
0
0
0
0
0
0
0
0
0
0
0
0
0
0
0
0
0
0
0
0
0
0
0
0
0
0
0
0
0
0
0
0
0
0
0
0
0
0
0
0
0
0
0
0
0
0
0
0
0
0
0
0
0
0
0
0
0
0
0
0
0
0
0
0
0
0
0
0
0
0
0
0
0
0
0
0
0
0
0
0
0
0
0
0
0
0
0
0
0
0
0
0
0
0
0
0
0
0
0
0
0
0
0
0
0
0
0
0
0
0
0
0
0
0
0
0
0
0
0
0
0
0
0
0
0
0
0
0
0
0
0
0
0
0
0
0
0
0
0
0
0
0
0
0
0
0
0
0
0
0
0
0
0
0
0
0
0
0
0
0
0
0
0
0
0
0
0
0
0
0
0
0
0
0
0
0
0
0
0
0
0
0
0
0
0
0
0
0
0
0
0
0
0
0
0
0
0
0
0
0
0
0
0
0
0
0
0
0
0
0
0
0
0
0
0
0
0
0
0
0
0
0
0
0
0
0
0
0
0
0
0
0
0
0
0
0
0
0
0
0
0
0
0
0
0
0
0
0
0
0
0
0
0
0
0
0
0
0
0
0
0
0
0
0
0
0
0
0
0
0
0
0
0
0
0
0
0
0
0
0
0
0
0
0
0
0
0
0
0
0
0
0
0
0
0
0
0
0
0
0
0
0
0
0
0
0
0
0
0
0
0
0
0
0
0
0
0
0
0
0
0
0
0
0
0
0
0
0
0
0
0
0
0
0
0
0
0
0
0
0
0
0
0
0
0
0
0
0
0
0
0
0
0
0
0
0
0
0
0
0
0
0
0
0
0
0
0
0
0
0
0
0
0
0
0
0
0
0
0
0
0
0
0
0
0
0
0
0
0
0
0
0
0
0
0
0
0
0
0
0
0
0
0
0
0
0
0
0
0
0
0
0
0
0
0
0
0
0
0
0
0
0
0
0
0
0
0
0
0
0
0
0
0
0
0
0
0
0
0
0
0
0
0
0
0
0
0
0
0
0
0
0
0
0
0
0
0
0
0
0
0
0
0
0
0
0
0
0
0
0
0
0
0
0
0
0
0
0
0
0
0
0
0
0
0
0
0
0
0
0
0
0
0
0
0
0
0
0
0
0
0
0
0
0
0
0
0
0
0
0
0
0
0
0
0
0
0
0
0
0
0
0
0
0
0
0
0
0
0
0
0
0
0
0
0
0
0
0
0
0
0
0
0
0
0
0
0
0
0
0
0
0
0
0
0
0
0
0
0
0
0
0
0
0
0
0
0
0
0
0
0
0
0
0
0
0
0
0
0
0
0
0
0
0
0
0
0
0
0
0
0
0
0
0
0
0
0
0
0
0
0
0
0
0
0
0
0
0
0
0
0
0
0
0
0
0
0
0
0
0
0
0
0
0
0
0
0
0
0
0
0
0
0
0
0
0
0
0
0
0
0
0
0
0
0
0
0
0
0
0
0
0
0
0
0
0
0
0
0
0
0
0
0
0
0
0
0
0
0
0
0
0
0
0
0
0
0
0
0
0
0
0
0
0
0
0
0
0
0
0
0
0
0
0
0
0
0
0
0
0
0
0
0
0
0
0
0
0
0
0
0
0
0
0
0
0
0
0
0
0
0
0
0
0
0
0
0
0
0
0
0
0
0
0
0
0
0
0
0
0
0
0
0
0
0
0
0
0
0
0
0
0
0
0
0
0
0
0
0
0
0
0
0
0
0
0
0
0
0
0
0
0
0
0
0
0
0
0
0
0
0
0
0
0
0
0
0
0
0
0
0
0
0
0
0
0
0
0
0
0
0
0
0
0
0
0
0
0
0
0
0
0
0
0
0
0
0
0
0
0
0
0
0
0
0
0
0
0
0
0
0
0
0
0
0
0
0
0
0
0
0
0
0
0
0
0
0
0
0
0
0
0
0
0
0
0
0
0
0
0
0
0
0
0
0
0
0
0
0
0
0
0
0
0
0
0
0
0
0
0
0
0
0
0
0
0
0
0
0
0
0
0
0
0
0
0
0
0
0
0
0
0
0
0
0
0
0
0
0
0
0
0
0
0
0
0
0
0
0
0
0
0
0
0
0
0
0
0
0
0
0
0
0
0
0
0
0
0
0
0
0
0
0
0
0
0
0
0
0
0
0
0
0
0
0
0
0
0
0
0
0
0
0
0
0
0
0
0
0
0
0
0
0
0
0
0
0
0
0
0
0
0
0
0
0
0
0
0
0
0
0
0
0
0
0
0
0
0
0
0
0
0
0
0
0
0
0
0
0
0
0
0
0
0
0
0
0
0
0
0
0
0
0
0
0
0
0
0
0
0
0
0
0
0
0
0
0
0
0
0
0
0
0
0
0
0
0
0
0
0
0
0
0
0
0
0
0
0
0
0
0
0
0
0
0
0
0
0
0
0
0
0
0
0
0
0
0
0
0
0
0
0
0
0
0
0
0
0
0
0
0
0
0
0
0
0
0
0
0
0
0
0
0
0
0
0
0
0
0
0
0
0
0
0
0
0
0
0
0
0
0
0
0
0
0
0
0
0
0
0
0
0
0
0
0
0
0
0
0
0
0
0
0
0
0
0
0
0
0
0
0
0
0
0
0
0
0
0
0
0
0
0
0
0
0
0
0
0
0
0
0
0
0
0
0
0
0
0
0
0
0
0
0
0
0
0
0
0
0
0
0
0
0
0
0
0
0
0
0
0
0
0
0
0
0
0
0
0
0
0
0
0
0
0
0
0
0
0
0
0
0
0
0
0
0
0
0
0
0
0
0
0
0
0
0
0
0
0
0
0
0
0
0
0
0
0
0
0
0
0
0
0
0
0
0
0
0
0
0
0
0
0
0
0
0
0
0
0
0
0
0
0
0
0
0
0
0
0
0
0
0
0
0
0
0
0
0
0
0
0
0
0
0
0
0
0
0
0
0
0
0
0
0
0
0
0
0
0
0
0
0
0
0
0
0
0
0
0
0
0
0
0
0
0
0
0
0
0
0
0
0
0
0
0
0
0
0
0
0
0
0
0
0
0
0
0
0
0
0
0
0
0
0
0
0
0
0
0
0
0
0
0
0
0
0
0
0
0
0
0
0
0
0
0
0
0
0
0
0
0
0
0
0
0
0
0
0
0
0
0
0
0
0
0
0
0
0
0
0
0
0
0
0
0
0
0
0
0
0
0
0
0
0
0
0
0
0
0
0
0
0
0
0
0
0
0
0
0
0
0
0
0
0
0
0
0
0
0
0
0
0
0
0
0
0
0
0
0
0
0
0
0
0
0
0
0
0
0
0
0
0
0
0
0
0
0
0
0
0
0
0
0
0
0
0
0
0
0
0
0
0
0
0
0
0
0
0
0
0
0
0
0
0
0
0
0
0
0
0
0
0
0
0
0
0
0
0
0
0
0
0
0
0
0
0
0
0
0
0
0
0
0
0
0
0
0
0
0
0
0
0
0
0
0
0
0
0
0
0
0
0
0
0
0
0
0
0
0
0
0
0
0
0
0
0
0
0
0
0
0
0
0
0
0
0
0
0
0
0
0
0
0
0
0
0
0
0
0
0
0
0
0
0
0
0
0
0
0
0
0
0
0
0
0
0
0
0
0
0
0
0
0
0
0
0
0
0
0
0
0
0
0
0
0
0
0
0
0
0
0
0
0
0
0
0
0
0
0
0
0
0
0
0
0
0
0
0
0
0
0
0
0
0
0
0
0
0
0
0
0
0
0
0
0
0
0
0
0
0
0
0
0
0
0
0
0
0
0
0
0
0
0
0
0
0
0
0
0
0
0
0
0
0
0
0
0
0
0
0
0
0
0
0
0
0
0
0
0
0
0
0
0
0
0
0
0
0
0
0
0
0
0
0
0
0
0
0
0
0
0
0
0
0
0
0
0
0
0
0
0
0
0
0
0
0
0
0
0
0
0
0
0
0
0
0
0
0
0
0
0
0
0
0
0
0
0
0
0
0
0
0
0
0
0
0
0
0
0
0
0
0
0
0
0
0
0
0
0
0
0
0
0
0
0
0
0
0
0
0
0
0
0
0
0
0
0
0
0
0
0
0
0
0
0
0
0
0
0
0
0
0
0
0
0
0
0
0
0
0
0
0
0
0
0
0
0
0
0
0
0
0
0
0
0
0
0
0
0
0
0
0
0
0
0
0
0
0
0
0
0
0
0
0
0
0
0
0
0
0
0
0
0
0
0
0
0
0
0
0
0
0
0
0
0
0
0
0
0
0
0
0
0
0
0
0
0
0
0
0
0
0
0
0
0
0
0
0
0
0
0
0
0
0
0
0
0
0
0
0
0
0
0
0
0
0
0
0
0
0
0
0
0
0
0
0
0
0
0
0
0
0
0
0
0
0
0
0
0
0
0
0
0
0
0
0
0
0
0
0
0
0
0
0
0
0
0
0
0
0
0
0
0
0
0
0
0
0
0
0
0
0
0
0
0
0
0
0
0
0
0
0
0
0
0
0
0
0
0
0
0
0
0
0
0
0
0
0
0
0
0
0
0
0
0
0
0
0
0
0
0
0
0
0
0
0
0
0
0
0
0
0
0
0
0
0
0
0
0
0
0
0
0
0
0
0
0
0
0
0
0
0
0
0
0
0
0
0
0
0
0
0
0
0
0
0
0
0
0
0
0
0
0
0
0
0
0
0
0
0
0
0
0
0
0
0
0
0
0
0
0
0
0
0
0
0
0
0
0
0
0
0
0
0
0
0
0
0
0
0
0
0
0
0
0
0
0
0
0
0
0
0
0
0
0
0
0
0
0
0
0
0
0
0
0
0
0
0
0
0
0
0
0
0
0
0
0
0
0
0
0
0
0
0
0
0
0
0
0
0
0
0
0
0
0
0
0
0
0
0
0
0
0
0
0
0
0
0
0
0
0
0
0
0
0
0
0
0
0
0
0
0
0
0
0
0
0
0
0
0
0
0
0
0
0
0
0
0
0
0
0
0
0
0
0
0
0
0
0
0
0
0
0
0
0
0
0
0
0
0
0
0
0
0
0
0
0
0
0
0
0
0
0
0
0
0
0
0
0
0
0
0
0
0
0
0
0
0
0
0
0
0
0
0
0
0
0
0
0
0
0
0
0
0
0
0
0
0
0
0
0
0
0
0
0
0
0
0
0
0
0
0
0
0
0
0
0
0
0
0
0
0
0
0
0
0
0
0
0
0
0
0
0
0
0
0
0
0
0
0
0
0
0
0
0
0
0
0
0
0
0
0
0
0
0
0
0
0
0
0
0
0
0
0
0
0
0
0
0
0
0
0
0
0
0
0
0
0
0
0
0
0
0
0
0
0
0
0
0
0
0
0
0
0
0
0
0
0
0
0
0
0
0
0
0
0
0
0
0
0
0
0
0
0
0
0
0
0
0
0
0
0
0
0
0
0
0
0
0
0
0
0
0
0
0
0
0
0
0
0
0
0
0
0
0
0
0
0
0
0
0
0
0
0
0
0
0
0
0
0
0
0
0
0
0
0
0
0
0
0
0
0
0
0
0
0
0
0
0
0
0
0
0
0
0
0
0
0
0
0
0
0
0
0
0
0
0
0
0
0
0
0
0
0
0
0
0
0
0
0
0
0
0
0
0
0
0
0
0
0
0
0
0
0
0
0
0
0
0
0
0
0
0
0
0
0
0
0
0
0
0
0
0
0
0
0
0
0
0
0
0
0
0
0
0
0
0
0
0
0
0
0
0
0
0
0
0
0
0
0
0
0
0
0
0
0
0
0
0
0
0
0
0
0
0
0
0
0
0
0
0
0
0
0
0
0
0
0
0
0
0
0
0
0
0
0
0
0
0
0
0
0
0
0
0
0
0
0
0
0
0
0
0
0
0
0
0
0
0
0
0
0
0
0
0
0
0
0
0
0
0
0
0
0
0
0
0
0
0
0
0
0
0
0
0
0
0
0
0
0
0
0
0
0
0
0
0
0
0
0
0
0
0
0
0
0
0
0
0
0
0
0
0
0
0
0
0
0
0
0
0
0
0
0
0
0
0
0
0
0
0
0
0
0
0
0
0
0
0
0
0
0
0
0
0
0
0
0
0
0
0
0
0
0
0
0
0
0
0
0
0
0
0
0
0
0
0
0
0
0
0
0
0
0
0
0
0
0
0
0
0
0
0
0
0
0
0
0
0
0
0
0
0
0
0
0
0
0
0
0
0
0
0
0
0
0
0
0
0
0
0
0
0
0
0
0
0
0
0
0
0
0
0
0
0
0
0
0
0
0
0
0
0
0
0
0
0
0
0
0
0
0
0
0
0
0
0
0
0
0
0
0
0
0
0
0
0
0
0
0
0
0
0
0
0
0
0
0
0
0
0
0
0
0
0
0
0
0
0
0
0
0
0
0
0
0
0
0
0
0
0
0
0
0
0
0
0
0
0
0
0
0
0
0
0
0
0
0
0
0
0
0
0
0
0
0
0
0
0
0
0
0
0
0
0
0
0
0
0
0
0
0
0
0
0
0
0
0
0
0
0
0
0
0
0
0
0
0
0
0
0
0
0
0
0
0
0
0
0
0
0
0
0
0
0
0
0
0
0
0
0
0
0
0
0
0
0
0
0
0
0
0
0
0
0
0
0
0
0
0
0
0
0
0
0
0
0
0
0
0
0
0
0
0
0
0
0
0
0
0
0
0
0
0
0
0
0
0
0
0
0
0
0
0
0
0
0
0
0
0
0
0
0
0
0
0
0
0
0
0
0
0
0
0
0
0
0
0
0
0
0
0
0
0
0
0
0
0
0
0
0
0
0
0
0
0
0
0
0
0
0
0
0
0
0
0
0
0
0
0
0
0
0
0
0
0
0
0
0
0
0
0
0
0
0
0
0
0
0
0
0
0
0
0
0
0
0
0
0
0
0
0
0
0
0
0
0
0
0
0
0
0
0
0
0
0
0
0
0
0
0
0
0
0
0
0
0
0
0
0
0
0
0
0
0
0
0
0
0
0
0
0
0
0
0
0
0
0
0
0
0
0
0
0
0
0
0
0
0
0
0
0
0
0
0
0
0
0
0
0
0
0
0
0
0
0
0
0
0
0
0
0
0
0
0
0
0
0
0
0
0
0
0
0
0
0
0
0
0
0
0
0
0
0
0
0
0
0
0
0
0
0
0
0
0
0
0
0
0
0
0
0
0
0
0
0
0
0
0
0
0
0
0
0
0
0
0
0
0
0
0
0
0
0
0
0
0
0
0
0
0
0
0
0
0
0
0
0
0
0
0
0
0
0
0
0
0
0
0
0
0
0
0
0
0
0
0
0
0
0
0
0
0
0
0
0
0
0
0
0
0
0
0
0
0
0
0
0
0
0
0
0
0
0
0
0
0
0
0
0
0
0
0
0
0
0
0
0
0
0
0
0
0
0
0
0
0
0
0
0
0
0
0
0
0
0
0
0
0
0
0
0
0
0
0
0
0
0
0
0
0
0
0
0
0
0
0
0
0
0
0
0
0
0
0
0
0
0
0
0
0
0
0
0
0
0
0
0
0
0
0
0
0
0
0
0
0
0
0
0
0
0
0
0
0
0
0
0
0
0
0
0
0
0
0
0
0
0
0
0
0
0
0
0
0
0
0
0
0
0
0
0
0
0
0
0
0
0
0
0
0
0
0
0
0
0
0
0
0
0
0
0
0
0
0
0
0
0
0
0
0
0
0
0
0
0
0
0
0
0
0
0
0
0
0
0
0
0
0
0
0
0
0
0
0
0
0
0
0
0
0
0
0
0
0
0
0
0
0
0
0
0
0
0
0
0
0
0
0
0
0
0
0
0
0
0
0
0
0
0
0
0
0
0
0
0
0
0
0
0
0
0
0
0
0
0
0
0
0
0
0
0
0
0
0
0
0
0
0
0
0
0
0
0
0
0
0
0
0
0
0
0
0
0
0
0
0
0
0
0
0
0
0
0
0
0
0
0
0
0
0
0
0
0
0
0
0
0
0
0
0
0
0
0
0
0
0
0
0
0
0
0
0
0
0
0
0
0
0
0
0
0
0
0
0
0
0
0
0
0
0
0
0
0
0
0
0
0
0
0
0
0
0
0
0
0
0
0
0
0
0
0
0
0
0
0
0
0
0
0
0
0
0
0
0
0
0
0
0
0
0
0
0
0
0
0
0
0
0
0
0
0
0
0
0
0
0
0
0
0
0
0
0
0
0
0
0
0
0
0
0
0
0
0
0
0
0
0
0
0
0
0
0
0
0
0
0
0
0
0
0
0
0
0
0
0
0
0
0
0
0
0
0
0
0
0
0
0
0
0
0
0
0
0
0
0
0
0
0
0
0
0
0
0
0
0
0
0
0
0
0
0
0
0
0
0
0
0
0
0
0
0
0
0
0
0
0
0
0
0
0
0
0
0
0
0
0
0
0
0
0
0
0
0
0
0
0
0
0
0
0
0
0
0
0
0
0
0
0
0
0
0
0
0
0
0
0
0
0
0
0
0
0
0
0
0
0
0
0
0
0
0
0
0
0
0
0
0
0
0
0
0
0
0
0
0
0
0
0
0
0
0
0
0
0
0
0
0
0
0
0
0
0
0
0
0
0
0
0
0
0
0
0
0
0
0
0
0
0
0
0
0
0
0
0
0
0
0
0
0
0
0
0
0
0
0
0
0
0
0
0
0
0
0
0
0
0
0
0
0
0
0
0
0
0
0
0
0
0
0
0
0
0
0
0
0
0
0
0
0
0
0
0
0
0
0
0
0
0
0
0
0
0
0
0
0
0
0
0
0
0
0
0
0
0
0
0
0
0
0
0
0
0
0
0
0
0
0
0
0
0
0
0
0
0
0
0
0
0
0
0
0
0
0
0
0
0
0
0
0
0
0
0
0
0
0
0
0
0
0
0
0
0
0
0
0
0
0
0
0
0
0
0
0
0
0
0
0
0
0
0
0
0
0
0
0
0
0
0
0
0
0
0
0
0
0
0
0
0
0
0
0
0
0
0
0
0
0
0
0
0
0
0
0
0
0
0
0
0
0
0
0
0
0
0
0
0
0
0
0
VECTORS velocity float
0 -10.275242512873012 0
0 -10.275223077898611 0
0 -10.275196791499077 0
0 -10.275236656644788 0
0 -10.275218164380796 0
0 -10.275192299231641 0
0 -10.275233812296525 0
0 -10.275215611326262 0
0 -10.275189854453204 0
0 -10.275232273041192 0
0 -10.275214101509306 0
0 -10.275188335651965 0
0 -10.275157532509869 0
0 -10.275103439965102 0
0 -10.275038516287427 0
0 -10.274968852304816 0
0 -10.274899510501553 0
0 -10.275153637843939 0
0 -10.275100679948899 0
0 -10.275037309455669 0
0 -10.274969351845341 0
0 -10.274901678430563 0
0 -10.274835380061001 0
0 -10.274782086708488 0
0 -10.274743291874222 0
0 -10.274717094976493 0
0 -10.274697302451273 0
0 -10.274839024822159 0
0 -10.274786840356983 0
0 -10.274748684251627 0
0 -10.27472297976303 0
0 -10.274704309889053 0
0 -10.2751513868223 0
0 -10.27509887324239 0
0 -10.275036242120702 0
0 -10.274969163684466 0
0 -10.274902393800874 0
0 -10.275149866075365 0
0 -10.275097490606541 0
0 -10.275035233914902 0
0 -10.274968670213664 0
0 -10.27490248183736 0
0 -10.274840586577435 0
0 -10.27478909775509 0
0 -10.274751429854248 0
0 -10.274726073440769 0
0 -10.274707803920526 0
0 -10.274841273298927 0
0 -10.274790345895784 0
0 -10.274753127963983 0
0 -10.274728024390678 0
0 -10.274709854967545 0
0 -10.275231306548037 0
0 -10.275230676486725 0
0 -10.275213118292568 0
0 -10.27518732771447 0
0 -10.275212487024481 0
0 -10.27518670500954 0
0 -10.275230834247139 0
0 -10.275212589019988 0
0 -10.275186805036443 0
0 -10.275232603957534 0
0 -10.275214051770602 0
0 -10.275188151658808 0
0 -10.275237574547686 0
0 -10.275218090512851 0
0 -10.275191791350627 0
0 -10.275148855443346 0
0 -10.275096608524182 0
0 -10.275034640015045 0
0 -10.27514832842963 0
0 -10.275096285238698 0
0 -10.275034620923549 0
0 -10.274968481111729 0
0 -10.27490276743589 0
0 -10.274968845300313 0
0 -10.274903551761122 0
0 -10.27514853399086 0
0 -10.275096694133738 0
0 -10.275035235785513 0
0 -10.274969678444192 0
0 -10.274904598389123 0
0 -10.274842056283477 0
0 -10.274791606627971 0
0 -10.274754741738418 0
0 -10.274843250185404 0
0 -10.274793158043837 0
0 -10.274756512909807 0
0 -10.274729831774636 0
0 -10.274711628204143 0
0 -10.274731676932053 0
0 -10.274713472452495 0
0 -10.274844480970845 0
0 -10.27479452969574 0
0 -10.274757889656188 0
0 -10.274732973321749 0
0 -10.274714756395415 0
0 -10.275149820439962 0
0 -10.275097915656255 0
0 -10.275036312708174 0
0 -10.274970570084168 0
0 -10.274905270075408 0
0 -10.275153042658804 0
0 -10.275100470443814 0
0 -10.275038004173123 0
0 -10.274971305842788 0
0 -10.274904998577798 0
0 -10.274844922358431 0
0 -10.274794762252187 0
0 -10.274757917045578 0
0 -10.27473282626042 0
0 -10.274714268474874 0
0 -10.274843668093171 0
0 -10.274792700370869 0
0 -10.274755305815022 0
0 -10.274729677889217 0
0 -10.274710055958913 0
0 -10.275236524860285 0
0 -10.275217999615668 0
0 -10.275192042465555 0
0 -10.275231629417847 0
0 -10.275213858059685 0
0 -10.275188390654177 0
0 -10.275229113817174 0
0 -10.275211619469687 0
0 -10.27518636364908 0
0 -10.275227653278796 0
0 -10.275210237005011 0
0 -10.27518506993966 0
0 -10.275153205574552 0
0 -10.275099997001734 0
0 -10.275036335377438 0
0 -10.274968075458251 0
0 -10.274900162066986 0
0 -10.275150370156725 0
0 -10.27509854314934 0
0 -10.275036603173252 0
0 -10.274970132183343 0
0 -10.274903873917518 0
0 -10.274837421962102 0
0 -10.274785362608352 0
0 -10.274747425667565 0
0 -10.274721890909886 0
0 -10.274703142176154 0
0 -10.274842471563289 0
0 -10.274791209531061 0
0 -10.274753531487251 0
0 -10.27472815474394 0
0 -10.274710261718395 0
0 -10.275148733630539 0
0 -10.275097582967017 0
0 -10.275036571147321 0
0 -10.274971114217614 0
0 -10.274905823942754 0
0 -10.275147611507196 0
0 -10.275096808932156 0
0 -10.275036356174525 0
0 -10.274971556593936 0
0 -10.274906933164701 0
0 -10.274845231421443 0
0 -10.274794493275634 0
0 -10.274757074209335 0
0 -10.274731819748622 0
0 -10.274714205937752 0
0 -10.274846935014361 0
0 -10.274796637548091 0
0 -10.274759493255662 0
0 -10.274734401964171 0
0 -10.274716898918903 0
0 -10.275233597049477 0
0 -10.275215369265048 0
0 -10.275189549358259 0
0 -10.275229021911896 0
0 -10.27521152894848 0
0 -10.275186277145737 0
0 -10.275226626306665 0
0 -10.275209423812198 0
0 -10.275184444764289 0
0 -10.275225209362739 0
0 -10.275208105376553 0
0 -10.275183264556153 0
0 -10.275150948653367 0
0 -10.275098212504931 0
0 -10.275035276664338 0
0 -10.274967835903498 0
0 -10.274900744540258 0
0 -10.275148636918153 0
0 -10.275097442669892 0
0 -10.2750363431993 0
0 -10.274970761344184 0
0 -10.274905342152664 0
0 -10.274838776607336 0
0 -10.274787364887045 0
0 -10.274749889896173 0
0 -10.274724625451352 0
0 -10.274706242991307 0
0 -10.274844661076921 0
0 -10.27479390302009 0
0 -10.27475650544808 0
0 -10.274731271608173 0
0 -10.274713646602324 0
0 -10.27514729825033 0
0 -10.275096902209734 0
0 -10.275036833513536 0
0 -10.274972342482837 0
0 -10.274907934254616 0
0 -10.275146373887651 0
0 -10.275096432521734 0
0 -10.275037017791158 0
0 -10.274973260791137 0
0 -10.274909567752967 0
0 -10.274848057761391 0
0 -10.274797752577614 0
0 -10.274760500100456 0
0 -10.274735286398444 0
0 -10.274717855220009 0
0 -10.274850292429887 0
0 -10.274800384281267 0
0 -10.274763322978567 0
0 -10.274738201422036 0
0 -10.27472084664074 0
0 -10.275231940206156 0
0 -10.275213779742252 0
0 -10.275188056857012 0
0 -10.275227402241336 0
0 -10.275210006160336 0
0 -10.275184895326458 0
0 -10.275225072269405 0
0 -10.275207982521305 0
0 -10.275183184768542 0
0 -10.275223698320024 0
0 -10.2752067181043 0
0 -10.275182087117763 0
0 -10.275149620673091 0
0 -10.275097197911398 0
0 -10.275034755712507 0
0 -10.274967880095481 0
0 -10.274901351612851 0
0 -10.275147495640455 0
0 -10.275096701147481 0
0 -10.27503616476209 0
0 -10.274971196438475 0
0 -10.27490636543609 0
0 -10.274839894826433 0
0 -10.274788882696305 0
0 -10.274751681592965 0
0 -10.274726587384023 0
0 -10.274708309849503 0
0 -10.274846190201734 0
0 -10.274795784923816 0
0 -10.274758591293804 0
0 -10.274733471257893 0
0 -10.274715935988446 0
0 -10.275146344112059 0
0 -10.275096425618036 0
0 -10.275036982590665 0
0 -10.274973150675896 0
0 -10.274909355269626 0
0 -10.275145553901586 0
0 -10.275096156182149 0
0 -10.275037423645982 0
0 -10.274974369656359 0
0 -10.274911315622612 0
0 -10.27484997971543 0
0 -10.274799990140213 0
0 -10.274762875170726 0
0 -10.274737719702086 0
0 -10.274720342846294 0
0 -10.274852542126357 0
0 -10.274802923908284 0
0 -10.274765958412093 0
0 -10.274740859790903 0
0 -10.274723540655918 0
0 -10.275230680836893 0
0 -10.27521253071127 0
0 -10.275186879995845 0
0 -10.275226140523698 0
0 -10.275208780468805 0
0 -10.275183768387386 0
0 -10.275229423592414 0
0 -10.275211297486216 0
0 -10.275185687806706 0
0 -10.275224920580436 0
0 -10.275207587089156 0
0 -10.275182621978754 0
0 -10.275223827669349 0
0 -10.27520678454708 0
0 -10.275182100258466 0
0 -10.275222478134454 0
0 -10.275205548994707 0
0 -10.275181044160538 0
0 -10.275222631563311 0
0 -10.275205618886231 0
0 -10.275180987569707 0
0 -10.275221315492015 0
0 -10.275204422236062 0
0 -10.275179979774618 0
0 -10.275148589453911 0
0 -10.275096437647765 0
0 -10.275034367040298 0
0 -10.274967924680537 0
0 -10.274901843520121 0
0 -10.275146553475295 0
0 -10.27509607712711 0
0 -10.275035955105983 0
0 -10.274971449663864 0
0 -10.274907081172559 0
0 -10.274840807835083 0
0 -10.274790137481476 0
0 -10.27475314831462 0
0 -10.274728173436618 0
0 -10.274709969696378 0
0 -10.274847317810138 0
0 -10.274797227026712 0
0 -10.274760211904892 0
0 -10.274735185598999 0
0 -10.274717702736945 0
0 -10.275147494233606 0
0 -10.275095510595872 0
0 -10.275033668821047 0
0 -10.274967519358189 0
0 -10.274901796007502 0
0 -10.275145518924017 0
0 -10.275095239090756 0
0 -10.275035380096179 0
0 -10.274971194129831 0
0 -10.274907187335186 0
0 -10.27484115714873 0
0 -10.274790852960018 0
0 -10.274754120787735 0
0 -10.274729294891245 0
0 -10.274711188000621 0
0 -10.274847797364197 0
0 -10.274798036803821 0
0 -10.274761251771171 0
0 -10.274736356956689 0
0 -10.274718951914318 0
0 -10.275145470490534 0
0 -10.275095904504912 0
0 -10.275036908948296 0
0 -10.27497356615253 0
0 -10.274910247190464 0
0 -10.275144748124838 0
0 -10.275095736362912 0
0 -10.275037484927855 0
0 -10.274974948082557 0
0 -10.274912387371753 0
0 -10.274851282510591 0
0 -10.27480159624389 0
0 -10.274764640906868 0
0 -10.274739562455029 0
0 -10.274722226031484 0
0 -10.274854026448448 0
0 -10.274804702477581 0
0 -10.274767888460174 0
0 -10.274742858342183 0
0 -10.274725575406098 0
0 -10.275144481743405 0
0 -10.275095133899509 0
0 -10.275036429215557 0
0 -10.2749734300856 0
0 -10.274910482866778 0
0 -10.275143823917901 0
0 -10.275095053897152 0
0 -10.275037120813495 0
0 -10.274974950214562 0
0 -10.274912771129708 0
0 -10.274851882294969 0
0 -10.274802509069167 0
0 -10.274765771086461 0
0 -10.274740816303442 0
0 -10.274723550450188 0
0 -10.274854770023456 0
0 -10.27480574679111 0
0 -10.274769140058662 0
0 -10.274744229690032 0
0 -10.274727017432951 0
0 -10.275226694620379 0
0 -10.275226100516683 0
0 -10.275209300468324 0
0 -10.275184178008656 0
0 -10.2752087143036 0
0 -10.275183635137658 0
0 -10.275226201631414 0
0 -10.275208764680873 0
0 -10.275183688313124 0
0 -10.275227652903583 0
0 -10.275209964901675 0
0 -10.275184796908587 0
0 -10.275231682530002 0
0 -10.275213301701193 0
0 -10.275187808772667 0
0 -10.275146833064776 0
0 -10.275096299310473 0
0 -10.275036264180871 0
0 -10.275146445796084 0
0 -10.275096186767193 0
0 -10.275036510377697 0
0 -10.274971971980188 0
0 -10.274907879992686 0
0 -10.274972633040473 0
0 -10.274908965988283 0
0 -10.275146605157028 0
0 -10.275096555473917 0
0 -10.275037098869486 0
0 -10.274973457392765 0
0 -10.274910013876752 0
0 -10.274848376273605 0
0 -10.274798481313031 0
0 -10.274761587983448 0
0 -10.274849848201482 0
0 -10.274800264249336 0
0 -10.27476355261042 0
0 -10.274736631197529 0
0 -10.274719193532153 0
0 -10.274738655685404 0
0 -10.274721246278684 0
0 -10.274851081235242 0
0 -10.274801639832997 0
0 -10.274764955653536 0
0 -10.274740004870779 0
0 -10.274722535018958 0
0 -10.275147670315947 0
0 -10.275097596168118 0
0 -10.275038072061696 0
0 -10.274974338557101 0
0 -10.274910773411042 0
0 -10.275150341074895 0
0 -10.275099746117498 0
0 -10.275039581111741 0
0 -10.274975164195554 0
0 -10.274910876557122 0
0 -10.274851687959764 0
0 -10.274802081149376 0
0 -10.274765202165131 0
0 -10.274740046342075 0
0 -10.274722305545321 0
0 -10.274851040721465 0
0 -10.274800740432935 0
0 -10.274763337976495 0
0 -10.274737732628026 0
0 -10.274719302698458 0
0 -10.275224261065029 0
0 -10.275223653611521 0
0 -10.275207196806381 0
0 -10.275182438602728 0
0 -10.275206604273025 0
0 -10.275181907842436 0
0 -10.275223695567481 0
0 -10.275206598270028 0
0 -10.27518190596515 0
0 -10.275224976444703 0
0 -10.275207649224425 0
0 -10.275182854251449 0
0 -10.275228616989507 0
0 -10.275210655497485 0
0 -10.275185534757652 0
0 -10.275145728014621 0
0 -10.275096137835495 0
0 -10.275037215705403 0
0 -10.275145383384904 0
0 -10.275096106129491 0
0 -10.275037576966758 0
0 -10.274974025185108 0
0 -10.274910899565725 0
0 -10.274974827768293 0
0 -10.274912141247803 0
0 -10.275145492400419 0
0 -10.275096429778335 0
0 -10.275038127573673 0
0 -10.27497562344386 0
0 -10.274913169961405 0
0 -10.274852120719851 0
0 -10.274802582460705 0
0 -10.274765726965512 0
0 -10.274853748362347 0
0 -10.274804508892961 0
0 -10.274767825391823 0
0 -10.274740705785613 0
0 -10.274723410500432 0
0 -10.274742865946433 0
0 -10.274725607152089 0
0 -10.274854969478536 0
0 -10.274805879552087 0
0 -10.274769238547117 0
0 -10.274744242781024 0
0 -10.274726940005655 0
0 -10.275146380292176 0
0 -10.275097278489776 0
0 -10.275038909575487 0
0 -10.274976332680813 0
0 -10.274913789168712 0
0 -10.27514870093006 0
0 -10.275099082959033 0
0 -10.275040120936907 0
0 -10.274976939470033 0
0 -10.274913774140852 0
0 -10.274855471725704 0
0 -10.274806254944728 0
0 -10.27476946006974 0
0 -10.274744299038947 0
0 -10.274726770136581 0
0 -10.274854810498251 0
0 -10.274804986622243 0
0 -10.274767730021939 0
0 -10.274742180456878 0
0 -10.274724065898134 0
0 -10.275222730343268 0
0 -10.27522208231159 0
0 -10.27520579512276 0
0 -10.275181256994831 0
0 -10.275205166069279 0
0 -10.275180693609434 0
0 -10.275222078583466 0
0 -10.275205115258835 0
0 -10.275180649502571 0
0 -10.2752232464179 0
0 -10.275206049534557 0
0 -10.275181461786536 0
0 -10.275226725240906 0
0 -10.275208893508573 0
0 -10.275183948325814 0
0 -10.275144928427421 0
0 -10.275095916247572 0
0 -10.275037712863137 0
0 -10.275144558458093 0
0 -10.275095873002343 0
0 -10.275038079694252 0
0 -10.274975259082044 0
0 -10.274912798464531 0
0 -10.274976085612707 0
0 -10.27491408089073 0
0 -10.275144628959263 0
0 -10.275096160774499 0
0 -10.275038600217885 0
0 -10.274976858230866 0
0 -10.274915095118736 0
0 -10.27485453430732 0
0 -10.274805289290812 0
0 -10.274768527638347 0
0 -10.274856214303517 0
0 -10.274807278638516 0
0 -10.27477070249884 0
0 -10.274743527183137 0
0 -10.274726269433922 0
0 -10.274745778938025 0
0 -10.274728572868739 0
0 -10.274857429842243 0
0 -10.274808655716743 0
0 -10.274772140436138 0
0 -10.274747200826251 0
0 -10.27472996864697 0
0 -10.275145354247103 0
0 -10.27509682010065 0
0 -10.275039180333318 0
0 -10.274977366747779 0
0 -10.274915529097404 0
0 -10.275147435540701 0
0 -10.275098347465759 0
0 -10.275040101047601 0
0 -10.274977693505701 0
0 -10.274915265187962 0
0 -10.274857775199344 0
0 -10.274808914081159 0
0 -10.274772291459712 0
0 -10.274747224452479 0
0 -10.274729787099709 0
0 -10.274856912259812 0
0 -10.274807503590297 0
0 -10.274770476523873 0
0 -10.274745064512782 0
0 -10.274727063240002 0
0 -10.275221511476641 0
0 -10.275220829725956 0
0 -10.27520462927734 0
0 -10.275180223488181 0
0 -10.275203967974603 0
0 -10.27517962409245 0
0 -10.275220764414648 0
0 -10.275203855807096 0
0 -10.275179508991704 0
0 -10.275220397822773 0
0 -10.275219730001924 0
0 -10.275203556996782 0
0 -10.275179227236778 0
0 -10.275202911436345 0
0 -10.275178646058491 0
0 -10.275219665747265 0
0 -10.275202799991199 0
0 -10.275178532611356 0
0 -10.275221886166646 0
0 -10.275204739235011 0
0 -10.275180261930887 0
0 -10.275225306559982 0
0 -10.275207509115846 0
0 -10.275182650878465 0
0 -10.275220746126578 0
0 -10.275203641581266 0
0 -10.275179236007663 0
0 -10.275224108121876 0
0 -10.275206353634919 0
0 -10.275181559384327 0
0 -10.275144146070009 0
0 -10.27509554049224 0
0 -10.275037842608013 0
0 -10.275143737347447 0
0 -10.275095462018227 0
0 -10.275038184271567 0
0 -10.274975928775198 0
0 -10.27491397878547 0
0 -10.274976743992182 0
0 -10.274915265001548 0
0 -10.275143721306783 0
0 -10.275095651495532 0
0 -10.275038604021983 0
0 -10.274977420551391 0
0 -10.274916195120788 0
0 -10.274856135653327 0
0 -10.274807187836009 0
0 -10.27477058222896 0
0 -10.274857833686077 0
0 -10.274809211169146 0
0 -10.274772810062835 0
0 -10.274745657088154 0
0 -10.274728443245126 0
0 -10.274747980529888 0
0 -10.274730834567031 0
0 -10.274858982974596 0
0 -10.274810546473013 0
0 -10.274774233778574 0
0 -10.274749413538837 0
0 -10.274732258972596 0
0 -10.275143312630693 0
0 -10.275094977190992 0
0 -10.275037625329837 0
0 -10.275142927402451 0
0 -10.275094931792102 0
0 -10.275038012426343 0
0 -10.274976098234379 0
0 -10.274914538558573 0
0 -10.274976971185763 0
0 -10.274915891725822 0
0 -10.275142914906782 0
0 -10.275095128445297 0
0 -10.275038444855834 0
0 -10.274977666893815 0
0 -10.274916847652438 0
0 -10.274857050095713 0
0 -10.274808387989003 0
0 -10.274771976669266 0
0 -10.274858819744578 0
0 -10.274810485241455 0
0 -10.27477428257375 0
0 -10.27474716711032 0
0 -10.274730029527788 0
0 -10.274749576397678 0
0 -10.274732517084928 0
0 -10.27486000060714 0
0 -10.274811857254432 0
0 -10.27477574954599 0
0 -10.274751060842801 0
0 -10.27473400194239 0
0 -10.275144376382803 0
0 -10.275096230169334 0
0 -10.275039099100113 0
0 -10.274977844892828 0
0 -10.274916552214849 0
0 -10.275146331665491 0
0 -10.275097605591014 0
0 -10.275039850988692 0
0 -10.274977998251448 0
0 -10.274916123148149 0
0 -10.274859264797763 0
0 -10.274810759860369 0
0 -10.27477436105343 0
0 -10.27474943274304 0
0 -10.274732083692752 0
0 -10.274858257405056 0
0 -10.274809238458269 0
0 -10.274772471297203 0
0 -10.274747222776984 0
0 -10.274729309248166 0
0 -10.275143509276123 0
0 -10.275095636028919 0
0 -10.275038864579734 0
0 -10.274978017871048 0
0 -10.274917139595088 0
0 -10.275145388646418 0
0 -10.275096927523698 0
0 -10.275039529974634 0
0 -10.274978088736191 0
0 -10.27491663842946 0
0 -10.274860231012459 0
0 -10.274812037776442 0
0 -10.274775864042029 0
0 -10.274751083118693 0
0 -10.274733838826526 0
0 -10.274859168063896 0
0 -10.274810482953855 0
0 -10.274773963284536 0
0 -10.274748879238267 0
0 -10.274731079122388 0
0 -10.275228260697476 0
0 -10.275210153584586 0
0 -10.275184509757628 0
0 -10.275223838179009 0
0 -10.275206505100186 0
0 -10.275181498284828 0
0 -10.275221618032784 0
0 -10.275204608638132 0
0 -10.27517995118507 0
0 -10.275220378065052 0
0 -10.275203500905553 0
0 -10.275179056959113 0
0 -10.275146303798913 0
0 -10.275094333804356 0
0 -10.275032539037996 0
0 -10.27496651401654 0
0 -10.274901028294362 0
0 -10.275144384328454 0
0 -10.275094137360734 0
0 -10.275034358731444 0
0 -10.27497032414254 0
0 -10.274906555680158 0
0 -10.274840733516237 0
0 -10.274790814874459 0
0 -10.274754387156593 0
0 -10.274729732553142 0
0 -10.274711719370384 0
0 -10.27484747706138 0
0 -10.274798054775848 0
0 -10.274761543509364 0
0 -10.274736804986784 0
0 -10.274719484438753 0
0 -10.27514345970779 0
0 -10.27509418051997 0
0 -10.275035595085253 0
0 -10.274972775236066 0
0 -10.274910070217166 0
0 -10.275142949686625 0
0 -10.275094288511779 0
0 -10.275036512153035 0
0 -10.274974544950512 0
0 -10.274912609459298 0
0 -10.274851756695956 0
0 -10.274802679094783 0
0 -10.274766179212765 0
0 -10.274741361894161 0
0 -10.274724171798992 0
0 -10.274854873999631 0
0 -10.274806110381297 0
0 -10.274769706372801 0
0 -10.27474491256582 0
0 -10.274727772602485 0
0 -10.275227815345451 0
0 -10.275209626753927 0
0 -10.275183851711853 0
0 -10.275223411466198 0
0 -10.275205987216756 0
0 -10.275180840673196 0
0 -10.275221247568886 0
0 -10.275204156214505 0
0 -10.275179378980377 0
0 -10.275220113448569 0
0 -10.275203171641689 0
0 -10.275178646234048 0
0 -10.275145511989562 0
0 -10.275093409938352 0
0 -10.275031455240427 0
0 -10.274965335656416 0
0 -10.27489988046959 0
0 -10.275143585162862 0
0 -10.275093214261794 0
0 -10.275033308625598 0
0 -10.274969212316691 0
0 -10.274905484386904 0
0 -10.27483974369118 0
0 -10.27479008792192 0
0 -10.274753869391965 0
0 -10.27472931288403 0
0 -10.274711302399504 0
0 -10.274846548749142 0
0 -10.274797363972835 0
0 -10.274761050601946 0
0 -10.274736408528687 0
0 -10.274719089734806 0
0 -10.275142775838054 0
0 -10.275093410688797 0
0 -10.27503473867394 0
0 -10.274971884590427 0
0 -10.274909221546213 0
0 -10.275142480431478 0
0 -10.275093786643041 0
0 -10.275035966937834 0
0 -10.274973987677173 0
0 -10.274912087149758 0
0 -10.274851025355295 0
0 -10.274802140056286 0
0 -10.274765804656003 0
0 -10.27474106592712 0
0 -10.274723879570226 0
0 -10.274854434235747 0
0 -10.274805809383077 0
0 -10.274769520419449 0
0 -10.274744776202526 0
0 -10.274727635946759 0
0 -10.275229110637225 0
0 -10.275210587037352 0
0 -10.275184589874543 0
0 -10.275224441187758 0
0 -10.275206730940621 0
0 -10.275181361103702 0
0 -10.275222276117894 0
0 -10.275204924792911 0
0 -10.275179947443485 0
0 -10.275221200421367 0
0 -10.275204015232267 0
0 -10.27517931517326 0
0 -10.275145988370195 0
0 -10.275093526728096 0
0 -10.275031096874399 0
0 -10.274964512057769 0
0 -10.274898689580333 0
0 -10.275143824346051 0
0 -10.2750930965277 0
0 -10.275032767832215 0
0 -10.274968274050307 0
0 -10.274904239591507 0
0 -10.274838312038831 0
0 -10.274788555939994 0
0 -10.274752294796144 0
0 -10.274727678653074 0
0 -10.274709380293443 0
0 -10.274845111739635 0
0 -10.274795869326478 0
0 -10.274759546253964 0
0 -10.274734860977256 0
0 -10.274717320840518 0
0 -10.275143094048463 0
0 -10.275093408401334 0
0 -10.275034352930621 0
0 -10.274971131693908 0
0 -10.274908166565472 0
0 -10.275142932191006 0
0 -10.275093951070033 0
0 -10.275035775936313 0
0 -10.274973443683177 0
0 -10.274911233341857 0
0 -10.274849759090923 0
0 -10.274800783106659 0
0 -10.274764412228011 0
0 -10.274739626367211 0
0 -10.274722253938309 0
0 -10.274853341420371 0
0 -10.274804587748696 0
0 -10.274768237688454 0
0 -10.274743435780259 0
0 -10.274726114877275 0
0 -10.275233885498185 0
0 -10.275214459920679 0
0 -10.275188076770103 0
0 -10.275228328036485 0
0 -10.27520990925116 0
0 -10.275184161158538 0
0 -10.275225901798517 0
0 -10.275207906668326 0
0 -10.275182558407712 0
0 -10.275224907983683 0
0 -10.275207089927552 0
0 -10.275182050250431 0
0 -10.275149044723033 0
0 -10.275095818498874 0
0 -10.275032327634596 0
0 -10.274964570100416 0
0 -10.274897617473878 0
0 -10.275146132815991 0
0 -10.275094612796366 0
0 -10.275033294327914 0
0 -10.274967772074648 0
0 -10.274902773835862 0
0 -10.274836233135431 0
0 -10.27478567248493 0
0 -10.274748873789068 0
0 -10.274723757759622 0
0 -10.274704438200136 0
0 -10.274842808334565 0
0 -10.274792932833211 0
0 -10.274756226281564 0
0 -10.274731209908342 0
0 -10.274712947828389 0
0 -10.275145201878951 0
0 -10.275094720480547 0
0 -10.275034696186179 0
0 -10.274970479374279 0
0 -10.274906579861042 0
0 -10.275145206361096 0
0 -10.275095473043624 0
0 -10.275036359276337 0
0 -10.274973041643436 0
0 -10.274909877475585 0
0 -10.274847363194541 0
0 -10.274797796510502 0
0 -10.274761098535537 0
0 -10.274736050460696 0
0 -10.274718058042 0
0 -10.274851129831189 0
0 -10.274801731447878 0
0 -10.274765017508221 0
0 -10.274739941910287 0
0 -10.274722010337834 0
0 -10.275219545623502 0
0 -10.275218956973557 0
0 -10.275202731815755 0
0 -10.275178423773355 0
0 -10.27520216918176 0
0 -10.275177941308185 0
0 -10.275218909034914 0
0 -10.275202073603324 0
0 -10.27517784021139 0
0 -10.27521999903113 0
0 -10.275202928537169 0
0 -10.275178560385354 0
0 -10.275223302430032 0
0 -10.275205598334098 0
0 -10.275180846899325 0
0 -10.275142590698527 0
0 -10.275094400592986 0
0 -10.275037237026885 0
0 -10.275142327232771 0
0 -10.275094501003109 0
0 -10.275037789679624 0
0 -10.274975932957057 0
0 -10.274914618070591 0
0 -10.274976983534373 0
0 -10.274916149552558 0
0 -10.275142322066642 0
0 -10.275094700322077 0
0 -10.275038223744822 0
0 -10.274977683600504 0
0 -10.274917114175432 0
0 -10.27485737763064 0
0 -10.274808944797515 0
0 -10.274772705956075 0
0 -10.274859313695151 0
0 -10.274811187680291 0
0 -10.274775137737935 0
0 -10.274747994865242 0
0 -10.274730929932792 0
0 -10.274750519298205 0
0 -10.274733533821216 0
0 -10.27486050826796 0
0 -10.274812580138571 0
0 -10.27477663297916 0
0 -10.274752038247744 0
0 -10.274735056855496 0
0 -10.275142936833102 0
0 -10.275095233119259 0
0 -10.275038672757038 0
0 -10.274978068398438 0
0 -10.274917444508763 0
0 -10.275144782473808 0
0 -10.275096495554672 0
0 -10.275039317129192 0
0 -10.274978129693238 0
0 -10.274916947767004 0
0 -10.274860780364625 0
0 -10.274812803937847 0
0 -10.274776790828238 0
0 -10.274752105494615 0
0 -10.274734945104896 0
0 -10.274859736791941 0
0 -10.274811281975687 0
0 -10.274774934135712 0
0 -10.274749956865286 0
0 -10.274732260933161 0
0 -10.275219372190358 0
0 -10.275218866587705 0
0 -10.275202508762062 0
0 -10.275178145955419 0
0 -10.275202035219873 0
0 -10.275177766588486 0
0 -10.275218901067744 0
0 -10.275202022134986 0
0 -10.275177754712701 0
0 -10.275220027851834 0
0 -10.275202912281193 0
0 -10.275178505625981 0
0 -10.27522333220131 0
0 -10.275205583842729 0
0 -10.275180787083874 0
0 -10.275142287608281 0
0 -10.275094098939594 0
0 -10.275036920279447 0
0 -10.27514214592353 0
0 -10.275094339670193 0
0 -10.275037628326194 0
0 -10.274975619575683 0
0 -10.274914335493131 0
0 -10.274976834687447 0
0 -10.27491602983512 0
0 -10.275142237000155 0
0 -10.275094643147018 0
0 -10.275038171225873 0
0 -10.274977645900311 0
0 -10.274917103225677 0
0 -10.274857154393519 0
0 -10.274808824359621 0
0 -10.274772665688042 0
0 -10.27485923954306 0
0 -10.274811195408452 0
0 -10.274775205957795 0
0 -10.274747984269011 0
0 -10.274730917041589 0
0 -10.274750604664074 0
0 -10.274733615180446 0
0 -10.274860533847406 0
0 -10.274812674027791 0
0 -10.274776772037526 0
0 -10.274752185169733 0
0 -10.274735198904425 0
0 -10.275142871653863 0
0 -10.275095183428668 0
0 -10.275038618911154 0
0 -10.274978025074374 0
0 -10.274917427735609 0
0 -10.275144700559196 0
0 -10.275096414947509 0
0 -10.275039221322579 0
0 -10.274978040006088 0
0 -10.274916886636088 0
0 -10.274860802732942 0
0 -10.274812898462965 0
0 -10.2747769335431 0
0 -10.274752259411969 0
0 -10.274735096771515 0
0 -10.274859722064244 0
0 -10.274811351358196 0
0 -10.274775064145693 0
0 -10.274750106074915 0
0 -10.274732414995158 0
0 -10.275220585856955 0
0 -10.275220142552561 0
0 -10.275203492123786 0
0 -10.275178991019212 0
0 -10.275203087600723 0
0 -10.275178687584063 0
0 -10.275220232607149 0
0 -10.275203126436525 0
0 -10.275178718803138 0
0 -10.275221470830045 0
0 -10.275204102800831 0
0 -10.27517954000793 0
0 -10.275225044211398 0
0 -10.275206980098659 0
0 -10.275181993737021 0
0 -10.275142964000501 0
0 -10.275094534569282 0
0 -10.275037034732124 0
0 -10.275142903684982 0
0 -10.275094862474351 0
0 -10.275037837274184 0
0 -10.274975395985082 0
0 -10.274913791100269 0
0 -10.274976713424817 0
0 -10.274915589195556 0
0 -10.275143019364382 0
0 -10.275095169680297 0
0 -10.275038370255881 0
0 -10.274977510289981 0
0 -10.274916649683135 0
0 -10.274856333511377 0
0 -10.274807819638704 0
0 -10.274771550712808 0
0 -10.274858514004999 0
0 -10.274810272879431 0
0 -10.274774161799526 0
0 -10.274746783717092 0
0 -10.274729532466234 0
0 -10.274749469841712 0
0 -10.274732299428125 0
0 -10.27485979882664 0
0 -10.27481174729404 0
0 -10.274775728885784 0
0 -10.274751057291564 0
0 -10.274733893302566 0
0 -10.275143697546753 0
0 -10.275095717695576 0
0 -10.275038793866095 0
0 -10.274977842720626 0
0 -10.274916914631953 0
0 -10.275145662891349 0
0 -10.275097031585997 0
0 -10.275039414510063 0
0 -10.274977817155527 0
0 -10.274916284073065 0
0 -10.27486000359349 0
0 -10.274811908751186 0
0 -10.274775831785778 0
0 -10.274751075227606 0
0 -10.274733719229411 0
0 -10.274858795257988 0
0 -10.274810212158076 0
0 -10.274773801890694 0
0 -10.274748740869132 0
0 -10.274730799552021 0
0 -10.275224380004552 0
0 -10.275223973567167 0
0 -10.275206652647535 0
0 -10.275181825744623 0
0 -10.275206288388349 0
0 -10.275181562605805 0
0 -10.275224098279024 0
0 -10.275206349643154 0
0 -10.275181587495974 0
0 -10.275225596206484 0
0 -10.275207509624881 0
0 -10.275182530647347 0
0 -10.27523006021026 0
0 -10.275211048676276 0
0 -10.275185542064458 0
0 -10.275145354995972 0
0 -10.275096191460261 0
0 -10.275037769024443 0
0 -10.275145328605975 0
0 -10.275096544420071 0
0 -10.27503859805007 0
0 -10.274975152952745 0
0 -10.274912583635883 0
0 -10.274976508153895 0
0 -10.274914428354096 0
0 -10.275145388754476 0
0 -10.275096736112948 0
0 -10.275038971302607 0
0 -10.274977132471019 0
0 -10.274915326628502 0
0 -10.274854237642263 0
0 -10.274805040910151 0
0 -10.274768384838209 0
0 -10.27485646159853 0
0 -10.274807531261876 0
0 -10.274771034508277 0
0 -10.274743337134918 0
0 -10.274725471803247 0
0 -10.274746070591126 0
0 -10.274728298470146 0
0 -10.27485760539261 0
0 -10.274808895504203 0
0 -10.274772523769903 0
0 -10.274747603496955 0
0 -10.274729843685339 0
0 -10.275146103688131 0
0 -10.275097206802396 0
0 -10.2750392074907 0
0 -10.274977201326536 0
0 -10.274915286223683 0
0 -10.275148515473708 0
0 -10.275098787014228 0
0 -10.275039871419127 0
0 -10.274977005361373 0
0 -10.274914301093146 0
0 -10.274857491422219 0
0 -10.274808755300995 0
0 -10.274772351060919 0
0 -10.274747347994943 0
0 -10.274729330510983 0
0 -10.274855785667533 0
0 -10.274806480643209 0
0 -10.274769702408127 0
0 -10.274744316972759 0
0 -10.274725459815052 0
-0 -0 -0
-0 -0 -0
-0 -0 -0
-0 -0 -0
-0 -0 -0
-0 -0 -0
-0 -0 -0
-0 -0 -0
-0 -0 -0
-0 -0 -0
-0 -0 -0
-0 -0 -0
-0 -0 -0
-0 -0 -0
-0 -0 -0
-0 -0 -0
-0 -0 -0
-0 -0 -0
-0 -0 -0
-0 -0 -0
-0 -0 -0
-0 -0 -0
-0 -0 -0
-0 -0 -0
-0 -0 -0
-0 -0 -0
-0 -0 -0
-0 -0 -0
-0 -0 -0
-0 -0 -0
-0 -0 -0
-0 -0 -0
-0 -0 -0
-0 -0 -0
-0 -0 -0
-0 -0 -0
-0 -0 -0
-0 -0 -0
-0 -0 -0
-0 -0 -0
-0 -0 -0
-0 -0 -0
-0 -0 -0
-0 -0 -0
-0 -0 -0
-0 -0 -0
-0 -0 -0
-0 -0 -0
-0 -0 -0
-0 -0 -0
-0 -0 -0
-0 -0 -0
-0 -0 -0
-0 -0 -0
-0 -0 -0
-0 -0 -0
-0 -0 -0
-0 -0 -0
-0 -0 -0
-0 -0 -0
-0 -0 -0
-0 -0 -0
-0 -0 -0
-0 -0 -0
-0 -0 -0
-0 -0 -0
-0 -0 -0
-0 -0 -0
-0 -0 -0
-0 -0 -0
-0 -0 -0
-0 -0 -0
-0 -0 -0
-0 -0 -0
-0 -0 -0
-0 -0 -0
-0 -0 -0
-0 -0 -0
-0 -0 -0
-0 -0 -0
-0 -0 -0
-0 -0 -0
-0 -0 -0
-0 -0 -0
-0 -0 -0
-0 -0 -0
-0 -0 -0
-0 -0 -0
-0 -0 -0
-0 -0 -0
-0 -0 -0
-0 -0 -0
-0 -0 -0
-0 -0 -0
-0 -0 -0
-0 -0 -0
-0 -0 -0
-0 -0 -0
-0 -0 -0
-0 -0 -0
-0 -0 -0
-0 -0 -0
-0 -0 -0
-0 -0 -0
-0 -0 -0
-0 -0 -0
-0 -0 -0
-0 -0 -0
-0 -0 -0
-0 -0 -0
-0 -0 -0
-0 -0 -0
-0 -0 -0
-0 -0 -0
-0 -0 -0
-0 -0 -0
-0 -0 -0
-0 -0 -0
-0 -0 -0
-0 -0 -0
-0 -0 -0
-0 -0 -0
-0 -0 -0
-0 -0 -0
-0 -0 -0
-0 -0 -0
-0 -0 -0
-0 -0 -0
-0 -0 -0
-0 -0 -0
-0 -0 -0
-0 -0 -0
-0 -0 -0
-0 -0 -0
-0 -0 -0
-0 -0 -0
-0 -0 -0
-0 -0 -0
-0 -0 -0
-0 -0 -0
-0 -0 -0
-0 -0 -0
-0 -0 -0
-0 -0 -0
-0 -0 -0
-0 -0 -0
-0 -0 -0
-0 -0 -0
-0 -0 -0
-0 -0 -0
-0 -0 -0
-0 -0 -0
-0 -0 -0
-0 -0 -0
-0 -0 -0
-0 -0 -0
-0 -0 -0
-0 -0 -0
-0 -0 -0
-0 -0 -0
-0 -0 -0
-0 -0 -0
-0 -0 -0
-0 -0 -0
-0 -0 -0
-0 -0 -0
-0 -0 -0
-0 -0 -0
-0 -0 -0
-0 -0 -0
-0 -0 -0
-0 -0 -0
-0 -0 -0
-0 -0 -0
-0 -0 -0
-0 -0 -0
-0 -0 -0
-0 -0 -0
-0 -0 -0
-0 -0 -0
-0 -0 -0
-0 -0 -0
-0 -0 -0
-0 -0 -0
-0 -0 -0
-0 -0 -0
-0 -0 -0
-0 -0 -0
-0 -0 -0
-0 -0 -0
-0 -0 -0
-0 -0 -0
-0 -0 -0
-0 -0 -0
-0 -0 -0
-0 -0 -0
-0 -0 -0
-0 -0 -0
-0 -0 -0
-0 -0 -0
-0 -0 -0
-0 -0 -0
-0 -0 -0
-0 -0 -0
-0 -0 -0
-0 -0 -0
-0 -0 -0
-0 -0 -0
-0 -0 -0
-0 -0 -0
-0 -0 -0
-0 -0 -0
-0 -0 -0
-0 -0 -0
-0 -0 -0
-0 -0 -0
-0 -0 -0
-0 -0 -0
-0 -0 -0
-0 -0 -0
-0 -0 -0
-0 -0 -0
-0 -0 -0
-0 -0 -0
-0 -0 -0
-0 -0 -0
-0 -0 -0
-0 -0 -0
-0 -0 -0
-0 -0 -0
-0 -0 -0
-0 -0 -0
-0 -0 -0
-0 -0 -0
-0 -0 -0
-0 -0 -0
-0 -0 -0
-0 -0 -0
-0 -0 -0
-0 -0 -0
-0 -0 -0
-0 -0 -0
-0 -0 -0
-0 -0 -0
-0 -0 -0
-0 -0 -0
-0 -0 -0
-0 -0 -0
-0 -0 -0
-0 -0 -0
-0 -0 -0
-0 -0 -0
-0 -0 -0
-0 -0 -0
-0 -0 -0
-0 -0 -0
-0 -0 -0
-0 -0 -0
-0 -0 -0
-0 -0 -0
-0 -0 -0
-0 -0 -0
-0 -0 -0
-0 -0 -0
-0 -0 -0
-0 -0 -0
-0 -0 -0
-0 -0 -0
-0 -0 -0
-0 -0 -0
-0 -0 -0
-0 -0 -0
-0 -0 -0
-0 -0 -0
-0 -0 -0
-0 -0 -0
-0 -0 -0
-0 -0 -0
-0 -0 -0
-0 -0 -0
-0 -0 -0
-0 -0 -0
-0 -0 -0
-0 -0 -0
-0 -0 -0
-0 -0 -0
-0 -0 -0
-0 -0 -0
-0 -0 -0
-0 -0 -0
-0 -0 -0
-0 -0 -0
-0 -0 -0
-0 -0 -0
-0 -0 -0
-0 -0 -0
-0 -0 -0
-0 -0 -0
-0 -0 -0
-0 -0 -0
-0 -0 -0
-0 -0 -0
-0 -0 -0
-0 -0 -0
-0 -0 -0
-0 -0 -0
-0 -0 -0
-0 -0 -0
-0 -0 -0
-0 -0 -0
-0 -0 -0
-0 -0 -0
-0 -0 -0
-0 -0 -0
-0 -0 -0
-0 -0 -0
-0 -0 -0
-0 -0 -0
-0 -0 -0
-0 -0 -0
-0 -0 -0
-0 -0 -0
-0 -0 -0
-0 -0 -0
-0 -0 -0
-0 -0 -0
-0 -0 -0
-0 -0 -0
-0 -0 -0
-0 -0 -0
-0 -0 -0
-0 -0 -0
-0 -0 -0
-0 -0 -0
-0 -0 -0
-0 -0 -0
-0 -0 -0
-0 -0 -0
-0 -0 -0
-0 -0 -0
-0 -0 -0
-0 -0 -0
-0 -0 -0
-0 -0 -0
-0 -0 -0
-0 -0 -0
-0 -0 -0
-0 -0 -0
-0 -0 -0
-0 -0 -0
-0 -0 -0
-0 -0 -0
-0 -0 -0
-0 -0 -0
-0 -0 -0
-0 -0 -0
-0 -0 -0
-0 -0 -0
-0 -0 -0
-0 -0 -0
-0 -0 -0
-0 -0 -0
-0 -0 -0
-0 -0 -0
-0 -0 -0
-0 -0 -0
-0 -0 -0
-0 -0 -0
-0 -0 -0
-0 -0 -0
-0 -0 -0
-0 -0 -0
-0 -0 -0
-0 -0 -0
-0 -0 -0
-0 -0 -0
-0 -0 -0
-0 -0 -0
-0 -0 -0
-0 -0 -0
-0 -0 -0
-0 -0 -0
-0 -0 -0
-0 -0 -0
-0 -0 -0
-0 -0 -0
-0 -0 -0
-0 -0 -0
-0 -0 -0
-0 -0 -0
-0 -0 -0
-0 -0 -0
-0 -0 -0
-0 -0 -0
-0 -0 -0
-0 -0 -0
-0 -0 -0
-0 -0 -0
-0 -0 -0
-0 -0 -0
-0 -0 -0
-0 -0 -0
-0 -0 -0
-0 -0 -0
-0 -0 -0
-0 -0 -0
-0 -0 -0
-0 -0 -0
-0 -0 -0
-0 -0 -0
-0 -0 -0
-0 -0 -0
-0 -0 -0
-0 -0 -0
-0 -0 -0
-0 -0 -0
-0 -0 -0
-0 -0 -0
-0 -0 -0
-0 -0 -0
-0 -0 -0
-0 -0 -0
-0 -0 -0
-0 -0 -0
-0 -0 -0
-0 -0 -0
-0 -0 -0
-0 -0 -0
-0 -0 -0
-0 -0 -0
-0 -0 -0
-0 -0 -0
-0 -0 -0
-0 -0 -0
-0 -0 -0
-0 -0 -0
-0 -0 -0
-0 -0 -0
-0 -0 -0
-0 -0 -0
-0 -0 -0
-0 -0 -0
-0 -0 -0
-0 -0 -0
-0 -0 -0
-0 -0 -0
-0 -0 -0
-0 -0 -0
-0 -0 -0
-0 -0 -0
-0 -0 -0
-0 -0 -0
-0 -0 -0
-0 -0 -0
-0 -0 -0
-0 -0 -0
-0 -0 -0
-0 -0 -0
-0 -0 -0
-0 -0 -0
-0 -0 -0
-0 -0 -0
-0 -0 -0
-0 -0 -0
-0 -0 -0
-0 -0 -0
-0 -0 -0
-0 -0 -0
-0 -0 -0
-0 -0 -0
-0 -0 -0
-0 -0 -0
-0 -0 -0
-0 -0 -0
-0 -0 -0
-0 -0 -0
-0 -0 -0
-0 -0 -0
-0 -0 -0
-0 -0 -0
-0 -0 -0
-0 -0 -0
-0 -0 -0
-0 -0 -0
-0 -0 -0
-0 -0 -0
-0 -0 -0
-0 -0 -0
-0 -0 -0
-0 -0 -0
-0 -0 -0
-0 -0 -0
-0 -0 -0
-0 -0 -0
-0 -0 -0
-0 -0 -0
-0 -0 -0
-0 -0 -0
-0 -0 -0
-0 -0 -0
-0 -0 -0
-0 -0 -0
-0 -0 -0
-0 -0 -0
-0 -0 -0
-0 -0 -0
-0 -0 -0
-0 -0 -0
-0 -0 -0
-0 -0 -0
-0 -0 -0
-0 -0 -0
-0 -0 -0
-0 -0 -0
-0 -0 -0
-0 -0 -0
-0 -0 -0
-0 -0 -0
-0 -0 -0
-0 -0 -0
-0 -0 -0
-0 -0 -0
-0 -0 -0
-0 -0 -0
-0 -0 -0
-0 -0 -0
-0 -0 -0
-0 -0 -0
-0 -0 -0
-0 -0 -0
-0 -0 -0
-0 -0 -0
-0 -0 -0
-0 -0 -0
-0 -0 -0
-0 -0 -0
-0 -0 -0
-0 -0 -0
-0 -0 -0
-0 -0 -0
-0 -0 -0
-0 -0 -0
-0 -0 -0
-0 -0 -0
-0 -0 -0
-0 -0 -0
-0 -0 -0
-0 -0 -0
-0 -0 -0
-0 -0 -0
-0 -0 -0
-0 -0 -0
-0 -0 -0
-0 -0 -0
-0 -0 -0
-0 -0 -0
-0 -0 -0
-0 -0 -0
-0 -0 -0
-0 -0 -0
-0 -0 -0
-0 -0 -0
-0 -0 -0
-0 -0 -0
-0 -0 -0
-0 -0 -0
-0 -0 -0
-0 -0 -0
-0 -0 -0
-0 -0 -0
-0 -0 -0
-0 -0 -0
-0 -0 -0
-0 -0 -0
-0 -0 -0
-0 -0 -0
-0 -0 -0
-0 -0 -0
-0 -0 -0
-0 -0 -0
-0 -0 -0
-0 -0 -0
-0 -0 -0
-0 -0 -0
-0 -0 -0
-0 -0 -0
-0 -0 -0
-0 -0 -0
-0 -0 -0
-0 -0 -0
-0 -0 -0
-0 -0 -0
-0 -0 -0
-0 -0 -0
-0 -0 -0
-0 -0 -0
-0 -0 -0
-0 -0 -0
-0 -0 -0
-0 -0 -0
-0 -0 -0
-0 -0 -0
-0 -0 -0
-0 -0 -0
-0 -0 -0
-0 -0 -0
-0 -0 -0
-0 -0 -0
-0 -0 -0
-0 -0 -0
-0 -0 -0
-0 -0 -0
-0 -0 -0
-0 -0 -0
-0 -0 -0
-0 -0 -0
-0 -0 -0
-0 -0 -0
-0 -0 -0
-0 -0 -0
-0 -0 -0
-0 -0 -0
-0 -0 -0
-0 -0 -0
-0 -0 -0
-0 -0 -0
-0 -0 -0
-0 -0 -0
-0 -0 -0
-0 -0 -0
-0 -0 -0
-0 -0 -0
-0 -0 -0
-0 -0 -0
-0 -0 -0
-0 -0 -0
-0 -0 -0
-0 -0 -0
-0 -0 -0
-0 -0 -0
-0 -0 -0
-0 -0 -0
-0 -0 -0
-0 -0 -0
-0 -0 -0
-0 -0 -0
-0 -0 -0
-0 -0 -0
-0 -0 -0
-0 -0 -0
-0 -0 -0
-0 -0 -0
-0 -0 -0
-0 -0 -0
-0 -0 -0
-0 -0 -0
-0 -0 -0
-0 -0 -0
-0 -0 -0
-0 -0 -0
-0 -0 -0
-0 -0 -0
-0 -0 -0
-0 -0 -0
-0 -0 -0
-0 -0 -0
-0 -0 -0
-0 -0 -0
-0 -0 -0
-0 -0 -0
-0 -0 -0
-0 -0 -0
-0 -0 -0
-0 -0 -0
-0 -0 -0
-0 -0 -0
-0 -0 -0
-0 -0 -0
-0 -0 -0
-0 -0 -0
-0 -0 -0
-0 -0 -0
-0 -0 -0
-0 -0 -0
-0 -0 -0
-0 -0 -0
-0 -0 -0
-0 -0 -0
-0 -0 -0
-0 -0 -0
-0 -0 -0
-0 -0 -0
-0 -0 -0
-0 -0 -0
-0 -0 -0
-0 -0 -0
-0 -0 -0
-0 -0 -0
-0 -0 -0
-0 -0 -0
-0 -0 -0
-0 -0 -0
-0 -0 -0
-0 -0 -0
-0 -0 -0
-0 -0 -0
-0 -0 -0
-0 -0 -0
-0 -0 -0
-0 -0 -0
-0 -0 -0
-0 -0 -0
-0 -0 -0
-0 -0 -0
-0 -0 -0
-0 -0 -0
-0 -0 -0
-0 -0 -0
-0 -0 -0
-0 -0 -0
-0 -0 -0
-0 -0 -0
-0 -0 -0
-0 -0 -0
-0 -0 -0
-0 -0 -0
-0 -0 -0
-0 -0 -0
-0 -0 -0
-0 -0 -0
-0 -0 -0
-0 -0 -0
-0 -0 -0
-0 -0 -0
-0 -0 -0
-0 -0 -0
-0 -0 -0
-0 -0 -0
-0 -0 -0
-0 -0 -0
-0 -0 -0
-0 -0 -0
-0 -0 -0
-0 -0 -0
-0 -0 -0
-0 -0 -0
-0 -0 -0
-0 -0 -0
-0 -0 -0
-0 -0 -0
-0 -0 -0
-0 -0 -0
-0 -0 -0
-0 -0 -0
-0 -0 -0
-0 -0 -0
-0 -0 -0
-0 -0 -0
-0 -0 -0
-0 -0 -0
-0 -0 -0
-0 -0 -0
-0 -0 -0
-0 -0 -0
-0 -0 -0
-0 -0 -0
-0 -0 -0
-0 -0 -0
-0 -0 -0
-0 -0 -0
-0 -0 -0
-0 -0 -0
-0 -0 -0
-0 -0 -0
-0 -0 -0
-0 -0 -0
-0 -0 -0
-0 -0 -0
-0 -0 -0
-0 -0 -0
-0 -0 -0
-0 -0 -0
-0 -0 -0
-0 -0 -0
-0 -0 -0
-0 -0 -0
-0 -0 -0
-0 -0 -0
-0 -0 -0
-0 -0 -0
-0 -0 -0
-0 -0 -0
-0 -0 -0
-0 -0 -0
-0 -0 -0
-0 -0 -0
-0 -0 -0
-0 -0 -0
-0 -0 -0
-0 -0 -0
-0 -0 -0
-0 -0 -0
-0 -0 -0
-0 -0 -0
-0 -0 -0
-0 -0 -0
-0 -0 -0
-0 -0 -0
-0 -0 -0
-0 -0 -0
-0 -0 -0
-0 -0 -0
-0 -0 -0
-0 -0 -0
-0 -0 -0
-0 -0 -0
-0 -0 -0
-0 -0 -0
-0 -0 -0
-0 -0 -0
-0 -0 -0
-0 -0 -0
-0 -0 -0
-0 -0 -0
-0 -0 -0
-0 -0 -0
-0 -0 -0
-0 -0 -0
-0 -0 -0
-0 -0 -0
-0 -0 -0
-0 -0 -0
-0 -0 -0
-0 -0 -0
-0 -0 -0
-0 -0 -0
-0 -0 -0
-0 -0 -0
-0 -0 -0
-0 -0 -0
-0 -0 -0
-0 -0 -0
-0 -0 -0
-0 -0 -0
-0 -0 -0
-0 -0 -0
-0 -0 -0
-0 -0 -0
-0 -0 -0
-0 -0 -0
-0 -0 -0
-0 -0 -0
-0 -0 -0
-0 -0 -0
-0 -0 -0
-0 -0 -0
-0 -0 -0
-0 -0 -0
-0 -0 -0
-0 -0 -0
-0 -0 -0
-0 -0 -0
-0 -0 -0
-0 -0 -0
-0 -0 -0
-0 -0 -0
-0 -0 -0
-0 -0 -0
-0 -0 -0
-0 -0 -0
-0 -0 -0
-0 -0 -0
-0 -0 -0
-0 -0 -0
-0 -0 -0
-0 -0 -0
-0 -0 -0
-0 -0 -0
-0 -0 -0
-0 -0 -0
-0 -0 -0
-0 -0 -0
-0 -0 -0
-0 -0 -0
-0 -0 -0
-0 -0 -0
-0 -0 -0
-0 -0 -0
-0 -0 -0
-0 -0 -0
-0 -0 -0
-0 -0 -0
-0 -0 -0
-0 -0 -0
-0 -0 -0
-0 -0 -0
-0 -0 -0
-0 -0 -0
-0 -0 -0
-0 -0 -0
-0 -0 -0
-0 -0 -0
-0 -0 -0
-0 -0 -0
-0 -0 -0
-0 -0 -0
-0 -0 -0
-0 -0 -0
-0 -0 -0
-0 -0 -0
-0 -0 -0
-0 -0 -0
-0 -0 -0
-0 -0 -0
-0 -0 -0
-0 -0 -0
-0 -0 -0
-0 -0 -0
-0 -0 -0
-0 -0 -0
-0 -0 -0
-0 -0 -0
-0 -0 -0
-0 -0 -0
-0 -0 -0
-0 -0 -0
-0 -0 -0
-0 -0 -0
-0 -0 -0
-0 -0 -0
-0 -0 -0
-0 -0 -0
-0 -0 -0
-0 -0 -0
-0 -0 -0
-0 -0 -0
-0 -0 -0
-0 -0 -0
-0 -0 -0
-0 -0 -0
-0 -0 -0
-0 -0 -0
-0 -0 -0
-0 -0 -0
-0 -0 -0
-0 -0 -0
-0 -0 -0
-0 -0 -0
-0 -0 -0
-0 -0 -0
-0 -0 -0
-0 -0 -0
-0 -0 -0
-0 -0 -0
-0 -0 -0
-0 -0 -0
-0 -0 -0
-0 -0 -0
-0 -0 -0
-0 -0 -0
-0 -0 -0
-0 -0 -0
-0 -0 -0
-0 -0 -0
-0 -0 -0
-0 -0 -0
-0 -0 -0
-0 -0 -0
-0 -0 -0
-0 -0 -0
-0 -0 -0
-0 -0 -0
-0 -0 -0
-0 -0 -0
-0 -0 -0
-0 -0 -0
-0 -0 -0
-0 -0 -0
-0 -0 -0
-0 -0 -0
-0 -0 -0
-0 -0 -0
-0 -0 -0
-0 -0 -0
-0 -0 -0
-0 -0 -0
-0 -0 -0
-0 -0 -0
-0 -0 -0
-0 -0 -0
-0 -0 -0
-0 -0 -0
-0 -0 -0
-0 -0 -0
-0 -0 -0
-0 -0 -0
-0 -0 -0
-0 -0 -0
-0 -0 -0
-0 -0 -0
-0 -0 -0
-0 -0 -0
-0 -0 -0
-0 -0 -0
-0 -0 -0
-0 -0 -0
-0 -0 -0
-0 -0 -0
-0 -0 -0
-0 -0 -0
-0 -0 -0
-0 -0 -0
-0 -0 -0
-0 -0 -0
-0 -0 -0
-0 -0 -0
-0 -0 -0
-0 -0 -0
-0 -0 -0
-0 -0 -0
-0 -0 -0
-0 -0 -0
-0 -0 -0
-0 -0 -0
-0 -0 -0
-0 -0 -0
-0 -0 -0
-0 -0 -0
-0 -0 -0
-0 -0 -0
-0 -0 -0
-0 -0 -0
-0 -0 -0
-0 -0 -0
-0 -0 -0
-0 -0 -0
-0 -0 -0
-0 -0 -0
-0 -0 -0
-0 -0 -0
-0 -0 -0
-0 -0 -0
-0 -0 -0
-0 -0 -0
-0 -0 -0
-0 -0 -0
-0 -0 -0
-0 -0 -0
-0 -0 -0
-0 -0 -0
-0 -0 -0
-0 -0 -0
-0 -0 -0
-0 -0 -0
-0 -0 -0
-0 -0 -0
-0 -0 -0
-0 -0 -0
-0 -0 -0
-0 -0 -0
-0 -0 -0
-0 -0 -0
-0 -0 -0
-0 -0 -0
-0 -0 -0
-0 -0 -0
-0 -0 -0
-0 -0 -0
-0 -0 -0
-0 -0 -0
-0 -0 -0
-0 -0 -0
-0 -0 -0
-0 -0 -0
-0 -0 -0
-0 -0 -0
-0 -0 -0
-0 -0 -0
-0 -0 -0
-0 -0 -0
-0 -0 -0
-0 -0 -0
-0 -0 -0
-0 -0 -0
-0 -0 -0
-0 -0 -0
-0 -0 -0
-0 -0 -0
-0 -0 -0
-0 -0 -0
-0 -0 -0
-0 -0 -0
-0 -0 -0
-0 -0 -0
-0 -0 -0
-0 -0 -0
-0 -0 -0
-0 -0 -0
-0 -0 -0
-0 -0 -0
-0 -0 -0
-0 -0 -0
-0 -0 -0
-0 -0 -0
-0 -0 -0
-0 -0 -0
-0 -0 -0
-0 -0 -0
-0 -0 -0
-0 -0 -0
-0 -0 -0
-0 -0 -0
-0 -0 -0
-0 -0 -0
-0 -0 -0
-0 -0 -0
-0 -0 -0
-0 -0 -0
-0 -0 -0
-0 -0 -0
-0 -0 -0
-0 -0 -0
-0 -0 -0
-0 -0 -0
-0 -0 -0
-0 -0 -0
-0 -0 -0
-0 -0 -0
-0 -0 -0
-0 -0 -0
-0 -0 -0
-0 -0 -0
-0 -0 -0
-0 -0 -0
-0 -0 -0
-0 -0 -0
-0 -0 -0
-0 -0 -0
-0 -0 -0
-0 -0 -0
-0 -0 -0
-0 -0 -0
-0 -0 -0
-0 -0 -0
-0 -0 -0
-0 -0 -0
-0 -0 -0
-0 -0 -0
-0 -0 -0
-0 -0 -0
-0 -0 -0
-0 -0 -0
-0 -0 -0
-0 -0 -0
-0 -0 -0
-0 -0 -0
-0 -0 -0
-0 -0 -0
-0 -0 -0
-0 -0 -0
-0 -0 -0
-0 -0 -0
-0 -0 -0
-0 -0 -0
-0 -0 -0
-0 -0 -0
-0 -0 -0
-0 -0 -0
-0 -0 -0
-0 -0 -0
-0 -0 -0
-0 -0 -0
-0 -0 -0
-0 -0 -0
-0 -0 -0
-0 -0 -0
-0 -0 -0
-0 -0 -0
-0 -0 -0
-0 -0 -0
-0 -0 -0
-0 -0 -0
-0 -0 -0
-0 -0 -0
-0 -0 -0
-0 -0 -0
-0 -0 -0
-0 -0 -0
-0 -0 -0
-0 -0 -0
-0 -0 -0
-0 -0 -0
-0 -0 -0
-0 -0 -0
-0 -0 -0
-0 -0 -0
-0 -0 -0
-0 -0 -0
-0 -0 -0
-0 -0 -0
-0 -0 -0
-0 -0 -0
-0 -0 -0
-0 -0 -0
-0 -0 -0
-0 -0 -0
-0 -0 -0
-0 -0 -0
-0 -0 -0
-0 -0 -0
-0 -0 -0
-0 -0 -0
-0 -0 -0
-0 -0 -0
-0 -0 -0
-0 -0 -0
-0 -0 -0
-0 -0 -0
-0 -0 -0
-0 -0 -0
-0 -0 -0
-0 -0 -0
-0 -0 -0
-0 -0 -0
-0 -0 -0
-0 -0 -0
-0 -0 -0
-0 -0 -0
-0 -0 -0
-0 -0 -0
-0 -0 -0
-0 -0 -0
-0 -0 -0
-0 -0 -0
-0 -0 -0
-0 -0 -0
-0 -0 -0
-0 -0 -0
-0 -0 -0
-0 -0 -0
-0 -0 -0
-0 -0 -0
-0 -0 -0
-0 -0 -0
-0 -0 -0
-0 -0 -0
-0 -0 -0
-0 -0 -0
-0 -0 -0
-0 -0 -0
-0 -0 -0
-0 -0 -0
-0 -0 -0
-0 -0 -0
-0 -0 -0
-0 -0 -0
-0 -0 -0
-0 -0 -0
-0 -0 -0
-0 -0 -0
-0 -0 -0
-0 -0 -0
-0 -0 -0
-0 -0 -0
-0 -0 -0
-0 -0 -0
-0 -0 -0
-0 -0 -0
-0 -0 -0
-0 -0 -0
-0 -0 -0
-0 -0 -0
-0 -0 -0
-0 -0 -0
-0 -0 -0
-0 -0 -0
-0 -0 -0
-0 -0 -0
-0 -0 -0
-0 -0 -0
-0 -0 -0
-0 -0 -0
-0 -0 -0
-0 -0 -0
-0 -0 -0
-0 -0 -0
-0 -0 -0
-0 -0 -0
-0 -0 -0
-0 -0 -0
-0 -0 -0
-0 -0 -0
-0 -0 -0
-0 -0 -0
-0 -0 -0
-0 -0 -0
-0 -0 -0
-0 -0 -0
-0 -0 -0
-0 -0 -0
-0 -0 -0
-0 -0 -0
-0 -0 -0
-0 -0 -0
-0 -0 -0
-0 -0 -0
-0 -0 -0
-0 -0 -0
-0 -0 -0
-0 -0 -0
-0 -0 -0
-0 -0 -0
-0 -0 -0
-0 -0 -0
-0 -0 -0
-0 -0 -0
-0 -0 -0
-0 -0 -0
-0 -0 -0
-0 -0 -0
-0 -0 -0
-0 -0 -0
-0 -0 -0
-0 -0 -0
-0 -0 -0
-0 -0 -0
-0 -0 -0
-0 -0 -0
-0 -0 -0
-0 -0 -0
-0 -0 -0
-0 -0 -0
-0 -0 -0
-0 -0 -0
-0 -0 -0
-0 -0 -0
-0 -0 -0
-0 -0 -0
-0 -0 -0
-0 -0 -0
-0 -0 -0
-0 -0 -0
-0 -0 -0
-0 -0 -0
-0 -0 -0
-0 -0 -0
-0 -0 -0
-0 -0 -0
-0 -0 -0
-0 -0 -0
-0 -0 -0
-0 -0 -0
-0 -0 -0
-0 -0 -0
-0 -0 -0
-0 -0 -0
-0 -0 -0
-0 -0 -0
-0 -0 -0
-0 -0 -0
-0 -0 -0
-0 -0 -0
-0 -0 -0
-0 -0 -0
-0 -0 -0
-0 -0 -0
-0 -0 -0
-0 -0 -0
-0 -0 -0
-0 -0 -0
-0 -0 -0
-0 -0 -0
-0 -0 -0
-0 -0 -0
-0 -0 -0
-0 -0 -0
-0 -0 -0
-0 -0 -0
-0 -0 -0
-0 -0 -0
-0 -0 -0
-0 -0 -0
-0 -0 -0
-0 -0 -0
-0 -0 -0
-0 -0 -0
-0 -0 -0
-0 -0 -0
-0 -0 -0
-0 -0 -0
-0 -0 -0
-0 -0 -0
-0 -0 -0
-0 -0 -0
-0 -0 -0
-0 -0 -0
-0 -0 -0
-0 -0 -0
-0 -0 -0
-0 -0 -0
-0 -0 -0
-0 -0 -0
-0 -0 -0
-0 -0 -0
-0 -0 -0
-0 -0 -0
-0 -0 -0
-0 -0 -0
-0 -0 -0
-0 -0 -0
-0 -0 -0
-0 -0 -0
-0 -0 -0
-0 -0 -0
-0 -0 -0
-0 -0 -0
-0 -0 -0
-0 -0 -0
-0 -0 -0
-0 -0 -0
-0 -0 -0
-0 -0 -0
-0 -0 -0
-0 -0 -0
-0 -0 -0
-0 -0 -0
-0 -0 -0
-0 -0 -0
-0 -0 -0
-0 -0 -0
-0 -0 -0
-0 -0 -0
-0 -0 -0
-0 -0 -0
-0 -0 -0
-0 -0 -0
-0 -0 -0
-0 -0 -0
-0 -0 -0
-0 -0 -0
-0 -0 -0
-0 -0 -0
-0 -0 -0
-0 -0 -0
-0 -0 -0
-0 -0 -0
-0 -0 -0
-0 -0 -0
-0 -0 -0
-0 -0 -0
-0 -0 -0
-0 -0 -0
-0 -0 -0
-0 -0 -0
-0 -0 -0
-0 -0 -0
-0 -0 -0
-0 -0 -0
-0 -0 -0
-0 -0 -0
-0 -0 -0
-0 -0 -0
-0 -0 -0
-0 -0 -0
-0 -0 -0
-0 -0 -0
-0 -0 -0
-0 -0 -0
-0 -0 -0
-0 -0 -0
-0 -0 -0
-0 -0 -0
-0 -0 -0
-0 -0 -0
-0 -0 -0
-0 -0 -0
-0 -0 -0
-0 -0 -0
-0 -0 -0
-0 -0 -0
-0 -0 -0
-0 -0 -0
-0 -0 -0
-0 -0 -0
-0 -0 -0
-0 -0 -0
-0 -0 -0
-0 -0 -0
-0 -0 -0
-0 -0 -0
-0 -0 -0
-0 -0 -0
-0 -0 -0
-0 -0 -0
-0 -0 -0
-0 -0 -0
-0 -0 -0
-0 -0 -0
-0 -0 -0
-0 -0 -0
-0 -0 -0
-0 -0 -0
-0 -0 -0
-0 -0 -0
-0 -0 -0
-0 -0 -0
-0 -0 -0
-0 -0 -0
-0 -0 -0
-0 -0 -0
-0 -0 -0
-0 -0 -0
-0 -0 -0
-0 -0 -0
-0 -0 -0
-0 -0 -0
-0 -0 -0
-0 -0 -0
-0 -0 -0
-0 -0 -0
-0 -0 -0
-0 -0 -0
-0 -0 -0
-0 -0 -0
-0 -0 -0
-0 -0 -0
-0 -0 -0
-0 -0 -0
-0 -0 -0
-0 -0 -0
-0 -0 -0
-0 -0 -0
-0 -0 -0
-0 -0 -0
-0 -0 -0
-0 -0 -0
-0 -0 -0
-0 -0 -0
-0 -0 -0
-0 -0 -0
-0 -0 -0
-0 -0 -0
-0 -0 -0
-0 -0 -0
-0 -0 -0
-0 -0 -0
-0 -0 -0
-0 -0 -0
-0 -0 -0
-0 -0 -0
-0 -0 -0
-0 -0 -0
-0 -0 -0
-0 -0 -0
-0 -0 -0
-0 -0 -0
-0 -0 -0
-0 -0 -0
-0 -0 -0
-0 -0 -0
-0 -0 -0
-0 -0 -0
-0 -0 -0
-0 -0 -0
-0 -0 -0
-0 -0 -0
-0 -0 -0
-0 -0 -0
-0 -0 -0
-0 -0 -0
-0 -0 -0
-0 -0 -0
-0 -0 -0
-0 -0 -0
-0 -0 -0
-0 -0 -0
-0 -0 -0
-0 -0 -0
-0 -0 -0
-0 -0 -0
-0 -0 -0
-0 -0 -0
-0 -0 -0
-0 -0 -0
-0 -0 -0
-0 -0 -0
-0 -0 -0
-0 -0 -0
-0 -0 -0
-0 -0 -0
-0 -0 -0
-0 -0 -0
-0 -0 -0
-0 -0 -0
-0 -0 -0
-0 -0 -0
-0 -0 -0
-0 -0 -0
-0 -0 -0
-0 -0 -0
-0 -0 -0
-0 -0 -0
-0 -0 -0
-0 -0 -0
-0 -0 -0
-0 -0 -0
-0 -0 -0
-0 -0 -0
-0 -0 -0
-0 -0 -0
-0 -0 -0
-0 -0 -0
-0 -0 -0
-0 -0 -0
-0 -0 -0
-0 -0 -0
-0 -0 -0
-0 -0 -0
-0 -0 -0
-0 -0 -0
-0 -0 -0
-0 -0 -0
-0 -0 -0
-0 -0 -0
-0 -0 -0
-0 -0 -0
-0 -0 -0
-0 -0 -0
-0 -0 -0
-0 -0 -0
-0 -0 -0
-0 -0 -0
-0 -0 -0
-0 -0 -0
-0 -0 -0
-0 -0 -0
-0 -0 -0
-0 -0 -0
-0 -0 -0
-0 -0 -0
-0 -0 -0
-0 -0 -0
-0 -0 -0
-0 -0 -0
-0 -0 -0
-0 -0 -0
-0 -0 -0
-0 -0 -0
-0 -0 -0
-0 -0 -0
-0 -0 -0
-0 -0 -0
-0 -0 -0
-0 -0 -0
-0 -0 -0
-0 -0 -0
-0 -0 -0
-0 -0 -0
-0 -0 -0
-0 -0 -0
-0 -0 -0
-0 -0 -0
-0 -0 -0
-0 -0 -0
-0 -0 -0
-0 -0 -0
-0 -0 -0
-0 -0 -0
-0 -0 -0
-0 -0 -0
-0 -0 -0
-0 -0 -0
-0 -0 -0
-0 -0 -0
-0 -0 -0
-0 -0 -0
-0 -0 -0
-0 -0 -0
-0 -0 -0
-0 -0 -0
-0 -0 -0
-0 -0 -0
-0 -0 -0
-0 -0 -0
-0 -0 -0
-0 -0 -0
-0 -0 -0
-0 -0 -0
-0 -0 -0
-0 -0 -0
-0 -0 -0
-0 -0 -0
-0 -0 -0
-0 -0 -0
-0 -0 -0
-0 -0 -0
-0 -0 -0
-0 -0 -0
-0 -0 -0
-0 -0 -0
-0 -0 -0
-0 -0 -0
-0 -0 -0
-0 -0 -0
-0 -0 -0
-0 -0 -0
-0 -0 -0
-0 -0 -0
-0 -0 -0
-0 -0 -0
-0 -0 -0
-0 -0 -0
-0 -0 -0
-0 -0 -0
-0 -0 -0
-0 -0 -0
-0 -0 -0
-0 -0 -0
-0 -0 -0
-0 -0 -0
-0 -0 -0
-0 -0 -0
-0 -0 -0
-0 -0 -0
-0 -0 -0
-0 -0 -0
-0 -0 -0
-0 -0 -0
-0 -0 -0
-0 -0 -0
-0 -0 -0
-0 -0 -0
-0 -0 -0
-0 -0 -0
-0 -0 -0
-0 -0 -0
-0 -0 -0
-0 -0 -0
-0 -0 -0
-0 -0 -0
-0 -0 -0
-0 -0 -0
-0 -0 -0
-0 -0 -0
-0 -0 -0
-0 -0 -0
-0 -0 -0
-0 -0 -0
-0 -0 -0
-0 -0 -0
-0 -0 -0
-0 -0 -0
-0 -0 -0
-0 -0 -0
-0 -0 -0
-0 -0 -0
-0 -0 -0
-0 -0 -0
-0 -0 -0
-0 -0 -0
-0 -0 -0
-0 -0 -0
-0 -0 -0
-0 -0 -0
-0 -0 -0
-0 -0 -0
-0 -0 -0
-0 -0 -0
-0 -0 -0
-0 -0 -0
-0 -0 -0
-0 -0 -0
-0 -0 -0
-0 -0 -0
-0 -0 -0
-0 -0 -0
-0 -0 -0
-0 -0 -0
-0 -0 -0
-0 -0 -0
-0 -0 -0
-0 -0 -0
-0 -0 -0
-0 -0 -0
-0 -0 -0
-0 -0 -0
-0 -0 -0
-0 -0 -0
-0 -0 -0
-0 -0 -0
-0 -0 -0
-0 -0 -0
-0 -0 -0
-0 -0 -0
-0 -0 -0
-0 -0 -0
-0 -0 -0
-0 -0 -0
-0 -0 -0
-0 -0 -0
-0 -0 -0
-0 -0 -0
-0 -0 -0
-0 -0 -0
-0 -0 -0
-0 -0 -0
-0 -0 -0
-0 -0 -0
-0 -0 -0
-0 -0 -0
-0 -0 -0
-0 -0 -0
-0 -0 -0
-0 -0 -0
-0 -0 -0
-0 -0 -0
-0 -0 -0
-0 -0 -0
-0 -0 -0
-0 -0 -0
-0 -0 -0
-0 -0 -0
-0 -0 -0
-0 -0 -0
-0 -0 -0
-0 -0 -0
-0 -0 -0
-0 -0 -0
-0 -0 -0
-0 -0 -0
-0 -0 -0
-0 -0 -0
-0 -0 -0
-0 -0 -0
-0 -0 -0
-0 -0 -0
-0 -0 -0
-0 -0 -0
-0 -0 -0
-0 -0 -0
-0 -0 -0
-0 -0 -0
-0 -0 -0
-0 -0 -0
-0 -0 -0
-0 -0 -0
-0 -0 -0
-0 -0 -0
-0 -0 -0
-0 -0 -0
-0 -0 -0
-0 -0 -0
-0 -0 -0
-0 -0 -0
-0 -0 -0
-0 -0 -0
-0 -0 -0
-0 -0 -0
-0 -0 -0
-0 -0 -0
-0 -0 -0
-0 -0 -0
-0 -0 -0
-0 -0 -0
-0 -0 -0
-0 -0 -0
-0 -0 -0
-0 -0 -0
-0 -0 -0
-0 -0 -0
-0 -0 -0
-0 -0 -0
-0 -0 -0
-0 -0 -0
-0 -0 -0
-0 -0 -0
-0 -0 -0
-0 -0 -0
-0 -0 -0
-0 -0 -0
-0 -0 -0
-0 -0 -0
-0 -0 -0
-0 -0 -0
-0 -0 -0
-0 -0 -0
-0 -0 -0
-0 -0 -0
-0 -0 -0
-0 -0 -0
-0 -0 -0
-0 -0 -0
-0 -0 -0
-0 -0 -0
-0 -0 -0
-0 -0 -0
-0 -0 -0
-0 -0 -0
-0 -0 -0
-0 -0 -0
-0 -0 -0
-0 -0 -0
-0 -0 -0
-0 -0 -0
-0 -0 -0
-0 -0 -0
-0 -0 -0
-0 -0 -0
-0 -0 -0
-0 -0 -0
-0 -0 -0
-0 -0 -0
-0 -0 -0
-0 -0 -0
-0 -0 -0
-0 -0 -0
-0 -0 -0
-0 -0 -0
-0 -0 -0
-0 -0 -0
-0 -0 -0
-0 -0 -0
-0 -0 -0
-0 -0 -0
-0 -0 -0
-0 -0 -0
-0 -0 -0
-0 -0 -0
-0 -0 -0
-0 -0 -0
-0 -0 -0
-0 -0 -0
-0 -0 -0
-0 -0 -0
-0 -0 -0
-0 -0 -0
-0 -0 -0
-0 -0 -0
-0 -0 -0
-0 -0 -0
-0 -0 -0
-0 -0 -0
-0 -0 -0
-0 -0 -0
-0 -0 -0
-0 -0 -0
-0 -0 -0
-0 -0 -0
-0 -0 -0
-0 -0 -0
-0 -0 -0
-0 -0 -0
-0 -0 -0
-0 -0 -0
-0 -0 -0
-0 -0 -0
-0 -0 -0
-0 -0 -0
-0 -0 -0
-0 -0 -0
-0 -0 -0
-0 -0 -0
-0 -0 -0
-0 -0 -0
-0 -0 -0
-0 -0 -0
-0 -0 -0
-0 -0 -0
-0 -0 -0
-0 -0 -0
-0 -0 -0
-0 -0 -0
-0 -0 -0
-0 -0 -0
-0 -0 -0
-0 -0 -0
-0 -0 -0
-0 -0 -0
-0 -0 -0
-0 -0 -0
-0 -0 -0
-0 -0 -0
-0 -0 -0
-0 -0 -0
-0 -0 -0
-0 -0 -0
-0 -0 -0
-0 -0 -0
-0 -0 -0
-0 -0 -0
-0 -0 -0
-0 -0 -0
-0 -0 -0
-0 -0 -0
-0 -0 -0
-0 -0 -0
-0 -0 -0
-0 -0 -0
-0 -0 -0
-0 -0 -0
-0 -0 -0
-0 -0 -0
-0 -0 -0
-0 -0 -0
-0 -0 -0
-0 -0 -0
-0 -0 -0
-0 -0 -0
-0 -0 -0
-0 -0 -0
-0 -0 -0
-0 -0 -0
-0 -0 -0
-0 -0 -0
-0 -0 -0
-0 -0 -0
-0 -0 -0
-0 -0 -0
-0 -0 -0
-0 -0 -0
-0 -0 -0
-0 -0 -0
-0 -0 -0
-0 -0 -0
-0 -0 -0
-0 -0 -0
-0 -0 -0
-0 -0 -0
-0 -0 -0
-0 -0 -0
-0 -0 -0
-0 -0 -0
-0 -0 -0
-0 -0 -0
-0 -0 -0
-0 -0 -0
-0 -0 -0
-0 -0 -0
-0 -0 -0
-0 -0 -0
-0 -0 -0
-0 -0 -0
-0 -0 -0
-0 -0 -0
-0 -0 -0
-0 -0 -0
-0 -0 -0
-0 -0 -0
-0 -0 -0
-0 -0 -0
-0 -0 -0
-0 -0 -0
-0 -0 -0
-0 -0 -0
-0 -0 -0
-0 -0 -0
-0 -0 -0
-0 -0 -0
-0 -0 -0
-0 -0 -0
-0 -0 -0
-0 -0 -0
-0 -0 -0
-0 -0 -0
-0 -0 -0
-0 -0 -0
-0 -0 -0
-0 -0 -0
-0 -0 -0
-0 -0 -0
-0 -0 -0
-0 -0 -0
-0 -0 -0
-0 -0 -0
-0 -0 -0
-0 -0 -0
-0 -0 -0
-0 -0 -0
-0 -0 -0
-0 -0 -0
-0 -0 -0
-0 -0 -0
-0 -0 -0
-0 -0 -0
-0 -0 -0
-0 -0 -0
-0 -0 -0
-0 -0 -0
-0 -0 -0
-0 -0 -0
-0 -0 -0
-0 -0 -0
-0 -0 -0
-0 -0 -0
-0 -0 -0
-0 -0 -0
-0 -0 -0
-0 -0 -0
-0 -0 -0
-0 -0 -0
-0 -0 -0
-0 -0 -0
-0 -0 -0
-0 -0 -0
-0 -0 -0
-0 -0 -0
-0 -0 -0
-0 -0 -0
-0 -0 -0
-0 -0 -0
-0 -0 -0
-0 -0 -0
-0 -0 -0
-0 -0 -0
-0 -0 -0
-0 -0 -0
-0 -0 -0
-0 -0 -0
-0 -0 -0
-0 -0 -0
-0 -0 -0
-0 -0 -0
-0 -0 -0
-0 -0 -0
-0 -0 -0
-0 -0 -0
-0 -0 -0
-0 -0 -0
-0 -0 -0
-0 -0 -0
-0 -0 -0
-0 -0 -0
-0 -0 -0
-0 -0 -0
-0 -0 -0
-0 -0 -0
-0 -0 -0
-0 -0 -0
-0 -0 -0
-0 -0 -0
-0 -0 -0
-0 -0 -0
-0 -0 -0
-0 -0 -0
-0 -0 -0
-0 -0 -0
-0 -0 -0
-0 -0 -0
-0 -0 -0
-0 -0 -0
-0 -0 -0
-0 -0 -0
-0 -0 -0
-0 -0 -0
-0 -0 -0
-0 -0 -0
-0 -0 -0
-0 -0 -0
-0 -0 -0
-0 -0 -0
-0 -0 -0
-0 -0 -0
-0 -0 -0
-0 -0 -0
-0 -0 -0
-0 -0 -0
-0 -0 -0
-0 -0 -0
-0 -0 -0
-0 -0 -0
-0 -0 -0
-0 -0 -0
-0 -0 -0
-0 -0 -0
-0 -0 -0
-0 -0 -0
-0 -0 -0
-0 -0 -0
-0 -0 -0
-0 -0 -0
-0 -0 -0
-0 -0 -0
-0 -0 -0
-0 -0 -0
-0 -0 -0
-0 -0 -0
-0 -0 -0
-0 -0 -0
-0 -0 -0
-0 -0 -0
-0 -0 -0
-0 -0 -0
-0 -0 -0
-0 -0 -0
-0 -0 -0
-0 -0 -0
-0 -0 -0
-0 -0 -0
-0 -0 -0
-0 -0 -0
-0 -0 -0
-0 -0 -0
-0 -0 -0
-0 -0 -0
-0 -0 -0
-0 -0 -0
-0 -0 -0
-0 -0 -0
-0 -0 -0
-0 -0 -0
-0 -0 -0
-0 -0 -0
-0 -0 -0
-0 -0 -0
-0 -0 -0
-0 -0 -0
-0 -0 -0
-0 -0 -0
-0 -0 -0
-0 -0 -0
-0 -0 -0
-0 -0 -0
-0 -0 -0
-0 -0 -0
-0 -0 -0
-0 -0 -0
-0 -0 -0
-0 -0 -0
-0 -0 -0
-0 -0 -0
-0 -0 -0
-0 -0 -0
-0 -0 -0
-0 -0 -0
-0 -0 -0
-0 -0 -0
-0 -0 -0
-0 -0 -0
-0 -0 -0
-0 -0 -0
-0 -0 -0
-0 -0 -0
-0 -0 -0
-0 -0 -0
-0 -0 -0
-0 -0 -0
-0 -0 -0
-0 -0 -0
-0 -0 -0
-0 -0 -0
-0 -0 -0
-0 -0 -0
-0 -0 -0
-0 -0 -0
-0 -0 -0
-0 -0 -0
-0 -0 -0
-0 -0 -0
-0 -0 -0
-0 -0 -0
-0 -0 -0
-0 -0 -0
-0 -0 -0
-0 -0 -0
-0 -0 -0
-0 -0 -0
-0 -0 -0
-0 -0 -0
-0 -0 -0
-0 -0 -0
-0 -0 -0
-0 -0 -0
-0 -0 -0
-0 -0 -0
-0 -0 -0
-0 -0 -0
-0 -0 -0
-0 -0 -0
-0 -0 -0
-0 -0 -0
-0 -0 -0
-0 -0 -0
-0 -0 -0
-0 -0 -0
-0 -0 -0
-0 -0 -0
-0 -0 -0
-0 -0 -0
-0 -0 -0
-0 -0 -0
-0 -0 -0
-0 -0 -0
-0 -0 -0
-0 -0 -0
-0 -0 -0
-0 -0 -0
-0 -0 -0
-0 -0 -0
-0 -0 -0
-0 -0 -0
-0 -0 -0
-0 -0 -0
-0 -0 -0
-0 -0 -0
-0 -0 -0
-0 -0 -0
-0 -0 -0
-0 -0 -0
-0 -0 -0
-0 -0 -0
-0 -0 -0
-0 -0 -0
-0 -0 -0
-0 -0 -0
-0 -0 -0
-0 -0 -0
-0 -0 -0
-0 -0 -0
-0 -0 -0
-0 -0 -0
-0 -0 -0
-0 -0 -0
-0 -0 -0
-0 -0 -0
-0 -0 -0
-0 -0 -0
-0 -0 -0
-0 -0 -0
-0 -0 -0
-0 -0 -0
-0 -0 -0
-0 -0 -0
-0 -0 -0
-0 -0 -0
-0 -0 -0
-0 -0 -0
-0 -0 -0
-0 -0 -0
-0 -0 -0
-0 -0 -0
-0 -0 -0
-0 -0 -0
-0 -0 -0
-0 -0 -0
-0 -0 -0
-0 -0 -0
-0 -0 -0
-0 -0 -0
-0 -0 -0
-0 -0 -0
-0 -0 -0
-0 -0 -0
-0 -0 -0
-0 -0 -0
-0 -0 -0
-0 -0 -0
-0 -0 -0
-0 -0 -0
-0 -0 -0
-0 -0 -0
-0 -0 -0
-0 -0 -0
-0 -0 -0
-0 -0 -0
-0 -0 -0
-0 -0 -0
-0 -0 -0
-0 -0 -0
-0 -0 -0
-0 -0 -0
-0 -0 -0
-0 -0 -0
-0 -0 -0
-0 -0 -0
-0 -0 -0
-0 -0 -0
-0 -0 -0
-0 -0 -0
-0 -0 -0
-0 -0 -0
-0 -0 -0
-0 -0 -0
-0 -0 -0
-0 -0 -0
-0 -0 -0
-0 -0 -0
-0 -0 -0
-0 -0 -0
-0 -0 -0
-0 -0 -0
-0 -0 -0
-0 -0 -0
-0 -0 -0
-0 -0 -0
-0 -0 -0
-0 -0 -0
-0 -0 -0
-0 -0 -0
-0 -0 -0
-0 -0 -0
-0 -0 -0
-0 -0 -0
-0 -0 -0
-0 -0 -0
-0 -0 -0
-0 -0 -0
-0 -0 -0
-0 -0 -0
-0 -0 -0
-0 -0 -0
-0 -0 -0
-0 -0 -0
-0 -0 -0
-0 -0 -0
-0 -0 -0
-0 -0 -0
-0 -0 -0
-0 -0 -0
-0 -0 -0
-0 -0 -0
-0 -0 -0
-0 -0 -0
-0 -0 -0
-0 -0 -0
-0 -0 -0
-0 -0 -0
-0 -0 -0
-0 -0 -0
-0 -0 -0
-0 -0 -0
-0 -0 -0
-0 -0 -0
-0 -0 -0
-0 -0 -0
-0 -0 -0
-0 -0 -0
-0 -0 -0
-0 -0 -0
-0 -0 -0
-0 -0 -0
-0 -0 -0
-0 -0 -0
-0 -0 -0
-0 -0 -0
-0 -0 -0
-0 -0 -0
-0 -0 -0
-0 -0 -0
-0 -0 -0
-0 -0 -0
-0 -0 -0
-0 -0 -0
-0 -0 -0
-0 -0 -0
-0 -0 -0
-0 -0 -0
-0 -0 -0
-0 -0 -0
-0 -0 -0
-0 -0 -0
-0 -0 -0
-0 -0 -0
-0 -0 -0
-0 -0 -0
-0 -0 -0
-0 -0 -0
-0 -0 -0
-0 -0 -0
-0 -0 -0
-0 -0 -0
-0 -0 -0
-0 -0 -0
-0 -0 -0
-0 -0 -0
-0 -0 -0
-0 -0 -0
-0 -0 -0
-0 -0 -0
-0 -0 -0
-0 -0 -0
-0 -0 -0
-0 -0 -0
-0 -0 -0
-0 -0 -0
-0 -0 -0
-0 -0 -0
-0 -0 -0
-0 -0 -0
-0 -0 -0
-0 -0 -0
-0 -0 -0
-0 -0 -0
-0 -0 -0
-0 -0 -0
-0 -0 -0
-0 -0 -0
-0 -0 -0
-0 -0 -0
-0 -0 -0
-0 -0 -0
-0 -0 -0
-0 -0 -0
-0 -0 -0
-0 -0 -0
-0 -0 -0
-0 -0 -0
-0 -0 -0
-0 -0 -0
-0 -0 -0
-0 -0 -0
-0 -0 -0
-0 -0 -0
-0 -0 -0
-0 -0 -0
-0 -0 -0
-0 -0 -0
-0 -0 -0
-0 -0 -0
-0 -0 -0
-0 -0 -0
-0 -0 -0
-0 -0 -0
-0 -0 -0
-0 -0 -0
-0 -0 -0
-0 -0 -0
-0 -0 -0
-0 -0 -0
-0 -0 -0
-0 -0 -0
-0 -0 -0
-0 -0 -0
-0 -0 -0
-0 -0 -0
-0 -0 -0
-0 -0 -0
-0 -0 -0
-0 -0 -0
-0 -0 -0
-0 -0 -0
-0 -0 -0
-0 -0 -0
-0 -0 -0
-0 -0 -0
-0 -0 -0
-0 -0 -0
-0 -0 -0
-0 -0 -0
-0 -0 -0
-0 -0 -0
-0 -0 -0
-0 -0 -0
-0 -0 -0
-0 -0 -0
-0 -0 -0
-0 -0 -0
-0 -0 -0
-0 -0 -0
-0 -0 -0
-0 -0 -0
-0 -0 -0
-0 -0 -0
-0 -0 -0
-0 -0 -0
-0 -0 -0
-0 -0 -0
-0 -0 -0
-0 -0 -0
-0 -0 -0
-0 -0 -0
-0 -0 -0
-0 -0 -0
-0 -0 -0
-0 -0 -0
-0 -0 -0
-0 -0 -0
-0 -0 -0
-0 -0 -0
-0 -0 -0
-0 -0 -0
-0 -0 -0
-0 -0 -0
-0 -0 -0
-0 -0 -0
-0 -0 -0
-0 -0 -0
-0 -0 -0
-0 -0 -0
-0 -0 -0
-0 -0 -0
-0 -0 -0
-0 -0 -0
-0 -0 -0
-0 -0 -0
-0 -0 -0
-0 -0 -0
-0 -0 -0
-0 -0 -0
-0 -0 -0
-0 -0 -0
-0 -0 -0
-0 -0 -0
-0 -0 -0
-0 -0 -0
-0 -0 -0
-0 -0 -0
-0 -0 -0
-0 -0 -0
-0 -0 -0
-0 -0 -0
-0 -0 -0
-0 -0 -0
-0 -0 -0
-0 -0 -0
-0 -0 -0
-0 -0 -0
-0 -0 -0
-0 -0 -0
-0 -0 -0
-0 -0 -0
-0 -0 -0
-0 -0 -0
-0 -0 -0
-0 -0 -0
-0 -0 -0
-0 -0 -0
-0 -0 -0
-0 -0 -0
-0 -0 -0
-0 -0 -0
-0 -0 -0
-0 -0 -0
-0 -0 -0
-0 -0 -0
-0 -0 -0
-0 -0 -0
-0 -0 -0
-0 -0 -0
-0 -0 -0
-0 -0 -0
-0 -0 -0
-0 -0 -0
-0 -0 -0
-0 -0 -0
-0 -0 -0
-0 -0 -0
-0 -0 -0
-0 -0 -0
-0 -0 -0
-0 -0 -0
-0 -0 -0
-0 -0 -0
-0 -0 -0
-0 -0 -0
-0 -0 -0
-0 -0 -0
-0 -0 -0
-0 -0 -0
-0 -0 -0
-0 -0 -0
-0 -0 -0
-0 -0 -0
-0 -0 -0
-0 -0 -0
-0 -0 -0
-0 -0 -0
-0 -0 -0
-0 -0 -0
-0 -0 -0
-0 -0 -0
-0 -0 -0
-0 -0 -0
-0 -0 -0
-0 -0 -0
-0 -0 -0
-0 -0 -0
-0 -0 -0
-0 -0 -0
-0 -0 -0
-0 -0 -0
-0 -0 -0
-0 -0 -0
-0 -0 -0
-0 -0 -0
-0 -0 -0
-0 -0 -0
-0 -0 -0
-0 -0 -0
-0 -0 -0
-0 -0 -0
-0 -0 -0
-0 -0 -0
-0 -0 -0
-0 -0 -0
-0 -0 -0
-0 -0 -0
-0 -0 -0
-0 -0 -0
-0 -0 -0
-0 -0 -0
-0 -0 -0
-0 -0 -0
-0 -0 -0
-0 -0 -0
-0 -0 -0
-0 -0 -0
-0 -0 -0
-0 -0 -0
-0 -0 -0
-0 -0 -0
-0 -0 -0
-0 -0 -0
-0 -0 -0
-0 -0 -0
-0 -0 -0
-0 -0 -0
-0 -0 -0
-0 -0 -0
-0 -0 -0
-0 -0 -0
-0 -0 -0
-0 -0 -0
-0 -0 -0
-0 -0 -0
-0 -0 -0
-0 -0 -0
-0 -0 -0
-0 -0 -0
-0 -0 -0
-0 -0 -0
-0 -0 -0
-0 -0 -0
-0 -0 -0
-0 -0 -0
-0 -0 -0
-0 -0 -0
-0 -0 -0
-0 -0 -0
-0 -0 -0
-0 -0 -0
-0 -0 -0
-0 -0 -0
-0 -0 -0
-0 -0 -0
-0 -0 -0
-0 -0 -0
-0 -0 -0
-0 -0 -0
-0 -0 -0
-0 -0 -0
-0 -0 -0
-0 -0 -0
-0 -0 -0
-0 -0 -0
-0 -0 -0
-0 -0 -0
-0 -0 -0
-0 -0 -0
-0 -0 -0
-0 -0 -0
-0 -0 -0
-0 -0 -0
-0 -0 -0
-0 -0 -0
-0 -0 -0
-0 -0 -0
-0 -0 -0
-0 -0 -0
-0 -0 -0
-0 -0 -0
-0 -0 -0
-0 -0 -0
-0 -0 -0
-0 -0 -0
-0 -0 -0
-0 -0 -0
-0 -0 -0
-0 -0 -0
-0 -0 -0
-0 -0 -0
-0 -0 -0
-0 -0 -0
-0 -0 -0
-0 -0 -0
-0 -0 -0
-0 -0 -0
-0 -0 -0
-0 -0 -0
-0 -0 -0
-0 -0 -0
-0 -0 -0
-0 -0 -0
-0 -0 -0
-0 -0 -0
-0 -0 -0
-0 -0 -0
-0 -0 -0
-0 -0 -0
-0 -0 -0
-0 -0 -0
-0 -0 -0
-0 -0 -0
-0 -0 -0
-0 -0 -0
-0 -0 -0
-0 -0 -0
-0 -0 -0
-0 -0 -0
-0 -0 -0
-0 -0 -0
-0 -0 -0
-0 -0 -0
-0 -0 -0
-0 -0 -0
-0 -0 -0
-0 -0 -0
-0 -0 -0
-0 -0 -0
-0 -0 -0
-0 -0 -0
-0 -0 -0
-0 -0 -0
-0 -0 -0
-0 -0 -0
-0 -0 -0
-0 -0 -0
-0 -0 -0
-0 -0 -0
-0 -0 -0
-0 -0 -0
-0 -0 -0
-0 -0 -0
-0 -0 -0
-0 -0 -0
-0 -0 -0
-0 -0 -0
-0 -0 -0
-0 -0 -0
-0 -0 -0
-0 -0 -0
-0 -0 -0
-0 -0 -0
-0 -0 -0
-0 -0 -0
-0 -0 -0
-0 -0 -0
-0 -0 -0
-0 -0 -0
-0 -0 -0
-0 -0 -0
-0 -0 -0
-0 -0 -0
-0 -0 -0
-0 -0 -0
-0 -0 -0
-0 -0 -0
-0 -0 -0
-0 -0 -0
-0 -0 -0
-0 -0 -0
-0 -0 -0
-0 -0 -0
-0 -0 -0
-0 -0 -0
-0 -0 -0
-0 -0 -0
-0 -0 -0
-0 -0 -0
-0 -0 -0
-0 -0 -0
-0 -0 -0
-0 -0 -0
-0 -0 -0
-0 -0 -0
-0 -0 -0
-0 -0 -0
-0 -0 -0
-0 -0 -0
-0 -0 -0
-0 -0 -0
-0 -0 -0
-0 -0 -0
-0 -0 -0
-0 -0 -0
-0 -0 -0
-0 -0 -0
-0 -0 -0
-0 -0 -0
-0 -0 -0
-0 -0 -0
-0 -0 -0
-0 -0 -0
-0 -0 -0
-0 -0 -0
-0 -0 -0
-0 -0 -0
-0 -0 -0
-0 -0 -0
-0 -0 -0
-0 -0 -0
-0 -0 -0
-0 -0 -0
-0 -0 -0
-0 -0 -0
-0 -0 -0
-0 -0 -0
-0 -0 -0
-0 -0 -0
-0 -0 -0
-0 -0 -0
-0 -0 -0
-0 -0 -0
-0 -0 -0
-0 -0 -0
-0 -0 -0
-0 -0 -0
-0 -0 -0
-0 -0 -0
-0 -0 -0
-0 -0 -0
-0 -0 -0
-0 -0 -0
-0 -0 -0
-0 -0 -0
-0 -0 -0
-0 -0 -0
-0 -0 -0
-0 -0 -0
-0 -0 -0
-0 -0 -0
-0 -0 -0
-0 -0 -0
-0 -0 -0
-0 -0 -0
-0 -0 -0
-0 -0 -0
-0 -0 -0
-0 -0 -0
-0 -0 -0
-0 -0 -0
-0 -0 -0
-0 -0 -0
-0 -0 -0
-0 -0 -0
-0 -0 -0
-0 -0 -0
-0 -0 -0
-0 -0 -0
-0 -0 -0
-0 -0 -0
-0 -0 -0
-0 -0 -0
-0 -0 -0
-0 -0 -0
-0 -0 -0
-0 -0 -0
-0 -0 -0
-0 -0 -0
-0 -0 -0
-0 -0 -0
-0 -0 -0
-0 -0 -0
-0 -0 -0
-0 -0 -0
-0 -0 -0
-0 -0 -0
-0 -0 -0
-0 -0 -0
-0 -0 -0
-0 -0 -0
-0 -0 -0
-0 -0 -0
-0 -0 -0
-0 -0 -0
-0 -0 -0
-0 -0 -0
-0 -0 -0
-0 -0 -0
-0 -0 -0
-0 -0 -0
-0 -0 -0
-0 -0 -0
-0 -0 -0
-0 -0 -0
-0 -0 -0
-0 -0 -0
-0 -0 -0
-0 -0 -0
-0 -0 -0
-0 -0 -0
-0 -0 -0
-0 -0 -0
-0 -0 -0
-0 -0 -0
-0 -0 -0
-0 -0 -0
-0 -0 -0
-0 -0 -0
-0 -0 -0
-0 -0 -0
-0 -0 -0
-0 -0 -0
-0 -0 -0
-0 -0 -0
-0 -0 -0
-0 -0 -0
-0 -0 -0
-0 -0 -0
-0 -0 -0
-0 -0 -0
-0 -0 -0
-0 -0 -0
-0 -0 -0
-0 -0 -0
-0 -0 -0
-0 -0 -0
-0 -0 -0
-0 -0 -0
-0 -0 -0
-0 -0 -0
-0 -0 -0
-0 -0 -0
-0 -0 -0
-0 -0 -0
-0 -0 -0
-0 -0 -0
-0 -0 -0
-0 -0 -0
-0 -0 -0
-0 -0 -0
-0 -0 -0
-0 -0 -0
-0 -0 -0
-0 -0 -0
-0 -0 -0
-0 -0 -0
-0 -0 -0
-0 -0 -0
-0 -0 -0
-0 -0 -0
-0 -0 -0
-0 -0 -0
-0 -0 -0
-0 -0 -0
-0 -0 -0
-0 -0 -0
-0 -0 -0
-0 -0 -0
-0 -0 -0
-0 -0 -0
-0 -0 -0
-0 -0 -0
-0 -0 -0
-0 -0 -0
-0 -0 -0
-0 -0 -0
-0 -0 -0
-0 -0 -0
-0 -0 -0
-0 -0 -0
-0 -0 -0
-0 -0 -0
-0 -0 -0
-0 -0 -0
-0 -0 -0
-0 -0 -0
-0 -0 -0
-0 -0 -0
-0 -0 -0
-0 -0 -0
-0 -0 -0
-0 -0 -0
-0 -0 -0
-0 -0 -0
-0 -0 -0
-0 -0 -0
-0 -0 -0
-0 -0 -0
-0 -0 -0
-0 -0 -0
-0 -0 -0
-0 -0 -0
-0 -0 -0
-0 -0 -0
-0 -0 -0
-0 -0 -0
-0 -0 -0
-0 -0 -0
-0 -0 -0
-0 -0 -0
-0 -0 -0
-0 -0 -0
-0 -0 -0
-0 -0 -0
-0 -0 -0
-0 -0 -0
-0 -0 -0
-0 -0 -0
-0 -0 -0
-0 -0 -0
-0 -0 -0
-0 -0 -0
-0 -0 -0
-0 -0 -0
-0 -0 -0
-0 -0 -0
-0 -0 -0
-0 -0 -0
-0 -0 -0
-0 -0 -0
-0 -0 -0
-0 -0 -0
-0 -0 -0
-0 -0 -0
-0 -0 -0
-0 -0 -0
-0 -0 -0
-0 -0 -0
-0 -0 -0
-0 -0 -0
-0 -0 -0
-0 -0 -0
-0 -0 -0
-0 -0 -0
-0 -0 -0
-0 -0 -0
-0 -0 -0
-0 -0 -0
-0 -0 -0
-0 -0 -0
-0 -0 -0
-0 -0 -0
-0 -0 -0
-0 -0 -0
-0 -0 -0
-0 -0 -0
-0 -0 -0
-0 -0 -0
-0 -0 -0
-0 -0 -0
-0 -0 -0
-0 -0 -0
-0 -0 -0
-0 -0 -0
-0 -0 -0
-0 -0 -0
-0 -0 -0
-0 -0 -0
-0 -0 -0
-0 -0 -0
-0 -0 -0
-0 -0 -0
-0 -0 -0
-0 -0 -0
-0 -0 -0
-0 -0 -0
-0 -0 -0
-0 -0 -0
-0 -0 -0
-0 -0 -0
-0 -0 -0
-0 -0 -0
-0 -0 -0
-0 -0 -0
-0 -0 -0
-0 -0 -0
-0 -0 -0
-0 -0 -0
-0 -0 -0
-0 -0 -0
-0 -0 -0
-0 -0 -0
-0 -0 -0
-0 -0 -0
-0 -0 -0
-0 -0 -0
-0 -0 -0
-0 -0 -0
-0 -0 -0
-0 -0 -0
-0 -0 -0
-0 -0 -0
-0 -0 -0
-0 -0 -0
-0 -0 -0
-0 -0 -0
-0 -0 -0
-0 -0 -0
-0 -0 -0
-0 -0 -0
-0 -0 -0
-0 -0 -0
-0 -0 -0
-0 -0 -0
-0 -0 -0
-0 -0 -0
-0 -0 -0
-0 -0 -0
-0 -0 -0
-0 -0 -0
-0 -0 -0
-0 -0 -0
-0 -0 -0
-0 -0 -0
-0 -0 -0
-0 -0 -0
-0 -0 -0
-0 -0 -0
-0 -0 -0
-0 -0 -0
-0 -0 -0
-0 -0 -0
-0 -0 -0
-0 -0 -0
-0 -0 -0
-0 -0 -0
-0 -0 -0
-0 -0 -0
-0 -0 -0
-0 -0 -0
-0 -0 -0
-0 -0 -0
-0 -0 -0
-0 -0 -0
-0 -0 -0
-0 -0 -0
-0 -0 -0
-0 -0 -0
-0 -0 -0
-0 -0 -0
-0 -0 -0
-0 -0 -0
-0 -0 -0
-0 -0 -0
-0 -0 -0
-0 -0 -0
-0 -0 -0
-0 -0 -0
-0 -0 -0
-0 -0 -0
-0 -0 -0
-0 -0 -0
-0 -0 -0
-0 -0 -0
-0 -0 -0
-0 -0 -0
-0 -0 -0
-0 -0 -0
-0 -0 -0
-0 -0 -0
-0 -0 -0
-0 -0 -0
-0 -0 -0
-0 -0 -0
-0 -0 -0
-0 -0 -0
-0 -0 -0
-0 -0 -0
-0 -0 -0
-0 -0 -0
-0 -0 -0
-0 -0 -0
-0 -0 -0
-0 -0 -0
-0 -0 -0
-0 -0 -0
-0 -0 -0
-0 -0 -0
-0 -0 -0
-0 -0 -0
-0 -0 -0
-0 -0 -0
-0 -0 -0
-0 -0 -0
-0 -0 -0
-0 -0 -0
-0 -0 -0
-0 -0 -0
-0 -0 -0
-0 -0 -0
-0 -0 -0
-0 -0 -0
-0 -0 -0
-0 -0 -0
-0 -0 -0
-0 -0 -0
-0 -0 -0
-0 -0 -0
-0 -0 -0
-0 -0 -0
-0 -0 -0
-0 -0 -0
-0 -0 -0
-0 -0 -0
-0 -0 -0
-0 -0 -0
-0 -0 -0
-0 -0 -0
-0 -0 -0
-0 -0 -0
-0 -0 -0
-0 -0 -0
-0 -0 -0
-0 -0 -0
-0 -0 -0
-0 -0 -0
VECTORS debug_velocity float
0 -10.275242512873012 0
0 -10.275223077898611 0
0 -10.275196791499077 0
0 -10.275236656644788 0
0 -10.275218164380796 0
0 -10.275192299231641 0
0 -10.275233812296525 0
0 -10.275215611326262 0
0 -10.275189854453204 0
0 -10.275232273041192 0
0 -10.275214101509306 0
0 -10.275188335651965 0
0 -10.275157532509869 0
0 -10.275103439965102 0
0 -10.275038516287427 0
0 -10.274968852304816 0
0 -10.274899510501553 0
0 -10.275153637843939 0
0 -10.275100679948899 0
0 -10.275037309455669 0
0 -10.274969351845341 0
0 -10.274901678430563 0
0 -10.274835380061001 0
0 -10.274782086708488 0
0 -10.274743291874222 0
0 -10.274717094976493 0
0 -10.274697302451273 0
0 -10.274839024822159 0
0 -10.274786840356983 0
0 -10.274748684251627 0
0 -10.27472297976303 0
0 -10.274704309889053 0
0 -10.2751513868223 0
0 -10.27509887324239 0
0 -10.275036242120702 0
0 -10.274969163684466 0
0 -10.274902393800874 0
0 -10.275149866075365 0
0 -10.275097490606541 0
0 -10.275035233914902 0
0 -10.274968670213664 0
0 -10.27490248183736 0
0 -10.274840586577435 0
0 -10.27478909775509 0
0 -10.274751429854248 0
0 -10.274726073440769 0
0 -10.274707803920526 0
0 -10.274841273298927 0
0 -10.274790345895784 0
0 -10.274753127963983 0
0 -10.274728024390678 0
0 -10.274709854967545 0
0 -10.275231306548037 0
0 -10.275230676486725 0
0 -10.275213118292568 0
0 -10.27518732771447 0
0 -10.275212487024481 0
0 -10.27518670500954 0
0 -10.275230834247139 0
0 -10.275212589019988 0
0 -10.275186805036443 0
0 -10.275232603957534 0
0 -10.275214051770602 0
0 -10.275188151658808 0
0 -10.275237574547686 0
0 -10.275218090512851 0
0 -10.275191791350627 0
0 -10.275148855443346 0
0 -10.275096608524182 0
0 -10.275034640015045 0
0 -10.27514832842963 0
0 -10.275096285238698 0
0 -10.275034620923549 0
0 -10.274968481111729 0
0 -10.27490276743589 0
0 -10.274968845300313 0
0 -10.274903551761122 0
0 -10.27514853399086 0
0 -10.275096694133738 0
0 -10.275035235785513 0
0 -10.274969678444192 0
0 -10.274904598389123 0
0 -10.274842056283477 0
0 -10.274791606627971 0
0 -10.274754741738418 0
0 -10.274843250185404 0
0 -10.274793158043837 0
0 -10.274756512909807 0
0 -10.274729831774636 0
0 -10.274711628204143 0
0 -10.274731676932053 0
0 -10.274713472452495 0
0 -10.274844480970845 0
0 -10.27479452969574 0
0 -10.274757889656188 0
0 -10.274732973321749 0
0 -10.274714756395415 0
0 -10.275149820439962 0
0 -10.275097915656255 0
0 -10.275036312708174 0
0 -10.274970570084168 0
0 -10.274905270075408 0
0 -10.275153042658804 0
0 -10.275100470443814 0
0 -10.275038004173123 0
0 -10.274971305842788 0
0 -10.274904998577798 0
0 -10.274844922358431 0
0 -10.274794762252187 0
0 -10.274757917045578 0
0 -10.27473282626042 0
0 -10.274714268474874 0
0 -10.274843668093171 0
0 -10.274792700370869 0
0 -10.274755305815022 0
0 -10.274729677889217 0
0 -10.274710055958913 0
0 -10.275236524860285 0
0 -10.275217999615668 0
0 -10.275192042465555 0
0 -10.275231629417847 0
0 -10.275213858059685 0
0 -10.275188390654177 0
0 -10.275229113817174 0
0 -10.275211619469687 0
0 -10.27518636364908 0
0 -10.275227653278796 0
0 -10.275210237005011 0
0 -10.27518506993966 0
0 -10.275153205574552 0
0 -10.275099997001734 0
0 -10.275036335377438 0
0 -10.274968075458251 0
0 -10.274900162066986 0
0 -10.275150370156725 0
0 -10.27509854314934 0
0 -10.275036603173252 0
0 -10.274970132183343 0
0 -10.274903873917518 0
0 -10.274837421962102 0
0 -10.274785362608352 0
0 -10.274747425667565 0
0 -10.274721890909886 0
0 -10.274703142176154 0
0 -10.274842471563289 0
0 -10.274791209531061 0
0 -10.274753531487251 0
0 -10.27472815474394 0
0 -10.274710261718395 0
0 -10.275148733630539 0
0 -10.275097582967017 0
0 -10.275036571147321 0
0 -10.274971114217614 0
0 -10.274905823942754 0
0 -10.275147611507196 0
0 -10.275096808932156 0
0 -10.275036356174525 0
0 -10.274971556593936 0
0 -10.274906933164701 0
0 -10.274845231421443 0
0 -10.274794493275634 0
0 -10.274757074209335 0
0 -10.274731819748622 0
0 -10.274714205937752 0
0 -10.274846935014361 0
0 -10.274796637548091 0
0 -10.274759493255662 0
0 -10.274734401964171 0
0 -10.274716898918903 0
0 -10.275233597049477 0
0 -10.275215369265048 0
0 -10.275189549358259 0
0 -10.275229021911896 0
0 -10.27521152894848 0
0 -10.275186277145737 0
0 -10.275226626306665 0
0 -10.275209423812198 0
0 -10.275184444764289 0
0 -10.275225209362739 0
0 -10.275208105376553 0
0 -10.275183264556153 0
0 -10.275150948653367 0
0 -10.275098212504931 0
0 -10.275035276664338 0
0 -10.274967835903498 0
0 -10.274900744540258 0
0 -10.275148636918153 0
0 -10.275097442669892 0
0 -10.2750363431993 0
0 -10.274970761344184 0
0 -10.274905342152664 0
0 -10.274838776607336 0
0 -10.274787364887045 0
0 -10.274749889896173 0
0 -10.274724625451352 0
0 -10.274706242991307 0
0 -10.274844661076921 0
0 -10.27479390302009 0
0 -10.27475650544808 0
0 -10.274731271608173 0
0 -10.274713646602324 0
0 -10.27514729825033 0
0 -10.275096902209734 0
0 -10.275036833513536 0
0 -10.274972342482837 0
0 -10.274907934254616 0
0 -10.275146373887651 0
0 -10.275096432521734 0
0 -10.275037017791158 0
0 -10.274973260791137 0
0 -10.274909567752967 0
0 -10.274848057761391 0
0 -10.274797752577614 0
0 -10.274760500100456 0
0 -10.274735286398444 0
0 -10.274717855220009 0
0 -10.274850292429887 0
0 -10.274800384281267 0
0 -10.274763322978567 0
0 -10.274738201422036 0
0 -10.27472084664074 0
0 -10.275231940206156 0
0 -10.275213779742252 0
0 -10.275188056857012 0
0 -10.275227402241336 0
0 -10.275210006160336 0
0 -10.275184895326458 0
0 -10.275225072269405 0
0 -10.275207982521305 0
0 -10.275183184768542 0
0 -10.275223698320024 0
0 -10.2752067181043 0
0 -10.275182087117763 0
0 -10.275149620673091 0
0 -10.275097197911398 0
0 -10.275034755712507 0
0 -10.274967880095481 0
0 -10.274901351612851 0
0 -10.275147495640455 0
0 -10.275096701147481 0
0 -10.27503616476209 0
0 -10.274971196438475 0
0 -10.27490636543609 0
0 -10.274839894826433 0
0 -10.274788882696305 0
0 -10.274751681592965 0
0 -10.274726587384023 0
0 -10.274708309849503 0
0 -10.274846190201734 0
0 -10.274795784923816 0
0 -10.274758591293804 0
0 -10.274733471257893 0
0 -10.274715935988446 0
0 -10.275146344112059 0
0 -10.275096425618036 0
0 -10.275036982590665 0
0 -10.274973150675896 0
0 -10.274909355269626 0
0 -10.275145553901586 0
0 -10.275096156182149 0
0 -10.275037423645982 0
0 -10.274974369656359 0
0 -10.274911315622612 0
0 -10.27484997971543 0
0 -10.274799990140213 0
0 -10.274762875170726 0
0 -10.274737719702086 0
0 -10.274720342846294 0
0 -10.274852542126357 0
0 -10.274802923908284 0
0 -10.274765958412093 0
0 -10.274740859790903 0
0 -10.274723540655918 0
0 -10.275230680836893 0
0 -10.27521253071127 0
0 -10.275186879995845 0
0 -10.275226140523698 0
0 -10.275208780468805 0
0 -10.275183768387386 0
0 -10.275229423592414 0
0 -10.275211297486216 0
0 -10.275185687806706 0
0 -10.275224920580436 0
0 -10.275207587089156 0
0 -10.275182621978754 0
0 -10.275223827669349 0
0 -10.27520678454708 0
0 -10.275182100258466 0
0 -10.275222478134454 0
0 -10.275205548994707 0
0 -10.275181044160538 0
0 -10.275222631563311 0
0 -10.275205618886231 0
0 -10.275180987569707 0
0 -10.275221315492015 0
0 -10.275204422236062 0
0 -10.275179979774618 0
0 -10.275148589453911 0
0 -10.275096437647765 0
0 -10.275034367040298 0
0 -10.274967924680537 0
0 -10.274901843520121 0
0 -10.275146553475295 0
0 -10.27509607712711 0
0 -10.275035955105983 0
0 -10.274971449663864 0
0 -10.274907081172559 0
0 -10.274840807835083 0
0 -10.274790137481476 0
0 -10.27475314831462 0
0 -10.274728173436618 0
0 -10.274709969696378 0
0 -10.274847317810138 0
0 -10.274797227026712 0
0 -10.274760211904892 0
0 -10.274735185598999 0
0 -10.274717702736945 0
0 -10.275147494233606 0
0 -10.275095510595872 0
0 -10.275033668821047 0
0 -10.274967519358189 0
0 -10.274901796007502 0
0 -10.275145518924017 0
0 -10.275095239090756 0
0 -10.275035380096179 0
0 -10.274971194129831 0
0 -10.274907187335186 0
0 -10.27484115714873 0
0 -10.274790852960018 0
0 -10.274754120787735 0
0 -10.274729294891245 0
0 -10.274711188000621 0
0 -10.274847797364197 0
0 -10.274798036803821 0
0 -10.274761251771171 0
0 -10.274736356956689 0
0 -10.274718951914318 0
0 -10.275145470490534 0
0 -10.275095904504912 0
0 -10.275036908948296 0
0 -10.27497356615253 0
0 -10.274910247190464 0
0 -10.275144748124838 0
0 -10.275095736362912 0
0 -10.275037484927855 0
0 -10.274974948082557 0
0 -10.274912387371753 0
0 -10.274851282510591 0
0 -10.27480159624389 0
0 -10.274764640906868 0
0 -10.274739562455029 0
0 -10.274722226031484 0
0 -10.274854026448448 0
0 -10.274804702477581 0
0 -10.274767888460174 0
0 -10.274742858342183 0
0 -10.274725575406098 0
0 -10.275144481743405 0
0 -10.275095133899509 0
0 -10.275036429215557 0
0 -10.2749734300856 0
0 -10.274910482866778 0
0 -10.275143823917901 0
0 -10.275095053897152 0
0 -10.275037120813495 0
0 -10.274974950214562 0
0 -10.274912771129708 0
0 -10.274851882294969 0
0 -10.274802509069167 0
0 -10.274765771086461 0
0 -10.274740816303442 0
0 -10.274723550450188 0
0 -10.274854770023456 0
0 -10.27480574679111 0
0 -10.274769140058662 0
0 -10.274744229690032 0
0 -10.274727017432951 0
0 -10.275226694620379 0
0 -10.275226100516683 0
0 -10.275209300468324 0
0 -10.275184178008656 0
0 -10.2752087143036 0
0 -10.275183635137658 0
0 -10.275226201631414 0
0 -10.275208764680873 0
0 -10.275183688313124 0
0 -10.275227652903583 0
0 -10.275209964901675 0
0 -10.275184796908587 0
0 -10.275231682530002 0
0 -10.275213301701193 0
0 -10.275187808772667 0
0 -10.275146833064776 0
0 -10.275096299310473 0
0 -10.275036264180871 0
0 -10.275146445796084 0
0 -10.275096186767193 0
0 -10.275036510377697 0
0 -10.274971971980188 0
0 -10.274907879992686 0
0 -10.274972633040473 0
0 -10.274908965988283 0
0 -10.275146605157028 0
0 -10.275096555473917 0
0 -10.275037098869486 0
0 -10.274973457392765 0
0 -10.274910013876752 0
0 -10.274848376273605 0
0 -10.274798481313031 0
0 -10.274761587983448 0
0 -10.274849848201482 0
0 -10.274800264249336 0
0 -10.27476355261042 0
0 -10.274736631197529 0
0 -10.274719193532153 0
0 -10.274738655685404 0
0 -10.274721246278684 0
0 -10.274851081235242 0
0 -10.274801639832997 0
0 -10.274764955653536 0
0 -10.274740004870779 0
0 -10.274722535018958 0
0 -10.275147670315947 0
0 -10.275097596168118 0
0 -10.275038072061696 0
0 -10.274974338557101 0
0 -10.274910773411042 0
0 -10.275150341074895 0
0 -10.275099746117498 0
0 -10.275039581111741 0
0 -10.274975164195554 0
0 -10.274910876557122 0
0 -10.274851687959764 0
0 -10.274802081149376 0
0 -10.274765202165131 0
0 -10.274740046342075 0
0 -10.274722305545321 0
0 -10.274851040721465 0
0 -10.274800740432935 0
0 -10.274763337976495 0
0 -10.274737732628026 0
0 -10.274719302698458 0
0 -10.275224261065029 0
0 -10.275223653611521 0
0 -10.275207196806381 0
0 -10.275182438602728 0
0 -10.275206604273025 0
0 -10.275181907842436 0
0 -10.275223695567481 0
0 -10.275206598270028 0
0 -10.27518190596515 0
0 -10.275224976444703 0
0 -10.275207649224425 0
0 -10.275182854251449 0
0 -10.275228616989507 0
0 -10.275210655497485 0
0 -10.275185534757652 0
0 -10.275145728014621 0
0 -10.275096137835495 0
0 -10.275037215705403 0
0 -10.275145383384904 0
0 -10.275096106129491 0
0 -10.275037576966758 0
0 -10.274974025185108 0
0 -10.274910899565725 0
0 -10.274974827768293 0
0 -10.274912141247803 0
0 -10.275145492400419 0
0 -10.275096429778335 0
0 -10.275038127573673 0
0 -10.27497562344386 0
0 -10.274913169961405 0
0 -10.274852120719851 0
0 -10.274802582460705 0
0 -10.274765726965512 0
0 -10.274853748362347 0
0 -10.274804508892961 0
0 -10.274767825391823 0
0 -10.274740705785613 0
0 -10.274723410500432 0
0 -10.274742865946433 0
0 -10.274725607152089 0
0 -10.274854969478536 0
0 -10.274805879552087 0
0 -10.274769238547117 0
0 -10.274744242781024 0
0 -10.274726940005655 0
0 -10.275146380292176 0
0 -10.275097278489776 0
0 -10.275038909575487 0
0 -10.274976332680813 0
0 -10.274913789168712 0
0 -10.27514870093006 0
0 -10.275099082959033 0
0 -10.275040120936907 0
0 -10.274976939470033 0
0 -10.274913774140852 0
0 -10.274855471725704 0
0 -10.274806254944728 0
0 -10.27476946006974 0
0 -10.274744299038947 0
0 -10.274726770136581 0
0 -10.274854810498251 0
0 -10.274804986622243 0
0 -10.274767730021939 0
0 -10.274742180456878 0
0 -10.274724065898134 0
0 -10.275222730343268 0
0 -10.27522208231159 0
0 -10.27520579512276 0
0 -10.275181256994831 0
0 -10.275205166069279 0
0 -10.275180693609434 0
0 -10.275222078583466 0
0 -10.275205115258835 0
0 -10.275180649502571 0
0 -10.2752232464179 0
0 -10.275206049534557 0
0 -10.275181461786536 0
0 -10.275226725240906 0
0 -10.275208893508573 0
0 -10.275183948325814 0
0 -10.275144928427421 0
0 -10.275095916247572 0
0 -10.275037712863137 0
0 -10.275144558458093 0
0 -10.275095873002343 0
0 -10.275038079694252 0
0 -10.274975259082044 0
0 -10.274912798464531 0
0 -10.274976085612707 0
0 -10.27491408089073 0
0 -10.275144628959263 0
0 -10.275096160774499 0
0 -10.275038600217885 0
0 -10.274976858230866 0
0 -10.274915095118736 0
0 -10.27485453430732 0
0 -10.274805289290812 0
0 -10.274768527638347 0
0 -10.274856214303517 0
0 -10.274807278638516 0
0 -10.27477070249884 0
0 -10.274743527183137 0
0 -10.274726269433922 0
0 -10.274745778938025 0
0 -10.274728572868739 0
0 -10.274857429842243 0
0 -10.274808655716743 0
0 -10.274772140436138 0
0 -10.274747200826251 0
0 -10.27472996864697 0
0 -10.275145354247103 0
0 -10.27509682010065 0
0 -10.275039180333318 0
0 -10.274977366747779 0
0 -10.274915529097404 0
0 -10.275147435540701 0
0 -10.275098347465759 0
0 -10.275040101047601 0
0 -10.274977693505701 0
0 -10.274915265187962 0
0 -10.274857775199344 0
0 -10.274808914081159 0
0 -10.274772291459712 0
0 -10.274747224452479 0
0 -10.274729787099709 0
0 -10.274856912259812 0
0 -10.274807503590297 0
0 -10.274770476523873 0
0 -10.274745064512782 0
0 -10.274727063240002 0
0 -10.275221511476641 0
0 -10.275220829725956 0
0 -10.27520462927734 0
0 -10.275180223488181 0
0 -10.275203967974603 0
0 -10.27517962409245 0
0 -10.275220764414648 0
0 -10.275203855807096 0
0 -10.275179508991704 0
0 -10.275220397822773 0
0 -10.275219730001924 0
0 -10.275203556996782 0
0 -10.275179227236778 0
0 -10.275202911436345 0
0 -10.275178646058491 0
0 -10.275219665747265 0
0 -10.275202799991199 0
0 -10.275178532611356 0
0 -10.275221886166646 0
0 -10.275204739235011 0
0 -10.275180261930887 0
0 -10.275225306559982 0
0 -10.275207509115846 0
0 -10.275182650878465 0
0 -10.275220746126578 0
0 -10.275203641581266 0
0 -10.275179236007663 0
0 -10.275224108121876 0
0 -10.275206353634919 0
0 -10.275181559384327 0
0 -10.275144146070009 0
0 -10.27509554049224 0
0 -10.275037842608013 0
0 -10.275143737347447 0
0 -10.275095462018227 0
0 -10.275038184271567 0
0 -10.274975928775198 0
0 -10.27491397878547 0
0 -10.274976743992182 0
0 -10.274915265001548 0
0 -10.275143721306783 0
0 -10.275095651495532 0
0 -10.275038604021983 0
0 -10.274977420551391 0
0 -10.274916195120788 0
0 -10.274856135653327 0
0 -10.274807187836009 0
0 -10.27477058222896 0
0 -10.274857833686077 0
0 -10.274809211169146 0
0 -10.274772810062835 0
0 -10.274745657088154 0
0 -10.274728443245126 0
0 -10.274747980529888 0
0 -10.274730834567031 0
0 -10.274858982974596 0
0 -10.274810546473013 0
0 -10.274774233778574 0
0 -10.274749413538837 0
0 -10.274732258972596 0
0 -10.275143312630693 0
0 -10.275094977190992 0
0 -10.275037625329837 0
0 -10.275142927402451 0
0 -10.275094931792102 0
0 -10.275038012426343 0
0 -10.274976098234379 0
0 -10.274914538558573 0
0 -10.274976971185763 0
0 -10.274915891725822 0
0 -10.275142914906782 0
0 -10.275095128445297 0
0 -10.275038444855834 0
0 -10.274977666893815 0
0 -10.274916847652438 0
0 -10.274857050095713 0
0 -10.274808387989003 0
0 -10.274771976669266 0
0 -10.274858819744578 0
0 -10.274810485241455 0
0 -10.27477428257375 0
0 -10.27474716711032 0
0 -10.274730029527788 0
0 -10.274749576397678 0
0 -10.274732517084928 0
0 -10.27486000060714 0
0 -10.274811857254432 0
0 -10.27477574954599 0
0 -10.274751060842801 0
0 -10.27473400194239 0
0 -10.275144376382803 0
0 -10.275096230169334 0
0 -10.275039099100113 0
0 -10.274977844892828 0
0 -10.274916552214849 0
0 -10.275146331665491 0
0 -10.275097605591014 0
0 -10.275039850988692 0
0 -10.274977998251448 0
0 -10.274916123148149 0
0 -10.274859264797763 0
0 -10.274810759860369 0
0 -10.27477436105343 0
0 -10.27474943274304 0
0 -10.274732083692752 0
0 -10.274858257405056 0
0 -10.274809238458269 0
0 -10.274772471297203 0
0 -10.274747222776984 0
0 -10.274729309248166 0
0 -10.275143509276123 0
0 -10.275095636028919 0
0 -10.275038864579734 0
0 -10.274978017871048 0
0 -10.274917139595088 0
0 -10.275145388646418 0
0 -10.275096927523698 0
0 -10.275039529974634 0
0 -10.274978088736191 0
0 -10.27491663842946 0
0 -10.274860231012459 0
0 -10.274812037776442 0
0 -10.274775864042029 0
0 -10.274751083118693 0
0 -10.274733838826526 0
0 -10.274859168063896 0
0 -10.274810482953855 0
0 -10.274773963284536 0
0 -10.274748879238267 0
0 -10.274731079122388 0
0 -10.275228260697476 0
0 -10.275210153584586 0
0 -10.275184509757628 0
0 -10.275223838179009 0
0 -10.275206505100186 0
0 -10.275181498284828 0
0 -10.275221618032784 0
0 -10.275204608638132 0
0 -10.27517995118507 0
0 -10.275220378065052 0
0 -10.275203500905553 0
0 -10.275179056959113 0
0 -10.275146303798913 0
0 -10.275094333804356 0
0 -10.275032539037996 0
0 -10.27496651401654 0
0 -10.274901028294362 0
0 -10.275144384328454 0
0 -10.275094137360734 0
0 -10.275034358731444 0
0 -10.27497032414254 0
0 -10.274906555680158 0
0 -10.274840733516237 0
0 -10.274790814874459 0
0 -10.274754387156593 0
0 -10.274729732553142 0
0 -10.274711719370384 0
0 -10.27484747706138 0
0 -10.274798054775848 0
0 -10.274761543509364 0
0 -10.274736804986784 0
0 -10.274719484438753 0
0 -10.27514345970779 0
0 -10.27509418051997 0
0 -10.275035595085253 0
0 -10.274972775236066 0
0 -10.274910070217166 0
0 -10.275142949686625 0
0 -10.275094288511779 0
0 -10.275036512153035 0
0 -10.274974544950512 0
0 -10.274912609459298 0
0 -10.274851756695956 0
0 -10.274802679094783 0
0 -10.274766179212765 0
0 -10.274741361894161 0
0 -10.274724171798992 0
0 -10.274854873999631 0
0 -10.274806110381297 0
0 -10.274769706372801 0
0 -10.27474491256582 0
0 -10.274727772602485 0
0 -10.275227815345451 0
0 -10.275209626753927 0
0 -10.275183851711853 0
0 -10.275223411466198 0
0 -10.275205987216756 0
0 -10.275180840673196 0
0 -10.275221247568886 0
0 -10.275204156214505 0
0 -10.275179378980377 0
0 -10.275220113448569 0
0 -10.275203171641689 0
0 -10.275178646234048 0
0 -10.275145511989562 0
0 -10.275093409938352 0
0 -10.275031455240427 0
0 -10.274965335656416 0
0 -10.27489988046959 0
0 -10.275143585162862 0
0 -10.275093214261794 0
0 -10.275033308625598 0
0 -10.274969212316691 0
0 -10.274905484386904 0
0 -10.27483974369118 0
0 -10.27479008792192 0
0 -10.274753869391965 0
0 -10.27472931288403 0
0 -10.274711302399504 0
0 -10.274846548749142 0
0 -10.274797363972835 0
0 -10.274761050601946 0
0 -10.274736408528687 0
0 -10.274719089734806 0
0 -10.275142775838054 0
0 -10.275093410688797 0
0 -10.27503473867394 0
0 -10.274971884590427 0
0 -10.274909221546213 0
0 -10.275142480431478 0
0 -10.275093786643041 0
0 -10.275035966937834 0
0 -10.274973987677173 0
0 -10.274912087149758 0
0 -10.274851025355295 0
0 -10.274802140056286 0
0 -10.274765804656003 0
0 -10.27474106592712 0
0 -10.274723879570226 0
0 -10.274854434235747 0
0 -10.274805809383077 0
0 -10.274769520419449 0
0 -10.274744776202526 0
0 -10.274727635946759 0
0 -10.275229110637225 0
0 -10.275210587037352 0
0 -10.275184589874543 0
0 -10.275224441187758 0
0 -10.275206730940621 0
0 -10.275181361103702 0
0 -10.275222276117894 0
0 -10.275204924792911 0
0 -10.275179947443485 0
0 -10.275221200421367 0
0 -10.275204015232267 0
0 -10.27517931517326 0
0 -10.275145988370195 0
0 -10.275093526728096 0
0 -10.275031096874399 0
0 -10.274964512057769 0
0 -10.274898689580333 0
0 -10.275143824346051 0
0 -10.2750930965277 0
0 -10.275032767832215 0
0 -10.274968274050307 0
0 -10.274904239591507 0
0 -10.274838312038831 0
0 -10.274788555939994 0
0 -10.274752294796144 0
0 -10.274727678653074 0
0 -10.274709380293443 0
0 -10.274845111739635 0
0 -10.274795869326478 0
0 -10.274759546253964 0
0 -10.274734860977256 0
0 -10.274717320840518 0
0 -10.275143094048463 0
0 -10.275093408401334 0
0 -10.275034352930621 0
0 -10.274971131693908 0
0 -10.274908166565472 0
0 -10.275142932191006 0
0 -10.275093951070033 0
0 -10.275035775936313 0
0 -10.274973443683177 0
0 -10.274911233341857 0
0 -10.274849759090923 0
0 -10.274800783106659 0
0 -10.274764412228011 0
0 -10.274739626367211 0
0 -10.274722253938309 0
0 -10.274853341420371 0
0 -10.274804587748696 0
0 -10.274768237688454 0
0 -10.274743435780259 0
0 -10.274726114877275 0
0 -10.275233885498185 0
0 -10.275214459920679 0
0 -10.275188076770103 0
0 -10.275228328036485 0
0 -10.27520990925116 0
0 -10.275184161158538 0
0 -10.275225901798517 0
0 -10.275207906668326 0
0 -10.275182558407712 0
0 -10.275224907983683 0
0 -10.275207089927552 0
0 -10.275182050250431 0
0 -10.275149044723033 0
0 -10.275095818498874 0
0 -10.275032327634596 0
0 -10.274964570100416 0
0 -10.274897617473878 0
0 -10.275146132815991 0
0 -10.275094612796366 0
0 -10.275033294327914 0
0 -10.274967772074648 0
0 -10.274902773835862 0
0 -10.274836233135431 0
0 -10.27478567248493 0
0 -10.274748873789068 0
0 -10.274723757759622 0
0 -10.274704438200136 0
0 -10.274842808334565 0
0 -10.274792932833211 0
0 -10.274756226281564 0
0 -10.274731209908342 0
0 -10.274712947828389 0
0 -10.275145201878951 0
0 -10.275094720480547 0
0 -10.275034696186179 0
0 -10.274970479374279 0
0 -10.274906579861042 0
0 -10.275145206361096 0
0 -10.275095473043624 0
0 -10.275036359276337 0
0 -10.274973041643436 0
0 -10.274909877475585 0
0 -10.274847363194541 0
0 -10.274797796510502 0
0 -10.274761098535537 0
0 -10.274736050460696 0
0 -10.274718058042 0
0 -10.274851129831189 0
0 -10.274801731447878 0
0 -10.274765017508221 0
0 -10.274739941910287 0
0 -10.274722010337834 0
0 -10.275219545623502 0
0 -10.275218956973557 0
0 -10.275202731815755 0
0 -10.275178423773355 0
0 -10.27520216918176 0
0 -10.275177941308185 0
0 -10.275218909034914 0
0 -10.275202073603324 0
0 -10.27517784021139 0
0 -10.27521999903113 0
0 -10.275202928537169 0
0 -10.275178560385354 0
0 -10.275223302430032 0
0 -10.275205598334098 0
0 -10.275180846899325 0
0 -10.275142590698527 0
0 -10.275094400592986 0
0 -10.275037237026885 0
0 -10.275142327232771 0
0 -10.275094501003109 0
0 -10.275037789679624 0
0 -10.274975932957057 0
0 -10.274914618070591 0
0 -10.274976983534373 0
0 -10.274916149552558 0
0 -10.275142322066642 0
0 -10.275094700322077 0
0 -10.275038223744822 0
0 -10.274977683600504 0
0 -10.274917114175432 0
0 -10.27485737763064 0
0 -10.274808944797515 0
0 -10.274772705956075 0
0 -10.274859313695151 0
0 -10.274811187680291 0
0 -10.274775137737935 0
0 -10.274747994865242 0
0 -10.274730929932792 0
0 -10.274750519298205 0
0 -10.274733533821216 0
0 -10.27486050826796 0
0 -10.274812580138571 0
0 -10.27477663297916 0
0 -10.274752038247744 0
0 -10.274735056855496 0
0 -10.275142936833102 0
0 -10.275095233119259 0
0 -10.275038672757038 0
0 -10.274978068398438 0
0 -10.274917444508763 0
0 -10.275144782473808 0
0 -10.275096495554672 0
0 -10.275039317129192 0
0 -10.274978129693238 0
0 -10.274916947767004 0
0 -10.274860780364625 0
0 -10.274812803937847 0
0 -10.274776790828238 0
0 -10.274752105494615 0
0 -10.274734945104896 0
0 -10.274859736791941 0
0 -10.274811281975687 0
0 -10.274774934135712 0
0 -10.274749956865286 0
0 -10.274732260933161 0
0 -10.275219372190358 0
0 -10.275218866587705 0
0 -10.275202508762062 0
0 -10.275178145955419 0
0 -10.275202035219873 0
0 -10.275177766588486 0
0 -10.275218901067744 0
0 -10.275202022134986 0
0 -10.275177754712701 0
0 -10.275220027851834 0
0 -10.275202912281193 0
0 -10.275178505625981 0
0 -10.27522333220131 0
0 -10.275205583842729 0
0 -10.275180787083874 0
0 -10.275142287608281 0
0 -10.275094098939594 0
0 -10.275036920279447 0
0 -10.27514214592353 0
0 -10.275094339670193 0
0 -10.275037628326194 0
0 -10.274975619575683 0
0 -10.274914335493131 0
0 -10.274976834687447 0
0 -10.27491602983512 0
0 -10.275142237000155 0
0 -10.275094643147018 0
0 -10.275038171225873 0
0 -10.274977645900311 0
0 -10.274917103225677 0
0 -10.274857154393519 0
0 -10.274808824359621 0
0 -10.274772665688042 0
0 -10.27485923954306 0
0 -10.274811195408452 0
0 -10.274775205957795 0
0 -10.274747984269011 0
0 -10.274730917041589 0
0 -10.274750604664074 0
0 -10.274733615180446 0
0 -10.274860533847406 0
0 -10.274812674027791 0
0 -10.274776772037526 0
0 -10.274752185169733 0
0 -10.274735198904425 0
0 -10.275142871653863 0
0 -10.275095183428668 0
0 -10.275038618911154 0
0 -10.274978025074374 0
0 -10.274917427735609 0
0 -10.275144700559196 0
0 -10.275096414947509 0
0 -10.275039221322579 0
0 -10.274978040006088 0
0 -10.274916886636088 0
0 -10.274860802732942 0
0 -10.274812898462965 0
0 -10.2747769335431 0
0 -10.274752259411969 0
0 -10.274735096771515 0
0 -10.274859722064244 0
0 -10.274811351358196 0
0 -10.274775064145693 0
0 -10.274750106074915 0
0 -10.274732414995158 0
0 -10.275220585856955 0
0 -10.275220142552561 0
0 -10.275203492123786 0
0 -10.275178991019212 0
0 -10.275203087600723 0
0 -10.275178687584063 0
0 -10.275220232607149 0
0 -10.275203126436525 0
0 -10.275178718803138 0
0 -10.275221470830045 0
0 -10.275204102800831 0
0 -10.27517954000793 0
0 -10.275225044211398 0
0 -10.275206980098659 0
0 -10.275181993737021 0
0 -10.275142964000501 0
0 -10.275094534569282 0
0 -10.275037034732124 0
0 -10.275142903684982 0
0 -10.275094862474351 0
0 -10.275037837274184 0
0 -10.274975395985082 0
0 -10.274913791100269 0
0 -10.274976713424817 0
0 -10.274915589195556 0
0 -10.275143019364382 0
0 -10.275095169680297 0
0 -10.275038370255881 0
0 -10.274977510289981 0
0 -10.274916649683135 0
0 -10.274856333511377 0
0 -10.274807819638704 0
0 -10.274771550712808 0
0 -10.274858514004999 0
0 -10.274810272879431 0
0 -10.274774161799526 0
0 -10.274746783717092 0
0 -10.274729532466234 0
0 -10.274749469841712 0
0 -10.274732299428125 0
0 -10.27485979882664 0
0 -10.27481174729404 0
0 -10.274775728885784 0
0 -10.274751057291564 0
0 -10.274733893302566 0
0 -10.275143697546753 0
0 -10.275095717695576 0
0 -10.275038793866095 0
0 -10.274977842720626 0
0 -10.274916914631953 0
0 -10.275145662891349 0
0 -10.275097031585997 0
0 -10.275039414510063 0
0 -10.274977817155527 0
0 -10.274916284073065 0
0 -10.27486000359349 0
0 -10.274811908751186 0
0 -10.274775831785778 0
0 -10.274751075227606 0
0 -10.274733719229411 0
0 -10.274858795257988 0
0 -10.274810212158076 0
0 -10.274773801890694 0
0 -10.274748740869132 0
0 -10.274730799552021 0
0 -10.275224380004552 0
0 -10.275223973567167 0
0 -10.275206652647535 0
0 -10.275181825744623 0
0 -10.275206288388349 0
0 -10.275181562605805 0
0 -10.275224098279024 0
0 -10.275206349643154 0
0 -10.275181587495974 0
0 -10.275225596206484 0
0 -10.275207509624881 0
0 -10.275182530647347 0
0 -10.27523006021026 0
0 -10.275211048676276 0
0 -10.275185542064458 0
0 -10.275145354995972 0
0 -10.275096191460261 0
0 -10.275037769024443 0
0 -10.275145328605975 0
0 -10.275096544420071 0
0 -10.27503859805007 0
0 -10.274975152952745 0
0 -10.274912583635883 0
0 -10.274976508153895 0
0 -10.274914428354096 0
0 -10.275145388754476 0
0 -10.275096736112948 0
0 -10.275038971302607 0
0 -10.274977132471019 0
0 -10.274915326628502 0
0 -10.274854237642263 0
0 -10.274805040910151 0
0 -10.274768384838209 0
0 -10.27485646159853 0
0 -10.274807531261876 0
0 -10.274771034508277 0
0 -10.274743337134918 0
0 -10.274725471803247 0
0 -10.274746070591126 0
0 -10.274728298470146 0
0 -10.27485760539261 0
0 -10.274808895504203 0
0 -10.274772523769903 0
0 -10.274747603496955 0
0 -10.274729843685339 0
0 -10.275146103688131 0
0 -10.275097206802396 0
0 -10.2750392074907 0
0 -10.274977201326536 0
0 -10.274915286223683 0
0 -10.275148515473708 0
0 -10.275098787014228 0
0 -10.275039871419127 0
0 -10.274977005361373 0
0 -10.274914301093146 0
0 -10.274857491422219 0
0 -10.274808755300995 0
0 -10.274772351060919 0
0 -10.274747347994943 0
0 -10.274729330510983 0
0 -10.274855785667533 0
0 -10.274806480643209 0
0 -10.274769702408127 0
0 -10.274744316972759 0
0 -10.274725459815052 0
-0 -0 -0
-0 -0 -0
-0 -0 -0
-0 -0 -0
-0 -0 -0
-0 -0 -0
-0 -0 -0
-0 -0 -0
-0 -0 -0
-0 -0 -0
-0 -0 -0
-0 -0 -0
-0 -0 -0
-0 -0 -0
-0 -0 -0
-0 -0 -0
-0 -0 -0
-0 -0 -0
-0 -0 -0
-0 -0 -0
-0 -0 -0
-0 -0 -0
-0 -0 -0
-0 -0 -0
-0 -0 -0
-0 -0 -0
-0 -0 -0
-0 -0 -0
-0 -0 -0
-0 -0 -0
-0 -0 -0
-0 -0 -0
-0 -0 -0
-0 -0 -0
-0 -0 -0
-0 -0 -0
-0 -0 -0
-0 -0 -0
-0 -0 -0
-0 -0 -0
-0 -0 -0
-0 -0 -0
-0 -0 -0
-0 -0 -0
-0 -0 -0
-0 -0 -0
-0 -0 -0
-0 -0 -0
-0 -0 -0
-0 -0 -0
-0 -0 -0
-0 -0 -0
-0 -0 -0
-0 -0 -0
-0 -0 -0
-0 -0 -0
-0 -0 -0
-0 -0 -0
-0 -0 -0
-0 -0 -0
-0 -0 -0
-0 -0 -0
-0 -0 -0
-0 -0 -0
-0 -0 -0
-0 -0 -0
-0 -0 -0
-0 -0 -0
-0 -0 -0
-0 -0 -0
-0 -0 -0
-0 -0 -0
-0 -0 -0
-0 -0 -0
-0 -0 -0
-0 -0 -0
-0 -0 -0
-0 -0 -0
-0 -0 -0
-0 -0 -0
-0 -0 -0
-0 -0 -0
-0 -0 -0
-0 -0 -0
-0 -0 -0
-0 -0 -0
-0 -0 -0
-0 -0 -0
-0 -0 -0
-0 -0 -0
-0 -0 -0
-0 -0 -0
-0 -0 -0
-0 -0 -0
-0 -0 -0
-0 -0 -0
-0 -0 -0
-0 -0 -0
-0 -0 -0
-0 -0 -0
-0 -0 -0
-0 -0 -0
-0 -0 -0
-0 -0 -0
-0 -0 -0
-0 -0 -0
-0 -0 -0
-0 -0 -0
-0 -0 -0
-0 -0 -0
-0 -0 -0
-0 -0 -0
-0 -0 -0
-0 -0 -0
-0 -0 -0
-0 -0 -0
-0 -0 -0
-0 -0 -0
-0 -0 -0
-0 -0 -0
-0 -0 -0
-0 -0 -0
-0 -0 -0
-0 -0 -0
-0 -0 -0
-0 -0 -0
-0 -0 -0
-0 -0 -0
-0 -0 -0
-0 -0 -0
-0 -0 -0
-0 -0 -0
-0 -0 -0
-0 -0 -0
-0 -0 -0
-0 -0 -0
-0 -0 -0
-0 -0 -0
-0 -0 -0
-0 -0 -0
-0 -0 -0
-0 -0 -0
-0 -0 -0
-0 -0 -0
-0 -0 -0
-0 -0 -0
-0 -0 -0
-0 -0 -0
-0 -0 -0
-0 -0 -0
-0 -0 -0
-0 -0 -0
-0 -0 -0
-0 -0 -0
-0 -0 -0
-0 -0 -0
-0 -0 -0
-0 -0 -0
-0 -0 -0
-0 -0 -0
-0 -0 -0
-0 -0 -0
-0 -0 -0
-0 -0 -0
-0 -0 -0
-0 -0 -0
-0 -0 -0
-0 -0 -0
-0 -0 -0
-0 -0 -0
-0 -0 -0
-0 -0 -0
-0 -0 -0
-0 -0 -0
-0 -0 -0
-0 -0 -0
-0 -0 -0
-0 -0 -0
-0 -0 -0
-0 -0 -0
-0 -0 -0
-0 -0 -0
-0 -0 -0
-0 -0 -0
-0 -0 -0
-0 -0 -0
-0 -0 -0
-0 -0 -0
-0 -0 -0
-0 -0 -0
-0 -0 -0
-0 -0 -0
-0 -0 -0
-0 -0 -0
-0 -0 -0
-0 -0 -0
-0 -0 -0
-0 -0 -0
-0 -0 -0
-0 -0 -0
-0 -0 -0
-0 -0 -0
-0 -0 -0
-0 -0 -0
-0 -0 -0
-0 -0 -0
-0 -0 -0
-0 -0 -0
-0 -0 -0
-0 -0 -0
-0 -0 -0
-0 -0 -0
-0 -0 -0
-0 -0 -0
-0 -0 -0
-0 -0 -0
-0 -0 -0
-0 -0 -0
-0 -0 -0
-0 -0 -0
-0 -0 -0
-0 -0 -0
-0 -0 -0
-0 -0 -0
-0 -0 -0
-0 -0 -0
-0 -0 -0
-0 -0 -0
-0 -0 -0
-0 -0 -0
-0 -0 -0
-0 -0 -0
-0 -0 -0
-0 -0 -0
-0 -0 -0
-0 -0 -0
-0 -0 -0
-0 -0 -0
-0 -0 -0
-0 -0 -0
-0 -0 -0
-0 -0 -0
-0 -0 -0
-0 -0 -0
-0 -0 -0
-0 -0 -0
-0 -0 -0
-0 -0 -0
-0 -0 -0
-0 -0 -0
-0 -0 -0
-0 -0 -0
-0 -0 -0
-0 -0 -0
-0 -0 -0
-0 -0 -0
-0 -0 -0
-0 -0 -0
-0 -0 -0
-0 -0 -0
-0 -0 -0
-0 -0 -0
-0 -0 -0
-0 -0 -0
-0 -0 -0
-0 -0 -0
-0 -0 -0
-0 -0 -0
-0 -0 -0
-0 -0 -0
-0 -0 -0
-0 -0 -0
-0 -0 -0
-0 -0 -0
-0 -0 -0
-0 -0 -0
-0 -0 -0
-0 -0 -0
-0 -0 -0
-0 -0 -0
-0 -0 -0
-0 -0 -0
-0 -0 -0
-0 -0 -0
-0 -0 -0
-0 -0 -0
-0 -0 -0
-0 -0 -0
-0 -0 -0
-0 -0 -0
-0 -0 -0
-0 -0 -0
-0 -0 -0
-0 -0 -0
-0 -0 -0
-0 -0 -0
-0 -0 -0
-0 -0 -0
-0 -0 -0
-0 -0 -0
-0 -0 -0
-0 -0 -0
-0 -0 -0
-0 -0 -0
-0 -0 -0
-0 -0 -0
-0 -0 -0
-0 -0 -0
-0 -0 -0
-0 -0 -0
-0 -0 -0
-0 -0 -0
-0 -0 -0
-0 -0 -0
-0 -0 -0
-0 -0 -0
-0 -0 -0
-0 -0 -0
-0 -0 -0
-0 -0 -0
-0 -0 -0
-0 -0 -0
-0 -0 -0
-0 -0 -0
-0 -0 -0
-0 -0 -0
-0 -0 -0
-0 -0 -0
-0 -0 -0
-0 -0 -0
-0 -0 -0
-0 -0 -0
-0 -0 -0
-0 -0 -0
-0 -0 -0
-0 -0 -0
-0 -0 -0
-0 -0 -0
-0 -0 -0
-0 -0 -0
-0 -0 -0
-0 -0 -0
-0 -0 -0
-0 -0 -0
-0 -0 -0
-0 -0 -0
-0 -0 -0
-0 -0 -0
-0 -0 -0
-0 -0 -0
-0 -0 -0
-0 -0 -0
-0 -0 -0
-0 -0 -0
-0 -0 -0
-0 -0 -0
-0 -0 -0
-0 -0 -0
-0 -0 -0
-0 -0 -0
-0 -0 -0
-0 -0 -0
-0 -0 -0
-0 -0 -0
-0 -0 -0
-0 -0 -0
-0 -0 -0
-0 -0 -0
-0 -0 -0
-0 -0 -0
-0 -0 -0
-0 -0 -0
-0 -0 -0
-0 -0 -0
-0 -0 -0
-0 -0 -0
-0 -0 -0
-0 -0 -0
-0 -0 -0
-0 -0 -0
-0 -0 -0
-0 -0 -0
-0 -0 -0
-0 -0 -0
-0 -0 -0
-0 -0 -0
-0 -0 -0
-0 -0 -0
-0 -0 -0
-0 -0 -0
-0 -0 -0
-0 -0 -0
-0 -0 -0
-0 -0 -0
-0 -0 -0
-0 -0 -0
-0 -0 -0
-0 -0 -0
-0 -0 -0
-0 -0 -0
-0 -0 -0
-0 -0 -0
-0 -0 -0
-0 -0 -0
-0 -0 -0
-0 -0 -0
-0 -0 -0
-0 -0 -0
-0 -0 -0
-0 -0 -0
-0 -0 -0
-0 -0 -0
-0 -0 -0
-0 -0 -0
-0 -0 -0
-0 -0 -0
-0 -0 -0
-0 -0 -0
-0 -0 -0
-0 -0 -0
-0 -0 -0
-0 -0 -0
-0 -0 -0
-0 -0 -0
-0 -0 -0
-0 -0 -0
-0 -0 -0
-0 -0 -0
-0 -0 -0
-0 -0 -0
-0 -0 -0
-0 -0 -0
-0 -0 -0
-0 -0 -0
-0 -0 -0
-0 -0 -0
-0 -0 -0
-0 -0 -0
-0 -0 -0
-0 -0 -0
-0 -0 -0
-0 -0 -0
-0 -0 -0
-0 -0 -0
-0 -0 -0
-0 -0 -0
-0 -0 -0
-0 -0 -0
-0 -0 -0
-0 -0 -0
-0 -0 -0
-0 -0 -0
-0 -0 -0
-0 -0 -0
-0 -0 -0
-0 -0 -0
-0 -0 -0
-0 -0 -0
-0 -0 -0
-0 -0 -0
-0 -0 -0
-0 -0 -0
-0 -0 -0
-0 -0 -0
-0 -0 -0
-0 -0 -0
-0 -0 -0
-0 -0 -0
-0 -0 -0
-0 -0 -0
-0 -0 -0
-0 -0 -0
-0 -0 -0
-0 -0 -0
-0 -0 -0
-0 -0 -0
-0 -0 -0
-0 -0 -0
-0 -0 -0
-0 -0 -0
-0 -0 -0
-0 -0 -0
-0 -0 -0
-0 -0 -0
-0 -0 -0
-0 -0 -0
-0 -0 -0
-0 -0 -0
-0 -0 -0
-0 -0 -0
-0 -0 -0
-0 -0 -0
-0 -0 -0
-0 -0 -0
-0 -0 -0
-0 -0 -0
-0 -0 -0
-0 -0 -0
-0 -0 -0
-0 -0 -0
-0 -0 -0
-0 -0 -0
-0 -0 -0
-0 -0 -0
-0 -0 -0
-0 -0 -0
-0 -0 -0
-0 -0 -0
-0 -0 -0
-0 -0 -0
-0 -0 -0
-0 -0 -0
-0 -0 -0
-0 -0 -0
-0 -0 -0
-0 -0 -0
-0 -0 -0
-0 -0 -0
-0 -0 -0
-0 -0 -0
-0 -0 -0
-0 -0 -0
-0 -0 -0
-0 -0 -0
-0 -0 -0
-0 -0 -0
-0 -0 -0
-0 -0 -0
-0 -0 -0
-0 -0 -0
-0 -0 -0
-0 -0 -0
-0 -0 -0
-0 -0 -0
-0 -0 -0
-0 -0 -0
-0 -0 -0
-0 -0 -0
-0 -0 -0
-0 -0 -0
-0 -0 -0
-0 -0 -0
-0 -0 -0
-0 -0 -0
-0 -0 -0
-0 -0 -0
-0 -0 -0
-0 -0 -0
-0 -0 -0
-0 -0 -0
-0 -0 -0
-0 -0 -0
-0 -0 -0
-0 -0 -0
-0 -0 -0
-0 -0 -0
-0 -0 -0
-0 -0 -0
-0 -0 -0
-0 -0 -0
-0 -0 -0
-0 -0 -0
-0 -0 -0
-0 -0 -0
-0 -0 -0
-0 -0 -0
-0 -0 -0
-0 -0 -0
-0 -0 -0
-0 -0 -0
-0 -0 -0
-0 -0 -0
-0 -0 -0
-0 -0 -0
-0 -0 -0
-0 -0 -0
-0 -0 -0
-0 -0 -0
-0 -0 -0
-0 -0 -0
-0 -0 -0
-0 -0 -0
-0 -0 -0
-0 -0 -0
-0 -0 -0
-0 -0 -0
-0 -0 -0
-0 -0 -0
-0 -0 -0
-0 -0 -0
-0 -0 -0
-0 -0 -0
-0 -0 -0
-0 -0 -0
-0 -0 -0
-0 -0 -0
-0 -0 -0
-0 -0 -0
-0 -0 -0
-0 -0 -0
-0 -0 -0
-0 -0 -0
-0 -0 -0
-0 -0 -0
-0 -0 -0
-0 -0 -0
-0 -0 -0
-0 -0 -0
-0 -0 -0
-0 -0 -0
-0 -0 -0
-0 -0 -0
-0 -0 -0
-0 -0 -0
-0 -0 -0
-0 -0 -0
-0 -0 -0
-0 -0 -0
-0 -0 -0
-0 -0 -0
-0 -0 -0
-0 -0 -0
-0 -0 -0
-0 -0 -0
-0 -0 -0
-0 -0 -0
-0 -0 -0
-0 -0 -0
-0 -0 -0
-0 -0 -0
-0 -0 -0
-0 -0 -0
-0 -0 -0
-0 -0 -0
-0 -0 -0
-0 -0 -0
-0 -0 -0
-0 -0 -0
-0 -0 -0
-0 -0 -0
-0 -0 -0
-0 -0 -0
-0 -0 -0
-0 -0 -0
-0 -0 -0
-0 -0 -0
-0 -0 -0
-0 -0 -0
-0 -0 -0
-0 -0 -0
-0 -0 -0
-0 -0 -0
-0 -0 -0
-0 -0 -0
-0 -0 -0
-0 -0 -0
-0 -0 -0
-0 -0 -0
-0 -0 -0
-0 -0 -0
-0 -0 -0
-0 -0 -0
-0 -0 -0
-0 -0 -0
-0 -0 -0
-0 -0 -0
-0 -0 -0
-0 -0 -0
-0 -0 -0
-0 -0 -0
-0 -0 -0
-0 -0 -0
-0 -0 -0
-0 -0 -0
-0 -0 -0
-0 -0 -0
-0 -0 -0
-0 -0 -0
-0 -0 -0
-0 -0 -0
-0 -0 -0
-0 -0 -0
-0 -0 -0
-0 -0 -0
-0 -0 -0
-0 -0 -0
-0 -0 -0
-0 -0 -0
-0 -0 -0
-0 -0 -0
-0 -0 -0
-0 -0 -0
-0 -0 -0
-0 -0 -0
-0 -0 -0
-0 -0 -0
-0 -0 -0
-0 -0 -0
-0 -0 -0
-0 -0 -0
-0 -0 -0
-0 -0 -0
-0 -0 -0
-0 -0 -0
-0 -0 -0
-0 -0 -0
-0 -0 -0
-0 -0 -0
-0 -0 -0
-0 -0 -0
-0 -0 -0
-0 -0 -0
-0 -0 -0
-0 -0 -0
-0 -0 -0
-0 -0 -0
-0 -0 -0
-0 -0 -0
-0 -0 -0
-0 -0 -0
-0 -0 -0
-0 -0 -0
-0 -0 -0
-0 -0 -0
-0 -0 -0
-0 -0 -0
-0 -0 -0
-0 -0 -0
-0 -0 -0
-0 -0 -0
-0 -0 -0
-0 -0 -0
-0 -0 -0
-0 -0 -0
-0 -0 -0
-0 -0 -0
-0 -0 -0
-0 -0 -0
-0 -0 -0
-0 -0 -0
-0 -0 -0
-0 -0 -0
-0 -0 -0
-0 -0 -0
-0 -0 -0
-0 -0 -0
-0 -0 -0
-0 -0 -0
-0 -0 -0
-0 -0 -0
-0 -0 -0
-0 -0 -0
-0 -0 -0
-0 -0 -0
-0 -0 -0
-0 -0 -0
-0 -0 -0
-0 -0 -0
-0 -0 -0
-0 -0 -0
-0 -0 -0
-0 -0 -0
-0 -0 -0
-0 -0 -0
-0 -0 -0
-0 -0 -0
-0 -0 -0
-0 -0 -0
-0 -0 -0
-0 -0 -0
-0 -0 -0
-0 -0 -0
-0 -0 -0
-0 -0 -0
-0 -0 -0
-0 -0 -0
-0 -0 -0
-0 -0 -0
-0 -0 -0
-0 -0 -0
-0 -0 -0
-0 -0 -0
-0 -0 -0
-0 -0 -0
-0 -0 -0
-0 -0 -0
-0 -0 -0
-0 -0 -0
-0 -0 -0
-0 -0 -0
-0 -0 -0
-0 -0 -0
-0 -0 -0
-0 -0 -0
-0 -0 -0
-0 -0 -0
-0 -0 -0
-0 -0 -0
-0 -0 -0
-0 -0 -0
-0 -0 -0
-0 -0 -0
-0 -0 -0
-0 -0 -0
-0 -0 -0
-0 -0 -0
-0 -0 -0
-0 -0 -0
-0 -0 -0
-0 -0 -0
-0 -0 -0
-0 -0 -0
-0 -0 -0
-0 -0 -0
-0 -0 -0
-0 -0 -0
-0 -0 -0
-0 -0 -0
-0 -0 -0
-0 -0 -0
-0 -0 -0
-0 -0 -0
-0 -0 -0
-0 -0 -0
-0 -0 -0
-0 -0 -0
-0 -0 -0
-0 -0 -0
-0 -0 -0
-0 -0 -0
-0 -0 -0
-0 -0 -0
-0 -0 -0
-0 -0 -0
-0 -0 -0
-0 -0 -0
-0 -0 -0
-0 -0 -0
-0 -0 -0
-0 -0 -0
-0 -0 -0
-0 -0 -0
-0 -0 -0
-0 -0 -0
-0 -0 -0
-0 -0 -0
-0 -0 -0
-0 -0 -0
-0 -0 -0
-0 -0 -0
-0 -0 -0
-0 -0 -0
-0 -0 -0
-0 -0 -0
-0 -0 -0
-0 -0 -0
-0 -0 -0
-0 -0 -0
-0 -0 -0
-0 -0 -0
-0 -0 -0
-0 -0 -0
-0 -0 -0
-0 -0 -0
-0 -0 -0
-0 -0 -0
-0 -0 -0
-0 -0 -0
-0 -0 -0
-0 -0 -0
-0 -0 -0
-0 -0 -0
-0 -0 -0
-0 -0 -0
-0 -0 -0
-0 -0 -0
-0 -0 -0
-0 -0 -0
-0 -0 -0
-0 -0 -0
-0 -0 -0
-0 -0 -0
-0 -0 -0
-0 -0 -0
-0 -0 -0
-0 -0 -0
-0 -0 -0
-0 -0 -0
-0 -0 -0
-0 -0 -0
-0 -0 -0
-0 -0 -0
-0 -0 -0
-0 -0 -0
-0 -0 -0
-0 -0 -0
-0 -0 -0
-0 -0 -0
-0 -0 -0
-0 -0 -0
-0 -0 -0
-0 -0 -0
-0 -0 -0
-0 -0 -0
-0 -0 -0
-0 -0 -0
-0 -0 -0
-0 -0 -0
-0 -0 -0
-0 -0 -0
-0 -0 -0
-0 -0 -0
-0 -0 -0
-0 -0 -0
-0 -0 -0
-0 -0 -0
-0 -0 -0
-0 -0 -0
-0 -0 -0
-0 -0 -0
-0 -0 -0
-0 -0 -0
-0 -0 -0
-0 -0 -0
-0 -0 -0
-0 -0 -0
-0 -0 -0
-0 -0 -0
-0 -0 -0
-0 -0 -0
-0 -0 -0
-0 -0 -0
-0 -0 -0
-0 -0 -0
-0 -0 -0
-0 -0 -0
-0 -0 -0
-0 -0 -0
-0 -0 -0
-0 -0 -0
-0 -0 -0
-0 -0 -0
-0 -0 -0
-0 -0 -0
-0 -0 -0
-0 -0 -0
-0 -0 -0
-0 -0 -0
-0 -0 -0
-0 -0 -0
-0 -0 -0
-0 -0 -0
-0 -0 -0
-0 -0 -0
-0 -0 -0
-0 -0 -0
-0 -0 -0
-0 -0 -0
-0 -0 -0
-0 -0 -0
-0 -0 -0
-0 -0 -0
-0 -0 -0
-0 -0 -0
-0 -0 -0
-0 -0 -0
-0 -0 -0
-0 -0 -0
-0 -0 -0
-0 -0 -0
-0 -0 -0
-0 -0 -0
-0 -0 -0
-0 -0 -0
-0 -0 -0
-0 -0 -0
-0 -0 -0
-0 -0 -0
-0 -0 -0
-0 -0 -0
-0 -0 -0
-0 -0 -0
-0 -0 -0
-0 -0 -0
-0 -0 -0
-0 -0 -0
-0 -0 -0
-0 -0 -0
-0 -0 -0
-0 -0 -0
-0 -0 -0
-0 -0 -0
-0 -0 -0
-0 -0 -0
-0 -0 -0
-0 -0 -0
-0 -0 -0
-0 -0 -0
-0 -0 -0
-0 -0 -0
-0 -0 -0
-0 -0 -0
-0 -0 -0
-0 -0 -0
-0 -0 -0
-0 -0 -0
-0 -0 -0
-0 -0 -0
-0 -0 -0
-0 -0 -0
-0 -0 -0
-0 -0 -0
-0 -0 -0
-0 -0 -0
-0 -0 -0
-0 -0 -0
-0 -0 -0
-0 -0 -0
-0 -0 -0
-0 -0 -0
-0 -0 -0
-0 -0 -0
-0 -0 -0
-0 -0 -0
-0 -0 -0
-0 -0 -0
-0 -0 -0
-0 -0 -0
-0 -0 -0
-0 -0 -0
-0 -0 -0
-0 -0 -0
-0 -0 -0
-0 -0 -0
-0 -0 -0
-0 -0 -0
-0 -0 -0
-0 -0 -0
-0 -0 -0
-0 -0 -0
-0 -0 -0
-0 -0 -0
-0 -0 -0
-0 -0 -0
-0 -0 -0
-0 -0 -0
-0 -0 -0
-0 -0 -0
-0 -0 -0
-0 -0 -0
-0 -0 -0
-0 -0 -0
-0 -0 -0
-0 -0 -0
-0 -0 -0
-0 -0 -0
-0 -0 -0
-0 -0 -0
-0 -0 -0
-0 -0 -0
-0 -0 -0
-0 -0 -0
-0 -0 -0
-0 -0 -0
-0 -0 -0
-0 -0 -0
-0 -0 -0
-0 -0 -0
-0 -0 -0
-0 -0 -0
-0 -0 -0
-0 -0 -0
-0 -0 -0
-0 -0 -0
-0 -0 -0
-0 -0 -0
-0 -0 -0
-0 -0 -0
-0 -0 -0
-0 -0 -0
-0 -0 -0
-0 -0 -0
-0 -0 -0
-0 -0 -0
-0 -0 -0
-0 -0 -0
-0 -0 -0
-0 -0 -0
-0 -0 -0
-0 -0 -0
-0 -0 -0
-0 -0 -0
-0 -0 -0
-0 -0 -0
-0 -0 -0
-0 -0 -0
-0 -0 -0
-0 -0 -0
-0 -0 -0
-0 -0 -0
-0 -0 -0
-0 -0 -0
-0 -0 -0
-0 -0 -0
-0 -0 -0
-0 -0 -0
-0 -0 -0
-0 -0 -0
-0 -0 -0
-0 -0 -0
-0 -0 -0
-0 -0 -0
-0 -0 -0
-0 -0 -0
-0 -0 -0
-0 -0 -0
-0 -0 -0
-0 -0 -0
-0 -0 -0
-0 -0 -0
-0 -0 -0
-0 -0 -0
-0 -0 -0
-0 -0 -0
-0 -0 -0
-0 -0 -0
-0 -0 -0
-0 -0 -0
-0 -0 -0
-0 -0 -0
-0 -0 -0
-0 -0 -0
-0 -0 -0
-0 -0 -0
-0 -0 -0
-0 -0 -0
-0 -0 -0
-0 -0 -0
-0 -0 -0
-0 -0 -0
-0 -0 -0
-0 -0 -0
-0 -0 -0
-0 -0 -0
-0 -0 -0
-0 -0 -0
-0 -0 -0
-0 -0 -0
-0 -0 -0
-0 -0 -0
-0 -0 -0
-0 -0 -0
-0 -0 -0
-0 -0 -0
-0 -0 -0
-0 -0 -0
-0 -0 -0
-0 -0 -0
-0 -0 -0
-0 -0 -0
-0 -0 -0
-0 -0 -0
-0 -0 -0
-0 -0 -0
-0 -0 -0
-0 -0 -0
-0 -0 -0
-0 -0 -0
-0 -0 -0
-0 -0 -0
-0 -0 -0
-0 -0 -0
-0 -0 -0
-0 -0 -0
-0 -0 -0
-0 -0 -0
-0 -0 -0
-0 -0 -0
-0 -0 -0
-0 -0 -0
-0 -0 -0
-0 -0 -0
-0 -0 -0
-0 -0 -0
-0 -0 -0
-0 -0 -0
-0 -0 -0
-0 -0 -0
-0 -0 -0
-0 -0 -0
-0 -0 -0
-0 -0 -0
-0 -0 -0
-0 -0 -0
-0 -0 -0
-0 -0 -0
-0 -0 -0
-0 -0 -0
-0 -0 -0
-0 -0 -0
-0 -0 -0
-0 -0 -0
-0 -0 -0
-0 -0 -0
-0 -0 -0
-0 -0 -0
-0 -0 -0
-0 -0 -0
-0 -0 -0
-0 -0 -0
-0 -0 -0
-0 -0 -0
-0 -0 -0
-0 -0 -0
-0 -0 -0
-0 -0 -0
-0 -0 -0
-0 -0 -0
-0 -0 -0
-0 -0 -0
-0 -0 -0
-0 -0 -0
-0 -0 -0
-0 -0 -0
-0 -0 -0
-0 -0 -0
-0 -0 -0
-0 -0 -0
-0 -0 -0
-0 -0 -0
-0 -0 -0
-0 -0 -0
-0 -0 -0
-0 -0 -0
-0 -0 -0
-0 -0 -0
-0 -0 -0
-0 -0 -0
-0 -0 -0
-0 -0 -0
-0 -0 -0
-0 -0 -0
-0 -0 -0
-0 -0 -0
-0 -0 -0
-0 -0 -0
-0 -0 -0
-0 -0 -0
-0 -0 -0
-0 -0 -0
-0 -0 -0
-0 -0 -0
-0 -0 -0
-0 -0 -0
-0 -0 -0
-0 -0 -0
-0 -0 -0
-0 -0 -0
-0 -0 -0
-0 -0 -0
-0 -0 -0
-0 -0 -0
-0 -0 -0
-0 -0 -0
-0 -0 -0
-0 -0 -0
-0 -0 -0
-0 -0 -0
-0 -0 -0
-0 -0 -0
-0 -0 -0
-0 -0 -0
-0 -0 -0
-0 -0 -0
-0 -0 -0
-0 -0 -0
-0 -0 -0
-0 -0 -0
-0 -0 -0
-0 -0 -0
-0 -0 -0
-0 -0 -0
-0 -0 -0
-0 -0 -0
-0 -0 -0
-0 -0 -0
-0 -0 -0
-0 -0 -0
-0 -0 -0
-0 -0 -0
-0 -0 -0
-0 -0 -0
-0 -0 -0
-0 -0 -0
-0 -0 -0
-0 -0 -0
-0 -0 -0
-0 -0 -0
-0 -0 -0
-0 -0 -0
-0 -0 -0
-0 -0 -0
-0 -0 -0
-0 -0 -0
-0 -0 -0
-0 -0 -0
-0 -0 -0
-0 -0 -0
-0 -0 -0
-0 -0 -0
-0 -0 -0
-0 -0 -0
-0 -0 -0
-0 -0 -0
-0 -0 -0
-0 -0 -0
-0 -0 -0
-0 -0 -0
-0 -0 -0
-0 -0 -0
-0 -0 -0
-0 -0 -0
-0 -0 -0
-0 -0 -0
-0 -0 -0
-0 -0 -0
-0 -0 -0
-0 -0 -0
-0 -0 -0
-0 -0 -0
-0 -0 -0
-0 -0 -0
-0 -0 -0
-0 -0 -0
-0 -0 -0
-0 -0 -0
-0 -0 -0
-0 -0 -0
-0 -0 -0
-0 -0 -0
-0 -0 -0
-0 -0 -0
-0 -0 -0
-0 -0 -0
-0 -0 -0
-0 -0 -0
-0 -0 -0
-0 -0 -0
-0 -0 -0
-0 -0 -0
-0 -0 -0
-0 -0 -0
-0 -0 -0
-0 -0 -0
-0 -0 -0
-0 -0 -0
-0 -0 -0
-0 -0 -0
-0 -0 -0
-0 -0 -0
-0 -0 -0
-0 -0 -0
-0 -0 -0
-0 -0 -0
-0 -0 -0
-0 -0 -0
-0 -0 -0
-0 -0 -0
-0 -0 -0
-0 -0 -0
-0 -0 -0
-0 -0 -0
-0 -0 -0
-0 -0 -0
-0 -0 -0
-0 -0 -0
-0 -0 -0
-0 -0 -0
-0 -0 -0
-0 -0 -0
-0 -0 -0
-0 -0 -0
-0 -0 -0
-0 -0 -0
-0 -0 -0
-0 -0 -0
-0 -0 -0
-0 -0 -0
-0 -0 -0
-0 -0 -0
-0 -0 -0
-0 -0 -0
-0 -0 -0
-0 -0 -0
-0 -0 -0
-0 -0 -0
-0 -0 -0
-0 -0 -0
-0 -0 -0
-0 -0 -0
-0 -0 -0
-0 -0 -0
-0 -0 -0
-0 -0 -0
-0 -0 -0
-0 -0 -0
-0 -0 -0
-0 -0 -0
-0 -0 -0
-0 -0 -0
-0 -0 -0
-0 -0 -0
-0 -0 -0
-0 -0 -0
-0 -0 -0
-0 -0 -0
-0 -0 -0
-0 -0 -0
-0 -0 -0
-0 -0 -0
-0 -0 -0
-0 -0 -0
-0 -0 -0
-0 -0 -0
-0 -0 -0
-0 -0 -0
-0 -0 -0
-0 -0 -0
-0 -0 -0
-0 -0 -0
-0 -0 -0
-0 -0 -0
-0 -0 -0
-0 -0 -0
-0 -0 -0
-0 -0 -0
-0 -0 -0
-0 -0 -0
-0 -0 -0
-0 -0 -0
-0 -0 -0
-0 -0 -0
-0 -0 -0
-0 -0 -0
-0 -0 -0
-0 -0 -0
-0 -0 -0
-0 -0 -0
-0 -0 -0
-0 -0 -0
-0 -0 -0
-0 -0 -0
-0 -0 -0
-0 -0 -0
-0 -0 -0
-0 -0 -0
-0 -0 -0
-0 -0 -0
-0 -0 -0
-0 -0 -0
-0 -0 -0
-0 -0 -0
-0 -0 -0
-0 -0 -0
-0 -0 -0
-0 -0 -0
-0 -0 -0
-0 -0 -0
-0 -0 -0
-0 -0 -0
-0 -0 -0
-0 -0 -0
-0 -0 -0
-0 -0 -0
-0 -0 -0
-0 -0 -0
-0 -0 -0
-0 -0 -0
-0 -0 -0
-0 -0 -0
-0 -0 -0
-0 -0 -0
-0 -0 -0
-0 -0 -0
-0 -0 -0
-0 -0 -0
-0 -0 -0
-0 -0 -0
-0 -0 -0
-0 -0 -0
-0 -0 -0
-0 -0 -0
-0 -0 -0
-0 -0 -0
-0 -0 -0
-0 -0 -0
-0 -0 -0
-0 -0 -0
-0 -0 -0
-0 -0 -0
-0 -0 -0
-0 -0 -0
-0 -0 -0
-0 -0 -0
-0 -0 -0
-0 -0 -0
-0 -0 -0
-0 -0 -0
-0 -0 -0
-0 -0 -0
-0 -0 -0
-0 -0 -0
-0 -0 -0
-0 -0 -0
-0 -0 -0
-0 -0 -0
-0 -0 -0
-0 -0 -0
-0 -0 -0
-0 -0 -0
-0 -0 -0
-0 -0 -0
-0 -0 -0
-0 -0 -0
-0 -0 -0
-0 -0 -0
-0 -0 -0
-0 -0 -0
-0 -0 -0
-0 -0 -0
-0 -0 -0
-0 -0 -0
-0 -0 -0
-0 -0 -0
-0 -0 -0
-0 -0 -0
-0 -0 -0
-0 -0 -0
-0 -0 -0
-0 -0 -0
-0 -0 -0
-0 -0 -0
-0 -0 -0
-0 -0 -0
-0 -0 -0
-0 -0 -0
-0 -0 -0
-0 -0 -0
-0 -0 -0
-0 -0 -0
-0 -0 -0
-0 -0 -0
-0 -0 -0
-0 -0 -0
-0 -0 -0
-0 -0 -0
-0 -0 -0
-0 -0 -0
-0 -0 -0
-0 -0 -0
-0 -0 -0
-0 -0 -0
-0 -0 -0
-0 -0 -0
-0 -0 -0
-0 -0 -0
-0 -0 -0
-0 -0 -0
-0 -0 -0
-0 -0 -0
-0 -0 -0
-0 -0 -0
-0 -0 -0
-0 -0 -0
-0 -0 -0
-0 -0 -0
-0 -0 -0
-0 -0 -0
-0 -0 -0
-0 -0 -0
-0 -0 -0
-0 -0 -0
-0 -0 -0
-0 -0 -0
-0 -0 -0
-0 -0 -0
-0 -0 -0
-0 -0 -0
-0 -0 -0
-0 -0 -0
-0 -0 -0
-0 -0 -0
-0 -0 -0
-0 -0 -0
-0 -0 -0
-0 -0 -0
-0 -0 -0
-0 -0 -0
-0 -0 -0
-0 -0 -0
-0 -0 -0
-0 -0 -0
-0 -0 -0
-0 -0 -0
-0 -0 -0
-0 -0 -0
-0 -0 -0
-0 -0 -0
-0 -0 -0
-0 -0 -0
-0 -0 -0
-0 -0 -0
-0 -0 -0
-0 -0 -0
-0 -0 -0
-0 -0 -0
-0 -0 -0
-0 -0 -0
-0 -0 -0
-0 -0 -0
-0 -0 -0
-0 -0 -0
-0 -0 -0
-0 -0 -0
-0 -0 -0
-0 -0 -0
-0 -0 -0
-0 -0 -0
-0 -0 -0
-0 -0 -0
-0 -0 -0
-0 -0 -0
-0 -0 -0
-0 -0 -0
-0 -0 -0
-0 -0 -0
-0 -0 -0
-0 -0 -0
-0 -0 -0
-0 -0 -0
-0 -0 -0
-0 -0 -0
-0 -0 -0
-0 -0 -0
-0 -0 -0
-0 -0 -0
-0 -0 -0
-0 -0 -0
-0 -0 -0
-0 -0 -0
-0 -0 -0
-0 -0 -0
-0 -0 -0
-0 -0 -0
-0 -0 -0
-0 -0 -0
-0 -0 -0
-0 -0 -0
-0 -0 -0
-0 -0 -0
-0 -0 -0
-0 -0 -0
-0 -0 -0
-0 -0 -0
-0 -0 -0
-0 -0 -0
-0 -0 -0
-0 -0 -0
-0 -0 -0
-0 -0 -0
-0 -0 -0
-0 -0 -0
-0 -0 -0
-0 -0 -0
-0 -0 -0
-0 -0 -0
-0 -0 -0
-0 -0 -0
-0 -0 -0
-0 -0 -0
-0 -0 -0
-0 -0 -0
-0 -0 -0
-0 -0 -0
-0 -0 -0
-0 -0 -0
-0 -0 -0
-0 -0 -0
-0 -0 -0
-0 -0 -0
-0 -0 -0
-0 -0 -0
-0 -0 -0
-0 -0 -0
-0 -0 -0
-0 -0 -0
-0 -0 -0
-0 -0 -0
-0 -0 -0
-0 -0 -0
-0 -0 -0
-0 -0 -0
-0 -0 -0
-0 -0 -0
-0 -0 -0
-0 -0 -0
-0 -0 -0
-0 -0 -0
-0 -0 -0
-0 -0 -0
-0 -0 -0
-0 -0 -0
-0 -0 -0
-0 -0 -0
-0 -0 -0
-0 -0 -0
-0 -0 -0
-0 -0 -0
-0 -0 -0
-0 -0 -0
-0 -0 -0
-0 -0 -0
-0 -0 -0
-0 -0 -0
-0 -0 -0
-0 -0 -0
-0 -0 -0
-0 -0 -0
-0 -0 -0
-0 -0 -0
-0 -0 -0
-0 -0 -0
-0 -0 -0
-0 -0 -0
-0 -0 -0
-0 -0 -0
-0 -0 -0
-0 -0 -0
-0 -0 -0
-0 -0 -0
-0 -0 -0
-0 -0 -0
-0 -0 -0
-0 -0 -0
-0 -0 -0
-0 -0 -0
-0 -0 -0
-0 -0 -0
-0 -0 -0
-0 -0 -0
-0 -0 -0
-0 -0 -0
-0 -0 -0
-0 -0 -0
-0 -0 -0
-0 -0 -0
-0 -0 -0
-0 -0 -0
-0 -0 -0
-0 -0 -0
-0 -0 -0
-0 -0 -0
-0 -0 -0
-0 -0 -0
-0 -0 -0
-0 -0 -0
-0 -0 -0
-0 -0 -0
-0 -0 -0
-0 -0 -0
-0 -0 -0
-0 -0 -0
-0 -0 -0
-0 -0 -0
-0 -0 -0
-0 -0 -0
-0 -0 -0
-0 -0 -0
-0 -0 -0
-0 -0 -0
-0 -0 -0
-0 -0 -0
-0 -0 -0
-0 -0 -0
-0 -0 -0
-0 -0 -0
-0 -0 -0
-0 -0 -0
-0 -0 -0
-0 -0 -0
-0 -0 -0
-0 -0 -0
-0 -0 -0
-0 -0 -0
-0 -0 -0
-0 -0 -0
-0 -0 -0
-0 -0 -0
-0 -0 -0
-0 -0 -0
-0 -0 -0
-0 -0 -0
-0 -0 -0
-0 -0 -0
-0 -0 -0
-0 -0 -0
-0 -0 -0
-0 -0 -0
-0 -0 -0
-0 -0 -0
-0 -0 -0
-0 -0 -0
-0 -0 -0
-0 -0 -0
-0 -0 -0
-0 -0 -0
-0 -0 -0
-0 -0 -0
-0 -0 -0
-0 -0 -0
-0 -0 -0
-0 -0 -0
-0 -0 -0
-0 -0 -0
-0 -0 -0
-0 -0 -0
-0 -0 -0
-0 -0 -0
-0 -0 -0
-0 -0 -0
-0 -0 -0
-0 -0 -0
-0 -0 -0
-0 -0 -0
-0 -0 -0
-0 -0 -0
-0 -0 -0
-0 -0 -0
-0 -0 -0
-0 -0 -0
-0 -0 -0
-0 -0 -0
-0 -0 -0
-0 -0 -0
-0 -0 -0
-0 -0 -0
-0 -0 -0
-0 -0 -0
-0 -0 -0
-0 -0 -0
-0 -0 -0
-0 -0 -0
-0 -0 -0
-0 -0 -0
-0 -0 -0
-0 -0 -0
-0 -0 -0
-0 -0 -0
-0 -0 -0
-0 -0 -0
-0 -0 -0
-0 -0 -0
-0 -0 -0
-0 -0 -0
-0 -0 -0
-0 -0 -0
-0 -0 -0
-0 -0 -0
-0 -0 -0
-0 -0 -0
-0 -0 -0
-0 -0 -0
-0 -0 -0
-0 -0 -0
-0 -0 -0
-0 -0 -0
-0 -0 -0
-0 -0 -0
-0 -0 -0
-0 -0 -0
-0 -0 -0
-0 -0 -0
-0 -0 -0
-0 -0 -0
-0 -0 -0
-0 -0 -0
-0 -0 -0
-0 -0 -0
-0 -0 -0
-0 -0 -0
-0 -0 -0
-0 -0 -0
-0 -0 -0
-0 -0 -0
-0 -0 -0
-0 -0 -0
-0 -0 -0
-0 -0 -0
-0 -0 -0
-0 -0 -0
-0 -0 -0
-0 -0 -0
-0 -0 -0
-0 -0 -0
-0 -0 -0
-0 -0 -0
-0 -0 -0
-0 -0 -0
-0 -0 -0
-0 -0 -0
-0 -0 -0
-0 -0 -0
-0 -0 -0
-0 -0 -0
-0 -0 -0
-0 -0 -0
-0 -0 -0
-0 -0 -0
-0 -0 -0
-0 -0 -0
-0 -0 -0
-0 -0 -0
-0 -0 -0
-0 -0 -0
-0 -0 -0
-0 -0 -0
-0 -0 -0
-0 -0 -0
-0 -0 -0
-0 -0 -0
-0 -0 -0
-0 -0 -0
-0 -0 -0
-0 -0 -0
-0 -0 -0
-0 -0 -0
-0 -0 -0
-0 -0 -0
-0 -0 -0
-0 -0 -0
-0 -0 -0
-0 -0 -0
-0 -0 -0
-0 -0 -0
-0 -0 -0
-0 -0 -0
-0 -0 -0
-0 -0 -0
-0 -0 -0
-0 -0 -0
-0 -0 -0
-0 -0 -0
-0 -0 -0
-0 -0 -0
-0 -0 -0
-0 -0 -0
-0 -0 -0
-0 -0 -0
-0 -0 -0
-0 -0 -0
-0 -0 -0
-0 -0 -0
-0 -0 -0
-0 -0 -0
-0 -0 -0
-0 -0 -0
-0 -0 -0
-0 -0 -0
-0 -0 -0
-0 -0 -0
-0 -0 -0
-0 -0 -0
-0 -0 -0
-0 -0 -0
-0 -0 -0
-0 -0 -0
-0 -0 -0
-0 -0 -0
-0 -0 -0
-0 -0 -0
-0 -0 -0
-0 -0 -0
-0 -0 -0
-0 -0 -0
-0 -0 -0
-0 -0 -0
-0 -0 -0
-0 -0 -0
-0 -0 -0
-0 -0 -0
-0 -0 -0
-0 -0 -0
-0 -0 -0
-0 -0 -0
-0 -0 -0
-0 -0 -0
-0 -0 -0
-0 -0 -0
-0 -0 -0
-0 -0 -0
-0 -0 -0
-0 -0 -0
-0 -0 -0
-0 -0 -0
-0 -0 -0
-0 -0 -0
-0 -0 -0
-0 -0 -0
-0 -0 -0
-0 -0 -0
-0 -0 -0
-0 -0 -0
-0 -0 -0
-0 -0 -0
-0 -0 -0
-0 -0 -0
-0 -0 -0
-0 -0 -0
-0 -0 -0
-0 -0 -0
-0 -0 -0
-0 -0 -0
-0 -0 -0
-0 -0 -0
-0 -0 -0
-0 -0 -0
-0 -0 -0
-0 -0 -0
-0 -0 -0
-0 -0 -0
-0 -0 -0
-0 -0 -0
-0 -0 -0
-0 -0 -0
-0 -0 -0
-0 -0 -0
-0 -0 -0
-0 -0 -0
-0 -0 -0
-0 -0 -0
-0 -0 -0
-0 -0 -0
-0 -0 -0
-0 -0 -0
-0 -0 -0
-0 -0 -0
-0 -0 -0
-0 -0 -0
-0 -0 -0
-0 -0 -0
-0 -0 -0
-0 -0 -0
-0 -0 -0
-0 -0 -0
-0 -0 -0
-0 -0 -0
-0 -0 -0
-0 -0 -0
-0 -0 -0
-0 -0 -0
-0 -0 -0
-0 -0 -0
-0 -0 -0
-0 -0 -0
-0 -0 -0
-0 -0 -0
-0 -0 -0
-0 -0 -0
-0 -0 -0
-0 -0 -0
-0 -0 -0
-0 -0 -0
-0 -0 -0
-0 -0 -0
-0 -0 -0
-0 -0 -0
-0 -0 -0
-0 -0 -0
-0 -0 -0
-0 -0 -0
-0 -0 -0
-0 -0 -0
-0 -0 -0
-0 -0 -0
-0 -0 -0
-0 -0 -0
-0 -0 -0
-0 -0 -0
-0 -0 -0
-0 -0 -0
-0 -0 -0
-0 -0 -0
-0 -0 -0
-0 -0 -0
-0 -0 -0
-0 -0 -0
-0 -0 -0
-0 -0 -0
-0 -0 -0
-0 -0 -0
-0 -0 -0
-0 -0 -0
-0 -0 -0
-0 -0 -0
-0 -0 -0
-0 -0 -0
-0 -0 -0
-0 -0 -0
-0 -0 -0
-0 -0 -0
-0 -0 -0
-0 -0 -0
-0 -0 -0
-0 -0 -0
-0 -0 -0
-0 -0 -0
-0 -0 -0
-0 -0 -0
-0 -0 -0
-0 -0 -0
-0 -0 -0
-0 -0 -0
-0 -0 -0
-0 -0 -0
-0 -0 -0
-0 -0 -0
-0 -0 -0
-0 -0 -0
-0 -0 -0
-0 -0 -0
-0 -0 -0
-0 -0 -0
-0 -0 -0
-0 -0 -0
-0 -0 -0
-0 -0 -0
-0 -0 -0
-0 -0 -0
-0 -0 -0
-0 -0 -0
-0 -0 -0
-0 -0 -0
-0 -0 -0
-0 -0 -0
-0 -0 -0
-0 -0 -0
-0 -0 -0
-0 -0 -0
-0 -0 -0
-0 -0 -0
-0 -0 -0
-0 -0 -0
-0 -0 -0
-0 -0 -0
-0 -0 -0
-0 -0 -0
-0 -0 -0
-0 -0 -0
-0 -0 -0
-0 -0 -0
-0 -0 -0
-0 -0 -0
-0 -0 -0
-0 -0 -0
-0 -0 -0
-0 -0 -0
-0 -0 -0
-0 -0 -0
-0 -0 -0
-0 -0 -0
-0 -0 -0
-0 -0 -0
-0 -0 -0
-0 -0 -0
-0 -0 -0
-0 -0 -0
-0 -0 -0
-0 -0 -0
-0 -0 -0
-0 -0 -0
-0 -0 -0
-0 -0 -0
-0 -0 -0
-0 -0 -0
-0 -0 -0
-0 -0 -0
-0 -0 -0
-0 -0 -0
-0 -0 -0
-0 -0 -0
-0 -0 -0
-0 -0 -0
-0 -0 -0
-0 -0 -0
-0 -0 -0
-0 -0 -0
-0 -0 -0
-0 -0 -0
-0 -0 -0
-0 -0 -0
-0 -0 -0
-0 -0 -0
-0 -0 -0
-0 -0 -0
-0 -0 -0
-0 -0 -0
-0 -0 -0
-0 -0 -0
-0 -0 -0
-0 -0 -0
-0 -0 -0
-0 -0 -0
-0 -0 -0
-0 -0 -0
-0 -0 -0
-0 -0 -0
-0 -0 -0
-0 -0 -0
-0 -0 -0
-0 -0 -0
-0 -0 -0
-0 -0 -0
-0 -0 -0
-0 -0 -0
-0 -0 -0
-0 -0 -0
-0 -0 -0
-0 -0 -0
-0 -0 -0
-0 -0 -0
-0 -0 -0
-0 -0 -0
-0 -0 -0
-0 -0 -0
-0 -0 -0
-0 -0 -0
-0 -0 -0
-0 -0 -0
-0 -0 -0
-0 -0 -0
-0 -0 -0
-0 -0 -0
-0 -0 -0
-0 -0 -0
-0 -0 -0
-0 -0 -0
-0 -0 -0
-0 -0 -0
-0 -0 -0
-0 -0 -0
-0 -0 -0
-0 -0 -0
-0 -0 -0
-0 -0 -0
-0 -0 -0
-0 -0 -0
-0 -0 -0
-0 -0 -0
-0 -0 -0
-0 -0 -0
-0 -0 -0
-0 -0 -0
-0 -0 -0
-0 -0 -0
-0 -0 -0
-0 -0 -0
-0 -0 -0
-0 -0 -0
-0 -0 -0
-0 -0 -0
-0 -0 -0
-0 -0 -0
-0 -0 -0
-0 -0 -0
-0 -0 -0
-0 -0 -0
-0 -0 -0
-0 -0 -0
-0 -0 -0
-0 -0 -0
-0 -0 -0
-0 -0 -0
-0 -0 -0
-0 -0 -0
-0 -0 -0
-0 -0 -0
-0 -0 -0
-0 -0 -0
-0 -0 -0
-0 -0 -0
-0 -0 -0
-0 -0 -0
-0 -0 -0
-0 -0 -0
-0 -0 -0
-0 -0 -0
-0 -0 -0
-0 -0 -0
-0 -0 -0
-0 -0 -0
-0 -0 -0
-0 -0 -0
-0 -0 -0
-0 -0 -0
-0 -0 -0
-0 -0 -0
-0 -0 -0
-0 -0 -0
-0 -0 -0
-0 -0 -0
-0 -0 -0
-0 -0 -0
-0 -0 -0
-0 -0 -0
-0 -0 -0
-0 -0 -0
-0 -0 -0
-0 -0 -0
-0 -0 -0
-0 -0 -0
-0 -0 -0
-0 -0 -0
-0 -0 -0
-0 -0 -0
-0 -0 -0
-0 -0 -0
-0 -0 -0
-0 -0 -0
-0 -0 -0
-0 -0 -0
-0 -0 -0
-0 -0 -0
-0 -0 -0
-0 -0 -0
-0 -0 -0
-0 -0 -0
-0 -0 -0
-0 -0 -0
-0 -0 -0
-0 -0 -0
-0 -0 -0
-0 -0 -0
-0 -0 -0
-0 -0 -0
-0 -0 -0
-0 -0 -0
-0 -0 -0
-0 -0 -0
-0 -0 -0
-0 -0 -0
-0 -0 -0
-0 -0 -0
-0 -0 -0
-0 -0 -0
-0 -0 -0
-0 -0 -0
-0 -0 -0
-0 -0 -0
-0 -0 -0
-0 -0 -0
-0 -0 -0
-0 -0 -0
-0 -0 -0
-0 -0 -0
-0 -0 -0
-0 -0 -0
-0 -0 -0
-0 -0 -0
-0 -0 -0
-0 -0 -0
-0 -0 -0
-0 -0 -0
-0 -0 -0
-0 -0 -0
-0 -0 -0
-0 -0 -0
-0 -0 -0
-0 -0 -0
-0 -0 -0
-0 -0 -0
-0 -0 -0
-0 -0 -0
-0 -0 -0
-0 -0 -0
-0 -0 -0
-0 -0 -0
-0 -0 -0
-0 -0 -0
-0 -0 -0
-0 -0 -0
-0 -0 -0
-0 -0 -0
-0 -0 -0
-0 -0 -0
-0 -0 -0
-0 -0 -0
-0 -0 -0
-0 -0 -0
-0 -0 -0
-0 -0 -0
-0 -0 -0
-0 -0 -0
-0 -0 -0
-0 -0 -0
-0 -0 -0
-0 -0 -0
-0 -0 -0
-0 -0 -0
-0 -0 -0
-0 -0 -0
-0 -0 -0
-0 -0 -0
-0 -0 -0
-0 -0 -0
-0 -0 -0
-0 -0 -0
-0 -0 -0
-0 -0 -0
-0 -0 -0
-0 -0 -0
-0 -0 -0
-0 -0 -0
-0 -0 -0
-0 -0 -0
-0 -0 -0
-0 -0 -0
-0 -0 -0
-0 -0 -0
-0 -0 -0
-0 -0 -0
-0 -0 -0
-0 -0 -0
-0 -0 -0
-0 -0 -0
-0 -0 -0
-0 -0 -0
-0 -0 -0
-0 -0 -0
-0 -0 -0
-0 -0 -0
-0 -0 -0
-0 -0 -0
-0 -0 -0
-0 -0 -0
-0 -0 -0
-0 -0 -0
-0 -0 -0
-0 -0 -0
-0 -0 -0
-0 -0 -0
-0 -0 -0
-0 -0 -0
-0 -0 -0
-0 -0 -0
-0 -0 -0
-0 -0 -0
-0 -0 -0
-0 -0 -0
-0 -0 -0
-0 -0 -0
-0 -0 -0
-0 -0 -0
-0 -0 -0
-0 -0 -0
-0 -0 -0
-0 -0 -0
-0 -0 -0
-0 -0 -0
-0 -0 -0
-0 -0 -0
-0 -0 -0
-0 -0 -0
-0 -0 -0
-0 -0 -0
-0 -0 -0
-0 -0 -0
-0 -0 -0
-0 -0 -0
-0 -0 -0
-0 -0 -0
-0 -0 -0
-0 -0 -0
-0 -0 -0
-0 -0 -0
-0 -0 -0
-0 -0 -0
-0 -0 -0
-0 -0 -0
-0 -0 -0
-0 -0 -0
-0 -0 -0
-0 -0 -0
-0 -0 -0
-0 -0 -0
-0 -0 -0
-0 -0 -0
-0 -0 -0
-0 -0 -0
-0 -0 -0
-0 -0 -0
-0 -0 -0
-0 -0 -0
-0 -0 -0
-0 -0 -0
-0 -0 -0
-0 -0 -0
-0 -0 -0
-0 -0 -0
-0 -0 -0
-0 -0 -0
-0 -0 -0
-0 -0 -0
-0 -0 -0
-0 -0 -0
-0 -0 -0
-0 -0 -0
-0 -0 -0
-0 -0 -0
-0 -0 -0
-0 -0 -0
-0 -0 -0
-0 -0 -0
-0 -0 -0
-0 -0 -0
-0 -0 -0
-0 -0 -0
-0 -0 -0
-0 -0 -0
-0 -0 -0
-0 -0 -0
-0 -0 -0
-0 -0 -0
-0 -0 -0
-0 -0 -0
-0 -0 -0
-0 -0 -0
-0 -0 -0
-0 -0 -0
-0 -0 -0
-0 -0 -0
-0 -0 -0
-0 -0 -0
-0 -0 -0
-0 -0 -0
-0 -0 -0
-0 -0 -0
-0 -0 -0
-0 -0 -0
-0 -0 -0
-0 -0 -0
-0 -0 -0
-0 -0 -0
-0 -0 -0
-0 -0 -0
-0 -0 -0
-0 -0 -0
-0 -0 -0
-0 -0 -0
-0 -0 -0
-0 -0 -0
-0 -0 -0
-0 -0 -0
-0 -0 -0
-0 -0 -0
-0 -0 -0
-0 -0 -0
-0 -0 -0
-0 -0 -0
-0 -0 -0
-0 -0 -0
-0 -0 -0
-0 -0 -0
-0 -0 -0
-0 -0 -0
-0 -0 -0
-0 -0 -0
-0 -0 -0
-0 -0 -0
-0 -0 -0
-0 -0 -0
-0 -0 -0
-0 -0 -0
-0 -0 -0
-0 -0 -0
-0 -0 -0
-0 -0 -0
-0 -0 -0
-0 -0 -0
-0 -0 -0
-0 -0 -0
-0 -0 -0
-0 -0 -0
-0 -0 -0
-0 -0 -0
-0 -0 -0
-0 -0 -0
-0 -0 -0
-0 -0 -0
-0 -0 -0
-0 -0 -0
-0 -0 -0
-0 -0 -0
-0 -0 -0
-0 -0 -0
-0 -0 -0
-0 -0 -0
-0 -0 -0
-0 -0 -0
-0 -0 -0
-0 -0 -0
-0 -0 -0
-0 -0 -0
-0 -0 -0
-0 -0 -0
-0 -0 -0
-0 -0 -0
-0 -0 -0
-0 -0 -0
-0 -0 -0
-0 -0 -0
-0 -0 -0
-0 -0 -0
-0 -0 -0
-0 -0 -0
-0 -0 -0
-0 -0 -0
-0 -0 -0
-0 -0 -0
-0 -0 -0
-0 -0 -0
-0 -0 -0
-0 -0 -0
-0 -0 -0
-0 -0 -0
-0 -0 -0
-0 -0 -0
-0 -0 -0
-0 -0 -0
-0 -0 -0
-0 -0 -0
-0 -0 -0
-0 -0 -0
-0 -0 -0
-0 -0 -0
-0 -0 -0
-0 -0 -0
-0 -0 -0
-0 -0 -0
-0 -0 -0
-0 -0 -0
-0 -0 -0
-0 -0 -0
-0 -0 -0
-0 -0 -0
-0 -0 -0
-0 -0 -0
-0 -0 -0
-0 -0 -0
-0 -0 -0
-0 -0 -0
-0 -0 -0
-0 -0 -0
-0 -0 -0
-0 -0 -0
-0 -0 -0
-0 -0 -0
-0 -0 -0
-0 -0 -0
-0 -0 -0
-0 -0 -0
-0 -0 -0
-0 -0 -0
-0 -0 -0
-0 -0 -0
-0 -0 -0
-0 -0 -0
-0 -0 -0
-0 -0 -0
-0 -0 -0
-0 -0 -0
-0 -0 -0
-0 -0 -0
-0 -0 -0
-0 -0 -0
-0 -0 -0
-0 -0 -0
-0 -0 -0
-0 -0 -0
-0 -0 -0
-0 -0 -0
-0 -0 -0
-0 -0 -0
-0 -0 -0
-0 -0 -0
-0 -0 -0
-0 -0 -0
-0 -0 -0
-0 -0 -0
-0 -0 -0
-0 -0 -0
-0 -0 -0
-0 -0 -0
-0 -0 -0
-0 -0 -0
-0 -0 -0
-0 -0 -0
-0 -0 -0
-0 -0 -0
-0 -0 -0
-0 -0 -0
-0 -0 -0
-0 -0 -0
-0 -0 -0
-0 -0 -0
-0 -0 -0
-0 -0 -0
-0 -0 -0
-0 -0 -0
-0 -0 -0
-0 -0 -0
-0 -0 -0
-0 -0 -0
-0 -0 -0
-0 -0 -0
-0 -0 -0
-0 -0 -0
-0 -0 -0
-0 -0 -0
-0 -0 -0
-0 -0 -0
-0 -0 -0
-0 -0 -0
-0 -0 -0
-0 -0 -0
-0 -0 -0
-0 -0 -0
-0 -0 -0
-0 -0 -0
-0 -0 -0
-0 -0 -0
-0 -0 -0
-0 -0 -0
-0 -0 -0
-0 -0 -0
-0 -0 -0
-0 -0 -0
-0 -0 -0
-0 -0 -0
-0 -0 -0
-0 -0 -0
-0 -0 -0
-0 -0 -0
-0 -0 -0
-0 -0 -0
-0 -0 -0
-0 -0 -0
-0 -0 -0
-0 -0 -0
-0 -0 -0
-0 -0 -0
-0 -0 -0
-0 -0 -0
-0 -0 -0
-0 -0 -0
-0 -0 -0
-0 -0 -0
-0 -0 -0
-0 -0 -0
-0 -0 -0
-0 -0 -0
-0 -0 -0
-0 -0 -0
-0 -0 -0
-0 -0 -0
-0 -0 -0
-0 -0 -0
-0 -0 -0
-0 -0 -0
-0 -0 -0
-0 -0 -0
-0 -0 -0
-0 -0 -0
-0 -0 -0
-0 -0 -0
-0 -0 -0
-0 -0 -0
-0 -0 -0
-0 -0 -0
-0 -0 -0
-0 -0 -0
-0 -0 -0
-0 -0 -0
-0 -0 -0
-0 -0 -0
-0 -0 -0
-0 -0 -0
-0 -0 -0
-0 -0 -0
-0 -0 -0
-0 -0 -0
-0 -0 -0
-0 -0 -0
-0 -0 -0
-0 -0 -0
-0 -0 -0
-0 -0 -0
-0 -0 -0
-0 -0 -0
-0 -0 -0
-0 -0 -0
-0 -0 -0
-0 -0 -0
-0 -0 -0
-0 -0 -0
-0 -0 -0
-0 -0 -0
-0 -0 -0
-0 -0 -0
-0 -0 -0
-0 -0 -0
-0 -0 -0
-0 -0 -0
-0 -0 -0
-0 -0 -0
-0 -0 -0
-0 -0 -0
-0 -0 -0
-0 -0 -0
-0 -0 -0
-0 -0 -0
-0 -0 -0
-0 -0 -0
-0 -0 -0
-0 -0 -0
-0 -0 -0
-0 -0 -0
-0 -0 -0
-0 -0 -0
-0 -0 -0
-0 -0 -0
-0 -0 -0
-0 -0 -0
-0 -0 -0
-0 -0 -0
-0 -0 -0
-0 -0 -0
-0 -0 -0
-0 -0 -0
-0 -0 -0
-0 -0 -0
-0 -0 -0
-0 -0 -0
-0 -0 -0
-0 -0 -0
-0 -0 -0
-0 -0 -0
-0 -0 -0
-0 -0 -0
-0 -0 -0
-0 -0 -0
-0 -0 -0
-0 -0 -0
-0 -0 -0
-0 -0 -0
-0 -0 -0
-0 -0 -0
-0 -0 -0
-0 -0 -0
-0 -0 -0
-0 -0 -0
-0 -0 -0
-0 -0 -0
-0 -0 -0
-0 -0 -0
-0 -0 -0
-0 -0 -0
-0 -0 -0
-0 -0 -0
-0 -0 -0
-0 -0 -0
-0 -0 -0
-0 -0 -0
-0 -0 -0
-0 -0 -0
-0 -0 -0
-0 -0 -0
-0 -0 -0
-0 -0 -0
-0 -0 -0
-0 -0 -0
-0 -0 -0
-0 -0 -0
-0 -0 -0
-0 -0 -0
-0 -0 -0
-0 -0 -0
-0 -0 -0
-0 -0 -0
-0 -0 -0
-0 -0 -0
-0 -0 -0
-0 -0 -0
-0 -0 -0
-0 -0 -0
-0 -0 -0
-0 -0 -0
-0 -0 -0
-0 -0 -0
-0 -0 -0
-0 -0 -0
-0 -0 -0
-0 -0 -0
-0 -0 -0
-0 -0 -0
-0 -0 -0
-0 -0 -0
-0 -0 -0
-0 -0 -0
-0 -0 -0
-0 -0 -0
-0 -0 -0
-0 -0 -0
-0 -0 -0
-0 -0 -0
-0 -0 -0
-0 -0 -0
-0 -0 -0
-0 -0 -0
-0 -0 -0
-0 -0 -0
-0 -0 -0
-0 -0 -0
-0 -0 -0
-0 -0 -0
-0 -0 -0
-0 -0 -0
-0 -0 -0
-0 -0 -0
-0 -0 -0
-0 -0 -0
-0 -0 -0
-0 -0 -0
-0 -0 -0
-0 -0 -0
-0 -0 -0
-0 -0 -0
-0 -0 -0
-0 -0 -0
-0 -0 -0
-0 -0 -0
-0 -0 -0
-0 -0 -0
-0 -0 -0
-0 -0 -0
-0 -0 -0
-0 -0 -0
-0 -0 -0
-0 -0 -0
-0 -0 -0
-0 -0 -0
-0 -0 -0
-0 -0 -0
-0 -0 -0
-0 -0 -0
-0 -0 -0
-0 -0 -0
-0 -0 -0
-0 -0 -0
-0 -0 -0
-0 -0 -0
-0 -0 -0
-0 -0 -0
-0 -0 -0
-0 -0 -0
-0 -0 -0
-0 -0 -0
-0 -0 -0
-0 -0 -0
-0 -0 -0
-0 -0 -0
-0 -0 -0
-0 -0 -0
-0 -0 -0
-0 -0 -0
-0 -0 -0
-0 -0 -0
-0 -0 -0
-0 -0 -0
-0 -0 -0
-0 -0 -0
-0 -0 -0
-0 -0 -0
-0 -0 -0
-0 -0 -0
-0 -0 -0
-0 -0 -0
-0 -0 -0
-0 -0 -0
-0 -0 -0
-0 -0 -0
-0 -0 -0
-0 -0 -0
-0 -0 -0
-0 -0 -0
-0 -0 -0
-0 -0 -0
-0 -0 -0
-0 -0 -0
-0 -0 -0
-0 -0 -0
-0 -0 -0
-0 -0 -0
-0 -0 -0
-0 -0 -0
-0 -0 -0
-0 -0 -0
-0 -0 -0
-0 -0 -0
-0 -0 -0
-0 -0 -0
-0 -0 -0
-0 -0 -0
-0 -0 -0
-0 -0 -0
-0 -0 -0
-0 -0 -0
-0 -0 -0
-0 -0 -0
-0 -0 -0
-0 -0 -0
-0 -0 -0
-0 -0 -0
-0 -0 -0
-0 -0 -0
-0 -0 -0
-0 -0 -0
-0 -0 -0
-0 -0 -0
-0 -0 -0
-0 -0 -0
-0 -0 -0
-0 -0 -0
-0 -0 -0
-0 -0 -0
-0 -0 -0
-0 -0 -0
-0 -0 -0
-0 -0 -0
-0 -0 -0
-0 -0 -0
-0 -0 -0
-0 -0 -0
-0 -0 -0
-0 -0 -0
-0 -0 -0
-0 -0 -0
-0 -0 -0
-0 -0 -0
-0 -0 -0
-0 -0 -0
-0 -0 -0
-0 -0 -0
-0 -0 -0
-0 -0 -0
-0 -0 -0
-0 -0 -0
-0 -0 -0
-0 -0 -0
-0 -0 -0
-0 -0 -0
-0 -0 -0
-0 -0 -0
-0 -0 -0
-0 -0 -0
-0 -0 -0
-0 -0 -0
-0 -0 -0
-0 -0 -0
-0 -0 -0
-0 -0 -0
-0 -0 -0
-0 -0 -0
-0 -0 -0
-0 -0 -0
-0 -0 -0
-0 -0 -0
-0 -0 -0
-0 -0 -0
-0 -0 -0
-0 -0 -0
-0 -0 -0
-0 -0 -0
-0 -0 -0
-0 -0 -0
-0 -0 -0
-0 -0 -0
-0 -0 -0
-0 -0 -0
-0 -0 -0
-0 -0 -0
-0 -0 -0
-0 -0 -0
-0 -0 -0
-0 -0 -0
-0 -0 -0
-0 -0 -0
-0 -0 -0
-0 -0 -0
-0 -0 -0
-0 -0 -0
-0 -0 -0
-0 -0 -0
-0 -0 -0
-0 -0 -0
-0 -0 -0
-0 -0 -0
-0 -0 -0
-0 -0 -0
-0 -0 -0
-0 -0 -0
-0 -0 -0
-0 -0 -0
-0 -0 -0
-0 -0 -0
-0 -0 -0
-0 -0 -0
-0 -0 -0
-0 -0 -0
-0 -0 -0
-0 -0 -0
-0 -0 -0
-0 -0 -0
-0 -0 -0
-0 -0 -0
-0 -0 -0
-0 -0 -0
-0 -0 -0
-0 -0 -0
-0 -0 -0
-0 -0 -0
-0 -0 -0
-0 -0 -0
-0 -0 -0
-0 -0 -0
-0 -0 -0
-0 -0 -0
-0 -0 -0
-0 -0 -0
-0 -0 -0
-0 -0 -0
-0 -0 -0
-0 -0 -0
-0 -0 -0
-0 -0 -0
-0 -0 -0
-0 -0 -0
-0 -0 -0
-0 -0 -0
-0 -0 -0
-0 -0 -0
-0 -0 -0
-0 -0 -0
-0 -0 -0
-0 -0 -0
-0 -0 -0
-0 -0 -0
-0 -0 -0
-0 -0 -0
-0 -0 -0
-0 -0 -0
-0 -0 -0
-0 -0 -0
-0 -0 -0
-0 -0 -0
-0 -0 -0
-0 -0 -0
-0 -0 -0
-0 -0 -0
-0 -0 -0
-0 -0 -0
-0 -0 -0
-0 -0 -0
-0 -0 -0
-0 -0 -0
-0 -0 -0
-0 -0 -0
-0 -0 -0
-0 -0 -0
-0 -0 -0
-0 -0 -0
-0 -0 -0
-0 -0 -0
-0 -0 -0
-0 -0 -0
-0 -0 -0
-0 -0 -0
-0 -0 -0
-0 -0 -0
-0 -0 -0
-0 -0 -0
-0 -0 -0
-0 -0 -0
-0 -0 -0
-0 -0 -0
-0 -0 -0
-0 -0 -0
-0 -0 -0
-0 -0 -0
-0 -0 -0
-0 -0 -0
-0 -0 -0
-0 -0 -0
-0 -0 -0
-0 -0 -0
-0 -0 -0
-0 -0 -0
-0 -0 -0
-0 -0 -0
-0 -0 -0
-0 -0 -0
-0 -0 -0
-0 -0 -0
-0 -0 -0
-0 -0 -0
-0 -0 -0
-0 -0 -0
-0 -0 -0
-0 -0 -0
-0 -0 -0
-0 -0 -0
-0 -0 -0
-0 -0 -0
-0 -0 -0
-0 -0 -0
-0 -0 -0
-0 -0 -0
-0 -0 -0
-0 -0 -0
-0 -0 -0
-0 -0 -0
-0 -0 -0
-0 -0 -0
-0 -0 -0
-0 -0 -0
-0 -0 -0
-0 -0 -0
-0 -0 -0
-0 -0 -0
-0 -0 -0
-0 -0 -0
-0 -0 -0
-0 -0 -0
-0 -0 -0
-0 -0 -0
-0 -0 -0
-0 -0 -0
-0 -0 -0
-0 -0 -0
-0 -0 -0
-0 -0 -0
-0 -0 -0
-0 -0 -0
-0 -0 -0
-0 -0 -0
-0 -0 -0
-0 -0 -0
-0 -0 -0
-0 -0 -0
-0 -0 -0
-0 -0 -0
-0 -0 -0
-0 -0 -0
-0 -0 -0
-0 -0 -0
-0 -0 -0
-0 -0 -0
-0 -0 -0
-0 -0 -0
-0 -0 -0
-0 -0 -0
-0 -0 -0
-0 -0 -0
-0 -0 -0
-0 -0 -0
-0 -0 -0
-0 -0 -0
-0 -0 -0
-0 -0 -0
-0 -0 -0
-0 -0 -0
-0 -0 -0
-0 -0 -0
-0 -0 -0
-0 -0 -0
-0 -0 -0
-0 -0 -0
-0 -0 -0
-0 -0 -0
-0 -0 -0
-0 -0 -0
-0 -0 -0
-0 -0 -0
-0 -0 -0
-0 -0 -0
-0 -0 -0
-0 -0 -0
