# vtk DataFile Version 3.0
SPH particles (WCSPH) - legacy PolyData
ASCII
DATASET POLYDATA
POINTS 4476 float
0 -2.9282544398539874 0
0 -2.8860129707967537 0
0.040000000000000001 -2.9268035307296953 0
0.040000000000000001 -2.8848084832631868 0
0.080000000000000002 -2.9256906022014326 0
0.080000000000000002 -2.8837982407948939 0
0.12 -2.9247701149445811 0
0.12 -2.8829035878321956 0
0 -2.84358629746986 0
0 -2.8005139252495548 0
0 -2.7567162928679179 0
0.040000000000000001 -2.8425790717713437 0
0.040000000000000001 -2.7997349795511512 0
0.040000000000000001 -2.7562295563068284 0
0 -2.7124413236831115 0
0 -2.6680122245694413 0
0 -2.6236309678240546 0
0.040000000000000001 -2.7122984021570655 0
0.040000000000000001 -2.6682318470864264 0
0.040000000000000001 -2.6242047534774997 0
0.080000000000000002 -2.8416578097784404 0
0.080000000000000002 -2.7989323747019337 0
0.080000000000000002 -2.7555875787737114 0
0.12 -2.8408060879860626 0
0.12 -2.7981349632825374 0
0.12 -2.7548758226933918 0
0.080000000000000002 -2.7118567916635241 0
0.080000000000000002 -2.6680049659074663 0
0.080000000000000002 -2.6241871222110946 0
0.12 -2.7112660597097302 0
0.12 -2.6675513155333799 0
0.12 -2.6238706595931252 0
0 -2.5794637164759839 0
0 -2.5357255225796957 0
0 -2.492528213067982 0
0.040000000000000001 -2.5803681780625065 0
0.040000000000000001 -2.5369396225322864 0
0.040000000000000001 -2.4940592616087622 0
0 -2.4496474996494406 0
0 -2.4063447409217527 0
0.040000000000000001 -2.4515879964934086 0
0.040000000000000001 -2.4089945922923621 0
0.080000000000000002 -2.5805455211379469 0
0.080000000000000002 -2.5372852019184391 0
0.080000000000000002 -2.4945297662767763 0
0.12 -2.5803626927550845 0
0.12 -2.5372177133102194 0
0.12 -2.4945275388313171 0
0.080000000000000002 -2.4521859990149739 0
0.080000000000000002 -2.4097549812748178 0
0.12 -2.4520737442825871 0
0.12 -2.4094426552992938 0
0.16 -2.9241656564076242 0
0.20000000000000001 -2.9238425426873755 0
0.16 -2.882295049833818 0
0.20000000000000001 -2.881979511118006 0
0.23999999999999999 -2.9238645849135616 0
0.23999999999999999 -2.8819999082975221 0
0.28000000000000003 -2.9241928151642282 0
0.28000000000000003 -2.8822929544044871 0
0.32000000000000001 -2.9248609563948227 0
0.32000000000000001 -2.8828299101099963 0
0.16 -2.8402088421934515 0
0.16 -2.7975728027805462 0
0.20000000000000001 -2.8399196626707757 0
0.20000000000000001 -2.7973371209519011 0
0.16 -2.7543831208443836 0
0.20000000000000001 -2.7542308696678899 0
0.23999999999999999 -2.8399688748032799 0
0.23999999999999999 -2.797451159077474 0
0.23999999999999999 -2.7544379600718716 0
0.16 -2.7108712058595983 0
0.20000000000000001 -2.7108285581950549 0
0.16 -2.6672712035052983 0
0.16 -2.6237144018132432 0
0.20000000000000001 -2.6673561610182199 0
0.20000000000000001 -2.6239389710776768 0
0.23999999999999999 -2.7111419965937493 0
0.23999999999999999 -2.6677829325806819 0
0.23999999999999999 -2.6244907276452252 0
0.28000000000000003 -2.8402569532992352 0
0.28000000000000003 -2.7977762488129567 0
0.28000000000000003 -2.7548232556209555 0
0.32000000000000001 -2.8407538830054464 0
0.32000000000000001 -2.7982598526434028 0
0.32000000000000001 -2.7553026868752224 0
0.28000000000000003 -2.7115908235048658 0
0.28000000000000003 -2.6682938812956918 0
0.28000000000000003 -2.6250655134376326 0
0.32000000000000001 -2.7120612366345536 0
0.32000000000000001 -2.6687422715748599 0
0.32000000000000001 -2.6254802982782874 0
0.16 -2.580333068444133 0
0.20000000000000001 -2.5807022078001096 0
0.16 -2.5373012424021799 0
0.16 -2.494667791950516 0
0.20000000000000001 -2.5378041902145321 0
0.20000000000000001 -2.4952588097223609 0
0.23999999999999999 -2.5813887597775502 0
0.23999999999999999 -2.5386225103314173 0
0.23999999999999999 -2.4961846200135924 0
0.16 -2.4521509242200694 0
0.20000000000000001 -2.4527524903309543 0
0.16 -2.4091566078526498 0
0.20000000000000001 -2.4096317916184984 0
0.23999999999999999 -2.4537585627602443 0
0.23999999999999999 -2.4108447444590251 0
0.28000000000000003 -2.5820381521946616 0
0.28000000000000003 -2.5393556631348337 0
0.28000000000000003 -2.4970238476781628 0
0.32000000000000001 -2.5824249697779722 0
0.32000000000000001 -2.5397391066469748 0
0.32000000000000001 -2.4974320407025554 0
0.28000000000000003 -2.4548173610256874 0
0.28000000000000003 -2.4120751777182892 0
0.32000000000000001 -2.4552106474316009 0
0.32000000000000001 -2.4123545567239324 0
0 -2.9266521336270315 0.040000000000000001
0 -2.8846090030767995 0.040000000000000001
0.040000000000000001 -2.9254610155234126 0.040000000000000001
0.040000000000000001 -2.8837312798147847 0.040000000000000001
0.080000000000000002 -2.9244970366916703 0.040000000000000001
0.080000000000000002 -2.8829552757928432 0.040000000000000001
0.12 -2.9236847100164502 0.040000000000000001
0.12 -2.8822562469392436 0.040000000000000001
0 -2.8423090950112315 0.040000000000000001
0 -2.7993728761164443 0.040000000000000001
0 -2.7557550789672183 0.040000000000000001
0.040000000000000001 -2.8417427742249148 0.040000000000000001
0.040000000000000001 -2.7991773851947754 0.040000000000000001
0.040000000000000001 -2.7559987434066686 0.040000000000000001
0 -2.7116840364173411 0.040000000000000001
0 -2.6674529247751209 0.040000000000000001
0 -2.6232521515626797 0.040000000000000001
0.040000000000000001 -2.7124155529139493 0.040000000000000001
0.040000000000000001 -2.6686905121456173 0.040000000000000001
0.040000000000000001 -2.6249933273783084 0.040000000000000001
0.080000000000000002 -2.8411605938752893 0.040000000000000001
0.080000000000000002 -2.7988221277592236 0.040000000000000001
0.080000000000000002 -2.7559140171508574 0.040000000000000001
0.12 -2.8405776128312774 0.040000000000000001
0.12 -2.7983794325035722 0.040000000000000001
0.12 -2.7556464514294818 0.040000000000000001
0.080000000000000002 -2.7126378021679844 0.040000000000000001
0.080000000000000002 -2.6692347618224073 0.040000000000000001
0.080000000000000002 -2.6258590001408928 0.040000000000000001
0.12 -2.7125781168727361 0.040000000000000001
0.12 -2.6693981220933072 0.040000000000000001
0.12 -2.6262489578041821 0.040000000000000001
0 -2.925633159235375 0.080000000000000002
0 -2.8836722713356155 0.080000000000000002
0.040000000000000001 -2.9245789640270692 0.080000000000000002
0.040000000000000001 -2.8830038624272585 0.080000000000000002
0.080000000000000002 -2.9236765228211783 0.080000000000000002
0.080000000000000002 -2.8823510693306047 0.080000000000000002
0.12 -2.9229044485129103 0.080000000000000002
0.12 -2.8817323407381603 0.080000000000000002
0 -2.8414567623896945 0.080000000000000002
0 -2.7986415034523739 0.080000000000000002
0 -2.7551819433507316 0.080000000000000002
0.040000000000000001 -2.841178768627596 0.080000000000000002
0.040000000000000001 -2.7988091805078472 0.080000000000000002
0.040000000000000001 -2.7558640193867827 0.080000000000000002
0 -2.7112979276245985 0.080000000000000002
0 -2.6672558488016569 0.080000000000000002
0 -2.6232350086617546 0.080000000000000002
0.040000000000000001 -2.7125378720650488 0.080000000000000002
0.040000000000000001 -2.6690715610885354 0.080000000000000002
0.040000000000000001 -2.6256270174016652 0.080000000000000002
0.080000000000000002 -2.8407741196083651 0.080000000000000002
0.080000000000000002 -2.7986892544389623 0.080000000000000002
0.080000000000000002 -2.7560712767494913 0.080000000000000002
0.12 -2.8403169600803415 0.080000000000000002
0.12 -2.798420835185047 0.080000000000000002
0.12 -2.7560270865937682 0.080000000000000002
0.080000000000000002 -2.7131063368285688 0.080000000000000002
0.080000000000000002 -2.6700164449080326 0.080000000000000002
0.080000000000000002 -2.6269507577590967 0.080000000000000002
0.12 -2.7133167071147142 0.080000000000000002
0.12 -2.6704966141771616 0.080000000000000002
0.12 -2.6277053596920679 0.080000000000000002
0 -2.5792556740846999 0.040000000000000001
0 -2.5356793590260187 0.040000000000000001
0 -2.4926098628645073 0.040000000000000001
0.040000000000000001 -2.5814810316970362 0.040000000000000001
0.040000000000000001 -2.5383675797011462 0.040000000000000001
0.040000000000000001 -2.4957962876417463 0.040000000000000001
0 -2.4498575614225939 0.040000000000000001
0 -2.4067180204816672 0.040000000000000001
0.040000000000000001 -2.4537282922243646 0.040000000000000001
0.040000000000000001 -2.4117989898756247 0.040000000000000001
0.080000000000000002 -2.5826556210285223 0.040000000000000001
0.080000000000000002 -2.5398277920737353 0.040000000000000001
0.080000000000000002 -2.4975365324586734 0.040000000000000001
0.12 -2.5832659095438997 0.040000000000000001
0.12 -2.5406365126959916 0.040000000000000001
0.12 -2.4985117020014975 0.040000000000000001
0.080000000000000002 -2.455768813544922 0.040000000000000001
0.080000000000000002 -2.4142976253904043 0.040000000000000001
0.12 -2.4568796906986061 0.040000000000000001
0.12 -2.4155340558809448 0.040000000000000001
0 -2.5794109238080725 0.080000000000000002
0 -2.5360006636194212 0.080000000000000002
0 -2.4930802339374423 0.080000000000000002
0.040000000000000001 -2.5823623013864996 0.080000000000000002
0.040000000000000001 -2.5394874241918939 0.080000000000000002
0.040000000000000001 -2.4971520512258603 0.080000000000000002
0 -2.450377489628905 0.080000000000000002
0 -2.4073285707793293 0.080000000000000002
0.040000000000000001 -2.4553255973076831 0.080000000000000002
0.040000000000000001 -2.4137570371460204 0.080000000000000002
0.080000000000000002 -2.5840536708347424 0.080000000000000002
0.080000000000000002 -2.5415205281013291 0.080000000000000002
0.080000000000000002 -2.4995197568465497 0.080000000000000002
0.12 -2.5850756305271765 0.080000000000000002
0.12 -2.5427846475852114 0.080000000000000002
0.12 -2.5009877341251978 0.080000000000000002
0.080000000000000002 -2.4580550858902059 0.080000000000000002
0.080000000000000002 -2.4170042307409436 0.080000000000000002
0.12 -2.4597020949568087 0.080000000000000002
0.12 -2.4188352743201702 0.080000000000000002
0 -2.9249145533766918 0.12
0 -2.8830008123139934 0.12
0.040000000000000001 -2.9238813184604808 0.12
0.040000000000000001 -2.8824107862745119 0.12
0.080000000000000002 -2.9230731353734773 0.12
0.080000000000000002 -2.8818673750378894 0.12
0.12 -2.9223596269499055 0.12
0.12 -2.8813214686878137 0.12
0 -2.8408615072612546 0.12
0 -2.7981493278488561 0.12
0 -2.7548288811434269 0.12
0.040000000000000001 -2.8407014906392503 0.12
0.040000000000000001 -2.7984766491828315 0.12
0.040000000000000001 -2.7557092451285805 0.12
0 -2.7111146089988281 0.12
0 -2.6672515700525357 0.12
0 -2.6234077897739119 0.12
0.040000000000000001 -2.7125861178114823 0.12
0.040000000000000001 -2.6693295145076052 0.12
0.040000000000000001 -2.6260936481376937 0.12
0.080000000000000002 -2.8404314758687921 0.12
0.080000000000000002 -2.7985209458474709 0.12
0.080000000000000002 -2.7561108180290668 0.12
0.12 -2.8400678795356931 0.12
0.12 -2.7983719662585886 0.12
0.12 -2.75621347170138 0.12
0.080000000000000002 -2.7133760233867625 0.12
0.080000000000000002 -2.6705224668668448 0.12
0.080000000000000002 -2.6276931874982412 0.12
0.12 -2.7137586603792649 0.12
0.12 -2.6711994345496106 0.12
0.12 -2.6286688785163141 0.12
0 -2.9243029183350644 0.16
0 -2.8824346182275926 0.16
0.040000000000000001 -2.9233202592099397 0.16
0.040000000000000001 -2.8819061451849688 0.16
0 -2.9236162586251018 0.20000000000000001
0 -2.8817917131217494 0.20000000000000001
0.040000000000000001 -2.9226533082891129 0.20000000000000001
0.040000000000000001 -2.8812889095349683 0.20000000000000001
0.080000000000000002 -2.922530380451688 0.16
0.080000000000000002 -2.8813951145092354 0.16
0.12 -2.9218363677825678 0.16
0.12 -2.8808789963827555 0.16
0.080000000000000002 -2.9218645530507867 0.20000000000000001
0.080000000000000002 -2.8807909813245272 0.20000000000000001
0.12 -2.9212004986268632 0.20000000000000001
0.12 -2.8803125461125627 0.20000000000000001
0 -2.8403616658308368 0.16
0 -2.7977406806824758 0.16
0 -2.7545390349014096 0.16
0.040000000000000001 -2.8402773187780799 0.16
0.040000000000000001 -2.7981607678580636 0.16
0.040000000000000001 -2.7555300481545166 0.16
0 -2.7109636656447473 0.16
0 -2.6672506564855833 0.16
0 -2.6235628171512597 0.16
0.040000000000000001 -2.712561442856813 0.16
0.040000000000000001 -2.6694677649080485 0.16
0.040000000000000001 -2.6263995871424997 0.16
0 -2.839773110457855 0.20000000000000001
0 -2.7972154873932116 0.20000000000000001
0 -2.7540842369840783 0.20000000000000001
0.040000000000000001 -2.8397200072635362 0.20000000000000001
0.040000000000000001 -2.797677882330396 0.20000000000000001
0.040000000000000001 -2.755134364036667 0.20000000000000001
0 -2.7105855296114014 0.20000000000000001
0 -2.6669581646937335 0.20000000000000001
0 -2.6233728690916709 0.20000000000000001
0.040000000000000001 -2.7122610357806121 0.20000000000000001
0.040000000000000001 -2.6692698196457716 0.20000000000000001
0.040000000000000001 -2.6263130666165684 0.20000000000000001
0.080000000000000002 -2.8400536150978164 0.16
0.080000000000000002 -2.798266690613878 0.16
0.080000000000000002 -2.7560088188366634 0.16
0.12 -2.8397324013317 0.16
0.12 -2.7981751787496809 0.16
0.12 -2.7561843209467405 0.16
0.080000000000000002 -2.7134431085801856 0.16
0.080000000000000002 -2.6707656345200332 0.16
0.080000000000000002 -2.6281149226573821 0.16
0.12 -2.7139134373074776 0.16
0.12 -2.6715442362583666 0.16
0.12 -2.6292043675032102 0.16
0.080000000000000002 -2.8395196860814425 0.20000000000000001
0.080000000000000002 -2.7978177105466218 0.20000000000000001
0.080000000000000002 -2.7556593048692415 0.20000000000000001
0.12 -2.8392436481985381 0.20000000000000001
0.12 -2.7977794524677924 0.20000000000000001
0.12 -2.7558974236446878 0.20000000000000001
0.080000000000000002 -2.7132024910568604 0.20000000000000001
0.080000000000000002 -2.6706400157253296 0.20000000000000001
0.080000000000000002 -2.6281088128906163 0.20000000000000001
0.12 -2.7137458828178733 0.20000000000000001
0.12 -2.6715010342800243 0.20000000000000001
0.12 -2.6292867988038839 0.20000000000000001
0 -2.5797570195974262 0.12
0 -2.5365172509267659 0.12
0 -2.493760710763937 0.12
0.040000000000000001 -2.5830349709152611 0.12
0.040000000000000001 -2.5403574283115362 0.12
0.040000000000000001 -2.4982098674785358 0.12
0 -2.4512129732084276 0.12
0 -2.4083154700369422 0.12
0.040000000000000001 -2.4565695611333052 0.12
0.040000000000000001 -2.4152247813769838 0.12
0.080000000000000002 -2.5850294712855209 0.12
0.080000000000000002 -2.5427160535953846 0.12
0.080000000000000002 -2.500913107134267 0.12
0.12 -2.5862950600557255 0.12
0.12 -2.5442383572280218 0.12
0.12 -2.5026483441189908 0.12
0.080000000000000002 -2.4596393825587115 0.12
0.080000000000000002 -2.4188097013699048 0.12
0.12 -2.4615589483934723 0.12
0.12 -2.4209125720335933 0.12
0 -2.5800755148598102 0.16
0 -2.5370002736128447 0.16
0 -2.4944060301635078 0.16
0.040000000000000001 -2.5835098635350859 0.16
0.040000000000000001 -2.5409955594063334 0.16
0.040000000000000001 -2.4989986625463656 0.16
0 -2.4520286090414376 0.16
0 -2.4093608665024031 0.16
0.040000000000000001 -2.4575046161001204 0.16
0.040000000000000001 -2.4163246871016839 0.16
0 -2.5800075914056304 0.20000000000000001
0 -2.537058855028556 0.20000000000000001
0 -2.4945780312474719 0.20000000000000001
0.040000000000000001 -2.5835430490855447 0.20000000000000001
0.040000000000000001 -2.5411447564870904 0.20000000000000001
0.040000000000000001 -2.4992469959807355 0.20000000000000001
0 -2.4523019530837469 0.20000000000000001
0 -2.4097332742482762 0.20000000000000001
0.040000000000000001 -2.4578327544774168 0.20000000000000001
0.040000000000000001 -2.4167191432514525 0.20000000000000001
0.080000000000000002 -2.5856283838010232 0.16
0.080000000000000002 -2.5434818487075654 0.16
0.080000000000000002 -2.5018216954819601 0.16
0.12 -2.5870167583804058 0.16
0.12 -2.545131412063026 0.16
0.12 -2.5036856407837571 0.16
0.080000000000000002 -2.4606752738291799 0.16
0.080000000000000002 -2.4199761471066914 0.16
0.12 -2.4627169361885235 0.16
0.12 -2.4221850598726671 0.16
0.080000000000000002 -2.5857423734342784 0.20000000000000001
0.080000000000000002 -2.5437073045598102 0.20000000000000001
0.080000000000000002 -2.5021383873760974 0.20000000000000001
0.12 -2.5872215676787369 0.20000000000000001
0.12 -2.5454466702351195 0.20000000000000001
0.12 -2.5040883400333804 0.20000000000000001
0.080000000000000002 -2.4610569751786011 0.20000000000000001
0.080000000000000002 -2.4204004409371036 0.20000000000000001
0.12 -2.4631779204763196 0.20000000000000001
0.12 -2.4226770678231206 0.20000000000000001
0.16 -2.9231187309691165 0.040000000000000001
0.20000000000000001 -2.9228476880535506 0.040000000000000001
0.16 -2.8817468625682738 0.040000000000000001
0.20000000000000001 -2.8815019291963853 0.040000000000000001
0.23999999999999999 -2.9228050544696216 0.040000000000000001
0.23999999999999999 -2.8814729010659059 0.040000000000000001
0.28000000000000003 -2.923001306997127 0.040000000000000001
0.28000000000000003 -2.8816369025859698 0.040000000000000001
0.32000000000000001 -2.9234129630510726 0.040000000000000001
0.32000000000000001 -2.8819743335970598 0.040000000000000001
0.16 -2.8401379176581902 0.040000000000000001
0.16 -2.7980363576832459 0.040000000000000001
0.20000000000000001 -2.8399431820632519 0.040000000000000001
0.20000000000000001 -2.7979253031922444 0.040000000000000001
0.16 -2.7554347943818898 0.040000000000000001
0.20000000000000001 -2.7554381304931534 0.040000000000000001
0.23999999999999999 -2.8399571539807389 0.040000000000000001
0.23999999999999999 -2.7980127199999973 0.040000000000000001
0.23999999999999999 -2.7556264758206517 0.040000000000000001
0.16 -2.7125256887192366 0.040000000000000001
0.20000000000000001 -2.7126652039742098 0.040000000000000001
0.16 -2.6695208243301929 0.040000000000000001
0.16 -2.6265524711978534 0.040000000000000001
0.20000000000000001 -2.6698091723195319 0.040000000000000001
0.20000000000000001 -2.6269967926544657 0.040000000000000001
0.23999999999999999 -2.7129686585595887 0.040000000000000001
0.23999999999999999 -2.6702353687964671 0.040000000000000001
0.23999999999999999 -2.627551178853444 0.040000000000000001
0.28000000000000003 -2.8401456935847764 0.040000000000000001
0.28000000000000003 -2.7982571859679619 0.040000000000000001
0.28000000000000003 -2.7559493540433819 0.040000000000000001
0.32000000000000001 -2.8404753905046536 0.040000000000000001
0.32000000000000001 -2.7986145443414854 0.040000000000000001
0.32000000000000001 -2.7563453197062833 0.040000000000000001
0.28000000000000003 -2.7133783438788561 0.040000000000000001
0.28000000000000003 -2.670733441707696 0.040000000000000001
0.28000000000000003 -2.6281410879387179 0.040000000000000001
0.32000000000000001 -2.7138157103880221 0.040000000000000001
0.32000000000000001 -2.6712133715898623 0.040000000000000001
0.32000000000000001 -2.6286628950078499 0.040000000000000001
0.16 -2.9223629270569806 0.080000000000000002
0.16 -2.8812764536160267 0.080000000000000002
0.20000000000000001 -2.9220785702603851 0.080000000000000002
0.20000000000000001 -2.8810353563393249 0.080000000000000002
0.23999999999999999 -2.9219728133111418 0.080000000000000002
0.23999999999999999 -2.8809556672164467 0.080000000000000002
0.28000000000000003 -2.9219947950567704 0.080000000000000002
0.28000000000000003 -2.880981470308813 0.080000000000000002
0.32000000000000001 -2.9221133163425259 0.080000000000000002
0.32000000000000001 -2.8810675290092091 0.080000000000000002
0.16 -2.8399649249788439 0.080000000000000002
0.16 -2.7982027639840332 0.080000000000000002
0.20000000000000001 -2.8397933544254652 0.080000000000000002
0.20000000000000001 -2.7981345072256913 0.080000000000000002
0.16 -2.755977739786744 0.080000000000000002
0.20000000000000001 -2.7560432583522969 0.080000000000000002
0.23999999999999999 -2.8397662224967197 0.080000000000000002
0.23999999999999999 -2.79818956285047 0.080000000000000002
0.23999999999999999 -2.7562047770954505 0.080000000000000002
0.16 -2.7134624004603798 0.080000000000000002
0.20000000000000001 -2.7136812731739299 0.080000000000000002
0.16 -2.6708513643435929 0.080000000000000002
0.16 -2.6282737506087739 0.080000000000000002
0.20000000000000001 -2.6712340534424612 0.080000000000000002
0.20000000000000001 -2.6288243495251455 0.080000000000000002
0.23999999999999999 -2.7139614117983566 0.080000000000000002
0.23999999999999999 -2.6716396292766169 0.080000000000000002
0.23999999999999999 -2.6293586213999758 0.080000000000000002
0.28000000000000003 -2.8398301970567146 0.080000000000000002
0.28000000000000003 -2.7983142740993094 0.080000000000000002
0.28000000000000003 -2.7564068188766657 0.080000000000000002
0.32000000000000001 -2.839941278853896 0.080000000000000002
0.32000000000000001 -2.7984677547455274 0.080000000000000002
0.32000000000000001 -2.7566105112498427 0.080000000000000002
0.28000000000000003 -2.7142491820235848 0.080000000000000002
0.28000000000000003 -2.6720180092940597 0.080000000000000002
0.28000000000000003 -2.6298307209366265 0.080000000000000002
0.32000000000000001 -2.7145098772614871 0.080000000000000002
0.32000000000000001 -2.6723406088854955 0.080000000000000002
0.32000000000000001 -2.6302186359014939 0.080000000000000002
0.16 -2.5837498244244683 0.040000000000000001
0.20000000000000001 -2.5843504893260851 0.040000000000000001
0.16 -2.5412847874273519 0.040000000000000001
0.16 -2.4992825938499572 0.040000000000000001
0.20000000000000001 -2.5420297524213575 0.040000000000000001
0.20000000000000001 -2.5001396836423497 0.040000000000000001
0.23999999999999999 -2.58503527559734 0.040000000000000001
0.23999999999999999 -2.5428382700102126 0.040000000000000001
0.23999999999999999 -2.5010584325799887 0.040000000000000001
0.16 -2.4577202211600651 0.040000000000000001
0.20000000000000001 -2.4586501666795848 0.040000000000000001
0.16 -2.4163977821661118 0.040000000000000001
0.20000000000000001 -2.4173676381853211 0.040000000000000001
0.23999999999999999 -2.4596672514947495 0.040000000000000001
0.23999999999999999 -2.4184753461295876 0.040000000000000001
0.28000000000000003 -2.585721954613085 0.040000000000000001
0.28000000000000003 -2.5436242099256221 0.040000000000000001
0.28000000000000003 -2.5019432413130036 0.040000000000000001
0.32000000000000001 -2.5862878589314153 0.040000000000000001
0.32000000000000001 -2.5442418293560309 0.040000000000000001
0.32000000000000001 -2.5026246796908689 0.040000000000000001
0.28000000000000003 -2.4606499464477314 0.040000000000000001
0.28000000000000003 -2.4195735491402717 0.040000000000000001
0.32000000000000001 -2.4614039616079575 0.040000000000000001
0.32000000000000001 -2.4204215593928362 0.040000000000000001
0.16 -2.5858532143943491 0.080000000000000002
0.20000000000000001 -2.5865691135816009 0.080000000000000002
0.16 -2.5437518211713086 0.080000000000000002
0.16 -2.5021078514716724 0.080000000000000002
0.20000000000000001 -2.5446173842683297 0.080000000000000002
0.20000000000000001 -2.5030929014928405 0.080000000000000002
0.23999999999999999 -2.5872303653639448 0.080000000000000002
0.23999999999999999 -2.5453932514726678 0.080000000000000002
0.23999999999999999 -2.5039641391223153 0.080000000000000002
0.16 -2.46093684279978 0.080000000000000002
0.20000000000000001 -2.4620134720375124 0.080000000000000002
0.20000000000000001 -2.421310185769876 0.080000000000000002
0.16 -2.4201585714414517 0.080000000000000002
0.23999999999999999 -2.4629650888945571 0.080000000000000002
0.23999999999999999 -2.4223468759582945 0.080000000000000002
0.28000000000000003 -2.5877964775393285 0.080000000000000002
0.28000000000000003 -2.546048369459633 0.080000000000000002
0.28000000000000003 -2.5046994389778421 0.080000000000000002
0.32000000000000001 -2.5882518888208774 0.080000000000000002
0.32000000000000001 -2.5465735061532424 0.080000000000000002
0.32000000000000001 -2.5053010087124594 0.080000000000000002
0.28000000000000003 -2.4637802933744437 0.080000000000000002
0.28000000000000003 -2.4232671731661464 0.080000000000000002
0.32000000000000001 -2.4644768208006047 0.080000000000000002
0.32000000000000001 -2.4241087283440645 0.080000000000000002
0.16 -2.9217544024194093 0.12
0.16 -2.8808316663389788 0.12
0.20000000000000001 -2.9213906824264759 0.12
0.20000000000000001 -2.8805339840835722 0.12
0.23999999999999999 -2.9212439264071639 0.12
0.23999999999999999 -2.8804164640904486 0.12
0.28000000000000003 -2.9210728159144161 0.12
0.28000000000000003 -2.8802797986506503 0.12
0.32000000000000001 -2.9208935190175356 0.12
0.32000000000000001 -2.8801208052073863 0.12
0.16 -2.8397076723069508 0.12
0.16 -2.7981697914337214 0.12
0.20000000000000001 -2.8394980801251108 0.12
0.20000000000000001 -2.7980785626020297 0.12
0.16 -2.7562023536112079 0.12
0.20000000000000001 -2.7562572787561317 0.12
0.23999999999999999 -2.8394388729750815 0.12
0.23999999999999999 -2.7981062542427608 0.12
0.23999999999999999 -2.7563943595383185 0.12
0.16 -2.7139631336337469 0.12
0.16 -2.6716321888214258 0.12
0.20000000000000001 -2.7141822204733859 0.12
0.20000000000000001 -2.67202501003504 0.12
0.16 -2.6293331852275061 0.12
0.20000000000000001 -2.6299023074482184 0.12
0.23999999999999999 -2.7144399870547553 0.12
0.23999999999999999 -2.6724096028017605 0.12
0.23999999999999999 -2.6304156389017557 0.12
0.28000000000000003 -2.8393560973137624 0.12
0.28000000000000003 -2.7980899253046632 0.12
0.28000000000000003 -2.7564558741997667 0.12
0.32000000000000001 -2.8392467509949633 0.12
0.32000000000000001 -2.7980333237184043 0.12
0.32000000000000001 -2.7564538974186519 0.12
0.28000000000000003 -2.7145868158541502 0.12
0.28000000000000003 -2.6726467679045385 0.12
0.28000000000000003 -2.6307461479082126 0.12
0.32000000000000001 -2.7146462922083918 0.12
0.32000000000000001 -2.6727746731498705 0.12
0.32000000000000001 -2.6309469306446096 0.12
0.16 -2.9212064472121106 0.16
0.16 -2.8803782107145737 0.16
0.20000000000000001 -2.9207601645286378 0.16
0.20000000000000001 -2.8800173485198437 0.16
0.23999999999999999 -2.9204865756073985 0.16
0.23999999999999999 -2.879797419374849 0.16
0.16 -2.9206489750445059 0.20000000000000001
0.16 -2.8798855254000446 0.20000000000000001
0.20000000000000001 -2.9202047948413679 0.20000000000000001
0.20000000000000001 -2.8795317510062861 0.20000000000000001
0.23999999999999999 -2.9199281399272983 0.20000000000000001
0.23999999999999999 -2.8793079294608406 0.20000000000000001
0.28000000000000003 -2.9202302224017975 0.16
0.28000000000000003 -2.8795849820908801 0.16
0.32000000000000001 -2.9198821194688374 0.16
0.32000000000000001 -2.8792787440967893 0.16
0.28000000000000003 -2.9195860797413062 0.20000000000000001
0.28000000000000003 -2.879025843211751 0.20000000000000001
0.32000000000000001 -2.9191549569189892 0.20000000000000001
0.32000000000000001 -2.8786467115119851 0.20000000000000001
0.16 -2.8393745949662987 0.16
0.16 -2.7979886446448972 0.16
0.20000000000000001 -2.8391155526361609 0.16
0.20000000000000001 -2.7978580411119127 0.16
0.16 -2.7562015525082777 0.16
0.20000000000000001 -2.7562253051183072 0.16
0.23999999999999999 -2.8389675518010429 0.16
0.23999999999999999 -2.7978037932120672 0.16
0.23999999999999999 -2.7562843274531805 0.16
0.16 -2.7141584064885884 0.16
0.16 -2.6720287718599045 0.16
0.20000000000000001 -2.7143538998986032 0.16
0.20000000000000001 -2.6724048376395442 0.16
0.16 -2.6299303717466764 0.16
0.20000000000000001 -2.6304883272778703 0.16
0.23999999999999999 -2.7145367168078716 0.16
0.23999999999999999 -2.6727170393469217 0.16
0.23999999999999999 -2.6309311989243862 0.16
0.16 -2.8389600446966941 0.20000000000000001
0.16 -2.7976721105673694 0.20000000000000001
0.20000000000000001 -2.8387121890141747 0.20000000000000001
0.20000000000000001 -2.7975570744139757 0.20000000000000001
0.16 -2.756001233408977 0.20000000000000001
0.20000000000000001 -2.7560451497696974 0.20000000000000001
0.23999999999999999 -2.8385622579543477 0.20000000000000001
0.23999999999999999 -2.7975029790508192 0.20000000000000001
0.23999999999999999 -2.7561062050607199 0.20000000000000001
0.16 -2.7140852989414443 0.20000000000000001
0.16 -2.6720869292268241 0.20000000000000001
0.20000000000000001 -2.7143055855420615 0.20000000000000001
0.20000000000000001 -2.6724920885627546 0.20000000000000001
0.16 -2.6301192382098089 0.20000000000000001
0.20000000000000001 -2.6307096977138813 0.20000000000000001
0.23999999999999999 -2.7144923302773249 0.20000000000000001
0.23999999999999999 -2.672810019424019 0.20000000000000001
0.23999999999999999 -2.631159785064114 0.20000000000000001
0.28000000000000003 -2.8388152105908731 0.16
0.28000000000000003 -2.7977214522042027 0.16
0.28000000000000003 -2.7562814104242208 0.16
0.32000000000000001 -2.8385718252725889 0.16
0.32000000000000001 -2.7975372815482111 0.16
0.32000000000000001 -2.7561542994631854 0.16
0.28000000000000003 -2.7146199269527846 0.16
0.28000000000000003 -2.6728911560392756 0.16
0.28000000000000003 -2.6311988848911723 0.16
0.32000000000000001 -2.7145554428119336 0.16
0.32000000000000001 -2.6728965850131821 0.16
0.32000000000000001 -2.6312792080462604 0.16
0.28000000000000003 -2.8383488045651775 0.20000000000000001
0.28000000000000003 -2.7973632407058404 0.20000000000000001
0.28000000000000003 -2.7560470508751505 0.20000000000000001
0.32000000000000001 -2.8380393127943213 0.20000000000000001
0.32000000000000001 -2.7971165655577321 0.20000000000000001
0.32000000000000001 -2.755859075730827 0.20000000000000001
0.28000000000000003 -2.7145198761255664 0.20000000000000001
0.28000000000000003 -2.6729291566977653 0.20000000000000001
0.28000000000000003 -2.6313732329276482 0.20000000000000001
0.32000000000000001 -2.7143952835144907 0.20000000000000001
0.32000000000000001 -2.6728751534781643 0.20000000000000001
0.32000000000000001 -2.6313948724047629 0.20000000000000001
0.16 -2.5871839757923962 0.12
0.20000000000000001 -2.5879239173619948 0.12
0.20000000000000001 -2.5462210601710309 0.12
0.16 -2.5453286911589501 0.12
0.16 -2.5038977607447466 0.12
0.20000000000000001 -2.5049118262658654 0.12
0.23999999999999999 -2.5885623276206582 0.12
0.23999999999999999 -2.5469714078018333 0.12
0.23999999999999999 -2.5057536497339794 0.12
0.16 -2.4629229483007369 0.12
0.16 -2.4223567104359396 0.12
0.20000000000000001 -2.4640265172035605 0.12
0.20000000000000001 -2.4235288907986052 0.12
0.23999999999999999 -2.464945411847431 0.12
0.23999999999999999 -2.4245304757712343 0.12
0.28000000000000003 -2.5889851966117035 0.12
0.28000000000000003 -2.5474790993375698 0.12
0.28000000000000003 -2.5063332743870759 0.12
0.32000000000000001 -2.5892603790666096 0.12
0.32000000000000001 -2.5478280960426352 0.12
0.32000000000000001 -2.5067573186673275 0.12
0.28000000000000003 -2.4655899454803305 0.12
0.28000000000000003 -2.4252558714366246 0.12
0.32000000000000001 -2.4661020006568557 0.12
0.32000000000000001 -2.425904774012229 0.12
0.16 -2.58797484720994 0.16
0.16 -2.5462951255942827 0.16
0.20000000000000001 -2.5887073102258045 0.16
0.20000000000000001 -2.5471815471416575 0.16
0.16 -2.505008843361562 0.16
0.20000000000000001 -2.5060152020995852 0.16
0.23999999999999999 -2.589275891070121 0.16
0.23999999999999999 -2.5478607851627415 0.16
0.23999999999999999 -2.5067816140099519 0.16
0.16 -2.4641496802538385 0.16
0.16 -2.4236841254770121 0.16
0.20000000000000001 -2.4652383126084052 0.16
0.20000000000000001 -2.4248246006233694 0.16
0.23999999999999999 -2.4660722389975653 0.16
0.23999999999999999 -2.4257220447689778 0.16
0.16 -2.5882886156477714 0.20000000000000001
0.16 -2.5467195871380159 0.20000000000000001
0.20000000000000001 -2.5890557031297909 0.20000000000000001
0.20000000000000001 -2.5476414430616221 0.20000000000000001
0.16 -2.5055208008139678 0.20000000000000001
0.20000000000000001 -2.5065623681615152 0.20000000000000001
0.23999999999999999 -2.5896324740939947 0.20000000000000001
0.23999999999999999 -2.5483292254903347 0.20000000000000001
0.23999999999999999 -2.5073374453498252 0.20000000000000001
0.16 -2.4647218711622516 0.20000000000000001
0.16 -2.4242921659400767 0.20000000000000001
0.20000000000000001 -2.4658442319079859 0.20000000000000001
0.20000000000000001 -2.4254630353374829 0.20000000000000001
0.23999999999999999 -2.4666869783704786 0.20000000000000001
0.23999999999999999 -2.4263696739746985 0.20000000000000001
0.28000000000000003 -2.5896355284841341 0.16
0.28000000000000003 -2.5483033771407335 0.16
0.28000000000000003 -2.5072926764423142 0.16
0.32000000000000001 -2.5897924937180314 0.16
0.32000000000000001 -2.5485354630411754 0.16
0.32000000000000001 -2.5075983509155759 0.16
0.28000000000000003 -2.4666430682575893 0.16
0.28000000000000003 -2.4263664654208306 0.16
0.32000000000000001 -2.4670311588465164 0.16
0.32000000000000001 -2.4268821329302921 0.16
0.28000000000000003 -2.5899383767596755 0.20000000000000001
0.28000000000000003 -2.5487180120855477 0.20000000000000001
0.28000000000000003 -2.507793145480302 0.20000000000000001
0.32000000000000001 -2.5900376031557206 0.20000000000000001
0.32000000000000001 -2.5488933630706589 0.20000000000000001
0.32000000000000001 -2.5080424186038281 0.20000000000000001
0.28000000000000003 -2.4671977882986322 0.20000000000000001
0.28000000000000003 -2.4269441382195551 0.20000000000000001
0.32000000000000001 -2.4675285757055088 0.20000000000000001
0.32000000000000001 -2.4273999788537193 0.20000000000000001
0 -2.9227138341332344 0.23999999999999999
0 -2.8809537897778799 0.23999999999999999
0.040000000000000001 -2.9217505203622589 0.23999999999999999
0.040000000000000001 -2.8804580230403674 0.23999999999999999
0.080000000000000002 -2.921056902422341 0.23999999999999999
0.080000000000000002 -2.8800502150810017 0.23999999999999999
0.12 -2.9205366202545613 0.23999999999999999
0.12 -2.8797073176099133 0.23999999999999999
0 -2.838991526872698 0.23999999999999999
0 -2.796474661967403 0.23999999999999999
0 -2.7533668523129582 0.23999999999999999
0.040000000000000001 -2.8389450482088732 0.23999999999999999
0.040000000000000001 -2.7969509977525604 0.23999999999999999
0.040000000000000001 -2.7544484450655338 0.23999999999999999
0 -2.7098829860073859 0.23999999999999999
0 -2.6662776990108514 0.23999999999999999
0 -2.6227354873353197 0.23999999999999999
0.040000000000000001 -2.7116141295398126 0.23999999999999999
0.040000000000000001 -2.6686672527136821 0.23999999999999999
0.040000000000000001 -2.6257664721748419 0.23999999999999999
0.080000000000000002 -2.8388340754367731 0.23999999999999999
0.080000000000000002 -2.7971843529901927 0.23999999999999999
0.080000000000000002 -2.7550782064692392 0.23999999999999999
0.12 -2.8386907693486574 0.23999999999999999
0.12 -2.7972808965237177 0.23999999999999999
0.12 -2.7554573384296148 0.23999999999999999
0.080000000000000002 -2.71267502032571 0.23999999999999999
0.080000000000000002 -2.6701700898674798 0.23999999999999999
0.080000000000000002 -2.6277023563259623 0.23999999999999999
0.12 -2.7133676811306628 0.23999999999999999
0.12 -2.6711872735911943 0.23999999999999999
0.12 -2.6290392600473367 0.23999999999999999
0 -2.9218435506568419 0.28000000000000003
0 -2.8801465791103933 0.28000000000000003
0.040000000000000001 -2.9208693102121588 0.28000000000000003
0.040000000000000001 -2.8796396770860651 0.28000000000000003
0.080000000000000002 -2.9203067528456792 0.28000000000000003
0.080000000000000002 -2.8793519513278034 0.28000000000000003
0.12 -2.920036740095274 0.28000000000000003
0.12 -2.8792312898487422 0.28000000000000003
0 -2.8382327265062597 0.28000000000000003
0 -2.7957405973367324 0.28000000000000003
0 -2.7526306170642534 0.28000000000000003
0.040000000000000001 -2.8381685640129786 0.28000000000000003
0.040000000000000001 -2.7961980203669454 0.28000000000000003
0.040000000000000001 -2.753701534355868 0.28000000000000003
0 -2.709123510150139 0.28000000000000003
0 -2.6654978396274451 0.28000000000000003
0 -2.6219572858606401 0.28000000000000003
0.040000000000000001 -2.7108624030935946 0.28000000000000003
0.040000000000000001 -2.6679135753761472 0.28000000000000003
0.040000000000000001 -2.6250232472954393 0.28000000000000003
0.080000000000000002 -2.8381692051211025 0.28000000000000003
0.080000000000000002 -2.7965403547561141 0.28000000000000003
0.080000000000000002 -2.7544457662757207 0.28000000000000003
0.12 -2.8382341727403544 0.28000000000000003
0.12 -2.7968408383802159 0.28000000000000003
0.12 -2.7550305571720193 0.28000000000000003
0.080000000000000002 -2.7120480858956855 0.28000000000000003
0.080000000000000002 -2.6695500424184933 0.28000000000000003
0.080000000000000002 -2.6270953868059128 0.28000000000000003
0.12 -2.7129503814956824 0.28000000000000003
0.12 -2.670779221888528 0.28000000000000003
0.12 -2.6286424059293965 0.28000000000000003
0 -2.5794395805898231 0.23999999999999999
0 -2.5365685998844012 0.23999999999999999
0 -2.4941389051451304 0.23999999999999999
0.040000000000000001 -2.5830638712027918 0.23999999999999999
0.040000000000000001 -2.5407314981776934 0.23999999999999999
0.040000000000000001 -2.4988747445120421 0.23999999999999999
0 -2.4518647590217206 0.23999999999999999
0 -2.4092163240207891 0.23999999999999999
0.040000000000000001 -2.4574585799840785 0.23999999999999999
0.040000000000000001 -2.4162906814118523 0.23999999999999999
0.080000000000000002 -2.5854021899262634 0.23999999999999999
0.080000000000000002 -2.5434257301306995 0.23999999999999999
0.080000000000000002 -2.5018931257774502 0.23999999999999999
0.12 -2.5870386677788928 0.23999999999999999
0.12 -2.5453189872156647 0.23999999999999999
0.12 -2.5039962527629918 0.23999999999999999
0.080000000000000002 -2.4608139089422507 0.23999999999999999
0.080000000000000002 -2.4201147392096622 0.23999999999999999
0.12 -2.4630935960062601 0.23999999999999999
0.12 -2.4225673923045168 0.23999999999999999
0 -2.5786871125741824 0.28000000000000003
0 -2.5358463716748689 0.28000000000000003
0 -2.4934209618939174 0.28000000000000003
0.040000000000000001 -2.582343712314521 0.28000000000000003
0.040000000000000001 -2.5400335875292206 0.28000000000000003
0.040000000000000001 -2.4981740844347717 0.28000000000000003
0 -2.4511076710307727 0.28000000000000003
0 -2.4083608484151804 0.28000000000000003
0.040000000000000001 -2.4567090381400938 0.28000000000000003
0.040000000000000001 -2.4154136137221349 0.28000000000000003
0.080000000000000002 -2.5848130626669628 0.28000000000000003
0.080000000000000002 -2.5428483887831042 0.28000000000000003
0.080000000000000002 -2.5013068394084268 0.28000000000000003
0.12 -2.5866534738533433 0.28000000000000003
0.12 -2.5449405991261473 0.28000000000000003
0.12 -2.5036098026725289 0.28000000000000003
0.080000000000000002 -2.460181376562383 0.28000000000000003
0.080000000000000002 -2.419380819873183 0.28000000000000003
0.12 -2.4626767131455245 0.28000000000000003
0.12 -2.4220918181618014 0.28000000000000003
0 -2.9214839570177285 0.32000000000000001
0 -2.879782091608555 0.32000000000000001
0.040000000000000001 -2.9204039751334649 0.32000000000000001
0.040000000000000001 -2.8791707808033902 0.32000000000000001
0.080000000000000002 -2.9200131570075336 0.32000000000000001
0.080000000000000002 -2.8790252004704677 0.32000000000000001
0.12 -2.919895599916567 0.32000000000000001
0.12 -2.8790504442013476 0.32000000000000001
0 -2.8378725964340421 0.32000000000000001
0 -2.7953761341532091 0.32000000000000001
0 -2.7522368531499906 0.32000000000000001
0.040000000000000001 -2.8376988707039992 0.32000000000000001
0.040000000000000001 -2.795714545822471 0.32000000000000001
0.040000000000000001 -2.7531856070490153 0.32000000000000001
0 -2.7086710864556638 0.32000000000000001
0 -2.6649839826724313 0.32000000000000001
0 -2.6214038133967175 0.32000000000000001
0.040000000000000001 -2.7102969165206594 0.32000000000000001
0.040000000000000001 -2.6672961448288071 0.32000000000000001
0.040000000000000001 -2.6243681972538346 0.32000000000000001
0.080000000000000002 -2.837821753745529 0.32000000000000001
0.080000000000000002 -2.7961666849285143 0.32000000000000001
0.080000000000000002 -2.7540336705361166 0.32000000000000001
0.12 -2.8380245135820972 0.32000000000000001
0.12 -2.7965985785350651 0.32000000000000001
0.12 -2.7547469118716781 0.32000000000000001
0.080000000000000002 -2.7115868969800263 0.32000000000000001
0.080000000000000002 -2.6690375997555047 0.32000000000000001
0.080000000000000002 -2.6265382259004295 0.32000000000000001
0.12 -2.712616528939479 0.32000000000000001
0.12 -2.6703915778765204 0.32000000000000001
0.12 -2.6282028090794305 0.32000000000000001
0 -2.9221361451775234 0.35999999999999999
0 -2.8802936968634838 0.35999999999999999
0.040000000000000001 -2.9208599768998251 0.35999999999999999
0.040000000000000001 -2.8794442323667164 0.35999999999999999
0.080000000000000002 -2.9204082788497092 0.35999999999999999
0.080000000000000002 -2.8792507446696076 0.35999999999999999
0.12 -2.9205206967455868 0.35999999999999999
0.12 -2.8794743853040567 0.35999999999999999
0 -2.8383238829309128 0.35999999999999999
0 -2.7957881212375466 0.35999999999999999
0 -2.7525864353868679 0.35999999999999999
0.040000000000000001 -2.8378743895620713 0.35999999999999999
0.040000000000000001 -2.7958013986957853 0.35999999999999999
0.040000000000000001 -2.753165244801679 0.35999999999999999
0 -2.7089178474994986 0.35999999999999999
0 -2.6651075284781562 0.35999999999999999
0 -2.621429417921997 0.35999999999999999
0.040000000000000001 -2.7101469353620571 0.35999999999999999
0.040000000000000001 -2.667008706887386 0.35999999999999999
0.040000000000000001 -2.6239603474141022 0.35999999999999999
0.080000000000000002 -2.8379374376295812 0.35999999999999999
0.080000000000000002 -2.7961760848779167 0.35999999999999999
0.080000000000000002 -2.7539167327505689 0.35999999999999999
0.12 -2.838317874569678 0.35999999999999999
0.12 -2.7967729056705068 0.35999999999999999
0.12 -2.7547874343894536 0.35999999999999999
0.080000000000000002 -2.7113237570360815 0.35999999999999999
0.080000000000000002 -2.6686198356065516 0.35999999999999999
0.080000000000000002 -2.6259752286898288 0.35999999999999999
0.12 -2.7125040210739595 0.35999999999999999
0.12 -2.6701150316496296 0.35999999999999999
0.12 -2.6277633045202733 0.35999999999999999
0 -2.5781183952816038 0.32000000000000001
0 -2.5352743157991156 0.32000000000000001
0 -2.4928531497477744 0.32000000000000001
0.040000000000000001 -2.5816676992902039 0.32000000000000001
0.040000000000000001 -2.5393447050657971 0.32000000000000001
0.040000000000000001 -2.4974610244561171 0.32000000000000001
0 -2.450577075575664 0.32000000000000001
0 -2.40782687712636 0.32000000000000001
0.040000000000000001 -2.4559280648194473 0.32000000000000001
0.040000000000000001 -2.414482390204904 0.32000000000000001
0.080000000000000002 -2.5842206364977596 0.32000000000000001
0.080000000000000002 -2.5422240167046875 0.32000000000000001
0.080000000000000002 -2.5006369495782828 0.32000000000000001
0.12 -2.5861661313394357 0.32000000000000001
0.12 -2.5444072956169679 0.32000000000000001
0.12 -2.5030228885514449 0.32000000000000001
0.080000000000000002 -2.4594376415871562 0.32000000000000001
0.080000000000000002 -2.418511793017649 0.32000000000000001
0.12 -2.4620199044856084 0.32000000000000001
0.12 -2.4213348667819958 0.32000000000000001
0 -2.5780882530089899 0.35999999999999999
0 -2.5352250478137841 0.35999999999999999
0 -2.4928167836427781 0.35999999999999999
0.040000000000000001 -2.5811666986507915 0.35999999999999999
0.040000000000000001 -2.5387692381096132 0.35999999999999999
0.040000000000000001 -2.4968079317794651 0.35999999999999999
0 -2.4505559674606694 0.35999999999999999
0 -2.4077280511194306 0.35999999999999999
0.040000000000000001 -2.4551526392562777 0.35999999999999999
0.040000000000000001 -2.4134550267364188 0.35999999999999999
0.080000000000000002 -2.5835319796537415 0.35999999999999999
0.080000000000000002 -2.5414248884704067 0.35999999999999999
0.080000000000000002 -2.4997224183645317 0.35999999999999999
0.12 -2.5855737200679028 0.35999999999999999
0.12 -2.5436735026046171 0.35999999999999999
0.12 -2.5021463259963297 0.35999999999999999
0.080000000000000002 -2.4583605246459097 0.35999999999999999
0.080000000000000002 -2.4171387697561633 0.35999999999999999
0.12 -2.4609635414959707 0.35999999999999999
0.12 -2.4199808285838316 0.35999999999999999
0.16 -2.9201434724441842 0.23999999999999999
0.16 -2.8794245840664665 0.23999999999999999
0.20000000000000001 -2.9198344254737245 0.23999999999999999
0.20000000000000001 -2.8791885904149526 0.23999999999999999
0.23999999999999999 -2.9195428752027071 0.23999999999999999
0.23999999999999999 -2.8789599317664747 0.23999999999999999
0.28000000000000003 -2.9192337027981834 0.23999999999999999
0.28000000000000003 -2.878705020687343 0.23999999999999999
0.32000000000000001 -2.9187905449282554 0.23999999999999999
0.32000000000000001 -2.8783171397976521 0.23999999999999999
0.16 -2.8385458539068256 0.23999999999999999
0.16 -2.7973123068096779 0.23999999999999999
0.20000000000000001 -2.8384076440292123 0.23999999999999999
0.20000000000000001 -2.7973047154320136 0.23999999999999999
0.16 -2.7557035262541376 0.23999999999999999
0.20000000000000001 -2.7558555771869386 0.23999999999999999
0.23999999999999999 -2.8382558275369489 0.23999999999999999
0.23999999999999999 -2.7972488495954226 0.23999999999999999
0.23999999999999999 -2.7559140436944971 0.23999999999999999
0.16 -2.7138542433578672 0.23999999999999999
0.16 -2.6719243438456588 0.23999999999999999
0.20000000000000001 -2.7141846040357454 0.23999999999999999
0.20000000000000001 -2.6724414650597033 0.23999999999999999
0.16 -2.6300245691173609 0.23999999999999999
0.20000000000000001 -2.6307280541995124 0.23999999999999999
0.23999999999999999 -2.7143684888071178 0.23999999999999999
0.23999999999999999 -2.672757027872195 0.23999999999999999
0.23999999999999999 -2.6311766175480966 0.23999999999999999
0.28000000000000003 -2.8380663312262997 0.23999999999999999
0.28000000000000003 -2.7971310091047221 0.23999999999999999
0.28000000000000003 -2.7558755299809832 0.23999999999999999
0.32000000000000001 -2.837749979638831 0.23999999999999999
0.32000000000000001 -2.7968775251696276 0.23999999999999999
0.32000000000000001 -2.7556801275001792 0.23999999999999999
0.28000000000000003 -2.7144158828091771 0.23999999999999999
0.28000000000000003 -2.6728958748623657 0.23999999999999999
0.28000000000000003 -2.6314101432533112 0.23999999999999999
0.32000000000000001 -2.71428322727792 0.23999999999999999
0.32000000000000001 -2.6728336745432775 0.23999999999999999
0.32000000000000001 -2.6314239526929883 0.23999999999999999
0.16 -2.9198124881653325 0.28000000000000003
0.16 -2.879109033285248 0.28000000000000003
0.20000000000000001 -2.9196336475086073 0.28000000000000003
0.20000000000000001 -2.8789931854899815 0.28000000000000003
0.23999999999999999 -2.9194659988515852 0.28000000000000003
0.23999999999999999 -2.8788670186248058 0.28000000000000003
0.28000000000000003 -2.9191770050851757 0.28000000000000003
0.28000000000000003 -2.8786296156409037 0.28000000000000003
0.32000000000000001 -2.9187129161131184 0.28000000000000003
0.32000000000000001 -2.8782244679018048 0.28000000000000003
0.16 -2.8382439235878385 0.28000000000000003
0.16 -2.7970242087620734 0.28000000000000003
0.20000000000000001 -2.8382185228226708 0.28000000000000003
0.20000000000000001 -2.7971242831145724 0.28000000000000003
0.16 -2.755428821085149 0.28000000000000003
0.20000000000000001 -2.7556859538544916 0.28000000000000003
0.23999999999999999 -2.8381561962518407 0.28000000000000003
0.23999999999999999 -2.797149137411604 0.28000000000000003
0.23999999999999999 -2.7558197251754541 0.28000000000000003
0.16 -2.7135905311858703 0.28000000000000003
0.16 -2.6716709684971174 0.28000000000000003
0.20000000000000001 -2.7140253514292261 0.28000000000000003
0.20000000000000001 -2.6722927381554 0.28000000000000003
0.16 -2.6297811122199062 0.28000000000000003
0.20000000000000001 -2.6305888851153529 0.28000000000000003
0.23999999999999999 -2.7142818123618402 0.28000000000000003
0.23999999999999999 -2.6726800942175046 0.28000000000000003
0.23999999999999999 -2.6311092922699744 0.28000000000000003
0.28000000000000003 -2.8379790044014319 0.28000000000000003
0.28000000000000003 -2.7970372466111937 0.28000000000000003
0.28000000000000003 -2.7557811947313877 0.28000000000000003
0.32000000000000001 -2.8376452880204339 0.28000000000000003
0.32000000000000001 -2.7967627055417523 0.28000000000000003
0.32000000000000001 -2.7555603068289578 0.28000000000000003
0.28000000000000003 -2.7143252909084032 0.28000000000000003
0.28000000000000003 -2.6728134727288064 0.28000000000000003
0.28000000000000003 -2.6313374898406101 0.28000000000000003
0.32000000000000001 -2.7141634945788611 0.28000000000000003
0.32000000000000001 -2.6727201593067242 0.28000000000000003
0.32000000000000001 -2.6313198117693566 0.28000000000000003
0.16 -2.5882578621116257 0.23999999999999999
0.16 -2.546742610664622 0.23999999999999999
0.20000000000000001 -2.5891378748813954 0.23999999999999999
0.20000000000000001 -2.5477772707935951 0.23999999999999999
0.16 -2.5055807157277195 0.23999999999999999
0.20000000000000001 -2.5067379688882001 0.23999999999999999
0.23999999999999999 -2.5897140059752912 0.23999999999999999
0.23999999999999999 -2.5484653252790981 0.23999999999999999
0.23999999999999999 -2.5075140233826114 0.23999999999999999
0.16 -2.4647981761173035 0.23999999999999999
0.16 -2.4243653418446232 0.23999999999999999
0.20000000000000001 -2.4660457014370656 0.23999999999999999
0.20000000000000001 -2.4256822441583434 0.23999999999999999
0.23999999999999999 -2.46688867969343 0.23999999999999999
0.23999999999999999 -2.4265851539899606 0.23999999999999999
0.28000000000000003 -2.5900406005835661 0.23999999999999999
0.28000000000000003 -2.5488761057319183 0.23999999999999999
0.28000000000000003 -2.5079944997482353 0.23999999999999999
0.32000000000000001 -2.5901327746344553 0.23999999999999999
0.32000000000000001 -2.5490458990983957 0.23999999999999999
0.32000000000000001 -2.5082408601799893 0.23999999999999999
0.28000000000000003 -2.467429550811763 0.23999999999999999
0.28000000000000003 -2.427198645925948 0.23999999999999999
0.32000000000000001 -2.4677614092074518 0.23999999999999999
0.32000000000000001 -2.4276606676689623 0.23999999999999999
0.16 -2.5880222337624219 0.28000000000000003
0.16 -2.5465095214399582 0.28000000000000003
0.20000000000000001 -2.5890049804815285 0.28000000000000003
0.20000000000000001 -2.5476457787422282 0.28000000000000003
0.16 -2.5053394990094739 0.28000000000000003
0.20000000000000001 -2.5066005835790937 0.28000000000000003
0.23999999999999999 -2.5896529730550872 0.28000000000000003
0.23999999999999999 -2.5484068759111809 0.28000000000000003
0.23999999999999999 -2.5074543971184542 0.28000000000000003
0.16 -2.4645362823836701 0.28000000000000003
0.16 -2.4240712565047184 0.28000000000000003
0.20000000000000001 -2.4658964405420107 0.28000000000000003
0.20000000000000001 -2.4255205750528095 0.28000000000000003
0.23999999999999999 -2.4668279052290414 0.28000000000000003
0.23999999999999999 -2.4265320684105283 0.28000000000000003
0.28000000000000003 -2.5899753374103396 0.28000000000000003
0.28000000000000003 -2.5488156353186193 0.28000000000000003
0.28000000000000003 -2.5079363504990799 0.28000000000000003
0.32000000000000001 -2.5900367628489214 0.28000000000000003
0.32000000000000001 -2.5489565830728012 0.28000000000000003
0.32000000000000001 -2.5081567645889695 0.28000000000000003
0.28000000000000003 -2.467374537296771 0.28000000000000003
0.28000000000000003 -2.4271547541218093 0.28000000000000003
0.32000000000000001 -2.4676826601504196 0.28000000000000003
0.32000000000000001 -2.4275907041455538 0.28000000000000003
0.16 -2.9199429326456885 0.32000000000000001
0.16 -2.8791659415237825 0.32000000000000001
0.20000000000000001 -2.919859660240324 0.32000000000000001
0.20000000000000001 -2.8791400179503919 0.32000000000000001
0.23999999999999999 -2.9197323486385365 0.32000000000000001
0.23999999999999999 -2.8790464673201681 0.32000000000000001
0.28000000000000003 -2.9194883102101228 0.32000000000000001
0.28000000000000003 -2.878835722256452 0.32000000000000001
0.32000000000000001 -2.9190978370845375 0.32000000000000001
0.32000000000000001 -2.878478716974318 0.32000000000000001
0.16 -2.8382536951673289 0.32000000000000001
0.16 -2.7969920870824061 0.32000000000000001
0.20000000000000001 -2.8383096079994692 0.32000000000000001
0.20000000000000001 -2.7971643107132707 0.32000000000000001
0.16 -2.7553517638588629 0.32000000000000001
0.20000000000000001 -2.7556741077519473 0.32000000000000001
0.23999999999999999 -2.8382677894341466 0.32000000000000001
0.23999999999999999 -2.7971962107035737 0.32000000000000001
0.23999999999999999 -2.7558032760086348 0.32000000000000001
0.16 -2.7134622470563663 0.32000000000000001
0.16 -2.6714874935350306 0.32000000000000001
0.20000000000000001 -2.7139590029330316 0.32000000000000001
0.20000000000000001 -2.6721707745464878 0.32000000000000001
0.16 -2.6295409160968877 0.32000000000000001
0.20000000000000001 -2.6304095537578518 0.32000000000000001
0.23999999999999999 -2.7142038350933135 0.32000000000000001
0.23999999999999999 -2.6725444072167424 0.32000000000000001
0.23999999999999999 -2.6309168511921759 0.32000000000000001
0.28000000000000003 -2.838102267835636 0.32000000000000001
0.28000000000000003 -2.7970803561251816 0.32000000000000001
0.28000000000000003 -2.7557464572587609 0.32000000000000001
0.32000000000000001 -2.8377982707295053 0.32000000000000001
0.32000000000000001 -2.796818311939294 0.32000000000000001
0.32000000000000001 -2.7555211832770969 0.32000000000000001
0.28000000000000003 -2.7142191049608639 0.32000000000000001
0.28000000000000003 -2.6726449903632097 0.32000000000000001
0.28000000000000003 -2.6311115933602882 0.32000000000000001
0.32000000000000001 -2.7140394214826538 0.32000000000000001
0.32000000000000001 -2.6725253521876091 0.32000000000000001
0.32000000000000001 -2.6310632274564876 0.32000000000000001
0.16 -2.9207043262727539 0.35999999999999999
0.16 -2.8797136526686695 0.35999999999999999
0.20000000000000001 -2.9207187763586395 0.35999999999999999
0.20000000000000001 -2.8797621593373064 0.35999999999999999
0.23999999999999999 -2.9205954980985314 0.35999999999999999
0.23999999999999999 -2.8796545139577301 0.35999999999999999
0.28000000000000003 -2.9203789965459133 0.35999999999999999
0.28000000000000003 -2.8794361157249213 0.35999999999999999
0.32000000000000001 -2.9202461728491418 0.35999999999999999
0.32000000000000001 -2.8792555368042456 0.35999999999999999
0.16 -2.838658791588736 0.35999999999999999
0.16 -2.7972661218368597 0.35999999999999999
0.20000000000000001 -2.8387702453637447 0.35999999999999999
0.20000000000000001 -2.7974746141697993 0.35999999999999999
0.16 -2.755484342516306 0.35999999999999999
0.20000000000000001 -2.7558270628330441 0.35999999999999999
0.23999999999999999 -2.8386902136012395 0.35999999999999999
0.23999999999999999 -2.7974381450466987 0.35999999999999999
0.23999999999999999 -2.755858841401289 0.35999999999999999
0.16 -2.7134382693257355 0.35999999999999999
0.20000000000000001 -2.7139479899120316 0.35999999999999999
0.20000000000000001 -2.6719908178735112 0.35999999999999999
0.16 -2.6712959197280153 0.35999999999999999
0.16 -2.6291771344706794 0.35999999999999999
0.20000000000000001 -2.6300554640428921 0.35999999999999999
0.23999999999999999 -2.7140761577058061 0.35999999999999999
0.23999999999999999 -2.6722419057930429 0.35999999999999999
0.23999999999999999 -2.63044196778629 0.35999999999999999
0.28000000000000003 -2.8384806143074415 0.35999999999999999
0.28000000000000003 -2.7972358300926659 0.35999999999999999
0.28000000000000003 -2.7556726353497547 0.35999999999999999
0.32000000000000001 -2.8382849843306475 0.35999999999999999
0.32000000000000001 -2.7970216469798204 0.35999999999999999
0.32000000000000001 -2.7554326512093805 0.35999999999999999
0.28000000000000003 -2.7139297279981469 0.35999999999999999
0.28000000000000003 -2.6721646460135702 0.35999999999999999
0.28000000000000003 -2.6304542189994673 0.35999999999999999
0.32000000000000001 -2.713680351062064 0.35999999999999999
0.32000000000000001 -2.6719356710002953 0.35999999999999999
0.32000000000000001 -2.6302686461150846 0.35999999999999999
0.16 -2.5877251344637098 0.32000000000000001
0.16 -2.5461565390545937 0.32000000000000001
0.20000000000000001 -2.5887658476313842 0.32000000000000001
0.20000000000000001 -2.5473466848364259 0.32000000000000001
0.16 -2.5049302395080963 0.32000000000000001
0.20000000000000001 -2.5062432764668943 0.32000000000000001
0.23999999999999999 -2.5894016032426803 0.32000000000000001
0.23999999999999999 -2.5480966701371108 0.32000000000000001
0.23999999999999999 -2.5070878332647104 0.32000000000000001
0.16 -2.4640710203708101 0.32000000000000001
0.16 -2.4235470549399123 0.32000000000000001
0.20000000000000001 -2.4654864387443443 0.32000000000000001
0.20000000000000001 -2.4250616750923406 0.32000000000000001
0.23999999999999999 -2.4664110545819216 0.32000000000000001
0.23999999999999999 -2.4260661986714744 0.32000000000000001
0.28000000000000003 -2.5896918347790163 0.32000000000000001
0.28000000000000003 -2.5484758219880579 0.32000000000000001
0.28000000000000003 -2.507543858240675 0.32000000000000001
0.32000000000000001 -2.5897201958039844 0.32000000000000001
0.32000000000000001 -2.5485827466575319 0.32000000000000001
0.32000000000000001 -2.5077307290724034 0.32000000000000001
0.28000000000000003 -2.4669348139856169 0.32000000000000001
0.28000000000000003 -2.4266618055090148 0.32000000000000001
0.32000000000000001 -2.4672070730601185 0.32000000000000001
0.32000000000000001 -2.4270435725126975 0.32000000000000001
0.16 -2.5871896217885113 0.35999999999999999
0.20000000000000001 -2.588231504251135 0.35999999999999999
0.20000000000000001 -2.5466322469493616 0.35999999999999999
0.16 -2.5454547279891733 0.35999999999999999
0.16 -2.5040614072658736 0.35999999999999999
0.20000000000000001 -2.5053482427431337 0.35999999999999999
0.23999999999999999 -2.5887482004524918 0.35999999999999999
0.23999999999999999 -2.5472601319608414 0.35999999999999999
0.23999999999999999 -2.5060627442391845 0.35999999999999999
0.16 -2.4630015380895691 0.35999999999999999
0.16 -2.4221573606256555 0.35999999999999999
0.20000000000000001 -2.4643798135237032 0.35999999999999999
0.20000000000000001 -2.423618026663148 0.35999999999999999
0.23999999999999999 -2.4651595958140486 0.35999999999999999
0.23999999999999999 -2.4244419831663548 0.35999999999999999
0.28000000000000003 -2.588854963275907 0.35999999999999999
0.28000000000000003 -2.5474530243094784 0.35999999999999999
0.28000000000000003 -2.5063220484354511 0.35999999999999999
0.32000000000000001 -2.5887233213125453 0.35999999999999999
0.32000000000000001 -2.5473776143483731 0.35999999999999999
0.32000000000000001 -2.5062952848286204 0.35999999999999999
0.28000000000000003 -2.4654578692083144 0.35999999999999999
0.28000000000000003 -2.4247382344924975 0.35999999999999999
0.32000000000000001 -2.4654513715824709 0.35999999999999999
0.32000000000000001 -2.4247011075948572 0.35999999999999999
0.49182003562028842 0.64000000000000001 0.26089300545165328
0.33623810195298665 0.24900907834014985 -0.040000000000000001
-0.040000000000000001 0.54469218529285723 0.39677275683397684
-0.040000000000000001 0.011266098865829721 0.059721588993325692
0.26836876479533756 0.46138189989946349 -0.040000000000000001
1.04 0.15964818328895758 0.098775521922058879
0.77733967547228722 0.012928496770414032 0.44
0.89231729063953225 0.12479180722875327 -0.040000000000000001
0.76744305157094461 0.32469916807353355 0.44
1.04 0.1796319929177298 0.037505748879774897
0.68041443125244339 0.55433064847955771 -0.040000000000000001
-0.040000000000000001 0.23708403913395057 0.18027251580145565
0.76609811173663478 0.64000000000000001 0.17684459894829774
-0.040000000000000001 0.16734210876871605 0.20594227560888814
0.73768282393674589 0.35540370435659319 -0.040000000000000001
-0.040000000000000001 0.57180279007200541 0.37050957607402341
0.90869847292548556 0.64000000000000001 0.22909258246460662
0.4870476851626736 0.095815311232761435 0.44
0.16415331398500632 0.59963202185232023 0.44
0.85440265993231856 -0.040000000000000001 0.30589537531894434
-0.040000000000000001 0.083863526659370885 0.30584805222920686
0.26157627010815865 -0.040000000000000001 0.26878366130296916
0.13964579358228291 0.64000000000000001 0.15523221170222043
0.40014276762529266 0.64000000000000001 0.39393312161224908
0.80225942905706216 0.42377929972512374 0.44
0.40136983048526376 0.30607125286378878 0.44
1.04 0.2806035906151762 0.21304980083628938
1.04 0.44723639432813111 0.18161769117967827
0.63314356453420007 0.64000000000000001 0.3971892745740957
0.23718901871649911 0.64000000000000001 0.3844117242166798
0.15477817030461738 0.64000000000000001 0.32668455585292216
0.52641233391779163 0.47463169038612563 0.44
-0.040000000000000001 0.36162093085463065 0.19566364137817227
0.65180402308376761 0.57987882663049994 -0.040000000000000001
0.11102368562823584 0.086747391026711557 0.44
0.47214155504293553 -0.040000000000000001 0.300636341239575
0.93444693957693648 0.64000000000000001 0.25548728766472911
1.04 0.2490094749335241 0.17743750015093929
0.40582154417959104 0.58467016299680752 0.44
0.89782697398309774 0.31828275771697295 0.44
0.13995947244457119 0.25564852139806943 0.44
0.88974734886365936 0.089298785693284768 0.44
0.17336420624808002 0.3501644395231801 0.44
0.24483161818746979 0.28408961186884812 0.44
0.74705728299757446 0.64000000000000001 0.25105926097417247
0.78698984553095686 0.07647573082371284 -0.040000000000000001
0.11769803576672733 0.64000000000000001 0.31089064161943158
0.68955863654431127 -0.040000000000000001 0.036601889360335309
0.58218406004717183 0.64000000000000001 0.22069257157759417
0.40629524354800817 0.40384305635618445 -0.040000000000000001
0.20336733554690989 0.20244220894081155 -0.040000000000000001
0.96606544647619508 0.64000000000000001 0.098121446971290063
0.070203222797038611 -0.040000000000000001 0.32631906755679274
0.10306035801007285 0.20069997714233903 0.44
-0.040000000000000001 0.48701087627184869 0.045627408843417164
0.94821011546012735 -0.040000000000000001 0.036674322978906049
0.95605456970980252 0.25387767178483561 -0.040000000000000001
0.2240616510663993 0.058472038623147427 -0.040000000000000001
0.93662237221951095 -0.040000000000000001 0.019197041772056524
0.35704315537784104 0.22098201308559556 -0.040000000000000001
0.28902673185210592 -0.040000000000000001 0.1079311906598389
0.65127101860988934 0.014818330119134981 0.44
0.0086362091653011674 0.19061237541134807 0.44
0.46768957770900832 0.64000000000000001 0.25521933621016168
0.52414344382388478 0.26782867049217174 -0.040000000000000001
1.04 0.096015150442311348 0.020433947193319257
0.084123464301966044 0.41410896774744588 0.44
0.0080746747485728187 -0.040000000000000001 0.2684188296569695
0.084544539903326332 0.64000000000000001 0.061811198909380416
1.04 0.0093822913620263959 0.33119871870872142
0.44913365997283206 -0.040000000000000001 0.22391318372264191
0.89045733903039992 -0.040000000000000001 0.089560833578798016
0.51045482975792744 -0.040000000000000001 0.33203759789437226
0.3866112575798637 0.14275740009534649 0.44
1.04 0.23880093673717817 0.24747684469513517
1.04 0.32551518667041329 0.0036608321210467756
0.26972137370945304 -0.040000000000000001 0.39811190143518971
0.885679012265012 0.34707629009866586 -0.040000000000000001
0.30874768029575728 -0.040000000000000001 0.36343018713353559
0.94970648236296173 0.30558255940359225 0.44
0.85861455571838663 0.28118151832474819 -0.040000000000000001
0.66071726097588335 0.44072210419465513 -0.040000000000000001
0.43031875012027543 0.51053224976255784 -0.040000000000000001
1.04 0.14156318414173574 0.26386918298511092
0.054867959518374754 -0.040000000000000001 0.36569756301747586
0.66568445101720641 0.49295629140012198 -0.040000000000000001
1.04 0.043933983782602826 0.32074418727982779
-0.040000000000000001 0.40164727356127711 0.33799147807726904
0.88423121032387086 0.64000000000000001 0.11776122401188856
1.04 0.38842451421047008 0.35613515889649827
1.04 0.16705653782233909 0.32646458830495029
-0.040000000000000001 0.39735053644593643 0.12677716736707062
1.04 0.53313853992357141 0.36630239213744986
0.68443898148035087 0.64000000000000001 0.22961558556033906
0.7915053732621572 0.15552635721544272 -0.040000000000000001
0.37922993004323924 -0.040000000000000001 0.3712844703709321
0.62081772252775136 0.21972920950282654 -0.040000000000000001
0.72124517325870974 0.20666416998497411 -0.040000000000000001
1.04 0.20851716211294336 0.18112209804912496
0.24818818589472003 0.27394712372588303 -0.040000000000000001
0.63713185292088093 0.24984907772073275 0.44
0.93947454673148056 -0.040000000000000001 0.25886637457073636
1.04 0.32195725477002135 0.16405958484738159
-0.040000000000000001 0.35882312392285043 0.27447968673210388
0.83387719924716719 0.10113002866797771 -0.040000000000000001
0.52189473860772762 0.19688765508724779 0.44
-0.040000000000000001 0.016474249938040409 0.34124938254991477
-0.040000000000000001 0.0029560129853462456 0.095298838357622484
0.94798645130982628 0.37608706921082236 -0.040000000000000001
0.42178387835039755 0.041732528151633107 0.44
1.04 0.28160321159930796 0.044456257443146942
0.10316106678191272 -0.040000000000000001 0.15872672259448384
0.57550423048734289 0.64000000000000001 0.09970923502657808
0.18356449070428205 -0.040000000000000001 0.025610712267498937
0.27934758129249138 0.57610250186086609 0.44
0.27672830139940796 -0.040000000000000001 0.33654477664843535
1.04 0.45705250873951248 0.35175862528565038
0.2280902522021464 0.13139605116603417 0.44
0.17456506810729044 0.15268784287509396 -0.040000000000000001
0.062467078863142178 0.22741155998385798 -0.040000000000000001
0.44675946305200587 0.64000000000000001 0.007346284210543264
0.41528900269412639 0.29956240221960562 -0.040000000000000001
0.33088568789377593 -0.040000000000000001 0.032827986940646883
0.0041198281943078952 0.15849544592684672 -0.040000000000000001
0.73717429602807272 0.2211342996903142 0.44
0.97762860127456674 0.57062577727655173 0.44
0.98213364759236532 0.22382137680168757 -0.040000000000000001
0.6874409140702451 0.22920155605308279 0.44
0.080341994872850098 0.081880928946512332 -0.040000000000000001
0.57185923249731729 0.38951734706807317 0.44
0.11074127892211449 0.5863017378488794 -0.040000000000000001
0.49207843198311574 0.64000000000000001 0.38779616100393566
1.04 0.35650771787737967 0.2033696844380693
0.14369255166394368 0.2796881361133704 0.44
0.81569889711152821 0.21136653404536454 0.44
0.67148749287407383 0.027131355652549493 0.44
0.23873197225126963 0.64000000000000001 0.025130475618754523
-0.040000000000000001 0.51137872360649961 0.26029894160410633
0.37391837824376251 0.22860377426770917 0.44
1.04 0.45211965641761387 0.034929743702666993
-0.040000000000000001 0.056771904441353625 0.12617255141062433
0.68632145656949828 0.64000000000000001 0.20328532775737573
0.17874257240087899 0.21530812467427068 0.44
0.83773380003524778 0.64000000000000001 0.018398916874403693
-0.040000000000000001 0.26099572721159525 0.33311013162349723
0.3249856908149964 0.39325927648427284 0.44
0.13683620594658719 -0.040000000000000001 0.15691740588553116
0.043223172871226123 0.64000000000000001 0.32313253106214873
0.25655143855833396 0.024098022309083755 -0.040000000000000001
0.54249558658455421 0.4182762626592631 -0.040000000000000001
1.04 0.31250989011565089 0.11734649753301905
0.42422173081607384 -0.040000000000000001 0.078672168397860273
0.72269382319744069 0.64000000000000001 0.26551758028105593
0.47485019025949926 -0.040000000000000001 0.15798947648846773
0.83373096006407754 -0.040000000000000001 0.1749301420872692
0.44933068463670423 -0.040000000000000001 0.29091398106945376
1.04 0.34007101077109864 0.34692034719873371
0.5496507390804779 0.59497860203921737 -0.040000000000000001
0.098818123610171171 0.57023726806736308 0.44
0.56992039088243385 0.03916613620771614 -0.040000000000000001
0.55283998731729134 0.64000000000000001 0.062900586094738739
0.99523955710085243 0.64000000000000001 0.19919478420427039
0.30249978369252195 0.34215294535738883 0.44
1.04 0.4153788860790783 0.21106629729634388
0.26429476517189865 0.17714475297749577 0.44
0.19923613832933318 0.1335648646440325 -0.040000000000000001
0.60236290380447977 0.64000000000000001 0.10821339635893774
0.9032266093881085 0.44485334822613337 -0.040000000000000001
0.1803932451158643 0.64000000000000001 0.29820770948436159
1.04 0.50360999379457161 0.088490287716220029
1.04 0.34301845625378541 0.068640872448007387
0.7535901442281856 0.58457671117080356 -0.040000000000000001
0.94484419278147525 0.64000000000000001 0.3539547783724169
0.15790537898344004 0.17143393361127707 -0.040000000000000001
-0.040000000000000001 0.27872593604116574 0.17343557729333978
0.21764153820011978 0.64000000000000001 0.1140455538457289
0.99174489294793455 0.066316079644002546 -0.040000000000000001
-0.040000000000000001 0.59240643931965364 0.39132701051043295
0.29620757236084005 0.45424367183502956 0.44
1.04 0.098985216955216671 0.21818858092472324
0.94943080477311059 0.13229854217444234 0.44
0.97230937104426252 0.10594019734115734 0.44
0.12555747591095101 0.0087670113233840885 -0.040000000000000001
0.75022534117663553 0.16767633172959776 0.44
0.94242508998214092 0.2326832762413521 0.44
0.65254955220601485 -0.040000000000000001 0.12383075055686805
1.04 0.20474505198633608 0.30637907456754188
-0.040000000000000001 0.16927287231024613 0.26914567755552543
0.99133550629723055 0.33192360037824181 -0.040000000000000001
1.04 0.56378035686391637 0.12720892545231849
0.57520932688201298 0.18455199400321587 0.44
0.22769122278762266 0.53449368597875146 0.44
0.10550520156020027 0.16008853413752239 -0.040000000000000001
0.5723179079542482 0.64000000000000001 0.25780254532199276
0.21916604161578568 0.033750753033691461 -0.040000000000000001
0.84264534193271823 0.10859517300768397 0.44
0.66062453087045059 0.22034152856056183 0.44
1.04 0.53881854105802351 0.29508467718575659
0.012427496466847598 -0.040000000000000001 0.36056158636589852
0.99161348489528645 -0.040000000000000001 0.25959536891190516
0.53300512298413427 0.50590739554120712 -0.040000000000000001
-0.040000000000000001 0.23147175977645279 0.037265057044280472
0.36017375461270229 0.32809647002933545 0.44
0.24692800676744897 -0.040000000000000001 0.11799514648807637
0.95514471391726752 0.16782601821114201 -0.040000000000000001
0.50698607415975061 -0.040000000000000001 0.069256249664122693
0.53346330320741231 0.57841036972818904 0.44
0.89499034332520799 0.64000000000000001 0.1751624021018553
1.04 0.12183456619060246 0.11152513952041626
0.25072863023101055 0.52688369203481422 -0.040000000000000001
1.04 0.0042193267626321473 0.018825710471595737
0.0061600322792020323 -0.040000000000000001 0.08706914355550853
0.63005046948348153 -0.040000000000000001 0.13456454197374801
0.53118140231174504 -0.040000000000000001 0.012365681232348403
0.40313706679484285 0.64000000000000001 0.032632572897670853
0.022718933780937256 0.64000000000000001 0.024016503024949287
0.91790610546896578 -0.040000000000000001 0.11180417959988437
-0.040000000000000001 0.42151974498840955 0.031154840439613321
0.10376352974139824 0.64000000000000001 0.14656628172331021
0.34662089860548262 0.36539425258650182 0.44
0.93246826518349069 0.41325168690169356 -0.040000000000000001
0.4947289217092119 -0.040000000000000001 0.26337276772901863
0.2776297710640413 0.099685379253012171 0.44
0.80715440453067744 0.53594228316847381 -0.040000000000000001
0.049086610721814194 -0.040000000000000001 0.34578138475499276
0.91458711397023651 0.35471516262928343 0.44
0.91636336388518536 0.04045593558863092 -0.040000000000000001
0.71441297895052047 -0.040000000000000001 0.30286701441666525
1.04 0.45320156732319428 0.10082813931232598
0.72595608865342165 -0.040000000000000001 0.18603939218939322
0.69192354540403844 0.40186861961945719 -0.040000000000000001
0.64870333056262064 0.118921226644911 0.44
0.16569354012449022 0.64000000000000001 0.17035831835087409
1.04 0.35024217557695392 0.15073531225372958
0.30546678025143204 -0.040000000000000001 0.086448197125389162
0.83963765908452281 0.64000000000000001 0.28878876962838324
0.058238214787464937 0.42369888676656836 0.44
0.13901450814177729 0.13092321155570233 0.44
1.04 0.30947739952846459 0.23875862563697173
0.53535392408702442 0.57860929240298331 -0.040000000000000001
0.35009677538163819 -0.040000000000000001 0.26471121540768361
0.83825903247708089 -0.040000000000000001 0.21175095175604006
0.72025300617903043 0.64000000000000001 0.064927457459257765
0.36478742035830258 0.5022626985458668 -0.040000000000000001
0.5815286119046521 0.48035081789793826 -0.040000000000000001
0.49716008592188543 0.44846268297186387 -0.040000000000000001
0.63930080303584824 0.45010053022754459 0.44
0.38252904965642753 0.52327775366351637 -0.040000000000000001
0.094662996097748975 0.33748237828211036 -0.040000000000000001
0.18661772157622847 0.55889398271953039 0.44
0.36144009058668192 0.51377801046201654 0.44
0.033907747642783037 0.0098247019243226097 0.44
0.45908294097829871 -0.040000000000000001 0.0053870159705520677
0.43164437452278226 0.41612318202019094 0.44
0.8694373989183013 0.26093547986619903 -0.040000000000000001
0.89266437619666872 0.64000000000000001 0.020975585969072966
-0.040000000000000001 0.15847364673941916 0.051547682620400485
0.78509831000727781 0.2058963563769422 -0.040000000000000001
0.92534213601010606 0.13147601898210548 -0.040000000000000001
1.04 0.58129080382569276 0.24828825960418086
0.99857572344165368 0.64000000000000001 0.053215856059621737
0.99471105692372741 -0.040000000000000001 0.20716575038450041
1.04 0.33066792282366236 0.22481327601657594
0.71668971290675054 0.55554511113285254 -0.040000000000000001
1.04 0.010332429385969899 0.36928677313092528
0.3928898542518362 -0.040000000000000001 0.25130622953307646
0.69671266923768227 0.64000000000000001 0.07018988284081891
0.22047611616578855 0.64000000000000001 0.13807894291165845
0.69413913381076919 0.18161026936402336 -0.040000000000000001
0.43599288537647485 0.53466442653969992 -0.040000000000000001
0.70455820657957924 0.11014107143146554 0.44
0.36163715425171894 -0.040000000000000001 0.055855504339014456
0.089011669898924617 0.49057428692490757 0.44
0.51544298450947423 -0.040000000000000001 0.221788848173745
0.58378766098571433 -0.040000000000000001 0.17375115651573655
0.6009016825939314 -0.040000000000000001 0.28153591385183319
0.55762501083934357 0.0063226529703886755 0.44
0.15266385122894088 -0.040000000000000001 0.22375303766759874
1.04 0.037879678173991849 0.36554360668998281
0.96393955897844452 0.64000000000000001 0.39092932907175082
0.59726684646286632 0.063686281510401538 0.44
-0.040000000000000001 0.20177846676655908 0.32804821223768199
0.13946544077145073 0.011890863253287009 0.44
0.90234260832975344 0.64000000000000001 0.26828546212211984
0.46933997571460373 0.17506055091093997 0.44
0.95534207474619326 0.58182410550803287 -0.040000000000000001
1.04 0.42245835481753091 0.36103349937966878
0.31192436485380981 0.51070266058336489 0.44
-0.040000000000000001 0.41362972252854779 0.14239361824657168
0.04749685619740418 0.277249051299085 0.44
0.90311558382513135 0.40972990577932045 -0.040000000000000001
0.94599868730150105 -0.040000000000000001 0.15308276934710474
0.93401885284798669 0.25419184023363789 0.44
0.021366198104945777 -0.040000000000000001 0.38192877032625816
0.8321689144992791 0.062204695079538519 -0.040000000000000001
0.22554380441167265 0.25643122840967736 -0.040000000000000001
0.61133482095374558 0.64000000000000001 0.069224984376081933
0.59805054439625349 0.35141367610603086 0.44
0.89287023600370719 -0.040000000000000001 0.2203148255172053
0.96438974571359359 0.64000000000000001 0.035621314980060735
0.51712169436239586 -0.040000000000000001 0.12452297226714114
0.35711979646696967 0.64000000000000001 0.32318943320532595
-0.040000000000000001 0.35403421895728016 0.012807440896118294
0.37305363143122272 0.64000000000000001 0.17983124979636536
0.29291962819764905 0.38981343679410363 0.44
0.033196156183259107 0.58371634152848217 0.44
0.59866188242789165 0.14226532175839318 -0.040000000000000001
-0.040000000000000001 0.40363467612882103 0.29212157516024273
-0.040000000000000001 0.16866733370265763 0.076588618521331503
0.76873802408567105 0.64000000000000001 0.22305477819815656
0.76104843277643042 0.25254829741088092 -0.040000000000000001
0.68248984393126444 0.36394147920055347 0.44
0.09283990438338019 0.35939025850339634 -0.040000000000000001
0.45473390072010755 0.11838244582188244 0.44
-0.040000000000000001 0.2534421101886466 0.25647901035218124
0.59200786016407847 0.36817803229310275 -0.040000000000000001
0.67286675780781313 0.34427153681811373 -0.040000000000000001
0.24031482795042769 0.64000000000000001 0.21166882896246794
0.58934371501932636 0.0067753232036541263 0.44
0.17955342448661271 -0.040000000000000001 0.090000397354622674
0.16062060469799933 0.34964776427930749 -0.040000000000000001
0.49949801111715386 0.073804287594674292 0.44
0.46551460344090934 0.54306091013350066 0.44
1.04 0.49705327320410347 0.048675216803010679
0.92205956179488835 0.3848152528765752 0.44
0.1418979048018072 0.64000000000000001 0.060083874715121943
-0.040000000000000001 0.35849814663031421 0.16230142766166245
0.015115803581189358 0.2444711357461968 0.44
0.23658467271381545 0.46665765880241139 -0.040000000000000001
0.90279193241701861 0.64000000000000001 0.14821343364037773
0.17205224972023336 0.32075947843653863 -0.040000000000000001
0.47231242224867265 0.44364259528468908 -0.040000000000000001
0.77766709813582968 -0.040000000000000001 0.27692476482774186
0.10935425791277154 0.052311748474291986 -0.040000000000000001
-0.040000000000000001 0.25667753393955622 0.30805529683370936
0.99461279119549539 0.26003630635917091 0.44
0.40917077956598491 0.0067572298473433934 -0.040000000000000001
1.04 0.42239439082142755 0.14659529068274524
0.12820904830396274 -0.040000000000000001 0.11190059421238918
0.60962359688115497 0.53958336314056277 0.44
0.016448642874810182 0.13564679453074119 -0.040000000000000001
0.54039565297464809 0.3038527723346594 -0.040000000000000001
0.81494953879496757 0.42771198189547066 -0.040000000000000001
0.82362531436446929 -0.040000000000000001 0.054227739275919264
0.5554594989418572 0.33354134997001761 0.44
0.60969624861882832 0.19981738326644261 0.44
0.44694145846530642 -0.040000000000000001 0.31888907186626686
-0.040000000000000001 0.03928332288202134 0.15300576140407954
0.18551435517460313 0.10658657283548728 -0.040000000000000001
1.04 0.14811242705521854 0.18017999340093485
-0.040000000000000001 0.53149756891858257 0.21752328656052469
0.042304993797434243 0.64000000000000001 0.00015123395286016362
0.80095979319222654 0.28673794308329154 -0.040000000000000001
0.22297760760016605 0.39673681970245955 0.44
0.55409574444989129 -0.040000000000000001 0.29696933432267147
0.93230249128938136 0.64000000000000001 0.31997757630554907
0.15238918309350891 0.64000000000000001 0.23152328976824568
0.96676209257892642 0.039326748910925469 -0.040000000000000001
0.84684438565689302 0.64000000000000001 0.35132282306456408
0.64507658685798375 0.64000000000000001 0.032063290840528856
0.39336881490390552 0.29286415775417507 -0.040000000000000001
0.53020999689154069 0.55133893626580299 -0.040000000000000001
0.59693048630412004 -0.040000000000000001 0.054377654489282494
0.98071557785497943 -0.040000000000000001 0.28274306233412083
0.81534868035273678 0.050144918929384774 -0.040000000000000001
1.04 0.14407413285783671 0.032796712842454535
0.11704363236284221 -0.040000000000000001 0.28951779645254772
-0.040000000000000001 0.057234727649160107 0.21010037284203667
0.39092999068360301 0.44869740098486621 0.44
1.04 0.56434438847701773 0.34365702783273566
0.12727363891942911 0.32903785237754757 -0.040000000000000001
-0.040000000000000001 0.59249577357885475 0.031373327619431547
0.57841345288685464 0.42542934435718299 -0.040000000000000001
1.04 0.10760633888365939 0.35255814995488682
0.64176326812049056 0.039850722002939043 0.44
1.04 0.53296492664899731 0.14783623858938139
0.1675628448672386 0.64000000000000001 0.0012643376225266679
0.93160485240169566 0.16504752542743972 -0.040000000000000001
0.26529120109530779 0.64000000000000001 0.039568360133807892
0.34326102707971196 0.64000000000000001 0.20818298415581482
0.076294840905052341 0.22518600545013309 0.44
0.22876518211478047 0.39954337420209046 -0.040000000000000001
0.83671657067835981 0.34758446659759645 -0.040000000000000001
-0.040000000000000001 0.57028593098403946 0.037630977262387066
0.51769978131022187 0.2350461409275113 0.44
0.85476835662376449 0.23994444713688201 0.44
0.38832543027640787 0.64000000000000001 0.36986751622775199
0.94717393128813621 0.14492176400862933 -0.040000000000000001
0.23424636703476998 -0.040000000000000001 0.19072334651579778
0.51712300547739853 0.64000000000000001 0.33443018370190125
0.081721432951404216 0.069523958657830204 0.44
0.55162259900348332 0.027688023902267368 0.44
0.65185216853869399 0.64000000000000001 0.28653094168016296
0.2808274677249738 0.51892680481052345 -0.040000000000000001
0.76360017604695185 0.41657832407697626 0.44
0.68389749701290026 -0.040000000000000001 0.25726355256455702
0.013949826634577556 0.101745458360125 -0.040000000000000001
0.38126377525509736 0.13517983431991254 -0.040000000000000001
0.16425769579525473 0.64000000000000001 0.084088943497906521
0.17021470479547973 0.44980225300665089 -0.040000000000000001
1.04 0.28584285631616074 0.36960460753597141
0.337429281437161 0.64000000000000001 0.33126809326748441
0.53953685923140127 0.17189466424178579 0.44
0.46349627264015492 0.64000000000000001 0.11338219943627457
0.85275791708367366 -0.040000000000000001 0.27141096768356376
0.53723338946110122 -0.040000000000000001 0.33141716238106605
0.24596745344247495 0.04792393451789001 -0.040000000000000001
-0.040000000000000001 0.14552975412240715 0.020113787597333802
0.85780057180878 0.42085090358998356 -0.040000000000000001
0.69647716730671105 0.64000000000000001 0.1348388563382831
0.0096707676235617823 0.64000000000000001 0.12239462589849825
0.13779252808827758 0.43058491815698852 0.44
0.82481188793280247 0.069498715681370629 0.44
0.36351997447604012 0.13969960896613484 0.44
1.04 0.24106695279306034 0.084806279115025168
0.046922176180022257 0.54216309269022112 0.44
-0.040000000000000001 0.45920101283982906 0.08172062044053599
0.28485114862343053 0.64000000000000001 0.10141880129842794
0.97095797874307643 0.64000000000000001 0.37156609535726282
-0.040000000000000001 0.082208782830153551 0.15260446694622609
0.10475231537225937 0.12536034729588019 -0.040000000000000001
0.33531162379032664 0.64000000000000001 0.14600410458407859
0.35327653946318871 0.39895564817619067 -0.040000000000000001
0.85873315606372447 0.4653206947017855 0.44
0.084440281747188539 0.40679674388932596 -0.040000000000000001
0.90643220627308885 0.045966452231410826 0.44
0.90642175164299099 0.37075250090084366 -0.040000000000000001
0.29265426543739481 0.36790291322853802 -0.040000000000000001
0.24533020430240549 -0.040000000000000001 0.25370941176478456
0.54229295028670021 0.12129175859054275 -0.040000000000000001
0.38259020142545441 -0.040000000000000001 0.21085545884777945
0.87240478239991304 0.15973855276895904 -0.040000000000000001
0.51167716531474539 0.56701631434973498 -0.040000000000000001
0.64532745934571378 0.39589794134892814 0.44
0.1372363321351926 0.027214539618418909 -0.040000000000000001
0.058152578981267244 0.53992143149525629 -0.040000000000000001
0.086603381389404599 0.1565620816775426 0.44
0.66514973507753339 0.14963417937618217 0.44
0.76181515596885052 0.12553320634350926 0.44
0.06476367518459436 0.18719810172574636 0.44
0.071293249062208131 0.64000000000000001 0.21417880181991161
0.29601264106254255 0.64000000000000001 0.39081338389304521
0.92683847715946333 0.043857575824115737 0.44
0.067185951007242339 0.64000000000000001 0.38091044991943601
0.53314235602655913 0.36349708756020066 0.44
0.91845138137672444 0.13818888389040868 0.44
0.49709095743230047 0.22218220043850198 0.44
0.096891740670528193 0.24478941633166273 0.44
0.84991715206743423 0.023177958655910814 0.44
1.04 0.31539988021596338 0.36699889369693933
0.67656805958224198 -0.040000000000000001 0.16312815088258636
0.90929610553943307 0.64000000000000001 0.055131413822569676
0.3598899234783518 -0.040000000000000001 0.14513741583277714
0.75351432326704615 0.64000000000000001 0.28546512762880299
1.04 0.14550595495732022 0.22676614870187933
0.14976141474642413 0.23330727522276196 -0.040000000000000001
-0.040000000000000001 0.31945457927915566 0.24893161356876431
0.74861087953519467 0.64000000000000001 0.21668540809654388
1.04 0.48045258872838914 0.27628663400158365
0.984537746834525 0.35995895103785425 0.44
0.44783754607759108 0.2535317036564293 0.44
0.89526296203607758 0.64000000000000001 0.094469704085465844
0.064370364854142825 0.64000000000000001 0.17857807201768749
0.086180084503385657 0.28669212392123999 -0.040000000000000001
1.04 0.017534916022098002 0.063547873030049606
0.32249030082023133 -0.040000000000000001 0.39101448138606143
0.51869050974956854 0.26362864616999016 0.44
0.4515716152273237 0.14008437750614122 -0.040000000000000001
0.39098013012698007 0.34472054570785998 -0.040000000000000001
0.97874714892930648 0.20322780145884253 0.44
-0.040000000000000001 0.050521755904156369 0.23729901949907686
0.91306435323546864 -0.040000000000000001 0.3321214804954547
0.7106253602471283 0.44298503707667836 -0.040000000000000001
0.43940382988556115 0.38883626332659094 -0.040000000000000001
0.61917862695108661 -0.040000000000000001 0.34545940828090588
0.99671335425974994 0.44209433048148417 -0.040000000000000001
0.85689245906717371 0.64000000000000001 0.13648229189521999
-0.040000000000000001 0.59446504292674507 0.18433545961644582
0.27871262016262954 0.063402805957973318 -0.040000000000000001
0.72128836678093078 -0.040000000000000001 0.26808898438060169
0.46502902835232274 0.056186340648048547 0.44
0.71207482647939002 0.065059294018027347 -0.040000000000000001
0.86799868008691439 0.20827089235147428 -0.040000000000000001
0.3920449319554109 0.64000000000000001 0.081608226404761022
0.86072849431742937 0.56147010274833353 0.44
0.35340365097167625 0.080970360651157411 0.44
0.88152697950116987 0.43739044344153111 -0.040000000000000001
-0.040000000000000001 0.4486032006128351 0.00042314296303076483
0.21101524265729987 0.10560917043802365 -0.040000000000000001
0.39533002942500972 -0.040000000000000001 0.33566759724600004
0.57206333642134855 0.54958435339483092 0.44
0.24144897278188804 0.44872338799453332 0.44
0.40495595554909714 0.64000000000000001 0.29078341629340787
0.46600920231481202 0.22568112426990866 -0.040000000000000001
0.52319895665381622 0.64000000000000001 0.25232246401223601
0.38320241970306856 0.17883170822908553 0.44
0.8206708950277708 0.64000000000000001 0.35251447381316886
0.78896006131242247 0.64000000000000001 0.26867087331414857
-0.040000000000000001 0.41842921468330341 0.087682206873803376
-0.040000000000000001 0.59601633903082696 0.15685065400318404
0.34109218145013276 -0.040000000000000001 0.19260772978461974
0.066320967715879364 -0.040000000000000001 0.072105008995349704
-0.040000000000000001 0.24981346719943154 0.11831504456577951
0.85746307215599638 0.50462855998909928 -0.040000000000000001
-0.040000000000000001 0.28651646763510014 0.26256693501725026
0.74314354148210238 -0.040000000000000001 0.39986824406907584
0.31503272861265375 0.25631774834439847 -0.040000000000000001
0.39603029823095426 0.37959486532323988 0.44
0.33806965911291986 0.063368645746287866 -0.040000000000000001
0.067381997410033478 0.51860968471336621 -0.040000000000000001
1.04 0.18263712955295108 0.10194655600073754
0.52702212159858519 0.49868651260886532 0.44
0.4993634887886228 0.17107228134867425 0.44
0.096613691569853888 0.64000000000000001 0.3428711987386901
0.67414441426964899 0.64000000000000001 0.30465215286856528
0.89993149055649935 0.28098208732339369 0.44
0.91377425464579043 0.28376807538225274 -0.040000000000000001
0.63431682839642767 0.31740480787899628 0.44
-0.040000000000000001 0.30658616353935919 0.040377931218882779
0.92140493088701192 0.5811155769316485 0.44
1.04 0.30206614748947663 0.073263601927078842
0.42746557877193647 -0.040000000000000001 0.33006978938559445
0.46639226079304164 0.57357707136638147 -0.040000000000000001
0.7040403784893301 -0.040000000000000001 0.18660467676871303
0.70696502272532735 0.5254410129265662 0.44
0.77034744824087231 0.64000000000000001 0.05452884803760636
0.43005706406678568 0.017998901357359931 -0.040000000000000001
0.84102129097677347 0.2932232748407459 -0.040000000000000001
0.090529765172933652 0.64000000000000001 0.17150947184194776
0.82823014961293229 0.64000000000000001 0.39170856023237799
0.71546052626727163 0.64000000000000001 0.31926460435608739
0.17637303663704362 -0.040000000000000001 0.26354652454997651
0.080183728450496483 0.64000000000000001 0.033258947519864246
-0.040000000000000001 0.25804422854004239 0.2022146811056906
0.71492794514855029 0.13226412722736441 -0.040000000000000001
0.80204519998201229 -0.040000000000000001 0.08836475427911239
0.47125713142058367 -0.040000000000000001 0.12865832018771042
0.12136209354056349 -0.040000000000000001 0.37518302127940129
0.018463292915694152 0.64000000000000001 0.29139388871196437
0.71892520676494531 0.4866810117825377 -0.040000000000000001
-0.040000000000000001 0.51708192830353628 0.16524954661993185
0.1782164111604102 0.64000000000000001 0.22112017922887506
-0.040000000000000001 0.29029576514882099 0.11028685280650148
0.30618250680356685 0.46464489075828719 -0.040000000000000001
-0.040000000000000001 0.4490643045112932 0.18157649693991271
0.36673825336498578 0.64000000000000001 0.22022912502815195
0.010782010770872485 0.55803444895644216 0.44
1.04 0.19471686552345985 0.23652231642038518
0.64116721618364725 0.25296225081563423 -0.040000000000000001
0.2430208558413558 0.4428324253235093 -0.040000000000000001
1.04 0.39681695110832138 0.099966286627416689
-0.040000000000000001 0.33846979818945166 0.27961512840283759
0.86500903047926181 0.046568904277960899 -0.040000000000000001
0.19433794498554402 0.0061216038120657235 -0.040000000000000001
0.89664720894219074 0.064767263678388254 -0.040000000000000001
0.39563903987535487 -0.040000000000000001 0.12311093096798049
0.47087031157200843 0.20171574005395032 -0.040000000000000001
0.71906558167849621 -0.040000000000000001 0.39494410280222297
0.65529341813704522 0.64000000000000001 0.06016965615407819
0.32092316794766962 0.17159172303899251 0.44
0.61741885017160347 0.39300613747013236 -0.040000000000000001
0.22096937931392835 0.079851313162634274 -0.040000000000000001
0.61011973626598659 -0.040000000000000001 0.21331845256025841
0.94205098560730305 0.086956737198528589 -0.040000000000000001
-0.040000000000000001 0.22863137370033448 0.064929185683346935
0.7398269024439601 0.64000000000000001 0.011591337138590242
0.51464951404403192 0.64000000000000001 0.1632416129089288
0.15369744636246996 -0.040000000000000001 0.0092350528161585736
-0.040000000000000001 0.1105835660218317 0.2602596637897921
0.42176925819206967 0.32110013444870772 -0.040000000000000001
0.39531591931952181 0.47182795243734293 0.44
1.04 0.38182949516150533 0.19850754529786585
0.81175355963061635 0.34011866316090383 -0.040000000000000001
-0.040000000000000001 0.23877448749495536 0.15112023552661455
0.44547257066715429 0.35863103759076936 0.44
0.0074494609265949308 0.37040462174622407 0.44
0.50018542615722483 0.22400471937570221 -0.040000000000000001
0.29157740738396765 0.10425779878817021 -0.040000000000000001
0.86294729545800608 -0.040000000000000001 0.09936861634063876
1.04 0.49098480527414251 0.13923076268883161
0.61792490687774748 -0.040000000000000001 0.18606107658916021
-0.040000000000000001 0.036135771393830597 0.058825609531195977
-0.040000000000000001 0.070823034561546372 0.17950463608015466
0.21605085263236024 0.64000000000000001 0.16592006347119592
0.51479587062902243 0.138418464642031 -0.040000000000000001
0.39360401169006909 0.083066253658306902 0.44
0.81233389259161437 0.50226990759032808 -0.040000000000000001
0.11862289383549562 0.47247646272394539 0.44
0.17622499600172914 0.39649147559773207 -0.040000000000000001
0.78448290706611401 0.34910686372619276 -0.040000000000000001
0.17079174236785033 -0.040000000000000001 0.34103292581026146
0.17448038494221407 -0.040000000000000001 0.24329370702506981
0.80675119796104311 0.25181659286540642 -0.040000000000000001
0.83772480073381728 0.64000000000000001 0.31218913146454197
-0.040000000000000001 0.2035033815662681 0.015017063840062806
0.64550419346152765 0.18953021461977626 -0.040000000000000001
0.69900243189612088 0.64000000000000001 0.27657339295085198
1.04 0.41117082793304416 0.33747364402296864
0.61368363739467646 -0.040000000000000001 0.3850228267117517
0.85776767521527286 0.64000000000000001 0.09739157364091354
-0.040000000000000001 0.12108939498309274 0.38453490710365767
0.81085336462729685 0.53263045939374776 0.44
0.65826986472145133 -0.040000000000000001 0.18785486797440054
0.36701744254488422 0.10883716681155642 -0.040000000000000001
0.92872706606089817 0.51511774214750161 0.44
0.22000802593677249 0.03806683250743876 0.44
0.68060072473728661 0.64000000000000001 0.15478239771166258
0.84953778378141165 -0.040000000000000001 0.32836018629944991
0.98824604342960731 0.64000000000000001 0.2428098290238169
1.04 0.36001443315034343 0.23149086865536819
0.59675600324650235 0.50458822598265218 -0.040000000000000001
1.04 0.29338348311866108 0.14705588556706792
1.04 0.068277709831705446 0.34068886445385393
0.87612057704077395 0.55874589749342696 -0.040000000000000001
0.91710817117955001 -0.040000000000000001 0.013287413878398491
0.56180113080213734 -0.040000000000000001 0.13416378840012141
0.43809721754109243 0.23480384429171033 0.44
0.047942966515202579 0.04823544344588937 -0.040000000000000001
0.77821680862444453 0.48183077301202476 0.44
-0.040000000000000001 0.30490894768697074 0.083061179616860423
0.20502961135098696 0.50134362379714958 -0.040000000000000001
0.63433460630219607 0.64000000000000001 0.069435312037013294
-0.040000000000000001 0.54321457800248607 0.051736840703107981
0.95099761916937953 0.4027627546023142 0.44
0.17964877768950482 0.48263209685420572 0.44
0.69788832099857512 0.34649624467143281 -0.040000000000000001
0.77675398504629467 0.31825637159292491 -0.040000000000000001
0.59618073307768926 0.27964723422050103 0.44
0.54232518295561138 -0.040000000000000001 0.26269689479745972
0.78986446611756589 0.53894617803546396 0.44
0.19735710749554491 0.33196359682510335 -0.040000000000000001
0.55188199322010001 0.18117091807846952 -0.040000000000000001
0.038334948367988786 0.51388999128473467 -0.040000000000000001
-0.040000000000000001 0.022624234556987564 0.21524345853386562
0.24609977793583748 -0.040000000000000001 0.28790553516252809
0.21216047597360588 0.28110322023338119 -0.040000000000000001
0.8622777048624316 0.0062316437879199604 -0.040000000000000001
0.9258548179684567 0.64000000000000001 0.21840316667427936
-0.040000000000000001 0.25691743302840497 0.054652179145082518
0.44726473304842118 -0.040000000000000001 0.36928103800867357
0.38902001844815381 0.51612627595307237 0.44
0.33089081722828184 0.52195159898620058 -0.040000000000000001
0.13054497814144628 0.57218433483058051 0.44
-0.040000000000000001 0.51324643827754524 0.23569611974186577
1.04 0.32509614296433365 0.090372157563276989
0.092566096995003733 0.48024423136301903 -0.040000000000000001
0.22215518769894449 -0.040000000000000001 0.061336137683530724
1.04 0.061934824809089184 0.25167762186261289
0.50172067943148047 0.35938205563645387 -0.040000000000000001
0.17477596120457595 0.26314196243152721 -0.040000000000000001
0.35582164512523107 0.24208889859196459 -0.040000000000000001
0.60652592459445975 0.14447132527074669 0.44
0.56670945331765987 0.59551255207305631 0.44
0.30058018557133082 0.13280724449493889 0.44
0.013329881241377239 0.53107051905007319 -0.040000000000000001
0.71077931531148808 0.34035774071074848 0.44
-0.040000000000000001 0.42766216141113117 0.30747803287802355
0.75586370366040079 0.56232929868304538 0.44
-0.040000000000000001 0.14575123161696135 0.31662977218318489
1.04 0.42916198677031392 0.086325985236562014
0.40971198542204579 0.519660597279888 0.44
0.17648634142279418 0.58077801638685789 0.44
0.35508578311318939 -0.040000000000000001 0.35791144678024001
1.04 0.25781953526688772 0.27239755364575546
0.11312307050045778 0.64000000000000001 0.27009837094791611
0.63414785106533589 0.35993421548763882 -0.040000000000000001
0.23915892320687648 0.56783401423941648 0.44
0.17894672001100131 0.070000364418706051 -0.040000000000000001
0.38881318359781014 0.55120196213631467 0.44
0.65643537733436075 -0.040000000000000001 0.25932985458185553
1.04 0.45553777571948484 0.21359268754233326
0.35779268408103981 0.45612028656689707 -0.040000000000000001
0.071929858077578901 -0.040000000000000001 0.019567364955190937
0.065805943108820375 0.5257275658476166 0.44
0.35592813714581195 0.10733632716642069 0.44
0.28969900345177113 0.64000000000000001 0.16332017136838939
0.87820513659018773 -0.040000000000000001 0.23803654632646154
1.04 0.4649685201211794 0.25718951562273773
-0.040000000000000001 0.15815115183583875 0.35204735886101274
0.69463208491033879 0.41984108244329366 0.44
0.30780180268742852 0.43060316526087428 0.44
0.19984111974400875 0.33353672162926351 0.44
0.980419369202157 0.64000000000000001 0.18562781044012056
0.95157651067320115 -0.040000000000000001 0.10254899830058017
0.80961977978064537 0.64000000000000001 0.25711813861770522
0.56387053347169003 -0.040000000000000001 0.33782490172169055
0.4807905808466707 0.29043435690005931 -0.040000000000000001
0.43715871658092853 0.64000000000000001 0.098381032089509421
0.48922239545166557 0.043621377146085272 -0.040000000000000001
1.04 0.024350621937108574 0.033134713729605192
0.32697267638712346 0.59594787224680068 0.44
0.47090588324036486 0.49353997857844439 -0.040000000000000001
0.45053390756843337 0.023571008391555903 -0.040000000000000001
-0.040000000000000001 0.26721743900104861 0.39938895685302755
0.19035363148567375 0.56777590475278561 -0.040000000000000001
-0.040000000000000001 0.24866375304816801 0.37039923489917853
0.47610349689901488 0.20540791741803147 0.44
0.52983692714766117 0.011274113528021212 -0.040000000000000001
0.30829997127509889 0.073485079390838481 -0.040000000000000001
0.2434098202494015 -0.040000000000000001 0.3957614170588899
-0.040000000000000001 0.14286940181305813 0.13588200213093077
0.69490423031566551 0.45747213082287108 -0.040000000000000001
1.04 0.37534041419439612 0.035348341329099545
0.74481261329600479 0.18998085031389689 -0.040000000000000001
0.96829453098018681 -0.040000000000000001 0.17684046996802449
0.94407516351750309 0.64000000000000001 0.1791365073575174
0.91719374787731078 0.64000000000000001 0.39063292045975123
0.56948698243205698 0.52613506286050815 0.44
-0.040000000000000001 0.30588477994950447 0.35613823264602407
0.43473119559714912 0.64000000000000001 0.30103562491614716
0.13427231025217734 0.64000000000000001 0.26807307439903494
0.089286830068405099 0.2216666102693069 -0.040000000000000001
0.14993810244307848 0.08050338339460128 -0.040000000000000001
0.44449260995998163 0.64000000000000001 0.38843125681355684
0.98835878576391045 -0.040000000000000001 0.11355544073395935
0.20367998265104803 0.45710422430720171 -0.040000000000000001
0.8261137338423753 0.64000000000000001 0.14873163731122371
0.80969612140560965 0.64000000000000001 0.12094643267611156
0.57282094073669887 0.03305452209150201 0.44
0.4180834589364284 0.55319614494579505 -0.040000000000000001
0.45824581105249595 0.64000000000000001 0.17961982087146719
0.4909052806548061 0.32559759663101895 -0.040000000000000001
0.44481838923897554 0.30533965321612627 -0.040000000000000001
-0.040000000000000001 0.049351972951139821 0.27576196589189284
0.57402852177095365 0.64000000000000001 0.33081658197740649
0.43348445076023756 0.64000000000000001 0.04095047592606247
0.9414427303054379 0.64000000000000001 0.0071727805858502252
0.36018512426281246 0.16855132713840193 0.44
0.50486700904622905 0.30876829999958905 0.44
0.91812680376117617 0.47010631782138501 -0.040000000000000001
0.89302301406859896 0.3544873491882029 0.44
0.68673876897517494 0.053031661793980778 0.44
0.62158728607910074 0.053330154535665787 0.44
0.70548550212274874 0.43778109593602538 0.44
0.93811930291452394 0.64000000000000001 0.23555730270251868
0.80118189414892615 0.14893895076892283 0.44
0.4844594440500084 -0.040000000000000001 0.046320239379307009
0.32403644609783755 0.017552624636462899 -0.040000000000000001
0.3359705939318911 0.1004839133678804 0.44
0.59464904315895384 0.64000000000000001 0.16451606205592456
0.016650462977174985 0.51104334732875834 -0.040000000000000001
0.97447341804298604 -0.040000000000000001 0.39527501574971291
0.90625427398493275 0.59304503379996831 -0.040000000000000001
0.64009270340648572 0.19954963287478478 0.44
1.04 0.30904555885864238 0.019957334724136324
0.20333195665608106 0.45167574438486258 0.44
0.73359490170292818 0.58211282383116747 -0.040000000000000001
0.70616067154520223 0.082374244389091647 0.44
-0.040000000000000001 0.48983521222754167 0.10652321545058802
0.95127953483005334 0.022141056246205215 -0.040000000000000001
0.6556023973597348 -0.040000000000000001 0.22462807277937302
0.97137312205353288 0.24086477705796991 0.44
0.75502419264365883 0.48600973104009659 0.44
0.90903635559553209 -0.040000000000000001 0.052004593629719598
0.28831555043261536 0.029847074577228482 0.44
-0.040000000000000001 0.10571910235629831 0.28092594671051951
0.0010243285661979407 0.070760168587795449 0.44
0.59276180238138954 -0.040000000000000001 0.37633072493913999
0.80864137680461246 0.29355528004408821 0.44
0.70434094763523381 -0.040000000000000001 0.073165188471069786
0.62053929474919378 0.09414846450045089 -0.040000000000000001
0.57828259226021672 0.28734104889513512 -0.040000000000000001
0.14199191911376119 0.64000000000000001 0.030234528329052338
0.80486277721571919 0.45076620471222373 -0.040000000000000001
0.55432577404667649 0.10114136904964854 -0.040000000000000001
0.28658046921314206 0.57958659633008613 -0.040000000000000001
0.99956591760538038 -0.040000000000000001 0.074269239098719686
0.24771537411437095 0.64000000000000001 0.15644909120952477
-0.040000000000000001 0.12561000258528479 0.079664632262816643
0.011436209618702953 0.58766432765941568 -0.040000000000000001
0.24432246656950307 0.64000000000000001 0.30019720786530157
0.56119422869295965 0.64000000000000001 0.29325577274258258
0.80444038931172845 0.57303409964213403 -0.040000000000000001
0.31314796228401065 -0.040000000000000001 0.22096363151363524
0.80195132688340787 0.64000000000000001 0.0027425703241419799
0.25197416519030358 0.39488057526141762 0.44
0.97710520261567901 0.41840682115073763 0.44
0.12508312926567855 0.64000000000000001 0.17180841871798599
0.092206751218979699 -0.040000000000000001 0.10774435989218674
0.53163262568277503 0.47140085648809726 -0.040000000000000001
0.066207226642522876 0.64000000000000001 0.25492476575848333
0.22755658186817262 0.64000000000000001 0.19593232004245117
0.59042969579490601 0.42012360300706331 0.44
-0.040000000000000001 0.017670245253065976 0.012977464443347242
1.04 0.38501734073320815 0.33029250042788388
0.88497459816150459 0.1382659470843596 0.44
0.096628364951227397 -0.040000000000000001 0.35075358442517235
-0.040000000000000001 0.5107033162121557 0.0053437871211154068
0.48791400407689212 0.64000000000000001 0.11837552391413944
0.77811363445228732 0.64000000000000001 0.36355491012877783
0.66221655949907954 0.11576633036698925 -0.040000000000000001
0.95159659283409537 0.15725950389892338 0.44
0.89216123502086031 0.27999071566185751 -0.040000000000000001
0.5661801681577735 0.36253978627909272 0.44
1.04 0.084397693010797137 0.037512279868102287
0.21428341465343947 -0.040000000000000001 0.093145350879319286
0.34607556790890759 0.19870467070284192 -0.040000000000000001
0.45170349329042336 0.36007043455009169 -0.040000000000000001
0.40377793303832199 0.070339351495590674 -0.040000000000000001
0.59593268204144911 0.64000000000000001 0.3087266533342834
0.93782693539486273 0.19699121851488879 0.44
-0.040000000000000001 0.13417756598297348 0.15849002963857775
0.8630783564327259 0.64000000000000001 0.0017138062178199132
0.26578700217147078 0.25865434068345894 0.44
-0.040000000000000001 0.3544309151227209 0.041156447450768498
-0.040000000000000001 0.20328376031300097 0.24128969954660071
0.96272589132239517 0.64000000000000001 0.13872832748041816
0.59086749066337463 -0.040000000000000001 0.26358902184053756
0.66085364287824677 0.1723186385751965 0.44
0.7391640633136225 0.075522131767336687 -0.040000000000000001
0.33035614257107826 -0.040000000000000001 0.25677105589446858
-0.040000000000000001 0.079368089008312229 0.057139904824892229
0.53342063356566183 0.17049212583263074 -0.040000000000000001
1.04 0.16076907295347537 0.14949750914586332
-0.040000000000000001 0.12333642162313246 0.052924415233583093
0.2567155272962045 -0.040000000000000001 0.2148876246268186
1.04 0.31522294512063692 0.39964150131430604
0.29211395721322964 0.64000000000000001 0.3054149050686682
0.66767963370192218 0.48174083367450743 0.44
-0.040000000000000001 0.29973182718091929 0.14872177479823565
0.012448798319504295 -0.040000000000000001 0.322074278570818
0.75292343777537474 0.10187728354996292 0.44
0.66852851977124217 0.092511616554168855 0.44
0.83038868280565215 0.64000000000000001 0.23528464092753923
0.65830967037005306 0.1429703457210455 -0.040000000000000001
0.44106477575056113 0.56895910784641324 -0.040000000000000001
0.93804228263634937 -0.040000000000000001 0.070510598203914143
-0.040000000000000001 0.46436539705520397 0.34030055679894544
0.023659994404505058 -0.040000000000000001 0.20313437968042367
0.19400050335789587 0.64000000000000001 0.37986057546757568
0.046217355225842249 0.64000000000000001 0.27196809069605132
0.6478585676598535 -0.040000000000000001 0.29989462659641997
0.37793607759119319 -0.040000000000000001 0.17250851857567728
0.31597388006737681 0.29550228845249898 -0.040000000000000001
0.52279267062611035 0.011820333613090849 0.44
0.74411996105664024 -0.040000000000000001 0.32521570183266807
0.53363195353818305 -0.040000000000000001 0.18808108561297435
0.34428450975242431 0.015166782837490844 -0.040000000000000001
1.04 0.10659125375795891 0.15898530141267375
0.41029934467859164 -0.040000000000000001 0.16724303919849121
0.83571336492541703 0.46239000734294899 -0.040000000000000001
-0.040000000000000001 0.43390860595838643 0.3819220313234955
1.04 0.11242239935369613 0.18172303062782535
0.43830006557410595 0.58522010097224486 0.44
0.55962482946666803 0.64000000000000001 0.1707070790471597
0.75342763286495462 0.64000000000000001 0.16031429172577233
0.83346317925653157 0.64000000000000001 0.16944075885731463
0.65923018332809002 0.35762935680581298 0.44
0.61171657102270938 0.52244465874384005 -0.040000000000000001
0.23864506687610876 0.21372101669556692 -0.040000000000000001
0.78879954681951692 0.64000000000000001 0.24450027546082409
0.3263133218767067 0.13111429517105636 0.44
-0.040000000000000001 0.35131934432454803 0.099749700041530082
0.089674782445062107 0.45791314313671683 0.44
0.20449952892687895 0.64000000000000001 0.080582731104548666
0.66099595831291658 -0.040000000000000001 0.38565160945226173
0.35849000992491242 0.56617803029405622 0.44
1.04 0.21943329383911464 0.068164309976972162
0.55689431321682015 0.48960261643035441 -0.040000000000000001
0.15651248199339429 0.38544356009512154 -0.040000000000000001
0.00058683537511194928 0.48603877658466332 -0.040000000000000001
0.21492041870794698 0.64000000000000001 0.0023859267083894855
0.63803038668808276 0.56608771864747753 0.44
0.17114294670861196 -0.040000000000000001 0.18664933401644751
0.27746950739811849 -0.040000000000000001 0.023603656957080291
0.2848423055313889 0.14525454113849745 -0.040000000000000001
0.0020739763020881652 -0.040000000000000001 0.13097837189141043
-0.040000000000000001 0.35412356572925063 0.12265070991911498
0.13626390131405475 -0.040000000000000001 0.048136501309956038
0.66073626198137025 0.5397016322690158 0.44
0.32256517759329917 0.18106657981800622 -0.040000000000000001
0.054261953085577797 -0.040000000000000001 0.25169539227233484
-0.040000000000000001 0.24454942249572462 0.0089424224416785776
0.86032806057725342 -0.040000000000000001 0.20868859200856282
0.27309915147849095 0.30243384271081397 0.44
0.66319676221402513 0.64000000000000001 0.19083860470515637
0.95742000046557663 -0.040000000000000001 0.36593343692860913
0.55160680654179628 0.64000000000000001 0.2323989082132365
0.08111682220598937 0.58255423575393295 0.44
0.59674902684385744 0.38971902442856754 -0.040000000000000001
0.50760822537776285 0.35671356692912026 0.44
0.1270116939889695 0.64000000000000001 0.098811056333455716
1.04 0.14446369600175279 0.3199953444118328
0.22852887873893479 0.54339867420358812 -0.040000000000000001
0.34230299894975558 -0.040000000000000001 0.1006079735749299
0.62887326109939479 0.64000000000000001 0.13387248283774472
0.98537921259864447 0.64000000000000001 0.39256878612202928
0.23582446202150464 0.64000000000000001 0.17303892292122292
0.77279399256333026 0.13727181338375816 -0.040000000000000001
-0.040000000000000001 0.15741670886631293 0.37528851508607541
0.68429562434301194 0.4974837383307103 0.44
0.054649207751457651 -0.040000000000000001 0.28541812471114109
0.7282323342644399 0.017698437183644722 0.44
0.92333932772191663 0.64000000000000001 0.1794653441093427
0.85833109266899388 0.085788911090450684 0.44
1.04 0.24094904950878315 0.14450928939922258
0.49762646791964971 0.47409000195557571 -0.040000000000000001
1.04 0.40926679748335448 0.29613591594833705
0.85983000756669647 -0.040000000000000001 0.38250771865784916
0.25452176285141259 0.47860780596399488 -0.040000000000000001
0.81749716485937762 0.56105425577660839 0.44
1.04 0.18761816458977265 0.18323577293239965
-0.040000000000000001 0.42168548645658538 0.058619999438444648
0.057047954837106229 0.37005963202985404 -0.040000000000000001
0.13580740799440438 0.64000000000000001 0.20747070123583722
0.86007995501461465 0.099314072359143357 -0.040000000000000001
0.78168488281390369 -0.040000000000000001 0.086872016685930351
0.26741874627130469 0.32981303449757182 -0.040000000000000001
0.97152168605938338 0.64000000000000001 0.31666102109727629
-0.040000000000000001 0.34297499534815407 0.38891599943407479
0.60907016510462997 0.45022156118728529 0.44
1.04 0.15743527281475767 0.00046380484582497772
0.15051915340467659 -0.040000000000000001 0.31722148321539784
0.59755233912771422 0.031808935010340766 -0.040000000000000001
0.22022925551141148 0.1328348419536397 -0.040000000000000001
0.74244885529547033 0.64000000000000001 0.13241006276271899
0.44664554819880409 -0.040000000000000001 0.27053018923123551
-0.040000000000000001 0.23503937468105612 0.094524877039225796
0.20734976317812859 0.14881354175667846 0.44
0.41909726928337998 0.64000000000000001 0.24322720499131584
0.4256369414215494 0.46485006819402391 -0.040000000000000001
0.36768668694362672 -0.040000000000000001 0.19491660141452283
0.084866684491816891 0.0045679012620050141 -0.040000000000000001
0.54592828344187616 0.083057766459388518 0.44
0.31999804631665074 0.64000000000000001 0.23793254570687006
-0.040000000000000001 0.018548108329127611 0.37824189514006618
0.13936519043138718 0.46969844718350828 0.44
1.04 0.53796628861326157 0.20065791808838612
0.034183169075195141 0.034055534263832517 0.44
0.34186921569307294 0.64000000000000001 0.18158175584717512
0.39652544177054716 0.64000000000000001 0.20493199299872378
0.45906189476824555 -0.040000000000000001 0.34764421944047474
0.74485391220901709 0.64000000000000001 0.07900683474644242
0.65122314735571785 0.64000000000000001 0.31117988742670089
0.093057128754970408 -0.040000000000000001 0.32446461004827581
0.12321743024049248 0.2669255476963896 0.44
0.99764876156178672 0.40875261185618328 0.44
0.54095039518565002 0.39343211167824321 -0.040000000000000001
0.64146822392559333 -0.040000000000000001 0.20436271646324922
0.22550456054765977 0.36454307060734914 -0.040000000000000001
0.056304698992869051 0.32733304495664461 -0.040000000000000001
0.23542271752378396 0.053843496934361676 0.44
0.77866999114360369 -0.040000000000000001 0.11574931414268347
0.92787749826577071 0.46393549595208461 0.44
1.04 0.19500685456068906 0.34041364081206571
0.67703114667782982 -0.040000000000000001 0.063103422020017771
-0.040000000000000001 0.31018428849995355 0.2235714907092847
0.43640660392014197 0.1165236327132757 -0.040000000000000001
-0.040000000000000001 0.53185466889371358 0.033965580943568212
0.54542502341339694 0.34806828485796037 -0.040000000000000001
-0.040000000000000001 0.41408344111302919 0.21154895918648775
0.17122108947670156 0.29712544944421976 0.44
0.37642601658882435 0.36683638849957656 0.44
1.04 0.24366855749298894 0.36613867384781917
0.55239160859545822 0.53520390438778409 -0.040000000000000001
0.99884953637483564 0.031872706361130265 -0.040000000000000001
0.79896364014307786 0.64000000000000001 0.39353106761134476
0.77619531889759208 0.10892475821420064 0.44
0.39137905519628502 0.64000000000000001 0.22529920029190481
0.1603889883650369 0.19414320512609212 -0.040000000000000001
0.33779914219328222 0.64000000000000001 0.38290913789516257
0.66817639079498681 0.28416636239453757 -0.040000000000000001
-0.040000000000000001 0.10704173047403354 0.19438105054778407
0.74105089007423564 0.32051411424746284 0.44
0.94827735489395049 0.10694609967569448 0.44
0.33058443141608185 0.43263171222872299 -0.040000000000000001
0.49124822108376909 0.28989191373936102 0.44
0.56597282534525728 0.64000000000000001 0.37136930354570258
0.090726242756827169 0.2569568804810719 -0.040000000000000001
0.49585639734737152 0.39003784719877488 0.44
0.90837035592095539 0.21037384053464572 0.44
1.04 0.33672562377787901 0.19073732794017584
0.19615444117139136 0.64000000000000001 0.34501089961223919
0.54415965882672002 -0.040000000000000001 0.35807331228898254
0.71126148160766045 0.28358429346282965 0.44
-0.040000000000000001 0.4213977933139047 0.3274017260572839
0.062972212116694681 0.1717836046160488 -0.040000000000000001
1.04 0.50830768323379172 0.067925664330243385
0.46138638294880907 0.64000000000000001 0.04819702824685717
0.33690139433180233 0.64000000000000001 0.05817286327612288
0.83293878756473605 0.19413859852348903 -0.040000000000000001
0.90550911967564462 0.46930668159900935 0.44
-0.040000000000000001 0.43223522528462804 0.28499681626929191
0.65325359516804971 -0.040000000000000001 0.0060023337673981384
0.077906293171784102 0.43767472072816382 0.44
0.30545112962166099 0.22297303097121296 0.44
0.80336973224602259 0.64000000000000001 0.025840240041486596
0.6121007653006213 0.41013032768624069 0.44
0.76659209788239591 -0.040000000000000001 0.34732065211162622
0.12245793802711824 0.39397267031137639 0.44
-0.040000000000000001 0.28636789744932156 0.063701547230266803
0.63950655740479567 -0.040000000000000001 0.092397103380409185
0.4655264405998506 0.30591600481731873 -0.040000000000000001
1.04 0.21486347338399792 0.37804776007074659
0.39065223018302786 0.17922603967051631 -0.040000000000000001
0.2839880521417163 0.16035207143020516 0.44
0.13967191822102742 0.5213447617035919 0.44
1.04 0.56279769501034738 0.00091980624248022558
0.47609716423764725 0.31651919450101607 0.44
0.62634216375689089 0.14266411624050163 -0.040000000000000001
-0.040000000000000001 0.54379256130389475 0.077235615586240647
0.016043566825849398 0.64000000000000001 0.087622526296420977
-0.040000000000000001 0.11281707325292534 0.10863285512221937
-0.040000000000000001 0.47298194843754626 0.29704336981663593
0.19758791082968086 0.27386896197753174 0.44
-0.040000000000000001 0.182743265899449 0.31000725470861196
0.71515541450026721 -0.040000000000000001 0.32456169266907875
0.51070310268809993 0.14581617045102133 0.44
0.58185857292056309 -0.040000000000000001 0.12793767243840357
0.59940972116393898 0.59351607127507922 -0.040000000000000001
0.95857810376167252 0.49074923624898248 -0.040000000000000001
0.53246277073391635 -0.040000000000000001 0.38018770320093537
0.44866700116734981 0.32681057315382483 -0.040000000000000001
0.57204520797968827 0.64000000000000001 0.074676213570172983
0.36095519676769006 0.64000000000000001 0.12276286903391825
-0.040000000000000001 0.28082208954919535 0.3163947758370243
0.92202615536083132 0.53212797146364865 -0.040000000000000001
0.91069170890195883 0.090561347163942374 -0.040000000000000001
1.04 0.50770857747953002 0.1932977116494298
0.43880823063533392 0.45067740691482505 0.44
0.010743531695318609 0.64000000000000001 0.31911573159770179
1.04 0.48010055154244352 0.23725481080189514
-0.040000000000000001 0.18134125798044595 0.39903085580573228
0.042079349146171952 -0.040000000000000001 0.073261895036392619
0.91184213053988383 -0.040000000000000001 0.26428140765356101
0.96067883928143682 0.19404512277478098 -0.040000000000000001
0.82803755599536011 0.64000000000000001 0.067819553617172179
0.32697047373542931 0.4446805268503714 0.44
0.78688733615453721 0.64000000000000001 0.20075511395465712
0.22806196116937572 0.080683940668654697 0.44
0.81589690465631892 0.21868696792455355 -0.040000000000000001
-0.040000000000000001 0.52769792282903705 0.35024349843292257
0.17869990831193405 0.64000000000000001 0.024439335255052264
0.59435111450073685 0.065898824879468965 -0.040000000000000001
0.47872564032903686 0.64000000000000001 0.071159315797270931
1.04 0.017516631555225648 0.28632757227991273
0.77947453349931795 0.40763194728810292 -0.040000000000000001
0.24427588816942825 0.36906284754085072 0.44
1.04 0.074403525763442113 0.16047855418746335
0.59708224638570007 0.5764775679939329 0.44
0.38001710458940585 0.64000000000000001 0.29097376735435887
0.095685896401650927 0.64000000000000001 0.31262686910760162
0.1328924033966683 0.42623070664115081 -0.040000000000000001
0.11210472364331658 0.39185803464957458 -0.040000000000000001
0.909262000447147 0.54512148553094775 0.44
-0.040000000000000001 0.44501516545374942 0.062985868533049022
-0.040000000000000001 0.21797764478432582 0.27263387297201169
0.42067741989294816 0.34171774547675071 0.44
0.68583100610931669 -0.040000000000000001 0.20263147357873273
0.10049688313955008 0.64000000000000001 0.085749200564101291
1.04 0.27104318079161199 0.38443343206040526
0.24581698041536271 -0.040000000000000001 0.34018840502233899
0.61585958318664924 0.64000000000000001 0.25858292515533965
0.21950292981931652 0.22372868657197925 -0.040000000000000001
-0.040000000000000001 0.0092231325913651567 0.27908958357007729
0.89481870773199812 0.64000000000000001 0.39849770589279043
1.04 0.57528586785626623 0.17110844215744214
-0.040000000000000001 0.55763745539601983 0.13664989761014038
0.70470667516109353 -0.040000000000000001 0.25581694057349069
0.66787944001551236 0.083523673594888548 -0.040000000000000001
0.3543169453047369 0.64000000000000001 0.29217329270533393
0.85048992976135118 0.58111484428835136 -0.040000000000000001
0.17973844781754678 -0.040000000000000001 0.14591945146427163
0.34427335890576938 0.64000000000000001 0.017274906422113424
0.70037509139248633 0.53250366286246209 -0.040000000000000001
0.98492588598765196 -0.040000000000000001 0.30461588110537596
0.83888255792548028 0.22357764220819848 0.44
0.72102830315132049 -0.040000000000000001 0.23124884586465441
0.34418242950969724 0.53815995066573186 0.44
0.99859668445857763 0.51616279476784799 0.44
0.79085363857977287 0.38711757114632844 0.44
0.83513849736079548 0.0042970649973145701 0.44
0.93887700210319713 0.27380432795481752 -0.040000000000000001
0.21323683779179603 0.64000000000000001 0.38680411368976619
1.04 0.028542044944650513 0.088004056565506569
-0.040000000000000001 0.1991981065357942 0.26217074004038665
0.52814183899560274 0.64000000000000001 0.39422022115866506
-0.040000000000000001 0.22281540987731843 0.29206597436174953
0.2024645054993347 -0.040000000000000001 0.24324322196796411
-0.040000000000000001 0.046350213284081621 0.09874310322433405
0.89579109741093743 0.57016315568576137 -0.040000000000000001
0.68310955193026013 0.4469225419322721 0.44
0.21146926313713588 0.50047411967081767 0.44
0.87759933375457388 0.64000000000000001 0.23935051267684304
0.73291190887273006 0.64000000000000001 0.34084337341935755
0.96828343575220377 0.53249869832687657 -0.040000000000000001
0.92977562045755624 -0.040000000000000001 0.37813969391825558
1.04 0.4614154657647398 0.13862551313705324
1.04 0.44540056523030813 0.31212119948135431
1.04 0.58450491775540192 0.27878383887924607
0.046752252652072279 0.64000000000000001 0.22317329095410565
0.24572785843239953 0.30147594700752045 -0.040000000000000001
0.010766898042934181 0.64000000000000001 0.36001155229357767
0.19312012099407372 0.3893206786153382 0.44
0.71741203087694083 0.56354394380705553 0.44
0.34125321665217234 0.56534130276830441 -0.040000000000000001
1.04 0.02087137897017266 0.0048320784957889273
-0.040000000000000001 0.080432379553626546 0.27676494165508814
0.65832298601512851 0.64000000000000001 0.13537478991573079
-0.040000000000000001 0.57693983786356273 0.23145166135884965
0.77036883390822208 0.26728483620628968 0.44
0.21005693756916322 0.42323919116034103 0.44
0.49182003562028842 0.67999999999999994 0.26089300545165328
0.33623810195298665 0.24900907834014985 -0.080000000000000002
-0.080000000000000002 0.54469218529285723 0.39677275683397684
-0.080000000000000002 0.011266098865829721 0.059721588993325692
0.26836876479533756 0.46138189989946349 -0.080000000000000002
1.0800000000000001 0.15964818328895758 0.098775521922058879
0.77733967547228722 0.012928496770414032 0.48000000000000004
0.89231729063953225 0.12479180722875327 -0.080000000000000002
0.76744305157094461 0.32469916807353355 0.48000000000000004
1.0800000000000001 0.1796319929177298 0.037505748879774897
0.68041443125244339 0.55433064847955771 -0.080000000000000002
-0.080000000000000002 0.23708403913395057 0.18027251580145565
0.76609811173663478 0.67999999999999994 0.17684459894829774
-0.080000000000000002 0.16734210876871605 0.20594227560888814
0.73768282393674589 0.35540370435659319 -0.080000000000000002
-0.080000000000000002 0.57180279007200541 0.37050957607402341
0.90869847292548556 0.67999999999999994 0.22909258246460662
0.4870476851626736 0.095815311232761435 0.48000000000000004
0.16415331398500632 0.59963202185232023 0.48000000000000004
0.85440265993231856 -0.080000000000000002 0.30589537531894434
-0.080000000000000002 0.083863526659370885 0.30584805222920686
0.26157627010815865 -0.080000000000000002 0.26878366130296916
0.13964579358228291 0.67999999999999994 0.15523221170222043
0.40014276762529266 0.67999999999999994 0.39393312161224908
0.80225942905706216 0.42377929972512374 0.48000000000000004
0.40136983048526376 0.30607125286378878 0.48000000000000004
1.0800000000000001 0.2806035906151762 0.21304980083628938
1.0800000000000001 0.44723639432813111 0.18161769117967827
0.63314356453420007 0.67999999999999994 0.3971892745740957
0.23718901871649911 0.67999999999999994 0.3844117242166798
0.15477817030461738 0.67999999999999994 0.32668455585292216
0.52641233391779163 0.47463169038612563 0.48000000000000004
-0.080000000000000002 0.36162093085463065 0.19566364137817227
0.65180402308376761 0.57987882663049994 -0.080000000000000002
0.11102368562823584 0.086747391026711557 0.48000000000000004
0.47214155504293553 -0.080000000000000002 0.300636341239575
0.93444693957693648 0.67999999999999994 0.25548728766472911
1.0800000000000001 0.2490094749335241 0.17743750015093929
0.40582154417959104 0.58467016299680752 0.48000000000000004
0.89782697398309774 0.31828275771697295 0.48000000000000004
0.13995947244457119 0.25564852139806943 0.48000000000000004
0.88974734886365936 0.089298785693284768 0.48000000000000004
0.17336420624808002 0.3501644395231801 0.48000000000000004
0.24483161818746979 0.28408961186884812 0.48000000000000004
0.74705728299757446 0.67999999999999994 0.25105926097417247
0.78698984553095686 0.07647573082371284 -0.080000000000000002
0.11769803576672733 0.67999999999999994 0.31089064161943158
0.68955863654431127 -0.080000000000000002 0.036601889360335309
0.58218406004717183 0.67999999999999994 0.22069257157759417
0.40629524354800817 0.40384305635618445 -0.080000000000000002
0.20336733554690989 0.20244220894081155 -0.080000000000000002
0.96606544647619508 0.67999999999999994 0.098121446971290063
0.070203222797038611 -0.080000000000000002 0.32631906755679274
0.10306035801007285 0.20069997714233903 0.48000000000000004
-0.080000000000000002 0.48701087627184869 0.045627408843417164
0.94821011546012735 -0.080000000000000002 0.036674322978906049
0.95605456970980252 0.25387767178483561 -0.080000000000000002
0.2240616510663993 0.058472038623147427 -0.080000000000000002
0.93662237221951095 -0.080000000000000002 0.019197041772056524
0.35704315537784104 0.22098201308559556 -0.080000000000000002
0.28902673185210592 -0.080000000000000002 0.1079311906598389
0.65127101860988934 0.014818330119134981 0.48000000000000004
0.0086362091653011674 0.19061237541134807 0.48000000000000004
0.46768957770900832 0.67999999999999994 0.25521933621016168
0.52414344382388478 0.26782867049217174 -0.080000000000000002
1.0800000000000001 0.096015150442311348 0.020433947193319257
0.084123464301966044 0.41410896774744588 0.48000000000000004
0.0080746747485728187 -0.080000000000000002 0.2684188296569695
0.084544539903326332 0.67999999999999994 0.061811198909380416
1.0800000000000001 0.0093822913620263959 0.33119871870872142
0.44913365997283206 -0.080000000000000002 0.22391318372264191
0.89045733903039992 -0.080000000000000002 0.089560833578798016
0.51045482975792744 -0.080000000000000002 0.33203759789437226
0.3866112575798637 0.14275740009534649 0.48000000000000004
1.0800000000000001 0.23880093673717817 0.24747684469513517
1.0800000000000001 0.32551518667041329 0.0036608321210467756
0.26972137370945304 -0.080000000000000002 0.39811190143518971
0.885679012265012 0.34707629009866586 -0.080000000000000002
0.30874768029575728 -0.080000000000000002 0.36343018713353559
0.94970648236296173 0.30558255940359225 0.48000000000000004
0.85861455571838663 0.28118151832474819 -0.080000000000000002
0.66071726097588335 0.44072210419465513 -0.080000000000000002
0.43031875012027543 0.51053224976255784 -0.080000000000000002
1.0800000000000001 0.14156318414173574 0.26386918298511092
0.054867959518374754 -0.080000000000000002 0.36569756301747586
0.66568445101720641 0.49295629140012198 -0.080000000000000002
1.0800000000000001 0.043933983782602826 0.32074418727982779
-0.080000000000000002 0.40164727356127711 0.33799147807726904
0.88423121032387086 0.67999999999999994 0.11776122401188856
1.0800000000000001 0.38842451421047008 0.35613515889649827
1.0800000000000001 0.16705653782233909 0.32646458830495029
-0.080000000000000002 0.39735053644593643 0.12677716736707062
1.0800000000000001 0.53313853992357141 0.36630239213744986
0.68443898148035087 0.67999999999999994 0.22961558556033906
0.7915053732621572 0.15552635721544272 -0.080000000000000002
0.37922993004323924 -0.080000000000000002 0.3712844703709321
0.62081772252775136 0.21972920950282654 -0.080000000000000002
0.72124517325870974 0.20666416998497411 -0.080000000000000002
1.0800000000000001 0.20851716211294336 0.18112209804912496
0.24818818589472003 0.27394712372588303 -0.080000000000000002
0.63713185292088093 0.24984907772073275 0.48000000000000004
0.93947454673148056 -0.080000000000000002 0.25886637457073636
1.0800000000000001 0.32195725477002135 0.16405958484738159
-0.080000000000000002 0.35882312392285043 0.27447968673210388
0.83387719924716719 0.10113002866797771 -0.080000000000000002
0.52189473860772762 0.19688765508724779 0.48000000000000004
-0.080000000000000002 0.016474249938040409 0.34124938254991477
-0.080000000000000002 0.0029560129853462456 0.095298838357622484
0.94798645130982628 0.37608706921082236 -0.080000000000000002
0.42178387835039755 0.041732528151633107 0.48000000000000004
1.0800000000000001 0.28160321159930796 0.044456257443146942
0.10316106678191272 -0.080000000000000002 0.15872672259448384
0.57550423048734289 0.67999999999999994 0.09970923502657808
0.18356449070428205 -0.080000000000000002 0.025610712267498937
0.27934758129249138 0.57610250186086609 0.48000000000000004
0.27672830139940796 -0.080000000000000002 0.33654477664843535
1.0800000000000001 0.45705250873951248 0.35175862528565038
0.2280902522021464 0.13139605116603417 0.48000000000000004
0.17456506810729044 0.15268784287509396 -0.080000000000000002
0.062467078863142178 0.22741155998385798 -0.080000000000000002
0.44675946305200587 0.67999999999999994 0.007346284210543264
0.41528900269412639 0.29956240221960562 -0.080000000000000002
0.33088568789377593 -0.080000000000000002 0.032827986940646883
0.0041198281943078952 0.15849544592684672 -0.080000000000000002
0.73717429602807272 0.2211342996903142 0.48000000000000004
0.97762860127456674 0.57062577727655173 0.48000000000000004
0.98213364759236532 0.22382137680168757 -0.080000000000000002
0.6874409140702451 0.22920155605308279 0.48000000000000004
0.080341994872850098 0.081880928946512332 -0.080000000000000002
0.57185923249731729 0.38951734706807317 0.48000000000000004
0.11074127892211449 0.5863017378488794 -0.080000000000000002
0.49207843198311574 0.67999999999999994 0.38779616100393566
1.0800000000000001 0.35650771787737967 0.2033696844380693
0.14369255166394368 0.2796881361133704 0.48000000000000004
0.81569889711152821 0.21136653404536454 0.48000000000000004
0.67148749287407383 0.027131355652549493 0.48000000000000004
0.23873197225126963 0.67999999999999994 0.025130475618754523
-0.080000000000000002 0.51137872360649961 0.26029894160410633
0.37391837824376251 0.22860377426770917 0.48000000000000004
1.0800000000000001 0.45211965641761387 0.034929743702666993
-0.080000000000000002 0.056771904441353625 0.12617255141062433
0.68632145656949828 0.67999999999999994 0.20328532775737573
0.17874257240087899 0.21530812467427068 0.48000000000000004
0.83773380003524778 0.67999999999999994 0.018398916874403693
-0.080000000000000002 0.26099572721159525 0.33311013162349723
0.3249856908149964 0.39325927648427284 0.48000000000000004
0.13683620594658719 -0.080000000000000002 0.15691740588553116
0.043223172871226123 0.67999999999999994 0.32313253106214873
0.25655143855833396 0.024098022309083755 -0.080000000000000002
0.54249558658455421 0.4182762626592631 -0.080000000000000002
1.0800000000000001 0.31250989011565089 0.11734649753301905
0.42422173081607384 -0.080000000000000002 0.078672168397860273
0.72269382319744069 0.67999999999999994 0.26551758028105593
0.47485019025949926 -0.080000000000000002 0.15798947648846773
0.83373096006407754 -0.080000000000000002 0.1749301420872692
0.44933068463670423 -0.080000000000000002 0.29091398106945376
1.0800000000000001 0.34007101077109864 0.34692034719873371
0.5496507390804779 0.59497860203921737 -0.080000000000000002
0.098818123610171171 0.57023726806736308 0.48000000000000004
0.56992039088243385 0.03916613620771614 -0.080000000000000002
0.55283998731729134 0.67999999999999994 0.062900586094738739
0.99523955710085243 0.67999999999999994 0.19919478420427039
0.30249978369252195 0.34215294535738883 0.48000000000000004
1.0800000000000001 0.4153788860790783 0.21106629729634388
0.26429476517189865 0.17714475297749577 0.48000000000000004
0.19923613832933318 0.1335648646440325 -0.080000000000000002
0.60236290380447977 0.67999999999999994 0.10821339635893774
0.9032266093881085 0.44485334822613337 -0.080000000000000002
0.1803932451158643 0.67999999999999994 0.29820770948436159
1.0800000000000001 0.50360999379457161 0.088490287716220029
1.0800000000000001 0.34301845625378541 0.068640872448007387
0.7535901442281856 0.58457671117080356 -0.080000000000000002
0.94484419278147525 0.67999999999999994 0.3539547783724169
0.15790537898344004 0.17143393361127707 -0.080000000000000002
-0.080000000000000002 0.27872593604116574 0.17343557729333978
0.21764153820011978 0.67999999999999994 0.1140455538457289
0.99174489294793455 0.066316079644002546 -0.080000000000000002
-0.080000000000000002 0.59240643931965364 0.39132701051043295
0.29620757236084005 0.45424367183502956 0.48000000000000004
1.0800000000000001 0.098985216955216671 0.21818858092472324
0.94943080477311059 0.13229854217444234 0.48000000000000004
0.97230937104426252 0.10594019734115734 0.48000000000000004
0.12555747591095101 0.0087670113233840885 -0.080000000000000002
0.75022534117663553 0.16767633172959776 0.48000000000000004
0.94242508998214092 0.2326832762413521 0.48000000000000004
0.65254955220601485 -0.080000000000000002 0.12383075055686805
1.0800000000000001 0.20474505198633608 0.30637907456754188
-0.080000000000000002 0.16927287231024613 0.26914567755552543
0.99133550629723055 0.33192360037824181 -0.080000000000000002
1.0800000000000001 0.56378035686391637 0.12720892545231849
0.57520932688201298 0.18455199400321587 0.48000000000000004
0.22769122278762266 0.53449368597875146 0.48000000000000004
0.10550520156020027 0.16008853413752239 -0.080000000000000002
0.5723179079542482 0.67999999999999994 0.25780254532199276
0.21916604161578568 0.033750753033691461 -0.080000000000000002
0.84264534193271823 0.10859517300768397 0.48000000000000004
0.66062453087045059 0.22034152856056183 0.48000000000000004
1.0800000000000001 0.53881854105802351 0.29508467718575659
0.012427496466847598 -0.080000000000000002 0.36056158636589852
0.99161348489528645 -0.080000000000000002 0.25959536891190516
0.53300512298413427 0.50590739554120712 -0.080000000000000002
-0.080000000000000002 0.23147175977645279 0.037265057044280472
0.36017375461270229 0.32809647002933545 0.48000000000000004
0.24692800676744897 -0.080000000000000002 0.11799514648807637
0.95514471391726752 0.16782601821114201 -0.080000000000000002
0.50698607415975061 -0.080000000000000002 0.069256249664122693
0.53346330320741231 0.57841036972818904 0.48000000000000004
0.89499034332520799 0.67999999999999994 0.1751624021018553
1.0800000000000001 0.12183456619060246 0.11152513952041626
0.25072863023101055 0.52688369203481422 -0.080000000000000002
1.0800000000000001 0.0042193267626321473 0.018825710471595737
0.0061600322792020323 -0.080000000000000002 0.08706914355550853
0.63005046948348153 -0.080000000000000002 0.13456454197374801
0.53118140231174504 -0.080000000000000002 0.012365681232348403
0.40313706679484285 0.67999999999999994 0.032632572897670853
0.022718933780937256 0.67999999999999994 0.024016503024949287
0.91790610546896578 -0.080000000000000002 0.11180417959988437
-0.080000000000000002 0.42151974498840955 0.031154840439613321
0.10376352974139824 0.67999999999999994 0.14656628172331021
0.34662089860548262 0.36539425258650182 0.48000000000000004
0.93246826518349069 0.41325168690169356 -0.080000000000000002
0.4947289217092119 -0.080000000000000002 0.26337276772901863
0.2776297710640413 0.099685379253012171 0.48000000000000004
0.80715440453067744 0.53594228316847381 -0.080000000000000002
0.049086610721814194 -0.080000000000000002 0.34578138475499276
0.91458711397023651 0.35471516262928343 0.48000000000000004
0.91636336388518536 0.04045593558863092 -0.080000000000000002
0.71441297895052047 -0.080000000000000002 0.30286701441666525
1.0800000000000001 0.45320156732319428 0.10082813931232598
0.72595608865342165 -0.080000000000000002 0.18603939218939322
0.69192354540403844 0.40186861961945719 -0.080000000000000002
0.64870333056262064 0.118921226644911 0.48000000000000004
0.16569354012449022 0.67999999999999994 0.17035831835087409
1.0800000000000001 0.35024217557695392 0.15073531225372958
0.30546678025143204 -0.080000000000000002 0.086448197125389162
0.83963765908452281 0.67999999999999994 0.28878876962838324
0.058238214787464937 0.42369888676656836 0.48000000000000004
0.13901450814177729 0.13092321155570233 0.48000000000000004
1.0800000000000001 0.30947739952846459 0.23875862563697173
0.53535392408702442 0.57860929240298331 -0.080000000000000002
0.35009677538163819 -0.080000000000000002 0.26471121540768361
0.83825903247708089 -0.080000000000000002 0.21175095175604006
0.72025300617903043 0.67999999999999994 0.064927457459257765
0.36478742035830258 0.5022626985458668 -0.080000000000000002
0.5815286119046521 0.48035081789793826 -0.080000000000000002
0.49716008592188543 0.44846268297186387 -0.080000000000000002
0.63930080303584824 0.45010053022754459 0.48000000000000004
0.38252904965642753 0.52327775366351637 -0.080000000000000002
0.094662996097748975 0.33748237828211036 -0.080000000000000002
0.18661772157622847 0.55889398271953039 0.48000000000000004
0.36144009058668192 0.51377801046201654 0.48000000000000004
0.033907747642783037 0.0098247019243226097 0.48000000000000004
0.45908294097829871 -0.080000000000000002 0.0053870159705520677
0.43164437452278226 0.41612318202019094 0.48000000000000004
0.8694373989183013 0.26093547986619903 -0.080000000000000002
0.89266437619666872 0.67999999999999994 0.020975585969072966
-0.080000000000000002 0.15847364673941916 0.051547682620400485
0.78509831000727781 0.2058963563769422 -0.080000000000000002
0.92534213601010606 0.13147601898210548 -0.080000000000000002
1.0800000000000001 0.58129080382569276 0.24828825960418086
0.99857572344165368 0.67999999999999994 0.053215856059621737
0.99471105692372741 -0.080000000000000002 0.20716575038450041
1.0800000000000001 0.33066792282366236 0.22481327601657594
0.71668971290675054 0.55554511113285254 -0.080000000000000002
1.0800000000000001 0.010332429385969899 0.36928677313092528
0.3928898542518362 -0.080000000000000002 0.25130622953307646
0.69671266923768227 0.67999999999999994 0.07018988284081891
0.22047611616578855 0.67999999999999994 0.13807894291165845
0.69413913381076919 0.18161026936402336 -0.080000000000000002
0.43599288537647485 0.53466442653969992 -0.080000000000000002
0.70455820657957924 0.11014107143146554 0.48000000000000004
0.36163715425171894 -0.080000000000000002 0.055855504339014456
0.089011669898924617 0.49057428692490757 0.48000000000000004
0.51544298450947423 -0.080000000000000002 0.221788848173745
0.58378766098571433 -0.080000000000000002 0.17375115651573655
0.6009016825939314 -0.080000000000000002 0.28153591385183319
0.55762501083934357 0.0063226529703886755 0.48000000000000004
0.15266385122894088 -0.080000000000000002 0.22375303766759874
1.0800000000000001 0.037879678173991849 0.36554360668998281
0.96393955897844452 0.67999999999999994 0.39092932907175082
0.59726684646286632 0.063686281510401538 0.48000000000000004
-0.080000000000000002 0.20177846676655908 0.32804821223768199
0.13946544077145073 0.011890863253287009 0.48000000000000004
0.90234260832975344 0.67999999999999994 0.26828546212211984
0.46933997571460373 0.17506055091093997 0.48000000000000004
0.95534207474619326 0.58182410550803287 -0.080000000000000002
1.0800000000000001 0.42245835481753091 0.36103349937966878
0.31192436485380981 0.51070266058336489 0.48000000000000004
-0.080000000000000002 0.41362972252854779 0.14239361824657168
0.04749685619740418 0.277249051299085 0.48000000000000004
0.90311558382513135 0.40972990577932045 -0.080000000000000002
0.94599868730150105 -0.080000000000000002 0.15308276934710474
0.93401885284798669 0.25419184023363789 0.48000000000000004
0.021366198104945777 -0.080000000000000002 0.38192877032625816
0.8321689144992791 0.062204695079538519 -0.080000000000000002
0.22554380441167265 0.25643122840967736 -0.080000000000000002
0.61133482095374558 0.67999999999999994 0.069224984376081933
0.59805054439625349 0.35141367610603086 0.48000000000000004
0.89287023600370719 -0.080000000000000002 0.2203148255172053
0.96438974571359359 0.67999999999999994 0.035621314980060735
0.51712169436239586 -0.080000000000000002 0.12452297226714114
0.35711979646696967 0.67999999999999994 0.32318943320532595
-0.080000000000000002 0.35403421895728016 0.012807440896118294
0.37305363143122272 0.67999999999999994 0.17983124979636536
0.29291962819764905 0.38981343679410363 0.48000000000000004
0.033196156183259107 0.58371634152848217 0.48000000000000004
0.59866188242789165 0.14226532175839318 -0.080000000000000002
-0.080000000000000002 0.40363467612882103 0.29212157516024273
-0.080000000000000002 0.16866733370265763 0.076588618521331503
0.76873802408567105 0.67999999999999994 0.22305477819815656
0.76104843277643042 0.25254829741088092 -0.080000000000000002
0.68248984393126444 0.36394147920055347 0.48000000000000004
0.09283990438338019 0.35939025850339634 -0.080000000000000002
0.45473390072010755 0.11838244582188244 0.48000000000000004
-0.080000000000000002 0.2534421101886466 0.25647901035218124
0.59200786016407847 0.36817803229310275 -0.080000000000000002
0.67286675780781313 0.34427153681811373 -0.080000000000000002
0.24031482795042769 0.67999999999999994 0.21166882896246794
0.58934371501932636 0.0067753232036541263 0.48000000000000004
0.17955342448661271 -0.080000000000000002 0.090000397354622674
0.16062060469799933 0.34964776427930749 -0.080000000000000002
0.49949801111715386 0.073804287594674292 0.48000000000000004
0.46551460344090934 0.54306091013350066 0.48000000000000004
1.0800000000000001 0.49705327320410347 0.048675216803010679
0.92205956179488835 0.3848152528765752 0.48000000000000004
0.1418979048018072 0.67999999999999994 0.060083874715121943
-0.080000000000000002 0.35849814663031421 0.16230142766166245
0.015115803581189358 0.2444711357461968 0.48000000000000004
0.23658467271381545 0.46665765880241139 -0.080000000000000002
0.90279193241701861 0.67999999999999994 0.14821343364037773
0.17205224972023336 0.32075947843653863 -0.080000000000000002
0.47231242224867265 0.44364259528468908 -0.080000000000000002
0.77766709813582968 -0.080000000000000002 0.27692476482774186
0.10935425791277154 0.052311748474291986 -0.080000000000000002
-0.080000000000000002 0.25667753393955622 0.30805529683370936
0.99461279119549539 0.26003630635917091 0.48000000000000004
0.40917077956598491 0.0067572298473433934 -0.080000000000000002
1.0800000000000001 0.42239439082142755 0.14659529068274524
0.12820904830396274 -0.080000000000000002 0.11190059421238918
0.60962359688115497 0.53958336314056277 0.48000000000000004
0.016448642874810182 0.13564679453074119 -0.080000000000000002
0.54039565297464809 0.3038527723346594 -0.080000000000000002
0.81494953879496757 0.42771198189547066 -0.080000000000000002
0.82362531436446929 -0.080000000000000002 0.054227739275919264
0.5554594989418572 0.33354134997001761 0.48000000000000004
0.60969624861882832 0.19981738326644261 0.48000000000000004
0.44694145846530642 -0.080000000000000002 0.31888907186626686
-0.080000000000000002 0.03928332288202134 0.15300576140407954
0.18551435517460313 0.10658657283548728 -0.080000000000000002
1.0800000000000001 0.14811242705521854 0.18017999340093485
-0.080000000000000002 0.53149756891858257 0.21752328656052469
0.042304993797434243 0.67999999999999994 0.00015123395286016362
0.80095979319222654 0.28673794308329154 -0.080000000000000002
0.22297760760016605 0.39673681970245955 0.48000000000000004
0.55409574444989129 -0.080000000000000002 0.29696933432267147
0.93230249128938136 0.67999999999999994 0.31997757630554907
0.15238918309350891 0.67999999999999994 0.23152328976824568
0.96676209257892642 0.039326748910925469 -0.080000000000000002
0.84684438565689302 0.67999999999999994 0.35132282306456408
0.64507658685798375 0.67999999999999994 0.032063290840528856
0.39336881490390552 0.29286415775417507 -0.080000000000000002
0.53020999689154069 0.55133893626580299 -0.080000000000000002
0.59693048630412004 -0.080000000000000002 0.054377654489282494
0.98071557785497943 -0.080000000000000002 0.28274306233412083
0.81534868035273678 0.050144918929384774 -0.080000000000000002
1.0800000000000001 0.14407413285783671 0.032796712842454535
0.11704363236284221 -0.080000000000000002 0.28951779645254772
-0.080000000000000002 0.057234727649160107 0.21010037284203667
0.39092999068360301 0.44869740098486621 0.48000000000000004
1.0800000000000001 0.56434438847701773 0.34365702783273566
0.12727363891942911 0.32903785237754757 -0.080000000000000002
-0.080000000000000002 0.59249577357885475 0.031373327619431547
0.57841345288685464 0.42542934435718299 -0.080000000000000002
1.0800000000000001 0.10760633888365939 0.35255814995488682
0.64176326812049056 0.039850722002939043 0.48000000000000004
1.0800000000000001 0.53296492664899731 0.14783623858938139
0.1675628448672386 0.67999999999999994 0.0012643376225266679
0.93160485240169566 0.16504752542743972 -0.080000000000000002
0.26529120109530779 0.67999999999999994 0.039568360133807892
0.34326102707971196 0.67999999999999994 0.20818298415581482
0.076294840905052341 0.22518600545013309 0.48000000000000004
0.22876518211478047 0.39954337420209046 -0.080000000000000002
0.83671657067835981 0.34758446659759645 -0.080000000000000002
-0.080000000000000002 0.57028593098403946 0.037630977262387066
0.51769978131022187 0.2350461409275113 0.48000000000000004
0.85476835662376449 0.23994444713688201 0.48000000000000004
0.38832543027640787 0.67999999999999994 0.36986751622775199
0.94717393128813621 0.14492176400862933 -0.080000000000000002
0.23424636703476998 -0.080000000000000002 0.19072334651579778
0.51712300547739853 0.67999999999999994 0.33443018370190125
0.081721432951404216 0.069523958657830204 0.48000000000000004
0.55162259900348332 0.027688023902267368 0.48000000000000004
0.65185216853869399 0.67999999999999994 0.28653094168016296
0.2808274677249738 0.51892680481052345 -0.080000000000000002
0.76360017604695185 0.41657832407697626 0.48000000000000004
0.68389749701290026 -0.080000000000000002 0.25726355256455702
0.013949826634577556 0.101745458360125 -0.080000000000000002
0.38126377525509736 0.13517983431991254 -0.080000000000000002
0.16425769579525473 0.67999999999999994 0.084088943497906521
0.17021470479547973 0.44980225300665089 -0.080000000000000002
1.0800000000000001 0.28584285631616074 0.36960460753597141
0.337429281437161 0.67999999999999994 0.33126809326748441
0.53953685923140127 0.17189466424178579 0.48000000000000004
0.46349627264015492 0.67999999999999994 0.11338219943627457
0.85275791708367366 -0.080000000000000002 0.27141096768356376
0.53723338946110122 -0.080000000000000002 0.33141716238106605
0.24596745344247495 0.04792393451789001 -0.080000000000000002
-0.080000000000000002 0.14552975412240715 0.020113787597333802
0.85780057180878 0.42085090358998356 -0.080000000000000002
0.69647716730671105 0.67999999999999994 0.1348388563382831
0.0096707676235617823 0.67999999999999994 0.12239462589849825
0.13779252808827758 0.43058491815698852 0.48000000000000004
0.82481188793280247 0.069498715681370629 0.48000000000000004
0.36351997447604012 0.13969960896613484 0.48000000000000004
1.0800000000000001 0.24106695279306034 0.084806279115025168
0.046922176180022257 0.54216309269022112 0.48000000000000004
-0.080000000000000002 0.45920101283982906 0.08172062044053599
0.28485114862343053 0.67999999999999994 0.10141880129842794
0.97095797874307643 0.67999999999999994 0.37156609535726282
-0.080000000000000002 0.082208782830153551 0.15260446694622609
0.10475231537225937 0.12536034729588019 -0.080000000000000002
0.33531162379032664 0.67999999999999994 0.14600410458407859
0.35327653946318871 0.39895564817619067 -0.080000000000000002
0.85873315606372447 0.4653206947017855 0.48000000000000004
0.084440281747188539 0.40679674388932596 -0.080000000000000002
0.90643220627308885 0.045966452231410826 0.48000000000000004
0.90642175164299099 0.37075250090084366 -0.080000000000000002
0.29265426543739481 0.36790291322853802 -0.080000000000000002
0.24533020430240549 -0.080000000000000002 0.25370941176478456
0.54229295028670021 0.12129175859054275 -0.080000000000000002
0.38259020142545441 -0.080000000000000002 0.21085545884777945
0.87240478239991304 0.15973855276895904 -0.080000000000000002
0.51167716531474539 0.56701631434973498 -0.080000000000000002
0.64532745934571378 0.39589794134892814 0.48000000000000004
0.1372363321351926 0.027214539618418909 -0.080000000000000002
0.058152578981267244 0.53992143149525629 -0.080000000000000002
0.086603381389404599 0.1565620816775426 0.48000000000000004
0.66514973507753339 0.14963417937618217 0.48000000000000004
0.76181515596885052 0.12553320634350926 0.48000000000000004
0.06476367518459436 0.18719810172574636 0.48000000000000004
0.071293249062208131 0.67999999999999994 0.21417880181991161
0.29601264106254255 0.67999999999999994 0.39081338389304521
0.92683847715946333 0.043857575824115737 0.48000000000000004
0.067185951007242339 0.67999999999999994 0.38091044991943601
0.53314235602655913 0.36349708756020066 0.48000000000000004
0.91845138137672444 0.13818888389040868 0.48000000000000004
0.49709095743230047 0.22218220043850198 0.48000000000000004
0.096891740670528193 0.24478941633166273 0.48000000000000004
0.84991715206743423 0.023177958655910814 0.48000000000000004
1.0800000000000001 0.31539988021596338 0.36699889369693933
0.67656805958224198 -0.080000000000000002 0.16312815088258636
0.90929610553943307 0.67999999999999994 0.055131413822569676
0.3598899234783518 -0.080000000000000002 0.14513741583277714
0.75351432326704615 0.67999999999999994 0.28546512762880299
1.0800000000000001 0.14550595495732022 0.22676614870187933
0.14976141474642413 0.23330727522276196 -0.080000000000000002
-0.080000000000000002 0.31945457927915566 0.24893161356876431
0.74861087953519467 0.67999999999999994 0.21668540809654388
1.0800000000000001 0.48045258872838914 0.27628663400158365
0.984537746834525 0.35995895103785425 0.48000000000000004
0.44783754607759108 0.2535317036564293 0.48000000000000004
0.89526296203607758 0.67999999999999994 0.094469704085465844
0.064370364854142825 0.67999999999999994 0.17857807201768749
0.086180084503385657 0.28669212392123999 -0.080000000000000002
1.0800000000000001 0.017534916022098002 0.063547873030049606
0.32249030082023133 -0.080000000000000002 0.39101448138606143
0.51869050974956854 0.26362864616999016 0.48000000000000004
0.4515716152273237 0.14008437750614122 -0.080000000000000002
0.39098013012698007 0.34472054570785998 -0.080000000000000002
0.97874714892930648 0.20322780145884253 0.48000000000000004
-0.080000000000000002 0.050521755904156369 0.23729901949907686
0.91306435323546864 -0.080000000000000002 0.3321214804954547
0.7106253602471283 0.44298503707667836 -0.080000000000000002
0.43940382988556115 0.38883626332659094 -0.080000000000000002
0.61917862695108661 -0.080000000000000002 0.34545940828090588
0.99671335425974994 0.44209433048148417 -0.080000000000000002
0.85689245906717371 0.67999999999999994 0.13648229189521999
-0.080000000000000002 0.59446504292674507 0.18433545961644582
0.27871262016262954 0.063402805957973318 -0.080000000000000002
0.72128836678093078 -0.080000000000000002 0.26808898438060169
0.46502902835232274 0.056186340648048547 0.48000000000000004
0.71207482647939002 0.065059294018027347 -0.080000000000000002
0.86799868008691439 0.20827089235147428 -0.080000000000000002
0.3920449319554109 0.67999999999999994 0.081608226404761022
0.86072849431742937 0.56147010274833353 0.48000000000000004
0.35340365097167625 0.080970360651157411 0.48000000000000004
0.88152697950116987 0.43739044344153111 -0.080000000000000002
-0.080000000000000002 0.4486032006128351 0.00042314296303076483
0.21101524265729987 0.10560917043802365 -0.080000000000000002
0.39533002942500972 -0.080000000000000002 0.33566759724600004
0.57206333642134855 0.54958435339483092 0.48000000000000004
0.24144897278188804 0.44872338799453332 0.48000000000000004
0.40495595554909714 0.67999999999999994 0.29078341629340787
0.46600920231481202 0.22568112426990866 -0.080000000000000002
0.52319895665381622 0.67999999999999994 0.25232246401223601
0.38320241970306856 0.17883170822908553 0.48000000000000004
0.8206708950277708 0.67999999999999994 0.35251447381316886
0.78896006131242247 0.67999999999999994 0.26867087331414857
-0.080000000000000002 0.41842921468330341 0.087682206873803376
-0.080000000000000002 0.59601633903082696 0.15685065400318404
0.34109218145013276 -0.080000000000000002 0.19260772978461974
0.066320967715879364 -0.080000000000000002 0.072105008995349704
-0.080000000000000002 0.24981346719943154 0.11831504456577951
0.85746307215599638 0.50462855998909928 -0.080000000000000002
-0.080000000000000002 0.28651646763510014 0.26256693501725026
0.74314354148210238 -0.080000000000000002 0.39986824406907584
0.31503272861265375 0.25631774834439847 -0.080000000000000002
0.39603029823095426 0.37959486532323988 0.48000000000000004
0.33806965911291986 0.063368645746287866 -0.080000000000000002
0.067381997410033478 0.51860968471336621 -0.080000000000000002
1.0800000000000001 0.18263712955295108 0.10194655600073754
0.52702212159858519 0.49868651260886532 0.48000000000000004
0.4993634887886228 0.17107228134867425 0.48000000000000004
0.096613691569853888 0.67999999999999994 0.3428711987386901
0.67414441426964899 0.67999999999999994 0.30465215286856528
0.89993149055649935 0.28098208732339369 0.48000000000000004
0.91377425464579043 0.28376807538225274 -0.080000000000000002
0.63431682839642767 0.31740480787899628 0.48000000000000004
-0.080000000000000002 0.30658616353935919 0.040377931218882779
0.92140493088701192 0.5811155769316485 0.48000000000000004
1.0800000000000001 0.30206614748947663 0.073263601927078842
0.42746557877193647 -0.080000000000000002 0.33006978938559445
0.46639226079304164 0.57357707136638147 -0.080000000000000002
0.7040403784893301 -0.080000000000000002 0.18660467676871303
0.70696502272532735 0.5254410129265662 0.48000000000000004
0.77034744824087231 0.67999999999999994 0.05452884803760636
0.43005706406678568 0.017998901357359931 -0.080000000000000002
0.84102129097677347 0.2932232748407459 -0.080000000000000002
0.090529765172933652 0.67999999999999994 0.17150947184194776
0.82823014961293229 0.67999999999999994 0.39170856023237799
0.71546052626727163 0.67999999999999994 0.31926460435608739
0.17637303663704362 -0.080000000000000002 0.26354652454997651
0.080183728450496483 0.67999999999999994 0.033258947519864246
-0.080000000000000002 0.25804422854004239 0.2022146811056906
0.71492794514855029 0.13226412722736441 -0.080000000000000002
0.80204519998201229 -0.080000000000000002 0.08836475427911239
0.47125713142058367 -0.080000000000000002 0.12865832018771042
0.12136209354056349 -0.080000000000000002 0.37518302127940129
0.018463292915694152 0.67999999999999994 0.29139388871196437
0.71892520676494531 0.4866810117825377 -0.080000000000000002
-0.080000000000000002 0.51708192830353628 0.16524954661993185
0.1782164111604102 0.67999999999999994 0.22112017922887506
-0.080000000000000002 0.29029576514882099 0.11028685280650148
0.30618250680356685 0.46464489075828719 -0.080000000000000002
-0.080000000000000002 0.4490643045112932 0.18157649693991271
0.36673825336498578 0.67999999999999994 0.22022912502815195
0.010782010770872485 0.55803444895644216 0.48000000000000004
1.0800000000000001 0.19471686552345985 0.23652231642038518
0.64116721618364725 0.25296225081563423 -0.080000000000000002
0.2430208558413558 0.4428324253235093 -0.080000000000000002
1.0800000000000001 0.39681695110832138 0.099966286627416689
-0.080000000000000002 0.33846979818945166 0.27961512840283759
0.86500903047926181 0.046568904277960899 -0.080000000000000002
0.19433794498554402 0.0061216038120657235 -0.080000000000000002
0.89664720894219074 0.064767263678388254 -0.080000000000000002
0.39563903987535487 -0.080000000000000002 0.12311093096798049
0.47087031157200843 0.20171574005395032 -0.080000000000000002
0.71906558167849621 -0.080000000000000002 0.39494410280222297
0.65529341813704522 0.67999999999999994 0.06016965615407819
0.32092316794766962 0.17159172303899251 0.48000000000000004
0.61741885017160347 0.39300613747013236 -0.080000000000000002
0.22096937931392835 0.079851313162634274 -0.080000000000000002
0.61011973626598659 -0.080000000000000002 0.21331845256025841
0.94205098560730305 0.086956737198528589 -0.080000000000000002
-0.080000000000000002 0.22863137370033448 0.064929185683346935
0.7398269024439601 0.67999999999999994 0.011591337138590242
0.51464951404403192 0.67999999999999994 0.1632416129089288
0.15369744636246996 -0.080000000000000002 0.0092350528161585736
-0.080000000000000002 0.1105835660218317 0.2602596637897921
0.42176925819206967 0.32110013444870772 -0.080000000000000002
0.39531591931952181 0.47182795243734293 0.48000000000000004
1.0800000000000001 0.38182949516150533 0.19850754529786585
0.81175355963061635 0.34011866316090383 -0.080000000000000002
-0.080000000000000002 0.23877448749495536 0.15112023552661455
0.44547257066715429 0.35863103759076936 0.48000000000000004
0.0074494609265949308 0.37040462174622407 0.48000000000000004
0.50018542615722483 0.22400471937570221 -0.080000000000000002
0.29157740738396765 0.10425779878817021 -0.080000000000000002
0.86294729545800608 -0.080000000000000002 0.09936861634063876
1.0800000000000001 0.49098480527414251 0.13923076268883161
0.61792490687774748 -0.080000000000000002 0.18606107658916021
-0.080000000000000002 0.036135771393830597 0.058825609531195977
-0.080000000000000002 0.070823034561546372 0.17950463608015466
0.21605085263236024 0.67999999999999994 0.16592006347119592
0.51479587062902243 0.138418464642031 -0.080000000000000002
0.39360401169006909 0.083066253658306902 0.48000000000000004
0.81233389259161437 0.50226990759032808 -0.080000000000000002
0.11862289383549562 0.47247646272394539 0.48000000000000004
0.17622499600172914 0.39649147559773207 -0.080000000000000002
0.78448290706611401 0.34910686372619276 -0.080000000000000002
0.17079174236785033 -0.080000000000000002 0.34103292581026146
0.17448038494221407 -0.080000000000000002 0.24329370702506981
0.80675119796104311 0.25181659286540642 -0.080000000000000002
0.83772480073381728 0.67999999999999994 0.31218913146454197
-0.080000000000000002 0.2035033815662681 0.015017063840062806
0.64550419346152765 0.18953021461977626 -0.080000000000000002
0.69900243189612088 0.67999999999999994 0.27657339295085198
1.0800000000000001 0.41117082793304416 0.33747364402296864
0.61368363739467646 -0.080000000000000002 0.3850228267117517
0.85776767521527286 0.67999999999999994 0.09739157364091354
-0.080000000000000002 0.12108939498309274 0.38453490710365767
0.81085336462729685 0.53263045939374776 0.48000000000000004
0.65826986472145133 -0.080000000000000002 0.18785486797440054
0.36701744254488422 0.10883716681155642 -0.080000000000000002
0.92872706606089817 0.51511774214750161 0.48000000000000004
0.22000802593677249 0.03806683250743876 0.48000000000000004
0.68060072473728661 0.67999999999999994 0.15478239771166258
0.84953778378141165 -0.080000000000000002 0.32836018629944991
0.98824604342960731 0.67999999999999994 0.2428098290238169
1.0800000000000001 0.36001443315034343 0.23149086865536819
0.59675600324650235 0.50458822598265218 -0.080000000000000002
1.0800000000000001 0.29338348311866108 0.14705588556706792
1.0800000000000001 0.068277709831705446 0.34068886445385393
0.87612057704077395 0.55874589749342696 -0.080000000000000002
0.91710817117955001 -0.080000000000000002 0.013287413878398491
0.56180113080213734 -0.080000000000000002 0.13416378840012141
0.43809721754109243 0.23480384429171033 0.48000000000000004
0.047942966515202579 0.04823544344588937 -0.080000000000000002
0.77821680862444453 0.48183077301202476 0.48000000000000004
-0.080000000000000002 0.30490894768697074 0.083061179616860423
0.20502961135098696 0.50134362379714958 -0.080000000000000002
0.63433460630219607 0.67999999999999994 0.069435312037013294
-0.080000000000000002 0.54321457800248607 0.051736840703107981
0.95099761916937953 0.4027627546023142 0.48000000000000004
0.17964877768950482 0.48263209685420572 0.48000000000000004
0.69788832099857512 0.34649624467143281 -0.080000000000000002
0.77675398504629467 0.31825637159292491 -0.080000000000000002
0.59618073307768926 0.27964723422050103 0.48000000000000004
0.54232518295561138 -0.080000000000000002 0.26269689479745972
0.78986446611756589 0.53894617803546396 0.48000000000000004
0.19735710749554491 0.33196359682510335 -0.080000000000000002
0.55188199322010001 0.18117091807846952 -0.080000000000000002
0.038334948367988786 0.51388999128473467 -0.080000000000000002
-0.080000000000000002 0.022624234556987564 0.21524345853386562
0.24609977793583748 -0.080000000000000002 0.28790553516252809
0.21216047597360588 0.28110322023338119 -0.080000000000000002
0.8622777048624316 0.0062316437879199604 -0.080000000000000002
0.9258548179684567 0.67999999999999994 0.21840316667427936
-0.080000000000000002 0.25691743302840497 0.054652179145082518
0.44726473304842118 -0.080000000000000002 0.36928103800867357
0.38902001844815381 0.51612627595307237 0.48000000000000004
0.33089081722828184 0.52195159898620058 -0.080000000000000002
0.13054497814144628 0.57218433483058051 0.48000000000000004
-0.080000000000000002 0.51324643827754524 0.23569611974186577
1.0800000000000001 0.32509614296433365 0.090372157563276989
0.092566096995003733 0.48024423136301903 -0.080000000000000002
0.22215518769894449 -0.080000000000000002 0.061336137683530724
1.0800000000000001 0.061934824809089184 0.25167762186261289
0.50172067943148047 0.35938205563645387 -0.080000000000000002
0.17477596120457595 0.26314196243152721 -0.080000000000000002
0.35582164512523107 0.24208889859196459 -0.080000000000000002
0.60652592459445975 0.14447132527074669 0.48000000000000004
0.56670945331765987 0.59551255207305631 0.48000000000000004
0.30058018557133082 0.13280724449493889 0.48000000000000004
0.013329881241377239 0.53107051905007319 -0.080000000000000002
0.71077931531148808 0.34035774071074848 0.48000000000000004
-0.080000000000000002 0.42766216141113117 0.30747803287802355
0.75586370366040079 0.56232929868304538 0.48000000000000004
-0.080000000000000002 0.14575123161696135 0.31662977218318489
1.0800000000000001 0.42916198677031392 0.086325985236562014
0.40971198542204579 0.519660597279888 0.48000000000000004
0.17648634142279418 0.58077801638685789 0.48000000000000004
0.35508578311318939 -0.080000000000000002 0.35791144678024001
1.0800000000000001 0.25781953526688772 0.27239755364575546
0.11312307050045778 0.67999999999999994 0.27009837094791611
0.63414785106533589 0.35993421548763882 -0.080000000000000002
0.23915892320687648 0.56783401423941648 0.48000000000000004
0.17894672001100131 0.070000364418706051 -0.080000000000000002
0.38881318359781014 0.55120196213631467 0.48000000000000004
0.65643537733436075 -0.080000000000000002 0.25932985458185553
1.0800000000000001 0.45553777571948484 0.21359268754233326
0.35779268408103981 0.45612028656689707 -0.080000000000000002
0.071929858077578901 -0.080000000000000002 0.019567364955190937
0.065805943108820375 0.5257275658476166 0.48000000000000004
0.35592813714581195 0.10733632716642069 0.48000000000000004
0.28969900345177113 0.67999999999999994 0.16332017136838939
0.87820513659018773 -0.080000000000000002 0.23803654632646154
1.0800000000000001 0.4649685201211794 0.25718951562273773
-0.080000000000000002 0.15815115183583875 0.35204735886101274
0.69463208491033879 0.41984108244329366 0.48000000000000004
0.30780180268742852 0.43060316526087428 0.48000000000000004
0.19984111974400875 0.33353672162926351 0.48000000000000004
0.980419369202157 0.67999999999999994 0.18562781044012056
0.95157651067320115 -0.080000000000000002 0.10254899830058017
0.80961977978064537 0.67999999999999994 0.25711813861770522
0.56387053347169003 -0.080000000000000002 0.33782490172169055
0.4807905808466707 0.29043435690005931 -0.080000000000000002
0.43715871658092853 0.67999999999999994 0.098381032089509421
0.48922239545166557 0.043621377146085272 -0.080000000000000002
1.0800000000000001 0.024350621937108574 0.033134713729605192
0.32697267638712346 0.59594787224680068 0.48000000000000004
0.47090588324036486 0.49353997857844439 -0.080000000000000002
0.45053390756843337 0.023571008391555903 -0.080000000000000002
-0.080000000000000002 0.26721743900104861 0.39938895685302755
0.19035363148567375 0.56777590475278561 -0.080000000000000002
-0.080000000000000002 0.24866375304816801 0.37039923489917853
0.47610349689901488 0.20540791741803147 0.48000000000000004
0.52983692714766117 0.011274113528021212 -0.080000000000000002
0.30829997127509889 0.073485079390838481 -0.080000000000000002
0.2434098202494015 -0.080000000000000002 0.3957614170588899
-0.080000000000000002 0.14286940181305813 0.13588200213093077
0.69490423031566551 0.45747213082287108 -0.080000000000000002
1.0800000000000001 0.37534041419439612 0.035348341329099545
0.74481261329600479 0.18998085031389689 -0.080000000000000002
0.96829453098018681 -0.080000000000000002 0.17684046996802449
0.94407516351750309 0.67999999999999994 0.1791365073575174
0.91719374787731078 0.67999999999999994 0.39063292045975123
0.56948698243205698 0.52613506286050815 0.48000000000000004
-0.080000000000000002 0.30588477994950447 0.35613823264602407
0.43473119559714912 0.67999999999999994 0.30103562491614716
0.13427231025217734 0.67999999999999994 0.26807307439903494
0.089286830068405099 0.2216666102693069 -0.080000000000000002
0.14993810244307848 0.08050338339460128 -0.080000000000000002
0.44449260995998163 0.67999999999999994 0.38843125681355684
0.98835878576391045 -0.080000000000000002 0.11355544073395935
0.20367998265104803 0.45710422430720171 -0.080000000000000002
0.8261137338423753 0.67999999999999994 0.14873163731122371
0.80969612140560965 0.67999999999999994 0.12094643267611156
0.57282094073669887 0.03305452209150201 0.48000000000000004
0.4180834589364284 0.55319614494579505 -0.080000000000000002
0.45824581105249595 0.67999999999999994 0.17961982087146719
0.4909052806548061 0.32559759663101895 -0.080000000000000002
0.44481838923897554 0.30533965321612627 -0.080000000000000002
-0.080000000000000002 0.049351972951139821 0.27576196589189284
0.57402852177095365 0.67999999999999994 0.33081658197740649
0.43348445076023756 0.67999999999999994 0.04095047592606247
0.9414427303054379 0.67999999999999994 0.0071727805858502252
0.36018512426281246 0.16855132713840193 0.48000000000000004
0.50486700904622905 0.30876829999958905 0.48000000000000004
0.91812680376117617 0.47010631782138501 -0.080000000000000002
0.89302301406859896 0.3544873491882029 0.48000000000000004
0.68673876897517494 0.053031661793980778 0.48000000000000004
0.62158728607910074 0.053330154535665787 0.48000000000000004
0.70548550212274874 0.43778109593602538 0.48000000000000004
0.93811930291452394 0.67999999999999994 0.23555730270251868
0.80118189414892615 0.14893895076892283 0.48000000000000004
0.4844594440500084 -0.080000000000000002 0.046320239379307009
0.32403644609783755 0.017552624636462899 -0.080000000000000002
0.3359705939318911 0.1004839133678804 0.48000000000000004
0.59464904315895384 0.67999999999999994 0.16451606205592456
0.016650462977174985 0.51104334732875834 -0.080000000000000002
0.97447341804298604 -0.080000000000000002 0.39527501574971291
0.90625427398493275 0.59304503379996831 -0.080000000000000002
0.64009270340648572 0.19954963287478478 0.48000000000000004
1.0800000000000001 0.30904555885864238 0.019957334724136324
0.20333195665608106 0.45167574438486258 0.48000000000000004
0.73359490170292818 0.58211282383116747 -0.080000000000000002
0.70616067154520223 0.082374244389091647 0.48000000000000004
-0.080000000000000002 0.48983521222754167 0.10652321545058802
0.95127953483005334 0.022141056246205215 -0.080000000000000002
0.6556023973597348 -0.080000000000000002 0.22462807277937302
0.97137312205353288 0.24086477705796991 0.48000000000000004
0.75502419264365883 0.48600973104009659 0.48000000000000004
0.90903635559553209 -0.080000000000000002 0.052004593629719598
0.28831555043261536 0.029847074577228482 0.48000000000000004
-0.080000000000000002 0.10571910235629831 0.28092594671051951
0.0010243285661979407 0.070760168587795449 0.48000000000000004
0.59276180238138954 -0.080000000000000002 0.37633072493913999
0.80864137680461246 0.29355528004408821 0.48000000000000004
0.70434094763523381 -0.080000000000000002 0.073165188471069786
0.62053929474919378 0.09414846450045089 -0.080000000000000002
0.57828259226021672 0.28734104889513512 -0.080000000000000002
0.14199191911376119 0.67999999999999994 0.030234528329052338
0.80486277721571919 0.45076620471222373 -0.080000000000000002
0.55432577404667649 0.10114136904964854 -0.080000000000000002
0.28658046921314206 0.57958659633008613 -0.080000000000000002
0.99956591760538038 -0.080000000000000002 0.074269239098719686
0.24771537411437095 0.67999999999999994 0.15644909120952477
-0.080000000000000002 0.12561000258528479 0.079664632262816643
0.011436209618702953 0.58766432765941568 -0.080000000000000002
0.24432246656950307 0.67999999999999994 0.30019720786530157
0.56119422869295965 0.67999999999999994 0.29325577274258258
0.80444038931172845 0.57303409964213403 -0.080000000000000002
0.31314796228401065 -0.080000000000000002 0.22096363151363524
0.80195132688340787 0.67999999999999994 0.0027425703241419799
0.25197416519030358 0.39488057526141762 0.48000000000000004
0.97710520261567901 0.41840682115073763 0.48000000000000004
0.12508312926567855 0.67999999999999994 0.17180841871798599
0.092206751218979699 -0.080000000000000002 0.10774435989218674
0.53163262568277503 0.47140085648809726 -0.080000000000000002
0.066207226642522876 0.67999999999999994 0.25492476575848333
0.22755658186817262 0.67999999999999994 0.19593232004245117
0.59042969579490601 0.42012360300706331 0.48000000000000004
-0.080000000000000002 0.017670245253065976 0.012977464443347242
1.0800000000000001 0.38501734073320815 0.33029250042788388
0.88497459816150459 0.1382659470843596 0.48000000000000004
0.096628364951227397 -0.080000000000000002 0.35075358442517235
-0.080000000000000002 0.5107033162121557 0.0053437871211154068
0.48791400407689212 0.67999999999999994 0.11837552391413944
0.77811363445228732 0.67999999999999994 0.36355491012877783
0.66221655949907954 0.11576633036698925 -0.080000000000000002
0.95159659283409537 0.15725950389892338 0.48000000000000004
0.89216123502086031 0.27999071566185751 -0.080000000000000002
0.5661801681577735 0.36253978627909272 0.48000000000000004
1.0800000000000001 0.084397693010797137 0.037512279868102287
0.21428341465343947 -0.080000000000000002 0.093145350879319286
0.34607556790890759 0.19870467070284192 -0.080000000000000002
0.45170349329042336 0.36007043455009169 -0.080000000000000002
0.40377793303832199 0.070339351495590674 -0.080000000000000002
0.59593268204144911 0.67999999999999994 0.3087266533342834
0.93782693539486273 0.19699121851488879 0.48000000000000004
-0.080000000000000002 0.13417756598297348 0.15849002963857775
0.8630783564327259 0.67999999999999994 0.0017138062178199132
0.26578700217147078 0.25865434068345894 0.48000000000000004
-0.080000000000000002 0.3544309151227209 0.041156447450768498
-0.080000000000000002 0.20328376031300097 0.24128969954660071
0.96272589132239517 0.67999999999999994 0.13872832748041816
0.59086749066337463 -0.080000000000000002 0.26358902184053756
0.66085364287824677 0.1723186385751965 0.48000000000000004
0.7391640633136225 0.075522131767336687 -0.080000000000000002
0.33035614257107826 -0.080000000000000002 0.25677105589446858
-0.080000000000000002 0.079368089008312229 0.057139904824892229
0.53342063356566183 0.17049212583263074 -0.080000000000000002
1.0800000000000001 0.16076907295347537 0.14949750914586332
-0.080000000000000002 0.12333642162313246 0.052924415233583093
0.2567155272962045 -0.080000000000000002 0.2148876246268186
1.0800000000000001 0.31522294512063692 0.39964150131430604
0.29211395721322964 0.67999999999999994 0.3054149050686682
0.66767963370192218 0.48174083367450743 0.48000000000000004
-0.080000000000000002 0.29973182718091929 0.14872177479823565
0.012448798319504295 -0.080000000000000002 0.322074278570818
0.75292343777537474 0.10187728354996292 0.48000000000000004
0.66852851977124217 0.092511616554168855 0.48000000000000004
0.83038868280565215 0.67999999999999994 0.23528464092753923
0.65830967037005306 0.1429703457210455 -0.080000000000000002
0.44106477575056113 0.56895910784641324 -0.080000000000000002
0.93804228263634937 -0.080000000000000002 0.070510598203914143
-0.080000000000000002 0.46436539705520397 0.34030055679894544
0.023659994404505058 -0.080000000000000002 0.20313437968042367
0.19400050335789587 0.67999999999999994 0.37986057546757568
0.046217355225842249 0.67999999999999994 0.27196809069605132
0.6478585676598535 -0.080000000000000002 0.29989462659641997
0.37793607759119319 -0.080000000000000002 0.17250851857567728
0.31597388006737681 0.29550228845249898 -0.080000000000000002
0.52279267062611035 0.011820333613090849 0.48000000000000004
0.74411996105664024 -0.080000000000000002 0.32521570183266807
0.53363195353818305 -0.080000000000000002 0.18808108561297435
0.34428450975242431 0.015166782837490844 -0.080000000000000002
1.0800000000000001 0.10659125375795891 0.15898530141267375
0.41029934467859164 -0.080000000000000002 0.16724303919849121
0.83571336492541703 0.46239000734294899 -0.080000000000000002
-0.080000000000000002 0.43390860595838643 0.3819220313234955
1.0800000000000001 0.11242239935369613 0.18172303062782535
0.43830006557410595 0.58522010097224486 0.48000000000000004
0.55962482946666803 0.67999999999999994 0.1707070790471597
0.75342763286495462 0.67999999999999994 0.16031429172577233
0.83346317925653157 0.67999999999999994 0.16944075885731463
0.65923018332809002 0.35762935680581298 0.48000000000000004
0.61171657102270938 0.52244465874384005 -0.080000000000000002
0.23864506687610876 0.21372101669556692 -0.080000000000000002
0.78879954681951692 0.67999999999999994 0.24450027546082409
0.3263133218767067 0.13111429517105636 0.48000000000000004
-0.080000000000000002 0.35131934432454803 0.099749700041530082
0.089674782445062107 0.45791314313671683 0.48000000000000004
0.20449952892687895 0.67999999999999994 0.080582731104548666
0.66099595831291658 -0.080000000000000002 0.38565160945226173
0.35849000992491242 0.56617803029405622 0.48000000000000004
1.0800000000000001 0.21943329383911464 0.068164309976972162
0.55689431321682015 0.48960261643035441 -0.080000000000000002
0.15651248199339429 0.38544356009512154 -0.080000000000000002
0.00058683537511194928 0.48603877658466332 -0.080000000000000002
0.21492041870794698 0.67999999999999994 0.0023859267083894855
0.63803038668808276 0.56608771864747753 0.48000000000000004
0.17114294670861196 -0.080000000000000002 0.18664933401644751
0.27746950739811849 -0.080000000000000002 0.023603656957080291
0.2848423055313889 0.14525454113849745 -0.080000000000000002
0.0020739763020881652 -0.080000000000000002 0.13097837189141043
-0.080000000000000002 0.35412356572925063 0.12265070991911498
0.13626390131405475 -0.080000000000000002 0.048136501309956038
0.66073626198137025 0.5397016322690158 0.48000000000000004
0.32256517759329917 0.18106657981800622 -0.080000000000000002
0.054261953085577797 -0.080000000000000002 0.25169539227233484
-0.080000000000000002 0.24454942249572462 0.0089424224416785776
0.86032806057725342 -0.080000000000000002 0.20868859200856282
0.27309915147849095 0.30243384271081397 0.48000000000000004
0.66319676221402513 0.67999999999999994 0.19083860470515637
0.95742000046557663 -0.080000000000000002 0.36593343692860913
0.55160680654179628 0.67999999999999994 0.2323989082132365
0.08111682220598937 0.58255423575393295 0.48000000000000004
0.59674902684385744 0.38971902442856754 -0.080000000000000002
0.50760822537776285 0.35671356692912026 0.48000000000000004
0.1270116939889695 0.67999999999999994 0.098811056333455716
1.0800000000000001 0.14446369600175279 0.3199953444118328
0.22852887873893479 0.54339867420358812 -0.080000000000000002
0.34230299894975558 -0.080000000000000002 0.1006079735749299
0.62887326109939479 0.67999999999999994 0.13387248283774472
0.98537921259864447 0.67999999999999994 0.39256878612202928
0.23582446202150464 0.67999999999999994 0.17303892292122292
0.77279399256333026 0.13727181338375816 -0.080000000000000002
-0.080000000000000002 0.15741670886631293 0.37528851508607541
0.68429562434301194 0.4974837383307103 0.48000000000000004
0.054649207751457651 -0.080000000000000002 0.28541812471114109
0.7282323342644399 0.017698437183644722 0.48000000000000004
0.92333932772191663 0.67999999999999994 0.1794653441093427
0.85833109266899388 0.085788911090450684 0.48000000000000004
1.0800000000000001 0.24094904950878315 0.14450928939922258
0.49762646791964971 0.47409000195557571 -0.080000000000000002
1.0800000000000001 0.40926679748335448 0.29613591594833705
0.85983000756669647 -0.080000000000000002 0.38250771865784916
0.25452176285141259 0.47860780596399488 -0.080000000000000002
0.81749716485937762 0.56105425577660839 0.48000000000000004
1.0800000000000001 0.18761816458977265 0.18323577293239965
-0.080000000000000002 0.42168548645658538 0.058619999438444648
0.057047954837106229 0.37005963202985404 -0.080000000000000002
0.13580740799440438 0.67999999999999994 0.20747070123583722
0.86007995501461465 0.099314072359143357 -0.080000000000000002
0.78168488281390369 -0.080000000000000002 0.086872016685930351
0.26741874627130469 0.32981303449757182 -0.080000000000000002
0.97152168605938338 0.67999999999999994 0.31666102109727629
-0.080000000000000002 0.34297499534815407 0.38891599943407479
0.60907016510462997 0.45022156118728529 0.48000000000000004
1.0800000000000001 0.15743527281475767 0.00046380484582497772
0.15051915340467659 -0.080000000000000002 0.31722148321539784
0.59755233912771422 0.031808935010340766 -0.080000000000000002
0.22022925551141148 0.1328348419536397 -0.080000000000000002
0.74244885529547033 0.67999999999999994 0.13241006276271899
0.44664554819880409 -0.080000000000000002 0.27053018923123551
-0.080000000000000002 0.23503937468105612 0.094524877039225796
0.20734976317812859 0.14881354175667846 0.48000000000000004
0.41909726928337998 0.67999999999999994 0.24322720499131584
0.4256369414215494 0.46485006819402391 -0.080000000000000002
0.36768668694362672 -0.080000000000000002 0.19491660141452283
0.084866684491816891 0.0045679012620050141 -0.080000000000000002
0.54592828344187616 0.083057766459388518 0.48000000000000004
0.31999804631665074 0.67999999999999994 0.23793254570687006
-0.080000000000000002 0.018548108329127611 0.37824189514006618
0.13936519043138718 0.46969844718350828 0.48000000000000004
1.0800000000000001 0.53796628861326157 0.20065791808838612
0.034183169075195141 0.034055534263832517 0.48000000000000004
0.34186921569307294 0.67999999999999994 0.18158175584717512
0.39652544177054716 0.67999999999999994 0.20493199299872378
0.45906189476824555 -0.080000000000000002 0.34764421944047474
0.74485391220901709 0.67999999999999994 0.07900683474644242
0.65122314735571785 0.67999999999999994 0.31117988742670089
0.093057128754970408 -0.080000000000000002 0.32446461004827581
0.12321743024049248 0.2669255476963896 0.48000000000000004
0.99764876156178672 0.40875261185618328 0.48000000000000004
0.54095039518565002 0.39343211167824321 -0.080000000000000002
0.64146822392559333 -0.080000000000000002 0.20436271646324922
0.22550456054765977 0.36454307060734914 -0.080000000000000002
0.056304698992869051 0.32733304495664461 -0.080000000000000002
0.23542271752378396 0.053843496934361676 0.48000000000000004
0.77866999114360369 -0.080000000000000002 0.11574931414268347
0.92787749826577071 0.46393549595208461 0.48000000000000004
1.0800000000000001 0.19500685456068906 0.34041364081206571
0.67703114667782982 -0.080000000000000002 0.063103422020017771
-0.080000000000000002 0.31018428849995355 0.2235714907092847
0.43640660392014197 0.1165236327132757 -0.080000000000000002
-0.080000000000000002 0.53185466889371358 0.033965580943568212
0.54542502341339694 0.34806828485796037 -0.080000000000000002
-0.080000000000000002 0.41408344111302919 0.21154895918648775
0.17122108947670156 0.29712544944421976 0.48000000000000004
0.37642601658882435 0.36683638849957656 0.48000000000000004
1.0800000000000001 0.24366855749298894 0.36613867384781917
0.55239160859545822 0.53520390438778409 -0.080000000000000002
0.99884953637483564 0.031872706361130265 -0.080000000000000002
0.79896364014307786 0.67999999999999994 0.39353106761134476
0.77619531889759208 0.10892475821420064 0.48000000000000004
0.39137905519628502 0.67999999999999994 0.22529920029190481
0.1603889883650369 0.19414320512609212 -0.080000000000000002
0.33779914219328222 0.67999999999999994 0.38290913789516257
0.66817639079498681 0.28416636239453757 -0.080000000000000002
-0.080000000000000002 0.10704173047403354 0.19438105054778407
0.74105089007423564 0.32051411424746284 0.48000000000000004
0.94827735489395049 0.10694609967569448 0.48000000000000004
0.33058443141608185 0.43263171222872299 -0.080000000000000002
0.49124822108376909 0.28989191373936102 0.48000000000000004
0.56597282534525728 0.67999999999999994 0.37136930354570258
0.090726242756827169 0.2569568804810719 -0.080000000000000002
0.49585639734737152 0.39003784719877488 0.48000000000000004
0.90837035592095539 0.21037384053464572 0.48000000000000004
1.0800000000000001 0.33672562377787901 0.19073732794017584
0.19615444117139136 0.67999999999999994 0.34501089961223919
0.54415965882672002 -0.080000000000000002 0.35807331228898254
0.71126148160766045 0.28358429346282965 0.48000000000000004
-0.080000000000000002 0.4213977933139047 0.3274017260572839
0.062972212116694681 0.1717836046160488 -0.080000000000000002
1.0800000000000001 0.50830768323379172 0.067925664330243385
0.46138638294880907 0.67999999999999994 0.04819702824685717
0.33690139433180233 0.67999999999999994 0.05817286327612288
0.83293878756473605 0.19413859852348903 -0.080000000000000002
0.90550911967564462 0.46930668159900935 0.48000000000000004
-0.080000000000000002 0.43223522528462804 0.28499681626929191
0.65325359516804971 -0.080000000000000002 0.0060023337673981384
0.077906293171784102 0.43767472072816382 0.48000000000000004
0.30545112962166099 0.22297303097121296 0.48000000000000004
0.80336973224602259 0.67999999999999994 0.025840240041486596
0.6121007653006213 0.41013032768624069 0.48000000000000004
0.76659209788239591 -0.080000000000000002 0.34732065211162622
0.12245793802711824 0.39397267031137639 0.48000000000000004
-0.080000000000000002 0.28636789744932156 0.063701547230266803
0.63950655740479567 -0.080000000000000002 0.092397103380409185
0.4655264405998506 0.30591600481731873 -0.080000000000000002
1.0800000000000001 0.21486347338399792 0.37804776007074659
0.39065223018302786 0.17922603967051631 -0.080000000000000002
0.2839880521417163 0.16035207143020516 0.48000000000000004
0.13967191822102742 0.5213447617035919 0.48000000000000004
1.0800000000000001 0.56279769501034738 0.00091980624248022558
0.47609716423764725 0.31651919450101607 0.48000000000000004
0.62634216375689089 0.14266411624050163 -0.080000000000000002
-0.080000000000000002 0.54379256130389475 0.077235615586240647
0.016043566825849398 0.67999999999999994 0.087622526296420977
-0.080000000000000002 0.11281707325292534 0.10863285512221937
-0.080000000000000002 0.47298194843754626 0.29704336981663593
0.19758791082968086 0.27386896197753174 0.48000000000000004
-0.080000000000000002 0.182743265899449 0.31000725470861196
0.71515541450026721 -0.080000000000000002 0.32456169266907875
0.51070310268809993 0.14581617045102133 0.48000000000000004
0.58185857292056309 -0.080000000000000002 0.12793767243840357
0.59940972116393898 0.59351607127507922 -0.080000000000000002
0.95857810376167252 0.49074923624898248 -0.080000000000000002
0.53246277073391635 -0.080000000000000002 0.38018770320093537
0.44866700116734981 0.32681057315382483 -0.080000000000000002
0.57204520797968827 0.67999999999999994 0.074676213570172983
0.36095519676769006 0.67999999999999994 0.12276286903391825
-0.080000000000000002 0.28082208954919535 0.3163947758370243
0.92202615536083132 0.53212797146364865 -0.080000000000000002
0.91069170890195883 0.090561347163942374 -0.080000000000000002
1.0800000000000001 0.50770857747953002 0.1932977116494298
0.43880823063533392 0.45067740691482505 0.48000000000000004
0.010743531695318609 0.67999999999999994 0.31911573159770179
1.0800000000000001 0.48010055154244352 0.23725481080189514
-0.080000000000000002 0.18134125798044595 0.39903085580573228
0.042079349146171952 -0.080000000000000002 0.073261895036392619
0.91184213053988383 -0.080000000000000002 0.26428140765356101
0.96067883928143682 0.19404512277478098 -0.080000000000000002
0.82803755599536011 0.67999999999999994 0.067819553617172179
0.32697047373542931 0.4446805268503714 0.48000000000000004
0.78688733615453721 0.67999999999999994 0.20075511395465712
0.22806196116937572 0.080683940668654697 0.48000000000000004
0.81589690465631892 0.21868696792455355 -0.080000000000000002
-0.080000000000000002 0.52769792282903705 0.35024349843292257
0.17869990831193405 0.67999999999999994 0.024439335255052264
0.59435111450073685 0.065898824879468965 -0.080000000000000002
0.47872564032903686 0.67999999999999994 0.071159315797270931
1.0800000000000001 0.017516631555225648 0.28632757227991273
0.77947453349931795 0.40763194728810292 -0.080000000000000002
0.24427588816942825 0.36906284754085072 0.48000000000000004
1.0800000000000001 0.074403525763442113 0.16047855418746335
0.59708224638570007 0.5764775679939329 0.48000000000000004
0.38001710458940585 0.67999999999999994 0.29097376735435887
0.095685896401650927 0.67999999999999994 0.31262686910760162
0.1328924033966683 0.42623070664115081 -0.080000000000000002
0.11210472364331658 0.39185803464957458 -0.080000000000000002
0.909262000447147 0.54512148553094775 0.48000000000000004
-0.080000000000000002 0.44501516545374942 0.062985868533049022
-0.080000000000000002 0.21797764478432582 0.27263387297201169
0.42067741989294816 0.34171774547675071 0.48000000000000004
0.68583100610931669 -0.080000000000000002 0.20263147357873273
0.10049688313955008 0.67999999999999994 0.085749200564101291
1.0800000000000001 0.27104318079161199 0.38443343206040526
0.24581698041536271 -0.080000000000000002 0.34018840502233899
0.61585958318664924 0.67999999999999994 0.25858292515533965
0.21950292981931652 0.22372868657197925 -0.080000000000000002
-0.080000000000000002 0.0092231325913651567 0.27908958357007729
0.89481870773199812 0.67999999999999994 0.39849770589279043
1.0800000000000001 0.57528586785626623 0.17110844215744214
-0.080000000000000002 0.55763745539601983 0.13664989761014038
0.70470667516109353 -0.080000000000000002 0.25581694057349069
0.66787944001551236 0.083523673594888548 -0.080000000000000002
0.3543169453047369 0.67999999999999994 0.29217329270533393
0.85048992976135118 0.58111484428835136 -0.080000000000000002
0.17973844781754678 -0.080000000000000002 0.14591945146427163
0.34427335890576938 0.67999999999999994 0.017274906422113424
0.70037509139248633 0.53250366286246209 -0.080000000000000002
0.98492588598765196 -0.080000000000000002 0.30461588110537596
0.83888255792548028 0.22357764220819848 0.48000000000000004
0.72102830315132049 -0.080000000000000002 0.23124884586465441
0.34418242950969724 0.53815995066573186 0.48000000000000004
0.99859668445857763 0.51616279476784799 0.48000000000000004
0.79085363857977287 0.38711757114632844 0.48000000000000004
0.83513849736079548 0.0042970649973145701 0.48000000000000004
0.93887700210319713 0.27380432795481752 -0.080000000000000002
0.21323683779179603 0.67999999999999994 0.38680411368976619
1.0800000000000001 0.028542044944650513 0.088004056565506569
-0.080000000000000002 0.1991981065357942 0.26217074004038665
0.52814183899560274 0.67999999999999994 0.39422022115866506
-0.080000000000000002 0.22281540987731843 0.29206597436174953
0.2024645054993347 -0.080000000000000002 0.24324322196796411
-0.080000000000000002 0.046350213284081621 0.09874310322433405
0.89579109741093743 0.57016315568576137 -0.080000000000000002
0.68310955193026013 0.4469225419322721 0.48000000000000004
0.21146926313713588 0.50047411967081767 0.48000000000000004
0.87759933375457388 0.67999999999999994 0.23935051267684304
0.73291190887273006 0.67999999999999994 0.34084337341935755
0.96828343575220377 0.53249869832687657 -0.080000000000000002
0.92977562045755624 -0.080000000000000002 0.37813969391825558
1.0800000000000001 0.4614154657647398 0.13862551313705324
1.0800000000000001 0.44540056523030813 0.31212119948135431
1.0800000000000001 0.58450491775540192 0.27878383887924607
0.046752252652072279 0.67999999999999994 0.22317329095410565
0.24572785843239953 0.30147594700752045 -0.080000000000000002
0.010766898042934181 0.67999999999999994 0.36001155229357767
0.19312012099407372 0.3893206786153382 0.48000000000000004
0.71741203087694083 0.56354394380705553 0.48000000000000004
0.34125321665217234 0.56534130276830441 -0.080000000000000002
1.0800000000000001 0.02087137897017266 0.0048320784957889273
-0.080000000000000002 0.080432379553626546 0.27676494165508814
0.65832298601512851 0.67999999999999994 0.13537478991573079
-0.080000000000000002 0.57693983786356273 0.23145166135884965
0.77036883390822208 0.26728483620628968 0.48000000000000004
0.21005693756916322 0.42323919116034103 0.48000000000000004
0.49182003562028842 0.71999999999999997 0.26089300545165328
0.33623810195298665 0.24900907834014985 -0.12
-0.12 0.54469218529285723 0.39677275683397684
-0.12 0.011266098865829721 0.059721588993325692
0.26836876479533756 0.46138189989946349 -0.12
1.1200000000000001 0.15964818328895758 0.098775521922058879
0.77733967547228722 0.012928496770414032 0.52000000000000002
0.89231729063953225 0.12479180722875327 -0.12
0.76744305157094461 0.32469916807353355 0.52000000000000002
1.1200000000000001 0.1796319929177298 0.037505748879774897
0.68041443125244339 0.55433064847955771 -0.12
-0.12 0.23708403913395057 0.18027251580145565
0.76609811173663478 0.71999999999999997 0.17684459894829774
-0.12 0.16734210876871605 0.20594227560888814
0.73768282393674589 0.35540370435659319 -0.12
-0.12 0.57180279007200541 0.37050957607402341
0.90869847292548556 0.71999999999999997 0.22909258246460662
0.4870476851626736 0.095815311232761435 0.52000000000000002
0.16415331398500632 0.59963202185232023 0.52000000000000002
0.85440265993231856 -0.12 0.30589537531894434
-0.12 0.083863526659370885 0.30584805222920686
0.26157627010815865 -0.12 0.26878366130296916
0.13964579358228291 0.71999999999999997 0.15523221170222043
0.40014276762529266 0.71999999999999997 0.39393312161224908
0.80225942905706216 0.42377929972512374 0.52000000000000002
0.40136983048526376 0.30607125286378878 0.52000000000000002
1.1200000000000001 0.2806035906151762 0.21304980083628938
1.1200000000000001 0.44723639432813111 0.18161769117967827
0.63314356453420007 0.71999999999999997 0.3971892745740957
0.23718901871649911 0.71999999999999997 0.3844117242166798
0.15477817030461738 0.71999999999999997 0.32668455585292216
0.52641233391779163 0.47463169038612563 0.52000000000000002
-0.12 0.36162093085463065 0.19566364137817227
0.65180402308376761 0.57987882663049994 -0.12
0.11102368562823584 0.086747391026711557 0.52000000000000002
0.47214155504293553 -0.12 0.300636341239575
0.93444693957693648 0.71999999999999997 0.25548728766472911
1.1200000000000001 0.2490094749335241 0.17743750015093929
0.40582154417959104 0.58467016299680752 0.52000000000000002
0.89782697398309774 0.31828275771697295 0.52000000000000002
0.13995947244457119 0.25564852139806943 0.52000000000000002
0.88974734886365936 0.089298785693284768 0.52000000000000002
0.17336420624808002 0.3501644395231801 0.52000000000000002
0.24483161818746979 0.28408961186884812 0.52000000000000002
0.74705728299757446 0.71999999999999997 0.25105926097417247
0.78698984553095686 0.07647573082371284 -0.12
0.11769803576672733 0.71999999999999997 0.31089064161943158
0.68955863654431127 -0.12 0.036601889360335309
0.58218406004717183 0.71999999999999997 0.22069257157759417
0.40629524354800817 0.40384305635618445 -0.12
0.20336733554690989 0.20244220894081155 -0.12
0.96606544647619508 0.71999999999999997 0.098121446971290063
0.070203222797038611 -0.12 0.32631906755679274
0.10306035801007285 0.20069997714233903 0.52000000000000002
-0.12 0.48701087627184869 0.045627408843417164
0.94821011546012735 -0.12 0.036674322978906049
0.95605456970980252 0.25387767178483561 -0.12
0.2240616510663993 0.058472038623147427 -0.12
0.93662237221951095 -0.12 0.019197041772056524
0.35704315537784104 0.22098201308559556 -0.12
0.28902673185210592 -0.12 0.1079311906598389
0.65127101860988934 0.014818330119134981 0.52000000000000002
0.0086362091653011674 0.19061237541134807 0.52000000000000002
0.46768957770900832 0.71999999999999997 0.25521933621016168
0.52414344382388478 0.26782867049217174 -0.12
1.1200000000000001 0.096015150442311348 0.020433947193319257
0.084123464301966044 0.41410896774744588 0.52000000000000002
0.0080746747485728187 -0.12 0.2684188296569695
0.084544539903326332 0.71999999999999997 0.061811198909380416
1.1200000000000001 0.0093822913620263959 0.33119871870872142
0.44913365997283206 -0.12 0.22391318372264191
0.89045733903039992 -0.12 0.089560833578798016
0.51045482975792744 -0.12 0.33203759789437226
0.3866112575798637 0.14275740009534649 0.52000000000000002
1.1200000000000001 0.23880093673717817 0.24747684469513517
1.1200000000000001 0.32551518667041329 0.0036608321210467756
0.26972137370945304 -0.12 0.39811190143518971
0.885679012265012 0.34707629009866586 -0.12
0.30874768029575728 -0.12 0.36343018713353559
0.94970648236296173 0.30558255940359225 0.52000000000000002
0.85861455571838663 0.28118151832474819 -0.12
0.66071726097588335 0.44072210419465513 -0.12
0.43031875012027543 0.51053224976255784 -0.12
1.1200000000000001 0.14156318414173574 0.26386918298511092
0.054867959518374754 -0.12 0.36569756301747586
0.66568445101720641 0.49295629140012198 -0.12
1.1200000000000001 0.043933983782602826 0.32074418727982779
-0.12 0.40164727356127711 0.33799147807726904
0.88423121032387086 0.71999999999999997 0.11776122401188856
1.1200000000000001 0.38842451421047008 0.35613515889649827
1.1200000000000001 0.16705653782233909 0.32646458830495029
-0.12 0.39735053644593643 0.12677716736707062
1.1200000000000001 0.53313853992357141 0.36630239213744986
0.68443898148035087 0.71999999999999997 0.22961558556033906
0.7915053732621572 0.15552635721544272 -0.12
0.37922993004323924 -0.12 0.3712844703709321
0.62081772252775136 0.21972920950282654 -0.12
0.72124517325870974 0.20666416998497411 -0.12
1.1200000000000001 0.20851716211294336 0.18112209804912496
0.24818818589472003 0.27394712372588303 -0.12
0.63713185292088093 0.24984907772073275 0.52000000000000002
0.93947454673148056 -0.12 0.25886637457073636
1.1200000000000001 0.32195725477002135 0.16405958484738159
-0.12 0.35882312392285043 0.27447968673210388
0.83387719924716719 0.10113002866797771 -0.12
0.52189473860772762 0.19688765508724779 0.52000000000000002
-0.12 0.016474249938040409 0.34124938254991477
-0.12 0.0029560129853462456 0.095298838357622484
0.94798645130982628 0.37608706921082236 -0.12
0.42178387835039755 0.041732528151633107 0.52000000000000002
1.1200000000000001 0.28160321159930796 0.044456257443146942
0.10316106678191272 -0.12 0.15872672259448384
0.57550423048734289 0.71999999999999997 0.09970923502657808
0.18356449070428205 -0.12 0.025610712267498937
0.27934758129249138 0.57610250186086609 0.52000000000000002
0.27672830139940796 -0.12 0.33654477664843535
1.1200000000000001 0.45705250873951248 0.35175862528565038
0.2280902522021464 0.13139605116603417 0.52000000000000002
0.17456506810729044 0.15268784287509396 -0.12
0.062467078863142178 0.22741155998385798 -0.12
0.44675946305200587 0.71999999999999997 0.007346284210543264
0.41528900269412639 0.29956240221960562 -0.12
0.33088568789377593 -0.12 0.032827986940646883
0.0041198281943078952 0.15849544592684672 -0.12
0.73717429602807272 0.2211342996903142 0.52000000000000002
0.97762860127456674 0.57062577727655173 0.52000000000000002
0.98213364759236532 0.22382137680168757 -0.12
0.6874409140702451 0.22920155605308279 0.52000000000000002
0.080341994872850098 0.081880928946512332 -0.12
0.57185923249731729 0.38951734706807317 0.52000000000000002
0.11074127892211449 0.5863017378488794 -0.12
0.49207843198311574 0.71999999999999997 0.38779616100393566
1.1200000000000001 0.35650771787737967 0.2033696844380693
0.14369255166394368 0.2796881361133704 0.52000000000000002
0.81569889711152821 0.21136653404536454 0.52000000000000002
0.67148749287407383 0.027131355652549493 0.52000000000000002
0.23873197225126963 0.71999999999999997 0.025130475618754523
-0.12 0.51137872360649961 0.26029894160410633
0.37391837824376251 0.22860377426770917 0.52000000000000002
1.1200000000000001 0.45211965641761387 0.034929743702666993
-0.12 0.056771904441353625 0.12617255141062433
0.68632145656949828 0.71999999999999997 0.20328532775737573
0.17874257240087899 0.21530812467427068 0.52000000000000002
0.83773380003524778 0.71999999999999997 0.018398916874403693
-0.12 0.26099572721159525 0.33311013162349723
0.3249856908149964 0.39325927648427284 0.52000000000000002
0.13683620594658719 -0.12 0.15691740588553116
0.043223172871226123 0.71999999999999997 0.32313253106214873
0.25655143855833396 0.024098022309083755 -0.12
0.54249558658455421 0.4182762626592631 -0.12
1.1200000000000001 0.31250989011565089 0.11734649753301905
0.42422173081607384 -0.12 0.078672168397860273
0.72269382319744069 0.71999999999999997 0.26551758028105593
0.47485019025949926 -0.12 0.15798947648846773
0.83373096006407754 -0.12 0.1749301420872692
0.44933068463670423 -0.12 0.29091398106945376
1.1200000000000001 0.34007101077109864 0.34692034719873371
0.5496507390804779 0.59497860203921737 -0.12
0.098818123610171171 0.57023726806736308 0.52000000000000002
0.56992039088243385 0.03916613620771614 -0.12
0.55283998731729134 0.71999999999999997 0.062900586094738739
0.99523955710085243 0.71999999999999997 0.19919478420427039
0.30249978369252195 0.34215294535738883 0.52000000000000002
1.1200000000000001 0.4153788860790783 0.21106629729634388
0.26429476517189865 0.17714475297749577 0.52000000000000002
0.19923613832933318 0.1335648646440325 -0.12
0.60236290380447977 0.71999999999999997 0.10821339635893774
0.9032266093881085 0.44485334822613337 -0.12
0.1803932451158643 0.71999999999999997 0.29820770948436159
1.1200000000000001 0.50360999379457161 0.088490287716220029
1.1200000000000001 0.34301845625378541 0.068640872448007387
0.7535901442281856 0.58457671117080356 -0.12
0.94484419278147525 0.71999999999999997 0.3539547783724169
0.15790537898344004 0.17143393361127707 -0.12
-0.12 0.27872593604116574 0.17343557729333978
0.21764153820011978 0.71999999999999997 0.1140455538457289
0.99174489294793455 0.066316079644002546 -0.12
-0.12 0.59240643931965364 0.39132701051043295
0.29620757236084005 0.45424367183502956 0.52000000000000002
1.1200000000000001 0.098985216955216671 0.21818858092472324
0.94943080477311059 0.13229854217444234 0.52000000000000002
0.97230937104426252 0.10594019734115734 0.52000000000000002
0.12555747591095101 0.0087670113233840885 -0.12
0.75022534117663553 0.16767633172959776 0.52000000000000002
0.94242508998214092 0.2326832762413521 0.52000000000000002
0.65254955220601485 -0.12 0.12383075055686805
1.1200000000000001 0.20474505198633608 0.30637907456754188
-0.12 0.16927287231024613 0.26914567755552543
0.99133550629723055 0.33192360037824181 -0.12
1.1200000000000001 0.56378035686391637 0.12720892545231849
0.57520932688201298 0.18455199400321587 0.52000000000000002
0.22769122278762266 0.53449368597875146 0.52000000000000002
0.10550520156020027 0.16008853413752239 -0.12
0.5723179079542482 0.71999999999999997 0.25780254532199276
0.21916604161578568 0.033750753033691461 -0.12
0.84264534193271823 0.10859517300768397 0.52000000000000002
0.66062453087045059 0.22034152856056183 0.52000000000000002
1.1200000000000001 0.53881854105802351 0.29508467718575659
0.012427496466847598 -0.12 0.36056158636589852
0.99161348489528645 -0.12 0.25959536891190516
0.53300512298413427 0.50590739554120712 -0.12
-0.12 0.23147175977645279 0.037265057044280472
0.36017375461270229 0.32809647002933545 0.52000000000000002
0.24692800676744897 -0.12 0.11799514648807637
0.95514471391726752 0.16782601821114201 -0.12
0.50698607415975061 -0.12 0.069256249664122693
0.53346330320741231 0.57841036972818904 0.52000000000000002
0.89499034332520799 0.71999999999999997 0.1751624021018553
1.1200000000000001 0.12183456619060246 0.11152513952041626
0.25072863023101055 0.52688369203481422 -0.12
1.1200000000000001 0.0042193267626321473 0.018825710471595737
0.0061600322792020323 -0.12 0.08706914355550853
0.63005046948348153 -0.12 0.13456454197374801
0.53118140231174504 -0.12 0.012365681232348403
0.40313706679484285 0.71999999999999997 0.032632572897670853
0.022718933780937256 0.71999999999999997 0.024016503024949287
0.91790610546896578 -0.12 0.11180417959988437
-0.12 0.42151974498840955 0.031154840439613321
0.10376352974139824 0.71999999999999997 0.14656628172331021
0.34662089860548262 0.36539425258650182 0.52000000000000002
0.93246826518349069 0.41325168690169356 -0.12
0.4947289217092119 -0.12 0.26337276772901863
0.2776297710640413 0.099685379253012171 0.52000000000000002
0.80715440453067744 0.53594228316847381 -0.12
0.049086610721814194 -0.12 0.34578138475499276
0.91458711397023651 0.35471516262928343 0.52000000000000002
0.91636336388518536 0.04045593558863092 -0.12
0.71441297895052047 -0.12 0.30286701441666525
1.1200000000000001 0.45320156732319428 0.10082813931232598
0.72595608865342165 -0.12 0.18603939218939322
0.69192354540403844 0.40186861961945719 -0.12
0.64870333056262064 0.118921226644911 0.52000000000000002
0.16569354012449022 0.71999999999999997 0.17035831835087409
1.1200000000000001 0.35024217557695392 0.15073531225372958
0.30546678025143204 -0.12 0.086448197125389162
0.83963765908452281 0.71999999999999997 0.28878876962838324
0.058238214787464937 0.42369888676656836 0.52000000000000002
0.13901450814177729 0.13092321155570233 0.52000000000000002
1.1200000000000001 0.30947739952846459 0.23875862563697173
0.53535392408702442 0.57860929240298331 -0.12
0.35009677538163819 -0.12 0.26471121540768361
0.83825903247708089 -0.12 0.21175095175604006
0.72025300617903043 0.71999999999999997 0.064927457459257765
0.36478742035830258 0.5022626985458668 -0.12
0.5815286119046521 0.48035081789793826 -0.12
0.49716008592188543 0.44846268297186387 -0.12
0.63930080303584824 0.45010053022754459 0.52000000000000002
0.38252904965642753 0.52327775366351637 -0.12
0.094662996097748975 0.33748237828211036 -0.12
0.18661772157622847 0.55889398271953039 0.52000000000000002
0.36144009058668192 0.51377801046201654 0.52000000000000002
0.033907747642783037 0.0098247019243226097 0.52000000000000002
0.45908294097829871 -0.12 0.0053870159705520677
0.43164437452278226 0.41612318202019094 0.52000000000000002
0.8694373989183013 0.26093547986619903 -0.12
0.89266437619666872 0.71999999999999997 0.020975585969072966
-0.12 0.15847364673941916 0.051547682620400485
0.78509831000727781 0.2058963563769422 -0.12
0.92534213601010606 0.13147601898210548 -0.12
1.1200000000000001 0.58129080382569276 0.24828825960418086
0.99857572344165368 0.71999999999999997 0.053215856059621737
0.99471105692372741 -0.12 0.20716575038450041
1.1200000000000001 0.33066792282366236 0.22481327601657594
0.71668971290675054 0.55554511113285254 -0.12
1.1200000000000001 0.010332429385969899 0.36928677313092528
0.3928898542518362 -0.12 0.25130622953307646
0.69671266923768227 0.71999999999999997 0.07018988284081891
0.22047611616578855 0.71999999999999997 0.13807894291165845
0.69413913381076919 0.18161026936402336 -0.12
0.43599288537647485 0.53466442653969992 -0.12
0.70455820657957924 0.11014107143146554 0.52000000000000002
0.36163715425171894 -0.12 0.055855504339014456
0.089011669898924617 0.49057428692490757 0.52000000000000002
0.51544298450947423 -0.12 0.221788848173745
0.58378766098571433 -0.12 0.17375115651573655
0.6009016825939314 -0.12 0.28153591385183319
0.55762501083934357 0.0063226529703886755 0.52000000000000002
0.15266385122894088 -0.12 0.22375303766759874
1.1200000000000001 0.037879678173991849 0.36554360668998281
0.96393955897844452 0.71999999999999997 0.39092932907175082
0.59726684646286632 0.063686281510401538 0.52000000000000002
-0.12 0.20177846676655908 0.32804821223768199
0.13946544077145073 0.011890863253287009 0.52000000000000002
0.90234260832975344 0.71999999999999997 0.26828546212211984
0.46933997571460373 0.17506055091093997 0.52000000000000002
0.95534207474619326 0.58182410550803287 -0.12
1.1200000000000001 0.42245835481753091 0.36103349937966878
0.31192436485380981 0.51070266058336489 0.52000000000000002
-0.12 0.41362972252854779 0.14239361824657168
0.04749685619740418 0.277249051299085 0.52000000000000002
0.90311558382513135 0.40972990577932045 -0.12
0.94599868730150105 -0.12 0.15308276934710474
0.93401885284798669 0.25419184023363789 0.52000000000000002
0.021366198104945777 -0.12 0.38192877032625816
0.8321689144992791 0.062204695079538519 -0.12
0.22554380441167265 0.25643122840967736 -0.12
0.61133482095374558 0.71999999999999997 0.069224984376081933
0.59805054439625349 0.35141367610603086 0.52000000000000002
0.89287023600370719 -0.12 0.2203148255172053
0.96438974571359359 0.71999999999999997 0.035621314980060735
0.51712169436239586 -0.12 0.12452297226714114
0.35711979646696967 0.71999999999999997 0.32318943320532595
-0.12 0.35403421895728016 0.012807440896118294
0.37305363143122272 0.71999999999999997 0.17983124979636536
0.29291962819764905 0.38981343679410363 0.52000000000000002
0.033196156183259107 0.58371634152848217 0.52000000000000002
0.59866188242789165 0.14226532175839318 -0.12
-0.12 0.40363467612882103 0.29212157516024273
-0.12 0.16866733370265763 0.076588618521331503
0.76873802408567105 0.71999999999999997 0.22305477819815656
0.76104843277643042 0.25254829741088092 -0.12
0.68248984393126444 0.36394147920055347 0.52000000000000002
0.09283990438338019 0.35939025850339634 -0.12
0.45473390072010755 0.11838244582188244 0.52000000000000002
-0.12 0.2534421101886466 0.25647901035218124
0.59200786016407847 0.36817803229310275 -0.12
0.67286675780781313 0.34427153681811373 -0.12
0.24031482795042769 0.71999999999999997 0.21166882896246794
0.58934371501932636 0.0067753232036541263 0.52000000000000002
0.17955342448661271 -0.12 0.090000397354622674
0.16062060469799933 0.34964776427930749 -0.12
0.49949801111715386 0.073804287594674292 0.52000000000000002
0.46551460344090934 0.54306091013350066 0.52000000000000002
1.1200000000000001 0.49705327320410347 0.048675216803010679
0.92205956179488835 0.3848152528765752 0.52000000000000002
0.1418979048018072 0.71999999999999997 0.060083874715121943
-0.12 0.35849814663031421 0.16230142766166245
0.015115803581189358 0.2444711357461968 0.52000000000000002
0.23658467271381545 0.46665765880241139 -0.12
0.90279193241701861 0.71999999999999997 0.14821343364037773
0.17205224972023336 0.32075947843653863 -0.12
0.47231242224867265 0.44364259528468908 -0.12
0.77766709813582968 -0.12 0.27692476482774186
0.10935425791277154 0.052311748474291986 -0.12
-0.12 0.25667753393955622 0.30805529683370936
0.99461279119549539 0.26003630635917091 0.52000000000000002
0.40917077956598491 0.0067572298473433934 -0.12
1.1200000000000001 0.42239439082142755 0.14659529068274524
0.12820904830396274 -0.12 0.11190059421238918
0.60962359688115497 0.53958336314056277 0.52000000000000002
0.016448642874810182 0.13564679453074119 -0.12
0.54039565297464809 0.3038527723346594 -0.12
0.81494953879496757 0.42771198189547066 -0.12
0.82362531436446929 -0.12 0.054227739275919264
0.5554594989418572 0.33354134997001761 0.52000000000000002
0.60969624861882832 0.19981738326644261 0.52000000000000002
0.44694145846530642 -0.12 0.31888907186626686
-0.12 0.03928332288202134 0.15300576140407954
0.18551435517460313 0.10658657283548728 -0.12
1.1200000000000001 0.14811242705521854 0.18017999340093485
-0.12 0.53149756891858257 0.21752328656052469
0.042304993797434243 0.71999999999999997 0.00015123395286016362
0.80095979319222654 0.28673794308329154 -0.12
0.22297760760016605 0.39673681970245955 0.52000000000000002
0.55409574444989129 -0.12 0.29696933432267147
0.93230249128938136 0.71999999999999997 0.31997757630554907
0.15238918309350891 0.71999999999999997 0.23152328976824568
0.96676209257892642 0.039326748910925469 -0.12
0.84684438565689302 0.71999999999999997 0.35132282306456408
0.64507658685798375 0.71999999999999997 0.032063290840528856
0.39336881490390552 0.29286415775417507 -0.12
0.53020999689154069 0.55133893626580299 -0.12
0.59693048630412004 -0.12 0.054377654489282494
0.98071557785497943 -0.12 0.28274306233412083
0.81534868035273678 0.050144918929384774 -0.12
1.1200000000000001 0.14407413285783671 0.032796712842454535
0.11704363236284221 -0.12 0.28951779645254772
-0.12 0.057234727649160107 0.21010037284203667
0.39092999068360301 0.44869740098486621 0.52000000000000002
1.1200000000000001 0.56434438847701773 0.34365702783273566
0.12727363891942911 0.32903785237754757 -0.12
-0.12 0.59249577357885475 0.031373327619431547
0.57841345288685464 0.42542934435718299 -0.12
1.1200000000000001 0.10760633888365939 0.35255814995488682
0.64176326812049056 0.039850722002939043 0.52000000000000002
1.1200000000000001 0.53296492664899731 0.14783623858938139
0.1675628448672386 0.71999999999999997 0.0012643376225266679
0.93160485240169566 0.16504752542743972 -0.12
0.26529120109530779 0.71999999999999997 0.039568360133807892
0.34326102707971196 0.71999999999999997 0.20818298415581482
0.076294840905052341 0.22518600545013309 0.52000000000000002
0.22876518211478047 0.39954337420209046 -0.12
0.83671657067835981 0.34758446659759645 -0.12
-0.12 0.57028593098403946 0.037630977262387066
0.51769978131022187 0.2350461409275113 0.52000000000000002
0.85476835662376449 0.23994444713688201 0.52000000000000002
0.38832543027640787 0.71999999999999997 0.36986751622775199
0.94717393128813621 0.14492176400862933 -0.12
0.23424636703476998 -0.12 0.19072334651579778
0.51712300547739853 0.71999999999999997 0.33443018370190125
0.081721432951404216 0.069523958657830204 0.52000000000000002
0.55162259900348332 0.027688023902267368 0.52000000000000002
0.65185216853869399 0.71999999999999997 0.28653094168016296
0.2808274677249738 0.51892680481052345 -0.12
0.76360017604695185 0.41657832407697626 0.52000000000000002
0.68389749701290026 -0.12 0.25726355256455702
0.013949826634577556 0.101745458360125 -0.12
0.38126377525509736 0.13517983431991254 -0.12
0.16425769579525473 0.71999999999999997 0.084088943497906521
0.17021470479547973 0.44980225300665089 -0.12
1.1200000000000001 0.28584285631616074 0.36960460753597141
0.337429281437161 0.71999999999999997 0.33126809326748441
0.53953685923140127 0.17189466424178579 0.52000000000000002
0.46349627264015492 0.71999999999999997 0.11338219943627457
0.85275791708367366 -0.12 0.27141096768356376
0.53723338946110122 -0.12 0.33141716238106605
0.24596745344247495 0.04792393451789001 -0.12
-0.12 0.14552975412240715 0.020113787597333802
0.85780057180878 0.42085090358998356 -0.12
0.69647716730671105 0.71999999999999997 0.1348388563382831
0.0096707676235617823 0.71999999999999997 0.12239462589849825
0.13779252808827758 0.43058491815698852 0.52000000000000002
0.82481188793280247 0.069498715681370629 0.52000000000000002
0.36351997447604012 0.13969960896613484 0.52000000000000002
1.1200000000000001 0.24106695279306034 0.084806279115025168
0.046922176180022257 0.54216309269022112 0.52000000000000002
-0.12 0.45920101283982906 0.08172062044053599
0.28485114862343053 0.71999999999999997 0.10141880129842794
0.97095797874307643 0.71999999999999997 0.37156609535726282
-0.12 0.082208782830153551 0.15260446694622609
0.10475231537225937 0.12536034729588019 -0.12
0.33531162379032664 0.71999999999999997 0.14600410458407859
0.35327653946318871 0.39895564817619067 -0.12
0.85873315606372447 0.4653206947017855 0.52000000000000002
0.084440281747188539 0.40679674388932596 -0.12
0.90643220627308885 0.045966452231410826 0.52000000000000002
0.90642175164299099 0.37075250090084366 -0.12
0.29265426543739481 0.36790291322853802 -0.12
0.24533020430240549 -0.12 0.25370941176478456
0.54229295028670021 0.12129175859054275 -0.12
0.38259020142545441 -0.12 0.21085545884777945
0.87240478239991304 0.15973855276895904 -0.12
0.51167716531474539 0.56701631434973498 -0.12
0.64532745934571378 0.39589794134892814 0.52000000000000002
0.1372363321351926 0.027214539618418909 -0.12
0.058152578981267244 0.53992143149525629 -0.12
0.086603381389404599 0.1565620816775426 0.52000000000000002
0.66514973507753339 0.14963417937618217 0.52000000000000002
0.76181515596885052 0.12553320634350926 0.52000000000000002
0.06476367518459436 0.18719810172574636 0.52000000000000002
0.071293249062208131 0.71999999999999997 0.21417880181991161
0.29601264106254255 0.71999999999999997 0.39081338389304521
0.92683847715946333 0.043857575824115737 0.52000000000000002
0.067185951007242339 0.71999999999999997 0.38091044991943601
0.53314235602655913 0.36349708756020066 0.52000000000000002
0.91845138137672444 0.13818888389040868 0.52000000000000002
0.49709095743230047 0.22218220043850198 0.52000000000000002
0.096891740670528193 0.24478941633166273 0.52000000000000002
0.84991715206743423 0.023177958655910814 0.52000000000000002
1.1200000000000001 0.31539988021596338 0.36699889369693933
0.67656805958224198 -0.12 0.16312815088258636
0.90929610553943307 0.71999999999999997 0.055131413822569676
0.3598899234783518 -0.12 0.14513741583277714
0.75351432326704615 0.71999999999999997 0.28546512762880299
1.1200000000000001 0.14550595495732022 0.22676614870187933
0.14976141474642413 0.23330727522276196 -0.12
-0.12 0.31945457927915566 0.24893161356876431
0.74861087953519467 0.71999999999999997 0.21668540809654388
1.1200000000000001 0.48045258872838914 0.27628663400158365
0.984537746834525 0.35995895103785425 0.52000000000000002
0.44783754607759108 0.2535317036564293 0.52000000000000002
0.89526296203607758 0.71999999999999997 0.094469704085465844
0.064370364854142825 0.71999999999999997 0.17857807201768749
0.086180084503385657 0.28669212392123999 -0.12
1.1200000000000001 0.017534916022098002 0.063547873030049606
0.32249030082023133 -0.12 0.39101448138606143
0.51869050974956854 0.26362864616999016 0.52000000000000002
0.4515716152273237 0.14008437750614122 -0.12
0.39098013012698007 0.34472054570785998 -0.12
0.97874714892930648 0.20322780145884253 0.52000000000000002
-0.12 0.050521755904156369 0.23729901949907686
0.91306435323546864 -0.12 0.3321214804954547
0.7106253602471283 0.44298503707667836 -0.12
0.43940382988556115 0.38883626332659094 -0.12
0.61917862695108661 -0.12 0.34545940828090588
0.99671335425974994 0.44209433048148417 -0.12
0.85689245906717371 0.71999999999999997 0.13648229189521999
-0.12 0.59446504292674507 0.18433545961644582
0.27871262016262954 0.063402805957973318 -0.12
0.72128836678093078 -0.12 0.26808898438060169
0.46502902835232274 0.056186340648048547 0.52000000000000002
0.71207482647939002 0.065059294018027347 -0.12
0.86799868008691439 0.20827089235147428 -0.12
0.3920449319554109 0.71999999999999997 0.081608226404761022
0.86072849431742937 0.56147010274833353 0.52000000000000002
0.35340365097167625 0.080970360651157411 0.52000000000000002
0.88152697950116987 0.43739044344153111 -0.12
-0.12 0.4486032006128351 0.00042314296303076483
0.21101524265729987 0.10560917043802365 -0.12
0.39533002942500972 -0.12 0.33566759724600004
0.57206333642134855 0.54958435339483092 0.52000000000000002
0.24144897278188804 0.44872338799453332 0.52000000000000002
0.40495595554909714 0.71999999999999997 0.29078341629340787
0.46600920231481202 0.22568112426990866 -0.12
0.52319895665381622 0.71999999999999997 0.25232246401223601
0.38320241970306856 0.17883170822908553 0.52000000000000002
0.8206708950277708 0.71999999999999997 0.35251447381316886
0.78896006131242247 0.71999999999999997 0.26867087331414857
-0.12 0.41842921468330341 0.087682206873803376
-0.12 0.59601633903082696 0.15685065400318404
0.34109218145013276 -0.12 0.19260772978461974
0.066320967715879364 -0.12 0.072105008995349704
-0.12 0.24981346719943154 0.11831504456577951
0.85746307215599638 0.50462855998909928 -0.12
-0.12 0.28651646763510014 0.26256693501725026
0.74314354148210238 -0.12 0.39986824406907584
0.31503272861265375 0.25631774834439847 -0.12
0.39603029823095426 0.37959486532323988 0.52000000000000002
0.33806965911291986 0.063368645746287866 -0.12
0.067381997410033478 0.51860968471336621 -0.12
1.1200000000000001 0.18263712955295108 0.10194655600073754
0.52702212159858519 0.49868651260886532 0.52000000000000002
0.4993634887886228 0.17107228134867425 0.52000000000000002
0.096613691569853888 0.71999999999999997 0.3428711987386901
0.67414441426964899 0.71999999999999997 0.30465215286856528
0.89993149055649935 0.28098208732339369 0.52000000000000002
0.91377425464579043 0.28376807538225274 -0.12
0.63431682839642767 0.31740480787899628 0.52000000000000002
-0.12 0.30658616353935919 0.040377931218882779
0.92140493088701192 0.5811155769316485 0.52000000000000002
1.1200000000000001 0.30206614748947663 0.073263601927078842
0.42746557877193647 -0.12 0.33006978938559445
0.46639226079304164 0.57357707136638147 -0.12
0.7040403784893301 -0.12 0.18660467676871303
0.70696502272532735 0.5254410129265662 0.52000000000000002
0.77034744824087231 0.71999999999999997 0.05452884803760636
0.43005706406678568 0.017998901357359931 -0.12
0.84102129097677347 0.2932232748407459 -0.12
0.090529765172933652 0.71999999999999997 0.17150947184194776
0.82823014961293229 0.71999999999999997 0.39170856023237799
0.71546052626727163 0.71999999999999997 0.31926460435608739
0.17637303663704362 -0.12 0.26354652454997651
0.080183728450496483 0.71999999999999997 0.033258947519864246
-0.12 0.25804422854004239 0.2022146811056906
0.71492794514855029 0.13226412722736441 -0.12
0.80204519998201229 -0.12 0.08836475427911239
0.47125713142058367 -0.12 0.12865832018771042
0.12136209354056349 -0.12 0.37518302127940129
0.018463292915694152 0.71999999999999997 0.29139388871196437
0.71892520676494531 0.4866810117825377 -0.12
-0.12 0.51708192830353628 0.16524954661993185
0.1782164111604102 0.71999999999999997 0.22112017922887506
-0.12 0.29029576514882099 0.11028685280650148
0.30618250680356685 0.46464489075828719 -0.12
-0.12 0.4490643045112932 0.18157649693991271
0.36673825336498578 0.71999999999999997 0.22022912502815195
0.010782010770872485 0.55803444895644216 0.52000000000000002
1.1200000000000001 0.19471686552345985 0.23652231642038518
0.64116721618364725 0.25296225081563423 -0.12
0.2430208558413558 0.4428324253235093 -0.12
1.1200000000000001 0.39681695110832138 0.099966286627416689
-0.12 0.33846979818945166 0.27961512840283759
0.86500903047926181 0.046568904277960899 -0.12
0.19433794498554402 0.0061216038120657235 -0.12
0.89664720894219074 0.064767263678388254 -0.12
0.39563903987535487 -0.12 0.12311093096798049
0.47087031157200843 0.20171574005395032 -0.12
0.71906558167849621 -0.12 0.39494410280222297
0.65529341813704522 0.71999999999999997 0.06016965615407819
0.32092316794766962 0.17159172303899251 0.52000000000000002
0.61741885017160347 0.39300613747013236 -0.12
0.22096937931392835 0.079851313162634274 -0.12
0.61011973626598659 -0.12 0.21331845256025841
0.94205098560730305 0.086956737198528589 -0.12
-0.12 0.22863137370033448 0.064929185683346935
0.7398269024439601 0.71999999999999997 0.011591337138590242
0.51464951404403192 0.71999999999999997 0.1632416129089288
0.15369744636246996 -0.12 0.0092350528161585736
-0.12 0.1105835660218317 0.2602596637897921
0.42176925819206967 0.32110013444870772 -0.12
0.39531591931952181 0.47182795243734293 0.52000000000000002
1.1200000000000001 0.38182949516150533 0.19850754529786585
0.81175355963061635 0.34011866316090383 -0.12
-0.12 0.23877448749495536 0.15112023552661455
0.44547257066715429 0.35863103759076936 0.52000000000000002
0.0074494609265949308 0.37040462174622407 0.52000000000000002
0.50018542615722483 0.22400471937570221 -0.12
0.29157740738396765 0.10425779878817021 -0.12
0.86294729545800608 -0.12 0.09936861634063876
1.1200000000000001 0.49098480527414251 0.13923076268883161
0.61792490687774748 -0.12 0.18606107658916021
-0.12 0.036135771393830597 0.058825609531195977
-0.12 0.070823034561546372 0.17950463608015466
0.21605085263236024 0.71999999999999997 0.16592006347119592
0.51479587062902243 0.138418464642031 -0.12
0.39360401169006909 0.083066253658306902 0.52000000000000002
0.81233389259161437 0.50226990759032808 -0.12
0.11862289383549562 0.47247646272394539 0.52000000000000002
0.17622499600172914 0.39649147559773207 -0.12
0.78448290706611401 0.34910686372619276 -0.12
0.17079174236785033 -0.12 0.34103292581026146
0.17448038494221407 -0.12 0.24329370702506981
0.80675119796104311 0.25181659286540642 -0.12
0.83772480073381728 0.71999999999999997 0.31218913146454197
-0.12 0.2035033815662681 0.015017063840062806
0.64550419346152765 0.18953021461977626 -0.12
0.69900243189612088 0.71999999999999997 0.27657339295085198
1.1200000000000001 0.41117082793304416 0.33747364402296864
0.61368363739467646 -0.12 0.3850228267117517
0.85776767521527286 0.71999999999999997 0.09739157364091354
-0.12 0.12108939498309274 0.38453490710365767
0.81085336462729685 0.53263045939374776 0.52000000000000002
0.65826986472145133 -0.12 0.18785486797440054
0.36701744254488422 0.10883716681155642 -0.12
0.92872706606089817 0.51511774214750161 0.52000000000000002
0.22000802593677249 0.03806683250743876 0.52000000000000002
0.68060072473728661 0.71999999999999997 0.15478239771166258
0.84953778378141165 -0.12 0.32836018629944991
0.98824604342960731 0.71999999999999997 0.2428098290238169
1.1200000000000001 0.36001443315034343 0.23149086865536819
0.59675600324650235 0.50458822598265218 -0.12
1.1200000000000001 0.29338348311866108 0.14705588556706792
1.1200000000000001 0.068277709831705446 0.34068886445385393
0.87612057704077395 0.55874589749342696 -0.12
0.91710817117955001 -0.12 0.013287413878398491
0.56180113080213734 -0.12 0.13416378840012141
0.43809721754109243 0.23480384429171033 0.52000000000000002
0.047942966515202579 0.04823544344588937 -0.12
0.77821680862444453 0.48183077301202476 0.52000000000000002
-0.12 0.30490894768697074 0.083061179616860423
0.20502961135098696 0.50134362379714958 -0.12
0.63433460630219607 0.71999999999999997 0.069435312037013294
-0.12 0.54321457800248607 0.051736840703107981
0.95099761916937953 0.4027627546023142 0.52000000000000002
0.17964877768950482 0.48263209685420572 0.52000000000000002
0.69788832099857512 0.34649624467143281 -0.12
0.77675398504629467 0.31825637159292491 -0.12
0.59618073307768926 0.27964723422050103 0.52000000000000002
0.54232518295561138 -0.12 0.26269689479745972
0.78986446611756589 0.53894617803546396 0.52000000000000002
0.19735710749554491 0.33196359682510335 -0.12
0.55188199322010001 0.18117091807846952 -0.12
0.038334948367988786 0.51388999128473467 -0.12
-0.12 0.022624234556987564 0.21524345853386562
0.24609977793583748 -0.12 0.28790553516252809
0.21216047597360588 0.28110322023338119 -0.12
0.8622777048624316 0.0062316437879199604 -0.12
0.9258548179684567 0.71999999999999997 0.21840316667427936
-0.12 0.25691743302840497 0.054652179145082518
0.44726473304842118 -0.12 0.36928103800867357
0.38902001844815381 0.51612627595307237 0.52000000000000002
0.33089081722828184 0.52195159898620058 -0.12
0.13054497814144628 0.57218433483058051 0.52000000000000002
-0.12 0.51324643827754524 0.23569611974186577
1.1200000000000001 0.32509614296433365 0.090372157563276989
0.092566096995003733 0.48024423136301903 -0.12
0.22215518769894449 -0.12 0.061336137683530724
1.1200000000000001 0.061934824809089184 0.25167762186261289
0.50172067943148047 0.35938205563645387 -0.12
0.17477596120457595 0.26314196243152721 -0.12
0.35582164512523107 0.24208889859196459 -0.12
0.60652592459445975 0.14447132527074669 0.52000000000000002
0.56670945331765987 0.59551255207305631 0.52000000000000002
0.30058018557133082 0.13280724449493889 0.52000000000000002
0.013329881241377239 0.53107051905007319 -0.12
0.71077931531148808 0.34035774071074848 0.52000000000000002
-0.12 0.42766216141113117 0.30747803287802355
0.75586370366040079 0.56232929868304538 0.52000000000000002
-0.12 0.14575123161696135 0.31662977218318489
1.1200000000000001 0.42916198677031392 0.086325985236562014
0.40971198542204579 0.519660597279888 0.52000000000000002
0.17648634142279418 0.58077801638685789 0.52000000000000002
0.35508578311318939 -0.12 0.35791144678024001
1.1200000000000001 0.25781953526688772 0.27239755364575546
0.11312307050045778 0.71999999999999997 0.27009837094791611
0.63414785106533589 0.35993421548763882 -0.12
0.23915892320687648 0.56783401423941648 0.52000000000000002
0.17894672001100131 0.070000364418706051 -0.12
0.38881318359781014 0.55120196213631467 0.52000000000000002
0.65643537733436075 -0.12 0.25932985458185553
1.1200000000000001 0.45553777571948484 0.21359268754233326
0.35779268408103981 0.45612028656689707 -0.12
0.071929858077578901 -0.12 0.019567364955190937
0.065805943108820375 0.5257275658476166 0.52000000000000002
0.35592813714581195 0.10733632716642069 0.52000000000000002
0.28969900345177113 0.71999999999999997 0.16332017136838939
0.87820513659018773 -0.12 0.23803654632646154
1.1200000000000001 0.4649685201211794 0.25718951562273773
-0.12 0.15815115183583875 0.35204735886101274
0.69463208491033879 0.41984108244329366 0.52000000000000002
0.30780180268742852 0.43060316526087428 0.52000000000000002
0.19984111974400875 0.33353672162926351 0.52000000000000002
0.980419369202157 0.71999999999999997 0.18562781044012056
0.95157651067320115 -0.12 0.10254899830058017
0.80961977978064537 0.71999999999999997 0.25711813861770522
0.56387053347169003 -0.12 0.33782490172169055
0.4807905808466707 0.29043435690005931 -0.12
0.43715871658092853 0.71999999999999997 0.098381032089509421
0.48922239545166557 0.043621377146085272 -0.12
1.1200000000000001 0.024350621937108574 0.033134713729605192
0.32697267638712346 0.59594787224680068 0.52000000000000002
0.47090588324036486 0.49353997857844439 -0.12
0.45053390756843337 0.023571008391555903 -0.12
-0.12 0.26721743900104861 0.39938895685302755
0.19035363148567375 0.56777590475278561 -0.12
-0.12 0.24866375304816801 0.37039923489917853
0.47610349689901488 0.20540791741803147 0.52000000000000002
0.52983692714766117 0.011274113528021212 -0.12
0.30829997127509889 0.073485079390838481 -0.12
0.2434098202494015 -0.12 0.3957614170588899
-0.12 0.14286940181305813 0.13588200213093077
0.69490423031566551 0.45747213082287108 -0.12
1.1200000000000001 0.37534041419439612 0.035348341329099545
0.74481261329600479 0.18998085031389689 -0.12
0.96829453098018681 -0.12 0.17684046996802449
0.94407516351750309 0.71999999999999997 0.1791365073575174
0.91719374787731078 0.71999999999999997 0.39063292045975123
0.56948698243205698 0.52613506286050815 0.52000000000000002
-0.12 0.30588477994950447 0.35613823264602407
0.43473119559714912 0.71999999999999997 0.30103562491614716
0.13427231025217734 0.71999999999999997 0.26807307439903494
0.089286830068405099 0.2216666102693069 -0.12
0.14993810244307848 0.08050338339460128 -0.12
0.44449260995998163 0.71999999999999997 0.38843125681355684
0.98835878576391045 -0.12 0.11355544073395935
0.20367998265104803 0.45710422430720171 -0.12
0.8261137338423753 0.71999999999999997 0.14873163731122371
0.80969612140560965 0.71999999999999997 0.12094643267611156
0.57282094073669887 0.03305452209150201 0.52000000000000002
0.4180834589364284 0.55319614494579505 -0.12
0.45824581105249595 0.71999999999999997 0.17961982087146719
0.4909052806548061 0.32559759663101895 -0.12
0.44481838923897554 0.30533965321612627 -0.12
-0.12 0.049351972951139821 0.27576196589189284
0.57402852177095365 0.71999999999999997 0.33081658197740649
0.43348445076023756 0.71999999999999997 0.04095047592606247
0.9414427303054379 0.71999999999999997 0.0071727805858502252
0.36018512426281246 0.16855132713840193 0.52000000000000002
0.50486700904622905 0.30876829999958905 0.52000000000000002
0.91812680376117617 0.47010631782138501 -0.12
0.89302301406859896 0.3544873491882029 0.52000000000000002
0.68673876897517494 0.053031661793980778 0.52000000000000002
0.62158728607910074 0.053330154535665787 0.52000000000000002
0.70548550212274874 0.43778109593602538 0.52000000000000002
0.93811930291452394 0.71999999999999997 0.23555730270251868
0.80118189414892615 0.14893895076892283 0.52000000000000002
0.4844594440500084 -0.12 0.046320239379307009
0.32403644609783755 0.017552624636462899 -0.12
0.3359705939318911 0.1004839133678804 0.52000000000000002
0.59464904315895384 0.71999999999999997 0.16451606205592456
0.016650462977174985 0.51104334732875834 -0.12
0.97447341804298604 -0.12 0.39527501574971291
0.90625427398493275 0.59304503379996831 -0.12
0.64009270340648572 0.19954963287478478 0.52000000000000002
1.1200000000000001 0.30904555885864238 0.019957334724136324
0.20333195665608106 0.45167574438486258 0.52000000000000002
0.73359490170292818 0.58211282383116747 -0.12
0.70616067154520223 0.082374244389091647 0.52000000000000002
-0.12 0.48983521222754167 0.10652321545058802
0.95127953483005334 0.022141056246205215 -0.12
0.6556023973597348 -0.12 0.22462807277937302
0.97137312205353288 0.24086477705796991 0.52000000000000002
0.75502419264365883 0.48600973104009659 0.52000000000000002
0.90903635559553209 -0.12 0.052004593629719598
0.28831555043261536 0.029847074577228482 0.52000000000000002
-0.12 0.10571910235629831 0.28092594671051951
0.0010243285661979407 0.070760168587795449 0.52000000000000002
0.59276180238138954 -0.12 0.37633072493913999
0.80864137680461246 0.29355528004408821 0.52000000000000002
0.70434094763523381 -0.12 0.073165188471069786
0.62053929474919378 0.09414846450045089 -0.12
0.57828259226021672 0.28734104889513512 -0.12
0.14199191911376119 0.71999999999999997 0.030234528329052338
0.80486277721571919 0.45076620471222373 -0.12
0.55432577404667649 0.10114136904964854 -0.12
0.28658046921314206 0.57958659633008613 -0.12
0.99956591760538038 -0.12 0.074269239098719686
0.24771537411437095 0.71999999999999997 0.15644909120952477
-0.12 0.12561000258528479 0.079664632262816643
0.011436209618702953 0.58766432765941568 -0.12
0.24432246656950307 0.71999999999999997 0.30019720786530157
0.56119422869295965 0.71999999999999997 0.29325577274258258
0.80444038931172845 0.57303409964213403 -0.12
0.31314796228401065 -0.12 0.22096363151363524
0.80195132688340787 0.71999999999999997 0.0027425703241419799
0.25197416519030358 0.39488057526141762 0.52000000000000002
0.97710520261567901 0.41840682115073763 0.52000000000000002
0.12508312926567855 0.71999999999999997 0.17180841871798599
0.092206751218979699 -0.12 0.10774435989218674
0.53163262568277503 0.47140085648809726 -0.12
0.066207226642522876 0.71999999999999997 0.25492476575848333
0.22755658186817262 0.71999999999999997 0.19593232004245117
0.59042969579490601 0.42012360300706331 0.52000000000000002
-0.12 0.017670245253065976 0.012977464443347242
1.1200000000000001 0.38501734073320815 0.33029250042788388
0.88497459816150459 0.1382659470843596 0.52000000000000002
0.096628364951227397 -0.12 0.35075358442517235
-0.12 0.5107033162121557 0.0053437871211154068
0.48791400407689212 0.71999999999999997 0.11837552391413944
0.77811363445228732 0.71999999999999997 0.36355491012877783
0.66221655949907954 0.11576633036698925 -0.12
0.95159659283409537 0.15725950389892338 0.52000000000000002
0.89216123502086031 0.27999071566185751 -0.12
0.5661801681577735 0.36253978627909272 0.52000000000000002
1.1200000000000001 0.084397693010797137 0.037512279868102287
0.21428341465343947 -0.12 0.093145350879319286
0.34607556790890759 0.19870467070284192 -0.12
0.45170349329042336 0.36007043455009169 -0.12
0.40377793303832199 0.070339351495590674 -0.12
0.59593268204144911 0.71999999999999997 0.3087266533342834
0.93782693539486273 0.19699121851488879 0.52000000000000002
-0.12 0.13417756598297348 0.15849002963857775
0.8630783564327259 0.71999999999999997 0.0017138062178199132
0.26578700217147078 0.25865434068345894 0.52000000000000002
-0.12 0.3544309151227209 0.041156447450768498
-0.12 0.20328376031300097 0.24128969954660071
0.96272589132239517 0.71999999999999997 0.13872832748041816
0.59086749066337463 -0.12 0.26358902184053756
0.66085364287824677 0.1723186385751965 0.52000000000000002
0.7391640633136225 0.075522131767336687 -0.12
0.33035614257107826 -0.12 0.25677105589446858
-0.12 0.079368089008312229 0.057139904824892229
0.53342063356566183 0.17049212583263074 -0.12
1.1200000000000001 0.16076907295347537 0.14949750914586332
-0.12 0.12333642162313246 0.052924415233583093
0.2567155272962045 -0.12 0.2148876246268186
1.1200000000000001 0.31522294512063692 0.39964150131430604
0.29211395721322964 0.71999999999999997 0.3054149050686682
0.66767963370192218 0.48174083367450743 0.52000000000000002
-0.12 0.29973182718091929 0.14872177479823565
0.012448798319504295 -0.12 0.322074278570818
0.75292343777537474 0.10187728354996292 0.52000000000000002
0.66852851977124217 0.092511616554168855 0.52000000000000002
0.83038868280565215 0.71999999999999997 0.23528464092753923
0.65830967037005306 0.1429703457210455 -0.12
0.44106477575056113 0.56895910784641324 -0.12
0.93804228263634937 -0.12 0.070510598203914143
-0.12 0.46436539705520397 0.34030055679894544
0.023659994404505058 -0.12 0.20313437968042367
0.19400050335789587 0.71999999999999997 0.37986057546757568
0.046217355225842249 0.71999999999999997 0.27196809069605132
0.6478585676598535 -0.12 0.29989462659641997
0.37793607759119319 -0.12 0.17250851857567728
0.31597388006737681 0.29550228845249898 -0.12
0.52279267062611035 0.011820333613090849 0.52000000000000002
0.74411996105664024 -0.12 0.32521570183266807
0.53363195353818305 -0.12 0.18808108561297435
0.34428450975242431 0.015166782837490844 -0.12
1.1200000000000001 0.10659125375795891 0.15898530141267375
0.41029934467859164 -0.12 0.16724303919849121
0.83571336492541703 0.46239000734294899 -0.12
-0.12 0.43390860595838643 0.3819220313234955
1.1200000000000001 0.11242239935369613 0.18172303062782535
0.43830006557410595 0.58522010097224486 0.52000000000000002
0.55962482946666803 0.71999999999999997 0.1707070790471597
0.75342763286495462 0.71999999999999997 0.16031429172577233
0.83346317925653157 0.71999999999999997 0.16944075885731463
0.65923018332809002 0.35762935680581298 0.52000000000000002
0.61171657102270938 0.52244465874384005 -0.12
0.23864506687610876 0.21372101669556692 -0.12
0.78879954681951692 0.71999999999999997 0.24450027546082409
0.3263133218767067 0.13111429517105636 0.52000000000000002
-0.12 0.35131934432454803 0.099749700041530082
0.089674782445062107 0.45791314313671683 0.52000000000000002
0.20449952892687895 0.71999999999999997 0.080582731104548666
0.66099595831291658 -0.12 0.38565160945226173
0.35849000992491242 0.56617803029405622 0.52000000000000002
1.1200000000000001 0.21943329383911464 0.068164309976972162
0.55689431321682015 0.48960261643035441 -0.12
0.15651248199339429 0.38544356009512154 -0.12
0.00058683537511194928 0.48603877658466332 -0.12
0.21492041870794698 0.71999999999999997 0.0023859267083894855
0.63803038668808276 0.56608771864747753 0.52000000000000002
0.17114294670861196 -0.12 0.18664933401644751
0.27746950739811849 -0.12 0.023603656957080291
0.2848423055313889 0.14525454113849745 -0.12
0.0020739763020881652 -0.12 0.13097837189141043
-0.12 0.35412356572925063 0.12265070991911498
0.13626390131405475 -0.12 0.048136501309956038
0.66073626198137025 0.5397016322690158 0.52000000000000002
0.32256517759329917 0.18106657981800622 -0.12
0.054261953085577797 -0.12 0.25169539227233484
-0.12 0.24454942249572462 0.0089424224416785776
0.86032806057725342 -0.12 0.20868859200856282
0.27309915147849095 0.30243384271081397 0.52000000000000002
0.66319676221402513 0.71999999999999997 0.19083860470515637
0.95742000046557663 -0.12 0.36593343692860913
0.55160680654179628 0.71999999999999997 0.2323989082132365
0.08111682220598937 0.58255423575393295 0.52000000000000002
0.59674902684385744 0.38971902442856754 -0.12
0.50760822537776285 0.35671356692912026 0.52000000000000002
0.1270116939889695 0.71999999999999997 0.098811056333455716
1.1200000000000001 0.14446369600175279 0.3199953444118328
0.22852887873893479 0.54339867420358812 -0.12
0.34230299894975558 -0.12 0.1006079735749299
0.62887326109939479 0.71999999999999997 0.13387248283774472
0.98537921259864447 0.71999999999999997 0.39256878612202928
0.23582446202150464 0.71999999999999997 0.17303892292122292
0.77279399256333026 0.13727181338375816 -0.12
-0.12 0.15741670886631293 0.37528851508607541
0.68429562434301194 0.4974837383307103 0.52000000000000002
0.054649207751457651 -0.12 0.28541812471114109
0.7282323342644399 0.017698437183644722 0.52000000000000002
0.92333932772191663 0.71999999999999997 0.1794653441093427
0.85833109266899388 0.085788911090450684 0.52000000000000002
1.1200000000000001 0.24094904950878315 0.14450928939922258
0.49762646791964971 0.47409000195557571 -0.12
1.1200000000000001 0.40926679748335448 0.29613591594833705
0.85983000756669647 -0.12 0.38250771865784916
0.25452176285141259 0.47860780596399488 -0.12
0.81749716485937762 0.56105425577660839 0.52000000000000002
1.1200000000000001 0.18761816458977265 0.18323577293239965
-0.12 0.42168548645658538 0.058619999438444648
0.057047954837106229 0.37005963202985404 -0.12
0.13580740799440438 0.71999999999999997 0.20747070123583722
0.86007995501461465 0.099314072359143357 -0.12
0.78168488281390369 -0.12 0.086872016685930351
0.26741874627130469 0.32981303449757182 -0.12
0.97152168605938338 0.71999999999999997 0.31666102109727629
-0.12 0.34297499534815407 0.38891599943407479
0.60907016510462997 0.45022156118728529 0.52000000000000002
1.1200000000000001 0.15743527281475767 0.00046380484582497772
0.15051915340467659 -0.12 0.31722148321539784
0.59755233912771422 0.031808935010340766 -0.12
0.22022925551141148 0.1328348419536397 -0.12
0.74244885529547033 0.71999999999999997 0.13241006276271899
0.44664554819880409 -0.12 0.27053018923123551
-0.12 0.23503937468105612 0.094524877039225796
0.20734976317812859 0.14881354175667846 0.52000000000000002
0.41909726928337998 0.71999999999999997 0.24322720499131584
0.4256369414215494 0.46485006819402391 -0.12
0.36768668694362672 -0.12 0.19491660141452283
0.084866684491816891 0.0045679012620050141 -0.12
0.54592828344187616 0.083057766459388518 0.52000000000000002
0.31999804631665074 0.71999999999999997 0.23793254570687006
-0.12 0.018548108329127611 0.37824189514006618
0.13936519043138718 0.46969844718350828 0.52000000000000002
1.1200000000000001 0.53796628861326157 0.20065791808838612
0.034183169075195141 0.034055534263832517 0.52000000000000002
0.34186921569307294 0.71999999999999997 0.18158175584717512
0.39652544177054716 0.71999999999999997 0.20493199299872378
0.45906189476824555 -0.12 0.34764421944047474
0.74485391220901709 0.71999999999999997 0.07900683474644242
0.65122314735571785 0.71999999999999997 0.31117988742670089
0.093057128754970408 -0.12 0.32446461004827581
0.12321743024049248 0.2669255476963896 0.52000000000000002
0.99764876156178672 0.40875261185618328 0.52000000000000002
0.54095039518565002 0.39343211167824321 -0.12
0.64146822392559333 -0.12 0.20436271646324922
0.22550456054765977 0.36454307060734914 -0.12
0.056304698992869051 0.32733304495664461 -0.12
0.23542271752378396 0.053843496934361676 0.52000000000000002
0.77866999114360369 -0.12 0.11574931414268347
0.92787749826577071 0.46393549595208461 0.52000000000000002
1.1200000000000001 0.19500685456068906 0.34041364081206571
0.67703114667782982 -0.12 0.063103422020017771
-0.12 0.31018428849995355 0.2235714907092847
0.43640660392014197 0.1165236327132757 -0.12
-0.12 0.53185466889371358 0.033965580943568212
0.54542502341339694 0.34806828485796037 -0.12
-0.12 0.41408344111302919 0.21154895918648775
0.17122108947670156 0.29712544944421976 0.52000000000000002
0.37642601658882435 0.36683638849957656 0.52000000000000002
1.1200000000000001 0.24366855749298894 0.36613867384781917
0.55239160859545822 0.53520390438778409 -0.12
0.99884953637483564 0.031872706361130265 -0.12
0.79896364014307786 0.71999999999999997 0.39353106761134476
0.77619531889759208 0.10892475821420064 0.52000000000000002
0.39137905519628502 0.71999999999999997 0.22529920029190481
0.1603889883650369 0.19414320512609212 -0.12
0.33779914219328222 0.71999999999999997 0.38290913789516257
0.66817639079498681 0.28416636239453757 -0.12
-0.12 0.10704173047403354 0.19438105054778407
0.74105089007423564 0.32051411424746284 0.52000000000000002
0.94827735489395049 0.10694609967569448 0.52000000000000002
0.33058443141608185 0.43263171222872299 -0.12
0.49124822108376909 0.28989191373936102 0.52000000000000002
0.56597282534525728 0.71999999999999997 0.37136930354570258
0.090726242756827169 0.2569568804810719 -0.12
0.49585639734737152 0.39003784719877488 0.52000000000000002
0.90837035592095539 0.21037384053464572 0.52000000000000002
1.1200000000000001 0.33672562377787901 0.19073732794017584
0.19615444117139136 0.71999999999999997 0.34501089961223919
0.54415965882672002 -0.12 0.35807331228898254
0.71126148160766045 0.28358429346282965 0.52000000000000002
-0.12 0.4213977933139047 0.3274017260572839
0.062972212116694681 0.1717836046160488 -0.12
1.1200000000000001 0.50830768323379172 0.067925664330243385
0.46138638294880907 0.71999999999999997 0.04819702824685717
0.33690139433180233 0.71999999999999997 0.05817286327612288
0.83293878756473605 0.19413859852348903 -0.12
0.90550911967564462 0.46930668159900935 0.52000000000000002
-0.12 0.43223522528462804 0.28499681626929191
0.65325359516804971 -0.12 0.0060023337673981384
0.077906293171784102 0.43767472072816382 0.52000000000000002
0.30545112962166099 0.22297303097121296 0.52000000000000002
0.80336973224602259 0.71999999999999997 0.025840240041486596
0.6121007653006213 0.41013032768624069 0.52000000000000002
0.76659209788239591 -0.12 0.34732065211162622
0.12245793802711824 0.39397267031137639 0.52000000000000002
-0.12 0.28636789744932156 0.063701547230266803
0.63950655740479567 -0.12 0.092397103380409185
0.4655264405998506 0.30591600481731873 -0.12
1.1200000000000001 0.21486347338399792 0.37804776007074659
0.39065223018302786 0.17922603967051631 -0.12
0.2839880521417163 0.16035207143020516 0.52000000000000002
0.13967191822102742 0.5213447617035919 0.52000000000000002
1.1200000000000001 0.56279769501034738 0.00091980624248022558
0.47609716423764725 0.31651919450101607 0.52000000000000002
0.62634216375689089 0.14266411624050163 -0.12
-0.12 0.54379256130389475 0.077235615586240647
0.016043566825849398 0.71999999999999997 0.087622526296420977
-0.12 0.11281707325292534 0.10863285512221937
-0.12 0.47298194843754626 0.29704336981663593
0.19758791082968086 0.27386896197753174 0.52000000000000002
-0.12 0.182743265899449 0.31000725470861196
0.71515541450026721 -0.12 0.32456169266907875
0.51070310268809993 0.14581617045102133 0.52000000000000002
0.58185857292056309 -0.12 0.12793767243840357
0.59940972116393898 0.59351607127507922 -0.12
0.95857810376167252 0.49074923624898248 -0.12
0.53246277073391635 -0.12 0.38018770320093537
0.44866700116734981 0.32681057315382483 -0.12
0.57204520797968827 0.71999999999999997 0.074676213570172983
0.36095519676769006 0.71999999999999997 0.12276286903391825
-0.12 0.28082208954919535 0.3163947758370243
0.92202615536083132 0.53212797146364865 -0.12
0.91069170890195883 0.090561347163942374 -0.12
1.1200000000000001 0.50770857747953002 0.1932977116494298
0.43880823063533392 0.45067740691482505 0.52000000000000002
0.010743531695318609 0.71999999999999997 0.31911573159770179
1.1200000000000001 0.48010055154244352 0.23725481080189514
-0.12 0.18134125798044595 0.39903085580573228
0.042079349146171952 -0.12 0.073261895036392619
0.91184213053988383 -0.12 0.26428140765356101
0.96067883928143682 0.19404512277478098 -0.12
0.82803755599536011 0.71999999999999997 0.067819553617172179
0.32697047373542931 0.4446805268503714 0.52000000000000002
0.78688733615453721 0.71999999999999997 0.20075511395465712
0.22806196116937572 0.080683940668654697 0.52000000000000002
0.81589690465631892 0.21868696792455355 -0.12
-0.12 0.52769792282903705 0.35024349843292257
0.17869990831193405 0.71999999999999997 0.024439335255052264
0.59435111450073685 0.065898824879468965 -0.12
0.47872564032903686 0.71999999999999997 0.071159315797270931
1.1200000000000001 0.017516631555225648 0.28632757227991273
0.77947453349931795 0.40763194728810292 -0.12
0.24427588816942825 0.36906284754085072 0.52000000000000002
1.1200000000000001 0.074403525763442113 0.16047855418746335
0.59708224638570007 0.5764775679939329 0.52000000000000002
0.38001710458940585 0.71999999999999997 0.29097376735435887
0.095685896401650927 0.71999999999999997 0.31262686910760162
0.1328924033966683 0.42623070664115081 -0.12
0.11210472364331658 0.39185803464957458 -0.12
0.909262000447147 0.54512148553094775 0.52000000000000002
-0.12 0.44501516545374942 0.062985868533049022
-0.12 0.21797764478432582 0.27263387297201169
0.42067741989294816 0.34171774547675071 0.52000000000000002
0.68583100610931669 -0.12 0.20263147357873273
0.10049688313955008 0.71999999999999997 0.085749200564101291
1.1200000000000001 0.27104318079161199 0.38443343206040526
0.24581698041536271 -0.12 0.34018840502233899
0.61585958318664924 0.71999999999999997 0.25858292515533965
0.21950292981931652 0.22372868657197925 -0.12
-0.12 0.0092231325913651567 0.27908958357007729
0.89481870773199812 0.71999999999999997 0.39849770589279043
1.1200000000000001 0.57528586785626623 0.17110844215744214
-0.12 0.55763745539601983 0.13664989761014038
0.70470667516109353 -0.12 0.25581694057349069
0.66787944001551236 0.083523673594888548 -0.12
0.3543169453047369 0.71999999999999997 0.29217329270533393
0.85048992976135118 0.58111484428835136 -0.12
0.17973844781754678 -0.12 0.14591945146427163
0.34427335890576938 0.71999999999999997 0.017274906422113424
0.70037509139248633 0.53250366286246209 -0.12
0.98492588598765196 -0.12 0.30461588110537596
0.83888255792548028 0.22357764220819848 0.52000000000000002
0.72102830315132049 -0.12 0.23124884586465441
0.34418242950969724 0.53815995066573186 0.52000000000000002
0.99859668445857763 0.51616279476784799 0.52000000000000002
0.79085363857977287 0.38711757114632844 0.52000000000000002
0.83513849736079548 0.0042970649973145701 0.52000000000000002
0.93887700210319713 0.27380432795481752 -0.12
0.21323683779179603 0.71999999999999997 0.38680411368976619
1.1200000000000001 0.028542044944650513 0.088004056565506569
-0.12 0.1991981065357942 0.26217074004038665
0.52814183899560274 0.71999999999999997 0.39422022115866506
-0.12 0.22281540987731843 0.29206597436174953
0.2024645054993347 -0.12 0.24324322196796411
-0.12 0.046350213284081621 0.09874310322433405
0.89579109741093743 0.57016315568576137 -0.12
0.68310955193026013 0.4469225419322721 0.52000000000000002
0.21146926313713588 0.50047411967081767 0.52000000000000002
0.87759933375457388 0.71999999999999997 0.23935051267684304
0.73291190887273006 0.71999999999999997 0.34084337341935755
0.96828343575220377 0.53249869832687657 -0.12
0.92977562045755624 -0.12 0.37813969391825558
1.1200000000000001 0.4614154657647398 0.13862551313705324
1.1200000000000001 0.44540056523030813 0.31212119948135431
1.1200000000000001 0.58450491775540192 0.27878383887924607
0.046752252652072279 0.71999999999999997 0.22317329095410565
0.24572785843239953 0.30147594700752045 -0.12
0.010766898042934181 0.71999999999999997 0.36001155229357767
0.19312012099407372 0.3893206786153382 0.52000000000000002
0.71741203087694083 0.56354394380705553 0.52000000000000002
0.34125321665217234 0.56534130276830441 -0.12
1.1200000000000001 0.02087137897017266 0.0048320784957889273
-0.12 0.080432379553626546 0.27676494165508814
0.65832298601512851 0.71999999999999997 0.13537478991573079
-0.12 0.57693983786356273 0.23145166135884965
0.77036883390822208 0.26728483620628968 0.52000000000000002
0.21005693756916322 0.42323919116034103 0.52000000000000002
VERTICES 4476 8952
1 0
1 1
1 2
1 3
1 4
1 5
1 6
1 7
1 8
1 9
1 10
1 11
1 12
1 13
1 14
1 15
1 16
1 17
1 18
1 19
1 20
1 21
1 22
1 23
1 24
1 25
1 26
1 27
1 28
1 29
1 30
1 31
1 32
1 33
1 34
1 35
1 36
1 37
1 38
1 39
1 40
1 41
1 42
1 43
1 44
1 45
1 46
1 47
1 48
1 49
1 50
1 51
1 52
1 53
1 54
1 55
1 56
1 57
1 58
1 59
1 60
1 61
1 62
1 63
1 64
1 65
1 66
1 67
1 68
1 69
1 70
1 71
1 72
1 73
1 74
1 75
1 76
1 77
1 78
1 79
1 80
1 81
1 82
1 83
1 84
1 85
1 86
1 87
1 88
1 89
1 90
1 91
1 92
1 93
1 94
1 95
1 96
1 97
1 98
1 99
1 100
1 101
1 102
1 103
1 104
1 105
1 106
1 107
1 108
1 109
1 110
1 111
1 112
1 113
1 114
1 115
1 116
1 117
1 118
1 119
1 120
1 121
1 122
1 123
1 124
1 125
1 126
1 127
1 128
1 129
1 130
1 131
1 132
1 133
1 134
1 135
1 136
1 137
1 138
1 139
1 140
1 141
1 142
1 143
1 144
1 145
1 146
1 147
1 148
1 149
1 150
1 151
1 152
1 153
1 154
1 155
1 156
1 157
1 158
1 159
1 160
1 161
1 162
1 163
1 164
1 165
1 166
1 167
1 168
1 169
1 170
1 171
1 172
1 173
1 174
1 175
1 176
1 177
1 178
1 179
1 180
1 181
1 182
1 183
1 184
1 185
1 186
1 187
1 188
1 189
1 190
1 191
1 192
1 193
1 194
1 195
1 196
1 197
1 198
1 199
1 200
1 201
1 202
1 203
1 204
1 205
1 206
1 207
1 208
1 209
1 210
1 211
1 212
1 213
1 214
1 215
1 216
1 217
1 218
1 219
1 220
1 221
1 222
1 223
1 224
1 225
1 226
1 227
1 228
1 229
1 230
1 231
1 232
1 233
1 234
1 235
1 236
1 237
1 238
1 239
1 240
1 241
1 242
1 243
1 244
1 245
1 246
1 247
1 248
1 249
1 250
1 251
1 252
1 253
1 254
1 255
1 256
1 257
1 258
1 259
1 260
1 261
1 262
1 263
1 264
1 265
1 266
1 267
1 268
1 269
1 270
1 271
1 272
1 273
1 274
1 275
1 276
1 277
1 278
1 279
1 280
1 281
1 282
1 283
1 284
1 285
1 286
1 287
1 288
1 289
1 290
1 291
1 292
1 293
1 294
1 295
1 296
1 297
1 298
1 299
1 300
1 301
1 302
1 303
1 304
1 305
1 306
1 307
1 308
1 309
1 310
1 311
1 312
1 313
1 314
1 315
1 316
1 317
1 318
1 319
1 320
1 321
1 322
1 323
1 324
1 325
1 326
1 327
1 328
1 329
1 330
1 331
1 332
1 333
1 334
1 335
1 336
1 337
1 338
1 339
1 340
1 341
1 342
1 343
1 344
1 345
1 346
1 347
1 348
1 349
1 350
1 351
1 352
1 353
1 354
1 355
1 356
1 357
1 358
1 359
1 360
1 361
1 362
1 363
1 364
1 365
1 366
1 367
1 368
1 369
1 370
1 371
1 372
1 373
1 374
1 375
1 376
1 377
1 378
1 379
1 380
1 381
1 382
1 383
1 384
1 385
1 386
1 387
1 388
1 389
1 390
1 391
1 392
1 393
1 394
1 395
1 396
1 397
1 398
1 399
1 400
1 401
1 402
1 403
1 404
1 405
1 406
1 407
1 408
1 409
1 410
1 411
1 412
1 413
1 414
1 415
1 416
1 417
1 418
1 419
1 420
1 421
1 422
1 423
1 424
1 425
1 426
1 427
1 428
1 429
1 430
1 431
1 432
1 433
1 434
1 435
1 436
1 437
1 438
1 439
1 440
1 441
1 442
1 443
1 444
1 445
1 446
1 447
1 448
1 449
1 450
1 451
1 452
1 453
1 454
1 455
1 456
1 457
1 458
1 459
1 460
1 461
1 462
1 463
1 464
1 465
1 466
1 467
1 468
1 469
1 470
1 471
1 472
1 473
1 474
1 475
1 476
1 477
1 478
1 479
1 480
1 481
1 482
1 483
1 484
1 485
1 486
1 487
1 488
1 489
1 490
1 491
1 492
1 493
1 494
1 495
1 496
1 497
1 498
1 499
1 500
1 501
1 502
1 503
1 504
1 505
1 506
1 507
1 508
1 509
1 510
1 511
1 512
1 513
1 514
1 515
1 516
1 517
1 518
1 519
1 520
1 521
1 522
1 523
1 524
1 525
1 526
1 527
1 528
1 529
1 530
1 531
1 532
1 533
1 534
1 535
1 536
1 537
1 538
1 539
1 540
1 541
1 542
1 543
1 544
1 545
1 546
1 547
1 548
1 549
1 550
1 551
1 552
1 553
1 554
1 555
1 556
1 557
1 558
1 559
1 560
1 561
1 562
1 563
1 564
1 565
1 566
1 567
1 568
1 569
1 570
1 571
1 572
1 573
1 574
1 575
1 576
1 577
1 578
1 579
1 580
1 581
1 582
1 583
1 584
1 585
1 586
1 587
1 588
1 589
1 590
1 591
1 592
1 593
1 594
1 595
1 596
1 597
1 598
1 599
1 600
1 601
1 602
1 603
1 604
1 605
1 606
1 607
1 608
1 609
1 610
1 611
1 612
1 613
1 614
1 615
1 616
1 617
1 618
1 619
1 620
1 621
1 622
1 623
1 624
1 625
1 626
1 627
1 628
1 629
1 630
1 631
1 632
1 633
1 634
1 635
1 636
1 637
1 638
1 639
1 640
1 641
1 642
1 643
1 644
1 645
1 646
1 647
1 648
1 649
1 650
1 651
1 652
1 653
1 654
1 655
1 656
1 657
1 658
1 659
1 660
1 661
1 662
1 663
1 664
1 665
1 666
1 667
1 668
1 669
1 670
1 671
1 672
1 673
1 674
1 675
1 676
1 677
1 678
1 679
1 680
1 681
1 682
1 683
1 684
1 685
1 686
1 687
1 688
1 689
1 690
1 691
1 692
1 693
1 694
1 695
1 696
1 697
1 698
1 699
1 700
1 701
1 702
1 703
1 704
1 705
1 706
1 707
1 708
1 709
1 710
1 711
1 712
1 713
1 714
1 715
1 716
1 717
1 718
1 719
1 720
1 721
1 722
1 723
1 724
1 725
1 726
1 727
1 728
1 729
1 730
1 731
1 732
1 733
1 734
1 735
1 736
1 737
1 738
1 739
1 740
1 741
1 742
1 743
1 744
1 745
1 746
1 747
1 748
1 749
1 750
1 751
1 752
1 753
1 754
1 755
1 756
1 757
1 758
1 759
1 760
1 761
1 762
1 763
1 764
1 765
1 766
1 767
1 768
1 769
1 770
1 771
1 772
1 773
1 774
1 775
1 776
1 777
1 778
1 779
1 780
1 781
1 782
1 783
1 784
1 785
1 786
1 787
1 788
1 789
1 790
1 791
1 792
1 793
1 794
1 795
1 796
1 797
1 798
1 799
1 800
1 801
1 802
1 803
1 804
1 805
1 806
1 807
1 808
1 809
1 810
1 811
1 812
1 813
1 814
1 815
1 816
1 817
1 818
1 819
1 820
1 821
1 822
1 823
1 824
1 825
1 826
1 827
1 828
1 829
1 830
1 831
1 832
1 833
1 834
1 835
1 836
1 837
1 838
1 839
1 840
1 841
1 842
1 843
1 844
1 845
1 846
1 847
1 848
1 849
1 850
1 851
1 852
1 853
1 854
1 855
1 856
1 857
1 858
1 859
1 860
1 861
1 862
1 863
1 864
1 865
1 866
1 867
1 868
1 869
1 870
1 871
1 872
1 873
1 874
1 875
1 876
1 877
1 878
1 879
1 880
1 881
1 882
1 883
1 884
1 885
1 886
1 887
1 888
1 889
1 890
1 891
1 892
1 893
1 894
1 895
1 896
1 897
1 898
1 899
1 900
1 901
1 902
1 903
1 904
1 905
1 906
1 907
1 908
1 909
1 910
1 911
1 912
1 913
1 914
1 915
1 916
1 917
1 918
1 919
1 920
1 921
1 922
1 923
1 924
1 925
1 926
1 927
1 928
1 929
1 930
1 931
1 932
1 933
1 934
1 935
1 936
1 937
1 938
1 939
1 940
1 941
1 942
1 943
1 944
1 945
1 946
1 947
1 948
1 949
1 950
1 951
1 952
1 953
1 954
1 955
1 956
1 957
1 958
1 959
1 960
1 961
1 962
1 963
1 964
1 965
1 966
1 967
1 968
1 969
1 970
1 971
1 972
1 973
1 974
1 975
1 976
1 977
1 978
1 979
1 980
1 981
1 982
1 983
1 984
1 985
1 986
1 987
1 988
1 989
1 990
1 991
1 992
1 993
1 994
1 995
1 996
1 997
1 998
1 999
1 1000
1 1001
1 1002
1 1003
1 1004
1 1005
1 1006
1 1007
1 1008
1 1009
1 1010
1 1011
1 1012
1 1013
1 1014
1 1015
1 1016
1 1017
1 1018
1 1019
1 1020
1 1021
1 1022
1 1023
1 1024
1 1025
1 1026
1 1027
1 1028
1 1029
1 1030
1 1031
1 1032
1 1033
1 1034
1 1035
1 1036
1 1037
1 1038
1 1039
1 1040
1 1041
1 1042
1 1043
1 1044
1 1045
1 1046
1 1047
1 1048
1 1049
1 1050
1 1051
1 1052
1 1053
1 1054
1 1055
1 1056
1 1057
1 1058
1 1059
1 1060
1 1061
1 1062
1 1063
1 1064
1 1065
1 1066
1 1067
1 1068
1 1069
1 1070
1 1071
1 1072
1 1073
1 1074
1 1075
1 1076
1 1077
1 1078
1 1079
1 1080
1 1081
1 1082
1 1083
1 1084
1 1085
1 1086
1 1087
1 1088
1 1089
1 1090
1 1091
1 1092
1 1093
1 1094
1 1095
1 1096
1 1097
1 1098
1 1099
1 1100
1 1101
1 1102
1 1103
1 1104
1 1105
1 1106
1 1107
1 1108
1 1109
1 1110
1 1111
1 1112
1 1113
1 1114
1 1115
1 1116
1 1117
1 1118
1 1119
1 1120
1 1121
1 1122
1 1123
1 1124
1 1125
1 1126
1 1127
1 1128
1 1129
1 1130
1 1131
1 1132
1 1133
1 1134
1 1135
1 1136
1 1137
1 1138
1 1139
1 1140
1 1141
1 1142
1 1143
1 1144
1 1145
1 1146
1 1147
1 1148
1 1149
1 1150
1 1151
1 1152
1 1153
1 1154
1 1155
1 1156
1 1157
1 1158
1 1159
1 1160
1 1161
1 1162
1 1163
1 1164
1 1165
1 1166
1 1167
1 1168
1 1169
1 1170
1 1171
1 1172
1 1173
1 1174
1 1175
1 1176
1 1177
1 1178
1 1179
1 1180
1 1181
1 1182
1 1183
1 1184
1 1185
1 1186
1 1187
1 1188
1 1189
1 1190
1 1191
1 1192
1 1193
1 1194
1 1195
1 1196
1 1197
1 1198
1 1199
1 1200
1 1201
1 1202
1 1203
1 1204
1 1205
1 1206
1 1207
1 1208
1 1209
1 1210
1 1211
1 1212
1 1213
1 1214
1 1215
1 1216
1 1217
1 1218
1 1219
1 1220
1 1221
1 1222
1 1223
1 1224
1 1225
1 1226
1 1227
1 1228
1 1229
1 1230
1 1231
1 1232
1 1233
1 1234
1 1235
1 1236
1 1237
1 1238
1 1239
1 1240
1 1241
1 1242
1 1243
1 1244
1 1245
1 1246
1 1247
1 1248
1 1249
1 1250
1 1251
1 1252
1 1253
1 1254
1 1255
1 1256
1 1257
1 1258
1 1259
1 1260
1 1261
1 1262
1 1263
1 1264
1 1265
1 1266
1 1267
1 1268
1 1269
1 1270
1 1271
1 1272
1 1273
1 1274
1 1275
1 1276
1 1277
1 1278
1 1279
1 1280
1 1281
1 1282
1 1283
1 1284
1 1285
1 1286
1 1287
1 1288
1 1289
1 1290
1 1291
1 1292
1 1293
1 1294
1 1295
1 1296
1 1297
1 1298
1 1299
1 1300
1 1301
1 1302
1 1303
1 1304
1 1305
1 1306
1 1307
1 1308
1 1309
1 1310
1 1311
1 1312
1 1313
1 1314
1 1315
1 1316
1 1317
1 1318
1 1319
1 1320
1 1321
1 1322
1 1323
1 1324
1 1325
1 1326
1 1327
1 1328
1 1329
1 1330
1 1331
1 1332
1 1333
1 1334
1 1335
1 1336
1 1337
1 1338
1 1339
1 1340
1 1341
1 1342
1 1343
1 1344
1 1345
1 1346
1 1347
1 1348
1 1349
1 1350
1 1351
1 1352
1 1353
1 1354
1 1355
1 1356
1 1357
1 1358
1 1359
1 1360
1 1361
1 1362
1 1363
1 1364
1 1365
1 1366
1 1367
1 1368
1 1369
1 1370
1 1371
1 1372
1 1373
1 1374
1 1375
1 1376
1 1377
1 1378
1 1379
1 1380
1 1381
1 1382
1 1383
1 1384
1 1385
1 1386
1 1387
1 1388
1 1389
1 1390
1 1391
1 1392
1 1393
1 1394
1 1395
1 1396
1 1397
1 1398
1 1399
1 1400
1 1401
1 1402
1 1403
1 1404
1 1405
1 1406
1 1407
1 1408
1 1409
1 1410
1 1411
1 1412
1 1413
1 1414
1 1415
1 1416
1 1417
1 1418
1 1419
1 1420
1 1421
1 1422
1 1423
1 1424
1 1425
1 1426
1 1427
1 1428
1 1429
1 1430
1 1431
1 1432
1 1433
1 1434
1 1435
1 1436
1 1437
1 1438
1 1439
1 1440
1 1441
1 1442
1 1443
1 1444
1 1445
1 1446
1 1447
1 1448
1 1449
1 1450
1 1451
1 1452
1 1453
1 1454
1 1455
1 1456
1 1457
1 1458
1 1459
1 1460
1 1461
1 1462
1 1463
1 1464
1 1465
1 1466
1 1467
1 1468
1 1469
1 1470
1 1471
1 1472
1 1473
1 1474
1 1475
1 1476
1 1477
1 1478
1 1479
1 1480
1 1481
1 1482
1 1483
1 1484
1 1485
1 1486
1 1487
1 1488
1 1489
1 1490
1 1491
1 1492
1 1493
1 1494
1 1495
1 1496
1 1497
1 1498
1 1499
1 1500
1 1501
1 1502
1 1503
1 1504
1 1505
1 1506
1 1507
1 1508
1 1509
1 1510
1 1511
1 1512
1 1513
1 1514
1 1515
1 1516
1 1517
1 1518
1 1519
1 1520
1 1521
1 1522
1 1523
1 1524
1 1525
1 1526
1 1527
1 1528
1 1529
1 1530
1 1531
1 1532
1 1533
1 1534
1 1535
1 1536
1 1537
1 1538
1 1539
1 1540
1 1541
1 1542
1 1543
1 1544
1 1545
1 1546
1 1547
1 1548
1 1549
1 1550
1 1551
1 1552
1 1553
1 1554
1 1555
1 1556
1 1557
1 1558
1 1559
1 1560
1 1561
1 1562
1 1563
1 1564
1 1565
1 1566
1 1567
1 1568
1 1569
1 1570
1 1571
1 1572
1 1573
1 1574
1 1575
1 1576
1 1577
1 1578
1 1579
1 1580
1 1581
1 1582
1 1583
1 1584
1 1585
1 1586
1 1587
1 1588
1 1589
1 1590
1 1591
1 1592
1 1593
1 1594
1 1595
1 1596
1 1597
1 1598
1 1599
1 1600
1 1601
1 1602
1 1603
1 1604
1 1605
1 1606
1 1607
1 1608
1 1609
1 1610
1 1611
1 1612
1 1613
1 1614
1 1615
1 1616
1 1617
1 1618
1 1619
1 1620
1 1621
1 1622
1 1623
1 1624
1 1625
1 1626
1 1627
1 1628
1 1629
1 1630
1 1631
1 1632
1 1633
1 1634
1 1635
1 1636
1 1637
1 1638
1 1639
1 1640
1 1641
1 1642
1 1643
1 1644
1 1645
1 1646
1 1647
1 1648
1 1649
1 1650
1 1651
1 1652
1 1653
1 1654
1 1655
1 1656
1 1657
1 1658
1 1659
1 1660
1 1661
1 1662
1 1663
1 1664
1 1665
1 1666
1 1667
1 1668
1 1669
1 1670
1 1671
1 1672
1 1673
1 1674
1 1675
1 1676
1 1677
1 1678
1 1679
1 1680
1 1681
1 1682
1 1683
1 1684
1 1685
1 1686
1 1687
1 1688
1 1689
1 1690
1 1691
1 1692
1 1693
1 1694
1 1695
1 1696
1 1697
1 1698
1 1699
1 1700
1 1701
1 1702
1 1703
1 1704
1 1705
1 1706
1 1707
1 1708
1 1709
1 1710
1 1711
1 1712
1 1713
1 1714
1 1715
1 1716
1 1717
1 1718
1 1719
1 1720
1 1721
1 1722
1 1723
1 1724
1 1725
1 1726
1 1727
1 1728
1 1729
1 1730
1 1731
1 1732
1 1733
1 1734
1 1735
1 1736
1 1737
1 1738
1 1739
1 1740
1 1741
1 1742
1 1743
1 1744
1 1745
1 1746
1 1747
1 1748
1 1749
1 1750
1 1751
1 1752
1 1753
1 1754
1 1755
1 1756
1 1757
1 1758
1 1759
1 1760
1 1761
1 1762
1 1763
1 1764
1 1765
1 1766
1 1767
1 1768
1 1769
1 1770
1 1771
1 1772
1 1773
1 1774
1 1775
1 1776
1 1777
1 1778
1 1779
1 1780
1 1781
1 1782
1 1783
1 1784
1 1785
1 1786
1 1787
1 1788
1 1789
1 1790
1 1791
1 1792
1 1793
1 1794
1 1795
1 1796
1 1797
1 1798
1 1799
1 1800
1 1801
1 1802
1 1803
1 1804
1 1805
1 1806
1 1807
1 1808
1 1809
1 1810
1 1811
1 1812
1 1813
1 1814
1 1815
1 1816
1 1817
1 1818
1 1819
1 1820
1 1821
1 1822
1 1823
1 1824
1 1825
1 1826
1 1827
1 1828
1 1829
1 1830
1 1831
1 1832
1 1833
1 1834
1 1835
1 1836
1 1837
1 1838
1 1839
1 1840
1 1841
1 1842
1 1843
1 1844
1 1845
1 1846
1 1847
1 1848
1 1849
1 1850
1 1851
1 1852
1 1853
1 1854
1 1855
1 1856
1 1857
1 1858
1 1859
1 1860
1 1861
1 1862
1 1863
1 1864
1 1865
1 1866
1 1867
1 1868
1 1869
1 1870
1 1871
1 1872
1 1873
1 1874
1 1875
1 1876
1 1877
1 1878
1 1879
1 1880
1 1881
1 1882
1 1883
1 1884
1 1885
1 1886
1 1887
1 1888
1 1889
1 1890
1 1891
1 1892
1 1893
1 1894
1 1895
1 1896
1 1897
1 1898
1 1899
1 1900
1 1901
1 1902
1 1903
1 1904
1 1905
1 1906
1 1907
1 1908
1 1909
1 1910
1 1911
1 1912
1 1913
1 1914
1 1915
1 1916
1 1917
1 1918
1 1919
1 1920
1 1921
1 1922
1 1923
1 1924
1 1925
1 1926
1 1927
1 1928
1 1929
1 1930
1 1931
1 1932
1 1933
1 1934
1 1935
1 1936
1 1937
1 1938
1 1939
1 1940
1 1941
1 1942
1 1943
1 1944
1 1945
1 1946
1 1947
1 1948
1 1949
1 1950
1 1951
1 1952
1 1953
1 1954
1 1955
1 1956
1 1957
1 1958
1 1959
1 1960
1 1961
1 1962
1 1963
1 1964
1 1965
1 1966
1 1967
1 1968
1 1969
1 1970
1 1971
1 1972
1 1973
1 1974
1 1975
1 1976
1 1977
1 1978
1 1979
1 1980
1 1981
1 1982
1 1983
1 1984
1 1985
1 1986
1 1987
1 1988
1 1989
1 1990
1 1991
1 1992
1 1993
1 1994
1 1995
1 1996
1 1997
1 1998
1 1999
1 2000
1 2001
1 2002
1 2003
1 2004
1 2005
1 2006
1 2007
1 2008
1 2009
1 2010
1 2011
1 2012
1 2013
1 2014
1 2015
1 2016
1 2017
1 2018
1 2019
1 2020
1 2021
1 2022
1 2023
1 2024
1 2025
1 2026
1 2027
1 2028
1 2029
1 2030
1 2031
1 2032
1 2033
1 2034
1 2035
1 2036
1 2037
1 2038
1 2039
1 2040
1 2041
1 2042
1 2043
1 2044
1 2045
1 2046
1 2047
1 2048
1 2049
1 2050
1 2051
1 2052
1 2053
1 2054
1 2055
1 2056
1 2057
1 2058
1 2059
1 2060
1 2061
1 2062
1 2063
1 2064
1 2065
1 2066
1 2067
1 2068
1 2069
1 2070
1 2071
1 2072
1 2073
1 2074
1 2075
1 2076
1 2077
1 2078
1 2079
1 2080
1 2081
1 2082
1 2083
1 2084
1 2085
1 2086
1 2087
1 2088
1 2089
1 2090
1 2091
1 2092
1 2093
1 2094
1 2095
1 2096
1 2097
1 2098
1 2099
1 2100
1 2101
1 2102
1 2103
1 2104
1 2105
1 2106
1 2107
1 2108
1 2109
1 2110
1 2111
1 2112
1 2113
1 2114
1 2115
1 2116
1 2117
1 2118
1 2119
1 2120
1 2121
1 2122
1 2123
1 2124
1 2125
1 2126
1 2127
1 2128
1 2129
1 2130
1 2131
1 2132
1 2133
1 2134
1 2135
1 2136
1 2137
1 2138
1 2139
1 2140
1 2141
1 2142
1 2143
1 2144
1 2145
1 2146
1 2147
1 2148
1 2149
1 2150
1 2151
1 2152
1 2153
1 2154
1 2155
1 2156
1 2157
1 2158
1 2159
1 2160
1 2161
1 2162
1 2163
1 2164
1 2165
1 2166
1 2167
1 2168
1 2169
1 2170
1 2171
1 2172
1 2173
1 2174
1 2175
1 2176
1 2177
1 2178
1 2179
1 2180
1 2181
1 2182
1 2183
1 2184
1 2185
1 2186
1 2187
1 2188
1 2189
1 2190
1 2191
1 2192
1 2193
1 2194
1 2195
1 2196
1 2197
1 2198
1 2199
1 2200
1 2201
1 2202
1 2203
1 2204
1 2205
1 2206
1 2207
1 2208
1 2209
1 2210
1 2211
1 2212
1 2213
1 2214
1 2215
1 2216
1 2217
1 2218
1 2219
1 2220
1 2221
1 2222
1 2223
1 2224
1 2225
1 2226
1 2227
1 2228
1 2229
1 2230
1 2231
1 2232
1 2233
1 2234
1 2235
1 2236
1 2237
1 2238
1 2239
1 2240
1 2241
1 2242
1 2243
1 2244
1 2245
1 2246
1 2247
1 2248
1 2249
1 2250
1 2251
1 2252
1 2253
1 2254
1 2255
1 2256
1 2257
1 2258
1 2259
1 2260
1 2261
1 2262
1 2263
1 2264
1 2265
1 2266
1 2267
1 2268
1 2269
1 2270
1 2271
1 2272
1 2273
1 2274
1 2275
1 2276
1 2277
1 2278
1 2279
1 2280
1 2281
1 2282
1 2283
1 2284
1 2285
1 2286
1 2287
1 2288
1 2289
1 2290
1 2291
1 2292
1 2293
1 2294
1 2295
1 2296
1 2297
1 2298
1 2299
1 2300
1 2301
1 2302
1 2303
1 2304
1 2305
1 2306
1 2307
1 2308
1 2309
1 2310
1 2311
1 2312
1 2313
1 2314
1 2315
1 2316
1 2317
1 2318
1 2319
1 2320
1 2321
1 2322
1 2323
1 2324
1 2325
1 2326
1 2327
1 2328
1 2329
1 2330
1 2331
1 2332
1 2333
1 2334
1 2335
1 2336
1 2337
1 2338
1 2339
1 2340
1 2341
1 2342
1 2343
1 2344
1 2345
1 2346
1 2347
1 2348
1 2349
1 2350
1 2351
1 2352
1 2353
1 2354
1 2355
1 2356
1 2357
1 2358
1 2359
1 2360
1 2361
1 2362
1 2363
1 2364
1 2365
1 2366
1 2367
1 2368
1 2369
1 2370
1 2371
1 2372
1 2373
1 2374
1 2375
1 2376
1 2377
1 2378
1 2379
1 2380
1 2381
1 2382
1 2383
1 2384
1 2385
1 2386
1 2387
1 2388
1 2389
1 2390
1 2391
1 2392
1 2393
1 2394
1 2395
1 2396
1 2397
1 2398
1 2399
1 2400
1 2401
1 2402
1 2403
1 2404
1 2405
1 2406
1 2407
1 2408
1 2409
1 2410
1 2411
1 2412
1 2413
1 2414
1 2415
1 2416
1 2417
1 2418
1 2419
1 2420
1 2421
1 2422
1 2423
1 2424
1 2425
1 2426
1 2427
1 2428
1 2429
1 2430
1 2431
1 2432
1 2433
1 2434
1 2435
1 2436
1 2437
1 2438
1 2439
1 2440
1 2441
1 2442
1 2443
1 2444
1 2445
1 2446
1 2447
1 2448
1 2449
1 2450
1 2451
1 2452
1 2453
1 2454
1 2455
1 2456
1 2457
1 2458
1 2459
1 2460
1 2461
1 2462
1 2463
1 2464
1 2465
1 2466
1 2467
1 2468
1 2469
1 2470
1 2471
1 2472
1 2473
1 2474
1 2475
1 2476
1 2477
1 2478
1 2479
1 2480
1 2481
1 2482
1 2483
1 2484
1 2485
1 2486
1 2487
1 2488
1 2489
1 2490
1 2491
1 2492
1 2493
1 2494
1 2495
1 2496
1 2497
1 2498
1 2499
1 2500
1 2501
1 2502
1 2503
1 2504
1 2505
1 2506
1 2507
1 2508
1 2509
1 2510
1 2511
1 2512
1 2513
1 2514
1 2515
1 2516
1 2517
1 2518
1 2519
1 2520
1 2521
1 2522
1 2523
1 2524
1 2525
1 2526
1 2527
1 2528
1 2529
1 2530
1 2531
1 2532
1 2533
1 2534
1 2535
1 2536
1 2537
1 2538
1 2539
1 2540
1 2541
1 2542
1 2543
1 2544
1 2545
1 2546
1 2547
1 2548
1 2549
1 2550
1 2551
1 2552
1 2553
1 2554
1 2555
1 2556
1 2557
1 2558
1 2559
1 2560
1 2561
1 2562
1 2563
1 2564
1 2565
1 2566
1 2567
1 2568
1 2569
1 2570
1 2571
1 2572
1 2573
1 2574
1 2575
1 2576
1 2577
1 2578
1 2579
1 2580
1 2581
1 2582
1 2583
1 2584
1 2585
1 2586
1 2587
1 2588
1 2589
1 2590
1 2591
1 2592
1 2593
1 2594
1 2595
1 2596
1 2597
1 2598
1 2599
1 2600
1 2601
1 2602
1 2603
1 2604
1 2605
1 2606
1 2607
1 2608
1 2609
1 2610
1 2611
1 2612
1 2613
1 2614
1 2615
1 2616
1 2617
1 2618
1 2619
1 2620
1 2621
1 2622
1 2623
1 2624
1 2625
1 2626
1 2627
1 2628
1 2629
1 2630
1 2631
1 2632
1 2633
1 2634
1 2635
1 2636
1 2637
1 2638
1 2639
1 2640
1 2641
1 2642
1 2643
1 2644
1 2645
1 2646
1 2647
1 2648
1 2649
1 2650
1 2651
1 2652
1 2653
1 2654
1 2655
1 2656
1 2657
1 2658
1 2659
1 2660
1 2661
1 2662
1 2663
1 2664
1 2665
1 2666
1 2667
1 2668
1 2669
1 2670
1 2671
1 2672
1 2673
1 2674
1 2675
1 2676
1 2677
1 2678
1 2679
1 2680
1 2681
1 2682
1 2683
1 2684
1 2685
1 2686
1 2687
1 2688
1 2689
1 2690
1 2691
1 2692
1 2693
1 2694
1 2695
1 2696
1 2697
1 2698
1 2699
1 2700
1 2701
1 2702
1 2703
1 2704
1 2705
1 2706
1 2707
1 2708
1 2709
1 2710
1 2711
1 2712
1 2713
1 2714
1 2715
1 2716
1 2717
1 2718
1 2719
1 2720
1 2721
1 2722
1 2723
1 2724
1 2725
1 2726
1 2727
1 2728
1 2729
1 2730
1 2731
1 2732
1 2733
1 2734
1 2735
1 2736
1 2737
1 2738
1 2739
1 2740
1 2741
1 2742
1 2743
1 2744
1 2745
1 2746
1 2747
1 2748
1 2749
1 2750
1 2751
1 2752
1 2753
1 2754
1 2755
1 2756
1 2757
1 2758
1 2759
1 2760
1 2761
1 2762
1 2763
1 2764
1 2765
1 2766
1 2767
1 2768
1 2769
1 2770
1 2771
1 2772
1 2773
1 2774
1 2775
1 2776
1 2777
1 2778
1 2779
1 2780
1 2781
1 2782
1 2783
1 2784
1 2785
1 2786
1 2787
1 2788
1 2789
1 2790
1 2791
1 2792
1 2793
1 2794
1 2795
1 2796
1 2797
1 2798
1 2799
1 2800
1 2801
1 2802
1 2803
1 2804
1 2805
1 2806
1 2807
1 2808
1 2809
1 2810
1 2811
1 2812
1 2813
1 2814
1 2815
1 2816
1 2817
1 2818
1 2819
1 2820
1 2821
1 2822
1 2823
1 2824
1 2825
1 2826
1 2827
1 2828
1 2829
1 2830
1 2831
1 2832
1 2833
1 2834
1 2835
1 2836
1 2837
1 2838
1 2839
1 2840
1 2841
1 2842
1 2843
1 2844
1 2845
1 2846
1 2847
1 2848
1 2849
1 2850
1 2851
1 2852
1 2853
1 2854
1 2855
1 2856
1 2857
1 2858
1 2859
1 2860
1 2861
1 2862
1 2863
1 2864
1 2865
1 2866
1 2867
1 2868
1 2869
1 2870
1 2871
1 2872
1 2873
1 2874
1 2875
1 2876
1 2877
1 2878
1 2879
1 2880
1 2881
1 2882
1 2883
1 2884
1 2885
1 2886
1 2887
1 2888
1 2889
1 2890
1 2891
1 2892
1 2893
1 2894
1 2895
1 2896
1 2897
1 2898
1 2899
1 2900
1 2901
1 2902
1 2903
1 2904
1 2905
1 2906
1 2907
1 2908
1 2909
1 2910
1 2911
1 2912
1 2913
1 2914
1 2915
1 2916
1 2917
1 2918
1 2919
1 2920
1 2921
1 2922
1 2923
1 2924
1 2925
1 2926
1 2927
1 2928
1 2929
1 2930
1 2931
1 2932
1 2933
1 2934
1 2935
1 2936
1 2937
1 2938
1 2939
1 2940
1 2941
1 2942
1 2943
1 2944
1 2945
1 2946
1 2947
1 2948
1 2949
1 2950
1 2951
1 2952
1 2953
1 2954
1 2955
1 2956
1 2957
1 2958
1 2959
1 2960
1 2961
1 2962
1 2963
1 2964
1 2965
1 2966
1 2967
1 2968
1 2969
1 2970
1 2971
1 2972
1 2973
1 2974
1 2975
1 2976
1 2977
1 2978
1 2979
1 2980
1 2981
1 2982
1 2983
1 2984
1 2985
1 2986
1 2987
1 2988
1 2989
1 2990
1 2991
1 2992
1 2993
1 2994
1 2995
1 2996
1 2997
1 2998
1 2999
1 3000
1 3001
1 3002
1 3003
1 3004
1 3005
1 3006
1 3007
1 3008
1 3009
1 3010
1 3011
1 3012
1 3013
1 3014
1 3015
1 3016
1 3017
1 3018
1 3019
1 3020
1 3021
1 3022
1 3023
1 3024
1 3025
1 3026
1 3027
1 3028
1 3029
1 3030
1 3031
1 3032
1 3033
1 3034
1 3035
1 3036
1 3037
1 3038
1 3039
1 3040
1 3041
1 3042
1 3043
1 3044
1 3045
1 3046
1 3047
1 3048
1 3049
1 3050
1 3051
1 3052
1 3053
1 3054
1 3055
1 3056
1 3057
1 3058
1 3059
1 3060
1 3061
1 3062
1 3063
1 3064
1 3065
1 3066
1 3067
1 3068
1 3069
1 3070
1 3071
1 3072
1 3073
1 3074
1 3075
1 3076
1 3077
1 3078
1 3079
1 3080
1 3081
1 3082
1 3083
1 3084
1 3085
1 3086
1 3087
1 3088
1 3089
1 3090
1 3091
1 3092
1 3093
1 3094
1 3095
1 3096
1 3097
1 3098
1 3099
1 3100
1 3101
1 3102
1 3103
1 3104
1 3105
1 3106
1 3107
1 3108
1 3109
1 3110
1 3111
1 3112
1 3113
1 3114
1 3115
1 3116
1 3117
1 3118
1 3119
1 3120
1 3121
1 3122
1 3123
1 3124
1 3125
1 3126
1 3127
1 3128
1 3129
1 3130
1 3131
1 3132
1 3133
1 3134
1 3135
1 3136
1 3137
1 3138
1 3139
1 3140
1 3141
1 3142
1 3143
1 3144
1 3145
1 3146
1 3147
1 3148
1 3149
1 3150
1 3151
1 3152
1 3153
1 3154
1 3155
1 3156
1 3157
1 3158
1 3159
1 3160
1 3161
1 3162
1 3163
1 3164
1 3165
1 3166
1 3167
1 3168
1 3169
1 3170
1 3171
1 3172
1 3173
1 3174
1 3175
1 3176
1 3177
1 3178
1 3179
1 3180
1 3181
1 3182
1 3183
1 3184
1 3185
1 3186
1 3187
1 3188
1 3189
1 3190
1 3191
1 3192
1 3193
1 3194
1 3195
1 3196
1 3197
1 3198
1 3199
1 3200
1 3201
1 3202
1 3203
1 3204
1 3205
1 3206
1 3207
1 3208
1 3209
1 3210
1 3211
1 3212
1 3213
1 3214
1 3215
1 3216
1 3217
1 3218
1 3219
1 3220
1 3221
1 3222
1 3223
1 3224
1 3225
1 3226
1 3227
1 3228
1 3229
1 3230
1 3231
1 3232
1 3233
1 3234
1 3235
1 3236
1 3237
1 3238
1 3239
1 3240
1 3241
1 3242
1 3243
1 3244
1 3245
1 3246
1 3247
1 3248
1 3249
1 3250
1 3251
1 3252
1 3253
1 3254
1 3255
1 3256
1 3257
1 3258
1 3259
1 3260
1 3261
1 3262
1 3263
1 3264
1 3265
1 3266
1 3267
1 3268
1 3269
1 3270
1 3271
1 3272
1 3273
1 3274
1 3275
1 3276
1 3277
1 3278
1 3279
1 3280
1 3281
1 3282
1 3283
1 3284
1 3285
1 3286
1 3287
1 3288
1 3289
1 3290
1 3291
1 3292
1 3293
1 3294
1 3295
1 3296
1 3297
1 3298
1 3299
1 3300
1 3301
1 3302
1 3303
1 3304
1 3305
1 3306
1 3307
1 3308
1 3309
1 3310
1 3311
1 3312
1 3313
1 3314
1 3315
1 3316
1 3317
1 3318
1 3319
1 3320
1 3321
1 3322
1 3323
1 3324
1 3325
1 3326
1 3327
1 3328
1 3329
1 3330
1 3331
1 3332
1 3333
1 3334
1 3335
1 3336
1 3337
1 3338
1 3339
1 3340
1 3341
1 3342
1 3343
1 3344
1 3345
1 3346
1 3347
1 3348
1 3349
1 3350
1 3351
1 3352
1 3353
1 3354
1 3355
1 3356
1 3357
1 3358
1 3359
1 3360
1 3361
1 3362
1 3363
1 3364
1 3365
1 3366
1 3367
1 3368
1 3369
1 3370
1 3371
1 3372
1 3373
1 3374
1 3375
1 3376
1 3377
1 3378
1 3379
1 3380
1 3381
1 3382
1 3383
1 3384
1 3385
1 3386
1 3387
1 3388
1 3389
1 3390
1 3391
1 3392
1 3393
1 3394
1 3395
1 3396
1 3397
1 3398
1 3399
1 3400
1 3401
1 3402
1 3403
1 3404
1 3405
1 3406
1 3407
1 3408
1 3409
1 3410
1 3411
1 3412
1 3413
1 3414
1 3415
1 3416
1 3417
1 3418
1 3419
1 3420
1 3421
1 3422
1 3423
1 3424
1 3425
1 3426
1 3427
1 3428
1 3429
1 3430
1 3431
1 3432
1 3433
1 3434
1 3435
1 3436
1 3437
1 3438
1 3439
1 3440
1 3441
1 3442
1 3443
1 3444
1 3445
1 3446
1 3447
1 3448
1 3449
1 3450
1 3451
1 3452
1 3453
1 3454
1 3455
1 3456
1 3457
1 3458
1 3459
1 3460
1 3461
1 3462
1 3463
1 3464
1 3465
1 3466
1 3467
1 3468
1 3469
1 3470
1 3471
1 3472
1 3473
1 3474
1 3475
1 3476
1 3477
1 3478
1 3479
1 3480
1 3481
1 3482
1 3483
1 3484
1 3485
1 3486
1 3487
1 3488
1 3489
1 3490
1 3491
1 3492
1 3493
1 3494
1 3495
1 3496
1 3497
1 3498
1 3499
1 3500
1 3501
1 3502
1 3503
1 3504
1 3505
1 3506
1 3507
1 3508
1 3509
1 3510
1 3511
1 3512
1 3513
1 3514
1 3515
1 3516
1 3517
1 3518
1 3519
1 3520
1 3521
1 3522
1 3523
1 3524
1 3525
1 3526
1 3527
1 3528
1 3529
1 3530
1 3531
1 3532
1 3533
1 3534
1 3535
1 3536
1 3537
1 3538
1 3539
1 3540
1 3541
1 3542
1 3543
1 3544
1 3545
1 3546
1 3547
1 3548
1 3549
1 3550
1 3551
1 3552
1 3553
1 3554
1 3555
1 3556
1 3557
1 3558
1 3559
1 3560
1 3561
1 3562
1 3563
1 3564
1 3565
1 3566
1 3567
1 3568
1 3569
1 3570
1 3571
1 3572
1 3573
1 3574
1 3575
1 3576
1 3577
1 3578
1 3579
1 3580
1 3581
1 3582
1 3583
1 3584
1 3585
1 3586
1 3587
1 3588
1 3589
1 3590
1 3591
1 3592
1 3593
1 3594
1 3595
1 3596
1 3597
1 3598
1 3599
1 3600
1 3601
1 3602
1 3603
1 3604
1 3605
1 3606
1 3607
1 3608
1 3609
1 3610
1 3611
1 3612
1 3613
1 3614
1 3615
1 3616
1 3617
1 3618
1 3619
1 3620
1 3621
1 3622
1 3623
1 3624
1 3625
1 3626
1 3627
1 3628
1 3629
1 3630
1 3631
1 3632
1 3633
1 3634
1 3635
1 3636
1 3637
1 3638
1 3639
1 3640
1 3641
1 3642
1 3643
1 3644
1 3645
1 3646
1 3647
1 3648
1 3649
1 3650
1 3651
1 3652
1 3653
1 3654
1 3655
1 3656
1 3657
1 3658
1 3659
1 3660
1 3661
1 3662
1 3663
1 3664
1 3665
1 3666
1 3667
1 3668
1 3669
1 3670
1 3671
1 3672
1 3673
1 3674
1 3675
1 3676
1 3677
1 3678
1 3679
1 3680
1 3681
1 3682
1 3683
1 3684
1 3685
1 3686
1 3687
1 3688
1 3689
1 3690
1 3691
1 3692
1 3693
1 3694
1 3695
1 3696
1 3697
1 3698
1 3699
1 3700
1 3701
1 3702
1 3703
1 3704
1 3705
1 3706
1 3707
1 3708
1 3709
1 3710
1 3711
1 3712
1 3713
1 3714
1 3715
1 3716
1 3717
1 3718
1 3719
1 3720
1 3721
1 3722
1 3723
1 3724
1 3725
1 3726
1 3727
1 3728
1 3729
1 3730
1 3731
1 3732
1 3733
1 3734
1 3735
1 3736
1 3737
1 3738
1 3739
1 3740
1 3741
1 3742
1 3743
1 3744
1 3745
1 3746
1 3747
1 3748
1 3749
1 3750
1 3751
1 3752
1 3753
1 3754
1 3755
1 3756
1 3757
1 3758
1 3759
1 3760
1 3761
1 3762
1 3763
1 3764
1 3765
1 3766
1 3767
1 3768
1 3769
1 3770
1 3771
1 3772
1 3773
1 3774
1 3775
1 3776
1 3777
1 3778
1 3779
1 3780
1 3781
1 3782
1 3783
1 3784
1 3785
1 3786
1 3787
1 3788
1 3789
1 3790
1 3791
1 3792
1 3793
1 3794
1 3795
1 3796
1 3797
1 3798
1 3799
1 3800
1 3801
1 3802
1 3803
1 3804
1 3805
1 3806
1 3807
1 3808
1 3809
1 3810
1 3811
1 3812
1 3813
1 3814
1 3815
1 3816
1 3817
1 3818
1 3819
1 3820
1 3821
1 3822
1 3823
1 3824
1 3825
1 3826
1 3827
1 3828
1 3829
1 3830
1 3831
1 3832
1 3833
1 3834
1 3835
1 3836
1 3837
1 3838
1 3839
1 3840
1 3841
1 3842
1 3843
1 3844
1 3845
1 3846
1 3847
1 3848
1 3849
1 3850
1 3851
1 3852
1 3853
1 3854
1 3855
1 3856
1 3857
1 3858
1 3859
1 3860
1 3861
1 3862
1 3863
1 3864
1 3865
1 3866
1 3867
1 3868
1 3869
1 3870
1 3871
1 3872
1 3873
1 3874
1 3875
1 3876
1 3877
1 3878
1 3879
1 3880
1 3881
1 3882
1 3883
1 3884
1 3885
1 3886
1 3887
1 3888
1 3889
1 3890
1 3891
1 3892
1 3893
1 3894
1 3895
1 3896
1 3897
1 3898
1 3899
1 3900
1 3901
1 3902
1 3903
1 3904
1 3905
1 3906
1 3907
1 3908
1 3909
1 3910
1 3911
1 3912
1 3913
1 3914
1 3915
1 3916
1 3917
1 3918
1 3919
1 3920
1 3921
1 3922
1 3923
1 3924
1 3925
1 3926
1 3927
1 3928
1 3929
1 3930
1 3931
1 3932
1 3933
1 3934
1 3935
1 3936
1 3937
1 3938
1 3939
1 3940
1 3941
1 3942
1 3943
1 3944
1 3945
1 3946
1 3947
1 3948
1 3949
1 3950
1 3951
1 3952
1 3953
1 3954
1 3955
1 3956
1 3957
1 3958
1 3959
1 3960
1 3961
1 3962
1 3963
1 3964
1 3965
1 3966
1 3967
1 3968
1 3969
1 3970
1 3971
1 3972
1 3973
1 3974
1 3975
1 3976
1 3977
1 3978
1 3979
1 3980
1 3981
1 3982
1 3983
1 3984
1 3985
1 3986
1 3987
1 3988
1 3989
1 3990
1 3991
1 3992
1 3993
1 3994
1 3995
1 3996
1 3997
1 3998
1 3999
1 4000
1 4001
1 4002
1 4003
1 4004
1 4005
1 4006
1 4007
1 4008
1 4009
1 4010
1 4011
1 4012
1 4013
1 4014
1 4015
1 4016
1 4017
1 4018
1 4019
1 4020
1 4021
1 4022
1 4023
1 4024
1 4025
1 4026
1 4027
1 4028
1 4029
1 4030
1 4031
1 4032
1 4033
1 4034
1 4035
1 4036
1 4037
1 4038
1 4039
1 4040
1 4041
1 4042
1 4043
1 4044
1 4045
1 4046
1 4047
1 4048
1 4049
1 4050
1 4051
1 4052
1 4053
1 4054
1 4055
1 4056
1 4057
1 4058
1 4059
1 4060
1 4061
1 4062
1 4063
1 4064
1 4065
1 4066
1 4067
1 4068
1 4069
1 4070
1 4071
1 4072
1 4073
1 4074
1 4075
1 4076
1 4077
1 4078
1 4079
1 4080
1 4081
1 4082
1 4083
1 4084
1 4085
1 4086
1 4087
1 4088
1 4089
1 4090
1 4091
1 4092
1 4093
1 4094
1 4095
1 4096
1 4097
1 4098
1 4099
1 4100
1 4101
1 4102
1 4103
1 4104
1 4105
1 4106
1 4107
1 4108
1 4109
1 4110
1 4111
1 4112
1 4113
1 4114
1 4115
1 4116
1 4117
1 4118
1 4119
1 4120
1 4121
1 4122
1 4123
1 4124
1 4125
1 4126
1 4127
1 4128
1 4129
1 4130
1 4131
1 4132
1 4133
1 4134
1 4135
1 4136
1 4137
1 4138
1 4139
1 4140
1 4141
1 4142
1 4143
1 4144
1 4145
1 4146
1 4147
1 4148
1 4149
1 4150
1 4151
1 4152
1 4153
1 4154
1 4155
1 4156
1 4157
1 4158
1 4159
1 4160
1 4161
1 4162
1 4163
1 4164
1 4165
1 4166
1 4167
1 4168
1 4169
1 4170
1 4171
1 4172
1 4173
1 4174
1 4175
1 4176
1 4177
1 4178
1 4179
1 4180
1 4181
1 4182
1 4183
1 4184
1 4185
1 4186
1 4187
1 4188
1 4189
1 4190
1 4191
1 4192
1 4193
1 4194
1 4195
1 4196
1 4197
1 4198
1 4199
1 4200
1 4201
1 4202
1 4203
1 4204
1 4205
1 4206
1 4207
1 4208
1 4209
1 4210
1 4211
1 4212
1 4213
1 4214
1 4215
1 4216
1 4217
1 4218
1 4219
1 4220
1 4221
1 4222
1 4223
1 4224
1 4225
1 4226
1 4227
1 4228
1 4229
1 4230
1 4231
1 4232
1 4233
1 4234
1 4235
1 4236
1 4237
1 4238
1 4239
1 4240
1 4241
1 4242
1 4243
1 4244
1 4245
1 4246
1 4247
1 4248
1 4249
1 4250
1 4251
1 4252
1 4253
1 4254
1 4255
1 4256
1 4257
1 4258
1 4259
1 4260
1 4261
1 4262
1 4263
1 4264
1 4265
1 4266
1 4267
1 4268
1 4269
1 4270
1 4271
1 4272
1 4273
1 4274
1 4275
1 4276
1 4277
1 4278
1 4279
1 4280
1 4281
1 4282
1 4283
1 4284
1 4285
1 4286
1 4287
1 4288
1 4289
1 4290
1 4291
1 4292
1 4293
1 4294
1 4295
1 4296
1 4297
1 4298
1 4299
1 4300
1 4301
1 4302
1 4303
1 4304
1 4305
1 4306
1 4307
1 4308
1 4309
1 4310
1 4311
1 4312
1 4313
1 4314
1 4315
1 4316
1 4317
1 4318
1 4319
1 4320
1 4321
1 4322
1 4323
1 4324
1 4325
1 4326
1 4327
1 4328
1 4329
1 4330
1 4331
1 4332
1 4333
1 4334
1 4335
1 4336
1 4337
1 4338
1 4339
1 4340
1 4341
1 4342
1 4343
1 4344
1 4345
1 4346
1 4347
1 4348
1 4349
1 4350
1 4351
1 4352
1 4353
1 4354
1 4355
1 4356
1 4357
1 4358
1 4359
1 4360
1 4361
1 4362
1 4363
1 4364
1 4365
1 4366
1 4367
1 4368
1 4369
1 4370
1 4371
1 4372
1 4373
1 4374
1 4375
1 4376
1 4377
1 4378
1 4379
1 4380
1 4381
1 4382
1 4383
1 4384
1 4385
1 4386
1 4387
1 4388
1 4389
1 4390
1 4391
1 4392
1 4393
1 4394
1 4395
1 4396
1 4397
1 4398
1 4399
1 4400
1 4401
1 4402
1 4403
1 4404
1 4405
1 4406
1 4407
1 4408
1 4409
1 4410
1 4411
1 4412
1 4413
1 4414
1 4415
1 4416
1 4417
1 4418
1 4419
1 4420
1 4421
1 4422
1 4423
1 4424
1 4425
1 4426
1 4427
1 4428
1 4429
1 4430
1 4431
1 4432
1 4433
1 4434
1 4435
1 4436
1 4437
1 4438
1 4439
1 4440
1 4441
1 4442
1 4443
1 4444
1 4445
1 4446
1 4447
1 4448
1 4449
1 4450
1 4451
1 4452
1 4453
1 4454
1 4455
1 4456
1 4457
1 4458
1 4459
1 4460
1 4461
1 4462
1 4463
1 4464
1 4465
1 4466
1 4467
1 4468
1 4469
1 4470
1 4471
1 4472
1 4473
1 4474
1 4475
POINT_DATA 4476
SCALARS is_boundary float 1
LOOKUP_TABLE default
0
0
0
0
0
0
0
0
0
0
0
0
0
0
0
0
0
0
0
0
0
0
0
0
0
0
0
0
0
0
0
0
0
0
0
0
0
0
0
0
0
0
0
0
0
0
0
0
0
0
0
0
0
0
0
0
0
0
0
0
0
0
0
0
0
0
0
0
0
0
0
0
0
0
0
0
0
0
0
0
0
0
0
0
0
0
0
0
0
0
0
0
0
0
0
0
0
0
0
0
0
0
0
0
0
0
0
0
0
0
0
0
0
0
0
0
0
0
0
0
0
0
0
0
0
0
0
0
0
0
0
0
0
0
0
0
0
0
0
0
0
0
0
0
0
0
0
0
0
0
0
0
0
0
0
0
0
0
0
0
0
0
0
0
0
0
0
0
0
0
0
0
0
0
0
0
0
0
0
0
0
0
0
0
0
0
0
0
0
0
0
0
0
0
0
0
0
0
0
0
0
0
0
0
0
0
0
0
0
0
0
0
0
0
0
0
0
0
0
0
0
0
0
0
0
0
0
0
0
0
0
0
0
0
0
0
0
0
0
0
0
0
0
0
0
0
0
0
0
0
0
0
0
0
0
0
0
0
0
0
0
0
0
0
0
0
0
0
0
0
0
0
0
0
0
0
0
0
0
0
0
0
0
0
0
0
0
0
0
0
0
0
0
0
0
0
0
0
0
0
0
0
0
0
0
0
0
0
0
0
0
0
0
0
0
0
0
0
0
0
0
0
0
0
0
0
0
0
0
0
0
0
0
0
0
0
0
0
0
0
0
0
0
0
0
0
0
0
0
0
0
0
0
0
0
0
0
0
0
0
0
0
0
0
0
0
0
0
0
0
0
0
0
0
0
0
0
0
0
0
0
0
0
0
0
0
0
0
0
0
0
0
0
0
0
0
0
0
0
0
0
0
0
0
0
0
0
0
0
0
0
0
0
0
0
0
0
0
0
0
0
0
0
0
0
0
0
0
0
0
0
0
0
0
0
0
0
0
0
0
0
0
0
0
0
0
0
0
0
0
0
0
0
0
0
0
0
0
0
0
0
0
0
0
0
0
0
0
0
0
0
0
0
0
0
0
0
0
0
0
0
0
0
0
0
0
0
0
0
0
0
0
0
0
0
0
0
0
0
0
0
0
0
0
0
0
0
0
0
0
0
0
0
0
0
0
0
0
0
0
0
0
0
0
0
0
0
0
0
0
0
0
0
0
0
0
0
0
0
0
0
0
0
0
0
0
0
0
0
0
0
0
0
0
0
0
0
0
0
0
0
0
0
0
0
0
0
0
0
0
0
0
0
0
0
0
0
0
0
0
0
0
0
0
0
0
0
0
0
0
0
0
0
0
0
0
0
0
0
0
0
0
0
0
0
0
0
0
0
0
0
0
0
0
0
0
0
0
0
0
0
0
0
0
0
0
0
0
0
0
0
0
0
0
0
0
0
0
0
0
0
0
0
0
0
0
0
0
0
0
0
0
0
0
0
0
0
0
0
0
0
0
0
0
0
0
0
0
0
0
0
0
0
0
0
0
0
0
0
0
0
0
0
0
0
0
0
0
0
0
0
0
0
0
0
0
0
0
0
0
0
0
0
0
0
0
0
0
0
0
0
0
0
0
0
0
0
0
0
0
0
0
0
0
0
0
0
0
0
0
0
0
0
0
0
0
0
0
0
0
0
0
0
0
0
0
0
0
0
0
0
0
0
0
0
0
0
0
0
0
0
0
0
0
0
0
0
0
0
0
0
0
0
0
0
0
0
0
0
0
0
0
0
0
0
0
0
0
0
0
0
0
0
0
0
0
0
0
0
0
0
0
0
0
0
0
0
0
0
0
0
0
0
0
0
0
0
0
0
0
0
0
0
0
0
0
0
0
0
0
0
0
0
0
0
0
0
0
0
0
0
0
0
0
0
0
0
0
0
0
0
0
0
0
0
0
0
0
0
0
0
0
0
0
0
0
0
0
0
0
0
0
0
0
0
0
0
0
0
0
0
0
0
0
0
0
0
0
0
0
0
0
0
0
0
0
0
0
0
0
0
0
0
0
0
0
0
0
0
0
0
0
0
0
0
0
0
0
0
0
0
0
0
0
0
0
0
0
0
0
0
0
0
0
0
0
0
0
0
0
0
0
0
0
0
0
0
0
0
0
0
0
0
0
0
0
0
0
0
0
0
0
0
0
0
0
0
0
0
0
0
0
0
0
0
0
0
0
0
0
0
0
0
0
0
0
0
0
0
0
0
0
0
0
0
0
0
0
0
0
0
0
0
0
0
0
0
0
0
0
0
0
0
0
0
0
0
0
0
0
0
0
0
0
0
0
0
0
0
0
0
0
0
0
0
0
0
0
0
0
0
0
0
0
0
0
0
0
0
0
0
0
0
0
0
0
0
0
0
0
0
0
0
0
0
0
0
0
0
0
0
0
0
0
0
0
0
0
0
0
0
0
0
0
0
0
0
0
0
0
0
0
0
0
0
0
0
0
0
0
0
0
0
0
0
0
0
0
0
0
0
0
0
0
0
0
0
0
0
0
0
0
0
0
0
0
0
0
0
0
0
0
0
0
0
0
0
0
0
0
0
0
0
0
0
0
0
0
0
0
0
0
0
0
0
0
0
0
0
0
0
0
0
0
0
0
0
0
0
0
1
1
1
1
1
1
1
1
1
1
1
1
1
1
1
1
1
1
1
1
1
1
1
1
1
1
1
1
1
1
1
1
1
1
1
1
1
1
1
1
1
1
1
1
1
1
1
1
1
1
1
1
1
1
1
1
1
1
1
1
1
1
1
1
1
1
1
1
1
1
1
1
1
1
1
1
1
1
1
1
1
1
1
1
1
1
1
1
1
1
1
1
1
1
1
1
1
1
1
1
1
1
1
1
1
1
1
1
1
1
1
1
1
1
1
1
1
1
1
1
1
1
1
1
1
1
1
1
1
1
1
1
1
1
1
1
1
1
1
1
1
1
1
1
1
1
1
1
1
1
1
1
1
1
1
1
1
1
1
1
1
1
1
1
1
1
1
1
1
1
1
1
1
1
1
1
1
1
1
1
1
1
1
1
1
1
1
1
1
1
1
1
1
1
1
1
1
1
1
1
1
1
1
1
1
1
1
1
1
1
1
1
1
1
1
1
1
1
1
1
1
1
1
1
1
1
1
1
1
1
1
1
1
1
1
1
1
1
1
1
1
1
1
1
1
1
1
1
1
1
1
1
1
1
1
1
1
1
1
1
1
1
1
1
1
1
1
1
1
1
1
1
1
1
1
1
1
1
1
1
1
1
1
1
1
1
1
1
1
1
1
1
1
1
1
1
1
1
1
1
1
1
1
1
1
1
1
1
1
1
1
1
1
1
1
1
1
1
1
1
1
1
1
1
1
1
1
1
1
1
1
1
1
1
1
1
1
1
1
1
1
1
1
1
1
1
1
1
1
1
1
1
1
1
1
1
1
1
1
1
1
1
1
1
1
1
1
1
1
1
1
1
1
1
1
1
1
1
1
1
1
1
1
1
1
1
1
1
1
1
1
1
1
1
1
1
1
1
1
1
1
1
1
1
1
1
1
1
1
1
1
1
1
1
1
1
1
1
1
1
1
1
1
1
1
1
1
1
1
1
1
1
1
1
1
1
1
1
1
1
1
1
1
1
1
1
1
1
1
1
1
1
1
1
1
1
1
1
1
1
1
1
1
1
1
1
1
1
1
1
1
1
1
1
1
1
1
1
1
1
1
1
1
1
1
1
1
1
1
1
1
1
1
1
1
1
1
1
1
1
1
1
1
1
1
1
1
1
1
1
1
1
1
1
1
1
1
1
1
1
1
1
1
1
1
1
1
1
1
1
1
1
1
1
1
1
1
1
1
1
1
1
1
1
1
1
1
1
1
1
1
1
1
1
1
1
1
1
1
1
1
1
1
1
1
1
1
1
1
1
1
1
1
1
1
1
1
1
1
1
1
1
1
1
1
1
1
1
1
1
1
1
1
1
1
1
1
1
1
1
1
1
1
1
1
1
1
1
1
1
1
1
1
1
1
1
1
1
1
1
1
1
1
1
1
1
1
1
1
1
1
1
1
1
1
1
1
1
1
1
1
1
1
1
1
1
1
1
1
1
1
1
1
1
1
1
1
1
1
1
1
1
1
1
1
1
1
1
1
1
1
1
1
1
1
1
1
1
1
1
1
1
1
1
1
1
1
1
1
1
1
1
1
1
1
1
1
1
1
1
1
1
1
1
1
1
1
1
1
1
1
1
1
1
1
1
1
1
1
1
1
1
1
1
1
1
1
1
1
1
1
1
1
1
1
1
1
1
1
1
1
1
1
1
1
1
1
1
1
1
1
1
1
1
1
1
1
1
1
1
1
1
1
1
1
1
1
1
1
1
1
1
1
1
1
1
1
1
1
1
1
1
1
1
1
1
1
1
1
1
1
1
1
1
1
1
1
1
1
1
1
1
1
1
1
1
1
1
1
1
1
1
1
1
1
1
1
1
1
1
1
1
1
1
1
1
1
1
1
1
1
1
1
1
1
1
1
1
1
1
1
1
1
1
1
1
1
1
1
1
1
1
1
1
1
1
1
1
1
1
1
1
1
1
1
1
1
1
1
1
1
1
1
1
1
1
1
1
1
1
1
1
1
1
1
1
1
1
1
1
1
1
1
1
1
1
1
1
1
1
1
1
1
1
1
1
1
1
1
1
1
1
1
1
1
1
1
1
1
1
1
1
1
1
1
1
1
1
1
1
1
1
1
1
1
1
1
1
1
1
1
1
1
1
1
1
1
1
1
1
1
1
1
1
1
1
1
1
1
1
1
1
1
1
1
1
1
1
1
1
1
1
1
1
1
1
1
1
1
1
1
1
1
1
1
1
1
1
1
1
1
1
1
1
1
1
1
1
1
1
1
1
1
1
1
1
1
1
1
1
1
1
1
1
1
1
1
1
1
1
1
1
1
1
1
1
1
1
1
1
1
1
1
1
1
1
1
1
1
1
1
1
1
1
1
1
1
1
1
1
1
1
1
1
1
1
1
1
1
1
1
1
1
1
1
1
1
1
1
1
1
1
1
1
1
1
1
1
1
1
1
1
1
1
1
1
1
1
1
1
1
1
1
1
1
1
1
1
1
1
1
1
1
1
1
1
1
1
1
1
1
1
1
1
1
1
1
1
1
1
1
1
1
1
1
1
1
1
1
1
1
1
1
1
1
1
1
1
1
1
1
1
1
1
1
1
1
1
1
1
1
1
1
1
1
1
1
1
1
1
1
1
1
1
1
1
1
1
1
1
1
1
1
1
1
1
1
1
1
1
1
1
1
1
1
1
1
1
1
1
1
1
1
1
1
1
1
1
1
1
1
1
1
1
1
1
1
1
1
1
1
1
1
1
1
1
1
1
1
1
1
1
1
1
1
1
1
1
1
1
1
1
1
1
1
1
1
1
1
1
1
1
1
1
1
1
1
1
1
1
1
1
1
1
1
1
1
1
1
1
1
1
1
1
1
1
1
1
1
1
1
1
1
1
1
1
1
1
1
1
1
1
1
1
1
1
1
1
1
1
1
1
1
1
1
1
1
1
1
1
1
1
1
1
1
1
1
1
1
1
1
1
1
1
1
1
1
1
1
1
1
1
1
1
1
1
1
1
1
1
1
1
1
1
1
1
1
1
1
1
1
1
1
1
1
1
1
1
1
1
1
1
1
1
1
1
1
1
1
1
1
1
1
1
1
1
1
1
1
1
1
1
1
1
1
1
1
1
1
1
1
1
1
1
1
1
1
1
1
1
1
1
1
1
1
1
1
1
1
1
1
1
1
1
1
1
1
1
1
1
1
1
1
1
1
1
1
1
1
1
1
1
1
1
1
1
1
1
1
1
1
1
1
1
1
1
1
1
1
1
1
1
1
1
1
1
1
1
1
1
1
1
1
1
1
1
1
1
1
1
1
1
1
1
1
1
1
1
1
1
1
1
1
1
1
1
1
1
1
1
1
1
1
1
1
1
1
1
1
1
1
1
1
1
1
1
1
1
1
1
1
1
1
1
1
1
1
1
1
1
1
1
1
1
1
1
1
1
1
1
1
1
1
1
1
1
1
1
1
1
1
1
1
1
1
1
1
1
1
1
1
1
1
1
1
1
1
1
1
1
1
1
1
1
1
1
1
1
1
1
1
1
1
1
1
1
1
1
1
1
1
1
1
1
1
1
1
1
1
1
1
1
1
1
1
1
1
1
1
1
1
1
1
1
1
1
1
1
1
1
1
1
1
1
1
1
1
1
1
1
1
1
1
1
1
1
1
1
1
1
1
1
1
1
1
1
1
1
1
1
1
1
1
1
1
1
1
1
1
1
1
1
1
1
1
1
1
1
1
1
1
1
1
1
1
1
1
1
1
1
1
1
1
1
1
1
1
1
1
1
1
1
1
1
1
1
1
1
1
1
1
1
1
1
1
1
1
1
1
1
1
1
1
1
1
1
1
1
1
1
1
1
1
1
1
1
1
1
1
1
1
1
1
1
1
1
1
1
1
1
1
1
1
1
1
1
1
1
1
1
1
1
1
1
1
1
1
1
1
1
1
1
1
1
1
1
1
1
1
1
1
1
1
1
1
1
1
1
1
1
1
1
1
1
1
1
1
1
1
1
1
1
1
1
1
1
1
1
1
1
1
1
1
1
1
1
1
1
1
1
1
1
1
1
1
1
1
1
1
1
1
1
1
1
1
1
1
1
1
1
1
1
1
1
1
1
1
1
1
1
1
1
1
1
1
1
1
1
1
1
1
1
1
1
1
1
1
1
1
1
1
1
1
1
1
1
1
1
1
1
1
1
1
1
1
1
1
1
1
1
1
1
1
1
1
1
1
1
1
1
1
1
1
1
1
1
1
1
1
1
1
1
1
1
1
1
1
1
1
1
1
1
1
1
1
1
1
1
1
1
1
1
1
1
1
1
1
1
1
1
1
1
1
1
1
1
1
1
1
1
1
1
1
1
1
1
1
1
1
1
1
1
1
1
1
1
1
1
1
1
1
1
1
1
1
1
1
1
1
1
1
1
1
1
1
1
1
1
1
1
1
1
1
1
1
1
1
1
1
1
1
1
1
1
1
1
1
1
1
1
1
1
1
1
1
1
1
1
1
1
1
1
1
1
1
1
1
1
1
1
1
1
1
1
1
1
1
1
1
1
1
1
1
1
1
1
1
1
1
1
1
1
1
1
1
1
1
1
1
1
1
1
1
1
1
1
1
1
1
1
1
1
1
1
1
1
1
1
1
1
1
1
1
1
1
1
1
1
1
1
1
1
1
1
1
1
1
1
1
1
1
1
1
1
1
1
1
1
1
1
1
1
1
1
1
1
1
1
1
1
1
1
1
1
1
1
1
1
1
1
1
1
1
1
1
1
1
1
1
1
1
1
1
1
1
1
1
1
1
1
1
1
1
1
1
1
1
1
1
1
1
1
1
1
1
1
1
1
1
1
1
1
1
1
1
1
1
1
1
1
1
1
1
1
1
1
1
1
1
1
1
1
1
1
1
1
1
1
1
1
1
1
1
1
1
1
1
1
1
1
1
1
1
1
1
1
1
1
1
1
1
1
1
1
1
1
1
1
1
1
1
1
1
1
1
1
1
1
1
1
1
1
1
1
1
1
1
1
1
1
1
1
1
1
1
1
1
1
1
1
1
1
1
1
1
1
1
1
1
1
1
1
1
1
1
1
1
1
1
1
1
1
1
1
1
1
1
1
1
1
1
1
1
1
1
1
1
1
1
1
1
1
1
1
1
1
1
1
1
1
1
1
1
1
1
1
1
1
1
1
1
1
1
1
1
1
1
1
1
1
1
1
1
1
1
1
1
1
1
1
1
1
1
1
1
1
1
1
1
1
1
1
1
1
1
1
1
1
1
1
1
1
1
1
1
1
1
1
1
1
1
1
1
1
1
1
1
1
1
1
1
1
1
1
1
1
1
1
1
1
1
1
1
1
1
1
1
1
1
1
1
1
1
1
1
1
1
1
1
1
1
1
1
1
1
1
1
1
1
1
1
1
1
1
1
1
1
1
1
1
1
1
1
1
1
1
1
1
1
1
1
1
1
1
1
1
1
1
1
1
1
1
1
1
1
1
1
1
1
1
1
1
1
1
1
1
1
1
1
1
1
1
1
1
1
1
1
1
1
1
1
1
1
1
1
1
1
1
1
1
1
1
1
1
1
1
1
1
1
1
1
1
1
1
1
1
1
1
1
1
1
1
1
1
1
1
1
1
1
1
1
1
1
1
1
1
1
1
1
1
1
1
1
1
1
1
1
1
1
1
1
1
1
1
1
1
1
1
1
1
1
1
1
1
1
1
1
1
1
1
1
1
1
1
1
1
1
1
1
1
1
1
1
1
1
1
1
1
1
1
1
1
1
1
1
1
1
1
1
1
1
1
1
1
1
1
1
1
1
1
1
1
1
1
1
1
1
1
1
1
1
1
1
1
1
1
1
1
1
1
1
1
1
1
1
1
1
1
1
1
1
1
1
1
1
1
1
1
1
1
1
1
1
1
1
1
1
1
1
1
1
1
1
1
1
1
1
1
1
1
1
1
1
1
1
1
1
1
1
1
1
1
1
1
1
1
1
1
1
1
1
1
1
1
1
1
1
1
1
1
1
1
1
1
1
1
1
1
1
1
1
1
1
1
1
1
1
1
1
1
1
1
1
1
1
1
1
1
1
1
1
1
1
1
1
1
1
1
1
1
1
1
1
1
1
1
1
1
1
1
1
1
1
1
1
1
1
1
1
1
1
1
1
1
1
1
1
1
1
1
1
1
1
1
1
1
1
1
1
1
1
1
1
1
1
1
1
1
1
1
1
1
1
1
1
1
1
1
1
1
1
1
1
1
1
1
1
1
1
1
1
1
1
1
1
1
1
1
1
1
1
1
1
1
1
1
1
1
1
1
1
1
1
1
1
1
1
1
1
1
1
1
1
1
1
1
1
1
1
1
1
1
1
1
1
1
1
1
1
1
1
1
1
1
1
1
1
1
1
1
1
1
1
1
1
1
1
1
1
1
1
1
1
1
1
1
1
1
1
1
1
1
1
1
1
1
1
1
1
1
1
1
1
1
1
1
1
1
1
1
1
1
1
1
1
1
1
1
1
1
1
1
1
1
1
1
1
1
1
1
1
1
1
1
1
1
1
1
1
1
1
1
1
1
1
1
1
1
1
1
1
1
1
1
1
1
1
1
1
1
1
1
1
1
1
1
1
1
1
1
1
1
1
1
1
1
1
1
1
1
1
1
1
1
1
1
1
1
1
1
1
1
1
1
1
1
1
1
1
1
1
1
1
1
1
1
1
1
1
1
1
1
1
1
1
1
1
1
1
1
1
1
1
1
1
1
1
1
1
1
1
1
1
1
1
1
1
1
1
1
1
1
1
1
1
1
1
1
1
1
1
1
1
1
1
1
1
1
1
1
1
1
1
1
1
1
1
1
1
1
1
1
1
1
1
1
1
1
1
1
1
1
1
1
1
1
1
1
1
1
1
1
1
1
1
1
1
1
1
1
1
1
1
1
1
1
1
1
1
1
1
1
1
1
1
1
1
1
1
1
1
1
1
1
1
1
1
1
1
1
1
1
1
1
1
1
1
1
1
1
1
1
1
1
1
1
1
1
1
1
1
1
1
1
1
1
1
1
1
1
1
1
1
1
1
1
1
1
1
1
1
1
1
1
1
1
1
1
1
1
1
1
1
1
1
1
1
1
1
1
1
1
1
1
1
1
1
1
1
1
1
1
1
1
1
1
1
1
1
1
1
1
1
1
1
1
1
1
1
1
1
1
1
1
1
1
1
1
1
1
1
1
1
1
1
1
1
1
1
1
1
1
1
1
1
1
1
1
1
1
1
1
1
1
1
1
1
1
1
1
1
1
1
1
1
1
1
1
1
1
1
1
1
1
1
1
1
1
1
1
1
1
1
1
1
1
1
1
1
1
1
1
1
1
1
1
1
1
1
1
1
1
1
1
1
1
1
1
1
1
1
1
1
1
1
1
1
1
1
1
1
1
1
1
1
1
1
1
1
1
1
1
1
1
1
1
1
1
1
1
1
1
1
1
1
1
SCALARS rho float 1
LOOKUP_TABLE default
219.0590474225971
293.5928650058637
292.49931684192541
389.816044654959
338.71099576095287
450.31388707716269
359.03902497276692
476.88190874933468
336.5250228802214
350.81726053692068
351.17004581889853
445.9614162634839
464.86478449726121
465.57462504534374
349.12668898608081
348.46174974046437
349.31251814016912
463.02250761444338
462.2060594428184
463.32323005060255
514.43331768442306
536.0150777502671
536.90541944767961
544.29411558607046
566.89112942566874
567.90287685730777
534.14316285219229
533.30929752524662
534.61374409165535
565.20392935642531
564.45887217004679
565.86265610343764
351.26530854972589
350.46191510873348
335.41622366859019
465.84840912060417
464.625780008736
444.77895876651758
291.27497492957559
214.32708475654076
387.34505963362233
288.07616875486792
537.46051676697368
535.82032849318648
512.40589172698526
568.77142640273098
566.6581260891586
540.96005660889011
445.57256500907374
330.85470422963522
468.41327317731702
344.86860108860958
364.29063558582175
360.35183532871645
483.88748887738325
478.69294654999953
341.35757767691166
453.75556649210182
296.01121867498944
394.1281885086654
222.81881429085436
297.83150391342645
552.22249151168967
575.17579319919309
546.59193151352895
569.75677068605751
576.4225052906595
571.33811207292592
518.65600640406262
541.23157510142289
543.15298664518161
573.91816893052101
569.06797802452036
573.29848462092616
574.73755151833097
568.56586289670986
569.9971539672606
541.15806641586005
540.75512425391173
542.11872465978615
451.1579175800814
471.25069424155799
473.21957522927357
341.40040970114433
356.75869241902126
358.28848831837013
471.58954405612758
471.28002575489006
472.4752089708071
357.08772503811133
356.87132230152974
357.78810869902702
577.55377522917377
572.65526304693367
574.95502354547693
547.95869898916078
569.66459681252184
542.23172146706213
544.54747579316108
541.39046611462982
515.07738318610382
472.79720222448452
467.10312012584109
345.04131332114389
339.89872215894695
443.86557058838901
324.0663140614555
474.53600477758164
471.64598289053367
448.73313303592965
359.36124878544888
357.25002468162336
340.01133649978317
387.23968704524054
283.83534053093751
293.43295329409409
214.68024086499142
292.87603671518741
390.12851840290807
390.10946120920937
517.17155322807957
451.45534644658642
597.18270000589848
478.47885714407334
632.34236653970481
446.08488856182839
464.77959749441288
465.3585761625136
590.65783438963979
615.73069834784496
616.99036442448414
462.7650671567236
461.94687873316445
463.09633260291582
613.75095408981315
612.70235588747653
614.15597404125742
681.37683138115347
710.33447392444759
712.032416464584
721.160827180257
751.7726435336574
753.77537579461989
708.52488191126929
707.41547887524723
709.06872199415034
750.34753294374286
749.31842978117299
751.06414915880725
338.79686803001459
450.4426567366678
451.03687228280319
596.93505385489289
521.80719316011357
689.02773299860587
552.97738159487767
729.4943842960646
514.41290334917539
535.75950149198877
536.45097049627964
681.20560780746587
710.12414248242339
711.72760913665388
533.57822711232257
532.70292470705249
534.04830357524418
708.13744406030071
706.98505596723976
708.65241473437902
785.74877782341605
819.33651340061374
821.55900813989217
831.63302381021674
867.27480470965872
869.93533769636019
817.67743840328546
816.43725554872742
818.30403354021257
866.14943009134186
864.97942006464791
866.9235975336926
465.65736141232253
464.22980107120372
443.52828661872604
617.44453984709128
615.72257450652057
589.78176594312401
384.2831931450213
282.39844110058311
515.41007218951916
387.5426416265434
712.76014149130333
710.77458222096982
681.27785990272116
754.83051207361427
752.4846112259404
720.93975929632552
596.84490980828866
451.68618962960591
631.19502967968606
477.31126633594226
536.98700754346669
535.21143518855558
511.00061479127248
712.41012987383397
710.45974770747011
680.83382191085684
442.15968091875686
324.31810846178109
596.0112507592936
450.19825648557207
822.50323919722018
820.3829432193437
787.19866776960532
871.19121911067577
868.75298287035082
833.63249115862413
691.81437381730279
527.26811583648612
732.90841633865659
559.19953088070747
358.2476523589313
476.34581379601855
477.24425570562732
631.51540346652496
551.8142022016757
728.73723840555033
584.50967010061424
771.30616714045254
543.89709299046729
566.42236561968139
567.22872584691288
720.63038394579905
751.2780601723332
753.1208297582956
564.32903578142395
563.47896257359059
564.92223337189284
749.50073934443003
748.36247674872993
750.13137076650435
831.18856076031193
866.92682645932621
869.5129227283187
879.58991017544167
917.61472739146734
920.73570562437271
865.6075426007294
864.36584833518327
866.3178967041498
916.93874178357544
915.75182392511635
917.75361948444493
363.30280252216153
483.36747794946655
484.09276217016304
641.02378099863336
363.7909875060966
483.98883889294177
484.83637583979589
641.93728685940221
559.79688436374579
739.7362186496656
592.95913543562017
782.90195145115013
560.91310813433927
740.98847247201934
594.29174068567295
784.37326798882305
552.06366493464589
575.05954187206271
576.06230729217498
731.75199001524845
763.10702694533597
765.2505866674411
573.2524208173445
572.46870637826601
573.96146273054467
761.75032206631192
760.68254861426169
762.49268181023706
552.8880088834369
576.10679757554851
577.27067538510403
732.94292424443245
764.61047530102962
766.98716898138275
574.55758107745578
573.85196753464857
575.39274843546252
763.61634785558272
762.63344638152103
764.47911468095049
844.05571355563109
880.654064951034
883.6211664559911
893.16961874052504
932.15350578166237
935.70997629560986
879.85697676129996
878.67921284378235
880.64917294458189
932.06539446973636
930.92640752252407
932.91263093599343
845.59771077327377
882.55954775268663
885.80911382338695
894.96279431484879
934.35785074801072
938.23093809260035
882.19418997172613
881.09427643289462
883.07203447692996
934.74362921953605
933.66514688863481
935.62331191653243
568.00058718484263
566.0680642342104
540.38074047317423
754.05444993675997
751.97735409313725
720.76261260311264
467.50750760178857
342.9089099245366
631.3668943541204
477.7442797579796
870.67969922179316
868.45171167098852
833.67903564586231
922.15834090241367
919.5959852411703
882.90535355398526
733.44446884669719
560.28678572579588
777.25772649109263
594.57107128771611
577.04703502053121
574.97332926648789
548.86863746245524
766.40698333119963
764.15227064703481
732.43053671677262
475.06057399165354
349.08227130740136
641.82625133898921
486.20419130484186
578.44936617049518
576.18148424547178
549.73308476511522
768.33289946519301
765.82289709982444
733.64687244904542
475.61016935888347
349.54510562296969
642.55436814302641
486.62522566724192
884.97043869352763
882.5099462381819
847.12312097734423
937.23626700924569
934.39096584304093
897.00577071935936
745.42436257429472
569.77285732647022
789.75447144262603
604.30415524336831
887.29047572126069
884.50962170963328
848.55337769501705
939.80002700302532
936.58636529008402
898.56042245954495
746.17076736692263
569.94978234030339
790.50291441583158
604.30850814773567
485.57488303745799
480.04695269154388
641.69747569840968
634.57463982036904
454.79876818170578
601.45231889914112
394.67797758423706
522.56862057605576
297.84921749961359
395.3861254069235
731.88898258520669
763.15174164581117
724.30100563714086
755.94188531677526
765.54447256492665
758.82480437825359
687.12884079459673
717.9053831731535
721.20814959415497
762.36663869235952
755.95012010662299
761.47705338555477
763.24599806507945
755.20029634087348
756.94679946524707
718.69379768966553
718.0746523466695
719.73303600848385
597.67548975307591
624.96845445737222
628.22276333719174
452.58818378577655
473.35909118008965
475.85311252809504
626.18210776998035
625.69513043950769
627.14191104837369
474.35231879781634
474.00543191683028
475.10772091590559
561.16051798106196
740.2679014198178
554.963531337463
732.26996681876153
526.13055992464933
694.38270873769989
457.3003857079616
603.81671193719353
345.84242300662515
457.24248051681195
844.07593679395848
880.58616296360015
835.61165176026464
872.61993724726244
883.75680884465942
876.3794530538911
793.04740810444798
829.03732061295898
833.26399103851736
880.25386476061169
873.21510937949654
879.2216516078214
881.1672922295237
872.32672618376341
874.23035865528288
830.50169150217755
829.75515402949065
831.55216571925052
690.14087284716868
721.96481998628099
726.05507153950384
522.69801365631872
546.76554019322384
549.84936670302875
723.81874545092228
723.22724393513022
724.79170255164524
548.20588961580359
547.78574315764104
548.97608510071257
766.89343628252266
760.38941225479641
764.08602637381705
731.42844831969842
757.13688910789733
724.09073876458592
722.87200066176638
719.36108771167699
687.5971531022559
639.5185344125465
632.61035115306015
482.54206654840368
477.17864451847674
600.85474562142304
454.01610035301735
629.79710808967059
626.57109852758208
598.93695173329468
477.12772060160546
474.83270665920975
454.23308291077115
523.79556872495016
396.84598482893739
397.75102055708635
301.87175675879701
885.28427113204793
878.10309326634103
882.38064782406536
846.24076977415223
874.69790736541472
838.13153402450234
835.06966713771317
831.32216411456784
796.03384882278408
743.55334426687841
735.96445016895677
561.23083316461873
566.94262472980688
698.90079319089193
533.59270546440496
727.75477844855504
724.24317634040074
693.36844822142086
551.2209032689841
548.69989522389449
525.6427960238982
608.93457428646559
465.73469803536545
462.15869291576462
354.15498591316714
593.53469243148243
782.88633293435453
587.60977521141399
774.98515125900963
557.44391577428553
735.32971830782685
485.34964049765017
640.0095335697722
367.79611616444186
484.98239539366432
892.85068051622329
931.8033908077258
884.41633049875395
923.87992058682141
935.48124122887623
928.17455013824724
839.86185790912066
878.25994532882066
883.03010521715089
931.98020807671628
930.92063621146872
925.01846663621075
924.09346097201444
932.8974868375841
926.00629936224607
880.28081741135748
879.49120588548305
881.28108366924505
731.26865338218659
765.1176238199273
769.66523571047344
553.87382089766709
579.31163156318325
582.69153959091159
767.44459174549775
766.81605808543395
768.36965100659711
581.05902854587225
580.61506395528374
581.79669458295245
602.38568274227964
794.84673510243238
596.99080465643829
787.31969001573623
567.13435722061831
747.66621950168724
603.58922349722127
796.3169641690323
598.33807608404402
788.91051887012679
568.46814631994528
749.24431746311484
494.17118705468158
651.07834485015962
374.85889032402531
493.53783673143289
495.67686820261383
652.65799325627506
376.22422013346932
494.87613434001162
906.79044802924966
946.72764537066382
898.61706483523358
939.01929343310542
950.86223542886478
943.76333768000381
853.85431028427706
893.07826418912157
898.25642576352709
947.51602540137287
946.4869613743931
940.75741249037958
939.8492489322133
948.41663984374975
941.6927701123368
895.64649347321597
894.86526128771754
896.57678421706839
908.69692130290002
949.11999997045609
900.62688814582577
941.51032490876059
953.60519983732615
946.60924300333272
855.82784511546834
895.50987397714778
901.03065026909496
950.41812148839892
949.42938771451168
943.76097982304077
942.88109624218532
951.29670018338606
944.64188698819817
898.57159434646189
897.8114985355561
899.43347825539877
743.73003896164914
778.2705256117473
783.16070661074264
563.30912392910932
589.18138383110181
592.79119984803401
781.05912463177458
780.4331150433635
781.91117076816977
591.24509332557636
590.80373273469229
591.92635650114767
745.54934160126595
780.4347773380822
785.60613012528324
564.75528314640462
590.8476672172161
594.65506143216567
783.6363032837088
783.02890830145907
784.42656100335182
593.20689964530629
592.78091746778102
593.84260444463087
937.11666426301724
929.94913511231482
926.30445839955837
934.03451436723446
896.23957287306837
887.97399051216235
884.84031237393071
880.80851267875346
843.71239486501679
788.47951032598314
602.61715611095531
780.57316212377089
596.43491913362129
741.41621847687827
567.00756019023879
771.34904899657772
767.51431677011465
734.87141670879828
584.04307243971732
581.23192780501142
556.72695121764195
645.62803365865409
494.18229105181024
489.43000208964224
375.04834182492834
952.51651537358373
949.10136834596926
945.48787588333767
941.45977696501666
910.5166624743689
902.22328752851308
899.97470983376729
895.52102861244305
857.42077684328808
800.98550633281502
612.10863037459728
792.84215970848436
605.41108990966791
752.97717861867875
575.10701803825543
955.21353567031395
951.41239480642867
948.2313972514645
943.79592899402689
912.19151006750133
903.8940492809561
902.62151767990576
897.76447640314211
859.01120922644589
801.86955844889519
612.25960503748991
793.66583799366128
605.42184756690449
753.7322410763569
575.06009604380586
784.73577697865926
780.49773199771857
746.89498135336589
594.04698567965909
590.89762506710701
565.58287343510051
655.63337712195471
501.02059514959592
496.63021286303126
379.74107287028244
787.05951064551607
782.44345989463591
748.20876228220084
595.81413603196324
592.362717052991
566.53184093542563
656.11594385132355
500.68176595721479
496.89127065938317
379.32551302923048
360.37374157880708
478.57806023142757
480.29827626328847
634.6917095486267
555.54595998898424
732.65495981194431
588.35461982152503
775.54999214218219
546.44455896530121
569.47026351838338
570.71122754496787
724.28002710126577
755.65889407913005
758.13916428600942
568.09062405792918
567.46707095462671
569.05077502338042
754.89085722908658
753.99795411376908
755.87211849795767
835.76309607152029
872.4660513850406
875.86071044736082
884.77165468976989
924.01132788283212
928.07600130675382
872.38233468175099
871.36037244130341
873.33504679897294
924.72807388882154
923.70572675049993
925.62432423911264
343.10029674647183
454.52488902274627
457.24316640952793
602.67052364072936
528.58354519037687
695.58560108651079
559.07225103650194
736.02633539414273
518.5460534845264
540.3920095645617
541.66356807134639
687.09175092957173
716.80150211769512
719.27636585066432
539.20686940403255
538.670874709092
540.23144514914145
716.23911732420743
715.450829348448
717.28063458036786
792.91302319404542
827.76683360322568
831.1670373343884
839.50667068374958
876.98913698281194
881.10392578127596
827.91786388447053
826.99287323536305
828.89293843638632
877.98174650891292
877.03387364575576
878.84771089540152
572.0484195950495
569.50685955269921
542.69583114729937
759.62731301787665
756.76658433578712
724.13061307298221
468.68171411373714
343.54510713683635
633.15831148951236
478.44768680068012
877.41185001808492
874.24385139569165
837.82356985680917
929.62307651846891
926.01919224055507
887.60342736151358
735.66697973129624
560.91846131320858
779.93558466389322
595.46092443820532
543.05717208603858
540.28120742502801
514.1348532079445
720.80043760826243
717.61881092852479
685.75632899872085
443.10832011183743
323.85547456174152
598.40065773876654
450.77502529704816
832.6873315708832
829.17677203742471
793.67383914227185
882.54151206205063
878.64572292649325
841.3697871187527
695.68912523476831
529.12382057173181
738.39578042398375
562.9671887408316
298.58297543458673
395.33590458019626
398.2463131814485
524.33908407092986
459.92935190062803
605.00440922095629
486.11783932561855
639.99905266108726
451.02391274396382
470.06367879443189
471.22393129462819
597.58659098993985
623.35597436487069
625.54457650851521
469.09414349127394
468.6549205545092
470.05239131616975
622.92000865648561
622.26605960311053
623.89811859953682
689.6295381615804
719.9582323799807
722.99210915999822
730.14681096778713
762.87618095945629
766.57694349277187
720.18585509988725
719.40109620658052
721.07726196453586
763.88551820364296
763.06781973753152
764.64842082186874
224.36326460392894
298.39527608576645
299.95304327239978
396.37202337668396
346.57899881114349
457.3629541060011
365.52217466299305
483.2342942966967
340.99054516582589
355.51943520370628
356.3606628477221
452.18099200792938
471.67144084096276
473.20986788906168
354.71598246638564
354.37963023946725
355.45615994016953
471.18561279335108
470.69683006336163
471.96131527178977
521.74638408106625
544.61854151060413
546.75574098510685
552.00314548627432
576.79442641889023
579.47060421720676
544.59121827121635
544.00340533679696
545.29839151229407
577.39456252322873
576.7716163690917
577.97822535711305
472.49627903893997
469.89119176510985
446.83169893289516
626.92896838265847
623.87705637556076
595.62479101912197
384.766201176452
281.03943792129326
518.81412630832233
389.62118311145991
724.32880193037977
720.96413599570099
689.48840223676473
767.79474574014705
764.09830901522616
731.09429995350945
603.35031458304684
457.65002545348864
640.65931015362708
487.37081523969982
357.33455612635282
355.51798472842484
338.36647010728029
474.28294116374286
472.03749975425819
450.59566951126283
291.72604419648303
213.12071807377004
391.98534914571792
293.02808398601348
547.780353958359
545.24019667677976
521.14847630632926
580.37113524017889
577.5911491123253
552.35480478210161
455.03417259779872
343.02222239595903
482.96456599054056
365.15676565320359
597.11508099077435
787.17549368571213
591.35749611473375
779.47821870009102
561.85041667167502
740.14635361383125
489.68599789740574
644.53252586531801
371.80078428092293
488.85478805393473
898.37957426671869
938.76151609420913
890.1818371205876
931.11041219073036
943.48082587348142
936.47615838915226
845.66377862047273
885.34138772405606
891.10925215412828
940.43509637174895
939.48408711814909
933.77325180844798
932.92224613869837
941.2828295662647
934.5993183695374
888.79548277357708
888.06661391244631
889.60780031135903
736.5061054889627
771.38997359110635
776.78393767277805
558.05241103304672
584.14553135941492
588.11955525884116
774.94675580472517
774.37031335416737
775.69864019291197
586.77390456970898
586.37501569479718
587.38707054159215
567.00541828121311
746.89476032737628
560.98993530665086
739.1289254045879
532.33686198223825
701.29099255443919
463.83679225663764
610.54084639832342
352.39122820386785
463.28885567510633
852.47749606157515
891.17418113395433
844.32876317864248
883.61093435816497
895.96009328206605
889.04683712265899
801.63922742157467
839.74901606885544
845.58193915927404
893.13277237890918
892.24091915197482
886.55960331700055
885.76326649507291
893.9195030776882
887.31794997774148
843.47786433104955
842.80485810600283
844.23312971348241
697.98741436609362
731.46437084384945
736.89317533155997
529.07588780305025
554.11390907735188
558.11251230619678
735.24299984744368
734.72345073847453
735.96081364322595
556.91132508604585
556.56179298888139
557.51124752810063
944.99792868848078
940.82483372625268
937.97745640514211
933.19688243317626
901.32186633049218
893.11497903179907
892.5895120665856
887.39484340363083
848.46197815667892
791.59857725344602
603.97969626548786
783.67220535139199
597.6592892190771
743.92755062689628
567.36741297144488
778.15093095326449
773.24999348170206
738.9001855487694
589.22298005070104
585.55731170480101
559.63884692813292
647.53413191603295
494.03817712696548
490.54344002566961
374.43693975804592
897.32775473173683
892.91657565805951
890.39971609438555
885.43553496422987
854.71785399068972
846.78677338876025
846.9432505414419
841.62850520352413
804.20285664072708
749.98115131843872
571.82143414158782
742.51616796635494
566.14293286322061
704.80245366592999
537.6412727893063
738.18462511005623
733.20215943479718
700.20492215045397
559.17853345227491
555.44477962362635
530.51661934589913
613.35311004016762
468.0680224522622
464.78692790812988
354.82707544396078
492.11735604676301
648.93463127989025
486.61227796054334
641.93643049487173
461.61318746563529
608.90706570185318
402.01866706947328
529.933904684293
305.3324906638627
402.14423149834056
741.24500384539317
775.22301597093474
733.95134441526773
768.46092446461898
779.57580315971791
773.39851763660886
696.65608198355437
730.0999460599204
735.36783892555945
777.1508288756396
776.37148746746459
771.28478352213506
770.59446450315897
777.8162126649479
771.92919871243532
733.60164575054887
733.0320022625225
734.26425863977136
606.41307287020311
635.77872026223827
640.66444916286719
459.73707802951537
481.7259897650747
485.33350426014351
639.29765895941648
638.87206291933876
639.94755556955226
484.34644778891618
484.07074422034168
484.90240717913491
369.61449261939651
489.64238396831911
365.34795285273765
484.34674787807774
346.77579486464697
459.65783980981257
302.05628792957657
400.17457783373902
228.80925409183305
303.30547082327087
560.14491852523054
585.94015429459967
554.68909996978459
580.9098148617793
589.13364680467816
584.5522714473334
526.72713155610154
552.10843786772637
555.98542681066397
587.26668225093397
582.93124253204235
582.40896881466097
586.67052724355574
587.7646146137015
583.41970027759839
554.63643156199225
554.21917483369816
555.16083514021898
458.63525888669483
480.89859003030233
484.48333134041877
347.48333739365717
364.20428417551886
366.86067669626925
483.44317538481732
483.14664483776266
483.97857492412061
366.11592207881199
365.93468022127047
366.58424708715768
780.70510374234016
776.60987446926219
774.53177053404886
769.96768824535843
742.95276326558462
735.96620744849758
736.54775929501977
731.68882644433779
698.7689712931392
651.25161997896487
495.96130707798193
644.75602849129098
491.1268321039604
611.81220853279535
466.20596263900882
641.8186483364077
637.27535490881792
608.23876092228238
486.30846136336334
482.89524217468772
460.93158370375409
532.23502474262159
405.67832521075331
403.37151585022923
307.48755618730604
589.95591326118392
585.39324412732969
581.95375559009938
586.87688737341205
561.13456951134583
555.91470128374806
556.89465993791771
553.19565998585438
527.86757807030006
490.73037917240424
371.30234611940398
485.80255984688779
367.52273045539016
460.81048196858899
348.42248464169245
485.40040285073917
481.89398184236563
459.41340457940214
367.65240775510983
364.98467475140069
347.87461822331022
400.54382053157542
302.46036036877717
303.04866820248355
228.30622697273176
1000
1000
1000
1000
1000
1000
1000
1000
1000
1000
1000
1000
1000
1000
1000
1000
1000
1000
1000
1000
1000
1000
1000
1000
1000
1000
1000
1000
1000
1000
1000
1000
1000
1000
1000
1000
1000
1000
1000
1000
1000
1000
1000
1000
1000
1000
1000
1000
1000
1000
1000
1000
1000
1000
1000
1000
1000
1000
1000
1000
1000
1000
1000
1000
1000
1000
1000
1000
1000
1000
1000
1000
1000
1000
1000
1000
1000
1000
1000
1000
1000
1000
1000
1000
1000
1000
1000
1000
1000
1000
1000
1000
1000
1000
1000
1000
1000
1000
1000
1000
1000
1000
1000
1000
1000
1000
1000
1000
1000
1000
1000
1000
1000
1000
1000
1000
1000
1000
1000
1000
1000
1000
1000
1000
1000
1000
1000
1000
1000
1000
1000
1000
1000
1000
1000
1000
1000
1000
1000
1000
1000
1000
1000
1000
1000
1000
1000
1000
1000
1000
1000
1000
1000
1000
1000
1000
1000
1000
1000
1000
1000
1000
1000
1000
1000
1000
1000
1000
1000
1000
1000
1000
1000
1000
1000
1000
1000
1000
1000
1000
1000
1000
1000
1000
1000
1000
1000
1000
1000
1000
1000
1000
1000
1000
1000
1000
1000
1000
1000
1000
1000
1000
1000
1000
1000
1000
1000
1000
1000
1000
1000
1000
1000
1000
1000
1000
1000
1000
1000
1000
1000
1000
1000
1000
1000
1000
1000
1000
1000
1000
1000
1000
1000
1000
1000
1000
1000
1000
1000
1000
1000
1000
1000
1000
1000
1000
1000
1000
1000
1000
1000
1000
1000
1000
1000
1000
1000
1000
1000
1000
1000
1000
1000
1000
1000
1000
1000
1000
1000
1000
1000
1000
1000
1000
1000
1000
1000
1000
1000
1000
1000
1000
1000
1000
1000
1000
1000
1000
1000
1000
1000
1000
1000
1000
1000
1000
1000
1000
1000
1000
1000
1000
1000
1000
1000
1000
1000
1000
1000
1000
1000
1000
1000
1000
1000
1000
1000
1000
1000
1000
1000
1000
1000
1000
1000
1000
1000
1000
1000
1000
1000
1000
1000
1000
1000
1000
1000
1000
1000
1000
1000
1000
1000
1000
1000
1000
1000
1000
1000
1000
1000
1000
1000
1000
1000
1000
1000
1000
1000
1000
1000
1000
1000
1000
1000
1000
1000
1000
1000
1000
1000
1000
1000
1000
1000
1000
1000
1000
1000
1000
1000
1000
1000
1000
1000
1000
1000
1000
1000
1000
1000
1000
1000
1000
1000
1000
1000
1000
1000
1000
1000
1000
1000
1000
1000
1000
1000
1000
1000
1000
1000
1000
1000
1000
1000
1000
1000
1000
1000
1000
1000
1000
1000
1000
1000
1000
1000
1000
1000
1000
1000
1000
1000
1000
1000
1000
1000
1000
1000
1000
1000
1000
1000
1000
1000
1000
1000
1000
1000
1000
1000
1000
1000
1000
1000
1000
1000
1000
1000
1000
1000
1000
1000
1000
1000
1000
1000
1000
1000
1000
1000
1000
1000
1000
1000
1000
1000
1000
1000
1000
1000
1000
1000
1000
1000
1000
1000
1000
1000
1000
1000
1000
1000
1000
1000
1000
1000
1000
1000
1000
1000
1000
1000
1000
1000
1000
1000
1000
1000
1000
1000
1000
1000
1000
1000
1000
1000
1000
1000
1000
1000
1000
1000
1000
1000
1000
1000
1000
1000
1000
1000
1000
1000
1000
1000
1000
1000
1000
1000
1000
1000
1000
1000
1000
1000
1000
1000
1000
1000
1000
1000
1000
1000
1000
1000
1000
1000
1000
1000
1000
1000
1000
1000
1000
1000
1000
1000
1000
1000
1000
1000
1000
1000
1000
1000
1000
1000
1000
1000
1000
1000
1000
1000
1000
1000
1000
1000
1000
1000
1000
1000
1000
1000
1000
1000
1000
1000
1000
1000
1000
1000
1000
1000
1000
1000
1000
1000
1000
1000
1000
1000
1000
1000
1000
1000
1000
1000
1000
1000
1000
1000
1000
1000
1000
1000
1000
1000
1000
1000
1000
1000
1000
1000
1000
1000
1000
1000
1000
1000
1000
1000
1000
1000
1000
1000
1000
1000
1000
1000
1000
1000
1000
1000
1000
1000
1000
1000
1000
1000
1000
1000
1000
1000
1000
1000
1000
1000
1000
1000
1000
1000
1000
1000
1000
1000
1000
1000
1000
1000
1000
1000
1000
1000
1000
1000
1000
1000
1000
1000
1000
1000
1000
1000
1000
1000
1000
1000
1000
1000
1000
1000
1000
1000
1000
1000
1000
1000
1000
1000
1000
1000
1000
1000
1000
1000
1000
1000
1000
1000
1000
1000
1000
1000
1000
1000
1000
1000
1000
1000
1000
1000
1000
1000
1000
1000
1000
1000
1000
1000
1000
1000
1000
1000
1000
1000
1000
1000
1000
1000
1000
1000
1000
1000
1000
1000
1000
1000
1000
1000
1000
1000
1000
1000
1000
1000
1000
1000
1000
1000
1000
1000
1000
1000
1000
1000
1000
1000
1000
1000
1000
1000
1000
1000
1000
1000
1000
1000
1000
1000
1000
1000
1000
1000
1000
1000
1000
1000
1000
1000
1000
1000
1000
1000
1000
1000
1000
1000
1000
1000
1000
1000
1000
1000
1000
1000
1000
1000
1000
1000
1000
1000
1000
1000
1000
1000
1000
1000
1000
1000
1000
1000
1000
1000
1000
1000
1000
1000
1000
1000
1000
1000
1000
1000
1000
1000
1000
1000
1000
1000
1000
1000
1000
1000
1000
1000
1000
1000
1000
1000
1000
1000
1000
1000
1000
1000
1000
1000
1000
1000
1000
1000
1000
1000
1000
1000
1000
1000
1000
1000
1000
1000
1000
1000
1000
1000
1000
1000
1000
1000
1000
1000
1000
1000
1000
1000
1000
1000
1000
1000
1000
1000
1000
1000
1000
1000
1000
1000
1000
1000
1000
1000
1000
1000
1000
1000
1000
1000
1000
1000
1000
1000
1000
1000
1000
1000
1000
1000
1000
1000
1000
1000
1000
1000
1000
1000
1000
1000
1000
1000
1000
1000
1000
1000
1000
1000
1000
1000
1000
1000
1000
1000
1000
1000
1000
1000
1000
1000
1000
1000
1000
1000
1000
1000
1000
1000
1000
1000
1000
1000
1000
1000
1000
1000
1000
1000
1000
1000
1000
1000
1000
1000
1000
1000
1000
1000
1000
1000
1000
1000
1000
1000
1000
1000
1000
1000
1000
1000
1000
1000
1000
1000
1000
1000
1000
1000
1000
1000
1000
1000
1000
1000
1000
1000
1000
1000
1000
1000
1000
1000
1000
1000
1000
1000
1000
1000
1000
1000
1000
1000
1000
1000
1000
1000
1000
1000
1000
1000
1000
1000
1000
1000
1000
1000
1000
1000
1000
1000
1000
1000
1000
1000
1000
1000
1000
1000
1000
1000
1000
1000
1000
1000
1000
1000
1000
1000
1000
1000
1000
1000
1000
1000
1000
1000
1000
1000
1000
1000
1000
1000
1000
1000
1000
1000
1000
1000
1000
1000
1000
1000
1000
1000
1000
1000
1000
1000
1000
1000
1000
1000
1000
1000
1000
1000
1000
1000
1000
1000
1000
1000
1000
1000
1000
1000
1000
1000
1000
1000
1000
1000
1000
1000
1000
1000
1000
1000
1000
1000
1000
1000
1000
1000
1000
1000
1000
1000
1000
1000
1000
1000
1000
1000
1000
1000
1000
1000
1000
1000
1000
1000
1000
1000
1000
1000
1000
1000
1000
1000
1000
1000
1000
1000
1000
1000
1000
1000
1000
1000
1000
1000
1000
1000
1000
1000
1000
1000
1000
1000
1000
1000
1000
1000
1000
1000
1000
1000
1000
1000
1000
1000
1000
1000
1000
1000
1000
1000
1000
1000
1000
1000
1000
1000
1000
1000
1000
1000
1000
1000
1000
1000
1000
1000
1000
1000
1000
1000
1000
1000
1000
1000
1000
1000
1000
1000
1000
1000
1000
1000
1000
1000
1000
1000
1000
1000
1000
1000
1000
1000
1000
1000
1000
1000
1000
1000
1000
1000
1000
1000
1000
1000
1000
1000
1000
1000
1000
1000
1000
1000
1000
1000
1000
1000
1000
1000
1000
1000
1000
1000
1000
1000
1000
1000
1000
1000
1000
1000
1000
1000
1000
1000
1000
1000
1000
1000
1000
1000
1000
1000
1000
1000
1000
1000
1000
1000
1000
1000
1000
1000
1000
1000
1000
1000
1000
1000
1000
1000
1000
1000
1000
1000
1000
1000
1000
1000
1000
1000
1000
1000
1000
1000
1000
1000
1000
1000
1000
1000
1000
1000
1000
1000
1000
1000
1000
1000
1000
1000
1000
1000
1000
1000
1000
1000
1000
1000
1000
1000
1000
1000
1000
1000
1000
1000
1000
1000
1000
1000
1000
1000
1000
1000
1000
1000
1000
1000
1000
1000
1000
1000
1000
1000
1000
1000
1000
1000
1000
1000
1000
1000
1000
1000
1000
1000
1000
1000
1000
1000
1000
1000
1000
1000
1000
1000
1000
1000
1000
1000
1000
1000
1000
1000
1000
1000
1000
1000
1000
1000
1000
1000
1000
1000
1000
1000
1000
1000
1000
1000
1000
1000
1000
1000
1000
1000
1000
1000
1000
1000
1000
1000
1000
1000
1000
1000
1000
1000
1000
1000
1000
1000
1000
1000
1000
1000
1000
1000
1000
1000
1000
1000
1000
1000
1000
1000
1000
1000
1000
1000
1000
1000
1000
1000
1000
1000
1000
1000
1000
1000
1000
1000
1000
1000
1000
1000
1000
1000
1000
1000
1000
1000
1000
1000
1000
1000
1000
1000
1000
1000
1000
1000
1000
1000
1000
1000
1000
1000
1000
1000
1000
1000
1000
1000
1000
1000
1000
1000
1000
1000
1000
1000
1000
1000
1000
1000
1000
1000
1000
1000
1000
1000
1000
1000
1000
1000
1000
1000
1000
1000
1000
1000
1000
1000
1000
1000
1000
1000
1000
1000
1000
1000
1000
1000
1000
1000
1000
1000
1000
1000
1000
1000
1000
1000
1000
1000
1000
1000
1000
1000
1000
1000
1000
1000
1000
1000
1000
1000
1000
1000
1000
1000
1000
1000
1000
1000
1000
1000
1000
1000
1000
1000
1000
1000
1000
1000
1000
1000
1000
1000
1000
1000
1000
1000
1000
1000
1000
1000
1000
1000
1000
1000
1000
1000
1000
1000
1000
1000
1000
1000
1000
1000
1000
1000
1000
1000
1000
1000
1000
1000
1000
1000
1000
1000
1000
1000
1000
1000
1000
1000
1000
1000
1000
1000
1000
1000
1000
1000
1000
1000
1000
1000
1000
1000
1000
1000
1000
1000
1000
1000
1000
1000
1000
1000
1000
1000
1000
1000
1000
1000
1000
1000
1000
1000
1000
1000
1000
1000
1000
1000
1000
1000
1000
1000
1000
1000
1000
1000
1000
1000
1000
1000
1000
1000
1000
1000
1000
1000
1000
1000
1000
1000
1000
1000
1000
1000
1000
1000
1000
1000
1000
1000
1000
1000
1000
1000
1000
1000
1000
1000
1000
1000
1000
1000
1000
1000
1000
1000
1000
1000
1000
1000
1000
1000
1000
1000
1000
1000
1000
1000
1000
1000
1000
1000
1000
1000
1000
1000
1000
1000
1000
1000
1000
1000
1000
1000
1000
1000
1000
1000
1000
1000
1000
1000
1000
1000
1000
1000
1000
1000
1000
1000
1000
1000
1000
1000
1000
1000
1000
1000
1000
1000
1000
1000
1000
1000
1000
1000
1000
1000
1000
1000
1000
1000
1000
1000
1000
1000
1000
1000
1000
1000
1000
1000
1000
1000
1000
1000
1000
1000
1000
1000
1000
1000
1000
1000
1000
1000
1000
1000
1000
1000
1000
1000
1000
1000
1000
1000
1000
1000
1000
1000
1000
1000
1000
1000
1000
1000
1000
1000
1000
1000
1000
1000
1000
1000
1000
1000
1000
1000
1000
1000
1000
1000
1000
1000
1000
1000
1000
1000
1000
1000
1000
1000
1000
1000
1000
1000
1000
1000
1000
1000
1000
1000
1000
1000
1000
1000
1000
1000
1000
1000
1000
1000
1000
1000
1000
1000
1000
1000
1000
1000
1000
1000
1000
1000
1000
1000
1000
1000
1000
1000
1000
1000
1000
1000
1000
1000
1000
1000
1000
1000
1000
1000
1000
1000
1000
1000
1000
1000
1000
1000
1000
1000
1000
1000
1000
1000
1000
1000
1000
1000
1000
1000
1000
1000
1000
1000
1000
1000
1000
1000
1000
1000
1000
1000
1000
1000
1000
1000
1000
1000
1000
1000
1000
1000
1000
1000
1000
1000
1000
1000
1000
1000
1000
1000
1000
1000
1000
1000
1000
1000
1000
1000
1000
1000
1000
1000
1000
1000
1000
1000
1000
1000
1000
1000
1000
1000
1000
1000
1000
1000
1000
1000
1000
1000
1000
1000
1000
1000
1000
1000
1000
1000
1000
1000
1000
1000
1000
1000
1000
1000
1000
1000
1000
1000
1000
1000
1000
1000
1000
1000
1000
1000
1000
1000
1000
1000
1000
1000
1000
1000
1000
1000
1000
1000
1000
1000
1000
1000
1000
1000
1000
1000
1000
1000
1000
1000
1000
1000
1000
1000
1000
1000
1000
1000
1000
1000
1000
1000
1000
1000
1000
1000
1000
1000
1000
1000
1000
1000
1000
1000
1000
1000
1000
1000
1000
1000
1000
1000
1000
1000
1000
1000
1000
1000
1000
1000
1000
1000
1000
1000
1000
1000
1000
1000
1000
1000
1000
1000
1000
1000
1000
1000
1000
1000
1000
1000
1000
1000
1000
1000
1000
1000
1000
1000
1000
1000
1000
1000
1000
1000
1000
1000
1000
1000
1000
1000
1000
1000
1000
1000
1000
1000
1000
1000
1000
1000
1000
1000
1000
1000
1000
1000
1000
1000
1000
1000
1000
1000
1000
1000
1000
1000
1000
1000
1000
1000
1000
1000
1000
1000
1000
1000
1000
1000
1000
1000
1000
1000
1000
1000
1000
1000
1000
1000
1000
1000
1000
1000
1000
1000
1000
1000
1000
1000
1000
1000
1000
1000
1000
1000
1000
1000
1000
1000
1000
1000
1000
1000
1000
1000
1000
1000
1000
1000
1000
1000
1000
1000
1000
1000
1000
1000
1000
1000
1000
1000
1000
1000
1000
1000
1000
1000
1000
1000
1000
1000
1000
1000
1000
1000
1000
1000
1000
1000
1000
1000
1000
1000
1000
1000
1000
1000
1000
1000
1000
1000
1000
1000
1000
1000
1000
1000
1000
1000
1000
1000
1000
1000
1000
1000
1000
1000
1000
1000
1000
1000
1000
1000
1000
1000
1000
1000
1000
1000
1000
1000
1000
1000
1000
1000
1000
1000
1000
1000
1000
1000
1000
1000
1000
1000
1000
1000
1000
1000
1000
1000
1000
1000
1000
1000
1000
1000
1000
1000
1000
1000
1000
1000
1000
1000
1000
1000
1000
1000
1000
1000
1000
1000
1000
1000
1000
1000
1000
1000
1000
1000
1000
1000
1000
1000
1000
1000
1000
1000
1000
1000
1000
1000
1000
1000
1000
1000
1000
1000
1000
1000
1000
1000
1000
1000
1000
1000
1000
1000
1000
1000
1000
1000
1000
1000
1000
1000
1000
1000
1000
1000
1000
1000
1000
1000
1000
1000
1000
1000
1000
1000
1000
1000
1000
1000
1000
1000
1000
1000
1000
1000
1000
1000
1000
1000
1000
1000
1000
1000
1000
1000
1000
1000
1000
1000
1000
1000
1000
1000
1000
1000
1000
1000
1000
1000
1000
1000
1000
1000
1000
1000
1000
1000
1000
1000
1000
1000
1000
1000
1000
1000
1000
1000
1000
1000
1000
1000
1000
1000
1000
1000
1000
1000
1000
1000
1000
1000
1000
1000
1000
1000
1000
1000
1000
1000
1000
1000
1000
1000
1000
1000
1000
1000
1000
1000
1000
1000
1000
1000
1000
1000
1000
1000
1000
1000
1000
1000
1000
1000
1000
1000
1000
1000
1000
1000
1000
1000
1000
1000
1000
1000
1000
1000
1000
1000
1000
1000
1000
1000
1000
1000
1000
1000
1000
1000
1000
1000
1000
1000
1000
1000
1000
1000
1000
1000
1000
1000
1000
1000
1000
1000
1000
1000
1000
1000
1000
1000
1000
1000
1000
1000
1000
1000
1000
1000
1000
1000
1000
1000
1000
1000
1000
1000
1000
1000
1000
1000
1000
1000
1000
1000
1000
1000
1000
1000
1000
1000
1000
1000
1000
1000
1000
1000
1000
1000
1000
1000
1000
1000
1000
1000
1000
1000
1000
1000
1000
1000
1000
1000
1000
1000
1000
1000
1000
1000
1000
1000
1000
1000
1000
1000
1000
1000
1000
1000
1000
1000
1000
1000
1000
1000
1000
1000
1000
1000
1000
1000
1000
1000
1000
1000
1000
1000
1000
1000
1000
1000
1000
1000
1000
1000
1000
1000
1000
1000
1000
1000
1000
1000
1000
1000
1000
1000
1000
1000
1000
1000
1000
1000
1000
1000
1000
1000
1000
1000
1000
1000
1000
1000
1000
1000
1000
1000
1000
1000
1000
1000
1000
1000
1000
1000
1000
1000
1000
1000
1000
1000
1000
1000
1000
1000
1000
1000
1000
1000
1000
1000
1000
1000
1000
1000
1000
1000
1000
1000
1000
1000
1000
1000
1000
1000
1000
1000
1000
1000
1000
1000
1000
1000
1000
1000
1000
1000
1000
1000
1000
1000
1000
1000
1000
1000
1000
1000
1000
1000
1000
1000
1000
1000
1000
1000
1000
1000
1000
1000
1000
1000
1000
1000
1000
1000
1000
1000
1000
1000
1000
1000
1000
1000
1000
1000
1000
1000
1000
1000
1000
1000
1000
1000
1000
1000
1000
1000
1000
1000
1000
1000
1000
1000
1000
1000
1000
1000
1000
1000
1000
1000
1000
1000
1000
1000
1000
1000
1000
1000
1000
1000
1000
1000
1000
1000
1000
1000
1000
1000
1000
1000
1000
1000
1000
1000
1000
1000
1000
1000
1000
1000
1000
1000
1000
1000
1000
1000
1000
1000
1000
1000
1000
1000
1000
1000
1000
1000
1000
1000
1000
1000
1000
1000
1000
1000
1000
1000
1000
1000
1000
1000
1000
1000
1000
1000
1000
1000
1000
1000
1000
1000
1000
1000
1000
1000
1000
1000
1000
1000
1000
1000
1000
1000
1000
1000
1000
1000
1000
1000
1000
1000
1000
1000
1000
1000
1000
1000
1000
1000
1000
1000
1000
1000
1000
1000
1000
1000
1000
1000
1000
1000
1000
1000
1000
1000
1000
1000
1000
1000
1000
1000
1000
1000
1000
1000
1000
1000
1000
1000
1000
1000
1000
1000
1000
1000
1000
1000
1000
1000
1000
1000
1000
1000
1000
1000
1000
1000
1000
1000
1000
1000
1000
1000
1000
1000
1000
1000
1000
1000
1000
1000
1000
1000
1000
1000
1000
1000
1000
1000
1000
1000
1000
1000
1000
1000
1000
1000
1000
1000
1000
1000
1000
1000
1000
1000
1000
1000
1000
1000
1000
1000
1000
1000
1000
1000
1000
1000
1000
1000
1000
1000
1000
1000
1000
1000
1000
1000
1000
1000
1000
1000
1000
1000
1000
1000
1000
1000
1000
1000
1000
1000
1000
1000
1000
1000
1000
1000
1000
1000
1000
1000
1000
1000
1000
1000
1000
1000
1000
1000
1000
1000
1000
1000
1000
1000
1000
1000
1000
1000
1000
1000
1000
1000
1000
1000
1000
1000
1000
1000
1000
1000
1000
1000
1000
1000
1000
1000
1000
1000
1000
1000
1000
1000
1000
1000
1000
1000
1000
1000
1000
1000
1000
1000
1000
1000
1000
1000
1000
1000
1000
1000
1000
1000
1000
1000
1000
1000
1000
1000
1000
1000
1000
1000
1000
1000
1000
1000
1000
1000
1000
1000
1000
1000
1000
1000
1000
1000
1000
1000
1000
1000
1000
1000
1000
1000
1000
1000
1000
1000
1000
1000
1000
1000
1000
1000
1000
1000
1000
1000
1000
1000
1000
1000
1000
1000
1000
1000
1000
1000
1000
1000
1000
1000
1000
1000
1000
1000
1000
1000
1000
1000
1000
1000
1000
1000
1000
1000
1000
1000
1000
1000
1000
1000
1000
1000
1000
1000
1000
1000
1000
1000
1000
1000
1000
1000
1000
1000
1000
1000
1000
1000
1000
1000
1000
1000
1000
1000
1000
1000
1000
1000
1000
1000
1000
1000
1000
1000
1000
1000
1000
1000
1000
1000
1000
1000
1000
1000
1000
1000
1000
1000
1000
1000
1000
1000
1000
1000
1000
1000
1000
1000
1000
1000
1000
1000
1000
1000
1000
1000
1000
1000
1000
1000
1000
1000
1000
1000
1000
1000
1000
1000
1000
1000
1000
1000
1000
1000
1000
1000
1000
1000
1000
1000
1000
1000
1000
1000
1000
1000
1000
1000
1000
1000
1000
1000
1000
1000
1000
1000
1000
1000
1000
1000
1000
1000
1000
1000
1000
1000
1000
1000
1000
1000
1000
1000
1000
1000
1000
1000
1000
1000
1000
1000
1000
1000
1000
1000
1000
1000
1000
1000
1000
1000
1000
1000
1000
1000
1000
1000
1000
1000
1000
1000
1000
1000
1000
1000
1000
1000
1000
1000
1000
1000
1000
1000
1000
1000
1000
1000
1000
1000
1000
1000
1000
1000
1000
1000
1000
1000
1000
1000
1000
1000
1000
1000
1000
1000
1000
SCALARS p float 1
LOOKUP_TABLE default
0
0
0
0
0
0
0
0
0
0
0
0
0
0
0
0
0
0
0
0
0
0
0
0
0
0
0
0
0
0
0
0
0
0
0
0
0
0
0
0
0
0
0
0
0
0
0
0
0
0
0
0
0
0
0
0
0
0
0
0
0
0
0
0
0
0
0
0
0
0
0
0
0
0
0
0
0
0
0
0
0
0
0
0
0
0
0
0
0
0
0
0
0
0
0
0
0
0
0
0
0
0
0
0
0
0
0
0
0
0
0
0
0
0
0
0
0
0
0
0
0
0
0
0
0
0
0
0
0
0
0
0
0
0
0
0
0
0
0
0
0
0
0
0
0
0
0
0
0
0
0
0
0
0
0
0
0
0
0
0
0
0
0
0
0
0
0
0
0
0
0
0
0
0
0
0
0
0
0
0
0
0
0
0
0
0
0
0
0
0
0
0
0
0
0
0
0
0
0
0
0
0
0
0
0
0
0
0
0
0
0
0
0
0
0
0
0
0
0
0
0
0
0
0
0
0
0
0
0
0
0
0
0
0
0
0
0
0
0
0
0
0
0
0
0
0
0
0
0
0
0
0
0
0
0
0
0
0
0
0
0
0
0
0
0
0
0
0
0
0
0
0
0
0
0
0
0
0
0
0
0
0
0
0
0
0
0
0
0
0
0
0
0
0
0
0
0
0
0
0
0
0
0
0
0
0
0
0
0
0
0
0
0
0
0
0
0
0
0
0
0
0
0
0
0
0
0
0
0
0
0
0
0
0
0
0
0
0
0
0
0
0
0
0
0
0
0
0
0
0
0
0
0
0
0
0
0
0
0
0
0
0
0
0
0
0
0
0
0
0
0
0
0
0
0
0
0
0
0
0
0
0
0
0
0
0
0
0
0
0
0
0
0
0
0
0
0
0
0
0
0
0
0
0
0
0
0
0
0
0
0
0
0
0
0
0
0
0
0
0
0
0
0
0
0
0
0
0
0
0
0
0
0
0
0
0
0
0
0
0
0
0
0
0
0
0
0
0
0
0
0
0
0
0
0
0
0
0
0
0
0
0
0
0
0
0
0
0
0
0
0
0
0
0
0
0
0
0
0
0
0
0
0
0
0
0
0
0
0
0
0
0
0
0
0
0
0
0
0
0
0
0
0
0
0
0
0
0
0
0
0
0
0
0
0
0
0
0
0
0
0
0
0
0
0
0
0
0
0
0
0
0
0
0
0
0
0
0
0
0
0
0
0
0
0
0
0
0
0
0
0
0
0
0
0
0
0
0
0
0
0
0
0
0
0
0
0
0
0
0
0
0
0
0
0
0
0
0
0
0
0
0
0
0
0
0
0
0
0
0
0
0
0
0
0
0
0
0
0
0
0
0
0
0
0
0
0
0
0
0
0
0
0
0
0
0
0
0
0
0
0
0
0
0
0
0
0
0
0
0
0
0
0
0
0
0
0
0
0
0
0
0
0
0
0
0
0
0
0
0
0
0
0
0
0
0
0
0
0
0
0
0
0
0
0
0
0
0
0
0
0
0
0
0
0
0
0
0
0
0
0
0
0
0
0
0
0
0
0
0
0
0
0
0
0
0
0
0
0
0
0
0
0
0
0
0
0
0
0
0
0
0
0
0
0
0
0
0
0
0
0
0
0
0
0
0
0
0
0
0
0
0
0
0
0
0
0
0
0
0
0
0
0
0
0
0
0
0
0
0
0
0
0
0
0
0
0
0
0
0
0
0
0
0
0
0
0
0
0
0
0
0
0
0
0
0
0
0
0
0
0
0
0
0
0
0
0
0
0
0
0
0
0
0
0
0
0
0
0
0
0
0
0
0
0
0
0
0
0
0
0
0
0
0
0
0
0
0
0
0
0
0
0
0
0
0
0
0
0
0
0
0
0
0
0
0
0
0
0
0
0
0
0
0
0
0
0
0
0
0
0
0
0
0
0
0
0
0
0
0
0
0
0
0
0
0
0
0
0
0
0
0
0
0
0
0
0
0
0
0
0
0
0
0
0
0
0
0
0
0
0
0
0
0
0
0
0
0
0
0
0
0
0
0
0
0
0
0
0
0
0
0
0
0
0
0
0
0
0
0
0
0
0
0
0
0
0
0
0
0
0
0
0
0
0
0
0
0
0
0
0
0
0
0
0
0
0
0
0
0
0
0
0
0
0
0
0
0
0
0
0
0
0
0
0
0
0
0
0
0
0
0
0
0
0
0
0
0
0
0
0
0
0
0
0
0
0
0
0
0
0
0
0
0
0
0
0
0
0
0
0
0
0
0
0
0
0
0
0
0
0
0
0
0
0
0
0
0
0
0
0
0
0
0
0
0
0
0
0
0
0
0
0
0
0
0
0
0
0
0
0
0
0
0
0
0
0
0
0
0
0
0
0
0
0
0
0
0
0
0
0
0
0
0
0
0
0
0
0
0
0
0
0
0
0
0
0
0
0
0
0
0
0
0
0
0
0
0
0
0
0
0
0
0
0
0
0
0
0
0
0
0
0
0
0
0
0
0
0
0
0
0
0
0
0
0
0
0
0
0
0
0
0
0
0
0
0
0
0
0
0
0
0
0
0
0
0
0
0
0
0
0
0
0
0
0
0
0
0
0
0
0
0
0
0
0
0
0
0
0
0
0
0
0
0
0
0
0
0
0
0
0
0
0
0
0
0
0
0
0
0
0
0
0
0
0
0
0
0
0
0
0
0
0
0
0
0
0
0
0
0
0
0
0
0
0
0
0
0
0
0
0
0
0
0
0
0
0
0
0
0
0
0
0
0
0
0
0
0
0
0
0
0
0
0
0
0
0
0
0
0
0
0
0
0
0
0
0
0
0
0
0
0
0
0
0
0
0
0
0
0
0
0
0
0
0
0
0
0
0
0
0
0
0
0
0
0
0
0
0
0
0
0
0
0
0
0
0
0
0
0
0
0
0
0
0
0
0
0
0
0
0
0
0
0
0
0
0
0
0
0
0
0
0
0
0
0
0
0
0
0
0
0
0
0
0
0
0
0
0
0
0
0
0
0
0
0
0
0
0
0
0
0
0
0
0
0
0
0
0
0
0
0
0
0
0
0
0
0
0
0
0
0
0
0
0
0
0
0
0
0
0
0
0
0
0
0
0
0
0
0
0
0
0
0
0
0
0
0
0
0
0
0
0
0
0
0
0
0
0
0
0
0
0
0
0
0
0
0
0
0
0
0
0
0
0
0
0
0
0
0
0
0
0
0
0
0
0
0
0
0
0
0
0
0
0
0
0
0
0
0
0
0
0
0
0
0
0
0
0
0
0
0
0
0
0
0
0
0
0
0
0
0
0
0
0
0
0
0
0
0
0
0
0
0
0
0
0
0
0
0
0
0
0
0
0
0
0
0
0
0
0
0
0
0
0
0
0
0
0
0
0
0
0
0
0
0
0
0
0
0
0
0
0
0
0
0
0
0
0
0
0
0
0
0
0
0
0
0
0
0
0
0
0
0
0
0
0
0
0
0
0
0
0
0
0
0
0
0
0
0
0
0
0
0
0
0
0
0
0
0
0
0
0
0
0
0
0
0
0
0
0
0
0
0
0
0
0
0
0
0
0
0
0
0
0
0
0
0
0
0
0
0
0
0
0
0
0
0
0
0
0
0
0
0
0
0
0
0
0
0
0
0
0
0
0
0
0
0
0
0
0
0
0
0
0
0
0
0
0
0
0
0
0
0
0
0
0
0
0
0
0
0
0
0
0
0
0
0
0
0
0
0
0
0
0
0
0
0
0
0
0
0
0
0
0
0
0
0
0
0
0
0
0
0
0
0
0
0
0
0
0
0
0
0
0
0
0
0
0
0
0
0
0
0
0
0
0
0
0
0
0
0
0
0
0
0
0
0
0
0
0
0
0
0
0
0
0
0
0
0
0
0
0
0
0
0
0
0
0
0
0
0
0
0
0
0
0
0
0
0
0
0
0
0
0
0
0
0
0
0
0
0
0
0
0
0
0
0
0
0
0
0
0
0
0
0
0
0
0
0
0
0
0
0
0
0
0
0
0
0
0
0
0
0
0
0
0
0
0
0
0
0
0
0
0
0
0
0
0
0
0
0
0
0
0
0
0
0
0
0
0
0
0
0
0
0
0
0
0
0
0
0
0
0
0
0
0
0
0
0
0
0
0
0
0
0
0
0
0
0
0
0
0
0
0
0
0
0
0
0
0
0
0
0
0
0
0
0
0
0
0
0
0
0
0
0
0
0
0
0
0
0
0
0
0
0
0
0
0
0
0
0
0
0
0
0
0
0
0
0
0
0
0
0
0
0
0
0
0
0
0
0
0
0
0
0
0
0
0
0
0
0
0
0
0
0
0
0
0
0
0
0
0
0
0
0
0
0
0
0
0
0
0
0
0
0
0
0
0
0
0
0
0
0
0
0
0
0
0
0
0
0
0
0
0
0
0
0
0
0
0
0
0
0
0
0
0
0
0
0
0
0
0
0
0
0
0
0
0
0
0
0
0
0
0
0
0
0
0
0
0
0
0
0
0
0
0
0
0
0
0
0
0
0
0
0
0
0
0
0
0
0
0
0
0
0
0
0
0
0
0
0
0
0
0
0
0
0
0
0
0
0
0
0
0
0
0
0
0
0
0
0
0
0
0
0
0
0
0
0
0
0
0
0
0
0
0
0
0
0
0
0
0
0
0
0
0
0
0
0
0
0
0
0
0
0
0
0
0
0
0
0
0
0
0
0
0
0
0
0
0
0
0
0
0
0
0
0
0
0
0
0
0
0
0
0
0
0
0
0
0
0
0
0
0
0
0
0
0
0
0
0
0
0
0
0
0
0
0
0
0
0
0
0
0
0
0
0
0
0
0
0
0
0
0
0
0
0
0
0
0
0
0
0
0
0
0
0
0
0
0
0
0
0
0
0
0
0
0
0
0
0
0
0
0
0
0
0
0
0
0
0
0
0
0
0
0
0
0
0
0
0
0
0
0
0
0
0
0
0
0
0
0
0
0
0
0
0
0
0
0
0
0
0
0
0
0
0
0
0
0
0
0
0
0
0
0
0
0
0
0
0
0
0
0
0
0
0
0
0
0
0
0
0
0
0
0
0
0
0
0
0
0
0
0
0
0
0
0
0
0
0
0
0
0
0
0
0
0
0
0
0
0
0
0
0
0
0
0
0
0
0
0
0
0
0
0
0
0
0
0
0
0
0
0
0
0
0
0
0
0
0
0
0
0
0
0
0
0
0
0
0
0
0
0
0
0
0
0
0
0
0
0
0
0
0
0
0
0
0
0
0
0
0
0
0
0
0
0
0
0
0
0
0
0
0
0
0
0
0
0
0
0
0
0
0
0
0
0
0
0
0
0
0
0
0
0
0
0
0
0
0
0
0
0
0
0
0
0
0
0
0
0
0
0
0
0
0
0
0
0
0
0
0
0
0
0
0
0
0
0
0
0
0
0
0
0
0
0
0
0
0
0
0
0
0
0
0
0
0
0
0
0
0
0
0
0
0
0
0
0
0
0
0
0
0
0
0
0
0
0
0
0
0
0
0
0
0
0
0
0
0
0
0
0
0
0
0
0
0
0
0
0
0
0
0
0
0
0
0
0
0
0
0
0
0
0
0
0
0
0
0
0
0
0
0
0
0
0
0
0
0
0
0
0
0
0
0
0
0
0
0
0
0
0
0
0
0
0
0
0
0
0
0
0
0
0
0
0
0
0
0
0
0
0
0
0
0
0
0
0
0
0
0
0
0
0
0
0
0
0
0
0
0
0
0
0
0
0
0
0
0
0
0
0
0
0
0
0
0
0
0
0
0
0
0
0
0
0
0
0
0
0
0
0
0
0
0
0
0
0
0
0
0
0
0
0
0
0
0
0
0
0
0
0
0
0
0
0
0
0
0
0
0
0
0
0
0
0
0
0
0
0
0
0
0
0
0
0
0
0
0
0
0
0
0
0
0
0
0
0
0
0
0
0
0
0
0
0
0
0
0
0
0
0
0
0
0
0
0
0
0
0
0
0
0
0
0
0
0
0
0
0
0
0
0
0
0
0
0
0
0
0
0
0
0
0
0
0
0
0
0
0
0
0
0
0
0
0
0
0
0
0
0
0
0
0
0
0
0
0
0
0
0
0
0
0
0
0
0
0
0
0
0
0
0
0
0
0
0
0
0
0
0
0
0
0
0
0
0
0
0
0
0
0
0
0
0
0
0
0
0
0
0
0
0
0
0
0
0
0
0
0
0
0
0
0
0
0
0
0
0
0
0
0
0
0
0
0
0
0
0
0
0
0
0
0
0
0
0
0
0
0
0
0
0
0
0
0
0
0
0
0
0
0
0
0
0
0
0
0
0
0
0
0
0
0
0
0
0
0
0
0
0
0
0
0
0
0
0
0
0
0
0
0
0
0
0
0
0
0
0
0
0
0
0
0
0
0
0
0
0
0
0
0
0
0
0
0
0
0
0
0
0
0
0
0
0
0
0
0
0
0
0
0
0
0
0
0
0
0
0
0
0
0
0
0
0
0
0
0
0
0
0
0
0
0
0
0
0
0
0
0
0
0
0
0
0
0
0
0
0
0
0
0
0
0
0
0
0
0
0
0
0
0
0
0
0
0
0
0
0
0
0
0
0
0
0
0
0
0
0
0
0
0
0
0
0
0
0
0
0
0
0
0
0
0
0
0
0
0
0
0
0
0
0
0
0
0
0
0
0
0
0
0
0
0
0
0
0
0
0
0
0
0
0
0
0
0
0
0
0
0
0
0
0
0
0
0
0
0
0
0
0
0
0
0
0
0
0
0
0
0
0
0
0
0
0
0
0
0
0
0
0
0
0
0
0
0
0
0
0
0
0
0
0
0
0
0
0
0
0
0
0
0
0
0
0
0
0
0
0
0
0
0
0
0
0
0
0
0
0
0
0
0
0
0
0
0
0
0
0
0
0
0
0
0
0
0
0
0
0
0
0
0
0
0
0
0
0
0
0
0
0
0
0
0
0
0
0
0
0
0
0
0
0
0
0
0
0
0
0
0
0
0
0
0
0
0
0
0
0
0
0
0
0
0
0
0
0
0
0
0
0
0
0
0
0
0
0
0
0
0
0
0
0
0
0
0
0
0
0
0
0
0
0
0
0
0
0
0
0
0
0
0
0
0
0
0
0
0
0
0
0
0
0
0
0
0
0
0
0
0
0
0
0
0
0
0
0
0
0
0
0
0
0
0
0
0
0
0
0
0
0
0
0
0
0
0
0
0
0
0
0
0
0
0
0
0
0
0
0
0
0
0
0
0
0
0
0
0
0
0
0
0
0
0
0
0
0
0
0
0
0
0
0
0
0
0
0
0
0
0
0
0
0
0
0
0
0
0
0
0
0
0
0
0
0
0
0
0
0
0
0
0
0
0
0
0
0
0
0
0
0
0
0
0
0
0
0
0
0
0
0
0
0
0
0
0
0
0
0
0
0
0
0
0
0
0
0
0
0
0
0
0
0
0
0
0
0
0
0
0
0
0
0
0
0
0
0
0
0
0
0
0
0
0
0
0
0
0
0
0
0
0
0
0
0
0
0
0
0
0
0
0
0
0
0
0
0
0
0
0
0
0
0
0
0
0
0
0
0
0
0
0
0
0
0
0
0
0
0
0
0
0
0
0
0
0
0
0
0
0
0
0
0
0
0
0
0
0
0
0
0
0
0
0
0
0
0
0
0
0
0
0
0
0
0
0
0
0
0
0
0
0
0
0
0
0
0
0
0
0
0
0
0
0
0
0
0
0
0
0
0
0
0
0
0
0
0
0
0
0
0
0
0
0
0
0
0
0
0
0
0
0
0
0
0
0
0
0
0
0
0
0
0
0
0
0
0
0
0
0
0
0
0
0
0
0
0
0
0
0
0
0
0
0
0
0
0
0
0
0
0
0
0
0
0
0
0
0
0
0
0
0
0
0
0
0
0
0
0
0
0
0
0
0
0
0
0
0
0
0
0
0
0
0
0
0
0
0
0
0
0
0
0
0
0
0
0
0
0
0
0
0
0
0
0
0
0
0
0
0
0
0
0
0
0
0
0
0
0
0
0
0
0
0
0
0
0
0
0
0
0
0
0
0
0
0
0
0
0
0
0
0
0
0
0
0
0
0
0
0
0
0
0
0
0
0
0
0
0
0
0
0
0
0
0
0
0
0
0
0
0
0
0
0
0
0
0
0
0
0
0
0
0
0
0
0
0
0
0
0
0
0
0
0
0
0
0
0
0
0
0
0
0
0
0
0
0
0
0
0
0
0
0
0
0
0
0
0
0
0
0
0
0
0
0
0
0
0
0
0
0
0
0
0
0
0
0
0
0
0
0
0
0
0
0
0
0
0
0
0
0
0
0
0
0
0
0
0
0
0
0
0
0
0
0
0
0
0
0
0
0
0
0
0
0
0
0
0
0
0
0
0
0
0
0
0
0
0
0
0
0
0
0
0
0
0
0
0
0
0
0
0
0
0
0
0
0
0
0
0
0
0
0
0
0
0
0
0
0
0
0
0
0
0
0
0
0
0
0
0
0
0
0
0
0
0
0
0
0
0
0
0
0
0
0
0
0
0
0
0
0
0
0
0
0
0
0
0
0
0
0
0
0
0
0
0
0
0
0
0
0
0
0
0
0
0
0
0
0
0
0
0
0
0
0
0
0
0
0
0
0
0
0
0
0
0
0
0
0
0
0
0
0
0
0
0
0
0
0
0
0
0
0
0
0
0
0
0
0
0
0
0
0
0
0
0
0
0
0
0
0
0
0
0
0
0
0
0
0
0
0
0
0
0
0
0
0
0
0
0
0
0
0
0
0
0
0
0
0
0
0
0
0
0
0
0
0
0
0
0
0
0
0
0
0
0
0
0
0
0
0
0
0
0
0
0
0
0
0
0
0
0
0
0
0
0
0
0
0
0
0
0
0
0
0
0
0
0
0
0
0
0
0
0
0
0
0
0
0
0
0
0
0
0
0
0
0
0
0
0
0
0
0
0
0
0
0
0
0
0
0
0
0
0
0
0
0
0
0
0
0
0
0
0
0
0
0
0
0
0
0
0
0
0
0
0
0
0
0
0
0
0
0
0
0
0
0
0
0
0
0
0
0
0
0
0
0
0
0
0
0
0
0
0
0
0
0
0
0
0
0
0
0
0
0
0
0
0
0
0
0
0
0
0
0
0
0
0
0
0
0
0
0
0
0
0
0
0
0
0
0
0
0
0
0
0
0
0
0
0
0
0
0
0
0
0
0
0
0
0
0
0
0
0
0
0
0
0
0
0
0
0
0
0
0
0
0
0
0
0
0
0
0
0
0
0
0
0
0
0
0
0
0
0
0
0
0
0
0
0
0
0
0
0
0
0
0
0
0
0
0
0
0
0
0
0
0
0
0
0
0
0
0
0
0
0
0
0
0
0
0
0
0
0
0
0
0
0
0
0
0
0
0
0
0
0
0
0
0
0
0
0
0
0
0
0
0
0
0
0
0
0
0
0
0
0
0
0
0
0
0
0
0
0
0
0
0
0
0
0
0
0
0
0
0
0
0
0
0
0
0
0
0
0
0
0
0
0
0
0
0
0
0
0
0
0
0
0
0
0
0
0
0
0
0
0
0
0
0
0
0
0
0
0
0
0
0
0
0
0
0
0
0
0
0
0
0
0
0
0
0
0
0
0
0
0
0
0
0
0
0
0
0
0
0
0
0
0
0
0
0
0
0
0
0
0
0
0
0
0
0
0
0
0
0
0
0
0
0
0
0
0
0
0
0
0
0
0
0
0
0
0
0
0
0
0
0
0
0
0
0
0
0
0
0
0
0
0
0
0
0
0
0
0
0
0
0
0
0
0
0
0
0
0
0
0
0
0
0
0
0
0
0
0
0
0
0
0
0
0
0
0
0
0
0
0
0
0
0
0
0
0
0
0
0
0
0
0
0
0
0
0
0
0
0
0
0
0
0
0
0
0
0
0
0
0
0
0
0
0
0
0
0
0
0
0
0
0
0
0
0
0
0
0
0
0
0
0
0
0
0
0
0
0
0
0
0
0
0
0
0
0
0
0
0
0
0
0
0
0
0
0
0
0
0
0
0
0
0
0
0
0
0
0
0
0
0
0
0
0
0
0
SCALARS m float 1
LOOKUP_TABLE default
0.064001319322543077
0.064001319322543077
0.064001319322543077
0.064001319322543077
0.064001319322543077
0.064001319322543077
0.064001319322543077
0.064001319322543077
0.064001319322543077
0.064001319322543077
0.064001319322543077
0.064001319322543077
0.064001319322543077
0.064001319322543077
0.064001319322543077
0.064001319322543077
0.064001319322543077
0.064001319322543077
0.064001319322543077
0.064001319322543077
0.064001319322543077
0.064001319322543077
0.064001319322543077
0.064001319322543077
0.064001319322543077
0.064001319322543077
0.064001319322543077
0.064001319322543077
0.064001319322543077
0.064001319322543077
0.064001319322543077
0.064001319322543077
0.064001319322543077
0.064001319322543077
0.064001319322543077
0.064001319322543077
0.064001319322543077
0.064001319322543077
0.064001319322543077
0.064001319322543077
0.064001319322543077
0.064001319322543077
0.064001319322543077
0.064001319322543077
0.064001319322543077
0.064001319322543077
0.064001319322543077
0.064001319322543077
0.064001319322543077
0.064001319322543077
0.064001319322543077
0.064001319322543077
0.064001319322543077
0.064001319322543077
0.064001319322543077
0.064001319322543077
0.064001319322543077
0.064001319322543077
0.064001319322543077
0.064001319322543077
0.064001319322543077
0.064001319322543077
0.064001319322543077
0.064001319322543077
0.064001319322543077
0.064001319322543077
0.064001319322543077
0.064001319322543077
0.064001319322543077
0.064001319322543077
0.064001319322543077
0.064001319322543077
0.064001319322543077
0.064001319322543077
0.064001319322543077
0.064001319322543077
0.064001319322543077
0.064001319322543077
0.064001319322543077
0.064001319322543077
0.064001319322543077
0.064001319322543077
0.064001319322543077
0.064001319322543077
0.064001319322543077
0.064001319322543077
0.064001319322543077
0.064001319322543077
0.064001319322543077
0.064001319322543077
0.064001319322543077
0.064001319322543077
0.064001319322543077
0.064001319322543077
0.064001319322543077
0.064001319322543077
0.064001319322543077
0.064001319322543077
0.064001319322543077
0.064001319322543077
0.064001319322543077
0.064001319322543077
0.064001319322543077
0.064001319322543077
0.064001319322543077
0.064001319322543077
0.064001319322543077
0.064001319322543077
0.064001319322543077
0.064001319322543077
0.064001319322543077
0.064001319322543077
0.064001319322543077
0.064001319322543077
0.064001319322543077
0.064001319322543077
0.064001319322543077
0.064001319322543077
0.064001319322543077
0.064001319322543077
0.064001319322543077
0.064001319322543077
0.064001319322543077
0.064001319322543077
0.064001319322543077
0.064001319322543077
0.064001319322543077
0.064001319322543077
0.064001319322543077
0.064001319322543077
0.064001319322543077
0.064001319322543077
0.064001319322543077
0.064001319322543077
0.064001319322543077
0.064001319322543077
0.064001319322543077
0.064001319322543077
0.064001319322543077
0.064001319322543077
0.064001319322543077
0.064001319322543077
0.064001319322543077
0.064001319322543077
0.064001319322543077
0.064001319322543077
0.064001319322543077
0.064001319322543077
0.064001319322543077
0.064001319322543077
0.064001319322543077
0.064001319322543077
0.064001319322543077
0.064001319322543077
0.064001319322543077
0.064001319322543077
0.064001319322543077
0.064001319322543077
0.064001319322543077
0.064001319322543077
0.064001319322543077
0.064001319322543077
0.064001319322543077
0.064001319322543077
0.064001319322543077
0.064001319322543077
0.064001319322543077
0.064001319322543077
0.064001319322543077
0.064001319322543077
0.064001319322543077
0.064001319322543077
0.064001319322543077
0.064001319322543077
0.064001319322543077
0.064001319322543077
0.064001319322543077
0.064001319322543077
0.064001319322543077
0.064001319322543077
0.064001319322543077
0.064001319322543077
0.064001319322543077
0.064001319322543077
0.064001319322543077
0.064001319322543077
0.064001319322543077
0.064001319322543077
0.064001319322543077
0.064001319322543077
0.064001319322543077
0.064001319322543077
0.064001319322543077
0.064001319322543077
0.064001319322543077
0.064001319322543077
0.064001319322543077
0.064001319322543077
0.064001319322543077
0.064001319322543077
0.064001319322543077
0.064001319322543077
0.064001319322543077
0.064001319322543077
0.064001319322543077
0.064001319322543077
0.064001319322543077
0.064001319322543077
0.064001319322543077
0.064001319322543077
0.064001319322543077
0.064001319322543077
0.064001319322543077
0.064001319322543077
0.064001319322543077
0.064001319322543077
0.064001319322543077
0.064001319322543077
0.064001319322543077
0.064001319322543077
0.064001319322543077
0.064001319322543077
0.064001319322543077
0.064001319322543077
0.064001319322543077
0.064001319322543077
0.064001319322543077
0.064001319322543077
0.064001319322543077
0.064001319322543077
0.064001319322543077
0.064001319322543077
0.064001319322543077
0.064001319322543077
0.064001319322543077
0.064001319322543077
0.064001319322543077
0.064001319322543077
0.064001319322543077
0.064001319322543077
0.064001319322543077
0.064001319322543077
0.064001319322543077
0.064001319322543077
0.064001319322543077
0.064001319322543077
0.064001319322543077
0.064001319322543077
0.064001319322543077
0.064001319322543077
0.064001319322543077
0.064001319322543077
0.064001319322543077
0.064001319322543077
0.064001319322543077
0.064001319322543077
0.064001319322543077
0.064001319322543077
0.064001319322543077
0.064001319322543077
0.064001319322543077
0.064001319322543077
0.064001319322543077
0.064001319322543077
0.064001319322543077
0.064001319322543077
0.064001319322543077
0.064001319322543077
0.064001319322543077
0.064001319322543077
0.064001319322543077
0.064001319322543077
0.064001319322543077
0.064001319322543077
0.064001319322543077
0.064001319322543077
0.064001319322543077
0.064001319322543077
0.064001319322543077
0.064001319322543077
0.064001319322543077
0.064001319322543077
0.064001319322543077
0.064001319322543077
0.064001319322543077
0.064001319322543077
0.064001319322543077
0.064001319322543077
0.064001319322543077
0.064001319322543077
0.064001319322543077
0.064001319322543077
0.064001319322543077
0.064001319322543077
0.064001319322543077
0.064001319322543077
0.064001319322543077
0.064001319322543077
0.064001319322543077
0.064001319322543077
0.064001319322543077
0.064001319322543077
0.064001319322543077
0.064001319322543077
0.064001319322543077
0.064001319322543077
0.064001319322543077
0.064001319322543077
0.064001319322543077
0.064001319322543077
0.064001319322543077
0.064001319322543077
0.064001319322543077
0.064001319322543077
0.064001319322543077
0.064001319322543077
0.064001319322543077
0.064001319322543077
0.064001319322543077
0.064001319322543077
0.064001319322543077
0.064001319322543077
0.064001319322543077
0.064001319322543077
0.064001319322543077
0.064001319322543077
0.064001319322543077
0.064001319322543077
0.064001319322543077
0.064001319322543077
0.064001319322543077
0.064001319322543077
0.064001319322543077
0.064001319322543077
0.064001319322543077
0.064001319322543077
0.064001319322543077
0.064001319322543077
0.064001319322543077
0.064001319322543077
0.064001319322543077
0.064001319322543077
0.064001319322543077
0.064001319322543077
0.064001319322543077
0.064001319322543077
0.064001319322543077
0.064001319322543077
0.064001319322543077
0.064001319322543077
0.064001319322543077
0.064001319322543077
0.064001319322543077
0.064001319322543077
0.064001319322543077
0.064001319322543077
0.064001319322543077
0.064001319322543077
0.064001319322543077
0.064001319322543077
0.064001319322543077
0.064001319322543077
0.064001319322543077
0.064001319322543077
0.064001319322543077
0.064001319322543077
0.064001319322543077
0.064001319322543077
0.064001319322543077
0.064001319322543077
0.064001319322543077
0.064001319322543077
0.064001319322543077
0.064001319322543077
0.064001319322543077
0.064001319322543077
0.064001319322543077
0.064001319322543077
0.064001319322543077
0.064001319322543077
0.064001319322543077
0.064001319322543077
0.064001319322543077
0.064001319322543077
0.064001319322543077
0.064001319322543077
0.064001319322543077
0.064001319322543077
0.064001319322543077
0.064001319322543077
0.064001319322543077
0.064001319322543077
0.064001319322543077
0.064001319322543077
0.064001319322543077
0.064001319322543077
0.064001319322543077
0.064001319322543077
0.064001319322543077
0.064001319322543077
0.064001319322543077
0.064001319322543077
0.064001319322543077
0.064001319322543077
0.064001319322543077
0.064001319322543077
0.064001319322543077
0.064001319322543077
0.064001319322543077
0.064001319322543077
0.064001319322543077
0.064001319322543077
0.064001319322543077
0.064001319322543077
0.064001319322543077
0.064001319322543077
0.064001319322543077
0.064001319322543077
0.064001319322543077
0.064001319322543077
0.064001319322543077
0.064001319322543077
0.064001319322543077
0.064001319322543077
0.064001319322543077
0.064001319322543077
0.064001319322543077
0.064001319322543077
0.064001319322543077
0.064001319322543077
0.064001319322543077
0.064001319322543077
0.064001319322543077
0.064001319322543077
0.064001319322543077
0.064001319322543077
0.064001319322543077
0.064001319322543077
0.064001319322543077
0.064001319322543077
0.064001319322543077
0.064001319322543077
0.064001319322543077
0.064001319322543077
0.064001319322543077
0.064001319322543077
0.064001319322543077
0.064001319322543077
0.064001319322543077
0.064001319322543077
0.064001319322543077
0.064001319322543077
0.064001319322543077
0.064001319322543077
0.064001319322543077
0.064001319322543077
0.064001319322543077
0.064001319322543077
0.064001319322543077
0.064001319322543077
0.064001319322543077
0.064001319322543077
0.064001319322543077
0.064001319322543077
0.064001319322543077
0.064001319322543077
0.064001319322543077
0.064001319322543077
0.064001319322543077
0.064001319322543077
0.064001319322543077
0.064001319322543077
0.064001319322543077
0.064001319322543077
0.064001319322543077
0.064001319322543077
0.064001319322543077
0.064001319322543077
0.064001319322543077
0.064001319322543077
0.064001319322543077
0.064001319322543077
0.064001319322543077
0.064001319322543077
0.064001319322543077
0.064001319322543077
0.064001319322543077
0.064001319322543077
0.064001319322543077
0.064001319322543077
0.064001319322543077
0.064001319322543077
0.064001319322543077
0.064001319322543077
0.064001319322543077
0.064001319322543077
0.064001319322543077
0.064001319322543077
0.064001319322543077
0.064001319322543077
0.064001319322543077
0.064001319322543077
0.064001319322543077
0.064001319322543077
0.064001319322543077
0.064001319322543077
0.064001319322543077
0.064001319322543077
0.064001319322543077
0.064001319322543077
0.064001319322543077
0.064001319322543077
0.064001319322543077
0.064001319322543077
0.064001319322543077
0.064001319322543077
0.064001319322543077
0.064001319322543077
0.064001319322543077
0.064001319322543077
0.064001319322543077
0.064001319322543077
0.064001319322543077
0.064001319322543077
0.064001319322543077
0.064001319322543077
0.064001319322543077
0.064001319322543077
0.064001319322543077
0.064001319322543077
0.064001319322543077
0.064001319322543077
0.064001319322543077
0.064001319322543077
0.064001319322543077
0.064001319322543077
0.064001319322543077
0.064001319322543077
0.064001319322543077
0.064001319322543077
0.064001319322543077
0.064001319322543077
0.064001319322543077
0.064001319322543077
0.064001319322543077
0.064001319322543077
0.064001319322543077
0.064001319322543077
0.064001319322543077
0.064001319322543077
0.064001319322543077
0.064001319322543077
0.064001319322543077
0.064001319322543077
0.064001319322543077
0.064001319322543077
0.064001319322543077
0.064001319322543077
0.064001319322543077
0.064001319322543077
0.064001319322543077
0.064001319322543077
0.064001319322543077
0.064001319322543077
0.064001319322543077
0.064001319322543077
0.064001319322543077
0.064001319322543077
0.064001319322543077
0.064001319322543077
0.064001319322543077
0.064001319322543077
0.064001319322543077
0.064001319322543077
0.064001319322543077
0.064001319322543077
0.064001319322543077
0.064001319322543077
0.064001319322543077
0.064001319322543077
0.064001319322543077
0.064001319322543077
0.064001319322543077
0.064001319322543077
0.064001319322543077
0.064001319322543077
0.064001319322543077
0.064001319322543077
0.064001319322543077
0.064001319322543077
0.064001319322543077
0.064001319322543077
0.064001319322543077
0.064001319322543077
0.064001319322543077
0.064001319322543077
0.064001319322543077
0.064001319322543077
0.064001319322543077
0.064001319322543077
0.064001319322543077
0.064001319322543077
0.064001319322543077
0.064001319322543077
0.064001319322543077
0.064001319322543077
0.064001319322543077
0.064001319322543077
0.064001319322543077
0.064001319322543077
0.064001319322543077
0.064001319322543077
0.064001319322543077
0.064001319322543077
0.064001319322543077
0.064001319322543077
0.064001319322543077
0.064001319322543077
0.064001319322543077
0.064001319322543077
0.064001319322543077
0.064001319322543077
0.064001319322543077
0.064001319322543077
0.064001319322543077
0.064001319322543077
0.064001319322543077
0.064001319322543077
0.064001319322543077
0.064001319322543077
0.064001319322543077
0.064001319322543077
0.064001319322543077
0.064001319322543077
0.064001319322543077
0.064001319322543077
0.064001319322543077
0.064001319322543077
0.064001319322543077
0.064001319322543077
0.064001319322543077
0.064001319322543077
0.064001319322543077
0.064001319322543077
0.064001319322543077
0.064001319322543077
0.064001319322543077
0.064001319322543077
0.064001319322543077
0.064001319322543077
0.064001319322543077
0.064001319322543077
0.064001319322543077
0.064001319322543077
0.064001319322543077
0.064001319322543077
0.064001319322543077
0.064001319322543077
0.064001319322543077
0.064001319322543077
0.064001319322543077
0.064001319322543077
0.064001319322543077
0.064001319322543077
0.064001319322543077
0.064001319322543077
0.064001319322543077
0.064001319322543077
0.064001319322543077
0.064001319322543077
0.064001319322543077
0.064001319322543077
0.064001319322543077
0.064001319322543077
0.064001319322543077
0.064001319322543077
0.064001319322543077
0.064001319322543077
0.064001319322543077
0.064001319322543077
0.064001319322543077
0.064001319322543077
0.064001319322543077
0.064001319322543077
0.064001319322543077
0.064001319322543077
0.064001319322543077
0.064001319322543077
0.064001319322543077
0.064001319322543077
0.064001319322543077
0.064001319322543077
0.064001319322543077
0.064001319322543077
0.064001319322543077
0.064001319322543077
0.064001319322543077
0.064001319322543077
0.064001319322543077
0.064001319322543077
0.064001319322543077
0.064001319322543077
0.064001319322543077
0.064001319322543077
0.064001319322543077
0.064001319322543077
0.064001319322543077
0.064001319322543077
0.064001319322543077
0.064001319322543077
0.064001319322543077
0.064001319322543077
0.064001319322543077
0.064001319322543077
0.064001319322543077
0.064001319322543077
0.064001319322543077
0.064001319322543077
0.064001319322543077
0.064001319322543077
0.064001319322543077
0.064001319322543077
0.064001319322543077
0.064001319322543077
0.064001319322543077
0.064001319322543077
0.064001319322543077
0.064001319322543077
0.064001319322543077
0.064001319322543077
0.064001319322543077
0.064001319322543077
0.064001319322543077
0.064001319322543077
0.064001319322543077
0.064001319322543077
0.064001319322543077
0.064001319322543077
0.064001319322543077
0.064001319322543077
0.064001319322543077
0.064001319322543077
0.064001319322543077
0.064001319322543077
0.064001319322543077
0.064001319322543077
0.064001319322543077
0.064001319322543077
0.064001319322543077
0.064001319322543077
0.064001319322543077
0.064001319322543077
0.064001319322543077
0.064001319322543077
0.064001319322543077
0.064001319322543077
0.064001319322543077
0.064001319322543077
0.064001319322543077
0.064001319322543077
0.064001319322543077
0.064001319322543077
0.064001319322543077
0.064001319322543077
0.064001319322543077
0.064001319322543077
0.064001319322543077
0.064001319322543077
0.064001319322543077
0.064001319322543077
0.064001319322543077
0.064001319322543077
0.064001319322543077
0.064001319322543077
0.064001319322543077
0.064001319322543077
0.064001319322543077
0.064001319322543077
0.064001319322543077
0.064001319322543077
0.064001319322543077
0.064001319322543077
0.064001319322543077
0.064001319322543077
0.064001319322543077
0.064001319322543077
0.064001319322543077
0.064001319322543077
0.064001319322543077
0.064001319322543077
0.064001319322543077
0.064001319322543077
0.064001319322543077
0.064001319322543077
0.064001319322543077
0.064001319322543077
0.064001319322543077
0.064001319322543077
0.064001319322543077
0.064001319322543077
0.064001319322543077
0.064001319322543077
0.064001319322543077
0.064001319322543077
0.064001319322543077
0.064001319322543077
0.064001319322543077
0.064001319322543077
0.064001319322543077
0.064001319322543077
0.064001319322543077
0.064001319322543077
0.064001319322543077
0.064001319322543077
0.064001319322543077
0.064001319322543077
0.064001319322543077
0.064001319322543077
0.064001319322543077
0.064001319322543077
0.064001319322543077
0.064001319322543077
0.064001319322543077
0.064001319322543077
0.064001319322543077
0.064001319322543077
0.064001319322543077
0.064001319322543077
0.064001319322543077
0.064001319322543077
0.064001319322543077
0.064001319322543077
0.064001319322543077
0.064001319322543077
0.064001319322543077
0.064001319322543077
0.064001319322543077
0.064001319322543077
0.064001319322543077
0.064001319322543077
0.064001319322543077
0.064001319322543077
0.064001319322543077
0.064001319322543077
0.064001319322543077
0.064001319322543077
0.064001319322543077
0.064001319322543077
0.064001319322543077
0.064001319322543077
0.064001319322543077
0.064001319322543077
0.064001319322543077
0.064001319322543077
0.064001319322543077
0.064001319322543077
0.064001319322543077
0.064001319322543077
0.064001319322543077
0.064001319322543077
0.064001319322543077
0.064001319322543077
0.064001319322543077
0.064001319322543077
0.064001319322543077
0.064001319322543077
0.064001319322543077
0.064001319322543077
0.064001319322543077
0.064001319322543077
0.064001319322543077
0.064001319322543077
0.064001319322543077
0.064001319322543077
0.064001319322543077
0.064001319322543077
0.064001319322543077
0.064001319322543077
0.064001319322543077
0.064001319322543077
0.064001319322543077
0.064001319322543077
0.064001319322543077
0.064001319322543077
0.064001319322543077
0.064001319322543077
0.064001319322543077
0.064001319322543077
0.064001319322543077
0.064001319322543077
0.064001319322543077
0.064001319322543077
0.064001319322543077
0.064001319322543077
0.064001319322543077
0.064001319322543077
0.064001319322543077
0.064001319322543077
0.064001319322543077
0.064001319322543077
0.064001319322543077
0.064001319322543077
0.064001319322543077
0.064001319322543077
0.064001319322543077
0.064001319322543077
0.064001319322543077
0.064001319322543077
0.064001319322543077
0.064001319322543077
0.064001319322543077
0.064001319322543077
0.064001319322543077
0.064001319322543077
0.064001319322543077
0.064001319322543077
0.064001319322543077
0.064001319322543077
0.064001319322543077
0.064001319322543077
0.064001319322543077
0.064001319322543077
0.064001319322543077
0.064001319322543077
0.064001319322543077
0.064001319322543077
0.064001319322543077
0.064001319322543077
0.064001319322543077
0.064001319322543077
0.064001319322543077
0.064001319322543077
0.064001319322543077
0.064001319322543077
0.064001319322543077
0.064001319322543077
0.064001319322543077
0.064001319322543077
0.064001319322543077
0.064001319322543077
0.064001319322543077
0.064001319322543077
0.064001319322543077
0.064001319322543077
0.064001319322543077
0.064001319322543077
0.064001319322543077
0.064001319322543077
0.064001319322543077
0.064001319322543077
0.064001319322543077
0.064001319322543077
0.064001319322543077
0.064001319322543077
0.064001319322543077
0.064001319322543077
0.064001319322543077
0.064001319322543077
0.064001319322543077
0.064001319322543077
0.064001319322543077
0.064001319322543077
0.064001319322543077
0.064001319322543077
0.064001319322543077
0.064001319322543077
0.064001319322543077
0.064001319322543077
0.064001319322543077
0.064001319322543077
0.064001319322543077
0.064001319322543077
0.064001319322543077
0.064001319322543077
0.064001319322543077
0.064001319322543077
0.064001319322543077
0.064001319322543077
0.064001319322543077
0.064001319322543077
0.064001319322543077
0.064001319322543077
0.064001319322543077
0.064001319322543077
0.064001319322543077
0.064001319322543077
0.064001319322543077
0.064001319322543077
0.064001319322543077
0.064001319322543077
0.064001319322543077
0.064001319322543077
0.064001319322543077
0.064001319322543077
0.064001319322543077
0.064001319322543077
0.064001319322543077
0.064001319322543077
0.064001319322543077
0.064001319322543077
0.064001319322543077
0.064001319322543077
0.064001319322543077
0.064001319322543077
0.064001319322543077
0.064001319322543077
0.064001319322543077
0.064001319322543077
0.064001319322543077
0.064001319322543077
0.064001319322543077
0.064001319322543077
0.064001319322543077
0.064001319322543077
0.064001319322543077
0.064001319322543077
0.064001319322543077
0.064001319322543077
0.064001319322543077
0.064001319322543077
0.064001319322543077
0.064001319322543077
0.064001319322543077
0.064001319322543077
0.064001319322543077
0.064001319322543077
0.064001319322543077
0.064001319322543077
0.064001319322543077
0.064001319322543077
0.064001319322543077
0.064001319322543077
0.064001319322543077
0.064001319322543077
0.064001319322543077
0.064001319322543077
0.064001319322543077
0.064001319322543077
0.064001319322543077
0.064001319322543077
0.064001319322543077
0.064001319322543077
0.064001319322543077
0.064001319322543077
0.064001319322543077
0.064001319322543077
0.064001319322543077
0.064001319322543077
0.064001319322543077
0.064001319322543077
0.064001319322543077
0.064001319322543077
0.064001319322543077
0.064001319322543077
0.064001319322543077
0.064001319322543077
0.064001319322543077
0.064001319322543077
0.064001319322543077
0.064001319322543077
0.064001319322543077
0.064001319322543077
0.064001319322543077
0.064001319322543077
0.064001319322543077
0.064001319322543077
0.064001319322543077
0.064001319322543077
0.064001319322543077
0.064001319322543077
0.064001319322543077
0.064001319322543077
0.064001319322543077
0.064001319322543077
0.064001319322543077
0.064001319322543077
0.064001319322543077
0.064001319322543077
0.064001319322543077
0.064001319322543077
0.064001319322543077
0.064001319322543077
0.064001319322543077
0.064001319322543077
0.064001319322543077
0.064001319322543077
0.064001319322543077
0.064001319322543077
0.064001319322543077
0.064001319322543077
0.064001319322543077
0.064001319322543077
0.064001319322543077
0.064001319322543077
0.064001319322543077
0.064001319322543077
0.064001319322543077
0.064001319322543077
0.064001319322543077
0.064001319322543077
0.064001319322543077
0.064001319322543077
0.064001319322543077
0.064001319322543077
0.064001319322543077
0.064001319322543077
0.064001319322543077
0.064001319322543077
0.064001319322543077
0.064001319322543077
0.064001319322543077
0.064001319322543077
0.064001319322543077
0.064001319322543077
0.064001319322543077
0.064001319322543077
0.064001319322543077
0.064001319322543077
0.064001319322543077
0.064001319322543077
0.064001319322543077
0.064001319322543077
0.064001319322543077
0.064001319322543077
0.064001319322543077
0.064001319322543077
0.064001319322543077
0.064001319322543077
0.064001319322543077
0.064001319322543077
0.064001319322543077
0.064001319322543077
0.064001319322543077
0.064001319322543077
0.064001319322543077
0.064001319322543077
0.064001319322543077
0.064001319322543077
0.064001319322543077
0.064001319322543077
0.064001319322543077
0.064001319322543077
0.064001319322543077
0.064001319322543077
0.064001319322543077
0.064001319322543077
0.064001319322543077
0.064001319322543077
0.064001319322543077
0.064001319322543077
0.064001319322543077
0.064001319322543077
0.064001319322543077
0.064001319322543077
0.064001319322543077
0.064001319322543077
0.064001319322543077
0.064001319322543077
0.064001319322543077
0.064001319322543077
0.064001319322543077
0.064001319322543077
0.064001319322543077
0.064001319322543077
0.064001319322543077
0.064001319322543077
0.064001319322543077
0.064001319322543077
0.064001319322543077
0.064001319322543077
0.064001319322543077
0.064001319322543077
0.064001319322543077
0.064001319322543077
0.064001319322543077
0.064001319322543077
0.064001319322543077
0.064001319322543077
0.064001319322543077
0.064001319322543077
0.064001319322543077
0.064001319322543077
0.064001319322543077
0.064001319322543077
0.064001319322543077
0.064001319322543077
0.064001319322543077
0.064001319322543077
0.064001319322543077
0.064001319322543077
0.064001319322543077
0.064001319322543077
0.064001319322543077
0.064001319322543077
0.064001319322543077
0.064001319322543077
0.064001319322543077
0.064001319322543077
0.064001319322543077
0.064001319322543077
0.064001319322543077
0.064001319322543077
0.064001319322543077
0.064001319322543077
0.064001319322543077
0.064001319322543077
0.064001319322543077
0.064001319322543077
0.064001319322543077
0.064001319322543077
0.064001319322543077
0.064001319322543077
0.064001319322543077
0.064001319322543077
0.064001319322543077
0.064001319322543077
0.064001319322543077
0.064001319322543077
0.064001319322543077
0.064001319322543077
0.064001319322543077
0.064001319322543077
0.064001319322543077
0.064001319322543077
0.064001319322543077
0.064001319322543077
0.064001319322543077
0.064001319322543077
0.064001319322543077
0.064001319322543077
0.064001319322543077
0.064001319322543077
0.064001319322543077
0.064001319322543077
0.064001319322543077
0.064001319322543077
0.064001319322543077
0.064001319322543077
0.064001319322543077
0.064001319322543077
0.064001319322543077
0.064001319322543077
0.064001319322543077
0.064001319322543077
0.064001319322543077
0.064001319322543077
0.064001319322543077
0.064001319322543077
0.064001319322543077
0.064001319322543077
0.064001319322543077
0.064001319322543077
0.064001319322543077
0.064001319322543077
0.064001319322543077
0.064001319322543077
0.064001319322543077
0.064001319322543077
0.064001319322543077
0.064001319322543077
0.064001319322543077
0.064001319322543077
0.064001319322543077
0.064001319322543077
0.064001319322543077
0.064001319322543077
0.064001319322543077
0.064001319322543077
0.064001319322543077
0.064001319322543077
0.064001319322543077
0.064001319322543077
0.064001319322543077
0.064001319322543077
0.064001319322543077
0.064001319322543077
0.064001319322543077
0.064001319322543077
0.064001319322543077
0.064001319322543077
0.064001319322543077
0.064001319322543077
0.064001319322543077
0.064001319322543077
0.064001319322543077
0.064001319322543077
0.064001319322543077
0.064001319322543077
0.064001319322543077
0.064001319322543077
0.064001319322543077
0.064001319322543077
0.064001319322543077
0.064001319322543077
0.064001319322543077
0.064001319322543077
0.064001319322543077
0.064001319322543077
0.064001319322543077
0.064001319322543077
0.064001319322543077
0.064001319322543077
0.064001319322543077
0.064001319322543077
0.064001319322543077
0.064001319322543077
0.064001319322543077
0.064001319322543077
0.064001319322543077
0.064001319322543077
0.064001319322543077
0.064001319322543077
0.064001319322543077
0.064001319322543077
0.064001319322543077
0.064001319322543077
0.064001319322543077
0.064001319322543077
0.064001319322543077
0.064001319322543077
0.064001319322543077
0.064001319322543077
0.064001319322543077
0.064001319322543077
0.064001319322543077
0.064001319322543077
0.064001319322543077
0.064001319322543077
0.064001319322543077
0.064001319322543077
0.064001319322543077
0.064001319322543077
0.064001319322543077
0.064001319322543077
0.064001319322543077
0.064001319322543077
0.064001319322543077
0.064001319322543077
0.064001319322543077
0.064001319322543077
0.064001319322543077
0.064001319322543077
0.064001319322543077
0.064001319322543077
0.064001319322543077
0.064001319322543077
0.064001319322543077
0.064001319322543077
0.064001319322543077
0.064001319322543077
0.064001319322543077
0.064001319322543077
0.064001319322543077
0.064001319322543077
0.064001319322543077
0.064001319322543077
0.064001319322543077
0.064001319322543077
0.064001319322543077
0.064001319322543077
0.064001319322543077
0.064001319322543077
0.064001319322543077
0.064001319322543077
0.064001319322543077
0.064001319322543077
0.064001319322543077
0.064001319322543077
0.064001319322543077
0.064001319322543077
0.064001319322543077
0.064001319322543077
0.064001319322543077
0.064001319322543077
0.064001319322543077
0.064001319322543077
0.064001319322543077
0.064001319322543077
0.064001319322543077
0.064001319322543077
0.064001319322543077
0.064001319322543077
0.064001319322543077
0.064001319322543077
0.064001319322543077
0.064001319322543077
0.064001319322543077
0.064001319322543077
0.064001319322543077
0.064001319322543077
0.064001319322543077
0.064001319322543077
0.064001319322543077
0.064001319322543077
0.064001319322543077
0.064001319322543077
0.064001319322543077
0.064001319322543077
0.064001319322543077
0.064001319322543077
0.064001319322543077
0.064001319322543077
0.064001319322543077
0.064001319322543077
0.064001319322543077
0.064001319322543077
0.064001319322543077
0.064001319322543077
0.064001319322543077
0.064001319322543077
0.064001319322543077
0.064001319322543077
0.064001319322543077
0.064001319322543077
0.064001319322543077
0.064001319322543077
0.064001319322543077
0.064001319322543077
0.064001319322543077
0.064001319322543077
0.064001319322543077
0.064001319322543077
0.064001319322543077
0.064001319322543077
0.064001319322543077
0.064001319322543077
0.064001319322543077
0.064001319322543077
0.064001319322543077
0.064001319322543077
0.064001319322543077
0.064001319322543077
0.064001319322543077
0.064001319322543077
0.064001319322543077
0.064001319322543077
0.064001319322543077
0.064001319322543077
0.064001319322543077
0.064001319322543077
0.064001319322543077
0.064001319322543077
0.064001319322543077
0.064001319322543077
0.064001319322543077
0.064001319322543077
0.064001319322543077
0.064001319322543077
0.064001319322543077
0.064001319322543077
0.064001319322543077
0.064001319322543077
0.064001319322543077
0.064001319322543077
0.064001319322543077
0.064001319322543077
0.064001319322543077
0.064001319322543077
0.064001319322543077
0.064001319322543077
0.064001319322543077
0.064001319322543077
0.064001319322543077
0.064001319322543077
0.064001319322543077
0.064001319322543077
0.064001319322543077
0.064001319322543077
0.064001319322543077
0.064001319322543077
0.064001319322543077
0.064001319322543077
0.064001319322543077
0.064001319322543077
0.064001319322543077
0.064001319322543077
0.064001319322543077
0.064001319322543077
0.064001319322543077
0.064001319322543077
0.064001319322543077
0.064001319322543077
0.064001319322543077
0.064001319322543077
0.064001319322543077
0.064001319322543077
0.064001319322543077
0.064001319322543077
0.064001319322543077
0.064001319322543077
0.064001319322543077
0.064001319322543077
0.064001319322543077
0.064001319322543077
0.064001319322543077
0.064001319322543077
0.064001319322543077
0.064001319322543077
0.064001319322543077
0.064001319322543077
0.064001319322543077
0.064001319322543077
0.064001319322543077
0.064001319322543077
0.064001319322543077
0.064001319322543077
0.064001319322543077
0.064001319322543077
0.064001319322543077
0.064001319322543077
0.064001319322543077
0.064001319322543077
0.064001319322543077
0.064001319322543077
0.064001319322543077
0.064001319322543077
0.064001319322543077
0.064001319322543077
0.064001319322543077
0.064001319322543077
0.064001319322543077
0.064001319322543077
0.064001319322543077
0.064001319322543077
0.064001319322543077
0.064001319322543077
0.064001319322543077
0.064001319322543077
0.064001319322543077
0.064001319322543077
0.064001319322543077
0.064001319322543077
0.064001319322543077
0.064001319322543077
0.064001319322543077
0.064001319322543077
0.064001319322543077
0.064001319322543077
0.064001319322543077
0.064001319322543077
0.064001319322543077
0.064001319322543077
0.064001319322543077
0.064001319322543077
0.064001319322543077
0.064001319322543077
0.064001319322543077
0.064001319322543077
0.064001319322543077
0.064001319322543077
0.064001319322543077
0.064001319322543077
0.064001319322543077
0.064001319322543077
0.064001319322543077
0.064001319322543077
0.064001319322543077
0.064001319322543077
0.064001319322543077
0.064001319322543077
0.064001319322543077
0.064001319322543077
0.064001319322543077
0.064001319322543077
0.064001319322543077
0.064001319322543077
0.064001319322543077
0.064001319322543077
0.064001319322543077
0.064001319322543077
0.064001319322543077
0.064001319322543077
0.064001319322543077
0.064001319322543077
0.064001319322543077
0.064001319322543077
0.064001319322543077
0.064001319322543077
0.064001319322543077
0.064001319322543077
0.064001319322543077
0.064001319322543077
0.064001319322543077
0.064001319322543077
0.064001319322543077
0.064001319322543077
0.064001319322543077
0.064001319322543077
0.064001319322543077
0.064001319322543077
0.064001319322543077
0.064001319322543077
0.064001319322543077
0.064001319322543077
0.064001319322543077
0.064001319322543077
0.064001319322543077
0.064001319322543077
0.064001319322543077
0.064001319322543077
0.064001319322543077
0.064001319322543077
0.064001319322543077
0.064001319322543077
0.064001319322543077
0.064001319322543077
0.064001319322543077
0.064001319322543077
0.064001319322543077
0.064001319322543077
0.064001319322543077
0.064001319322543077
0.064001319322543077
0.064001319322543077
0.064001319322543077
0.064001319322543077
0.064001319322543077
0.064001319322543077
0.064001319322543077
0.064001319322543077
0.064001319322543077
0.064001319322543077
0.064001319322543077
0.064001319322543077
0.064001319322543077
0.064001319322543077
0.064001319322543077
0.064001319322543077
0.064001319322543077
0.064001319322543077
0.064001319322543077
0.064001319322543077
0.064001319322543077
0.064001319322543077
0.064001319322543077
0.064001319322543077
0.064001319322543077
0.064001319322543077
0.064001319322543077
0.064001319322543077
0.064001319322543077
0.064001319322543077
0.064001319322543077
0.064001319322543077
0.064001319322543077
0.064001319322543077
0.064001319322543077
0.064001319322543077
0.064001319322543077
0.064001319322543077
0.064001319322543077
0.064001319322543077
0.064001319322543077
0.064001319322543077
0.064001319322543077
0.064001319322543077
0.064001319322543077
0.064001319322543077
0.064001319322543077
0.064001319322543077
0.064001319322543077
0.064001319322543077
0.064001319322543077
0.064001319322543077
0.064001319322543077
0.064001319322543077
0.064001319322543077
0.064001319322543077
0.064001319322543077
0.064001319322543077
0.064001319322543077
0.064001319322543077
0.064001319322543077
0.064001319322543077
0.064001319322543077
0.064001319322543077
0.064001319322543077
0.064001319322543077
0.064001319322543077
0.064001319322543077
0.064001319322543077
0.064001319322543077
0.064001319322543077
0.064001319322543077
0.064001319322543077
0.064001319322543077
0.064001319322543077
0.064001319322543077
0.064001319322543077
0.064001319322543077
0.064001319322543077
0.064001319322543077
0.064001319322543077
0.064001319322543077
0.064001319322543077
0.064001319322543077
0.064001319322543077
0.064001319322543077
0.064001319322543077
0.064001319322543077
0.064001319322543077
0.064001319322543077
0.064001319322543077
0.064001319322543077
0.064001319322543077
0.064001319322543077
0.064001319322543077
0.064001319322543077
0.064001319322543077
0.064001319322543077
0.064001319322543077
0.064001319322543077
0.064001319322543077
0.064001319322543077
0.064001319322543077
0.064001319322543077
0.064001319322543077
0.064001319322543077
0.064001319322543077
0.064001319322543077
0.064001319322543077
0.064001319322543077
0.064001319322543077
0.064001319322543077
0.064001319322543077
0.064001319322543077
0.064001319322543077
0.064001319322543077
0.064001319322543077
0.064001319322543077
0.064001319322543077
0.064001319322543077
0.064001319322543077
0.064001319322543077
0.064001319322543077
0.064001319322543077
0.064001319322543077
0.064001319322543077
0.064001319322543077
0.064001319322543077
0.064001319322543077
0.064001319322543077
0.064001319322543077
0.064001319322543077
0.064001319322543077
0.064001319322543077
0.064001319322543077
0.064001319322543077
0.064001319322543077
0.064001319322543077
0.064001319322543077
0.064001319322543077
0.064001319322543077
0.064001319322543077
0.064001319322543077
0.064001319322543077
0.064001319322543077
0.064001319322543077
0.064001319322543077
0.064001319322543077
0.064001319322543077
0.064001319322543077
0.064001319322543077
0.064001319322543077
0.064001319322543077
0.064001319322543077
0.064001319322543077
0.064001319322543077
0.064001319322543077
0.064001319322543077
0.064001319322543077
0.064001319322543077
0.064001319322543077
0.064001319322543077
0.064001319322543077
0.064001319322543077
0.064001319322543077
0.064001319322543077
0.064001319322543077
0.064001319322543077
0.064001319322543077
0.064001319322543077
0.064001319322543077
0.064001319322543077
0.064001319322543077
0.064001319322543077
0.064001319322543077
0.064001319322543077
0.064001319322543077
0.064001319322543077
0.064001319322543077
0.064001319322543077
0.064001319322543077
0.064001319322543077
0.064001319322543077
0.064001319322543077
0.064001319322543077
0.064001319322543077
0.064001319322543077
0.064001319322543077
0.064001319322543077
0.064001319322543077
0.064001319322543077
0.064001319322543077
0.064001319322543077
0.064001319322543077
0.064001319322543077
0.064001319322543077
0.064001319322543077
0.064001319322543077
0.064001319322543077
0.064001319322543077
0.064001319322543077
0.064001319322543077
0.064001319322543077
0.064001319322543077
0.064001319322543077
0.064001319322543077
0.064001319322543077
0.064001319322543077
0.064001319322543077
0.064001319322543077
0.064001319322543077
0.064001319322543077
0.064001319322543077
0.064001319322543077
0.064001319322543077
0.064001319322543077
0.064001319322543077
0.064001319322543077
0.064001319322543077
0.064001319322543077
0.064001319322543077
0.064001319322543077
0.064001319322543077
0.064001319322543077
0.064001319322543077
0.064001319322543077
0.064001319322543077
0.064001319322543077
0.064001319322543077
0.064001319322543077
0.064001319322543077
0.064001319322543077
0.064001319322543077
0.064001319322543077
0.064001319322543077
0.064001319322543077
0.064001319322543077
0.064001319322543077
0.064001319322543077
0.064001319322543077
0.064001319322543077
0.064001319322543077
0.064001319322543077
0.064001319322543077
0.064001319322543077
0.064001319322543077
0.064001319322543077
0.064001319322543077
0.064001319322543077
0.064001319322543077
0.064001319322543077
0.064001319322543077
0.064001319322543077
0.064001319322543077
0.064001319322543077
0.064001319322543077
0.064001319322543077
0.064001319322543077
0.064001319322543077
0.064001319322543077
0.064001319322543077
0.064001319322543077
0.064001319322543077
0.064001319322543077
0.064001319322543077
0.064001319322543077
0.064001319322543077
0.064001319322543077
0.064001319322543077
0.064001319322543077
0.064001319322543077
0.064001319322543077
0.064001319322543077
0.064001319322543077
0.064001319322543077
0.064001319322543077
0.064001319322543077
0.064001319322543077
0.064001319322543077
0.064001319322543077
0.064001319322543077
0.064001319322543077
0.064001319322543077
0.064001319322543077
0.064001319322543077
0.064001319322543077
0.064001319322543077
0.064001319322543077
0.064001319322543077
0.064001319322543077
0.064001319322543077
0.064001319322543077
0.064001319322543077
0.064001319322543077
0.064001319322543077
0.064001319322543077
0.064001319322543077
0.064001319322543077
0.064001319322543077
0.064001319322543077
0.064001319322543077
0.064001319322543077
0.064001319322543077
0.064001319322543077
0.064001319322543077
0.064001319322543077
0.064001319322543077
0.064001319322543077
0.064001319322543077
0.064001319322543077
0.064001319322543077
0.064001319322543077
0.064001319322543077
0.064001319322543077
0.064001319322543077
0.064001319322543077
0.064001319322543077
0.064001319322543077
0.064001319322543077
0.064001319322543077
0.064001319322543077
0.064001319322543077
0.064001319322543077
0.064001319322543077
0.064001319322543077
0.064001319322543077
0.064001319322543077
0.064001319322543077
0.064001319322543077
0.064001319322543077
0.064001319322543077
0.064001319322543077
0.064001319322543077
0.064001319322543077
0.064001319322543077
0.064001319322543077
0.064001319322543077
0.064001319322543077
0.064001319322543077
0.064001319322543077
0.064001319322543077
0.064001319322543077
0.064001319322543077
0.064001319322543077
0.064001319322543077
0.064001319322543077
0.064001319322543077
0.064001319322543077
0.064001319322543077
0.064001319322543077
0.064001319322543077
0.064001319322543077
0.064001319322543077
0.064001319322543077
0.064001319322543077
0.064001319322543077
0.064001319322543077
0.064001319322543077
0.064001319322543077
0.064001319322543077
0.064001319322543077
0.064001319322543077
0.064001319322543077
0.064001319322543077
0.064001319322543077
0.064001319322543077
0.064001319322543077
0.064001319322543077
0.064001319322543077
0.064001319322543077
0.064001319322543077
0.064001319322543077
0.064001319322543077
0.064001319322543077
0.064001319322543077
0.064001319322543077
0.064001319322543077
0.064001319322543077
0.064001319322543077
0.064001319322543077
0.064001319322543077
0.064001319322543077
0.064001319322543077
0.064001319322543077
0.064001319322543077
0.064001319322543077
0.064001319322543077
0.064001319322543077
0.064001319322543077
0.064001319322543077
0.064001319322543077
0.064001319322543077
0.064001319322543077
0.064001319322543077
0.064001319322543077
0.064001319322543077
0.064001319322543077
0.064001319322543077
0.064001319322543077
0.064001319322543077
0.064001319322543077
0.064001319322543077
0.064001319322543077
0.064001319322543077
0.064001319322543077
0.064001319322543077
0.064001319322543077
0.064001319322543077
0.064001319322543077
0.064001319322543077
0.064001319322543077
0.064001319322543077
0.064001319322543077
0.064001319322543077
0.064001319322543077
0.064001319322543077
0.064001319322543077
0.064001319322543077
0.064001319322543077
0.064001319322543077
0.064001319322543077
0.064001319322543077
0.064001319322543077
0.064001319322543077
0.064001319322543077
0.064001319322543077
0.064001319322543077
0.064001319322543077
0.064001319322543077
0.064001319322543077
0.064001319322543077
0.064001319322543077
0.064001319322543077
0.064001319322543077
0.064001319322543077
0.064001319322543077
0.064001319322543077
0.064001319322543077
0.064001319322543077
0.064001319322543077
0.064001319322543077
0.064001319322543077
0.064001319322543077
0.064001319322543077
0.064001319322543077
0.064001319322543077
0.064001319322543077
0.064001319322543077
0.064001319322543077
0.064001319322543077
0.064001319322543077
0.064001319322543077
0.064001319322543077
0.064001319322543077
0.064001319322543077
0.064001319322543077
0.064001319322543077
0.064001319322543077
0.064001319322543077
0.064001319322543077
0.064001319322543077
0.064001319322543077
0.064001319322543077
0.064001319322543077
0.064001319322543077
0.064001319322543077
0.064001319322543077
0.064001319322543077
0.064001319322543077
0.064001319322543077
0.064001319322543077
0.064001319322543077
0.064001319322543077
0.064001319322543077
0.064001319322543077
0.064001319322543077
0.064001319322543077
0.064001319322543077
0.064001319322543077
0.064001319322543077
0.064001319322543077
0.064001319322543077
0.064001319322543077
0.064001319322543077
0.064001319322543077
0.064001319322543077
0.064001319322543077
0.064001319322543077
0.064001319322543077
0.064001319322543077
0.064001319322543077
0.064001319322543077
0.064001319322543077
0.064001319322543077
0.064001319322543077
0.064001319322543077
0.064001319322543077
0.064001319322543077
0.064001319322543077
0.064001319322543077
0.064001319322543077
0.064001319322543077
0.064001319322543077
0.064001319322543077
0.064001319322543077
0.064001319322543077
0.064001319322543077
0.064001319322543077
0.064001319322543077
0.064001319322543077
0.064001319322543077
0.064001319322543077
0.064001319322543077
0.064001319322543077
0.064001319322543077
0.064001319322543077
0.064001319322543077
0.064001319322543077
0.064001319322543077
0.064001319322543077
0.064001319322543077
0.064001319322543077
0.064001319322543077
0.064001319322543077
0.064001319322543077
0.064001319322543077
0.064001319322543077
0.064001319322543077
0.064001319322543077
0.064001319322543077
0.064001319322543077
0.064001319322543077
0.064001319322543077
0.064001319322543077
0.064001319322543077
0.064001319322543077
0.064001319322543077
0.064001319322543077
0.064001319322543077
0.064001319322543077
0.064001319322543077
0.064001319322543077
0.064001319322543077
0.064001319322543077
0.064001319322543077
0.064001319322543077
0.064001319322543077
0.064001319322543077
0.064001319322543077
0.064001319322543077
0.064001319322543077
0.064001319322543077
0.064001319322543077
0.064001319322543077
0.064001319322543077
0.064001319322543077
0.064001319322543077
0.064001319322543077
0.064001319322543077
0.064001319322543077
0.064001319322543077
0.064001319322543077
0.064001319322543077
0.064001319322543077
0.064001319322543077
0.064001319322543077
0.064001319322543077
0.064001319322543077
0.064001319322543077
0.064001319322543077
0.064001319322543077
0.064001319322543077
0.064001319322543077
0.064001319322543077
0.064001319322543077
0.064001319322543077
0.064001319322543077
0.064001319322543077
0.064001319322543077
0.064001319322543077
0.064001319322543077
0.064001319322543077
0.064001319322543077
0.064001319322543077
0.064001319322543077
0.064001319322543077
0.064001319322543077
0.064001319322543077
0.064001319322543077
0.064001319322543077
0.064001319322543077
0.064001319322543077
0.064001319322543077
0.064001319322543077
0.064001319322543077
0.064001319322543077
0.064001319322543077
0.064001319322543077
0.064001319322543077
0.064001319322543077
0.064001319322543077
0.064001319322543077
0.064001319322543077
0.064001319322543077
0.064001319322543077
0.064001319322543077
0.064001319322543077
0.064001319322543077
0.064001319322543077
0.064001319322543077
0.064001319322543077
0.064001319322543077
0.064001319322543077
0.064001319322543077
0.064001319322543077
0.064001319322543077
0.064001319322543077
0.064001319322543077
0.064001319322543077
0.064001319322543077
0.064001319322543077
0.064001319322543077
0.064001319322543077
0.064001319322543077
0.064001319322543077
0.064001319322543077
0.064001319322543077
0.064001319322543077
0.064001319322543077
0.064001319322543077
0.064001319322543077
0.064001319322543077
0.064001319322543077
0.064001319322543077
0.064001319322543077
0.064001319322543077
0.064001319322543077
0.064001319322543077
0.064001319322543077
0.064001319322543077
0.064001319322543077
0.064001319322543077
0.064001319322543077
0.064001319322543077
0.064001319322543077
0.064001319322543077
0.064001319322543077
0.064001319322543077
0.064001319322543077
0.064001319322543077
0.064001319322543077
0.064001319322543077
0.064001319322543077
0.064001319322543077
0.064001319322543077
0.064001319322543077
0.064001319322543077
0.064001319322543077
0.064001319322543077
0.064001319322543077
0.064001319322543077
0.064001319322543077
0.064001319322543077
0.064001319322543077
0.064001319322543077
0.064001319322543077
0.064001319322543077
0.064001319322543077
0.064001319322543077
0.064001319322543077
0.064001319322543077
0.064001319322543077
0.064001319322543077
0.064001319322543077
0.064001319322543077
0.064001319322543077
0.064001319322543077
0.064001319322543077
0.064001319322543077
0.064001319322543077
0.064001319322543077
0.064001319322543077
0.064001319322543077
0.064001319322543077
0.064001319322543077
0.064001319322543077
0.064001319322543077
0.064001319322543077
0.064001319322543077
0.064001319322543077
0.064001319322543077
0.064001319322543077
0.064001319322543077
0.064001319322543077
0.064001319322543077
0.064001319322543077
0.064001319322543077
0.064001319322543077
0.064001319322543077
0.064001319322543077
0.064001319322543077
0.064001319322543077
0.064001319322543077
0.064001319322543077
0.064001319322543077
0.064001319322543077
0.064001319322543077
0.064001319322543077
0.064001319322543077
0.064001319322543077
0.064001319322543077
0.064001319322543077
0.064001319322543077
0.064001319322543077
0.064001319322543077
0.064001319322543077
0.064001319322543077
0.064001319322543077
0.064001319322543077
0.064001319322543077
0.064001319322543077
0.064001319322543077
0.064001319322543077
0.064001319322543077
0.064001319322543077
0.064001319322543077
0.064001319322543077
0.064001319322543077
0.064001319322543077
0.064001319322543077
0.064001319322543077
0.064001319322543077
0.064001319322543077
0.064001319322543077
0.064001319322543077
0.064001319322543077
0.064001319322543077
0.064001319322543077
0.064001319322543077
0.064001319322543077
0.064001319322543077
0.064001319322543077
0.064001319322543077
0.064001319322543077
0.064001319322543077
0.064001319322543077
0.064001319322543077
0.064001319322543077
0.064001319322543077
0.064001319322543077
0.064001319322543077
0.064001319322543077
0.064001319322543077
0.064001319322543077
0.064001319322543077
0.064001319322543077
0.064001319322543077
0.064001319322543077
0.064001319322543077
0.064001319322543077
0.064001319322543077
0.064001319322543077
0.064001319322543077
0.064001319322543077
0.064001319322543077
0.064001319322543077
0.064001319322543077
0.064001319322543077
0.064001319322543077
0.064001319322543077
0.064001319322543077
0.064001319322543077
0.064001319322543077
0.064001319322543077
0.064001319322543077
0.064001319322543077
0.064001319322543077
0.064001319322543077
0.064001319322543077
0.064001319322543077
0.064001319322543077
0.064001319322543077
0.064001319322543077
0.064001319322543077
0.064001319322543077
0.064001319322543077
0.064001319322543077
0.064001319322543077
0.064001319322543077
0.064001319322543077
0.064001319322543077
0.064001319322543077
0.064001319322543077
0.064001319322543077
0.064001319322543077
0.064001319322543077
0.064001319322543077
0.064001319322543077
0.064001319322543077
0.064001319322543077
0.064001319322543077
0.064001319322543077
0.064001319322543077
0.064001319322543077
0.064001319322543077
0.064001319322543077
0.064001319322543077
0.064001319322543077
0.064001319322543077
0.064001319322543077
0.064001319322543077
0.064001319322543077
0.064001319322543077
0.064001319322543077
0.064001319322543077
0.064001319322543077
0.064001319322543077
0.064001319322543077
0.064001319322543077
0.064001319322543077
0.064001319322543077
0.064001319322543077
0.064001319322543077
0.064001319322543077
0.064001319322543077
0.064001319322543077
0.064001319322543077
0.064001319322543077
0.064001319322543077
0.064001319322543077
0.064001319322543077
0.064001319322543077
0.064001319322543077
0.064001319322543077
0.064001319322543077
0.064001319322543077
0.064001319322543077
0.064001319322543077
0.064001319322543077
0.064001319322543077
0.064001319322543077
0.064001319322543077
0.064001319322543077
0.064001319322543077
0.064001319322543077
0.064001319322543077
0.064001319322543077
0.064001319322543077
0.064001319322543077
0.064001319322543077
0.064001319322543077
0.064001319322543077
0.064001319322543077
0.064001319322543077
0.064001319322543077
0.064001319322543077
0.064001319322543077
0.064001319322543077
0.064001319322543077
0.064001319322543077
0.064001319322543077
0.064001319322543077
0.064001319322543077
0.064001319322543077
0.064001319322543077
0.064001319322543077
0.064001319322543077
0.064001319322543077
0.064001319322543077
0.064001319322543077
0.064001319322543077
0.064001319322543077
0.064001319322543077
0.064001319322543077
0.064001319322543077
0.064001319322543077
0.064001319322543077
0.064001319322543077
0.064001319322543077
0.064001319322543077
0.064001319322543077
0.064001319322543077
0.064001319322543077
0.064001319322543077
0.064001319322543077
0.064001319322543077
0.064001319322543077
0.064001319322543077
0.064001319322543077
0.064001319322543077
0.064001319322543077
0.064001319322543077
0.064001319322543077
0.064001319322543077
0.064001319322543077
0.064001319322543077
0.064001319322543077
0.064001319322543077
0.064001319322543077
0.064001319322543077
0.064001319322543077
0.064001319322543077
0.064001319322543077
0.064001319322543077
0.064001319322543077
0.064001319322543077
0.064001319322543077
0.064001319322543077
0.064001319322543077
0.064001319322543077
0.064001319322543077
0.064001319322543077
0.064001319322543077
0.064001319322543077
0.064001319322543077
0.064001319322543077
0.064001319322543077
0.064001319322543077
0.064001319322543077
0.064001319322543077
0.064001319322543077
0.064001319322543077
0.064001319322543077
0.064001319322543077
0.064001319322543077
0.064001319322543077
0.064001319322543077
0.064001319322543077
0.064001319322543077
0.064001319322543077
0.064001319322543077
0.064001319322543077
0.064001319322543077
0.064001319322543077
0.064001319322543077
0.064001319322543077
0.064001319322543077
0.064001319322543077
0.064001319322543077
0.064001319322543077
0.064001319322543077
0.064001319322543077
0.064001319322543077
0.064001319322543077
0.064001319322543077
0.064001319322543077
0.064001319322543077
0.064001319322543077
0.064001319322543077
0.064001319322543077
0.064001319322543077
0.064001319322543077
0.064001319322543077
0.064001319322543077
0.064001319322543077
0.064001319322543077
0.064001319322543077
0.064001319322543077
0.064001319322543077
0.064001319322543077
0.064001319322543077
0.064001319322543077
0.064001319322543077
0.064001319322543077
0.064001319322543077
0.064001319322543077
0.064001319322543077
0.064001319322543077
0.064001319322543077
0.064001319322543077
0.064001319322543077
0.064001319322543077
0.064001319322543077
0.064001319322543077
0.064001319322543077
0.064001319322543077
0.064001319322543077
0.064001319322543077
0.064001319322543077
0.064001319322543077
0.064001319322543077
0.064001319322543077
0.064001319322543077
0.064001319322543077
0.064001319322543077
0.064001319322543077
0.064001319322543077
0.064001319322543077
0.064001319322543077
0.064001319322543077
0.064001319322543077
0.064001319322543077
0.064001319322543077
0.064001319322543077
0.064001319322543077
0.064001319322543077
0.064001319322543077
0.064001319322543077
0.064001319322543077
0.064001319322543077
0.064001319322543077
0.064001319322543077
0.064001319322543077
0.064001319322543077
0.064001319322543077
0.064001319322543077
0.064001319322543077
0.064001319322543077
0.064001319322543077
0.064001319322543077
0.064001319322543077
0.064001319322543077
0.064001319322543077
0.064001319322543077
0.064001319322543077
0.064001319322543077
0.064001319322543077
0.064001319322543077
0.064001319322543077
0.064001319322543077
0.064001319322543077
0.064001319322543077
0.064001319322543077
0.064001319322543077
0.064001319322543077
0.064001319322543077
0.064001319322543077
0.064001319322543077
0.064001319322543077
0.064001319322543077
0.064001319322543077
0.064001319322543077
0.064001319322543077
0.064001319322543077
0.064001319322543077
0.064001319322543077
0.064001319322543077
0.064001319322543077
0.064001319322543077
0.064001319322543077
0.064001319322543077
0.064001319322543077
0.064001319322543077
0.064001319322543077
0.064001319322543077
0.064001319322543077
0.064001319322543077
0.064001319322543077
0.064001319322543077
0.064001319322543077
0.064001319322543077
0.064001319322543077
0.064001319322543077
0.064001319322543077
0.064001319322543077
0.064001319322543077
0.064001319322543077
0.064001319322543077
0.064001319322543077
0.064001319322543077
0.064001319322543077
0.064001319322543077
0.064001319322543077
0.064001319322543077
0.064001319322543077
0.064001319322543077
0.064001319322543077
0.064001319322543077
0.064001319322543077
0.064001319322543077
0.064001319322543077
0.064001319322543077
0.064001319322543077
0.064001319322543077
0.064001319322543077
0.064001319322543077
0.064001319322543077
0.064001319322543077
0.064001319322543077
0.064001319322543077
0.064001319322543077
0.064001319322543077
0.064001319322543077
0.064001319322543077
0.064001319322543077
0.064001319322543077
0.064001319322543077
0.064001319322543077
0.064001319322543077
0.064001319322543077
0.064001319322543077
0.064001319322543077
0.064001319322543077
0.064001319322543077
0.064001319322543077
0.064001319322543077
0.064001319322543077
0.064001319322543077
0.064001319322543077
0.064001319322543077
0.064001319322543077
0.064001319322543077
0.064001319322543077
0.064001319322543077
0.064001319322543077
0.064001319322543077
0.064001319322543077
0.064001319322543077
0.064001319322543077
0.064001319322543077
0.064001319322543077
0.064001319322543077
0.064001319322543077
0.064001319322543077
0.064001319322543077
0.064001319322543077
0.064001319322543077
0.064001319322543077
0.064001319322543077
0.064001319322543077
0.064001319322543077
0.064001319322543077
0.064001319322543077
0.064001319322543077
0.064001319322543077
0.064001319322543077
0.064001319322543077
0.064001319322543077
0.064001319322543077
0.064001319322543077
0.064001319322543077
0.064001319322543077
0.064001319322543077
0.064001319322543077
0.064001319322543077
0.064001319322543077
0.064001319322543077
0.064001319322543077
0.064001319322543077
0.064001319322543077
0.064001319322543077
0.064001319322543077
0.064001319322543077
0.064001319322543077
0.064001319322543077
0.064001319322543077
0.064001319322543077
0.064001319322543077
0.064001319322543077
0.064001319322543077
0.064001319322543077
0.064001319322543077
0.064001319322543077
0.064001319322543077
0.064001319322543077
0.064001319322543077
0.064001319322543077
0.064001319322543077
0.064001319322543077
0.064001319322543077
0.064001319322543077
0.064001319322543077
0.064001319322543077
0.064001319322543077
0.064001319322543077
0.064001319322543077
0.064001319322543077
0.064001319322543077
0.064001319322543077
0.064001319322543077
0.064001319322543077
0.064001319322543077
0.064001319322543077
0.064001319322543077
0.064001319322543077
0.064001319322543077
0.064001319322543077
0.064001319322543077
0.064001319322543077
0.064001319322543077
0.064001319322543077
0.064001319322543077
0.064001319322543077
0.064001319322543077
0.064001319322543077
0.064001319322543077
0.064001319322543077
0.064001319322543077
0.064001319322543077
0.064001319322543077
0.064001319322543077
0.064001319322543077
0.064001319322543077
0.064001319322543077
0.064001319322543077
0.064001319322543077
0.064001319322543077
0.064001319322543077
0.064001319322543077
0.064001319322543077
0.064001319322543077
0.064001319322543077
0.064001319322543077
0.064001319322543077
0.064001319322543077
0.064001319322543077
0.064001319322543077
0.064001319322543077
0.064001319322543077
0.064001319322543077
0.064001319322543077
0.064001319322543077
0.064001319322543077
0.064001319322543077
0.064001319322543077
0.064001319322543077
0.064001319322543077
0.064001319322543077
0.064001319322543077
0.064001319322543077
0.064001319322543077
0.064001319322543077
0.064001319322543077
0.064001319322543077
0.064001319322543077
0.064001319322543077
0.064001319322543077
0.064001319322543077
0.064001319322543077
0.064001319322543077
0.064001319322543077
0.064001319322543077
0.064001319322543077
0.064001319322543077
0.064001319322543077
0.064001319322543077
0.064001319322543077
0.064001319322543077
0.064001319322543077
0.064001319322543077
0.064001319322543077
0.064001319322543077
0.064001319322543077
0.064001319322543077
0.064001319322543077
0.064001319322543077
0.064001319322543077
0.064001319322543077
0.064001319322543077
0.064001319322543077
0.064001319322543077
0.064001319322543077
0.064001319322543077
0.064001319322543077
0.064001319322543077
0.064001319322543077
0.064001319322543077
0.064001319322543077
0.064001319322543077
0.064001319322543077
0.064001319322543077
0.064001319322543077
0.064001319322543077
0.064001319322543077
0.064001319322543077
0.064001319322543077
0.064001319322543077
0.064001319322543077
0.064001319322543077
0.064001319322543077
0.064001319322543077
0.064001319322543077
0.064001319322543077
0.064001319322543077
0.064001319322543077
0.064001319322543077
0.064001319322543077
0.064001319322543077
0.064001319322543077
0.064001319322543077
0.064001319322543077
0.064001319322543077
0.064001319322543077
0.064001319322543077
0.064001319322543077
0.064001319322543077
0.064001319322543077
0.064001319322543077
0.064001319322543077
0.064001319322543077
0.064001319322543077
0.064001319322543077
0.064001319322543077
0.064001319322543077
0.064001319322543077
0.064001319322543077
0.064001319322543077
0.064001319322543077
0.064001319322543077
0.064001319322543077
0.064001319322543077
0.064001319322543077
0.064001319322543077
0.064001319322543077
0.064001319322543077
0.064001319322543077
0.064001319322543077
0.064001319322543077
0.064001319322543077
0.064001319322543077
0.064001319322543077
0.064001319322543077
0.064001319322543077
0.064001319322543077
0.064001319322543077
0.064001319322543077
0.064001319322543077
0.064001319322543077
0.064001319322543077
0.064001319322543077
0.064001319322543077
0.064001319322543077
0.064001319322543077
0.064001319322543077
0.064001319322543077
0.064001319322543077
0.064001319322543077
0.064001319322543077
0.064001319322543077
0.064001319322543077
0.064001319322543077
0.064001319322543077
0.064001319322543077
0.064001319322543077
0.064001319322543077
0.064001319322543077
0.064001319322543077
0.064001319322543077
0.064001319322543077
0.064001319322543077
0.064001319322543077
0.064001319322543077
0.064001319322543077
0.064001319322543077
0.064001319322543077
0.064001319322543077
0.064001319322543077
0.064001319322543077
0.064001319322543077
0.064001319322543077
0.064001319322543077
0.064001319322543077
0.064001319322543077
0.064001319322543077
0.064001319322543077
0.064001319322543077
0.064001319322543077
0.064001319322543077
0.064001319322543077
0.064001319322543077
0.064001319322543077
0.064001319322543077
0.064001319322543077
0.064001319322543077
0.064001319322543077
0.064001319322543077
0.064001319322543077
0.064001319322543077
0.064001319322543077
0.064001319322543077
0.064001319322543077
0.064001319322543077
0.064001319322543077
0.064001319322543077
0.064001319322543077
0.064001319322543077
0.064001319322543077
0.064001319322543077
0.064001319322543077
0.064001319322543077
0.064001319322543077
0.064001319322543077
0.064001319322543077
0.064001319322543077
0.064001319322543077
0.064001319322543077
0.064001319322543077
0.064001319322543077
0.064001319322543077
0.064001319322543077
0.064001319322543077
0.064001319322543077
0.064001319322543077
0.064001319322543077
0.064001319322543077
0.064001319322543077
0.064001319322543077
0.064001319322543077
0.064001319322543077
0.064001319322543077
0.064001319322543077
0.064001319322543077
0.064001319322543077
0.064001319322543077
0.064001319322543077
0.064001319322543077
0.064001319322543077
0.064001319322543077
0.064001319322543077
0.064001319322543077
0.064001319322543077
0.064001319322543077
0.064001319322543077
0.064001319322543077
0.064001319322543077
0.064001319322543077
0.064001319322543077
0.064001319322543077
0.064001319322543077
0.064001319322543077
0.064001319322543077
0.064001319322543077
0.064001319322543077
0.064001319322543077
0.064001319322543077
0.064001319322543077
0.064001319322543077
0.064001319322543077
0.064001319322543077
0.064001319322543077
0.064001319322543077
0.064001319322543077
0.064001319322543077
0.064001319322543077
0.064001319322543077
0.064001319322543077
0.064001319322543077
0.064001319322543077
0.064001319322543077
0.064001319322543077
0.064001319322543077
0.064001319322543077
0.064001319322543077
0.064001319322543077
0.064001319322543077
0.064001319322543077
0.064001319322543077
0.064001319322543077
0.064001319322543077
0.064001319322543077
0.064001319322543077
0.064001319322543077
0.064001319322543077
0.064001319322543077
0.064001319322543077
0.064001319322543077
0.064001319322543077
0.064001319322543077
0.064001319322543077
0.064001319322543077
0.064001319322543077
0.064001319322543077
0.064001319322543077
0.064001319322543077
0.064001319322543077
0.064001319322543077
0.064001319322543077
0.064001319322543077
0.064001319322543077
0.064001319322543077
0.064001319322543077
0.064001319322543077
0.064001319322543077
0.064001319322543077
0.064001319322543077
0.064001319322543077
0.064001319322543077
0.064001319322543077
0.064001319322543077
0.064001319322543077
0.064001319322543077
0.064001319322543077
0.064001319322543077
0.064001319322543077
0.064001319322543077
0.064001319322543077
0.064001319322543077
0.064001319322543077
0.064001319322543077
0.064001319322543077
0.064001319322543077
0.064001319322543077
0.064001319322543077
0.064001319322543077
0.064001319322543077
0.064001319322543077
0.064001319322543077
0.064001319322543077
0.064001319322543077
0.064001319322543077
0.064001319322543077
0.064001319322543077
0.064001319322543077
0.064001319322543077
0.064001319322543077
0.064001319322543077
0.064001319322543077
0.064001319322543077
0.064001319322543077
0.064001319322543077
0.064001319322543077
0.064001319322543077
0.064001319322543077
0.064001319322543077
0.064001319322543077
0.064001319322543077
0.064001319322543077
0.064001319322543077
0.064001319322543077
0.064001319322543077
0.064001319322543077
0.064001319322543077
0.064001319322543077
0.064001319322543077
0.064001319322543077
0.064001319322543077
0.064001319322543077
0.064001319322543077
0.064001319322543077
0.064001319322543077
0.064001319322543077
0.064001319322543077
0.064001319322543077
0.064001319322543077
0.064001319322543077
0.064001319322543077
0.064001319322543077
0.064001319322543077
0.064001319322543077
0.064001319322543077
0.064001319322543077
0.064001319322543077
0.064001319322543077
0.064001319322543077
0.064001319322543077
0.064001319322543077
0.064001319322543077
0.064001319322543077
0.064001319322543077
0.064001319322543077
0.064001319322543077
0.064001319322543077
0.064001319322543077
0.064001319322543077
0.064001319322543077
0.064001319322543077
0.064001319322543077
0.064001319322543077
0.064001319322543077
0.064001319322543077
0.064001319322543077
0.064001319322543077
0.064001319322543077
0.064001319322543077
0.064001319322543077
0.064001319322543077
0.064001319322543077
0.064001319322543077
0.064001319322543077
0.064001319322543077
0.064001319322543077
0.064001319322543077
0.064001319322543077
0.064001319322543077
0.064001319322543077
0.064001319322543077
0.064001319322543077
0.064001319322543077
0.064001319322543077
0.064001319322543077
0.064001319322543077
0.064001319322543077
0.064001319322543077
0.064001319322543077
0.064001319322543077
0.064001319322543077
0.064001319322543077
0.064001319322543077
0.064001319322543077
0.064001319322543077
0.064001319322543077
0.064001319322543077
0.064001319322543077
0.064001319322543077
0.064001319322543077
0.064001319322543077
0.064001319322543077
0.064001319322543077
0.064001319322543077
0.064001319322543077
0.064001319322543077
0.064001319322543077
0.064001319322543077
0.064001319322543077
0.064001319322543077
0.064001319322543077
0.064001319322543077
0.064001319322543077
0.064001319322543077
0.064001319322543077
0.064001319322543077
0.064001319322543077
0.064001319322543077
0.064001319322543077
0.064001319322543077
0.064001319322543077
0.064001319322543077
0.064001319322543077
0.064001319322543077
0.064001319322543077
0.064001319322543077
0.064001319322543077
0.064001319322543077
0.064001319322543077
0.064001319322543077
0.064001319322543077
0.064001319322543077
0.064001319322543077
0.064001319322543077
0.064001319322543077
0.064001319322543077
0.064001319322543077
0.064001319322543077
0.064001319322543077
0.064001319322543077
0.064001319322543077
0.064001319322543077
0.064001319322543077
0.064001319322543077
0.064001319322543077
0.064001319322543077
0.064001319322543077
0.064001319322543077
0.064001319322543077
0.064001319322543077
0.064001319322543077
0.064001319322543077
0.064001319322543077
0.064001319322543077
0.064001319322543077
0.064001319322543077
0.064001319322543077
0.064001319322543077
0.064001319322543077
0.064001319322543077
0.064001319322543077
0.064001319322543077
0.064001319322543077
0.064001319322543077
0.064001319322543077
0.064001319322543077
0.064001319322543077
0.064001319322543077
0.064001319322543077
0.064001319322543077
0.064001319322543077
0.064001319322543077
0.064001319322543077
0.064001319322543077
0.064001319322543077
0.064001319322543077
0.064001319322543077
0.064001319322543077
0.064001319322543077
0.064001319322543077
0.064001319322543077
0.064001319322543077
0.064001319322543077
0.064001319322543077
0.064001319322543077
0.064001319322543077
0.064001319322543077
0.064001319322543077
0.064001319322543077
0.064001319322543077
0.064001319322543077
0.064001319322543077
0.064001319322543077
0.064001319322543077
0.064001319322543077
0.064001319322543077
0.064001319322543077
0.064001319322543077
0.064001319322543077
0.064001319322543077
0.064001319322543077
0.064001319322543077
0.064001319322543077
0.064001319322543077
0.064001319322543077
0.064001319322543077
0.064001319322543077
0.064001319322543077
0.064001319322543077
0.064001319322543077
0.064001319322543077
0.064001319322543077
0.064001319322543077
0.064001319322543077
0.064001319322543077
0.064001319322543077
0.064001319322543077
0.064001319322543077
0.064001319322543077
0.064001319322543077
0.064001319322543077
0.064001319322543077
0.064001319322543077
0.064001319322543077
0.064001319322543077
0.064001319322543077
0.064001319322543077
0.064001319322543077
0.064001319322543077
0.064001319322543077
0.064001319322543077
0.064001319322543077
0.064001319322543077
0.064001319322543077
0.064001319322543077
0.064001319322543077
0.064001319322543077
0.064001319322543077
0.064001319322543077
0.064001319322543077
0.064001319322543077
0.064001319322543077
0.064001319322543077
0.064001319322543077
0.064001319322543077
0.064001319322543077
0.064001319322543077
0.064001319322543077
0.064001319322543077
0.064001319322543077
0.064001319322543077
0.064001319322543077
0.064001319322543077
0.064001319322543077
0.064001319322543077
0.064001319322543077
0.064001319322543077
0.064001319322543077
0.064001319322543077
0.064001319322543077
0.064001319322543077
0.064001319322543077
0.064001319322543077
0.064001319322543077
0.064001319322543077
0.064001319322543077
0.064001319322543077
0.064001319322543077
0.064001319322543077
0.064001319322543077
0.064001319322543077
0.064001319322543077
0.064001319322543077
0.064001319322543077
0.064001319322543077
0.064001319322543077
0.064001319322543077
0.064001319322543077
0.064001319322543077
0.064001319322543077
0.064001319322543077
0.064001319322543077
0.064001319322543077
0.064001319322543077
0.064001319322543077
0.064001319322543077
0.064001319322543077
0.064001319322543077
0.064001319322543077
0.064001319322543077
0.064001319322543077
0.064001319322543077
0.064001319322543077
0.064001319322543077
0.064001319322543077
0.064001319322543077
0.064001319322543077
0.064001319322543077
0.064001319322543077
0.064001319322543077
0.064001319322543077
0.064001319322543077
0.064001319322543077
0.064001319322543077
0.064001319322543077
0.064001319322543077
0.064001319322543077
0.064001319322543077
0.064001319322543077
0.064001319322543077
0.064001319322543077
0.064001319322543077
0.064001319322543077
0.064001319322543077
0.064001319322543077
0.064001319322543077
0.064001319322543077
0.064001319322543077
0.064001319322543077
0.064001319322543077
0.064001319322543077
0.064001319322543077
0.064001319322543077
0.064001319322543077
0.064001319322543077
0.064001319322543077
0.064001319322543077
0.064001319322543077
0.064001319322543077
0.064001319322543077
0.064001319322543077
0.064001319322543077
0.064001319322543077
0.064001319322543077
0.064001319322543077
0.064001319322543077
0.064001319322543077
0.064001319322543077
0.064001319322543077
0.064001319322543077
0.064001319322543077
0.064001319322543077
0.064001319322543077
0.064001319322543077
0.064001319322543077
0.064001319322543077
0.064001319322543077
0.064001319322543077
0.064001319322543077
0.064001319322543077
0.064001319322543077
0.064001319322543077
0.064001319322543077
0.064001319322543077
0.064001319322543077
0.064001319322543077
0.064001319322543077
0.064001319322543077
0.064001319322543077
0.064001319322543077
0.064001319322543077
0.064001319322543077
0.064001319322543077
0.064001319322543077
0.064001319322543077
0.064001319322543077
0.064001319322543077
0.064001319322543077
0.064001319322543077
0.064001319322543077
0.064001319322543077
0.064001319322543077
0.064001319322543077
0.064001319322543077
0.064001319322543077
0.064001319322543077
0.064001319322543077
0.064001319322543077
0.064001319322543077
0.064001319322543077
0.064001319322543077
0.064001319322543077
0.064001319322543077
0.064001319322543077
0.064001319322543077
0.064001319322543077
0.064001319322543077
0.064001319322543077
0.064001319322543077
0.064001319322543077
0.064001319322543077
0.064001319322543077
0.064001319322543077
0.064001319322543077
0.064001319322543077
0.064001319322543077
0.064001319322543077
0.064001319322543077
0.064001319322543077
0.064001319322543077
0.064001319322543077
0.064001319322543077
0.064001319322543077
0.064001319322543077
0.064001319322543077
0.064001319322543077
0.064001319322543077
0.064001319322543077
0.064001319322543077
0.064001319322543077
0.064001319322543077
0.064001319322543077
0.064001319322543077
0.064001319322543077
0.064001319322543077
0.064001319322543077
0.064001319322543077
0.064001319322543077
0.064001319322543077
0.064001319322543077
0.064001319322543077
0.064001319322543077
0.064001319322543077
0.064001319322543077
0.064001319322543077
0.064001319322543077
0.064001319322543077
0.064001319322543077
0.064001319322543077
0.064001319322543077
0.064001319322543077
0.064001319322543077
0.064001319322543077
0.064001319322543077
0.064001319322543077
0.064001319322543077
0.064001319322543077
0.064001319322543077
0.064001319322543077
0.064001319322543077
0.064001319322543077
0.064001319322543077
0.064001319322543077
0.064001319322543077
0.064001319322543077
0.064001319322543077
0.064001319322543077
0.064001319322543077
0.064001319322543077
0.064001319322543077
0.064001319322543077
0.064001319322543077
0.064001319322543077
0.064001319322543077
0.064001319322543077
0.064001319322543077
0.064001319322543077
0.064001319322543077
0.064001319322543077
0.064001319322543077
0.064001319322543077
0.064001319322543077
0.064001319322543077
0.064001319322543077
0.064001319322543077
0.064001319322543077
0.064001319322543077
0.064001319322543077
0.064001319322543077
0.064001319322543077
0.064001319322543077
0.064001319322543077
0.064001319322543077
0.064001319322543077
0.064001319322543077
0.064001319322543077
0.064001319322543077
0.064001319322543077
0.064001319322543077
0.064001319322543077
0.064001319322543077
0.064001319322543077
0.064001319322543077
0.064001319322543077
0.064001319322543077
0.064001319322543077
0.064001319322543077
0.064001319322543077
0.064001319322543077
0.064001319322543077
0.064001319322543077
0.064001319322543077
0.064001319322543077
0.064001319322543077
0.064001319322543077
0.064001319322543077
0.064001319322543077
0.064001319322543077
0.064001319322543077
0.064001319322543077
0.064001319322543077
0.064001319322543077
0.064001319322543077
0.064001319322543077
0.064001319322543077
0.064001319322543077
0.064001319322543077
0.064001319322543077
0.064001319322543077
0.064001319322543077
0.064001319322543077
0.064001319322543077
0.064001319322543077
0.064001319322543077
0.064001319322543077
0.064001319322543077
0.064001319322543077
0.064001319322543077
0.064001319322543077
0.064001319322543077
0.064001319322543077
0.064001319322543077
0.064001319322543077
0.064001319322543077
0.064001319322543077
0.064001319322543077
0.064001319322543077
0.064001319322543077
0.064001319322543077
0.064001319322543077
0.064001319322543077
0.064001319322543077
0.064001319322543077
0.064001319322543077
0.064001319322543077
0.064001319322543077
0.064001319322543077
0.064001319322543077
0.064001319322543077
0.064001319322543077
0.064001319322543077
0.064001319322543077
0.064001319322543077
0.064001319322543077
0.064001319322543077
0.064001319322543077
0.064001319322543077
0.064001319322543077
0.064001319322543077
0.064001319322543077
0.064001319322543077
0.064001319322543077
0.064001319322543077
0.064001319322543077
0.064001319322543077
0.064001319322543077
0.064001319322543077
0.064001319322543077
0.064001319322543077
0.064001319322543077
0.064001319322543077
0.064001319322543077
0.064001319322543077
0.064001319322543077
0.064001319322543077
0.064001319322543077
0.064001319322543077
0.064001319322543077
0.064001319322543077
0.064001319322543077
0.064001319322543077
0.064001319322543077
0.064001319322543077
0.064001319322543077
0.064001319322543077
0.064001319322543077
0.064001319322543077
0.064001319322543077
0.064001319322543077
0.064001319322543077
0.064001319322543077
0.064001319322543077
0.064001319322543077
0.064001319322543077
0.064001319322543077
0.064001319322543077
0.064001319322543077
0.064001319322543077
0.064001319322543077
0.064001319322543077
0.064001319322543077
0.064001319322543077
0.064001319322543077
0.064001319322543077
0.064001319322543077
0.064001319322543077
0.064001319322543077
0.064001319322543077
0.064001319322543077
0.064001319322543077
0.064001319322543077
0.064001319322543077
0.064001319322543077
0.064001319322543077
0.064001319322543077
0.064001319322543077
0.064001319322543077
0.064001319322543077
0.064001319322543077
0.064001319322543077
0.064001319322543077
0.064001319322543077
0.064001319322543077
0.064001319322543077
0.064001319322543077
0.064001319322543077
0.064001319322543077
0.064001319322543077
0.064001319322543077
0.064001319322543077
0.064001319322543077
0.064001319322543077
0.064001319322543077
0.064001319322543077
0.064001319322543077
0.064001319322543077
0.064001319322543077
0.064001319322543077
0.064001319322543077
0.064001319322543077
0.064001319322543077
0.064001319322543077
0.064001319322543077
0.064001319322543077
0.064001319322543077
0.064001319322543077
0.064001319322543077
0.064001319322543077
0.064001319322543077
0.064001319322543077
0.064001319322543077
0.064001319322543077
0.064001319322543077
0.064001319322543077
0.064001319322543077
0.064001319322543077
0.064001319322543077
0.064001319322543077
0.064001319322543077
0.064001319322543077
0.064001319322543077
0.064001319322543077
0.064001319322543077
0.064001319322543077
0.064001319322543077
0.064001319322543077
0.064001319322543077
0.064001319322543077
0.064001319322543077
0.064001319322543077
0.064001319322543077
0.064001319322543077
0.064001319322543077
0.064001319322543077
0.064001319322543077
0.064001319322543077
0.064001319322543077
0.064001319322543077
0.064001319322543077
0.064001319322543077
0.064001319322543077
0.064001319322543077
0.064001319322543077
0.064001319322543077
0.064001319322543077
0.064001319322543077
0.064001319322543077
0.064001319322543077
0.064001319322543077
0.064001319322543077
0.064001319322543077
0.064001319322543077
0.064001319322543077
0.064001319322543077
0.064001319322543077
0.064001319322543077
0.064001319322543077
0.064001319322543077
0.064001319322543077
0.064001319322543077
0.064001319322543077
0.064001319322543077
0.064001319322543077
0.064001319322543077
0.064001319322543077
0.064001319322543077
0.064001319322543077
0.064001319322543077
0.064001319322543077
0.064001319322543077
0.064001319322543077
0.064001319322543077
0.064001319322543077
0.064001319322543077
0.064001319322543077
0.064001319322543077
0.064001319322543077
0.064001319322543077
0.064001319322543077
0.064001319322543077
0.064001319322543077
0.064001319322543077
0.064001319322543077
0.064001319322543077
0.064001319322543077
0.064001319322543077
0.064001319322543077
0.064001319322543077
0.064001319322543077
0.064001319322543077
0.064001319322543077
0.064001319322543077
0.064001319322543077
0.064001319322543077
0.064001319322543077
0.064001319322543077
0.064001319322543077
0.064001319322543077
0.064001319322543077
0.064001319322543077
0.064001319322543077
0.064001319322543077
0.064001319322543077
0.064001319322543077
0.064001319322543077
0.064001319322543077
0.064001319322543077
0.064001319322543077
0.064001319322543077
0.064001319322543077
0.064001319322543077
0.064001319322543077
0.064001319322543077
0.064001319322543077
0.064001319322543077
0.064001319322543077
0.064001319322543077
0.064001319322543077
0.064001319322543077
0.064001319322543077
0.064001319322543077
0.064001319322543077
0.064001319322543077
0.064001319322543077
0.064001319322543077
0.064001319322543077
0.064001319322543077
0.064001319322543077
0.064001319322543077
0.064001319322543077
0.064001319322543077
0.064001319322543077
0.064001319322543077
0.064001319322543077
0.064001319322543077
0.064001319322543077
0.064001319322543077
0.064001319322543077
0.064001319322543077
0.064001319322543077
0.064001319322543077
0.064001319322543077
0.064001319322543077
0.064001319322543077
0.064001319322543077
0.064001319322543077
0.064001319322543077
0.064001319322543077
0.064001319322543077
0.064001319322543077
0.064001319322543077
0.064001319322543077
0.064001319322543077
0.064001319322543077
0.064001319322543077
0.064001319322543077
0.064001319322543077
0.064001319322543077
0.064001319322543077
0.064001319322543077
0.064001319322543077
0.064001319322543077
0.064001319322543077
0.064001319322543077
0.064001319322543077
0.064001319322543077
0.064001319322543077
0.064001319322543077
0.064001319322543077
0.064001319322543077
0.064001319322543077
0.064001319322543077
0.064001319322543077
0.064001319322543077
0.064001319322543077
0.064001319322543077
0.064001319322543077
0.064001319322543077
0.064001319322543077
0.064001319322543077
0.064001319322543077
0.064001319322543077
0.064001319322543077
0.064001319322543077
0.064001319322543077
0.064001319322543077
0.064001319322543077
0.064001319322543077
0.064001319322543077
0.064001319322543077
0.064001319322543077
0.064001319322543077
0.064001319322543077
0.064001319322543077
0.064001319322543077
0.064001319322543077
0.064001319322543077
0.064001319322543077
0.064001319322543077
0.064001319322543077
0.064001319322543077
0.064001319322543077
0.064001319322543077
0.064001319322543077
0.064001319322543077
0.064001319322543077
0.064001319322543077
0.064001319322543077
0.064001319322543077
0.064001319322543077
0.064001319322543077
0.064001319322543077
0.064001319322543077
0.064001319322543077
0.064001319322543077
0.064001319322543077
0.064001319322543077
0.064001319322543077
0.064001319322543077
0.064001319322543077
0.064001319322543077
0.064001319322543077
0.064001319322543077
0.064001319322543077
0.064001319322543077
0.064001319322543077
0.064001319322543077
0.064001319322543077
0.064001319322543077
0.064001319322543077
0.064001319322543077
0.064001319322543077
0.064001319322543077
0.064001319322543077
0.064001319322543077
0.064001319322543077
0.064001319322543077
0.064001319322543077
0.064001319322543077
0.064001319322543077
0.064001319322543077
0.064001319322543077
0.064001319322543077
0.064001319322543077
0.064001319322543077
0.064001319322543077
0.064001319322543077
0.064001319322543077
0.064001319322543077
0.064001319322543077
0.064001319322543077
0.064001319322543077
0.064001319322543077
0.064001319322543077
0.064001319322543077
0.064001319322543077
0.064001319322543077
0.064001319322543077
0.064001319322543077
0.064001319322543077
0.064001319322543077
0.064001319322543077
0.064001319322543077
0.064001319322543077
0.064001319322543077
0.064001319322543077
0.064001319322543077
0.064001319322543077
0.064001319322543077
0.064001319322543077
0.064001319322543077
0.064001319322543077
0.064001319322543077
0.064001319322543077
0.064001319322543077
0.064001319322543077
0.064001319322543077
0.064001319322543077
0.064001319322543077
0.064001319322543077
0.064001319322543077
0.064001319322543077
0.064001319322543077
0.064001319322543077
0.064001319322543077
0.064001319322543077
0.064001319322543077
0.064001319322543077
0.064001319322543077
0.064001319322543077
0.064001319322543077
0.064001319322543077
0.064001319322543077
0.064001319322543077
0.064001319322543077
0.064001319322543077
0.064001319322543077
0.064001319322543077
0.064001319322543077
0.064001319322543077
0.064001319322543077
0.064001319322543077
0.064001319322543077
0.064001319322543077
0.064001319322543077
0.064001319322543077
0.064001319322543077
0.064001319322543077
0.064001319322543077
0.064001319322543077
0.064001319322543077
0.064001319322543077
0.064001319322543077
0.064001319322543077
0.064001319322543077
0.064001319322543077
0.064001319322543077
0.064001319322543077
0.064001319322543077
0.064001319322543077
0.064001319322543077
0.064001319322543077
0.064001319322543077
0.064001319322543077
0.064001319322543077
0.064001319322543077
0.064001319322543077
0.064001319322543077
0.064001319322543077
0.064001319322543077
0.064001319322543077
0.064001319322543077
0.064001319322543077
0.064001319322543077
0.064001319322543077
0.064001319322543077
0.064001319322543077
0.064001319322543077
0.064001319322543077
0.064001319322543077
0.064001319322543077
0.064001319322543077
0.064001319322543077
0.064001319322543077
0.064001319322543077
0.064001319322543077
0.064001319322543077
0.064001319322543077
0.064001319322543077
0.064001319322543077
0.064001319322543077
0.064001319322543077
0.064001319322543077
0.064001319322543077
0.064001319322543077
0.064001319322543077
0.064001319322543077
0.064001319322543077
0.064001319322543077
0.064001319322543077
0.064001319322543077
0.064001319322543077
0.064001319322543077
0.064001319322543077
0.064001319322543077
0.064001319322543077
0.064001319322543077
0.064001319322543077
0.064001319322543077
0.064001319322543077
0.064001319322543077
0.064001319322543077
0.064001319322543077
0.064001319322543077
0.064001319322543077
0.064001319322543077
0.064001319322543077
0.064001319322543077
0.064001319322543077
0.064001319322543077
0.064001319322543077
0.064001319322543077
0.064001319322543077
0.064001319322543077
0.064001319322543077
0.064001319322543077
0.064001319322543077
0.064001319322543077
0.064001319322543077
0.064001319322543077
0.064001319322543077
0.064001319322543077
0.064001319322543077
0.064001319322543077
0.064001319322543077
0.064001319322543077
0.064001319322543077
0.064001319322543077
0.064001319322543077
0.064001319322543077
0.064001319322543077
0.064001319322543077
0.064001319322543077
0.064001319322543077
0.064001319322543077
0.064001319322543077
0.064001319322543077
0.064001319322543077
0.064001319322543077
0.064001319322543077
0.064001319322543077
0.064001319322543077
0.064001319322543077
0.064001319322543077
0.064001319322543077
0.064001319322543077
0.064001319322543077
0.064001319322543077
0.064001319322543077
0.064001319322543077
0.064001319322543077
0.064001319322543077
0.064001319322543077
0.064001319322543077
0.064001319322543077
0.064001319322543077
0.064001319322543077
0.064001319322543077
0.064001319322543077
0.064001319322543077
0.064001319322543077
0.064001319322543077
0.064001319322543077
0.064001319322543077
0.064001319322543077
0.064001319322543077
0.064001319322543077
0.064001319322543077
0.064001319322543077
0.064001319322543077
0.064001319322543077
0.064001319322543077
0.064001319322543077
0.064001319322543077
0.064001319322543077
0.064001319322543077
0.064001319322543077
0.064001319322543077
0.064001319322543077
0.064001319322543077
0.064001319322543077
0.064001319322543077
0.064001319322543077
0.064001319322543077
0.064001319322543077
0.064001319322543077
0.064001319322543077
0.064001319322543077
0.064001319322543077
0.064001319322543077
0.064001319322543077
0.064001319322543077
0.064001319322543077
0.064001319322543077
0.064001319322543077
0.064001319322543077
0.064001319322543077
0.064001319322543077
0.064001319322543077
0.064001319322543077
0.064001319322543077
0.064001319322543077
0.064001319322543077
0.064001319322543077
0.064001319322543077
0.064001319322543077
0.064001319322543077
0.064001319322543077
0.064001319322543077
0.064001319322543077
0.064001319322543077
0.064001319322543077
0.064001319322543077
0.064001319322543077
0.064001319322543077
0.064001319322543077
0.064001319322543077
0.064001319322543077
0.064001319322543077
0.064001319322543077
0.064001319322543077
0.064001319322543077
0.064001319322543077
0.064001319322543077
0.064001319322543077
0.064001319322543077
0.064001319322543077
0.064001319322543077
0.064001319322543077
0.064001319322543077
0.064001319322543077
0.064001319322543077
0.064001319322543077
0.064001319322543077
0.064001319322543077
0.064001319322543077
0.064001319322543077
0.064001319322543077
0.064001319322543077
0.064001319322543077
0.064001319322543077
0.064001319322543077
0.064001319322543077
0.064001319322543077
0.064001319322543077
0.064001319322543077
0.064001319322543077
0.064001319322543077
0.064001319322543077
0.064001319322543077
0.064001319322543077
0.064001319322543077
0.064001319322543077
0.064001319322543077
0.064001319322543077
0.064001319322543077
0.064001319322543077
0.064001319322543077
0.064001319322543077
0.064001319322543077
0.064001319322543077
0.064001319322543077
0.064001319322543077
0.064001319322543077
0.064001319322543077
0.064001319322543077
0.064001319322543077
0.064001319322543077
0.064001319322543077
0.064001319322543077
0.064001319322543077
0.064001319322543077
0.064001319322543077
0.064001319322543077
0.064001319322543077
0.064001319322543077
0.064001319322543077
0.064001319322543077
0.064001319322543077
0.064001319322543077
0.064001319322543077
0.064001319322543077
0.064001319322543077
0.064001319322543077
0.064001319322543077
0.064001319322543077
0.064001319322543077
0.064001319322543077
0.064001319322543077
0.064001319322543077
0.064001319322543077
0.064001319322543077
0.064001319322543077
0.064001319322543077
0.064001319322543077
0.064001319322543077
0.064001319322543077
0.064001319322543077
0.064001319322543077
0.064001319322543077
0.064001319322543077
0.064001319322543077
0.064001319322543077
0.064001319322543077
0.064001319322543077
0.064001319322543077
0.064001319322543077
0.064001319322543077
0.064001319322543077
0.064001319322543077
0.064001319322543077
0.064001319322543077
0.064001319322543077
0.064001319322543077
0.064001319322543077
0.064001319322543077
0.064001319322543077
0.064001319322543077
0.064001319322543077
0.064001319322543077
0.064001319322543077
0.064001319322543077
0.064001319322543077
0.064001319322543077
0.064001319322543077
0.064001319322543077
0.064001319322543077
0.064001319322543077
0.064001319322543077
0.064001319322543077
0.064001319322543077
0.064001319322543077
0.064001319322543077
0.064001319322543077
0.064001319322543077
0.064001319322543077
0.064001319322543077
0.064001319322543077
0.064001319322543077
0.064001319322543077
0.064001319322543077
0.064001319322543077
0.064001319322543077
0.064001319322543077
0.064001319322543077
0.064001319322543077
0.064001319322543077
0.064001319322543077
0.064001319322543077
0.064001319322543077
0.064001319322543077
0.064001319322543077
0.064001319322543077
0.064001319322543077
0.064001319322543077
0.064001319322543077
0.064001319322543077
0.064001319322543077
0.064001319322543077
0.064001319322543077
0.064001319322543077
0.064001319322543077
0.064001319322543077
0.064001319322543077
0.064001319322543077
0.064001319322543077
0.064001319322543077
0.064001319322543077
0.064001319322543077
0.064001319322543077
0.064001319322543077
0.064001319322543077
0.064001319322543077
0.064001319322543077
0.064001319322543077
0.064001319322543077
0.064001319322543077
0.064001319322543077
0.064001319322543077
0.064001319322543077
0.064001319322543077
0.064001319322543077
0.064001319322543077
0.064001319322543077
0.064001319322543077
0.064001319322543077
0.064001319322543077
0.064001319322543077
0.064001319322543077
0.064001319322543077
0.064001319322543077
0.064001319322543077
0.064001319322543077
0.064001319322543077
0.064001319322543077
0.064001319322543077
0.064001319322543077
0.064001319322543077
0.064001319322543077
0.064001319322543077
0.064001319322543077
0.064001319322543077
0.064001319322543077
0.064001319322543077
0.064001319322543077
0.064001319322543077
0.064001319322543077
0.064001319322543077
0.064001319322543077
0.064001319322543077
0.064001319322543077
0.064001319322543077
0.064001319322543077
0.064001319322543077
0.064001319322543077
0.064001319322543077
0.064001319322543077
0.064001319322543077
0.064001319322543077
0.064001319322543077
0.064001319322543077
0.064001319322543077
0.064001319322543077
0.064001319322543077
0.064001319322543077
0.064001319322543077
0.064001319322543077
0.064001319322543077
0.064001319322543077
0.064001319322543077
0.064001319322543077
0.064001319322543077
0.064001319322543077
0.064001319322543077
0.064001319322543077
0.064001319322543077
0.064001319322543077
0.064001319322543077
0.064001319322543077
0.064001319322543077
0.064001319322543077
0.064001319322543077
0.064001319322543077
0.064001319322543077
0.064001319322543077
0.064001319322543077
0.064001319322543077
0.064001319322543077
0.064001319322543077
0.064001319322543077
0.064001319322543077
0.064001319322543077
0.064001319322543077
0.064001319322543077
0.064001319322543077
0.064001319322543077
0.064001319322543077
0.064001319322543077
0.064001319322543077
0.064001319322543077
0.064001319322543077
0.064001319322543077
0.064001319322543077
0.064001319322543077
0.064001319322543077
0.064001319322543077
0.064001319322543077
0.064001319322543077
0.064001319322543077
VECTORS v float
0 -7.4607981503767782 0
0 -7.4605583288891939 0
0 -7.4607252243043076 0
0 -7.4604971829092035 0
0 -7.4606896328731702 0
0 -7.460465247675482 0
0 -7.4606701356112373 0
0 -7.4604461493198988 0
0 -7.4602349699060015 0
0 -7.4597530253760427 0
0 -7.4590899318264139 0
0 -7.4601790997602926 0
0 -7.4597045566045024 0
0 -7.4590554202151411 0
0 -7.4582946925629754 0
0 -7.4574417299632358 0
0 -7.4565926939499461 0
0 -7.4582792468058647 0
0 -7.457447216416436 0
0 -7.4566186549088602 0
0 -7.4601485421948466 0
0 -7.4596764188880025 0
0 -7.459032765474201 0
0 -7.4601293624117009 0
0 -7.4596572457363504 0
0 -7.4590153135378969 0
0 -7.4582656793128583 0
0 -7.4574444432612799 0
0 -7.4566269751008569 0
0 -7.4582528402060504 0
0 -7.4574379297246596 0
0 -7.4566276028988572 0
0 -7.455807123588067 0
0 -7.4551537988785226 0
0 -7.4546776731443334 0
0 -7.4558512396229801 0
0 -7.4552115900174458 0
0 -7.4547433850558233 0
0 -7.4543558934044842 0
0 -7.4541129318154402 0
0 -7.4544276997529995 0
0 -7.4541984883787151 0
0 -7.455869962941148 0
0 -7.4552388807391141 0
0 -7.4547767050926756 0
0 -7.4558779471274779 0
0 -7.455253768683912 0
0 -7.4547971358686826 0
0 -7.4544653229777484 0
0 -7.4542410359955689 0
0 -7.4544888779912775 0
0 -7.4542658390481185 0
0 -7.4606576621998881 0
0 -7.4606493694867195 0
0 -7.4604335013822585 0
0 -7.4604252240980893 0
0 -7.4606509386564683 0
0 -7.4604261193292523 0
0 -7.4606726042880913 0
0 -7.4604439768679427 0
0 -7.4607340442352825 0
0 -7.4604938298389509 0
0 -7.4601164317521462 0
0 -7.4596443014800276 0
0 -7.4601082745124403 0
0 -7.4596373270509613 0
0 -7.4590039631366274 0
0 -7.4589994931638435 0
0 -7.4601091471368708 0
0 -7.4596394885742354 0
0 -7.459004139552639 0
0 -7.4582450373894362 0
0 -7.4582442988965063 0
0 -7.4574350989176743 0
0 -7.4566305993729802 0
0 -7.457439059685707 0
0 -7.4566397126575925 0
0 -7.4582514608783814 0
0 -7.4574488888921717 0
0 -7.4566521544072906 0
0 -7.4601255541523308 0
0 -7.4596551336761872 0
0 -7.459018966637383 0
0 -7.4601704304259648 0
0 -7.4596948332488857 0
0 -7.459050443545272 0
0 -7.4582644989456721 0
0 -7.4574596410565599 0
0 -7.4566601996590887 0
0 -7.4582853652495977 0
0 -7.4574687729157088 0
0 -7.4566569669866913 0
0 -7.455887052932991 0
0 -7.4559011952469811 0
0 -7.455268747395194 0
0 -7.4548164632944012 0
0 -7.4552872884707098 0
0 -7.4548377159782815 0
0 -7.4559158982339655 0
0 -7.455303727000735 0
0 -7.4548542262549171 0
0 -7.4545105971793619 0
0 -7.4545327671192698 0
0 -7.4542871474317094 0
0 -7.4543092972316352 0
0 -7.45454829389565 0
0 -7.4543246557577643 0
0 -7.4559211146012565 0
0 -7.455306374681518 0
0 -7.4548543490757773 0
0 -7.4559058090979615 0
0 -7.4552811284015172 0
0 -7.4548223193589971 0
0 -7.4545462679635399 0
0 -7.454318436014888 0
0 -7.4545076153708481 0
0 -7.4542667260518218 0
0 -7.460722640744021 0
0 -7.4604942045905887 0
0 -7.4606617035554548 0
0 -7.4604426693472128 0
0 -7.4606302239744444 0
0 -7.4604146518890309 0
0 -7.4606117289242304 0
0 -7.4603971475725075 0
0 -7.460174992200125 0
0 -7.4596982910511276 0
0 -7.4590460718605565 0
0 -7.4601295487663304 0
0 -7.4596629159782974 0
0 -7.4590276668590434 0
0 -7.4582663163364868 0
0 -7.457430564060445 0
0 -7.4565990366028645 0
0 -7.4582690321798086 0
0 -7.4574552188092831 0
0 -7.4566440059084025 0
0 -7.4601041677442623 0
0 -7.4596423591464918 0
0 -7.4590154282176657 0
0 -7.4600877779438912 0
0 -7.4596280994233304 0
0 -7.4590054572188444 0
0 -7.4582681870379295 0
0 -7.4574668165221789 0
0 -7.4566674884563851 0
0 -7.4582650855926227 0
0 -7.4574717845415339 0
0 -7.4566806448718985 0
0 -7.4606844985656879 0
0 -7.4604598120398578 0
0 -7.460627591797321 0
0 -7.4604120505147655 0
0 -7.4605976267975143 0
0 -7.4603857053834215 0
0 -7.4605796879615722 0
0 -7.4603690061744325 0
0 -7.4601423289867457 0
0 -7.4596685502404947 0
0 -7.4590221303195037 0
0 -7.4601016113477536 0
0 -7.4596396614255944 0
0 -7.4590121711930495 0
0 -7.4582512620715962 0
0 -7.4574255332564867 0
0 -7.4566040639325548 0
0 -7.4582638255489737 0
0 -7.4574608913415581 0
0 -7.45665994779249 0
0 -7.4600786500751015 0
0 -7.4596227870189935 0
0 -7.4590051050145165 0
0 -7.4600636712326756 0
0 -7.4596109695068575 0
0 -7.4589988800056464 0
0 -7.4582694078546403 0
0 -7.4574798557143112 0
0 -7.4566913249954085 0
0 -7.458271213046979 0
0 -7.4574906685579352 0
0 -7.4567109195006367 0
0 -7.4558305266310425 0
0 -7.4551923691252249 0
0 -7.4547268133973548 0
0 -7.4558919530851302 0
0 -7.4552636591480157 0
0 -7.4548013700132296 0
0 -7.454413182671388 0
0 -7.4541829830705 0
0 -7.4544897326740402 0
0 -7.4542700187145554 0
0 -7.4559253978556237 0
0 -7.455303576681132 0
0 -7.4548445154006728 0
0 -7.4559458644100625 0
0 -7.4553294772805927 0
0 -7.4548738197823665 0
0 -7.4545344151451456 0
0 -7.454318141168752 0
0 -7.4545657484161438 0
0 -7.4543508513452128 0
0 -7.4558450097627116 0
0 -7.4552147950220373 0
0 -7.4547549110888207 0
0 -7.4559167325651163 0
0 -7.4552946273160723 0
0 -7.4548357906410354 0
0 -7.4544445880342929 0
0 -7.4542188297166856 0
0 -7.4545259041648233 0
0 -7.4543094410668322 0
0 -7.4559580125824487 0
0 -7.4553415158610798 0
0 -7.454884516809293 0
0 -7.4559850044618194 0
0 -7.4553734122376634 0
0 -7.4549187973864415 0
0 -7.4545749182933854 0
0 -7.4543608530987067 0
0 -7.4546103599005153 0
0 -7.4543972522234263 0
0 -7.4606613198972189 0
0 -7.4604375378840215 0
0 -7.4606049568426887 0
0 -7.4603906697081639 0
0 -7.4605758372487863 0
0 -7.460365359913304 0
0 -7.4605584422835696 0
0 -7.4603493391873714 0
0 -7.4601212725267869 0
0 -7.4596495131365996 0
0 -7.4590069182527889 0
0 -7.4600819837628585 0
0 -7.4596229851191502 0
0 -7.4590003788250092 0
0 -7.4582420726393162 0
0 -7.4574232334533574 0
0 -7.456608625218867 0
0 -7.4582589071342165 0
0 -7.4574634566625297 0
0 -7.4566696871773299 0
0 -7.4600605508422735 0
0 -7.4596084385844517 0
0 -7.4589965926624622 0
0 -7.4600465998216325 0
0 -7.4595982803818242 0
0 -7.4589928360567743 0
0 -7.4582685355258658 0
0 -7.4574870257280983 0
0 -7.4567059726865388 0
0 -7.4582735008185326 0
0 -7.4575015364150961 0
0 -7.4567295871379153 0
0 -7.4606423635045251 0
0 -7.4604188085259979 0
0 -7.4605860831400754 0
0 -7.4603723218889861 0
0 -7.4606231413594681 0
0 -7.4604000035341915 0
0 -7.4605674466770857 0
0 -7.4603541130544491 0
0 -7.4605572183014832 0
0 -7.4603473924078179 0
0 -7.460540137097512 0
0 -7.4603317404666702 0
0 -7.4605389252929193 0
0 -7.4603295688164959 0
0 -7.460522273038916 0
0 -7.4603144127344363 0
0 -7.4601034563946351 0
0 -7.4596334724690747 0
0 -7.4589941670722641 0
0 -7.4600648718044349 0
0 -7.4596081300923958 0
0 -7.4589893943717724 0
0 -7.4582338310926923 0
0 -7.4574202468534914 0
0 -7.4566110639276282 0
0 -7.4582529593461055 0
0 -7.4574631298253529 0
0 -7.456674975315333 0
0 -7.46008519046228 0
0 -7.4596163860568687 0
0 -7.458979104954798 0
0 -7.4600472699758393 0
0 -7.4595918922239077 0
0 -7.4589755322711957 0
0 -7.4582215204545719 0
0 -7.4574114615460436 0
0 -7.4566065939713155 0
0 -7.4582422717781123 0
0 -7.4574562971041951 0
0 -7.4566725096306152 0
0 -7.4600439987497671 0
0 -7.4595944640963783 0
0 -7.4589869109440521 0
0 -7.4600305725829337 0
0 -7.4595851535294182 0
0 -7.4589844120726871 0
0 -7.458264297211981 0
0 -7.4574887312860909 0
0 -7.4567134659621059 0
0 -7.4582709324453598 0
0 -7.4575052559086146 0
0 -7.4567393024704538 0
0 -7.4600268549261282 0
0 -7.4595788333416815 0
0 -7.4589739225376794 0
0 -7.4600140405252908 0
0 -7.4595703340591539 0
0 -7.4589725245089733 0
0 -7.4582548260531905 0
0 -7.4574834130651508 0
0 -7.4567126399612693 0
0 -7.4582628991133237 0
0 -7.457501652884746 0
0 -7.4567403140194859 0
0 -7.4558558060308746 0
0 -7.4552304684601811 0
0 -7.4547739227837226 0
0 -7.4559326461608366 0
0 -7.4553148485784337 0
0 -7.4548584973124434 0
0 -7.4544656430823517 0
0 -7.4542410633074425 0
0 -7.4545499708954948 0
0 -7.4543345267644758 0
0 -7.4559787781218683 0
0 -7.4553661376613247 0
0 -7.4549108137352249 0
0 -7.4560098036996987 0
0 -7.4554017566142026 0
0 -7.4549483084987616 0
0 -7.45460189774714 0
0 -7.4543884244506931 0
0 -7.4546401226189847 0
0 -7.4544273790484814 0
0 -7.4558633555569784 0
0 -7.4552421641002766 0
0 -7.4547881714746902 0
0 -7.4559429354679452 0
0 -7.4553289526128292 0
0 -7.4548747484506164 0
0 -7.4544812734282955 0
0 -7.4542574205306353 0
0 -7.4545673019758691 0
0 -7.4543523617837035 0
0 -7.4558636817224535 0
0 -7.4552469167982673 0
0 -7.4547960078729201 0
0 -7.4559449819633885 0
0 -7.4553349870623586 0
0 -7.4548835399707203 0
0 -7.4544908312125493 0
0 -7.4542679519510333 0
0 -7.4545776134211659 0
0 -7.4543634577352993 0
0 -7.455991262802188 0
0 -7.4553823025944421 0
0 -7.4549288962757938 0
0 -7.4560245332462687 0
0 -7.4554200577639875 0
0 -7.4549684283711857 0
0 -7.4546208588190739 0
0 -7.454407752015034 0
0 -7.4546610169780898 0
0 -7.4544485877011999 0
0 -7.4559948373785678 0
0 -7.455389656255389 0
0 -7.4549388523171318 0
0 -7.4560298944869245 0
0 -7.4554290489253985 0
0 -7.4549798992559522 0
0 -7.4546322416825959 0
0 -7.4544198402409885 0
0 -7.4546738663725423 0
0 -7.4544621428383033 0
0 -7.4605993796199863 0
0 -7.4605915548845845 0
0 -7.4603850971827788 0
0 -7.4603773942292477 0
0 -7.4605924348296178 0
0 -7.4603776603330614 0
0 -7.4606101509146834 0
0 -7.4603922665201976 0
0 -7.4606598985415902 0
0 -7.4604334078357395 0
0 -7.4600762937650265 0
0 -7.4596180239270948 0
0 -7.4600691348920991 0
0 -7.4596127810932398 0
0 -7.4589986911115389 0
0 -7.4589968212812128 0
0 -7.4600694372106711 0
0 -7.4596143814303923 0
0 -7.4590009811352287 0
0 -7.4582634497113514 0
0 -7.4582659783584742 0
0 -7.4574763751525488 0
0 -7.4566917587449542 0
0 -7.4574839890338822 0
0 -7.4567045843172926 0
0 -7.4582728241330409 0
0 -7.457493717347834 0
0 -7.4567170479346192 0
0 -7.4600829002949904 0
0 -7.4596272925097713 0
0 -7.4590135728517266 0
0 -7.4601199950301158 0
0 -7.4596601594193261 0
0 -7.459040020382357 0
0 -7.4582845727123983 0
0 -7.4575043223422259 0
0 -7.4567261504364968 0
0 -7.458303136505271 0
0 -7.4575144866725189 0
0 -7.4567274392713614 0
0 -7.4605674794347392 0
0 -7.4603573114340174 0
0 -7.4605594999161955 0
0 -7.4603495379117488 0
0 -7.4605596509077063 0
0 -7.4603491092278089 0
0 -7.4605752468847015 0
0 -7.4603618615094813 0
0 -7.4606201358950814 0
0 -7.460398883935321 0
0 -7.4600530083470042 0
0 -7.4596025306170084 0
0 -7.4600460054318321 0
0 -7.4595978180253049 0
0 -7.4589947584121195 0
0 -7.458993886543392 0
0 -7.4600456298547959 0
0 -7.4595987991967654 0
0 -7.4589974929085132 0
0 -7.4582731387788153 0
0 -7.4582770843943882 0
0 -7.4574995439124647 0
0 -7.4567267595561741 0
0 -7.4575088984750773 0
0 -7.4567414993616312 0
0 -7.4582834652600996 0
0 -7.4575182747404396 0
0 -7.4567537269616881 0
0 -7.4600571068064117 0
0 -7.4596095190344895 0
0 -7.459007715311631 0
0 -7.4600900820166718 0
0 -7.4596380420434496 0
0 -7.4590298793785221 0
0 -7.4582928553948626 0
0 -7.4575267574688739 0
0 -7.4567610934787742 0
0 -7.4583077229031183 0
0 -7.4575341914013586 0
0 -7.4567608842473803 0
0 -7.4559630553907681 0
0 -7.455980621576014 0
0 -7.4553516254731758 0
0 -7.4548990707416998 0
0 -7.4553730217290965 0
0 -7.4549227130606441 0
0 -7.4559953578295328 0
0 -7.4553895129287131 0
0 -7.4549395494216819 0
0 -7.4545926696049474 0
0 -7.4546170579243833 0
0 -7.4543785841581069 0
0 -7.4544033159756022 0
0 -7.4546332372886575 0
0 -7.4544187444305257 0
0 -7.4560025816705897 0
0 -7.4553947030008487 0
0 -7.4549423448176775 0
0 -7.4559946507600481 0
0 -7.45537824341329 0
0 -7.454919433395097 0
0 -7.4546335101744221 0
0 -7.4544156828995636 0
0 -7.4546050572673082 0
0 -7.4543787644903592 0
0 -7.4560069494136103 0
0 -7.4560264308334716 0
0 -7.4553999186456021 0
0 -7.4549478562679701 0
0 -7.4554230810804203 0
0 -7.4549731466762257 0
0 -7.4560410192702902 0
0 -7.4554395092396772 0
0 -7.4549901032051098 0
0 -7.4546406725676748 0
0 -7.454666732594343 0
0 -7.4544548121558618 0
0 -7.4544283058745568 0
0 -7.4546832468332065 0
0 -7.4544707786432296 0
0 -7.4560469448433384 0
0 -7.4554438723799397 0
0 -7.4549925724822543 0
0 -7.4560387922178979 0
0 -7.4554282512757242 0
0 -7.4549712589495503 0
0 -7.4546836808702395 0
0 -7.4544684269942261 0
0 -7.4546575741218906 0
0 -7.4544351175114709 0
0 -7.4605459963684213 0
0 -7.4603374728963496 0
0 -7.4605375211621867 0
0 -7.4603292542891326 0
0 -7.4605371042642128 0
0 -7.4603282694219564 0
0 -7.4605512789254362 0
0 -7.4603395613233987 0
0 -7.4605940966153774 0
0 -7.4603745211717785 0
0 -7.4600358918148135 0
0 -7.4595900983042576 0
0 -7.4600284926955513 0
0 -7.4595850798327668 0
0 -7.4589893926116817 0
0 -7.45898838473288 0
0 -7.4600275938556093 0
0 -7.4595855845788037 0
0 -7.458991547710105 0
0 -7.4582765525887806 0
0 -7.4575119511862846 0
0 -7.4582805724285981 0
0 -7.4575216053337297 0
0 -7.4567472857038473 0
0 -7.4567625309325685 0
0 -7.4582865816436392 0
0 -7.4575306961292762 0
0 -7.456774577785076 0
0 -7.4600373762189065 0
0 -7.4595942860249531 0
0 -7.4589994253501892 0
0 -7.460067906235003 0
0 -7.4596198100058393 0
0 -7.4590181289978261 0
0 -7.4582934748537681 0
0 -7.4575366963601706 0
0 -7.4567796505351298 0
0 -7.458304716595217 0
0 -7.4575406340765662 0
0 -7.4567763248714627 0
0 -7.4605277104616956 0
0 -7.4603199191100291 0
0 -7.4605188208174225 0
0 -7.4603113058798547 0
0 -7.4605176357614731 0
0 -7.4603095583226349 0
0 -7.4605104537620797 0
0 -7.460303267464254 0
0 -7.460501733792686 0
0 -7.4602948476246134 0
0 -7.4605005468974896 0
0 -7.4602930965782264 0
0 -7.4605312028222608 0
0 -7.4603201904944436 0
0 -7.4605731932753638 0
0 -7.4603541482386655 0
0 -7.4605135574006214 0
0 -7.4603031740844239 0
0 -7.4605547072872884 0
0 -7.4603363182745444 0
0 -7.4600199868212798 0
0 -7.4595772660314541 0
0 -7.4600121486514599 0
0 -7.4595717764854692 0
0 -7.4589815167036662 0
0 -7.4589800822636523 0
0 -7.4600103712170354 0
0 -7.4595712140732671 0
0 -7.4589820355737055 0
0 -7.4582748316250447 0
0 -7.4575167979583661 0
0 -7.4582785491154375 0
0 -7.4575263199242015 0
0 -7.4567583410578848 0
0 -7.4567736392413195 0
0 -7.4582833195405298 0
0 -7.4575342300245255 0
0 -7.4567846513628755 0
0 -7.4600042992988085 0
0 -7.4595635689345317 0
0 -7.4599966863862051 0
0 -7.4595583705647464 0
0 -7.4589710993679992 0
0 -7.4589700742866443 0
0 -7.4599949186621206 0
0 -7.4595578423874835 0
0 -7.458972107045506 0
0 -7.4582686073973044 0
0 -7.4575152553058963 0
0 -7.4582728860858722 0
0 -7.4575254894483907 0
0 -7.4567615203005557 0
0 -7.4567776438545676 0
0 -7.4582778037540818 0
0 -7.4575336260490772 0
0 -7.4567889639277878 0
0 -7.4600193925916418 0
0 -7.4595790227974135 0
0 -7.4589888929297654 0
0 -7.4600486378733581 0
0 -7.4596029144614677 0
0 -7.4590056457723817 0
0 -7.4582891388129076 0
0 -7.4575391663734782 0
0 -7.4567887485499531 0
0 -7.4582982217452978 0
0 -7.457540887692808 0
0 -7.4567833053027002 0
0 -7.4600032941129468 0
0 -7.4595648697791122 0
0 -7.458978056311536 0
0 -7.4600316375013733 0
0 -7.4595877333795917 0
0 -7.4589936810837605 0
0 -7.4582826625738452 0
0 -7.4575376257661548 0
0 -7.4567922241173639 0
0 -7.4582905836801476 0
0 -7.4575382320195196 0
0 -7.4567857909060473 0
0 -7.4560337661110783 0
0 -7.4560538953114088 0
0 -7.4554542624288436 0
0 -7.4554303228255234 0
0 -7.4549794041304001 0
0 -7.4550056372430031 0
0 -7.4560684115885989 0
0 -7.4554707645964404 0
0 -7.4550228918093948 0
0 -7.4546724452847259 0
0 -7.4544604656422511 0
0 -7.4546996336519875 0
0 -7.4544882865003848 0
0 -7.4547166934826432 0
0 -7.4545050170498337 0
0 -7.4560723889893143 0
0 -7.455473666001736 0
0 -7.4550244674001576 0
0 -7.4560616958476178 0
0 -7.4554562322028426 0
0 -7.4550020412463454 0
0 -7.4547166957332838 0
0 -7.4545024864374607 0
0 -7.4546900054290495 0
0 -7.4544688467435511 0
0 -7.4560499403073441 0
0 -7.4554501060350464 0
0 -7.4560702969016539 0
0 -7.4554744681930245 0
0 -7.4550010622197904 0
0 -7.4550279499677092 0
0 -7.456083996279304 0
0 -7.4554904520436933 0
0 -7.455045022445721 0
0 -7.4546949604991397 0
0 -7.454483387284748 0
0 -7.4547230322354912 0
0 -7.454512289318207 0
0 -7.4547402194216446 0
0 -7.4545293608025878 0
0 -7.4560574074909347 0
0 -7.4554610203906719 0
0 -7.4560786468752935 0
0 -7.4554862936427257 0
0 -7.4550142976178115 0
0 -7.4550421471016621 0
0 -7.4560927246015654 0
0 -7.4555027183136762 0
0 -7.4550597398634224 0
0 -7.4547095226156079 0
0 -7.4544987211417739 0
0 -7.4547386507391122 0
0 -7.4545288059379642 0
0 -7.4547564575775489 0
0 -7.4545466065528405 0
0 -7.4560871604848975 0
0 -7.4554927661565458 0
0 -7.4550462692168695 0
0 -7.4560746013780763 0
0 -7.4554738755052092 0
0 -7.4550228255027813 0
0 -7.4547401266724007 0
0 -7.4545268593696914 0
0 -7.4547127146303902 0
0 -7.4544924691668175 0
0 -7.4560952189508454 0
0 -7.4555045886255682 0
0 -7.4550607872387724 0
0 -7.4560818708895962 0
0 -7.4554851791620314 0
0 -7.4550370969151354 0
0 -7.4547563565949728 0
0 -7.4545442005526921 0
0 -7.4547288986290416 0
0 -7.4545098459616153 0
0 -7.4606053839684128 0
0 -7.4603825970303861 0
0 -7.4605507947777623 0
0 -7.4603375636741438 0
0 -7.4605231670777776 0
0 -7.4603139420666418 0
0 -7.4605074662878827 0
0 -7.4602998940523104 0
0 -7.4600674005331156 0
0 -7.4595984343828547 0
0 -7.4589612854037819 0
0 -7.4600302393602069 0
0 -7.4595747196195177 0
0 -7.4589587311888979 0
0 -7.4582042256769636 0
0 -7.4573956284667196 0
0 -7.4565936001404465 0
0 -7.4582264080736369 0
0 -7.4574422288565829 0
0 -7.45666129329061 0
0 -7.4600109360971016 0
0 -7.4595630820190664 0
0 -7.4589589818075348 0
0 -7.4599995317850123 0
0 -7.4595564120499693 0
0 -7.4589599048080668 0
0 -7.4582412998220304 0
0 -7.45747202534276 0
0 -7.4567041536957035 0
0 -7.4582521524420562 0
0 -7.4574933403225812 0
0 -7.4567349212810203 0
0 -7.4605971719573221 0
0 -7.4603734689688483 0
0 -7.4605428955716873 0
0 -7.4603286149893151 0
0 -7.4605159953160554 0
0 -7.4603058292825377 0
0 -7.4605016090002101 0
0 -7.4602933074079552 0
0 -7.4600566872031244 0
0 -7.4595860685097435 0
0 -7.4589472664002914 0
0 -7.4600195976782153 0
0 -7.4595623318404218 0
0 -7.4589447935400317 0
0 -7.4581881993109729 0
0 -7.457378384464298 0
0 -7.456576661308719 0
0 -7.4582108703865648 0
0 -7.4574258793550374 0
0 -7.4566453749506554 0
0 -7.4600013734313899 0
0 -7.4595521392641038 0
0 -7.4589469547737286 0
0 -7.4599919643621311 0
0 -7.4595481145428231 0
0 -7.4589511752153195 0
0 -7.4582281685749203 0
0 -7.4574584201604006 0
0 -7.4566909995376047 0
0 -7.4582428471201121 0
0 -7.4574838326276334 0
0 -7.4567257802297151 0
0 -7.4558548286724928 0
0 -7.4552427193943975 0
0 -7.4547954731951149 0
0 -7.4559375086388489 0
0 -7.455331591220367 0
0 -7.4548834324830136 0
0 -7.4544922959011828 0
0 -7.454270369269226 0
0 -7.4545793324094074 0
0 -7.4543660563998309 0
0 -7.4559897990190231 0
0 -7.4553881746407313 0
0 -7.4549402234689737 0
0 -7.4560276895341957 0
0 -7.4554299613826087 0
0 -7.4549832318141185 0
0 -7.4546352117274939 0
0 -7.4544235923211009 0
0 -7.4546785419177573 0
0 -7.4544675580130342 0
0 -7.4558397521332926 0
0 -7.4552307952291406 0
0 -7.4547860449968146 0
0 -7.4559232713555019 0
0 -7.4553201966327913 0
0 -7.4548743971418361 0
0 -7.4544839846808086 0
0 -7.4542619384429498 0
0 -7.4545714025151488 0
0 -7.4543580260317555 0
0 -7.4559780143125538 0
0 -7.4553786806478453 0
0 -7.4549326808254923 0
0 -7.4560194945006568 0
0 -7.4554234032933531 0
0 -7.454978020955247 0
0 -7.4546285583031757 0
0 -7.4544168713147787 0
0 -7.4546738658806255 0
0 -7.4544627665896073 0
0 -7.4606111590439959 0
0 -7.4603833870194673 0
0 -7.4605536729762063 0
0 -7.4603359175733077 0
0 -7.4605267816783361 0
0 -7.4603134584140314 0
0 -7.4605131206050572 0
0 -7.4603018655176081 0
0 -7.4600638810111768 0
0 -7.4595900252452667 0
0 -7.4589467712739204 0
0 -7.4600241626132986 0
0 -7.4595634267017932 0
0 -7.4589414762699935 0
0 -7.4581818314172912 0
0 -7.4573662589406053 0
0 -7.456559971123343 0
0 -7.4582023242836639 0
0 -7.4574124099064116 0
0 -7.456628088643928 0
0 -7.460006549129897 0
0 -7.4595542252821803 0
0 -7.4589450757030029 0
0 -7.4599983809481412 0
0 -7.4595518460731043 0
0 -7.4589513473530484 0
0 -7.4582215466213109 0
0 -7.457447247523513 0
0 -7.4566760666020366 0
0 -7.4582386192308583 0
0 -7.4574752278848893 0
0 -7.4567133218939761 0
0 -7.4606684915953014 0
0 -7.4604296608088383 0
0 -7.4606001399142139 0
0 -7.4603736984576958 0
0 -7.4605700527829075 0
0 -7.4603488393585184 0
0 -7.4605573908755858 0
0 -7.4603383833862074 0
0 -7.4601053824680648 0
0 -7.4596261773534804 0
0 -7.458973471576285 0
0 -7.4600572746579727 0
0 -7.4595904570176268 0
0 -7.4589587335466554 0
0 -7.4581954544940618 0
0 -7.4573654442909909 0
0 -7.456545239828043 0
0 -7.4582073894379493 0
0 -7.457404812079095 0
0 -7.4566086166662275 0
0 -7.4600373544101304 0
0 -7.4595788120583384 0
0 -7.4589598510607296 0
0 -7.4600307076808701 0
0 -7.4595784712211888 0
0 -7.4589686936711335 0
0 -7.4582243905649461 0
0 -7.4574378345937937 0
0 -7.4566551419344567 0
0 -7.4582444036501849 0
0 -7.4574688809256617 0
0 -7.4566952270207265 0
0 -7.4558200433402027 0
0 -7.4552097857757182 0
0 -7.4547644416377992 0
0 -7.455903564026908 0
0 -7.4552997140768937 0
0 -7.4548537274538029 0
0 -7.4544615686550291 0
0 -7.4542358501716919 0
0 -7.4545501302988102 0
0 -7.4543339270928888 0
0 -7.4559604289717667 0
0 -7.4553599175645688 0
0 -7.4549134166325519 0
0 -7.4560040461845176 0
0 -7.4554063117037064 0
0 -7.4549601153624945 0
0 -7.4546086463547505 0
0 -7.4543945756042662 0
0 -7.4546551836143671 0
0 -7.4544417683028419 0
0 -7.4557928986968571 0
0 -7.4551726979302089 0
0 -7.4547206695893413 0
0 -7.455873754780761 0
0 -7.4552620665201905 0
0 -7.454811291804722 0
0 -7.4544115408521581 0
0 -7.454173056694815 0
0 -7.4545035284348389 0
0 -7.4542782904216489 0
0 -7.4559295176480207 0
0 -7.4553216887516101 0
0 -7.4548710928593334 0
0 -7.4559753974515743 0
0 -7.455369686448992 0
0 -7.4549189457605189 0
0 -7.4545630066465236 0
0 -7.4543411675161675 0
0 -7.4546105577531039 0
0 -7.4543894883748516 0
0 -7.4604966993381208 0
0 -7.4602899357193966 0
0 -7.4604889532378085 0
0 -7.4602825360255149 0
0 -7.4604879552235959 0
0 -7.4602809698446526 0
0 -7.4605010409539005 0
0 -7.4602911743371276 0
0 -7.4605413609104509 0
0 -7.4603237068917174 0
0 -7.4599912623515552 0
0 -7.4595515222121414 0
0 -7.4599848634742951 0
0 -7.4595478203411538 0
0 -7.4589608011840811 0
0 -7.4589615668837732 0
0 -7.4599832388659593 0
0 -7.459547374717844 0
0 -7.4589636258377467 0
0 -7.458260568204409 0
0 -7.4575098905351878 0
0 -7.4582668792113669 0
0 -7.4575223048127235 0
0 -7.4567590908853374 0
0 -7.4567774036457077 0
0 -7.4582718108899018 0
0 -7.4575304889591063 0
0 -7.4567888244077078 0
0 -7.459991785896646 0
0 -7.4595546186193982 0
0 -7.458969850223399 0
0 -7.4600195895809591 0
0 -7.4595769812116082 0
0 -7.4589850291937765 0
0 -7.4582769941052298 0
0 -7.457534867938584 0
0 -7.4567925193173048 0
0 -7.4582845653565935 0
0 -7.4575352623483688 0
0 -7.4567860437316575 0
0 -7.4604919661759084 0
0 -7.4602846575267492 0
0 -7.4604852405767668 0
0 -7.4602783520498228 0
0 -7.4604852442481464 0
0 -7.4602777887708065 0
0 -7.4604987473843201 0
0 -7.4602883950887637 0
0 -7.4605389980165313 0
0 -7.4603208803349341 0
0 -7.4599853303639074 0
0 -7.459545266981352 0
0 -7.4599801972338105 0
0 -7.4595430592995582 0
0 -7.4589545298759612 0
0 -7.4589570164643524 0
0 -7.4599796582308375 0
0 -7.459543785177412 0
0 -7.4589603433472389 0
0 -7.4582540663735815 0
0 -7.4575033750823385 0
0 -7.4582622825982607 0
0 -7.4575178065804311 0
0 -7.4567528919971986 0
0 -7.4567732021532258 0
0 -7.4582685393102448 0
0 -7.4575273439771905 0
0 -7.4567859473349269 0
0 -7.4599885534611303 0
0 -7.4595512444650174 0
0 -7.4589666307133342 0
0 -7.4600162294725267 0
0 -7.459573335661311 0
0 -7.4589813627478865 0
0 -7.4582736773369751 0
0 -7.4575316247177073 0
0 -7.4567895411245209 0
0 -7.4582806643545068 0
0 -7.4575313791680129 0
0 -7.4567824484158969 0
0 -7.4560579516219461 0
0 -7.4554643119146284 0
0 -7.4560812354928299 0
0 -7.4554913760289283 0
0 -7.4550196393321713 0
0 -7.4550490382117793 0
0 -7.456095475240609 0
0 -7.4555080449570719 0
0 -7.4550669703624504 0
0 -7.4547159851126796 0
0 -7.4545059262821649 0
0 -7.4547465310963084 0
0 -7.4545374434674923 0
0 -7.4547647526205623 0
0 -7.4545557026234981 0
0 -7.4560984444323104 0
0 -7.4555104094469327 0
0 -7.4550685118865783 0
0 -7.4560852359413881 0
0 -7.4554913043036626 0
0 -7.4550452618735443 0
0 -7.4547651629699043 0
0 -7.4545538801875493 0
0 -7.4547382758169904 0
0 -7.4545203254671026 0
0 -7.4560524163026267 0
0 -7.455459974446133 0
0 -7.4560775300514912 0
0 -7.4554886132994032 0
0 -7.45501622229395 0
0 -7.4550469552193759 0
0 -7.4560929842211312 0
0 -7.4555063309694383 0
0 -7.4550657480406155 0
0 -7.4547128584943287 0
0 -7.4545026589167698 0
0 -7.4547445844953133 0
0 -7.4545353347040697 0
0 -7.4547635518879369 0
0 -7.4545543282821249 0
0 -7.4560958840898648 0
0 -7.4555086726653892 0
0 -7.4550673024214822 0
0 -7.456082146075226 0
0 -7.4554891834368897 0
0 -7.4550438188025456 0
0 -7.4547640132717881 0
0 -7.4545525832004316 0
0 -7.45473698434167 0
0 -7.4545189570719819 0
0 -7.4605050329445071 0
0 -7.4602949320013163 0
0 -7.4604990653772703 0
0 -7.4602894672323696 0
0 -7.4604997366020003 0
0 -7.4602895270568395 0
0 -7.4605145792544443 0
0 -7.4603011658615381 0
0 -7.4605580713199959 0
0 -7.4603361238421373 0
0 -7.45999390848527 0
0 -7.4595517530260445 0
0 -7.4599897005962665 0
0 -7.4595505368157751 0
0 -7.4589580251083429 0
0 -7.4589615740985362 0
0 -7.4599896762992541 0
0 -7.4595515507087944 0
0 -7.4589649333400896 0
0 -7.4582535797909397 0
0 -7.4574986943968895 0
0 -7.4582629480450455 0
0 -7.4575143740414225 0
0 -7.4567442243325912 0
0 -7.4567658006872746 0
0 -7.4582690703430607 0
0 -7.457523722948622 0
0 -7.4567783751207299 0
0 -7.4599994082101651 0
0 -7.4595595175336511 0
0 -7.4589712886556772 0
0 -7.4600291460311041 0
0 -7.4595832271122688 0
0 -7.4589869720728634 0
0 -7.4582738860074933 0
0 -7.4575274030972825 0
0 -7.456781210566267 0
0 -7.4582810353105593 0
0 -7.4575265979783358 0
0 -7.4567729562512062 0
0 -7.4605503481121556 0
0 -7.4603324896935099 0
0 -7.4605448110695658 0
0 -7.4603275003331619 0
0 -7.4605458834515508 0
0 -7.4603278132117046 0
0 -7.4605638764201005 0
0 -7.4603416720931648 0
0 -7.4606182235971366 0
0 -7.4603846874645932 0
0 -7.4600274452368724 0
0 -7.4595797979855876 0
0 -7.4600237139449259 0
0 -7.4595789804349559 0
0 -7.4589770120981411 0
0 -7.4589808512781737 0
0 -7.460023590282491 0
0 -7.4595792919072306 0
0 -7.4589827739290788 0
0 -7.4582612009905791 0
0 -7.4582708771629784 0
0 -7.4575104092596103 0
0 -7.4574942832044915 0
0 -7.4567279365419497 0
0 -7.45675006846343 0
0 -7.4582750218161751 0
0 -7.4575176237949856 0
0 -7.4567606346165753 0
0 -7.4600347841098964 0
0 -7.4595876728249904 0
0 -7.4589881430940652 0
0 -7.4600712963291054 0
0 -7.4596167790412222 0
0 -7.4590070029427888 0
0 -7.4582775012714366 0
0 -7.4575180338577933 0
0 -7.4567596861014653 0
0 -7.4582850864733174 0
0 -7.4575150421637169 0
0 -7.4567469842965819 0
0 -7.4560403018783612 0
0 -7.4554455449953529 0
0 -7.4560665798824903 0
0 -7.455475187867088 0
0 -7.4550003779741481 0
0 -7.4550319754823988 0
0 -7.4560819054429199 0
0 -7.4554928412041868 0
0 -7.4550507667701105 0
0 -7.4546958959108345 0
0 -7.454483338657635 0
0 -7.454728423118719 0
0 -7.4545168518239722 0
0 -7.4547474599868906 0
0 -7.4545359510076619 0
0 -7.4560839903857801 0
0 -7.4554943806468383 0
0 -7.4550515703524525 0
0 -7.456068620481485 0
0 -7.4554729893693201 0
0 -7.4550260448129642 0
0 -7.4547471949695305 0
0 -7.4545332784601088 0
0 -7.4547178617580174 0
0 -7.4544966247647135 0
0 -7.4560130617565097 0
0 -7.4560398575618683 0
0 -7.4554399462780268 0
0 -7.4554098625794172 0
0 -7.4549598662839953 0
0 -7.4549919224464958 0
0 -7.456053433630955 0
0 -7.4554562268969011 0
0 -7.4550097352259836 0
0 -7.4546518399533594 0
0 -7.4544315806096231 0
0 -7.4546849312079217 0
0 -7.4544658043794003 0
0 -7.4547032710836048 0
0 -7.4544842700465015 0
0 -7.4560515678524668 0
0 -7.45545402056492 0
0 -7.4550071058893312 0
0 -7.4560299945104171 0
0 -7.4554254284167563 0
0 -7.4549738651696744 0
0 -7.4546995883166254 0
0 -7.4544773478179147 0
0 -7.4546615543172869 0
0 -7.4544287963510385 0
-0 -0 -0
-0 -0 -0
-0 -0 -0
-0 -0 -0
-0 -0 -0
-0 -0 -0
-0 -0 -0
-0 -0 -0
-0 -0 -0
-0 -0 -0
-0 -0 -0
-0 -0 -0
-0 -0 -0
-0 -0 -0
-0 -0 -0
-0 -0 -0
-0 -0 -0
-0 -0 -0
-0 -0 -0
-0 -0 -0
-0 -0 -0
-0 -0 -0
-0 -0 -0
-0 -0 -0
-0 -0 -0
-0 -0 -0
-0 -0 -0
-0 -0 -0
-0 -0 -0
-0 -0 -0
-0 -0 -0
-0 -0 -0
-0 -0 -0
-0 -0 -0
-0 -0 -0
-0 -0 -0
-0 -0 -0
-0 -0 -0
-0 -0 -0
-0 -0 -0
-0 -0 -0
-0 -0 -0
-0 -0 -0
-0 -0 -0
-0 -0 -0
-0 -0 -0
-0 -0 -0
-0 -0 -0
-0 -0 -0
-0 -0 -0
-0 -0 -0
-0 -0 -0
-0 -0 -0
-0 -0 -0
-0 -0 -0
-0 -0 -0
-0 -0 -0
-0 -0 -0
-0 -0 -0
-0 -0 -0
-0 -0 -0
-0 -0 -0
-0 -0 -0
-0 -0 -0
-0 -0 -0
-0 -0 -0
-0 -0 -0
-0 -0 -0
-0 -0 -0
-0 -0 -0
-0 -0 -0
-0 -0 -0
-0 -0 -0
-0 -0 -0
-0 -0 -0
-0 -0 -0
-0 -0 -0
-0 -0 -0
-0 -0 -0
-0 -0 -0
-0 -0 -0
-0 -0 -0
-0 -0 -0
-0 -0 -0
-0 -0 -0
-0 -0 -0
-0 -0 -0
-0 -0 -0
-0 -0 -0
-0 -0 -0
-0 -0 -0
-0 -0 -0
-0 -0 -0
-0 -0 -0
-0 -0 -0
-0 -0 -0
-0 -0 -0
-0 -0 -0
-0 -0 -0
-0 -0 -0
-0 -0 -0
-0 -0 -0
-0 -0 -0
-0 -0 -0
-0 -0 -0
-0 -0 -0
-0 -0 -0
-0 -0 -0
-0 -0 -0
-0 -0 -0
-0 -0 -0
-0 -0 -0
-0 -0 -0
-0 -0 -0
-0 -0 -0
-0 -0 -0
-0 -0 -0
-0 -0 -0
-0 -0 -0
-0 -0 -0
-0 -0 -0
-0 -0 -0
-0 -0 -0
-0 -0 -0
-0 -0 -0
-0 -0 -0
-0 -0 -0
-0 -0 -0
-0 -0 -0
-0 -0 -0
-0 -0 -0
-0 -0 -0
-0 -0 -0
-0 -0 -0
-0 -0 -0
-0 -0 -0
-0 -0 -0
-0 -0 -0
-0 -0 -0
-0 -0 -0
-0 -0 -0
-0 -0 -0
-0 -0 -0
-0 -0 -0
-0 -0 -0
-0 -0 -0
-0 -0 -0
-0 -0 -0
-0 -0 -0
-0 -0 -0
-0 -0 -0
-0 -0 -0
-0 -0 -0
-0 -0 -0
-0 -0 -0
-0 -0 -0
-0 -0 -0
-0 -0 -0
-0 -0 -0
-0 -0 -0
-0 -0 -0
-0 -0 -0
-0 -0 -0
-0 -0 -0
-0 -0 -0
-0 -0 -0
-0 -0 -0
-0 -0 -0
-0 -0 -0
-0 -0 -0
-0 -0 -0
-0 -0 -0
-0 -0 -0
-0 -0 -0
-0 -0 -0
-0 -0 -0
-0 -0 -0
-0 -0 -0
-0 -0 -0
-0 -0 -0
-0 -0 -0
-0 -0 -0
-0 -0 -0
-0 -0 -0
-0 -0 -0
-0 -0 -0
-0 -0 -0
-0 -0 -0
-0 -0 -0
-0 -0 -0
-0 -0 -0
-0 -0 -0
-0 -0 -0
-0 -0 -0
-0 -0 -0
-0 -0 -0
-0 -0 -0
-0 -0 -0
-0 -0 -0
-0 -0 -0
-0 -0 -0
-0 -0 -0
-0 -0 -0
-0 -0 -0
-0 -0 -0
-0 -0 -0
-0 -0 -0
-0 -0 -0
-0 -0 -0
-0 -0 -0
-0 -0 -0
-0 -0 -0
-0 -0 -0
-0 -0 -0
-0 -0 -0
-0 -0 -0
-0 -0 -0
-0 -0 -0
-0 -0 -0
-0 -0 -0
-0 -0 -0
-0 -0 -0
-0 -0 -0
-0 -0 -0
-0 -0 -0
-0 -0 -0
-0 -0 -0
-0 -0 -0
-0 -0 -0
-0 -0 -0
-0 -0 -0
-0 -0 -0
-0 -0 -0
-0 -0 -0
-0 -0 -0
-0 -0 -0
-0 -0 -0
-0 -0 -0
-0 -0 -0
-0 -0 -0
-0 -0 -0
-0 -0 -0
-0 -0 -0
-0 -0 -0
-0 -0 -0
-0 -0 -0
-0 -0 -0
-0 -0 -0
-0 -0 -0
-0 -0 -0
-0 -0 -0
-0 -0 -0
-0 -0 -0
-0 -0 -0
-0 -0 -0
-0 -0 -0
-0 -0 -0
-0 -0 -0
-0 -0 -0
-0 -0 -0
-0 -0 -0
-0 -0 -0
-0 -0 -0
-0 -0 -0
-0 -0 -0
-0 -0 -0
-0 -0 -0
-0 -0 -0
-0 -0 -0
-0 -0 -0
-0 -0 -0
-0 -0 -0
-0 -0 -0
-0 -0 -0
-0 -0 -0
-0 -0 -0
-0 -0 -0
-0 -0 -0
-0 -0 -0
-0 -0 -0
-0 -0 -0
-0 -0 -0
-0 -0 -0
-0 -0 -0
-0 -0 -0
-0 -0 -0
-0 -0 -0
-0 -0 -0
-0 -0 -0
-0 -0 -0
-0 -0 -0
-0 -0 -0
-0 -0 -0
-0 -0 -0
-0 -0 -0
-0 -0 -0
-0 -0 -0
-0 -0 -0
-0 -0 -0
-0 -0 -0
-0 -0 -0
-0 -0 -0
-0 -0 -0
-0 -0 -0
-0 -0 -0
-0 -0 -0
-0 -0 -0
-0 -0 -0
-0 -0 -0
-0 -0 -0
-0 -0 -0
-0 -0 -0
-0 -0 -0
-0 -0 -0
-0 -0 -0
-0 -0 -0
-0 -0 -0
-0 -0 -0
-0 -0 -0
-0 -0 -0
-0 -0 -0
-0 -0 -0
-0 -0 -0
-0 -0 -0
-0 -0 -0
-0 -0 -0
-0 -0 -0
-0 -0 -0
-0 -0 -0
-0 -0 -0
-0 -0 -0
-0 -0 -0
-0 -0 -0
-0 -0 -0
-0 -0 -0
-0 -0 -0
-0 -0 -0
-0 -0 -0
-0 -0 -0
-0 -0 -0
-0 -0 -0
-0 -0 -0
-0 -0 -0
-0 -0 -0
-0 -0 -0
-0 -0 -0
-0 -0 -0
-0 -0 -0
-0 -0 -0
-0 -0 -0
-0 -0 -0
-0 -0 -0
-0 -0 -0
-0 -0 -0
-0 -0 -0
-0 -0 -0
-0 -0 -0
-0 -0 -0
-0 -0 -0
-0 -0 -0
-0 -0 -0
-0 -0 -0
-0 -0 -0
-0 -0 -0
-0 -0 -0
-0 -0 -0
-0 -0 -0
-0 -0 -0
-0 -0 -0
-0 -0 -0
-0 -0 -0
-0 -0 -0
-0 -0 -0
-0 -0 -0
-0 -0 -0
-0 -0 -0
-0 -0 -0
-0 -0 -0
-0 -0 -0
-0 -0 -0
-0 -0 -0
-0 -0 -0
-0 -0 -0
-0 -0 -0
-0 -0 -0
-0 -0 -0
-0 -0 -0
-0 -0 -0
-0 -0 -0
-0 -0 -0
-0 -0 -0
-0 -0 -0
-0 -0 -0
-0 -0 -0
-0 -0 -0
-0 -0 -0
-0 -0 -0
-0 -0 -0
-0 -0 -0
-0 -0 -0
-0 -0 -0
-0 -0 -0
-0 -0 -0
-0 -0 -0
-0 -0 -0
-0 -0 -0
-0 -0 -0
-0 -0 -0
-0 -0 -0
-0 -0 -0
-0 -0 -0
-0 -0 -0
-0 -0 -0
-0 -0 -0
-0 -0 -0
-0 -0 -0
-0 -0 -0
-0 -0 -0
-0 -0 -0
-0 -0 -0
-0 -0 -0
-0 -0 -0
-0 -0 -0
-0 -0 -0
-0 -0 -0
-0 -0 -0
-0 -0 -0
-0 -0 -0
-0 -0 -0
-0 -0 -0
-0 -0 -0
-0 -0 -0
-0 -0 -0
-0 -0 -0
-0 -0 -0
-0 -0 -0
-0 -0 -0
-0 -0 -0
-0 -0 -0
-0 -0 -0
-0 -0 -0
-0 -0 -0
-0 -0 -0
-0 -0 -0
-0 -0 -0
-0 -0 -0
-0 -0 -0
-0 -0 -0
-0 -0 -0
-0 -0 -0
-0 -0 -0
-0 -0 -0
-0 -0 -0
-0 -0 -0
-0 -0 -0
-0 -0 -0
-0 -0 -0
-0 -0 -0
-0 -0 -0
-0 -0 -0
-0 -0 -0
-0 -0 -0
-0 -0 -0
-0 -0 -0
-0 -0 -0
-0 -0 -0
-0 -0 -0
-0 -0 -0
-0 -0 -0
-0 -0 -0
-0 -0 -0
-0 -0 -0
-0 -0 -0
-0 -0 -0
-0 -0 -0
-0 -0 -0
-0 -0 -0
-0 -0 -0
-0 -0 -0
-0 -0 -0
-0 -0 -0
-0 -0 -0
-0 -0 -0
-0 -0 -0
-0 -0 -0
-0 -0 -0
-0 -0 -0
-0 -0 -0
-0 -0 -0
-0 -0 -0
-0 -0 -0
-0 -0 -0
-0 -0 -0
-0 -0 -0
-0 -0 -0
-0 -0 -0
-0 -0 -0
-0 -0 -0
-0 -0 -0
-0 -0 -0
-0 -0 -0
-0 -0 -0
-0 -0 -0
-0 -0 -0
-0 -0 -0
-0 -0 -0
-0 -0 -0
-0 -0 -0
-0 -0 -0
-0 -0 -0
-0 -0 -0
-0 -0 -0
-0 -0 -0
-0 -0 -0
-0 -0 -0
-0 -0 -0
-0 -0 -0
-0 -0 -0
-0 -0 -0
-0 -0 -0
-0 -0 -0
-0 -0 -0
-0 -0 -0
-0 -0 -0
-0 -0 -0
-0 -0 -0
-0 -0 -0
-0 -0 -0
-0 -0 -0
-0 -0 -0
-0 -0 -0
-0 -0 -0
-0 -0 -0
-0 -0 -0
-0 -0 -0
-0 -0 -0
-0 -0 -0
-0 -0 -0
-0 -0 -0
-0 -0 -0
-0 -0 -0
-0 -0 -0
-0 -0 -0
-0 -0 -0
-0 -0 -0
-0 -0 -0
-0 -0 -0
-0 -0 -0
-0 -0 -0
-0 -0 -0
-0 -0 -0
-0 -0 -0
-0 -0 -0
-0 -0 -0
-0 -0 -0
-0 -0 -0
-0 -0 -0
-0 -0 -0
-0 -0 -0
-0 -0 -0
-0 -0 -0
-0 -0 -0
-0 -0 -0
-0 -0 -0
-0 -0 -0
-0 -0 -0
-0 -0 -0
-0 -0 -0
-0 -0 -0
-0 -0 -0
-0 -0 -0
-0 -0 -0
-0 -0 -0
-0 -0 -0
-0 -0 -0
-0 -0 -0
-0 -0 -0
-0 -0 -0
-0 -0 -0
-0 -0 -0
-0 -0 -0
-0 -0 -0
-0 -0 -0
-0 -0 -0
-0 -0 -0
-0 -0 -0
-0 -0 -0
-0 -0 -0
-0 -0 -0
-0 -0 -0
-0 -0 -0
-0 -0 -0
-0 -0 -0
-0 -0 -0
-0 -0 -0
-0 -0 -0
-0 -0 -0
-0 -0 -0
-0 -0 -0
-0 -0 -0
-0 -0 -0
-0 -0 -0
-0 -0 -0
-0 -0 -0
-0 -0 -0
-0 -0 -0
-0 -0 -0
-0 -0 -0
-0 -0 -0
-0 -0 -0
-0 -0 -0
-0 -0 -0
-0 -0 -0
-0 -0 -0
-0 -0 -0
-0 -0 -0
-0 -0 -0
-0 -0 -0
-0 -0 -0
-0 -0 -0
-0 -0 -0
-0 -0 -0
-0 -0 -0
-0 -0 -0
-0 -0 -0
-0 -0 -0
-0 -0 -0
-0 -0 -0
-0 -0 -0
-0 -0 -0
-0 -0 -0
-0 -0 -0
-0 -0 -0
-0 -0 -0
-0 -0 -0
-0 -0 -0
-0 -0 -0
-0 -0 -0
-0 -0 -0
-0 -0 -0
-0 -0 -0
-0 -0 -0
-0 -0 -0
-0 -0 -0
-0 -0 -0
-0 -0 -0
-0 -0 -0
-0 -0 -0
-0 -0 -0
-0 -0 -0
-0 -0 -0
-0 -0 -0
-0 -0 -0
-0 -0 -0
-0 -0 -0
-0 -0 -0
-0 -0 -0
-0 -0 -0
-0 -0 -0
-0 -0 -0
-0 -0 -0
-0 -0 -0
-0 -0 -0
-0 -0 -0
-0 -0 -0
-0 -0 -0
-0 -0 -0
-0 -0 -0
-0 -0 -0
-0 -0 -0
-0 -0 -0
-0 -0 -0
-0 -0 -0
-0 -0 -0
-0 -0 -0
-0 -0 -0
-0 -0 -0
-0 -0 -0
-0 -0 -0
-0 -0 -0
-0 -0 -0
-0 -0 -0
-0 -0 -0
-0 -0 -0
-0 -0 -0
-0 -0 -0
-0 -0 -0
-0 -0 -0
-0 -0 -0
-0 -0 -0
-0 -0 -0
-0 -0 -0
-0 -0 -0
-0 -0 -0
-0 -0 -0
-0 -0 -0
-0 -0 -0
-0 -0 -0
-0 -0 -0
-0 -0 -0
-0 -0 -0
-0 -0 -0
-0 -0 -0
-0 -0 -0
-0 -0 -0
-0 -0 -0
-0 -0 -0
-0 -0 -0
-0 -0 -0
-0 -0 -0
-0 -0 -0
-0 -0 -0
-0 -0 -0
-0 -0 -0
-0 -0 -0
-0 -0 -0
-0 -0 -0
-0 -0 -0
-0 -0 -0
-0 -0 -0
-0 -0 -0
-0 -0 -0
-0 -0 -0
-0 -0 -0
-0 -0 -0
-0 -0 -0
-0 -0 -0
-0 -0 -0
-0 -0 -0
-0 -0 -0
-0 -0 -0
-0 -0 -0
-0 -0 -0
-0 -0 -0
-0 -0 -0
-0 -0 -0
-0 -0 -0
-0 -0 -0
-0 -0 -0
-0 -0 -0
-0 -0 -0
-0 -0 -0
-0 -0 -0
-0 -0 -0
-0 -0 -0
-0 -0 -0
-0 -0 -0
-0 -0 -0
-0 -0 -0
-0 -0 -0
-0 -0 -0
-0 -0 -0
-0 -0 -0
-0 -0 -0
-0 -0 -0
-0 -0 -0
-0 -0 -0
-0 -0 -0
-0 -0 -0
-0 -0 -0
-0 -0 -0
-0 -0 -0
-0 -0 -0
-0 -0 -0
-0 -0 -0
-0 -0 -0
-0 -0 -0
-0 -0 -0
-0 -0 -0
-0 -0 -0
-0 -0 -0
-0 -0 -0
-0 -0 -0
-0 -0 -0
-0 -0 -0
-0 -0 -0
-0 -0 -0
-0 -0 -0
-0 -0 -0
-0 -0 -0
-0 -0 -0
-0 -0 -0
-0 -0 -0
-0 -0 -0
-0 -0 -0
-0 -0 -0
-0 -0 -0
-0 -0 -0
-0 -0 -0
-0 -0 -0
-0 -0 -0
-0 -0 -0
-0 -0 -0
-0 -0 -0
-0 -0 -0
-0 -0 -0
-0 -0 -0
-0 -0 -0
-0 -0 -0
-0 -0 -0
-0 -0 -0
-0 -0 -0
-0 -0 -0
-0 -0 -0
-0 -0 -0
-0 -0 -0
-0 -0 -0
-0 -0 -0
-0 -0 -0
-0 -0 -0
-0 -0 -0
-0 -0 -0
-0 -0 -0
-0 -0 -0
-0 -0 -0
-0 -0 -0
-0 -0 -0
-0 -0 -0
-0 -0 -0
-0 -0 -0
-0 -0 -0
-0 -0 -0
-0 -0 -0
-0 -0 -0
-0 -0 -0
-0 -0 -0
-0 -0 -0
-0 -0 -0
-0 -0 -0
-0 -0 -0
-0 -0 -0
-0 -0 -0
-0 -0 -0
-0 -0 -0
-0 -0 -0
-0 -0 -0
-0 -0 -0
-0 -0 -0
-0 -0 -0
-0 -0 -0
-0 -0 -0
-0 -0 -0
-0 -0 -0
-0 -0 -0
-0 -0 -0
-0 -0 -0
-0 -0 -0
-0 -0 -0
-0 -0 -0
-0 -0 -0
-0 -0 -0
-0 -0 -0
-0 -0 -0
-0 -0 -0
-0 -0 -0
-0 -0 -0
-0 -0 -0
-0 -0 -0
-0 -0 -0
-0 -0 -0
-0 -0 -0
-0 -0 -0
-0 -0 -0
-0 -0 -0
-0 -0 -0
-0 -0 -0
-0 -0 -0
-0 -0 -0
-0 -0 -0
-0 -0 -0
-0 -0 -0
-0 -0 -0
-0 -0 -0
-0 -0 -0
-0 -0 -0
-0 -0 -0
-0 -0 -0
-0 -0 -0
-0 -0 -0
-0 -0 -0
-0 -0 -0
-0 -0 -0
-0 -0 -0
-0 -0 -0
-0 -0 -0
-0 -0 -0
-0 -0 -0
-0 -0 -0
-0 -0 -0
-0 -0 -0
-0 -0 -0
-0 -0 -0
-0 -0 -0
-0 -0 -0
-0 -0 -0
-0 -0 -0
-0 -0 -0
-0 -0 -0
-0 -0 -0
-0 -0 -0
-0 -0 -0
-0 -0 -0
-0 -0 -0
-0 -0 -0
-0 -0 -0
-0 -0 -0
-0 -0 -0
-0 -0 -0
-0 -0 -0
-0 -0 -0
-0 -0 -0
-0 -0 -0
-0 -0 -0
-0 -0 -0
-0 -0 -0
-0 -0 -0
-0 -0 -0
-0 -0 -0
-0 -0 -0
-0 -0 -0
-0 -0 -0
-0 -0 -0
-0 -0 -0
-0 -0 -0
-0 -0 -0
-0 -0 -0
-0 -0 -0
-0 -0 -0
-0 -0 -0
-0 -0 -0
-0 -0 -0
-0 -0 -0
-0 -0 -0
-0 -0 -0
-0 -0 -0
-0 -0 -0
-0 -0 -0
-0 -0 -0
-0 -0 -0
-0 -0 -0
-0 -0 -0
-0 -0 -0
-0 -0 -0
-0 -0 -0
-0 -0 -0
-0 -0 -0
-0 -0 -0
-0 -0 -0
-0 -0 -0
-0 -0 -0
-0 -0 -0
-0 -0 -0
-0 -0 -0
-0 -0 -0
-0 -0 -0
-0 -0 -0
-0 -0 -0
-0 -0 -0
-0 -0 -0
-0 -0 -0
-0 -0 -0
-0 -0 -0
-0 -0 -0
-0 -0 -0
-0 -0 -0
-0 -0 -0
-0 -0 -0
-0 -0 -0
-0 -0 -0
-0 -0 -0
-0 -0 -0
-0 -0 -0
-0 -0 -0
-0 -0 -0
-0 -0 -0
-0 -0 -0
-0 -0 -0
-0 -0 -0
-0 -0 -0
-0 -0 -0
-0 -0 -0
-0 -0 -0
-0 -0 -0
-0 -0 -0
-0 -0 -0
-0 -0 -0
-0 -0 -0
-0 -0 -0
-0 -0 -0
-0 -0 -0
-0 -0 -0
-0 -0 -0
-0 -0 -0
-0 -0 -0
-0 -0 -0
-0 -0 -0
-0 -0 -0
-0 -0 -0
-0 -0 -0
-0 -0 -0
-0 -0 -0
-0 -0 -0
-0 -0 -0
-0 -0 -0
-0 -0 -0
-0 -0 -0
-0 -0 -0
-0 -0 -0
-0 -0 -0
-0 -0 -0
-0 -0 -0
-0 -0 -0
-0 -0 -0
-0 -0 -0
-0 -0 -0
-0 -0 -0
-0 -0 -0
-0 -0 -0
-0 -0 -0
-0 -0 -0
-0 -0 -0
-0 -0 -0
-0 -0 -0
-0 -0 -0
-0 -0 -0
-0 -0 -0
-0 -0 -0
-0 -0 -0
-0 -0 -0
-0 -0 -0
-0 -0 -0
-0 -0 -0
-0 -0 -0
-0 -0 -0
-0 -0 -0
-0 -0 -0
-0 -0 -0
-0 -0 -0
-0 -0 -0
-0 -0 -0
-0 -0 -0
-0 -0 -0
-0 -0 -0
-0 -0 -0
-0 -0 -0
-0 -0 -0
-0 -0 -0
-0 -0 -0
-0 -0 -0
-0 -0 -0
-0 -0 -0
-0 -0 -0
-0 -0 -0
-0 -0 -0
-0 -0 -0
-0 -0 -0
-0 -0 -0
-0 -0 -0
-0 -0 -0
-0 -0 -0
-0 -0 -0
-0 -0 -0
-0 -0 -0
-0 -0 -0
-0 -0 -0
-0 -0 -0
-0 -0 -0
-0 -0 -0
-0 -0 -0
-0 -0 -0
-0 -0 -0
-0 -0 -0
-0 -0 -0
-0 -0 -0
-0 -0 -0
-0 -0 -0
-0 -0 -0
-0 -0 -0
-0 -0 -0
-0 -0 -0
-0 -0 -0
-0 -0 -0
-0 -0 -0
-0 -0 -0
-0 -0 -0
-0 -0 -0
-0 -0 -0
-0 -0 -0
-0 -0 -0
-0 -0 -0
-0 -0 -0
-0 -0 -0
-0 -0 -0
-0 -0 -0
-0 -0 -0
-0 -0 -0
-0 -0 -0
-0 -0 -0
-0 -0 -0
-0 -0 -0
-0 -0 -0
-0 -0 -0
-0 -0 -0
-0 -0 -0
-0 -0 -0
-0 -0 -0
-0 -0 -0
-0 -0 -0
-0 -0 -0
-0 -0 -0
-0 -0 -0
-0 -0 -0
-0 -0 -0
-0 -0 -0
-0 -0 -0
-0 -0 -0
-0 -0 -0
-0 -0 -0
-0 -0 -0
-0 -0 -0
-0 -0 -0
-0 -0 -0
-0 -0 -0
-0 -0 -0
-0 -0 -0
-0 -0 -0
-0 -0 -0
-0 -0 -0
-0 -0 -0
-0 -0 -0
-0 -0 -0
-0 -0 -0
-0 -0 -0
-0 -0 -0
-0 -0 -0
-0 -0 -0
-0 -0 -0
-0 -0 -0
-0 -0 -0
-0 -0 -0
-0 -0 -0
-0 -0 -0
-0 -0 -0
-0 -0 -0
-0 -0 -0
-0 -0 -0
-0 -0 -0
-0 -0 -0
-0 -0 -0
-0 -0 -0
-0 -0 -0
-0 -0 -0
-0 -0 -0
-0 -0 -0
-0 -0 -0
-0 -0 -0
-0 -0 -0
-0 -0 -0
-0 -0 -0
-0 -0 -0
-0 -0 -0
-0 -0 -0
-0 -0 -0
-0 -0 -0
-0 -0 -0
-0 -0 -0
-0 -0 -0
-0 -0 -0
-0 -0 -0
-0 -0 -0
-0 -0 -0
-0 -0 -0
-0 -0 -0
-0 -0 -0
-0 -0 -0
-0 -0 -0
-0 -0 -0
-0 -0 -0
-0 -0 -0
-0 -0 -0
-0 -0 -0
-0 -0 -0
-0 -0 -0
-0 -0 -0
-0 -0 -0
-0 -0 -0
-0 -0 -0
-0 -0 -0
-0 -0 -0
-0 -0 -0
-0 -0 -0
-0 -0 -0
-0 -0 -0
-0 -0 -0
-0 -0 -0
-0 -0 -0
-0 -0 -0
-0 -0 -0
-0 -0 -0
-0 -0 -0
-0 -0 -0
-0 -0 -0
-0 -0 -0
-0 -0 -0
-0 -0 -0
-0 -0 -0
-0 -0 -0
-0 -0 -0
-0 -0 -0
-0 -0 -0
-0 -0 -0
-0 -0 -0
-0 -0 -0
-0 -0 -0
-0 -0 -0
-0 -0 -0
-0 -0 -0
-0 -0 -0
-0 -0 -0
-0 -0 -0
-0 -0 -0
-0 -0 -0
-0 -0 -0
-0 -0 -0
-0 -0 -0
-0 -0 -0
-0 -0 -0
-0 -0 -0
-0 -0 -0
-0 -0 -0
-0 -0 -0
-0 -0 -0
-0 -0 -0
-0 -0 -0
-0 -0 -0
-0 -0 -0
-0 -0 -0
-0 -0 -0
-0 -0 -0
-0 -0 -0
-0 -0 -0
-0 -0 -0
-0 -0 -0
-0 -0 -0
-0 -0 -0
-0 -0 -0
-0 -0 -0
-0 -0 -0
-0 -0 -0
-0 -0 -0
-0 -0 -0
-0 -0 -0
-0 -0 -0
-0 -0 -0
-0 -0 -0
-0 -0 -0
-0 -0 -0
-0 -0 -0
-0 -0 -0
-0 -0 -0
-0 -0 -0
-0 -0 -0
-0 -0 -0
-0 -0 -0
-0 -0 -0
-0 -0 -0
-0 -0 -0
-0 -0 -0
-0 -0 -0
-0 -0 -0
-0 -0 -0
-0 -0 -0
-0 -0 -0
-0 -0 -0
-0 -0 -0
-0 -0 -0
-0 -0 -0
-0 -0 -0
-0 -0 -0
-0 -0 -0
-0 -0 -0
-0 -0 -0
-0 -0 -0
-0 -0 -0
-0 -0 -0
-0 -0 -0
-0 -0 -0
-0 -0 -0
-0 -0 -0
-0 -0 -0
-0 -0 -0
-0 -0 -0
-0 -0 -0
-0 -0 -0
-0 -0 -0
-0 -0 -0
-0 -0 -0
-0 -0 -0
-0 -0 -0
-0 -0 -0
-0 -0 -0
-0 -0 -0
-0 -0 -0
-0 -0 -0
-0 -0 -0
-0 -0 -0
-0 -0 -0
-0 -0 -0
-0 -0 -0
-0 -0 -0
-0 -0 -0
-0 -0 -0
-0 -0 -0
-0 -0 -0
-0 -0 -0
-0 -0 -0
-0 -0 -0
-0 -0 -0
-0 -0 -0
-0 -0 -0
-0 -0 -0
-0 -0 -0
-0 -0 -0
-0 -0 -0
-0 -0 -0
-0 -0 -0
-0 -0 -0
-0 -0 -0
-0 -0 -0
-0 -0 -0
-0 -0 -0
-0 -0 -0
-0 -0 -0
-0 -0 -0
-0 -0 -0
-0 -0 -0
-0 -0 -0
-0 -0 -0
-0 -0 -0
-0 -0 -0
-0 -0 -0
-0 -0 -0
-0 -0 -0
-0 -0 -0
-0 -0 -0
-0 -0 -0
-0 -0 -0
-0 -0 -0
-0 -0 -0
-0 -0 -0
-0 -0 -0
-0 -0 -0
-0 -0 -0
-0 -0 -0
-0 -0 -0
-0 -0 -0
-0 -0 -0
-0 -0 -0
-0 -0 -0
-0 -0 -0
-0 -0 -0
-0 -0 -0
-0 -0 -0
-0 -0 -0
-0 -0 -0
-0 -0 -0
-0 -0 -0
-0 -0 -0
-0 -0 -0
-0 -0 -0
-0 -0 -0
-0 -0 -0
-0 -0 -0
-0 -0 -0
-0 -0 -0
-0 -0 -0
-0 -0 -0
-0 -0 -0
-0 -0 -0
-0 -0 -0
-0 -0 -0
-0 -0 -0
-0 -0 -0
-0 -0 -0
-0 -0 -0
-0 -0 -0
-0 -0 -0
-0 -0 -0
-0 -0 -0
-0 -0 -0
-0 -0 -0
-0 -0 -0
-0 -0 -0
-0 -0 -0
-0 -0 -0
-0 -0 -0
-0 -0 -0
-0 -0 -0
-0 -0 -0
-0 -0 -0
-0 -0 -0
-0 -0 -0
-0 -0 -0
-0 -0 -0
-0 -0 -0
-0 -0 -0
-0 -0 -0
-0 -0 -0
-0 -0 -0
-0 -0 -0
-0 -0 -0
-0 -0 -0
-0 -0 -0
-0 -0 -0
-0 -0 -0
-0 -0 -0
-0 -0 -0
-0 -0 -0
-0 -0 -0
-0 -0 -0
-0 -0 -0
-0 -0 -0
-0 -0 -0
-0 -0 -0
-0 -0 -0
-0 -0 -0
-0 -0 -0
-0 -0 -0
-0 -0 -0
-0 -0 -0
-0 -0 -0
-0 -0 -0
-0 -0 -0
-0 -0 -0
-0 -0 -0
-0 -0 -0
-0 -0 -0
-0 -0 -0
-0 -0 -0
-0 -0 -0
-0 -0 -0
-0 -0 -0
-0 -0 -0
-0 -0 -0
-0 -0 -0
-0 -0 -0
-0 -0 -0
-0 -0 -0
-0 -0 -0
-0 -0 -0
-0 -0 -0
-0 -0 -0
-0 -0 -0
-0 -0 -0
-0 -0 -0
-0 -0 -0
-0 -0 -0
-0 -0 -0
-0 -0 -0
-0 -0 -0
-0 -0 -0
-0 -0 -0
-0 -0 -0
-0 -0 -0
-0 -0 -0
-0 -0 -0
-0 -0 -0
-0 -0 -0
-0 -0 -0
-0 -0 -0
-0 -0 -0
-0 -0 -0
-0 -0 -0
-0 -0 -0
-0 -0 -0
-0 -0 -0
-0 -0 -0
-0 -0 -0
-0 -0 -0
-0 -0 -0
-0 -0 -0
-0 -0 -0
-0 -0 -0
-0 -0 -0
-0 -0 -0
-0 -0 -0
-0 -0 -0
-0 -0 -0
-0 -0 -0
-0 -0 -0
-0 -0 -0
-0 -0 -0
-0 -0 -0
-0 -0 -0
-0 -0 -0
-0 -0 -0
-0 -0 -0
-0 -0 -0
-0 -0 -0
-0 -0 -0
-0 -0 -0
-0 -0 -0
-0 -0 -0
-0 -0 -0
-0 -0 -0
-0 -0 -0
-0 -0 -0
-0 -0 -0
-0 -0 -0
-0 -0 -0
-0 -0 -0
-0 -0 -0
-0 -0 -0
-0 -0 -0
-0 -0 -0
-0 -0 -0
-0 -0 -0
-0 -0 -0
-0 -0 -0
-0 -0 -0
-0 -0 -0
-0 -0 -0
-0 -0 -0
-0 -0 -0
-0 -0 -0
-0 -0 -0
-0 -0 -0
-0 -0 -0
-0 -0 -0
-0 -0 -0
-0 -0 -0
-0 -0 -0
-0 -0 -0
-0 -0 -0
-0 -0 -0
-0 -0 -0
-0 -0 -0
-0 -0 -0
-0 -0 -0
-0 -0 -0
-0 -0 -0
-0 -0 -0
-0 -0 -0
-0 -0 -0
-0 -0 -0
-0 -0 -0
-0 -0 -0
-0 -0 -0
-0 -0 -0
-0 -0 -0
-0 -0 -0
-0 -0 -0
-0 -0 -0
-0 -0 -0
-0 -0 -0
-0 -0 -0
-0 -0 -0
-0 -0 -0
-0 -0 -0
-0 -0 -0
-0 -0 -0
-0 -0 -0
-0 -0 -0
-0 -0 -0
-0 -0 -0
-0 -0 -0
-0 -0 -0
-0 -0 -0
-0 -0 -0
-0 -0 -0
-0 -0 -0
-0 -0 -0
-0 -0 -0
-0 -0 -0
-0 -0 -0
-0 -0 -0
-0 -0 -0
-0 -0 -0
-0 -0 -0
-0 -0 -0
-0 -0 -0
-0 -0 -0
-0 -0 -0
-0 -0 -0
-0 -0 -0
-0 -0 -0
-0 -0 -0
-0 -0 -0
-0 -0 -0
-0 -0 -0
-0 -0 -0
-0 -0 -0
-0 -0 -0
-0 -0 -0
-0 -0 -0
-0 -0 -0
-0 -0 -0
-0 -0 -0
-0 -0 -0
-0 -0 -0
-0 -0 -0
-0 -0 -0
-0 -0 -0
-0 -0 -0
-0 -0 -0
-0 -0 -0
-0 -0 -0
-0 -0 -0
-0 -0 -0
-0 -0 -0
-0 -0 -0
-0 -0 -0
-0 -0 -0
-0 -0 -0
-0 -0 -0
-0 -0 -0
-0 -0 -0
-0 -0 -0
-0 -0 -0
-0 -0 -0
-0 -0 -0
-0 -0 -0
-0 -0 -0
-0 -0 -0
-0 -0 -0
-0 -0 -0
-0 -0 -0
-0 -0 -0
-0 -0 -0
-0 -0 -0
-0 -0 -0
-0 -0 -0
-0 -0 -0
-0 -0 -0
-0 -0 -0
-0 -0 -0
-0 -0 -0
-0 -0 -0
-0 -0 -0
-0 -0 -0
-0 -0 -0
-0 -0 -0
-0 -0 -0
-0 -0 -0
-0 -0 -0
-0 -0 -0
-0 -0 -0
-0 -0 -0
-0 -0 -0
-0 -0 -0
-0 -0 -0
-0 -0 -0
-0 -0 -0
-0 -0 -0
-0 -0 -0
-0 -0 -0
-0 -0 -0
-0 -0 -0
-0 -0 -0
-0 -0 -0
-0 -0 -0
-0 -0 -0
-0 -0 -0
-0 -0 -0
-0 -0 -0
-0 -0 -0
-0 -0 -0
-0 -0 -0
-0 -0 -0
-0 -0 -0
-0 -0 -0
-0 -0 -0
-0 -0 -0
-0 -0 -0
-0 -0 -0
-0 -0 -0
-0 -0 -0
-0 -0 -0
-0 -0 -0
-0 -0 -0
-0 -0 -0
-0 -0 -0
-0 -0 -0
-0 -0 -0
-0 -0 -0
-0 -0 -0
-0 -0 -0
-0 -0 -0
-0 -0 -0
-0 -0 -0
-0 -0 -0
-0 -0 -0
-0 -0 -0
-0 -0 -0
-0 -0 -0
-0 -0 -0
-0 -0 -0
-0 -0 -0
-0 -0 -0
-0 -0 -0
-0 -0 -0
-0 -0 -0
-0 -0 -0
-0 -0 -0
-0 -0 -0
-0 -0 -0
-0 -0 -0
-0 -0 -0
-0 -0 -0
-0 -0 -0
-0 -0 -0
-0 -0 -0
-0 -0 -0
-0 -0 -0
-0 -0 -0
-0 -0 -0
-0 -0 -0
-0 -0 -0
-0 -0 -0
-0 -0 -0
-0 -0 -0
-0 -0 -0
-0 -0 -0
-0 -0 -0
-0 -0 -0
-0 -0 -0
-0 -0 -0
-0 -0 -0
-0 -0 -0
-0 -0 -0
-0 -0 -0
-0 -0 -0
-0 -0 -0
-0 -0 -0
-0 -0 -0
-0 -0 -0
-0 -0 -0
-0 -0 -0
-0 -0 -0
-0 -0 -0
-0 -0 -0
-0 -0 -0
-0 -0 -0
-0 -0 -0
-0 -0 -0
-0 -0 -0
-0 -0 -0
-0 -0 -0
-0 -0 -0
-0 -0 -0
-0 -0 -0
-0 -0 -0
-0 -0 -0
-0 -0 -0
-0 -0 -0
-0 -0 -0
-0 -0 -0
-0 -0 -0
-0 -0 -0
-0 -0 -0
-0 -0 -0
-0 -0 -0
-0 -0 -0
-0 -0 -0
-0 -0 -0
-0 -0 -0
-0 -0 -0
-0 -0 -0
-0 -0 -0
-0 -0 -0
-0 -0 -0
-0 -0 -0
-0 -0 -0
-0 -0 -0
-0 -0 -0
-0 -0 -0
-0 -0 -0
-0 -0 -0
-0 -0 -0
-0 -0 -0
-0 -0 -0
-0 -0 -0
-0 -0 -0
-0 -0 -0
-0 -0 -0
-0 -0 -0
-0 -0 -0
-0 -0 -0
-0 -0 -0
-0 -0 -0
-0 -0 -0
-0 -0 -0
-0 -0 -0
-0 -0 -0
-0 -0 -0
-0 -0 -0
-0 -0 -0
-0 -0 -0
-0 -0 -0
-0 -0 -0
-0 -0 -0
-0 -0 -0
-0 -0 -0
-0 -0 -0
-0 -0 -0
-0 -0 -0
-0 -0 -0
-0 -0 -0
-0 -0 -0
-0 -0 -0
-0 -0 -0
-0 -0 -0
-0 -0 -0
-0 -0 -0
-0 -0 -0
-0 -0 -0
-0 -0 -0
-0 -0 -0
-0 -0 -0
-0 -0 -0
-0 -0 -0
-0 -0 -0
-0 -0 -0
-0 -0 -0
-0 -0 -0
-0 -0 -0
-0 -0 -0
-0 -0 -0
-0 -0 -0
-0 -0 -0
-0 -0 -0
-0 -0 -0
-0 -0 -0
-0 -0 -0
-0 -0 -0
-0 -0 -0
-0 -0 -0
-0 -0 -0
-0 -0 -0
-0 -0 -0
-0 -0 -0
-0 -0 -0
-0 -0 -0
-0 -0 -0
-0 -0 -0
-0 -0 -0
-0 -0 -0
-0 -0 -0
-0 -0 -0
-0 -0 -0
-0 -0 -0
-0 -0 -0
-0 -0 -0
-0 -0 -0
-0 -0 -0
-0 -0 -0
-0 -0 -0
-0 -0 -0
-0 -0 -0
-0 -0 -0
-0 -0 -0
-0 -0 -0
-0 -0 -0
-0 -0 -0
-0 -0 -0
-0 -0 -0
-0 -0 -0
-0 -0 -0
-0 -0 -0
-0 -0 -0
-0 -0 -0
-0 -0 -0
-0 -0 -0
-0 -0 -0
-0 -0 -0
-0 -0 -0
-0 -0 -0
-0 -0 -0
-0 -0 -0
-0 -0 -0
-0 -0 -0
-0 -0 -0
-0 -0 -0
-0 -0 -0
-0 -0 -0
-0 -0 -0
-0 -0 -0
-0 -0 -0
-0 -0 -0
-0 -0 -0
-0 -0 -0
-0 -0 -0
-0 -0 -0
-0 -0 -0
-0 -0 -0
-0 -0 -0
-0 -0 -0
-0 -0 -0
-0 -0 -0
-0 -0 -0
-0 -0 -0
-0 -0 -0
-0 -0 -0
-0 -0 -0
-0 -0 -0
-0 -0 -0
-0 -0 -0
-0 -0 -0
-0 -0 -0
-0 -0 -0
-0 -0 -0
-0 -0 -0
-0 -0 -0
-0 -0 -0
-0 -0 -0
-0 -0 -0
-0 -0 -0
-0 -0 -0
-0 -0 -0
-0 -0 -0
-0 -0 -0
-0 -0 -0
-0 -0 -0
-0 -0 -0
-0 -0 -0
-0 -0 -0
-0 -0 -0
-0 -0 -0
-0 -0 -0
-0 -0 -0
-0 -0 -0
-0 -0 -0
-0 -0 -0
-0 -0 -0
-0 -0 -0
-0 -0 -0
-0 -0 -0
-0 -0 -0
-0 -0 -0
-0 -0 -0
-0 -0 -0
-0 -0 -0
-0 -0 -0
-0 -0 -0
-0 -0 -0
-0 -0 -0
-0 -0 -0
-0 -0 -0
-0 -0 -0
-0 -0 -0
-0 -0 -0
-0 -0 -0
-0 -0 -0
-0 -0 -0
-0 -0 -0
-0 -0 -0
-0 -0 -0
-0 -0 -0
-0 -0 -0
-0 -0 -0
-0 -0 -0
-0 -0 -0
-0 -0 -0
-0 -0 -0
-0 -0 -0
-0 -0 -0
-0 -0 -0
-0 -0 -0
-0 -0 -0
-0 -0 -0
-0 -0 -0
-0 -0 -0
-0 -0 -0
-0 -0 -0
-0 -0 -0
-0 -0 -0
-0 -0 -0
-0 -0 -0
-0 -0 -0
-0 -0 -0
-0 -0 -0
-0 -0 -0
-0 -0 -0
-0 -0 -0
-0 -0 -0
-0 -0 -0
-0 -0 -0
-0 -0 -0
-0 -0 -0
-0 -0 -0
-0 -0 -0
-0 -0 -0
-0 -0 -0
-0 -0 -0
-0 -0 -0
-0 -0 -0
-0 -0 -0
-0 -0 -0
-0 -0 -0
-0 -0 -0
-0 -0 -0
-0 -0 -0
-0 -0 -0
-0 -0 -0
-0 -0 -0
-0 -0 -0
-0 -0 -0
-0 -0 -0
-0 -0 -0
-0 -0 -0
-0 -0 -0
-0 -0 -0
-0 -0 -0
-0 -0 -0
-0 -0 -0
-0 -0 -0
-0 -0 -0
-0 -0 -0
-0 -0 -0
-0 -0 -0
-0 -0 -0
-0 -0 -0
-0 -0 -0
-0 -0 -0
-0 -0 -0
-0 -0 -0
-0 -0 -0
-0 -0 -0
-0 -0 -0
-0 -0 -0
-0 -0 -0
-0 -0 -0
-0 -0 -0
-0 -0 -0
-0 -0 -0
-0 -0 -0
-0 -0 -0
-0 -0 -0
-0 -0 -0
-0 -0 -0
-0 -0 -0
-0 -0 -0
-0 -0 -0
-0 -0 -0
-0 -0 -0
-0 -0 -0
-0 -0 -0
-0 -0 -0
-0 -0 -0
-0 -0 -0
-0 -0 -0
-0 -0 -0
-0 -0 -0
-0 -0 -0
-0 -0 -0
-0 -0 -0
-0 -0 -0
-0 -0 -0
-0 -0 -0
-0 -0 -0
-0 -0 -0
-0 -0 -0
-0 -0 -0
-0 -0 -0
-0 -0 -0
-0 -0 -0
-0 -0 -0
-0 -0 -0
-0 -0 -0
-0 -0 -0
-0 -0 -0
-0 -0 -0
-0 -0 -0
-0 -0 -0
-0 -0 -0
-0 -0 -0
-0 -0 -0
-0 -0 -0
-0 -0 -0
-0 -0 -0
-0 -0 -0
-0 -0 -0
-0 -0 -0
-0 -0 -0
-0 -0 -0
-0 -0 -0
-0 -0 -0
-0 -0 -0
-0 -0 -0
-0 -0 -0
-0 -0 -0
-0 -0 -0
-0 -0 -0
-0 -0 -0
-0 -0 -0
-0 -0 -0
-0 -0 -0
-0 -0 -0
-0 -0 -0
-0 -0 -0
-0 -0 -0
-0 -0 -0
-0 -0 -0
-0 -0 -0
-0 -0 -0
-0 -0 -0
-0 -0 -0
-0 -0 -0
-0 -0 -0
-0 -0 -0
-0 -0 -0
-0 -0 -0
-0 -0 -0
-0 -0 -0
-0 -0 -0
-0 -0 -0
-0 -0 -0
-0 -0 -0
-0 -0 -0
-0 -0 -0
-0 -0 -0
-0 -0 -0
-0 -0 -0
-0 -0 -0
-0 -0 -0
-0 -0 -0
-0 -0 -0
-0 -0 -0
-0 -0 -0
-0 -0 -0
-0 -0 -0
-0 -0 -0
-0 -0 -0
-0 -0 -0
-0 -0 -0
-0 -0 -0
-0 -0 -0
-0 -0 -0
-0 -0 -0
-0 -0 -0
-0 -0 -0
-0 -0 -0
-0 -0 -0
-0 -0 -0
-0 -0 -0
-0 -0 -0
-0 -0 -0
-0 -0 -0
-0 -0 -0
-0 -0 -0
-0 -0 -0
-0 -0 -0
-0 -0 -0
-0 -0 -0
-0 -0 -0
-0 -0 -0
-0 -0 -0
-0 -0 -0
-0 -0 -0
-0 -0 -0
-0 -0 -0
-0 -0 -0
-0 -0 -0
-0 -0 -0
-0 -0 -0
-0 -0 -0
-0 -0 -0
-0 -0 -0
-0 -0 -0
-0 -0 -0
-0 -0 -0
-0 -0 -0
-0 -0 -0
-0 -0 -0
-0 -0 -0
-0 -0 -0
-0 -0 -0
-0 -0 -0
-0 -0 -0
-0 -0 -0
-0 -0 -0
-0 -0 -0
-0 -0 -0
-0 -0 -0
-0 -0 -0
-0 -0 -0
-0 -0 -0
-0 -0 -0
-0 -0 -0
-0 -0 -0
-0 -0 -0
-0 -0 -0
-0 -0 -0
-0 -0 -0
-0 -0 -0
-0 -0 -0
-0 -0 -0
-0 -0 -0
-0 -0 -0
-0 -0 -0
-0 -0 -0
-0 -0 -0
-0 -0 -0
-0 -0 -0
-0 -0 -0
-0 -0 -0
-0 -0 -0
-0 -0 -0
-0 -0 -0
-0 -0 -0
-0 -0 -0
-0 -0 -0
-0 -0 -0
-0 -0 -0
-0 -0 -0
-0 -0 -0
-0 -0 -0
-0 -0 -0
-0 -0 -0
-0 -0 -0
-0 -0 -0
-0 -0 -0
-0 -0 -0
-0 -0 -0
-0 -0 -0
-0 -0 -0
-0 -0 -0
-0 -0 -0
-0 -0 -0
-0 -0 -0
-0 -0 -0
-0 -0 -0
-0 -0 -0
-0 -0 -0
-0 -0 -0
-0 -0 -0
-0 -0 -0
-0 -0 -0
-0 -0 -0
-0 -0 -0
-0 -0 -0
-0 -0 -0
-0 -0 -0
-0 -0 -0
-0 -0 -0
-0 -0 -0
-0 -0 -0
-0 -0 -0
-0 -0 -0
-0 -0 -0
-0 -0 -0
-0 -0 -0
-0 -0 -0
-0 -0 -0
-0 -0 -0
-0 -0 -0
-0 -0 -0
-0 -0 -0
-0 -0 -0
-0 -0 -0
-0 -0 -0
-0 -0 -0
-0 -0 -0
-0 -0 -0
-0 -0 -0
-0 -0 -0
-0 -0 -0
-0 -0 -0
-0 -0 -0
-0 -0 -0
-0 -0 -0
-0 -0 -0
-0 -0 -0
-0 -0 -0
-0 -0 -0
-0 -0 -0
-0 -0 -0
-0 -0 -0
-0 -0 -0
-0 -0 -0
-0 -0 -0
-0 -0 -0
-0 -0 -0
-0 -0 -0
-0 -0 -0
-0 -0 -0
-0 -0 -0
-0 -0 -0
-0 -0 -0
-0 -0 -0
-0 -0 -0
-0 -0 -0
-0 -0 -0
-0 -0 -0
-0 -0 -0
-0 -0 -0
-0 -0 -0
-0 -0 -0
-0 -0 -0
-0 -0 -0
-0 -0 -0
-0 -0 -0
-0 -0 -0
-0 -0 -0
-0 -0 -0
-0 -0 -0
-0 -0 -0
-0 -0 -0
-0 -0 -0
-0 -0 -0
-0 -0 -0
-0 -0 -0
-0 -0 -0
-0 -0 -0
-0 -0 -0
-0 -0 -0
-0 -0 -0
-0 -0 -0
-0 -0 -0
-0 -0 -0
-0 -0 -0
-0 -0 -0
-0 -0 -0
-0 -0 -0
-0 -0 -0
-0 -0 -0
-0 -0 -0
-0 -0 -0
-0 -0 -0
-0 -0 -0
-0 -0 -0
-0 -0 -0
-0 -0 -0
-0 -0 -0
-0 -0 -0
-0 -0 -0
-0 -0 -0
-0 -0 -0
-0 -0 -0
-0 -0 -0
-0 -0 -0
-0 -0 -0
-0 -0 -0
-0 -0 -0
-0 -0 -0
-0 -0 -0
-0 -0 -0
-0 -0 -0
-0 -0 -0
-0 -0 -0
-0 -0 -0
-0 -0 -0
-0 -0 -0
-0 -0 -0
-0 -0 -0
-0 -0 -0
-0 -0 -0
-0 -0 -0
-0 -0 -0
-0 -0 -0
-0 -0 -0
-0 -0 -0
-0 -0 -0
-0 -0 -0
-0 -0 -0
-0 -0 -0
-0 -0 -0
-0 -0 -0
-0 -0 -0
-0 -0 -0
-0 -0 -0
-0 -0 -0
-0 -0 -0
-0 -0 -0
-0 -0 -0
-0 -0 -0
-0 -0 -0
-0 -0 -0
-0 -0 -0
-0 -0 -0
-0 -0 -0
-0 -0 -0
-0 -0 -0
-0 -0 -0
-0 -0 -0
-0 -0 -0
-0 -0 -0
-0 -0 -0
-0 -0 -0
-0 -0 -0
-0 -0 -0
-0 -0 -0
-0 -0 -0
-0 -0 -0
-0 -0 -0
-0 -0 -0
-0 -0 -0
-0 -0 -0
-0 -0 -0
-0 -0 -0
-0 -0 -0
-0 -0 -0
-0 -0 -0
-0 -0 -0
-0 -0 -0
-0 -0 -0
-0 -0 -0
-0 -0 -0
-0 -0 -0
-0 -0 -0
-0 -0 -0
-0 -0 -0
-0 -0 -0
-0 -0 -0
-0 -0 -0
-0 -0 -0
-0 -0 -0
-0 -0 -0
-0 -0 -0
-0 -0 -0
-0 -0 -0
-0 -0 -0
-0 -0 -0
-0 -0 -0
-0 -0 -0
-0 -0 -0
-0 -0 -0
-0 -0 -0
-0 -0 -0
-0 -0 -0
-0 -0 -0
-0 -0 -0
-0 -0 -0
-0 -0 -0
-0 -0 -0
-0 -0 -0
-0 -0 -0
-0 -0 -0
-0 -0 -0
-0 -0 -0
-0 -0 -0
-0 -0 -0
-0 -0 -0
-0 -0 -0
-0 -0 -0
-0 -0 -0
-0 -0 -0
-0 -0 -0
-0 -0 -0
-0 -0 -0
-0 -0 -0
-0 -0 -0
-0 -0 -0
-0 -0 -0
-0 -0 -0
-0 -0 -0
-0 -0 -0
-0 -0 -0
-0 -0 -0
-0 -0 -0
-0 -0 -0
-0 -0 -0
-0 -0 -0
-0 -0 -0
-0 -0 -0
-0 -0 -0
-0 -0 -0
-0 -0 -0
-0 -0 -0
-0 -0 -0
-0 -0 -0
-0 -0 -0
-0 -0 -0
-0 -0 -0
-0 -0 -0
-0 -0 -0
-0 -0 -0
-0 -0 -0
-0 -0 -0
-0 -0 -0
-0 -0 -0
-0 -0 -0
-0 -0 -0
-0 -0 -0
-0 -0 -0
-0 -0 -0
-0 -0 -0
-0 -0 -0
-0 -0 -0
-0 -0 -0
-0 -0 -0
-0 -0 -0
-0 -0 -0
-0 -0 -0
-0 -0 -0
-0 -0 -0
-0 -0 -0
-0 -0 -0
-0 -0 -0
-0 -0 -0
-0 -0 -0
-0 -0 -0
-0 -0 -0
-0 -0 -0
-0 -0 -0
-0 -0 -0
-0 -0 -0
-0 -0 -0
-0 -0 -0
-0 -0 -0
-0 -0 -0
-0 -0 -0
-0 -0 -0
-0 -0 -0
-0 -0 -0
-0 -0 -0
-0 -0 -0
-0 -0 -0
-0 -0 -0
-0 -0 -0
-0 -0 -0
-0 -0 -0
-0 -0 -0
-0 -0 -0
-0 -0 -0
-0 -0 -0
-0 -0 -0
-0 -0 -0
-0 -0 -0
-0 -0 -0
-0 -0 -0
-0 -0 -0
-0 -0 -0
-0 -0 -0
-0 -0 -0
-0 -0 -0
-0 -0 -0
-0 -0 -0
-0 -0 -0
-0 -0 -0
-0 -0 -0
-0 -0 -0
-0 -0 -0
-0 -0 -0
-0 -0 -0
-0 -0 -0
-0 -0 -0
-0 -0 -0
-0 -0 -0
-0 -0 -0
-0 -0 -0
-0 -0 -0
-0 -0 -0
-0 -0 -0
-0 -0 -0
-0 -0 -0
-0 -0 -0
-0 -0 -0
-0 -0 -0
-0 -0 -0
-0 -0 -0
-0 -0 -0
-0 -0 -0
-0 -0 -0
-0 -0 -0
-0 -0 -0
-0 -0 -0
-0 -0 -0
-0 -0 -0
-0 -0 -0
-0 -0 -0
-0 -0 -0
-0 -0 -0
-0 -0 -0
-0 -0 -0
-0 -0 -0
-0 -0 -0
-0 -0 -0
-0 -0 -0
-0 -0 -0
-0 -0 -0
-0 -0 -0
-0 -0 -0
-0 -0 -0
-0 -0 -0
-0 -0 -0
-0 -0 -0
-0 -0 -0
-0 -0 -0
-0 -0 -0
-0 -0 -0
-0 -0 -0
-0 -0 -0
-0 -0 -0
-0 -0 -0
-0 -0 -0
-0 -0 -0
-0 -0 -0
-0 -0 -0
-0 -0 -0
-0 -0 -0
-0 -0 -0
-0 -0 -0
-0 -0 -0
-0 -0 -0
-0 -0 -0
-0 -0 -0
-0 -0 -0
-0 -0 -0
-0 -0 -0
-0 -0 -0
-0 -0 -0
-0 -0 -0
-0 -0 -0
-0 -0 -0
-0 -0 -0
-0 -0 -0
-0 -0 -0
-0 -0 -0
-0 -0 -0
-0 -0 -0
-0 -0 -0
-0 -0 -0
-0 -0 -0
-0 -0 -0
-0 -0 -0
-0 -0 -0
-0 -0 -0
-0 -0 -0
-0 -0 -0
-0 -0 -0
-0 -0 -0
-0 -0 -0
-0 -0 -0
-0 -0 -0
-0 -0 -0
-0 -0 -0
-0 -0 -0
-0 -0 -0
-0 -0 -0
-0 -0 -0
-0 -0 -0
-0 -0 -0
-0 -0 -0
-0 -0 -0
-0 -0 -0
-0 -0 -0
-0 -0 -0
-0 -0 -0
-0 -0 -0
-0 -0 -0
-0 -0 -0
-0 -0 -0
-0 -0 -0
-0 -0 -0
-0 -0 -0
-0 -0 -0
-0 -0 -0
-0 -0 -0
-0 -0 -0
-0 -0 -0
-0 -0 -0
-0 -0 -0
-0 -0 -0
-0 -0 -0
-0 -0 -0
-0 -0 -0
-0 -0 -0
-0 -0 -0
-0 -0 -0
-0 -0 -0
-0 -0 -0
-0 -0 -0
-0 -0 -0
-0 -0 -0
-0 -0 -0
-0 -0 -0
-0 -0 -0
-0 -0 -0
-0 -0 -0
-0 -0 -0
-0 -0 -0
-0 -0 -0
-0 -0 -0
-0 -0 -0
-0 -0 -0
-0 -0 -0
-0 -0 -0
-0 -0 -0
-0 -0 -0
-0 -0 -0
-0 -0 -0
-0 -0 -0
-0 -0 -0
-0 -0 -0
-0 -0 -0
-0 -0 -0
-0 -0 -0
-0 -0 -0
-0 -0 -0
-0 -0 -0
-0 -0 -0
-0 -0 -0
-0 -0 -0
-0 -0 -0
-0 -0 -0
-0 -0 -0
-0 -0 -0
-0 -0 -0
-0 -0 -0
-0 -0 -0
-0 -0 -0
-0 -0 -0
-0 -0 -0
-0 -0 -0
-0 -0 -0
-0 -0 -0
-0 -0 -0
-0 -0 -0
-0 -0 -0
-0 -0 -0
-0 -0 -0
-0 -0 -0
-0 -0 -0
-0 -0 -0
-0 -0 -0
-0 -0 -0
-0 -0 -0
-0 -0 -0
-0 -0 -0
-0 -0 -0
-0 -0 -0
-0 -0 -0
-0 -0 -0
-0 -0 -0
-0 -0 -0
-0 -0 -0
-0 -0 -0
-0 -0 -0
-0 -0 -0
-0 -0 -0
-0 -0 -0
-0 -0 -0
-0 -0 -0
-0 -0 -0
-0 -0 -0
-0 -0 -0
-0 -0 -0
-0 -0 -0
-0 -0 -0
-0 -0 -0
-0 -0 -0
-0 -0 -0
-0 -0 -0
-0 -0 -0
-0 -0 -0
-0 -0 -0
-0 -0 -0
-0 -0 -0
-0 -0 -0
-0 -0 -0
-0 -0 -0
-0 -0 -0
-0 -0 -0
-0 -0 -0
-0 -0 -0
-0 -0 -0
-0 -0 -0
-0 -0 -0
-0 -0 -0
-0 -0 -0
-0 -0 -0
-0 -0 -0
-0 -0 -0
-0 -0 -0
-0 -0 -0
-0 -0 -0
-0 -0 -0
-0 -0 -0
-0 -0 -0
-0 -0 -0
-0 -0 -0
-0 -0 -0
-0 -0 -0
-0 -0 -0
-0 -0 -0
-0 -0 -0
-0 -0 -0
-0 -0 -0
-0 -0 -0
-0 -0 -0
-0 -0 -0
-0 -0 -0
-0 -0 -0
-0 -0 -0
-0 -0 -0
-0 -0 -0
-0 -0 -0
-0 -0 -0
-0 -0 -0
-0 -0 -0
-0 -0 -0
-0 -0 -0
-0 -0 -0
-0 -0 -0
-0 -0 -0
-0 -0 -0
-0 -0 -0
-0 -0 -0
-0 -0 -0
-0 -0 -0
-0 -0 -0
-0 -0 -0
-0 -0 -0
-0 -0 -0
-0 -0 -0
-0 -0 -0
-0 -0 -0
-0 -0 -0
-0 -0 -0
-0 -0 -0
-0 -0 -0
-0 -0 -0
-0 -0 -0
-0 -0 -0
-0 -0 -0
-0 -0 -0
-0 -0 -0
-0 -0 -0
-0 -0 -0
-0 -0 -0
-0 -0 -0
-0 -0 -0
-0 -0 -0
-0 -0 -0
-0 -0 -0
-0 -0 -0
-0 -0 -0
-0 -0 -0
-0 -0 -0
-0 -0 -0
-0 -0 -0
-0 -0 -0
-0 -0 -0
-0 -0 -0
-0 -0 -0
-0 -0 -0
-0 -0 -0
-0 -0 -0
-0 -0 -0
-0 -0 -0
-0 -0 -0
-0 -0 -0
-0 -0 -0
-0 -0 -0
-0 -0 -0
-0 -0 -0
-0 -0 -0
-0 -0 -0
-0 -0 -0
-0 -0 -0
-0 -0 -0
-0 -0 -0
-0 -0 -0
-0 -0 -0
-0 -0 -0
-0 -0 -0
-0 -0 -0
-0 -0 -0
-0 -0 -0
-0 -0 -0
-0 -0 -0
-0 -0 -0
-0 -0 -0
-0 -0 -0
-0 -0 -0
-0 -0 -0
-0 -0 -0
-0 -0 -0
-0 -0 -0
-0 -0 -0
-0 -0 -0
-0 -0 -0
-0 -0 -0
-0 -0 -0
-0 -0 -0
-0 -0 -0
-0 -0 -0
-0 -0 -0
-0 -0 -0
-0 -0 -0
-0 -0 -0
-0 -0 -0
-0 -0 -0
-0 -0 -0
-0 -0 -0
-0 -0 -0
-0 -0 -0
-0 -0 -0
-0 -0 -0
-0 -0 -0
-0 -0 -0
-0 -0 -0
-0 -0 -0
-0 -0 -0
-0 -0 -0
-0 -0 -0
-0 -0 -0
-0 -0 -0
-0 -0 -0
-0 -0 -0
-0 -0 -0
-0 -0 -0
-0 -0 -0
-0 -0 -0
-0 -0 -0
-0 -0 -0
-0 -0 -0
-0 -0 -0
-0 -0 -0
-0 -0 -0
-0 -0 -0
-0 -0 -0
-0 -0 -0
-0 -0 -0
-0 -0 -0
-0 -0 -0
-0 -0 -0
-0 -0 -0
-0 -0 -0
-0 -0 -0
-0 -0 -0
-0 -0 -0
-0 -0 -0
-0 -0 -0
-0 -0 -0
-0 -0 -0
-0 -0 -0
-0 -0 -0
-0 -0 -0
-0 -0 -0
-0 -0 -0
-0 -0 -0
-0 -0 -0
-0 -0 -0
-0 -0 -0
-0 -0 -0
-0 -0 -0
-0 -0 -0
-0 -0 -0
-0 -0 -0
-0 -0 -0
-0 -0 -0
-0 -0 -0
-0 -0 -0
-0 -0 -0
-0 -0 -0
-0 -0 -0
-0 -0 -0
-0 -0 -0
-0 -0 -0
-0 -0 -0
-0 -0 -0
-0 -0 -0
-0 -0 -0
-0 -0 -0
-0 -0 -0
-0 -0 -0
-0 -0 -0
-0 -0 -0
-0 -0 -0
-0 -0 -0
-0 -0 -0
-0 -0 -0
-0 -0 -0
-0 -0 -0
-0 -0 -0
-0 -0 -0
-0 -0 -0
-0 -0 -0
-0 -0 -0
-0 -0 -0
-0 -0 -0
-0 -0 -0
-0 -0 -0
-0 -0 -0
-0 -0 -0
-0 -0 -0
-0 -0 -0
-0 -0 -0
-0 -0 -0
-0 -0 -0
-0 -0 -0
-0 -0 -0
-0 -0 -0
-0 -0 -0
-0 -0 -0
-0 -0 -0
-0 -0 -0
-0 -0 -0
-0 -0 -0
-0 -0 -0
-0 -0 -0
-0 -0 -0
-0 -0 -0
-0 -0 -0
-0 -0 -0
-0 -0 -0
-0 -0 -0
-0 -0 -0
-0 -0 -0
-0 -0 -0
-0 -0 -0
-0 -0 -0
-0 -0 -0
-0 -0 -0
-0 -0 -0
-0 -0 -0
-0 -0 -0
-0 -0 -0
-0 -0 -0
-0 -0 -0
-0 -0 -0
-0 -0 -0
-0 -0 -0
-0 -0 -0
-0 -0 -0
-0 -0 -0
-0 -0 -0
-0 -0 -0
-0 -0 -0
-0 -0 -0
-0 -0 -0
-0 -0 -0
-0 -0 -0
-0 -0 -0
-0 -0 -0
-0 -0 -0
-0 -0 -0
-0 -0 -0
-0 -0 -0
-0 -0 -0
-0 -0 -0
-0 -0 -0
-0 -0 -0
-0 -0 -0
-0 -0 -0
-0 -0 -0
-0 -0 -0
-0 -0 -0
-0 -0 -0
-0 -0 -0
-0 -0 -0
-0 -0 -0
-0 -0 -0
-0 -0 -0
-0 -0 -0
-0 -0 -0
-0 -0 -0
-0 -0 -0
-0 -0 -0
-0 -0 -0
-0 -0 -0
-0 -0 -0
-0 -0 -0
-0 -0 -0
-0 -0 -0
-0 -0 -0
-0 -0 -0
-0 -0 -0
-0 -0 -0
-0 -0 -0
-0 -0 -0
-0 -0 -0
-0 -0 -0
-0 -0 -0
-0 -0 -0
-0 -0 -0
-0 -0 -0
-0 -0 -0
-0 -0 -0
-0 -0 -0
-0 -0 -0
-0 -0 -0
-0 -0 -0
-0 -0 -0
-0 -0 -0
-0 -0 -0
-0 -0 -0
-0 -0 -0
-0 -0 -0
-0 -0 -0
-0 -0 -0
-0 -0 -0
-0 -0 -0
-0 -0 -0
-0 -0 -0
-0 -0 -0
-0 -0 -0
-0 -0 -0
-0 -0 -0
-0 -0 -0
-0 -0 -0
-0 -0 -0
-0 -0 -0
-0 -0 -0
-0 -0 -0
-0 -0 -0
-0 -0 -0
-0 -0 -0
-0 -0 -0
-0 -0 -0
-0 -0 -0
-0 -0 -0
-0 -0 -0
-0 -0 -0
-0 -0 -0
-0 -0 -0
-0 -0 -0
-0 -0 -0
-0 -0 -0
-0 -0 -0
-0 -0 -0
-0 -0 -0
-0 -0 -0
-0 -0 -0
-0 -0 -0
-0 -0 -0
-0 -0 -0
-0 -0 -0
-0 -0 -0
-0 -0 -0
-0 -0 -0
-0 -0 -0
-0 -0 -0
-0 -0 -0
-0 -0 -0
-0 -0 -0
-0 -0 -0
-0 -0 -0
-0 -0 -0
-0 -0 -0
-0 -0 -0
-0 -0 -0
-0 -0 -0
-0 -0 -0
-0 -0 -0
-0 -0 -0
-0 -0 -0
-0 -0 -0
-0 -0 -0
-0 -0 -0
-0 -0 -0
-0 -0 -0
-0 -0 -0
-0 -0 -0
-0 -0 -0
-0 -0 -0
-0 -0 -0
-0 -0 -0
-0 -0 -0
-0 -0 -0
-0 -0 -0
-0 -0 -0
-0 -0 -0
-0 -0 -0
-0 -0 -0
-0 -0 -0
-0 -0 -0
-0 -0 -0
-0 -0 -0
-0 -0 -0
-0 -0 -0
-0 -0 -0
-0 -0 -0
-0 -0 -0
-0 -0 -0
-0 -0 -0
-0 -0 -0
-0 -0 -0
-0 -0 -0
-0 -0 -0
-0 -0 -0
-0 -0 -0
-0 -0 -0
-0 -0 -0
-0 -0 -0
-0 -0 -0
-0 -0 -0
-0 -0 -0
-0 -0 -0
-0 -0 -0
-0 -0 -0
-0 -0 -0
-0 -0 -0
-0 -0 -0
-0 -0 -0
-0 -0 -0
-0 -0 -0
-0 -0 -0
-0 -0 -0
-0 -0 -0
-0 -0 -0
-0 -0 -0
-0 -0 -0
-0 -0 -0
-0 -0 -0
-0 -0 -0
-0 -0 -0
-0 -0 -0
-0 -0 -0
-0 -0 -0
-0 -0 -0
-0 -0 -0
-0 -0 -0
-0 -0 -0
-0 -0 -0
-0 -0 -0
-0 -0 -0
-0 -0 -0
-0 -0 -0
-0 -0 -0
-0 -0 -0
-0 -0 -0
-0 -0 -0
-0 -0 -0
-0 -0 -0
-0 -0 -0
-0 -0 -0
-0 -0 -0
-0 -0 -0
-0 -0 -0
-0 -0 -0
-0 -0 -0
-0 -0 -0
-0 -0 -0
-0 -0 -0
-0 -0 -0
-0 -0 -0
-0 -0 -0
-0 -0 -0
-0 -0 -0
-0 -0 -0
-0 -0 -0
-0 -0 -0
-0 -0 -0
-0 -0 -0
-0 -0 -0
-0 -0 -0
-0 -0 -0
-0 -0 -0
-0 -0 -0
-0 -0 -0
-0 -0 -0
-0 -0 -0
-0 -0 -0
-0 -0 -0
-0 -0 -0
-0 -0 -0
-0 -0 -0
-0 -0 -0
-0 -0 -0
-0 -0 -0
-0 -0 -0
-0 -0 -0
-0 -0 -0
-0 -0 -0
-0 -0 -0
-0 -0 -0
-0 -0 -0
-0 -0 -0
-0 -0 -0
-0 -0 -0
-0 -0 -0
-0 -0 -0
-0 -0 -0
-0 -0 -0
-0 -0 -0
-0 -0 -0
-0 -0 -0
-0 -0 -0
-0 -0 -0
-0 -0 -0
-0 -0 -0
-0 -0 -0
-0 -0 -0
-0 -0 -0
-0 -0 -0
-0 -0 -0
-0 -0 -0
-0 -0 -0
-0 -0 -0
-0 -0 -0
-0 -0 -0
-0 -0 -0
-0 -0 -0
-0 -0 -0
-0 -0 -0
-0 -0 -0
-0 -0 -0
-0 -0 -0
-0 -0 -0
-0 -0 -0
-0 -0 -0
-0 -0 -0
-0 -0 -0
SCALARS density float 1
LOOKUP_TABLE default
219.0590474225971
293.5928650058637
292.49931684192541
389.816044654959
338.71099576095287
450.31388707716269
359.03902497276692
476.88190874933468
336.5250228802214
350.81726053692068
351.17004581889853
445.9614162634839
464.86478449726121
465.57462504534374
349.12668898608081
348.46174974046437
349.31251814016912
463.02250761444338
462.2060594428184
463.32323005060255
514.43331768442306
536.0150777502671
536.90541944767961
544.29411558607046
566.89112942566874
567.90287685730777
534.14316285219229
533.30929752524662
534.61374409165535
565.20392935642531
564.45887217004679
565.86265610343764
351.26530854972589
350.46191510873348
335.41622366859019
465.84840912060417
464.625780008736
444.77895876651758
291.27497492957559
214.32708475654076
387.34505963362233
288.07616875486792
537.46051676697368
535.82032849318648
512.40589172698526
568.77142640273098
566.6581260891586
540.96005660889011
445.57256500907374
330.85470422963522
468.41327317731702
344.86860108860958
364.29063558582175
360.35183532871645
483.88748887738325
478.69294654999953
341.35757767691166
453.75556649210182
296.01121867498944
394.1281885086654
222.81881429085436
297.83150391342645
552.22249151168967
575.17579319919309
546.59193151352895
569.75677068605751
576.4225052906595
571.33811207292592
518.65600640406262
541.23157510142289
543.15298664518161
573.91816893052101
569.06797802452036
573.29848462092616
574.73755151833097
568.56586289670986
569.9971539672606
541.15806641586005
540.75512425391173
542.11872465978615
451.1579175800814
471.25069424155799
473.21957522927357
341.40040970114433
356.75869241902126
358.28848831837013
471.58954405612758
471.28002575489006
472.4752089708071
357.08772503811133
356.87132230152974
357.78810869902702
577.55377522917377
572.65526304693367
574.95502354547693
547.95869898916078
569.66459681252184
542.23172146706213
544.54747579316108
541.39046611462982
515.07738318610382
472.79720222448452
467.10312012584109
345.04131332114389
339.89872215894695
443.86557058838901
324.0663140614555
474.53600477758164
471.64598289053367
448.73313303592965
359.36124878544888
357.25002468162336
340.01133649978317
387.23968704524054
283.83534053093751
293.43295329409409
214.68024086499142
292.87603671518741
390.12851840290807
390.10946120920937
517.17155322807957
451.45534644658642
597.18270000589848
478.47885714407334
632.34236653970481
446.08488856182839
464.77959749441288
465.3585761625136
590.65783438963979
615.73069834784496
616.99036442448414
462.7650671567236
461.94687873316445
463.09633260291582
613.75095408981315
612.70235588747653
614.15597404125742
681.37683138115347
710.33447392444759
712.032416464584
721.160827180257
751.7726435336574
753.77537579461989
708.52488191126929
707.41547887524723
709.06872199415034
750.34753294374286
749.31842978117299
751.06414915880725
338.79686803001459
450.4426567366678
451.03687228280319
596.93505385489289
521.80719316011357
689.02773299860587
552.97738159487767
729.4943842960646
514.41290334917539
535.75950149198877
536.45097049627964
681.20560780746587
710.12414248242339
711.72760913665388
533.57822711232257
532.70292470705249
534.04830357524418
708.13744406030071
706.98505596723976
708.65241473437902
785.74877782341605
819.33651340061374
821.55900813989217
831.63302381021674
867.27480470965872
869.93533769636019
817.67743840328546
816.43725554872742
818.30403354021257
866.14943009134186
864.97942006464791
866.9235975336926
465.65736141232253
464.22980107120372
443.52828661872604
617.44453984709128
615.72257450652057
589.78176594312401
384.2831931450213
282.39844110058311
515.41007218951916
387.5426416265434
712.76014149130333
710.77458222096982
681.27785990272116
754.83051207361427
752.4846112259404
720.93975929632552
596.84490980828866
451.68618962960591
631.19502967968606
477.31126633594226
536.98700754346669
535.21143518855558
511.00061479127248
712.41012987383397
710.45974770747011
680.83382191085684
442.15968091875686
324.31810846178109
596.0112507592936
450.19825648557207
822.50323919722018
820.3829432193437
787.19866776960532
871.19121911067577
868.75298287035082
833.63249115862413
691.81437381730279
527.26811583648612
732.90841633865659
559.19953088070747
358.2476523589313
476.34581379601855
477.24425570562732
631.51540346652496
551.8142022016757
728.73723840555033
584.50967010061424
771.30616714045254
543.89709299046729
566.42236561968139
567.22872584691288
720.63038394579905
751.2780601723332
753.1208297582956
564.32903578142395
563.47896257359059
564.92223337189284
749.50073934443003
748.36247674872993
750.13137076650435
831.18856076031193
866.92682645932621
869.5129227283187
879.58991017544167
917.61472739146734
920.73570562437271
865.6075426007294
864.36584833518327
866.3178967041498
916.93874178357544
915.75182392511635
917.75361948444493
363.30280252216153
483.36747794946655
484.09276217016304
641.02378099863336
363.7909875060966
483.98883889294177
484.83637583979589
641.93728685940221
559.79688436374579
739.7362186496656
592.95913543562017
782.90195145115013
560.91310813433927
740.98847247201934
594.29174068567295
784.37326798882305
552.06366493464589
575.05954187206271
576.06230729217498
731.75199001524845
763.10702694533597
765.2505866674411
573.2524208173445
572.46870637826601
573.96146273054467
761.75032206631192
760.68254861426169
762.49268181023706
552.8880088834369
576.10679757554851
577.27067538510403
732.94292424443245
764.61047530102962
766.98716898138275
574.55758107745578
573.85196753464857
575.39274843546252
763.61634785558272
762.63344638152103
764.47911468095049
844.05571355563109
880.654064951034
883.6211664559911
893.16961874052504
932.15350578166237
935.70997629560986
879.85697676129996
878.67921284378235
880.64917294458189
932.06539446973636
930.92640752252407
932.91263093599343
845.59771077327377
882.55954775268663
885.80911382338695
894.96279431484879
934.35785074801072
938.23093809260035
882.19418997172613
881.09427643289462
883.07203447692996
934.74362921953605
933.66514688863481
935.62331191653243
568.00058718484263
566.0680642342104
540.38074047317423
754.05444993675997
751.97735409313725
720.76261260311264
467.50750760178857
342.9089099245366
631.3668943541204
477.7442797579796
870.67969922179316
868.45171167098852
833.67903564586231
922.15834090241367
919.5959852411703
882.90535355398526
733.44446884669719
560.28678572579588
777.25772649109263
594.57107128771611
577.04703502053121
574.97332926648789
548.86863746245524
766.40698333119963
764.15227064703481
732.43053671677262
475.06057399165354
349.08227130740136
641.82625133898921
486.20419130484186
578.44936617049518
576.18148424547178
549.73308476511522
768.33289946519301
765.82289709982444
733.64687244904542
475.61016935888347
349.54510562296969
642.55436814302641
486.62522566724192
884.97043869352763
882.5099462381819
847.12312097734423
937.23626700924569
934.39096584304093
897.00577071935936
745.42436257429472
569.77285732647022
789.75447144262603
604.30415524336831
887.29047572126069
884.50962170963328
848.55337769501705
939.80002700302532
936.58636529008402
898.56042245954495
746.17076736692263
569.94978234030339
790.50291441583158
604.30850814773567
485.57488303745799
480.04695269154388
641.69747569840968
634.57463982036904
454.79876818170578
601.45231889914112
394.67797758423706
522.56862057605576
297.84921749961359
395.3861254069235
731.88898258520669
763.15174164581117
724.30100563714086
755.94188531677526
765.54447256492665
758.82480437825359
687.12884079459673
717.9053831731535
721.20814959415497
762.36663869235952
755.95012010662299
761.47705338555477
763.24599806507945
755.20029634087348
756.94679946524707
718.69379768966553
718.0746523466695
719.73303600848385
597.67548975307591
624.96845445737222
628.22276333719174
452.58818378577655
473.35909118008965
475.85311252809504
626.18210776998035
625.69513043950769
627.14191104837369
474.35231879781634
474.00543191683028
475.10772091590559
561.16051798106196
740.2679014198178
554.963531337463
732.26996681876153
526.13055992464933
694.38270873769989
457.3003857079616
603.81671193719353
345.84242300662515
457.24248051681195
844.07593679395848
880.58616296360015
835.61165176026464
872.61993724726244
883.75680884465942
876.3794530538911
793.04740810444798
829.03732061295898
833.26399103851736
880.25386476061169
873.21510937949654
879.2216516078214
881.1672922295237
872.32672618376341
874.23035865528288
830.50169150217755
829.75515402949065
831.55216571925052
690.14087284716868
721.96481998628099
726.05507153950384
522.69801365631872
546.76554019322384
549.84936670302875
723.81874545092228
723.22724393513022
724.79170255164524
548.20588961580359
547.78574315764104
548.97608510071257
766.89343628252266
760.38941225479641
764.08602637381705
731.42844831969842
757.13688910789733
724.09073876458592
722.87200066176638
719.36108771167699
687.5971531022559
639.5185344125465
632.61035115306015
482.54206654840368
477.17864451847674
600.85474562142304
454.01610035301735
629.79710808967059
626.57109852758208
598.93695173329468
477.12772060160546
474.83270665920975
454.23308291077115
523.79556872495016
396.84598482893739
397.75102055708635
301.87175675879701
885.28427113204793
878.10309326634103
882.38064782406536
846.24076977415223
874.69790736541472
838.13153402450234
835.06966713771317
831.32216411456784
796.03384882278408
743.55334426687841
735.96445016895677
561.23083316461873
566.94262472980688
698.90079319089193
533.59270546440496
727.75477844855504
724.24317634040074
693.36844822142086
551.2209032689841
548.69989522389449
525.6427960238982
608.93457428646559
465.73469803536545
462.15869291576462
354.15498591316714
593.53469243148243
782.88633293435453
587.60977521141399
774.98515125900963
557.44391577428553
735.32971830782685
485.34964049765017
640.0095335697722
367.79611616444186
484.98239539366432
892.85068051622329
931.8033908077258
884.41633049875395
923.87992058682141
935.48124122887623
928.17455013824724
839.86185790912066
878.25994532882066
883.03010521715089
931.98020807671628
930.92063621146872
925.01846663621075
924.09346097201444
932.8974868375841
926.00629936224607
880.28081741135748
879.49120588548305
881.28108366924505
731.26865338218659
765.1176238199273
769.66523571047344
553.87382089766709
579.31163156318325
582.69153959091159
767.44459174549775
766.81605808543395
768.36965100659711
581.05902854587225
580.61506395528374
581.79669458295245
602.38568274227964
794.84673510243238
596.99080465643829
787.31969001573623
567.13435722061831
747.66621950168724
603.58922349722127
796.3169641690323
598.33807608404402
788.91051887012679
568.46814631994528
749.24431746311484
494.17118705468158
651.07834485015962
374.85889032402531
493.53783673143289
495.67686820261383
652.65799325627506
376.22422013346932
494.87613434001162
906.79044802924966
946.72764537066382
898.61706483523358
939.01929343310542
950.86223542886478
943.76333768000381
853.85431028427706
893.07826418912157
898.25642576352709
947.51602540137287
946.4869613743931
940.75741249037958
939.8492489322133
948.41663984374975
941.6927701123368
895.64649347321597
894.86526128771754
896.57678421706839
908.69692130290002
949.11999997045609
900.62688814582577
941.51032490876059
953.60519983732615
946.60924300333272
855.82784511546834
895.50987397714778
901.03065026909496
950.41812148839892
949.42938771451168
943.76097982304077
942.88109624218532
951.29670018338606
944.64188698819817
898.57159434646189
897.8114985355561
899.43347825539877
743.73003896164914
778.2705256117473
783.16070661074264
563.30912392910932
589.18138383110181
592.79119984803401
781.05912463177458
780.4331150433635
781.91117076816977
591.24509332557636
590.80373273469229
591.92635650114767
745.54934160126595
780.4347773380822
785.60613012528324
564.75528314640462
590.8476672172161
594.65506143216567
783.6363032837088
783.02890830145907
784.42656100335182
593.20689964530629
592.78091746778102
593.84260444463087
937.11666426301724
929.94913511231482
926.30445839955837
934.03451436723446
896.23957287306837
887.97399051216235
884.84031237393071
880.80851267875346
843.71239486501679
788.47951032598314
602.61715611095531
780.57316212377089
596.43491913362129
741.41621847687827
567.00756019023879
771.34904899657772
767.51431677011465
734.87141670879828
584.04307243971732
581.23192780501142
556.72695121764195
645.62803365865409
494.18229105181024
489.43000208964224
375.04834182492834
952.51651537358373
949.10136834596926
945.48787588333767
941.45977696501666
910.5166624743689
902.22328752851308
899.97470983376729
895.52102861244305
857.42077684328808
800.98550633281502
612.10863037459728
792.84215970848436
605.41108990966791
752.97717861867875
575.10701803825543
955.21353567031395
951.41239480642867
948.2313972514645
943.79592899402689
912.19151006750133
903.8940492809561
902.62151767990576
897.76447640314211
859.01120922644589
801.86955844889519
612.25960503748991
793.66583799366128
605.42184756690449
753.7322410763569
575.06009604380586
784.73577697865926
780.49773199771857
746.89498135336589
594.04698567965909
590.89762506710701
565.58287343510051
655.63337712195471
501.02059514959592
496.63021286303126
379.74107287028244
787.05951064551607
782.44345989463591
748.20876228220084
595.81413603196324
592.362717052991
566.53184093542563
656.11594385132355
500.68176595721479
496.89127065938317
379.32551302923048
360.37374157880708
478.57806023142757
480.29827626328847
634.6917095486267
555.54595998898424
732.65495981194431
588.35461982152503
775.54999214218219
546.44455896530121
569.47026351838338
570.71122754496787
724.28002710126577
755.65889407913005
758.13916428600942
568.09062405792918
567.46707095462671
569.05077502338042
754.89085722908658
753.99795411376908
755.87211849795767
835.76309607152029
872.4660513850406
875.86071044736082
884.77165468976989
924.01132788283212
928.07600130675382
872.38233468175099
871.36037244130341
873.33504679897294
924.72807388882154
923.70572675049993
925.62432423911264
343.10029674647183
454.52488902274627
457.24316640952793
602.67052364072936
528.58354519037687
695.58560108651079
559.07225103650194
736.02633539414273
518.5460534845264
540.3920095645617
541.66356807134639
687.09175092957173
716.80150211769512
719.27636585066432
539.20686940403255
538.670874709092
540.23144514914145
716.23911732420743
715.450829348448
717.28063458036786
792.91302319404542
827.76683360322568
831.1670373343884
839.50667068374958
876.98913698281194
881.10392578127596
827.91786388447053
826.99287323536305
828.89293843638632
877.98174650891292
877.03387364575576
878.84771089540152
572.0484195950495
569.50685955269921
542.69583114729937
759.62731301787665
756.76658433578712
724.13061307298221
468.68171411373714
343.54510713683635
633.15831148951236
478.44768680068012
877.41185001808492
874.24385139569165
837.82356985680917
929.62307651846891
926.01919224055507
887.60342736151358
735.66697973129624
560.91846131320858
779.93558466389322
595.46092443820532
543.05717208603858
540.28120742502801
514.1348532079445
720.80043760826243
717.61881092852479
685.75632899872085
443.10832011183743
323.85547456174152
598.40065773876654
450.77502529704816
832.6873315708832
829.17677203742471
793.67383914227185
882.54151206205063
878.64572292649325
841.3697871187527
695.68912523476831
529.12382057173181
738.39578042398375
562.9671887408316
298.58297543458673
395.33590458019626
398.2463131814485
524.33908407092986
459.92935190062803
605.00440922095629
486.11783932561855
639.99905266108726
451.02391274396382
470.06367879443189
471.22393129462819
597.58659098993985
623.35597436487069
625.54457650851521
469.09414349127394
468.6549205545092
470.05239131616975
622.92000865648561
622.26605960311053
623.89811859953682
689.6295381615804
719.9582323799807
722.99210915999822
730.14681096778713
762.87618095945629
766.57694349277187
720.18585509988725
719.40109620658052
721.07726196453586
763.88551820364296
763.06781973753152
764.64842082186874
224.36326460392894
298.39527608576645
299.95304327239978
396.37202337668396
346.57899881114349
457.3629541060011
365.52217466299305
483.2342942966967
340.99054516582589
355.51943520370628
356.3606628477221
452.18099200792938
471.67144084096276
473.20986788906168
354.71598246638564
354.37963023946725
355.45615994016953
471.18561279335108
470.69683006336163
471.96131527178977
521.74638408106625
544.61854151060413
546.75574098510685
552.00314548627432
576.79442641889023
579.47060421720676
544.59121827121635
544.00340533679696
545.29839151229407
577.39456252322873
576.7716163690917
577.97822535711305
472.49627903893997
469.89119176510985
446.83169893289516
626.92896838265847
623.87705637556076
595.62479101912197
384.766201176452
281.03943792129326
518.81412630832233
389.62118311145991
724.32880193037977
720.96413599570099
689.48840223676473
767.79474574014705
764.09830901522616
731.09429995350945
603.35031458304684
457.65002545348864
640.65931015362708
487.37081523969982
357.33455612635282
355.51798472842484
338.36647010728029
474.28294116374286
472.03749975425819
450.59566951126283
291.72604419648303
213.12071807377004
391.98534914571792
293.02808398601348
547.780353958359
545.24019667677976
521.14847630632926
580.37113524017889
577.5911491123253
552.35480478210161
455.03417259779872
343.02222239595903
482.96456599054056
365.15676565320359
597.11508099077435
787.17549368571213
591.35749611473375
779.47821870009102
561.85041667167502
740.14635361383125
489.68599789740574
644.53252586531801
371.80078428092293
488.85478805393473
898.37957426671869
938.76151609420913
890.1818371205876
931.11041219073036
943.48082587348142
936.47615838915226
845.66377862047273
885.34138772405606
891.10925215412828
940.43509637174895
939.48408711814909
933.77325180844798
932.92224613869837
941.2828295662647
934.5993183695374
888.79548277357708
888.06661391244631
889.60780031135903
736.5061054889627
771.38997359110635
776.78393767277805
558.05241103304672
584.14553135941492
588.11955525884116
774.94675580472517
774.37031335416737
775.69864019291197
586.77390456970898
586.37501569479718
587.38707054159215
567.00541828121311
746.89476032737628
560.98993530665086
739.1289254045879
532.33686198223825
701.29099255443919
463.83679225663764
610.54084639832342
352.39122820386785
463.28885567510633
852.47749606157515
891.17418113395433
844.32876317864248
883.61093435816497
895.96009328206605
889.04683712265899
801.63922742157467
839.74901606885544
845.58193915927404
893.13277237890918
892.24091915197482
886.55960331700055
885.76326649507291
893.9195030776882
887.31794997774148
843.47786433104955
842.80485810600283
844.23312971348241
697.98741436609362
731.46437084384945
736.89317533155997
529.07588780305025
554.11390907735188
558.11251230619678
735.24299984744368
734.72345073847453
735.96081364322595
556.91132508604585
556.56179298888139
557.51124752810063
944.99792868848078
940.82483372625268
937.97745640514211
933.19688243317626
901.32186633049218
893.11497903179907
892.5895120665856
887.39484340363083
848.46197815667892
791.59857725344602
603.97969626548786
783.67220535139199
597.6592892190771
743.92755062689628
567.36741297144488
778.15093095326449
773.24999348170206
738.9001855487694
589.22298005070104
585.55731170480101
559.63884692813292
647.53413191603295
494.03817712696548
490.54344002566961
374.43693975804592
897.32775473173683
892.91657565805951
890.39971609438555
885.43553496422987
854.71785399068972
846.78677338876025
846.9432505414419
841.62850520352413
804.20285664072708
749.98115131843872
571.82143414158782
742.51616796635494
566.14293286322061
704.80245366592999
537.6412727893063
738.18462511005623
733.20215943479718
700.20492215045397
559.17853345227491
555.44477962362635
530.51661934589913
613.35311004016762
468.0680224522622
464.78692790812988
354.82707544396078
492.11735604676301
648.93463127989025
486.61227796054334
641.93643049487173
461.61318746563529
608.90706570185318
402.01866706947328
529.933904684293
305.3324906638627
402.14423149834056
741.24500384539317
775.22301597093474
733.95134441526773
768.46092446461898
779.57580315971791
773.39851763660886
696.65608198355437
730.0999460599204
735.36783892555945
777.1508288756396
776.37148746746459
771.28478352213506
770.59446450315897
777.8162126649479
771.92919871243532
733.60164575054887
733.0320022625225
734.26425863977136
606.41307287020311
635.77872026223827
640.66444916286719
459.73707802951537
481.7259897650747
485.33350426014351
639.29765895941648
638.87206291933876
639.94755556955226
484.34644778891618
484.07074422034168
484.90240717913491
369.61449261939651
489.64238396831911
365.34795285273765
484.34674787807774
346.77579486464697
459.65783980981257
302.05628792957657
400.17457783373902
228.80925409183305
303.30547082327087
560.14491852523054
585.94015429459967
554.68909996978459
580.9098148617793
589.13364680467816
584.5522714473334
526.72713155610154
552.10843786772637
555.98542681066397
587.26668225093397
582.93124253204235
582.40896881466097
586.67052724355574
587.7646146137015
583.41970027759839
554.63643156199225
554.21917483369816
555.16083514021898
458.63525888669483
480.89859003030233
484.48333134041877
347.48333739365717
364.20428417551886
366.86067669626925
483.44317538481732
483.14664483776266
483.97857492412061
366.11592207881199
365.93468022127047
366.58424708715768
780.70510374234016
776.60987446926219
774.53177053404886
769.96768824535843
742.95276326558462
735.96620744849758
736.54775929501977
731.68882644433779
698.7689712931392
651.25161997896487
495.96130707798193
644.75602849129098
491.1268321039604
611.81220853279535
466.20596263900882
641.8186483364077
637.27535490881792
608.23876092228238
486.30846136336334
482.89524217468772
460.93158370375409
532.23502474262159
405.67832521075331
403.37151585022923
307.48755618730604
589.95591326118392
585.39324412732969
581.95375559009938
586.87688737341205
561.13456951134583
555.91470128374806
556.89465993791771
553.19565998585438
527.86757807030006
490.73037917240424
371.30234611940398
485.80255984688779
367.52273045539016
460.81048196858899
348.42248464169245
485.40040285073917
481.89398184236563
459.41340457940214
367.65240775510983
364.98467475140069
347.87461822331022
400.54382053157542
302.46036036877717
303.04866820248355
228.30622697273176
1000
1000
1000
1000
1000
1000
1000
1000
1000
1000
1000
1000
1000
1000
1000
1000
1000
1000
1000
1000
1000
1000
1000
1000
1000
1000
1000
1000
1000
1000
1000
1000
1000
1000
1000
1000
1000
1000
1000
1000
1000
1000
1000
1000
1000
1000
1000
1000
1000
1000
1000
1000
1000
1000
1000
1000
1000
1000
1000
1000
1000
1000
1000
1000
1000
1000
1000
1000
1000
1000
1000
1000
1000
1000
1000
1000
1000
1000
1000
1000
1000
1000
1000
1000
1000
1000
1000
1000
1000
1000
1000
1000
1000
1000
1000
1000
1000
1000
1000
1000
1000
1000
1000
1000
1000
1000
1000
1000
1000
1000
1000
1000
1000
1000
1000
1000
1000
1000
1000
1000
1000
1000
1000
1000
1000
1000
1000
1000
1000
1000
1000
1000
1000
1000
1000
1000
1000
1000
1000
1000
1000
1000
1000
1000
1000
1000
1000
1000
1000
1000
1000
1000
1000
1000
1000
1000
1000
1000
1000
1000
1000
1000
1000
1000
1000
1000
1000
1000
1000
1000
1000
1000
1000
1000
1000
1000
1000
1000
1000
1000
1000
1000
1000
1000
1000
1000
1000
1000
1000
1000
1000
1000
1000
1000
1000
1000
1000
1000
1000
1000
1000
1000
1000
1000
1000
1000
1000
1000
1000
1000
1000
1000
1000
1000
1000
1000
1000
1000
1000
1000
1000
1000
1000
1000
1000
1000
1000
1000
1000
1000
1000
1000
1000
1000
1000
1000
1000
1000
1000
1000
1000
1000
1000
1000
1000
1000
1000
1000
1000
1000
1000
1000
1000
1000
1000
1000
1000
1000
1000
1000
1000
1000
1000
1000
1000
1000
1000
1000
1000
1000
1000
1000
1000
1000
1000
1000
1000
1000
1000
1000
1000
1000
1000
1000
1000
1000
1000
1000
1000
1000
1000
1000
1000
1000
1000
1000
1000
1000
1000
1000
1000
1000
1000
1000
1000
1000
1000
1000
1000
1000
1000
1000
1000
1000
1000
1000
1000
1000
1000
1000
1000
1000
1000
1000
1000
1000
1000
1000
1000
1000
1000
1000
1000
1000
1000
1000
1000
1000
1000
1000
1000
1000
1000
1000
1000
1000
1000
1000
1000
1000
1000
1000
1000
1000
1000
1000
1000
1000
1000
1000
1000
1000
1000
1000
1000
1000
1000
1000
1000
1000
1000
1000
1000
1000
1000
1000
1000
1000
1000
1000
1000
1000
1000
1000
1000
1000
1000
1000
1000
1000
1000
1000
1000
1000
1000
1000
1000
1000
1000
1000
1000
1000
1000
1000
1000
1000
1000
1000
1000
1000
1000
1000
1000
1000
1000
1000
1000
1000
1000
1000
1000
1000
1000
1000
1000
1000
1000
1000
1000
1000
1000
1000
1000
1000
1000
1000
1000
1000
1000
1000
1000
1000
1000
1000
1000
1000
1000
1000
1000
1000
1000
1000
1000
1000
1000
1000
1000
1000
1000
1000
1000
1000
1000
1000
1000
1000
1000
1000
1000
1000
1000
1000
1000
1000
1000
1000
1000
1000
1000
1000
1000
1000
1000
1000
1000
1000
1000
1000
1000
1000
1000
1000
1000
1000
1000
1000
1000
1000
1000
1000
1000
1000
1000
1000
1000
1000
1000
1000
1000
1000
1000
1000
1000
1000
1000
1000
1000
1000
1000
1000
1000
1000
1000
1000
1000
1000
1000
1000
1000
1000
1000
1000
1000
1000
1000
1000
1000
1000
1000
1000
1000
1000
1000
1000
1000
1000
1000
1000
1000
1000
1000
1000
1000
1000
1000
1000
1000
1000
1000
1000
1000
1000
1000
1000
1000
1000
1000
1000
1000
1000
1000
1000
1000
1000
1000
1000
1000
1000
1000
1000
1000
1000
1000
1000
1000
1000
1000
1000
1000
1000
1000
1000
1000
1000
1000
1000
1000
1000
1000
1000
1000
1000
1000
1000
1000
1000
1000
1000
1000
1000
1000
1000
1000
1000
1000
1000
1000
1000
1000
1000
1000
1000
1000
1000
1000
1000
1000
1000
1000
1000
1000
1000
1000
1000
1000
1000
1000
1000
1000
1000
1000
1000
1000
1000
1000
1000
1000
1000
1000
1000
1000
1000
1000
1000
1000
1000
1000
1000
1000
1000
1000
1000
1000
1000
1000
1000
1000
1000
1000
1000
1000
1000
1000
1000
1000
1000
1000
1000
1000
1000
1000
1000
1000
1000
1000
1000
1000
1000
1000
1000
1000
1000
1000
1000
1000
1000
1000
1000
1000
1000
1000
1000
1000
1000
1000
1000
1000
1000
1000
1000
1000
1000
1000
1000
1000
1000
1000
1000
1000
1000
1000
1000
1000
1000
1000
1000
1000
1000
1000
1000
1000
1000
1000
1000
1000
1000
1000
1000
1000
1000
1000
1000
1000
1000
1000
1000
1000
1000
1000
1000
1000
1000
1000
1000
1000
1000
1000
1000
1000
1000
1000
1000
1000
1000
1000
1000
1000
1000
1000
1000
1000
1000
1000
1000
1000
1000
1000
1000
1000
1000
1000
1000
1000
1000
1000
1000
1000
1000
1000
1000
1000
1000
1000
1000
1000
1000
1000
1000
1000
1000
1000
1000
1000
1000
1000
1000
1000
1000
1000
1000
1000
1000
1000
1000
1000
1000
1000
1000
1000
1000
1000
1000
1000
1000
1000
1000
1000
1000
1000
1000
1000
1000
1000
1000
1000
1000
1000
1000
1000
1000
1000
1000
1000
1000
1000
1000
1000
1000
1000
1000
1000
1000
1000
1000
1000
1000
1000
1000
1000
1000
1000
1000
1000
1000
1000
1000
1000
1000
1000
1000
1000
1000
1000
1000
1000
1000
1000
1000
1000
1000
1000
1000
1000
1000
1000
1000
1000
1000
1000
1000
1000
1000
1000
1000
1000
1000
1000
1000
1000
1000
1000
1000
1000
1000
1000
1000
1000
1000
1000
1000
1000
1000
1000
1000
1000
1000
1000
1000
1000
1000
1000
1000
1000
1000
1000
1000
1000
1000
1000
1000
1000
1000
1000
1000
1000
1000
1000
1000
1000
1000
1000
1000
1000
1000
1000
1000
1000
1000
1000
1000
1000
1000
1000
1000
1000
1000
1000
1000
1000
1000
1000
1000
1000
1000
1000
1000
1000
1000
1000
1000
1000
1000
1000
1000
1000
1000
1000
1000
1000
1000
1000
1000
1000
1000
1000
1000
1000
1000
1000
1000
1000
1000
1000
1000
1000
1000
1000
1000
1000
1000
1000
1000
1000
1000
1000
1000
1000
1000
1000
1000
1000
1000
1000
1000
1000
1000
1000
1000
1000
1000
1000
1000
1000
1000
1000
1000
1000
1000
1000
1000
1000
1000
1000
1000
1000
1000
1000
1000
1000
1000
1000
1000
1000
1000
1000
1000
1000
1000
1000
1000
1000
1000
1000
1000
1000
1000
1000
1000
1000
1000
1000
1000
1000
1000
1000
1000
1000
1000
1000
1000
1000
1000
1000
1000
1000
1000
1000
1000
1000
1000
1000
1000
1000
1000
1000
1000
1000
1000
1000
1000
1000
1000
1000
1000
1000
1000
1000
1000
1000
1000
1000
1000
1000
1000
1000
1000
1000
1000
1000
1000
1000
1000
1000
1000
1000
1000
1000
1000
1000
1000
1000
1000
1000
1000
1000
1000
1000
1000
1000
1000
1000
1000
1000
1000
1000
1000
1000
1000
1000
1000
1000
1000
1000
1000
1000
1000
1000
1000
1000
1000
1000
1000
1000
1000
1000
1000
1000
1000
1000
1000
1000
1000
1000
1000
1000
1000
1000
1000
1000
1000
1000
1000
1000
1000
1000
1000
1000
1000
1000
1000
1000
1000
1000
1000
1000
1000
1000
1000
1000
1000
1000
1000
1000
1000
1000
1000
1000
1000
1000
1000
1000
1000
1000
1000
1000
1000
1000
1000
1000
1000
1000
1000
1000
1000
1000
1000
1000
1000
1000
1000
1000
1000
1000
1000
1000
1000
1000
1000
1000
1000
1000
1000
1000
1000
1000
1000
1000
1000
1000
1000
1000
1000
1000
1000
1000
1000
1000
1000
1000
1000
1000
1000
1000
1000
1000
1000
1000
1000
1000
1000
1000
1000
1000
1000
1000
1000
1000
1000
1000
1000
1000
1000
1000
1000
1000
1000
1000
1000
1000
1000
1000
1000
1000
1000
1000
1000
1000
1000
1000
1000
1000
1000
1000
1000
1000
1000
1000
1000
1000
1000
1000
1000
1000
1000
1000
1000
1000
1000
1000
1000
1000
1000
1000
1000
1000
1000
1000
1000
1000
1000
1000
1000
1000
1000
1000
1000
1000
1000
1000
1000
1000
1000
1000
1000
1000
1000
1000
1000
1000
1000
1000
1000
1000
1000
1000
1000
1000
1000
1000
1000
1000
1000
1000
1000
1000
1000
1000
1000
1000
1000
1000
1000
1000
1000
1000
1000
1000
1000
1000
1000
1000
1000
1000
1000
1000
1000
1000
1000
1000
1000
1000
1000
1000
1000
1000
1000
1000
1000
1000
1000
1000
1000
1000
1000
1000
1000
1000
1000
1000
1000
1000
1000
1000
1000
1000
1000
1000
1000
1000
1000
1000
1000
1000
1000
1000
1000
1000
1000
1000
1000
1000
1000
1000
1000
1000
1000
1000
1000
1000
1000
1000
1000
1000
1000
1000
1000
1000
1000
1000
1000
1000
1000
1000
1000
1000
1000
1000
1000
1000
1000
1000
1000
1000
1000
1000
1000
1000
1000
1000
1000
1000
1000
1000
1000
1000
1000
1000
1000
1000
1000
1000
1000
1000
1000
1000
1000
1000
1000
1000
1000
1000
1000
1000
1000
1000
1000
1000
1000
1000
1000
1000
1000
1000
1000
1000
1000
1000
1000
1000
1000
1000
1000
1000
1000
1000
1000
1000
1000
1000
1000
1000
1000
1000
1000
1000
1000
1000
1000
1000
1000
1000
1000
1000
1000
1000
1000
1000
1000
1000
1000
1000
1000
1000
1000
1000
1000
1000
1000
1000
1000
1000
1000
1000
1000
1000
1000
1000
1000
1000
1000
1000
1000
1000
1000
1000
1000
1000
1000
1000
1000
1000
1000
1000
1000
1000
1000
1000
1000
1000
1000
1000
1000
1000
1000
1000
1000
1000
1000
1000
1000
1000
1000
1000
1000
1000
1000
1000
1000
1000
1000
1000
1000
1000
1000
1000
1000
1000
1000
1000
1000
1000
1000
1000
1000
1000
1000
1000
1000
1000
1000
1000
1000
1000
1000
1000
1000
1000
1000
1000
1000
1000
1000
1000
1000
1000
1000
1000
1000
1000
1000
1000
1000
1000
1000
1000
1000
1000
1000
1000
1000
1000
1000
1000
1000
1000
1000
1000
1000
1000
1000
1000
1000
1000
1000
1000
1000
1000
1000
1000
1000
1000
1000
1000
1000
1000
1000
1000
1000
1000
1000
1000
1000
1000
1000
1000
1000
1000
1000
1000
1000
1000
1000
1000
1000
1000
1000
1000
1000
1000
1000
1000
1000
1000
1000
1000
1000
1000
1000
1000
1000
1000
1000
1000
1000
1000
1000
1000
1000
1000
1000
1000
1000
1000
1000
1000
1000
1000
1000
1000
1000
1000
1000
1000
1000
1000
1000
1000
1000
1000
1000
1000
1000
1000
1000
1000
1000
1000
1000
1000
1000
1000
1000
1000
1000
1000
1000
1000
1000
1000
1000
1000
1000
1000
1000
1000
1000
1000
1000
1000
1000
1000
1000
1000
1000
1000
1000
1000
1000
1000
1000
1000
1000
1000
1000
1000
1000
1000
1000
1000
1000
1000
1000
1000
1000
1000
1000
1000
1000
1000
1000
1000
1000
1000
1000
1000
1000
1000
1000
1000
1000
1000
1000
1000
1000
1000
1000
1000
1000
1000
1000
1000
1000
1000
1000
1000
1000
1000
1000
1000
1000
1000
1000
1000
1000
1000
1000
1000
1000
1000
1000
1000
1000
1000
1000
1000
1000
1000
1000
1000
1000
1000
1000
1000
1000
1000
1000
1000
1000
1000
1000
1000
1000
1000
1000
1000
1000
1000
1000
1000
1000
1000
1000
1000
1000
1000
1000
1000
1000
1000
1000
1000
1000
1000
1000
1000
1000
1000
1000
1000
1000
1000
1000
1000
1000
1000
1000
1000
1000
1000
1000
1000
1000
1000
1000
1000
1000
1000
1000
1000
1000
1000
1000
1000
1000
1000
1000
1000
1000
1000
1000
1000
1000
1000
1000
1000
1000
1000
1000
1000
1000
1000
1000
1000
1000
1000
1000
1000
1000
1000
1000
1000
1000
1000
1000
1000
1000
1000
1000
1000
1000
1000
1000
1000
1000
1000
1000
1000
1000
1000
1000
1000
1000
1000
1000
1000
1000
1000
1000
1000
1000
1000
1000
1000
1000
1000
1000
1000
1000
1000
1000
1000
1000
1000
1000
1000
1000
1000
1000
1000
1000
1000
1000
1000
1000
1000
1000
1000
1000
1000
1000
1000
1000
1000
1000
1000
1000
1000
1000
1000
1000
1000
1000
1000
1000
1000
1000
1000
1000
1000
1000
1000
1000
1000
1000
1000
1000
1000
1000
1000
1000
1000
1000
1000
1000
1000
1000
1000
1000
1000
1000
1000
1000
1000
1000
1000
1000
1000
1000
1000
1000
1000
1000
1000
1000
1000
1000
1000
1000
1000
1000
1000
1000
1000
1000
1000
1000
1000
1000
1000
1000
1000
1000
1000
1000
1000
1000
1000
1000
1000
1000
1000
1000
1000
1000
1000
1000
1000
1000
1000
1000
1000
1000
1000
1000
1000
1000
1000
1000
1000
1000
1000
1000
1000
1000
1000
1000
1000
1000
1000
1000
1000
1000
1000
1000
1000
1000
1000
1000
1000
1000
1000
1000
1000
1000
1000
1000
1000
1000
1000
1000
1000
1000
1000
1000
1000
1000
1000
1000
1000
1000
1000
1000
1000
1000
1000
1000
1000
1000
1000
1000
1000
1000
1000
1000
1000
1000
1000
1000
1000
1000
1000
1000
1000
1000
1000
1000
1000
1000
1000
1000
1000
1000
1000
1000
1000
1000
1000
1000
1000
1000
1000
1000
1000
1000
1000
1000
1000
1000
1000
1000
1000
1000
1000
1000
1000
1000
1000
1000
1000
1000
1000
1000
1000
1000
1000
1000
1000
1000
1000
1000
1000
1000
1000
1000
1000
1000
1000
1000
1000
1000
1000
1000
1000
1000
1000
1000
1000
1000
1000
1000
1000
1000
1000
1000
1000
1000
1000
1000
1000
1000
1000
1000
1000
1000
1000
1000
1000
1000
1000
1000
1000
1000
1000
1000
1000
1000
1000
1000
1000
1000
1000
1000
1000
1000
1000
1000
1000
1000
1000
1000
1000
1000
1000
1000
1000
1000
1000
1000
1000
1000
1000
1000
1000
1000
1000
1000
1000
1000
1000
1000
1000
1000
1000
1000
1000
1000
1000
1000
1000
1000
1000
1000
1000
1000
1000
1000
1000
1000
1000
1000
1000
1000
1000
1000
1000
1000
1000
1000
1000
1000
1000
1000
1000
1000
1000
1000
1000
1000
1000
1000
1000
1000
1000
1000
1000
1000
1000
1000
1000
1000
1000
1000
1000
1000
1000
1000
1000
1000
1000
1000
1000
1000
1000
1000
1000
1000
1000
1000
1000
1000
1000
1000
1000
1000
1000
1000
1000
1000
1000
1000
1000
1000
1000
1000
1000
1000
1000
1000
1000
1000
1000
1000
1000
1000
1000
1000
1000
1000
1000
1000
1000
1000
1000
1000
1000
1000
1000
1000
1000
1000
1000
1000
1000
1000
1000
1000
1000
1000
1000
1000
1000
1000
1000
1000
1000
1000
1000
1000
1000
1000
1000
1000
1000
1000
1000
1000
1000
1000
1000
1000
1000
1000
1000
1000
1000
1000
1000
1000
1000
1000
1000
1000
1000
1000
1000
1000
1000
1000
1000
1000
1000
1000
1000
1000
1000
1000
1000
1000
1000
1000
1000
1000
1000
1000
1000
1000
1000
1000
1000
1000
1000
1000
1000
1000
1000
1000
1000
1000
1000
1000
1000
1000
1000
1000
1000
1000
1000
1000
1000
1000
1000
1000
1000
1000
1000
1000
1000
1000
1000
1000
1000
1000
1000
1000
1000
1000
1000
1000
1000
1000
1000
1000
1000
1000
1000
1000
1000
1000
1000
1000
1000
1000
1000
1000
1000
1000
1000
1000
1000
1000
1000
1000
1000
1000
1000
1000
1000
1000
1000
1000
1000
1000
1000
1000
1000
1000
1000
1000
1000
1000
1000
1000
1000
1000
1000
1000
1000
1000
1000
1000
1000
1000
1000
1000
1000
1000
1000
1000
1000
1000
1000
1000
1000
1000
1000
1000
1000
1000
1000
1000
1000
1000
1000
1000
1000
1000
1000
1000
1000
1000
1000
1000
1000
1000
1000
1000
1000
1000
1000
1000
1000
1000
1000
1000
1000
1000
1000
1000
1000
1000
1000
1000
1000
1000
1000
1000
1000
1000
1000
1000
1000
1000
1000
1000
1000
1000
1000
1000
1000
1000
1000
1000
1000
1000
1000
1000
1000
1000
1000
1000
1000
1000
1000
1000
1000
1000
1000
1000
1000
1000
1000
1000
1000
1000
1000
1000
1000
1000
1000
1000
1000
1000
1000
1000
1000
1000
1000
1000
1000
1000
1000
1000
1000
1000
1000
1000
1000
1000
1000
1000
1000
1000
1000
1000
1000
1000
1000
1000
1000
1000
1000
1000
1000
1000
1000
1000
1000
1000
1000
1000
1000
1000
1000
1000
1000
1000
1000
1000
1000
1000
1000
1000
1000
1000
1000
1000
1000
1000
1000
1000
1000
1000
1000
1000
1000
1000
1000
1000
1000
1000
1000
1000
1000
1000
1000
1000
1000
1000
1000
1000
1000
1000
1000
1000
1000
1000
1000
1000
1000
1000
1000
1000
1000
1000
1000
1000
1000
1000
1000
1000
1000
1000
1000
1000
1000
1000
1000
1000
1000
1000
1000
1000
1000
1000
1000
1000
1000
1000
1000
1000
1000
1000
1000
1000
1000
1000
1000
1000
1000
1000
1000
1000
1000
1000
1000
1000
1000
1000
1000
1000
1000
1000
1000
1000
1000
1000
1000
1000
1000
1000
1000
1000
1000
1000
1000
1000
1000
1000
1000
1000
1000
1000
1000
1000
1000
1000
1000
1000
1000
1000
1000
1000
1000
1000
1000
1000
1000
1000
1000
1000
1000
1000
1000
1000
1000
1000
1000
1000
1000
1000
1000
1000
1000
1000
1000
1000
1000
1000
1000
1000
1000
1000
1000
1000
1000
1000
1000
1000
1000
1000
1000
1000
1000
1000
1000
1000
1000
1000
1000
1000
1000
1000
1000
1000
1000
1000
1000
1000
1000
1000
1000
1000
1000
1000
1000
1000
1000
1000
1000
1000
1000
1000
1000
1000
1000
1000
1000
1000
1000
1000
1000
1000
1000
1000
1000
1000
1000
1000
1000
1000
1000
1000
1000
1000
1000
1000
1000
1000
1000
1000
1000
1000
1000
1000
1000
1000
1000
1000
1000
1000
1000
1000
1000
1000
1000
1000
1000
1000
1000
1000
1000
1000
1000
1000
1000
1000
1000
1000
1000
1000
1000
1000
1000
1000
1000
1000
1000
1000
1000
1000
1000
1000
1000
1000
1000
1000
1000
1000
1000
1000
1000
1000
1000
1000
1000
1000
1000
1000
1000
1000
1000
1000
1000
1000
1000
1000
1000
1000
1000
1000
1000
1000
1000
1000
1000
1000
1000
1000
1000
1000
1000
1000
1000
1000
1000
1000
1000
1000
1000
1000
1000
1000
1000
1000
1000
1000
1000
1000
1000
1000
1000
1000
1000
1000
1000
1000
1000
1000
1000
1000
1000
1000
1000
1000
1000
1000
1000
1000
1000
1000
1000
1000
1000
1000
1000
1000
1000
1000
1000
1000
1000
1000
1000
1000
1000
1000
1000
1000
1000
1000
1000
1000
1000
1000
1000
1000
1000
1000
1000
1000
1000
1000
1000
1000
1000
1000
1000
1000
1000
1000
1000
1000
1000
1000
1000
1000
1000
1000
1000
1000
1000
1000
1000
1000
1000
1000
1000
1000
1000
1000
1000
1000
1000
1000
1000
1000
1000
1000
1000
1000
1000
1000
1000
1000
1000
1000
1000
1000
1000
1000
1000
1000
1000
1000
1000
1000
1000
1000
1000
1000
1000
1000
1000
1000
1000
1000
1000
1000
1000
1000
1000
1000
1000
1000
1000
1000
1000
1000
1000
1000
1000
1000
1000
1000
1000
1000
1000
1000
1000
1000
1000
1000
1000
1000
1000
1000
1000
1000
1000
1000
1000
1000
1000
1000
1000
1000
1000
1000
1000
1000
1000
1000
1000
1000
1000
1000
1000
1000
1000
1000
1000
1000
1000
1000
1000
1000
1000
1000
1000
1000
1000
1000
1000
1000
1000
1000
1000
1000
1000
1000
1000
1000
1000
1000
1000
1000
1000
1000
1000
1000
1000
1000
1000
1000
1000
1000
1000
1000
1000
1000
1000
1000
1000
1000
1000
1000
1000
1000
1000
1000
1000
1000
1000
1000
1000
1000
1000
1000
1000
1000
1000
1000
1000
1000
1000
1000
1000
1000
1000
1000
1000
1000
1000
1000
1000
1000
1000
1000
1000
1000
1000
1000
1000
1000
1000
1000
1000
1000
1000
1000
1000
1000
1000
1000
1000
1000
1000
1000
1000
1000
1000
1000
1000
1000
1000
1000
1000
1000
1000
1000
1000
1000
1000
1000
1000
1000
SCALARS pressure float 1
LOOKUP_TABLE default
0
0
0
0
0
0
0
0
0
0
0
0
0
0
0
0
0
0
0
0
0
0
0
0
0
0
0
0
0
0
0
0
0
0
0
0
0
0
0
0
0
0
0
0
0
0
0
0
0
0
0
0
0
0
0
0
0
0
0
0
0
0
0
0
0
0
0
0
0
0
0
0
0
0
0
0
0
0
0
0
0
0
0
0
0
0
0
0
0
0
0
0
0
0
0
0
0
0
0
0
0
0
0
0
0
0
0
0
0
0
0
0
0
0
0
0
0
0
0
0
0
0
0
0
0
0
0
0
0
0
0
0
0
0
0
0
0
0
0
0
0
0
0
0
0
0
0
0
0
0
0
0
0
0
0
0
0
0
0
0
0
0
0
0
0
0
0
0
0
0
0
0
0
0
0
0
0
0
0
0
0
0
0
0
0
0
0
0
0
0
0
0
0
0
0
0
0
0
0
0
0
0
0
0
0
0
0
0
0
0
0
0
0
0
0
0
0
0
0
0
0
0
0
0
0
0
0
0
0
0
0
0
0
0
0
0
0
0
0
0
0
0
0
0
0
0
0
0
0
0
0
0
0
0
0
0
0
0
0
0
0
0
0
0
0
0
0
0
0
0
0
0
0
0
0
0
0
0
0
0
0
0
0
0
0
0
0
0
0
0
0
0
0
0
0
0
0
0
0
0
0
0
0
0
0
0
0
0
0
0
0
0
0
0
0
0
0
0
0
0
0
0
0
0
0
0
0
0
0
0
0
0
0
0
0
0
0
0
0
0
0
0
0
0
0
0
0
0
0
0
0
0
0
0
0
0
0
0
0
0
0
0
0
0
0
0
0
0
0
0
0
0
0
0
0
0
0
0
0
0
0
0
0
0
0
0
0
0
0
0
0
0
0
0
0
0
0
0
0
0
0
0
0
0
0
0
0
0
0
0
0
0
0
0
0
0
0
0
0
0
0
0
0
0
0
0
0
0
0
0
0
0
0
0
0
0
0
0
0
0
0
0
0
0
0
0
0
0
0
0
0
0
0
0
0
0
0
0
0
0
0
0
0
0
0
0
0
0
0
0
0
0
0
0
0
0
0
0
0
0
0
0
0
0
0
0
0
0
0
0
0
0
0
0
0
0
0
0
0
0
0
0
0
0
0
0
0
0
0
0
0
0
0
0
0
0
0
0
0
0
0
0
0
0
0
0
0
0
0
0
0
0
0
0
0
0
0
0
0
0
0
0
0
0
0
0
0
0
0
0
0
0
0
0
0
0
0
0
0
0
0
0
0
0
0
0
0
0
0
0
0
0
0
0
0
0
0
0
0
0
0
0
0
0
0
0
0
0
0
0
0
0
0
0
0
0
0
0
0
0
0
0
0
0
0
0
0
0
0
0
0
0
0
0
0
0
0
0
0
0
0
0
0
0
0
0
0
0
0
0
0
0
0
0
0
0
0
0
0
0
0
0
0
0
0
0
0
0
0
0
0
0
0
0
0
0
0
0
0
0
0
0
0
0
0
0
0
0
0
0
0
0
0
0
0
0
0
0
0
0
0
0
0
0
0
0
0
0
0
0
0
0
0
0
0
0
0
0
0
0
0
0
0
0
0
0
0
0
0
0
0
0
0
0
0
0
0
0
0
0
0
0
0
0
0
0
0
0
0
0
0
0
0
0
0
0
0
0
0
0
0
0
0
0
0
0
0
0
0
0
0
0
0
0
0
0
0
0
0
0
0
0
0
0
0
0
0
0
0
0
0
0
0
0
0
0
0
0
0
0
0
0
0
0
0
0
0
0
0
0
0
0
0
0
0
0
0
0
0
0
0
0
0
0
0
0
0
0
0
0
0
0
0
0
0
0
0
0
0
0
0
0
0
0
0
0
0
0
0
0
0
0
0
0
0
0
0
0
0
0
0
0
0
0
0
0
0
0
0
0
0
0
0
0
0
0
0
0
0
0
0
0
0
0
0
0
0
0
0
0
0
0
0
0
0
0
0
0
0
0
0
0
0
0
0
0
0
0
0
0
0
0
0
0
0
0
0
0
0
0
0
0
0
0
0
0
0
0
0
0
0
0
0
0
0
0
0
0
0
0
0
0
0
0
0
0
0
0
0
0
0
0
0
0
0
0
0
0
0
0
0
0
0
0
0
0
0
0
0
0
0
0
0
0
0
0
0
0
0
0
0
0
0
0
0
0
0
0
0
0
0
0
0
0
0
0
0
0
0
0
0
0
0
0
0
0
0
0
0
0
0
0
0
0
0
0
0
0
0
0
0
0
0
0
0
0
0
0
0
0
0
0
0
0
0
0
0
0
0
0
0
0
0
0
0
0
0
0
0
0
0
0
0
0
0
0
0
0
0
0
0
0
0
0
0
0
0
0
0
0
0
0
0
0
0
0
0
0
0
0
0
0
0
0
0
0
0
0
0
0
0
0
0
0
0
0
0
0
0
0
0
0
0
0
0
0
0
0
0
0
0
0
0
0
0
0
0
0
0
0
0
0
0
0
0
0
0
0
0
0
0
0
0
0
0
0
0
0
0
0
0
0
0
0
0
0
0
0
0
0
0
0
0
0
0
0
0
0
0
0
0
0
0
0
0
0
0
0
0
0
0
0
0
0
0
0
0
0
0
0
0
0
0
0
0
0
0
0
0
0
0
0
0
0
0
0
0
0
0
0
0
0
0
0
0
0
0
0
0
0
0
0
0
0
0
0
0
0
0
0
0
0
0
0
0
0
0
0
0
0
0
0
0
0
0
0
0
0
0
0
0
0
0
0
0
0
0
0
0
0
0
0
0
0
0
0
0
0
0
0
0
0
0
0
0
0
0
0
0
0
0
0
0
0
0
0
0
0
0
0
0
0
0
0
0
0
0
0
0
0
0
0
0
0
0
0
0
0
0
0
0
0
0
0
0
0
0
0
0
0
0
0
0
0
0
0
0
0
0
0
0
0
0
0
0
0
0
0
0
0
0
0
0
0
0
0
0
0
0
0
0
0
0
0
0
0
0
0
0
0
0
0
0
0
0
0
0
0
0
0
0
0
0
0
0
0
0
0
0
0
0
0
0
0
0
0
0
0
0
0
0
0
0
0
0
0
0
0
0
0
0
0
0
0
0
0
0
0
0
0
0
0
0
0
0
0
0
0
0
0
0
0
0
0
0
0
0
0
0
0
0
0
0
0
0
0
0
0
0
0
0
0
0
0
0
0
0
0
0
0
0
0
0
0
0
0
0
0
0
0
0
0
0
0
0
0
0
0
0
0
0
0
0
0
0
0
0
0
0
0
0
0
0
0
0
0
0
0
0
0
0
0
0
0
0
0
0
0
0
0
0
0
0
0
0
0
0
0
0
0
0
0
0
0
0
0
0
0
0
0
0
0
0
0
0
0
0
0
0
0
0
0
0
0
0
0
0
0
0
0
0
0
0
0
0
0
0
0
0
0
0
0
0
0
0
0
0
0
0
0
0
0
0
0
0
0
0
0
0
0
0
0
0
0
0
0
0
0
0
0
0
0
0
0
0
0
0
0
0
0
0
0
0
0
0
0
0
0
0
0
0
0
0
0
0
0
0
0
0
0
0
0
0
0
0
0
0
0
0
0
0
0
0
0
0
0
0
0
0
0
0
0
0
0
0
0
0
0
0
0
0
0
0
0
0
0
0
0
0
0
0
0
0
0
0
0
0
0
0
0
0
0
0
0
0
0
0
0
0
0
0
0
0
0
0
0
0
0
0
0
0
0
0
0
0
0
0
0
0
0
0
0
0
0
0
0
0
0
0
0
0
0
0
0
0
0
0
0
0
0
0
0
0
0
0
0
0
0
0
0
0
0
0
0
0
0
0
0
0
0
0
0
0
0
0
0
0
0
0
0
0
0
0
0
0
0
0
0
0
0
0
0
0
0
0
0
0
0
0
0
0
0
0
0
0
0
0
0
0
0
0
0
0
0
0
0
0
0
0
0
0
0
0
0
0
0
0
0
0
0
0
0
0
0
0
0
0
0
0
0
0
0
0
0
0
0
0
0
0
0
0
0
0
0
0
0
0
0
0
0
0
0
0
0
0
0
0
0
0
0
0
0
0
0
0
0
0
0
0
0
0
0
0
0
0
0
0
0
0
0
0
0
0
0
0
0
0
0
0
0
0
0
0
0
0
0
0
0
0
0
0
0
0
0
0
0
0
0
0
0
0
0
0
0
0
0
0
0
0
0
0
0
0
0
0
0
0
0
0
0
0
0
0
0
0
0
0
0
0
0
0
0
0
0
0
0
0
0
0
0
0
0
0
0
0
0
0
0
0
0
0
0
0
0
0
0
0
0
0
0
0
0
0
0
0
0
0
0
0
0
0
0
0
0
0
0
0
0
0
0
0
0
0
0
0
0
0
0
0
0
0
0
0
0
0
0
0
0
0
0
0
0
0
0
0
0
0
0
0
0
0
0
0
0
0
0
0
0
0
0
0
0
0
0
0
0
0
0
0
0
0
0
0
0
0
0
0
0
0
0
0
0
0
0
0
0
0
0
0
0
0
0
0
0
0
0
0
0
0
0
0
0
0
0
0
0
0
0
0
0
0
0
0
0
0
0
0
0
0
0
0
0
0
0
0
0
0
0
0
0
0
0
0
0
0
0
0
0
0
0
0
0
0
0
0
0
0
0
0
0
0
0
0
0
0
0
0
0
0
0
0
0
0
0
0
0
0
0
0
0
0
0
0
0
0
0
0
0
0
0
0
0
0
0
0
0
0
0
0
0
0
0
0
0
0
0
0
0
0
0
0
0
0
0
0
0
0
0
0
0
0
0
0
0
0
0
0
0
0
0
0
0
0
0
0
0
0
0
0
0
0
0
0
0
0
0
0
0
0
0
0
0
0
0
0
0
0
0
0
0
0
0
0
0
0
0
0
0
0
0
0
0
0
0
0
0
0
0
0
0
0
0
0
0
0
0
0
0
0
0
0
0
0
0
0
0
0
0
0
0
0
0
0
0
0
0
0
0
0
0
0
0
0
0
0
0
0
0
0
0
0
0
0
0
0
0
0
0
0
0
0
0
0
0
0
0
0
0
0
0
0
0
0
0
0
0
0
0
0
0
0
0
0
0
0
0
0
0
0
0
0
0
0
0
0
0
0
0
0
0
0
0
0
0
0
0
0
0
0
0
0
0
0
0
0
0
0
0
0
0
0
0
0
0
0
0
0
0
0
0
0
0
0
0
0
0
0
0
0
0
0
0
0
0
0
0
0
0
0
0
0
0
0
0
0
0
0
0
0
0
0
0
0
0
0
0
0
0
0
0
0
0
0
0
0
0
0
0
0
0
0
0
0
0
0
0
0
0
0
0
0
0
0
0
0
0
0
0
0
0
0
0
0
0
0
0
0
0
0
0
0
0
0
0
0
0
0
0
0
0
0
0
0
0
0
0
0
0
0
0
0
0
0
0
0
0
0
0
0
0
0
0
0
0
0
0
0
0
0
0
0
0
0
0
0
0
0
0
0
0
0
0
0
0
0
0
0
0
0
0
0
0
0
0
0
0
0
0
0
0
0
0
0
0
0
0
0
0
0
0
0
0
0
0
0
0
0
0
0
0
0
0
0
0
0
0
0
0
0
0
0
0
0
0
0
0
0
0
0
0
0
0
0
0
0
0
0
0
0
0
0
0
0
0
0
0
0
0
0
0
0
0
0
0
0
0
0
0
0
0
0
0
0
0
0
0
0
0
0
0
0
0
0
0
0
0
0
0
0
0
0
0
0
0
0
0
0
0
0
0
0
0
0
0
0
0
0
0
0
0
0
0
0
0
0
0
0
0
0
0
0
0
0
0
0
0
0
0
0
0
0
0
0
0
0
0
0
0
0
0
0
0
0
0
0
0
0
0
0
0
0
0
0
0
0
0
0
0
0
0
0
0
0
0
0
0
0
0
0
0
0
0
0
0
0
0
0
0
0
0
0
0
0
0
0
0
0
0
0
0
0
0
0
0
0
0
0
0
0
0
0
0
0
0
0
0
0
0
0
0
0
0
0
0
0
0
0
0
0
0
0
0
0
0
0
0
0
0
0
0
0
0
0
0
0
0
0
0
0
0
0
0
0
0
0
0
0
0
0
0
0
0
0
0
0
0
0
0
0
0
0
0
0
0
0
0
0
0
0
0
0
0
0
0
0
0
0
0
0
0
0
0
0
0
0
0
0
0
0
0
0
0
0
0
0
0
0
0
0
0
0
0
0
0
0
0
0
0
0
0
0
0
0
0
0
0
0
0
0
0
0
0
0
0
0
0
0
0
0
0
0
0
0
0
0
0
0
0
0
0
0
0
0
0
0
0
0
0
0
0
0
0
0
0
0
0
0
0
0
0
0
0
0
0
0
0
0
0
0
0
0
0
0
0
0
0
0
0
0
0
0
0
0
0
0
0
0
0
0
0
0
0
0
0
0
0
0
0
0
0
0
0
0
0
0
0
0
0
0
0
0
0
0
0
0
0
0
0
0
0
0
0
0
0
0
0
0
0
0
0
0
0
0
0
0
0
0
0
0
0
0
0
0
0
0
0
0
0
0
0
0
0
0
0
0
0
0
0
0
0
0
0
0
0
0
0
0
0
0
0
0
0
0
0
0
0
0
0
0
0
0
0
0
0
0
0
0
0
0
0
0
0
0
0
0
0
0
0
0
0
0
0
0
0
0
0
0
0
0
0
0
0
0
0
0
0
0
0
0
0
0
0
0
0
0
0
0
0
0
0
0
0
0
0
0
0
0
0
0
0
0
0
0
0
0
0
0
0
0
0
0
0
0
0
0
0
0
0
0
0
0
0
0
0
0
0
0
0
0
0
0
0
0
0
0
0
0
0
0
0
0
0
0
0
0
0
0
0
0
0
0
0
0
0
0
0
0
0
0
0
0
0
0
0
0
0
0
0
0
0
0
0
0
0
0
0
0
0
0
0
0
0
0
0
0
0
0
0
0
0
0
0
0
0
0
0
0
0
0
0
0
0
0
0
0
0
0
0
0
0
0
0
0
0
0
0
0
0
0
0
0
0
0
0
0
0
0
0
0
0
0
0
0
0
0
0
0
0
0
0
0
0
0
0
0
0
0
0
0
0
0
0
0
0
0
0
0
0
0
0
0
0
0
0
0
0
0
0
0
0
0
0
0
0
0
0
0
0
0
0
0
0
0
0
0
0
0
0
0
0
0
0
0
0
0
0
0
0
0
0
0
0
0
0
0
0
0
0
0
0
0
0
0
0
0
0
0
0
0
0
0
0
0
0
0
0
0
0
0
0
0
0
0
0
0
0
0
0
0
0
0
0
0
0
0
0
0
0
0
0
0
0
0
0
0
0
0
0
0
0
0
0
0
0
0
0
0
0
0
0
0
0
0
0
0
0
0
0
0
0
0
0
0
0
0
0
0
0
0
0
0
0
0
0
0
0
0
0
0
0
0
0
0
0
0
0
0
0
0
0
0
0
0
0
0
0
0
0
0
0
0
0
0
0
0
0
0
0
0
0
0
0
0
0
0
0
0
0
0
0
0
0
0
0
0
0
0
0
0
0
0
0
0
0
0
0
0
0
0
0
0
0
0
0
0
0
0
0
0
0
0
0
0
0
0
0
0
0
0
0
0
0
0
0
0
0
0
0
0
0
0
0
0
0
0
0
0
0
0
0
0
0
0
0
0
0
0
0
0
0
0
0
0
0
0
0
0
0
0
0
0
0
0
0
0
0
0
0
0
0
0
0
0
0
0
0
0
0
0
0
0
0
0
0
0
0
0
0
0
0
0
0
0
0
0
0
0
0
0
0
0
0
0
0
0
0
0
0
0
0
0
0
0
0
0
0
0
0
0
0
0
0
0
0
0
0
0
0
0
0
0
0
0
0
0
0
0
0
0
0
0
0
0
0
0
0
0
0
0
0
0
0
0
0
0
0
0
0
0
0
0
0
0
0
0
0
0
0
0
0
0
0
0
0
0
0
0
0
0
0
0
0
0
0
0
0
0
0
0
0
0
0
0
0
0
0
0
0
0
0
0
0
0
0
0
0
0
0
0
0
0
0
0
0
0
0
0
0
0
0
0
0
0
0
0
0
0
0
0
0
0
0
0
0
0
0
0
0
0
0
0
0
0
0
0
0
0
0
0
0
0
0
0
0
0
0
0
0
0
0
0
0
0
0
0
0
0
0
0
0
0
0
0
0
0
0
0
0
0
0
0
0
0
0
0
0
0
0
0
0
0
0
0
0
0
0
0
0
0
0
0
0
0
0
0
0
0
0
0
0
0
0
0
0
0
0
0
0
0
0
0
0
0
0
0
0
0
0
0
0
0
0
0
0
0
0
0
0
0
0
0
0
0
0
0
0
0
0
0
0
0
0
0
0
0
0
0
0
0
0
0
0
0
0
0
0
0
0
0
0
0
0
0
0
0
0
0
0
0
0
0
0
0
0
0
0
0
0
0
0
0
0
0
0
0
0
0
0
0
0
0
0
0
0
0
0
0
0
0
0
0
0
0
0
0
0
0
0
0
0
0
0
0
0
0
0
0
0
0
0
0
0
0
0
0
0
0
0
0
0
0
0
0
0
0
0
0
0
0
0
0
0
0
0
0
0
0
0
0
0
0
0
0
0
0
0
0
0
0
0
0
0
0
0
0
0
0
0
0
0
0
0
0
0
0
0
0
0
0
0
0
0
0
0
0
0
0
0
0
0
0
0
0
0
0
0
0
0
0
0
0
0
0
0
0
0
0
0
0
0
0
0
0
0
0
0
0
0
0
0
0
0
0
0
0
0
0
0
0
0
0
0
0
0
0
0
0
0
0
0
0
0
0
0
0
0
0
0
0
0
0
0
0
0
0
0
0
0
0
0
0
0
0
0
0
0
0
0
0
0
0
0
0
0
0
0
0
0
0
0
0
0
0
0
0
0
0
0
0
0
0
0
0
0
0
0
0
0
0
0
0
0
0
0
0
0
0
0
0
0
0
0
0
0
0
0
0
0
0
0
0
0
0
0
0
0
0
0
0
0
0
0
0
0
0
0
0
0
0
0
0
0
0
0
0
0
0
0
0
0
0
0
0
0
0
0
0
0
0
0
0
0
0
0
0
0
0
0
0
0
0
0
0
0
0
0
0
0
0
0
0
0
0
0
0
0
0
0
0
0
0
0
0
0
0
0
0
0
0
0
0
0
0
0
0
0
0
0
0
0
0
0
0
0
0
0
0
0
0
0
0
0
0
0
0
0
0
0
0
0
0
0
0
0
0
0
0
0
0
0
0
0
0
0
0
0
0
0
0
0
0
0
0
0
0
0
0
0
0
0
0
0
0
0
0
0
0
0
0
0
0
0
0
0
0
0
0
0
0
0
0
0
0
0
0
0
0
0
0
0
0
0
0
0
0
0
0
0
0
0
0
0
0
0
0
0
0
0
0
0
0
0
0
0
0
0
0
0
0
0
0
0
0
0
0
0
0
0
0
0
0
0
0
0
0
0
0
0
0
0
0
0
0
0
0
0
0
0
0
0
0
0
0
0
0
0
0
0
0
0
0
0
0
0
0
0
0
0
0
0
0
0
0
0
0
0
0
0
0
0
0
0
0
0
0
0
0
0
0
0
0
0
0
0
0
0
0
0
0
0
0
0
0
0
0
0
0
0
0
0
0
0
0
0
0
0
0
0
0
0
0
0
0
0
0
0
0
0
0
0
0
0
0
0
0
0
0
0
0
0
0
0
0
0
0
0
0
0
0
0
0
0
0
0
0
0
0
0
0
0
0
0
0
0
0
0
0
0
0
0
0
0
0
0
0
0
0
0
0
0
0
0
0
0
0
0
0
0
0
0
0
0
0
0
0
0
0
0
0
0
0
0
0
0
0
0
0
0
0
0
0
0
0
0
0
0
0
0
0
0
0
0
0
0
0
0
0
0
0
0
0
0
0
0
0
0
0
0
0
0
0
0
0
0
0
0
0
0
0
0
0
0
0
0
0
0
0
0
0
0
0
0
0
0
0
0
0
0
0
0
0
0
0
0
0
0
0
0
0
0
0
0
0
0
0
0
0
0
0
0
0
0
0
0
0
0
0
0
0
0
0
0
0
0
0
0
0
0
0
0
0
0
0
0
0
0
SCALARS speed float 1
LOOKUP_TABLE default
7.4607981503767782
7.4605583288891939
7.4607252243043076
7.4604971829092035
7.4606896328731702
7.460465247675482
7.4606701356112373
7.4604461493198988
7.4602349699060015
7.4597530253760427
7.4590899318264139
7.4601790997602926
7.4597045566045024
7.4590554202151411
7.4582946925629754
7.4574417299632358
7.4565926939499461
7.4582792468058647
7.457447216416436
7.4566186549088602
7.4601485421948466
7.4596764188880025
7.459032765474201
7.4601293624117009
7.4596572457363504
7.4590153135378969
7.4582656793128583
7.4574444432612799
7.4566269751008569
7.4582528402060504
7.4574379297246596
7.4566276028988572
7.455807123588067
7.4551537988785226
7.4546776731443334
7.4558512396229801
7.4552115900174458
7.4547433850558233
7.4543558934044842
7.4541129318154402
7.4544276997529995
7.4541984883787151
7.455869962941148
7.4552388807391141
7.4547767050926756
7.4558779471274779
7.455253768683912
7.4547971358686826
7.4544653229777484
7.4542410359955689
7.4544888779912775
7.4542658390481185
7.4606576621998881
7.4606493694867195
7.4604335013822585
7.4604252240980893
7.4606509386564683
7.4604261193292523
7.4606726042880913
7.4604439768679427
7.4607340442352825
7.4604938298389509
7.4601164317521462
7.4596443014800276
7.4601082745124403
7.4596373270509613
7.4590039631366274
7.4589994931638435
7.4601091471368708
7.4596394885742354
7.459004139552639
7.4582450373894362
7.4582442988965063
7.4574350989176743
7.4566305993729802
7.457439059685707
7.4566397126575925
7.4582514608783814
7.4574488888921717
7.4566521544072906
7.4601255541523308
7.4596551336761872
7.459018966637383
7.4601704304259648
7.4596948332488857
7.459050443545272
7.4582644989456721
7.4574596410565599
7.4566601996590887
7.4582853652495977
7.4574687729157088
7.4566569669866913
7.455887052932991
7.4559011952469811
7.455268747395194
7.4548164632944012
7.4552872884707098
7.4548377159782815
7.4559158982339655
7.455303727000735
7.4548542262549171
7.4545105971793619
7.4545327671192698
7.4542871474317094
7.4543092972316352
7.45454829389565
7.4543246557577643
7.4559211146012565
7.455306374681518
7.4548543490757773
7.4559058090979615
7.4552811284015172
7.4548223193589971
7.4545462679635399
7.454318436014888
7.4545076153708481
7.4542667260518218
7.460722640744021
7.4604942045905887
7.4606617035554548
7.4604426693472128
7.4606302239744444
7.4604146518890309
7.4606117289242304
7.4603971475725075
7.460174992200125
7.4596982910511276
7.4590460718605565
7.4601295487663304
7.4596629159782974
7.4590276668590434
7.4582663163364868
7.457430564060445
7.4565990366028645
7.4582690321798086
7.4574552188092831
7.4566440059084025
7.4601041677442623
7.4596423591464918
7.4590154282176657
7.4600877779438912
7.4596280994233304
7.4590054572188444
7.4582681870379295
7.4574668165221789
7.4566674884563851
7.4582650855926227
7.4574717845415339
7.4566806448718985
7.4606844985656879
7.4604598120398578
7.460627591797321
7.4604120505147655
7.4605976267975143
7.4603857053834215
7.4605796879615722
7.4603690061744325
7.4601423289867457
7.4596685502404947
7.4590221303195037
7.4601016113477536
7.4596396614255944
7.4590121711930495
7.4582512620715962
7.4574255332564867
7.4566040639325548
7.4582638255489737
7.4574608913415581
7.45665994779249
7.4600786500751015
7.4596227870189935
7.4590051050145165
7.4600636712326756
7.4596109695068575
7.4589988800056464
7.4582694078546403
7.4574798557143112
7.4566913249954085
7.458271213046979
7.4574906685579352
7.4567109195006367
7.4558305266310425
7.4551923691252249
7.4547268133973548
7.4558919530851302
7.4552636591480157
7.4548013700132296
7.454413182671388
7.4541829830705
7.4544897326740402
7.4542700187145554
7.4559253978556237
7.455303576681132
7.4548445154006728
7.4559458644100625
7.4553294772805927
7.4548738197823665
7.4545344151451456
7.454318141168752
7.4545657484161438
7.4543508513452128
7.4558450097627116
7.4552147950220373
7.4547549110888207
7.4559167325651163
7.4552946273160723
7.4548357906410354
7.4544445880342929
7.4542188297166856
7.4545259041648233
7.4543094410668322
7.4559580125824487
7.4553415158610798
7.454884516809293
7.4559850044618194
7.4553734122376634
7.4549187973864415
7.4545749182933854
7.4543608530987067
7.4546103599005153
7.4543972522234263
7.4606613198972189
7.4604375378840215
7.4606049568426887
7.4603906697081639
7.4605758372487863
7.460365359913304
7.4605584422835696
7.4603493391873714
7.4601212725267869
7.4596495131365996
7.4590069182527889
7.4600819837628585
7.4596229851191502
7.4590003788250092
7.4582420726393162
7.4574232334533574
7.456608625218867
7.4582589071342165
7.4574634566625297
7.4566696871773299
7.4600605508422735
7.4596084385844517
7.4589965926624622
7.4600465998216325
7.4595982803818242
7.4589928360567743
7.4582685355258658
7.4574870257280983
7.4567059726865388
7.4582735008185326
7.4575015364150961
7.4567295871379153
7.4606423635045251
7.4604188085259979
7.4605860831400754
7.4603723218889861
7.4606231413594681
7.4604000035341915
7.4605674466770857
7.4603541130544491
7.4605572183014832
7.4603473924078179
7.460540137097512
7.4603317404666702
7.4605389252929193
7.4603295688164959
7.460522273038916
7.4603144127344363
7.4601034563946351
7.4596334724690747
7.4589941670722641
7.4600648718044349
7.4596081300923958
7.4589893943717724
7.4582338310926923
7.4574202468534914
7.4566110639276282
7.4582529593461055
7.4574631298253529
7.456674975315333
7.46008519046228
7.4596163860568687
7.458979104954798
7.4600472699758393
7.4595918922239077
7.4589755322711957
7.4582215204545719
7.4574114615460436
7.4566065939713155
7.4582422717781123
7.4574562971041951
7.4566725096306152
7.4600439987497671
7.4595944640963783
7.4589869109440521
7.4600305725829337
7.4595851535294182
7.4589844120726871
7.458264297211981
7.4574887312860909
7.4567134659621059
7.4582709324453598
7.4575052559086146
7.4567393024704538
7.4600268549261282
7.4595788333416815
7.4589739225376794
7.4600140405252908
7.4595703340591539
7.4589725245089733
7.4582548260531905
7.4574834130651508
7.4567126399612693
7.4582628991133237
7.457501652884746
7.4567403140194859
7.4558558060308746
7.4552304684601811
7.4547739227837226
7.4559326461608366
7.4553148485784337
7.4548584973124434
7.4544656430823517
7.4542410633074425
7.4545499708954948
7.4543345267644758
7.4559787781218683
7.4553661376613247
7.4549108137352249
7.4560098036996987
7.4554017566142026
7.4549483084987616
7.45460189774714
7.4543884244506931
7.4546401226189847
7.4544273790484814
7.4558633555569784
7.4552421641002766
7.4547881714746902
7.4559429354679452
7.4553289526128292
7.4548747484506164
7.4544812734282955
7.4542574205306353
7.4545673019758691
7.4543523617837035
7.4558636817224535
7.4552469167982673
7.4547960078729201
7.4559449819633885
7.4553349870623586
7.4548835399707203
7.4544908312125493
7.4542679519510333
7.4545776134211659
7.4543634577352993
7.455991262802188
7.4553823025944421
7.4549288962757938
7.4560245332462687
7.4554200577639875
7.4549684283711857
7.4546208588190739
7.454407752015034
7.4546610169780898
7.4544485877011999
7.4559948373785678
7.455389656255389
7.4549388523171318
7.4560298944869245
7.4554290489253985
7.4549798992559522
7.4546322416825959
7.4544198402409885
7.4546738663725423
7.4544621428383033
7.4605993796199863
7.4605915548845845
7.4603850971827788
7.4603773942292477
7.4605924348296178
7.4603776603330614
7.4606101509146834
7.4603922665201976
7.4606598985415902
7.4604334078357395
7.4600762937650265
7.4596180239270948
7.4600691348920991
7.4596127810932398
7.4589986911115389
7.4589968212812128
7.4600694372106711
7.4596143814303923
7.4590009811352287
7.4582634497113514
7.4582659783584742
7.4574763751525488
7.4566917587449542
7.4574839890338822
7.4567045843172926
7.4582728241330409
7.457493717347834
7.4567170479346192
7.4600829002949904
7.4596272925097713
7.4590135728517266
7.4601199950301158
7.4596601594193261
7.459040020382357
7.4582845727123983
7.4575043223422259
7.4567261504364968
7.458303136505271
7.4575144866725189
7.4567274392713614
7.4605674794347392
7.4603573114340174
7.4605594999161955
7.4603495379117488
7.4605596509077063
7.4603491092278089
7.4605752468847015
7.4603618615094813
7.4606201358950814
7.460398883935321
7.4600530083470042
7.4596025306170084
7.4600460054318321
7.4595978180253049
7.4589947584121195
7.458993886543392
7.4600456298547959
7.4595987991967654
7.4589974929085132
7.4582731387788153
7.4582770843943882
7.4574995439124647
7.4567267595561741
7.4575088984750773
7.4567414993616312
7.4582834652600996
7.4575182747404396
7.4567537269616881
7.4600571068064117
7.4596095190344895
7.459007715311631
7.4600900820166718
7.4596380420434496
7.4590298793785221
7.4582928553948626
7.4575267574688739
7.4567610934787742
7.4583077229031183
7.4575341914013586
7.4567608842473803
7.4559630553907681
7.455980621576014
7.4553516254731758
7.4548990707416998
7.4553730217290965
7.4549227130606441
7.4559953578295328
7.4553895129287131
7.4549395494216819
7.4545926696049474
7.4546170579243833
7.4543785841581069
7.4544033159756022
7.4546332372886575
7.4544187444305257
7.4560025816705897
7.4553947030008487
7.4549423448176775
7.4559946507600481
7.45537824341329
7.454919433395097
7.4546335101744221
7.4544156828995636
7.4546050572673082
7.4543787644903592
7.4560069494136103
7.4560264308334716
7.4553999186456021
7.4549478562679701
7.4554230810804203
7.4549731466762257
7.4560410192702902
7.4554395092396772
7.4549901032051098
7.4546406725676748
7.454666732594343
7.4544548121558618
7.4544283058745568
7.4546832468332065
7.4544707786432296
7.4560469448433384
7.4554438723799397
7.4549925724822543
7.4560387922178979
7.4554282512757242
7.4549712589495503
7.4546836808702395
7.4544684269942261
7.4546575741218906
7.4544351175114709
7.4605459963684213
7.4603374728963496
7.4605375211621867
7.4603292542891326
7.4605371042642128
7.4603282694219564
7.4605512789254362
7.4603395613233987
7.4605940966153774
7.4603745211717785
7.4600358918148135
7.4595900983042576
7.4600284926955513
7.4595850798327668
7.4589893926116817
7.45898838473288
7.4600275938556093
7.4595855845788037
7.458991547710105
7.4582765525887806
7.4575119511862846
7.4582805724285981
7.4575216053337297
7.4567472857038473
7.4567625309325685
7.4582865816436392
7.4575306961292762
7.456774577785076
7.4600373762189065
7.4595942860249531
7.4589994253501892
7.460067906235003
7.4596198100058393
7.4590181289978261
7.4582934748537681
7.4575366963601706
7.4567796505351298
7.458304716595217
7.4575406340765662
7.4567763248714627
7.4605277104616956
7.4603199191100291
7.4605188208174225
7.4603113058798547
7.4605176357614731
7.4603095583226349
7.4605104537620797
7.460303267464254
7.460501733792686
7.4602948476246134
7.4605005468974896
7.4602930965782264
7.4605312028222608
7.4603201904944436
7.4605731932753638
7.4603541482386655
7.4605135574006214
7.4603031740844239
7.4605547072872884
7.4603363182745444
7.4600199868212798
7.4595772660314541
7.4600121486514599
7.4595717764854692
7.4589815167036662
7.4589800822636523
7.4600103712170354
7.4595712140732671
7.4589820355737055
7.4582748316250447
7.4575167979583661
7.4582785491154375
7.4575263199242015
7.4567583410578848
7.4567736392413195
7.4582833195405298
7.4575342300245255
7.4567846513628755
7.4600042992988085
7.4595635689345317
7.4599966863862051
7.4595583705647464
7.4589710993679992
7.4589700742866443
7.4599949186621206
7.4595578423874835
7.458972107045506
7.4582686073973044
7.4575152553058963
7.4582728860858722
7.4575254894483907
7.4567615203005557
7.4567776438545676
7.4582778037540818
7.4575336260490772
7.4567889639277878
7.4600193925916418
7.4595790227974135
7.4589888929297654
7.4600486378733581
7.4596029144614677
7.4590056457723817
7.4582891388129076
7.4575391663734782
7.4567887485499531
7.4582982217452978
7.457540887692808
7.4567833053027002
7.4600032941129468
7.4595648697791122
7.458978056311536
7.4600316375013733
7.4595877333795917
7.4589936810837605
7.4582826625738452
7.4575376257661548
7.4567922241173639
7.4582905836801476
7.4575382320195196
7.4567857909060473
7.4560337661110783
7.4560538953114088
7.4554542624288436
7.4554303228255234
7.4549794041304001
7.4550056372430031
7.4560684115885989
7.4554707645964404
7.4550228918093948
7.4546724452847259
7.4544604656422511
7.4546996336519875
7.4544882865003848
7.4547166934826432
7.4545050170498337
7.4560723889893143
7.455473666001736
7.4550244674001576
7.4560616958476178
7.4554562322028426
7.4550020412463454
7.4547166957332838
7.4545024864374607
7.4546900054290495
7.4544688467435511
7.4560499403073441
7.4554501060350464
7.4560702969016539
7.4554744681930245
7.4550010622197904
7.4550279499677092
7.456083996279304
7.4554904520436933
7.455045022445721
7.4546949604991397
7.454483387284748
7.4547230322354912
7.454512289318207
7.4547402194216446
7.4545293608025878
7.4560574074909347
7.4554610203906719
7.4560786468752935
7.4554862936427257
7.4550142976178115
7.4550421471016621
7.4560927246015654
7.4555027183136762
7.4550597398634224
7.4547095226156079
7.4544987211417739
7.4547386507391122
7.4545288059379642
7.4547564575775489
7.4545466065528405
7.4560871604848975
7.4554927661565458
7.4550462692168695
7.4560746013780763
7.4554738755052092
7.4550228255027813
7.4547401266724007
7.4545268593696914
7.4547127146303902
7.4544924691668175
7.4560952189508454
7.4555045886255682
7.4550607872387724
7.4560818708895962
7.4554851791620314
7.4550370969151354
7.4547563565949728
7.4545442005526921
7.4547288986290416
7.4545098459616153
7.4606053839684128
7.4603825970303861
7.4605507947777623
7.4603375636741438
7.4605231670777776
7.4603139420666418
7.4605074662878827
7.4602998940523104
7.4600674005331156
7.4595984343828547
7.4589612854037819
7.4600302393602069
7.4595747196195177
7.4589587311888979
7.4582042256769636
7.4573956284667196
7.4565936001404465
7.4582264080736369
7.4574422288565829
7.45666129329061
7.4600109360971016
7.4595630820190664
7.4589589818075348
7.4599995317850123
7.4595564120499693
7.4589599048080668
7.4582412998220304
7.45747202534276
7.4567041536957035
7.4582521524420562
7.4574933403225812
7.4567349212810203
7.4605971719573221
7.4603734689688483
7.4605428955716873
7.4603286149893151
7.4605159953160554
7.4603058292825377
7.4605016090002101
7.4602933074079552
7.4600566872031244
7.4595860685097435
7.4589472664002914
7.4600195976782153
7.4595623318404218
7.4589447935400317
7.4581881993109729
7.457378384464298
7.456576661308719
7.4582108703865648
7.4574258793550374
7.4566453749506554
7.4600013734313899
7.4595521392641038
7.4589469547737286
7.4599919643621311
7.4595481145428231
7.4589511752153195
7.4582281685749203
7.4574584201604006
7.4566909995376047
7.4582428471201121
7.4574838326276334
7.4567257802297151
7.4558548286724928
7.4552427193943975
7.4547954731951149
7.4559375086388489
7.455331591220367
7.4548834324830136
7.4544922959011828
7.454270369269226
7.4545793324094074
7.4543660563998309
7.4559897990190231
7.4553881746407313
7.4549402234689737
7.4560276895341957
7.4554299613826087
7.4549832318141185
7.4546352117274939
7.4544235923211009
7.4546785419177573
7.4544675580130342
7.4558397521332926
7.4552307952291406
7.4547860449968146
7.4559232713555019
7.4553201966327913
7.4548743971418361
7.4544839846808086
7.4542619384429498
7.4545714025151488
7.4543580260317555
7.4559780143125538
7.4553786806478453
7.4549326808254923
7.4560194945006568
7.4554234032933531
7.454978020955247
7.4546285583031757
7.4544168713147787
7.4546738658806255
7.4544627665896073
7.4606111590439959
7.4603833870194673
7.4605536729762063
7.4603359175733077
7.4605267816783361
7.4603134584140314
7.4605131206050572
7.4603018655176081
7.4600638810111768
7.4595900252452667
7.4589467712739204
7.4600241626132986
7.4595634267017932
7.4589414762699935
7.4581818314172912
7.4573662589406053
7.456559971123343
7.4582023242836639
7.4574124099064116
7.456628088643928
7.460006549129897
7.4595542252821803
7.4589450757030029
7.4599983809481412
7.4595518460731043
7.4589513473530484
7.4582215466213109
7.457447247523513
7.4566760666020366
7.4582386192308583
7.4574752278848893
7.4567133218939761
7.4606684915953014
7.4604296608088383
7.4606001399142139
7.4603736984576958
7.4605700527829075
7.4603488393585184
7.4605573908755858
7.4603383833862074
7.4601053824680648
7.4596261773534804
7.458973471576285
7.4600572746579727
7.4595904570176268
7.4589587335466554
7.4581954544940618
7.4573654442909909
7.456545239828043
7.4582073894379493
7.457404812079095
7.4566086166662275
7.4600373544101304
7.4595788120583384
7.4589598510607296
7.4600307076808701
7.4595784712211888
7.4589686936711335
7.4582243905649461
7.4574378345937937
7.4566551419344567
7.4582444036501849
7.4574688809256617
7.4566952270207265
7.4558200433402027
7.4552097857757182
7.4547644416377992
7.455903564026908
7.4552997140768937
7.4548537274538029
7.4544615686550291
7.4542358501716919
7.4545501302988102
7.4543339270928888
7.4559604289717667
7.4553599175645688
7.4549134166325519
7.4560040461845176
7.4554063117037064
7.4549601153624945
7.4546086463547505
7.4543945756042662
7.4546551836143671
7.4544417683028419
7.4557928986968571
7.4551726979302089
7.4547206695893413
7.455873754780761
7.4552620665201905
7.454811291804722
7.4544115408521581
7.454173056694815
7.4545035284348389
7.4542782904216489
7.4559295176480207
7.4553216887516101
7.4548710928593334
7.4559753974515743
7.455369686448992
7.4549189457605189
7.4545630066465236
7.4543411675161675
7.4546105577531039
7.4543894883748516
7.4604966993381208
7.4602899357193966
7.4604889532378085
7.4602825360255149
7.4604879552235959
7.4602809698446526
7.4605010409539005
7.4602911743371276
7.4605413609104509
7.4603237068917174
7.4599912623515552
7.4595515222121414
7.4599848634742951
7.4595478203411538
7.4589608011840811
7.4589615668837732
7.4599832388659593
7.459547374717844
7.4589636258377467
7.458260568204409
7.4575098905351878
7.4582668792113669
7.4575223048127235
7.4567590908853374
7.4567774036457077
7.4582718108899018
7.4575304889591063
7.4567888244077078
7.459991785896646
7.4595546186193982
7.458969850223399
7.4600195895809591
7.4595769812116082
7.4589850291937765
7.4582769941052298
7.457534867938584
7.4567925193173048
7.4582845653565935
7.4575352623483688
7.4567860437316575
7.4604919661759084
7.4602846575267492
7.4604852405767668
7.4602783520498228
7.4604852442481464
7.4602777887708065
7.4604987473843201
7.4602883950887637
7.4605389980165313
7.4603208803349341
7.4599853303639074
7.459545266981352
7.4599801972338105
7.4595430592995582
7.4589545298759612
7.4589570164643524
7.4599796582308375
7.459543785177412
7.4589603433472389
7.4582540663735815
7.4575033750823385
7.4582622825982607
7.4575178065804311
7.4567528919971986
7.4567732021532258
7.4582685393102448
7.4575273439771905
7.4567859473349269
7.4599885534611303
7.4595512444650174
7.4589666307133342
7.4600162294725267
7.459573335661311
7.4589813627478865
7.4582736773369751
7.4575316247177073
7.4567895411245209
7.4582806643545068
7.4575313791680129
7.4567824484158969
7.4560579516219461
7.4554643119146284
7.4560812354928299
7.4554913760289283
7.4550196393321713
7.4550490382117793
7.456095475240609
7.4555080449570719
7.4550669703624504
7.4547159851126796
7.4545059262821649
7.4547465310963084
7.4545374434674923
7.4547647526205623
7.4545557026234981
7.4560984444323104
7.4555104094469327
7.4550685118865783
7.4560852359413881
7.4554913043036626
7.4550452618735443
7.4547651629699043
7.4545538801875493
7.4547382758169904
7.4545203254671026
7.4560524163026267
7.455459974446133
7.4560775300514912
7.4554886132994032
7.45501622229395
7.4550469552193759
7.4560929842211312
7.4555063309694383
7.4550657480406155
7.4547128584943287
7.4545026589167698
7.4547445844953133
7.4545353347040697
7.4547635518879369
7.4545543282821249
7.4560958840898648
7.4555086726653892
7.4550673024214822
7.456082146075226
7.4554891834368897
7.4550438188025456
7.4547640132717881
7.4545525832004316
7.45473698434167
7.4545189570719819
7.4605050329445071
7.4602949320013163
7.4604990653772703
7.4602894672323696
7.4604997366020003
7.4602895270568395
7.4605145792544443
7.4603011658615381
7.4605580713199959
7.4603361238421373
7.45999390848527
7.4595517530260445
7.4599897005962665
7.4595505368157751
7.4589580251083429
7.4589615740985362
7.4599896762992541
7.4595515507087944
7.4589649333400896
7.4582535797909397
7.4574986943968895
7.4582629480450455
7.4575143740414225
7.4567442243325912
7.4567658006872746
7.4582690703430607
7.457523722948622
7.4567783751207299
7.4599994082101651
7.4595595175336511
7.4589712886556772
7.4600291460311041
7.4595832271122688
7.4589869720728634
7.4582738860074933
7.4575274030972825
7.456781210566267
7.4582810353105593
7.4575265979783358
7.4567729562512062
7.4605503481121556
7.4603324896935099
7.4605448110695658
7.4603275003331619
7.4605458834515508
7.4603278132117046
7.4605638764201005
7.4603416720931648
7.4606182235971366
7.4603846874645932
7.4600274452368724
7.4595797979855876
7.4600237139449259
7.4595789804349559
7.4589770120981411
7.4589808512781737
7.460023590282491
7.4595792919072306
7.4589827739290788
7.4582612009905791
7.4582708771629784
7.4575104092596103
7.4574942832044915
7.4567279365419497
7.45675006846343
7.4582750218161751
7.4575176237949856
7.4567606346165753
7.4600347841098964
7.4595876728249904
7.4589881430940652
7.4600712963291054
7.4596167790412222
7.4590070029427888
7.4582775012714366
7.4575180338577933
7.4567596861014653
7.4582850864733174
7.4575150421637169
7.4567469842965819
7.4560403018783612
7.4554455449953529
7.4560665798824903
7.455475187867088
7.4550003779741481
7.4550319754823988
7.4560819054429199
7.4554928412041868
7.4550507667701105
7.4546958959108345
7.454483338657635
7.454728423118719
7.4545168518239722
7.4547474599868906
7.4545359510076619
7.4560839903857801
7.4554943806468383
7.4550515703524525
7.456068620481485
7.4554729893693201
7.4550260448129642
7.4547471949695305
7.4545332784601088
7.4547178617580174
7.4544966247647135
7.4560130617565097
7.4560398575618683
7.4554399462780268
7.4554098625794172
7.4549598662839953
7.4549919224464958
7.456053433630955
7.4554562268969011
7.4550097352259836
7.4546518399533594
7.4544315806096231
7.4546849312079217
7.4544658043794003
7.4547032710836048
7.4544842700465015
7.4560515678524668
7.45545402056492
7.4550071058893312
7.4560299945104171
7.4554254284167563
7.4549738651696744
7.4546995883166254
7.4544773478179147
7.4546615543172869
7.4544287963510385
0
0
0
0
0
0
0
0
0
0
0
0
0
0
0
0
0
0
0
0
0
0
0
0
0
0
0
0
0
0
0
0
0
0
0
0
0
0
0
0
0
0
0
0
0
0
0
0
0
0
0
0
0
0
0
0
0
0
0
0
0
0
0
0
0
0
0
0
0
0
0
0
0
0
0
0
0
0
0
0
0
0
0
0
0
0
0
0
0
0
0
0
0
0
0
0
0
0
0
0
0
0
0
0
0
0
0
0
0
0
0
0
0
0
0
0
0
0
0
0
0
0
0
0
0
0
0
0
0
0
0
0
0
0
0
0
0
0
0
0
0
0
0
0
0
0
0
0
0
0
0
0
0
0
0
0
0
0
0
0
0
0
0
0
0
0
0
0
0
0
0
0
0
0
0
0
0
0
0
0
0
0
0
0
0
0
0
0
0
0
0
0
0
0
0
0
0
0
0
0
0
0
0
0
0
0
0
0
0
0
0
0
0
0
0
0
0
0
0
0
0
0
0
0
0
0
0
0
0
0
0
0
0
0
0
0
0
0
0
0
0
0
0
0
0
0
0
0
0
0
0
0
0
0
0
0
0
0
0
0
0
0
0
0
0
0
0
0
0
0
0
0
0
0
0
0
0
0
0
0
0
0
0
0
0
0
0
0
0
0
0
0
0
0
0
0
0
0
0
0
0
0
0
0
0
0
0
0
0
0
0
0
0
0
0
0
0
0
0
0
0
0
0
0
0
0
0
0
0
0
0
0
0
0
0
0
0
0
0
0
0
0
0
0
0
0
0
0
0
0
0
0
0
0
0
0
0
0
0
0
0
0
0
0
0
0
0
0
0
0
0
0
0
0
0
0
0
0
0
0
0
0
0
0
0
0
0
0
0
0
0
0
0
0
0
0
0
0
0
0
0
0
0
0
0
0
0
0
0
0
0
0
0
0
0
0
0
0
0
0
0
0
0
0
0
0
0
0
0
0
0
0
0
0
0
0
0
0
0
0
0
0
0
0
0
0
0
0
0
0
0
0
0
0
0
0
0
0
0
0
0
0
0
0
0
0
0
0
0
0
0
0
0
0
0
0
0
0
0
0
0
0
0
0
0
0
0
0
0
0
0
0
0
0
0
0
0
0
0
0
0
0
0
0
0
0
0
0
0
0
0
0
0
0
0
0
0
0
0
0
0
0
0
0
0
0
0
0
0
0
0
0
0
0
0
0
0
0
0
0
0
0
0
0
0
0
0
0
0
0
0
0
0
0
0
0
0
0
0
0
0
0
0
0
0
0
0
0
0
0
0
0
0
0
0
0
0
0
0
0
0
0
0
0
0
0
0
0
0
0
0
0
0
0
0
0
0
0
0
0
0
0
0
0
0
0
0
0
0
0
0
0
0
0
0
0
0
0
0
0
0
0
0
0
0
0
0
0
0
0
0
0
0
0
0
0
0
0
0
0
0
0
0
0
0
0
0
0
0
0
0
0
0
0
0
0
0
0
0
0
0
0
0
0
0
0
0
0
0
0
0
0
0
0
0
0
0
0
0
0
0
0
0
0
0
0
0
0
0
0
0
0
0
0
0
0
0
0
0
0
0
0
0
0
0
0
0
0
0
0
0
0
0
0
0
0
0
0
0
0
0
0
0
0
0
0
0
0
0
0
0
0
0
0
0
0
0
0
0
0
0
0
0
0
0
0
0
0
0
0
0
0
0
0
0
0
0
0
0
0
0
0
0
0
0
0
0
0
0
0
0
0
0
0
0
0
0
0
0
0
0
0
0
0
0
0
0
0
0
0
0
0
0
0
0
0
0
0
0
0
0
0
0
0
0
0
0
0
0
0
0
0
0
0
0
0
0
0
0
0
0
0
0
0
0
0
0
0
0
0
0
0
0
0
0
0
0
0
0
0
0
0
0
0
0
0
0
0
0
0
0
0
0
0
0
0
0
0
0
0
0
0
0
0
0
0
0
0
0
0
0
0
0
0
0
0
0
0
0
0
0
0
0
0
0
0
0
0
0
0
0
0
0
0
0
0
0
0
0
0
0
0
0
0
0
0
0
0
0
0
0
0
0
0
0
0
0
0
0
0
0
0
0
0
0
0
0
0
0
0
0
0
0
0
0
0
0
0
0
0
0
0
0
0
0
0
0
0
0
0
0
0
0
0
0
0
0
0
0
0
0
0
0
0
0
0
0
0
0
0
0
0
0
0
0
0
0
0
0
0
0
0
0
0
0
0
0
0
0
0
0
0
0
0
0
0
0
0
0
0
0
0
0
0
0
0
0
0
0
0
0
0
0
0
0
0
0
0
0
0
0
0
0
0
0
0
0
0
0
0
0
0
0
0
0
0
0
0
0
0
0
0
0
0
0
0
0
0
0
0
0
0
0
0
0
0
0
0
0
0
0
0
0
0
0
0
0
0
0
0
0
0
0
0
0
0
0
0
0
0
0
0
0
0
0
0
0
0
0
0
0
0
0
0
0
0
0
0
0
0
0
0
0
0
0
0
0
0
0
0
0
0
0
0
0
0
0
0
0
0
0
0
0
0
0
0
0
0
0
0
0
0
0
0
0
0
0
0
0
0
0
0
0
0
0
0
0
0
0
0
0
0
0
0
0
0
0
0
0
0
0
0
0
0
0
0
0
0
0
0
0
0
0
0
0
0
0
0
0
0
0
0
0
0
0
0
0
0
0
0
0
0
0
0
0
0
0
0
0
0
0
0
0
0
0
0
0
0
0
0
0
0
0
0
0
0
0
0
0
0
0
0
0
0
0
0
0
0
0
0
0
0
0
0
0
0
0
0
0
0
0
0
0
0
0
0
0
0
0
0
0
0
0
0
0
0
0
0
0
0
0
0
0
0
0
0
0
0
0
0
0
0
0
0
0
0
0
0
0
0
0
0
0
0
0
0
0
0
0
0
0
0
0
0
0
0
0
0
0
0
0
0
0
0
0
0
0
0
0
0
0
0
0
0
0
0
0
0
0
0
0
0
0
0
0
0
0
0
0
0
0
0
0
0
0
0
0
0
0
0
0
0
0
0
0
0
0
0
0
0
0
0
0
0
0
0
0
0
0
0
0
0
0
0
0
0
0
0
0
0
0
0
0
0
0
0
0
0
0
0
0
0
0
0
0
0
0
0
0
0
0
0
0
0
0
0
0
0
0
0
0
0
0
0
0
0
0
0
0
0
0
0
0
0
0
0
0
0
0
0
0
0
0
0
0
0
0
0
0
0
0
0
0
0
0
0
0
0
0
0
0
0
0
0
0
0
0
0
0
0
0
0
0
0
0
0
0
0
0
0
0
0
0
0
0
0
0
0
0
0
0
0
0
0
0
0
0
0
0
0
0
0
0
0
0
0
0
0
0
0
0
0
0
0
0
0
0
0
0
0
0
0
0
0
0
0
0
0
0
0
0
0
0
0
0
0
0
0
0
0
0
0
0
0
0
0
0
0
0
0
0
0
0
0
0
0
0
0
0
0
0
0
0
0
0
0
0
0
0
0
0
0
0
0
0
0
0
0
0
0
0
0
0
0
0
0
0
0
0
0
0
0
0
0
0
0
0
0
0
0
0
0
0
0
0
0
0
0
0
0
0
0
0
0
0
0
0
0
0
0
0
0
0
0
0
0
0
0
0
0
0
0
0
0
0
0
0
0
0
0
0
0
0
0
0
0
0
0
0
0
0
0
0
0
0
0
0
0
0
0
0
0
0
0
0
0
0
0
0
0
0
0
0
0
0
0
0
0
0
0
0
0
0
0
0
0
0
0
0
0
0
0
0
0
0
0
0
0
0
0
0
0
0
0
0
0
0
0
0
0
0
0
0
0
0
0
0
0
0
0
0
0
0
0
0
0
0
0
0
0
0
0
0
0
0
0
0
0
0
0
0
0
0
0
0
0
0
0
0
0
0
0
0
0
0
0
0
0
0
0
0
0
0
0
0
0
0
0
0
0
0
0
0
0
0
0
0
0
0
0
0
0
0
0
0
0
0
0
0
0
0
0
0
0
0
0
0
0
0
0
0
0
0
0
0
0
0
0
0
0
0
0
0
0
0
0
0
0
0
0
0
0
0
0
0
0
0
0
0
0
0
0
0
0
0
0
0
0
0
0
0
0
0
0
0
0
0
0
0
0
0
0
0
0
0
0
0
0
0
0
0
0
0
0
0
0
0
0
0
0
0
0
0
0
0
0
0
0
0
0
0
0
0
0
0
0
0
0
0
0
0
0
0
0
0
0
0
0
0
0
0
0
0
0
0
0
0
0
0
0
0
0
0
0
0
0
0
0
0
0
0
0
0
0
0
0
0
0
0
0
0
0
0
0
0
0
0
0
0
0
0
0
0
0
0
0
0
0
0
0
0
0
0
0
0
0
0
0
0
0
0
0
0
0
0
0
0
0
0
0
0
0
0
0
0
0
0
0
0
0
0
0
0
0
0
0
0
0
0
0
0
0
0
0
0
0
0
0
0
0
0
0
0
0
0
0
0
0
0
0
0
0
0
0
0
0
0
0
0
0
0
0
0
0
0
0
0
0
0
0
0
0
0
0
0
0
0
0
0
0
0
0
0
0
0
0
0
0
0
0
0
0
0
0
0
0
0
0
0
0
0
0
0
0
0
0
0
0
0
0
0
0
0
0
0
0
0
0
0
0
0
0
0
0
0
0
0
0
0
0
0
0
0
0
0
0
0
0
0
0
0
0
0
0
0
0
0
0
0
0
0
0
0
0
0
0
0
0
0
0
0
0
0
0
0
0
0
0
0
0
0
0
0
0
0
0
0
0
0
0
0
0
0
0
0
0
0
0
0
0
0
0
0
0
0
0
0
0
0
0
0
0
0
0
0
0
0
0
0
0
0
0
0
0
0
0
0
0
0
0
0
0
0
0
0
0
0
0
0
0
0
0
0
0
0
0
0
0
0
0
0
0
0
0
0
0
0
0
0
0
0
0
0
0
0
0
0
0
0
0
0
0
0
0
0
0
0
0
0
0
0
0
0
0
0
0
0
0
0
0
0
0
0
0
0
0
0
0
0
0
0
0
0
0
0
0
0
0
0
0
0
0
0
0
0
0
0
0
0
0
0
0
0
0
0
0
0
0
0
0
0
0
0
0
0
0
0
0
0
0
0
0
0
0
0
0
0
0
0
0
0
0
0
0
0
0
0
0
0
0
0
0
0
0
0
0
0
0
0
0
0
0
0
0
0
0
0
0
0
0
0
0
0
0
0
0
0
0
0
0
0
0
0
0
0
0
0
0
0
0
0
0
0
0
0
0
0
0
0
0
0
0
0
0
0
0
0
0
0
0
0
0
0
0
0
0
0
0
0
0
0
0
0
0
0
0
0
0
0
0
0
0
0
0
0
0
0
0
0
0
0
0
0
0
0
0
0
0
0
0
0
0
0
0
0
0
0
0
0
0
0
0
0
0
0
0
0
0
0
0
0
0
0
0
0
0
0
0
0
0
0
0
0
0
0
0
0
0
0
0
0
0
0
0
0
0
0
0
0
0
0
0
0
0
0
0
0
0
0
0
0
0
0
0
0
0
0
0
0
0
0
0
0
0
0
0
0
0
0
0
0
0
0
0
0
0
0
0
0
0
0
0
0
0
0
0
0
0
0
0
0
0
0
0
0
0
0
0
0
0
0
0
0
0
0
0
0
0
0
0
0
0
0
0
0
0
0
0
0
0
0
0
0
0
0
0
0
0
0
0
0
0
0
0
0
0
0
0
0
0
0
0
0
0
0
0
0
0
0
0
0
0
0
0
0
0
0
0
0
0
0
0
0
0
0
0
0
0
0
0
0
0
0
0
0
0
0
0
0
0
0
0
0
0
0
0
0
0
0
0
0
0
0
0
0
0
0
0
0
0
0
0
0
0
0
0
0
0
0
0
0
0
0
0
0
0
0
0
0
0
0
0
0
0
0
0
0
0
0
0
0
0
0
0
0
0
0
0
0
0
0
0
0
0
0
0
0
0
0
0
0
0
0
0
0
0
0
0
0
0
0
0
0
0
0
0
0
0
0
0
0
0
0
0
0
0
0
0
0
0
0
0
0
0
0
0
0
0
0
0
0
0
0
0
0
0
0
0
0
0
0
0
0
0
0
0
0
0
0
0
0
0
0
0
0
0
0
0
0
0
0
0
0
0
0
0
0
0
0
0
0
0
0
0
0
0
0
0
0
0
0
0
0
0
0
0
0
0
0
0
0
0
0
0
0
0
0
0
0
0
0
0
0
0
0
0
0
0
0
0
0
0
0
0
0
0
0
0
0
0
0
0
0
0
0
0
0
0
0
0
0
0
0
0
0
0
0
0
0
0
0
0
0
0
0
0
0
0
0
0
0
0
0
0
0
0
0
0
0
0
0
0
0
0
0
0
0
0
0
0
0
0
0
0
0
0
0
0
0
0
0
0
0
0
0
0
0
0
0
0
0
0
0
0
0
0
0
0
0
0
0
0
0
0
0
0
0
0
0
0
0
0
0
0
0
0
0
0
0
0
0
0
0
0
0
0
0
0
0
0
0
0
0
0
0
0
0
0
0
0
0
0
0
0
0
0
0
0
0
0
0
0
0
0
0
0
0
0
0
0
0
0
0
0
0
0
0
0
0
0
0
0
0
0
0
0
0
0
0
0
0
0
0
0
0
0
0
0
0
0
0
0
0
0
0
0
0
0
0
0
0
0
0
0
0
0
0
0
0
0
0
0
0
0
0
0
0
0
0
0
0
0
0
0
0
0
0
0
0
0
0
0
0
0
0
0
0
0
0
0
0
0
0
0
0
0
0
0
0
0
0
0
0
0
0
0
0
0
0
0
0
0
0
0
0
0
0
0
0
0
0
0
0
0
0
0
0
0
0
0
0
0
0
0
0
0
0
0
0
0
0
0
0
0
0
0
0
0
0
0
0
0
0
0
0
0
0
0
0
0
0
0
0
0
0
0
0
0
0
0
0
0
0
0
0
0
0
0
0
0
0
0
0
0
0
0
0
0
0
0
0
0
0
0
0
0
0
0
0
0
0
0
0
0
0
0
0
0
0
0
0
0
0
0
0
0
0
0
0
0
0
0
0
0
0
0
0
0
0
0
0
0
0
0
0
0
0
0
0
0
0
0
0
0
0
0
0
0
0
0
0
0
0
0
0
0
0
0
0
0
0
0
0
0
0
0
0
0
0
0
0
0
0
0
0
0
0
0
0
0
0
0
0
0
0
0
0
0
0
0
0
0
0
0
0
0
0
0
0
0
0
0
0
0
0
0
0
0
0
0
0
0
0
0
0
0
0
0
0
0
0
0
0
0
0
0
0
0
0
0
0
0
0
0
0
0
0
0
0
0
0
0
0
0
0
0
0
0
0
0
0
0
0
0
0
0
0
0
0
0
0
0
0
0
0
0
0
0
0
0
0
0
0
0
0
0
0
0
0
0
0
0
0
0
0
0
0
0
0
0
0
0
0
0
0
0
SCALARS particle_id float 1
LOOKUP_TABLE default
0
1
2
3
4
5
6
7
8
9
10
11
12
13
14
15
16
17
18
19
20
21
22
23
24
25
26
27
28
29
30
31
32
33
34
35
36
37
38
39
40
41
42
43
44
45
46
47
48
49
50
51
52
53
54
55
56
57
58
59
60
61
62
63
64
65
66
67
68
69
70
71
72
73
74
75
76
77
78
79
80
81
82
83
84
85
86
87
88
89
90
91
92
93
94
95
96
97
98
99
100
101
102
103
104
105
106
107
108
109
110
111
112
113
114
115
116
117
118
119
120
121
122
123
124
125
126
127
128
129
130
131
132
133
134
135
136
137
138
139
140
141
142
143
144
145
146
147
148
149
150
151
152
153
154
155
156
157
158
159
160
161
162
163
164
165
166
167
168
169
170
171
172
173
174
175
176
177
178
179
180
181
182
183
184
185
186
187
188
189
190
191
192
193
194
195
196
197
198
199
200
201
202
203
204
205
206
207
208
209
210
211
212
213
214
215
216
217
218
219
220
221
222
223
224
225
226
227
228
229
230
231
232
233
234
235
236
237
238
239
240
241
242
243
244
245
246
247
248
249
250
251
252
253
254
255
256
257
258
259
260
261
262
263
264
265
266
267
268
269
270
271
272
273
274
275
276
277
278
279
280
281
282
283
284
285
286
287
288
289
290
291
292
293
294
295
296
297
298
299
300
301
302
303
304
305
306
307
308
309
310
311
312
313
314
315
316
317
318
319
320
321
322
323
324
325
326
327
328
329
330
331
332
333
334
335
336
337
338
339
340
341
342
343
344
345
346
347
348
349
350
351
352
353
354
355
356
357
358
359
360
361
362
363
364
365
366
367
368
369
370
371
372
373
374
375
376
377
378
379
380
381
382
383
384
385
386
387
388
389
390
391
392
393
394
395
396
397
398
399
400
401
402
403
404
405
406
407
408
409
410
411
412
413
414
415
416
417
418
419
420
421
422
423
424
425
426
427
428
429
430
431
432
433
434
435
436
437
438
439
440
441
442
443
444
445
446
447
448
449
450
451
452
453
454
455
456
457
458
459
460
461
462
463
464
465
466
467
468
469
470
471
472
473
474
475
476
477
478
479
480
481
482
483
484
485
486
487
488
489
490
491
492
493
494
495
496
497
498
499
500
501
502
503
504
505
506
507
508
509
510
511
512
513
514
515
516
517
518
519
520
521
522
523
524
525
526
527
528
529
530
531
532
533
534
535
536
537
538
539
540
541
542
543
544
545
546
547
548
549
550
551
552
553
554
555
556
557
558
559
560
561
562
563
564
565
566
567
568
569
570
571
572
573
574
575
576
577
578
579
580
581
582
583
584
585
586
587
588
589
590
591
592
593
594
595
596
597
598
599
600
601
602
603
604
605
606
607
608
609
610
611
612
613
614
615
616
617
618
619
620
621
622
623
624
625
626
627
628
629
630
631
632
633
634
635
636
637
638
639
640
641
642
643
644
645
646
647
648
649
650
651
652
653
654
655
656
657
658
659
660
661
662
663
664
665
666
667
668
669
670
671
672
673
674
675
676
677
678
679
680
681
682
683
684
685
686
687
688
689
690
691
692
693
694
695
696
697
698
699
700
701
702
703
704
705
706
707
708
709
710
711
712
713
714
715
716
717
718
719
720
721
722
723
724
725
726
727
728
729
730
731
732
733
734
735
736
737
738
739
740
741
742
743
744
745
746
747
748
749
750
751
752
753
754
755
756
757
758
759
760
761
762
763
764
765
766
767
768
769
770
771
772
773
774
775
776
777
778
779
780
781
782
783
784
785
786
787
788
789
790
791
792
793
794
795
796
797
798
799
800
801
802
803
804
805
806
807
808
809
810
811
812
813
814
815
816
817
818
819
820
821
822
823
824
825
826
827
828
829
830
831
832
833
834
835
836
837
838
839
840
841
842
843
844
845
846
847
848
849
850
851
852
853
854
855
856
857
858
859
860
861
862
863
864
865
866
867
868
869
870
871
872
873
874
875
876
877
878
879
880
881
882
883
884
885
886
887
888
889
890
891
892
893
894
895
896
897
898
899
900
901
902
903
904
905
906
907
908
909
910
911
912
913
914
915
916
917
918
919
920
921
922
923
924
925
926
927
928
929
930
931
932
933
934
935
936
937
938
939
940
941
942
943
944
945
946
947
948
949
950
951
952
953
954
955
956
957
958
959
960
961
962
963
964
965
966
967
968
969
970
971
972
973
974
975
976
977
978
979
980
981
982
983
984
985
986
987
988
989
990
991
992
993
994
995
996
997
998
999
1000
1001
1002
1003
1004
1005
1006
1007
1008
1009
1010
1011
1012
1013
1014
1015
1016
1017
1018
1019
1020
1021
1022
1023
1024
1025
1026
1027
1028
1029
1030
1031
1032
1033
1034
1035
1036
1037
1038
1039
1040
1041
1042
1043
1044
1045
1046
1047
1048
1049
1050
1051
1052
1053
1054
1055
1056
1057
1058
1059
1060
1061
1062
1063
1064
1065
1066
1067
1068
1069
1070
1071
1072
1073
1074
1075
1076
1077
1078
1079
1080
1081
1082
1083
1084
1085
1086
1087
1088
1089
1090
1091
1092
1093
1094
1095
1096
1097
1098
1099
1100
1101
1102
1103
1104
1105
1106
1107
1108
1109
1110
1111
1112
1113
1114
1115
1116
1117
1118
1119
1120
1121
1122
1123
1124
1125
1126
1127
1128
1129
1130
1131
1132
1133
1134
1135
1136
1137
1138
1139
1140
1141
1142
1143
1144
1145
1146
1147
1148
1149
1150
1151
1152
1153
1154
1155
1156
1157
1158
1159
1160
1161
1162
1163
1164
1165
1166
1167
1168
1169
1170
1171
1172
1173
1174
1175
1176
1177
1178
1179
1180
1181
1182
1183
1184
1185
1186
1187
1188
1189
1190
1191
1192
1193
1194
1195
1196
1197
1198
1199
1200
1201
1202
1203
1204
1205
1206
1207
1208
1209
1210
1211
1212
1213
1214
1215
1216
1217
1218
1219
1220
1221
1222
1223
1224
1225
1226
1227
1228
1229
1230
1231
1232
1233
1234
1235
1236
1237
1238
1239
1240
1241
1242
1243
1244
1245
1246
1247
1248
1249
1250
1251
1252
1253
1254
1255
1256
1257
1258
1259
1260
1261
1262
1263
1264
1265
1266
1267
1268
1269
1270
1271
1272
1273
1274
1275
1276
1277
1278
1279
1280
1281
1282
1283
1284
1285
1286
1287
1288
1289
1290
1291
1292
1293
1294
1295
1296
1297
1298
1299
1300
1301
1302
1303
1304
1305
1306
1307
1308
1309
1310
1311
1312
1313
1314
1315
1316
1317
1318
1319
1320
1321
1322
1323
1324
1325
1326
1327
1328
1329
1330
1331
1332
1333
1334
1335
1336
1337
1338
1339
1340
1341
1342
1343
1344
1345
1346
1347
1348
1349
1350
1351
1352
1353
1354
1355
1356
1357
1358
1359
1360
1361
1362
1363
1364
1365
1366
1367
1368
1369
1370
1371
1372
1373
1374
1375
1376
1377
1378
1379
1380
1381
1382
1383
1384
1385
1386
1387
1388
1389
1390
1391
1392
1393
1394
1395
1396
1397
1398
1399
1400
1401
1402
1403
1404
1405
1406
1407
1408
1409
1410
1411
1412
1413
1414
1415
1416
1417
1418
1419
1420
1421
1422
1423
1424
1425
1426
1427
1428
1429
1430
1431
1432
1433
1434
1435
1436
1437
1438
1439
1440
1441
1442
1443
1444
1445
1446
1447
1448
1449
1450
1451
1452
1453
1454
1455
1456
1457
1458
1459
1460
1461
1462
1463
1464
1465
1466
1467
1468
1469
1470
1471
1472
1473
1474
1475
1476
1477
1478
1479
1480
1481
1482
1483
1484
1485
1486
1487
1488
1489
1490
1491
1492
1493
1494
1495
1496
1497
1498
1499
1500
1501
1502
1503
1504
1505
1506
1507
1508
1509
1510
1511
1512
1513
1514
1515
1516
1517
1518
1519
1520
1521
1522
1523
1524
1525
1526
1527
1528
1529
1530
1531
1532
1533
1534
1535
1536
1537
1538
1539
1540
1541
1542
1543
1544
1545
1546
1547
1548
1549
1550
1551
1552
1553
1554
1555
1556
1557
1558
1559
1560
1561
1562
1563
1564
1565
1566
1567
1568
1569
1570
1571
1572
1573
1574
1575
1576
1577
1578
1579
1580
1581
1582
1583
1584
1585
1586
1587
1588
1589
1590
1591
1592
1593
1594
1595
1596
1597
1598
1599
1600
1601
1602
1603
1604
1605
1606
1607
1608
1609
1610
1611
1612
1613
1614
1615
1616
1617
1618
1619
1620
1621
1622
1623
1624
1625
1626
1627
1628
1629
1630
1631
1632
1633
1634
1635
1636
1637
1638
1639
1640
1641
1642
1643
1644
1645
1646
1647
1648
1649
1650
1651
1652
1653
1654
1655
1656
1657
1658
1659
1660
1661
1662
1663
1664
1665
1666
1667
1668
1669
1670
1671
1672
1673
1674
1675
1676
1677
1678
1679
1680
1681
1682
1683
1684
1685
1686
1687
1688
1689
1690
1691
1692
1693
1694
1695
1696
1697
1698
1699
1700
1701
1702
1703
1704
1705
1706
1707
1708
1709
1710
1711
1712
1713
1714
1715
1716
1717
1718
1719
1720
1721
1722
1723
1724
1725
1726
1727
1728
1729
1730
1731
1732
1733
1734
1735
1736
1737
1738
1739
1740
1741
1742
1743
1744
1745
1746
1747
1748
1749
1750
1751
1752
1753
1754
1755
1756
1757
1758
1759
1760
1761
1762
1763
1764
1765
1766
1767
1768
1769
1770
1771
1772
1773
1774
1775
1776
1777
1778
1779
1780
1781
1782
1783
1784
1785
1786
1787
1788
1789
1790
1791
1792
1793
1794
1795
1796
1797
1798
1799
1800
1801
1802
1803
1804
1805
1806
1807
1808
1809
1810
1811
1812
1813
1814
1815
1816
1817
1818
1819
1820
1821
1822
1823
1824
1825
1826
1827
1828
1829
1830
1831
1832
1833
1834
1835
1836
1837
1838
1839
1840
1841
1842
1843
1844
1845
1846
1847
1848
1849
1850
1851
1852
1853
1854
1855
1856
1857
1858
1859
1860
1861
1862
1863
1864
1865
1866
1867
1868
1869
1870
1871
1872
1873
1874
1875
1876
1877
1878
1879
1880
1881
1882
1883
1884
1885
1886
1887
1888
1889
1890
1891
1892
1893
1894
1895
1896
1897
1898
1899
1900
1901
1902
1903
1904
1905
1906
1907
1908
1909
1910
1911
1912
1913
1914
1915
1916
1917
1918
1919
1920
1921
1922
1923
1924
1925
1926
1927
1928
1929
1930
1931
1932
1933
1934
1935
1936
1937
1938
1939
1940
1941
1942
1943
1944
1945
1946
1947
1948
1949
1950
1951
1952
1953
1954
1955
1956
1957
1958
1959
1960
1961
1962
1963
1964
1965
1966
1967
1968
1969
1970
1971
1972
1973
1974
1975
1976
1977
1978
1979
1980
1981
1982
1983
1984
1985
1986
1987
1988
1989
1990
1991
1992
1993
1994
1995
1996
1997
1998
1999
2000
2001
2002
2003
2004
2005
2006
2007
2008
2009
2010
2011
2012
2013
2014
2015
2016
2017
2018
2019
2020
2021
2022
2023
2024
2025
2026
2027
2028
2029
2030
2031
2032
2033
2034
2035
2036
2037
2038
2039
2040
2041
2042
2043
2044
2045
2046
2047
2048
2049
2050
2051
2052
2053
2054
2055
2056
2057
2058
2059
2060
2061
2062
2063
2064
2065
2066
2067
2068
2069
2070
2071
2072
2073
2074
2075
2076
2077
2078
2079
2080
2081
2082
2083
2084
2085
2086
2087
2088
2089
2090
2091
2092
2093
2094
2095
2096
2097
2098
2099
2100
2101
2102
2103
2104
2105
2106
2107
2108
2109
2110
2111
2112
2113
2114
2115
2116
2117
2118
2119
2120
2121
2122
2123
2124
2125
2126
2127
2128
2129
2130
2131
2132
2133
2134
2135
2136
2137
2138
2139
2140
2141
2142
2143
2144
2145
2146
2147
2148
2149
2150
2151
2152
2153
2154
2155
2156
2157
2158
2159
2160
2161
2162
2163
2164
2165
2166
2167
2168
2169
2170
2171
2172
2173
2174
2175
2176
2177
2178
2179
2180
2181
2182
2183
2184
2185
2186
2187
2188
2189
2190
2191
2192
2193
2194
2195
2196
2197
2198
2199
2200
2201
2202
2203
2204
2205
2206
2207
2208
2209
2210
2211
2212
2213
2214
2215
2216
2217
2218
2219
2220
2221
2222
2223
2224
2225
2226
2227
2228
2229
2230
2231
2232
2233
2234
2235
2236
2237
2238
2239
2240
2241
2242
2243
2244
2245
2246
2247
2248
2249
2250
2251
2252
2253
2254
2255
2256
2257
2258
2259
2260
2261
2262
2263
2264
2265
2266
2267
2268
2269
2270
2271
2272
2273
2274
2275
2276
2277
2278
2279
2280
2281
2282
2283
2284
2285
2286
2287
2288
2289
2290
2291
2292
2293
2294
2295
2296
2297
2298
2299
2300
2301
2302
2303
2304
2305
2306
2307
2308
2309
2310
2311
2312
2313
2314
2315
2316
2317
2318
2319
2320
2321
2322
2323
2324
2325
2326
2327
2328
2329
2330
2331
2332
2333
2334
2335
2336
2337
2338
2339
2340
2341
2342
2343
2344
2345
2346
2347
2348
2349
2350
2351
2352
2353
2354
2355
2356
2357
2358
2359
2360
2361
2362
2363
2364
2365
2366
2367
2368
2369
2370
2371
2372
2373
2374
2375
2376
2377
2378
2379
2380
2381
2382
2383
2384
2385
2386
2387
2388
2389
2390
2391
2392
2393
2394
2395
2396
2397
2398
2399
2400
2401
2402
2403
2404
2405
2406
2407
2408
2409
2410
2411
2412
2413
2414
2415
2416
2417
2418
2419
2420
2421
2422
2423
2424
2425
2426
2427
2428
2429
2430
2431
2432
2433
2434
2435
2436
2437
2438
2439
2440
2441
2442
2443
2444
2445
2446
2447
2448
2449
2450
2451
2452
2453
2454
2455
2456
2457
2458
2459
2460
2461
2462
2463
2464
2465
2466
2467
2468
2469
2470
2471
2472
2473
2474
2475
2476
2477
2478
2479
2480
2481
2482
2483
2484
2485
2486
2487
2488
2489
2490
2491
2492
2493
2494
2495
2496
2497
2498
2499
2500
2501
2502
2503
2504
2505
2506
2507
2508
2509
2510
2511
2512
2513
2514
2515
2516
2517
2518
2519
2520
2521
2522
2523
2524
2525
2526
2527
2528
2529
2530
2531
2532
2533
2534
2535
2536
2537
2538
2539
2540
2541
2542
2543
2544
2545
2546
2547
2548
2549
2550
2551
2552
2553
2554
2555
2556
2557
2558
2559
2560
2561
2562
2563
2564
2565
2566
2567
2568
2569
2570
2571
2572
2573
2574
2575
2576
2577
2578
2579
2580
2581
2582
2583
2584
2585
2586
2587
2588
2589
2590
2591
2592
2593
2594
2595
2596
2597
2598
2599
2600
2601
2602
2603
2604
2605
2606
2607
2608
2609
2610
2611
2612
2613
2614
2615
2616
2617
2618
2619
2620
2621
2622
2623
2624
2625
2626
2627
2628
2629
2630
2631
2632
2633
2634
2635
2636
2637
2638
2639
2640
2641
2642
2643
2644
2645
2646
2647
2648
2649
2650
2651
2652
2653
2654
2655
2656
2657
2658
2659
2660
2661
2662
2663
2664
2665
2666
2667
2668
2669
2670
2671
2672
2673
2674
2675
2676
2677
2678
2679
2680
2681
2682
2683
2684
2685
2686
2687
2688
2689
2690
2691
2692
2693
2694
2695
2696
2697
2698
2699
2700
2701
2702
2703
2704
2705
2706
2707
2708
2709
2710
2711
2712
2713
2714
2715
2716
2717
2718
2719
2720
2721
2722
2723
2724
2725
2726
2727
2728
2729
2730
2731
2732
2733
2734
2735
2736
2737
2738
2739
2740
2741
2742
2743
2744
2745
2746
2747
2748
2749
2750
2751
2752
2753
2754
2755
2756
2757
2758
2759
2760
2761
2762
2763
2764
2765
2766
2767
2768
2769
2770
2771
2772
2773
2774
2775
2776
2777
2778
2779
2780
2781
2782
2783
2784
2785
2786
2787
2788
2789
2790
2791
2792
2793
2794
2795
2796
2797
2798
2799
2800
2801
2802
2803
2804
2805
2806
2807
2808
2809
2810
2811
2812
2813
2814
2815
2816
2817
2818
2819
2820
2821
2822
2823
2824
2825
2826
2827
2828
2829
2830
2831
2832
2833
2834
2835
2836
2837
2838
2839
2840
2841
2842
2843
2844
2845
2846
2847
2848
2849
2850
2851
2852
2853
2854
2855
2856
2857
2858
2859
2860
2861
2862
2863
2864
2865
2866
2867
2868
2869
2870
2871
2872
2873
2874
2875
2876
2877
2878
2879
2880
2881
2882
2883
2884
2885
2886
2887
2888
2889
2890
2891
2892
2893
2894
2895
2896
2897
2898
2899
2900
2901
2902
2903
2904
2905
2906
2907
2908
2909
2910
2911
2912
2913
2914
2915
2916
2917
2918
2919
2920
2921
2922
2923
2924
2925
2926
2927
2928
2929
2930
2931
2932
2933
2934
2935
2936
2937
2938
2939
2940
2941
2942
2943
2944
2945
2946
2947
2948
2949
2950
2951
2952
2953
2954
2955
2956
2957
2958
2959
2960
2961
2962
2963
2964
2965
2966
2967
2968
2969
2970
2971
2972
2973
2974
2975
2976
2977
2978
2979
2980
2981
2982
2983
2984
2985
2986
2987
2988
2989
2990
2991
2992
2993
2994
2995
2996
2997
2998
2999
3000
3001
3002
3003
3004
3005
3006
3007
3008
3009
3010
3011
3012
3013
3014
3015
3016
3017
3018
3019
3020
3021
3022
3023
3024
3025
3026
3027
3028
3029
3030
3031
3032
3033
3034
3035
3036
3037
3038
3039
3040
3041
3042
3043
3044
3045
3046
3047
3048
3049
3050
3051
3052
3053
3054
3055
3056
3057
3058
3059
3060
3061
3062
3063
3064
3065
3066
3067
3068
3069
3070
3071
3072
3073
3074
3075
3076
3077
3078
3079
3080
3081
3082
3083
3084
3085
3086
3087
3088
3089
3090
3091
3092
3093
3094
3095
3096
3097
3098
3099
3100
3101
3102
3103
3104
3105
3106
3107
3108
3109
3110
3111
3112
3113
3114
3115
3116
3117
3118
3119
3120
3121
3122
3123
3124
3125
3126
3127
3128
3129
3130
3131
3132
3133
3134
3135
3136
3137
3138
3139
3140
3141
3142
3143
3144
3145
3146
3147
3148
3149
3150
3151
3152
3153
3154
3155
3156
3157
3158
3159
3160
3161
3162
3163
3164
3165
3166
3167
3168
3169
3170
3171
3172
3173
3174
3175
3176
3177
3178
3179
3180
3181
3182
3183
3184
3185
3186
3187
3188
3189
3190
3191
3192
3193
3194
3195
3196
3197
3198
3199
3200
3201
3202
3203
3204
3205
3206
3207
3208
3209
3210
3211
3212
3213
3214
3215
3216
3217
3218
3219
3220
3221
3222
3223
3224
3225
3226
3227
3228
3229
3230
3231
3232
3233
3234
3235
3236
3237
3238
3239
3240
3241
3242
3243
3244
3245
3246
3247
3248
3249
3250
3251
3252
3253
3254
3255
3256
3257
3258
3259
3260
3261
3262
3263
3264
3265
3266
3267
3268
3269
3270
3271
3272
3273
3274
3275
3276
3277
3278
3279
3280
3281
3282
3283
3284
3285
3286
3287
3288
3289
3290
3291
3292
3293
3294
3295
3296
3297
3298
3299
3300
3301
3302
3303
3304
3305
3306
3307
3308
3309
3310
3311
3312
3313
3314
3315
3316
3317
3318
3319
3320
3321
3322
3323
3324
3325
3326
3327
3328
3329
3330
3331
3332
3333
3334
3335
3336
3337
3338
3339
3340
3341
3342
3343
3344
3345
3346
3347
3348
3349
3350
3351
3352
3353
3354
3355
3356
3357
3358
3359
3360
3361
3362
3363
3364
3365
3366
3367
3368
3369
3370
3371
3372
3373
3374
3375
3376
3377
3378
3379
3380
3381
3382
3383
3384
3385
3386
3387
3388
3389
3390
3391
3392
3393
3394
3395
3396
3397
3398
3399
3400
3401
3402
3403
3404
3405
3406
3407
3408
3409
3410
3411
3412
3413
3414
3415
3416
3417
3418
3419
3420
3421
3422
3423
3424
3425
3426
3427
3428
3429
3430
3431
3432
3433
3434
3435
3436
3437
3438
3439
3440
3441
3442
3443
3444
3445
3446
3447
3448
3449
3450
3451
3452
3453
3454
3455
3456
3457
3458
3459
3460
3461
3462
3463
3464
3465
3466
3467
3468
3469
3470
3471
3472
3473
3474
3475
3476
3477
3478
3479
3480
3481
3482
3483
3484
3485
3486
3487
3488
3489
3490
3491
3492
3493
3494
3495
3496
3497
3498
3499
3500
3501
3502
3503
3504
3505
3506
3507
3508
3509
3510
3511
3512
3513
3514
3515
3516
3517
3518
3519
3520
3521
3522
3523
3524
3525
3526
3527
3528
3529
3530
3531
3532
3533
3534
3535
3536
3537
3538
3539
3540
3541
3542
3543
3544
3545
3546
3547
3548
3549
3550
3551
3552
3553
3554
3555
3556
3557
3558
3559
3560
3561
3562
3563
3564
3565
3566
3567
3568
3569
3570
3571
3572
3573
3574
3575
3576
3577
3578
3579
3580
3581
3582
3583
3584
3585
3586
3587
3588
3589
3590
3591
3592
3593
3594
3595
3596
3597
3598
3599
3600
3601
3602
3603
3604
3605
3606
3607
3608
3609
3610
3611
3612
3613
3614
3615
3616
3617
3618
3619
3620
3621
3622
3623
3624
3625
3626
3627
3628
3629
3630
3631
3632
3633
3634
3635
3636
3637
3638
3639
3640
3641
3642
3643
3644
3645
3646
3647
3648
3649
3650
3651
3652
3653
3654
3655
3656
3657
3658
3659
3660
3661
3662
3663
3664
3665
3666
3667
3668
3669
3670
3671
3672
3673
3674
3675
3676
3677
3678
3679
3680
3681
3682
3683
3684
3685
3686
3687
3688
3689
3690
3691
3692
3693
3694
3695
3696
3697
3698
3699
3700
3701
3702
3703
3704
3705
3706
3707
3708
3709
3710
3711
3712
3713
3714
3715
3716
3717
3718
3719
3720
3721
3722
3723
3724
3725
3726
3727
3728
3729
3730
3731
3732
3733
3734
3735
3736
3737
3738
3739
3740
3741
3742
3743
3744
3745
3746
3747
3748
3749
3750
3751
3752
3753
3754
3755
3756
3757
3758
3759
3760
3761
3762
3763
3764
3765
3766
3767
3768
3769
3770
3771
3772
3773
3774
3775
3776
3777
3778
3779
3780
3781
3782
3783
3784
3785
3786
3787
3788
3789
3790
3791
3792
3793
3794
3795
3796
3797
3798
3799
3800
3801
3802
3803
3804
3805
3806
3807
3808
3809
3810
3811
3812
3813
3814
3815
3816
3817
3818
3819
3820
3821
3822
3823
3824
3825
3826
3827
3828
3829
3830
3831
3832
3833
3834
3835
3836
3837
3838
3839
3840
3841
3842
3843
3844
3845
3846
3847
3848
3849
3850
3851
3852
3853
3854
3855
3856
3857
3858
3859
3860
3861
3862
3863
3864
3865
3866
3867
3868
3869
3870
3871
3872
3873
3874
3875
3876
3877
3878
3879
3880
3881
3882
3883
3884
3885
3886
3887
3888
3889
3890
3891
3892
3893
3894
3895
3896
3897
3898
3899
3900
3901
3902
3903
3904
3905
3906
3907
3908
3909
3910
3911
3912
3913
3914
3915
3916
3917
3918
3919
3920
3921
3922
3923
3924
3925
3926
3927
3928
3929
3930
3931
3932
3933
3934
3935
3936
3937
3938
3939
3940
3941
3942
3943
3944
3945
3946
3947
3948
3949
3950
3951
3952
3953
3954
3955
3956
3957
3958
3959
3960
3961
3962
3963
3964
3965
3966
3967
3968
3969
3970
3971
3972
3973
3974
3975
3976
3977
3978
3979
3980
3981
3982
3983
3984
3985
3986
3987
3988
3989
3990
3991
3992
3993
3994
3995
3996
3997
3998
3999
4000
4001
4002
4003
4004
4005
4006
4007
4008
4009
4010
4011
4012
4013
4014
4015
4016
4017
4018
4019
4020
4021
4022
4023
4024
4025
4026
4027
4028
4029
4030
4031
4032
4033
4034
4035
4036
4037
4038
4039
4040
4041
4042
4043
4044
4045
4046
4047
4048
4049
4050
4051
4052
4053
4054
4055
4056
4057
4058
4059
4060
4061
4062
4063
4064
4065
4066
4067
4068
4069
4070
4071
4072
4073
4074
4075
4076
4077
4078
4079
4080
4081
4082
4083
4084
4085
4086
4087
4088
4089
4090
4091
4092
4093
4094
4095
4096
4097
4098
4099
4100
4101
4102
4103
4104
4105
4106
4107
4108
4109
4110
4111
4112
4113
4114
4115
4116
4117
4118
4119
4120
4121
4122
4123
4124
4125
4126
4127
4128
4129
4130
4131
4132
4133
4134
4135
4136
4137
4138
4139
4140
4141
4142
4143
4144
4145
4146
4147
4148
4149
4150
4151
4152
4153
4154
4155
4156
4157
4158
4159
4160
4161
4162
4163
4164
4165
4166
4167
4168
4169
4170
4171
4172
4173
4174
4175
4176
4177
4178
4179
4180
4181
4182
4183
4184
4185
4186
4187
4188
4189
4190
4191
4192
4193
4194
4195
4196
4197
4198
4199
4200
4201
4202
4203
4204
4205
4206
4207
4208
4209
4210
4211
4212
4213
4214
4215
4216
4217
4218
4219
4220
4221
4222
4223
4224
4225
4226
4227
4228
4229
4230
4231
4232
4233
4234
4235
4236
4237
4238
4239
4240
4241
4242
4243
4244
4245
4246
4247
4248
4249
4250
4251
4252
4253
4254
4255
4256
4257
4258
4259
4260
4261
4262
4263
4264
4265
4266
4267
4268
4269
4270
4271
4272
4273
4274
4275
4276
4277
4278
4279
4280
4281
4282
4283
4284
4285
4286
4287
4288
4289
4290
4291
4292
4293
4294
4295
4296
4297
4298
4299
4300
4301
4302
4303
4304
4305
4306
4307
4308
4309
4310
4311
4312
4313
4314
4315
4316
4317
4318
4319
4320
4321
4322
4323
4324
4325
4326
4327
4328
4329
4330
4331
4332
4333
4334
4335
4336
4337
4338
4339
4340
4341
4342
4343
4344
4345
4346
4347
4348
4349
4350
4351
4352
4353
4354
4355
4356
4357
4358
4359
4360
4361
4362
4363
4364
4365
4366
4367
4368
4369
4370
4371
4372
4373
4374
4375
4376
4377
4378
4379
4380
4381
4382
4383
4384
4385
4386
4387
4388
4389
4390
4391
4392
4393
4394
4395
4396
4397
4398
4399
4400
4401
4402
4403
4404
4405
4406
4407
4408
4409
4410
4411
4412
4413
4414
4415
4416
4417
4418
4419
4420
4421
4422
4423
4424
4425
4426
4427
4428
4429
4430
4431
4432
4433
4434
4435
4436
4437
4438
4439
4440
4441
4442
4443
4444
4445
4446
4447
4448
4449
4450
4451
4452
4453
4454
4455
4456
4457
4458
4459
4460
4461
4462
4463
4464
4465
4466
4467
4468
4469
4470
4471
4472
4473
4474
4475
SCALARS particle_speed float 1
LOOKUP_TABLE default
7.4607981503767782
7.4605583288891939
7.4607252243043076
7.4604971829092035
7.4606896328731702
7.460465247675482
7.4606701356112373
7.4604461493198988
7.4602349699060015
7.4597530253760427
7.4590899318264139
7.4601790997602926
7.4597045566045024
7.4590554202151411
7.4582946925629754
7.4574417299632358
7.4565926939499461
7.4582792468058647
7.457447216416436
7.4566186549088602
7.4601485421948466
7.4596764188880025
7.459032765474201
7.4601293624117009
7.4596572457363504
7.4590153135378969
7.4582656793128583
7.4574444432612799
7.4566269751008569
7.4582528402060504
7.4574379297246596
7.4566276028988572
7.455807123588067
7.4551537988785226
7.4546776731443334
7.4558512396229801
7.4552115900174458
7.4547433850558233
7.4543558934044842
7.4541129318154402
7.4544276997529995
7.4541984883787151
7.455869962941148
7.4552388807391141
7.4547767050926756
7.4558779471274779
7.455253768683912
7.4547971358686826
7.4544653229777484
7.4542410359955689
7.4544888779912775
7.4542658390481185
7.4606576621998881
7.4606493694867195
7.4604335013822585
7.4604252240980893
7.4606509386564683
7.4604261193292523
7.4606726042880913
7.4604439768679427
7.4607340442352825
7.4604938298389509
7.4601164317521462
7.4596443014800276
7.4601082745124403
7.4596373270509613
7.4590039631366274
7.4589994931638435
7.4601091471368708
7.4596394885742354
7.459004139552639
7.4582450373894362
7.4582442988965063
7.4574350989176743
7.4566305993729802
7.457439059685707
7.4566397126575925
7.4582514608783814
7.4574488888921717
7.4566521544072906
7.4601255541523308
7.4596551336761872
7.459018966637383
7.4601704304259648
7.4596948332488857
7.459050443545272
7.4582644989456721
7.4574596410565599
7.4566601996590887
7.4582853652495977
7.4574687729157088
7.4566569669866913
7.455887052932991
7.4559011952469811
7.455268747395194
7.4548164632944012
7.4552872884707098
7.4548377159782815
7.4559158982339655
7.455303727000735
7.4548542262549171
7.4545105971793619
7.4545327671192698
7.4542871474317094
7.4543092972316352
7.45454829389565
7.4543246557577643
7.4559211146012565
7.455306374681518
7.4548543490757773
7.4559058090979615
7.4552811284015172
7.4548223193589971
7.4545462679635399
7.454318436014888
7.4545076153708481
7.4542667260518218
7.460722640744021
7.4604942045905887
7.4606617035554548
7.4604426693472128
7.4606302239744444
7.4604146518890309
7.4606117289242304
7.4603971475725075
7.460174992200125
7.4596982910511276
7.4590460718605565
7.4601295487663304
7.4596629159782974
7.4590276668590434
7.4582663163364868
7.457430564060445
7.4565990366028645
7.4582690321798086
7.4574552188092831
7.4566440059084025
7.4601041677442623
7.4596423591464918
7.4590154282176657
7.4600877779438912
7.4596280994233304
7.4590054572188444
7.4582681870379295
7.4574668165221789
7.4566674884563851
7.4582650855926227
7.4574717845415339
7.4566806448718985
7.4606844985656879
7.4604598120398578
7.460627591797321
7.4604120505147655
7.4605976267975143
7.4603857053834215
7.4605796879615722
7.4603690061744325
7.4601423289867457
7.4596685502404947
7.4590221303195037
7.4601016113477536
7.4596396614255944
7.4590121711930495
7.4582512620715962
7.4574255332564867
7.4566040639325548
7.4582638255489737
7.4574608913415581
7.45665994779249
7.4600786500751015
7.4596227870189935
7.4590051050145165
7.4600636712326756
7.4596109695068575
7.4589988800056464
7.4582694078546403
7.4574798557143112
7.4566913249954085
7.458271213046979
7.4574906685579352
7.4567109195006367
7.4558305266310425
7.4551923691252249
7.4547268133973548
7.4558919530851302
7.4552636591480157
7.4548013700132296
7.454413182671388
7.4541829830705
7.4544897326740402
7.4542700187145554
7.4559253978556237
7.455303576681132
7.4548445154006728
7.4559458644100625
7.4553294772805927
7.4548738197823665
7.4545344151451456
7.454318141168752
7.4545657484161438
7.4543508513452128
7.4558450097627116
7.4552147950220373
7.4547549110888207
7.4559167325651163
7.4552946273160723
7.4548357906410354
7.4544445880342929
7.4542188297166856
7.4545259041648233
7.4543094410668322
7.4559580125824487
7.4553415158610798
7.454884516809293
7.4559850044618194
7.4553734122376634
7.4549187973864415
7.4545749182933854
7.4543608530987067
7.4546103599005153
7.4543972522234263
7.4606613198972189
7.4604375378840215
7.4606049568426887
7.4603906697081639
7.4605758372487863
7.460365359913304
7.4605584422835696
7.4603493391873714
7.4601212725267869
7.4596495131365996
7.4590069182527889
7.4600819837628585
7.4596229851191502
7.4590003788250092
7.4582420726393162
7.4574232334533574
7.456608625218867
7.4582589071342165
7.4574634566625297
7.4566696871773299
7.4600605508422735
7.4596084385844517
7.4589965926624622
7.4600465998216325
7.4595982803818242
7.4589928360567743
7.4582685355258658
7.4574870257280983
7.4567059726865388
7.4582735008185326
7.4575015364150961
7.4567295871379153
7.4606423635045251
7.4604188085259979
7.4605860831400754
7.4603723218889861
7.4606231413594681
7.4604000035341915
7.4605674466770857
7.4603541130544491
7.4605572183014832
7.4603473924078179
7.460540137097512
7.4603317404666702
7.4605389252929193
7.4603295688164959
7.460522273038916
7.4603144127344363
7.4601034563946351
7.4596334724690747
7.4589941670722641
7.4600648718044349
7.4596081300923958
7.4589893943717724
7.4582338310926923
7.4574202468534914
7.4566110639276282
7.4582529593461055
7.4574631298253529
7.456674975315333
7.46008519046228
7.4596163860568687
7.458979104954798
7.4600472699758393
7.4595918922239077
7.4589755322711957
7.4582215204545719
7.4574114615460436
7.4566065939713155
7.4582422717781123
7.4574562971041951
7.4566725096306152
7.4600439987497671
7.4595944640963783
7.4589869109440521
7.4600305725829337
7.4595851535294182
7.4589844120726871
7.458264297211981
7.4574887312860909
7.4567134659621059
7.4582709324453598
7.4575052559086146
7.4567393024704538
7.4600268549261282
7.4595788333416815
7.4589739225376794
7.4600140405252908
7.4595703340591539
7.4589725245089733
7.4582548260531905
7.4574834130651508
7.4567126399612693
7.4582628991133237
7.457501652884746
7.4567403140194859
7.4558558060308746
7.4552304684601811
7.4547739227837226
7.4559326461608366
7.4553148485784337
7.4548584973124434
7.4544656430823517
7.4542410633074425
7.4545499708954948
7.4543345267644758
7.4559787781218683
7.4553661376613247
7.4549108137352249
7.4560098036996987
7.4554017566142026
7.4549483084987616
7.45460189774714
7.4543884244506931
7.4546401226189847
7.4544273790484814
7.4558633555569784
7.4552421641002766
7.4547881714746902
7.4559429354679452
7.4553289526128292
7.4548747484506164
7.4544812734282955
7.4542574205306353
7.4545673019758691
7.4543523617837035
7.4558636817224535
7.4552469167982673
7.4547960078729201
7.4559449819633885
7.4553349870623586
7.4548835399707203
7.4544908312125493
7.4542679519510333
7.4545776134211659
7.4543634577352993
7.455991262802188
7.4553823025944421
7.4549288962757938
7.4560245332462687
7.4554200577639875
7.4549684283711857
7.4546208588190739
7.454407752015034
7.4546610169780898
7.4544485877011999
7.4559948373785678
7.455389656255389
7.4549388523171318
7.4560298944869245
7.4554290489253985
7.4549798992559522
7.4546322416825959
7.4544198402409885
7.4546738663725423
7.4544621428383033
7.4605993796199863
7.4605915548845845
7.4603850971827788
7.4603773942292477
7.4605924348296178
7.4603776603330614
7.4606101509146834
7.4603922665201976
7.4606598985415902
7.4604334078357395
7.4600762937650265
7.4596180239270948
7.4600691348920991
7.4596127810932398
7.4589986911115389
7.4589968212812128
7.4600694372106711
7.4596143814303923
7.4590009811352287
7.4582634497113514
7.4582659783584742
7.4574763751525488
7.4566917587449542
7.4574839890338822
7.4567045843172926
7.4582728241330409
7.457493717347834
7.4567170479346192
7.4600829002949904
7.4596272925097713
7.4590135728517266
7.4601199950301158
7.4596601594193261
7.459040020382357
7.4582845727123983
7.4575043223422259
7.4567261504364968
7.458303136505271
7.4575144866725189
7.4567274392713614
7.4605674794347392
7.4603573114340174
7.4605594999161955
7.4603495379117488
7.4605596509077063
7.4603491092278089
7.4605752468847015
7.4603618615094813
7.4606201358950814
7.460398883935321
7.4600530083470042
7.4596025306170084
7.4600460054318321
7.4595978180253049
7.4589947584121195
7.458993886543392
7.4600456298547959
7.4595987991967654
7.4589974929085132
7.4582731387788153
7.4582770843943882
7.4574995439124647
7.4567267595561741
7.4575088984750773
7.4567414993616312
7.4582834652600996
7.4575182747404396
7.4567537269616881
7.4600571068064117
7.4596095190344895
7.459007715311631
7.4600900820166718
7.4596380420434496
7.4590298793785221
7.4582928553948626
7.4575267574688739
7.4567610934787742
7.4583077229031183
7.4575341914013586
7.4567608842473803
7.4559630553907681
7.455980621576014
7.4553516254731758
7.4548990707416998
7.4553730217290965
7.4549227130606441
7.4559953578295328
7.4553895129287131
7.4549395494216819
7.4545926696049474
7.4546170579243833
7.4543785841581069
7.4544033159756022
7.4546332372886575
7.4544187444305257
7.4560025816705897
7.4553947030008487
7.4549423448176775
7.4559946507600481
7.45537824341329
7.454919433395097
7.4546335101744221
7.4544156828995636
7.4546050572673082
7.4543787644903592
7.4560069494136103
7.4560264308334716
7.4553999186456021
7.4549478562679701
7.4554230810804203
7.4549731466762257
7.4560410192702902
7.4554395092396772
7.4549901032051098
7.4546406725676748
7.454666732594343
7.4544548121558618
7.4544283058745568
7.4546832468332065
7.4544707786432296
7.4560469448433384
7.4554438723799397
7.4549925724822543
7.4560387922178979
7.4554282512757242
7.4549712589495503
7.4546836808702395
7.4544684269942261
7.4546575741218906
7.4544351175114709
7.4605459963684213
7.4603374728963496
7.4605375211621867
7.4603292542891326
7.4605371042642128
7.4603282694219564
7.4605512789254362
7.4603395613233987
7.4605940966153774
7.4603745211717785
7.4600358918148135
7.4595900983042576
7.4600284926955513
7.4595850798327668
7.4589893926116817
7.45898838473288
7.4600275938556093
7.4595855845788037
7.458991547710105
7.4582765525887806
7.4575119511862846
7.4582805724285981
7.4575216053337297
7.4567472857038473
7.4567625309325685
7.4582865816436392
7.4575306961292762
7.456774577785076
7.4600373762189065
7.4595942860249531
7.4589994253501892
7.460067906235003
7.4596198100058393
7.4590181289978261
7.4582934748537681
7.4575366963601706
7.4567796505351298
7.458304716595217
7.4575406340765662
7.4567763248714627
7.4605277104616956
7.4603199191100291
7.4605188208174225
7.4603113058798547
7.4605176357614731
7.4603095583226349
7.4605104537620797
7.460303267464254
7.460501733792686
7.4602948476246134
7.4605005468974896
7.4602930965782264
7.4605312028222608
7.4603201904944436
7.4605731932753638
7.4603541482386655
7.4605135574006214
7.4603031740844239
7.4605547072872884
7.4603363182745444
7.4600199868212798
7.4595772660314541
7.4600121486514599
7.4595717764854692
7.4589815167036662
7.4589800822636523
7.4600103712170354
7.4595712140732671
7.4589820355737055
7.4582748316250447
7.4575167979583661
7.4582785491154375
7.4575263199242015
7.4567583410578848
7.4567736392413195
7.4582833195405298
7.4575342300245255
7.4567846513628755
7.4600042992988085
7.4595635689345317
7.4599966863862051
7.4595583705647464
7.4589710993679992
7.4589700742866443
7.4599949186621206
7.4595578423874835
7.458972107045506
7.4582686073973044
7.4575152553058963
7.4582728860858722
7.4575254894483907
7.4567615203005557
7.4567776438545676
7.4582778037540818
7.4575336260490772
7.4567889639277878
7.4600193925916418
7.4595790227974135
7.4589888929297654
7.4600486378733581
7.4596029144614677
7.4590056457723817
7.4582891388129076
7.4575391663734782
7.4567887485499531
7.4582982217452978
7.457540887692808
7.4567833053027002
7.4600032941129468
7.4595648697791122
7.458978056311536
7.4600316375013733
7.4595877333795917
7.4589936810837605
7.4582826625738452
7.4575376257661548
7.4567922241173639
7.4582905836801476
7.4575382320195196
7.4567857909060473
7.4560337661110783
7.4560538953114088
7.4554542624288436
7.4554303228255234
7.4549794041304001
7.4550056372430031
7.4560684115885989
7.4554707645964404
7.4550228918093948
7.4546724452847259
7.4544604656422511
7.4546996336519875
7.4544882865003848
7.4547166934826432
7.4545050170498337
7.4560723889893143
7.455473666001736
7.4550244674001576
7.4560616958476178
7.4554562322028426
7.4550020412463454
7.4547166957332838
7.4545024864374607
7.4546900054290495
7.4544688467435511
7.4560499403073441
7.4554501060350464
7.4560702969016539
7.4554744681930245
7.4550010622197904
7.4550279499677092
7.456083996279304
7.4554904520436933
7.455045022445721
7.4546949604991397
7.454483387284748
7.4547230322354912
7.454512289318207
7.4547402194216446
7.4545293608025878
7.4560574074909347
7.4554610203906719
7.4560786468752935
7.4554862936427257
7.4550142976178115
7.4550421471016621
7.4560927246015654
7.4555027183136762
7.4550597398634224
7.4547095226156079
7.4544987211417739
7.4547386507391122
7.4545288059379642
7.4547564575775489
7.4545466065528405
7.4560871604848975
7.4554927661565458
7.4550462692168695
7.4560746013780763
7.4554738755052092
7.4550228255027813
7.4547401266724007
7.4545268593696914
7.4547127146303902
7.4544924691668175
7.4560952189508454
7.4555045886255682
7.4550607872387724
7.4560818708895962
7.4554851791620314
7.4550370969151354
7.4547563565949728
7.4545442005526921
7.4547288986290416
7.4545098459616153
7.4606053839684128
7.4603825970303861
7.4605507947777623
7.4603375636741438
7.4605231670777776
7.4603139420666418
7.4605074662878827
7.4602998940523104
7.4600674005331156
7.4595984343828547
7.4589612854037819
7.4600302393602069
7.4595747196195177
7.4589587311888979
7.4582042256769636
7.4573956284667196
7.4565936001404465
7.4582264080736369
7.4574422288565829
7.45666129329061
7.4600109360971016
7.4595630820190664
7.4589589818075348
7.4599995317850123
7.4595564120499693
7.4589599048080668
7.4582412998220304
7.45747202534276
7.4567041536957035
7.4582521524420562
7.4574933403225812
7.4567349212810203
7.4605971719573221
7.4603734689688483
7.4605428955716873
7.4603286149893151
7.4605159953160554
7.4603058292825377
7.4605016090002101
7.4602933074079552
7.4600566872031244
7.4595860685097435
7.4589472664002914
7.4600195976782153
7.4595623318404218
7.4589447935400317
7.4581881993109729
7.457378384464298
7.456576661308719
7.4582108703865648
7.4574258793550374
7.4566453749506554
7.4600013734313899
7.4595521392641038
7.4589469547737286
7.4599919643621311
7.4595481145428231
7.4589511752153195
7.4582281685749203
7.4574584201604006
7.4566909995376047
7.4582428471201121
7.4574838326276334
7.4567257802297151
7.4558548286724928
7.4552427193943975
7.4547954731951149
7.4559375086388489
7.455331591220367
7.4548834324830136
7.4544922959011828
7.454270369269226
7.4545793324094074
7.4543660563998309
7.4559897990190231
7.4553881746407313
7.4549402234689737
7.4560276895341957
7.4554299613826087
7.4549832318141185
7.4546352117274939
7.4544235923211009
7.4546785419177573
7.4544675580130342
7.4558397521332926
7.4552307952291406
7.4547860449968146
7.4559232713555019
7.4553201966327913
7.4548743971418361
7.4544839846808086
7.4542619384429498
7.4545714025151488
7.4543580260317555
7.4559780143125538
7.4553786806478453
7.4549326808254923
7.4560194945006568
7.4554234032933531
7.454978020955247
7.4546285583031757
7.4544168713147787
7.4546738658806255
7.4544627665896073
7.4606111590439959
7.4603833870194673
7.4605536729762063
7.4603359175733077
7.4605267816783361
7.4603134584140314
7.4605131206050572
7.4603018655176081
7.4600638810111768
7.4595900252452667
7.4589467712739204
7.4600241626132986
7.4595634267017932
7.4589414762699935
7.4581818314172912
7.4573662589406053
7.456559971123343
7.4582023242836639
7.4574124099064116
7.456628088643928
7.460006549129897
7.4595542252821803
7.4589450757030029
7.4599983809481412
7.4595518460731043
7.4589513473530484
7.4582215466213109
7.457447247523513
7.4566760666020366
7.4582386192308583
7.4574752278848893
7.4567133218939761
7.4606684915953014
7.4604296608088383
7.4606001399142139
7.4603736984576958
7.4605700527829075
7.4603488393585184
7.4605573908755858
7.4603383833862074
7.4601053824680648
7.4596261773534804
7.458973471576285
7.4600572746579727
7.4595904570176268
7.4589587335466554
7.4581954544940618
7.4573654442909909
7.456545239828043
7.4582073894379493
7.457404812079095
7.4566086166662275
7.4600373544101304
7.4595788120583384
7.4589598510607296
7.4600307076808701
7.4595784712211888
7.4589686936711335
7.4582243905649461
7.4574378345937937
7.4566551419344567
7.4582444036501849
7.4574688809256617
7.4566952270207265
7.4558200433402027
7.4552097857757182
7.4547644416377992
7.455903564026908
7.4552997140768937
7.4548537274538029
7.4544615686550291
7.4542358501716919
7.4545501302988102
7.4543339270928888
7.4559604289717667
7.4553599175645688
7.4549134166325519
7.4560040461845176
7.4554063117037064
7.4549601153624945
7.4546086463547505
7.4543945756042662
7.4546551836143671
7.4544417683028419
7.4557928986968571
7.4551726979302089
7.4547206695893413
7.455873754780761
7.4552620665201905
7.454811291804722
7.4544115408521581
7.454173056694815
7.4545035284348389
7.4542782904216489
7.4559295176480207
7.4553216887516101
7.4548710928593334
7.4559753974515743
7.455369686448992
7.4549189457605189
7.4545630066465236
7.4543411675161675
7.4546105577531039
7.4543894883748516
7.4604966993381208
7.4602899357193966
7.4604889532378085
7.4602825360255149
7.4604879552235959
7.4602809698446526
7.4605010409539005
7.4602911743371276
7.4605413609104509
7.4603237068917174
7.4599912623515552
7.4595515222121414
7.4599848634742951
7.4595478203411538
7.4589608011840811
7.4589615668837732
7.4599832388659593
7.459547374717844
7.4589636258377467
7.458260568204409
7.4575098905351878
7.4582668792113669
7.4575223048127235
7.4567590908853374
7.4567774036457077
7.4582718108899018
7.4575304889591063
7.4567888244077078
7.459991785896646
7.4595546186193982
7.458969850223399
7.4600195895809591
7.4595769812116082
7.4589850291937765
7.4582769941052298
7.457534867938584
7.4567925193173048
7.4582845653565935
7.4575352623483688
7.4567860437316575
7.4604919661759084
7.4602846575267492
7.4604852405767668
7.4602783520498228
7.4604852442481464
7.4602777887708065
7.4604987473843201
7.4602883950887637
7.4605389980165313
7.4603208803349341
7.4599853303639074
7.459545266981352
7.4599801972338105
7.4595430592995582
7.4589545298759612
7.4589570164643524
7.4599796582308375
7.459543785177412
7.4589603433472389
7.4582540663735815
7.4575033750823385
7.4582622825982607
7.4575178065804311
7.4567528919971986
7.4567732021532258
7.4582685393102448
7.4575273439771905
7.4567859473349269
7.4599885534611303
7.4595512444650174
7.4589666307133342
7.4600162294725267
7.459573335661311
7.4589813627478865
7.4582736773369751
7.4575316247177073
7.4567895411245209
7.4582806643545068
7.4575313791680129
7.4567824484158969
7.4560579516219461
7.4554643119146284
7.4560812354928299
7.4554913760289283
7.4550196393321713
7.4550490382117793
7.456095475240609
7.4555080449570719
7.4550669703624504
7.4547159851126796
7.4545059262821649
7.4547465310963084
7.4545374434674923
7.4547647526205623
7.4545557026234981
7.4560984444323104
7.4555104094469327
7.4550685118865783
7.4560852359413881
7.4554913043036626
7.4550452618735443
7.4547651629699043
7.4545538801875493
7.4547382758169904
7.4545203254671026
7.4560524163026267
7.455459974446133
7.4560775300514912
7.4554886132994032
7.45501622229395
7.4550469552193759
7.4560929842211312
7.4555063309694383
7.4550657480406155
7.4547128584943287
7.4545026589167698
7.4547445844953133
7.4545353347040697
7.4547635518879369
7.4545543282821249
7.4560958840898648
7.4555086726653892
7.4550673024214822
7.456082146075226
7.4554891834368897
7.4550438188025456
7.4547640132717881
7.4545525832004316
7.45473698434167
7.4545189570719819
7.4605050329445071
7.4602949320013163
7.4604990653772703
7.4602894672323696
7.4604997366020003
7.4602895270568395
7.4605145792544443
7.4603011658615381
7.4605580713199959
7.4603361238421373
7.45999390848527
7.4595517530260445
7.4599897005962665
7.4595505368157751
7.4589580251083429
7.4589615740985362
7.4599896762992541
7.4595515507087944
7.4589649333400896
7.4582535797909397
7.4574986943968895
7.4582629480450455
7.4575143740414225
7.4567442243325912
7.4567658006872746
7.4582690703430607
7.457523722948622
7.4567783751207299
7.4599994082101651
7.4595595175336511
7.4589712886556772
7.4600291460311041
7.4595832271122688
7.4589869720728634
7.4582738860074933
7.4575274030972825
7.456781210566267
7.4582810353105593
7.4575265979783358
7.4567729562512062
7.4605503481121556
7.4603324896935099
7.4605448110695658
7.4603275003331619
7.4605458834515508
7.4603278132117046
7.4605638764201005
7.4603416720931648
7.4606182235971366
7.4603846874645932
7.4600274452368724
7.4595797979855876
7.4600237139449259
7.4595789804349559
7.4589770120981411
7.4589808512781737
7.460023590282491
7.4595792919072306
7.4589827739290788
7.4582612009905791
7.4582708771629784
7.4575104092596103
7.4574942832044915
7.4567279365419497
7.45675006846343
7.4582750218161751
7.4575176237949856
7.4567606346165753
7.4600347841098964
7.4595876728249904
7.4589881430940652
7.4600712963291054
7.4596167790412222
7.4590070029427888
7.4582775012714366
7.4575180338577933
7.4567596861014653
7.4582850864733174
7.4575150421637169
7.4567469842965819
7.4560403018783612
7.4554455449953529
7.4560665798824903
7.455475187867088
7.4550003779741481
7.4550319754823988
7.4560819054429199
7.4554928412041868
7.4550507667701105
7.4546958959108345
7.454483338657635
7.454728423118719
7.4545168518239722
7.4547474599868906
7.4545359510076619
7.4560839903857801
7.4554943806468383
7.4550515703524525
7.456068620481485
7.4554729893693201
7.4550260448129642
7.4547471949695305
7.4545332784601088
7.4547178617580174
7.4544966247647135
7.4560130617565097
7.4560398575618683
7.4554399462780268
7.4554098625794172
7.4549598662839953
7.4549919224464958
7.456053433630955
7.4554562268969011
7.4550097352259836
7.4546518399533594
7.4544315806096231
7.4546849312079217
7.4544658043794003
7.4547032710836048
7.4544842700465015
7.4560515678524668
7.45545402056492
7.4550071058893312
7.4560299945104171
7.4554254284167563
7.4549738651696744
7.4546995883166254
7.4544773478179147
7.4546615543172869
7.4544287963510385
0
0
0
0
0
0
0
0
0
0
0
0
0
0
0
0
0
0
0
0
0
0
0
0
0
0
0
0
0
0
0
0
0
0
0
0
0
0
0
0
0
0
0
0
0
0
0
0
0
0
0
0
0
0
0
0
0
0
0
0
0
0
0
0
0
0
0
0
0
0
0
0
0
0
0
0
0
0
0
0
0
0
0
0
0
0
0
0
0
0
0
0
0
0
0
0
0
0
0
0
0
0
0
0
0
0
0
0
0
0
0
0
0
0
0
0
0
0
0
0
0
0
0
0
0
0
0
0
0
0
0
0
0
0
0
0
0
0
0
0
0
0
0
0
0
0
0
0
0
0
0
0
0
0
0
0
0
0
0
0
0
0
0
0
0
0
0
0
0
0
0
0
0
0
0
0
0
0
0
0
0
0
0
0
0
0
0
0
0
0
0
0
0
0
0
0
0
0
0
0
0
0
0
0
0
0
0
0
0
0
0
0
0
0
0
0
0
0
0
0
0
0
0
0
0
0
0
0
0
0
0
0
0
0
0
0
0
0
0
0
0
0
0
0
0
0
0
0
0
0
0
0
0
0
0
0
0
0
0
0
0
0
0
0
0
0
0
0
0
0
0
0
0
0
0
0
0
0
0
0
0
0
0
0
0
0
0
0
0
0
0
0
0
0
0
0
0
0
0
0
0
0
0
0
0
0
0
0
0
0
0
0
0
0
0
0
0
0
0
0
0
0
0
0
0
0
0
0
0
0
0
0
0
0
0
0
0
0
0
0
0
0
0
0
0
0
0
0
0
0
0
0
0
0
0
0
0
0
0
0
0
0
0
0
0
0
0
0
0
0
0
0
0
0
0
0
0
0
0
0
0
0
0
0
0
0
0
0
0
0
0
0
0
0
0
0
0
0
0
0
0
0
0
0
0
0
0
0
0
0
0
0
0
0
0
0
0
0
0
0
0
0
0
0
0
0
0
0
0
0
0
0
0
0
0
0
0
0
0
0
0
0
0
0
0
0
0
0
0
0
0
0
0
0
0
0
0
0
0
0
0
0
0
0
0
0
0
0
0
0
0
0
0
0
0
0
0
0
0
0
0
0
0
0
0
0
0
0
0
0
0
0
0
0
0
0
0
0
0
0
0
0
0
0
0
0
0
0
0
0
0
0
0
0
0
0
0
0
0
0
0
0
0
0
0
0
0
0
0
0
0
0
0
0
0
0
0
0
0
0
0
0
0
0
0
0
0
0
0
0
0
0
0
0
0
0
0
0
0
0
0
0
0
0
0
0
0
0
0
0
0
0
0
0
0
0
0
0
0
0
0
0
0
0
0
0
0
0
0
0
0
0
0
0
0
0
0
0
0
0
0
0
0
0
0
0
0
0
0
0
0
0
0
0
0
0
0
0
0
0
0
0
0
0
0
0
0
0
0
0
0
0
0
0
0
0
0
0
0
0
0
0
0
0
0
0
0
0
0
0
0
0
0
0
0
0
0
0
0
0
0
0
0
0
0
0
0
0
0
0
0
0
0
0
0
0
0
0
0
0
0
0
0
0
0
0
0
0
0
0
0
0
0
0
0
0
0
0
0
0
0
0
0
0
0
0
0
0
0
0
0
0
0
0
0
0
0
0
0
0
0
0
0
0
0
0
0
0
0
0
0
0
0
0
0
0
0
0
0
0
0
0
0
0
0
0
0
0
0
0
0
0
0
0
0
0
0
0
0
0
0
0
0
0
0
0
0
0
0
0
0
0
0
0
0
0
0
0
0
0
0
0
0
0
0
0
0
0
0
0
0
0
0
0
0
0
0
0
0
0
0
0
0
0
0
0
0
0
0
0
0
0
0
0
0
0
0
0
0
0
0
0
0
0
0
0
0
0
0
0
0
0
0
0
0
0
0
0
0
0
0
0
0
0
0
0
0
0
0
0
0
0
0
0
0
0
0
0
0
0
0
0
0
0
0
0
0
0
0
0
0
0
0
0
0
0
0
0
0
0
0
0
0
0
0
0
0
0
0
0
0
0
0
0
0
0
0
0
0
0
0
0
0
0
0
0
0
0
0
0
0
0
0
0
0
0
0
0
0
0
0
0
0
0
0
0
0
0
0
0
0
0
0
0
0
0
0
0
0
0
0
0
0
0
0
0
0
0
0
0
0
0
0
0
0
0
0
0
0
0
0
0
0
0
0
0
0
0
0
0
0
0
0
0
0
0
0
0
0
0
0
0
0
0
0
0
0
0
0
0
0
0
0
0
0
0
0
0
0
0
0
0
0
0
0
0
0
0
0
0
0
0
0
0
0
0
0
0
0
0
0
0
0
0
0
0
0
0
0
0
0
0
0
0
0
0
0
0
0
0
0
0
0
0
0
0
0
0
0
0
0
0
0
0
0
0
0
0
0
0
0
0
0
0
0
0
0
0
0
0
0
0
0
0
0
0
0
0
0
0
0
0
0
0
0
0
0
0
0
0
0
0
0
0
0
0
0
0
0
0
0
0
0
0
0
0
0
0
0
0
0
0
0
0
0
0
0
0
0
0
0
0
0
0
0
0
0
0
0
0
0
0
0
0
0
0
0
0
0
0
0
0
0
0
0
0
0
0
0
0
0
0
0
0
0
0
0
0
0
0
0
0
0
0
0
0
0
0
0
0
0
0
0
0
0
0
0
0
0
0
0
0
0
0
0
0
0
0
0
0
0
0
0
0
0
0
0
0
0
0
0
0
0
0
0
0
0
0
0
0
0
0
0
0
0
0
0
0
0
0
0
0
0
0
0
0
0
0
0
0
0
0
0
0
0
0
0
0
0
0
0
0
0
0
0
0
0
0
0
0
0
0
0
0
0
0
0
0
0
0
0
0
0
0
0
0
0
0
0
0
0
0
0
0
0
0
0
0
0
0
0
0
0
0
0
0
0
0
0
0
0
0
0
0
0
0
0
0
0
0
0
0
0
0
0
0
0
0
0
0
0
0
0
0
0
0
0
0
0
0
0
0
0
0
0
0
0
0
0
0
0
0
0
0
0
0
0
0
0
0
0
0
0
0
0
0
0
0
0
0
0
0
0
0
0
0
0
0
0
0
0
0
0
0
0
0
0
0
0
0
0
0
0
0
0
0
0
0
0
0
0
0
0
0
0
0
0
0
0
0
0
0
0
0
0
0
0
0
0
0
0
0
0
0
0
0
0
0
0
0
0
0
0
0
0
0
0
0
0
0
0
0
0
0
0
0
0
0
0
0
0
0
0
0
0
0
0
0
0
0
0
0
0
0
0
0
0
0
0
0
0
0
0
0
0
0
0
0
0
0
0
0
0
0
0
0
0
0
0
0
0
0
0
0
0
0
0
0
0
0
0
0
0
0
0
0
0
0
0
0
0
0
0
0
0
0
0
0
0
0
0
0
0
0
0
0
0
0
0
0
0
0
0
0
0
0
0
0
0
0
0
0
0
0
0
0
0
0
0
0
0
0
0
0
0
0
0
0
0
0
0
0
0
0
0
0
0
0
0
0
0
0
0
0
0
0
0
0
0
0
0
0
0
0
0
0
0
0
0
0
0
0
0
0
0
0
0
0
0
0
0
0
0
0
0
0
0
0
0
0
0
0
0
0
0
0
0
0
0
0
0
0
0
0
0
0
0
0
0
0
0
0
0
0
0
0
0
0
0
0
0
0
0
0
0
0
0
0
0
0
0
0
0
0
0
0
0
0
0
0
0
0
0
0
0
0
0
0
0
0
0
0
0
0
0
0
0
0
0
0
0
0
0
0
0
0
0
0
0
0
0
0
0
0
0
0
0
0
0
0
0
0
0
0
0
0
0
0
0
0
0
0
0
0
0
0
0
0
0
0
0
0
0
0
0
0
0
0
0
0
0
0
0
0
0
0
0
0
0
0
0
0
0
0
0
0
0
0
0
0
0
0
0
0
0
0
0
0
0
0
0
0
0
0
0
0
0
0
0
0
0
0
0
0
0
0
0
0
0
0
0
0
0
0
0
0
0
0
0
0
0
0
0
0
0
0
0
0
0
0
0
0
0
0
0
0
0
0
0
0
0
0
0
0
0
0
0
0
0
0
0
0
0
0
0
0
0
0
0
0
0
0
0
0
0
0
0
0
0
0
0
0
0
0
0
0
0
0
0
0
0
0
0
0
0
0
0
0
0
0
0
0
0
0
0
0
0
0
0
0
0
0
0
0
0
0
0
0
0
0
0
0
0
0
0
0
0
0
0
0
0
0
0
0
0
0
0
0
0
0
0
0
0
0
0
0
0
0
0
0
0
0
0
0
0
0
0
0
0
0
0
0
0
0
0
0
0
0
0
0
0
0
0
0
0
0
0
0
0
0
0
0
0
0
0
0
0
0
0
0
0
0
0
0
0
0
0
0
0
0
0
0
0
0
0
0
0
0
0
0
0
0
0
0
0
0
0
0
0
0
0
0
0
0
0
0
0
0
0
0
0
0
0
0
0
0
0
0
0
0
0
0
0
0
0
0
0
0
0
0
0
0
0
0
0
0
0
0
0
0
0
0
0
0
0
0
0
0
0
0
0
0
0
0
0
0
0
0
0
0
0
0
0
0
0
0
0
0
0
0
0
0
0
0
0
0
0
0
0
0
0
0
0
0
0
0
0
0
0
0
0
0
0
0
0
0
0
0
0
0
0
0
0
0
0
0
0
0
0
0
0
0
0
0
0
0
0
0
0
0
0
0
0
0
0
0
0
0
0
0
0
0
0
0
0
0
0
0
0
0
0
0
0
0
0
0
0
0
0
0
0
0
0
0
0
0
0
0
0
0
0
0
0
0
0
0
0
0
0
0
0
0
0
0
0
0
0
0
0
0
0
0
0
0
0
0
0
0
0
0
0
0
0
0
0
0
0
0
0
0
0
0
0
0
0
0
0
0
0
0
0
0
0
0
0
0
0
0
0
0
0
0
0
0
0
0
0
0
0
0
0
0
0
0
0
0
0
0
0
0
0
0
0
0
0
0
0
0
0
0
0
0
0
0
0
0
0
0
0
0
0
0
0
0
0
0
0
0
0
0
0
0
0
0
0
0
0
0
0
0
0
0
0
0
0
0
0
0
0
0
0
0
0
0
0
0
0
0
0
0
0
0
0
0
0
0
0
0
0
0
0
0
0
0
0
0
0
0
0
0
0
0
0
0
0
0
0
0
0
0
0
0
0
0
0
0
0
0
0
0
0
0
0
0
0
0
0
0
0
0
0
0
0
0
0
0
0
0
0
0
0
0
0
0
0
0
0
0
0
0
0
0
0
0
0
0
0
0
0
0
0
0
0
0
0
0
0
0
0
0
0
0
0
0
0
0
0
0
0
0
0
0
0
0
0
0
0
0
0
0
0
0
0
0
0
0
0
0
0
0
0
0
0
0
0
0
0
0
0
0
0
0
0
0
0
0
0
0
0
0
0
0
0
0
0
0
0
0
0
0
0
0
0
0
0
0
0
0
0
0
0
0
0
0
0
0
0
0
0
0
0
0
0
0
0
0
0
0
0
0
0
0
0
0
0
0
0
0
0
0
0
0
0
0
0
0
0
0
0
0
0
0
0
0
0
0
0
0
0
0
0
0
0
0
0
0
0
0
0
0
0
0
0
0
0
0
0
0
0
0
0
0
0
0
0
0
0
0
0
0
0
0
0
0
0
0
0
0
0
0
0
0
0
0
0
0
0
0
0
0
0
0
0
0
0
0
0
0
0
0
0
0
0
0
0
0
0
0
0
0
0
0
0
0
0
0
0
0
0
0
0
0
0
0
0
0
0
0
0
0
0
0
0
0
0
0
0
0
0
0
0
0
0
0
0
0
0
0
0
0
0
0
0
0
0
0
0
0
0
0
0
0
0
0
0
0
0
0
0
0
0
0
0
0
0
0
0
0
0
0
0
0
0
0
0
0
0
0
0
0
0
0
0
0
0
0
0
0
0
0
0
0
0
0
0
0
0
0
0
0
0
0
0
0
0
0
0
0
0
0
0
0
0
0
0
0
0
0
0
0
0
0
0
0
0
0
0
0
0
0
0
0
0
0
0
0
0
0
0
0
0
0
0
0
0
0
0
0
0
0
0
0
0
0
0
0
0
0
0
0
0
0
0
0
0
0
0
0
0
0
0
0
0
0
0
0
0
0
0
0
0
0
0
0
0
0
0
0
0
0
0
0
0
0
0
0
0
0
0
0
0
0
0
0
0
0
0
0
0
0
0
0
0
0
0
0
0
0
0
0
0
0
0
0
0
0
0
0
0
0
0
0
0
0
0
0
0
0
0
0
0
0
0
0
0
0
0
0
0
0
0
0
0
0
0
0
0
0
0
0
0
0
0
0
0
0
0
0
0
0
0
0
0
0
0
0
0
0
0
0
0
0
0
0
0
0
0
0
0
0
0
0
0
0
0
0
0
0
0
0
0
0
0
0
0
0
0
0
0
0
0
0
0
0
0
0
0
0
0
0
0
0
0
0
0
0
0
0
0
0
0
0
0
0
0
0
0
0
0
0
0
0
0
0
0
0
0
0
0
0
0
0
0
0
0
0
0
0
0
0
0
0
0
0
0
0
0
0
0
0
0
0
0
0
0
0
0
0
0
0
0
0
0
0
0
0
0
0
0
0
0
0
0
0
0
0
0
0
0
0
0
0
0
0
0
0
0
0
0
0
0
0
0
0
0
0
0
0
0
0
0
0
0
0
0
0
0
0
0
0
0
0
0
0
0
0
0
0
0
0
0
0
0
0
0
0
0
0
0
0
0
0
0
0
0
0
0
0
0
0
0
0
0
0
0
0
0
0
0
0
0
0
0
0
0
0
0
0
0
0
0
0
0
0
0
0
0
0
0
0
0
0
0
0
0
0
0
0
0
0
0
0
0
0
0
0
0
0
0
0
0
0
0
0
0
0
0
0
0
0
0
0
0
0
0
0
0
0
0
0
0
0
0
0
0
0
0
0
0
0
0
0
0
0
0
0
0
0
0
0
0
0
0
0
0
0
0
0
0
0
0
0
0
0
0
0
0
0
0
0
0
0
0
0
0
0
0
0
0
0
0
0
0
0
0
0
0
0
0
0
0
0
0
0
0
0
0
0
0
0
0
0
0
0
0
0
0
0
0
0
0
0
0
0
0
0
0
0
0
0
0
0
0
0
0
0
0
0
0
0
0
0
0
0
0
0
0
0
0
0
0
0
0
0
0
0
0
0
0
0
0
0
0
0
0
0
0
0
0
0
0
0
0
0
0
0
0
0
0
0
0
0
0
0
0
0
0
0
0
0
0
0
0
0
0
0
0
0
0
0
0
0
0
0
0
0
0
0
0
0
0
0
0
0
0
0
0
0
0
0
0
0
0
0
0
0
0
0
0
0
0
0
0
0
0
0
0
0
0
0
0
0
0
0
0
0
0
0
0
0
0
0
0
0
0
0
0
0
0
0
0
0
0
0
0
0
0
0
0
0
0
0
0
0
0
0
SCALARS density_deviation float 1
LOOKUP_TABLE default
780.94095257740287
706.4071349941363
707.50068315807459
610.183955345041
661.28900423904713
549.68611292283731
640.96097502723308
523.11809125066532
663.4749771197786
649.18273946307932
648.82995418110147
554.0385837365161
535.13521550273879
534.42537495465626
650.87331101391919
651.53825025953563
650.68748185983088
536.97749238555662
537.7939405571816
536.67676994939745
485.56668231557694
463.9849222497329
463.09458055232039
455.70588441392954
433.10887057433126
432.09712314269223
465.85683714780771
466.69070247475338
465.38625590834465
434.79607064357469
435.54112782995321
434.13734389656236
648.73469145027411
649.53808489126652
664.58377633140981
534.15159087939583
535.374219991264
555.22104123348242
708.72502507042441
785.67291524345922
612.65494036637767
711.92383124513208
462.53948323302632
464.17967150681352
487.59410827301474
431.22857359726902
433.3418739108414
459.03994339110989
554.42743499092626
669.14529577036478
531.58672682268298
655.13139891139042
635.70936441417825
639.64816467128355
516.11251112261675
521.30705345000047
658.64242232308834
546.24443350789818
703.98878132501056
605.8718114913346
777.18118570914567
702.16849608657355
447.77750848831033
424.82420680080691
453.40806848647105
430.24322931394249
423.5774947093405
428.66188792707408
481.34399359593738
458.76842489857711
456.84701335481839
426.08183106947899
430.93202197547964
426.70151537907384
425.26244848166903
431.43413710329014
430.0028460327394
458.84193358413995
459.24487574608827
457.88127534021385
548.8420824199186
528.74930575844201
526.78042477072643
658.59959029885567
643.24130758097874
641.71151168162987
528.41045594387242
528.71997424510994
527.5247910291929
642.91227496188867
643.12867769847026
642.21189130097298
422.44622477082623
427.34473695306633
425.04497645452307
452.04130101083922
430.33540318747816
457.76827853293787
455.45252420683892
458.60953388537018
484.92261681389618
527.20279777551548
532.89687987415891
654.95868667885611
660.10127784105305
556.13442941161099
675.9336859385445
525.46399522241836
528.35401710946633
551.26686696407035
640.63875121455112
642.74997531837664
659.98866350021683
612.76031295475946
716.16465946906249
706.56704670590591
785.31975913500855
707.12396328481259
609.87148159709193
609.89053879079063
482.82844677192043
548.54465355341358
402.81729999410152
521.52114285592666
367.65763346029519
553.91511143817161
535.22040250558712
534.6414238374864
409.34216561036021
384.26930165215504
383.00963557551586
537.2349328432764
538.05312126683555
536.90366739708418
386.24904591018685
387.29764411252347
385.84402595874258
318.62316861884653
289.66552607555241
287.967583535416
278.839172819743
248.2273564663426
246.22462420538011
291.47511808873071
292.58452112475277
290.93127800584966
249.65246705625714
250.68157021882701
248.93585084119275
661.20313196998541
549.5573432633322
548.96312771719681
403.06494614510711
478.19280683988643
310.97226700139413
447.02261840512233
270.5056157039354
485.58709665082461
464.24049850801123
463.54902950372036
318.79439219253413
289.87585751757661
288.27239086334612
466.42177288767743
467.29707529294751
465.95169642475582
291.86255593969929
293.01494403276024
291.34758526562098
214.25122217658395
180.66348659938626
178.44099186010783
168.36697618978326
132.72519529034128
130.06466230363981
182.32256159671454
183.56274445127258
181.69596645978743
133.85056990865814
135.02057993535209
133.0764024663074
534.34263858767747
535.77019892879628
556.47171338127396
382.55546015290872
384.27742549347943
410.21823405687599
615.7168068549787
717.60155889941689
484.58992781048084
612.4573583734566
287.23985850869667
289.22541777903018
318.72214009727884
245.16948792638573
247.5153887740596
279.06024070367448
403.15509019171134
548.31381037039409
368.80497032031394
522.68873366405774
463.01299245653331
464.78856481144442
488.99938520872752
287.58987012616603
289.54025229252989
319.16617808914316
557.84031908124314
675.68189153821891
403.9887492407064
549.80174351442793
177.49676080277982
179.6170567806563
212.80133223039468
128.80878088932423
131.24701712964918
166.36750884137587
308.18562618269721
472.73188416351388
267.09158366134341
440.80046911929253
641.7523476410687
523.65418620398145
522.75574429437268
368.48459653347504
448.1857977983243
271.26276159444967
415.49032989938576
228.69383285954746
456.10290700953271
433.57763438031861
432.77127415308712
279.36961605420095
248.7219398276668
246.8791702417044
435.67096421857605
436.52103742640941
435.07776662810716
250.49926065556997
251.63752325127007
249.86862923349565
168.81143923968807
133.07317354067379
130.4870772716813
120.41008982455833
82.385272608532659
79.264294375627287
134.3924573992706
135.63415166481673
133.6821032958502
83.061258216424562
84.248176074883645
82.246380515555074
636.69719747783847
516.63252205053345
515.90723782983696
358.97621900136664
636.2090124939034
516.01116110705823
515.16362416020411
358.06271314059779
440.20311563625421
260.2637813503344
407.04086456437983
217.09804854884987
439.08689186566073
259.01152752798066
405.70825931432705
215.62673201117695
447.93633506535411
424.94045812793729
423.93769270782502
268.24800998475155
236.89297305466403
234.7494133325589
426.7475791826555
427.53129362173399
426.03853726945533
238.24967793368808
239.31745138573831
237.50731818976294
447.1119911165631
423.89320242445149
422.72932461489597
267.05707575556755
235.38952469897038
233.01283101861725
425.44241892254422
426.14803246535143
424.60725156453748
236.38365214441728
237.36655361847897
235.52088531904951
155.94428644436891
119.345935048966
116.3788335440089
106.83038125947496
67.846494218337625
64.290023704390137
120.14302323870004
121.32078715621765
119.35082705541811
67.934605530263639
69.073592477475927
67.087369064006566
154.40228922672623
117.44045224731337
114.19088617661305
105.03720568515121
65.642149251989281
61.769061907399646
117.80581002827387
118.90572356710538
116.92796552307004
65.256370780463953
66.334853111365192
64.37668808346757
431.99941281515737
433.9319357657896
459.61925952682577
245.94555006324003
248.02264590686275
279.23738739688736
532.49249239821143
657.0910900754634
368.6331056458796
522.2557202420204
129.32030077820684
131.54828832901148
166.32096435413769
77.84165909758633
80.404014758829703
117.09464644601474
266.55553115330281
439.71321427420412
222.74227350890737
405.42892871228389
422.95296497946879
425.02667073351211
451.13136253754476
233.59301666880037
235.84772935296519
267.56946328322738
524.93942600834646
650.91772869259864
358.17374866101079
513.79580869515814
421.55063382950482
423.81851575452822
450.26691523488478
231.66710053480699
234.17710290017556
266.35312755095458
524.38983064111653
650.45489437703031
357.44563185697359
513.37477433275808
115.02956130647237
117.4900537618181
152.87687902265577
62.763732990754306
65.609034156959069
102.99422928064064
254.57563742570528
430.22714267352978
210.24552855737397
395.69584475663169
112.70952427873931
115.49037829036672
151.44662230498295
60.19997299697468
63.413634709915982
101.43957754045505
253.82923263307737
430.05021765969661
209.49708558416842
395.69149185226433
514.42511696254201
519.95304730845612
358.30252430159032
365.42536017963096
545.20123181829422
398.54768110085888
605.32202241576294
477.43137942394424
702.15078250038641
604.6138745930765
268.11101741479331
236.84825835418883
275.69899436285914
244.05811468322474
234.45552743507335
241.17519562174641
312.87115920540327
282.0946168268465
278.79185040584503
237.63336130764048
244.04987989337701
238.52294661444523
236.75400193492055
244.79970365912652
243.05320053475293
281.30620231033447
281.9253476533305
280.26696399151615
402.32451024692409
375.03154554262778
371.77723666280826
547.41181621422345
526.64090881991035
524.14688747190496
373.81789223001965
374.30486956049231
372.85808895162631
525.64768120218366
525.99456808316972
524.89227908409441
438.83948201893804
259.7320985801822
445.036468662537
267.73003318123847
473.86944007535067
305.61729126230011
542.6996142920384
396.18328806280647
654.15757699337485
542.75751948318805
155.92406320604152
119.41383703639985
164.38834823973536
127.38006275273756
116.24319115534058
123.6205469461089
206.95259189555202
170.96267938704102
166.73600896148264
119.74613523938831
126.78489062050346
120.7783483921786
118.8327077704763
127.67327381623659
125.76964134471712
169.49830849782245
170.24484597050935
168.44783428074948
309.85912715283132
278.03518001371901
273.94492846049616
477.30198634368128
453.23445980677616
450.15063329697125
276.18125454907772
276.77275606486978
275.20829744835476
451.79411038419641
452.21425684235896
451.02391489928743
233.10656371747734
239.61058774520359
235.91397362618295
268.57155168030158
242.86311089210267
275.90926123541408
277.12799933823362
280.63891228832301
312.4028468977441
360.4814655874535
367.38964884693985
517.45793345159632
522.82135548152326
399.14525437857696
545.98389964698265
370.20289191032941
373.42890147241792
401.06304826670532
522.87227939839454
525.16729334079025
545.76691708922885
476.20443127504984
603.15401517106261
602.24897944291365
698.12824324120299
114.71572886795207
121.89690673365897
117.61935217593464
153.75923022584777
125.30209263458528
161.86846597549766
164.93033286228683
168.67783588543216
203.96615117721592
256.44665573312159
264.03554983104323
438.76916683538127
433.05737527019312
301.09920680910807
466.40729453559504
272.24522155144496
275.75682365959926
306.63155177857914
448.7790967310159
451.30010477610551
474.3572039761018
391.06542571353441
534.26530196463455
537.84130708423538
645.84501408683286
406.46530756851757
217.11366706564547
412.39022478858601
225.01484874099037
442.55608422571447
264.67028169217315
514.65035950234983
359.9904664302278
632.20388383555814
515.01760460633568
107.14931948377671
68.196609192274195
115.58366950124605
76.120079413178587
64.518758771123771
71.825449861752759
160.13814209087934
121.74005467117934
116.96989478284911
68.019791923283719
69.079363788531282
74.981533363789254
75.906539027985559
67.102513162415903
73.993700637753932
119.71918258864252
120.50879411451695
118.71891633075495
268.73134661781341
234.8823761800727
230.33476428952656
446.12617910233291
420.68836843681675
417.30846040908841
232.55540825450225
233.18394191456605
231.63034899340289
418.94097145412775
419.38493604471626
418.20330541704755
397.61431725772036
205.15326489756762
403.00919534356171
212.68030998426377
432.86564277938169
252.33378049831276
396.41077650277873
203.6830358309677
401.66192391595598
211.08948112987321
431.53185368005472
250.75568253688516
505.82881294531842
348.92165514984038
625.14110967597469
506.46216326856711
504.32313179738617
347.34200674372494
623.77577986653068
505.12386565998838
93.20955197075034
53.272354629336178
101.38293516476642
60.980706566894582
49.137764571135222
56.236662319996185
146.14568971572294
106.92173581087843
101.74357423647291
52.483974598627128
53.513038625606896
59.242587509620421
60.1507510677867
51.583360156250251
58.307229887663198
104.35350652678403
105.13473871228246
103.42321578293161
91.303078697099977
50.880000029543908
99.373111854174226
58.489675091239405
46.394800162673846
53.390756996667278
144.17215488453166
104.49012602285222
98.969349730905037
49.581878511601076
50.570612285488323
56.23902017695923
57.118903757814678
48.703299816613935
55.358113011801834
101.42840565353811
102.1885014644439
100.56652174460123
256.26996103835086
221.7294743882527
216.83929338925736
436.69087607089068
410.81861616889819
407.20880015196599
218.94087536822542
219.5668849566365
218.08882923183023
408.75490667442364
409.19626726530771
408.07364349885233
254.45065839873405
219.5652226619178
214.39386987471676
435.24471685359538
409.1523327827839
405.34493856783433
216.3636967162912
216.97109169854093
215.57343899664818
406.79310035469371
407.21908253221898
406.15739555536913
62.883335736982758
70.050864887685179
73.695541600441629
65.965485632765535
103.76042712693163
112.02600948783765
115.15968762606929
119.19148732124654
156.28760513498321
211.52048967401686
397.38284388904469
219.42683787622911
403.56508086637871
258.58378152312173
432.99243980976121
228.65095100342228
232.48568322988535
265.12858329120172
415.95692756028268
418.76807219498858
443.27304878235805
354.37196634134591
505.81770894818976
510.56999791035776
624.95165817507166
47.483484626416271
50.898631654030737
54.512124116662335
58.540223034983342
89.4833375256311
97.776712471486917
100.02529016623271
104.47897138755695
142.57922315671192
199.01449366718498
387.89136962540272
207.15784029151564
394.58891009033209
247.02282138132125
424.89298196174457
44.786464329686055
48.587605193571335
51.7686027485355
56.204071005973105
87.808489932498674
96.105950719043904
97.378482320094236
102.23552359685789
140.98879077355411
198.13044155110481
387.74039496251009
206.33416200633872
394.57815243309551
246.2677589236431
424.93990395619414
215.26422302134074
219.50226800228143
253.10501864663411
405.95301432034091
409.10237493289299
434.41712656489949
344.36662287804529
498.97940485040408
503.36978713696874
620.25892712971756
212.94048935448393
217.55654010536409
251.79123771779916
404.18586396803676
407.637282947009
433.46815906457437
343.88405614867645
499.31823404278521
503.10872934061683
620.67448697076952
639.62625842119292
521.42193976857243
519.70172373671153
365.3082904513733
444.45404001101576
267.34504018805569
411.64538017847497
224.45000785781781
453.55544103469879
430.52973648161662
429.28877245503213
275.71997289873423
244.34110592086995
241.86083571399058
431.90937594207082
432.53292904537329
430.94922497661958
245.10914277091342
246.00204588623092
244.12788150204233
164.23690392847971
127.5339486149594
124.13928955263918
115.22834531023011
75.98867211716788
71.923998693246176
127.61766531824901
128.63962755869659
126.66495320102706
75.271926111178459
76.294273249500066
74.375675760887361
656.89970325352817
545.47511097725373
542.75683359047207
397.32947635927064
471.41645480962313
304.41439891348921
440.92774896349806
263.97366460585727
481.4539465154736
459.6079904354383
458.33643192865361
312.90824907042827
283.19849788230488
280.72363414933568
460.79313059596745
461.329125290908
459.76855485085855
283.76088267579257
284.549170651552
282.71936541963214
207.08697680595458
172.23316639677432
168.8329626656116
160.49332931625042
123.01086301718806
118.89607421872404
172.08213611552947
173.00712676463695
171.10706156361368
122.01825349108708
122.96612635424424
121.15228910459848
427.9515804049505
430.49314044730079
457.30416885270063
240.37268698212335
243.23341566421288
275.86938692701779
531.31828588626286
656.45489286316365
366.84168851048764
521.55231319931988
122.58814998191508
125.75614860430835
162.17643014319083
70.376923481531094
73.980807759444929
112.39657263848642
264.33302026870376
439.08153868679142
220.06441533610678
404.53907556179468
456.94282791396142
459.71879257497199
485.8651467920555
279.19956239173757
282.38118907147521
314.24367100127915
556.89167988816257
676.14452543825848
401.59934226123346
549.22497470295184
167.3126684291168
170.82322796257529
206.32616085772815
117.45848793794937
121.35427707350675
158.6302128812473
304.31087476523169
470.87617942826819
261.60421957601625
437.0328112591684
701.41702456541327
604.66409541980374
601.7536868185515
475.66091592907014
540.07064809937197
394.99559077904371
513.88216067438145
360.00094733891274
548.97608725603618
529.93632120556811
528.77606870537181
402.41340901006015
376.64402563512931
374.45542349148479
530.90585650872606
531.3450794454908
529.94760868383025
377.07999134351439
377.73394039688947
376.10188140046318
310.3704618384196
280.0417676200193
277.00789084000178
269.85318903221287
237.12381904054371
233.42305650722813
279.81414490011275
280.59890379341948
278.92273803546414
236.11448179635704
236.93218026246848
235.35157917813126
775.63673539607112
701.60472391423355
700.04695672760022
603.62797662331604
653.42100118885651
542.6370458939989
634.47782533700695
516.7657057033033
659.00945483417411
644.48056479629372
643.6393371522779
547.81900799207062
528.32855915903724
526.79013211093832
645.28401753361436
645.62036976053275
644.54384005983047
528.81438720664892
529.30316993663837
528.03868472821023
478.25361591893375
455.38145848939587
453.24425901489315
447.99685451372568
423.20557358110977
420.52939578279324
455.40878172878365
455.99659466320304
454.70160848770593
422.60543747677127
423.2283836309083
422.02177464288695
527.50372096106003
530.10880823489015
553.16830106710484
373.07103161734153
376.12294362443924
404.37520898087803
615.233798823548
718.96056207870674
481.18587369167767
610.37881688854009
275.67119806962023
279.03586400429901
310.51159776323527
232.20525425985295
235.90169098477384
268.90570004649055
396.64968541695316
542.34997454651136
359.34068984637292
512.62918476030018
642.66544387364718
644.48201527157516
661.63352989271971
525.71705883625714
527.96250024574181
549.40433048873717
708.27395580351697
786.87928192622996
608.01465085428208
706.97191601398652
452.219646041641
454.75980332322024
478.85152369367074
419.62886475982111
422.4088508876747
447.64519521789839
544.96582740220128
656.97777760404097
517.03543400945944
634.84323434679641
402.88491900922565
212.82450631428787
408.64250388526625
220.52178129990898
438.14958332832498
259.85364638616875
510.31400210259426
355.46747413468199
628.19921571907707
511.14521194606527
101.62042573328131
61.238483905790872
109.8181628794124
68.889587809269642
56.519174126518578
63.52384161084774
154.33622137952727
114.65861227594394
108.89074784587172
59.564903628251045
60.515912881850909
66.226748191552019
67.07775386130163
58.717170433735305
65.4006816304626
111.20451722642292
111.93338608755369
110.39219968864097
263.4938945110373
228.61002640889365
223.21606232722195
441.94758896695328
415.85446864058508
411.88044474115884
225.05324419527483
225.62968664583263
224.30135980708803
413.22609543029102
413.62498430520282
412.61292945840785
432.99458171878689
253.10523967262372
439.01006469334914
260.8710745954121
467.66313801776175
298.70900744556081
536.16320774336236
389.45915360167658
647.60877179613215
536.71114432489367
147.52250393842485
108.82581886604567
155.67123682135752
116.38906564183503
104.03990671793395
110.95316287734101
198.36077257842533
160.25098393114456
154.41806084072596
106.86722762109082
107.75908084802518
113.44039668299945
114.23673350492709
106.0804969223118
112.68205002225852
156.52213566895045
157.19514189399717
155.76687028651759
302.01258563390638
268.53562915615055
263.10682466844003
470.92411219694975
445.88609092264812
441.88748769380322
264.75700015255632
265.27654926152547
264.03918635677405
443.08867491395415
443.43820701111861
442.48875247189937
55.002071311519217
59.175166273747323
62.022543594857893
66.803117566823744
98.678133669507815
106.88502096820093
107.4104879334144
112.60515659636917
151.53802184332108
208.40142274655398
396.02030373451214
216.32779464860801
402.3407107809229
256.07244937310372
432.63258702855512
221.84906904673551
226.75000651829794
261.0998144512306
410.77701994929896
414.44268829519899
440.36115307186708
352.46586808396705
505.96182287303452
509.45655997433039
625.56306024195408
102.67224526826317
107.08342434194049
109.60028390561445
114.56446503577013
145.28214600931028
153.21322661123975
153.0567494585581
158.37149479647587
195.79714335927292
250.01884868156128
428.17856585841218
257.48383203364506
433.85706713677939
295.19754633407001
462.3587272106937
261.81537488994377
266.79784056520282
299.79507784954603
440.82146654772509
444.55522037637365
469.48338065410087
386.64688995983238
531.9319775477378
535.21307209187012
645.17292455603922
507.88264395323699
351.06536872010975
513.38772203945666
358.06356950512827
538.38681253436471
391.09293429814682
597.98133293052672
470.066095315707
694.6675093361373
597.85576850165944
258.75499615460683
224.77698402906526
266.04865558473227
231.53907553538102
220.42419684028209
226.60148236339114
303.34391801644563
269.9000539400796
264.63216107444055
222.8491711243604
223.62851253253541
228.71521647786494
229.40553549684103
222.1837873350521
228.07080128756468
266.39835424945113
266.9679977374775
265.73574136022864
393.58692712979689
364.22127973776173
359.33555083713281
540.26292197048463
518.2740102349253
514.66649573985649
360.70234104058352
361.12793708066124
360.05244443044774
515.65355221108382
515.92925577965832
515.09759282086509
630.38550738060349
510.35761603168089
634.65204714726235
515.65325212192226
653.22420513535303
540.34216019018743
697.94371207042343
599.82542216626098
771.19074590816695
696.69452917672913
439.85508147476946
414.05984570540033
445.31090003021541
419.0901851382207
410.86635319532184
415.4477285526666
473.27286844389846
447.89156213227363
444.01457318933603
412.73331774906603
417.06875746795765
417.59103118533903
413.32947275644426
412.2353853862985
416.58029972240161
445.36356843800775
445.78082516630184
444.83916485978102
541.36474111330517
519.10140996969767
515.51666865958123
652.51666260634283
635.79571582448114
633.13932330373075
516.55682461518268
516.85335516223734
516.02142507587939
633.88407792118801
634.06531977872953
633.41575291284232
219.29489625765984
223.39012553073781
225.46822946595114
230.03231175464157
257.04723673441538
264.03379255150242
263.45224070498023
268.31117355566221
301.2310287068608
348.74838002103513
504.03869292201807
355.24397150870902
508.8731678960396
388.18779146720465
533.79403736099118
358.1813516635923
362.72464509118208
391.76123907771762
513.69153863663666
517.10475782531228
539.06841629624591
467.76497525737841
594.32167478924669
596.62848414977077
692.51244381269396
410.04408673881608
414.60675587267031
418.04624440990062
413.12311262658795
438.86543048865417
444.08529871625194
443.10534006208229
446.80434001414562
472.13242192969994
509.26962082759576
628.69765388059602
514.19744015311221
632.47726954460984
539.18951803141101
651.57751535830755
514.59959714926083
518.10601815763437
540.58659542059786
632.34759224489017
635.01532524859931
652.12538177668978
599.45617946842458
697.53963963122283
696.95133179751645
771.69377302726821
0
0
0
0
0
0
0
0
0
0
0
0
0
0
0
0
0
0
0
0
0
0
0
0
0
0
0
0
0
0
0
0
0
0
0
0
0
0
0
0
0
0
0
0
0
0
0
0
0
0
0
0
0
0
0
0
0
0
0
0
0
0
0
0
0
0
0
0
0
0
0
0
0
0
0
0
0
0
0
0
0
0
0
0
0
0
0
0
0
0
0
0
0
0
0
0
0
0
0
0
0
0
0
0
0
0
0
0
0
0
0
0
0
0
0
0
0
0
0
0
0
0
0
0
0
0
0
0
0
0
0
0
0
0
0
0
0
0
0
0
0
0
0
0
0
0
0
0
0
0
0
0
0
0
0
0
0
0
0
0
0
0
0
0
0
0
0
0
0
0
0
0
0
0
0
0
0
0
0
0
0
0
0
0
0
0
0
0
0
0
0
0
0
0
0
0
0
0
0
0
0
0
0
0
0
0
0
0
0
0
0
0
0
0
0
0
0
0
0
0
0
0
0
0
0
0
0
0
0
0
0
0
0
0
0
0
0
0
0
0
0
0
0
0
0
0
0
0
0
0
0
0
0
0
0
0
0
0
0
0
0
0
0
0
0
0
0
0
0
0
0
0
0
0
0
0
0
0
0
0
0
0
0
0
0
0
0
0
0
0
0
0
0
0
0
0
0
0
0
0
0
0
0
0
0
0
0
0
0
0
0
0
0
0
0
0
0
0
0
0
0
0
0
0
0
0
0
0
0
0
0
0
0
0
0
0
0
0
0
0
0
0
0
0
0
0
0
0
0
0
0
0
0
0
0
0
0
0
0
0
0
0
0
0
0
0
0
0
0
0
0
0
0
0
0
0
0
0
0
0
0
0
0
0
0
0
0
0
0
0
0
0
0
0
0
0
0
0
0
0
0
0
0
0
0
0
0
0
0
0
0
0
0
0
0
0
0
0
0
0
0
0
0
0
0
0
0
0
0
0
0
0
0
0
0
0
0
0
0
0
0
0
0
0
0
0
0
0
0
0
0
0
0
0
0
0
0
0
0
0
0
0
0
0
0
0
0
0
0
0
0
0
0
0
0
0
0
0
0
0
0
0
0
0
0
0
0
0
0
0
0
0
0
0
0
0
0
0
0
0
0
0
0
0
0
0
0
0
0
0
0
0
0
0
0
0
0
0
0
0
0
0
0
0
0
0
0
0
0
0
0
0
0
0
0
0
0
0
0
0
0
0
0
0
0
0
0
0
0
0
0
0
0
0
0
0
0
0
0
0
0
0
0
0
0
0
0
0
0
0
0
0
0
0
0
0
0
0
0
0
0
0
0
0
0
0
0
0
0
0
0
0
0
0
0
0
0
0
0
0
0
0
0
0
0
0
0
0
0
0
0
0
0
0
0
0
0
0
0
0
0
0
0
0
0
0
0
0
0
0
0
0
0
0
0
0
0
0
0
0
0
0
0
0
0
0
0
0
0
0
0
0
0
0
0
0
0
0
0
0
0
0
0
0
0
0
0
0
0
0
0
0
0
0
0
0
0
0
0
0
0
0
0
0
0
0
0
0
0
0
0
0
0
0
0
0
0
0
0
0
0
0
0
0
0
0
0
0
0
0
0
0
0
0
0
0
0
0
0
0
0
0
0
0
0
0
0
0
0
0
0
0
0
0
0
0
0
0
0
0
0
0
0
0
0
0
0
0
0
0
0
0
0
0
0
0
0
0
0
0
0
0
0
0
0
0
0
0
0
0
0
0
0
0
0
0
0
0
0
0
0
0
0
0
0
0
0
0
0
0
0
0
0
0
0
0
0
0
0
0
0
0
0
0
0
0
0
0
0
0
0
0
0
0
0
0
0
0
0
0
0
0
0
0
0
0
0
0
0
0
0
0
0
0
0
0
0
0
0
0
0
0
0
0
0
0
0
0
0
0
0
0
0
0
0
0
0
0
0
0
0
0
0
0
0
0
0
0
0
0
0
0
0
0
0
0
0
0
0
0
0
0
0
0
0
0
0
0
0
0
0
0
0
0
0
0
0
0
0
0
0
0
0
0
0
0
0
0
0
0
0
0
0
0
0
0
0
0
0
0
0
0
0
0
0
0
0
0
0
0
0
0
0
0
0
0
0
0
0
0
0
0
0
0
0
0
0
0
0
0
0
0
0
0
0
0
0
0
0
0
0
0
0
0
0
0
0
0
0
0
0
0
0
0
0
0
0
0
0
0
0
0
0
0
0
0
0
0
0
0
0
0
0
0
0
0
0
0
0
0
0
0
0
0
0
0
0
0
0
0
0
0
0
0
0
0
0
0
0
0
0
0
0
0
0
0
0
0
0
0
0
0
0
0
0
0
0
0
0
0
0
0
0
0
0
0
0
0
0
0
0
0
0
0
0
0
0
0
0
0
0
0
0
0
0
0
0
0
0
0
0
0
0
0
0
0
0
0
0
0
0
0
0
0
0
0
0
0
0
0
0
0
0
0
0
0
0
0
0
0
0
0
0
0
0
0
0
0
0
0
0
0
0
0
0
0
0
0
0
0
0
0
0
0
0
0
0
0
0
0
0
0
0
0
0
0
0
0
0
0
0
0
0
0
0
0
0
0
0
0
0
0
0
0
0
0
0
0
0
0
0
0
0
0
0
0
0
0
0
0
0
0
0
0
0
0
0
0
0
0
0
0
0
0
0
0
0
0
0
0
0
0
0
0
0
0
0
0
0
0
0
0
0
0
0
0
0
0
0
0
0
0
0
0
0
0
0
0
0
0
0
0
0
0
0
0
0
0
0
0
0
0
0
0
0
0
0
0
0
0
0
0
0
0
0
0
0
0
0
0
0
0
0
0
0
0
0
0
0
0
0
0
0
0
0
0
0
0
0
0
0
0
0
0
0
0
0
0
0
0
0
0
0
0
0
0
0
0
0
0
0
0
0
0
0
0
0
0
0
0
0
0
0
0
0
0
0
0
0
0
0
0
0
0
0
0
0
0
0
0
0
0
0
0
0
0
0
0
0
0
0
0
0
0
0
0
0
0
0
0
0
0
0
0
0
0
0
0
0
0
0
0
0
0
0
0
0
0
0
0
0
0
0
0
0
0
0
0
0
0
0
0
0
0
0
0
0
0
0
0
0
0
0
0
0
0
0
0
0
0
0
0
0
0
0
0
0
0
0
0
0
0
0
0
0
0
0
0
0
0
0
0
0
0
0
0
0
0
0
0
0
0
0
0
0
0
0
0
0
0
0
0
0
0
0
0
0
0
0
0
0
0
0
0
0
0
0
0
0
0
0
0
0
0
0
0
0
0
0
0
0
0
0
0
0
0
0
0
0
0
0
0
0
0
0
0
0
0
0
0
0
0
0
0
0
0
0
0
0
0
0
0
0
0
0
0
0
0
0
0
0
0
0
0
0
0
0
0
0
0
0
0
0
0
0
0
0
0
0
0
0
0
0
0
0
0
0
0
0
0
0
0
0
0
0
0
0
0
0
0
0
0
0
0
0
0
0
0
0
0
0
0
0
0
0
0
0
0
0
0
0
0
0
0
0
0
0
0
0
0
0
0
0
0
0
0
0
0
0
0
0
0
0
0
0
0
0
0
0
0
0
0
0
0
0
0
0
0
0
0
0
0
0
0
0
0
0
0
0
0
0
0
0
0
0
0
0
0
0
0
0
0
0
0
0
0
0
0
0
0
0
0
0
0
0
0
0
0
0
0
0
0
0
0
0
0
0
0
0
0
0
0
0
0
0
0
0
0
0
0
0
0
0
0
0
0
0
0
0
0
0
0
0
0
0
0
0
0
0
0
0
0
0
0
0
0
0
0
0
0
0
0
0
0
0
0
0
0
0
0
0
0
0
0
0
0
0
0
0
0
0
0
0
0
0
0
0
0
0
0
0
0
0
0
0
0
0
0
0
0
0
0
0
0
0
0
0
0
0
0
0
0
0
0
0
0
0
0
0
0
0
0
0
0
0
0
0
0
0
0
0
0
0
0
0
0
0
0
0
0
0
0
0
0
0
0
0
0
0
0
0
0
0
0
0
0
0
0
0
0
0
0
0
0
0
0
0
0
0
0
0
0
0
0
0
0
0
0
0
0
0
0
0
0
0
0
0
0
0
0
0
0
0
0
0
0
0
0
0
0
0
0
0
0
0
0
0
0
0
0
0
0
0
0
0
0
0
0
0
0
0
0
0
0
0
0
0
0
0
0
0
0
0
0
0
0
0
0
0
0
0
0
0
0
0
0
0
0
0
0
0
0
0
0
0
0
0
0
0
0
0
0
0
0
0
0
0
0
0
0
0
0
0
0
0
0
0
0
0
0
0
0
0
0
0
0
0
0
0
0
0
0
0
0
0
0
0
0
0
0
0
0
0
0
0
0
0
0
0
0
0
0
0
0
0
0
0
0
0
0
0
0
0
0
0
0
0
0
0
0
0
0
0
0
0
0
0
0
0
0
0
0
0
0
0
0
0
0
0
0
0
0
0
0
0
0
0
0
0
0
0
0
0
0
0
0
0
0
0
0
0
0
0
0
0
0
0
0
0
0
0
0
0
0
0
0
0
0
0
0
0
0
0
0
0
0
0
0
0
0
0
0
0
0
0
0
0
0
0
0
0
0
0
0
0
0
0
0
0
0
0
0
0
0
0
0
0
0
0
0
0
0
0
0
0
0
0
0
0
0
0
0
0
0
0
0
0
0
0
0
0
0
0
0
0
0
0
0
0
0
0
0
0
0
0
0
0
0
0
0
0
0
0
0
0
0
0
0
0
0
0
0
0
0
0
0
0
0
0
0
0
0
0
0
0
0
0
0
0
0
0
0
0
0
0
0
0
0
0
0
0
0
0
0
0
0
0
0
0
0
0
0
0
0
0
0
0
0
0
0
0
0
0
0
0
0
0
0
0
0
0
0
0
0
0
0
0
0
0
0
0
0
0
0
0
0
0
0
0
0
0
0
0
0
0
0
0
0
0
0
0
0
0
0
0
0
0
0
0
0
0
0
0
0
0
0
0
0
0
0
0
0
0
0
0
0
0
0
0
0
0
0
0
0
0
0
0
0
0
0
0
0
0
0
0
0
0
0
0
0
0
0
0
0
0
0
0
0
0
0
0
0
0
0
0
0
0
0
0
0
0
0
0
0
0
0
0
0
0
0
0
0
0
0
0
0
0
0
0
0
0
0
0
0
0
0
0
0
0
0
0
0
0
0
0
0
0
0
0
0
0
0
0
0
0
0
0
0
0
0
0
0
0
0
0
0
0
0
0
0
0
0
0
0
0
0
0
0
0
0
0
0
0
0
0
0
0
0
0
0
0
0
0
0
0
0
0
0
0
0
0
0
0
0
0
0
0
0
0
0
0
0
0
0
0
0
0
0
0
0
0
0
0
0
0
0
0
0
0
0
0
0
0
0
0
0
0
0
0
0
0
0
0
0
0
0
0
0
0
0
0
0
0
0
0
0
0
0
0
0
0
0
0
0
0
0
0
0
0
0
0
0
0
0
0
0
0
0
0
0
0
0
0
0
0
0
0
0
0
0
0
0
0
0
0
0
0
0
0
0
0
0
0
0
0
0
0
0
0
0
0
0
0
0
0
0
0
0
0
0
0
0
0
0
0
0
0
0
0
0
0
0
0
0
0
0
0
0
0
0
0
0
0
0
0
0
0
0
0
0
0
0
0
0
0
0
0
0
0
0
0
0
0
0
0
0
0
0
0
0
0
0
0
0
0
0
0
0
0
0
0
0
0
0
0
0
0
0
0
0
0
0
0
0
0
0
0
0
0
0
0
0
0
0
0
0
0
0
0
0
0
0
0
0
0
0
0
0
0
0
0
0
0
0
0
0
0
0
0
0
0
0
0
0
0
0
0
0
0
0
0
0
0
0
0
0
0
0
0
0
0
0
0
0
0
0
0
0
0
0
0
0
0
0
0
0
0
0
0
0
0
0
0
0
0
0
0
0
0
0
0
0
0
0
0
0
0
0
0
0
0
0
0
0
0
0
0
0
0
0
0
0
0
0
0
0
0
0
0
0
0
0
0
0
0
0
0
0
0
0
0
0
0
0
0
0
0
0
0
0
0
0
0
0
0
0
0
0
0
0
0
0
0
0
0
0
0
0
0
0
0
0
0
0
0
0
0
0
0
0
0
0
0
0
0
0
0
0
0
0
0
0
0
0
0
0
0
0
0
0
0
0
0
0
0
0
0
0
0
0
0
0
0
0
0
0
0
0
0
0
0
0
0
0
0
0
0
0
0
0
0
0
0
0
0
0
0
0
0
0
0
0
0
0
0
0
0
0
0
0
0
0
0
0
0
0
0
0
0
0
0
0
0
0
0
0
0
0
0
0
0
0
0
0
0
0
0
0
0
0
0
0
0
0
0
0
0
0
0
0
0
0
0
0
0
0
0
0
0
0
0
0
0
0
0
0
0
0
0
0
0
0
0
0
0
0
0
0
0
0
0
0
0
0
0
0
0
0
0
0
0
0
0
0
0
0
0
0
0
0
0
0
0
0
0
0
0
0
0
0
0
0
0
0
0
0
0
0
0
0
0
0
0
0
0
0
0
0
0
0
0
0
0
0
0
0
0
0
0
0
0
0
0
0
0
0
0
0
0
0
0
0
0
0
0
0
0
0
0
0
0
0
0
0
0
0
0
0
0
0
0
0
0
0
0
0
0
0
0
0
0
0
0
0
0
0
0
0
0
0
0
0
0
0
0
0
0
0
0
0
0
0
0
0
0
0
0
0
0
0
0
0
0
0
0
0
0
0
0
0
0
0
0
0
0
0
0
0
0
0
0
0
0
0
0
0
0
0
0
0
0
0
0
0
0
0
0
0
0
0
0
0
0
0
0
0
0
0
0
0
0
0
0
0
0
0
0
0
0
0
0
0
0
0
0
0
0
0
0
0
0
0
0
0
0
0
0
0
0
0
0
0
0
0
0
0
0
0
0
0
0
0
0
0
0
0
0
0
0
0
0
0
0
0
0
0
0
0
0
0
0
0
0
0
0
0
0
0
0
0
0
0
0
0
0
0
0
0
0
0
0
0
0
0
0
0
0
0
0
0
0
0
0
0
0
0
0
0
0
0
0
0
0
0
0
0
0
0
0
0
0
0
0
0
0
0
0
0
0
0
0
0
0
0
0
0
0
0
0
0
0
0
0
0
0
0
0
0
0
0
0
0
0
0
0
0
0
0
0
0
0
0
0
0
0
0
0
0
0
0
0
0
0
0
0
0
0
0
0
0
0
0
0
0
0
0
0
0
0
0
0
0
0
0
0
0
0
0
0
0
0
0
0
0
0
0
0
0
0
0
0
0
0
0
0
0
0
0
0
0
0
0
0
0
0
0
0
0
0
0
0
0
0
0
0
0
0
0
0
0
0
0
0
0
0
0
0
0
0
0
0
0
0
0
0
0
0
0
0
0
0
0
0
0
0
0
0
0
0
0
0
0
0
0
0
0
SCALARS neighbor_count float 1
LOOKUP_TABLE default
148
181
179
218
209
254
236
285
210
238
257
254
287
313
267
267
267
323
325
325
297
335
365
333
378
410
378
377
380
423
423
424
258
236
208
311
284
251
177
142
214
175
361
329
290
404
370
326
248
203
278
225
246
240
297
291
213
259
182
223
151
183
346
391
336
379
425
413
299
338
368
439
424
438
439
422
425
380
380
381
258
291
317
214
242
262
328
327
329
271
269
271
418
403
381
336
368
327
361
330
292
287
279
234
227
249
204
315
285
251
261
237
209
214
175
178
144
179
218
217
263
254
306
288
344
254
286
312
304
345
376
324
324
323
391
392
392
356
403
439
401
454
494
458
456
457
512
512
514
208
253
254
306
296
356
335
400
296
334
364
355
402
439
377
378
377
456
455
458
414
467
509
464
524
572
533
530
531
595
596
597
309
283
249
376
341
302
213
173
259
214
439
400
353
492
450
398
304
252
341
283
360
329
290
439
400
353
247
201
302
251
508
466
414
571
523
466
356
295
401
334
234
285
287
345
334
399
377
450
333
376
410
400
452
494
421
423
423
512
510
512
465
524
573
521
588
642
598
597
598
669
667
669
258
312
312
378
260
315
314
380
363
437
411
492
365
439
411
495
364
411
446
437
493
536
458
458
460
557
553
555
364
411
448
438
493
537
459
458
458
557
554
555
507
572
622
572
643
699
649
645
645
726
725
724
508
573
623
570
644
702
649
646
646
727
727
728
404
371
327
491
451
400
279
227
343
284
571
524
466
644
591
525
400
335
455
382
441
403
356
535
492
435
304
248
375
311
439
402
356
533
490
436
303
247
374
310
620
571
510
701
648
577
439
368
497
419
622
571
509
701
646
576
439
367
497
419
297
289
358
349
258
311
222
268
184
222
413
465
403
453
510
493
359
404
440
532
514
529
532
512
513
461
459
457
309
348
380
257
290
315
396
395
394
327
326
327
345
413
338
403
301
359
259
310
215
258
477
538
466
524
589
570
415
468
510
614
597
616
615
597
598
536
536
538
359
405
441
299
337
367
462
461
464
384
383
384
509
488
465
410
449
399
435
401
356
354
344
294
285
307
256
375
346
308
312
290
257
266
221
222
185
590
574
540
479
524
468
512
469
417
413
405
338
347
361
304
442
404
360
367
339
301
312
261
261
218
389
467
379
456
338
406
291
350
242
292
537
606
523
588
662
642
466
526
573
689
690
670
670
693
673
599
601
602
403
454
496
337
379
411
517
516
517
428
428
429
426
513
414
498
369
442
427
512
415
498
369
444
318
382
264
318
318
383
264
319
589
665
574
645
722
701
511
575
625
749
748
726
726
751
731
651
649
651
589
665
573
645
724
703
510
573
624
749
749
732
729
753
731
652
651
651
442
497
539
368
415
448
560
560
560
463
464
465
441
494
538
370
414
448
562
560
561
466
464
466
668
647
594
613
544
530
575
529
472
470
397
459
386
411
344
495
456
407
412
381
341
355
297
294
247
724
673
702
648
599
580
625
578
517
519
438
502
424
449
378
725
668
701
645
597
582
626
577
517
520
438
501
423
446
378
538
499
446
447
417
371
387
325
323
270
540
499
446
449
416
372
385
326
320
271
240
290
289
349
337
404
379
454
336
379
413
404
454
495
425
423
421
513
511
511
468
525
574
525
591
646
601
596
595
671
670
670
214
259
259
311
302
360
338
406
300
337
366
360
405
441
380
380
377
459
461
461
418
470
510
468
527
574
536
533
534
598
598
598
404
369
325
491
450
399
278
226
343
284
571
523
466
645
592
527
404
338
457
384
361
329
290
439
401
355
247
200
304
252
508
467
415
574
529
470
357
298
406
339
184
223
223
269
260
311
291
351
259
292
316
310
349
381
327
325
323
396
395
398
361
406
441
404
457
496
460
460
462
516
515
517
152
185
185
223
216
259
242
292
215
242
261
258
290
316
271
270
266
328
327
330
300
337
366
336
380
412
380
382
382
426
426
429
309
283
249
379
341
303
211
171
260
214
438
402
357
493
455
404
306
255
350
291
256
235
207
310
283
251
176
141
215
176
366
336
297
411
377
336
255
210
289
240
392
469
382
457
340
408
293
352
244
294
541
609
526
593
664
646
471
527
574
690
692
674
673
693
675
601
603
603
407
456
495
341
384
413
518
520
520
432
433
433
348
417
340
406
303
362
261
313
217
261
481
542
470
530
590
574
418
471
512
617
616
600
602
618
603
540
539
538
362
407
443
303
342
368
464
464
465
386
385
385
664
612
646
593
545
533
576
530
474
474
399
460
389
411
348
497
458
409
414
384
342
353
302
295
249
591
545
576
529
485
474
512
471
422
421
353
411
344
366
308
443
409
364
369
341
304
314
265
262
221
300
360
292
349
261
312
225
270
187
225
416
468
405
457
510
495
360
407
443
532
531
518
518
529
519
465
464
464
311
351
382
261
293
317
400
400
402
332
332
332
249
301
242
292
215
260
186
224
154
187
346
390
337
380
424
412
301
340
369
443
431
431
440
442
432
385
385
385
259
293
318
216
243
263
332
332
333
274
275
275
510
472
496
457
418
408
442
406
364
363
304
354
296
315
264
383
352
314
318
294
261
271
227
226
189
425
413
382
394
350
340
367
339
303
302
251
294
246
262
218
317
292
260
262
243
216
226
187
187
154
0
0
0
0
0
0
0
0
0
0
0
0
0
0
0
0
0
0
0
0
0
0
0
0
0
0
0
0
0
0
0
0
0
0
0
0
0
0
0
0
0
0
0
0
0
0
0
0
0
0
0
0
0
0
0
0
0
0
0
0
0
0
0
0
0
0
0
0
0
0
0
0
0
0
0
0
0
0
0
0
0
0
0
0
0
0
0
0
0
0
0
0
0
0
0
0
0
0
0
0
0
0
0
0
0
0
0
0
0
0
0
0
0
0
0
0
0
0
0
0
0
0
0
0
0
0
0
0
0
0
0
0
0
0
0
0
0
0
0
0
0
0
0
0
0
0
0
0
0
0
0
0
0
0
0
0
0
0
0
0
0
0
0
0
0
0
0
0
0
0
0
0
0
0
0
0
0
0
0
0
0
0
0
0
0
0
0
0
0
0
0
0
0
0
0
0
0
0
0
0
0
0
0
0
0
0
0
0
0
0
0
0
0
0
0
0
0
0
0
0
0
0
0
0
0
0
0
0
0
0
0
0
0
0
0
0
0
0
0
0
0
0
0
0
0
0
0
0
0
0
0
0
0
0
0
0
0
0
0
0
0
0
0
0
0
0
0
0
0
0
0
0
0
0
0
0
0
0
0
0
0
0
0
0
0
0
0
0
0
0
0
0
0
0
0
0
0
0
0
0
0
0
0
0
0
0
0
0
0
0
0
0
0
0
0
0
0
0
0
0
0
0
0
0
0
0
0
0
0
0
0
0
0
0
0
0
0
0
0
0
0
0
0
0
0
0
0
0
0
0
0
0
0
0
0
0
0
0
0
0
0
0
0
0
0
0
0
0
0
0
0
0
0
0
0
0
0
0
0
0
0
0
0
0
0
0
0
0
0
0
0
0
0
0
0
0
0
0
0
0
0
0
0
0
0
0
0
0
0
0
0
0
0
0
0
0
0
0
0
0
0
0
0
0
0
0
0
0
0
0
0
0
0
0
0
0
0
0
0
0
0
0
0
0
0
0
0
0
0
0
0
0
0
0
0
0
0
0
0
0
0
0
0
0
0
0
0
0
0
0
0
0
0
0
0
0
0
0
0
0
0
0
0
0
0
0
0
0
0
0
0
0
0
0
0
0
0
0
0
0
0
0
0
0
0
0
0
0
0
0
0
0
0
0
0
0
0
0
0
0
0
0
0
0
0
0
0
0
0
0
0
0
0
0
0
0
0
0
0
0
0
0
0
0
0
0
0
0
0
0
0
0
0
0
0
0
0
0
0
0
0
0
0
0
0
0
0
0
0
0
0
0
0
0
0
0
0
0
0
0
0
0
0
0
0
0
0
0
0
0
0
0
0
0
0
0
0
0
0
0
0
0
0
0
0
0
0
0
0
0
0
0
0
0
0
0
0
0
0
0
0
0
0
0
0
0
0
0
0
0
0
0
0
0
0
0
0
0
0
0
0
0
0
0
0
0
0
0
0
0
0
0
0
0
0
0
0
0
0
0
0
0
0
0
0
0
0
0
0
0
0
0
0
0
0
0
0
0
0
0
0
0
0
0
0
0
0
0
0
0
0
0
0
0
0
0
0
0
0
0
0
0
0
0
0
0
0
0
0
0
0
0
0
0
0
0
0
0
0
0
0
0
0
0
0
0
0
0
0
0
0
0
0
0
0
0
0
0
0
0
0
0
0
0
0
0
0
0
0
0
0
0
0
0
0
0
0
0
0
0
0
0
0
0
0
0
0
0
0
0
0
0
0
0
0
0
0
0
0
0
0
0
0
0
0
0
0
0
0
0
0
0
0
0
0
0
0
0
0
0
0
0
0
0
0
0
0
0
0
0
0
0
0
0
0
0
0
0
0
0
0
0
0
0
0
0
0
0
0
0
0
0
0
0
0
0
0
0
0
0
0
0
0
0
0
0
0
0
0
0
0
0
0
0
0
0
0
0
0
0
0
0
0
0
0
0
0
0
0
0
0
0
0
0
0
0
0
0
0
0
0
0
0
0
0
0
0
0
0
0
0
0
0
0
0
0
0
0
0
0
0
0
0
0
0
0
0
0
0
0
0
0
0
0
0
0
0
0
0
0
0
0
0
0
0
0
0
0
0
0
0
0
0
0
0
0
0
0
0
0
0
0
0
0
0
0
0
0
0
0
0
0
0
0
0
0
0
0
0
0
0
0
0
0
0
0
0
0
0
0
0
0
0
0
0
0
0
0
0
0
0
0
0
0
0
0
0
0
0
0
0
0
0
0
0
0
0
0
0
0
0
0
0
0
0
0
0
0
0
0
0
0
0
0
0
0
0
0
0
0
0
0
0
0
0
0
0
0
0
0
0
0
0
0
0
0
0
0
0
0
0
0
0
0
0
0
0
0
0
0
0
0
0
0
0
0
0
0
0
0
0
0
0
0
0
0
0
0
0
0
0
0
0
0
0
0
0
0
0
0
0
0
0
0
0
0
0
0
0
0
0
0
0
0
0
0
0
0
0
0
0
0
0
0
0
0
0
0
0
0
0
0
0
0
0
0
0
0
0
0
0
0
0
0
0
0
0
0
0
0
0
0
0
0
0
0
0
0
0
0
0
0
0
0
0
0
0
0
0
0
0
0
0
0
0
0
0
0
0
0
0
0
0
0
0
0
0
0
0
0
0
0
0
0
0
0
0
0
0
0
0
0
0
0
0
0
0
0
0
0
0
0
0
0
0
0
0
0
0
0
0
0
0
0
0
0
0
0
0
0
0
0
0
0
0
0
0
0
0
0
0
0
0
0
0
0
0
0
0
0
0
0
0
0
0
0
0
0
0
0
0
0
0
0
0
0
0
0
0
0
0
0
0
0
0
0
0
0
0
0
0
0
0
0
0
0
0
0
0
0
0
0
0
0
0
0
0
0
0
0
0
0
0
0
0
0
0
0
0
0
0
0
0
0
0
0
0
0
0
0
0
0
0
0
0
0
0
0
0
0
0
0
0
0
0
0
0
0
0
0
0
0
0
0
0
0
0
0
0
0
0
0
0
0
0
0
0
0
0
0
0
0
0
0
0
0
0
0
0
0
0
0
0
0
0
0
0
0
0
0
0
0
0
0
0
0
0
0
0
0
0
0
0
0
0
0
0
0
0
0
0
0
0
0
0
0
0
0
0
0
0
0
0
0
0
0
0
0
0
0
0
0
0
0
0
0
0
0
0
0
0
0
0
0
0
0
0
0
0
0
0
0
0
0
0
0
0
0
0
0
0
0
0
0
0
0
0
0
0
0
0
0
0
0
0
0
0
0
0
0
0
0
0
0
0
0
0
0
0
0
0
0
0
0
0
0
0
0
0
0
0
0
0
0
0
0
0
0
0
0
0
0
0
0
0
0
0
0
0
0
0
0
0
0
0
0
0
0
0
0
0
0
0
0
0
0
0
0
0
0
0
0
0
0
0
0
0
0
0
0
0
0
0
0
0
0
0
0
0
0
0
0
0
0
0
0
0
0
0
0
0
0
0
0
0
0
0
0
0
0
0
0
0
0
0
0
0
0
0
0
0
0
0
0
0
0
0
0
0
0
0
0
0
0
0
0
0
0
0
0
0
0
0
0
0
0
0
0
0
0
0
0
0
0
0
0
0
0
0
0
0
0
0
0
0
0
0
0
0
0
0
0
0
0
0
0
0
0
0
0
0
0
0
0
0
0
0
0
0
0
0
0
0
0
0
0
0
0
0
0
0
0
0
0
0
0
0
0
0
0
0
0
0
0
0
0
0
0
0
0
0
0
0
0
0
0
0
0
0
0
0
0
0
0
0
0
0
0
0
0
0
0
0
0
0
0
0
0
0
0
0
0
0
0
0
0
0
0
0
0
0
0
0
0
0
0
0
0
0
0
0
0
0
0
0
0
0
0
0
0
0
0
0
0
0
0
0
0
0
0
0
0
0
0
0
0
0
0
0
0
0
0
0
0
0
0
0
0
0
0
0
0
0
0
0
0
0
0
0
0
0
0
0
0
0
0
0
0
0
0
0
0
0
0
0
0
0
0
0
0
0
0
0
0
0
0
0
0
0
0
0
0
0
0
0
0
0
0
0
0
0
0
0
0
0
0
0
0
0
0
0
0
0
0
0
0
0
0
0
0
0
0
0
0
0
0
0
0
0
0
0
0
0
0
0
0
0
0
0
0
0
0
0
0
0
0
0
0
0
0
0
0
0
0
0
0
0
0
0
0
0
0
0
0
0
0
0
0
0
0
0
0
0
0
0
0
0
0
0
0
0
0
0
0
0
0
0
0
0
0
0
0
0
0
0
0
0
0
0
0
0
0
0
0
0
0
0
0
0
0
0
0
0
0
0
0
0
0
0
0
0
0
0
0
0
0
0
0
0
0
0
0
0
0
0
0
0
0
0
0
0
0
0
0
0
0
0
0
0
0
0
0
0
0
0
0
0
0
0
0
0
0
0
0
0
0
0
0
0
0
0
0
0
0
0
0
0
0
0
0
0
0
0
0
0
0
0
0
0
0
0
0
0
0
0
0
0
0
0
0
0
0
0
0
0
0
0
0
0
0
0
0
0
0
0
0
0
0
0
0
0
0
0
0
0
0
0
0
0
0
0
0
0
0
0
0
0
0
0
0
0
0
0
0
0
0
0
0
0
0
0
0
0
0
0
0
0
0
0
0
0
0
0
0
0
0
0
0
0
0
0
0
0
0
0
0
0
0
0
0
0
0
0
0
0
0
0
0
0
0
0
0
0
0
0
0
0
0
0
0
0
0
0
0
0
0
0
0
0
0
0
0
0
0
0
0
0
0
0
0
0
0
0
0
0
0
0
0
0
0
0
0
0
0
0
0
0
0
0
0
0
0
0
0
0
0
0
0
0
0
0
0
0
0
0
0
0
0
0
0
0
0
0
0
0
0
0
0
0
0
0
0
0
0
0
0
0
0
0
0
0
0
0
0
0
0
0
0
0
0
0
0
0
0
0
0
0
0
0
0
0
0
0
0
0
0
0
0
0
0
0
0
0
0
0
0
0
0
0
0
0
0
0
0
0
0
0
0
0
0
0
0
0
0
0
0
0
0
0
0
0
0
0
0
0
0
0
0
0
0
0
0
0
0
0
0
0
0
0
0
0
0
0
0
0
0
0
0
0
0
0
0
0
0
0
0
0
0
0
0
0
0
0
0
0
0
0
0
0
0
0
0
0
0
0
0
0
0
0
0
0
0
0
0
0
0
0
0
0
0
0
0
0
0
0
0
0
0
0
0
0
0
0
0
0
0
0
0
0
0
0
0
0
0
0
0
0
0
0
0
0
0
0
0
0
0
0
0
0
0
0
0
0
0
0
0
0
0
0
0
0
0
0
0
0
0
0
0
0
0
0
0
0
0
0
0
0
0
0
0
0
0
0
0
0
0
0
0
0
0
0
0
0
0
0
0
0
0
0
0
0
0
0
0
0
0
0
0
0
0
0
0
0
0
0
0
0
0
0
0
0
0
0
0
0
0
0
0
0
0
0
0
0
0
0
0
0
0
0
0
0
0
0
0
0
0
0
0
0
0
0
0
0
0
0
0
0
0
0
0
0
0
0
0
0
0
0
0
0
0
0
0
0
0
0
0
0
0
0
0
0
0
0
0
0
0
0
0
0
0
0
0
0
0
0
0
0
0
0
0
0
0
0
0
0
0
0
0
0
0
0
0
0
0
0
0
0
0
0
0
0
0
0
0
0
0
0
0
0
0
0
0
0
0
0
0
0
0
0
0
0
0
0
0
0
0
0
0
0
0
0
0
0
0
0
0
0
0
0
0
0
0
0
0
0
0
0
0
0
0
0
0
0
0
0
0
0
0
0
0
0
0
0
0
0
0
0
0
0
0
0
0
0
0
0
0
0
0
0
0
0
0
0
0
0
0
0
0
0
0
0
0
0
0
0
0
0
0
0
0
0
0
0
0
0
0
0
0
0
0
0
0
0
0
0
0
0
0
0
0
0
0
0
0
0
0
0
0
0
0
0
0
0
0
0
0
0
0
0
0
0
0
0
0
0
0
0
0
0
0
0
0
0
0
0
0
0
0
0
0
0
0
0
0
0
0
0
0
0
0
0
0
0
0
0
0
0
0
0
0
0
0
0
0
0
0
0
0
0
0
0
0
0
0
0
0
0
0
0
0
0
0
0
0
0
0
0
0
0
0
0
0
0
0
0
0
0
0
0
0
0
0
0
0
0
0
0
0
0
0
0
0
0
0
0
0
0
0
0
0
0
0
0
0
0
0
0
0
0
0
0
0
0
0
0
0
0
0
0
0
0
0
0
0
0
0
0
0
0
0
0
0
0
0
0
0
0
0
0
0
0
0
0
0
0
0
0
0
0
0
0
0
0
0
0
0
0
0
0
0
0
0
0
0
0
0
0
0
0
0
0
0
0
0
0
0
0
0
0
0
0
0
0
0
0
0
0
0
0
0
0
0
0
0
0
0
0
0
0
0
0
0
0
0
0
0
0
0
0
0
0
0
0
0
0
0
0
0
0
0
0
0
0
0
0
0
0
0
0
0
0
0
0
0
0
0
0
0
0
0
0
0
0
0
0
0
0
0
0
0
0
0
0
0
0
0
0
0
0
0
0
0
0
0
0
0
0
0
0
0
0
0
0
0
0
0
0
0
0
0
0
0
0
0
0
0
0
0
0
0
0
0
0
0
0
0
0
0
0
0
0
0
0
0
0
0
0
0
0
0
0
0
0
0
0
0
0
0
0
0
0
0
0
0
0
0
0
0
0
0
0
0
0
0
0
0
0
0
0
0
0
0
0
0
0
0
0
0
0
0
0
0
0
0
0
0
0
0
0
0
0
0
0
0
0
0
0
0
0
0
0
0
0
0
0
0
0
0
0
0
0
0
0
0
0
0
0
0
0
0
0
0
0
0
0
0
0
0
0
0
0
0
0
0
0
0
0
0
0
0
0
0
0
0
0
0
0
0
0
0
0
0
0
0
0
0
0
0
0
0
0
0
0
0
0
0
0
0
0
0
0
0
0
0
0
0
0
0
0
0
0
0
0
0
0
0
0
0
0
0
0
0
0
0
0
0
0
0
0
0
0
0
0
0
0
0
0
0
0
0
0
0
0
0
0
0
0
0
0
0
0
0
0
0
0
0
0
0
0
0
0
0
0
0
0
0
0
0
0
0
0
0
0
0
0
0
0
0
0
0
0
0
0
0
0
0
0
0
0
0
0
0
0
0
0
0
0
0
0
0
0
0
0
0
0
0
0
0
0
0
0
0
0
0
0
0
0
0
0
0
0
0
0
0
0
0
0
0
0
0
0
0
0
0
0
0
0
0
0
0
0
0
0
0
0
0
0
0
0
0
0
0
0
0
0
0
0
0
0
0
0
0
0
0
0
0
0
0
0
0
0
0
0
0
0
0
0
0
0
0
0
0
0
0
0
0
0
0
0
0
0
0
0
0
0
0
0
0
0
0
0
0
0
0
0
0
SCALARS low_density_flag float 1
LOOKUP_TABLE default
1
1
1
1
1
1
1
1
1
1
1
1
1
1
1
1
1
1
1
1
1
1
1
1
1
1
1
1
1
1
1
1
1
1
1
1
1
1
1
1
1
1
1
1
1
1
1
1
1
1
1
1
1
1
1
1
1
1
1
1
1
1
1
1
1
1
1
1
1
1
1
1
1
1
1
1
1
1
1
1
1
1
1
1
1
1
1
1
1
1
1
1
1
1
1
1
1
1
1
1
1
1
1
1
1
1
1
1
1
1
1
1
1
1
1
1
1
1
1
1
1
1
1
1
1
1
1
1
1
1
1
1
1
1
1
1
1
1
1
1
1
1
1
1
1
1
1
1
1
1
1
1
1
1
1
1
1
1
1
1
1
1
1
1
1
1
1
1
1
1
0
0
0
0
0
0
0
0
0
0
0
1
1
1
1
1
1
1
1
1
1
1
1
1
1
1
1
1
1
1
1
1
1
1
1
1
1
1
1
1
1
0
0
1
0
0
0
1
1
1
1
1
1
1
1
1
1
1
1
1
1
1
1
1
1
1
1
1
1
1
1
0
0
0
0
0
0
0
0
0
0
0
0
1
1
1
1
1
1
1
1
1
1
1
1
1
1
1
1
1
1
1
1
1
1
1
1
1
1
1
1
1
1
1
1
1
1
1
1
1
1
1
1
0
0
0
0
0
0
0
0
0
0
0
0
0
0
0
0
0
0
0
0
0
0
0
0
1
1
1
1
1
1
1
1
1
1
0
0
0
0
0
0
1
1
1
1
1
1
1
1
1
1
1
1
1
1
1
1
1
1
1
1
1
1
1
1
0
0
0
0
0
0
1
1
1
1
0
0
0
0
0
0
1
1
1
1
1
1
1
1
1
1
1
1
1
1
1
1
1
1
1
1
1
1
1
1
1
1
1
1
1
1
1
1
1
1
1
1
1
1
1
1
1
1
1
1
1
1
1
1
1
1
1
1
1
1
0
0
0
0
0
0
1
0
0
0
0
0
0
0
0
0
0
0
1
1
1
1
1
1
1
1
1
1
1
1
1
1
1
1
1
1
1
1
1
1
1
1
1
1
1
1
1
1
1
1
1
1
1
1
1
0
0
0
0
0
0
0
0
1
1
1
1
1
1
1
1
1
1
1
1
1
1
1
1
1
1
1
1
1
1
1
1
1
1
1
0
0
0
0
0
0
0
0
0
0
0
0
0
0
0
0
0
0
1
1
1
1
1
1
1
1
1
1
1
1
1
1
1
1
1
1
1
1
1
1
1
1
1
1
1
1
1
1
1
1
0
0
0
0
0
0
0
0
0
0
0
0
0
0
0
0
0
0
0
0
0
0
0
0
0
0
0
0
0
0
0
0
0
0
0
0
1
1
1
1
1
1
1
1
1
1
1
1
1
1
1
1
1
1
1
1
1
1
1
1
0
0
0
0
0
0
0
0
0
1
1
1
1
1
1
1
1
1
1
1
1
1
1
1
1
0
0
0
0
0
0
0
0
0
0
1
1
1
1
1
0
0
0
0
0
0
0
0
0
0
1
1
1
1
1
1
1
1
1
1
1
1
1
1
1
1
1
1
1
1
1
1
1
1
1
1
1
1
1
1
1
1
1
1
1
1
1
1
1
1
1
1
1
1
1
0
0
0
0
0
0
0
0
0
0
0
0
1
1
1
1
1
1
1
1
1
1
1
1
1
1
1
1
1
1
1
1
1
0
0
0
0
0
0
0
0
0
0
0
1
1
1
1
1
1
1
1
1
1
0
0
0
0
0
0
1
1
1
1
1
1
1
1
1
1
1
1
1
1
0
0
1
0
0
0
1
1
1
1
1
1
1
1
1
1
1
1
1
1
1
1
1
1
1
1
1
1
1
1
1
1
1
1
1
1
1
1
1
1
1
1
1
1
1
1
1
1
1
1
1
1
1
1
1
1
1
1
1
1
1
1
1
1
1
1
1
1
1
1
1
1
1
1
1
1
1
1
1
1
1
1
1
1
1
1
1
1
1
1
1
1
1
1
1
1
1
1
1
1
1
1
1
1
1
1
1
1
1
1
1
1
1
1
1
1
1
1
1
1
1
1
1
1
0
0
0
0
0
0
0
0
0
0
0
0
0
0
0
0
0
0
1
1
1
1
1
1
1
1
1
1
1
1
1
1
1
1
1
1
1
1
1
1
0
0
0
0
0
0
0
0
0
0
0
0
0
0
0
0
0
0
1
1
1
1
1
1
1
1
1
1
1
1
0
0
0
0
0
0
0
0
0
1
1
1
1
1
1
1
1
1
1
1
1
1
1
1
1
0
0
0
0
0
0
0
0
0
1
1
1
1
1
1
1
1
1
1
1
1
1
1
1
1
1
1
1
1
1
1
1
1
1
1
1
1
1
1
1
1
1
1
1
1
1
1
1
1
1
1
1
1
1
1
1
1
1
1
1
1
1
1
1
1
1
1
1
1
1
1
1
1
1
1
1
1
1
1
1
1
1
1
1
1
1
1
1
1
1
1
1
1
1
1
1
1
1
1
1
1
1
1
1
1
1
1
1
1
1
1
1
1
1
1
1
1
1
1
1
1
1
1
1
1
1
1
1
1
1
1
1
1
1
1
1
1
1
1
1
1
1
1
1
1
1
1
1
1
1
1
1
1
1
1
0
0
0
0
0
0
0
0
0
0
0
0
0
0
0
0
0
0
0
0
0
0
0
0
0
0
0
0
0
0
0
0
0
0
0
0
0
0
0
0
0
0
0
0
0
0
0
0
0
0
0
0
0
0
0
0
0
0
0
0
0
0
0
0
0
0
0
0
0
0
0
0
0
0
0
0
0
0
0
0
0
0
0
0
0
0
0
0
0
0
0
0
0
0
0
0
0
0
0
0
0
0
0
0
0
0
0
0
0
0
0
0
0
0
0
0
0
0
0
0
0
0
0
0
0
0
0
0
0
0
0
0
0
0
0
0
0
0
0
0
0
0
0
0
0
0
0
0
0
0
0
0
0
0
0
0
0
0
0
0
0
0
0
0
0
0
0
0
0
0
0
0
0
0
0
0
0
0
0
0
0
0
0
0
0
0
0
0
0
0
0
0
0
0
0
0
0
0
0
0
0
0
0
0
0
0
0
0
0
0
0
0
0
0
0
0
0
0
0
0
0
0
0
0
0
0
0
0
0
0
0
0
0
0
0
0
0
0
0
0
0
0
0
0
0
0
0
0
0
0
0
0
0
0
0
0
0
0
0
0
0
0
0
0
0
0
0
0
0
0
0
0
0
0
0
0
0
0
0
0
0
0
0
0
0
0
0
0
0
0
0
0
0
0
0
0
0
0
0
0
0
0
0
0
0
0
0
0
0
0
0
0
0
0
0
0
0
0
0
0
0
0
0
0
0
0
0
0
0
0
0
0
0
0
0
0
0
0
0
0
0
0
0
0
0
0
0
0
0
0
0
0
0
0
0
0
0
0
0
0
0
0
0
0
0
0
0
0
0
0
0
0
0
0
0
0
0
0
0
0
0
0
0
0
0
0
0
0
0
0
0
0
0
0
0
0
0
0
0
0
0
0
0
0
0
0
0
0
0
0
0
0
0
0
0
0
0
0
0
0
0
0
0
0
0
0
0
0
0
0
0
0
0
0
0
0
0
0
0
0
0
0
0
0
0
0
0
0
0
0
0
0
0
0
0
0
0
0
0
0
0
0
0
0
0
0
0
0
0
0
0
0
0
0
0
0
0
0
0
0
0
0
0
0
0
0
0
0
0
0
0
0
0
0
0
0
0
0
0
0
0
0
0
0
0
0
0
0
0
0
0
0
0
0
0
0
0
0
0
0
0
0
0
0
0
0
0
0
0
0
0
0
0
0
0
0
0
0
0
0
0
0
0
0
0
0
0
0
0
0
0
0
0
0
0
0
0
0
0
0
0
0
0
0
0
0
0
0
0
0
0
0
0
0
0
0
0
0
0
0
0
0
0
0
0
0
0
0
0
0
0
0
0
0
0
0
0
0
0
0
0
0
0
0
0
0
0
0
0
0
0
0
0
0
0
0
0
0
0
0
0
0
0
0
0
0
0
0
0
0
0
0
0
0
0
0
0
0
0
0
0
0
0
0
0
0
0
0
0
0
0
0
0
0
0
0
0
0
0
0
0
0
0
0
0
0
0
0
0
0
0
0
0
0
0
0
0
0
0
0
0
0
0
0
0
0
0
0
0
0
0
0
0
0
0
0
0
0
0
0
0
0
0
0
0
0
0
0
0
0
0
0
0
0
0
0
0
0
0
0
0
0
0
0
0
0
0
0
0
0
0
0
0
0
0
0
0
0
0
0
0
0
0
0
0
0
0
0
0
0
0
0
0
0
0
0
0
0
0
0
0
0
0
0
0
0
0
0
0
0
0
0
0
0
0
0
0
0
0
0
0
0
0
0
0
0
0
0
0
0
0
0
0
0
0
0
0
0
0
0
0
0
0
0
0
0
0
0
0
0
0
0
0
0
0
0
0
0
0
0
0
0
0
0
0
0
0
0
0
0
0
0
0
0
0
0
0
0
0
0
0
0
0
0
0
0
0
0
0
0
0
0
0
0
0
0
0
0
0
0
0
0
0
0
0
0
0
0
0
0
0
0
0
0
0
0
0
0
0
0
0
0
0
0
0
0
0
0
0
0
0
0
0
0
0
0
0
0
0
0
0
0
0
0
0
0
0
0
0
0
0
0
0
0
0
0
0
0
0
0
0
0
0
0
0
0
0
0
0
0
0
0
0
0
0
0
0
0
0
0
0
0
0
0
0
0
0
0
0
0
0
0
0
0
0
0
0
0
0
0
0
0
0
0
0
0
0
0
0
0
0
0
0
0
0
0
0
0
0
0
0
0
0
0
0
0
0
0
0
0
0
0
0
0
0
0
0
0
0
0
0
0
0
0
0
0
0
0
0
0
0
0
0
0
0
0
0
0
0
0
0
0
0
0
0
0
0
0
0
0
0
0
0
0
0
0
0
0
0
0
0
0
0
0
0
0
0
0
0
0
0
0
0
0
0
0
0
0
0
0
0
0
0
0
0
0
0
0
0
0
0
0
0
0
0
0
0
0
0
0
0
0
0
0
0
0
0
0
0
0
0
0
0
0
0
0
0
0
0
0
0
0
0
0
0
0
0
0
0
0
0
0
0
0
0
0
0
0
0
0
0
0
0
0
0
0
0
0
0
0
0
0
0
0
0
0
0
0
0
0
0
0
0
0
0
0
0
0
0
0
0
0
0
0
0
0
0
0
0
0
0
0
0
0
0
0
0
0
0
0
0
0
0
0
0
0
0
0
0
0
0
0
0
0
0
0
0
0
0
0
0
0
0
0
0
0
0
0
0
0
0
0
0
0
0
0
0
0
0
0
0
0
0
0
0
0
0
0
0
0
0
0
0
0
0
0
0
0
0
0
0
0
0
0
0
0
0
0
0
0
0
0
0
0
0
0
0
0
0
0
0
0
0
0
0
0
0
0
0
0
0
0
0
0
0
0
0
0
0
0
0
0
0
0
0
0
0
0
0
0
0
0
0
0
0
0
0
0
0
0
0
0
0
0
0
0
0
0
0
0
0
0
0
0
0
0
0
0
0
0
0
0
0
0
0
0
0
0
0
0
0
0
0
0
0
0
0
0
0
0
0
0
0
0
0
0
0
0
0
0
0
0
0
0
0
0
0
0
0
0
0
0
0
0
0
0
0
0
0
0
0
0
0
0
0
0
0
0
0
0
0
0
0
0
0
0
0
0
0
0
0
0
0
0
0
0
0
0
0
0
0
0
0
0
0
0
0
0
0
0
0
0
0
0
0
0
0
0
0
0
0
0
0
0
0
0
0
0
0
0
0
0
0
0
0
0
0
0
0
0
0
0
0
0
0
0
0
0
0
0
0
0
0
0
0
0
0
0
0
0
0
0
0
0
0
0
0
0
0
0
0
0
0
0
0
0
0
0
0
0
0
0
0
0
0
0
0
0
0
0
0
0
0
0
0
0
0
0
0
0
0
0
0
0
0
0
0
0
0
0
0
0
0
0
0
0
0
0
0
0
0
0
0
0
0
0
0
0
0
0
0
0
0
0
0
0
0
0
0
0
0
0
0
0
0
0
0
0
0
0
0
0
0
0
0
0
0
0
0
0
0
0
0
0
0
0
0
0
0
0
0
0
0
0
0
0
0
0
0
0
0
0
0
0
0
0
0
0
0
0
0
0
0
0
0
0
0
0
0
0
0
0
0
0
0
0
0
0
0
0
0
0
0
0
0
0
0
0
0
0
0
0
0
0
0
0
0
0
0
0
0
0
0
0
0
0
0
0
0
0
0
0
0
0
0
0
0
0
0
0
0
0
0
0
0
0
0
0
0
0
0
0
0
0
0
0
0
0
0
0
0
0
0
0
0
0
0
0
0
0
0
0
0
0
0
0
0
0
0
0
0
0
0
0
0
0
0
0
0
0
0
0
0
0
0
0
0
0
0
0
0
0
0
0
0
0
0
0
0
0
0
0
0
0
0
0
0
0
0
0
0
0
0
0
0
0
0
0
0
0
0
0
0
0
0
0
0
0
0
0
0
0
0
0
0
0
0
0
0
0
0
0
0
0
0
0
0
0
0
0
0
0
0
0
0
0
0
0
0
0
0
0
0
0
0
0
0
0
0
0
0
0
0
0
0
0
0
0
0
0
0
0
0
0
0
0
0
0
0
0
0
0
0
0
0
0
0
0
0
0
0
0
0
0
0
0
0
0
0
0
0
0
0
0
0
0
0
0
0
0
0
0
0
0
0
0
0
0
0
0
0
0
0
0
0
0
0
0
0
0
0
0
0
0
0
0
0
0
0
0
0
0
0
0
0
0
0
0
0
0
0
0
0
0
0
0
0
0
0
0
0
0
0
0
0
0
0
0
0
0
0
0
0
0
0
0
0
0
0
0
0
0
0
0
0
0
0
0
0
0
0
0
0
0
0
0
0
0
0
0
0
0
0
0
0
0
0
0
0
0
0
0
0
0
0
0
0
0
0
0
0
0
0
0
0
0
0
0
0
0
0
0
0
0
0
0
0
0
0
0
0
0
0
0
0
0
0
0
0
0
0
0
0
0
0
0
0
0
0
0
0
0
0
0
0
0
0
0
0
0
0
0
0
0
0
0
0
0
0
0
0
0
0
0
0
0
0
0
0
0
0
0
0
0
0
0
0
0
0
0
0
0
0
0
0
0
0
0
0
0
0
0
0
0
0
0
0
0
0
0
0
0
0
0
0
0
0
0
0
0
0
0
0
0
0
0
0
0
0
0
0
0
0
0
0
0
0
0
0
0
0
0
0
0
0
0
0
0
0
0
0
0
0
0
0
0
0
0
0
0
0
0
0
0
0
0
0
0
0
0
0
0
0
0
0
0
0
0
0
0
0
0
0
0
0
0
0
0
0
0
0
0
0
0
0
0
0
0
0
0
0
0
0
0
0
0
0
0
0
0
0
0
0
0
0
0
0
0
0
0
0
0
0
0
0
0
0
0
0
0
0
0
0
0
0
0
0
0
0
0
0
0
0
0
0
0
0
0
0
0
0
0
0
0
0
0
0
0
0
0
0
0
0
0
0
0
0
0
0
0
0
0
0
0
0
0
0
0
0
0
0
0
0
0
0
0
0
0
0
0
0
0
0
0
0
0
0
0
0
0
0
0
0
0
0
0
0
0
0
0
0
0
0
0
0
0
0
0
0
0
0
0
0
0
0
0
0
0
0
0
0
0
0
0
0
0
0
0
0
0
0
0
0
0
0
0
0
0
0
0
0
0
0
0
0
0
0
0
0
0
0
0
0
0
0
0
0
0
0
0
0
0
0
0
0
0
0
0
0
0
0
0
0
0
0
0
0
0
0
0
0
0
0
0
0
0
0
0
0
0
0
0
0
0
0
0
0
0
0
0
0
0
0
0
0
0
0
0
0
0
0
0
0
0
0
0
0
0
0
0
0
0
0
0
0
0
0
0
0
0
0
0
0
0
0
0
0
0
0
0
0
0
0
0
0
0
0
0
0
0
0
0
0
0
0
0
0
0
0
0
0
0
0
0
0
0
0
0
0
0
0
0
0
0
0
0
0
0
0
0
0
0
0
0
0
0
0
0
0
0
0
0
0
0
0
0
0
0
0
0
0
0
0
0
0
0
0
0
0
0
0
0
0
0
0
0
0
0
0
0
0
0
0
0
0
0
0
0
0
0
0
0
0
0
0
0
0
0
0
0
0
0
0
0
0
0
0
0
0
0
0
0
0
0
0
0
0
0
0
0
0
0
0
0
0
0
0
0
0
0
0
0
0
0
0
0
0
0
0
0
0
0
0
0
0
0
0
0
0
0
0
0
0
0
0
0
0
0
0
0
0
0
0
0
0
0
0
0
0
0
0
0
0
0
0
0
0
0
0
0
0
0
0
0
0
0
0
0
0
0
0
0
0
0
0
0
0
0
0
0
0
0
0
0
0
0
0
0
0
0
0
0
0
0
0
0
0
0
0
0
0
0
0
0
0
0
0
0
0
0
0
0
0
0
0
0
0
0
0
0
0
0
0
0
0
0
0
0
0
0
0
0
0
0
0
0
0
0
0
0
0
0
0
0
0
0
0
0
0
0
0
0
0
0
0
0
0
0
0
0
0
0
0
0
0
0
0
0
0
0
0
0
0
0
0
0
0
0
0
0
0
0
0
0
0
0
0
0
0
0
0
0
0
0
0
0
0
0
0
0
0
0
0
0
0
0
0
0
0
0
0
0
0
0
0
0
0
0
0
0
0
0
0
0
0
0
0
0
0
0
0
0
0
0
0
0
0
0
0
0
0
0
0
0
0
0
0
0
0
0
0
0
0
0
0
0
0
0
0
0
0
0
0
0
0
0
0
0
0
0
0
0
0
0
0
0
0
0
0
0
0
0
0
0
0
0
0
0
0
0
0
0
0
0
0
0
0
0
0
0
0
0
0
0
0
0
0
0
0
0
0
0
0
0
0
0
0
0
0
0
0
0
0
0
0
0
0
0
0
0
0
0
0
0
0
0
0
0
0
0
0
0
0
0
0
0
0
0
0
0
0
0
0
0
0
0
0
0
0
0
0
0
0
0
0
0
0
0
0
0
0
0
0
0
0
0
0
0
0
0
0
0
0
0
0
0
0
0
0
0
0
0
0
0
0
0
0
0
0
0
0
0
0
0
0
0
0
0
0
0
0
0
0
0
0
0
0
0
0
0
0
0
0
0
0
0
0
0
0
0
0
0
0
0
0
0
0
0
0
0
0
0
0
0
0
0
0
0
0
0
0
0
0
0
0
0
0
0
0
0
0
0
0
0
0
0
0
0
0
0
0
0
0
0
0
0
0
0
0
0
0
0
0
0
0
0
0
0
0
0
0
0
0
0
0
0
0
0
0
0
0
0
0
0
0
0
0
0
0
0
0
0
0
0
0
0
0
0
0
0
0
0
0
0
0
0
0
0
0
0
0
0
0
0
0
0
0
0
0
0
0
0
0
0
0
0
0
0
0
0
0
0
0
0
0
0
0
0
0
0
0
0
0
0
0
0
0
0
0
0
0
0
0
0
0
0
0
0
0
0
0
0
0
0
0
0
0
0
0
0
0
0
0
0
0
0
0
0
0
0
0
0
0
0
0
0
0
0
0
0
0
0
0
0
0
0
0
0
0
0
0
0
0
0
0
0
0
0
0
0
0
0
0
0
0
0
0
0
0
0
0
0
0
0
0
0
0
0
0
0
0
0
0
0
0
0
0
0
0
0
0
0
0
0
0
0
0
0
0
0
0
0
0
0
0
0
0
0
0
0
0
0
0
0
0
0
0
0
0
0
0
0
0
0
0
0
0
0
0
0
0
0
0
0
0
0
0
0
0
0
0
0
0
0
0
0
0
0
0
0
0
0
0
0
0
0
0
0
0
0
0
0
0
0
0
0
0
0
0
0
0
0
0
0
0
0
0
0
0
0
0
0
0
0
0
0
0
0
0
0
0
0
0
0
0
0
0
0
0
0
0
0
0
0
0
0
0
0
0
0
0
0
0
0
0
0
0
0
0
0
0
0
0
0
0
0
0
0
0
0
0
0
0
0
0
0
SCALARS low_neighbor_flag float 1
LOOKUP_TABLE default
0
0
0
0
0
0
0
0
0
0
0
0
0
0
0
0
0
0
0
0
0
0
0
0
0
0
0
0
0
0
0
0
0
0
0
0
0
0
0
0
0
0
0
0
0
0
0
0
0
0
0
0
0
0
0
0
0
0
0
0
0
0
0
0
0
0
0
0
0
0
0
0
0
0
0
0
0
0
0
0
0
0
0
0
0
0
0
0
0
0
0
0
0
0
0
0
0
0
0
0
0
0
0
0
0
0
0
0
0
0
0
0
0
0
0
0
0
0
0
0
0
0
0
0
0
0
0
0
0
0
0
0
0
0
0
0
0
0
0
0
0
0
0
0
0
0
0
0
0
0
0
0
0
0
0
0
0
0
0
0
0
0
0
0
0
0
0
0
0
0
0
0
0
0
0
0
0
0
0
0
0
0
0
0
0
0
0
0
0
0
0
0
0
0
0
0
0
0
0
0
0
0
0
0
0
0
0
0
0
0
0
0
0
0
0
0
0
0
0
0
0
0
0
0
0
0
0
0
0
0
0
0
0
0
0
0
0
0
0
0
0
0
0
0
0
0
0
0
0
0
0
0
0
0
0
0
0
0
0
0
0
0
0
0
0
0
0
0
0
0
0
0
0
0
0
0
0
0
0
0
0
0
0
0
0
0
0
0
0
0
0
0
0
0
0
0
0
0
0
0
0
0
0
0
0
0
0
0
0
0
0
0
0
0
0
0
0
0
0
0
0
0
0
0
0
0
0
0
0
0
0
0
0
0
0
0
0
0
0
0
0
0
0
0
0
0
0
0
0
0
0
0
0
0
0
0
0
0
0
0
0
0
0
0
0
0
0
0
0
0
0
0
0
0
0
0
0
0
0
0
0
0
0
0
0
0
0
0
0
0
0
0
0
0
0
0
0
0
0
0
0
0
0
0
0
0
0
0
0
0
0
0
0
0
0
0
0
0
0
0
0
0
0
0
0
0
0
0
0
0
0
0
0
0
0
0
0
0
0
0
0
0
0
0
0
0
0
0
0
0
0
0
0
0
0
0
0
0
0
0
0
0
0
0
0
0
0
0
0
0
0
0
0
0
0
0
0
0
0
0
0
0
0
0
0
0
0
0
0
0
0
0
0
0
0
0
0
0
0
0
0
0
0
0
0
0
0
0
0
0
0
0
0
0
0
0
0
0
0
0
0
0
0
0
0
0
0
0
0
0
0
0
0
0
0
0
0
0
0
0
0
0
0
0
0
0
0
0
0
0
0
0
0
0
0
0
0
0
0
0
0
0
0
0
0
0
0
0
0
0
0
0
0
0
0
0
0
0
0
0
0
0
0
0
0
0
0
0
0
0
0
0
0
0
0
0
0
0
0
0
0
0
0
0
0
0
0
0
0
0
0
0
0
0
0
0
0
0
0
0
0
0
0
0
0
0
0
0
0
0
0
0
0
0
0
0
0
0
0
0
0
0
0
0
0
0
0
0
0
0
0
0
0
0
0
0
0
0
0
0
0
0
0
0
0
0
0
0
0
0
0
0
0
0
0
0
0
0
0
0
0
0
0
0
0
0
0
0
0
0
0
0
0
0
0
0
0
0
0
0
0
0
0
0
0
0
0
0
0
0
0
0
0
0
0
0
0
0
0
0
0
0
0
0
0
0
0
0
0
0
0
0
0
0
0
0
0
0
0
0
0
0
0
0
0
0
0
0
0
0
0
0
0
0
0
0
0
0
0
0
0
0
0
0
0
0
0
0
0
0
0
0
0
0
0
0
0
0
0
0
0
0
0
0
0
0
0
0
0
0
0
0
0
0
0
0
0
0
0
0
0
0
0
0
0
0
0
0
0
0
0
0
0
0
0
0
0
0
0
0
0
0
0
0
0
0
0
0
0
0
0
0
0
0
0
0
0
0
0
0
0
0
0
0
0
0
0
0
0
0
0
0
0
0
0
0
0
0
0
0
0
0
0
0
0
0
0
0
0
0
0
0
0
0
0
0
0
0
0
0
0
0
0
0
0
0
0
0
0
0
0
0
0
0
0
0
0
0
0
0
0
0
0
0
0
0
0
0
0
0
0
0
0
0
0
0
0
0
0
0
0
0
0
0
0
0
0
0
0
0
0
0
0
0
0
0
0
0
0
0
0
0
0
0
0
0
0
0
0
0
0
0
0
0
0
0
0
0
0
0
0
0
0
0
0
0
0
0
0
0
0
0
0
0
0
0
0
0
0
0
0
0
0
0
0
0
0
0
0
0
0
0
0
0
0
0
0
0
0
0
0
0
0
0
0
0
0
0
0
0
0
0
0
0
0
0
0
0
0
0
0
0
0
0
0
0
0
0
0
0
0
0
0
0
0
0
0
0
0
0
0
0
0
0
0
0
0
0
0
0
0
0
0
0
0
0
0
0
0
0
0
0
0
0
0
0
0
0
0
0
0
0
0
0
0
0
0
0
0
0
0
0
0
0
0
0
0
0
0
0
0
0
0
0
0
0
0
0
0
0
0
0
0
0
0
0
0
0
0
0
0
0
0
0
0
0
0
0
0
0
0
0
0
0
0
0
0
0
0
0
0
0
0
0
0
0
0
0
0
0
0
0
0
0
0
0
0
0
0
0
0
0
0
0
0
0
0
0
0
0
0
0
0
0
0
0
0
0
0
0
0
0
0
0
0
0
0
0
0
0
0
0
0
0
0
0
0
0
0
0
0
0
0
0
0
0
0
0
0
0
0
0
0
0
0
0
0
0
0
0
0
0
0
0
0
0
0
0
0
0
0
0
0
0
0
0
0
0
0
0
0
0
0
0
0
0
0
0
0
0
0
0
0
0
0
0
0
0
0
0
0
0
0
0
0
0
0
0
0
0
0
0
0
0
0
0
0
0
0
0
0
0
0
0
0
0
0
0
0
0
0
0
0
0
0
0
0
0
0
0
0
0
0
0
0
0
0
0
0
0
0
0
0
0
0
0
0
0
0
0
0
0
0
0
0
0
0
0
0
0
0
0
0
0
0
0
0
0
0
0
0
0
0
0
0
0
0
0
0
0
0
0
0
0
0
0
0
0
0
0
0
0
0
0
0
0
0
0
0
0
0
0
0
0
0
0
0
0
0
0
0
0
0
0
0
0
0
0
0
0
0
0
0
0
0
0
0
0
0
0
0
0
0
0
0
0
0
0
0
0
0
0
0
0
0
0
0
0
0
0
0
0
0
0
0
0
0
0
0
0
0
0
0
0
0
0
0
0
0
0
0
0
0
0
0
0
0
0
0
0
0
0
0
0
0
0
0
0
0
0
0
0
0
0
0
0
0
0
0
0
0
0
0
0
0
0
0
0
0
0
0
0
0
0
0
0
0
0
0
0
0
0
0
0
0
0
0
0
0
0
0
0
0
0
0
0
0
0
0
0
0
0
0
0
0
0
0
0
0
0
0
0
0
0
0
0
0
0
0
0
0
0
0
0
0
0
0
0
0
0
0
0
0
0
0
0
0
0
0
0
0
0
0
0
0
0
0
0
0
0
0
0
0
0
0
0
0
0
0
0
0
0
0
0
0
0
0
0
0
0
0
0
0
0
0
0
0
0
0
0
0
0
0
0
0
0
0
0
0
0
0
0
0
0
0
0
0
0
0
0
0
0
0
0
0
0
0
0
0
0
0
0
0
0
0
0
0
0
0
0
0
0
0
0
0
0
0
0
0
0
0
0
0
0
0
0
0
0
0
0
0
0
0
0
0
0
0
0
0
0
0
0
0
0
0
0
0
0
0
0
0
0
0
0
0
0
0
0
0
0
0
0
0
0
0
0
0
0
0
0
0
0
0
0
0
0
0
0
0
0
0
0
0
0
0
0
0
0
0
0
0
0
0
0
0
0
0
0
0
0
0
0
0
0
0
0
0
0
0
0
0
0
0
0
0
0
0
0
0
0
0
0
0
0
0
0
0
0
0
0
0
0
0
0
0
0
0
0
0
0
0
0
0
0
0
0
0
0
0
0
0
0
0
0
0
0
0
0
0
0
0
0
0
0
0
0
0
0
0
0
0
0
0
0
0
0
0
0
0
0
0
0
0
0
0
0
0
0
0
0
0
0
0
0
0
0
0
0
0
0
0
0
0
0
0
0
0
0
0
0
0
0
0
0
0
0
0
0
0
0
0
0
0
0
0
0
0
0
0
0
0
0
0
0
0
0
0
0
0
0
0
0
0
0
0
0
0
0
0
0
0
0
0
0
0
0
0
0
0
0
0
0
0
0
0
0
0
0
0
0
0
0
0
0
0
0
0
0
0
0
0
0
0
0
0
0
0
0
0
0
0
0
0
0
0
0
0
0
0
0
0
0
0
0
0
0
0
0
0
0
0
0
0
0
0
0
0
0
0
0
0
0
0
0
0
0
0
0
0
0
0
0
0
0
0
0
0
0
0
0
0
0
0
0
0
0
0
0
0
0
0
0
0
0
0
0
0
0
0
0
0
0
0
0
0
0
0
0
0
0
0
0
0
0
0
0
0
0
0
0
0
0
0
0
0
0
0
0
0
0
0
0
0
0
0
0
0
0
0
0
0
0
0
0
0
0
0
0
0
0
0
0
0
0
0
0
0
0
0
0
0
0
0
0
0
0
0
0
0
0
0
0
0
0
0
0
0
0
0
0
0
0
0
0
0
0
0
0
0
0
0
0
0
0
0
0
0
0
0
0
0
0
0
0
0
0
0
0
0
0
0
0
0
0
0
0
0
0
0
0
0
0
0
0
0
0
0
0
0
0
0
0
0
0
0
0
0
0
0
0
0
0
0
0
0
0
0
0
0
0
0
0
0
0
0
0
0
0
0
0
0
0
0
0
0
0
0
0
0
0
0
0
0
0
0
0
0
0
0
0
0
0
0
0
0
0
0
0
0
0
0
0
0
0
0
0
0
0
0
0
0
0
0
0
0
0
0
0
0
0
0
0
0
0
0
0
0
0
0
0
0
0
0
0
0
0
0
0
0
0
0
0
0
0
0
0
0
0
0
0
0
0
0
0
0
0
0
0
0
0
0
0
0
0
0
0
0
0
0
0
0
0
0
0
0
0
0
0
0
0
0
0
0
0
0
0
0
0
0
0
0
0
0
0
0
0
0
0
0
0
0
0
0
0
0
0
0
0
0
0
0
0
0
0
0
0
0
0
0
0
0
0
0
0
0
0
0
0
0
0
0
0
0
0
0
0
0
0
0
0
0
0
0
0
0
0
0
0
0
0
0
0
0
0
0
0
0
0
0
0
0
0
0
0
0
0
0
0
0
0
0
0
0
0
0
0
0
0
0
0
0
0
0
0
0
0
0
0
0
0
0
0
0
0
0
0
0
0
0
0
0
0
0
0
0
0
0
0
0
0
0
0
0
0
0
0
0
0
0
0
0
0
0
0
0
0
0
0
0
0
0
0
0
0
0
0
0
0
0
0
0
0
0
0
0
0
0
0
0
0
0
0
0
0
0
0
0
0
0
0
0
0
0
0
0
0
0
0
0
0
0
0
0
0
0
0
0
0
0
0
0
0
0
0
0
0
0
0
0
0
0
0
0
0
0
0
0
0
0
0
0
0
0
0
0
0
0
0
0
0
0
0
0
0
0
0
0
0
0
0
0
0
0
0
0
0
0
0
0
0
0
0
0
0
0
0
0
0
0
0
0
0
0
0
0
0
0
0
0
0
0
0
0
0
0
0
0
0
0
0
0
0
0
0
0
0
0
0
0
0
0
0
0
0
0
0
0
0
0
0
0
0
0
0
0
0
0
0
0
0
0
0
0
0
0
0
0
0
0
0
0
0
0
0
0
0
0
0
0
0
0
0
0
0
0
0
0
0
0
0
0
0
0
0
0
0
0
0
0
0
0
0
0
0
0
0
0
0
0
0
0
0
0
0
0
0
0
0
0
0
0
0
0
0
0
0
0
0
0
0
0
0
0
0
0
0
0
0
0
0
0
0
0
0
0
0
0
0
0
0
0
0
0
0
0
0
0
0
0
0
0
0
0
0
0
0
0
0
0
0
0
0
0
0
0
0
0
0
0
0
0
0
0
0
0
0
0
0
0
0
0
0
0
0
0
0
0
0
0
0
0
0
0
0
0
0
0
0
0
0
0
0
0
0
0
0
0
0
0
0
0
0
0
0
0
0
0
0
0
0
0
0
0
0
0
0
0
0
0
0
0
0
0
0
0
0
0
0
0
0
0
0
0
0
0
0
0
0
0
0
0
0
0
0
0
0
0
0
0
0
0
0
0
0
0
0
0
0
0
0
0
0
0
0
0
0
0
0
0
0
0
0
0
0
0
0
0
0
0
0
0
0
0
0
0
0
0
0
0
0
0
0
0
0
0
0
0
0
0
0
0
0
0
0
0
0
0
0
0
0
0
0
0
0
0
0
0
0
0
0
0
0
0
0
0
0
0
0
0
0
0
0
0
0
0
0
0
0
0
0
0
0
0
0
0
0
0
0
0
0
0
0
0
0
0
0
0
0
0
0
0
0
0
0
0
0
0
0
0
0
0
0
0
0
0
0
0
0
0
0
0
0
0
0
0
0
0
0
0
0
0
0
0
0
0
0
0
0
0
0
0
0
0
0
0
0
0
0
0
0
0
0
0
0
0
0
0
0
0
0
0
0
0
0
0
0
0
0
0
0
0
0
0
0
0
0
0
0
0
0
0
0
0
0
0
0
0
0
0
0
0
0
0
0
0
0
0
0
0
0
0
0
0
0
0
0
0
0
0
0
0
0
0
0
0
0
0
0
0
0
0
0
0
0
0
0
0
0
0
0
0
0
0
0
0
0
0
0
0
0
0
0
0
0
0
0
0
0
0
0
0
0
0
0
0
0
0
0
0
0
0
0
0
0
0
0
0
0
0
0
0
0
0
0
0
0
0
0
0
0
0
0
0
0
0
0
0
0
0
0
0
0
0
0
0
0
0
0
0
0
0
0
0
0
0
0
0
0
0
0
0
0
0
0
0
0
0
0
0
0
0
0
0
0
0
0
0
0
0
0
0
0
0
0
0
0
0
0
0
0
0
0
0
0
0
0
0
0
0
0
0
0
0
0
0
0
0
0
0
0
0
0
0
0
0
0
0
0
0
0
0
0
0
0
0
0
0
0
0
0
0
0
0
0
0
0
0
0
0
0
0
0
0
0
0
0
0
0
0
0
0
0
0
0
0
0
0
0
0
0
0
0
0
0
0
0
0
0
0
0
0
0
0
0
0
0
0
0
0
0
0
0
0
0
0
0
0
0
0
0
0
0
0
0
0
0
0
0
0
0
0
0
0
0
0
0
0
0
0
0
0
0
0
0
0
0
0
0
0
0
0
0
0
0
0
0
0
0
0
0
0
0
0
0
0
0
0
0
0
0
0
0
0
0
0
0
0
0
0
0
0
0
0
0
0
0
0
0
0
0
0
0
0
0
0
0
0
0
0
0
0
0
0
0
0
0
0
0
0
0
0
0
0
0
0
0
0
0
0
0
0
0
0
0
0
0
0
0
0
0
0
0
0
0
0
0
0
0
0
0
0
0
0
0
0
0
0
0
0
0
0
0
0
0
0
0
0
0
0
0
0
0
0
0
0
0
0
0
0
0
0
0
0
0
0
0
0
0
0
0
0
0
0
0
0
0
0
0
0
0
0
0
0
0
0
0
0
0
0
0
0
0
0
0
0
0
0
0
0
0
0
0
0
0
0
0
0
0
0
0
0
0
0
0
0
0
0
0
0
0
0
0
0
0
0
0
0
0
0
0
0
0
0
0
0
0
0
0
0
0
0
0
0
0
0
0
0
0
0
0
0
0
0
0
0
0
0
0
0
0
0
0
0
0
0
0
0
0
0
0
0
0
0
0
0
0
0
0
0
0
0
0
0
0
0
0
0
0
0
0
0
0
0
0
0
0
0
0
0
0
0
0
0
0
0
0
0
0
0
0
0
0
0
0
0
0
0
0
0
0
0
0
0
0
0
0
0
0
0
0
0
0
0
0
0
0
0
0
0
0
0
0
0
0
0
0
0
0
0
0
0
0
0
0
0
0
0
0
0
0
0
0
0
0
0
0
0
0
0
0
0
0
0
0
0
0
0
0
0
0
0
0
0
0
0
0
0
0
0
0
0
0
0
0
0
0
0
0
0
0
0
0
0
0
0
0
0
0
0
0
0
0
0
0
0
0
0
0
0
0
0
0
0
0
0
0
0
0
0
0
0
0
0
0
0
0
0
0
0
0
0
0
0
0
0
0
0
0
0
0
0
0
0
0
0
0
0
0
0
0
0
0
0
0
0
0
0
0
0
0
0
0
0
0
0
0
0
0
0
0
0
0
0
0
0
0
0
0
0
0
0
0
0
0
0
0
0
0
0
0
0
0
0
0
0
0
0
0
0
0
0
0
0
0
0
0
0
0
0
0
0
0
0
0
0
0
0
0
0
0
0
0
0
0
0
0
0
0
0
0
0
0
0
0
0
0
0
0
0
0
0
0
0
0
0
0
0
0
0
0
0
0
0
0
0
0
0
0
0
0
0
0
0
0
0
0
0
0
0
0
0
0
0
0
0
0
0
0
0
0
0
0
0
0
0
0
0
0
0
0
0
0
0
0
0
0
0
0
0
0
0
0
0
0
0
0
0
0
0
0
0
0
0
0
0
0
0
0
0
0
0
0
0
0
0
0
0
0
0
0
0
0
0
0
0
0
0
0
0
0
0
0
0
0
0
0
0
0
0
0
0
0
0
0
0
0
0
0
0
0
0
0
0
0
0
0
0
0
0
0
0
0
0
0
0
0
0
0
0
0
0
0
0
0
0
0
0
0
0
0
0
0
0
0
0
0
0
0
0
0
0
0
0
0
0
0
0
0
0
0
0
0
0
0
0
0
0
0
0
0
0
0
0
0
0
0
0
0
0
0
0
0
0
0
0
0
0
0
0
0
0
0
0
0
0
0
0
0
0
0
0
0
0
0
0
0
0
0
0
0
0
0
0
0
0
0
0
0
0
0
0
0
0
0
0
0
0
0
0
0
0
0
0
0
0
0
0
0
0
0
0
0
0
0
0
0
0
0
0
0
0
0
0
0
0
0
0
0
0
0
0
0
0
0
0
0
0
0
0
0
0
0
0
0
0
0
0
0
0
0
0
0
0
0
0
0
0
0
0
0
0
0
0
0
0
0
0
0
0
0
0
0
0
0
0
0
0
0
0
0
0
0
0
0
0
0
0
0
0
0
0
0
0
0
0
0
0
0
0
0
0
0
0
0
0
0
0
0
0
0
0
0
0
0
0
0
0
0
0
0
0
0
0
0
0
0
0
0
0
0
0
0
0
0
0
0
0
0
0
0
0
0
0
0
0
0
0
0
0
0
0
0
0
0
0
0
0
0
0
0
0
0
0
0
0
0
0
0
0
0
0
0
0
0
0
0
0
0
0
0
0
0
0
0
0
0
0
0
0
0
0
0
0
0
0
0
0
0
0
0
0
0
0
0
0
0
0
0
0
0
0
0
0
0
0
0
0
0
0
0
0
0
0
0
0
0
0
0
0
0
0
0
0
0
0
0
0
0
0
0
0
0
0
0
0
0
0
0
0
0
0
0
0
0
0
0
0
0
0
0
0
0
0
0
0
0
0
0
0
0
0
0
0
0
0
0
0
0
0
0
0
0
0
0
0
0
0
0
0
0
0
0
0
0
0
0
0
0
0
0
0
0
0
0
0
0
0
0
0
0
0
0
0
0
0
0
0
0
0
0
0
0
0
0
0
0
0
0
0
0
0
0
0
0
0
0
0
0
0
0
0
0
0
0
0
0
0
0
0
0
0
0
0
0
0
0
0
0
0
0
0
0
0
0
0
0
0
0
0
0
0
0
0
0
0
0
0
0
0
0
0
0
0
0
0
0
0
0
0
0
0
0
0
0
0
0
0
0
0
0
0
0
0
0
0
0
0
0
0
0
0
0
0
0
0
0
0
0
0
0
0
0
0
0
0
0
0
0
0
0
0
0
0
0
0
0
0
0
0
0
0
0
0
0
0
0
0
0
0
0
0
0
0
0
0
0
0
0
0
0
0
0
0
0
0
0
0
0
0
0
0
0
0
0
0
0
0
0
0
0
0
0
0
0
0
0
SCALARS free_surface_score float 1
LOOKUP_TABLE default
0.75660105841933656
0.67378570554904038
0.67500075906452728
0.59999999999999998
0.62365444915449686
0.59999999999999998
0.60106775003025892
0.59999999999999998
0.62608330791086508
0.61020304384786594
0.60981106020122389
0.59999999999999998
0.59999999999999998
0.59999999999999998
0.61208145668213243
0.61282027806615069
0.61187497984425654
0.59999999999999998
0.59999999999999998
0.59999999999999998
0.59999999999999998
0.59999999999999998
0.59999999999999998
0.59999999999999998
0.59999999999999998
0.59999999999999998
0.59999999999999998
0.59999999999999998
0.59999999999999998
0.59999999999999998
0.59999999999999998
0.59999999999999998
0.60970521272252676
0.61059787210140726
0.62731530703489979
0.59999999999999998
0.59999999999999998
0.59999999999999998
0.67636113896713823
0.76185879471495466
0.59999999999999998
0.67991536805014674
0.59999999999999998
0.59999999999999998
0.59999999999999998
0.59999999999999998
0.59999999999999998
0.59999999999999998
0.59999999999999998
0.63238366196707196
0.59999999999999998
0.61681266545710045
0.59999999999999998
0.59999999999999998
0.59999999999999998
0.59999999999999998
0.62071380258120923
0.59999999999999998
0.67109864591667845
0.59999999999999998
0.75242353967682851
0.66907610676285956
0.59999999999999998
0.59999999999999998
0.59999999999999998
0.59999999999999998
0.59999999999999998
0.59999999999999998
0.59999999999999998
0.59999999999999998
0.59999999999999998
0.59999999999999998
0.59999999999999998
0.59999999999999998
0.59999999999999998
0.59999999999999998
0.59999999999999998
0.59999999999999998
0.59999999999999998
0.59999999999999998
0.59999999999999998
0.59999999999999998
0.59999999999999998
0.62066621144317302
0.60360145286775413
0.60190167964625541
0.59999999999999998
0.59999999999999998
0.59999999999999998
0.60323586106876514
0.60347630855385581
0.60245765700108111
0.59999999999999998
0.59999999999999998
0.59999999999999998
0.59999999999999998
0.59999999999999998
0.59999999999999998
0.59999999999999998
0.59999999999999998
0.59999999999999998
0.59999999999999998
0.59999999999999998
0.61662076297650681
0.6223347531567256
0.59999999999999998
0.63992631770949393
0.59999999999999998
0.59999999999999998
0.59999999999999998
0.60070972357172348
0.60305552813152963
0.622209626111352
0.59999999999999998
0.68462739941006945
0.6739633852287843
0.76146639903889834
0.67458218142756954
0.59999999999999998
0.59999999999999998
0.59999999999999998
0.59999999999999998
0.59999999999999998
0.59999999999999998
0.59999999999999998
0.59999999999999998
0.59999999999999998
0.59999999999999998
0.59999999999999998
0.59999999999999998
0.59999999999999998
0.59999999999999998
0.59999999999999998
0.59999999999999998
0.59999999999999998
0.59999999999999998
0.59999999999999998
0.59999999999999998
0.59999999999999998
0.59999999999999998
0.59999999999999998
0.59999999999999998
0.59999999999999998
0.59999999999999998
0.59999999999999998
0.59999999999999998
0.59999999999999998
0.59999999999999998
0.59999999999999998
0.62355903552220604
0.59999999999999998
0.59999999999999998
0.59999999999999998
0.59999999999999998
0.59999999999999998
0.59999999999999998
0.59999999999999998
0.59999999999999998
0.59999999999999998
0.59999999999999998
0.59999999999999998
0.59999999999999998
0.59999999999999998
0.59999999999999998
0.59999999999999998
0.59999999999999998
0.59999999999999998
0.59999999999999998
0.59999999999999998
0.59999999999999998
0.59999999999999998
0.59999999999999998
0.59999999999999998
0.59999999999999998
0.59999999999999998
0.59999999999999998
0.59999999999999998
0.59999999999999998
0.59999999999999998
0.59999999999999998
0.59999999999999998
0.59999999999999998
0.59999999999999998
0.59999999999999998
0.59999999999999998
0.59999999999999998
0.59999999999999998
0.59999999999999998
0.68622395433268546
0.59999999999999998
0.59999999999999998
0.59999999999999998
0.59999999999999998
0.59999999999999998
0.59999999999999998
0.59999999999999998
0.59999999999999998
0.59999999999999998
0.59999999999999998
0.59999999999999998
0.59999999999999998
0.59999999999999998
0.59999999999999998
0.59999999999999998
0.59999999999999998
0.59999999999999998
0.59999999999999998
0.59999999999999998
0.63964654615357652
0.59999999999999998
0.59999999999999998
0.59999999999999998
0.59999999999999998
0.59999999999999998
0.59999999999999998
0.59999999999999998
0.59999999999999998
0.59999999999999998
0.59999999999999998
0.59999999999999998
0.59999999999999998
0.60194705293452078
0.59999999999999998
0.59999999999999998
0.59999999999999998
0.59999999999999998
0.59999999999999998
0.59999999999999998
0.59999999999999998
0.59999999999999998
0.59999999999999998
0.59999999999999998
0.59999999999999998
0.59999999999999998
0.59999999999999998
0.59999999999999998
0.59999999999999998
0.59999999999999998
0.59999999999999998
0.59999999999999998
0.59999999999999998
0.59999999999999998
0.59999999999999998
0.59999999999999998
0.59999999999999998
0
0
0.59999999999999998
0.59999999999999998
0.59999999999999998
0
0
0
0.59999999999999998
0.59999999999999998
0.59999999999999998
0.59999999999999998
0.59999999999999998
0.59999999999999998
0.59999999999999998
0.59999999999999998
0.59999999999999998
0.59999999999999998
0.59999999999999998
0.59999999999999998
0.59999999999999998
0.59999999999999998
0.59999999999999998
0.59999999999999998
0.59999999999999998
0.59999999999999998
0.59999999999999998
0.59999999999999998
0.59999999999999998
0.59999999999999998
0.59999999999999998
0.59999999999999998
0.59999999999999998
0.59999999999999998
0.59999999999999998
0.59999999999999998
0.59999999999999998
0.59999999999999998
0.59999999999999998
0.59999999999999998
0.59999999999999998
0.59999999999999998
0.59999999999999998
0.59999999999999998
0.59999999999999998
0.59999999999999998
0.59999999999999998
0.59999999999999998
0.59999999999999998
0.59999999999999998
0.59999999999999998
0.59999999999999998
0
0
0.59999999999999998
0.59999999999999998
0.59999999999999998
0
0
0
0.59999999999999998
0.59999999999999998
0.59999999999999998
0.59999999999999998
0
0
0.59999999999999998
0.59999999999999998
0.59999999999999998
0
0
0
0.59999999999999998
0.59999999999999998
0.59999999999999998
0.59999999999999998
0.59999999999999998
0.59999999999999998
0.59999999999999998
0.61899010008384825
0.59999999999999998
0.59999999999999998
0.59999999999999998
0.59999999999999998
0.59999999999999998
0
0
0.59999999999999998
0.59999999999999998
0.59999999999999998
0.59999999999999998
0.59999999999999998
0.59999999999999998
0.59999999999999998
0.59999999999999998
0.59999999999999998
0.59999999999999998
0.59999999999999998
0.59999999999999998
0.61213080965844291
0.59999999999999998
0.59999999999999998
0.59999999999999998
0.59999999999999998
0.59999999999999998
0.59999999999999998
0.59999999999999998
0.59999999999999998
0.59999999999999998
0.61161654930781151
0.59999999999999998
0.59999999999999998
0.59999999999999998
0.59999999999999998
0.59999999999999998
0
0
0.59999999999999998
0.59999999999999998
0.59999999999999998
0.59999999999999998
0.59999999999999998
0.59999999999999998
0.59999999999999998
0.59999999999999998
0
0
0.59999999999999998
0.59999999999999998
0.59999999999999998
0.59999999999999998
0.59999999999999998
0.59999999999999998
0.59999999999999998
0.59999999999999998
0.59999999999999998
0.59999999999999998
0.59999999999999998
0.59999999999999998
0.59999999999999998
0.66905642500042939
0.59999999999999998
0.59999999999999998
0.59999999999999998
0.59999999999999998
0.59999999999999998
0.59999999999999998
0.59999999999999998
0.59999999999999998
0.59999999999999998
0.59999999999999998
0.59999999999999998
0.59999999999999998
0.59999999999999998
0.59999999999999998
0.59999999999999998
0.59999999999999998
0.59999999999999998
0.59999999999999998
0.59999999999999998
0.59999999999999998
0.59999999999999998
0.59999999999999998
0.59999999999999998
0.59999999999999998
0.59999999999999998
0.59999999999999998
0.59999999999999998
0.59999999999999998
0.59999999999999998
0.59999999999999998
0.59999999999999998
0.59999999999999998
0.59999999999999998
0.59999999999999998
0.59999999999999998
0.59999999999999998
0.59999999999999998
0.59999999999999998
0.59999999999999998
0.61573064110374987
0.59999999999999998
0.59999999999999998
0.59999999999999998
0.59999999999999998
0.59999999999999998
0.59999999999999998
0.59999999999999998
0.59999999999999998
0.59999999999999998
0.59999999999999998
0.59999999999999998
0.59999999999999998
0.59999999999999998
0.59999999999999998
0.59999999999999998
0.59999999999999998
0.59999999999999998
0.59999999999999998
0.59999999999999998
0.59999999999999998
0.59999999999999998
0.59999999999999998
0.59999999999999998
0.59999999999999998
0.59999999999999998
0.59999999999999998
0.59999999999999998
0.59999999999999998
0.59999999999999998
0.59999999999999998
0.59999999999999998
0.59999999999999998
0.59999999999999998
0.59999999999999998
0.59999999999999998
0.59999999999999998
0.59999999999999998
0.59999999999999998
0.59999999999999998
0.59999999999999998
0.59999999999999998
0.59999999999999998
0.59999999999999998
0.59999999999999998
0.59999999999999998
0.59999999999999998
0.59999999999999998
0.59999999999999998
0.59999999999999998
0.59999999999999998
0.59999999999999998
0.59999999999999998
0.59999999999999998
0.59999999999999998
0.59999999999999998
0.66458693693466997
0.59999999999999998
0.59999999999999998
0.59999999999999998
0.59999999999999998
0.59999999999999998
0.59999999999999998
0.59999999999999998
0.59999999999999998
0.59999999999999998
0.59999999999999998
0.59999999999999998
0.59999999999999998
0.59999999999999998
0.59999999999999998
0.59999999999999998
0.59999999999999998
0.59999999999999998
0.59999999999999998
0.59999999999999998
0.59999999999999998
0.59999999999999998
0.59999999999999998
0.59999999999999998
0.59999999999999998
0.606494460096481
0.59999999999999998
0.59999999999999998
0.59999999999999998
0.59999999999999998
0.59999999999999998
0.59999999999999998
0.59999999999999998
0.59999999999999998
0.59999999999999998
0.59999999999999998
0.59999999999999998
0
0.59999999999999998
0
0
0
0.59999999999999998
0.59999999999999998
0.59999999999999998
0
0
0
0
0
0
0.59999999999999998
0.59999999999999998
0.59999999999999998
0.59999999999999998
0.59999999999999998
0.59999999999999998
0.59999999999999998
0.59999999999999998
0.59999999999999998
0.59999999999999998
0.59999999999999998
0.59999999999999998
0.59999999999999998
0.59999999999999998
0.59999999999999998
0.59999999999999998
0.59999999999999998
0.59999999999999998
0.59999999999999998
0.59999999999999998
0.59999999999999998
0.59999999999999998
0.59999999999999998
0.59999999999999998
0.59999999999999998
0.59999999999999998
0.59999999999999998
0.59999999999999998
0.59999999999999998
0.59999999999999998
0.59999999999999998
0.59999999999999998
0.59999999999999998
0.59999999999999998
0.59999999999999998
0
0
0.59999999999999998
0
0
0
0.59999999999999998
0.59999999999999998
0.59999999999999998
0
0
0
0
0
0
0.59999999999999998
0.59999999999999998
0.59999999999999998
0
0
0
0
0
0
0.59999999999999998
0.59999999999999998
0
0
0
0
0
0
0
0.59999999999999998
0.59999999999999998
0.59999999999999998
0.59999999999999998
0.59999999999999998
0.59999999999999998
0.59999999999999998
0.59999999999999998
0.59999999999999998
0.59999999999999998
0.59999999999999998
0.59999999999999998
0.59999999999999998
0.59999999999999998
0.59999999999999998
0.59999999999999998
0.59999999999999998
0.59999999999999998
0.59999999999999998
0.59999999999999998
0.59999999999999998
0.59999999999999998
0.59999999999999998
0.59999999999999998
0.59999999999999998
0.59999999999999998
0.59999999999999998
0
0
0
0
0.59999999999999998
0.59999999999999998
0.59999999999999998
0.59999999999999998
0.59999999999999998
0.59999999999999998
0.59999999999999998
0.59999999999999998
0.59999999999999998
0.59999999999999998
0.59999999999999998
0.59999999999999998
0.59999999999999998
0.59999999999999998
0.59999999999999998
0.59999999999999998
0.59999999999999998
0.59999999999999998
0.59999999999999998
0.59999999999999998
0.59999999999999998
0
0
0
0
0
0
0.59999999999999998
0.59999999999999998
0.59999999999999998
0.59999999999999998
0.59999999999999998
0.59999999999999998
0.59999999999999998
0.59999999999999998
0.59999999999999998
0
0
0
0
0
0
0
0.59999999999999998
0.59999999999999998
0.59999999999999998
0.59999999999999998
0.59999999999999998
0.59999999999999998
0.59999999999999998
0.59999999999999998
0.59999999999999998
0.59999999999999998
0.59999999999999998
0.59999999999999998
0.59999999999999998
0.59999999999999998
0.59999999999999998
0.59999999999999998
0.59999999999999998
0.59999999999999998
0.59999999999999998
0.59999999999999998
0.59999999999999998
0.59999999999999998
0.59999999999999998
0.59999999999999998
0.59999999999999998
0.59999999999999998
0.59999999999999998
0.59999999999999998
0.59999999999999998
0.59999999999999998
0.59999999999999998
0.59999999999999998
0.59999999999999998
0.59999999999999998
0.59999999999999998
0.59999999999999998
0.59999999999999998
0.59999999999999998
0.59999999999999998
0.59999999999999998
0.59999999999999998
0.59999999999999998
0.59999999999999998
0.59999999999999998
0.59999999999999998
0.59999999999999998
0.59999999999999998
0.59999999999999998
0.59999999999999998
0.59999999999999998
0.59999999999999998
0.59999999999999998
0
0
0.59999999999999998
0.59999999999999998
0.59999999999999998
0
0
0
0.61877744805947577
0.59999999999999998
0.59999999999999998
0.59999999999999998
0.59999999999999998
0.59999999999999998
0.59999999999999998
0.59999999999999998
0.59999999999999998
0.59999999999999998
0.59999999999999998
0.59999999999999998
0.59999999999999998
0.59999999999999998
0.59999999999999998
0.59999999999999998
0.59999999999999998
0.59999999999999998
0.59999999999999998
0.59999999999999998
0.59999999999999998
0.59999999999999998
0.59999999999999998
0.59999999999999998
0.59999999999999998
0.59999999999999998
0.59999999999999998
0.59999999999999998
0.59999999999999998
0.59999999999999998
0.59999999999999998
0.59999999999999998
0.59999999999999998
0.59999999999999998
0.59999999999999998
0.59999999999999998
0.59999999999999998
0.59999999999999998
0.59999999999999998
0.61828321429240407
0.59999999999999998
0.59999999999999998
0.59999999999999998
0.59999999999999998
0.59999999999999998
0
0
0.59999999999999998
0.59999999999999998
0.59999999999999998
0.59999999999999998
0.59999999999999998
0.59999999999999998
0.59999999999999998
0.59999999999999998
0.59999999999999998
0.59999999999999998
0.59999999999999998
0.59999999999999998
0.64016058382028718
0.59999999999999998
0.59999999999999998
0.59999999999999998
0.59999999999999998
0.59999999999999998
0.59999999999999998
0.59999999999999998
0.59999999999999998
0.59999999999999998
0.59999999999999998
0.59999999999999998
0.59999999999999998
0.66824113840601473
0.59999999999999998
0.59999999999999998
0.59999999999999998
0.59999999999999998
0.59999999999999998
0.59999999999999998
0.59999999999999998
0.59999999999999998
0.59999999999999998
0.59999999999999998
0.59999999999999998
0.59999999999999998
0.59999999999999998
0.59999999999999998
0.59999999999999998
0.59999999999999998
0.59999999999999998
0.59999999999999998
0.59999999999999998
0.59999999999999998
0.59999999999999998
0.59999999999999998
0.59999999999999998
0.59999999999999998
0.59999999999999998
0.59999999999999998
0.59999999999999998
0.59999999999999998
0.59999999999999998
0.59999999999999998
0.59999999999999998
0.75070748377341234
0.66844969323803727
0.66671884080844468
0.59999999999999998
0.61491222354317387
0.59999999999999998
0.59999999999999998
0.59999999999999998
0.62112161648241571
0.60497840532921521
0.60404370794697548
0.59999999999999998
0.59999999999999998
0.59999999999999998
0.60587113059290487
0.6062448552894808
0.6050487111775894
0.59999999999999998
0.59999999999999998
0.59999999999999998
0.59999999999999998
0.59999999999999998
0.59999999999999998
0.59999999999999998
0.59999999999999998
0.59999999999999998
0.59999999999999998
0.59999999999999998
0.59999999999999998
0.59999999999999998
0.59999999999999998
0.59999999999999998
0.59999999999999998
0.59999999999999998
0.59999999999999998
0.59999999999999998
0.59999999999999998
0.59999999999999998
0.59999999999999998
0.68773395786522973
0.59999999999999998
0.59999999999999998
0.59999999999999998
0.59999999999999998
0.59999999999999998
0.59999999999999998
0.59999999999999998
0.59999999999999998
0.59999999999999998
0.59999999999999998
0.59999999999999998
0.59999999999999998
0.60296160430405243
0.60498001696841686
0.62403725543635524
0.59999999999999998
0.59999999999999998
0.59999999999999998
0.6758599508927966
0.76319920214025549
0.59999999999999998
0.67441324001554059
0.59999999999999998
0.59999999999999998
0.59999999999999998
0.59999999999999998
0.59999999999999998
0.59999999999999998
0.59999999999999998
0.61886419733782327
0.59999999999999998
0.59999999999999998
0.59999999999999998
0.59999999999999998
0.59999999999999998
0.59999999999999998
0.59999999999999998
0.59999999999999998
0.59999999999999998
0.59999999999999998
0.59999999999999998
0.59999999999999998
0.59999999999999998
0
0.59999999999999998
0
0
0
0.59999999999999998
0.59999999999999998
0.59999999999999998
0
0
0
0
0
0
0.59999999999999998
0.59999999999999998
0.59999999999999998
0.59999999999999998
0.59999999999999998
0.59999999999999998
0.59999999999999998
0.59999999999999998
0.59999999999999998
0.59999999999999998
0.59999999999999998
0.59999999999999998
0.59999999999999998
0.59999999999999998
0.59999999999999998
0.59999999999999998
0.59999999999999998
0.59999999999999998
0.59999999999999998
0.59999999999999998
0.59999999999999998
0.59999999999999998
0.59999999999999998
0.60845419088459129
0.59999999999999998
0.59999999999999998
0.59999999999999998
0.59999999999999998
0.59999999999999998
0.59999999999999998
0.59999999999999998
0.59999999999999998
0.59999999999999998
0.59999999999999998
0.59999999999999998
0.59999999999999998
0.59999999999999998
0.59999999999999998
0.59999999999999998
0.59999999999999998
0.59999999999999998
0.59999999999999998
0.59999999999999998
0.59999999999999998
0.59999999999999998
0.59999999999999998
0.59999999999999998
0.59999999999999998
0.59999999999999998
0.59999999999999998
0.59999999999999998
0.59999999999999998
0.59999999999999998
0.59999999999999998
0.59999999999999998
0
0
0
0
0
0.59999999999999998
0.59999999999999998
0.59999999999999998
0.59999999999999998
0.59999999999999998
0.59999999999999998
0.59999999999999998
0.59999999999999998
0.59999999999999998
0.59999999999999998
0.59999999999999998
0.59999999999999998
0.59999999999999998
0.59999999999999998
0.59999999999999998
0.59999999999999998
0.59999999999999998
0.59999999999999998
0.59999999999999998
0.59999999999999998
0.59999999999999998
0.59999999999999998
0.59999999999999998
0.59999999999999998
0.59999999999999998
0.59999999999999998
0.59999999999999998
0.59999999999999998
0.59999999999999998
0.59999999999999998
0.59999999999999998
0.59999999999999998
0.59999999999999998
0.59999999999999998
0.59999999999999998
0.59999999999999998
0.59999999999999998
0.59999999999999998
0.59999999999999998
0.59999999999999998
0.59999999999999998
0.59999999999999998
0.59999999999999998
0.59999999999999998
0.60574769395115469
0.59999999999999998
0.59999999999999998
0.59999999999999998
0.59999999999999998
0.59999999999999998
0.59999999999999998
0.59999999999999998
0.59999999999999998
0.66074167704015252
0.59999999999999998
0.59999999999999998
0.59999999999999998
0.59999999999999998
0.59999999999999998
0.59999999999999998
0.59999999999999998
0.59999999999999998
0.59999999999999998
0.59999999999999998
0.59999999999999998
0.59999999999999998
0.59999999999999998
0.59999999999999998
0.59999999999999998
0.59999999999999998
0.59999999999999998
0.59999999999999998
0.59999999999999998
0.59999999999999998
0.59999999999999998
0.59999999999999998
0.59999999999999998
0.59999999999999998
0.59999999999999998
0.59999999999999998
0.59999999999999998
0.59999999999999998
0.59999999999999998
0.59999999999999998
0.59999999999999998
0.59999999999999998
0.59999999999999998
0.59999999999999998
0.59999999999999998
0.61469356126150332
0.59999999999999998
0.66438190230047045
0.59999999999999998
0.74576749545351884
0.66299392130747681
0.59999999999999998
0.59999999999999998
0.59999999999999998
0.59999999999999998
0.59999999999999998
0.59999999999999998
0.59999999999999998
0.59999999999999998
0.59999999999999998
0.59999999999999998
0.59999999999999998
0.59999999999999998
0.59999999999999998
0.59999999999999998
0.59999999999999998
0.59999999999999998
0.59999999999999998
0.59999999999999998
0.59999999999999998
0.59999999999999998
0.59999999999999998
0.61390740289593648
0.59999999999999998
0.59999999999999998
0.59999999999999998
0.59999999999999998
0.59999999999999998
0.59999999999999998
0.59999999999999998
0.59999999999999998
0.59999999999999998
0.59999999999999998
0.59999999999999998
0.59999999999999998
0.59999999999999998
0.59999999999999998
0.59999999999999998
0.59999999999999998
0.59999999999999998
0.59999999999999998
0.59999999999999998
0.59999999999999998
0.59999999999999998
0.59999999999999998
0.59999999999999998
0.59999999999999998
0.59999999999999998
0.59999999999999998
0.59999999999999998
0.59999999999999998
0.59999999999999998
0.59999999999999998
0.59999999999999998
0.59999999999999998
0.65834715979188219
0.59999999999999998
0.59999999999999998
0.59999999999999998
0.59999999999999998
0.59999999999999998
0.59999999999999998
0.59999999999999998
0.59999999999999998
0.59999999999999998
0.59999999999999998
0.59999999999999998
0.59999999999999998
0.59999999999999998
0.59999999999999998
0.61286390595367501
0.59999999999999998
0.59999999999999998
0.59999999999999998
0.59999999999999998
0.59999999999999998
0.61347264641854415
0.59999999999999998
0.66393293292358091
0.66327925755279604
0.74632641447474246
0
0
0
0
0
0
0
0
0
0
0
0
0
0
0
0
0
0
0
0
0
0
0
0
0
0
0
0
0
0
0
0
0
0
0
0
0
0
0
0
0
0
0
0
0
0
0
0
0
0
0
0
0
0
0
0
0
0
0
0
0
0
0
0
0
0
0
0
0
0
0
0
0
0
0
0
0
0
0
0
0
0
0
0
0
0
0
0
0
0
0
0
0
0
0
0
0
0
0
0
0
0
0
0
0
0
0
0
0
0
0
0
0
0
0
0
0
0
0
0
0
0
0
0
0
0
0
0
0
0
0
0
0
0
0
0
0
0
0
0
0
0
0
0
0
0
0
0
0
0
0
0
0
0
0
0
0
0
0
0
0
0
0
0
0
0
0
0
0
0
0
0
0
0
0
0
0
0
0
0
0
0
0
0
0
0
0
0
0
0
0
0
0
0
0
0
0
0
0
0
0
0
0
0
0
0
0
0
0
0
0
0
0
0
0
0
0
0
0
0
0
0
0
0
0
0
0
0
0
0
0
0
0
0
0
0
0
0
0
0
0
0
0
0
0
0
0
0
0
0
0
0
0
0
0
0
0
0
0
0
0
0
0
0
0
0
0
0
0
0
0
0
0
0
0
0
0
0
0
0
0
0
0
0
0
0
0
0
0
0
0
0
0
0
0
0
0
0
0
0
0
0
0
0
0
0
0
0
0
0
0
0
0
0
0
0
0
0
0
0
0
0
0
0
0
0
0
0
0
0
0
0
0
0
0
0
0
0
0
0
0
0
0
0
0
0
0
0
0
0
0
0
0
0
0
0
0
0
0
0
0
0
0
0
0
0
0
0
0
0
0
0
0
0
0
0
0
0
0
0
0
0
0
0
0
0
0
0
0
0
0
0
0
0
0
0
0
0
0
0
0
0
0
0
0
0
0
0
0
0
0
0
0
0
0
0
0
0
0
0
0
0
0
0
0
0
0
0
0
0
0
0
0
0
0
0
0
0
0
0
0
0
0
0
0
0
0
0
0
0
0
0
0
0
0
0
0
0
0
0
0
0
0
0
0
0
0
0
0
0
0
0
0
0
0
0
0
0
0
0
0
0
0
0
0
0
0
0
0
0
0
0
0
0
0
0
0
0
0
0
0
0
0
0
0
0
0
0
0
0
0
0
0
0
0
0
0
0
0
0
0
0
0
0
0
0
0
0
0
0
0
0
0
0
0
0
0
0
0
0
0
0
0
0
0
0
0
0
0
0
0
0
0
0
0
0
0
0
0
0
0
0
0
0
0
0
0
0
0
0
0
0
0
0
0
0
0
0
0
0
0
0
0
0
0
0
0
0
0
0
0
0
0
0
0
0
0
0
0
0
0
0
0
0
0
0
0
0
0
0
0
0
0
0
0
0
0
0
0
0
0
0
0
0
0
0
0
0
0
0
0
0
0
0
0
0
0
0
0
0
0
0
0
0
0
0
0
0
0
0
0
0
0
0
0
0
0
0
0
0
0
0
0
0
0
0
0
0
0
0
0
0
0
0
0
0
0
0
0
0
0
0
0
0
0
0
0
0
0
0
0
0
0
0
0
0
0
0
0
0
0
0
0
0
0
0
0
0
0
0
0
0
0
0
0
0
0
0
0
0
0
0
0
0
0
0
0
0
0
0
0
0
0
0
0
0
0
0
0
0
0
0
0
0
0
0
0
0
0
0
0
0
0
0
0
0
0
0
0
0
0
0
0
0
0
0
0
0
0
0
0
0
0
0
0
0
0
0
0
0
0
0
0
0
0
0
0
0
0
0
0
0
0
0
0
0
0
0
0
0
0
0
0
0
0
0
0
0
0
0
0
0
0
0
0
0
0
0
0
0
0
0
0
0
0
0
0
0
0
0
0
0
0
0
0
0
0
0
0
0
0
0
0
0
0
0
0
0
0
0
0
0
0
0
0
0
0
0
0
0
0
0
0
0
0
0
0
0
0
0
0
0
0
0
0
0
0
0
0
0
0
0
0
0
0
0
0
0
0
0
0
0
0
0
0
0
0
0
0
0
0
0
0
0
0
0
0
0
0
0
0
0
0
0
0
0
0
0
0
0
0
0
0
0
0
0
0
0
0
0
0
0
0
0
0
0
0
0
0
0
0
0
0
0
0
0
0
0
0
0
0
0
0
0
0
0
0
0
0
0
0
0
0
0
0
0
0
0
0
0
0
0
0
0
0
0
0
0
0
0
0
0
0
0
0
0
0
0
0
0
0
0
0
0
0
0
0
0
0
0
0
0
0
0
0
0
0
0
0
0
0
0
0
0
0
0
0
0
0
0
0
0
0
0
0
0
0
0
0
0
0
0
0
0
0
0
0
0
0
0
0
0
0
0
0
0
0
0
0
0
0
0
0
0
0
0
0
0
0
0
0
0
0
0
0
0
0
0
0
0
0
0
0
0
0
0
0
0
0
0
0
0
0
0
0
0
0
0
0
0
0
0
0
0
0
0
0
0
0
0
0
0
0
0
0
0
0
0
0
0
0
0
0
0
0
0
0
0
0
0
0
0
0
0
0
0
0
0
0
0
0
0
0
0
0
0
0
0
0
0
0
0
0
0
0
0
0
0
0
0
0
0
0
0
0
0
0
0
0
0
0
0
0
0
0
0
0
0
0
0
0
0
0
0
0
0
0
0
0
0
0
0
0
0
0
0
0
0
0
0
0
0
0
0
0
0
0
0
0
0
0
0
0
0
0
0
0
0
0
0
0
0
0
0
0
0
0
0
0
0
0
0
0
0
0
0
0
0
0
0
0
0
0
0
0
0
0
0
0
0
0
0
0
0
0
0
0
0
0
0
0
0
0
0
0
0
0
0
0
0
0
0
0
0
0
0
0
0
0
0
0
0
0
0
0
0
0
0
0
0
0
0
0
0
0
0
0
0
0
0
0
0
0
0
0
0
0
0
0
0
0
0
0
0
0
0
0
0
0
0
0
0
0
0
0
0
0
0
0
0
0
0
0
0
0
0
0
0
0
0
0
0
0
0
0
0
0
0
0
0
0
0
0
0
0
0
0
0
0
0
0
0
0
0
0
0
0
0
0
0
0
0
0
0
0
0
0
0
0
0
0
0
0
0
0
0
0
0
0
0
0
0
0
0
0
0
0
0
0
0
0
0
0
0
0
0
0
0
0
0
0
0
0
0
0
0
0
0
0
0
0
0
0
0
0
0
0
0
0
0
0
0
0
0
0
0
0
0
0
0
0
0
0
0
0
0
0
0
0
0
0
0
0
0
0
0
0
0
0
0
0
0
0
0
0
0
0
0
0
0
0
0
0
0
0
0
0
0
0
0
0
0
0
0
0
0
0
0
0
0
0
0
0
0
0
0
0
0
0
0
0
0
0
0
0
0
0
0
0
0
0
0
0
0
0
0
0
0
0
0
0
0
0
0
0
0
0
0
0
0
0
0
0
0
0
0
0
0
0
0
0
0
0
0
0
0
0
0
0
0
0
0
0
0
0
0
0
0
0
0
0
0
0
0
0
0
0
0
0
0
0
0
0
0
0
0
0
0
0
0
0
0
0
0
0
0
0
0
0
0
0
0
0
0
0
0
0
0
0
0
0
0
0
0
0
0
0
0
0
0
0
0
0
0
0
0
0
0
0
0
0
0
0
0
0
0
0
0
0
0
0
0
0
0
0
0
0
0
0
0
0
0
0
0
0
0
0
0
0
0
0
0
0
0
0
0
0
0
0
0
0
0
0
0
0
0
0
0
0
0
0
0
0
0
0
0
0
0
0
0
0
0
0
0
0
0
0
0
0
0
0
0
0
0
0
0
0
0
0
0
0
0
0
0
0
0
0
0
0
0
0
0
0
0
0
0
0
0
0
0
0
0
0
0
0
0
0
0
0
0
0
0
0
0
0
0
0
0
0
0
0
0
0
0
0
0
0
0
0
0
0
0
0
0
0
0
0
0
0
0
0
0
0
0
0
0
0
0
0
0
0
0
0
0
0
0
0
0
0
0
0
0
0
0
0
0
0
0
0
0
0
0
0
0
0
0
0
0
0
0
0
0
0
0
0
0
0
0
0
0
0
0
0
0
0
0
0
0
0
0
0
0
0
0
0
0
0
0
0
0
0
0
0
0
0
0
0
0
0
0
0
0
0
0
0
0
0
0
0
0
0
0
0
0
0
0
0
0
0
0
0
0
0
0
0
0
0
0
0
0
0
0
0
0
0
0
0
0
0
0
0
0
0
0
0
0
0
0
0
0
0
0
0
0
0
0
0
0
0
0
0
0
0
0
0
0
0
0
0
0
0
0
0
0
0
0
0
0
0
0
0
0
0
0
0
0
0
0
0
0
0
0
0
0
0
0
0
0
0
0
0
0
0
0
0
0
0
0
0
0
0
0
0
0
0
0
0
0
0
0
0
0
0
0
0
0
0
0
0
0
0
0
0
0
0
0
0
0
0
0
0
0
0
0
0
0
0
0
0
0
0
0
0
0
0
0
0
0
0
0
0
0
0
0
0
0
0
0
0
0
0
0
0
0
0
0
0
0
0
0
0
0
0
0
0
0
0
0
0
0
0
0
0
0
0
0
0
0
0
0
0
0
0
0
0
0
0
0
0
0
0
0
0
0
0
0
0
0
0
0
0
0
0
0
0
0
0
0
0
0
0
0
0
0
0
0
0
0
0
0
0
0
0
0
0
0
0
0
0
0
0
0
0
0
0
0
0
0
0
0
0
0
0
0
0
0
0
0
0
0
0
0
0
0
0
0
0
0
0
0
0
0
0
0
0
0
0
0
0
0
0
0
0
0
0
0
0
0
0
0
0
0
0
0
0
0
0
0
0
0
0
0
0
0
0
0
0
0
0
0
0
0
0
0
0
0
0
0
0
0
0
0
0
0
0
0
0
0
0
0
0
0
0
0
0
0
0
0
0
0
0
0
0
0
0
0
0
0
0
0
0
0
0
0
0
0
0
0
0
0
0
0
0
0
0
0
0
0
0
0
0
0
0
0
0
0
0
0
0
0
0
0
0
0
0
0
0
0
0
0
0
0
0
0
0
0
0
0
0
0
0
0
0
0
0
0
0
0
0
0
0
0
0
0
0
0
0
0
0
0
0
0
0
0
0
0
0
0
0
0
0
0
0
0
0
0
0
0
0
0
0
0
0
0
0
0
0
0
0
0
0
0
0
0
0
0
0
0
0
0
0
0
0
0
0
0
0
0
0
0
0
0
0
0
0
0
0
0
0
0
0
0
0
0
0
0
0
0
0
0
0
0
0
0
0
0
0
0
0
0
0
0
0
0
0
0
0
0
0
0
0
0
0
0
0
0
0
0
0
0
0
0
0
0
0
0
0
0
0
0
0
0
0
0
0
0
0
0
0
0
0
0
0
0
0
0
0
0
0
0
0
0
0
0
0
0
0
0
0
0
0
0
0
0
0
0
0
0
0
0
0
0
0
0
0
0
0
0
0
0
0
0
0
0
0
0
0
0
0
0
0
0
0
0
0
0
0
0
0
0
0
0
0
0
0
0
0
0
0
0
0
0
0
0
0
0
0
0
0
0
0
0
0
0
0
0
0
0
0
0
0
0
0
0
0
0
0
0
0
0
0
0
0
0
0
0
0
0
0
0
0
0
0
0
0
0
0
0
0
0
0
0
0
0
0
0
0
0
0
0
0
0
0
0
0
0
0
0
0
0
0
0
0
0
0
0
0
0
0
0
0
0
0
0
0
0
0
0
0
0
0
0
0
0
0
0
0
0
0
0
0
0
0
0
0
0
0
0
0
0
0
0
0
0
0
0
0
0
0
0
0
0
0
0
0
0
0
0
0
0
0
0
0
0
0
0
0
0
0
0
0
0
0
0
0
0
0
0
0
0
0
0
0
0
0
0
0
0
0
0
0
0
0
0
0
0
0
0
0
0
0
0
0
0
0
0
0
0
0
0
0
0
0
0
0
0
0
0
0
0
0
0
0
0
0
0
0
0
0
0
0
0
0
0
0
0
0
0
0
0
0
0
0
0
0
0
0
0
0
0
0
0
0
0
0
0
0
0
0
0
0
0
0
0
0
0
0
0
0
0
0
0
0
0
0
0
0
0
0
0
0
0
0
0
0
0
0
0
0
0
0
0
0
0
0
0
0
0
0
0
0
0
0
0
0
0
0
0
0
0
0
0
0
0
0
0
0
0
0
0
0
0
0
0
0
0
0
0
0
0
0
0
0
0
0
0
0
0
0
0
0
0
0
0
0
0
0
0
0
0
0
0
0
0
0
0
0
0
0
0
0
0
0
0
0
0
0
0
0
0
0
0
0
0
0
0
0
0
0
0
0
0
0
0
0
0
0
0
0
0
0
0
0
0
0
0
0
0
0
0
0
0
0
0
0
0
0
0
0
0
0
0
0
0
0
0
0
0
0
0
0
0
0
0
0
0
0
0
0
0
0
0
0
0
0
0
0
0
0
0
0
0
0
0
0
0
0
0
0
0
0
0
0
0
0
0
0
0
0
0
0
0
0
0
0
0
0
0
0
0
0
0
0
0
0
0
0
0
0
0
0
0
0
0
0
0
0
0
0
0
0
0
0
0
0
0
0
0
0
0
0
0
0
0
0
0
0
0
0
0
0
0
0
0
0
0
0
0
0
0
0
0
0
0
0
0
0
0
0
0
0
0
0
0
0
0
0
0
0
0
0
0
0
0
0
0
0
0
0
0
0
0
0
0
0
0
0
0
0
0
0
0
0
0
0
0
0
0
0
0
0
0
0
0
0
0
0
0
0
0
0
0
0
0
0
0
0
0
0
0
0
0
0
0
0
0
0
0
0
0
0
0
0
0
0
0
0
0
0
0
0
0
0
0
0
0
0
0
0
0
0
0
0
0
0
0
0
0
0
0
0
0
0
0
0
0
0
0
0
0
0
0
0
0
0
0
0
0
0
0
0
0
0
0
0
0
0
0
0
0
0
0
0
0
0
0
0
0
0
0
0
0
0
0
0
0
0
0
0
0
0
0
0
0
0
0
0
0
0
0
0
0
0
0
0
0
0
0
0
0
0
0
0
0
0
0
0
0
0
0
0
0
0
0
0
0
0
0
0
0
0
0
0
0
0
0
0
0
0
0
0
0
0
0
0
0
0
0
0
0
0
0
0
0
0
0
0
0
0
0
0
0
0
0
0
0
0
0
0
0
0
0
0
0
0
0
0
0
0
0
0
0
0
0
0
0
0
0
0
0
0
0
0
0
0
0
0
0
0
0
0
0
0
0
0
0
0
0
0
0
0
0
0
0
0
0
0
0
0
0
0
0
0
0
0
0
0
0
0
0
0
0
0
0
0
0
0
0
0
0
0
0
0
0
0
0
0
0
0
0
0
0
0
0
0
0
0
0
0
0
0
0
0
0
0
0
0
0
0
0
0
0
0
0
0
0
0
0
0
0
0
0
0
0
0
0
0
0
0
0
0
0
0
0
0
0
SCALARS fluid_mask float 1
LOOKUP_TABLE default
1
1
1
1
1
1
1
1
1
1
1
1
1
1
1
1
1
1
1
1
1
1
1
1
1
1
1
1
1
1
1
1
1
1
1
1
1
1
1
1
1
1
1
1
1
1
1
1
1
1
1
1
1
1
1
1
1
1
1
1
1
1
1
1
1
1
1
1
1
1
1
1
1
1
1
1
1
1
1
1
1
1
1
1
1
1
1
1
1
1
1
1
1
1
1
1
1
1
1
1
1
1
1
1
1
1
1
1
1
1
1
1
1
1
1
1
1
1
1
1
1
1
1
1
1
1
1
1
1
1
1
1
1
1
1
1
1
1
1
1
1
1
1
1
1
1
1
1
1
1
1
1
1
1
1
1
1
1
1
1
1
1
1
1
1
1
1
1
1
1
1
1
1
1
1
1
1
1
1
1
1
1
1
1
1
1
1
1
1
1
1
1
1
1
1
1
1
1
1
1
1
1
1
1
1
1
1
1
1
1
1
1
1
1
1
1
1
1
1
1
1
1
1
1
1
1
1
1
1
1
1
1
1
1
1
1
1
1
1
1
1
1
1
1
1
1
1
1
1
1
1
1
1
1
1
1
1
1
1
1
1
1
1
1
1
1
1
1
1
1
1
1
1
1
1
1
1
1
1
1
1
1
1
1
1
1
1
1
1
1
1
1
1
1
1
1
1
1
1
1
1
1
1
1
1
1
1
1
1
1
1
1
1
1
1
1
1
1
1
1
1
1
1
1
1
1
1
1
1
1
1
1
1
1
1
1
1
1
1
1
1
1
1
1
1
1
1
1
1
1
1
1
1
1
1
1
1
1
1
1
1
1
1
1
1
1
1
1
1
1
1
1
1
1
1
1
1
1
1
1
1
1
1
1
1
1
1
1
1
1
1
1
1
1
1
1
1
1
1
1
1
1
1
1
1
1
1
1
1
1
1
1
1
1
1
1
1
1
1
1
1
1
1
1
1
1
1
1
1
1
1
1
1
1
1
1
1
1
1
1
1
1
1
1
1
1
1
1
1
1
1
1
1
1
1
1
1
1
1
1
1
1
1
1
1
1
1
1
1
1
1
1
1
1
1
1
1
1
1
1
1
1
1
1
1
1
1
1
1
1
1
1
1
1
1
1
1
1
1
1
1
1
1
1
1
1
1
1
1
1
1
1
1
1
1
1
1
1
1
1
1
1
1
1
1
1
1
1
1
1
1
1
1
1
1
1
1
1
1
1
1
1
1
1
1
1
1
1
1
1
1
1
1
1
1
1
1
1
1
1
1
1
1
1
1
1
1
1
1
1
1
1
1
1
1
1
1
1
1
1
1
1
1
1
1
1
1
1
1
1
1
1
1
1
1
1
1
1
1
1
1
1
1
1
1
1
1
1
1
1
1
1
1
1
1
1
1
1
1
1
1
1
1
1
1
1
1
1
1
1
1
1
1
1
1
1
1
1
1
1
1
1
1
1
1
1
1
1
1
1
1
1
1
1
1
1
1
1
1
1
1
1
1
1
1
1
1
1
1
1
1
1
1
1
1
1
1
1
1
1
1
1
1
1
1
1
1
1
1
1
1
1
1
1
1
1
1
1
1
1
1
1
1
1
1
1
1
1
1
1
1
1
1
1
1
1
1
1
1
1
1
1
1
1
1
1
1
1
1
1
1
1
1
1
1
1
1
1
1
1
1
1
1
1
1
1
1
1
1
1
1
1
1
1
1
1
1
1
1
1
1
1
1
1
1
1
1
1
1
1
1
1
1
1
1
1
1
1
1
1
1
1
1
1
1
1
1
1
1
1
1
1
1
1
1
1
1
1
1
1
1
1
1
1
1
1
1
1
1
1
1
1
1
1
1
1
1
1
1
1
1
1
1
1
1
1
1
1
1
1
1
1
1
1
1
1
1
1
1
1
1
1
1
1
1
1
1
1
1
1
1
1
1
1
1
1
1
1
1
1
1
1
1
1
1
1
1
1
1
1
1
1
1
1
1
1
1
1
1
1
1
1
1
1
1
1
1
1
1
1
1
1
1
1
1
1
1
1
1
1
1
1
1
1
1
1
1
1
1
1
1
1
1
1
1
1
1
1
1
1
1
1
1
1
1
1
1
1
1
1
1
1
1
1
1
1
1
1
1
1
1
1
1
1
1
1
1
1
1
1
1
1
1
1
1
1
1
1
1
1
1
1
1
1
1
1
1
1
1
1
1
1
1
1
1
1
1
1
1
1
1
1
1
1
1
1
1
1
1
1
1
1
1
1
1
1
1
1
1
1
1
1
1
1
1
1
1
1
1
1
1
1
1
1
1
1
1
1
1
1
1
1
1
1
1
1
1
1
1
1
1
1
1
1
1
1
1
1
1
1
1
1
1
1
1
1
1
1
1
1
1
1
1
1
1
1
1
1
1
1
1
1
1
1
1
1
1
1
1
1
1
1
1
1
1
1
1
1
1
1
1
1
1
1
1
1
1
1
1
1
1
1
1
1
1
1
1
1
1
1
1
1
1
1
1
1
1
1
1
1
1
1
1
1
1
1
1
1
1
1
1
1
1
1
1
1
1
1
1
1
1
1
1
1
1
1
1
1
1
1
1
1
1
1
1
1
1
1
1
1
1
1
1
1
1
1
1
1
1
1
1
1
1
1
1
1
1
1
1
1
0
0
0
0
0
0
0
0
0
0
0
0
0
0
0
0
0
0
0
0
0
0
0
0
0
0
0
0
0
0
0
0
0
0
0
0
0
0
0
0
0
0
0
0
0
0
0
0
0
0
0
0
0
0
0
0
0
0
0
0
0
0
0
0
0
0
0
0
0
0
0
0
0
0
0
0
0
0
0
0
0
0
0
0
0
0
0
0
0
0
0
0
0
0
0
0
0
0
0
0
0
0
0
0
0
0
0
0
0
0
0
0
0
0
0
0
0
0
0
0
0
0
0
0
0
0
0
0
0
0
0
0
0
0
0
0
0
0
0
0
0
0
0
0
0
0
0
0
0
0
0
0
0
0
0
0
0
0
0
0
0
0
0
0
0
0
0
0
0
0
0
0
0
0
0
0
0
0
0
0
0
0
0
0
0
0
0
0
0
0
0
0
0
0
0
0
0
0
0
0
0
0
0
0
0
0
0
0
0
0
0
0
0
0
0
0
0
0
0
0
0
0
0
0
0
0
0
0
0
0
0
0
0
0
0
0
0
0
0
0
0
0
0
0
0
0
0
0
0
0
0
0
0
0
0
0
0
0
0
0
0
0
0
0
0
0
0
0
0
0
0
0
0
0
0
0
0
0
0
0
0
0
0
0
0
0
0
0
0
0
0
0
0
0
0
0
0
0
0
0
0
0
0
0
0
0
0
0
0
0
0
0
0
0
0
0
0
0
0
0
0
0
0
0
0
0
0
0
0
0
0
0
0
0
0
0
0
0
0
0
0
0
0
0
0
0
0
0
0
0
0
0
0
0
0
0
0
0
0
0
0
0
0
0
0
0
0
0
0
0
0
0
0
0
0
0
0
0
0
0
0
0
0
0
0
0
0
0
0
0
0
0
0
0
0
0
0
0
0
0
0
0
0
0
0
0
0
0
0
0
0
0
0
0
0
0
0
0
0
0
0
0
0
0
0
0
0
0
0
0
0
0
0
0
0
0
0
0
0
0
0
0
0
0
0
0
0
0
0
0
0
0
0
0
0
0
0
0
0
0
0
0
0
0
0
0
0
0
0
0
0
0
0
0
0
0
0
0
0
0
0
0
0
0
0
0
0
0
0
0
0
0
0
0
0
0
0
0
0
0
0
0
0
0
0
0
0
0
0
0
0
0
0
0
0
0
0
0
0
0
0
0
0
0
0
0
0
0
0
0
0
0
0
0
0
0
0
0
0
0
0
0
0
0
0
0
0
0
0
0
0
0
0
0
0
0
0
0
0
0
0
0
0
0
0
0
0
0
0
0
0
0
0
0
0
0
0
0
0
0
0
0
0
0
0
0
0
0
0
0
0
0
0
0
0
0
0
0
0
0
0
0
0
0
0
0
0
0
0
0
0
0
0
0
0
0
0
0
0
0
0
0
0
0
0
0
0
0
0
0
0
0
0
0
0
0
0
0
0
0
0
0
0
0
0
0
0
0
0
0
0
0
0
0
0
0
0
0
0
0
0
0
0
0
0
0
0
0
0
0
0
0
0
0
0
0
0
0
0
0
0
0
0
0
0
0
0
0
0
0
0
0
0
0
0
0
0
0
0
0
0
0
0
0
0
0
0
0
0
0
0
0
0
0
0
0
0
0
0
0
0
0
0
0
0
0
0
0
0
0
0
0
0
0
0
0
0
0
0
0
0
0
0
0
0
0
0
0
0
0
0
0
0
0
0
0
0
0
0
0
0
0
0
0
0
0
0
0
0
0
0
0
0
0
0
0
0
0
0
0
0
0
0
0
0
0
0
0
0
0
0
0
0
0
0
0
0
0
0
0
0
0
0
0
0
0
0
0
0
0
0
0
0
0
0
0
0
0
0
0
0
0
0
0
0
0
0
0
0
0
0
0
0
0
0
0
0
0
0
0
0
0
0
0
0
0
0
0
0
0
0
0
0
0
0
0
0
0
0
0
0
0
0
0
0
0
0
0
0
0
0
0
0
0
0
0
0
0
0
0
0
0
0
0
0
0
0
0
0
0
0
0
0
0
0
0
0
0
0
0
0
0
0
0
0
0
0
0
0
0
0
0
0
0
0
0
0
0
0
0
0
0
0
0
0
0
0
0
0
0
0
0
0
0
0
0
0
0
0
0
0
0
0
0
0
0
0
0
0
0
0
0
0
0
0
0
0
0
0
0
0
0
0
0
0
0
0
0
0
0
0
0
0
0
0
0
0
0
0
0
0
0
0
0
0
0
0
0
0
0
0
0
0
0
0
0
0
0
0
0
0
0
0
0
0
0
0
0
0
0
0
0
0
0
0
0
0
0
0
0
0
0
0
0
0
0
0
0
0
0
0
0
0
0
0
0
0
0
0
0
0
0
0
0
0
0
0
0
0
0
0
0
0
0
0
0
0
0
0
0
0
0
0
0
0
0
0
0
0
0
0
0
0
0
0
0
0
0
0
0
0
0
0
0
0
0
0
0
0
0
0
0
0
0
0
0
0
0
0
0
0
0
0
0
0
0
0
0
0
0
0
0
0
0
0
0
0
0
0
0
0
0
0
0
0
0
0
0
0
0
0
0
0
0
0
0
0
0
0
0
0
0
0
0
0
0
0
0
0
0
0
0
0
0
0
0
0
0
0
0
0
0
0
0
0
0
0
0
0
0
0
0
0
0
0
0
0
0
0
0
0
0
0
0
0
0
0
0
0
0
0
0
0
0
0
0
0
0
0
0
0
0
0
0
0
0
0
0
0
0
0
0
0
0
0
0
0
0
0
0
0
0
0
0
0
0
0
0
0
0
0
0
0
0
0
0
0
0
0
0
0
0
0
0
0
0
0
0
0
0
0
0
0
0
0
0
0
0
0
0
0
0
0
0
0
0
0
0
0
0
0
0
0
0
0
0
0
0
0
0
0
0
0
0
0
0
0
0
0
0
0
0
0
0
0
0
0
0
0
0
0
0
0
0
0
0
0
0
0
0
0
0
0
0
0
0
0
0
0
0
0
0
0
0
0
0
0
0
0
0
0
0
0
0
0
0
0
0
0
0
0
0
0
0
0
0
0
0
0
0
0
0
0
0
0
0
0
0
0
0
0
0
0
0
0
0
0
0
0
0
0
0
0
0
0
0
0
0
0
0
0
0
0
0
0
0
0
0
0
0
0
0
0
0
0
0
0
0
0
0
0
0
0
0
0
0
0
0
0
0
0
0
0
0
0
0
0
0
0
0
0
0
0
0
0
0
0
0
0
0
0
0
0
0
0
0
0
0
0
0
0
0
0
0
0
0
0
0
0
0
0
0
0
0
0
0
0
0
0
0
0
0
0
0
0
0
0
0
0
0
0
0
0
0
0
0
0
0
0
0
0
0
0
0
0
0
0
0
0
0
0
0
0
0
0
0
0
0
0
0
0
0
0
0
0
0
0
0
0
0
0
0
0
0
0
0
0
0
0
0
0
0
0
0
0
0
0
0
0
0
0
0
0
0
0
0
0
0
0
0
0
0
0
0
0
0
0
0
0
0
0
0
0
0
0
0
0
0
0
0
0
0
0
0
0
0
0
0
0
0
0
0
0
0
0
0
0
0
0
0
0
0
0
0
0
0
0
0
0
0
0
0
0
0
0
0
0
0
0
0
0
0
0
0
0
0
0
0
0
0
0
0
0
0
0
0
0
0
0
0
0
0
0
0
0
0
0
0
0
0
0
0
0
0
0
0
0
0
0
0
0
0
0
0
0
0
0
0
0
0
0
0
0
0
0
0
0
0
0
0
0
0
0
0
0
0
0
0
0
0
0
0
0
0
0
0
0
0
0
0
0
0
0
0
0
0
0
0
0
0
0
0
0
0
0
0
0
0
0
0
0
0
0
0
0
0
0
0
0
0
0
0
0
0
0
0
0
0
0
0
0
0
0
0
0
0
0
0
0
0
0
0
0
0
0
0
0
0
0
0
0
0
0
0
0
0
0
0
0
0
0
0
0
0
0
0
0
0
0
0
0
0
0
0
0
0
0
0
0
0
0
0
0
0
0
0
0
0
0
0
0
0
0
0
0
0
0
0
0
0
0
0
0
0
0
0
0
0
0
0
0
0
0
0
0
0
0
0
0
0
0
0
0
0
0
0
0
0
0
0
0
0
0
0
0
0
0
0
0
0
0
0
0
0
0
0
0
0
0
0
0
0
0
0
0
0
0
0
0
0
0
0
0
0
0
0
0
0
0
0
0
0
0
0
0
0
0
0
0
0
0
0
0
0
0
0
0
0
0
0
0
0
0
0
0
0
0
0
0
0
0
0
0
0
0
0
0
0
0
0
0
0
0
0
0
0
0
0
0
0
0
0
0
0
0
0
0
0
0
0
0
0
0
0
0
0
0
0
0
0
0
0
0
0
0
0
0
0
0
0
0
0
0
0
0
0
0
0
0
0
0
0
0
0
0
0
0
0
0
0
0
0
0
0
0
0
0
0
0
0
0
0
0
0
0
0
0
0
0
0
0
0
0
0
0
0
0
0
0
0
0
0
0
0
0
0
0
0
0
0
0
0
0
0
0
0
0
0
0
0
0
0
0
0
0
0
0
0
0
0
0
0
0
0
0
0
0
0
0
0
0
0
0
0
0
0
0
0
0
0
0
0
0
0
0
0
0
0
0
0
0
0
0
0
0
0
0
0
0
0
0
0
0
0
0
0
0
0
0
0
0
0
0
0
0
0
0
0
0
0
0
0
0
0
0
0
0
0
0
0
0
0
0
0
0
0
0
0
0
0
0
0
0
0
0
0
0
0
0
0
0
0
0
0
0
0
0
0
0
0
0
0
0
0
0
0
0
0
0
0
0
0
0
0
0
0
0
0
0
0
0
0
0
0
0
0
0
0
0
0
0
0
0
0
0
0
0
0
0
0
0
0
0
0
0
0
0
0
0
0
0
0
0
0
0
0
0
0
0
0
0
0
0
0
0
0
0
0
0
0
0
0
0
0
0
0
0
0
0
0
0
0
0
0
0
0
0
0
0
0
0
0
0
0
0
0
0
0
0
0
0
0
0
0
0
0
0
0
0
0
0
0
0
0
0
0
0
0
0
0
0
0
0
0
0
0
0
0
0
0
0
0
0
0
0
0
0
0
0
0
0
0
0
0
0
0
0
0
0
0
0
0
0
0
0
0
0
0
0
0
0
0
0
0
0
0
0
0
0
0
0
0
0
0
0
0
0
0
0
0
0
0
0
0
0
0
0
0
0
0
0
0
0
0
0
0
0
0
0
0
0
0
0
0
0
0
0
0
0
0
0
0
0
0
0
0
0
0
0
0
0
0
0
0
0
0
0
0
0
0
0
0
0
0
0
0
0
0
0
0
0
0
0
0
0
0
0
0
0
0
0
0
0
0
0
0
0
0
0
0
0
0
0
0
0
0
0
0
0
0
0
0
0
0
0
0
0
0
0
0
0
0
0
0
0
0
0
0
0
0
0
0
0
0
0
0
0
0
0
0
0
0
0
0
0
0
0
0
0
0
0
0
0
0
0
0
0
0
0
0
0
0
0
0
0
0
0
0
0
0
0
0
0
0
0
0
0
0
0
0
0
0
0
0
0
0
0
0
0
0
0
0
0
0
0
0
0
0
0
0
0
0
0
0
0
0
0
0
0
0
0
0
0
0
0
0
0
0
0
0
0
0
0
0
0
0
0
0
0
0
0
0
0
0
0
0
0
0
0
0
0
0
0
0
0
0
0
0
0
0
0
0
0
0
0
0
0
0
0
0
0
0
0
0
0
0
0
0
0
0
0
0
0
0
0
0
0
0
0
0
0
0
0
0
0
0
0
0
0
0
0
0
0
0
0
0
0
0
0
0
0
0
0
0
0
0
0
0
0
0
0
0
0
0
0
0
0
0
0
0
0
0
0
0
0
0
0
0
0
0
0
0
0
0
0
0
0
0
0
0
0
0
0
0
0
0
0
0
0
0
0
0
0
0
0
0
0
0
0
0
0
0
0
0
0
0
0
0
0
0
0
0
0
0
0
0
0
0
0
0
0
0
0
0
0
0
0
0
0
0
0
0
0
0
0
0
0
0
0
0
0
0
0
0
0
0
0
0
0
0
0
0
0
0
0
0
0
0
0
0
0
0
0
0
0
0
0
0
0
0
0
0
0
0
0
0
0
0
0
0
0
0
0
0
0
0
0
0
0
0
0
0
0
0
0
0
0
0
0
0
0
0
0
0
0
0
0
0
0
0
0
0
0
0
0
0
0
0
0
0
0
0
0
0
0
0
0
0
0
0
0
0
0
0
0
0
0
0
0
0
0
0
0
0
0
0
0
0
0
0
0
0
0
0
0
0
0
0
0
0
0
0
0
0
0
0
0
0
0
0
0
0
0
0
0
0
0
0
0
0
0
0
0
0
0
0
0
0
0
0
0
0
0
0
0
0
0
0
0
0
0
0
0
0
0
0
0
0
0
0
0
0
0
0
0
0
0
0
0
0
0
0
0
0
0
0
0
0
0
0
0
0
0
0
0
0
0
0
0
0
0
0
0
0
0
0
0
0
0
0
0
0
0
0
0
0
0
0
0
0
0
0
0
0
0
0
0
0
0
0
0
0
0
0
0
0
0
0
0
0
0
0
0
0
0
0
0
0
0
0
0
0
0
0
0
0
0
0
0
0
0
0
0
0
0
0
0
0
0
0
0
0
0
0
0
0
0
0
0
0
0
0
0
0
0
0
0
0
0
0
0
0
0
0
0
0
0
0
0
0
0
0
0
0
0
0
0
0
0
0
0
0
0
0
0
0
0
0
0
0
0
0
0
0
0
0
0
0
0
0
0
0
0
0
0
0
0
0
0
0
0
0
0
0
0
0
0
0
0
0
0
0
0
0
0
0
0
0
0
0
0
0
0
0
0
0
0
0
0
0
0
0
0
0
0
0
0
0
0
0
0
0
0
0
0
0
0
0
0
0
0
0
0
0
0
0
0
0
0
0
0
0
0
0
0
0
0
0
0
0
0
0
0
0
0
0
0
0
0
0
0
0
0
0
0
0
0
0
0
0
0
0
0
0
0
0
0
0
0
0
0
0
0
0
0
0
0
0
0
0
0
0
0
0
0
0
0
0
0
0
0
0
0
0
0
0
0
0
0
0
0
0
0
0
0
0
0
0
0
0
0
0
0
0
0
0
0
0
0
0
0
0
0
0
0
0
0
0
0
0
0
0
0
0
0
0
0
0
0
0
0
0
0
0
0
0
0
0
0
0
0
0
0
0
0
0
0
0
0
0
0
0
0
0
0
0
0
0
0
0
0
0
0
0
0
0
0
0
0
0
0
0
0
0
0
0
0
0
0
0
0
0
0
0
0
0
0
0
0
0
0
0
0
0
0
0
0
0
0
0
0
0
0
0
0
0
0
0
0
0
0
0
0
0
0
0
0
0
0
0
0
0
0
0
0
0
0
0
0
0
0
0
0
0
0
0
0
0
0
0
0
0
0
0
0
0
SCALARS boundary_speed float 1
LOOKUP_TABLE default
0
0
0
0
0
0
0
0
0
0
0
0
0
0
0
0
0
0
0
0
0
0
0
0
0
0
0
0
0
0
0
0
0
0
0
0
0
0
0
0
0
0
0
0
0
0
0
0
0
0
0
0
0
0
0
0
0
0
0
0
0
0
0
0
0
0
0
0
0
0
0
0
0
0
0
0
0
0
0
0
0
0
0
0
0
0
0
0
0
0
0
0
0
0
0
0
0
0
0
0
0
0
0
0
0
0
0
0
0
0
0
0
0
0
0
0
0
0
0
0
0
0
0
0
0
0
0
0
0
0
0
0
0
0
0
0
0
0
0
0
0
0
0
0
0
0
0
0
0
0
0
0
0
0
0
0
0
0
0
0
0
0
0
0
0
0
0
0
0
0
0
0
0
0
0
0
0
0
0
0
0
0
0
0
0
0
0
0
0
0
0
0
0
0
0
0
0
0
0
0
0
0
0
0
0
0
0
0
0
0
0
0
0
0
0
0
0
0
0
0
0
0
0
0
0
0
0
0
0
0
0
0
0
0
0
0
0
0
0
0
0
0
0
0
0
0
0
0
0
0
0
0
0
0
0
0
0
0
0
0
0
0
0
0
0
0
0
0
0
0
0
0
0
0
0
0
0
0
0
0
0
0
0
0
0
0
0
0
0
0
0
0
0
0
0
0
0
0
0
0
0
0
0
0
0
0
0
0
0
0
0
0
0
0
0
0
0
0
0
0
0
0
0
0
0
0
0
0
0
0
0
0
0
0
0
0
0
0
0
0
0
0
0
0
0
0
0
0
0
0
0
0
0
0
0
0
0
0
0
0
0
0
0
0
0
0
0
0
0
0
0
0
0
0
0
0
0
0
0
0
0
0
0
0
0
0
0
0
0
0
0
0
0
0
0
0
0
0
0
0
0
0
0
0
0
0
0
0
0
0
0
0
0
0
0
0
0
0
0
0
0
0
0
0
0
0
0
0
0
0
0
0
0
0
0
0
0
0
0
0
0
0
0
0
0
0
0
0
0
0
0
0
0
0
0
0
0
0
0
0
0
0
0
0
0
0
0
0
0
0
0
0
0
0
0
0
0
0
0
0
0
0
0
0
0
0
0
0
0
0
0
0
0
0
0
0
0
0
0
0
0
0
0
0
0
0
0
0
0
0
0
0
0
0
0
0
0
0
0
0
0
0
0
0
0
0
0
0
0
0
0
0
0
0
0
0
0
0
0
0
0
0
0
0
0
0
0
0
0
0
0
0
0
0
0
0
0
0
0
0
0
0
0
0
0
0
0
0
0
0
0
0
0
0
0
0
0
0
0
0
0
0
0
0
0
0
0
0
0
0
0
0
0
0
0
0
0
0
0
0
0
0
0
0
0
0
0
0
0
0
0
0
0
0
0
0
0
0
0
0
0
0
0
0
0
0
0
0
0
0
0
0
0
0
0
0
0
0
0
0
0
0
0
0
0
0
0
0
0
0
0
0
0
0
0
0
0
0
0
0
0
0
0
0
0
0
0
0
0
0
0
0
0
0
0
0
0
0
0
0
0
0
0
0
0
0
0
0
0
0
0
0
0
0
0
0
0
0
0
0
0
0
0
0
0
0
0
0
0
0
0
0
0
0
0
0
0
0
0
0
0
0
0
0
0
0
0
0
0
0
0
0
0
0
0
0
0
0
0
0
0
0
0
0
0
0
0
0
0
0
0
0
0
0
0
0
0
0
0
0
0
0
0
0
0
0
0
0
0
0
0
0
0
0
0
0
0
0
0
0
0
0
0
0
0
0
0
0
0
0
0
0
0
0
0
0
0
0
0
0
0
0
0
0
0
0
0
0
0
0
0
0
0
0
0
0
0
0
0
0
0
0
0
0
0
0
0
0
0
0
0
0
0
0
0
0
0
0
0
0
0
0
0
0
0
0
0
0
0
0
0
0
0
0
0
0
0
0
0
0
0
0
0
0
0
0
0
0
0
0
0
0
0
0
0
0
0
0
0
0
0
0
0
0
0
0
0
0
0
0
0
0
0
0
0
0
0
0
0
0
0
0
0
0
0
0
0
0
0
0
0
0
0
0
0
0
0
0
0
0
0
0
0
0
0
0
0
0
0
0
0
0
0
0
0
0
0
0
0
0
0
0
0
0
0
0
0
0
0
0
0
0
0
0
0
0
0
0
0
0
0
0
0
0
0
0
0
0
0
0
0
0
0
0
0
0
0
0
0
0
0
0
0
0
0
0
0
0
0
0
0
0
0
0
0
0
0
0
0
0
0
0
0
0
0
0
0
0
0
0
0
0
0
0
0
0
0
0
0
0
0
0
0
0
0
0
0
0
0
0
0
0
0
0
0
0
0
0
0
0
0
0
0
0
0
0
0
0
0
0
0
0
0
0
0
0
0
0
0
0
0
0
0
0
0
0
0
0
0
0
0
0
0
0
0
0
0
0
0
0
0
0
0
0
0
0
0
0
0
0
0
0
0
0
0
0
0
0
0
0
0
0
0
0
0
0
0
0
0
0
0
0
0
0
0
0
0
0
0
0
0
0
0
0
0
0
0
0
0
0
0
0
0
0
0
0
0
0
0
0
0
0
0
0
0
0
0
0
0
0
0
0
0
0
0
0
0
0
0
0
0
0
0
0
0
0
0
0
0
0
0
0
0
0
0
0
0
0
0
0
0
0
0
0
0
0
0
0
0
0
0
0
0
0
0
0
0
0
0
0
0
0
0
0
0
0
0
0
0
0
0
0
0
0
0
0
0
0
0
0
0
0
0
0
0
0
0
0
0
0
0
0
0
0
0
0
0
0
0
0
0
0
0
0
0
0
0
0
0
0
0
0
0
0
0
0
0
0
0
0
0
0
0
0
0
0
0
0
0
0
0
0
0
0
0
0
0
0
0
0
0
0
0
0
0
0
0
0
0
0
0
0
0
0
0
0
0
0
0
0
0
0
0
0
0
0
0
0
0
0
0
0
0
0
0
0
0
0
0
0
0
0
0
0
0
0
0
0
0
0
0
0
0
0
0
0
0
0
0
0
0
0
0
0
0
0
0
0
0
0
0
0
0
0
0
0
0
0
0
0
0
0
0
0
0
0
0
0
0
0
0
0
0
0
0
0
0
0
0
0
0
0
0
0
0
0
0
0
0
0
0
0
0
0
0
0
0
0
0
0
0
0
0
0
0
0
0
0
0
0
0
0
0
0
0
0
0
0
0
0
0
0
0
0
0
0
0
0
0
0
0
0
0
0
0
0
0
0
0
0
0
0
0
0
0
0
0
0
0
0
0
0
0
0
0
0
0
0
0
0
0
0
0
0
0
0
0
0
0
0
0
0
0
0
0
0
0
0
0
0
0
0
0
0
0
0
0
0
0
0
0
0
0
0
0
0
0
0
0
0
0
0
0
0
0
0
0
0
0
0
0
0
0
0
0
0
0
0
0
0
0
0
0
0
0
0
0
0
0
0
0
0
0
0
0
0
0
0
0
0
0
0
0
0
0
0
0
0
0
0
0
0
0
0
0
0
0
0
0
0
0
0
0
0
0
0
0
0
0
0
0
0
0
0
0
0
0
0
0
0
0
0
0
0
0
0
0
0
0
0
0
0
0
0
0
0
0
0
0
0
0
0
0
0
0
0
0
0
0
0
0
0
0
0
0
0
0
0
0
0
0
0
0
0
0
0
0
0
0
0
0
0
0
0
0
0
0
0
0
0
0
0
0
0
0
0
0
0
0
0
0
0
0
0
0
0
0
0
0
0
0
0
0
0
0
0
0
0
0
0
0
0
0
0
0
0
0
0
0
0
0
0
0
0
0
0
0
0
0
0
0
0
0
0
0
0
0
0
0
0
0
0
0
0
0
0
0
0
0
0
0
0
0
0
0
0
0
0
0
0
0
0
0
0
0
0
0
0
0
0
0
0
0
0
0
0
0
0
0
0
0
0
0
0
0
0
0
0
0
0
0
0
0
0
0
0
0
0
0
0
0
0
0
0
0
0
0
0
0
0
0
0
0
0
0
0
0
0
0
0
0
0
0
0
0
0
0
0
0
0
0
0
0
0
0
0
0
0
0
0
0
0
0
0
0
0
0
0
0
0
0
0
0
0
0
0
0
0
0
0
0
0
0
0
0
0
0
0
0
0
0
0
0
0
0
0
0
0
0
0
0
0
0
0
0
0
0
0
0
0
0
0
0
0
0
0
0
0
0
0
0
0
0
0
0
0
0
0
0
0
0
0
0
0
0
0
0
0
0
0
0
0
0
0
0
0
0
0
0
0
0
0
0
0
0
0
0
0
0
0
0
0
0
0
0
0
0
0
0
0
0
0
0
0
0
0
0
0
0
0
0
0
0
0
0
0
0
0
0
0
0
0
0
0
0
0
0
0
0
0
0
0
0
0
0
0
0
0
0
0
0
0
0
0
0
0
0
0
0
0
0
0
0
0
0
0
0
0
0
0
0
0
0
0
0
0
0
0
0
0
0
0
0
0
0
0
0
0
0
0
0
0
0
0
0
0
0
0
0
0
0
0
0
0
0
0
0
0
0
0
0
0
0
0
0
0
0
0
0
0
0
0
0
0
0
0
0
0
0
0
0
0
0
0
0
0
0
0
0
0
0
0
0
0
0
0
0
0
0
0
0
0
0
0
0
0
0
0
0
0
0
0
0
0
0
0
0
0
0
0
0
0
0
0
0
0
0
0
0
0
0
0
0
0
0
0
0
0
0
0
0
0
0
0
0
0
0
0
0
0
0
0
0
0
0
0
0
0
0
0
0
0
0
0
0
0
0
0
0
0
0
0
0
0
0
0
0
0
0
0
0
0
0
0
0
0
0
0
0
0
0
0
0
0
0
0
0
0
0
0
0
0
0
0
0
0
0
0
0
0
0
0
0
0
0
0
0
0
0
0
0
0
0
0
0
0
0
0
0
0
0
0
0
0
0
0
0
0
0
0
0
0
0
0
0
0
0
0
0
0
0
0
0
0
0
0
0
0
0
0
0
0
0
0
0
0
0
0
0
0
0
0
0
0
0
0
0
0
0
0
0
0
0
0
0
0
0
0
0
0
0
0
0
0
0
0
0
0
0
0
0
0
0
0
0
0
0
0
0
0
0
0
0
0
0
0
0
0
0
0
0
0
0
0
0
0
0
0
0
0
0
0
0
0
0
0
0
0
0
0
0
0
0
0
0
0
0
0
0
0
0
0
0
0
0
0
0
0
0
0
0
0
0
0
0
0
0
0
0
0
0
0
0
0
0
0
0
0
0
0
0
0
0
0
0
0
0
0
0
0
0
0
0
0
0
0
0
0
0
0
0
0
0
0
0
0
0
0
0
0
0
0
0
0
0
0
0
0
0
0
0
0
0
0
0
0
0
0
0
0
0
0
0
0
0
0
0
0
0
0
0
0
0
0
0
0
0
0
0
0
0
0
0
0
0
0
0
0
0
0
0
0
0
0
0
0
0
0
0
0
0
0
0
0
0
0
0
0
0
0
0
0
0
0
0
0
0
0
0
0
0
0
0
0
0
0
0
0
0
0
0
0
0
0
0
0
0
0
0
0
0
0
0
0
0
0
0
0
0
0
0
0
0
0
0
0
0
0
0
0
0
0
0
0
0
0
0
0
0
0
0
0
0
0
0
0
0
0
0
0
0
0
0
0
0
0
0
0
0
0
0
0
0
0
0
0
0
0
0
0
0
0
0
0
0
0
0
0
0
0
0
0
0
0
0
0
0
0
0
0
0
0
0
0
0
0
0
0
0
0
0
0
0
0
0
0
0
0
0
0
0
0
0
0
0
0
0
0
0
0
0
0
0
0
0
0
0
0
0
0
0
0
0
0
0
0
0
0
0
0
0
0
0
0
0
0
0
0
0
0
0
0
0
0
0
0
0
0
0
0
0
0
0
0
0
0
0
0
0
0
0
0
0
0
0
0
0
0
0
0
0
0
0
0
0
0
0
0
0
0
0
0
0
0
0
0
0
0
0
0
0
0
0
0
0
0
0
0
0
0
0
0
0
0
0
0
0
0
0
0
0
0
0
0
0
0
0
0
0
0
0
0
0
0
0
0
0
0
0
0
0
0
0
0
0
0
0
0
0
0
0
0
0
0
0
0
0
0
0
0
0
0
0
0
0
0
0
0
0
0
0
0
0
0
0
0
0
0
0
0
0
0
0
0
0
0
0
0
0
0
0
0
0
0
0
0
0
0
0
0
0
0
0
0
0
0
0
0
0
0
0
0
0
0
0
0
0
0
0
0
0
0
0
0
0
0
0
0
0
0
0
0
0
0
0
0
0
0
0
0
0
0
0
0
0
0
0
0
0
0
0
0
0
0
0
0
0
0
0
0
0
0
0
0
0
0
0
0
0
0
0
0
0
0
0
0
0
0
0
0
0
0
0
0
0
0
0
0
0
0
0
0
0
0
0
0
0
0
0
0
0
0
0
0
0
0
0
0
0
0
0
0
0
0
0
0
0
0
0
0
0
0
0
0
0
0
0
0
0
0
0
0
0
0
0
0
0
0
0
0
0
0
0
0
0
0
0
0
0
0
0
0
0
0
0
0
0
0
0
0
0
0
0
0
0
0
0
0
0
0
0
0
0
0
0
0
0
0
0
0
0
0
0
0
0
0
0
0
0
0
0
0
0
0
0
0
0
0
0
0
0
0
0
0
0
0
0
0
0
0
0
0
0
0
0
0
0
0
0
0
0
0
0
0
0
0
0
0
0
0
0
0
0
0
0
0
0
0
0
0
0
0
0
0
0
0
0
0
0
0
0
0
0
0
0
0
0
0
0
0
0
0
0
0
0
0
0
0
0
0
0
0
0
0
0
0
0
0
0
0
0
0
0
0
0
0
0
0
0
0
0
0
0
0
0
0
0
0
0
0
0
0
0
0
0
0
0
0
0
0
0
0
0
0
0
0
0
0
0
0
0
0
0
0
0
0
0
0
0
0
0
0
0
0
0
0
0
0
0
0
0
0
0
0
0
0
0
0
0
0
0
0
0
0
0
0
0
0
0
0
0
0
0
0
0
0
0
0
0
0
0
0
0
0
0
0
0
0
0
0
0
0
0
0
0
0
0
0
0
0
0
0
0
0
0
0
0
0
0
0
0
0
0
0
0
0
0
0
0
0
0
0
0
0
0
0
0
0
0
0
0
0
0
0
0
0
0
0
0
0
0
0
0
0
0
0
0
0
0
0
0
0
0
0
0
0
0
0
0
0
0
0
0
0
0
0
0
0
0
0
0
0
0
0
0
0
0
0
0
0
0
0
0
0
0
0
0
0
0
0
0
0
0
0
0
0
0
0
0
0
0
0
0
0
0
0
0
0
0
0
0
0
0
0
0
0
0
0
0
0
0
0
0
0
0
0
0
0
0
0
0
0
0
0
0
0
0
0
0
0
0
0
0
0
0
0
0
0
0
0
0
0
0
0
0
0
0
0
0
0
0
0
0
0
0
0
0
0
0
0
0
0
0
0
0
0
0
0
0
0
0
0
0
0
0
0
0
0
0
0
0
0
0
0
0
0
0
0
0
0
0
0
0
0
0
0
0
0
0
0
0
0
0
0
0
0
0
0
0
0
0
0
0
0
0
0
0
0
0
0
0
0
0
0
0
0
0
0
0
0
0
0
0
0
0
0
0
0
0
0
0
0
0
0
0
0
0
0
0
0
0
0
0
0
0
0
0
0
0
0
0
0
0
0
0
0
0
0
0
0
0
0
0
0
0
0
0
0
0
0
0
0
0
0
0
0
0
0
0
0
0
0
0
0
0
0
0
0
0
0
0
0
0
0
0
0
0
0
0
0
0
0
0
0
0
0
0
0
0
0
0
0
0
0
0
0
0
0
0
0
0
0
0
0
0
0
0
0
0
0
0
0
0
0
0
0
0
0
0
0
0
0
0
0
0
0
0
0
0
0
0
0
0
0
0
0
0
0
0
0
0
0
0
0
0
0
0
0
0
0
0
0
0
0
0
0
0
0
0
0
0
0
0
0
0
0
0
0
0
0
0
0
0
0
0
0
0
0
0
0
0
0
0
0
0
0
0
0
0
0
0
0
0
0
0
0
0
0
0
0
0
0
0
0
0
0
0
0
0
0
0
0
0
0
0
0
0
0
0
0
0
0
0
0
0
0
0
0
0
0
0
0
0
0
0
0
0
0
0
0
0
0
0
0
0
0
0
0
0
0
0
0
0
0
0
0
0
0
0
0
0
0
0
0
0
0
0
0
0
0
0
0
0
0
0
0
0
0
0
0
0
0
0
0
0
0
0
0
0
0
0
0
0
0
0
0
0
0
0
0
0
0
0
0
0
0
0
0
0
0
0
0
0
0
0
0
0
0
0
0
0
0
0
0
0
0
0
0
0
0
0
0
0
0
0
0
0
0
0
0
0
0
0
0
0
0
0
0
0
0
0
0
0
0
0
0
0
0
0
0
0
0
0
0
0
0
0
0
0
0
0
0
0
0
0
0
0
0
0
0
0
0
0
0
0
0
0
0
0
0
0
0
0
0
0
0
0
0
0
0
0
0
0
0
0
0
0
0
0
0
0
0
0
0
0
0
0
0
0
0
0
0
0
0
0
0
0
0
0
0
0
0
0
0
0
0
0
0
0
0
0
0
0
0
0
0
0
0
0
0
0
0
0
0
0
0
0
0
0
0
0
0
0
0
0
0
0
0
0
0
0
0
0
0
0
0
0
0
0
0
0
0
0
0
0
0
0
0
0
0
0
0
0
0
0
0
0
0
0
0
0
0
0
0
0
0
0
0
0
0
0
0
0
0
0
0
0
0
0
0
0
0
0
0
0
0
0
0
0
0
0
0
0
0
0
0
0
0
0
0
0
0
0
0
0
0
0
0
0
0
0
0
0
0
0
0
0
0
0
0
0
0
0
0
0
0
0
0
0
0
0
0
0
0
0
0
0
0
0
0
0
0
0
0
0
0
0
0
0
0
0
0
0
0
0
0
0
0
0
0
0
0
0
0
0
0
0
0
0
0
0
0
0
0
0
0
0
0
0
0
0
0
0
0
0
0
0
0
0
0
0
0
0
0
0
0
0
0
0
0
0
0
0
0
0
0
0
0
0
0
0
0
0
0
0
0
0
0
0
0
0
0
0
0
0
0
0
0
0
0
0
0
0
0
0
0
0
0
0
0
0
0
0
0
0
0
0
0
0
0
0
0
0
0
0
0
0
0
0
0
0
0
0
0
0
0
0
0
0
0
0
0
0
0
0
0
0
0
0
0
0
0
0
0
0
0
0
0
0
0
0
0
0
0
0
0
0
0
0
0
0
0
0
0
0
0
0
0
0
0
0
0
0
0
0
0
0
0
0
0
0
0
0
0
0
0
0
0
0
0
0
0
0
0
0
0
0
0
0
0
0
0
0
0
0
0
0
0
0
0
0
0
0
0
0
0
0
0
0
0
0
0
0
0
0
0
0
0
0
0
0
0
0
0
0
0
0
0
0
0
0
0
0
0
0
0
0
0
0
0
0
0
0
0
0
0
0
0
0
0
0
0
0
0
0
0
0
0
0
0
0
0
0
0
0
0
0
0
0
0
0
0
0
0
0
0
0
0
0
0
0
0
0
0
0
0
0
0
0
0
0
0
0
0
0
0
0
0
0
0
0
0
0
0
0
0
0
0
0
0
0
0
0
0
0
0
0
0
0
0
0
0
0
0
0
0
0
0
0
0
0
0
0
0
0
0
0
0
0
0
0
0
0
0
0
0
0
0
0
0
0
0
0
0
0
0
0
0
0
0
0
0
0
0
0
0
0
0
0
0
0
0
0
0
0
0
0
0
0
0
0
0
0
0
0
0
0
0
0
0
0
0
0
0
0
0
0
0
0
0
0
0
0
0
0
0
0
0
0
0
0
0
0
0
0
0
0
0
0
0
0
0
0
0
0
0
0
0
0
0
0
0
0
0
0
0
0
0
0
0
0
0
0
0
0
0
0
0
0
0
0
0
0
0
0
0
0
0
0
0
0
0
0
0
0
0
0
0
0
0
0
0
0
0
0
0
0
0
0
0
0
0
0
0
0
0
0
0
0
0
0
0
0
0
0
0
0
0
0
0
0
0
0
0
0
0
VECTORS velocity float
0 -7.4607981503767782 0
0 -7.4605583288891939 0
0 -7.4607252243043076 0
0 -7.4604971829092035 0
0 -7.4606896328731702 0
0 -7.460465247675482 0
0 -7.4606701356112373 0
0 -7.4604461493198988 0
0 -7.4602349699060015 0
0 -7.4597530253760427 0
0 -7.4590899318264139 0
0 -7.4601790997602926 0
0 -7.4597045566045024 0
0 -7.4590554202151411 0
0 -7.4582946925629754 0
0 -7.4574417299632358 0
0 -7.4565926939499461 0
0 -7.4582792468058647 0
0 -7.457447216416436 0
0 -7.4566186549088602 0
0 -7.4601485421948466 0
0 -7.4596764188880025 0
0 -7.459032765474201 0
0 -7.4601293624117009 0
0 -7.4596572457363504 0
0 -7.4590153135378969 0
0 -7.4582656793128583 0
0 -7.4574444432612799 0
0 -7.4566269751008569 0
0 -7.4582528402060504 0
0 -7.4574379297246596 0
0 -7.4566276028988572 0
0 -7.455807123588067 0
0 -7.4551537988785226 0
0 -7.4546776731443334 0
0 -7.4558512396229801 0
0 -7.4552115900174458 0
0 -7.4547433850558233 0
0 -7.4543558934044842 0
0 -7.4541129318154402 0
0 -7.4544276997529995 0
0 -7.4541984883787151 0
0 -7.455869962941148 0
0 -7.4552388807391141 0
0 -7.4547767050926756 0
0 -7.4558779471274779 0
0 -7.455253768683912 0
0 -7.4547971358686826 0
0 -7.4544653229777484 0
0 -7.4542410359955689 0
0 -7.4544888779912775 0
0 -7.4542658390481185 0
0 -7.4606576621998881 0
0 -7.4606493694867195 0
0 -7.4604335013822585 0
0 -7.4604252240980893 0
0 -7.4606509386564683 0
0 -7.4604261193292523 0
0 -7.4606726042880913 0
0 -7.4604439768679427 0
0 -7.4607340442352825 0
0 -7.4604938298389509 0
0 -7.4601164317521462 0
0 -7.4596443014800276 0
0 -7.4601082745124403 0
0 -7.4596373270509613 0
0 -7.4590039631366274 0
0 -7.4589994931638435 0
0 -7.4601091471368708 0
0 -7.4596394885742354 0
0 -7.459004139552639 0
0 -7.4582450373894362 0
0 -7.4582442988965063 0
0 -7.4574350989176743 0
0 -7.4566305993729802 0
0 -7.457439059685707 0
0 -7.4566397126575925 0
0 -7.4582514608783814 0
0 -7.4574488888921717 0
0 -7.4566521544072906 0
0 -7.4601255541523308 0
0 -7.4596551336761872 0
0 -7.459018966637383 0
0 -7.4601704304259648 0
0 -7.4596948332488857 0
0 -7.459050443545272 0
0 -7.4582644989456721 0
0 -7.4574596410565599 0
0 -7.4566601996590887 0
0 -7.4582853652495977 0
0 -7.4574687729157088 0
0 -7.4566569669866913 0
0 -7.455887052932991 0
0 -7.4559011952469811 0
0 -7.455268747395194 0
0 -7.4548164632944012 0
0 -7.4552872884707098 0
0 -7.4548377159782815 0
0 -7.4559158982339655 0
0 -7.455303727000735 0
0 -7.4548542262549171 0
0 -7.4545105971793619 0
0 -7.4545327671192698 0
0 -7.4542871474317094 0
0 -7.4543092972316352 0
0 -7.45454829389565 0
0 -7.4543246557577643 0
0 -7.4559211146012565 0
0 -7.455306374681518 0
0 -7.4548543490757773 0
0 -7.4559058090979615 0
0 -7.4552811284015172 0
0 -7.4548223193589971 0
0 -7.4545462679635399 0
0 -7.454318436014888 0
0 -7.4545076153708481 0
0 -7.4542667260518218 0
0 -7.460722640744021 0
0 -7.4604942045905887 0
0 -7.4606617035554548 0
0 -7.4604426693472128 0
0 -7.4606302239744444 0
0 -7.4604146518890309 0
0 -7.4606117289242304 0
0 -7.4603971475725075 0
0 -7.460174992200125 0
0 -7.4596982910511276 0
0 -7.4590460718605565 0
0 -7.4601295487663304 0
0 -7.4596629159782974 0
0 -7.4590276668590434 0
0 -7.4582663163364868 0
0 -7.457430564060445 0
0 -7.4565990366028645 0
0 -7.4582690321798086 0
0 -7.4574552188092831 0
0 -7.4566440059084025 0
0 -7.4601041677442623 0
0 -7.4596423591464918 0
0 -7.4590154282176657 0
0 -7.4600877779438912 0
0 -7.4596280994233304 0
0 -7.4590054572188444 0
0 -7.4582681870379295 0
0 -7.4574668165221789 0
0 -7.4566674884563851 0
0 -7.4582650855926227 0
0 -7.4574717845415339 0
0 -7.4566806448718985 0
0 -7.4606844985656879 0
0 -7.4604598120398578 0
0 -7.460627591797321 0
0 -7.4604120505147655 0
0 -7.4605976267975143 0
0 -7.4603857053834215 0
0 -7.4605796879615722 0
0 -7.4603690061744325 0
0 -7.4601423289867457 0
0 -7.4596685502404947 0
0 -7.4590221303195037 0
0 -7.4601016113477536 0
0 -7.4596396614255944 0
0 -7.4590121711930495 0
0 -7.4582512620715962 0
0 -7.4574255332564867 0
0 -7.4566040639325548 0
0 -7.4582638255489737 0
0 -7.4574608913415581 0
0 -7.45665994779249 0
0 -7.4600786500751015 0
0 -7.4596227870189935 0
0 -7.4590051050145165 0
0 -7.4600636712326756 0
0 -7.4596109695068575 0
0 -7.4589988800056464 0
0 -7.4582694078546403 0
0 -7.4574798557143112 0
0 -7.4566913249954085 0
0 -7.458271213046979 0
0 -7.4574906685579352 0
0 -7.4567109195006367 0
0 -7.4558305266310425 0
0 -7.4551923691252249 0
0 -7.4547268133973548 0
0 -7.4558919530851302 0
0 -7.4552636591480157 0
0 -7.4548013700132296 0
0 -7.454413182671388 0
0 -7.4541829830705 0
0 -7.4544897326740402 0
0 -7.4542700187145554 0
0 -7.4559253978556237 0
0 -7.455303576681132 0
0 -7.4548445154006728 0
0 -7.4559458644100625 0
0 -7.4553294772805927 0
0 -7.4548738197823665 0
0 -7.4545344151451456 0
0 -7.454318141168752 0
0 -7.4545657484161438 0
0 -7.4543508513452128 0
0 -7.4558450097627116 0
0 -7.4552147950220373 0
0 -7.4547549110888207 0
0 -7.4559167325651163 0
0 -7.4552946273160723 0
0 -7.4548357906410354 0
0 -7.4544445880342929 0
0 -7.4542188297166856 0
0 -7.4545259041648233 0
0 -7.4543094410668322 0
0 -7.4559580125824487 0
0 -7.4553415158610798 0
0 -7.454884516809293 0
0 -7.4559850044618194 0
0 -7.4553734122376634 0
0 -7.4549187973864415 0
0 -7.4545749182933854 0
0 -7.4543608530987067 0
0 -7.4546103599005153 0
0 -7.4543972522234263 0
0 -7.4606613198972189 0
0 -7.4604375378840215 0
0 -7.4606049568426887 0
0 -7.4603906697081639 0
0 -7.4605758372487863 0
0 -7.460365359913304 0
0 -7.4605584422835696 0
0 -7.4603493391873714 0
0 -7.4601212725267869 0
0 -7.4596495131365996 0
0 -7.4590069182527889 0
0 -7.4600819837628585 0
0 -7.4596229851191502 0
0 -7.4590003788250092 0
0 -7.4582420726393162 0
0 -7.4574232334533574 0
0 -7.456608625218867 0
0 -7.4582589071342165 0
0 -7.4574634566625297 0
0 -7.4566696871773299 0
0 -7.4600605508422735 0
0 -7.4596084385844517 0
0 -7.4589965926624622 0
0 -7.4600465998216325 0
0 -7.4595982803818242 0
0 -7.4589928360567743 0
0 -7.4582685355258658 0
0 -7.4574870257280983 0
0 -7.4567059726865388 0
0 -7.4582735008185326 0
0 -7.4575015364150961 0
0 -7.4567295871379153 0
0 -7.4606423635045251 0
0 -7.4604188085259979 0
0 -7.4605860831400754 0
0 -7.4603723218889861 0
0 -7.4606231413594681 0
0 -7.4604000035341915 0
0 -7.4605674466770857 0
0 -7.4603541130544491 0
0 -7.4605572183014832 0
0 -7.4603473924078179 0
0 -7.460540137097512 0
0 -7.4603317404666702 0
0 -7.4605389252929193 0
0 -7.4603295688164959 0
0 -7.460522273038916 0
0 -7.4603144127344363 0
0 -7.4601034563946351 0
0 -7.4596334724690747 0
0 -7.4589941670722641 0
0 -7.4600648718044349 0
0 -7.4596081300923958 0
0 -7.4589893943717724 0
0 -7.4582338310926923 0
0 -7.4574202468534914 0
0 -7.4566110639276282 0
0 -7.4582529593461055 0
0 -7.4574631298253529 0
0 -7.456674975315333 0
0 -7.46008519046228 0
0 -7.4596163860568687 0
0 -7.458979104954798 0
0 -7.4600472699758393 0
0 -7.4595918922239077 0
0 -7.4589755322711957 0
0 -7.4582215204545719 0
0 -7.4574114615460436 0
0 -7.4566065939713155 0
0 -7.4582422717781123 0
0 -7.4574562971041951 0
0 -7.4566725096306152 0
0 -7.4600439987497671 0
0 -7.4595944640963783 0
0 -7.4589869109440521 0
0 -7.4600305725829337 0
0 -7.4595851535294182 0
0 -7.4589844120726871 0
0 -7.458264297211981 0
0 -7.4574887312860909 0
0 -7.4567134659621059 0
0 -7.4582709324453598 0
0 -7.4575052559086146 0
0 -7.4567393024704538 0
0 -7.4600268549261282 0
0 -7.4595788333416815 0
0 -7.4589739225376794 0
0 -7.4600140405252908 0
0 -7.4595703340591539 0
0 -7.4589725245089733 0
0 -7.4582548260531905 0
0 -7.4574834130651508 0
0 -7.4567126399612693 0
0 -7.4582628991133237 0
0 -7.457501652884746 0
0 -7.4567403140194859 0
0 -7.4558558060308746 0
0 -7.4552304684601811 0
0 -7.4547739227837226 0
0 -7.4559326461608366 0
0 -7.4553148485784337 0
0 -7.4548584973124434 0
0 -7.4544656430823517 0
0 -7.4542410633074425 0
0 -7.4545499708954948 0
0 -7.4543345267644758 0
0 -7.4559787781218683 0
0 -7.4553661376613247 0
0 -7.4549108137352249 0
0 -7.4560098036996987 0
0 -7.4554017566142026 0
0 -7.4549483084987616 0
0 -7.45460189774714 0
0 -7.4543884244506931 0
0 -7.4546401226189847 0
0 -7.4544273790484814 0
0 -7.4558633555569784 0
0 -7.4552421641002766 0
0 -7.4547881714746902 0
0 -7.4559429354679452 0
0 -7.4553289526128292 0
0 -7.4548747484506164 0
0 -7.4544812734282955 0
0 -7.4542574205306353 0
0 -7.4545673019758691 0
0 -7.4543523617837035 0
0 -7.4558636817224535 0
0 -7.4552469167982673 0
0 -7.4547960078729201 0
0 -7.4559449819633885 0
0 -7.4553349870623586 0
0 -7.4548835399707203 0
0 -7.4544908312125493 0
0 -7.4542679519510333 0
0 -7.4545776134211659 0
0 -7.4543634577352993 0
0 -7.455991262802188 0
0 -7.4553823025944421 0
0 -7.4549288962757938 0
0 -7.4560245332462687 0
0 -7.4554200577639875 0
0 -7.4549684283711857 0
0 -7.4546208588190739 0
0 -7.454407752015034 0
0 -7.4546610169780898 0
0 -7.4544485877011999 0
0 -7.4559948373785678 0
0 -7.455389656255389 0
0 -7.4549388523171318 0
0 -7.4560298944869245 0
0 -7.4554290489253985 0
0 -7.4549798992559522 0
0 -7.4546322416825959 0
0 -7.4544198402409885 0
0 -7.4546738663725423 0
0 -7.4544621428383033 0
0 -7.4605993796199863 0
0 -7.4605915548845845 0
0 -7.4603850971827788 0
0 -7.4603773942292477 0
0 -7.4605924348296178 0
0 -7.4603776603330614 0
0 -7.4606101509146834 0
0 -7.4603922665201976 0
0 -7.4606598985415902 0
0 -7.4604334078357395 0
0 -7.4600762937650265 0
0 -7.4596180239270948 0
0 -7.4600691348920991 0
0 -7.4596127810932398 0
0 -7.4589986911115389 0
0 -7.4589968212812128 0
0 -7.4600694372106711 0
0 -7.4596143814303923 0
0 -7.4590009811352287 0
0 -7.4582634497113514 0
0 -7.4582659783584742 0
0 -7.4574763751525488 0
0 -7.4566917587449542 0
0 -7.4574839890338822 0
0 -7.4567045843172926 0
0 -7.4582728241330409 0
0 -7.457493717347834 0
0 -7.4567170479346192 0
0 -7.4600829002949904 0
0 -7.4596272925097713 0
0 -7.4590135728517266 0
0 -7.4601199950301158 0
0 -7.4596601594193261 0
0 -7.459040020382357 0
0 -7.4582845727123983 0
0 -7.4575043223422259 0
0 -7.4567261504364968 0
0 -7.458303136505271 0
0 -7.4575144866725189 0
0 -7.4567274392713614 0
0 -7.4605674794347392 0
0 -7.4603573114340174 0
0 -7.4605594999161955 0
0 -7.4603495379117488 0
0 -7.4605596509077063 0
0 -7.4603491092278089 0
0 -7.4605752468847015 0
0 -7.4603618615094813 0
0 -7.4606201358950814 0
0 -7.460398883935321 0
0 -7.4600530083470042 0
0 -7.4596025306170084 0
0 -7.4600460054318321 0
0 -7.4595978180253049 0
0 -7.4589947584121195 0
0 -7.458993886543392 0
0 -7.4600456298547959 0
0 -7.4595987991967654 0
0 -7.4589974929085132 0
0 -7.4582731387788153 0
0 -7.4582770843943882 0
0 -7.4574995439124647 0
0 -7.4567267595561741 0
0 -7.4575088984750773 0
0 -7.4567414993616312 0
0 -7.4582834652600996 0
0 -7.4575182747404396 0
0 -7.4567537269616881 0
0 -7.4600571068064117 0
0 -7.4596095190344895 0
0 -7.459007715311631 0
0 -7.4600900820166718 0
0 -7.4596380420434496 0
0 -7.4590298793785221 0
0 -7.4582928553948626 0
0 -7.4575267574688739 0
0 -7.4567610934787742 0
0 -7.4583077229031183 0
0 -7.4575341914013586 0
0 -7.4567608842473803 0
0 -7.4559630553907681 0
0 -7.455980621576014 0
0 -7.4553516254731758 0
0 -7.4548990707416998 0
0 -7.4553730217290965 0
0 -7.4549227130606441 0
0 -7.4559953578295328 0
0 -7.4553895129287131 0
0 -7.4549395494216819 0
0 -7.4545926696049474 0
0 -7.4546170579243833 0
0 -7.4543785841581069 0
0 -7.4544033159756022 0
0 -7.4546332372886575 0
0 -7.4544187444305257 0
0 -7.4560025816705897 0
0 -7.4553947030008487 0
0 -7.4549423448176775 0
0 -7.4559946507600481 0
0 -7.45537824341329 0
0 -7.454919433395097 0
0 -7.4546335101744221 0
0 -7.4544156828995636 0
0 -7.4546050572673082 0
0 -7.4543787644903592 0
0 -7.4560069494136103 0
0 -7.4560264308334716 0
0 -7.4553999186456021 0
0 -7.4549478562679701 0
0 -7.4554230810804203 0
0 -7.4549731466762257 0
0 -7.4560410192702902 0
0 -7.4554395092396772 0
0 -7.4549901032051098 0
0 -7.4546406725676748 0
0 -7.454666732594343 0
0 -7.4544548121558618 0
0 -7.4544283058745568 0
0 -7.4546832468332065 0
0 -7.4544707786432296 0
0 -7.4560469448433384 0
0 -7.4554438723799397 0
0 -7.4549925724822543 0
0 -7.4560387922178979 0
0 -7.4554282512757242 0
0 -7.4549712589495503 0
0 -7.4546836808702395 0
0 -7.4544684269942261 0
0 -7.4546575741218906 0
0 -7.4544351175114709 0
0 -7.4605459963684213 0
0 -7.4603374728963496 0
0 -7.4605375211621867 0
0 -7.4603292542891326 0
0 -7.4605371042642128 0
0 -7.4603282694219564 0
0 -7.4605512789254362 0
0 -7.4603395613233987 0
0 -7.4605940966153774 0
0 -7.4603745211717785 0
0 -7.4600358918148135 0
0 -7.4595900983042576 0
0 -7.4600284926955513 0
0 -7.4595850798327668 0
0 -7.4589893926116817 0
0 -7.45898838473288 0
0 -7.4600275938556093 0
0 -7.4595855845788037 0
0 -7.458991547710105 0
0 -7.4582765525887806 0
0 -7.4575119511862846 0
0 -7.4582805724285981 0
0 -7.4575216053337297 0
0 -7.4567472857038473 0
0 -7.4567625309325685 0
0 -7.4582865816436392 0
0 -7.4575306961292762 0
0 -7.456774577785076 0
0 -7.4600373762189065 0
0 -7.4595942860249531 0
0 -7.4589994253501892 0
0 -7.460067906235003 0
0 -7.4596198100058393 0
0 -7.4590181289978261 0
0 -7.4582934748537681 0
0 -7.4575366963601706 0
0 -7.4567796505351298 0
0 -7.458304716595217 0
0 -7.4575406340765662 0
0 -7.4567763248714627 0
0 -7.4605277104616956 0
0 -7.4603199191100291 0
0 -7.4605188208174225 0
0 -7.4603113058798547 0
0 -7.4605176357614731 0
0 -7.4603095583226349 0
0 -7.4605104537620797 0
0 -7.460303267464254 0
0 -7.460501733792686 0
0 -7.4602948476246134 0
0 -7.4605005468974896 0
0 -7.4602930965782264 0
0 -7.4605312028222608 0
0 -7.4603201904944436 0
0 -7.4605731932753638 0
0 -7.4603541482386655 0
0 -7.4605135574006214 0
0 -7.4603031740844239 0
0 -7.4605547072872884 0
0 -7.4603363182745444 0
0 -7.4600199868212798 0
0 -7.4595772660314541 0
0 -7.4600121486514599 0
0 -7.4595717764854692 0
0 -7.4589815167036662 0
0 -7.4589800822636523 0
0 -7.4600103712170354 0
0 -7.4595712140732671 0
0 -7.4589820355737055 0
0 -7.4582748316250447 0
0 -7.4575167979583661 0
0 -7.4582785491154375 0
0 -7.4575263199242015 0
0 -7.4567583410578848 0
0 -7.4567736392413195 0
0 -7.4582833195405298 0
0 -7.4575342300245255 0
0 -7.4567846513628755 0
0 -7.4600042992988085 0
0 -7.4595635689345317 0
0 -7.4599966863862051 0
0 -7.4595583705647464 0
0 -7.4589710993679992 0
0 -7.4589700742866443 0
0 -7.4599949186621206 0
0 -7.4595578423874835 0
0 -7.458972107045506 0
0 -7.4582686073973044 0
0 -7.4575152553058963 0
0 -7.4582728860858722 0
0 -7.4575254894483907 0
0 -7.4567615203005557 0
0 -7.4567776438545676 0
0 -7.4582778037540818 0
0 -7.4575336260490772 0
0 -7.4567889639277878 0
0 -7.4600193925916418 0
0 -7.4595790227974135 0
0 -7.4589888929297654 0
0 -7.4600486378733581 0
0 -7.4596029144614677 0
0 -7.4590056457723817 0
0 -7.4582891388129076 0
0 -7.4575391663734782 0
0 -7.4567887485499531 0
0 -7.4582982217452978 0
0 -7.457540887692808 0
0 -7.4567833053027002 0
0 -7.4600032941129468 0
0 -7.4595648697791122 0
0 -7.458978056311536 0
0 -7.4600316375013733 0
0 -7.4595877333795917 0
0 -7.4589936810837605 0
0 -7.4582826625738452 0
0 -7.4575376257661548 0
0 -7.4567922241173639 0
0 -7.4582905836801476 0
0 -7.4575382320195196 0
0 -7.4567857909060473 0
0 -7.4560337661110783 0
0 -7.4560538953114088 0
0 -7.4554542624288436 0
0 -7.4554303228255234 0
0 -7.4549794041304001 0
0 -7.4550056372430031 0
0 -7.4560684115885989 0
0 -7.4554707645964404 0
0 -7.4550228918093948 0
0 -7.4546724452847259 0
0 -7.4544604656422511 0
0 -7.4546996336519875 0
0 -7.4544882865003848 0
0 -7.4547166934826432 0
0 -7.4545050170498337 0
0 -7.4560723889893143 0
0 -7.455473666001736 0
0 -7.4550244674001576 0
0 -7.4560616958476178 0
0 -7.4554562322028426 0
0 -7.4550020412463454 0
0 -7.4547166957332838 0
0 -7.4545024864374607 0
0 -7.4546900054290495 0
0 -7.4544688467435511 0
0 -7.4560499403073441 0
0 -7.4554501060350464 0
0 -7.4560702969016539 0
0 -7.4554744681930245 0
0 -7.4550010622197904 0
0 -7.4550279499677092 0
0 -7.456083996279304 0
0 -7.4554904520436933 0
0 -7.455045022445721 0
0 -7.4546949604991397 0
0 -7.454483387284748 0
0 -7.4547230322354912 0
0 -7.454512289318207 0
0 -7.4547402194216446 0
0 -7.4545293608025878 0
0 -7.4560574074909347 0
0 -7.4554610203906719 0
0 -7.4560786468752935 0
0 -7.4554862936427257 0
0 -7.4550142976178115 0
0 -7.4550421471016621 0
0 -7.4560927246015654 0
0 -7.4555027183136762 0
0 -7.4550597398634224 0
0 -7.4547095226156079 0
0 -7.4544987211417739 0
0 -7.4547386507391122 0
0 -7.4545288059379642 0
0 -7.4547564575775489 0
0 -7.4545466065528405 0
0 -7.4560871604848975 0
0 -7.4554927661565458 0
0 -7.4550462692168695 0
0 -7.4560746013780763 0
0 -7.4554738755052092 0
0 -7.4550228255027813 0
0 -7.4547401266724007 0
0 -7.4545268593696914 0
0 -7.4547127146303902 0
0 -7.4544924691668175 0
0 -7.4560952189508454 0
0 -7.4555045886255682 0
0 -7.4550607872387724 0
0 -7.4560818708895962 0
0 -7.4554851791620314 0
0 -7.4550370969151354 0
0 -7.4547563565949728 0
0 -7.4545442005526921 0
0 -7.4547288986290416 0
0 -7.4545098459616153 0
0 -7.4606053839684128 0
0 -7.4603825970303861 0
0 -7.4605507947777623 0
0 -7.4603375636741438 0
0 -7.4605231670777776 0
0 -7.4603139420666418 0
0 -7.4605074662878827 0
0 -7.4602998940523104 0
0 -7.4600674005331156 0
0 -7.4595984343828547 0
0 -7.4589612854037819 0
0 -7.4600302393602069 0
0 -7.4595747196195177 0
0 -7.4589587311888979 0
0 -7.4582042256769636 0
0 -7.4573956284667196 0
0 -7.4565936001404465 0
0 -7.4582264080736369 0
0 -7.4574422288565829 0
0 -7.45666129329061 0
0 -7.4600109360971016 0
0 -7.4595630820190664 0
0 -7.4589589818075348 0
0 -7.4599995317850123 0
0 -7.4595564120499693 0
0 -7.4589599048080668 0
0 -7.4582412998220304 0
0 -7.45747202534276 0
0 -7.4567041536957035 0
0 -7.4582521524420562 0
0 -7.4574933403225812 0
0 -7.4567349212810203 0
0 -7.4605971719573221 0
0 -7.4603734689688483 0
0 -7.4605428955716873 0
0 -7.4603286149893151 0
0 -7.4605159953160554 0
0 -7.4603058292825377 0
0 -7.4605016090002101 0
0 -7.4602933074079552 0
0 -7.4600566872031244 0
0 -7.4595860685097435 0
0 -7.4589472664002914 0
0 -7.4600195976782153 0
0 -7.4595623318404218 0
0 -7.4589447935400317 0
0 -7.4581881993109729 0
0 -7.457378384464298 0
0 -7.456576661308719 0
0 -7.4582108703865648 0
0 -7.4574258793550374 0
0 -7.4566453749506554 0
0 -7.4600013734313899 0
0 -7.4595521392641038 0
0 -7.4589469547737286 0
0 -7.4599919643621311 0
0 -7.4595481145428231 0
0 -7.4589511752153195 0
0 -7.4582281685749203 0
0 -7.4574584201604006 0
0 -7.4566909995376047 0
0 -7.4582428471201121 0
0 -7.4574838326276334 0
0 -7.4567257802297151 0
0 -7.4558548286724928 0
0 -7.4552427193943975 0
0 -7.4547954731951149 0
0 -7.4559375086388489 0
0 -7.455331591220367 0
0 -7.4548834324830136 0
0 -7.4544922959011828 0
0 -7.454270369269226 0
0 -7.4545793324094074 0
0 -7.4543660563998309 0
0 -7.4559897990190231 0
0 -7.4553881746407313 0
0 -7.4549402234689737 0
0 -7.4560276895341957 0
0 -7.4554299613826087 0
0 -7.4549832318141185 0
0 -7.4546352117274939 0
0 -7.4544235923211009 0
0 -7.4546785419177573 0
0 -7.4544675580130342 0
0 -7.4558397521332926 0
0 -7.4552307952291406 0
0 -7.4547860449968146 0
0 -7.4559232713555019 0
0 -7.4553201966327913 0
0 -7.4548743971418361 0
0 -7.4544839846808086 0
0 -7.4542619384429498 0
0 -7.4545714025151488 0
0 -7.4543580260317555 0
0 -7.4559780143125538 0
0 -7.4553786806478453 0
0 -7.4549326808254923 0
0 -7.4560194945006568 0
0 -7.4554234032933531 0
0 -7.454978020955247 0
0 -7.4546285583031757 0
0 -7.4544168713147787 0
0 -7.4546738658806255 0
0 -7.4544627665896073 0
0 -7.4606111590439959 0
0 -7.4603833870194673 0
0 -7.4605536729762063 0
0 -7.4603359175733077 0
0 -7.4605267816783361 0
0 -7.4603134584140314 0
0 -7.4605131206050572 0
0 -7.4603018655176081 0
0 -7.4600638810111768 0
0 -7.4595900252452667 0
0 -7.4589467712739204 0
0 -7.4600241626132986 0
0 -7.4595634267017932 0
0 -7.4589414762699935 0
0 -7.4581818314172912 0
0 -7.4573662589406053 0
0 -7.456559971123343 0
0 -7.4582023242836639 0
0 -7.4574124099064116 0
0 -7.456628088643928 0
0 -7.460006549129897 0
0 -7.4595542252821803 0
0 -7.4589450757030029 0
0 -7.4599983809481412 0
0 -7.4595518460731043 0
0 -7.4589513473530484 0
0 -7.4582215466213109 0
0 -7.457447247523513 0
0 -7.4566760666020366 0
0 -7.4582386192308583 0
0 -7.4574752278848893 0
0 -7.4567133218939761 0
0 -7.4606684915953014 0
0 -7.4604296608088383 0
0 -7.4606001399142139 0
0 -7.4603736984576958 0
0 -7.4605700527829075 0
0 -7.4603488393585184 0
0 -7.4605573908755858 0
0 -7.4603383833862074 0
0 -7.4601053824680648 0
0 -7.4596261773534804 0
0 -7.458973471576285 0
0 -7.4600572746579727 0
0 -7.4595904570176268 0
0 -7.4589587335466554 0
0 -7.4581954544940618 0
0 -7.4573654442909909 0
0 -7.456545239828043 0
0 -7.4582073894379493 0
0 -7.457404812079095 0
0 -7.4566086166662275 0
0 -7.4600373544101304 0
0 -7.4595788120583384 0
0 -7.4589598510607296 0
0 -7.4600307076808701 0
0 -7.4595784712211888 0
0 -7.4589686936711335 0
0 -7.4582243905649461 0
0 -7.4574378345937937 0
0 -7.4566551419344567 0
0 -7.4582444036501849 0
0 -7.4574688809256617 0
0 -7.4566952270207265 0
0 -7.4558200433402027 0
0 -7.4552097857757182 0
0 -7.4547644416377992 0
0 -7.455903564026908 0
0 -7.4552997140768937 0
0 -7.4548537274538029 0
0 -7.4544615686550291 0
0 -7.4542358501716919 0
0 -7.4545501302988102 0
0 -7.4543339270928888 0
0 -7.4559604289717667 0
0 -7.4553599175645688 0
0 -7.4549134166325519 0
0 -7.4560040461845176 0
0 -7.4554063117037064 0
0 -7.4549601153624945 0
0 -7.4546086463547505 0
0 -7.4543945756042662 0
0 -7.4546551836143671 0
0 -7.4544417683028419 0
0 -7.4557928986968571 0
0 -7.4551726979302089 0
0 -7.4547206695893413 0
0 -7.455873754780761 0
0 -7.4552620665201905 0
0 -7.454811291804722 0
0 -7.4544115408521581 0
0 -7.454173056694815 0
0 -7.4545035284348389 0
0 -7.4542782904216489 0
0 -7.4559295176480207 0
0 -7.4553216887516101 0
0 -7.4548710928593334 0
0 -7.4559753974515743 0
0 -7.455369686448992 0
0 -7.4549189457605189 0
0 -7.4545630066465236 0
0 -7.4543411675161675 0
0 -7.4546105577531039 0
0 -7.4543894883748516 0
0 -7.4604966993381208 0
0 -7.4602899357193966 0
0 -7.4604889532378085 0
0 -7.4602825360255149 0
0 -7.4604879552235959 0
0 -7.4602809698446526 0
0 -7.4605010409539005 0
0 -7.4602911743371276 0
0 -7.4605413609104509 0
0 -7.4603237068917174 0
0 -7.4599912623515552 0
0 -7.4595515222121414 0
0 -7.4599848634742951 0
0 -7.4595478203411538 0
0 -7.4589608011840811 0
0 -7.4589615668837732 0
0 -7.4599832388659593 0
0 -7.459547374717844 0
0 -7.4589636258377467 0
0 -7.458260568204409 0
0 -7.4575098905351878 0
0 -7.4582668792113669 0
0 -7.4575223048127235 0
0 -7.4567590908853374 0
0 -7.4567774036457077 0
0 -7.4582718108899018 0
0 -7.4575304889591063 0
0 -7.4567888244077078 0
0 -7.459991785896646 0
0 -7.4595546186193982 0
0 -7.458969850223399 0
0 -7.4600195895809591 0
0 -7.4595769812116082 0
0 -7.4589850291937765 0
0 -7.4582769941052298 0
0 -7.457534867938584 0
0 -7.4567925193173048 0
0 -7.4582845653565935 0
0 -7.4575352623483688 0
0 -7.4567860437316575 0
0 -7.4604919661759084 0
0 -7.4602846575267492 0
0 -7.4604852405767668 0
0 -7.4602783520498228 0
0 -7.4604852442481464 0
0 -7.4602777887708065 0
0 -7.4604987473843201 0
0 -7.4602883950887637 0
0 -7.4605389980165313 0
0 -7.4603208803349341 0
0 -7.4599853303639074 0
0 -7.459545266981352 0
0 -7.4599801972338105 0
0 -7.4595430592995582 0
0 -7.4589545298759612 0
0 -7.4589570164643524 0
0 -7.4599796582308375 0
0 -7.459543785177412 0
0 -7.4589603433472389 0
0 -7.4582540663735815 0
0 -7.4575033750823385 0
0 -7.4582622825982607 0
0 -7.4575178065804311 0
0 -7.4567528919971986 0
0 -7.4567732021532258 0
0 -7.4582685393102448 0
0 -7.4575273439771905 0
0 -7.4567859473349269 0
0 -7.4599885534611303 0
0 -7.4595512444650174 0
0 -7.4589666307133342 0
0 -7.4600162294725267 0
0 -7.459573335661311 0
0 -7.4589813627478865 0
0 -7.4582736773369751 0
0 -7.4575316247177073 0
0 -7.4567895411245209 0
0 -7.4582806643545068 0
0 -7.4575313791680129 0
0 -7.4567824484158969 0
0 -7.4560579516219461 0
0 -7.4554643119146284 0
0 -7.4560812354928299 0
0 -7.4554913760289283 0
0 -7.4550196393321713 0
0 -7.4550490382117793 0
0 -7.456095475240609 0
0 -7.4555080449570719 0
0 -7.4550669703624504 0
0 -7.4547159851126796 0
0 -7.4545059262821649 0
0 -7.4547465310963084 0
0 -7.4545374434674923 0
0 -7.4547647526205623 0
0 -7.4545557026234981 0
0 -7.4560984444323104 0
0 -7.4555104094469327 0
0 -7.4550685118865783 0
0 -7.4560852359413881 0
0 -7.4554913043036626 0
0 -7.4550452618735443 0
0 -7.4547651629699043 0
0 -7.4545538801875493 0
0 -7.4547382758169904 0
0 -7.4545203254671026 0
0 -7.4560524163026267 0
0 -7.455459974446133 0
0 -7.4560775300514912 0
0 -7.4554886132994032 0
0 -7.45501622229395 0
0 -7.4550469552193759 0
0 -7.4560929842211312 0
0 -7.4555063309694383 0
0 -7.4550657480406155 0
0 -7.4547128584943287 0
0 -7.4545026589167698 0
0 -7.4547445844953133 0
0 -7.4545353347040697 0
0 -7.4547635518879369 0
0 -7.4545543282821249 0
0 -7.4560958840898648 0
0 -7.4555086726653892 0
0 -7.4550673024214822 0
0 -7.456082146075226 0
0 -7.4554891834368897 0
0 -7.4550438188025456 0
0 -7.4547640132717881 0
0 -7.4545525832004316 0
0 -7.45473698434167 0
0 -7.4545189570719819 0
0 -7.4605050329445071 0
0 -7.4602949320013163 0
0 -7.4604990653772703 0
0 -7.4602894672323696 0
0 -7.4604997366020003 0
0 -7.4602895270568395 0
0 -7.4605145792544443 0
0 -7.4603011658615381 0
0 -7.4605580713199959 0
0 -7.4603361238421373 0
0 -7.45999390848527 0
0 -7.4595517530260445 0
0 -7.4599897005962665 0
0 -7.4595505368157751 0
0 -7.4589580251083429 0
0 -7.4589615740985362 0
0 -7.4599896762992541 0
0 -7.4595515507087944 0
0 -7.4589649333400896 0
0 -7.4582535797909397 0
0 -7.4574986943968895 0
0 -7.4582629480450455 0
0 -7.4575143740414225 0
0 -7.4567442243325912 0
0 -7.4567658006872746 0
0 -7.4582690703430607 0
0 -7.457523722948622 0
0 -7.4567783751207299 0
0 -7.4599994082101651 0
0 -7.4595595175336511 0
0 -7.4589712886556772 0
0 -7.4600291460311041 0
0 -7.4595832271122688 0
0 -7.4589869720728634 0
0 -7.4582738860074933 0
0 -7.4575274030972825 0
0 -7.456781210566267 0
0 -7.4582810353105593 0
0 -7.4575265979783358 0
0 -7.4567729562512062 0
0 -7.4605503481121556 0
0 -7.4603324896935099 0
0 -7.4605448110695658 0
0 -7.4603275003331619 0
0 -7.4605458834515508 0
0 -7.4603278132117046 0
0 -7.4605638764201005 0
0 -7.4603416720931648 0
0 -7.4606182235971366 0
0 -7.4603846874645932 0
0 -7.4600274452368724 0
0 -7.4595797979855876 0
0 -7.4600237139449259 0
0 -7.4595789804349559 0
0 -7.4589770120981411 0
0 -7.4589808512781737 0
0 -7.460023590282491 0
0 -7.4595792919072306 0
0 -7.4589827739290788 0
0 -7.4582612009905791 0
0 -7.4582708771629784 0
0 -7.4575104092596103 0
0 -7.4574942832044915 0
0 -7.4567279365419497 0
0 -7.45675006846343 0
0 -7.4582750218161751 0
0 -7.4575176237949856 0
0 -7.4567606346165753 0
0 -7.4600347841098964 0
0 -7.4595876728249904 0
0 -7.4589881430940652 0
0 -7.4600712963291054 0
0 -7.4596167790412222 0
0 -7.4590070029427888 0
0 -7.4582775012714366 0
0 -7.4575180338577933 0
0 -7.4567596861014653 0
0 -7.4582850864733174 0
0 -7.4575150421637169 0
0 -7.4567469842965819 0
0 -7.4560403018783612 0
0 -7.4554455449953529 0
0 -7.4560665798824903 0
0 -7.455475187867088 0
0 -7.4550003779741481 0
0 -7.4550319754823988 0
0 -7.4560819054429199 0
0 -7.4554928412041868 0
0 -7.4550507667701105 0
0 -7.4546958959108345 0
0 -7.454483338657635 0
0 -7.454728423118719 0
0 -7.4545168518239722 0
0 -7.4547474599868906 0
0 -7.4545359510076619 0
0 -7.4560839903857801 0
0 -7.4554943806468383 0
0 -7.4550515703524525 0
0 -7.456068620481485 0
0 -7.4554729893693201 0
0 -7.4550260448129642 0
0 -7.4547471949695305 0
0 -7.4545332784601088 0
0 -7.4547178617580174 0
0 -7.4544966247647135 0
0 -7.4560130617565097 0
0 -7.4560398575618683 0
0 -7.4554399462780268 0
0 -7.4554098625794172 0
0 -7.4549598662839953 0
0 -7.4549919224464958 0
0 -7.456053433630955 0
0 -7.4554562268969011 0
0 -7.4550097352259836 0
0 -7.4546518399533594 0
0 -7.4544315806096231 0
0 -7.4546849312079217 0
0 -7.4544658043794003 0
0 -7.4547032710836048 0
0 -7.4544842700465015 0
0 -7.4560515678524668 0
0 -7.45545402056492 0
0 -7.4550071058893312 0
0 -7.4560299945104171 0
0 -7.4554254284167563 0
0 -7.4549738651696744 0
0 -7.4546995883166254 0
0 -7.4544773478179147 0
0 -7.4546615543172869 0
0 -7.4544287963510385 0
-0 -0 -0
-0 -0 -0
-0 -0 -0
-0 -0 -0
-0 -0 -0
-0 -0 -0
-0 -0 -0
-0 -0 -0
-0 -0 -0
-0 -0 -0
-0 -0 -0
-0 -0 -0
-0 -0 -0
-0 -0 -0
-0 -0 -0
-0 -0 -0
-0 -0 -0
-0 -0 -0
-0 -0 -0
-0 -0 -0
-0 -0 -0
-0 -0 -0
-0 -0 -0
-0 -0 -0
-0 -0 -0
-0 -0 -0
-0 -0 -0
-0 -0 -0
-0 -0 -0
-0 -0 -0
-0 -0 -0
-0 -0 -0
-0 -0 -0
-0 -0 -0
-0 -0 -0
-0 -0 -0
-0 -0 -0
-0 -0 -0
-0 -0 -0
-0 -0 -0
-0 -0 -0
-0 -0 -0
-0 -0 -0
-0 -0 -0
-0 -0 -0
-0 -0 -0
-0 -0 -0
-0 -0 -0
-0 -0 -0
-0 -0 -0
-0 -0 -0
-0 -0 -0
-0 -0 -0
-0 -0 -0
-0 -0 -0
-0 -0 -0
-0 -0 -0
-0 -0 -0
-0 -0 -0
-0 -0 -0
-0 -0 -0
-0 -0 -0
-0 -0 -0
-0 -0 -0
-0 -0 -0
-0 -0 -0
-0 -0 -0
-0 -0 -0
-0 -0 -0
-0 -0 -0
-0 -0 -0
-0 -0 -0
-0 -0 -0
-0 -0 -0
-0 -0 -0
-0 -0 -0
-0 -0 -0
-0 -0 -0
-0 -0 -0
-0 -0 -0
-0 -0 -0
-0 -0 -0
-0 -0 -0
-0 -0 -0
-0 -0 -0
-0 -0 -0
-0 -0 -0
-0 -0 -0
-0 -0 -0
-0 -0 -0
-0 -0 -0
-0 -0 -0
-0 -0 -0
-0 -0 -0
-0 -0 -0
-0 -0 -0
-0 -0 -0
-0 -0 -0
-0 -0 -0
-0 -0 -0
-0 -0 -0
-0 -0 -0
-0 -0 -0
-0 -0 -0
-0 -0 -0
-0 -0 -0
-0 -0 -0
-0 -0 -0
-0 -0 -0
-0 -0 -0
-0 -0 -0
-0 -0 -0
-0 -0 -0
-0 -0 -0
-0 -0 -0
-0 -0 -0
-0 -0 -0
-0 -0 -0
-0 -0 -0
-0 -0 -0
-0 -0 -0
-0 -0 -0
-0 -0 -0
-0 -0 -0
-0 -0 -0
-0 -0 -0
-0 -0 -0
-0 -0 -0
-0 -0 -0
-0 -0 -0
-0 -0 -0
-0 -0 -0
-0 -0 -0
-0 -0 -0
-0 -0 -0
-0 -0 -0
-0 -0 -0
-0 -0 -0
-0 -0 -0
-0 -0 -0
-0 -0 -0
-0 -0 -0
-0 -0 -0
-0 -0 -0
-0 -0 -0
-0 -0 -0
-0 -0 -0
-0 -0 -0
-0 -0 -0
-0 -0 -0
-0 -0 -0
-0 -0 -0
-0 -0 -0
-0 -0 -0
-0 -0 -0
-0 -0 -0
-0 -0 -0
-0 -0 -0
-0 -0 -0
-0 -0 -0
-0 -0 -0
-0 -0 -0
-0 -0 -0
-0 -0 -0
-0 -0 -0
-0 -0 -0
-0 -0 -0
-0 -0 -0
-0 -0 -0
-0 -0 -0
-0 -0 -0
-0 -0 -0
-0 -0 -0
-0 -0 -0
-0 -0 -0
-0 -0 -0
-0 -0 -0
-0 -0 -0
-0 -0 -0
-0 -0 -0
-0 -0 -0
-0 -0 -0
-0 -0 -0
-0 -0 -0
-0 -0 -0
-0 -0 -0
-0 -0 -0
-0 -0 -0
-0 -0 -0
-0 -0 -0
-0 -0 -0
-0 -0 -0
-0 -0 -0
-0 -0 -0
-0 -0 -0
-0 -0 -0
-0 -0 -0
-0 -0 -0
-0 -0 -0
-0 -0 -0
-0 -0 -0
-0 -0 -0
-0 -0 -0
-0 -0 -0
-0 -0 -0
-0 -0 -0
-0 -0 -0
-0 -0 -0
-0 -0 -0
-0 -0 -0
-0 -0 -0
-0 -0 -0
-0 -0 -0
-0 -0 -0
-0 -0 -0
-0 -0 -0
-0 -0 -0
-0 -0 -0
-0 -0 -0
-0 -0 -0
-0 -0 -0
-0 -0 -0
-0 -0 -0
-0 -0 -0
-0 -0 -0
-0 -0 -0
-0 -0 -0
-0 -0 -0
-0 -0 -0
-0 -0 -0
-0 -0 -0
-0 -0 -0
-0 -0 -0
-0 -0 -0
-0 -0 -0
-0 -0 -0
-0 -0 -0
-0 -0 -0
-0 -0 -0
-0 -0 -0
-0 -0 -0
-0 -0 -0
-0 -0 -0
-0 -0 -0
-0 -0 -0
-0 -0 -0
-0 -0 -0
-0 -0 -0
-0 -0 -0
-0 -0 -0
-0 -0 -0
-0 -0 -0
-0 -0 -0
-0 -0 -0
-0 -0 -0
-0 -0 -0
-0 -0 -0
-0 -0 -0
-0 -0 -0
-0 -0 -0
-0 -0 -0
-0 -0 -0
-0 -0 -0
-0 -0 -0
-0 -0 -0
-0 -0 -0
-0 -0 -0
-0 -0 -0
-0 -0 -0
-0 -0 -0
-0 -0 -0
-0 -0 -0
-0 -0 -0
-0 -0 -0
-0 -0 -0
-0 -0 -0
-0 -0 -0
-0 -0 -0
-0 -0 -0
-0 -0 -0
-0 -0 -0
-0 -0 -0
-0 -0 -0
-0 -0 -0
-0 -0 -0
-0 -0 -0
-0 -0 -0
-0 -0 -0
-0 -0 -0
-0 -0 -0
-0 -0 -0
-0 -0 -0
-0 -0 -0
-0 -0 -0
-0 -0 -0
-0 -0 -0
-0 -0 -0
-0 -0 -0
-0 -0 -0
-0 -0 -0
-0 -0 -0
-0 -0 -0
-0 -0 -0
-0 -0 -0
-0 -0 -0
-0 -0 -0
-0 -0 -0
-0 -0 -0
-0 -0 -0
-0 -0 -0
-0 -0 -0
-0 -0 -0
-0 -0 -0
-0 -0 -0
-0 -0 -0
-0 -0 -0
-0 -0 -0
-0 -0 -0
-0 -0 -0
-0 -0 -0
-0 -0 -0
-0 -0 -0
-0 -0 -0
-0 -0 -0
-0 -0 -0
-0 -0 -0
-0 -0 -0
-0 -0 -0
-0 -0 -0
-0 -0 -0
-0 -0 -0
-0 -0 -0
-0 -0 -0
-0 -0 -0
-0 -0 -0
-0 -0 -0
-0 -0 -0
-0 -0 -0
-0 -0 -0
-0 -0 -0
-0 -0 -0
-0 -0 -0
-0 -0 -0
-0 -0 -0
-0 -0 -0
-0 -0 -0
-0 -0 -0
-0 -0 -0
-0 -0 -0
-0 -0 -0
-0 -0 -0
-0 -0 -0
-0 -0 -0
-0 -0 -0
-0 -0 -0
-0 -0 -0
-0 -0 -0
-0 -0 -0
-0 -0 -0
-0 -0 -0
-0 -0 -0
-0 -0 -0
-0 -0 -0
-0 -0 -0
-0 -0 -0
-0 -0 -0
-0 -0 -0
-0 -0 -0
-0 -0 -0
-0 -0 -0
-0 -0 -0
-0 -0 -0
-0 -0 -0
-0 -0 -0
-0 -0 -0
-0 -0 -0
-0 -0 -0
-0 -0 -0
-0 -0 -0
-0 -0 -0
-0 -0 -0
-0 -0 -0
-0 -0 -0
-0 -0 -0
-0 -0 -0
-0 -0 -0
-0 -0 -0
-0 -0 -0
-0 -0 -0
-0 -0 -0
-0 -0 -0
-0 -0 -0
-0 -0 -0
-0 -0 -0
-0 -0 -0
-0 -0 -0
-0 -0 -0
-0 -0 -0
-0 -0 -0
-0 -0 -0
-0 -0 -0
-0 -0 -0
-0 -0 -0
-0 -0 -0
-0 -0 -0
-0 -0 -0
-0 -0 -0
-0 -0 -0
-0 -0 -0
-0 -0 -0
-0 -0 -0
-0 -0 -0
-0 -0 -0
-0 -0 -0
-0 -0 -0
-0 -0 -0
-0 -0 -0
-0 -0 -0
-0 -0 -0
-0 -0 -0
-0 -0 -0
-0 -0 -0
-0 -0 -0
-0 -0 -0
-0 -0 -0
-0 -0 -0
-0 -0 -0
-0 -0 -0
-0 -0 -0
-0 -0 -0
-0 -0 -0
-0 -0 -0
-0 -0 -0
-0 -0 -0
-0 -0 -0
-0 -0 -0
-0 -0 -0
-0 -0 -0
-0 -0 -0
-0 -0 -0
-0 -0 -0
-0 -0 -0
-0 -0 -0
-0 -0 -0
-0 -0 -0
-0 -0 -0
-0 -0 -0
-0 -0 -0
-0 -0 -0
-0 -0 -0
-0 -0 -0
-0 -0 -0
-0 -0 -0
-0 -0 -0
-0 -0 -0
-0 -0 -0
-0 -0 -0
-0 -0 -0
-0 -0 -0
-0 -0 -0
-0 -0 -0
-0 -0 -0
-0 -0 -0
-0 -0 -0
-0 -0 -0
-0 -0 -0
-0 -0 -0
-0 -0 -0
-0 -0 -0
-0 -0 -0
-0 -0 -0
-0 -0 -0
-0 -0 -0
-0 -0 -0
-0 -0 -0
-0 -0 -0
-0 -0 -0
-0 -0 -0
-0 -0 -0
-0 -0 -0
-0 -0 -0
-0 -0 -0
-0 -0 -0
-0 -0 -0
-0 -0 -0
-0 -0 -0
-0 -0 -0
-0 -0 -0
-0 -0 -0
-0 -0 -0
-0 -0 -0
-0 -0 -0
-0 -0 -0
-0 -0 -0
-0 -0 -0
-0 -0 -0
-0 -0 -0
-0 -0 -0
-0 -0 -0
-0 -0 -0
-0 -0 -0
-0 -0 -0
-0 -0 -0
-0 -0 -0
-0 -0 -0
-0 -0 -0
-0 -0 -0
-0 -0 -0
-0 -0 -0
-0 -0 -0
-0 -0 -0
-0 -0 -0
-0 -0 -0
-0 -0 -0
-0 -0 -0
-0 -0 -0
-0 -0 -0
-0 -0 -0
-0 -0 -0
-0 -0 -0
-0 -0 -0
-0 -0 -0
-0 -0 -0
-0 -0 -0
-0 -0 -0
-0 -0 -0
-0 -0 -0
-0 -0 -0
-0 -0 -0
-0 -0 -0
-0 -0 -0
-0 -0 -0
-0 -0 -0
-0 -0 -0
-0 -0 -0
-0 -0 -0
-0 -0 -0
-0 -0 -0
-0 -0 -0
-0 -0 -0
-0 -0 -0
-0 -0 -0
-0 -0 -0
-0 -0 -0
-0 -0 -0
-0 -0 -0
-0 -0 -0
-0 -0 -0
-0 -0 -0
-0 -0 -0
-0 -0 -0
-0 -0 -0
-0 -0 -0
-0 -0 -0
-0 -0 -0
-0 -0 -0
-0 -0 -0
-0 -0 -0
-0 -0 -0
-0 -0 -0
-0 -0 -0
-0 -0 -0
-0 -0 -0
-0 -0 -0
-0 -0 -0
-0 -0 -0
-0 -0 -0
-0 -0 -0
-0 -0 -0
-0 -0 -0
-0 -0 -0
-0 -0 -0
-0 -0 -0
-0 -0 -0
-0 -0 -0
-0 -0 -0
-0 -0 -0
-0 -0 -0
-0 -0 -0
-0 -0 -0
-0 -0 -0
-0 -0 -0
-0 -0 -0
-0 -0 -0
-0 -0 -0
-0 -0 -0
-0 -0 -0
-0 -0 -0
-0 -0 -0
-0 -0 -0
-0 -0 -0
-0 -0 -0
-0 -0 -0
-0 -0 -0
-0 -0 -0
-0 -0 -0
-0 -0 -0
-0 -0 -0
-0 -0 -0
-0 -0 -0
-0 -0 -0
-0 -0 -0
-0 -0 -0
-0 -0 -0
-0 -0 -0
-0 -0 -0
-0 -0 -0
-0 -0 -0
-0 -0 -0
-0 -0 -0
-0 -0 -0
-0 -0 -0
-0 -0 -0
-0 -0 -0
-0 -0 -0
-0 -0 -0
-0 -0 -0
-0 -0 -0
-0 -0 -0
-0 -0 -0
-0 -0 -0
-0 -0 -0
-0 -0 -0
-0 -0 -0
-0 -0 -0
-0 -0 -0
-0 -0 -0
-0 -0 -0
-0 -0 -0
-0 -0 -0
-0 -0 -0
-0 -0 -0
-0 -0 -0
-0 -0 -0
-0 -0 -0
-0 -0 -0
-0 -0 -0
-0 -0 -0
-0 -0 -0
-0 -0 -0
-0 -0 -0
-0 -0 -0
-0 -0 -0
-0 -0 -0
-0 -0 -0
-0 -0 -0
-0 -0 -0
-0 -0 -0
-0 -0 -0
-0 -0 -0
-0 -0 -0
-0 -0 -0
-0 -0 -0
-0 -0 -0
-0 -0 -0
-0 -0 -0
-0 -0 -0
-0 -0 -0
-0 -0 -0
-0 -0 -0
-0 -0 -0
-0 -0 -0
-0 -0 -0
-0 -0 -0
-0 -0 -0
-0 -0 -0
-0 -0 -0
-0 -0 -0
-0 -0 -0
-0 -0 -0
-0 -0 -0
-0 -0 -0
-0 -0 -0
-0 -0 -0
-0 -0 -0
-0 -0 -0
-0 -0 -0
-0 -0 -0
-0 -0 -0
-0 -0 -0
-0 -0 -0
-0 -0 -0
-0 -0 -0
-0 -0 -0
-0 -0 -0
-0 -0 -0
-0 -0 -0
-0 -0 -0
-0 -0 -0
-0 -0 -0
-0 -0 -0
-0 -0 -0
-0 -0 -0
-0 -0 -0
-0 -0 -0
-0 -0 -0
-0 -0 -0
-0 -0 -0
-0 -0 -0
-0 -0 -0
-0 -0 -0
-0 -0 -0
-0 -0 -0
-0 -0 -0
-0 -0 -0
-0 -0 -0
-0 -0 -0
-0 -0 -0
-0 -0 -0
-0 -0 -0
-0 -0 -0
-0 -0 -0
-0 -0 -0
-0 -0 -0
-0 -0 -0
-0 -0 -0
-0 -0 -0
-0 -0 -0
-0 -0 -0
-0 -0 -0
-0 -0 -0
-0 -0 -0
-0 -0 -0
-0 -0 -0
-0 -0 -0
-0 -0 -0
-0 -0 -0
-0 -0 -0
-0 -0 -0
-0 -0 -0
-0 -0 -0
-0 -0 -0
-0 -0 -0
-0 -0 -0
-0 -0 -0
-0 -0 -0
-0 -0 -0
-0 -0 -0
-0 -0 -0
-0 -0 -0
-0 -0 -0
-0 -0 -0
-0 -0 -0
-0 -0 -0
-0 -0 -0
-0 -0 -0
-0 -0 -0
-0 -0 -0
-0 -0 -0
-0 -0 -0
-0 -0 -0
-0 -0 -0
-0 -0 -0
-0 -0 -0
-0 -0 -0
-0 -0 -0
-0 -0 -0
-0 -0 -0
-0 -0 -0
-0 -0 -0
-0 -0 -0
-0 -0 -0
-0 -0 -0
-0 -0 -0
-0 -0 -0
-0 -0 -0
-0 -0 -0
-0 -0 -0
-0 -0 -0
-0 -0 -0
-0 -0 -0
-0 -0 -0
-0 -0 -0
-0 -0 -0
-0 -0 -0
-0 -0 -0
-0 -0 -0
-0 -0 -0
-0 -0 -0
-0 -0 -0
-0 -0 -0
-0 -0 -0
-0 -0 -0
-0 -0 -0
-0 -0 -0
-0 -0 -0
-0 -0 -0
-0 -0 -0
-0 -0 -0
-0 -0 -0
-0 -0 -0
-0 -0 -0
-0 -0 -0
-0 -0 -0
-0 -0 -0
-0 -0 -0
-0 -0 -0
-0 -0 -0
-0 -0 -0
-0 -0 -0
-0 -0 -0
-0 -0 -0
-0 -0 -0
-0 -0 -0
-0 -0 -0
-0 -0 -0
-0 -0 -0
-0 -0 -0
-0 -0 -0
-0 -0 -0
-0 -0 -0
-0 -0 -0
-0 -0 -0
-0 -0 -0
-0 -0 -0
-0 -0 -0
-0 -0 -0
-0 -0 -0
-0 -0 -0
-0 -0 -0
-0 -0 -0
-0 -0 -0
-0 -0 -0
-0 -0 -0
-0 -0 -0
-0 -0 -0
-0 -0 -0
-0 -0 -0
-0 -0 -0
-0 -0 -0
-0 -0 -0
-0 -0 -0
-0 -0 -0
-0 -0 -0
-0 -0 -0
-0 -0 -0
-0 -0 -0
-0 -0 -0
-0 -0 -0
-0 -0 -0
-0 -0 -0
-0 -0 -0
-0 -0 -0
-0 -0 -0
-0 -0 -0
-0 -0 -0
-0 -0 -0
-0 -0 -0
-0 -0 -0
-0 -0 -0
-0 -0 -0
-0 -0 -0
-0 -0 -0
-0 -0 -0
-0 -0 -0
-0 -0 -0
-0 -0 -0
-0 -0 -0
-0 -0 -0
-0 -0 -0
-0 -0 -0
-0 -0 -0
-0 -0 -0
-0 -0 -0
-0 -0 -0
-0 -0 -0
-0 -0 -0
-0 -0 -0
-0 -0 -0
-0 -0 -0
-0 -0 -0
-0 -0 -0
-0 -0 -0
-0 -0 -0
-0 -0 -0
-0 -0 -0
-0 -0 -0
-0 -0 -0
-0 -0 -0
-0 -0 -0
-0 -0 -0
-0 -0 -0
-0 -0 -0
-0 -0 -0
-0 -0 -0
-0 -0 -0
-0 -0 -0
-0 -0 -0
-0 -0 -0
-0 -0 -0
-0 -0 -0
-0 -0 -0
-0 -0 -0
-0 -0 -0
-0 -0 -0
-0 -0 -0
-0 -0 -0
-0 -0 -0
-0 -0 -0
-0 -0 -0
-0 -0 -0
-0 -0 -0
-0 -0 -0
-0 -0 -0
-0 -0 -0
-0 -0 -0
-0 -0 -0
-0 -0 -0
-0 -0 -0
-0 -0 -0
-0 -0 -0
-0 -0 -0
-0 -0 -0
-0 -0 -0
-0 -0 -0
-0 -0 -0
-0 -0 -0
-0 -0 -0
-0 -0 -0
-0 -0 -0
-0 -0 -0
-0 -0 -0
-0 -0 -0
-0 -0 -0
-0 -0 -0
-0 -0 -0
-0 -0 -0
-0 -0 -0
-0 -0 -0
-0 -0 -0
-0 -0 -0
-0 -0 -0
-0 -0 -0
-0 -0 -0
-0 -0 -0
-0 -0 -0
-0 -0 -0
-0 -0 -0
-0 -0 -0
-0 -0 -0
-0 -0 -0
-0 -0 -0
-0 -0 -0
-0 -0 -0
-0 -0 -0
-0 -0 -0
-0 -0 -0
-0 -0 -0
-0 -0 -0
-0 -0 -0
-0 -0 -0
-0 -0 -0
-0 -0 -0
-0 -0 -0
-0 -0 -0
-0 -0 -0
-0 -0 -0
-0 -0 -0
-0 -0 -0
-0 -0 -0
-0 -0 -0
-0 -0 -0
-0 -0 -0
-0 -0 -0
-0 -0 -0
-0 -0 -0
-0 -0 -0
-0 -0 -0
-0 -0 -0
-0 -0 -0
-0 -0 -0
-0 -0 -0
-0 -0 -0
-0 -0 -0
-0 -0 -0
-0 -0 -0
-0 -0 -0
-0 -0 -0
-0 -0 -0
-0 -0 -0
-0 -0 -0
-0 -0 -0
-0 -0 -0
-0 -0 -0
-0 -0 -0
-0 -0 -0
-0 -0 -0
-0 -0 -0
-0 -0 -0
-0 -0 -0
-0 -0 -0
-0 -0 -0
-0 -0 -0
-0 -0 -0
-0 -0 -0
-0 -0 -0
-0 -0 -0
-0 -0 -0
-0 -0 -0
-0 -0 -0
-0 -0 -0
-0 -0 -0
-0 -0 -0
-0 -0 -0
-0 -0 -0
-0 -0 -0
-0 -0 -0
-0 -0 -0
-0 -0 -0
-0 -0 -0
-0 -0 -0
-0 -0 -0
-0 -0 -0
-0 -0 -0
-0 -0 -0
-0 -0 -0
-0 -0 -0
-0 -0 -0
-0 -0 -0
-0 -0 -0
-0 -0 -0
-0 -0 -0
-0 -0 -0
-0 -0 -0
-0 -0 -0
-0 -0 -0
-0 -0 -0
-0 -0 -0
-0 -0 -0
-0 -0 -0
-0 -0 -0
-0 -0 -0
-0 -0 -0
-0 -0 -0
-0 -0 -0
-0 -0 -0
-0 -0 -0
-0 -0 -0
-0 -0 -0
-0 -0 -0
-0 -0 -0
-0 -0 -0
-0 -0 -0
-0 -0 -0
-0 -0 -0
-0 -0 -0
-0 -0 -0
-0 -0 -0
-0 -0 -0
-0 -0 -0
-0 -0 -0
-0 -0 -0
-0 -0 -0
-0 -0 -0
-0 -0 -0
-0 -0 -0
-0 -0 -0
-0 -0 -0
-0 -0 -0
-0 -0 -0
-0 -0 -0
-0 -0 -0
-0 -0 -0
-0 -0 -0
-0 -0 -0
-0 -0 -0
-0 -0 -0
-0 -0 -0
-0 -0 -0
-0 -0 -0
-0 -0 -0
-0 -0 -0
-0 -0 -0
-0 -0 -0
-0 -0 -0
-0 -0 -0
-0 -0 -0
-0 -0 -0
-0 -0 -0
-0 -0 -0
-0 -0 -0
-0 -0 -0
-0 -0 -0
-0 -0 -0
-0 -0 -0
-0 -0 -0
-0 -0 -0
-0 -0 -0
-0 -0 -0
-0 -0 -0
-0 -0 -0
-0 -0 -0
-0 -0 -0
-0 -0 -0
-0 -0 -0
-0 -0 -0
-0 -0 -0
-0 -0 -0
-0 -0 -0
-0 -0 -0
-0 -0 -0
-0 -0 -0
-0 -0 -0
-0 -0 -0
-0 -0 -0
-0 -0 -0
-0 -0 -0
-0 -0 -0
-0 -0 -0
-0 -0 -0
-0 -0 -0
-0 -0 -0
-0 -0 -0
-0 -0 -0
-0 -0 -0
-0 -0 -0
-0 -0 -0
-0 -0 -0
-0 -0 -0
-0 -0 -0
-0 -0 -0
-0 -0 -0
-0 -0 -0
-0 -0 -0
-0 -0 -0
-0 -0 -0
-0 -0 -0
-0 -0 -0
-0 -0 -0
-0 -0 -0
-0 -0 -0
-0 -0 -0
-0 -0 -0
-0 -0 -0
-0 -0 -0
-0 -0 -0
-0 -0 -0
-0 -0 -0
-0 -0 -0
-0 -0 -0
-0 -0 -0
-0 -0 -0
-0 -0 -0
-0 -0 -0
-0 -0 -0
-0 -0 -0
-0 -0 -0
-0 -0 -0
-0 -0 -0
-0 -0 -0
-0 -0 -0
-0 -0 -0
-0 -0 -0
-0 -0 -0
-0 -0 -0
-0 -0 -0
-0 -0 -0
-0 -0 -0
-0 -0 -0
-0 -0 -0
-0 -0 -0
-0 -0 -0
-0 -0 -0
-0 -0 -0
-0 -0 -0
-0 -0 -0
-0 -0 -0
-0 -0 -0
-0 -0 -0
-0 -0 -0
-0 -0 -0
-0 -0 -0
-0 -0 -0
-0 -0 -0
-0 -0 -0
-0 -0 -0
-0 -0 -0
-0 -0 -0
-0 -0 -0
-0 -0 -0
-0 -0 -0
-0 -0 -0
-0 -0 -0
-0 -0 -0
-0 -0 -0
-0 -0 -0
-0 -0 -0
-0 -0 -0
-0 -0 -0
-0 -0 -0
-0 -0 -0
-0 -0 -0
-0 -0 -0
-0 -0 -0
-0 -0 -0
-0 -0 -0
-0 -0 -0
-0 -0 -0
-0 -0 -0
-0 -0 -0
-0 -0 -0
-0 -0 -0
-0 -0 -0
-0 -0 -0
-0 -0 -0
-0 -0 -0
-0 -0 -0
-0 -0 -0
-0 -0 -0
-0 -0 -0
-0 -0 -0
-0 -0 -0
-0 -0 -0
-0 -0 -0
-0 -0 -0
-0 -0 -0
-0 -0 -0
-0 -0 -0
-0 -0 -0
-0 -0 -0
-0 -0 -0
-0 -0 -0
-0 -0 -0
-0 -0 -0
-0 -0 -0
-0 -0 -0
-0 -0 -0
-0 -0 -0
-0 -0 -0
-0 -0 -0
-0 -0 -0
-0 -0 -0
-0 -0 -0
-0 -0 -0
-0 -0 -0
-0 -0 -0
-0 -0 -0
-0 -0 -0
-0 -0 -0
-0 -0 -0
-0 -0 -0
-0 -0 -0
-0 -0 -0
-0 -0 -0
-0 -0 -0
-0 -0 -0
-0 -0 -0
-0 -0 -0
-0 -0 -0
-0 -0 -0
-0 -0 -0
-0 -0 -0
-0 -0 -0
-0 -0 -0
-0 -0 -0
-0 -0 -0
-0 -0 -0
-0 -0 -0
-0 -0 -0
-0 -0 -0
-0 -0 -0
-0 -0 -0
-0 -0 -0
-0 -0 -0
-0 -0 -0
-0 -0 -0
-0 -0 -0
-0 -0 -0
-0 -0 -0
-0 -0 -0
-0 -0 -0
-0 -0 -0
-0 -0 -0
-0 -0 -0
-0 -0 -0
-0 -0 -0
-0 -0 -0
-0 -0 -0
-0 -0 -0
-0 -0 -0
-0 -0 -0
-0 -0 -0
-0 -0 -0
-0 -0 -0
-0 -0 -0
-0 -0 -0
-0 -0 -0
-0 -0 -0
-0 -0 -0
-0 -0 -0
-0 -0 -0
-0 -0 -0
-0 -0 -0
-0 -0 -0
-0 -0 -0
-0 -0 -0
-0 -0 -0
-0 -0 -0
-0 -0 -0
-0 -0 -0
-0 -0 -0
-0 -0 -0
-0 -0 -0
-0 -0 -0
-0 -0 -0
-0 -0 -0
-0 -0 -0
-0 -0 -0
-0 -0 -0
-0 -0 -0
-0 -0 -0
-0 -0 -0
-0 -0 -0
-0 -0 -0
-0 -0 -0
-0 -0 -0
-0 -0 -0
-0 -0 -0
-0 -0 -0
-0 -0 -0
-0 -0 -0
-0 -0 -0
-0 -0 -0
-0 -0 -0
-0 -0 -0
-0 -0 -0
-0 -0 -0
-0 -0 -0
-0 -0 -0
-0 -0 -0
-0 -0 -0
-0 -0 -0
-0 -0 -0
-0 -0 -0
-0 -0 -0
-0 -0 -0
-0 -0 -0
-0 -0 -0
-0 -0 -0
-0 -0 -0
-0 -0 -0
-0 -0 -0
-0 -0 -0
-0 -0 -0
-0 -0 -0
-0 -0 -0
-0 -0 -0
-0 -0 -0
-0 -0 -0
-0 -0 -0
-0 -0 -0
-0 -0 -0
-0 -0 -0
-0 -0 -0
-0 -0 -0
-0 -0 -0
-0 -0 -0
-0 -0 -0
-0 -0 -0
-0 -0 -0
-0 -0 -0
-0 -0 -0
-0 -0 -0
-0 -0 -0
-0 -0 -0
-0 -0 -0
-0 -0 -0
-0 -0 -0
-0 -0 -0
-0 -0 -0
-0 -0 -0
-0 -0 -0
-0 -0 -0
-0 -0 -0
-0 -0 -0
-0 -0 -0
-0 -0 -0
-0 -0 -0
-0 -0 -0
-0 -0 -0
-0 -0 -0
-0 -0 -0
-0 -0 -0
-0 -0 -0
-0 -0 -0
-0 -0 -0
-0 -0 -0
-0 -0 -0
-0 -0 -0
-0 -0 -0
-0 -0 -0
-0 -0 -0
-0 -0 -0
-0 -0 -0
-0 -0 -0
-0 -0 -0
-0 -0 -0
-0 -0 -0
-0 -0 -0
-0 -0 -0
-0 -0 -0
-0 -0 -0
-0 -0 -0
-0 -0 -0
-0 -0 -0
-0 -0 -0
-0 -0 -0
-0 -0 -0
-0 -0 -0
-0 -0 -0
-0 -0 -0
-0 -0 -0
-0 -0 -0
-0 -0 -0
-0 -0 -0
-0 -0 -0
-0 -0 -0
-0 -0 -0
-0 -0 -0
-0 -0 -0
-0 -0 -0
-0 -0 -0
-0 -0 -0
-0 -0 -0
-0 -0 -0
-0 -0 -0
-0 -0 -0
-0 -0 -0
-0 -0 -0
-0 -0 -0
-0 -0 -0
-0 -0 -0
-0 -0 -0
-0 -0 -0
-0 -0 -0
-0 -0 -0
-0 -0 -0
-0 -0 -0
-0 -0 -0
-0 -0 -0
-0 -0 -0
-0 -0 -0
-0 -0 -0
-0 -0 -0
-0 -0 -0
-0 -0 -0
-0 -0 -0
-0 -0 -0
-0 -0 -0
-0 -0 -0
-0 -0 -0
-0 -0 -0
-0 -0 -0
-0 -0 -0
-0 -0 -0
-0 -0 -0
-0 -0 -0
-0 -0 -0
-0 -0 -0
-0 -0 -0
-0 -0 -0
-0 -0 -0
-0 -0 -0
-0 -0 -0
-0 -0 -0
-0 -0 -0
-0 -0 -0
-0 -0 -0
-0 -0 -0
-0 -0 -0
-0 -0 -0
-0 -0 -0
-0 -0 -0
-0 -0 -0
-0 -0 -0
-0 -0 -0
-0 -0 -0
-0 -0 -0
-0 -0 -0
-0 -0 -0
-0 -0 -0
-0 -0 -0
-0 -0 -0
-0 -0 -0
-0 -0 -0
-0 -0 -0
-0 -0 -0
-0 -0 -0
-0 -0 -0
-0 -0 -0
-0 -0 -0
-0 -0 -0
-0 -0 -0
-0 -0 -0
-0 -0 -0
-0 -0 -0
-0 -0 -0
-0 -0 -0
-0 -0 -0
-0 -0 -0
-0 -0 -0
-0 -0 -0
-0 -0 -0
-0 -0 -0
-0 -0 -0
-0 -0 -0
-0 -0 -0
-0 -0 -0
-0 -0 -0
-0 -0 -0
-0 -0 -0
-0 -0 -0
-0 -0 -0
-0 -0 -0
-0 -0 -0
-0 -0 -0
-0 -0 -0
-0 -0 -0
-0 -0 -0
-0 -0 -0
-0 -0 -0
-0 -0 -0
-0 -0 -0
-0 -0 -0
-0 -0 -0
-0 -0 -0
-0 -0 -0
-0 -0 -0
-0 -0 -0
-0 -0 -0
-0 -0 -0
-0 -0 -0
-0 -0 -0
-0 -0 -0
-0 -0 -0
-0 -0 -0
-0 -0 -0
-0 -0 -0
-0 -0 -0
-0 -0 -0
-0 -0 -0
-0 -0 -0
-0 -0 -0
-0 -0 -0
-0 -0 -0
-0 -0 -0
-0 -0 -0
-0 -0 -0
-0 -0 -0
-0 -0 -0
-0 -0 -0
-0 -0 -0
-0 -0 -0
-0 -0 -0
-0 -0 -0
-0 -0 -0
-0 -0 -0
-0 -0 -0
-0 -0 -0
-0 -0 -0
-0 -0 -0
-0 -0 -0
-0 -0 -0
-0 -0 -0
-0 -0 -0
-0 -0 -0
-0 -0 -0
-0 -0 -0
-0 -0 -0
-0 -0 -0
-0 -0 -0
-0 -0 -0
-0 -0 -0
-0 -0 -0
-0 -0 -0
-0 -0 -0
-0 -0 -0
-0 -0 -0
-0 -0 -0
-0 -0 -0
-0 -0 -0
-0 -0 -0
-0 -0 -0
-0 -0 -0
-0 -0 -0
-0 -0 -0
-0 -0 -0
-0 -0 -0
-0 -0 -0
-0 -0 -0
-0 -0 -0
-0 -0 -0
-0 -0 -0
-0 -0 -0
-0 -0 -0
-0 -0 -0
-0 -0 -0
-0 -0 -0
-0 -0 -0
-0 -0 -0
-0 -0 -0
-0 -0 -0
-0 -0 -0
-0 -0 -0
-0 -0 -0
-0 -0 -0
-0 -0 -0
-0 -0 -0
-0 -0 -0
-0 -0 -0
-0 -0 -0
-0 -0 -0
-0 -0 -0
-0 -0 -0
-0 -0 -0
-0 -0 -0
-0 -0 -0
-0 -0 -0
-0 -0 -0
-0 -0 -0
-0 -0 -0
-0 -0 -0
-0 -0 -0
-0 -0 -0
-0 -0 -0
-0 -0 -0
-0 -0 -0
-0 -0 -0
-0 -0 -0
-0 -0 -0
-0 -0 -0
-0 -0 -0
-0 -0 -0
-0 -0 -0
-0 -0 -0
-0 -0 -0
-0 -0 -0
-0 -0 -0
-0 -0 -0
-0 -0 -0
-0 -0 -0
-0 -0 -0
-0 -0 -0
-0 -0 -0
-0 -0 -0
-0 -0 -0
-0 -0 -0
-0 -0 -0
-0 -0 -0
-0 -0 -0
-0 -0 -0
-0 -0 -0
-0 -0 -0
-0 -0 -0
-0 -0 -0
-0 -0 -0
-0 -0 -0
-0 -0 -0
-0 -0 -0
-0 -0 -0
-0 -0 -0
-0 -0 -0
-0 -0 -0
-0 -0 -0
-0 -0 -0
-0 -0 -0
-0 -0 -0
-0 -0 -0
-0 -0 -0
-0 -0 -0
-0 -0 -0
-0 -0 -0
-0 -0 -0
-0 -0 -0
-0 -0 -0
-0 -0 -0
-0 -0 -0
-0 -0 -0
-0 -0 -0
-0 -0 -0
-0 -0 -0
-0 -0 -0
-0 -0 -0
-0 -0 -0
-0 -0 -0
-0 -0 -0
-0 -0 -0
-0 -0 -0
-0 -0 -0
-0 -0 -0
-0 -0 -0
-0 -0 -0
-0 -0 -0
-0 -0 -0
-0 -0 -0
-0 -0 -0
-0 -0 -0
-0 -0 -0
-0 -0 -0
-0 -0 -0
-0 -0 -0
-0 -0 -0
-0 -0 -0
-0 -0 -0
-0 -0 -0
-0 -0 -0
-0 -0 -0
-0 -0 -0
-0 -0 -0
-0 -0 -0
-0 -0 -0
-0 -0 -0
-0 -0 -0
-0 -0 -0
-0 -0 -0
-0 -0 -0
-0 -0 -0
-0 -0 -0
-0 -0 -0
-0 -0 -0
-0 -0 -0
-0 -0 -0
-0 -0 -0
-0 -0 -0
-0 -0 -0
-0 -0 -0
-0 -0 -0
-0 -0 -0
-0 -0 -0
-0 -0 -0
-0 -0 -0
-0 -0 -0
-0 -0 -0
-0 -0 -0
-0 -0 -0
-0 -0 -0
-0 -0 -0
-0 -0 -0
-0 -0 -0
-0 -0 -0
-0 -0 -0
-0 -0 -0
-0 -0 -0
-0 -0 -0
-0 -0 -0
-0 -0 -0
-0 -0 -0
-0 -0 -0
-0 -0 -0
-0 -0 -0
-0 -0 -0
-0 -0 -0
-0 -0 -0
-0 -0 -0
-0 -0 -0
-0 -0 -0
-0 -0 -0
-0 -0 -0
-0 -0 -0
-0 -0 -0
-0 -0 -0
-0 -0 -0
-0 -0 -0
-0 -0 -0
-0 -0 -0
-0 -0 -0
-0 -0 -0
-0 -0 -0
-0 -0 -0
-0 -0 -0
-0 -0 -0
-0 -0 -0
-0 -0 -0
-0 -0 -0
-0 -0 -0
-0 -0 -0
-0 -0 -0
-0 -0 -0
-0 -0 -0
-0 -0 -0
-0 -0 -0
-0 -0 -0
-0 -0 -0
-0 -0 -0
-0 -0 -0
-0 -0 -0
-0 -0 -0
-0 -0 -0
-0 -0 -0
-0 -0 -0
-0 -0 -0
-0 -0 -0
-0 -0 -0
-0 -0 -0
-0 -0 -0
-0 -0 -0
-0 -0 -0
-0 -0 -0
-0 -0 -0
-0 -0 -0
-0 -0 -0
-0 -0 -0
-0 -0 -0
-0 -0 -0
-0 -0 -0
-0 -0 -0
-0 -0 -0
-0 -0 -0
-0 -0 -0
-0 -0 -0
-0 -0 -0
-0 -0 -0
-0 -0 -0
-0 -0 -0
-0 -0 -0
-0 -0 -0
-0 -0 -0
-0 -0 -0
-0 -0 -0
-0 -0 -0
-0 -0 -0
-0 -0 -0
-0 -0 -0
-0 -0 -0
-0 -0 -0
-0 -0 -0
-0 -0 -0
-0 -0 -0
-0 -0 -0
-0 -0 -0
-0 -0 -0
-0 -0 -0
-0 -0 -0
-0 -0 -0
-0 -0 -0
-0 -0 -0
-0 -0 -0
-0 -0 -0
-0 -0 -0
-0 -0 -0
-0 -0 -0
-0 -0 -0
-0 -0 -0
-0 -0 -0
-0 -0 -0
-0 -0 -0
-0 -0 -0
-0 -0 -0
-0 -0 -0
-0 -0 -0
-0 -0 -0
-0 -0 -0
-0 -0 -0
-0 -0 -0
-0 -0 -0
-0 -0 -0
-0 -0 -0
-0 -0 -0
-0 -0 -0
-0 -0 -0
-0 -0 -0
-0 -0 -0
-0 -0 -0
-0 -0 -0
-0 -0 -0
-0 -0 -0
-0 -0 -0
-0 -0 -0
-0 -0 -0
-0 -0 -0
-0 -0 -0
-0 -0 -0
-0 -0 -0
-0 -0 -0
-0 -0 -0
-0 -0 -0
-0 -0 -0
-0 -0 -0
-0 -0 -0
-0 -0 -0
-0 -0 -0
-0 -0 -0
-0 -0 -0
-0 -0 -0
-0 -0 -0
-0 -0 -0
-0 -0 -0
-0 -0 -0
-0 -0 -0
-0 -0 -0
-0 -0 -0
-0 -0 -0
-0 -0 -0
-0 -0 -0
-0 -0 -0
-0 -0 -0
-0 -0 -0
-0 -0 -0
-0 -0 -0
-0 -0 -0
-0 -0 -0
-0 -0 -0
-0 -0 -0
-0 -0 -0
-0 -0 -0
-0 -0 -0
-0 -0 -0
-0 -0 -0
-0 -0 -0
-0 -0 -0
-0 -0 -0
-0 -0 -0
-0 -0 -0
-0 -0 -0
-0 -0 -0
-0 -0 -0
-0 -0 -0
-0 -0 -0
-0 -0 -0
-0 -0 -0
-0 -0 -0
-0 -0 -0
-0 -0 -0
-0 -0 -0
-0 -0 -0
-0 -0 -0
-0 -0 -0
-0 -0 -0
-0 -0 -0
-0 -0 -0
-0 -0 -0
-0 -0 -0
-0 -0 -0
-0 -0 -0
-0 -0 -0
-0 -0 -0
-0 -0 -0
-0 -0 -0
-0 -0 -0
-0 -0 -0
-0 -0 -0
-0 -0 -0
-0 -0 -0
-0 -0 -0
-0 -0 -0
-0 -0 -0
-0 -0 -0
-0 -0 -0
-0 -0 -0
-0 -0 -0
-0 -0 -0
-0 -0 -0
-0 -0 -0
-0 -0 -0
-0 -0 -0
-0 -0 -0
-0 -0 -0
-0 -0 -0
-0 -0 -0
-0 -0 -0
-0 -0 -0
-0 -0 -0
-0 -0 -0
-0 -0 -0
-0 -0 -0
-0 -0 -0
-0 -0 -0
-0 -0 -0
-0 -0 -0
-0 -0 -0
-0 -0 -0
-0 -0 -0
-0 -0 -0
-0 -0 -0
-0 -0 -0
-0 -0 -0
-0 -0 -0
-0 -0 -0
-0 -0 -0
-0 -0 -0
-0 -0 -0
-0 -0 -0
-0 -0 -0
-0 -0 -0
-0 -0 -0
-0 -0 -0
-0 -0 -0
-0 -0 -0
-0 -0 -0
-0 -0 -0
-0 -0 -0
-0 -0 -0
-0 -0 -0
-0 -0 -0
-0 -0 -0
-0 -0 -0
-0 -0 -0
-0 -0 -0
-0 -0 -0
-0 -0 -0
-0 -0 -0
-0 -0 -0
-0 -0 -0
-0 -0 -0
-0 -0 -0
-0 -0 -0
-0 -0 -0
-0 -0 -0
-0 -0 -0
-0 -0 -0
-0 -0 -0
-0 -0 -0
-0 -0 -0
-0 -0 -0
-0 -0 -0
-0 -0 -0
-0 -0 -0
-0 -0 -0
-0 -0 -0
-0 -0 -0
-0 -0 -0
-0 -0 -0
-0 -0 -0
-0 -0 -0
-0 -0 -0
-0 -0 -0
-0 -0 -0
-0 -0 -0
-0 -0 -0
-0 -0 -0
-0 -0 -0
-0 -0 -0
-0 -0 -0
-0 -0 -0
-0 -0 -0
-0 -0 -0
-0 -0 -0
-0 -0 -0
-0 -0 -0
-0 -0 -0
-0 -0 -0
-0 -0 -0
-0 -0 -0
-0 -0 -0
-0 -0 -0
-0 -0 -0
-0 -0 -0
-0 -0 -0
-0 -0 -0
-0 -0 -0
-0 -0 -0
-0 -0 -0
-0 -0 -0
-0 -0 -0
-0 -0 -0
-0 -0 -0
-0 -0 -0
-0 -0 -0
-0 -0 -0
-0 -0 -0
-0 -0 -0
-0 -0 -0
-0 -0 -0
-0 -0 -0
-0 -0 -0
-0 -0 -0
-0 -0 -0
-0 -0 -0
-0 -0 -0
-0 -0 -0
-0 -0 -0
-0 -0 -0
-0 -0 -0
-0 -0 -0
-0 -0 -0
-0 -0 -0
-0 -0 -0
-0 -0 -0
-0 -0 -0
-0 -0 -0
-0 -0 -0
-0 -0 -0
-0 -0 -0
-0 -0 -0
-0 -0 -0
-0 -0 -0
-0 -0 -0
-0 -0 -0
-0 -0 -0
-0 -0 -0
-0 -0 -0
-0 -0 -0
-0 -0 -0
-0 -0 -0
-0 -0 -0
-0 -0 -0
-0 -0 -0
-0 -0 -0
-0 -0 -0
-0 -0 -0
-0 -0 -0
-0 -0 -0
-0 -0 -0
-0 -0 -0
-0 -0 -0
-0 -0 -0
-0 -0 -0
-0 -0 -0
-0 -0 -0
-0 -0 -0
-0 -0 -0
-0 -0 -0
-0 -0 -0
-0 -0 -0
-0 -0 -0
-0 -0 -0
-0 -0 -0
-0 -0 -0
-0 -0 -0
-0 -0 -0
-0 -0 -0
-0 -0 -0
-0 -0 -0
-0 -0 -0
-0 -0 -0
-0 -0 -0
-0 -0 -0
-0 -0 -0
-0 -0 -0
-0 -0 -0
-0 -0 -0
-0 -0 -0
-0 -0 -0
-0 -0 -0
-0 -0 -0
-0 -0 -0
-0 -0 -0
-0 -0 -0
-0 -0 -0
-0 -0 -0
-0 -0 -0
-0 -0 -0
-0 -0 -0
-0 -0 -0
-0 -0 -0
-0 -0 -0
-0 -0 -0
-0 -0 -0
-0 -0 -0
-0 -0 -0
-0 -0 -0
-0 -0 -0
-0 -0 -0
-0 -0 -0
-0 -0 -0
-0 -0 -0
-0 -0 -0
-0 -0 -0
-0 -0 -0
-0 -0 -0
-0 -0 -0
-0 -0 -0
-0 -0 -0
-0 -0 -0
-0 -0 -0
-0 -0 -0
-0 -0 -0
-0 -0 -0
-0 -0 -0
-0 -0 -0
-0 -0 -0
-0 -0 -0
-0 -0 -0
-0 -0 -0
-0 -0 -0
-0 -0 -0
-0 -0 -0
-0 -0 -0
-0 -0 -0
-0 -0 -0
-0 -0 -0
-0 -0 -0
-0 -0 -0
-0 -0 -0
-0 -0 -0
-0 -0 -0
-0 -0 -0
-0 -0 -0
-0 -0 -0
-0 -0 -0
-0 -0 -0
-0 -0 -0
-0 -0 -0
-0 -0 -0
-0 -0 -0
-0 -0 -0
-0 -0 -0
-0 -0 -0
-0 -0 -0
-0 -0 -0
-0 -0 -0
-0 -0 -0
-0 -0 -0
-0 -0 -0
-0 -0 -0
-0 -0 -0
-0 -0 -0
-0 -0 -0
-0 -0 -0
-0 -0 -0
-0 -0 -0
-0 -0 -0
-0 -0 -0
-0 -0 -0
-0 -0 -0
-0 -0 -0
-0 -0 -0
-0 -0 -0
-0 -0 -0
-0 -0 -0
-0 -0 -0
-0 -0 -0
-0 -0 -0
-0 -0 -0
-0 -0 -0
-0 -0 -0
-0 -0 -0
-0 -0 -0
-0 -0 -0
-0 -0 -0
-0 -0 -0
-0 -0 -0
-0 -0 -0
-0 -0 -0
-0 -0 -0
-0 -0 -0
-0 -0 -0
-0 -0 -0
-0 -0 -0
-0 -0 -0
-0 -0 -0
-0 -0 -0
-0 -0 -0
-0 -0 -0
-0 -0 -0
-0 -0 -0
-0 -0 -0
-0 -0 -0
-0 -0 -0
-0 -0 -0
-0 -0 -0
-0 -0 -0
-0 -0 -0
-0 -0 -0
-0 -0 -0
-0 -0 -0
-0 -0 -0
-0 -0 -0
-0 -0 -0
-0 -0 -0
-0 -0 -0
-0 -0 -0
-0 -0 -0
-0 -0 -0
-0 -0 -0
-0 -0 -0
-0 -0 -0
-0 -0 -0
-0 -0 -0
-0 -0 -0
-0 -0 -0
-0 -0 -0
-0 -0 -0
-0 -0 -0
-0 -0 -0
-0 -0 -0
-0 -0 -0
-0 -0 -0
-0 -0 -0
-0 -0 -0
-0 -0 -0
-0 -0 -0
-0 -0 -0
-0 -0 -0
-0 -0 -0
-0 -0 -0
-0 -0 -0
-0 -0 -0
-0 -0 -0
-0 -0 -0
-0 -0 -0
-0 -0 -0
-0 -0 -0
-0 -0 -0
-0 -0 -0
-0 -0 -0
-0 -0 -0
-0 -0 -0
-0 -0 -0
-0 -0 -0
-0 -0 -0
-0 -0 -0
-0 -0 -0
-0 -0 -0
-0 -0 -0
-0 -0 -0
-0 -0 -0
-0 -0 -0
-0 -0 -0
-0 -0 -0
-0 -0 -0
-0 -0 -0
-0 -0 -0
-0 -0 -0
-0 -0 -0
-0 -0 -0
-0 -0 -0
-0 -0 -0
-0 -0 -0
-0 -0 -0
-0 -0 -0
-0 -0 -0
-0 -0 -0
-0 -0 -0
-0 -0 -0
-0 -0 -0
-0 -0 -0
-0 -0 -0
-0 -0 -0
-0 -0 -0
-0 -0 -0
-0 -0 -0
-0 -0 -0
-0 -0 -0
-0 -0 -0
-0 -0 -0
-0 -0 -0
-0 -0 -0
-0 -0 -0
-0 -0 -0
-0 -0 -0
-0 -0 -0
-0 -0 -0
-0 -0 -0
-0 -0 -0
-0 -0 -0
-0 -0 -0
-0 -0 -0
-0 -0 -0
-0 -0 -0
-0 -0 -0
-0 -0 -0
-0 -0 -0
-0 -0 -0
-0 -0 -0
-0 -0 -0
-0 -0 -0
-0 -0 -0
-0 -0 -0
-0 -0 -0
-0 -0 -0
-0 -0 -0
-0 -0 -0
-0 -0 -0
-0 -0 -0
-0 -0 -0
-0 -0 -0
-0 -0 -0
-0 -0 -0
-0 -0 -0
-0 -0 -0
-0 -0 -0
-0 -0 -0
-0 -0 -0
-0 -0 -0
-0 -0 -0
-0 -0 -0
-0 -0 -0
-0 -0 -0
-0 -0 -0
-0 -0 -0
-0 -0 -0
-0 -0 -0
-0 -0 -0
-0 -0 -0
-0 -0 -0
-0 -0 -0
-0 -0 -0
-0 -0 -0
-0 -0 -0
-0 -0 -0
-0 -0 -0
-0 -0 -0
-0 -0 -0
-0 -0 -0
-0 -0 -0
-0 -0 -0
-0 -0 -0
-0 -0 -0
-0 -0 -0
-0 -0 -0
-0 -0 -0
-0 -0 -0
-0 -0 -0
-0 -0 -0
-0 -0 -0
-0 -0 -0
-0 -0 -0
-0 -0 -0
-0 -0 -0
-0 -0 -0
-0 -0 -0
-0 -0 -0
-0 -0 -0
-0 -0 -0
-0 -0 -0
-0 -0 -0
-0 -0 -0
-0 -0 -0
-0 -0 -0
-0 -0 -0
-0 -0 -0
-0 -0 -0
-0 -0 -0
-0 -0 -0
-0 -0 -0
-0 -0 -0
-0 -0 -0
-0 -0 -0
-0 -0 -0
-0 -0 -0
-0 -0 -0
-0 -0 -0
-0 -0 -0
-0 -0 -0
-0 -0 -0
-0 -0 -0
-0 -0 -0
-0 -0 -0
-0 -0 -0
-0 -0 -0
-0 -0 -0
-0 -0 -0
-0 -0 -0
-0 -0 -0
-0 -0 -0
-0 -0 -0
-0 -0 -0
-0 -0 -0
-0 -0 -0
-0 -0 -0
-0 -0 -0
-0 -0 -0
-0 -0 -0
-0 -0 -0
-0 -0 -0
-0 -0 -0
-0 -0 -0
-0 -0 -0
-0 -0 -0
-0 -0 -0
-0 -0 -0
-0 -0 -0
-0 -0 -0
-0 -0 -0
-0 -0 -0
-0 -0 -0
-0 -0 -0
-0 -0 -0
-0 -0 -0
-0 -0 -0
-0 -0 -0
-0 -0 -0
-0 -0 -0
-0 -0 -0
-0 -0 -0
-0 -0 -0
-0 -0 -0
-0 -0 -0
-0 -0 -0
-0 -0 -0
-0 -0 -0
-0 -0 -0
-0 -0 -0
-0 -0 -0
-0 -0 -0
-0 -0 -0
-0 -0 -0
-0 -0 -0
-0 -0 -0
-0 -0 -0
-0 -0 -0
-0 -0 -0
-0 -0 -0
-0 -0 -0
-0 -0 -0
-0 -0 -0
-0 -0 -0
-0 -0 -0
-0 -0 -0
-0 -0 -0
-0 -0 -0
-0 -0 -0
-0 -0 -0
-0 -0 -0
-0 -0 -0
-0 -0 -0
-0 -0 -0
-0 -0 -0
-0 -0 -0
-0 -0 -0
-0 -0 -0
-0 -0 -0
-0 -0 -0
-0 -0 -0
-0 -0 -0
-0 -0 -0
-0 -0 -0
-0 -0 -0
-0 -0 -0
-0 -0 -0
-0 -0 -0
-0 -0 -0
-0 -0 -0
-0 -0 -0
-0 -0 -0
-0 -0 -0
-0 -0 -0
-0 -0 -0
-0 -0 -0
-0 -0 -0
-0 -0 -0
-0 -0 -0
-0 -0 -0
-0 -0 -0
-0 -0 -0
-0 -0 -0
-0 -0 -0
-0 -0 -0
-0 -0 -0
-0 -0 -0
-0 -0 -0
-0 -0 -0
-0 -0 -0
-0 -0 -0
-0 -0 -0
-0 -0 -0
-0 -0 -0
-0 -0 -0
-0 -0 -0
-0 -0 -0
-0 -0 -0
-0 -0 -0
-0 -0 -0
-0 -0 -0
-0 -0 -0
-0 -0 -0
-0 -0 -0
-0 -0 -0
-0 -0 -0
-0 -0 -0
-0 -0 -0
-0 -0 -0
-0 -0 -0
-0 -0 -0
-0 -0 -0
-0 -0 -0
-0 -0 -0
-0 -0 -0
-0 -0 -0
-0 -0 -0
-0 -0 -0
-0 -0 -0
-0 -0 -0
-0 -0 -0
-0 -0 -0
-0 -0 -0
-0 -0 -0
-0 -0 -0
-0 -0 -0
-0 -0 -0
-0 -0 -0
-0 -0 -0
-0 -0 -0
-0 -0 -0
-0 -0 -0
-0 -0 -0
-0 -0 -0
-0 -0 -0
-0 -0 -0
-0 -0 -0
-0 -0 -0
-0 -0 -0
-0 -0 -0
-0 -0 -0
-0 -0 -0
-0 -0 -0
-0 -0 -0
-0 -0 -0
-0 -0 -0
-0 -0 -0
-0 -0 -0
-0 -0 -0
-0 -0 -0
-0 -0 -0
-0 -0 -0
-0 -0 -0
-0 -0 -0
-0 -0 -0
-0 -0 -0
-0 -0 -0
-0 -0 -0
-0 -0 -0
-0 -0 -0
-0 -0 -0
-0 -0 -0
-0 -0 -0
-0 -0 -0
-0 -0 -0
-0 -0 -0
-0 -0 -0
-0 -0 -0
-0 -0 -0
-0 -0 -0
-0 -0 -0
-0 -0 -0
-0 -0 -0
-0 -0 -0
-0 -0 -0
-0 -0 -0
-0 -0 -0
-0 -0 -0
-0 -0 -0
-0 -0 -0
-0 -0 -0
-0 -0 -0
-0 -0 -0
-0 -0 -0
-0 -0 -0
-0 -0 -0
-0 -0 -0
-0 -0 -0
-0 -0 -0
-0 -0 -0
-0 -0 -0
-0 -0 -0
-0 -0 -0
-0 -0 -0
-0 -0 -0
-0 -0 -0
-0 -0 -0
-0 -0 -0
-0 -0 -0
-0 -0 -0
-0 -0 -0
-0 -0 -0
-0 -0 -0
-0 -0 -0
-0 -0 -0
-0 -0 -0
-0 -0 -0
-0 -0 -0
-0 -0 -0
-0 -0 -0
-0 -0 -0
-0 -0 -0
-0 -0 -0
-0 -0 -0
-0 -0 -0
-0 -0 -0
-0 -0 -0
-0 -0 -0
-0 -0 -0
-0 -0 -0
-0 -0 -0
-0 -0 -0
-0 -0 -0
-0 -0 -0
-0 -0 -0
-0 -0 -0
-0 -0 -0
-0 -0 -0
-0 -0 -0
-0 -0 -0
-0 -0 -0
-0 -0 -0
-0 -0 -0
-0 -0 -0
-0 -0 -0
-0 -0 -0
-0 -0 -0
-0 -0 -0
-0 -0 -0
-0 -0 -0
-0 -0 -0
-0 -0 -0
-0 -0 -0
-0 -0 -0
-0 -0 -0
-0 -0 -0
-0 -0 -0
-0 -0 -0
-0 -0 -0
-0 -0 -0
-0 -0 -0
-0 -0 -0
-0 -0 -0
-0 -0 -0
-0 -0 -0
-0 -0 -0
-0 -0 -0
-0 -0 -0
-0 -0 -0
-0 -0 -0
-0 -0 -0
-0 -0 -0
-0 -0 -0
-0 -0 -0
-0 -0 -0
-0 -0 -0
-0 -0 -0
-0 -0 -0
-0 -0 -0
-0 -0 -0
-0 -0 -0
-0 -0 -0
-0 -0 -0
-0 -0 -0
-0 -0 -0
-0 -0 -0
-0 -0 -0
-0 -0 -0
-0 -0 -0
-0 -0 -0
-0 -0 -0
-0 -0 -0
-0 -0 -0
-0 -0 -0
-0 -0 -0
-0 -0 -0
-0 -0 -0
-0 -0 -0
-0 -0 -0
-0 -0 -0
-0 -0 -0
-0 -0 -0
-0 -0 -0
-0 -0 -0
-0 -0 -0
-0 -0 -0
-0 -0 -0
-0 -0 -0
-0 -0 -0
-0 -0 -0
-0 -0 -0
-0 -0 -0
-0 -0 -0
-0 -0 -0
-0 -0 -0
-0 -0 -0
-0 -0 -0
-0 -0 -0
-0 -0 -0
-0 -0 -0
-0 -0 -0
-0 -0 -0
-0 -0 -0
-0 -0 -0
-0 -0 -0
-0 -0 -0
-0 -0 -0
-0 -0 -0
-0 -0 -0
-0 -0 -0
-0 -0 -0
-0 -0 -0
-0 -0 -0
-0 -0 -0
-0 -0 -0
-0 -0 -0
-0 -0 -0
-0 -0 -0
-0 -0 -0
-0 -0 -0
-0 -0 -0
-0 -0 -0
-0 -0 -0
-0 -0 -0
-0 -0 -0
-0 -0 -0
-0 -0 -0
-0 -0 -0
-0 -0 -0
-0 -0 -0
-0 -0 -0
-0 -0 -0
-0 -0 -0
-0 -0 -0
-0 -0 -0
-0 -0 -0
-0 -0 -0
-0 -0 -0
-0 -0 -0
-0 -0 -0
-0 -0 -0
-0 -0 -0
-0 -0 -0
-0 -0 -0
-0 -0 -0
-0 -0 -0
-0 -0 -0
-0 -0 -0
-0 -0 -0
-0 -0 -0
-0 -0 -0
-0 -0 -0
-0 -0 -0
-0 -0 -0
-0 -0 -0
-0 -0 -0
-0 -0 -0
-0 -0 -0
-0 -0 -0
-0 -0 -0
-0 -0 -0
-0 -0 -0
-0 -0 -0
-0 -0 -0
-0 -0 -0
-0 -0 -0
-0 -0 -0
-0 -0 -0
-0 -0 -0
-0 -0 -0
-0 -0 -0
-0 -0 -0
-0 -0 -0
-0 -0 -0
-0 -0 -0
-0 -0 -0
-0 -0 -0
-0 -0 -0
-0 -0 -0
-0 -0 -0
-0 -0 -0
-0 -0 -0
-0 -0 -0
-0 -0 -0
-0 -0 -0
-0 -0 -0
-0 -0 -0
-0 -0 -0
-0 -0 -0
-0 -0 -0
-0 -0 -0
-0 -0 -0
-0 -0 -0
-0 -0 -0
-0 -0 -0
-0 -0 -0
-0 -0 -0
-0 -0 -0
-0 -0 -0
-0 -0 -0
-0 -0 -0
-0 -0 -0
-0 -0 -0
-0 -0 -0
-0 -0 -0
-0 -0 -0
-0 -0 -0
-0 -0 -0
-0 -0 -0
-0 -0 -0
-0 -0 -0
-0 -0 -0
-0 -0 -0
-0 -0 -0
-0 -0 -0
-0 -0 -0
-0 -0 -0
-0 -0 -0
-0 -0 -0
-0 -0 -0
-0 -0 -0
-0 -0 -0
-0 -0 -0
-0 -0 -0
-0 -0 -0
-0 -0 -0
-0 -0 -0
-0 -0 -0
-0 -0 -0
-0 -0 -0
-0 -0 -0
-0 -0 -0
-0 -0 -0
-0 -0 -0
-0 -0 -0
-0 -0 -0
-0 -0 -0
-0 -0 -0
-0 -0 -0
-0 -0 -0
-0 -0 -0
-0 -0 -0
-0 -0 -0
-0 -0 -0
-0 -0 -0
-0 -0 -0
-0 -0 -0
-0 -0 -0
-0 -0 -0
-0 -0 -0
-0 -0 -0
-0 -0 -0
-0 -0 -0
-0 -0 -0
-0 -0 -0
-0 -0 -0
-0 -0 -0
-0 -0 -0
-0 -0 -0
-0 -0 -0
-0 -0 -0
-0 -0 -0
-0 -0 -0
-0 -0 -0
-0 -0 -0
-0 -0 -0
-0 -0 -0
-0 -0 -0
-0 -0 -0
-0 -0 -0
-0 -0 -0
-0 -0 -0
-0 -0 -0
-0 -0 -0
-0 -0 -0
-0 -0 -0
-0 -0 -0
-0 -0 -0
-0 -0 -0
-0 -0 -0
-0 -0 -0
-0 -0 -0
-0 -0 -0
-0 -0 -0
-0 -0 -0
-0 -0 -0
-0 -0 -0
-0 -0 -0
-0 -0 -0
-0 -0 -0
-0 -0 -0
-0 -0 -0
-0 -0 -0
-0 -0 -0
-0 -0 -0
-0 -0 -0
-0 -0 -0
-0 -0 -0
-0 -0 -0
-0 -0 -0
-0 -0 -0
-0 -0 -0
-0 -0 -0
-0 -0 -0
-0 -0 -0
-0 -0 -0
-0 -0 -0
-0 -0 -0
-0 -0 -0
-0 -0 -0
-0 -0 -0
-0 -0 -0
-0 -0 -0
-0 -0 -0
-0 -0 -0
-0 -0 -0
-0 -0 -0
-0 -0 -0
-0 -0 -0
-0 -0 -0
-0 -0 -0
-0 -0 -0
-0 -0 -0
-0 -0 -0
-0 -0 -0
-0 -0 -0
-0 -0 -0
-0 -0 -0
-0 -0 -0
-0 -0 -0
-0 -0 -0
-0 -0 -0
-0 -0 -0
-0 -0 -0
-0 -0 -0
-0 -0 -0
-0 -0 -0
-0 -0 -0
-0 -0 -0
-0 -0 -0
-0 -0 -0
-0 -0 -0
-0 -0 -0
-0 -0 -0
-0 -0 -0
-0 -0 -0
-0 -0 -0
-0 -0 -0
-0 -0 -0
-0 -0 -0
-0 -0 -0
-0 -0 -0
-0 -0 -0
-0 -0 -0
-0 -0 -0
-0 -0 -0
-0 -0 -0
-0 -0 -0
-0 -0 -0
-0 -0 -0
-0 -0 -0
-0 -0 -0
-0 -0 -0
-0 -0 -0
-0 -0 -0
-0 -0 -0
-0 -0 -0
-0 -0 -0
-0 -0 -0
-0 -0 -0
-0 -0 -0
-0 -0 -0
-0 -0 -0
-0 -0 -0
-0 -0 -0
-0 -0 -0
-0 -0 -0
-0 -0 -0
-0 -0 -0
-0 -0 -0
-0 -0 -0
-0 -0 -0
-0 -0 -0
-0 -0 -0
-0 -0 -0
-0 -0 -0
-0 -0 -0
-0 -0 -0
-0 -0 -0
-0 -0 -0
-0 -0 -0
-0 -0 -0
-0 -0 -0
-0 -0 -0
-0 -0 -0
-0 -0 -0
-0 -0 -0
-0 -0 -0
-0 -0 -0
-0 -0 -0
-0 -0 -0
-0 -0 -0
-0 -0 -0
-0 -0 -0
-0 -0 -0
-0 -0 -0
-0 -0 -0
-0 -0 -0
-0 -0 -0
-0 -0 -0
-0 -0 -0
-0 -0 -0
-0 -0 -0
-0 -0 -0
-0 -0 -0
-0 -0 -0
-0 -0 -0
-0 -0 -0
-0 -0 -0
-0 -0 -0
-0 -0 -0
-0 -0 -0
-0 -0 -0
-0 -0 -0
-0 -0 -0
-0 -0 -0
-0 -0 -0
-0 -0 -0
-0 -0 -0
-0 -0 -0
-0 -0 -0
-0 -0 -0
-0 -0 -0
-0 -0 -0
-0 -0 -0
-0 -0 -0
-0 -0 -0
-0 -0 -0
-0 -0 -0
-0 -0 -0
-0 -0 -0
-0 -0 -0
-0 -0 -0
-0 -0 -0
-0 -0 -0
-0 -0 -0
-0 -0 -0
-0 -0 -0
-0 -0 -0
-0 -0 -0
-0 -0 -0
-0 -0 -0
-0 -0 -0
-0 -0 -0
-0 -0 -0
-0 -0 -0
-0 -0 -0
-0 -0 -0
-0 -0 -0
-0 -0 -0
-0 -0 -0
-0 -0 -0
-0 -0 -0
-0 -0 -0
-0 -0 -0
-0 -0 -0
-0 -0 -0
-0 -0 -0
-0 -0 -0
-0 -0 -0
-0 -0 -0
-0 -0 -0
-0 -0 -0
-0 -0 -0
-0 -0 -0
-0 -0 -0
-0 -0 -0
-0 -0 -0
-0 -0 -0
-0 -0 -0
-0 -0 -0
-0 -0 -0
-0 -0 -0
-0 -0 -0
-0 -0 -0
-0 -0 -0
-0 -0 -0
-0 -0 -0
-0 -0 -0
-0 -0 -0
-0 -0 -0
-0 -0 -0
-0 -0 -0
-0 -0 -0
-0 -0 -0
-0 -0 -0
-0 -0 -0
-0 -0 -0
-0 -0 -0
-0 -0 -0
-0 -0 -0
-0 -0 -0
-0 -0 -0
-0 -0 -0
-0 -0 -0
-0 -0 -0
-0 -0 -0
-0 -0 -0
-0 -0 -0
-0 -0 -0
-0 -0 -0
-0 -0 -0
-0 -0 -0
-0 -0 -0
-0 -0 -0
-0 -0 -0
-0 -0 -0
-0 -0 -0
-0 -0 -0
-0 -0 -0
-0 -0 -0
-0 -0 -0
-0 -0 -0
-0 -0 -0
-0 -0 -0
-0 -0 -0
-0 -0 -0
-0 -0 -0
-0 -0 -0
-0 -0 -0
-0 -0 -0
-0 -0 -0
-0 -0 -0
-0 -0 -0
-0 -0 -0
-0 -0 -0
-0 -0 -0
-0 -0 -0
-0 -0 -0
-0 -0 -0
-0 -0 -0
-0 -0 -0
-0 -0 -0
-0 -0 -0
-0 -0 -0
-0 -0 -0
-0 -0 -0
-0 -0 -0
-0 -0 -0
-0 -0 -0
-0 -0 -0
-0 -0 -0
-0 -0 -0
-0 -0 -0
-0 -0 -0
-0 -0 -0
-0 -0 -0
-0 -0 -0
-0 -0 -0
-0 -0 -0
-0 -0 -0
-0 -0 -0
-0 -0 -0
-0 -0 -0
-0 -0 -0
-0 -0 -0
-0 -0 -0
-0 -0 -0
-0 -0 -0
-0 -0 -0
-0 -0 -0
-0 -0 -0
-0 -0 -0
-0 -0 -0
-0 -0 -0
-0 -0 -0
-0 -0 -0
-0 -0 -0
-0 -0 -0
-0 -0 -0
-0 -0 -0
-0 -0 -0
-0 -0 -0
-0 -0 -0
-0 -0 -0
-0 -0 -0
-0 -0 -0
-0 -0 -0
-0 -0 -0
-0 -0 -0
-0 -0 -0
-0 -0 -0
-0 -0 -0
-0 -0 -0
-0 -0 -0
-0 -0 -0
-0 -0 -0
-0 -0 -0
-0 -0 -0
-0 -0 -0
-0 -0 -0
-0 -0 -0
-0 -0 -0
-0 -0 -0
-0 -0 -0
-0 -0 -0
-0 -0 -0
-0 -0 -0
-0 -0 -0
-0 -0 -0
-0 -0 -0
-0 -0 -0
-0 -0 -0
-0 -0 -0
-0 -0 -0
-0 -0 -0
-0 -0 -0
-0 -0 -0
-0 -0 -0
-0 -0 -0
-0 -0 -0
-0 -0 -0
-0 -0 -0
-0 -0 -0
-0 -0 -0
-0 -0 -0
-0 -0 -0
-0 -0 -0
-0 -0 -0
-0 -0 -0
-0 -0 -0
-0 -0 -0
-0 -0 -0
-0 -0 -0
-0 -0 -0
-0 -0 -0
-0 -0 -0
-0 -0 -0
-0 -0 -0
-0 -0 -0
-0 -0 -0
-0 -0 -0
VECTORS debug_velocity float
0 -7.4607981503767782 0
0 -7.4605583288891939 0
0 -7.4607252243043076 0
0 -7.4604971829092035 0
0 -7.4606896328731702 0
0 -7.460465247675482 0
0 -7.4606701356112373 0
0 -7.4604461493198988 0
0 -7.4602349699060015 0
0 -7.4597530253760427 0
0 -7.4590899318264139 0
0 -7.4601790997602926 0
0 -7.4597045566045024 0
0 -7.4590554202151411 0
0 -7.4582946925629754 0
0 -7.4574417299632358 0
0 -7.4565926939499461 0
0 -7.4582792468058647 0
0 -7.457447216416436 0
0 -7.4566186549088602 0
0 -7.4601485421948466 0
0 -7.4596764188880025 0
0 -7.459032765474201 0
0 -7.4601293624117009 0
0 -7.4596572457363504 0
0 -7.4590153135378969 0
0 -7.4582656793128583 0
0 -7.4574444432612799 0
0 -7.4566269751008569 0
0 -7.4582528402060504 0
0 -7.4574379297246596 0
0 -7.4566276028988572 0
0 -7.455807123588067 0
0 -7.4551537988785226 0
0 -7.4546776731443334 0
0 -7.4558512396229801 0
0 -7.4552115900174458 0
0 -7.4547433850558233 0
0 -7.4543558934044842 0
0 -7.4541129318154402 0
0 -7.4544276997529995 0
0 -7.4541984883787151 0
0 -7.455869962941148 0
0 -7.4552388807391141 0
0 -7.4547767050926756 0
0 -7.4558779471274779 0
0 -7.455253768683912 0
0 -7.4547971358686826 0
0 -7.4544653229777484 0
0 -7.4542410359955689 0
0 -7.4544888779912775 0
0 -7.4542658390481185 0
0 -7.4606576621998881 0
0 -7.4606493694867195 0
0 -7.4604335013822585 0
0 -7.4604252240980893 0
0 -7.4606509386564683 0
0 -7.4604261193292523 0
0 -7.4606726042880913 0
0 -7.4604439768679427 0
0 -7.4607340442352825 0
0 -7.4604938298389509 0
0 -7.4601164317521462 0
0 -7.4596443014800276 0
0 -7.4601082745124403 0
0 -7.4596373270509613 0
0 -7.4590039631366274 0
0 -7.4589994931638435 0
0 -7.4601091471368708 0
0 -7.4596394885742354 0
0 -7.459004139552639 0
0 -7.4582450373894362 0
0 -7.4582442988965063 0
0 -7.4574350989176743 0
0 -7.4566305993729802 0
0 -7.457439059685707 0
0 -7.4566397126575925 0
0 -7.4582514608783814 0
0 -7.4574488888921717 0
0 -7.4566521544072906 0
0 -7.4601255541523308 0
0 -7.4596551336761872 0
0 -7.459018966637383 0
0 -7.4601704304259648 0
0 -7.4596948332488857 0
0 -7.459050443545272 0
0 -7.4582644989456721 0
0 -7.4574596410565599 0
0 -7.4566601996590887 0
0 -7.4582853652495977 0
0 -7.4574687729157088 0
0 -7.4566569669866913 0
0 -7.455887052932991 0
0 -7.4559011952469811 0
0 -7.455268747395194 0
0 -7.4548164632944012 0
0 -7.4552872884707098 0
0 -7.4548377159782815 0
0 -7.4559158982339655 0
0 -7.455303727000735 0
0 -7.4548542262549171 0
0 -7.4545105971793619 0
0 -7.4545327671192698 0
0 -7.4542871474317094 0
0 -7.4543092972316352 0
0 -7.45454829389565 0
0 -7.4543246557577643 0
0 -7.4559211146012565 0
0 -7.455306374681518 0
0 -7.4548543490757773 0
0 -7.4559058090979615 0
0 -7.4552811284015172 0
0 -7.4548223193589971 0
0 -7.4545462679635399 0
0 -7.454318436014888 0
0 -7.4545076153708481 0
0 -7.4542667260518218 0
0 -7.460722640744021 0
0 -7.4604942045905887 0
0 -7.4606617035554548 0
0 -7.4604426693472128 0
0 -7.4606302239744444 0
0 -7.4604146518890309 0
0 -7.4606117289242304 0
0 -7.4603971475725075 0
0 -7.460174992200125 0
0 -7.4596982910511276 0
0 -7.4590460718605565 0
0 -7.4601295487663304 0
0 -7.4596629159782974 0
0 -7.4590276668590434 0
0 -7.4582663163364868 0
0 -7.457430564060445 0
0 -7.4565990366028645 0
0 -7.4582690321798086 0
0 -7.4574552188092831 0
0 -7.4566440059084025 0
0 -7.4601041677442623 0
0 -7.4596423591464918 0
0 -7.4590154282176657 0
0 -7.4600877779438912 0
0 -7.4596280994233304 0
0 -7.4590054572188444 0
0 -7.4582681870379295 0
0 -7.4574668165221789 0
0 -7.4566674884563851 0
0 -7.4582650855926227 0
0 -7.4574717845415339 0
0 -7.4566806448718985 0
0 -7.4606844985656879 0
0 -7.4604598120398578 0
0 -7.460627591797321 0
0 -7.4604120505147655 0
0 -7.4605976267975143 0
0 -7.4603857053834215 0
0 -7.4605796879615722 0
0 -7.4603690061744325 0
0 -7.4601423289867457 0
0 -7.4596685502404947 0
0 -7.4590221303195037 0
0 -7.4601016113477536 0
0 -7.4596396614255944 0
0 -7.4590121711930495 0
0 -7.4582512620715962 0
0 -7.4574255332564867 0
0 -7.4566040639325548 0
0 -7.4582638255489737 0
0 -7.4574608913415581 0
0 -7.45665994779249 0
0 -7.4600786500751015 0
0 -7.4596227870189935 0
0 -7.4590051050145165 0
0 -7.4600636712326756 0
0 -7.4596109695068575 0
0 -7.4589988800056464 0
0 -7.4582694078546403 0
0 -7.4574798557143112 0
0 -7.4566913249954085 0
0 -7.458271213046979 0
0 -7.4574906685579352 0
0 -7.4567109195006367 0
0 -7.4558305266310425 0
0 -7.4551923691252249 0
0 -7.4547268133973548 0
0 -7.4558919530851302 0
0 -7.4552636591480157 0
0 -7.4548013700132296 0
0 -7.454413182671388 0
0 -7.4541829830705 0
0 -7.4544897326740402 0
0 -7.4542700187145554 0
0 -7.4559253978556237 0
0 -7.455303576681132 0
0 -7.4548445154006728 0
0 -7.4559458644100625 0
0 -7.4553294772805927 0
0 -7.4548738197823665 0
0 -7.4545344151451456 0
0 -7.454318141168752 0
0 -7.4545657484161438 0
0 -7.4543508513452128 0
0 -7.4558450097627116 0
0 -7.4552147950220373 0
0 -7.4547549110888207 0
0 -7.4559167325651163 0
0 -7.4552946273160723 0
0 -7.4548357906410354 0
0 -7.4544445880342929 0
0 -7.4542188297166856 0
0 -7.4545259041648233 0
0 -7.4543094410668322 0
0 -7.4559580125824487 0
0 -7.4553415158610798 0
0 -7.454884516809293 0
0 -7.4559850044618194 0
0 -7.4553734122376634 0
0 -7.4549187973864415 0
0 -7.4545749182933854 0
0 -7.4543608530987067 0
0 -7.4546103599005153 0
0 -7.4543972522234263 0
0 -7.4606613198972189 0
0 -7.4604375378840215 0
0 -7.4606049568426887 0
0 -7.4603906697081639 0
0 -7.4605758372487863 0
0 -7.460365359913304 0
0 -7.4605584422835696 0
0 -7.4603493391873714 0
0 -7.4601212725267869 0
0 -7.4596495131365996 0
0 -7.4590069182527889 0
0 -7.4600819837628585 0
0 -7.4596229851191502 0
0 -7.4590003788250092 0
0 -7.4582420726393162 0
0 -7.4574232334533574 0
0 -7.456608625218867 0
0 -7.4582589071342165 0
0 -7.4574634566625297 0
0 -7.4566696871773299 0
0 -7.4600605508422735 0
0 -7.4596084385844517 0
0 -7.4589965926624622 0
0 -7.4600465998216325 0
0 -7.4595982803818242 0
0 -7.4589928360567743 0
0 -7.4582685355258658 0
0 -7.4574870257280983 0
0 -7.4567059726865388 0
0 -7.4582735008185326 0
0 -7.4575015364150961 0
0 -7.4567295871379153 0
0 -7.4606423635045251 0
0 -7.4604188085259979 0
0 -7.4605860831400754 0
0 -7.4603723218889861 0
0 -7.4606231413594681 0
0 -7.4604000035341915 0
0 -7.4605674466770857 0
0 -7.4603541130544491 0
0 -7.4605572183014832 0
0 -7.4603473924078179 0
0 -7.460540137097512 0
0 -7.4603317404666702 0
0 -7.4605389252929193 0
0 -7.4603295688164959 0
0 -7.460522273038916 0
0 -7.4603144127344363 0
0 -7.4601034563946351 0
0 -7.4596334724690747 0
0 -7.4589941670722641 0
0 -7.4600648718044349 0
0 -7.4596081300923958 0
0 -7.4589893943717724 0
0 -7.4582338310926923 0
0 -7.4574202468534914 0
0 -7.4566110639276282 0
0 -7.4582529593461055 0
0 -7.4574631298253529 0
0 -7.456674975315333 0
0 -7.46008519046228 0
0 -7.4596163860568687 0
0 -7.458979104954798 0
0 -7.4600472699758393 0
0 -7.4595918922239077 0
0 -7.4589755322711957 0
0 -7.4582215204545719 0
0 -7.4574114615460436 0
0 -7.4566065939713155 0
0 -7.4582422717781123 0
0 -7.4574562971041951 0
0 -7.4566725096306152 0
0 -7.4600439987497671 0
0 -7.4595944640963783 0
0 -7.4589869109440521 0
0 -7.4600305725829337 0
0 -7.4595851535294182 0
0 -7.4589844120726871 0
0 -7.458264297211981 0
0 -7.4574887312860909 0
0 -7.4567134659621059 0
0 -7.4582709324453598 0
0 -7.4575052559086146 0
0 -7.4567393024704538 0
0 -7.4600268549261282 0
0 -7.4595788333416815 0
0 -7.4589739225376794 0
0 -7.4600140405252908 0
0 -7.4595703340591539 0
0 -7.4589725245089733 0
0 -7.4582548260531905 0
0 -7.4574834130651508 0
0 -7.4567126399612693 0
0 -7.4582628991133237 0
0 -7.457501652884746 0
0 -7.4567403140194859 0
0 -7.4558558060308746 0
0 -7.4552304684601811 0
0 -7.4547739227837226 0
0 -7.4559326461608366 0
0 -7.4553148485784337 0
0 -7.4548584973124434 0
0 -7.4544656430823517 0
0 -7.4542410633074425 0
0 -7.4545499708954948 0
0 -7.4543345267644758 0
0 -7.4559787781218683 0
0 -7.4553661376613247 0
0 -7.4549108137352249 0
0 -7.4560098036996987 0
0 -7.4554017566142026 0
0 -7.4549483084987616 0
0 -7.45460189774714 0
0 -7.4543884244506931 0
0 -7.4546401226189847 0
0 -7.4544273790484814 0
0 -7.4558633555569784 0
0 -7.4552421641002766 0
0 -7.4547881714746902 0
0 -7.4559429354679452 0
0 -7.4553289526128292 0
0 -7.4548747484506164 0
0 -7.4544812734282955 0
0 -7.4542574205306353 0
0 -7.4545673019758691 0
0 -7.4543523617837035 0
0 -7.4558636817224535 0
0 -7.4552469167982673 0
0 -7.4547960078729201 0
0 -7.4559449819633885 0
0 -7.4553349870623586 0
0 -7.4548835399707203 0
0 -7.4544908312125493 0
0 -7.4542679519510333 0
0 -7.4545776134211659 0
0 -7.4543634577352993 0
0 -7.455991262802188 0
0 -7.4553823025944421 0
0 -7.4549288962757938 0
0 -7.4560245332462687 0
0 -7.4554200577639875 0
0 -7.4549684283711857 0
0 -7.4546208588190739 0
0 -7.454407752015034 0
0 -7.4546610169780898 0
0 -7.4544485877011999 0
0 -7.4559948373785678 0
0 -7.455389656255389 0
0 -7.4549388523171318 0
0 -7.4560298944869245 0
0 -7.4554290489253985 0
0 -7.4549798992559522 0
0 -7.4546322416825959 0
0 -7.4544198402409885 0
0 -7.4546738663725423 0
0 -7.4544621428383033 0
0 -7.4605993796199863 0
0 -7.4605915548845845 0
0 -7.4603850971827788 0
0 -7.4603773942292477 0
0 -7.4605924348296178 0
0 -7.4603776603330614 0
0 -7.4606101509146834 0
0 -7.4603922665201976 0
0 -7.4606598985415902 0
0 -7.4604334078357395 0
0 -7.4600762937650265 0
0 -7.4596180239270948 0
0 -7.4600691348920991 0
0 -7.4596127810932398 0
0 -7.4589986911115389 0
0 -7.4589968212812128 0
0 -7.4600694372106711 0
0 -7.4596143814303923 0
0 -7.4590009811352287 0
0 -7.4582634497113514 0
0 -7.4582659783584742 0
0 -7.4574763751525488 0
0 -7.4566917587449542 0
0 -7.4574839890338822 0
0 -7.4567045843172926 0
0 -7.4582728241330409 0
0 -7.457493717347834 0
0 -7.4567170479346192 0
0 -7.4600829002949904 0
0 -7.4596272925097713 0
0 -7.4590135728517266 0
0 -7.4601199950301158 0
0 -7.4596601594193261 0
0 -7.459040020382357 0
0 -7.4582845727123983 0
0 -7.4575043223422259 0
0 -7.4567261504364968 0
0 -7.458303136505271 0
0 -7.4575144866725189 0
0 -7.4567274392713614 0
0 -7.4605674794347392 0
0 -7.4603573114340174 0
0 -7.4605594999161955 0
0 -7.4603495379117488 0
0 -7.4605596509077063 0
0 -7.4603491092278089 0
0 -7.4605752468847015 0
0 -7.4603618615094813 0
0 -7.4606201358950814 0
0 -7.460398883935321 0
0 -7.4600530083470042 0
0 -7.4596025306170084 0
0 -7.4600460054318321 0
0 -7.4595978180253049 0
0 -7.4589947584121195 0
0 -7.458993886543392 0
0 -7.4600456298547959 0
0 -7.4595987991967654 0
0 -7.4589974929085132 0
0 -7.4582731387788153 0
0 -7.4582770843943882 0
0 -7.4574995439124647 0
0 -7.4567267595561741 0
0 -7.4575088984750773 0
0 -7.4567414993616312 0
0 -7.4582834652600996 0
0 -7.4575182747404396 0
0 -7.4567537269616881 0
0 -7.4600571068064117 0
0 -7.4596095190344895 0
0 -7.459007715311631 0
0 -7.4600900820166718 0
0 -7.4596380420434496 0
0 -7.4590298793785221 0
0 -7.4582928553948626 0
0 -7.4575267574688739 0
0 -7.4567610934787742 0
0 -7.4583077229031183 0
0 -7.4575341914013586 0
0 -7.4567608842473803 0
0 -7.4559630553907681 0
0 -7.455980621576014 0
0 -7.4553516254731758 0
0 -7.4548990707416998 0
0 -7.4553730217290965 0
0 -7.4549227130606441 0
0 -7.4559953578295328 0
0 -7.4553895129287131 0
0 -7.4549395494216819 0
0 -7.4545926696049474 0
0 -7.4546170579243833 0
0 -7.4543785841581069 0
0 -7.4544033159756022 0
0 -7.4546332372886575 0
0 -7.4544187444305257 0
0 -7.4560025816705897 0
0 -7.4553947030008487 0
0 -7.4549423448176775 0
0 -7.4559946507600481 0
0 -7.45537824341329 0
0 -7.454919433395097 0
0 -7.4546335101744221 0
0 -7.4544156828995636 0
0 -7.4546050572673082 0
0 -7.4543787644903592 0
0 -7.4560069494136103 0
0 -7.4560264308334716 0
0 -7.4553999186456021 0
0 -7.4549478562679701 0
0 -7.4554230810804203 0
0 -7.4549731466762257 0
0 -7.4560410192702902 0
0 -7.4554395092396772 0
0 -7.4549901032051098 0
0 -7.4546406725676748 0
0 -7.454666732594343 0
0 -7.4544548121558618 0
0 -7.4544283058745568 0
0 -7.4546832468332065 0
0 -7.4544707786432296 0
0 -7.4560469448433384 0
0 -7.4554438723799397 0
0 -7.4549925724822543 0
0 -7.4560387922178979 0
0 -7.4554282512757242 0
0 -7.4549712589495503 0
0 -7.4546836808702395 0
0 -7.4544684269942261 0
0 -7.4546575741218906 0
0 -7.4544351175114709 0
0 -7.4605459963684213 0
0 -7.4603374728963496 0
0 -7.4605375211621867 0
0 -7.4603292542891326 0
0 -7.4605371042642128 0
0 -7.4603282694219564 0
0 -7.4605512789254362 0
0 -7.4603395613233987 0
0 -7.4605940966153774 0
0 -7.4603745211717785 0
0 -7.4600358918148135 0
0 -7.4595900983042576 0
0 -7.4600284926955513 0
0 -7.4595850798327668 0
0 -7.4589893926116817 0
0 -7.45898838473288 0
0 -7.4600275938556093 0
0 -7.4595855845788037 0
0 -7.458991547710105 0
0 -7.4582765525887806 0
0 -7.4575119511862846 0
0 -7.4582805724285981 0
0 -7.4575216053337297 0
0 -7.4567472857038473 0
0 -7.4567625309325685 0
0 -7.4582865816436392 0
0 -7.4575306961292762 0
0 -7.456774577785076 0
0 -7.4600373762189065 0
0 -7.4595942860249531 0
0 -7.4589994253501892 0
0 -7.460067906235003 0
0 -7.4596198100058393 0
0 -7.4590181289978261 0
0 -7.4582934748537681 0
0 -7.4575366963601706 0
0 -7.4567796505351298 0
0 -7.458304716595217 0
0 -7.4575406340765662 0
0 -7.4567763248714627 0
0 -7.4605277104616956 0
0 -7.4603199191100291 0
0 -7.4605188208174225 0
0 -7.4603113058798547 0
0 -7.4605176357614731 0
0 -7.4603095583226349 0
0 -7.4605104537620797 0
0 -7.460303267464254 0
0 -7.460501733792686 0
0 -7.4602948476246134 0
0 -7.4605005468974896 0
0 -7.4602930965782264 0
0 -7.4605312028222608 0
0 -7.4603201904944436 0
0 -7.4605731932753638 0
0 -7.4603541482386655 0
0 -7.4605135574006214 0
0 -7.4603031740844239 0
0 -7.4605547072872884 0
0 -7.4603363182745444 0
0 -7.4600199868212798 0
0 -7.4595772660314541 0
0 -7.4600121486514599 0
0 -7.4595717764854692 0
0 -7.4589815167036662 0
0 -7.4589800822636523 0
0 -7.4600103712170354 0
0 -7.4595712140732671 0
0 -7.4589820355737055 0
0 -7.4582748316250447 0
0 -7.4575167979583661 0
0 -7.4582785491154375 0
0 -7.4575263199242015 0
0 -7.4567583410578848 0
0 -7.4567736392413195 0
0 -7.4582833195405298 0
0 -7.4575342300245255 0
0 -7.4567846513628755 0
0 -7.4600042992988085 0
0 -7.4595635689345317 0
0 -7.4599966863862051 0
0 -7.4595583705647464 0
0 -7.4589710993679992 0
0 -7.4589700742866443 0
0 -7.4599949186621206 0
0 -7.4595578423874835 0
0 -7.458972107045506 0
0 -7.4582686073973044 0
0 -7.4575152553058963 0
0 -7.4582728860858722 0
0 -7.4575254894483907 0
0 -7.4567615203005557 0
0 -7.4567776438545676 0
0 -7.4582778037540818 0
0 -7.4575336260490772 0
0 -7.4567889639277878 0
0 -7.4600193925916418 0
0 -7.4595790227974135 0
0 -7.4589888929297654 0
0 -7.4600486378733581 0
0 -7.4596029144614677 0
0 -7.4590056457723817 0
0 -7.4582891388129076 0
0 -7.4575391663734782 0
0 -7.4567887485499531 0
0 -7.4582982217452978 0
0 -7.457540887692808 0
0 -7.4567833053027002 0
0 -7.4600032941129468 0
0 -7.4595648697791122 0
0 -7.458978056311536 0
0 -7.4600316375013733 0
0 -7.4595877333795917 0
0 -7.4589936810837605 0
0 -7.4582826625738452 0
0 -7.4575376257661548 0
0 -7.4567922241173639 0
0 -7.4582905836801476 0
0 -7.4575382320195196 0
0 -7.4567857909060473 0
0 -7.4560337661110783 0
0 -7.4560538953114088 0
0 -7.4554542624288436 0
0 -7.4554303228255234 0
0 -7.4549794041304001 0
0 -7.4550056372430031 0
0 -7.4560684115885989 0
0 -7.4554707645964404 0
0 -7.4550228918093948 0
0 -7.4546724452847259 0
0 -7.4544604656422511 0
0 -7.4546996336519875 0
0 -7.4544882865003848 0
0 -7.4547166934826432 0
0 -7.4545050170498337 0
0 -7.4560723889893143 0
0 -7.455473666001736 0
0 -7.4550244674001576 0
0 -7.4560616958476178 0
0 -7.4554562322028426 0
0 -7.4550020412463454 0
0 -7.4547166957332838 0
0 -7.4545024864374607 0
0 -7.4546900054290495 0
0 -7.4544688467435511 0
0 -7.4560499403073441 0
0 -7.4554501060350464 0
0 -7.4560702969016539 0
0 -7.4554744681930245 0
0 -7.4550010622197904 0
0 -7.4550279499677092 0
0 -7.456083996279304 0
0 -7.4554904520436933 0
0 -7.455045022445721 0
0 -7.4546949604991397 0
0 -7.454483387284748 0
0 -7.4547230322354912 0
0 -7.454512289318207 0
0 -7.4547402194216446 0
0 -7.4545293608025878 0
0 -7.4560574074909347 0
0 -7.4554610203906719 0
0 -7.4560786468752935 0
0 -7.4554862936427257 0
0 -7.4550142976178115 0
0 -7.4550421471016621 0
0 -7.4560927246015654 0
0 -7.4555027183136762 0
0 -7.4550597398634224 0
0 -7.4547095226156079 0
0 -7.4544987211417739 0
0 -7.4547386507391122 0
0 -7.4545288059379642 0
0 -7.4547564575775489 0
0 -7.4545466065528405 0
0 -7.4560871604848975 0
0 -7.4554927661565458 0
0 -7.4550462692168695 0
0 -7.4560746013780763 0
0 -7.4554738755052092 0
0 -7.4550228255027813 0
0 -7.4547401266724007 0
0 -7.4545268593696914 0
0 -7.4547127146303902 0
0 -7.4544924691668175 0
0 -7.4560952189508454 0
0 -7.4555045886255682 0
0 -7.4550607872387724 0
0 -7.4560818708895962 0
0 -7.4554851791620314 0
0 -7.4550370969151354 0
0 -7.4547563565949728 0
0 -7.4545442005526921 0
0 -7.4547288986290416 0
0 -7.4545098459616153 0
0 -7.4606053839684128 0
0 -7.4603825970303861 0
0 -7.4605507947777623 0
0 -7.4603375636741438 0
0 -7.4605231670777776 0
0 -7.4603139420666418 0
0 -7.4605074662878827 0
0 -7.4602998940523104 0
0 -7.4600674005331156 0
0 -7.4595984343828547 0
0 -7.4589612854037819 0
0 -7.4600302393602069 0
0 -7.4595747196195177 0
0 -7.4589587311888979 0
0 -7.4582042256769636 0
0 -7.4573956284667196 0
0 -7.4565936001404465 0
0 -7.4582264080736369 0
0 -7.4574422288565829 0
0 -7.45666129329061 0
0 -7.4600109360971016 0
0 -7.4595630820190664 0
0 -7.4589589818075348 0
0 -7.4599995317850123 0
0 -7.4595564120499693 0
0 -7.4589599048080668 0
0 -7.4582412998220304 0
0 -7.45747202534276 0
0 -7.4567041536957035 0
0 -7.4582521524420562 0
0 -7.4574933403225812 0
0 -7.4567349212810203 0
0 -7.4605971719573221 0
0 -7.4603734689688483 0
0 -7.4605428955716873 0
0 -7.4603286149893151 0
0 -7.4605159953160554 0
0 -7.4603058292825377 0
0 -7.4605016090002101 0
0 -7.4602933074079552 0
0 -7.4600566872031244 0
0 -7.4595860685097435 0
0 -7.4589472664002914 0
0 -7.4600195976782153 0
0 -7.4595623318404218 0
0 -7.4589447935400317 0
0 -7.4581881993109729 0
0 -7.457378384464298 0
0 -7.456576661308719 0
0 -7.4582108703865648 0
0 -7.4574258793550374 0
0 -7.4566453749506554 0
0 -7.4600013734313899 0
0 -7.4595521392641038 0
0 -7.4589469547737286 0
0 -7.4599919643621311 0
0 -7.4595481145428231 0
0 -7.4589511752153195 0
0 -7.4582281685749203 0
0 -7.4574584201604006 0
0 -7.4566909995376047 0
0 -7.4582428471201121 0
0 -7.4574838326276334 0
0 -7.4567257802297151 0
0 -7.4558548286724928 0
0 -7.4552427193943975 0
0 -7.4547954731951149 0
0 -7.4559375086388489 0
0 -7.455331591220367 0
0 -7.4548834324830136 0
0 -7.4544922959011828 0
0 -7.454270369269226 0
0 -7.4545793324094074 0
0 -7.4543660563998309 0
0 -7.4559897990190231 0
0 -7.4553881746407313 0
0 -7.4549402234689737 0
0 -7.4560276895341957 0
0 -7.4554299613826087 0
0 -7.4549832318141185 0
0 -7.4546352117274939 0
0 -7.4544235923211009 0
0 -7.4546785419177573 0
0 -7.4544675580130342 0
0 -7.4558397521332926 0
0 -7.4552307952291406 0
0 -7.4547860449968146 0
0 -7.4559232713555019 0
0 -7.4553201966327913 0
0 -7.4548743971418361 0
0 -7.4544839846808086 0
0 -7.4542619384429498 0
0 -7.4545714025151488 0
0 -7.4543580260317555 0
0 -7.4559780143125538 0
0 -7.4553786806478453 0
0 -7.4549326808254923 0
0 -7.4560194945006568 0
0 -7.4554234032933531 0
0 -7.454978020955247 0
0 -7.4546285583031757 0
0 -7.4544168713147787 0
0 -7.4546738658806255 0
0 -7.4544627665896073 0
0 -7.4606111590439959 0
0 -7.4603833870194673 0
0 -7.4605536729762063 0
0 -7.4603359175733077 0
0 -7.4605267816783361 0
0 -7.4603134584140314 0
0 -7.4605131206050572 0
0 -7.4603018655176081 0
0 -7.4600638810111768 0
0 -7.4595900252452667 0
0 -7.4589467712739204 0
0 -7.4600241626132986 0
0 -7.4595634267017932 0
0 -7.4589414762699935 0
0 -7.4581818314172912 0
0 -7.4573662589406053 0
0 -7.456559971123343 0
0 -7.4582023242836639 0
0 -7.4574124099064116 0
0 -7.456628088643928 0
0 -7.460006549129897 0
0 -7.4595542252821803 0
0 -7.4589450757030029 0
0 -7.4599983809481412 0
0 -7.4595518460731043 0
0 -7.4589513473530484 0
0 -7.4582215466213109 0
0 -7.457447247523513 0
0 -7.4566760666020366 0
0 -7.4582386192308583 0
0 -7.4574752278848893 0
0 -7.4567133218939761 0
0 -7.4606684915953014 0
0 -7.4604296608088383 0
0 -7.4606001399142139 0
0 -7.4603736984576958 0
0 -7.4605700527829075 0
0 -7.4603488393585184 0
0 -7.4605573908755858 0
0 -7.4603383833862074 0
0 -7.4601053824680648 0
0 -7.4596261773534804 0
0 -7.458973471576285 0
0 -7.4600572746579727 0
0 -7.4595904570176268 0
0 -7.4589587335466554 0
0 -7.4581954544940618 0
0 -7.4573654442909909 0
0 -7.456545239828043 0
0 -7.4582073894379493 0
0 -7.457404812079095 0
0 -7.4566086166662275 0
0 -7.4600373544101304 0
0 -7.4595788120583384 0
0 -7.4589598510607296 0
0 -7.4600307076808701 0
0 -7.4595784712211888 0
0 -7.4589686936711335 0
0 -7.4582243905649461 0
0 -7.4574378345937937 0
0 -7.4566551419344567 0
0 -7.4582444036501849 0
0 -7.4574688809256617 0
0 -7.4566952270207265 0
0 -7.4558200433402027 0
0 -7.4552097857757182 0
0 -7.4547644416377992 0
0 -7.455903564026908 0
0 -7.4552997140768937 0
0 -7.4548537274538029 0
0 -7.4544615686550291 0
0 -7.4542358501716919 0
0 -7.4545501302988102 0
0 -7.4543339270928888 0
0 -7.4559604289717667 0
0 -7.4553599175645688 0
0 -7.4549134166325519 0
0 -7.4560040461845176 0
0 -7.4554063117037064 0
0 -7.4549601153624945 0
0 -7.4546086463547505 0
0 -7.4543945756042662 0
0 -7.4546551836143671 0
0 -7.4544417683028419 0
0 -7.4557928986968571 0
0 -7.4551726979302089 0
0 -7.4547206695893413 0
0 -7.455873754780761 0
0 -7.4552620665201905 0
0 -7.454811291804722 0
0 -7.4544115408521581 0
0 -7.454173056694815 0
0 -7.4545035284348389 0
0 -7.4542782904216489 0
0 -7.4559295176480207 0
0 -7.4553216887516101 0
0 -7.4548710928593334 0
0 -7.4559753974515743 0
0 -7.455369686448992 0
0 -7.4549189457605189 0
0 -7.4545630066465236 0
0 -7.4543411675161675 0
0 -7.4546105577531039 0
0 -7.4543894883748516 0
0 -7.4604966993381208 0
0 -7.4602899357193966 0
0 -7.4604889532378085 0
0 -7.4602825360255149 0
0 -7.4604879552235959 0
0 -7.4602809698446526 0
0 -7.4605010409539005 0
0 -7.4602911743371276 0
0 -7.4605413609104509 0
0 -7.4603237068917174 0
0 -7.4599912623515552 0
0 -7.4595515222121414 0
0 -7.4599848634742951 0
0 -7.4595478203411538 0
0 -7.4589608011840811 0
0 -7.4589615668837732 0
0 -7.4599832388659593 0
0 -7.459547374717844 0
0 -7.4589636258377467 0
0 -7.458260568204409 0
0 -7.4575098905351878 0
0 -7.4582668792113669 0
0 -7.4575223048127235 0
0 -7.4567590908853374 0
0 -7.4567774036457077 0
0 -7.4582718108899018 0
0 -7.4575304889591063 0
0 -7.4567888244077078 0
0 -7.459991785896646 0
0 -7.4595546186193982 0
0 -7.458969850223399 0
0 -7.4600195895809591 0
0 -7.4595769812116082 0
0 -7.4589850291937765 0
0 -7.4582769941052298 0
0 -7.457534867938584 0
0 -7.4567925193173048 0
0 -7.4582845653565935 0
0 -7.4575352623483688 0
0 -7.4567860437316575 0
0 -7.4604919661759084 0
0 -7.4602846575267492 0
0 -7.4604852405767668 0
0 -7.4602783520498228 0
0 -7.4604852442481464 0
0 -7.4602777887708065 0
0 -7.4604987473843201 0
0 -7.4602883950887637 0
0 -7.4605389980165313 0
0 -7.4603208803349341 0
0 -7.4599853303639074 0
0 -7.459545266981352 0
0 -7.4599801972338105 0
0 -7.4595430592995582 0
0 -7.4589545298759612 0
0 -7.4589570164643524 0
0 -7.4599796582308375 0
0 -7.459543785177412 0
0 -7.4589603433472389 0
0 -7.4582540663735815 0
0 -7.4575033750823385 0
0 -7.4582622825982607 0
0 -7.4575178065804311 0
0 -7.4567528919971986 0
0 -7.4567732021532258 0
0 -7.4582685393102448 0
0 -7.4575273439771905 0
0 -7.4567859473349269 0
0 -7.4599885534611303 0
0 -7.4595512444650174 0
0 -7.4589666307133342 0
0 -7.4600162294725267 0
0 -7.459573335661311 0
0 -7.4589813627478865 0
0 -7.4582736773369751 0
0 -7.4575316247177073 0
0 -7.4567895411245209 0
0 -7.4582806643545068 0
0 -7.4575313791680129 0
0 -7.4567824484158969 0
0 -7.4560579516219461 0
0 -7.4554643119146284 0
0 -7.4560812354928299 0
0 -7.4554913760289283 0
0 -7.4550196393321713 0
0 -7.4550490382117793 0
0 -7.456095475240609 0
0 -7.4555080449570719 0
0 -7.4550669703624504 0
0 -7.4547159851126796 0
0 -7.4545059262821649 0
0 -7.4547465310963084 0
0 -7.4545374434674923 0
0 -7.4547647526205623 0
0 -7.4545557026234981 0
0 -7.4560984444323104 0
0 -7.4555104094469327 0
0 -7.4550685118865783 0
0 -7.4560852359413881 0
0 -7.4554913043036626 0
0 -7.4550452618735443 0
0 -7.4547651629699043 0
0 -7.4545538801875493 0
0 -7.4547382758169904 0
0 -7.4545203254671026 0
0 -7.4560524163026267 0
0 -7.455459974446133 0
0 -7.4560775300514912 0
0 -7.4554886132994032 0
0 -7.45501622229395 0
0 -7.4550469552193759 0
0 -7.4560929842211312 0
0 -7.4555063309694383 0
0 -7.4550657480406155 0
0 -7.4547128584943287 0
0 -7.4545026589167698 0
0 -7.4547445844953133 0
0 -7.4545353347040697 0
0 -7.4547635518879369 0
0 -7.4545543282821249 0
0 -7.4560958840898648 0
0 -7.4555086726653892 0
0 -7.4550673024214822 0
0 -7.456082146075226 0
0 -7.4554891834368897 0
0 -7.4550438188025456 0
0 -7.4547640132717881 0
0 -7.4545525832004316 0
0 -7.45473698434167 0
0 -7.4545189570719819 0
0 -7.4605050329445071 0
0 -7.4602949320013163 0
0 -7.4604990653772703 0
0 -7.4602894672323696 0
0 -7.4604997366020003 0
0 -7.4602895270568395 0
0 -7.4605145792544443 0
0 -7.4603011658615381 0
0 -7.4605580713199959 0
0 -7.4603361238421373 0
0 -7.45999390848527 0
0 -7.4595517530260445 0
0 -7.4599897005962665 0
0 -7.4595505368157751 0
0 -7.4589580251083429 0
0 -7.4589615740985362 0
0 -7.4599896762992541 0
0 -7.4595515507087944 0
0 -7.4589649333400896 0
0 -7.4582535797909397 0
0 -7.4574986943968895 0
0 -7.4582629480450455 0
0 -7.4575143740414225 0
0 -7.4567442243325912 0
0 -7.4567658006872746 0
0 -7.4582690703430607 0
0 -7.457523722948622 0
0 -7.4567783751207299 0
0 -7.4599994082101651 0
0 -7.4595595175336511 0
0 -7.4589712886556772 0
0 -7.4600291460311041 0
0 -7.4595832271122688 0
0 -7.4589869720728634 0
0 -7.4582738860074933 0
0 -7.4575274030972825 0
0 -7.456781210566267 0
0 -7.4582810353105593 0
0 -7.4575265979783358 0
0 -7.4567729562512062 0
0 -7.4605503481121556 0
0 -7.4603324896935099 0
0 -7.4605448110695658 0
0 -7.4603275003331619 0
0 -7.4605458834515508 0
0 -7.4603278132117046 0
0 -7.4605638764201005 0
0 -7.4603416720931648 0
0 -7.4606182235971366 0
0 -7.4603846874645932 0
0 -7.4600274452368724 0
0 -7.4595797979855876 0
0 -7.4600237139449259 0
0 -7.4595789804349559 0
0 -7.4589770120981411 0
0 -7.4589808512781737 0
0 -7.460023590282491 0
0 -7.4595792919072306 0
0 -7.4589827739290788 0
0 -7.4582612009905791 0
0 -7.4582708771629784 0
0 -7.4575104092596103 0
0 -7.4574942832044915 0
0 -7.4567279365419497 0
0 -7.45675006846343 0
0 -7.4582750218161751 0
0 -7.4575176237949856 0
0 -7.4567606346165753 0
0 -7.4600347841098964 0
0 -7.4595876728249904 0
0 -7.4589881430940652 0
0 -7.4600712963291054 0
0 -7.4596167790412222 0
0 -7.4590070029427888 0
0 -7.4582775012714366 0
0 -7.4575180338577933 0
0 -7.4567596861014653 0
0 -7.4582850864733174 0
0 -7.4575150421637169 0
0 -7.4567469842965819 0
0 -7.4560403018783612 0
0 -7.4554455449953529 0
0 -7.4560665798824903 0
0 -7.455475187867088 0
0 -7.4550003779741481 0
0 -7.4550319754823988 0
0 -7.4560819054429199 0
0 -7.4554928412041868 0
0 -7.4550507667701105 0
0 -7.4546958959108345 0
0 -7.454483338657635 0
0 -7.454728423118719 0
0 -7.4545168518239722 0
0 -7.4547474599868906 0
0 -7.4545359510076619 0
0 -7.4560839903857801 0
0 -7.4554943806468383 0
0 -7.4550515703524525 0
0 -7.456068620481485 0
0 -7.4554729893693201 0
0 -7.4550260448129642 0
0 -7.4547471949695305 0
0 -7.4545332784601088 0
0 -7.4547178617580174 0
0 -7.4544966247647135 0
0 -7.4560130617565097 0
0 -7.4560398575618683 0
0 -7.4554399462780268 0
0 -7.4554098625794172 0
0 -7.4549598662839953 0
0 -7.4549919224464958 0
0 -7.456053433630955 0
0 -7.4554562268969011 0
0 -7.4550097352259836 0
0 -7.4546518399533594 0
0 -7.4544315806096231 0
0 -7.4546849312079217 0
0 -7.4544658043794003 0
0 -7.4547032710836048 0
0 -7.4544842700465015 0
0 -7.4560515678524668 0
0 -7.45545402056492 0
0 -7.4550071058893312 0
0 -7.4560299945104171 0
0 -7.4554254284167563 0
0 -7.4549738651696744 0
0 -7.4546995883166254 0
0 -7.4544773478179147 0
0 -7.4546615543172869 0
0 -7.4544287963510385 0
-0 -0 -0
-0 -0 -0
-0 -0 -0
-0 -0 -0
-0 -0 -0
-0 -0 -0
-0 -0 -0
-0 -0 -0
-0 -0 -0
-0 -0 -0
-0 -0 -0
-0 -0 -0
-0 -0 -0
-0 -0 -0
-0 -0 -0
-0 -0 -0
-0 -0 -0
-0 -0 -0
-0 -0 -0
-0 -0 -0
-0 -0 -0
-0 -0 -0
-0 -0 -0
-0 -0 -0
-0 -0 -0
-0 -0 -0
-0 -0 -0
-0 -0 -0
-0 -0 -0
-0 -0 -0
-0 -0 -0
-0 -0 -0
-0 -0 -0
-0 -0 -0
-0 -0 -0
-0 -0 -0
-0 -0 -0
-0 -0 -0
-0 -0 -0
-0 -0 -0
-0 -0 -0
-0 -0 -0
-0 -0 -0
-0 -0 -0
-0 -0 -0
-0 -0 -0
-0 -0 -0
-0 -0 -0
-0 -0 -0
-0 -0 -0
-0 -0 -0
-0 -0 -0
-0 -0 -0
-0 -0 -0
-0 -0 -0
-0 -0 -0
-0 -0 -0
-0 -0 -0
-0 -0 -0
-0 -0 -0
-0 -0 -0
-0 -0 -0
-0 -0 -0
-0 -0 -0
-0 -0 -0
-0 -0 -0
-0 -0 -0
-0 -0 -0
-0 -0 -0
-0 -0 -0
-0 -0 -0
-0 -0 -0
-0 -0 -0
-0 -0 -0
-0 -0 -0
-0 -0 -0
-0 -0 -0
-0 -0 -0
-0 -0 -0
-0 -0 -0
-0 -0 -0
-0 -0 -0
-0 -0 -0
-0 -0 -0
-0 -0 -0
-0 -0 -0
-0 -0 -0
-0 -0 -0
-0 -0 -0
-0 -0 -0
-0 -0 -0
-0 -0 -0
-0 -0 -0
-0 -0 -0
-0 -0 -0
-0 -0 -0
-0 -0 -0
-0 -0 -0
-0 -0 -0
-0 -0 -0
-0 -0 -0
-0 -0 -0
-0 -0 -0
-0 -0 -0
-0 -0 -0
-0 -0 -0
-0 -0 -0
-0 -0 -0
-0 -0 -0
-0 -0 -0
-0 -0 -0
-0 -0 -0
-0 -0 -0
-0 -0 -0
-0 -0 -0
-0 -0 -0
-0 -0 -0
-0 -0 -0
-0 -0 -0
-0 -0 -0
-0 -0 -0
-0 -0 -0
-0 -0 -0
-0 -0 -0
-0 -0 -0
-0 -0 -0
-0 -0 -0
-0 -0 -0
-0 -0 -0
-0 -0 -0
-0 -0 -0
-0 -0 -0
-0 -0 -0
-0 -0 -0
-0 -0 -0
-0 -0 -0
-0 -0 -0
-0 -0 -0
-0 -0 -0
-0 -0 -0
-0 -0 -0
-0 -0 -0
-0 -0 -0
-0 -0 -0
-0 -0 -0
-0 -0 -0
-0 -0 -0
-0 -0 -0
-0 -0 -0
-0 -0 -0
-0 -0 -0
-0 -0 -0
-0 -0 -0
-0 -0 -0
-0 -0 -0
-0 -0 -0
-0 -0 -0
-0 -0 -0
-0 -0 -0
-0 -0 -0
-0 -0 -0
-0 -0 -0
-0 -0 -0
-0 -0 -0
-0 -0 -0
-0 -0 -0
-0 -0 -0
-0 -0 -0
-0 -0 -0
-0 -0 -0
-0 -0 -0
-0 -0 -0
-0 -0 -0
-0 -0 -0
-0 -0 -0
-0 -0 -0
-0 -0 -0
-0 -0 -0
-0 -0 -0
-0 -0 -0
-0 -0 -0
-0 -0 -0
-0 -0 -0
-0 -0 -0
-0 -0 -0
-0 -0 -0
-0 -0 -0
-0 -0 -0
-0 -0 -0
-0 -0 -0
-0 -0 -0
-0 -0 -0
-0 -0 -0
-0 -0 -0
-0 -0 -0
-0 -0 -0
-0 -0 -0
-0 -0 -0
-0 -0 -0
-0 -0 -0
-0 -0 -0
-0 -0 -0
-0 -0 -0
-0 -0 -0
-0 -0 -0
-0 -0 -0
-0 -0 -0
-0 -0 -0
-0 -0 -0
-0 -0 -0
-0 -0 -0
-0 -0 -0
-0 -0 -0
-0 -0 -0
-0 -0 -0
-0 -0 -0
-0 -0 -0
-0 -0 -0
-0 -0 -0
-0 -0 -0
-0 -0 -0
-0 -0 -0
-0 -0 -0
-0 -0 -0
-0 -0 -0
-0 -0 -0
-0 -0 -0
-0 -0 -0
-0 -0 -0
-0 -0 -0
-0 -0 -0
-0 -0 -0
-0 -0 -0
-0 -0 -0
-0 -0 -0
-0 -0 -0
-0 -0 -0
-0 -0 -0
-0 -0 -0
-0 -0 -0
-0 -0 -0
-0 -0 -0
-0 -0 -0
-0 -0 -0
-0 -0 -0
-0 -0 -0
-0 -0 -0
-0 -0 -0
-0 -0 -0
-0 -0 -0
-0 -0 -0
-0 -0 -0
-0 -0 -0
-0 -0 -0
-0 -0 -0
-0 -0 -0
-0 -0 -0
-0 -0 -0
-0 -0 -0
-0 -0 -0
-0 -0 -0
-0 -0 -0
-0 -0 -0
-0 -0 -0
-0 -0 -0
-0 -0 -0
-0 -0 -0
-0 -0 -0
-0 -0 -0
-0 -0 -0
-0 -0 -0
-0 -0 -0
-0 -0 -0
-0 -0 -0
-0 -0 -0
-0 -0 -0
-0 -0 -0
-0 -0 -0
-0 -0 -0
-0 -0 -0
-0 -0 -0
-0 -0 -0
-0 -0 -0
-0 -0 -0
-0 -0 -0
-0 -0 -0
-0 -0 -0
-0 -0 -0
-0 -0 -0
-0 -0 -0
-0 -0 -0
-0 -0 -0
-0 -0 -0
-0 -0 -0
-0 -0 -0
-0 -0 -0
-0 -0 -0
-0 -0 -0
-0 -0 -0
-0 -0 -0
-0 -0 -0
-0 -0 -0
-0 -0 -0
-0 -0 -0
-0 -0 -0
-0 -0 -0
-0 -0 -0
-0 -0 -0
-0 -0 -0
-0 -0 -0
-0 -0 -0
-0 -0 -0
-0 -0 -0
-0 -0 -0
-0 -0 -0
-0 -0 -0
-0 -0 -0
-0 -0 -0
-0 -0 -0
-0 -0 -0
-0 -0 -0
-0 -0 -0
-0 -0 -0
-0 -0 -0
-0 -0 -0
-0 -0 -0
-0 -0 -0
-0 -0 -0
-0 -0 -0
-0 -0 -0
-0 -0 -0
-0 -0 -0
-0 -0 -0
-0 -0 -0
-0 -0 -0
-0 -0 -0
-0 -0 -0
-0 -0 -0
-0 -0 -0
-0 -0 -0
-0 -0 -0
-0 -0 -0
-0 -0 -0
-0 -0 -0
-0 -0 -0
-0 -0 -0
-0 -0 -0
-0 -0 -0
-0 -0 -0
-0 -0 -0
-0 -0 -0
-0 -0 -0
-0 -0 -0
-0 -0 -0
-0 -0 -0
-0 -0 -0
-0 -0 -0
-0 -0 -0
-0 -0 -0
-0 -0 -0
-0 -0 -0
-0 -0 -0
-0 -0 -0
-0 -0 -0
-0 -0 -0
-0 -0 -0
-0 -0 -0
-0 -0 -0
-0 -0 -0
-0 -0 -0
-0 -0 -0
-0 -0 -0
-0 -0 -0
-0 -0 -0
-0 -0 -0
-0 -0 -0
-0 -0 -0
-0 -0 -0
-0 -0 -0
-0 -0 -0
-0 -0 -0
-0 -0 -0
-0 -0 -0
-0 -0 -0
-0 -0 -0
-0 -0 -0
-0 -0 -0
-0 -0 -0
-0 -0 -0
-0 -0 -0
-0 -0 -0
-0 -0 -0
-0 -0 -0
-0 -0 -0
-0 -0 -0
-0 -0 -0
-0 -0 -0
-0 -0 -0
-0 -0 -0
-0 -0 -0
-0 -0 -0
-0 -0 -0
-0 -0 -0
-0 -0 -0
-0 -0 -0
-0 -0 -0
-0 -0 -0
-0 -0 -0
-0 -0 -0
-0 -0 -0
-0 -0 -0
-0 -0 -0
-0 -0 -0
-0 -0 -0
-0 -0 -0
-0 -0 -0
-0 -0 -0
-0 -0 -0
-0 -0 -0
-0 -0 -0
-0 -0 -0
-0 -0 -0
-0 -0 -0
-0 -0 -0
-0 -0 -0
-0 -0 -0
-0 -0 -0
-0 -0 -0
-0 -0 -0
-0 -0 -0
-0 -0 -0
-0 -0 -0
-0 -0 -0
-0 -0 -0
-0 -0 -0
-0 -0 -0
-0 -0 -0
-0 -0 -0
-0 -0 -0
-0 -0 -0
-0 -0 -0
-0 -0 -0
-0 -0 -0
-0 -0 -0
-0 -0 -0
-0 -0 -0
-0 -0 -0
-0 -0 -0
-0 -0 -0
-0 -0 -0
-0 -0 -0
-0 -0 -0
-0 -0 -0
-0 -0 -0
-0 -0 -0
-0 -0 -0
-0 -0 -0
-0 -0 -0
-0 -0 -0
-0 -0 -0
-0 -0 -0
-0 -0 -0
-0 -0 -0
-0 -0 -0
-0 -0 -0
-0 -0 -0
-0 -0 -0
-0 -0 -0
-0 -0 -0
-0 -0 -0
-0 -0 -0
-0 -0 -0
-0 -0 -0
-0 -0 -0
-0 -0 -0
-0 -0 -0
-0 -0 -0
-0 -0 -0
-0 -0 -0
-0 -0 -0
-0 -0 -0
-0 -0 -0
-0 -0 -0
-0 -0 -0
-0 -0 -0
-0 -0 -0
-0 -0 -0
-0 -0 -0
-0 -0 -0
-0 -0 -0
-0 -0 -0
-0 -0 -0
-0 -0 -0
-0 -0 -0
-0 -0 -0
-0 -0 -0
-0 -0 -0
-0 -0 -0
-0 -0 -0
-0 -0 -0
-0 -0 -0
-0 -0 -0
-0 -0 -0
-0 -0 -0
-0 -0 -0
-0 -0 -0
-0 -0 -0
-0 -0 -0
-0 -0 -0
-0 -0 -0
-0 -0 -0
-0 -0 -0
-0 -0 -0
-0 -0 -0
-0 -0 -0
-0 -0 -0
-0 -0 -0
-0 -0 -0
-0 -0 -0
-0 -0 -0
-0 -0 -0
-0 -0 -0
-0 -0 -0
-0 -0 -0
-0 -0 -0
-0 -0 -0
-0 -0 -0
-0 -0 -0
-0 -0 -0
-0 -0 -0
-0 -0 -0
-0 -0 -0
-0 -0 -0
-0 -0 -0
-0 -0 -0
-0 -0 -0
-0 -0 -0
-0 -0 -0
-0 -0 -0
-0 -0 -0
-0 -0 -0
-0 -0 -0
-0 -0 -0
-0 -0 -0
-0 -0 -0
-0 -0 -0
-0 -0 -0
-0 -0 -0
-0 -0 -0
-0 -0 -0
-0 -0 -0
-0 -0 -0
-0 -0 -0
-0 -0 -0
-0 -0 -0
-0 -0 -0
-0 -0 -0
-0 -0 -0
-0 -0 -0
-0 -0 -0
-0 -0 -0
-0 -0 -0
-0 -0 -0
-0 -0 -0
-0 -0 -0
-0 -0 -0
-0 -0 -0
-0 -0 -0
-0 -0 -0
-0 -0 -0
-0 -0 -0
-0 -0 -0
-0 -0 -0
-0 -0 -0
-0 -0 -0
-0 -0 -0
-0 -0 -0
-0 -0 -0
-0 -0 -0
-0 -0 -0
-0 -0 -0
-0 -0 -0
-0 -0 -0
-0 -0 -0
-0 -0 -0
-0 -0 -0
-0 -0 -0
-0 -0 -0
-0 -0 -0
-0 -0 -0
-0 -0 -0
-0 -0 -0
-0 -0 -0
-0 -0 -0
-0 -0 -0
-0 -0 -0
-0 -0 -0
-0 -0 -0
-0 -0 -0
-0 -0 -0
-0 -0 -0
-0 -0 -0
-0 -0 -0
-0 -0 -0
-0 -0 -0
-0 -0 -0
-0 -0 -0
-0 -0 -0
-0 -0 -0
-0 -0 -0
-0 -0 -0
-0 -0 -0
-0 -0 -0
-0 -0 -0
-0 -0 -0
-0 -0 -0
-0 -0 -0
-0 -0 -0
-0 -0 -0
-0 -0 -0
-0 -0 -0
-0 -0 -0
-0 -0 -0
-0 -0 -0
-0 -0 -0
-0 -0 -0
-0 -0 -0
-0 -0 -0
-0 -0 -0
-0 -0 -0
-0 -0 -0
-0 -0 -0
-0 -0 -0
-0 -0 -0
-0 -0 -0
-0 -0 -0
-0 -0 -0
-0 -0 -0
-0 -0 -0
-0 -0 -0
-0 -0 -0
-0 -0 -0
-0 -0 -0
-0 -0 -0
-0 -0 -0
-0 -0 -0
-0 -0 -0
-0 -0 -0
-0 -0 -0
-0 -0 -0
-0 -0 -0
-0 -0 -0
-0 -0 -0
-0 -0 -0
-0 -0 -0
-0 -0 -0
-0 -0 -0
-0 -0 -0
-0 -0 -0
-0 -0 -0
-0 -0 -0
-0 -0 -0
-0 -0 -0
-0 -0 -0
-0 -0 -0
-0 -0 -0
-0 -0 -0
-0 -0 -0
-0 -0 -0
-0 -0 -0
-0 -0 -0
-0 -0 -0
-0 -0 -0
-0 -0 -0
-0 -0 -0
-0 -0 -0
-0 -0 -0
-0 -0 -0
-0 -0 -0
-0 -0 -0
-0 -0 -0
-0 -0 -0
-0 -0 -0
-0 -0 -0
-0 -0 -0
-0 -0 -0
-0 -0 -0
-0 -0 -0
-0 -0 -0
-0 -0 -0
-0 -0 -0
-0 -0 -0
-0 -0 -0
-0 -0 -0
-0 -0 -0
-0 -0 -0
-0 -0 -0
-0 -0 -0
-0 -0 -0
-0 -0 -0
-0 -0 -0
-0 -0 -0
-0 -0 -0
-0 -0 -0
-0 -0 -0
-0 -0 -0
-0 -0 -0
-0 -0 -0
-0 -0 -0
-0 -0 -0
-0 -0 -0
-0 -0 -0
-0 -0 -0
-0 -0 -0
-0 -0 -0
-0 -0 -0
-0 -0 -0
-0 -0 -0
-0 -0 -0
-0 -0 -0
-0 -0 -0
-0 -0 -0
-0 -0 -0
-0 -0 -0
-0 -0 -0
-0 -0 -0
-0 -0 -0
-0 -0 -0
-0 -0 -0
-0 -0 -0
-0 -0 -0
-0 -0 -0
-0 -0 -0
-0 -0 -0
-0 -0 -0
-0 -0 -0
-0 -0 -0
-0 -0 -0
-0 -0 -0
-0 -0 -0
-0 -0 -0
-0 -0 -0
-0 -0 -0
-0 -0 -0
-0 -0 -0
-0 -0 -0
-0 -0 -0
-0 -0 -0
-0 -0 -0
-0 -0 -0
-0 -0 -0
-0 -0 -0
-0 -0 -0
-0 -0 -0
-0 -0 -0
-0 -0 -0
-0 -0 -0
-0 -0 -0
-0 -0 -0
-0 -0 -0
-0 -0 -0
-0 -0 -0
-0 -0 -0
-0 -0 -0
-0 -0 -0
-0 -0 -0
-0 -0 -0
-0 -0 -0
-0 -0 -0
-0 -0 -0
-0 -0 -0
-0 -0 -0
-0 -0 -0
-0 -0 -0
-0 -0 -0
-0 -0 -0
-0 -0 -0
-0 -0 -0
-0 -0 -0
-0 -0 -0
-0 -0 -0
-0 -0 -0
-0 -0 -0
-0 -0 -0
-0 -0 -0
-0 -0 -0
-0 -0 -0
-0 -0 -0
-0 -0 -0
-0 -0 -0
-0 -0 -0
-0 -0 -0
-0 -0 -0
-0 -0 -0
-0 -0 -0
-0 -0 -0
-0 -0 -0
-0 -0 -0
-0 -0 -0
-0 -0 -0
-0 -0 -0
-0 -0 -0
-0 -0 -0
-0 -0 -0
-0 -0 -0
-0 -0 -0
-0 -0 -0
-0 -0 -0
-0 -0 -0
-0 -0 -0
-0 -0 -0
-0 -0 -0
-0 -0 -0
-0 -0 -0
-0 -0 -0
-0 -0 -0
-0 -0 -0
-0 -0 -0
-0 -0 -0
-0 -0 -0
-0 -0 -0
-0 -0 -0
-0 -0 -0
-0 -0 -0
-0 -0 -0
-0 -0 -0
-0 -0 -0
-0 -0 -0
-0 -0 -0
-0 -0 -0
-0 -0 -0
-0 -0 -0
-0 -0 -0
-0 -0 -0
-0 -0 -0
-0 -0 -0
-0 -0 -0
-0 -0 -0
-0 -0 -0
-0 -0 -0
-0 -0 -0
-0 -0 -0
-0 -0 -0
-0 -0 -0
-0 -0 -0
-0 -0 -0
-0 -0 -0
-0 -0 -0
-0 -0 -0
-0 -0 -0
-0 -0 -0
-0 -0 -0
-0 -0 -0
-0 -0 -0
-0 -0 -0
-0 -0 -0
-0 -0 -0
-0 -0 -0
-0 -0 -0
-0 -0 -0
-0 -0 -0
-0 -0 -0
-0 -0 -0
-0 -0 -0
-0 -0 -0
-0 -0 -0
-0 -0 -0
-0 -0 -0
-0 -0 -0
-0 -0 -0
-0 -0 -0
-0 -0 -0
-0 -0 -0
-0 -0 -0
-0 -0 -0
-0 -0 -0
-0 -0 -0
-0 -0 -0
-0 -0 -0
-0 -0 -0
-0 -0 -0
-0 -0 -0
-0 -0 -0
-0 -0 -0
-0 -0 -0
-0 -0 -0
-0 -0 -0
-0 -0 -0
-0 -0 -0
-0 -0 -0
-0 -0 -0
-0 -0 -0
-0 -0 -0
-0 -0 -0
-0 -0 -0
-0 -0 -0
-0 -0 -0
-0 -0 -0
-0 -0 -0
-0 -0 -0
-0 -0 -0
-0 -0 -0
-0 -0 -0
-0 -0 -0
-0 -0 -0
-0 -0 -0
-0 -0 -0
-0 -0 -0
-0 -0 -0
-0 -0 -0
-0 -0 -0
-0 -0 -0
-0 -0 -0
-0 -0 -0
-0 -0 -0
-0 -0 -0
-0 -0 -0
-0 -0 -0
-0 -0 -0
-0 -0 -0
-0 -0 -0
-0 -0 -0
-0 -0 -0
-0 -0 -0
-0 -0 -0
-0 -0 -0
-0 -0 -0
-0 -0 -0
-0 -0 -0
-0 -0 -0
-0 -0 -0
-0 -0 -0
-0 -0 -0
-0 -0 -0
-0 -0 -0
-0 -0 -0
-0 -0 -0
-0 -0 -0
-0 -0 -0
-0 -0 -0
-0 -0 -0
-0 -0 -0
-0 -0 -0
-0 -0 -0
-0 -0 -0
-0 -0 -0
-0 -0 -0
-0 -0 -0
-0 -0 -0
-0 -0 -0
-0 -0 -0
-0 -0 -0
-0 -0 -0
-0 -0 -0
-0 -0 -0
-0 -0 -0
-0 -0 -0
-0 -0 -0
-0 -0 -0
-0 -0 -0
-0 -0 -0
-0 -0 -0
-0 -0 -0
-0 -0 -0
-0 -0 -0
-0 -0 -0
-0 -0 -0
-0 -0 -0
-0 -0 -0
-0 -0 -0
-0 -0 -0
-0 -0 -0
-0 -0 -0
-0 -0 -0
-0 -0 -0
-0 -0 -0
-0 -0 -0
-0 -0 -0
-0 -0 -0
-0 -0 -0
-0 -0 -0
-0 -0 -0
-0 -0 -0
-0 -0 -0
-0 -0 -0
-0 -0 -0
-0 -0 -0
-0 -0 -0
-0 -0 -0
-0 -0 -0
-0 -0 -0
-0 -0 -0
-0 -0 -0
-0 -0 -0
-0 -0 -0
-0 -0 -0
-0 -0 -0
-0 -0 -0
-0 -0 -0
-0 -0 -0
-0 -0 -0
-0 -0 -0
-0 -0 -0
-0 -0 -0
-0 -0 -0
-0 -0 -0
-0 -0 -0
-0 -0 -0
-0 -0 -0
-0 -0 -0
-0 -0 -0
-0 -0 -0
-0 -0 -0
-0 -0 -0
-0 -0 -0
-0 -0 -0
-0 -0 -0
-0 -0 -0
-0 -0 -0
-0 -0 -0
-0 -0 -0
-0 -0 -0
-0 -0 -0
-0 -0 -0
-0 -0 -0
-0 -0 -0
-0 -0 -0
-0 -0 -0
-0 -0 -0
-0 -0 -0
-0 -0 -0
-0 -0 -0
-0 -0 -0
-0 -0 -0
-0 -0 -0
-0 -0 -0
-0 -0 -0
-0 -0 -0
-0 -0 -0
-0 -0 -0
-0 -0 -0
-0 -0 -0
-0 -0 -0
-0 -0 -0
-0 -0 -0
-0 -0 -0
-0 -0 -0
-0 -0 -0
-0 -0 -0
-0 -0 -0
-0 -0 -0
-0 -0 -0
-0 -0 -0
-0 -0 -0
-0 -0 -0
-0 -0 -0
-0 -0 -0
-0 -0 -0
-0 -0 -0
-0 -0 -0
-0 -0 -0
-0 -0 -0
-0 -0 -0
-0 -0 -0
-0 -0 -0
-0 -0 -0
-0 -0 -0
-0 -0 -0
-0 -0 -0
-0 -0 -0
-0 -0 -0
-0 -0 -0
-0 -0 -0
-0 -0 -0
-0 -0 -0
-0 -0 -0
-0 -0 -0
-0 -0 -0
-0 -0 -0
-0 -0 -0
-0 -0 -0
-0 -0 -0
-0 -0 -0
-0 -0 -0
-0 -0 -0
-0 -0 -0
-0 -0 -0
-0 -0 -0
-0 -0 -0
-0 -0 -0
-0 -0 -0
-0 -0 -0
-0 -0 -0
-0 -0 -0
-0 -0 -0
-0 -0 -0
-0 -0 -0
-0 -0 -0
-0 -0 -0
-0 -0 -0
-0 -0 -0
-0 -0 -0
-0 -0 -0
-0 -0 -0
-0 -0 -0
-0 -0 -0
-0 -0 -0
-0 -0 -0
-0 -0 -0
-0 -0 -0
-0 -0 -0
-0 -0 -0
-0 -0 -0
-0 -0 -0
-0 -0 -0
-0 -0 -0
-0 -0 -0
-0 -0 -0
-0 -0 -0
-0 -0 -0
-0 -0 -0
-0 -0 -0
-0 -0 -0
-0 -0 -0
-0 -0 -0
-0 -0 -0
-0 -0 -0
-0 -0 -0
-0 -0 -0
-0 -0 -0
-0 -0 -0
-0 -0 -0
-0 -0 -0
-0 -0 -0
-0 -0 -0
-0 -0 -0
-0 -0 -0
-0 -0 -0
-0 -0 -0
-0 -0 -0
-0 -0 -0
-0 -0 -0
-0 -0 -0
-0 -0 -0
-0 -0 -0
-0 -0 -0
-0 -0 -0
-0 -0 -0
-0 -0 -0
-0 -0 -0
-0 -0 -0
-0 -0 -0
-0 -0 -0
-0 -0 -0
-0 -0 -0
-0 -0 -0
-0 -0 -0
-0 -0 -0
-0 -0 -0
-0 -0 -0
-0 -0 -0
-0 -0 -0
-0 -0 -0
-0 -0 -0
-0 -0 -0
-0 -0 -0
-0 -0 -0
-0 -0 -0
-0 -0 -0
-0 -0 -0
-0 -0 -0
-0 -0 -0
-0 -0 -0
-0 -0 -0
-0 -0 -0
-0 -0 -0
-0 -0 -0
-0 -0 -0
-0 -0 -0
-0 -0 -0
-0 -0 -0
-0 -0 -0
-0 -0 -0
-0 -0 -0
-0 -0 -0
-0 -0 -0
-0 -0 -0
-0 -0 -0
-0 -0 -0
-0 -0 -0
-0 -0 -0
-0 -0 -0
-0 -0 -0
-0 -0 -0
-0 -0 -0
-0 -0 -0
-0 -0 -0
-0 -0 -0
-0 -0 -0
-0 -0 -0
-0 -0 -0
-0 -0 -0
-0 -0 -0
-0 -0 -0
-0 -0 -0
-0 -0 -0
-0 -0 -0
-0 -0 -0
-0 -0 -0
-0 -0 -0
-0 -0 -0
-0 -0 -0
-0 -0 -0
-0 -0 -0
-0 -0 -0
-0 -0 -0
-0 -0 -0
-0 -0 -0
-0 -0 -0
-0 -0 -0
-0 -0 -0
-0 -0 -0
-0 -0 -0
-0 -0 -0
-0 -0 -0
-0 -0 -0
-0 -0 -0
-0 -0 -0
-0 -0 -0
-0 -0 -0
-0 -0 -0
-0 -0 -0
-0 -0 -0
-0 -0 -0
-0 -0 -0
-0 -0 -0
-0 -0 -0
-0 -0 -0
-0 -0 -0
-0 -0 -0
-0 -0 -0
-0 -0 -0
-0 -0 -0
-0 -0 -0
-0 -0 -0
-0 -0 -0
-0 -0 -0
-0 -0 -0
-0 -0 -0
-0 -0 -0
-0 -0 -0
-0 -0 -0
-0 -0 -0
-0 -0 -0
-0 -0 -0
-0 -0 -0
-0 -0 -0
-0 -0 -0
-0 -0 -0
-0 -0 -0
-0 -0 -0
-0 -0 -0
-0 -0 -0
-0 -0 -0
-0 -0 -0
-0 -0 -0
-0 -0 -0
-0 -0 -0
-0 -0 -0
-0 -0 -0
-0 -0 -0
-0 -0 -0
-0 -0 -0
-0 -0 -0
-0 -0 -0
-0 -0 -0
-0 -0 -0
-0 -0 -0
-0 -0 -0
-0 -0 -0
-0 -0 -0
-0 -0 -0
-0 -0 -0
-0 -0 -0
-0 -0 -0
-0 -0 -0
-0 -0 -0
-0 -0 -0
-0 -0 -0
-0 -0 -0
-0 -0 -0
-0 -0 -0
-0 -0 -0
-0 -0 -0
-0 -0 -0
-0 -0 -0
-0 -0 -0
-0 -0 -0
-0 -0 -0
-0 -0 -0
-0 -0 -0
-0 -0 -0
-0 -0 -0
-0 -0 -0
-0 -0 -0
-0 -0 -0
-0 -0 -0
-0 -0 -0
-0 -0 -0
-0 -0 -0
-0 -0 -0
-0 -0 -0
-0 -0 -0
-0 -0 -0
-0 -0 -0
-0 -0 -0
-0 -0 -0
-0 -0 -0
-0 -0 -0
-0 -0 -0
-0 -0 -0
-0 -0 -0
-0 -0 -0
-0 -0 -0
-0 -0 -0
-0 -0 -0
-0 -0 -0
-0 -0 -0
-0 -0 -0
-0 -0 -0
-0 -0 -0
-0 -0 -0
-0 -0 -0
-0 -0 -0
-0 -0 -0
-0 -0 -0
-0 -0 -0
-0 -0 -0
-0 -0 -0
-0 -0 -0
-0 -0 -0
-0 -0 -0
-0 -0 -0
-0 -0 -0
-0 -0 -0
-0 -0 -0
-0 -0 -0
-0 -0 -0
-0 -0 -0
-0 -0 -0
-0 -0 -0
-0 -0 -0
-0 -0 -0
-0 -0 -0
-0 -0 -0
-0 -0 -0
-0 -0 -0
-0 -0 -0
-0 -0 -0
-0 -0 -0
-0 -0 -0
-0 -0 -0
-0 -0 -0
-0 -0 -0
-0 -0 -0
-0 -0 -0
-0 -0 -0
-0 -0 -0
-0 -0 -0
-0 -0 -0
-0 -0 -0
-0 -0 -0
-0 -0 -0
-0 -0 -0
-0 -0 -0
-0 -0 -0
-0 -0 -0
-0 -0 -0
-0 -0 -0
-0 -0 -0
-0 -0 -0
-0 -0 -0
-0 -0 -0
-0 -0 -0
-0 -0 -0
-0 -0 -0
-0 -0 -0
-0 -0 -0
-0 -0 -0
-0 -0 -0
-0 -0 -0
-0 -0 -0
-0 -0 -0
-0 -0 -0
-0 -0 -0
-0 -0 -0
-0 -0 -0
-0 -0 -0
-0 -0 -0
-0 -0 -0
-0 -0 -0
-0 -0 -0
-0 -0 -0
-0 -0 -0
-0 -0 -0
-0 -0 -0
-0 -0 -0
-0 -0 -0
-0 -0 -0
-0 -0 -0
-0 -0 -0
-0 -0 -0
-0 -0 -0
-0 -0 -0
-0 -0 -0
-0 -0 -0
-0 -0 -0
-0 -0 -0
-0 -0 -0
-0 -0 -0
-0 -0 -0
-0 -0 -0
-0 -0 -0
-0 -0 -0
-0 -0 -0
-0 -0 -0
-0 -0 -0
-0 -0 -0
-0 -0 -0
-0 -0 -0
-0 -0 -0
-0 -0 -0
-0 -0 -0
-0 -0 -0
-0 -0 -0
-0 -0 -0
-0 -0 -0
-0 -0 -0
-0 -0 -0
-0 -0 -0
-0 -0 -0
-0 -0 -0
-0 -0 -0
-0 -0 -0
-0 -0 -0
-0 -0 -0
-0 -0 -0
-0 -0 -0
-0 -0 -0
-0 -0 -0
-0 -0 -0
-0 -0 -0
-0 -0 -0
-0 -0 -0
-0 -0 -0
-0 -0 -0
-0 -0 -0
-0 -0 -0
-0 -0 -0
-0 -0 -0
-0 -0 -0
-0 -0 -0
-0 -0 -0
-0 -0 -0
-0 -0 -0
-0 -0 -0
-0 -0 -0
-0 -0 -0
-0 -0 -0
-0 -0 -0
-0 -0 -0
-0 -0 -0
-0 -0 -0
-0 -0 -0
-0 -0 -0
-0 -0 -0
-0 -0 -0
-0 -0 -0
-0 -0 -0
-0 -0 -0
-0 -0 -0
-0 -0 -0
-0 -0 -0
-0 -0 -0
-0 -0 -0
-0 -0 -0
-0 -0 -0
-0 -0 -0
-0 -0 -0
-0 -0 -0
-0 -0 -0
-0 -0 -0
-0 -0 -0
-0 -0 -0
-0 -0 -0
-0 -0 -0
-0 -0 -0
-0 -0 -0
-0 -0 -0
-0 -0 -0
-0 -0 -0
-0 -0 -0
-0 -0 -0
-0 -0 -0
-0 -0 -0
-0 -0 -0
-0 -0 -0
-0 -0 -0
-0 -0 -0
-0 -0 -0
-0 -0 -0
-0 -0 -0
-0 -0 -0
-0 -0 -0
-0 -0 -0
-0 -0 -0
-0 -0 -0
-0 -0 -0
-0 -0 -0
-0 -0 -0
-0 -0 -0
-0 -0 -0
-0 -0 -0
-0 -0 -0
-0 -0 -0
-0 -0 -0
-0 -0 -0
-0 -0 -0
-0 -0 -0
-0 -0 -0
-0 -0 -0
-0 -0 -0
-0 -0 -0
-0 -0 -0
-0 -0 -0
-0 -0 -0
-0 -0 -0
-0 -0 -0
-0 -0 -0
-0 -0 -0
-0 -0 -0
-0 -0 -0
-0 -0 -0
-0 -0 -0
-0 -0 -0
-0 -0 -0
-0 -0 -0
-0 -0 -0
-0 -0 -0
-0 -0 -0
-0 -0 -0
-0 -0 -0
-0 -0 -0
-0 -0 -0
-0 -0 -0
-0 -0 -0
-0 -0 -0
-0 -0 -0
-0 -0 -0
-0 -0 -0
-0 -0 -0
-0 -0 -0
-0 -0 -0
-0 -0 -0
-0 -0 -0
-0 -0 -0
-0 -0 -0
-0 -0 -0
-0 -0 -0
-0 -0 -0
-0 -0 -0
-0 -0 -0
-0 -0 -0
-0 -0 -0
-0 -0 -0
-0 -0 -0
-0 -0 -0
-0 -0 -0
-0 -0 -0
-0 -0 -0
-0 -0 -0
-0 -0 -0
-0 -0 -0
-0 -0 -0
-0 -0 -0
-0 -0 -0
-0 -0 -0
-0 -0 -0
-0 -0 -0
-0 -0 -0
-0 -0 -0
-0 -0 -0
-0 -0 -0
-0 -0 -0
-0 -0 -0
-0 -0 -0
-0 -0 -0
-0 -0 -0
-0 -0 -0
-0 -0 -0
-0 -0 -0
-0 -0 -0
-0 -0 -0
-0 -0 -0
-0 -0 -0
-0 -0 -0
-0 -0 -0
-0 -0 -0
-0 -0 -0
-0 -0 -0
-0 -0 -0
-0 -0 -0
-0 -0 -0
-0 -0 -0
-0 -0 -0
-0 -0 -0
-0 -0 -0
-0 -0 -0
-0 -0 -0
-0 -0 -0
-0 -0 -0
-0 -0 -0
-0 -0 -0
-0 -0 -0
-0 -0 -0
-0 -0 -0
-0 -0 -0
-0 -0 -0
-0 -0 -0
-0 -0 -0
-0 -0 -0
-0 -0 -0
-0 -0 -0
-0 -0 -0
-0 -0 -0
-0 -0 -0
-0 -0 -0
-0 -0 -0
-0 -0 -0
-0 -0 -0
-0 -0 -0
-0 -0 -0
-0 -0 -0
-0 -0 -0
-0 -0 -0
-0 -0 -0
-0 -0 -0
-0 -0 -0
-0 -0 -0
-0 -0 -0
-0 -0 -0
-0 -0 -0
-0 -0 -0
-0 -0 -0
-0 -0 -0
-0 -0 -0
-0 -0 -0
-0 -0 -0
-0 -0 -0
-0 -0 -0
-0 -0 -0
-0 -0 -0
-0 -0 -0
-0 -0 -0
-0 -0 -0
-0 -0 -0
-0 -0 -0
-0 -0 -0
-0 -0 -0
-0 -0 -0
-0 -0 -0
-0 -0 -0
-0 -0 -0
-0 -0 -0
-0 -0 -0
-0 -0 -0
-0 -0 -0
-0 -0 -0
-0 -0 -0
-0 -0 -0
-0 -0 -0
-0 -0 -0
-0 -0 -0
-0 -0 -0
-0 -0 -0
-0 -0 -0
-0 -0 -0
-0 -0 -0
-0 -0 -0
-0 -0 -0
-0 -0 -0
-0 -0 -0
-0 -0 -0
-0 -0 -0
-0 -0 -0
-0 -0 -0
-0 -0 -0
-0 -0 -0
-0 -0 -0
-0 -0 -0
-0 -0 -0
-0 -0 -0
-0 -0 -0
-0 -0 -0
-0 -0 -0
-0 -0 -0
-0 -0 -0
-0 -0 -0
-0 -0 -0
-0 -0 -0
-0 -0 -0
-0 -0 -0
-0 -0 -0
-0 -0 -0
-0 -0 -0
-0 -0 -0
-0 -0 -0
-0 -0 -0
-0 -0 -0
-0 -0 -0
-0 -0 -0
-0 -0 -0
-0 -0 -0
-0 -0 -0
-0 -0 -0
-0 -0 -0
-0 -0 -0
-0 -0 -0
-0 -0 -0
-0 -0 -0
-0 -0 -0
-0 -0 -0
-0 -0 -0
-0 -0 -0
-0 -0 -0
-0 -0 -0
-0 -0 -0
-0 -0 -0
-0 -0 -0
-0 -0 -0
-0 -0 -0
-0 -0 -0
-0 -0 -0
-0 -0 -0
-0 -0 -0
-0 -0 -0
-0 -0 -0
-0 -0 -0
-0 -0 -0
-0 -0 -0
-0 -0 -0
-0 -0 -0
-0 -0 -0
-0 -0 -0
-0 -0 -0
-0 -0 -0
-0 -0 -0
-0 -0 -0
-0 -0 -0
-0 -0 -0
-0 -0 -0
-0 -0 -0
-0 -0 -0
-0 -0 -0
-0 -0 -0
-0 -0 -0
-0 -0 -0
-0 -0 -0
-0 -0 -0
-0 -0 -0
-0 -0 -0
-0 -0 -0
-0 -0 -0
-0 -0 -0
-0 -0 -0
-0 -0 -0
-0 -0 -0
-0 -0 -0
-0 -0 -0
-0 -0 -0
-0 -0 -0
-0 -0 -0
-0 -0 -0
-0 -0 -0
-0 -0 -0
-0 -0 -0
-0 -0 -0
-0 -0 -0
-0 -0 -0
-0 -0 -0
-0 -0 -0
-0 -0 -0
-0 -0 -0
-0 -0 -0
-0 -0 -0
-0 -0 -0
-0 -0 -0
-0 -0 -0
-0 -0 -0
-0 -0 -0
-0 -0 -0
-0 -0 -0
-0 -0 -0
-0 -0 -0
-0 -0 -0
-0 -0 -0
-0 -0 -0
-0 -0 -0
-0 -0 -0
-0 -0 -0
-0 -0 -0
-0 -0 -0
-0 -0 -0
-0 -0 -0
-0 -0 -0
-0 -0 -0
-0 -0 -0
-0 -0 -0
-0 -0 -0
-0 -0 -0
-0 -0 -0
-0 -0 -0
-0 -0 -0
-0 -0 -0
-0 -0 -0
-0 -0 -0
-0 -0 -0
-0 -0 -0
-0 -0 -0
-0 -0 -0
-0 -0 -0
-0 -0 -0
-0 -0 -0
-0 -0 -0
-0 -0 -0
-0 -0 -0
-0 -0 -0
-0 -0 -0
-0 -0 -0
-0 -0 -0
-0 -0 -0
-0 -0 -0
-0 -0 -0
-0 -0 -0
-0 -0 -0
-0 -0 -0
-0 -0 -0
-0 -0 -0
-0 -0 -0
-0 -0 -0
-0 -0 -0
-0 -0 -0
-0 -0 -0
-0 -0 -0
-0 -0 -0
-0 -0 -0
-0 -0 -0
-0 -0 -0
-0 -0 -0
-0 -0 -0
-0 -0 -0
-0 -0 -0
-0 -0 -0
-0 -0 -0
-0 -0 -0
-0 -0 -0
-0 -0 -0
-0 -0 -0
-0 -0 -0
-0 -0 -0
-0 -0 -0
-0 -0 -0
-0 -0 -0
-0 -0 -0
-0 -0 -0
-0 -0 -0
-0 -0 -0
-0 -0 -0
-0 -0 -0
-0 -0 -0
-0 -0 -0
-0 -0 -0
-0 -0 -0
-0 -0 -0
-0 -0 -0
-0 -0 -0
-0 -0 -0
-0 -0 -0
-0 -0 -0
-0 -0 -0
-0 -0 -0
-0 -0 -0
-0 -0 -0
-0 -0 -0
-0 -0 -0
-0 -0 -0
-0 -0 -0
-0 -0 -0
-0 -0 -0
-0 -0 -0
-0 -0 -0
-0 -0 -0
-0 -0 -0
-0 -0 -0
-0 -0 -0
-0 -0 -0
-0 -0 -0
-0 -0 -0
-0 -0 -0
-0 -0 -0
-0 -0 -0
-0 -0 -0
-0 -0 -0
-0 -0 -0
-0 -0 -0
-0 -0 -0
-0 -0 -0
-0 -0 -0
-0 -0 -0
-0 -0 -0
-0 -0 -0
-0 -0 -0
-0 -0 -0
-0 -0 -0
-0 -0 -0
-0 -0 -0
-0 -0 -0
-0 -0 -0
-0 -0 -0
-0 -0 -0
-0 -0 -0
-0 -0 -0
-0 -0 -0
-0 -0 -0
-0 -0 -0
-0 -0 -0
-0 -0 -0
-0 -0 -0
-0 -0 -0
-0 -0 -0
-0 -0 -0
-0 -0 -0
-0 -0 -0
-0 -0 -0
-0 -0 -0
-0 -0 -0
-0 -0 -0
-0 -0 -0
-0 -0 -0
-0 -0 -0
-0 -0 -0
-0 -0 -0
-0 -0 -0
-0 -0 -0
-0 -0 -0
-0 -0 -0
-0 -0 -0
-0 -0 -0
-0 -0 -0
-0 -0 -0
-0 -0 -0
-0 -0 -0
-0 -0 -0
-0 -0 -0
-0 -0 -0
-0 -0 -0
-0 -0 -0
-0 -0 -0
-0 -0 -0
-0 -0 -0
-0 -0 -0
-0 -0 -0
-0 -0 -0
-0 -0 -0
-0 -0 -0
-0 -0 -0
-0 -0 -0
-0 -0 -0
-0 -0 -0
-0 -0 -0
-0 -0 -0
-0 -0 -0
-0 -0 -0
-0 -0 -0
-0 -0 -0
-0 -0 -0
-0 -0 -0
-0 -0 -0
-0 -0 -0
-0 -0 -0
-0 -0 -0
-0 -0 -0
-0 -0 -0
-0 -0 -0
-0 -0 -0
-0 -0 -0
-0 -0 -0
-0 -0 -0
-0 -0 -0
-0 -0 -0
-0 -0 -0
-0 -0 -0
-0 -0 -0
-0 -0 -0
-0 -0 -0
-0 -0 -0
-0 -0 -0
-0 -0 -0
-0 -0 -0
-0 -0 -0
-0 -0 -0
-0 -0 -0
-0 -0 -0
-0 -0 -0
-0 -0 -0
-0 -0 -0
-0 -0 -0
-0 -0 -0
-0 -0 -0
-0 -0 -0
-0 -0 -0
-0 -0 -0
-0 -0 -0
-0 -0 -0
-0 -0 -0
-0 -0 -0
-0 -0 -0
-0 -0 -0
-0 -0 -0
-0 -0 -0
-0 -0 -0
-0 -0 -0
-0 -0 -0
-0 -0 -0
-0 -0 -0
-0 -0 -0
-0 -0 -0
-0 -0 -0
-0 -0 -0
-0 -0 -0
-0 -0 -0
-0 -0 -0
-0 -0 -0
-0 -0 -0
-0 -0 -0
-0 -0 -0
-0 -0 -0
-0 -0 -0
-0 -0 -0
-0 -0 -0
-0 -0 -0
-0 -0 -0
-0 -0 -0
-0 -0 -0
-0 -0 -0
-0 -0 -0
-0 -0 -0
-0 -0 -0
-0 -0 -0
-0 -0 -0
-0 -0 -0
-0 -0 -0
-0 -0 -0
-0 -0 -0
-0 -0 -0
-0 -0 -0
-0 -0 -0
-0 -0 -0
-0 -0 -0
-0 -0 -0
-0 -0 -0
-0 -0 -0
-0 -0 -0
-0 -0 -0
-0 -0 -0
-0 -0 -0
-0 -0 -0
-0 -0 -0
-0 -0 -0
-0 -0 -0
-0 -0 -0
-0 -0 -0
-0 -0 -0
-0 -0 -0
-0 -0 -0
-0 -0 -0
-0 -0 -0
-0 -0 -0
-0 -0 -0
-0 -0 -0
-0 -0 -0
-0 -0 -0
-0 -0 -0
-0 -0 -0
-0 -0 -0
-0 -0 -0
-0 -0 -0
-0 -0 -0
-0 -0 -0
-0 -0 -0
-0 -0 -0
-0 -0 -0
-0 -0 -0
-0 -0 -0
-0 -0 -0
-0 -0 -0
-0 -0 -0
-0 -0 -0
-0 -0 -0
-0 -0 -0
-0 -0 -0
-0 -0 -0
-0 -0 -0
-0 -0 -0
-0 -0 -0
-0 -0 -0
-0 -0 -0
-0 -0 -0
-0 -0 -0
-0 -0 -0
-0 -0 -0
-0 -0 -0
-0 -0 -0
-0 -0 -0
-0 -0 -0
-0 -0 -0
-0 -0 -0
-0 -0 -0
-0 -0 -0
-0 -0 -0
-0 -0 -0
-0 -0 -0
-0 -0 -0
-0 -0 -0
-0 -0 -0
-0 -0 -0
-0 -0 -0
-0 -0 -0
-0 -0 -0
-0 -0 -0
-0 -0 -0
-0 -0 -0
-0 -0 -0
-0 -0 -0
-0 -0 -0
-0 -0 -0
-0 -0 -0
-0 -0 -0
-0 -0 -0
-0 -0 -0
-0 -0 -0
-0 -0 -0
-0 -0 -0
-0 -0 -0
-0 -0 -0
-0 -0 -0
-0 -0 -0
-0 -0 -0
-0 -0 -0
-0 -0 -0
-0 -0 -0
-0 -0 -0
-0 -0 -0
-0 -0 -0
-0 -0 -0
-0 -0 -0
-0 -0 -0
-0 -0 -0
-0 -0 -0
-0 -0 -0
-0 -0 -0
-0 -0 -0
-0 -0 -0
-0 -0 -0
-0 -0 -0
-0 -0 -0
-0 -0 -0
-0 -0 -0
-0 -0 -0
-0 -0 -0
-0 -0 -0
-0 -0 -0
-0 -0 -0
-0 -0 -0
-0 -0 -0
-0 -0 -0
-0 -0 -0
-0 -0 -0
-0 -0 -0
-0 -0 -0
-0 -0 -0
-0 -0 -0
-0 -0 -0
-0 -0 -0
-0 -0 -0
-0 -0 -0
-0 -0 -0
-0 -0 -0
-0 -0 -0
-0 -0 -0
-0 -0 -0
-0 -0 -0
-0 -0 -0
-0 -0 -0
-0 -0 -0
-0 -0 -0
-0 -0 -0
-0 -0 -0
-0 -0 -0
-0 -0 -0
-0 -0 -0
-0 -0 -0
-0 -0 -0
-0 -0 -0
-0 -0 -0
-0 -0 -0
-0 -0 -0
-0 -0 -0
-0 -0 -0
-0 -0 -0
-0 -0 -0
-0 -0 -0
-0 -0 -0
-0 -0 -0
-0 -0 -0
-0 -0 -0
-0 -0 -0
-0 -0 -0
-0 -0 -0
-0 -0 -0
-0 -0 -0
-0 -0 -0
-0 -0 -0
-0 -0 -0
-0 -0 -0
-0 -0 -0
-0 -0 -0
-0 -0 -0
-0 -0 -0
-0 -0 -0
-0 -0 -0
-0 -0 -0
-0 -0 -0
-0 -0 -0
-0 -0 -0
-0 -0 -0
-0 -0 -0
-0 -0 -0
-0 -0 -0
-0 -0 -0
-0 -0 -0
-0 -0 -0
-0 -0 -0
-0 -0 -0
-0 -0 -0
-0 -0 -0
-0 -0 -0
-0 -0 -0
-0 -0 -0
-0 -0 -0
-0 -0 -0
-0 -0 -0
-0 -0 -0
-0 -0 -0
-0 -0 -0
-0 -0 -0
-0 -0 -0
-0 -0 -0
-0 -0 -0
-0 -0 -0
-0 -0 -0
-0 -0 -0
-0 -0 -0
-0 -0 -0
-0 -0 -0
-0 -0 -0
-0 -0 -0
-0 -0 -0
-0 -0 -0
-0 -0 -0
-0 -0 -0
-0 -0 -0
-0 -0 -0
-0 -0 -0
-0 -0 -0
-0 -0 -0
-0 -0 -0
-0 -0 -0
-0 -0 -0
-0 -0 -0
-0 -0 -0
-0 -0 -0
-0 -0 -0
-0 -0 -0
-0 -0 -0
-0 -0 -0
-0 -0 -0
-0 -0 -0
-0 -0 -0
-0 -0 -0
-0 -0 -0
-0 -0 -0
-0 -0 -0
-0 -0 -0
-0 -0 -0
-0 -0 -0
-0 -0 -0
-0 -0 -0
-0 -0 -0
-0 -0 -0
-0 -0 -0
-0 -0 -0
-0 -0 -0
-0 -0 -0
-0 -0 -0
-0 -0 -0
-0 -0 -0
-0 -0 -0
-0 -0 -0
-0 -0 -0
-0 -0 -0
-0 -0 -0
-0 -0 -0
-0 -0 -0
-0 -0 -0
-0 -0 -0
-0 -0 -0
-0 -0 -0
-0 -0 -0
-0 -0 -0
-0 -0 -0
-0 -0 -0
-0 -0 -0
-0 -0 -0
-0 -0 -0
-0 -0 -0
-0 -0 -0
-0 -0 -0
-0 -0 -0
-0 -0 -0
-0 -0 -0
-0 -0 -0
-0 -0 -0
-0 -0 -0
-0 -0 -0
-0 -0 -0
-0 -0 -0
-0 -0 -0
-0 -0 -0
-0 -0 -0
-0 -0 -0
-0 -0 -0
-0 -0 -0
-0 -0 -0
-0 -0 -0
-0 -0 -0
-0 -0 -0
-0 -0 -0
-0 -0 -0
-0 -0 -0
-0 -0 -0
-0 -0 -0
-0 -0 -0
-0 -0 -0
-0 -0 -0
-0 -0 -0
-0 -0 -0
-0 -0 -0
-0 -0 -0
-0 -0 -0
-0 -0 -0
-0 -0 -0
-0 -0 -0
-0 -0 -0
-0 -0 -0
-0 -0 -0
-0 -0 -0
-0 -0 -0
-0 -0 -0
-0 -0 -0
-0 -0 -0
-0 -0 -0
-0 -0 -0
-0 -0 -0
-0 -0 -0
-0 -0 -0
-0 -0 -0
-0 -0 -0
-0 -0 -0
-0 -0 -0
-0 -0 -0
-0 -0 -0
-0 -0 -0
-0 -0 -0
-0 -0 -0
-0 -0 -0
-0 -0 -0
-0 -0 -0
-0 -0 -0
-0 -0 -0
-0 -0 -0
-0 -0 -0
-0 -0 -0
-0 -0 -0
-0 -0 -0
-0 -0 -0
-0 -0 -0
-0 -0 -0
-0 -0 -0
-0 -0 -0
-0 -0 -0
-0 -0 -0
-0 -0 -0
-0 -0 -0
-0 -0 -0
-0 -0 -0
-0 -0 -0
-0 -0 -0
-0 -0 -0
-0 -0 -0
-0 -0 -0
-0 -0 -0
-0 -0 -0
-0 -0 -0
-0 -0 -0
-0 -0 -0
-0 -0 -0
-0 -0 -0
-0 -0 -0
-0 -0 -0
-0 -0 -0
-0 -0 -0
-0 -0 -0
-0 -0 -0
-0 -0 -0
-0 -0 -0
-0 -0 -0
-0 -0 -0
-0 -0 -0
-0 -0 -0
-0 -0 -0
-0 -0 -0
-0 -0 -0
-0 -0 -0
-0 -0 -0
-0 -0 -0
-0 -0 -0
-0 -0 -0
-0 -0 -0
-0 -0 -0
-0 -0 -0
-0 -0 -0
-0 -0 -0
-0 -0 -0
-0 -0 -0
-0 -0 -0
-0 -0 -0
-0 -0 -0
-0 -0 -0
-0 -0 -0
-0 -0 -0
-0 -0 -0
-0 -0 -0
-0 -0 -0
-0 -0 -0
-0 -0 -0
-0 -0 -0
-0 -0 -0
-0 -0 -0
-0 -0 -0
-0 -0 -0
-0 -0 -0
-0 -0 -0
-0 -0 -0
-0 -0 -0
-0 -0 -0
-0 -0 -0
-0 -0 -0
-0 -0 -0
-0 -0 -0
-0 -0 -0
-0 -0 -0
-0 -0 -0
-0 -0 -0
-0 -0 -0
-0 -0 -0
-0 -0 -0
-0 -0 -0
-0 -0 -0
-0 -0 -0
-0 -0 -0
-0 -0 -0
-0 -0 -0
-0 -0 -0
-0 -0 -0
-0 -0 -0
-0 -0 -0
-0 -0 -0
-0 -0 -0
-0 -0 -0
-0 -0 -0
-0 -0 -0
-0 -0 -0
-0 -0 -0
-0 -0 -0
-0 -0 -0
-0 -0 -0
-0 -0 -0
-0 -0 -0
-0 -0 -0
-0 -0 -0
-0 -0 -0
-0 -0 -0
-0 -0 -0
-0 -0 -0
-0 -0 -0
-0 -0 -0
-0 -0 -0
-0 -0 -0
-0 -0 -0
-0 -0 -0
-0 -0 -0
-0 -0 -0
-0 -0 -0
-0 -0 -0
-0 -0 -0
-0 -0 -0
-0 -0 -0
-0 -0 -0
-0 -0 -0
-0 -0 -0
-0 -0 -0
-0 -0 -0
-0 -0 -0
-0 -0 -0
-0 -0 -0
-0 -0 -0
-0 -0 -0
-0 -0 -0
-0 -0 -0
-0 -0 -0
-0 -0 -0
-0 -0 -0
-0 -0 -0
-0 -0 -0
-0 -0 -0
-0 -0 -0
-0 -0 -0
-0 -0 -0
-0 -0 -0
-0 -0 -0
-0 -0 -0
-0 -0 -0
-0 -0 -0
-0 -0 -0
-0 -0 -0
-0 -0 -0
-0 -0 -0
-0 -0 -0
-0 -0 -0
-0 -0 -0
-0 -0 -0
-0 -0 -0
-0 -0 -0
-0 -0 -0
-0 -0 -0
-0 -0 -0
-0 -0 -0
-0 -0 -0
-0 -0 -0
-0 -0 -0
-0 -0 -0
-0 -0 -0
-0 -0 -0
-0 -0 -0
-0 -0 -0
-0 -0 -0
-0 -0 -0
-0 -0 -0
-0 -0 -0
-0 -0 -0
-0 -0 -0
-0 -0 -0
-0 -0 -0
-0 -0 -0
-0 -0 -0
-0 -0 -0
-0 -0 -0
-0 -0 -0
-0 -0 -0
-0 -0 -0
-0 -0 -0
-0 -0 -0
-0 -0 -0
-0 -0 -0
-0 -0 -0
-0 -0 -0
-0 -0 -0
-0 -0 -0
-0 -0 -0
-0 -0 -0
-0 -0 -0
-0 -0 -0
-0 -0 -0
-0 -0 -0
-0 -0 -0
-0 -0 -0
-0 -0 -0
-0 -0 -0
-0 -0 -0
-0 -0 -0
-0 -0 -0
-0 -0 -0
-0 -0 -0
-0 -0 -0
-0 -0 -0
-0 -0 -0
-0 -0 -0
-0 -0 -0
-0 -0 -0
-0 -0 -0
-0 -0 -0
-0 -0 -0
-0 -0 -0
-0 -0 -0
-0 -0 -0
-0 -0 -0
-0 -0 -0
-0 -0 -0
-0 -0 -0
-0 -0 -0
-0 -0 -0
-0 -0 -0
-0 -0 -0
-0 -0 -0
-0 -0 -0
-0 -0 -0
-0 -0 -0
-0 -0 -0
-0 -0 -0
-0 -0 -0
-0 -0 -0
-0 -0 -0
-0 -0 -0
-0 -0 -0
-0 -0 -0
-0 -0 -0
-0 -0 -0
-0 -0 -0
-0 -0 -0
-0 -0 -0
-0 -0 -0
-0 -0 -0
-0 -0 -0
-0 -0 -0
-0 -0 -0
-0 -0 -0
-0 -0 -0
-0 -0 -0
-0 -0 -0
-0 -0 -0
-0 -0 -0
-0 -0 -0
-0 -0 -0
-0 -0 -0
-0 -0 -0
-0 -0 -0
-0 -0 -0
-0 -0 -0
-0 -0 -0
-0 -0 -0
-0 -0 -0
-0 -0 -0
-0 -0 -0
-0 -0 -0
-0 -0 -0
-0 -0 -0
-0 -0 -0
-0 -0 -0
-0 -0 -0
-0 -0 -0
-0 -0 -0
-0 -0 -0
-0 -0 -0
-0 -0 -0
-0 -0 -0
-0 -0 -0
-0 -0 -0
-0 -0 -0
-0 -0 -0
-0 -0 -0
-0 -0 -0
-0 -0 -0
-0 -0 -0
-0 -0 -0
-0 -0 -0
-0 -0 -0
-0 -0 -0
-0 -0 -0
-0 -0 -0
-0 -0 -0
-0 -0 -0
-0 -0 -0
-0 -0 -0
-0 -0 -0
-0 -0 -0
-0 -0 -0
-0 -0 -0
-0 -0 -0
-0 -0 -0
-0 -0 -0
-0 -0 -0
-0 -0 -0
-0 -0 -0
-0 -0 -0
-0 -0 -0
-0 -0 -0
-0 -0 -0
-0 -0 -0
-0 -0 -0
-0 -0 -0
-0 -0 -0
-0 -0 -0
-0 -0 -0
-0 -0 -0
-0 -0 -0
-0 -0 -0
-0 -0 -0
-0 -0 -0
-0 -0 -0
-0 -0 -0
-0 -0 -0
-0 -0 -0
-0 -0 -0
-0 -0 -0
-0 -0 -0
-0 -0 -0
-0 -0 -0
-0 -0 -0
-0 -0 -0
-0 -0 -0
-0 -0 -0
-0 -0 -0
-0 -0 -0
-0 -0 -0
-0 -0 -0
-0 -0 -0
-0 -0 -0
-0 -0 -0
-0 -0 -0
-0 -0 -0
-0 -0 -0
-0 -0 -0
-0 -0 -0
-0 -0 -0
-0 -0 -0
-0 -0 -0
-0 -0 -0
-0 -0 -0
-0 -0 -0
-0 -0 -0
-0 -0 -0
-0 -0 -0
-0 -0 -0
-0 -0 -0
-0 -0 -0
-0 -0 -0
-0 -0 -0
-0 -0 -0
-0 -0 -0
-0 -0 -0
-0 -0 -0
-0 -0 -0
-0 -0 -0
-0 -0 -0
-0 -0 -0
-0 -0 -0
-0 -0 -0
-0 -0 -0
-0 -0 -0
-0 -0 -0
-0 -0 -0
-0 -0 -0
-0 -0 -0
-0 -0 -0
-0 -0 -0
-0 -0 -0
-0 -0 -0
-0 -0 -0
-0 -0 -0
-0 -0 -0
-0 -0 -0
-0 -0 -0
-0 -0 -0
-0 -0 -0
-0 -0 -0
-0 -0 -0
-0 -0 -0
-0 -0 -0
-0 -0 -0
-0 -0 -0
-0 -0 -0
-0 -0 -0
-0 -0 -0
-0 -0 -0
-0 -0 -0
-0 -0 -0
-0 -0 -0
-0 -0 -0
-0 -0 -0
-0 -0 -0
-0 -0 -0
-0 -0 -0
-0 -0 -0
-0 -0 -0
-0 -0 -0
-0 -0 -0
-0 -0 -0
-0 -0 -0
-0 -0 -0
-0 -0 -0
-0 -0 -0
-0 -0 -0
-0 -0 -0
-0 -0 -0
-0 -0 -0
-0 -0 -0
-0 -0 -0
-0 -0 -0
-0 -0 -0
-0 -0 -0
-0 -0 -0
-0 -0 -0
-0 -0 -0
-0 -0 -0
-0 -0 -0
-0 -0 -0
-0 -0 -0
-0 -0 -0
-0 -0 -0
-0 -0 -0
-0 -0 -0
-0 -0 -0
-0 -0 -0
-0 -0 -0
-0 -0 -0
-0 -0 -0
-0 -0 -0
-0 -0 -0
-0 -0 -0
-0 -0 -0
-0 -0 -0
-0 -0 -0
-0 -0 -0
-0 -0 -0
-0 -0 -0
-0 -0 -0
-0 -0 -0
-0 -0 -0
-0 -0 -0
-0 -0 -0
-0 -0 -0
-0 -0 -0
-0 -0 -0
-0 -0 -0
-0 -0 -0
-0 -0 -0
-0 -0 -0
-0 -0 -0
-0 -0 -0
-0 -0 -0
-0 -0 -0
-0 -0 -0
-0 -0 -0
-0 -0 -0
-0 -0 -0
-0 -0 -0
-0 -0 -0
-0 -0 -0
-0 -0 -0
-0 -0 -0
-0 -0 -0
-0 -0 -0
-0 -0 -0
-0 -0 -0
-0 -0 -0
-0 -0 -0
-0 -0 -0
-0 -0 -0
-0 -0 -0
-0 -0 -0
-0 -0 -0
-0 -0 -0
-0 -0 -0
-0 -0 -0
-0 -0 -0
-0 -0 -0
-0 -0 -0
-0 -0 -0
-0 -0 -0
-0 -0 -0
-0 -0 -0
-0 -0 -0
-0 -0 -0
-0 -0 -0
-0 -0 -0
-0 -0 -0
-0 -0 -0
-0 -0 -0
-0 -0 -0
-0 -0 -0
-0 -0 -0
-0 -0 -0
-0 -0 -0
-0 -0 -0
-0 -0 -0
-0 -0 -0
-0 -0 -0
-0 -0 -0
-0 -0 -0
-0 -0 -0
-0 -0 -0
-0 -0 -0
-0 -0 -0
-0 -0 -0
-0 -0 -0
-0 -0 -0
-0 -0 -0
-0 -0 -0
-0 -0 -0
-0 -0 -0
-0 -0 -0
-0 -0 -0
-0 -0 -0
-0 -0 -0
-0 -0 -0
-0 -0 -0
-0 -0 -0
-0 -0 -0
-0 -0 -0
-0 -0 -0
-0 -0 -0
-0 -0 -0
-0 -0 -0
-0 -0 -0
-0 -0 -0
-0 -0 -0
-0 -0 -0
-0 -0 -0
-0 -0 -0
-0 -0 -0
-0 -0 -0
-0 -0 -0
-0 -0 -0
-0 -0 -0
-0 -0 -0
-0 -0 -0
-0 -0 -0
-0 -0 -0
-0 -0 -0
-0 -0 -0
-0 -0 -0
-0 -0 -0
-0 -0 -0
-0 -0 -0
-0 -0 -0
-0 -0 -0
-0 -0 -0
-0 -0 -0
-0 -0 -0
-0 -0 -0
-0 -0 -0
-0 -0 -0
-0 -0 -0
-0 -0 -0
-0 -0 -0
-0 -0 -0
-0 -0 -0
-0 -0 -0
-0 -0 -0
-0 -0 -0
-0 -0 -0
-0 -0 -0
-0 -0 -0
-0 -0 -0
-0 -0 -0
-0 -0 -0
-0 -0 -0
-0 -0 -0
-0 -0 -0
-0 -0 -0
-0 -0 -0
-0 -0 -0
-0 -0 -0
-0 -0 -0
-0 -0 -0
-0 -0 -0
-0 -0 -0
-0 -0 -0
-0 -0 -0
-0 -0 -0
-0 -0 -0
-0 -0 -0
-0 -0 -0
-0 -0 -0
-0 -0 -0
-0 -0 -0
-0 -0 -0
-0 -0 -0
-0 -0 -0
-0 -0 -0
-0 -0 -0
-0 -0 -0
-0 -0 -0
-0 -0 -0
-0 -0 -0
-0 -0 -0
-0 -0 -0
-0 -0 -0
-0 -0 -0
-0 -0 -0
-0 -0 -0
-0 -0 -0
-0 -0 -0
-0 -0 -0
-0 -0 -0
-0 -0 -0
-0 -0 -0
-0 -0 -0
-0 -0 -0
-0 -0 -0
-0 -0 -0
-0 -0 -0
-0 -0 -0
-0 -0 -0
-0 -0 -0
-0 -0 -0
-0 -0 -0
-0 -0 -0
-0 -0 -0
-0 -0 -0
-0 -0 -0
-0 -0 -0
-0 -0 -0
-0 -0 -0
-0 -0 -0
-0 -0 -0
-0 -0 -0
-0 -0 -0
-0 -0 -0
-0 -0 -0
-0 -0 -0
-0 -0 -0
-0 -0 -0
-0 -0 -0
-0 -0 -0
-0 -0 -0
-0 -0 -0
-0 -0 -0
-0 -0 -0
-0 -0 -0
-0 -0 -0
-0 -0 -0
-0 -0 -0
-0 -0 -0
-0 -0 -0
-0 -0 -0
-0 -0 -0
-0 -0 -0
-0 -0 -0
-0 -0 -0
-0 -0 -0
-0 -0 -0
-0 -0 -0
-0 -0 -0
-0 -0 -0
-0 -0 -0
-0 -0 -0
-0 -0 -0
-0 -0 -0
-0 -0 -0
-0 -0 -0
-0 -0 -0
-0 -0 -0
-0 -0 -0
-0 -0 -0
-0 -0 -0
-0 -0 -0
-0 -0 -0
-0 -0 -0
-0 -0 -0
-0 -0 -0
-0 -0 -0
-0 -0 -0
-0 -0 -0
-0 -0 -0
-0 -0 -0
-0 -0 -0
-0 -0 -0
-0 -0 -0
-0 -0 -0
-0 -0 -0
-0 -0 -0
-0 -0 -0
-0 -0 -0
-0 -0 -0
-0 -0 -0
-0 -0 -0
-0 -0 -0
-0 -0 -0
-0 -0 -0
-0 -0 -0
-0 -0 -0
-0 -0 -0
-0 -0 -0
-0 -0 -0
-0 -0 -0
-0 -0 -0
-0 -0 -0
-0 -0 -0
-0 -0 -0
-0 -0 -0
-0 -0 -0
-0 -0 -0
-0 -0 -0
-0 -0 -0
-0 -0 -0
-0 -0 -0
-0 -0 -0
-0 -0 -0
-0 -0 -0
-0 -0 -0
-0 -0 -0
-0 -0 -0
-0 -0 -0
-0 -0 -0
-0 -0 -0
-0 -0 -0
-0 -0 -0
-0 -0 -0
-0 -0 -0
-0 -0 -0
-0 -0 -0
-0 -0 -0
-0 -0 -0
-0 -0 -0
-0 -0 -0
-0 -0 -0
-0 -0 -0
-0 -0 -0
-0 -0 -0
-0 -0 -0
-0 -0 -0
-0 -0 -0
-0 -0 -0
-0 -0 -0
-0 -0 -0
-0 -0 -0
-0 -0 -0
-0 -0 -0
-0 -0 -0
-0 -0 -0
-0 -0 -0
-0 -0 -0
-0 -0 -0
-0 -0 -0
-0 -0 -0
-0 -0 -0
-0 -0 -0
-0 -0 -0
-0 -0 -0
-0 -0 -0
-0 -0 -0
-0 -0 -0
-0 -0 -0
-0 -0 -0
-0 -0 -0
-0 -0 -0
-0 -0 -0
-0 -0 -0
-0 -0 -0
-0 -0 -0
-0 -0 -0
-0 -0 -0
-0 -0 -0
-0 -0 -0
-0 -0 -0
-0 -0 -0
-0 -0 -0
-0 -0 -0
-0 -0 -0
-0 -0 -0
-0 -0 -0
-0 -0 -0
-0 -0 -0
-0 -0 -0
-0 -0 -0
-0 -0 -0
-0 -0 -0
-0 -0 -0
-0 -0 -0
-0 -0 -0
-0 -0 -0
-0 -0 -0
-0 -0 -0
-0 -0 -0
-0 -0 -0
-0 -0 -0
-0 -0 -0
-0 -0 -0
-0 -0 -0
-0 -0 -0
-0 -0 -0
-0 -0 -0
-0 -0 -0
-0 -0 -0
-0 -0 -0
-0 -0 -0
-0 -0 -0
-0 -0 -0
-0 -0 -0
-0 -0 -0
-0 -0 -0
-0 -0 -0
-0 -0 -0
-0 -0 -0
-0 -0 -0
-0 -0 -0
-0 -0 -0
-0 -0 -0
-0 -0 -0
-0 -0 -0
-0 -0 -0
-0 -0 -0
-0 -0 -0
-0 -0 -0
-0 -0 -0
-0 -0 -0
-0 -0 -0
-0 -0 -0
-0 -0 -0
-0 -0 -0
-0 -0 -0
-0 -0 -0
-0 -0 -0
-0 -0 -0
-0 -0 -0
-0 -0 -0
-0 -0 -0
-0 -0 -0
-0 -0 -0
-0 -0 -0
-0 -0 -0
-0 -0 -0
-0 -0 -0
-0 -0 -0
-0 -0 -0
-0 -0 -0
-0 -0 -0
-0 -0 -0
-0 -0 -0
-0 -0 -0
-0 -0 -0
-0 -0 -0
-0 -0 -0
-0 -0 -0
-0 -0 -0
-0 -0 -0
-0 -0 -0
-0 -0 -0
-0 -0 -0
-0 -0 -0
-0 -0 -0
-0 -0 -0
-0 -0 -0
-0 -0 -0
-0 -0 -0
-0 -0 -0
-0 -0 -0
-0 -0 -0
-0 -0 -0
-0 -0 -0
-0 -0 -0
-0 -0 -0
-0 -0 -0
-0 -0 -0
-0 -0 -0
-0 -0 -0
-0 -0 -0
-0 -0 -0
-0 -0 -0
-0 -0 -0
-0 -0 -0
-0 -0 -0
-0 -0 -0
-0 -0 -0
-0 -0 -0
-0 -0 -0
-0 -0 -0
-0 -0 -0
-0 -0 -0
-0 -0 -0
-0 -0 -0
-0 -0 -0
-0 -0 -0
-0 -0 -0
