# vtk DataFile Version 3.0
SPH particles (WCSPH) - legacy PolyData
ASCII
DATASET POLYDATA
POINTS 4476 float
0 -0.1694790660218968 0
0.040000000000000001 -0.16438430436970802 0
0.080000000000000002 -0.15877229937394999 0
0.12 -0.15402218434383094 0
0 -0.12872402994464013 0
0.040000000000000001 -0.12519699821182195 0
0.080000000000000002 -0.12059439405092884 0
0.12 -0.11684655245446242 0
0 -0.089299457311989655 0
0.040000000000000001 -0.087607193790963767 0
0 -0.049251903028439827 0
0.040000000000000001 -0.049728225661453559 0
0.080000000000000002 -0.084359744952860166 0
0.12 -0.081535927595704924 0
0.080000000000000002 -0.048213068687354414 0
0.12 -0.04626564046673861 0
0 -0.007936535762427456 0
0.040000000000000001 -0.010573222942395924 0
0.040000000000000001 0.02927353364792944 0
0.080000000000000002 -0.010807004193537566 0
0.12 -0.0096367321663258908 0
0.080000000000000002 0.027920378670832656 0
0.12 0.028499768864458506 0
0.20000000000000001 -0.15420335873786573 0
0.23999999999999999 -0.15847346691685663 0
0.28000000000000003 -0.15889680993970653 0
0.32000000000000001 -0.15813965042700004 0
0.16 -0.15135609971300784 0
0.16 -0.11494175078273272 0
0.20000000000000001 -0.11646759904488978 0
0.23999999999999999 -0.11936632067173049 0
0.28000000000000003 -0.12030192514868343 0
0.32000000000000001 -0.12003461183151345 0
0.16 -0.079906357882812196 0
0.20000000000000001 -0.080005802022157263 0
0.23999999999999999 -0.08184336750705834 0
0.16 -0.044438255224325776 0
0.20000000000000001 -0.043219850421695044 0
0.23999999999999999 -0.044706164070974795 0
0.28000000000000003 -0.083460358604604809 0
0.32000000000000001 -0.083750093041777968 0
0.28000000000000003 -0.047087678166893854 0
0.32000000000000001 -0.047825984555215646 0
0.16 -0.0074413045941952175 0
0.20000000000000001 -0.0056434436435165158 0
0.23999999999999999 -0.0075885106383277341 0
0.23999999999999999 0.029623667990363426 0
0.28000000000000003 -0.010484860165791234 0
0.32000000000000001 -0.011311681902398684 0
0.28000000000000003 0.026587151922573812 0
0.32000000000000001 0.026363229676322576 0
0 0.033339139070003375 0
0 0.07377980666205966 0
0.040000000000000001 0.069007216916770309 0
0.080000000000000002 0.067484026596718941 0
0.12 0.067593820467171981 0
0 0.1128079532614826 0
0.040000000000000001 0.10828143287332019 0
0 0.15094752872913506 0
0.040000000000000001 0.14740817705957041 0
0.080000000000000002 0.10741420977563858 0
0.12 0.10717777493959151 0
0.080000000000000002 0.14760006062097702 0
0.12 0.1472561858712296 0
0 0.18947810433727702 0
0.040000000000000001 0.18700081306508129 0
0.080000000000000002 0.18826342616705075 0
0.12 0.18807985198917268 0
0 0.22857280989888104 0
0.040000000000000001 0.22675486576928036 0
0 0.26863589248041086 0
0.040000000000000001 0.26643206017634252 0
0.080000000000000002 0.2286908552920815 0
0.12 0.22898396113412903 0
0.080000000000000002 0.26827001974961884 0
0.12 0.26912651549322236 0
0.16 0.030854068478457633 0
0.20000000000000001 0.032408168656792219 0
0.16 0.069676003656772123 0
0.20000000000000001 0.070885942711955668 0
0.23999999999999999 0.067691741158296403 0
0.28000000000000003 0.064602457380088588 0
0.32000000000000001 0.065485038300720125 0
0.16 0.10866279798897285 0
0.20000000000000001 0.10991942371865207 0
0.23999999999999999 0.10716158217938267 0
0.16 0.14814463036786832 0
0.20000000000000001 0.149507684439452 0
0.23999999999999999 0.14747084587045303 0
0.28000000000000003 0.10404785847356383 0
0.32000000000000001 0.10553123263462898 0
0.28000000000000003 0.14426881946687306 0
0.32000000000000001 0.14520023787974362 0
0.16 0.18838846607513315 0
0.20000000000000001 0.18932293824427612 0
0.23999999999999999 0.18758043566885685 0
0.28000000000000003 0.18423294387818379 0
0.32000000000000001 0.18396961751127711 0
0.16 0.22888686429672966 0
0.20000000000000001 0.22895897132871551 0
0.23999999999999999 0.22705364305606532 0
0.16 0.2691231075788651 0
0.20000000000000001 0.26873199866455122 0
0.23999999999999999 0.2668363013882325 0
0.28000000000000003 0.22376092314014978 0
0.32000000000000001 0.222509312817954 0
0.28000000000000003 0.26367408852520802 0
0.32000000000000001 0.26205356416531522 0
0 -0.16153275877097839 0.040000000000000001
0.040000000000000001 -0.15615329056511257 0.040000000000000001
0.080000000000000002 -0.15260428039254861 0.040000000000000001
0 -0.12222365431436508 0.040000000000000001
0.040000000000000001 -0.12005683990044284 0.040000000000000001
0.12 -0.1504615342515202 0.040000000000000001
0.080000000000000002 -0.11791229726301451 0.040000000000000001
0.12 -0.11634749774896365 0.040000000000000001
0 -0.15325490382629936 0.080000000000000002
0.040000000000000001 -0.15059770657617536 0.080000000000000002
0 -0.11635201712001406 0.080000000000000002
0.040000000000000001 -0.11652790783477629 0.080000000000000002
0.080000000000000002 -0.14875665122261245 0.080000000000000002
0.12 -0.14777460854477206 0.080000000000000002
0.080000000000000002 -0.11588304479579253 0.080000000000000002
0.12 -0.11527513332717777 0.080000000000000002
0 -0.084689841852000042 0.040000000000000001
0.040000000000000001 -0.085578770396515208 0.040000000000000001
0 -0.046878420641737965 0.040000000000000001
0.040000000000000001 -0.050909322757967362 0.040000000000000001
0.080000000000000002 -0.08497412956350088 0.040000000000000001
0.12 -0.084106372764012602 0.040000000000000001
0.080000000000000002 -0.051906366150828984 0.040000000000000001
0.12 -0.051749142019517774 0.040000000000000001
0 -0.007699731092674981 0.040000000000000001
0.040000000000000001 -0.014410770017845959 0.040000000000000001
0.040000000000000001 0.024059993822410246 0.040000000000000001
0.080000000000000002 -0.016873569115911865 0.040000000000000001
0.12 -0.017369160970195485 0.040000000000000001
0.080000000000000002 0.020615642707089519 0.040000000000000001
0.12 0.019616105992671488 0.040000000000000001
0 -0.080729753686282185 0.080000000000000002
0.040000000000000001 -0.083905914403948151 0.080000000000000002
0 -0.044681624562602246 0.080000000000000002
0.040000000000000001 -0.050992392516544124 0.080000000000000002
0.080000000000000002 -0.084667938725145137 0.080000000000000002
0.12 -0.084674009586213517 0.080000000000000002
0.080000000000000002 -0.053264207415255144 0.080000000000000002
0.12 -0.053965123244452344 0.080000000000000002
0 -0.0071784164465058479 0.080000000000000002
0.040000000000000001 -0.016005112538493672 0.080000000000000002
0.040000000000000001 0.021434881958439352 0.080000000000000002
0.080000000000000002 -0.019664276086727113 0.080000000000000002
0.12 -0.021039619048336258 0.080000000000000002
0.080000000000000002 0.016903766300196164 0.080000000000000002
0.12 0.015011550485116125 0.080000000000000002
0 -0.15433139951752747 0.12
0.040000000000000001 -0.15317789643900914 0.12
0 -0.11745879126494985 0.12
0.040000000000000001 -0.11848853778050106 0.12
0.080000000000000002 -0.15045368240596055 0.12
0.12 -0.14672122342070171 0.12
0.080000000000000002 -0.11728381559020282 0.12
0.12 -0.11494626785102942 0.12
0 -0.15968865512685501 0.16
0.040000000000000001 -0.15885565513605659 0.16
0 -0.15978125120805514 0.20000000000000001
0.040000000000000001 -0.15851842348077363 0.20000000000000001
0.080000000000000002 -0.15549686356629555 0.16
0.080000000000000002 -0.15795886814268575 0.20000000000000001
0.040000000000000001 -0.12245156845747843 0.16
0 -0.1214694796650985 0.16
0.040000000000000001 -0.12218894295619351 0.20000000000000001
0 -0.1213617482964556 0.20000000000000001
0.12 -0.14882618487151797 0.16
0.080000000000000002 -0.12079060538629775 0.16
0.12 -0.11654168234762101 0.16
0.080000000000000002 -0.12235889319950706 0.20000000000000001
0.12 -0.1519688944767896 0.20000000000000001
0.12 -0.1185588782736786 0.20000000000000001
0 -0.08170736597509809 0.12
0.040000000000000001 -0.085514233233518769 0.12
0 -0.045620361959623691 0.12
0.040000000000000001 -0.052422593779111036 0.12
0.080000000000000002 -0.086041566532392519 0.12
0.12 -0.085036380547301768 0.12
0.080000000000000002 -0.054756527162372906 0.12
0.12 -0.055053797143374064 0.12
0 -0.0085038964954509029 0.12
0.040000000000000001 -0.017505398347347646 0.12
0 0.029203007835846988 0.12
0.040000000000000001 0.019672588791973936 0.12
0.080000000000000002 -0.021395943998663763 0.12
0.12 -0.022830381409445166 0.12
0.080000000000000002 0.01489037640207003 0.12
0.12 0.01268237892510813 0.12
0 -0.084450548655399971 0.16
0.040000000000000001 -0.08824613938249809 0.16
0 -0.047355291705555844 0.16
0.040000000000000001 -0.054173732698474482 0.16
0 -0.084408649543725553 0.20000000000000001
0.040000000000000001 -0.08810583485493971 0.20000000000000001
0 -0.047660514833842149 0.20000000000000001
0.040000000000000001 -0.054221975939221942 0.20000000000000001
0.080000000000000002 -0.088536184053148531 0.16
0.12 -0.08633840474972046 0.16
0.080000000000000002 -0.056479347481919129 0.16
0.12 -0.056197945809291085 0.16
0.080000000000000002 -0.08959764597900173 0.20000000000000001
0.12 -0.087720420415607264 0.20000000000000001
0.080000000000000002 -0.05717677902836231 0.20000000000000001
0.12 -0.057130645625679648 0.20000000000000001
0 -0.009776542194300613 0.16
0.040000000000000001 -0.01868178024766334 0.16
0 0.027994337042410299 0.16
0.040000000000000001 0.018653955966083706 0.16
0 -0.010356718877170457 0.20000000000000001
0.040000000000000001 -0.018901684702151544 0.20000000000000001
0 0.027587981124377263 0.20000000000000001
0.040000000000000001 0.018384676752348277 0.20000000000000001
0.080000000000000002 -0.02264543623381227 0.16
0.12 -0.023950354666646696 0.16
0.080000000000000002 0.013789719906672385 0.16
0.12 0.011492432239239432 0.16
0.080000000000000002 -0.023125218850045919 0.20000000000000001
0.12 -0.024597077215171164 0.20000000000000001
0.080000000000000002 0.013392036604110291 0.20000000000000001
0.12 0.010963089733097528 0.20000000000000001
0.23999999999999999 -0.15255601520404893 0.040000000000000001
0.28000000000000003 -0.15300217783674142 0.040000000000000001
0.16 -0.1478966579168125 0.040000000000000001
0.20000000000000001 -0.14901177267083449 0.040000000000000001
0.16 -0.11459400754283951 0.040000000000000001
0.20000000000000001 -0.11530012119048681 0.040000000000000001
0.23999999999999999 -0.11773691337115127 0.040000000000000001
0.32000000000000001 -0.15050752039622853 0.040000000000000001
0.28000000000000003 -0.11833252707570399 0.040000000000000001
0.32000000000000001 -0.11711832434168656 0.040000000000000001
0.16 -0.14637495757548483 0.080000000000000002
0.20000000000000001 -0.14616857460276717 0.080000000000000002
0.23999999999999999 -0.1482039816602895 0.080000000000000002
0.16 -0.11434752643693954 0.080000000000000002
0.20000000000000001 -0.11430708855180333 0.080000000000000002
0.23999999999999999 -0.11581923012878159 0.080000000000000002
0.28000000000000003 -0.14875102613708316 0.080000000000000002
0.32000000000000001 -0.14581124209544596 0.080000000000000002
0.28000000000000003 -0.11637857650130756 0.080000000000000002
0.32000000000000001 -0.11488061018778993 0.080000000000000002
0.16 -0.082931175587880296 0.040000000000000001
0.20000000000000001 -0.083274990046964315 0.040000000000000001
0.23999999999999999 -0.084953319231893448 0.040000000000000001
0.16 -0.051026645085882151 0.040000000000000001
0.20000000000000001 -0.051063935786202885 0.040000000000000001
0.23999999999999999 -0.052207911186610508 0.040000000000000001
0.28000000000000003 -0.085712932708140177 0.040000000000000001
0.32000000000000001 -0.085474797303307329 0.040000000000000001
0.28000000000000003 -0.053157305796127124 0.040000000000000001
0.32000000000000001 -0.053634612895597837 0.040000000000000001
0.16 -0.016980295257688894 0.040000000000000001
0.20000000000000001 -0.016863492242030573 0.040000000000000001
0.23999999999999999 -0.017771721389987647 0.040000000000000001
0.16 0.019768254718725353 0.040000000000000001
0.20000000000000001 0.019839978081371543 0.040000000000000001
0.23999999999999999 0.018884834313590827 0.040000000000000001
0.28000000000000003 -0.01886219477034895 0.040000000000000001
0.32000000000000001 -0.019650763502723243 0.040000000000000001
0.28000000000000003 0.017751725703662558 0.040000000000000001
0.32000000000000001 0.017046320530468284 0.040000000000000001
0.16 -0.084196855307436591 0.080000000000000002
0.20000000000000001 -0.084247502332215132 0.080000000000000002
0.23999999999999999 -0.085368757293541028 0.080000000000000002
0.16 -0.053934852854664733 0.080000000000000002
0.20000000000000001 -0.054075825117463193 0.080000000000000002
0.23999999999999999 -0.054885003031313842 0.080000000000000002
0.28000000000000003 -0.085962703415650085 0.080000000000000002
0.32000000000000001 -0.085493302349803096 0.080000000000000002
0.28000000000000003 -0.055504827595354272 0.080000000000000002
0.32000000000000001 -0.055765090230292462 0.080000000000000002
0.16 -0.021420145014899038 0.080000000000000002
0.20000000000000001 -0.021674761409313393 0.080000000000000002
0.23999999999999999 -0.022276478669898792 0.080000000000000002
0.16 0.014315614990641207 0.080000000000000002
0.20000000000000001 0.013930994938457055 0.080000000000000002
0.23999999999999999 0.013414905771606093 0.080000000000000002
0.28000000000000003 -0.022876563117219553 0.080000000000000002
0.32000000000000001 -0.023446624266903363 0.080000000000000002
0.28000000000000003 0.01288009047980811 0.080000000000000002
0.32000000000000001 0.012372326274546069 0.080000000000000002
0.16 -0.14550536110553872 0.12
0.20000000000000001 -0.1468068898766639 0.12
0.23999999999999999 -0.14945372824909958 0.12
0.16 -0.11415632831471291 0.12
0.20000000000000001 -0.11509029373928112 0.12
0.23999999999999999 -0.1169725752981572 0.12
0.28000000000000003 -0.15022629120555658 0.12
0.32000000000000001 -0.14700358033197372 0.12
0.28000000000000003 -0.1176708521848378 0.12
0.32000000000000001 -0.11599981415962994 0.12
0.28000000000000003 -0.15297784620270652 0.16
0.16 -0.14562646853720651 0.16
0.20000000000000001 -0.14771338417286964 0.16
0.23999999999999999 -0.15126739164036787 0.16
0.16 -0.11440734088225998 0.16
0.20000000000000001 -0.11576758714720513 0.16
0.23999999999999999 -0.11820814418291312 0.16
0.16 -0.14518015693458494 0.20000000000000001
0.20000000000000001 -0.14416108633740327 0.20000000000000001
0.23999999999999999 -0.14688051504779645 0.20000000000000001
0.16 -0.11410618264813464 0.20000000000000001
0.20000000000000001 -0.11343654456485053 0.20000000000000001
0.23999999999999999 -0.11526496512646467 0.20000000000000001
0.32000000000000001 -0.14819704145219859 0.16
0.28000000000000003 -0.11946187113235689 0.16
0.32000000000000001 -0.11686820954226398 0.16
0.28000000000000003 -0.14865920567356558 0.20000000000000001
0.32000000000000001 -0.14411364350051872 0.20000000000000001
0.28000000000000003 -0.11659192545178423 0.20000000000000001
0.32000000000000001 -0.11416904479423796 0.20000000000000001
0.16 -0.084723993235682415 0.12
0.20000000000000001 -0.08545070404423552 0.12
0.23999999999999999 -0.086814551532103837 0.12
0.16 -0.055242021856707006 0.12
0.20000000000000001 -0.055837406753187185 0.12
0.23999999999999999 -0.056769371545011368 0.12
0.28000000000000003 -0.087464893704313068 0.12
0.32000000000000001 -0.086854421111773078 0.12
0.28000000000000003 -0.057365807628618211 0.12
0.32000000000000001 -0.057501712622128234 0.12
0.16 -0.023495274872957429 0.12
0.20000000000000001 -0.024037822102880486 0.12
0.23999999999999999 -0.024641472138701149 0.12
0.16 0.011662474034203953 0.12
0.20000000000000001 0.011093720730359597 0.12
0.23999999999999999 0.010647277376142112 0.12
0.28000000000000003 -0.025145906327866497 0.12
0.32000000000000001 -0.025603054350168242 0.12
0.28000000000000003 0.010272673242791902 0.12
0.32000000000000001 0.0098892595552034397 0.12
0.16 -0.085171044373799742 0.16
0.20000000000000001 -0.086174392080563461 0.16
0.23999999999999999 -0.087893882280922028 0.16
0.16 -0.055946022693436605 0.16
0.20000000000000001 -0.056723812352538323 0.16
0.23999999999999999 -0.057857859909793093 0.16
0.16 -0.085058075758053645 0.20000000000000001
0.20000000000000001 -0.084740546988866516 0.20000000000000001
0.23999999999999999 -0.086043453381204213 0.20000000000000001
0.16 -0.056053852344271335 0.20000000000000001
0.20000000000000001 -0.056090115360472842 0.20000000000000001
0.23999999999999999 -0.056980270130836307 0.20000000000000001
0.28000000000000003 -0.088899475285881074 0.16
0.32000000000000001 -0.087686291688527693 0.16
0.28000000000000003 -0.058644665720132751 0.16
0.32000000000000001 -0.058421618100995096 0.16
0.28000000000000003 -0.087094668163375619 0.20000000000000001
0.32000000000000001 -0.086009617333087859 0.20000000000000001
0.28000000000000003 -0.057793798467165758 0.20000000000000001
0.32000000000000001 -0.057645594938150378 0.20000000000000001
0.16 -0.024495026721573401 0.16
0.20000000000000001 -0.025151034538923783 0.16
0.23999999999999999 -0.025847319808594886 0.16
0.16 0.010400752013388069 0.16
0.20000000000000001 0.0097591523746193669 0.16
0.23999999999999999 0.0093034835037333636 0.16
0.16 -0.024826558914064635 0.20000000000000001
0.20000000000000001 -0.02518653702914839 0.20000000000000001
0.23999999999999999 -0.025763759396653999 0.20000000000000001
0.16 0.0098913664231635792 0.20000000000000001
0.20000000000000001 0.0092983669250980561 0.20000000000000001
0.23999999999999999 0.0088759833203579871 0.20000000000000001
0.28000000000000003 -0.026402338272040672 0.16
0.32000000000000001 -0.026682187183475432 0.16
0.28000000000000003 0.0089561521879634523 0.16
0.32000000000000001 0.0086519025736916215 0.16
0.28000000000000003 -0.026333258632575785 0.20000000000000001
0.32000000000000001 -0.026649961582226524 0.20000000000000001
0.28000000000000003 0.0085324169536371494 0.20000000000000001
0.32000000000000001 0.0082267646719396161 0.20000000000000001
0 0.032318186152932464 0.040000000000000001
0 0.07292976002753733 0.040000000000000001
0.040000000000000001 0.063622243810894805 0.040000000000000001
0.080000000000000002 0.059698794047367255 0.040000000000000001
0.12 0.058369515762193784 0.040000000000000001
0 0.11326335267640757 0.040000000000000001
0.040000000000000001 0.10343363024162014 0.040000000000000001
0.040000000000000001 0.14315752212608751 0.040000000000000001
0.080000000000000002 0.099394064692029563 0.040000000000000001
0.12 0.097888230112497546 0.040000000000000001
0.080000000000000002 0.13931874850270773 0.040000000000000001
0.12 0.13777060385804299 0.040000000000000001
0 0.03134963527470324 0.080000000000000002
0 0.071087879406189339 0.080000000000000002
0.040000000000000001 0.060573131552298286 0.080000000000000002
0.080000000000000002 0.055603235483438714 0.080000000000000002
0.12 0.053412314268447843 0.080000000000000002
0 0.11163624945461707 0.080000000000000002
0.040000000000000001 0.10044163768333354 0.080000000000000002
0.040000000000000001 0.1404357858313717 0.080000000000000002
0.080000000000000002 0.095196542419668087 0.080000000000000002
0.12 0.092849270092493705 0.080000000000000002
0.080000000000000002 0.13508021884105553 0.080000000000000002
0.12 0.13266668728180528 0.080000000000000002
0 0.15274924358692871 0.040000000000000001
0 0.19180840293336626 0.040000000000000001
0.040000000000000001 0.18285611857364109 0.040000000000000001
0.080000000000000002 0.17938462471533242 0.040000000000000001
0.12 0.17790620028830323 0.040000000000000001
0 0.23074675059111463 0.040000000000000001
0.040000000000000001 0.22253121802055015 0.040000000000000001
0 0.27045717270158676 0.040000000000000001
0.040000000000000001 0.26232465071662331 0.040000000000000001
0.080000000000000002 0.219410981359902 0.040000000000000001
0.12 0.21808443807342159 0.040000000000000001
0.080000000000000002 0.25928121762632911 0.040000000000000001
0.12 0.25809040541478806 0.040000000000000001
0 0.15197481950005259 0.080000000000000002
0.040000000000000001 0.1803234726321632 0.080000000000000002
0 0.19179782243192028 0.080000000000000002
0.080000000000000002 0.17502200413344013 0.080000000000000002
0.12 0.17262429865497195 0.080000000000000002
0 0.23105046084564715 0.080000000000000002
0.040000000000000001 0.22005735193148956 0.080000000000000002
0 0.27053009019165841 0.080000000000000002
0.040000000000000001 0.25981767468641526 0.080000000000000002
0.080000000000000002 0.21493128131570416 0.080000000000000002
0.12 0.21260711846441249 0.080000000000000002
0.080000000000000002 0.25482848218503173 0.080000000000000002
0.12 0.25257288650886939 0.080000000000000002
0.040000000000000001 0.058516293394808128 0.12
0 0.068063479012226369 0.12
0.080000000000000002 0.053392183962038556 0.12
0.12 0.050833433585654314 0.12
0.12 0.090196180648631635 0.12
0 0.10832309429904928 0.12
0.040000000000000001 0.098283483843718517 0.12
0 0.14909044525304851 0.12
0.040000000000000001 0.1383753594544759 0.12
0.080000000000000002 0.092913374087336451 0.12
0.080000000000000002 0.13278795557652043 0.12
0.12 0.12998101589165723 0.12
0.040000000000000001 0.057432838489250987 0.16
0 0.066599412644902184 0.16
0.040000000000000001 0.057195364438449255 0.20000000000000001
0 0.06648217492791017 0.20000000000000001
0.080000000000000002 0.052262565774365992 0.16
0.12 0.049559458319852749 0.16
0.12 0.088877161878741645 0.16
0.080000000000000002 0.051866519445658087 0.20000000000000001
0.12 0.049027543816245273 0.20000000000000001
0.12 0.088316509955836467 0.20000000000000001
0 0.1066254748351594 0.16
0.040000000000000001 0.097116046634620326 0.16
0 0.14722683813391818 0.16
0.040000000000000001 0.13714910690144691 0.16
0 0.10656406914692057 0.20000000000000001
0.040000000000000001 0.096863879032968489 0.20000000000000001
0 0.14697298727895078 0.20000000000000001
0.040000000000000001 0.13679923889871351 0.20000000000000001
0.080000000000000002 0.091739071167965786 0.16
0.080000000000000002 0.13157971341302716 0.16
0.12 0.12863409994302483 0.16
0.080000000000000002 0.091315740482946203 0.20000000000000001
0.080000000000000002 0.13109996368207547 0.20000000000000001
0.12 0.12804430725500898 0.20000000000000001
0.040000000000000001 0.17843292447116685 0.12
0 0.18974318298972481 0.12
0.080000000000000002 0.17271708972816396 0.12
0.12 0.16989055938047673 0.12
0.12 0.20981991031288541 0.12
0 0.22960649658247445 0.12
0.040000000000000001 0.21826819206037651 0.12
0 0.26883936062142211 0.12
0.040000000000000001 0.25794451336740054 0.12
0.080000000000000002 0.21259454118050602 0.12
0.080000000000000002 0.25245694060829321 0.12
0.12 0.24975846221705686 0.12
0.040000000000000001 0.17714598420241048 0.16
0 0.18772685533893724 0.16
0.040000000000000001 0.17658096998122746 0.20000000000000001
0 0.1867955660850899 0.20000000000000001
0.080000000000000002 0.17146967939771066 0.16
0.12 0.16851482935589182 0.16
0.080000000000000002 0.21129924376786854 0.16
0.12 0.20841542349296663 0.16
0.080000000000000002 0.17091208160580301 0.20000000000000001
0.12 0.1678941672215267 0.20000000000000001
0.080000000000000002 0.21066722005331634 0.20000000000000001
0.12 0.20776872581442921 0.20000000000000001
0 0.22741420456717157 0.16
0.040000000000000001 0.21689358265700628 0.16
0 0.26627739598810529 0.16
0.040000000000000001 0.25643225000579167 0.16
0 0.22573415576565253 0.20000000000000001
0.040000000000000001 0.216087171684857 0.20000000000000001
0 0.26421211005302414 0.20000000000000001
0.040000000000000001 0.25548850102275111 0.20000000000000001
0.080000000000000002 0.25111117459973448 0.16
0.12 0.24833143973476399 0.16
0.080000000000000002 0.25042913055509364 0.20000000000000001
0.12 0.24766873260126035 0.20000000000000001
0.16 0.058328289611481371 0.040000000000000001
0.20000000000000001 0.05827965130805482 0.040000000000000001
0.23999999999999999 0.057232879580729465 0.040000000000000001
0.28000000000000003 0.056129608007745344 0.040000000000000001
0.32000000000000001 0.055666270134247228 0.040000000000000001
0.16 0.097657797055098791 0.040000000000000001
0.20000000000000001 0.097558142832809183 0.040000000000000001
0.23999999999999999 0.096571995997279933 0.040000000000000001
0.16 0.13738291521701962 0.040000000000000001
0.20000000000000001 0.13726012762854023 0.040000000000000001
0.23999999999999999 0.13639314189389062 0.040000000000000001
0.28000000000000003 0.095516973085209039 0.040000000000000001
0.32000000000000001 0.09519336925180269 0.040000000000000001
0.28000000000000003 0.13533066147032821 0.040000000000000001
0.32000000000000001 0.13493403128399606 0.040000000000000001
0.16 0.052523893901056801 0.080000000000000002
0.20000000000000001 0.052046120575627575 0.080000000000000002
0.23999999999999999 0.051539945091527616 0.080000000000000002
0.28000000000000003 0.051071074517003601 0.080000000000000002
0.32000000000000001 0.05068772007394963 0.080000000000000002
0.32000000000000001 0.090074838502144219 0.080000000000000002
0.16 0.091853442017112694 0.080000000000000002
0.20000000000000001 0.091329318438441942 0.080000000000000002
0.23999999999999999 0.090830988196896861 0.080000000000000002
0.16 0.13161111978650405 0.080000000000000002
0.20000000000000001 0.13106220084312825 0.080000000000000002
0.23999999999999999 0.13057124755766167 0.080000000000000002
0.28000000000000003 0.090397879932615166 0.080000000000000002
0.28000000000000003 0.13013944968022445 0.080000000000000002
0.32000000000000001 0.12981697077554008 0.080000000000000002
0.16 0.17738401172505885 0.040000000000000001
0.20000000000000001 0.17714918151026929 0.040000000000000001
0.23999999999999999 0.17630314385446169 0.040000000000000001
0.28000000000000003 0.17516480250025132 0.040000000000000001
0.32000000000000001 0.17457436109280702 0.040000000000000001
0.16 0.21746961189456071 0.040000000000000001
0.20000000000000001 0.21704841276736661 0.040000000000000001
0.23999999999999999 0.21614464385623527 0.040000000000000001
0.16 0.2574999250786027 0.040000000000000001
0.20000000000000001 0.25699503944229435 0.040000000000000001
0.23999999999999999 0.25610172131826553 0.040000000000000001
0.28000000000000003 0.21495949314130908 0.040000000000000001
0.32000000000000001 0.21420161244629871 0.040000000000000001
0.28000000000000003 0.25495113892586613 0.040000000000000001
0.32000000000000001 0.25412406619579675 0.040000000000000001
0.16 0.17154026222225435 0.080000000000000002
0.20000000000000001 0.17096027323192411 0.080000000000000002
0.23999999999999999 0.17045534808825014 0.080000000000000002
0.16 0.21152227404288057 0.080000000000000002
0.20000000000000001 0.21091095828924708 0.080000000000000002
0.23999999999999999 0.21038441760132554 0.080000000000000002
0.28000000000000003 0.16999807760744065 0.080000000000000002
0.32000000000000001 0.16964679405761704 0.080000000000000002
0.28000000000000003 0.20990462430147286 0.080000000000000002
0.32000000000000001 0.20953073826142862 0.080000000000000002
0.16 0.25151312180012481 0.080000000000000002
0.20000000000000001 0.25090291278481547 0.080000000000000002
0.23999999999999999 0.25038127539288502 0.080000000000000002
0.28000000000000003 0.24990421718713887 0.080000000000000002
0.32000000000000001 0.24952820263621411 0.080000000000000002
0.16 0.049614770079236592 0.12
0.20000000000000001 0.048991184038064191 0.12
0.23999999999999999 0.048587801479953584 0.12
0.16 0.088881996103289576 0.12
0.20000000000000001 0.08822099117928292 0.12
0.23999999999999999 0.087824125026427932 0.12
0.28000000000000003 0.048298559327528461 0.12
0.32000000000000001 0.048042649336865688 0.12
0.28000000000000003 0.087564771126656449 0.12
0.32000000000000001 0.087364275388363541 0.12
0.16 0.12862282374800946 0.12
0.20000000000000001 0.12794292469579385 0.12
0.23999999999999999 0.12754427908806396 0.12
0.28000000000000003 0.1272891344251493 0.12
0.32000000000000001 0.12710176741181958 0.12
0.16 0.048210285701746264 0.16
0.20000000000000001 0.047522871861331258 0.16
0.23999999999999999 0.047136472235162492 0.16
0.16 0.087427052823431092 0.16
0.20000000000000001 0.086703139546292871 0.16
0.23999999999999999 0.086326122664143801 0.16
0.16 0.04760510202861757 0.20000000000000001
0.20000000000000001 0.046891803787970705 0.20000000000000001
0.23999999999999999 0.046511323847107718 0.20000000000000001
0.16 0.086785114696179375 0.20000000000000001
0.20000000000000001 0.0860262923573865 0.20000000000000001
0.23999999999999999 0.085650272662400578 0.20000000000000001
0.28000000000000003 0.046899331097320404 0.16
0.32000000000000001 0.046701946636462183 0.16
0.28000000000000003 0.086122527102058519 0.16
0.32000000000000001 0.08598191537280532 0.16
0.28000000000000003 0.046288914034757128 0.20000000000000001
0.32000000000000001 0.04611114099558996 0.20000000000000001
0.28000000000000003 0.085464253891875397 0.20000000000000001
0.32000000000000001 0.085349181874888352 0.20000000000000001
0.16 0.12714778709153565 0.16
0.20000000000000001 0.1264105333705586 0.16
0.23999999999999999 0.12603404325828438 0.16
0.16 0.12648874101245447 0.20000000000000001
0.20000000000000001 0.12572155518379852 0.20000000000000001
0.23999999999999999 0.12534808323374569 0.20000000000000001
0.28000000000000003 0.12583772180871608 0.16
0.32000000000000001 0.12571429862612585 0.16
0.28000000000000003 0.12517093111699945 0.20000000000000001
0.32000000000000001 0.12507499428749652 0.20000000000000001
0.16 0.16852444224810309 0.12
0.20000000000000001 0.1678371244432682 0.12
0.23999999999999999 0.16743368187352919 0.12
0.16 0.20847503306057072 0.12
0.20000000000000001 0.20779136698611347 0.12
0.23999999999999999 0.20738663366502361 0.12
0.28000000000000003 0.16717310495870857 0.12
0.32000000000000001 0.16698422788647382 0.12
0.28000000000000003 0.2071223588488072 0.12
0.32000000000000001 0.20693149675108433 0.12
0.16 0.24844621224668681 0.12
0.20000000000000001 0.24777689280559148 0.12
0.23999999999999999 0.24737974941863924 0.12
0.28000000000000003 0.24711865179935974 0.12
0.32000000000000001 0.24693016144736613 0.12
0.16 0.16703357813933173 0.16
0.20000000000000001 0.16630017029753918 0.16
0.23999999999999999 0.16592614955662419 0.16
0.16 0.20697009218295226 0.16
0.20000000000000001 0.20625254518088415 0.16
0.23999999999999999 0.20588515527339746 0.16
0.20000000000000001 0.16560848394849481 0.20000000000000001
0.16 0.16636281922138119 0.20000000000000001
0.23999999999999999 0.16524195184117671 0.20000000000000001
0.16 0.20629129994988168 0.20000000000000001
0.20000000000000001 0.20556091498266851 0.20000000000000001
0.23999999999999999 0.20520503671514484 0.20000000000000001
0.28000000000000003 0.1657314663464208 0.16
0.32000000000000001 0.16561278776040825 0.16
0.28000000000000003 0.20569292132252207 0.16
0.32000000000000001 0.20557660583204468 0.16
0.28000000000000003 0.16506904019163454 0.20000000000000001
0.32000000000000001 0.16497939036677992 0.20000000000000001
0.28000000000000003 0.20503680369855662 0.20000000000000001
0.32000000000000001 0.20495046162200475 0.20000000000000001
0.16 0.24692929494006591 0.16
0.20000000000000001 0.24623090519801877 0.16
0.23999999999999999 0.24587258562245209 0.16
0.16 0.2462457369022549 0.20000000000000001
0.20000000000000001 0.24553839710152217 0.20000000000000001
0.23999999999999999 0.24519291851382974 0.20000000000000001
0.28000000000000003 0.24568449053158112 0.16
0.32000000000000001 0.24557104953870129 0.16
0.28000000000000003 0.24502939956516753 0.20000000000000001
0.32000000000000001 0.24494581068389532 0.20000000000000001
0 0.31032636751205767 0
0.040000000000000001 0.30663254243462396 0
0.080000000000000002 0.30792543887893936 0
0.12 0.30904505222381423 0
0.16 0.3094262792418877 0
0.20000000000000001 0.30970432525071501 0
0.23999999999999999 0.30851551102351432 0
0.32000000000000001 0.30351409045122379 0
0.28000000000000003 0.30519109004224854 0
0.040000000000000001 0.30226990559539818 0.040000000000000001
0 0.31165700813838265 0.040000000000000001
0.080000000000000002 0.29903364298071672 0.040000000000000001
0.12 0.29791243979970389 0.040000000000000001
0.040000000000000001 0.29969104224244775 0.080000000000000002
0 0.3113348074809561 0.080000000000000002
0.080000000000000002 0.29467603681265475 0.080000000000000002
0.12 0.29245558530683691 0.080000000000000002
0.040000000000000001 0.297672177419262 0.12
0 0.30871496411445326 0.12
0.080000000000000002 0.29229854189575538 0.12
0.12 0.28964659901145406 0.12
0.040000000000000001 0.29603551674539769 0.16
0 0.30563890942393457 0.16
0 0.30330778977338191 0.20000000000000001
0.040000000000000001 0.29502956592381613 0.20000000000000001
0.080000000000000002 0.29092638716663022 0.16
0.12 0.28822008665765309 0.16
0.080000000000000002 0.29022737472076188 0.20000000000000001
0.12 0.28755971375856082 0.20000000000000001
0.16 0.29744297151897758 0.040000000000000001
0.20000000000000001 0.29706044877851862 0.040000000000000001
0.23999999999999999 0.29630547892845821 0.040000000000000001
0.28000000000000003 0.29518230323600764 0.040000000000000001
0.32000000000000001 0.29430766259471119 0.040000000000000001
0.16 0.29144890687209085 0.080000000000000002
0.20000000000000001 0.29088367540444021 0.080000000000000002
0.23999999999999999 0.29039558210515504 0.080000000000000002
0.28000000000000003 0.28993383026998776 0.080000000000000002
0.32000000000000001 0.28954513984702873 0.080000000000000002
0.20000000000000001 0.28772774878011392 0.12
0.16 0.28837090291199746 0.12
0.23999999999999999 0.28734762356235932 0.12
0.28000000000000003 0.28709621662099627 0.12
0.32000000000000001 0.2869042849684304 0.12
0.16 0.28685709421545097 0.16
0.20000000000000001 0.28618182397274916 0.16
0.23999999999999999 0.28583703295635859 0.16
0.16 0.28618055114089641 0.20000000000000001
0.20000000000000001 0.2854966813978399 0.20000000000000001
0.23999999999999999 0.2851640014805511 0.20000000000000001
0.28000000000000003 0.2856567771273047 0.16
0.32000000000000001 0.28554302315487129 0.16
0.28000000000000003 0.28500747275450905 0.20000000000000001
0.32000000000000001 0.28492470744260645 0.20000000000000001
0 -0.15376649188270103 0.23999999999999999
0.080000000000000002 -0.15342565159721114 0.23999999999999999
0.040000000000000001 -0.15163360813433407 0.23999999999999999
0 -0.11674027646432746 0.23999999999999999
0.040000000000000001 -0.11715119016726591 0.23999999999999999
0.12 -0.15077225922736795 0.23999999999999999
0.080000000000000002 -0.11894682811627801 0.23999999999999999
0.12 -0.11748393484009727 0.23999999999999999
0 -0.14657175736266548 0.28000000000000003
0.040000000000000001 -0.1424171706963944 0.28000000000000003
0 -0.11156691494510751 0.28000000000000003
0.040000000000000001 -0.11048212889273244 0.28000000000000003
0.080000000000000002 -0.14321711539296283 0.28000000000000003
0.12 -0.14512563845979262 0.28000000000000003
0.080000000000000002 -0.11176341759856512 0.28000000000000003
0.12 -0.11347389623758937 0.28000000000000003
0 -0.08135444883281745 0.23999999999999999
0.040000000000000001 -0.08474214384995149 0.23999999999999999
0 -0.045948269528030133 0.23999999999999999
0.040000000000000001 -0.052366595130472413 0.23999999999999999
0.080000000000000002 -0.087255400497500274 0.23999999999999999
0.12 -0.086941994924361582 0.23999999999999999
0.080000000000000002 -0.055842321826017567 0.23999999999999999
0.12 -0.056677365322608239 0.23999999999999999
0 -0.0092390170762696854 0.23999999999999999
0.040000000000000001 -0.018052309293997978 0.23999999999999999
0 0.029227377145237068 0.23999999999999999
0.040000000000000001 0.01893263841800907 0.23999999999999999
0.080000000000000002 -0.022546688132410404 0.23999999999999999
0.12 -0.024423843574235705 0.23999999999999999
0.080000000000000002 0.01358626078330435 0.23999999999999999
0.12 0.010954376915606866 0.23999999999999999
0 -0.078292000883429094 0.28000000000000003
0.040000000000000001 -0.080360562788374973 0.28000000000000003
0 -0.044416776790994449 0.28000000000000003
0.040000000000000001 -0.049952206810981073 0.28000000000000003
0.080000000000000002 -0.082442171222589303 0.28000000000000003
0.12 -0.084214462662684508 0.28000000000000003
0.080000000000000002 -0.05308304413412477 0.28000000000000003
0.12 -0.055062718272013138 0.28000000000000003
0 -0.0081243625900987854 0.28000000000000003
0.040000000000000001 -0.016952653534417057 0.28000000000000003
0.040000000000000001 0.019595964265791573 0.28000000000000003
0.080000000000000002 -0.02130964576316207 0.28000000000000003
0.12 -0.023653896308339511 0.28000000000000003
0.080000000000000002 0.014060509691152313 0.28000000000000003
0.12 0.011256696634324454 0.28000000000000003
0 -0.13994196040535931 0.32000000000000001
0.040000000000000001 -0.13382117030489302 0.32000000000000001
0 -0.10733197169747022 0.32000000000000001
0.040000000000000001 -0.10460698771369922 0.32000000000000001
0.080000000000000002 -0.13421708177389355 0.32000000000000001
0.12 -0.13948744996389914 0.32000000000000001
0.080000000000000002 -0.1055764603601346 0.32000000000000001
0.12 -0.10967067033474265 0.32000000000000001
0 -0.13659671229680906 0.35999999999999999
0.040000000000000001 -0.1300973424295267 0.35999999999999999
0 -0.10543216546331813 0.35999999999999999
0.040000000000000001 -0.10227251992518178 0.35999999999999999
0.080000000000000002 -0.13167569220972924 0.35999999999999999
0.12 -0.13968976940902283 0.35999999999999999
0.080000000000000002 -0.10399928735857072 0.35999999999999999
0.12 -0.10987945945277906 0.35999999999999999
0 -0.076626105438125008 0.32000000000000001
0.040000000000000001 -0.076713106021012029 0.32000000000000001
0 -0.044995765777664641 0.32000000000000001
0.040000000000000001 -0.048202639463748413 0.32000000000000001
0.080000000000000002 -0.078373333101060497 0.32000000000000001
0.12 -0.081707793066844142 0.32000000000000001
0.080000000000000002 -0.050778031597920235 0.32000000000000001
0.12 -0.053619539843620237 0.32000000000000001
0 -0.0098084176032997659 0.32000000000000001
0.040000000000000001 -0.016517057389196513 0.32000000000000001
0 0.029343778955649134 0.32000000000000001
0.040000000000000001 0.019520920011691197 0.32000000000000001
0.080000000000000002 -0.020294825901569804 0.32000000000000001
0.12 -0.022973394035628553 0.32000000000000001
0.080000000000000002 0.014453633411910513 0.32000000000000001
0.12 0.011607046439922187 0.32000000000000001
0 -0.076315273373425044 0.35999999999999999
0.040000000000000001 -0.075577008763510353 0.35999999999999999
0 -0.046048788248597421 0.35999999999999999
0.040000000000000001 -0.047995417672657303 0.35999999999999999
0.080000000000000002 -0.077613364550625868 0.35999999999999999
0.12 -0.082064955349013896 0.35999999999999999
0.080000000000000002 -0.050583098191957089 0.35999999999999999
0.12 -0.053995796095886422 0.35999999999999999
0 -0.011436449200029706 0.35999999999999999
0.040000000000000001 -0.016757784062233959 0.35999999999999999
0 0.02767086212511408 0.35999999999999999
0.040000000000000001 0.019291388529705692 0.35999999999999999
0.080000000000000002 -0.02025067448730547 0.35999999999999999
0.12 -0.023086831787223174 0.35999999999999999
0.080000000000000002 0.014765669173497651 0.35999999999999999
0.12 0.011945427760845357 0.35999999999999999
0.16 -0.14372011055038458 0.23999999999999999
0.20000000000000001 -0.14101811469744216 0.23999999999999999
0.23999999999999999 -0.14150796744889707 0.23999999999999999
0.16 -0.11303395059134401 0.23999999999999999
0.20000000000000001 -0.11127436335868486 0.23999999999999999
0.23999999999999999 -0.111725898476616 0.23999999999999999
0.28000000000000003 -0.14392765510540817 0.23999999999999999
0.32000000000000001 -0.14253260358280684 0.23999999999999999
0.28000000000000003 -0.11347347479023762 0.23999999999999999
0.32000000000000001 -0.11303742383945867 0.23999999999999999
0.16 -0.14405063089399706 0.28000000000000003
0.20000000000000001 -0.14348420926649702 0.28000000000000003
0.23999999999999999 -0.1431400187787242 0.28000000000000003
0.16 -0.11314662474853399 0.28000000000000003
0.20000000000000001 -0.11291859604746744 0.28000000000000003
0.23999999999999999 -0.11278770488783942 0.28000000000000003
0.28000000000000003 -0.14524622743047416 0.28000000000000003
0.32000000000000001 -0.14742027050485282 0.28000000000000003
0.28000000000000003 -0.11432579738651495 0.28000000000000003
0.32000000000000001 -0.11609907123473368 0.28000000000000003
0.16 -0.08433628650132928 0.23999999999999999
0.20000000000000001 -0.083324021696529485 0.23999999999999999
0.23999999999999999 -0.083743538648682961 0.23999999999999999
0.16 -0.055660038443977537 0.23999999999999999
0.20000000000000001 -0.055312540338584883 0.23999999999999999
0.23999999999999999 -0.055708322853932665 0.23999999999999999
0.28000000000000003 -0.085067306442566798 0.23999999999999999
0.32000000000000001 -0.085264573576386338 0.23999999999999999
0.28000000000000003 -0.056674338138191262 0.23999999999999999
0.32000000000000001 -0.05724875730844204 0.23999999999999999
0.16 -0.024713318609924526 0.23999999999999999
0.20000000000000001 -0.024903321325161019 0.23999999999999999
0.23999999999999999 -0.025305420500228784 0.23999999999999999
0.16 0.0098100484007425347 0.23999999999999999
0.20000000000000001 0.0092377070086286043 0.23999999999999999
0.23999999999999999 0.0088558702849005615 0.23999999999999999
0.28000000000000003 -0.025933032521891809 0.23999999999999999
0.32000000000000001 -0.026544918070403278 0.23999999999999999
0.28000000000000003 0.0085053102877923406 0.23999999999999999
0.32000000000000001 0.0081370681612974102 0.23999999999999999
0.16 -0.084375950385179782 0.28000000000000003
0.20000000000000001 -0.084412930367229327 0.28000000000000003
0.23999999999999999 -0.084447295145699916 0.28000000000000003
0.16 -0.055665111843338402 0.28000000000000003
0.20000000000000001 -0.055947193794552208 0.28000000000000003
0.23999999999999999 -0.056111145187475155 0.28000000000000003
0.28000000000000003 -0.085629126157994534 0.28000000000000003
0.32000000000000001 -0.087216675410398806 0.28000000000000003
0.28000000000000003 -0.056983643695144075 0.28000000000000003
0.32000000000000001 -0.058312032116720799 0.28000000000000003
0.16 -0.024688403219070662 0.28000000000000003
0.20000000000000001 -0.025192993859473219 0.28000000000000003
0.23999999999999999 -0.025450877539262454 0.28000000000000003
0.16 0.0098772192095870782 0.28000000000000003
0.20000000000000001 0.0092037085644078725 0.28000000000000003
0.23999999999999999 0.0088738428870234354 0.28000000000000003
0.28000000000000003 -0.02602237072590529 0.28000000000000003
0.32000000000000001 -0.026907582347129491 0.28000000000000003
0.28000000000000003 0.0085638100675815461 0.28000000000000003
0.32000000000000001 0.0081653608673434505 0.28000000000000003
0.16 -0.14604362422656017 0.32000000000000001
0.20000000000000001 -0.14910379632602364 0.32000000000000001
0.23999999999999999 -0.14690934999410127 0.32000000000000001
0.16 -0.1144192073265879 0.32000000000000001
0.20000000000000001 -0.11669198501680333 0.32000000000000001
0.23999999999999999 -0.11541238207628397 0.32000000000000001
0.28000000000000003 -0.14649275116181495 0.32000000000000001
0.32000000000000001 -0.14859481741116393 0.32000000000000001
0.28000000000000003 -0.11524793943511155 0.32000000000000001
0.32000000000000001 -0.1169074573173491 0.32000000000000001
0.20000000000000001 -0.15307137820252728 0.35999999999999999
0.16 -0.14917438347072728 0.35999999999999999
0.23999999999999999 -0.14745790924348412 0.35999999999999999
0.16 -0.11665286955737587 0.35999999999999999
0.20000000000000001 -0.11953595238976615 0.35999999999999999
0.23999999999999999 -0.11609973029452088 0.35999999999999999
0.28000000000000003 -0.14293990667849188 0.35999999999999999
0.32000000000000001 -0.14225110640296579 0.35999999999999999
0.28000000000000003 -0.11328981858139872 0.35999999999999999
0.32000000000000001 -0.11325175467144706 0.35999999999999999
0.16 -0.085224772698117318 0.32000000000000001
0.20000000000000001 -0.086946187835355071 0.32000000000000001
0.23999999999999999 -0.086241983136603043 0.32000000000000001
0.16 -0.056153442913288561 0.32000000000000001
0.20000000000000001 -0.057421341514052308 0.32000000000000001
0.23999999999999999 -0.057164434784449332 0.32000000000000001
0.28000000000000003 -0.086285628624263713 0.32000000000000001
0.32000000000000001 -0.087769830038275806 0.32000000000000001
0.28000000000000003 -0.057354346306590115 0.32000000000000001
0.32000000000000001 -0.058590048287057758 0.32000000000000001
0.16 -0.024828137673610518 0.32000000000000001
0.20000000000000001 -0.025772334888920112 0.32000000000000001
0.23999999999999999 -0.025837974481551455 0.32000000000000001
0.16 0.010007478141857488 0.32000000000000001
0.20000000000000001 0.0092262993145533819 0.32000000000000001
0.23999999999999999 0.008981903185462152 0.32000000000000001
0.28000000000000003 -0.026059199445709995 0.32000000000000001
0.32000000000000001 -0.026850308299585814 0.32000000000000001
0.28000000000000003 0.0088253990686796464 0.32000000000000001
0.32000000000000001 0.0085093489564790868 0.32000000000000001
0.16 -0.08692711135133277 0.35999999999999999
0.20000000000000001 -0.089011705924638029 0.35999999999999999
0.23999999999999999 -0.086894559706029231 0.35999999999999999
0.16 -0.057302358933815779 0.35999999999999999
0.20000000000000001 -0.058680229032861971 0.35999999999999999
0.23999999999999999 -0.057579950852263362 0.35999999999999999
0.28000000000000003 -0.085258482233870614 0.35999999999999999
0.32000000000000001 -0.085709089756276127 0.35999999999999999
0.28000000000000003 -0.056832884150543758 0.35999999999999999
0.32000000000000001 -0.057437656466049071 0.35999999999999999
0.16 -0.025300312733138628 0.35999999999999999
0.20000000000000001 -0.026145651142439063 0.35999999999999999
0.23999999999999999 -0.025747439898237863 0.35999999999999999
0.16 0.010160909076512275 0.35999999999999999
0.20000000000000001 0.009546833019102037 0.35999999999999999
0.23999999999999999 0.0096020095623847723 0.35999999999999999
0.28000000000000003 -0.025538329734543543 0.35999999999999999
0.32000000000000001 -0.025891953329143506 0.35999999999999999
0.28000000000000003 0.0096669932368726574 0.35999999999999999
0.32000000000000001 0.0096863057022915072 0.35999999999999999
0.040000000000000001 0.057829628044487706 0.23999999999999999
0 0.068880299332084227 0.23999999999999999
0.080000000000000002 0.051966955651294708 0.23999999999999999
0.12 0.048941514946413037 0.23999999999999999
0.12 0.088199694781358209 0.23999999999999999
0 0.10909826128703778 0.23999999999999999
0.040000000000000001 0.097514822444192711 0.23999999999999999
0 0.14912863350724645 0.23999999999999999
0.040000000000000001 0.13730816503848203 0.23999999999999999
0.080000000000000002 0.091385955576679417 0.23999999999999999
0.080000000000000002 0.13110364691395635 0.23999999999999999
0.12 0.12789964557215555 0.23999999999999999
0 0.031010539997328137 0.28000000000000003
0.040000000000000001 0.058577306308520087 0.28000000000000003
0 0.07147818881624006 0.28000000000000003
0.080000000000000002 0.052265723823093052 0.28000000000000003
0.12 0.049113070907656584 0.28000000000000003
0.12 0.088353177719374343 0.28000000000000003
0 0.1117558601889027 0.28000000000000003
0.040000000000000001 0.098285572610297495 0.28000000000000003
0 0.15106636762073808 0.28000000000000003
0.040000000000000001 0.13789467908440703 0.28000000000000003
0.080000000000000002 0.091656521979892727 0.28000000000000003
0.080000000000000002 0.13131460251172689 0.28000000000000003
0.12 0.12803700376144792 0.28000000000000003
0.040000000000000001 0.17683331658324963 0.23999999999999999
0 0.18813073273467987 0.23999999999999999
0.080000000000000002 0.17082619666442553 0.23999999999999999
0.12 0.16772051331775428 0.23999999999999999
0.080000000000000002 0.21051620758011202 0.23999999999999999
0.12 0.20757762075427885 0.23999999999999999
0 0.22628506187951797 0.23999999999999999
0.040000000000000001 0.21609859674730098 0.23999999999999999
0 0.26448541803385212 0.23999999999999999
0.040000000000000001 0.25542103761131574 0.23999999999999999
0.080000000000000002 0.25026336740363647 0.23999999999999999
0.12 0.24747728730154298 0.23999999999999999
0.040000000000000001 0.17717460340640076 0.28000000000000003
0 0.18924612366393198 0.28000000000000003
0.080000000000000002 0.1709631254871776 0.28000000000000003
0.12 0.16783832981790717 0.28000000000000003
0.080000000000000002 0.21062808011642065 0.28000000000000003
0.12 0.20769309317894624 0.28000000000000003
0 0.22728742136036256 0.28000000000000003
0.040000000000000001 0.21636415091109226 0.28000000000000003
0 0.26623727049318013 0.28000000000000003
0.040000000000000001 0.25584771988304794 0.28000000000000003
0.080000000000000002 0.25042077909495192 0.28000000000000003
0.12 0.24761476618094336 0.28000000000000003
0.040000000000000001 0.058517284258077291 0.32000000000000001
0 0.070338393389612494 0.32000000000000001
0.080000000000000002 0.052561248865474849 0.32000000000000001
0.12 0.049443666437562185 0.32000000000000001
0.12 0.088721438958789714 0.32000000000000001
0 0.11093291778172873 0.32000000000000001
0.040000000000000001 0.098294751837504746 0.32000000000000001
0 0.14993818640272413 0.32000000000000001
0.040000000000000001 0.13780208868848917 0.32000000000000001
0.080000000000000002 0.091959666254183572 0.32000000000000001
0.080000000000000002 0.13158222697049299 0.32000000000000001
0.12 0.12841371802680832 0.32000000000000001
0.040000000000000001 0.058402332444932793 0.35999999999999999
0 0.068728758439738372 0.35999999999999999
0.080000000000000002 0.053144289864884189 0.35999999999999999
0.12 0.050128300015093864 0.35999999999999999
0.12 0.089620767024671699 0.35999999999999999
0 0.10951541761294738 0.35999999999999999
0.040000000000000001 0.098274612579833012 0.35999999999999999
0 0.14847054079719907 0.35999999999999999
0.040000000000000001 0.13776121305131739 0.35999999999999999
0.080000000000000002 0.092674231369564722 0.35999999999999999
0.080000000000000002 0.13226115944242514 0.35999999999999999
0.12 0.12936356341346988 0.35999999999999999
0.040000000000000001 0.17695284218071008 0.32000000000000001
0 0.18776298041757389 0.32000000000000001
0.080000000000000002 0.17117989011785817 0.32000000000000001
0.12 0.16820406194099652 0.32000000000000001
0.080000000000000002 0.2108470336105327 0.32000000000000001
0.12 0.20806386543528102 0.32000000000000001
0 0.22607649068698055 0.32000000000000001
0.040000000000000001 0.21619999474220197 0.32000000000000001
0 0.2658371122277105 0.32000000000000001
0.040000000000000001 0.25591672653788078 0.32000000000000001
0.080000000000000002 0.25071352797913993 0.32000000000000001
0.12 0.24802289958202292 0.32000000000000001
0.040000000000000001 0.17682223759840399 0.35999999999999999
0 0.18631031823666272 0.35999999999999999
0.080000000000000002 0.1717181399434026 0.35999999999999999
0.12 0.16909251655951155 0.35999999999999999
0.080000000000000002 0.21131372522370384 0.35999999999999999
0.12 0.20890899791802822 0.35999999999999999
0 0.22464229618726417 0.35999999999999999
0.040000000000000001 0.21605121246909656 0.35999999999999999
0 0.26412566365243945 0.35999999999999999
0.040000000000000001 0.25582116898122353 0.35999999999999999
0.080000000000000002 0.25127216069311858 0.35999999999999999
0.12 0.24890382448655637 0.35999999999999999
0.16 0.04744240325208246 0.23999999999999999
0.20000000000000001 0.046706347398147455 0.23999999999999999
0.23999999999999999 0.04633033370076204 0.23999999999999999
0.16 0.086598413633836024 0.23999999999999999
0.20000000000000001 0.08581528066657379 0.23999999999999999
0.23999999999999999 0.085438380373890829 0.23999999999999999
0.28000000000000003 0.046116070483859559 0.23999999999999999
0.32000000000000001 0.045942587515349083 0.23999999999999999
0.28000000000000003 0.085260747731165945 0.23999999999999999
0.32000000000000001 0.085156595520981648 0.23999999999999999
0.16 0.12629236015565315 0.23999999999999999
0.20000000000000001 0.12550763906450307 0.23999999999999999
0.23999999999999999 0.12513364741807873 0.23999999999999999
0.28000000000000003 0.12496349067420573 0.23999999999999999
0.32000000000000001 0.12487816817077418 0.23999999999999999
0.16 0.047536939665769454 0.28000000000000003
0.20000000000000001 0.046772964305049604 0.28000000000000003
0.23999999999999999 0.046414028134168034 0.28000000000000003
0.16 0.086708697806131704 0.28000000000000003
0.20000000000000001 0.085911401836770512 0.28000000000000003
0.23999999999999999 0.085541363037767396 0.28000000000000003
0.28000000000000003 0.046228184204260198 0.28000000000000003
0.32000000000000001 0.046071389260873834 0.28000000000000003
0.28000000000000003 0.085380007444838049 0.28000000000000003
0.32000000000000001 0.085287265059379752 0.28000000000000003
0.16 0.12641132408469063 0.28000000000000003
0.20000000000000001 0.12562074369270096 0.28000000000000003
0.23999999999999999 0.12524865118740811 0.28000000000000003
0.28000000000000003 0.12508460078393482 0.28000000000000003
0.32000000000000001 0.12500321309114709 0.28000000000000003
0.16 0.16616059255430177 0.23999999999999999
0.20000000000000001 0.16539811929950127 0.23999999999999999
0.23999999999999999 0.16503398943636347 0.23999999999999999
0.16 0.20608857119546675 0.23999999999999999
0.20000000000000001 0.20535730647979486 0.23999999999999999
0.23999999999999999 0.20500691145231045 0.23999999999999999
0.28000000000000003 0.16486812062853648 0.23999999999999999
0.32000000000000001 0.16478869278171665 0.23999999999999999
0.28000000000000003 0.2048467021691304 0.23999999999999999
0.32000000000000001 0.20477066384444012 0.23999999999999999
0.16 0.24604772519213902 0.23999999999999999
0.20000000000000001 0.24534207474941425 0.23999999999999999
0.23999999999999999 0.24500353035507119 0.23999999999999999
0.28000000000000003 0.24484876855291879 0.23999999999999999
0.32000000000000001 0.24477554285820979 0.23999999999999999
0.16 0.16628572144341164 0.28000000000000003
0.20000000000000001 0.16552881173106201 0.28000000000000003
0.23999999999999999 0.16516699099849264 0.28000000000000003
0.16 0.20622494392222285 0.28000000000000003
0.20000000000000001 0.20550887825524589 0.28000000000000003
0.23999999999999999 0.20516452979760719 0.28000000000000003
0.28000000000000003 0.16500212918279522 0.28000000000000003
0.32000000000000001 0.16492271764496361 0.28000000000000003
0.28000000000000003 0.20500499166615546 0.28000000000000003
0.32000000000000001 0.20492846098326642 0.28000000000000003
0.16 0.24620213519329928 0.28000000000000003
0.20000000000000001 0.24551470022053412 0.28000000000000003
0.23999999999999999 0.24518517718507615 0.28000000000000003
0.28000000000000003 0.24503265830973739 0.28000000000000003
0.32000000000000001 0.24496014118664156 0.28000000000000003
0.16 0.047825081277928012 0.32000000000000001
0.20000000000000001 0.047050560817000674 0.32000000000000001
0.23999999999999999 0.046742517869021505 0.32000000000000001
0.16 0.087073337363570022 0.32000000000000001
0.20000000000000001 0.086272798163949657 0.32000000000000001
0.23999999999999999 0.085928922995141599 0.32000000000000001
0.28000000000000003 0.04663476777661419 0.32000000000000001
0.32000000000000001 0.04652907075009112 0.32000000000000001
0.28000000000000003 0.085808731272609795 0.32000000000000001
0.32000000000000001 0.085740883825725075 0.32000000000000001
0.16 0.12681672198637664 0.32000000000000001
0.20000000000000001 0.12602740251171335 0.32000000000000001
0.23999999999999999 0.12566118860063927 0.32000000000000001
0.28000000000000003 0.12550847020131295 0.32000000000000001
0.32000000000000001 0.12542935896006119 0.32000000000000001
0.16 0.048351171671423034 0.35999999999999999
0.20000000000000001 0.047666249523010684 0.35999999999999999
0.23999999999999999 0.047575371301865295 0.35999999999999999
0.16 0.0878683830031987 0.35999999999999999
0.20000000000000001 0.087041932892505169 0.35999999999999999
0.23999999999999999 0.086820121816180734 0.35999999999999999
0.28000000000000003 0.047674166693092414 0.35999999999999999
0.32000000000000001 0.047852758255249733 0.35999999999999999
0.28000000000000003 0.086877564243610553 0.35999999999999999
0.32000000000000001 0.086961018939804999 0.35999999999999999
0.16 0.12778454873452455 0.35999999999999999
0.20000000000000001 0.1269184944837671 0.35999999999999999
0.23999999999999999 0.12658254856628817 0.35999999999999999
0.28000000000000003 0.12652275882730069 0.35999999999999999
0.32000000000000001 0.12643783386515159 0.35999999999999999
0.20000000000000001 0.16597749255895222 0.32000000000000001
0.16 0.16671558950033502 0.32000000000000001
0.23999999999999999 0.16561527556225022 0.32000000000000001
0.16 0.20667974023249136 0.32000000000000001
0.20000000000000001 0.20600347860782844 0.32000000000000001
0.23999999999999999 0.20566490090698145 0.32000000000000001
0.28000000000000003 0.16544348791154626 0.32000000000000001
0.32000000000000001 0.16535379200190992 0.32000000000000001
0.28000000000000003 0.20549387621643109 0.32000000000000001
0.32000000000000001 0.20540490244598814 0.32000000000000001
0.16 0.2466892991398309 0.32000000000000001
0.20000000000000001 0.24605179993320725 0.32000000000000001
0.23999999999999999 0.24573597973180925 0.32000000000000001
0.28000000000000003 0.24557501618752048 0.32000000000000001
0.32000000000000001 0.24549360509666696 0.32000000000000001
0.16 0.16776922809381567 0.35999999999999999
0.20000000000000001 0.16699219939526908 0.35999999999999999
0.23999999999999999 0.16659684225441304 0.35999999999999999
0.16 0.20779230559412212 0.35999999999999999
0.20000000000000001 0.20719109437072605 0.35999999999999999
0.23999999999999999 0.20682171936760427 0.35999999999999999
0.28000000000000003 0.16643424044264823 0.35999999999999999
0.32000000000000001 0.16628194637208607 0.35999999999999999
0.28000000000000003 0.20659030219885782 0.35999999999999999
0.32000000000000001 0.20644416909883806 0.35999999999999999
0.16 0.24781856577160016 0.35999999999999999
0.20000000000000001 0.24737028584648488 0.35999999999999999
0.23999999999999999 0.247049116954702 0.35999999999999999
0.28000000000000003 0.24680336774807782 0.35999999999999999
0.32000000000000001 0.24670914080258399 0.35999999999999999
0 0.30357676988520671 0.23999999999999999
0.040000000000000001 0.2949940916770698 0.23999999999999999
0.080000000000000002 0.2900801752455115 0.23999999999999999
0.12 0.28737919448541233 0.23999999999999999
0.040000000000000001 0.29565969300261646 0.28000000000000003
0 0.30653301876610739 0.28000000000000003
0.080000000000000002 0.29030541868147869 0.28000000000000003
0.12 0.28754296279503999 0.28000000000000003
0.040000000000000001 0.29595504546498647 0.32000000000000001
0 0.30713993834769199 0.32000000000000001
0.080000000000000002 0.29067925580599485 0.32000000000000001
0.12 0.28799202994470841 0.32000000000000001
0.040000000000000001 0.29589422627568318 0.35999999999999999
0 0.30466051718435339 0.35999999999999999
0.080000000000000002 0.29144719181192913 0.35999999999999999
0.12 0.28904151839466408 0.35999999999999999
0.16 0.28599157616221832 0.23999999999999999
0.20000000000000001 0.28530897859546467 0.23999999999999999
0.23999999999999999 0.28498317039497956 0.23999999999999999
0.28000000000000003 0.28483533971072039 0.23999999999999999
0.32000000000000001 0.28476331042652198 0.23999999999999999
0.16 0.28616167460152198 0.28000000000000003
0.20000000000000001 0.28549573017692881 0.28000000000000003
0.23999999999999999 0.285179575949143 0.28000000000000003
0.28000000000000003 0.28503508751833534 0.28000000000000003
0.32000000000000001 0.28496449110145744 0.28000000000000003
0.16 0.28667533130106754 0.32000000000000001
0.20000000000000001 0.28605850527708132 0.32000000000000001
0.23999999999999999 0.28575888995567522 0.32000000000000001
0.28000000000000003 0.28560908968378368 0.32000000000000001
0.32000000000000001 0.2855325972278791 0.32000000000000001
0.16 0.28788181768528526 0.35999999999999999
0.20000000000000001 0.28750965031304782 0.35999999999999999
0.23999999999999999 0.28718419527823669 0.35999999999999999
0.28000000000000003 0.28694486208955094 0.35999999999999999
0.32000000000000001 0.28695203605338493 0.35999999999999999
0.49182003562028842 0.64000000000000001 0.26089300545165328
0.33623810195298665 0.24900907834014985 -0.040000000000000001
-0.040000000000000001 0.54469218529285723 0.39677275683397684
-0.040000000000000001 0.011266098865829721 0.059721588993325692
0.26836876479533756 0.46138189989946349 -0.040000000000000001
1.04 0.15964818328895758 0.098775521922058879
0.77733967547228722 0.012928496770414032 0.44
0.89231729063953225 0.12479180722875327 -0.040000000000000001
0.76744305157094461 0.32469916807353355 0.44
1.04 0.1796319929177298 0.037505748879774897
0.68041443125244339 0.55433064847955771 -0.040000000000000001
-0.040000000000000001 0.23708403913395057 0.18027251580145565
0.76609811173663478 0.64000000000000001 0.17684459894829774
-0.040000000000000001 0.16734210876871605 0.20594227560888814
0.73768282393674589 0.35540370435659319 -0.040000000000000001
-0.040000000000000001 0.57180279007200541 0.37050957607402341
0.90869847292548556 0.64000000000000001 0.22909258246460662
0.4870476851626736 0.095815311232761435 0.44
0.16415331398500632 0.59963202185232023 0.44
0.85440265993231856 -0.040000000000000001 0.30589537531894434
-0.040000000000000001 0.083863526659370885 0.30584805222920686
0.26157627010815865 -0.040000000000000001 0.26878366130296916
0.13964579358228291 0.64000000000000001 0.15523221170222043
0.40014276762529266 0.64000000000000001 0.39393312161224908
0.80225942905706216 0.42377929972512374 0.44
0.40136983048526376 0.30607125286378878 0.44
1.04 0.2806035906151762 0.21304980083628938
1.04 0.44723639432813111 0.18161769117967827
0.63314356453420007 0.64000000000000001 0.3971892745740957
0.23718901871649911 0.64000000000000001 0.3844117242166798
0.15477817030461738 0.64000000000000001 0.32668455585292216
0.52641233391779163 0.47463169038612563 0.44
-0.040000000000000001 0.36162093085463065 0.19566364137817227
0.65180402308376761 0.57987882663049994 -0.040000000000000001
0.11102368562823584 0.086747391026711557 0.44
0.47214155504293553 -0.040000000000000001 0.300636341239575
0.93444693957693648 0.64000000000000001 0.25548728766472911
1.04 0.2490094749335241 0.17743750015093929
0.40582154417959104 0.58467016299680752 0.44
0.89782697398309774 0.31828275771697295 0.44
0.13995947244457119 0.25564852139806943 0.44
0.88974734886365936 0.089298785693284768 0.44
0.17336420624808002 0.3501644395231801 0.44
0.24483161818746979 0.28408961186884812 0.44
0.74705728299757446 0.64000000000000001 0.25105926097417247
0.78698984553095686 0.07647573082371284 -0.040000000000000001
0.11769803576672733 0.64000000000000001 0.31089064161943158
0.68955863654431127 -0.040000000000000001 0.036601889360335309
0.58218406004717183 0.64000000000000001 0.22069257157759417
0.40629524354800817 0.40384305635618445 -0.040000000000000001
0.20336733554690989 0.20244220894081155 -0.040000000000000001
0.96606544647619508 0.64000000000000001 0.098121446971290063
0.070203222797038611 -0.040000000000000001 0.32631906755679274
0.10306035801007285 0.20069997714233903 0.44
-0.040000000000000001 0.48701087627184869 0.045627408843417164
0.94821011546012735 -0.040000000000000001 0.036674322978906049
0.95605456970980252 0.25387767178483561 -0.040000000000000001
0.2240616510663993 0.058472038623147427 -0.040000000000000001
0.93662237221951095 -0.040000000000000001 0.019197041772056524
0.35704315537784104 0.22098201308559556 -0.040000000000000001
0.28902673185210592 -0.040000000000000001 0.1079311906598389
0.65127101860988934 0.014818330119134981 0.44
0.0086362091653011674 0.19061237541134807 0.44
0.46768957770900832 0.64000000000000001 0.25521933621016168
0.52414344382388478 0.26782867049217174 -0.040000000000000001
1.04 0.096015150442311348 0.020433947193319257
0.084123464301966044 0.41410896774744588 0.44
0.0080746747485728187 -0.040000000000000001 0.2684188296569695
0.084544539903326332 0.64000000000000001 0.061811198909380416
1.04 0.0093822913620263959 0.33119871870872142
0.44913365997283206 -0.040000000000000001 0.22391318372264191
0.89045733903039992 -0.040000000000000001 0.089560833578798016
0.51045482975792744 -0.040000000000000001 0.33203759789437226
0.3866112575798637 0.14275740009534649 0.44
1.04 0.23880093673717817 0.24747684469513517
1.04 0.32551518667041329 0.0036608321210467756
0.26972137370945304 -0.040000000000000001 0.39811190143518971
0.885679012265012 0.34707629009866586 -0.040000000000000001
0.30874768029575728 -0.040000000000000001 0.36343018713353559
0.94970648236296173 0.30558255940359225 0.44
0.85861455571838663 0.28118151832474819 -0.040000000000000001
0.66071726097588335 0.44072210419465513 -0.040000000000000001
0.43031875012027543 0.51053224976255784 -0.040000000000000001
1.04 0.14156318414173574 0.26386918298511092
0.054867959518374754 -0.040000000000000001 0.36569756301747586
0.66568445101720641 0.49295629140012198 -0.040000000000000001
1.04 0.043933983782602826 0.32074418727982779
-0.040000000000000001 0.40164727356127711 0.33799147807726904
0.88423121032387086 0.64000000000000001 0.11776122401188856
1.04 0.38842451421047008 0.35613515889649827
1.04 0.16705653782233909 0.32646458830495029
-0.040000000000000001 0.39735053644593643 0.12677716736707062
1.04 0.53313853992357141 0.36630239213744986
0.68443898148035087 0.64000000000000001 0.22961558556033906
0.7915053732621572 0.15552635721544272 -0.040000000000000001
0.37922993004323924 -0.040000000000000001 0.3712844703709321
0.62081772252775136 0.21972920950282654 -0.040000000000000001
0.72124517325870974 0.20666416998497411 -0.040000000000000001
1.04 0.20851716211294336 0.18112209804912496
0.24818818589472003 0.27394712372588303 -0.040000000000000001
0.63713185292088093 0.24984907772073275 0.44
0.93947454673148056 -0.040000000000000001 0.25886637457073636
1.04 0.32195725477002135 0.16405958484738159
-0.040000000000000001 0.35882312392285043 0.27447968673210388
0.83387719924716719 0.10113002866797771 -0.040000000000000001
0.52189473860772762 0.19688765508724779 0.44
-0.040000000000000001 0.016474249938040409 0.34124938254991477
-0.040000000000000001 0.0029560129853462456 0.095298838357622484
0.94798645130982628 0.37608706921082236 -0.040000000000000001
0.42178387835039755 0.041732528151633107 0.44
1.04 0.28160321159930796 0.044456257443146942
0.10316106678191272 -0.040000000000000001 0.15872672259448384
0.57550423048734289 0.64000000000000001 0.09970923502657808
0.18356449070428205 -0.040000000000000001 0.025610712267498937
0.27934758129249138 0.57610250186086609 0.44
0.27672830139940796 -0.040000000000000001 0.33654477664843535
1.04 0.45705250873951248 0.35175862528565038
0.2280902522021464 0.13139605116603417 0.44
0.17456506810729044 0.15268784287509396 -0.040000000000000001
0.062467078863142178 0.22741155998385798 -0.040000000000000001
0.44675946305200587 0.64000000000000001 0.007346284210543264
0.41528900269412639 0.29956240221960562 -0.040000000000000001
0.33088568789377593 -0.040000000000000001 0.032827986940646883
0.0041198281943078952 0.15849544592684672 -0.040000000000000001
0.73717429602807272 0.2211342996903142 0.44
0.97762860127456674 0.57062577727655173 0.44
0.98213364759236532 0.22382137680168757 -0.040000000000000001
0.6874409140702451 0.22920155605308279 0.44
0.080341994872850098 0.081880928946512332 -0.040000000000000001
0.57185923249731729 0.38951734706807317 0.44
0.11074127892211449 0.5863017378488794 -0.040000000000000001
0.49207843198311574 0.64000000000000001 0.38779616100393566
1.04 0.35650771787737967 0.2033696844380693
0.14369255166394368 0.2796881361133704 0.44
0.81569889711152821 0.21136653404536454 0.44
0.67148749287407383 0.027131355652549493 0.44
0.23873197225126963 0.64000000000000001 0.025130475618754523
-0.040000000000000001 0.51137872360649961 0.26029894160410633
0.37391837824376251 0.22860377426770917 0.44
1.04 0.45211965641761387 0.034929743702666993
-0.040000000000000001 0.056771904441353625 0.12617255141062433
0.68632145656949828 0.64000000000000001 0.20328532775737573
0.17874257240087899 0.21530812467427068 0.44
0.83773380003524778 0.64000000000000001 0.018398916874403693
-0.040000000000000001 0.26099572721159525 0.33311013162349723
0.3249856908149964 0.39325927648427284 0.44
0.13683620594658719 -0.040000000000000001 0.15691740588553116
0.043223172871226123 0.64000000000000001 0.32313253106214873
0.25655143855833396 0.024098022309083755 -0.040000000000000001
0.54249558658455421 0.4182762626592631 -0.040000000000000001
1.04 0.31250989011565089 0.11734649753301905
0.42422173081607384 -0.040000000000000001 0.078672168397860273
0.72269382319744069 0.64000000000000001 0.26551758028105593
0.47485019025949926 -0.040000000000000001 0.15798947648846773
0.83373096006407754 -0.040000000000000001 0.1749301420872692
0.44933068463670423 -0.040000000000000001 0.29091398106945376
1.04 0.34007101077109864 0.34692034719873371
0.5496507390804779 0.59497860203921737 -0.040000000000000001
0.098818123610171171 0.57023726806736308 0.44
0.56992039088243385 0.03916613620771614 -0.040000000000000001
0.55283998731729134 0.64000000000000001 0.062900586094738739
0.99523955710085243 0.64000000000000001 0.19919478420427039
0.30249978369252195 0.34215294535738883 0.44
1.04 0.4153788860790783 0.21106629729634388
0.26429476517189865 0.17714475297749577 0.44
0.19923613832933318 0.1335648646440325 -0.040000000000000001
0.60236290380447977 0.64000000000000001 0.10821339635893774
0.9032266093881085 0.44485334822613337 -0.040000000000000001
0.1803932451158643 0.64000000000000001 0.29820770948436159
1.04 0.50360999379457161 0.088490287716220029
1.04 0.34301845625378541 0.068640872448007387
0.7535901442281856 0.58457671117080356 -0.040000000000000001
0.94484419278147525 0.64000000000000001 0.3539547783724169
0.15790537898344004 0.17143393361127707 -0.040000000000000001
-0.040000000000000001 0.27872593604116574 0.17343557729333978
0.21764153820011978 0.64000000000000001 0.1140455538457289
0.99174489294793455 0.066316079644002546 -0.040000000000000001
-0.040000000000000001 0.59240643931965364 0.39132701051043295
0.29620757236084005 0.45424367183502956 0.44
1.04 0.098985216955216671 0.21818858092472324
0.94943080477311059 0.13229854217444234 0.44
0.97230937104426252 0.10594019734115734 0.44
0.12555747591095101 0.0087670113233840885 -0.040000000000000001
0.75022534117663553 0.16767633172959776 0.44
0.94242508998214092 0.2326832762413521 0.44
0.65254955220601485 -0.040000000000000001 0.12383075055686805
1.04 0.20474505198633608 0.30637907456754188
-0.040000000000000001 0.16927287231024613 0.26914567755552543
0.99133550629723055 0.33192360037824181 -0.040000000000000001
1.04 0.56378035686391637 0.12720892545231849
0.57520932688201298 0.18455199400321587 0.44
0.22769122278762266 0.53449368597875146 0.44
0.10550520156020027 0.16008853413752239 -0.040000000000000001
0.5723179079542482 0.64000000000000001 0.25780254532199276
0.21916604161578568 0.033750753033691461 -0.040000000000000001
0.84264534193271823 0.10859517300768397 0.44
0.66062453087045059 0.22034152856056183 0.44
1.04 0.53881854105802351 0.29508467718575659
0.012427496466847598 -0.040000000000000001 0.36056158636589852
0.99161348489528645 -0.040000000000000001 0.25959536891190516
0.53300512298413427 0.50590739554120712 -0.040000000000000001
-0.040000000000000001 0.23147175977645279 0.037265057044280472
0.36017375461270229 0.32809647002933545 0.44
0.24692800676744897 -0.040000000000000001 0.11799514648807637
0.95514471391726752 0.16782601821114201 -0.040000000000000001
0.50698607415975061 -0.040000000000000001 0.069256249664122693
0.53346330320741231 0.57841036972818904 0.44
0.89499034332520799 0.64000000000000001 0.1751624021018553
1.04 0.12183456619060246 0.11152513952041626
0.25072863023101055 0.52688369203481422 -0.040000000000000001
1.04 0.0042193267626321473 0.018825710471595737
0.0061600322792020323 -0.040000000000000001 0.08706914355550853
0.63005046948348153 -0.040000000000000001 0.13456454197374801
0.53118140231174504 -0.040000000000000001 0.012365681232348403
0.40313706679484285 0.64000000000000001 0.032632572897670853
0.022718933780937256 0.64000000000000001 0.024016503024949287
0.91790610546896578 -0.040000000000000001 0.11180417959988437
-0.040000000000000001 0.42151974498840955 0.031154840439613321
0.10376352974139824 0.64000000000000001 0.14656628172331021
0.34662089860548262 0.36539425258650182 0.44
0.93246826518349069 0.41325168690169356 -0.040000000000000001
0.4947289217092119 -0.040000000000000001 0.26337276772901863
0.2776297710640413 0.099685379253012171 0.44
0.80715440453067744 0.53594228316847381 -0.040000000000000001
0.049086610721814194 -0.040000000000000001 0.34578138475499276
0.91458711397023651 0.35471516262928343 0.44
0.91636336388518536 0.04045593558863092 -0.040000000000000001
0.71441297895052047 -0.040000000000000001 0.30286701441666525
1.04 0.45320156732319428 0.10082813931232598
0.72595608865342165 -0.040000000000000001 0.18603939218939322
0.69192354540403844 0.40186861961945719 -0.040000000000000001
0.64870333056262064 0.118921226644911 0.44
0.16569354012449022 0.64000000000000001 0.17035831835087409
1.04 0.35024217557695392 0.15073531225372958
0.30546678025143204 -0.040000000000000001 0.086448197125389162
0.83963765908452281 0.64000000000000001 0.28878876962838324
0.058238214787464937 0.42369888676656836 0.44
0.13901450814177729 0.13092321155570233 0.44
1.04 0.30947739952846459 0.23875862563697173
0.53535392408702442 0.57860929240298331 -0.040000000000000001
0.35009677538163819 -0.040000000000000001 0.26471121540768361
0.83825903247708089 -0.040000000000000001 0.21175095175604006
0.72025300617903043 0.64000000000000001 0.064927457459257765
0.36478742035830258 0.5022626985458668 -0.040000000000000001
0.5815286119046521 0.48035081789793826 -0.040000000000000001
0.49716008592188543 0.44846268297186387 -0.040000000000000001
0.63930080303584824 0.45010053022754459 0.44
0.38252904965642753 0.52327775366351637 -0.040000000000000001
0.094662996097748975 0.33748237828211036 -0.040000000000000001
0.18661772157622847 0.55889398271953039 0.44
0.36144009058668192 0.51377801046201654 0.44
0.033907747642783037 0.0098247019243226097 0.44
0.45908294097829871 -0.040000000000000001 0.0053870159705520677
0.43164437452278226 0.41612318202019094 0.44
0.8694373989183013 0.26093547986619903 -0.040000000000000001
0.89266437619666872 0.64000000000000001 0.020975585969072966
-0.040000000000000001 0.15847364673941916 0.051547682620400485
0.78509831000727781 0.2058963563769422 -0.040000000000000001
0.92534213601010606 0.13147601898210548 -0.040000000000000001
1.04 0.58129080382569276 0.24828825960418086
0.99857572344165368 0.64000000000000001 0.053215856059621737
0.99471105692372741 -0.040000000000000001 0.20716575038450041
1.04 0.33066792282366236 0.22481327601657594
0.71668971290675054 0.55554511113285254 -0.040000000000000001
1.04 0.010332429385969899 0.36928677313092528
0.3928898542518362 -0.040000000000000001 0.25130622953307646
0.69671266923768227 0.64000000000000001 0.07018988284081891
0.22047611616578855 0.64000000000000001 0.13807894291165845
0.69413913381076919 0.18161026936402336 -0.040000000000000001
0.43599288537647485 0.53466442653969992 -0.040000000000000001
0.70455820657957924 0.11014107143146554 0.44
0.36163715425171894 -0.040000000000000001 0.055855504339014456
0.089011669898924617 0.49057428692490757 0.44
0.51544298450947423 -0.040000000000000001 0.221788848173745
0.58378766098571433 -0.040000000000000001 0.17375115651573655
0.6009016825939314 -0.040000000000000001 0.28153591385183319
0.55762501083934357 0.0063226529703886755 0.44
0.15266385122894088 -0.040000000000000001 0.22375303766759874
1.04 0.037879678173991849 0.36554360668998281
0.96393955897844452 0.64000000000000001 0.39092932907175082
0.59726684646286632 0.063686281510401538 0.44
-0.040000000000000001 0.20177846676655908 0.32804821223768199
0.13946544077145073 0.011890863253287009 0.44
0.90234260832975344 0.64000000000000001 0.26828546212211984
0.46933997571460373 0.17506055091093997 0.44
0.95534207474619326 0.58182410550803287 -0.040000000000000001
1.04 0.42245835481753091 0.36103349937966878
0.31192436485380981 0.51070266058336489 0.44
-0.040000000000000001 0.41362972252854779 0.14239361824657168
0.04749685619740418 0.277249051299085 0.44
0.90311558382513135 0.40972990577932045 -0.040000000000000001
0.94599868730150105 -0.040000000000000001 0.15308276934710474
0.93401885284798669 0.25419184023363789 0.44
0.021366198104945777 -0.040000000000000001 0.38192877032625816
0.8321689144992791 0.062204695079538519 -0.040000000000000001
0.22554380441167265 0.25643122840967736 -0.040000000000000001
0.61133482095374558 0.64000000000000001 0.069224984376081933
0.59805054439625349 0.35141367610603086 0.44
0.89287023600370719 -0.040000000000000001 0.2203148255172053
0.96438974571359359 0.64000000000000001 0.035621314980060735
0.51712169436239586 -0.040000000000000001 0.12452297226714114
0.35711979646696967 0.64000000000000001 0.32318943320532595
-0.040000000000000001 0.35403421895728016 0.012807440896118294
0.37305363143122272 0.64000000000000001 0.17983124979636536
0.29291962819764905 0.38981343679410363 0.44
0.033196156183259107 0.58371634152848217 0.44
0.59866188242789165 0.14226532175839318 -0.040000000000000001
-0.040000000000000001 0.40363467612882103 0.29212157516024273
-0.040000000000000001 0.16866733370265763 0.076588618521331503
0.76873802408567105 0.64000000000000001 0.22305477819815656
0.76104843277643042 0.25254829741088092 -0.040000000000000001
0.68248984393126444 0.36394147920055347 0.44
0.09283990438338019 0.35939025850339634 -0.040000000000000001
0.45473390072010755 0.11838244582188244 0.44
-0.040000000000000001 0.2534421101886466 0.25647901035218124
0.59200786016407847 0.36817803229310275 -0.040000000000000001
0.67286675780781313 0.34427153681811373 -0.040000000000000001
0.24031482795042769 0.64000000000000001 0.21166882896246794
0.58934371501932636 0.0067753232036541263 0.44
0.17955342448661271 -0.040000000000000001 0.090000397354622674
0.16062060469799933 0.34964776427930749 -0.040000000000000001
0.49949801111715386 0.073804287594674292 0.44
0.46551460344090934 0.54306091013350066 0.44
1.04 0.49705327320410347 0.048675216803010679
0.92205956179488835 0.3848152528765752 0.44
0.1418979048018072 0.64000000000000001 0.060083874715121943
-0.040000000000000001 0.35849814663031421 0.16230142766166245
0.015115803581189358 0.2444711357461968 0.44
0.23658467271381545 0.46665765880241139 -0.040000000000000001
0.90279193241701861 0.64000000000000001 0.14821343364037773
0.17205224972023336 0.32075947843653863 -0.040000000000000001
0.47231242224867265 0.44364259528468908 -0.040000000000000001
0.77766709813582968 -0.040000000000000001 0.27692476482774186
0.10935425791277154 0.052311748474291986 -0.040000000000000001
-0.040000000000000001 0.25667753393955622 0.30805529683370936
0.99461279119549539 0.26003630635917091 0.44
0.40917077956598491 0.0067572298473433934 -0.040000000000000001
1.04 0.42239439082142755 0.14659529068274524
0.12820904830396274 -0.040000000000000001 0.11190059421238918
0.60962359688115497 0.53958336314056277 0.44
0.016448642874810182 0.13564679453074119 -0.040000000000000001
0.54039565297464809 0.3038527723346594 -0.040000000000000001
0.81494953879496757 0.42771198189547066 -0.040000000000000001
0.82362531436446929 -0.040000000000000001 0.054227739275919264
0.5554594989418572 0.33354134997001761 0.44
0.60969624861882832 0.19981738326644261 0.44
0.44694145846530642 -0.040000000000000001 0.31888907186626686
-0.040000000000000001 0.03928332288202134 0.15300576140407954
0.18551435517460313 0.10658657283548728 -0.040000000000000001
1.04 0.14811242705521854 0.18017999340093485
-0.040000000000000001 0.53149756891858257 0.21752328656052469
0.042304993797434243 0.64000000000000001 0.00015123395286016362
0.80095979319222654 0.28673794308329154 -0.040000000000000001
0.22297760760016605 0.39673681970245955 0.44
0.55409574444989129 -0.040000000000000001 0.29696933432267147
0.93230249128938136 0.64000000000000001 0.31997757630554907
0.15238918309350891 0.64000000000000001 0.23152328976824568
0.96676209257892642 0.039326748910925469 -0.040000000000000001
0.84684438565689302 0.64000000000000001 0.35132282306456408
0.64507658685798375 0.64000000000000001 0.032063290840528856
0.39336881490390552 0.29286415775417507 -0.040000000000000001
0.53020999689154069 0.55133893626580299 -0.040000000000000001
0.59693048630412004 -0.040000000000000001 0.054377654489282494
0.98071557785497943 -0.040000000000000001 0.28274306233412083
0.81534868035273678 0.050144918929384774 -0.040000000000000001
1.04 0.14407413285783671 0.032796712842454535
0.11704363236284221 -0.040000000000000001 0.28951779645254772
-0.040000000000000001 0.057234727649160107 0.21010037284203667
0.39092999068360301 0.44869740098486621 0.44
1.04 0.56434438847701773 0.34365702783273566
0.12727363891942911 0.32903785237754757 -0.040000000000000001
-0.040000000000000001 0.59249577357885475 0.031373327619431547
0.57841345288685464 0.42542934435718299 -0.040000000000000001
1.04 0.10760633888365939 0.35255814995488682
0.64176326812049056 0.039850722002939043 0.44
1.04 0.53296492664899731 0.14783623858938139
0.1675628448672386 0.64000000000000001 0.0012643376225266679
0.93160485240169566 0.16504752542743972 -0.040000000000000001
0.26529120109530779 0.64000000000000001 0.039568360133807892
0.34326102707971196 0.64000000000000001 0.20818298415581482
0.076294840905052341 0.22518600545013309 0.44
0.22876518211478047 0.39954337420209046 -0.040000000000000001
0.83671657067835981 0.34758446659759645 -0.040000000000000001
-0.040000000000000001 0.57028593098403946 0.037630977262387066
0.51769978131022187 0.2350461409275113 0.44
0.85476835662376449 0.23994444713688201 0.44
0.38832543027640787 0.64000000000000001 0.36986751622775199
0.94717393128813621 0.14492176400862933 -0.040000000000000001
0.23424636703476998 -0.040000000000000001 0.19072334651579778
0.51712300547739853 0.64000000000000001 0.33443018370190125
0.081721432951404216 0.069523958657830204 0.44
0.55162259900348332 0.027688023902267368 0.44
0.65185216853869399 0.64000000000000001 0.28653094168016296
0.2808274677249738 0.51892680481052345 -0.040000000000000001
0.76360017604695185 0.41657832407697626 0.44
0.68389749701290026 -0.040000000000000001 0.25726355256455702
0.013949826634577556 0.101745458360125 -0.040000000000000001
0.38126377525509736 0.13517983431991254 -0.040000000000000001
0.16425769579525473 0.64000000000000001 0.084088943497906521
0.17021470479547973 0.44980225300665089 -0.040000000000000001
1.04 0.28584285631616074 0.36960460753597141
0.337429281437161 0.64000000000000001 0.33126809326748441
0.53953685923140127 0.17189466424178579 0.44
0.46349627264015492 0.64000000000000001 0.11338219943627457
0.85275791708367366 -0.040000000000000001 0.27141096768356376
0.53723338946110122 -0.040000000000000001 0.33141716238106605
0.24596745344247495 0.04792393451789001 -0.040000000000000001
-0.040000000000000001 0.14552975412240715 0.020113787597333802
0.85780057180878 0.42085090358998356 -0.040000000000000001
0.69647716730671105 0.64000000000000001 0.1348388563382831
0.0096707676235617823 0.64000000000000001 0.12239462589849825
0.13779252808827758 0.43058491815698852 0.44
0.82481188793280247 0.069498715681370629 0.44
0.36351997447604012 0.13969960896613484 0.44
1.04 0.24106695279306034 0.084806279115025168
0.046922176180022257 0.54216309269022112 0.44
-0.040000000000000001 0.45920101283982906 0.08172062044053599
0.28485114862343053 0.64000000000000001 0.10141880129842794
0.97095797874307643 0.64000000000000001 0.37156609535726282
-0.040000000000000001 0.082208782830153551 0.15260446694622609
0.10475231537225937 0.12536034729588019 -0.040000000000000001
0.33531162379032664 0.64000000000000001 0.14600410458407859
0.35327653946318871 0.39895564817619067 -0.040000000000000001
0.85873315606372447 0.4653206947017855 0.44
0.084440281747188539 0.40679674388932596 -0.040000000000000001
0.90643220627308885 0.045966452231410826 0.44
0.90642175164299099 0.37075250090084366 -0.040000000000000001
0.29265426543739481 0.36790291322853802 -0.040000000000000001
0.24533020430240549 -0.040000000000000001 0.25370941176478456
0.54229295028670021 0.12129175859054275 -0.040000000000000001
0.38259020142545441 -0.040000000000000001 0.21085545884777945
0.87240478239991304 0.15973855276895904 -0.040000000000000001
0.51167716531474539 0.56701631434973498 -0.040000000000000001
0.64532745934571378 0.39589794134892814 0.44
0.1372363321351926 0.027214539618418909 -0.040000000000000001
0.058152578981267244 0.53992143149525629 -0.040000000000000001
0.086603381389404599 0.1565620816775426 0.44
0.66514973507753339 0.14963417937618217 0.44
0.76181515596885052 0.12553320634350926 0.44
0.06476367518459436 0.18719810172574636 0.44
0.071293249062208131 0.64000000000000001 0.21417880181991161
0.29601264106254255 0.64000000000000001 0.39081338389304521
0.92683847715946333 0.043857575824115737 0.44
0.067185951007242339 0.64000000000000001 0.38091044991943601
0.53314235602655913 0.36349708756020066 0.44
0.91845138137672444 0.13818888389040868 0.44
0.49709095743230047 0.22218220043850198 0.44
0.096891740670528193 0.24478941633166273 0.44
0.84991715206743423 0.023177958655910814 0.44
1.04 0.31539988021596338 0.36699889369693933
0.67656805958224198 -0.040000000000000001 0.16312815088258636
0.90929610553943307 0.64000000000000001 0.055131413822569676
0.3598899234783518 -0.040000000000000001 0.14513741583277714
0.75351432326704615 0.64000000000000001 0.28546512762880299
1.04 0.14550595495732022 0.22676614870187933
0.14976141474642413 0.23330727522276196 -0.040000000000000001
-0.040000000000000001 0.31945457927915566 0.24893161356876431
0.74861087953519467 0.64000000000000001 0.21668540809654388
1.04 0.48045258872838914 0.27628663400158365
0.984537746834525 0.35995895103785425 0.44
0.44783754607759108 0.2535317036564293 0.44
0.89526296203607758 0.64000000000000001 0.094469704085465844
0.064370364854142825 0.64000000000000001 0.17857807201768749
0.086180084503385657 0.28669212392123999 -0.040000000000000001
1.04 0.017534916022098002 0.063547873030049606
0.32249030082023133 -0.040000000000000001 0.39101448138606143
0.51869050974956854 0.26362864616999016 0.44
0.4515716152273237 0.14008437750614122 -0.040000000000000001
0.39098013012698007 0.34472054570785998 -0.040000000000000001
0.97874714892930648 0.20322780145884253 0.44
-0.040000000000000001 0.050521755904156369 0.23729901949907686
0.91306435323546864 -0.040000000000000001 0.3321214804954547
0.7106253602471283 0.44298503707667836 -0.040000000000000001
0.43940382988556115 0.38883626332659094 -0.040000000000000001
0.61917862695108661 -0.040000000000000001 0.34545940828090588
0.99671335425974994 0.44209433048148417 -0.040000000000000001
0.85689245906717371 0.64000000000000001 0.13648229189521999
-0.040000000000000001 0.59446504292674507 0.18433545961644582
0.27871262016262954 0.063402805957973318 -0.040000000000000001
0.72128836678093078 -0.040000000000000001 0.26808898438060169
0.46502902835232274 0.056186340648048547 0.44
0.71207482647939002 0.065059294018027347 -0.040000000000000001
0.86799868008691439 0.20827089235147428 -0.040000000000000001
0.3920449319554109 0.64000000000000001 0.081608226404761022
0.86072849431742937 0.56147010274833353 0.44
0.35340365097167625 0.080970360651157411 0.44
0.88152697950116987 0.43739044344153111 -0.040000000000000001
-0.040000000000000001 0.4486032006128351 0.00042314296303076483
0.21101524265729987 0.10560917043802365 -0.040000000000000001
0.39533002942500972 -0.040000000000000001 0.33566759724600004
0.57206333642134855 0.54958435339483092 0.44
0.24144897278188804 0.44872338799453332 0.44
0.40495595554909714 0.64000000000000001 0.29078341629340787
0.46600920231481202 0.22568112426990866 -0.040000000000000001
0.52319895665381622 0.64000000000000001 0.25232246401223601
0.38320241970306856 0.17883170822908553 0.44
0.8206708950277708 0.64000000000000001 0.35251447381316886
0.78896006131242247 0.64000000000000001 0.26867087331414857
-0.040000000000000001 0.41842921468330341 0.087682206873803376
-0.040000000000000001 0.59601633903082696 0.15685065400318404
0.34109218145013276 -0.040000000000000001 0.19260772978461974
0.066320967715879364 -0.040000000000000001 0.072105008995349704
-0.040000000000000001 0.24981346719943154 0.11831504456577951
0.85746307215599638 0.50462855998909928 -0.040000000000000001
-0.040000000000000001 0.28651646763510014 0.26256693501725026
0.74314354148210238 -0.040000000000000001 0.39986824406907584
0.31503272861265375 0.25631774834439847 -0.040000000000000001
0.39603029823095426 0.37959486532323988 0.44
0.33806965911291986 0.063368645746287866 -0.040000000000000001
0.067381997410033478 0.51860968471336621 -0.040000000000000001
1.04 0.18263712955295108 0.10194655600073754
0.52702212159858519 0.49868651260886532 0.44
0.4993634887886228 0.17107228134867425 0.44
0.096613691569853888 0.64000000000000001 0.3428711987386901
0.67414441426964899 0.64000000000000001 0.30465215286856528
0.89993149055649935 0.28098208732339369 0.44
0.91377425464579043 0.28376807538225274 -0.040000000000000001
0.63431682839642767 0.31740480787899628 0.44
-0.040000000000000001 0.30658616353935919 0.040377931218882779
0.92140493088701192 0.5811155769316485 0.44
1.04 0.30206614748947663 0.073263601927078842
0.42746557877193647 -0.040000000000000001 0.33006978938559445
0.46639226079304164 0.57357707136638147 -0.040000000000000001
0.7040403784893301 -0.040000000000000001 0.18660467676871303
0.70696502272532735 0.5254410129265662 0.44
0.77034744824087231 0.64000000000000001 0.05452884803760636
0.43005706406678568 0.017998901357359931 -0.040000000000000001
0.84102129097677347 0.2932232748407459 -0.040000000000000001
0.090529765172933652 0.64000000000000001 0.17150947184194776
0.82823014961293229 0.64000000000000001 0.39170856023237799
0.71546052626727163 0.64000000000000001 0.31926460435608739
0.17637303663704362 -0.040000000000000001 0.26354652454997651
0.080183728450496483 0.64000000000000001 0.033258947519864246
-0.040000000000000001 0.25804422854004239 0.2022146811056906
0.71492794514855029 0.13226412722736441 -0.040000000000000001
0.80204519998201229 -0.040000000000000001 0.08836475427911239
0.47125713142058367 -0.040000000000000001 0.12865832018771042
0.12136209354056349 -0.040000000000000001 0.37518302127940129
0.018463292915694152 0.64000000000000001 0.29139388871196437
0.71892520676494531 0.4866810117825377 -0.040000000000000001
-0.040000000000000001 0.51708192830353628 0.16524954661993185
0.1782164111604102 0.64000000000000001 0.22112017922887506
-0.040000000000000001 0.29029576514882099 0.11028685280650148
0.30618250680356685 0.46464489075828719 -0.040000000000000001
-0.040000000000000001 0.4490643045112932 0.18157649693991271
0.36673825336498578 0.64000000000000001 0.22022912502815195
0.010782010770872485 0.55803444895644216 0.44
1.04 0.19471686552345985 0.23652231642038518
0.64116721618364725 0.25296225081563423 -0.040000000000000001
0.2430208558413558 0.4428324253235093 -0.040000000000000001
1.04 0.39681695110832138 0.099966286627416689
-0.040000000000000001 0.33846979818945166 0.27961512840283759
0.86500903047926181 0.046568904277960899 -0.040000000000000001
0.19433794498554402 0.0061216038120657235 -0.040000000000000001
0.89664720894219074 0.064767263678388254 -0.040000000000000001
0.39563903987535487 -0.040000000000000001 0.12311093096798049
0.47087031157200843 0.20171574005395032 -0.040000000000000001
0.71906558167849621 -0.040000000000000001 0.39494410280222297
0.65529341813704522 0.64000000000000001 0.06016965615407819
0.32092316794766962 0.17159172303899251 0.44
0.61741885017160347 0.39300613747013236 -0.040000000000000001
0.22096937931392835 0.079851313162634274 -0.040000000000000001
0.61011973626598659 -0.040000000000000001 0.21331845256025841
0.94205098560730305 0.086956737198528589 -0.040000000000000001
-0.040000000000000001 0.22863137370033448 0.064929185683346935
0.7398269024439601 0.64000000000000001 0.011591337138590242
0.51464951404403192 0.64000000000000001 0.1632416129089288
0.15369744636246996 -0.040000000000000001 0.0092350528161585736
-0.040000000000000001 0.1105835660218317 0.2602596637897921
0.42176925819206967 0.32110013444870772 -0.040000000000000001
0.39531591931952181 0.47182795243734293 0.44
1.04 0.38182949516150533 0.19850754529786585
0.81175355963061635 0.34011866316090383 -0.040000000000000001
-0.040000000000000001 0.23877448749495536 0.15112023552661455
0.44547257066715429 0.35863103759076936 0.44
0.0074494609265949308 0.37040462174622407 0.44
0.50018542615722483 0.22400471937570221 -0.040000000000000001
0.29157740738396765 0.10425779878817021 -0.040000000000000001
0.86294729545800608 -0.040000000000000001 0.09936861634063876
1.04 0.49098480527414251 0.13923076268883161
0.61792490687774748 -0.040000000000000001 0.18606107658916021
-0.040000000000000001 0.036135771393830597 0.058825609531195977
-0.040000000000000001 0.070823034561546372 0.17950463608015466
0.21605085263236024 0.64000000000000001 0.16592006347119592
0.51479587062902243 0.138418464642031 -0.040000000000000001
0.39360401169006909 0.083066253658306902 0.44
0.81233389259161437 0.50226990759032808 -0.040000000000000001
0.11862289383549562 0.47247646272394539 0.44
0.17622499600172914 0.39649147559773207 -0.040000000000000001
0.78448290706611401 0.34910686372619276 -0.040000000000000001
0.17079174236785033 -0.040000000000000001 0.34103292581026146
0.17448038494221407 -0.040000000000000001 0.24329370702506981
0.80675119796104311 0.25181659286540642 -0.040000000000000001
0.83772480073381728 0.64000000000000001 0.31218913146454197
-0.040000000000000001 0.2035033815662681 0.015017063840062806
0.64550419346152765 0.18953021461977626 -0.040000000000000001
0.69900243189612088 0.64000000000000001 0.27657339295085198
1.04 0.41117082793304416 0.33747364402296864
0.61368363739467646 -0.040000000000000001 0.3850228267117517
0.85776767521527286 0.64000000000000001 0.09739157364091354
-0.040000000000000001 0.12108939498309274 0.38453490710365767
0.81085336462729685 0.53263045939374776 0.44
0.65826986472145133 -0.040000000000000001 0.18785486797440054
0.36701744254488422 0.10883716681155642 -0.040000000000000001
0.92872706606089817 0.51511774214750161 0.44
0.22000802593677249 0.03806683250743876 0.44
0.68060072473728661 0.64000000000000001 0.15478239771166258
0.84953778378141165 -0.040000000000000001 0.32836018629944991
0.98824604342960731 0.64000000000000001 0.2428098290238169
1.04 0.36001443315034343 0.23149086865536819
0.59675600324650235 0.50458822598265218 -0.040000000000000001
1.04 0.29338348311866108 0.14705588556706792
1.04 0.068277709831705446 0.34068886445385393
0.87612057704077395 0.55874589749342696 -0.040000000000000001
0.91710817117955001 -0.040000000000000001 0.013287413878398491
0.56180113080213734 -0.040000000000000001 0.13416378840012141
0.43809721754109243 0.23480384429171033 0.44
0.047942966515202579 0.04823544344588937 -0.040000000000000001
0.77821680862444453 0.48183077301202476 0.44
-0.040000000000000001 0.30490894768697074 0.083061179616860423
0.20502961135098696 0.50134362379714958 -0.040000000000000001
0.63433460630219607 0.64000000000000001 0.069435312037013294
-0.040000000000000001 0.54321457800248607 0.051736840703107981
0.95099761916937953 0.4027627546023142 0.44
0.17964877768950482 0.48263209685420572 0.44
0.69788832099857512 0.34649624467143281 -0.040000000000000001
0.77675398504629467 0.31825637159292491 -0.040000000000000001
0.59618073307768926 0.27964723422050103 0.44
0.54232518295561138 -0.040000000000000001 0.26269689479745972
0.78986446611756589 0.53894617803546396 0.44
0.19735710749554491 0.33196359682510335 -0.040000000000000001
0.55188199322010001 0.18117091807846952 -0.040000000000000001
0.038334948367988786 0.51388999128473467 -0.040000000000000001
-0.040000000000000001 0.022624234556987564 0.21524345853386562
0.24609977793583748 -0.040000000000000001 0.28790553516252809
0.21216047597360588 0.28110322023338119 -0.040000000000000001
0.8622777048624316 0.0062316437879199604 -0.040000000000000001
0.9258548179684567 0.64000000000000001 0.21840316667427936
-0.040000000000000001 0.25691743302840497 0.054652179145082518
0.44726473304842118 -0.040000000000000001 0.36928103800867357
0.38902001844815381 0.51612627595307237 0.44
0.33089081722828184 0.52195159898620058 -0.040000000000000001
0.13054497814144628 0.57218433483058051 0.44
-0.040000000000000001 0.51324643827754524 0.23569611974186577
1.04 0.32509614296433365 0.090372157563276989
0.092566096995003733 0.48024423136301903 -0.040000000000000001
0.22215518769894449 -0.040000000000000001 0.061336137683530724
1.04 0.061934824809089184 0.25167762186261289
0.50172067943148047 0.35938205563645387 -0.040000000000000001
0.17477596120457595 0.26314196243152721 -0.040000000000000001
0.35582164512523107 0.24208889859196459 -0.040000000000000001
0.60652592459445975 0.14447132527074669 0.44
0.56670945331765987 0.59551255207305631 0.44
0.30058018557133082 0.13280724449493889 0.44
0.013329881241377239 0.53107051905007319 -0.040000000000000001
0.71077931531148808 0.34035774071074848 0.44
-0.040000000000000001 0.42766216141113117 0.30747803287802355
0.75586370366040079 0.56232929868304538 0.44
-0.040000000000000001 0.14575123161696135 0.31662977218318489
1.04 0.42916198677031392 0.086325985236562014
0.40971198542204579 0.519660597279888 0.44
0.17648634142279418 0.58077801638685789 0.44
0.35508578311318939 -0.040000000000000001 0.35791144678024001
1.04 0.25781953526688772 0.27239755364575546
0.11312307050045778 0.64000000000000001 0.27009837094791611
0.63414785106533589 0.35993421548763882 -0.040000000000000001
0.23915892320687648 0.56783401423941648 0.44
0.17894672001100131 0.070000364418706051 -0.040000000000000001
0.38881318359781014 0.55120196213631467 0.44
0.65643537733436075 -0.040000000000000001 0.25932985458185553
1.04 0.45553777571948484 0.21359268754233326
0.35779268408103981 0.45612028656689707 -0.040000000000000001
0.071929858077578901 -0.040000000000000001 0.019567364955190937
0.065805943108820375 0.5257275658476166 0.44
0.35592813714581195 0.10733632716642069 0.44
0.28969900345177113 0.64000000000000001 0.16332017136838939
0.87820513659018773 -0.040000000000000001 0.23803654632646154
1.04 0.4649685201211794 0.25718951562273773
-0.040000000000000001 0.15815115183583875 0.35204735886101274
0.69463208491033879 0.41984108244329366 0.44
0.30780180268742852 0.43060316526087428 0.44
0.19984111974400875 0.33353672162926351 0.44
0.980419369202157 0.64000000000000001 0.18562781044012056
0.95157651067320115 -0.040000000000000001 0.10254899830058017
0.80961977978064537 0.64000000000000001 0.25711813861770522
0.56387053347169003 -0.040000000000000001 0.33782490172169055
0.4807905808466707 0.29043435690005931 -0.040000000000000001
0.43715871658092853 0.64000000000000001 0.098381032089509421
0.48922239545166557 0.043621377146085272 -0.040000000000000001
1.04 0.024350621937108574 0.033134713729605192
0.32697267638712346 0.59594787224680068 0.44
0.47090588324036486 0.49353997857844439 -0.040000000000000001
0.45053390756843337 0.023571008391555903 -0.040000000000000001
-0.040000000000000001 0.26721743900104861 0.39938895685302755
0.19035363148567375 0.56777590475278561 -0.040000000000000001
-0.040000000000000001 0.24866375304816801 0.37039923489917853
0.47610349689901488 0.20540791741803147 0.44
0.52983692714766117 0.011274113528021212 -0.040000000000000001
0.30829997127509889 0.073485079390838481 -0.040000000000000001
0.2434098202494015 -0.040000000000000001 0.3957614170588899
-0.040000000000000001 0.14286940181305813 0.13588200213093077
0.69490423031566551 0.45747213082287108 -0.040000000000000001
1.04 0.37534041419439612 0.035348341329099545
0.74481261329600479 0.18998085031389689 -0.040000000000000001
0.96829453098018681 -0.040000000000000001 0.17684046996802449
0.94407516351750309 0.64000000000000001 0.1791365073575174
0.91719374787731078 0.64000000000000001 0.39063292045975123
0.56948698243205698 0.52613506286050815 0.44
-0.040000000000000001 0.30588477994950447 0.35613823264602407
0.43473119559714912 0.64000000000000001 0.30103562491614716
0.13427231025217734 0.64000000000000001 0.26807307439903494
0.089286830068405099 0.2216666102693069 -0.040000000000000001
0.14993810244307848 0.08050338339460128 -0.040000000000000001
0.44449260995998163 0.64000000000000001 0.38843125681355684
0.98835878576391045 -0.040000000000000001 0.11355544073395935
0.20367998265104803 0.45710422430720171 -0.040000000000000001
0.8261137338423753 0.64000000000000001 0.14873163731122371
0.80969612140560965 0.64000000000000001 0.12094643267611156
0.57282094073669887 0.03305452209150201 0.44
0.4180834589364284 0.55319614494579505 -0.040000000000000001
0.45824581105249595 0.64000000000000001 0.17961982087146719
0.4909052806548061 0.32559759663101895 -0.040000000000000001
0.44481838923897554 0.30533965321612627 -0.040000000000000001
-0.040000000000000001 0.049351972951139821 0.27576196589189284
0.57402852177095365 0.64000000000000001 0.33081658197740649
0.43348445076023756 0.64000000000000001 0.04095047592606247
0.9414427303054379 0.64000000000000001 0.0071727805858502252
0.36018512426281246 0.16855132713840193 0.44
0.50486700904622905 0.30876829999958905 0.44
0.91812680376117617 0.47010631782138501 -0.040000000000000001
0.89302301406859896 0.3544873491882029 0.44
0.68673876897517494 0.053031661793980778 0.44
0.62158728607910074 0.053330154535665787 0.44
0.70548550212274874 0.43778109593602538 0.44
0.93811930291452394 0.64000000000000001 0.23555730270251868
0.80118189414892615 0.14893895076892283 0.44
0.4844594440500084 -0.040000000000000001 0.046320239379307009
0.32403644609783755 0.017552624636462899 -0.040000000000000001
0.3359705939318911 0.1004839133678804 0.44
0.59464904315895384 0.64000000000000001 0.16451606205592456
0.016650462977174985 0.51104334732875834 -0.040000000000000001
0.97447341804298604 -0.040000000000000001 0.39527501574971291
0.90625427398493275 0.59304503379996831 -0.040000000000000001
0.64009270340648572 0.19954963287478478 0.44
1.04 0.30904555885864238 0.019957334724136324
0.20333195665608106 0.45167574438486258 0.44
0.73359490170292818 0.58211282383116747 -0.040000000000000001
0.70616067154520223 0.082374244389091647 0.44
-0.040000000000000001 0.48983521222754167 0.10652321545058802
0.95127953483005334 0.022141056246205215 -0.040000000000000001
0.6556023973597348 -0.040000000000000001 0.22462807277937302
0.97137312205353288 0.24086477705796991 0.44
0.75502419264365883 0.48600973104009659 0.44
0.90903635559553209 -0.040000000000000001 0.052004593629719598
0.28831555043261536 0.029847074577228482 0.44
-0.040000000000000001 0.10571910235629831 0.28092594671051951
0.0010243285661979407 0.070760168587795449 0.44
0.59276180238138954 -0.040000000000000001 0.37633072493913999
0.80864137680461246 0.29355528004408821 0.44
0.70434094763523381 -0.040000000000000001 0.073165188471069786
0.62053929474919378 0.09414846450045089 -0.040000000000000001
0.57828259226021672 0.28734104889513512 -0.040000000000000001
0.14199191911376119 0.64000000000000001 0.030234528329052338
0.80486277721571919 0.45076620471222373 -0.040000000000000001
0.55432577404667649 0.10114136904964854 -0.040000000000000001
0.28658046921314206 0.57958659633008613 -0.040000000000000001
0.99956591760538038 -0.040000000000000001 0.074269239098719686
0.24771537411437095 0.64000000000000001 0.15644909120952477
-0.040000000000000001 0.12561000258528479 0.079664632262816643
0.011436209618702953 0.58766432765941568 -0.040000000000000001
0.24432246656950307 0.64000000000000001 0.30019720786530157
0.56119422869295965 0.64000000000000001 0.29325577274258258
0.80444038931172845 0.57303409964213403 -0.040000000000000001
0.31314796228401065 -0.040000000000000001 0.22096363151363524
0.80195132688340787 0.64000000000000001 0.0027425703241419799
0.25197416519030358 0.39488057526141762 0.44
0.97710520261567901 0.41840682115073763 0.44
0.12508312926567855 0.64000000000000001 0.17180841871798599
0.092206751218979699 -0.040000000000000001 0.10774435989218674
0.53163262568277503 0.47140085648809726 -0.040000000000000001
0.066207226642522876 0.64000000000000001 0.25492476575848333
0.22755658186817262 0.64000000000000001 0.19593232004245117
0.59042969579490601 0.42012360300706331 0.44
-0.040000000000000001 0.017670245253065976 0.012977464443347242
1.04 0.38501734073320815 0.33029250042788388
0.88497459816150459 0.1382659470843596 0.44
0.096628364951227397 -0.040000000000000001 0.35075358442517235
-0.040000000000000001 0.5107033162121557 0.0053437871211154068
0.48791400407689212 0.64000000000000001 0.11837552391413944
0.77811363445228732 0.64000000000000001 0.36355491012877783
0.66221655949907954 0.11576633036698925 -0.040000000000000001
0.95159659283409537 0.15725950389892338 0.44
0.89216123502086031 0.27999071566185751 -0.040000000000000001
0.5661801681577735 0.36253978627909272 0.44
1.04 0.084397693010797137 0.037512279868102287
0.21428341465343947 -0.040000000000000001 0.093145350879319286
0.34607556790890759 0.19870467070284192 -0.040000000000000001
0.45170349329042336 0.36007043455009169 -0.040000000000000001
0.40377793303832199 0.070339351495590674 -0.040000000000000001
0.59593268204144911 0.64000000000000001 0.3087266533342834
0.93782693539486273 0.19699121851488879 0.44
-0.040000000000000001 0.13417756598297348 0.15849002963857775
0.8630783564327259 0.64000000000000001 0.0017138062178199132
0.26578700217147078 0.25865434068345894 0.44
-0.040000000000000001 0.3544309151227209 0.041156447450768498
-0.040000000000000001 0.20328376031300097 0.24128969954660071
0.96272589132239517 0.64000000000000001 0.13872832748041816
0.59086749066337463 -0.040000000000000001 0.26358902184053756
0.66085364287824677 0.1723186385751965 0.44
0.7391640633136225 0.075522131767336687 -0.040000000000000001
0.33035614257107826 -0.040000000000000001 0.25677105589446858
-0.040000000000000001 0.079368089008312229 0.057139904824892229
0.53342063356566183 0.17049212583263074 -0.040000000000000001
1.04 0.16076907295347537 0.14949750914586332
-0.040000000000000001 0.12333642162313246 0.052924415233583093
0.2567155272962045 -0.040000000000000001 0.2148876246268186
1.04 0.31522294512063692 0.39964150131430604
0.29211395721322964 0.64000000000000001 0.3054149050686682
0.66767963370192218 0.48174083367450743 0.44
-0.040000000000000001 0.29973182718091929 0.14872177479823565
0.012448798319504295 -0.040000000000000001 0.322074278570818
0.75292343777537474 0.10187728354996292 0.44
0.66852851977124217 0.092511616554168855 0.44
0.83038868280565215 0.64000000000000001 0.23528464092753923
0.65830967037005306 0.1429703457210455 -0.040000000000000001
0.44106477575056113 0.56895910784641324 -0.040000000000000001
0.93804228263634937 -0.040000000000000001 0.070510598203914143
-0.040000000000000001 0.46436539705520397 0.34030055679894544
0.023659994404505058 -0.040000000000000001 0.20313437968042367
0.19400050335789587 0.64000000000000001 0.37986057546757568
0.046217355225842249 0.64000000000000001 0.27196809069605132
0.6478585676598535 -0.040000000000000001 0.29989462659641997
0.37793607759119319 -0.040000000000000001 0.17250851857567728
0.31597388006737681 0.29550228845249898 -0.040000000000000001
0.52279267062611035 0.011820333613090849 0.44
0.74411996105664024 -0.040000000000000001 0.32521570183266807
0.53363195353818305 -0.040000000000000001 0.18808108561297435
0.34428450975242431 0.015166782837490844 -0.040000000000000001
1.04 0.10659125375795891 0.15898530141267375
0.41029934467859164 -0.040000000000000001 0.16724303919849121
0.83571336492541703 0.46239000734294899 -0.040000000000000001
-0.040000000000000001 0.43390860595838643 0.3819220313234955
1.04 0.11242239935369613 0.18172303062782535
0.43830006557410595 0.58522010097224486 0.44
0.55962482946666803 0.64000000000000001 0.1707070790471597
0.75342763286495462 0.64000000000000001 0.16031429172577233
0.83346317925653157 0.64000000000000001 0.16944075885731463
0.65923018332809002 0.35762935680581298 0.44
0.61171657102270938 0.52244465874384005 -0.040000000000000001
0.23864506687610876 0.21372101669556692 -0.040000000000000001
0.78879954681951692 0.64000000000000001 0.24450027546082409
0.3263133218767067 0.13111429517105636 0.44
-0.040000000000000001 0.35131934432454803 0.099749700041530082
0.089674782445062107 0.45791314313671683 0.44
0.20449952892687895 0.64000000000000001 0.080582731104548666
0.66099595831291658 -0.040000000000000001 0.38565160945226173
0.35849000992491242 0.56617803029405622 0.44
1.04 0.21943329383911464 0.068164309976972162
0.55689431321682015 0.48960261643035441 -0.040000000000000001
0.15651248199339429 0.38544356009512154 -0.040000000000000001
0.00058683537511194928 0.48603877658466332 -0.040000000000000001
0.21492041870794698 0.64000000000000001 0.0023859267083894855
0.63803038668808276 0.56608771864747753 0.44
0.17114294670861196 -0.040000000000000001 0.18664933401644751
0.27746950739811849 -0.040000000000000001 0.023603656957080291
0.2848423055313889 0.14525454113849745 -0.040000000000000001
0.0020739763020881652 -0.040000000000000001 0.13097837189141043
-0.040000000000000001 0.35412356572925063 0.12265070991911498
0.13626390131405475 -0.040000000000000001 0.048136501309956038
0.66073626198137025 0.5397016322690158 0.44
0.32256517759329917 0.18106657981800622 -0.040000000000000001
0.054261953085577797 -0.040000000000000001 0.25169539227233484
-0.040000000000000001 0.24454942249572462 0.0089424224416785776
0.86032806057725342 -0.040000000000000001 0.20868859200856282
0.27309915147849095 0.30243384271081397 0.44
0.66319676221402513 0.64000000000000001 0.19083860470515637
0.95742000046557663 -0.040000000000000001 0.36593343692860913
0.55160680654179628 0.64000000000000001 0.2323989082132365
0.08111682220598937 0.58255423575393295 0.44
0.59674902684385744 0.38971902442856754 -0.040000000000000001
0.50760822537776285 0.35671356692912026 0.44
0.1270116939889695 0.64000000000000001 0.098811056333455716
1.04 0.14446369600175279 0.3199953444118328
0.22852887873893479 0.54339867420358812 -0.040000000000000001
0.34230299894975558 -0.040000000000000001 0.1006079735749299
0.62887326109939479 0.64000000000000001 0.13387248283774472
0.98537921259864447 0.64000000000000001 0.39256878612202928
0.23582446202150464 0.64000000000000001 0.17303892292122292
0.77279399256333026 0.13727181338375816 -0.040000000000000001
-0.040000000000000001 0.15741670886631293 0.37528851508607541
0.68429562434301194 0.4974837383307103 0.44
0.054649207751457651 -0.040000000000000001 0.28541812471114109
0.7282323342644399 0.017698437183644722 0.44
0.92333932772191663 0.64000000000000001 0.1794653441093427
0.85833109266899388 0.085788911090450684 0.44
1.04 0.24094904950878315 0.14450928939922258
0.49762646791964971 0.47409000195557571 -0.040000000000000001
1.04 0.40926679748335448 0.29613591594833705
0.85983000756669647 -0.040000000000000001 0.38250771865784916
0.25452176285141259 0.47860780596399488 -0.040000000000000001
0.81749716485937762 0.56105425577660839 0.44
1.04 0.18761816458977265 0.18323577293239965
-0.040000000000000001 0.42168548645658538 0.058619999438444648
0.057047954837106229 0.37005963202985404 -0.040000000000000001
0.13580740799440438 0.64000000000000001 0.20747070123583722
0.86007995501461465 0.099314072359143357 -0.040000000000000001
0.78168488281390369 -0.040000000000000001 0.086872016685930351
0.26741874627130469 0.32981303449757182 -0.040000000000000001
0.97152168605938338 0.64000000000000001 0.31666102109727629
-0.040000000000000001 0.34297499534815407 0.38891599943407479
0.60907016510462997 0.45022156118728529 0.44
1.04 0.15743527281475767 0.00046380484582497772
0.15051915340467659 -0.040000000000000001 0.31722148321539784
0.59755233912771422 0.031808935010340766 -0.040000000000000001
0.22022925551141148 0.1328348419536397 -0.040000000000000001
0.74244885529547033 0.64000000000000001 0.13241006276271899
0.44664554819880409 -0.040000000000000001 0.27053018923123551
-0.040000000000000001 0.23503937468105612 0.094524877039225796
0.20734976317812859 0.14881354175667846 0.44
0.41909726928337998 0.64000000000000001 0.24322720499131584
0.4256369414215494 0.46485006819402391 -0.040000000000000001
0.36768668694362672 -0.040000000000000001 0.19491660141452283
0.084866684491816891 0.0045679012620050141 -0.040000000000000001
0.54592828344187616 0.083057766459388518 0.44
0.31999804631665074 0.64000000000000001 0.23793254570687006
-0.040000000000000001 0.018548108329127611 0.37824189514006618
0.13936519043138718 0.46969844718350828 0.44
1.04 0.53796628861326157 0.20065791808838612
0.034183169075195141 0.034055534263832517 0.44
0.34186921569307294 0.64000000000000001 0.18158175584717512
0.39652544177054716 0.64000000000000001 0.20493199299872378
0.45906189476824555 -0.040000000000000001 0.34764421944047474
0.74485391220901709 0.64000000000000001 0.07900683474644242
0.65122314735571785 0.64000000000000001 0.31117988742670089
0.093057128754970408 -0.040000000000000001 0.32446461004827581
0.12321743024049248 0.2669255476963896 0.44
0.99764876156178672 0.40875261185618328 0.44
0.54095039518565002 0.39343211167824321 -0.040000000000000001
0.64146822392559333 -0.040000000000000001 0.20436271646324922
0.22550456054765977 0.36454307060734914 -0.040000000000000001
0.056304698992869051 0.32733304495664461 -0.040000000000000001
0.23542271752378396 0.053843496934361676 0.44
0.77866999114360369 -0.040000000000000001 0.11574931414268347
0.92787749826577071 0.46393549595208461 0.44
1.04 0.19500685456068906 0.34041364081206571
0.67703114667782982 -0.040000000000000001 0.063103422020017771
-0.040000000000000001 0.31018428849995355 0.2235714907092847
0.43640660392014197 0.1165236327132757 -0.040000000000000001
-0.040000000000000001 0.53185466889371358 0.033965580943568212
0.54542502341339694 0.34806828485796037 -0.040000000000000001
-0.040000000000000001 0.41408344111302919 0.21154895918648775
0.17122108947670156 0.29712544944421976 0.44
0.37642601658882435 0.36683638849957656 0.44
1.04 0.24366855749298894 0.36613867384781917
0.55239160859545822 0.53520390438778409 -0.040000000000000001
0.99884953637483564 0.031872706361130265 -0.040000000000000001
0.79896364014307786 0.64000000000000001 0.39353106761134476
0.77619531889759208 0.10892475821420064 0.44
0.39137905519628502 0.64000000000000001 0.22529920029190481
0.1603889883650369 0.19414320512609212 -0.040000000000000001
0.33779914219328222 0.64000000000000001 0.38290913789516257
0.66817639079498681 0.28416636239453757 -0.040000000000000001
-0.040000000000000001 0.10704173047403354 0.19438105054778407
0.74105089007423564 0.32051411424746284 0.44
0.94827735489395049 0.10694609967569448 0.44
0.33058443141608185 0.43263171222872299 -0.040000000000000001
0.49124822108376909 0.28989191373936102 0.44
0.56597282534525728 0.64000000000000001 0.37136930354570258
0.090726242756827169 0.2569568804810719 -0.040000000000000001
0.49585639734737152 0.39003784719877488 0.44
0.90837035592095539 0.21037384053464572 0.44
1.04 0.33672562377787901 0.19073732794017584
0.19615444117139136 0.64000000000000001 0.34501089961223919
0.54415965882672002 -0.040000000000000001 0.35807331228898254
0.71126148160766045 0.28358429346282965 0.44
-0.040000000000000001 0.4213977933139047 0.3274017260572839
0.062972212116694681 0.1717836046160488 -0.040000000000000001
1.04 0.50830768323379172 0.067925664330243385
0.46138638294880907 0.64000000000000001 0.04819702824685717
0.33690139433180233 0.64000000000000001 0.05817286327612288
0.83293878756473605 0.19413859852348903 -0.040000000000000001
0.90550911967564462 0.46930668159900935 0.44
-0.040000000000000001 0.43223522528462804 0.28499681626929191
0.65325359516804971 -0.040000000000000001 0.0060023337673981384
0.077906293171784102 0.43767472072816382 0.44
0.30545112962166099 0.22297303097121296 0.44
0.80336973224602259 0.64000000000000001 0.025840240041486596
0.6121007653006213 0.41013032768624069 0.44
0.76659209788239591 -0.040000000000000001 0.34732065211162622
0.12245793802711824 0.39397267031137639 0.44
-0.040000000000000001 0.28636789744932156 0.063701547230266803
0.63950655740479567 -0.040000000000000001 0.092397103380409185
0.4655264405998506 0.30591600481731873 -0.040000000000000001
1.04 0.21486347338399792 0.37804776007074659
0.39065223018302786 0.17922603967051631 -0.040000000000000001
0.2839880521417163 0.16035207143020516 0.44
0.13967191822102742 0.5213447617035919 0.44
1.04 0.56279769501034738 0.00091980624248022558
0.47609716423764725 0.31651919450101607 0.44
0.62634216375689089 0.14266411624050163 -0.040000000000000001
-0.040000000000000001 0.54379256130389475 0.077235615586240647
0.016043566825849398 0.64000000000000001 0.087622526296420977
-0.040000000000000001 0.11281707325292534 0.10863285512221937
-0.040000000000000001 0.47298194843754626 0.29704336981663593
0.19758791082968086 0.27386896197753174 0.44
-0.040000000000000001 0.182743265899449 0.31000725470861196
0.71515541450026721 -0.040000000000000001 0.32456169266907875
0.51070310268809993 0.14581617045102133 0.44
0.58185857292056309 -0.040000000000000001 0.12793767243840357
0.59940972116393898 0.59351607127507922 -0.040000000000000001
0.95857810376167252 0.49074923624898248 -0.040000000000000001
0.53246277073391635 -0.040000000000000001 0.38018770320093537
0.44866700116734981 0.32681057315382483 -0.040000000000000001
0.57204520797968827 0.64000000000000001 0.074676213570172983
0.36095519676769006 0.64000000000000001 0.12276286903391825
-0.040000000000000001 0.28082208954919535 0.3163947758370243
0.92202615536083132 0.53212797146364865 -0.040000000000000001
0.91069170890195883 0.090561347163942374 -0.040000000000000001
1.04 0.50770857747953002 0.1932977116494298
0.43880823063533392 0.45067740691482505 0.44
0.010743531695318609 0.64000000000000001 0.31911573159770179
1.04 0.48010055154244352 0.23725481080189514
-0.040000000000000001 0.18134125798044595 0.39903085580573228
0.042079349146171952 -0.040000000000000001 0.073261895036392619
0.91184213053988383 -0.040000000000000001 0.26428140765356101
0.96067883928143682 0.19404512277478098 -0.040000000000000001
0.82803755599536011 0.64000000000000001 0.067819553617172179
0.32697047373542931 0.4446805268503714 0.44
0.78688733615453721 0.64000000000000001 0.20075511395465712
0.22806196116937572 0.080683940668654697 0.44
0.81589690465631892 0.21868696792455355 -0.040000000000000001
-0.040000000000000001 0.52769792282903705 0.35024349843292257
0.17869990831193405 0.64000000000000001 0.024439335255052264
0.59435111450073685 0.065898824879468965 -0.040000000000000001
0.47872564032903686 0.64000000000000001 0.071159315797270931
1.04 0.017516631555225648 0.28632757227991273
0.77947453349931795 0.40763194728810292 -0.040000000000000001
0.24427588816942825 0.36906284754085072 0.44
1.04 0.074403525763442113 0.16047855418746335
0.59708224638570007 0.5764775679939329 0.44
0.38001710458940585 0.64000000000000001 0.29097376735435887
0.095685896401650927 0.64000000000000001 0.31262686910760162
0.1328924033966683 0.42623070664115081 -0.040000000000000001
0.11210472364331658 0.39185803464957458 -0.040000000000000001
0.909262000447147 0.54512148553094775 0.44
-0.040000000000000001 0.44501516545374942 0.062985868533049022
-0.040000000000000001 0.21797764478432582 0.27263387297201169
0.42067741989294816 0.34171774547675071 0.44
0.68583100610931669 -0.040000000000000001 0.20263147357873273
0.10049688313955008 0.64000000000000001 0.085749200564101291
1.04 0.27104318079161199 0.38443343206040526
0.24581698041536271 -0.040000000000000001 0.34018840502233899
0.61585958318664924 0.64000000000000001 0.25858292515533965
0.21950292981931652 0.22372868657197925 -0.040000000000000001
-0.040000000000000001 0.0092231325913651567 0.27908958357007729
0.89481870773199812 0.64000000000000001 0.39849770589279043
1.04 0.57528586785626623 0.17110844215744214
-0.040000000000000001 0.55763745539601983 0.13664989761014038
0.70470667516109353 -0.040000000000000001 0.25581694057349069
0.66787944001551236 0.083523673594888548 -0.040000000000000001
0.3543169453047369 0.64000000000000001 0.29217329270533393
0.85048992976135118 0.58111484428835136 -0.040000000000000001
0.17973844781754678 -0.040000000000000001 0.14591945146427163
0.34427335890576938 0.64000000000000001 0.017274906422113424
0.70037509139248633 0.53250366286246209 -0.040000000000000001
0.98492588598765196 -0.040000000000000001 0.30461588110537596
0.83888255792548028 0.22357764220819848 0.44
0.72102830315132049 -0.040000000000000001 0.23124884586465441
0.34418242950969724 0.53815995066573186 0.44
0.99859668445857763 0.51616279476784799 0.44
0.79085363857977287 0.38711757114632844 0.44
0.83513849736079548 0.0042970649973145701 0.44
0.93887700210319713 0.27380432795481752 -0.040000000000000001
0.21323683779179603 0.64000000000000001 0.38680411368976619
1.04 0.028542044944650513 0.088004056565506569
-0.040000000000000001 0.1991981065357942 0.26217074004038665
0.52814183899560274 0.64000000000000001 0.39422022115866506
-0.040000000000000001 0.22281540987731843 0.29206597436174953
0.2024645054993347 -0.040000000000000001 0.24324322196796411
-0.040000000000000001 0.046350213284081621 0.09874310322433405
0.89579109741093743 0.57016315568576137 -0.040000000000000001
0.68310955193026013 0.4469225419322721 0.44
0.21146926313713588 0.50047411967081767 0.44
0.87759933375457388 0.64000000000000001 0.23935051267684304
0.73291190887273006 0.64000000000000001 0.34084337341935755
0.96828343575220377 0.53249869832687657 -0.040000000000000001
0.92977562045755624 -0.040000000000000001 0.37813969391825558
1.04 0.4614154657647398 0.13862551313705324
1.04 0.44540056523030813 0.31212119948135431
1.04 0.58450491775540192 0.27878383887924607
0.046752252652072279 0.64000000000000001 0.22317329095410565
0.24572785843239953 0.30147594700752045 -0.040000000000000001
0.010766898042934181 0.64000000000000001 0.36001155229357767
0.19312012099407372 0.3893206786153382 0.44
0.71741203087694083 0.56354394380705553 0.44
0.34125321665217234 0.56534130276830441 -0.040000000000000001
1.04 0.02087137897017266 0.0048320784957889273
-0.040000000000000001 0.080432379553626546 0.27676494165508814
0.65832298601512851 0.64000000000000001 0.13537478991573079
-0.040000000000000001 0.57693983786356273 0.23145166135884965
0.77036883390822208 0.26728483620628968 0.44
0.21005693756916322 0.42323919116034103 0.44
0.49182003562028842 0.67999999999999994 0.26089300545165328
0.33623810195298665 0.24900907834014985 -0.080000000000000002
-0.080000000000000002 0.54469218529285723 0.39677275683397684
-0.080000000000000002 0.011266098865829721 0.059721588993325692
0.26836876479533756 0.46138189989946349 -0.080000000000000002
1.0800000000000001 0.15964818328895758 0.098775521922058879
0.77733967547228722 0.012928496770414032 0.48000000000000004
0.89231729063953225 0.12479180722875327 -0.080000000000000002
0.76744305157094461 0.32469916807353355 0.48000000000000004
1.0800000000000001 0.1796319929177298 0.037505748879774897
0.68041443125244339 0.55433064847955771 -0.080000000000000002
-0.080000000000000002 0.23708403913395057 0.18027251580145565
0.76609811173663478 0.67999999999999994 0.17684459894829774
-0.080000000000000002 0.16734210876871605 0.20594227560888814
0.73768282393674589 0.35540370435659319 -0.080000000000000002
-0.080000000000000002 0.57180279007200541 0.37050957607402341
0.90869847292548556 0.67999999999999994 0.22909258246460662
0.4870476851626736 0.095815311232761435 0.48000000000000004
0.16415331398500632 0.59963202185232023 0.48000000000000004
0.85440265993231856 -0.080000000000000002 0.30589537531894434
-0.080000000000000002 0.083863526659370885 0.30584805222920686
0.26157627010815865 -0.080000000000000002 0.26878366130296916
0.13964579358228291 0.67999999999999994 0.15523221170222043
0.40014276762529266 0.67999999999999994 0.39393312161224908
0.80225942905706216 0.42377929972512374 0.48000000000000004
0.40136983048526376 0.30607125286378878 0.48000000000000004
1.0800000000000001 0.2806035906151762 0.21304980083628938
1.0800000000000001 0.44723639432813111 0.18161769117967827
0.63314356453420007 0.67999999999999994 0.3971892745740957
0.23718901871649911 0.67999999999999994 0.3844117242166798
0.15477817030461738 0.67999999999999994 0.32668455585292216
0.52641233391779163 0.47463169038612563 0.48000000000000004
-0.080000000000000002 0.36162093085463065 0.19566364137817227
0.65180402308376761 0.57987882663049994 -0.080000000000000002
0.11102368562823584 0.086747391026711557 0.48000000000000004
0.47214155504293553 -0.080000000000000002 0.300636341239575
0.93444693957693648 0.67999999999999994 0.25548728766472911
1.0800000000000001 0.2490094749335241 0.17743750015093929
0.40582154417959104 0.58467016299680752 0.48000000000000004
0.89782697398309774 0.31828275771697295 0.48000000000000004
0.13995947244457119 0.25564852139806943 0.48000000000000004
0.88974734886365936 0.089298785693284768 0.48000000000000004
0.17336420624808002 0.3501644395231801 0.48000000000000004
0.24483161818746979 0.28408961186884812 0.48000000000000004
0.74705728299757446 0.67999999999999994 0.25105926097417247
0.78698984553095686 0.07647573082371284 -0.080000000000000002
0.11769803576672733 0.67999999999999994 0.31089064161943158
0.68955863654431127 -0.080000000000000002 0.036601889360335309
0.58218406004717183 0.67999999999999994 0.22069257157759417
0.40629524354800817 0.40384305635618445 -0.080000000000000002
0.20336733554690989 0.20244220894081155 -0.080000000000000002
0.96606544647619508 0.67999999999999994 0.098121446971290063
0.070203222797038611 -0.080000000000000002 0.32631906755679274
0.10306035801007285 0.20069997714233903 0.48000000000000004
-0.080000000000000002 0.48701087627184869 0.045627408843417164
0.94821011546012735 -0.080000000000000002 0.036674322978906049
0.95605456970980252 0.25387767178483561 -0.080000000000000002
0.2240616510663993 0.058472038623147427 -0.080000000000000002
0.93662237221951095 -0.080000000000000002 0.019197041772056524
0.35704315537784104 0.22098201308559556 -0.080000000000000002
0.28902673185210592 -0.080000000000000002 0.1079311906598389
0.65127101860988934 0.014818330119134981 0.48000000000000004
0.0086362091653011674 0.19061237541134807 0.48000000000000004
0.46768957770900832 0.67999999999999994 0.25521933621016168
0.52414344382388478 0.26782867049217174 -0.080000000000000002
1.0800000000000001 0.096015150442311348 0.020433947193319257
0.084123464301966044 0.41410896774744588 0.48000000000000004
0.0080746747485728187 -0.080000000000000002 0.2684188296569695
0.084544539903326332 0.67999999999999994 0.061811198909380416
1.0800000000000001 0.0093822913620263959 0.33119871870872142
0.44913365997283206 -0.080000000000000002 0.22391318372264191
0.89045733903039992 -0.080000000000000002 0.089560833578798016
0.51045482975792744 -0.080000000000000002 0.33203759789437226
0.3866112575798637 0.14275740009534649 0.48000000000000004
1.0800000000000001 0.23880093673717817 0.24747684469513517
1.0800000000000001 0.32551518667041329 0.0036608321210467756
0.26972137370945304 -0.080000000000000002 0.39811190143518971
0.885679012265012 0.34707629009866586 -0.080000000000000002
0.30874768029575728 -0.080000000000000002 0.36343018713353559
0.94970648236296173 0.30558255940359225 0.48000000000000004
0.85861455571838663 0.28118151832474819 -0.080000000000000002
0.66071726097588335 0.44072210419465513 -0.080000000000000002
0.43031875012027543 0.51053224976255784 -0.080000000000000002
1.0800000000000001 0.14156318414173574 0.26386918298511092
0.054867959518374754 -0.080000000000000002 0.36569756301747586
0.66568445101720641 0.49295629140012198 -0.080000000000000002
1.0800000000000001 0.043933983782602826 0.32074418727982779
-0.080000000000000002 0.40164727356127711 0.33799147807726904
0.88423121032387086 0.67999999999999994 0.11776122401188856
1.0800000000000001 0.38842451421047008 0.35613515889649827
1.0800000000000001 0.16705653782233909 0.32646458830495029
-0.080000000000000002 0.39735053644593643 0.12677716736707062
1.0800000000000001 0.53313853992357141 0.36630239213744986
0.68443898148035087 0.67999999999999994 0.22961558556033906
0.7915053732621572 0.15552635721544272 -0.080000000000000002
0.37922993004323924 -0.080000000000000002 0.3712844703709321
0.62081772252775136 0.21972920950282654 -0.080000000000000002
0.72124517325870974 0.20666416998497411 -0.080000000000000002
1.0800000000000001 0.20851716211294336 0.18112209804912496
0.24818818589472003 0.27394712372588303 -0.080000000000000002
0.63713185292088093 0.24984907772073275 0.48000000000000004
0.93947454673148056 -0.080000000000000002 0.25886637457073636
1.0800000000000001 0.32195725477002135 0.16405958484738159
-0.080000000000000002 0.35882312392285043 0.27447968673210388
0.83387719924716719 0.10113002866797771 -0.080000000000000002
0.52189473860772762 0.19688765508724779 0.48000000000000004
-0.080000000000000002 0.016474249938040409 0.34124938254991477
-0.080000000000000002 0.0029560129853462456 0.095298838357622484
0.94798645130982628 0.37608706921082236 -0.080000000000000002
0.42178387835039755 0.041732528151633107 0.48000000000000004
1.0800000000000001 0.28160321159930796 0.044456257443146942
0.10316106678191272 -0.080000000000000002 0.15872672259448384
0.57550423048734289 0.67999999999999994 0.09970923502657808
0.18356449070428205 -0.080000000000000002 0.025610712267498937
0.27934758129249138 0.57610250186086609 0.48000000000000004
0.27672830139940796 -0.080000000000000002 0.33654477664843535
1.0800000000000001 0.45705250873951248 0.35175862528565038
0.2280902522021464 0.13139605116603417 0.48000000000000004
0.17456506810729044 0.15268784287509396 -0.080000000000000002
0.062467078863142178 0.22741155998385798 -0.080000000000000002
0.44675946305200587 0.67999999999999994 0.007346284210543264
0.41528900269412639 0.29956240221960562 -0.080000000000000002
0.33088568789377593 -0.080000000000000002 0.032827986940646883
0.0041198281943078952 0.15849544592684672 -0.080000000000000002
0.73717429602807272 0.2211342996903142 0.48000000000000004
0.97762860127456674 0.57062577727655173 0.48000000000000004
0.98213364759236532 0.22382137680168757 -0.080000000000000002
0.6874409140702451 0.22920155605308279 0.48000000000000004
0.080341994872850098 0.081880928946512332 -0.080000000000000002
0.57185923249731729 0.38951734706807317 0.48000000000000004
0.11074127892211449 0.5863017378488794 -0.080000000000000002
0.49207843198311574 0.67999999999999994 0.38779616100393566
1.0800000000000001 0.35650771787737967 0.2033696844380693
0.14369255166394368 0.2796881361133704 0.48000000000000004
0.81569889711152821 0.21136653404536454 0.48000000000000004
0.67148749287407383 0.027131355652549493 0.48000000000000004
0.23873197225126963 0.67999999999999994 0.025130475618754523
-0.080000000000000002 0.51137872360649961 0.26029894160410633
0.37391837824376251 0.22860377426770917 0.48000000000000004
1.0800000000000001 0.45211965641761387 0.034929743702666993
-0.080000000000000002 0.056771904441353625 0.12617255141062433
0.68632145656949828 0.67999999999999994 0.20328532775737573
0.17874257240087899 0.21530812467427068 0.48000000000000004
0.83773380003524778 0.67999999999999994 0.018398916874403693
-0.080000000000000002 0.26099572721159525 0.33311013162349723
0.3249856908149964 0.39325927648427284 0.48000000000000004
0.13683620594658719 -0.080000000000000002 0.15691740588553116
0.043223172871226123 0.67999999999999994 0.32313253106214873
0.25655143855833396 0.024098022309083755 -0.080000000000000002
0.54249558658455421 0.4182762626592631 -0.080000000000000002
1.0800000000000001 0.31250989011565089 0.11734649753301905
0.42422173081607384 -0.080000000000000002 0.078672168397860273
0.72269382319744069 0.67999999999999994 0.26551758028105593
0.47485019025949926 -0.080000000000000002 0.15798947648846773
0.83373096006407754 -0.080000000000000002 0.1749301420872692
0.44933068463670423 -0.080000000000000002 0.29091398106945376
1.0800000000000001 0.34007101077109864 0.34692034719873371
0.5496507390804779 0.59497860203921737 -0.080000000000000002
0.098818123610171171 0.57023726806736308 0.48000000000000004
0.56992039088243385 0.03916613620771614 -0.080000000000000002
0.55283998731729134 0.67999999999999994 0.062900586094738739
0.99523955710085243 0.67999999999999994 0.19919478420427039
0.30249978369252195 0.34215294535738883 0.48000000000000004
1.0800000000000001 0.4153788860790783 0.21106629729634388
0.26429476517189865 0.17714475297749577 0.48000000000000004
0.19923613832933318 0.1335648646440325 -0.080000000000000002
0.60236290380447977 0.67999999999999994 0.10821339635893774
0.9032266093881085 0.44485334822613337 -0.080000000000000002
0.1803932451158643 0.67999999999999994 0.29820770948436159
1.0800000000000001 0.50360999379457161 0.088490287716220029
1.0800000000000001 0.34301845625378541 0.068640872448007387
0.7535901442281856 0.58457671117080356 -0.080000000000000002
0.94484419278147525 0.67999999999999994 0.3539547783724169
0.15790537898344004 0.17143393361127707 -0.080000000000000002
-0.080000000000000002 0.27872593604116574 0.17343557729333978
0.21764153820011978 0.67999999999999994 0.1140455538457289
0.99174489294793455 0.066316079644002546 -0.080000000000000002
-0.080000000000000002 0.59240643931965364 0.39132701051043295
0.29620757236084005 0.45424367183502956 0.48000000000000004
1.0800000000000001 0.098985216955216671 0.21818858092472324
0.94943080477311059 0.13229854217444234 0.48000000000000004
0.97230937104426252 0.10594019734115734 0.48000000000000004
0.12555747591095101 0.0087670113233840885 -0.080000000000000002
0.75022534117663553 0.16767633172959776 0.48000000000000004
0.94242508998214092 0.2326832762413521 0.48000000000000004
0.65254955220601485 -0.080000000000000002 0.12383075055686805
1.0800000000000001 0.20474505198633608 0.30637907456754188
-0.080000000000000002 0.16927287231024613 0.26914567755552543
0.99133550629723055 0.33192360037824181 -0.080000000000000002
1.0800000000000001 0.56378035686391637 0.12720892545231849
0.57520932688201298 0.18455199400321587 0.48000000000000004
0.22769122278762266 0.53449368597875146 0.48000000000000004
0.10550520156020027 0.16008853413752239 -0.080000000000000002
0.5723179079542482 0.67999999999999994 0.25780254532199276
0.21916604161578568 0.033750753033691461 -0.080000000000000002
0.84264534193271823 0.10859517300768397 0.48000000000000004
0.66062453087045059 0.22034152856056183 0.48000000000000004
1.0800000000000001 0.53881854105802351 0.29508467718575659
0.012427496466847598 -0.080000000000000002 0.36056158636589852
0.99161348489528645 -0.080000000000000002 0.25959536891190516
0.53300512298413427 0.50590739554120712 -0.080000000000000002
-0.080000000000000002 0.23147175977645279 0.037265057044280472
0.36017375461270229 0.32809647002933545 0.48000000000000004
0.24692800676744897 -0.080000000000000002 0.11799514648807637
0.95514471391726752 0.16782601821114201 -0.080000000000000002
0.50698607415975061 -0.080000000000000002 0.069256249664122693
0.53346330320741231 0.57841036972818904 0.48000000000000004
0.89499034332520799 0.67999999999999994 0.1751624021018553
1.0800000000000001 0.12183456619060246 0.11152513952041626
0.25072863023101055 0.52688369203481422 -0.080000000000000002
1.0800000000000001 0.0042193267626321473 0.018825710471595737
0.0061600322792020323 -0.080000000000000002 0.08706914355550853
0.63005046948348153 -0.080000000000000002 0.13456454197374801
0.53118140231174504 -0.080000000000000002 0.012365681232348403
0.40313706679484285 0.67999999999999994 0.032632572897670853
0.022718933780937256 0.67999999999999994 0.024016503024949287
0.91790610546896578 -0.080000000000000002 0.11180417959988437
-0.080000000000000002 0.42151974498840955 0.031154840439613321
0.10376352974139824 0.67999999999999994 0.14656628172331021
0.34662089860548262 0.36539425258650182 0.48000000000000004
0.93246826518349069 0.41325168690169356 -0.080000000000000002
0.4947289217092119 -0.080000000000000002 0.26337276772901863
0.2776297710640413 0.099685379253012171 0.48000000000000004
0.80715440453067744 0.53594228316847381 -0.080000000000000002
0.049086610721814194 -0.080000000000000002 0.34578138475499276
0.91458711397023651 0.35471516262928343 0.48000000000000004
0.91636336388518536 0.04045593558863092 -0.080000000000000002
0.71441297895052047 -0.080000000000000002 0.30286701441666525
1.0800000000000001 0.45320156732319428 0.10082813931232598
0.72595608865342165 -0.080000000000000002 0.18603939218939322
0.69192354540403844 0.40186861961945719 -0.080000000000000002
0.64870333056262064 0.118921226644911 0.48000000000000004
0.16569354012449022 0.67999999999999994 0.17035831835087409
1.0800000000000001 0.35024217557695392 0.15073531225372958
0.30546678025143204 -0.080000000000000002 0.086448197125389162
0.83963765908452281 0.67999999999999994 0.28878876962838324
0.058238214787464937 0.42369888676656836 0.48000000000000004
0.13901450814177729 0.13092321155570233 0.48000000000000004
1.0800000000000001 0.30947739952846459 0.23875862563697173
0.53535392408702442 0.57860929240298331 -0.080000000000000002
0.35009677538163819 -0.080000000000000002 0.26471121540768361
0.83825903247708089 -0.080000000000000002 0.21175095175604006
0.72025300617903043 0.67999999999999994 0.064927457459257765
0.36478742035830258 0.5022626985458668 -0.080000000000000002
0.5815286119046521 0.48035081789793826 -0.080000000000000002
0.49716008592188543 0.44846268297186387 -0.080000000000000002
0.63930080303584824 0.45010053022754459 0.48000000000000004
0.38252904965642753 0.52327775366351637 -0.080000000000000002
0.094662996097748975 0.33748237828211036 -0.080000000000000002
0.18661772157622847 0.55889398271953039 0.48000000000000004
0.36144009058668192 0.51377801046201654 0.48000000000000004
0.033907747642783037 0.0098247019243226097 0.48000000000000004
0.45908294097829871 -0.080000000000000002 0.0053870159705520677
0.43164437452278226 0.41612318202019094 0.48000000000000004
0.8694373989183013 0.26093547986619903 -0.080000000000000002
0.89266437619666872 0.67999999999999994 0.020975585969072966
-0.080000000000000002 0.15847364673941916 0.051547682620400485
0.78509831000727781 0.2058963563769422 -0.080000000000000002
0.92534213601010606 0.13147601898210548 -0.080000000000000002
1.0800000000000001 0.58129080382569276 0.24828825960418086
0.99857572344165368 0.67999999999999994 0.053215856059621737
0.99471105692372741 -0.080000000000000002 0.20716575038450041
1.0800000000000001 0.33066792282366236 0.22481327601657594
0.71668971290675054 0.55554511113285254 -0.080000000000000002
1.0800000000000001 0.010332429385969899 0.36928677313092528
0.3928898542518362 -0.080000000000000002 0.25130622953307646
0.69671266923768227 0.67999999999999994 0.07018988284081891
0.22047611616578855 0.67999999999999994 0.13807894291165845
0.69413913381076919 0.18161026936402336 -0.080000000000000002
0.43599288537647485 0.53466442653969992 -0.080000000000000002
0.70455820657957924 0.11014107143146554 0.48000000000000004
0.36163715425171894 -0.080000000000000002 0.055855504339014456
0.089011669898924617 0.49057428692490757 0.48000000000000004
0.51544298450947423 -0.080000000000000002 0.221788848173745
0.58378766098571433 -0.080000000000000002 0.17375115651573655
0.6009016825939314 -0.080000000000000002 0.28153591385183319
0.55762501083934357 0.0063226529703886755 0.48000000000000004
0.15266385122894088 -0.080000000000000002 0.22375303766759874
1.0800000000000001 0.037879678173991849 0.36554360668998281
0.96393955897844452 0.67999999999999994 0.39092932907175082
0.59726684646286632 0.063686281510401538 0.48000000000000004
-0.080000000000000002 0.20177846676655908 0.32804821223768199
0.13946544077145073 0.011890863253287009 0.48000000000000004
0.90234260832975344 0.67999999999999994 0.26828546212211984
0.46933997571460373 0.17506055091093997 0.48000000000000004
0.95534207474619326 0.58182410550803287 -0.080000000000000002
1.0800000000000001 0.42245835481753091 0.36103349937966878
0.31192436485380981 0.51070266058336489 0.48000000000000004
-0.080000000000000002 0.41362972252854779 0.14239361824657168
0.04749685619740418 0.277249051299085 0.48000000000000004
0.90311558382513135 0.40972990577932045 -0.080000000000000002
0.94599868730150105 -0.080000000000000002 0.15308276934710474
0.93401885284798669 0.25419184023363789 0.48000000000000004
0.021366198104945777 -0.080000000000000002 0.38192877032625816
0.8321689144992791 0.062204695079538519 -0.080000000000000002
0.22554380441167265 0.25643122840967736 -0.080000000000000002
0.61133482095374558 0.67999999999999994 0.069224984376081933
0.59805054439625349 0.35141367610603086 0.48000000000000004
0.89287023600370719 -0.080000000000000002 0.2203148255172053
0.96438974571359359 0.67999999999999994 0.035621314980060735
0.51712169436239586 -0.080000000000000002 0.12452297226714114
0.35711979646696967 0.67999999999999994 0.32318943320532595
-0.080000000000000002 0.35403421895728016 0.012807440896118294
0.37305363143122272 0.67999999999999994 0.17983124979636536
0.29291962819764905 0.38981343679410363 0.48000000000000004
0.033196156183259107 0.58371634152848217 0.48000000000000004
0.59866188242789165 0.14226532175839318 -0.080000000000000002
-0.080000000000000002 0.40363467612882103 0.29212157516024273
-0.080000000000000002 0.16866733370265763 0.076588618521331503
0.76873802408567105 0.67999999999999994 0.22305477819815656
0.76104843277643042 0.25254829741088092 -0.080000000000000002
0.68248984393126444 0.36394147920055347 0.48000000000000004
0.09283990438338019 0.35939025850339634 -0.080000000000000002
0.45473390072010755 0.11838244582188244 0.48000000000000004
-0.080000000000000002 0.2534421101886466 0.25647901035218124
0.59200786016407847 0.36817803229310275 -0.080000000000000002
0.67286675780781313 0.34427153681811373 -0.080000000000000002
0.24031482795042769 0.67999999999999994 0.21166882896246794
0.58934371501932636 0.0067753232036541263 0.48000000000000004
0.17955342448661271 -0.080000000000000002 0.090000397354622674
0.16062060469799933 0.34964776427930749 -0.080000000000000002
0.49949801111715386 0.073804287594674292 0.48000000000000004
0.46551460344090934 0.54306091013350066 0.48000000000000004
1.0800000000000001 0.49705327320410347 0.048675216803010679
0.92205956179488835 0.3848152528765752 0.48000000000000004
0.1418979048018072 0.67999999999999994 0.060083874715121943
-0.080000000000000002 0.35849814663031421 0.16230142766166245
0.015115803581189358 0.2444711357461968 0.48000000000000004
0.23658467271381545 0.46665765880241139 -0.080000000000000002
0.90279193241701861 0.67999999999999994 0.14821343364037773
0.17205224972023336 0.32075947843653863 -0.080000000000000002
0.47231242224867265 0.44364259528468908 -0.080000000000000002
0.77766709813582968 -0.080000000000000002 0.27692476482774186
0.10935425791277154 0.052311748474291986 -0.080000000000000002
-0.080000000000000002 0.25667753393955622 0.30805529683370936
0.99461279119549539 0.26003630635917091 0.48000000000000004
0.40917077956598491 0.0067572298473433934 -0.080000000000000002
1.0800000000000001 0.42239439082142755 0.14659529068274524
0.12820904830396274 -0.080000000000000002 0.11190059421238918
0.60962359688115497 0.53958336314056277 0.48000000000000004
0.016448642874810182 0.13564679453074119 -0.080000000000000002
0.54039565297464809 0.3038527723346594 -0.080000000000000002
0.81494953879496757 0.42771198189547066 -0.080000000000000002
0.82362531436446929 -0.080000000000000002 0.054227739275919264
0.5554594989418572 0.33354134997001761 0.48000000000000004
0.60969624861882832 0.19981738326644261 0.48000000000000004
0.44694145846530642 -0.080000000000000002 0.31888907186626686
-0.080000000000000002 0.03928332288202134 0.15300576140407954
0.18551435517460313 0.10658657283548728 -0.080000000000000002
1.0800000000000001 0.14811242705521854 0.18017999340093485
-0.080000000000000002 0.53149756891858257 0.21752328656052469
0.042304993797434243 0.67999999999999994 0.00015123395286016362
0.80095979319222654 0.28673794308329154 -0.080000000000000002
0.22297760760016605 0.39673681970245955 0.48000000000000004
0.55409574444989129 -0.080000000000000002 0.29696933432267147
0.93230249128938136 0.67999999999999994 0.31997757630554907
0.15238918309350891 0.67999999999999994 0.23152328976824568
0.96676209257892642 0.039326748910925469 -0.080000000000000002
0.84684438565689302 0.67999999999999994 0.35132282306456408
0.64507658685798375 0.67999999999999994 0.032063290840528856
0.39336881490390552 0.29286415775417507 -0.080000000000000002
0.53020999689154069 0.55133893626580299 -0.080000000000000002
0.59693048630412004 -0.080000000000000002 0.054377654489282494
0.98071557785497943 -0.080000000000000002 0.28274306233412083
0.81534868035273678 0.050144918929384774 -0.080000000000000002
1.0800000000000001 0.14407413285783671 0.032796712842454535
0.11704363236284221 -0.080000000000000002 0.28951779645254772
-0.080000000000000002 0.057234727649160107 0.21010037284203667
0.39092999068360301 0.44869740098486621 0.48000000000000004
1.0800000000000001 0.56434438847701773 0.34365702783273566
0.12727363891942911 0.32903785237754757 -0.080000000000000002
-0.080000000000000002 0.59249577357885475 0.031373327619431547
0.57841345288685464 0.42542934435718299 -0.080000000000000002
1.0800000000000001 0.10760633888365939 0.35255814995488682
0.64176326812049056 0.039850722002939043 0.48000000000000004
1.0800000000000001 0.53296492664899731 0.14783623858938139
0.1675628448672386 0.67999999999999994 0.0012643376225266679
0.93160485240169566 0.16504752542743972 -0.080000000000000002
0.26529120109530779 0.67999999999999994 0.039568360133807892
0.34326102707971196 0.67999999999999994 0.20818298415581482
0.076294840905052341 0.22518600545013309 0.48000000000000004
0.22876518211478047 0.39954337420209046 -0.080000000000000002
0.83671657067835981 0.34758446659759645 -0.080000000000000002
-0.080000000000000002 0.57028593098403946 0.037630977262387066
0.51769978131022187 0.2350461409275113 0.48000000000000004
0.85476835662376449 0.23994444713688201 0.48000000000000004
0.38832543027640787 0.67999999999999994 0.36986751622775199
0.94717393128813621 0.14492176400862933 -0.080000000000000002
0.23424636703476998 -0.080000000000000002 0.19072334651579778
0.51712300547739853 0.67999999999999994 0.33443018370190125
0.081721432951404216 0.069523958657830204 0.48000000000000004
0.55162259900348332 0.027688023902267368 0.48000000000000004
0.65185216853869399 0.67999999999999994 0.28653094168016296
0.2808274677249738 0.51892680481052345 -0.080000000000000002
0.76360017604695185 0.41657832407697626 0.48000000000000004
0.68389749701290026 -0.080000000000000002 0.25726355256455702
0.013949826634577556 0.101745458360125 -0.080000000000000002
0.38126377525509736 0.13517983431991254 -0.080000000000000002
0.16425769579525473 0.67999999999999994 0.084088943497906521
0.17021470479547973 0.44980225300665089 -0.080000000000000002
1.0800000000000001 0.28584285631616074 0.36960460753597141
0.337429281437161 0.67999999999999994 0.33126809326748441
0.53953685923140127 0.17189466424178579 0.48000000000000004
0.46349627264015492 0.67999999999999994 0.11338219943627457
0.85275791708367366 -0.080000000000000002 0.27141096768356376
0.53723338946110122 -0.080000000000000002 0.33141716238106605
0.24596745344247495 0.04792393451789001 -0.080000000000000002
-0.080000000000000002 0.14552975412240715 0.020113787597333802
0.85780057180878 0.42085090358998356 -0.080000000000000002
0.69647716730671105 0.67999999999999994 0.1348388563382831
0.0096707676235617823 0.67999999999999994 0.12239462589849825
0.13779252808827758 0.43058491815698852 0.48000000000000004
0.82481188793280247 0.069498715681370629 0.48000000000000004
0.36351997447604012 0.13969960896613484 0.48000000000000004
1.0800000000000001 0.24106695279306034 0.084806279115025168
0.046922176180022257 0.54216309269022112 0.48000000000000004
-0.080000000000000002 0.45920101283982906 0.08172062044053599
0.28485114862343053 0.67999999999999994 0.10141880129842794
0.97095797874307643 0.67999999999999994 0.37156609535726282
-0.080000000000000002 0.082208782830153551 0.15260446694622609
0.10475231537225937 0.12536034729588019 -0.080000000000000002
0.33531162379032664 0.67999999999999994 0.14600410458407859
0.35327653946318871 0.39895564817619067 -0.080000000000000002
0.85873315606372447 0.4653206947017855 0.48000000000000004
0.084440281747188539 0.40679674388932596 -0.080000000000000002
0.90643220627308885 0.045966452231410826 0.48000000000000004
0.90642175164299099 0.37075250090084366 -0.080000000000000002
0.29265426543739481 0.36790291322853802 -0.080000000000000002
0.24533020430240549 -0.080000000000000002 0.25370941176478456
0.54229295028670021 0.12129175859054275 -0.080000000000000002
0.38259020142545441 -0.080000000000000002 0.21085545884777945
0.87240478239991304 0.15973855276895904 -0.080000000000000002
0.51167716531474539 0.56701631434973498 -0.080000000000000002
0.64532745934571378 0.39589794134892814 0.48000000000000004
0.1372363321351926 0.027214539618418909 -0.080000000000000002
0.058152578981267244 0.53992143149525629 -0.080000000000000002
0.086603381389404599 0.1565620816775426 0.48000000000000004
0.66514973507753339 0.14963417937618217 0.48000000000000004
0.76181515596885052 0.12553320634350926 0.48000000000000004
0.06476367518459436 0.18719810172574636 0.48000000000000004
0.071293249062208131 0.67999999999999994 0.21417880181991161
0.29601264106254255 0.67999999999999994 0.39081338389304521
0.92683847715946333 0.043857575824115737 0.48000000000000004
0.067185951007242339 0.67999999999999994 0.38091044991943601
0.53314235602655913 0.36349708756020066 0.48000000000000004
0.91845138137672444 0.13818888389040868 0.48000000000000004
0.49709095743230047 0.22218220043850198 0.48000000000000004
0.096891740670528193 0.24478941633166273 0.48000000000000004
0.84991715206743423 0.023177958655910814 0.48000000000000004
1.0800000000000001 0.31539988021596338 0.36699889369693933
0.67656805958224198 -0.080000000000000002 0.16312815088258636
0.90929610553943307 0.67999999999999994 0.055131413822569676
0.3598899234783518 -0.080000000000000002 0.14513741583277714
0.75351432326704615 0.67999999999999994 0.28546512762880299
1.0800000000000001 0.14550595495732022 0.22676614870187933
0.14976141474642413 0.23330727522276196 -0.080000000000000002
-0.080000000000000002 0.31945457927915566 0.24893161356876431
0.74861087953519467 0.67999999999999994 0.21668540809654388
1.0800000000000001 0.48045258872838914 0.27628663400158365
0.984537746834525 0.35995895103785425 0.48000000000000004
0.44783754607759108 0.2535317036564293 0.48000000000000004
0.89526296203607758 0.67999999999999994 0.094469704085465844
0.064370364854142825 0.67999999999999994 0.17857807201768749
0.086180084503385657 0.28669212392123999 -0.080000000000000002
1.0800000000000001 0.017534916022098002 0.063547873030049606
0.32249030082023133 -0.080000000000000002 0.39101448138606143
0.51869050974956854 0.26362864616999016 0.48000000000000004
0.4515716152273237 0.14008437750614122 -0.080000000000000002
0.39098013012698007 0.34472054570785998 -0.080000000000000002
0.97874714892930648 0.20322780145884253 0.48000000000000004
-0.080000000000000002 0.050521755904156369 0.23729901949907686
0.91306435323546864 -0.080000000000000002 0.3321214804954547
0.7106253602471283 0.44298503707667836 -0.080000000000000002
0.43940382988556115 0.38883626332659094 -0.080000000000000002
0.61917862695108661 -0.080000000000000002 0.34545940828090588
0.99671335425974994 0.44209433048148417 -0.080000000000000002
0.85689245906717371 0.67999999999999994 0.13648229189521999
-0.080000000000000002 0.59446504292674507 0.18433545961644582
0.27871262016262954 0.063402805957973318 -0.080000000000000002
0.72128836678093078 -0.080000000000000002 0.26808898438060169
0.46502902835232274 0.056186340648048547 0.48000000000000004
0.71207482647939002 0.065059294018027347 -0.080000000000000002
0.86799868008691439 0.20827089235147428 -0.080000000000000002
0.3920449319554109 0.67999999999999994 0.081608226404761022
0.86072849431742937 0.56147010274833353 0.48000000000000004
0.35340365097167625 0.080970360651157411 0.48000000000000004
0.88152697950116987 0.43739044344153111 -0.080000000000000002
-0.080000000000000002 0.4486032006128351 0.00042314296303076483
0.21101524265729987 0.10560917043802365 -0.080000000000000002
0.39533002942500972 -0.080000000000000002 0.33566759724600004
0.57206333642134855 0.54958435339483092 0.48000000000000004
0.24144897278188804 0.44872338799453332 0.48000000000000004
0.40495595554909714 0.67999999999999994 0.29078341629340787
0.46600920231481202 0.22568112426990866 -0.080000000000000002
0.52319895665381622 0.67999999999999994 0.25232246401223601
0.38320241970306856 0.17883170822908553 0.48000000000000004
0.8206708950277708 0.67999999999999994 0.35251447381316886
0.78896006131242247 0.67999999999999994 0.26867087331414857
-0.080000000000000002 0.41842921468330341 0.087682206873803376
-0.080000000000000002 0.59601633903082696 0.15685065400318404
0.34109218145013276 -0.080000000000000002 0.19260772978461974
0.066320967715879364 -0.080000000000000002 0.072105008995349704
-0.080000000000000002 0.24981346719943154 0.11831504456577951
0.85746307215599638 0.50462855998909928 -0.080000000000000002
-0.080000000000000002 0.28651646763510014 0.26256693501725026
0.74314354148210238 -0.080000000000000002 0.39986824406907584
0.31503272861265375 0.25631774834439847 -0.080000000000000002
0.39603029823095426 0.37959486532323988 0.48000000000000004
0.33806965911291986 0.063368645746287866 -0.080000000000000002
0.067381997410033478 0.51860968471336621 -0.080000000000000002
1.0800000000000001 0.18263712955295108 0.10194655600073754
0.52702212159858519 0.49868651260886532 0.48000000000000004
0.4993634887886228 0.17107228134867425 0.48000000000000004
0.096613691569853888 0.67999999999999994 0.3428711987386901
0.67414441426964899 0.67999999999999994 0.30465215286856528
0.89993149055649935 0.28098208732339369 0.48000000000000004
0.91377425464579043 0.28376807538225274 -0.080000000000000002
0.63431682839642767 0.31740480787899628 0.48000000000000004
-0.080000000000000002 0.30658616353935919 0.040377931218882779
0.92140493088701192 0.5811155769316485 0.48000000000000004
1.0800000000000001 0.30206614748947663 0.073263601927078842
0.42746557877193647 -0.080000000000000002 0.33006978938559445
0.46639226079304164 0.57357707136638147 -0.080000000000000002
0.7040403784893301 -0.080000000000000002 0.18660467676871303
0.70696502272532735 0.5254410129265662 0.48000000000000004
0.77034744824087231 0.67999999999999994 0.05452884803760636
0.43005706406678568 0.017998901357359931 -0.080000000000000002
0.84102129097677347 0.2932232748407459 -0.080000000000000002
0.090529765172933652 0.67999999999999994 0.17150947184194776
0.82823014961293229 0.67999999999999994 0.39170856023237799
0.71546052626727163 0.67999999999999994 0.31926460435608739
0.17637303663704362 -0.080000000000000002 0.26354652454997651
0.080183728450496483 0.67999999999999994 0.033258947519864246
-0.080000000000000002 0.25804422854004239 0.2022146811056906
0.71492794514855029 0.13226412722736441 -0.080000000000000002
0.80204519998201229 -0.080000000000000002 0.08836475427911239
0.47125713142058367 -0.080000000000000002 0.12865832018771042
0.12136209354056349 -0.080000000000000002 0.37518302127940129
0.018463292915694152 0.67999999999999994 0.29139388871196437
0.71892520676494531 0.4866810117825377 -0.080000000000000002
-0.080000000000000002 0.51708192830353628 0.16524954661993185
0.1782164111604102 0.67999999999999994 0.22112017922887506
-0.080000000000000002 0.29029576514882099 0.11028685280650148
0.30618250680356685 0.46464489075828719 -0.080000000000000002
-0.080000000000000002 0.4490643045112932 0.18157649693991271
0.36673825336498578 0.67999999999999994 0.22022912502815195
0.010782010770872485 0.55803444895644216 0.48000000000000004
1.0800000000000001 0.19471686552345985 0.23652231642038518
0.64116721618364725 0.25296225081563423 -0.080000000000000002
0.2430208558413558 0.4428324253235093 -0.080000000000000002
1.0800000000000001 0.39681695110832138 0.099966286627416689
-0.080000000000000002 0.33846979818945166 0.27961512840283759
0.86500903047926181 0.046568904277960899 -0.080000000000000002
0.19433794498554402 0.0061216038120657235 -0.080000000000000002
0.89664720894219074 0.064767263678388254 -0.080000000000000002
0.39563903987535487 -0.080000000000000002 0.12311093096798049
0.47087031157200843 0.20171574005395032 -0.080000000000000002
0.71906558167849621 -0.080000000000000002 0.39494410280222297
0.65529341813704522 0.67999999999999994 0.06016965615407819
0.32092316794766962 0.17159172303899251 0.48000000000000004
0.61741885017160347 0.39300613747013236 -0.080000000000000002
0.22096937931392835 0.079851313162634274 -0.080000000000000002
0.61011973626598659 -0.080000000000000002 0.21331845256025841
0.94205098560730305 0.086956737198528589 -0.080000000000000002
-0.080000000000000002 0.22863137370033448 0.064929185683346935
0.7398269024439601 0.67999999999999994 0.011591337138590242
0.51464951404403192 0.67999999999999994 0.1632416129089288
0.15369744636246996 -0.080000000000000002 0.0092350528161585736
-0.080000000000000002 0.1105835660218317 0.2602596637897921
0.42176925819206967 0.32110013444870772 -0.080000000000000002
0.39531591931952181 0.47182795243734293 0.48000000000000004
1.0800000000000001 0.38182949516150533 0.19850754529786585
0.81175355963061635 0.34011866316090383 -0.080000000000000002
-0.080000000000000002 0.23877448749495536 0.15112023552661455
0.44547257066715429 0.35863103759076936 0.48000000000000004
0.0074494609265949308 0.37040462174622407 0.48000000000000004
0.50018542615722483 0.22400471937570221 -0.080000000000000002
0.29157740738396765 0.10425779878817021 -0.080000000000000002
0.86294729545800608 -0.080000000000000002 0.09936861634063876
1.0800000000000001 0.49098480527414251 0.13923076268883161
0.61792490687774748 -0.080000000000000002 0.18606107658916021
-0.080000000000000002 0.036135771393830597 0.058825609531195977
-0.080000000000000002 0.070823034561546372 0.17950463608015466
0.21605085263236024 0.67999999999999994 0.16592006347119592
0.51479587062902243 0.138418464642031 -0.080000000000000002
0.39360401169006909 0.083066253658306902 0.48000000000000004
0.81233389259161437 0.50226990759032808 -0.080000000000000002
0.11862289383549562 0.47247646272394539 0.48000000000000004
0.17622499600172914 0.39649147559773207 -0.080000000000000002
0.78448290706611401 0.34910686372619276 -0.080000000000000002
0.17079174236785033 -0.080000000000000002 0.34103292581026146
0.17448038494221407 -0.080000000000000002 0.24329370702506981
0.80675119796104311 0.25181659286540642 -0.080000000000000002
0.83772480073381728 0.67999999999999994 0.31218913146454197
-0.080000000000000002 0.2035033815662681 0.015017063840062806
0.64550419346152765 0.18953021461977626 -0.080000000000000002
0.69900243189612088 0.67999999999999994 0.27657339295085198
1.0800000000000001 0.41117082793304416 0.33747364402296864
0.61368363739467646 -0.080000000000000002 0.3850228267117517
0.85776767521527286 0.67999999999999994 0.09739157364091354
-0.080000000000000002 0.12108939498309274 0.38453490710365767
0.81085336462729685 0.53263045939374776 0.48000000000000004
0.65826986472145133 -0.080000000000000002 0.18785486797440054
0.36701744254488422 0.10883716681155642 -0.080000000000000002
0.92872706606089817 0.51511774214750161 0.48000000000000004
0.22000802593677249 0.03806683250743876 0.48000000000000004
0.68060072473728661 0.67999999999999994 0.15478239771166258
0.84953778378141165 -0.080000000000000002 0.32836018629944991
0.98824604342960731 0.67999999999999994 0.2428098290238169
1.0800000000000001 0.36001443315034343 0.23149086865536819
0.59675600324650235 0.50458822598265218 -0.080000000000000002
1.0800000000000001 0.29338348311866108 0.14705588556706792
1.0800000000000001 0.068277709831705446 0.34068886445385393
0.87612057704077395 0.55874589749342696 -0.080000000000000002
0.91710817117955001 -0.080000000000000002 0.013287413878398491
0.56180113080213734 -0.080000000000000002 0.13416378840012141
0.43809721754109243 0.23480384429171033 0.48000000000000004
0.047942966515202579 0.04823544344588937 -0.080000000000000002
0.77821680862444453 0.48183077301202476 0.48000000000000004
-0.080000000000000002 0.30490894768697074 0.083061179616860423
0.20502961135098696 0.50134362379714958 -0.080000000000000002
0.63433460630219607 0.67999999999999994 0.069435312037013294
-0.080000000000000002 0.54321457800248607 0.051736840703107981
0.95099761916937953 0.4027627546023142 0.48000000000000004
0.17964877768950482 0.48263209685420572 0.48000000000000004
0.69788832099857512 0.34649624467143281 -0.080000000000000002
0.77675398504629467 0.31825637159292491 -0.080000000000000002
0.59618073307768926 0.27964723422050103 0.48000000000000004
0.54232518295561138 -0.080000000000000002 0.26269689479745972
0.78986446611756589 0.53894617803546396 0.48000000000000004
0.19735710749554491 0.33196359682510335 -0.080000000000000002
0.55188199322010001 0.18117091807846952 -0.080000000000000002
0.038334948367988786 0.51388999128473467 -0.080000000000000002
-0.080000000000000002 0.022624234556987564 0.21524345853386562
0.24609977793583748 -0.080000000000000002 0.28790553516252809
0.21216047597360588 0.28110322023338119 -0.080000000000000002
0.8622777048624316 0.0062316437879199604 -0.080000000000000002
0.9258548179684567 0.67999999999999994 0.21840316667427936
-0.080000000000000002 0.25691743302840497 0.054652179145082518
0.44726473304842118 -0.080000000000000002 0.36928103800867357
0.38902001844815381 0.51612627595307237 0.48000000000000004
0.33089081722828184 0.52195159898620058 -0.080000000000000002
0.13054497814144628 0.57218433483058051 0.48000000000000004
-0.080000000000000002 0.51324643827754524 0.23569611974186577
1.0800000000000001 0.32509614296433365 0.090372157563276989
0.092566096995003733 0.48024423136301903 -0.080000000000000002
0.22215518769894449 -0.080000000000000002 0.061336137683530724
1.0800000000000001 0.061934824809089184 0.25167762186261289
0.50172067943148047 0.35938205563645387 -0.080000000000000002
0.17477596120457595 0.26314196243152721 -0.080000000000000002
0.35582164512523107 0.24208889859196459 -0.080000000000000002
0.60652592459445975 0.14447132527074669 0.48000000000000004
0.56670945331765987 0.59551255207305631 0.48000000000000004
0.30058018557133082 0.13280724449493889 0.48000000000000004
0.013329881241377239 0.53107051905007319 -0.080000000000000002
0.71077931531148808 0.34035774071074848 0.48000000000000004
-0.080000000000000002 0.42766216141113117 0.30747803287802355
0.75586370366040079 0.56232929868304538 0.48000000000000004
-0.080000000000000002 0.14575123161696135 0.31662977218318489
1.0800000000000001 0.42916198677031392 0.086325985236562014
0.40971198542204579 0.519660597279888 0.48000000000000004
0.17648634142279418 0.58077801638685789 0.48000000000000004
0.35508578311318939 -0.080000000000000002 0.35791144678024001
1.0800000000000001 0.25781953526688772 0.27239755364575546
0.11312307050045778 0.67999999999999994 0.27009837094791611
0.63414785106533589 0.35993421548763882 -0.080000000000000002
0.23915892320687648 0.56783401423941648 0.48000000000000004
0.17894672001100131 0.070000364418706051 -0.080000000000000002
0.38881318359781014 0.55120196213631467 0.48000000000000004
0.65643537733436075 -0.080000000000000002 0.25932985458185553
1.0800000000000001 0.45553777571948484 0.21359268754233326
0.35779268408103981 0.45612028656689707 -0.080000000000000002
0.071929858077578901 -0.080000000000000002 0.019567364955190937
0.065805943108820375 0.5257275658476166 0.48000000000000004
0.35592813714581195 0.10733632716642069 0.48000000000000004
0.28969900345177113 0.67999999999999994 0.16332017136838939
0.87820513659018773 -0.080000000000000002 0.23803654632646154
1.0800000000000001 0.4649685201211794 0.25718951562273773
-0.080000000000000002 0.15815115183583875 0.35204735886101274
0.69463208491033879 0.41984108244329366 0.48000000000000004
0.30780180268742852 0.43060316526087428 0.48000000000000004
0.19984111974400875 0.33353672162926351 0.48000000000000004
0.980419369202157 0.67999999999999994 0.18562781044012056
0.95157651067320115 -0.080000000000000002 0.10254899830058017
0.80961977978064537 0.67999999999999994 0.25711813861770522
0.56387053347169003 -0.080000000000000002 0.33782490172169055
0.4807905808466707 0.29043435690005931 -0.080000000000000002
0.43715871658092853 0.67999999999999994 0.098381032089509421
0.48922239545166557 0.043621377146085272 -0.080000000000000002
1.0800000000000001 0.024350621937108574 0.033134713729605192
0.32697267638712346 0.59594787224680068 0.48000000000000004
0.47090588324036486 0.49353997857844439 -0.080000000000000002
0.45053390756843337 0.023571008391555903 -0.080000000000000002
-0.080000000000000002 0.26721743900104861 0.39938895685302755
0.19035363148567375 0.56777590475278561 -0.080000000000000002
-0.080000000000000002 0.24866375304816801 0.37039923489917853
0.47610349689901488 0.20540791741803147 0.48000000000000004
0.52983692714766117 0.011274113528021212 -0.080000000000000002
0.30829997127509889 0.073485079390838481 -0.080000000000000002
0.2434098202494015 -0.080000000000000002 0.3957614170588899
-0.080000000000000002 0.14286940181305813 0.13588200213093077
0.69490423031566551 0.45747213082287108 -0.080000000000000002
1.0800000000000001 0.37534041419439612 0.035348341329099545
0.74481261329600479 0.18998085031389689 -0.080000000000000002
0.96829453098018681 -0.080000000000000002 0.17684046996802449
0.94407516351750309 0.67999999999999994 0.1791365073575174
0.91719374787731078 0.67999999999999994 0.39063292045975123
0.56948698243205698 0.52613506286050815 0.48000000000000004
-0.080000000000000002 0.30588477994950447 0.35613823264602407
0.43473119559714912 0.67999999999999994 0.30103562491614716
0.13427231025217734 0.67999999999999994 0.26807307439903494
0.089286830068405099 0.2216666102693069 -0.080000000000000002
0.14993810244307848 0.08050338339460128 -0.080000000000000002
0.44449260995998163 0.67999999999999994 0.38843125681355684
0.98835878576391045 -0.080000000000000002 0.11355544073395935
0.20367998265104803 0.45710422430720171 -0.080000000000000002
0.8261137338423753 0.67999999999999994 0.14873163731122371
0.80969612140560965 0.67999999999999994 0.12094643267611156
0.57282094073669887 0.03305452209150201 0.48000000000000004
0.4180834589364284 0.55319614494579505 -0.080000000000000002
0.45824581105249595 0.67999999999999994 0.17961982087146719
0.4909052806548061 0.32559759663101895 -0.080000000000000002
0.44481838923897554 0.30533965321612627 -0.080000000000000002
-0.080000000000000002 0.049351972951139821 0.27576196589189284
0.57402852177095365 0.67999999999999994 0.33081658197740649
0.43348445076023756 0.67999999999999994 0.04095047592606247
0.9414427303054379 0.67999999999999994 0.0071727805858502252
0.36018512426281246 0.16855132713840193 0.48000000000000004
0.50486700904622905 0.30876829999958905 0.48000000000000004
0.91812680376117617 0.47010631782138501 -0.080000000000000002
0.89302301406859896 0.3544873491882029 0.48000000000000004
0.68673876897517494 0.053031661793980778 0.48000000000000004
0.62158728607910074 0.053330154535665787 0.48000000000000004
0.70548550212274874 0.43778109593602538 0.48000000000000004
0.93811930291452394 0.67999999999999994 0.23555730270251868
0.80118189414892615 0.14893895076892283 0.48000000000000004
0.4844594440500084 -0.080000000000000002 0.046320239379307009
0.32403644609783755 0.017552624636462899 -0.080000000000000002
0.3359705939318911 0.1004839133678804 0.48000000000000004
0.59464904315895384 0.67999999999999994 0.16451606205592456
0.016650462977174985 0.51104334732875834 -0.080000000000000002
0.97447341804298604 -0.080000000000000002 0.39527501574971291
0.90625427398493275 0.59304503379996831 -0.080000000000000002
0.64009270340648572 0.19954963287478478 0.48000000000000004
1.0800000000000001 0.30904555885864238 0.019957334724136324
0.20333195665608106 0.45167574438486258 0.48000000000000004
0.73359490170292818 0.58211282383116747 -0.080000000000000002
0.70616067154520223 0.082374244389091647 0.48000000000000004
-0.080000000000000002 0.48983521222754167 0.10652321545058802
0.95127953483005334 0.022141056246205215 -0.080000000000000002
0.6556023973597348 -0.080000000000000002 0.22462807277937302
0.97137312205353288 0.24086477705796991 0.48000000000000004
0.75502419264365883 0.48600973104009659 0.48000000000000004
0.90903635559553209 -0.080000000000000002 0.052004593629719598
0.28831555043261536 0.029847074577228482 0.48000000000000004
-0.080000000000000002 0.10571910235629831 0.28092594671051951
0.0010243285661979407 0.070760168587795449 0.48000000000000004
0.59276180238138954 -0.080000000000000002 0.37633072493913999
0.80864137680461246 0.29355528004408821 0.48000000000000004
0.70434094763523381 -0.080000000000000002 0.073165188471069786
0.62053929474919378 0.09414846450045089 -0.080000000000000002
0.57828259226021672 0.28734104889513512 -0.080000000000000002
0.14199191911376119 0.67999999999999994 0.030234528329052338
0.80486277721571919 0.45076620471222373 -0.080000000000000002
0.55432577404667649 0.10114136904964854 -0.080000000000000002
0.28658046921314206 0.57958659633008613 -0.080000000000000002
0.99956591760538038 -0.080000000000000002 0.074269239098719686
0.24771537411437095 0.67999999999999994 0.15644909120952477
-0.080000000000000002 0.12561000258528479 0.079664632262816643
0.011436209618702953 0.58766432765941568 -0.080000000000000002
0.24432246656950307 0.67999999999999994 0.30019720786530157
0.56119422869295965 0.67999999999999994 0.29325577274258258
0.80444038931172845 0.57303409964213403 -0.080000000000000002
0.31314796228401065 -0.080000000000000002 0.22096363151363524
0.80195132688340787 0.67999999999999994 0.0027425703241419799
0.25197416519030358 0.39488057526141762 0.48000000000000004
0.97710520261567901 0.41840682115073763 0.48000000000000004
0.12508312926567855 0.67999999999999994 0.17180841871798599
0.092206751218979699 -0.080000000000000002 0.10774435989218674
0.53163262568277503 0.47140085648809726 -0.080000000000000002
0.066207226642522876 0.67999999999999994 0.25492476575848333
0.22755658186817262 0.67999999999999994 0.19593232004245117
0.59042969579490601 0.42012360300706331 0.48000000000000004
-0.080000000000000002 0.017670245253065976 0.012977464443347242
1.0800000000000001 0.38501734073320815 0.33029250042788388
0.88497459816150459 0.1382659470843596 0.48000000000000004
0.096628364951227397 -0.080000000000000002 0.35075358442517235
-0.080000000000000002 0.5107033162121557 0.0053437871211154068
0.48791400407689212 0.67999999999999994 0.11837552391413944
0.77811363445228732 0.67999999999999994 0.36355491012877783
0.66221655949907954 0.11576633036698925 -0.080000000000000002
0.95159659283409537 0.15725950389892338 0.48000000000000004
0.89216123502086031 0.27999071566185751 -0.080000000000000002
0.5661801681577735 0.36253978627909272 0.48000000000000004
1.0800000000000001 0.084397693010797137 0.037512279868102287
0.21428341465343947 -0.080000000000000002 0.093145350879319286
0.34607556790890759 0.19870467070284192 -0.080000000000000002
0.45170349329042336 0.36007043455009169 -0.080000000000000002
0.40377793303832199 0.070339351495590674 -0.080000000000000002
0.59593268204144911 0.67999999999999994 0.3087266533342834
0.93782693539486273 0.19699121851488879 0.48000000000000004
-0.080000000000000002 0.13417756598297348 0.15849002963857775
0.8630783564327259 0.67999999999999994 0.0017138062178199132
0.26578700217147078 0.25865434068345894 0.48000000000000004
-0.080000000000000002 0.3544309151227209 0.041156447450768498
-0.080000000000000002 0.20328376031300097 0.24128969954660071
0.96272589132239517 0.67999999999999994 0.13872832748041816
0.59086749066337463 -0.080000000000000002 0.26358902184053756
0.66085364287824677 0.1723186385751965 0.48000000000000004
0.7391640633136225 0.075522131767336687 -0.080000000000000002
0.33035614257107826 -0.080000000000000002 0.25677105589446858
-0.080000000000000002 0.079368089008312229 0.057139904824892229
0.53342063356566183 0.17049212583263074 -0.080000000000000002
1.0800000000000001 0.16076907295347537 0.14949750914586332
-0.080000000000000002 0.12333642162313246 0.052924415233583093
0.2567155272962045 -0.080000000000000002 0.2148876246268186
1.0800000000000001 0.31522294512063692 0.39964150131430604
0.29211395721322964 0.67999999999999994 0.3054149050686682
0.66767963370192218 0.48174083367450743 0.48000000000000004
-0.080000000000000002 0.29973182718091929 0.14872177479823565
0.012448798319504295 -0.080000000000000002 0.322074278570818
0.75292343777537474 0.10187728354996292 0.48000000000000004
0.66852851977124217 0.092511616554168855 0.48000000000000004
0.83038868280565215 0.67999999999999994 0.23528464092753923
0.65830967037005306 0.1429703457210455 -0.080000000000000002
0.44106477575056113 0.56895910784641324 -0.080000000000000002
0.93804228263634937 -0.080000000000000002 0.070510598203914143
-0.080000000000000002 0.46436539705520397 0.34030055679894544
0.023659994404505058 -0.080000000000000002 0.20313437968042367
0.19400050335789587 0.67999999999999994 0.37986057546757568
0.046217355225842249 0.67999999999999994 0.27196809069605132
0.6478585676598535 -0.080000000000000002 0.29989462659641997
0.37793607759119319 -0.080000000000000002 0.17250851857567728
0.31597388006737681 0.29550228845249898 -0.080000000000000002
0.52279267062611035 0.011820333613090849 0.48000000000000004
0.74411996105664024 -0.080000000000000002 0.32521570183266807
0.53363195353818305 -0.080000000000000002 0.18808108561297435
0.34428450975242431 0.015166782837490844 -0.080000000000000002
1.0800000000000001 0.10659125375795891 0.15898530141267375
0.41029934467859164 -0.080000000000000002 0.16724303919849121
0.83571336492541703 0.46239000734294899 -0.080000000000000002
-0.080000000000000002 0.43390860595838643 0.3819220313234955
1.0800000000000001 0.11242239935369613 0.18172303062782535
0.43830006557410595 0.58522010097224486 0.48000000000000004
0.55962482946666803 0.67999999999999994 0.1707070790471597
0.75342763286495462 0.67999999999999994 0.16031429172577233
0.83346317925653157 0.67999999999999994 0.16944075885731463
0.65923018332809002 0.35762935680581298 0.48000000000000004
0.61171657102270938 0.52244465874384005 -0.080000000000000002
0.23864506687610876 0.21372101669556692 -0.080000000000000002
0.78879954681951692 0.67999999999999994 0.24450027546082409
0.3263133218767067 0.13111429517105636 0.48000000000000004
-0.080000000000000002 0.35131934432454803 0.099749700041530082
0.089674782445062107 0.45791314313671683 0.48000000000000004
0.20449952892687895 0.67999999999999994 0.080582731104548666
0.66099595831291658 -0.080000000000000002 0.38565160945226173
0.35849000992491242 0.56617803029405622 0.48000000000000004
1.0800000000000001 0.21943329383911464 0.068164309976972162
0.55689431321682015 0.48960261643035441 -0.080000000000000002
0.15651248199339429 0.38544356009512154 -0.080000000000000002
0.00058683537511194928 0.48603877658466332 -0.080000000000000002
0.21492041870794698 0.67999999999999994 0.0023859267083894855
0.63803038668808276 0.56608771864747753 0.48000000000000004
0.17114294670861196 -0.080000000000000002 0.18664933401644751
0.27746950739811849 -0.080000000000000002 0.023603656957080291
0.2848423055313889 0.14525454113849745 -0.080000000000000002
0.0020739763020881652 -0.080000000000000002 0.13097837189141043
-0.080000000000000002 0.35412356572925063 0.12265070991911498
0.13626390131405475 -0.080000000000000002 0.048136501309956038
0.66073626198137025 0.5397016322690158 0.48000000000000004
0.32256517759329917 0.18106657981800622 -0.080000000000000002
0.054261953085577797 -0.080000000000000002 0.25169539227233484
-0.080000000000000002 0.24454942249572462 0.0089424224416785776
0.86032806057725342 -0.080000000000000002 0.20868859200856282
0.27309915147849095 0.30243384271081397 0.48000000000000004
0.66319676221402513 0.67999999999999994 0.19083860470515637
0.95742000046557663 -0.080000000000000002 0.36593343692860913
0.55160680654179628 0.67999999999999994 0.2323989082132365
0.08111682220598937 0.58255423575393295 0.48000000000000004
0.59674902684385744 0.38971902442856754 -0.080000000000000002
0.50760822537776285 0.35671356692912026 0.48000000000000004
0.1270116939889695 0.67999999999999994 0.098811056333455716
1.0800000000000001 0.14446369600175279 0.3199953444118328
0.22852887873893479 0.54339867420358812 -0.080000000000000002
0.34230299894975558 -0.080000000000000002 0.1006079735749299
0.62887326109939479 0.67999999999999994 0.13387248283774472
0.98537921259864447 0.67999999999999994 0.39256878612202928
0.23582446202150464 0.67999999999999994 0.17303892292122292
0.77279399256333026 0.13727181338375816 -0.080000000000000002
-0.080000000000000002 0.15741670886631293 0.37528851508607541
0.68429562434301194 0.4974837383307103 0.48000000000000004
0.054649207751457651 -0.080000000000000002 0.28541812471114109
0.7282323342644399 0.017698437183644722 0.48000000000000004
0.92333932772191663 0.67999999999999994 0.1794653441093427
0.85833109266899388 0.085788911090450684 0.48000000000000004
1.0800000000000001 0.24094904950878315 0.14450928939922258
0.49762646791964971 0.47409000195557571 -0.080000000000000002
1.0800000000000001 0.40926679748335448 0.29613591594833705
0.85983000756669647 -0.080000000000000002 0.38250771865784916
0.25452176285141259 0.47860780596399488 -0.080000000000000002
0.81749716485937762 0.56105425577660839 0.48000000000000004
1.0800000000000001 0.18761816458977265 0.18323577293239965
-0.080000000000000002 0.42168548645658538 0.058619999438444648
0.057047954837106229 0.37005963202985404 -0.080000000000000002
0.13580740799440438 0.67999999999999994 0.20747070123583722
0.86007995501461465 0.099314072359143357 -0.080000000000000002
0.78168488281390369 -0.080000000000000002 0.086872016685930351
0.26741874627130469 0.32981303449757182 -0.080000000000000002
0.97152168605938338 0.67999999999999994 0.31666102109727629
-0.080000000000000002 0.34297499534815407 0.38891599943407479
0.60907016510462997 0.45022156118728529 0.48000000000000004
1.0800000000000001 0.15743527281475767 0.00046380484582497772
0.15051915340467659 -0.080000000000000002 0.31722148321539784
0.59755233912771422 0.031808935010340766 -0.080000000000000002
0.22022925551141148 0.1328348419536397 -0.080000000000000002
0.74244885529547033 0.67999999999999994 0.13241006276271899
0.44664554819880409 -0.080000000000000002 0.27053018923123551
-0.080000000000000002 0.23503937468105612 0.094524877039225796
0.20734976317812859 0.14881354175667846 0.48000000000000004
0.41909726928337998 0.67999999999999994 0.24322720499131584
0.4256369414215494 0.46485006819402391 -0.080000000000000002
0.36768668694362672 -0.080000000000000002 0.19491660141452283
0.084866684491816891 0.0045679012620050141 -0.080000000000000002
0.54592828344187616 0.083057766459388518 0.48000000000000004
0.31999804631665074 0.67999999999999994 0.23793254570687006
-0.080000000000000002 0.018548108329127611 0.37824189514006618
0.13936519043138718 0.46969844718350828 0.48000000000000004
1.0800000000000001 0.53796628861326157 0.20065791808838612
0.034183169075195141 0.034055534263832517 0.48000000000000004
0.34186921569307294 0.67999999999999994 0.18158175584717512
0.39652544177054716 0.67999999999999994 0.20493199299872378
0.45906189476824555 -0.080000000000000002 0.34764421944047474
0.74485391220901709 0.67999999999999994 0.07900683474644242
0.65122314735571785 0.67999999999999994 0.31117988742670089
0.093057128754970408 -0.080000000000000002 0.32446461004827581
0.12321743024049248 0.2669255476963896 0.48000000000000004
0.99764876156178672 0.40875261185618328 0.48000000000000004
0.54095039518565002 0.39343211167824321 -0.080000000000000002
0.64146822392559333 -0.080000000000000002 0.20436271646324922
0.22550456054765977 0.36454307060734914 -0.080000000000000002
0.056304698992869051 0.32733304495664461 -0.080000000000000002
0.23542271752378396 0.053843496934361676 0.48000000000000004
0.77866999114360369 -0.080000000000000002 0.11574931414268347
0.92787749826577071 0.46393549595208461 0.48000000000000004
1.0800000000000001 0.19500685456068906 0.34041364081206571
0.67703114667782982 -0.080000000000000002 0.063103422020017771
-0.080000000000000002 0.31018428849995355 0.2235714907092847
0.43640660392014197 0.1165236327132757 -0.080000000000000002
-0.080000000000000002 0.53185466889371358 0.033965580943568212
0.54542502341339694 0.34806828485796037 -0.080000000000000002
-0.080000000000000002 0.41408344111302919 0.21154895918648775
0.17122108947670156 0.29712544944421976 0.48000000000000004
0.37642601658882435 0.36683638849957656 0.48000000000000004
1.0800000000000001 0.24366855749298894 0.36613867384781917
0.55239160859545822 0.53520390438778409 -0.080000000000000002
0.99884953637483564 0.031872706361130265 -0.080000000000000002
0.79896364014307786 0.67999999999999994 0.39353106761134476
0.77619531889759208 0.10892475821420064 0.48000000000000004
0.39137905519628502 0.67999999999999994 0.22529920029190481
0.1603889883650369 0.19414320512609212 -0.080000000000000002
0.33779914219328222 0.67999999999999994 0.38290913789516257
0.66817639079498681 0.28416636239453757 -0.080000000000000002
-0.080000000000000002 0.10704173047403354 0.19438105054778407
0.74105089007423564 0.32051411424746284 0.48000000000000004
0.94827735489395049 0.10694609967569448 0.48000000000000004
0.33058443141608185 0.43263171222872299 -0.080000000000000002
0.49124822108376909 0.28989191373936102 0.48000000000000004
0.56597282534525728 0.67999999999999994 0.37136930354570258
0.090726242756827169 0.2569568804810719 -0.080000000000000002
0.49585639734737152 0.39003784719877488 0.48000000000000004
0.90837035592095539 0.21037384053464572 0.48000000000000004
1.0800000000000001 0.33672562377787901 0.19073732794017584
0.19615444117139136 0.67999999999999994 0.34501089961223919
0.54415965882672002 -0.080000000000000002 0.35807331228898254
0.71126148160766045 0.28358429346282965 0.48000000000000004
-0.080000000000000002 0.4213977933139047 0.3274017260572839
0.062972212116694681 0.1717836046160488 -0.080000000000000002
1.0800000000000001 0.50830768323379172 0.067925664330243385
0.46138638294880907 0.67999999999999994 0.04819702824685717
0.33690139433180233 0.67999999999999994 0.05817286327612288
0.83293878756473605 0.19413859852348903 -0.080000000000000002
0.90550911967564462 0.46930668159900935 0.48000000000000004
-0.080000000000000002 0.43223522528462804 0.28499681626929191
0.65325359516804971 -0.080000000000000002 0.0060023337673981384
0.077906293171784102 0.43767472072816382 0.48000000000000004
0.30545112962166099 0.22297303097121296 0.48000000000000004
0.80336973224602259 0.67999999999999994 0.025840240041486596
0.6121007653006213 0.41013032768624069 0.48000000000000004
0.76659209788239591 -0.080000000000000002 0.34732065211162622
0.12245793802711824 0.39397267031137639 0.48000000000000004
-0.080000000000000002 0.28636789744932156 0.063701547230266803
0.63950655740479567 -0.080000000000000002 0.092397103380409185
0.4655264405998506 0.30591600481731873 -0.080000000000000002
1.0800000000000001 0.21486347338399792 0.37804776007074659
0.39065223018302786 0.17922603967051631 -0.080000000000000002
0.2839880521417163 0.16035207143020516 0.48000000000000004
0.13967191822102742 0.5213447617035919 0.48000000000000004
1.0800000000000001 0.56279769501034738 0.00091980624248022558
0.47609716423764725 0.31651919450101607 0.48000000000000004
0.62634216375689089 0.14266411624050163 -0.080000000000000002
-0.080000000000000002 0.54379256130389475 0.077235615586240647
0.016043566825849398 0.67999999999999994 0.087622526296420977
-0.080000000000000002 0.11281707325292534 0.10863285512221937
-0.080000000000000002 0.47298194843754626 0.29704336981663593
0.19758791082968086 0.27386896197753174 0.48000000000000004
-0.080000000000000002 0.182743265899449 0.31000725470861196
0.71515541450026721 -0.080000000000000002 0.32456169266907875
0.51070310268809993 0.14581617045102133 0.48000000000000004
0.58185857292056309 -0.080000000000000002 0.12793767243840357
0.59940972116393898 0.59351607127507922 -0.080000000000000002
0.95857810376167252 0.49074923624898248 -0.080000000000000002
0.53246277073391635 -0.080000000000000002 0.38018770320093537
0.44866700116734981 0.32681057315382483 -0.080000000000000002
0.57204520797968827 0.67999999999999994 0.074676213570172983
0.36095519676769006 0.67999999999999994 0.12276286903391825
-0.080000000000000002 0.28082208954919535 0.3163947758370243
0.92202615536083132 0.53212797146364865 -0.080000000000000002
0.91069170890195883 0.090561347163942374 -0.080000000000000002
1.0800000000000001 0.50770857747953002 0.1932977116494298
0.43880823063533392 0.45067740691482505 0.48000000000000004
0.010743531695318609 0.67999999999999994 0.31911573159770179
1.0800000000000001 0.48010055154244352 0.23725481080189514
-0.080000000000000002 0.18134125798044595 0.39903085580573228
0.042079349146171952 -0.080000000000000002 0.073261895036392619
0.91184213053988383 -0.080000000000000002 0.26428140765356101
0.96067883928143682 0.19404512277478098 -0.080000000000000002
0.82803755599536011 0.67999999999999994 0.067819553617172179
0.32697047373542931 0.4446805268503714 0.48000000000000004
0.78688733615453721 0.67999999999999994 0.20075511395465712
0.22806196116937572 0.080683940668654697 0.48000000000000004
0.81589690465631892 0.21868696792455355 -0.080000000000000002
-0.080000000000000002 0.52769792282903705 0.35024349843292257
0.17869990831193405 0.67999999999999994 0.024439335255052264
0.59435111450073685 0.065898824879468965 -0.080000000000000002
0.47872564032903686 0.67999999999999994 0.071159315797270931
1.0800000000000001 0.017516631555225648 0.28632757227991273
0.77947453349931795 0.40763194728810292 -0.080000000000000002
0.24427588816942825 0.36906284754085072 0.48000000000000004
1.0800000000000001 0.074403525763442113 0.16047855418746335
0.59708224638570007 0.5764775679939329 0.48000000000000004
0.38001710458940585 0.67999999999999994 0.29097376735435887
0.095685896401650927 0.67999999999999994 0.31262686910760162
0.1328924033966683 0.42623070664115081 -0.080000000000000002
0.11210472364331658 0.39185803464957458 -0.080000000000000002
0.909262000447147 0.54512148553094775 0.48000000000000004
-0.080000000000000002 0.44501516545374942 0.062985868533049022
-0.080000000000000002 0.21797764478432582 0.27263387297201169
0.42067741989294816 0.34171774547675071 0.48000000000000004
0.68583100610931669 -0.080000000000000002 0.20263147357873273
0.10049688313955008 0.67999999999999994 0.085749200564101291
1.0800000000000001 0.27104318079161199 0.38443343206040526
0.24581698041536271 -0.080000000000000002 0.34018840502233899
0.61585958318664924 0.67999999999999994 0.25858292515533965
0.21950292981931652 0.22372868657197925 -0.080000000000000002
-0.080000000000000002 0.0092231325913651567 0.27908958357007729
0.89481870773199812 0.67999999999999994 0.39849770589279043
1.0800000000000001 0.57528586785626623 0.17110844215744214
-0.080000000000000002 0.55763745539601983 0.13664989761014038
0.70470667516109353 -0.080000000000000002 0.25581694057349069
0.66787944001551236 0.083523673594888548 -0.080000000000000002
0.3543169453047369 0.67999999999999994 0.29217329270533393
0.85048992976135118 0.58111484428835136 -0.080000000000000002
0.17973844781754678 -0.080000000000000002 0.14591945146427163
0.34427335890576938 0.67999999999999994 0.017274906422113424
0.70037509139248633 0.53250366286246209 -0.080000000000000002
0.98492588598765196 -0.080000000000000002 0.30461588110537596
0.83888255792548028 0.22357764220819848 0.48000000000000004
0.72102830315132049 -0.080000000000000002 0.23124884586465441
0.34418242950969724 0.53815995066573186 0.48000000000000004
0.99859668445857763 0.51616279476784799 0.48000000000000004
0.79085363857977287 0.38711757114632844 0.48000000000000004
0.83513849736079548 0.0042970649973145701 0.48000000000000004
0.93887700210319713 0.27380432795481752 -0.080000000000000002
0.21323683779179603 0.67999999999999994 0.38680411368976619
1.0800000000000001 0.028542044944650513 0.088004056565506569
-0.080000000000000002 0.1991981065357942 0.26217074004038665
0.52814183899560274 0.67999999999999994 0.39422022115866506
-0.080000000000000002 0.22281540987731843 0.29206597436174953
0.2024645054993347 -0.080000000000000002 0.24324322196796411
-0.080000000000000002 0.046350213284081621 0.09874310322433405
0.89579109741093743 0.57016315568576137 -0.080000000000000002
0.68310955193026013 0.4469225419322721 0.48000000000000004
0.21146926313713588 0.50047411967081767 0.48000000000000004
0.87759933375457388 0.67999999999999994 0.23935051267684304
0.73291190887273006 0.67999999999999994 0.34084337341935755
0.96828343575220377 0.53249869832687657 -0.080000000000000002
0.92977562045755624 -0.080000000000000002 0.37813969391825558
1.0800000000000001 0.4614154657647398 0.13862551313705324
1.0800000000000001 0.44540056523030813 0.31212119948135431
1.0800000000000001 0.58450491775540192 0.27878383887924607
0.046752252652072279 0.67999999999999994 0.22317329095410565
0.24572785843239953 0.30147594700752045 -0.080000000000000002
0.010766898042934181 0.67999999999999994 0.36001155229357767
0.19312012099407372 0.3893206786153382 0.48000000000000004
0.71741203087694083 0.56354394380705553 0.48000000000000004
0.34125321665217234 0.56534130276830441 -0.080000000000000002
1.0800000000000001 0.02087137897017266 0.0048320784957889273
-0.080000000000000002 0.080432379553626546 0.27676494165508814
0.65832298601512851 0.67999999999999994 0.13537478991573079
-0.080000000000000002 0.57693983786356273 0.23145166135884965
0.77036883390822208 0.26728483620628968 0.48000000000000004
0.21005693756916322 0.42323919116034103 0.48000000000000004
0.49182003562028842 0.71999999999999997 0.26089300545165328
0.33623810195298665 0.24900907834014985 -0.12
-0.12 0.54469218529285723 0.39677275683397684
-0.12 0.011266098865829721 0.059721588993325692
0.26836876479533756 0.46138189989946349 -0.12
1.1200000000000001 0.15964818328895758 0.098775521922058879
0.77733967547228722 0.012928496770414032 0.52000000000000002
0.89231729063953225 0.12479180722875327 -0.12
0.76744305157094461 0.32469916807353355 0.52000000000000002
1.1200000000000001 0.1796319929177298 0.037505748879774897
0.68041443125244339 0.55433064847955771 -0.12
-0.12 0.23708403913395057 0.18027251580145565
0.76609811173663478 0.71999999999999997 0.17684459894829774
-0.12 0.16734210876871605 0.20594227560888814
0.73768282393674589 0.35540370435659319 -0.12
-0.12 0.57180279007200541 0.37050957607402341
0.90869847292548556 0.71999999999999997 0.22909258246460662
0.4870476851626736 0.095815311232761435 0.52000000000000002
0.16415331398500632 0.59963202185232023 0.52000000000000002
0.85440265993231856 -0.12 0.30589537531894434
-0.12 0.083863526659370885 0.30584805222920686
0.26157627010815865 -0.12 0.26878366130296916
0.13964579358228291 0.71999999999999997 0.15523221170222043
0.40014276762529266 0.71999999999999997 0.39393312161224908
0.80225942905706216 0.42377929972512374 0.52000000000000002
0.40136983048526376 0.30607125286378878 0.52000000000000002
1.1200000000000001 0.2806035906151762 0.21304980083628938
1.1200000000000001 0.44723639432813111 0.18161769117967827
0.63314356453420007 0.71999999999999997 0.3971892745740957
0.23718901871649911 0.71999999999999997 0.3844117242166798
0.15477817030461738 0.71999999999999997 0.32668455585292216
0.52641233391779163 0.47463169038612563 0.52000000000000002
-0.12 0.36162093085463065 0.19566364137817227
0.65180402308376761 0.57987882663049994 -0.12
0.11102368562823584 0.086747391026711557 0.52000000000000002
0.47214155504293553 -0.12 0.300636341239575
0.93444693957693648 0.71999999999999997 0.25548728766472911
1.1200000000000001 0.2490094749335241 0.17743750015093929
0.40582154417959104 0.58467016299680752 0.52000000000000002
0.89782697398309774 0.31828275771697295 0.52000000000000002
0.13995947244457119 0.25564852139806943 0.52000000000000002
0.88974734886365936 0.089298785693284768 0.52000000000000002
0.17336420624808002 0.3501644395231801 0.52000000000000002
0.24483161818746979 0.28408961186884812 0.52000000000000002
0.74705728299757446 0.71999999999999997 0.25105926097417247
0.78698984553095686 0.07647573082371284 -0.12
0.11769803576672733 0.71999999999999997 0.31089064161943158
0.68955863654431127 -0.12 0.036601889360335309
0.58218406004717183 0.71999999999999997 0.22069257157759417
0.40629524354800817 0.40384305635618445 -0.12
0.20336733554690989 0.20244220894081155 -0.12
0.96606544647619508 0.71999999999999997 0.098121446971290063
0.070203222797038611 -0.12 0.32631906755679274
0.10306035801007285 0.20069997714233903 0.52000000000000002
-0.12 0.48701087627184869 0.045627408843417164
0.94821011546012735 -0.12 0.036674322978906049
0.95605456970980252 0.25387767178483561 -0.12
0.2240616510663993 0.058472038623147427 -0.12
0.93662237221951095 -0.12 0.019197041772056524
0.35704315537784104 0.22098201308559556 -0.12
0.28902673185210592 -0.12 0.1079311906598389
0.65127101860988934 0.014818330119134981 0.52000000000000002
0.0086362091653011674 0.19061237541134807 0.52000000000000002
0.46768957770900832 0.71999999999999997 0.25521933621016168
0.52414344382388478 0.26782867049217174 -0.12
1.1200000000000001 0.096015150442311348 0.020433947193319257
0.084123464301966044 0.41410896774744588 0.52000000000000002
0.0080746747485728187 -0.12 0.2684188296569695
0.084544539903326332 0.71999999999999997 0.061811198909380416
1.1200000000000001 0.0093822913620263959 0.33119871870872142
0.44913365997283206 -0.12 0.22391318372264191
0.89045733903039992 -0.12 0.089560833578798016
0.51045482975792744 -0.12 0.33203759789437226
0.3866112575798637 0.14275740009534649 0.52000000000000002
1.1200000000000001 0.23880093673717817 0.24747684469513517
1.1200000000000001 0.32551518667041329 0.0036608321210467756
0.26972137370945304 -0.12 0.39811190143518971
0.885679012265012 0.34707629009866586 -0.12
0.30874768029575728 -0.12 0.36343018713353559
0.94970648236296173 0.30558255940359225 0.52000000000000002
0.85861455571838663 0.28118151832474819 -0.12
0.66071726097588335 0.44072210419465513 -0.12
0.43031875012027543 0.51053224976255784 -0.12
1.1200000000000001 0.14156318414173574 0.26386918298511092
0.054867959518374754 -0.12 0.36569756301747586
0.66568445101720641 0.49295629140012198 -0.12
1.1200000000000001 0.043933983782602826 0.32074418727982779
-0.12 0.40164727356127711 0.33799147807726904
0.88423121032387086 0.71999999999999997 0.11776122401188856
1.1200000000000001 0.38842451421047008 0.35613515889649827
1.1200000000000001 0.16705653782233909 0.32646458830495029
-0.12 0.39735053644593643 0.12677716736707062
1.1200000000000001 0.53313853992357141 0.36630239213744986
0.68443898148035087 0.71999999999999997 0.22961558556033906
0.7915053732621572 0.15552635721544272 -0.12
0.37922993004323924 -0.12 0.3712844703709321
0.62081772252775136 0.21972920950282654 -0.12
0.72124517325870974 0.20666416998497411 -0.12
1.1200000000000001 0.20851716211294336 0.18112209804912496
0.24818818589472003 0.27394712372588303 -0.12
0.63713185292088093 0.24984907772073275 0.52000000000000002
0.93947454673148056 -0.12 0.25886637457073636
1.1200000000000001 0.32195725477002135 0.16405958484738159
-0.12 0.35882312392285043 0.27447968673210388
0.83387719924716719 0.10113002866797771 -0.12
0.52189473860772762 0.19688765508724779 0.52000000000000002
-0.12 0.016474249938040409 0.34124938254991477
-0.12 0.0029560129853462456 0.095298838357622484
0.94798645130982628 0.37608706921082236 -0.12
0.42178387835039755 0.041732528151633107 0.52000000000000002
1.1200000000000001 0.28160321159930796 0.044456257443146942
0.10316106678191272 -0.12 0.15872672259448384
0.57550423048734289 0.71999999999999997 0.09970923502657808
0.18356449070428205 -0.12 0.025610712267498937
0.27934758129249138 0.57610250186086609 0.52000000000000002
0.27672830139940796 -0.12 0.33654477664843535
1.1200000000000001 0.45705250873951248 0.35175862528565038
0.2280902522021464 0.13139605116603417 0.52000000000000002
0.17456506810729044 0.15268784287509396 -0.12
0.062467078863142178 0.22741155998385798 -0.12
0.44675946305200587 0.71999999999999997 0.007346284210543264
0.41528900269412639 0.29956240221960562 -0.12
0.33088568789377593 -0.12 0.032827986940646883
0.0041198281943078952 0.15849544592684672 -0.12
0.73717429602807272 0.2211342996903142 0.52000000000000002
0.97762860127456674 0.57062577727655173 0.52000000000000002
0.98213364759236532 0.22382137680168757 -0.12
0.6874409140702451 0.22920155605308279 0.52000000000000002
0.080341994872850098 0.081880928946512332 -0.12
0.57185923249731729 0.38951734706807317 0.52000000000000002
0.11074127892211449 0.5863017378488794 -0.12
0.49207843198311574 0.71999999999999997 0.38779616100393566
1.1200000000000001 0.35650771787737967 0.2033696844380693
0.14369255166394368 0.2796881361133704 0.52000000000000002
0.81569889711152821 0.21136653404536454 0.52000000000000002
0.67148749287407383 0.027131355652549493 0.52000000000000002
0.23873197225126963 0.71999999999999997 0.025130475618754523
-0.12 0.51137872360649961 0.26029894160410633
0.37391837824376251 0.22860377426770917 0.52000000000000002
1.1200000000000001 0.45211965641761387 0.034929743702666993
-0.12 0.056771904441353625 0.12617255141062433
0.68632145656949828 0.71999999999999997 0.20328532775737573
0.17874257240087899 0.21530812467427068 0.52000000000000002
0.83773380003524778 0.71999999999999997 0.018398916874403693
-0.12 0.26099572721159525 0.33311013162349723
0.3249856908149964 0.39325927648427284 0.52000000000000002
0.13683620594658719 -0.12 0.15691740588553116
0.043223172871226123 0.71999999999999997 0.32313253106214873
0.25655143855833396 0.024098022309083755 -0.12
0.54249558658455421 0.4182762626592631 -0.12
1.1200000000000001 0.31250989011565089 0.11734649753301905
0.42422173081607384 -0.12 0.078672168397860273
0.72269382319744069 0.71999999999999997 0.26551758028105593
0.47485019025949926 -0.12 0.15798947648846773
0.83373096006407754 -0.12 0.1749301420872692
0.44933068463670423 -0.12 0.29091398106945376
1.1200000000000001 0.34007101077109864 0.34692034719873371
0.5496507390804779 0.59497860203921737 -0.12
0.098818123610171171 0.57023726806736308 0.52000000000000002
0.56992039088243385 0.03916613620771614 -0.12
0.55283998731729134 0.71999999999999997 0.062900586094738739
0.99523955710085243 0.71999999999999997 0.19919478420427039
0.30249978369252195 0.34215294535738883 0.52000000000000002
1.1200000000000001 0.4153788860790783 0.21106629729634388
0.26429476517189865 0.17714475297749577 0.52000000000000002
0.19923613832933318 0.1335648646440325 -0.12
0.60236290380447977 0.71999999999999997 0.10821339635893774
0.9032266093881085 0.44485334822613337 -0.12
0.1803932451158643 0.71999999999999997 0.29820770948436159
1.1200000000000001 0.50360999379457161 0.088490287716220029
1.1200000000000001 0.34301845625378541 0.068640872448007387
0.7535901442281856 0.58457671117080356 -0.12
0.94484419278147525 0.71999999999999997 0.3539547783724169
0.15790537898344004 0.17143393361127707 -0.12
-0.12 0.27872593604116574 0.17343557729333978
0.21764153820011978 0.71999999999999997 0.1140455538457289
0.99174489294793455 0.066316079644002546 -0.12
-0.12 0.59240643931965364 0.39132701051043295
0.29620757236084005 0.45424367183502956 0.52000000000000002
1.1200000000000001 0.098985216955216671 0.21818858092472324
0.94943080477311059 0.13229854217444234 0.52000000000000002
0.97230937104426252 0.10594019734115734 0.52000000000000002
0.12555747591095101 0.0087670113233840885 -0.12
0.75022534117663553 0.16767633172959776 0.52000000000000002
0.94242508998214092 0.2326832762413521 0.52000000000000002
0.65254955220601485 -0.12 0.12383075055686805
1.1200000000000001 0.20474505198633608 0.30637907456754188
-0.12 0.16927287231024613 0.26914567755552543
0.99133550629723055 0.33192360037824181 -0.12
1.1200000000000001 0.56378035686391637 0.12720892545231849
0.57520932688201298 0.18455199400321587 0.52000000000000002
0.22769122278762266 0.53449368597875146 0.52000000000000002
0.10550520156020027 0.16008853413752239 -0.12
0.5723179079542482 0.71999999999999997 0.25780254532199276
0.21916604161578568 0.033750753033691461 -0.12
0.84264534193271823 0.10859517300768397 0.52000000000000002
0.66062453087045059 0.22034152856056183 0.52000000000000002
1.1200000000000001 0.53881854105802351 0.29508467718575659
0.012427496466847598 -0.12 0.36056158636589852
0.99161348489528645 -0.12 0.25959536891190516
0.53300512298413427 0.50590739554120712 -0.12
-0.12 0.23147175977645279 0.037265057044280472
0.36017375461270229 0.32809647002933545 0.52000000000000002
0.24692800676744897 -0.12 0.11799514648807637
0.95514471391726752 0.16782601821114201 -0.12
0.50698607415975061 -0.12 0.069256249664122693
0.53346330320741231 0.57841036972818904 0.52000000000000002
0.89499034332520799 0.71999999999999997 0.1751624021018553
1.1200000000000001 0.12183456619060246 0.11152513952041626
0.25072863023101055 0.52688369203481422 -0.12
1.1200000000000001 0.0042193267626321473 0.018825710471595737
0.0061600322792020323 -0.12 0.08706914355550853
0.63005046948348153 -0.12 0.13456454197374801
0.53118140231174504 -0.12 0.012365681232348403
0.40313706679484285 0.71999999999999997 0.032632572897670853
0.022718933780937256 0.71999999999999997 0.024016503024949287
0.91790610546896578 -0.12 0.11180417959988437
-0.12 0.42151974498840955 0.031154840439613321
0.10376352974139824 0.71999999999999997 0.14656628172331021
0.34662089860548262 0.36539425258650182 0.52000000000000002
0.93246826518349069 0.41325168690169356 -0.12
0.4947289217092119 -0.12 0.26337276772901863
0.2776297710640413 0.099685379253012171 0.52000000000000002
0.80715440453067744 0.53594228316847381 -0.12
0.049086610721814194 -0.12 0.34578138475499276
0.91458711397023651 0.35471516262928343 0.52000000000000002
0.91636336388518536 0.04045593558863092 -0.12
0.71441297895052047 -0.12 0.30286701441666525
1.1200000000000001 0.45320156732319428 0.10082813931232598
0.72595608865342165 -0.12 0.18603939218939322
0.69192354540403844 0.40186861961945719 -0.12
0.64870333056262064 0.118921226644911 0.52000000000000002
0.16569354012449022 0.71999999999999997 0.17035831835087409
1.1200000000000001 0.35024217557695392 0.15073531225372958
0.30546678025143204 -0.12 0.086448197125389162
0.83963765908452281 0.71999999999999997 0.28878876962838324
0.058238214787464937 0.42369888676656836 0.52000000000000002
0.13901450814177729 0.13092321155570233 0.52000000000000002
1.1200000000000001 0.30947739952846459 0.23875862563697173
0.53535392408702442 0.57860929240298331 -0.12
0.35009677538163819 -0.12 0.26471121540768361
0.83825903247708089 -0.12 0.21175095175604006
0.72025300617903043 0.71999999999999997 0.064927457459257765
0.36478742035830258 0.5022626985458668 -0.12
0.5815286119046521 0.48035081789793826 -0.12
0.49716008592188543 0.44846268297186387 -0.12
0.63930080303584824 0.45010053022754459 0.52000000000000002
0.38252904965642753 0.52327775366351637 -0.12
0.094662996097748975 0.33748237828211036 -0.12
0.18661772157622847 0.55889398271953039 0.52000000000000002
0.36144009058668192 0.51377801046201654 0.52000000000000002
0.033907747642783037 0.0098247019243226097 0.52000000000000002
0.45908294097829871 -0.12 0.0053870159705520677
0.43164437452278226 0.41612318202019094 0.52000000000000002
0.8694373989183013 0.26093547986619903 -0.12
0.89266437619666872 0.71999999999999997 0.020975585969072966
-0.12 0.15847364673941916 0.051547682620400485
0.78509831000727781 0.2058963563769422 -0.12
0.92534213601010606 0.13147601898210548 -0.12
1.1200000000000001 0.58129080382569276 0.24828825960418086
0.99857572344165368 0.71999999999999997 0.053215856059621737
0.99471105692372741 -0.12 0.20716575038450041
1.1200000000000001 0.33066792282366236 0.22481327601657594
0.71668971290675054 0.55554511113285254 -0.12
1.1200000000000001 0.010332429385969899 0.36928677313092528
0.3928898542518362 -0.12 0.25130622953307646
0.69671266923768227 0.71999999999999997 0.07018988284081891
0.22047611616578855 0.71999999999999997 0.13807894291165845
0.69413913381076919 0.18161026936402336 -0.12
0.43599288537647485 0.53466442653969992 -0.12
0.70455820657957924 0.11014107143146554 0.52000000000000002
0.36163715425171894 -0.12 0.055855504339014456
0.089011669898924617 0.49057428692490757 0.52000000000000002
0.51544298450947423 -0.12 0.221788848173745
0.58378766098571433 -0.12 0.17375115651573655
0.6009016825939314 -0.12 0.28153591385183319
0.55762501083934357 0.0063226529703886755 0.52000000000000002
0.15266385122894088 -0.12 0.22375303766759874
1.1200000000000001 0.037879678173991849 0.36554360668998281
0.96393955897844452 0.71999999999999997 0.39092932907175082
0.59726684646286632 0.063686281510401538 0.52000000000000002
-0.12 0.20177846676655908 0.32804821223768199
0.13946544077145073 0.011890863253287009 0.52000000000000002
0.90234260832975344 0.71999999999999997 0.26828546212211984
0.46933997571460373 0.17506055091093997 0.52000000000000002
0.95534207474619326 0.58182410550803287 -0.12
1.1200000000000001 0.42245835481753091 0.36103349937966878
0.31192436485380981 0.51070266058336489 0.52000000000000002
-0.12 0.41362972252854779 0.14239361824657168
0.04749685619740418 0.277249051299085 0.52000000000000002
0.90311558382513135 0.40972990577932045 -0.12
0.94599868730150105 -0.12 0.15308276934710474
0.93401885284798669 0.25419184023363789 0.52000000000000002
0.021366198104945777 -0.12 0.38192877032625816
0.8321689144992791 0.062204695079538519 -0.12
0.22554380441167265 0.25643122840967736 -0.12
0.61133482095374558 0.71999999999999997 0.069224984376081933
0.59805054439625349 0.35141367610603086 0.52000000000000002
0.89287023600370719 -0.12 0.2203148255172053
0.96438974571359359 0.71999999999999997 0.035621314980060735
0.51712169436239586 -0.12 0.12452297226714114
0.35711979646696967 0.71999999999999997 0.32318943320532595
-0.12 0.35403421895728016 0.012807440896118294
0.37305363143122272 0.71999999999999997 0.17983124979636536
0.29291962819764905 0.38981343679410363 0.52000000000000002
0.033196156183259107 0.58371634152848217 0.52000000000000002
0.59866188242789165 0.14226532175839318 -0.12
-0.12 0.40363467612882103 0.29212157516024273
-0.12 0.16866733370265763 0.076588618521331503
0.76873802408567105 0.71999999999999997 0.22305477819815656
0.76104843277643042 0.25254829741088092 -0.12
0.68248984393126444 0.36394147920055347 0.52000000000000002
0.09283990438338019 0.35939025850339634 -0.12
0.45473390072010755 0.11838244582188244 0.52000000000000002
-0.12 0.2534421101886466 0.25647901035218124
0.59200786016407847 0.36817803229310275 -0.12
0.67286675780781313 0.34427153681811373 -0.12
0.24031482795042769 0.71999999999999997 0.21166882896246794
0.58934371501932636 0.0067753232036541263 0.52000000000000002
0.17955342448661271 -0.12 0.090000397354622674
0.16062060469799933 0.34964776427930749 -0.12
0.49949801111715386 0.073804287594674292 0.52000000000000002
0.46551460344090934 0.54306091013350066 0.52000000000000002
1.1200000000000001 0.49705327320410347 0.048675216803010679
0.92205956179488835 0.3848152528765752 0.52000000000000002
0.1418979048018072 0.71999999999999997 0.060083874715121943
-0.12 0.35849814663031421 0.16230142766166245
0.015115803581189358 0.2444711357461968 0.52000000000000002
0.23658467271381545 0.46665765880241139 -0.12
0.90279193241701861 0.71999999999999997 0.14821343364037773
0.17205224972023336 0.32075947843653863 -0.12
0.47231242224867265 0.44364259528468908 -0.12
0.77766709813582968 -0.12 0.27692476482774186
0.10935425791277154 0.052311748474291986 -0.12
-0.12 0.25667753393955622 0.30805529683370936
0.99461279119549539 0.26003630635917091 0.52000000000000002
0.40917077956598491 0.0067572298473433934 -0.12
1.1200000000000001 0.42239439082142755 0.14659529068274524
0.12820904830396274 -0.12 0.11190059421238918
0.60962359688115497 0.53958336314056277 0.52000000000000002
0.016448642874810182 0.13564679453074119 -0.12
0.54039565297464809 0.3038527723346594 -0.12
0.81494953879496757 0.42771198189547066 -0.12
0.82362531436446929 -0.12 0.054227739275919264
0.5554594989418572 0.33354134997001761 0.52000000000000002
0.60969624861882832 0.19981738326644261 0.52000000000000002
0.44694145846530642 -0.12 0.31888907186626686
-0.12 0.03928332288202134 0.15300576140407954
0.18551435517460313 0.10658657283548728 -0.12
1.1200000000000001 0.14811242705521854 0.18017999340093485
-0.12 0.53149756891858257 0.21752328656052469
0.042304993797434243 0.71999999999999997 0.00015123395286016362
0.80095979319222654 0.28673794308329154 -0.12
0.22297760760016605 0.39673681970245955 0.52000000000000002
0.55409574444989129 -0.12 0.29696933432267147
0.93230249128938136 0.71999999999999997 0.31997757630554907
0.15238918309350891 0.71999999999999997 0.23152328976824568
0.96676209257892642 0.039326748910925469 -0.12
0.84684438565689302 0.71999999999999997 0.35132282306456408
0.64507658685798375 0.71999999999999997 0.032063290840528856
0.39336881490390552 0.29286415775417507 -0.12
0.53020999689154069 0.55133893626580299 -0.12
0.59693048630412004 -0.12 0.054377654489282494
0.98071557785497943 -0.12 0.28274306233412083
0.81534868035273678 0.050144918929384774 -0.12
1.1200000000000001 0.14407413285783671 0.032796712842454535
0.11704363236284221 -0.12 0.28951779645254772
-0.12 0.057234727649160107 0.21010037284203667
0.39092999068360301 0.44869740098486621 0.52000000000000002
1.1200000000000001 0.56434438847701773 0.34365702783273566
0.12727363891942911 0.32903785237754757 -0.12
-0.12 0.59249577357885475 0.031373327619431547
0.57841345288685464 0.42542934435718299 -0.12
1.1200000000000001 0.10760633888365939 0.35255814995488682
0.64176326812049056 0.039850722002939043 0.52000000000000002
1.1200000000000001 0.53296492664899731 0.14783623858938139
0.1675628448672386 0.71999999999999997 0.0012643376225266679
0.93160485240169566 0.16504752542743972 -0.12
0.26529120109530779 0.71999999999999997 0.039568360133807892
0.34326102707971196 0.71999999999999997 0.20818298415581482
0.076294840905052341 0.22518600545013309 0.52000000000000002
0.22876518211478047 0.39954337420209046 -0.12
0.83671657067835981 0.34758446659759645 -0.12
-0.12 0.57028593098403946 0.037630977262387066
0.51769978131022187 0.2350461409275113 0.52000000000000002
0.85476835662376449 0.23994444713688201 0.52000000000000002
0.38832543027640787 0.71999999999999997 0.36986751622775199
0.94717393128813621 0.14492176400862933 -0.12
0.23424636703476998 -0.12 0.19072334651579778
0.51712300547739853 0.71999999999999997 0.33443018370190125
0.081721432951404216 0.069523958657830204 0.52000000000000002
0.55162259900348332 0.027688023902267368 0.52000000000000002
0.65185216853869399 0.71999999999999997 0.28653094168016296
0.2808274677249738 0.51892680481052345 -0.12
0.76360017604695185 0.41657832407697626 0.52000000000000002
0.68389749701290026 -0.12 0.25726355256455702
0.013949826634577556 0.101745458360125 -0.12
0.38126377525509736 0.13517983431991254 -0.12
0.16425769579525473 0.71999999999999997 0.084088943497906521
0.17021470479547973 0.44980225300665089 -0.12
1.1200000000000001 0.28584285631616074 0.36960460753597141
0.337429281437161 0.71999999999999997 0.33126809326748441
0.53953685923140127 0.17189466424178579 0.52000000000000002
0.46349627264015492 0.71999999999999997 0.11338219943627457
0.85275791708367366 -0.12 0.27141096768356376
0.53723338946110122 -0.12 0.33141716238106605
0.24596745344247495 0.04792393451789001 -0.12
-0.12 0.14552975412240715 0.020113787597333802
0.85780057180878 0.42085090358998356 -0.12
0.69647716730671105 0.71999999999999997 0.1348388563382831
0.0096707676235617823 0.71999999999999997 0.12239462589849825
0.13779252808827758 0.43058491815698852 0.52000000000000002
0.82481188793280247 0.069498715681370629 0.52000000000000002
0.36351997447604012 0.13969960896613484 0.52000000000000002
1.1200000000000001 0.24106695279306034 0.084806279115025168
0.046922176180022257 0.54216309269022112 0.52000000000000002
-0.12 0.45920101283982906 0.08172062044053599
0.28485114862343053 0.71999999999999997 0.10141880129842794
0.97095797874307643 0.71999999999999997 0.37156609535726282
-0.12 0.082208782830153551 0.15260446694622609
0.10475231537225937 0.12536034729588019 -0.12
0.33531162379032664 0.71999999999999997 0.14600410458407859
0.35327653946318871 0.39895564817619067 -0.12
0.85873315606372447 0.4653206947017855 0.52000000000000002
0.084440281747188539 0.40679674388932596 -0.12
0.90643220627308885 0.045966452231410826 0.52000000000000002
0.90642175164299099 0.37075250090084366 -0.12
0.29265426543739481 0.36790291322853802 -0.12
0.24533020430240549 -0.12 0.25370941176478456
0.54229295028670021 0.12129175859054275 -0.12
0.38259020142545441 -0.12 0.21085545884777945
0.87240478239991304 0.15973855276895904 -0.12
0.51167716531474539 0.56701631434973498 -0.12
0.64532745934571378 0.39589794134892814 0.52000000000000002
0.1372363321351926 0.027214539618418909 -0.12
0.058152578981267244 0.53992143149525629 -0.12
0.086603381389404599 0.1565620816775426 0.52000000000000002
0.66514973507753339 0.14963417937618217 0.52000000000000002
0.76181515596885052 0.12553320634350926 0.52000000000000002
0.06476367518459436 0.18719810172574636 0.52000000000000002
0.071293249062208131 0.71999999999999997 0.21417880181991161
0.29601264106254255 0.71999999999999997 0.39081338389304521
0.92683847715946333 0.043857575824115737 0.52000000000000002
0.067185951007242339 0.71999999999999997 0.38091044991943601
0.53314235602655913 0.36349708756020066 0.52000000000000002
0.91845138137672444 0.13818888389040868 0.52000000000000002
0.49709095743230047 0.22218220043850198 0.52000000000000002
0.096891740670528193 0.24478941633166273 0.52000000000000002
0.84991715206743423 0.023177958655910814 0.52000000000000002
1.1200000000000001 0.31539988021596338 0.36699889369693933
0.67656805958224198 -0.12 0.16312815088258636
0.90929610553943307 0.71999999999999997 0.055131413822569676
0.3598899234783518 -0.12 0.14513741583277714
0.75351432326704615 0.71999999999999997 0.28546512762880299
1.1200000000000001 0.14550595495732022 0.22676614870187933
0.14976141474642413 0.23330727522276196 -0.12
-0.12 0.31945457927915566 0.24893161356876431
0.74861087953519467 0.71999999999999997 0.21668540809654388
1.1200000000000001 0.48045258872838914 0.27628663400158365
0.984537746834525 0.35995895103785425 0.52000000000000002
0.44783754607759108 0.2535317036564293 0.52000000000000002
0.89526296203607758 0.71999999999999997 0.094469704085465844
0.064370364854142825 0.71999999999999997 0.17857807201768749
0.086180084503385657 0.28669212392123999 -0.12
1.1200000000000001 0.017534916022098002 0.063547873030049606
0.32249030082023133 -0.12 0.39101448138606143
0.51869050974956854 0.26362864616999016 0.52000000000000002
0.4515716152273237 0.14008437750614122 -0.12
0.39098013012698007 0.34472054570785998 -0.12
0.97874714892930648 0.20322780145884253 0.52000000000000002
-0.12 0.050521755904156369 0.23729901949907686
0.91306435323546864 -0.12 0.3321214804954547
0.7106253602471283 0.44298503707667836 -0.12
0.43940382988556115 0.38883626332659094 -0.12
0.61917862695108661 -0.12 0.34545940828090588
0.99671335425974994 0.44209433048148417 -0.12
0.85689245906717371 0.71999999999999997 0.13648229189521999
-0.12 0.59446504292674507 0.18433545961644582
0.27871262016262954 0.063402805957973318 -0.12
0.72128836678093078 -0.12 0.26808898438060169
0.46502902835232274 0.056186340648048547 0.52000000000000002
0.71207482647939002 0.065059294018027347 -0.12
0.86799868008691439 0.20827089235147428 -0.12
0.3920449319554109 0.71999999999999997 0.081608226404761022
0.86072849431742937 0.56147010274833353 0.52000000000000002
0.35340365097167625 0.080970360651157411 0.52000000000000002
0.88152697950116987 0.43739044344153111 -0.12
-0.12 0.4486032006128351 0.00042314296303076483
0.21101524265729987 0.10560917043802365 -0.12
0.39533002942500972 -0.12 0.33566759724600004
0.57206333642134855 0.54958435339483092 0.52000000000000002
0.24144897278188804 0.44872338799453332 0.52000000000000002
0.40495595554909714 0.71999999999999997 0.29078341629340787
0.46600920231481202 0.22568112426990866 -0.12
0.52319895665381622 0.71999999999999997 0.25232246401223601
0.38320241970306856 0.17883170822908553 0.52000000000000002
0.8206708950277708 0.71999999999999997 0.35251447381316886
0.78896006131242247 0.71999999999999997 0.26867087331414857
-0.12 0.41842921468330341 0.087682206873803376
-0.12 0.59601633903082696 0.15685065400318404
0.34109218145013276 -0.12 0.19260772978461974
0.066320967715879364 -0.12 0.072105008995349704
-0.12 0.24981346719943154 0.11831504456577951
0.85746307215599638 0.50462855998909928 -0.12
-0.12 0.28651646763510014 0.26256693501725026
0.74314354148210238 -0.12 0.39986824406907584
0.31503272861265375 0.25631774834439847 -0.12
0.39603029823095426 0.37959486532323988 0.52000000000000002
0.33806965911291986 0.063368645746287866 -0.12
0.067381997410033478 0.51860968471336621 -0.12
1.1200000000000001 0.18263712955295108 0.10194655600073754
0.52702212159858519 0.49868651260886532 0.52000000000000002
0.4993634887886228 0.17107228134867425 0.52000000000000002
0.096613691569853888 0.71999999999999997 0.3428711987386901
0.67414441426964899 0.71999999999999997 0.30465215286856528
0.89993149055649935 0.28098208732339369 0.52000000000000002
0.91377425464579043 0.28376807538225274 -0.12
0.63431682839642767 0.31740480787899628 0.52000000000000002
-0.12 0.30658616353935919 0.040377931218882779
0.92140493088701192 0.5811155769316485 0.52000000000000002
1.1200000000000001 0.30206614748947663 0.073263601927078842
0.42746557877193647 -0.12 0.33006978938559445
0.46639226079304164 0.57357707136638147 -0.12
0.7040403784893301 -0.12 0.18660467676871303
0.70696502272532735 0.5254410129265662 0.52000000000000002
0.77034744824087231 0.71999999999999997 0.05452884803760636
0.43005706406678568 0.017998901357359931 -0.12
0.84102129097677347 0.2932232748407459 -0.12
0.090529765172933652 0.71999999999999997 0.17150947184194776
0.82823014961293229 0.71999999999999997 0.39170856023237799
0.71546052626727163 0.71999999999999997 0.31926460435608739
0.17637303663704362 -0.12 0.26354652454997651
0.080183728450496483 0.71999999999999997 0.033258947519864246
-0.12 0.25804422854004239 0.2022146811056906
0.71492794514855029 0.13226412722736441 -0.12
0.80204519998201229 -0.12 0.08836475427911239
0.47125713142058367 -0.12 0.12865832018771042
0.12136209354056349 -0.12 0.37518302127940129
0.018463292915694152 0.71999999999999997 0.29139388871196437
0.71892520676494531 0.4866810117825377 -0.12
-0.12 0.51708192830353628 0.16524954661993185
0.1782164111604102 0.71999999999999997 0.22112017922887506
-0.12 0.29029576514882099 0.11028685280650148
0.30618250680356685 0.46464489075828719 -0.12
-0.12 0.4490643045112932 0.18157649693991271
0.36673825336498578 0.71999999999999997 0.22022912502815195
0.010782010770872485 0.55803444895644216 0.52000000000000002
1.1200000000000001 0.19471686552345985 0.23652231642038518
0.64116721618364725 0.25296225081563423 -0.12
0.2430208558413558 0.4428324253235093 -0.12
1.1200000000000001 0.39681695110832138 0.099966286627416689
-0.12 0.33846979818945166 0.27961512840283759
0.86500903047926181 0.046568904277960899 -0.12
0.19433794498554402 0.0061216038120657235 -0.12
0.89664720894219074 0.064767263678388254 -0.12
0.39563903987535487 -0.12 0.12311093096798049
0.47087031157200843 0.20171574005395032 -0.12
0.71906558167849621 -0.12 0.39494410280222297
0.65529341813704522 0.71999999999999997 0.06016965615407819
0.32092316794766962 0.17159172303899251 0.52000000000000002
0.61741885017160347 0.39300613747013236 -0.12
0.22096937931392835 0.079851313162634274 -0.12
0.61011973626598659 -0.12 0.21331845256025841
0.94205098560730305 0.086956737198528589 -0.12
-0.12 0.22863137370033448 0.064929185683346935
0.7398269024439601 0.71999999999999997 0.011591337138590242
0.51464951404403192 0.71999999999999997 0.1632416129089288
0.15369744636246996 -0.12 0.0092350528161585736
-0.12 0.1105835660218317 0.2602596637897921
0.42176925819206967 0.32110013444870772 -0.12
0.39531591931952181 0.47182795243734293 0.52000000000000002
1.1200000000000001 0.38182949516150533 0.19850754529786585
0.81175355963061635 0.34011866316090383 -0.12
-0.12 0.23877448749495536 0.15112023552661455
0.44547257066715429 0.35863103759076936 0.52000000000000002
0.0074494609265949308 0.37040462174622407 0.52000000000000002
0.50018542615722483 0.22400471937570221 -0.12
0.29157740738396765 0.10425779878817021 -0.12
0.86294729545800608 -0.12 0.09936861634063876
1.1200000000000001 0.49098480527414251 0.13923076268883161
0.61792490687774748 -0.12 0.18606107658916021
-0.12 0.036135771393830597 0.058825609531195977
-0.12 0.070823034561546372 0.17950463608015466
0.21605085263236024 0.71999999999999997 0.16592006347119592
0.51479587062902243 0.138418464642031 -0.12
0.39360401169006909 0.083066253658306902 0.52000000000000002
0.81233389259161437 0.50226990759032808 -0.12
0.11862289383549562 0.47247646272394539 0.52000000000000002
0.17622499600172914 0.39649147559773207 -0.12
0.78448290706611401 0.34910686372619276 -0.12
0.17079174236785033 -0.12 0.34103292581026146
0.17448038494221407 -0.12 0.24329370702506981
0.80675119796104311 0.25181659286540642 -0.12
0.83772480073381728 0.71999999999999997 0.31218913146454197
-0.12 0.2035033815662681 0.015017063840062806
0.64550419346152765 0.18953021461977626 -0.12
0.69900243189612088 0.71999999999999997 0.27657339295085198
1.1200000000000001 0.41117082793304416 0.33747364402296864
0.61368363739467646 -0.12 0.3850228267117517
0.85776767521527286 0.71999999999999997 0.09739157364091354
-0.12 0.12108939498309274 0.38453490710365767
0.81085336462729685 0.53263045939374776 0.52000000000000002
0.65826986472145133 -0.12 0.18785486797440054
0.36701744254488422 0.10883716681155642 -0.12
0.92872706606089817 0.51511774214750161 0.52000000000000002
0.22000802593677249 0.03806683250743876 0.52000000000000002
0.68060072473728661 0.71999999999999997 0.15478239771166258
0.84953778378141165 -0.12 0.32836018629944991
0.98824604342960731 0.71999999999999997 0.2428098290238169
1.1200000000000001 0.36001443315034343 0.23149086865536819
0.59675600324650235 0.50458822598265218 -0.12
1.1200000000000001 0.29338348311866108 0.14705588556706792
1.1200000000000001 0.068277709831705446 0.34068886445385393
0.87612057704077395 0.55874589749342696 -0.12
0.91710817117955001 -0.12 0.013287413878398491
0.56180113080213734 -0.12 0.13416378840012141
0.43809721754109243 0.23480384429171033 0.52000000000000002
0.047942966515202579 0.04823544344588937 -0.12
0.77821680862444453 0.48183077301202476 0.52000000000000002
-0.12 0.30490894768697074 0.083061179616860423
0.20502961135098696 0.50134362379714958 -0.12
0.63433460630219607 0.71999999999999997 0.069435312037013294
-0.12 0.54321457800248607 0.051736840703107981
0.95099761916937953 0.4027627546023142 0.52000000000000002
0.17964877768950482 0.48263209685420572 0.52000000000000002
0.69788832099857512 0.34649624467143281 -0.12
0.77675398504629467 0.31825637159292491 -0.12
0.59618073307768926 0.27964723422050103 0.52000000000000002
0.54232518295561138 -0.12 0.26269689479745972
0.78986446611756589 0.53894617803546396 0.52000000000000002
0.19735710749554491 0.33196359682510335 -0.12
0.55188199322010001 0.18117091807846952 -0.12
0.038334948367988786 0.51388999128473467 -0.12
-0.12 0.022624234556987564 0.21524345853386562
0.24609977793583748 -0.12 0.28790553516252809
0.21216047597360588 0.28110322023338119 -0.12
0.8622777048624316 0.0062316437879199604 -0.12
0.9258548179684567 0.71999999999999997 0.21840316667427936
-0.12 0.25691743302840497 0.054652179145082518
0.44726473304842118 -0.12 0.36928103800867357
0.38902001844815381 0.51612627595307237 0.52000000000000002
0.33089081722828184 0.52195159898620058 -0.12
0.13054497814144628 0.57218433483058051 0.52000000000000002
-0.12 0.51324643827754524 0.23569611974186577
1.1200000000000001 0.32509614296433365 0.090372157563276989
0.092566096995003733 0.48024423136301903 -0.12
0.22215518769894449 -0.12 0.061336137683530724
1.1200000000000001 0.061934824809089184 0.25167762186261289
0.50172067943148047 0.35938205563645387 -0.12
0.17477596120457595 0.26314196243152721 -0.12
0.35582164512523107 0.24208889859196459 -0.12
0.60652592459445975 0.14447132527074669 0.52000000000000002
0.56670945331765987 0.59551255207305631 0.52000000000000002
0.30058018557133082 0.13280724449493889 0.52000000000000002
0.013329881241377239 0.53107051905007319 -0.12
0.71077931531148808 0.34035774071074848 0.52000000000000002
-0.12 0.42766216141113117 0.30747803287802355
0.75586370366040079 0.56232929868304538 0.52000000000000002
-0.12 0.14575123161696135 0.31662977218318489
1.1200000000000001 0.42916198677031392 0.086325985236562014
0.40971198542204579 0.519660597279888 0.52000000000000002
0.17648634142279418 0.58077801638685789 0.52000000000000002
0.35508578311318939 -0.12 0.35791144678024001
1.1200000000000001 0.25781953526688772 0.27239755364575546
0.11312307050045778 0.71999999999999997 0.27009837094791611
0.63414785106533589 0.35993421548763882 -0.12
0.23915892320687648 0.56783401423941648 0.52000000000000002
0.17894672001100131 0.070000364418706051 -0.12
0.38881318359781014 0.55120196213631467 0.52000000000000002
0.65643537733436075 -0.12 0.25932985458185553
1.1200000000000001 0.45553777571948484 0.21359268754233326
0.35779268408103981 0.45612028656689707 -0.12
0.071929858077578901 -0.12 0.019567364955190937
0.065805943108820375 0.5257275658476166 0.52000000000000002
0.35592813714581195 0.10733632716642069 0.52000000000000002
0.28969900345177113 0.71999999999999997 0.16332017136838939
0.87820513659018773 -0.12 0.23803654632646154
1.1200000000000001 0.4649685201211794 0.25718951562273773
-0.12 0.15815115183583875 0.35204735886101274
0.69463208491033879 0.41984108244329366 0.52000000000000002
0.30780180268742852 0.43060316526087428 0.52000000000000002
0.19984111974400875 0.33353672162926351 0.52000000000000002
0.980419369202157 0.71999999999999997 0.18562781044012056
0.95157651067320115 -0.12 0.10254899830058017
0.80961977978064537 0.71999999999999997 0.25711813861770522
0.56387053347169003 -0.12 0.33782490172169055
0.4807905808466707 0.29043435690005931 -0.12
0.43715871658092853 0.71999999999999997 0.098381032089509421
0.48922239545166557 0.043621377146085272 -0.12
1.1200000000000001 0.024350621937108574 0.033134713729605192
0.32697267638712346 0.59594787224680068 0.52000000000000002
0.47090588324036486 0.49353997857844439 -0.12
0.45053390756843337 0.023571008391555903 -0.12
-0.12 0.26721743900104861 0.39938895685302755
0.19035363148567375 0.56777590475278561 -0.12
-0.12 0.24866375304816801 0.37039923489917853
0.47610349689901488 0.20540791741803147 0.52000000000000002
0.52983692714766117 0.011274113528021212 -0.12
0.30829997127509889 0.073485079390838481 -0.12
0.2434098202494015 -0.12 0.3957614170588899
-0.12 0.14286940181305813 0.13588200213093077
0.69490423031566551 0.45747213082287108 -0.12
1.1200000000000001 0.37534041419439612 0.035348341329099545
0.74481261329600479 0.18998085031389689 -0.12
0.96829453098018681 -0.12 0.17684046996802449
0.94407516351750309 0.71999999999999997 0.1791365073575174
0.91719374787731078 0.71999999999999997 0.39063292045975123
0.56948698243205698 0.52613506286050815 0.52000000000000002
-0.12 0.30588477994950447 0.35613823264602407
0.43473119559714912 0.71999999999999997 0.30103562491614716
0.13427231025217734 0.71999999999999997 0.26807307439903494
0.089286830068405099 0.2216666102693069 -0.12
0.14993810244307848 0.08050338339460128 -0.12
0.44449260995998163 0.71999999999999997 0.38843125681355684
0.98835878576391045 -0.12 0.11355544073395935
0.20367998265104803 0.45710422430720171 -0.12
0.8261137338423753 0.71999999999999997 0.14873163731122371
0.80969612140560965 0.71999999999999997 0.12094643267611156
0.57282094073669887 0.03305452209150201 0.52000000000000002
0.4180834589364284 0.55319614494579505 -0.12
0.45824581105249595 0.71999999999999997 0.17961982087146719
0.4909052806548061 0.32559759663101895 -0.12
0.44481838923897554 0.30533965321612627 -0.12
-0.12 0.049351972951139821 0.27576196589189284
0.57402852177095365 0.71999999999999997 0.33081658197740649
0.43348445076023756 0.71999999999999997 0.04095047592606247
0.9414427303054379 0.71999999999999997 0.0071727805858502252
0.36018512426281246 0.16855132713840193 0.52000000000000002
0.50486700904622905 0.30876829999958905 0.52000000000000002
0.91812680376117617 0.47010631782138501 -0.12
0.89302301406859896 0.3544873491882029 0.52000000000000002
0.68673876897517494 0.053031661793980778 0.52000000000000002
0.62158728607910074 0.053330154535665787 0.52000000000000002
0.70548550212274874 0.43778109593602538 0.52000000000000002
0.93811930291452394 0.71999999999999997 0.23555730270251868
0.80118189414892615 0.14893895076892283 0.52000000000000002
0.4844594440500084 -0.12 0.046320239379307009
0.32403644609783755 0.017552624636462899 -0.12
0.3359705939318911 0.1004839133678804 0.52000000000000002
0.59464904315895384 0.71999999999999997 0.16451606205592456
0.016650462977174985 0.51104334732875834 -0.12
0.97447341804298604 -0.12 0.39527501574971291
0.90625427398493275 0.59304503379996831 -0.12
0.64009270340648572 0.19954963287478478 0.52000000000000002
1.1200000000000001 0.30904555885864238 0.019957334724136324
0.20333195665608106 0.45167574438486258 0.52000000000000002
0.73359490170292818 0.58211282383116747 -0.12
0.70616067154520223 0.082374244389091647 0.52000000000000002
-0.12 0.48983521222754167 0.10652321545058802
0.95127953483005334 0.022141056246205215 -0.12
0.6556023973597348 -0.12 0.22462807277937302
0.97137312205353288 0.24086477705796991 0.52000000000000002
0.75502419264365883 0.48600973104009659 0.52000000000000002
0.90903635559553209 -0.12 0.052004593629719598
0.28831555043261536 0.029847074577228482 0.52000000000000002
-0.12 0.10571910235629831 0.28092594671051951
0.0010243285661979407 0.070760168587795449 0.52000000000000002
0.59276180238138954 -0.12 0.37633072493913999
0.80864137680461246 0.29355528004408821 0.52000000000000002
0.70434094763523381 -0.12 0.073165188471069786
0.62053929474919378 0.09414846450045089 -0.12
0.57828259226021672 0.28734104889513512 -0.12
0.14199191911376119 0.71999999999999997 0.030234528329052338
0.80486277721571919 0.45076620471222373 -0.12
0.55432577404667649 0.10114136904964854 -0.12
0.28658046921314206 0.57958659633008613 -0.12
0.99956591760538038 -0.12 0.074269239098719686
0.24771537411437095 0.71999999999999997 0.15644909120952477
-0.12 0.12561000258528479 0.079664632262816643
0.011436209618702953 0.58766432765941568 -0.12
0.24432246656950307 0.71999999999999997 0.30019720786530157
0.56119422869295965 0.71999999999999997 0.29325577274258258
0.80444038931172845 0.57303409964213403 -0.12
0.31314796228401065 -0.12 0.22096363151363524
0.80195132688340787 0.71999999999999997 0.0027425703241419799
0.25197416519030358 0.39488057526141762 0.52000000000000002
0.97710520261567901 0.41840682115073763 0.52000000000000002
0.12508312926567855 0.71999999999999997 0.17180841871798599
0.092206751218979699 -0.12 0.10774435989218674
0.53163262568277503 0.47140085648809726 -0.12
0.066207226642522876 0.71999999999999997 0.25492476575848333
0.22755658186817262 0.71999999999999997 0.19593232004245117
0.59042969579490601 0.42012360300706331 0.52000000000000002
-0.12 0.017670245253065976 0.012977464443347242
1.1200000000000001 0.38501734073320815 0.33029250042788388
0.88497459816150459 0.1382659470843596 0.52000000000000002
0.096628364951227397 -0.12 0.35075358442517235
-0.12 0.5107033162121557 0.0053437871211154068
0.48791400407689212 0.71999999999999997 0.11837552391413944
0.77811363445228732 0.71999999999999997 0.36355491012877783
0.66221655949907954 0.11576633036698925 -0.12
0.95159659283409537 0.15725950389892338 0.52000000000000002
0.89216123502086031 0.27999071566185751 -0.12
0.5661801681577735 0.36253978627909272 0.52000000000000002
1.1200000000000001 0.084397693010797137 0.037512279868102287
0.21428341465343947 -0.12 0.093145350879319286
0.34607556790890759 0.19870467070284192 -0.12
0.45170349329042336 0.36007043455009169 -0.12
0.40377793303832199 0.070339351495590674 -0.12
0.59593268204144911 0.71999999999999997 0.3087266533342834
0.93782693539486273 0.19699121851488879 0.52000000000000002
-0.12 0.13417756598297348 0.15849002963857775
0.8630783564327259 0.71999999999999997 0.0017138062178199132
0.26578700217147078 0.25865434068345894 0.52000000000000002
-0.12 0.3544309151227209 0.041156447450768498
-0.12 0.20328376031300097 0.24128969954660071
0.96272589132239517 0.71999999999999997 0.13872832748041816
0.59086749066337463 -0.12 0.26358902184053756
0.66085364287824677 0.1723186385751965 0.52000000000000002
0.7391640633136225 0.075522131767336687 -0.12
0.33035614257107826 -0.12 0.25677105589446858
-0.12 0.079368089008312229 0.057139904824892229
0.53342063356566183 0.17049212583263074 -0.12
1.1200000000000001 0.16076907295347537 0.14949750914586332
-0.12 0.12333642162313246 0.052924415233583093
0.2567155272962045 -0.12 0.2148876246268186
1.1200000000000001 0.31522294512063692 0.39964150131430604
0.29211395721322964 0.71999999999999997 0.3054149050686682
0.66767963370192218 0.48174083367450743 0.52000000000000002
-0.12 0.29973182718091929 0.14872177479823565
0.012448798319504295 -0.12 0.322074278570818
0.75292343777537474 0.10187728354996292 0.52000000000000002
0.66852851977124217 0.092511616554168855 0.52000000000000002
0.83038868280565215 0.71999999999999997 0.23528464092753923
0.65830967037005306 0.1429703457210455 -0.12
0.44106477575056113 0.56895910784641324 -0.12
0.93804228263634937 -0.12 0.070510598203914143
-0.12 0.46436539705520397 0.34030055679894544
0.023659994404505058 -0.12 0.20313437968042367
0.19400050335789587 0.71999999999999997 0.37986057546757568
0.046217355225842249 0.71999999999999997 0.27196809069605132
0.6478585676598535 -0.12 0.29989462659641997
0.37793607759119319 -0.12 0.17250851857567728
0.31597388006737681 0.29550228845249898 -0.12
0.52279267062611035 0.011820333613090849 0.52000000000000002
0.74411996105664024 -0.12 0.32521570183266807
0.53363195353818305 -0.12 0.18808108561297435
0.34428450975242431 0.015166782837490844 -0.12
1.1200000000000001 0.10659125375795891 0.15898530141267375
0.41029934467859164 -0.12 0.16724303919849121
0.83571336492541703 0.46239000734294899 -0.12
-0.12 0.43390860595838643 0.3819220313234955
1.1200000000000001 0.11242239935369613 0.18172303062782535
0.43830006557410595 0.58522010097224486 0.52000000000000002
0.55962482946666803 0.71999999999999997 0.1707070790471597
0.75342763286495462 0.71999999999999997 0.16031429172577233
0.83346317925653157 0.71999999999999997 0.16944075885731463
0.65923018332809002 0.35762935680581298 0.52000000000000002
0.61171657102270938 0.52244465874384005 -0.12
0.23864506687610876 0.21372101669556692 -0.12
0.78879954681951692 0.71999999999999997 0.24450027546082409
0.3263133218767067 0.13111429517105636 0.52000000000000002
-0.12 0.35131934432454803 0.099749700041530082
0.089674782445062107 0.45791314313671683 0.52000000000000002
0.20449952892687895 0.71999999999999997 0.080582731104548666
0.66099595831291658 -0.12 0.38565160945226173
0.35849000992491242 0.56617803029405622 0.52000000000000002
1.1200000000000001 0.21943329383911464 0.068164309976972162
0.55689431321682015 0.48960261643035441 -0.12
0.15651248199339429 0.38544356009512154 -0.12
0.00058683537511194928 0.48603877658466332 -0.12
0.21492041870794698 0.71999999999999997 0.0023859267083894855
0.63803038668808276 0.56608771864747753 0.52000000000000002
0.17114294670861196 -0.12 0.18664933401644751
0.27746950739811849 -0.12 0.023603656957080291
0.2848423055313889 0.14525454113849745 -0.12
0.0020739763020881652 -0.12 0.13097837189141043
-0.12 0.35412356572925063 0.12265070991911498
0.13626390131405475 -0.12 0.048136501309956038
0.66073626198137025 0.5397016322690158 0.52000000000000002
0.32256517759329917 0.18106657981800622 -0.12
0.054261953085577797 -0.12 0.25169539227233484
-0.12 0.24454942249572462 0.0089424224416785776
0.86032806057725342 -0.12 0.20868859200856282
0.27309915147849095 0.30243384271081397 0.52000000000000002
0.66319676221402513 0.71999999999999997 0.19083860470515637
0.95742000046557663 -0.12 0.36593343692860913
0.55160680654179628 0.71999999999999997 0.2323989082132365
0.08111682220598937 0.58255423575393295 0.52000000000000002
0.59674902684385744 0.38971902442856754 -0.12
0.50760822537776285 0.35671356692912026 0.52000000000000002
0.1270116939889695 0.71999999999999997 0.098811056333455716
1.1200000000000001 0.14446369600175279 0.3199953444118328
0.22852887873893479 0.54339867420358812 -0.12
0.34230299894975558 -0.12 0.1006079735749299
0.62887326109939479 0.71999999999999997 0.13387248283774472
0.98537921259864447 0.71999999999999997 0.39256878612202928
0.23582446202150464 0.71999999999999997 0.17303892292122292
0.77279399256333026 0.13727181338375816 -0.12
-0.12 0.15741670886631293 0.37528851508607541
0.68429562434301194 0.4974837383307103 0.52000000000000002
0.054649207751457651 -0.12 0.28541812471114109
0.7282323342644399 0.017698437183644722 0.52000000000000002
0.92333932772191663 0.71999999999999997 0.1794653441093427
0.85833109266899388 0.085788911090450684 0.52000000000000002
1.1200000000000001 0.24094904950878315 0.14450928939922258
0.49762646791964971 0.47409000195557571 -0.12
1.1200000000000001 0.40926679748335448 0.29613591594833705
0.85983000756669647 -0.12 0.38250771865784916
0.25452176285141259 0.47860780596399488 -0.12
0.81749716485937762 0.56105425577660839 0.52000000000000002
1.1200000000000001 0.18761816458977265 0.18323577293239965
-0.12 0.42168548645658538 0.058619999438444648
0.057047954837106229 0.37005963202985404 -0.12
0.13580740799440438 0.71999999999999997 0.20747070123583722
0.86007995501461465 0.099314072359143357 -0.12
0.78168488281390369 -0.12 0.086872016685930351
0.26741874627130469 0.32981303449757182 -0.12
0.97152168605938338 0.71999999999999997 0.31666102109727629
-0.12 0.34297499534815407 0.38891599943407479
0.60907016510462997 0.45022156118728529 0.52000000000000002
1.1200000000000001 0.15743527281475767 0.00046380484582497772
0.15051915340467659 -0.12 0.31722148321539784
0.59755233912771422 0.031808935010340766 -0.12
0.22022925551141148 0.1328348419536397 -0.12
0.74244885529547033 0.71999999999999997 0.13241006276271899
0.44664554819880409 -0.12 0.27053018923123551
-0.12 0.23503937468105612 0.094524877039225796
0.20734976317812859 0.14881354175667846 0.52000000000000002
0.41909726928337998 0.71999999999999997 0.24322720499131584
0.4256369414215494 0.46485006819402391 -0.12
0.36768668694362672 -0.12 0.19491660141452283
0.084866684491816891 0.0045679012620050141 -0.12
0.54592828344187616 0.083057766459388518 0.52000000000000002
0.31999804631665074 0.71999999999999997 0.23793254570687006
-0.12 0.018548108329127611 0.37824189514006618
0.13936519043138718 0.46969844718350828 0.52000000000000002
1.1200000000000001 0.53796628861326157 0.20065791808838612
0.034183169075195141 0.034055534263832517 0.52000000000000002
0.34186921569307294 0.71999999999999997 0.18158175584717512
0.39652544177054716 0.71999999999999997 0.20493199299872378
0.45906189476824555 -0.12 0.34764421944047474
0.74485391220901709 0.71999999999999997 0.07900683474644242
0.65122314735571785 0.71999999999999997 0.31117988742670089
0.093057128754970408 -0.12 0.32446461004827581
0.12321743024049248 0.2669255476963896 0.52000000000000002
0.99764876156178672 0.40875261185618328 0.52000000000000002
0.54095039518565002 0.39343211167824321 -0.12
0.64146822392559333 -0.12 0.20436271646324922
0.22550456054765977 0.36454307060734914 -0.12
0.056304698992869051 0.32733304495664461 -0.12
0.23542271752378396 0.053843496934361676 0.52000000000000002
0.77866999114360369 -0.12 0.11574931414268347
0.92787749826577071 0.46393549595208461 0.52000000000000002
1.1200000000000001 0.19500685456068906 0.34041364081206571
0.67703114667782982 -0.12 0.063103422020017771
-0.12 0.31018428849995355 0.2235714907092847
0.43640660392014197 0.1165236327132757 -0.12
-0.12 0.53185466889371358 0.033965580943568212
0.54542502341339694 0.34806828485796037 -0.12
-0.12 0.41408344111302919 0.21154895918648775
0.17122108947670156 0.29712544944421976 0.52000000000000002
0.37642601658882435 0.36683638849957656 0.52000000000000002
1.1200000000000001 0.24366855749298894 0.36613867384781917
0.55239160859545822 0.53520390438778409 -0.12
0.99884953637483564 0.031872706361130265 -0.12
0.79896364014307786 0.71999999999999997 0.39353106761134476
0.77619531889759208 0.10892475821420064 0.52000000000000002
0.39137905519628502 0.71999999999999997 0.22529920029190481
0.1603889883650369 0.19414320512609212 -0.12
0.33779914219328222 0.71999999999999997 0.38290913789516257
0.66817639079498681 0.28416636239453757 -0.12
-0.12 0.10704173047403354 0.19438105054778407
0.74105089007423564 0.32051411424746284 0.52000000000000002
0.94827735489395049 0.10694609967569448 0.52000000000000002
0.33058443141608185 0.43263171222872299 -0.12
0.49124822108376909 0.28989191373936102 0.52000000000000002
0.56597282534525728 0.71999999999999997 0.37136930354570258
0.090726242756827169 0.2569568804810719 -0.12
0.49585639734737152 0.39003784719877488 0.52000000000000002
0.90837035592095539 0.21037384053464572 0.52000000000000002
1.1200000000000001 0.33672562377787901 0.19073732794017584
0.19615444117139136 0.71999999999999997 0.34501089961223919
0.54415965882672002 -0.12 0.35807331228898254
0.71126148160766045 0.28358429346282965 0.52000000000000002
-0.12 0.4213977933139047 0.3274017260572839
0.062972212116694681 0.1717836046160488 -0.12
1.1200000000000001 0.50830768323379172 0.067925664330243385
0.46138638294880907 0.71999999999999997 0.04819702824685717
0.33690139433180233 0.71999999999999997 0.05817286327612288
0.83293878756473605 0.19413859852348903 -0.12
0.90550911967564462 0.46930668159900935 0.52000000000000002
-0.12 0.43223522528462804 0.28499681626929191
0.65325359516804971 -0.12 0.0060023337673981384
0.077906293171784102 0.43767472072816382 0.52000000000000002
0.30545112962166099 0.22297303097121296 0.52000000000000002
0.80336973224602259 0.71999999999999997 0.025840240041486596
0.6121007653006213 0.41013032768624069 0.52000000000000002
0.76659209788239591 -0.12 0.34732065211162622
0.12245793802711824 0.39397267031137639 0.52000000000000002
-0.12 0.28636789744932156 0.063701547230266803
0.63950655740479567 -0.12 0.092397103380409185
0.4655264405998506 0.30591600481731873 -0.12
1.1200000000000001 0.21486347338399792 0.37804776007074659
0.39065223018302786 0.17922603967051631 -0.12
0.2839880521417163 0.16035207143020516 0.52000000000000002
0.13967191822102742 0.5213447617035919 0.52000000000000002
1.1200000000000001 0.56279769501034738 0.00091980624248022558
0.47609716423764725 0.31651919450101607 0.52000000000000002
0.62634216375689089 0.14266411624050163 -0.12
-0.12 0.54379256130389475 0.077235615586240647
0.016043566825849398 0.71999999999999997 0.087622526296420977
-0.12 0.11281707325292534 0.10863285512221937
-0.12 0.47298194843754626 0.29704336981663593
0.19758791082968086 0.27386896197753174 0.52000000000000002
-0.12 0.182743265899449 0.31000725470861196
0.71515541450026721 -0.12 0.32456169266907875
0.51070310268809993 0.14581617045102133 0.52000000000000002
0.58185857292056309 -0.12 0.12793767243840357
0.59940972116393898 0.59351607127507922 -0.12
0.95857810376167252 0.49074923624898248 -0.12
0.53246277073391635 -0.12 0.38018770320093537
0.44866700116734981 0.32681057315382483 -0.12
0.57204520797968827 0.71999999999999997 0.074676213570172983
0.36095519676769006 0.71999999999999997 0.12276286903391825
-0.12 0.28082208954919535 0.3163947758370243
0.92202615536083132 0.53212797146364865 -0.12
0.91069170890195883 0.090561347163942374 -0.12
1.1200000000000001 0.50770857747953002 0.1932977116494298
0.43880823063533392 0.45067740691482505 0.52000000000000002
0.010743531695318609 0.71999999999999997 0.31911573159770179
1.1200000000000001 0.48010055154244352 0.23725481080189514
-0.12 0.18134125798044595 0.39903085580573228
0.042079349146171952 -0.12 0.073261895036392619
0.91184213053988383 -0.12 0.26428140765356101
0.96067883928143682 0.19404512277478098 -0.12
0.82803755599536011 0.71999999999999997 0.067819553617172179
0.32697047373542931 0.4446805268503714 0.52000000000000002
0.78688733615453721 0.71999999999999997 0.20075511395465712
0.22806196116937572 0.080683940668654697 0.52000000000000002
0.81589690465631892 0.21868696792455355 -0.12
-0.12 0.52769792282903705 0.35024349843292257
0.17869990831193405 0.71999999999999997 0.024439335255052264
0.59435111450073685 0.065898824879468965 -0.12
0.47872564032903686 0.71999999999999997 0.071159315797270931
1.1200000000000001 0.017516631555225648 0.28632757227991273
0.77947453349931795 0.40763194728810292 -0.12
0.24427588816942825 0.36906284754085072 0.52000000000000002
1.1200000000000001 0.074403525763442113 0.16047855418746335
0.59708224638570007 0.5764775679939329 0.52000000000000002
0.38001710458940585 0.71999999999999997 0.29097376735435887
0.095685896401650927 0.71999999999999997 0.31262686910760162
0.1328924033966683 0.42623070664115081 -0.12
0.11210472364331658 0.39185803464957458 -0.12
0.909262000447147 0.54512148553094775 0.52000000000000002
-0.12 0.44501516545374942 0.062985868533049022
-0.12 0.21797764478432582 0.27263387297201169
0.42067741989294816 0.34171774547675071 0.52000000000000002
0.68583100610931669 -0.12 0.20263147357873273
0.10049688313955008 0.71999999999999997 0.085749200564101291
1.1200000000000001 0.27104318079161199 0.38443343206040526
0.24581698041536271 -0.12 0.34018840502233899
0.61585958318664924 0.71999999999999997 0.25858292515533965
0.21950292981931652 0.22372868657197925 -0.12
-0.12 0.0092231325913651567 0.27908958357007729
0.89481870773199812 0.71999999999999997 0.39849770589279043
1.1200000000000001 0.57528586785626623 0.17110844215744214
-0.12 0.55763745539601983 0.13664989761014038
0.70470667516109353 -0.12 0.25581694057349069
0.66787944001551236 0.083523673594888548 -0.12
0.3543169453047369 0.71999999999999997 0.29217329270533393
0.85048992976135118 0.58111484428835136 -0.12
0.17973844781754678 -0.12 0.14591945146427163
0.34427335890576938 0.71999999999999997 0.017274906422113424
0.70037509139248633 0.53250366286246209 -0.12
0.98492588598765196 -0.12 0.30461588110537596
0.83888255792548028 0.22357764220819848 0.52000000000000002
0.72102830315132049 -0.12 0.23124884586465441
0.34418242950969724 0.53815995066573186 0.52000000000000002
0.99859668445857763 0.51616279476784799 0.52000000000000002
0.79085363857977287 0.38711757114632844 0.52000000000000002
0.83513849736079548 0.0042970649973145701 0.52000000000000002
0.93887700210319713 0.27380432795481752 -0.12
0.21323683779179603 0.71999999999999997 0.38680411368976619
1.1200000000000001 0.028542044944650513 0.088004056565506569
-0.12 0.1991981065357942 0.26217074004038665
0.52814183899560274 0.71999999999999997 0.39422022115866506
-0.12 0.22281540987731843 0.29206597436174953
0.2024645054993347 -0.12 0.24324322196796411
-0.12 0.046350213284081621 0.09874310322433405
0.89579109741093743 0.57016315568576137 -0.12
0.68310955193026013 0.4469225419322721 0.52000000000000002
0.21146926313713588 0.50047411967081767 0.52000000000000002
0.87759933375457388 0.71999999999999997 0.23935051267684304
0.73291190887273006 0.71999999999999997 0.34084337341935755
0.96828343575220377 0.53249869832687657 -0.12
0.92977562045755624 -0.12 0.37813969391825558
1.1200000000000001 0.4614154657647398 0.13862551313705324
1.1200000000000001 0.44540056523030813 0.31212119948135431
1.1200000000000001 0.58450491775540192 0.27878383887924607
0.046752252652072279 0.71999999999999997 0.22317329095410565
0.24572785843239953 0.30147594700752045 -0.12
0.010766898042934181 0.71999999999999997 0.36001155229357767
0.19312012099407372 0.3893206786153382 0.52000000000000002
0.71741203087694083 0.56354394380705553 0.52000000000000002
0.34125321665217234 0.56534130276830441 -0.12
1.1200000000000001 0.02087137897017266 0.0048320784957889273
-0.12 0.080432379553626546 0.27676494165508814
0.65832298601512851 0.71999999999999997 0.13537478991573079
-0.12 0.57693983786356273 0.23145166135884965
0.77036883390822208 0.26728483620628968 0.52000000000000002
0.21005693756916322 0.42323919116034103 0.52000000000000002
VERTICES 4476 8952
1 0
1 1
1 2
1 3
1 4
1 5
1 6
1 7
1 8
1 9
1 10
1 11
1 12
1 13
1 14
1 15
1 16
1 17
1 18
1 19
1 20
1 21
1 22
1 23
1 24
1 25
1 26
1 27
1 28
1 29
1 30
1 31
1 32
1 33
1 34
1 35
1 36
1 37
1 38
1 39
1 40
1 41
1 42
1 43
1 44
1 45
1 46
1 47
1 48
1 49
1 50
1 51
1 52
1 53
1 54
1 55
1 56
1 57
1 58
1 59
1 60
1 61
1 62
1 63
1 64
1 65
1 66
1 67
1 68
1 69
1 70
1 71
1 72
1 73
1 74
1 75
1 76
1 77
1 78
1 79
1 80
1 81
1 82
1 83
1 84
1 85
1 86
1 87
1 88
1 89
1 90
1 91
1 92
1 93
1 94
1 95
1 96
1 97
1 98
1 99
1 100
1 101
1 102
1 103
1 104
1 105
1 106
1 107
1 108
1 109
1 110
1 111
1 112
1 113
1 114
1 115
1 116
1 117
1 118
1 119
1 120
1 121
1 122
1 123
1 124
1 125
1 126
1 127
1 128
1 129
1 130
1 131
1 132
1 133
1 134
1 135
1 136
1 137
1 138
1 139
1 140
1 141
1 142
1 143
1 144
1 145
1 146
1 147
1 148
1 149
1 150
1 151
1 152
1 153
1 154
1 155
1 156
1 157
1 158
1 159
1 160
1 161
1 162
1 163
1 164
1 165
1 166
1 167
1 168
1 169
1 170
1 171
1 172
1 173
1 174
1 175
1 176
1 177
1 178
1 179
1 180
1 181
1 182
1 183
1 184
1 185
1 186
1 187
1 188
1 189
1 190
1 191
1 192
1 193
1 194
1 195
1 196
1 197
1 198
1 199
1 200
1 201
1 202
1 203
1 204
1 205
1 206
1 207
1 208
1 209
1 210
1 211
1 212
1 213
1 214
1 215
1 216
1 217
1 218
1 219
1 220
1 221
1 222
1 223
1 224
1 225
1 226
1 227
1 228
1 229
1 230
1 231
1 232
1 233
1 234
1 235
1 236
1 237
1 238
1 239
1 240
1 241
1 242
1 243
1 244
1 245
1 246
1 247
1 248
1 249
1 250
1 251
1 252
1 253
1 254
1 255
1 256
1 257
1 258
1 259
1 260
1 261
1 262
1 263
1 264
1 265
1 266
1 267
1 268
1 269
1 270
1 271
1 272
1 273
1 274
1 275
1 276
1 277
1 278
1 279
1 280
1 281
1 282
1 283
1 284
1 285
1 286
1 287
1 288
1 289
1 290
1 291
1 292
1 293
1 294
1 295
1 296
1 297
1 298
1 299
1 300
1 301
1 302
1 303
1 304
1 305
1 306
1 307
1 308
1 309
1 310
1 311
1 312
1 313
1 314
1 315
1 316
1 317
1 318
1 319
1 320
1 321
1 322
1 323
1 324
1 325
1 326
1 327
1 328
1 329
1 330
1 331
1 332
1 333
1 334
1 335
1 336
1 337
1 338
1 339
1 340
1 341
1 342
1 343
1 344
1 345
1 346
1 347
1 348
1 349
1 350
1 351
1 352
1 353
1 354
1 355
1 356
1 357
1 358
1 359
1 360
1 361
1 362
1 363
1 364
1 365
1 366
1 367
1 368
1 369
1 370
1 371
1 372
1 373
1 374
1 375
1 376
1 377
1 378
1 379
1 380
1 381
1 382
1 383
1 384
1 385
1 386
1 387
1 388
1 389
1 390
1 391
1 392
1 393
1 394
1 395
1 396
1 397
1 398
1 399
1 400
1 401
1 402
1 403
1 404
1 405
1 406
1 407
1 408
1 409
1 410
1 411
1 412
1 413
1 414
1 415
1 416
1 417
1 418
1 419
1 420
1 421
1 422
1 423
1 424
1 425
1 426
1 427
1 428
1 429
1 430
1 431
1 432
1 433
1 434
1 435
1 436
1 437
1 438
1 439
1 440
1 441
1 442
1 443
1 444
1 445
1 446
1 447
1 448
1 449
1 450
1 451
1 452
1 453
1 454
1 455
1 456
1 457
1 458
1 459
1 460
1 461
1 462
1 463
1 464
1 465
1 466
1 467
1 468
1 469
1 470
1 471
1 472
1 473
1 474
1 475
1 476
1 477
1 478
1 479
1 480
1 481
1 482
1 483
1 484
1 485
1 486
1 487
1 488
1 489
1 490
1 491
1 492
1 493
1 494
1 495
1 496
1 497
1 498
1 499
1 500
1 501
1 502
1 503
1 504
1 505
1 506
1 507
1 508
1 509
1 510
1 511
1 512
1 513
1 514
1 515
1 516
1 517
1 518
1 519
1 520
1 521
1 522
1 523
1 524
1 525
1 526
1 527
1 528
1 529
1 530
1 531
1 532
1 533
1 534
1 535
1 536
1 537
1 538
1 539
1 540
1 541
1 542
1 543
1 544
1 545
1 546
1 547
1 548
1 549
1 550
1 551
1 552
1 553
1 554
1 555
1 556
1 557
1 558
1 559
1 560
1 561
1 562
1 563
1 564
1 565
1 566
1 567
1 568
1 569
1 570
1 571
1 572
1 573
1 574
1 575
1 576
1 577
1 578
1 579
1 580
1 581
1 582
1 583
1 584
1 585
1 586
1 587
1 588
1 589
1 590
1 591
1 592
1 593
1 594
1 595
1 596
1 597
1 598
1 599
1 600
1 601
1 602
1 603
1 604
1 605
1 606
1 607
1 608
1 609
1 610
1 611
1 612
1 613
1 614
1 615
1 616
1 617
1 618
1 619
1 620
1 621
1 622
1 623
1 624
1 625
1 626
1 627
1 628
1 629
1 630
1 631
1 632
1 633
1 634
1 635
1 636
1 637
1 638
1 639
1 640
1 641
1 642
1 643
1 644
1 645
1 646
1 647
1 648
1 649
1 650
1 651
1 652
1 653
1 654
1 655
1 656
1 657
1 658
1 659
1 660
1 661
1 662
1 663
1 664
1 665
1 666
1 667
1 668
1 669
1 670
1 671
1 672
1 673
1 674
1 675
1 676
1 677
1 678
1 679
1 680
1 681
1 682
1 683
1 684
1 685
1 686
1 687
1 688
1 689
1 690
1 691
1 692
1 693
1 694
1 695
1 696
1 697
1 698
1 699
1 700
1 701
1 702
1 703
1 704
1 705
1 706
1 707
1 708
1 709
1 710
1 711
1 712
1 713
1 714
1 715
1 716
1 717
1 718
1 719
1 720
1 721
1 722
1 723
1 724
1 725
1 726
1 727
1 728
1 729
1 730
1 731
1 732
1 733
1 734
1 735
1 736
1 737
1 738
1 739
1 740
1 741
1 742
1 743
1 744
1 745
1 746
1 747
1 748
1 749
1 750
1 751
1 752
1 753
1 754
1 755
1 756
1 757
1 758
1 759
1 760
1 761
1 762
1 763
1 764
1 765
1 766
1 767
1 768
1 769
1 770
1 771
1 772
1 773
1 774
1 775
1 776
1 777
1 778
1 779
1 780
1 781
1 782
1 783
1 784
1 785
1 786
1 787
1 788
1 789
1 790
1 791
1 792
1 793
1 794
1 795
1 796
1 797
1 798
1 799
1 800
1 801
1 802
1 803
1 804
1 805
1 806
1 807
1 808
1 809
1 810
1 811
1 812
1 813
1 814
1 815
1 816
1 817
1 818
1 819
1 820
1 821
1 822
1 823
1 824
1 825
1 826
1 827
1 828
1 829
1 830
1 831
1 832
1 833
1 834
1 835
1 836
1 837
1 838
1 839
1 840
1 841
1 842
1 843
1 844
1 845
1 846
1 847
1 848
1 849
1 850
1 851
1 852
1 853
1 854
1 855
1 856
1 857
1 858
1 859
1 860
1 861
1 862
1 863
1 864
1 865
1 866
1 867
1 868
1 869
1 870
1 871
1 872
1 873
1 874
1 875
1 876
1 877
1 878
1 879
1 880
1 881
1 882
1 883
1 884
1 885
1 886
1 887
1 888
1 889
1 890
1 891
1 892
1 893
1 894
1 895
1 896
1 897
1 898
1 899
1 900
1 901
1 902
1 903
1 904
1 905
1 906
1 907
1 908
1 909
1 910
1 911
1 912
1 913
1 914
1 915
1 916
1 917
1 918
1 919
1 920
1 921
1 922
1 923
1 924
1 925
1 926
1 927
1 928
1 929
1 930
1 931
1 932
1 933
1 934
1 935
1 936
1 937
1 938
1 939
1 940
1 941
1 942
1 943
1 944
1 945
1 946
1 947
1 948
1 949
1 950
1 951
1 952
1 953
1 954
1 955
1 956
1 957
1 958
1 959
1 960
1 961
1 962
1 963
1 964
1 965
1 966
1 967
1 968
1 969
1 970
1 971
1 972
1 973
1 974
1 975
1 976
1 977
1 978
1 979
1 980
1 981
1 982
1 983
1 984
1 985
1 986
1 987
1 988
1 989
1 990
1 991
1 992
1 993
1 994
1 995
1 996
1 997
1 998
1 999
1 1000
1 1001
1 1002
1 1003
1 1004
1 1005
1 1006
1 1007
1 1008
1 1009
1 1010
1 1011
1 1012
1 1013
1 1014
1 1015
1 1016
1 1017
1 1018
1 1019
1 1020
1 1021
1 1022
1 1023
1 1024
1 1025
1 1026
1 1027
1 1028
1 1029
1 1030
1 1031
1 1032
1 1033
1 1034
1 1035
1 1036
1 1037
1 1038
1 1039
1 1040
1 1041
1 1042
1 1043
1 1044
1 1045
1 1046
1 1047
1 1048
1 1049
1 1050
1 1051
1 1052
1 1053
1 1054
1 1055
1 1056
1 1057
1 1058
1 1059
1 1060
1 1061
1 1062
1 1063
1 1064
1 1065
1 1066
1 1067
1 1068
1 1069
1 1070
1 1071
1 1072
1 1073
1 1074
1 1075
1 1076
1 1077
1 1078
1 1079
1 1080
1 1081
1 1082
1 1083
1 1084
1 1085
1 1086
1 1087
1 1088
1 1089
1 1090
1 1091
1 1092
1 1093
1 1094
1 1095
1 1096
1 1097
1 1098
1 1099
1 1100
1 1101
1 1102
1 1103
1 1104
1 1105
1 1106
1 1107
1 1108
1 1109
1 1110
1 1111
1 1112
1 1113
1 1114
1 1115
1 1116
1 1117
1 1118
1 1119
1 1120
1 1121
1 1122
1 1123
1 1124
1 1125
1 1126
1 1127
1 1128
1 1129
1 1130
1 1131
1 1132
1 1133
1 1134
1 1135
1 1136
1 1137
1 1138
1 1139
1 1140
1 1141
1 1142
1 1143
1 1144
1 1145
1 1146
1 1147
1 1148
1 1149
1 1150
1 1151
1 1152
1 1153
1 1154
1 1155
1 1156
1 1157
1 1158
1 1159
1 1160
1 1161
1 1162
1 1163
1 1164
1 1165
1 1166
1 1167
1 1168
1 1169
1 1170
1 1171
1 1172
1 1173
1 1174
1 1175
1 1176
1 1177
1 1178
1 1179
1 1180
1 1181
1 1182
1 1183
1 1184
1 1185
1 1186
1 1187
1 1188
1 1189
1 1190
1 1191
1 1192
1 1193
1 1194
1 1195
1 1196
1 1197
1 1198
1 1199
1 1200
1 1201
1 1202
1 1203
1 1204
1 1205
1 1206
1 1207
1 1208
1 1209
1 1210
1 1211
1 1212
1 1213
1 1214
1 1215
1 1216
1 1217
1 1218
1 1219
1 1220
1 1221
1 1222
1 1223
1 1224
1 1225
1 1226
1 1227
1 1228
1 1229
1 1230
1 1231
1 1232
1 1233
1 1234
1 1235
1 1236
1 1237
1 1238
1 1239
1 1240
1 1241
1 1242
1 1243
1 1244
1 1245
1 1246
1 1247
1 1248
1 1249
1 1250
1 1251
1 1252
1 1253
1 1254
1 1255
1 1256
1 1257
1 1258
1 1259
1 1260
1 1261
1 1262
1 1263
1 1264
1 1265
1 1266
1 1267
1 1268
1 1269
1 1270
1 1271
1 1272
1 1273
1 1274
1 1275
1 1276
1 1277
1 1278
1 1279
1 1280
1 1281
1 1282
1 1283
1 1284
1 1285
1 1286
1 1287
1 1288
1 1289
1 1290
1 1291
1 1292
1 1293
1 1294
1 1295
1 1296
1 1297
1 1298
1 1299
1 1300
1 1301
1 1302
1 1303
1 1304
1 1305
1 1306
1 1307
1 1308
1 1309
1 1310
1 1311
1 1312
1 1313
1 1314
1 1315
1 1316
1 1317
1 1318
1 1319
1 1320
1 1321
1 1322
1 1323
1 1324
1 1325
1 1326
1 1327
1 1328
1 1329
1 1330
1 1331
1 1332
1 1333
1 1334
1 1335
1 1336
1 1337
1 1338
1 1339
1 1340
1 1341
1 1342
1 1343
1 1344
1 1345
1 1346
1 1347
1 1348
1 1349
1 1350
1 1351
1 1352
1 1353
1 1354
1 1355
1 1356
1 1357
1 1358
1 1359
1 1360
1 1361
1 1362
1 1363
1 1364
1 1365
1 1366
1 1367
1 1368
1 1369
1 1370
1 1371
1 1372
1 1373
1 1374
1 1375
1 1376
1 1377
1 1378
1 1379
1 1380
1 1381
1 1382
1 1383
1 1384
1 1385
1 1386
1 1387
1 1388
1 1389
1 1390
1 1391
1 1392
1 1393
1 1394
1 1395
1 1396
1 1397
1 1398
1 1399
1 1400
1 1401
1 1402
1 1403
1 1404
1 1405
1 1406
1 1407
1 1408
1 1409
1 1410
1 1411
1 1412
1 1413
1 1414
1 1415
1 1416
1 1417
1 1418
1 1419
1 1420
1 1421
1 1422
1 1423
1 1424
1 1425
1 1426
1 1427
1 1428
1 1429
1 1430
1 1431
1 1432
1 1433
1 1434
1 1435
1 1436
1 1437
1 1438
1 1439
1 1440
1 1441
1 1442
1 1443
1 1444
1 1445
1 1446
1 1447
1 1448
1 1449
1 1450
1 1451
1 1452
1 1453
1 1454
1 1455
1 1456
1 1457
1 1458
1 1459
1 1460
1 1461
1 1462
1 1463
1 1464
1 1465
1 1466
1 1467
1 1468
1 1469
1 1470
1 1471
1 1472
1 1473
1 1474
1 1475
1 1476
1 1477
1 1478
1 1479
1 1480
1 1481
1 1482
1 1483
1 1484
1 1485
1 1486
1 1487
1 1488
1 1489
1 1490
1 1491
1 1492
1 1493
1 1494
1 1495
1 1496
1 1497
1 1498
1 1499
1 1500
1 1501
1 1502
1 1503
1 1504
1 1505
1 1506
1 1507
1 1508
1 1509
1 1510
1 1511
1 1512
1 1513
1 1514
1 1515
1 1516
1 1517
1 1518
1 1519
1 1520
1 1521
1 1522
1 1523
1 1524
1 1525
1 1526
1 1527
1 1528
1 1529
1 1530
1 1531
1 1532
1 1533
1 1534
1 1535
1 1536
1 1537
1 1538
1 1539
1 1540
1 1541
1 1542
1 1543
1 1544
1 1545
1 1546
1 1547
1 1548
1 1549
1 1550
1 1551
1 1552
1 1553
1 1554
1 1555
1 1556
1 1557
1 1558
1 1559
1 1560
1 1561
1 1562
1 1563
1 1564
1 1565
1 1566
1 1567
1 1568
1 1569
1 1570
1 1571
1 1572
1 1573
1 1574
1 1575
1 1576
1 1577
1 1578
1 1579
1 1580
1 1581
1 1582
1 1583
1 1584
1 1585
1 1586
1 1587
1 1588
1 1589
1 1590
1 1591
1 1592
1 1593
1 1594
1 1595
1 1596
1 1597
1 1598
1 1599
1 1600
1 1601
1 1602
1 1603
1 1604
1 1605
1 1606
1 1607
1 1608
1 1609
1 1610
1 1611
1 1612
1 1613
1 1614
1 1615
1 1616
1 1617
1 1618
1 1619
1 1620
1 1621
1 1622
1 1623
1 1624
1 1625
1 1626
1 1627
1 1628
1 1629
1 1630
1 1631
1 1632
1 1633
1 1634
1 1635
1 1636
1 1637
1 1638
1 1639
1 1640
1 1641
1 1642
1 1643
1 1644
1 1645
1 1646
1 1647
1 1648
1 1649
1 1650
1 1651
1 1652
1 1653
1 1654
1 1655
1 1656
1 1657
1 1658
1 1659
1 1660
1 1661
1 1662
1 1663
1 1664
1 1665
1 1666
1 1667
1 1668
1 1669
1 1670
1 1671
1 1672
1 1673
1 1674
1 1675
1 1676
1 1677
1 1678
1 1679
1 1680
1 1681
1 1682
1 1683
1 1684
1 1685
1 1686
1 1687
1 1688
1 1689
1 1690
1 1691
1 1692
1 1693
1 1694
1 1695
1 1696
1 1697
1 1698
1 1699
1 1700
1 1701
1 1702
1 1703
1 1704
1 1705
1 1706
1 1707
1 1708
1 1709
1 1710
1 1711
1 1712
1 1713
1 1714
1 1715
1 1716
1 1717
1 1718
1 1719
1 1720
1 1721
1 1722
1 1723
1 1724
1 1725
1 1726
1 1727
1 1728
1 1729
1 1730
1 1731
1 1732
1 1733
1 1734
1 1735
1 1736
1 1737
1 1738
1 1739
1 1740
1 1741
1 1742
1 1743
1 1744
1 1745
1 1746
1 1747
1 1748
1 1749
1 1750
1 1751
1 1752
1 1753
1 1754
1 1755
1 1756
1 1757
1 1758
1 1759
1 1760
1 1761
1 1762
1 1763
1 1764
1 1765
1 1766
1 1767
1 1768
1 1769
1 1770
1 1771
1 1772
1 1773
1 1774
1 1775
1 1776
1 1777
1 1778
1 1779
1 1780
1 1781
1 1782
1 1783
1 1784
1 1785
1 1786
1 1787
1 1788
1 1789
1 1790
1 1791
1 1792
1 1793
1 1794
1 1795
1 1796
1 1797
1 1798
1 1799
1 1800
1 1801
1 1802
1 1803
1 1804
1 1805
1 1806
1 1807
1 1808
1 1809
1 1810
1 1811
1 1812
1 1813
1 1814
1 1815
1 1816
1 1817
1 1818
1 1819
1 1820
1 1821
1 1822
1 1823
1 1824
1 1825
1 1826
1 1827
1 1828
1 1829
1 1830
1 1831
1 1832
1 1833
1 1834
1 1835
1 1836
1 1837
1 1838
1 1839
1 1840
1 1841
1 1842
1 1843
1 1844
1 1845
1 1846
1 1847
1 1848
1 1849
1 1850
1 1851
1 1852
1 1853
1 1854
1 1855
1 1856
1 1857
1 1858
1 1859
1 1860
1 1861
1 1862
1 1863
1 1864
1 1865
1 1866
1 1867
1 1868
1 1869
1 1870
1 1871
1 1872
1 1873
1 1874
1 1875
1 1876
1 1877
1 1878
1 1879
1 1880
1 1881
1 1882
1 1883
1 1884
1 1885
1 1886
1 1887
1 1888
1 1889
1 1890
1 1891
1 1892
1 1893
1 1894
1 1895
1 1896
1 1897
1 1898
1 1899
1 1900
1 1901
1 1902
1 1903
1 1904
1 1905
1 1906
1 1907
1 1908
1 1909
1 1910
1 1911
1 1912
1 1913
1 1914
1 1915
1 1916
1 1917
1 1918
1 1919
1 1920
1 1921
1 1922
1 1923
1 1924
1 1925
1 1926
1 1927
1 1928
1 1929
1 1930
1 1931
1 1932
1 1933
1 1934
1 1935
1 1936
1 1937
1 1938
1 1939
1 1940
1 1941
1 1942
1 1943
1 1944
1 1945
1 1946
1 1947
1 1948
1 1949
1 1950
1 1951
1 1952
1 1953
1 1954
1 1955
1 1956
1 1957
1 1958
1 1959
1 1960
1 1961
1 1962
1 1963
1 1964
1 1965
1 1966
1 1967
1 1968
1 1969
1 1970
1 1971
1 1972
1 1973
1 1974
1 1975
1 1976
1 1977
1 1978
1 1979
1 1980
1 1981
1 1982
1 1983
1 1984
1 1985
1 1986
1 1987
1 1988
1 1989
1 1990
1 1991
1 1992
1 1993
1 1994
1 1995
1 1996
1 1997
1 1998
1 1999
1 2000
1 2001
1 2002
1 2003
1 2004
1 2005
1 2006
1 2007
1 2008
1 2009
1 2010
1 2011
1 2012
1 2013
1 2014
1 2015
1 2016
1 2017
1 2018
1 2019
1 2020
1 2021
1 2022
1 2023
1 2024
1 2025
1 2026
1 2027
1 2028
1 2029
1 2030
1 2031
1 2032
1 2033
1 2034
1 2035
1 2036
1 2037
1 2038
1 2039
1 2040
1 2041
1 2042
1 2043
1 2044
1 2045
1 2046
1 2047
1 2048
1 2049
1 2050
1 2051
1 2052
1 2053
1 2054
1 2055
1 2056
1 2057
1 2058
1 2059
1 2060
1 2061
1 2062
1 2063
1 2064
1 2065
1 2066
1 2067
1 2068
1 2069
1 2070
1 2071
1 2072
1 2073
1 2074
1 2075
1 2076
1 2077
1 2078
1 2079
1 2080
1 2081
1 2082
1 2083
1 2084
1 2085
1 2086
1 2087
1 2088
1 2089
1 2090
1 2091
1 2092
1 2093
1 2094
1 2095
1 2096
1 2097
1 2098
1 2099
1 2100
1 2101
1 2102
1 2103
1 2104
1 2105
1 2106
1 2107
1 2108
1 2109
1 2110
1 2111
1 2112
1 2113
1 2114
1 2115
1 2116
1 2117
1 2118
1 2119
1 2120
1 2121
1 2122
1 2123
1 2124
1 2125
1 2126
1 2127
1 2128
1 2129
1 2130
1 2131
1 2132
1 2133
1 2134
1 2135
1 2136
1 2137
1 2138
1 2139
1 2140
1 2141
1 2142
1 2143
1 2144
1 2145
1 2146
1 2147
1 2148
1 2149
1 2150
1 2151
1 2152
1 2153
1 2154
1 2155
1 2156
1 2157
1 2158
1 2159
1 2160
1 2161
1 2162
1 2163
1 2164
1 2165
1 2166
1 2167
1 2168
1 2169
1 2170
1 2171
1 2172
1 2173
1 2174
1 2175
1 2176
1 2177
1 2178
1 2179
1 2180
1 2181
1 2182
1 2183
1 2184
1 2185
1 2186
1 2187
1 2188
1 2189
1 2190
1 2191
1 2192
1 2193
1 2194
1 2195
1 2196
1 2197
1 2198
1 2199
1 2200
1 2201
1 2202
1 2203
1 2204
1 2205
1 2206
1 2207
1 2208
1 2209
1 2210
1 2211
1 2212
1 2213
1 2214
1 2215
1 2216
1 2217
1 2218
1 2219
1 2220
1 2221
1 2222
1 2223
1 2224
1 2225
1 2226
1 2227
1 2228
1 2229
1 2230
1 2231
1 2232
1 2233
1 2234
1 2235
1 2236
1 2237
1 2238
1 2239
1 2240
1 2241
1 2242
1 2243
1 2244
1 2245
1 2246
1 2247
1 2248
1 2249
1 2250
1 2251
1 2252
1 2253
1 2254
1 2255
1 2256
1 2257
1 2258
1 2259
1 2260
1 2261
1 2262
1 2263
1 2264
1 2265
1 2266
1 2267
1 2268
1 2269
1 2270
1 2271
1 2272
1 2273
1 2274
1 2275
1 2276
1 2277
1 2278
1 2279
1 2280
1 2281
1 2282
1 2283
1 2284
1 2285
1 2286
1 2287
1 2288
1 2289
1 2290
1 2291
1 2292
1 2293
1 2294
1 2295
1 2296
1 2297
1 2298
1 2299
1 2300
1 2301
1 2302
1 2303
1 2304
1 2305
1 2306
1 2307
1 2308
1 2309
1 2310
1 2311
1 2312
1 2313
1 2314
1 2315
1 2316
1 2317
1 2318
1 2319
1 2320
1 2321
1 2322
1 2323
1 2324
1 2325
1 2326
1 2327
1 2328
1 2329
1 2330
1 2331
1 2332
1 2333
1 2334
1 2335
1 2336
1 2337
1 2338
1 2339
1 2340
1 2341
1 2342
1 2343
1 2344
1 2345
1 2346
1 2347
1 2348
1 2349
1 2350
1 2351
1 2352
1 2353
1 2354
1 2355
1 2356
1 2357
1 2358
1 2359
1 2360
1 2361
1 2362
1 2363
1 2364
1 2365
1 2366
1 2367
1 2368
1 2369
1 2370
1 2371
1 2372
1 2373
1 2374
1 2375
1 2376
1 2377
1 2378
1 2379
1 2380
1 2381
1 2382
1 2383
1 2384
1 2385
1 2386
1 2387
1 2388
1 2389
1 2390
1 2391
1 2392
1 2393
1 2394
1 2395
1 2396
1 2397
1 2398
1 2399
1 2400
1 2401
1 2402
1 2403
1 2404
1 2405
1 2406
1 2407
1 2408
1 2409
1 2410
1 2411
1 2412
1 2413
1 2414
1 2415
1 2416
1 2417
1 2418
1 2419
1 2420
1 2421
1 2422
1 2423
1 2424
1 2425
1 2426
1 2427
1 2428
1 2429
1 2430
1 2431
1 2432
1 2433
1 2434
1 2435
1 2436
1 2437
1 2438
1 2439
1 2440
1 2441
1 2442
1 2443
1 2444
1 2445
1 2446
1 2447
1 2448
1 2449
1 2450
1 2451
1 2452
1 2453
1 2454
1 2455
1 2456
1 2457
1 2458
1 2459
1 2460
1 2461
1 2462
1 2463
1 2464
1 2465
1 2466
1 2467
1 2468
1 2469
1 2470
1 2471
1 2472
1 2473
1 2474
1 2475
1 2476
1 2477
1 2478
1 2479
1 2480
1 2481
1 2482
1 2483
1 2484
1 2485
1 2486
1 2487
1 2488
1 2489
1 2490
1 2491
1 2492
1 2493
1 2494
1 2495
1 2496
1 2497
1 2498
1 2499
1 2500
1 2501
1 2502
1 2503
1 2504
1 2505
1 2506
1 2507
1 2508
1 2509
1 2510
1 2511
1 2512
1 2513
1 2514
1 2515
1 2516
1 2517
1 2518
1 2519
1 2520
1 2521
1 2522
1 2523
1 2524
1 2525
1 2526
1 2527
1 2528
1 2529
1 2530
1 2531
1 2532
1 2533
1 2534
1 2535
1 2536
1 2537
1 2538
1 2539
1 2540
1 2541
1 2542
1 2543
1 2544
1 2545
1 2546
1 2547
1 2548
1 2549
1 2550
1 2551
1 2552
1 2553
1 2554
1 2555
1 2556
1 2557
1 2558
1 2559
1 2560
1 2561
1 2562
1 2563
1 2564
1 2565
1 2566
1 2567
1 2568
1 2569
1 2570
1 2571
1 2572
1 2573
1 2574
1 2575
1 2576
1 2577
1 2578
1 2579
1 2580
1 2581
1 2582
1 2583
1 2584
1 2585
1 2586
1 2587
1 2588
1 2589
1 2590
1 2591
1 2592
1 2593
1 2594
1 2595
1 2596
1 2597
1 2598
1 2599
1 2600
1 2601
1 2602
1 2603
1 2604
1 2605
1 2606
1 2607
1 2608
1 2609
1 2610
1 2611
1 2612
1 2613
1 2614
1 2615
1 2616
1 2617
1 2618
1 2619
1 2620
1 2621
1 2622
1 2623
1 2624
1 2625
1 2626
1 2627
1 2628
1 2629
1 2630
1 2631
1 2632
1 2633
1 2634
1 2635
1 2636
1 2637
1 2638
1 2639
1 2640
1 2641
1 2642
1 2643
1 2644
1 2645
1 2646
1 2647
1 2648
1 2649
1 2650
1 2651
1 2652
1 2653
1 2654
1 2655
1 2656
1 2657
1 2658
1 2659
1 2660
1 2661
1 2662
1 2663
1 2664
1 2665
1 2666
1 2667
1 2668
1 2669
1 2670
1 2671
1 2672
1 2673
1 2674
1 2675
1 2676
1 2677
1 2678
1 2679
1 2680
1 2681
1 2682
1 2683
1 2684
1 2685
1 2686
1 2687
1 2688
1 2689
1 2690
1 2691
1 2692
1 2693
1 2694
1 2695
1 2696
1 2697
1 2698
1 2699
1 2700
1 2701
1 2702
1 2703
1 2704
1 2705
1 2706
1 2707
1 2708
1 2709
1 2710
1 2711
1 2712
1 2713
1 2714
1 2715
1 2716
1 2717
1 2718
1 2719
1 2720
1 2721
1 2722
1 2723
1 2724
1 2725
1 2726
1 2727
1 2728
1 2729
1 2730
1 2731
1 2732
1 2733
1 2734
1 2735
1 2736
1 2737
1 2738
1 2739
1 2740
1 2741
1 2742
1 2743
1 2744
1 2745
1 2746
1 2747
1 2748
1 2749
1 2750
1 2751
1 2752
1 2753
1 2754
1 2755
1 2756
1 2757
1 2758
1 2759
1 2760
1 2761
1 2762
1 2763
1 2764
1 2765
1 2766
1 2767
1 2768
1 2769
1 2770
1 2771
1 2772
1 2773
1 2774
1 2775
1 2776
1 2777
1 2778
1 2779
1 2780
1 2781
1 2782
1 2783
1 2784
1 2785
1 2786
1 2787
1 2788
1 2789
1 2790
1 2791
1 2792
1 2793
1 2794
1 2795
1 2796
1 2797
1 2798
1 2799
1 2800
1 2801
1 2802
1 2803
1 2804
1 2805
1 2806
1 2807
1 2808
1 2809
1 2810
1 2811
1 2812
1 2813
1 2814
1 2815
1 2816
1 2817
1 2818
1 2819
1 2820
1 2821
1 2822
1 2823
1 2824
1 2825
1 2826
1 2827
1 2828
1 2829
1 2830
1 2831
1 2832
1 2833
1 2834
1 2835
1 2836
1 2837
1 2838
1 2839
1 2840
1 2841
1 2842
1 2843
1 2844
1 2845
1 2846
1 2847
1 2848
1 2849
1 2850
1 2851
1 2852
1 2853
1 2854
1 2855
1 2856
1 2857
1 2858
1 2859
1 2860
1 2861
1 2862
1 2863
1 2864
1 2865
1 2866
1 2867
1 2868
1 2869
1 2870
1 2871
1 2872
1 2873
1 2874
1 2875
1 2876
1 2877
1 2878
1 2879
1 2880
1 2881
1 2882
1 2883
1 2884
1 2885
1 2886
1 2887
1 2888
1 2889
1 2890
1 2891
1 2892
1 2893
1 2894
1 2895
1 2896
1 2897
1 2898
1 2899
1 2900
1 2901
1 2902
1 2903
1 2904
1 2905
1 2906
1 2907
1 2908
1 2909
1 2910
1 2911
1 2912
1 2913
1 2914
1 2915
1 2916
1 2917
1 2918
1 2919
1 2920
1 2921
1 2922
1 2923
1 2924
1 2925
1 2926
1 2927
1 2928
1 2929
1 2930
1 2931
1 2932
1 2933
1 2934
1 2935
1 2936
1 2937
1 2938
1 2939
1 2940
1 2941
1 2942
1 2943
1 2944
1 2945
1 2946
1 2947
1 2948
1 2949
1 2950
1 2951
1 2952
1 2953
1 2954
1 2955
1 2956
1 2957
1 2958
1 2959
1 2960
1 2961
1 2962
1 2963
1 2964
1 2965
1 2966
1 2967
1 2968
1 2969
1 2970
1 2971
1 2972
1 2973
1 2974
1 2975
1 2976
1 2977
1 2978
1 2979
1 2980
1 2981
1 2982
1 2983
1 2984
1 2985
1 2986
1 2987
1 2988
1 2989
1 2990
1 2991
1 2992
1 2993
1 2994
1 2995
1 2996
1 2997
1 2998
1 2999
1 3000
1 3001
1 3002
1 3003
1 3004
1 3005
1 3006
1 3007
1 3008
1 3009
1 3010
1 3011
1 3012
1 3013
1 3014
1 3015
1 3016
1 3017
1 3018
1 3019
1 3020
1 3021
1 3022
1 3023
1 3024
1 3025
1 3026
1 3027
1 3028
1 3029
1 3030
1 3031
1 3032
1 3033
1 3034
1 3035
1 3036
1 3037
1 3038
1 3039
1 3040
1 3041
1 3042
1 3043
1 3044
1 3045
1 3046
1 3047
1 3048
1 3049
1 3050
1 3051
1 3052
1 3053
1 3054
1 3055
1 3056
1 3057
1 3058
1 3059
1 3060
1 3061
1 3062
1 3063
1 3064
1 3065
1 3066
1 3067
1 3068
1 3069
1 3070
1 3071
1 3072
1 3073
1 3074
1 3075
1 3076
1 3077
1 3078
1 3079
1 3080
1 3081
1 3082
1 3083
1 3084
1 3085
1 3086
1 3087
1 3088
1 3089
1 3090
1 3091
1 3092
1 3093
1 3094
1 3095
1 3096
1 3097
1 3098
1 3099
1 3100
1 3101
1 3102
1 3103
1 3104
1 3105
1 3106
1 3107
1 3108
1 3109
1 3110
1 3111
1 3112
1 3113
1 3114
1 3115
1 3116
1 3117
1 3118
1 3119
1 3120
1 3121
1 3122
1 3123
1 3124
1 3125
1 3126
1 3127
1 3128
1 3129
1 3130
1 3131
1 3132
1 3133
1 3134
1 3135
1 3136
1 3137
1 3138
1 3139
1 3140
1 3141
1 3142
1 3143
1 3144
1 3145
1 3146
1 3147
1 3148
1 3149
1 3150
1 3151
1 3152
1 3153
1 3154
1 3155
1 3156
1 3157
1 3158
1 3159
1 3160
1 3161
1 3162
1 3163
1 3164
1 3165
1 3166
1 3167
1 3168
1 3169
1 3170
1 3171
1 3172
1 3173
1 3174
1 3175
1 3176
1 3177
1 3178
1 3179
1 3180
1 3181
1 3182
1 3183
1 3184
1 3185
1 3186
1 3187
1 3188
1 3189
1 3190
1 3191
1 3192
1 3193
1 3194
1 3195
1 3196
1 3197
1 3198
1 3199
1 3200
1 3201
1 3202
1 3203
1 3204
1 3205
1 3206
1 3207
1 3208
1 3209
1 3210
1 3211
1 3212
1 3213
1 3214
1 3215
1 3216
1 3217
1 3218
1 3219
1 3220
1 3221
1 3222
1 3223
1 3224
1 3225
1 3226
1 3227
1 3228
1 3229
1 3230
1 3231
1 3232
1 3233
1 3234
1 3235
1 3236
1 3237
1 3238
1 3239
1 3240
1 3241
1 3242
1 3243
1 3244
1 3245
1 3246
1 3247
1 3248
1 3249
1 3250
1 3251
1 3252
1 3253
1 3254
1 3255
1 3256
1 3257
1 3258
1 3259
1 3260
1 3261
1 3262
1 3263
1 3264
1 3265
1 3266
1 3267
1 3268
1 3269
1 3270
1 3271
1 3272
1 3273
1 3274
1 3275
1 3276
1 3277
1 3278
1 3279
1 3280
1 3281
1 3282
1 3283
1 3284
1 3285
1 3286
1 3287
1 3288
1 3289
1 3290
1 3291
1 3292
1 3293
1 3294
1 3295
1 3296
1 3297
1 3298
1 3299
1 3300
1 3301
1 3302
1 3303
1 3304
1 3305
1 3306
1 3307
1 3308
1 3309
1 3310
1 3311
1 3312
1 3313
1 3314
1 3315
1 3316
1 3317
1 3318
1 3319
1 3320
1 3321
1 3322
1 3323
1 3324
1 3325
1 3326
1 3327
1 3328
1 3329
1 3330
1 3331
1 3332
1 3333
1 3334
1 3335
1 3336
1 3337
1 3338
1 3339
1 3340
1 3341
1 3342
1 3343
1 3344
1 3345
1 3346
1 3347
1 3348
1 3349
1 3350
1 3351
1 3352
1 3353
1 3354
1 3355
1 3356
1 3357
1 3358
1 3359
1 3360
1 3361
1 3362
1 3363
1 3364
1 3365
1 3366
1 3367
1 3368
1 3369
1 3370
1 3371
1 3372
1 3373
1 3374
1 3375
1 3376
1 3377
1 3378
1 3379
1 3380
1 3381
1 3382
1 3383
1 3384
1 3385
1 3386
1 3387
1 3388
1 3389
1 3390
1 3391
1 3392
1 3393
1 3394
1 3395
1 3396
1 3397
1 3398
1 3399
1 3400
1 3401
1 3402
1 3403
1 3404
1 3405
1 3406
1 3407
1 3408
1 3409
1 3410
1 3411
1 3412
1 3413
1 3414
1 3415
1 3416
1 3417
1 3418
1 3419
1 3420
1 3421
1 3422
1 3423
1 3424
1 3425
1 3426
1 3427
1 3428
1 3429
1 3430
1 3431
1 3432
1 3433
1 3434
1 3435
1 3436
1 3437
1 3438
1 3439
1 3440
1 3441
1 3442
1 3443
1 3444
1 3445
1 3446
1 3447
1 3448
1 3449
1 3450
1 3451
1 3452
1 3453
1 3454
1 3455
1 3456
1 3457
1 3458
1 3459
1 3460
1 3461
1 3462
1 3463
1 3464
1 3465
1 3466
1 3467
1 3468
1 3469
1 3470
1 3471
1 3472
1 3473
1 3474
1 3475
1 3476
1 3477
1 3478
1 3479
1 3480
1 3481
1 3482
1 3483
1 3484
1 3485
1 3486
1 3487
1 3488
1 3489
1 3490
1 3491
1 3492
1 3493
1 3494
1 3495
1 3496
1 3497
1 3498
1 3499
1 3500
1 3501
1 3502
1 3503
1 3504
1 3505
1 3506
1 3507
1 3508
1 3509
1 3510
1 3511
1 3512
1 3513
1 3514
1 3515
1 3516
1 3517
1 3518
1 3519
1 3520
1 3521
1 3522
1 3523
1 3524
1 3525
1 3526
1 3527
1 3528
1 3529
1 3530
1 3531
1 3532
1 3533
1 3534
1 3535
1 3536
1 3537
1 3538
1 3539
1 3540
1 3541
1 3542
1 3543
1 3544
1 3545
1 3546
1 3547
1 3548
1 3549
1 3550
1 3551
1 3552
1 3553
1 3554
1 3555
1 3556
1 3557
1 3558
1 3559
1 3560
1 3561
1 3562
1 3563
1 3564
1 3565
1 3566
1 3567
1 3568
1 3569
1 3570
1 3571
1 3572
1 3573
1 3574
1 3575
1 3576
1 3577
1 3578
1 3579
1 3580
1 3581
1 3582
1 3583
1 3584
1 3585
1 3586
1 3587
1 3588
1 3589
1 3590
1 3591
1 3592
1 3593
1 3594
1 3595
1 3596
1 3597
1 3598
1 3599
1 3600
1 3601
1 3602
1 3603
1 3604
1 3605
1 3606
1 3607
1 3608
1 3609
1 3610
1 3611
1 3612
1 3613
1 3614
1 3615
1 3616
1 3617
1 3618
1 3619
1 3620
1 3621
1 3622
1 3623
1 3624
1 3625
1 3626
1 3627
1 3628
1 3629
1 3630
1 3631
1 3632
1 3633
1 3634
1 3635
1 3636
1 3637
1 3638
1 3639
1 3640
1 3641
1 3642
1 3643
1 3644
1 3645
1 3646
1 3647
1 3648
1 3649
1 3650
1 3651
1 3652
1 3653
1 3654
1 3655
1 3656
1 3657
1 3658
1 3659
1 3660
1 3661
1 3662
1 3663
1 3664
1 3665
1 3666
1 3667
1 3668
1 3669
1 3670
1 3671
1 3672
1 3673
1 3674
1 3675
1 3676
1 3677
1 3678
1 3679
1 3680
1 3681
1 3682
1 3683
1 3684
1 3685
1 3686
1 3687
1 3688
1 3689
1 3690
1 3691
1 3692
1 3693
1 3694
1 3695
1 3696
1 3697
1 3698
1 3699
1 3700
1 3701
1 3702
1 3703
1 3704
1 3705
1 3706
1 3707
1 3708
1 3709
1 3710
1 3711
1 3712
1 3713
1 3714
1 3715
1 3716
1 3717
1 3718
1 3719
1 3720
1 3721
1 3722
1 3723
1 3724
1 3725
1 3726
1 3727
1 3728
1 3729
1 3730
1 3731
1 3732
1 3733
1 3734
1 3735
1 3736
1 3737
1 3738
1 3739
1 3740
1 3741
1 3742
1 3743
1 3744
1 3745
1 3746
1 3747
1 3748
1 3749
1 3750
1 3751
1 3752
1 3753
1 3754
1 3755
1 3756
1 3757
1 3758
1 3759
1 3760
1 3761
1 3762
1 3763
1 3764
1 3765
1 3766
1 3767
1 3768
1 3769
1 3770
1 3771
1 3772
1 3773
1 3774
1 3775
1 3776
1 3777
1 3778
1 3779
1 3780
1 3781
1 3782
1 3783
1 3784
1 3785
1 3786
1 3787
1 3788
1 3789
1 3790
1 3791
1 3792
1 3793
1 3794
1 3795
1 3796
1 3797
1 3798
1 3799
1 3800
1 3801
1 3802
1 3803
1 3804
1 3805
1 3806
1 3807
1 3808
1 3809
1 3810
1 3811
1 3812
1 3813
1 3814
1 3815
1 3816
1 3817
1 3818
1 3819
1 3820
1 3821
1 3822
1 3823
1 3824
1 3825
1 3826
1 3827
1 3828
1 3829
1 3830
1 3831
1 3832
1 3833
1 3834
1 3835
1 3836
1 3837
1 3838
1 3839
1 3840
1 3841
1 3842
1 3843
1 3844
1 3845
1 3846
1 3847
1 3848
1 3849
1 3850
1 3851
1 3852
1 3853
1 3854
1 3855
1 3856
1 3857
1 3858
1 3859
1 3860
1 3861
1 3862
1 3863
1 3864
1 3865
1 3866
1 3867
1 3868
1 3869
1 3870
1 3871
1 3872
1 3873
1 3874
1 3875
1 3876
1 3877
1 3878
1 3879
1 3880
1 3881
1 3882
1 3883
1 3884
1 3885
1 3886
1 3887
1 3888
1 3889
1 3890
1 3891
1 3892
1 3893
1 3894
1 3895
1 3896
1 3897
1 3898
1 3899
1 3900
1 3901
1 3902
1 3903
1 3904
1 3905
1 3906
1 3907
1 3908
1 3909
1 3910
1 3911
1 3912
1 3913
1 3914
1 3915
1 3916
1 3917
1 3918
1 3919
1 3920
1 3921
1 3922
1 3923
1 3924
1 3925
1 3926
1 3927
1 3928
1 3929
1 3930
1 3931
1 3932
1 3933
1 3934
1 3935
1 3936
1 3937
1 3938
1 3939
1 3940
1 3941
1 3942
1 3943
1 3944
1 3945
1 3946
1 3947
1 3948
1 3949
1 3950
1 3951
1 3952
1 3953
1 3954
1 3955
1 3956
1 3957
1 3958
1 3959
1 3960
1 3961
1 3962
1 3963
1 3964
1 3965
1 3966
1 3967
1 3968
1 3969
1 3970
1 3971
1 3972
1 3973
1 3974
1 3975
1 3976
1 3977
1 3978
1 3979
1 3980
1 3981
1 3982
1 3983
1 3984
1 3985
1 3986
1 3987
1 3988
1 3989
1 3990
1 3991
1 3992
1 3993
1 3994
1 3995
1 3996
1 3997
1 3998
1 3999
1 4000
1 4001
1 4002
1 4003
1 4004
1 4005
1 4006
1 4007
1 4008
1 4009
1 4010
1 4011
1 4012
1 4013
1 4014
1 4015
1 4016
1 4017
1 4018
1 4019
1 4020
1 4021
1 4022
1 4023
1 4024
1 4025
1 4026
1 4027
1 4028
1 4029
1 4030
1 4031
1 4032
1 4033
1 4034
1 4035
1 4036
1 4037
1 4038
1 4039
1 4040
1 4041
1 4042
1 4043
1 4044
1 4045
1 4046
1 4047
1 4048
1 4049
1 4050
1 4051
1 4052
1 4053
1 4054
1 4055
1 4056
1 4057
1 4058
1 4059
1 4060
1 4061
1 4062
1 4063
1 4064
1 4065
1 4066
1 4067
1 4068
1 4069
1 4070
1 4071
1 4072
1 4073
1 4074
1 4075
1 4076
1 4077
1 4078
1 4079
1 4080
1 4081
1 4082
1 4083
1 4084
1 4085
1 4086
1 4087
1 4088
1 4089
1 4090
1 4091
1 4092
1 4093
1 4094
1 4095
1 4096
1 4097
1 4098
1 4099
1 4100
1 4101
1 4102
1 4103
1 4104
1 4105
1 4106
1 4107
1 4108
1 4109
1 4110
1 4111
1 4112
1 4113
1 4114
1 4115
1 4116
1 4117
1 4118
1 4119
1 4120
1 4121
1 4122
1 4123
1 4124
1 4125
1 4126
1 4127
1 4128
1 4129
1 4130
1 4131
1 4132
1 4133
1 4134
1 4135
1 4136
1 4137
1 4138
1 4139
1 4140
1 4141
1 4142
1 4143
1 4144
1 4145
1 4146
1 4147
1 4148
1 4149
1 4150
1 4151
1 4152
1 4153
1 4154
1 4155
1 4156
1 4157
1 4158
1 4159
1 4160
1 4161
1 4162
1 4163
1 4164
1 4165
1 4166
1 4167
1 4168
1 4169
1 4170
1 4171
1 4172
1 4173
1 4174
1 4175
1 4176
1 4177
1 4178
1 4179
1 4180
1 4181
1 4182
1 4183
1 4184
1 4185
1 4186
1 4187
1 4188
1 4189
1 4190
1 4191
1 4192
1 4193
1 4194
1 4195
1 4196
1 4197
1 4198
1 4199
1 4200
1 4201
1 4202
1 4203
1 4204
1 4205
1 4206
1 4207
1 4208
1 4209
1 4210
1 4211
1 4212
1 4213
1 4214
1 4215
1 4216
1 4217
1 4218
1 4219
1 4220
1 4221
1 4222
1 4223
1 4224
1 4225
1 4226
1 4227
1 4228
1 4229
1 4230
1 4231
1 4232
1 4233
1 4234
1 4235
1 4236
1 4237
1 4238
1 4239
1 4240
1 4241
1 4242
1 4243
1 4244
1 4245
1 4246
1 4247
1 4248
1 4249
1 4250
1 4251
1 4252
1 4253
1 4254
1 4255
1 4256
1 4257
1 4258
1 4259
1 4260
1 4261
1 4262
1 4263
1 4264
1 4265
1 4266
1 4267
1 4268
1 4269
1 4270
1 4271
1 4272
1 4273
1 4274
1 4275
1 4276
1 4277
1 4278
1 4279
1 4280
1 4281
1 4282
1 4283
1 4284
1 4285
1 4286
1 4287
1 4288
1 4289
1 4290
1 4291
1 4292
1 4293
1 4294
1 4295
1 4296
1 4297
1 4298
1 4299
1 4300
1 4301
1 4302
1 4303
1 4304
1 4305
1 4306
1 4307
1 4308
1 4309
1 4310
1 4311
1 4312
1 4313
1 4314
1 4315
1 4316
1 4317
1 4318
1 4319
1 4320
1 4321
1 4322
1 4323
1 4324
1 4325
1 4326
1 4327
1 4328
1 4329
1 4330
1 4331
1 4332
1 4333
1 4334
1 4335
1 4336
1 4337
1 4338
1 4339
1 4340
1 4341
1 4342
1 4343
1 4344
1 4345
1 4346
1 4347
1 4348
1 4349
1 4350
1 4351
1 4352
1 4353
1 4354
1 4355
1 4356
1 4357
1 4358
1 4359
1 4360
1 4361
1 4362
1 4363
1 4364
1 4365
1 4366
1 4367
1 4368
1 4369
1 4370
1 4371
1 4372
1 4373
1 4374
1 4375
1 4376
1 4377
1 4378
1 4379
1 4380
1 4381
1 4382
1 4383
1 4384
1 4385
1 4386
1 4387
1 4388
1 4389
1 4390
1 4391
1 4392
1 4393
1 4394
1 4395
1 4396
1 4397
1 4398
1 4399
1 4400
1 4401
1 4402
1 4403
1 4404
1 4405
1 4406
1 4407
1 4408
1 4409
1 4410
1 4411
1 4412
1 4413
1 4414
1 4415
1 4416
1 4417
1 4418
1 4419
1 4420
1 4421
1 4422
1 4423
1 4424
1 4425
1 4426
1 4427
1 4428
1 4429
1 4430
1 4431
1 4432
1 4433
1 4434
1 4435
1 4436
1 4437
1 4438
1 4439
1 4440
1 4441
1 4442
1 4443
1 4444
1 4445
1 4446
1 4447
1 4448
1 4449
1 4450
1 4451
1 4452
1 4453
1 4454
1 4455
1 4456
1 4457
1 4458
1 4459
1 4460
1 4461
1 4462
1 4463
1 4464
1 4465
1 4466
1 4467
1 4468
1 4469
1 4470
1 4471
1 4472
1 4473
1 4474
1 4475
POINT_DATA 4476
SCALARS is_boundary float 1
LOOKUP_TABLE default
0
0
0
0
0
0
0
0
0
0
0
0
0
0
0
0
0
0
0
0
0
0
0
0
0
0
0
0
0
0
0
0
0
0
0
0
0
0
0
0
0
0
0
0
0
0
0
0
0
0
0
0
0
0
0
0
0
0
0
0
0
0
0
0
0
0
0
0
0
0
0
0
0
0
0
0
0
0
0
0
0
0
0
0
0
0
0
0
0
0
0
0
0
0
0
0
0
0
0
0
0
0
0
0
0
0
0
0
0
0
0
0
0
0
0
0
0
0
0
0
0
0
0
0
0
0
0
0
0
0
0
0
0
0
0
0
0
0
0
0
0
0
0
0
0
0
0
0
0
0
0
0
0
0
0
0
0
0
0
0
0
0
0
0
0
0
0
0
0
0
0
0
0
0
0
0
0
0
0
0
0
0
0
0
0
0
0
0
0
0
0
0
0
0
0
0
0
0
0
0
0
0
0
0
0
0
0
0
0
0
0
0
0
0
0
0
0
0
0
0
0
0
0
0
0
0
0
0
0
0
0
0
0
0
0
0
0
0
0
0
0
0
0
0
0
0
0
0
0
0
0
0
0
0
0
0
0
0
0
0
0
0
0
0
0
0
0
0
0
0
0
0
0
0
0
0
0
0
0
0
0
0
0
0
0
0
0
0
0
0
0
0
0
0
0
0
0
0
0
0
0
0
0
0
0
0
0
0
0
0
0
0
0
0
0
0
0
0
0
0
0
0
0
0
0
0
0
0
0
0
0
0
0
0
0
0
0
0
0
0
0
0
0
0
0
0
0
0
0
0
0
0
0
0
0
0
0
0
0
0
0
0
0
0
0
0
0
0
0
0
0
0
0
0
0
0
0
0
0
0
0
0
0
0
0
0
0
0
0
0
0
0
0
0
0
0
0
0
0
0
0
0
0
0
0
0
0
0
0
0
0
0
0
0
0
0
0
0
0
0
0
0
0
0
0
0
0
0
0
0
0
0
0
0
0
0
0
0
0
0
0
0
0
0
0
0
0
0
0
0
0
0
0
0
0
0
0
0
0
0
0
0
0
0
0
0
0
0
0
0
0
0
0
0
0
0
0
0
0
0
0
0
0
0
0
0
0
0
0
0
0
0
0
0
0
0
0
0
0
0
0
0
0
0
0
0
0
0
0
0
0
0
0
0
0
0
0
0
0
0
0
0
0
0
0
0
0
0
0
0
0
0
0
0
0
0
0
0
0
0
0
0
0
0
0
0
0
0
0
0
0
0
0
0
0
0
0
0
0
0
0
0
0
0
0
0
0
0
0
0
0
0
0
0
0
0
0
0
0
0
0
0
0
0
0
0
0
0
0
0
0
0
0
0
0
0
0
0
0
0
0
0
0
0
0
0
0
0
0
0
0
0
0
0
0
0
0
0
0
0
0
0
0
0
0
0
0
0
0
0
0
0
0
0
0
0
0
0
0
0
0
0
0
0
0
0
0
0
0
0
0
0
0
0
0
0
0
0
0
0
0
0
0
0
0
0
0
0
0
0
0
0
0
0
0
0
0
0
0
0
0
0
0
0
0
0
0
0
0
0
0
0
0
0
0
0
0
0
0
0
0
0
0
0
0
0
0
0
0
0
0
0
0
0
0
0
0
0
0
0
0
0
0
0
0
0
0
0
0
0
0
0
0
0
0
0
0
0
0
0
0
0
0
0
0
0
0
0
0
0
0
0
0
0
0
0
0
0
0
0
0
0
0
0
0
0
0
0
0
0
0
0
0
0
0
0
0
0
0
0
0
0
0
0
0
0
0
0
0
0
0
0
0
0
0
0
0
0
0
0
0
0
0
0
0
0
0
0
0
0
0
0
0
0
0
0
0
0
0
0
0
0
0
0
0
0
0
0
0
0
0
0
0
0
0
0
0
0
0
0
0
0
0
0
0
0
0
0
0
0
0
0
0
0
0
0
0
0
0
0
0
0
0
0
0
0
0
0
0
0
0
0
0
0
0
0
0
0
0
0
0
0
0
0
0
0
0
0
0
0
0
0
0
0
0
0
0
0
0
0
0
0
0
0
0
0
0
0
0
0
0
0
0
0
0
0
0
0
0
0
0
0
0
0
0
0
0
0
0
0
0
0
0
0
0
0
0
0
0
0
0
0
0
0
0
0
0
0
0
0
0
0
0
0
0
0
0
0
0
0
0
0
0
0
0
0
0
0
0
0
0
0
0
0
0
0
0
0
0
0
0
0
0
0
0
0
0
0
0
0
0
0
0
0
0
0
0
0
0
0
0
0
0
0
0
0
0
0
0
0
0
0
0
0
0
0
0
0
0
0
0
0
0
0
0
0
0
0
0
0
0
0
0
0
0
0
0
0
0
0
0
0
0
0
0
0
0
0
0
0
0
0
0
0
0
0
0
0
0
0
0
0
0
0
0
0
0
0
0
0
0
0
0
0
0
0
0
0
0
0
0
0
0
0
0
0
0
0
0
0
0
0
0
0
0
0
0
0
0
0
0
0
0
0
0
0
0
0
0
0
0
0
0
0
0
0
0
0
0
0
0
0
0
0
0
0
0
0
0
0
0
0
0
0
0
0
0
0
0
0
0
0
0
0
0
0
0
0
0
0
0
0
0
0
0
0
0
0
0
0
0
0
0
0
0
0
0
0
0
0
1
1
1
1
1
1
1
1
1
1
1
1
1
1
1
1
1
1
1
1
1
1
1
1
1
1
1
1
1
1
1
1
1
1
1
1
1
1
1
1
1
1
1
1
1
1
1
1
1
1
1
1
1
1
1
1
1
1
1
1
1
1
1
1
1
1
1
1
1
1
1
1
1
1
1
1
1
1
1
1
1
1
1
1
1
1
1
1
1
1
1
1
1
1
1
1
1
1
1
1
1
1
1
1
1
1
1
1
1
1
1
1
1
1
1
1
1
1
1
1
1
1
1
1
1
1
1
1
1
1
1
1
1
1
1
1
1
1
1
1
1
1
1
1
1
1
1
1
1
1
1
1
1
1
1
1
1
1
1
1
1
1
1
1
1
1
1
1
1
1
1
1
1
1
1
1
1
1
1
1
1
1
1
1
1
1
1
1
1
1
1
1
1
1
1
1
1
1
1
1
1
1
1
1
1
1
1
1
1
1
1
1
1
1
1
1
1
1
1
1
1
1
1
1
1
1
1
1
1
1
1
1
1
1
1
1
1
1
1
1
1
1
1
1
1
1
1
1
1
1
1
1
1
1
1
1
1
1
1
1
1
1
1
1
1
1
1
1
1
1
1
1
1
1
1
1
1
1
1
1
1
1
1
1
1
1
1
1
1
1
1
1
1
1
1
1
1
1
1
1
1
1
1
1
1
1
1
1
1
1
1
1
1
1
1
1
1
1
1
1
1
1
1
1
1
1
1
1
1
1
1
1
1
1
1
1
1
1
1
1
1
1
1
1
1
1
1
1
1
1
1
1
1
1
1
1
1
1
1
1
1
1
1
1
1
1
1
1
1
1
1
1
1
1
1
1
1
1
1
1
1
1
1
1
1
1
1
1
1
1
1
1
1
1
1
1
1
1
1
1
1
1
1
1
1
1
1
1
1
1
1
1
1
1
1
1
1
1
1
1
1
1
1
1
1
1
1
1
1
1
1
1
1
1
1
1
1
1
1
1
1
1
1
1
1
1
1
1
1
1
1
1
1
1
1
1
1
1
1
1
1
1
1
1
1
1
1
1
1
1
1
1
1
1
1
1
1
1
1
1
1
1
1
1
1
1
1
1
1
1
1
1
1
1
1
1
1
1
1
1
1
1
1
1
1
1
1
1
1
1
1
1
1
1
1
1
1
1
1
1
1
1
1
1
1
1
1
1
1
1
1
1
1
1
1
1
1
1
1
1
1
1
1
1
1
1
1
1
1
1
1
1
1
1
1
1
1
1
1
1
1
1
1
1
1
1
1
1
1
1
1
1
1
1
1
1
1
1
1
1
1
1
1
1
1
1
1
1
1
1
1
1
1
1
1
1
1
1
1
1
1
1
1
1
1
1
1
1
1
1
1
1
1
1
1
1
1
1
1
1
1
1
1
1
1
1
1
1
1
1
1
1
1
1
1
1
1
1
1
1
1
1
1
1
1
1
1
1
1
1
1
1
1
1
1
1
1
1
1
1
1
1
1
1
1
1
1
1
1
1
1
1
1
1
1
1
1
1
1
1
1
1
1
1
1
1
1
1
1
1
1
1
1
1
1
1
1
1
1
1
1
1
1
1
1
1
1
1
1
1
1
1
1
1
1
1
1
1
1
1
1
1
1
1
1
1
1
1
1
1
1
1
1
1
1
1
1
1
1
1
1
1
1
1
1
1
1
1
1
1
1
1
1
1
1
1
1
1
1
1
1
1
1
1
1
1
1
1
1
1
1
1
1
1
1
1
1
1
1
1
1
1
1
1
1
1
1
1
1
1
1
1
1
1
1
1
1
1
1
1
1
1
1
1
1
1
1
1
1
1
1
1
1
1
1
1
1
1
1
1
1
1
1
1
1
1
1
1
1
1
1
1
1
1
1
1
1
1
1
1
1
1
1
1
1
1
1
1
1
1
1
1
1
1
1
1
1
1
1
1
1
1
1
1
1
1
1
1
1
1
1
1
1
1
1
1
1
1
1
1
1
1
1
1
1
1
1
1
1
1
1
1
1
1
1
1
1
1
1
1
1
1
1
1
1
1
1
1
1
1
1
1
1
1
1
1
1
1
1
1
1
1
1
1
1
1
1
1
1
1
1
1
1
1
1
1
1
1
1
1
1
1
1
1
1
1
1
1
1
1
1
1
1
1
1
1
1
1
1
1
1
1
1
1
1
1
1
1
1
1
1
1
1
1
1
1
1
1
1
1
1
1
1
1
1
1
1
1
1
1
1
1
1
1
1
1
1
1
1
1
1
1
1
1
1
1
1
1
1
1
1
1
1
1
1
1
1
1
1
1
1
1
1
1
1
1
1
1
1
1
1
1
1
1
1
1
1
1
1
1
1
1
1
1
1
1
1
1
1
1
1
1
1
1
1
1
1
1
1
1
1
1
1
1
1
1
1
1
1
1
1
1
1
1
1
1
1
1
1
1
1
1
1
1
1
1
1
1
1
1
1
1
1
1
1
1
1
1
1
1
1
1
1
1
1
1
1
1
1
1
1
1
1
1
1
1
1
1
1
1
1
1
1
1
1
1
1
1
1
1
1
1
1
1
1
1
1
1
1
1
1
1
1
1
1
1
1
1
1
1
1
1
1
1
1
1
1
1
1
1
1
1
1
1
1
1
1
1
1
1
1
1
1
1
1
1
1
1
1
1
1
1
1
1
1
1
1
1
1
1
1
1
1
1
1
1
1
1
1
1
1
1
1
1
1
1
1
1
1
1
1
1
1
1
1
1
1
1
1
1
1
1
1
1
1
1
1
1
1
1
1
1
1
1
1
1
1
1
1
1
1
1
1
1
1
1
1
1
1
1
1
1
1
1
1
1
1
1
1
1
1
1
1
1
1
1
1
1
1
1
1
1
1
1
1
1
1
1
1
1
1
1
1
1
1
1
1
1
1
1
1
1
1
1
1
1
1
1
1
1
1
1
1
1
1
1
1
1
1
1
1
1
1
1
1
1
1
1
1
1
1
1
1
1
1
1
1
1
1
1
1
1
1
1
1
1
1
1
1
1
1
1
1
1
1
1
1
1
1
1
1
1
1
1
1
1
1
1
1
1
1
1
1
1
1
1
1
1
1
1
1
1
1
1
1
1
1
1
1
1
1
1
1
1
1
1
1
1
1
1
1
1
1
1
1
1
1
1
1
1
1
1
1
1
1
1
1
1
1
1
1
1
1
1
1
1
1
1
1
1
1
1
1
1
1
1
1
1
1
1
1
1
1
1
1
1
1
1
1
1
1
1
1
1
1
1
1
1
1
1
1
1
1
1
1
1
1
1
1
1
1
1
1
1
1
1
1
1
1
1
1
1
1
1
1
1
1
1
1
1
1
1
1
1
1
1
1
1
1
1
1
1
1
1
1
1
1
1
1
1
1
1
1
1
1
1
1
1
1
1
1
1
1
1
1
1
1
1
1
1
1
1
1
1
1
1
1
1
1
1
1
1
1
1
1
1
1
1
1
1
1
1
1
1
1
1
1
1
1
1
1
1
1
1
1
1
1
1
1
1
1
1
1
1
1
1
1
1
1
1
1
1
1
1
1
1
1
1
1
1
1
1
1
1
1
1
1
1
1
1
1
1
1
1
1
1
1
1
1
1
1
1
1
1
1
1
1
1
1
1
1
1
1
1
1
1
1
1
1
1
1
1
1
1
1
1
1
1
1
1
1
1
1
1
1
1
1
1
1
1
1
1
1
1
1
1
1
1
1
1
1
1
1
1
1
1
1
1
1
1
1
1
1
1
1
1
1
1
1
1
1
1
1
1
1
1
1
1
1
1
1
1
1
1
1
1
1
1
1
1
1
1
1
1
1
1
1
1
1
1
1
1
1
1
1
1
1
1
1
1
1
1
1
1
1
1
1
1
1
1
1
1
1
1
1
1
1
1
1
1
1
1
1
1
1
1
1
1
1
1
1
1
1
1
1
1
1
1
1
1
1
1
1
1
1
1
1
1
1
1
1
1
1
1
1
1
1
1
1
1
1
1
1
1
1
1
1
1
1
1
1
1
1
1
1
1
1
1
1
1
1
1
1
1
1
1
1
1
1
1
1
1
1
1
1
1
1
1
1
1
1
1
1
1
1
1
1
1
1
1
1
1
1
1
1
1
1
1
1
1
1
1
1
1
1
1
1
1
1
1
1
1
1
1
1
1
1
1
1
1
1
1
1
1
1
1
1
1
1
1
1
1
1
1
1
1
1
1
1
1
1
1
1
1
1
1
1
1
1
1
1
1
1
1
1
1
1
1
1
1
1
1
1
1
1
1
1
1
1
1
1
1
1
1
1
1
1
1
1
1
1
1
1
1
1
1
1
1
1
1
1
1
1
1
1
1
1
1
1
1
1
1
1
1
1
1
1
1
1
1
1
1
1
1
1
1
1
1
1
1
1
1
1
1
1
1
1
1
1
1
1
1
1
1
1
1
1
1
1
1
1
1
1
1
1
1
1
1
1
1
1
1
1
1
1
1
1
1
1
1
1
1
1
1
1
1
1
1
1
1
1
1
1
1
1
1
1
1
1
1
1
1
1
1
1
1
1
1
1
1
1
1
1
1
1
1
1
1
1
1
1
1
1
1
1
1
1
1
1
1
1
1
1
1
1
1
1
1
1
1
1
1
1
1
1
1
1
1
1
1
1
1
1
1
1
1
1
1
1
1
1
1
1
1
1
1
1
1
1
1
1
1
1
1
1
1
1
1
1
1
1
1
1
1
1
1
1
1
1
1
1
1
1
1
1
1
1
1
1
1
1
1
1
1
1
1
1
1
1
1
1
1
1
1
1
1
1
1
1
1
1
1
1
1
1
1
1
1
1
1
1
1
1
1
1
1
1
1
1
1
1
1
1
1
1
1
1
1
1
1
1
1
1
1
1
1
1
1
1
1
1
1
1
1
1
1
1
1
1
1
1
1
1
1
1
1
1
1
1
1
1
1
1
1
1
1
1
1
1
1
1
1
1
1
1
1
1
1
1
1
1
1
1
1
1
1
1
1
1
1
1
1
1
1
1
1
1
1
1
1
1
1
1
1
1
1
1
1
1
1
1
1
1
1
1
1
1
1
1
1
1
1
1
1
1
1
1
1
1
1
1
1
1
1
1
1
1
1
1
1
1
1
1
1
1
1
1
1
1
1
1
1
1
1
1
1
1
1
1
1
1
1
1
1
1
1
1
1
1
1
1
1
1
1
1
1
1
1
1
1
1
1
1
1
1
1
1
1
1
1
1
1
1
1
1
1
1
1
1
1
1
1
1
1
1
1
1
1
1
1
1
1
1
1
1
1
1
1
1
1
1
1
1
1
1
1
1
1
1
1
1
1
1
1
1
1
1
1
1
1
1
1
1
1
1
1
1
1
1
1
1
1
1
1
1
1
1
1
1
1
1
1
1
1
1
1
1
1
1
1
1
1
1
1
1
1
1
1
1
1
1
1
1
1
1
1
1
1
1
1
1
1
1
1
1
1
1
1
1
1
1
1
1
1
1
1
1
1
1
1
1
1
1
1
1
1
1
1
1
1
1
1
1
1
1
1
1
1
1
1
1
1
1
1
1
1
1
1
1
1
1
1
1
1
1
1
1
1
1
1
1
1
1
1
1
1
1
1
1
1
1
1
1
1
1
1
1
1
1
1
1
1
1
1
1
1
1
1
1
1
1
1
1
1
1
1
1
1
1
1
1
1
1
1
1
1
1
1
1
1
1
1
1
1
1
1
1
1
1
1
1
1
1
1
1
1
1
1
1
1
1
1
1
1
1
1
1
1
1
1
1
1
1
1
1
1
1
1
1
1
1
1
1
1
1
1
1
1
1
1
1
1
1
1
1
1
1
1
1
1
1
1
1
1
1
1
1
1
1
1
1
1
1
1
1
1
1
1
1
1
1
1
1
1
1
1
1
1
1
1
1
1
1
1
1
1
1
1
1
1
1
1
1
1
1
1
1
1
1
1
1
1
1
1
1
1
1
1
1
1
1
1
1
1
1
1
1
1
1
1
1
1
1
1
1
1
1
1
1
1
1
1
1
1
1
1
1
1
1
1
1
1
1
1
1
1
1
1
1
1
1
1
1
1
1
1
1
1
1
1
1
1
1
1
1
1
1
1
1
1
1
1
1
1
1
1
1
1
1
1
1
1
1
1
1
1
1
1
1
1
1
1
1
1
1
1
1
1
1
1
1
1
1
1
1
1
1
1
1
1
1
1
1
1
1
1
1
1
1
1
1
1
1
1
1
1
1
1
1
1
1
1
1
1
1
1
1
1
1
1
1
1
1
1
1
1
1
1
1
1
1
1
1
1
1
1
1
1
1
1
1
1
1
1
1
1
1
1
1
1
1
1
1
1
1
1
1
1
1
1
1
1
1
1
1
1
1
1
1
1
1
1
1
1
1
1
1
1
1
1
1
1
1
1
1
1
1
1
1
1
1
1
1
1
1
1
1
1
1
1
1
1
1
1
1
1
1
1
1
1
1
1
1
1
1
1
1
1
1
1
1
1
1
1
1
1
1
1
1
1
1
1
1
1
1
1
1
1
1
1
1
1
1
1
1
1
1
1
1
1
1
1
1
1
1
1
1
1
1
1
1
1
1
1
1
1
1
1
1
1
1
1
1
1
1
1
1
1
1
1
1
1
1
1
1
1
1
1
1
1
1
1
1
1
1
1
1
1
1
1
1
1
1
1
1
1
1
1
1
1
1
1
1
1
1
1
1
1
1
1
1
1
1
1
1
1
1
1
1
1
1
1
1
1
1
1
1
1
1
1
1
1
1
1
1
1
1
1
1
1
1
1
1
1
1
1
1
1
1
1
1
1
1
1
1
1
1
1
1
1
1
1
1
1
1
1
1
1
1
1
1
1
1
1
1
1
1
1
1
1
1
1
1
1
1
1
1
1
1
1
1
1
1
1
1
1
1
1
1
1
1
1
1
1
1
1
1
1
1
1
1
1
1
1
1
1
1
1
1
1
1
1
1
1
1
1
1
1
1
1
1
1
1
1
1
1
1
1
1
1
1
1
1
1
1
1
1
1
1
1
1
1
1
1
1
1
1
1
1
1
1
1
1
1
1
1
1
1
1
1
1
1
1
1
1
1
1
1
1
1
1
1
1
1
1
1
1
1
1
1
1
1
1
1
1
1
1
1
1
1
1
1
1
1
1
1
1
1
1
1
1
1
1
1
1
1
1
1
1
1
1
1
1
1
1
1
1
1
1
1
1
1
1
1
1
1
1
1
1
1
1
1
1
1
1
1
1
1
1
1
1
1
1
1
1
1
1
1
1
1
1
1
1
1
1
1
1
1
1
1
1
1
1
1
1
1
1
1
1
1
1
1
1
1
1
1
1
1
1
1
1
1
1
1
1
1
1
1
1
1
1
1
1
1
1
1
1
1
1
1
1
1
1
1
1
1
1
1
1
1
1
1
1
1
1
1
1
1
1
1
1
1
1
1
1
1
SCALARS rho float 1
LOOKUP_TABLE default
374.88487251736427
586.33061753683558
696.42033493278996
787.23148360352388
583.70236193289873
959.22625261889686
1020
1020
634.549847965053
1020
637.63840150168608
1020
1020
1020
1020
1020
697.20123388946661
953.52772272753077
936.7235097804039
1020
1020
1020
1020
769.7092722636861
649.72520934983015
665.65483674391123
551.42505928494813
896.77507122343627
1020
1020
1020
1020
949.76006937731267
1020
1020
1020
1020
1020
1020
1020
1020
1020
1020
1020
1020
1020
1020
1020
963.81700120009032
1020
943.01369112577356
750.22402164141704
777.54165923447329
975.26061865311021
1020
1020
929.5198775764693
1020
1010.3190225906707
1020
1020
1020
1020
1020
917.48574411980485
1000.5795929900062
1020
1020
850.82155557091494
952.80954609714581
738.15634103761965
880.76105925389231
1020
1020
1020
1003.4876248315201
1020
1020
1020
1020
1020
1020
928.09792727850208
1020
1020
1020
1020
1020
993.32834072153582
1020
855.30526324294624
966.68096618081336
816.32691326968177
1020
1020
990.7473182439162
925.2798585355124
853.90197803574733
1020
1020
1020
992.78705923527775
1020
1020
945.4696520329345
897.49915168365828
981.3670579317602
867.98845604556573
624.09850141438346
1020
1020
1020
1020
1020
1020
1020
883.81784782899445
1020
1020
1020
1020
1020
1020
1020
1020
1020
1020
1020
1020
1020
1020
1020
1020
1020
1020
1020
1020
1020
1020
1020
1020
1020
1020
1020
1020
1020
1020
1020
1020
1020
1020
1020
1020
1020
856.56378626956848
1020
1020
1020
1020
1020
1020
1020
695.96343990135028
897.90374239388711
685.28635674958127
933.35305384780463
1020
920.03772392178496
1020
1020
1020
1020
1020
1020
1020
1020
1020
1020
1020
1020
1020
1020
1020
1020
1020
1020
1020
1020
1020
1020
1020
1020
1020
1020
1020
1020
1020
1020
1020
1020
1020
1020
1020
1020
1020
1020
1020
1020
1020
1020
1020
1020
1020
1020
1020
1020
1020
1020
1020
1020
1020
1020
1020
1020
1020
1020
1020
1020
1020
1020
1020
1020
1020
1003.2727613144168
1020
1020
1020
1020
1020
1020
1020
1020
1020
1020
1020
1020
1020
1020
1020
1020
1020
1020
1020
1020
1020
1020
1020
1020
1020
1020
1020
1020
1020
1020
1020
924.295133370798
1020
1020
1020
1020
1020
1020
1020
1020
1020
1020
1020
1020
1020
1020
1020
1020
1020
1020
1020
1002.2926413746577
1020
1020
1020
1020
1020
1020
1020
1020
1020
1020
1020
1020
1020
1020
1020
1020
1020
1020
1020
1020
1020
1020
1020
994.5320582403275
1020
1020
1020
1020
1020
1020
1020
1020
1020
1020
1020
1020
1020
1020
1020
1020
1020
1020
1020
1020
1020
1020
1020
1020
1020
1000.3764502205343
1020
1020
1020
1020
1020
1020
1020
1020
1020
1020
1020
1020
1020
1020
1020
1020
1020
1020
1020
1020
1020
1020
1020
1020
1020
1020
1020
1020
1020
1020
1020
1020
1020
1020
1020
960.97500304544678
1020
1020
1020
1020
1020
994.18275987472987
1008.9631585743655
1020
1020
1020
1011.4333466103805
1020
1008.3246790514804
1011.9187725949205
1006.0883599732459
1005.9581494168013
1020
1020
1020
1020
1020
1020
1012.5968355771437
1016.7796607762749
1007.554206947722
1011.1052816682901
1002.215501422105
1003.2091943023571
1020
1020
1017.0809213240083
1006.7361324776119
1002.8836373367932
1020
1016.615330962309
1020
983.34625804123948
1013.7167861905315
1002.9900844909309
991.5029741874057
980.6754063526264
1020
1006.3942651025054
1020
1001.58984851071
1000.5157141218064
1020
1013.6852941725866
1020
996.48178549392389
1002.690465291867
1000.5357312534784
980.17332202605951
978.40962021523694
1020
1020
1020
1020
1012.6868912573299
1020
1012.1298441636333
1020
1007.6262529000885
1008.9352997923455
1002.4637409141508
1004.3242193659538
1020
1020
1020
1020
1020
1020
1013.8197299263697
1020
1020
1014.6977366529663
1020
1018.3936606733992
1020
1008.7068327464247
1020
1012.1132830556953
1001.0293881530592
1003.9242675570059
1010.1788862730673
1003.466279685342
1005.1491567232912
1011.2477044918152
1005.2750568508238
1006.0152789605294
993.24173522471051
939.07535517569681
1002.1213974671012
1002.0801026280559
1001.8904111984617
1020
1005.1365985819258
1020
994.76201879147561
1003.5655602233884
980.74400923103747
978.83185396764634
995.94023992488655
937.69863114224131
1005.0079318338356
988.85632218805767
1003.3212909321431
1002.9563627352633
1004.9507080099008
1002.6778983805219
1005.6039400061067
1003.8289737858469
1006.9281124204977
1003.3410940484572
1020
1008.4848360488299
1020
1001.8585381715205
1020
1014.7107778063627
1020
998.3274114888402
981.75266927288362
979.08443467119537
982.74744603646377
979.25172408661092
1020
1020
1020
1020
778.42905074004227
1018.1364254977407
1020
1020
1011.230604183442
1017.409046856708
1003.8486383991144
994.58724390627401
754.40095850741739
980.95356406077872
743.6754759612063
1020
1020
1020
1020
770.96594290536336
743.52692625557654
1013.6887232607922
1014.7678949358746
1014.5670386106558
1004.6083791519443
1005.3670774096607
1005.3513718766004
989.42988137261204
981.26498298946626
738.20746266270623
1009.946350907843
1010.6998272800301
998.68306844803863
974.35195161347121
748.51471728488241
1006.9518630243956
1014.8186963507931
1009.1867709898668
976.85607835274527
987.78169837250528
986.97706387380606
970.28170241283237
753.70497256669887
949.04458646505464
732.66528534403255
1001.0856182142364
1002.0190880220525
1002.5288509139859
1000.2811825232822
1000.9035715774772
1001.3115901345724
979.00415580349193
736.8634296485576
977.53482901773839
735.55165051588551
977.27630800304746
976.77126099013958
976.38220738773634
952.08834553050815
715.64401891534646
1020
1020
1020
1014.8754314688796
1015.7777689229031
1015.7240310874087
1020
774.89942811058461
990.65012497993155
744.47942726550036
1005.2203840880081
1005.646778796568
1005.7409496560502
981.39932363011667
737.9101678258877
1020
1020
1020
1015.9714707954365
1016.8212779722593
1016.7164572502036
1020
1020
1020
1016.8061726562203
1017.7053057571162
1017.6232597405151
1020
772.00294172014185
991.55547749095092
745.11655238727474
1020
781.06025615728004
992.39188579891527
745.69041005456631
1005.7664273442044
1005.9725933438102
1005.9512124605039
1006.2059677507455
1006.2095645970095
1006.0937605901164
981.47283535167594
737.8601864252995
981.55377873194504
737.88799345394887
1002.0412388002734
1002.1600711153014
1002.2847599507817
1001.1608908547332
1000.9589705618856
1000.9235133022397
978.18408900013958
735.62280380307902
976.74987675211094
734.50591106204388
977.74260060134304
977.14522423793994
976.80265699720553
952.4538034947833
715.67325240261277
1002.5318177380481
1002.304652891474
1002.1984502687508
1001.5754329004801
1001.0807982237128
1000.8637718956912
1002.366419087688
1002.8543518950869
1002.1252211513194
1001.7826357453985
1001.0917206350421
1000.7780869132796
977.89354933830793
735.26747463381946
976.55440667985602
734.26560372639199
977.74417245557595
735.12046339530195
976.41723266741576
734.13916889129632
977.78992880148974
977.1246171608168
976.77220980959748
977.71307175799814
976.97203384692762
976.59685519176344
952.40591379547379
715.56859796761421
952.2256419709521
715.4091724963946
576.93899246395085
718.52585707055641
860.9502751228149
822.82088203470687
813.65586859555651
853.56709990998888
858.36707721802406
620.77859103932315
802.43508619842555
754.92757137010506
821.62209383654704
762.68198560754843
751.79628554268459
763.20636124085877
867.67147724587494
750.18625296507582
747.19076760521966
760.11624089652423
857.98798450195386
747.74216010629868
744.3687412164096
759.16002800105457
843.59320049173107
845.21370410428449
759.64569653283502
746.57043983019548
742.52453495931582
745.94505884644002
741.47143873538437
748.52966742443891
753.33383157207709
753.64316664066905
728.64211148706352
551.51997774041001
744.55161758309475
742.66742442900852
741.35564831580075
721.72626687536172
542.49438719663897
740.45837796283149
741.98425980228501
739.49522928988677
720.03331930404488
540.86864248612551
740.02202748329728
738.5302161984315
737.66494383379563
738.85284669986936
737.3456554739322
736.51162166359893
718.34615024183711
539.46767071739691
717.27220237076222
538.60039597523144
805.24088764126009
1020
1020
1020
1020
1020
1020
1020
952.03831988449065
1020
1020
1020
1020
1020
1020
1020
1020
1020
1020
1020
1020
1020
1020
1020
1020
1020
1020
1020
1020
1020
1020
1020
1020
1020
1020
1020
1020
1020
1020
1020
1020
1020
1020
1020
1020
1020
1020
1020
1020
1020
1020
1020
1020
1020
1020
1020
1020
1020
1020
1020
1020
1020
1020
1020
1020
1020
1020
1020
1020
1020
1020
1020
1020
1020
1020
1020
1020
1020
1020
1020
1020
1020
1020
1020
1020
1020
1020
1020
1020
854.85697523457691
983.45257942487581
1020
1020
1012.9830585131208
1016.3930280070277
1020
1020
1020
1020
1020
1020
1020
1020
1020
1020
1020
1020
1020
1020
1020
1020
1020
1020
1020
1020
1020
1020
1020
1020
1020
1020
1020
1020
1020
1020
1020
1020
1020
1020
1020
1020
1020
1020
1020
1020
1020
1020
1020
1020
1020
1020
1020
1020
1020
1020
1020
1020
1020
1020
1020
1020
1020
1020
1020
992.65231339968068
1020
1020
1020
1020
1020
1020
1020
955.3860802814288
1020
1020
837.55451368761351
963.91973601268114
1020
1020
1020
1020
1020
1020
1020
1020
1020
1020
1020
1020
1020
1020
1020
1020
1020
1020
1020
1020
1020
1020
1020
1020
1020
1020
1020
941.97363201726534
1020
1020
1020
1020
1020
1020
1020
1020
1020
1020
1020
1020
1020
973.71952782891833
939.59029453462119
1020
1020
1020
1020
832.23030712566538
1020
1020
1020
1020
1015.4883254935606
1020
1012.6513595661048
1013.504955129782
1006.194317196244
1012.323073155845
1007.439375672684
1006.8364783660114
1020
1020
1020
1020
1020
1015.8468416011179
1020
1020
1020
1019.0460142128994
1013.1954312239686
1009.3928141866768
1007.3614892864267
1020
1020
1008.0850864590859
1004.5880590435531
1008.4085449026746
1003.6951925734949
1020
1020
1020
995.01870393454999
982.81517073117129
979.12502031346241
1020
1020
1009.888820061847
1005.0238833641092
1008.4831300517848
1003.5490035144562
1020
1020
1020
996.32179611297829
981.3801676779176
978.52298856025538
993.85038044702947
970.8166639082865
1019.8401277056745
1020
990.50512178571159
1013.4606256539563
984.63980919786934
1020
997.43838025461525
988.72070525788752
986.24915349661171
983.02626863151704
768.8692804888567
691.9878834334412
789.36021255343735
791.00471504665325
767.48681572799478
772.95451108245277
744.63619846173287
925.60117721434585
770.63978460646445
764.06153115465827
760.94809911391201
762.13641962898942
1007.9214234464174
1020
986.52602633024253
980.90293359770828
983.37635612343081
978.81784663578003
1020
1000.4166835792925
1020
970.20929718827949
955.26521357906722
953.43554936056535
790.45787818155623
910.97318862770112
775.73773738402974
760.12441224009092
777.8468862537427
764.46039176869681
870.25940588104095
779.72075280172726
893.78474520968496
760.78641008310797
749.28028826310708
753.9731256666081
1020
1020
1020
1017.2823033663824
1018.1011077821217
1018.0930874710729
1020
786.46070741847768
992.88244974411407
746.02732654569991
1006.4463018444394
1006.2141266755814
1006.0491714489614
981.53178734224264
737.88567066520636
1020
1020
1020
1016.9341581381476
1017.4711244548802
1017.6502949571692
1020
778.95760995390629
992.74536948570892
746.05245435534312
1006.2563397543441
1005.7579859624132
1005.6649422993501
981.3667886812633
737.88463696615997
1002.9842980992328
1002.2365716058001
1001.9011693210532
1001.7522098399971
1000.8948124235673
1000.5046423243331
977.50848455678999
734.94520960065438
976.12127779745435
733.909775179701
977.50958810626696
976.72476559063159
976.32280674751394
951.94489475401394
715.18693820470628
1002.7808529710542
1001.7215771944067
1001.3320532550593
1001.3803508476682
1000.3172305987999
999.826757969808
977.03405913924394
734.64392039465031
975.44764760498447
733.40411929870334
977.0676311002569
976.24516613987464
975.78916447002916
951.39073658368864
714.74829483705207
1020
1020
1020
990.69565563018557
991.12982414241321
991.91748734749501
1009.158445975007
753.41165596821361
967.87063589227671
727.22588391852651
981.03169018584185
980.29986226369226
980.60603463139171
956.99487096154735
719.35766489854552
781.99744118893716
794.25079392386954
814.73843722407275
752.74813550635429
764.96130272402854
780.00074637912905
785.65873768512188
588.61513450639393
752.33191069231884
575.14331708347561
753.40806298959626
760.92441476879264
770.22237780819512
752.98122660069112
580.82496273627817
976.33094558283346
977.87372918182814
975.99660609903844
976.3911050452092
974.8905319736208
974.23601649454156
952.10159915939528
715.51867136419412
949.98899558204459
713.71677348402739
952.22198223957366
951.26193799328712
950.67357175826658
926.27839762978863
695.24637612403285
748.42452023975011
753.96554328680179
761.06088905661875
751.24829629038072
746.34692261134126
744.44145455151067
749.7671715890591
572.56788960526626
737.80952075645189
558.8218710140012
748.65669344850528
736.23681289218337
735.34047535713228
719.50676149100934
534.93588225362794
885.41306336505704
762.98541901079614
745.17410965730971
740.87197165344276
756.48192386744313
854.31226802772505
743.85040862313485
740.40258301081019
730.64521138443922
769.10835381094603
723.5468559034781
720.92555458536981
571.20669794975413
670.09124036835283
554.33139707484338
563.58841342794835
738.2860390375281
736.7913783159637
735.97141202023533
716.7637404408913
538.19819908447982
738.03521491137644
736.59189760069012
735.77779152957942
716.56501864836753
538.041157388221
718.92097062423011
717.56378582038076
716.74145097928829
697.531672721267
523.33742138130822
572.87097541394814
565.29460674332302
566.31160132439231
548.59538000474913
398.90652736258323
1000
1000
1000
1000
1000
1000
1000
1000
1000
1000
1000
1000
1000
1000
1000
1000
1000
1000
1000
1000
1000
1000
1000
1000
1000
1000
1000
1000
1000
1000
1000
1000
1000
1000
1000
1000
1000
1000
1000
1000
1000
1000
1000
1000
1000
1000
1000
1000
1000
1000
1000
1000
1000
1000
1000
1000
1000
1000
1000
1000
1000
1000
1000
1000
1000
1000
1000
1000
1000
1000
1000
1000
1000
1000
1000
1000
1000
1000
1000
1000
1000
1000
1000
1000
1000
1000
1000
1000
1000
1000
1000
1000
1000
1000
1000
1000
1000
1000
1000
1000
1000
1000
1000
1000
1000
1000
1000
1000
1000
1000
1000
1000
1000
1000
1000
1000
1000
1000
1000
1000
1000
1000
1000
1000
1000
1000
1000
1000
1000
1000
1000
1000
1000
1000
1000
1000
1000
1000
1000
1000
1000
1000
1000
1000
1000
1000
1000
1000
1000
1000
1000
1000
1000
1000
1000
1000
1000
1000
1000
1000
1000
1000
1000
1000
1000
1000
1000
1000
1000
1000
1000
1000
1000
1000
1000
1000
1000
1000
1000
1000
1000
1000
1000
1000
1000
1000
1000
1000
1000
1000
1000
1000
1000
1000
1000
1000
1000
1000
1000
1000
1000
1000
1000
1000
1000
1000
1000
1000
1000
1000
1000
1000
1000
1000
1000
1000
1000
1000
1000
1000
1000
1000
1000
1000
1000
1000
1000
1000
1000
1000
1000
1000
1000
1000
1000
1000
1000
1000
1000
1000
1000
1000
1000
1000
1000
1000
1000
1000
1000
1000
1000
1000
1000
1000
1000
1000
1000
1000
1000
1000
1000
1000
1000
1000
1000
1000
1000
1000
1000
1000
1000
1000
1000
1000
1000
1000
1000
1000
1000
1000
1000
1000
1000
1000
1000
1000
1000
1000
1000
1000
1000
1000
1000
1000
1000
1000
1000
1000
1000
1000
1000
1000
1000
1000
1000
1000
1000
1000
1000
1000
1000
1000
1000
1000
1000
1000
1000
1000
1000
1000
1000
1000
1000
1000
1000
1000
1000
1000
1000
1000
1000
1000
1000
1000
1000
1000
1000
1000
1000
1000
1000
1000
1000
1000
1000
1000
1000
1000
1000
1000
1000
1000
1000
1000
1000
1000
1000
1000
1000
1000
1000
1000
1000
1000
1000
1000
1000
1000
1000
1000
1000
1000
1000
1000
1000
1000
1000
1000
1000
1000
1000
1000
1000
1000
1000
1000
1000
1000
1000
1000
1000
1000
1000
1000
1000
1000
1000
1000
1000
1000
1000
1000
1000
1000
1000
1000
1000
1000
1000
1000
1000
1000
1000
1000
1000
1000
1000
1000
1000
1000
1000
1000
1000
1000
1000
1000
1000
1000
1000
1000
1000
1000
1000
1000
1000
1000
1000
1000
1000
1000
1000
1000
1000
1000
1000
1000
1000
1000
1000
1000
1000
1000
1000
1000
1000
1000
1000
1000
1000
1000
1000
1000
1000
1000
1000
1000
1000
1000
1000
1000
1000
1000
1000
1000
1000
1000
1000
1000
1000
1000
1000
1000
1000
1000
1000
1000
1000
1000
1000
1000
1000
1000
1000
1000
1000
1000
1000
1000
1000
1000
1000
1000
1000
1000
1000
1000
1000
1000
1000
1000
1000
1000
1000
1000
1000
1000
1000
1000
1000
1000
1000
1000
1000
1000
1000
1000
1000
1000
1000
1000
1000
1000
1000
1000
1000
1000
1000
1000
1000
1000
1000
1000
1000
1000
1000
1000
1000
1000
1000
1000
1000
1000
1000
1000
1000
1000
1000
1000
1000
1000
1000
1000
1000
1000
1000
1000
1000
1000
1000
1000
1000
1000
1000
1000
1000
1000
1000
1000
1000
1000
1000
1000
1000
1000
1000
1000
1000
1000
1000
1000
1000
1000
1000
1000
1000
1000
1000
1000
1000
1000
1000
1000
1000
1000
1000
1000
1000
1000
1000
1000
1000
1000
1000
1000
1000
1000
1000
1000
1000
1000
1000
1000
1000
1000
1000
1000
1000
1000
1000
1000
1000
1000
1000
1000
1000
1000
1000
1000
1000
1000
1000
1000
1000
1000
1000
1000
1000
1000
1000
1000
1000
1000
1000
1000
1000
1000
1000
1000
1000
1000
1000
1000
1000
1000
1000
1000
1000
1000
1000
1000
1000
1000
1000
1000
1000
1000
1000
1000
1000
1000
1000
1000
1000
1000
1000
1000
1000
1000
1000
1000
1000
1000
1000
1000
1000
1000
1000
1000
1000
1000
1000
1000
1000
1000
1000
1000
1000
1000
1000
1000
1000
1000
1000
1000
1000
1000
1000
1000
1000
1000
1000
1000
1000
1000
1000
1000
1000
1000
1000
1000
1000
1000
1000
1000
1000
1000
1000
1000
1000
1000
1000
1000
1000
1000
1000
1000
1000
1000
1000
1000
1000
1000
1000
1000
1000
1000
1000
1000
1000
1000
1000
1000
1000
1000
1000
1000
1000
1000
1000
1000
1000
1000
1000
1000
1000
1000
1000
1000
1000
1000
1000
1000
1000
1000
1000
1000
1000
1000
1000
1000
1000
1000
1000
1000
1000
1000
1000
1000
1000
1000
1000
1000
1000
1000
1000
1000
1000
1000
1000
1000
1000
1000
1000
1000
1000
1000
1000
1000
1000
1000
1000
1000
1000
1000
1000
1000
1000
1000
1000
1000
1000
1000
1000
1000
1000
1000
1000
1000
1000
1000
1000
1000
1000
1000
1000
1000
1000
1000
1000
1000
1000
1000
1000
1000
1000
1000
1000
1000
1000
1000
1000
1000
1000
1000
1000
1000
1000
1000
1000
1000
1000
1000
1000
1000
1000
1000
1000
1000
1000
1000
1000
1000
1000
1000
1000
1000
1000
1000
1000
1000
1000
1000
1000
1000
1000
1000
1000
1000
1000
1000
1000
1000
1000
1000
1000
1000
1000
1000
1000
1000
1000
1000
1000
1000
1000
1000
1000
1000
1000
1000
1000
1000
1000
1000
1000
1000
1000
1000
1000
1000
1000
1000
1000
1000
1000
1000
1000
1000
1000
1000
1000
1000
1000
1000
1000
1000
1000
1000
1000
1000
1000
1000
1000
1000
1000
1000
1000
1000
1000
1000
1000
1000
1000
1000
1000
1000
1000
1000
1000
1000
1000
1000
1000
1000
1000
1000
1000
1000
1000
1000
1000
1000
1000
1000
1000
1000
1000
1000
1000
1000
1000
1000
1000
1000
1000
1000
1000
1000
1000
1000
1000
1000
1000
1000
1000
1000
1000
1000
1000
1000
1000
1000
1000
1000
1000
1000
1000
1000
1000
1000
1000
1000
1000
1000
1000
1000
1000
1000
1000
1000
1000
1000
1000
1000
1000
1000
1000
1000
1000
1000
1000
1000
1000
1000
1000
1000
1000
1000
1000
1000
1000
1000
1000
1000
1000
1000
1000
1000
1000
1000
1000
1000
1000
1000
1000
1000
1000
1000
1000
1000
1000
1000
1000
1000
1000
1000
1000
1000
1000
1000
1000
1000
1000
1000
1000
1000
1000
1000
1000
1000
1000
1000
1000
1000
1000
1000
1000
1000
1000
1000
1000
1000
1000
1000
1000
1000
1000
1000
1000
1000
1000
1000
1000
1000
1000
1000
1000
1000
1000
1000
1000
1000
1000
1000
1000
1000
1000
1000
1000
1000
1000
1000
1000
1000
1000
1000
1000
1000
1000
1000
1000
1000
1000
1000
1000
1000
1000
1000
1000
1000
1000
1000
1000
1000
1000
1000
1000
1000
1000
1000
1000
1000
1000
1000
1000
1000
1000
1000
1000
1000
1000
1000
1000
1000
1000
1000
1000
1000
1000
1000
1000
1000
1000
1000
1000
1000
1000
1000
1000
1000
1000
1000
1000
1000
1000
1000
1000
1000
1000
1000
1000
1000
1000
1000
1000
1000
1000
1000
1000
1000
1000
1000
1000
1000
1000
1000
1000
1000
1000
1000
1000
1000
1000
1000
1000
1000
1000
1000
1000
1000
1000
1000
1000
1000
1000
1000
1000
1000
1000
1000
1000
1000
1000
1000
1000
1000
1000
1000
1000
1000
1000
1000
1000
1000
1000
1000
1000
1000
1000
1000
1000
1000
1000
1000
1000
1000
1000
1000
1000
1000
1000
1000
1000
1000
1000
1000
1000
1000
1000
1000
1000
1000
1000
1000
1000
1000
1000
1000
1000
1000
1000
1000
1000
1000
1000
1000
1000
1000
1000
1000
1000
1000
1000
1000
1000
1000
1000
1000
1000
1000
1000
1000
1000
1000
1000
1000
1000
1000
1000
1000
1000
1000
1000
1000
1000
1000
1000
1000
1000
1000
1000
1000
1000
1000
1000
1000
1000
1000
1000
1000
1000
1000
1000
1000
1000
1000
1000
1000
1000
1000
1000
1000
1000
1000
1000
1000
1000
1000
1000
1000
1000
1000
1000
1000
1000
1000
1000
1000
1000
1000
1000
1000
1000
1000
1000
1000
1000
1000
1000
1000
1000
1000
1000
1000
1000
1000
1000
1000
1000
1000
1000
1000
1000
1000
1000
1000
1000
1000
1000
1000
1000
1000
1000
1000
1000
1000
1000
1000
1000
1000
1000
1000
1000
1000
1000
1000
1000
1000
1000
1000
1000
1000
1000
1000
1000
1000
1000
1000
1000
1000
1000
1000
1000
1000
1000
1000
1000
1000
1000
1000
1000
1000
1000
1000
1000
1000
1000
1000
1000
1000
1000
1000
1000
1000
1000
1000
1000
1000
1000
1000
1000
1000
1000
1000
1000
1000
1000
1000
1000
1000
1000
1000
1000
1000
1000
1000
1000
1000
1000
1000
1000
1000
1000
1000
1000
1000
1000
1000
1000
1000
1000
1000
1000
1000
1000
1000
1000
1000
1000
1000
1000
1000
1000
1000
1000
1000
1000
1000
1000
1000
1000
1000
1000
1000
1000
1000
1000
1000
1000
1000
1000
1000
1000
1000
1000
1000
1000
1000
1000
1000
1000
1000
1000
1000
1000
1000
1000
1000
1000
1000
1000
1000
1000
1000
1000
1000
1000
1000
1000
1000
1000
1000
1000
1000
1000
1000
1000
1000
1000
1000
1000
1000
1000
1000
1000
1000
1000
1000
1000
1000
1000
1000
1000
1000
1000
1000
1000
1000
1000
1000
1000
1000
1000
1000
1000
1000
1000
1000
1000
1000
1000
1000
1000
1000
1000
1000
1000
1000
1000
1000
1000
1000
1000
1000
1000
1000
1000
1000
1000
1000
1000
1000
1000
1000
1000
1000
1000
1000
1000
1000
1000
1000
1000
1000
1000
1000
1000
1000
1000
1000
1000
1000
1000
1000
1000
1000
1000
1000
1000
1000
1000
1000
1000
1000
1000
1000
1000
1000
1000
1000
1000
1000
1000
1000
1000
1000
1000
1000
1000
1000
1000
1000
1000
1000
1000
1000
1000
1000
1000
1000
1000
1000
1000
1000
1000
1000
1000
1000
1000
1000
1000
1000
1000
1000
1000
1000
1000
1000
1000
1000
1000
1000
1000
1000
1000
1000
1000
1000
1000
1000
1000
1000
1000
1000
1000
1000
1000
1000
1000
1000
1000
1000
1000
1000
1000
1000
1000
1000
1000
1000
1000
1000
1000
1000
1000
1000
1000
1000
1000
1000
1000
1000
1000
1000
1000
1000
1000
1000
1000
1000
1000
1000
1000
1000
1000
1000
1000
1000
1000
1000
1000
1000
1000
1000
1000
1000
1000
1000
1000
1000
1000
1000
1000
1000
1000
1000
1000
1000
1000
1000
1000
1000
1000
1000
1000
1000
1000
1000
1000
1000
1000
1000
1000
1000
1000
1000
1000
1000
1000
1000
1000
1000
1000
1000
1000
1000
1000
1000
1000
1000
1000
1000
1000
1000
1000
1000
1000
1000
1000
1000
1000
1000
1000
1000
1000
1000
1000
1000
1000
1000
1000
1000
1000
1000
1000
1000
1000
1000
1000
1000
1000
1000
1000
1000
1000
1000
1000
1000
1000
1000
1000
1000
1000
1000
1000
1000
1000
1000
1000
1000
1000
1000
1000
1000
1000
1000
1000
1000
1000
1000
1000
1000
1000
1000
1000
1000
1000
1000
1000
1000
1000
1000
1000
1000
1000
1000
1000
1000
1000
1000
1000
1000
1000
1000
1000
1000
1000
1000
1000
1000
1000
1000
1000
1000
1000
1000
1000
1000
1000
1000
1000
1000
1000
1000
1000
1000
1000
1000
1000
1000
1000
1000
1000
1000
1000
1000
1000
1000
1000
1000
1000
1000
1000
1000
1000
1000
1000
1000
1000
1000
1000
1000
1000
1000
1000
1000
1000
1000
1000
1000
1000
1000
1000
1000
1000
1000
1000
1000
1000
1000
1000
1000
1000
1000
1000
1000
1000
1000
1000
1000
1000
1000
1000
1000
1000
1000
1000
1000
1000
1000
1000
1000
1000
1000
1000
1000
1000
1000
1000
1000
1000
1000
1000
1000
1000
1000
1000
1000
1000
1000
1000
1000
1000
1000
1000
1000
1000
1000
1000
1000
1000
1000
1000
1000
1000
1000
1000
1000
1000
1000
1000
1000
1000
1000
1000
1000
1000
1000
1000
1000
1000
1000
1000
1000
1000
1000
1000
1000
1000
1000
1000
1000
1000
1000
1000
1000
1000
1000
1000
1000
1000
1000
1000
1000
1000
1000
1000
1000
1000
1000
1000
1000
1000
1000
1000
1000
1000
1000
1000
1000
1000
1000
1000
1000
1000
1000
1000
1000
1000
1000
1000
1000
1000
1000
1000
1000
1000
1000
1000
1000
1000
1000
1000
1000
1000
1000
1000
1000
1000
1000
1000
1000
1000
1000
1000
1000
1000
1000
1000
1000
1000
1000
1000
1000
1000
1000
1000
1000
1000
1000
1000
1000
1000
1000
1000
1000
1000
1000
1000
1000
1000
1000
1000
1000
1000
1000
1000
1000
1000
1000
1000
1000
1000
1000
1000
1000
1000
1000
1000
1000
1000
1000
1000
1000
1000
1000
1000
1000
1000
1000
1000
1000
1000
1000
1000
1000
1000
1000
1000
1000
1000
1000
1000
1000
1000
1000
1000
1000
1000
1000
1000
1000
1000
1000
1000
1000
1000
1000
1000
1000
1000
1000
1000
1000
1000
1000
1000
1000
1000
1000
1000
1000
1000
1000
1000
1000
1000
1000
1000
1000
1000
1000
1000
1000
1000
1000
1000
1000
1000
1000
1000
1000
1000
1000
1000
1000
1000
1000
1000
1000
1000
1000
1000
1000
1000
1000
1000
1000
1000
1000
1000
1000
1000
1000
1000
1000
1000
1000
1000
1000
1000
1000
1000
1000
1000
1000
1000
1000
1000
1000
1000
1000
1000
1000
1000
1000
1000
1000
1000
1000
1000
1000
1000
1000
1000
1000
1000
1000
1000
1000
1000
1000
1000
1000
1000
1000
1000
1000
1000
1000
1000
1000
1000
1000
1000
1000
1000
1000
1000
1000
1000
1000
1000
1000
1000
1000
1000
1000
1000
1000
1000
1000
1000
1000
1000
1000
1000
1000
1000
1000
1000
1000
1000
1000
1000
1000
1000
1000
1000
1000
1000
1000
1000
1000
1000
1000
1000
1000
1000
1000
1000
1000
1000
1000
1000
1000
1000
1000
1000
1000
1000
1000
1000
1000
1000
1000
1000
1000
1000
1000
1000
1000
1000
1000
1000
1000
1000
1000
1000
1000
1000
1000
1000
1000
1000
1000
1000
1000
1000
1000
1000
1000
1000
1000
1000
1000
1000
1000
1000
1000
1000
1000
1000
1000
1000
1000
1000
1000
1000
1000
1000
1000
1000
1000
1000
1000
1000
1000
1000
1000
1000
1000
1000
1000
1000
1000
1000
1000
1000
1000
1000
1000
1000
1000
1000
1000
1000
1000
1000
1000
1000
1000
1000
1000
1000
1000
1000
1000
1000
1000
1000
1000
1000
1000
1000
1000
1000
1000
1000
1000
1000
1000
1000
1000
1000
1000
1000
1000
1000
1000
1000
1000
1000
1000
1000
1000
1000
1000
1000
1000
1000
1000
1000
1000
1000
1000
1000
1000
1000
1000
1000
1000
1000
1000
1000
1000
1000
1000
1000
1000
1000
1000
1000
1000
1000
1000
1000
1000
1000
1000
1000
1000
1000
1000
1000
1000
1000
1000
1000
1000
1000
1000
1000
1000
1000
1000
1000
1000
1000
1000
1000
1000
1000
1000
1000
1000
1000
1000
1000
1000
1000
1000
1000
1000
1000
1000
1000
1000
1000
1000
1000
1000
1000
1000
1000
1000
1000
1000
1000
1000
1000
1000
1000
1000
1000
1000
1000
1000
1000
1000
1000
1000
1000
1000
1000
1000
1000
1000
1000
1000
1000
1000
1000
1000
1000
1000
1000
1000
1000
1000
1000
1000
1000
1000
1000
1000
1000
1000
1000
1000
1000
1000
1000
1000
1000
1000
1000
1000
1000
1000
1000
1000
1000
1000
1000
1000
1000
1000
1000
1000
1000
1000
1000
1000
1000
1000
1000
1000
1000
1000
1000
1000
1000
1000
1000
1000
1000
1000
1000
1000
1000
1000
1000
1000
1000
1000
1000
1000
1000
1000
1000
1000
1000
1000
1000
1000
1000
1000
1000
1000
1000
1000
1000
1000
1000
1000
1000
1000
1000
1000
1000
1000
1000
1000
1000
1000
1000
1000
1000
1000
1000
1000
1000
1000
1000
1000
1000
1000
1000
1000
1000
1000
1000
1000
1000
1000
1000
1000
1000
1000
1000
1000
1000
1000
1000
1000
1000
1000
1000
1000
1000
1000
1000
1000
1000
1000
1000
1000
1000
1000
1000
1000
1000
1000
1000
1000
1000
1000
1000
1000
1000
1000
1000
1000
1000
1000
1000
1000
1000
1000
1000
1000
1000
1000
1000
1000
1000
1000
1000
1000
1000
1000
1000
1000
1000
1000
1000
1000
1000
1000
1000
1000
1000
1000
1000
1000
1000
1000
1000
1000
1000
1000
1000
1000
1000
1000
1000
1000
1000
1000
1000
1000
1000
1000
1000
1000
1000
1000
1000
1000
1000
1000
1000
1000
1000
1000
1000
1000
1000
1000
1000
1000
1000
1000
1000
1000
1000
1000
1000
1000
1000
1000
1000
1000
1000
1000
1000
1000
1000
1000
1000
1000
1000
1000
1000
1000
1000
1000
1000
1000
1000
1000
1000
1000
1000
1000
1000
1000
1000
1000
1000
1000
1000
1000
1000
1000
1000
1000
1000
1000
1000
1000
1000
1000
1000
1000
1000
1000
1000
1000
1000
1000
1000
1000
1000
1000
1000
1000
1000
1000
1000
1000
1000
1000
1000
1000
1000
1000
1000
1000
1000
1000
1000
1000
1000
1000
1000
1000
1000
1000
1000
1000
1000
1000
1000
1000
1000
1000
1000
1000
1000
1000
1000
1000
1000
1000
1000
1000
1000
1000
1000
1000
1000
1000
1000
1000
1000
1000
1000
1000
1000
1000
1000
1000
1000
1000
1000
1000
1000
1000
1000
1000
1000
1000
1000
1000
1000
1000
1000
1000
1000
1000
1000
1000
1000
1000
1000
1000
1000
1000
1000
1000
1000
1000
1000
1000
1000
1000
1000
1000
1000
1000
1000
1000
1000
1000
1000
1000
1000
1000
1000
1000
1000
1000
1000
1000
1000
1000
1000
1000
1000
1000
1000
1000
1000
1000
1000
1000
1000
1000
1000
1000
1000
1000
1000
1000
1000
1000
1000
1000
1000
1000
1000
1000
1000
1000
1000
1000
1000
1000
1000
1000
1000
1000
1000
1000
1000
1000
1000
1000
1000
1000
1000
1000
1000
1000
1000
1000
1000
1000
1000
1000
1000
1000
1000
1000
1000
1000
1000
1000
1000
1000
1000
1000
1000
1000
1000
1000
1000
1000
1000
1000
1000
1000
1000
1000
1000
1000
1000
1000
1000
1000
1000
1000
1000
1000
1000
1000
1000
1000
1000
1000
1000
1000
1000
1000
1000
1000
1000
1000
1000
1000
1000
1000
1000
1000
1000
1000
1000
1000
1000
1000
1000
1000
1000
1000
1000
1000
1000
1000
1000
1000
1000
1000
1000
1000
1000
1000
1000
1000
1000
1000
1000
1000
1000
1000
1000
1000
1000
1000
1000
1000
1000
1000
1000
1000
1000
1000
1000
1000
1000
1000
1000
1000
1000
1000
1000
1000
1000
1000
1000
1000
1000
1000
1000
1000
1000
1000
1000
1000
1000
1000
1000
1000
1000
1000
1000
1000
1000
1000
1000
1000
1000
1000
1000
1000
1000
1000
1000
1000
1000
1000
1000
1000
1000
1000
1000
1000
1000
1000
1000
1000
1000
1000
1000
1000
1000
1000
1000
1000
1000
1000
1000
1000
1000
1000
1000
1000
1000
1000
1000
1000
1000
1000
1000
1000
1000
1000
1000
1000
1000
1000
1000
1000
1000
1000
1000
1000
1000
1000
1000
1000
1000
1000
1000
1000
1000
1000
1000
1000
1000
1000
1000
1000
1000
1000
1000
1000
1000
1000
1000
1000
1000
1000
1000
1000
1000
1000
1000
1000
1000
1000
1000
1000
1000
1000
1000
1000
1000
1000
1000
1000
1000
1000
1000
1000
1000
1000
1000
1000
1000
1000
1000
1000
1000
1000
1000
1000
1000
1000
1000
1000
1000
1000
1000
1000
1000
1000
1000
1000
1000
1000
1000
1000
1000
1000
1000
1000
1000
1000
1000
1000
1000
1000
1000
1000
1000
1000
1000
1000
1000
1000
1000
1000
1000
1000
1000
1000
1000
1000
1000
1000
1000
1000
1000
1000
SCALARS p float 1
LOOKUP_TABLE default
0
0
0
0
0
0
0
0
0
0
0
0
0
0
0
0
0
0
0
0
0
0
0
0
0
0
0
0
0
0
0
0
0
0
0
0
0
0
0
0
0
0
0
0
0
0
0
0
0
0
0
0
0
0
0
0
0
0
0
0
0
0
0
0
0
0
0
0
0
0
0
0
0
0
0
0
0
0
0
0
0
0
0
0
0
0
0
0
0
0
0
0
0
0
0
0
0
0
0
0
0
0
0
0
0
0
0
0
0
0
0
0
0
0
0
0
0
0
0
0
0
0
0
0
0
0
0
0
0
0
0
0
0
0
0
0
0
0
0
0
0
0
0
0
0
0
0
0
0
0
0
0
0
0
0
0
0
0
0
0
0
0
0
0
0
0
0
0
0
0
0
0
0
0
0
0
0
0
0
0
0
0
0
0
0
0
0
0
0
0
0
0
0
0
0
0
0
0
0
0
0
0
0
0
0
0
0
0
0
0
0
0
0
0
0
0
0
0
0
0
0
0
0
0
0
0
0
0
0
0
0
0
0
0
0
0
0
0
0
0
0
0
0
0
0
0
0
0
0
0
0
0
0
0
0
0
0
0
0
0
0
0
0
0
0
0
0
0
0
0
0
0
0
0
0
0
0
0
0
0
0
0
0
0
0
0
0
0
0
0
0
0
0
0
0
0
0
0
0
0
0
0
0
0
0
0
0
0
0
0
0
0
0
0
0
0
0
0
0
0
0
0
0
0
0
0
0
0
0
0
0
0
0
0
0
0
0
0
0
0
0
0
0
0
0
0
0
0
0
0
0
0
0
0
0
0
0
0
0
0
0
0
0
0
0
0
0
0
0
0
0
0
0
0
0
0
0
0
0
0
0
0
0
0
0
0
0
0
0
0
0
0
0
0
0
0
0
0
0
0
0
0
0
0
0
0
0
0
0
0
0
0
0
0
0
0
0
0
0
0
0
0
0
0
0
0
0
0
0
0
0
0
0
0
0
0
0
0
0
0
0
0
0
0
0
0
0
0
0
0
0
0
0
0
0
0
0
0
0
0
0
0
0
0
0
0
0
0
0
0
0
0
0
0
0
0
0
0
0
0
0
0
0
0
0
0
0
0
0
0
0
0
0
0
0
0
0
0
0
0
0
0
0
0
0
0
0
0
0
0
0
0
0
0
0
0
0
0
0
0
0
0
0
0
0
0
0
0
0
0
0
0
0
0
0
0
0
0
0
0
0
0
0
0
0
0
0
0
0
0
0
0
0
0
0
0
0
0
0
0
0
0
0
0
0
0
0
0
0
0
0
0
0
0
0
0
0
0
0
0
0
0
0
0
0
0
0
0
0
0
0
0
0
0
0
0
0
0
0
0
0
0
0
0
0
0
0
0
0
0
0
0
0
0
0
0
0
0
0
0
0
0
0
0
0
0
0
0
0
0
0
0
0
0
0
0
0
0
0
0
0
0
0
0
0
0
0
0
0
0
0
0
0
0
0
0
0
0
0
0
0
0
0
0
0
0
0
0
0
0
0
0
0
0
0
0
0
0
0
0
0
0
0
0
0
0
0
0
0
0
0
0
0
0
0
0
0
0
0
0
0
0
0
0
0
0
0
0
0
0
0
0
0
0
0
0
0
0
0
0
0
0
0
0
0
0
0
0
0
0
0
0
0
0
0
0
0
0
0
0
0
0
0
0
0
0
0
0
0
0
0
0
0
0
0
0
0
0
0
0
0
0
0
0
0
0
0
0
0
0
0
0
0
0
0
0
0
0
0
0
0
0
0
0
0
0
0
0
0
0
0
0
0
0
0
0
0
0
0
0
0
0
0
0
0
0
0
0
0
0
0
0
0
0
0
0
0
0
0
0
0
0
0
0
0
0
0
0
0
0
0
0
0
0
0
0
0
0
0
0
0
0
0
0
0
0
0
0
0
0
0
0
0
0
0
0
0
0
0
0
0
0
0
0
0
0
0
0
0
0
0
0
0
0
0
0
0
0
0
0
0
0
0
0
0
0
0
0
0
0
0
0
0
0
0
0
0
0
0
0
0
0
0
0
0
0
0
0
0
0
0
0
0
0
0
0
0
0
0
0
0
0
0
0
0
0
0
0
0
0
0
0
0
0
0
0
0
0
0
0
0
0
0
0
0
0
0
0
0
0
0
0
0
0
0
0
0
0
0
0
0
0
0
0
0
0
0
0
0
0
0
0
0
0
0
0
0
0
0
0
0
0
0
0
0
0
0
0
0
0
0
0
0
0
0
0
0
0
0
0
0
0
0
0
0
0
0
0
0
0
0
0
0
0
0
0
0
0
0
0
0
0
0
0
0
0
0
0
0
0
0
0
0
0
0
0
0
0
0
0
0
0
0
0
0
0
0
0
0
0
0
0
0
0
0
0
0
0
0
0
0
0
0
0
0
0
0
0
0
0
0
0
0
0
0
0
0
0
0
0
0
0
0
0
0
0
0
0
0
0
0
0
0
0
0
0
0
0
0
0
0
0
0
0
0
0
0
0
0
0
0
0
0
0
0
0
0
0
0
0
0
0
0
0
0
0
0
0
0
0
0
0
0
0
0
0
0
0
0
0
0
0
0
0
0
0
0
0
0
0
0
0
0
0
0
0
0
0
0
0
0
0
0
0
0
0
0
0
0
0
0
0
0
0
0
0
0
0
0
0
0
0
0
0
0
0
0
0
0
0
0
0
0
0
0
0
0
0
0
0
0
0
0
0
0
0
0
0
0
0
0
0
0
0
0
0
0
0
0
0
0
0
0
0
0
0
0
0
0
0
0
0
0
0
0
0
0
0
0
0
0
0
0
0
0
0
0
0
0
0
0
0
0
0
0
0
0
0
0
0
0
0
0
0
0
0
0
0
0
0
0
0
0
0
0
0
0
0
0
0
0
0
0
0
0
0
0
0
0
0
0
0
0
0
0
0
0
0
0
0
0
0
0
0
0
0
0
0
0
0
0
0
0
0
0
0
0
0
0
0
0
0
0
0
0
0
0
0
0
0
0
0
0
0
0
0
0
0
0
0
0
0
0
0
0
0
0
0
0
0
0
0
0
0
0
0
0
0
0
0
0
0
0
0
0
0
0
0
0
0
0
0
0
0
0
0
0
0
0
0
0
0
0
0
0
0
0
0
0
0
0
0
0
0
0
0
0
0
0
0
0
0
0
0
0
0
0
0
0
0
0
0
0
0
0
0
0
0
0
0
0
0
0
0
0
0
0
0
0
0
0
0
0
0
0
0
0
0
0
0
0
0
0
0
0
0
0
0
0
0
0
0
0
0
0
0
0
0
0
0
0
0
0
0
0
0
0
0
0
0
0
0
0
0
0
0
0
0
0
0
0
0
0
0
0
0
0
0
0
0
0
0
0
0
0
0
0
0
0
0
0
0
0
0
0
0
0
0
0
0
0
0
0
0
0
0
0
0
0
0
0
0
0
0
0
0
0
0
0
0
0
0
0
0
0
0
0
0
0
0
0
0
0
0
0
0
0
0
0
0
0
0
0
0
0
0
0
0
0
0
0
0
0
0
0
0
0
0
0
0
0
0
0
0
0
0
0
0
0
0
0
0
0
0
0
0
0
0
0
0
0
0
0
0
0
0
0
0
0
0
0
0
0
0
0
0
0
0
0
0
0
0
0
0
0
0
0
0
0
0
0
0
0
0
0
0
0
0
0
0
0
0
0
0
0
0
0
0
0
0
0
0
0
0
0
0
0
0
0
0
0
0
0
0
0
0
0
0
0
0
0
0
0
0
0
0
0
0
0
0
0
0
0
0
0
0
0
0
0
0
0
0
0
0
0
0
0
0
0
0
0
0
0
0
0
0
0
0
0
0
0
0
0
0
0
0
0
0
0
0
0
0
0
0
0
0
0
0
0
0
0
0
0
0
0
0
0
0
0
0
0
0
0
0
0
0
0
0
0
0
0
0
0
0
0
0
0
0
0
0
0
0
0
0
0
0
0
0
0
0
0
0
0
0
0
0
0
0
0
0
0
0
0
0
0
0
0
0
0
0
0
0
0
0
0
0
0
0
0
0
0
0
0
0
0
0
0
0
0
0
0
0
0
0
0
0
0
0
0
0
0
0
0
0
0
0
0
0
0
0
0
0
0
0
0
0
0
0
0
0
0
0
0
0
0
0
0
0
0
0
0
0
0
0
0
0
0
0
0
0
0
0
0
0
0
0
0
0
0
0
0
0
0
0
0
0
0
0
0
0
0
0
0
0
0
0
0
0
0
0
0
0
0
0
0
0
0
0
0
0
0
0
0
0
0
0
0
0
0
0
0
0
0
0
0
0
0
0
0
0
0
0
0
0
0
0
0
0
0
0
0
0
0
0
0
0
0
0
0
0
0
0
0
0
0
0
0
0
0
0
0
0
0
0
0
0
0
0
0
0
0
0
0
0
0
0
0
0
0
0
0
0
0
0
0
0
0
0
0
0
0
0
0
0
0
0
0
0
0
0
0
0
0
0
0
0
0
0
0
0
0
0
0
0
0
0
0
0
0
0
0
0
0
0
0
0
0
0
0
0
0
0
0
0
0
0
0
0
0
0
0
0
0
0
0
0
0
0
0
0
0
0
0
0
0
0
0
0
0
0
0
0
0
0
0
0
0
0
0
0
0
0
0
0
0
0
0
0
0
0
0
0
0
0
0
0
0
0
0
0
0
0
0
0
0
0
0
0
0
0
0
0
0
0
0
0
0
0
0
0
0
0
0
0
0
0
0
0
0
0
0
0
0
0
0
0
0
0
0
0
0
0
0
0
0
0
0
0
0
0
0
0
0
0
0
0
0
0
0
0
0
0
0
0
0
0
0
0
0
0
0
0
0
0
0
0
0
0
0
0
0
0
0
0
0
0
0
0
0
0
0
0
0
0
0
0
0
0
0
0
0
0
0
0
0
0
0
0
0
0
0
0
0
0
0
0
0
0
0
0
0
0
0
0
0
0
0
0
0
0
0
0
0
0
0
0
0
0
0
0
0
0
0
0
0
0
0
0
0
0
0
0
0
0
0
0
0
0
0
0
0
0
0
0
0
0
0
0
0
0
0
0
0
0
0
0
0
0
0
0
0
0
0
0
0
0
0
0
0
0
0
0
0
0
0
0
0
0
0
0
0
0
0
0
0
0
0
0
0
0
0
0
0
0
0
0
0
0
0
0
0
0
0
0
0
0
0
0
0
0
0
0
0
0
0
0
0
0
0
0
0
0
0
0
0
0
0
0
0
0
0
0
0
0
0
0
0
0
0
0
0
0
0
0
0
0
0
0
0
0
0
0
0
0
0
0
0
0
0
0
0
0
0
0
0
0
0
0
0
0
0
0
0
0
0
0
0
0
0
0
0
0
0
0
0
0
0
0
0
0
0
0
0
0
0
0
0
0
0
0
0
0
0
0
0
0
0
0
0
0
0
0
0
0
0
0
0
0
0
0
0
0
0
0
0
0
0
0
0
0
0
0
0
0
0
0
0
0
0
0
0
0
0
0
0
0
0
0
0
0
0
0
0
0
0
0
0
0
0
0
0
0
0
0
0
0
0
0
0
0
0
0
0
0
0
0
0
0
0
0
0
0
0
0
0
0
0
0
0
0
0
0
0
0
0
0
0
0
0
0
0
0
0
0
0
0
0
0
0
0
0
0
0
0
0
0
0
0
0
0
0
0
0
0
0
0
0
0
0
0
0
0
0
0
0
0
0
0
0
0
0
0
0
0
0
0
0
0
0
0
0
0
0
0
0
0
0
0
0
0
0
0
0
0
0
0
0
0
0
0
0
0
0
0
0
0
0
0
0
0
0
0
0
0
0
0
0
0
0
0
0
0
0
0
0
0
0
0
0
0
0
0
0
0
0
0
0
0
0
0
0
0
0
0
0
0
0
0
0
0
0
0
0
0
0
0
0
0
0
0
0
0
0
0
0
0
0
0
0
0
0
0
0
0
0
0
0
0
0
0
0
0
0
0
0
0
0
0
0
0
0
0
0
0
0
0
0
0
0
0
0
0
0
0
0
0
0
0
0
0
0
0
0
0
0
0
0
0
0
0
0
0
0
0
0
0
0
0
0
0
0
0
0
0
0
0
0
0
0
0
0
0
0
0
0
0
0
0
0
0
0
0
0
0
0
0
0
0
0
0
0
0
0
0
0
0
0
0
0
0
0
0
0
0
0
0
0
0
0
0
0
0
0
0
0
0
0
0
0
0
0
0
0
0
0
0
0
0
0
0
0
0
0
0
0
0
0
0
0
0
0
0
0
0
0
0
0
0
0
0
0
0
0
0
0
0
0
0
0
0
0
0
0
0
0
0
0
0
0
0
0
0
0
0
0
0
0
0
0
0
0
0
0
0
0
0
0
0
0
0
0
0
0
0
0
0
0
0
0
0
0
0
0
0
0
0
0
0
0
0
0
0
0
0
0
0
0
0
0
0
0
0
0
0
0
0
0
0
0
0
0
0
0
0
0
0
0
0
0
0
0
0
0
0
0
0
0
0
0
0
0
0
0
0
0
0
0
0
0
0
0
0
0
0
0
0
0
0
0
0
0
0
0
0
0
0
0
0
0
0
0
0
0
0
0
0
0
0
0
0
0
0
0
0
0
0
0
0
0
0
0
0
0
0
0
0
0
0
0
0
0
0
0
0
0
0
0
0
0
0
0
0
0
0
0
0
0
0
0
0
0
0
0
0
0
0
0
0
0
0
0
0
0
0
0
0
0
0
0
0
0
0
0
0
0
0
0
0
0
0
0
0
0
0
0
0
0
0
0
0
0
0
0
0
0
0
0
0
0
0
0
0
0
0
0
0
0
0
0
0
0
0
0
0
0
0
0
0
0
0
0
0
0
0
0
0
0
0
0
0
0
0
0
0
0
0
0
0
0
0
0
0
0
0
0
0
0
0
0
0
0
0
0
0
0
0
0
0
0
0
0
0
0
0
0
0
0
0
0
0
0
0
0
0
0
0
0
0
0
0
0
0
0
0
0
0
0
0
0
0
0
0
0
0
0
0
0
0
0
0
0
0
0
0
0
0
0
0
0
0
0
0
0
0
0
0
0
0
0
0
0
0
0
0
0
0
0
0
0
0
0
0
0
0
0
0
0
0
0
0
0
0
0
0
0
0
0
0
0
0
0
0
0
0
0
0
0
0
0
0
0
0
0
0
0
0
0
0
0
0
0
0
0
0
0
0
0
0
0
0
0
0
0
0
0
0
0
0
0
0
0
0
0
0
0
0
0
0
0
0
0
0
0
0
0
0
0
0
0
0
0
0
0
0
0
0
0
0
0
0
0
0
0
0
0
0
0
0
0
0
0
0
0
0
0
0
0
0
0
0
0
0
0
0
0
0
0
0
0
0
0
0
0
0
0
0
0
0
0
0
0
0
0
0
0
0
0
0
0
0
0
0
0
0
0
0
0
0
0
0
0
0
0
0
0
0
0
0
0
0
0
0
0
0
0
0
0
0
0
0
0
0
0
0
0
0
0
0
0
0
0
0
0
0
0
0
0
0
0
0
0
0
0
0
0
0
0
0
0
0
0
0
0
0
0
0
0
0
0
0
0
0
0
0
0
0
0
0
0
0
0
0
0
0
0
0
0
0
0
0
0
0
0
0
0
0
0
0
0
0
0
0
0
0
0
0
0
0
0
0
0
0
0
0
0
0
0
0
0
0
0
0
0
0
0
0
0
0
0
0
0
0
0
0
0
0
0
0
0
0
0
0
0
0
0
0
0
0
0
0
0
0
0
0
0
0
0
0
0
0
0
0
0
0
0
0
0
0
0
0
0
0
0
0
0
0
0
0
0
0
0
0
0
0
0
0
0
0
0
0
0
0
0
0
0
0
0
0
0
0
0
0
0
0
0
0
0
0
0
0
0
0
0
0
0
0
0
0
0
0
0
0
0
0
0
0
0
0
0
0
0
0
0
0
0
0
0
0
0
0
0
0
0
0
0
0
0
0
0
0
0
0
0
0
0
0
0
0
0
0
0
0
0
0
0
0
0
0
0
0
0
0
0
0
0
0
0
0
0
0
0
0
0
0
0
0
0
0
0
0
0
0
0
0
0
0
0
0
0
0
0
0
0
0
0
0
0
0
0
0
0
0
0
0
0
0
0
0
0
0
0
0
0
0
0
0
0
0
0
0
0
0
0
0
0
0
0
0
0
0
0
0
0
0
0
0
0
0
0
0
0
0
0
0
0
0
0
0
0
0
0
0
0
0
0
0
0
0
0
0
0
0
0
0
0
0
0
0
0
0
0
0
0
0
0
0
0
0
0
0
0
0
0
0
0
0
0
0
0
0
0
0
0
0
0
0
0
0
0
0
0
0
0
0
0
0
0
0
0
0
0
0
0
0
0
0
0
0
0
0
0
0
0
0
0
0
0
0
0
0
0
0
0
0
0
0
0
0
0
0
0
0
0
0
0
0
0
0
0
0
0
0
0
0
0
0
0
0
0
0
0
0
0
0
0
0
0
0
0
0
0
0
0
0
0
0
0
0
0
0
0
0
0
0
0
0
0
0
0
0
0
0
0
0
0
0
0
0
0
0
0
0
0
0
0
0
0
0
0
0
0
0
0
0
0
0
0
0
0
0
0
0
0
0
0
0
0
0
0
0
0
0
0
0
0
0
0
0
0
0
0
0
0
0
0
0
0
0
0
0
0
0
0
0
0
0
0
0
0
0
0
0
0
0
0
0
0
0
0
0
0
0
0
0
0
0
0
0
0
0
0
0
0
0
0
0
0
0
0
0
0
0
0
0
0
0
0
0
0
0
0
0
0
0
0
0
0
0
0
0
0
0
0
0
0
0
0
0
0
0
0
0
0
0
0
0
0
0
0
0
0
0
0
0
0
0
0
0
0
0
0
0
0
0
0
0
0
0
0
0
0
0
0
0
0
0
0
0
0
0
0
0
0
0
0
0
0
0
0
0
0
0
0
0
0
0
0
0
0
0
0
0
0
0
0
0
0
0
0
0
0
0
0
0
0
0
0
0
0
0
0
0
0
0
0
0
0
0
0
0
0
0
0
0
0
0
0
0
0
0
0
0
0
0
0
0
0
0
0
0
0
0
0
0
0
0
0
0
0
0
0
0
0
0
0
0
0
0
0
0
0
0
0
0
0
0
0
0
0
0
0
0
0
0
0
0
0
0
0
0
0
0
0
0
0
0
0
0
0
0
0
0
0
0
0
0
0
0
0
0
0
0
0
0
0
0
0
0
0
0
0
0
0
0
0
0
0
0
0
0
0
0
0
0
0
0
0
0
0
0
0
0
0
0
0
0
0
0
0
0
0
0
0
0
0
0
0
0
0
0
0
0
0
0
0
0
0
0
0
0
0
0
0
0
0
0
0
0
0
0
0
0
0
0
0
0
0
0
0
0
0
0
0
0
0
0
0
0
0
0
0
0
0
0
0
0
0
0
0
0
0
0
0
0
0
0
0
0
0
0
0
0
0
0
0
0
0
0
0
0
0
0
0
0
0
0
0
0
0
0
0
0
0
0
0
0
0
0
0
0
0
0
0
0
0
0
0
0
0
0
0
0
0
0
0
0
0
0
0
0
0
0
0
0
0
0
0
0
0
0
0
0
0
0
0
0
0
0
0
0
0
0
0
0
0
0
0
0
0
0
0
0
0
0
0
0
0
0
0
0
0
0
0
0
0
0
0
0
0
0
0
0
0
0
0
0
0
0
0
0
0
0
0
0
0
0
0
0
0
0
0
0
0
0
0
0
0
0
0
0
0
0
0
0
0
0
0
0
0
0
0
0
0
0
0
0
0
0
0
0
0
0
0
0
0
0
0
0
0
0
0
0
0
0
0
0
0
0
0
0
0
0
0
0
0
0
0
0
0
0
0
0
0
0
0
0
0
0
0
0
0
0
0
0
0
0
0
0
0
0
0
0
0
0
0
0
0
0
0
0
0
0
0
0
0
0
0
0
0
0
0
0
0
0
0
0
0
0
0
0
0
0
0
0
0
0
0
0
0
0
0
0
0
0
0
0
0
0
0
0
0
0
0
0
0
0
0
0
0
0
0
0
0
0
0
0
0
0
0
0
0
0
0
0
0
0
0
0
0
0
0
0
0
0
0
0
SCALARS m float 1
LOOKUP_TABLE default
0.063885344630179836
0.063885344630179836
0.063885344630179836
0.063885344630179836
0.063885344630179836
0.063885344630179836
0.063885344630179836
0.063885344630179836
0.063885344630179836
0.063885344630179836
0.063885344630179836
0.063885344630179836
0.063885344630179836
0.063885344630179836
0.063885344630179836
0.063885344630179836
0.063885344630179836
0.063885344630179836
0.063885344630179836
0.063885344630179836
0.063885344630179836
0.063885344630179836
0.063885344630179836
0.063885344630179836
0.063885344630179836
0.063885344630179836
0.063885344630179836
0.063885344630179836
0.063885344630179836
0.063885344630179836
0.063885344630179836
0.063885344630179836
0.063885344630179836
0.063885344630179836
0.063885344630179836
0.063885344630179836
0.063885344630179836
0.063885344630179836
0.063885344630179836
0.063885344630179836
0.063885344630179836
0.063885344630179836
0.063885344630179836
0.063885344630179836
0.063885344630179836
0.063885344630179836
0.063885344630179836
0.063885344630179836
0.063885344630179836
0.063885344630179836
0.063885344630179836
0.063885344630179836
0.063885344630179836
0.063885344630179836
0.063885344630179836
0.063885344630179836
0.063885344630179836
0.063885344630179836
0.063885344630179836
0.063885344630179836
0.063885344630179836
0.063885344630179836
0.063885344630179836
0.063885344630179836
0.063885344630179836
0.063885344630179836
0.063885344630179836
0.063885344630179836
0.063885344630179836
0.063885344630179836
0.063885344630179836
0.063885344630179836
0.063885344630179836
0.063885344630179836
0.063885344630179836
0.063885344630179836
0.063885344630179836
0.063885344630179836
0.063885344630179836
0.063885344630179836
0.063885344630179836
0.063885344630179836
0.063885344630179836
0.063885344630179836
0.063885344630179836
0.063885344630179836
0.063885344630179836
0.063885344630179836
0.063885344630179836
0.063885344630179836
0.063885344630179836
0.063885344630179836
0.063885344630179836
0.063885344630179836
0.063885344630179836
0.063885344630179836
0.063885344630179836
0.063885344630179836
0.063885344630179836
0.063885344630179836
0.063885344630179836
0.063885344630179836
0.063885344630179836
0.063885344630179836
0.063885344630179836
0.063885344630179836
0.063885344630179836
0.063885344630179836
0.063885344630179836
0.063885344630179836
0.063885344630179836
0.063885344630179836
0.063885344630179836
0.063885344630179836
0.063885344630179836
0.063885344630179836
0.063885344630179836
0.063885344630179836
0.063885344630179836
0.063885344630179836
0.063885344630179836
0.063885344630179836
0.063885344630179836
0.063885344630179836
0.063885344630179836
0.063885344630179836
0.063885344630179836
0.063885344630179836
0.063885344630179836
0.063885344630179836
0.063885344630179836
0.063885344630179836
0.063885344630179836
0.063885344630179836
0.063885344630179836
0.063885344630179836
0.063885344630179836
0.063885344630179836
0.063885344630179836
0.063885344630179836
0.063885344630179836
0.063885344630179836
0.063885344630179836
0.063885344630179836
0.063885344630179836
0.063885344630179836
0.063885344630179836
0.063885344630179836
0.063885344630179836
0.063885344630179836
0.063885344630179836
0.063885344630179836
0.063885344630179836
0.063885344630179836
0.063885344630179836
0.063885344630179836
0.063885344630179836
0.063885344630179836
0.063885344630179836
0.063885344630179836
0.063885344630179836
0.063885344630179836
0.063885344630179836
0.063885344630179836
0.063885344630179836
0.063885344630179836
0.063885344630179836
0.063885344630179836
0.063885344630179836
0.063885344630179836
0.063885344630179836
0.063885344630179836
0.063885344630179836
0.063885344630179836
0.063885344630179836
0.063885344630179836
0.063885344630179836
0.063885344630179836
0.063885344630179836
0.063885344630179836
0.063885344630179836
0.063885344630179836
0.063885344630179836
0.063885344630179836
0.063885344630179836
0.063885344630179836
0.063885344630179836
0.063885344630179836
0.063885344630179836
0.063885344630179836
0.063885344630179836
0.063885344630179836
0.063885344630179836
0.063885344630179836
0.063885344630179836
0.063885344630179836
0.063885344630179836
0.063885344630179836
0.063885344630179836
0.063885344630179836
0.063885344630179836
0.063885344630179836
0.063885344630179836
0.063885344630179836
0.063885344630179836
0.063885344630179836
0.063885344630179836
0.063885344630179836
0.063885344630179836
0.063885344630179836
0.063885344630179836
0.063885344630179836
0.063885344630179836
0.063885344630179836
0.063885344630179836
0.063885344630179836
0.063885344630179836
0.063885344630179836
0.063885344630179836
0.063885344630179836
0.063885344630179836
0.063885344630179836
0.063885344630179836
0.063885344630179836
0.063885344630179836
0.063885344630179836
0.063885344630179836
0.063885344630179836
0.063885344630179836
0.063885344630179836
0.063885344630179836
0.063885344630179836
0.063885344630179836
0.063885344630179836
0.063885344630179836
0.063885344630179836
0.063885344630179836
0.063885344630179836
0.063885344630179836
0.063885344630179836
0.063885344630179836
0.063885344630179836
0.063885344630179836
0.063885344630179836
0.063885344630179836
0.063885344630179836
0.063885344630179836
0.063885344630179836
0.063885344630179836
0.063885344630179836
0.063885344630179836
0.063885344630179836
0.063885344630179836
0.063885344630179836
0.063885344630179836
0.063885344630179836
0.063885344630179836
0.063885344630179836
0.063885344630179836
0.063885344630179836
0.063885344630179836
0.063885344630179836
0.063885344630179836
0.063885344630179836
0.063885344630179836
0.063885344630179836
0.063885344630179836
0.063885344630179836
0.063885344630179836
0.063885344630179836
0.063885344630179836
0.063885344630179836
0.063885344630179836
0.063885344630179836
0.063885344630179836
0.063885344630179836
0.063885344630179836
0.063885344630179836
0.063885344630179836
0.063885344630179836
0.063885344630179836
0.063885344630179836
0.063885344630179836
0.063885344630179836
0.063885344630179836
0.063885344630179836
0.063885344630179836
0.063885344630179836
0.063885344630179836
0.063885344630179836
0.063885344630179836
0.063885344630179836
0.063885344630179836
0.063885344630179836
0.063885344630179836
0.063885344630179836
0.063885344630179836
0.063885344630179836
0.063885344630179836
0.063885344630179836
0.063885344630179836
0.063885344630179836
0.063885344630179836
0.063885344630179836
0.063885344630179836
0.063885344630179836
0.063885344630179836
0.063885344630179836
0.063885344630179836
0.063885344630179836
0.063885344630179836
0.063885344630179836
0.063885344630179836
0.063885344630179836
0.063885344630179836
0.063885344630179836
0.063885344630179836
0.063885344630179836
0.063885344630179836
0.063885344630179836
0.063885344630179836
0.063885344630179836
0.063885344630179836
0.063885344630179836
0.063885344630179836
0.063885344630179836
0.063885344630179836
0.063885344630179836
0.063885344630179836
0.063885344630179836
0.063885344630179836
0.063885344630179836
0.063885344630179836
0.063885344630179836
0.063885344630179836
0.063885344630179836
0.063885344630179836
0.063885344630179836
0.063885344630179836
0.063885344630179836
0.063885344630179836
0.063885344630179836
0.063885344630179836
0.063885344630179836
0.063885344630179836
0.063885344630179836
0.063885344630179836
0.063885344630179836
0.063885344630179836
0.063885344630179836
0.063885344630179836
0.063885344630179836
0.063885344630179836
0.063885344630179836
0.063885344630179836
0.063885344630179836
0.063885344630179836
0.063885344630179836
0.063885344630179836
0.063885344630179836
0.063885344630179836
0.063885344630179836
0.063885344630179836
0.063885344630179836
0.063885344630179836
0.063885344630179836
0.063885344630179836
0.063885344630179836
0.063885344630179836
0.063885344630179836
0.063885344630179836
0.063885344630179836
0.063885344630179836
0.063885344630179836
0.063885344630179836
0.063885344630179836
0.063885344630179836
0.063885344630179836
0.063885344630179836
0.063885344630179836
0.063885344630179836
0.063885344630179836
0.063885344630179836
0.063885344630179836
0.063885344630179836
0.063885344630179836
0.063885344630179836
0.063885344630179836
0.063885344630179836
0.063885344630179836
0.063885344630179836
0.063885344630179836
0.063885344630179836
0.063885344630179836
0.063885344630179836
0.063885344630179836
0.063885344630179836
0.063885344630179836
0.063885344630179836
0.063885344630179836
0.063885344630179836
0.063885344630179836
0.063885344630179836
0.063885344630179836
0.063885344630179836
0.063885344630179836
0.063885344630179836
0.063885344630179836
0.063885344630179836
0.063885344630179836
0.063885344630179836
0.063885344630179836
0.063885344630179836
0.063885344630179836
0.063885344630179836
0.063885344630179836
0.063885344630179836
0.063885344630179836
0.063885344630179836
0.063885344630179836
0.063885344630179836
0.063885344630179836
0.063885344630179836
0.063885344630179836
0.063885344630179836
0.063885344630179836
0.063885344630179836
0.063885344630179836
0.063885344630179836
0.063885344630179836
0.063885344630179836
0.063885344630179836
0.063885344630179836
0.063885344630179836
0.063885344630179836
0.063885344630179836
0.063885344630179836
0.063885344630179836
0.063885344630179836
0.063885344630179836
0.063885344630179836
0.063885344630179836
0.063885344630179836
0.063885344630179836
0.063885344630179836
0.063885344630179836
0.063885344630179836
0.063885344630179836
0.063885344630179836
0.063885344630179836
0.063885344630179836
0.063885344630179836
0.063885344630179836
0.063885344630179836
0.063885344630179836
0.063885344630179836
0.063885344630179836
0.063885344630179836
0.063885344630179836
0.063885344630179836
0.063885344630179836
0.063885344630179836
0.063885344630179836
0.063885344630179836
0.063885344630179836
0.063885344630179836
0.063885344630179836
0.063885344630179836
0.063885344630179836
0.063885344630179836
0.063885344630179836
0.063885344630179836
0.063885344630179836
0.063885344630179836
0.063885344630179836
0.063885344630179836
0.063885344630179836
0.063885344630179836
0.063885344630179836
0.063885344630179836
0.063885344630179836
0.063885344630179836
0.063885344630179836
0.063885344630179836
0.063885344630179836
0.063885344630179836
0.063885344630179836
0.063885344630179836
0.063885344630179836
0.063885344630179836
0.063885344630179836
0.063885344630179836
0.063885344630179836
0.063885344630179836
0.063885344630179836
0.063885344630179836
0.063885344630179836
0.063885344630179836
0.063885344630179836
0.063885344630179836
0.063885344630179836
0.063885344630179836
0.063885344630179836
0.063885344630179836
0.063885344630179836
0.063885344630179836
0.063885344630179836
0.063885344630179836
0.063885344630179836
0.063885344630179836
0.063885344630179836
0.063885344630179836
0.063885344630179836
0.063885344630179836
0.063885344630179836
0.063885344630179836
0.063885344630179836
0.063885344630179836
0.063885344630179836
0.063885344630179836
0.063885344630179836
0.063885344630179836
0.063885344630179836
0.063885344630179836
0.063885344630179836
0.063885344630179836
0.063885344630179836
0.063885344630179836
0.063885344630179836
0.063885344630179836
0.063885344630179836
0.063885344630179836
0.063885344630179836
0.063885344630179836
0.063885344630179836
0.063885344630179836
0.063885344630179836
0.063885344630179836
0.063885344630179836
0.063885344630179836
0.063885344630179836
0.063885344630179836
0.063885344630179836
0.063885344630179836
0.063885344630179836
0.063885344630179836
0.063885344630179836
0.063885344630179836
0.063885344630179836
0.063885344630179836
0.063885344630179836
0.063885344630179836
0.063885344630179836
0.063885344630179836
0.063885344630179836
0.063885344630179836
0.063885344630179836
0.063885344630179836
0.063885344630179836
0.063885344630179836
0.063885344630179836
0.063885344630179836
0.063885344630179836
0.063885344630179836
0.063885344630179836
0.063885344630179836
0.063885344630179836
0.063885344630179836
0.063885344630179836
0.063885344630179836
0.063885344630179836
0.063885344630179836
0.063885344630179836
0.063885344630179836
0.063885344630179836
0.063885344630179836
0.063885344630179836
0.063885344630179836
0.063885344630179836
0.063885344630179836
0.063885344630179836
0.063885344630179836
0.063885344630179836
0.063885344630179836
0.063885344630179836
0.063885344630179836
0.063885344630179836
0.063885344630179836
0.063885344630179836
0.063885344630179836
0.063885344630179836
0.063885344630179836
0.063885344630179836
0.063885344630179836
0.063885344630179836
0.063885344630179836
0.063885344630179836
0.063885344630179836
0.063885344630179836
0.063885344630179836
0.063885344630179836
0.063885344630179836
0.063885344630179836
0.063885344630179836
0.063885344630179836
0.063885344630179836
0.063885344630179836
0.063885344630179836
0.063885344630179836
0.063885344630179836
0.063885344630179836
0.063885344630179836
0.063885344630179836
0.063885344630179836
0.063885344630179836
0.063885344630179836
0.063885344630179836
0.063885344630179836
0.063885344630179836
0.063885344630179836
0.063885344630179836
0.063885344630179836
0.063885344630179836
0.063885344630179836
0.063885344630179836
0.063885344630179836
0.063885344630179836
0.063885344630179836
0.063885344630179836
0.063885344630179836
0.063885344630179836
0.063885344630179836
0.063885344630179836
0.063885344630179836
0.063885344630179836
0.063885344630179836
0.063885344630179836
0.063885344630179836
0.063885344630179836
0.063885344630179836
0.063885344630179836
0.063885344630179836
0.063885344630179836
0.063885344630179836
0.063885344630179836
0.063885344630179836
0.063885344630179836
0.063885344630179836
0.063885344630179836
0.063885344630179836
0.063885344630179836
0.063885344630179836
0.063885344630179836
0.063885344630179836
0.063885344630179836
0.063885344630179836
0.063885344630179836
0.063885344630179836
0.063885344630179836
0.063885344630179836
0.063885344630179836
0.063885344630179836
0.063885344630179836
0.063885344630179836
0.063885344630179836
0.063885344630179836
0.063885344630179836
0.063885344630179836
0.063885344630179836
0.063885344630179836
0.063885344630179836
0.063885344630179836
0.063885344630179836
0.063885344630179836
0.063885344630179836
0.063885344630179836
0.063885344630179836
0.063885344630179836
0.063885344630179836
0.063885344630179836
0.063885344630179836
0.063885344630179836
0.063885344630179836
0.063885344630179836
0.063885344630179836
0.063885344630179836
0.063885344630179836
0.063885344630179836
0.063885344630179836
0.063885344630179836
0.063885344630179836
0.063885344630179836
0.063885344630179836
0.063885344630179836
0.063885344630179836
0.063885344630179836
0.063885344630179836
0.063885344630179836
0.063885344630179836
0.063885344630179836
0.063885344630179836
0.063885344630179836
0.063885344630179836
0.063885344630179836
0.063885344630179836
0.063885344630179836
0.063885344630179836
0.063885344630179836
0.063885344630179836
0.063885344630179836
0.063885344630179836
0.063885344630179836
0.063885344630179836
0.063885344630179836
0.063885344630179836
0.063885344630179836
0.063885344630179836
0.063885344630179836
0.063885344630179836
0.063885344630179836
0.063885344630179836
0.063885344630179836
0.063885344630179836
0.063885344630179836
0.063885344630179836
0.063885344630179836
0.063885344630179836
0.063885344630179836
0.063885344630179836
0.063885344630179836
0.063885344630179836
0.063885344630179836
0.063885344630179836
0.063885344630179836
0.063885344630179836
0.063885344630179836
0.063885344630179836
0.063885344630179836
0.063885344630179836
0.063885344630179836
0.063885344630179836
0.063885344630179836
0.063885344630179836
0.063885344630179836
0.063885344630179836
0.063885344630179836
0.063885344630179836
0.063885344630179836
0.063885344630179836
0.063885344630179836
0.063885344630179836
0.063885344630179836
0.063885344630179836
0.063885344630179836
0.063885344630179836
0.063885344630179836
0.063885344630179836
0.063885344630179836
0.063885344630179836
0.063885344630179836
0.063885344630179836
0.063885344630179836
0.063885344630179836
0.063885344630179836
0.063885344630179836
0.063885344630179836
0.063885344630179836
0.063885344630179836
0.063885344630179836
0.063885344630179836
0.063885344630179836
0.063885344630179836
0.063885344630179836
0.063885344630179836
0.063885344630179836
0.063885344630179836
0.063885344630179836
0.063885344630179836
0.063885344630179836
0.063885344630179836
0.063885344630179836
0.063885344630179836
0.063885344630179836
0.063885344630179836
0.063885344630179836
0.063885344630179836
0.063885344630179836
0.063885344630179836
0.063885344630179836
0.063885344630179836
0.063885344630179836
0.063885344630179836
0.063885344630179836
0.063885344630179836
0.063885344630179836
0.063885344630179836
0.063885344630179836
0.063885344630179836
0.063885344630179836
0.063885344630179836
0.063885344630179836
0.063885344630179836
0.063885344630179836
0.063885344630179836
0.063885344630179836
0.063885344630179836
0.063885344630179836
0.063885344630179836
0.063885344630179836
0.063885344630179836
0.063885344630179836
0.063885344630179836
0.063885344630179836
0.063885344630179836
0.063885344630179836
0.063885344630179836
0.063885344630179836
0.063885344630179836
0.063885344630179836
0.063885344630179836
0.063885344630179836
0.063885344630179836
0.063885344630179836
0.063885344630179836
0.063885344630179836
0.063885344630179836
0.063885344630179836
0.063885344630179836
0.063885344630179836
0.063885344630179836
0.063885344630179836
0.063885344630179836
0.063885344630179836
0.063885344630179836
0.063885344630179836
0.063885344630179836
0.063885344630179836
0.063885344630179836
0.063885344630179836
0.063885344630179836
0.063885344630179836
0.063885344630179836
0.063885344630179836
0.063885344630179836
0.063885344630179836
0.063885344630179836
0.063885344630179836
0.063885344630179836
0.063885344630179836
0.063885344630179836
0.063885344630179836
0.063885344630179836
0.063885344630179836
0.063885344630179836
0.063885344630179836
0.063885344630179836
0.063885344630179836
0.063885344630179836
0.063885344630179836
0.063885344630179836
0.063885344630179836
0.063885344630179836
0.063885344630179836
0.063885344630179836
0.063885344630179836
0.063885344630179836
0.063885344630179836
0.063885344630179836
0.063885344630179836
0.063885344630179836
0.063885344630179836
0.063885344630179836
0.063885344630179836
0.063885344630179836
0.063885344630179836
0.063885344630179836
0.063885344630179836
0.063885344630179836
0.063885344630179836
0.063885344630179836
0.063885344630179836
0.063885344630179836
0.063885344630179836
0.063885344630179836
0.063885344630179836
0.063885344630179836
0.063885344630179836
0.063885344630179836
0.063885344630179836
0.063885344630179836
0.063885344630179836
0.063885344630179836
0.063885344630179836
0.063885344630179836
0.063885344630179836
0.063885344630179836
0.063885344630179836
0.063885344630179836
0.063885344630179836
0.063885344630179836
0.063885344630179836
0.063885344630179836
0.063885344630179836
0.063885344630179836
0.063885344630179836
0.063885344630179836
0.063885344630179836
0.063885344630179836
0.063885344630179836
0.063885344630179836
0.063885344630179836
0.063885344630179836
0.063885344630179836
0.063885344630179836
0.063885344630179836
0.063885344630179836
0.063885344630179836
0.063885344630179836
0.063885344630179836
0.063885344630179836
0.063885344630179836
0.063885344630179836
0.063885344630179836
0.063885344630179836
0.063885344630179836
0.063885344630179836
0.063885344630179836
0.063885344630179836
0.063885344630179836
0.063885344630179836
0.063885344630179836
0.063885344630179836
0.063885344630179836
0.063885344630179836
0.063885344630179836
0.063885344630179836
0.063885344630179836
0.063885344630179836
0.063885344630179836
0.063885344630179836
0.063885344630179836
0.063885344630179836
0.063885344630179836
0.063885344630179836
0.063885344630179836
0.063885344630179836
0.063885344630179836
0.063885344630179836
0.063885344630179836
0.063885344630179836
0.063885344630179836
0.063885344630179836
0.063885344630179836
0.063885344630179836
0.063885344630179836
0.063885344630179836
0.063885344630179836
0.063885344630179836
0.063885344630179836
0.063885344630179836
0.063885344630179836
0.063885344630179836
0.063885344630179836
0.063885344630179836
0.063885344630179836
0.063885344630179836
0.063885344630179836
0.063885344630179836
0.063885344630179836
0.063885344630179836
0.063885344630179836
0.063885344630179836
0.063885344630179836
0.063885344630179836
0.063885344630179836
0.063885344630179836
0.063885344630179836
0.063885344630179836
0.063885344630179836
0.063885344630179836
0.063885344630179836
0.063885344630179836
0.063885344630179836
0.063885344630179836
0.063885344630179836
0.063885344630179836
0.063885344630179836
0.063885344630179836
0.063885344630179836
0.063885344630179836
0.063885344630179836
0.063885344630179836
0.063885344630179836
0.063885344630179836
0.063885344630179836
0.063885344630179836
0.063885344630179836
0.063885344630179836
0.063885344630179836
0.063885344630179836
0.063885344630179836
0.063885344630179836
0.063885344630179836
0.063885344630179836
0.063885344630179836
0.063885344630179836
0.063885344630179836
0.063885344630179836
0.063885344630179836
0.063885344630179836
0.063885344630179836
0.063885344630179836
0.063885344630179836
0.063885344630179836
0.063885344630179836
0.063885344630179836
0.063885344630179836
0.063885344630179836
0.063885344630179836
0.063885344630179836
0.063885344630179836
0.063885344630179836
0.063885344630179836
0.063885344630179836
0.063885344630179836
0.063885344630179836
0.063885344630179836
0.063885344630179836
0.063885344630179836
0.063885344630179836
0.063885344630179836
0.063885344630179836
0.063885344630179836
0.063885344630179836
0.063885344630179836
0.063885344630179836
0.063885344630179836
0.063885344630179836
0.063885344630179836
0.063885344630179836
0.063885344630179836
0.063885344630179836
0.063885344630179836
0.063885344630179836
0.063885344630179836
0.063885344630179836
0.063885344630179836
0.063885344630179836
0.063885344630179836
0.063885344630179836
0.063885344630179836
0.063885344630179836
0.063885344630179836
0.063885344630179836
0.063885344630179836
0.063885344630179836
0.063885344630179836
0.063885344630179836
0.063885344630179836
0.063885344630179836
0.063885344630179836
0.063885344630179836
0.063885344630179836
0.063885344630179836
0.063885344630179836
0.063885344630179836
0.063885344630179836
0.063885344630179836
0.063885344630179836
0.063885344630179836
0.063885344630179836
0.063885344630179836
0.063885344630179836
0.063885344630179836
0.063885344630179836
0.063885344630179836
0.063885344630179836
0.063885344630179836
0.063885344630179836
0.063885344630179836
0.063885344630179836
0.063885344630179836
0.063885344630179836
0.063885344630179836
0.063885344630179836
0.063885344630179836
0.063885344630179836
0.063885344630179836
0.063885344630179836
0.063885344630179836
0.063885344630179836
0.063885344630179836
0.063885344630179836
0.063885344630179836
0.063885344630179836
0.063885344630179836
0.063885344630179836
0.063885344630179836
0.063885344630179836
0.063885344630179836
0.063885344630179836
0.063885344630179836
0.063885344630179836
0.063885344630179836
0.063885344630179836
0.063885344630179836
0.063885344630179836
0.063885344630179836
0.063885344630179836
0.063885344630179836
0.063885344630179836
0.063885344630179836
0.063885344630179836
0.063885344630179836
0.063885344630179836
0.063885344630179836
0.063885344630179836
0.063885344630179836
0.063885344630179836
0.063885344630179836
0.063885344630179836
0.063885344630179836
0.063885344630179836
0.063885344630179836
0.063885344630179836
0.063885344630179836
0.063885344630179836
0.063885344630179836
0.063885344630179836
0.063885344630179836
0.063885344630179836
0.063885344630179836
0.063885344630179836
0.063885344630179836
0.063885344630179836
0.063885344630179836
0.063885344630179836
0.063885344630179836
0.063885344630179836
0.063885344630179836
0.063885344630179836
0.063885344630179836
0.063885344630179836
0.063885344630179836
0.063885344630179836
0.063885344630179836
0.063885344630179836
0.063885344630179836
0.063885344630179836
0.063885344630179836
0.063885344630179836
0.063885344630179836
0.063885344630179836
0.063885344630179836
0.063885344630179836
0.063885344630179836
0.063885344630179836
0.063885344630179836
0.063885344630179836
0.063885344630179836
0.063885344630179836
0.063885344630179836
0.063885344630179836
0.063885344630179836
0.063885344630179836
0.063885344630179836
0.063885344630179836
0.063885344630179836
0.063885344630179836
0.063885344630179836
0.063885344630179836
0.063885344630179836
0.063885344630179836
0.063885344630179836
0.063885344630179836
0.063885344630179836
0.063885344630179836
0.063885344630179836
0.063885344630179836
0.063885344630179836
0.063885344630179836
0.063885344630179836
0.063885344630179836
0.063885344630179836
0.063885344630179836
0.063885344630179836
0.063885344630179836
0.063885344630179836
0.063885344630179836
0.063885344630179836
0.063885344630179836
0.063885344630179836
0.063885344630179836
0.063885344630179836
0.063885344630179836
0.063885344630179836
0.063885344630179836
0.063885344630179836
0.063885344630179836
0.063885344630179836
0.063885344630179836
0.063885344630179836
0.063885344630179836
0.063885344630179836
0.063885344630179836
0.063885344630179836
0.063885344630179836
0.063885344630179836
0.063885344630179836
0.063885344630179836
0.063885344630179836
0.063885344630179836
0.063885344630179836
0.063885344630179836
0.063885344630179836
0.063885344630179836
0.063885344630179836
0.063885344630179836
0.063885344630179836
0.063885344630179836
0.063885344630179836
0.063885344630179836
0.063885344630179836
0.063885344630179836
0.063885344630179836
0.063885344630179836
0.063885344630179836
0.063885344630179836
0.063885344630179836
0.063885344630179836
0.063885344630179836
0.063885344630179836
0.063885344630179836
0.063885344630179836
0.063885344630179836
0.063885344630179836
0.063885344630179836
0.063885344630179836
0.063885344630179836
0.063885344630179836
0.063885344630179836
0.063885344630179836
0.063885344630179836
0.063885344630179836
0.063885344630179836
0.063885344630179836
0.063885344630179836
0.063885344630179836
0.063885344630179836
0.063885344630179836
0.063885344630179836
0.063885344630179836
0.063885344630179836
0.063885344630179836
0.063885344630179836
0.063885344630179836
0.063885344630179836
0.063885344630179836
0.063885344630179836
0.063885344630179836
0.063885344630179836
0.063885344630179836
0.063885344630179836
0.063885344630179836
0.063885344630179836
0.063885344630179836
0.063885344630179836
0.063885344630179836
0.063885344630179836
0.063885344630179836
0.063885344630179836
0.063885344630179836
0.063885344630179836
0.063885344630179836
0.063885344630179836
0.063885344630179836
0.063885344630179836
0.063885344630179836
0.063885344630179836
0.063885344630179836
0.063885344630179836
0.063885344630179836
0.063885344630179836
0.063885344630179836
0.063885344630179836
0.063885344630179836
0.063885344630179836
0.063885344630179836
0.063885344630179836
0.063885344630179836
0.063885344630179836
0.063885344630179836
0.063885344630179836
0.063885344630179836
0.063885344630179836
0.063885344630179836
0.063885344630179836
0.063885344630179836
0.063885344630179836
0.063885344630179836
0.063885344630179836
0.063885344630179836
0.063885344630179836
0.063885344630179836
0.063885344630179836
0.063885344630179836
0.063885344630179836
0.063885344630179836
0.063885344630179836
0.063885344630179836
0.063885344630179836
0.063885344630179836
0.063885344630179836
0.063885344630179836
0.063885344630179836
0.063885344630179836
0.063885344630179836
0.063885344630179836
0.063885344630179836
0.063885344630179836
0.063885344630179836
0.063885344630179836
0.063885344630179836
0.063885344630179836
0.063885344630179836
0.063885344630179836
0.063885344630179836
0.063885344630179836
0.063885344630179836
0.063885344630179836
0.063885344630179836
0.063885344630179836
0.063885344630179836
0.063885344630179836
0.063885344630179836
0.063885344630179836
0.063885344630179836
0.063885344630179836
0.063885344630179836
0.063885344630179836
0.063885344630179836
0.063885344630179836
0.063885344630179836
0.063885344630179836
0.063885344630179836
0.063885344630179836
0.063885344630179836
0.063885344630179836
0.063885344630179836
0.063885344630179836
0.063885344630179836
0.063885344630179836
0.063885344630179836
0.063885344630179836
0.063885344630179836
0.063885344630179836
0.063885344630179836
0.063885344630179836
0.063885344630179836
0.063885344630179836
0.063885344630179836
0.063885344630179836
0.063885344630179836
0.063885344630179836
0.063885344630179836
0.063885344630179836
0.063885344630179836
0.063885344630179836
0.063885344630179836
0.063885344630179836
0.063885344630179836
0.063885344630179836
0.063885344630179836
0.063885344630179836
0.063885344630179836
0.063885344630179836
0.063885344630179836
0.063885344630179836
0.063885344630179836
0.063885344630179836
0.063885344630179836
0.063885344630179836
0.063885344630179836
0.063885344630179836
0.063885344630179836
0.063885344630179836
0.063885344630179836
0.063885344630179836
0.063885344630179836
0.063885344630179836
0.063885344630179836
0.063885344630179836
0.063885344630179836
0.063885344630179836
0.063885344630179836
0.063885344630179836
0.063885344630179836
0.063885344630179836
0.063885344630179836
0.063885344630179836
0.063885344630179836
0.063885344630179836
0.063885344630179836
0.063885344630179836
0.063885344630179836
0.063885344630179836
0.063885344630179836
0.063885344630179836
0.063885344630179836
0.063885344630179836
0.063885344630179836
0.063885344630179836
0.063885344630179836
0.063885344630179836
0.063885344630179836
0.063885344630179836
0.063885344630179836
0.063885344630179836
0.063885344630179836
0.063885344630179836
0.063885344630179836
0.063885344630179836
0.063885344630179836
0.063885344630179836
0.063885344630179836
0.063885344630179836
0.063885344630179836
0.063885344630179836
0.063885344630179836
0.063885344630179836
0.063885344630179836
0.063885344630179836
0.063885344630179836
0.063885344630179836
0.063885344630179836
0.063885344630179836
0.063885344630179836
0.063885344630179836
0.063885344630179836
0.063885344630179836
0.063885344630179836
0.063885344630179836
0.063885344630179836
0.063885344630179836
0.063885344630179836
0.063885344630179836
0.063885344630179836
0.063885344630179836
0.063885344630179836
0.063885344630179836
0.063885344630179836
0.063885344630179836
0.063885344630179836
0.063885344630179836
0.063885344630179836
0.063885344630179836
0.063885344630179836
0.063885344630179836
0.063885344630179836
0.063885344630179836
0.063885344630179836
0.063885344630179836
0.063885344630179836
0.063885344630179836
0.063885344630179836
0.063885344630179836
0.063885344630179836
0.063885344630179836
0.063885344630179836
0.063885344630179836
0.063885344630179836
0.063885344630179836
0.063885344630179836
0.063885344630179836
0.063885344630179836
0.063885344630179836
0.063885344630179836
0.063885344630179836
0.063885344630179836
0.063885344630179836
0.063885344630179836
0.063885344630179836
0.063885344630179836
0.063885344630179836
0.063885344630179836
0.063885344630179836
0.063885344630179836
0.063885344630179836
0.063885344630179836
0.063885344630179836
0.063885344630179836
0.063885344630179836
0.063885344630179836
0.063885344630179836
0.063885344630179836
0.063885344630179836
0.063885344630179836
0.063885344630179836
0.063885344630179836
0.063885344630179836
0.063885344630179836
0.063885344630179836
0.063885344630179836
0.063885344630179836
0.063885344630179836
0.063885344630179836
0.063885344630179836
0.063885344630179836
0.063885344630179836
0.063885344630179836
0.063885344630179836
0.063885344630179836
0.063885344630179836
0.063885344630179836
0.063885344630179836
0.063885344630179836
0.063885344630179836
0.063885344630179836
0.063885344630179836
0.063885344630179836
0.063885344630179836
0.063885344630179836
0.063885344630179836
0.063885344630179836
0.063885344630179836
0.063885344630179836
0.063885344630179836
0.063885344630179836
0.063885344630179836
0.063885344630179836
0.063885344630179836
0.063885344630179836
0.063885344630179836
0.063885344630179836
0.063885344630179836
0.063885344630179836
0.063885344630179836
0.063885344630179836
0.063885344630179836
0.063885344630179836
0.063885344630179836
0.063885344630179836
0.063885344630179836
0.063885344630179836
0.063885344630179836
0.063885344630179836
0.063885344630179836
0.063885344630179836
0.063885344630179836
0.063885344630179836
0.063885344630179836
0.063885344630179836
0.063885344630179836
0.063885344630179836
0.063885344630179836
0.063885344630179836
0.063885344630179836
0.063885344630179836
0.063885344630179836
0.063885344630179836
0.063885344630179836
0.063885344630179836
0.063885344630179836
0.063885344630179836
0.063885344630179836
0.063885344630179836
0.063885344630179836
0.063885344630179836
0.063885344630179836
0.063885344630179836
0.063885344630179836
0.063885344630179836
0.063885344630179836
0.063885344630179836
0.063885344630179836
0.063885344630179836
0.063885344630179836
0.063885344630179836
0.063885344630179836
0.063885344630179836
0.063885344630179836
0.063885344630179836
0.063885344630179836
0.063885344630179836
0.063885344630179836
0.063885344630179836
0.063885344630179836
0.063885344630179836
0.063885344630179836
0.063885344630179836
0.063885344630179836
0.063885344630179836
0.063885344630179836
0.063885344630179836
0.063885344630179836
0.063885344630179836
0.063885344630179836
0.063885344630179836
0.063885344630179836
0.063885344630179836
0.063885344630179836
0.063885344630179836
0.063885344630179836
0.063885344630179836
0.063885344630179836
0.063885344630179836
0.063885344630179836
0.063885344630179836
0.063885344630179836
0.063885344630179836
0.063885344630179836
0.063885344630179836
0.063885344630179836
0.063885344630179836
0.063885344630179836
0.063885344630179836
0.063885344630179836
0.063885344630179836
0.063885344630179836
0.063885344630179836
0.063885344630179836
0.063885344630179836
0.063885344630179836
0.063885344630179836
0.063885344630179836
0.063885344630179836
0.063885344630179836
0.063885344630179836
0.063885344630179836
0.063885344630179836
0.063885344630179836
0.063885344630179836
0.063885344630179836
0.063885344630179836
0.063885344630179836
0.063885344630179836
0.063885344630179836
0.063885344630179836
0.063885344630179836
0.063885344630179836
0.063885344630179836
0.063885344630179836
0.063885344630179836
0.063885344630179836
0.063885344630179836
0.063885344630179836
0.063885344630179836
0.063885344630179836
0.063885344630179836
0.063885344630179836
0.063885344630179836
0.063885344630179836
0.063885344630179836
0.063885344630179836
0.063885344630179836
0.063885344630179836
0.063885344630179836
0.063885344630179836
0.063885344630179836
0.063885344630179836
0.063885344630179836
0.063885344630179836
0.063885344630179836
0.063885344630179836
0.063885344630179836
0.063885344630179836
0.063885344630179836
0.063885344630179836
0.063885344630179836
0.063885344630179836
0.063885344630179836
0.063885344630179836
0.063885344630179836
0.063885344630179836
0.063885344630179836
0.063885344630179836
0.063885344630179836
0.063885344630179836
0.063885344630179836
0.063885344630179836
0.063885344630179836
0.063885344630179836
0.063885344630179836
0.063885344630179836
0.063885344630179836
0.063885344630179836
0.063885344630179836
0.063885344630179836
0.063885344630179836
0.063885344630179836
0.063885344630179836
0.063885344630179836
0.063885344630179836
0.063885344630179836
0.063885344630179836
0.063885344630179836
0.063885344630179836
0.063885344630179836
0.063885344630179836
0.063885344630179836
0.063885344630179836
0.063885344630179836
0.063885344630179836
0.063885344630179836
0.063885344630179836
0.063885344630179836
0.063885344630179836
0.063885344630179836
0.063885344630179836
0.063885344630179836
0.063885344630179836
0.063885344630179836
0.063885344630179836
0.063885344630179836
0.063885344630179836
0.063885344630179836
0.063885344630179836
0.063885344630179836
0.063885344630179836
0.063885344630179836
0.063885344630179836
0.063885344630179836
0.063885344630179836
0.063885344630179836
0.063885344630179836
0.063885344630179836
0.063885344630179836
0.063885344630179836
0.063885344630179836
0.063885344630179836
0.063885344630179836
0.063885344630179836
0.063885344630179836
0.063885344630179836
0.063885344630179836
0.063885344630179836
0.063885344630179836
0.063885344630179836
0.063885344630179836
0.063885344630179836
0.063885344630179836
0.063885344630179836
0.063885344630179836
0.063885344630179836
0.063885344630179836
0.063885344630179836
0.063885344630179836
0.063885344630179836
0.063885344630179836
0.063885344630179836
0.063885344630179836
0.063885344630179836
0.063885344630179836
0.063885344630179836
0.063885344630179836
0.063885344630179836
0.063885344630179836
0.063885344630179836
0.063885344630179836
0.063885344630179836
0.063885344630179836
0.063885344630179836
0.063885344630179836
0.063885344630179836
0.063885344630179836
0.063885344630179836
0.063885344630179836
0.063885344630179836
0.063885344630179836
0.063885344630179836
0.063885344630179836
0.063885344630179836
0.063885344630179836
0.063885344630179836
0.063885344630179836
0.063885344630179836
0.063885344630179836
0.063885344630179836
0.063885344630179836
0.063885344630179836
0.063885344630179836
0.063885344630179836
0.063885344630179836
0.063885344630179836
0.063885344630179836
0.063885344630179836
0.063885344630179836
0.063885344630179836
0.063885344630179836
0.063885344630179836
0.063885344630179836
0.063885344630179836
0.063885344630179836
0.063885344630179836
0.063885344630179836
0.063885344630179836
0.063885344630179836
0.063885344630179836
0.063885344630179836
0.063885344630179836
0.063885344630179836
0.063885344630179836
0.063885344630179836
0.063885344630179836
0.063885344630179836
0.063885344630179836
0.063885344630179836
0.063885344630179836
0.063885344630179836
0.063885344630179836
0.063885344630179836
0.063885344630179836
0.063885344630179836
0.063885344630179836
0.063885344630179836
0.063885344630179836
0.063885344630179836
0.063885344630179836
0.063885344630179836
0.063885344630179836
0.063885344630179836
0.063885344630179836
0.063885344630179836
0.063885344630179836
0.063885344630179836
0.063885344630179836
0.063885344630179836
0.063885344630179836
0.063885344630179836
0.063885344630179836
0.063885344630179836
0.063885344630179836
0.063885344630179836
0.063885344630179836
0.063885344630179836
0.063885344630179836
0.063885344630179836
0.063885344630179836
0.063885344630179836
0.063885344630179836
0.063885344630179836
0.063885344630179836
0.063885344630179836
0.063885344630179836
0.063885344630179836
0.063885344630179836
0.063885344630179836
0.063885344630179836
0.063885344630179836
0.063885344630179836
0.063885344630179836
0.063885344630179836
0.063885344630179836
0.063885344630179836
0.063885344630179836
0.063885344630179836
0.063885344630179836
0.063885344630179836
0.063885344630179836
0.063885344630179836
0.063885344630179836
0.063885344630179836
0.063885344630179836
0.063885344630179836
0.063885344630179836
0.063885344630179836
0.063885344630179836
0.063885344630179836
0.063885344630179836
0.063885344630179836
0.063885344630179836
0.063885344630179836
0.063885344630179836
0.063885344630179836
0.063885344630179836
0.063885344630179836
0.063885344630179836
0.063885344630179836
0.063885344630179836
0.063885344630179836
0.063885344630179836
0.063885344630179836
0.063885344630179836
0.063885344630179836
0.063885344630179836
0.063885344630179836
0.063885344630179836
0.063885344630179836
0.063885344630179836
0.063885344630179836
0.063885344630179836
0.063885344630179836
0.063885344630179836
0.063885344630179836
0.063885344630179836
0.063885344630179836
0.063885344630179836
0.063885344630179836
0.063885344630179836
0.063885344630179836
0.063885344630179836
0.063885344630179836
0.063885344630179836
0.063885344630179836
0.063885344630179836
0.063885344630179836
0.063885344630179836
0.063885344630179836
0.063885344630179836
0.063885344630179836
0.063885344630179836
0.063885344630179836
0.063885344630179836
0.063885344630179836
0.063885344630179836
0.063885344630179836
0.063885344630179836
0.063885344630179836
0.063885344630179836
0.063885344630179836
0.063885344630179836
0.063885344630179836
0.063885344630179836
0.063885344630179836
0.063885344630179836
0.063885344630179836
0.063885344630179836
0.063885344630179836
0.063885344630179836
0.063885344630179836
0.063885344630179836
0.063885344630179836
0.063885344630179836
0.063885344630179836
0.063885344630179836
0.063885344630179836
0.063885344630179836
0.063885344630179836
0.063885344630179836
0.063885344630179836
0.063885344630179836
0.063885344630179836
0.063885344630179836
0.063885344630179836
0.063885344630179836
0.063885344630179836
0.063885344630179836
0.063885344630179836
0.063885344630179836
0.063885344630179836
0.063885344630179836
0.063885344630179836
0.063885344630179836
0.063885344630179836
0.063885344630179836
0.063885344630179836
0.063885344630179836
0.063885344630179836
0.063885344630179836
0.063885344630179836
0.063885344630179836
0.063885344630179836
0.063885344630179836
0.063885344630179836
0.063885344630179836
0.063885344630179836
0.063885344630179836
0.063885344630179836
0.063885344630179836
0.063885344630179836
0.063885344630179836
0.063885344630179836
0.063885344630179836
0.063885344630179836
0.063885344630179836
0.063885344630179836
0.063885344630179836
0.063885344630179836
0.063885344630179836
0.063885344630179836
0.063885344630179836
0.063885344630179836
0.063885344630179836
0.063885344630179836
0.063885344630179836
0.063885344630179836
0.063885344630179836
0.063885344630179836
0.063885344630179836
0.063885344630179836
0.063885344630179836
0.063885344630179836
0.063885344630179836
0.063885344630179836
0.063885344630179836
0.063885344630179836
0.063885344630179836
0.063885344630179836
0.063885344630179836
0.063885344630179836
0.063885344630179836
0.063885344630179836
0.063885344630179836
0.063885344630179836
0.063885344630179836
0.063885344630179836
0.063885344630179836
0.063885344630179836
0.063885344630179836
0.063885344630179836
0.063885344630179836
0.063885344630179836
0.063885344630179836
0.063885344630179836
0.063885344630179836
0.063885344630179836
0.063885344630179836
0.063885344630179836
0.063885344630179836
0.063885344630179836
0.063885344630179836
0.063885344630179836
0.063885344630179836
0.063885344630179836
0.063885344630179836
0.063885344630179836
0.063885344630179836
0.063885344630179836
0.063885344630179836
0.063885344630179836
0.063885344630179836
0.063885344630179836
0.063885344630179836
0.063885344630179836
0.063885344630179836
0.063885344630179836
0.063885344630179836
0.063885344630179836
0.063885344630179836
0.063885344630179836
0.063885344630179836
0.063885344630179836
0.063885344630179836
0.063885344630179836
0.063885344630179836
0.063885344630179836
0.063885344630179836
0.063885344630179836
0.063885344630179836
0.063885344630179836
0.063885344630179836
0.063885344630179836
0.063885344630179836
0.063885344630179836
0.063885344630179836
0.063885344630179836
0.063885344630179836
0.063885344630179836
0.063885344630179836
0.063885344630179836
0.063885344630179836
0.063885344630179836
0.063885344630179836
0.063885344630179836
0.063885344630179836
0.063885344630179836
0.063885344630179836
0.063885344630179836
0.063885344630179836
0.063885344630179836
0.063885344630179836
0.063885344630179836
0.063885344630179836
0.063885344630179836
0.063885344630179836
0.063885344630179836
0.063885344630179836
0.063885344630179836
0.063885344630179836
0.063885344630179836
0.063885344630179836
0.063885344630179836
0.063885344630179836
0.063885344630179836
0.063885344630179836
0.063885344630179836
0.063885344630179836
0.063885344630179836
0.063885344630179836
0.063885344630179836
0.063885344630179836
0.063885344630179836
0.063885344630179836
0.063885344630179836
0.063885344630179836
0.063885344630179836
0.063885344630179836
0.063885344630179836
0.063885344630179836
0.063885344630179836
0.063885344630179836
0.063885344630179836
0.063885344630179836
0.063885344630179836
0.063885344630179836
0.063885344630179836
0.063885344630179836
0.063885344630179836
0.063885344630179836
0.063885344630179836
0.063885344630179836
0.063885344630179836
0.063885344630179836
0.063885344630179836
0.063885344630179836
0.063885344630179836
0.063885344630179836
0.063885344630179836
0.063885344630179836
0.063885344630179836
0.063885344630179836
0.063885344630179836
0.063885344630179836
0.063885344630179836
0.063885344630179836
0.063885344630179836
0.063885344630179836
0.063885344630179836
0.063885344630179836
0.063885344630179836
0.063885344630179836
0.063885344630179836
0.063885344630179836
0.063885344630179836
0.063885344630179836
0.063885344630179836
0.063885344630179836
0.063885344630179836
0.063885344630179836
0.063885344630179836
0.063885344630179836
0.063885344630179836
0.063885344630179836
0.063885344630179836
0.063885344630179836
0.063885344630179836
0.063885344630179836
0.063885344630179836
0.063885344630179836
0.063885344630179836
0.063885344630179836
0.063885344630179836
0.063885344630179836
0.063885344630179836
0.063885344630179836
0.063885344630179836
0.063885344630179836
0.063885344630179836
0.063885344630179836
0.063885344630179836
0.063885344630179836
0.063885344630179836
0.063885344630179836
0.063885344630179836
0.063885344630179836
0.063885344630179836
0.063885344630179836
0.063885344630179836
0.063885344630179836
0.063885344630179836
0.063885344630179836
0.063885344630179836
0.063885344630179836
0.063885344630179836
0.063885344630179836
0.063885344630179836
0.063885344630179836
0.063885344630179836
0.063885344630179836
0.063885344630179836
0.063885344630179836
0.063885344630179836
0.063885344630179836
0.063885344630179836
0.063885344630179836
0.063885344630179836
0.063885344630179836
0.063885344630179836
0.063885344630179836
0.063885344630179836
0.063885344630179836
0.063885344630179836
0.063885344630179836
0.063885344630179836
0.063885344630179836
0.063885344630179836
0.063885344630179836
0.063885344630179836
0.063885344630179836
0.063885344630179836
0.063885344630179836
0.063885344630179836
0.063885344630179836
0.063885344630179836
0.063885344630179836
0.063885344630179836
0.063885344630179836
0.063885344630179836
0.063885344630179836
0.063885344630179836
0.063885344630179836
0.063885344630179836
0.063885344630179836
0.063885344630179836
0.063885344630179836
0.063885344630179836
0.063885344630179836
0.063885344630179836
0.063885344630179836
0.063885344630179836
0.063885344630179836
0.063885344630179836
0.063885344630179836
0.063885344630179836
0.063885344630179836
0.063885344630179836
0.063885344630179836
0.063885344630179836
0.063885344630179836
0.063885344630179836
0.063885344630179836
0.063885344630179836
0.063885344630179836
0.063885344630179836
0.063885344630179836
0.063885344630179836
0.063885344630179836
0.063885344630179836
0.063885344630179836
0.063885344630179836
0.063885344630179836
0.063885344630179836
0.063885344630179836
0.063885344630179836
0.063885344630179836
0.063885344630179836
0.063885344630179836
0.063885344630179836
0.063885344630179836
0.063885344630179836
0.063885344630179836
0.063885344630179836
0.063885344630179836
0.063885344630179836
0.063885344630179836
0.063885344630179836
0.063885344630179836
0.063885344630179836
0.063885344630179836
0.063885344630179836
0.063885344630179836
0.063885344630179836
0.063885344630179836
0.063885344630179836
0.063885344630179836
0.063885344630179836
0.063885344630179836
0.063885344630179836
0.063885344630179836
0.063885344630179836
0.063885344630179836
0.063885344630179836
0.063885344630179836
0.063885344630179836
0.063885344630179836
0.063885344630179836
0.063885344630179836
0.063885344630179836
0.063885344630179836
0.063885344630179836
0.063885344630179836
0.063885344630179836
0.063885344630179836
0.063885344630179836
0.063885344630179836
0.063885344630179836
0.063885344630179836
0.063885344630179836
0.063885344630179836
0.063885344630179836
0.063885344630179836
0.063885344630179836
0.063885344630179836
0.063885344630179836
0.063885344630179836
0.063885344630179836
0.063885344630179836
0.063885344630179836
0.063885344630179836
0.063885344630179836
0.063885344630179836
0.063885344630179836
0.063885344630179836
0.063885344630179836
0.063885344630179836
0.063885344630179836
0.063885344630179836
0.063885344630179836
0.063885344630179836
0.063885344630179836
0.063885344630179836
0.063885344630179836
0.063885344630179836
0.063885344630179836
0.063885344630179836
0.063885344630179836
0.063885344630179836
0.063885344630179836
0.063885344630179836
0.063885344630179836
0.063885344630179836
0.063885344630179836
0.063885344630179836
0.063885344630179836
0.063885344630179836
0.063885344630179836
0.063885344630179836
0.063885344630179836
0.063885344630179836
0.063885344630179836
0.063885344630179836
0.063885344630179836
0.063885344630179836
0.063885344630179836
0.063885344630179836
0.063885344630179836
0.063885344630179836
0.063885344630179836
0.063885344630179836
0.063885344630179836
0.063885344630179836
0.063885344630179836
0.063885344630179836
0.063885344630179836
0.063885344630179836
0.063885344630179836
0.063885344630179836
0.063885344630179836
0.063885344630179836
0.063885344630179836
0.063885344630179836
0.063885344630179836
0.063885344630179836
0.063885344630179836
0.063885344630179836
0.063885344630179836
0.063885344630179836
0.063885344630179836
0.063885344630179836
0.063885344630179836
0.063885344630179836
0.063885344630179836
0.063885344630179836
0.063885344630179836
0.063885344630179836
0.063885344630179836
0.063885344630179836
0.063885344630179836
0.063885344630179836
0.063885344630179836
0.063885344630179836
0.063885344630179836
0.063885344630179836
0.063885344630179836
0.063885344630179836
0.063885344630179836
0.063885344630179836
0.063885344630179836
0.063885344630179836
0.063885344630179836
0.063885344630179836
0.063885344630179836
0.063885344630179836
0.063885344630179836
0.063885344630179836
0.063885344630179836
0.063885344630179836
0.063885344630179836
0.063885344630179836
0.063885344630179836
0.063885344630179836
0.063885344630179836
0.063885344630179836
0.063885344630179836
0.063885344630179836
0.063885344630179836
0.063885344630179836
0.063885344630179836
0.063885344630179836
0.063885344630179836
0.063885344630179836
0.063885344630179836
0.063885344630179836
0.063885344630179836
0.063885344630179836
0.063885344630179836
0.063885344630179836
0.063885344630179836
0.063885344630179836
0.063885344630179836
0.063885344630179836
0.063885344630179836
0.063885344630179836
0.063885344630179836
0.063885344630179836
0.063885344630179836
0.063885344630179836
0.063885344630179836
0.063885344630179836
0.063885344630179836
0.063885344630179836
0.063885344630179836
0.063885344630179836
0.063885344630179836
0.063885344630179836
0.063885344630179836
0.063885344630179836
0.063885344630179836
0.063885344630179836
0.063885344630179836
0.063885344630179836
0.063885344630179836
0.063885344630179836
0.063885344630179836
0.063885344630179836
0.063885344630179836
0.063885344630179836
0.063885344630179836
0.063885344630179836
0.063885344630179836
0.063885344630179836
0.063885344630179836
0.063885344630179836
0.063885344630179836
0.063885344630179836
0.063885344630179836
0.063885344630179836
0.063885344630179836
0.063885344630179836
0.063885344630179836
0.063885344630179836
0.063885344630179836
0.063885344630179836
0.063885344630179836
0.063885344630179836
0.063885344630179836
0.063885344630179836
0.063885344630179836
0.063885344630179836
0.063885344630179836
0.063885344630179836
0.063885344630179836
0.063885344630179836
0.063885344630179836
0.063885344630179836
0.063885344630179836
0.063885344630179836
0.063885344630179836
0.063885344630179836
0.063885344630179836
0.063885344630179836
0.063885344630179836
0.063885344630179836
0.063885344630179836
0.063885344630179836
0.063885344630179836
0.063885344630179836
0.063885344630179836
0.063885344630179836
0.063885344630179836
0.063885344630179836
0.063885344630179836
0.063885344630179836
0.063885344630179836
0.063885344630179836
0.063885344630179836
0.063885344630179836
0.063885344630179836
0.063885344630179836
0.063885344630179836
0.063885344630179836
0.063885344630179836
0.063885344630179836
0.063885344630179836
0.063885344630179836
0.063885344630179836
0.063885344630179836
0.063885344630179836
0.063885344630179836
0.063885344630179836
0.063885344630179836
0.063885344630179836
0.063885344630179836
0.063885344630179836
0.063885344630179836
0.063885344630179836
0.063885344630179836
0.063885344630179836
0.063885344630179836
0.063885344630179836
0.063885344630179836
0.063885344630179836
0.063885344630179836
0.063885344630179836
0.063885344630179836
0.063885344630179836
0.063885344630179836
0.063885344630179836
0.063885344630179836
0.063885344630179836
0.063885344630179836
0.063885344630179836
0.063885344630179836
0.063885344630179836
0.063885344630179836
0.063885344630179836
0.063885344630179836
0.063885344630179836
0.063885344630179836
0.063885344630179836
0.063885344630179836
0.063885344630179836
0.063885344630179836
0.063885344630179836
0.063885344630179836
0.063885344630179836
0.063885344630179836
0.063885344630179836
0.063885344630179836
0.063885344630179836
0.063885344630179836
0.063885344630179836
0.063885344630179836
0.063885344630179836
0.063885344630179836
0.063885344630179836
0.063885344630179836
0.063885344630179836
0.063885344630179836
0.063885344630179836
0.063885344630179836
0.063885344630179836
0.063885344630179836
0.063885344630179836
0.063885344630179836
0.063885344630179836
0.063885344630179836
0.063885344630179836
0.063885344630179836
0.063885344630179836
0.063885344630179836
0.063885344630179836
0.063885344630179836
0.063885344630179836
0.063885344630179836
0.063885344630179836
0.063885344630179836
0.063885344630179836
0.063885344630179836
0.063885344630179836
0.063885344630179836
0.063885344630179836
0.063885344630179836
0.063885344630179836
0.063885344630179836
0.063885344630179836
0.063885344630179836
0.063885344630179836
0.063885344630179836
0.063885344630179836
0.063885344630179836
0.063885344630179836
0.063885344630179836
0.063885344630179836
0.063885344630179836
0.063885344630179836
0.063885344630179836
0.063885344630179836
0.063885344630179836
0.063885344630179836
0.063885344630179836
0.063885344630179836
0.063885344630179836
0.063885344630179836
0.063885344630179836
0.063885344630179836
0.063885344630179836
0.063885344630179836
0.063885344630179836
0.063885344630179836
0.063885344630179836
0.063885344630179836
0.063885344630179836
0.063885344630179836
0.063885344630179836
0.063885344630179836
0.063885344630179836
0.063885344630179836
0.063885344630179836
0.063885344630179836
0.063885344630179836
0.063885344630179836
0.063885344630179836
0.063885344630179836
0.063885344630179836
0.063885344630179836
0.063885344630179836
0.063885344630179836
0.063885344630179836
0.063885344630179836
0.063885344630179836
0.063885344630179836
0.063885344630179836
0.063885344630179836
0.063885344630179836
0.063885344630179836
0.063885344630179836
0.063885344630179836
0.063885344630179836
0.063885344630179836
0.063885344630179836
0.063885344630179836
0.063885344630179836
0.063885344630179836
0.063885344630179836
0.063885344630179836
0.063885344630179836
0.063885344630179836
0.063885344630179836
0.063885344630179836
0.063885344630179836
0.063885344630179836
0.063885344630179836
0.063885344630179836
0.063885344630179836
0.063885344630179836
0.063885344630179836
0.063885344630179836
0.063885344630179836
0.063885344630179836
0.063885344630179836
0.063885344630179836
0.063885344630179836
0.063885344630179836
0.063885344630179836
0.063885344630179836
0.063885344630179836
0.063885344630179836
0.063885344630179836
0.063885344630179836
0.063885344630179836
0.063885344630179836
0.063885344630179836
0.063885344630179836
0.063885344630179836
0.063885344630179836
0.063885344630179836
0.063885344630179836
0.063885344630179836
0.063885344630179836
0.063885344630179836
0.063885344630179836
0.063885344630179836
0.063885344630179836
0.063885344630179836
0.063885344630179836
0.063885344630179836
0.063885344630179836
0.063885344630179836
0.063885344630179836
0.063885344630179836
0.063885344630179836
0.063885344630179836
0.063885344630179836
0.063885344630179836
0.063885344630179836
0.063885344630179836
0.063885344630179836
0.063885344630179836
0.063885344630179836
0.063885344630179836
0.063885344630179836
0.063885344630179836
0.063885344630179836
0.063885344630179836
0.063885344630179836
0.063885344630179836
0.063885344630179836
0.063885344630179836
0.063885344630179836
0.063885344630179836
0.063885344630179836
0.063885344630179836
0.063885344630179836
0.063885344630179836
0.063885344630179836
0.063885344630179836
0.063885344630179836
0.063885344630179836
0.063885344630179836
0.063885344630179836
0.063885344630179836
0.063885344630179836
0.063885344630179836
0.063885344630179836
0.063885344630179836
0.063885344630179836
0.063885344630179836
0.063885344630179836
0.063885344630179836
0.063885344630179836
0.063885344630179836
0.063885344630179836
0.063885344630179836
0.063885344630179836
0.063885344630179836
0.063885344630179836
0.063885344630179836
0.063885344630179836
0.063885344630179836
0.063885344630179836
0.063885344630179836
0.063885344630179836
0.063885344630179836
0.063885344630179836
0.063885344630179836
0.063885344630179836
0.063885344630179836
0.063885344630179836
0.063885344630179836
0.063885344630179836
0.063885344630179836
0.063885344630179836
0.063885344630179836
0.063885344630179836
0.063885344630179836
0.063885344630179836
0.063885344630179836
0.063885344630179836
0.063885344630179836
0.063885344630179836
0.063885344630179836
0.063885344630179836
0.063885344630179836
0.063885344630179836
0.063885344630179836
0.063885344630179836
0.063885344630179836
0.063885344630179836
0.063885344630179836
0.063885344630179836
0.063885344630179836
0.063885344630179836
0.063885344630179836
0.063885344630179836
0.063885344630179836
0.063885344630179836
0.063885344630179836
0.063885344630179836
0.063885344630179836
0.063885344630179836
0.063885344630179836
0.063885344630179836
0.063885344630179836
0.063885344630179836
0.063885344630179836
0.063885344630179836
0.063885344630179836
0.063885344630179836
0.063885344630179836
0.063885344630179836
0.063885344630179836
0.063885344630179836
0.063885344630179836
0.063885344630179836
0.063885344630179836
0.063885344630179836
0.063885344630179836
0.063885344630179836
0.063885344630179836
0.063885344630179836
0.063885344630179836
0.063885344630179836
0.063885344630179836
0.063885344630179836
0.063885344630179836
0.063885344630179836
0.063885344630179836
0.063885344630179836
0.063885344630179836
0.063885344630179836
0.063885344630179836
0.063885344630179836
0.063885344630179836
0.063885344630179836
0.063885344630179836
0.063885344630179836
0.063885344630179836
0.063885344630179836
0.063885344630179836
0.063885344630179836
0.063885344630179836
0.063885344630179836
0.063885344630179836
0.063885344630179836
0.063885344630179836
0.063885344630179836
0.063885344630179836
0.063885344630179836
0.063885344630179836
0.063885344630179836
0.063885344630179836
0.063885344630179836
0.063885344630179836
0.063885344630179836
0.063885344630179836
0.063885344630179836
0.063885344630179836
0.063885344630179836
0.063885344630179836
0.063885344630179836
0.063885344630179836
0.063885344630179836
0.063885344630179836
0.063885344630179836
0.063885344630179836
0.063885344630179836
0.063885344630179836
0.063885344630179836
0.063885344630179836
0.063885344630179836
0.063885344630179836
0.063885344630179836
0.063885344630179836
0.063885344630179836
0.063885344630179836
0.063885344630179836
0.063885344630179836
0.063885344630179836
0.063885344630179836
0.063885344630179836
0.063885344630179836
0.063885344630179836
0.063885344630179836
0.063885344630179836
0.063885344630179836
0.063885344630179836
0.063885344630179836
0.063885344630179836
0.063885344630179836
0.063885344630179836
0.063885344630179836
0.063885344630179836
0.063885344630179836
0.063885344630179836
0.063885344630179836
0.063885344630179836
0.063885344630179836
0.063885344630179836
0.063885344630179836
0.063885344630179836
0.063885344630179836
0.063885344630179836
0.063885344630179836
0.063885344630179836
0.063885344630179836
0.063885344630179836
0.063885344630179836
0.063885344630179836
0.063885344630179836
0.063885344630179836
0.063885344630179836
0.063885344630179836
0.063885344630179836
0.063885344630179836
0.063885344630179836
0.063885344630179836
0.063885344630179836
0.063885344630179836
0.063885344630179836
0.063885344630179836
0.063885344630179836
0.063885344630179836
0.063885344630179836
0.063885344630179836
0.063885344630179836
0.063885344630179836
0.063885344630179836
0.063885344630179836
0.063885344630179836
0.063885344630179836
0.063885344630179836
0.063885344630179836
0.063885344630179836
0.063885344630179836
0.063885344630179836
0.063885344630179836
0.063885344630179836
0.063885344630179836
0.063885344630179836
0.063885344630179836
0.063885344630179836
0.063885344630179836
0.063885344630179836
0.063885344630179836
0.063885344630179836
0.063885344630179836
0.063885344630179836
0.063885344630179836
0.063885344630179836
0.063885344630179836
0.063885344630179836
0.063885344630179836
0.063885344630179836
0.063885344630179836
0.063885344630179836
0.063885344630179836
0.063885344630179836
0.063885344630179836
0.063885344630179836
0.063885344630179836
0.063885344630179836
0.063885344630179836
0.063885344630179836
0.063885344630179836
0.063885344630179836
0.063885344630179836
0.063885344630179836
0.063885344630179836
0.063885344630179836
0.063885344630179836
0.063885344630179836
0.063885344630179836
0.063885344630179836
0.063885344630179836
0.063885344630179836
0.063885344630179836
0.063885344630179836
0.063885344630179836
0.063885344630179836
0.063885344630179836
0.063885344630179836
0.063885344630179836
0.063885344630179836
0.063885344630179836
0.063885344630179836
0.063885344630179836
0.063885344630179836
0.063885344630179836
0.063885344630179836
0.063885344630179836
0.063885344630179836
0.063885344630179836
0.063885344630179836
0.063885344630179836
0.063885344630179836
0.063885344630179836
0.063885344630179836
0.063885344630179836
0.063885344630179836
0.063885344630179836
0.063885344630179836
0.063885344630179836
0.063885344630179836
0.063885344630179836
0.063885344630179836
0.063885344630179836
0.063885344630179836
0.063885344630179836
0.063885344630179836
0.063885344630179836
0.063885344630179836
0.063885344630179836
0.063885344630179836
0.063885344630179836
0.063885344630179836
0.063885344630179836
0.063885344630179836
0.063885344630179836
0.063885344630179836
0.063885344630179836
0.063885344630179836
0.063885344630179836
0.063885344630179836
0.063885344630179836
0.063885344630179836
0.063885344630179836
0.063885344630179836
0.063885344630179836
0.063885344630179836
0.063885344630179836
0.063885344630179836
0.063885344630179836
0.063885344630179836
0.063885344630179836
0.063885344630179836
0.063885344630179836
0.063885344630179836
0.063885344630179836
0.063885344630179836
0.063885344630179836
0.063885344630179836
0.063885344630179836
0.063885344630179836
0.063885344630179836
0.063885344630179836
0.063885344630179836
0.063885344630179836
0.063885344630179836
0.063885344630179836
0.063885344630179836
0.063885344630179836
0.063885344630179836
0.063885344630179836
0.063885344630179836
0.063885344630179836
0.063885344630179836
0.063885344630179836
0.063885344630179836
0.063885344630179836
0.063885344630179836
0.063885344630179836
0.063885344630179836
0.063885344630179836
0.063885344630179836
0.063885344630179836
0.063885344630179836
0.063885344630179836
0.063885344630179836
0.063885344630179836
0.063885344630179836
0.063885344630179836
0.063885344630179836
0.063885344630179836
0.063885344630179836
0.063885344630179836
0.063885344630179836
0.063885344630179836
0.063885344630179836
0.063885344630179836
0.063885344630179836
0.063885344630179836
0.063885344630179836
0.063885344630179836
0.063885344630179836
0.063885344630179836
0.063885344630179836
0.063885344630179836
0.063885344630179836
0.063885344630179836
0.063885344630179836
0.063885344630179836
0.063885344630179836
0.063885344630179836
0.063885344630179836
0.063885344630179836
0.063885344630179836
0.063885344630179836
0.063885344630179836
0.063885344630179836
0.063885344630179836
0.063885344630179836
0.063885344630179836
0.063885344630179836
0.063885344630179836
0.063885344630179836
0.063885344630179836
0.063885344630179836
0.063885344630179836
0.063885344630179836
0.063885344630179836
0.063885344630179836
0.063885344630179836
0.063885344630179836
0.063885344630179836
0.063885344630179836
0.063885344630179836
0.063885344630179836
0.063885344630179836
0.063885344630179836
0.063885344630179836
0.063885344630179836
0.063885344630179836
0.063885344630179836
0.063885344630179836
0.063885344630179836
0.063885344630179836
0.063885344630179836
0.063885344630179836
0.063885344630179836
0.063885344630179836
0.063885344630179836
0.063885344630179836
0.063885344630179836
0.063885344630179836
0.063885344630179836
0.063885344630179836
0.063885344630179836
0.063885344630179836
0.063885344630179836
0.063885344630179836
0.063885344630179836
0.063885344630179836
0.063885344630179836
0.063885344630179836
0.063885344630179836
0.063885344630179836
0.063885344630179836
0.063885344630179836
0.063885344630179836
0.063885344630179836
0.063885344630179836
0.063885344630179836
0.063885344630179836
0.063885344630179836
0.063885344630179836
0.063885344630179836
0.063885344630179836
0.063885344630179836
0.063885344630179836
0.063885344630179836
0.063885344630179836
0.063885344630179836
0.063885344630179836
0.063885344630179836
0.063885344630179836
0.063885344630179836
0.063885344630179836
0.063885344630179836
0.063885344630179836
0.063885344630179836
0.063885344630179836
0.063885344630179836
0.063885344630179836
0.063885344630179836
0.063885344630179836
0.063885344630179836
0.063885344630179836
0.063885344630179836
0.063885344630179836
0.063885344630179836
0.063885344630179836
0.063885344630179836
0.063885344630179836
0.063885344630179836
0.063885344630179836
0.063885344630179836
0.063885344630179836
0.063885344630179836
0.063885344630179836
0.063885344630179836
0.063885344630179836
0.063885344630179836
0.063885344630179836
0.063885344630179836
0.063885344630179836
0.063885344630179836
0.063885344630179836
0.063885344630179836
0.063885344630179836
0.063885344630179836
0.063885344630179836
0.063885344630179836
0.063885344630179836
0.063885344630179836
0.063885344630179836
0.063885344630179836
0.063885344630179836
0.063885344630179836
0.063885344630179836
0.063885344630179836
0.063885344630179836
0.063885344630179836
0.063885344630179836
0.063885344630179836
0.063885344630179836
0.063885344630179836
0.063885344630179836
0.063885344630179836
0.063885344630179836
0.063885344630179836
0.063885344630179836
0.063885344630179836
0.063885344630179836
0.063885344630179836
0.063885344630179836
0.063885344630179836
0.063885344630179836
0.063885344630179836
0.063885344630179836
0.063885344630179836
0.063885344630179836
0.063885344630179836
0.063885344630179836
0.063885344630179836
0.063885344630179836
0.063885344630179836
0.063885344630179836
0.063885344630179836
0.063885344630179836
0.063885344630179836
0.063885344630179836
0.063885344630179836
0.063885344630179836
0.063885344630179836
0.063885344630179836
0.063885344630179836
0.063885344630179836
0.063885344630179836
0.063885344630179836
0.063885344630179836
0.063885344630179836
0.063885344630179836
0.063885344630179836
0.063885344630179836
0.063885344630179836
0.063885344630179836
0.063885344630179836
0.063885344630179836
0.063885344630179836
0.063885344630179836
0.063885344630179836
0.063885344630179836
0.063885344630179836
0.063885344630179836
0.063885344630179836
0.063885344630179836
0.063885344630179836
0.063885344630179836
0.063885344630179836
0.063885344630179836
0.063885344630179836
0.063885344630179836
0.063885344630179836
0.063885344630179836
0.063885344630179836
0.063885344630179836
0.063885344630179836
0.063885344630179836
0.063885344630179836
0.063885344630179836
0.063885344630179836
0.063885344630179836
0.063885344630179836
0.063885344630179836
0.063885344630179836
0.063885344630179836
0.063885344630179836
0.063885344630179836
0.063885344630179836
0.063885344630179836
0.063885344630179836
0.063885344630179836
0.063885344630179836
0.063885344630179836
0.063885344630179836
0.063885344630179836
0.063885344630179836
0.063885344630179836
0.063885344630179836
0.063885344630179836
0.063885344630179836
0.063885344630179836
0.063885344630179836
0.063885344630179836
0.063885344630179836
0.063885344630179836
0.063885344630179836
0.063885344630179836
0.063885344630179836
0.063885344630179836
0.063885344630179836
0.063885344630179836
0.063885344630179836
0.063885344630179836
0.063885344630179836
0.063885344630179836
0.063885344630179836
0.063885344630179836
0.063885344630179836
0.063885344630179836
0.063885344630179836
0.063885344630179836
0.063885344630179836
0.063885344630179836
0.063885344630179836
0.063885344630179836
0.063885344630179836
0.063885344630179836
0.063885344630179836
0.063885344630179836
0.063885344630179836
0.063885344630179836
0.063885344630179836
0.063885344630179836
0.063885344630179836
0.063885344630179836
0.063885344630179836
0.063885344630179836
0.063885344630179836
0.063885344630179836
0.063885344630179836
0.063885344630179836
0.063885344630179836
0.063885344630179836
0.063885344630179836
0.063885344630179836
0.063885344630179836
0.063885344630179836
0.063885344630179836
0.063885344630179836
0.063885344630179836
0.063885344630179836
0.063885344630179836
0.063885344630179836
0.063885344630179836
0.063885344630179836
0.063885344630179836
0.063885344630179836
0.063885344630179836
0.063885344630179836
0.063885344630179836
0.063885344630179836
0.063885344630179836
0.063885344630179836
0.063885344630179836
0.063885344630179836
0.063885344630179836
0.063885344630179836
0.063885344630179836
0.063885344630179836
0.063885344630179836
0.063885344630179836
0.063885344630179836
0.063885344630179836
0.063885344630179836
0.063885344630179836
0.063885344630179836
0.063885344630179836
0.063885344630179836
0.063885344630179836
0.063885344630179836
0.063885344630179836
0.063885344630179836
0.063885344630179836
0.063885344630179836
0.063885344630179836
0.063885344630179836
0.063885344630179836
0.063885344630179836
0.063885344630179836
0.063885344630179836
0.063885344630179836
0.063885344630179836
0.063885344630179836
0.063885344630179836
0.063885344630179836
0.063885344630179836
0.063885344630179836
0.063885344630179836
0.063885344630179836
0.063885344630179836
0.063885344630179836
0.063885344630179836
0.063885344630179836
0.063885344630179836
0.063885344630179836
0.063885344630179836
0.063885344630179836
0.063885344630179836
0.063885344630179836
0.063885344630179836
0.063885344630179836
0.063885344630179836
0.063885344630179836
0.063885344630179836
0.063885344630179836
0.063885344630179836
0.063885344630179836
0.063885344630179836
0.063885344630179836
0.063885344630179836
0.063885344630179836
0.063885344630179836
0.063885344630179836
0.063885344630179836
0.063885344630179836
0.063885344630179836
0.063885344630179836
0.063885344630179836
0.063885344630179836
0.063885344630179836
0.063885344630179836
0.063885344630179836
0.063885344630179836
0.063885344630179836
0.063885344630179836
0.063885344630179836
0.063885344630179836
0.063885344630179836
0.063885344630179836
0.063885344630179836
0.063885344630179836
0.063885344630179836
0.063885344630179836
0.063885344630179836
0.063885344630179836
0.063885344630179836
0.063885344630179836
0.063885344630179836
0.063885344630179836
0.063885344630179836
0.063885344630179836
0.063885344630179836
0.063885344630179836
0.063885344630179836
0.063885344630179836
0.063885344630179836
0.063885344630179836
0.063885344630179836
0.063885344630179836
0.063885344630179836
0.063885344630179836
0.063885344630179836
0.063885344630179836
0.063885344630179836
0.063885344630179836
0.063885344630179836
0.063885344630179836
0.063885344630179836
0.063885344630179836
0.063885344630179836
0.063885344630179836
0.063885344630179836
0.063885344630179836
0.063885344630179836
0.063885344630179836
0.063885344630179836
0.063885344630179836
0.063885344630179836
0.063885344630179836
0.063885344630179836
0.063885344630179836
0.063885344630179836
0.063885344630179836
0.063885344630179836
0.063885344630179836
0.063885344630179836
0.063885344630179836
0.063885344630179836
0.063885344630179836
0.063885344630179836
0.063885344630179836
0.063885344630179836
0.063885344630179836
0.063885344630179836
0.063885344630179836
0.063885344630179836
0.063885344630179836
0.063885344630179836
0.063885344630179836
0.063885344630179836
0.063885344630179836
0.063885344630179836
0.063885344630179836
0.063885344630179836
0.063885344630179836
0.063885344630179836
0.063885344630179836
0.063885344630179836
0.063885344630179836
0.063885344630179836
0.063885344630179836
0.063885344630179836
0.063885344630179836
0.063885344630179836
0.063885344630179836
0.063885344630179836
0.063885344630179836
0.063885344630179836
0.063885344630179836
0.063885344630179836
0.063885344630179836
0.063885344630179836
0.063885344630179836
0.063885344630179836
0.063885344630179836
0.063885344630179836
0.063885344630179836
0.063885344630179836
0.063885344630179836
0.063885344630179836
0.063885344630179836
0.063885344630179836
0.063885344630179836
0.063885344630179836
0.063885344630179836
0.063885344630179836
0.063885344630179836
0.063885344630179836
0.063885344630179836
0.063885344630179836
0.063885344630179836
0.063885344630179836
0.063885344630179836
0.063885344630179836
0.063885344630179836
0.063885344630179836
0.063885344630179836
0.063885344630179836
0.063885344630179836
0.063885344630179836
0.063885344630179836
0.063885344630179836
0.063885344630179836
0.063885344630179836
0.063885344630179836
0.063885344630179836
0.063885344630179836
0.063885344630179836
0.063885344630179836
0.063885344630179836
0.063885344630179836
0.063885344630179836
0.063885344630179836
0.063885344630179836
0.063885344630179836
0.063885344630179836
0.063885344630179836
0.063885344630179836
0.063885344630179836
0.063885344630179836
0.063885344630179836
0.063885344630179836
0.063885344630179836
0.063885344630179836
0.063885344630179836
0.063885344630179836
0.063885344630179836
0.063885344630179836
0.063885344630179836
0.063885344630179836
0.063885344630179836
0.063885344630179836
0.063885344630179836
0.063885344630179836
0.063885344630179836
0.063885344630179836
0.063885344630179836
0.063885344630179836
0.063885344630179836
0.063885344630179836
0.063885344630179836
0.063885344630179836
0.063885344630179836
0.063885344630179836
0.063885344630179836
0.063885344630179836
0.063885344630179836
0.063885344630179836
0.063885344630179836
0.063885344630179836
0.063885344630179836
0.063885344630179836
0.063885344630179836
0.063885344630179836
0.063885344630179836
0.063885344630179836
0.063885344630179836
0.063885344630179836
0.063885344630179836
0.063885344630179836
0.063885344630179836
0.063885344630179836
0.063885344630179836
0.063885344630179836
0.063885344630179836
0.063885344630179836
0.063885344630179836
0.063885344630179836
0.063885344630179836
0.063885344630179836
0.063885344630179836
0.063885344630179836
0.063885344630179836
0.063885344630179836
0.063885344630179836
0.063885344630179836
0.063885344630179836
0.063885344630179836
0.063885344630179836
0.063885344630179836
0.063885344630179836
0.063885344630179836
0.063885344630179836
0.063885344630179836
0.063885344630179836
0.063885344630179836
0.063885344630179836
0.063885344630179836
0.063885344630179836
0.063885344630179836
0.063885344630179836
0.063885344630179836
0.063885344630179836
0.063885344630179836
0.063885344630179836
0.063885344630179836
0.063885344630179836
0.063885344630179836
0.063885344630179836
0.063885344630179836
0.063885344630179836
0.063885344630179836
0.063885344630179836
0.063885344630179836
0.063885344630179836
0.063885344630179836
0.063885344630179836
0.063885344630179836
0.063885344630179836
0.063885344630179836
0.063885344630179836
0.063885344630179836
0.063885344630179836
0.063885344630179836
0.063885344630179836
0.063885344630179836
0.063885344630179836
0.063885344630179836
0.063885344630179836
0.063885344630179836
0.063885344630179836
0.063885344630179836
0.063885344630179836
0.063885344630179836
0.063885344630179836
0.063885344630179836
0.063885344630179836
0.063885344630179836
0.063885344630179836
0.063885344630179836
0.063885344630179836
0.063885344630179836
0.063885344630179836
0.063885344630179836
0.063885344630179836
0.063885344630179836
0.063885344630179836
0.063885344630179836
0.063885344630179836
0.063885344630179836
0.063885344630179836
0.063885344630179836
0.063885344630179836
0.063885344630179836
0.063885344630179836
0.063885344630179836
0.063885344630179836
0.063885344630179836
0.063885344630179836
0.063885344630179836
0.063885344630179836
0.063885344630179836
0.063885344630179836
0.063885344630179836
0.063885344630179836
0.063885344630179836
0.063885344630179836
0.063885344630179836
0.063885344630179836
0.063885344630179836
0.063885344630179836
0.063885344630179836
0.063885344630179836
0.063885344630179836
0.063885344630179836
0.063885344630179836
0.063885344630179836
0.063885344630179836
0.063885344630179836
0.063885344630179836
0.063885344630179836
0.063885344630179836
0.063885344630179836
0.063885344630179836
0.063885344630179836
0.063885344630179836
0.063885344630179836
0.063885344630179836
0.063885344630179836
0.063885344630179836
0.063885344630179836
0.063885344630179836
0.063885344630179836
0.063885344630179836
0.063885344630179836
0.063885344630179836
0.063885344630179836
0.063885344630179836
0.063885344630179836
0.063885344630179836
0.063885344630179836
0.063885344630179836
0.063885344630179836
0.063885344630179836
0.063885344630179836
0.063885344630179836
0.063885344630179836
0.063885344630179836
0.063885344630179836
0.063885344630179836
0.063885344630179836
0.063885344630179836
0.063885344630179836
0.063885344630179836
0.063885344630179836
0.063885344630179836
0.063885344630179836
0.063885344630179836
0.063885344630179836
0.063885344630179836
0.063885344630179836
0.063885344630179836
0.063885344630179836
0.063885344630179836
0.063885344630179836
0.063885344630179836
0.063885344630179836
0.063885344630179836
0.063885344630179836
0.063885344630179836
0.063885344630179836
0.063885344630179836
0.063885344630179836
0.063885344630179836
0.063885344630179836
0.063885344630179836
0.063885344630179836
0.063885344630179836
0.063885344630179836
0.063885344630179836
0.063885344630179836
0.063885344630179836
0.063885344630179836
0.063885344630179836
0.063885344630179836
0.063885344630179836
0.063885344630179836
0.063885344630179836
0.063885344630179836
0.063885344630179836
0.063885344630179836
0.063885344630179836
0.063885344630179836
0.063885344630179836
0.063885344630179836
0.063885344630179836
0.063885344630179836
0.063885344630179836
0.063885344630179836
0.063885344630179836
0.063885344630179836
0.063885344630179836
0.063885344630179836
0.063885344630179836
0.063885344630179836
0.063885344630179836
0.063885344630179836
0.063885344630179836
0.063885344630179836
0.063885344630179836
0.063885344630179836
0.063885344630179836
0.063885344630179836
0.063885344630179836
0.063885344630179836
0.063885344630179836
0.063885344630179836
0.063885344630179836
0.063885344630179836
0.063885344630179836
0.063885344630179836
0.063885344630179836
0.063885344630179836
0.063885344630179836
0.063885344630179836
0.063885344630179836
0.063885344630179836
0.063885344630179836
0.063885344630179836
0.063885344630179836
0.063885344630179836
0.063885344630179836
0.063885344630179836
0.063885344630179836
0.063885344630179836
0.063885344630179836
0.063885344630179836
0.063885344630179836
0.063885344630179836
0.063885344630179836
0.063885344630179836
0.063885344630179836
0.063885344630179836
0.063885344630179836
0.063885344630179836
0.063885344630179836
0.063885344630179836
0.063885344630179836
0.063885344630179836
0.063885344630179836
0.063885344630179836
0.063885344630179836
0.063885344630179836
0.063885344630179836
0.063885344630179836
0.063885344630179836
0.063885344630179836
0.063885344630179836
0.063885344630179836
0.063885344630179836
0.063885344630179836
0.063885344630179836
0.063885344630179836
0.063885344630179836
0.063885344630179836
0.063885344630179836
0.063885344630179836
0.063885344630179836
0.063885344630179836
0.063885344630179836
0.063885344630179836
0.063885344630179836
0.063885344630179836
0.063885344630179836
0.063885344630179836
0.063885344630179836
0.063885344630179836
0.063885344630179836
0.063885344630179836
0.063885344630179836
0.063885344630179836
0.063885344630179836
0.063885344630179836
0.063885344630179836
0.063885344630179836
0.063885344630179836
0.063885344630179836
0.063885344630179836
0.063885344630179836
0.063885344630179836
0.063885344630179836
0.063885344630179836
0.063885344630179836
0.063885344630179836
0.063885344630179836
0.063885344630179836
0.063885344630179836
0.063885344630179836
0.063885344630179836
0.063885344630179836
0.063885344630179836
0.063885344630179836
0.063885344630179836
0.063885344630179836
0.063885344630179836
0.063885344630179836
0.063885344630179836
0.063885344630179836
0.063885344630179836
0.063885344630179836
0.063885344630179836
0.063885344630179836
0.063885344630179836
0.063885344630179836
0.063885344630179836
0.063885344630179836
0.063885344630179836
0.063885344630179836
0.063885344630179836
0.063885344630179836
0.063885344630179836
0.063885344630179836
0.063885344630179836
0.063885344630179836
0.063885344630179836
0.063885344630179836
0.063885344630179836
0.063885344630179836
0.063885344630179836
0.063885344630179836
0.063885344630179836
0.063885344630179836
0.063885344630179836
0.063885344630179836
0.063885344630179836
0.063885344630179836
0.063885344630179836
0.063885344630179836
0.063885344630179836
0.063885344630179836
0.063885344630179836
0.063885344630179836
0.063885344630179836
0.063885344630179836
0.063885344630179836
0.063885344630179836
0.063885344630179836
0.063885344630179836
0.063885344630179836
0.063885344630179836
0.063885344630179836
0.063885344630179836
0.063885344630179836
0.063885344630179836
0.063885344630179836
0.063885344630179836
0.063885344630179836
0.063885344630179836
0.063885344630179836
0.063885344630179836
0.063885344630179836
0.063885344630179836
0.063885344630179836
0.063885344630179836
0.063885344630179836
0.063885344630179836
0.063885344630179836
0.063885344630179836
0.063885344630179836
0.063885344630179836
0.063885344630179836
0.063885344630179836
0.063885344630179836
0.063885344630179836
0.063885344630179836
0.063885344630179836
0.063885344630179836
0.063885344630179836
0.063885344630179836
0.063885344630179836
0.063885344630179836
0.063885344630179836
0.063885344630179836
0.063885344630179836
0.063885344630179836
0.063885344630179836
0.063885344630179836
0.063885344630179836
0.063885344630179836
0.063885344630179836
0.063885344630179836
0.063885344630179836
0.063885344630179836
0.063885344630179836
0.063885344630179836
0.063885344630179836
0.063885344630179836
0.063885344630179836
0.063885344630179836
0.063885344630179836
0.063885344630179836
0.063885344630179836
0.063885344630179836
0.063885344630179836
0.063885344630179836
0.063885344630179836
0.063885344630179836
0.063885344630179836
0.063885344630179836
0.063885344630179836
0.063885344630179836
0.063885344630179836
0.063885344630179836
0.063885344630179836
0.063885344630179836
0.063885344630179836
0.063885344630179836
0.063885344630179836
0.063885344630179836
0.063885344630179836
0.063885344630179836
0.063885344630179836
0.063885344630179836
0.063885344630179836
0.063885344630179836
0.063885344630179836
0.063885344630179836
0.063885344630179836
0.063885344630179836
0.063885344630179836
0.063885344630179836
0.063885344630179836
0.063885344630179836
0.063885344630179836
0.063885344630179836
0.063885344630179836
0.063885344630179836
0.063885344630179836
0.063885344630179836
0.063885344630179836
0.063885344630179836
0.063885344630179836
0.063885344630179836
0.063885344630179836
0.063885344630179836
0.063885344630179836
0.063885344630179836
0.063885344630179836
0.063885344630179836
0.063885344630179836
0.063885344630179836
0.063885344630179836
0.063885344630179836
0.063885344630179836
0.063885344630179836
0.063885344630179836
0.063885344630179836
0.063885344630179836
0.063885344630179836
0.063885344630179836
0.063885344630179836
0.063885344630179836
0.063885344630179836
0.063885344630179836
0.063885344630179836
0.063885344630179836
0.063885344630179836
0.063885344630179836
0.063885344630179836
0.063885344630179836
0.063885344630179836
0.063885344630179836
0.063885344630179836
0.063885344630179836
0.063885344630179836
0.063885344630179836
0.063885344630179836
0.063885344630179836
0.063885344630179836
0.063885344630179836
0.063885344630179836
0.063885344630179836
0.063885344630179836
0.063885344630179836
0.063885344630179836
0.063885344630179836
0.063885344630179836
0.063885344630179836
0.063885344630179836
0.063885344630179836
0.063885344630179836
0.063885344630179836
0.063885344630179836
0.063885344630179836
0.063885344630179836
0.063885344630179836
0.063885344630179836
0.063885344630179836
0.063885344630179836
0.063885344630179836
0.063885344630179836
0.063885344630179836
0.063885344630179836
0.063885344630179836
0.063885344630179836
0.063885344630179836
0.063885344630179836
0.063885344630179836
0.063885344630179836
0.063885344630179836
0.063885344630179836
0.063885344630179836
0.063885344630179836
0.063885344630179836
0.063885344630179836
0.063885344630179836
0.063885344630179836
0.063885344630179836
0.063885344630179836
0.063885344630179836
0.063885344630179836
0.063885344630179836
0.063885344630179836
0.063885344630179836
0.063885344630179836
0.063885344630179836
0.063885344630179836
0.063885344630179836
0.063885344630179836
0.063885344630179836
0.063885344630179836
0.063885344630179836
0.063885344630179836
0.063885344630179836
0.063885344630179836
0.063885344630179836
0.063885344630179836
0.063885344630179836
0.063885344630179836
0.063885344630179836
0.063885344630179836
0.063885344630179836
0.063885344630179836
0.063885344630179836
0.063885344630179836
0.063885344630179836
0.063885344630179836
0.063885344630179836
0.063885344630179836
0.063885344630179836
0.063885344630179836
0.063885344630179836
0.063885344630179836
0.063885344630179836
0.063885344630179836
0.063885344630179836
0.063885344630179836
0.063885344630179836
0.063885344630179836
0.063885344630179836
0.063885344630179836
0.063885344630179836
0.063885344630179836
0.063885344630179836
0.063885344630179836
0.063885344630179836
0.063885344630179836
0.063885344630179836
0.063885344630179836
0.063885344630179836
0.063885344630179836
0.063885344630179836
0.063885344630179836
0.063885344630179836
0.063885344630179836
0.063885344630179836
0.063885344630179836
0.063885344630179836
0.063885344630179836
0.063885344630179836
0.063885344630179836
0.063885344630179836
0.063885344630179836
0.063885344630179836
0.063885344630179836
0.063885344630179836
0.063885344630179836
0.063885344630179836
0.063885344630179836
0.063885344630179836
0.063885344630179836
0.063885344630179836
0.063885344630179836
0.063885344630179836
0.063885344630179836
0.063885344630179836
0.063885344630179836
0.063885344630179836
0.063885344630179836
0.063885344630179836
0.063885344630179836
0.063885344630179836
0.063885344630179836
0.063885344630179836
0.063885344630179836
0.063885344630179836
0.063885344630179836
0.063885344630179836
0.063885344630179836
0.063885344630179836
0.063885344630179836
0.063885344630179836
0.063885344630179836
0.063885344630179836
0.063885344630179836
0.063885344630179836
0.063885344630179836
0.063885344630179836
0.063885344630179836
0.063885344630179836
0.063885344630179836
0.063885344630179836
0.063885344630179836
0.063885344630179836
0.063885344630179836
0.063885344630179836
0.063885344630179836
0.063885344630179836
0.063885344630179836
0.063885344630179836
0.063885344630179836
0.063885344630179836
0.063885344630179836
0.063885344630179836
0.063885344630179836
0.063885344630179836
0.063885344630179836
0.063885344630179836
0.063885344630179836
0.063885344630179836
0.063885344630179836
0.063885344630179836
0.063885344630179836
0.063885344630179836
0.063885344630179836
0.063885344630179836
0.063885344630179836
0.063885344630179836
0.063885344630179836
0.063885344630179836
0.063885344630179836
0.063885344630179836
0.063885344630179836
0.063885344630179836
0.063885344630179836
0.063885344630179836
0.063885344630179836
0.063885344630179836
0.063885344630179836
0.063885344630179836
0.063885344630179836
0.063885344630179836
0.063885344630179836
0.063885344630179836
0.063885344630179836
0.063885344630179836
0.063885344630179836
0.063885344630179836
0.063885344630179836
0.063885344630179836
0.063885344630179836
0.063885344630179836
0.063885344630179836
0.063885344630179836
0.063885344630179836
0.063885344630179836
0.063885344630179836
0.063885344630179836
0.063885344630179836
0.063885344630179836
0.063885344630179836
0.063885344630179836
0.063885344630179836
0.063885344630179836
0.063885344630179836
0.063885344630179836
0.063885344630179836
0.063885344630179836
0.063885344630179836
0.063885344630179836
0.063885344630179836
0.063885344630179836
0.063885344630179836
0.063885344630179836
0.063885344630179836
0.063885344630179836
0.063885344630179836
0.063885344630179836
0.063885344630179836
0.063885344630179836
0.063885344630179836
0.063885344630179836
0.063885344630179836
0.063885344630179836
0.063885344630179836
0.063885344630179836
0.063885344630179836
0.063885344630179836
0.063885344630179836
0.063885344630179836
0.063885344630179836
0.063885344630179836
0.063885344630179836
0.063885344630179836
0.063885344630179836
0.063885344630179836
0.063885344630179836
0.063885344630179836
0.063885344630179836
0.063885344630179836
0.063885344630179836
0.063885344630179836
0.063885344630179836
0.063885344630179836
0.063885344630179836
0.063885344630179836
0.063885344630179836
0.063885344630179836
0.063885344630179836
0.063885344630179836
0.063885344630179836
0.063885344630179836
0.063885344630179836
0.063885344630179836
0.063885344630179836
0.063885344630179836
0.063885344630179836
0.063885344630179836
0.063885344630179836
0.063885344630179836
0.063885344630179836
0.063885344630179836
0.063885344630179836
0.063885344630179836
0.063885344630179836
0.063885344630179836
0.063885344630179836
0.063885344630179836
0.063885344630179836
0.063885344630179836
0.063885344630179836
0.063885344630179836
0.063885344630179836
0.063885344630179836
0.063885344630179836
0.063885344630179836
0.063885344630179836
0.063885344630179836
0.063885344630179836
0.063885344630179836
0.063885344630179836
0.063885344630179836
0.063885344630179836
0.063885344630179836
0.063885344630179836
0.063885344630179836
0.063885344630179836
0.063885344630179836
0.063885344630179836
0.063885344630179836
0.063885344630179836
0.063885344630179836
0.063885344630179836
0.063885344630179836
0.063885344630179836
0.063885344630179836
0.063885344630179836
0.063885344630179836
0.063885344630179836
0.063885344630179836
0.063885344630179836
0.063885344630179836
0.063885344630179836
0.063885344630179836
0.063885344630179836
0.063885344630179836
0.063885344630179836
0.063885344630179836
0.063885344630179836
0.063885344630179836
0.063885344630179836
0.063885344630179836
0.063885344630179836
0.063885344630179836
0.063885344630179836
0.063885344630179836
0.063885344630179836
0.063885344630179836
0.063885344630179836
0.063885344630179836
0.063885344630179836
0.063885344630179836
0.063885344630179836
0.063885344630179836
0.063885344630179836
0.063885344630179836
0.063885344630179836
0.063885344630179836
0.063885344630179836
0.063885344630179836
0.063885344630179836
0.063885344630179836
0.063885344630179836
0.063885344630179836
0.063885344630179836
0.063885344630179836
0.063885344630179836
0.063885344630179836
0.063885344630179836
0.063885344630179836
0.063885344630179836
0.063885344630179836
0.063885344630179836
0.063885344630179836
0.063885344630179836
0.063885344630179836
0.063885344630179836
0.063885344630179836
0.063885344630179836
0.063885344630179836
0.063885344630179836
0.063885344630179836
0.063885344630179836
0.063885344630179836
0.063885344630179836
0.063885344630179836
0.063885344630179836
0.063885344630179836
0.063885344630179836
0.063885344630179836
0.063885344630179836
0.063885344630179836
0.063885344630179836
0.063885344630179836
0.063885344630179836
0.063885344630179836
0.063885344630179836
0.063885344630179836
0.063885344630179836
0.063885344630179836
0.063885344630179836
0.063885344630179836
0.063885344630179836
0.063885344630179836
0.063885344630179836
0.063885344630179836
0.063885344630179836
0.063885344630179836
0.063885344630179836
0.063885344630179836
0.063885344630179836
0.063885344630179836
0.063885344630179836
0.063885344630179836
0.063885344630179836
0.063885344630179836
0.063885344630179836
0.063885344630179836
0.063885344630179836
0.063885344630179836
0.063885344630179836
0.063885344630179836
0.063885344630179836
0.063885344630179836
0.063885344630179836
0.063885344630179836
0.063885344630179836
0.063885344630179836
0.063885344630179836
0.063885344630179836
0.063885344630179836
0.063885344630179836
0.063885344630179836
0.063885344630179836
0.063885344630179836
0.063885344630179836
0.063885344630179836
0.063885344630179836
0.063885344630179836
0.063885344630179836
0.063885344630179836
0.063885344630179836
0.063885344630179836
0.063885344630179836
0.063885344630179836
0.063885344630179836
0.063885344630179836
0.063885344630179836
0.063885344630179836
0.063885344630179836
0.063885344630179836
0.063885344630179836
0.063885344630179836
0.063885344630179836
VECTORS v float
0 -1.5412886469721125 0
0 -1.4861202711192441 0
0 -1.4224888116077201 0
0 -1.3678597075582144 0
0 -1.5262479888827802 0
0 -1.465161142844051 0
0 -1.4033391714338272 0
0 -1.3536659865495939 0
0 -1.5406367428118339 0
0 -1.483056592703859 0
0 -1.5699768992918897 0
0 -1.5347646744681036 0
0 -1.429962275159028 0
0 -1.3890318916051048 0
0 -1.4933688910648655 0
0 -1.4614526713646685 0
0 -1.5897503148438024 0
0 -1.5864504762490994 0
0 -1.6122072659388236 0
0 -1.5601830623473687 0
0 -1.537779180027379 0
0 -1.6052704578269736 0
0 -1.5939069860620778 0
0 -1.3627664950571305 0
0 -1.4017121293292394 0
0 -1.4087787120021991 0
0 -1.4091628507420002 0
0 -1.3361874771217441 0
0 -1.3252164795706447 0
0 -1.3503127785831024 0
0 -1.3912045163281328 0
0 -1.397006402926849 0
0 -1.3942729529504663 0
0 -1.3658383325570667 0
0 -1.391436586756295 0
0 -1.4312498977562256 0
0 -1.4492464771165319 0
0 -1.4707003846847566 0
0 -1.5013938674951077 0
0 -1.4356851492647604 0
0 -1.4329084816803475 0
0 -1.5089436509171985 0
0 -1.5067258060115294 0
0 -1.5321513515055607 0
0 -1.5377032610118184 0
0 -1.551610865921611 0
0 -1.5738307764000494 0
0 -1.569321591750634 0
0 -1.5722137505747569 0
0 -1.6018593418027016 0
0 -1.6142453706945736 0
0 -1.5943517247689509 0
0 -1.577998565599434 0
0 -1.6143225637407663 0
0 -1.6315630305019202 0
0 -1.6290477179156917 0
0 -1.5510073714936232 0
0 -1.6092320023931188 0
0 -1.5549964607485365 0
0 -1.6127116321528738 0
0 -1.6415762321473877 0
0 -1.6449253542957962 0
0 -1.6414064163446411 0
0 -1.6462036865550691 0
0 -1.5773193616498933 0
0 -1.6264853399304195 0
0 -1.6401427508809276 0
0 -1.6481064033751183 0
0 -1.5977857519653067 0
0 -1.6379875905211603 0
0 -1.6168572900442628 0
0 -1.6426396365628249 0
0 -1.6389425967704838 0
0 -1.6499855729919903 0
0 -1.6332616703924365 0
0 -1.640244634397638 0
0 -1.5835175658543241 0
0 -1.566592016788388 0
0 -1.6075238618244865 0
0 -1.5839289441723388 0
0 -1.603316299083656 0
0 -1.6369796473741869 0
0 -1.6529693850829308 0
0 -1.620830743775824 0
0 -1.6089336040008722 0
0 -1.6458200801267175 0
0 -1.6302571658996488 0
0 -1.6308390938432418 0
0 -1.6740379923667339 0
0 -1.6800259035135932 0
0 -1.6873207972839692 0
0 -1.7045482332902653 0
0 -1.6934239079899824 0
0 -1.6391649214958006 0
0 -1.6349072305666139 0
0 -1.6690132943180256 0
0 -1.7032599417738727 0
0 -1.6787785162643227 0
0 -1.6476032370928821 0
0 -1.6311771569119993 0
0 -1.6516567474371093 0
0 -1.6418846772558637 0
0 -1.6302365454808803 0
0 -1.646547220071447 0
0 -1.6908176413588571 0
0 -1.6735061167104701 0
0 -1.6860838633424047 0
0 -1.6960206170628491 0
0 -1.4698811346123222 0
0 -1.4023016291954271 0
0 -1.3471745691926633 0
0 -1.445375438229247 0
0 -1.3797357630792604 0
0 -1.310201078735123 0
0 -1.3325363758872557 0
0 -1.3023266081974738 0
0 -1.3821784033310447 0
0 -1.3334238264388383 0
0 -1.3630709132616456 0
0 -1.3204932585561044 0
0 -1.2938594584562058 0
0 -1.2673789497537433 0
0 -1.2874597808028456 0
0 -1.2660105215598303 0
0 -1.4626528681941062 0
0 -1.4014275944524923 0
0 -1.5087862319732643 0
0 -1.4732508915496378 0
0 -1.3633928702077081 0
0 -1.3406392000058118 0
0 -1.447627745032505 0
0 -1.4322063140365191 0
0 -1.5526976547015057 0
0 -1.5692412562253717 0
0 -1.6402314562106952 0
0 -1.5647921567491432 0
0 -1.5587318748472783 0
0 -1.6608672442526962 0
0 -1.666208069216975 0
0 -1.3917392587982607 0
0 -1.3522023827722789 0
0 -1.4598948323078131 0
0 -1.4381268049053739 0
0 -1.3252975670347185 0
0 -1.3097065895340916 0
0 -1.4203495969350415 0
0 -1.4106152569779571 0
0 -1.5276530444415943 0
0 -1.5557077565970228 0
0 -1.6528993383071662 0
0 -1.559948839275364 0
0 -1.5597490549820776 0
0 -1.686062913732093 0
0 -1.6998902037872443 0
0 -1.3795627075443186 0
0 -1.346917658793243 0
0 -1.3643234529267245 0
0 -1.335614656457611 0
0 -1.3013095994563932 0
0 -1.2520535139447959 0
0 -1.2959145723993626 0
0 -1.2534120952304784 0
0 -1.419756224264515 0
0 -1.392191189091593 0
0 -1.4142762196629208 0
0 -1.3847925276882906 0
0 -1.3433551113431879 0
0 -1.3573522119949042 0
0 -1.3804161372356112 0
0 -1.4057759206021021 0
0 -1.3729537144342214 0
0 -1.4006586845729192 0
0 -1.2695842367901671 0
0 -1.335040709013998 0
0 -1.2691772295715196 0
0 -1.3482814723489347 0
0 -1.2907556052293401 0
0 -1.2876940304697906 0
0 -1.3981609379620343 0
0 -1.3703051100536778 0
0 -1.4750236000762433 0
0 -1.4570021528154613 0
0 -1.3364628683993951 0
0 -1.2999157487398034 0
0 -1.4328049281767854 0
0 -1.4047088826142202 0
0 -1.5467498590261135 0
0 -1.5752624931138601 0
0 -1.5853231962704737 0
0 -1.6704483522553595 0
0 -1.5746314041356511 0
0 -1.5621158657595813 0
0 -1.7059013308980138 0
0 -1.7177858181186583 0
0 -1.4408060234352147 0
0 -1.4154529785176009 0
0 -1.5153319388011379 0
0 -1.4978116700371464 0
0 -1.4374229270811274 0
0 -1.4089851104717137 0
0 -1.5130099454388826 0
0 -1.4938240945606343 0
0 -1.3751510067646662 0
0 -1.3156661020823779 0
0 -1.4685665533089722 0
0 -1.420123367888245 0
0 -1.3900009699104143 0
0 -1.3351149649348695 0
0 -1.482901054372336 0
0 -1.4387367534352447 0
0 -1.5779865814974812 0
0 -1.604014962124948 0
0 -1.6003728553441545 0
0 -1.6871107198930098 0
0 -1.5764499614132406 0
0 -1.6026067949075715 0
0 -1.6031723843526517 0
0 -1.6898777865050159 0
0 -1.601682593388136 0
0 -1.5767467668717692 0
0 -1.7238608265021591 0
0 -1.7325720540732978 0
0 -1.612927471664489 0
0 -1.5919775136728136 0
0 -1.7316537108161221 0
0 -1.7432592755408385 0
0 -1.3279558680627899 0
0 -1.334493615477423 0
0 -1.2815543767905495 0
0 -1.2933054369404662 0
0 -1.2772900699381415 0
0 -1.2875516324833085 0
0 -1.3195067494313868 0
0 -1.3149662479948834 0
0 -1.3256555417061731 0
0 -1.3046737377905613 0
0 -1.247589649398706 0
0 -1.2476363869653371 0
0 -1.2691386542416789 0
0 -1.2493633228044079 0
0 -1.2498227770776946 0
0 -1.2693543934938265 0
0 -1.2748661370583132 0
0 -1.2491023414213844 0
0 -1.2749176186418223 0
0 -1.2492532776179182 0
0 -1.3188627772260912 0
0 -1.3294982647591329 0
0 -1.3601105682664634 0
0 -1.416711284286964 0
0 -1.4270371977088567 0
0 -1.4537298944445514 0
0 -1.3662181364998307 0
0 -1.3475750086495888 0
0 -1.4605394056058751 0
0 -1.4507157373230326 0
0 -1.5516499469366605 0
0 -1.5591749329540856 0
0 -1.5765650093949681 0
0 -1.6659006989241343 0
0 -1.6678113039147575 0
0 -1.67712987564958 0
0 -1.5858168756792936 0
0 -1.5894501988961109 0
0 -1.6898199665103626 0
0 -1.7015748694446196 0
0 -1.2965033034995097 0
0 -1.2969877886806258 0
0 -1.3158694042788848 0
0 -1.401138821908368 0
0 -1.4029093473604572 0
0 -1.4201876421061657 0
0 -1.3221598921208004 0
0 -1.2993443942383314 0
0 -1.4277140977349054 0
0 -1.4149349848928823 0
0 -1.5564756887539373 0
0 -1.5592089462650651 0
0 -1.5731749866309608 0
0 -1.7048425698806373 0
0 -1.7094867669485223 0
0 -1.7193253679664711 0
0 -1.5826424551511531 0
0 -1.5859253705481589 0
0 -1.7292922823744179 0
0 -1.7406866605077369 0
0 -1.2313277170957158 0
0 -1.2410065676856956 0
0 -1.2654828759418446 0
0 -1.2362403876967141 0
0 -1.2457743369234529 0
0 -1.2691246959238431 0
0 -1.2730466989887197 0
0 -1.2472730873452782 0
0 -1.2762071614206489 0
0 -1.2499700841860317 0
0 -1.2859967555310314 0
0 -1.2291435615378823 0
0 -1.2412781479214239 0
0 -1.2719785764978382 0
0 -1.2348742881154535 0
0 -1.2466900008827726 0
0 -1.2748436922324373 0
0 -1.2214595312867886 0
0 -1.2069829455793155 0
0 -1.2290769238381631 0
0 -1.2275679577692793 0
0 -1.2156957413707781 0
0 -1.236590599194342 0
0 -1.2510271161649722 0
0 -1.2877697689955021 0
0 -1.2532933941168876 0
0 -1.2439906858536056 0
0 -1.2091976708717476 0
0 -1.2501294118644986 0
0 -1.2168356835898708 0
0 -1.2862186535044664 0
0 -1.2965227249447897 0
0 -1.3204742445195288 0
0 -1.3949794651219012 0
0 -1.4055478801719974 0
0 -1.4273328025498266 0
0 -1.3274120723338283 0
0 -1.3032547001084607 0
0 -1.4366766321748417 0
0 -1.4222747192673901 0
0 -1.5594995754974388 0
0 -1.5690905490000362 0
0 -1.5857966301513373 0
0 -1.7252757083161241 0
0 -1.7340942049694232 0
0 -1.7450239271566335 0
0 -1.5972910602141439 0
0 -1.600012564701657 0
0 -1.7552999547637795 0
0 -1.7664452754170812 0
0 -1.2859690767456262 0
0 -1.2996524947020609 0
0 -1.3279101878909316 0
0 -1.3966060337228245 0
0 -1.4104959484443467 0
0 -1.4373603958641994 0
0 -1.2803874667481479 0
0 -1.2711808599970367 0
0 -1.2923383180222037 0
0 -1.3923747387193939 0
0 -1.385526017590301 0
0 -1.4064346953009641 0
0 -1.3420234845649963 0
0 -1.3088152043719017 0
0 -1.4524445685609422 0
0 -1.429261299566942 0
0 -1.3064215284334306 0
0 -1.2750091166868249 0
0 -1.4218279228374222 0
0 -1.4002122537407664 0
0 -1.56432349313178 0
0 -1.5768000896168453 0
0 -1.5983528017893556 0
0 -1.7367944790151579 0
0 -1.7475258073881246 0
0 -1.7608038548063549 0
0 -1.5631974313159693 0
0 -1.5610936052516231 0
0 -1.5777933337388723 0
0 -1.740935558973449 0
0 -1.7460203972673856 0
0 -1.7568032481662048 0
0 -1.613633547883216 0
0 -1.6100150211632698 0
0 -1.7726367198313804 0
0 -1.7809338439268825 0
0 -1.593932501022735 0
0 -1.5915026541430222 0
0 -1.7694872515208238 0
0 -1.7791137418206353 0
0 -1.583133335525212 0
0 -1.5908650835625848 0
0 -1.6676879680882291 0
0 -1.7056479921350254 0
0 -1.7200780461378553 0
0 -1.5766718680469802 0
0 -1.6727036576249905 0
0 -1.6749325758881255 0
0 -1.7209558117289292 0
0 -1.7408189460618271 0
0 -1.7259635356362233 0
0 -1.7480754966417185 0
0 -1.5735876424160375 0
0 -1.5947714484761986 0
0 -1.6970878422871523 0
0 -1.7488874643630057 0
0 -1.7738343393094427 0
0 -1.5982067925867649 0
0 -1.7110743889753657 0
0 -1.7163443485566867 0
0 -1.7705981895341831 0
0 -1.8009035959067401 0
0 -1.7779134139495296 0
0 -1.810432960597941 0
0 -1.5755276581370656 0
0 -1.5764759883222144 0
0 -1.6782306054016134 0
0 -1.7276520236659381 0
0 -1.7508234983518143 0
0 -1.5752286394814254 0
0 -1.6800678228926298 0
0 -1.5884370402069383 0
0 -1.6822251058319393 0
0 -1.7271864599189031 0
0 -1.7508583707992229 0
0 -1.7244094379324295 0
0 -1.7464164302864891 0
0 -1.6081205874641289 0
0 -1.717316345592627 0
0 -1.6040356577133195 0
0 -1.7798202055155328 0
0 -1.8136050318838519 0
0 -1.5852407715479384 0
0 -1.7138367952770002 0
0 -1.5859307057249687 0
0 -1.7127501556310971 0
0 -1.7795167923696231 0
0 -1.8139438593273514 0
0 -1.7781536215857108 0
0 -1.8121151903912018 0
0 -1.7174048547304226 0
0 -1.6074085724902409 0
0 -1.7752825219649899 0
0 -1.804696812246017 0
0 -1.8367875505186408 0
0 -1.6288477475476859 0
0 -1.7378346164594358 0
0 -1.6523332726140818 0
0 -1.7473412322025359 0
0 -1.8012797783079331 0
0 -1.8104328370082148 0
0 -1.8478037609128097 0
0 -1.7307067274914143 0
0 -1.6173530010796988 0
0 -1.7369552906330226 0
0 -1.6280793257407933 0
0 -1.791390135848099 0
0 -1.8224732754574782 0
0 -1.856750338033327 0
0 -1.79867988775268 0
0 -1.831312444221106 0
0 -1.8663682057707571 0
0 -1.6477816207316183 0
0 -1.7537708883702827 0
0 -1.6751399945529204 0
0 -1.7651760832618852 0
0 -1.6612706408819566 0
0 -1.760934900027906 0
0 -1.6758069948805818 0
0 -1.7704002059718547 0
0 -1.8188385683793891 0
0 -1.828937756653215 0
0 -1.8686909563793244 0
0 -1.8266407374855698 0
0 -1.8368214774390323 0
0 -1.8788312713586164 0
0 -1.7482067127753622 0
0 -1.6486981061873098 0
0 -1.8125600048192314 0
0 -1.8513392222540324 0
0 -1.8521644783047806 0
0 -1.6187613857470211 0
0 -1.7422384347079543 0
0 -1.6105082663470807 0
0 -1.738846616287995 0
0 -1.8121251128967752 0
0 -1.8113329685256225 0
0 -1.851761282667078 0
0 -1.7662845975219932 0
0 -1.6713432973022755 0
0 -1.770524016676331 0
0 -1.6667057748133691 0
0 -1.831507514093317 0
0 -1.8726673210821987 0
0 -1.8316039634334402 0
0 -1.8739970256541381 0
0 -1.8398327059222543 0
0 -1.8832251080495193 0
0 -1.8411034684015082 0
0 -1.8851150527962734 0
0 -1.6427332266128445 0
0 -1.76072635066878 0
0 -1.6368445067034076 0
0 -1.7581661404900997 0
0 -1.6526999030301759 0
0 -1.7684332756105918 0
0 -1.6532548915965515 0
0 -1.7693713099413533 0
0 -1.8315689513794797 0
0 -1.8743749889366725 0
0 -1.8423705411332991 0
0 -1.8861130668398791 0
0 -1.7220591140452635 0
0 -1.7221627788770653 0
0 -1.7319801466670914 0
0 -1.7468669421894369 0
0 -1.7590686517369785 0
0 -1.744402031547732 0
0 -1.7472951626209519 0
0 -1.7615914775684882 0
0 -1.7543500147855082 0
0 -1.760949196426989 0
0 -1.7768665935690107 0
0 -1.776518434124841 0
0 -1.7855624762312077 0
0 -1.7900069276023463 0
0 -1.7954035419889194 0
0 -1.7852969534917431 0
0 -1.79249141746132 0
0 -1.8007975839600396 0
0 -1.8095482135484311 0
0 -1.8179880862929061 0
0 -1.8470082197340831 0
0 -1.8156270210001058 0
0 -1.8247002798119898 0
0 -1.8333796760888745 0
0 -1.8269188784304617 0
0 -1.8370869589267904 0
0 -1.8460234472331181 0
0 -1.8410187274081931 0
0 -1.8529903031788533 0
0 -1.8576123275257139 0
0 -1.7591729296031309 0
0 -1.7658237461188908 0
0 -1.7802324692285449 0
0 -1.792823095242108 0
0 -1.7958034233482678 0
0 -1.7607479464236355 0
0 -1.7656120771100341 0
0 -1.777797214153936 0
0 -1.7577390399282604 0
0 -1.7639018128694122 0
0 -1.7763512420348793 0
0 -1.7921911613353754 0
0 -1.7962844748590925 0
0 -1.7925883855899116 0
0 -1.8014810929500553 0
0 -1.8310339979956305 0
0 -1.8414952767568238 0
0 -1.8502321775962272 0
0 -1.8318943744414391 0
0 -1.8425208063331191 0
0 -1.8512606595042724 0
0 -1.8569086041698419 0
0 -1.8611620930465209 0
0 -1.8583193174131758 0
0 -1.863050765016401 0
0 -1.8304182297115676 0
0 -1.8417665206477021 0
0 -1.851219055179216 0
0 -1.8591856870822556 0
0 -1.864751144605137 0
0 -1.8202692746131413 0
0 -1.8302138559779755 0
0 -1.8384448896007406 0
0 -1.8561824391884225 0
0 -1.8674785550650363 0
0 -1.875144566822621 0
0 -1.8455563935936359 0
0 -1.8528077761965893 0
0 -1.8805561497796626 0
0 -1.884937630743561 0
0 -1.8687484732621349 0
0 -1.8807707347413514 0
0 -1.8884084209041274 0
0 -1.8932848089571663 0
0 -1.8966351527144159 0
0 -1.8390510320384781 0
0 -1.850083787557407 0
0 -1.8586298324364483 0
0 -1.878228156045018 0
0 -1.8905941278750173 0
0 -1.8981855103511285 0
0 -1.8478316372726853 0
0 -1.8582938146348655 0
0 -1.8664266169227233 0
0 -1.8890607658976497 0
0 -1.9019549450550994 0
0 -1.9095782023605412 0
0 -1.8657081815831136 0
0 -1.8723018779867242 0
0 -1.9029611238345789 0
0 -1.9066823285163148 0
0 -1.8735752184026677 0
0 -1.8804149739859906 0
0 -1.91419482966303 0
0 -1.917704857045943 0
0 -1.8918003663993077 0
0 -1.9048753532924476 0
0 -1.9123575725602102 0
0 -1.903341849756867 0
0 -1.9170713057299966 0
0 -1.9246210329503861 0
0 -1.9165593651994 0
0 -1.9192252001974524 0
0 -1.9286072894900352 0
0 -1.9309451435663323 0
0 -1.8730546638061436 0
0 -1.8854051260189086 0
0 -1.8930724280300155 0
0 -1.8743047714930263 0
0 -1.8868591495645932 0
0 -1.8946556026047472 0
0 -1.8978453664204189 0
0 -1.9009348538979434 0
0 -1.8995722787391784 0
0 -1.9027205988793958 0
0 -1.8740971056247104 0
0 -1.8868981278274437 0
0 -1.8949759119549447 0
0 -1.9001849732548568 0
0 -1.9035080216053966 0
0 -1.8964727038756359 0
0 -1.9098225330838854 0
0 -1.9173196420794618 0
0 -1.8981008423266266 0
0 -1.9115308617201223 0
0 -1.9190552229743076 0
0 -1.9222633065323504 0
0 -1.90832825747832 0
0 -1.9297901789450833 0
0 -1.9102434829250388 0
0 -1.9241095798286032 0
0 -1.9315722967523759 0
0 -1.9214059740886409 0
0 -1.9237834922858388 0
0 -1.923155648220038 0
0 -1.9254724473635596 0
0 -1.9336336562933831 0
0 -1.9356517291366153 0
0 -1.9353668055647089 0
0 -1.9372842179960619 0
0 -1.8985460258179301 0
0 -1.9120039638320869 0
0 -1.9195773575136676 0
0 -1.9110311694843132 0
0 -1.9247636122866068 0
0 -1.9321565332027524 0
0 -1.9237373655675296 0
0 -1.9260595271669951 0
0 -1.9359212043103546 0
0 -1.9377958145840324 0
0 -1.6159259043016934 0
0 -1.6311051982362235 0
0 -1.6033922386491972 0
0 -1.60000423961173 0
0 -1.605199084985498 0
0 -1.6137116020684579 0
0 -1.6428708198002391 0
0 -1.7199116266327572 0
0 -1.688351999005147 0
0 -1.6818226304694113 0
0 -1.5952142567576917 0
0 -1.7183750638609259 0
0 -1.7371001045322605 0
0 -1.712999002521316 0
0 -1.5903367613751196 0
0 -1.776279484726965 0
0 -1.8094500985322921 0
0 -1.7378372798242141 0
0 -1.6060066335456991 0
0 -1.8106115492587653 0
0 -1.8515005797171056 0
0 -1.7585023305760443 0
0 -1.6375056679307276 0
0 -1.6582335575383913 0
0 -1.7712576007141889 0
0 -1.8315426278111733 0
0 -1.8749147007430507 0
0 -1.8431981167382949 0
0 -1.8870340589101948 0
0 -1.7484881761353965 0
0 -1.7585401274676329 0
0 -1.7740651907982488 0
0 -1.7925651156990257 0
0 -1.8062451889034146 0
0 -1.8276511881037862 0
0 -1.8396997565538371 0
0 -1.8501199369456485 0
0 -1.8590739458154351 0
0 -1.8655439538133032 0
0 -1.8867955790027064 0
0 -1.8738977764930111 0
0 -1.8950720698672467 0
0 -1.9005064622909014 0
0 -1.9040936162940052 0
0 -1.8991643091162207 0
0 -1.9125651115679754 0
0 -1.9201006791266195 0
0 -1.9118806743812882 0
0 -1.9254639616337457 0
0 -1.9327340141873302 0
0 -1.9242507667668298 0
0 -1.9266393623460949 0
0 -1.9364197488332755 0
0 -1.9382967035917213 0
0 -1.3460741287601412 0
0 -1.3048022448238625 0
0 -1.3096543622982355 0
0 -1.3305641029935595 0
0 -1.298860244312231 0
0 -1.2687302272780872 0
0 -1.2972383389937592 0
0 -1.2673644510709454 0
0 -1.2484977793492573 0
0 -1.197891025611582 0
0 -1.2406146151497635 0
0 -1.1976121213776598 0
0 -1.1948652342260992 0
0 -1.206387692871147 0
0 -1.1975181081105806 0
0 -1.2116661140255713 0
0 -1.3743107238744707 0
0 -1.3401449730799133 0
0 -1.4645615530374601 0
0 -1.4376111375890468 0
0 -1.3424688838465575 0
0 -1.3176486120657465 0
0 -1.4434316175312791 0
0 -1.4248832059771641 0
0 -1.549704335446652 0
0 -1.5691849465113936 0
0 -1.5944238808731515 0
0 -1.6795451405661881 0
0 -1.587512709971048 0
0 -1.5829539938699946 0
0 -1.7225688074454568 0
0 -1.7402055141923218 0
0 -1.2958263276659272 0
0 -1.2495697528005547 0
0 -1.4072396588332248 0
0 -1.3634740992644783 0
0 -1.2507446222019547 0
0 -1.2673399419069349 0
0 -1.3648247092847665 0
0 -1.3812712909564393 0
0 -1.5273975984290904 0
0 -1.5247804150079816 0
0 -1.6662883683313288 0
0 -1.5351447672725373 0
0 -1.5523377524078967 0
0 -1.7025332685240844 0
0 -1.7272598577089877 0
0 -1.1562030567239008 0
0 -1.0928586411610153 0
0 -1.1608254182814493 0
0 -1.1081490948223327 0
0 -1.0947962378526823 0
0 -1.1482378946175196 0
0 -1.1109838929809428 0
0 -1.1601931490282336 0
0 -1.1099240102037014 0
0 -1.0408903156469456 0
0 -1.1204703769399913 0
0 -1.0636164069756862 0
0 -1.0555013288507062 0
0 -1.1420920783633208 0
0 -1.0774105262732983 0
0 -1.1522628074168604 0
0 -1.225065327259804 0
0 -1.1708685448543199 0
0 -1.3516827943160969 0
0 -1.2974957012452593 0
0 -1.1739012718597344 0
0 -1.2195705878018888 0
0 -1.299714540516737 0
0 -1.3410674031807674 0
0 -1.50896471656804 0
0 -1.4854638396062492 0
0 -1.618159258788971 0
0 -1.6585831668278541 0
0 -1.491279616522095 0
0 -1.5267695558665526 0
0 -1.6866844553654345 0
0 -1.7183401542570207 0
0 -1.1914442424895071 0
0 -1.134521456563589 0
0 -1.3283264333289282 0
0 -1.2741019911905174 0
0 -1.1464300257316162 0
0 -1.2155446402685011 0
0 -1.284160826300131 0
0 -1.3458644959711621 0
0 -1.504546770052674 0
0 -1.4795921405489192 0
0 -1.6361189256379245 0
0 -1.6624510427326342 0
0 -1.4933572656996414 0
0 -1.5417275154301406 0
0 -1.6933685313946711 0
0 -1.7297606271530463 0
0 -1.2027115426450283 0
0 -1.1756672334503457 0
0 -1.1806699534386895 0
0 -1.2111759778111546 0
0 -1.1874392158110449 0
0 -1.1934755507466355 0
0 -1.2005659316364339 0
0 -1.1899158823784071 0
0 -1.2119290955197155 0
0 -1.2006323926006579 0
0 -1.1989132382256014 0
0 -1.1951257468144321 0
0 -1.1930543910319444 0
0 -1.2078516004880822 0
0 -1.2056623440639933 0
0 -1.2052400546785649 0
0 -1.210169642573663 0
0 -1.2295946641427791 0
0 -1.2211987411735215 0
0 -1.2358026339435537 0
0 -1.2659252168853086 0
0 -1.2479393182736711 0
0 -1.2516501209084192 0
0 -1.3805796484306168 0
0 -1.3641929477508694 0
0 -1.3701090119664967 0
0 -1.270473404811115 0
0 -1.2609038648718744 0
0 -1.3897059159321488 0
0 -1.3885039312522762 0
0 -1.5551262338985179 0
0 -1.5446330402463728 0
0 -1.5526168998263588 0
0 -1.7387481884184715 0
0 -1.7403694963859744 0
0 -1.7483761456490656 0
0 -1.5716712249667284 0
0 -1.5836525246067183 0
0 -1.7622346544520355 0
0 -1.7777003465396519 0
0 -1.2643602698167138 0
0 -1.2632675712229087 0
0 -1.26400295802424 0
0 -1.3801844122832576 0
0 -1.3802912355652166 0
0 -1.3822738475158098 0
0 -1.2803669822833565 0
0 -1.2959397704455256 0
0 -1.3998109189486432 0
0 -1.4218474364307203 0
0 -1.5562758438004132 0
0 -1.5592243023597061 0
0 -1.5622473125374525 0
0 -1.7401170586674513 0
0 -1.7480554542536644 0
0 -1.7531975207289037 0
0 -1.5800966122667719 0
0 -1.6082216559226885 0
0 -1.7663658983007759 0
0 -1.7867946474176002 0
0 -1.2131858087718099 0
0 -1.24439961298793 0
0 -1.2278885258588976 0
0 -1.2201419099737436 0
0 -1.2493189182984288 0
0 -1.2363038670406798 0
0 -1.2219370489482333 0
0 -1.2395568847705307 0
0 -1.2319566514079785 0
0 -1.2443216034606026 0
0 -1.2846330187078812 0
0 -1.2434466919580349 0
0 -1.238889247847927 0
0 -1.24266247700563 0
0 -1.282673343446032 0
0 -1.2433114453055532 0
0 -1.1955239071392647 0
0 -1.1846802569124357 0
0 -1.2060301519544776 0
0 -1.1950920421128985 0
0 -1.2774648392797712 0
0 -1.3059840792436632 0
0 -1.2937973816345887 0
0 -1.394273073550196 0
0 -1.421110753865503 0
0 -1.4117201958466234 0
0 -1.2917154821988599 0
0 -1.3060018373346751 0
0 -1.412339214681859 0
0 -1.4332252380435837 0
0 -1.5684198403582799 0
0 -1.5916911284618485 0
0 -1.5874257667034783 0
0 -1.7463712997340402 0
0 -1.763579756261497 0
0 -1.766185135004074 0
0 -1.5925287903674046 0
0 -1.6198505992551595 0
0 -1.7732645519790733 0
0 -1.791781578125212 0
0 -1.2999718095098272 0
0 -1.3393897563018018 0
0 -1.3020039010355371 0
0 -1.4219129581520691 0
0 -1.458559335080851 0
0 -1.4268901266690366 0
0 -1.2679775801590147 0
0 -1.2618844877866819 0
0 -1.3992658723131461 0
0 -1.4048857550778371 0
0 -1.5982751159755499 0
0 -1.6273118844094445 0
0 -1.6092979359021122 0
0 -1.7632105075588564 0
0 -1.7802737787334861 0
0 -1.7784030161891382 0
0 -1.5957386931796189 0
0 -1.6131720310958568 0
0 -1.7794965729713423 0
0 -1.7929943654675375 0
0 -1.7350104129236767 0
0 -1.6235039107473257 0
0 -1.7980156377935619 0
0 -1.8326614876622398 0
0 -1.869220018786423 0
0 -1.6497270959479724 0
0 -1.7579224687341486 0
0 -1.6466174608405975 0
0 -1.764009326352787 0
0 -1.8274203683971189 0
0 -1.8373183708694438 0
0 -1.88205301463424 0
0 -1.5947093177566154 0
0 -1.7316866904915409 0
0 -1.6168263116955968 0
0 -1.7934328546327047 0
0 -1.8297166432436609 0
0 -1.8681332164268076 0
0 -1.6269547896104537 0
0 -1.7516100935985335 0
0 -1.6162970497175828 0
0 -1.7549841948874767 0
0 -1.8249494209864143 0
0 -1.8344671567160518 0
0 -1.8810389195154265 0
0 -1.7628677462106139 0
0 -1.632628170840259 0
0 -1.8407470123368113 0
0 -1.8867849430161863 0
0 -1.8435066570903884 0
0 -1.8892296458071955 0
0 -1.6361389568526756 0
0 -1.7653266087151651 0
0 -1.6486033220571503 0
0 -1.7714270314596239 0
0 -1.846362437305618 0
0 -1.8907854018891639 0
0 -1.7542614803111807 0
0 -1.6032674981519923 0
0 -1.8382862754445524 0
0 -1.8858802797170544 0
0 -1.842416641763394 0
0 -1.888711664033365 0
0 -1.6168473368542757 0
0 -1.7602005256661621 0
0 -1.6433418521407637 0
0 -1.7709329421764286 0
0 -1.8467581068434693 0
0 -1.8907419478632894 0
0 -1.7357238879546775 0
0 -1.6473246030028517 0
0 -1.7901481434320086 0
0 -1.8269904199953853 0
0 -1.8651538070073721 0
0 -1.6363558560808464 0
0 -1.7528140749473098 0
0 -1.6192090046371572 0
0 -1.7532135962146023 0
0 -1.8222559464794443 0
0 -1.8310551635102328 0
0 -1.8773574564628999 0
0 -1.7403722568522053 0
0 -1.6737872270293257 0
0 -1.7899640897780182 0
0 -1.8272438460899303 0
0 -1.8603256011047844 0
0 -1.6470302973586455 0
0 -1.7558535322041895 0
0 -1.6242564718646779 0
0 -1.7531221422501357 0
0 -1.8190318286662446 0
0 -1.8257148086538535 0
0 -1.8707280197881868 0
0 -1.7544391111617035 0
0 -1.6157404272907003 0
0 -1.8349692668029738 0
0 -1.8817938098229803 0
0 -1.8399248319815869 0
0 -1.884600332720439 0
0 -1.6279939757316522 0
0 -1.7625123509359264 0
0 -1.6566393890794349 0
0 -1.7741847438732981 0
0 -1.8454306251259653 0
0 -1.8870555708456085 0
0 -1.754499424504339 0
0 -1.6332220420392409 0
0 -1.8271737028828168 0
0 -1.8734380579598071 0
0 -1.8315898739150362 0
0 -1.8736765149726116 0
0 -1.6472980736463851 0
0 -1.763610817458501 0
0 -1.6677830118638588 0
0 -1.776111641890584 0
0 -1.8395116011978589 0
0 -1.8758972346047893 0
0 -1.8501575860619723 0
0 -1.8605710115464951 0
0 -1.8682404148844107 0
0 -1.8930434725015224 0
0 -1.9063614974070817 0
0 -1.9139652794475142 0
0 -1.8755983466075863 0
0 -1.8832261624621729 0
0 -1.9184672198423673 0
0 -1.9218894128235755 0
0 -1.9077161531191287 0
0 -1.9218900050777132 0
0 -1.9294831988019401 0
0 -1.9333386697851238 0
0 -1.9354914799243346 0
0 -1.8505274368086917 0
0 -1.8625339535174934 0
0 -1.8696263987133572 0
0 -1.8929745537924658 0
0 -1.9066789522395391 0
0 -1.9140463768223841 0
0 -1.8764208465655672 0
0 -1.8841372756010053 0
0 -1.9181003405003925 0
0 -1.921171869986023 0
0 -1.907432834608374 0
0 -1.9218081074313778 0
0 -1.9292373355598171 0
0 -1.9327660467840371 0
0 -1.9346491662966343 0
0 -1.9128720305893006 0
0 -1.9271626599091121 0
0 -1.9347217454909771 0
0 -1.9149603645899487 0
0 -1.9290186931244848 0
0 -1.9364571839185087 0
0 -1.9384511543242136 0
0 -1.9402874354435076 0
0 -1.940131139594832 0
0 -1.941867878367004 0
0 -1.91592556942958 0
0 -1.9296833805172169 0
0 -1.9369747377878319 0
0 -1.9405871905910659 0
0 -1.9422702307957047 0
0 -1.9124676499598168 0
0 -1.9269047545797298 0
0 -1.9343912536073724 0
0 -1.9145087177305271 0
0 -1.928571860160629 0
0 -1.935973027509754 0
0 -1.9379398847455311 0
0 -1.9396153162250003 0
0 -1.939585135800777 0
0 -1.9412501791359735 0
0 -1.9154943173597083 0
0 -1.929045595309109 0
0 -1.9362515255076598 0
0 -1.9398415169731771 0
0 -1.9414848167218044 0
0 -1.8509893775932738 0
0 -1.8645977147023054 0
0 -1.8707859464203915 0
0 -1.8904904376992795 0
0 -1.9041281727894619 0
0 -1.9106556810298965 0
0 -1.8754580307022239 0
0 -1.881980006476436 0
0 -1.9135862746606844 0
0 -1.9157666359723367 0
0 -1.9039239925948699 0
0 -1.918142601365989 0
0 -1.9249061193264885 0
0 -1.9275483174844077 0
0 -1.9287991839033358 0
0 -1.8533195982433066 0
0 -1.8646233762826188 0
0 -1.8674150771684999 0
0 -1.8870074319829362 0
0 -1.8982784650479501 0
0 -1.9015069124564949 0
0 -1.8716204103753604 0
0 -1.8758958253761187 0
0 -1.9028681970097532 0
0 -1.900534230699515 0
0 -1.8980767232814488 0
0 -1.9105538516700653 0
0 -1.9143672438925607 0
0 -1.914000552701091 0
0 -1.9107636593516277 0
0 -1.9228328291750485 0
0 -1.9083799009399642 0
0 -1.9300139808414851 0
0 -1.9099302230069273 0
0 -1.9239921363699219 0
0 -1.9313897043313575 0
0 -1.9330742664345153 0
0 -1.9344324303305702 0
0 -1.9349543594009111 0
0 -1.9366185442946757 0
0 -1.9107018447480297 0
0 -1.9239295640476053 0
0 -1.9311769085044364 0
0 -1.9349582652131097 0
0 -1.9367602891558464 0
0 -1.9015417574126796 0
0 -1.9154852817615056 0
0 -1.921132443236349 0
0 -1.9002175978529336 0
0 -1.9159730946393181 0
0 -1.9233446475537426 0
0 -1.9213483187506988 0
0 -1.920418741458408 0
0 -1.9255450069684679 0
0 -1.9273225094569515 0
0 -1.8979513307707425 0
0 -1.9129371591027124 0
0 -1.9207283178449694 0
0 -1.9250733302255989 0
0 -1.9291443602852698 0
0 -1.6515529589712155 0
0 -1.7744475935744501 0
0 -1.8479445551267897 0
0 -1.8919523517375785 0
0 -1.7762338945069849 0
0 -1.6530059526243621 0
0 -1.8489534405497881 0
0 -1.8921394632900177 0
0 -1.7820693757111699 0
0 -1.6813611336567702 0
0 -1.8484608776513418 0
0 -1.8889111673880581 0
0 -1.7863642650396661 0
0 -1.6945301483210582 0
0 -1.8469515046461122 0
0 -1.8814945009650432 0
0 -1.9168273822150552 0
0 -1.9303422116510895 0
0 -1.9374584201700895 0
0 -1.940965335561267 0
0 -1.9426268306217325 0
0 -1.9163857441468062 0
0 -1.9295376746826236 0
0 -1.9365032137493157 0
0 -1.9399735740292592 0
0 -1.9415788161266485 0
0 -1.9115987562759784 0
0 -1.9240808163934056 0
0 -1.9309810869868087 0
0 -1.9346679996172311 0
0 -1.9364200552299802 0
0 -1.8991314541221425 0
0 -1.9111328635859188 0
0 -1.9186858460842398 0
0 -1.9235560272835666 0
0 -1.9269104997170452 0
-0 -0 -0
-0 1.6958600969251931 -0
-0 -0 -0
-0 1.5589763894312338 -0
-0 -0 -0
-0 -0 -0
-0 -0 -0
-0 -0 -0
-0 -0 -0
-0 -0 -0
-0 -0 -0
-0 1.6535286679903527 -0
-0 -0 -0
-0 1.6636284187590187 -0
-0 -0 -0
-0 -0 -0
-0 -0 -0
-0 -0 -0
-0 -0 -0
-0 -0 -0
-0 1.6381537775163244 -0
-0 1.481263390167155 -0
-0 -0 -0
-0 -0 -0
-0 -0 -0
-0 0.72229238171491128 -0
-0 -0 -0
-0 -0 -0
-0 -0 -0
-0 -0 -0
-0 -0 -0
-0 -0 -0
-0 1.6477586747325841 -0
-0 -0 -0
-0 1.8359945854916822 -0
-0 -0 -0
-0 -0 -0
-0 -0 -0
-0 -0 -0
-0 -0 -0
-0 1.8810344629819784 -0
-0 -0 -0
-0 1.871544236110618 -0
-0 1.9131754798181373 -0
-0 -0 -0
-0 -0 -0
-0 -0 -0
-0 -0 -0
-0 -0 -0
-0 -0 -0
-0 1.651888986824753 -0
-0 -0 -0
-0 1.3738582206268524 -0
-0 1.8479314032544669 -0
-0 -0 -0
-0 -0 -0
-0 -0 -0
-0 1.6027186186601565 -0
-0 -0 -0
-0 1.6875973801180362 -0
-0 1.5047823818297843 -0
-0 -0 -0
-0 1.6784508596845027 -0
-0 -0 -0
-0 -0 -0
-0 -0 -0
-0 -0 -0
-0 1.4293918124143064 -0
-0 -0 -0
-0 -0 -0
-0 -0 -0
-0 -0 -0
-0 -0 -0
-0 1.8603310564983038 -0
-0 -0 -0
-0 -0 -0
-0 1.5017492956356082 -0
-0 -0 -0
-0 1.5014211224837664 -0
-0 -0 -0
-0 -0 -0
-0 -0 -0
-0 -0 -0
-0 -0 -0
-0 1.3459809241639173 -0
-0 -0 -0
-0 -0 -0
-0 1.648551145732241 -0
-0 -0 -0
-0 -0 -0
-0 -0 -0
-0 1.5940436135524803 -0
-0 -0 -0
-0 -0 -0
-0 -0 -0
-0 1.5050169766031871 -0
-0 -0 -0
-0 -0 -0
-0 -0 -0
-0 1.6655397095124309 -0
-0 -0 -0
-0 -0 -0
-0 -0 -0
-0 1.6577300372353718 -0
-0 -0 -0
-0 -0 -0
-0 1.5646941935292991 -0
-0 1.5478503097597249 -0
-0 -0 -0
-0 -0 -0
-0 -0 -0
-0 1.5015281213545377 -0
-0 -0 -0
-0 1.4660397167742043 -0
-0 -0 -0
-0 1.5008980416780728 -0
-0 -0 -0
-0 1.9063123158847388 -0
-0 1.6413347022283089 -0
-0 1.6367576091367173 -0
-0 -0 -0
-0 1.6685626333646912 -0
-0 1.5015009931257191 -0
-0 1.584766675420008 -0
-0 -0 -0
-0 -0 -0
-0 -0 -0
-0 -0 -0
-0 1.6287259463235271 -0
-0 -0 -0
-0 -0 -0
-0 -0 -0
-0 -0 -0
-0 1.883800983303292 -0
-0 -0 -0
-0 -0 -0
-0 -0 -0
-0 -0 -0
-0 1.9096960925205557 -0
-0 -0 -0
-0 1.6074620379174525 -0
-0 -0 -0
-0 1.9000084603639804 -0
-0 -0 -0
-0 1.6623703233199743 -0
-0 -0 -0
-0 1.4859146391437086 -0
-0 -0 -0
-0 1.5874761967090825 -0
-0 -0 -0
-0 -0 -0
-0 1.4660845501948097 -0
-0 -0 -0
-0 -0 -0
-0 -0 -0
-0 -0 -0
-0 -0 -0
-0 -0 -0
-0 -0 -0
-0 -0 -0
-0 -0 -0
-0 -0 -0
-0 1.9061495088240863 -0
-0 -0 -0
-0 1.9154718807598317 -0
-0 1.6400932433068245 -0
-0 -0 -0
-0 -0 -0
-0 -0 -0
-0 -0 -0
-0 -0 -0
-0 -0 -0
-0 -0 -0
-0 1.6451899737136015 -0
-0 1.6480977263513039 -0
-0 -0 -0
-0 -0 -0
-0 -0 -0
-0 -0 -0
-0 -0 -0
-0 -0 -0
-0 -0 -0
-0 1.5604241496995055 -0
-0 -0 -0
-0 -0 -0
-0 -0 -0
-0 -0 -0
-0 1.6341878271524555 -0
-0 -0 -0
-0 -0 -0
-0 -0 -0
-0 -0 -0
-0 1.6459173296278311 -0
-0 -0 -0
-0 1.5810953195295931 -0
-0 -0 -0
-0 -0 -0
-0 -0 -0
-0 1.342708984346451 -0
-0 -0 -0
-0 -0 -0
-0 1.5923948926005802 -0
-0 1.8955624674819274 -0
-0 1.5002362015928215 -0
-0 -0 -0
-0 -0 -0
-0 -0 -0
-0 -0 -0
-0 -0 -0
-0 -0 -0
-0 -0 -0
-0 1.483083501340654 -0
-0 -0 -0
-0 -0 -0
-0 -0 -0
-0 -0 -0
-0 -0 -0
-0 0.35560419839060892 -0
-0 -0 -0
-0 1.0170148558324819 -0
-0 -0 -0
-0 -0 -0
-0 1.8975489115429489 -0
-0 -0 -0
-0 1.3508582357508914 -0
-0 -0 -0
-0 -0 -0
-0 -0 -0
-0 -0 -0
-0 -0 -0
-0 -0 -0
-0 -0 -0
-0 -0 -0
-0 -0 -0
-0 1.4995500679468632 -0
-0 -0 -0
-0 -0 -0
-0 1.8748675623063551 -0
-0 -0 -0
-0 -0 -0
-0 1.5012417275758927 -0
-0 -0 -0
-0 -0 -0
-0 -0 -0
-0 -0 -0
-0 -0 -0
-0 -0 -0
-0 -0 -0
-0 1.6131705171781692 -0
-0 -0 -0
-0 -0 -0
-0 1.5816131916128313 -0
-0 -0 -0
-0 -0 -0
-0 -0 -0
-0 -0 -0
-0 1.5928409201271454 -0
-0 -0 -0
-0 -0 -0
-0 -0 -0
-0 -0 -0
-0 -0 -0
-0 -0 -0
-0 -0 -0
-0 -0 -0
-0 1.4981833002667866 -0
-0 -0 -0
-0 -0 -0
-0 -0 -0
-0 -0 -0
-0 -0 -0
-0 1.4970693517370732 -0
-0 -0 -0
-0 -0 -0
-0 -0 -0
-0 -0 -0
-0 -0 -0
-0 1.4770892429500173 -0
-0 -0 -0
-0 -0 -0
-0 -0 -0
-0 1.6356450150499064 -0
-0 1.7103504817543771 -0
-0 -0 -0
-0 -0 -0
-0 -0 -0
-0 -0 -0
-0 -0 -0
-0 1.1024102602580677 -0
-0 1.7791007701882133 -0
-0 -0 -0
-0 -0 -0
-0 -0 -0
-0 1.336676379930517 -0
-0 -0 -0
-0 1.6541600725426198 -0
-0 -0 -0
-0 -0 -0
-0 -0 -0
-0 -0 -0
-0 -0 -0
-0 -0 -0
-0 1.604152729513844 -0
-0 -0 -0
-0 -0 -0
-0 -0 -0
-0 -0 -0
-0 1.6166282559840457 -0
-0 1.6106718839052094 -0
-0 -0 -0
-0 -0 -0
-0 -0 -0
-0 1.6063422185631993 -0
-0 -0 -0
-0 1.6489412078587515 -0
-0 -0 -0
-0 -0 -0
-0 -0 -0
-0 -0 -0
-0 1.4702529202461154 -0
-0 1.6111503328298811 -0
-0 -0 -0
-0 -0 -0
-0 -0 -0
-0 -0 -0
-0 -0 -0
-0 1.6334348538220669 -0
-0 1.7081005752374923 -0
-0 -0 -0
-0 -0 -0
-0 1.6228209549910768 -0
-0 -0 -0
-0 -0 -0
-0 1.6140367237531825 -0
-0 1.6536273907795014 -0
-0 -0 -0
-0 1.5745387507739967 -0
-0 -0 -0
-0 1.4752856653156541 -0
-0 -0 -0
-0 1.5894758262985809 -0
-0 -0 -0
-0 -0 -0
-0 -0 -0
-0 -0 -0
-0 -0 -0
-0 -0 -0
-0 1.6043674328443771 -0
-0 1.6256007035377849 -0
-0 -0 -0
-0 -0 -0
-0 -0 -0
-0 -0 -0
-0 -0 -0
-0 -0 -0
-0 -0 -0
-0 -0 -0
-0 -0 -0
-0 -0 -0
-0 -0 -0
-0 1.7051946173607218 -0
-0 -0 -0
-0 -0 -0
-0 -0 -0
-0 -0 -0
-0 -0 -0
-0 1.4428809773543032 -0
-0 1.6235491077624267 -0
-0 -0 -0
-0 -0 -0
-0 1.6148036093403189 -0
-0 -0 -0
-0 -0 -0
-0 -0 -0
-0 -0 -0
-0 -0 -0
-0 -0 -0
-0 -0 -0
-0 -0 -0
-0 -0 -0
-0 1.8176583312790935 -0
-0 1.61305038648731 -0
-0 -0 -0
-0 -0 -0
-0 -0 -0
-0 -0 -0
-0 -0 -0
-0 -0 -0
-0 1.490756350343645 -0
-0 -0 -0
-0 1.7880733499643897 -0
-0 -0 -0
-0 -0 -0
-0 -0 -0
-0 -0 -0
-0 -0 -0
-0 1.5891109623492381 -0
-0 1.687873228590397 -0
-0 -0 -0
-0 -0 -0
-0 -0 -0
-0 -0 -0
-0 -0 -0
-0 -0 -0
-0 -0 -0
-0 -0 -0
-0 1.6043180209751933 -0
-0 1.5760768217619052 -0
-0 -0 -0
-0 -0 -0
-0 -0 -0
-0 -0 -0
-0 -0 -0
-0 1.9024330698864718 -0
-0 -0 -0
-0 -0 -0
-0 -0 -0
-0 -0 -0
-0 -0 -0
-0 1.6323803374472983 -0
-0 1.6425764032078782 -0
-0 -0 -0
-0 1.5835122578278384 -0
-0 -0 -0
-0 1.5366039738191224 -0
-0 -0 -0
-0 -0 -0
-0 1.6881194925323926 -0
-0 1.4739036108307806 -0
-0 -0 -0
-0 1.4957885913192743 -0
-0 -0 -0
-0 -0 -0
-0 -0 -0
-0 1.5817756924605355 -0
-0 -0 -0
-0 1.8240762248350066 -0
-0 -0 -0
-0 -0 -0
-0 1.7928355716650848 -0
-0 -0 -0
-0 -0 -0
-0 -0 -0
-0 -0 -0
-0 -0 -0
-0 -0 -0
-0 -0 -0
-0 1.8460639888352919 -0
-0 -0 -0
-0 -0 -0
-0 -0 -0
-0 -0 -0
-0 1.5110143476007365 -0
-0 -0 -0
-0 -0 -0
-0 1.6480744606005195 -0
-0 1.6582455382186265 -0
-0 -0 -0
-0 -0 -0
-0 -0 -0
-0 -0 -0
-0 -0 -0
-0 -0 -0
-0 1.6304085409482219 -0
-0 -0 -0
-0 1.4986978429013815 -0
-0 -0 -0
-0 -0 -0
-0 1.7064323507926764 -0
-0 -0 -0
-0 1.6151146016938838 -0
-0 -0 -0
-0 -0 -0
-0 -0 -0
-0 -0 -0
-0 -0 -0
-0 -0 -0
-0 -0 -0
-0 1.6358424583371158 -0
-0 -0 -0
-0 -0 -0
-0 -0 -0
-0 -0 -0
-0 -0 -0
-0 -0 -0
-0 1.885580099997314 -0
-0 -0 -0
-0 -0 -0
-0 1.6306702765705905 -0
-0 1.5154222507636996 -0
-0 -0 -0
-0 -0 -0
-0 -0 -0
-0 -0 -0
-0 -0 -0
-0 1.8846476835890047 -0
-0 -0 -0
-0 -0 -0
-0 0.97377521338883877 -0
-0 -0 -0
-0 1.5032803451969343 -0
-0 1.4815231223858354 -0
-0 1.6228632144959523 -0
-0 -0 -0
-0 1.656831601222136 -0
-0 -0 -0
-0 1.6961052156656147 -0
-0 -0 -0
-0 1.6517213189734519 -0
-0 -0 -0
-0 -0 -0
-0 -0 -0
-0 -0 -0
-0 -0 -0
-0 -0 -0
-0 -0 -0
-0 -0 -0
-0 -0 -0
-0 1.6009551862554907 -0
-0 -0 -0
-0 -0 -0
-0 1.4659029132929804 -0
-0 -0 -0
-0 -0 -0
-0 -0 -0
-0 -0 -0
-0 0.16237605524432258 -0
-0 -0 -0
-0 -0 -0
-0 -0 -0
-0 -0 -0
-0 1.465537091692303 -0
-0 -0 -0
-0 1.654934134641989 -0
-0 -0 -0
-0 -0 -0
-0 -0 -0
-0 1.4236881728287911 -0
-0 -0 -0
-0 -0 -0
-0 -0 -0
-0 -0 -0
-0 1.6141256145616361 -0
-0 -0 -0
-0 -0 -0
-0 -0 -0
-0 -0 -0
-0 -0 -0
-0 -0 -0
-0 -0 -0
-0 -0 -0
-0 1.6620126929004368 -0
-0 -0 -0
-0 1.5470896379522738 -0
-0 -0 -0
-0 1.5074224222265304 -0
-0 -0 -0
-0 -0 -0
-0 -0 -0
-0 1.9145896344888731 -0
-0 -0 -0
-0 1.6176278093580956 -0
-0 -0 -0
-0 -0 -0
-0 1.5979572084937836 -0
-0 -0 -0
-0 -0 -0
-0 1.463708073762283 -0
-0 1.640997802379087 -0
-0 1.4575603378510527 -0
-0 -0 -0
-0 -0 -0
-0 -0 -0
-0 1.6435183746198625 -0
-0 -0 -0
-0 1.6475963055938831 -0
-0 -0 -0
-0 1.6754144476347177 -0
-0 -0 -0
-0 -0 -0
-0 -0 -0
-0 1.5789102755953661 -0
-0 1.6316693456098534 -0
-0 -0 -0
-0 -0 -0
-0 1.7372910603735687 -0
-0 -0 -0
-0 -0 -0
-0 1.5959981776941314 -0
-0 -0 -0
-0 1.4860766345460907 -0
-0 1.4664561261185527 -0
-0 -0 -0
-0 -0 -0
-0 1.5854223388172803 -0
-0 -0 -0
-0 -0 -0
-0 -0 -0
-0 -0 -0
-0 -0 -0
-0 1.646420272617718 -0
-0 -0 -0
-0 -0 -0
-0 1.6838728513108838 -0
-0 -0 -0
-0 1.826547698395949 -0
-0 -0 -0
-0 -0 -0
-0 -0 -0
-0 -0 -0
-0 -0 -0
-0 -0 -0
-0 -0 -0
-0 -0 -0
-0 -0 -0
-0 -0 -0
-0 -0 -0
-0 1.6076836726900934 -0
-0 -0 -0
-0 1.6029117580398264 -0
-0 -0 -0
-0 -0 -0
-0 -0 -0
-0 -0 -0
-0 -0 -0
-0 -0 -0
-0 -0 -0
-0 -0 -0
-0 -0 -0
-0 -0 -0
-0 1.6264023489729338 -0
-0 -0 -0
-0 -0 -0
-0 1.5926289942921477 -0
-0 1.4828800474970862 -0
-0 1.644549223101283 -0
-0 -0 -0
-0 -0 -0
-0 1.5964597895856694 -0
-0 -0 -0
-0 -0 -0
-0 -0 -0
-0 -0 -0
-0 -0 -0
-0 -0 -0
-0 -0 -0
-0 1.4799089007239608 -0
-0 -0 -0
-0 -0 -0
-0 1.6416224286558103 -0
-0 1.6925186468004412 -0
-0 -0 -0
-0 -0 -0
-0 1.9073489575092133 -0
-0 -0 -0
-0 -0 -0
-0 -0 -0
-0 -0 -0
-0 1.6330322554023695 -0
-0 -0 -0
-0 -0 -0
-0 -0 -0
-0 1.5065281804940958 -0
-0 -0 -0
-0 -0 -0
-0 -0 -0
-0 -0 -0
-0 1.6064558351920901 -0
-0 -0 -0
-0 -0 -0
-0 -0 -0
-0 -0 -0
-0 1.4951532861016035 -0
-0 -0 -0
-0 1.8959303444720974 -0
-0 -0 -0
-0 -0 -0
-0 -0 -0
-0 1.635906637403262 -0
-0 -0 -0
-0 -0 -0
-0 1.8982180971302003 -0
-0 -0 -0
-0 -0 -0
-0 -0 -0
-0 -0 -0
-0 -0 -0
-0 -0 -0
-0 -0 -0
-0 -0 -0
-0 -0 -0
-0 -0 -0
-0 -0 -0
-0 1.6733313823744218 -0
-0 -0 -0
-0 1.6631438437188482 -0
-0 -0 -0
-0 -0 -0
-0 1.6562203697811955 -0
-0 1.5111504056141423 -0
-0 1.6534768893537086 -0
-0 -0 -0
-0 -0 -0
-0 -0 -0
-0 -0 -0
-0 -0 -0
-0 -0 -0
-0 -0 -0
-0 1.6837044149042437 -0
-0 -0 -0
-0 -0 -0
-0 1.6446435219129283 -0
-0 1.6207431679651918 -0
-0 -0 -0
-0 -0 -0
-0 -0 -0
-0 -0 -0
-0 -0 -0
-0 -0 -0
-0 -0 -0
-0 -0 -0
-0 -0 -0
-0 -0 -0
-0 1.6117794029939772 -0
-0 -0 -0
-0 -0 -0
-0 -0 -0
-0 1.9099706468940618 -0
-0 -0 -0
-0 -0 -0
-0 -0 -0
-0 -0 -0
-0 -0 -0
-0 -0 -0
-0 -0 -0
-0 -0 -0
-0 -0 -0
-0 1.6014088626793876 -0
-0 1.8959423790046706 -0
-0 -0 -0
-0 -0 -0
-0 -0 -0
-0 -0 -0
-0 -0 -0
-0 -0 -0
-0 -0 -0
-0 -0 -0
-0 -0 -0
-0 -0 -0
-0 -0 -0
-0 -0 -0
-0 -0 -0
-0 -0 -0
-0 -0 -0
-0 1.81081029653993 -0
-0 1.6373312572028011 -0
-0 1.6783412257680572 -0
-0 -0 -0
-0 -0 -0
-0 -0 -0
-0 -0 -0
-0 -0 -0
-0 -0 -0
-0 -0 -0
-0 -0 -0
-0 -0 -0
-0 -0 -0
-0 -0 -0
-0 1.6104607020364883 -0
-0 -0 -0
-0 -0 -0
-0 -0 -0
-0 -0 -0
-0 1.4949223384908388 -0
-0 -0 -0
-0 -0 -0
-0 -0 -0
-0 -0 -0
-0 1.4827067079614291 -0
-0 -0 -0
-0 -0 -0
-0 -0 -0
-0 -0 -0
-0 1.5767927014885976 -0
-0 -0 -0
-0 -0 -0
-0 1.3889034016143296 -0
-0 -0 -0
-0 -0 -0
-0 -0 -0
-0 -0 -0
-0 -0 -0
-0 -0 -0
-0 -0 -0
-0 -0 -0
-0 1.4811349131126954 -0
-0 1.6887936587016659 -0
-0 -0 -0
-0 1.6453298810265791 -0
-0 -0 -0
-0 -0 -0
-0 1.661010172498856 -0
-0 -0 -0
-0 1.9169697037604965 -0
-0 1.5986127352524062 -0
-0 1.6443667648824529 -0
-0 -0 -0
-0 -0 -0
-0 -0 -0
-0 -0 -0
-0 1.4968468999717401 -0
-0 1.5929814916949612 -0
-0 -0 -0
-0 -0 -0
-0 1.5923794620848664 -0
-0 1.4868966711198404 -0
-0 -0 -0
-0 -0 -0
-0 -0 -0
-0 1.6346606113427886 -0
-0 1.3638596562098608 -0
-0 -0 -0
-0 -0 -0
-0 -0 -0
-0 -0 -0
-0 -0 -0
-0 -0 -0
-0 -0 -0
-0 1.5096834750230483 -0
-0 -0 -0
-0 -0 -0
-0 -0 -0
-0 1.5081013205538016 -0
-0 1.703558709438816 -0
-0 -0 -0
-0 -0 -0
-0 -0 -0
-0 1.5998645336083459 -0
-0 -0 -0
-0 1.5106546954113158 -0
-0 -0 -0
-0 -0 -0
-0 -0 -0
-0 -0 -0
-0 -0 -0
-0 -0 -0
-0 -0 -0
-0 -0 -0
-0 -0 -0
-0 1.6672098449542418 -0
-0 -0 -0
-0 1.9058099319535462 -0
-0 1.6021119240597743 -0
-0 -0 -0
-0 -0 -0
-0 -0 -0
-0 -0 -0
-0 -0 -0
-0 -0 -0
-0 1.5987482391608638 -0
-0 -0 -0
-0 -0 -0
-0 -0 -0
-0 1.4787829662571976 -0
-0 1.5003915404538342 -0
-0 1.6914106251673178 -0
-0 1.497558735841513 -0
-0 1.6113332104453078 -0
-0 1.4667783142929498 -0
-0 -0 -0
-0 1.6935370551848552 -0
-0 1.4628781546842697 -0
-0 1.5963087668393348 -0
-0 -0 -0
-0 1.9158604677876832 -0
-0 -0 -0
-0 -0 -0
-0 -0 -0
-0 -0 -0
-0 -0 -0
-0 -0 -0
-0 -0 -0
-0 -0 -0
-0 -0 -0
-0 1.5011574334630078 -0
-0 -0 -0
-0 -0 -0
-0 -0 -0
-0 -0 -0
-0 1.6378241008222041 -0
-0 -0 -0
-0 1.4122550398136817 -0
-0 -0 -0
-0 -0 -0
-0 -0 -0
-0 -0 -0
-0 -0 -0
-0 -0 -0
-0 -0 -0
-0 -0 -0
-0 -0 -0
-0 -0 -0
-0 0.13127374899082361 -0
-0 1.6130440245980189 -0
-0 -0 -0
-0 -0 -0
-0 -0 -0
-0 1.6742978437538034 -0
-0 -0 -0
-0 1.6907704326232253 -0
-0 -0 -0
-0 -0 -0
-0 1.4611351442942517 -0
-0 -0 -0
-0 1.6498985540204814 -0
-0 -0 -0
-0 -0 -0
-0 1.6115128311100577 -0
-0 1.9063739297092641 -0
-0 -0 -0
-0 -0 -0
-0 1.5010384357529276 -0
-0 1.5691867650742202 -0
-0 -0 -0
-0 -0 -0
-0 1.5745916712745509 -0
-0 -0 -0
-0 -0 -0
-0 1.6638784714556218 -0
-0 -0 -0
-0 -0 -0
-0 -0 -0
-0 -0 -0
-0 -0 -0
-0 1.3957185880546226 -0
-0 1.8710005997190653 -0
-0 -0 -0
-0 -0 -0
-0 -0 -0
-0 1.6320825500244818 -0
-0 1.6215978975987109 -0
-0 1.8561133806651635 -0
-0 -0 -0
-0 -0 -0
-0 -0 -0
-0 -0 -0
-0 1.6576649190805257 -0
-0 -0 -0
-0 -0 -0
-0 -0 -0
-0 0.14580872147620053 -0
-0 1.8951395322759634 -0
-0 -0 -0
-0 -0 -0
-0 -0 -0
-0 -0 -0
-0 -0 -0
-0 -0 -0
-0 -0 -0
-0 1.6475345456645756 -0
-0 -0 -0
-0 -0 -0
-0 1.654803198263866 -0
-0 -0 -0
-0 -0 -0
-0 -0 -0
-0 -0 -0
-0 -0 -0
-0 1.6396428795712212 -0
-0 -0 -0
-0 -0 -0
-0 -0 -0
-0 -0 -0
-0 -0 -0
-0 -0 -0
-0 -0 -0
-0 1.6309540144528685 -0
-0 -0 -0
-0 -0 -0
-0 -0 -0
-0 -0 -0
-0 -0 -0
-0 -0 -0
-0 -0 -0
-0 -0 -0
-0 1.9201617827251434 -0
-0 -0 -0
-0 -0 -0
-0 -0 -0
-0 -0 -0
-0 1.5995128093518718 -0
-0 -0 -0
-0 -0 -0
-0 -0 -0
-0 1.6789363663019954 -0
-0 1.9134190699223457 -0
-0 -0 -0
-0 -0 -0
-0 -0 -0
-0 -0 -0
-0 -0 -0
-0 -0 -0
-0 1.6268910352095591 -0
-0 -0 -0
-0 1.9041303977117825 -0
-0 1.6294102346555299 -0
-0 -0 -0
-0 -0 -0
-0 -0 -0
-0 -0 -0
-0 -0 -0
-0 -0 -0
-0 -0 -0
-0 -0 -0
-0 -0 -0
-0 1.6662867369917913 -0
-0 -0 -0
-0 -0 -0
-0 -0 -0
-0 -0 -0
-0 -0 -0
-0 -0 -0
-0 1.6387676282223231 -0
-0 1.4844147047962442 -0
-0 -0 -0
-0 -0 -0
-0 -0 -0
-0 -0 -0
-0 -0 -0
-0 1.8848744573646026 -0
-0 -0 -0
-0 -0 -0
-0 -0 -0
-0 -0 -0
-0 -0 -0
-0 -0 -0
-0 -0 -0
-0 1.1673071648177895 -0
-0 -0 -0
-0 -0 -0
-0 -0 -0
-0 -0 -0
-0 -0 -0
-0 1.5918663549135008 -0
-0 -0 -0
-0 -0 -0
-0 1.6361048397713438 -0
-0 -0 -0
-0 -0 -0
-0 -0 -0
-0 -0 -0
-0 1.5026559491495437 -0
-0 -0 -0
-0 1.6559211669080203 -0
-0 1.5501881407155749 -0
-0 -0 -0
-0 -0 -0
-0 -0 -0
-0 -0 -0
-0 -0 -0
-0 -0 -0
-0 -0 -0
-0 1.480372432919784 -0
-0 -0 -0
-0 -0 -0
-0 -0 -0
-0 -0 -0
-0 -0 -0
-0 -0 -0
-0 -0 -0
-0 -0 -0
-0 -0 -0
-0 -0 -0
-0 -0 -0
-0 -0 -0
-0 1.6357752727558392 -0
-0 -0 -0
-0 1.6363408536885138 -0
-0 1.4649896133656919 -0
-0 1.5913816730363948 -0
-0 -0 -0
-0 -0 -0
-0 -0 -0
-0 -0 -0
-0 -0 -0
-0 -0 -0
-0 -0 -0
-0 -0 -0
-0 -0 -0
-0 -0 -0
-0 -0 -0
-0 1.6609534209725785 -0
-0 -0 -0
-0 -0 -0
-0 -0 -0
-0 -0 -0
-0 -0 -0
-0 1.6319213448774725 -0
-0 -0 -0
-0 -0 -0
-0 -0 -0
-0 -0 -0
-0 -0 -0
-0 1.6833877513389637 -0
-0 -0 -0
-0 1.5531277794081559 -0
-0 -0 -0
-0 -0 -0
-0 -0 -0
-0 -0 -0
-0 -0 -0
-0 -0 -0
-0 -0 -0
-0 1.6430391617663291 -0
-0 -0 -0
-0 1.6559067685976259 -0
-0 -0 -0
-0 -0 -0
-0 -0 -0
-0 -0 -0
-0 -0 -0
-0 -0 -0
-0 1.6283292045155808 -0
-0 1.3210865588182517 -0
-0 -0 -0
-0 -0 -0
-0 -0 -0
-0 -0 -0
-0 -0 -0
-0 -0 -0
-0 -0 -0
-0 -0 -0
-0 -0 -0
-0 -0 -0
-0 1.6336541613933826 -0
-0 -0 -0
-0 -0 -0
-0 -0 -0
-0 -0 -0
-0 -0 -0
-0 -0 -0
-0 -0 -0
-0 -0 -0
-0 -0 -0
-0 -0 -0
-0 -0 -0
-0 -0 -0
-0 -0 -0
-0 -0 -0
-0 -0 -0
-0 -0 -0
-0 -0 -0
-0 1.6377470129486154 -0
-0 -0 -0
-0 1.2205850169957375 -0
-0 -0 -0
-0 -0 -0
-0 -0 -0
-0 -0 -0
-0 1.5881634295725284 -0
-0 -0 -0
-0 1.6716085924682735 -0
-0 1.3654625693730322 -0
-0 -0 -0
-0 -0 -0
-0 -0 -0
-0 -0 -0
-0 -0 -0
-0 -0 -0
-0 1.3195531905233 -0
-0 -0 -0
-0 -0 -0
-0 -0 -0
-0 -0 -0
-0 -0 -0
-0 -0 -0
-0 -0 -0
-0 -0 -0
-0 1.3339601747402812 -0
-0 -0 -0
-0 1.3321527902224917 -0
-0 -0 -0
-0 -0 -0
-0 -0 -0
-0 -0 -0
-0 -0 -0
-0 1.1883492265952578 -0
-0 -0 -0
-0 -0 -0
-0 -0 -0
-0 -0 -0
-0 -0 -0
-0 -0 -0
-0 0.010549358774176062 -0
-0 -0 -0
-0 -0 -0
-0 -0 -0
-0 1.3241252152551608 -0
-0 -0 -0
-0 -0 -0
-0 -0 -0
-0 1.6525246102177273 -0
-0 -0 -0
-0 -0 -0
-0 -0 -0
-0 1.6433015971518987 -0
-0 -0 -0
-0 -0 -0
-0 1.5689182608865659 -0
-0 1.5413533061984208 -0
-0 -0 -0
-0 -0 -0
-0 -0 -0
-0 1.3773236591795075 -0
-0 -0 -0
-0 1.3697780659430836 -0
-0 -0 -0
-0 1.3380040191911979 -0
-0 -0 -0
-0 -0 -0
-0 1.627493463824554 -0
-0 1.6318064063576698 -0
-0 -0 -0
-0 -0 -0
-0 1.397046576110585 -0
-0 1.5759971933088861 -0
-0 -0 -0
-0 -0 -0
-0 -0 -0
-0 -0 -0
-0 1.6236713066701958 -0
-0 -0 -0
-0 -0 -0
-0 -0 -0
-0 -0 -0
-0 -0 -0
-0 -0 -0
-0 -0 -0
-0 -0 -0
-0 -0 -0
-0 -0 -0
-0 -0 -0
-0 1.5975681074043344 -0
-0 -0 -0
-0 -0 -0
-0 -0 -0
-0 1.6517057480909103 -0
-0 -0 -0
-0 1.349697674924806 -0
-0 -0 -0
-0 1.5787641511249164 -0
-0 -0 -0
-0 -0 -0
-0 1.3076796317743933 -0
-0 -0 -0
-0 -0 -0
-0 -0 -0
-0 -0 -0
-0 -0 -0
-0 -0 -0
-0 -0 -0
-0 -0 -0
-0 -0 -0
-0 -0 -0
-0 -0 -0
-0 -0 -0
-0 -0 -0
-0 1.625918806835474 -0
-0 -0 -0
-0 -0 -0
-0 -0 -0
-0 -0 -0
-0 -0 -0
-0 -0 -0
-0 -0 -0
-0 1.632983551793743 -0
-0 1.637581809622638 -0
-0 -0 -0
-0 -0 -0
-0 -0 -0
-0 -0 -0
-0 -0 -0
-0 -0 -0
-0 -0 -0
-0 1.5558245870609233 -0
-0 -0 -0
-0 -0 -0
-0 -0 -0
-0 -0 -0
-0 1.6185009250558977 -0
-0 -0 -0
-0 -0 -0
-0 -0 -0
-0 -0 -0
-0 1.6378337124626774 -0
-0 -0 -0
-0 1.5690208074332126 -0
-0 -0 -0
-0 -0 -0
-0 -0 -0
-0 1.1977620960619677 -0
-0 -0 -0
-0 -0 -0
-0 1.5815901383092215 -0
-0 -0 -0
-0 1.3621842128301327 -0
-0 -0 -0
-0 -0 -0
-0 -0 -0
-0 -0 -0
-0 -0 -0
-0 -0 -0
-0 -0 -0
-0 1.4109794214518376 -0
-0 -0 -0
-0 -0 -0
-0 -0 -0
-0 -0 -0
-0 -0 -0
-0 -0 -0
-0 -0 -0
-0 -0 -0
-0 -0 -0
-0 -0 -0
-0 -0 -0
-0 -0 -0
-0 1.1982345632842895 -0
-0 -0 -0
-0 -0 -0
-0 -0 -0
-0 -0 -0
-0 -0 -0
-0 -0 -0
-0 -0 -0
-0 -0 -0
-0 -0 -0
-0 1.3654000516735807 -0
-0 -0 -0
-0 -0 -0
-0 -0 -0
-0 -0 -0
-0 -0 -0
-0 1.33421072627371 -0
-0 -0 -0
-0 -0 -0
-0 -0 -0
-0 -0 -0
-0 -0 -0
-0 -0 -0
-0 -0 -0
-0 1.599438790803229 -0
-0 -0 -0
-0 -0 -0
-0 -0 -0
-0 -0 -0
-0 -0 -0
-0 -0 -0
-0 -0 -0
-0 1.5815657873688138 -0
-0 -0 -0
-0 -0 -0
-0 -0 -0
-0 -0 -0
-0 -0 -0
-0 -0 -0
-0 -0 -0
-0 -0 -0
-0 1.3220264882806956 -0
-0 -0 -0
-0 -0 -0
-0 -0 -0
-0 -0 -0
-0 -0 -0
-0 1.3727701014629337 -0
-0 -0 -0
-0 -0 -0
-0 -0 -0
-0 -0 -0
-0 -0 -0
-0 1.3306869503334331 -0
-0 -0 -0
-0 -0 -0
-0 -0 -0
-0 1.6213701671264698 -0
-0 -0 -0
-0 -0 -0
-0 -0 -0
-0 -0 -0
-0 -0 -0
-0 -0 -0
-0 -0 -0
-0 -0 -0
-0 -0 -0
-0 -0 -0
-0 -0 -0
-0 1.1859309561276639 -0
-0 -0 -0
-0 1.6396443364621855 -0
-0 -0 -0
-0 -0 -0
-0 -0 -0
-0 -0 -0
-0 -0 -0
-0 -0 -0
-0 1.5978157741490979 -0
-0 -0 -0
-0 -0 -0
-0 -0 -0
-0 -0 -0
-0 -0 -0
-0 1.6004212732436915 -0
-0 -0 -0
-0 -0 -0
-0 -0 -0
-0 1.5908941238659939 -0
-0 -0 -0
-0 1.6357955172316472 -0
-0 -0 -0
-0 -0 -0
-0 -0 -0
-0 -0 -0
-0 1.3408633556147078 -0
-0 1.5980828330245842 -0
-0 -0 -0
-0 -0 -0
-0 -0 -0
-0 -0 -0
-0 -0 -0
-0 1.6215601496147156 -0
-0 -0 -0
-0 -0 -0
-0 -0 -0
-0 1.6086216658440231 -0
-0 -0 -0
-0 -0 -0
-0 1.6081048242244969 -0
-0 1.6409240495800581 -0
-0 -0 -0
-0 -0 -0
-0 -0 -0
-0 1.346780217376355 -0
-0 -0 -0
-0 1.580244099786545 -0
-0 -0 -0
-0 -0 -0
-0 -0 -0
-0 -0 -0
-0 -0 -0
-0 -0 -0
-0 1.5956928127379024 -0
-0 1.6107719171114618 -0
-0 -0 -0
-0 -0 -0
-0 -0 -0
-0 -0 -0
-0 -0 -0
-0 -0 -0
-0 -0 -0
-0 -0 -0
-0 -0 -0
-0 -0 -0
-0 -0 -0
-0 1.5734936045446051 -0
-0 -0 -0
-0 -0 -0
-0 -0 -0
-0 -0 -0
-0 -0 -0
-0 1.2932085293726345 -0
-0 1.6140574555349654 -0
-0 -0 -0
-0 -0 -0
-0 1.6006935765661372 -0
-0 -0 -0
-0 -0 -0
-0 -0 -0
-0 -0 -0
-0 -0 -0
-0 -0 -0
-0 -0 -0
-0 -0 -0
-0 -0 -0
-0 -0 -0
-0 -0 -0
-0 -0 -0
-0 -0 -0
-0 -0 -0
-0 -0 -0
-0 -0 -0
-0 -0 -0
-0 1.3396181852106019 -0
-0 -0 -0
-0 -0 -0
-0 -0 -0
-0 -0 -0
-0 -0 -0
-0 -0 -0
-0 -0 -0
-0 1.5805496236181675 -0
-0 1.6636683001340187 -0
-0 -0 -0
-0 -0 -0
-0 -0 -0
-0 -0 -0
-0 -0 -0
-0 -0 -0
-0 -0 -0
-0 -0 -0
-0 1.5915459035544013 -0
-0 1.5648345781462427 -0
-0 -0 -0
-0 -0 -0
-0 -0 -0
-0 -0 -0
-0 -0 -0
-0 -0 -0
-0 -0 -0
-0 -0 -0
-0 -0 -0
-0 -0 -0
-0 -0 -0
-0 1.6217491227003411 -0
-0 1.6356150412060273 -0
-0 -0 -0
-0 -0 -0
-0 -0 -0
-0 -0 -0
-0 -0 -0
-0 -0 -0
-0 1.6662579448557222 -0
-0 1.3148400213539144 -0
-0 -0 -0
-0 1.3240034692415601 -0
-0 -0 -0
-0 -0 -0
-0 -0 -0
-0 1.5759482325530147 -0
-0 -0 -0
-0 -0 -0
-0 -0 -0
-0 -0 -0
-0 -0 -0
-0 -0 -0
-0 -0 -0
-0 -0 -0
-0 -0 -0
-0 -0 -0
-0 -0 -0
-0 -0 -0
-0 -0 -0
-0 -0 -0
-0 -0 -0
-0 -0 -0
-0 -0 -0
-0 1.3545224537096725 -0
-0 -0 -0
-0 -0 -0
-0 1.6388354236785811 -0
-0 1.6475435397451743 -0
-0 -0 -0
-0 -0 -0
-0 -0 -0
-0 -0 -0
-0 -0 -0
-0 -0 -0
-0 1.619390219944902 -0
-0 -0 -0
-0 1.3238191015666392 -0
-0 -0 -0
-0 -0 -0
-0 0.95540926613231736 -0
-0 -0 -0
-0 1.6051917224454482 -0
-0 -0 -0
-0 -0 -0
-0 -0 -0
-0 -0 -0
-0 -0 -0
-0 -0 -0
-0 -0 -0
-0 1.6262506062868971 -0
-0 -0 -0
-0 -0 -0
-0 -0 -0
-0 -0 -0
-0 -0 -0
-0 -0 -0
-0 -0 -0
-0 -0 -0
-0 -0 -0
-0 1.6159419879611794 -0
-0 1.3351100754828376 -0
-0 -0 -0
-0 -0 -0
-0 -0 -0
-0 -0 -0
-0 -0 -0
-0 -0 -0
-0 -0 -0
-0 -0 -0
-0 -0 -0
-0 -0 -0
-0 1.3413647828589879 -0
-0 1.385286013343078 -0
-0 1.6096431551205621 -0
-0 -0 -0
-0 1.6449931086535265 -0
-0 -0 -0
-0 1.6859084654786163 -0
-0 -0 -0
-0 1.6420146530210546 -0
-0 -0 -0
-0 -0 -0
-0 -0 -0
-0 -0 -0
-0 -0 -0
-0 -0 -0
-0 -0 -0
-0 -0 -0
-0 -0 -0
-0 1.5926677849849933 -0
-0 -0 -0
-0 -0 -0
-0 1.2809642808477637 -0
-0 -0 -0
-0 -0 -0
-0 -0 -0
-0 -0 -0
-0 -0 -0
-0 -0 -0
-0 -0 -0
-0 -0 -0
-0 -0 -0
-0 1.3117235458136769 -0
-0 -0 -0
-0 1.6443583403537412 -0
-0 -0 -0
-0 -0 -0
-0 -0 -0
-0 1.2618186520853545 -0
-0 -0 -0
-0 -0 -0
-0 -0 -0
-0 -0 -0
-0 1.6010739842146966 -0
-0 -0 -0
-0 -0 -0
-0 -0 -0
-0 -0 -0
-0 -0 -0
-0 -0 -0
-0 -0 -0
-0 -0 -0
-0 1.6523626899903272 -0
-0 -0 -0
-0 1.5404184979639239 -0
-0 -0 -0
-0 1.3470206510444396 -0
-0 -0 -0
-0 -0 -0
-0 -0 -0
-0 -0 -0
-0 -0 -0
-0 1.6023426458691772 -0
-0 -0 -0
-0 -0 -0
-0 1.5842165766707044 -0
-0 -0 -0
-0 -0 -0
-0 1.3758830133752757 -0
-0 1.6294775156237371 -0
-0 -0 -0
-0 -0 -0
-0 -0 -0
-0 -0 -0
-0 1.6323593301126351 -0
-0 -0 -0
-0 -0 -0
-0 -0 -0
-0 1.668237396238538 -0
-0 -0 -0
-0 -0 -0
-0 -0 -0
-0 1.5722430856895477 -0
-0 1.6215905084975144 -0
-0 -0 -0
-0 -0 -0
-0 -0 -0
-0 -0 -0
-0 -0 -0
-0 0.019925001882342353 -0
-0 -0 -0
-0 1.3321857732338598 -0
-0 1.313793797137808 -0
-0 -0 -0
-0 -0 -0
-0 1.5766519423330578 -0
-0 -0 -0
-0 -0 -0
-0 -0 -0
-0 -0 -0
-0 -0 -0
-0 1.6344042032467694 -0
-0 -0 -0
-0 -0 -0
-0 1.6722853810623781 -0
-0 -0 -0
-0 -0 -0
-0 -0 -0
-0 -0 -0
-0 -0 -0
-0 -0 -0
-0 -0 -0
-0 -0 -0
-0 -0 -0
-0 -0 -0
-0 -0 -0
-0 -0 -0
-0 -0 -0
-0 1.6050578484970131 -0
-0 -0 -0
-0 1.5903544132573704 -0
-0 -0 -0
-0 -0 -0
-0 -0 -0
-0 -0 -0
-0 -0 -0
-0 -0 -0
-0 -0 -0
-0 -0 -0
-0 -0 -0
-0 -0 -0
-0 1.6129724903765053 -0
-0 -0 -0
-0 -0 -0
-0 1.58688637674038 -0
-0 1.3238904335173374 -0
-0 1.6294004717431445 -0
-0 -0 -0
-0 -0 -0
-0 1.5836741205256297 -0
-0 -0 -0
-0 -0 -0
-0 -0 -0
-0 -0 -0
-0 -0 -0
-0 -0 -0
-0 -0 -0
-0 1.3638722067584002 -0
-0 -0 -0
-0 -0 -0
-0 1.6295899216090197 -0
-0 1.6779698395233873 -0
-0 -0 -0
-0 -0 -0
-0 -0 -0
-0 -0 -0
-0 -0 -0
-0 -0 -0
-0 -0 -0
-0 1.6188183505436446 -0
-0 -0 -0
-0 -0 -0
-0 -0 -0
-0 1.3324168706102792 -0
-0 -0 -0
-0 -0 -0
-0 -0 -0
-0 -0 -0
-0 1.5930804556799598 -0
-0 -0 -0
-0 -0 -0
-0 -0 -0
-0 -0 -0
-0 1.4205610197640217 -0
-0 -0 -0
-0 -0 -0
-0 -0 -0
-0 -0 -0
-0 -0 -0
-0 1.6223637957559118 -0
-0 -0 -0
-0 -0 -0
-0 -0 -0
-0 -0 -0
-0 -0 -0
-0 -0 -0
-0 -0 -0
-0 -0 -0
-0 -0 -0
-0 -0 -0
-0 -0 -0
-0 -0 -0
-0 -0 -0
-0 -0 -0
-0 1.6621509319995966 -0
-0 -0 -0
-0 1.651915681261733 -0
-0 -0 -0
-0 -0 -0
-0 1.6474278026021902 -0
-0 1.3496209915017983 -0
-0 1.6465913670570809 -0
-0 -0 -0
-0 -0 -0
-0 -0 -0
-0 -0 -0
-0 -0 -0
-0 -0 -0
-0 -0 -0
-0 1.6772093948824522 -0
-0 -0 -0
-0 -0 -0
-0 1.6366878304734636 -0
-0 1.6103858337734998 -0
-0 -0 -0
-0 -0 -0
-0 -0 -0
-0 -0 -0
-0 -0 -0
-0 -0 -0
-0 -0 -0
-0 -0 -0
-0 -0 -0
-0 -0 -0
-0 1.6026277076752782 -0
-0 -0 -0
-0 -0 -0
-0 -0 -0
-0 -0 -0
-0 -0 -0
-0 -0 -0
-0 -0 -0
-0 -0 -0
-0 -0 -0
-0 -0 -0
-0 -0 -0
-0 -0 -0
-0 -0 -0
-0 1.5950429013147949 -0
-0 -0 -0
-0 -0 -0
-0 -0 -0
-0 -0 -0
-0 -0 -0
-0 -0 -0
-0 -0 -0
-0 -0 -0
-0 -0 -0
-0 -0 -0
-0 -0 -0
-0 -0 -0
-0 -0 -0
-0 -0 -0
-0 -0 -0
-0 -0 -0
-0 -0 -0
-0 1.6250604690051755 -0
-0 -0 -0
-0 -0 -0
-0 -0 -0
-0 -0 -0
-0 -0 -0
-0 -0 -0
-0 -0 -0
-0 -0 -0
-0 -0 -0
-0 -0 -0
-0 -0 -0
-0 -0 -0
-0 1.5996174255985915 -0
-0 -0 -0
-0 -0 -0
-0 -0 -0
-0 -0 -0
-0 1.3327490874891426 -0
-0 -0 -0
-0 -0 -0
-0 -0 -0
-0 -0 -0
-0 1.3664181710245957 -0
-0 -0 -0
-0 -0 -0
-0 -0 -0
-0 -0 -0
-0 1.5762143753748254 -0
-0 -0 -0
-0 -0 -0
-0 1.2283652821912681 -0
-0 -0 -0
-0 -0 -0
-0 -0 -0
-0 -0 -0
-0 -0 -0
-0 -0 -0
-0 -0 -0
-0 -0 -0
-0 1.3503750563543666 -0
-0 1.6735622984000325 -0
-0 -0 -0
-0 0.52512911340404644 -0
-0 -0 -0
-0 -0 -0
-0 1.6543800464063247 -0
-0 -0 -0
-0 -0 -0
-0 1.5896421722192697 -0
-0 1.6305884267557353 -0
-0 -0 -0
-0 -0 -0
-0 -0 -0
-0 -0 -0
-0 1.3317058479640136 -0
-0 1.5841980358749868 -0
-0 -0 -0
-0 -0 -0
-0 1.5812440111473649 -0
-0 1.3306832272344578 -0
-0 -0 -0
-0 -0 -0
-0 -0 -0
-0 1.6236395057828359 -0
-0 1.2283406594924875 -0
-0 -0 -0
-0 -0 -0
-0 -0 -0
-0 -0 -0
-0 -0 -0
-0 -0 -0
-0 -0 -0
-0 1.421098938463224 -0
-0 -0 -0
-0 -0 -0
-0 -0 -0
-0 1.3434573538303507 -0
-0 1.6972045109054505 -0
-0 -0 -0
-0 -0 -0
-0 -0 -0
-0 1.5930933626369537 -0
-0 -0 -0
-0 1.3360327514541315 -0
-0 -0 -0
-0 -0 -0
-0 -0 -0
-0 -0 -0
-0 -0 -0
-0 -0 -0
-0 -0 -0
-0 -0 -0
-0 -0 -0
-0 1.6550780005225392 -0
-0 -0 -0
-0 -0 -0
-0 1.5906102233361716 -0
-0 -0 -0
-0 -0 -0
-0 -0 -0
-0 -0 -0
-0 -0 -0
-0 -0 -0
-0 1.414837264923624 -0
-0 -0 -0
-0 -0 -0
-0 -0 -0
-0 1.3322708675843988 -0
-0 1.4069481262760377 -0
-0 1.6853637417717535 -0
-0 1.4220490304214997 -0
-0 1.5998091503070764 -0
-0 1.3607730590255045 -0
-0 -0 -0
-0 1.6815791859343949 -0
-0 1.3433083797312344 -0
-0 1.590487367023298 -0
-0 -0 -0
-0 -0 -0
-0 -0 -0
-0 -0 -0
-0 -0 -0
-0 -0 -0
-0 -0 -0
-0 -0 -0
-0 -0 -0
-0 -0 -0
-0 -0 -0
-0 1.3573537831945977 -0
-0 -0 -0
-0 -0 -0
-0 -0 -0
-0 -0 -0
-0 1.6241489775329292 -0
-0 -0 -0
-0 1.2775125179408762 -0
-0 -0 -0
-0 -0 -0
-0 -0 -0
-0 -0 -0
-0 -0 -0
-0 -0 -0
-0 -0 -0
-0 -0 -0
-0 -0 -0
-0 -0 -0
-0 -0 -0
-0 1.5898657069107776 -0
-0 -0 -0
-0 -0 -0
-0 -0 -0
-0 1.6659049827222456 -0
-0 -0 -0
-0 1.6788768626820256 -0
-0 -0 -0
-0 -0 -0
-0 1.306599782817037 -0
-0 -0 -0
-0 1.6376313025556239 -0
-0 -0 -0
-0 -0 -0
-0 1.5978913271388369 -0
-0 -0 -0
-0 -0 -0
-0 -0 -0
-0 1.3345485474296341 -0
-0 1.5670993307232863 -0
-0 -0 -0
-0 -0 -0
-0 1.5799175096111844 -0
-0 -0 -0
-0 -0 -0
-0 -0 -0
-0 -0 -0
-0 -0 -0
-0 -0 -0
-0 -0 -0
-0 -0 -0
-0 1.2397979293594168 -0
-0 -0 -0
-0 -0 -0
-0 -0 -0
-0 -0 -0
-0 1.6151037921801841 -0
-0 1.6137605018778807 -0
-0 -0 -0
-0 -0 -0
-0 -0 -0
-0 -0 -0
-0 -0 -0
-0 1.648161381792717 -0
-0 -0 -0
-0 -0 -0
-0 -0 -0
-0 -0 -0
-0 -0 -0
-0 -0 -0
-0 -0 -0
-0 -0 -0
-0 -0 -0
-0 -0 -0
-0 -0 -0
-0 -0 -0
-0 1.6356974643645616 -0
-0 -0 -0
-0 -0 -0
-0 1.6469405355172348 -0
-0 -0 -0
-0 -0 -0
-0 -0 -0
-0 -0 -0
-0 -0 -0
-0 1.631177633566127 -0
-0 -0 -0
-0 -0 -0
-0 -0 -0
-0 -0 -0
-0 -0 -0
-0 -0 -0
-0 -0 -0
-0 1.6254782139907853 -0
-0 -0 -0
-0 -0 -0
-0 -0 -0
-0 -0 -0
-0 -0 -0
-0 -0 -0
-0 -0 -0
-0 -0 -0
-0 -0 -0
-0 -0 -0
-0 -0 -0
-0 -0 -0
-0 -0 -0
-0 1.5871552196282437 -0
-0 -0 -0
-0 -0 -0
-0 -0 -0
-0 1.59688865312271 -0
-0 -0 -0
-0 -0 -0
-0 -0 -0
-0 -0 -0
-0 -0 -0
-0 -0 -0
-0 -0 -0
-0 1.6169577235875572 -0
-0 -0 -0
-0 -0 -0
-0 1.6134914880941902 -0
-0 -0 -0
-0 -0 -0
-0 -0 -0
-0 -0 -0
-0 -0 -0
-0 -0 -0
-0 -0 -0
-0 -0 -0
-0 -0 -0
-0 1.6565647373090793 -0
-0 -0 -0
-0 -0 -0
-0 -0 -0
-0 -0 -0
-0 -0 -0
-0 -0 -0
-0 1.6249606019605236 -0
-0 1.3996755874002142 -0
-0 -0 -0
-0 -0 -0
-0 -0 -0
-0 -0 -0
-0 -0 -0
-0 -0 -0
-0 -0 -0
-0 -0 -0
-0 -0 -0
-0 -0 -0
-0 -0 -0
-0 -0 -0
-0 -0 -0
-0 -0 -0
-0 -0 -0
-0 -0 -0
-0 -0 -0
-0 -0 -0
-0 -0 -0
-0 0.76935158309131468 -0
-0 -0 -0
-0 -0 -0
-0 1.6199065420803889 -0
-0 -0 -0
-0 -0 -0
-0 -0 -0
-0 -0 -0
-0 1.3440237937759822 -0
-0 -0 -0
-0 1.6415145040183601 -0
-0 1.5478200999806759 -0
-0 -0 -0
-0 -0 -0
-0 -0 -0
-0 -0 -0
-0 -0 -0
-0 -0 -0
-0 -0 -0
-0 1.3381594451541665 -0
-0 -0 -0
-0 -0 -0
-0 -0 -0
-0 -0 -0
-0 -0 -0
-0 -0 -0
-0 -0 -0
-0 -0 -0
-0 -0 -0
-0 -0 -0
-0 -0 -0
-0 -0 -0
-0 1.6196824259238298 -0
-0 -0 -0
-0 1.6203179965495389 -0
-0 1.3089079258977774 -0
-0 1.5819769026714809 -0
-0 -0 -0
-0 -0 -0
-0 -0 -0
-0 -0 -0
-0 -0 -0
-0 -0 -0
-0 -0 -0
-0 -0 -0
-0 -0 -0
-0 -0 -0
-0 -0 -0
-0 1.6482086103303777 -0
-0 -0 -0
-0 -0 -0
-0 -0 -0
-0 -0 -0
-0 -0 -0
-0 1.6202650520305932 -0
-0 -0 -0
-0 -0 -0
-0 -0 -0
-0 -0 -0
-0 -0 -0
-0 -0 -0
-0 -0 -0
-0 -0 -0
-0 -0 -0
-0 -0 -0
-0 -0 -0
-0 -0 -0
-0 -0 -0
-0 -0 -0
-0 -0 -0
-0 -0 -0
-0 -0 -0
-0 -0 -0
-0 -0 -0
-0 -0 -0
-0 -0 -0
-0 -0 -0
-0 -0 -0
-0 -0 -0
-0 -0 -0
-0 1.2374940565703492 -0
-0 -0 -0
-0 -0 -0
-0 -0 -0
-0 -0 -0
-0 -0 -0
-0 -0 -0
-0 -0 -0
-0 -0 -0
-0 -0 -0
-0 -0 -0
-0 -0 -0
-0 -0 -0
-0 -0 -0
-0 -0 -0
-0 -0 -0
-0 -0 -0
-0 -0 -0
-0 -0 -0
-0 -0 -0
-0 -0 -0
-0 -0 -0
-0 -0 -0
-0 -0 -0
-0 -0 -0
-0 -0 -0
-0 -0 -0
-0 -0 -0
-0 -0 -0
-0 -0 -0
-0 -0 -0
-0 1.1471622765703429 -0
-0 -0 -0
-0 -0 -0
-0 -0 -0
-0 -0 -0
-0 -0 -0
-0 -0 -0
-0 -0 -0
-0 1.2920724332531002 -0
-0 -0 -0
-0 -0 -0
-0 -0 -0
-0 -0 -0
-0 -0 -0
-0 -0 -0
-0 1.2660884370768453 -0
-0 -0 -0
-0 -0 -0
-0 -0 -0
-0 -0 -0
-0 -0 -0
-0 -0 -0
-0 -0 -0
-0 -0 -0
-0 1.2458516812095628 -0
-0 -0 -0
-0 1.2418309996460424 -0
-0 -0 -0
-0 -0 -0
-0 -0 -0
-0 -0 -0
-0 -0 -0
-0 1.1117784272057905 -0
-0 -0 -0
-0 -0 -0
-0 -0 -0
-0 -0 -0
-0 -0 -0
-0 -0 -0
-0 -0 -0
-0 -0 -0
-0 -0 -0
-0 -0 -0
-0 1.2298593370129274 -0
-0 -0 -0
-0 -0 -0
-0 -0 -0
-0 -0 -0
-0 -0 -0
-0 -0 -0
-0 -0 -0
-0 -0 -0
-0 -0 -0
-0 -0 -0
-0 -0 -0
-0 -0 -0
-0 -0 -0
-0 -0 -0
-0 -0 -0
-0 1.3137635903704434 -0
-0 -0 -0
-0 1.3203590975344617 -0
-0 -0 -0
-0 1.2511623173312283 -0
-0 -0 -0
-0 -0 -0
-0 -0 -0
-0 -0 -0
-0 -0 -0
-0 -0 -0
-0 1.3423739083473079 -0
-0 -0 -0
-0 -0 -0
-0 -0 -0
-0 -0 -0
-0 -0 -0
-0 -0 -0
-0 -0 -0
-0 -0 -0
-0 -0 -0
-0 -0 -0
-0 -0 -0
-0 -0 -0
-0 -0 -0
-0 -0 -0
-0 -0 -0
-0 -0 -0
-0 -0 -0
-0 -0 -0
-0 -0 -0
-0 -0 -0
-0 -0 -0
-0 -0 -0
-0 -0 -0
-0 1.2801479249283818 -0
-0 -0 -0
-0 -0 -0
-0 -0 -0
-0 -0 -0
-0 1.2372660270029567 -0
-0 -0 -0
-0 -0 -0
-0 -0 -0
-0 -0 -0
-0 -0 -0
-0 -0 -0
-0 -0 -0
-0 -0 -0
-0 -0 -0
-0 -0 -0
-0 -0 -0
-0 -0 -0
-0 -0 -0
-0 -0 -0
-0 -0 -0
-0 -0 -0
-0 -0 -0
-0 -0 -0
-0 -0 -0
-0 -0 -0
-0 -0 -0
-0 -0 -0
-0 -0 -0
-0 -0 -0
-0 -0 -0
-0 -0 -0
-0 -0 -0
-0 -0 -0
-0 -0 -0
-0 -0 -0
-0 -0 -0
-0 -0 -0
-0 -0 -0
-0 -0 -0
-0 -0 -0
-0 -0 -0
-0 -0 -0
-0 -0 -0
-0 -0 -0
-0 -0 -0
-0 -0 -0
-0 -0 -0
-0 -0 -0
-0 -0 -0
-0 -0 -0
-0 -0 -0
-0 1.1266814902427356 -0
-0 -0 -0
-0 -0 -0
-0 -0 -0
-0 -0 -0
-0 1.2893647834468758 -0
-0 -0 -0
-0 -0 -0
-0 -0 -0
-0 -0 -0
-0 -0 -0
-0 -0 -0
-0 -0 -0
-0 1.3759610218266032 -0
-0 -0 -0
-0 -0 -0
-0 -0 -0
-0 -0 -0
-0 -0 -0
-0 -0 -0
-0 -0 -0
-0 -0 -0
-0 -0 -0
-0 -0 -0
-0 -0 -0
-0 -0 -0
-0 1.1243961597870837 -0
-0 -0 -0
-0 -0 -0
-0 -0 -0
-0 -0 -0
-0 -0 -0
-0 -0 -0
-0 -0 -0
-0 -0 -0
-0 -0 -0
-0 1.2955598896661202 -0
-0 -0 -0
-0 -0 -0
-0 -0 -0
-0 -0 -0
-0 -0 -0
-0 1.2463768793930783 -0
-0 -0 -0
-0 -0 -0
-0 -0 -0
-0 -0 -0
-0 -0 -0
-0 -0 -0
-0 -0 -0
-0 -0 -0
-0 -0 -0
-0 -0 -0
-0 -0 -0
-0 -0 -0
-0 -0 -0
-0 -0 -0
-0 -0 -0
-0 -0 -0
-0 -0 -0
-0 -0 -0
-0 -0 -0
-0 -0 -0
-0 -0 -0
-0 -0 -0
-0 -0 -0
-0 -0 -0
-0 1.2332660171100118 -0
-0 -0 -0
-0 -0 -0
-0 -0 -0
-0 -0 -0
-0 -0 -0
-0 1.3097228469646509 -0
-0 -0 -0
-0 -0 -0
-0 -0 -0
-0 -0 -0
-0 -0 -0
-0 1.2558967764786475 -0
-0 -0 -0
-0 -0 -0
-0 -0 -0
-0 -0 -0
-0 -0 -0
-0 -0 -0
-0 -0 -0
-0 -0 -0
-0 -0 -0
-0 -0 -0
-0 -0 -0
-0 -0 -0
-0 -0 -0
-0 -0 -0
-0 -0 -0
-0 1.1120673699802404 -0
-0 -0 -0
-0 -0 -0
-0 -0 -0
-0 -0 -0
-0 -0 -0
-0 -0 -0
-0 -0 -0
-0 -0 -0
-0 -0 -0
-0 -0 -0
-0 -0 -0
-0 -0 -0
-0 -0 -0
-0 -0 -0
-0 -0 -0
-0 -0 -0
-0 -0 -0
-0 -0 -0
-0 -0 -0
-0 -0 -0
-0 -0 -0
-0 -0 -0
-0 -0 -0
-0 -0 -0
-0 -0 -0
-0 1.2750585661128873 -0
-0 -0 -0
-0 -0 -0
-0 -0 -0
-0 -0 -0
-0 -0 -0
-0 -0 -0
-0 -0 -0
-0 -0 -0
-0 -0 -0
-0 -0 -0
-0 -0 -0
-0 -0 -0
-0 -0 -0
-0 -0 -0
-0 -0 -0
-0 -0 -0
-0 -0 -0
-0 -0 -0
-0 1.2819955580360407 -0
-0 -0 -0
-0 -0 -0
-0 -0 -0
-0 -0 -0
-0 -0 -0
-0 -0 -0
-0 -0 -0
-0 -0 -0
-0 -0 -0
-0 -0 -0
-0 -0 -0
-0 -0 -0
-0 -0 -0
-0 -0 -0
-0 -0 -0
-0 -0 -0
-0 -0 -0
-0 -0 -0
-0 -0 -0
-0 -0 -0
-0 -0 -0
-0 -0 -0
-0 -0 -0
-0 -0 -0
-0 -0 -0
-0 -0 -0
-0 -0 -0
-0 1.2188512144176804 -0
-0 -0 -0
-0 -0 -0
-0 -0 -0
-0 -0 -0
-0 -0 -0
-0 -0 -0
-0 -0 -0
-0 -0 -0
-0 -0 -0
-0 -0 -0
-0 -0 -0
-0 -0 -0
-0 -0 -0
-0 -0 -0
-0 -0 -0
-0 -0 -0
-0 -0 -0
-0 -0 -0
-0 -0 -0
-0 -0 -0
-0 -0 -0
-0 1.2606673090481249 -0
-0 -0 -0
-0 -0 -0
-0 -0 -0
-0 -0 -0
-0 -0 -0
-0 -0 -0
-0 -0 -0
-0 -0 -0
-0 -0 -0
-0 -0 -0
-0 -0 -0
-0 -0 -0
-0 -0 -0
-0 -0 -0
-0 -0 -0
-0 -0 -0
-0 -0 -0
-0 -0 -0
-0 -0 -0
-0 -0 -0
-0 -0 -0
-0 -0 -0
-0 -0 -0
-0 -0 -0
-0 -0 -0
-0 -0 -0
-0 -0 -0
-0 -0 -0
-0 -0 -0
-0 -0 -0
-0 -0 -0
-0 -0 -0
-0 -0 -0
-0 -0 -0
-0 -0 -0
-0 -0 -0
-0 -0 -0
-0 -0 -0
-0 -0 -0
-0 1.2324881874571016 -0
-0 -0 -0
-0 1.2371400685845537 -0
-0 -0 -0
-0 -0 -0
-0 -0 -0
-0 -0 -0
-0 -0 -0
-0 -0 -0
-0 -0 -0
-0 -0 -0
-0 -0 -0
-0 -0 -0
-0 -0 -0
-0 -0 -0
-0 -0 -0
-0 -0 -0
-0 -0 -0
-0 -0 -0
-0 -0 -0
-0 -0 -0
-0 -0 -0
-0 -0 -0
-0 -0 -0
-0 1.2728710568229198 -0
-0 -0 -0
-0 -0 -0
-0 -0 -0
-0 -0 -0
-0 -0 -0
-0 -0 -0
-0 -0 -0
-0 -0 -0
-0 -0 -0
-0 -0 -0
-0 -0 -0
-0 -0 -0
-0 1.2314747479222523 -0
-0 -0 -0
-0 -0 -0
-0 -0 -0
-0 -0 -0
-0 -0 -0
-0 -0 -0
-0 -0 -0
-0 -0 -0
-0 -0 -0
-0 -0 -0
-0 -0 -0
-0 -0 -0
-0 -0 -0
-0 -0 -0
-0 -0 -0
-0 -0 -0
-0 -0 -0
-0 -0 -0
-0 -0 -0
-0 -0 -0
-0 -0 -0
-0 -0 -0
-0 -0 -0
-0 1.2418436527441326 -0
-0 -0 -0
-0 -0 -0
-0 -0 -0
-0 -0 -0
-0 -0 -0
-0 -0 -0
-0 -0 -0
-0 -0 -0
-0 -0 -0
-0 -0 -0
-0 1.2567371919677719 -0
-0 1.3391582182345789 -0
-0 -0 -0
-0 -0 -0
-0 -0 -0
-0 -0 -0
-0 -0 -0
-0 -0 -0
-0 -0 -0
-0 -0 -0
-0 -0 -0
-0 -0 -0
-0 -0 -0
-0 -0 -0
-0 -0 -0
-0 -0 -0
-0 -0 -0
-0 -0 -0
-0 -0 -0
-0 -0 -0
-0 -0 -0
-0 1.1872518821307978 -0
-0 -0 -0
-0 -0 -0
-0 -0 -0
-0 -0 -0
-0 -0 -0
-0 -0 -0
-0 -0 -0
-0 -0 -0
-0 -0 -0
-0 1.2327886577785365 -0
-0 -0 -0
-0 -0 -0
-0 -0 -0
-0 -0 -0
-0 -0 -0
-0 1.1825695271863379 -0
-0 -0 -0
-0 -0 -0
-0 -0 -0
-0 -0 -0
-0 -0 -0
-0 -0 -0
-0 -0 -0
-0 -0 -0
-0 -0 -0
-0 -0 -0
-0 -0 -0
-0 -0 -0
-0 -0 -0
-0 -0 -0
-0 -0 -0
-0 -0 -0
-0 -0 -0
-0 1.2666301932007784 -0
-0 -0 -0
-0 -0 -0
-0 -0 -0
-0 -0 -0
-0 -0 -0
-0 -0 -0
-0 -0 -0
-0 -0 -0
-0 -0 -0
-0 -0 -0
-0 -0 -0
-0 1.3308761671855909 -0
-0 -0 -0
-0 -0 -0
-0 -0 -0
-0 -0 -0
-0 -0 -0
-0 -0 -0
-0 -0 -0
-0 -0 -0
-0 -0 -0
-0 -0 -0
-0 -0 -0
-0 -0 -0
-0 -0 -0
-0 -0 -0
-0 -0 -0
-0 -0 -0
-0 -0 -0
-0 -0 -0
-0 -0 -0
-0 -0 -0
-0 -0 -0
-0 -0 -0
-0 1.251766989407388 -0
-0 1.2357051417388174 -0
-0 -0 -0
-0 -0 -0
-0 -0 -0
-0 -0 -0
-0 -0 -0
-0 -0 -0
-0 -0 -0
-0 -0 -0
-0 -0 -0
-0 -0 -0
-0 -0 -0
-0 -0 -0
-0 -0 -0
-0 -0 -0
-0 -0 -0
-0 -0 -0
-0 -0 -0
-0 -0 -0
-0 -0 -0
-0 -0 -0
-0 -0 -0
-0 -0 -0
-0 -0 -0
-0 -0 -0
-0 -0 -0
-0 -0 -0
-0 -0 -0
-0 -0 -0
-0 -0 -0
-0 -0 -0
-0 -0 -0
-0 -0 -0
-0 -0 -0
-0 -0 -0
-0 -0 -0
-0 -0 -0
-0 -0 -0
-0 -0 -0
-0 -0 -0
-0 -0 -0
-0 -0 -0
-0 -0 -0
-0 1.2407502144328464 -0
-0 -0 -0
-0 -0 -0
-0 -0 -0
-0 -0 -0
-0 -0 -0
-0 -0 -0
-0 -0 -0
-0 -0 -0
-0 -0 -0
-0 -0 -0
-0 -0 -0
-0 1.3043747082924397 -0
-0 -0 -0
-0 -0 -0
-0 -0 -0
-0 -0 -0
-0 -0 -0
-0 -0 -0
-0 -0 -0
-0 -0 -0
-0 -0 -0
-0 -0 -0
-0 -0 -0
-0 -0 -0
-0 -0 -0
-0 -0 -0
-0 -0 -0
-0 1.2399074641675143 -0
-0 -0 -0
-0 -0 -0
-0 -0 -0
-0 -0 -0
-0 -0 -0
-0 -0 -0
-0 -0 -0
-0 -0 -0
-0 -0 -0
-0 1.3850485150629408 -0
-0 -0 -0
-0 -0 -0
-0 -0 -0
-0 -0 -0
-0 -0 -0
-0 -0 -0
-0 -0 -0
-0 -0 -0
-0 -0 -0
-0 -0 -0
-0 -0 -0
-0 -0 -0
-0 -0 -0
-0 -0 -0
-0 -0 -0
-0 -0 -0
-0 -0 -0
-0 -0 -0
-0 -0 -0
-0 -0 -0
-0 -0 -0
-0 -0 -0
-0 -0 -0
-0 -0 -0
-0 -0 -0
-0 -0 -0
-0 1.2639422187773406 -0
-0 -0 -0
-0 -0 -0
-0 -0 -0
-0 -0 -0
-0 -0 -0
-0 -0 -0
-0 -0 -0
-0 -0 -0
-0 -0 -0
-0 -0 -0
-0 -0 -0
-0 -0 -0
-0 -0 -0
-0 -0 -0
-0 -0 -0
-0 -0 -0
-0 -0 -0
-0 -0 -0
-0 -0 -0
-0 -0 -0
-0 -0 -0
-0 -0 -0
-0 -0 -0
-0 -0 -0
-0 -0 -0
-0 -0 -0
-0 -0 -0
-0 -0 -0
-0 -0 -0
-0 -0 -0
-0 -0 -0
-0 -0 -0
-0 -0 -0
-0 -0 -0
-0 -0 -0
-0 -0 -0
-0 -0 -0
-0 -0 -0
-0 -0 -0
-0 -0 -0
-0 -0 -0
-0 -0 -0
-0 -0 -0
-0 -0 -0
-0 -0 -0
-0 -0 -0
-0 -0 -0
-0 -0 -0
-0 -0 -0
-0 -0 -0
-0 -0 -0
-0 -0 -0
-0 -0 -0
-0 -0 -0
-0 -0 -0
-0 -0 -0
-0 -0 -0
-0 -0 -0
-0 -0 -0
-0 -0 -0
-0 -0 -0
-0 -0 -0
-0 -0 -0
-0 -0 -0
-0 -0 -0
-0 -0 -0
-0 -0 -0
-0 -0 -0
-0 -0 -0
-0 -0 -0
-0 -0 -0
-0 -0 -0
-0 -0 -0
-0 1.2477685558794365 -0
-0 -0 -0
-0 -0 -0
-0 -0 -0
-0 -0 -0
-0 1.308478851452296 -0
-0 -0 -0
-0 -0 -0
-0 -0 -0
-0 -0 -0
-0 -0 -0
-0 -0 -0
-0 -0 -0
-0 1.1504773443580962 -0
-0 -0 -0
-0 -0 -0
-0 -0 -0
-0 -0 -0
-0 -0 -0
-0 -0 -0
-0 -0 -0
-0 -0 -0
-0 1.2830242519477697 -0
-0 -0 -0
-0 -0 -0
-0 -0 -0
-0 -0 -0
-0 -0 -0
-0 -0 -0
-0 -0 -0
-0 -0 -0
-0 -0 -0
-0 -0 -0
-0 -0 -0
-0 -0 -0
-0 -0 -0
-0 -0 -0
-0 1.2446878355126518 -0
-0 -0 -0
-0 -0 -0
-0 -0 -0
-0 -0 -0
-0 1.2493671887899092 -0
-0 -0 -0
-0 -0 -0
-0 -0 -0
-0 -0 -0
-0 1.1630611426689037 -0
-0 -0 -0
-0 -0 -0
-0 -0 -0
-0 -0 -0
-0 -0 -0
-0 -0 -0
-0 -0 -0
-0 1.373275050745022 -0
-0 -0 -0
-0 -0 -0
-0 -0 -0
-0 1.258980447198514 -0
-0 -0 -0
-0 -0 -0
-0 -0 -0
-0 -0 -0
-0 -0 -0
-0 -0 -0
-0 1.25129499715811 -0
-0 -0 -0
-0 -0 -0
-0 -0 -0
-0 -0 -0
-0 -0 -0
-0 -0 -0
-0 -0 -0
-0 -0 -0
-0 -0 -0
-0 -0 -0
-0 -0 -0
-0 -0 -0
-0 -0 -0
-0 -0 -0
-0 -0 -0
-0 -0 -0
-0 -0 -0
-0 -0 -0
-0 -0 -0
-0 -0 -0
-0 -0 -0
-0 -0 -0
-0 -0 -0
-0 1.2570890328576003 -0
-0 1.3567560018457665 -0
-0 -0 -0
-0 1.3821447769100446 -0
-0 -0 -0
-0 1.3078470122015886 -0
-0 -0 -0
-0 -0 -0
-0 1.2847537586980562 -0
-0 -0 -0
-0 -0 -0
-0 -0 -0
-0 -0 -0
-0 -0 -0
-0 -0 -0
-0 -0 -0
-0 -0 -0
-0 -0 -0
-0 -0 -0
-0 -0 -0
-0 -0 -0
-0 1.2827653001203352 -0
-0 -0 -0
-0 -0 -0
-0 -0 -0
-0 -0 -0
-0 -0 -0
-0 -0 -0
-0 1.213817833302864 -0
-0 -0 -0
-0 -0 -0
-0 -0 -0
-0 -0 -0
-0 -0 -0
-0 -0 -0
-0 -0 -0
-0 -0 -0
-0 -0 -0
-0 -0 -0
-0 -0 -0
-0 -0 -0
-0 -0 -0
-0 -0 -0
-0 -0 -0
-0 -0 -0
-0 -0 -0
-0 -0 -0
-0 -0 -0
-0 -0 -0
-0 1.2277375788901053 -0
-0 -0 -0
-0 -0 -0
-0 -0 -0
-0 -0 -0
-0 -0 -0
-0 -0 -0
-0 -0 -0
-0 -0 -0
-0 1.2489431507283597 -0
-0 -0 -0
-0 -0 -0
-0 -0 -0
-0 -0 -0
-0 -0 -0
-0 -0 -0
-0 -0 -0
-0 -0 -0
-0 -0 -0
-0 -0 -0
-0 -0 -0
-0 -0 -0
-0 1.1644695778852419 -0
-0 -0 -0
-0 -0 -0
-0 -0 -0
-0 -0 -0
-0 -0 -0
-0 -0 -0
-0 -0 -0
-0 -0 -0
-0 -0 -0
-0 -0 -0
-0 -0 -0
-0 -0 -0
-0 -0 -0
-0 -0 -0
-0 -0 -0
-0 -0 -0
-0 -0 -0
-0 -0 -0
-0 -0 -0
-0 -0 -0
-0 -0 -0
-0 -0 -0
-0 -0 -0
-0 -0 -0
-0 -0 -0
-0 -0 -0
-0 -0 -0
-0 -0 -0
-0 -0 -0
-0 -0 -0
-0 -0 -0
-0 -0 -0
-0 -0 -0
-0 -0 -0
-0 -0 -0
-0 -0 -0
-0 -0 -0
-0 -0 -0
-0 -0 -0
-0 -0 -0
-0 -0 -0
-0 -0 -0
-0 -0 -0
-0 -0 -0
-0 -0 -0
-0 -0 -0
-0 -0 -0
-0 -0 -0
-0 -0 -0
-0 -0 -0
-0 -0 -0
-0 -0 -0
-0 -0 -0
-0 -0 -0
-0 -0 -0
-0 -0 -0
-0 -0 -0
-0 -0 -0
-0 -0 -0
-0 -0 -0
-0 -0 -0
-0 -0 -0
-0 -0 -0
-0 -0 -0
-0 -0 -0
-0 -0 -0
-0 -0 -0
-0 -0 -0
-0 -0 -0
-0 -0 -0
-0 -0 -0
-0 -0 -0
-0 -0 -0
-0 -0 -0
-0 -0 -0
-0 -0 -0
-0 -0 -0
-0 -0 -0
-0 -0 -0
-0 -0 -0
-0 -0 -0
-0 -0 -0
-0 -0 -0
-0 -0 -0
-0 -0 -0
-0 -0 -0
-0 -0 -0
-0 -0 -0
-0 1.3594955990571482 -0
-0 -0 -0
-0 -0 -0
-0 -0 -0
-0 -0 -0
-0 -0 -0
-0 -0 -0
-0 -0 -0
-0 -0 -0
-0 -0 -0
-0 -0 -0
-0 -0 -0
-0 -0 -0
-0 -0 -0
-0 -0 -0
-0 -0 -0
-0 -0 -0
-0 -0 -0
-0 -0 -0
-0 -0 -0
-0 -0 -0
-0 -0 -0
-0 -0 -0
-0 -0 -0
-0 -0 -0
-0 -0 -0
-0 -0 -0
-0 -0 -0
-0 1.2594614595794078 -0
-0 -0 -0
-0 -0 -0
-0 -0 -0
-0 -0 -0
-0 -0 -0
-0 -0 -0
-0 -0 -0
-0 -0 -0
-0 -0 -0
-0 -0 -0
-0 1.2648396894410652 -0
-0 -0 -0
-0 -0 -0
-0 -0 -0
-0 -0 -0
-0 -0 -0
-0 -0 -0
-0 -0 -0
-0 -0 -0
-0 -0 -0
-0 -0 -0
-0 -0 -0
-0 -0 -0
-0 -0 -0
-0 -0 -0
-0 -0 -0
-0 1.2289024179862476 -0
-0 -0 -0
-0 -0 -0
-0 -0 -0
-0 -0 -0
-0 -0 -0
-0 -0 -0
-0 -0 -0
-0 -0 -0
-0 -0 -0
-0 -0 -0
-0 -0 -0
-0 -0 -0
-0 -0 -0
-0 -0 -0
-0 -0 -0
-0 -0 -0
-0 -0 -0
-0 -0 -0
-0 -0 -0
-0 -0 -0
-0 -0 -0
-0 -0 -0
-0 -0 -0
SCALARS density float 1
LOOKUP_TABLE default
374.88487251736427
586.33061753683558
696.42033493278996
787.23148360352388
583.70236193289873
959.22625261889686
1020
1020
634.549847965053
1020
637.63840150168608
1020
1020
1020
1020
1020
697.20123388946661
953.52772272753077
936.7235097804039
1020
1020
1020
1020
769.7092722636861
649.72520934983015
665.65483674391123
551.42505928494813
896.77507122343627
1020
1020
1020
1020
949.76006937731267
1020
1020
1020
1020
1020
1020
1020
1020
1020
1020
1020
1020
1020
1020
1020
963.81700120009032
1020
943.01369112577356
750.22402164141704
777.54165923447329
975.26061865311021
1020
1020
929.5198775764693
1020
1010.3190225906707
1020
1020
1020
1020
1020
917.48574411980485
1000.5795929900062
1020
1020
850.82155557091494
952.80954609714581
738.15634103761965
880.76105925389231
1020
1020
1020
1003.4876248315201
1020
1020
1020
1020
1020
1020
928.09792727850208
1020
1020
1020
1020
1020
993.32834072153582
1020
855.30526324294624
966.68096618081336
816.32691326968177
1020
1020
990.7473182439162
925.2798585355124
853.90197803574733
1020
1020
1020
992.78705923527775
1020
1020
945.4696520329345
897.49915168365828
981.3670579317602
867.98845604556573
624.09850141438346
1020
1020
1020
1020
1020
1020
1020
883.81784782899445
1020
1020
1020
1020
1020
1020
1020
1020
1020
1020
1020
1020
1020
1020
1020
1020
1020
1020
1020
1020
1020
1020
1020
1020
1020
1020
1020
1020
1020
1020
1020
1020
1020
1020
1020
1020
1020
856.56378626956848
1020
1020
1020
1020
1020
1020
1020
695.96343990135028
897.90374239388711
685.28635674958127
933.35305384780463
1020
920.03772392178496
1020
1020
1020
1020
1020
1020
1020
1020
1020
1020
1020
1020
1020
1020
1020
1020
1020
1020
1020
1020
1020
1020
1020
1020
1020
1020
1020
1020
1020
1020
1020
1020
1020
1020
1020
1020
1020
1020
1020
1020
1020
1020
1020
1020
1020
1020
1020
1020
1020
1020
1020
1020
1020
1020
1020
1020
1020
1020
1020
1020
1020
1020
1020
1020
1020
1003.2727613144168
1020
1020
1020
1020
1020
1020
1020
1020
1020
1020
1020
1020
1020
1020
1020
1020
1020
1020
1020
1020
1020
1020
1020
1020
1020
1020
1020
1020
1020
1020
1020
924.295133370798
1020
1020
1020
1020
1020
1020
1020
1020
1020
1020
1020
1020
1020
1020
1020
1020
1020
1020
1020
1002.2926413746577
1020
1020
1020
1020
1020
1020
1020
1020
1020
1020
1020
1020
1020
1020
1020
1020
1020
1020
1020
1020
1020
1020
1020
994.5320582403275
1020
1020
1020
1020
1020
1020
1020
1020
1020
1020
1020
1020
1020
1020
1020
1020
1020
1020
1020
1020
1020
1020
1020
1020
1020
1000.3764502205343
1020
1020
1020
1020
1020
1020
1020
1020
1020
1020
1020
1020
1020
1020
1020
1020
1020
1020
1020
1020
1020
1020
1020
1020
1020
1020
1020
1020
1020
1020
1020
1020
1020
1020
1020
960.97500304544678
1020
1020
1020
1020
1020
994.18275987472987
1008.9631585743655
1020
1020
1020
1011.4333466103805
1020
1008.3246790514804
1011.9187725949205
1006.0883599732459
1005.9581494168013
1020
1020
1020
1020
1020
1020
1012.5968355771437
1016.7796607762749
1007.554206947722
1011.1052816682901
1002.215501422105
1003.2091943023571
1020
1020
1017.0809213240083
1006.7361324776119
1002.8836373367932
1020
1016.615330962309
1020
983.34625804123948
1013.7167861905315
1002.9900844909309
991.5029741874057
980.6754063526264
1020
1006.3942651025054
1020
1001.58984851071
1000.5157141218064
1020
1013.6852941725866
1020
996.48178549392389
1002.690465291867
1000.5357312534784
980.17332202605951
978.40962021523694
1020
1020
1020
1020
1012.6868912573299
1020
1012.1298441636333
1020
1007.6262529000885
1008.9352997923455
1002.4637409141508
1004.3242193659538
1020
1020
1020
1020
1020
1020
1013.8197299263697
1020
1020
1014.6977366529663
1020
1018.3936606733992
1020
1008.7068327464247
1020
1012.1132830556953
1001.0293881530592
1003.9242675570059
1010.1788862730673
1003.466279685342
1005.1491567232912
1011.2477044918152
1005.2750568508238
1006.0152789605294
993.24173522471051
939.07535517569681
1002.1213974671012
1002.0801026280559
1001.8904111984617
1020
1005.1365985819258
1020
994.76201879147561
1003.5655602233884
980.74400923103747
978.83185396764634
995.94023992488655
937.69863114224131
1005.0079318338356
988.85632218805767
1003.3212909321431
1002.9563627352633
1004.9507080099008
1002.6778983805219
1005.6039400061067
1003.8289737858469
1006.9281124204977
1003.3410940484572
1020
1008.4848360488299
1020
1001.8585381715205
1020
1014.7107778063627
1020
998.3274114888402
981.75266927288362
979.08443467119537
982.74744603646377
979.25172408661092
1020
1020
1020
1020
778.42905074004227
1018.1364254977407
1020
1020
1011.230604183442
1017.409046856708
1003.8486383991144
994.58724390627401
754.40095850741739
980.95356406077872
743.6754759612063
1020
1020
1020
1020
770.96594290536336
743.52692625557654
1013.6887232607922
1014.7678949358746
1014.5670386106558
1004.6083791519443
1005.3670774096607
1005.3513718766004
989.42988137261204
981.26498298946626
738.20746266270623
1009.946350907843
1010.6998272800301
998.68306844803863
974.35195161347121
748.51471728488241
1006.9518630243956
1014.8186963507931
1009.1867709898668
976.85607835274527
987.78169837250528
986.97706387380606
970.28170241283237
753.70497256669887
949.04458646505464
732.66528534403255
1001.0856182142364
1002.0190880220525
1002.5288509139859
1000.2811825232822
1000.9035715774772
1001.3115901345724
979.00415580349193
736.8634296485576
977.53482901773839
735.55165051588551
977.27630800304746
976.77126099013958
976.38220738773634
952.08834553050815
715.64401891534646
1020
1020
1020
1014.8754314688796
1015.7777689229031
1015.7240310874087
1020
774.89942811058461
990.65012497993155
744.47942726550036
1005.2203840880081
1005.646778796568
1005.7409496560502
981.39932363011667
737.9101678258877
1020
1020
1020
1015.9714707954365
1016.8212779722593
1016.7164572502036
1020
1020
1020
1016.8061726562203
1017.7053057571162
1017.6232597405151
1020
772.00294172014185
991.55547749095092
745.11655238727474
1020
781.06025615728004
992.39188579891527
745.69041005456631
1005.7664273442044
1005.9725933438102
1005.9512124605039
1006.2059677507455
1006.2095645970095
1006.0937605901164
981.47283535167594
737.8601864252995
981.55377873194504
737.88799345394887
1002.0412388002734
1002.1600711153014
1002.2847599507817
1001.1608908547332
1000.9589705618856
1000.9235133022397
978.18408900013958
735.62280380307902
976.74987675211094
734.50591106204388
977.74260060134304
977.14522423793994
976.80265699720553
952.4538034947833
715.67325240261277
1002.5318177380481
1002.304652891474
1002.1984502687508
1001.5754329004801
1001.0807982237128
1000.8637718956912
1002.366419087688
1002.8543518950869
1002.1252211513194
1001.7826357453985
1001.0917206350421
1000.7780869132796
977.89354933830793
735.26747463381946
976.55440667985602
734.26560372639199
977.74417245557595
735.12046339530195
976.41723266741576
734.13916889129632
977.78992880148974
977.1246171608168
976.77220980959748
977.71307175799814
976.97203384692762
976.59685519176344
952.40591379547379
715.56859796761421
952.2256419709521
715.4091724963946
576.93899246395085
718.52585707055641
860.9502751228149
822.82088203470687
813.65586859555651
853.56709990998888
858.36707721802406
620.77859103932315
802.43508619842555
754.92757137010506
821.62209383654704
762.68198560754843
751.79628554268459
763.20636124085877
867.67147724587494
750.18625296507582
747.19076760521966
760.11624089652423
857.98798450195386
747.74216010629868
744.3687412164096
759.16002800105457
843.59320049173107
845.21370410428449
759.64569653283502
746.57043983019548
742.52453495931582
745.94505884644002
741.47143873538437
748.52966742443891
753.33383157207709
753.64316664066905
728.64211148706352
551.51997774041001
744.55161758309475
742.66742442900852
741.35564831580075
721.72626687536172
542.49438719663897
740.45837796283149
741.98425980228501
739.49522928988677
720.03331930404488
540.86864248612551
740.02202748329728
738.5302161984315
737.66494383379563
738.85284669986936
737.3456554739322
736.51162166359893
718.34615024183711
539.46767071739691
717.27220237076222
538.60039597523144
805.24088764126009
1020
1020
1020
1020
1020
1020
1020
952.03831988449065
1020
1020
1020
1020
1020
1020
1020
1020
1020
1020
1020
1020
1020
1020
1020
1020
1020
1020
1020
1020
1020
1020
1020
1020
1020
1020
1020
1020
1020
1020
1020
1020
1020
1020
1020
1020
1020
1020
1020
1020
1020
1020
1020
1020
1020
1020
1020
1020
1020
1020
1020
1020
1020
1020
1020
1020
1020
1020
1020
1020
1020
1020
1020
1020
1020
1020
1020
1020
1020
1020
1020
1020
1020
1020
1020
1020
1020
1020
1020
1020
854.85697523457691
983.45257942487581
1020
1020
1012.9830585131208
1016.3930280070277
1020
1020
1020
1020
1020
1020
1020
1020
1020
1020
1020
1020
1020
1020
1020
1020
1020
1020
1020
1020
1020
1020
1020
1020
1020
1020
1020
1020
1020
1020
1020
1020
1020
1020
1020
1020
1020
1020
1020
1020
1020
1020
1020
1020
1020
1020
1020
1020
1020
1020
1020
1020
1020
1020
1020
1020
1020
1020
1020
992.65231339968068
1020
1020
1020
1020
1020
1020
1020
955.3860802814288
1020
1020
837.55451368761351
963.91973601268114
1020
1020
1020
1020
1020
1020
1020
1020
1020
1020
1020
1020
1020
1020
1020
1020
1020
1020
1020
1020
1020
1020
1020
1020
1020
1020
1020
941.97363201726534
1020
1020
1020
1020
1020
1020
1020
1020
1020
1020
1020
1020
1020
973.71952782891833
939.59029453462119
1020
1020
1020
1020
832.23030712566538
1020
1020
1020
1020
1015.4883254935606
1020
1012.6513595661048
1013.504955129782
1006.194317196244
1012.323073155845
1007.439375672684
1006.8364783660114
1020
1020
1020
1020
1020
1015.8468416011179
1020
1020
1020
1019.0460142128994
1013.1954312239686
1009.3928141866768
1007.3614892864267
1020
1020
1008.0850864590859
1004.5880590435531
1008.4085449026746
1003.6951925734949
1020
1020
1020
995.01870393454999
982.81517073117129
979.12502031346241
1020
1020
1009.888820061847
1005.0238833641092
1008.4831300517848
1003.5490035144562
1020
1020
1020
996.32179611297829
981.3801676779176
978.52298856025538
993.85038044702947
970.8166639082865
1019.8401277056745
1020
990.50512178571159
1013.4606256539563
984.63980919786934
1020
997.43838025461525
988.72070525788752
986.24915349661171
983.02626863151704
768.8692804888567
691.9878834334412
789.36021255343735
791.00471504665325
767.48681572799478
772.95451108245277
744.63619846173287
925.60117721434585
770.63978460646445
764.06153115465827
760.94809911391201
762.13641962898942
1007.9214234464174
1020
986.52602633024253
980.90293359770828
983.37635612343081
978.81784663578003
1020
1000.4166835792925
1020
970.20929718827949
955.26521357906722
953.43554936056535
790.45787818155623
910.97318862770112
775.73773738402974
760.12441224009092
777.8468862537427
764.46039176869681
870.25940588104095
779.72075280172726
893.78474520968496
760.78641008310797
749.28028826310708
753.9731256666081
1020
1020
1020
1017.2823033663824
1018.1011077821217
1018.0930874710729
1020
786.46070741847768
992.88244974411407
746.02732654569991
1006.4463018444394
1006.2141266755814
1006.0491714489614
981.53178734224264
737.88567066520636
1020
1020
1020
1016.9341581381476
1017.4711244548802
1017.6502949571692
1020
778.95760995390629
992.74536948570892
746.05245435534312
1006.2563397543441
1005.7579859624132
1005.6649422993501
981.3667886812633
737.88463696615997
1002.9842980992328
1002.2365716058001
1001.9011693210532
1001.7522098399971
1000.8948124235673
1000.5046423243331
977.50848455678999
734.94520960065438
976.12127779745435
733.909775179701
977.50958810626696
976.72476559063159
976.32280674751394
951.94489475401394
715.18693820470628
1002.7808529710542
1001.7215771944067
1001.3320532550593
1001.3803508476682
1000.3172305987999
999.826757969808
977.03405913924394
734.64392039465031
975.44764760498447
733.40411929870334
977.0676311002569
976.24516613987464
975.78916447002916
951.39073658368864
714.74829483705207
1020
1020
1020
990.69565563018557
991.12982414241321
991.91748734749501
1009.158445975007
753.41165596821361
967.87063589227671
727.22588391852651
981.03169018584185
980.29986226369226
980.60603463139171
956.99487096154735
719.35766489854552
781.99744118893716
794.25079392386954
814.73843722407275
752.74813550635429
764.96130272402854
780.00074637912905
785.65873768512188
588.61513450639393
752.33191069231884
575.14331708347561
753.40806298959626
760.92441476879264
770.22237780819512
752.98122660069112
580.82496273627817
976.33094558283346
977.87372918182814
975.99660609903844
976.3911050452092
974.8905319736208
974.23601649454156
952.10159915939528
715.51867136419412
949.98899558204459
713.71677348402739
952.22198223957366
951.26193799328712
950.67357175826658
926.27839762978863
695.24637612403285
748.42452023975011
753.96554328680179
761.06088905661875
751.24829629038072
746.34692261134126
744.44145455151067
749.7671715890591
572.56788960526626
737.80952075645189
558.8218710140012
748.65669344850528
736.23681289218337
735.34047535713228
719.50676149100934
534.93588225362794
885.41306336505704
762.98541901079614
745.17410965730971
740.87197165344276
756.48192386744313
854.31226802772505
743.85040862313485
740.40258301081019
730.64521138443922
769.10835381094603
723.5468559034781
720.92555458536981
571.20669794975413
670.09124036835283
554.33139707484338
563.58841342794835
738.2860390375281
736.7913783159637
735.97141202023533
716.7637404408913
538.19819908447982
738.03521491137644
736.59189760069012
735.77779152957942
716.56501864836753
538.041157388221
718.92097062423011
717.56378582038076
716.74145097928829
697.531672721267
523.33742138130822
572.87097541394814
565.29460674332302
566.31160132439231
548.59538000474913
398.90652736258323
1000
1000
1000
1000
1000
1000
1000
1000
1000
1000
1000
1000
1000
1000
1000
1000
1000
1000
1000
1000
1000
1000
1000
1000
1000
1000
1000
1000
1000
1000
1000
1000
1000
1000
1000
1000
1000
1000
1000
1000
1000
1000
1000
1000
1000
1000
1000
1000
1000
1000
1000
1000
1000
1000
1000
1000
1000
1000
1000
1000
1000
1000
1000
1000
1000
1000
1000
1000
1000
1000
1000
1000
1000
1000
1000
1000
1000
1000
1000
1000
1000
1000
1000
1000
1000
1000
1000
1000
1000
1000
1000
1000
1000
1000
1000
1000
1000
1000
1000
1000
1000
1000
1000
1000
1000
1000
1000
1000
1000
1000
1000
1000
1000
1000
1000
1000
1000
1000
1000
1000
1000
1000
1000
1000
1000
1000
1000
1000
1000
1000
1000
1000
1000
1000
1000
1000
1000
1000
1000
1000
1000
1000
1000
1000
1000
1000
1000
1000
1000
1000
1000
1000
1000
1000
1000
1000
1000
1000
1000
1000
1000
1000
1000
1000
1000
1000
1000
1000
1000
1000
1000
1000
1000
1000
1000
1000
1000
1000
1000
1000
1000
1000
1000
1000
1000
1000
1000
1000
1000
1000
1000
1000
1000
1000
1000
1000
1000
1000
1000
1000
1000
1000
1000
1000
1000
1000
1000
1000
1000
1000
1000
1000
1000
1000
1000
1000
1000
1000
1000
1000
1000
1000
1000
1000
1000
1000
1000
1000
1000
1000
1000
1000
1000
1000
1000
1000
1000
1000
1000
1000
1000
1000
1000
1000
1000
1000
1000
1000
1000
1000
1000
1000
1000
1000
1000
1000
1000
1000
1000
1000
1000
1000
1000
1000
1000
1000
1000
1000
1000
1000
1000
1000
1000
1000
1000
1000
1000
1000
1000
1000
1000
1000
1000
1000
1000
1000
1000
1000
1000
1000
1000
1000
1000
1000
1000
1000
1000
1000
1000
1000
1000
1000
1000
1000
1000
1000
1000
1000
1000
1000
1000
1000
1000
1000
1000
1000
1000
1000
1000
1000
1000
1000
1000
1000
1000
1000
1000
1000
1000
1000
1000
1000
1000
1000
1000
1000
1000
1000
1000
1000
1000
1000
1000
1000
1000
1000
1000
1000
1000
1000
1000
1000
1000
1000
1000
1000
1000
1000
1000
1000
1000
1000
1000
1000
1000
1000
1000
1000
1000
1000
1000
1000
1000
1000
1000
1000
1000
1000
1000
1000
1000
1000
1000
1000
1000
1000
1000
1000
1000
1000
1000
1000
1000
1000
1000
1000
1000
1000
1000
1000
1000
1000
1000
1000
1000
1000
1000
1000
1000
1000
1000
1000
1000
1000
1000
1000
1000
1000
1000
1000
1000
1000
1000
1000
1000
1000
1000
1000
1000
1000
1000
1000
1000
1000
1000
1000
1000
1000
1000
1000
1000
1000
1000
1000
1000
1000
1000
1000
1000
1000
1000
1000
1000
1000
1000
1000
1000
1000
1000
1000
1000
1000
1000
1000
1000
1000
1000
1000
1000
1000
1000
1000
1000
1000
1000
1000
1000
1000
1000
1000
1000
1000
1000
1000
1000
1000
1000
1000
1000
1000
1000
1000
1000
1000
1000
1000
1000
1000
1000
1000
1000
1000
1000
1000
1000
1000
1000
1000
1000
1000
1000
1000
1000
1000
1000
1000
1000
1000
1000
1000
1000
1000
1000
1000
1000
1000
1000
1000
1000
1000
1000
1000
1000
1000
1000
1000
1000
1000
1000
1000
1000
1000
1000
1000
1000
1000
1000
1000
1000
1000
1000
1000
1000
1000
1000
1000
1000
1000
1000
1000
1000
1000
1000
1000
1000
1000
1000
1000
1000
1000
1000
1000
1000
1000
1000
1000
1000
1000
1000
1000
1000
1000
1000
1000
1000
1000
1000
1000
1000
1000
1000
1000
1000
1000
1000
1000
1000
1000
1000
1000
1000
1000
1000
1000
1000
1000
1000
1000
1000
1000
1000
1000
1000
1000
1000
1000
1000
1000
1000
1000
1000
1000
1000
1000
1000
1000
1000
1000
1000
1000
1000
1000
1000
1000
1000
1000
1000
1000
1000
1000
1000
1000
1000
1000
1000
1000
1000
1000
1000
1000
1000
1000
1000
1000
1000
1000
1000
1000
1000
1000
1000
1000
1000
1000
1000
1000
1000
1000
1000
1000
1000
1000
1000
1000
1000
1000
1000
1000
1000
1000
1000
1000
1000
1000
1000
1000
1000
1000
1000
1000
1000
1000
1000
1000
1000
1000
1000
1000
1000
1000
1000
1000
1000
1000
1000
1000
1000
1000
1000
1000
1000
1000
1000
1000
1000
1000
1000
1000
1000
1000
1000
1000
1000
1000
1000
1000
1000
1000
1000
1000
1000
1000
1000
1000
1000
1000
1000
1000
1000
1000
1000
1000
1000
1000
1000
1000
1000
1000
1000
1000
1000
1000
1000
1000
1000
1000
1000
1000
1000
1000
1000
1000
1000
1000
1000
1000
1000
1000
1000
1000
1000
1000
1000
1000
1000
1000
1000
1000
1000
1000
1000
1000
1000
1000
1000
1000
1000
1000
1000
1000
1000
1000
1000
1000
1000
1000
1000
1000
1000
1000
1000
1000
1000
1000
1000
1000
1000
1000
1000
1000
1000
1000
1000
1000
1000
1000
1000
1000
1000
1000
1000
1000
1000
1000
1000
1000
1000
1000
1000
1000
1000
1000
1000
1000
1000
1000
1000
1000
1000
1000
1000
1000
1000
1000
1000
1000
1000
1000
1000
1000
1000
1000
1000
1000
1000
1000
1000
1000
1000
1000
1000
1000
1000
1000
1000
1000
1000
1000
1000
1000
1000
1000
1000
1000
1000
1000
1000
1000
1000
1000
1000
1000
1000
1000
1000
1000
1000
1000
1000
1000
1000
1000
1000
1000
1000
1000
1000
1000
1000
1000
1000
1000
1000
1000
1000
1000
1000
1000
1000
1000
1000
1000
1000
1000
1000
1000
1000
1000
1000
1000
1000
1000
1000
1000
1000
1000
1000
1000
1000
1000
1000
1000
1000
1000
1000
1000
1000
1000
1000
1000
1000
1000
1000
1000
1000
1000
1000
1000
1000
1000
1000
1000
1000
1000
1000
1000
1000
1000
1000
1000
1000
1000
1000
1000
1000
1000
1000
1000
1000
1000
1000
1000
1000
1000
1000
1000
1000
1000
1000
1000
1000
1000
1000
1000
1000
1000
1000
1000
1000
1000
1000
1000
1000
1000
1000
1000
1000
1000
1000
1000
1000
1000
1000
1000
1000
1000
1000
1000
1000
1000
1000
1000
1000
1000
1000
1000
1000
1000
1000
1000
1000
1000
1000
1000
1000
1000
1000
1000
1000
1000
1000
1000
1000
1000
1000
1000
1000
1000
1000
1000
1000
1000
1000
1000
1000
1000
1000
1000
1000
1000
1000
1000
1000
1000
1000
1000
1000
1000
1000
1000
1000
1000
1000
1000
1000
1000
1000
1000
1000
1000
1000
1000
1000
1000
1000
1000
1000
1000
1000
1000
1000
1000
1000
1000
1000
1000
1000
1000
1000
1000
1000
1000
1000
1000
1000
1000
1000
1000
1000
1000
1000
1000
1000
1000
1000
1000
1000
1000
1000
1000
1000
1000
1000
1000
1000
1000
1000
1000
1000
1000
1000
1000
1000
1000
1000
1000
1000
1000
1000
1000
1000
1000
1000
1000
1000
1000
1000
1000
1000
1000
1000
1000
1000
1000
1000
1000
1000
1000
1000
1000
1000
1000
1000
1000
1000
1000
1000
1000
1000
1000
1000
1000
1000
1000
1000
1000
1000
1000
1000
1000
1000
1000
1000
1000
1000
1000
1000
1000
1000
1000
1000
1000
1000
1000
1000
1000
1000
1000
1000
1000
1000
1000
1000
1000
1000
1000
1000
1000
1000
1000
1000
1000
1000
1000
1000
1000
1000
1000
1000
1000
1000
1000
1000
1000
1000
1000
1000
1000
1000
1000
1000
1000
1000
1000
1000
1000
1000
1000
1000
1000
1000
1000
1000
1000
1000
1000
1000
1000
1000
1000
1000
1000
1000
1000
1000
1000
1000
1000
1000
1000
1000
1000
1000
1000
1000
1000
1000
1000
1000
1000
1000
1000
1000
1000
1000
1000
1000
1000
1000
1000
1000
1000
1000
1000
1000
1000
1000
1000
1000
1000
1000
1000
1000
1000
1000
1000
1000
1000
1000
1000
1000
1000
1000
1000
1000
1000
1000
1000
1000
1000
1000
1000
1000
1000
1000
1000
1000
1000
1000
1000
1000
1000
1000
1000
1000
1000
1000
1000
1000
1000
1000
1000
1000
1000
1000
1000
1000
1000
1000
1000
1000
1000
1000
1000
1000
1000
1000
1000
1000
1000
1000
1000
1000
1000
1000
1000
1000
1000
1000
1000
1000
1000
1000
1000
1000
1000
1000
1000
1000
1000
1000
1000
1000
1000
1000
1000
1000
1000
1000
1000
1000
1000
1000
1000
1000
1000
1000
1000
1000
1000
1000
1000
1000
1000
1000
1000
1000
1000
1000
1000
1000
1000
1000
1000
1000
1000
1000
1000
1000
1000
1000
1000
1000
1000
1000
1000
1000
1000
1000
1000
1000
1000
1000
1000
1000
1000
1000
1000
1000
1000
1000
1000
1000
1000
1000
1000
1000
1000
1000
1000
1000
1000
1000
1000
1000
1000
1000
1000
1000
1000
1000
1000
1000
1000
1000
1000
1000
1000
1000
1000
1000
1000
1000
1000
1000
1000
1000
1000
1000
1000
1000
1000
1000
1000
1000
1000
1000
1000
1000
1000
1000
1000
1000
1000
1000
1000
1000
1000
1000
1000
1000
1000
1000
1000
1000
1000
1000
1000
1000
1000
1000
1000
1000
1000
1000
1000
1000
1000
1000
1000
1000
1000
1000
1000
1000
1000
1000
1000
1000
1000
1000
1000
1000
1000
1000
1000
1000
1000
1000
1000
1000
1000
1000
1000
1000
1000
1000
1000
1000
1000
1000
1000
1000
1000
1000
1000
1000
1000
1000
1000
1000
1000
1000
1000
1000
1000
1000
1000
1000
1000
1000
1000
1000
1000
1000
1000
1000
1000
1000
1000
1000
1000
1000
1000
1000
1000
1000
1000
1000
1000
1000
1000
1000
1000
1000
1000
1000
1000
1000
1000
1000
1000
1000
1000
1000
1000
1000
1000
1000
1000
1000
1000
1000
1000
1000
1000
1000
1000
1000
1000
1000
1000
1000
1000
1000
1000
1000
1000
1000
1000
1000
1000
1000
1000
1000
1000
1000
1000
1000
1000
1000
1000
1000
1000
1000
1000
1000
1000
1000
1000
1000
1000
1000
1000
1000
1000
1000
1000
1000
1000
1000
1000
1000
1000
1000
1000
1000
1000
1000
1000
1000
1000
1000
1000
1000
1000
1000
1000
1000
1000
1000
1000
1000
1000
1000
1000
1000
1000
1000
1000
1000
1000
1000
1000
1000
1000
1000
1000
1000
1000
1000
1000
1000
1000
1000
1000
1000
1000
1000
1000
1000
1000
1000
1000
1000
1000
1000
1000
1000
1000
1000
1000
1000
1000
1000
1000
1000
1000
1000
1000
1000
1000
1000
1000
1000
1000
1000
1000
1000
1000
1000
1000
1000
1000
1000
1000
1000
1000
1000
1000
1000
1000
1000
1000
1000
1000
1000
1000
1000
1000
1000
1000
1000
1000
1000
1000
1000
1000
1000
1000
1000
1000
1000
1000
1000
1000
1000
1000
1000
1000
1000
1000
1000
1000
1000
1000
1000
1000
1000
1000
1000
1000
1000
1000
1000
1000
1000
1000
1000
1000
1000
1000
1000
1000
1000
1000
1000
1000
1000
1000
1000
1000
1000
1000
1000
1000
1000
1000
1000
1000
1000
1000
1000
1000
1000
1000
1000
1000
1000
1000
1000
1000
1000
1000
1000
1000
1000
1000
1000
1000
1000
1000
1000
1000
1000
1000
1000
1000
1000
1000
1000
1000
1000
1000
1000
1000
1000
1000
1000
1000
1000
1000
1000
1000
1000
1000
1000
1000
1000
1000
1000
1000
1000
1000
1000
1000
1000
1000
1000
1000
1000
1000
1000
1000
1000
1000
1000
1000
1000
1000
1000
1000
1000
1000
1000
1000
1000
1000
1000
1000
1000
1000
1000
1000
1000
1000
1000
1000
1000
1000
1000
1000
1000
1000
1000
1000
1000
1000
1000
1000
1000
1000
1000
1000
1000
1000
1000
1000
1000
1000
1000
1000
1000
1000
1000
1000
1000
1000
1000
1000
1000
1000
1000
1000
1000
1000
1000
1000
1000
1000
1000
1000
1000
1000
1000
1000
1000
1000
1000
1000
1000
1000
1000
1000
1000
1000
1000
1000
1000
1000
1000
1000
1000
1000
1000
1000
1000
1000
1000
1000
1000
1000
1000
1000
1000
1000
1000
1000
1000
1000
1000
1000
1000
1000
1000
1000
1000
1000
1000
1000
1000
1000
1000
1000
1000
1000
1000
1000
1000
1000
1000
1000
1000
1000
1000
1000
1000
1000
1000
1000
1000
1000
1000
1000
1000
1000
1000
1000
1000
1000
1000
1000
1000
1000
1000
1000
1000
1000
1000
1000
1000
1000
1000
1000
1000
1000
1000
1000
1000
1000
1000
1000
1000
1000
1000
1000
1000
1000
1000
1000
1000
1000
1000
1000
1000
1000
1000
1000
1000
1000
1000
1000
1000
1000
1000
1000
1000
1000
1000
1000
1000
1000
1000
1000
1000
1000
1000
1000
1000
1000
1000
1000
1000
1000
1000
1000
1000
1000
1000
1000
1000
1000
1000
1000
1000
1000
1000
1000
1000
1000
1000
1000
1000
1000
1000
1000
1000
1000
1000
1000
1000
1000
1000
1000
1000
1000
1000
1000
1000
1000
1000
1000
1000
1000
1000
1000
1000
1000
1000
1000
1000
1000
1000
1000
1000
1000
1000
1000
1000
1000
1000
1000
1000
1000
1000
1000
1000
1000
1000
1000
1000
1000
1000
1000
1000
1000
1000
1000
1000
1000
1000
1000
1000
1000
1000
1000
1000
1000
1000
1000
1000
1000
1000
1000
1000
1000
1000
1000
1000
1000
1000
1000
1000
1000
1000
1000
1000
1000
1000
1000
1000
1000
1000
1000
1000
1000
1000
1000
1000
1000
1000
1000
1000
1000
1000
1000
1000
1000
1000
1000
1000
1000
1000
1000
1000
1000
1000
1000
1000
1000
1000
1000
1000
1000
1000
1000
1000
1000
1000
1000
1000
1000
1000
1000
1000
1000
1000
1000
1000
1000
1000
1000
1000
1000
1000
1000
1000
1000
1000
1000
1000
1000
1000
1000
1000
1000
1000
1000
1000
1000
1000
1000
1000
1000
1000
1000
1000
1000
1000
1000
1000
1000
1000
1000
1000
1000
1000
1000
1000
1000
1000
1000
1000
1000
1000
1000
1000
1000
1000
1000
1000
1000
1000
1000
1000
1000
1000
1000
1000
1000
1000
1000
1000
1000
1000
1000
1000
1000
1000
1000
1000
1000
1000
1000
1000
1000
1000
1000
1000
1000
1000
1000
1000
1000
1000
1000
1000
1000
1000
1000
1000
1000
1000
1000
1000
1000
1000
1000
1000
1000
1000
1000
1000
1000
1000
1000
1000
1000
1000
1000
1000
1000
1000
1000
1000
1000
1000
1000
1000
1000
1000
1000
1000
1000
1000
1000
1000
1000
1000
1000
1000
1000
1000
1000
1000
1000
1000
1000
1000
1000
1000
1000
1000
1000
1000
1000
1000
1000
1000
1000
1000
1000
1000
1000
1000
1000
1000
1000
1000
1000
1000
1000
1000
1000
1000
1000
1000
1000
1000
1000
1000
1000
1000
1000
1000
1000
1000
1000
1000
1000
1000
1000
1000
1000
1000
1000
1000
1000
1000
1000
1000
1000
1000
1000
1000
1000
1000
1000
1000
1000
1000
1000
1000
1000
1000
1000
1000
1000
1000
1000
1000
1000
1000
1000
1000
1000
1000
1000
1000
1000
1000
1000
1000
1000
1000
1000
1000
1000
1000
1000
1000
1000
1000
1000
1000
1000
1000
1000
1000
1000
1000
1000
1000
1000
1000
1000
1000
1000
1000
1000
1000
1000
1000
1000
1000
1000
1000
1000
1000
1000
1000
1000
1000
1000
1000
1000
1000
1000
1000
1000
1000
1000
1000
1000
1000
1000
1000
1000
1000
1000
1000
1000
1000
1000
1000
1000
1000
1000
1000
1000
1000
1000
1000
1000
1000
1000
1000
1000
1000
1000
1000
1000
1000
1000
1000
1000
1000
1000
1000
1000
1000
1000
1000
1000
1000
1000
1000
1000
1000
1000
1000
1000
1000
1000
1000
1000
1000
1000
1000
1000
1000
1000
1000
1000
1000
1000
1000
1000
1000
1000
1000
1000
1000
1000
1000
1000
1000
1000
1000
1000
1000
1000
1000
1000
1000
1000
1000
1000
1000
1000
1000
1000
1000
1000
1000
1000
1000
1000
1000
1000
1000
1000
1000
1000
1000
1000
1000
1000
1000
1000
1000
1000
1000
1000
1000
1000
1000
1000
1000
1000
1000
1000
1000
1000
1000
1000
1000
1000
1000
1000
1000
1000
1000
1000
1000
1000
1000
1000
1000
1000
1000
1000
1000
1000
1000
1000
1000
1000
1000
1000
1000
1000
1000
1000
1000
1000
1000
1000
1000
1000
1000
1000
1000
1000
1000
1000
1000
1000
1000
1000
1000
1000
1000
1000
1000
1000
1000
1000
1000
1000
1000
1000
1000
1000
1000
1000
1000
1000
1000
1000
1000
1000
1000
1000
1000
1000
1000
1000
1000
1000
1000
1000
1000
1000
1000
1000
1000
1000
1000
1000
1000
1000
1000
1000
1000
1000
1000
1000
1000
1000
1000
1000
1000
1000
1000
1000
1000
1000
1000
1000
1000
1000
1000
1000
1000
1000
1000
1000
1000
1000
1000
1000
1000
1000
1000
1000
1000
1000
1000
1000
1000
1000
1000
1000
1000
1000
1000
1000
1000
1000
1000
1000
1000
1000
1000
1000
1000
1000
1000
1000
1000
1000
1000
1000
1000
1000
1000
1000
1000
1000
1000
1000
1000
1000
1000
1000
1000
1000
1000
1000
1000
1000
1000
1000
1000
1000
1000
1000
1000
1000
1000
1000
1000
1000
1000
1000
1000
1000
1000
1000
1000
1000
1000
1000
1000
1000
1000
1000
1000
1000
1000
1000
1000
1000
1000
1000
1000
1000
1000
1000
1000
1000
1000
1000
1000
1000
1000
1000
1000
1000
1000
1000
1000
1000
1000
1000
1000
1000
1000
1000
1000
1000
1000
1000
1000
1000
1000
1000
1000
1000
1000
1000
1000
1000
1000
1000
1000
1000
1000
1000
1000
1000
1000
1000
1000
1000
1000
1000
1000
1000
1000
1000
1000
1000
1000
1000
1000
1000
1000
1000
1000
1000
1000
1000
1000
1000
1000
1000
1000
1000
1000
1000
1000
1000
1000
1000
1000
1000
1000
1000
1000
1000
1000
1000
1000
1000
1000
1000
1000
1000
1000
1000
1000
1000
1000
1000
1000
1000
1000
1000
1000
1000
1000
1000
1000
1000
1000
1000
1000
1000
1000
1000
1000
1000
1000
1000
1000
1000
1000
1000
1000
1000
1000
1000
1000
1000
1000
1000
1000
1000
1000
1000
1000
1000
1000
1000
1000
1000
1000
1000
1000
1000
1000
1000
1000
1000
1000
1000
1000
1000
1000
1000
1000
1000
1000
1000
1000
1000
1000
1000
1000
1000
1000
1000
1000
1000
1000
1000
1000
1000
1000
1000
1000
1000
1000
1000
1000
1000
1000
1000
1000
1000
1000
1000
1000
1000
1000
1000
1000
1000
1000
1000
1000
1000
1000
1000
1000
1000
1000
1000
1000
1000
1000
1000
1000
1000
1000
1000
1000
1000
1000
1000
1000
1000
1000
1000
1000
1000
1000
1000
1000
1000
1000
1000
1000
1000
1000
1000
1000
1000
1000
1000
1000
1000
1000
1000
1000
1000
1000
1000
1000
1000
1000
1000
1000
1000
1000
1000
1000
1000
1000
1000
1000
1000
1000
1000
1000
1000
1000
1000
1000
1000
1000
1000
1000
1000
1000
1000
1000
1000
1000
1000
1000
1000
1000
1000
1000
1000
1000
1000
1000
1000
1000
1000
1000
1000
1000
1000
1000
1000
1000
1000
1000
1000
1000
1000
1000
1000
1000
1000
1000
1000
1000
1000
1000
1000
1000
1000
1000
1000
1000
1000
1000
1000
1000
1000
1000
1000
1000
1000
1000
1000
1000
1000
1000
1000
1000
1000
1000
1000
1000
1000
1000
1000
1000
1000
1000
1000
1000
1000
1000
1000
1000
1000
1000
1000
1000
1000
1000
1000
1000
1000
1000
1000
1000
1000
1000
1000
1000
1000
1000
1000
1000
1000
1000
1000
1000
1000
1000
1000
1000
1000
1000
1000
1000
1000
1000
1000
1000
1000
1000
1000
1000
1000
1000
1000
1000
1000
1000
1000
1000
1000
1000
1000
1000
1000
1000
1000
1000
1000
1000
1000
1000
1000
1000
1000
1000
1000
1000
1000
1000
1000
1000
1000
1000
1000
1000
1000
1000
1000
1000
1000
1000
1000
1000
1000
1000
1000
1000
1000
1000
1000
1000
1000
1000
1000
1000
1000
1000
1000
1000
1000
1000
1000
1000
1000
1000
1000
1000
1000
1000
1000
1000
1000
1000
1000
1000
1000
1000
1000
1000
1000
1000
1000
1000
1000
1000
1000
1000
1000
1000
1000
1000
1000
1000
1000
SCALARS pressure float 1
LOOKUP_TABLE default
0
0
0
0
0
0
0
0
0
0
0
0
0
0
0
0
0
0
0
0
0
0
0
0
0
0
0
0
0
0
0
0
0
0
0
0
0
0
0
0
0
0
0
0
0
0
0
0
0
0
0
0
0
0
0
0
0
0
0
0
0
0
0
0
0
0
0
0
0
0
0
0
0
0
0
0
0
0
0
0
0
0
0
0
0
0
0
0
0
0
0
0
0
0
0
0
0
0
0
0
0
0
0
0
0
0
0
0
0
0
0
0
0
0
0
0
0
0
0
0
0
0
0
0
0
0
0
0
0
0
0
0
0
0
0
0
0
0
0
0
0
0
0
0
0
0
0
0
0
0
0
0
0
0
0
0
0
0
0
0
0
0
0
0
0
0
0
0
0
0
0
0
0
0
0
0
0
0
0
0
0
0
0
0
0
0
0
0
0
0
0
0
0
0
0
0
0
0
0
0
0
0
0
0
0
0
0
0
0
0
0
0
0
0
0
0
0
0
0
0
0
0
0
0
0
0
0
0
0
0
0
0
0
0
0
0
0
0
0
0
0
0
0
0
0
0
0
0
0
0
0
0
0
0
0
0
0
0
0
0
0
0
0
0
0
0
0
0
0
0
0
0
0
0
0
0
0
0
0
0
0
0
0
0
0
0
0
0
0
0
0
0
0
0
0
0
0
0
0
0
0
0
0
0
0
0
0
0
0
0
0
0
0
0
0
0
0
0
0
0
0
0
0
0
0
0
0
0
0
0
0
0
0
0
0
0
0
0
0
0
0
0
0
0
0
0
0
0
0
0
0
0
0
0
0
0
0
0
0
0
0
0
0
0
0
0
0
0
0
0
0
0
0
0
0
0
0
0
0
0
0
0
0
0
0
0
0
0
0
0
0
0
0
0
0
0
0
0
0
0
0
0
0
0
0
0
0
0
0
0
0
0
0
0
0
0
0
0
0
0
0
0
0
0
0
0
0
0
0
0
0
0
0
0
0
0
0
0
0
0
0
0
0
0
0
0
0
0
0
0
0
0
0
0
0
0
0
0
0
0
0
0
0
0
0
0
0
0
0
0
0
0
0
0
0
0
0
0
0
0
0
0
0
0
0
0
0
0
0
0
0
0
0
0
0
0
0
0
0
0
0
0
0
0
0
0
0
0
0
0
0
0
0
0
0
0
0
0
0
0
0
0
0
0
0
0
0
0
0
0
0
0
0
0
0
0
0
0
0
0
0
0
0
0
0
0
0
0
0
0
0
0
0
0
0
0
0
0
0
0
0
0
0
0
0
0
0
0
0
0
0
0
0
0
0
0
0
0
0
0
0
0
0
0
0
0
0
0
0
0
0
0
0
0
0
0
0
0
0
0
0
0
0
0
0
0
0
0
0
0
0
0
0
0
0
0
0
0
0
0
0
0
0
0
0
0
0
0
0
0
0
0
0
0
0
0
0
0
0
0
0
0
0
0
0
0
0
0
0
0
0
0
0
0
0
0
0
0
0
0
0
0
0
0
0
0
0
0
0
0
0
0
0
0
0
0
0
0
0
0
0
0
0
0
0
0
0
0
0
0
0
0
0
0
0
0
0
0
0
0
0
0
0
0
0
0
0
0
0
0
0
0
0
0
0
0
0
0
0
0
0
0
0
0
0
0
0
0
0
0
0
0
0
0
0
0
0
0
0
0
0
0
0
0
0
0
0
0
0
0
0
0
0
0
0
0
0
0
0
0
0
0
0
0
0
0
0
0
0
0
0
0
0
0
0
0
0
0
0
0
0
0
0
0
0
0
0
0
0
0
0
0
0
0
0
0
0
0
0
0
0
0
0
0
0
0
0
0
0
0
0
0
0
0
0
0
0
0
0
0
0
0
0
0
0
0
0
0
0
0
0
0
0
0
0
0
0
0
0
0
0
0
0
0
0
0
0
0
0
0
0
0
0
0
0
0
0
0
0
0
0
0
0
0
0
0
0
0
0
0
0
0
0
0
0
0
0
0
0
0
0
0
0
0
0
0
0
0
0
0
0
0
0
0
0
0
0
0
0
0
0
0
0
0
0
0
0
0
0
0
0
0
0
0
0
0
0
0
0
0
0
0
0
0
0
0
0
0
0
0
0
0
0
0
0
0
0
0
0
0
0
0
0
0
0
0
0
0
0
0
0
0
0
0
0
0
0
0
0
0
0
0
0
0
0
0
0
0
0
0
0
0
0
0
0
0
0
0
0
0
0
0
0
0
0
0
0
0
0
0
0
0
0
0
0
0
0
0
0
0
0
0
0
0
0
0
0
0
0
0
0
0
0
0
0
0
0
0
0
0
0
0
0
0
0
0
0
0
0
0
0
0
0
0
0
0
0
0
0
0
0
0
0
0
0
0
0
0
0
0
0
0
0
0
0
0
0
0
0
0
0
0
0
0
0
0
0
0
0
0
0
0
0
0
0
0
0
0
0
0
0
0
0
0
0
0
0
0
0
0
0
0
0
0
0
0
0
0
0
0
0
0
0
0
0
0
0
0
0
0
0
0
0
0
0
0
0
0
0
0
0
0
0
0
0
0
0
0
0
0
0
0
0
0
0
0
0
0
0
0
0
0
0
0
0
0
0
0
0
0
0
0
0
0
0
0
0
0
0
0
0
0
0
0
0
0
0
0
0
0
0
0
0
0
0
0
0
0
0
0
0
0
0
0
0
0
0
0
0
0
0
0
0
0
0
0
0
0
0
0
0
0
0
0
0
0
0
0
0
0
0
0
0
0
0
0
0
0
0
0
0
0
0
0
0
0
0
0
0
0
0
0
0
0
0
0
0
0
0
0
0
0
0
0
0
0
0
0
0
0
0
0
0
0
0
0
0
0
0
0
0
0
0
0
0
0
0
0
0
0
0
0
0
0
0
0
0
0
0
0
0
0
0
0
0
0
0
0
0
0
0
0
0
0
0
0
0
0
0
0
0
0
0
0
0
0
0
0
0
0
0
0
0
0
0
0
0
0
0
0
0
0
0
0
0
0
0
0
0
0
0
0
0
0
0
0
0
0
0
0
0
0
0
0
0
0
0
0
0
0
0
0
0
0
0
0
0
0
0
0
0
0
0
0
0
0
0
0
0
0
0
0
0
0
0
0
0
0
0
0
0
0
0
0
0
0
0
0
0
0
0
0
0
0
0
0
0
0
0
0
0
0
0
0
0
0
0
0
0
0
0
0
0
0
0
0
0
0
0
0
0
0
0
0
0
0
0
0
0
0
0
0
0
0
0
0
0
0
0
0
0
0
0
0
0
0
0
0
0
0
0
0
0
0
0
0
0
0
0
0
0
0
0
0
0
0
0
0
0
0
0
0
0
0
0
0
0
0
0
0
0
0
0
0
0
0
0
0
0
0
0
0
0
0
0
0
0
0
0
0
0
0
0
0
0
0
0
0
0
0
0
0
0
0
0
0
0
0
0
0
0
0
0
0
0
0
0
0
0
0
0
0
0
0
0
0
0
0
0
0
0
0
0
0
0
0
0
0
0
0
0
0
0
0
0
0
0
0
0
0
0
0
0
0
0
0
0
0
0
0
0
0
0
0
0
0
0
0
0
0
0
0
0
0
0
0
0
0
0
0
0
0
0
0
0
0
0
0
0
0
0
0
0
0
0
0
0
0
0
0
0
0
0
0
0
0
0
0
0
0
0
0
0
0
0
0
0
0
0
0
0
0
0
0
0
0
0
0
0
0
0
0
0
0
0
0
0
0
0
0
0
0
0
0
0
0
0
0
0
0
0
0
0
0
0
0
0
0
0
0
0
0
0
0
0
0
0
0
0
0
0
0
0
0
0
0
0
0
0
0
0
0
0
0
0
0
0
0
0
0
0
0
0
0
0
0
0
0
0
0
0
0
0
0
0
0
0
0
0
0
0
0
0
0
0
0
0
0
0
0
0
0
0
0
0
0
0
0
0
0
0
0
0
0
0
0
0
0
0
0
0
0
0
0
0
0
0
0
0
0
0
0
0
0
0
0
0
0
0
0
0
0
0
0
0
0
0
0
0
0
0
0
0
0
0
0
0
0
0
0
0
0
0
0
0
0
0
0
0
0
0
0
0
0
0
0
0
0
0
0
0
0
0
0
0
0
0
0
0
0
0
0
0
0
0
0
0
0
0
0
0
0
0
0
0
0
0
0
0
0
0
0
0
0
0
0
0
0
0
0
0
0
0
0
0
0
0
0
0
0
0
0
0
0
0
0
0
0
0
0
0
0
0
0
0
0
0
0
0
0
0
0
0
0
0
0
0
0
0
0
0
0
0
0
0
0
0
0
0
0
0
0
0
0
0
0
0
0
0
0
0
0
0
0
0
0
0
0
0
0
0
0
0
0
0
0
0
0
0
0
0
0
0
0
0
0
0
0
0
0
0
0
0
0
0
0
0
0
0
0
0
0
0
0
0
0
0
0
0
0
0
0
0
0
0
0
0
0
0
0
0
0
0
0
0
0
0
0
0
0
0
0
0
0
0
0
0
0
0
0
0
0
0
0
0
0
0
0
0
0
0
0
0
0
0
0
0
0
0
0
0
0
0
0
0
0
0
0
0
0
0
0
0
0
0
0
0
0
0
0
0
0
0
0
0
0
0
0
0
0
0
0
0
0
0
0
0
0
0
0
0
0
0
0
0
0
0
0
0
0
0
0
0
0
0
0
0
0
0
0
0
0
0
0
0
0
0
0
0
0
0
0
0
0
0
0
0
0
0
0
0
0
0
0
0
0
0
0
0
0
0
0
0
0
0
0
0
0
0
0
0
0
0
0
0
0
0
0
0
0
0
0
0
0
0
0
0
0
0
0
0
0
0
0
0
0
0
0
0
0
0
0
0
0
0
0
0
0
0
0
0
0
0
0
0
0
0
0
0
0
0
0
0
0
0
0
0
0
0
0
0
0
0
0
0
0
0
0
0
0
0
0
0
0
0
0
0
0
0
0
0
0
0
0
0
0
0
0
0
0
0
0
0
0
0
0
0
0
0
0
0
0
0
0
0
0
0
0
0
0
0
0
0
0
0
0
0
0
0
0
0
0
0
0
0
0
0
0
0
0
0
0
0
0
0
0
0
0
0
0
0
0
0
0
0
0
0
0
0
0
0
0
0
0
0
0
0
0
0
0
0
0
0
0
0
0
0
0
0
0
0
0
0
0
0
0
0
0
0
0
0
0
0
0
0
0
0
0
0
0
0
0
0
0
0
0
0
0
0
0
0
0
0
0
0
0
0
0
0
0
0
0
0
0
0
0
0
0
0
0
0
0
0
0
0
0
0
0
0
0
0
0
0
0
0
0
0
0
0
0
0
0
0
0
0
0
0
0
0
0
0
0
0
0
0
0
0
0
0
0
0
0
0
0
0
0
0
0
0
0
0
0
0
0
0
0
0
0
0
0
0
0
0
0
0
0
0
0
0
0
0
0
0
0
0
0
0
0
0
0
0
0
0
0
0
0
0
0
0
0
0
0
0
0
0
0
0
0
0
0
0
0
0
0
0
0
0
0
0
0
0
0
0
0
0
0
0
0
0
0
0
0
0
0
0
0
0
0
0
0
0
0
0
0
0
0
0
0
0
0
0
0
0
0
0
0
0
0
0
0
0
0
0
0
0
0
0
0
0
0
0
0
0
0
0
0
0
0
0
0
0
0
0
0
0
0
0
0
0
0
0
0
0
0
0
0
0
0
0
0
0
0
0
0
0
0
0
0
0
0
0
0
0
0
0
0
0
0
0
0
0
0
0
0
0
0
0
0
0
0
0
0
0
0
0
0
0
0
0
0
0
0
0
0
0
0
0
0
0
0
0
0
0
0
0
0
0
0
0
0
0
0
0
0
0
0
0
0
0
0
0
0
0
0
0
0
0
0
0
0
0
0
0
0
0
0
0
0
0
0
0
0
0
0
0
0
0
0
0
0
0
0
0
0
0
0
0
0
0
0
0
0
0
0
0
0
0
0
0
0
0
0
0
0
0
0
0
0
0
0
0
0
0
0
0
0
0
0
0
0
0
0
0
0
0
0
0
0
0
0
0
0
0
0
0
0
0
0
0
0
0
0
0
0
0
0
0
0
0
0
0
0
0
0
0
0
0
0
0
0
0
0
0
0
0
0
0
0
0
0
0
0
0
0
0
0
0
0
0
0
0
0
0
0
0
0
0
0
0
0
0
0
0
0
0
0
0
0
0
0
0
0
0
0
0
0
0
0
0
0
0
0
0
0
0
0
0
0
0
0
0
0
0
0
0
0
0
0
0
0
0
0
0
0
0
0
0
0
0
0
0
0
0
0
0
0
0
0
0
0
0
0
0
0
0
0
0
0
0
0
0
0
0
0
0
0
0
0
0
0
0
0
0
0
0
0
0
0
0
0
0
0
0
0
0
0
0
0
0
0
0
0
0
0
0
0
0
0
0
0
0
0
0
0
0
0
0
0
0
0
0
0
0
0
0
0
0
0
0
0
0
0
0
0
0
0
0
0
0
0
0
0
0
0
0
0
0
0
0
0
0
0
0
0
0
0
0
0
0
0
0
0
0
0
0
0
0
0
0
0
0
0
0
0
0
0
0
0
0
0
0
0
0
0
0
0
0
0
0
0
0
0
0
0
0
0
0
0
0
0
0
0
0
0
0
0
0
0
0
0
0
0
0
0
0
0
0
0
0
0
0
0
0
0
0
0
0
0
0
0
0
0
0
0
0
0
0
0
0
0
0
0
0
0
0
0
0
0
0
0
0
0
0
0
0
0
0
0
0
0
0
0
0
0
0
0
0
0
0
0
0
0
0
0
0
0
0
0
0
0
0
0
0
0
0
0
0
0
0
0
0
0
0
0
0
0
0
0
0
0
0
0
0
0
0
0
0
0
0
0
0
0
0
0
0
0
0
0
0
0
0
0
0
0
0
0
0
0
0
0
0
0
0
0
0
0
0
0
0
0
0
0
0
0
0
0
0
0
0
0
0
0
0
0
0
0
0
0
0
0
0
0
0
0
0
0
0
0
0
0
0
0
0
0
0
0
0
0
0
0
0
0
0
0
0
0
0
0
0
0
0
0
0
0
0
0
0
0
0
0
0
0
0
0
0
0
0
0
0
0
0
0
0
0
0
0
0
0
0
0
0
0
0
0
0
0
0
0
0
0
0
0
0
0
0
0
0
0
0
0
0
0
0
0
0
0
0
0
0
0
0
0
0
0
0
0
0
0
0
0
0
0
0
0
0
0
0
0
0
0
0
0
0
0
0
0
0
0
0
0
0
0
0
0
0
0
0
0
0
0
0
0
0
0
0
0
0
0
0
0
0
0
0
0
0
0
0
0
0
0
0
0
0
0
0
0
0
0
0
0
0
0
0
0
0
0
0
0
0
0
0
0
0
0
0
0
0
0
0
0
0
0
0
0
0
0
0
0
0
0
0
0
0
0
0
0
0
0
0
0
0
0
0
0
0
0
0
0
0
0
0
0
0
0
0
0
0
0
0
0
0
0
0
0
0
0
0
0
0
0
0
0
0
0
0
0
0
0
0
0
0
0
0
0
0
0
0
0
0
0
0
0
0
0
0
0
0
0
0
0
0
0
0
0
0
0
0
0
0
0
0
0
0
0
0
0
0
0
0
0
0
0
0
0
0
0
0
0
0
0
0
0
0
0
0
0
0
0
0
0
0
0
0
0
0
0
0
0
0
0
0
0
0
0
0
0
0
0
0
0
0
0
0
0
0
0
0
0
0
0
0
0
0
0
0
0
0
0
0
0
0
0
0
0
0
0
0
0
0
0
0
0
0
0
0
0
0
0
0
0
0
0
0
0
0
0
0
0
0
0
0
0
0
0
0
0
0
0
0
0
0
0
0
0
0
0
0
0
0
0
0
0
0
0
0
0
0
0
0
0
0
0
0
0
0
0
0
0
0
0
0
0
0
0
0
0
0
0
0
0
0
0
0
0
0
0
0
0
0
0
0
0
0
0
0
0
0
0
0
0
0
0
0
0
0
0
0
0
0
0
0
0
0
0
0
0
0
0
0
0
0
0
0
0
0
0
0
0
0
0
0
0
0
0
0
0
0
0
0
0
0
0
0
0
0
0
0
0
0
0
0
0
0
0
0
0
0
0
0
0
0
0
0
0
0
0
0
0
0
0
0
0
0
0
0
0
0
0
0
0
0
0
0
0
0
0
0
0
0
0
0
0
0
0
0
0
0
0
0
0
0
0
0
0
0
0
0
0
0
0
0
0
0
0
0
0
0
0
0
0
0
0
0
0
0
0
0
0
0
0
0
0
0
0
0
0
0
0
0
0
0
0
0
0
0
0
0
0
0
0
0
0
0
0
0
0
0
0
0
0
0
0
0
0
0
0
0
0
0
0
0
0
0
0
0
0
0
0
0
0
0
0
0
0
0
0
0
0
0
0
0
0
0
0
0
0
0
0
0
0
0
0
0
0
0
0
0
0
0
0
0
0
0
0
0
0
0
0
0
0
0
0
0
0
0
0
0
0
0
0
0
0
0
0
0
0
0
0
0
0
0
0
0
0
0
0
0
0
0
0
0
0
0
0
0
0
0
0
0
0
0
0
0
0
0
0
0
0
0
0
0
0
0
0
0
0
0
0
0
0
0
0
0
0
0
0
0
0
0
0
0
0
0
0
0
0
0
0
0
0
0
0
0
0
0
0
0
0
0
0
0
0
0
0
0
0
0
0
0
0
0
0
0
0
0
0
0
0
0
0
0
0
0
0
0
0
0
0
0
0
0
0
0
0
0
0
0
0
0
0
0
0
0
0
0
0
0
0
0
0
0
0
0
0
0
0
0
0
0
0
0
0
0
0
0
0
0
0
0
0
0
0
0
0
0
0
0
0
0
0
0
0
0
0
0
0
0
0
0
0
0
0
0
0
0
0
0
0
0
0
0
0
0
0
0
0
0
0
0
0
0
0
0
0
0
0
0
0
0
0
0
0
0
0
0
0
0
0
0
0
0
0
0
0
0
0
0
0
0
0
0
0
0
0
0
0
0
0
0
0
0
0
0
0
0
0
0
0
0
0
0
0
0
0
0
0
0
0
0
0
0
0
0
0
0
0
0
0
0
0
0
0
0
0
0
0
0
0
0
0
0
0
0
0
0
0
0
0
0
0
0
0
0
0
0
0
0
0
0
0
0
0
0
0
0
0
0
0
0
0
0
0
0
0
0
0
0
0
0
0
0
0
0
0
0
0
0
0
0
0
0
0
0
0
0
0
0
0
0
0
0
0
0
0
0
0
0
0
0
0
0
0
0
0
0
0
0
0
0
0
0
0
0
0
0
0
0
0
0
0
0
0
0
0
0
0
0
0
0
0
0
0
0
0
0
0
0
0
0
0
0
0
0
0
0
0
0
0
0
0
0
0
0
0
0
0
0
0
0
0
0
0
0
0
0
0
0
0
0
0
0
0
0
0
0
0
0
0
0
0
0
0
0
0
0
0
0
0
0
0
0
0
0
0
0
0
0
0
0
0
0
0
0
0
0
0
0
0
0
0
0
0
0
0
0
0
0
0
0
0
0
0
0
0
0
0
0
0
0
0
0
0
0
0
0
0
0
0
0
0
0
0
0
0
0
0
0
0
0
0
0
0
0
0
0
0
0
0
0
0
0
0
0
0
0
0
0
0
0
0
0
0
0
0
0
0
0
0
0
0
0
0
0
0
0
0
0
0
0
0
0
0
0
0
0
0
0
0
0
0
0
0
0
0
0
0
0
0
0
0
0
0
0
0
0
0
0
0
0
0
0
0
0
0
0
0
0
0
0
0
0
0
0
0
0
0
0
0
0
0
0
0
0
0
0
0
0
0
0
0
0
0
0
0
0
0
0
0
0
0
0
0
0
0
0
0
0
0
0
0
0
0
0
0
0
0
0
0
0
0
0
0
0
0
0
0
0
0
0
0
0
0
0
0
0
0
0
0
0
0
0
0
0
0
0
0
0
0
0
0
0
0
0
0
0
0
0
0
0
0
0
0
0
0
0
0
0
0
0
0
0
0
0
0
0
0
0
0
0
0
0
0
0
0
0
0
0
0
0
0
0
0
0
0
0
0
0
0
0
0
0
0
0
0
0
0
0
0
0
0
0
0
0
0
0
0
SCALARS speed float 1
LOOKUP_TABLE default
1.5412886469721125
1.4861202711192441
1.4224888116077201
1.3678597075582144
1.5262479888827802
1.465161142844051
1.4033391714338272
1.3536659865495939
1.5406367428118339
1.483056592703859
1.5699768992918897
1.5347646744681036
1.429962275159028
1.3890318916051048
1.4933688910648655
1.4614526713646685
1.5897503148438024
1.5864504762490994
1.6122072659388236
1.5601830623473687
1.537779180027379
1.6052704578269736
1.5939069860620778
1.3627664950571305
1.4017121293292394
1.4087787120021991
1.4091628507420002
1.3361874771217441
1.3252164795706447
1.3503127785831024
1.3912045163281328
1.397006402926849
1.3942729529504663
1.3658383325570667
1.391436586756295
1.4312498977562256
1.4492464771165319
1.4707003846847566
1.5013938674951077
1.4356851492647604
1.4329084816803475
1.5089436509171985
1.5067258060115294
1.5321513515055607
1.5377032610118184
1.551610865921611
1.5738307764000494
1.569321591750634
1.5722137505747569
1.6018593418027016
1.6142453706945736
1.5943517247689509
1.577998565599434
1.6143225637407663
1.6315630305019202
1.6290477179156917
1.5510073714936232
1.6092320023931188
1.5549964607485365
1.6127116321528738
1.6415762321473877
1.6449253542957962
1.6414064163446411
1.6462036865550691
1.5773193616498933
1.6264853399304195
1.6401427508809276
1.6481064033751183
1.5977857519653067
1.6379875905211603
1.6168572900442628
1.6426396365628249
1.6389425967704838
1.6499855729919903
1.6332616703924365
1.640244634397638
1.5835175658543241
1.566592016788388
1.6075238618244865
1.5839289441723388
1.603316299083656
1.6369796473741869
1.6529693850829308
1.620830743775824
1.6089336040008722
1.6458200801267175
1.6302571658996488
1.6308390938432418
1.6740379923667339
1.6800259035135932
1.6873207972839692
1.7045482332902653
1.6934239079899824
1.6391649214958006
1.6349072305666139
1.6690132943180256
1.7032599417738727
1.6787785162643227
1.6476032370928821
1.6311771569119993
1.6516567474371093
1.6418846772558637
1.6302365454808803
1.646547220071447
1.6908176413588571
1.6735061167104701
1.6860838633424047
1.6960206170628491
1.4698811346123222
1.4023016291954271
1.3471745691926633
1.445375438229247
1.3797357630792604
1.310201078735123
1.3325363758872557
1.3023266081974738
1.3821784033310447
1.3334238264388383
1.3630709132616456
1.3204932585561044
1.2938594584562058
1.2673789497537433
1.2874597808028456
1.2660105215598303
1.4626528681941062
1.4014275944524923
1.5087862319732643
1.4732508915496378
1.3633928702077081
1.3406392000058118
1.447627745032505
1.4322063140365191
1.5526976547015057
1.5692412562253717
1.6402314562106952
1.5647921567491432
1.5587318748472783
1.6608672442526962
1.666208069216975
1.3917392587982607
1.3522023827722789
1.4598948323078131
1.4381268049053739
1.3252975670347185
1.3097065895340916
1.4203495969350415
1.4106152569779571
1.5276530444415943
1.5557077565970228
1.6528993383071662
1.559948839275364
1.5597490549820776
1.686062913732093
1.6998902037872443
1.3795627075443186
1.346917658793243
1.3643234529267245
1.335614656457611
1.3013095994563932
1.2520535139447959
1.2959145723993626
1.2534120952304784
1.419756224264515
1.392191189091593
1.4142762196629208
1.3847925276882906
1.3433551113431879
1.3573522119949042
1.3804161372356112
1.4057759206021021
1.3729537144342214
1.4006586845729192
1.2695842367901671
1.335040709013998
1.2691772295715196
1.3482814723489347
1.2907556052293401
1.2876940304697906
1.3981609379620343
1.3703051100536778
1.4750236000762433
1.4570021528154613
1.3364628683993951
1.2999157487398034
1.4328049281767854
1.4047088826142202
1.5467498590261135
1.5752624931138601
1.5853231962704737
1.6704483522553595
1.5746314041356511
1.5621158657595813
1.7059013308980138
1.7177858181186583
1.4408060234352147
1.4154529785176009
1.5153319388011379
1.4978116700371464
1.4374229270811274
1.4089851104717137
1.5130099454388826
1.4938240945606343
1.3751510067646662
1.3156661020823779
1.4685665533089722
1.420123367888245
1.3900009699104143
1.3351149649348695
1.482901054372336
1.4387367534352447
1.5779865814974812
1.604014962124948
1.6003728553441545
1.6871107198930098
1.5764499614132406
1.6026067949075715
1.6031723843526517
1.6898777865050159
1.601682593388136
1.5767467668717692
1.7238608265021591
1.7325720540732978
1.612927471664489
1.5919775136728136
1.7316537108161221
1.7432592755408385
1.3279558680627899
1.334493615477423
1.2815543767905495
1.2933054369404662
1.2772900699381415
1.2875516324833085
1.3195067494313868
1.3149662479948834
1.3256555417061731
1.3046737377905613
1.247589649398706
1.2476363869653371
1.2691386542416789
1.2493633228044079
1.2498227770776946
1.2693543934938265
1.2748661370583132
1.2491023414213844
1.2749176186418223
1.2492532776179182
1.3188627772260912
1.3294982647591329
1.3601105682664634
1.416711284286964
1.4270371977088567
1.4537298944445514
1.3662181364998307
1.3475750086495888
1.4605394056058751
1.4507157373230326
1.5516499469366605
1.5591749329540856
1.5765650093949681
1.6659006989241343
1.6678113039147575
1.67712987564958
1.5858168756792936
1.5894501988961109
1.6898199665103626
1.7015748694446196
1.2965033034995097
1.2969877886806258
1.3158694042788848
1.401138821908368
1.4029093473604572
1.4201876421061657
1.3221598921208004
1.2993443942383314
1.4277140977349054
1.4149349848928823
1.5564756887539373
1.5592089462650651
1.5731749866309608
1.7048425698806373
1.7094867669485223
1.7193253679664711
1.5826424551511531
1.5859253705481589
1.7292922823744179
1.7406866605077369
1.2313277170957158
1.2410065676856956
1.2654828759418446
1.2362403876967141
1.2457743369234529
1.2691246959238431
1.2730466989887197
1.2472730873452782
1.2762071614206489
1.2499700841860317
1.2859967555310314
1.2291435615378823
1.2412781479214239
1.2719785764978382
1.2348742881154535
1.2466900008827726
1.2748436922324373
1.2214595312867886
1.2069829455793155
1.2290769238381631
1.2275679577692793
1.2156957413707781
1.236590599194342
1.2510271161649722
1.2877697689955021
1.2532933941168876
1.2439906858536056
1.2091976708717476
1.2501294118644986
1.2168356835898708
1.2862186535044664
1.2965227249447897
1.3204742445195288
1.3949794651219012
1.4055478801719974
1.4273328025498266
1.3274120723338283
1.3032547001084607
1.4366766321748417
1.4222747192673901
1.5594995754974388
1.5690905490000362
1.5857966301513373
1.7252757083161241
1.7340942049694232
1.7450239271566335
1.5972910602141439
1.600012564701657
1.7552999547637795
1.7664452754170812
1.2859690767456262
1.2996524947020609
1.3279101878909316
1.3966060337228245
1.4104959484443467
1.4373603958641994
1.2803874667481479
1.2711808599970367
1.2923383180222037
1.3923747387193939
1.385526017590301
1.4064346953009641
1.3420234845649963
1.3088152043719017
1.4524445685609422
1.429261299566942
1.3064215284334306
1.2750091166868249
1.4218279228374222
1.4002122537407664
1.56432349313178
1.5768000896168453
1.5983528017893556
1.7367944790151579
1.7475258073881246
1.7608038548063549
1.5631974313159693
1.5610936052516231
1.5777933337388723
1.740935558973449
1.7460203972673856
1.7568032481662048
1.613633547883216
1.6100150211632698
1.7726367198313804
1.7809338439268825
1.593932501022735
1.5915026541430222
1.7694872515208238
1.7791137418206353
1.583133335525212
1.5908650835625848
1.6676879680882291
1.7056479921350254
1.7200780461378553
1.5766718680469802
1.6727036576249905
1.6749325758881255
1.7209558117289292
1.7408189460618271
1.7259635356362233
1.7480754966417185
1.5735876424160375
1.5947714484761986
1.6970878422871523
1.7488874643630057
1.7738343393094427
1.5982067925867649
1.7110743889753657
1.7163443485566867
1.7705981895341831
1.8009035959067401
1.7779134139495296
1.810432960597941
1.5755276581370656
1.5764759883222144
1.6782306054016134
1.7276520236659381
1.7508234983518143
1.5752286394814254
1.6800678228926298
1.5884370402069383
1.6822251058319393
1.7271864599189031
1.7508583707992229
1.7244094379324295
1.7464164302864891
1.6081205874641289
1.717316345592627
1.6040356577133195
1.7798202055155328
1.8136050318838519
1.5852407715479384
1.7138367952770002
1.5859307057249687
1.7127501556310971
1.7795167923696231
1.8139438593273514
1.7781536215857108
1.8121151903912018
1.7174048547304226
1.6074085724902409
1.7752825219649899
1.804696812246017
1.8367875505186408
1.6288477475476859
1.7378346164594358
1.6523332726140818
1.7473412322025359
1.8012797783079331
1.8104328370082148
1.8478037609128097
1.7307067274914143
1.6173530010796988
1.7369552906330226
1.6280793257407933
1.791390135848099
1.8224732754574782
1.856750338033327
1.79867988775268
1.831312444221106
1.8663682057707571
1.6477816207316183
1.7537708883702827
1.6751399945529204
1.7651760832618852
1.6612706408819566
1.760934900027906
1.6758069948805818
1.7704002059718547
1.8188385683793891
1.828937756653215
1.8686909563793244
1.8266407374855698
1.8368214774390323
1.8788312713586164
1.7482067127753622
1.6486981061873098
1.8125600048192314
1.8513392222540324
1.8521644783047806
1.6187613857470211
1.7422384347079543
1.6105082663470807
1.738846616287995
1.8121251128967752
1.8113329685256225
1.851761282667078
1.7662845975219932
1.6713432973022755
1.770524016676331
1.6667057748133691
1.831507514093317
1.8726673210821987
1.8316039634334402
1.8739970256541381
1.8398327059222543
1.8832251080495193
1.8411034684015082
1.8851150527962734
1.6427332266128445
1.76072635066878
1.6368445067034076
1.7581661404900997
1.6526999030301759
1.7684332756105918
1.6532548915965515
1.7693713099413533
1.8315689513794797
1.8743749889366725
1.8423705411332991
1.8861130668398791
1.7220591140452635
1.7221627788770653
1.7319801466670914
1.7468669421894369
1.7590686517369785
1.744402031547732
1.7472951626209519
1.7615914775684882
1.7543500147855082
1.760949196426989
1.7768665935690107
1.776518434124841
1.7855624762312077
1.7900069276023463
1.7954035419889194
1.7852969534917431
1.79249141746132
1.8007975839600396
1.8095482135484311
1.8179880862929061
1.8470082197340831
1.8156270210001058
1.8247002798119898
1.8333796760888745
1.8269188784304617
1.8370869589267904
1.8460234472331181
1.8410187274081931
1.8529903031788533
1.8576123275257139
1.7591729296031309
1.7658237461188908
1.7802324692285449
1.792823095242108
1.7958034233482678
1.7607479464236355
1.7656120771100341
1.777797214153936
1.7577390399282604
1.7639018128694122
1.7763512420348793
1.7921911613353754
1.7962844748590925
1.7925883855899116
1.8014810929500553
1.8310339979956305
1.8414952767568238
1.8502321775962272
1.8318943744414391
1.8425208063331191
1.8512606595042724
1.8569086041698419
1.8611620930465209
1.8583193174131758
1.863050765016401
1.8304182297115676
1.8417665206477021
1.851219055179216
1.8591856870822556
1.864751144605137
1.8202692746131413
1.8302138559779755
1.8384448896007406
1.8561824391884225
1.8674785550650363
1.875144566822621
1.8455563935936359
1.8528077761965893
1.8805561497796626
1.884937630743561
1.8687484732621349
1.8807707347413514
1.8884084209041274
1.8932848089571663
1.8966351527144159
1.8390510320384781
1.850083787557407
1.8586298324364483
1.878228156045018
1.8905941278750173
1.8981855103511285
1.8478316372726853
1.8582938146348655
1.8664266169227233
1.8890607658976497
1.9019549450550994
1.9095782023605412
1.8657081815831136
1.8723018779867242
1.9029611238345789
1.9066823285163148
1.8735752184026677
1.8804149739859906
1.91419482966303
1.917704857045943
1.8918003663993077
1.9048753532924476
1.9123575725602102
1.903341849756867
1.9170713057299966
1.9246210329503861
1.9165593651994
1.9192252001974524
1.9286072894900352
1.9309451435663323
1.8730546638061436
1.8854051260189086
1.8930724280300155
1.8743047714930263
1.8868591495645932
1.8946556026047472
1.8978453664204189
1.9009348538979434
1.8995722787391784
1.9027205988793958
1.8740971056247104
1.8868981278274437
1.8949759119549447
1.9001849732548568
1.9035080216053966
1.8964727038756359
1.9098225330838854
1.9173196420794618
1.8981008423266266
1.9115308617201223
1.9190552229743076
1.9222633065323504
1.90832825747832
1.9297901789450833
1.9102434829250388
1.9241095798286032
1.9315722967523759
1.9214059740886409
1.9237834922858388
1.923155648220038
1.9254724473635596
1.9336336562933831
1.9356517291366153
1.9353668055647089
1.9372842179960619
1.8985460258179301
1.9120039638320869
1.9195773575136676
1.9110311694843132
1.9247636122866068
1.9321565332027524
1.9237373655675296
1.9260595271669951
1.9359212043103546
1.9377958145840324
1.6159259043016934
1.6311051982362235
1.6033922386491972
1.60000423961173
1.605199084985498
1.6137116020684579
1.6428708198002391
1.7199116266327572
1.688351999005147
1.6818226304694113
1.5952142567576917
1.7183750638609259
1.7371001045322605
1.712999002521316
1.5903367613751196
1.776279484726965
1.8094500985322921
1.7378372798242141
1.6060066335456991
1.8106115492587653
1.8515005797171056
1.7585023305760443
1.6375056679307276
1.6582335575383913
1.7712576007141889
1.8315426278111733
1.8749147007430507
1.8431981167382949
1.8870340589101948
1.7484881761353965
1.7585401274676329
1.7740651907982488
1.7925651156990257
1.8062451889034146
1.8276511881037862
1.8396997565538371
1.8501199369456485
1.8590739458154351
1.8655439538133032
1.8867955790027064
1.8738977764930111
1.8950720698672467
1.9005064622909014
1.9040936162940052
1.8991643091162207
1.9125651115679754
1.9201006791266195
1.9118806743812882
1.9254639616337457
1.9327340141873302
1.9242507667668298
1.9266393623460949
1.9364197488332755
1.9382967035917213
1.3460741287601412
1.3048022448238625
1.3096543622982355
1.3305641029935595
1.298860244312231
1.2687302272780872
1.2972383389937592
1.2673644510709454
1.2484977793492573
1.197891025611582
1.2406146151497635
1.1976121213776598
1.1948652342260992
1.206387692871147
1.1975181081105806
1.2116661140255713
1.3743107238744707
1.3401449730799133
1.4645615530374601
1.4376111375890468
1.3424688838465575
1.3176486120657465
1.4434316175312791
1.4248832059771641
1.549704335446652
1.5691849465113936
1.5944238808731515
1.6795451405661881
1.587512709971048
1.5829539938699946
1.7225688074454568
1.7402055141923218
1.2958263276659272
1.2495697528005547
1.4072396588332248
1.3634740992644783
1.2507446222019547
1.2673399419069349
1.3648247092847665
1.3812712909564393
1.5273975984290904
1.5247804150079816
1.6662883683313288
1.5351447672725373
1.5523377524078967
1.7025332685240844
1.7272598577089877
1.1562030567239008
1.0928586411610153
1.1608254182814493
1.1081490948223327
1.0947962378526823
1.1482378946175196
1.1109838929809428
1.1601931490282336
1.1099240102037014
1.0408903156469456
1.1204703769399913
1.0636164069756862
1.0555013288507062
1.1420920783633208
1.0774105262732983
1.1522628074168604
1.225065327259804
1.1708685448543199
1.3516827943160969
1.2974957012452593
1.1739012718597344
1.2195705878018888
1.299714540516737
1.3410674031807674
1.50896471656804
1.4854638396062492
1.618159258788971
1.6585831668278541
1.491279616522095
1.5267695558665526
1.6866844553654345
1.7183401542570207
1.1914442424895071
1.134521456563589
1.3283264333289282
1.2741019911905174
1.1464300257316162
1.2155446402685011
1.284160826300131
1.3458644959711621
1.504546770052674
1.4795921405489192
1.6361189256379245
1.6624510427326342
1.4933572656996414
1.5417275154301406
1.6933685313946711
1.7297606271530463
1.2027115426450283
1.1756672334503457
1.1806699534386895
1.2111759778111546
1.1874392158110449
1.1934755507466355
1.2005659316364339
1.1899158823784071
1.2119290955197155
1.2006323926006579
1.1989132382256014
1.1951257468144321
1.1930543910319444
1.2078516004880822
1.2056623440639933
1.2052400546785649
1.210169642573663
1.2295946641427791
1.2211987411735215
1.2358026339435537
1.2659252168853086
1.2479393182736711
1.2516501209084192
1.3805796484306168
1.3641929477508694
1.3701090119664967
1.270473404811115
1.2609038648718744
1.3897059159321488
1.3885039312522762
1.5551262338985179
1.5446330402463728
1.5526168998263588
1.7387481884184715
1.7403694963859744
1.7483761456490656
1.5716712249667284
1.5836525246067183
1.7622346544520355
1.7777003465396519
1.2643602698167138
1.2632675712229087
1.26400295802424
1.3801844122832576
1.3802912355652166
1.3822738475158098
1.2803669822833565
1.2959397704455256
1.3998109189486432
1.4218474364307203
1.5562758438004132
1.5592243023597061
1.5622473125374525
1.7401170586674513
1.7480554542536644
1.7531975207289037
1.5800966122667719
1.6082216559226885
1.7663658983007759
1.7867946474176002
1.2131858087718099
1.24439961298793
1.2278885258588976
1.2201419099737436
1.2493189182984288
1.2363038670406798
1.2219370489482333
1.2395568847705307
1.2319566514079785
1.2443216034606026
1.2846330187078812
1.2434466919580349
1.238889247847927
1.24266247700563
1.282673343446032
1.2433114453055532
1.1955239071392647
1.1846802569124357
1.2060301519544776
1.1950920421128985
1.2774648392797712
1.3059840792436632
1.2937973816345887
1.394273073550196
1.421110753865503
1.4117201958466234
1.2917154821988599
1.3060018373346751
1.412339214681859
1.4332252380435837
1.5684198403582799
1.5916911284618485
1.5874257667034783
1.7463712997340402
1.763579756261497
1.766185135004074
1.5925287903674046
1.6198505992551595
1.7732645519790733
1.791781578125212
1.2999718095098272
1.3393897563018018
1.3020039010355371
1.4219129581520691
1.458559335080851
1.4268901266690366
1.2679775801590147
1.2618844877866819
1.3992658723131461
1.4048857550778371
1.5982751159755499
1.6273118844094445
1.6092979359021122
1.7632105075588564
1.7802737787334861
1.7784030161891382
1.5957386931796189
1.6131720310958568
1.7794965729713423
1.7929943654675375
1.7350104129236767
1.6235039107473257
1.7980156377935619
1.8326614876622398
1.869220018786423
1.6497270959479724
1.7579224687341486
1.6466174608405975
1.764009326352787
1.8274203683971189
1.8373183708694438
1.88205301463424
1.5947093177566154
1.7316866904915409
1.6168263116955968
1.7934328546327047
1.8297166432436609
1.8681332164268076
1.6269547896104537
1.7516100935985335
1.6162970497175828
1.7549841948874767
1.8249494209864143
1.8344671567160518
1.8810389195154265
1.7628677462106139
1.632628170840259
1.8407470123368113
1.8867849430161863
1.8435066570903884
1.8892296458071955
1.6361389568526756
1.7653266087151651
1.6486033220571503
1.7714270314596239
1.846362437305618
1.8907854018891639
1.7542614803111807
1.6032674981519923
1.8382862754445524
1.8858802797170544
1.842416641763394
1.888711664033365
1.6168473368542757
1.7602005256661621
1.6433418521407637
1.7709329421764286
1.8467581068434693
1.8907419478632894
1.7357238879546775
1.6473246030028517
1.7901481434320086
1.8269904199953853
1.8651538070073721
1.6363558560808464
1.7528140749473098
1.6192090046371572
1.7532135962146023
1.8222559464794443
1.8310551635102328
1.8773574564628999
1.7403722568522053
1.6737872270293257
1.7899640897780182
1.8272438460899303
1.8603256011047844
1.6470302973586455
1.7558535322041895
1.6242564718646779
1.7531221422501357
1.8190318286662446
1.8257148086538535
1.8707280197881868
1.7544391111617035
1.6157404272907003
1.8349692668029738
1.8817938098229803
1.8399248319815869
1.884600332720439
1.6279939757316522
1.7625123509359264
1.6566393890794349
1.7741847438732981
1.8454306251259653
1.8870555708456085
1.754499424504339
1.6332220420392409
1.8271737028828168
1.8734380579598071
1.8315898739150362
1.8736765149726116
1.6472980736463851
1.763610817458501
1.6677830118638588
1.776111641890584
1.8395116011978589
1.8758972346047893
1.8501575860619723
1.8605710115464951
1.8682404148844107
1.8930434725015224
1.9063614974070817
1.9139652794475142
1.8755983466075863
1.8832261624621729
1.9184672198423673
1.9218894128235755
1.9077161531191287
1.9218900050777132
1.9294831988019401
1.9333386697851238
1.9354914799243346
1.8505274368086917
1.8625339535174934
1.8696263987133572
1.8929745537924658
1.9066789522395391
1.9140463768223841
1.8764208465655672
1.8841372756010053
1.9181003405003925
1.921171869986023
1.907432834608374
1.9218081074313778
1.9292373355598171
1.9327660467840371
1.9346491662966343
1.9128720305893006
1.9271626599091121
1.9347217454909771
1.9149603645899487
1.9290186931244848
1.9364571839185087
1.9384511543242136
1.9402874354435076
1.940131139594832
1.941867878367004
1.91592556942958
1.9296833805172169
1.9369747377878319
1.9405871905910659
1.9422702307957047
1.9124676499598168
1.9269047545797298
1.9343912536073724
1.9145087177305271
1.928571860160629
1.935973027509754
1.9379398847455311
1.9396153162250003
1.939585135800777
1.9412501791359735
1.9154943173597083
1.929045595309109
1.9362515255076598
1.9398415169731771
1.9414848167218044
1.8509893775932738
1.8645977147023054
1.8707859464203915
1.8904904376992795
1.9041281727894619
1.9106556810298965
1.8754580307022239
1.881980006476436
1.9135862746606844
1.9157666359723367
1.9039239925948699
1.918142601365989
1.9249061193264885
1.9275483174844077
1.9287991839033358
1.8533195982433066
1.8646233762826188
1.8674150771684999
1.8870074319829362
1.8982784650479501
1.9015069124564949
1.8716204103753604
1.8758958253761187
1.9028681970097532
1.900534230699515
1.8980767232814488
1.9105538516700653
1.9143672438925607
1.914000552701091
1.9107636593516277
1.9228328291750485
1.9083799009399642
1.9300139808414851
1.9099302230069273
1.9239921363699219
1.9313897043313575
1.9330742664345153
1.9344324303305702
1.9349543594009111
1.9366185442946757
1.9107018447480297
1.9239295640476053
1.9311769085044364
1.9349582652131097
1.9367602891558464
1.9015417574126796
1.9154852817615056
1.921132443236349
1.9002175978529336
1.9159730946393181
1.9233446475537426
1.9213483187506988
1.920418741458408
1.9255450069684679
1.9273225094569515
1.8979513307707425
1.9129371591027124
1.9207283178449694
1.9250733302255989
1.9291443602852698
1.6515529589712155
1.7744475935744501
1.8479445551267897
1.8919523517375785
1.7762338945069849
1.6530059526243621
1.8489534405497881
1.8921394632900177
1.7820693757111699
1.6813611336567702
1.8484608776513418
1.8889111673880581
1.7863642650396661
1.6945301483210582
1.8469515046461122
1.8814945009650432
1.9168273822150552
1.9303422116510895
1.9374584201700895
1.940965335561267
1.9426268306217325
1.9163857441468062
1.9295376746826236
1.9365032137493157
1.9399735740292592
1.9415788161266485
1.9115987562759784
1.9240808163934056
1.9309810869868087
1.9346679996172311
1.9364200552299802
1.8991314541221425
1.9111328635859188
1.9186858460842398
1.9235560272835666
1.9269104997170452
0
1.6958600969251931
0
1.5589763894312338
0
0
0
0
0
0
0
1.6535286679903527
0
1.6636284187590187
0
0
0
0
0
0
1.6381537775163244
1.481263390167155
0
0
0
0.72229238171491128
0
0
0
0
0
0
1.6477586747325841
0
1.8359945854916822
0
0
0
0
0
1.8810344629819784
0
1.871544236110618
1.9131754798181373
0
0
0
0
0
0
1.651888986824753
0
1.3738582206268524
1.8479314032544669
0
0
0
1.6027186186601565
0
1.6875973801180362
1.5047823818297843
0
1.6784508596845027
0
0
0
0
1.4293918124143064
0
0
0
0
0
1.8603310564983038
0
0
1.5017492956356082
0
1.5014211224837664
0
0
0
0
0
1.3459809241639173
0
0
1.648551145732241
0
0
0
1.5940436135524803
0
0
0
1.5050169766031871
0
0
0
1.6655397095124309
0
0
0
1.6577300372353718
0
0
1.5646941935292991
1.5478503097597249
0
0
0
1.5015281213545377
0
1.4660397167742043
0
1.5008980416780728
0
1.9063123158847388
1.6413347022283089
1.6367576091367173
0
1.6685626333646912
1.5015009931257191
1.584766675420008
0
0
0
0
1.6287259463235271
0
0
0
0
1.883800983303292
0
0
0
0
1.9096960925205557
0
1.6074620379174525
0
1.9000084603639804
0
1.6623703233199743
0
1.4859146391437086
0
1.5874761967090825
0
0
1.4660845501948097
0
0
0
0
0
0
0
0
0
0
1.9061495088240863
0
1.9154718807598317
1.6400932433068245
0
0
0
0
0
0
0
1.6451899737136015
1.6480977263513039
0
0
0
0
0
0
0
1.5604241496995055
0
0
0
0
1.6341878271524555
0
0
0
0
1.6459173296278311
0
1.5810953195295931
0
0
0
1.342708984346451
0
0
1.5923948926005802
1.8955624674819274
1.5002362015928215
0
0
0
0
0
0
0
1.483083501340654
0
0
0
0
0
0.35560419839060892
0
1.0170148558324819
0
0
1.8975489115429489
0
1.3508582357508914
0
0
0
0
0
0
0
0
0
1.4995500679468632
0
0
1.8748675623063551
0
0
1.5012417275758927
0
0
0
0
0
0
0
1.6131705171781692
0
0
1.5816131916128313
0
0
0
0
1.5928409201271454
0
0
0
0
0
0
0
0
1.4981833002667866
0
0
0
0
0
1.4970693517370732
0
0
0
0
0
1.4770892429500173
0
0
0
1.6356450150499064
1.7103504817543771
0
0
0
0
0
1.1024102602580677
1.7791007701882133
0
0
0
1.336676379930517
0
1.6541600725426198
0
0
0
0
0
0
1.604152729513844
0
0
0
0
1.6166282559840457
1.6106718839052094
0
0
0
1.6063422185631993
0
1.6489412078587515
0
0
0
0
1.4702529202461154
1.6111503328298811
0
0
0
0
0
1.6334348538220669
1.7081005752374923
0
0
1.6228209549910768
0
0
1.6140367237531825
1.6536273907795014
0
1.5745387507739967
0
1.4752856653156541
0
1.5894758262985809
0
0
0
0
0
0
1.6043674328443771
1.6256007035377849
0
0
0
0
0
0
0
0
0
0
0
1.7051946173607218
0
0
0
0
0
1.4428809773543032
1.6235491077624267
0
0
1.6148036093403189
0
0
0
0
0
0
0
0
0
1.8176583312790935
1.61305038648731
0
0
0
0
0
0
1.490756350343645
0
1.7880733499643897
0
0
0
0
0
1.5891109623492381
1.687873228590397
0
0
0
0
0
0
0
0
1.6043180209751933
1.5760768217619052
0
0
0
0
0
1.9024330698864718
0
0
0
0
0
1.6323803374472983
1.6425764032078782
0
1.5835122578278384
0
1.5366039738191224
0
0
1.6881194925323926
1.4739036108307806
0
1.4957885913192743
0
0
0
1.5817756924605355
0
1.8240762248350066
0
0
1.7928355716650848
0
0
0
0
0
0
0
1.8460639888352919
0
0
0
0
1.5110143476007365
0
0
1.6480744606005195
1.6582455382186265
0
0
0
0
0
0
1.6304085409482219
0
1.4986978429013815
0
0
1.7064323507926764
0
1.6151146016938838
0
0
0
0
0
0
0
1.6358424583371158
0
0
0
0
0
0
1.885580099997314
0
0
1.6306702765705905
1.5154222507636996
0
0
0
0
0
1.8846476835890047
0
0
0.97377521338883877
0
1.5032803451969343
1.4815231223858354
1.6228632144959523
0
1.656831601222136
0
1.6961052156656147
0
1.6517213189734519
0
0
0
0
0
0
0
0
0
1.6009551862554907
0
0
1.4659029132929804
0
0
0
0
0.16237605524432258
0
0
0
0
1.465537091692303
0
1.654934134641989
0
0
0
1.4236881728287911
0
0
0
0
1.6141256145616361
0
0
0
0
0
0
0
0
1.6620126929004368
0
1.5470896379522738
0
1.5074224222265304
0
0
0
1.9145896344888731
0
1.6176278093580956
0
0
1.5979572084937836
0
0
1.463708073762283
1.640997802379087
1.4575603378510527
0
0
0
1.6435183746198625
0
1.6475963055938831
0
1.6754144476347177
0
0
0
1.5789102755953661
1.6316693456098534
0
0
1.7372910603735687
0
0
1.5959981776941314
0
1.4860766345460907
1.4664561261185527
0
0
1.5854223388172803
0
0
0
0
0
1.646420272617718
0
0
1.6838728513108838
0
1.826547698395949
0
0
0
0
0
0
0
0
0
0
0
1.6076836726900934
0
1.6029117580398264
0
0
0
0
0
0
0
0
0
0
1.6264023489729338
0
0
1.5926289942921477
1.4828800474970862
1.644549223101283
0
0
1.5964597895856694
0
0
0
0
0
0
0
1.4799089007239608
0
0
1.6416224286558103
1.6925186468004412
0
0
1.9073489575092133
0
0
0
0
1.6330322554023695
0
0
0
1.5065281804940958
0
0
0
0
1.6064558351920901
0
0
0
0
1.4951532861016035
0
1.8959303444720974
0
0
0
1.635906637403262
0
0
1.8982180971302003
0
0
0
0
0
0
0
0
0
0
0
1.6733313823744218
0
1.6631438437188482
0
0
1.6562203697811955
1.5111504056141423
1.6534768893537086
0
0
0
0
0
0
0
1.6837044149042437
0
0
1.6446435219129283
1.6207431679651918
0
0
0
0
0
0
0
0
0
0
1.6117794029939772
0
0
0
1.9099706468940618
0
0
0
0
0
0
0
0
0
1.6014088626793876
1.8959423790046706
0
0
0
0
0
0
0
0
0
0
0
0
0
0
0
1.81081029653993
1.6373312572028011
1.6783412257680572
0
0
0
0
0
0
0
0
0
0
0
1.6104607020364883
0
0
0
0
1.4949223384908388
0
0
0
0
1.4827067079614291
0
0
0
0
1.5767927014885976
0
0
1.3889034016143296
0
0
0
0
0
0
0
0
1.4811349131126954
1.6887936587016659
0
1.6453298810265791
0
0
1.661010172498856
0
1.9169697037604965
1.5986127352524062
1.6443667648824529
0
0
0
0
1.4968468999717401
1.5929814916949612
0
0
1.5923794620848664
1.4868966711198404
0
0
0
1.6346606113427886
1.3638596562098608
0
0
0
0
0
0
0
1.5096834750230483
0
0
0
1.5081013205538016
1.703558709438816
0
0
0
1.5998645336083459
0
1.5106546954113158
0
0
0
0
0
0
0
0
0
1.6672098449542418
0
1.9058099319535462
1.6021119240597743
0
0
0
0
0
0
1.5987482391608638
0
0
0
1.4787829662571976
1.5003915404538342
1.6914106251673178
1.497558735841513
1.6113332104453078
1.4667783142929498
0
1.6935370551848552
1.4628781546842697
1.5963087668393348
0
1.9158604677876832
0
0
0
0
0
0
0
0
0
1.5011574334630078
0
0
0
0
1.6378241008222041
0
1.4122550398136817
0
0
0
0
0
0
0
0
0
0
0.13127374899082361
1.6130440245980189
0
0
0
1.6742978437538034
0
1.6907704326232253
0
0
1.4611351442942517
0
1.6498985540204814
0
0
1.6115128311100577
1.9063739297092641
0
0
1.5010384357529276
1.5691867650742202
0
0
1.5745916712745509
0
0
1.6638784714556218
0
0
0
0
0
1.3957185880546226
1.8710005997190653
0
0
0
1.6320825500244818
1.6215978975987109
1.8561133806651635
0
0
0
0
1.6576649190805257
0
0
0
0.14580872147620053
1.8951395322759634
0
0
0
0
0
0
0
1.6475345456645756
0
0
1.654803198263866
0
0
0
0
0
1.6396428795712212
0
0
0
0
0
0
0
1.6309540144528685
0
0
0
0
0
0
0
0
1.9201617827251434
0
0
0
0
1.5995128093518718
0
0
0
1.6789363663019954
1.9134190699223457
0
0
0
0
0
0
1.6268910352095591
0
1.9041303977117825
1.6294102346555299
0
0
0
0
0
0
0
0
0
1.6662867369917913
0
0
0
0
0
0
1.6387676282223231
1.4844147047962442
0
0
0
0
0
1.8848744573646026
0
0
0
0
0
0
0
1.1673071648177895
0
0
0
0
0
1.5918663549135008
0
0
1.6361048397713438
0
0
0
0
1.5026559491495437
0
1.6559211669080203
1.5501881407155749
0
0
0
0
0
0
0
1.480372432919784
0
0
0
0
0
0
0
0
0
0
0
0
1.6357752727558392
0
1.6363408536885138
1.4649896133656919
1.5913816730363948
0
0
0
0
0
0
0
0
0
0
0
1.6609534209725785
0
0
0
0
0
1.6319213448774725
0
0
0
0
0
1.6833877513389637
0
1.5531277794081559
0
0
0
0
0
0
0
1.6430391617663291
0
1.6559067685976259
0
0
0
0
0
0
1.6283292045155808
1.3210865588182517
0
0
0
0
0
0
0
0
0
0
1.6336541613933826
0
0
0
0
0
0
0
0
0
0
0
0
0
0
0
0
0
1.6377470129486154
0
1.2205850169957375
0
0
0
0
1.5881634295725284
0
1.6716085924682735
1.3654625693730322
0
0
0
0
0
0
1.3195531905233
0
0
0
0
0
0
0
0
1.3339601747402812
0
1.3321527902224917
0
0
0
0
0
1.1883492265952578
0
0
0
0
0
0
0.010549358774176062
0
0
0
1.3241252152551608
0
0
0
1.6525246102177273
0
0
0
1.6433015971518987
0
0
1.5689182608865659
1.5413533061984208
0
0
0
1.3773236591795075
0
1.3697780659430836
0
1.3380040191911979
0
0
1.627493463824554
1.6318064063576698
0
0
1.397046576110585
1.5759971933088861
0
0
0
0
1.6236713066701958
0
0
0
0
0
0
0
0
0
0
0
1.5975681074043344
0
0
0
1.6517057480909103
0
1.349697674924806
0
1.5787641511249164
0
0
1.3076796317743933
0
0
0
0
0
0
0
0
0
0
0
0
0
1.625918806835474
0
0
0
0
0
0
0
1.632983551793743
1.637581809622638
0
0
0
0
0
0
0
1.5558245870609233
0
0
0
0
1.6185009250558977
0
0
0
0
1.6378337124626774
0
1.5690208074332126
0
0
0
1.1977620960619677
0
0
1.5815901383092215
0
1.3621842128301327
0
0
0
0
0
0
0
1.4109794214518376
0
0
0
0
0
0
0
0
0
0
0
0
1.1982345632842895
0
0
0
0
0
0
0
0
0
1.3654000516735807
0
0
0
0
0
1.33421072627371
0
0
0
0
0
0
0
1.599438790803229
0
0
0
0
0
0
0
1.5815657873688138
0
0
0
0
0
0
0
0
1.3220264882806956
0
0
0
0
0
1.3727701014629337
0
0
0
0
0
1.3306869503334331
0
0
0
1.6213701671264698
0
0
0
0
0
0
0
0
0
0
0
1.1859309561276639
0
1.6396443364621855
0
0
0
0
0
0
1.5978157741490979
0
0
0
0
0
1.6004212732436915
0
0
0
1.5908941238659939
0
1.6357955172316472
0
0
0
0
1.3408633556147078
1.5980828330245842
0
0
0
0
0
1.6215601496147156
0
0
0
1.6086216658440231
0
0
1.6081048242244969
1.6409240495800581
0
0
0
1.346780217376355
0
1.580244099786545
0
0
0
0
0
0
1.5956928127379024
1.6107719171114618
0
0
0
0
0
0
0
0
0
0
0
1.5734936045446051
0
0
0
0
0
1.2932085293726345
1.6140574555349654
0
0
1.6006935765661372
0
0
0
0
0
0
0
0
0
0
0
0
0
0
0
0
0
1.3396181852106019
0
0
0
0
0
0
0
1.5805496236181675
1.6636683001340187
0
0
0
0
0
0
0
0
1.5915459035544013
1.5648345781462427
0
0
0
0
0
0
0
0
0
0
0
1.6217491227003411
1.6356150412060273
0
0
0
0
0
0
1.6662579448557222
1.3148400213539144
0
1.3240034692415601
0
0
0
1.5759482325530147
0
0
0
0
0
0
0
0
0
0
0
0
0
0
0
0
0
1.3545224537096725
0
0
1.6388354236785811
1.6475435397451743
0
0
0
0
0
0
1.619390219944902
0
1.3238191015666392
0
0
0.95540926613231736
0
1.6051917224454482
0
0
0
0
0
0
0
1.6262506062868971
0
0
0
0
0
0
0
0
0
1.6159419879611794
1.3351100754828376
0
0
0
0
0
0
0
0
0
0
1.3413647828589879
1.385286013343078
1.6096431551205621
0
1.6449931086535265
0
1.6859084654786163
0
1.6420146530210546
0
0
0
0
0
0
0
0
0
1.5926677849849933
0
0
1.2809642808477637
0
0
0
0
0
0
0
0
0
1.3117235458136769
0
1.6443583403537412
0
0
0
1.2618186520853545
0
0
0
0
1.6010739842146966
0
0
0
0
0
0
0
0
1.6523626899903272
0
1.5404184979639239
0
1.3470206510444396
0
0
0
0
0
1.6023426458691772
0
0
1.5842165766707044
0
0
1.3758830133752757
1.6294775156237371
0
0
0
0
1.6323593301126351
0
0
0
1.668237396238538
0
0
0
1.5722430856895477
1.6215905084975144
0
0
0
0
0
0.019925001882342353
0
1.3321857732338598
1.313793797137808
0
0
1.5766519423330578
0
0
0
0
0
1.6344042032467694
0
0
1.6722853810623781
0
0
0
0
0
0
0
0
0
0
0
0
0
1.6050578484970131
0
1.5903544132573704
0
0
0
0
0
0
0
0
0
0
1.6129724903765053
0
0
1.58688637674038
1.3238904335173374
1.6294004717431445
0
0
1.5836741205256297
0
0
0
0
0
0
0
1.3638722067584002
0
0
1.6295899216090197
1.6779698395233873
0
0
0
0
0
0
0
1.6188183505436446
0
0
0
1.3324168706102792
0
0
0
0
1.5930804556799598
0
0
0
0
1.4205610197640217
0
0
0
0
0
1.6223637957559118
0
0
0
0
0
0
0
0
0
0
0
0
0
0
1.6621509319995966
0
1.651915681261733
0
0
1.6474278026021902
1.3496209915017983
1.6465913670570809
0
0
0
0
0
0
0
1.6772093948824522
0
0
1.6366878304734636
1.6103858337734998
0
0
0
0
0
0
0
0
0
0
1.6026277076752782
0
0
0
0
0
0
0
0
0
0
0
0
0
1.5950429013147949
0
0
0
0
0
0
0
0
0
0
0
0
0
0
0
0
0
1.6250604690051755
0
0
0
0
0
0
0
0
0
0
0
0
1.5996174255985915
0
0
0
0
1.3327490874891426
0
0
0
0
1.3664181710245957
0
0
0
0
1.5762143753748254
0
0
1.2283652821912681
0
0
0
0
0
0
0
0
1.3503750563543666
1.6735622984000325
0
0.52512911340404644
0
0
1.6543800464063247
0
0
1.5896421722192697
1.6305884267557353
0
0
0
0
1.3317058479640136
1.5841980358749868
0
0
1.5812440111473649
1.3306832272344578
0
0
0
1.6236395057828359
1.2283406594924875
0
0
0
0
0
0
0
1.421098938463224
0
0
0
1.3434573538303507
1.6972045109054505
0
0
0
1.5930933626369537
0
1.3360327514541315
0
0
0
0
0
0
0
0
0
1.6550780005225392
0
0
1.5906102233361716
0
0
0
0
0
0
1.414837264923624
0
0
0
1.3322708675843988
1.4069481262760377
1.6853637417717535
1.4220490304214997
1.5998091503070764
1.3607730590255045
0
1.6815791859343949
1.3433083797312344
1.590487367023298
0
0
0
0
0
0
0
0
0
0
0
1.3573537831945977
0
0
0
0
1.6241489775329292
0
1.2775125179408762
0
0
0
0
0
0
0
0
0
0
0
1.5898657069107776
0
0
0
1.6659049827222456
0
1.6788768626820256
0
0
1.306599782817037
0
1.6376313025556239
0
0
1.5978913271388369
0
0
0
1.3345485474296341
1.5670993307232863
0
0
1.5799175096111844
0
0
0
0
0
0
0
0
1.2397979293594168
0
0
0
0
1.6151037921801841
1.6137605018778807
0
0
0
0
0
1.648161381792717
0
0
0
0
0
0
0
0
0
0
0
0
1.6356974643645616
0
0
1.6469405355172348
0
0
0
0
0
1.631177633566127
0
0
0
0
0
0
0
1.6254782139907853
0
0
0
0
0
0
0
0
0
0
0
0
0
1.5871552196282437
0
0
0
1.59688865312271
0
0
0
0
0
0
0
1.6169577235875572
0
0
1.6134914880941902
0
0
0
0
0
0
0
0
0
1.6565647373090793
0
0
0
0
0
0
1.6249606019605236
1.3996755874002142
0
0
0
0
0
0
0
0
0
0
0
0
0
0
0
0
0
0
0
0.76935158309131468
0
0
1.6199065420803889
0
0
0
0
1.3440237937759822
0
1.6415145040183601
1.5478200999806759
0
0
0
0
0
0
0
1.3381594451541665
0
0
0
0
0
0
0
0
0
0
0
0
1.6196824259238298
0
1.6203179965495389
1.3089079258977774
1.5819769026714809
0
0
0
0
0
0
0
0
0
0
0
1.6482086103303777
0
0
0
0
0
1.6202650520305932
0
0
0
0
0
0
0
0
0
0
0
0
0
0
0
0
0
0
0
0
0
0
0
0
0
1.2374940565703492
0
0
0
0
0
0
0
0
0
0
0
0
0
0
0
0
0
0
0
0
0
0
0
0
0
0
0
0
0
0
1.1471622765703429
0
0
0
0
0
0
0
1.2920724332531002
0
0
0
0
0
0
1.2660884370768453
0
0
0
0
0
0
0
0
1.2458516812095628
0
1.2418309996460424
0
0
0
0
0
1.1117784272057905
0
0
0
0
0
0
0
0
0
0
1.2298593370129274
0
0
0
0
0
0
0
0
0
0
0
0
0
0
0
1.3137635903704434
0
1.3203590975344617
0
1.2511623173312283
0
0
0
0
0
0
1.3423739083473079
0
0
0
0
0
0
0
0
0
0
0
0
0
0
0
0
0
0
0
0
0
0
0
1.2801479249283818
0
0
0
0
1.2372660270029567
0
0
0
0
0
0
0
0
0
0
0
0
0
0
0
0
0
0
0
0
0
0
0
0
0
0
0
0
0
0
0
0
0
0
0
0
0
0
0
0
0
0
0
0
0
0
1.1266814902427356
0
0
0
0
1.2893647834468758
0
0
0
0
0
0
0
1.3759610218266032
0
0
0
0
0
0
0
0
0
0
0
0
1.1243961597870837
0
0
0
0
0
0
0
0
0
1.2955598896661202
0
0
0
0
0
1.2463768793930783
0
0
0
0
0
0
0
0
0
0
0
0
0
0
0
0
0
0
0
0
0
0
0
0
1.2332660171100118
0
0
0
0
0
1.3097228469646509
0
0
0
0
0
1.2558967764786475
0
0
0
0
0
0
0
0
0
0
0
0
0
0
0
1.1120673699802404
0
0
0
0
0
0
0
0
0
0
0
0
0
0
0
0
0
0
0
0
0
0
0
0
0
1.2750585661128873
0
0
0
0
0
0
0
0
0
0
0
0
0
0
0
0
0
0
1.2819955580360407
0
0
0
0
0
0
0
0
0
0
0
0
0
0
0
0
0
0
0
0
0
0
0
0
0
0
0
1.2188512144176804
0
0
0
0
0
0
0
0
0
0
0
0
0
0
0
0
0
0
0
0
0
1.2606673090481249
0
0
0
0
0
0
0
0
0
0
0
0
0
0
0
0
0
0
0
0
0
0
0
0
0
0
0
0
0
0
0
0
0
0
0
0
0
0
0
1.2324881874571016
0
1.2371400685845537
0
0
0
0
0
0
0
0
0
0
0
0
0
0
0
0
0
0
0
0
0
1.2728710568229198
0
0
0
0
0
0
0
0
0
0
0
0
1.2314747479222523
0
0
0
0
0
0
0
0
0
0
0
0
0
0
0
0
0
0
0
0
0
0
0
1.2418436527441326
0
0
0
0
0
0
0
0
0
0
1.2567371919677719
1.3391582182345789
0
0
0
0
0
0
0
0
0
0
0
0
0
0
0
0
0
0
0
1.1872518821307978
0
0
0
0
0
0
0
0
0
1.2327886577785365
0
0
0
0
0
1.1825695271863379
0
0
0
0
0
0
0
0
0
0
0
0
0
0
0
0
0
1.2666301932007784
0
0
0
0
0
0
0
0
0
0
0
1.3308761671855909
0
0
0
0
0
0
0
0
0
0
0
0
0
0
0
0
0
0
0
0
0
0
1.251766989407388
1.2357051417388174
0
0
0
0
0
0
0
0
0
0
0
0
0
0
0
0
0
0
0
0
0
0
0
0
0
0
0
0
0
0
0
0
0
0
0
0
0
0
0
0
0
0
1.2407502144328464
0
0
0
0
0
0
0
0
0
0
0
1.3043747082924397
0
0
0
0
0
0
0
0
0
0
0
0
0
0
0
1.2399074641675143
0
0
0
0
0
0
0
0
0
1.3850485150629408
0
0
0
0
0
0
0
0
0
0
0
0
0
0
0
0
0
0
0
0
0
0
0
0
0
0
1.2639422187773406
0
0
0
0
0
0
0
0
0
0
0
0
0
0
0
0
0
0
0
0
0
0
0
0
0
0
0
0
0
0
0
0
0
0
0
0
0
0
0
0
0
0
0
0
0
0
0
0
0
0
0
0
0
0
0
0
0
0
0
0
0
0
0
0
0
0
0
0
0
0
0
0
0
1.2477685558794365
0
0
0
0
1.308478851452296
0
0
0
0
0
0
0
1.1504773443580962
0
0
0
0
0
0
0
0
1.2830242519477697
0
0
0
0
0
0
0
0
0
0
0
0
0
0
1.2446878355126518
0
0
0
0
1.2493671887899092
0
0
0
0
1.1630611426689037
0
0
0
0
0
0
0
1.373275050745022
0
0
0
1.258980447198514
0
0
0
0
0
0
1.25129499715811
0
0
0
0
0
0
0
0
0
0
0
0
0
0
0
0
0
0
0
0
0
0
0
1.2570890328576003
1.3567560018457665
0
1.3821447769100446
0
1.3078470122015886
0
0
1.2847537586980562
0
0
0
0
0
0
0
0
0
0
0
0
1.2827653001203352
0
0
0
0
0
0
1.213817833302864
0
0
0
0
0
0
0
0
0
0
0
0
0
0
0
0
0
0
0
0
1.2277375788901053
0
0
0
0
0
0
0
0
1.2489431507283597
0
0
0
0
0
0
0
0
0
0
0
0
1.1644695778852419
0
0
0
0
0
0
0
0
0
0
0
0
0
0
0
0
0
0
0
0
0
0
0
0
0
0
0
0
0
0
0
0
0
0
0
0
0
0
0
0
0
0
0
0
0
0
0
0
0
0
0
0
0
0
0
0
0
0
0
0
0
0
0
0
0
0
0
0
0
0
0
0
0
0
0
0
0
0
0
0
0
0
0
0
0
0
0
0
1.3594955990571482
0
0
0
0
0
0
0
0
0
0
0
0
0
0
0
0
0
0
0
0
0
0
0
0
0
0
0
1.2594614595794078
0
0
0
0
0
0
0
0
0
0
1.2648396894410652
0
0
0
0
0
0
0
0
0
0
0
0
0
0
0
1.2289024179862476
0
0
0
0
0
0
0
0
0
0
0
0
0
0
0
0
0
0
0
0
0
0
0
SCALARS particle_id float 1
LOOKUP_TABLE default
0
1
2
3
4
5
6
7
8
9
10
11
12
13
14
15
16
17
18
19
20
21
22
23
24
25
26
27
28
29
30
31
32
33
34
35
36
37
38
39
40
41
42
43
44
45
46
47
48
49
50
51
52
53
54
55
56
57
58
59
60
61
62
63
64
65
66
67
68
69
70
71
72
73
74
75
76
77
78
79
80
81
82
83
84
85
86
87
88
89
90
91
92
93
94
95
96
97
98
99
100
101
102
103
104
105
106
107
108
109
110
111
112
113
114
115
116
117
118
119
120
121
122
123
124
125
126
127
128
129
130
131
132
133
134
135
136
137
138
139
140
141
142
143
144
145
146
147
148
149
150
151
152
153
154
155
156
157
158
159
160
161
162
163
164
165
166
167
168
169
170
171
172
173
174
175
176
177
178
179
180
181
182
183
184
185
186
187
188
189
190
191
192
193
194
195
196
197
198
199
200
201
202
203
204
205
206
207
208
209
210
211
212
213
214
215
216
217
218
219
220
221
222
223
224
225
226
227
228
229
230
231
232
233
234
235
236
237
238
239
240
241
242
243
244
245
246
247
248
249
250
251
252
253
254
255
256
257
258
259
260
261
262
263
264
265
266
267
268
269
270
271
272
273
274
275
276
277
278
279
280
281
282
283
284
285
286
287
288
289
290
291
292
293
294
295
296
297
298
299
300
301
302
303
304
305
306
307
308
309
310
311
312
313
314
315
316
317
318
319
320
321
322
323
324
325
326
327
328
329
330
331
332
333
334
335
336
337
338
339
340
341
342
343
344
345
346
347
348
349
350
351
352
353
354
355
356
357
358
359
360
361
362
363
364
365
366
367
368
369
370
371
372
373
374
375
376
377
378
379
380
381
382
383
384
385
386
387
388
389
390
391
392
393
394
395
396
397
398
399
400
401
402
403
404
405
406
407
408
409
410
411
412
413
414
415
416
417
418
419
420
421
422
423
424
425
426
427
428
429
430
431
432
433
434
435
436
437
438
439
440
441
442
443
444
445
446
447
448
449
450
451
452
453
454
455
456
457
458
459
460
461
462
463
464
465
466
467
468
469
470
471
472
473
474
475
476
477
478
479
480
481
482
483
484
485
486
487
488
489
490
491
492
493
494
495
496
497
498
499
500
501
502
503
504
505
506
507
508
509
510
511
512
513
514
515
516
517
518
519
520
521
522
523
524
525
526
527
528
529
530
531
532
533
534
535
536
537
538
539
540
541
542
543
544
545
546
547
548
549
550
551
552
553
554
555
556
557
558
559
560
561
562
563
564
565
566
567
568
569
570
571
572
573
574
575
576
577
578
579
580
581
582
583
584
585
586
587
588
589
590
591
592
593
594
595
596
597
598
599
600
601
602
603
604
605
606
607
608
609
610
611
612
613
614
615
616
617
618
619
620
621
622
623
624
625
626
627
628
629
630
631
632
633
634
635
636
637
638
639
640
641
642
643
644
645
646
647
648
649
650
651
652
653
654
655
656
657
658
659
660
661
662
663
664
665
666
667
668
669
670
671
672
673
674
675
676
677
678
679
680
681
682
683
684
685
686
687
688
689
690
691
692
693
694
695
696
697
698
699
700
701
702
703
704
705
706
707
708
709
710
711
712
713
714
715
716
717
718
719
720
721
722
723
724
725
726
727
728
729
730
731
732
733
734
735
736
737
738
739
740
741
742
743
744
745
746
747
748
749
750
751
752
753
754
755
756
757
758
759
760
761
762
763
764
765
766
767
768
769
770
771
772
773
774
775
776
777
778
779
780
781
782
783
784
785
786
787
788
789
790
791
792
793
794
795
796
797
798
799
800
801
802
803
804
805
806
807
808
809
810
811
812
813
814
815
816
817
818
819
820
821
822
823
824
825
826
827
828
829
830
831
832
833
834
835
836
837
838
839
840
841
842
843
844
845
846
847
848
849
850
851
852
853
854
855
856
857
858
859
860
861
862
863
864
865
866
867
868
869
870
871
872
873
874
875
876
877
878
879
880
881
882
883
884
885
886
887
888
889
890
891
892
893
894
895
896
897
898
899
900
901
902
903
904
905
906
907
908
909
910
911
912
913
914
915
916
917
918
919
920
921
922
923
924
925
926
927
928
929
930
931
932
933
934
935
936
937
938
939
940
941
942
943
944
945
946
947
948
949
950
951
952
953
954
955
956
957
958
959
960
961
962
963
964
965
966
967
968
969
970
971
972
973
974
975
976
977
978
979
980
981
982
983
984
985
986
987
988
989
990
991
992
993
994
995
996
997
998
999
1000
1001
1002
1003
1004
1005
1006
1007
1008
1009
1010
1011
1012
1013
1014
1015
1016
1017
1018
1019
1020
1021
1022
1023
1024
1025
1026
1027
1028
1029
1030
1031
1032
1033
1034
1035
1036
1037
1038
1039
1040
1041
1042
1043
1044
1045
1046
1047
1048
1049
1050
1051
1052
1053
1054
1055
1056
1057
1058
1059
1060
1061
1062
1063
1064
1065
1066
1067
1068
1069
1070
1071
1072
1073
1074
1075
1076
1077
1078
1079
1080
1081
1082
1083
1084
1085
1086
1087
1088
1089
1090
1091
1092
1093
1094
1095
1096
1097
1098
1099
1100
1101
1102
1103
1104
1105
1106
1107
1108
1109
1110
1111
1112
1113
1114
1115
1116
1117
1118
1119
1120
1121
1122
1123
1124
1125
1126
1127
1128
1129
1130
1131
1132
1133
1134
1135
1136
1137
1138
1139
1140
1141
1142
1143
1144
1145
1146
1147
1148
1149
1150
1151
1152
1153
1154
1155
1156
1157
1158
1159
1160
1161
1162
1163
1164
1165
1166
1167
1168
1169
1170
1171
1172
1173
1174
1175
1176
1177
1178
1179
1180
1181
1182
1183
1184
1185
1186
1187
1188
1189
1190
1191
1192
1193
1194
1195
1196
1197
1198
1199
1200
1201
1202
1203
1204
1205
1206
1207
1208
1209
1210
1211
1212
1213
1214
1215
1216
1217
1218
1219
1220
1221
1222
1223
1224
1225
1226
1227
1228
1229
1230
1231
1232
1233
1234
1235
1236
1237
1238
1239
1240
1241
1242
1243
1244
1245
1246
1247
1248
1249
1250
1251
1252
1253
1254
1255
1256
1257
1258
1259
1260
1261
1262
1263
1264
1265
1266
1267
1268
1269
1270
1271
1272
1273
1274
1275
1276
1277
1278
1279
1280
1281
1282
1283
1284
1285
1286
1287
1288
1289
1290
1291
1292
1293
1294
1295
1296
1297
1298
1299
1300
1301
1302
1303
1304
1305
1306
1307
1308
1309
1310
1311
1312
1313
1314
1315
1316
1317
1318
1319
1320
1321
1322
1323
1324
1325
1326
1327
1328
1329
1330
1331
1332
1333
1334
1335
1336
1337
1338
1339
1340
1341
1342
1343
1344
1345
1346
1347
1348
1349
1350
1351
1352
1353
1354
1355
1356
1357
1358
1359
1360
1361
1362
1363
1364
1365
1366
1367
1368
1369
1370
1371
1372
1373
1374
1375
1376
1377
1378
1379
1380
1381
1382
1383
1384
1385
1386
1387
1388
1389
1390
1391
1392
1393
1394
1395
1396
1397
1398
1399
1400
1401
1402
1403
1404
1405
1406
1407
1408
1409
1410
1411
1412
1413
1414
1415
1416
1417
1418
1419
1420
1421
1422
1423
1424
1425
1426
1427
1428
1429
1430
1431
1432
1433
1434
1435
1436
1437
1438
1439
1440
1441
1442
1443
1444
1445
1446
1447
1448
1449
1450
1451
1452
1453
1454
1455
1456
1457
1458
1459
1460
1461
1462
1463
1464
1465
1466
1467
1468
1469
1470
1471
1472
1473
1474
1475
1476
1477
1478
1479
1480
1481
1482
1483
1484
1485
1486
1487
1488
1489
1490
1491
1492
1493
1494
1495
1496
1497
1498
1499
1500
1501
1502
1503
1504
1505
1506
1507
1508
1509
1510
1511
1512
1513
1514
1515
1516
1517
1518
1519
1520
1521
1522
1523
1524
1525
1526
1527
1528
1529
1530
1531
1532
1533
1534
1535
1536
1537
1538
1539
1540
1541
1542
1543
1544
1545
1546
1547
1548
1549
1550
1551
1552
1553
1554
1555
1556
1557
1558
1559
1560
1561
1562
1563
1564
1565
1566
1567
1568
1569
1570
1571
1572
1573
1574
1575
1576
1577
1578
1579
1580
1581
1582
1583
1584
1585
1586
1587
1588
1589
1590
1591
1592
1593
1594
1595
1596
1597
1598
1599
1600
1601
1602
1603
1604
1605
1606
1607
1608
1609
1610
1611
1612
1613
1614
1615
1616
1617
1618
1619
1620
1621
1622
1623
1624
1625
1626
1627
1628
1629
1630
1631
1632
1633
1634
1635
1636
1637
1638
1639
1640
1641
1642
1643
1644
1645
1646
1647
1648
1649
1650
1651
1652
1653
1654
1655
1656
1657
1658
1659
1660
1661
1662
1663
1664
1665
1666
1667
1668
1669
1670
1671
1672
1673
1674
1675
1676
1677
1678
1679
1680
1681
1682
1683
1684
1685
1686
1687
1688
1689
1690
1691
1692
1693
1694
1695
1696
1697
1698
1699
1700
1701
1702
1703
1704
1705
1706
1707
1708
1709
1710
1711
1712
1713
1714
1715
1716
1717
1718
1719
1720
1721
1722
1723
1724
1725
1726
1727
1728
1729
1730
1731
1732
1733
1734
1735
1736
1737
1738
1739
1740
1741
1742
1743
1744
1745
1746
1747
1748
1749
1750
1751
1752
1753
1754
1755
1756
1757
1758
1759
1760
1761
1762
1763
1764
1765
1766
1767
1768
1769
1770
1771
1772
1773
1774
1775
1776
1777
1778
1779
1780
1781
1782
1783
1784
1785
1786
1787
1788
1789
1790
1791
1792
1793
1794
1795
1796
1797
1798
1799
1800
1801
1802
1803
1804
1805
1806
1807
1808
1809
1810
1811
1812
1813
1814
1815
1816
1817
1818
1819
1820
1821
1822
1823
1824
1825
1826
1827
1828
1829
1830
1831
1832
1833
1834
1835
1836
1837
1838
1839
1840
1841
1842
1843
1844
1845
1846
1847
1848
1849
1850
1851
1852
1853
1854
1855
1856
1857
1858
1859
1860
1861
1862
1863
1864
1865
1866
1867
1868
1869
1870
1871
1872
1873
1874
1875
1876
1877
1878
1879
1880
1881
1882
1883
1884
1885
1886
1887
1888
1889
1890
1891
1892
1893
1894
1895
1896
1897
1898
1899
1900
1901
1902
1903
1904
1905
1906
1907
1908
1909
1910
1911
1912
1913
1914
1915
1916
1917
1918
1919
1920
1921
1922
1923
1924
1925
1926
1927
1928
1929
1930
1931
1932
1933
1934
1935
1936
1937
1938
1939
1940
1941
1942
1943
1944
1945
1946
1947
1948
1949
1950
1951
1952
1953
1954
1955
1956
1957
1958
1959
1960
1961
1962
1963
1964
1965
1966
1967
1968
1969
1970
1971
1972
1973
1974
1975
1976
1977
1978
1979
1980
1981
1982
1983
1984
1985
1986
1987
1988
1989
1990
1991
1992
1993
1994
1995
1996
1997
1998
1999
2000
2001
2002
2003
2004
2005
2006
2007
2008
2009
2010
2011
2012
2013
2014
2015
2016
2017
2018
2019
2020
2021
2022
2023
2024
2025
2026
2027
2028
2029
2030
2031
2032
2033
2034
2035
2036
2037
2038
2039
2040
2041
2042
2043
2044
2045
2046
2047
2048
2049
2050
2051
2052
2053
2054
2055
2056
2057
2058
2059
2060
2061
2062
2063
2064
2065
2066
2067
2068
2069
2070
2071
2072
2073
2074
2075
2076
2077
2078
2079
2080
2081
2082
2083
2084
2085
2086
2087
2088
2089
2090
2091
2092
2093
2094
2095
2096
2097
2098
2099
2100
2101
2102
2103
2104
2105
2106
2107
2108
2109
2110
2111
2112
2113
2114
2115
2116
2117
2118
2119
2120
2121
2122
2123
2124
2125
2126
2127
2128
2129
2130
2131
2132
2133
2134
2135
2136
2137
2138
2139
2140
2141
2142
2143
2144
2145
2146
2147
2148
2149
2150
2151
2152
2153
2154
2155
2156
2157
2158
2159
2160
2161
2162
2163
2164
2165
2166
2167
2168
2169
2170
2171
2172
2173
2174
2175
2176
2177
2178
2179
2180
2181
2182
2183
2184
2185
2186
2187
2188
2189
2190
2191
2192
2193
2194
2195
2196
2197
2198
2199
2200
2201
2202
2203
2204
2205
2206
2207
2208
2209
2210
2211
2212
2213
2214
2215
2216
2217
2218
2219
2220
2221
2222
2223
2224
2225
2226
2227
2228
2229
2230
2231
2232
2233
2234
2235
2236
2237
2238
2239
2240
2241
2242
2243
2244
2245
2246
2247
2248
2249
2250
2251
2252
2253
2254
2255
2256
2257
2258
2259
2260
2261
2262
2263
2264
2265
2266
2267
2268
2269
2270
2271
2272
2273
2274
2275
2276
2277
2278
2279
2280
2281
2282
2283
2284
2285
2286
2287
2288
2289
2290
2291
2292
2293
2294
2295
2296
2297
2298
2299
2300
2301
2302
2303
2304
2305
2306
2307
2308
2309
2310
2311
2312
2313
2314
2315
2316
2317
2318
2319
2320
2321
2322
2323
2324
2325
2326
2327
2328
2329
2330
2331
2332
2333
2334
2335
2336
2337
2338
2339
2340
2341
2342
2343
2344
2345
2346
2347
2348
2349
2350
2351
2352
2353
2354
2355
2356
2357
2358
2359
2360
2361
2362
2363
2364
2365
2366
2367
2368
2369
2370
2371
2372
2373
2374
2375
2376
2377
2378
2379
2380
2381
2382
2383
2384
2385
2386
2387
2388
2389
2390
2391
2392
2393
2394
2395
2396
2397
2398
2399
2400
2401
2402
2403
2404
2405
2406
2407
2408
2409
2410
2411
2412
2413
2414
2415
2416
2417
2418
2419
2420
2421
2422
2423
2424
2425
2426
2427
2428
2429
2430
2431
2432
2433
2434
2435
2436
2437
2438
2439
2440
2441
2442
2443
2444
2445
2446
2447
2448
2449
2450
2451
2452
2453
2454
2455
2456
2457
2458
2459
2460
2461
2462
2463
2464
2465
2466
2467
2468
2469
2470
2471
2472
2473
2474
2475
2476
2477
2478
2479
2480
2481
2482
2483
2484
2485
2486
2487
2488
2489
2490
2491
2492
2493
2494
2495
2496
2497
2498
2499
2500
2501
2502
2503
2504
2505
2506
2507
2508
2509
2510
2511
2512
2513
2514
2515
2516
2517
2518
2519
2520
2521
2522
2523
2524
2525
2526
2527
2528
2529
2530
2531
2532
2533
2534
2535
2536
2537
2538
2539
2540
2541
2542
2543
2544
2545
2546
2547
2548
2549
2550
2551
2552
2553
2554
2555
2556
2557
2558
2559
2560
2561
2562
2563
2564
2565
2566
2567
2568
2569
2570
2571
2572
2573
2574
2575
2576
2577
2578
2579
2580
2581
2582
2583
2584
2585
2586
2587
2588
2589
2590
2591
2592
2593
2594
2595
2596
2597
2598
2599
2600
2601
2602
2603
2604
2605
2606
2607
2608
2609
2610
2611
2612
2613
2614
2615
2616
2617
2618
2619
2620
2621
2622
2623
2624
2625
2626
2627
2628
2629
2630
2631
2632
2633
2634
2635
2636
2637
2638
2639
2640
2641
2642
2643
2644
2645
2646
2647
2648
2649
2650
2651
2652
2653
2654
2655
2656
2657
2658
2659
2660
2661
2662
2663
2664
2665
2666
2667
2668
2669
2670
2671
2672
2673
2674
2675
2676
2677
2678
2679
2680
2681
2682
2683
2684
2685
2686
2687
2688
2689
2690
2691
2692
2693
2694
2695
2696
2697
2698
2699
2700
2701
2702
2703
2704
2705
2706
2707
2708
2709
2710
2711
2712
2713
2714
2715
2716
2717
2718
2719
2720
2721
2722
2723
2724
2725
2726
2727
2728
2729
2730
2731
2732
2733
2734
2735
2736
2737
2738
2739
2740
2741
2742
2743
2744
2745
2746
2747
2748
2749
2750
2751
2752
2753
2754
2755
2756
2757
2758
2759
2760
2761
2762
2763
2764
2765
2766
2767
2768
2769
2770
2771
2772
2773
2774
2775
2776
2777
2778
2779
2780
2781
2782
2783
2784
2785
2786
2787
2788
2789
2790
2791
2792
2793
2794
2795
2796
2797
2798
2799
2800
2801
2802
2803
2804
2805
2806
2807
2808
2809
2810
2811
2812
2813
2814
2815
2816
2817
2818
2819
2820
2821
2822
2823
2824
2825
2826
2827
2828
2829
2830
2831
2832
2833
2834
2835
2836
2837
2838
2839
2840
2841
2842
2843
2844
2845
2846
2847
2848
2849
2850
2851
2852
2853
2854
2855
2856
2857
2858
2859
2860
2861
2862
2863
2864
2865
2866
2867
2868
2869
2870
2871
2872
2873
2874
2875
2876
2877
2878
2879
2880
2881
2882
2883
2884
2885
2886
2887
2888
2889
2890
2891
2892
2893
2894
2895
2896
2897
2898
2899
2900
2901
2902
2903
2904
2905
2906
2907
2908
2909
2910
2911
2912
2913
2914
2915
2916
2917
2918
2919
2920
2921
2922
2923
2924
2925
2926
2927
2928
2929
2930
2931
2932
2933
2934
2935
2936
2937
2938
2939
2940
2941
2942
2943
2944
2945
2946
2947
2948
2949
2950
2951
2952
2953
2954
2955
2956
2957
2958
2959
2960
2961
2962
2963
2964
2965
2966
2967
2968
2969
2970
2971
2972
2973
2974
2975
2976
2977
2978
2979
2980
2981
2982
2983
2984
2985
2986
2987
2988
2989
2990
2991
2992
2993
2994
2995
2996
2997
2998
2999
3000
3001
3002
3003
3004
3005
3006
3007
3008
3009
3010
3011
3012
3013
3014
3015
3016
3017
3018
3019
3020
3021
3022
3023
3024
3025
3026
3027
3028
3029
3030
3031
3032
3033
3034
3035
3036
3037
3038
3039
3040
3041
3042
3043
3044
3045
3046
3047
3048
3049
3050
3051
3052
3053
3054
3055
3056
3057
3058
3059
3060
3061
3062
3063
3064
3065
3066
3067
3068
3069
3070
3071
3072
3073
3074
3075
3076
3077
3078
3079
3080
3081
3082
3083
3084
3085
3086
3087
3088
3089
3090
3091
3092
3093
3094
3095
3096
3097
3098
3099
3100
3101
3102
3103
3104
3105
3106
3107
3108
3109
3110
3111
3112
3113
3114
3115
3116
3117
3118
3119
3120
3121
3122
3123
3124
3125
3126
3127
3128
3129
3130
3131
3132
3133
3134
3135
3136
3137
3138
3139
3140
3141
3142
3143
3144
3145
3146
3147
3148
3149
3150
3151
3152
3153
3154
3155
3156
3157
3158
3159
3160
3161
3162
3163
3164
3165
3166
3167
3168
3169
3170
3171
3172
3173
3174
3175
3176
3177
3178
3179
3180
3181
3182
3183
3184
3185
3186
3187
3188
3189
3190
3191
3192
3193
3194
3195
3196
3197
3198
3199
3200
3201
3202
3203
3204
3205
3206
3207
3208
3209
3210
3211
3212
3213
3214
3215
3216
3217
3218
3219
3220
3221
3222
3223
3224
3225
3226
3227
3228
3229
3230
3231
3232
3233
3234
3235
3236
3237
3238
3239
3240
3241
3242
3243
3244
3245
3246
3247
3248
3249
3250
3251
3252
3253
3254
3255
3256
3257
3258
3259
3260
3261
3262
3263
3264
3265
3266
3267
3268
3269
3270
3271
3272
3273
3274
3275
3276
3277
3278
3279
3280
3281
3282
3283
3284
3285
3286
3287
3288
3289
3290
3291
3292
3293
3294
3295
3296
3297
3298
3299
3300
3301
3302
3303
3304
3305
3306
3307
3308
3309
3310
3311
3312
3313
3314
3315
3316
3317
3318
3319
3320
3321
3322
3323
3324
3325
3326
3327
3328
3329
3330
3331
3332
3333
3334
3335
3336
3337
3338
3339
3340
3341
3342
3343
3344
3345
3346
3347
3348
3349
3350
3351
3352
3353
3354
3355
3356
3357
3358
3359
3360
3361
3362
3363
3364
3365
3366
3367
3368
3369
3370
3371
3372
3373
3374
3375
3376
3377
3378
3379
3380
3381
3382
3383
3384
3385
3386
3387
3388
3389
3390
3391
3392
3393
3394
3395
3396
3397
3398
3399
3400
3401
3402
3403
3404
3405
3406
3407
3408
3409
3410
3411
3412
3413
3414
3415
3416
3417
3418
3419
3420
3421
3422
3423
3424
3425
3426
3427
3428
3429
3430
3431
3432
3433
3434
3435
3436
3437
3438
3439
3440
3441
3442
3443
3444
3445
3446
3447
3448
3449
3450
3451
3452
3453
3454
3455
3456
3457
3458
3459
3460
3461
3462
3463
3464
3465
3466
3467
3468
3469
3470
3471
3472
3473
3474
3475
3476
3477
3478
3479
3480
3481
3482
3483
3484
3485
3486
3487
3488
3489
3490
3491
3492
3493
3494
3495
3496
3497
3498
3499
3500
3501
3502
3503
3504
3505
3506
3507
3508
3509
3510
3511
3512
3513
3514
3515
3516
3517
3518
3519
3520
3521
3522
3523
3524
3525
3526
3527
3528
3529
3530
3531
3532
3533
3534
3535
3536
3537
3538
3539
3540
3541
3542
3543
3544
3545
3546
3547
3548
3549
3550
3551
3552
3553
3554
3555
3556
3557
3558
3559
3560
3561
3562
3563
3564
3565
3566
3567
3568
3569
3570
3571
3572
3573
3574
3575
3576
3577
3578
3579
3580
3581
3582
3583
3584
3585
3586
3587
3588
3589
3590
3591
3592
3593
3594
3595
3596
3597
3598
3599
3600
3601
3602
3603
3604
3605
3606
3607
3608
3609
3610
3611
3612
3613
3614
3615
3616
3617
3618
3619
3620
3621
3622
3623
3624
3625
3626
3627
3628
3629
3630
3631
3632
3633
3634
3635
3636
3637
3638
3639
3640
3641
3642
3643
3644
3645
3646
3647
3648
3649
3650
3651
3652
3653
3654
3655
3656
3657
3658
3659
3660
3661
3662
3663
3664
3665
3666
3667
3668
3669
3670
3671
3672
3673
3674
3675
3676
3677
3678
3679
3680
3681
3682
3683
3684
3685
3686
3687
3688
3689
3690
3691
3692
3693
3694
3695
3696
3697
3698
3699
3700
3701
3702
3703
3704
3705
3706
3707
3708
3709
3710
3711
3712
3713
3714
3715
3716
3717
3718
3719
3720
3721
3722
3723
3724
3725
3726
3727
3728
3729
3730
3731
3732
3733
3734
3735
3736
3737
3738
3739
3740
3741
3742
3743
3744
3745
3746
3747
3748
3749
3750
3751
3752
3753
3754
3755
3756
3757
3758
3759
3760
3761
3762
3763
3764
3765
3766
3767
3768
3769
3770
3771
3772
3773
3774
3775
3776
3777
3778
3779
3780
3781
3782
3783
3784
3785
3786
3787
3788
3789
3790
3791
3792
3793
3794
3795
3796
3797
3798
3799
3800
3801
3802
3803
3804
3805
3806
3807
3808
3809
3810
3811
3812
3813
3814
3815
3816
3817
3818
3819
3820
3821
3822
3823
3824
3825
3826
3827
3828
3829
3830
3831
3832
3833
3834
3835
3836
3837
3838
3839
3840
3841
3842
3843
3844
3845
3846
3847
3848
3849
3850
3851
3852
3853
3854
3855
3856
3857
3858
3859
3860
3861
3862
3863
3864
3865
3866
3867
3868
3869
3870
3871
3872
3873
3874
3875
3876
3877
3878
3879
3880
3881
3882
3883
3884
3885
3886
3887
3888
3889
3890
3891
3892
3893
3894
3895
3896
3897
3898
3899
3900
3901
3902
3903
3904
3905
3906
3907
3908
3909
3910
3911
3912
3913
3914
3915
3916
3917
3918
3919
3920
3921
3922
3923
3924
3925
3926
3927
3928
3929
3930
3931
3932
3933
3934
3935
3936
3937
3938
3939
3940
3941
3942
3943
3944
3945
3946
3947
3948
3949
3950
3951
3952
3953
3954
3955
3956
3957
3958
3959
3960
3961
3962
3963
3964
3965
3966
3967
3968
3969
3970
3971
3972
3973
3974
3975
3976
3977
3978
3979
3980
3981
3982
3983
3984
3985
3986
3987
3988
3989
3990
3991
3992
3993
3994
3995
3996
3997
3998
3999
4000
4001
4002
4003
4004
4005
4006
4007
4008
4009
4010
4011
4012
4013
4014
4015
4016
4017
4018
4019
4020
4021
4022
4023
4024
4025
4026
4027
4028
4029
4030
4031
4032
4033
4034
4035
4036
4037
4038
4039
4040
4041
4042
4043
4044
4045
4046
4047
4048
4049
4050
4051
4052
4053
4054
4055
4056
4057
4058
4059
4060
4061
4062
4063
4064
4065
4066
4067
4068
4069
4070
4071
4072
4073
4074
4075
4076
4077
4078
4079
4080
4081
4082
4083
4084
4085
4086
4087
4088
4089
4090
4091
4092
4093
4094
4095
4096
4097
4098
4099
4100
4101
4102
4103
4104
4105
4106
4107
4108
4109
4110
4111
4112
4113
4114
4115
4116
4117
4118
4119
4120
4121
4122
4123
4124
4125
4126
4127
4128
4129
4130
4131
4132
4133
4134
4135
4136
4137
4138
4139
4140
4141
4142
4143
4144
4145
4146
4147
4148
4149
4150
4151
4152
4153
4154
4155
4156
4157
4158
4159
4160
4161
4162
4163
4164
4165
4166
4167
4168
4169
4170
4171
4172
4173
4174
4175
4176
4177
4178
4179
4180
4181
4182
4183
4184
4185
4186
4187
4188
4189
4190
4191
4192
4193
4194
4195
4196
4197
4198
4199
4200
4201
4202
4203
4204
4205
4206
4207
4208
4209
4210
4211
4212
4213
4214
4215
4216
4217
4218
4219
4220
4221
4222
4223
4224
4225
4226
4227
4228
4229
4230
4231
4232
4233
4234
4235
4236
4237
4238
4239
4240
4241
4242
4243
4244
4245
4246
4247
4248
4249
4250
4251
4252
4253
4254
4255
4256
4257
4258
4259
4260
4261
4262
4263
4264
4265
4266
4267
4268
4269
4270
4271
4272
4273
4274
4275
4276
4277
4278
4279
4280
4281
4282
4283
4284
4285
4286
4287
4288
4289
4290
4291
4292
4293
4294
4295
4296
4297
4298
4299
4300
4301
4302
4303
4304
4305
4306
4307
4308
4309
4310
4311
4312
4313
4314
4315
4316
4317
4318
4319
4320
4321
4322
4323
4324
4325
4326
4327
4328
4329
4330
4331
4332
4333
4334
4335
4336
4337
4338
4339
4340
4341
4342
4343
4344
4345
4346
4347
4348
4349
4350
4351
4352
4353
4354
4355
4356
4357
4358
4359
4360
4361
4362
4363
4364
4365
4366
4367
4368
4369
4370
4371
4372
4373
4374
4375
4376
4377
4378
4379
4380
4381
4382
4383
4384
4385
4386
4387
4388
4389
4390
4391
4392
4393
4394
4395
4396
4397
4398
4399
4400
4401
4402
4403
4404
4405
4406
4407
4408
4409
4410
4411
4412
4413
4414
4415
4416
4417
4418
4419
4420
4421
4422
4423
4424
4425
4426
4427
4428
4429
4430
4431
4432
4433
4434
4435
4436
4437
4438
4439
4440
4441
4442
4443
4444
4445
4446
4447
4448
4449
4450
4451
4452
4453
4454
4455
4456
4457
4458
4459
4460
4461
4462
4463
4464
4465
4466
4467
4468
4469
4470
4471
4472
4473
4474
4475
SCALARS particle_speed float 1
LOOKUP_TABLE default
1.5412886469721125
1.4861202711192441
1.4224888116077201
1.3678597075582144
1.5262479888827802
1.465161142844051
1.4033391714338272
1.3536659865495939
1.5406367428118339
1.483056592703859
1.5699768992918897
1.5347646744681036
1.429962275159028
1.3890318916051048
1.4933688910648655
1.4614526713646685
1.5897503148438024
1.5864504762490994
1.6122072659388236
1.5601830623473687
1.537779180027379
1.6052704578269736
1.5939069860620778
1.3627664950571305
1.4017121293292394
1.4087787120021991
1.4091628507420002
1.3361874771217441
1.3252164795706447
1.3503127785831024
1.3912045163281328
1.397006402926849
1.3942729529504663
1.3658383325570667
1.391436586756295
1.4312498977562256
1.4492464771165319
1.4707003846847566
1.5013938674951077
1.4356851492647604
1.4329084816803475
1.5089436509171985
1.5067258060115294
1.5321513515055607
1.5377032610118184
1.551610865921611
1.5738307764000494
1.569321591750634
1.5722137505747569
1.6018593418027016
1.6142453706945736
1.5943517247689509
1.577998565599434
1.6143225637407663
1.6315630305019202
1.6290477179156917
1.5510073714936232
1.6092320023931188
1.5549964607485365
1.6127116321528738
1.6415762321473877
1.6449253542957962
1.6414064163446411
1.6462036865550691
1.5773193616498933
1.6264853399304195
1.6401427508809276
1.6481064033751183
1.5977857519653067
1.6379875905211603
1.6168572900442628
1.6426396365628249
1.6389425967704838
1.6499855729919903
1.6332616703924365
1.640244634397638
1.5835175658543241
1.566592016788388
1.6075238618244865
1.5839289441723388
1.603316299083656
1.6369796473741869
1.6529693850829308
1.620830743775824
1.6089336040008722
1.6458200801267175
1.6302571658996488
1.6308390938432418
1.6740379923667339
1.6800259035135932
1.6873207972839692
1.7045482332902653
1.6934239079899824
1.6391649214958006
1.6349072305666139
1.6690132943180256
1.7032599417738727
1.6787785162643227
1.6476032370928821
1.6311771569119993
1.6516567474371093
1.6418846772558637
1.6302365454808803
1.646547220071447
1.6908176413588571
1.6735061167104701
1.6860838633424047
1.6960206170628491
1.4698811346123222
1.4023016291954271
1.3471745691926633
1.445375438229247
1.3797357630792604
1.310201078735123
1.3325363758872557
1.3023266081974738
1.3821784033310447
1.3334238264388383
1.3630709132616456
1.3204932585561044
1.2938594584562058
1.2673789497537433
1.2874597808028456
1.2660105215598303
1.4626528681941062
1.4014275944524923
1.5087862319732643
1.4732508915496378
1.3633928702077081
1.3406392000058118
1.447627745032505
1.4322063140365191
1.5526976547015057
1.5692412562253717
1.6402314562106952
1.5647921567491432
1.5587318748472783
1.6608672442526962
1.666208069216975
1.3917392587982607
1.3522023827722789
1.4598948323078131
1.4381268049053739
1.3252975670347185
1.3097065895340916
1.4203495969350415
1.4106152569779571
1.5276530444415943
1.5557077565970228
1.6528993383071662
1.559948839275364
1.5597490549820776
1.686062913732093
1.6998902037872443
1.3795627075443186
1.346917658793243
1.3643234529267245
1.335614656457611
1.3013095994563932
1.2520535139447959
1.2959145723993626
1.2534120952304784
1.419756224264515
1.392191189091593
1.4142762196629208
1.3847925276882906
1.3433551113431879
1.3573522119949042
1.3804161372356112
1.4057759206021021
1.3729537144342214
1.4006586845729192
1.2695842367901671
1.335040709013998
1.2691772295715196
1.3482814723489347
1.2907556052293401
1.2876940304697906
1.3981609379620343
1.3703051100536778
1.4750236000762433
1.4570021528154613
1.3364628683993951
1.2999157487398034
1.4328049281767854
1.4047088826142202
1.5467498590261135
1.5752624931138601
1.5853231962704737
1.6704483522553595
1.5746314041356511
1.5621158657595813
1.7059013308980138
1.7177858181186583
1.4408060234352147
1.4154529785176009
1.5153319388011379
1.4978116700371464
1.4374229270811274
1.4089851104717137
1.5130099454388826
1.4938240945606343
1.3751510067646662
1.3156661020823779
1.4685665533089722
1.420123367888245
1.3900009699104143
1.3351149649348695
1.482901054372336
1.4387367534352447
1.5779865814974812
1.604014962124948
1.6003728553441545
1.6871107198930098
1.5764499614132406
1.6026067949075715
1.6031723843526517
1.6898777865050159
1.601682593388136
1.5767467668717692
1.7238608265021591
1.7325720540732978
1.612927471664489
1.5919775136728136
1.7316537108161221
1.7432592755408385
1.3279558680627899
1.334493615477423
1.2815543767905495
1.2933054369404662
1.2772900699381415
1.2875516324833085
1.3195067494313868
1.3149662479948834
1.3256555417061731
1.3046737377905613
1.247589649398706
1.2476363869653371
1.2691386542416789
1.2493633228044079
1.2498227770776946
1.2693543934938265
1.2748661370583132
1.2491023414213844
1.2749176186418223
1.2492532776179182
1.3188627772260912
1.3294982647591329
1.3601105682664634
1.416711284286964
1.4270371977088567
1.4537298944445514
1.3662181364998307
1.3475750086495888
1.4605394056058751
1.4507157373230326
1.5516499469366605
1.5591749329540856
1.5765650093949681
1.6659006989241343
1.6678113039147575
1.67712987564958
1.5858168756792936
1.5894501988961109
1.6898199665103626
1.7015748694446196
1.2965033034995097
1.2969877886806258
1.3158694042788848
1.401138821908368
1.4029093473604572
1.4201876421061657
1.3221598921208004
1.2993443942383314
1.4277140977349054
1.4149349848928823
1.5564756887539373
1.5592089462650651
1.5731749866309608
1.7048425698806373
1.7094867669485223
1.7193253679664711
1.5826424551511531
1.5859253705481589
1.7292922823744179
1.7406866605077369
1.2313277170957158
1.2410065676856956
1.2654828759418446
1.2362403876967141
1.2457743369234529
1.2691246959238431
1.2730466989887197
1.2472730873452782
1.2762071614206489
1.2499700841860317
1.2859967555310314
1.2291435615378823
1.2412781479214239
1.2719785764978382
1.2348742881154535
1.2466900008827726
1.2748436922324373
1.2214595312867886
1.2069829455793155
1.2290769238381631
1.2275679577692793
1.2156957413707781
1.236590599194342
1.2510271161649722
1.2877697689955021
1.2532933941168876
1.2439906858536056
1.2091976708717476
1.2501294118644986
1.2168356835898708
1.2862186535044664
1.2965227249447897
1.3204742445195288
1.3949794651219012
1.4055478801719974
1.4273328025498266
1.3274120723338283
1.3032547001084607
1.4366766321748417
1.4222747192673901
1.5594995754974388
1.5690905490000362
1.5857966301513373
1.7252757083161241
1.7340942049694232
1.7450239271566335
1.5972910602141439
1.600012564701657
1.7552999547637795
1.7664452754170812
1.2859690767456262
1.2996524947020609
1.3279101878909316
1.3966060337228245
1.4104959484443467
1.4373603958641994
1.2803874667481479
1.2711808599970367
1.2923383180222037
1.3923747387193939
1.385526017590301
1.4064346953009641
1.3420234845649963
1.3088152043719017
1.4524445685609422
1.429261299566942
1.3064215284334306
1.2750091166868249
1.4218279228374222
1.4002122537407664
1.56432349313178
1.5768000896168453
1.5983528017893556
1.7367944790151579
1.7475258073881246
1.7608038548063549
1.5631974313159693
1.5610936052516231
1.5777933337388723
1.740935558973449
1.7460203972673856
1.7568032481662048
1.613633547883216
1.6100150211632698
1.7726367198313804
1.7809338439268825
1.593932501022735
1.5915026541430222
1.7694872515208238
1.7791137418206353
1.583133335525212
1.5908650835625848
1.6676879680882291
1.7056479921350254
1.7200780461378553
1.5766718680469802
1.6727036576249905
1.6749325758881255
1.7209558117289292
1.7408189460618271
1.7259635356362233
1.7480754966417185
1.5735876424160375
1.5947714484761986
1.6970878422871523
1.7488874643630057
1.7738343393094427
1.5982067925867649
1.7110743889753657
1.7163443485566867
1.7705981895341831
1.8009035959067401
1.7779134139495296
1.810432960597941
1.5755276581370656
1.5764759883222144
1.6782306054016134
1.7276520236659381
1.7508234983518143
1.5752286394814254
1.6800678228926298
1.5884370402069383
1.6822251058319393
1.7271864599189031
1.7508583707992229
1.7244094379324295
1.7464164302864891
1.6081205874641289
1.717316345592627
1.6040356577133195
1.7798202055155328
1.8136050318838519
1.5852407715479384
1.7138367952770002
1.5859307057249687
1.7127501556310971
1.7795167923696231
1.8139438593273514
1.7781536215857108
1.8121151903912018
1.7174048547304226
1.6074085724902409
1.7752825219649899
1.804696812246017
1.8367875505186408
1.6288477475476859
1.7378346164594358
1.6523332726140818
1.7473412322025359
1.8012797783079331
1.8104328370082148
1.8478037609128097
1.7307067274914143
1.6173530010796988
1.7369552906330226
1.6280793257407933
1.791390135848099
1.8224732754574782
1.856750338033327
1.79867988775268
1.831312444221106
1.8663682057707571
1.6477816207316183
1.7537708883702827
1.6751399945529204
1.7651760832618852
1.6612706408819566
1.760934900027906
1.6758069948805818
1.7704002059718547
1.8188385683793891
1.828937756653215
1.8686909563793244
1.8266407374855698
1.8368214774390323
1.8788312713586164
1.7482067127753622
1.6486981061873098
1.8125600048192314
1.8513392222540324
1.8521644783047806
1.6187613857470211
1.7422384347079543
1.6105082663470807
1.738846616287995
1.8121251128967752
1.8113329685256225
1.851761282667078
1.7662845975219932
1.6713432973022755
1.770524016676331
1.6667057748133691
1.831507514093317
1.8726673210821987
1.8316039634334402
1.8739970256541381
1.8398327059222543
1.8832251080495193
1.8411034684015082
1.8851150527962734
1.6427332266128445
1.76072635066878
1.6368445067034076
1.7581661404900997
1.6526999030301759
1.7684332756105918
1.6532548915965515
1.7693713099413533
1.8315689513794797
1.8743749889366725
1.8423705411332991
1.8861130668398791
1.7220591140452635
1.7221627788770653
1.7319801466670914
1.7468669421894369
1.7590686517369785
1.744402031547732
1.7472951626209519
1.7615914775684882
1.7543500147855082
1.760949196426989
1.7768665935690107
1.776518434124841
1.7855624762312077
1.7900069276023463
1.7954035419889194
1.7852969534917431
1.79249141746132
1.8007975839600396
1.8095482135484311
1.8179880862929061
1.8470082197340831
1.8156270210001058
1.8247002798119898
1.8333796760888745
1.8269188784304617
1.8370869589267904
1.8460234472331181
1.8410187274081931
1.8529903031788533
1.8576123275257139
1.7591729296031309
1.7658237461188908
1.7802324692285449
1.792823095242108
1.7958034233482678
1.7607479464236355
1.7656120771100341
1.777797214153936
1.7577390399282604
1.7639018128694122
1.7763512420348793
1.7921911613353754
1.7962844748590925
1.7925883855899116
1.8014810929500553
1.8310339979956305
1.8414952767568238
1.8502321775962272
1.8318943744414391
1.8425208063331191
1.8512606595042724
1.8569086041698419
1.8611620930465209
1.8583193174131758
1.863050765016401
1.8304182297115676
1.8417665206477021
1.851219055179216
1.8591856870822556
1.864751144605137
1.8202692746131413
1.8302138559779755
1.8384448896007406
1.8561824391884225
1.8674785550650363
1.875144566822621
1.8455563935936359
1.8528077761965893
1.8805561497796626
1.884937630743561
1.8687484732621349
1.8807707347413514
1.8884084209041274
1.8932848089571663
1.8966351527144159
1.8390510320384781
1.850083787557407
1.8586298324364483
1.878228156045018
1.8905941278750173
1.8981855103511285
1.8478316372726853
1.8582938146348655
1.8664266169227233
1.8890607658976497
1.9019549450550994
1.9095782023605412
1.8657081815831136
1.8723018779867242
1.9029611238345789
1.9066823285163148
1.8735752184026677
1.8804149739859906
1.91419482966303
1.917704857045943
1.8918003663993077
1.9048753532924476
1.9123575725602102
1.903341849756867
1.9170713057299966
1.9246210329503861
1.9165593651994
1.9192252001974524
1.9286072894900352
1.9309451435663323
1.8730546638061436
1.8854051260189086
1.8930724280300155
1.8743047714930263
1.8868591495645932
1.8946556026047472
1.8978453664204189
1.9009348538979434
1.8995722787391784
1.9027205988793958
1.8740971056247104
1.8868981278274437
1.8949759119549447
1.9001849732548568
1.9035080216053966
1.8964727038756359
1.9098225330838854
1.9173196420794618
1.8981008423266266
1.9115308617201223
1.9190552229743076
1.9222633065323504
1.90832825747832
1.9297901789450833
1.9102434829250388
1.9241095798286032
1.9315722967523759
1.9214059740886409
1.9237834922858388
1.923155648220038
1.9254724473635596
1.9336336562933831
1.9356517291366153
1.9353668055647089
1.9372842179960619
1.8985460258179301
1.9120039638320869
1.9195773575136676
1.9110311694843132
1.9247636122866068
1.9321565332027524
1.9237373655675296
1.9260595271669951
1.9359212043103546
1.9377958145840324
1.6159259043016934
1.6311051982362235
1.6033922386491972
1.60000423961173
1.605199084985498
1.6137116020684579
1.6428708198002391
1.7199116266327572
1.688351999005147
1.6818226304694113
1.5952142567576917
1.7183750638609259
1.7371001045322605
1.712999002521316
1.5903367613751196
1.776279484726965
1.8094500985322921
1.7378372798242141
1.6060066335456991
1.8106115492587653
1.8515005797171056
1.7585023305760443
1.6375056679307276
1.6582335575383913
1.7712576007141889
1.8315426278111733
1.8749147007430507
1.8431981167382949
1.8870340589101948
1.7484881761353965
1.7585401274676329
1.7740651907982488
1.7925651156990257
1.8062451889034146
1.8276511881037862
1.8396997565538371
1.8501199369456485
1.8590739458154351
1.8655439538133032
1.8867955790027064
1.8738977764930111
1.8950720698672467
1.9005064622909014
1.9040936162940052
1.8991643091162207
1.9125651115679754
1.9201006791266195
1.9118806743812882
1.9254639616337457
1.9327340141873302
1.9242507667668298
1.9266393623460949
1.9364197488332755
1.9382967035917213
1.3460741287601412
1.3048022448238625
1.3096543622982355
1.3305641029935595
1.298860244312231
1.2687302272780872
1.2972383389937592
1.2673644510709454
1.2484977793492573
1.197891025611582
1.2406146151497635
1.1976121213776598
1.1948652342260992
1.206387692871147
1.1975181081105806
1.2116661140255713
1.3743107238744707
1.3401449730799133
1.4645615530374601
1.4376111375890468
1.3424688838465575
1.3176486120657465
1.4434316175312791
1.4248832059771641
1.549704335446652
1.5691849465113936
1.5944238808731515
1.6795451405661881
1.587512709971048
1.5829539938699946
1.7225688074454568
1.7402055141923218
1.2958263276659272
1.2495697528005547
1.4072396588332248
1.3634740992644783
1.2507446222019547
1.2673399419069349
1.3648247092847665
1.3812712909564393
1.5273975984290904
1.5247804150079816
1.6662883683313288
1.5351447672725373
1.5523377524078967
1.7025332685240844
1.7272598577089877
1.1562030567239008
1.0928586411610153
1.1608254182814493
1.1081490948223327
1.0947962378526823
1.1482378946175196
1.1109838929809428
1.1601931490282336
1.1099240102037014
1.0408903156469456
1.1204703769399913
1.0636164069756862
1.0555013288507062
1.1420920783633208
1.0774105262732983
1.1522628074168604
1.225065327259804
1.1708685448543199
1.3516827943160969
1.2974957012452593
1.1739012718597344
1.2195705878018888
1.299714540516737
1.3410674031807674
1.50896471656804
1.4854638396062492
1.618159258788971
1.6585831668278541
1.491279616522095
1.5267695558665526
1.6866844553654345
1.7183401542570207
1.1914442424895071
1.134521456563589
1.3283264333289282
1.2741019911905174
1.1464300257316162
1.2155446402685011
1.284160826300131
1.3458644959711621
1.504546770052674
1.4795921405489192
1.6361189256379245
1.6624510427326342
1.4933572656996414
1.5417275154301406
1.6933685313946711
1.7297606271530463
1.2027115426450283
1.1756672334503457
1.1806699534386895
1.2111759778111546
1.1874392158110449
1.1934755507466355
1.2005659316364339
1.1899158823784071
1.2119290955197155
1.2006323926006579
1.1989132382256014
1.1951257468144321
1.1930543910319444
1.2078516004880822
1.2056623440639933
1.2052400546785649
1.210169642573663
1.2295946641427791
1.2211987411735215
1.2358026339435537
1.2659252168853086
1.2479393182736711
1.2516501209084192
1.3805796484306168
1.3641929477508694
1.3701090119664967
1.270473404811115
1.2609038648718744
1.3897059159321488
1.3885039312522762
1.5551262338985179
1.5446330402463728
1.5526168998263588
1.7387481884184715
1.7403694963859744
1.7483761456490656
1.5716712249667284
1.5836525246067183
1.7622346544520355
1.7777003465396519
1.2643602698167138
1.2632675712229087
1.26400295802424
1.3801844122832576
1.3802912355652166
1.3822738475158098
1.2803669822833565
1.2959397704455256
1.3998109189486432
1.4218474364307203
1.5562758438004132
1.5592243023597061
1.5622473125374525
1.7401170586674513
1.7480554542536644
1.7531975207289037
1.5800966122667719
1.6082216559226885
1.7663658983007759
1.7867946474176002
1.2131858087718099
1.24439961298793
1.2278885258588976
1.2201419099737436
1.2493189182984288
1.2363038670406798
1.2219370489482333
1.2395568847705307
1.2319566514079785
1.2443216034606026
1.2846330187078812
1.2434466919580349
1.238889247847927
1.24266247700563
1.282673343446032
1.2433114453055532
1.1955239071392647
1.1846802569124357
1.2060301519544776
1.1950920421128985
1.2774648392797712
1.3059840792436632
1.2937973816345887
1.394273073550196
1.421110753865503
1.4117201958466234
1.2917154821988599
1.3060018373346751
1.412339214681859
1.4332252380435837
1.5684198403582799
1.5916911284618485
1.5874257667034783
1.7463712997340402
1.763579756261497
1.766185135004074
1.5925287903674046
1.6198505992551595
1.7732645519790733
1.791781578125212
1.2999718095098272
1.3393897563018018
1.3020039010355371
1.4219129581520691
1.458559335080851
1.4268901266690366
1.2679775801590147
1.2618844877866819
1.3992658723131461
1.4048857550778371
1.5982751159755499
1.6273118844094445
1.6092979359021122
1.7632105075588564
1.7802737787334861
1.7784030161891382
1.5957386931796189
1.6131720310958568
1.7794965729713423
1.7929943654675375
1.7350104129236767
1.6235039107473257
1.7980156377935619
1.8326614876622398
1.869220018786423
1.6497270959479724
1.7579224687341486
1.6466174608405975
1.764009326352787
1.8274203683971189
1.8373183708694438
1.88205301463424
1.5947093177566154
1.7316866904915409
1.6168263116955968
1.7934328546327047
1.8297166432436609
1.8681332164268076
1.6269547896104537
1.7516100935985335
1.6162970497175828
1.7549841948874767
1.8249494209864143
1.8344671567160518
1.8810389195154265
1.7628677462106139
1.632628170840259
1.8407470123368113
1.8867849430161863
1.8435066570903884
1.8892296458071955
1.6361389568526756
1.7653266087151651
1.6486033220571503
1.7714270314596239
1.846362437305618
1.8907854018891639
1.7542614803111807
1.6032674981519923
1.8382862754445524
1.8858802797170544
1.842416641763394
1.888711664033365
1.6168473368542757
1.7602005256661621
1.6433418521407637
1.7709329421764286
1.8467581068434693
1.8907419478632894
1.7357238879546775
1.6473246030028517
1.7901481434320086
1.8269904199953853
1.8651538070073721
1.6363558560808464
1.7528140749473098
1.6192090046371572
1.7532135962146023
1.8222559464794443
1.8310551635102328
1.8773574564628999
1.7403722568522053
1.6737872270293257
1.7899640897780182
1.8272438460899303
1.8603256011047844
1.6470302973586455
1.7558535322041895
1.6242564718646779
1.7531221422501357
1.8190318286662446
1.8257148086538535
1.8707280197881868
1.7544391111617035
1.6157404272907003
1.8349692668029738
1.8817938098229803
1.8399248319815869
1.884600332720439
1.6279939757316522
1.7625123509359264
1.6566393890794349
1.7741847438732981
1.8454306251259653
1.8870555708456085
1.754499424504339
1.6332220420392409
1.8271737028828168
1.8734380579598071
1.8315898739150362
1.8736765149726116
1.6472980736463851
1.763610817458501
1.6677830118638588
1.776111641890584
1.8395116011978589
1.8758972346047893
1.8501575860619723
1.8605710115464951
1.8682404148844107
1.8930434725015224
1.9063614974070817
1.9139652794475142
1.8755983466075863
1.8832261624621729
1.9184672198423673
1.9218894128235755
1.9077161531191287
1.9218900050777132
1.9294831988019401
1.9333386697851238
1.9354914799243346
1.8505274368086917
1.8625339535174934
1.8696263987133572
1.8929745537924658
1.9066789522395391
1.9140463768223841
1.8764208465655672
1.8841372756010053
1.9181003405003925
1.921171869986023
1.907432834608374
1.9218081074313778
1.9292373355598171
1.9327660467840371
1.9346491662966343
1.9128720305893006
1.9271626599091121
1.9347217454909771
1.9149603645899487
1.9290186931244848
1.9364571839185087
1.9384511543242136
1.9402874354435076
1.940131139594832
1.941867878367004
1.91592556942958
1.9296833805172169
1.9369747377878319
1.9405871905910659
1.9422702307957047
1.9124676499598168
1.9269047545797298
1.9343912536073724
1.9145087177305271
1.928571860160629
1.935973027509754
1.9379398847455311
1.9396153162250003
1.939585135800777
1.9412501791359735
1.9154943173597083
1.929045595309109
1.9362515255076598
1.9398415169731771
1.9414848167218044
1.8509893775932738
1.8645977147023054
1.8707859464203915
1.8904904376992795
1.9041281727894619
1.9106556810298965
1.8754580307022239
1.881980006476436
1.9135862746606844
1.9157666359723367
1.9039239925948699
1.918142601365989
1.9249061193264885
1.9275483174844077
1.9287991839033358
1.8533195982433066
1.8646233762826188
1.8674150771684999
1.8870074319829362
1.8982784650479501
1.9015069124564949
1.8716204103753604
1.8758958253761187
1.9028681970097532
1.900534230699515
1.8980767232814488
1.9105538516700653
1.9143672438925607
1.914000552701091
1.9107636593516277
1.9228328291750485
1.9083799009399642
1.9300139808414851
1.9099302230069273
1.9239921363699219
1.9313897043313575
1.9330742664345153
1.9344324303305702
1.9349543594009111
1.9366185442946757
1.9107018447480297
1.9239295640476053
1.9311769085044364
1.9349582652131097
1.9367602891558464
1.9015417574126796
1.9154852817615056
1.921132443236349
1.9002175978529336
1.9159730946393181
1.9233446475537426
1.9213483187506988
1.920418741458408
1.9255450069684679
1.9273225094569515
1.8979513307707425
1.9129371591027124
1.9207283178449694
1.9250733302255989
1.9291443602852698
1.6515529589712155
1.7744475935744501
1.8479445551267897
1.8919523517375785
1.7762338945069849
1.6530059526243621
1.8489534405497881
1.8921394632900177
1.7820693757111699
1.6813611336567702
1.8484608776513418
1.8889111673880581
1.7863642650396661
1.6945301483210582
1.8469515046461122
1.8814945009650432
1.9168273822150552
1.9303422116510895
1.9374584201700895
1.940965335561267
1.9426268306217325
1.9163857441468062
1.9295376746826236
1.9365032137493157
1.9399735740292592
1.9415788161266485
1.9115987562759784
1.9240808163934056
1.9309810869868087
1.9346679996172311
1.9364200552299802
1.8991314541221425
1.9111328635859188
1.9186858460842398
1.9235560272835666
1.9269104997170452
0
1.6958600969251931
0
1.5589763894312338
0
0
0
0
0
0
0
1.6535286679903527
0
1.6636284187590187
0
0
0
0
0
0
1.6381537775163244
1.481263390167155
0
0
0
0.72229238171491128
0
0
0
0
0
0
1.6477586747325841
0
1.8359945854916822
0
0
0
0
0
1.8810344629819784
0
1.871544236110618
1.9131754798181373
0
0
0
0
0
0
1.651888986824753
0
1.3738582206268524
1.8479314032544669
0
0
0
1.6027186186601565
0
1.6875973801180362
1.5047823818297843
0
1.6784508596845027
0
0
0
0
1.4293918124143064
0
0
0
0
0
1.8603310564983038
0
0
1.5017492956356082
0
1.5014211224837664
0
0
0
0
0
1.3459809241639173
0
0
1.648551145732241
0
0
0
1.5940436135524803
0
0
0
1.5050169766031871
0
0
0
1.6655397095124309
0
0
0
1.6577300372353718
0
0
1.5646941935292991
1.5478503097597249
0
0
0
1.5015281213545377
0
1.4660397167742043
0
1.5008980416780728
0
1.9063123158847388
1.6413347022283089
1.6367576091367173
0
1.6685626333646912
1.5015009931257191
1.584766675420008
0
0
0
0
1.6287259463235271
0
0
0
0
1.883800983303292
0
0
0
0
1.9096960925205557
0
1.6074620379174525
0
1.9000084603639804
0
1.6623703233199743
0
1.4859146391437086
0
1.5874761967090825
0
0
1.4660845501948097
0
0
0
0
0
0
0
0
0
0
1.9061495088240863
0
1.9154718807598317
1.6400932433068245
0
0
0
0
0
0
0
1.6451899737136015
1.6480977263513039
0
0
0
0
0
0
0
1.5604241496995055
0
0
0
0
1.6341878271524555
0
0
0
0
1.6459173296278311
0
1.5810953195295931
0
0
0
1.342708984346451
0
0
1.5923948926005802
1.8955624674819274
1.5002362015928215
0
0
0
0
0
0
0
1.483083501340654
0
0
0
0
0
0.35560419839060892
0
1.0170148558324819
0
0
1.8975489115429489
0
1.3508582357508914
0
0
0
0
0
0
0
0
0
1.4995500679468632
0
0
1.8748675623063551
0
0
1.5012417275758927
0
0
0
0
0
0
0
1.6131705171781692
0
0
1.5816131916128313
0
0
0
0
1.5928409201271454
0
0
0
0
0
0
0
0
1.4981833002667866
0
0
0
0
0
1.4970693517370732
0
0
0
0
0
1.4770892429500173
0
0
0
1.6356450150499064
1.7103504817543771
0
0
0
0
0
1.1024102602580677
1.7791007701882133
0
0
0
1.336676379930517
0
1.6541600725426198
0
0
0
0
0
0
1.604152729513844
0
0
0
0
1.6166282559840457
1.6106718839052094
0
0
0
1.6063422185631993
0
1.6489412078587515
0
0
0
0
1.4702529202461154
1.6111503328298811
0
0
0
0
0
1.6334348538220669
1.7081005752374923
0
0
1.6228209549910768
0
0
1.6140367237531825
1.6536273907795014
0
1.5745387507739967
0
1.4752856653156541
0
1.5894758262985809
0
0
0
0
0
0
1.6043674328443771
1.6256007035377849
0
0
0
0
0
0
0
0
0
0
0
1.7051946173607218
0
0
0
0
0
1.4428809773543032
1.6235491077624267
0
0
1.6148036093403189
0
0
0
0
0
0
0
0
0
1.8176583312790935
1.61305038648731
0
0
0
0
0
0
1.490756350343645
0
1.7880733499643897
0
0
0
0
0
1.5891109623492381
1.687873228590397
0
0
0
0
0
0
0
0
1.6043180209751933
1.5760768217619052
0
0
0
0
0
1.9024330698864718
0
0
0
0
0
1.6323803374472983
1.6425764032078782
0
1.5835122578278384
0
1.5366039738191224
0
0
1.6881194925323926
1.4739036108307806
0
1.4957885913192743
0
0
0
1.5817756924605355
0
1.8240762248350066
0
0
1.7928355716650848
0
0
0
0
0
0
0
1.8460639888352919
0
0
0
0
1.5110143476007365
0
0
1.6480744606005195
1.6582455382186265
0
0
0
0
0
0
1.6304085409482219
0
1.4986978429013815
0
0
1.7064323507926764
0
1.6151146016938838
0
0
0
0
0
0
0
1.6358424583371158
0
0
0
0
0
0
1.885580099997314
0
0
1.6306702765705905
1.5154222507636996
0
0
0
0
0
1.8846476835890047
0
0
0.97377521338883877
0
1.5032803451969343
1.4815231223858354
1.6228632144959523
0
1.656831601222136
0
1.6961052156656147
0
1.6517213189734519
0
0
0
0
0
0
0
0
0
1.6009551862554907
0
0
1.4659029132929804
0
0
0
0
0.16237605524432258
0
0
0
0
1.465537091692303
0
1.654934134641989
0
0
0
1.4236881728287911
0
0
0
0
1.6141256145616361
0
0
0
0
0
0
0
0
1.6620126929004368
0
1.5470896379522738
0
1.5074224222265304
0
0
0
1.9145896344888731
0
1.6176278093580956
0
0
1.5979572084937836
0
0
1.463708073762283
1.640997802379087
1.4575603378510527
0
0
0
1.6435183746198625
0
1.6475963055938831
0
1.6754144476347177
0
0
0
1.5789102755953661
1.6316693456098534
0
0
1.7372910603735687
0
0
1.5959981776941314
0
1.4860766345460907
1.4664561261185527
0
0
1.5854223388172803
0
0
0
0
0
1.646420272617718
0
0
1.6838728513108838
0
1.826547698395949
0
0
0
0
0
0
0
0
0
0
0
1.6076836726900934
0
1.6029117580398264
0
0
0
0
0
0
0
0
0
0
1.6264023489729338
0
0
1.5926289942921477
1.4828800474970862
1.644549223101283
0
0
1.5964597895856694
0
0
0
0
0
0
0
1.4799089007239608
0
0
1.6416224286558103
1.6925186468004412
0
0
1.9073489575092133
0
0
0
0
1.6330322554023695
0
0
0
1.5065281804940958
0
0
0
0
1.6064558351920901
0
0
0
0
1.4951532861016035
0
1.8959303444720974
0
0
0
1.635906637403262
0
0
1.8982180971302003
0
0
0
0
0
0
0
0
0
0
0
1.6733313823744218
0
1.6631438437188482
0
0
1.6562203697811955
1.5111504056141423
1.6534768893537086
0
0
0
0
0
0
0
1.6837044149042437
0
0
1.6446435219129283
1.6207431679651918
0
0
0
0
0
0
0
0
0
0
1.6117794029939772
0
0
0
1.9099706468940618
0
0
0
0
0
0
0
0
0
1.6014088626793876
1.8959423790046706
0
0
0
0
0
0
0
0
0
0
0
0
0
0
0
1.81081029653993
1.6373312572028011
1.6783412257680572
0
0
0
0
0
0
0
0
0
0
0
1.6104607020364883
0
0
0
0
1.4949223384908388
0
0
0
0
1.4827067079614291
0
0
0
0
1.5767927014885976
0
0
1.3889034016143296
0
0
0
0
0
0
0
0
1.4811349131126954
1.6887936587016659
0
1.6453298810265791
0
0
1.661010172498856
0
1.9169697037604965
1.5986127352524062
1.6443667648824529
0
0
0
0
1.4968468999717401
1.5929814916949612
0
0
1.5923794620848664
1.4868966711198404
0
0
0
1.6346606113427886
1.3638596562098608
0
0
0
0
0
0
0
1.5096834750230483
0
0
0
1.5081013205538016
1.703558709438816
0
0
0
1.5998645336083459
0
1.5106546954113158
0
0
0
0
0
0
0
0
0
1.6672098449542418
0
1.9058099319535462
1.6021119240597743
0
0
0
0
0
0
1.5987482391608638
0
0
0
1.4787829662571976
1.5003915404538342
1.6914106251673178
1.497558735841513
1.6113332104453078
1.4667783142929498
0
1.6935370551848552
1.4628781546842697
1.5963087668393348
0
1.9158604677876832
0
0
0
0
0
0
0
0
0
1.5011574334630078
0
0
0
0
1.6378241008222041
0
1.4122550398136817
0
0
0
0
0
0
0
0
0
0
0.13127374899082361
1.6130440245980189
0
0
0
1.6742978437538034
0
1.6907704326232253
0
0
1.4611351442942517
0
1.6498985540204814
0
0
1.6115128311100577
1.9063739297092641
0
0
1.5010384357529276
1.5691867650742202
0
0
1.5745916712745509
0
0
1.6638784714556218
0
0
0
0
0
1.3957185880546226
1.8710005997190653
0
0
0
1.6320825500244818
1.6215978975987109
1.8561133806651635
0
0
0
0
1.6576649190805257
0
0
0
0.14580872147620053
1.8951395322759634
0
0
0
0
0
0
0
1.6475345456645756
0
0
1.654803198263866
0
0
0
0
0
1.6396428795712212
0
0
0
0
0
0
0
1.6309540144528685
0
0
0
0
0
0
0
0
1.9201617827251434
0
0
0
0
1.5995128093518718
0
0
0
1.6789363663019954
1.9134190699223457
0
0
0
0
0
0
1.6268910352095591
0
1.9041303977117825
1.6294102346555299
0
0
0
0
0
0
0
0
0
1.6662867369917913
0
0
0
0
0
0
1.6387676282223231
1.4844147047962442
0
0
0
0
0
1.8848744573646026
0
0
0
0
0
0
0
1.1673071648177895
0
0
0
0
0
1.5918663549135008
0
0
1.6361048397713438
0
0
0
0
1.5026559491495437
0
1.6559211669080203
1.5501881407155749
0
0
0
0
0
0
0
1.480372432919784
0
0
0
0
0
0
0
0
0
0
0
0
1.6357752727558392
0
1.6363408536885138
1.4649896133656919
1.5913816730363948
0
0
0
0
0
0
0
0
0
0
0
1.6609534209725785
0
0
0
0
0
1.6319213448774725
0
0
0
0
0
1.6833877513389637
0
1.5531277794081559
0
0
0
0
0
0
0
1.6430391617663291
0
1.6559067685976259
0
0
0
0
0
0
1.6283292045155808
1.3210865588182517
0
0
0
0
0
0
0
0
0
0
1.6336541613933826
0
0
0
0
0
0
0
0
0
0
0
0
0
0
0
0
0
1.6377470129486154
0
1.2205850169957375
0
0
0
0
1.5881634295725284
0
1.6716085924682735
1.3654625693730322
0
0
0
0
0
0
1.3195531905233
0
0
0
0
0
0
0
0
1.3339601747402812
0
1.3321527902224917
0
0
0
0
0
1.1883492265952578
0
0
0
0
0
0
0.010549358774176062
0
0
0
1.3241252152551608
0
0
0
1.6525246102177273
0
0
0
1.6433015971518987
0
0
1.5689182608865659
1.5413533061984208
0
0
0
1.3773236591795075
0
1.3697780659430836
0
1.3380040191911979
0
0
1.627493463824554
1.6318064063576698
0
0
1.397046576110585
1.5759971933088861
0
0
0
0
1.6236713066701958
0
0
0
0
0
0
0
0
0
0
0
1.5975681074043344
0
0
0
1.6517057480909103
0
1.349697674924806
0
1.5787641511249164
0
0
1.3076796317743933
0
0
0
0
0
0
0
0
0
0
0
0
0
1.625918806835474
0
0
0
0
0
0
0
1.632983551793743
1.637581809622638
0
0
0
0
0
0
0
1.5558245870609233
0
0
0
0
1.6185009250558977
0
0
0
0
1.6378337124626774
0
1.5690208074332126
0
0
0
1.1977620960619677
0
0
1.5815901383092215
0
1.3621842128301327
0
0
0
0
0
0
0
1.4109794214518376
0
0
0
0
0
0
0
0
0
0
0
0
1.1982345632842895
0
0
0
0
0
0
0
0
0
1.3654000516735807
0
0
0
0
0
1.33421072627371
0
0
0
0
0
0
0
1.599438790803229
0
0
0
0
0
0
0
1.5815657873688138
0
0
0
0
0
0
0
0
1.3220264882806956
0
0
0
0
0
1.3727701014629337
0
0
0
0
0
1.3306869503334331
0
0
0
1.6213701671264698
0
0
0
0
0
0
0
0
0
0
0
1.1859309561276639
0
1.6396443364621855
0
0
0
0
0
0
1.5978157741490979
0
0
0
0
0
1.6004212732436915
0
0
0
1.5908941238659939
0
1.6357955172316472
0
0
0
0
1.3408633556147078
1.5980828330245842
0
0
0
0
0
1.6215601496147156
0
0
0
1.6086216658440231
0
0
1.6081048242244969
1.6409240495800581
0
0
0
1.346780217376355
0
1.580244099786545
0
0
0
0
0
0
1.5956928127379024
1.6107719171114618
0
0
0
0
0
0
0
0
0
0
0
1.5734936045446051
0
0
0
0
0
1.2932085293726345
1.6140574555349654
0
0
1.6006935765661372
0
0
0
0
0
0
0
0
0
0
0
0
0
0
0
0
0
1.3396181852106019
0
0
0
0
0
0
0
1.5805496236181675
1.6636683001340187
0
0
0
0
0
0
0
0
1.5915459035544013
1.5648345781462427
0
0
0
0
0
0
0
0
0
0
0
1.6217491227003411
1.6356150412060273
0
0
0
0
0
0
1.6662579448557222
1.3148400213539144
0
1.3240034692415601
0
0
0
1.5759482325530147
0
0
0
0
0
0
0
0
0
0
0
0
0
0
0
0
0
1.3545224537096725
0
0
1.6388354236785811
1.6475435397451743
0
0
0
0
0
0
1.619390219944902
0
1.3238191015666392
0
0
0.95540926613231736
0
1.6051917224454482
0
0
0
0
0
0
0
1.6262506062868971
0
0
0
0
0
0
0
0
0
1.6159419879611794
1.3351100754828376
0
0
0
0
0
0
0
0
0
0
1.3413647828589879
1.385286013343078
1.6096431551205621
0
1.6449931086535265
0
1.6859084654786163
0
1.6420146530210546
0
0
0
0
0
0
0
0
0
1.5926677849849933
0
0
1.2809642808477637
0
0
0
0
0
0
0
0
0
1.3117235458136769
0
1.6443583403537412
0
0
0
1.2618186520853545
0
0
0
0
1.6010739842146966
0
0
0
0
0
0
0
0
1.6523626899903272
0
1.5404184979639239
0
1.3470206510444396
0
0
0
0
0
1.6023426458691772
0
0
1.5842165766707044
0
0
1.3758830133752757
1.6294775156237371
0
0
0
0
1.6323593301126351
0
0
0
1.668237396238538
0
0
0
1.5722430856895477
1.6215905084975144
0
0
0
0
0
0.019925001882342353
0
1.3321857732338598
1.313793797137808
0
0
1.5766519423330578
0
0
0
0
0
1.6344042032467694
0
0
1.6722853810623781
0
0
0
0
0
0
0
0
0
0
0
0
0
1.6050578484970131
0
1.5903544132573704
0
0
0
0
0
0
0
0
0
0
1.6129724903765053
0
0
1.58688637674038
1.3238904335173374
1.6294004717431445
0
0
1.5836741205256297
0
0
0
0
0
0
0
1.3638722067584002
0
0
1.6295899216090197
1.6779698395233873
0
0
0
0
0
0
0
1.6188183505436446
0
0
0
1.3324168706102792
0
0
0
0
1.5930804556799598
0
0
0
0
1.4205610197640217
0
0
0
0
0
1.6223637957559118
0
0
0
0
0
0
0
0
0
0
0
0
0
0
1.6621509319995966
0
1.651915681261733
0
0
1.6474278026021902
1.3496209915017983
1.6465913670570809
0
0
0
0
0
0
0
1.6772093948824522
0
0
1.6366878304734636
1.6103858337734998
0
0
0
0
0
0
0
0
0
0
1.6026277076752782
0
0
0
0
0
0
0
0
0
0
0
0
0
1.5950429013147949
0
0
0
0
0
0
0
0
0
0
0
0
0
0
0
0
0
1.6250604690051755
0
0
0
0
0
0
0
0
0
0
0
0
1.5996174255985915
0
0
0
0
1.3327490874891426
0
0
0
0
1.3664181710245957
0
0
0
0
1.5762143753748254
0
0
1.2283652821912681
0
0
0
0
0
0
0
0
1.3503750563543666
1.6735622984000325
0
0.52512911340404644
0
0
1.6543800464063247
0
0
1.5896421722192697
1.6305884267557353
0
0
0
0
1.3317058479640136
1.5841980358749868
0
0
1.5812440111473649
1.3306832272344578
0
0
0
1.6236395057828359
1.2283406594924875
0
0
0
0
0
0
0
1.421098938463224
0
0
0
1.3434573538303507
1.6972045109054505
0
0
0
1.5930933626369537
0
1.3360327514541315
0
0
0
0
0
0
0
0
0
1.6550780005225392
0
0
1.5906102233361716
0
0
0
0
0
0
1.414837264923624
0
0
0
1.3322708675843988
1.4069481262760377
1.6853637417717535
1.4220490304214997
1.5998091503070764
1.3607730590255045
0
1.6815791859343949
1.3433083797312344
1.590487367023298
0
0
0
0
0
0
0
0
0
0
0
1.3573537831945977
0
0
0
0
1.6241489775329292
0
1.2775125179408762
0
0
0
0
0
0
0
0
0
0
0
1.5898657069107776
0
0
0
1.6659049827222456
0
1.6788768626820256
0
0
1.306599782817037
0
1.6376313025556239
0
0
1.5978913271388369
0
0
0
1.3345485474296341
1.5670993307232863
0
0
1.5799175096111844
0
0
0
0
0
0
0
0
1.2397979293594168
0
0
0
0
1.6151037921801841
1.6137605018778807
0
0
0
0
0
1.648161381792717
0
0
0
0
0
0
0
0
0
0
0
0
1.6356974643645616
0
0
1.6469405355172348
0
0
0
0
0
1.631177633566127
0
0
0
0
0
0
0
1.6254782139907853
0
0
0
0
0
0
0
0
0
0
0
0
0
1.5871552196282437
0
0
0
1.59688865312271
0
0
0
0
0
0
0
1.6169577235875572
0
0
1.6134914880941902
0
0
0
0
0
0
0
0
0
1.6565647373090793
0
0
0
0
0
0
1.6249606019605236
1.3996755874002142
0
0
0
0
0
0
0
0
0
0
0
0
0
0
0
0
0
0
0
0.76935158309131468
0
0
1.6199065420803889
0
0
0
0
1.3440237937759822
0
1.6415145040183601
1.5478200999806759
0
0
0
0
0
0
0
1.3381594451541665
0
0
0
0
0
0
0
0
0
0
0
0
1.6196824259238298
0
1.6203179965495389
1.3089079258977774
1.5819769026714809
0
0
0
0
0
0
0
0
0
0
0
1.6482086103303777
0
0
0
0
0
1.6202650520305932
0
0
0
0
0
0
0
0
0
0
0
0
0
0
0
0
0
0
0
0
0
0
0
0
0
1.2374940565703492
0
0
0
0
0
0
0
0
0
0
0
0
0
0
0
0
0
0
0
0
0
0
0
0
0
0
0
0
0
0
1.1471622765703429
0
0
0
0
0
0
0
1.2920724332531002
0
0
0
0
0
0
1.2660884370768453
0
0
0
0
0
0
0
0
1.2458516812095628
0
1.2418309996460424
0
0
0
0
0
1.1117784272057905
0
0
0
0
0
0
0
0
0
0
1.2298593370129274
0
0
0
0
0
0
0
0
0
0
0
0
0
0
0
1.3137635903704434
0
1.3203590975344617
0
1.2511623173312283
0
0
0
0
0
0
1.3423739083473079
0
0
0
0
0
0
0
0
0
0
0
0
0
0
0
0
0
0
0
0
0
0
0
1.2801479249283818
0
0
0
0
1.2372660270029567
0
0
0
0
0
0
0
0
0
0
0
0
0
0
0
0
0
0
0
0
0
0
0
0
0
0
0
0
0
0
0
0
0
0
0
0
0
0
0
0
0
0
0
0
0
0
1.1266814902427356
0
0
0
0
1.2893647834468758
0
0
0
0
0
0
0
1.3759610218266032
0
0
0
0
0
0
0
0
0
0
0
0
1.1243961597870837
0
0
0
0
0
0
0
0
0
1.2955598896661202
0
0
0
0
0
1.2463768793930783
0
0
0
0
0
0
0
0
0
0
0
0
0
0
0
0
0
0
0
0
0
0
0
0
1.2332660171100118
0
0
0
0
0
1.3097228469646509
0
0
0
0
0
1.2558967764786475
0
0
0
0
0
0
0
0
0
0
0
0
0
0
0
1.1120673699802404
0
0
0
0
0
0
0
0
0
0
0
0
0
0
0
0
0
0
0
0
0
0
0
0
0
1.2750585661128873
0
0
0
0
0
0
0
0
0
0
0
0
0
0
0
0
0
0
1.2819955580360407
0
0
0
0
0
0
0
0
0
0
0
0
0
0
0
0
0
0
0
0
0
0
0
0
0
0
0
1.2188512144176804
0
0
0
0
0
0
0
0
0
0
0
0
0
0
0
0
0
0
0
0
0
1.2606673090481249
0
0
0
0
0
0
0
0
0
0
0
0
0
0
0
0
0
0
0
0
0
0
0
0
0
0
0
0
0
0
0
0
0
0
0
0
0
0
0
1.2324881874571016
0
1.2371400685845537
0
0
0
0
0
0
0
0
0
0
0
0
0
0
0
0
0
0
0
0
0
1.2728710568229198
0
0
0
0
0
0
0
0
0
0
0
0
1.2314747479222523
0
0
0
0
0
0
0
0
0
0
0
0
0
0
0
0
0
0
0
0
0
0
0
1.2418436527441326
0
0
0
0
0
0
0
0
0
0
1.2567371919677719
1.3391582182345789
0
0
0
0
0
0
0
0
0
0
0
0
0
0
0
0
0
0
0
1.1872518821307978
0
0
0
0
0
0
0
0
0
1.2327886577785365
0
0
0
0
0
1.1825695271863379
0
0
0
0
0
0
0
0
0
0
0
0
0
0
0
0
0
1.2666301932007784
0
0
0
0
0
0
0
0
0
0
0
1.3308761671855909
0
0
0
0
0
0
0
0
0
0
0
0
0
0
0
0
0
0
0
0
0
0
1.251766989407388
1.2357051417388174
0
0
0
0
0
0
0
0
0
0
0
0
0
0
0
0
0
0
0
0
0
0
0
0
0
0
0
0
0
0
0
0
0
0
0
0
0
0
0
0
0
0
1.2407502144328464
0
0
0
0
0
0
0
0
0
0
0
1.3043747082924397
0
0
0
0
0
0
0
0
0
0
0
0
0
0
0
1.2399074641675143
0
0
0
0
0
0
0
0
0
1.3850485150629408
0
0
0
0
0
0
0
0
0
0
0
0
0
0
0
0
0
0
0
0
0
0
0
0
0
0
1.2639422187773406
0
0
0
0
0
0
0
0
0
0
0
0
0
0
0
0
0
0
0
0
0
0
0
0
0
0
0
0
0
0
0
0
0
0
0
0
0
0
0
0
0
0
0
0
0
0
0
0
0
0
0
0
0
0
0
0
0
0
0
0
0
0
0
0
0
0
0
0
0
0
0
0
0
1.2477685558794365
0
0
0
0
1.308478851452296
0
0
0
0
0
0
0
1.1504773443580962
0
0
0
0
0
0
0
0
1.2830242519477697
0
0
0
0
0
0
0
0
0
0
0
0
0
0
1.2446878355126518
0
0
0
0
1.2493671887899092
0
0
0
0
1.1630611426689037
0
0
0
0
0
0
0
1.373275050745022
0
0
0
1.258980447198514
0
0
0
0
0
0
1.25129499715811
0
0
0
0
0
0
0
0
0
0
0
0
0
0
0
0
0
0
0
0
0
0
0
1.2570890328576003
1.3567560018457665
0
1.3821447769100446
0
1.3078470122015886
0
0
1.2847537586980562
0
0
0
0
0
0
0
0
0
0
0
0
1.2827653001203352
0
0
0
0
0
0
1.213817833302864
0
0
0
0
0
0
0
0
0
0
0
0
0
0
0
0
0
0
0
0
1.2277375788901053
0
0
0
0
0
0
0
0
1.2489431507283597
0
0
0
0
0
0
0
0
0
0
0
0
1.1644695778852419
0
0
0
0
0
0
0
0
0
0
0
0
0
0
0
0
0
0
0
0
0
0
0
0
0
0
0
0
0
0
0
0
0
0
0
0
0
0
0
0
0
0
0
0
0
0
0
0
0
0
0
0
0
0
0
0
0
0
0
0
0
0
0
0
0
0
0
0
0
0
0
0
0
0
0
0
0
0
0
0
0
0
0
0
0
0
0
0
1.3594955990571482
0
0
0
0
0
0
0
0
0
0
0
0
0
0
0
0
0
0
0
0
0
0
0
0
0
0
0
1.2594614595794078
0
0
0
0
0
0
0
0
0
0
1.2648396894410652
0
0
0
0
0
0
0
0
0
0
0
0
0
0
0
1.2289024179862476
0
0
0
0
0
0
0
0
0
0
0
0
0
0
0
0
0
0
0
0
0
0
0
SCALARS density_deviation float 1
LOOKUP_TABLE default
625.11512748263567
413.66938246316442
303.57966506721004
212.76851639647612
416.29763806710127
40.773747381103135
20
20
365.450152034947
20
362.36159849831392
20
20
20
20
20
302.79876611053339
46.472277272469228
63.276490219596099
20
20
20
20
230.2907277363139
350.27479065016985
334.34516325608877
448.57494071505187
103.22492877656373
20
20
20
20
50.239930622687325
20
20
20
20
20
20
20
20
20
20
20
20
20
20
20
36.182998799909683
20
56.986308874226438
249.77597835858296
222.45834076552671
24.739381346889786
20
20
70.480122423530702
20
10.31902259067067
20
20
20
20
20
82.514255880195151
0.57959299000617648
20
20
149.17844442908506
47.190453902854188
261.84365896238035
119.23894074610769
20
20
20
3.4876248315200655
20
20
20
20
20
20
71.902072721497916
20
20
20
20
20
6.6716592784641762
20
144.69473675705376
33.319033819186643
183.67308673031823
20
20
9.2526817560838026
74.720141464487597
146.09802196425267
20
20
20
7.2129407647222479
20
20
54.530347967065495
102.50084831634172
18.632942068239799
132.01154395443427
375.90149858561654
20
20
20
20
20
20
20
116.18215217100555
20
20
20
20
20
20
20
20
20
20
20
20
20
20
20
20
20
20
20
20
20
20
20
20
20
20
20
20
20
20
20
20
20
20
20
20
20
143.43621373043152
20
20
20
20
20
20
20
304.03656009864972
102.09625760611289
314.71364325041873
66.646946152195369
20
79.962276078215041
20
20
20
20
20
20
20
20
20
20
20
20
20
20
20
20
20
20
20
20
20
20
20
20
20
20
20
20
20
20
20
20
20
20
20
20
20
20
20
20
20
20
20
20
20
20
20
20
20
20
20
20
20
20
20
20
20
20
20
20
20
20
20
20
20
3.2727613144168117
20
20
20
20
20
20
20
20
20
20
20
20
20
20
20
20
20
20
20
20
20
20
20
20
20
20
20
20
20
20
20
75.704866629202002
20
20
20
20
20
20
20
20
20
20
20
20
20
20
20
20
20
20
20
2.2926413746577055
20
20
20
20
20
20
20
20
20
20
20
20
20
20
20
20
20
20
20
20
20
20
20
5.4679417596724988
20
20
20
20
20
20
20
20
20
20
20
20
20
20
20
20
20
20
20
20
20
20
20
20
20
0.37645022053425237
20
20
20
20
20
20
20
20
20
20
20
20
20
20
20
20
20
20
20
20
20
20
20
20
20
20
20
20
20
20
20
20
20
20
20
39.024996954553217
20
20
20
20
20
5.817240125270132
8.9631585743654796
20
20
20
11.433346610380454
20
8.3246790514804161
11.918772594920483
6.0883599732459288
5.9581494168013478
20
20
20
20
20
20
12.596835577143679
16.779660776274909
7.5542069477220366
11.105281668290104
2.2155014221050351
3.2091943023571048
20
20
17.080921324008273
6.7361324776119318
2.8836373367931856
20
16.615330962309031
20
16.65374195876052
13.716786190531479
2.9900844909309399
8.4970258125943019
19.324593647373604
20
6.3942651025054147
20
1.5898485107099987
0.51571412180635434
20
13.685294172586623
20
3.5182145060761059
2.6904652918669854
0.53573125347838868
19.826677973940491
21.590379784763059
20
20
20
20
12.686891257329876
20
12.129844163633265
20
7.6262529000885024
8.9352997923455177
2.463740914150776
4.3242193659538088
20
20
20
20
20
20
13.819729926369746
20
20
14.697736652966341
20
18.393660673399154
20
8.7068327464246522
20
12.113283055695319
1.0293881530592444
3.9242675570059191
10.178886273067292
3.4662796853419877
5.1491567232911848
11.247704491815171
5.2750568508238302
6.0152789605293719
6.75826477528949
60.924644824303186
2.1213974671012465
2.0801026280558972
1.8904111984617202
20
5.1365985819257958
20
5.2379812085243884
3.5655602233883883
19.255990768962533
21.168146032353661
4.0597600751134451
62.301368857758689
5.0079318338356416
11.143677811942325
3.3212909321431425
2.9563627352632693
4.9507080099008363
2.6778983805219241
5.6039400061066544
3.8289737858468698
6.928112420497655
3.3410940484571938
20
8.4848360488299477
20
1.8585381715205358
20
14.710777806362671
20
1.6725885111598018
18.247330727116378
20.915565328804632
17.252553963536229
20.74827591338908
20
20
20
20
221.57094925995773
18.136425497740674
20
20
11.230604183441983
17.40904685670796
3.8486383991144066
5.4127560937259886
245.59904149258261
19.046435939221283
256.3245240387937
20
20
20
20
229.03405709463664
256.47307374442346
13.688723260792244
14.767894935874551
14.5670386106558
4.6083791519442912
5.3670774096607374
5.3513718766004104
10.570118627387956
18.735017010533738
261.79253733729377
9.9463509078429979
10.699827280030149
1.3169315519613747
25.648048386528785
251.48528271511759
6.9518630243956068
14.818696350793061
9.1867709898667727
23.143921647254729
12.218301627494725
13.02293612619394
29.718297587167626
246.29502743330113
50.955413534945365
267.33471465596745
1.0856182142364332
2.0190880220525287
2.5288509139859343
0.28118252328215476
0.90357157747723704
1.3115901345723842
20.995844196508074
263.1365703514424
22.465170982261611
264.44834948411449
22.723691996952539
23.228739009860419
23.617792612263656
47.91165446949185
284.35598108465354
20
20
20
14.875431468879583
15.777768922903078
15.724031087408662
20
225.10057188941539
9.3498750200684526
255.52057273449964
5.2203840880081316
5.6467787965680145
5.7409496560502475
18.600676369883331
262.0898321741123
20
20
20
15.971470795436517
16.821277972259281
16.716457250203575
20
20
20
16.806172656220269
17.705305757116207
17.623259740515095
20
227.99705827985815
8.4445225090490794
254.88344761272526
20
218.93974384271996
7.6081142010847316
254.30958994543369
5.7664273442044305
5.9725933438102174
5.9512124605039389
6.205967750745458
6.2095645970094893
6.0937605901164034
18.52716464832406
262.1398135747005
18.446221268054956
262.11200654605113
2.0412388002733906
2.1600711153014345
2.2847599507816767
1.1608908547332248
0.95897056188562146
0.92351330223971217
21.815910999860421
264.37719619692098
23.250123247889064
265.49408893795612
22.257399398656958
22.854775762060058
23.197343002794469
47.546196505216699
284.32674759738723
2.531817738048062
2.3046528914740065
2.1984502687507756
1.5754329004801093
1.0807982237128044
0.86377189569122947
2.3664190876879729
2.8543518950868929
2.1252211513193515
1.7826357453984656
1.0917206350420656
0.77808691327959423
22.106450661692065
264.73252536618054
23.445593320143985
265.73439627360801
22.255827544424051
264.87953660469805
23.58276733258424
265.86083110870368
22.210071198510263
22.875382839183203
23.227790190402516
22.286928242001864
23.027966153072384
23.403144808236561
47.594086204526207
284.43140203238579
47.774358029047903
284.5908275036054
423.06100753604915
281.47414292944359
139.0497248771851
177.17911796529313
186.34413140444349
146.43290009001112
141.63292278197594
379.22140896067685
197.56491380157445
245.07242862989494
178.37790616345296
237.31801439245157
248.20371445731541
236.79363875914123
132.32852275412506
249.81374703492418
252.80923239478034
239.88375910347577
142.01201549804614
252.25783989370132
255.6312587835904
240.83997199894543
156.40679950826893
154.78629589571551
240.35430346716498
253.42956016980452
257.47546504068418
254.05494115355998
258.52856126461563
251.47033257556109
246.66616842792291
246.35683335933095
271.35788851293648
448.48002225958999
255.44838241690525
257.33257557099148
258.64435168419925
278.27373312463828
457.50561280336103
259.54162203716851
258.01574019771499
260.50477071011323
279.96668069595512
459.13135751387449
259.97797251670272
261.4697838015685
262.33505616620437
261.14715330013064
262.6543445260678
263.48837833640107
281.65384975816289
460.53232928260309
282.72779762923778
461.39960402476856
194.75911235873991
20
20
20
20
20
20
20
47.961680115509353
20
20
20
20
20
20
20
20
20
20
20
20
20
20
20
20
20
20
20
20
20
20
20
20
20
20
20
20
20
20
20
20
20
20
20
20
20
20
20
20
20
20
20
20
20
20
20
20
20
20
20
20
20
20
20
20
20
20
20
20
20
20
20
20
20
20
20
20
20
20
20
20
20
20
20
20
20
20
20
20
145.14302476542309
16.547420575124193
20
20
12.983058513120795
16.393028007027738
20
20
20
20
20
20
20
20
20
20
20
20
20
20
20
20
20
20
20
20
20
20
20
20
20
20
20
20
20
20
20
20
20
20
20
20
20
20
20
20
20
20
20
20
20
20
20
20
20
20
20
20
20
20
20
20
20
20
20
7.3476866003193209
20
20
20
20
20
20
20
44.613919718571196
20
20
162.44548631238649
36.080263987318858
20
20
20
20
20
20
20
20
20
20
20
20
20
20
20
20
20
20
20
20
20
20
20
20
20
20
20
58.026367982734655
20
20
20
20
20
20
20
20
20
20
20
20
20
26.280472171081669
60.409705465378806
20
20
20
20
167.76969287433462
20
20
20
20
15.488325493560637
20
12.651359566104816
13.504955129782047
6.1943171962440147
12.323073155845009
7.4393756726840365
6.8364783660114199
20
20
20
20
20
15.846841601117944
20
20
20
19.046014212899422
13.195431223968626
9.3928141866767874
7.3614892864267176
20
20
8.0850864590859146
4.5880590435531303
8.4085449026746346
3.6951925734948645
20
20
20
4.9812960654500102
17.184829268828707
20.874979686537586
20
20
9.8888200618470137
5.0238833641092242
8.4831300517847694
3.5490035144562171
20
20
20
3.6782038870217093
18.619832322082402
21.477011439744615
6.1496195529705346
29.1833360917135
19.84012770567449
20
9.4948782142884056
13.460625653956299
15.36019080213066
20
2.5616197453847462
11.279294742112484
13.750846503388289
16.973731368482959
231.1307195111433
308.0121165665588
210.63978744656265
208.99528495334675
232.51318427200522
227.04548891754723
255.36380153826713
74.398822785654147
229.36021539353555
235.93846884534173
239.05190088608799
237.86358037101058
7.9214234464174069
20
13.47397366975747
19.097066402291716
16.62364387656919
21.182153364219971
20
0.41668357929245303
20
29.790702811720507
44.734786420932778
46.564450639434654
209.54212181844377
89.02681137229888
224.26226261597026
239.87558775990908
222.1531137462573
235.53960823130319
129.74059411895905
220.27924719827274
106.21525479031504
239.21358991689203
250.71971173689292
246.0268743333919
20
20
20
17.282303366382394
18.101107782121744
18.093087471072863
20
213.53929258152232
7.1175502558859307
253.97267345430009
6.4463018444394038
6.2141266755813831
6.0491714489613742
18.468212657757363
262.11432933479364
20
20
20
16.934158138147609
17.471124454880169
17.650294957169194
20
221.04239004609371
7.2546305142910796
253.94754564465688
6.2563397543441397
5.7579859624131586
5.6649422993500593
18.633211318736699
262.11536303384003
2.9842980992327739
2.2365716058001226
1.901169321053203
1.7522098399971355
0.89481242356725943
0.50464232433307643
22.491515443210005
265.05479039934562
23.878722202545646
266.090224820299
22.49041189373304
23.275234409368409
23.677193252486063
48.055105245986056
284.81306179529372
2.7808529710541734
1.7215771944066773
1.3320532550593498
1.3803508476681827
0.31723059879993798
0.17324203019200013
22.965940860756064
265.35607960534969
24.552352395015532
266.59588070129666
22.932368899743096
23.754833860125359
24.210835529970836
48.609263416311364
285.25170516294793
20
20
20
9.3043443698144301
8.8701758575867871
8.0825126525049882
9.1584459750069982
246.58834403178639
32.129364107723291
272.77411608147349
18.968309814158147
19.700137736307738
19.393965368608292
43.005129038452651
280.64233510145448
218.00255881106284
205.74920607613046
185.26156277592725
247.25186449364571
235.03869727597146
219.99925362087095
214.34126231487812
411.38486549360607
247.66808930768116
424.85668291652439
246.59193701040374
239.07558523120736
229.77762219180488
247.01877339930888
419.17503726372183
23.669054417166535
22.126270818171861
24.003393900961555
23.608894954790799
25.109468026379204
25.763983505458441
47.898400840604722
284.48132863580588
50.011004417955405
286.28322651597261
47.778017760426337
48.73806200671288
49.326428241733424
73.721602370211372
304.75362387596715
251.57547976024989
246.03445671319821
238.93911094338125
248.75170370961928
253.65307738865874
255.55854544848933
250.2328284109409
427.43211039473374
262.19047924354811
441.1781289859988
251.34330655149472
263.76318710781663
264.65952464286772
280.49323850899066
465.06411774637206
114.58693663494296
237.01458098920386
254.82589034269029
259.12802834655724
243.51807613255687
145.68773197227495
256.14959137686515
259.59741698918981
269.35478861556078
230.89164618905397
276.4531440965219
279.07444541463019
428.79330205024587
329.90875963164717
445.66860292515662
436.41158657205165
261.7139609624719
263.2086216840363
264.02858797976467
283.2362595591087
461.80180091552018
261.96478508862356
263.40810239930988
264.22220847042058
283.43498135163247
461.958842611779
281.07902937576989
282.43621417961924
283.25854902071171
302.468327278733
476.66257861869178
427.12902458605186
434.70539325667698
433.68839867560769
451.40461999525087
601.09347263741677
0
0
0
0
0
0
0
0
0
0
0
0
0
0
0
0
0
0
0
0
0
0
0
0
0
0
0
0
0
0
0
0
0
0
0
0
0
0
0
0
0
0
0
0
0
0
0
0
0
0
0
0
0
0
0
0
0
0
0
0
0
0
0
0
0
0
0
0
0
0
0
0
0
0
0
0
0
0
0
0
0
0
0
0
0
0
0
0
0
0
0
0
0
0
0
0
0
0
0
0
0
0
0
0
0
0
0
0
0
0
0
0
0
0
0
0
0
0
0
0
0
0
0
0
0
0
0
0
0
0
0
0
0
0
0
0
0
0
0
0
0
0
0
0
0
0
0
0
0
0
0
0
0
0
0
0
0
0
0
0
0
0
0
0
0
0
0
0
0
0
0
0
0
0
0
0
0
0
0
0
0
0
0
0
0
0
0
0
0
0
0
0
0
0
0
0
0
0
0
0
0
0
0
0
0
0
0
0
0
0
0
0
0
0
0
0
0
0
0
0
0
0
0
0
0
0
0
0
0
0
0
0
0
0
0
0
0
0
0
0
0
0
0
0
0
0
0
0
0
0
0
0
0
0
0
0
0
0
0
0
0
0
0
0
0
0
0
0
0
0
0
0
0
0
0
0
0
0
0
0
0
0
0
0
0
0
0
0
0
0
0
0
0
0
0
0
0
0
0
0
0
0
0
0
0
0
0
0
0
0
0
0
0
0
0
0
0
0
0
0
0
0
0
0
0
0
0
0
0
0
0
0
0
0
0
0
0
0
0
0
0
0
0
0
0
0
0
0
0
0
0
0
0
0
0
0
0
0
0
0
0
0
0
0
0
0
0
0
0
0
0
0
0
0
0
0
0
0
0
0
0
0
0
0
0
0
0
0
0
0
0
0
0
0
0
0
0
0
0
0
0
0
0
0
0
0
0
0
0
0
0
0
0
0
0
0
0
0
0
0
0
0
0
0
0
0
0
0
0
0
0
0
0
0
0
0
0
0
0
0
0
0
0
0
0
0
0
0
0
0
0
0
0
0
0
0
0
0
0
0
0
0
0
0
0
0
0
0
0
0
0
0
0
0
0
0
0
0
0
0
0
0
0
0
0
0
0
0
0
0
0
0
0
0
0
0
0
0
0
0
0
0
0
0
0
0
0
0
0
0
0
0
0
0
0
0
0
0
0
0
0
0
0
0
0
0
0
0
0
0
0
0
0
0
0
0
0
0
0
0
0
0
0
0
0
0
0
0
0
0
0
0
0
0
0
0
0
0
0
0
0
0
0
0
0
0
0
0
0
0
0
0
0
0
0
0
0
0
0
0
0
0
0
0
0
0
0
0
0
0
0
0
0
0
0
0
0
0
0
0
0
0
0
0
0
0
0
0
0
0
0
0
0
0
0
0
0
0
0
0
0
0
0
0
0
0
0
0
0
0
0
0
0
0
0
0
0
0
0
0
0
0
0
0
0
0
0
0
0
0
0
0
0
0
0
0
0
0
0
0
0
0
0
0
0
0
0
0
0
0
0
0
0
0
0
0
0
0
0
0
0
0
0
0
0
0
0
0
0
0
0
0
0
0
0
0
0
0
0
0
0
0
0
0
0
0
0
0
0
0
0
0
0
0
0
0
0
0
0
0
0
0
0
0
0
0
0
0
0
0
0
0
0
0
0
0
0
0
0
0
0
0
0
0
0
0
0
0
0
0
0
0
0
0
0
0
0
0
0
0
0
0
0
0
0
0
0
0
0
0
0
0
0
0
0
0
0
0
0
0
0
0
0
0
0
0
0
0
0
0
0
0
0
0
0
0
0
0
0
0
0
0
0
0
0
0
0
0
0
0
0
0
0
0
0
0
0
0
0
0
0
0
0
0
0
0
0
0
0
0
0
0
0
0
0
0
0
0
0
0
0
0
0
0
0
0
0
0
0
0
0
0
0
0
0
0
0
0
0
0
0
0
0
0
0
0
0
0
0
0
0
0
0
0
0
0
0
0
0
0
0
0
0
0
0
0
0
0
0
0
0
0
0
0
0
0
0
0
0
0
0
0
0
0
0
0
0
0
0
0
0
0
0
0
0
0
0
0
0
0
0
0
0
0
0
0
0
0
0
0
0
0
0
0
0
0
0
0
0
0
0
0
0
0
0
0
0
0
0
0
0
0
0
0
0
0
0
0
0
0
0
0
0
0
0
0
0
0
0
0
0
0
0
0
0
0
0
0
0
0
0
0
0
0
0
0
0
0
0
0
0
0
0
0
0
0
0
0
0
0
0
0
0
0
0
0
0
0
0
0
0
0
0
0
0
0
0
0
0
0
0
0
0
0
0
0
0
0
0
0
0
0
0
0
0
0
0
0
0
0
0
0
0
0
0
0
0
0
0
0
0
0
0
0
0
0
0
0
0
0
0
0
0
0
0
0
0
0
0
0
0
0
0
0
0
0
0
0
0
0
0
0
0
0
0
0
0
0
0
0
0
0
0
0
0
0
0
0
0
0
0
0
0
0
0
0
0
0
0
0
0
0
0
0
0
0
0
0
0
0
0
0
0
0
0
0
0
0
0
0
0
0
0
0
0
0
0
0
0
0
0
0
0
0
0
0
0
0
0
0
0
0
0
0
0
0
0
0
0
0
0
0
0
0
0
0
0
0
0
0
0
0
0
0
0
0
0
0
0
0
0
0
0
0
0
0
0
0
0
0
0
0
0
0
0
0
0
0
0
0
0
0
0
0
0
0
0
0
0
0
0
0
0
0
0
0
0
0
0
0
0
0
0
0
0
0
0
0
0
0
0
0
0
0
0
0
0
0
0
0
0
0
0
0
0
0
0
0
0
0
0
0
0
0
0
0
0
0
0
0
0
0
0
0
0
0
0
0
0
0
0
0
0
0
0
0
0
0
0
0
0
0
0
0
0
0
0
0
0
0
0
0
0
0
0
0
0
0
0
0
0
0
0
0
0
0
0
0
0
0
0
0
0
0
0
0
0
0
0
0
0
0
0
0
0
0
0
0
0
0
0
0
0
0
0
0
0
0
0
0
0
0
0
0
0
0
0
0
0
0
0
0
0
0
0
0
0
0
0
0
0
0
0
0
0
0
0
0
0
0
0
0
0
0
0
0
0
0
0
0
0
0
0
0
0
0
0
0
0
0
0
0
0
0
0
0
0
0
0
0
0
0
0
0
0
0
0
0
0
0
0
0
0
0
0
0
0
0
0
0
0
0
0
0
0
0
0
0
0
0
0
0
0
0
0
0
0
0
0
0
0
0
0
0
0
0
0
0
0
0
0
0
0
0
0
0
0
0
0
0
0
0
0
0
0
0
0
0
0
0
0
0
0
0
0
0
0
0
0
0
0
0
0
0
0
0
0
0
0
0
0
0
0
0
0
0
0
0
0
0
0
0
0
0
0
0
0
0
0
0
0
0
0
0
0
0
0
0
0
0
0
0
0
0
0
0
0
0
0
0
0
0
0
0
0
0
0
0
0
0
0
0
0
0
0
0
0
0
0
0
0
0
0
0
0
0
0
0
0
0
0
0
0
0
0
0
0
0
0
0
0
0
0
0
0
0
0
0
0
0
0
0
0
0
0
0
0
0
0
0
0
0
0
0
0
0
0
0
0
0
0
0
0
0
0
0
0
0
0
0
0
0
0
0
0
0
0
0
0
0
0
0
0
0
0
0
0
0
0
0
0
0
0
0
0
0
0
0
0
0
0
0
0
0
0
0
0
0
0
0
0
0
0
0
0
0
0
0
0
0
0
0
0
0
0
0
0
0
0
0
0
0
0
0
0
0
0
0
0
0
0
0
0
0
0
0
0
0
0
0
0
0
0
0
0
0
0
0
0
0
0
0
0
0
0
0
0
0
0
0
0
0
0
0
0
0
0
0
0
0
0
0
0
0
0
0
0
0
0
0
0
0
0
0
0
0
0
0
0
0
0
0
0
0
0
0
0
0
0
0
0
0
0
0
0
0
0
0
0
0
0
0
0
0
0
0
0
0
0
0
0
0
0
0
0
0
0
0
0
0
0
0
0
0
0
0
0
0
0
0
0
0
0
0
0
0
0
0
0
0
0
0
0
0
0
0
0
0
0
0
0
0
0
0
0
0
0
0
0
0
0
0
0
0
0
0
0
0
0
0
0
0
0
0
0
0
0
0
0
0
0
0
0
0
0
0
0
0
0
0
0
0
0
0
0
0
0
0
0
0
0
0
0
0
0
0
0
0
0
0
0
0
0
0
0
0
0
0
0
0
0
0
0
0
0
0
0
0
0
0
0
0
0
0
0
0
0
0
0
0
0
0
0
0
0
0
0
0
0
0
0
0
0
0
0
0
0
0
0
0
0
0
0
0
0
0
0
0
0
0
0
0
0
0
0
0
0
0
0
0
0
0
0
0
0
0
0
0
0
0
0
0
0
0
0
0
0
0
0
0
0
0
0
0
0
0
0
0
0
0
0
0
0
0
0
0
0
0
0
0
0
0
0
0
0
0
0
0
0
0
0
0
0
0
0
0
0
0
0
0
0
0
0
0
0
0
0
0
0
0
0
0
0
0
0
0
0
0
0
0
0
0
0
0
0
0
0
0
0
0
0
0
0
0
0
0
0
0
0
0
0
0
0
0
0
0
0
0
0
0
0
0
0
0
0
0
0
0
0
0
0
0
0
0
0
0
0
0
0
0
0
0
0
0
0
0
0
0
0
0
0
0
0
0
0
0
0
0
0
0
0
0
0
0
0
0
0
0
0
0
0
0
0
0
0
0
0
0
0
0
0
0
0
0
0
0
0
0
0
0
0
0
0
0
0
0
0
0
0
0
0
0
0
0
0
0
0
0
0
0
0
0
0
0
0
0
0
0
0
0
0
0
0
0
0
0
0
0
0
0
0
0
0
0
0
0
0
0
0
0
0
0
0
0
0
0
0
0
0
0
0
0
0
0
0
0
0
0
0
0
0
0
0
0
0
0
0
0
0
0
0
0
0
0
0
0
0
0
0
0
0
0
0
0
0
0
0
0
0
0
0
0
0
0
0
0
0
0
0
0
0
0
0
0
0
0
0
0
0
0
0
0
0
0
0
0
0
0
0
0
0
0
0
0
0
0
0
0
0
0
0
0
0
0
0
0
0
0
0
0
0
0
0
0
0
0
0
0
0
0
0
0
0
0
0
0
0
0
0
0
0
0
0
0
0
0
0
0
0
0
0
0
0
0
0
0
0
0
0
0
0
0
0
0
0
0
0
0
0
0
0
0
0
0
0
0
0
0
0
0
0
0
0
0
0
0
0
0
0
0
0
0
0
0
0
0
0
0
0
0
0
0
0
0
0
0
0
0
0
0
0
0
0
0
0
0
0
0
0
0
0
0
0
0
0
0
0
0
0
0
0
0
0
0
0
0
0
0
0
0
0
0
0
0
0
0
0
0
0
0
0
0
0
0
0
0
0
0
0
0
0
0
0
0
0
0
0
0
0
0
0
0
0
0
0
0
0
0
0
0
0
0
0
0
0
0
0
0
0
0
0
0
0
0
0
0
0
0
0
0
0
0
0
0
0
0
0
0
0
0
0
0
0
0
0
0
0
0
0
0
0
0
0
0
0
0
0
0
0
0
0
0
0
0
0
0
0
0
0
0
0
0
0
0
0
0
0
0
0
0
0
0
0
0
0
0
0
0
0
0
0
0
0
0
0
0
0
0
0
0
0
0
0
0
0
0
0
0
0
0
0
0
0
0
0
0
0
0
0
0
0
0
0
0
0
0
0
0
0
0
0
0
0
0
0
0
0
0
0
0
0
0
0
0
0
0
0
0
0
0
0
0
0
0
0
0
0
0
0
0
0
0
0
0
0
0
0
0
0
0
0
0
0
0
0
0
0
0
0
0
0
0
0
0
0
0
0
0
0
0
0
0
0
0
0
0
0
0
0
0
0
0
0
0
0
0
0
0
0
0
0
0
0
0
0
0
0
0
0
0
0
0
0
0
0
0
0
0
0
0
0
0
0
0
0
0
0
0
0
0
0
0
0
0
0
0
0
0
0
0
0
0
0
0
0
0
0
0
0
0
0
0
0
0
0
0
0
0
0
0
0
0
0
0
0
0
0
0
0
0
0
0
0
0
0
0
0
0
0
0
0
0
0
0
0
0
0
0
0
0
0
0
0
0
0
0
0
0
0
0
0
0
0
0
0
0
0
0
0
0
0
0
0
0
0
0
0
0
0
0
0
0
0
0
0
0
0
0
0
0
0
0
0
0
0
0
0
0
0
0
0
0
0
0
0
0
0
0
0
0
0
0
0
0
0
0
0
0
0
0
0
0
0
0
0
0
0
0
0
0
0
0
0
0
0
0
0
0
0
0
0
0
0
0
0
0
0
0
0
0
0
0
0
0
0
0
0
0
0
0
0
0
0
0
0
0
0
0
0
0
0
0
0
0
0
0
0
0
0
0
0
0
0
0
0
0
0
0
0
0
0
0
0
0
0
0
0
0
0
0
0
0
0
0
0
0
0
0
0
0
0
0
0
0
0
0
0
0
0
0
0
0
0
0
0
0
0
0
0
0
0
0
0
0
0
0
0
0
0
0
0
0
0
0
0
0
0
0
0
0
0
0
0
0
0
0
0
0
0
0
0
0
0
0
0
0
0
0
0
0
0
0
0
0
0
0
0
0
0
0
0
0
0
0
0
0
0
0
0
0
0
0
0
0
0
0
0
0
0
0
0
0
0
0
0
0
0
0
0
0
0
0
0
0
0
0
0
0
0
0
0
0
0
0
0
0
0
0
0
0
0
0
0
0
0
0
0
0
0
0
0
0
0
0
0
0
0
0
0
0
0
0
0
0
0
0
0
0
0
0
0
0
0
0
0
0
0
0
0
0
0
0
0
0
0
0
0
0
0
0
0
0
0
0
0
0
0
0
0
0
0
0
0
0
0
0
0
0
0
0
0
0
0
0
0
0
0
0
0
0
0
0
0
0
0
0
0
0
0
0
0
0
0
0
0
0
0
0
0
0
0
0
0
0
0
0
0
0
0
0
0
0
0
0
0
0
0
0
0
0
0
0
0
0
0
0
0
0
0
0
0
0
0
0
0
0
0
0
0
0
0
0
0
0
0
0
0
0
0
0
0
0
0
0
0
0
0
0
0
0
0
0
0
0
0
0
0
0
0
0
0
0
0
0
0
0
0
0
0
0
0
0
0
0
0
0
0
0
0
0
0
0
0
0
0
0
0
0
0
0
0
0
0
0
0
0
0
0
0
0
0
0
0
0
0
0
0
0
0
0
0
0
0
0
0
0
0
0
0
0
0
0
0
0
0
0
0
0
0
0
0
0
0
0
0
0
0
0
0
0
0
0
0
0
0
0
0
0
0
0
0
0
0
0
0
0
0
0
0
0
0
0
0
0
0
0
0
0
0
0
0
0
0
0
0
0
0
0
0
0
0
0
0
0
0
0
0
0
0
0
0
0
0
0
0
0
SCALARS neighbor_count float 1
LOOKUP_TABLE default
27
40
57
63
42
61
82
87
55
77
62
83
100
107
102
110
62
82
78
98
105
94
101
63
56
48
38
63
86
83
85
71
55
104
99
104
111
107
111
88
66
99
74
111
112
110
106
96
74
92
74
62
67
82
90
99
68
77
70
80
91
98
92
96
72
81
91
92
72
79
61
68
86
93
74
81
106
107
107
105
103
91
72
102
102
104
99
101
100
90
69
87
68
100
96
99
84
69
98
94
96
86
82
81
86
66
72
61
45
64
85
63
89
87
113
118
60
85
78
108
104
110
137
145
79
105
89
113
132
136
133
141
86
108
104
127
132
116
125
94
128
101
133
160
168
158
171
100
126
118
150
158
132
135
63
83
81
112
104
109
139
144
56
79
55
76
98
95
111
84
109
80
105
136
143
135
108
143
98
131
105
136
165
170
163
174
107
133
102
124
152
156
136
138
103
132
106
138
96
128
103
134
159
167
165
173
163
169
168
176
106
132
100
124
102
127
100
119
151
159
137
137
152
159
136
139
88
75
92
88
118
115
117
60
100
80
111
111
106
143
145
141
90
78
120
100
137
136
135
146
143
144
115
94
125
97
137
136
135
126
129
127
119
91
112
82
171
171
166
172
172
167
140
116
141
117
157
155
155
139
138
136
134
105
119
91
112
112
107
146
148
142
99
84
130
114
96
116
113
110
150
151
149
114
122
114
148
155
154
82
132
113
103
91
137
119
173
175
169
176
179
173
156
132
160
135
163
160
159
143
142
141
145
115
122
97
173
177
179
181
182
184
172
175
178
180
184
187
159
127
167
134
161
134
172
140
165
170
171
140
145
146
168
173
172
143
150
149
148
120
124
99
154
127
127
102
79
85
97
106
111
82
93
93
98
102
99
101
96
97
110
116
119
97
103
100
106
108
104
106
82
85
95
100
101
86
92
74
77
95
101
82
84
96
103
100
104
105
99
102
84
87
103
104
90
89
114
102
119
122
108
98
106
97
101
108
105
106
111
99
110
98
119
123
111
118
125
113
95
103
96
100
99
104
95
102
107
107
107
107
106
107
103
100
105
106
105
100
102
85
88
104
89
90
101
96
101
94
105
106
104
105
105
107
104
105
95
101
83
82
98
100
84
87
89
89
88
89
116
117
114
99
75
107
105
106
103
105
105
90
69
86
66
124
122
122
105
78
68
108
108
108
107
106
106
91
89
66
104
103
105
84
67
102
102
101
86
85
85
87
65
74
55
106
106
105
104
104
104
88
65
87
64
89
88
88
73
54
124
127
126
112
113
113
104
82
94
70
107
107
107
90
67
127
128
128
112
113
114
127
129
129
113
114
115
109
83
97
72
108
84
96
72
106
107
109
108
109
108
92
68
91
68
106
107
106
105
106
105
89
66
88
65
89
89
88
73
54
106
107
106
105
106
105
106
106
107
105
105
105
90
67
89
65
90
66
88
65
90
89
89
89
90
90
73
54
75
56
51
58
64
68
73
69
67
50
56
64
61
64
67
69
70
68
67
70
71
67
68
66
69
68
64
67
67
65
67
65
66
67
53
44
66
65
65
54
40
66
67
65
54
40
68
67
67
67
68
68
54
40
57
43
60
106
86
83
114
109
145
149
69
99
93
125
120
116
155
153
100
134
105
141
173
174
176
183
102
134
101
122
155
164
138
140
112
143
117
151
180
176
181
187
111
140
128
165
168
144
146
69
100
85
114
117
108
134
135
55
82
69
92
93
83
109
102
99
128
106
136
153
154
157
162
98
125
90
116
145
148
125
127
78
105
85
108
120
116
124
122
79
101
75
91
119
113
100
102
123
122
121
154
154
155
105
86
134
110
122
120
122
156
153
157
104
84
135
113
180
174
176
187
182
184
155
123
160
130
173
174
173
147
149
149
152
123
131
102
181
171
178
189
184
187
154
130
163
138
176
173
174
146
150
151
154
124
129
102
102
99
99
138
134
131
91
72
119
97
71
75
75
100
102
96
73
62
91
77
158
157
152
167
164
160
137
114
145
119
151
148
147
125
128
127
129
106
109
91
116
120
113
125
125
120
101
87
109
88
113
115
116
95
97
99
102
83
86
69
112
97
119
125
114
101
106
102
106
109
106
107
101
113
96
123
130
113
104
102
102
105
108
106
107
105
99
106
106
105
105
98
103
88
87
89
88
104
104
106
107
105
105
99
105
87
89
89
89
102
84
108
108
95
85
88
89
89
90
89
89
79
71
85
86
74
67
71
68
72
73
72
73
92
90
89
89
88
88
90
91
78
74
74
73
73
73
72
75
75
75
75
78
61
63
63
65
127
130
130
116
114
113
113
86
93
69
111
109
108
89
66
128
130
129
114
114
114
111
83
95
71
108
109
109
90
66
107
107
108
105
105
106
89
66
88
65
89
90
90
76
56
106
107
106
105
104
106
89
65
89
65
89
89
90
75
56
108
112
112
96
96
97
94
74
82
61
89
90
91
76
57
86
87
90
80
79
82
79
64
73
56
73
73
76
69
55
88
89
89
87
89
88
74
55
74
54
73
73
72
58
43
73
71
75
77
72
74
66
54
63
51
62
61
59
50
38
68
66
65
65
66
67
65
66
57
60
54
54
46
47
47
49
67
69
69
58
43
67
68
67
56
42
55
54
53
42
31
48
49
44
37
31
0
0
0
0
0
0
0
0
0
0
0
0
0
0
0
0
0
0
0
0
0
0
0
0
0
0
0
0
0
0
0
0
0
0
0
0
0
0
0
0
0
0
0
0
0
0
0
0
0
0
0
0
0
0
0
0
0
0
0
0
0
0
0
0
0
0
0
0
0
0
0
0
0
0
0
0
0
0
0
0
0
0
0
0
0
0
0
0
0
0
0
0
0
0
0
0
0
0
0
0
0
0
0
0
0
0
0
0
0
0
0
0
0
0
0
0
0
0
0
0
0
0
0
0
0
0
0
0
0
0
0
0
0
0
0
0
0
0
0
0
0
0
0
0
0
0
0
0
0
0
0
0
0
0
0
0
0
0
0
0
0
0
0
0
0
0
0
0
0
0
0
0
0
0
0
0
0
0
0
0
0
0
0
0
0
0
0
0
0
0
0
0
0
0
0
0
0
0
0
0
0
0
0
0
0
0
0
0
0
0
0
0
0
0
0
0
0
0
0
0
0
0
0
0
0
0
0
0
0
0
0
0
0
0
0
0
0
0
0
0
0
0
0
0
0
0
0
0
0
0
0
0
0
0
0
0
0
0
0
0
0
0
0
0
0
0
0
0
0
0
0
0
0
0
0
0
0
0
0
0
0
0
0
0
0
0
0
0
0
0
0
0
0
0
0
0
0
0
0
0
0
0
0
0
0
0
0
0
0
0
0
0
0
0
0
0
0
0
0
0
0
0
0
0
0
0
0
0
0
0
0
0
0
0
0
0
0
0
0
0
0
0
0
0
0
0
0
0
0
0
0
0
0
0
0
0
0
0
0
0
0
0
0
0
0
0
0
0
0
0
0
0
0
0
0
0
0
0
0
0
0
0
0
0
0
0
0
0
0
0
0
0
0
0
0
0
0
0
0
0
0
0
0
0
0
0
0
0
0
0
0
0
0
0
0
0
0
0
0
0
0
0
0
0
0
0
0
0
0
0
0
0
0
0
0
0
0
0
0
0
0
0
0
0
0
0
0
0
0
0
0
0
0
0
0
0
0
0
0
0
0
0
0
0
0
0
0
0
0
0
0
0
0
0
0
0
0
0
0
0
0
0
0
0
0
0
0
0
0
0
0
0
0
0
0
0
0
0
0
0
0
0
0
0
0
0
0
0
0
0
0
0
0
0
0
0
0
0
0
0
0
0
0
0
0
0
0
0
0
0
0
0
0
0
0
0
0
0
0
0
0
0
0
0
0
0
0
0
0
0
0
0
0
0
0
0
0
0
0
0
0
0
0
0
0
0
0
0
0
0
0
0
0
0
0
0
0
0
0
0
0
0
0
0
0
0
0
0
0
0
0
0
0
0
0
0
0
0
0
0
0
0
0
0
0
0
0
0
0
0
0
0
0
0
0
0
0
0
0
0
0
0
0
0
0
0
0
0
0
0
0
0
0
0
0
0
0
0
0
0
0
0
0
0
0
0
0
0
0
0
0
0
0
0
0
0
0
0
0
0
0
0
0
0
0
0
0
0
0
0
0
0
0
0
0
0
0
0
0
0
0
0
0
0
0
0
0
0
0
0
0
0
0
0
0
0
0
0
0
0
0
0
0
0
0
0
0
0
0
0
0
0
0
0
0
0
0
0
0
0
0
0
0
0
0
0
0
0
0
0
0
0
0
0
0
0
0
0
0
0
0
0
0
0
0
0
0
0
0
0
0
0
0
0
0
0
0
0
0
0
0
0
0
0
0
0
0
0
0
0
0
0
0
0
0
0
0
0
0
0
0
0
0
0
0
0
0
0
0
0
0
0
0
0
0
0
0
0
0
0
0
0
0
0
0
0
0
0
0
0
0
0
0
0
0
0
0
0
0
0
0
0
0
0
0
0
0
0
0
0
0
0
0
0
0
0
0
0
0
0
0
0
0
0
0
0
0
0
0
0
0
0
0
0
0
0
0
0
0
0
0
0
0
0
0
0
0
0
0
0
0
0
0
0
0
0
0
0
0
0
0
0
0
0
0
0
0
0
0
0
0
0
0
0
0
0
0
0
0
0
0
0
0
0
0
0
0
0
0
0
0
0
0
0
0
0
0
0
0
0
0
0
0
0
0
0
0
0
0
0
0
0
0
0
0
0
0
0
0
0
0
0
0
0
0
0
0
0
0
0
0
0
0
0
0
0
0
0
0
0
0
0
0
0
0
0
0
0
0
0
0
0
0
0
0
0
0
0
0
0
0
0
0
0
0
0
0
0
0
0
0
0
0
0
0
0
0
0
0
0
0
0
0
0
0
0
0
0
0
0
0
0
0
0
0
0
0
0
0
0
0
0
0
0
0
0
0
0
0
0
0
0
0
0
0
0
0
0
0
0
0
0
0
0
0
0
0
0
0
0
0
0
0
0
0
0
0
0
0
0
0
0
0
0
0
0
0
0
0
0
0
0
0
0
0
0
0
0
0
0
0
0
0
0
0
0
0
0
0
0
0
0
0
0
0
0
0
0
0
0
0
0
0
0
0
0
0
0
0
0
0
0
0
0
0
0
0
0
0
0
0
0
0
0
0
0
0
0
0
0
0
0
0
0
0
0
0
0
0
0
0
0
0
0
0
0
0
0
0
0
0
0
0
0
0
0
0
0
0
0
0
0
0
0
0
0
0
0
0
0
0
0
0
0
0
0
0
0
0
0
0
0
0
0
0
0
0
0
0
0
0
0
0
0
0
0
0
0
0
0
0
0
0
0
0
0
0
0
0
0
0
0
0
0
0
0
0
0
0
0
0
0
0
0
0
0
0
0
0
0
0
0
0
0
0
0
0
0
0
0
0
0
0
0
0
0
0
0
0
0
0
0
0
0
0
0
0
0
0
0
0
0
0
0
0
0
0
0
0
0
0
0
0
0
0
0
0
0
0
0
0
0
0
0
0
0
0
0
0
0
0
0
0
0
0
0
0
0
0
0
0
0
0
0
0
0
0
0
0
0
0
0
0
0
0
0
0
0
0
0
0
0
0
0
0
0
0
0
0
0
0
0
0
0
0
0
0
0
0
0
0
0
0
0
0
0
0
0
0
0
0
0
0
0
0
0
0
0
0
0
0
0
0
0
0
0
0
0
0
0
0
0
0
0
0
0
0
0
0
0
0
0
0
0
0
0
0
0
0
0
0
0
0
0
0
0
0
0
0
0
0
0
0
0
0
0
0
0
0
0
0
0
0
0
0
0
0
0
0
0
0
0
0
0
0
0
0
0
0
0
0
0
0
0
0
0
0
0
0
0
0
0
0
0
0
0
0
0
0
0
0
0
0
0
0
0
0
0
0
0
0
0
0
0
0
0
0
0
0
0
0
0
0
0
0
0
0
0
0
0
0
0
0
0
0
0
0
0
0
0
0
0
0
0
0
0
0
0
0
0
0
0
0
0
0
0
0
0
0
0
0
0
0
0
0
0
0
0
0
0
0
0
0
0
0
0
0
0
0
0
0
0
0
0
0
0
0
0
0
0
0
0
0
0
0
0
0
0
0
0
0
0
0
0
0
0
0
0
0
0
0
0
0
0
0
0
0
0
0
0
0
0
0
0
0
0
0
0
0
0
0
0
0
0
0
0
0
0
0
0
0
0
0
0
0
0
0
0
0
0
0
0
0
0
0
0
0
0
0
0
0
0
0
0
0
0
0
0
0
0
0
0
0
0
0
0
0
0
0
0
0
0
0
0
0
0
0
0
0
0
0
0
0
0
0
0
0
0
0
0
0
0
0
0
0
0
0
0
0
0
0
0
0
0
0
0
0
0
0
0
0
0
0
0
0
0
0
0
0
0
0
0
0
0
0
0
0
0
0
0
0
0
0
0
0
0
0
0
0
0
0
0
0
0
0
0
0
0
0
0
0
0
0
0
0
0
0
0
0
0
0
0
0
0
0
0
0
0
0
0
0
0
0
0
0
0
0
0
0
0
0
0
0
0
0
0
0
0
0
0
0
0
0
0
0
0
0
0
0
0
0
0
0
0
0
0
0
0
0
0
0
0
0
0
0
0
0
0
0
0
0
0
0
0
0
0
0
0
0
0
0
0
0
0
0
0
0
0
0
0
0
0
0
0
0
0
0
0
0
0
0
0
0
0
0
0
0
0
0
0
0
0
0
0
0
0
0
0
0
0
0
0
0
0
0
0
0
0
0
0
0
0
0
0
0
0
0
0
0
0
0
0
0
0
0
0
0
0
0
0
0
0
0
0
0
0
0
0
0
0
0
0
0
0
0
0
0
0
0
0
0
0
0
0
0
0
0
0
0
0
0
0
0
0
0
0
0
0
0
0
0
0
0
0
0
0
0
0
0
0
0
0
0
0
0
0
0
0
0
0
0
0
0
0
0
0
0
0
0
0
0
0
0
0
0
0
0
0
0
0
0
0
0
0
0
0
0
0
0
0
0
0
0
0
0
0
0
0
0
0
0
0
0
0
0
0
0
0
0
0
0
0
0
0
0
0
0
0
0
0
0
0
0
0
0
0
0
0
0
0
0
0
0
0
0
0
0
0
0
0
0
0
0
0
0
0
0
0
0
0
0
0
0
0
0
0
0
0
0
0
0
0
0
0
0
0
0
0
0
0
0
0
0
0
0
0
0
0
0
0
0
0
0
0
0
0
0
0
0
0
0
0
0
0
0
0
0
0
0
0
0
0
0
0
0
0
0
0
0
0
0
0
0
0
0
0
0
0
0
0
0
0
0
0
0
0
0
0
0
0
0
0
0
0
0
0
0
0
0
0
0
0
0
0
0
0
0
0
0
0
0
0
0
0
0
0
0
0
0
0
0
0
0
0
0
0
0
0
0
0
0
0
0
0
0
0
0
0
0
0
0
0
0
0
0
0
0
0
0
0
0
0
0
0
0
0
0
0
0
0
0
0
0
0
0
0
0
0
0
0
0
0
0
0
0
0
0
0
0
0
0
0
0
0
0
0
0
0
0
0
0
0
0
0
0
0
0
0
0
0
0
0
0
0
0
0
0
0
0
0
0
0
0
0
0
0
0
0
0
0
0
0
0
0
0
0
0
0
0
0
0
0
0
0
0
0
0
0
0
0
0
0
0
0
0
0
0
0
0
0
0
0
0
0
0
0
0
0
0
0
0
0
0
0
0
0
0
0
0
0
0
0
0
0
0
0
0
0
0
0
0
0
0
0
0
0
0
0
0
0
0
0
0
0
0
0
0
0
0
0
0
0
0
0
0
0
0
0
0
0
0
0
0
0
0
0
0
0
0
0
0
0
0
0
0
0
0
0
0
0
0
0
0
0
0
0
0
0
0
0
0
0
0
0
0
0
0
0
0
0
0
0
0
0
0
0
0
0
0
0
0
0
0
0
0
0
0
0
0
0
0
0
0
0
0
0
0
0
0
0
0
0
0
0
0
0
0
0
0
0
0
0
0
0
0
0
0
0
0
0
0
0
0
0
0
0
0
0
0
0
0
0
0
0
0
0
0
0
0
0
0
0
0
0
0
0
0
0
0
0
0
0
0
0
0
0
0
0
0
0
0
0
0
0
0
0
0
0
0
0
0
0
0
0
0
0
0
0
0
0
0
0
0
0
0
0
0
0
0
0
0
0
0
0
0
0
0
0
0
0
0
0
0
0
0
0
0
0
0
0
0
0
0
0
0
0
0
0
0
0
0
0
0
0
0
0
0
0
0
0
0
0
0
0
0
0
0
0
0
0
0
0
0
0
0
0
0
0
0
0
0
0
0
0
0
0
0
0
0
0
0
0
0
0
0
0
0
0
0
0
0
0
0
0
0
0
0
0
0
0
0
0
0
0
0
0
0
0
0
0
0
0
0
0
0
0
0
0
0
0
0
0
0
0
0
0
0
0
0
0
0
0
0
0
0
0
0
0
0
0
0
0
0
0
0
0
0
0
0
0
0
0
0
0
0
0
0
0
0
0
0
0
0
0
0
0
0
0
0
0
0
0
0
0
0
0
0
0
0
0
0
0
0
0
0
0
0
0
0
0
0
0
0
0
0
0
0
0
0
0
0
0
0
0
0
0
0
0
0
0
0
0
0
0
0
0
0
0
0
0
0
0
0
0
0
0
0
0
0
0
0
0
0
0
0
0
0
0
0
0
0
0
0
0
0
0
0
0
0
0
0
0
0
0
0
0
0
0
0
0
0
0
0
0
0
0
0
0
0
0
0
0
0
0
0
0
0
0
0
0
0
0
0
0
0
0
0
0
0
0
0
0
0
0
0
0
0
0
0
0
0
0
0
0
0
0
0
0
0
0
0
0
0
0
0
0
0
0
0
0
0
0
0
0
0
0
0
0
0
0
0
0
0
0
0
0
0
0
0
0
0
0
0
0
0
0
0
0
0
0
0
0
0
0
0
0
0
0
0
0
0
0
0
0
0
0
0
0
0
0
0
0
0
0
0
0
0
0
0
0
0
0
0
0
0
0
0
0
0
0
0
0
0
0
0
0
0
0
0
0
0
0
0
0
0
0
0
0
0
0
0
0
0
0
0
0
0
0
0
0
0
0
0
0
0
0
0
0
0
0
0
0
0
0
0
0
0
0
0
0
0
0
0
0
0
0
0
0
0
0
0
0
0
0
0
0
0
0
0
0
0
0
0
0
0
0
0
0
0
0
0
0
0
0
0
0
0
0
0
0
0
0
0
0
0
0
0
0
0
0
0
0
0
0
0
0
0
0
0
0
0
0
0
0
0
0
0
0
0
0
0
0
0
0
0
0
0
0
0
0
0
0
0
0
0
0
0
0
0
0
0
0
0
0
0
0
0
0
0
0
0
0
0
0
0
0
0
0
0
0
0
0
0
0
0
0
0
0
0
0
0
0
0
0
0
0
0
0
0
0
0
0
0
0
0
0
0
0
0
0
0
0
0
0
0
0
0
0
0
0
0
0
0
0
0
0
0
0
0
0
0
0
0
0
0
0
0
0
0
0
0
0
0
0
0
0
0
0
0
0
0
0
0
0
0
0
0
0
0
0
0
0
0
0
0
0
0
0
0
0
0
0
0
0
0
0
0
0
0
0
0
0
0
0
0
0
0
0
0
0
0
0
0
0
0
0
0
0
0
0
0
0
0
0
0
0
0
0
0
0
0
0
0
0
0
0
0
0
0
0
0
0
0
0
0
0
0
0
0
0
0
0
0
0
0
0
0
0
0
0
0
0
0
0
0
0
0
0
0
0
0
0
0
0
0
0
0
0
0
0
0
0
0
0
0
0
0
0
0
0
0
0
0
0
0
0
0
0
0
0
0
0
0
0
0
0
0
0
0
0
0
0
0
0
0
0
0
0
0
0
0
0
0
0
0
0
0
0
0
0
0
0
0
0
0
0
0
0
0
0
0
0
0
0
0
0
0
0
0
0
0
0
0
0
0
0
0
0
0
0
0
0
0
0
0
0
0
0
0
0
0
0
0
0
0
0
0
0
0
0
0
0
0
0
0
0
0
0
0
0
0
0
0
0
0
0
SCALARS low_density_flag float 1
LOOKUP_TABLE default
1
1
1
1
1
0
0
0
1
0
1
0
0
0
0
0
1
0
0
0
0
0
0
1
1
1
1
0
0
0
0
0
0
0
0
0
0
0
0
0
0
0
0
0
0
0
0
0
0
0
0
1
1
0
0
0
0
0
0
0
0
0
0
0
0
0
0
0
0
0
1
0
0
0
0
0
0
0
0
0
0
0
0
0
0
0
0
0
0
0
0
0
0
0
0
0
0
0
0
0
0
0
0
0
0
0
0
0
1
0
0
0
0
0
0
0
0
0
0
0
0
0
0
0
0
0
0
0
0
0
0
0
0
0
0
0
0
0
0
0
0
0
0
0
0
0
0
0
0
0
0
0
0
0
0
0
0
0
0
0
0
0
1
0
1
0
0
0
0
0
0
0
0
0
0
0
0
0
0
0
0
0
0
0
0
0
0
0
0
0
0
0
0
0
0
0
0
0
0
0
0
0
0
0
0
0
0
0
0
0
0
0
0
0
0
0
0
0
0
0
0
0
0
0
0
0
0
0
0
0
0
0
0
0
0
0
0
0
0
0
0
0
0
0
0
0
0
0
0
0
0
0
0
0
0
0
0
0
0
0
0
0
0
0
0
0
0
0
0
0
0
0
0
0
0
0
0
0
0
0
0
0
0
0
0
0
0
0
0
0
0
0
0
0
0
0
0
0
0
0
0
0
0
0
0
0
0
0
0
0
0
0
0
0
0
0
0
0
0
0
0
0
0
0
0
0
0
0
0
0
0
0
0
0
0
0
0
0
0
0
0
0
0
0
0
0
0
0
0
0
0
0
0
0
0
0
0
0
0
0
0
0
0
0
0
0
0
0
0
0
0
0
0
0
0
0
0
0
0
0
0
0
0
0
0
0
0
0
0
0
0
0
0
0
0
0
0
0
0
0
0
0
0
0
0
0
0
0
0
0
0
0
0
0
0
0
0
0
0
0
0
0
0
0
0
0
0
0
0
0
0
0
0
0
0
0
0
0
0
0
0
0
0
0
0
0
0
0
0
0
0
0
0
0
0
0
0
0
0
0
0
0
0
0
0
0
0
0
0
0
0
0
0
0
0
0
0
0
0
0
0
0
0
0
0
0
0
0
0
0
0
0
0
0
0
0
0
0
0
0
0
0
1
0
0
0
0
0
0
0
1
0
1
0
0
0
0
1
1
0
0
0
0
0
0
0
0
1
0
0
0
0
1
0
0
0
0
0
0
0
1
0
1
0
0
0
0
0
0
0
1
0
1
0
0
0
0
1
0
0
0
0
0
0
0
1
0
1
0
0
0
0
1
0
0
0
0
0
0
0
0
0
0
0
0
0
1
0
1
0
1
0
1
0
0
0
0
0
0
0
1
0
1
0
0
0
0
0
0
0
1
0
1
0
0
0
0
1
0
0
0
0
0
0
0
0
0
0
0
0
0
1
0
1
0
1
0
1
0
0
0
0
0
0
0
1
0
1
1
1
0
0
0
0
0
1
0
1
0
1
1
1
0
1
1
1
0
1
1
1
0
0
1
1
1
1
1
1
1
1
1
1
1
1
1
1
1
1
1
1
1
1
1
1
1
1
1
1
1
1
1
1
0
0
0
0
0
0
0
0
0
0
0
0
0
0
0
0
0
0
0
0
0
0
0
0
0
0
0
0
0
0
0
0
0
0
0
0
0
0
0
0
0
0
0
0
0
0
0
0
0
0
0
0
0
0
0
0
0
0
0
0
0
0
0
0
0
0
0
0
0
0
0
0
0
0
0
0
0
0
0
0
0
0
0
0
0
0
0
0
0
0
0
0
0
0
0
0
0
0
0
0
0
0
0
0
0
0
0
0
0
0
0
0
0
0
0
0
0
0
0
0
0
0
0
0
0
0
0
0
0
0
0
0
0
0
0
0
0
0
0
0
0
0
0
0
0
0
0
0
0
0
0
0
0
0
0
0
0
0
0
0
0
0
0
0
0
0
0
0
0
0
0
0
0
0
0
0
0
0
0
0
0
0
0
0
0
0
0
0
0
0
0
0
0
0
0
0
0
0
0
0
0
0
0
0
0
0
0
0
0
0
0
0
0
0
0
0
0
0
0
0
0
0
0
0
0
0
0
0
0
0
0
0
0
0
0
0
0
0
0
0
0
0
0
0
0
0
0
0
0
0
0
0
0
0
0
0
0
0
0
0
0
0
0
0
0
0
0
0
0
0
0
0
0
0
0
0
1
1
1
1
1
1
1
0
1
1
1
1
0
0
0
0
0
0
0
0
0
0
0
0
1
0
1
1
1
1
0
1
0
1
1
1
0
0
0
0
0
0
0
1
0
1
0
0
0
0
1
0
0
0
0
0
0
0
1
0
1
0
0
0
0
1
0
0
0
0
0
0
0
1
0
1
0
0
0
0
1
0
0
0
0
0
0
0
1
0
1
0
0
0
0
1
0
0
0
0
0
0
0
1
0
1
0
0
0
0
1
1
1
0
1
1
1
1
1
1
1
1
1
1
1
1
0
0
0
0
0
0
0
1
0
1
0
0
0
0
1
1
1
1
1
1
1
1
1
1
1
1
1
1
1
1
0
1
1
1
1
0
1
1
1
1
1
1
1
1
1
1
1
1
1
1
1
1
1
1
1
1
1
1
1
1
1
1
1
1
1
1
0
0
0
0
0
0
0
0
0
0
0
0
0
0
0
0
0
0
0
0
0
0
0
0
0
0
0
0
0
0
0
0
0
0
0
0
0
0
0
0
0
0
0
0
0
0
0
0
0
0
0
0
0
0
0
0
0
0
0
0
0
0
0
0
0
0
0
0
0
0
0
0
0
0
0
0
0
0
0
0
0
0
0
0
0
0
0
0
0
0
0
0
0
0
0
0
0
0
0
0
0
0
0
0
0
0
0
0
0
0
0
0
0
0
0
0
0
0
0
0
0
0
0
0
0
0
0
0
0
0
0
0
0
0
0
0
0
0
0
0
0
0
0
0
0
0
0
0
0
0
0
0
0
0
0
0
0
0
0
0
0
0
0
0
0
0
0
0
0
0
0
0
0
0
0
0
0
0
0
0
0
0
0
0
0
0
0
0
0
0
0
0
0
0
0
0
0
0
0
0
0
0
0
0
0
0
0
0
0
0
0
0
0
0
0
0
0
0
0
0
0
0
0
0
0
0
0
0
0
0
0
0
0
0
0
0
0
0
0
0
0
0
0
0
0
0
0
0
0
0
0
0
0
0
0
0
0
0
0
0
0
0
0
0
0
0
0
0
0
0
0
0
0
0
0
0
0
0
0
0
0
0
0
0
0
0
0
0
0
0
0
0
0
0
0
0
0
0
0
0
0
0
0
0
0
0
0
0
0
0
0
0
0
0
0
0
0
0
0
0
0
0
0
0
0
0
0
0
0
0
0
0
0
0
0
0
0
0
0
0
0
0
0
0
0
0
0
0
0
0
0
0
0
0
0
0
0
0
0
0
0
0
0
0
0
0
0
0
0
0
0
0
0
0
0
0
0
0
0
0
0
0
0
0
0
0
0
0
0
0
0
0
0
0
0
0
0
0
0
0
0
0
0
0
0
0
0
0
0
0
0
0
0
0
0
0
0
0
0
0
0
0
0
0
0
0
0
0
0
0
0
0
0
0
0
0
0
0
0
0
0
0
0
0
0
0
0
0
0
0
0
0
0
0
0
0
0
0
0
0
0
0
0
0
0
0
0
0
0
0
0
0
0
0
0
0
0
0
0
0
0
0
0
0
0
0
0
0
0
0
0
0
0
0
0
0
0
0
0
0
0
0
0
0
0
0
0
0
0
0
0
0
0
0
0
0
0
0
0
0
0
0
0
0
0
0
0
0
0
0
0
0
0
0
0
0
0
0
0
0
0
0
0
0
0
0
0
0
0
0
0
0
0
0
0
0
0
0
0
0
0
0
0
0
0
0
0
0
0
0
0
0
0
0
0
0
0
0
0
0
0
0
0
0
0
0
0
0
0
0
0
0
0
0
0
0
0
0
0
0
0
0
0
0
0
0
0
0
0
0
0
0
0
0
0
0
0
0
0
0
0
0
0
0
0
0
0
0
0
0
0
0
0
0
0
0
0
0
0
0
0
0
0
0
0
0
0
0
0
0
0
0
0
0
0
0
0
0
0
0
0
0
0
0
0
0
0
0
0
0
0
0
0
0
0
0
0
0
0
0
0
0
0
0
0
0
0
0
0
0
0
0
0
0
0
0
0
0
0
0
0
0
0
0
0
0
0
0
0
0
0
0
0
0
0
0
0
0
0
0
0
0
0
0
0
0
0
0
0
0
0
0
0
0
0
0
0
0
0
0
0
0
0
0
0
0
0
0
0
0
0
0
0
0
0
0
0
0
0
0
0
0
0
0
0
0
0
0
0
0
0
0
0
0
0
0
0
0
0
0
0
0
0
0
0
0
0
0
0
0
0
0
0
0
0
0
0
0
0
0
0
0
0
0
0
0
0
0
0
0
0
0
0
0
0
0
0
0
0
0
0
0
0
0
0
0
0
0
0
0
0
0
0
0
0
0
0
0
0
0
0
0
0
0
0
0
0
0
0
0
0
0
0
0
0
0
0
0
0
0
0
0
0
0
0
0
0
0
0
0
0
0
0
0
0
0
0
0
0
0
0
0
0
0
0
0
0
0
0
0
0
0
0
0
0
0
0
0
0
0
0
0
0
0
0
0
0
0
0
0
0
0
0
0
0
0
0
0
0
0
0
0
0
0
0
0
0
0
0
0
0
0
0
0
0
0
0
0
0
0
0
0
0
0
0
0
0
0
0
0
0
0
0
0
0
0
0
0
0
0
0
0
0
0
0
0
0
0
0
0
0
0
0
0
0
0
0
0
0
0
0
0
0
0
0
0
0
0
0
0
0
0
0
0
0
0
0
0
0
0
0
0
0
0
0
0
0
0
0
0
0
0
0
0
0
0
0
0
0
0
0
0
0
0
0
0
0
0
0
0
0
0
0
0
0
0
0
0
0
0
0
0
0
0
0
0
0
0
0
0
0
0
0
0
0
0
0
0
0
0
0
0
0
0
0
0
0
0
0
0
0
0
0
0
0
0
0
0
0
0
0
0
0
0
0
0
0
0
0
0
0
0
0
0
0
0
0
0
0
0
0
0
0
0
0
0
0
0
0
0
0
0
0
0
0
0
0
0
0
0
0
0
0
0
0
0
0
0
0
0
0
0
0
0
0
0
0
0
0
0
0
0
0
0
0
0
0
0
0
0
0
0
0
0
0
0
0
0
0
0
0
0
0
0
0
0
0
0
0
0
0
0
0
0
0
0
0
0
0
0
0
0
0
0
0
0
0
0
0
0
0
0
0
0
0
0
0
0
0
0
0
0
0
0
0
0
0
0
0
0
0
0
0
0
0
0
0
0
0
0
0
0
0
0
0
0
0
0
0
0
0
0
0
0
0
0
0
0
0
0
0
0
0
0
0
0
0
0
0
0
0
0
0
0
0
0
0
0
0
0
0
0
0
0
0
0
0
0
0
0
0
0
0
0
0
0
0
0
0
0
0
0
0
0
0
0
0
0
0
0
0
0
0
0
0
0
0
0
0
0
0
0
0
0
0
0
0
0
0
0
0
0
0
0
0
0
0
0
0
0
0
0
0
0
0
0
0
0
0
0
0
0
0
0
0
0
0
0
0
0
0
0
0
0
0
0
0
0
0
0
0
0
0
0
0
0
0
0
0
0
0
0
0
0
0
0
0
0
0
0
0
0
0
0
0
0
0
0
0
0
0
0
0
0
0
0
0
0
0
0
0
0
0
0
0
0
0
0
0
0
0
0
0
0
0
0
0
0
0
0
0
0
0
0
0
0
0
0
0
0
0
0
0
0
0
0
0
0
0
0
0
0
0
0
0
0
0
0
0
0
0
0
0
0
0
0
0
0
0
0
0
0
0
0
0
0
0
0
0
0
0
0
0
0
0
0
0
0
0
0
0
0
0
0
0
0
0
0
0
0
0
0
0
0
0
0
0
0
0
0
0
0
0
0
0
0
0
0
0
0
0
0
0
0
0
0
0
0
0
0
0
0
0
0
0
0
0
0
0
0
0
0
0
0
0
0
0
0
0
0
0
0
0
0
0
0
0
0
0
0
0
0
0
0
0
0
0
0
0
0
0
0
0
0
0
0
0
0
0
0
0
0
0
0
0
0
0
0
0
0
0
0
0
0
0
0
0
0
0
0
0
0
0
0
0
0
0
0
0
0
0
0
0
0
0
0
0
0
0
0
0
0
0
0
0
0
0
0
0
0
0
0
0
0
0
0
0
0
0
0
0
0
0
0
0
0
0
0
0
0
0
0
0
0
0
0
0
0
0
0
0
0
0
0
0
0
0
0
0
0
0
0
0
0
0
0
0
0
0
0
0
0
0
0
0
0
0
0
0
0
0
0
0
0
0
0
0
0
0
0
0
0
0
0
0
0
0
0
0
0
0
0
0
0
0
0
0
0
0
0
0
0
0
0
0
0
0
0
0
0
0
0
0
0
0
0
0
0
0
0
0
0
0
0
0
0
0
0
0
0
0
0
0
0
0
0
0
0
0
0
0
0
0
0
0
0
0
0
0
0
0
0
0
0
0
0
0
0
0
0
0
0
0
0
0
0
0
0
0
0
0
0
0
0
0
0
0
0
0
0
0
0
0
0
0
0
0
0
0
0
0
0
0
0
0
0
0
0
0
0
0
0
0
0
0
0
0
0
0
0
0
0
0
0
0
0
0
0
0
0
0
0
0
0
0
0
0
0
0
0
0
0
0
0
0
0
0
0
0
0
0
0
0
0
0
0
0
0
0
0
0
0
0
0
0
0
0
0
0
0
0
0
0
0
0
0
0
0
0
0
0
0
0
0
0
0
0
0
0
0
0
0
0
0
0
0
0
0
0
0
0
0
0
0
0
0
0
0
0
0
0
0
0
0
0
0
0
0
0
0
0
0
0
0
0
0
0
0
0
0
0
0
0
0
0
0
0
0
0
0
0
0
0
0
0
0
0
0
0
0
0
0
0
0
0
0
0
0
0
0
0
0
0
0
0
0
0
0
0
0
0
0
0
0
0
0
0
0
0
0
0
0
0
0
0
0
0
0
0
0
0
0
0
0
0
0
0
0
0
0
0
0
0
0
0
0
0
0
0
0
0
0
0
0
0
0
0
0
0
0
0
0
0
0
0
0
0
0
0
0
0
0
0
0
0
0
0
0
0
0
0
0
0
0
0
0
0
0
0
0
0
0
0
0
0
0
0
0
0
0
0
0
0
0
0
0
0
0
0
0
0
0
0
0
0
0
0
0
0
0
0
0
0
0
0
0
0
0
0
0
0
0
0
0
0
0
0
0
0
0
0
0
0
0
0
0
0
0
0
0
0
0
0
0
0
0
0
0
0
0
0
0
0
0
0
0
0
0
0
0
0
0
0
0
0
0
0
0
0
0
0
0
0
0
0
0
0
0
0
0
0
0
0
0
0
0
0
0
0
0
0
0
0
0
0
0
0
0
0
0
0
0
0
0
0
0
0
0
0
0
0
0
0
0
0
0
0
0
0
0
0
0
0
0
0
0
0
0
0
0
0
0
0
0
0
0
0
0
0
0
0
0
0
0
0
0
0
0
0
0
0
0
0
0
0
0
0
0
0
0
0
0
0
0
0
0
0
0
0
0
0
0
0
0
0
0
0
0
0
0
0
0
0
0
0
0
0
0
0
0
0
0
0
0
0
0
0
0
0
0
0
0
0
0
0
0
0
0
0
0
0
0
0
0
0
0
0
0
0
0
0
0
0
0
0
0
0
0
0
0
0
0
0
0
0
0
0
0
0
0
0
0
0
0
0
0
0
0
0
0
0
0
0
0
0
0
0
0
0
0
0
0
0
0
0
0
0
0
0
0
0
0
0
0
0
0
0
0
0
0
0
0
0
0
0
0
0
0
0
0
0
0
0
0
0
0
0
0
0
0
0
0
0
0
0
0
0
0
0
0
0
0
0
0
0
0
0
0
0
0
0
0
0
0
0
0
0
0
0
0
0
0
0
0
0
0
0
0
0
0
0
0
0
0
0
0
0
0
0
0
0
0
0
0
0
0
0
0
0
0
0
0
0
0
0
0
0
0
0
0
0
0
0
0
0
0
0
0
0
0
0
0
0
0
0
0
0
0
0
0
0
0
0
0
0
0
0
0
0
0
0
0
0
0
0
0
0
0
0
0
0
0
0
0
0
0
0
0
0
0
0
0
0
0
0
0
0
0
0
0
0
0
0
0
0
0
0
0
0
0
0
0
0
0
0
0
0
0
0
0
0
0
0
0
0
0
0
0
0
0
0
0
0
0
0
0
0
0
0
0
0
0
0
0
0
0
0
0
0
0
0
0
0
0
0
0
0
0
0
0
0
0
0
0
0
0
0
0
0
0
0
0
0
0
0
0
0
0
0
0
0
0
0
0
0
0
0
0
0
0
0
0
0
0
0
0
0
0
0
0
0
0
0
0
0
0
0
0
0
0
0
0
0
0
0
0
0
0
0
0
0
0
0
0
0
0
0
0
0
0
0
0
0
0
0
0
0
0
0
0
0
0
0
0
0
0
0
0
0
0
0
0
0
0
0
0
0
0
0
0
0
0
0
0
0
0
0
0
0
0
0
0
0
0
0
0
0
0
0
0
0
0
0
0
0
0
0
0
0
0
0
0
0
0
0
0
0
0
0
0
0
0
0
0
0
0
0
0
0
0
0
0
0
0
0
0
0
0
0
0
0
0
0
0
0
0
0
0
0
0
0
0
0
0
0
0
0
0
0
0
0
0
0
0
0
0
0
0
0
0
0
0
0
0
0
0
0
0
0
0
0
0
0
0
0
0
0
0
0
0
0
0
0
0
0
0
0
0
0
0
0
0
0
0
0
0
0
0
0
0
0
0
0
0
0
0
0
0
0
0
0
0
0
0
0
0
0
0
0
0
0
0
0
0
0
0
0
0
0
0
0
0
0
0
0
0
0
0
0
0
0
0
0
0
0
0
0
0
0
0
0
0
0
0
0
0
0
0
0
0
0
0
0
0
0
0
0
0
0
0
0
0
0
0
0
0
0
0
0
0
0
0
0
0
0
0
0
0
0
0
0
0
0
0
0
0
0
0
0
0
0
0
0
0
0
0
0
0
0
0
0
0
0
0
0
0
0
0
0
0
0
0
0
0
0
0
0
0
0
0
0
0
0
0
0
0
0
0
0
0
0
0
0
0
0
0
0
0
0
0
0
0
0
0
0
0
0
0
0
0
0
0
0
0
0
0
0
0
0
0
0
0
0
0
0
0
0
0
0
0
0
0
0
0
0
0
0
0
0
0
0
0
0
0
0
0
0
0
0
0
0
0
0
0
0
0
0
0
0
0
0
0
0
0
0
0
0
0
0
0
0
0
0
0
0
0
0
0
0
0
0
0
0
0
0
0
0
0
0
0
0
0
0
0
0
0
0
0
0
0
0
0
0
0
0
0
0
0
0
0
0
0
0
0
0
0
0
0
0
0
0
0
0
0
0
0
0
0
0
0
0
0
0
0
0
0
0
0
0
0
0
0
0
0
0
0
0
0
0
0
0
0
0
0
0
0
0
0
0
0
0
0
0
0
0
0
0
0
0
0
0
0
0
0
0
0
0
0
0
0
0
0
0
0
0
0
0
0
0
0
0
0
0
0
0
0
0
0
0
0
0
0
0
0
0
0
0
0
0
0
0
0
0
0
0
0
0
0
0
0
0
0
0
0
0
0
0
0
0
0
0
0
0
0
0
0
0
0
0
0
0
0
0
0
0
0
0
0
0
0
0
0
0
0
0
0
0
0
0
0
0
0
0
0
0
0
0
0
0
0
0
0
0
0
0
0
0
0
0
0
0
0
0
0
0
0
0
0
0
0
0
0
0
0
0
0
0
0
0
0
0
0
0
0
0
0
0
0
0
0
0
0
0
0
0
0
0
0
0
0
0
0
0
0
0
0
0
0
0
0
0
0
0
0
0
0
0
0
0
0
0
0
0
0
0
0
0
0
0
0
0
0
0
0
0
0
0
0
0
0
0
0
0
0
0
0
0
0
0
0
0
0
0
0
0
0
SCALARS low_neighbor_flag float 1
LOOKUP_TABLE default
0
0
0
0
0
0
0
0
0
0
0
0
0
0
0
0
0
0
0
0
0
0
0
0
0
0
0
0
0
0
0
0
0
0
0
0
0
0
0
0
0
0
0
0
0
0
0
0
0
0
0
0
0
0
0
0
0
0
0
0
0
0
0
0
0
0
0
0
0
0
0
0
0
0
0
0
0
0
0
0
0
0
0
0
0
0
0
0
0
0
0
0
0
0
0
0
0
0
0
0
0
0
0
0
0
0
0
0
0
0
0
0
0
0
0
0
0
0
0
0
0
0
0
0
0
0
0
0
0
0
0
0
0
0
0
0
0
0
0
0
0
0
0
0
0
0
0
0
0
0
0
0
0
0
0
0
0
0
0
0
0
0
0
0
0
0
0
0
0
0
0
0
0
0
0
0
0
0
0
0
0
0
0
0
0
0
0
0
0
0
0
0
0
0
0
0
0
0
0
0
0
0
0
0
0
0
0
0
0
0
0
0
0
0
0
0
0
0
0
0
0
0
0
0
0
0
0
0
0
0
0
0
0
0
0
0
0
0
0
0
0
0
0
0
0
0
0
0
0
0
0
0
0
0
0
0
0
0
0
0
0
0
0
0
0
0
0
0
0
0
0
0
0
0
0
0
0
0
0
0
0
0
0
0
0
0
0
0
0
0
0
0
0
0
0
0
0
0
0
0
0
0
0
0
0
0
0
0
0
0
0
0
0
0
0
0
0
0
0
0
0
0
0
0
0
0
0
0
0
0
0
0
0
0
0
0
0
0
0
0
0
0
0
0
0
0
0
0
0
0
0
0
0
0
0
0
0
0
0
0
0
0
0
0
0
0
0
0
0
0
0
0
0
0
0
0
0
0
0
0
0
0
0
0
0
0
0
0
0
0
0
0
0
0
0
0
0
0
0
0
0
0
0
0
0
0
0
0
0
0
0
0
0
0
0
0
0
0
0
0
0
0
0
0
0
0
0
0
0
0
0
0
0
0
0
0
0
0
0
0
0
0
0
0
0
0
0
0
0
0
0
0
0
0
0
0
0
0
0
0
0
0
0
0
0
0
0
0
0
0
0
0
0
0
0
0
0
0
0
0
0
0
0
0
0
0
0
0
0
0
0
0
0
0
0
0
0
0
0
0
0
0
0
0
0
0
0
0
0
0
0
0
0
0
0
0
0
0
0
0
0
0
0
0
0
0
0
0
0
0
0
0
0
0
0
0
0
0
0
0
0
0
0
0
0
0
0
0
0
0
0
0
0
0
0
0
0
0
0
0
0
0
0
0
0
0
0
0
0
0
0
0
0
0
0
0
0
0
0
0
0
0
0
0
0
0
0
0
0
0
0
0
0
0
0
0
0
0
0
0
0
0
0
0
0
0
0
0
0
0
0
0
0
0
0
0
0
0
0
0
0
0
0
0
0
0
0
0
0
0
0
0
0
0
0
0
0
0
0
0
0
0
0
0
0
0
0
0
0
0
0
0
0
0
0
0
0
0
0
0
0
0
0
0
0
0
0
0
0
0
0
0
0
0
0
0
0
0
0
0
0
0
0
0
0
0
0
0
0
0
0
0
0
0
0
0
0
0
0
0
0
0
0
0
0
0
0
0
0
0
0
0
0
0
0
0
0
0
0
0
0
0
0
0
0
0
0
0
0
0
0
0
0
0
0
0
0
0
0
0
0
0
0
0
0
0
0
0
0
0
0
0
0
0
0
0
0
0
0
0
0
0
0
0
0
0
0
0
0
0
0
0
0
0
0
0
0
0
0
0
0
0
0
0
0
0
0
0
0
0
0
0
0
0
0
0
0
0
0
0
0
0
0
0
0
0
0
0
0
0
0
0
0
0
0
0
0
0
0
0
0
0
0
0
0
0
0
0
0
0
0
0
0
0
0
0
0
0
0
0
0
0
0
0
0
0
0
0
0
0
0
0
0
0
0
0
0
0
0
0
0
0
0
0
0
0
0
0
0
0
0
0
0
0
0
0
0
0
0
0
0
0
0
0
0
0
0
0
0
0
0
0
0
0
0
0
0
0
0
0
0
0
0
0
0
0
0
0
0
0
0
0
0
0
0
0
0
0
0
0
0
0
0
0
0
0
0
0
0
0
0
0
0
0
0
0
0
0
0
0
0
0
0
0
0
0
0
0
0
0
0
0
0
0
0
0
0
0
0
0
0
0
0
0
0
0
0
0
0
0
0
0
0
0
0
0
0
0
0
0
0
0
0
0
0
0
0
0
0
0
0
0
0
0
0
0
0
0
0
0
0
0
0
0
0
0
0
0
0
0
0
0
0
0
0
0
0
0
0
0
0
0
0
0
0
0
0
0
0
0
0
0
0
0
0
0
0
0
0
0
0
0
0
0
0
0
0
0
0
0
0
0
0
0
0
0
0
0
0
0
0
0
0
0
0
0
0
0
0
0
0
0
0
0
0
0
0
0
0
0
0
0
0
0
0
0
0
0
0
0
0
0
0
0
0
0
0
0
0
0
0
0
0
0
0
0
0
0
0
0
0
0
0
0
0
0
0
0
0
0
0
0
0
0
0
0
0
0
0
0
0
0
0
0
0
0
0
0
0
0
0
0
0
0
0
0
0
0
0
0
0
0
0
0
0
0
0
0
0
0
0
0
0
0
0
0
0
0
0
0
0
0
0
0
0
0
0
0
0
0
0
0
0
0
0
0
0
0
0
0
0
0
0
0
0
0
0
0
0
0
0
0
0
0
0
0
0
0
0
0
0
0
0
0
0
0
0
0
0
0
0
0
0
0
0
0
0
0
0
0
0
0
0
0
0
0
0
0
0
0
0
0
0
0
0
0
0
0
0
0
0
0
0
0
0
0
0
0
0
0
0
0
0
0
0
0
0
0
0
0
0
0
0
0
0
0
0
0
0
0
0
0
0
0
0
0
0
0
0
0
0
0
0
0
0
0
0
0
0
0
0
0
0
0
0
0
0
0
0
0
0
0
0
0
0
0
0
0
0
0
0
0
0
0
0
0
0
0
0
0
0
0
0
0
0
0
0
0
0
0
0
0
0
0
0
0
0
0
0
0
0
0
0
0
0
0
0
0
0
0
0
0
0
0
0
0
0
0
0
0
0
0
0
0
0
0
0
0
0
0
0
0
0
0
0
0
0
0
0
0
0
0
0
0
0
0
0
0
0
0
0
0
0
0
0
0
0
0
0
0
0
0
0
0
0
0
0
0
0
0
0
0
0
0
0
0
0
0
0
0
0
0
0
0
0
0
0
0
0
0
0
0
0
0
0
0
0
0
0
0
0
0
0
0
0
0
0
0
0
0
0
0
0
0
0
0
0
0
0
0
0
0
0
0
0
0
0
0
0
0
0
0
0
0
0
0
0
0
0
0
0
0
0
0
0
0
0
0
0
0
0
0
0
0
0
0
0
0
0
0
0
0
0
0
0
0
0
0
0
0
0
0
0
0
0
0
0
0
0
0
0
0
0
0
0
0
0
0
0
0
0
0
0
0
0
0
0
0
0
0
0
0
0
0
0
0
0
0
0
0
0
0
0
0
0
0
0
0
0
0
0
0
0
0
0
0
0
0
0
0
0
0
0
0
0
0
0
0
0
0
0
0
0
0
0
0
0
0
0
0
0
0
0
0
0
0
0
0
0
0
0
0
0
0
0
0
0
0
0
0
0
0
0
0
0
0
0
0
0
0
0
0
0
0
0
0
0
0
0
0
0
0
0
0
0
0
0
0
0
0
0
0
0
0
0
0
0
0
0
0
0
0
0
0
0
0
0
0
0
0
0
0
0
0
0
0
0
0
0
0
0
0
0
0
0
0
0
0
0
0
0
0
0
0
0
0
0
0
0
0
0
0
0
0
0
0
0
0
0
0
0
0
0
0
0
0
0
0
0
0
0
0
0
0
0
0
0
0
0
0
0
0
0
0
0
0
0
0
0
0
0
0
0
0
0
0
0
0
0
0
0
0
0
0
0
0
0
0
0
0
0
0
0
0
0
0
0
0
0
0
0
0
0
0
0
0
0
0
0
0
0
0
0
0
0
0
0
0
0
0
0
0
0
0
0
0
0
0
0
0
0
0
0
0
0
0
0
0
0
0
0
0
0
0
0
0
0
0
0
0
0
0
0
0
0
0
0
0
0
0
0
0
0
0
0
0
0
0
0
0
0
0
0
0
0
0
0
0
0
0
0
0
0
0
0
0
0
0
0
0
0
0
0
0
0
0
0
0
0
0
0
0
0
0
0
0
0
0
0
0
0
0
0
0
0
0
0
0
0
0
0
0
0
0
0
0
0
0
0
0
0
0
0
0
0
0
0
0
0
0
0
0
0
0
0
0
0
0
0
0
0
0
0
0
0
0
0
0
0
0
0
0
0
0
0
0
0
0
0
0
0
0
0
0
0
0
0
0
0
0
0
0
0
0
0
0
0
0
0
0
0
0
0
0
0
0
0
0
0
0
0
0
0
0
0
0
0
0
0
0
0
0
0
0
0
0
0
0
0
0
0
0
0
0
0
0
0
0
0
0
0
0
0
0
0
0
0
0
0
0
0
0
0
0
0
0
0
0
0
0
0
0
0
0
0
0
0
0
0
0
0
0
0
0
0
0
0
0
0
0
0
0
0
0
0
0
0
0
0
0
0
0
0
0
0
0
0
0
0
0
0
0
0
0
0
0
0
0
0
0
0
0
0
0
0
0
0
0
0
0
0
0
0
0
0
0
0
0
0
0
0
0
0
0
0
0
0
0
0
0
0
0
0
0
0
0
0
0
0
0
0
0
0
0
0
0
0
0
0
0
0
0
0
0
0
0
0
0
0
0
0
0
0
0
0
0
0
0
0
0
0
0
0
0
0
0
0
0
0
0
0
0
0
0
0
0
0
0
0
0
0
0
0
0
0
0
0
0
0
0
0
0
0
0
0
0
0
0
0
0
0
0
0
0
0
0
0
0
0
0
0
0
0
0
0
0
0
0
0
0
0
0
0
0
0
0
0
0
0
0
0
0
0
0
0
0
0
0
0
0
0
0
0
0
0
0
0
0
0
0
0
0
0
0
0
0
0
0
0
0
0
0
0
0
0
0
0
0
0
0
0
0
0
0
0
0
0
0
0
0
0
0
0
0
0
0
0
0
0
0
0
0
0
0
0
0
0
0
0
0
0
0
0
0
0
0
0
0
0
0
0
0
0
0
0
0
0
0
0
0
0
0
0
0
0
0
0
0
0
0
0
0
0
0
0
0
0
0
0
0
0
0
0
0
0
0
0
0
0
0
0
0
0
0
0
0
0
0
0
0
0
0
0
0
0
0
0
0
0
0
0
0
0
0
0
0
0
0
0
0
0
0
0
0
0
0
0
0
0
0
0
0
0
0
0
0
0
0
0
0
0
0
0
0
0
0
0
0
0
0
0
0
0
0
0
0
0
0
0
0
0
0
0
0
0
0
0
0
0
0
0
0
0
0
0
0
0
0
0
0
0
0
0
0
0
0
0
0
0
0
0
0
0
0
0
0
0
0
0
0
0
0
0
0
0
0
0
0
0
0
0
0
0
0
0
0
0
0
0
0
0
0
0
0
0
0
0
0
0
0
0
0
0
0
0
0
0
0
0
0
0
0
0
0
0
0
0
0
0
0
0
0
0
0
0
0
0
0
0
0
0
0
0
0
0
0
0
0
0
0
0
0
0
0
0
0
0
0
0
0
0
0
0
0
0
0
0
0
0
0
0
0
0
0
0
0
0
0
0
0
0
0
0
0
0
0
0
0
0
0
0
0
0
0
0
0
0
0
0
0
0
0
0
0
0
0
0
0
0
0
0
0
0
0
0
0
0
0
0
0
0
0
0
0
0
0
0
0
0
0
0
0
0
0
0
0
0
0
0
0
0
0
0
0
0
0
0
0
0
0
0
0
0
0
0
0
0
0
0
0
0
0
0
0
0
0
0
0
0
0
0
0
0
0
0
0
0
0
0
0
0
0
0
0
0
0
0
0
0
0
0
0
0
0
0
0
0
0
0
0
0
0
0
0
0
0
0
0
0
0
0
0
0
0
0
0
0
0
0
0
0
0
0
0
0
0
0
0
0
0
0
0
0
0
0
0
0
0
0
0
0
0
0
0
0
0
0
0
0
0
0
0
0
0
0
0
0
0
0
0
0
0
0
0
0
0
0
0
0
0
0
0
0
0
0
0
0
0
0
0
0
0
0
0
0
0
0
0
0
0
0
0
0
0
0
0
0
0
0
0
0
0
0
0
0
0
0
0
0
0
0
0
0
0
0
0
0
0
0
0
0
0
0
0
0
0
0
0
0
0
0
0
0
0
0
0
0
0
0
0
0
0
0
0
0
0
0
0
0
0
0
0
0
0
0
0
0
0
0
0
0
0
0
0
0
0
0
0
0
0
0
0
0
0
0
0
0
0
0
0
0
0
0
0
0
0
0
0
0
0
0
0
0
0
0
0
0
0
0
0
0
0
0
0
0
0
0
0
0
0
0
0
0
0
0
0
0
0
0
0
0
0
0
0
0
0
0
0
0
0
0
0
0
0
0
0
0
0
0
0
0
0
0
0
0
0
0
0
0
0
0
0
0
0
0
0
0
0
0
0
0
0
0
0
0
0
0
0
0
0
0
0
0
0
0
0
0
0
0
0
0
0
0
0
0
0
0
0
0
0
0
0
0
0
0
0
0
0
0
0
0
0
0
0
0
0
0
0
0
0
0
0
0
0
0
0
0
0
0
0
0
0
0
0
0
0
0
0
0
0
0
0
0
0
0
0
0
0
0
0
0
0
0
0
0
0
0
0
0
0
0
0
0
0
0
0
0
0
0
0
0
0
0
0
0
0
0
0
0
0
0
0
0
0
0
0
0
0
0
0
0
0
0
0
0
0
0
0
0
0
0
0
0
0
0
0
0
0
0
0
0
0
0
0
0
0
0
0
0
0
0
0
0
0
0
0
0
0
0
0
0
0
0
0
0
0
0
0
0
0
0
0
0
0
0
0
0
0
0
0
0
0
0
0
0
0
0
0
0
0
0
0
0
0
0
0
0
0
0
0
0
0
0
0
0
0
0
0
0
0
0
0
0
0
0
0
0
0
0
0
0
0
0
0
0
0
0
0
0
0
0
0
0
0
0
0
0
0
0
0
0
0
0
0
0
0
0
0
0
0
0
0
0
0
0
0
0
0
0
0
0
0
0
0
0
0
0
0
0
0
0
0
0
0
0
0
0
0
0
0
0
0
0
0
0
0
0
0
0
0
0
0
0
0
0
0
0
0
0
0
0
0
0
0
0
0
0
0
0
0
0
0
0
0
0
0
0
0
0
0
0
0
0
0
0
0
0
0
0
0
0
0
0
0
0
0
0
0
0
0
0
0
0
0
0
0
0
0
0
0
0
0
0
0
0
0
0
0
0
0
0
0
0
0
0
0
0
0
0
0
0
0
0
0
0
0
0
0
0
0
0
0
0
0
0
0
0
0
0
0
0
0
0
0
0
0
0
0
0
0
0
0
0
0
0
0
0
0
0
0
0
0
0
0
0
0
0
0
0
0
0
0
0
0
0
0
0
0
0
0
0
0
0
0
0
0
0
0
0
0
0
0
0
0
0
0
0
0
0
0
0
0
0
0
0
0
0
0
0
0
0
0
0
0
0
0
0
0
0
0
0
0
0
0
0
0
0
0
0
0
0
0
0
0
0
0
0
0
0
0
0
0
0
0
0
0
0
0
0
0
0
0
0
0
0
0
0
0
0
0
0
0
0
0
0
0
0
0
0
0
0
0
0
0
0
0
0
0
0
0
0
0
0
0
0
0
0
0
0
0
0
0
0
0
0
0
0
0
0
0
0
0
0
0
0
0
0
0
0
0
0
0
0
0
0
0
0
0
0
0
0
0
0
0
0
0
0
0
0
0
0
0
0
0
0
0
0
0
0
0
0
0
0
0
0
0
0
0
0
0
0
0
0
0
0
0
0
0
0
0
0
0
0
0
0
0
0
0
0
0
0
0
0
0
0
0
0
0
0
0
0
0
0
0
0
0
0
0
0
0
0
0
0
0
0
0
0
0
0
0
0
0
0
0
0
0
0
0
0
0
0
0
0
0
0
0
0
0
0
0
0
0
0
0
0
0
0
0
0
0
0
0
0
0
0
0
0
0
0
0
0
0
0
0
0
0
0
0
0
0
0
0
0
0
0
0
0
0
0
0
0
0
0
0
0
0
0
0
0
0
0
0
0
0
0
0
0
0
0
0
0
0
0
0
0
0
0
0
0
0
0
0
0
0
0
0
0
0
0
0
0
0
0
0
0
0
0
0
0
0
0
0
0
0
0
0
0
0
0
0
0
0
0
0
0
0
0
0
0
0
0
0
0
0
0
0
0
0
0
0
0
0
0
0
0
0
0
0
0
0
0
0
0
0
0
0
0
0
0
0
0
0
0
0
0
0
0
0
0
0
0
0
0
0
0
0
0
0
0
0
0
0
0
0
0
0
0
0
0
0
0
0
0
0
0
0
0
0
0
0
0
0
0
0
0
0
0
0
0
0
0
0
0
0
0
0
0
0
0
0
0
0
0
0
0
0
0
0
0
0
0
0
0
0
0
0
0
0
0
0
0
0
0
0
0
0
0
0
0
0
0
0
0
0
0
0
0
0
0
0
0
0
0
0
0
0
0
0
0
0
0
0
0
0
0
0
0
0
0
0
0
0
0
0
0
0
0
0
0
0
0
0
0
0
0
0
0
0
0
0
0
0
0
0
0
0
0
0
0
0
0
0
0
0
0
0
0
0
0
0
0
0
0
0
0
0
0
0
0
0
0
0
0
0
0
0
0
0
0
0
0
0
0
0
0
0
0
0
0
0
0
0
0
0
0
0
0
0
0
0
0
0
0
0
0
0
0
0
0
0
0
0
0
0
0
0
0
0
0
0
0
0
0
0
0
0
0
0
0
0
0
0
0
0
0
0
0
0
0
0
0
0
0
0
0
0
0
0
0
0
0
0
0
0
0
0
0
0
0
0
0
0
0
0
0
0
0
0
0
0
0
0
0
0
0
0
0
0
0
0
0
0
0
0
0
0
0
0
0
0
0
0
0
0
0
0
0
0
0
0
0
0
0
0
0
0
0
0
0
0
0
0
0
0
0
0
0
0
0
0
0
0
0
0
0
0
0
0
0
0
0
0
0
0
0
0
0
0
0
0
0
0
0
0
0
0
0
0
0
0
0
0
0
0
0
0
0
0
0
0
0
0
0
0
0
0
0
0
0
0
0
0
0
0
0
0
0
0
0
0
0
0
0
0
0
0
0
0
0
0
0
0
0
0
0
0
0
0
0
0
0
0
0
0
0
0
0
0
0
0
0
0
0
0
0
0
0
0
0
0
0
0
0
0
0
0
0
0
0
0
0
0
0
0
0
0
0
0
0
0
0
0
0
0
0
0
0
0
0
0
0
0
0
0
0
0
0
0
0
0
0
0
0
0
0
0
0
0
0
0
0
0
0
0
0
0
0
0
0
0
0
0
0
0
0
0
0
0
0
0
0
0
0
0
0
0
0
0
0
0
0
0
0
0
0
0
0
0
0
0
0
0
0
0
0
0
0
0
0
0
0
0
0
0
0
0
0
0
0
0
0
0
0
0
0
0
0
0
0
0
0
0
0
0
0
0
0
0
0
0
0
0
0
0
0
0
0
0
0
0
0
0
0
0
0
0
0
0
0
0
0
0
0
0
0
0
0
0
0
0
0
0
0
0
0
0
0
0
0
0
0
0
0
0
0
0
0
0
0
0
0
0
0
0
0
0
0
0
0
0
0
0
0
0
0
0
0
0
0
0
0
0
0
0
0
0
0
0
0
0
0
0
0
0
0
0
0
0
0
0
0
0
0
0
0
0
0
0
0
0
0
0
0
0
0
0
0
0
0
0
0
0
0
0
0
0
0
0
0
0
0
0
0
0
0
0
0
0
0
0
0
0
0
0
0
0
0
0
0
0
0
0
0
0
0
0
0
0
0
0
0
0
0
0
0
0
0
0
0
0
0
0
0
0
0
0
0
0
0
0
0
0
0
0
0
0
0
0
0
0
0
0
0
0
0
0
0
0
0
0
0
0
0
0
0
0
SCALARS free_surface_score float 1
LOOKUP_TABLE default
0.58346125275848404
0.34852153607018271
0.22619962785245559
0.12529835155164012
0.35144182007455699
0
0
0
0.29494461337216332
0
0.29151288722034879
0
0
0
0
0
0.22533196234503711
0
0
0
0
0
0
0.144767475262571
0.27808310072241094
0.26038351472898752
0.38730548968339096
0.0035832541961819211
0
0
0
0
0
0
0
0
0
0
0
0
0
0
0
0
0
0
0
0
0
0
0
0.16641775373175885
0.13606482307280746
0
0
0
0
0
0
0
0
0
0
0
0
0
0
0
0.054642716032316734
0
0.17982628773597817
0.021376600829008541
0
0
0
0
0
0
0
0
0
0
0
0
0
0
0
0
0
0
0.049660818618948624
0
0.092970096367020263
0
0
0
0
0.051220024404725187
0
0
0
0
0
0
0
0.0027787203514907963
0
0.060606060606060608
0.30655722065068503
0
0
0
0
0
0
0
0.017980169078895061
0
0
0
0
0
0
0
0
0
0
0
0
0
0
0
0
0
0
0
0
0
0
0
0
0
0
0
0
0
0
0
0
0
0
0
0
0
0.048262459700479467
0
0
0
0
0
0
0
0.22670728899849968
0.0023291751179032065
0.23857071472268748
0
0
0
0
0
0
0
0
0
0
0
0
0
0
0
0
0
0
0
0
0
0
0
0
0
0
0
0
0
0
0
0
0
0
0
0
0
0
0
0
0
0
0
0
0
0
0
0
0
0
0
0
0
0
0
0
0
0
0
0
0
0
0
0
0
0
0
0
0
0
0
0
0
0
0
0
0
0
0
0
0
0
0
0
0
0
0
0
0
0
0
0
0
0
0
0
0
0
0
0
0
0
0
0
0
0
0
0
0
0
0
0
0
0
0
0
0
0
0
0
0
0
0
0
0
0
0
0
0
0
0
0
0
0
0
0
0
0
0
0
0
0
0
0
0
0
0
0
0
0
0
0
0
0
0
0
0
0
0
0
0
0
0
0
0
0
0
0
0
0
0
0
0
0
0
0
0
0
0
0
0
0
0
0
0
0
0
0
0
0
0
0
0
0
0
0
0
0
0
0
0
0
0
0
0
0
0
0
0
0
0
0
0
0
0
0
0
0
0
0
0
0
0
0
0
0
0
0
0
0
0
0
0
0
0
0
0
0
0
0
0
0
0
0
0
0
0
0
0
0
0
0
0
0
0
0
0
0
0
0
0
0
0
0
0
0
0
0
0
0
0
0
0
0
0
0
0
0
0
0
0
0
0
0
0
0
0
0
0
0
0
0
0
0
0
0
0
0
0
0
0
0
0
0
0
0
0
0
0
0
0
0
0
0
0
0
0
0
0
0
0
0
0
0
0
0
0
0
0
0
0
0
0
0
0
0
0
0.13507883251106415
0
0
0
0
0
0
0
0.16177671276953623
0
0.17369391559865965
0
0
0
0
0.14337117454959628
0.59999999999999998
0
0
0
0
0
0
0
0
0.59999999999999998
0
0
0
0
0.16831698079457511
0
0
0
0
0
0
0
0.1625500304814457
0
0.18592746072885272
0
0
0
0
0
0
0
0.59999999999999998
0
0.59999999999999998
0
0
0
0
0.59999999999999998
0
0
0
0
0
0
0
0.13900063543268376
0
0.59999999999999998
0
0
0
0
0.59999999999999998
0
0
0
0
0
0
0
0
0
0
0
0
0
0.14221895364428683
0
0.59999999999999998
0
0.13215527093635551
0
0.59999999999999998
0
0
0
0
0
0
0
0.59999999999999998
0
0.59999999999999998
0
0
0
0
0
0
0
0.59999999999999998
0
0.59999999999999998
0
0
0
0
0.59999999999999998
0
0
0
0
0
0
0
0
0
0
0
0
0
0.59999999999999998
0
0.59999999999999998
0
0.59999999999999998
0
0.59999999999999998
0
0
0
0
0
0
0
0.59999999999999998
0
0.59999999999999998
0.35895667504005463
0.20163793658827064
0.043388583196872332
0.085754575516992365
0.095937923782714984
0.051592111211123462
0.04625880309108437
0.33333333333333331
0.12121212121212122
0.16119158736654993
0.090909090909090912
0.15257557154716841
0.16467079384146158
0.15199293195460137
0.035920580837916737
0.59999999999999998
0.59999999999999998
0.15542639900386196
0.046680017220051266
0.59999999999999998
0.59999999999999998
0.15648885777660604
0.062674221675854375
0.060873662106350569
0.15594922607462774
0.59999999999999998
0.59999999999999998
0.59999999999999998
0.59999999999999998
0.16830036952840122
0.1629624093643588
0.16261870373258994
0.19039765390326277
0.38720002473287779
0.59999999999999998
0.59999999999999998
0.59999999999999998
0.59999999999999998
0.59999999999999998
0.59999999999999998
0.59999999999999998
0.59999999999999998
0.59999999999999998
0.59999999999999998
0.59999999999999998
0.59999999999999998
0.59999999999999998
0.59999999999999998
0.59999999999999998
0.59999999999999998
0.59999999999999998
0.59999999999999998
0.59999999999999998
0.59999999999999998
0.10528790262082212
0
0
0
0
0
0
0
0
0
0
0
0
0
0
0
0
0
0
0
0
0
0
0
0
0
0
0
0
0
0
0
0
0
0
0
0
0
0
0
0
0
0
0
0
0
0
0
0
0
0
0
0
0
0
0.090909090909090912
0
0
0
0
0
0
0
0
0
0
0
0
0
0
0
0
0
0
0
0
0
0
0
0
0
0
0
0
0
0
0
0
0
0.050158916406025655
0
0
0
0
0
0
0
0
0
0
0
0
0
0
0
0
0
0
0
0
0
0
0
0
0
0
0
0
0
0
0
0
0
0
0
0
0
0
0
0
0
0
0
0
0
0
0
0
0
0
0
0
0
0
0
0
0
0
0
0
0
0
0
0
0
0
0
0
0
0
0
0
0
0
0
0.069383873680429434
0
0
0
0
0
0
0.030303030303030304
0
0
0
0
0
0
0
0
0
0
0
0
0
0
0
0
0
0
0
0
0
0
0
0
0
0
0
0
0
0
0
0
0
0
0
0
0
0
0
0
0
0.075299658749260687
0
0
0
0
0
0
0
0
0
0
0
0
0
0
0
0
0
0
0
0
0
0
0
0
0
0
0
0
0
0
0
0
0
0
0
0
0
0
0
0
0
0
0
0
0
0
0
0
0
0
0
0
0
0
0
0
0
0
0
0
0
0.14570079945682587
0.23112457396284311
0.12293309716284739
0.12110587217038528
0.14723687141333913
0.14116165435283026
0.17262644615363015
0
0.14373357265948394
0.1510427431614908
0.15450211209565332
0.15318175596778955
0
0
0
0
0
0
0
0
0
0
0
0
0.12171346868715975
0
0.1380691806844114
0.15541731973323231
0.13572568194028589
0.150599564701448
0.033045104576621166
0.13364360799808084
0.060606060606060608
0.15468176657432448
0.16746634637432548
0.16225208259265766
0
0
0
0
0
0
0
0.1261547695350248
0
0.59999999999999998
0
0
0
0
0.59999999999999998
0
0
0
0
0
0
0
0.13449154449565967
0
0.59999999999999998
0
0
0
0
0.59999999999999998
0
0
0
0
0
0
0
0.59999999999999998
0
0.59999999999999998
0
0
0
0
0.59999999999999998
0
0
0
0
0
0
0
0.59999999999999998
0
0.59999999999999998
0
0
0
0
0.59999999999999998
0
0
0
0
0
0
0
0.16287593781309598
0
0.59999999999999998
0
0
0
0
0.59999999999999998
0.13111395423451427
0.11749911786236718
0.094735069751030271
0.16361318277071746
0.15004299697330162
0.13333250402318994
0.12704584701653124
0.34598318388178451
0.16407565478631239
0.36095186990724931
0.1628799300115597
0.15452842803467484
0.14419735799089431
0.16335419266589876
0.35463893029302423
0
0
0
0
0
0
0
0.59999999999999998
0
0.59999999999999998
0
0
0
0
0.59999999999999998
0.16841719973361099
0.16226050745910911
0.15437678993709028
0.16527967078846587
0.17072564154295417
0.17284282827609926
0.16692536490104545
0.3638134559941486
0.18021164360394235
0.37908680998444311
0.16815922950166079
0.18195909678646294
0.18295502738096414
0.20054804278776739
0.40562679749596897
0.016207707372158844
0.15223842332133763
0.59999999999999998
0.59999999999999998
0.15946452903617431
0.050764146635861054
0.59999999999999998
0.59999999999999998
0.1881719873506231
0.14543516243228219
0.59999999999999998
0.59999999999999998
0.36532589116693986
0.33333333333333331
0.38407622547239623
0.37379065174672405
0.59999999999999998
0.59999999999999998
0.59999999999999998
0.59999999999999998
0.59999999999999998
0.59999999999999998
0.59999999999999998
0.59999999999999998
0.59999999999999998
0.59999999999999998
0.59999999999999998
0.59999999999999998
0.59999999999999998
0.59999999999999998
0.59999999999999998
0.36347669398450205
0.37189488139630777
0.37076488741734187
0.39044957777250094
0.55677052515268532
0
0
0
0
0
0
0
0
0
0
0
0
0
0
0
0
0
0
0
0
0
0
0
0
0
0
0
0
0
0
0
0
0
0
0
0
0
0
0
0
0
0
0
0
0
0
0
0
0
0
0
0
0
0
0
0
0
0
0
0
0
0
0
0
0
0
0
0
0
0
0
0
0
0
0
0
0
0
0
0
0
0
0
0
0
0
0
0
0
0
0
0
0
0
0
0
0
0
0
0
0
0
0
0
0
0
0
0
0
0
0
0
0
0
0
0
0
0
0
0
0
0
0
0
0
0
0
0
0
0
0
0
0
0
0
0
0
0
0
0
0
0
0
0
0
0
0
0
0
0
0
0
0
0
0
0
0
0
0
0
0
0
0
0
0
0
0
0
0
0
0
0
0
0
0
0
0
0
0
0
0
0
0
0
0
0
0
0
0
0
0
0
0
0
0
0
0
0
0
0
0
0
0
0
0
0
0
0
0
0
0
0
0
0
0
0
0
0
0
0
0
0
0
0
0
0
0
0
0
0
0
0
0
0
0
0
0
0
0
0
0
0
0
0
0
0
0
0
0
0
0
0
0
0
0
0
0
0
0
0
0
0
0
0
0
0
0
0
0
0
0
0
0
0
0
0
0
0
0
0
0
0
0
0
0
0
0
0
0
0
0
0
0
0
0
0
0
0
0
0
0
0
0
0
0
0
0
0
0
0
0
0
0
0
0
0
0
0
0
0
0
0
0
0
0
0
0
0
0
0
0
0
0
0
0
0
0
0
0
0
0
0
0
0
0
0
0
0
0
0
0
0
0
0
0
0
0
0
0
0
0
0
0
0
0
0
0
0
0
0
0
0
0
0
0
0
0
0
0
0
0
0
0
0
0
0
0
0
0
0
0
0
0
0
0
0
0
0
0
0
0
0
0
0
0
0
0
0
0
0
0
0
0
0
0
0
0
0
0
0
0
0
0
0
0
0
0
0
0
0
0
0
0
0
0
0
0
0
0
0
0
0
0
0
0
0
0
0
0
0
0
0
0
0
0
0
0
0
0
0
0
0
0
0
0
0
0
0
0
0
0
0
0
0
0
0
0
0
0
0
0
0
0
0
0
0
0
0
0
0
0
0
0
0
0
0
0
0
0
0
0
0
0
0
0
0
0
0
0
0
0
0
0
0
0
0
0
0
0
0
0
0
0
0
0
0
0
0
0
0
0
0
0
0
0
0
0
0
0
0
0
0
0
0
0
0
0
0
0
0
0
0
0
0
0
0
0
0
0
0
0
0
0
0
0
0
0
0
0
0
0
0
0
0
0
0
0
0
0
0
0
0
0
0
0
0
0
0
0
0
0
0
0
0
0
0
0
0
0
0
0
0
0
0
0
0
0
0
0
0
0
0
0
0
0
0
0
0
0
0
0
0
0
0
0
0
0
0
0
0
0
0
0
0
0
0
0
0
0
0
0
0
0
0
0
0
0
0
0
0
0
0
0
0
0
0
0
0
0
0
0
0
0
0
0
0
0
0
0
0
0
0
0
0
0
0
0
0
0
0
0
0
0
0
0
0
0
0
0
0
0
0
0
0
0
0
0
0
0
0
0
0
0
0
0
0
0
0
0
0
0
0
0
0
0
0
0
0
0
0
0
0
0
0
0
0
0
0
0
0
0
0
0
0
0
0
0
0
0
0
0
0
0
0
0
0
0
0
0
0
0
0
0
0
0
0
0
0
0
0
0
0
0
0
0
0
0
0
0
0
0
0
0
0
0
0
0
0
0
0
0
0
0
0
0
0
0
0
0
0
0
0
0
0
0
0
0
0
0
0
0
0
0
0
0
0
0
0
0
0
0
0
0
0
0
0
0
0
0
0
0
0
0
0
0
0
0
0
0
0
0
0
0
0
0
0
0
0
0
0
0
0
0
0
0
0
0
0
0
0
0
0
0
0
0
0
0
0
0
0
0
0
0
0
0
0
0
0
0
0
0
0
0
0
0
0
0
0
0
0
0
0
0
0
0
0
0
0
0
0
0
0
0
0
0
0
0
0
0
0
0
0
0
0
0
0
0
0
0
0
0
0
0
0
0
0
0
0
0
0
0
0
0
0
0
0
0
0
0
0
0
0
0
0
0
0
0
0
0
0
0
0
0
0
0
0
0
0
0
0
0
0
0
0
0
0
0
0
0
0
0
0
0
0
0
0
0
0
0
0
0
0
0
0
0
0
0
0
0
0
0
0
0
0
0
0
0
0
0
0
0
0
0
0
0
0
0
0
0
0
0
0
0
0
0
0
0
0
0
0
0
0
0
0
0
0
0
0
0
0
0
0
0
0
0
0
0
0
0
0
0
0
0
0
0
0
0
0
0
0
0
0
0
0
0
0
0
0
0
0
0
0
0
0
0
0
0
0
0
0
0
0
0
0
0
0
0
0
0
0
0
0
0
0
0
0
0
0
0
0
0
0
0
0
0
0
0
0
0
0
0
0
0
0
0
0
0
0
0
0
0
0
0
0
0
0
0
0
0
0
0
0
0
0
0
0
0
0
0
0
0
0
0
0
0
0
0
0
0
0
0
0
0
0
0
0
0
0
0
0
0
0
0
0
0
0
0
0
0
0
0
0
0
0
0
0
0
0
0
0
0
0
0
0
0
0
0
0
0
0
0
0
0
0
0
0
0
0
0
0
0
0
0
0
0
0
0
0
0
0
0
0
0
0
0
0
0
0
0
0
0
0
0
0
0
0
0
0
0
0
0
0
0
0
0
0
0
0
0
0
0
0
0
0
0
0
0
0
0
0
0
0
0
0
0
0
0
0
0
0
0
0
0
0
0
0
0
0
0
0
0
0
0
0
0
0
0
0
0
0
0
0
0
0
0
0
0
0
0
0
0
0
0
0
0
0
0
0
0
0
0
0
0
0
0
0
0
0
0
0
0
0
0
0
0
0
0
0
0
0
0
0
0
0
0
0
0
0
0
0
0
0
0
0
0
0
0
0
0
0
0
0
0
0
0
0
0
0
0
0
0
0
0
0
0
0
0
0
0
0
0
0
0
0
0
0
0
0
0
0
0
0
0
0
0
0
0
0
0
0
0
0
0
0
0
0
0
0
0
0
0
0
0
0
0
0
0
0
0
0
0
0
0
0
0
0
0
0
0
0
0
0
0
0
0
0
0
0
0
0
0
0
0
0
0
0
0
0
0
0
0
0
0
0
0
0
0
0
0
0
0
0
0
0
0
0
0
0
0
0
0
0
0
0
0
0
0
0
0
0
0
0
0
0
0
0
0
0
0
0
0
0
0
0
0
0
0
0
0
0
0
0
0
0
0
0
0
0
0
0
0
0
0
0
0
0
0
0
0
0
0
0
0
0
0
0
0
0
0
0
0
0
0
0
0
0
0
0
0
0
0
0
0
0
0
0
0
0
0
0
0
0
0
0
0
0
0
0
0
0
0
0
0
0
0
0
0
0
0
0
0
0
0
0
0
0
0
0
0
0
0
0
0
0
0
0
0
0
0
0
0
0
0
0
0
0
0
0
0
0
0
0
0
0
0
0
0
0
0
0
0
0
0
0
0
0
0
0
0
0
0
0
0
0
0
0
0
0
0
0
0
0
0
0
0
0
0
0
0
0
0
0
0
0
0
0
0
0
0
0
0
0
0
0
0
0
0
0
0
0
0
0
0
0
0
0
0
0
0
0
0
0
0
0
0
0
0
0
0
0
0
0
0
0
0
0
0
0
0
0
0
0
0
0
0
0
0
0
0
0
0
0
0
0
0
0
0
0
0
0
0
0
0
0
0
0
0
0
0
0
0
0
0
0
0
0
0
0
0
0
0
0
0
0
0
0
0
0
0
0
0
0
0
0
0
0
0
0
0
0
0
0
0
0
0
0
0
0
0
0
0
0
0
0
0
0
0
0
0
0
0
0
0
0
0
0
0
0
0
0
0
0
0
0
0
0
0
0
0
0
0
0
0
0
0
0
0
0
0
0
0
0
0
0
0
0
0
0
0
0
0
0
0
0
0
0
0
0
0
0
0
0
0
0
0
0
0
0
0
0
0
0
0
0
0
0
0
0
0
0
0
0
0
0
0
0
0
0
0
0
0
0
0
0
0
0
0
0
0
0
0
0
0
0
0
0
0
0
0
0
0
0
0
0
0
0
0
0
0
0
0
0
0
0
0
0
0
0
0
0
0
0
0
0
0
0
0
0
0
0
0
0
0
0
0
0
0
0
0
0
0
0
0
0
0
0
0
0
0
0
0
0
0
0
0
0
0
0
0
0
0
0
0
0
0
0
0
0
0
0
0
0
0
0
0
0
0
0
0
0
0
0
0
0
0
0
0
0
0
0
0
0
0
0
0
0
0
0
0
0
0
0
0
0
0
0
0
0
0
0
0
0
0
0
0
0
0
0
0
0
0
0
0
0
0
0
0
0
0
0
0
0
0
0
0
0
0
0
0
0
0
0
0
0
0
0
0
0
0
0
0
0
0
0
0
0
0
0
0
0
0
0
0
0
0
0
0
0
0
0
0
0
0
0
0
0
0
0
0
0
0
0
0
0
0
0
0
0
0
0
0
0
0
0
0
0
0
0
0
0
0
0
0
0
0
0
0
0
0
0
0
0
0
0
0
0
0
0
0
0
0
0
0
0
0
0
0
0
0
0
0
0
0
0
0
0
0
0
0
0
0
0
0
0
0
0
0
0
0
0
0
0
0
0
0
0
0
0
0
0
0
0
0
0
0
0
0
0
0
0
0
0
0
0
0
0
0
0
0
0
0
0
0
0
0
0
0
0
0
0
0
0
0
0
0
0
0
0
0
0
0
0
0
0
0
0
0
0
0
0
0
0
0
0
0
0
0
0
0
0
0
0
0
0
0
0
0
0
0
0
0
0
0
0
0
0
0
0
0
0
0
0
0
0
0
0
0
0
0
0
0
0
0
0
0
0
0
0
0
0
0
0
0
0
0
0
0
0
0
0
0
0
0
0
0
0
0
0
0
0
0
0
0
0
0
0
0
0
0
0
0
0
0
0
0
0
0
0
0
0
0
0
0
0
0
0
0
0
0
0
0
0
0
0
0
0
0
0
0
0
0
0
0
0
0
0
0
0
0
0
0
0
0
0
0
0
0
0
0
0
0
0
0
0
0
0
0
0
0
0
0
0
0
0
0
0
0
0
0
0
0
0
0
0
0
0
0
0
0
0
0
0
0
0
0
0
0
0
0
0
0
0
0
0
0
0
0
0
0
0
0
0
0
0
0
0
0
0
0
0
0
0
0
0
0
0
0
0
0
0
0
0
0
0
0
0
0
0
0
0
0
0
0
0
0
0
0
0
0
0
0
0
0
0
0
0
0
0
0
0
0
0
0
0
0
0
0
0
0
0
0
0
0
0
0
0
0
0
0
0
0
0
0
0
0
0
0
0
0
0
0
0
0
0
0
0
0
0
0
0
0
0
0
0
0
0
0
0
0
0
0
0
0
0
0
0
0
0
0
0
0
0
0
0
0
0
0
0
0
0
0
0
0
0
0
0
0
0
0
0
0
0
0
0
0
0
0
0
0
0
0
0
0
0
0
0
0
0
0
0
0
0
0
0
0
0
0
0
0
0
0
0
0
0
0
0
0
0
0
0
0
0
0
0
0
0
0
0
0
0
0
0
0
0
0
0
0
0
0
0
0
0
0
0
0
0
0
0
0
0
0
0
0
0
0
0
0
0
0
0
0
0
0
0
0
0
0
0
0
0
0
0
0
0
0
0
0
0
0
0
0
0
0
0
0
0
0
0
0
0
0
0
0
0
0
0
0
0
0
0
0
0
0
0
0
0
0
0
0
0
0
0
0
0
0
0
0
0
0
0
0
0
0
0
0
0
0
0
0
0
0
0
0
0
0
0
0
0
0
0
0
0
0
0
0
0
0
0
0
0
0
0
0
0
0
0
0
0
0
0
0
0
0
0
0
0
0
0
0
0
0
0
0
0
0
0
0
0
0
0
0
0
0
0
0
0
0
0
0
0
0
0
0
0
0
0
0
0
0
0
0
0
0
0
0
0
0
0
0
0
0
0
0
0
0
0
0
0
0
0
0
0
0
0
0
0
0
0
0
0
0
0
0
0
0
0
0
0
0
0
0
0
0
0
0
0
0
0
0
0
0
0
0
0
0
0
0
0
0
0
0
0
0
0
0
0
0
0
0
0
0
0
0
0
0
0
0
0
0
0
0
0
0
0
0
0
0
0
0
0
0
0
0
0
0
0
0
0
0
0
0
0
0
0
0
0
0
0
0
0
0
0
0
0
0
0
0
0
0
0
0
0
0
0
0
0
0
0
0
0
0
0
0
0
0
0
0
0
0
0
0
0
0
0
0
0
0
0
0
0
0
0
0
0
0
0
0
0
0
0
0
0
0
0
0
0
0
0
0
0
0
0
0
0
0
0
0
0
0
0
0
0
0
0
0
0
0
0
0
0
0
0
0
0
0
0
0
0
0
0
0
0
0
0
0
0
0
0
0
0
0
0
0
0
0
0
0
0
0
0
0
0
0
0
0
0
0
0
0
0
0
0
0
0
0
0
0
0
0
0
0
0
0
0
0
0
0
0
0
0
0
0
0
0
0
0
0
0
0
0
0
0
0
0
0
0
0
0
0
0
0
0
0
0
0
0
0
0
0
0
0
0
0
0
0
0
0
0
0
0
0
0
0
0
0
0
0
0
0
0
0
0
0
0
0
0
0
0
0
0
0
0
0
0
0
0
0
0
0
0
0
0
0
0
0
0
0
0
0
0
0
0
0
0
0
0
0
0
0
0
0
0
0
0
0
0
0
0
0
0
0
0
0
0
0
0
0
0
0
0
0
0
0
0
0
0
0
0
0
0
0
0
0
0
0
0
0
0
0
0
0
0
0
0
0
0
0
0
0
0
0
0
0
0
0
0
0
0
0
0
0
0
0
0
0
0
0
0
0
0
0
0
0
0
0
0
0
0
0
0
0
0
0
0
0
0
0
0
0
0
0
0
0
0
0
0
0
0
0
0
0
0
0
0
0
0
0
0
0
0
0
0
0
0
0
0
0
0
0
0
0
0
0
0
0
0
0
0
0
0
0
0
0
0
0
0
0
0
0
0
0
0
0
0
0
0
0
0
0
0
0
0
0
0
0
0
0
0
0
0
0
0
0
0
0
0
0
0
0
0
0
0
0
0
0
0
0
0
0
0
0
0
0
0
0
0
0
0
0
0
0
0
0
0
0
0
0
0
0
0
0
0
0
0
0
0
0
0
0
0
0
0
0
0
0
0
0
0
0
0
0
0
0
0
0
0
0
0
0
0
0
0
0
0
0
0
0
0
0
0
0
0
0
0
0
0
0
0
0
0
0
0
0
0
0
0
0
0
0
0
0
0
0
0
0
0
0
0
0
0
0
0
0
0
0
0
0
0
0
0
0
0
0
0
0
0
0
0
0
0
0
0
0
0
0
0
SCALARS fluid_mask float 1
LOOKUP_TABLE default
1
1
1
1
1
1
1
1
1
1
1
1
1
1
1
1
1
1
1
1
1
1
1
1
1
1
1
1
1
1
1
1
1
1
1
1
1
1
1
1
1
1
1
1
1
1
1
1
1
1
1
1
1
1
1
1
1
1
1
1
1
1
1
1
1
1
1
1
1
1
1
1
1
1
1
1
1
1
1
1
1
1
1
1
1
1
1
1
1
1
1
1
1
1
1
1
1
1
1
1
1
1
1
1
1
1
1
1
1
1
1
1
1
1
1
1
1
1
1
1
1
1
1
1
1
1
1
1
1
1
1
1
1
1
1
1
1
1
1
1
1
1
1
1
1
1
1
1
1
1
1
1
1
1
1
1
1
1
1
1
1
1
1
1
1
1
1
1
1
1
1
1
1
1
1
1
1
1
1
1
1
1
1
1
1
1
1
1
1
1
1
1
1
1
1
1
1
1
1
1
1
1
1
1
1
1
1
1
1
1
1
1
1
1
1
1
1
1
1
1
1
1
1
1
1
1
1
1
1
1
1
1
1
1
1
1
1
1
1
1
1
1
1
1
1
1
1
1
1
1
1
1
1
1
1
1
1
1
1
1
1
1
1
1
1
1
1
1
1
1
1
1
1
1
1
1
1
1
1
1
1
1
1
1
1
1
1
1
1
1
1
1
1
1
1
1
1
1
1
1
1
1
1
1
1
1
1
1
1
1
1
1
1
1
1
1
1
1
1
1
1
1
1
1
1
1
1
1
1
1
1
1
1
1
1
1
1
1
1
1
1
1
1
1
1
1
1
1
1
1
1
1
1
1
1
1
1
1
1
1
1
1
1
1
1
1
1
1
1
1
1
1
1
1
1
1
1
1
1
1
1
1
1
1
1
1
1
1
1
1
1
1
1
1
1
1
1
1
1
1
1
1
1
1
1
1
1
1
1
1
1
1
1
1
1
1
1
1
1
1
1
1
1
1
1
1
1
1
1
1
1
1
1
1
1
1
1
1
1
1
1
1
1
1
1
1
1
1
1
1
1
1
1
1
1
1
1
1
1
1
1
1
1
1
1
1
1
1
1
1
1
1
1
1
1
1
1
1
1
1
1
1
1
1
1
1
1
1
1
1
1
1
1
1
1
1
1
1
1
1
1
1
1
1
1
1
1
1
1
1
1
1
1
1
1
1
1
1
1
1
1
1
1
1
1
1
1
1
1
1
1
1
1
1
1
1
1
1
1
1
1
1
1
1
1
1
1
1
1
1
1
1
1
1
1
1
1
1
1
1
1
1
1
1
1
1
1
1
1
1
1
1
1
1
1
1
1
1
1
1
1
1
1
1
1
1
1
1
1
1
1
1
1
1
1
1
1
1
1
1
1
1
1
1
1
1
1
1
1
1
1
1
1
1
1
1
1
1
1
1
1
1
1
1
1
1
1
1
1
1
1
1
1
1
1
1
1
1
1
1
1
1
1
1
1
1
1
1
1
1
1
1
1
1
1
1
1
1
1
1
1
1
1
1
1
1
1
1
1
1
1
1
1
1
1
1
1
1
1
1
1
1
1
1
1
1
1
1
1
1
1
1
1
1
1
1
1
1
1
1
1
1
1
1
1
1
1
1
1
1
1
1
1
1
1
1
1
1
1
1
1
1
1
1
1
1
1
1
1
1
1
1
1
1
1
1
1
1
1
1
1
1
1
1
1
1
1
1
1
1
1
1
1
1
1
1
1
1
1
1
1
1
1
1
1
1
1
1
1
1
1
1
1
1
1
1
1
1
1
1
1
1
1
1
1
1
1
1
1
1
1
1
1
1
1
1
1
1
1
1
1
1
1
1
1
1
1
1
1
1
1
1
1
1
1
1
1
1
1
1
1
1
1
1
1
1
1
1
1
1
1
1
1
1
1
1
1
1
1
1
1
1
1
1
1
1
1
1
1
1
1
1
1
1
1
1
1
1
1
1
1
1
1
1
1
1
1
1
1
1
1
1
1
1
1
1
1
1
1
1
1
1
1
1
1
1
1
1
1
1
1
1
1
1
1
1
1
1
1
1
1
1
1
1
1
1
1
1
1
1
1
1
1
1
1
1
1
1
1
1
1
1
1
1
1
1
1
1
1
1
1
1
1
1
1
1
1
1
1
1
1
1
1
1
1
1
1
1
1
1
1
1
1
1
1
1
1
1
1
1
1
1
1
1
1
1
1
1
1
1
1
1
1
1
1
1
1
1
1
1
1
1
1
1
1
1
1
1
1
1
1
1
1
1
1
1
1
1
1
1
1
1
1
1
1
1
1
1
1
1
1
1
1
1
1
1
1
1
1
1
1
1
1
1
1
1
1
1
1
1
1
1
1
1
1
1
1
1
1
1
1
1
1
1
1
1
1
1
1
1
1
1
1
1
1
1
1
1
1
1
1
1
1
1
1
1
1
1
1
1
1
1
1
1
1
1
1
1
1
1
1
1
1
1
1
1
1
1
1
1
1
1
1
1
1
1
1
1
1
1
1
1
1
1
1
1
1
1
1
1
1
1
1
1
1
1
1
1
1
1
1
1
1
1
1
1
1
1
1
1
1
1
1
1
1
1
1
1
1
1
1
1
1
1
1
1
1
1
1
1
1
1
1
1
1
1
1
1
1
1
1
1
1
1
1
1
1
1
1
1
0
0
0
0
0
0
0
0
0
0
0
0
0
0
0
0
0
0
0
0
0
0
0
0
0
0
0
0
0
0
0
0
0
0
0
0
0
0
0
0
0
0
0
0
0
0
0
0
0
0
0
0
0
0
0
0
0
0
0
0
0
0
0
0
0
0
0
0
0
0
0
0
0
0
0
0
0
0
0
0
0
0
0
0
0
0
0
0
0
0
0
0
0
0
0
0
0
0
0
0
0
0
0
0
0
0
0
0
0
0
0
0
0
0
0
0
0
0
0
0
0
0
0
0
0
0
0
0
0
0
0
0
0
0
0
0
0
0
0
0
0
0
0
0
0
0
0
0
0
0
0
0
0
0
0
0
0
0
0
0
0
0
0
0
0
0
0
0
0
0
0
0
0
0
0
0
0
0
0
0
0
0
0
0
0
0
0
0
0
0
0
0
0
0
0
0
0
0
0
0
0
0
0
0
0
0
0
0
0
0
0
0
0
0
0
0
0
0
0
0
0
0
0
0
0
0
0
0
0
0
0
0
0
0
0
0
0
0
0
0
0
0
0
0
0
0
0
0
0
0
0
0
0
0
0
0
0
0
0
0
0
0
0
0
0
0
0
0
0
0
0
0
0
0
0
0
0
0
0
0
0
0
0
0
0
0
0
0
0
0
0
0
0
0
0
0
0
0
0
0
0
0
0
0
0
0
0
0
0
0
0
0
0
0
0
0
0
0
0
0
0
0
0
0
0
0
0
0
0
0
0
0
0
0
0
0
0
0
0
0
0
0
0
0
0
0
0
0
0
0
0
0
0
0
0
0
0
0
0
0
0
0
0
0
0
0
0
0
0
0
0
0
0
0
0
0
0
0
0
0
0
0
0
0
0
0
0
0
0
0
0
0
0
0
0
0
0
0
0
0
0
0
0
0
0
0
0
0
0
0
0
0
0
0
0
0
0
0
0
0
0
0
0
0
0
0
0
0
0
0
0
0
0
0
0
0
0
0
0
0
0
0
0
0
0
0
0
0
0
0
0
0
0
0
0
0
0
0
0
0
0
0
0
0
0
0
0
0
0
0
0
0
0
0
0
0
0
0
0
0
0
0
0
0
0
0
0
0
0
0
0
0
0
0
0
0
0
0
0
0
0
0
0
0
0
0
0
0
0
0
0
0
0
0
0
0
0
0
0
0
0
0
0
0
0
0
0
0
0
0
0
0
0
0
0
0
0
0
0
0
0
0
0
0
0
0
0
0
0
0
0
0
0
0
0
0
0
0
0
0
0
0
0
0
0
0
0
0
0
0
0
0
0
0
0
0
0
0
0
0
0
0
0
0
0
0
0
0
0
0
0
0
0
0
0
0
0
0
0
0
0
0
0
0
0
0
0
0
0
0
0
0
0
0
0
0
0
0
0
0
0
0
0
0
0
0
0
0
0
0
0
0
0
0
0
0
0
0
0
0
0
0
0
0
0
0
0
0
0
0
0
0
0
0
0
0
0
0
0
0
0
0
0
0
0
0
0
0
0
0
0
0
0
0
0
0
0
0
0
0
0
0
0
0
0
0
0
0
0
0
0
0
0
0
0
0
0
0
0
0
0
0
0
0
0
0
0
0
0
0
0
0
0
0
0
0
0
0
0
0
0
0
0
0
0
0
0
0
0
0
0
0
0
0
0
0
0
0
0
0
0
0
0
0
0
0
0
0
0
0
0
0
0
0
0
0
0
0
0
0
0
0
0
0
0
0
0
0
0
0
0
0
0
0
0
0
0
0
0
0
0
0
0
0
0
0
0
0
0
0
0
0
0
0
0
0
0
0
0
0
0
0
0
0
0
0
0
0
0
0
0
0
0
0
0
0
0
0
0
0
0
0
0
0
0
0
0
0
0
0
0
0
0
0
0
0
0
0
0
0
0
0
0
0
0
0
0
0
0
0
0
0
0
0
0
0
0
0
0
0
0
0
0
0
0
0
0
0
0
0
0
0
0
0
0
0
0
0
0
0
0
0
0
0
0
0
0
0
0
0
0
0
0
0
0
0
0
0
0
0
0
0
0
0
0
0
0
0
0
0
0
0
0
0
0
0
0
0
0
0
0
0
0
0
0
0
0
0
0
0
0
0
0
0
0
0
0
0
0
0
0
0
0
0
0
0
0
0
0
0
0
0
0
0
0
0
0
0
0
0
0
0
0
0
0
0
0
0
0
0
0
0
0
0
0
0
0
0
0
0
0
0
0
0
0
0
0
0
0
0
0
0
0
0
0
0
0
0
0
0
0
0
0
0
0
0
0
0
0
0
0
0
0
0
0
0
0
0
0
0
0
0
0
0
0
0
0
0
0
0
0
0
0
0
0
0
0
0
0
0
0
0
0
0
0
0
0
0
0
0
0
0
0
0
0
0
0
0
0
0
0
0
0
0
0
0
0
0
0
0
0
0
0
0
0
0
0
0
0
0
0
0
0
0
0
0
0
0
0
0
0
0
0
0
0
0
0
0
0
0
0
0
0
0
0
0
0
0
0
0
0
0
0
0
0
0
0
0
0
0
0
0
0
0
0
0
0
0
0
0
0
0
0
0
0
0
0
0
0
0
0
0
0
0
0
0
0
0
0
0
0
0
0
0
0
0
0
0
0
0
0
0
0
0
0
0
0
0
0
0
0
0
0
0
0
0
0
0
0
0
0
0
0
0
0
0
0
0
0
0
0
0
0
0
0
0
0
0
0
0
0
0
0
0
0
0
0
0
0
0
0
0
0
0
0
0
0
0
0
0
0
0
0
0
0
0
0
0
0
0
0
0
0
0
0
0
0
0
0
0
0
0
0
0
0
0
0
0
0
0
0
0
0
0
0
0
0
0
0
0
0
0
0
0
0
0
0
0
0
0
0
0
0
0
0
0
0
0
0
0
0
0
0
0
0
0
0
0
0
0
0
0
0
0
0
0
0
0
0
0
0
0
0
0
0
0
0
0
0
0
0
0
0
0
0
0
0
0
0
0
0
0
0
0
0
0
0
0
0
0
0
0
0
0
0
0
0
0
0
0
0
0
0
0
0
0
0
0
0
0
0
0
0
0
0
0
0
0
0
0
0
0
0
0
0
0
0
0
0
0
0
0
0
0
0
0
0
0
0
0
0
0
0
0
0
0
0
0
0
0
0
0
0
0
0
0
0
0
0
0
0
0
0
0
0
0
0
0
0
0
0
0
0
0
0
0
0
0
0
0
0
0
0
0
0
0
0
0
0
0
0
0
0
0
0
0
0
0
0
0
0
0
0
0
0
0
0
0
0
0
0
0
0
0
0
0
0
0
0
0
0
0
0
0
0
0
0
0
0
0
0
0
0
0
0
0
0
0
0
0
0
0
0
0
0
0
0
0
0
0
0
0
0
0
0
0
0
0
0
0
0
0
0
0
0
0
0
0
0
0
0
0
0
0
0
0
0
0
0
0
0
0
0
0
0
0
0
0
0
0
0
0
0
0
0
0
0
0
0
0
0
0
0
0
0
0
0
0
0
0
0
0
0
0
0
0
0
0
0
0
0
0
0
0
0
0
0
0
0
0
0
0
0
0
0
0
0
0
0
0
0
0
0
0
0
0
0
0
0
0
0
0
0
0
0
0
0
0
0
0
0
0
0
0
0
0
0
0
0
0
0
0
0
0
0
0
0
0
0
0
0
0
0
0
0
0
0
0
0
0
0
0
0
0
0
0
0
0
0
0
0
0
0
0
0
0
0
0
0
0
0
0
0
0
0
0
0
0
0
0
0
0
0
0
0
0
0
0
0
0
0
0
0
0
0
0
0
0
0
0
0
0
0
0
0
0
0
0
0
0
0
0
0
0
0
0
0
0
0
0
0
0
0
0
0
0
0
0
0
0
0
0
0
0
0
0
0
0
0
0
0
0
0
0
0
0
0
0
0
0
0
0
0
0
0
0
0
0
0
0
0
0
0
0
0
0
0
0
0
0
0
0
0
0
0
0
0
0
0
0
0
0
0
0
0
0
0
0
0
0
0
0
0
0
0
0
0
0
0
0
0
0
0
0
0
0
0
0
0
0
0
0
0
0
0
0
0
0
0
0
0
0
0
0
0
0
0
0
0
0
0
0
0
0
0
0
0
0
0
0
0
0
0
0
0
0
0
0
0
0
0
0
0
0
0
0
0
0
0
0
0
0
0
0
0
0
0
0
0
0
0
0
0
0
0
0
0
0
0
0
0
0
0
0
0
0
0
0
0
0
0
0
0
0
0
0
0
0
0
0
0
0
0
0
0
0
0
0
0
0
0
0
0
0
0
0
0
0
0
0
0
0
0
0
0
0
0
0
0
0
0
0
0
0
0
0
0
0
0
0
0
0
0
0
0
0
0
0
0
0
0
0
0
0
0
0
0
0
0
0
0
0
0
0
0
0
0
0
0
0
0
0
0
0
0
0
0
0
0
0
0
0
0
0
0
0
0
0
0
0
0
0
0
0
0
0
0
0
0
0
0
0
0
0
0
0
0
0
0
0
0
0
0
0
0
0
0
0
0
0
0
0
0
0
0
0
0
0
0
0
0
0
0
0
0
0
0
0
0
0
0
0
0
0
0
0
0
0
0
0
0
0
0
0
0
0
0
0
0
0
0
0
0
0
0
0
0
0
0
0
0
0
0
0
0
0
0
0
0
0
0
0
0
0
0
0
0
0
0
0
0
0
0
0
0
0
0
0
0
0
0
0
0
0
0
0
0
0
0
0
0
0
0
0
0
0
0
0
0
0
0
0
0
0
0
0
0
0
0
0
0
0
0
0
0
0
0
0
0
0
0
0
0
0
0
0
0
0
0
0
0
0
0
0
0
0
0
0
0
0
0
0
0
0
0
0
0
0
0
0
0
0
0
0
0
0
0
0
0
0
0
0
0
0
0
0
0
0
0
0
0
0
0
0
0
0
0
0
0
0
0
0
0
0
0
0
0
0
0
0
0
0
0
0
0
0
0
0
0
0
0
0
0
0
0
0
0
0
0
0
0
0
0
0
0
0
0
0
0
0
0
0
0
0
0
0
0
0
0
0
0
0
0
0
0
0
0
0
0
0
0
0
0
0
0
0
0
0
0
0
0
0
0
0
0
0
0
0
0
0
0
0
0
0
0
0
0
0
0
0
0
0
0
0
0
0
0
0
0
0
0
0
0
0
0
0
0
0
0
0
0
0
0
0
0
0
0
0
0
0
0
0
0
0
0
0
0
0
0
0
0
0
0
0
0
0
0
0
0
0
0
0
0
0
0
0
0
0
0
0
0
0
0
0
0
0
0
0
0
0
0
0
0
0
0
0
0
0
0
0
0
0
0
0
0
0
0
0
0
0
0
0
0
0
0
0
0
0
0
0
0
0
0
0
0
0
0
0
0
0
0
0
0
0
0
0
0
0
0
0
0
0
0
0
0
0
0
0
0
0
0
0
0
0
0
0
0
0
0
0
0
0
0
0
0
0
0
0
0
0
0
0
0
0
0
0
0
0
0
0
0
0
0
0
0
0
0
0
0
0
0
0
0
0
0
0
0
0
0
0
0
0
0
0
0
0
0
0
0
0
0
0
0
0
0
0
0
0
0
0
0
0
0
0
0
0
0
0
0
0
0
0
0
0
0
0
0
0
0
0
0
0
0
0
0
0
0
0
0
0
0
0
0
0
0
0
0
0
0
0
0
0
0
0
0
0
0
0
0
0
0
0
0
0
0
0
0
0
0
0
0
0
0
0
0
0
0
0
0
0
0
0
0
0
0
0
0
0
0
0
0
0
0
0
0
0
0
0
0
0
0
0
0
0
0
0
0
0
0
0
0
0
0
0
0
0
0
0
0
0
0
0
0
0
0
0
0
0
0
0
0
0
0
0
0
0
0
0
0
0
0
0
0
0
0
0
0
0
0
0
0
0
0
0
0
0
0
0
0
0
0
0
0
0
0
0
0
0
0
0
0
0
0
0
0
0
0
0
0
0
0
0
0
0
0
0
0
0
0
0
0
0
0
0
0
0
0
0
0
0
0
0
0
0
0
0
0
0
0
0
0
0
0
0
0
0
0
0
0
0
0
0
0
0
0
0
0
0
0
0
0
0
0
0
0
0
0
0
0
0
0
0
0
0
0
0
0
0
0
0
0
0
0
0
0
0
0
0
0
0
0
0
0
0
0
0
0
0
0
0
0
0
0
0
0
0
0
0
0
0
0
0
0
0
0
0
0
0
0
0
0
0
0
0
0
0
0
0
0
0
0
0
0
0
0
0
0
0
0
0
0
0
0
0
0
0
0
0
0
0
0
0
0
0
0
0
0
0
0
0
0
0
0
0
0
0
0
0
0
0
0
0
0
0
0
0
0
0
0
0
0
0
0
0
0
0
0
0
0
0
0
0
0
0
0
0
0
0
0
0
0
0
0
0
0
0
0
0
0
0
0
0
0
0
0
0
0
0
0
0
0
0
0
0
0
0
0
0
0
0
0
0
0
0
0
0
0
0
0
0
0
0
0
0
0
0
0
0
0
0
0
0
0
0
0
0
0
0
0
0
0
0
0
0
0
0
0
0
0
0
0
0
0
0
0
0
0
0
0
0
0
0
0
0
0
0
0
0
0
0
0
0
0
0
0
0
0
0
0
0
0
0
0
0
0
0
0
0
0
0
0
0
0
0
0
0
0
0
0
0
0
0
0
0
0
0
0
0
0
0
0
0
0
0
0
0
0
0
0
0
0
0
0
0
0
0
0
0
0
0
0
0
0
0
0
0
0
0
0
0
0
0
0
0
0
0
0
0
0
0
0
0
0
0
0
0
0
0
0
0
0
0
0
0
0
0
0
0
0
0
0
0
0
0
0
0
0
0
0
0
0
0
0
0
0
0
0
0
0
0
0
0
0
0
0
0
0
0
0
0
0
0
0
0
0
0
0
0
0
0
0
0
0
0
0
0
0
0
0
0
0
0
0
0
0
0
0
0
0
0
0
0
0
0
0
0
0
0
0
0
0
0
0
0
0
0
0
0
0
0
0
0
0
0
0
0
0
0
0
0
0
0
0
0
0
0
0
0
0
0
0
0
0
0
0
0
0
0
0
0
0
0
0
0
0
0
0
0
0
0
0
0
0
0
0
0
0
0
0
0
0
0
0
0
0
0
0
0
0
0
0
0
0
0
0
0
0
0
0
0
0
0
0
0
0
0
0
0
0
0
0
0
0
0
0
0
0
0
0
0
0
0
0
0
0
0
0
0
0
0
0
0
0
0
0
0
0
0
0
0
0
0
0
0
0
0
0
0
0
0
0
0
0
0
0
0
0
0
0
0
0
0
0
0
0
0
0
0
0
0
0
0
0
0
0
0
0
0
0
0
0
0
0
0
0
0
0
0
0
0
0
0
0
0
0
0
0
0
0
0
0
0
0
0
0
0
0
0
0
0
0
0
0
0
0
0
0
0
0
0
0
0
0
0
0
0
0
0
0
0
0
0
0
0
0
0
SCALARS boundary_speed float 1
LOOKUP_TABLE default
0
0
0
0
0
0
0
0
0
0
0
0
0
0
0
0
0
0
0
0
0
0
0
0
0
0
0
0
0
0
0
0
0
0
0
0
0
0
0
0
0
0
0
0
0
0
0
0
0
0
0
0
0
0
0
0
0
0
0
0
0
0
0
0
0
0
0
0
0
0
0
0
0
0
0
0
0
0
0
0
0
0
0
0
0
0
0
0
0
0
0
0
0
0
0
0
0
0
0
0
0
0
0
0
0
0
0
0
0
0
0
0
0
0
0
0
0
0
0
0
0
0
0
0
0
0
0
0
0
0
0
0
0
0
0
0
0
0
0
0
0
0
0
0
0
0
0
0
0
0
0
0
0
0
0
0
0
0
0
0
0
0
0
0
0
0
0
0
0
0
0
0
0
0
0
0
0
0
0
0
0
0
0
0
0
0
0
0
0
0
0
0
0
0
0
0
0
0
0
0
0
0
0
0
0
0
0
0
0
0
0
0
0
0
0
0
0
0
0
0
0
0
0
0
0
0
0
0
0
0
0
0
0
0
0
0
0
0
0
0
0
0
0
0
0
0
0
0
0
0
0
0
0
0
0
0
0
0
0
0
0
0
0
0
0
0
0
0
0
0
0
0
0
0
0
0
0
0
0
0
0
0
0
0
0
0
0
0
0
0
0
0
0
0
0
0
0
0
0
0
0
0
0
0
0
0
0
0
0
0
0
0
0
0
0
0
0
0
0
0
0
0
0
0
0
0
0
0
0
0
0
0
0
0
0
0
0
0
0
0
0
0
0
0
0
0
0
0
0
0
0
0
0
0
0
0
0
0
0
0
0
0
0
0
0
0
0
0
0
0
0
0
0
0
0
0
0
0
0
0
0
0
0
0
0
0
0
0
0
0
0
0
0
0
0
0
0
0
0
0
0
0
0
0
0
0
0
0
0
0
0
0
0
0
0
0
0
0
0
0
0
0
0
0
0
0
0
0
0
0
0
0
0
0
0
0
0
0
0
0
0
0
0
0
0
0
0
0
0
0
0
0
0
0
0
0
0
0
0
0
0
0
0
0
0
0
0
0
0
0
0
0
0
0
0
0
0
0
0
0
0
0
0
0
0
0
0
0
0
0
0
0
0
0
0
0
0
0
0
0
0
0
0
0
0
0
0
0
0
0
0
0
0
0
0
0
0
0
0
0
0
0
0
0
0
0
0
0
0
0
0
0
0
0
0
0
0
0
0
0
0
0
0
0
0
0
0
0
0
0
0
0
0
0
0
0
0
0
0
0
0
0
0
0
0
0
0
0
0
0
0
0
0
0
0
0
0
0
0
0
0
0
0
0
0
0
0
0
0
0
0
0
0
0
0
0
0
0
0
0
0
0
0
0
0
0
0
0
0
0
0
0
0
0
0
0
0
0
0
0
0
0
0
0
0
0
0
0
0
0
0
0
0
0
0
0
0
0
0
0
0
0
0
0
0
0
0
0
0
0
0
0
0
0
0
0
0
0
0
0
0
0
0
0
0
0
0
0
0
0
0
0
0
0
0
0
0
0
0
0
0
0
0
0
0
0
0
0
0
0
0
0
0
0
0
0
0
0
0
0
0
0
0
0
0
0
0
0
0
0
0
0
0
0
0
0
0
0
0
0
0
0
0
0
0
0
0
0
0
0
0
0
0
0
0
0
0
0
0
0
0
0
0
0
0
0
0
0
0
0
0
0
0
0
0
0
0
0
0
0
0
0
0
0
0
0
0
0
0
0
0
0
0
0
0
0
0
0
0
0
0
0
0
0
0
0
0
0
0
0
0
0
0
0
0
0
0
0
0
0
0
0
0
0
0
0
0
0
0
0
0
0
0
0
0
0
0
0
0
0
0
0
0
0
0
0
0
0
0
0
0
0
0
0
0
0
0
0
0
0
0
0
0
0
0
0
0
0
0
0
0
0
0
0
0
0
0
0
0
0
0
0
0
0
0
0
0
0
0
0
0
0
0
0
0
0
0
0
0
0
0
0
0
0
0
0
0
0
0
0
0
0
0
0
0
0
0
0
0
0
0
0
0
0
0
0
0
0
0
0
0
0
0
0
0
0
0
0
0
0
0
0
0
0
0
0
0
0
0
0
0
0
0
0
0
0
0
0
0
0
0
0
0
0
0
0
0
0
0
0
0
0
0
0
0
0
0
0
0
0
0
0
0
0
0
0
0
0
0
0
0
0
0
0
0
0
0
0
0
0
0
0
0
0
0
0
0
0
0
0
0
0
0
0
0
0
0
0
0
0
0
0
0
0
0
0
0
0
0
0
0
0
0
0
0
0
0
0
0
0
0
0
0
0
0
0
0
0
0
0
0
0
0
0
0
0
0
0
0
0
0
0
0
0
0
0
0
0
0
0
0
0
0
0
0
0
0
0
0
0
0
0
0
0
0
0
0
0
0
0
0
0
0
0
0
0
0
0
0
0
0
0
0
0
0
0
0
0
0
0
0
0
0
0
0
0
0
0
0
0
0
0
0
0
0
0
0
0
0
0
0
0
0
0
0
0
0
0
0
0
0
0
0
0
0
0
0
0
0
0
0
0
0
0
0
0
0
0
0
0
0
0
0
0
0
0
0
0
0
0
0
0
0
0
0
0
0
0
0
0
0
0
0
0
0
0
0
0
0
0
0
1.6958600969251931
0
1.5589763894312338
0
0
0
0
0
0
0
1.6535286679903527
0
1.6636284187590187
0
0
0
0
0
0
1.6381537775163244
1.481263390167155
0
0
0
0.72229238171491128
0
0
0
0
0
0
1.6477586747325841
0
1.8359945854916822
0
0
0
0
0
1.8810344629819784
0
1.871544236110618
1.9131754798181373
0
0
0
0
0
0
1.651888986824753
0
1.3738582206268524
1.8479314032544669
0
0
0
1.6027186186601565
0
1.6875973801180362
1.5047823818297843
0
1.6784508596845027
0
0
0
0
1.4293918124143064
0
0
0
0
0
1.8603310564983038
0
0
1.5017492956356082
0
1.5014211224837664
0
0
0
0
0
1.3459809241639173
0
0
1.648551145732241
0
0
0
1.5940436135524803
0
0
0
1.5050169766031871
0
0
0
1.6655397095124309
0
0
0
1.6577300372353718
0
0
1.5646941935292991
1.5478503097597249
0
0
0
1.5015281213545377
0
1.4660397167742043
0
1.5008980416780728
0
1.9063123158847388
1.6413347022283089
1.6367576091367173
0
1.6685626333646912
1.5015009931257191
1.584766675420008
0
0
0
0
1.6287259463235271
0
0
0
0
1.883800983303292
0
0
0
0
1.9096960925205557
0
1.6074620379174525
0
1.9000084603639804
0
1.6623703233199743
0
1.4859146391437086
0
1.5874761967090825
0
0
1.4660845501948097
0
0
0
0
0
0
0
0
0
0
1.9061495088240863
0
1.9154718807598317
1.6400932433068245
0
0
0
0
0
0
0
1.6451899737136015
1.6480977263513039
0
0
0
0
0
0
0
1.5604241496995055
0
0
0
0
1.6341878271524555
0
0
0
0
1.6459173296278311
0
1.5810953195295931
0
0
0
1.342708984346451
0
0
1.5923948926005802
1.8955624674819274
1.5002362015928215
0
0
0
0
0
0
0
1.483083501340654
0
0
0
0
0
0.35560419839060892
0
1.0170148558324819
0
0
1.8975489115429489
0
1.3508582357508914
0
0
0
0
0
0
0
0
0
1.4995500679468632
0
0
1.8748675623063551
0
0
1.5012417275758927
0
0
0
0
0
0
0
1.6131705171781692
0
0
1.5816131916128313
0
0
0
0
1.5928409201271454
0
0
0
0
0
0
0
0
1.4981833002667866
0
0
0
0
0
1.4970693517370732
0
0
0
0
0
1.4770892429500173
0
0
0
1.6356450150499064
1.7103504817543771
0
0
0
0
0
1.1024102602580677
1.7791007701882133
0
0
0
1.336676379930517
0
1.6541600725426198
0
0
0
0
0
0
1.604152729513844
0
0
0
0
1.6166282559840457
1.6106718839052094
0
0
0
1.6063422185631993
0
1.6489412078587515
0
0
0
0
1.4702529202461154
1.6111503328298811
0
0
0
0
0
1.6334348538220669
1.7081005752374923
0
0
1.6228209549910768
0
0
1.6140367237531825
1.6536273907795014
0
1.5745387507739967
0
1.4752856653156541
0
1.5894758262985809
0
0
0
0
0
0
1.6043674328443771
1.6256007035377849
0
0
0
0
0
0
0
0
0
0
0
1.7051946173607218
0
0
0
0
0
1.4428809773543032
1.6235491077624267
0
0
1.6148036093403189
0
0
0
0
0
0
0
0
0
1.8176583312790935
1.61305038648731
0
0
0
0
0
0
1.490756350343645
0
1.7880733499643897
0
0
0
0
0
1.5891109623492381
1.687873228590397
0
0
0
0
0
0
0
0
1.6043180209751933
1.5760768217619052
0
0
0
0
0
1.9024330698864718
0
0
0
0
0
1.6323803374472983
1.6425764032078782
0
1.5835122578278384
0
1.5366039738191224
0
0
1.6881194925323926
1.4739036108307806
0
1.4957885913192743
0
0
0
1.5817756924605355
0
1.8240762248350066
0
0
1.7928355716650848
0
0
0
0
0
0
0
1.8460639888352919
0
0
0
0
1.5110143476007365
0
0
1.6480744606005195
1.6582455382186265
0
0
0
0
0
0
1.6304085409482219
0
1.4986978429013815
0
0
1.7064323507926764
0
1.6151146016938838
0
0
0
0
0
0
0
1.6358424583371158
0
0
0
0
0
0
1.885580099997314
0
0
1.6306702765705905
1.5154222507636996
0
0
0
0
0
1.8846476835890047
0
0
0.97377521338883877
0
1.5032803451969343
1.4815231223858354
1.6228632144959523
0
1.656831601222136
0
1.6961052156656147
0
1.6517213189734519
0
0
0
0
0
0
0
0
0
1.6009551862554907
0
0
1.4659029132929804
0
0
0
0
0.16237605524432258
0
0
0
0
1.465537091692303
0
1.654934134641989
0
0
0
1.4236881728287911
0
0
0
0
1.6141256145616361
0
0
0
0
0
0
0
0
1.6620126929004368
0
1.5470896379522738
0
1.5074224222265304
0
0
0
1.9145896344888731
0
1.6176278093580956
0
0
1.5979572084937836
0
0
1.463708073762283
1.640997802379087
1.4575603378510527
0
0
0
1.6435183746198625
0
1.6475963055938831
0
1.6754144476347177
0
0
0
1.5789102755953661
1.6316693456098534
0
0
1.7372910603735687
0
0
1.5959981776941314
0
1.4860766345460907
1.4664561261185527
0
0
1.5854223388172803
0
0
0
0
0
1.646420272617718
0
0
1.6838728513108838
0
1.826547698395949
0
0
0
0
0
0
0
0
0
0
0
1.6076836726900934
0
1.6029117580398264
0
0
0
0
0
0
0
0
0
0
1.6264023489729338
0
0
1.5926289942921477
1.4828800474970862
1.644549223101283
0
0
1.5964597895856694
0
0
0
0
0
0
0
1.4799089007239608
0
0
1.6416224286558103
1.6925186468004412
0
0
1.9073489575092133
0
0
0
0
1.6330322554023695
0
0
0
1.5065281804940958
0
0
0
0
1.6064558351920901
0
0
0
0
1.4951532861016035
0
1.8959303444720974
0
0
0
1.635906637403262
0
0
1.8982180971302003
0
0
0
0
0
0
0
0
0
0
0
1.6733313823744218
0
1.6631438437188482
0
0
1.6562203697811955
1.5111504056141423
1.6534768893537086
0
0
0
0
0
0
0
1.6837044149042437
0
0
1.6446435219129283
1.6207431679651918
0
0
0
0
0
0
0
0
0
0
1.6117794029939772
0
0
0
1.9099706468940618
0
0
0
0
0
0
0
0
0
1.6014088626793876
1.8959423790046706
0
0
0
0
0
0
0
0
0
0
0
0
0
0
0
1.81081029653993
1.6373312572028011
1.6783412257680572
0
0
0
0
0
0
0
0
0
0
0
1.6104607020364883
0
0
0
0
1.4949223384908388
0
0
0
0
1.4827067079614291
0
0
0
0
1.5767927014885976
0
0
1.3889034016143296
0
0
0
0
0
0
0
0
1.4811349131126954
1.6887936587016659
0
1.6453298810265791
0
0
1.661010172498856
0
1.9169697037604965
1.5986127352524062
1.6443667648824529
0
0
0
0
1.4968468999717401
1.5929814916949612
0
0
1.5923794620848664
1.4868966711198404
0
0
0
1.6346606113427886
1.3638596562098608
0
0
0
0
0
0
0
1.5096834750230483
0
0
0
1.5081013205538016
1.703558709438816
0
0
0
1.5998645336083459
0
1.5106546954113158
0
0
0
0
0
0
0
0
0
1.6672098449542418
0
1.9058099319535462
1.6021119240597743
0
0
0
0
0
0
1.5987482391608638
0
0
0
1.4787829662571976
1.5003915404538342
1.6914106251673178
1.497558735841513
1.6113332104453078
1.4667783142929498
0
1.6935370551848552
1.4628781546842697
1.5963087668393348
0
1.9158604677876832
0
0
0
0
0
0
0
0
0
1.5011574334630078
0
0
0
0
1.6378241008222041
0
1.4122550398136817
0
0
0
0
0
0
0
0
0
0
0.13127374899082361
1.6130440245980189
0
0
0
1.6742978437538034
0
1.6907704326232253
0
0
1.4611351442942517
0
1.6498985540204814
0
0
1.6115128311100577
1.9063739297092641
0
0
1.5010384357529276
1.5691867650742202
0
0
1.5745916712745509
0
0
1.6638784714556218
0
0
0
0
0
1.3957185880546226
1.8710005997190653
0
0
0
1.6320825500244818
1.6215978975987109
1.8561133806651635
0
0
0
0
1.6576649190805257
0
0
0
0.14580872147620053
1.8951395322759634
0
0
0
0
0
0
0
1.6475345456645756
0
0
1.654803198263866
0
0
0
0
0
1.6396428795712212
0
0
0
0
0
0
0
1.6309540144528685
0
0
0
0
0
0
0
0
1.9201617827251434
0
0
0
0
1.5995128093518718
0
0
0
1.6789363663019954
1.9134190699223457
0
0
0
0
0
0
1.6268910352095591
0
1.9041303977117825
1.6294102346555299
0
0
0
0
0
0
0
0
0
1.6662867369917913
0
0
0
0
0
0
1.6387676282223231
1.4844147047962442
0
0
0
0
0
1.8848744573646026
0
0
0
0
0
0
0
1.1673071648177895
0
0
0
0
0
1.5918663549135008
0
0
1.6361048397713438
0
0
0
0
1.5026559491495437
0
1.6559211669080203
1.5501881407155749
0
0
0
0
0
0
0
1.480372432919784
0
0
0
0
0
0
0
0
0
0
0
0
1.6357752727558392
0
1.6363408536885138
1.4649896133656919
1.5913816730363948
0
0
0
0
0
0
0
0
0
0
0
1.6609534209725785
0
0
0
0
0
1.6319213448774725
0
0
0
0
0
1.6833877513389637
0
1.5531277794081559
0
0
0
0
0
0
0
1.6430391617663291
0
1.6559067685976259
0
0
0
0
0
0
1.6283292045155808
1.3210865588182517
0
0
0
0
0
0
0
0
0
0
1.6336541613933826
0
0
0
0
0
0
0
0
0
0
0
0
0
0
0
0
0
1.6377470129486154
0
1.2205850169957375
0
0
0
0
1.5881634295725284
0
1.6716085924682735
1.3654625693730322
0
0
0
0
0
0
1.3195531905233
0
0
0
0
0
0
0
0
1.3339601747402812
0
1.3321527902224917
0
0
0
0
0
1.1883492265952578
0
0
0
0
0
0
0.010549358774176062
0
0
0
1.3241252152551608
0
0
0
1.6525246102177273
0
0
0
1.6433015971518987
0
0
1.5689182608865659
1.5413533061984208
0
0
0
1.3773236591795075
0
1.3697780659430836
0
1.3380040191911979
0
0
1.627493463824554
1.6318064063576698
0
0
1.397046576110585
1.5759971933088861
0
0
0
0
1.6236713066701958
0
0
0
0
0
0
0
0
0
0
0
1.5975681074043344
0
0
0
1.6517057480909103
0
1.349697674924806
0
1.5787641511249164
0
0
1.3076796317743933
0
0
0
0
0
0
0
0
0
0
0
0
0
1.625918806835474
0
0
0
0
0
0
0
1.632983551793743
1.637581809622638
0
0
0
0
0
0
0
1.5558245870609233
0
0
0
0
1.6185009250558977
0
0
0
0
1.6378337124626774
0
1.5690208074332126
0
0
0
1.1977620960619677
0
0
1.5815901383092215
0
1.3621842128301327
0
0
0
0
0
0
0
1.4109794214518376
0
0
0
0
0
0
0
0
0
0
0
0
1.1982345632842895
0
0
0
0
0
0
0
0
0
1.3654000516735807
0
0
0
0
0
1.33421072627371
0
0
0
0
0
0
0
1.599438790803229
0
0
0
0
0
0
0
1.5815657873688138
0
0
0
0
0
0
0
0
1.3220264882806956
0
0
0
0
0
1.3727701014629337
0
0
0
0
0
1.3306869503334331
0
0
0
1.6213701671264698
0
0
0
0
0
0
0
0
0
0
0
1.1859309561276639
0
1.6396443364621855
0
0
0
0
0
0
1.5978157741490979
0
0
0
0
0
1.6004212732436915
0
0
0
1.5908941238659939
0
1.6357955172316472
0
0
0
0
1.3408633556147078
1.5980828330245842
0
0
0
0
0
1.6215601496147156
0
0
0
1.6086216658440231
0
0
1.6081048242244969
1.6409240495800581
0
0
0
1.346780217376355
0
1.580244099786545
0
0
0
0
0
0
1.5956928127379024
1.6107719171114618
0
0
0
0
0
0
0
0
0
0
0
1.5734936045446051
0
0
0
0
0
1.2932085293726345
1.6140574555349654
0
0
1.6006935765661372
0
0
0
0
0
0
0
0
0
0
0
0
0
0
0
0
0
1.3396181852106019
0
0
0
0
0
0
0
1.5805496236181675
1.6636683001340187
0
0
0
0
0
0
0
0
1.5915459035544013
1.5648345781462427
0
0
0
0
0
0
0
0
0
0
0
1.6217491227003411
1.6356150412060273
0
0
0
0
0
0
1.6662579448557222
1.3148400213539144
0
1.3240034692415601
0
0
0
1.5759482325530147
0
0
0
0
0
0
0
0
0
0
0
0
0
0
0
0
0
1.3545224537096725
0
0
1.6388354236785811
1.6475435397451743
0
0
0
0
0
0
1.619390219944902
0
1.3238191015666392
0
0
0.95540926613231736
0
1.6051917224454482
0
0
0
0
0
0
0
1.6262506062868971
0
0
0
0
0
0
0
0
0
1.6159419879611794
1.3351100754828376
0
0
0
0
0
0
0
0
0
0
1.3413647828589879
1.385286013343078
1.6096431551205621
0
1.6449931086535265
0
1.6859084654786163
0
1.6420146530210546
0
0
0
0
0
0
0
0
0
1.5926677849849933
0
0
1.2809642808477637
0
0
0
0
0
0
0
0
0
1.3117235458136769
0
1.6443583403537412
0
0
0
1.2618186520853545
0
0
0
0
1.6010739842146966
0
0
0
0
0
0
0
0
1.6523626899903272
0
1.5404184979639239
0
1.3470206510444396
0
0
0
0
0
1.6023426458691772
0
0
1.5842165766707044
0
0
1.3758830133752757
1.6294775156237371
0
0
0
0
1.6323593301126351
0
0
0
1.668237396238538
0
0
0
1.5722430856895477
1.6215905084975144
0
0
0
0
0
0.019925001882342353
0
1.3321857732338598
1.313793797137808
0
0
1.5766519423330578
0
0
0
0
0
1.6344042032467694
0
0
1.6722853810623781
0
0
0
0
0
0
0
0
0
0
0
0
0
1.6050578484970131
0
1.5903544132573704
0
0
0
0
0
0
0
0
0
0
1.6129724903765053
0
0
1.58688637674038
1.3238904335173374
1.6294004717431445
0
0
1.5836741205256297
0
0
0
0
0
0
0
1.3638722067584002
0
0
1.6295899216090197
1.6779698395233873
0
0
0
0
0
0
0
1.6188183505436446
0
0
0
1.3324168706102792
0
0
0
0
1.5930804556799598
0
0
0
0
1.4205610197640217
0
0
0
0
0
1.6223637957559118
0
0
0
0
0
0
0
0
0
0
0
0
0
0
1.6621509319995966
0
1.651915681261733
0
0
1.6474278026021902
1.3496209915017983
1.6465913670570809
0
0
0
0
0
0
0
1.6772093948824522
0
0
1.6366878304734636
1.6103858337734998
0
0
0
0
0
0
0
0
0
0
1.6026277076752782
0
0
0
0
0
0
0
0
0
0
0
0
0
1.5950429013147949
0
0
0
0
0
0
0
0
0
0
0
0
0
0
0
0
0
1.6250604690051755
0
0
0
0
0
0
0
0
0
0
0
0
1.5996174255985915
0
0
0
0
1.3327490874891426
0
0
0
0
1.3664181710245957
0
0
0
0
1.5762143753748254
0
0
1.2283652821912681
0
0
0
0
0
0
0
0
1.3503750563543666
1.6735622984000325
0
0.52512911340404644
0
0
1.6543800464063247
0
0
1.5896421722192697
1.6305884267557353
0
0
0
0
1.3317058479640136
1.5841980358749868
0
0
1.5812440111473649
1.3306832272344578
0
0
0
1.6236395057828359
1.2283406594924875
0
0
0
0
0
0
0
1.421098938463224
0
0
0
1.3434573538303507
1.6972045109054505
0
0
0
1.5930933626369537
0
1.3360327514541315
0
0
0
0
0
0
0
0
0
1.6550780005225392
0
0
1.5906102233361716
0
0
0
0
0
0
1.414837264923624
0
0
0
1.3322708675843988
1.4069481262760377
1.6853637417717535
1.4220490304214997
1.5998091503070764
1.3607730590255045
0
1.6815791859343949
1.3433083797312344
1.590487367023298
0
0
0
0
0
0
0
0
0
0
0
1.3573537831945977
0
0
0
0
1.6241489775329292
0
1.2775125179408762
0
0
0
0
0
0
0
0
0
0
0
1.5898657069107776
0
0
0
1.6659049827222456
0
1.6788768626820256
0
0
1.306599782817037
0
1.6376313025556239
0
0
1.5978913271388369
0
0
0
1.3345485474296341
1.5670993307232863
0
0
1.5799175096111844
0
0
0
0
0
0
0
0
1.2397979293594168
0
0
0
0
1.6151037921801841
1.6137605018778807
0
0
0
0
0
1.648161381792717
0
0
0
0
0
0
0
0
0
0
0
0
1.6356974643645616
0
0
1.6469405355172348
0
0
0
0
0
1.631177633566127
0
0
0
0
0
0
0
1.6254782139907853
0
0
0
0
0
0
0
0
0
0
0
0
0
1.5871552196282437
0
0
0
1.59688865312271
0
0
0
0
0
0
0
1.6169577235875572
0
0
1.6134914880941902
0
0
0
0
0
0
0
0
0
1.6565647373090793
0
0
0
0
0
0
1.6249606019605236
1.3996755874002142
0
0
0
0
0
0
0
0
0
0
0
0
0
0
0
0
0
0
0
0.76935158309131468
0
0
1.6199065420803889
0
0
0
0
1.3440237937759822
0
1.6415145040183601
1.5478200999806759
0
0
0
0
0
0
0
1.3381594451541665
0
0
0
0
0
0
0
0
0
0
0
0
1.6196824259238298
0
1.6203179965495389
1.3089079258977774
1.5819769026714809
0
0
0
0
0
0
0
0
0
0
0
1.6482086103303777
0
0
0
0
0
1.6202650520305932
0
0
0
0
0
0
0
0
0
0
0
0
0
0
0
0
0
0
0
0
0
0
0
0
0
1.2374940565703492
0
0
0
0
0
0
0
0
0
0
0
0
0
0
0
0
0
0
0
0
0
0
0
0
0
0
0
0
0
0
1.1471622765703429
0
0
0
0
0
0
0
1.2920724332531002
0
0
0
0
0
0
1.2660884370768453
0
0
0
0
0
0
0
0
1.2458516812095628
0
1.2418309996460424
0
0
0
0
0
1.1117784272057905
0
0
0
0
0
0
0
0
0
0
1.2298593370129274
0
0
0
0
0
0
0
0
0
0
0
0
0
0
0
1.3137635903704434
0
1.3203590975344617
0
1.2511623173312283
0
0
0
0
0
0
1.3423739083473079
0
0
0
0
0
0
0
0
0
0
0
0
0
0
0
0
0
0
0
0
0
0
0
1.2801479249283818
0
0
0
0
1.2372660270029567
0
0
0
0
0
0
0
0
0
0
0
0
0
0
0
0
0
0
0
0
0
0
0
0
0
0
0
0
0
0
0
0
0
0
0
0
0
0
0
0
0
0
0
0
0
0
1.1266814902427356
0
0
0
0
1.2893647834468758
0
0
0
0
0
0
0
1.3759610218266032
0
0
0
0
0
0
0
0
0
0
0
0
1.1243961597870837
0
0
0
0
0
0
0
0
0
1.2955598896661202
0
0
0
0
0
1.2463768793930783
0
0
0
0
0
0
0
0
0
0
0
0
0
0
0
0
0
0
0
0
0
0
0
0
1.2332660171100118
0
0
0
0
0
1.3097228469646509
0
0
0
0
0
1.2558967764786475
0
0
0
0
0
0
0
0
0
0
0
0
0
0
0
1.1120673699802404
0
0
0
0
0
0
0
0
0
0
0
0
0
0
0
0
0
0
0
0
0
0
0
0
0
1.2750585661128873
0
0
0
0
0
0
0
0
0
0
0
0
0
0
0
0
0
0
1.2819955580360407
0
0
0
0
0
0
0
0
0
0
0
0
0
0
0
0
0
0
0
0
0
0
0
0
0
0
0
1.2188512144176804
0
0
0
0
0
0
0
0
0
0
0
0
0
0
0
0
0
0
0
0
0
1.2606673090481249
0
0
0
0
0
0
0
0
0
0
0
0
0
0
0
0
0
0
0
0
0
0
0
0
0
0
0
0
0
0
0
0
0
0
0
0
0
0
0
1.2324881874571016
0
1.2371400685845537
0
0
0
0
0
0
0
0
0
0
0
0
0
0
0
0
0
0
0
0
0
1.2728710568229198
0
0
0
0
0
0
0
0
0
0
0
0
1.2314747479222523
0
0
0
0
0
0
0
0
0
0
0
0
0
0
0
0
0
0
0
0
0
0
0
1.2418436527441326
0
0
0
0
0
0
0
0
0
0
1.2567371919677719
1.3391582182345789
0
0
0
0
0
0
0
0
0
0
0
0
0
0
0
0
0
0
0
1.1872518821307978
0
0
0
0
0
0
0
0
0
1.2327886577785365
0
0
0
0
0
1.1825695271863379
0
0
0
0
0
0
0
0
0
0
0
0
0
0
0
0
0
1.2666301932007784
0
0
0
0
0
0
0
0
0
0
0
1.3308761671855909
0
0
0
0
0
0
0
0
0
0
0
0
0
0
0
0
0
0
0
0
0
0
1.251766989407388
1.2357051417388174
0
0
0
0
0
0
0
0
0
0
0
0
0
0
0
0
0
0
0
0
0
0
0
0
0
0
0
0
0
0
0
0
0
0
0
0
0
0
0
0
0
0
1.2407502144328464
0
0
0
0
0
0
0
0
0
0
0
1.3043747082924397
0
0
0
0
0
0
0
0
0
0
0
0
0
0
0
1.2399074641675143
0
0
0
0
0
0
0
0
0
1.3850485150629408
0
0
0
0
0
0
0
0
0
0
0
0
0
0
0
0
0
0
0
0
0
0
0
0
0
0
1.2639422187773406
0
0
0
0
0
0
0
0
0
0
0
0
0
0
0
0
0
0
0
0
0
0
0
0
0
0
0
0
0
0
0
0
0
0
0
0
0
0
0
0
0
0
0
0
0
0
0
0
0
0
0
0
0
0
0
0
0
0
0
0
0
0
0
0
0
0
0
0
0
0
0
0
0
1.2477685558794365
0
0
0
0
1.308478851452296
0
0
0
0
0
0
0
1.1504773443580962
0
0
0
0
0
0
0
0
1.2830242519477697
0
0
0
0
0
0
0
0
0
0
0
0
0
0
1.2446878355126518
0
0
0
0
1.2493671887899092
0
0
0
0
1.1630611426689037
0
0
0
0
0
0
0
1.373275050745022
0
0
0
1.258980447198514
0
0
0
0
0
0
1.25129499715811
0
0
0
0
0
0
0
0
0
0
0
0
0
0
0
0
0
0
0
0
0
0
0
1.2570890328576003
1.3567560018457665
0
1.3821447769100446
0
1.3078470122015886
0
0
1.2847537586980562
0
0
0
0
0
0
0
0
0
0
0
0
1.2827653001203352
0
0
0
0
0
0
1.213817833302864
0
0
0
0
0
0
0
0
0
0
0
0
0
0
0
0
0
0
0
0
1.2277375788901053
0
0
0
0
0
0
0
0
1.2489431507283597
0
0
0
0
0
0
0
0
0
0
0
0
1.1644695778852419
0
0
0
0
0
0
0
0
0
0
0
0
0
0
0
0
0
0
0
0
0
0
0
0
0
0
0
0
0
0
0
0
0
0
0
0
0
0
0
0
0
0
0
0
0
0
0
0
0
0
0
0
0
0
0
0
0
0
0
0
0
0
0
0
0
0
0
0
0
0
0
0
0
0
0
0
0
0
0
0
0
0
0
0
0
0
0
0
1.3594955990571482
0
0
0
0
0
0
0
0
0
0
0
0
0
0
0
0
0
0
0
0
0
0
0
0
0
0
0
1.2594614595794078
0
0
0
0
0
0
0
0
0
0
1.2648396894410652
0
0
0
0
0
0
0
0
0
0
0
0
0
0
0
1.2289024179862476
0
0
0
0
0
0
0
0
0
0
0
0
0
0
0
0
0
0
0
0
0
0
0
VECTORS velocity float
0 -1.5412886469721125 0
0 -1.4861202711192441 0
0 -1.4224888116077201 0
0 -1.3678597075582144 0
0 -1.5262479888827802 0
0 -1.465161142844051 0
0 -1.4033391714338272 0
0 -1.3536659865495939 0
0 -1.5406367428118339 0
0 -1.483056592703859 0
0 -1.5699768992918897 0
0 -1.5347646744681036 0
0 -1.429962275159028 0
0 -1.3890318916051048 0
0 -1.4933688910648655 0
0 -1.4614526713646685 0
0 -1.5897503148438024 0
0 -1.5864504762490994 0
0 -1.6122072659388236 0
0 -1.5601830623473687 0
0 -1.537779180027379 0
0 -1.6052704578269736 0
0 -1.5939069860620778 0
0 -1.3627664950571305 0
0 -1.4017121293292394 0
0 -1.4087787120021991 0
0 -1.4091628507420002 0
0 -1.3361874771217441 0
0 -1.3252164795706447 0
0 -1.3503127785831024 0
0 -1.3912045163281328 0
0 -1.397006402926849 0
0 -1.3942729529504663 0
0 -1.3658383325570667 0
0 -1.391436586756295 0
0 -1.4312498977562256 0
0 -1.4492464771165319 0
0 -1.4707003846847566 0
0 -1.5013938674951077 0
0 -1.4356851492647604 0
0 -1.4329084816803475 0
0 -1.5089436509171985 0
0 -1.5067258060115294 0
0 -1.5321513515055607 0
0 -1.5377032610118184 0
0 -1.551610865921611 0
0 -1.5738307764000494 0
0 -1.569321591750634 0
0 -1.5722137505747569 0
0 -1.6018593418027016 0
0 -1.6142453706945736 0
0 -1.5943517247689509 0
0 -1.577998565599434 0
0 -1.6143225637407663 0
0 -1.6315630305019202 0
0 -1.6290477179156917 0
0 -1.5510073714936232 0
0 -1.6092320023931188 0
0 -1.5549964607485365 0
0 -1.6127116321528738 0
0 -1.6415762321473877 0
0 -1.6449253542957962 0
0 -1.6414064163446411 0
0 -1.6462036865550691 0
0 -1.5773193616498933 0
0 -1.6264853399304195 0
0 -1.6401427508809276 0
0 -1.6481064033751183 0
0 -1.5977857519653067 0
0 -1.6379875905211603 0
0 -1.6168572900442628 0
0 -1.6426396365628249 0
0 -1.6389425967704838 0
0 -1.6499855729919903 0
0 -1.6332616703924365 0
0 -1.640244634397638 0
0 -1.5835175658543241 0
0 -1.566592016788388 0
0 -1.6075238618244865 0
0 -1.5839289441723388 0
0 -1.603316299083656 0
0 -1.6369796473741869 0
0 -1.6529693850829308 0
0 -1.620830743775824 0
0 -1.6089336040008722 0
0 -1.6458200801267175 0
0 -1.6302571658996488 0
0 -1.6308390938432418 0
0 -1.6740379923667339 0
0 -1.6800259035135932 0
0 -1.6873207972839692 0
0 -1.7045482332902653 0
0 -1.6934239079899824 0
0 -1.6391649214958006 0
0 -1.6349072305666139 0
0 -1.6690132943180256 0
0 -1.7032599417738727 0
0 -1.6787785162643227 0
0 -1.6476032370928821 0
0 -1.6311771569119993 0
0 -1.6516567474371093 0
0 -1.6418846772558637 0
0 -1.6302365454808803 0
0 -1.646547220071447 0
0 -1.6908176413588571 0
0 -1.6735061167104701 0
0 -1.6860838633424047 0
0 -1.6960206170628491 0
0 -1.4698811346123222 0
0 -1.4023016291954271 0
0 -1.3471745691926633 0
0 -1.445375438229247 0
0 -1.3797357630792604 0
0 -1.310201078735123 0
0 -1.3325363758872557 0
0 -1.3023266081974738 0
0 -1.3821784033310447 0
0 -1.3334238264388383 0
0 -1.3630709132616456 0
0 -1.3204932585561044 0
0 -1.2938594584562058 0
0 -1.2673789497537433 0
0 -1.2874597808028456 0
0 -1.2660105215598303 0
0 -1.4626528681941062 0
0 -1.4014275944524923 0
0 -1.5087862319732643 0
0 -1.4732508915496378 0
0 -1.3633928702077081 0
0 -1.3406392000058118 0
0 -1.447627745032505 0
0 -1.4322063140365191 0
0 -1.5526976547015057 0
0 -1.5692412562253717 0
0 -1.6402314562106952 0
0 -1.5647921567491432 0
0 -1.5587318748472783 0
0 -1.6608672442526962 0
0 -1.666208069216975 0
0 -1.3917392587982607 0
0 -1.3522023827722789 0
0 -1.4598948323078131 0
0 -1.4381268049053739 0
0 -1.3252975670347185 0
0 -1.3097065895340916 0
0 -1.4203495969350415 0
0 -1.4106152569779571 0
0 -1.5276530444415943 0
0 -1.5557077565970228 0
0 -1.6528993383071662 0
0 -1.559948839275364 0
0 -1.5597490549820776 0
0 -1.686062913732093 0
0 -1.6998902037872443 0
0 -1.3795627075443186 0
0 -1.346917658793243 0
0 -1.3643234529267245 0
0 -1.335614656457611 0
0 -1.3013095994563932 0
0 -1.2520535139447959 0
0 -1.2959145723993626 0
0 -1.2534120952304784 0
0 -1.419756224264515 0
0 -1.392191189091593 0
0 -1.4142762196629208 0
0 -1.3847925276882906 0
0 -1.3433551113431879 0
0 -1.3573522119949042 0
0 -1.3804161372356112 0
0 -1.4057759206021021 0
0 -1.3729537144342214 0
0 -1.4006586845729192 0
0 -1.2695842367901671 0
0 -1.335040709013998 0
0 -1.2691772295715196 0
0 -1.3482814723489347 0
0 -1.2907556052293401 0
0 -1.2876940304697906 0
0 -1.3981609379620343 0
0 -1.3703051100536778 0
0 -1.4750236000762433 0
0 -1.4570021528154613 0
0 -1.3364628683993951 0
0 -1.2999157487398034 0
0 -1.4328049281767854 0
0 -1.4047088826142202 0
0 -1.5467498590261135 0
0 -1.5752624931138601 0
0 -1.5853231962704737 0
0 -1.6704483522553595 0
0 -1.5746314041356511 0
0 -1.5621158657595813 0
0 -1.7059013308980138 0
0 -1.7177858181186583 0
0 -1.4408060234352147 0
0 -1.4154529785176009 0
0 -1.5153319388011379 0
0 -1.4978116700371464 0
0 -1.4374229270811274 0
0 -1.4089851104717137 0
0 -1.5130099454388826 0
0 -1.4938240945606343 0
0 -1.3751510067646662 0
0 -1.3156661020823779 0
0 -1.4685665533089722 0
0 -1.420123367888245 0
0 -1.3900009699104143 0
0 -1.3351149649348695 0
0 -1.482901054372336 0
0 -1.4387367534352447 0
0 -1.5779865814974812 0
0 -1.604014962124948 0
0 -1.6003728553441545 0
0 -1.6871107198930098 0
0 -1.5764499614132406 0
0 -1.6026067949075715 0
0 -1.6031723843526517 0
0 -1.6898777865050159 0
0 -1.601682593388136 0
0 -1.5767467668717692 0
0 -1.7238608265021591 0
0 -1.7325720540732978 0
0 -1.612927471664489 0
0 -1.5919775136728136 0
0 -1.7316537108161221 0
0 -1.7432592755408385 0
0 -1.3279558680627899 0
0 -1.334493615477423 0
0 -1.2815543767905495 0
0 -1.2933054369404662 0
0 -1.2772900699381415 0
0 -1.2875516324833085 0
0 -1.3195067494313868 0
0 -1.3149662479948834 0
0 -1.3256555417061731 0
0 -1.3046737377905613 0
0 -1.247589649398706 0
0 -1.2476363869653371 0
0 -1.2691386542416789 0
0 -1.2493633228044079 0
0 -1.2498227770776946 0
0 -1.2693543934938265 0
0 -1.2748661370583132 0
0 -1.2491023414213844 0
0 -1.2749176186418223 0
0 -1.2492532776179182 0
0 -1.3188627772260912 0
0 -1.3294982647591329 0
0 -1.3601105682664634 0
0 -1.416711284286964 0
0 -1.4270371977088567 0
0 -1.4537298944445514 0
0 -1.3662181364998307 0
0 -1.3475750086495888 0
0 -1.4605394056058751 0
0 -1.4507157373230326 0
0 -1.5516499469366605 0
0 -1.5591749329540856 0
0 -1.5765650093949681 0
0 -1.6659006989241343 0
0 -1.6678113039147575 0
0 -1.67712987564958 0
0 -1.5858168756792936 0
0 -1.5894501988961109 0
0 -1.6898199665103626 0
0 -1.7015748694446196 0
0 -1.2965033034995097 0
0 -1.2969877886806258 0
0 -1.3158694042788848 0
0 -1.401138821908368 0
0 -1.4029093473604572 0
0 -1.4201876421061657 0
0 -1.3221598921208004 0
0 -1.2993443942383314 0
0 -1.4277140977349054 0
0 -1.4149349848928823 0
0 -1.5564756887539373 0
0 -1.5592089462650651 0
0 -1.5731749866309608 0
0 -1.7048425698806373 0
0 -1.7094867669485223 0
0 -1.7193253679664711 0
0 -1.5826424551511531 0
0 -1.5859253705481589 0
0 -1.7292922823744179 0
0 -1.7406866605077369 0
0 -1.2313277170957158 0
0 -1.2410065676856956 0
0 -1.2654828759418446 0
0 -1.2362403876967141 0
0 -1.2457743369234529 0
0 -1.2691246959238431 0
0 -1.2730466989887197 0
0 -1.2472730873452782 0
0 -1.2762071614206489 0
0 -1.2499700841860317 0
0 -1.2859967555310314 0
0 -1.2291435615378823 0
0 -1.2412781479214239 0
0 -1.2719785764978382 0
0 -1.2348742881154535 0
0 -1.2466900008827726 0
0 -1.2748436922324373 0
0 -1.2214595312867886 0
0 -1.2069829455793155 0
0 -1.2290769238381631 0
0 -1.2275679577692793 0
0 -1.2156957413707781 0
0 -1.236590599194342 0
0 -1.2510271161649722 0
0 -1.2877697689955021 0
0 -1.2532933941168876 0
0 -1.2439906858536056 0
0 -1.2091976708717476 0
0 -1.2501294118644986 0
0 -1.2168356835898708 0
0 -1.2862186535044664 0
0 -1.2965227249447897 0
0 -1.3204742445195288 0
0 -1.3949794651219012 0
0 -1.4055478801719974 0
0 -1.4273328025498266 0
0 -1.3274120723338283 0
0 -1.3032547001084607 0
0 -1.4366766321748417 0
0 -1.4222747192673901 0
0 -1.5594995754974388 0
0 -1.5690905490000362 0
0 -1.5857966301513373 0
0 -1.7252757083161241 0
0 -1.7340942049694232 0
0 -1.7450239271566335 0
0 -1.5972910602141439 0
0 -1.600012564701657 0
0 -1.7552999547637795 0
0 -1.7664452754170812 0
0 -1.2859690767456262 0
0 -1.2996524947020609 0
0 -1.3279101878909316 0
0 -1.3966060337228245 0
0 -1.4104959484443467 0
0 -1.4373603958641994 0
0 -1.2803874667481479 0
0 -1.2711808599970367 0
0 -1.2923383180222037 0
0 -1.3923747387193939 0
0 -1.385526017590301 0
0 -1.4064346953009641 0
0 -1.3420234845649963 0
0 -1.3088152043719017 0
0 -1.4524445685609422 0
0 -1.429261299566942 0
0 -1.3064215284334306 0
0 -1.2750091166868249 0
0 -1.4218279228374222 0
0 -1.4002122537407664 0
0 -1.56432349313178 0
0 -1.5768000896168453 0
0 -1.5983528017893556 0
0 -1.7367944790151579 0
0 -1.7475258073881246 0
0 -1.7608038548063549 0
0 -1.5631974313159693 0
0 -1.5610936052516231 0
0 -1.5777933337388723 0
0 -1.740935558973449 0
0 -1.7460203972673856 0
0 -1.7568032481662048 0
0 -1.613633547883216 0
0 -1.6100150211632698 0
0 -1.7726367198313804 0
0 -1.7809338439268825 0
0 -1.593932501022735 0
0 -1.5915026541430222 0
0 -1.7694872515208238 0
0 -1.7791137418206353 0
0 -1.583133335525212 0
0 -1.5908650835625848 0
0 -1.6676879680882291 0
0 -1.7056479921350254 0
0 -1.7200780461378553 0
0 -1.5766718680469802 0
0 -1.6727036576249905 0
0 -1.6749325758881255 0
0 -1.7209558117289292 0
0 -1.7408189460618271 0
0 -1.7259635356362233 0
0 -1.7480754966417185 0
0 -1.5735876424160375 0
0 -1.5947714484761986 0
0 -1.6970878422871523 0
0 -1.7488874643630057 0
0 -1.7738343393094427 0
0 -1.5982067925867649 0
0 -1.7110743889753657 0
0 -1.7163443485566867 0
0 -1.7705981895341831 0
0 -1.8009035959067401 0
0 -1.7779134139495296 0
0 -1.810432960597941 0
0 -1.5755276581370656 0
0 -1.5764759883222144 0
0 -1.6782306054016134 0
0 -1.7276520236659381 0
0 -1.7508234983518143 0
0 -1.5752286394814254 0
0 -1.6800678228926298 0
0 -1.5884370402069383 0
0 -1.6822251058319393 0
0 -1.7271864599189031 0
0 -1.7508583707992229 0
0 -1.7244094379324295 0
0 -1.7464164302864891 0
0 -1.6081205874641289 0
0 -1.717316345592627 0
0 -1.6040356577133195 0
0 -1.7798202055155328 0
0 -1.8136050318838519 0
0 -1.5852407715479384 0
0 -1.7138367952770002 0
0 -1.5859307057249687 0
0 -1.7127501556310971 0
0 -1.7795167923696231 0
0 -1.8139438593273514 0
0 -1.7781536215857108 0
0 -1.8121151903912018 0
0 -1.7174048547304226 0
0 -1.6074085724902409 0
0 -1.7752825219649899 0
0 -1.804696812246017 0
0 -1.8367875505186408 0
0 -1.6288477475476859 0
0 -1.7378346164594358 0
0 -1.6523332726140818 0
0 -1.7473412322025359 0
0 -1.8012797783079331 0
0 -1.8104328370082148 0
0 -1.8478037609128097 0
0 -1.7307067274914143 0
0 -1.6173530010796988 0
0 -1.7369552906330226 0
0 -1.6280793257407933 0
0 -1.791390135848099 0
0 -1.8224732754574782 0
0 -1.856750338033327 0
0 -1.79867988775268 0
0 -1.831312444221106 0
0 -1.8663682057707571 0
0 -1.6477816207316183 0
0 -1.7537708883702827 0
0 -1.6751399945529204 0
0 -1.7651760832618852 0
0 -1.6612706408819566 0
0 -1.760934900027906 0
0 -1.6758069948805818 0
0 -1.7704002059718547 0
0 -1.8188385683793891 0
0 -1.828937756653215 0
0 -1.8686909563793244 0
0 -1.8266407374855698 0
0 -1.8368214774390323 0
0 -1.8788312713586164 0
0 -1.7482067127753622 0
0 -1.6486981061873098 0
0 -1.8125600048192314 0
0 -1.8513392222540324 0
0 -1.8521644783047806 0
0 -1.6187613857470211 0
0 -1.7422384347079543 0
0 -1.6105082663470807 0
0 -1.738846616287995 0
0 -1.8121251128967752 0
0 -1.8113329685256225 0
0 -1.851761282667078 0
0 -1.7662845975219932 0
0 -1.6713432973022755 0
0 -1.770524016676331 0
0 -1.6667057748133691 0
0 -1.831507514093317 0
0 -1.8726673210821987 0
0 -1.8316039634334402 0
0 -1.8739970256541381 0
0 -1.8398327059222543 0
0 -1.8832251080495193 0
0 -1.8411034684015082 0
0 -1.8851150527962734 0
0 -1.6427332266128445 0
0 -1.76072635066878 0
0 -1.6368445067034076 0
0 -1.7581661404900997 0
0 -1.6526999030301759 0
0 -1.7684332756105918 0
0 -1.6532548915965515 0
0 -1.7693713099413533 0
0 -1.8315689513794797 0
0 -1.8743749889366725 0
0 -1.8423705411332991 0
0 -1.8861130668398791 0
0 -1.7220591140452635 0
0 -1.7221627788770653 0
0 -1.7319801466670914 0
0 -1.7468669421894369 0
0 -1.7590686517369785 0
0 -1.744402031547732 0
0 -1.7472951626209519 0
0 -1.7615914775684882 0
0 -1.7543500147855082 0
0 -1.760949196426989 0
0 -1.7768665935690107 0
0 -1.776518434124841 0
0 -1.7855624762312077 0
0 -1.7900069276023463 0
0 -1.7954035419889194 0
0 -1.7852969534917431 0
0 -1.79249141746132 0
0 -1.8007975839600396 0
0 -1.8095482135484311 0
0 -1.8179880862929061 0
0 -1.8470082197340831 0
0 -1.8156270210001058 0
0 -1.8247002798119898 0
0 -1.8333796760888745 0
0 -1.8269188784304617 0
0 -1.8370869589267904 0
0 -1.8460234472331181 0
0 -1.8410187274081931 0
0 -1.8529903031788533 0
0 -1.8576123275257139 0
0 -1.7591729296031309 0
0 -1.7658237461188908 0
0 -1.7802324692285449 0
0 -1.792823095242108 0
0 -1.7958034233482678 0
0 -1.7607479464236355 0
0 -1.7656120771100341 0
0 -1.777797214153936 0
0 -1.7577390399282604 0
0 -1.7639018128694122 0
0 -1.7763512420348793 0
0 -1.7921911613353754 0
0 -1.7962844748590925 0
0 -1.7925883855899116 0
0 -1.8014810929500553 0
0 -1.8310339979956305 0
0 -1.8414952767568238 0
0 -1.8502321775962272 0
0 -1.8318943744414391 0
0 -1.8425208063331191 0
0 -1.8512606595042724 0
0 -1.8569086041698419 0
0 -1.8611620930465209 0
0 -1.8583193174131758 0
0 -1.863050765016401 0
0 -1.8304182297115676 0
0 -1.8417665206477021 0
0 -1.851219055179216 0
0 -1.8591856870822556 0
0 -1.864751144605137 0
0 -1.8202692746131413 0
0 -1.8302138559779755 0
0 -1.8384448896007406 0
0 -1.8561824391884225 0
0 -1.8674785550650363 0
0 -1.875144566822621 0
0 -1.8455563935936359 0
0 -1.8528077761965893 0
0 -1.8805561497796626 0
0 -1.884937630743561 0
0 -1.8687484732621349 0
0 -1.8807707347413514 0
0 -1.8884084209041274 0
0 -1.8932848089571663 0
0 -1.8966351527144159 0
0 -1.8390510320384781 0
0 -1.850083787557407 0
0 -1.8586298324364483 0
0 -1.878228156045018 0
0 -1.8905941278750173 0
0 -1.8981855103511285 0
0 -1.8478316372726853 0
0 -1.8582938146348655 0
0 -1.8664266169227233 0
0 -1.8890607658976497 0
0 -1.9019549450550994 0
0 -1.9095782023605412 0
0 -1.8657081815831136 0
0 -1.8723018779867242 0
0 -1.9029611238345789 0
0 -1.9066823285163148 0
0 -1.8735752184026677 0
0 -1.8804149739859906 0
0 -1.91419482966303 0
0 -1.917704857045943 0
0 -1.8918003663993077 0
0 -1.9048753532924476 0
0 -1.9123575725602102 0
0 -1.903341849756867 0
0 -1.9170713057299966 0
0 -1.9246210329503861 0
0 -1.9165593651994 0
0 -1.9192252001974524 0
0 -1.9286072894900352 0
0 -1.9309451435663323 0
0 -1.8730546638061436 0
0 -1.8854051260189086 0
0 -1.8930724280300155 0
0 -1.8743047714930263 0
0 -1.8868591495645932 0
0 -1.8946556026047472 0
0 -1.8978453664204189 0
0 -1.9009348538979434 0
0 -1.8995722787391784 0
0 -1.9027205988793958 0
0 -1.8740971056247104 0
0 -1.8868981278274437 0
0 -1.8949759119549447 0
0 -1.9001849732548568 0
0 -1.9035080216053966 0
0 -1.8964727038756359 0
0 -1.9098225330838854 0
0 -1.9173196420794618 0
0 -1.8981008423266266 0
0 -1.9115308617201223 0
0 -1.9190552229743076 0
0 -1.9222633065323504 0
0 -1.90832825747832 0
0 -1.9297901789450833 0
0 -1.9102434829250388 0
0 -1.9241095798286032 0
0 -1.9315722967523759 0
0 -1.9214059740886409 0
0 -1.9237834922858388 0
0 -1.923155648220038 0
0 -1.9254724473635596 0
0 -1.9336336562933831 0
0 -1.9356517291366153 0
0 -1.9353668055647089 0
0 -1.9372842179960619 0
0 -1.8985460258179301 0
0 -1.9120039638320869 0
0 -1.9195773575136676 0
0 -1.9110311694843132 0
0 -1.9247636122866068 0
0 -1.9321565332027524 0
0 -1.9237373655675296 0
0 -1.9260595271669951 0
0 -1.9359212043103546 0
0 -1.9377958145840324 0
0 -1.6159259043016934 0
0 -1.6311051982362235 0
0 -1.6033922386491972 0
0 -1.60000423961173 0
0 -1.605199084985498 0
0 -1.6137116020684579 0
0 -1.6428708198002391 0
0 -1.7199116266327572 0
0 -1.688351999005147 0
0 -1.6818226304694113 0
0 -1.5952142567576917 0
0 -1.7183750638609259 0
0 -1.7371001045322605 0
0 -1.712999002521316 0
0 -1.5903367613751196 0
0 -1.776279484726965 0
0 -1.8094500985322921 0
0 -1.7378372798242141 0
0 -1.6060066335456991 0
0 -1.8106115492587653 0
0 -1.8515005797171056 0
0 -1.7585023305760443 0
0 -1.6375056679307276 0
0 -1.6582335575383913 0
0 -1.7712576007141889 0
0 -1.8315426278111733 0
0 -1.8749147007430507 0
0 -1.8431981167382949 0
0 -1.8870340589101948 0
0 -1.7484881761353965 0
0 -1.7585401274676329 0
0 -1.7740651907982488 0
0 -1.7925651156990257 0
0 -1.8062451889034146 0
0 -1.8276511881037862 0
0 -1.8396997565538371 0
0 -1.8501199369456485 0
0 -1.8590739458154351 0
0 -1.8655439538133032 0
0 -1.8867955790027064 0
0 -1.8738977764930111 0
0 -1.8950720698672467 0
0 -1.9005064622909014 0
0 -1.9040936162940052 0
0 -1.8991643091162207 0
0 -1.9125651115679754 0
0 -1.9201006791266195 0
0 -1.9118806743812882 0
0 -1.9254639616337457 0
0 -1.9327340141873302 0
0 -1.9242507667668298 0
0 -1.9266393623460949 0
0 -1.9364197488332755 0
0 -1.9382967035917213 0
0 -1.3460741287601412 0
0 -1.3048022448238625 0
0 -1.3096543622982355 0
0 -1.3305641029935595 0
0 -1.298860244312231 0
0 -1.2687302272780872 0
0 -1.2972383389937592 0
0 -1.2673644510709454 0
0 -1.2484977793492573 0
0 -1.197891025611582 0
0 -1.2406146151497635 0
0 -1.1976121213776598 0
0 -1.1948652342260992 0
0 -1.206387692871147 0
0 -1.1975181081105806 0
0 -1.2116661140255713 0
0 -1.3743107238744707 0
0 -1.3401449730799133 0
0 -1.4645615530374601 0
0 -1.4376111375890468 0
0 -1.3424688838465575 0
0 -1.3176486120657465 0
0 -1.4434316175312791 0
0 -1.4248832059771641 0
0 -1.549704335446652 0
0 -1.5691849465113936 0
0 -1.5944238808731515 0
0 -1.6795451405661881 0
0 -1.587512709971048 0
0 -1.5829539938699946 0
0 -1.7225688074454568 0
0 -1.7402055141923218 0
0 -1.2958263276659272 0
0 -1.2495697528005547 0
0 -1.4072396588332248 0
0 -1.3634740992644783 0
0 -1.2507446222019547 0
0 -1.2673399419069349 0
0 -1.3648247092847665 0
0 -1.3812712909564393 0
0 -1.5273975984290904 0
0 -1.5247804150079816 0
0 -1.6662883683313288 0
0 -1.5351447672725373 0
0 -1.5523377524078967 0
0 -1.7025332685240844 0
0 -1.7272598577089877 0
0 -1.1562030567239008 0
0 -1.0928586411610153 0
0 -1.1608254182814493 0
0 -1.1081490948223327 0
0 -1.0947962378526823 0
0 -1.1482378946175196 0
0 -1.1109838929809428 0
0 -1.1601931490282336 0
0 -1.1099240102037014 0
0 -1.0408903156469456 0
0 -1.1204703769399913 0
0 -1.0636164069756862 0
0 -1.0555013288507062 0
0 -1.1420920783633208 0
0 -1.0774105262732983 0
0 -1.1522628074168604 0
0 -1.225065327259804 0
0 -1.1708685448543199 0
0 -1.3516827943160969 0
0 -1.2974957012452593 0
0 -1.1739012718597344 0
0 -1.2195705878018888 0
0 -1.299714540516737 0
0 -1.3410674031807674 0
0 -1.50896471656804 0
0 -1.4854638396062492 0
0 -1.618159258788971 0
0 -1.6585831668278541 0
0 -1.491279616522095 0
0 -1.5267695558665526 0
0 -1.6866844553654345 0
0 -1.7183401542570207 0
0 -1.1914442424895071 0
0 -1.134521456563589 0
0 -1.3283264333289282 0
0 -1.2741019911905174 0
0 -1.1464300257316162 0
0 -1.2155446402685011 0
0 -1.284160826300131 0
0 -1.3458644959711621 0
0 -1.504546770052674 0
0 -1.4795921405489192 0
0 -1.6361189256379245 0
0 -1.6624510427326342 0
0 -1.4933572656996414 0
0 -1.5417275154301406 0
0 -1.6933685313946711 0
0 -1.7297606271530463 0
0 -1.2027115426450283 0
0 -1.1756672334503457 0
0 -1.1806699534386895 0
0 -1.2111759778111546 0
0 -1.1874392158110449 0
0 -1.1934755507466355 0
0 -1.2005659316364339 0
0 -1.1899158823784071 0
0 -1.2119290955197155 0
0 -1.2006323926006579 0
0 -1.1989132382256014 0
0 -1.1951257468144321 0
0 -1.1930543910319444 0
0 -1.2078516004880822 0
0 -1.2056623440639933 0
0 -1.2052400546785649 0
0 -1.210169642573663 0
0 -1.2295946641427791 0
0 -1.2211987411735215 0
0 -1.2358026339435537 0
0 -1.2659252168853086 0
0 -1.2479393182736711 0
0 -1.2516501209084192 0
0 -1.3805796484306168 0
0 -1.3641929477508694 0
0 -1.3701090119664967 0
0 -1.270473404811115 0
0 -1.2609038648718744 0
0 -1.3897059159321488 0
0 -1.3885039312522762 0
0 -1.5551262338985179 0
0 -1.5446330402463728 0
0 -1.5526168998263588 0
0 -1.7387481884184715 0
0 -1.7403694963859744 0
0 -1.7483761456490656 0
0 -1.5716712249667284 0
0 -1.5836525246067183 0
0 -1.7622346544520355 0
0 -1.7777003465396519 0
0 -1.2643602698167138 0
0 -1.2632675712229087 0
0 -1.26400295802424 0
0 -1.3801844122832576 0
0 -1.3802912355652166 0
0 -1.3822738475158098 0
0 -1.2803669822833565 0
0 -1.2959397704455256 0
0 -1.3998109189486432 0
0 -1.4218474364307203 0
0 -1.5562758438004132 0
0 -1.5592243023597061 0
0 -1.5622473125374525 0
0 -1.7401170586674513 0
0 -1.7480554542536644 0
0 -1.7531975207289037 0
0 -1.5800966122667719 0
0 -1.6082216559226885 0
0 -1.7663658983007759 0
0 -1.7867946474176002 0
0 -1.2131858087718099 0
0 -1.24439961298793 0
0 -1.2278885258588976 0
0 -1.2201419099737436 0
0 -1.2493189182984288 0
0 -1.2363038670406798 0
0 -1.2219370489482333 0
0 -1.2395568847705307 0
0 -1.2319566514079785 0
0 -1.2443216034606026 0
0 -1.2846330187078812 0
0 -1.2434466919580349 0
0 -1.238889247847927 0
0 -1.24266247700563 0
0 -1.282673343446032 0
0 -1.2433114453055532 0
0 -1.1955239071392647 0
0 -1.1846802569124357 0
0 -1.2060301519544776 0
0 -1.1950920421128985 0
0 -1.2774648392797712 0
0 -1.3059840792436632 0
0 -1.2937973816345887 0
0 -1.394273073550196 0
0 -1.421110753865503 0
0 -1.4117201958466234 0
0 -1.2917154821988599 0
0 -1.3060018373346751 0
0 -1.412339214681859 0
0 -1.4332252380435837 0
0 -1.5684198403582799 0
0 -1.5916911284618485 0
0 -1.5874257667034783 0
0 -1.7463712997340402 0
0 -1.763579756261497 0
0 -1.766185135004074 0
0 -1.5925287903674046 0
0 -1.6198505992551595 0
0 -1.7732645519790733 0
0 -1.791781578125212 0
0 -1.2999718095098272 0
0 -1.3393897563018018 0
0 -1.3020039010355371 0
0 -1.4219129581520691 0
0 -1.458559335080851 0
0 -1.4268901266690366 0
0 -1.2679775801590147 0
0 -1.2618844877866819 0
0 -1.3992658723131461 0
0 -1.4048857550778371 0
0 -1.5982751159755499 0
0 -1.6273118844094445 0
0 -1.6092979359021122 0
0 -1.7632105075588564 0
0 -1.7802737787334861 0
0 -1.7784030161891382 0
0 -1.5957386931796189 0
0 -1.6131720310958568 0
0 -1.7794965729713423 0
0 -1.7929943654675375 0
0 -1.7350104129236767 0
0 -1.6235039107473257 0
0 -1.7980156377935619 0
0 -1.8326614876622398 0
0 -1.869220018786423 0
0 -1.6497270959479724 0
0 -1.7579224687341486 0
0 -1.6466174608405975 0
0 -1.764009326352787 0
0 -1.8274203683971189 0
0 -1.8373183708694438 0
0 -1.88205301463424 0
0 -1.5947093177566154 0
0 -1.7316866904915409 0
0 -1.6168263116955968 0
0 -1.7934328546327047 0
0 -1.8297166432436609 0
0 -1.8681332164268076 0
0 -1.6269547896104537 0
0 -1.7516100935985335 0
0 -1.6162970497175828 0
0 -1.7549841948874767 0
0 -1.8249494209864143 0
0 -1.8344671567160518 0
0 -1.8810389195154265 0
0 -1.7628677462106139 0
0 -1.632628170840259 0
0 -1.8407470123368113 0
0 -1.8867849430161863 0
0 -1.8435066570903884 0
0 -1.8892296458071955 0
0 -1.6361389568526756 0
0 -1.7653266087151651 0
0 -1.6486033220571503 0
0 -1.7714270314596239 0
0 -1.846362437305618 0
0 -1.8907854018891639 0
0 -1.7542614803111807 0
0 -1.6032674981519923 0
0 -1.8382862754445524 0
0 -1.8858802797170544 0
0 -1.842416641763394 0
0 -1.888711664033365 0
0 -1.6168473368542757 0
0 -1.7602005256661621 0
0 -1.6433418521407637 0
0 -1.7709329421764286 0
0 -1.8467581068434693 0
0 -1.8907419478632894 0
0 -1.7357238879546775 0
0 -1.6473246030028517 0
0 -1.7901481434320086 0
0 -1.8269904199953853 0
0 -1.8651538070073721 0
0 -1.6363558560808464 0
0 -1.7528140749473098 0
0 -1.6192090046371572 0
0 -1.7532135962146023 0
0 -1.8222559464794443 0
0 -1.8310551635102328 0
0 -1.8773574564628999 0
0 -1.7403722568522053 0
0 -1.6737872270293257 0
0 -1.7899640897780182 0
0 -1.8272438460899303 0
0 -1.8603256011047844 0
0 -1.6470302973586455 0
0 -1.7558535322041895 0
0 -1.6242564718646779 0
0 -1.7531221422501357 0
0 -1.8190318286662446 0
0 -1.8257148086538535 0
0 -1.8707280197881868 0
0 -1.7544391111617035 0
0 -1.6157404272907003 0
0 -1.8349692668029738 0
0 -1.8817938098229803 0
0 -1.8399248319815869 0
0 -1.884600332720439 0
0 -1.6279939757316522 0
0 -1.7625123509359264 0
0 -1.6566393890794349 0
0 -1.7741847438732981 0
0 -1.8454306251259653 0
0 -1.8870555708456085 0
0 -1.754499424504339 0
0 -1.6332220420392409 0
0 -1.8271737028828168 0
0 -1.8734380579598071 0
0 -1.8315898739150362 0
0 -1.8736765149726116 0
0 -1.6472980736463851 0
0 -1.763610817458501 0
0 -1.6677830118638588 0
0 -1.776111641890584 0
0 -1.8395116011978589 0
0 -1.8758972346047893 0
0 -1.8501575860619723 0
0 -1.8605710115464951 0
0 -1.8682404148844107 0
0 -1.8930434725015224 0
0 -1.9063614974070817 0
0 -1.9139652794475142 0
0 -1.8755983466075863 0
0 -1.8832261624621729 0
0 -1.9184672198423673 0
0 -1.9218894128235755 0
0 -1.9077161531191287 0
0 -1.9218900050777132 0
0 -1.9294831988019401 0
0 -1.9333386697851238 0
0 -1.9354914799243346 0
0 -1.8505274368086917 0
0 -1.8625339535174934 0
0 -1.8696263987133572 0
0 -1.8929745537924658 0
0 -1.9066789522395391 0
0 -1.9140463768223841 0
0 -1.8764208465655672 0
0 -1.8841372756010053 0
0 -1.9181003405003925 0
0 -1.921171869986023 0
0 -1.907432834608374 0
0 -1.9218081074313778 0
0 -1.9292373355598171 0
0 -1.9327660467840371 0
0 -1.9346491662966343 0
0 -1.9128720305893006 0
0 -1.9271626599091121 0
0 -1.9347217454909771 0
0 -1.9149603645899487 0
0 -1.9290186931244848 0
0 -1.9364571839185087 0
0 -1.9384511543242136 0
0 -1.9402874354435076 0
0 -1.940131139594832 0
0 -1.941867878367004 0
0 -1.91592556942958 0
0 -1.9296833805172169 0
0 -1.9369747377878319 0
0 -1.9405871905910659 0
0 -1.9422702307957047 0
0 -1.9124676499598168 0
0 -1.9269047545797298 0
0 -1.9343912536073724 0
0 -1.9145087177305271 0
0 -1.928571860160629 0
0 -1.935973027509754 0
0 -1.9379398847455311 0
0 -1.9396153162250003 0
0 -1.939585135800777 0
0 -1.9412501791359735 0
0 -1.9154943173597083 0
0 -1.929045595309109 0
0 -1.9362515255076598 0
0 -1.9398415169731771 0
0 -1.9414848167218044 0
0 -1.8509893775932738 0
0 -1.8645977147023054 0
0 -1.8707859464203915 0
0 -1.8904904376992795 0
0 -1.9041281727894619 0
0 -1.9106556810298965 0
0 -1.8754580307022239 0
0 -1.881980006476436 0
0 -1.9135862746606844 0
0 -1.9157666359723367 0
0 -1.9039239925948699 0
0 -1.918142601365989 0
0 -1.9249061193264885 0
0 -1.9275483174844077 0
0 -1.9287991839033358 0
0 -1.8533195982433066 0
0 -1.8646233762826188 0
0 -1.8674150771684999 0
0 -1.8870074319829362 0
0 -1.8982784650479501 0
0 -1.9015069124564949 0
0 -1.8716204103753604 0
0 -1.8758958253761187 0
0 -1.9028681970097532 0
0 -1.900534230699515 0
0 -1.8980767232814488 0
0 -1.9105538516700653 0
0 -1.9143672438925607 0
0 -1.914000552701091 0
0 -1.9107636593516277 0
0 -1.9228328291750485 0
0 -1.9083799009399642 0
0 -1.9300139808414851 0
0 -1.9099302230069273 0
0 -1.9239921363699219 0
0 -1.9313897043313575 0
0 -1.9330742664345153 0
0 -1.9344324303305702 0
0 -1.9349543594009111 0
0 -1.9366185442946757 0
0 -1.9107018447480297 0
0 -1.9239295640476053 0
0 -1.9311769085044364 0
0 -1.9349582652131097 0
0 -1.9367602891558464 0
0 -1.9015417574126796 0
0 -1.9154852817615056 0
0 -1.921132443236349 0
0 -1.9002175978529336 0
0 -1.9159730946393181 0
0 -1.9233446475537426 0
0 -1.9213483187506988 0
0 -1.920418741458408 0
0 -1.9255450069684679 0
0 -1.9273225094569515 0
0 -1.8979513307707425 0
0 -1.9129371591027124 0
0 -1.9207283178449694 0
0 -1.9250733302255989 0
0 -1.9291443602852698 0
0 -1.6515529589712155 0
0 -1.7744475935744501 0
0 -1.8479445551267897 0
0 -1.8919523517375785 0
0 -1.7762338945069849 0
0 -1.6530059526243621 0
0 -1.8489534405497881 0
0 -1.8921394632900177 0
0 -1.7820693757111699 0
0 -1.6813611336567702 0
0 -1.8484608776513418 0
0 -1.8889111673880581 0
0 -1.7863642650396661 0
0 -1.6945301483210582 0
0 -1.8469515046461122 0
0 -1.8814945009650432 0
0 -1.9168273822150552 0
0 -1.9303422116510895 0
0 -1.9374584201700895 0
0 -1.940965335561267 0
0 -1.9426268306217325 0
0 -1.9163857441468062 0
0 -1.9295376746826236 0
0 -1.9365032137493157 0
0 -1.9399735740292592 0
0 -1.9415788161266485 0
0 -1.9115987562759784 0
0 -1.9240808163934056 0
0 -1.9309810869868087 0
0 -1.9346679996172311 0
0 -1.9364200552299802 0
0 -1.8991314541221425 0
0 -1.9111328635859188 0
0 -1.9186858460842398 0
0 -1.9235560272835666 0
0 -1.9269104997170452 0
-0 -0 -0
-0 1.6958600969251931 -0
-0 -0 -0
-0 1.5589763894312338 -0
-0 -0 -0
-0 -0 -0
-0 -0 -0
-0 -0 -0
-0 -0 -0
-0 -0 -0
-0 -0 -0
-0 1.6535286679903527 -0
-0 -0 -0
-0 1.6636284187590187 -0
-0 -0 -0
-0 -0 -0
-0 -0 -0
-0 -0 -0
-0 -0 -0
-0 -0 -0
-0 1.6381537775163244 -0
-0 1.481263390167155 -0
-0 -0 -0
-0 -0 -0
-0 -0 -0
-0 0.72229238171491128 -0
-0 -0 -0
-0 -0 -0
-0 -0 -0
-0 -0 -0
-0 -0 -0
-0 -0 -0
-0 1.6477586747325841 -0
-0 -0 -0
-0 1.8359945854916822 -0
-0 -0 -0
-0 -0 -0
-0 -0 -0
-0 -0 -0
-0 -0 -0
-0 1.8810344629819784 -0
-0 -0 -0
-0 1.871544236110618 -0
-0 1.9131754798181373 -0
-0 -0 -0
-0 -0 -0
-0 -0 -0
-0 -0 -0
-0 -0 -0
-0 -0 -0
-0 1.651888986824753 -0
-0 -0 -0
-0 1.3738582206268524 -0
-0 1.8479314032544669 -0
-0 -0 -0
-0 -0 -0
-0 -0 -0
-0 1.6027186186601565 -0
-0 -0 -0
-0 1.6875973801180362 -0
-0 1.5047823818297843 -0
-0 -0 -0
-0 1.6784508596845027 -0
-0 -0 -0
-0 -0 -0
-0 -0 -0
-0 -0 -0
-0 1.4293918124143064 -0
-0 -0 -0
-0 -0 -0
-0 -0 -0
-0 -0 -0
-0 -0 -0
-0 1.8603310564983038 -0
-0 -0 -0
-0 -0 -0
-0 1.5017492956356082 -0
-0 -0 -0
-0 1.5014211224837664 -0
-0 -0 -0
-0 -0 -0
-0 -0 -0
-0 -0 -0
-0 -0 -0
-0 1.3459809241639173 -0
-0 -0 -0
-0 -0 -0
-0 1.648551145732241 -0
-0 -0 -0
-0 -0 -0
-0 -0 -0
-0 1.5940436135524803 -0
-0 -0 -0
-0 -0 -0
-0 -0 -0
-0 1.5050169766031871 -0
-0 -0 -0
-0 -0 -0
-0 -0 -0
-0 1.6655397095124309 -0
-0 -0 -0
-0 -0 -0
-0 -0 -0
-0 1.6577300372353718 -0
-0 -0 -0
-0 -0 -0
-0 1.5646941935292991 -0
-0 1.5478503097597249 -0
-0 -0 -0
-0 -0 -0
-0 -0 -0
-0 1.5015281213545377 -0
-0 -0 -0
-0 1.4660397167742043 -0
-0 -0 -0
-0 1.5008980416780728 -0
-0 -0 -0
-0 1.9063123158847388 -0
-0 1.6413347022283089 -0
-0 1.6367576091367173 -0
-0 -0 -0
-0 1.6685626333646912 -0
-0 1.5015009931257191 -0
-0 1.584766675420008 -0
-0 -0 -0
-0 -0 -0
-0 -0 -0
-0 -0 -0
-0 1.6287259463235271 -0
-0 -0 -0
-0 -0 -0
-0 -0 -0
-0 -0 -0
-0 1.883800983303292 -0
-0 -0 -0
-0 -0 -0
-0 -0 -0
-0 -0 -0
-0 1.9096960925205557 -0
-0 -0 -0
-0 1.6074620379174525 -0
-0 -0 -0
-0 1.9000084603639804 -0
-0 -0 -0
-0 1.6623703233199743 -0
-0 -0 -0
-0 1.4859146391437086 -0
-0 -0 -0
-0 1.5874761967090825 -0
-0 -0 -0
-0 -0 -0
-0 1.4660845501948097 -0
-0 -0 -0
-0 -0 -0
-0 -0 -0
-0 -0 -0
-0 -0 -0
-0 -0 -0
-0 -0 -0
-0 -0 -0
-0 -0 -0
-0 -0 -0
-0 1.9061495088240863 -0
-0 -0 -0
-0 1.9154718807598317 -0
-0 1.6400932433068245 -0
-0 -0 -0
-0 -0 -0
-0 -0 -0
-0 -0 -0
-0 -0 -0
-0 -0 -0
-0 -0 -0
-0 1.6451899737136015 -0
-0 1.6480977263513039 -0
-0 -0 -0
-0 -0 -0
-0 -0 -0
-0 -0 -0
-0 -0 -0
-0 -0 -0
-0 -0 -0
-0 1.5604241496995055 -0
-0 -0 -0
-0 -0 -0
-0 -0 -0
-0 -0 -0
-0 1.6341878271524555 -0
-0 -0 -0
-0 -0 -0
-0 -0 -0
-0 -0 -0
-0 1.6459173296278311 -0
-0 -0 -0
-0 1.5810953195295931 -0
-0 -0 -0
-0 -0 -0
-0 -0 -0
-0 1.342708984346451 -0
-0 -0 -0
-0 -0 -0
-0 1.5923948926005802 -0
-0 1.8955624674819274 -0
-0 1.5002362015928215 -0
-0 -0 -0
-0 -0 -0
-0 -0 -0
-0 -0 -0
-0 -0 -0
-0 -0 -0
-0 -0 -0
-0 1.483083501340654 -0
-0 -0 -0
-0 -0 -0
-0 -0 -0
-0 -0 -0
-0 -0 -0
-0 0.35560419839060892 -0
-0 -0 -0
-0 1.0170148558324819 -0
-0 -0 -0
-0 -0 -0
-0 1.8975489115429489 -0
-0 -0 -0
-0 1.3508582357508914 -0
-0 -0 -0
-0 -0 -0
-0 -0 -0
-0 -0 -0
-0 -0 -0
-0 -0 -0
-0 -0 -0
-0 -0 -0
-0 -0 -0
-0 1.4995500679468632 -0
-0 -0 -0
-0 -0 -0
-0 1.8748675623063551 -0
-0 -0 -0
-0 -0 -0
-0 1.5012417275758927 -0
-0 -0 -0
-0 -0 -0
-0 -0 -0
-0 -0 -0
-0 -0 -0
-0 -0 -0
-0 -0 -0
-0 1.6131705171781692 -0
-0 -0 -0
-0 -0 -0
-0 1.5816131916128313 -0
-0 -0 -0
-0 -0 -0
-0 -0 -0
-0 -0 -0
-0 1.5928409201271454 -0
-0 -0 -0
-0 -0 -0
-0 -0 -0
-0 -0 -0
-0 -0 -0
-0 -0 -0
-0 -0 -0
-0 -0 -0
-0 1.4981833002667866 -0
-0 -0 -0
-0 -0 -0
-0 -0 -0
-0 -0 -0
-0 -0 -0
-0 1.4970693517370732 -0
-0 -0 -0
-0 -0 -0
-0 -0 -0
-0 -0 -0
-0 -0 -0
-0 1.4770892429500173 -0
-0 -0 -0
-0 -0 -0
-0 -0 -0
-0 1.6356450150499064 -0
-0 1.7103504817543771 -0
-0 -0 -0
-0 -0 -0
-0 -0 -0
-0 -0 -0
-0 -0 -0
-0 1.1024102602580677 -0
-0 1.7791007701882133 -0
-0 -0 -0
-0 -0 -0
-0 -0 -0
-0 1.336676379930517 -0
-0 -0 -0
-0 1.6541600725426198 -0
-0 -0 -0
-0 -0 -0
-0 -0 -0
-0 -0 -0
-0 -0 -0
-0 -0 -0
-0 1.604152729513844 -0
-0 -0 -0
-0 -0 -0
-0 -0 -0
-0 -0 -0
-0 1.6166282559840457 -0
-0 1.6106718839052094 -0
-0 -0 -0
-0 -0 -0
-0 -0 -0
-0 1.6063422185631993 -0
-0 -0 -0
-0 1.6489412078587515 -0
-0 -0 -0
-0 -0 -0
-0 -0 -0
-0 -0 -0
-0 1.4702529202461154 -0
-0 1.6111503328298811 -0
-0 -0 -0
-0 -0 -0
-0 -0 -0
-0 -0 -0
-0 -0 -0
-0 1.6334348538220669 -0
-0 1.7081005752374923 -0
-0 -0 -0
-0 -0 -0
-0 1.6228209549910768 -0
-0 -0 -0
-0 -0 -0
-0 1.6140367237531825 -0
-0 1.6536273907795014 -0
-0 -0 -0
-0 1.5745387507739967 -0
-0 -0 -0
-0 1.4752856653156541 -0
-0 -0 -0
-0 1.5894758262985809 -0
-0 -0 -0
-0 -0 -0
-0 -0 -0
-0 -0 -0
-0 -0 -0
-0 -0 -0
-0 1.6043674328443771 -0
-0 1.6256007035377849 -0
-0 -0 -0
-0 -0 -0
-0 -0 -0
-0 -0 -0
-0 -0 -0
-0 -0 -0
-0 -0 -0
-0 -0 -0
-0 -0 -0
-0 -0 -0
-0 -0 -0
-0 1.7051946173607218 -0
-0 -0 -0
-0 -0 -0
-0 -0 -0
-0 -0 -0
-0 -0 -0
-0 1.4428809773543032 -0
-0 1.6235491077624267 -0
-0 -0 -0
-0 -0 -0
-0 1.6148036093403189 -0
-0 -0 -0
-0 -0 -0
-0 -0 -0
-0 -0 -0
-0 -0 -0
-0 -0 -0
-0 -0 -0
-0 -0 -0
-0 -0 -0
-0 1.8176583312790935 -0
-0 1.61305038648731 -0
-0 -0 -0
-0 -0 -0
-0 -0 -0
-0 -0 -0
-0 -0 -0
-0 -0 -0
-0 1.490756350343645 -0
-0 -0 -0
-0 1.7880733499643897 -0
-0 -0 -0
-0 -0 -0
-0 -0 -0
-0 -0 -0
-0 -0 -0
-0 1.5891109623492381 -0
-0 1.687873228590397 -0
-0 -0 -0
-0 -0 -0
-0 -0 -0
-0 -0 -0
-0 -0 -0
-0 -0 -0
-0 -0 -0
-0 -0 -0
-0 1.6043180209751933 -0
-0 1.5760768217619052 -0
-0 -0 -0
-0 -0 -0
-0 -0 -0
-0 -0 -0
-0 -0 -0
-0 1.9024330698864718 -0
-0 -0 -0
-0 -0 -0
-0 -0 -0
-0 -0 -0
-0 -0 -0
-0 1.6323803374472983 -0
-0 1.6425764032078782 -0
-0 -0 -0
-0 1.5835122578278384 -0
-0 -0 -0
-0 1.5366039738191224 -0
-0 -0 -0
-0 -0 -0
-0 1.6881194925323926 -0
-0 1.4739036108307806 -0
-0 -0 -0
-0 1.4957885913192743 -0
-0 -0 -0
-0 -0 -0
-0 -0 -0
-0 1.5817756924605355 -0
-0 -0 -0
-0 1.8240762248350066 -0
-0 -0 -0
-0 -0 -0
-0 1.7928355716650848 -0
-0 -0 -0
-0 -0 -0
-0 -0 -0
-0 -0 -0
-0 -0 -0
-0 -0 -0
-0 -0 -0
-0 1.8460639888352919 -0
-0 -0 -0
-0 -0 -0
-0 -0 -0
-0 -0 -0
-0 1.5110143476007365 -0
-0 -0 -0
-0 -0 -0
-0 1.6480744606005195 -0
-0 1.6582455382186265 -0
-0 -0 -0
-0 -0 -0
-0 -0 -0
-0 -0 -0
-0 -0 -0
-0 -0 -0
-0 1.6304085409482219 -0
-0 -0 -0
-0 1.4986978429013815 -0
-0 -0 -0
-0 -0 -0
-0 1.7064323507926764 -0
-0 -0 -0
-0 1.6151146016938838 -0
-0 -0 -0
-0 -0 -0
-0 -0 -0
-0 -0 -0
-0 -0 -0
-0 -0 -0
-0 -0 -0
-0 1.6358424583371158 -0
-0 -0 -0
-0 -0 -0
-0 -0 -0
-0 -0 -0
-0 -0 -0
-0 -0 -0
-0 1.885580099997314 -0
-0 -0 -0
-0 -0 -0
-0 1.6306702765705905 -0
-0 1.5154222507636996 -0
-0 -0 -0
-0 -0 -0
-0 -0 -0
-0 -0 -0
-0 -0 -0
-0 1.8846476835890047 -0
-0 -0 -0
-0 -0 -0
-0 0.97377521338883877 -0
-0 -0 -0
-0 1.5032803451969343 -0
-0 1.4815231223858354 -0
-0 1.6228632144959523 -0
-0 -0 -0
-0 1.656831601222136 -0
-0 -0 -0
-0 1.6961052156656147 -0
-0 -0 -0
-0 1.6517213189734519 -0
-0 -0 -0
-0 -0 -0
-0 -0 -0
-0 -0 -0
-0 -0 -0
-0 -0 -0
-0 -0 -0
-0 -0 -0
-0 -0 -0
-0 1.6009551862554907 -0
-0 -0 -0
-0 -0 -0
-0 1.4659029132929804 -0
-0 -0 -0
-0 -0 -0
-0 -0 -0
-0 -0 -0
-0 0.16237605524432258 -0
-0 -0 -0
-0 -0 -0
-0 -0 -0
-0 -0 -0
-0 1.465537091692303 -0
-0 -0 -0
-0 1.654934134641989 -0
-0 -0 -0
-0 -0 -0
-0 -0 -0
-0 1.4236881728287911 -0
-0 -0 -0
-0 -0 -0
-0 -0 -0
-0 -0 -0
-0 1.6141256145616361 -0
-0 -0 -0
-0 -0 -0
-0 -0 -0
-0 -0 -0
-0 -0 -0
-0 -0 -0
-0 -0 -0
-0 -0 -0
-0 1.6620126929004368 -0
-0 -0 -0
-0 1.5470896379522738 -0
-0 -0 -0
-0 1.5074224222265304 -0
-0 -0 -0
-0 -0 -0
-0 -0 -0
-0 1.9145896344888731 -0
-0 -0 -0
-0 1.6176278093580956 -0
-0 -0 -0
-0 -0 -0
-0 1.5979572084937836 -0
-0 -0 -0
-0 -0 -0
-0 1.463708073762283 -0
-0 1.640997802379087 -0
-0 1.4575603378510527 -0
-0 -0 -0
-0 -0 -0
-0 -0 -0
-0 1.6435183746198625 -0
-0 -0 -0
-0 1.6475963055938831 -0
-0 -0 -0
-0 1.6754144476347177 -0
-0 -0 -0
-0 -0 -0
-0 -0 -0
-0 1.5789102755953661 -0
-0 1.6316693456098534 -0
-0 -0 -0
-0 -0 -0
-0 1.7372910603735687 -0
-0 -0 -0
-0 -0 -0
-0 1.5959981776941314 -0
-0 -0 -0
-0 1.4860766345460907 -0
-0 1.4664561261185527 -0
-0 -0 -0
-0 -0 -0
-0 1.5854223388172803 -0
-0 -0 -0
-0 -0 -0
-0 -0 -0
-0 -0 -0
-0 -0 -0
-0 1.646420272617718 -0
-0 -0 -0
-0 -0 -0
-0 1.6838728513108838 -0
-0 -0 -0
-0 1.826547698395949 -0
-0 -0 -0
-0 -0 -0
-0 -0 -0
-0 -0 -0
-0 -0 -0
-0 -0 -0
-0 -0 -0
-0 -0 -0
-0 -0 -0
-0 -0 -0
-0 -0 -0
-0 1.6076836726900934 -0
-0 -0 -0
-0 1.6029117580398264 -0
-0 -0 -0
-0 -0 -0
-0 -0 -0
-0 -0 -0
-0 -0 -0
-0 -0 -0
-0 -0 -0
-0 -0 -0
-0 -0 -0
-0 -0 -0
-0 1.6264023489729338 -0
-0 -0 -0
-0 -0 -0
-0 1.5926289942921477 -0
-0 1.4828800474970862 -0
-0 1.644549223101283 -0
-0 -0 -0
-0 -0 -0
-0 1.5964597895856694 -0
-0 -0 -0
-0 -0 -0
-0 -0 -0
-0 -0 -0
-0 -0 -0
-0 -0 -0
-0 -0 -0
-0 1.4799089007239608 -0
-0 -0 -0
-0 -0 -0
-0 1.6416224286558103 -0
-0 1.6925186468004412 -0
-0 -0 -0
-0 -0 -0
-0 1.9073489575092133 -0
-0 -0 -0
-0 -0 -0
-0 -0 -0
-0 -0 -0
-0 1.6330322554023695 -0
-0 -0 -0
-0 -0 -0
-0 -0 -0
-0 1.5065281804940958 -0
-0 -0 -0
-0 -0 -0
-0 -0 -0
-0 -0 -0
-0 1.6064558351920901 -0
-0 -0 -0
-0 -0 -0
-0 -0 -0
-0 -0 -0
-0 1.4951532861016035 -0
-0 -0 -0
-0 1.8959303444720974 -0
-0 -0 -0
-0 -0 -0
-0 -0 -0
-0 1.635906637403262 -0
-0 -0 -0
-0 -0 -0
-0 1.8982180971302003 -0
-0 -0 -0
-0 -0 -0
-0 -0 -0
-0 -0 -0
-0 -0 -0
-0 -0 -0
-0 -0 -0
-0 -0 -0
-0 -0 -0
-0 -0 -0
-0 -0 -0
-0 1.6733313823744218 -0
-0 -0 -0
-0 1.6631438437188482 -0
-0 -0 -0
-0 -0 -0
-0 1.6562203697811955 -0
-0 1.5111504056141423 -0
-0 1.6534768893537086 -0
-0 -0 -0
-0 -0 -0
-0 -0 -0
-0 -0 -0
-0 -0 -0
-0 -0 -0
-0 -0 -0
-0 1.6837044149042437 -0
-0 -0 -0
-0 -0 -0
-0 1.6446435219129283 -0
-0 1.6207431679651918 -0
-0 -0 -0
-0 -0 -0
-0 -0 -0
-0 -0 -0
-0 -0 -0
-0 -0 -0
-0 -0 -0
-0 -0 -0
-0 -0 -0
-0 -0 -0
-0 1.6117794029939772 -0
-0 -0 -0
-0 -0 -0
-0 -0 -0
-0 1.9099706468940618 -0
-0 -0 -0
-0 -0 -0
-0 -0 -0
-0 -0 -0
-0 -0 -0
-0 -0 -0
-0 -0 -0
-0 -0 -0
-0 -0 -0
-0 1.6014088626793876 -0
-0 1.8959423790046706 -0
-0 -0 -0
-0 -0 -0
-0 -0 -0
-0 -0 -0
-0 -0 -0
-0 -0 -0
-0 -0 -0
-0 -0 -0
-0 -0 -0
-0 -0 -0
-0 -0 -0
-0 -0 -0
-0 -0 -0
-0 -0 -0
-0 -0 -0
-0 1.81081029653993 -0
-0 1.6373312572028011 -0
-0 1.6783412257680572 -0
-0 -0 -0
-0 -0 -0
-0 -0 -0
-0 -0 -0
-0 -0 -0
-0 -0 -0
-0 -0 -0
-0 -0 -0
-0 -0 -0
-0 -0 -0
-0 -0 -0
-0 1.6104607020364883 -0
-0 -0 -0
-0 -0 -0
-0 -0 -0
-0 -0 -0
-0 1.4949223384908388 -0
-0 -0 -0
-0 -0 -0
-0 -0 -0
-0 -0 -0
-0 1.4827067079614291 -0
-0 -0 -0
-0 -0 -0
-0 -0 -0
-0 -0 -0
-0 1.5767927014885976 -0
-0 -0 -0
-0 -0 -0
-0 1.3889034016143296 -0
-0 -0 -0
-0 -0 -0
-0 -0 -0
-0 -0 -0
-0 -0 -0
-0 -0 -0
-0 -0 -0
-0 -0 -0
-0 1.4811349131126954 -0
-0 1.6887936587016659 -0
-0 -0 -0
-0 1.6453298810265791 -0
-0 -0 -0
-0 -0 -0
-0 1.661010172498856 -0
-0 -0 -0
-0 1.9169697037604965 -0
-0 1.5986127352524062 -0
-0 1.6443667648824529 -0
-0 -0 -0
-0 -0 -0
-0 -0 -0
-0 -0 -0
-0 1.4968468999717401 -0
-0 1.5929814916949612 -0
-0 -0 -0
-0 -0 -0
-0 1.5923794620848664 -0
-0 1.4868966711198404 -0
-0 -0 -0
-0 -0 -0
-0 -0 -0
-0 1.6346606113427886 -0
-0 1.3638596562098608 -0
-0 -0 -0
-0 -0 -0
-0 -0 -0
-0 -0 -0
-0 -0 -0
-0 -0 -0
-0 -0 -0
-0 1.5096834750230483 -0
-0 -0 -0
-0 -0 -0
-0 -0 -0
-0 1.5081013205538016 -0
-0 1.703558709438816 -0
-0 -0 -0
-0 -0 -0
-0 -0 -0
-0 1.5998645336083459 -0
-0 -0 -0
-0 1.5106546954113158 -0
-0 -0 -0
-0 -0 -0
-0 -0 -0
-0 -0 -0
-0 -0 -0
-0 -0 -0
-0 -0 -0
-0 -0 -0
-0 -0 -0
-0 1.6672098449542418 -0
-0 -0 -0
-0 1.9058099319535462 -0
-0 1.6021119240597743 -0
-0 -0 -0
-0 -0 -0
-0 -0 -0
-0 -0 -0
-0 -0 -0
-0 -0 -0
-0 1.5987482391608638 -0
-0 -0 -0
-0 -0 -0
-0 -0 -0
-0 1.4787829662571976 -0
-0 1.5003915404538342 -0
-0 1.6914106251673178 -0
-0 1.497558735841513 -0
-0 1.6113332104453078 -0
-0 1.4667783142929498 -0
-0 -0 -0
-0 1.6935370551848552 -0
-0 1.4628781546842697 -0
-0 1.5963087668393348 -0
-0 -0 -0
-0 1.9158604677876832 -0
-0 -0 -0
-0 -0 -0
-0 -0 -0
-0 -0 -0
-0 -0 -0
-0 -0 -0
-0 -0 -0
-0 -0 -0
-0 -0 -0
-0 1.5011574334630078 -0
-0 -0 -0
-0 -0 -0
-0 -0 -0
-0 -0 -0
-0 1.6378241008222041 -0
-0 -0 -0
-0 1.4122550398136817 -0
-0 -0 -0
-0 -0 -0
-0 -0 -0
-0 -0 -0
-0 -0 -0
-0 -0 -0
-0 -0 -0
-0 -0 -0
-0 -0 -0
-0 -0 -0
-0 0.13127374899082361 -0
-0 1.6130440245980189 -0
-0 -0 -0
-0 -0 -0
-0 -0 -0
-0 1.6742978437538034 -0
-0 -0 -0
-0 1.6907704326232253 -0
-0 -0 -0
-0 -0 -0
-0 1.4611351442942517 -0
-0 -0 -0
-0 1.6498985540204814 -0
-0 -0 -0
-0 -0 -0
-0 1.6115128311100577 -0
-0 1.9063739297092641 -0
-0 -0 -0
-0 -0 -0
-0 1.5010384357529276 -0
-0 1.5691867650742202 -0
-0 -0 -0
-0 -0 -0
-0 1.5745916712745509 -0
-0 -0 -0
-0 -0 -0
-0 1.6638784714556218 -0
-0 -0 -0
-0 -0 -0
-0 -0 -0
-0 -0 -0
-0 -0 -0
-0 1.3957185880546226 -0
-0 1.8710005997190653 -0
-0 -0 -0
-0 -0 -0
-0 -0 -0
-0 1.6320825500244818 -0
-0 1.6215978975987109 -0
-0 1.8561133806651635 -0
-0 -0 -0
-0 -0 -0
-0 -0 -0
-0 -0 -0
-0 1.6576649190805257 -0
-0 -0 -0
-0 -0 -0
-0 -0 -0
-0 0.14580872147620053 -0
-0 1.8951395322759634 -0
-0 -0 -0
-0 -0 -0
-0 -0 -0
-0 -0 -0
-0 -0 -0
-0 -0 -0
-0 -0 -0
-0 1.6475345456645756 -0
-0 -0 -0
-0 -0 -0
-0 1.654803198263866 -0
-0 -0 -0
-0 -0 -0
-0 -0 -0
-0 -0 -0
-0 -0 -0
-0 1.6396428795712212 -0
-0 -0 -0
-0 -0 -0
-0 -0 -0
-0 -0 -0
-0 -0 -0
-0 -0 -0
-0 -0 -0
-0 1.6309540144528685 -0
-0 -0 -0
-0 -0 -0
-0 -0 -0
-0 -0 -0
-0 -0 -0
-0 -0 -0
-0 -0 -0
-0 -0 -0
-0 1.9201617827251434 -0
-0 -0 -0
-0 -0 -0
-0 -0 -0
-0 -0 -0
-0 1.5995128093518718 -0
-0 -0 -0
-0 -0 -0
-0 -0 -0
-0 1.6789363663019954 -0
-0 1.9134190699223457 -0
-0 -0 -0
-0 -0 -0
-0 -0 -0
-0 -0 -0
-0 -0 -0
-0 -0 -0
-0 1.6268910352095591 -0
-0 -0 -0
-0 1.9041303977117825 -0
-0 1.6294102346555299 -0
-0 -0 -0
-0 -0 -0
-0 -0 -0
-0 -0 -0
-0 -0 -0
-0 -0 -0
-0 -0 -0
-0 -0 -0
-0 -0 -0
-0 1.6662867369917913 -0
-0 -0 -0
-0 -0 -0
-0 -0 -0
-0 -0 -0
-0 -0 -0
-0 -0 -0
-0 1.6387676282223231 -0
-0 1.4844147047962442 -0
-0 -0 -0
-0 -0 -0
-0 -0 -0
-0 -0 -0
-0 -0 -0
-0 1.8848744573646026 -0
-0 -0 -0
-0 -0 -0
-0 -0 -0
-0 -0 -0
-0 -0 -0
-0 -0 -0
-0 -0 -0
-0 1.1673071648177895 -0
-0 -0 -0
-0 -0 -0
-0 -0 -0
-0 -0 -0
-0 -0 -0
-0 1.5918663549135008 -0
-0 -0 -0
-0 -0 -0
-0 1.6361048397713438 -0
-0 -0 -0
-0 -0 -0
-0 -0 -0
-0 -0 -0
-0 1.5026559491495437 -0
-0 -0 -0
-0 1.6559211669080203 -0
-0 1.5501881407155749 -0
-0 -0 -0
-0 -0 -0
-0 -0 -0
-0 -0 -0
-0 -0 -0
-0 -0 -0
-0 -0 -0
-0 1.480372432919784 -0
-0 -0 -0
-0 -0 -0
-0 -0 -0
-0 -0 -0
-0 -0 -0
-0 -0 -0
-0 -0 -0
-0 -0 -0
-0 -0 -0
-0 -0 -0
-0 -0 -0
-0 -0 -0
-0 1.6357752727558392 -0
-0 -0 -0
-0 1.6363408536885138 -0
-0 1.4649896133656919 -0
-0 1.5913816730363948 -0
-0 -0 -0
-0 -0 -0
-0 -0 -0
-0 -0 -0
-0 -0 -0
-0 -0 -0
-0 -0 -0
-0 -0 -0
-0 -0 -0
-0 -0 -0
-0 -0 -0
-0 1.6609534209725785 -0
-0 -0 -0
-0 -0 -0
-0 -0 -0
-0 -0 -0
-0 -0 -0
-0 1.6319213448774725 -0
-0 -0 -0
-0 -0 -0
-0 -0 -0
-0 -0 -0
-0 -0 -0
-0 1.6833877513389637 -0
-0 -0 -0
-0 1.5531277794081559 -0
-0 -0 -0
-0 -0 -0
-0 -0 -0
-0 -0 -0
-0 -0 -0
-0 -0 -0
-0 -0 -0
-0 1.6430391617663291 -0
-0 -0 -0
-0 1.6559067685976259 -0
-0 -0 -0
-0 -0 -0
-0 -0 -0
-0 -0 -0
-0 -0 -0
-0 -0 -0
-0 1.6283292045155808 -0
-0 1.3210865588182517 -0
-0 -0 -0
-0 -0 -0
-0 -0 -0
-0 -0 -0
-0 -0 -0
-0 -0 -0
-0 -0 -0
-0 -0 -0
-0 -0 -0
-0 -0 -0
-0 1.6336541613933826 -0
-0 -0 -0
-0 -0 -0
-0 -0 -0
-0 -0 -0
-0 -0 -0
-0 -0 -0
-0 -0 -0
-0 -0 -0
-0 -0 -0
-0 -0 -0
-0 -0 -0
-0 -0 -0
-0 -0 -0
-0 -0 -0
-0 -0 -0
-0 -0 -0
-0 -0 -0
-0 1.6377470129486154 -0
-0 -0 -0
-0 1.2205850169957375 -0
-0 -0 -0
-0 -0 -0
-0 -0 -0
-0 -0 -0
-0 1.5881634295725284 -0
-0 -0 -0
-0 1.6716085924682735 -0
-0 1.3654625693730322 -0
-0 -0 -0
-0 -0 -0
-0 -0 -0
-0 -0 -0
-0 -0 -0
-0 -0 -0
-0 1.3195531905233 -0
-0 -0 -0
-0 -0 -0
-0 -0 -0
-0 -0 -0
-0 -0 -0
-0 -0 -0
-0 -0 -0
-0 -0 -0
-0 1.3339601747402812 -0
-0 -0 -0
-0 1.3321527902224917 -0
-0 -0 -0
-0 -0 -0
-0 -0 -0
-0 -0 -0
-0 -0 -0
-0 1.1883492265952578 -0
-0 -0 -0
-0 -0 -0
-0 -0 -0
-0 -0 -0
-0 -0 -0
-0 -0 -0
-0 0.010549358774176062 -0
-0 -0 -0
-0 -0 -0
-0 -0 -0
-0 1.3241252152551608 -0
-0 -0 -0
-0 -0 -0
-0 -0 -0
-0 1.6525246102177273 -0
-0 -0 -0
-0 -0 -0
-0 -0 -0
-0 1.6433015971518987 -0
-0 -0 -0
-0 -0 -0
-0 1.5689182608865659 -0
-0 1.5413533061984208 -0
-0 -0 -0
-0 -0 -0
-0 -0 -0
-0 1.3773236591795075 -0
-0 -0 -0
-0 1.3697780659430836 -0
-0 -0 -0
-0 1.3380040191911979 -0
-0 -0 -0
-0 -0 -0
-0 1.627493463824554 -0
-0 1.6318064063576698 -0
-0 -0 -0
-0 -0 -0
-0 1.397046576110585 -0
-0 1.5759971933088861 -0
-0 -0 -0
-0 -0 -0
-0 -0 -0
-0 -0 -0
-0 1.6236713066701958 -0
-0 -0 -0
-0 -0 -0
-0 -0 -0
-0 -0 -0
-0 -0 -0
-0 -0 -0
-0 -0 -0
-0 -0 -0
-0 -0 -0
-0 -0 -0
-0 -0 -0
-0 1.5975681074043344 -0
-0 -0 -0
-0 -0 -0
-0 -0 -0
-0 1.6517057480909103 -0
-0 -0 -0
-0 1.349697674924806 -0
-0 -0 -0
-0 1.5787641511249164 -0
-0 -0 -0
-0 -0 -0
-0 1.3076796317743933 -0
-0 -0 -0
-0 -0 -0
-0 -0 -0
-0 -0 -0
-0 -0 -0
-0 -0 -0
-0 -0 -0
-0 -0 -0
-0 -0 -0
-0 -0 -0
-0 -0 -0
-0 -0 -0
-0 -0 -0
-0 1.625918806835474 -0
-0 -0 -0
-0 -0 -0
-0 -0 -0
-0 -0 -0
-0 -0 -0
-0 -0 -0
-0 -0 -0
-0 1.632983551793743 -0
-0 1.637581809622638 -0
-0 -0 -0
-0 -0 -0
-0 -0 -0
-0 -0 -0
-0 -0 -0
-0 -0 -0
-0 -0 -0
-0 1.5558245870609233 -0
-0 -0 -0
-0 -0 -0
-0 -0 -0
-0 -0 -0
-0 1.6185009250558977 -0
-0 -0 -0
-0 -0 -0
-0 -0 -0
-0 -0 -0
-0 1.6378337124626774 -0
-0 -0 -0
-0 1.5690208074332126 -0
-0 -0 -0
-0 -0 -0
-0 -0 -0
-0 1.1977620960619677 -0
-0 -0 -0
-0 -0 -0
-0 1.5815901383092215 -0
-0 -0 -0
-0 1.3621842128301327 -0
-0 -0 -0
-0 -0 -0
-0 -0 -0
-0 -0 -0
-0 -0 -0
-0 -0 -0
-0 -0 -0
-0 1.4109794214518376 -0
-0 -0 -0
-0 -0 -0
-0 -0 -0
-0 -0 -0
-0 -0 -0
-0 -0 -0
-0 -0 -0
-0 -0 -0
-0 -0 -0
-0 -0 -0
-0 -0 -0
-0 -0 -0
-0 1.1982345632842895 -0
-0 -0 -0
-0 -0 -0
-0 -0 -0
-0 -0 -0
-0 -0 -0
-0 -0 -0
-0 -0 -0
-0 -0 -0
-0 -0 -0
-0 1.3654000516735807 -0
-0 -0 -0
-0 -0 -0
-0 -0 -0
-0 -0 -0
-0 -0 -0
-0 1.33421072627371 -0
-0 -0 -0
-0 -0 -0
-0 -0 -0
-0 -0 -0
-0 -0 -0
-0 -0 -0
-0 -0 -0
-0 1.599438790803229 -0
-0 -0 -0
-0 -0 -0
-0 -0 -0
-0 -0 -0
-0 -0 -0
-0 -0 -0
-0 -0 -0
-0 1.5815657873688138 -0
-0 -0 -0
-0 -0 -0
-0 -0 -0
-0 -0 -0
-0 -0 -0
-0 -0 -0
-0 -0 -0
-0 -0 -0
-0 1.3220264882806956 -0
-0 -0 -0
-0 -0 -0
-0 -0 -0
-0 -0 -0
-0 -0 -0
-0 1.3727701014629337 -0
-0 -0 -0
-0 -0 -0
-0 -0 -0
-0 -0 -0
-0 -0 -0
-0 1.3306869503334331 -0
-0 -0 -0
-0 -0 -0
-0 -0 -0
-0 1.6213701671264698 -0
-0 -0 -0
-0 -0 -0
-0 -0 -0
-0 -0 -0
-0 -0 -0
-0 -0 -0
-0 -0 -0
-0 -0 -0
-0 -0 -0
-0 -0 -0
-0 -0 -0
-0 1.1859309561276639 -0
-0 -0 -0
-0 1.6396443364621855 -0
-0 -0 -0
-0 -0 -0
-0 -0 -0
-0 -0 -0
-0 -0 -0
-0 -0 -0
-0 1.5978157741490979 -0
-0 -0 -0
-0 -0 -0
-0 -0 -0
-0 -0 -0
-0 -0 -0
-0 1.6004212732436915 -0
-0 -0 -0
-0 -0 -0
-0 -0 -0
-0 1.5908941238659939 -0
-0 -0 -0
-0 1.6357955172316472 -0
-0 -0 -0
-0 -0 -0
-0 -0 -0
-0 -0 -0
-0 1.3408633556147078 -0
-0 1.5980828330245842 -0
-0 -0 -0
-0 -0 -0
-0 -0 -0
-0 -0 -0
-0 -0 -0
-0 1.6215601496147156 -0
-0 -0 -0
-0 -0 -0
-0 -0 -0
-0 1.6086216658440231 -0
-0 -0 -0
-0 -0 -0
-0 1.6081048242244969 -0
-0 1.6409240495800581 -0
-0 -0 -0
-0 -0 -0
-0 -0 -0
-0 1.346780217376355 -0
-0 -0 -0
-0 1.580244099786545 -0
-0 -0 -0
-0 -0 -0
-0 -0 -0
-0 -0 -0
-0 -0 -0
-0 -0 -0
-0 1.5956928127379024 -0
-0 1.6107719171114618 -0
-0 -0 -0
-0 -0 -0
-0 -0 -0
-0 -0 -0
-0 -0 -0
-0 -0 -0
-0 -0 -0
-0 -0 -0
-0 -0 -0
-0 -0 -0
-0 -0 -0
-0 1.5734936045446051 -0
-0 -0 -0
-0 -0 -0
-0 -0 -0
-0 -0 -0
-0 -0 -0
-0 1.2932085293726345 -0
-0 1.6140574555349654 -0
-0 -0 -0
-0 -0 -0
-0 1.6006935765661372 -0
-0 -0 -0
-0 -0 -0
-0 -0 -0
-0 -0 -0
-0 -0 -0
-0 -0 -0
-0 -0 -0
-0 -0 -0
-0 -0 -0
-0 -0 -0
-0 -0 -0
-0 -0 -0
-0 -0 -0
-0 -0 -0
-0 -0 -0
-0 -0 -0
-0 -0 -0
-0 1.3396181852106019 -0
-0 -0 -0
-0 -0 -0
-0 -0 -0
-0 -0 -0
-0 -0 -0
-0 -0 -0
-0 -0 -0
-0 1.5805496236181675 -0
-0 1.6636683001340187 -0
-0 -0 -0
-0 -0 -0
-0 -0 -0
-0 -0 -0
-0 -0 -0
-0 -0 -0
-0 -0 -0
-0 -0 -0
-0 1.5915459035544013 -0
-0 1.5648345781462427 -0
-0 -0 -0
-0 -0 -0
-0 -0 -0
-0 -0 -0
-0 -0 -0
-0 -0 -0
-0 -0 -0
-0 -0 -0
-0 -0 -0
-0 -0 -0
-0 -0 -0
-0 1.6217491227003411 -0
-0 1.6356150412060273 -0
-0 -0 -0
-0 -0 -0
-0 -0 -0
-0 -0 -0
-0 -0 -0
-0 -0 -0
-0 1.6662579448557222 -0
-0 1.3148400213539144 -0
-0 -0 -0
-0 1.3240034692415601 -0
-0 -0 -0
-0 -0 -0
-0 -0 -0
-0 1.5759482325530147 -0
-0 -0 -0
-0 -0 -0
-0 -0 -0
-0 -0 -0
-0 -0 -0
-0 -0 -0
-0 -0 -0
-0 -0 -0
-0 -0 -0
-0 -0 -0
-0 -0 -0
-0 -0 -0
-0 -0 -0
-0 -0 -0
-0 -0 -0
-0 -0 -0
-0 -0 -0
-0 1.3545224537096725 -0
-0 -0 -0
-0 -0 -0
-0 1.6388354236785811 -0
-0 1.6475435397451743 -0
-0 -0 -0
-0 -0 -0
-0 -0 -0
-0 -0 -0
-0 -0 -0
-0 -0 -0
-0 1.619390219944902 -0
-0 -0 -0
-0 1.3238191015666392 -0
-0 -0 -0
-0 -0 -0
-0 0.95540926613231736 -0
-0 -0 -0
-0 1.6051917224454482 -0
-0 -0 -0
-0 -0 -0
-0 -0 -0
-0 -0 -0
-0 -0 -0
-0 -0 -0
-0 -0 -0
-0 1.6262506062868971 -0
-0 -0 -0
-0 -0 -0
-0 -0 -0
-0 -0 -0
-0 -0 -0
-0 -0 -0
-0 -0 -0
-0 -0 -0
-0 -0 -0
-0 1.6159419879611794 -0
-0 1.3351100754828376 -0
-0 -0 -0
-0 -0 -0
-0 -0 -0
-0 -0 -0
-0 -0 -0
-0 -0 -0
-0 -0 -0
-0 -0 -0
-0 -0 -0
-0 -0 -0
-0 1.3413647828589879 -0
-0 1.385286013343078 -0
-0 1.6096431551205621 -0
-0 -0 -0
-0 1.6449931086535265 -0
-0 -0 -0
-0 1.6859084654786163 -0
-0 -0 -0
-0 1.6420146530210546 -0
-0 -0 -0
-0 -0 -0
-0 -0 -0
-0 -0 -0
-0 -0 -0
-0 -0 -0
-0 -0 -0
-0 -0 -0
-0 -0 -0
-0 1.5926677849849933 -0
-0 -0 -0
-0 -0 -0
-0 1.2809642808477637 -0
-0 -0 -0
-0 -0 -0
-0 -0 -0
-0 -0 -0
-0 -0 -0
-0 -0 -0
-0 -0 -0
-0 -0 -0
-0 -0 -0
-0 1.3117235458136769 -0
-0 -0 -0
-0 1.6443583403537412 -0
-0 -0 -0
-0 -0 -0
-0 -0 -0
-0 1.2618186520853545 -0
-0 -0 -0
-0 -0 -0
-0 -0 -0
-0 -0 -0
-0 1.6010739842146966 -0
-0 -0 -0
-0 -0 -0
-0 -0 -0
-0 -0 -0
-0 -0 -0
-0 -0 -0
-0 -0 -0
-0 -0 -0
-0 1.6523626899903272 -0
-0 -0 -0
-0 1.5404184979639239 -0
-0 -0 -0
-0 1.3470206510444396 -0
-0 -0 -0
-0 -0 -0
-0 -0 -0
-0 -0 -0
-0 -0 -0
-0 1.6023426458691772 -0
-0 -0 -0
-0 -0 -0
-0 1.5842165766707044 -0
-0 -0 -0
-0 -0 -0
-0 1.3758830133752757 -0
-0 1.6294775156237371 -0
-0 -0 -0
-0 -0 -0
-0 -0 -0
-0 -0 -0
-0 1.6323593301126351 -0
-0 -0 -0
-0 -0 -0
-0 -0 -0
-0 1.668237396238538 -0
-0 -0 -0
-0 -0 -0
-0 -0 -0
-0 1.5722430856895477 -0
-0 1.6215905084975144 -0
-0 -0 -0
-0 -0 -0
-0 -0 -0
-0 -0 -0
-0 -0 -0
-0 0.019925001882342353 -0
-0 -0 -0
-0 1.3321857732338598 -0
-0 1.313793797137808 -0
-0 -0 -0
-0 -0 -0
-0 1.5766519423330578 -0
-0 -0 -0
-0 -0 -0
-0 -0 -0
-0 -0 -0
-0 -0 -0
-0 1.6344042032467694 -0
-0 -0 -0
-0 -0 -0
-0 1.6722853810623781 -0
-0 -0 -0
-0 -0 -0
-0 -0 -0
-0 -0 -0
-0 -0 -0
-0 -0 -0
-0 -0 -0
-0 -0 -0
-0 -0 -0
-0 -0 -0
-0 -0 -0
-0 -0 -0
-0 -0 -0
-0 1.6050578484970131 -0
-0 -0 -0
-0 1.5903544132573704 -0
-0 -0 -0
-0 -0 -0
-0 -0 -0
-0 -0 -0
-0 -0 -0
-0 -0 -0
-0 -0 -0
-0 -0 -0
-0 -0 -0
-0 -0 -0
-0 1.6129724903765053 -0
-0 -0 -0
-0 -0 -0
-0 1.58688637674038 -0
-0 1.3238904335173374 -0
-0 1.6294004717431445 -0
-0 -0 -0
-0 -0 -0
-0 1.5836741205256297 -0
-0 -0 -0
-0 -0 -0
-0 -0 -0
-0 -0 -0
-0 -0 -0
-0 -0 -0
-0 -0 -0
-0 1.3638722067584002 -0
-0 -0 -0
-0 -0 -0
-0 1.6295899216090197 -0
-0 1.6779698395233873 -0
-0 -0 -0
-0 -0 -0
-0 -0 -0
-0 -0 -0
-0 -0 -0
-0 -0 -0
-0 -0 -0
-0 1.6188183505436446 -0
-0 -0 -0
-0 -0 -0
-0 -0 -0
-0 1.3324168706102792 -0
-0 -0 -0
-0 -0 -0
-0 -0 -0
-0 -0 -0
-0 1.5930804556799598 -0
-0 -0 -0
-0 -0 -0
-0 -0 -0
-0 -0 -0
-0 1.4205610197640217 -0
-0 -0 -0
-0 -0 -0
-0 -0 -0
-0 -0 -0
-0 -0 -0
-0 1.6223637957559118 -0
-0 -0 -0
-0 -0 -0
-0 -0 -0
-0 -0 -0
-0 -0 -0
-0 -0 -0
-0 -0 -0
-0 -0 -0
-0 -0 -0
-0 -0 -0
-0 -0 -0
-0 -0 -0
-0 -0 -0
-0 -0 -0
-0 1.6621509319995966 -0
-0 -0 -0
-0 1.651915681261733 -0
-0 -0 -0
-0 -0 -0
-0 1.6474278026021902 -0
-0 1.3496209915017983 -0
-0 1.6465913670570809 -0
-0 -0 -0
-0 -0 -0
-0 -0 -0
-0 -0 -0
-0 -0 -0
-0 -0 -0
-0 -0 -0
-0 1.6772093948824522 -0
-0 -0 -0
-0 -0 -0
-0 1.6366878304734636 -0
-0 1.6103858337734998 -0
-0 -0 -0
-0 -0 -0
-0 -0 -0
-0 -0 -0
-0 -0 -0
-0 -0 -0
-0 -0 -0
-0 -0 -0
-0 -0 -0
-0 -0 -0
-0 1.6026277076752782 -0
-0 -0 -0
-0 -0 -0
-0 -0 -0
-0 -0 -0
-0 -0 -0
-0 -0 -0
-0 -0 -0
-0 -0 -0
-0 -0 -0
-0 -0 -0
-0 -0 -0
-0 -0 -0
-0 -0 -0
-0 1.5950429013147949 -0
-0 -0 -0
-0 -0 -0
-0 -0 -0
-0 -0 -0
-0 -0 -0
-0 -0 -0
-0 -0 -0
-0 -0 -0
-0 -0 -0
-0 -0 -0
-0 -0 -0
-0 -0 -0
-0 -0 -0
-0 -0 -0
-0 -0 -0
-0 -0 -0
-0 -0 -0
-0 1.6250604690051755 -0
-0 -0 -0
-0 -0 -0
-0 -0 -0
-0 -0 -0
-0 -0 -0
-0 -0 -0
-0 -0 -0
-0 -0 -0
-0 -0 -0
-0 -0 -0
-0 -0 -0
-0 -0 -0
-0 1.5996174255985915 -0
-0 -0 -0
-0 -0 -0
-0 -0 -0
-0 -0 -0
-0 1.3327490874891426 -0
-0 -0 -0
-0 -0 -0
-0 -0 -0
-0 -0 -0
-0 1.3664181710245957 -0
-0 -0 -0
-0 -0 -0
-0 -0 -0
-0 -0 -0
-0 1.5762143753748254 -0
-0 -0 -0
-0 -0 -0
-0 1.2283652821912681 -0
-0 -0 -0
-0 -0 -0
-0 -0 -0
-0 -0 -0
-0 -0 -0
-0 -0 -0
-0 -0 -0
-0 -0 -0
-0 1.3503750563543666 -0
-0 1.6735622984000325 -0
-0 -0 -0
-0 0.52512911340404644 -0
-0 -0 -0
-0 -0 -0
-0 1.6543800464063247 -0
-0 -0 -0
-0 -0 -0
-0 1.5896421722192697 -0
-0 1.6305884267557353 -0
-0 -0 -0
-0 -0 -0
-0 -0 -0
-0 -0 -0
-0 1.3317058479640136 -0
-0 1.5841980358749868 -0
-0 -0 -0
-0 -0 -0
-0 1.5812440111473649 -0
-0 1.3306832272344578 -0
-0 -0 -0
-0 -0 -0
-0 -0 -0
-0 1.6236395057828359 -0
-0 1.2283406594924875 -0
-0 -0 -0
-0 -0 -0
-0 -0 -0
-0 -0 -0
-0 -0 -0
-0 -0 -0
-0 -0 -0
-0 1.421098938463224 -0
-0 -0 -0
-0 -0 -0
-0 -0 -0
-0 1.3434573538303507 -0
-0 1.6972045109054505 -0
-0 -0 -0
-0 -0 -0
-0 -0 -0
-0 1.5930933626369537 -0
-0 -0 -0
-0 1.3360327514541315 -0
-0 -0 -0
-0 -0 -0
-0 -0 -0
-0 -0 -0
-0 -0 -0
-0 -0 -0
-0 -0 -0
-0 -0 -0
-0 -0 -0
-0 1.6550780005225392 -0
-0 -0 -0
-0 -0 -0
-0 1.5906102233361716 -0
-0 -0 -0
-0 -0 -0
-0 -0 -0
-0 -0 -0
-0 -0 -0
-0 -0 -0
-0 1.414837264923624 -0
-0 -0 -0
-0 -0 -0
-0 -0 -0
-0 1.3322708675843988 -0
-0 1.4069481262760377 -0
-0 1.6853637417717535 -0
-0 1.4220490304214997 -0
-0 1.5998091503070764 -0
-0 1.3607730590255045 -0
-0 -0 -0
-0 1.6815791859343949 -0
-0 1.3433083797312344 -0
-0 1.590487367023298 -0
-0 -0 -0
-0 -0 -0
-0 -0 -0
-0 -0 -0
-0 -0 -0
-0 -0 -0
-0 -0 -0
-0 -0 -0
-0 -0 -0
-0 -0 -0
-0 -0 -0
-0 1.3573537831945977 -0
-0 -0 -0
-0 -0 -0
-0 -0 -0
-0 -0 -0
-0 1.6241489775329292 -0
-0 -0 -0
-0 1.2775125179408762 -0
-0 -0 -0
-0 -0 -0
-0 -0 -0
-0 -0 -0
-0 -0 -0
-0 -0 -0
-0 -0 -0
-0 -0 -0
-0 -0 -0
-0 -0 -0
-0 -0 -0
-0 1.5898657069107776 -0
-0 -0 -0
-0 -0 -0
-0 -0 -0
-0 1.6659049827222456 -0
-0 -0 -0
-0 1.6788768626820256 -0
-0 -0 -0
-0 -0 -0
-0 1.306599782817037 -0
-0 -0 -0
-0 1.6376313025556239 -0
-0 -0 -0
-0 -0 -0
-0 1.5978913271388369 -0
-0 -0 -0
-0 -0 -0
-0 -0 -0
-0 1.3345485474296341 -0
-0 1.5670993307232863 -0
-0 -0 -0
-0 -0 -0
-0 1.5799175096111844 -0
-0 -0 -0
-0 -0 -0
-0 -0 -0
-0 -0 -0
-0 -0 -0
-0 -0 -0
-0 -0 -0
-0 -0 -0
-0 1.2397979293594168 -0
-0 -0 -0
-0 -0 -0
-0 -0 -0
-0 -0 -0
-0 1.6151037921801841 -0
-0 1.6137605018778807 -0
-0 -0 -0
-0 -0 -0
-0 -0 -0
-0 -0 -0
-0 -0 -0
-0 1.648161381792717 -0
-0 -0 -0
-0 -0 -0
-0 -0 -0
-0 -0 -0
-0 -0 -0
-0 -0 -0
-0 -0 -0
-0 -0 -0
-0 -0 -0
-0 -0 -0
-0 -0 -0
-0 -0 -0
-0 1.6356974643645616 -0
-0 -0 -0
-0 -0 -0
-0 1.6469405355172348 -0
-0 -0 -0
-0 -0 -0
-0 -0 -0
-0 -0 -0
-0 -0 -0
-0 1.631177633566127 -0
-0 -0 -0
-0 -0 -0
-0 -0 -0
-0 -0 -0
-0 -0 -0
-0 -0 -0
-0 -0 -0
-0 1.6254782139907853 -0
-0 -0 -0
-0 -0 -0
-0 -0 -0
-0 -0 -0
-0 -0 -0
-0 -0 -0
-0 -0 -0
-0 -0 -0
-0 -0 -0
-0 -0 -0
-0 -0 -0
-0 -0 -0
-0 -0 -0
-0 1.5871552196282437 -0
-0 -0 -0
-0 -0 -0
-0 -0 -0
-0 1.59688865312271 -0
-0 -0 -0
-0 -0 -0
-0 -0 -0
-0 -0 -0
-0 -0 -0
-0 -0 -0
-0 -0 -0
-0 1.6169577235875572 -0
-0 -0 -0
-0 -0 -0
-0 1.6134914880941902 -0
-0 -0 -0
-0 -0 -0
-0 -0 -0
-0 -0 -0
-0 -0 -0
-0 -0 -0
-0 -0 -0
-0 -0 -0
-0 -0 -0
-0 1.6565647373090793 -0
-0 -0 -0
-0 -0 -0
-0 -0 -0
-0 -0 -0
-0 -0 -0
-0 -0 -0
-0 1.6249606019605236 -0
-0 1.3996755874002142 -0
-0 -0 -0
-0 -0 -0
-0 -0 -0
-0 -0 -0
-0 -0 -0
-0 -0 -0
-0 -0 -0
-0 -0 -0
-0 -0 -0
-0 -0 -0
-0 -0 -0
-0 -0 -0
-0 -0 -0
-0 -0 -0
-0 -0 -0
-0 -0 -0
-0 -0 -0
-0 -0 -0
-0 -0 -0
-0 0.76935158309131468 -0
-0 -0 -0
-0 -0 -0
-0 1.6199065420803889 -0
-0 -0 -0
-0 -0 -0
-0 -0 -0
-0 -0 -0
-0 1.3440237937759822 -0
-0 -0 -0
-0 1.6415145040183601 -0
-0 1.5478200999806759 -0
-0 -0 -0
-0 -0 -0
-0 -0 -0
-0 -0 -0
-0 -0 -0
-0 -0 -0
-0 -0 -0
-0 1.3381594451541665 -0
-0 -0 -0
-0 -0 -0
-0 -0 -0
-0 -0 -0
-0 -0 -0
-0 -0 -0
-0 -0 -0
-0 -0 -0
-0 -0 -0
-0 -0 -0
-0 -0 -0
-0 -0 -0
-0 1.6196824259238298 -0
-0 -0 -0
-0 1.6203179965495389 -0
-0 1.3089079258977774 -0
-0 1.5819769026714809 -0
-0 -0 -0
-0 -0 -0
-0 -0 -0
-0 -0 -0
-0 -0 -0
-0 -0 -0
-0 -0 -0
-0 -0 -0
-0 -0 -0
-0 -0 -0
-0 -0 -0
-0 1.6482086103303777 -0
-0 -0 -0
-0 -0 -0
-0 -0 -0
-0 -0 -0
-0 -0 -0
-0 1.6202650520305932 -0
-0 -0 -0
-0 -0 -0
-0 -0 -0
-0 -0 -0
-0 -0 -0
-0 -0 -0
-0 -0 -0
-0 -0 -0
-0 -0 -0
-0 -0 -0
-0 -0 -0
-0 -0 -0
-0 -0 -0
-0 -0 -0
-0 -0 -0
-0 -0 -0
-0 -0 -0
-0 -0 -0
-0 -0 -0
-0 -0 -0
-0 -0 -0
-0 -0 -0
-0 -0 -0
-0 -0 -0
-0 -0 -0
-0 1.2374940565703492 -0
-0 -0 -0
-0 -0 -0
-0 -0 -0
-0 -0 -0
-0 -0 -0
-0 -0 -0
-0 -0 -0
-0 -0 -0
-0 -0 -0
-0 -0 -0
-0 -0 -0
-0 -0 -0
-0 -0 -0
-0 -0 -0
-0 -0 -0
-0 -0 -0
-0 -0 -0
-0 -0 -0
-0 -0 -0
-0 -0 -0
-0 -0 -0
-0 -0 -0
-0 -0 -0
-0 -0 -0
-0 -0 -0
-0 -0 -0
-0 -0 -0
-0 -0 -0
-0 -0 -0
-0 -0 -0
-0 1.1471622765703429 -0
-0 -0 -0
-0 -0 -0
-0 -0 -0
-0 -0 -0
-0 -0 -0
-0 -0 -0
-0 -0 -0
-0 1.2920724332531002 -0
-0 -0 -0
-0 -0 -0
-0 -0 -0
-0 -0 -0
-0 -0 -0
-0 -0 -0
-0 1.2660884370768453 -0
-0 -0 -0
-0 -0 -0
-0 -0 -0
-0 -0 -0
-0 -0 -0
-0 -0 -0
-0 -0 -0
-0 -0 -0
-0 1.2458516812095628 -0
-0 -0 -0
-0 1.2418309996460424 -0
-0 -0 -0
-0 -0 -0
-0 -0 -0
-0 -0 -0
-0 -0 -0
-0 1.1117784272057905 -0
-0 -0 -0
-0 -0 -0
-0 -0 -0
-0 -0 -0
-0 -0 -0
-0 -0 -0
-0 -0 -0
-0 -0 -0
-0 -0 -0
-0 -0 -0
-0 1.2298593370129274 -0
-0 -0 -0
-0 -0 -0
-0 -0 -0
-0 -0 -0
-0 -0 -0
-0 -0 -0
-0 -0 -0
-0 -0 -0
-0 -0 -0
-0 -0 -0
-0 -0 -0
-0 -0 -0
-0 -0 -0
-0 -0 -0
-0 -0 -0
-0 1.3137635903704434 -0
-0 -0 -0
-0 1.3203590975344617 -0
-0 -0 -0
-0 1.2511623173312283 -0
-0 -0 -0
-0 -0 -0
-0 -0 -0
-0 -0 -0
-0 -0 -0
-0 -0 -0
-0 1.3423739083473079 -0
-0 -0 -0
-0 -0 -0
-0 -0 -0
-0 -0 -0
-0 -0 -0
-0 -0 -0
-0 -0 -0
-0 -0 -0
-0 -0 -0
-0 -0 -0
-0 -0 -0
-0 -0 -0
-0 -0 -0
-0 -0 -0
-0 -0 -0
-0 -0 -0
-0 -0 -0
-0 -0 -0
-0 -0 -0
-0 -0 -0
-0 -0 -0
-0 -0 -0
-0 -0 -0
-0 1.2801479249283818 -0
-0 -0 -0
-0 -0 -0
-0 -0 -0
-0 -0 -0
-0 1.2372660270029567 -0
-0 -0 -0
-0 -0 -0
-0 -0 -0
-0 -0 -0
-0 -0 -0
-0 -0 -0
-0 -0 -0
-0 -0 -0
-0 -0 -0
-0 -0 -0
-0 -0 -0
-0 -0 -0
-0 -0 -0
-0 -0 -0
-0 -0 -0
-0 -0 -0
-0 -0 -0
-0 -0 -0
-0 -0 -0
-0 -0 -0
-0 -0 -0
-0 -0 -0
-0 -0 -0
-0 -0 -0
-0 -0 -0
-0 -0 -0
-0 -0 -0
-0 -0 -0
-0 -0 -0
-0 -0 -0
-0 -0 -0
-0 -0 -0
-0 -0 -0
-0 -0 -0
-0 -0 -0
-0 -0 -0
-0 -0 -0
-0 -0 -0
-0 -0 -0
-0 -0 -0
-0 -0 -0
-0 -0 -0
-0 -0 -0
-0 -0 -0
-0 -0 -0
-0 -0 -0
-0 1.1266814902427356 -0
-0 -0 -0
-0 -0 -0
-0 -0 -0
-0 -0 -0
-0 1.2893647834468758 -0
-0 -0 -0
-0 -0 -0
-0 -0 -0
-0 -0 -0
-0 -0 -0
-0 -0 -0
-0 -0 -0
-0 1.3759610218266032 -0
-0 -0 -0
-0 -0 -0
-0 -0 -0
-0 -0 -0
-0 -0 -0
-0 -0 -0
-0 -0 -0
-0 -0 -0
-0 -0 -0
-0 -0 -0
-0 -0 -0
-0 -0 -0
-0 1.1243961597870837 -0
-0 -0 -0
-0 -0 -0
-0 -0 -0
-0 -0 -0
-0 -0 -0
-0 -0 -0
-0 -0 -0
-0 -0 -0
-0 -0 -0
-0 1.2955598896661202 -0
-0 -0 -0
-0 -0 -0
-0 -0 -0
-0 -0 -0
-0 -0 -0
-0 1.2463768793930783 -0
-0 -0 -0
-0 -0 -0
-0 -0 -0
-0 -0 -0
-0 -0 -0
-0 -0 -0
-0 -0 -0
-0 -0 -0
-0 -0 -0
-0 -0 -0
-0 -0 -0
-0 -0 -0
-0 -0 -0
-0 -0 -0
-0 -0 -0
-0 -0 -0
-0 -0 -0
-0 -0 -0
-0 -0 -0
-0 -0 -0
-0 -0 -0
-0 -0 -0
-0 -0 -0
-0 -0 -0
-0 1.2332660171100118 -0
-0 -0 -0
-0 -0 -0
-0 -0 -0
-0 -0 -0
-0 -0 -0
-0 1.3097228469646509 -0
-0 -0 -0
-0 -0 -0
-0 -0 -0
-0 -0 -0
-0 -0 -0
-0 1.2558967764786475 -0
-0 -0 -0
-0 -0 -0
-0 -0 -0
-0 -0 -0
-0 -0 -0
-0 -0 -0
-0 -0 -0
-0 -0 -0
-0 -0 -0
-0 -0 -0
-0 -0 -0
-0 -0 -0
-0 -0 -0
-0 -0 -0
-0 -0 -0
-0 1.1120673699802404 -0
-0 -0 -0
-0 -0 -0
-0 -0 -0
-0 -0 -0
-0 -0 -0
-0 -0 -0
-0 -0 -0
-0 -0 -0
-0 -0 -0
-0 -0 -0
-0 -0 -0
-0 -0 -0
-0 -0 -0
-0 -0 -0
-0 -0 -0
-0 -0 -0
-0 -0 -0
-0 -0 -0
-0 -0 -0
-0 -0 -0
-0 -0 -0
-0 -0 -0
-0 -0 -0
-0 -0 -0
-0 -0 -0
-0 1.2750585661128873 -0
-0 -0 -0
-0 -0 -0
-0 -0 -0
-0 -0 -0
-0 -0 -0
-0 -0 -0
-0 -0 -0
-0 -0 -0
-0 -0 -0
-0 -0 -0
-0 -0 -0
-0 -0 -0
-0 -0 -0
-0 -0 -0
-0 -0 -0
-0 -0 -0
-0 -0 -0
-0 -0 -0
-0 1.2819955580360407 -0
-0 -0 -0
-0 -0 -0
-0 -0 -0
-0 -0 -0
-0 -0 -0
-0 -0 -0
-0 -0 -0
-0 -0 -0
-0 -0 -0
-0 -0 -0
-0 -0 -0
-0 -0 -0
-0 -0 -0
-0 -0 -0
-0 -0 -0
-0 -0 -0
-0 -0 -0
-0 -0 -0
-0 -0 -0
-0 -0 -0
-0 -0 -0
-0 -0 -0
-0 -0 -0
-0 -0 -0
-0 -0 -0
-0 -0 -0
-0 -0 -0
-0 1.2188512144176804 -0
-0 -0 -0
-0 -0 -0
-0 -0 -0
-0 -0 -0
-0 -0 -0
-0 -0 -0
-0 -0 -0
-0 -0 -0
-0 -0 -0
-0 -0 -0
-0 -0 -0
-0 -0 -0
-0 -0 -0
-0 -0 -0
-0 -0 -0
-0 -0 -0
-0 -0 -0
-0 -0 -0
-0 -0 -0
-0 -0 -0
-0 -0 -0
-0 1.2606673090481249 -0
-0 -0 -0
-0 -0 -0
-0 -0 -0
-0 -0 -0
-0 -0 -0
-0 -0 -0
-0 -0 -0
-0 -0 -0
-0 -0 -0
-0 -0 -0
-0 -0 -0
-0 -0 -0
-0 -0 -0
-0 -0 -0
-0 -0 -0
-0 -0 -0
-0 -0 -0
-0 -0 -0
-0 -0 -0
-0 -0 -0
-0 -0 -0
-0 -0 -0
-0 -0 -0
-0 -0 -0
-0 -0 -0
-0 -0 -0
-0 -0 -0
-0 -0 -0
-0 -0 -0
-0 -0 -0
-0 -0 -0
-0 -0 -0
-0 -0 -0
-0 -0 -0
-0 -0 -0
-0 -0 -0
-0 -0 -0
-0 -0 -0
-0 -0 -0
-0 1.2324881874571016 -0
-0 -0 -0
-0 1.2371400685845537 -0
-0 -0 -0
-0 -0 -0
-0 -0 -0
-0 -0 -0
-0 -0 -0
-0 -0 -0
-0 -0 -0
-0 -0 -0
-0 -0 -0
-0 -0 -0
-0 -0 -0
-0 -0 -0
-0 -0 -0
-0 -0 -0
-0 -0 -0
-0 -0 -0
-0 -0 -0
-0 -0 -0
-0 -0 -0
-0 -0 -0
-0 -0 -0
-0 1.2728710568229198 -0
-0 -0 -0
-0 -0 -0
-0 -0 -0
-0 -0 -0
-0 -0 -0
-0 -0 -0
-0 -0 -0
-0 -0 -0
-0 -0 -0
-0 -0 -0
-0 -0 -0
-0 -0 -0
-0 1.2314747479222523 -0
-0 -0 -0
-0 -0 -0
-0 -0 -0
-0 -0 -0
-0 -0 -0
-0 -0 -0
-0 -0 -0
-0 -0 -0
-0 -0 -0
-0 -0 -0
-0 -0 -0
-0 -0 -0
-0 -0 -0
-0 -0 -0
-0 -0 -0
-0 -0 -0
-0 -0 -0
-0 -0 -0
-0 -0 -0
-0 -0 -0
-0 -0 -0
-0 -0 -0
-0 -0 -0
-0 1.2418436527441326 -0
-0 -0 -0
-0 -0 -0
-0 -0 -0
-0 -0 -0
-0 -0 -0
-0 -0 -0
-0 -0 -0
-0 -0 -0
-0 -0 -0
-0 -0 -0
-0 1.2567371919677719 -0
-0 1.3391582182345789 -0
-0 -0 -0
-0 -0 -0
-0 -0 -0
-0 -0 -0
-0 -0 -0
-0 -0 -0
-0 -0 -0
-0 -0 -0
-0 -0 -0
-0 -0 -0
-0 -0 -0
-0 -0 -0
-0 -0 -0
-0 -0 -0
-0 -0 -0
-0 -0 -0
-0 -0 -0
-0 -0 -0
-0 -0 -0
-0 1.1872518821307978 -0
-0 -0 -0
-0 -0 -0
-0 -0 -0
-0 -0 -0
-0 -0 -0
-0 -0 -0
-0 -0 -0
-0 -0 -0
-0 -0 -0
-0 1.2327886577785365 -0
-0 -0 -0
-0 -0 -0
-0 -0 -0
-0 -0 -0
-0 -0 -0
-0 1.1825695271863379 -0
-0 -0 -0
-0 -0 -0
-0 -0 -0
-0 -0 -0
-0 -0 -0
-0 -0 -0
-0 -0 -0
-0 -0 -0
-0 -0 -0
-0 -0 -0
-0 -0 -0
-0 -0 -0
-0 -0 -0
-0 -0 -0
-0 -0 -0
-0 -0 -0
-0 -0 -0
-0 1.2666301932007784 -0
-0 -0 -0
-0 -0 -0
-0 -0 -0
-0 -0 -0
-0 -0 -0
-0 -0 -0
-0 -0 -0
-0 -0 -0
-0 -0 -0
-0 -0 -0
-0 -0 -0
-0 1.3308761671855909 -0
-0 -0 -0
-0 -0 -0
-0 -0 -0
-0 -0 -0
-0 -0 -0
-0 -0 -0
-0 -0 -0
-0 -0 -0
-0 -0 -0
-0 -0 -0
-0 -0 -0
-0 -0 -0
-0 -0 -0
-0 -0 -0
-0 -0 -0
-0 -0 -0
-0 -0 -0
-0 -0 -0
-0 -0 -0
-0 -0 -0
-0 -0 -0
-0 -0 -0
-0 1.251766989407388 -0
-0 1.2357051417388174 -0
-0 -0 -0
-0 -0 -0
-0 -0 -0
-0 -0 -0
-0 -0 -0
-0 -0 -0
-0 -0 -0
-0 -0 -0
-0 -0 -0
-0 -0 -0
-0 -0 -0
-0 -0 -0
-0 -0 -0
-0 -0 -0
-0 -0 -0
-0 -0 -0
-0 -0 -0
-0 -0 -0
-0 -0 -0
-0 -0 -0
-0 -0 -0
-0 -0 -0
-0 -0 -0
-0 -0 -0
-0 -0 -0
-0 -0 -0
-0 -0 -0
-0 -0 -0
-0 -0 -0
-0 -0 -0
-0 -0 -0
-0 -0 -0
-0 -0 -0
-0 -0 -0
-0 -0 -0
-0 -0 -0
-0 -0 -0
-0 -0 -0
-0 -0 -0
-0 -0 -0
-0 -0 -0
-0 -0 -0
-0 1.2407502144328464 -0
-0 -0 -0
-0 -0 -0
-0 -0 -0
-0 -0 -0
-0 -0 -0
-0 -0 -0
-0 -0 -0
-0 -0 -0
-0 -0 -0
-0 -0 -0
-0 -0 -0
-0 1.3043747082924397 -0
-0 -0 -0
-0 -0 -0
-0 -0 -0
-0 -0 -0
-0 -0 -0
-0 -0 -0
-0 -0 -0
-0 -0 -0
-0 -0 -0
-0 -0 -0
-0 -0 -0
-0 -0 -0
-0 -0 -0
-0 -0 -0
-0 -0 -0
-0 1.2399074641675143 -0
-0 -0 -0
-0 -0 -0
-0 -0 -0
-0 -0 -0
-0 -0 -0
-0 -0 -0
-0 -0 -0
-0 -0 -0
-0 -0 -0
-0 1.3850485150629408 -0
-0 -0 -0
-0 -0 -0
-0 -0 -0
-0 -0 -0
-0 -0 -0
-0 -0 -0
-0 -0 -0
-0 -0 -0
-0 -0 -0
-0 -0 -0
-0 -0 -0
-0 -0 -0
-0 -0 -0
-0 -0 -0
-0 -0 -0
-0 -0 -0
-0 -0 -0
-0 -0 -0
-0 -0 -0
-0 -0 -0
-0 -0 -0
-0 -0 -0
-0 -0 -0
-0 -0 -0
-0 -0 -0
-0 -0 -0
-0 1.2639422187773406 -0
-0 -0 -0
-0 -0 -0
-0 -0 -0
-0 -0 -0
-0 -0 -0
-0 -0 -0
-0 -0 -0
-0 -0 -0
-0 -0 -0
-0 -0 -0
-0 -0 -0
-0 -0 -0
-0 -0 -0
-0 -0 -0
-0 -0 -0
-0 -0 -0
-0 -0 -0
-0 -0 -0
-0 -0 -0
-0 -0 -0
-0 -0 -0
-0 -0 -0
-0 -0 -0
-0 -0 -0
-0 -0 -0
-0 -0 -0
-0 -0 -0
-0 -0 -0
-0 -0 -0
-0 -0 -0
-0 -0 -0
-0 -0 -0
-0 -0 -0
-0 -0 -0
-0 -0 -0
-0 -0 -0
-0 -0 -0
-0 -0 -0
-0 -0 -0
-0 -0 -0
-0 -0 -0
-0 -0 -0
-0 -0 -0
-0 -0 -0
-0 -0 -0
-0 -0 -0
-0 -0 -0
-0 -0 -0
-0 -0 -0
-0 -0 -0
-0 -0 -0
-0 -0 -0
-0 -0 -0
-0 -0 -0
-0 -0 -0
-0 -0 -0
-0 -0 -0
-0 -0 -0
-0 -0 -0
-0 -0 -0
-0 -0 -0
-0 -0 -0
-0 -0 -0
-0 -0 -0
-0 -0 -0
-0 -0 -0
-0 -0 -0
-0 -0 -0
-0 -0 -0
-0 -0 -0
-0 -0 -0
-0 -0 -0
-0 -0 -0
-0 1.2477685558794365 -0
-0 -0 -0
-0 -0 -0
-0 -0 -0
-0 -0 -0
-0 1.308478851452296 -0
-0 -0 -0
-0 -0 -0
-0 -0 -0
-0 -0 -0
-0 -0 -0
-0 -0 -0
-0 -0 -0
-0 1.1504773443580962 -0
-0 -0 -0
-0 -0 -0
-0 -0 -0
-0 -0 -0
-0 -0 -0
-0 -0 -0
-0 -0 -0
-0 -0 -0
-0 1.2830242519477697 -0
-0 -0 -0
-0 -0 -0
-0 -0 -0
-0 -0 -0
-0 -0 -0
-0 -0 -0
-0 -0 -0
-0 -0 -0
-0 -0 -0
-0 -0 -0
-0 -0 -0
-0 -0 -0
-0 -0 -0
-0 -0 -0
-0 1.2446878355126518 -0
-0 -0 -0
-0 -0 -0
-0 -0 -0
-0 -0 -0
-0 1.2493671887899092 -0
-0 -0 -0
-0 -0 -0
-0 -0 -0
-0 -0 -0
-0 1.1630611426689037 -0
-0 -0 -0
-0 -0 -0
-0 -0 -0
-0 -0 -0
-0 -0 -0
-0 -0 -0
-0 -0 -0
-0 1.373275050745022 -0
-0 -0 -0
-0 -0 -0
-0 -0 -0
-0 1.258980447198514 -0
-0 -0 -0
-0 -0 -0
-0 -0 -0
-0 -0 -0
-0 -0 -0
-0 -0 -0
-0 1.25129499715811 -0
-0 -0 -0
-0 -0 -0
-0 -0 -0
-0 -0 -0
-0 -0 -0
-0 -0 -0
-0 -0 -0
-0 -0 -0
-0 -0 -0
-0 -0 -0
-0 -0 -0
-0 -0 -0
-0 -0 -0
-0 -0 -0
-0 -0 -0
-0 -0 -0
-0 -0 -0
-0 -0 -0
-0 -0 -0
-0 -0 -0
-0 -0 -0
-0 -0 -0
-0 -0 -0
-0 1.2570890328576003 -0
-0 1.3567560018457665 -0
-0 -0 -0
-0 1.3821447769100446 -0
-0 -0 -0
-0 1.3078470122015886 -0
-0 -0 -0
-0 -0 -0
-0 1.2847537586980562 -0
-0 -0 -0
-0 -0 -0
-0 -0 -0
-0 -0 -0
-0 -0 -0
-0 -0 -0
-0 -0 -0
-0 -0 -0
-0 -0 -0
-0 -0 -0
-0 -0 -0
-0 -0 -0
-0 1.2827653001203352 -0
-0 -0 -0
-0 -0 -0
-0 -0 -0
-0 -0 -0
-0 -0 -0
-0 -0 -0
-0 1.213817833302864 -0
-0 -0 -0
-0 -0 -0
-0 -0 -0
-0 -0 -0
-0 -0 -0
-0 -0 -0
-0 -0 -0
-0 -0 -0
-0 -0 -0
-0 -0 -0
-0 -0 -0
-0 -0 -0
-0 -0 -0
-0 -0 -0
-0 -0 -0
-0 -0 -0
-0 -0 -0
-0 -0 -0
-0 -0 -0
-0 -0 -0
-0 1.2277375788901053 -0
-0 -0 -0
-0 -0 -0
-0 -0 -0
-0 -0 -0
-0 -0 -0
-0 -0 -0
-0 -0 -0
-0 -0 -0
-0 1.2489431507283597 -0
-0 -0 -0
-0 -0 -0
-0 -0 -0
-0 -0 -0
-0 -0 -0
-0 -0 -0
-0 -0 -0
-0 -0 -0
-0 -0 -0
-0 -0 -0
-0 -0 -0
-0 -0 -0
-0 1.1644695778852419 -0
-0 -0 -0
-0 -0 -0
-0 -0 -0
-0 -0 -0
-0 -0 -0
-0 -0 -0
-0 -0 -0
-0 -0 -0
-0 -0 -0
-0 -0 -0
-0 -0 -0
-0 -0 -0
-0 -0 -0
-0 -0 -0
-0 -0 -0
-0 -0 -0
-0 -0 -0
-0 -0 -0
-0 -0 -0
-0 -0 -0
-0 -0 -0
-0 -0 -0
-0 -0 -0
-0 -0 -0
-0 -0 -0
-0 -0 -0
-0 -0 -0
-0 -0 -0
-0 -0 -0
-0 -0 -0
-0 -0 -0
-0 -0 -0
-0 -0 -0
-0 -0 -0
-0 -0 -0
-0 -0 -0
-0 -0 -0
-0 -0 -0
-0 -0 -0
-0 -0 -0
-0 -0 -0
-0 -0 -0
-0 -0 -0
-0 -0 -0
-0 -0 -0
-0 -0 -0
-0 -0 -0
-0 -0 -0
-0 -0 -0
-0 -0 -0
-0 -0 -0
-0 -0 -0
-0 -0 -0
-0 -0 -0
-0 -0 -0
-0 -0 -0
-0 -0 -0
-0 -0 -0
-0 -0 -0
-0 -0 -0
-0 -0 -0
-0 -0 -0
-0 -0 -0
-0 -0 -0
-0 -0 -0
-0 -0 -0
-0 -0 -0
-0 -0 -0
-0 -0 -0
-0 -0 -0
-0 -0 -0
-0 -0 -0
-0 -0 -0
-0 -0 -0
-0 -0 -0
-0 -0 -0
-0 -0 -0
-0 -0 -0
-0 -0 -0
-0 -0 -0
-0 -0 -0
-0 -0 -0
-0 -0 -0
-0 -0 -0
-0 -0 -0
-0 -0 -0
-0 -0 -0
-0 -0 -0
-0 1.3594955990571482 -0
-0 -0 -0
-0 -0 -0
-0 -0 -0
-0 -0 -0
-0 -0 -0
-0 -0 -0
-0 -0 -0
-0 -0 -0
-0 -0 -0
-0 -0 -0
-0 -0 -0
-0 -0 -0
-0 -0 -0
-0 -0 -0
-0 -0 -0
-0 -0 -0
-0 -0 -0
-0 -0 -0
-0 -0 -0
-0 -0 -0
-0 -0 -0
-0 -0 -0
-0 -0 -0
-0 -0 -0
-0 -0 -0
-0 -0 -0
-0 -0 -0
-0 1.2594614595794078 -0
-0 -0 -0
-0 -0 -0
-0 -0 -0
-0 -0 -0
-0 -0 -0
-0 -0 -0
-0 -0 -0
-0 -0 -0
-0 -0 -0
-0 -0 -0
-0 1.2648396894410652 -0
-0 -0 -0
-0 -0 -0
-0 -0 -0
-0 -0 -0
-0 -0 -0
-0 -0 -0
-0 -0 -0
-0 -0 -0
-0 -0 -0
-0 -0 -0
-0 -0 -0
-0 -0 -0
-0 -0 -0
-0 -0 -0
-0 -0 -0
-0 1.2289024179862476 -0
-0 -0 -0
-0 -0 -0
-0 -0 -0
-0 -0 -0
-0 -0 -0
-0 -0 -0
-0 -0 -0
-0 -0 -0
-0 -0 -0
-0 -0 -0
-0 -0 -0
-0 -0 -0
-0 -0 -0
-0 -0 -0
-0 -0 -0
-0 -0 -0
-0 -0 -0
-0 -0 -0
-0 -0 -0
-0 -0 -0
-0 -0 -0
-0 -0 -0
-0 -0 -0
VECTORS debug_velocity float
0 -1.5412886469721125 0
0 -1.4861202711192441 0
0 -1.4224888116077201 0
0 -1.3678597075582144 0
0 -1.5262479888827802 0
0 -1.465161142844051 0
0 -1.4033391714338272 0
0 -1.3536659865495939 0
0 -1.5406367428118339 0
0 -1.483056592703859 0
0 -1.5699768992918897 0
0 -1.5347646744681036 0
0 -1.429962275159028 0
0 -1.3890318916051048 0
0 -1.4933688910648655 0
0 -1.4614526713646685 0
0 -1.5897503148438024 0
0 -1.5864504762490994 0
0 -1.6122072659388236 0
0 -1.5601830623473687 0
0 -1.537779180027379 0
0 -1.6052704578269736 0
0 -1.5939069860620778 0
0 -1.3627664950571305 0
0 -1.4017121293292394 0
0 -1.4087787120021991 0
0 -1.4091628507420002 0
0 -1.3361874771217441 0
0 -1.3252164795706447 0
0 -1.3503127785831024 0
0 -1.3912045163281328 0
0 -1.397006402926849 0
0 -1.3942729529504663 0
0 -1.3658383325570667 0
0 -1.391436586756295 0
0 -1.4312498977562256 0
0 -1.4492464771165319 0
0 -1.4707003846847566 0
0 -1.5013938674951077 0
0 -1.4356851492647604 0
0 -1.4329084816803475 0
0 -1.5089436509171985 0
0 -1.5067258060115294 0
0 -1.5321513515055607 0
0 -1.5377032610118184 0
0 -1.551610865921611 0
0 -1.5738307764000494 0
0 -1.569321591750634 0
0 -1.5722137505747569 0
0 -1.6018593418027016 0
0 -1.6142453706945736 0
0 -1.5943517247689509 0
0 -1.577998565599434 0
0 -1.6143225637407663 0
0 -1.6315630305019202 0
0 -1.6290477179156917 0
0 -1.5510073714936232 0
0 -1.6092320023931188 0
0 -1.5549964607485365 0
0 -1.6127116321528738 0
0 -1.6415762321473877 0
0 -1.6449253542957962 0
0 -1.6414064163446411 0
0 -1.6462036865550691 0
0 -1.5773193616498933 0
0 -1.6264853399304195 0
0 -1.6401427508809276 0
0 -1.6481064033751183 0
0 -1.5977857519653067 0
0 -1.6379875905211603 0
0 -1.6168572900442628 0
0 -1.6426396365628249 0
0 -1.6389425967704838 0
0 -1.6499855729919903 0
0 -1.6332616703924365 0
0 -1.640244634397638 0
0 -1.5835175658543241 0
0 -1.566592016788388 0
0 -1.6075238618244865 0
0 -1.5839289441723388 0
0 -1.603316299083656 0
0 -1.6369796473741869 0
0 -1.6529693850829308 0
0 -1.620830743775824 0
0 -1.6089336040008722 0
0 -1.6458200801267175 0
0 -1.6302571658996488 0
0 -1.6308390938432418 0
0 -1.6740379923667339 0
0 -1.6800259035135932 0
0 -1.6873207972839692 0
0 -1.7045482332902653 0
0 -1.6934239079899824 0
0 -1.6391649214958006 0
0 -1.6349072305666139 0
0 -1.6690132943180256 0
0 -1.7032599417738727 0
0 -1.6787785162643227 0
0 -1.6476032370928821 0
0 -1.6311771569119993 0
0 -1.6516567474371093 0
0 -1.6418846772558637 0
0 -1.6302365454808803 0
0 -1.646547220071447 0
0 -1.6908176413588571 0
0 -1.6735061167104701 0
0 -1.6860838633424047 0
0 -1.6960206170628491 0
0 -1.4698811346123222 0
0 -1.4023016291954271 0
0 -1.3471745691926633 0
0 -1.445375438229247 0
0 -1.3797357630792604 0
0 -1.310201078735123 0
0 -1.3325363758872557 0
0 -1.3023266081974738 0
0 -1.3821784033310447 0
0 -1.3334238264388383 0
0 -1.3630709132616456 0
0 -1.3204932585561044 0
0 -1.2938594584562058 0
0 -1.2673789497537433 0
0 -1.2874597808028456 0
0 -1.2660105215598303 0
0 -1.4626528681941062 0
0 -1.4014275944524923 0
0 -1.5087862319732643 0
0 -1.4732508915496378 0
0 -1.3633928702077081 0
0 -1.3406392000058118 0
0 -1.447627745032505 0
0 -1.4322063140365191 0
0 -1.5526976547015057 0
0 -1.5692412562253717 0
0 -1.6402314562106952 0
0 -1.5647921567491432 0
0 -1.5587318748472783 0
0 -1.6608672442526962 0
0 -1.666208069216975 0
0 -1.3917392587982607 0
0 -1.3522023827722789 0
0 -1.4598948323078131 0
0 -1.4381268049053739 0
0 -1.3252975670347185 0
0 -1.3097065895340916 0
0 -1.4203495969350415 0
0 -1.4106152569779571 0
0 -1.5276530444415943 0
0 -1.5557077565970228 0
0 -1.6528993383071662 0
0 -1.559948839275364 0
0 -1.5597490549820776 0
0 -1.686062913732093 0
0 -1.6998902037872443 0
0 -1.3795627075443186 0
0 -1.346917658793243 0
0 -1.3643234529267245 0
0 -1.335614656457611 0
0 -1.3013095994563932 0
0 -1.2520535139447959 0
0 -1.2959145723993626 0
0 -1.2534120952304784 0
0 -1.419756224264515 0
0 -1.392191189091593 0
0 -1.4142762196629208 0
0 -1.3847925276882906 0
0 -1.3433551113431879 0
0 -1.3573522119949042 0
0 -1.3804161372356112 0
0 -1.4057759206021021 0
0 -1.3729537144342214 0
0 -1.4006586845729192 0
0 -1.2695842367901671 0
0 -1.335040709013998 0
0 -1.2691772295715196 0
0 -1.3482814723489347 0
0 -1.2907556052293401 0
0 -1.2876940304697906 0
0 -1.3981609379620343 0
0 -1.3703051100536778 0
0 -1.4750236000762433 0
0 -1.4570021528154613 0
0 -1.3364628683993951 0
0 -1.2999157487398034 0
0 -1.4328049281767854 0
0 -1.4047088826142202 0
0 -1.5467498590261135 0
0 -1.5752624931138601 0
0 -1.5853231962704737 0
0 -1.6704483522553595 0
0 -1.5746314041356511 0
0 -1.5621158657595813 0
0 -1.7059013308980138 0
0 -1.7177858181186583 0
0 -1.4408060234352147 0
0 -1.4154529785176009 0
0 -1.5153319388011379 0
0 -1.4978116700371464 0
0 -1.4374229270811274 0
0 -1.4089851104717137 0
0 -1.5130099454388826 0
0 -1.4938240945606343 0
0 -1.3751510067646662 0
0 -1.3156661020823779 0
0 -1.4685665533089722 0
0 -1.420123367888245 0
0 -1.3900009699104143 0
0 -1.3351149649348695 0
0 -1.482901054372336 0
0 -1.4387367534352447 0
0 -1.5779865814974812 0
0 -1.604014962124948 0
0 -1.6003728553441545 0
0 -1.6871107198930098 0
0 -1.5764499614132406 0
0 -1.6026067949075715 0
0 -1.6031723843526517 0
0 -1.6898777865050159 0
0 -1.601682593388136 0
0 -1.5767467668717692 0
0 -1.7238608265021591 0
0 -1.7325720540732978 0
0 -1.612927471664489 0
0 -1.5919775136728136 0
0 -1.7316537108161221 0
0 -1.7432592755408385 0
0 -1.3279558680627899 0
0 -1.334493615477423 0
0 -1.2815543767905495 0
0 -1.2933054369404662 0
0 -1.2772900699381415 0
0 -1.2875516324833085 0
0 -1.3195067494313868 0
0 -1.3149662479948834 0
0 -1.3256555417061731 0
0 -1.3046737377905613 0
0 -1.247589649398706 0
0 -1.2476363869653371 0
0 -1.2691386542416789 0
0 -1.2493633228044079 0
0 -1.2498227770776946 0
0 -1.2693543934938265 0
0 -1.2748661370583132 0
0 -1.2491023414213844 0
0 -1.2749176186418223 0
0 -1.2492532776179182 0
0 -1.3188627772260912 0
0 -1.3294982647591329 0
0 -1.3601105682664634 0
0 -1.416711284286964 0
0 -1.4270371977088567 0
0 -1.4537298944445514 0
0 -1.3662181364998307 0
0 -1.3475750086495888 0
0 -1.4605394056058751 0
0 -1.4507157373230326 0
0 -1.5516499469366605 0
0 -1.5591749329540856 0
0 -1.5765650093949681 0
0 -1.6659006989241343 0
0 -1.6678113039147575 0
0 -1.67712987564958 0
0 -1.5858168756792936 0
0 -1.5894501988961109 0
0 -1.6898199665103626 0
0 -1.7015748694446196 0
0 -1.2965033034995097 0
0 -1.2969877886806258 0
0 -1.3158694042788848 0
0 -1.401138821908368 0
0 -1.4029093473604572 0
0 -1.4201876421061657 0
0 -1.3221598921208004 0
0 -1.2993443942383314 0
0 -1.4277140977349054 0
0 -1.4149349848928823 0
0 -1.5564756887539373 0
0 -1.5592089462650651 0
0 -1.5731749866309608 0
0 -1.7048425698806373 0
0 -1.7094867669485223 0
0 -1.7193253679664711 0
0 -1.5826424551511531 0
0 -1.5859253705481589 0
0 -1.7292922823744179 0
0 -1.7406866605077369 0
0 -1.2313277170957158 0
0 -1.2410065676856956 0
0 -1.2654828759418446 0
0 -1.2362403876967141 0
0 -1.2457743369234529 0
0 -1.2691246959238431 0
0 -1.2730466989887197 0
0 -1.2472730873452782 0
0 -1.2762071614206489 0
0 -1.2499700841860317 0
0 -1.2859967555310314 0
0 -1.2291435615378823 0
0 -1.2412781479214239 0
0 -1.2719785764978382 0
0 -1.2348742881154535 0
0 -1.2466900008827726 0
0 -1.2748436922324373 0
0 -1.2214595312867886 0
0 -1.2069829455793155 0
0 -1.2290769238381631 0
0 -1.2275679577692793 0
0 -1.2156957413707781 0
0 -1.236590599194342 0
0 -1.2510271161649722 0
0 -1.2877697689955021 0
0 -1.2532933941168876 0
0 -1.2439906858536056 0
0 -1.2091976708717476 0
0 -1.2501294118644986 0
0 -1.2168356835898708 0
0 -1.2862186535044664 0
0 -1.2965227249447897 0
0 -1.3204742445195288 0
0 -1.3949794651219012 0
0 -1.4055478801719974 0
0 -1.4273328025498266 0
0 -1.3274120723338283 0
0 -1.3032547001084607 0
0 -1.4366766321748417 0
0 -1.4222747192673901 0
0 -1.5594995754974388 0
0 -1.5690905490000362 0
0 -1.5857966301513373 0
0 -1.7252757083161241 0
0 -1.7340942049694232 0
0 -1.7450239271566335 0
0 -1.5972910602141439 0
0 -1.600012564701657 0
0 -1.7552999547637795 0
0 -1.7664452754170812 0
0 -1.2859690767456262 0
0 -1.2996524947020609 0
0 -1.3279101878909316 0
0 -1.3966060337228245 0
0 -1.4104959484443467 0
0 -1.4373603958641994 0
0 -1.2803874667481479 0
0 -1.2711808599970367 0
0 -1.2923383180222037 0
0 -1.3923747387193939 0
0 -1.385526017590301 0
0 -1.4064346953009641 0
0 -1.3420234845649963 0
0 -1.3088152043719017 0
0 -1.4524445685609422 0
0 -1.429261299566942 0
0 -1.3064215284334306 0
0 -1.2750091166868249 0
0 -1.4218279228374222 0
0 -1.4002122537407664 0
0 -1.56432349313178 0
0 -1.5768000896168453 0
0 -1.5983528017893556 0
0 -1.7367944790151579 0
0 -1.7475258073881246 0
0 -1.7608038548063549 0
0 -1.5631974313159693 0
0 -1.5610936052516231 0
0 -1.5777933337388723 0
0 -1.740935558973449 0
0 -1.7460203972673856 0
0 -1.7568032481662048 0
0 -1.613633547883216 0
0 -1.6100150211632698 0
0 -1.7726367198313804 0
0 -1.7809338439268825 0
0 -1.593932501022735 0
0 -1.5915026541430222 0
0 -1.7694872515208238 0
0 -1.7791137418206353 0
0 -1.583133335525212 0
0 -1.5908650835625848 0
0 -1.6676879680882291 0
0 -1.7056479921350254 0
0 -1.7200780461378553 0
0 -1.5766718680469802 0
0 -1.6727036576249905 0
0 -1.6749325758881255 0
0 -1.7209558117289292 0
0 -1.7408189460618271 0
0 -1.7259635356362233 0
0 -1.7480754966417185 0
0 -1.5735876424160375 0
0 -1.5947714484761986 0
0 -1.6970878422871523 0
0 -1.7488874643630057 0
0 -1.7738343393094427 0
0 -1.5982067925867649 0
0 -1.7110743889753657 0
0 -1.7163443485566867 0
0 -1.7705981895341831 0
0 -1.8009035959067401 0
0 -1.7779134139495296 0
0 -1.810432960597941 0
0 -1.5755276581370656 0
0 -1.5764759883222144 0
0 -1.6782306054016134 0
0 -1.7276520236659381 0
0 -1.7508234983518143 0
0 -1.5752286394814254 0
0 -1.6800678228926298 0
0 -1.5884370402069383 0
0 -1.6822251058319393 0
0 -1.7271864599189031 0
0 -1.7508583707992229 0
0 -1.7244094379324295 0
0 -1.7464164302864891 0
0 -1.6081205874641289 0
0 -1.717316345592627 0
0 -1.6040356577133195 0
0 -1.7798202055155328 0
0 -1.8136050318838519 0
0 -1.5852407715479384 0
0 -1.7138367952770002 0
0 -1.5859307057249687 0
0 -1.7127501556310971 0
0 -1.7795167923696231 0
0 -1.8139438593273514 0
0 -1.7781536215857108 0
0 -1.8121151903912018 0
0 -1.7174048547304226 0
0 -1.6074085724902409 0
0 -1.7752825219649899 0
0 -1.804696812246017 0
0 -1.8367875505186408 0
0 -1.6288477475476859 0
0 -1.7378346164594358 0
0 -1.6523332726140818 0
0 -1.7473412322025359 0
0 -1.8012797783079331 0
0 -1.8104328370082148 0
0 -1.8478037609128097 0
0 -1.7307067274914143 0
0 -1.6173530010796988 0
0 -1.7369552906330226 0
0 -1.6280793257407933 0
0 -1.791390135848099 0
0 -1.8224732754574782 0
0 -1.856750338033327 0
0 -1.79867988775268 0
0 -1.831312444221106 0
0 -1.8663682057707571 0
0 -1.6477816207316183 0
0 -1.7537708883702827 0
0 -1.6751399945529204 0
0 -1.7651760832618852 0
0 -1.6612706408819566 0
0 -1.760934900027906 0
0 -1.6758069948805818 0
0 -1.7704002059718547 0
0 -1.8188385683793891 0
0 -1.828937756653215 0
0 -1.8686909563793244 0
0 -1.8266407374855698 0
0 -1.8368214774390323 0
0 -1.8788312713586164 0
0 -1.7482067127753622 0
0 -1.6486981061873098 0
0 -1.8125600048192314 0
0 -1.8513392222540324 0
0 -1.8521644783047806 0
0 -1.6187613857470211 0
0 -1.7422384347079543 0
0 -1.6105082663470807 0
0 -1.738846616287995 0
0 -1.8121251128967752 0
0 -1.8113329685256225 0
0 -1.851761282667078 0
0 -1.7662845975219932 0
0 -1.6713432973022755 0
0 -1.770524016676331 0
0 -1.6667057748133691 0
0 -1.831507514093317 0
0 -1.8726673210821987 0
0 -1.8316039634334402 0
0 -1.8739970256541381 0
0 -1.8398327059222543 0
0 -1.8832251080495193 0
0 -1.8411034684015082 0
0 -1.8851150527962734 0
0 -1.6427332266128445 0
0 -1.76072635066878 0
0 -1.6368445067034076 0
0 -1.7581661404900997 0
0 -1.6526999030301759 0
0 -1.7684332756105918 0
0 -1.6532548915965515 0
0 -1.7693713099413533 0
0 -1.8315689513794797 0
0 -1.8743749889366725 0
0 -1.8423705411332991 0
0 -1.8861130668398791 0
0 -1.7220591140452635 0
0 -1.7221627788770653 0
0 -1.7319801466670914 0
0 -1.7468669421894369 0
0 -1.7590686517369785 0
0 -1.744402031547732 0
0 -1.7472951626209519 0
0 -1.7615914775684882 0
0 -1.7543500147855082 0
0 -1.760949196426989 0
0 -1.7768665935690107 0
0 -1.776518434124841 0
0 -1.7855624762312077 0
0 -1.7900069276023463 0
0 -1.7954035419889194 0
0 -1.7852969534917431 0
0 -1.79249141746132 0
0 -1.8007975839600396 0
0 -1.8095482135484311 0
0 -1.8179880862929061 0
0 -1.8470082197340831 0
0 -1.8156270210001058 0
0 -1.8247002798119898 0
0 -1.8333796760888745 0
0 -1.8269188784304617 0
0 -1.8370869589267904 0
0 -1.8460234472331181 0
0 -1.8410187274081931 0
0 -1.8529903031788533 0
0 -1.8576123275257139 0
0 -1.7591729296031309 0
0 -1.7658237461188908 0
0 -1.7802324692285449 0
0 -1.792823095242108 0
0 -1.7958034233482678 0
0 -1.7607479464236355 0
0 -1.7656120771100341 0
0 -1.777797214153936 0
0 -1.7577390399282604 0
0 -1.7639018128694122 0
0 -1.7763512420348793 0
0 -1.7921911613353754 0
0 -1.7962844748590925 0
0 -1.7925883855899116 0
0 -1.8014810929500553 0
0 -1.8310339979956305 0
0 -1.8414952767568238 0
0 -1.8502321775962272 0
0 -1.8318943744414391 0
0 -1.8425208063331191 0
0 -1.8512606595042724 0
0 -1.8569086041698419 0
0 -1.8611620930465209 0
0 -1.8583193174131758 0
0 -1.863050765016401 0
0 -1.8304182297115676 0
0 -1.8417665206477021 0
0 -1.851219055179216 0
0 -1.8591856870822556 0
0 -1.864751144605137 0
0 -1.8202692746131413 0
0 -1.8302138559779755 0
0 -1.8384448896007406 0
0 -1.8561824391884225 0
0 -1.8674785550650363 0
0 -1.875144566822621 0
0 -1.8455563935936359 0
0 -1.8528077761965893 0
0 -1.8805561497796626 0
0 -1.884937630743561 0
0 -1.8687484732621349 0
0 -1.8807707347413514 0
0 -1.8884084209041274 0
0 -1.8932848089571663 0
0 -1.8966351527144159 0
0 -1.8390510320384781 0
0 -1.850083787557407 0
0 -1.8586298324364483 0
0 -1.878228156045018 0
0 -1.8905941278750173 0
0 -1.8981855103511285 0
0 -1.8478316372726853 0
0 -1.8582938146348655 0
0 -1.8664266169227233 0
0 -1.8890607658976497 0
0 -1.9019549450550994 0
0 -1.9095782023605412 0
0 -1.8657081815831136 0
0 -1.8723018779867242 0
0 -1.9029611238345789 0
0 -1.9066823285163148 0
0 -1.8735752184026677 0
0 -1.8804149739859906 0
0 -1.91419482966303 0
0 -1.917704857045943 0
0 -1.8918003663993077 0
0 -1.9048753532924476 0
0 -1.9123575725602102 0
0 -1.903341849756867 0
0 -1.9170713057299966 0
0 -1.9246210329503861 0
0 -1.9165593651994 0
0 -1.9192252001974524 0
0 -1.9286072894900352 0
0 -1.9309451435663323 0
0 -1.8730546638061436 0
0 -1.8854051260189086 0
0 -1.8930724280300155 0
0 -1.8743047714930263 0
0 -1.8868591495645932 0
0 -1.8946556026047472 0
0 -1.8978453664204189 0
0 -1.9009348538979434 0
0 -1.8995722787391784 0
0 -1.9027205988793958 0
0 -1.8740971056247104 0
0 -1.8868981278274437 0
0 -1.8949759119549447 0
0 -1.9001849732548568 0
0 -1.9035080216053966 0
0 -1.8964727038756359 0
0 -1.9098225330838854 0
0 -1.9173196420794618 0
0 -1.8981008423266266 0
0 -1.9115308617201223 0
0 -1.9190552229743076 0
0 -1.9222633065323504 0
0 -1.90832825747832 0
0 -1.9297901789450833 0
0 -1.9102434829250388 0
0 -1.9241095798286032 0
0 -1.9315722967523759 0
0 -1.9214059740886409 0
0 -1.9237834922858388 0
0 -1.923155648220038 0
0 -1.9254724473635596 0
0 -1.9336336562933831 0
0 -1.9356517291366153 0
0 -1.9353668055647089 0
0 -1.9372842179960619 0
0 -1.8985460258179301 0
0 -1.9120039638320869 0
0 -1.9195773575136676 0
0 -1.9110311694843132 0
0 -1.9247636122866068 0
0 -1.9321565332027524 0
0 -1.9237373655675296 0
0 -1.9260595271669951 0
0 -1.9359212043103546 0
0 -1.9377958145840324 0
0 -1.6159259043016934 0
0 -1.6311051982362235 0
0 -1.6033922386491972 0
0 -1.60000423961173 0
0 -1.605199084985498 0
0 -1.6137116020684579 0
0 -1.6428708198002391 0
0 -1.7199116266327572 0
0 -1.688351999005147 0
0 -1.6818226304694113 0
0 -1.5952142567576917 0
0 -1.7183750638609259 0
0 -1.7371001045322605 0
0 -1.712999002521316 0
0 -1.5903367613751196 0
0 -1.776279484726965 0
0 -1.8094500985322921 0
0 -1.7378372798242141 0
0 -1.6060066335456991 0
0 -1.8106115492587653 0
0 -1.8515005797171056 0
0 -1.7585023305760443 0
0 -1.6375056679307276 0
0 -1.6582335575383913 0
0 -1.7712576007141889 0
0 -1.8315426278111733 0
0 -1.8749147007430507 0
0 -1.8431981167382949 0
0 -1.8870340589101948 0
0 -1.7484881761353965 0
0 -1.7585401274676329 0
0 -1.7740651907982488 0
0 -1.7925651156990257 0
0 -1.8062451889034146 0
0 -1.8276511881037862 0
0 -1.8396997565538371 0
0 -1.8501199369456485 0
0 -1.8590739458154351 0
0 -1.8655439538133032 0
0 -1.8867955790027064 0
0 -1.8738977764930111 0
0 -1.8950720698672467 0
0 -1.9005064622909014 0
0 -1.9040936162940052 0
0 -1.8991643091162207 0
0 -1.9125651115679754 0
0 -1.9201006791266195 0
0 -1.9118806743812882 0
0 -1.9254639616337457 0
0 -1.9327340141873302 0
0 -1.9242507667668298 0
0 -1.9266393623460949 0
0 -1.9364197488332755 0
0 -1.9382967035917213 0
0 -1.3460741287601412 0
0 -1.3048022448238625 0
0 -1.3096543622982355 0
0 -1.3305641029935595 0
0 -1.298860244312231 0
0 -1.2687302272780872 0
0 -1.2972383389937592 0
0 -1.2673644510709454 0
0 -1.2484977793492573 0
0 -1.197891025611582 0
0 -1.2406146151497635 0
0 -1.1976121213776598 0
0 -1.1948652342260992 0
0 -1.206387692871147 0
0 -1.1975181081105806 0
0 -1.2116661140255713 0
0 -1.3743107238744707 0
0 -1.3401449730799133 0
0 -1.4645615530374601 0
0 -1.4376111375890468 0
0 -1.3424688838465575 0
0 -1.3176486120657465 0
0 -1.4434316175312791 0
0 -1.4248832059771641 0
0 -1.549704335446652 0
0 -1.5691849465113936 0
0 -1.5944238808731515 0
0 -1.6795451405661881 0
0 -1.587512709971048 0
0 -1.5829539938699946 0
0 -1.7225688074454568 0
0 -1.7402055141923218 0
0 -1.2958263276659272 0
0 -1.2495697528005547 0
0 -1.4072396588332248 0
0 -1.3634740992644783 0
0 -1.2507446222019547 0
0 -1.2673399419069349 0
0 -1.3648247092847665 0
0 -1.3812712909564393 0
0 -1.5273975984290904 0
0 -1.5247804150079816 0
0 -1.6662883683313288 0
0 -1.5351447672725373 0
0 -1.5523377524078967 0
0 -1.7025332685240844 0
0 -1.7272598577089877 0
0 -1.1562030567239008 0
0 -1.0928586411610153 0
0 -1.1608254182814493 0
0 -1.1081490948223327 0
0 -1.0947962378526823 0
0 -1.1482378946175196 0
0 -1.1109838929809428 0
0 -1.1601931490282336 0
0 -1.1099240102037014 0
0 -1.0408903156469456 0
0 -1.1204703769399913 0
0 -1.0636164069756862 0
0 -1.0555013288507062 0
0 -1.1420920783633208 0
0 -1.0774105262732983 0
0 -1.1522628074168604 0
0 -1.225065327259804 0
0 -1.1708685448543199 0
0 -1.3516827943160969 0
0 -1.2974957012452593 0
0 -1.1739012718597344 0
0 -1.2195705878018888 0
0 -1.299714540516737 0
0 -1.3410674031807674 0
0 -1.50896471656804 0
0 -1.4854638396062492 0
0 -1.618159258788971 0
0 -1.6585831668278541 0
0 -1.491279616522095 0
0 -1.5267695558665526 0
0 -1.6866844553654345 0
0 -1.7183401542570207 0
0 -1.1914442424895071 0
0 -1.134521456563589 0
0 -1.3283264333289282 0
0 -1.2741019911905174 0
0 -1.1464300257316162 0
0 -1.2155446402685011 0
0 -1.284160826300131 0
0 -1.3458644959711621 0
0 -1.504546770052674 0
0 -1.4795921405489192 0
0 -1.6361189256379245 0
0 -1.6624510427326342 0
0 -1.4933572656996414 0
0 -1.5417275154301406 0
0 -1.6933685313946711 0
0 -1.7297606271530463 0
0 -1.2027115426450283 0
0 -1.1756672334503457 0
0 -1.1806699534386895 0
0 -1.2111759778111546 0
0 -1.1874392158110449 0
0 -1.1934755507466355 0
0 -1.2005659316364339 0
0 -1.1899158823784071 0
0 -1.2119290955197155 0
0 -1.2006323926006579 0
0 -1.1989132382256014 0
0 -1.1951257468144321 0
0 -1.1930543910319444 0
0 -1.2078516004880822 0
0 -1.2056623440639933 0
0 -1.2052400546785649 0
0 -1.210169642573663 0
0 -1.2295946641427791 0
0 -1.2211987411735215 0
0 -1.2358026339435537 0
0 -1.2659252168853086 0
0 -1.2479393182736711 0
0 -1.2516501209084192 0
0 -1.3805796484306168 0
0 -1.3641929477508694 0
0 -1.3701090119664967 0
0 -1.270473404811115 0
0 -1.2609038648718744 0
0 -1.3897059159321488 0
0 -1.3885039312522762 0
0 -1.5551262338985179 0
0 -1.5446330402463728 0
0 -1.5526168998263588 0
0 -1.7387481884184715 0
0 -1.7403694963859744 0
0 -1.7483761456490656 0
0 -1.5716712249667284 0
0 -1.5836525246067183 0
0 -1.7622346544520355 0
0 -1.7777003465396519 0
0 -1.2643602698167138 0
0 -1.2632675712229087 0
0 -1.26400295802424 0
0 -1.3801844122832576 0
0 -1.3802912355652166 0
0 -1.3822738475158098 0
0 -1.2803669822833565 0
0 -1.2959397704455256 0
0 -1.3998109189486432 0
0 -1.4218474364307203 0
0 -1.5562758438004132 0
0 -1.5592243023597061 0
0 -1.5622473125374525 0
0 -1.7401170586674513 0
0 -1.7480554542536644 0
0 -1.7531975207289037 0
0 -1.5800966122667719 0
0 -1.6082216559226885 0
0 -1.7663658983007759 0
0 -1.7867946474176002 0
0 -1.2131858087718099 0
0 -1.24439961298793 0
0 -1.2278885258588976 0
0 -1.2201419099737436 0
0 -1.2493189182984288 0
0 -1.2363038670406798 0
0 -1.2219370489482333 0
0 -1.2395568847705307 0
0 -1.2319566514079785 0
0 -1.2443216034606026 0
0 -1.2846330187078812 0
0 -1.2434466919580349 0
0 -1.238889247847927 0
0 -1.24266247700563 0
0 -1.282673343446032 0
0 -1.2433114453055532 0
0 -1.1955239071392647 0
0 -1.1846802569124357 0
0 -1.2060301519544776 0
0 -1.1950920421128985 0
0 -1.2774648392797712 0
0 -1.3059840792436632 0
0 -1.2937973816345887 0
0 -1.394273073550196 0
0 -1.421110753865503 0
0 -1.4117201958466234 0
0 -1.2917154821988599 0
0 -1.3060018373346751 0
0 -1.412339214681859 0
0 -1.4332252380435837 0
0 -1.5684198403582799 0
0 -1.5916911284618485 0
0 -1.5874257667034783 0
0 -1.7463712997340402 0
0 -1.763579756261497 0
0 -1.766185135004074 0
0 -1.5925287903674046 0
0 -1.6198505992551595 0
0 -1.7732645519790733 0
0 -1.791781578125212 0
0 -1.2999718095098272 0
0 -1.3393897563018018 0
0 -1.3020039010355371 0
0 -1.4219129581520691 0
0 -1.458559335080851 0
0 -1.4268901266690366 0
0 -1.2679775801590147 0
0 -1.2618844877866819 0
0 -1.3992658723131461 0
0 -1.4048857550778371 0
0 -1.5982751159755499 0
0 -1.6273118844094445 0
0 -1.6092979359021122 0
0 -1.7632105075588564 0
0 -1.7802737787334861 0
0 -1.7784030161891382 0
0 -1.5957386931796189 0
0 -1.6131720310958568 0
0 -1.7794965729713423 0
0 -1.7929943654675375 0
0 -1.7350104129236767 0
0 -1.6235039107473257 0
0 -1.7980156377935619 0
0 -1.8326614876622398 0
0 -1.869220018786423 0
0 -1.6497270959479724 0
0 -1.7579224687341486 0
0 -1.6466174608405975 0
0 -1.764009326352787 0
0 -1.8274203683971189 0
0 -1.8373183708694438 0
0 -1.88205301463424 0
0 -1.5947093177566154 0
0 -1.7316866904915409 0
0 -1.6168263116955968 0
0 -1.7934328546327047 0
0 -1.8297166432436609 0
0 -1.8681332164268076 0
0 -1.6269547896104537 0
0 -1.7516100935985335 0
0 -1.6162970497175828 0
0 -1.7549841948874767 0
0 -1.8249494209864143 0
0 -1.8344671567160518 0
0 -1.8810389195154265 0
0 -1.7628677462106139 0
0 -1.632628170840259 0
0 -1.8407470123368113 0
0 -1.8867849430161863 0
0 -1.8435066570903884 0
0 -1.8892296458071955 0
0 -1.6361389568526756 0
0 -1.7653266087151651 0
0 -1.6486033220571503 0
0 -1.7714270314596239 0
0 -1.846362437305618 0
0 -1.8907854018891639 0
0 -1.7542614803111807 0
0 -1.6032674981519923 0
0 -1.8382862754445524 0
0 -1.8858802797170544 0
0 -1.842416641763394 0
0 -1.888711664033365 0
0 -1.6168473368542757 0
0 -1.7602005256661621 0
0 -1.6433418521407637 0
0 -1.7709329421764286 0
0 -1.8467581068434693 0
0 -1.8907419478632894 0
0 -1.7357238879546775 0
0 -1.6473246030028517 0
0 -1.7901481434320086 0
0 -1.8269904199953853 0
0 -1.8651538070073721 0
0 -1.6363558560808464 0
0 -1.7528140749473098 0
0 -1.6192090046371572 0
0 -1.7532135962146023 0
0 -1.8222559464794443 0
0 -1.8310551635102328 0
0 -1.8773574564628999 0
0 -1.7403722568522053 0
0 -1.6737872270293257 0
0 -1.7899640897780182 0
0 -1.8272438460899303 0
0 -1.8603256011047844 0
0 -1.6470302973586455 0
0 -1.7558535322041895 0
0 -1.6242564718646779 0
0 -1.7531221422501357 0
0 -1.8190318286662446 0
0 -1.8257148086538535 0
0 -1.8707280197881868 0
0 -1.7544391111617035 0
0 -1.6157404272907003 0
0 -1.8349692668029738 0
0 -1.8817938098229803 0
0 -1.8399248319815869 0
0 -1.884600332720439 0
0 -1.6279939757316522 0
0 -1.7625123509359264 0
0 -1.6566393890794349 0
0 -1.7741847438732981 0
0 -1.8454306251259653 0
0 -1.8870555708456085 0
0 -1.754499424504339 0
0 -1.6332220420392409 0
0 -1.8271737028828168 0
0 -1.8734380579598071 0
0 -1.8315898739150362 0
0 -1.8736765149726116 0
0 -1.6472980736463851 0
0 -1.763610817458501 0
0 -1.6677830118638588 0
0 -1.776111641890584 0
0 -1.8395116011978589 0
0 -1.8758972346047893 0
0 -1.8501575860619723 0
0 -1.8605710115464951 0
0 -1.8682404148844107 0
0 -1.8930434725015224 0
0 -1.9063614974070817 0
0 -1.9139652794475142 0
0 -1.8755983466075863 0
0 -1.8832261624621729 0
0 -1.9184672198423673 0
0 -1.9218894128235755 0
0 -1.9077161531191287 0
0 -1.9218900050777132 0
0 -1.9294831988019401 0
0 -1.9333386697851238 0
0 -1.9354914799243346 0
0 -1.8505274368086917 0
0 -1.8625339535174934 0
0 -1.8696263987133572 0
0 -1.8929745537924658 0
0 -1.9066789522395391 0
0 -1.9140463768223841 0
0 -1.8764208465655672 0
0 -1.8841372756010053 0
0 -1.9181003405003925 0
0 -1.921171869986023 0
0 -1.907432834608374 0
0 -1.9218081074313778 0
0 -1.9292373355598171 0
0 -1.9327660467840371 0
0 -1.9346491662966343 0
0 -1.9128720305893006 0
0 -1.9271626599091121 0
0 -1.9347217454909771 0
0 -1.9149603645899487 0
0 -1.9290186931244848 0
0 -1.9364571839185087 0
0 -1.9384511543242136 0
0 -1.9402874354435076 0
0 -1.940131139594832 0
0 -1.941867878367004 0
0 -1.91592556942958 0
0 -1.9296833805172169 0
0 -1.9369747377878319 0
0 -1.9405871905910659 0
0 -1.9422702307957047 0
0 -1.9124676499598168 0
0 -1.9269047545797298 0
0 -1.9343912536073724 0
0 -1.9145087177305271 0
0 -1.928571860160629 0
0 -1.935973027509754 0
0 -1.9379398847455311 0
0 -1.9396153162250003 0
0 -1.939585135800777 0
0 -1.9412501791359735 0
0 -1.9154943173597083 0
0 -1.929045595309109 0
0 -1.9362515255076598 0
0 -1.9398415169731771 0
0 -1.9414848167218044 0
0 -1.8509893775932738 0
0 -1.8645977147023054 0
0 -1.8707859464203915 0
0 -1.8904904376992795 0
0 -1.9041281727894619 0
0 -1.9106556810298965 0
0 -1.8754580307022239 0
0 -1.881980006476436 0
0 -1.9135862746606844 0
0 -1.9157666359723367 0
0 -1.9039239925948699 0
0 -1.918142601365989 0
0 -1.9249061193264885 0
0 -1.9275483174844077 0
0 -1.9287991839033358 0
0 -1.8533195982433066 0
0 -1.8646233762826188 0
0 -1.8674150771684999 0
0 -1.8870074319829362 0
0 -1.8982784650479501 0
0 -1.9015069124564949 0
0 -1.8716204103753604 0
0 -1.8758958253761187 0
0 -1.9028681970097532 0
0 -1.900534230699515 0
0 -1.8980767232814488 0
0 -1.9105538516700653 0
0 -1.9143672438925607 0
0 -1.914000552701091 0
0 -1.9107636593516277 0
0 -1.9228328291750485 0
0 -1.9083799009399642 0
0 -1.9300139808414851 0
0 -1.9099302230069273 0
0 -1.9239921363699219 0
0 -1.9313897043313575 0
0 -1.9330742664345153 0
0 -1.9344324303305702 0
0 -1.9349543594009111 0
0 -1.9366185442946757 0
0 -1.9107018447480297 0
0 -1.9239295640476053 0
0 -1.9311769085044364 0
0 -1.9349582652131097 0
0 -1.9367602891558464 0
0 -1.9015417574126796 0
0 -1.9154852817615056 0
0 -1.921132443236349 0
0 -1.9002175978529336 0
0 -1.9159730946393181 0
0 -1.9233446475537426 0
0 -1.9213483187506988 0
0 -1.920418741458408 0
0 -1.9255450069684679 0
0 -1.9273225094569515 0
0 -1.8979513307707425 0
0 -1.9129371591027124 0
0 -1.9207283178449694 0
0 -1.9250733302255989 0
0 -1.9291443602852698 0
0 -1.6515529589712155 0
0 -1.7744475935744501 0
0 -1.8479445551267897 0
0 -1.8919523517375785 0
0 -1.7762338945069849 0
0 -1.6530059526243621 0
0 -1.8489534405497881 0
0 -1.8921394632900177 0
0 -1.7820693757111699 0
0 -1.6813611336567702 0
0 -1.8484608776513418 0
0 -1.8889111673880581 0
0 -1.7863642650396661 0
0 -1.6945301483210582 0
0 -1.8469515046461122 0
0 -1.8814945009650432 0
0 -1.9168273822150552 0
0 -1.9303422116510895 0
0 -1.9374584201700895 0
0 -1.940965335561267 0
0 -1.9426268306217325 0
0 -1.9163857441468062 0
0 -1.9295376746826236 0
0 -1.9365032137493157 0
0 -1.9399735740292592 0
0 -1.9415788161266485 0
0 -1.9115987562759784 0
0 -1.9240808163934056 0
0 -1.9309810869868087 0
0 -1.9346679996172311 0
0 -1.9364200552299802 0
0 -1.8991314541221425 0
0 -1.9111328635859188 0
0 -1.9186858460842398 0
0 -1.9235560272835666 0
0 -1.9269104997170452 0
-0 -0 -0
-0 1.6958600969251931 -0
-0 -0 -0
-0 1.5589763894312338 -0
-0 -0 -0
-0 -0 -0
-0 -0 -0
-0 -0 -0
-0 -0 -0
-0 -0 -0
-0 -0 -0
-0 1.6535286679903527 -0
-0 -0 -0
-0 1.6636284187590187 -0
-0 -0 -0
-0 -0 -0
-0 -0 -0
-0 -0 -0
-0 -0 -0
-0 -0 -0
-0 1.6381537775163244 -0
-0 1.481263390167155 -0
-0 -0 -0
-0 -0 -0
-0 -0 -0
-0 0.72229238171491128 -0
-0 -0 -0
-0 -0 -0
-0 -0 -0
-0 -0 -0
-0 -0 -0
-0 -0 -0
-0 1.6477586747325841 -0
-0 -0 -0
-0 1.8359945854916822 -0
-0 -0 -0
-0 -0 -0
-0 -0 -0
-0 -0 -0
-0 -0 -0
-0 1.8810344629819784 -0
-0 -0 -0
-0 1.871544236110618 -0
-0 1.9131754798181373 -0
-0 -0 -0
-0 -0 -0
-0 -0 -0
-0 -0 -0
-0 -0 -0
-0 -0 -0
-0 1.651888986824753 -0
-0 -0 -0
-0 1.3738582206268524 -0
-0 1.8479314032544669 -0
-0 -0 -0
-0 -0 -0
-0 -0 -0
-0 1.6027186186601565 -0
-0 -0 -0
-0 1.6875973801180362 -0
-0 1.5047823818297843 -0
-0 -0 -0
-0 1.6784508596845027 -0
-0 -0 -0
-0 -0 -0
-0 -0 -0
-0 -0 -0
-0 1.4293918124143064 -0
-0 -0 -0
-0 -0 -0
-0 -0 -0
-0 -0 -0
-0 -0 -0
-0 1.8603310564983038 -0
-0 -0 -0
-0 -0 -0
-0 1.5017492956356082 -0
-0 -0 -0
-0 1.5014211224837664 -0
-0 -0 -0
-0 -0 -0
-0 -0 -0
-0 -0 -0
-0 -0 -0
-0 1.3459809241639173 -0
-0 -0 -0
-0 -0 -0
-0 1.648551145732241 -0
-0 -0 -0
-0 -0 -0
-0 -0 -0
-0 1.5940436135524803 -0
-0 -0 -0
-0 -0 -0
-0 -0 -0
-0 1.5050169766031871 -0
-0 -0 -0
-0 -0 -0
-0 -0 -0
-0 1.6655397095124309 -0
-0 -0 -0
-0 -0 -0
-0 -0 -0
-0 1.6577300372353718 -0
-0 -0 -0
-0 -0 -0
-0 1.5646941935292991 -0
-0 1.5478503097597249 -0
-0 -0 -0
-0 -0 -0
-0 -0 -0
-0 1.5015281213545377 -0
-0 -0 -0
-0 1.4660397167742043 -0
-0 -0 -0
-0 1.5008980416780728 -0
-0 -0 -0
-0 1.9063123158847388 -0
-0 1.6413347022283089 -0
-0 1.6367576091367173 -0
-0 -0 -0
-0 1.6685626333646912 -0
-0 1.5015009931257191 -0
-0 1.584766675420008 -0
-0 -0 -0
-0 -0 -0
-0 -0 -0
-0 -0 -0
-0 1.6287259463235271 -0
-0 -0 -0
-0 -0 -0
-0 -0 -0
-0 -0 -0
-0 1.883800983303292 -0
-0 -0 -0
-0 -0 -0
-0 -0 -0
-0 -0 -0
-0 1.9096960925205557 -0
-0 -0 -0
-0 1.6074620379174525 -0
-0 -0 -0
-0 1.9000084603639804 -0
-0 -0 -0
-0 1.6623703233199743 -0
-0 -0 -0
-0 1.4859146391437086 -0
-0 -0 -0
-0 1.5874761967090825 -0
-0 -0 -0
-0 -0 -0
-0 1.4660845501948097 -0
-0 -0 -0
-0 -0 -0
-0 -0 -0
-0 -0 -0
-0 -0 -0
-0 -0 -0
-0 -0 -0
-0 -0 -0
-0 -0 -0
-0 -0 -0
-0 1.9061495088240863 -0
-0 -0 -0
-0 1.9154718807598317 -0
-0 1.6400932433068245 -0
-0 -0 -0
-0 -0 -0
-0 -0 -0
-0 -0 -0
-0 -0 -0
-0 -0 -0
-0 -0 -0
-0 1.6451899737136015 -0
-0 1.6480977263513039 -0
-0 -0 -0
-0 -0 -0
-0 -0 -0
-0 -0 -0
-0 -0 -0
-0 -0 -0
-0 -0 -0
-0 1.5604241496995055 -0
-0 -0 -0
-0 -0 -0
-0 -0 -0
-0 -0 -0
-0 1.6341878271524555 -0
-0 -0 -0
-0 -0 -0
-0 -0 -0
-0 -0 -0
-0 1.6459173296278311 -0
-0 -0 -0
-0 1.5810953195295931 -0
-0 -0 -0
-0 -0 -0
-0 -0 -0
-0 1.342708984346451 -0
-0 -0 -0
-0 -0 -0
-0 1.5923948926005802 -0
-0 1.8955624674819274 -0
-0 1.5002362015928215 -0
-0 -0 -0
-0 -0 -0
-0 -0 -0
-0 -0 -0
-0 -0 -0
-0 -0 -0
-0 -0 -0
-0 1.483083501340654 -0
-0 -0 -0
-0 -0 -0
-0 -0 -0
-0 -0 -0
-0 -0 -0
-0 0.35560419839060892 -0
-0 -0 -0
-0 1.0170148558324819 -0
-0 -0 -0
-0 -0 -0
-0 1.8975489115429489 -0
-0 -0 -0
-0 1.3508582357508914 -0
-0 -0 -0
-0 -0 -0
-0 -0 -0
-0 -0 -0
-0 -0 -0
-0 -0 -0
-0 -0 -0
-0 -0 -0
-0 -0 -0
-0 1.4995500679468632 -0
-0 -0 -0
-0 -0 -0
-0 1.8748675623063551 -0
-0 -0 -0
-0 -0 -0
-0 1.5012417275758927 -0
-0 -0 -0
-0 -0 -0
-0 -0 -0
-0 -0 -0
-0 -0 -0
-0 -0 -0
-0 -0 -0
-0 1.6131705171781692 -0
-0 -0 -0
-0 -0 -0
-0 1.5816131916128313 -0
-0 -0 -0
-0 -0 -0
-0 -0 -0
-0 -0 -0
-0 1.5928409201271454 -0
-0 -0 -0
-0 -0 -0
-0 -0 -0
-0 -0 -0
-0 -0 -0
-0 -0 -0
-0 -0 -0
-0 -0 -0
-0 1.4981833002667866 -0
-0 -0 -0
-0 -0 -0
-0 -0 -0
-0 -0 -0
-0 -0 -0
-0 1.4970693517370732 -0
-0 -0 -0
-0 -0 -0
-0 -0 -0
-0 -0 -0
-0 -0 -0
-0 1.4770892429500173 -0
-0 -0 -0
-0 -0 -0
-0 -0 -0
-0 1.6356450150499064 -0
-0 1.7103504817543771 -0
-0 -0 -0
-0 -0 -0
-0 -0 -0
-0 -0 -0
-0 -0 -0
-0 1.1024102602580677 -0
-0 1.7791007701882133 -0
-0 -0 -0
-0 -0 -0
-0 -0 -0
-0 1.336676379930517 -0
-0 -0 -0
-0 1.6541600725426198 -0
-0 -0 -0
-0 -0 -0
-0 -0 -0
-0 -0 -0
-0 -0 -0
-0 -0 -0
-0 1.604152729513844 -0
-0 -0 -0
-0 -0 -0
-0 -0 -0
-0 -0 -0
-0 1.6166282559840457 -0
-0 1.6106718839052094 -0
-0 -0 -0
-0 -0 -0
-0 -0 -0
-0 1.6063422185631993 -0
-0 -0 -0
-0 1.6489412078587515 -0
-0 -0 -0
-0 -0 -0
-0 -0 -0
-0 -0 -0
-0 1.4702529202461154 -0
-0 1.6111503328298811 -0
-0 -0 -0
-0 -0 -0
-0 -0 -0
-0 -0 -0
-0 -0 -0
-0 1.6334348538220669 -0
-0 1.7081005752374923 -0
-0 -0 -0
-0 -0 -0
-0 1.6228209549910768 -0
-0 -0 -0
-0 -0 -0
-0 1.6140367237531825 -0
-0 1.6536273907795014 -0
-0 -0 -0
-0 1.5745387507739967 -0
-0 -0 -0
-0 1.4752856653156541 -0
-0 -0 -0
-0 1.5894758262985809 -0
-0 -0 -0
-0 -0 -0
-0 -0 -0
-0 -0 -0
-0 -0 -0
-0 -0 -0
-0 1.6043674328443771 -0
-0 1.6256007035377849 -0
-0 -0 -0
-0 -0 -0
-0 -0 -0
-0 -0 -0
-0 -0 -0
-0 -0 -0
-0 -0 -0
-0 -0 -0
-0 -0 -0
-0 -0 -0
-0 -0 -0
-0 1.7051946173607218 -0
-0 -0 -0
-0 -0 -0
-0 -0 -0
-0 -0 -0
-0 -0 -0
-0 1.4428809773543032 -0
-0 1.6235491077624267 -0
-0 -0 -0
-0 -0 -0
-0 1.6148036093403189 -0
-0 -0 -0
-0 -0 -0
-0 -0 -0
-0 -0 -0
-0 -0 -0
-0 -0 -0
-0 -0 -0
-0 -0 -0
-0 -0 -0
-0 1.8176583312790935 -0
-0 1.61305038648731 -0
-0 -0 -0
-0 -0 -0
-0 -0 -0
-0 -0 -0
-0 -0 -0
-0 -0 -0
-0 1.490756350343645 -0
-0 -0 -0
-0 1.7880733499643897 -0
-0 -0 -0
-0 -0 -0
-0 -0 -0
-0 -0 -0
-0 -0 -0
-0 1.5891109623492381 -0
-0 1.687873228590397 -0
-0 -0 -0
-0 -0 -0
-0 -0 -0
-0 -0 -0
-0 -0 -0
-0 -0 -0
-0 -0 -0
-0 -0 -0
-0 1.6043180209751933 -0
-0 1.5760768217619052 -0
-0 -0 -0
-0 -0 -0
-0 -0 -0
-0 -0 -0
-0 -0 -0
-0 1.9024330698864718 -0
-0 -0 -0
-0 -0 -0
-0 -0 -0
-0 -0 -0
-0 -0 -0
-0 1.6323803374472983 -0
-0 1.6425764032078782 -0
-0 -0 -0
-0 1.5835122578278384 -0
-0 -0 -0
-0 1.5366039738191224 -0
-0 -0 -0
-0 -0 -0
-0 1.6881194925323926 -0
-0 1.4739036108307806 -0
-0 -0 -0
-0 1.4957885913192743 -0
-0 -0 -0
-0 -0 -0
-0 -0 -0
-0 1.5817756924605355 -0
-0 -0 -0
-0 1.8240762248350066 -0
-0 -0 -0
-0 -0 -0
-0 1.7928355716650848 -0
-0 -0 -0
-0 -0 -0
-0 -0 -0
-0 -0 -0
-0 -0 -0
-0 -0 -0
-0 -0 -0
-0 1.8460639888352919 -0
-0 -0 -0
-0 -0 -0
-0 -0 -0
-0 -0 -0
-0 1.5110143476007365 -0
-0 -0 -0
-0 -0 -0
-0 1.6480744606005195 -0
-0 1.6582455382186265 -0
-0 -0 -0
-0 -0 -0
-0 -0 -0
-0 -0 -0
-0 -0 -0
-0 -0 -0
-0 1.6304085409482219 -0
-0 -0 -0
-0 1.4986978429013815 -0
-0 -0 -0
-0 -0 -0
-0 1.7064323507926764 -0
-0 -0 -0
-0 1.6151146016938838 -0
-0 -0 -0
-0 -0 -0
-0 -0 -0
-0 -0 -0
-0 -0 -0
-0 -0 -0
-0 -0 -0
-0 1.6358424583371158 -0
-0 -0 -0
-0 -0 -0
-0 -0 -0
-0 -0 -0
-0 -0 -0
-0 -0 -0
-0 1.885580099997314 -0
-0 -0 -0
-0 -0 -0
-0 1.6306702765705905 -0
-0 1.5154222507636996 -0
-0 -0 -0
-0 -0 -0
-0 -0 -0
-0 -0 -0
-0 -0 -0
-0 1.8846476835890047 -0
-0 -0 -0
-0 -0 -0
-0 0.97377521338883877 -0
-0 -0 -0
-0 1.5032803451969343 -0
-0 1.4815231223858354 -0
-0 1.6228632144959523 -0
-0 -0 -0
-0 1.656831601222136 -0
-0 -0 -0
-0 1.6961052156656147 -0
-0 -0 -0
-0 1.6517213189734519 -0
-0 -0 -0
-0 -0 -0
-0 -0 -0
-0 -0 -0
-0 -0 -0
-0 -0 -0
-0 -0 -0
-0 -0 -0
-0 -0 -0
-0 1.6009551862554907 -0
-0 -0 -0
-0 -0 -0
-0 1.4659029132929804 -0
-0 -0 -0
-0 -0 -0
-0 -0 -0
-0 -0 -0
-0 0.16237605524432258 -0
-0 -0 -0
-0 -0 -0
-0 -0 -0
-0 -0 -0
-0 1.465537091692303 -0
-0 -0 -0
-0 1.654934134641989 -0
-0 -0 -0
-0 -0 -0
-0 -0 -0
-0 1.4236881728287911 -0
-0 -0 -0
-0 -0 -0
-0 -0 -0
-0 -0 -0
-0 1.6141256145616361 -0
-0 -0 -0
-0 -0 -0
-0 -0 -0
-0 -0 -0
-0 -0 -0
-0 -0 -0
-0 -0 -0
-0 -0 -0
-0 1.6620126929004368 -0
-0 -0 -0
-0 1.5470896379522738 -0
-0 -0 -0
-0 1.5074224222265304 -0
-0 -0 -0
-0 -0 -0
-0 -0 -0
-0 1.9145896344888731 -0
-0 -0 -0
-0 1.6176278093580956 -0
-0 -0 -0
-0 -0 -0
-0 1.5979572084937836 -0
-0 -0 -0
-0 -0 -0
-0 1.463708073762283 -0
-0 1.640997802379087 -0
-0 1.4575603378510527 -0
-0 -0 -0
-0 -0 -0
-0 -0 -0
-0 1.6435183746198625 -0
-0 -0 -0
-0 1.6475963055938831 -0
-0 -0 -0
-0 1.6754144476347177 -0
-0 -0 -0
-0 -0 -0
-0 -0 -0
-0 1.5789102755953661 -0
-0 1.6316693456098534 -0
-0 -0 -0
-0 -0 -0
-0 1.7372910603735687 -0
-0 -0 -0
-0 -0 -0
-0 1.5959981776941314 -0
-0 -0 -0
-0 1.4860766345460907 -0
-0 1.4664561261185527 -0
-0 -0 -0
-0 -0 -0
-0 1.5854223388172803 -0
-0 -0 -0
-0 -0 -0
-0 -0 -0
-0 -0 -0
-0 -0 -0
-0 1.646420272617718 -0
-0 -0 -0
-0 -0 -0
-0 1.6838728513108838 -0
-0 -0 -0
-0 1.826547698395949 -0
-0 -0 -0
-0 -0 -0
-0 -0 -0
-0 -0 -0
-0 -0 -0
-0 -0 -0
-0 -0 -0
-0 -0 -0
-0 -0 -0
-0 -0 -0
-0 -0 -0
-0 1.6076836726900934 -0
-0 -0 -0
-0 1.6029117580398264 -0
-0 -0 -0
-0 -0 -0
-0 -0 -0
-0 -0 -0
-0 -0 -0
-0 -0 -0
-0 -0 -0
-0 -0 -0
-0 -0 -0
-0 -0 -0
-0 1.6264023489729338 -0
-0 -0 -0
-0 -0 -0
-0 1.5926289942921477 -0
-0 1.4828800474970862 -0
-0 1.644549223101283 -0
-0 -0 -0
-0 -0 -0
-0 1.5964597895856694 -0
-0 -0 -0
-0 -0 -0
-0 -0 -0
-0 -0 -0
-0 -0 -0
-0 -0 -0
-0 -0 -0
-0 1.4799089007239608 -0
-0 -0 -0
-0 -0 -0
-0 1.6416224286558103 -0
-0 1.6925186468004412 -0
-0 -0 -0
-0 -0 -0
-0 1.9073489575092133 -0
-0 -0 -0
-0 -0 -0
-0 -0 -0
-0 -0 -0
-0 1.6330322554023695 -0
-0 -0 -0
-0 -0 -0
-0 -0 -0
-0 1.5065281804940958 -0
-0 -0 -0
-0 -0 -0
-0 -0 -0
-0 -0 -0
-0 1.6064558351920901 -0
-0 -0 -0
-0 -0 -0
-0 -0 -0
-0 -0 -0
-0 1.4951532861016035 -0
-0 -0 -0
-0 1.8959303444720974 -0
-0 -0 -0
-0 -0 -0
-0 -0 -0
-0 1.635906637403262 -0
-0 -0 -0
-0 -0 -0
-0 1.8982180971302003 -0
-0 -0 -0
-0 -0 -0
-0 -0 -0
-0 -0 -0
-0 -0 -0
-0 -0 -0
-0 -0 -0
-0 -0 -0
-0 -0 -0
-0 -0 -0
-0 -0 -0
-0 1.6733313823744218 -0
-0 -0 -0
-0 1.6631438437188482 -0
-0 -0 -0
-0 -0 -0
-0 1.6562203697811955 -0
-0 1.5111504056141423 -0
-0 1.6534768893537086 -0
-0 -0 -0
-0 -0 -0
-0 -0 -0
-0 -0 -0
-0 -0 -0
-0 -0 -0
-0 -0 -0
-0 1.6837044149042437 -0
-0 -0 -0
-0 -0 -0
-0 1.6446435219129283 -0
-0 1.6207431679651918 -0
-0 -0 -0
-0 -0 -0
-0 -0 -0
-0 -0 -0
-0 -0 -0
-0 -0 -0
-0 -0 -0
-0 -0 -0
-0 -0 -0
-0 -0 -0
-0 1.6117794029939772 -0
-0 -0 -0
-0 -0 -0
-0 -0 -0
-0 1.9099706468940618 -0
-0 -0 -0
-0 -0 -0
-0 -0 -0
-0 -0 -0
-0 -0 -0
-0 -0 -0
-0 -0 -0
-0 -0 -0
-0 -0 -0
-0 1.6014088626793876 -0
-0 1.8959423790046706 -0
-0 -0 -0
-0 -0 -0
-0 -0 -0
-0 -0 -0
-0 -0 -0
-0 -0 -0
-0 -0 -0
-0 -0 -0
-0 -0 -0
-0 -0 -0
-0 -0 -0
-0 -0 -0
-0 -0 -0
-0 -0 -0
-0 -0 -0
-0 1.81081029653993 -0
-0 1.6373312572028011 -0
-0 1.6783412257680572 -0
-0 -0 -0
-0 -0 -0
-0 -0 -0
-0 -0 -0
-0 -0 -0
-0 -0 -0
-0 -0 -0
-0 -0 -0
-0 -0 -0
-0 -0 -0
-0 -0 -0
-0 1.6104607020364883 -0
-0 -0 -0
-0 -0 -0
-0 -0 -0
-0 -0 -0
-0 1.4949223384908388 -0
-0 -0 -0
-0 -0 -0
-0 -0 -0
-0 -0 -0
-0 1.4827067079614291 -0
-0 -0 -0
-0 -0 -0
-0 -0 -0
-0 -0 -0
-0 1.5767927014885976 -0
-0 -0 -0
-0 -0 -0
-0 1.3889034016143296 -0
-0 -0 -0
-0 -0 -0
-0 -0 -0
-0 -0 -0
-0 -0 -0
-0 -0 -0
-0 -0 -0
-0 -0 -0
-0 1.4811349131126954 -0
-0 1.6887936587016659 -0
-0 -0 -0
-0 1.6453298810265791 -0
-0 -0 -0
-0 -0 -0
-0 1.661010172498856 -0
-0 -0 -0
-0 1.9169697037604965 -0
-0 1.5986127352524062 -0
-0 1.6443667648824529 -0
-0 -0 -0
-0 -0 -0
-0 -0 -0
-0 -0 -0
-0 1.4968468999717401 -0
-0 1.5929814916949612 -0
-0 -0 -0
-0 -0 -0
-0 1.5923794620848664 -0
-0 1.4868966711198404 -0
-0 -0 -0
-0 -0 -0
-0 -0 -0
-0 1.6346606113427886 -0
-0 1.3638596562098608 -0
-0 -0 -0
-0 -0 -0
-0 -0 -0
-0 -0 -0
-0 -0 -0
-0 -0 -0
-0 -0 -0
-0 1.5096834750230483 -0
-0 -0 -0
-0 -0 -0
-0 -0 -0
-0 1.5081013205538016 -0
-0 1.703558709438816 -0
-0 -0 -0
-0 -0 -0
-0 -0 -0
-0 1.5998645336083459 -0
-0 -0 -0
-0 1.5106546954113158 -0
-0 -0 -0
-0 -0 -0
-0 -0 -0
-0 -0 -0
-0 -0 -0
-0 -0 -0
-0 -0 -0
-0 -0 -0
-0 -0 -0
-0 1.6672098449542418 -0
-0 -0 -0
-0 1.9058099319535462 -0
-0 1.6021119240597743 -0
-0 -0 -0
-0 -0 -0
-0 -0 -0
-0 -0 -0
-0 -0 -0
-0 -0 -0
-0 1.5987482391608638 -0
-0 -0 -0
-0 -0 -0
-0 -0 -0
-0 1.4787829662571976 -0
-0 1.5003915404538342 -0
-0 1.6914106251673178 -0
-0 1.497558735841513 -0
-0 1.6113332104453078 -0
-0 1.4667783142929498 -0
-0 -0 -0
-0 1.6935370551848552 -0
-0 1.4628781546842697 -0
-0 1.5963087668393348 -0
-0 -0 -0
-0 1.9158604677876832 -0
-0 -0 -0
-0 -0 -0
-0 -0 -0
-0 -0 -0
-0 -0 -0
-0 -0 -0
-0 -0 -0
-0 -0 -0
-0 -0 -0
-0 1.5011574334630078 -0
-0 -0 -0
-0 -0 -0
-0 -0 -0
-0 -0 -0
-0 1.6378241008222041 -0
-0 -0 -0
-0 1.4122550398136817 -0
-0 -0 -0
-0 -0 -0
-0 -0 -0
-0 -0 -0
-0 -0 -0
-0 -0 -0
-0 -0 -0
-0 -0 -0
-0 -0 -0
-0 -0 -0
-0 0.13127374899082361 -0
-0 1.6130440245980189 -0
-0 -0 -0
-0 -0 -0
-0 -0 -0
-0 1.6742978437538034 -0
-0 -0 -0
-0 1.6907704326232253 -0
-0 -0 -0
-0 -0 -0
-0 1.4611351442942517 -0
-0 -0 -0
-0 1.6498985540204814 -0
-0 -0 -0
-0 -0 -0
-0 1.6115128311100577 -0
-0 1.9063739297092641 -0
-0 -0 -0
-0 -0 -0
-0 1.5010384357529276 -0
-0 1.5691867650742202 -0
-0 -0 -0
-0 -0 -0
-0 1.5745916712745509 -0
-0 -0 -0
-0 -0 -0
-0 1.6638784714556218 -0
-0 -0 -0
-0 -0 -0
-0 -0 -0
-0 -0 -0
-0 -0 -0
-0 1.3957185880546226 -0
-0 1.8710005997190653 -0
-0 -0 -0
-0 -0 -0
-0 -0 -0
-0 1.6320825500244818 -0
-0 1.6215978975987109 -0
-0 1.8561133806651635 -0
-0 -0 -0
-0 -0 -0
-0 -0 -0
-0 -0 -0
-0 1.6576649190805257 -0
-0 -0 -0
-0 -0 -0
-0 -0 -0
-0 0.14580872147620053 -0
-0 1.8951395322759634 -0
-0 -0 -0
-0 -0 -0
-0 -0 -0
-0 -0 -0
-0 -0 -0
-0 -0 -0
-0 -0 -0
-0 1.6475345456645756 -0
-0 -0 -0
-0 -0 -0
-0 1.654803198263866 -0
-0 -0 -0
-0 -0 -0
-0 -0 -0
-0 -0 -0
-0 -0 -0
-0 1.6396428795712212 -0
-0 -0 -0
-0 -0 -0
-0 -0 -0
-0 -0 -0
-0 -0 -0
-0 -0 -0
-0 -0 -0
-0 1.6309540144528685 -0
-0 -0 -0
-0 -0 -0
-0 -0 -0
-0 -0 -0
-0 -0 -0
-0 -0 -0
-0 -0 -0
-0 -0 -0
-0 1.9201617827251434 -0
-0 -0 -0
-0 -0 -0
-0 -0 -0
-0 -0 -0
-0 1.5995128093518718 -0
-0 -0 -0
-0 -0 -0
-0 -0 -0
-0 1.6789363663019954 -0
-0 1.9134190699223457 -0
-0 -0 -0
-0 -0 -0
-0 -0 -0
-0 -0 -0
-0 -0 -0
-0 -0 -0
-0 1.6268910352095591 -0
-0 -0 -0
-0 1.9041303977117825 -0
-0 1.6294102346555299 -0
-0 -0 -0
-0 -0 -0
-0 -0 -0
-0 -0 -0
-0 -0 -0
-0 -0 -0
-0 -0 -0
-0 -0 -0
-0 -0 -0
-0 1.6662867369917913 -0
-0 -0 -0
-0 -0 -0
-0 -0 -0
-0 -0 -0
-0 -0 -0
-0 -0 -0
-0 1.6387676282223231 -0
-0 1.4844147047962442 -0
-0 -0 -0
-0 -0 -0
-0 -0 -0
-0 -0 -0
-0 -0 -0
-0 1.8848744573646026 -0
-0 -0 -0
-0 -0 -0
-0 -0 -0
-0 -0 -0
-0 -0 -0
-0 -0 -0
-0 -0 -0
-0 1.1673071648177895 -0
-0 -0 -0
-0 -0 -0
-0 -0 -0
-0 -0 -0
-0 -0 -0
-0 1.5918663549135008 -0
-0 -0 -0
-0 -0 -0
-0 1.6361048397713438 -0
-0 -0 -0
-0 -0 -0
-0 -0 -0
-0 -0 -0
-0 1.5026559491495437 -0
-0 -0 -0
-0 1.6559211669080203 -0
-0 1.5501881407155749 -0
-0 -0 -0
-0 -0 -0
-0 -0 -0
-0 -0 -0
-0 -0 -0
-0 -0 -0
-0 -0 -0
-0 1.480372432919784 -0
-0 -0 -0
-0 -0 -0
-0 -0 -0
-0 -0 -0
-0 -0 -0
-0 -0 -0
-0 -0 -0
-0 -0 -0
-0 -0 -0
-0 -0 -0
-0 -0 -0
-0 -0 -0
-0 1.6357752727558392 -0
-0 -0 -0
-0 1.6363408536885138 -0
-0 1.4649896133656919 -0
-0 1.5913816730363948 -0
-0 -0 -0
-0 -0 -0
-0 -0 -0
-0 -0 -0
-0 -0 -0
-0 -0 -0
-0 -0 -0
-0 -0 -0
-0 -0 -0
-0 -0 -0
-0 -0 -0
-0 1.6609534209725785 -0
-0 -0 -0
-0 -0 -0
-0 -0 -0
-0 -0 -0
-0 -0 -0
-0 1.6319213448774725 -0
-0 -0 -0
-0 -0 -0
-0 -0 -0
-0 -0 -0
-0 -0 -0
-0 1.6833877513389637 -0
-0 -0 -0
-0 1.5531277794081559 -0
-0 -0 -0
-0 -0 -0
-0 -0 -0
-0 -0 -0
-0 -0 -0
-0 -0 -0
-0 -0 -0
-0 1.6430391617663291 -0
-0 -0 -0
-0 1.6559067685976259 -0
-0 -0 -0
-0 -0 -0
-0 -0 -0
-0 -0 -0
-0 -0 -0
-0 -0 -0
-0 1.6283292045155808 -0
-0 1.3210865588182517 -0
-0 -0 -0
-0 -0 -0
-0 -0 -0
-0 -0 -0
-0 -0 -0
-0 -0 -0
-0 -0 -0
-0 -0 -0
-0 -0 -0
-0 -0 -0
-0 1.6336541613933826 -0
-0 -0 -0
-0 -0 -0
-0 -0 -0
-0 -0 -0
-0 -0 -0
-0 -0 -0
-0 -0 -0
-0 -0 -0
-0 -0 -0
-0 -0 -0
-0 -0 -0
-0 -0 -0
-0 -0 -0
-0 -0 -0
-0 -0 -0
-0 -0 -0
-0 -0 -0
-0 1.6377470129486154 -0
-0 -0 -0
-0 1.2205850169957375 -0
-0 -0 -0
-0 -0 -0
-0 -0 -0
-0 -0 -0
-0 1.5881634295725284 -0
-0 -0 -0
-0 1.6716085924682735 -0
-0 1.3654625693730322 -0
-0 -0 -0
-0 -0 -0
-0 -0 -0
-0 -0 -0
-0 -0 -0
-0 -0 -0
-0 1.3195531905233 -0
-0 -0 -0
-0 -0 -0
-0 -0 -0
-0 -0 -0
-0 -0 -0
-0 -0 -0
-0 -0 -0
-0 -0 -0
-0 1.3339601747402812 -0
-0 -0 -0
-0 1.3321527902224917 -0
-0 -0 -0
-0 -0 -0
-0 -0 -0
-0 -0 -0
-0 -0 -0
-0 1.1883492265952578 -0
-0 -0 -0
-0 -0 -0
-0 -0 -0
-0 -0 -0
-0 -0 -0
-0 -0 -0
-0 0.010549358774176062 -0
-0 -0 -0
-0 -0 -0
-0 -0 -0
-0 1.3241252152551608 -0
-0 -0 -0
-0 -0 -0
-0 -0 -0
-0 1.6525246102177273 -0
-0 -0 -0
-0 -0 -0
-0 -0 -0
-0 1.6433015971518987 -0
-0 -0 -0
-0 -0 -0
-0 1.5689182608865659 -0
-0 1.5413533061984208 -0
-0 -0 -0
-0 -0 -0
-0 -0 -0
-0 1.3773236591795075 -0
-0 -0 -0
-0 1.3697780659430836 -0
-0 -0 -0
-0 1.3380040191911979 -0
-0 -0 -0
-0 -0 -0
-0 1.627493463824554 -0
-0 1.6318064063576698 -0
-0 -0 -0
-0 -0 -0
-0 1.397046576110585 -0
-0 1.5759971933088861 -0
-0 -0 -0
-0 -0 -0
-0 -0 -0
-0 -0 -0
-0 1.6236713066701958 -0
-0 -0 -0
-0 -0 -0
-0 -0 -0
-0 -0 -0
-0 -0 -0
-0 -0 -0
-0 -0 -0
-0 -0 -0
-0 -0 -0
-0 -0 -0
-0 -0 -0
-0 1.5975681074043344 -0
-0 -0 -0
-0 -0 -0
-0 -0 -0
-0 1.6517057480909103 -0
-0 -0 -0
-0 1.349697674924806 -0
-0 -0 -0
-0 1.5787641511249164 -0
-0 -0 -0
-0 -0 -0
-0 1.3076796317743933 -0
-0 -0 -0
-0 -0 -0
-0 -0 -0
-0 -0 -0
-0 -0 -0
-0 -0 -0
-0 -0 -0
-0 -0 -0
-0 -0 -0
-0 -0 -0
-0 -0 -0
-0 -0 -0
-0 -0 -0
-0 1.625918806835474 -0
-0 -0 -0
-0 -0 -0
-0 -0 -0
-0 -0 -0
-0 -0 -0
-0 -0 -0
-0 -0 -0
-0 1.632983551793743 -0
-0 1.637581809622638 -0
-0 -0 -0
-0 -0 -0
-0 -0 -0
-0 -0 -0
-0 -0 -0
-0 -0 -0
-0 -0 -0
-0 1.5558245870609233 -0
-0 -0 -0
-0 -0 -0
-0 -0 -0
-0 -0 -0
-0 1.6185009250558977 -0
-0 -0 -0
-0 -0 -0
-0 -0 -0
-0 -0 -0
-0 1.6378337124626774 -0
-0 -0 -0
-0 1.5690208074332126 -0
-0 -0 -0
-0 -0 -0
-0 -0 -0
-0 1.1977620960619677 -0
-0 -0 -0
-0 -0 -0
-0 1.5815901383092215 -0
-0 -0 -0
-0 1.3621842128301327 -0
-0 -0 -0
-0 -0 -0
-0 -0 -0
-0 -0 -0
-0 -0 -0
-0 -0 -0
-0 -0 -0
-0 1.4109794214518376 -0
-0 -0 -0
-0 -0 -0
-0 -0 -0
-0 -0 -0
-0 -0 -0
-0 -0 -0
-0 -0 -0
-0 -0 -0
-0 -0 -0
-0 -0 -0
-0 -0 -0
-0 -0 -0
-0 1.1982345632842895 -0
-0 -0 -0
-0 -0 -0
-0 -0 -0
-0 -0 -0
-0 -0 -0
-0 -0 -0
-0 -0 -0
-0 -0 -0
-0 -0 -0
-0 1.3654000516735807 -0
-0 -0 -0
-0 -0 -0
-0 -0 -0
-0 -0 -0
-0 -0 -0
-0 1.33421072627371 -0
-0 -0 -0
-0 -0 -0
-0 -0 -0
-0 -0 -0
-0 -0 -0
-0 -0 -0
-0 -0 -0
-0 1.599438790803229 -0
-0 -0 -0
-0 -0 -0
-0 -0 -0
-0 -0 -0
-0 -0 -0
-0 -0 -0
-0 -0 -0
-0 1.5815657873688138 -0
-0 -0 -0
-0 -0 -0
-0 -0 -0
-0 -0 -0
-0 -0 -0
-0 -0 -0
-0 -0 -0
-0 -0 -0
-0 1.3220264882806956 -0
-0 -0 -0
-0 -0 -0
-0 -0 -0
-0 -0 -0
-0 -0 -0
-0 1.3727701014629337 -0
-0 -0 -0
-0 -0 -0
-0 -0 -0
-0 -0 -0
-0 -0 -0
-0 1.3306869503334331 -0
-0 -0 -0
-0 -0 -0
-0 -0 -0
-0 1.6213701671264698 -0
-0 -0 -0
-0 -0 -0
-0 -0 -0
-0 -0 -0
-0 -0 -0
-0 -0 -0
-0 -0 -0
-0 -0 -0
-0 -0 -0
-0 -0 -0
-0 -0 -0
-0 1.1859309561276639 -0
-0 -0 -0
-0 1.6396443364621855 -0
-0 -0 -0
-0 -0 -0
-0 -0 -0
-0 -0 -0
-0 -0 -0
-0 -0 -0
-0 1.5978157741490979 -0
-0 -0 -0
-0 -0 -0
-0 -0 -0
-0 -0 -0
-0 -0 -0
-0 1.6004212732436915 -0
-0 -0 -0
-0 -0 -0
-0 -0 -0
-0 1.5908941238659939 -0
-0 -0 -0
-0 1.6357955172316472 -0
-0 -0 -0
-0 -0 -0
-0 -0 -0
-0 -0 -0
-0 1.3408633556147078 -0
-0 1.5980828330245842 -0
-0 -0 -0
-0 -0 -0
-0 -0 -0
-0 -0 -0
-0 -0 -0
-0 1.6215601496147156 -0
-0 -0 -0
-0 -0 -0
-0 -0 -0
-0 1.6086216658440231 -0
-0 -0 -0
-0 -0 -0
-0 1.6081048242244969 -0
-0 1.6409240495800581 -0
-0 -0 -0
-0 -0 -0
-0 -0 -0
-0 1.346780217376355 -0
-0 -0 -0
-0 1.580244099786545 -0
-0 -0 -0
-0 -0 -0
-0 -0 -0
-0 -0 -0
-0 -0 -0
-0 -0 -0
-0 1.5956928127379024 -0
-0 1.6107719171114618 -0
-0 -0 -0
-0 -0 -0
-0 -0 -0
-0 -0 -0
-0 -0 -0
-0 -0 -0
-0 -0 -0
-0 -0 -0
-0 -0 -0
-0 -0 -0
-0 -0 -0
-0 1.5734936045446051 -0
-0 -0 -0
-0 -0 -0
-0 -0 -0
-0 -0 -0
-0 -0 -0
-0 1.2932085293726345 -0
-0 1.6140574555349654 -0
-0 -0 -0
-0 -0 -0
-0 1.6006935765661372 -0
-0 -0 -0
-0 -0 -0
-0 -0 -0
-0 -0 -0
-0 -0 -0
-0 -0 -0
-0 -0 -0
-0 -0 -0
-0 -0 -0
-0 -0 -0
-0 -0 -0
-0 -0 -0
-0 -0 -0
-0 -0 -0
-0 -0 -0
-0 -0 -0
-0 -0 -0
-0 1.3396181852106019 -0
-0 -0 -0
-0 -0 -0
-0 -0 -0
-0 -0 -0
-0 -0 -0
-0 -0 -0
-0 -0 -0
-0 1.5805496236181675 -0
-0 1.6636683001340187 -0
-0 -0 -0
-0 -0 -0
-0 -0 -0
-0 -0 -0
-0 -0 -0
-0 -0 -0
-0 -0 -0
-0 -0 -0
-0 1.5915459035544013 -0
-0 1.5648345781462427 -0
-0 -0 -0
-0 -0 -0
-0 -0 -0
-0 -0 -0
-0 -0 -0
-0 -0 -0
-0 -0 -0
-0 -0 -0
-0 -0 -0
-0 -0 -0
-0 -0 -0
-0 1.6217491227003411 -0
-0 1.6356150412060273 -0
-0 -0 -0
-0 -0 -0
-0 -0 -0
-0 -0 -0
-0 -0 -0
-0 -0 -0
-0 1.6662579448557222 -0
-0 1.3148400213539144 -0
-0 -0 -0
-0 1.3240034692415601 -0
-0 -0 -0
-0 -0 -0
-0 -0 -0
-0 1.5759482325530147 -0
-0 -0 -0
-0 -0 -0
-0 -0 -0
-0 -0 -0
-0 -0 -0
-0 -0 -0
-0 -0 -0
-0 -0 -0
-0 -0 -0
-0 -0 -0
-0 -0 -0
-0 -0 -0
-0 -0 -0
-0 -0 -0
-0 -0 -0
-0 -0 -0
-0 -0 -0
-0 1.3545224537096725 -0
-0 -0 -0
-0 -0 -0
-0 1.6388354236785811 -0
-0 1.6475435397451743 -0
-0 -0 -0
-0 -0 -0
-0 -0 -0
-0 -0 -0
-0 -0 -0
-0 -0 -0
-0 1.619390219944902 -0
-0 -0 -0
-0 1.3238191015666392 -0
-0 -0 -0
-0 -0 -0
-0 0.95540926613231736 -0
-0 -0 -0
-0 1.6051917224454482 -0
-0 -0 -0
-0 -0 -0
-0 -0 -0
-0 -0 -0
-0 -0 -0
-0 -0 -0
-0 -0 -0
-0 1.6262506062868971 -0
-0 -0 -0
-0 -0 -0
-0 -0 -0
-0 -0 -0
-0 -0 -0
-0 -0 -0
-0 -0 -0
-0 -0 -0
-0 -0 -0
-0 1.6159419879611794 -0
-0 1.3351100754828376 -0
-0 -0 -0
-0 -0 -0
-0 -0 -0
-0 -0 -0
-0 -0 -0
-0 -0 -0
-0 -0 -0
-0 -0 -0
-0 -0 -0
-0 -0 -0
-0 1.3413647828589879 -0
-0 1.385286013343078 -0
-0 1.6096431551205621 -0
-0 -0 -0
-0 1.6449931086535265 -0
-0 -0 -0
-0 1.6859084654786163 -0
-0 -0 -0
-0 1.6420146530210546 -0
-0 -0 -0
-0 -0 -0
-0 -0 -0
-0 -0 -0
-0 -0 -0
-0 -0 -0
-0 -0 -0
-0 -0 -0
-0 -0 -0
-0 1.5926677849849933 -0
-0 -0 -0
-0 -0 -0
-0 1.2809642808477637 -0
-0 -0 -0
-0 -0 -0
-0 -0 -0
-0 -0 -0
-0 -0 -0
-0 -0 -0
-0 -0 -0
-0 -0 -0
-0 -0 -0
-0 1.3117235458136769 -0
-0 -0 -0
-0 1.6443583403537412 -0
-0 -0 -0
-0 -0 -0
-0 -0 -0
-0 1.2618186520853545 -0
-0 -0 -0
-0 -0 -0
-0 -0 -0
-0 -0 -0
-0 1.6010739842146966 -0
-0 -0 -0
-0 -0 -0
-0 -0 -0
-0 -0 -0
-0 -0 -0
-0 -0 -0
-0 -0 -0
-0 -0 -0
-0 1.6523626899903272 -0
-0 -0 -0
-0 1.5404184979639239 -0
-0 -0 -0
-0 1.3470206510444396 -0
-0 -0 -0
-0 -0 -0
-0 -0 -0
-0 -0 -0
-0 -0 -0
-0 1.6023426458691772 -0
-0 -0 -0
-0 -0 -0
-0 1.5842165766707044 -0
-0 -0 -0
-0 -0 -0
-0 1.3758830133752757 -0
-0 1.6294775156237371 -0
-0 -0 -0
-0 -0 -0
-0 -0 -0
-0 -0 -0
-0 1.6323593301126351 -0
-0 -0 -0
-0 -0 -0
-0 -0 -0
-0 1.668237396238538 -0
-0 -0 -0
-0 -0 -0
-0 -0 -0
-0 1.5722430856895477 -0
-0 1.6215905084975144 -0
-0 -0 -0
-0 -0 -0
-0 -0 -0
-0 -0 -0
-0 -0 -0
-0 0.019925001882342353 -0
-0 -0 -0
-0 1.3321857732338598 -0
-0 1.313793797137808 -0
-0 -0 -0
-0 -0 -0
-0 1.5766519423330578 -0
-0 -0 -0
-0 -0 -0
-0 -0 -0
-0 -0 -0
-0 -0 -0
-0 1.6344042032467694 -0
-0 -0 -0
-0 -0 -0
-0 1.6722853810623781 -0
-0 -0 -0
-0 -0 -0
-0 -0 -0
-0 -0 -0
-0 -0 -0
-0 -0 -0
-0 -0 -0
-0 -0 -0
-0 -0 -0
-0 -0 -0
-0 -0 -0
-0 -0 -0
-0 -0 -0
-0 1.6050578484970131 -0
-0 -0 -0
-0 1.5903544132573704 -0
-0 -0 -0
-0 -0 -0
-0 -0 -0
-0 -0 -0
-0 -0 -0
-0 -0 -0
-0 -0 -0
-0 -0 -0
-0 -0 -0
-0 -0 -0
-0 1.6129724903765053 -0
-0 -0 -0
-0 -0 -0
-0 1.58688637674038 -0
-0 1.3238904335173374 -0
-0 1.6294004717431445 -0
-0 -0 -0
-0 -0 -0
-0 1.5836741205256297 -0
-0 -0 -0
-0 -0 -0
-0 -0 -0
-0 -0 -0
-0 -0 -0
-0 -0 -0
-0 -0 -0
-0 1.3638722067584002 -0
-0 -0 -0
-0 -0 -0
-0 1.6295899216090197 -0
-0 1.6779698395233873 -0
-0 -0 -0
-0 -0 -0
-0 -0 -0
-0 -0 -0
-0 -0 -0
-0 -0 -0
-0 -0 -0
-0 1.6188183505436446 -0
-0 -0 -0
-0 -0 -0
-0 -0 -0
-0 1.3324168706102792 -0
-0 -0 -0
-0 -0 -0
-0 -0 -0
-0 -0 -0
-0 1.5930804556799598 -0
-0 -0 -0
-0 -0 -0
-0 -0 -0
-0 -0 -0
-0 1.4205610197640217 -0
-0 -0 -0
-0 -0 -0
-0 -0 -0
-0 -0 -0
-0 -0 -0
-0 1.6223637957559118 -0
-0 -0 -0
-0 -0 -0
-0 -0 -0
-0 -0 -0
-0 -0 -0
-0 -0 -0
-0 -0 -0
-0 -0 -0
-0 -0 -0
-0 -0 -0
-0 -0 -0
-0 -0 -0
-0 -0 -0
-0 -0 -0
-0 1.6621509319995966 -0
-0 -0 -0
-0 1.651915681261733 -0
-0 -0 -0
-0 -0 -0
-0 1.6474278026021902 -0
-0 1.3496209915017983 -0
-0 1.6465913670570809 -0
-0 -0 -0
-0 -0 -0
-0 -0 -0
-0 -0 -0
-0 -0 -0
-0 -0 -0
-0 -0 -0
-0 1.6772093948824522 -0
-0 -0 -0
-0 -0 -0
-0 1.6366878304734636 -0
-0 1.6103858337734998 -0
-0 -0 -0
-0 -0 -0
-0 -0 -0
-0 -0 -0
-0 -0 -0
-0 -0 -0
-0 -0 -0
-0 -0 -0
-0 -0 -0
-0 -0 -0
-0 1.6026277076752782 -0
-0 -0 -0
-0 -0 -0
-0 -0 -0
-0 -0 -0
-0 -0 -0
-0 -0 -0
-0 -0 -0
-0 -0 -0
-0 -0 -0
-0 -0 -0
-0 -0 -0
-0 -0 -0
-0 -0 -0
-0 1.5950429013147949 -0
-0 -0 -0
-0 -0 -0
-0 -0 -0
-0 -0 -0
-0 -0 -0
-0 -0 -0
-0 -0 -0
-0 -0 -0
-0 -0 -0
-0 -0 -0
-0 -0 -0
-0 -0 -0
-0 -0 -0
-0 -0 -0
-0 -0 -0
-0 -0 -0
-0 -0 -0
-0 1.6250604690051755 -0
-0 -0 -0
-0 -0 -0
-0 -0 -0
-0 -0 -0
-0 -0 -0
-0 -0 -0
-0 -0 -0
-0 -0 -0
-0 -0 -0
-0 -0 -0
-0 -0 -0
-0 -0 -0
-0 1.5996174255985915 -0
-0 -0 -0
-0 -0 -0
-0 -0 -0
-0 -0 -0
-0 1.3327490874891426 -0
-0 -0 -0
-0 -0 -0
-0 -0 -0
-0 -0 -0
-0 1.3664181710245957 -0
-0 -0 -0
-0 -0 -0
-0 -0 -0
-0 -0 -0
-0 1.5762143753748254 -0
-0 -0 -0
-0 -0 -0
-0 1.2283652821912681 -0
-0 -0 -0
-0 -0 -0
-0 -0 -0
-0 -0 -0
-0 -0 -0
-0 -0 -0
-0 -0 -0
-0 -0 -0
-0 1.3503750563543666 -0
-0 1.6735622984000325 -0
-0 -0 -0
-0 0.52512911340404644 -0
-0 -0 -0
-0 -0 -0
-0 1.6543800464063247 -0
-0 -0 -0
-0 -0 -0
-0 1.5896421722192697 -0
-0 1.6305884267557353 -0
-0 -0 -0
-0 -0 -0
-0 -0 -0
-0 -0 -0
-0 1.3317058479640136 -0
-0 1.5841980358749868 -0
-0 -0 -0
-0 -0 -0
-0 1.5812440111473649 -0
-0 1.3306832272344578 -0
-0 -0 -0
-0 -0 -0
-0 -0 -0
-0 1.6236395057828359 -0
-0 1.2283406594924875 -0
-0 -0 -0
-0 -0 -0
-0 -0 -0
-0 -0 -0
-0 -0 -0
-0 -0 -0
-0 -0 -0
-0 1.421098938463224 -0
-0 -0 -0
-0 -0 -0
-0 -0 -0
-0 1.3434573538303507 -0
-0 1.6972045109054505 -0
-0 -0 -0
-0 -0 -0
-0 -0 -0
-0 1.5930933626369537 -0
-0 -0 -0
-0 1.3360327514541315 -0
-0 -0 -0
-0 -0 -0
-0 -0 -0
-0 -0 -0
-0 -0 -0
-0 -0 -0
-0 -0 -0
-0 -0 -0
-0 -0 -0
-0 1.6550780005225392 -0
-0 -0 -0
-0 -0 -0
-0 1.5906102233361716 -0
-0 -0 -0
-0 -0 -0
-0 -0 -0
-0 -0 -0
-0 -0 -0
-0 -0 -0
-0 1.414837264923624 -0
-0 -0 -0
-0 -0 -0
-0 -0 -0
-0 1.3322708675843988 -0
-0 1.4069481262760377 -0
-0 1.6853637417717535 -0
-0 1.4220490304214997 -0
-0 1.5998091503070764 -0
-0 1.3607730590255045 -0
-0 -0 -0
-0 1.6815791859343949 -0
-0 1.3433083797312344 -0
-0 1.590487367023298 -0
-0 -0 -0
-0 -0 -0
-0 -0 -0
-0 -0 -0
-0 -0 -0
-0 -0 -0
-0 -0 -0
-0 -0 -0
-0 -0 -0
-0 -0 -0
-0 -0 -0
-0 1.3573537831945977 -0
-0 -0 -0
-0 -0 -0
-0 -0 -0
-0 -0 -0
-0 1.6241489775329292 -0
-0 -0 -0
-0 1.2775125179408762 -0
-0 -0 -0
-0 -0 -0
-0 -0 -0
-0 -0 -0
-0 -0 -0
-0 -0 -0
-0 -0 -0
-0 -0 -0
-0 -0 -0
-0 -0 -0
-0 -0 -0
-0 1.5898657069107776 -0
-0 -0 -0
-0 -0 -0
-0 -0 -0
-0 1.6659049827222456 -0
-0 -0 -0
-0 1.6788768626820256 -0
-0 -0 -0
-0 -0 -0
-0 1.306599782817037 -0
-0 -0 -0
-0 1.6376313025556239 -0
-0 -0 -0
-0 -0 -0
-0 1.5978913271388369 -0
-0 -0 -0
-0 -0 -0
-0 -0 -0
-0 1.3345485474296341 -0
-0 1.5670993307232863 -0
-0 -0 -0
-0 -0 -0
-0 1.5799175096111844 -0
-0 -0 -0
-0 -0 -0
-0 -0 -0
-0 -0 -0
-0 -0 -0
-0 -0 -0
-0 -0 -0
-0 -0 -0
-0 1.2397979293594168 -0
-0 -0 -0
-0 -0 -0
-0 -0 -0
-0 -0 -0
-0 1.6151037921801841 -0
-0 1.6137605018778807 -0
-0 -0 -0
-0 -0 -0
-0 -0 -0
-0 -0 -0
-0 -0 -0
-0 1.648161381792717 -0
-0 -0 -0
-0 -0 -0
-0 -0 -0
-0 -0 -0
-0 -0 -0
-0 -0 -0
-0 -0 -0
-0 -0 -0
-0 -0 -0
-0 -0 -0
-0 -0 -0
-0 -0 -0
-0 1.6356974643645616 -0
-0 -0 -0
-0 -0 -0
-0 1.6469405355172348 -0
-0 -0 -0
-0 -0 -0
-0 -0 -0
-0 -0 -0
-0 -0 -0
-0 1.631177633566127 -0
-0 -0 -0
-0 -0 -0
-0 -0 -0
-0 -0 -0
-0 -0 -0
-0 -0 -0
-0 -0 -0
-0 1.6254782139907853 -0
-0 -0 -0
-0 -0 -0
-0 -0 -0
-0 -0 -0
-0 -0 -0
-0 -0 -0
-0 -0 -0
-0 -0 -0
-0 -0 -0
-0 -0 -0
-0 -0 -0
-0 -0 -0
-0 -0 -0
-0 1.5871552196282437 -0
-0 -0 -0
-0 -0 -0
-0 -0 -0
-0 1.59688865312271 -0
-0 -0 -0
-0 -0 -0
-0 -0 -0
-0 -0 -0
-0 -0 -0
-0 -0 -0
-0 -0 -0
-0 1.6169577235875572 -0
-0 -0 -0
-0 -0 -0
-0 1.6134914880941902 -0
-0 -0 -0
-0 -0 -0
-0 -0 -0
-0 -0 -0
-0 -0 -0
-0 -0 -0
-0 -0 -0
-0 -0 -0
-0 -0 -0
-0 1.6565647373090793 -0
-0 -0 -0
-0 -0 -0
-0 -0 -0
-0 -0 -0
-0 -0 -0
-0 -0 -0
-0 1.6249606019605236 -0
-0 1.3996755874002142 -0
-0 -0 -0
-0 -0 -0
-0 -0 -0
-0 -0 -0
-0 -0 -0
-0 -0 -0
-0 -0 -0
-0 -0 -0
-0 -0 -0
-0 -0 -0
-0 -0 -0
-0 -0 -0
-0 -0 -0
-0 -0 -0
-0 -0 -0
-0 -0 -0
-0 -0 -0
-0 -0 -0
-0 -0 -0
-0 0.76935158309131468 -0
-0 -0 -0
-0 -0 -0
-0 1.6199065420803889 -0
-0 -0 -0
-0 -0 -0
-0 -0 -0
-0 -0 -0
-0 1.3440237937759822 -0
-0 -0 -0
-0 1.6415145040183601 -0
-0 1.5478200999806759 -0
-0 -0 -0
-0 -0 -0
-0 -0 -0
-0 -0 -0
-0 -0 -0
-0 -0 -0
-0 -0 -0
-0 1.3381594451541665 -0
-0 -0 -0
-0 -0 -0
-0 -0 -0
-0 -0 -0
-0 -0 -0
-0 -0 -0
-0 -0 -0
-0 -0 -0
-0 -0 -0
-0 -0 -0
-0 -0 -0
-0 -0 -0
-0 1.6196824259238298 -0
-0 -0 -0
-0 1.6203179965495389 -0
-0 1.3089079258977774 -0
-0 1.5819769026714809 -0
-0 -0 -0
-0 -0 -0
-0 -0 -0
-0 -0 -0
-0 -0 -0
-0 -0 -0
-0 -0 -0
-0 -0 -0
-0 -0 -0
-0 -0 -0
-0 -0 -0
-0 1.6482086103303777 -0
-0 -0 -0
-0 -0 -0
-0 -0 -0
-0 -0 -0
-0 -0 -0
-0 1.6202650520305932 -0
-0 -0 -0
-0 -0 -0
-0 -0 -0
-0 -0 -0
-0 -0 -0
-0 -0 -0
-0 -0 -0
-0 -0 -0
-0 -0 -0
-0 -0 -0
-0 -0 -0
-0 -0 -0
-0 -0 -0
-0 -0 -0
-0 -0 -0
-0 -0 -0
-0 -0 -0
-0 -0 -0
-0 -0 -0
-0 -0 -0
-0 -0 -0
-0 -0 -0
-0 -0 -0
-0 -0 -0
-0 -0 -0
-0 1.2374940565703492 -0
-0 -0 -0
-0 -0 -0
-0 -0 -0
-0 -0 -0
-0 -0 -0
-0 -0 -0
-0 -0 -0
-0 -0 -0
-0 -0 -0
-0 -0 -0
-0 -0 -0
-0 -0 -0
-0 -0 -0
-0 -0 -0
-0 -0 -0
-0 -0 -0
-0 -0 -0
-0 -0 -0
-0 -0 -0
-0 -0 -0
-0 -0 -0
-0 -0 -0
-0 -0 -0
-0 -0 -0
-0 -0 -0
-0 -0 -0
-0 -0 -0
-0 -0 -0
-0 -0 -0
-0 -0 -0
-0 1.1471622765703429 -0
-0 -0 -0
-0 -0 -0
-0 -0 -0
-0 -0 -0
-0 -0 -0
-0 -0 -0
-0 -0 -0
-0 1.2920724332531002 -0
-0 -0 -0
-0 -0 -0
-0 -0 -0
-0 -0 -0
-0 -0 -0
-0 -0 -0
-0 1.2660884370768453 -0
-0 -0 -0
-0 -0 -0
-0 -0 -0
-0 -0 -0
-0 -0 -0
-0 -0 -0
-0 -0 -0
-0 -0 -0
-0 1.2458516812095628 -0
-0 -0 -0
-0 1.2418309996460424 -0
-0 -0 -0
-0 -0 -0
-0 -0 -0
-0 -0 -0
-0 -0 -0
-0 1.1117784272057905 -0
-0 -0 -0
-0 -0 -0
-0 -0 -0
-0 -0 -0
-0 -0 -0
-0 -0 -0
-0 -0 -0
-0 -0 -0
-0 -0 -0
-0 -0 -0
-0 1.2298593370129274 -0
-0 -0 -0
-0 -0 -0
-0 -0 -0
-0 -0 -0
-0 -0 -0
-0 -0 -0
-0 -0 -0
-0 -0 -0
-0 -0 -0
-0 -0 -0
-0 -0 -0
-0 -0 -0
-0 -0 -0
-0 -0 -0
-0 -0 -0
-0 1.3137635903704434 -0
-0 -0 -0
-0 1.3203590975344617 -0
-0 -0 -0
-0 1.2511623173312283 -0
-0 -0 -0
-0 -0 -0
-0 -0 -0
-0 -0 -0
-0 -0 -0
-0 -0 -0
-0 1.3423739083473079 -0
-0 -0 -0
-0 -0 -0
-0 -0 -0
-0 -0 -0
-0 -0 -0
-0 -0 -0
-0 -0 -0
-0 -0 -0
-0 -0 -0
-0 -0 -0
-0 -0 -0
-0 -0 -0
-0 -0 -0
-0 -0 -0
-0 -0 -0
-0 -0 -0
-0 -0 -0
-0 -0 -0
-0 -0 -0
-0 -0 -0
-0 -0 -0
-0 -0 -0
-0 -0 -0
-0 1.2801479249283818 -0
-0 -0 -0
-0 -0 -0
-0 -0 -0
-0 -0 -0
-0 1.2372660270029567 -0
-0 -0 -0
-0 -0 -0
-0 -0 -0
-0 -0 -0
-0 -0 -0
-0 -0 -0
-0 -0 -0
-0 -0 -0
-0 -0 -0
-0 -0 -0
-0 -0 -0
-0 -0 -0
-0 -0 -0
-0 -0 -0
-0 -0 -0
-0 -0 -0
-0 -0 -0
-0 -0 -0
-0 -0 -0
-0 -0 -0
-0 -0 -0
-0 -0 -0
-0 -0 -0
-0 -0 -0
-0 -0 -0
-0 -0 -0
-0 -0 -0
-0 -0 -0
-0 -0 -0
-0 -0 -0
-0 -0 -0
-0 -0 -0
-0 -0 -0
-0 -0 -0
-0 -0 -0
-0 -0 -0
-0 -0 -0
-0 -0 -0
-0 -0 -0
-0 -0 -0
-0 -0 -0
-0 -0 -0
-0 -0 -0
-0 -0 -0
-0 -0 -0
-0 -0 -0
-0 1.1266814902427356 -0
-0 -0 -0
-0 -0 -0
-0 -0 -0
-0 -0 -0
-0 1.2893647834468758 -0
-0 -0 -0
-0 -0 -0
-0 -0 -0
-0 -0 -0
-0 -0 -0
-0 -0 -0
-0 -0 -0
-0 1.3759610218266032 -0
-0 -0 -0
-0 -0 -0
-0 -0 -0
-0 -0 -0
-0 -0 -0
-0 -0 -0
-0 -0 -0
-0 -0 -0
-0 -0 -0
-0 -0 -0
-0 -0 -0
-0 -0 -0
-0 1.1243961597870837 -0
-0 -0 -0
-0 -0 -0
-0 -0 -0
-0 -0 -0
-0 -0 -0
-0 -0 -0
-0 -0 -0
-0 -0 -0
-0 -0 -0
-0 1.2955598896661202 -0
-0 -0 -0
-0 -0 -0
-0 -0 -0
-0 -0 -0
-0 -0 -0
-0 1.2463768793930783 -0
-0 -0 -0
-0 -0 -0
-0 -0 -0
-0 -0 -0
-0 -0 -0
-0 -0 -0
-0 -0 -0
-0 -0 -0
-0 -0 -0
-0 -0 -0
-0 -0 -0
-0 -0 -0
-0 -0 -0
-0 -0 -0
-0 -0 -0
-0 -0 -0
-0 -0 -0
-0 -0 -0
-0 -0 -0
-0 -0 -0
-0 -0 -0
-0 -0 -0
-0 -0 -0
-0 -0 -0
-0 1.2332660171100118 -0
-0 -0 -0
-0 -0 -0
-0 -0 -0
-0 -0 -0
-0 -0 -0
-0 1.3097228469646509 -0
-0 -0 -0
-0 -0 -0
-0 -0 -0
-0 -0 -0
-0 -0 -0
-0 1.2558967764786475 -0
-0 -0 -0
-0 -0 -0
-0 -0 -0
-0 -0 -0
-0 -0 -0
-0 -0 -0
-0 -0 -0
-0 -0 -0
-0 -0 -0
-0 -0 -0
-0 -0 -0
-0 -0 -0
-0 -0 -0
-0 -0 -0
-0 -0 -0
-0 1.1120673699802404 -0
-0 -0 -0
-0 -0 -0
-0 -0 -0
-0 -0 -0
-0 -0 -0
-0 -0 -0
-0 -0 -0
-0 -0 -0
-0 -0 -0
-0 -0 -0
-0 -0 -0
-0 -0 -0
-0 -0 -0
-0 -0 -0
-0 -0 -0
-0 -0 -0
-0 -0 -0
-0 -0 -0
-0 -0 -0
-0 -0 -0
-0 -0 -0
-0 -0 -0
-0 -0 -0
-0 -0 -0
-0 -0 -0
-0 1.2750585661128873 -0
-0 -0 -0
-0 -0 -0
-0 -0 -0
-0 -0 -0
-0 -0 -0
-0 -0 -0
-0 -0 -0
-0 -0 -0
-0 -0 -0
-0 -0 -0
-0 -0 -0
-0 -0 -0
-0 -0 -0
-0 -0 -0
-0 -0 -0
-0 -0 -0
-0 -0 -0
-0 -0 -0
-0 1.2819955580360407 -0
-0 -0 -0
-0 -0 -0
-0 -0 -0
-0 -0 -0
-0 -0 -0
-0 -0 -0
-0 -0 -0
-0 -0 -0
-0 -0 -0
-0 -0 -0
-0 -0 -0
-0 -0 -0
-0 -0 -0
-0 -0 -0
-0 -0 -0
-0 -0 -0
-0 -0 -0
-0 -0 -0
-0 -0 -0
-0 -0 -0
-0 -0 -0
-0 -0 -0
-0 -0 -0
-0 -0 -0
-0 -0 -0
-0 -0 -0
-0 -0 -0
-0 1.2188512144176804 -0
-0 -0 -0
-0 -0 -0
-0 -0 -0
-0 -0 -0
-0 -0 -0
-0 -0 -0
-0 -0 -0
-0 -0 -0
-0 -0 -0
-0 -0 -0
-0 -0 -0
-0 -0 -0
-0 -0 -0
-0 -0 -0
-0 -0 -0
-0 -0 -0
-0 -0 -0
-0 -0 -0
-0 -0 -0
-0 -0 -0
-0 -0 -0
-0 1.2606673090481249 -0
-0 -0 -0
-0 -0 -0
-0 -0 -0
-0 -0 -0
-0 -0 -0
-0 -0 -0
-0 -0 -0
-0 -0 -0
-0 -0 -0
-0 -0 -0
-0 -0 -0
-0 -0 -0
-0 -0 -0
-0 -0 -0
-0 -0 -0
-0 -0 -0
-0 -0 -0
-0 -0 -0
-0 -0 -0
-0 -0 -0
-0 -0 -0
-0 -0 -0
-0 -0 -0
-0 -0 -0
-0 -0 -0
-0 -0 -0
-0 -0 -0
-0 -0 -0
-0 -0 -0
-0 -0 -0
-0 -0 -0
-0 -0 -0
-0 -0 -0
-0 -0 -0
-0 -0 -0
-0 -0 -0
-0 -0 -0
-0 -0 -0
-0 -0 -0
-0 1.2324881874571016 -0
-0 -0 -0
-0 1.2371400685845537 -0
-0 -0 -0
-0 -0 -0
-0 -0 -0
-0 -0 -0
-0 -0 -0
-0 -0 -0
-0 -0 -0
-0 -0 -0
-0 -0 -0
-0 -0 -0
-0 -0 -0
-0 -0 -0
-0 -0 -0
-0 -0 -0
-0 -0 -0
-0 -0 -0
-0 -0 -0
-0 -0 -0
-0 -0 -0
-0 -0 -0
-0 -0 -0
-0 1.2728710568229198 -0
-0 -0 -0
-0 -0 -0
-0 -0 -0
-0 -0 -0
-0 -0 -0
-0 -0 -0
-0 -0 -0
-0 -0 -0
-0 -0 -0
-0 -0 -0
-0 -0 -0
-0 -0 -0
-0 1.2314747479222523 -0
-0 -0 -0
-0 -0 -0
-0 -0 -0
-0 -0 -0
-0 -0 -0
-0 -0 -0
-0 -0 -0
-0 -0 -0
-0 -0 -0
-0 -0 -0
-0 -0 -0
-0 -0 -0
-0 -0 -0
-0 -0 -0
-0 -0 -0
-0 -0 -0
-0 -0 -0
-0 -0 -0
-0 -0 -0
-0 -0 -0
-0 -0 -0
-0 -0 -0
-0 -0 -0
-0 1.2418436527441326 -0
-0 -0 -0
-0 -0 -0
-0 -0 -0
-0 -0 -0
-0 -0 -0
-0 -0 -0
-0 -0 -0
-0 -0 -0
-0 -0 -0
-0 -0 -0
-0 1.2567371919677719 -0
-0 1.3391582182345789 -0
-0 -0 -0
-0 -0 -0
-0 -0 -0
-0 -0 -0
-0 -0 -0
-0 -0 -0
-0 -0 -0
-0 -0 -0
-0 -0 -0
-0 -0 -0
-0 -0 -0
-0 -0 -0
-0 -0 -0
-0 -0 -0
-0 -0 -0
-0 -0 -0
-0 -0 -0
-0 -0 -0
-0 -0 -0
-0 1.1872518821307978 -0
-0 -0 -0
-0 -0 -0
-0 -0 -0
-0 -0 -0
-0 -0 -0
-0 -0 -0
-0 -0 -0
-0 -0 -0
-0 -0 -0
-0 1.2327886577785365 -0
-0 -0 -0
-0 -0 -0
-0 -0 -0
-0 -0 -0
-0 -0 -0
-0 1.1825695271863379 -0
-0 -0 -0
-0 -0 -0
-0 -0 -0
-0 -0 -0
-0 -0 -0
-0 -0 -0
-0 -0 -0
-0 -0 -0
-0 -0 -0
-0 -0 -0
-0 -0 -0
-0 -0 -0
-0 -0 -0
-0 -0 -0
-0 -0 -0
-0 -0 -0
-0 -0 -0
-0 1.2666301932007784 -0
-0 -0 -0
-0 -0 -0
-0 -0 -0
-0 -0 -0
-0 -0 -0
-0 -0 -0
-0 -0 -0
-0 -0 -0
-0 -0 -0
-0 -0 -0
-0 -0 -0
-0 1.3308761671855909 -0
-0 -0 -0
-0 -0 -0
-0 -0 -0
-0 -0 -0
-0 -0 -0
-0 -0 -0
-0 -0 -0
-0 -0 -0
-0 -0 -0
-0 -0 -0
-0 -0 -0
-0 -0 -0
-0 -0 -0
-0 -0 -0
-0 -0 -0
-0 -0 -0
-0 -0 -0
-0 -0 -0
-0 -0 -0
-0 -0 -0
-0 -0 -0
-0 -0 -0
-0 1.251766989407388 -0
-0 1.2357051417388174 -0
-0 -0 -0
-0 -0 -0
-0 -0 -0
-0 -0 -0
-0 -0 -0
-0 -0 -0
-0 -0 -0
-0 -0 -0
-0 -0 -0
-0 -0 -0
-0 -0 -0
-0 -0 -0
-0 -0 -0
-0 -0 -0
-0 -0 -0
-0 -0 -0
-0 -0 -0
-0 -0 -0
-0 -0 -0
-0 -0 -0
-0 -0 -0
-0 -0 -0
-0 -0 -0
-0 -0 -0
-0 -0 -0
-0 -0 -0
-0 -0 -0
-0 -0 -0
-0 -0 -0
-0 -0 -0
-0 -0 -0
-0 -0 -0
-0 -0 -0
-0 -0 -0
-0 -0 -0
-0 -0 -0
-0 -0 -0
-0 -0 -0
-0 -0 -0
-0 -0 -0
-0 -0 -0
-0 -0 -0
-0 1.2407502144328464 -0
-0 -0 -0
-0 -0 -0
-0 -0 -0
-0 -0 -0
-0 -0 -0
-0 -0 -0
-0 -0 -0
-0 -0 -0
-0 -0 -0
-0 -0 -0
-0 -0 -0
-0 1.3043747082924397 -0
-0 -0 -0
-0 -0 -0
-0 -0 -0
-0 -0 -0
-0 -0 -0
-0 -0 -0
-0 -0 -0
-0 -0 -0
-0 -0 -0
-0 -0 -0
-0 -0 -0
-0 -0 -0
-0 -0 -0
-0 -0 -0
-0 -0 -0
-0 1.2399074641675143 -0
-0 -0 -0
-0 -0 -0
-0 -0 -0
-0 -0 -0
-0 -0 -0
-0 -0 -0
-0 -0 -0
-0 -0 -0
-0 -0 -0
-0 1.3850485150629408 -0
-0 -0 -0
-0 -0 -0
-0 -0 -0
-0 -0 -0
-0 -0 -0
-0 -0 -0
-0 -0 -0
-0 -0 -0
-0 -0 -0
-0 -0 -0
-0 -0 -0
-0 -0 -0
-0 -0 -0
-0 -0 -0
-0 -0 -0
-0 -0 -0
-0 -0 -0
-0 -0 -0
-0 -0 -0
-0 -0 -0
-0 -0 -0
-0 -0 -0
-0 -0 -0
-0 -0 -0
-0 -0 -0
-0 -0 -0
-0 1.2639422187773406 -0
-0 -0 -0
-0 -0 -0
-0 -0 -0
-0 -0 -0
-0 -0 -0
-0 -0 -0
-0 -0 -0
-0 -0 -0
-0 -0 -0
-0 -0 -0
-0 -0 -0
-0 -0 -0
-0 -0 -0
-0 -0 -0
-0 -0 -0
-0 -0 -0
-0 -0 -0
-0 -0 -0
-0 -0 -0
-0 -0 -0
-0 -0 -0
-0 -0 -0
-0 -0 -0
-0 -0 -0
-0 -0 -0
-0 -0 -0
-0 -0 -0
-0 -0 -0
-0 -0 -0
-0 -0 -0
-0 -0 -0
-0 -0 -0
-0 -0 -0
-0 -0 -0
-0 -0 -0
-0 -0 -0
-0 -0 -0
-0 -0 -0
-0 -0 -0
-0 -0 -0
-0 -0 -0
-0 -0 -0
-0 -0 -0
-0 -0 -0
-0 -0 -0
-0 -0 -0
-0 -0 -0
-0 -0 -0
-0 -0 -0
-0 -0 -0
-0 -0 -0
-0 -0 -0
-0 -0 -0
-0 -0 -0
-0 -0 -0
-0 -0 -0
-0 -0 -0
-0 -0 -0
-0 -0 -0
-0 -0 -0
-0 -0 -0
-0 -0 -0
-0 -0 -0
-0 -0 -0
-0 -0 -0
-0 -0 -0
-0 -0 -0
-0 -0 -0
-0 -0 -0
-0 -0 -0
-0 -0 -0
-0 -0 -0
-0 -0 -0
-0 1.2477685558794365 -0
-0 -0 -0
-0 -0 -0
-0 -0 -0
-0 -0 -0
-0 1.308478851452296 -0
-0 -0 -0
-0 -0 -0
-0 -0 -0
-0 -0 -0
-0 -0 -0
-0 -0 -0
-0 -0 -0
-0 1.1504773443580962 -0
-0 -0 -0
-0 -0 -0
-0 -0 -0
-0 -0 -0
-0 -0 -0
-0 -0 -0
-0 -0 -0
-0 -0 -0
-0 1.2830242519477697 -0
-0 -0 -0
-0 -0 -0
-0 -0 -0
-0 -0 -0
-0 -0 -0
-0 -0 -0
-0 -0 -0
-0 -0 -0
-0 -0 -0
-0 -0 -0
-0 -0 -0
-0 -0 -0
-0 -0 -0
-0 -0 -0
-0 1.2446878355126518 -0
-0 -0 -0
-0 -0 -0
-0 -0 -0
-0 -0 -0
-0 1.2493671887899092 -0
-0 -0 -0
-0 -0 -0
-0 -0 -0
-0 -0 -0
-0 1.1630611426689037 -0
-0 -0 -0
-0 -0 -0
-0 -0 -0
-0 -0 -0
-0 -0 -0
-0 -0 -0
-0 -0 -0
-0 1.373275050745022 -0
-0 -0 -0
-0 -0 -0
-0 -0 -0
-0 1.258980447198514 -0
-0 -0 -0
-0 -0 -0
-0 -0 -0
-0 -0 -0
-0 -0 -0
-0 -0 -0
-0 1.25129499715811 -0
-0 -0 -0
-0 -0 -0
-0 -0 -0
-0 -0 -0
-0 -0 -0
-0 -0 -0
-0 -0 -0
-0 -0 -0
-0 -0 -0
-0 -0 -0
-0 -0 -0
-0 -0 -0
-0 -0 -0
-0 -0 -0
-0 -0 -0
-0 -0 -0
-0 -0 -0
-0 -0 -0
-0 -0 -0
-0 -0 -0
-0 -0 -0
-0 -0 -0
-0 -0 -0
-0 1.2570890328576003 -0
-0 1.3567560018457665 -0
-0 -0 -0
-0 1.3821447769100446 -0
-0 -0 -0
-0 1.3078470122015886 -0
-0 -0 -0
-0 -0 -0
-0 1.2847537586980562 -0
-0 -0 -0
-0 -0 -0
-0 -0 -0
-0 -0 -0
-0 -0 -0
-0 -0 -0
-0 -0 -0
-0 -0 -0
-0 -0 -0
-0 -0 -0
-0 -0 -0
-0 -0 -0
-0 1.2827653001203352 -0
-0 -0 -0
-0 -0 -0
-0 -0 -0
-0 -0 -0
-0 -0 -0
-0 -0 -0
-0 1.213817833302864 -0
-0 -0 -0
-0 -0 -0
-0 -0 -0
-0 -0 -0
-0 -0 -0
-0 -0 -0
-0 -0 -0
-0 -0 -0
-0 -0 -0
-0 -0 -0
-0 -0 -0
-0 -0 -0
-0 -0 -0
-0 -0 -0
-0 -0 -0
-0 -0 -0
-0 -0 -0
-0 -0 -0
-0 -0 -0
-0 -0 -0
-0 1.2277375788901053 -0
-0 -0 -0
-0 -0 -0
-0 -0 -0
-0 -0 -0
-0 -0 -0
-0 -0 -0
-0 -0 -0
-0 -0 -0
-0 1.2489431507283597 -0
-0 -0 -0
-0 -0 -0
-0 -0 -0
-0 -0 -0
-0 -0 -0
-0 -0 -0
-0 -0 -0
-0 -0 -0
-0 -0 -0
-0 -0 -0
-0 -0 -0
-0 -0 -0
-0 1.1644695778852419 -0
-0 -0 -0
-0 -0 -0
-0 -0 -0
-0 -0 -0
-0 -0 -0
-0 -0 -0
-0 -0 -0
-0 -0 -0
-0 -0 -0
-0 -0 -0
-0 -0 -0
-0 -0 -0
-0 -0 -0
-0 -0 -0
-0 -0 -0
-0 -0 -0
-0 -0 -0
-0 -0 -0
-0 -0 -0
-0 -0 -0
-0 -0 -0
-0 -0 -0
-0 -0 -0
-0 -0 -0
-0 -0 -0
-0 -0 -0
-0 -0 -0
-0 -0 -0
-0 -0 -0
-0 -0 -0
-0 -0 -0
-0 -0 -0
-0 -0 -0
-0 -0 -0
-0 -0 -0
-0 -0 -0
-0 -0 -0
-0 -0 -0
-0 -0 -0
-0 -0 -0
-0 -0 -0
-0 -0 -0
-0 -0 -0
-0 -0 -0
-0 -0 -0
-0 -0 -0
-0 -0 -0
-0 -0 -0
-0 -0 -0
-0 -0 -0
-0 -0 -0
-0 -0 -0
-0 -0 -0
-0 -0 -0
-0 -0 -0
-0 -0 -0
-0 -0 -0
-0 -0 -0
-0 -0 -0
-0 -0 -0
-0 -0 -0
-0 -0 -0
-0 -0 -0
-0 -0 -0
-0 -0 -0
-0 -0 -0
-0 -0 -0
-0 -0 -0
-0 -0 -0
-0 -0 -0
-0 -0 -0
-0 -0 -0
-0 -0 -0
-0 -0 -0
-0 -0 -0
-0 -0 -0
-0 -0 -0
-0 -0 -0
-0 -0 -0
-0 -0 -0
-0 -0 -0
-0 -0 -0
-0 -0 -0
-0 -0 -0
-0 -0 -0
-0 -0 -0
-0 -0 -0
-0 -0 -0
-0 1.3594955990571482 -0
-0 -0 -0
-0 -0 -0
-0 -0 -0
-0 -0 -0
-0 -0 -0
-0 -0 -0
-0 -0 -0
-0 -0 -0
-0 -0 -0
-0 -0 -0
-0 -0 -0
-0 -0 -0
-0 -0 -0
-0 -0 -0
-0 -0 -0
-0 -0 -0
-0 -0 -0
-0 -0 -0
-0 -0 -0
-0 -0 -0
-0 -0 -0
-0 -0 -0
-0 -0 -0
-0 -0 -0
-0 -0 -0
-0 -0 -0
-0 -0 -0
-0 1.2594614595794078 -0
-0 -0 -0
-0 -0 -0
-0 -0 -0
-0 -0 -0
-0 -0 -0
-0 -0 -0
-0 -0 -0
-0 -0 -0
-0 -0 -0
-0 -0 -0
-0 1.2648396894410652 -0
-0 -0 -0
-0 -0 -0
-0 -0 -0
-0 -0 -0
-0 -0 -0
-0 -0 -0
-0 -0 -0
-0 -0 -0
-0 -0 -0
-0 -0 -0
-0 -0 -0
-0 -0 -0
-0 -0 -0
-0 -0 -0
-0 -0 -0
-0 1.2289024179862476 -0
-0 -0 -0
-0 -0 -0
-0 -0 -0
-0 -0 -0
-0 -0 -0
-0 -0 -0
-0 -0 -0
-0 -0 -0
-0 -0 -0
-0 -0 -0
-0 -0 -0
-0 -0 -0
-0 -0 -0
-0 -0 -0
-0 -0 -0
-0 -0 -0
-0 -0 -0
-0 -0 -0
-0 -0 -0
-0 -0 -0
-0 -0 -0
-0 -0 -0
-0 -0 -0
