# vtk DataFile Version 3.0
SPH particles (WCSPH) - legacy PolyData
ASCII
DATASET POLYDATA
POINTS 4836 float
0.0036918468123441342 0.040708209746516663 0.080088550626877711
0.0037224216819310659 0.041917704480691327 0.10000000000849472
0.0036918473618251187 0.040708209742814125 0.11991145010408548
0.0038765161749742421 0.060477233288208782 0.060477233513208696
0.005189164178940487 0.060136578224159236 0.080121199676650393
0.0053708725506967057 0.060042344602690173 0.10000000000751855
0.0051891643386487423 0.060136578029401817 0.11987880055699669
0.0038765182777094642 0.060477232496944998 0.1395227685752494
0.0036918453557394605 0.08008854970870688 0.040708211694107661
0.0051891641124179261 0.080121199715493793 0.060136578339418829
0.0054061741761283139 0.080006886704635682 0.080006886706826069
0.0054188968102832887 0.080001749499914981 0.10000000000134363
0.005406174192352271 0.080006886686752571 0.11999311332210037
0.005189164586373988 0.080121199230553136 0.1398634223783449
0.0036918508441537222 0.08008855121490735 0.1592917943892323
0.0037224182681435286 0.099999999997459912 0.041917710112761741
0.0053708724901990598 0.099999999997718692 0.060042344735628701
0.0054188968086160746 0.099999999999583658 0.080001749503281636
0.0054217922617098516 0.099999999999890968 0.10000000000030798
0.0054188968136102619 0.099999999999442618 0.11999825050781436
0.0053708726849107718 0.099999999997099687 0.13995765570930491
0.0037224286780136564 0.099999999997219202 0.15808230730216169
0.0036918451735199619 0.11991145004511176 0.040708211695970782
0.005189164059726103 0.1198788002060895 0.060136578404901643
0.0054061741708609614 0.11999311328564823 0.08000688671250028
0.0054188968084761535 0.1199982504958767 0.10000000000125919
0.0054061741863369994 0.11999311330270819 0.11999311331540388
0.0051891645233005813 0.11987880067658795 0.13986342229933535
0.003691850627678715 0.11991144848920507 0.1592917943895554
0.0038765154520366092 0.13952276598236094 0.060477233788023603
0.00518916400989028 0.13986342150817843 0.080121199838852145
0.0053708724711653243 0.13995765520259584 0.1000000000069579
0.0051891641595999925 0.13986342168981789 0.11987880038050626
0.0038765174797354865 0.13952276671930236 0.13952276824535143
0.0036918442624889231 0.15929178712335834 0.080088549535032624
0.0037224165009198647 0.15808228669957886 0.10000000000809783
0.0036918447773340241 0.15929178712802133 0.11991145114688369
0.023867802030846909 0.042249109976918206 0.080456341608295026
0.024035991782057148 0.045163960659129573 0.10000000003672646
0.02386780324299052 0.042249109720275742 0.11954366176747809
0.024044889305814113 0.061598225362830487 0.061598226271614306
0.025213132106686159 0.060436696805792472 0.080401326411933663
0.025367106403891053 0.060096792671248109 0.10000000002591583
0.025213132420197844 0.060436695922521891 0.1195986745973425
0.024044892980986679 0.061598221512423348 0.13840178271700357
0.023867799765957442 0.080456338486417922 0.042249117625027199
0.025213132015595028 0.080401326581706581 0.060436697213839978
0.025404504210499997 0.080016467687722526 0.080016467694518048
0.025418352719810473 0.080004129459175857 0.10000000000447473
0.025404504240615525 0.080016467627292032 0.1199835324004965
0.02521313272505632 0.080401324508013558 0.13956330553360077
0.023867807179954209 0.080456341454559169 0.15775090481089152
0.024035986619275033 0.099999999988397537 0.045163979010008466
0.025367106300421022 0.099999999991762734 0.060096793077254844
0.025418352716272897 0.099999999998592201 0.080004129471665811
0.025421671621763283 0.09999999999966265 0.10000000000090785
0.025418352725256031 0.099999999999253519 0.11999587056693785
0.025367106588025878 0.099999999987815114 0.139903208180084
0.024035998973339617 0.099999999984831889 0.15483607312070768
0.023867799243195788 0.11954366023116982 0.04224911772347939
0.025213131883477499 0.11959867304492863 0.060436697544632142
0.025404504200064664 0.11998353227985678 0.080016467714625714
0.025418352716028825 0.11999587052581674 0.10000000000400523
0.025404504233954996 0.11998353234892119 0.119983532389425
0.025213132543281273 0.11959867502522088 0.13956330510756212
0.023867806493544086 0.11954365694042819 0.15775090470529796
0.024044887829103127 0.13840177134545661 0.06159822777364455
0.025213131833911627 0.13956330217088522 0.080401327146435872
0.025367106289706953 0.1399032067933465 0.10000000002381854
0.02521313210782343 0.13956330297774566 0.11959867377857804
0.024044891216136476 0.13840177490467342 0.13840178087833693
0.023867799657860709 0.15775087986253708 0.080456339406296457
0.024035987944347317 0.15483601566078362 0.10000000003513175
0.0238678007366411 0.15775088010535701 0.11954366368682828
0.044308272145789557 0.042743077896308303 0.080489372993940628
0.04463700273804326 0.046375921020768346 0.10000000010115218
0.044308273738595583 0.042743077045862679 0.11951063446829578
0.044468295382887477 0.061923442899272749 0.061923444630207998
0.045251739392439455 0.060501758184380229 0.080457725628129861
0.0453774705910178 0.060118382543813603 0.10000000005820928
0.045251739819618192 0.060501756259793711 0.11954227655483884
0.044468300081717281 0.061923434255656544 0.13807657366439058
0.044308270371781582 0.080489367477750512 0.042743091646621413
0.045251739261302701 0.080457725935625737 0.060501758955972609
0.045406757992788337 0.080018808235728101 0.080018808249325613
0.045418677377300022 0.080004801681330284 0.10000000000982356
0.045406758037305421 0.080018808104560232 0.11998119194720409
0.045251740216987336 0.08045772181252453 0.13949824629517454
0.044308277300934049 0.080489368426080218 0.15725694562638248
0.04463699837982011 0.099999999966702793 0.04637595344719387
0.045377470452390468 0.099999999980195695 0.060118383342176784
0.045418677371884257 0.09999999999677571 0.08000480170898186
0.045421687539286319 0.099999999999239267 0.10000000000183232
0.045418677383280384 0.099999999994438177 0.11999519836755161
0.045377470744628133 0.099999999959571317 0.13988161882893702
0.04463700698004433 0.099999999940919126 0.15362412823618965
0.044308269030102307 0.11951062850695314 0.042743092047072113
0.045251738938171297 0.11954227297918313 0.060501759948794621
0.045406757974612071 0.1199811916929998 0.08001880829571531
0.045418677370782701 0.11999519828588494 0.10000000000801668
0.045406758007407205 0.11998119180241169 0.11998119187520655
0.045251739551987205 0.11954227649027745 0.13949824470365157
0.044308274559279943 0.11951062524195734 0.15725694504489132
0.044468291853550786 0.13807654859260324 0.06192344964829518
0.045251738807900413 0.139498239520883 0.080457727393357728
0.045377470394257394 0.13988161645065775 0.10000000004796732
0.045251738989237802 0.13949824100137664 0.11954227431121253
0.044468294028755725 0.13807655513649206 0.13807656594666123
0.044308266422123897 0.15725690531265654 0.08048937218204423
0.044636993917358904 0.15362404076082126 0.10000000008625658
0.044308267015135801 0.15725690601239317 0.11951063352951259
0.064491877176652418 0.042693166980742318 0.080465688873072108
0.064974373307187874 0.046315471293449165 0.10000000022426751
0.064491879384555542 0.04269316528098472 0.11953432392347818
0.064604019258088605 0.061908615266619706 0.061908618778049693
0.065268266330293506 0.060480488950984033 0.080437271481064346
0.065383912192629512 0.060112751511316911 0.10000000009942929
0.06526826689782661 0.060480485660033237 0.11956273223488334
0.06460402512521049 0.061908600819263401 0.13809141101952252
0.06449187070795806 0.080465680853968907 0.042693189448607095
0.065268266022315918 0.08043727214364832 0.06048049038041084
0.065407739367857654 0.08001672139537204 0.080016721419591694
0.065418874667504567 0.080004283150243369 0.10000000001660604
0.065407739411746407 0.080016721178974418 0.11998327889952022
0.065268267087200377 0.080437265294425728 0.13951951797046896
0.064491877794958977 0.080465675096049682 0.15730685865866773
0.064974359758247502 0.099999999930655586 0.046315525192499929
0.065383911981639661 0.099999999963541433 0.060112752824895088
0.06541887466057586 0.099999999994197342 0.080004283196954074
0.065421702780913443 0.099999999998545822 0.10000000000290291
0.065418874671611157 0.099999999985659949 0.11999571691304087
0.065383912250555412 0.099999999874309548 0.13988725015197137
0.064974370476923865 0.099999999508800716 0.15368457880854333
0.064491869574353322 0.11953431083944276 0.042693190266306323
0.0652682657407304 0.11956272566016347 0.06048049241233272
0.06540773934601575 0.11998327847746494 0.080016721503613372
0.065418874659500803 0.11999571679251395 0.10000000001199164
0.065407739363184253 0.11998327863530218 0.11998327873559073
0.065268266558996577 0.11956273087048469 0.13951951427225948
0.064491874752490963 0.11953431038582329 0.15730685585122195
0.064604015948083598 0.13809136758627485 0.061908629488159408
0.065268265709567896 0.1395195066860852 0.080437274962752339
0.065383911971810746 0.13988724680570558 0.10000000007121901
0.06526826639773356 0.13951950917428108 0.1195627278420073
0.064604022759160537 0.13809137897376117 0.13809139416978139
0.064491871352803973 0.15730680276367193 0.080465689279190927
0.064974363188729678 0.15368446211498807 0.10000000016698227
0.064491874220620041 0.15730680407010222 0.11953432051741253
0.084563729237692647 0.042310621048280879 0.080428514892017466
0.085101931122628469 0.045544815101495016 0.10000000050755471
0.084563726140812631 0.042310618192316775 0.11957149768146604
0.084659666238155726 0.06171097581378799 0.061710982230830914
0.085274606006554954 0.060416570623403311 0.08038108557014452
0.085386018317453932 0.060092365916116983 0.100000000115945
0.085274605218161964 0.060416567452264092 0.11961891819208796
0.084659659516322261 0.061710965942127931 0.13828905169814204
0.084563726530410305 0.080428501205202896 0.042310659702917995
0.0852746057608397 0.080381086836975826 0.060416573062799614
0.085407895288727442 0.080013424131332028 0.080013424171411232
0.085418911776637976 0.080003346836314368 0.10000000001967593
0.085407895332516873 0.080013423866706651 0.11998657624767151
0.085274606266134825 0.080381078157262129 0.13958343742054302
0.084563727363557648 0.08042849752444442 0.15768939464883766
0.085101924050444103 0.099999999886485794 0.045544906794587725
0.08538601812971687 0.099999999947281815 0.060092367881758542
0.085418911771747361 0.099999999990602037 0.080003346899846797
0.085421703053681297 0.099999999997600869 0.10000000000395534
0.085418911809343634 0.09999999996542272 0.11999665323102532
0.085386018381954837 0.099999999671334119 0.13990763561556646
0.085101934450343072 0.099999996377928793 0.15445522675181733
0.084563725578225515 0.11957148740937019 0.042310660770304848
0.085274605465333497 0.11961891017075818 0.060416575808654185
0.085407895259626332 0.11998657568271448 0.080013424292870727
0.085418911766569947 0.1199966530818356 0.1000000000099468
0.085407895234872591 0.11998657579395419 0.11998657590946142
0.085274604308256979 0.11961891534478207 0.13958343101267304
0.084563710781706755 0.11957147475525409 0.15768937686942114
0.084659662661989155 0.13828899939290956 0.061710996559909921
0.085274605210577475 0.13958342307136418 0.080381090659937121
0.085386018028444755 0.13990763172487794 0.10000000005279636
0.085274604092504758 0.13958342593524453 0.11961891248968611
0.084659650200885839 0.13828901301641622 0.13828902886806885
0.084563720365245704 0.15768933458497511 0.080428514007910387
0.085101913713710231 0.15445508076768399 0.10000000022130508
0.084563716294771302 0.15768933619330658 0.11957149773133056
0.10455861005098306 0.041902940078260849 0.080370982674573807
0.10508398452526978 0.044634885482951796 0.10000000098502279
0.10455861009344197 0.041902935672726661 0.11962902061571973
0.10466609256428042 0.061443496007460095 0.06144350885983757
0.10527505442926863 0.060344193163160961 0.080317051663780323
0.10538525258444087 0.060071291670812828 0.10000000013263263
0.10527505492805687 0.060344192610183957 0.11968294969022227
0.10466609834179263 0.061443509894097435 0.13855651994194507
0.1045585928089916 0.08037096668885868 0.041902994529214851
0.10527505327410028 0.080317054226425891 0.06034419739820452
0.10540773491368466 0.080010479149026426 0.080010479197949458
0.10541887547218479 0.080002530356695842 0.10000000002158076
0.10540773525749274 0.080010478873110136 0.11998952131848643
0.10527505595270703 0.080317043885029624 0.13965581504379265
0.1045586014231578 0.080370965248103915 0.15809705938840377
0.10508395291328072 0.099999999848146767 0.044635021692869439
0.1053852524733645 0.099999999976296466 0.060071294431896648
0.10541887552496965 0.099999999992968117 0.080002530388938495
0.10542169733009014 0.099999999993402769 0.10000000001698708
0.10541887664985394 0.09999999992562178 0.11999746987075673
0.10538525595680061 0.099999999419228575 0.1399287096406866
0.10508395867445487 0.099999991329277269 0.15536513136402763
0.10455859376659497 0.11962902113041814 0.041902995689717969
0.10527505338499087 0.11968294249557868 0.060344200382282116
0.10540773490782268 0.11998952060305373 0.080010479378017224
0.10541887551604268 0.11999746953840225 0.10000000001196313
0.10540773533294491 0.11998952062370098 0.1199895208120987
0.10527505537476189 0.11968294456072263 0.13965580363427832
0.10455860184913439 0.11962898223598768 0.15809701795084144
0.10466609264692137 0.13855647272036234 0.06144352394875386
0.10527505403756798 0.13965579871515177 0.080317058246122688
0.1053852524154876 0.13992870518044892 0.099999999993610478
0.10527505335767501 0.13965579687461652 0.11968294023191471
0.10466608972490235 0.13855645575788425 0.13855647946601554
0.10455860816780981 0.1580969994766159 0.080370978702498402
0.10508398090262297 0.15536497113036224 0.10000000027348299
0.10455860336742072 0.15809700052522213 0.1196290160957596
0.12452128792425782 0.041544331093814738 0.080306911829356675
0.1250152991965835 0.043808215505242491 0.10000000056075618
0.12452128285020424 0.041544328886901405 0.11969308855880706
0.12463338541411936 0.061169905540371008 0.061169935736792108
0.12527171262654946 0.060279266853719558 0.080258472528310407
0.12538365702543958 0.060055160739850622 0.10000000020076344
0.1252717116954376 0.060279266202579361 0.11974152901908346
0.12463336461549376 0.061169923448786308 0.13883008830632551
0.12452127365603728 0.080306891786411205 0.041544429588375321
0.12527171314661512 0.080258458406034489 0.060279255584562916
0.12540747294713703 0.080008252610895281 0.08000825264884294
0.12541882229438045 0.08000195786636953 0.10000000005489454
0.12540747480237963 0.080008257608231215 0.11999174260199374
0.12527171205938881 0.080258468481632594 0.13972073661718515
0.12452125528667676 0.080306882076195588 0.15845562529380158
0.12501528443999449 0.099999999629814665 0.04380844584276878
0.12538368263901134 0.10000002974461851 0.060055105620778378
0.12541882228217083 0.10000000001568654 0.080001957787616582
0.12542169157928368 0.099999999977793533 0.10000000006186371
0.12541883861238681 0.099999999135791856 0.11999804771282488
0.12538383073672582 0.099999998103902282 0.13994486248872148
0.12501525513826484 0.099999996659876814 0.15619168359778507
0.12452127588461531 0.11969310112792785 0.041544430054534391
0.12527171189845135 0.11974151902840459 0.060279277635904308
0.12540747328959517 0.11999174173421676 0.080008258284496911
0.12541882254010328 0.11999804218497676 0.10000000025267866
0.12540748017157002 0.11999174735382775 0.1199917476752347
0.12527171415885671 0.11974152503775698 0.13972073074269997
0.12452123607983964 0.11969309238667364 0.1584556189120393
0.12463339038889468 0.13883006718279167 0.061169943937618564
0.12527171134269077 0.13972072608675387 0.080258478542880041
0.12538365843385951 0.13994483649241898 0.0999999999925065
0.12527171352995212 0.13972072342445949 0.11974151966128223
0.12463338148594769 0.13883004624361203 0.13883007157343874
0.12452128986567826 0.15845561263311331 0.080306909457447881
0.12501529409280407 0.15619164925003029 0.10000000008656285
0.12452129225559165 0.15845561278385217 0.11969308125432818
0.14446922869905607 0.041282584715859466 0.080260513023643551
0.14493030829088416 0.043185926739814182 0.10000000070446262
0.14446923871185943 0.04128258282989853 0.11973948411377522
0.14458175519631924 0.060962036487250258 0.060962080405798612
0.14526713747461156 0.060233285957619391 0.080216551546125378
0.1453821306977347 0.060044834080318008 0.10000000039516546
0.14526714034379745 0.060233285962602627 0.11978344905102864
0.14458175608474519 0.060962066776139912 0.13903788373861833
0.14446922303282125 0.080260499933408475 0.041282697045044045
0.14526713459279511 0.080216562785985365 0.060233298637224486
0.14540721303618062 0.080006860836220176 0.08000686006803634
0.145418777272007 0.080001616346685817 0.10000000077190963
0.14540722089963123 0.080006852852028396 0.11999314693817266
0.1452671387530412 0.080216562263195651 0.13976669983266238
0.14446917430032091 0.080260500496573267 0.15871728835713533
0.14493030141374161 0.099999999982061216 0.043186197644904355
0.14538213075235204 0.10000000009764576 0.060044835047952126
0.14541877547044568 0.099999999960071889 0.080001617774303799
0.14542168716601406 0.099999999942872606 0.1000000000484336
0.14541878616131221 0.099999999390960562 0.11999838385270609
0.14538220144806863 0.09999999970513046 0.13995516487915877
0.14493022531880881 0.099999999108585175 0.15681376302223668
0.1444692294156992 0.11973950522519515 0.041282697142875018
0.14526713836528765 0.11978343993782192 0.060233297681736422
0.14540721393132885 0.11999313961982394 0.080006860482007031
0.14541877546644646 0.11999838205800806 0.10000000001993234
0.14540721487869768 0.11999313960571736 0.11999313963574759
0.14526713685363207 0.11978343846035187 0.13976670140644026
0.14446917654139677 0.11973950807239421 0.15871728666747908
0.1445817768149654 0.13903796366132401 0.0609620699782987
0.14526714130413421 0.13976671266219243 0.080216552813437203
0.14538213119077889 0.13995516443815398 0.10000000001465333
0.14526713988603282 0.13976671174323116 0.11978344678800101
0.14458175917952035 0.13903795939889671 0.13903792414041358
0.14446927294766362 0.15871739935910811 0.080260511740724863
0.1449303892748289 0.1568140455144216 0.099999999993336613
0.14446927200051995 0.1587173992201466 0.11973948519694351
0.16442512139937593 0.041118673145439842 0.080235598263989197
0.16485898447442052 0.042787584948222865 0.10000000097565663
0.16442511615268288 0.041118669790672205 0.11976442240598592
0.16453697045301191 0.060833962940052576 0.060834002407102322
0.16526338394932502 0.060206304015226059 0.080191867056094837
0.16538106987599976 0.060039082875496294 0.10000000046743193
0.1652633842660288 0.060206296989773866 0.11980813993780612
0.16453694712844608 0.06083396489258406 0.13916593436121638
0.16442515586607254 0.080235598953252982 0.041118757165960571
0.16526337762447804 0.080191886789054076 0.060206326153457099
0.16540704332048739 0.080006084736511066 0.08000608451600455
0.16541874828156167 0.080001443933811464 0.10000000004976833
0.16540710529125885 0.080006110798580055 0.11999388939472277
0.1652633835288817 0.080191881863857117 0.13979367590015282
0.16442510583931569 0.0802355598246106 0.15888109767219658
0.16485904470007418 0.10000000096619613 0.042788014242592487
0.16538109351545835 0.10000000986301555 0.060039058355632308
0.16541874544428051 0.09999999979976118 0.08000144437921998
0.1654216847113871 0.099999999875443182 0.10000000000667908
0.16541875771202991 0.1000000001635741 0.11999855739189616
0.16538118351168343 0.10000001673717564 0.13996109342032512
0.1648590049159542 0.099999999326790018 0.15721187523639421
0.16442516971790325 0.11976443459639713 0.041118752621750604
0.16526338752326591 0.11980813214900196 0.060206308132267676
0.16540703397093839 0.11999386836839919 0.080006131749013762
0.16541874524124306 0.11999855522173815 0.10000000001449974
0.16540703461422676 0.11999386826911726 0.11999386819662648
0.16526338490021472 0.11980811688648525 0.13979367506573639
0.16442511996461598 0.11976444806249836 0.15888109577342313
0.16453699929884955 0.13916609857943257 0.060833953243061678
0.16526338794458093 0.13979370795640642 0.080191856589271707
0.16538105673595146 0.13996089860628591 0.10000000008876615
0.16526338738297719 0.13979370513131409 0.11980813979157173
0.16453697616641402 0.13916608369573608 0.13916597922700522
0.16442518704899386 0.15888145814061178 0.080235623449585763
0.1648591193271271 0.15721274049574882 0.10000000004962691
0.16442518393936889 0.15888145738626622 0.11976436451862604
0.1843958831688724 0.041028817004554602 0.080226027622037455
0.18481114124028442 0.042566060345354151 0.099999999555401425
0.18439576241106437 0.041028844125947692 0.1197739200431483
0.18450796747499626 0.06076863276418086 0.06076864183616517
0.18526111161214881 0.060192827431239104 0.080179623114465734
0.18538045471078171 0.060036236221099666 0.099999994454450555
0.18526113048989595 0.060192873825623563 0.11982035017919784
0.18450789812833746 0.060768684510133779 0.1392312144186989
0.184395920161285 0.080226076728927495 0.041028763217473514
0.18526105089265923 0.080179650301934788 0.060192872488012084
0.18540693783216727 0.080005803121686217 0.080005803246928187
0.18541873956270036 0.080001365886885917 0.09999999986354649
0.18540695700045881 0.08000579095215872 0.11999420806705557
0.18526116543648746 0.080179629794365367 0.13980711233678408
0.18439587786253514 0.080226075737455285 0.15897100581682333
0.18481127067876441 0.10000000124763116 0.042565989990671439
0.18538043487448316 0.10000000045394748 0.060036253115427617
0.18541873008805809 0.10000000001984348 0.080001366251203396
0.18542168353309146 0.099999999970483505 0.10000000001381525
0.18541873267155884 0.099999999488578864 0.11999863483097849
0.18538045808354997 0.09999999918482938 0.13996374593041941
0.18481119570674776 0.1000000041698927 0.1574334937196874
0.18439595281915885 0.11977399165177029 0.041028743722554162
0.18526106611050391 0.11982038842154381 0.060192865581849227
0.18540693798017241 0.11999419734635423 0.080005802987230548
0.1854187295368514 0.119998633898372 0.10000000003771249
0.18540693823205173 0.11999419727494597 0.11999419629907276
0.18526105795423248 0.11982035573861509 0.13980709590368745
0.18439588712367991 0.1197739761917332 0.15897100968859684
0.18450801696048896 0.13923150988352426 0.060768560876993082
0.18526107144906426 0.13980715658381279 0.080179597018653653
0.18538043757035638 0.13996375912022022 0.10000000034882593
0.18526107888316706 0.13980716110516714 0.11982040581261597
0.18450801055403904 0.13923151885972931 0.13923128563144679
0.18439603035148261 0.15897154688888177 0.080226089089128913
0.18481141437252963 0.15743484447694006 0.10000000043068367
0.18439606284038335 0.15897154790406368 0.11977392804576119
0.20438020309530974 0.040985264774868004 0.080224112224783442
0.20478441226130545 0.042457483925034525 0.099999998297986517
0.2043801551856271 0.040985277760313701 0.11977574829015493
0.20449327045500276 0.060740591339167704 0.060740536954277037
0.20525994579722714 0.060187141717278105 0.080174457580242692
0.20538017905064709 0.06003495497311221 0.099999998561009829
0.20526004582267723 0.060187156101183782 0.11982552779958451
0.20449326399277065 0.060740735820953184 0.1392592534096283
0.20438023578037881 0.08022420042389522 0.040984955438631766
0.20525993236300799 0.080174471296090469 0.060187115354061738
0.20540689556361885 0.080005670847798235 0.080005670522725128
0.20541872628348889 0.080001333782189626 0.1000000000382207
0.20540690250086871 0.080005667060915039 0.11999433261612748
0.20525994118620192 0.080174497291278304 0.1398128097220499
0.20438024670157018 0.080224203042137773 0.15901461136074224
0.20478456405161016 0.10000000114942338 0.042456923474669124
0.20538012287435861 0.10000000091919822 0.060034951011984777
0.2054187228957805 0.1000000002040627 0.080001333621214948
0.20542168277216352 0.10000000001274535 0.10000000000351313
0.20541872385527038 0.099999999905891118 0.11999866603987529
0.20538012826462426 0.0999999913438646 0.13996505811531723
0.20478452776882811 0.099999974691584032 0.15754209323277271
0.20438029874893632 0.11977593833012866 0.04098501236127837
0.20525994559513561 0.11982558615976785 0.06018709135998878
0.20540689643492366 0.11999433282370683 0.08000566823339135
0.20541872473333728 0.11999866719184264 0.099999999866487999
0.20540689686240993 0.11999433160299201 0.11999432979779547
0.20525994154984617 0.11982552911786051 0.1398128255606006
0.20438026357520561 0.1197758792144914 0.15901461592855035
0.20449343627254066 0.13925983863466274 0.060740419706734182
0.20525997084740683 0.13981296298504867 0.080174355327892771
0.20538013020391596 0.1399650683058587 0.099999999637197703
0.20525995277145309 0.13981295438617555 0.11982563359709436
0.20449335555531711 0.13925979277770192 0.13925932962396306
0.20438026980569815 0.15901546395366284 0.080224048815020654
0.20478463445842549 0.15754423654238972 0.099999999384912164
0.20438035459100659 0.15901546062914884 0.11977592387732554
0.22437300458075535 0.04096584172189692 0.080224533292574826
0.22477148323280627 0.042408720671258469 0.099999998722191744
0.22437305676277791 0.040965846471819133 0.11977535750845678
0.22448705320540971 0.060729716396174895 0.060729584333720096
0.22525950701232639 0.060184912377823301 0.080172464438991953
0.22537999084671989 0.060034406532606145 0.099999999344608334
0.22525948082064537 0.060184925059614543 0.11982750811924693
0.22448711521435386 0.06072983894316604 0.13927019269158647
0.22437307645429166 0.080224608448723381 0.040965423258425476
0.22525950889864124 0.080172435779407483 0.060184873652079675
0.22540690641298061 0.080005617720968508 0.080005617273808602
0.22541872731205695 0.080001320540086698 0.10000000016790116
0.22540695332148322 0.080005570844874363 0.11999442968531844
0.22525958902192636 0.08017247994332441 0.13981512054892603
0.22437295527327014 0.080224588865471222 0.15903413097044033
0.22477154360279145 0.099999998095086251 0.042407786115990088
0.22538001708851302 0.10000000028884946 0.060034387320262693
0.2254187250124062 0.099999997621435632 0.080001317109871101
0.22542168535592758 0.099999999885501345 0.099999999884834559
0.22541873664370907 0.099999995777729334 0.1199986867889522
0.22538011779662429 0.10000000350457613 0.13996565214669648
0.22477160282625855 0.099999943058890484 0.15759073193324308
0.22437309555212703 0.11977562549181062 0.040965449023221336
0.22525946930665214 0.11982761513017237 0.060184820019600953
0.22540694681795134 0.11999440741930423 0.080005594013338524
0.22541874801163403 0.11999868614489659 0.099999996660990256
0.22540689787639753 0.11999438689518363 0.1199943854964782
0.22525948405919635 0.11982755741945364 0.13981514389696553
0.22437280242922047 0.11977557915538742 0.1590341193394513
0.22448699524123547 0.13927105088332351 0.060729417687691231
0.22525952612303093 0.13981532483198358 0.080172250724704935
0.22538022925919951 0.13996563658978634 0.09999999794441107
0.22525974637429169 0.13981521470255803 0.1198276388162636
0.22448685569932816 0.13927072994294487 0.13927036954845176
0.22437285543255939 0.15903502186389987 0.080224117748640647
0.22477145382134137 0.15759323489109003 0.099999991710671754
0.22437285609813362 0.15903499823805992 0.11977549002700541
0.24436994824528269 0.040957644793356819 0.080225151687492155
0.24476580076902407 0.042388484929183519 0.099999992845202043
0.24437001951885184 0.040957637042888302 0.11977480123048377
0.24448463695679851 0.060725668832998986 0.060725506880391161
0.24525935252784833 0.060184029779620625 0.080171712705275053
0.24538007034129261 0.060034099654962744 0.099999991915012701
0.24525931021573616 0.060184076238171458 0.11982826499432371
0.24448466779917816 0.060725702772679101 0.13927424762672597
0.24436996084668378 0.080225204158649657 0.040957194448374826
0.245259390921682 0.080171698942843095 0.060183978491124022
0.24540691334509662 0.080005575915271576 0.080005574885684633
0.24541872864626957 0.080001313855969355 0.10000000027535633
0.24540690113645997 0.080005600255876982 0.11999439973273106
0.24525941879394672 0.080171741817574263 0.13981591628992407
0.24436997618993933 0.080225198882671461 0.15904227263626725
0.24476566435825592 0.099999991347272735 0.042387383636652481
0.24537998684740975 0.099999992584774502 0.060034059734219859
0.24541872340061302 0.099999998466407392 0.080001311766690925
0.24542168677966331 0.099999999694939654 0.099999999416077942
0.24541873405151057 0.10000000222801517 0.11999869392899735
0.2453800274450999 0.099999998692276271 0.13996589834525924
0.24476575481807591 0.10000000271172096 0.1576117138663552
0.24437002979157374 0.11977509135690259 0.040957147065392531
0.24525928283089093 0.11982838862140048 0.060183928538681535
0.24540690296342804 0.11999440418442898 0.080005596079651339
0.24541874850386625 0.11999869006924309 0.09999999803085971
0.24540693701136654 0.11999440060550333 0.11999442724273034
0.24525938684452853 0.11982831056808739 0.13981596272443983
0.24436996773482134 0.11977499969706022 0.15904228100845874
0.24448443107339896 0.13927492680609163 0.060725172068781363
0.24526004186147277 0.13981611494467289 0.080171574200944437
0.24538013974477987 0.13996586103061498 0.099999994524537311
0.24525959519067167 0.13981606782158168 0.11982829614539205
0.2444845151287951 0.13927457333676144 0.13927445477881378
0.24436930728360967 0.15904304617295772 0.080224900153347184
0.24476549380806303 0.15761349465616029 0.099999996092510313
0.24436968696334183 0.15904306509573188 0.11977473233516867
0.26436896381440694 0.040954074750359393 0.080225559070940755
0.26476359087115703 0.042379008524660845 0.1000000028677675
0.26436924547678631 0.040954065172109561 0.11977470579513416
0.26448389570485753 0.060724052517159115 0.060723908625501082
0.26525922657038431 0.060183726404811802 0.080171425079457834
0.26537990057355931 0.060034084171859826 0.10000000158736462
0.26525929260319214 0.060183660518108799 0.11982863788358164
0.26448421682692286 0.06072379252978035 0.13927582744813255
0.26436891419549458 0.080225536999333352 0.040953829613270848
0.26525922625137721 0.080171394771876181 0.060183686848767577
0.26540686905941901 0.08000559472812506 0.080005594152194659
0.26541871966360908 0.080001313359434986 0.099999999967643458
0.26540687173044286 0.080005593596191277 0.11999440534787428
0.26525924203225376 0.080171448219480204 0.13981624523706984
0.26436896151983358 0.080225518687238415 0.15904562923422572
0.26476345630314119 0.10000000291667489 0.042378400493350184
0.26537989578215987 0.10000000160181784 0.060034071748964239
0.26541872184807125 0.09999999995485695 0.080001313485193695
0.26542168524402415 0.10000000010056748 0.099999999851534224
0.26541872721597454 0.099999999845222537 0.11999868691379087
0.26538006949325071 0.10000000467096296 0.13996595363246295
0.26476345958640463 0.10000000505145212 0.15762027913402868
0.26436887275530696 0.11977467740385707 0.040953818925443093
0.26525921497177768 0.11982865967501462 0.060183635451051258
0.26540687449525285 0.11999440821992963 0.080005591917822375
0.26541873788312226 0.11999869072775053 0.099999997751243408
0.26540688845418309 0.1199944103923338 0.11999440284188105
0.26525921324851365 0.11982856584823644 0.13981626016595863
0.26436890149589715 0.11977456864680076 0.15904563396557989
0.26448381788736086 0.1392760755743476 0.060723686771606555
0.26525928820677847 0.1398163106625466 0.080171402310597953
0.26538011647986631 0.13996597811971781 0.099999998945306173
0.26525923796517464 0.13981632085848927 0.11982853998228328
0.26448391698955193 0.13927609007152478 0.13927593236924146
0.26436866446731971 0.15904616828608459 0.080225543660901635
0.26476333550452108 0.15762129270040445 0.10000004516757649
0.26436879246723877 0.15904620369931266 0.11977444501579348
0.28436852309381305 0.040952395285753757 0.080225817414468964
0.28476266097994229 0.042374785754658348 0.10000000735900895
0.28436848107043933 0.040952363764771092 0.11977506840024707
0.28448360551296975 0.060723370677370318 0.06072323851248386
0.28525920551124173 0.060183577091741457 0.080171296448481422
0.28537988964173344 0.060034039343879644 0.10000000418070608
0.28525918897862818 0.060183352116131912 0.11982892808139659
0.28448361467247435 0.060722491261392925 0.1392766782170301
0.28436843739333778 0.080225713425587722 0.040952338041088443
0.28525920665823157 0.080171267575034746 0.060183542347913802
0.28540686755161104 0.080005591685268052 0.0800055912288168
0.28541871790801748 0.080001312927913321 0.10000000053328276
0.28540687659352448 0.080005584707931288 0.11999441389100615
0.28525926279717462 0.080171270065267017 0.13981645651718252
0.28436865295870745 0.08022561466787724 0.15904734003213894
0.28476248141981308 0.10000000120054155 0.04237464560319195
0.28537989788643897 0.10000000080653905 0.060034032722559534
0.2854187231602518 0.1000000004548136 0.080001312573863531
0.28542168584502481 0.099999999810864076 0.10000000009053088
0.28541873128383449 0.099999996225682231 0.11999869252737548
0.28538002183689815 0.10000000029410905 0.1399659944969274
0.28476281260958508 0.1000000050397529 0.15762456404980335
0.28436840930048535 0.11977439002007742 0.040952332354195556
0.2852592111023301 0.11982875933601078 0.060183517988146203
0.28540687879491722 0.11999441186915041 0.080005588589197693
0.28541873517879057 0.11999869085766805 0.099999999960373606
0.28540691528378709 0.11999442437979402 0.11999442446362944
0.2852593005775938 0.1198287253744708 0.13981645211738963
0.28436846159251766 0.11977439348918197 0.15904735159821212
0.28448359785647681 0.13927680918280982 0.060723129431486118
0.28525926483414643 0.13981648353836026 0.080171253771924342
0.28538015691412844 0.13996625330417828 0.10000000773829125
0.28525938563196079 0.13981662974746709 0.1198287623695739
0.28448367741560771 0.13927683610606684 0.13927670992029439
0.28436850297513527 0.1590475047138756 0.080225586829086426
0.28476259131375525 0.15762496891378647 0.099999996502566968
0.28436843936431394 0.15904766274931972 0.11977441534508908
0.30436846149223784 0.040951422708582583 0.080225928309651404
0.30476243642238737 0.042372353292495758 0.10000000782467229
0.30436859432365404 0.040951425108805999 0.11977483189008337
0.30448363201092971 0.060722938424559496 0.060722762322374349
0.30525921166678749 0.060183476583265075 0.080171208009585465
0.30537992131871289 0.060033978136756573 0.099999999864839956
0.30525925645755475 0.06018331503947924 0.11982895392333867
0.30448384206453755 0.060722178918825892 0.13927737141636634
0.30436864126389546 0.080225753875746708 0.040951416189035098
0.30525922624234902 0.08017116913403867 0.060183429365494277
0.30540686865970235 0.080005589004970346 0.080005588377724049
0.30541872045042501 0.080001306121569679 0.099999998516167449
0.30540688115499048 0.080005573785385267 0.1199944235990088
0.30525923850980208 0.080171125788698144 0.13981660548784128
0.3043687189273025 0.080225650798236472 0.15904868320362009
0.30476277498586196 0.10000000861979698 0.042372311706912621
0.30538009099125463 0.10000000026676836 0.060033948677987677
0.30541872290175498 0.10000000009886779 0.080001311604323014
0.30542168705142619 0.099999999704268538 0.09999999969055498
0.30541872402631798 0.09999999991973782 0.11999868871537143
0.30537991864952418 0.099999999381771884 0.13996599896731574
0.30476284224976263 0.099999998926111611 0.15762791467476941
0.30436846214837859 0.11977437400937202 0.04095139966789639
0.30525920868843814 0.11982886359369421 0.060183394599279939
0.30540687918436127 0.11999441434007467 0.080005585338823557
0.30541873060382219 0.11999868963030347 0.099999999658228672
0.30540694870540513 0.11999442445434867 0.11999442236111325
0.30525921597813738 0.11982886537156555 0.13981660856279662
0.30436867350192615 0.119774323319411 0.15904868281641193
0.30448375864376914 0.13927733827548225 0.060722617634764546
0.3052592356589573 0.13981659464665089 0.080171142337193219
0.30537994934769064 0.13996600484607052 0.099999997676980326
0.30525936896402828 0.13981663541800207 0.1198288841466207
0.30448375958638996 0.13927739418169938 0.13927737854169103
0.30436867919223265 0.15904864908796737 0.080225696525211221
0.30476284117642199 0.15762785835208731 0.10000000330707458
0.3043686455184309 0.15904866759961653 0.11977434447380811
0.32436855959720345 0.040950461102879414 0.080225957617017285
0.32476260675604263 0.042370131199632684 0.099999979117022339
0.32436840336712747 0.040950463925571709 0.11977520631061467
0.32448369568104207 0.060722438976197765 0.060722122492230399
0.3252592267274026 0.060183352359247044 0.080171093253898526
0.32537997185665418 0.060033900822660032 0.099999994438395939
0.3252592583603906 0.060183027808601769 0.11982924366403667
0.32448362347733267 0.060721257301695718 0.13927814125666754
0.32436864921860975 0.080225891753298029 0.040949945852784234
0.32525923894034448 0.08017102363715381 0.060183260233147212
0.32540687048574585 0.080005585079579458 0.080005583888295234
0.32541872714529768 0.080001305729149957 0.099999998941767115
0.32540688102883425 0.080005560427514638 0.11999447594099934
0.32525926027508112 0.080170902388184209 0.13981684902182356
0.32436874530639564 0.080225736941741344 0.15905020761052419
0.32476273768336056 0.099999998001296692 0.042368822616532131
0.32537991469553695 0.10000000225028149 0.06003395472618573
0.3254187225885054 0.10000000032286516 0.080001310453571256
0.32542168552021888 0.1000000003045511 0.10000000003245103
0.3254187264723879 0.10000000033641974 0.11999868998681931
0.32537995932214575 0.099999998530396983 0.13996605194352016
0.32476310376684847 0.10000000424733596 0.15763172106071666
0.32436863799255289 0.11977441114535849 0.040949948806756883
0.32525922234711369 0.11982906016139089 0.060183183684403313
0.32540687221499953 0.1199944205959247 0.080005579116980363
0.32541872201361433 0.11999869116437888 0.099999998266566581
0.32540687254773443 0.11999442035466358 0.11999442053790417
0.32525923551841179 0.11982905634844486 0.13981681919066394
0.32436885558130935 0.11977431525492088 0.15905023321178605
0.3244838226519231 0.13927816888460237 0.060721816247374182
0.32525926365691821 0.13981681491698877 0.080170942403152465
0.32537990747491291 0.13996605550869753 0.10000000531470896
0.32525925032253417 0.13981680774909769 0.11982904918786225
0.3244838064050069 0.13927816508571325 0.13927823302910006
0.32436894282852663 0.15905032408949546 0.080225746298443867
0.3247632279509774 0.15763192086827205 0.099999998488639386
0.3243687890652448 0.15905036406637998 0.11977420086353689
0.34436884161620551 0.040949054626726669 0.080226066703263418
0.34476324280163917 0.042366592006670534 0.099999976909798061
0.34436885890319835 0.040949099912753556 0.11977482895285083
0.34448395946867111 0.060721813668501427 0.060721150693488386
0.34525934950834891 0.060183174262528241 0.080170930751769717
0.34538002888103153 0.060033879973407284 0.0999999927364143
0.34525943748298665 0.060182872913088804 0.11982927526972299
0.34448406204289911 0.06072083792420712 0.13927918452770882
0.34436894955081548 0.080225593391730812 0.040948624860840548
0.34525933025559347 0.08017079760550723 0.060182952552053075
0.34540690671037866 0.080005561392044483 0.080005557415943743
0.34541874140003309 0.080001306746642409 0.099999999907780648
0.34540689893134902 0.08000557060062978 0.1199944304965581
0.34525949092073144 0.080170719423175718 0.13981706596060511
0.34436932141418808 0.080225977135599522 0.15905224189299977
0.34476299353264817 0.099999997059952064 0.042365769816071402
0.34538019962706618 0.10000001289617808 0.060033862467361261
0.34541873857179889 0.10000000300603089 0.080001303638455312
0.34542168649602573 0.099999999936879774 0.099999999820959612
0.345418733105474 0.10000000016450027 0.11999869595593399
0.34537996537824012 0.10000000197967253 0.13996611870564013
0.34476412312692201 0.10000010101709916 0.15763736594225902
0.34436915373639609 0.11977505731740526 0.04094880550479154
0.34525945793577895 0.11982935925746427 0.0601827950962718
0.34540691475826479 0.11999446376025909 0.080005533445793184
0.3454187325318937 0.11999869941735498 0.099999997672938337
0.3454068849115588 0.11999443977261719 0.11999443822320924
0.34525950474735118 0.11982959111847191 0.13981735990725691
0.34437037737780818 0.11977521990411856 0.15905267554325961
0.34448438429544154 0.13927928172115739 0.060720587472251376
0.34525944409706311 0.13981720278421192 0.080170589275615184
0.34538004446736753 0.13996639052031437 0.099999994479074622
0.34525959581244864 0.13981741438766049 0.11982963221612379
0.34448621426968179 0.13928049450624463 0.13928028893359837
0.34436915931494455 0.15905246023563652 0.080225587097026249
0.34476343903662326 0.15763677570520707 0.099999994545775461
0.34437037525778957 0.15905241526028624 0.11977550891747336
0.36436959566856891 0.040946310944883414 0.080226567683016725
0.36476476200074409 0.042359795049442435 0.09999998746736298
0.36436975362288043 0.040946312670552834 0.11977473494277377
0.36448372749783348 0.060720816516196728 0.060719896650285987
0.36525928552874604 0.060182920078926776 0.080170712288592336
0.36537993078594422 0.060033831569996934 0.10000000157987421
0.36525935184611075 0.060182592416004987 0.11982963351768919
0.3644841485315603 0.060719417150598906 0.13928117127653009
0.36436829929168735 0.080225073433452587 0.04094725538531338
0.3652594228543255 0.080170486659708606 0.060182630191935441
0.36540695115677285 0.080005534890198349 0.080005530261378674
0.36541873068391933 0.080001303365802537 0.10000000176367482
0.36540694376785332 0.080005552419557271 0.11999445258683833
0.36525954025474766 0.080170227081047762 0.13981760937325216
0.36436864107308486 0.080225631080060339 0.15905467723382183
0.36476221444106199 0.099999999196719341 0.042362821055732323
0.3653801677589183 0.099999995251902396 0.06003317757486528
0.36541874957424908 0.10000000051954777 0.080001290048290069
0.36542168708797479 0.099999999856936542 0.099999999840600429
0.36541874108472611 0.099999998285935088 0.1199987011233989
0.3653801255214994 0.099999985524732868 0.13996631748592289
0.36476296197428493 0.10000021229824202 0.15764372476841132
0.36436794034040287 0.1197762638487672 0.040947243494046805
0.36525934708328217 0.1198300394224789 0.060182096454256637
0.36540698625159473 0.1199945198745795 0.080005451115717316
0.36541874421390463 0.11999870397189653 0.10000000238801098
0.36540694874150975 0.119994506436225 0.11999450403391772
0.36525933152572071 0.11983031886230198 0.13981810548099938
0.36436827586828896 0.11977651962458513 0.1590556541755653
0.36448298686514763 0.13928048789497924 0.060718795753590134
0.36525956176607655 0.13981778816373408 0.080170139108307364
0.36538017228003128 0.13996632166822576 0.1000000121271787
0.36525929577407246 0.13981839967001092 0.11983057363220639
0.36448281681412342 0.13928395197689933 0.13928297789309019
0.3643682109705903 0.15905417849049852 0.080225124329211583
0.36476217715433568 0.15764062351670838 0.099999975206209651
0.36436772694065261 0.1590542338143914 0.11977813392971577
0.38437028012557428 0.040941482642784979 0.080227756115510473
0.38476614997764352 0.042347938935354441 0.10000002241831683
0.38437204910365269 0.040941458864842004 0.11977603110449217
0.3844837277482257 0.060719433742186545 0.060720071160780709
0.38525931696122789 0.060182542691507218 0.080170427281647055
0.38537995145656867 0.060033697489571616 0.10000003073033986
0.38525979860562648 0.060181593624104281 0.11983057679948296
0.38448764388399159 0.060715568357431117 0.13928431226571356
0.38436806326689671 0.08022553776602763 0.040946970564750204
0.38525947751296158 0.080170560282472783 0.060182734882335581
0.38540690986755938 0.080005520803421867 0.080005523179461149
0.38541872582840786 0.080001298835892007 0.10000000113430138
0.38540691162251156 0.080005510414131772 0.11999447935479252
0.38525974653168177 0.080169469395221224 0.13981835528663858
0.38437190631908708 0.080223569509897563 0.15905742422546806
0.38476217850496169 0.099999900901963493 0.042362151355670327
0.38537996104780031 0.10000000581528552 0.060033633879666461
0.3854187221511185 0.099999997495793927 0.080001300085226296
0.38542168318171249 0.099999999552110405 0.099999999895575731
0.3854187323848603 0.09999999519110557 0.11999870192247368
0.38538005747185605 0.099999981131886836 0.13996631386708439
0.38476554119743683 0.10000003492093082 0.15764987801183253
0.38436799670934235 0.11977524286396302 0.040947069099006334
0.38525915856366943 0.11982960678554323 0.060182606700502697
0.38540689335209743 0.11999448846400451 0.080005513700297418
0.38541871993606186 0.11999869487381425 0.099999999448675686
0.38540687160973741 0.11999444122505716 0.11999444054725145
0.38525923741936091 0.11982983260607666 0.13981782845287485
0.38436928441535106 0.11977397153242414 0.15905770956866966
0.38448306572154434 0.13928061526984967 0.060719419494349593
0.38525924107076837 0.13981743187737516 0.080170370876574304
0.38537988908260051 0.13996618086805923 0.099999997624618531
0.38525910370856714 0.13981754109127209 0.11982968571674496
0.38448213667760123 0.13928125453122966 0.13928167654302642
0.3843682205407995 0.15905427039386844 0.080225353105171066
0.38476185109828326 0.15764132481667018 0.099999938390983867
0.38436734559918467 0.15905399814751151 0.11977524131355677
0.40437088722005654 0.040935136369098693 0.080229213919486536
0.40476712803142179 0.042332618795316294 0.10000003883041148
0.40437294950674124 0.040935081230449116 0.11978139902773188
0.4044842034768919 0.060717559973625677 0.060719634101551824
0.40525938023956243 0.06018203338722064 0.080170033558424517
0.4053800587764797 0.060033475201165497 0.1000000752748927
0.40526002078447454 0.060179326254005794 0.11983277118147469
0.40448649991262042 0.060706919680257619 0.13928990442234876
0.4043687813076261 0.080225706155169371 0.040946021385968069
0.40525940240941938 0.080170396800877258 0.06018260933573992
0.40540687400270453 0.080005557069801003 0.080005564493443357
0.40541873331886086 0.080001285712278103 0.10000001475445774
0.40540696363954909 0.080005407519132835 0.11999457757357831
0.40525949268571981 0.080167901920558504 0.13981991060841259
0.40436967661870532 0.080220454981006009 0.15906314443518277
0.40476275115176613 0.10000002800780147 0.042359496199998417
0.40537989477257413 0.1000000031062709 0.060033840198268316
0.40541871850108313 0.10000000028829856 0.080001306815555881
0.4054216824418454 0.099999999480825857 0.10000000036957819
0.40541872226008585 0.099999992646256364 0.1199987031219186
0.40537995604264027 0.099999962833340991 0.1399665212429404
0.4047642630956641 0.099999901719976095 0.15766184292454102
0.40436871724294687 0.11977463053849526 0.040946020000140831
0.40525925398534679 0.11982960207521821 0.060182609486957507
0.40540686803807657 0.11999444272424996 0.08000556044106405
0.40541871784632622 0.11999869383247203 0.099999998738561233
0.40540686970086492 0.1199944342788546 0.11999443733501201
0.40525931776495044 0.1198298661300248 0.13981783684021293
0.40436948739598333 0.11977161013922394 0.1590629114338224
0.40448364820060112 0.13928132806763757 0.060719387572087516
0.40525924012001852 0.13981758998924379 0.08017023023295089
0.40537989391531354 0.13996619735994661 0.099999991347728509
0.40525928190868338 0.13981738597925045 0.11982956856984674
0.40448395368061757 0.1392807445462052 0.1392821238344987
0.40436889766171719 0.15905517336057015 0.080225247805899055
0.40476326020651104 0.15764370742940539 0.099999970778495761
0.40436903909291766 0.15905504934483203 0.11977405872209053
0.4243700645081262 0.04092919393087148 0.080229964490096548
0.42476453669513642 0.04231854013564712 0.10000004406074918
0.42436941456254973 0.040929127222835274 0.11978385455335804
0.42448472178421104 0.060715162734460364 0.060718134937349996
0.42525943180927051 0.060181405840132339 0.080169502047379881
0.4253801483957832 0.060033229080227464 0.10000008952442087
0.4252593556006713 0.060177956003472408 0.1198340256498282
0.42448325252539443 0.060701242823894302 0.13928969106690176
0.42436987600415349 0.080225662803211792 0.040943618768130664
0.42525938050946099 0.080170147232762667 0.060182320647792636
0.42540688488298689 0.080005539258034553 0.080005546088344912
0.42541874036312516 0.080001279834519406 0.10000001477877117
0.42540687685487955 0.080005423050759472 0.11999454279089009
0.42525929833531628 0.080168081386663523 0.13981970109835853
0.42436835162228853 0.080221872583404172 0.15906498595769133
0.42476485895211702 0.10000000317598519 0.042352905825997864
0.42537993217690773 0.10000000443850925 0.060033746601301292
0.42541872030235811 0.099999999978566623 0.08000130408639472
0.42542168248651679 0.099999999378096435 0.10000000039180647
0.42541872008277987 0.09999999381839203 0.1199987042839611
0.42537991583932222 0.099999962868072056 0.13996651429295925
0.42476281395811427 0.099999936146389676 0.15766732937386868
0.42437090413445505 0.11977590375519083 0.040943567773769778
0.42525962125116179 0.1198302369787045 0.060181933962078243
0.425406875621756 0.11999445082146688 0.080005549330887119
0.42541871902690748 0.11999869599371375 0.099999999772886844
0.42540687986190628 0.11999445018789848 0.11999445466494782
0.42525935546827798 0.11983026119667652 0.13981824408260266
0.42436897526158268 0.11977195561137766 0.15906475082330998
0.42448515654132946 0.13928198061278751 0.060716741865932448
0.42525931506570414 0.13981775329694651 0.080170092985557717
0.42537992633850896 0.13996627640305825 0.099999997651569111
0.42525935310128826 0.1398177863496827 0.11982994763368048
0.42448417659622611 0.13928220947389888 0.13928370734182313
0.424369043969412 0.15905759487046806 0.080226033327813209
0.42476366352272693 0.15764977353118101 0.099999990200460437
0.42436923207738003 0.15905755962969215 0.11977407366426715
0.44437100400576079 0.040926689342659944 0.080227117211773835
0.44476363222698106 0.042312198047413763 0.10000002704908782
0.44436889220714021 0.040926664444156935 0.11978193815150695
0.4444873145678393 0.060711076492451443 0.060714070070851521
0.44525987677904899 0.060180292621178598 0.080168471399881647
0.44537995128826241 0.060033157506985103 0.10000007462079802
0.4452594075479927 0.060178164501051658 0.11983376991112588
0.44448501097003185 0.06070185386728482 0.13929232159626639
0.44437442395279575 0.080225632116073975 0.040935392089046396
0.44525982428001343 0.08016913289278367 0.060181149067846648
0.44540689628676822 0.080005497667315448 0.080005507451959598
0.44541873598185883 0.08000126701176917 0.10000001190559071
0.44540688324990685 0.080005411160170861 0.11999456043679277
0.44525986311652588 0.080167446216432542 0.13982041331049094
0.44437320626730781 0.080221542560272849 0.15906943109211139
0.44477165706506105 0.099999954765307056 0.042333563420954949
0.44537998325402706 0.10000001604175494 0.060033548937262683
0.4454187266113811 0.10000000179407489 0.080001297125561283
0.44542168281109679 0.099999999462237338 0.10000000042623607
0.4454187232129716 0.099999997151840284 0.11999871220995652
0.44537998186297595 0.099999988083736821 0.13996667225440079
0.44476892105714877 0.099999938575393701 0.15767832012520394
0.44437506102212415 0.11977917281017529 0.040935589707549076
0.44525991040077245 0.11983201304871681 0.060180085781315139
0.44540689208719969 0.11999448755254184 0.080005508884693363
0.4454187222939901 0.11999870455433061 0.10000000122445836
0.445406901871848 0.11999450180120382 0.11999450951186172
0.44526065691785283 0.11983222502007022 0.13982023049037254
0.44437696241369173 0.11977766035694526 0.15906916749288388
0.4444903786996488 0.1392878220727542 0.06070958086939348
0.44526026332165708 0.13981928591471732 0.08016861480981749
0.44537998258295325 0.13996647814457339 0.10000000784174017
0.44526043266270443 0.13981953915933831 0.11983166337169854
0.44449382868482518 0.13928890614779801 0.13929147087521149
0.44437601107942959 0.1590634068115713 0.080222874435746327
0.44477031086135133 0.15766377992690866 0.099999952819168916
0.44437647302439587 0.15906314377599479 0.11977815876231004
0.46437077408159078 0.040924875910186433 0.080220511908295183
0.4647618490197164 0.042307992260746448 0.10000014096993423
0.46436710709238505 0.040924369482126431 0.11977988836622894
0.46448851824583631 0.060703843807689471 0.06070576079043366
0.46526002084771018 0.060178439124996069 0.080166613885036819
0.46538000247532363 0.06003298626273619 0.10000003935093307
0.46525917021559532 0.060178355986777843 0.1198335370355972
0.46448134456723766 0.060702983496452742 0.13929682314728245
0.46437050688716575 0.080221962567960978 0.040925743942192706
0.46526014336517524 0.080167011602350055 0.060179050888683298
0.46540693312795733 0.080005437806464297 0.08000546236313813
0.4654187473576395 0.080001265012430781 0.10000001019644533
0.4654069297398028 0.080005400553694525 0.11999458749810958
0.46525938237829917 0.080166401260806625 0.13982161911814198
0.46436736950227148 0.0802208843527355 0.15907716096198357
0.46476150193784593 0.09999993971024608 0.04231234359528932
0.46537995366032675 0.1000000115294923 0.060033356568153055
0.46541872573759985 0.10000000113512014 0.080001287248639003
0.4654216855912941 0.099999999513561935 0.10000000036186547
0.46541873919486021 0.10000000421100862 0.11999872964264421
0.46537996915818086 0.10000001725218145 0.13996691330618766
0.46476136501962617 0.099999928259003334 0.1576945400756557
0.46436692149604664 0.11977901542414973 0.040925876371304494
0.46525899559552603 0.11983320648344008 0.060178820415095334
0.46540688343815961 0.11999452713835239 0.080005466904501749
0.46541872583228866 0.11999871550207358 0.10000000243627143
0.46540688636302396 0.11999456278202379 0.11999457359281089
0.46525911988981089 0.11983580997553646 0.13982385870637171
0.46436825197334297 0.1197881908259793 0.15907690029271424
0.46448136078315067 0.13929675008813913 0.06070464647081749
0.46525897244848186 0.13982161122304387 0.080166353874546292
0.4653800216831474 0.1399668620173499 0.10000001979361416
0.46525894321045269 0.13982231272686699 0.11983439777807202
0.46448277045416209 0.13929949594347185 0.1393055181614464
0.4643671648973684 0.15907255311605017 0.080218151858690689
0.4647616328611332 0.15768290001688715 0.099999889554506477
0.46436728893835338 0.15907206616888192 0.11978451926223106
0.48436568413871295 0.040926765116492479 0.080216535229706593
0.48475984262446431 0.042310409880085741 0.10000033802828971
0.4843664954015976 0.040925485496939265 0.1197758376450212
0.48447960319311589 0.06070023696432416 0.060701622864641321
0.48525887586009259 0.06017767640991744 0.080165753061415573
0.48537997744271522 0.060032962214059196 0.099999991928647211
0.48525907323105488 0.060179632846223297 0.1198323043145797
0.48448040805199072 0.060707573857718133 0.13929272124536721
0.48436403835562242 0.080214623829154785 0.040932350736513967
0.48525879514521308 0.080165992560813831 0.060178121777604954
0.48540686684168566 0.080005431758968085 0.080005444409936746
0.48541872714275375 0.08000127445139335 0.10000000074076539
0.48540689804077469 0.080005454098131534 0.11999454247182977
0.48525900453869858 0.080167622264582392 0.13982037502340972
0.48436528590822869 0.080222923061692597 0.15907246104874689
0.48475584968025232 0.10000015797256032 0.042325225003168571
0.48537986106000319 0.099999971891543249 0.060033384640501432
0.48541871826615896 0.099999995611667475 0.08000128781992949
0.48542168368813271 0.099999999578574583 0.10000000030939504
0.48541873348236475 0.10000000005889019 0.11999871945184526
0.48537986016276341 0.10000001753387391 0.1399668196463156
0.48475796260127135 0.099999947596806887 0.15768538220210113
0.4843638785086446 0.11977540808627014 0.040931774682836028
0.48525885930062163 0.11983135442717896 0.060180666508086955
0.48540688948461308 0.11999449348757746 0.080005501441649127
0.48541873497298588 0.11999871645620351 0.10000000239119265
0.48540693411927349 0.11999454379711114 0.11999455918288254
0.48525946870638897 0.11983434085175078 0.13982237463995972
0.48436564109678326 0.11978601244180032 0.15907227180006103
0.48447842928190882 0.13928926247453183 0.060711314232809413
0.48525892402167448 0.13981945633405068 0.080168485072029588
0.48537992414032827 0.13996657356122905 0.10000002795826975
0.48525897376460259 0.13982000001750869 0.1198321103329352
0.48447929420141117 0.13929171185123729 0.13930120919482369
0.48436381703630488 0.1590670315246297 0.080223321557541347
0.48475706196053403 0.15767243818696311 0.099999974718692389
0.48436374920297148 0.15906675484169425 0.11977903580685655
0.50436471450001386 0.040929885952193511 0.080223786850760301
0.50475910459561635 0.042316742129478328 0.10000043927406424
0.50436878096721238 0.040928103939421076 0.11977741423633539
0.50447762769419824 0.060708631583782785 0.060711017326509388
0.5052587502947401 0.060180001997242161 0.080168026486747743
0.50537985024422205 0.060033274600800338 0.1000000113824978
0.50525962343411113 0.060179565558974323 0.11983242151725988
0.50448413451251306 0.060707372937725962 0.13928944360395865
0.50436425383727834 0.080220687676829078 0.040939117853193069
0.50525876903783717 0.080168549778538559 0.06018073023685163
0.50540684739396513 0.08000548199147578 0.080005494484847256
0.50541872334559967 0.080001284853381774 0.10000000201118071
0.50540694724927582 0.080005458090838907 0.11999453438588489
0.50525920120614221 0.080168327401211228 0.13981958344843717
0.50436703822978668 0.080224268045175837 0.15906884766648882
0.50475805258627815 0.10000008530670544 0.042341341796683647
0.50537983102575279 0.099999980194301924 0.060033576007146379
0.50541871783361103 0.099999998405706003 0.080001295869801384
0.50542168386437214 0.099999999787566962 0.10000000034438029
0.50541874080364069 0.10000000062344917 0.11999871423672687
0.50537991138824157 0.10000001032811792 0.13996660813841599
0.50475904956983597 0.099999809707681769 0.15767618584335477
0.50436601922824675 0.11977439342539122 0.040938685759118104
0.5052590594465215 0.11983032714641392 0.060181761677812515
0.50540688865060313 0.11999451207832419 0.08000548774709669
0.50541874410131171 0.11999870559864809 0.1000000057015606
0.50540692837031309 0.11999452038319731 0.11999453306223871
0.50525934436248354 0.11983433915266452 0.13982228708168459
0.50436689020812453 0.11978745192566412 0.15906799268202179
0.50448146195418975 0.13928411064771726 0.060715836231845337
0.50525916536015769 0.13981834063697759 0.080169651691425245
0.50537986427807335 0.13996643383639265 0.10000003009847938
0.50525946466629013 0.13981925782559457 0.11983142169060129
0.50448349707535778 0.13928825677021633 0.13930075465546984
0.50436665599734487 0.15906255302553363 0.08022630952068785
0.50475958478973071 0.15766157781068019 0.10000002161021279
0.50436772730506396 0.159062440544359 0.11977781576990092
0.52436635326523617 0.040932401685640642 0.080228225703192574
0.52475888731863807 0.042324661475774655 0.10000016151346694
0.52436685916910741 0.040931596022359129 0.1197826788699807
0.52448101278668768 0.060714789327787663 0.060716344202652983
0.52525900832774763 0.060181475526014647 0.080169486280323846
0.52537989490017289 0.06003338250569467 0.10000005519241978
0.52525917771710495 0.060178694750950203 0.11983335245300381
0.5244823669808274 0.060703963433439027 0.13928831779226986
0.5243664870239545 0.080224610986916578 0.040941962014316456
0.52525904589474548 0.080169787563341199 0.060181960838103982
0.52540685702468537 0.080005533268220158 0.08000554032886481
0.52541872263063838 0.080001289612723916 0.10000000684720575
0.52540692312543025 0.080005454678030982 0.11999453092325076
0.52525917233960462 0.080168460382516266 0.13981938976294639
0.52436709763156109 0.080223832235350026 0.15906651403062455
0.52475967562544223 0.10000003104837292 0.04234925643107916
0.5253799819973749 0.10000002180270089 0.060033616686595022
0.52541873197607014 0.10000000063129832 0.080001299191724051
0.52542168402272893 0.099999999845091794 0.10000000042417306
0.52541874396479415 0.10000000072110804 0.11999871230173018
0.52538007160637179 0.10000000775091737 0.13996651871266957
0.52475933059767166 0.099999162245346829 0.15766901228130259
0.52436695709178593 0.11977443234048346 0.040941872365292543
0.5252592344246414 0.11982997601551708 0.060182051837337533
0.52540692099559538 0.11999450926863954 0.080005496070384333
0.52541872887504837 0.11999870373163904 0.10000000496550807
0.52540698237965588 0.11999452586024535 0.11999452930232422
0.52525930254932418 0.11983433562191162 0.13982226552733576
0.5243661128745678 0.11978885410550935 0.15906274758382191
0.52448248979871348 0.13928279311609937 0.060717427766637619
0.52525941166353562 0.1398181480543014 0.080169864848658567
0.52537996513196816 0.13996641707933377 0.10000004191834129
0.52525960935199367 0.13982002696416512 0.11983219462410481
0.52448324528335988 0.13929090869676561 0.13930068919770436
0.52436754906801841 0.1590609388055193 0.080226815116790598
0.52476074036807219 0.15765769708232963 0.10000007280912654
0.52436792951383893 0.15906117261269048 0.11978137139549694
0.54436752827310531 0.040934919491891687 0.080228559913394087
0.54475993851335403 0.042331839566733552 0.099999974709686065
0.54436565967129225 0.040934998853090258 0.11978026031655166
0.54448304187515761 0.060716672753992916 0.060717818389344001
0.54525920561794927 0.060181905987601592 0.080169876740682697
0.54538004544571561 0.060033231194004444 0.10000003082826309
0.54525897878225604 0.060179775928891628 0.11983225761926962
0.54448079895926449 0.060707862477503448 0.1392866228695373
0.54436829043376256 0.080225384901156424 0.040943314638552837
0.54525922454166431 0.080170108505725687 0.060182274700594986
0.54540686777302472 0.080005551142737885 0.08000555546963857
0.54541872573463679 0.080001292009756364 0.1000000065518996
0.54540688039985041 0.080005481861230562 0.11999453130744013
0.54525920003458117 0.080168922863591383 0.1398189099725734
0.54436735553561011 0.080224473616482911 0.15906456091418916
0.54476216473528505 0.10000000692247131 0.04235242918509699
0.54537998132336241 0.10000000991180376 0.060033552583273413
0.54541872340466824 0.10000000279980396 0.080001299883790886
0.54542168400681545 0.1000000000490374 0.1000000005307987
0.545418748135996 0.099999998372532789 0.11999870999149842
0.5453799157393856 0.10000001857601934 0.1399664352223503
0.54476082411044102 0.099998698879691136 0.15766358043432935
0.54436844779418558 0.11977463841102745 0.04094330691615751
0.54525936323794977 0.11982990716557859 0.060182254505854231
0.5454068757562156 0.11999444913843675 0.080005553878578994
0.54541872395640978 0.11999870253861854 0.10000000396567682
0.54540688848481178 0.11999450752807105 0.11999451956452861
0.54525946948864312 0.1198341691588115 0.13982203209423719
0.5443675838623615 0.11978927093650514 0.15905858361317235
0.54448367157047262 0.13928273468030114 0.060717893646305608
0.5452592893742142 0.13981795431555372 0.080169958561400301
0.54538001682040671 0.13996646349475908 0.1000000311452271
0.54525915009888182 0.13981965972687554 0.11983182458302755
0.54448201178762035 0.13928981214125338 0.13930010727598333
0.54436921455006559 0.15906102118219206 0.080226960705796227
0.54476351257559519 0.15765830222714763 0.10000004564122926
0.54436781725064221 0.15906124496860302 0.11978024351805415
0.56436916444748009 0.040935461827607836 0.080227776520835861
0.56476295234248586 0.042333004411259062 0.099999976828269277
0.56436803662507395 0.040935451608800438 0.11977659355819618
0.56448424300039524 0.06071611490394959 0.060717043566287446
0.56525937271983762 0.060181739424647239 0.080169706878472538
0.56538028550867958 0.060033070551097467 0.10000001724914537
0.56525929596678781 0.060180674425099313 0.11983131435995142
0.56448249062470135 0.060711635381856512 0.13928553535061511
0.56436959046797286 0.080225728597107554 0.040941204988352943
0.56525936629301088 0.080169897401788565 0.060182035659468419
0.56540687934777734 0.08000554277370725 0.08000554707879895
0.56541874907572109 0.080001288215706456 0.10000000206709006
0.56540690608327582 0.080005501040720114 0.11999448769337272
0.56525922773758264 0.08016924535463113 0.13981861520188577
0.56436838355117169 0.080225802512374725 0.15906461213062964
0.5647641596560713 0.10000002088019336 0.042347522344235056
0.56537997993561728 0.10000000049666029 0.060033649537774653
0.56541872526895109 0.099999995913621659 0.080001297287859374
0.56542168467989617 0.10000000006275692 0.10000000026764702
0.56541873889359606 0.10000000299628875 0.11999870832308952
0.5653799612914393 0.10000002943659753 0.13996643194101832
0.56476283428043672 0.099998967833046737 0.1576643234614383
0.56436962296650739 0.11977483460748831 0.040941185439846844
0.56525945346061834 0.11983025899419809 0.060181790791422683
0.56540688294243091 0.119994465032462 0.080005538464187606
0.56541873703735634 0.11999870595014675 0.10000000413525145
0.56540701517488356 0.11999452671538861 0.11999453539962088
0.56525941532356583 0.1198341750010371 0.13982207357476795
0.56436896544568438 0.11978912882761626 0.15905966478438549
0.56448441192695864 0.1392842309093312 0.060716461538177717
0.56525939239121081 0.1398183568739802 0.080169589278290862
0.56538000766799912 0.139966489804697 0.10000002062956702
0.56525979281529726 0.13981970592734999 0.11983183320719684
0.56448474653966196 0.13928991148282538 0.13930014570869523
0.56436950442055156 0.1590644048032144 0.080227491308749135
0.56476425454537749 0.15766644876534994 0.10000003641605035
0.56437062585316278 0.15906463639452625 0.11977833787352475
0.58437458113933471 0.04093011059793461 0.080225158145032519
0.58476894924868461 0.042320478020081966 0.099999979996242147
0.58437113559258214 0.04093022020133353 0.11977448721624195
0.58448783322047304 0.060710875819268137 0.060714475521472425
0.58526027513662993 0.060180243665835596 0.080168341921792285
0.58538020278886993 0.060033176883707177 0.10000002251044783
0.58525975502723515 0.060180350376227106 0.11983154366194736
0.58448519505902186 0.060711077619440612 0.13928719366151829
0.58437111967590771 0.080225368586454321 0.040936799338280053
0.58525957510263427 0.080169237336777763 0.06018130784150133
0.58540691439849435 0.080005502022914038 0.080005508046228899
0.58541876439532836 0.080001271939376686 0.1000000006079575
0.58540700772604548 0.080005470274791463 0.11999453869543997
0.58525987623177389 0.080168818947303502 0.13981910820968557
0.58437078951620347 0.080225522043755798 0.15906700854966843
0.58476615350447958 0.10000005169829439 0.042337245702345289
0.58537999830056864 0.10000002199835407 0.060033341480877168
0.58541872589440758 0.10000000201762656 0.08000129101571353
0.5854216873111886 0.099999999421689162 0.099999999988604454
0.58541873987985305 0.10000000104660244 0.11999871244655291
0.58538004263960108 0.10000002528885352 0.1399665859192453
0.58476470215439469 0.099999387746504617 0.15767076598108085
0.58437295926537691 0.11977762070668294 0.040936737030134722
0.58526001538664563 0.11983156669045976 0.060180576595346327
0.58540691174206338 0.11999452372150619 0.080005484725100787
0.58541873073184214 0.11999871517269219 0.10000000070550058
0.58540689983650984 0.11999454514067061 0.1199945433104736
0.58525944537003449 0.11983424760552029 0.13982209632113568
0.58436984673702042 0.11978784767964888 0.15906400274179003
0.58449215337630367 0.13929237404022912 0.060711544344921604
0.5852607249360362 0.13982047821337892 0.080167548472517502
0.58538005596685661 0.13996673644761906 0.10000000844711278
0.58526015255306985 0.13982205509119933 0.11983405764384197
0.58448674171763859 0.13929871350996448 0.1393001381010073
0.58437977212032977 0.15907297802923415 0.080223424255707512
0.58477496298203335 0.15768762236094369 0.0999999906227413
0.58437706930460942 0.15907304130221925 0.11978315436849041
0.60437321686412182 0.040920633546080352 0.080217588123221023
0.60476578568497985 0.042299693206941547 0.099999952972887107
0.60437060678533605 0.040920948405588811 0.11977212385835902
0.60448737064279134 0.06069858298403423 0.060710899287914677
0.60526006495830675 0.060177260604416791 0.080165389932521619
0.60538023380297989 0.060033005501619864 0.099999971149900363
0.60525969449838868 0.060179724463587249 0.11983211814996457
0.60448548728942797 0.060708788350979988 0.13929256560374623
0.60437017591614794 0.08022482154963799 0.04093088790573933
0.60525950535720485 0.080168261218622916 0.0601803446833577
0.60540695123210431 0.080005445683940635 0.080005468233962956
0.60541875923726651 0.080001262264195572 0.099999996304368469
0.60540695269759437 0.080005420604473437 0.11999458483072301
0.60525975035967894 0.080167409000262355 0.13982056521316361
0.60437015449229514 0.080222032549248007 0.1590705565449663
0.60476524163700274 0.10000005820314307 0.042323155236468221
0.60538005363658065 0.1000000431579345 0.060033164716234322
0.60541875028322223 0.10000000786358708 0.080001275433684391
0.60542169086827369 0.1000000000357836 0.099999999812221116
0.60541874745760127 0.099999998069671192 0.1199987245489359
0.60538013671983337 0.099999974737128225 0.13996677214497699
0.60476361079306562 0.099999639946035626 0.15767932165821893
0.60437140125234101 0.11978409760344165 0.04093069117103379
0.60525982682917856 0.11983401044021985 0.06017807334797419
0.60540700059205055 0.1199946440527023 0.080005366606371656
0.60541875234780462 0.11999873087072477 0.099999996481795667
0.60540696654482373 0.1199945856701196 0.11999459125824029
0.60525907883327401 0.11983369530833209 0.13982162131482029
0.6043662664590238 0.11978335379995267 0.15906884177474637
0.60448498887424995 0.13930619943733308 0.060702398996912321
0.60525934662697267 0.13982420415592989 0.080163932491102402
0.60538034486182113 0.13996717455357352 0.099999975780409117
0.60525913620301919 0.13982346922315678 0.11983528609011802
0.60447886516590099 0.13930409177874312 0.13929759385691981
0.60436704495359894 0.1590865875156057 0.080215928643347728
0.60475996485971073 0.15771520902268152 0.099999842683384077
0.60436570288750924 0.15908623925661003 0.11978187989987518
0.62436988741712474 0.040916502159529515 0.080213192123355731
0.62476559236449536 0.042289076594203161 0.099999890914799106
0.62437018617149831 0.040917005670870574 0.11977330422195505
0.62448346731004556 0.0606922218297168 0.060709541063023557
0.62525936192474185 0.060175787630641284 0.080163999343546774
0.62538009706798525 0.060032681804965848 0.099999935582032989
0.62525954153483865 0.060178929445784415 0.11983292244794115
0.62448389163520313 0.060705628520628101 0.139295160008366
0.62436924016744366 0.08022530972229415 0.040927580948105946
0.62525942689750991 0.080167969177982454 0.060180061606841098
0.62540694451231194 0.080005404836185345 0.08000543844786466
0.62541875434557381 0.080001264666461611 0.09999998619323941
0.62540689968747554 0.080005413690515031 0.11999459173039381
0.62525933690099345 0.080166913027118286 0.1398210375455361
0.62436863956989108 0.08022027236129628 0.15907176559499139
0.62476350453244966 0.10000006980601787 0.042314753783954176
0.62537995414926917 0.10000004855821323 0.060033214346217716
0.62541873655411928 0.10000000705254106 0.080001275015172832
0.62542168502787288 0.099999999660308217 0.099999999515691412
0.62541872994531467 0.099999991256428014 0.11999871519764667
0.6253799032593772 0.099999941395503958 0.13996669699668279
0.62476226086566888 0.099999760403632565 0.15768308167993939
0.62436805000656148 0.1197843442336114 0.040927345382484943
0.62525913513588049 0.11983427226479153 0.060177758707556511
0.62540687170053111 0.11999457495802594 0.080005415865426713
0.62541872407696852 0.11999871641371503 0.099999995230535765
0.6254069089608878 0.11999451658723835 0.1199945051395671
0.62525911238564602 0.11983140989357689 0.1398194009213411
0.62436670921379445 0.11977392766539149 0.15907072483841028
0.62447881918337933 0.1392982557269718 0.0607000346989576
0.62525872003554195 0.13982164869744967 0.0801663070627541
0.62537982522762547 0.13996679746287116 0.099999971401994153
0.62525866893616788 0.13982085367914951 0.11983277590612738
0.62447793155288811 0.13929531394998498 0.13928917093889751
0.6243621347051117 0.15907628302440041 0.080219352000929667
0.62475462425307982 0.15769594490402272 0.10000002829280367
0.62436238766837293 0.15907643347609543 0.11977751821839457
0.64437020154597613 0.04091232101764835 0.080214446578988699
0.64476266304406693 0.042279309599628091 0.099999934264683621
0.64436859209618025 0.040912669648619684 0.11977161611891829
0.64448505831900316 0.060691101434722741 0.060708357682171345
0.64525991251517245 0.060175626431985527 0.080163899993376059
0.64538011299031917 0.060032692982017577 0.099999938426393209
0.64525951132969661 0.06017885296657103 0.11983293321574229
0.6444822815741803 0.060705038624056872 0.13929493062731327
0.64436903761684328 0.080225339901968187 0.040925392272038667
0.64525938283793727 0.080167681446938005 0.060179775334555985
0.6454069371749217 0.080005386422249428 0.080005429284224439
0.64541874022954482 0.080001269819892112 0.099999993843046656
0.64540687484533454 0.080005441696483243 0.11999455914209178
0.64525915022251445 0.080167030694642233 0.13982095533504774
0.64436868653034673 0.080221549126279365 0.15907333179096098
0.6447631526170009 0.10000001194873691 0.042309506198810375
0.64538006417720806 0.10000003115049827 0.060033184156352309
0.64541873965959828 0.099999999711196566 0.080001277109369676
0.64542168550397983 0.099999999415931351 0.099999999762938149
0.64541871994375855 0.099999991453197434 0.11999871160930291
0.64537991400982719 0.099999939710370508 0.13996674777920928
0.64476455013714407 0.099999863370733313 0.15768781747875271
0.64436954454238382 0.11978248137753067 0.040925399000631919
0.64525963185944468 0.11983395514196513 0.060177983989060269
0.64540688543884972 0.1199945334537536 0.080005443825999445
0.64541871928865502 0.11999870749634481 0.099999996763832491
0.64540687159630694 0.11999448233971227 0.11999447847277554
0.64525935632624942 0.11983098891301086 0.13981904896464406
0.64436972817899174 0.11977091251577282 0.15907278293360905
0.6444828505421083 0.139290701042459 0.060700503765379825
0.64525912467809743 0.13981977824455546 0.080168115683721855
0.64537988182764483 0.13996664731867456 0.099999981997813903
0.64525920564303096 0.13981921288866309 0.1198311904184457
0.64448261234325099 0.13928853199842872 0.1392872599054886
0.64436666897881101 0.15907080225462999 0.080224385349623409
0.64476026367767714 0.15768248888904723 0.099999980295283009
0.64436699561641464 0.15907077562397134 0.11977333553060701
0.66437086835447001 0.040911377206309607 0.080208398979352058
0.66476448607823746 0.04227449391149752 0.10000010509391
0.66437029851251761 0.040911003482284207 0.11977149004573076
0.66448697482038133 0.060684154308031243 0.06070519010292709
0.66525977202967357 0.06017375589302397 0.080162050394330109
0.6653800785289945 0.060032452670430524 0.099999923445062852
0.66525949144819374 0.060178656882120748 0.11983310147237251
0.66448555767569473 0.060704008172937106 0.13929572237089413
0.66437222908633564 0.080223778262950018 0.040921995612846845
0.66525983946073863 0.080166851529946459 0.060178944291284599
0.66540697612980315 0.080005327189549197 0.080005385352184932
0.66541874508516352 0.080001258194532743 0.099999993669165163
0.6654068940811898 0.080005442484691908 0.11999455355300265
0.66525980375351801 0.080166944257059752 0.1398211412124408
0.66437274437056826 0.080224263349404759 0.15907958666181324
0.66476598766813133 0.099999840340243326 0.042301094069376897
0.66538030246426949 0.10000001090200938 0.060032968002837944
0.66541876256869437 0.099999999937170833 0.080001267867521805
0.66542168553440351 0.099999999146857366 0.099999999373527451
0.66541872251844258 0.099999996689985965 0.11999871596536388
0.66537999703406314 0.099999977435771603 0.1399669357740764
0.66476878944399487 0.099999859306311528 0.15770360686880461
0.66437342525485465 0.1197886238624931 0.040922601183787273
0.66526021181980799 0.11983583977941613 0.060176003932311962
0.66540689261722852 0.11999453685933517 0.080005431956080494
0.66541872165746596 0.11999871098117901 0.099999999911853696
0.66540690215462062 0.11999451860351447 0.11999452032396794
0.66526010451594431 0.11983225453846839 0.13982038360398968
0.66437397808235688 0.11977238318233221 0.15907898110244104
0.66448687651873384 0.13928973046805637 0.060692778934147019
0.66525937831882764 0.13981970260474927 0.080168241878849966
0.66537998542935139 0.13996677386819131 0.10000000490306045
0.66526020386505991 0.13982038771421165 0.11983234845099915
0.66449007124686699 0.13929258783761225 0.13929225214770297
0.66437086819536817 0.15907364972858656 0.080227028438393563
0.66476817373611785 0.15768966096577683 0.099999998192664155
0.66437445582143539 0.15907369214300526 0.11977578955415727
0.68437191673646092 0.040905982552612255 0.080206074080889284
0.68476596993579841 0.042262040716651433 0.10000013476901429
0.68437443000803522 0.040905675862776165 0.11977596890310914
0.68448698790934315 0.060679317143634365 0.060697191077069002
0.68525984720226052 0.060172522067826452 0.080160899169950964
0.68538008105572656 0.060032422652488988 0.099999945528532905
0.68526042277877341 0.060176818600769594 0.11983493087221006
0.68449230524814009 0.060696743939960024 0.13930646678562875
0.68437341585925537 0.080219323947839566 0.040914068733694284
0.68525992989254003 0.080164784180741883 0.060176813729391231
0.68540693119445961 0.080005318454921884 0.080005359489058944
0.68541874778902334 0.080001248895766527 0.09999999824512211
0.68540691704956702 0.08000538927895226 0.11999461224133647
0.68526049604931727 0.080164261463532255 0.13982401181783316
0.68438082798114674 0.080221538785479052 0.15909578075639561
0.68476777270774969 0.09999963632083049 0.042283561068361175
0.68538011315429537 0.10000002555678414 0.060032692055096856
0.68541874393447733 0.10000000450428875 0.080001253912107634
0.68542168578997309 0.099999999421615388 0.099999999560077393
0.68541872687268601 0.10000000189172681 0.11999873582475903
0.68538015546240216 0.09999999964416674 0.13996760938286559
0.68478053211549039 0.099999775641986241 0.15774232383409462
0.68437438598395384 0.11979818590079878 0.040915707072275397
0.68526035507985372 0.11983905664359226 0.060172657387049071
0.68540691101065643 0.11999460072514401 0.080005366666064337
0.68541872566430873 0.11999872750144246 0.10000000287029472
0.68540692096412836 0.1199946207420006 0.11999463312428892
0.68526108956836651 0.11983641280461162 0.13982473176371851
0.68438358435794056 0.11978081169337261 0.1590950079733362
0.68449331431292526 0.13929761345619621 0.060679720428682526
0.6852608332964919 0.13982185039304651 0.080166221874313548
0.68538004579172673 0.13996715659573686 0.10000002508420175
0.68526040822463563 0.13982414466094337 0.11983604535287445
0.68449522860697798 0.13930685663488307 0.1393087827137397
0.68437812009329002 0.15908488243746949 0.080224860442327156
0.68477172863557456 0.15771677776105086 0.10000011491298189
0.68437699473900371 0.15908556502914478 0.11978445911401663
0.70436219826292779 0.040903675848734805 0.080208675275143165
0.70475756690824376 0.042259005185868455 0.09999976505660628
0.70436824304450807 0.040904469327864949 0.11978762007821869
0.70447660839771764 0.060681063194357246 0.060694347925927608
0.70525840046642407 0.060173078944183132 0.080161379195517884
0.70538029007449354 0.06003226246828517 0.099999971342625824
0.70525959270595573 0.060173708052376235 0.11983810600466414
0.70448618992362977 0.060684391409778382 0.13931888318196786
0.70436609561553098 0.080219323123727607 0.040908670294328972
0.70525891355531856 0.080164295926985943 0.060176228713216789
0.70540689372603305 0.080005327060589729 0.08000535679673286
0.70541876215998311 0.080001247296184463 0.099999995829070432
0.70540689541633039 0.080005317444939605 0.11999468787275708
0.70525977168600873 0.080161222113286593 0.13982723946304124
0.70437202087614859 0.080219839235497387 0.15911721642432089
0.70476123367838095 0.099999411553607948 0.042272100199144153
0.70538001249737481 0.10000002822538585 0.060032398740193997
0.70541875651259278 0.10000000289079157 0.080001239988662667
0.7054216856766411 0.099999999821475741 0.099999999809019621
0.70541872758115487 0.10000000254654082 0.11999875917291347
0.70538003983321773 0.10000002815225696 0.13996797174722767
0.70476719088298145 0.099999995302947162 0.15779037486137212
0.70436373790016449 0.11979849142907735 0.040911244388807833
0.70525859858465823 0.11983978825239945 0.06017204213324101
0.70540691382249299 0.11999468936432434 0.080005305138720062
0.70541872970028452 0.11999874833569651 0.10000000128016667
0.70540689703024806 0.11999471511005096 0.11999473988446097
0.70526001659438331 0.1198412628566284 0.13982969480179308
0.70437370576845204 0.11978998617249767 0.15911716646972443
0.70448204284580296 0.13931611829471247 0.060676780181507746
0.70526013928463394 0.13982670663802901 0.080161584587029225
0.70538005311560725 0.13996756316980813 0.10000001173251585
0.7052596133474579 0.139826673651817 0.11983850329525635
0.7044872374455774 0.13931699565033515 0.13932851710738009
0.70437349264550275 0.15909559035715182 0.080211898292106426
0.70476751810199556 0.15774302254278139 0.10000029306898472
0.70437139161758588 0.15909689696448456 0.11978903285360094
0.72436094462828737 0.040912865146165066 0.080221401798420994
0.72475437306748136 0.042278648271368728 0.099999912834190546
0.72436126761893838 0.040913211492059058 0.11978742293039442
0.72447585915843682 0.060697897513766558 0.060702259593061782
0.72525852005581415 0.060177519262210072 0.080165734521507145
0.72537980967795568 0.06003257754808887 0.10000002281048999
0.72525856200737859 0.060175185242175688 0.11983672455343963
0.72447460827542143 0.060689011781968852 0.13931599650049808
0.72436481403495778 0.080225775927422999 0.040912783561014347
0.725258902406135 0.080166548900941367 0.060178399218791007
0.72540684993213089 0.08000541215056739 0.080005426627000054
0.72541872015091802 0.080001265537834237 0.10000000461566902
0.72540700644919809 0.080005272790164686 0.11999475002505508
0.72525861026538063 0.080162229243289779 0.13982632830731503
0.72436347826857084 0.080221801041085561 0.15911535062771792
0.72475894822526399 0.099999791688678535 0.042278810700038215
0.72537986789082465 0.10000005827503665 0.060032837471250586
0.72541872501227955 0.10000000857809249 0.080001266823283762
0.72542168630871273 0.10000000048216132 0.10000000051756104
0.72541873740024321 0.10000000741390402 0.11999875803611632
0.72537990422581089 0.10000009487785132 0.13996792999613683
0.72475760286798352 0.099999973237334047 0.15778893588241114
0.72436489274895166 0.11978565205037332 0.040913830330465875
0.72525919233414726 0.11983620708838506 0.060175769188477959
0.72540699909274375 0.11999482148260295 0.080005200501881563
0.72541872903832849 0.1199987586312125 0.1000000046350247
0.72540688083143545 0.11999474651360831 0.11999478949800405
0.72525917180610022 0.11984127193845331 0.1398298464561229
0.72436468490289829 0.11979247517229877 0.15911497564458441
0.72447709724360898 0.13931604974067013 0.06069097621616875
0.7252595285552943 0.13982651497122389 0.080162010603015699
0.72538004852027838 0.13996806008654808 0.10000001520272929
0.72525896974341098 0.1398259976122469 0.11983761850964551
0.72447785143860688 0.13931403280281884 0.13933014570561672
0.72436544560126359 0.15910047258899965 0.080214336559394209
0.72476367005767828 0.15775452990677047 0.1000002183872082
0.72436619913459621 0.15910137314217029 0.11978354129963739
0.74436584611665935 0.040919981015856595 0.080227259711393245
0.74475849644370407 0.042295564529186085 0.099999823337722366
0.7443666849064664 0.040920793316920737 0.11978065723074319
0.74448093548113703 0.060707291441728276 0.060706701080936551
0.74525904000534504 0.060179692650449451 0.080167836950325089
0.74537993620551124 0.060032570982864977 0.10000002837332359
0.74525962253179745 0.060177785344358373 0.11983411299061175
0.7444791236015379 0.060699263969170116 0.13930373974349752
0.74436905425803435 0.080229941996578388 0.040913714522622456
0.7452591952056834 0.08016765207497363 0.060179417208184496
0.74540685906626347 0.080005476596773317 0.080005477127595995
0.74541872888075711 0.080001275856025969 0.100000006460621
0.74540702012602034 0.0800053251684303 0.11999469724816532
0.74525921648530702 0.080165305513754961 0.13982320417858282
0.74436328436697263 0.080230744276931068 0.15910891679043698
0.7447645774513717 0.100000055135666 0.042279922028540876
0.74538003922925333 0.10000005085892216 0.060032737316573874
0.74541873483927812 0.10000001382857983 0.080001261440024118
0.74542168714480939 0.10000000064598136 0.10000000054936041
0.74541872862062564 0.10000000164306841 0.11999875211204022
0.74537984290753756 0.10000005727765915 0.139967688768868
0.74475550506179278 0.099999785640097885 0.15777346560706743
0.74437200695368677 0.11978638698721093 0.040913662079486865
0.74526002930144208 0.11983646672877399 0.060175423333336614
0.74540691509474499 0.1199946809704721 0.080005326357303244
0.74541872130260334 0.11999874137628573 0.099999999324416944
0.74540686836710646 0.11999466816040469 0.11999469330955084
0.74525895192841862 0.11983927416433195 0.13982768858407163
0.74436384694230884 0.11978816126786145 0.15910800668969038
0.74448305671809967 0.13930649180467106 0.060690268922709012
0.74525923935383132 0.13982394113564858 0.080164487645266791
0.74537984772713239 0.13996765427654817 0.099999998121581599
0.74525919164862509 0.13982359452625651 0.11983523549852464
0.74447797102971613 0.13930510283668682 0.13932288098579004
0.74436434621398939 0.15909905160644233 0.080223731394511513
0.74475642796315211 0.15775206593293567 0.10000020209218484
0.74436415332474182 0.15909998315672369 0.11977465908839216
0.76436915467680655 0.040920794088588279 0.080228403842020735
0.76476315147622997 0.042297584558210644 0.099999866476536345
0.76436912055140105 0.040921302203271177 0.11978279383046112
0.7644836608162876 0.060708789432636349 0.060707046414681248
0.76525936726466981 0.060179953953050203 0.080168092361469045
0.76538002061349231 0.060032831567298876 0.10000004019995644
0.76525934490922765 0.060177102386031495 0.11983473792887274
0.76448249460531215 0.06069731527215895 0.13929869133521042
0.76436895632922175 0.080232611188476424 0.040909268236968832
0.76525937874069627 0.080167723520630743 0.060179405250726244
0.76540687343239 0.080005491645821616 0.080005486054919819
0.76541872449473325 0.080001276470173702 0.10000000856430229
0.76540691497202906 0.080005386167560755 0.11999461248561222
0.76525935384889243 0.080166330285838097 0.13982201889939833
0.76436575470224366 0.080232002865875229 0.15910049005534932
0.76476246477526133 0.10000003202491463 0.042270269674520508
0.76538003568733159 0.10000010622453565 0.060032711075946592
0.76541874637543861 0.10000001541792627 0.080001258659353328
0.76542168736419658 0.10000000060304517 0.10000000046201178
0.76541872893458252 0.10000000684307399 0.11999873448256659
0.76537990848522786 0.10000005104242343 0.13996770885368212
0.76475570675423465 0.10000009625289451 0.15775477533043403
0.76436939989731123 0.11979124131781152 0.040909202221706471
0.76525987953194485 0.1198381952189424 0.060173586710581844
0.76540690202377526 0.11999464166127234 0.08000534011573586
0.76541872060286575 0.11999873554681922 0.099999998292523054
0.76540688620540731 0.11999462418940199 0.1199946433592386
0.7652588589703424 0.11983729066181764 0.13982563994119315
0.76436315218259887 0.11978376739899066 0.15910085668357468
0.76448364016287806 0.13930376028333119 0.060683068986089959
0.7652592622102633 0.13982326036748868 0.080164983512993906
0.76537991133015237 0.13996752226355086 0.099999990054515805
0.76525941157242849 0.13982278861592121 0.11983449467613895
0.7644797728950099 0.13930198609746947 0.1393146395082594
0.76436756752171597 0.1590935976483919 0.080223562633849513
0.7647601421069955 0.15773895638945284 0.10000008282644626
0.76436811896305512 0.15909394765886442 0.11977456001757125
0.784372536144608 0.040915628370038752 0.080228506406898756
0.784768784704163 0.042284490163765974 0.10000000091634385
0.7843729818842885 0.040915672340155015 0.11978173663729363
0.78448592002316786 0.060706025154858345 0.060704623459295337
0.78525968247295708 0.060179191158726143 0.080167416216103279
0.78538014424438529 0.060032747633106454 0.10000004820731832
0.7852600255297244 0.060176687659397841 0.11983508194468971
0.78448811907133509 0.060695520154463257 0.13930247168277879
0.78437190145604907 0.080231470283959092 0.04090708670439068
0.78525964532529091 0.080167130540435672 0.060178766141985134
0.78540688719140539 0.08000547090078769 0.080005465072478285
0.78541873500541692 0.080001268614349808 0.1000000024415445
0.78540690309687211 0.080005384295393611 0.11999460515534205
0.78526014453506698 0.080165334487174833 0.13982298657348236
0.78437334425107919 0.080226925344015501 0.15909752253300882
0.784767182574449 0.099999871198277746 0.042263734477310202
0.7853802644647685 0.1000000914843399 0.060031885959880009
0.78541875152600793 0.1000000210519475 0.080001248143423853
0.78542168667923051 0.10000000053635134 0.10000000006498976
0.78541874817831148 0.10000000406844253 0.11999873643653214
0.78538011380229933 0.1000000015274236 0.13996756294565441
0.78476548037459326 0.10000006579002725 0.15774844249742553
0.78437282890313043 0.11979481917409032 0.040907501623012897
0.78526023045737769 0.11983917642923093 0.060172310345537008
0.78540691040030963 0.1199946531845168 0.080005311869176934
0.78541873654665362 0.11999874280832896 0.10000000224431928
0.78540690713265815 0.11999462297739556 0.11999463393100882
0.78526029139386966 0.1198365303812438 0.13982488371180068
0.78437197435031147 0.11978174015763962 0.15909782481561635
0.78448592284916274 0.13930351036403774 0.060678191558405842
0.78525958158637288 0.1398232005237009 0.080165023999727011
0.78538006478094402 0.13996770636747505 0.10000001078078678
0.78525957811180913 0.13982330275313831 0.11983498308465337
0.78448587764762223 0.13930391988078092 0.1393112867475485
0.78437050623757043 0.15909634378707868 0.080225249391626355
0.78476549896702974 0.15774437889621032 0.10000002876908511
0.78437084668199997 0.15909646685846551 0.11977508471037997
0.80437617944914119 0.040902276720570424 0.080228895400277264
0.80477499330585989 0.042252304517920697 0.099999939978681077
0.80437811963135419 0.040902745778901003 0.11978646018118728
0.80448838709940074 0.060699315179304589 0.060698296045758021
0.80526001393096114 0.060177395514441651 0.080165804101888935
0.80538027736113138 0.060032319849102268 0.10000009302693762
0.80526092376253133 0.060173495895054628 0.1198380712944767
0.80449421359453799 0.060683753046118831 0.13931770147748107
0.80437663702433737 0.080232131036307594 0.040893905647313059
0.80526003553139869 0.080165602473492484 0.060177099695058182
0.80540690994854502 0.080005413120534621 0.080005409136536004
0.80541874430018123 0.080001252419956564 0.10000000893590132
0.80540693354883808 0.080005290456010403 0.1199947003616416
0.8052608539304833 0.080161527098955007 0.13982691235291381
0.80438096215317056 0.080218730681612102 0.15911122145666781
0.80477541132376518 0.099999967077732996 0.04223234936687869
0.80538052386654324 0.1000000694231301 0.060031833671066119
0.80541877237374049 0.10000000939983038 0.080001223318659109
0.80542168797548441 0.10000000028945413 0.10000000008022478
0.80541877546045171 0.10000000134405172 0.11999876092271104
0.80538016163026982 0.1000000150745646 0.13996794380549499
0.80477770237721646 0.099999984736461572 0.15778077283764094
0.80438389204123739 0.11980688291616032 0.040894150607611035
0.80526234056034862 0.11984381330014793 0.06016757584259521
0.80540698657942544 0.11999474743121734 0.080005204411968775
0.80541874913402656 0.11999876053583459 0.099999998565623832
0.80540693249105078 0.11999468316385437 0.11999470410265593
0.8052608681653205 0.11983993079524229 0.13982847476375868
0.80437964538238815 0.11978818101822232 0.15911118016259329
0.80449965226635134 0.13931335512142615 0.060659584354223341
0.80526107314012163 0.13982582747780317 0.080162469818042759
0.80538020357327222 0.13996796379076398 0.099999987067318372
0.80525993442891153 0.13982439704396882 0.11983592388637421
0.80448993227434162 0.13930789176860267 0.13932471691718712
0.80438009524414766 0.15910675612454969 0.080220761474701072
0.80477469596122053 0.1577701861779757 0.099999946768684678
0.80437486533080116 0.1591066283072867 0.11977338078606298
0.82438388205509994 0.040879876747163021 0.080225983778801913
0.82478275659652744 0.042198994776031187 0.099999731081794718
0.8243811458890844 0.040881239816345477 0.11979220416224944
0.82449726038745785 0.060684647977160028 0.060683702443260441
0.82526132559241405 0.060173574503262939 0.080162267946028126
0.82538061955172415 0.060031261986704651 0.10000012642872146
0.82526114821351693 0.06016903500388035 0.11984229531389873
0.82449602205500283 0.060666317400003118 0.13934048141384392
0.82438152300043976 0.080228499980236984 0.040872973912971025
0.82526123968569953 0.080162051375695598 0.060173267707576999
0.82540700662757083 0.080005264449674471 0.080005262933480759
0.82541878207641162 0.080001211086056317 0.1000000123449611
0.82540704231379469 0.080005142075914776 0.11999486659223063
0.82526168311870729 0.080156076335735918 0.13983268849843844
0.8243884316227218 0.08021132384083976 0.15914182386408854
0.8247780045804578 0.099999857156333985 0.042183246071870725
0.82538081375691275 0.10000012391619573 0.060030976028167211
0.82541878992165796 0.10000001308583446 0.080001196225394422
0.82542169466206106 0.099999999250748109 0.10000000017211211
0.8254187928928407 0.099999995036360506 0.11999879373327851
0.82538059660862995 0.099999995046752319 0.13996883971241145
0.82479089634799241 0.099999758344066533 0.1578525900144358
0.82437411710354114 0.11981978289078665 0.040873391856578151
0.82525993200607739 0.11984963916122571 0.060161669274381407
0.82540708061971646 0.11999489652748742 0.080005067478518252
0.82541875836796141 0.1199987872843217 0.099999995325041169
0.82540699561400332 0.11999481254631884 0.11999483987289465
0.82526159868701299 0.11984499511173373 0.13983390797083051
0.82438767425480453 0.11979418077683296 0.15914082824682008
0.82449106586454279 0.13933912437405949 0.060636176150582977
0.82526144035099658 0.13983252031645216 0.080156087438920692
0.82538035634003282 0.13996881225812133 0.099999954802338822
0.82526224221942568 0.13982889161346684 0.11984012811726083
0.82450186074093079 0.13932515456650732 0.13934613532422513
0.82438965019257227 0.15913555421216069 0.080209046712161183
0.82479269935906074 0.15783697201458152 0.099999869264799729
0.82439223754231872 0.15913466911107188 0.1197763977910801
0.84438716775414491 0.040845699305305377 0.080219466002833403
0.8447938826670458 0.042115052248627528 0.099999871713340446
0.844383363939474 0.040846357167211925 0.11978754164189738
0.84449522116938769 0.060660032363376921 0.060660207878676063
0.84526095399222789 0.060167247212019923 0.080156346060251668
0.8453805850381948 0.060030336711642041 0.10000007498464443
0.84526053414254887 0.060165491731777231 0.11984539452608861
0.84448581596023375 0.060652921236222658 0.1393586640522608
0.84438546429649397 0.080219114610548564 0.04084620833395923
0.84526100698246598 0.080156306642697239 0.060167237822261535
0.84540697262822861 0.080005120511319625 0.080005124081159507
0.84541877953668632 0.080001184356856853 0.10000000997997929
0.84540704807703804 0.080005001527769806 0.11999501647981962
0.84525984934116438 0.080151835543889674 0.13983740726409633
0.84437451105927863 0.08021159163977995 0.15917688725236467
0.84478978549947925 0.099999863066923891 0.042116641526128318
0.84538063846222389 0.10000006352052156 0.060030296731279104
0.84541879848998658 0.1000000047844849 0.080001166958160147
0.84542169381094256 0.10000000051072849 0.10000000024953611
0.84541877477182303 0.099999996645780548 0.11999882056243562
0.84538055337840068 0.099999983114010066 0.13997003545514039
0.84477751443033566 0.099999712752467981 0.15793460141543753
0.84437578813126868 0.1197961459338477 0.040846690869443709
0.84525965797054625 0.11984671759359164 0.060164282064965727
0.84540698132576819 0.11999500664387623 0.080005002029512828
0.84541876932884619 0.11999882456928672 0.099999992651567948
0.84540708884797977 0.11999497044052936 0.11999498271710597
0.84525960299300196 0.11984860987795348 0.13983791778972057
0.84437325395382878 0.11979158236193076 0.15917560851229837
0.8444806986842438 0.13935775283996901 0.060645179074391077
0.84526013155248347 0.13983702275471313 0.080152147243795144
0.8453805660138386 0.13996985460322292 0.099999948154110521
0.8452599817802966 0.13983645377444609 0.11984711045118576
0.84448294265643775 0.13935389394970568 0.13936179735601739
0.8443759914388469 0.15917423467307545 0.080210842389656131
0.84477937331822395 0.15792705851075542 0.099999650628855768
0.84437575158262868 0.15917269612090418 0.11978522704142491
0.86439581747873773 0.040796714565843523 0.080221555875498868
0.86480592778413867 0.041993159371328366 0.099999899828906308
0.86439159021943246 0.040797244339948364 0.1197739989872038
0.86450101954590619 0.060635892638579991 0.060639281180381199
0.86526246602657542 0.060161044619202492 0.080150830830057057
0.86538058419671382 0.060029027097775876 0.099999982677764374
0.8652615362633902 0.060162206780973809 0.11984799946845283
0.86449177288181522 0.060640470605102616 0.13936042531743612
0.86439364824673326 0.08022337668831335 0.040799439855671603
0.86526192041356043 0.080151592145043027 0.060161894489079076
0.86540707307383724 0.080004886543037473 0.080004900186971345
0.86541876746876412 0.080001149581889419 0.099999997460437307
0.8654069475064432 0.080004967739863389 0.11999502694716624
0.86526090609722495 0.080151975682353785 0.13983762139452877
0.86438177964676988 0.080221689497305335 0.15919609708575308
0.86480674995591866 0.099999925506649809 0.042000017385697697
0.86538059861397698 0.10000000614801413 0.060029190213589177
0.86541877449295102 0.099999984503227959 0.080001141404846612
0.86542168764305616 0.099999999785227875 0.099999999606545514
0.86541874341590175 0.099999996396400379 0.11999883003956027
0.86538040627825141 0.099999975199328739 0.13997065178830245
0.8647884521536563 0.10000001292889001 0.15799205508530864
0.86439148092731566 0.1197740163590673 0.040799968604262014
0.86526155931739346 0.1198475787315386 0.060162734521680812
0.86540695313513727 0.11999504065841356 0.080004965250516882
0.86541873895837307 0.11999883161286098 0.099999994499312697
0.86540696012879659 0.11999498395466736 0.11999498551988393
0.8652608676770599 0.1198474629832223 0.13983712879491103
0.86438133303774534 0.1197769542711663 0.15919607458569141
0.86449133918258581 0.13936281075475912 0.06064195108605603
0.86526091836299734 0.13983828606111545 0.080151332386147606
0.8653803956806958 0.13997067670402949 0.099999956199737297
0.86526095811055059 0.13983652024406873 0.11984685317046136
0.8644878033725526 0.13935592938661023 0.13935886646841639
0.86438255895364691 0.15919498941233529 0.080218910904783683
0.86479022467453359 0.15798978645065156 0.099999549202491336
0.86438266179999279 0.15919286798088728 0.11977430492310721
0.88442584168647054 0.040715555214748761 0.080214040859260524
0.88485334561845463 0.041790085313325294 0.099999799210051449
0.88442560463836939 0.040716362978810539 0.1197727771726019
0.88452501560579944 0.060585663898280954 0.060594756098362595
0.88526538559059065 0.060147709364339198 0.08013863937952688
0.8853812622664905 0.060026011351599531 0.099999933314977391
0.8852652927723309 0.060151019649294396 0.11985795058206912
0.88452216325566335 0.060599187467347437 0.13939378407106567
0.88442483970806207 0.08022204917795081 0.040718152571484333
0.88526556435737469 0.080140778047561506 0.060150093554478194
0.88540713882294397 0.080004570273733019 0.080004587001558561
0.88541877568451277 0.080001073766109113 0.099999990650632337
0.88540708870148233 0.080004676748924586 0.11999530652031308
0.88526495119994753 0.080143693957262674 0.13984689972426967
0.88442241873411664 0.080224115559967987 0.15926371962768779
0.88485010248165041 0.099999930705688522 0.041797510101064861
0.88538129639500474 0.099999937455879068 0.060026206644392663
0.88541878151859899 0.099999992498102611 0.080001069261198474
0.88542168791689801 0.099999999307362322 0.099999999234461956
0.88541876047841939 0.099999997931029219 0.11999890039087724
0.88538114010664604 0.099999987054791475 0.13997303267761257
0.88484919078385582 0.1000000261318187 0.15816148626139778
0.88442330627092591 0.1197712223315318 0.040718340397878527
0.88526513783248506 0.11985742982421101 0.060151664890552847
0.88540709816301899 0.11999531922935242 0.080004669331107475
0.88541876067257097 0.11999890184329917 0.099999996398318344
0.88540708935479429 0.11999527460115605 0.11999527502054755
0.88526499392535651 0.11985573793128571 0.13984640573516816
0.88442252323539239 0.11977391988691405 0.15926389479517084
0.88452089065648132 0.13939524895009628 0.060601697612839601
0.8852648851033581 0.13984725012519353 0.080143355570940947
0.88538113892624182 0.13997306196092049 0.09999997441831758
0.88526506645035652 0.13984619454525554 0.1198555161858901
0.88452127753257115 0.13939055094600594 0.13939163341958641
0.88442216760100767 0.1592644050850317 0.080223137154088228
0.88484950864379663 0.15816342630337002 0.099999848464117122
0.88442364049996935 0.15926358114195838 0.119772275960529
0.90444897211832176 0.040573068298635037 0.080199781704284753
0.90488197855310659 0.041441539819621724 0.099999852047455984
0.90445084216652127 0.040573440858997258 0.11979031595676805
0.90455241785697982 0.060496326379607911 0.060501274222923257
0.90526931545263489 0.060124203777456434 0.080116971582879351
0.90538217059224824 0.060021292350849367 0.099999935730198525
0.90526954919106561 0.060126520963683379 0.11988056930478633
0.90455487918006838 0.060506530934495845 0.13948372335236281
0.90444876065348823 0.080200397819137098 0.04058168811576509
0.90526952829639751 0.080117967411103566 0.06012538085816211
0.90540737455535247 0.080003818444344593 0.080003829041330479
0.90541884002864914 0.080000900507028905 0.099999989917210735
0.90540741192599949 0.080003951073423119 0.11999602940934186
0.9052696320286383 0.080121604742234592 0.13987084789375215
0.90445092025551765 0.080208803229356432 0.15940536657104748
0.90487804190174859 0.099999919837605145 0.041463030941229807
0.90538212118514283 0.099999935870005857 0.060021375689982615
0.90541883394609513 0.099999989296645386 0.080000896412969008
0.90542169348057433 0.099999999218585017 0.09999999921560343
0.90541880506352879 0.099999998832246181 0.11999907069210176
0.90538202780439592 0.099999994186287494 0.13997785206255195
0.90488239749016508 0.099999993665120676 0.15850593721227024
0.90444906860169305 0.11978970567090462 0.040581951989265147
0.90526961418544616 0.11987943942287342 0.060127730221811691
0.90540732373876742 0.11999602645527678 0.080003957562096106
0.90541880324138757 0.11999907148851904 0.099999998252743
0.90540732668565083 0.11999600137264203 0.11999600112409398
0.9052696653751261 0.1198779958036965 0.13987051453091562
0.90445108882514458 0.11978976463154613 0.159405370710137
0.9045547276371495 0.13948436676502349 0.060511411966838069
0.90526961059607403 0.13987101798189758 0.080121450803335825
0.90538202508883225 0.13997787320427613 0.099999989205909148
0.90526967715468354 0.13987054462857887 0.11987801488214395
0.90455579169707478 0.13948215683676829 0.13948214919469493
0.90445074616482923 0.1594060955009339 0.080208477473293849
0.90488215262859883 0.15850779613852567 0.099999981239413629
0.90445131141197221 0.15940599705088276 0.11978938431451194
0.92452410344948388 0.040377429122170322 0.08013535519799582
0.92496285581325588 0.040953592463409162 0.099999940300773318
0.92452563288396339 0.04037751434635109 0.11985967812068937
0.92462980304375786 0.060330387739166408 0.060332357070066872
0.92527983469705366 0.060081708229024262 0.08007688885416149
0.92538356292673896 0.060014244243062863 0.09999996833868989
0.92527999275002826 0.060082847724887457 0.11992187472612541
0.92463389861203071 0.060335479575550903 0.13965804164257831
0.924525895282166 0.080132164803205605 0.040387705508139311
0.92527994892289522 0.080077261793971552 0.060082222460677584
0.92540781155185925 0.08000254144190555 0.080002545247032486
0.9254189790045535 0.080000600796222704 0.099999993281883817
0.92540776738707409 0.080002620437633301 0.11999736623352784
0.9252802958412345 0.080079470140856812 0.13991547381679884
0.92453012255473821 0.08013798560891415 0.15960502704405344
0.92496611125992745 0.099999950771303969 0.040978648115290034
0.92538363372581389 0.099999951499977729 0.060014297976140767
0.92541893562625477 0.099999993331854595 0.080000606318197637
0.92542171680541541 0.099999999425396169 0.099999999493478556
0.92541892313132545 0.09999999940210659 0.11999937696833583
0.92538342787688188 0.099999997219438794 0.13998525079217089
0.92497054336211271 0.099999996121103746 0.15900329304224844
0.92452772452591658 0.11986163285597558 0.040387696486621341
0.92528014497204714 0.11992121310193973 0.060083647627104025
0.92540776112750189 0.11999736746639579 0.08000262248711737
0.92541892237718204 0.11999937749298439 0.099999999116046678
0.92540776441156591 0.11999735398888611 0.11999735363761155
0.92528034197714237 0.11992029803168125 0.13991528422138388
0.92453034631291631 0.11986117508322136 0.15960501853640957
0.92463468549200512 0.13965844434314767 0.060338711398803015
0.92528027666093238 0.13991558085361411 0.080079377041538072
0.92538342512995009 0.13998526490361163 0.099999995064956548
0.92528033716422053 0.13991531728436182 0.1199203223065881
0.92463601976421994 0.13965725307739735 0.13965713821891598
0.92452992366265385 0.15960547664336033 0.080137780018713009
0.92497027422421874 0.15900441806185342 0.099999992778518454
0.92453023037431115 0.15960546478285331 0.11986106169133394
0.94447061182833425 0.040118020210090796 0.080039987694989781
0.94490904079130866 0.040331010302043599 0.099999982530547649
0.94447132836006353 0.040118015595955452 0.11995858604067243
0.94457265288334846 0.060102721033802396 0.060103350971017336
0.94528128874128359 0.060023165835882332 0.080021259354053922
0.9453889259140944 0.060005640407983861 0.099999986041398328
0.94528143621017291 0.060023465635683323 0.11997840434790133
0.94457486148251824 0.060104173270142371 0.1398939250697705
0.94447239023936169 0.080038548595235029 0.040121898511379886
0.94528151980037856 0.080021371432858646 0.060023338444510813
0.94540986834748264 0.0800009371892101 0.080000939074229838
0.94541953843833237 0.080000231952261261 0.099999998129448278
0.94540984170805431 0.080000963057855798 0.11999903197098903
0.94528158188830591 0.080021920835550334 0.13997607549877625
0.94447494100633334 0.08004008437793235 0.15987586802943593
0.94491361853835298 0.099999982760058295 0.040341621469412912
0.9453888295092473 0.099999987400569645 0.060005794229369316
0.94541953622369967 0.099999996751281975 0.080000232392050979
0.94542183841770866 0.099999999767717895 0.099999999807305381
0.94541951540955682 0.099999999777707571 0.11999976153452202
0.94538875085382179 0.099999999086775773 0.13999409167937696
0.94491668635030934 0.099999998818227104 0.15965212028134143
0.94447342899804876 0.11995976322462842 0.040121903970158267
0.9452814957112714 0.11997825924413208 0.06002367300013433
0.94540984123885019 0.11999903255252913 0.080000963851863283
0.94541951416218439 0.11999976172419734 0.099999999691707003
0.94540984320613908 0.11999902797573701 0.11999902782299286
0.94528160778216241 0.11997801448671543 0.13997602563987563
0.94447507503171768 0.11995966537499141 0.15987586786712357
0.94457539890977715 0.13989405347542974 0.060105064564686249
0.94528157267568014 0.13997610542325159 0.080021896200094381
0.94538874871924661 0.13999409752554379 0.099999998340398744
0.94528160416901563 0.13997603593166169 0.11997802117130155
0.94457626635870862 0.1398936973193893 0.13989365889427022
0.9444748110388409 0.15987599554853207 0.08004001554741845
0.94491650466890442 0.1596524814343101 0.099999997762822507
0.94447499731043061 0.15987599548051284 0.11995963756850335
0 0 0.060000000000000005
0 0 0.080000000000000002
0 0 0.10000000000000001
0 0 0.12000000000000001
0 0 0.14000000000000001
0 0.020000000000000004 0.040000000000000008
0 0.020000000000000004 0.060000000000000005
0 0.020000000000000004 0.080000000000000002
0 0.020000000000000004 0.10000000000000001
0 0.020000000000000004 0.12000000000000001
0 0.020000000000000004 0.14000000000000001
0 0.020000000000000004 0.16
0 0.040000000000000008 0.020000000000000004
0 0.040000000000000008 0.040000000000000008
0 0.040000000000000008 0.060000000000000005
0 0.040000000000000008 0.14000000000000001
0 0.040000000000000008 0.16
0 0.040000000000000008 0.17999999999999999
0 0.060000000000000005 0
0 0.060000000000000005 0.020000000000000004
0 0.060000000000000005 0.040000000000000008
0 0.060000000000000005 0.16
0 0.060000000000000005 0.17999999999999999
0 0.060000000000000005 0.20000000000000001
0 0.080000000000000002 0
0 0.080000000000000002 0.020000000000000004
0 0.080000000000000002 0.17999999999999999
0 0.080000000000000002 0.20000000000000001
0 0.10000000000000001 0
0 0.10000000000000001 0.020000000000000004
0 0.10000000000000001 0.17999999999999999
0 0.10000000000000001 0.20000000000000001
0 0.12000000000000001 0
0 0.12000000000000001 0.020000000000000004
0 0.12000000000000001 0.17999999999999999
0 0.12000000000000001 0.20000000000000001
0 0.14000000000000001 0
0 0.14000000000000001 0.020000000000000004
0 0.14000000000000001 0.040000000000000008
0 0.14000000000000001 0.16
0 0.14000000000000001 0.17999999999999999
0 0.14000000000000001 0.20000000000000001
0 0.16 0.020000000000000004
0 0.16 0.040000000000000008
0 0.16 0.060000000000000005
0 0.16 0.14000000000000001
0 0.16 0.16
0 0.16 0.17999999999999999
0 0.17999999999999999 0.040000000000000008
0 0.17999999999999999 0.060000000000000005
0 0.17999999999999999 0.080000000000000002
0 0.17999999999999999 0.10000000000000001
0 0.17999999999999999 0.12000000000000001
0 0.17999999999999999 0.14000000000000001
0 0.17999999999999999 0.16
0 0.20000000000000001 0.060000000000000005
0 0.20000000000000001 0.080000000000000002
0 0.20000000000000001 0.10000000000000001
0 0.20000000000000001 0.12000000000000001
0 0.20000000000000001 0.14000000000000001
0.02 0 0.060000000000000005
0.02 0 0.080000000000000002
0.02 0 0.10000000000000001
0.02 0 0.12000000000000001
0.02 0 0.14000000000000001
0.02 0.020000000000000004 0.040000000000000008
0.02 0.020000000000000004 0.060000000000000005
0.02 0.020000000000000004 0.080000000000000002
0.02 0.020000000000000004 0.10000000000000001
0.02 0.020000000000000004 0.12000000000000001
0.02 0.020000000000000004 0.14000000000000001
0.02 0.020000000000000004 0.16
0.02 0.040000000000000008 0.020000000000000004
0.02 0.040000000000000008 0.040000000000000008
0.02 0.040000000000000008 0.060000000000000005
0.02 0.040000000000000008 0.14000000000000001
0.02 0.040000000000000008 0.16
0.02 0.040000000000000008 0.17999999999999999
0.02 0.060000000000000005 0
0.02 0.060000000000000005 0.020000000000000004
0.02 0.060000000000000005 0.040000000000000008
0.02 0.060000000000000005 0.16
0.02 0.060000000000000005 0.17999999999999999
0.02 0.060000000000000005 0.20000000000000001
0.02 0.080000000000000002 0
0.02 0.080000000000000002 0.020000000000000004
0.02 0.080000000000000002 0.17999999999999999
0.02 0.080000000000000002 0.20000000000000001
0.02 0.10000000000000001 0
0.02 0.10000000000000001 0.020000000000000004
0.02 0.10000000000000001 0.17999999999999999
0.02 0.10000000000000001 0.20000000000000001
0.02 0.12000000000000001 0
0.02 0.12000000000000001 0.020000000000000004
0.02 0.12000000000000001 0.17999999999999999
0.02 0.12000000000000001 0.20000000000000001
0.02 0.14000000000000001 0
0.02 0.14000000000000001 0.020000000000000004
0.02 0.14000000000000001 0.040000000000000008
0.02 0.14000000000000001 0.16
0.02 0.14000000000000001 0.17999999999999999
0.02 0.14000000000000001 0.20000000000000001
0.02 0.16 0.020000000000000004
0.02 0.16 0.040000000000000008
0.02 0.16 0.060000000000000005
0.02 0.16 0.14000000000000001
0.02 0.16 0.16
0.02 0.16 0.17999999999999999
0.02 0.17999999999999999 0.040000000000000008
0.02 0.17999999999999999 0.060000000000000005
0.02 0.17999999999999999 0.080000000000000002
0.02 0.17999999999999999 0.10000000000000001
0.02 0.17999999999999999 0.12000000000000001
0.02 0.17999999999999999 0.14000000000000001
0.02 0.17999999999999999 0.16
0.02 0.20000000000000001 0.060000000000000005
0.02 0.20000000000000001 0.080000000000000002
0.02 0.20000000000000001 0.10000000000000001
0.02 0.20000000000000001 0.12000000000000001
0.02 0.20000000000000001 0.14000000000000001
0.040000000000000001 0 0.060000000000000005
0.040000000000000001 0 0.080000000000000002
0.040000000000000001 0 0.10000000000000001
0.040000000000000001 0 0.12000000000000001
0.040000000000000001 0 0.14000000000000001
0.040000000000000001 0.020000000000000004 0.040000000000000008
0.040000000000000001 0.020000000000000004 0.060000000000000005
0.040000000000000001 0.020000000000000004 0.080000000000000002
0.040000000000000001 0.020000000000000004 0.10000000000000001
0.040000000000000001 0.020000000000000004 0.12000000000000001
0.040000000000000001 0.020000000000000004 0.14000000000000001
0.040000000000000001 0.020000000000000004 0.16
0.040000000000000001 0.040000000000000008 0.020000000000000004
0.040000000000000001 0.040000000000000008 0.040000000000000008
0.040000000000000001 0.040000000000000008 0.060000000000000005
0.040000000000000001 0.040000000000000008 0.14000000000000001
0.040000000000000001 0.040000000000000008 0.16
0.040000000000000001 0.040000000000000008 0.17999999999999999
0.040000000000000001 0.060000000000000005 0
0.040000000000000001 0.060000000000000005 0.020000000000000004
0.040000000000000001 0.060000000000000005 0.040000000000000008
0.040000000000000001 0.060000000000000005 0.16
0.040000000000000001 0.060000000000000005 0.17999999999999999
0.040000000000000001 0.060000000000000005 0.20000000000000001
0.040000000000000001 0.080000000000000002 0
0.040000000000000001 0.080000000000000002 0.020000000000000004
0.040000000000000001 0.080000000000000002 0.17999999999999999
0.040000000000000001 0.080000000000000002 0.20000000000000001
0.040000000000000001 0.10000000000000001 0
0.040000000000000001 0.10000000000000001 0.020000000000000004
0.040000000000000001 0.10000000000000001 0.17999999999999999
0.040000000000000001 0.10000000000000001 0.20000000000000001
0.040000000000000001 0.12000000000000001 0
0.040000000000000001 0.12000000000000001 0.020000000000000004
0.040000000000000001 0.12000000000000001 0.17999999999999999
0.040000000000000001 0.12000000000000001 0.20000000000000001
0.040000000000000001 0.14000000000000001 0
0.040000000000000001 0.14000000000000001 0.020000000000000004
0.040000000000000001 0.14000000000000001 0.040000000000000008
0.040000000000000001 0.14000000000000001 0.16
0.040000000000000001 0.14000000000000001 0.17999999999999999
0.040000000000000001 0.14000000000000001 0.20000000000000001
0.040000000000000001 0.16 0.020000000000000004
0.040000000000000001 0.16 0.040000000000000008
0.040000000000000001 0.16 0.060000000000000005
0.040000000000000001 0.16 0.14000000000000001
0.040000000000000001 0.16 0.16
0.040000000000000001 0.16 0.17999999999999999
0.040000000000000001 0.17999999999999999 0.040000000000000008
0.040000000000000001 0.17999999999999999 0.060000000000000005
0.040000000000000001 0.17999999999999999 0.080000000000000002
0.040000000000000001 0.17999999999999999 0.10000000000000001
0.040000000000000001 0.17999999999999999 0.12000000000000001
0.040000000000000001 0.17999999999999999 0.14000000000000001
0.040000000000000001 0.17999999999999999 0.16
0.040000000000000001 0.20000000000000001 0.060000000000000005
0.040000000000000001 0.20000000000000001 0.080000000000000002
0.040000000000000001 0.20000000000000001 0.10000000000000001
0.040000000000000001 0.20000000000000001 0.12000000000000001
0.040000000000000001 0.20000000000000001 0.14000000000000001
0.059999999999999998 0 0.060000000000000005
0.059999999999999998 0 0.080000000000000002
0.059999999999999998 0 0.10000000000000001
0.059999999999999998 0 0.12000000000000001
0.059999999999999998 0 0.14000000000000001
0.059999999999999998 0.020000000000000004 0.040000000000000008
0.059999999999999998 0.020000000000000004 0.060000000000000005
0.059999999999999998 0.020000000000000004 0.080000000000000002
0.059999999999999998 0.020000000000000004 0.10000000000000001
0.059999999999999998 0.020000000000000004 0.12000000000000001
0.059999999999999998 0.020000000000000004 0.14000000000000001
0.059999999999999998 0.020000000000000004 0.16
0.059999999999999998 0.040000000000000008 0.020000000000000004
0.059999999999999998 0.040000000000000008 0.040000000000000008
0.059999999999999998 0.040000000000000008 0.060000000000000005
0.059999999999999998 0.040000000000000008 0.14000000000000001
0.059999999999999998 0.040000000000000008 0.16
0.059999999999999998 0.040000000000000008 0.17999999999999999
0.059999999999999998 0.060000000000000005 0
0.059999999999999998 0.060000000000000005 0.020000000000000004
0.059999999999999998 0.060000000000000005 0.040000000000000008
0.059999999999999998 0.060000000000000005 0.16
0.059999999999999998 0.060000000000000005 0.17999999999999999
0.059999999999999998 0.060000000000000005 0.20000000000000001
0.059999999999999998 0.080000000000000002 0
0.059999999999999998 0.080000000000000002 0.020000000000000004
0.059999999999999998 0.080000000000000002 0.17999999999999999
0.059999999999999998 0.080000000000000002 0.20000000000000001
0.059999999999999998 0.10000000000000001 0
0.059999999999999998 0.10000000000000001 0.020000000000000004
0.059999999999999998 0.10000000000000001 0.17999999999999999
0.059999999999999998 0.10000000000000001 0.20000000000000001
0.059999999999999998 0.12000000000000001 0
0.059999999999999998 0.12000000000000001 0.020000000000000004
0.059999999999999998 0.12000000000000001 0.17999999999999999
0.059999999999999998 0.12000000000000001 0.20000000000000001
0.059999999999999998 0.14000000000000001 0
0.059999999999999998 0.14000000000000001 0.020000000000000004
0.059999999999999998 0.14000000000000001 0.040000000000000008
0.059999999999999998 0.14000000000000001 0.16
0.059999999999999998 0.14000000000000001 0.17999999999999999
0.059999999999999998 0.14000000000000001 0.20000000000000001
0.059999999999999998 0.16 0.020000000000000004
0.059999999999999998 0.16 0.040000000000000008
0.059999999999999998 0.16 0.060000000000000005
0.059999999999999998 0.16 0.14000000000000001
0.059999999999999998 0.16 0.16
0.059999999999999998 0.16 0.17999999999999999
0.059999999999999998 0.17999999999999999 0.040000000000000008
0.059999999999999998 0.17999999999999999 0.060000000000000005
0.059999999999999998 0.17999999999999999 0.080000000000000002
0.059999999999999998 0.17999999999999999 0.10000000000000001
0.059999999999999998 0.17999999999999999 0.12000000000000001
0.059999999999999998 0.17999999999999999 0.14000000000000001
0.059999999999999998 0.17999999999999999 0.16
0.059999999999999998 0.20000000000000001 0.060000000000000005
0.059999999999999998 0.20000000000000001 0.080000000000000002
0.059999999999999998 0.20000000000000001 0.10000000000000001
0.059999999999999998 0.20000000000000001 0.12000000000000001
0.059999999999999998 0.20000000000000001 0.14000000000000001
0.080000000000000002 0 0.060000000000000005
0.080000000000000002 0 0.080000000000000002
0.080000000000000002 0 0.10000000000000001
0.080000000000000002 0 0.12000000000000001
0.080000000000000002 0 0.14000000000000001
0.080000000000000002 0.020000000000000004 0.040000000000000008
0.080000000000000002 0.020000000000000004 0.060000000000000005
0.080000000000000002 0.020000000000000004 0.080000000000000002
0.080000000000000002 0.020000000000000004 0.10000000000000001
0.080000000000000002 0.020000000000000004 0.12000000000000001
0.080000000000000002 0.020000000000000004 0.14000000000000001
0.080000000000000002 0.020000000000000004 0.16
0.080000000000000002 0.040000000000000008 0.020000000000000004
0.080000000000000002 0.040000000000000008 0.040000000000000008
0.080000000000000002 0.040000000000000008 0.060000000000000005
0.080000000000000002 0.040000000000000008 0.14000000000000001
0.080000000000000002 0.040000000000000008 0.16
0.080000000000000002 0.040000000000000008 0.17999999999999999
0.080000000000000002 0.060000000000000005 0
0.080000000000000002 0.060000000000000005 0.020000000000000004
0.080000000000000002 0.060000000000000005 0.040000000000000008
0.080000000000000002 0.060000000000000005 0.16
0.080000000000000002 0.060000000000000005 0.17999999999999999
0.080000000000000002 0.060000000000000005 0.20000000000000001
0.080000000000000002 0.080000000000000002 0
0.080000000000000002 0.080000000000000002 0.020000000000000004
0.080000000000000002 0.080000000000000002 0.17999999999999999
0.080000000000000002 0.080000000000000002 0.20000000000000001
0.080000000000000002 0.10000000000000001 0
0.080000000000000002 0.10000000000000001 0.020000000000000004
0.080000000000000002 0.10000000000000001 0.17999999999999999
0.080000000000000002 0.10000000000000001 0.20000000000000001
0.080000000000000002 0.12000000000000001 0
0.080000000000000002 0.12000000000000001 0.020000000000000004
0.080000000000000002 0.12000000000000001 0.17999999999999999
0.080000000000000002 0.12000000000000001 0.20000000000000001
0.080000000000000002 0.14000000000000001 0
0.080000000000000002 0.14000000000000001 0.020000000000000004
0.080000000000000002 0.14000000000000001 0.040000000000000008
0.080000000000000002 0.14000000000000001 0.16
0.080000000000000002 0.14000000000000001 0.17999999999999999
0.080000000000000002 0.14000000000000001 0.20000000000000001
0.080000000000000002 0.16 0.020000000000000004
0.080000000000000002 0.16 0.040000000000000008
0.080000000000000002 0.16 0.060000000000000005
0.080000000000000002 0.16 0.14000000000000001
0.080000000000000002 0.16 0.16
0.080000000000000002 0.16 0.17999999999999999
0.080000000000000002 0.17999999999999999 0.040000000000000008
0.080000000000000002 0.17999999999999999 0.060000000000000005
0.080000000000000002 0.17999999999999999 0.080000000000000002
0.080000000000000002 0.17999999999999999 0.10000000000000001
0.080000000000000002 0.17999999999999999 0.12000000000000001
0.080000000000000002 0.17999999999999999 0.14000000000000001
0.080000000000000002 0.17999999999999999 0.16
0.080000000000000002 0.20000000000000001 0.060000000000000005
0.080000000000000002 0.20000000000000001 0.080000000000000002
0.080000000000000002 0.20000000000000001 0.10000000000000001
0.080000000000000002 0.20000000000000001 0.12000000000000001
0.080000000000000002 0.20000000000000001 0.14000000000000001
0.10000000000000001 0 0.060000000000000005
0.10000000000000001 0 0.080000000000000002
0.10000000000000001 0 0.10000000000000001
0.10000000000000001 0 0.12000000000000001
0.10000000000000001 0 0.14000000000000001
0.10000000000000001 0.020000000000000004 0.040000000000000008
0.10000000000000001 0.020000000000000004 0.060000000000000005
0.10000000000000001 0.020000000000000004 0.080000000000000002
0.10000000000000001 0.020000000000000004 0.10000000000000001
0.10000000000000001 0.020000000000000004 0.12000000000000001
0.10000000000000001 0.020000000000000004 0.14000000000000001
0.10000000000000001 0.020000000000000004 0.16
0.10000000000000001 0.040000000000000008 0.020000000000000004
0.10000000000000001 0.040000000000000008 0.040000000000000008
0.10000000000000001 0.040000000000000008 0.060000000000000005
0.10000000000000001 0.040000000000000008 0.14000000000000001
0.10000000000000001 0.040000000000000008 0.16
0.10000000000000001 0.040000000000000008 0.17999999999999999
0.10000000000000001 0.060000000000000005 0
0.10000000000000001 0.060000000000000005 0.020000000000000004
0.10000000000000001 0.060000000000000005 0.040000000000000008
0.10000000000000001 0.060000000000000005 0.16
0.10000000000000001 0.060000000000000005 0.17999999999999999
0.10000000000000001 0.060000000000000005 0.20000000000000001
0.10000000000000001 0.080000000000000002 0
0.10000000000000001 0.080000000000000002 0.020000000000000004
0.10000000000000001 0.080000000000000002 0.17999999999999999
0.10000000000000001 0.080000000000000002 0.20000000000000001
0.10000000000000001 0.10000000000000001 0
0.10000000000000001 0.10000000000000001 0.020000000000000004
0.10000000000000001 0.10000000000000001 0.17999999999999999
0.10000000000000001 0.10000000000000001 0.20000000000000001
0.10000000000000001 0.12000000000000001 0
0.10000000000000001 0.12000000000000001 0.020000000000000004
0.10000000000000001 0.12000000000000001 0.17999999999999999
0.10000000000000001 0.12000000000000001 0.20000000000000001
0.10000000000000001 0.14000000000000001 0
0.10000000000000001 0.14000000000000001 0.020000000000000004
0.10000000000000001 0.14000000000000001 0.040000000000000008
0.10000000000000001 0.14000000000000001 0.16
0.10000000000000001 0.14000000000000001 0.17999999999999999
0.10000000000000001 0.14000000000000001 0.20000000000000001
0.10000000000000001 0.16 0.020000000000000004
0.10000000000000001 0.16 0.040000000000000008
0.10000000000000001 0.16 0.060000000000000005
0.10000000000000001 0.16 0.14000000000000001
0.10000000000000001 0.16 0.16
0.10000000000000001 0.16 0.17999999999999999
0.10000000000000001 0.17999999999999999 0.040000000000000008
0.10000000000000001 0.17999999999999999 0.060000000000000005
0.10000000000000001 0.17999999999999999 0.080000000000000002
0.10000000000000001 0.17999999999999999 0.10000000000000001
0.10000000000000001 0.17999999999999999 0.12000000000000001
0.10000000000000001 0.17999999999999999 0.14000000000000001
0.10000000000000001 0.17999999999999999 0.16
0.10000000000000001 0.20000000000000001 0.060000000000000005
0.10000000000000001 0.20000000000000001 0.080000000000000002
0.10000000000000001 0.20000000000000001 0.10000000000000001
0.10000000000000001 0.20000000000000001 0.12000000000000001
0.10000000000000001 0.20000000000000001 0.14000000000000001
0.12 0 0.060000000000000005
0.12 0 0.080000000000000002
0.12 0 0.10000000000000001
0.12 0 0.12000000000000001
0.12 0 0.14000000000000001
0.12 0.020000000000000004 0.040000000000000008
0.12 0.020000000000000004 0.060000000000000005
0.12 0.020000000000000004 0.080000000000000002
0.12 0.020000000000000004 0.10000000000000001
0.12 0.020000000000000004 0.12000000000000001
0.12 0.020000000000000004 0.14000000000000001
0.12 0.020000000000000004 0.16
0.12 0.040000000000000008 0.020000000000000004
0.12 0.040000000000000008 0.040000000000000008
0.12 0.040000000000000008 0.060000000000000005
0.12 0.040000000000000008 0.14000000000000001
0.12 0.040000000000000008 0.16
0.12 0.040000000000000008 0.17999999999999999
0.12 0.060000000000000005 0
0.12 0.060000000000000005 0.020000000000000004
0.12 0.060000000000000005 0.040000000000000008
0.12 0.060000000000000005 0.16
0.12 0.060000000000000005 0.17999999999999999
0.12 0.060000000000000005 0.20000000000000001
0.12 0.080000000000000002 0
0.12 0.080000000000000002 0.020000000000000004
0.12 0.080000000000000002 0.17999999999999999
0.12 0.080000000000000002 0.20000000000000001
0.12 0.10000000000000001 0
0.12 0.10000000000000001 0.020000000000000004
0.12 0.10000000000000001 0.17999999999999999
0.12 0.10000000000000001 0.20000000000000001
0.12 0.12000000000000001 0
0.12 0.12000000000000001 0.020000000000000004
0.12 0.12000000000000001 0.17999999999999999
0.12 0.12000000000000001 0.20000000000000001
0.12 0.14000000000000001 0
0.12 0.14000000000000001 0.020000000000000004
0.12 0.14000000000000001 0.040000000000000008
0.12 0.14000000000000001 0.16
0.12 0.14000000000000001 0.17999999999999999
0.12 0.14000000000000001 0.20000000000000001
0.12 0.16 0.020000000000000004
0.12 0.16 0.040000000000000008
0.12 0.16 0.060000000000000005
0.12 0.16 0.14000000000000001
0.12 0.16 0.16
0.12 0.16 0.17999999999999999
0.12 0.17999999999999999 0.040000000000000008
0.12 0.17999999999999999 0.060000000000000005
0.12 0.17999999999999999 0.080000000000000002
0.12 0.17999999999999999 0.10000000000000001
0.12 0.17999999999999999 0.12000000000000001
0.12 0.17999999999999999 0.14000000000000001
0.12 0.17999999999999999 0.16
0.12 0.20000000000000001 0.060000000000000005
0.12 0.20000000000000001 0.080000000000000002
0.12 0.20000000000000001 0.10000000000000001
0.12 0.20000000000000001 0.12000000000000001
0.12 0.20000000000000001 0.14000000000000001
0.14000000000000001 0 0.060000000000000005
0.14000000000000001 0 0.080000000000000002
0.14000000000000001 0 0.10000000000000001
0.14000000000000001 0 0.12000000000000001
0.14000000000000001 0 0.14000000000000001
0.14000000000000001 0.020000000000000004 0.040000000000000008
0.14000000000000001 0.020000000000000004 0.060000000000000005
0.14000000000000001 0.020000000000000004 0.080000000000000002
0.14000000000000001 0.020000000000000004 0.10000000000000001
0.14000000000000001 0.020000000000000004 0.12000000000000001
0.14000000000000001 0.020000000000000004 0.14000000000000001
0.14000000000000001 0.020000000000000004 0.16
0.14000000000000001 0.040000000000000008 0.020000000000000004
0.14000000000000001 0.040000000000000008 0.040000000000000008
0.14000000000000001 0.040000000000000008 0.060000000000000005
0.14000000000000001 0.040000000000000008 0.14000000000000001
0.14000000000000001 0.040000000000000008 0.16
0.14000000000000001 0.040000000000000008 0.17999999999999999
0.14000000000000001 0.060000000000000005 0
0.14000000000000001 0.060000000000000005 0.020000000000000004
0.14000000000000001 0.060000000000000005 0.040000000000000008
0.14000000000000001 0.060000000000000005 0.16
0.14000000000000001 0.060000000000000005 0.17999999999999999
0.14000000000000001 0.060000000000000005 0.20000000000000001
0.14000000000000001 0.080000000000000002 0
0.14000000000000001 0.080000000000000002 0.020000000000000004
0.14000000000000001 0.080000000000000002 0.17999999999999999
0.14000000000000001 0.080000000000000002 0.20000000000000001
0.14000000000000001 0.10000000000000001 0
0.14000000000000001 0.10000000000000001 0.020000000000000004
0.14000000000000001 0.10000000000000001 0.17999999999999999
0.14000000000000001 0.10000000000000001 0.20000000000000001
0.14000000000000001 0.12000000000000001 0
0.14000000000000001 0.12000000000000001 0.020000000000000004
0.14000000000000001 0.12000000000000001 0.17999999999999999
0.14000000000000001 0.12000000000000001 0.20000000000000001
0.14000000000000001 0.14000000000000001 0
0.14000000000000001 0.14000000000000001 0.020000000000000004
0.14000000000000001 0.14000000000000001 0.040000000000000008
0.14000000000000001 0.14000000000000001 0.16
0.14000000000000001 0.14000000000000001 0.17999999999999999
0.14000000000000001 0.14000000000000001 0.20000000000000001
0.14000000000000001 0.16 0.020000000000000004
0.14000000000000001 0.16 0.040000000000000008
0.14000000000000001 0.16 0.060000000000000005
0.14000000000000001 0.16 0.14000000000000001
0.14000000000000001 0.16 0.16
0.14000000000000001 0.16 0.17999999999999999
0.14000000000000001 0.17999999999999999 0.040000000000000008
0.14000000000000001 0.17999999999999999 0.060000000000000005
0.14000000000000001 0.17999999999999999 0.080000000000000002
0.14000000000000001 0.17999999999999999 0.10000000000000001
0.14000000000000001 0.17999999999999999 0.12000000000000001
0.14000000000000001 0.17999999999999999 0.14000000000000001
0.14000000000000001 0.17999999999999999 0.16
0.14000000000000001 0.20000000000000001 0.060000000000000005
0.14000000000000001 0.20000000000000001 0.080000000000000002
0.14000000000000001 0.20000000000000001 0.10000000000000001
0.14000000000000001 0.20000000000000001 0.12000000000000001
0.14000000000000001 0.20000000000000001 0.14000000000000001
0.16 0 0.060000000000000005
0.16 0 0.080000000000000002
0.16 0 0.10000000000000001
0.16 0 0.12000000000000001
0.16 0 0.14000000000000001
0.16 0.020000000000000004 0.040000000000000008
0.16 0.020000000000000004 0.060000000000000005
0.16 0.020000000000000004 0.080000000000000002
0.16 0.020000000000000004 0.10000000000000001
0.16 0.020000000000000004 0.12000000000000001
0.16 0.020000000000000004 0.14000000000000001
0.16 0.020000000000000004 0.16
0.16 0.040000000000000008 0.020000000000000004
0.16 0.040000000000000008 0.040000000000000008
0.16 0.040000000000000008 0.060000000000000005
0.16 0.040000000000000008 0.14000000000000001
0.16 0.040000000000000008 0.16
0.16 0.040000000000000008 0.17999999999999999
0.16 0.060000000000000005 0
0.16 0.060000000000000005 0.020000000000000004
0.16 0.060000000000000005 0.040000000000000008
0.16 0.060000000000000005 0.16
0.16 0.060000000000000005 0.17999999999999999
0.16 0.060000000000000005 0.20000000000000001
0.16 0.080000000000000002 0
0.16 0.080000000000000002 0.020000000000000004
0.16 0.080000000000000002 0.17999999999999999
0.16 0.080000000000000002 0.20000000000000001
0.16 0.10000000000000001 0
0.16 0.10000000000000001 0.020000000000000004
0.16 0.10000000000000001 0.17999999999999999
0.16 0.10000000000000001 0.20000000000000001
0.16 0.12000000000000001 0
0.16 0.12000000000000001 0.020000000000000004
0.16 0.12000000000000001 0.17999999999999999
0.16 0.12000000000000001 0.20000000000000001
0.16 0.14000000000000001 0
0.16 0.14000000000000001 0.020000000000000004
0.16 0.14000000000000001 0.040000000000000008
0.16 0.14000000000000001 0.16
0.16 0.14000000000000001 0.17999999999999999
0.16 0.14000000000000001 0.20000000000000001
0.16 0.16 0.020000000000000004
0.16 0.16 0.040000000000000008
0.16 0.16 0.060000000000000005
0.16 0.16 0.14000000000000001
0.16 0.16 0.16
0.16 0.16 0.17999999999999999
0.16 0.17999999999999999 0.040000000000000008
0.16 0.17999999999999999 0.060000000000000005
0.16 0.17999999999999999 0.080000000000000002
0.16 0.17999999999999999 0.10000000000000001
0.16 0.17999999999999999 0.12000000000000001
0.16 0.17999999999999999 0.14000000000000001
0.16 0.17999999999999999 0.16
0.16 0.20000000000000001 0.060000000000000005
0.16 0.20000000000000001 0.080000000000000002
0.16 0.20000000000000001 0.10000000000000001
0.16 0.20000000000000001 0.12000000000000001
0.16 0.20000000000000001 0.14000000000000001
0.17999999999999999 0 0.060000000000000005
0.17999999999999999 0 0.080000000000000002
0.17999999999999999 0 0.10000000000000001
0.17999999999999999 0 0.12000000000000001
0.17999999999999999 0 0.14000000000000001
0.17999999999999999 0.020000000000000004 0.040000000000000008
0.17999999999999999 0.020000000000000004 0.060000000000000005
0.17999999999999999 0.020000000000000004 0.080000000000000002
0.17999999999999999 0.020000000000000004 0.10000000000000001
0.17999999999999999 0.020000000000000004 0.12000000000000001
0.17999999999999999 0.020000000000000004 0.14000000000000001
0.17999999999999999 0.020000000000000004 0.16
0.17999999999999999 0.040000000000000008 0.020000000000000004
0.17999999999999999 0.040000000000000008 0.040000000000000008
0.17999999999999999 0.040000000000000008 0.060000000000000005
0.17999999999999999 0.040000000000000008 0.14000000000000001
0.17999999999999999 0.040000000000000008 0.16
0.17999999999999999 0.040000000000000008 0.17999999999999999
0.17999999999999999 0.060000000000000005 0
0.17999999999999999 0.060000000000000005 0.020000000000000004
0.17999999999999999 0.060000000000000005 0.040000000000000008
0.17999999999999999 0.060000000000000005 0.16
0.17999999999999999 0.060000000000000005 0.17999999999999999
0.17999999999999999 0.060000000000000005 0.20000000000000001
0.17999999999999999 0.080000000000000002 0
0.17999999999999999 0.080000000000000002 0.020000000000000004
0.17999999999999999 0.080000000000000002 0.17999999999999999
0.17999999999999999 0.080000000000000002 0.20000000000000001
0.17999999999999999 0.10000000000000001 0
0.17999999999999999 0.10000000000000001 0.020000000000000004
0.17999999999999999 0.10000000000000001 0.17999999999999999
0.17999999999999999 0.10000000000000001 0.20000000000000001
0.17999999999999999 0.12000000000000001 0
0.17999999999999999 0.12000000000000001 0.020000000000000004
0.17999999999999999 0.12000000000000001 0.17999999999999999
0.17999999999999999 0.12000000000000001 0.20000000000000001
0.17999999999999999 0.14000000000000001 0
0.17999999999999999 0.14000000000000001 0.020000000000000004
0.17999999999999999 0.14000000000000001 0.040000000000000008
0.17999999999999999 0.14000000000000001 0.16
0.17999999999999999 0.14000000000000001 0.17999999999999999
0.17999999999999999 0.14000000000000001 0.20000000000000001
0.17999999999999999 0.16 0.020000000000000004
0.17999999999999999 0.16 0.040000000000000008
0.17999999999999999 0.16 0.060000000000000005
0.17999999999999999 0.16 0.14000000000000001
0.17999999999999999 0.16 0.16
0.17999999999999999 0.16 0.17999999999999999
0.17999999999999999 0.17999999999999999 0.040000000000000008
0.17999999999999999 0.17999999999999999 0.060000000000000005
0.17999999999999999 0.17999999999999999 0.080000000000000002
0.17999999999999999 0.17999999999999999 0.10000000000000001
0.17999999999999999 0.17999999999999999 0.12000000000000001
0.17999999999999999 0.17999999999999999 0.14000000000000001
0.17999999999999999 0.17999999999999999 0.16
0.17999999999999999 0.20000000000000001 0.060000000000000005
0.17999999999999999 0.20000000000000001 0.080000000000000002
0.17999999999999999 0.20000000000000001 0.10000000000000001
0.17999999999999999 0.20000000000000001 0.12000000000000001
0.17999999999999999 0.20000000000000001 0.14000000000000001
0.20000000000000001 0 0.060000000000000005
0.20000000000000001 0 0.080000000000000002
0.20000000000000001 0 0.10000000000000001
0.20000000000000001 0 0.12000000000000001
0.20000000000000001 0 0.14000000000000001
0.20000000000000001 0.020000000000000004 0.040000000000000008
0.20000000000000001 0.020000000000000004 0.060000000000000005
0.20000000000000001 0.020000000000000004 0.080000000000000002
0.20000000000000001 0.020000000000000004 0.10000000000000001
0.20000000000000001 0.020000000000000004 0.12000000000000001
0.20000000000000001 0.020000000000000004 0.14000000000000001
0.20000000000000001 0.020000000000000004 0.16
0.20000000000000001 0.040000000000000008 0.020000000000000004
0.20000000000000001 0.040000000000000008 0.040000000000000008
0.20000000000000001 0.040000000000000008 0.060000000000000005
0.20000000000000001 0.040000000000000008 0.14000000000000001
0.20000000000000001 0.040000000000000008 0.16
0.20000000000000001 0.040000000000000008 0.17999999999999999
0.20000000000000001 0.060000000000000005 0
0.20000000000000001 0.060000000000000005 0.020000000000000004
0.20000000000000001 0.060000000000000005 0.040000000000000008
0.20000000000000001 0.060000000000000005 0.16
0.20000000000000001 0.060000000000000005 0.17999999999999999
0.20000000000000001 0.060000000000000005 0.20000000000000001
0.20000000000000001 0.080000000000000002 0
0.20000000000000001 0.080000000000000002 0.020000000000000004
0.20000000000000001 0.080000000000000002 0.17999999999999999
0.20000000000000001 0.080000000000000002 0.20000000000000001
0.20000000000000001 0.10000000000000001 0
0.20000000000000001 0.10000000000000001 0.020000000000000004
0.20000000000000001 0.10000000000000001 0.17999999999999999
0.20000000000000001 0.10000000000000001 0.20000000000000001
0.20000000000000001 0.12000000000000001 0
0.20000000000000001 0.12000000000000001 0.020000000000000004
0.20000000000000001 0.12000000000000001 0.17999999999999999
0.20000000000000001 0.12000000000000001 0.20000000000000001
0.20000000000000001 0.14000000000000001 0
0.20000000000000001 0.14000000000000001 0.020000000000000004
0.20000000000000001 0.14000000000000001 0.040000000000000008
0.20000000000000001 0.14000000000000001 0.16
0.20000000000000001 0.14000000000000001 0.17999999999999999
0.20000000000000001 0.14000000000000001 0.20000000000000001
0.20000000000000001 0.16 0.020000000000000004
0.20000000000000001 0.16 0.040000000000000008
0.20000000000000001 0.16 0.060000000000000005
0.20000000000000001 0.16 0.14000000000000001
0.20000000000000001 0.16 0.16
0.20000000000000001 0.16 0.17999999999999999
0.20000000000000001 0.17999999999999999 0.040000000000000008
0.20000000000000001 0.17999999999999999 0.060000000000000005
0.20000000000000001 0.17999999999999999 0.080000000000000002
0.20000000000000001 0.17999999999999999 0.10000000000000001
0.20000000000000001 0.17999999999999999 0.12000000000000001
0.20000000000000001 0.17999999999999999 0.14000000000000001
0.20000000000000001 0.17999999999999999 0.16
0.20000000000000001 0.20000000000000001 0.060000000000000005
0.20000000000000001 0.20000000000000001 0.080000000000000002
0.20000000000000001 0.20000000000000001 0.10000000000000001
0.20000000000000001 0.20000000000000001 0.12000000000000001
0.20000000000000001 0.20000000000000001 0.14000000000000001
0.22 0 0.060000000000000005
0.22 0 0.080000000000000002
0.22 0 0.10000000000000001
0.22 0 0.12000000000000001
0.22 0 0.14000000000000001
0.22 0.020000000000000004 0.040000000000000008
0.22 0.020000000000000004 0.060000000000000005
0.22 0.020000000000000004 0.080000000000000002
0.22 0.020000000000000004 0.10000000000000001
0.22 0.020000000000000004 0.12000000000000001
0.22 0.020000000000000004 0.14000000000000001
0.22 0.020000000000000004 0.16
0.22 0.040000000000000008 0.020000000000000004
0.22 0.040000000000000008 0.040000000000000008
0.22 0.040000000000000008 0.060000000000000005
0.22 0.040000000000000008 0.14000000000000001
0.22 0.040000000000000008 0.16
0.22 0.040000000000000008 0.17999999999999999
0.22 0.060000000000000005 0
0.22 0.060000000000000005 0.020000000000000004
0.22 0.060000000000000005 0.040000000000000008
0.22 0.060000000000000005 0.16
0.22 0.060000000000000005 0.17999999999999999
0.22 0.060000000000000005 0.20000000000000001
0.22 0.080000000000000002 0
0.22 0.080000000000000002 0.020000000000000004
0.22 0.080000000000000002 0.17999999999999999
0.22 0.080000000000000002 0.20000000000000001
0.22 0.10000000000000001 0
0.22 0.10000000000000001 0.020000000000000004
0.22 0.10000000000000001 0.17999999999999999
0.22 0.10000000000000001 0.20000000000000001
0.22 0.12000000000000001 0
0.22 0.12000000000000001 0.020000000000000004
0.22 0.12000000000000001 0.17999999999999999
0.22 0.12000000000000001 0.20000000000000001
0.22 0.14000000000000001 0
0.22 0.14000000000000001 0.020000000000000004
0.22 0.14000000000000001 0.040000000000000008
0.22 0.14000000000000001 0.16
0.22 0.14000000000000001 0.17999999999999999
0.22 0.14000000000000001 0.20000000000000001
0.22 0.16 0.020000000000000004
0.22 0.16 0.040000000000000008
0.22 0.16 0.060000000000000005
0.22 0.16 0.14000000000000001
0.22 0.16 0.16
0.22 0.16 0.17999999999999999
0.22 0.17999999999999999 0.040000000000000008
0.22 0.17999999999999999 0.060000000000000005
0.22 0.17999999999999999 0.080000000000000002
0.22 0.17999999999999999 0.10000000000000001
0.22 0.17999999999999999 0.12000000000000001
0.22 0.17999999999999999 0.14000000000000001
0.22 0.17999999999999999 0.16
0.22 0.20000000000000001 0.060000000000000005
0.22 0.20000000000000001 0.080000000000000002
0.22 0.20000000000000001 0.10000000000000001
0.22 0.20000000000000001 0.12000000000000001
0.22 0.20000000000000001 0.14000000000000001
0.23999999999999999 0 0.060000000000000005
0.23999999999999999 0 0.080000000000000002
0.23999999999999999 0 0.10000000000000001
0.23999999999999999 0 0.12000000000000001
0.23999999999999999 0 0.14000000000000001
0.23999999999999999 0.020000000000000004 0.040000000000000008
0.23999999999999999 0.020000000000000004 0.060000000000000005
0.23999999999999999 0.020000000000000004 0.080000000000000002
0.23999999999999999 0.020000000000000004 0.10000000000000001
0.23999999999999999 0.020000000000000004 0.12000000000000001
0.23999999999999999 0.020000000000000004 0.14000000000000001
0.23999999999999999 0.020000000000000004 0.16
0.23999999999999999 0.040000000000000008 0.020000000000000004
0.23999999999999999 0.040000000000000008 0.040000000000000008
0.23999999999999999 0.040000000000000008 0.060000000000000005
0.23999999999999999 0.040000000000000008 0.14000000000000001
0.23999999999999999 0.040000000000000008 0.16
0.23999999999999999 0.040000000000000008 0.17999999999999999
0.23999999999999999 0.060000000000000005 0
0.23999999999999999 0.060000000000000005 0.020000000000000004
0.23999999999999999 0.060000000000000005 0.040000000000000008
0.23999999999999999 0.060000000000000005 0.16
0.23999999999999999 0.060000000000000005 0.17999999999999999
0.23999999999999999 0.060000000000000005 0.20000000000000001
0.23999999999999999 0.080000000000000002 0
0.23999999999999999 0.080000000000000002 0.020000000000000004
0.23999999999999999 0.080000000000000002 0.17999999999999999
0.23999999999999999 0.080000000000000002 0.20000000000000001
0.23999999999999999 0.10000000000000001 0
0.23999999999999999 0.10000000000000001 0.020000000000000004
0.23999999999999999 0.10000000000000001 0.17999999999999999
0.23999999999999999 0.10000000000000001 0.20000000000000001
0.23999999999999999 0.12000000000000001 0
0.23999999999999999 0.12000000000000001 0.020000000000000004
0.23999999999999999 0.12000000000000001 0.17999999999999999
0.23999999999999999 0.12000000000000001 0.20000000000000001
0.23999999999999999 0.14000000000000001 0
0.23999999999999999 0.14000000000000001 0.020000000000000004
0.23999999999999999 0.14000000000000001 0.040000000000000008
0.23999999999999999 0.14000000000000001 0.16
0.23999999999999999 0.14000000000000001 0.17999999999999999
0.23999999999999999 0.14000000000000001 0.20000000000000001
0.23999999999999999 0.16 0.020000000000000004
0.23999999999999999 0.16 0.040000000000000008
0.23999999999999999 0.16 0.060000000000000005
0.23999999999999999 0.16 0.14000000000000001
0.23999999999999999 0.16 0.16
0.23999999999999999 0.16 0.17999999999999999
0.23999999999999999 0.17999999999999999 0.040000000000000008
0.23999999999999999 0.17999999999999999 0.060000000000000005
0.23999999999999999 0.17999999999999999 0.080000000000000002
0.23999999999999999 0.17999999999999999 0.10000000000000001
0.23999999999999999 0.17999999999999999 0.12000000000000001
0.23999999999999999 0.17999999999999999 0.14000000000000001
0.23999999999999999 0.17999999999999999 0.16
0.23999999999999999 0.20000000000000001 0.060000000000000005
0.23999999999999999 0.20000000000000001 0.080000000000000002
0.23999999999999999 0.20000000000000001 0.10000000000000001
0.23999999999999999 0.20000000000000001 0.12000000000000001
0.23999999999999999 0.20000000000000001 0.14000000000000001
0.26000000000000001 0 0.060000000000000005
0.26000000000000001 0 0.080000000000000002
0.26000000000000001 0 0.10000000000000001
0.26000000000000001 0 0.12000000000000001
0.26000000000000001 0 0.14000000000000001
0.26000000000000001 0.020000000000000004 0.040000000000000008
0.26000000000000001 0.020000000000000004 0.060000000000000005
0.26000000000000001 0.020000000000000004 0.080000000000000002
0.26000000000000001 0.020000000000000004 0.10000000000000001
0.26000000000000001 0.020000000000000004 0.12000000000000001
0.26000000000000001 0.020000000000000004 0.14000000000000001
0.26000000000000001 0.020000000000000004 0.16
0.26000000000000001 0.040000000000000008 0.020000000000000004
0.26000000000000001 0.040000000000000008 0.040000000000000008
0.26000000000000001 0.040000000000000008 0.060000000000000005
0.26000000000000001 0.040000000000000008 0.14000000000000001
0.26000000000000001 0.040000000000000008 0.16
0.26000000000000001 0.040000000000000008 0.17999999999999999
0.26000000000000001 0.060000000000000005 0
0.26000000000000001 0.060000000000000005 0.020000000000000004
0.26000000000000001 0.060000000000000005 0.040000000000000008
0.26000000000000001 0.060000000000000005 0.16
0.26000000000000001 0.060000000000000005 0.17999999999999999
0.26000000000000001 0.060000000000000005 0.20000000000000001
0.26000000000000001 0.080000000000000002 0
0.26000000000000001 0.080000000000000002 0.020000000000000004
0.26000000000000001 0.080000000000000002 0.17999999999999999
0.26000000000000001 0.080000000000000002 0.20000000000000001
0.26000000000000001 0.10000000000000001 0
0.26000000000000001 0.10000000000000001 0.020000000000000004
0.26000000000000001 0.10000000000000001 0.17999999999999999
0.26000000000000001 0.10000000000000001 0.20000000000000001
0.26000000000000001 0.12000000000000001 0
0.26000000000000001 0.12000000000000001 0.020000000000000004
0.26000000000000001 0.12000000000000001 0.17999999999999999
0.26000000000000001 0.12000000000000001 0.20000000000000001
0.26000000000000001 0.14000000000000001 0
0.26000000000000001 0.14000000000000001 0.020000000000000004
0.26000000000000001 0.14000000000000001 0.040000000000000008
0.26000000000000001 0.14000000000000001 0.16
0.26000000000000001 0.14000000000000001 0.17999999999999999
0.26000000000000001 0.14000000000000001 0.20000000000000001
0.26000000000000001 0.16 0.020000000000000004
0.26000000000000001 0.16 0.040000000000000008
0.26000000000000001 0.16 0.060000000000000005
0.26000000000000001 0.16 0.14000000000000001
0.26000000000000001 0.16 0.16
0.26000000000000001 0.16 0.17999999999999999
0.26000000000000001 0.17999999999999999 0.040000000000000008
0.26000000000000001 0.17999999999999999 0.060000000000000005
0.26000000000000001 0.17999999999999999 0.080000000000000002
0.26000000000000001 0.17999999999999999 0.10000000000000001
0.26000000000000001 0.17999999999999999 0.12000000000000001
0.26000000000000001 0.17999999999999999 0.14000000000000001
0.26000000000000001 0.17999999999999999 0.16
0.26000000000000001 0.20000000000000001 0.060000000000000005
0.26000000000000001 0.20000000000000001 0.080000000000000002
0.26000000000000001 0.20000000000000001 0.10000000000000001
0.26000000000000001 0.20000000000000001 0.12000000000000001
0.26000000000000001 0.20000000000000001 0.14000000000000001
0.28000000000000003 0 0.060000000000000005
0.28000000000000003 0 0.080000000000000002
0.28000000000000003 0 0.10000000000000001
0.28000000000000003 0 0.12000000000000001
0.28000000000000003 0 0.14000000000000001
0.28000000000000003 0.020000000000000004 0.040000000000000008
0.28000000000000003 0.020000000000000004 0.060000000000000005
0.28000000000000003 0.020000000000000004 0.080000000000000002
0.28000000000000003 0.020000000000000004 0.10000000000000001
0.28000000000000003 0.020000000000000004 0.12000000000000001
0.28000000000000003 0.020000000000000004 0.14000000000000001
0.28000000000000003 0.020000000000000004 0.16
0.28000000000000003 0.040000000000000008 0.020000000000000004
0.28000000000000003 0.040000000000000008 0.040000000000000008
0.28000000000000003 0.040000000000000008 0.060000000000000005
0.28000000000000003 0.040000000000000008 0.14000000000000001
0.28000000000000003 0.040000000000000008 0.16
0.28000000000000003 0.040000000000000008 0.17999999999999999
0.28000000000000003 0.060000000000000005 0
0.28000000000000003 0.060000000000000005 0.020000000000000004
0.28000000000000003 0.060000000000000005 0.040000000000000008
0.28000000000000003 0.060000000000000005 0.16
0.28000000000000003 0.060000000000000005 0.17999999999999999
0.28000000000000003 0.060000000000000005 0.20000000000000001
0.28000000000000003 0.080000000000000002 0
0.28000000000000003 0.080000000000000002 0.020000000000000004
0.28000000000000003 0.080000000000000002 0.17999999999999999
0.28000000000000003 0.080000000000000002 0.20000000000000001
0.28000000000000003 0.10000000000000001 0
0.28000000000000003 0.10000000000000001 0.020000000000000004
0.28000000000000003 0.10000000000000001 0.17999999999999999
0.28000000000000003 0.10000000000000001 0.20000000000000001
0.28000000000000003 0.12000000000000001 0
0.28000000000000003 0.12000000000000001 0.020000000000000004
0.28000000000000003 0.12000000000000001 0.17999999999999999
0.28000000000000003 0.12000000000000001 0.20000000000000001
0.28000000000000003 0.14000000000000001 0
0.28000000000000003 0.14000000000000001 0.020000000000000004
0.28000000000000003 0.14000000000000001 0.040000000000000008
0.28000000000000003 0.14000000000000001 0.16
0.28000000000000003 0.14000000000000001 0.17999999999999999
0.28000000000000003 0.14000000000000001 0.20000000000000001
0.28000000000000003 0.16 0.020000000000000004
0.28000000000000003 0.16 0.040000000000000008
0.28000000000000003 0.16 0.060000000000000005
0.28000000000000003 0.16 0.14000000000000001
0.28000000000000003 0.16 0.16
0.28000000000000003 0.16 0.17999999999999999
0.28000000000000003 0.17999999999999999 0.040000000000000008
0.28000000000000003 0.17999999999999999 0.060000000000000005
0.28000000000000003 0.17999999999999999 0.080000000000000002
0.28000000000000003 0.17999999999999999 0.10000000000000001
0.28000000000000003 0.17999999999999999 0.12000000000000001
0.28000000000000003 0.17999999999999999 0.14000000000000001
0.28000000000000003 0.17999999999999999 0.16
0.28000000000000003 0.20000000000000001 0.060000000000000005
0.28000000000000003 0.20000000000000001 0.080000000000000002
0.28000000000000003 0.20000000000000001 0.10000000000000001
0.28000000000000003 0.20000000000000001 0.12000000000000001
0.28000000000000003 0.20000000000000001 0.14000000000000001
0.29999999999999999 0 0.060000000000000005
0.29999999999999999 0 0.080000000000000002
0.29999999999999999 0 0.10000000000000001
0.29999999999999999 0 0.12000000000000001
0.29999999999999999 0 0.14000000000000001
0.29999999999999999 0.020000000000000004 0.040000000000000008
0.29999999999999999 0.020000000000000004 0.060000000000000005
0.29999999999999999 0.020000000000000004 0.080000000000000002
0.29999999999999999 0.020000000000000004 0.10000000000000001
0.29999999999999999 0.020000000000000004 0.12000000000000001
0.29999999999999999 0.020000000000000004 0.14000000000000001
0.29999999999999999 0.020000000000000004 0.16
0.29999999999999999 0.040000000000000008 0.020000000000000004
0.29999999999999999 0.040000000000000008 0.040000000000000008
0.29999999999999999 0.040000000000000008 0.060000000000000005
0.29999999999999999 0.040000000000000008 0.14000000000000001
0.29999999999999999 0.040000000000000008 0.16
0.29999999999999999 0.040000000000000008 0.17999999999999999
0.29999999999999999 0.060000000000000005 0
0.29999999999999999 0.060000000000000005 0.020000000000000004
0.29999999999999999 0.060000000000000005 0.040000000000000008
0.29999999999999999 0.060000000000000005 0.16
0.29999999999999999 0.060000000000000005 0.17999999999999999
0.29999999999999999 0.060000000000000005 0.20000000000000001
0.29999999999999999 0.080000000000000002 0
0.29999999999999999 0.080000000000000002 0.020000000000000004
0.29999999999999999 0.080000000000000002 0.17999999999999999
0.29999999999999999 0.080000000000000002 0.20000000000000001
0.29999999999999999 0.10000000000000001 0
0.29999999999999999 0.10000000000000001 0.020000000000000004
0.29999999999999999 0.10000000000000001 0.17999999999999999
0.29999999999999999 0.10000000000000001 0.20000000000000001
0.29999999999999999 0.12000000000000001 0
0.29999999999999999 0.12000000000000001 0.020000000000000004
0.29999999999999999 0.12000000000000001 0.17999999999999999
0.29999999999999999 0.12000000000000001 0.20000000000000001
0.29999999999999999 0.14000000000000001 0
0.29999999999999999 0.14000000000000001 0.020000000000000004
0.29999999999999999 0.14000000000000001 0.040000000000000008
0.29999999999999999 0.14000000000000001 0.16
0.29999999999999999 0.14000000000000001 0.17999999999999999
0.29999999999999999 0.14000000000000001 0.20000000000000001
0.29999999999999999 0.16 0.020000000000000004
0.29999999999999999 0.16 0.040000000000000008
0.29999999999999999 0.16 0.060000000000000005
0.29999999999999999 0.16 0.14000000000000001
0.29999999999999999 0.16 0.16
0.29999999999999999 0.16 0.17999999999999999
0.29999999999999999 0.17999999999999999 0.040000000000000008
0.29999999999999999 0.17999999999999999 0.060000000000000005
0.29999999999999999 0.17999999999999999 0.080000000000000002
0.29999999999999999 0.17999999999999999 0.10000000000000001
0.29999999999999999 0.17999999999999999 0.12000000000000001
0.29999999999999999 0.17999999999999999 0.14000000000000001
0.29999999999999999 0.17999999999999999 0.16
0.29999999999999999 0.20000000000000001 0.060000000000000005
0.29999999999999999 0.20000000000000001 0.080000000000000002
0.29999999999999999 0.20000000000000001 0.10000000000000001
0.29999999999999999 0.20000000000000001 0.12000000000000001
0.29999999999999999 0.20000000000000001 0.14000000000000001
0.32000000000000001 0 0.060000000000000005
0.32000000000000001 0 0.080000000000000002
0.32000000000000001 0 0.10000000000000001
0.32000000000000001 0 0.12000000000000001
0.32000000000000001 0 0.14000000000000001
0.32000000000000001 0.020000000000000004 0.040000000000000008
0.32000000000000001 0.020000000000000004 0.060000000000000005
0.32000000000000001 0.020000000000000004 0.080000000000000002
0.32000000000000001 0.020000000000000004 0.10000000000000001
0.32000000000000001 0.020000000000000004 0.12000000000000001
0.32000000000000001 0.020000000000000004 0.14000000000000001
0.32000000000000001 0.020000000000000004 0.16
0.32000000000000001 0.040000000000000008 0.020000000000000004
0.32000000000000001 0.040000000000000008 0.040000000000000008
0.32000000000000001 0.040000000000000008 0.060000000000000005
0.32000000000000001 0.040000000000000008 0.14000000000000001
0.32000000000000001 0.040000000000000008 0.16
0.32000000000000001 0.040000000000000008 0.17999999999999999
0.32000000000000001 0.060000000000000005 0
0.32000000000000001 0.060000000000000005 0.020000000000000004
0.32000000000000001 0.060000000000000005 0.040000000000000008
0.32000000000000001 0.060000000000000005 0.16
0.32000000000000001 0.060000000000000005 0.17999999999999999
0.32000000000000001 0.060000000000000005 0.20000000000000001
0.32000000000000001 0.080000000000000002 0
0.32000000000000001 0.080000000000000002 0.020000000000000004
0.32000000000000001 0.080000000000000002 0.17999999999999999
0.32000000000000001 0.080000000000000002 0.20000000000000001
0.32000000000000001 0.10000000000000001 0
0.32000000000000001 0.10000000000000001 0.020000000000000004
0.32000000000000001 0.10000000000000001 0.17999999999999999
0.32000000000000001 0.10000000000000001 0.20000000000000001
0.32000000000000001 0.12000000000000001 0
0.32000000000000001 0.12000000000000001 0.020000000000000004
0.32000000000000001 0.12000000000000001 0.17999999999999999
0.32000000000000001 0.12000000000000001 0.20000000000000001
0.32000000000000001 0.14000000000000001 0
0.32000000000000001 0.14000000000000001 0.020000000000000004
0.32000000000000001 0.14000000000000001 0.040000000000000008
0.32000000000000001 0.14000000000000001 0.16
0.32000000000000001 0.14000000000000001 0.17999999999999999
0.32000000000000001 0.14000000000000001 0.20000000000000001
0.32000000000000001 0.16 0.020000000000000004
0.32000000000000001 0.16 0.040000000000000008
0.32000000000000001 0.16 0.060000000000000005
0.32000000000000001 0.16 0.14000000000000001
0.32000000000000001 0.16 0.16
0.32000000000000001 0.16 0.17999999999999999
0.32000000000000001 0.17999999999999999 0.040000000000000008
0.32000000000000001 0.17999999999999999 0.060000000000000005
0.32000000000000001 0.17999999999999999 0.080000000000000002
0.32000000000000001 0.17999999999999999 0.10000000000000001
0.32000000000000001 0.17999999999999999 0.12000000000000001
0.32000000000000001 0.17999999999999999 0.14000000000000001
0.32000000000000001 0.17999999999999999 0.16
0.32000000000000001 0.20000000000000001 0.060000000000000005
0.32000000000000001 0.20000000000000001 0.080000000000000002
0.32000000000000001 0.20000000000000001 0.10000000000000001
0.32000000000000001 0.20000000000000001 0.12000000000000001
0.32000000000000001 0.20000000000000001 0.14000000000000001
0.34000000000000002 0 0.060000000000000005
0.34000000000000002 0 0.080000000000000002
0.34000000000000002 0 0.10000000000000001
0.34000000000000002 0 0.12000000000000001
0.34000000000000002 0 0.14000000000000001
0.34000000000000002 0.020000000000000004 0.040000000000000008
0.34000000000000002 0.020000000000000004 0.060000000000000005
0.34000000000000002 0.020000000000000004 0.080000000000000002
0.34000000000000002 0.020000000000000004 0.10000000000000001
0.34000000000000002 0.020000000000000004 0.12000000000000001
0.34000000000000002 0.020000000000000004 0.14000000000000001
0.34000000000000002 0.020000000000000004 0.16
0.34000000000000002 0.040000000000000008 0.020000000000000004
0.34000000000000002 0.040000000000000008 0.040000000000000008
0.34000000000000002 0.040000000000000008 0.060000000000000005
0.34000000000000002 0.040000000000000008 0.14000000000000001
0.34000000000000002 0.040000000000000008 0.16
0.34000000000000002 0.040000000000000008 0.17999999999999999
0.34000000000000002 0.060000000000000005 0
0.34000000000000002 0.060000000000000005 0.020000000000000004
0.34000000000000002 0.060000000000000005 0.040000000000000008
0.34000000000000002 0.060000000000000005 0.16
0.34000000000000002 0.060000000000000005 0.17999999999999999
0.34000000000000002 0.060000000000000005 0.20000000000000001
0.34000000000000002 0.080000000000000002 0
0.34000000000000002 0.080000000000000002 0.020000000000000004
0.34000000000000002 0.080000000000000002 0.17999999999999999
0.34000000000000002 0.080000000000000002 0.20000000000000001
0.34000000000000002 0.10000000000000001 0
0.34000000000000002 0.10000000000000001 0.020000000000000004
0.34000000000000002 0.10000000000000001 0.17999999999999999
0.34000000000000002 0.10000000000000001 0.20000000000000001
0.34000000000000002 0.12000000000000001 0
0.34000000000000002 0.12000000000000001 0.020000000000000004
0.34000000000000002 0.12000000000000001 0.17999999999999999
0.34000000000000002 0.12000000000000001 0.20000000000000001
0.34000000000000002 0.14000000000000001 0
0.34000000000000002 0.14000000000000001 0.020000000000000004
0.34000000000000002 0.14000000000000001 0.040000000000000008
0.34000000000000002 0.14000000000000001 0.16
0.34000000000000002 0.14000000000000001 0.17999999999999999
0.34000000000000002 0.14000000000000001 0.20000000000000001
0.34000000000000002 0.16 0.020000000000000004
0.34000000000000002 0.16 0.040000000000000008
0.34000000000000002 0.16 0.060000000000000005
0.34000000000000002 0.16 0.14000000000000001
0.34000000000000002 0.16 0.16
0.34000000000000002 0.16 0.17999999999999999
0.34000000000000002 0.17999999999999999 0.040000000000000008
0.34000000000000002 0.17999999999999999 0.060000000000000005
0.34000000000000002 0.17999999999999999 0.080000000000000002
0.34000000000000002 0.17999999999999999 0.10000000000000001
0.34000000000000002 0.17999999999999999 0.12000000000000001
0.34000000000000002 0.17999999999999999 0.14000000000000001
0.34000000000000002 0.17999999999999999 0.16
0.34000000000000002 0.20000000000000001 0.060000000000000005
0.34000000000000002 0.20000000000000001 0.080000000000000002
0.34000000000000002 0.20000000000000001 0.10000000000000001
0.34000000000000002 0.20000000000000001 0.12000000000000001
0.34000000000000002 0.20000000000000001 0.14000000000000001
0.35999999999999999 0 0.060000000000000005
0.35999999999999999 0 0.080000000000000002
0.35999999999999999 0 0.10000000000000001
0.35999999999999999 0 0.12000000000000001
0.35999999999999999 0 0.14000000000000001
0.35999999999999999 0.020000000000000004 0.040000000000000008
0.35999999999999999 0.020000000000000004 0.060000000000000005
0.35999999999999999 0.020000000000000004 0.080000000000000002
0.35999999999999999 0.020000000000000004 0.10000000000000001
0.35999999999999999 0.020000000000000004 0.12000000000000001
0.35999999999999999 0.020000000000000004 0.14000000000000001
0.35999999999999999 0.020000000000000004 0.16
0.35999999999999999 0.040000000000000008 0.020000000000000004
0.35999999999999999 0.040000000000000008 0.040000000000000008
0.35999999999999999 0.040000000000000008 0.060000000000000005
0.35999999999999999 0.040000000000000008 0.14000000000000001
0.35999999999999999 0.040000000000000008 0.16
0.35999999999999999 0.040000000000000008 0.17999999999999999
0.35999999999999999 0.060000000000000005 0
0.35999999999999999 0.060000000000000005 0.020000000000000004
0.35999999999999999 0.060000000000000005 0.040000000000000008
0.35999999999999999 0.060000000000000005 0.16
0.35999999999999999 0.060000000000000005 0.17999999999999999
0.35999999999999999 0.060000000000000005 0.20000000000000001
0.35999999999999999 0.080000000000000002 0
0.35999999999999999 0.080000000000000002 0.020000000000000004
0.35999999999999999 0.080000000000000002 0.17999999999999999
0.35999999999999999 0.080000000000000002 0.20000000000000001
0.35999999999999999 0.10000000000000001 0
0.35999999999999999 0.10000000000000001 0.020000000000000004
0.35999999999999999 0.10000000000000001 0.17999999999999999
0.35999999999999999 0.10000000000000001 0.20000000000000001
0.35999999999999999 0.12000000000000001 0
0.35999999999999999 0.12000000000000001 0.020000000000000004
0.35999999999999999 0.12000000000000001 0.17999999999999999
0.35999999999999999 0.12000000000000001 0.20000000000000001
0.35999999999999999 0.14000000000000001 0
0.35999999999999999 0.14000000000000001 0.020000000000000004
0.35999999999999999 0.14000000000000001 0.040000000000000008
0.35999999999999999 0.14000000000000001 0.16
0.35999999999999999 0.14000000000000001 0.17999999999999999
0.35999999999999999 0.14000000000000001 0.20000000000000001
0.35999999999999999 0.16 0.020000000000000004
0.35999999999999999 0.16 0.040000000000000008
0.35999999999999999 0.16 0.060000000000000005
0.35999999999999999 0.16 0.14000000000000001
0.35999999999999999 0.16 0.16
0.35999999999999999 0.16 0.17999999999999999
0.35999999999999999 0.17999999999999999 0.040000000000000008
0.35999999999999999 0.17999999999999999 0.060000000000000005
0.35999999999999999 0.17999999999999999 0.080000000000000002
0.35999999999999999 0.17999999999999999 0.10000000000000001
0.35999999999999999 0.17999999999999999 0.12000000000000001
0.35999999999999999 0.17999999999999999 0.14000000000000001
0.35999999999999999 0.17999999999999999 0.16
0.35999999999999999 0.20000000000000001 0.060000000000000005
0.35999999999999999 0.20000000000000001 0.080000000000000002
0.35999999999999999 0.20000000000000001 0.10000000000000001
0.35999999999999999 0.20000000000000001 0.12000000000000001
0.35999999999999999 0.20000000000000001 0.14000000000000001
0.38 0 0.060000000000000005
0.38 0 0.080000000000000002
0.38 0 0.10000000000000001
0.38 0 0.12000000000000001
0.38 0 0.14000000000000001
0.38 0.020000000000000004 0.040000000000000008
0.38 0.020000000000000004 0.060000000000000005
0.38 0.020000000000000004 0.080000000000000002
0.38 0.020000000000000004 0.10000000000000001
0.38 0.020000000000000004 0.12000000000000001
0.38 0.020000000000000004 0.14000000000000001
0.38 0.020000000000000004 0.16
0.38 0.040000000000000008 0.020000000000000004
0.38 0.040000000000000008 0.040000000000000008
0.38 0.040000000000000008 0.060000000000000005
0.38 0.040000000000000008 0.14000000000000001
0.38 0.040000000000000008 0.16
0.38 0.040000000000000008 0.17999999999999999
0.38 0.060000000000000005 0
0.38 0.060000000000000005 0.020000000000000004
0.38 0.060000000000000005 0.040000000000000008
0.38 0.060000000000000005 0.16
0.38 0.060000000000000005 0.17999999999999999
0.38 0.060000000000000005 0.20000000000000001
0.38 0.080000000000000002 0
0.38 0.080000000000000002 0.020000000000000004
0.38 0.080000000000000002 0.17999999999999999
0.38 0.080000000000000002 0.20000000000000001
0.38 0.10000000000000001 0
0.38 0.10000000000000001 0.020000000000000004
0.38 0.10000000000000001 0.17999999999999999
0.38 0.10000000000000001 0.20000000000000001
0.38 0.12000000000000001 0
0.38 0.12000000000000001 0.020000000000000004
0.38 0.12000000000000001 0.17999999999999999
0.38 0.12000000000000001 0.20000000000000001
0.38 0.14000000000000001 0
0.38 0.14000000000000001 0.020000000000000004
0.38 0.14000000000000001 0.040000000000000008
0.38 0.14000000000000001 0.16
0.38 0.14000000000000001 0.17999999999999999
0.38 0.14000000000000001 0.20000000000000001
0.38 0.16 0.020000000000000004
0.38 0.16 0.040000000000000008
0.38 0.16 0.060000000000000005
0.38 0.16 0.14000000000000001
0.38 0.16 0.16
0.38 0.16 0.17999999999999999
0.38 0.17999999999999999 0.040000000000000008
0.38 0.17999999999999999 0.060000000000000005
0.38 0.17999999999999999 0.080000000000000002
0.38 0.17999999999999999 0.10000000000000001
0.38 0.17999999999999999 0.12000000000000001
0.38 0.17999999999999999 0.14000000000000001
0.38 0.17999999999999999 0.16
0.38 0.20000000000000001 0.060000000000000005
0.38 0.20000000000000001 0.080000000000000002
0.38 0.20000000000000001 0.10000000000000001
0.38 0.20000000000000001 0.12000000000000001
0.38 0.20000000000000001 0.14000000000000001
0.40000000000000002 0 0.060000000000000005
0.40000000000000002 0 0.080000000000000002
0.40000000000000002 0 0.10000000000000001
0.40000000000000002 0 0.12000000000000001
0.40000000000000002 0 0.14000000000000001
0.40000000000000002 0.020000000000000004 0.040000000000000008
0.40000000000000002 0.020000000000000004 0.060000000000000005
0.40000000000000002 0.020000000000000004 0.080000000000000002
0.40000000000000002 0.020000000000000004 0.10000000000000001
0.40000000000000002 0.020000000000000004 0.12000000000000001
0.40000000000000002 0.020000000000000004 0.14000000000000001
0.40000000000000002 0.020000000000000004 0.16
0.40000000000000002 0.040000000000000008 0.020000000000000004
0.40000000000000002 0.040000000000000008 0.040000000000000008
0.40000000000000002 0.040000000000000008 0.060000000000000005
0.40000000000000002 0.040000000000000008 0.14000000000000001
0.40000000000000002 0.040000000000000008 0.16
0.40000000000000002 0.040000000000000008 0.17999999999999999
0.40000000000000002 0.060000000000000005 0
0.40000000000000002 0.060000000000000005 0.020000000000000004
0.40000000000000002 0.060000000000000005 0.040000000000000008
0.40000000000000002 0.060000000000000005 0.16
0.40000000000000002 0.060000000000000005 0.17999999999999999
0.40000000000000002 0.060000000000000005 0.20000000000000001
0.40000000000000002 0.080000000000000002 0
0.40000000000000002 0.080000000000000002 0.020000000000000004
0.40000000000000002 0.080000000000000002 0.17999999999999999
0.40000000000000002 0.080000000000000002 0.20000000000000001
0.40000000000000002 0.10000000000000001 0
0.40000000000000002 0.10000000000000001 0.020000000000000004
0.40000000000000002 0.10000000000000001 0.17999999999999999
0.40000000000000002 0.10000000000000001 0.20000000000000001
0.40000000000000002 0.12000000000000001 0
0.40000000000000002 0.12000000000000001 0.020000000000000004
0.40000000000000002 0.12000000000000001 0.17999999999999999
0.40000000000000002 0.12000000000000001 0.20000000000000001
0.40000000000000002 0.14000000000000001 0
0.40000000000000002 0.14000000000000001 0.020000000000000004
0.40000000000000002 0.14000000000000001 0.040000000000000008
0.40000000000000002 0.14000000000000001 0.16
0.40000000000000002 0.14000000000000001 0.17999999999999999
0.40000000000000002 0.14000000000000001 0.20000000000000001
0.40000000000000002 0.16 0.020000000000000004
0.40000000000000002 0.16 0.040000000000000008
0.40000000000000002 0.16 0.060000000000000005
0.40000000000000002 0.16 0.14000000000000001
0.40000000000000002 0.16 0.16
0.40000000000000002 0.16 0.17999999999999999
0.40000000000000002 0.17999999999999999 0.040000000000000008
0.40000000000000002 0.17999999999999999 0.060000000000000005
0.40000000000000002 0.17999999999999999 0.080000000000000002
0.40000000000000002 0.17999999999999999 0.10000000000000001
0.40000000000000002 0.17999999999999999 0.12000000000000001
0.40000000000000002 0.17999999999999999 0.14000000000000001
0.40000000000000002 0.17999999999999999 0.16
0.40000000000000002 0.20000000000000001 0.060000000000000005
0.40000000000000002 0.20000000000000001 0.080000000000000002
0.40000000000000002 0.20000000000000001 0.10000000000000001
0.40000000000000002 0.20000000000000001 0.12000000000000001
0.40000000000000002 0.20000000000000001 0.14000000000000001
0.41999999999999998 0 0.060000000000000005
0.41999999999999998 0 0.080000000000000002
0.41999999999999998 0 0.10000000000000001
0.41999999999999998 0 0.12000000000000001
0.41999999999999998 0 0.14000000000000001
0.41999999999999998 0.020000000000000004 0.040000000000000008
0.41999999999999998 0.020000000000000004 0.060000000000000005
0.41999999999999998 0.020000000000000004 0.080000000000000002
0.41999999999999998 0.020000000000000004 0.10000000000000001
0.41999999999999998 0.020000000000000004 0.12000000000000001
0.41999999999999998 0.020000000000000004 0.14000000000000001
0.41999999999999998 0.020000000000000004 0.16
0.41999999999999998 0.040000000000000008 0.020000000000000004
0.41999999999999998 0.040000000000000008 0.040000000000000008
0.41999999999999998 0.040000000000000008 0.060000000000000005
0.41999999999999998 0.040000000000000008 0.14000000000000001
0.41999999999999998 0.040000000000000008 0.16
0.41999999999999998 0.040000000000000008 0.17999999999999999
0.41999999999999998 0.060000000000000005 0
0.41999999999999998 0.060000000000000005 0.020000000000000004
0.41999999999999998 0.060000000000000005 0.040000000000000008
0.41999999999999998 0.060000000000000005 0.16
0.41999999999999998 0.060000000000000005 0.17999999999999999
0.41999999999999998 0.060000000000000005 0.20000000000000001
0.41999999999999998 0.080000000000000002 0
0.41999999999999998 0.080000000000000002 0.020000000000000004
0.41999999999999998 0.080000000000000002 0.17999999999999999
0.41999999999999998 0.080000000000000002 0.20000000000000001
0.41999999999999998 0.10000000000000001 0
0.41999999999999998 0.10000000000000001 0.020000000000000004
0.41999999999999998 0.10000000000000001 0.17999999999999999
0.41999999999999998 0.10000000000000001 0.20000000000000001
0.41999999999999998 0.12000000000000001 0
0.41999999999999998 0.12000000000000001 0.020000000000000004
0.41999999999999998 0.12000000000000001 0.17999999999999999
0.41999999999999998 0.12000000000000001 0.20000000000000001
0.41999999999999998 0.14000000000000001 0
0.41999999999999998 0.14000000000000001 0.020000000000000004
0.41999999999999998 0.14000000000000001 0.040000000000000008
0.41999999999999998 0.14000000000000001 0.16
0.41999999999999998 0.14000000000000001 0.17999999999999999
0.41999999999999998 0.14000000000000001 0.20000000000000001
0.41999999999999998 0.16 0.020000000000000004
0.41999999999999998 0.16 0.040000000000000008
0.41999999999999998 0.16 0.060000000000000005
0.41999999999999998 0.16 0.14000000000000001
0.41999999999999998 0.16 0.16
0.41999999999999998 0.16 0.17999999999999999
0.41999999999999998 0.17999999999999999 0.040000000000000008
0.41999999999999998 0.17999999999999999 0.060000000000000005
0.41999999999999998 0.17999999999999999 0.080000000000000002
0.41999999999999998 0.17999999999999999 0.10000000000000001
0.41999999999999998 0.17999999999999999 0.12000000000000001
0.41999999999999998 0.17999999999999999 0.14000000000000001
0.41999999999999998 0.17999999999999999 0.16
0.41999999999999998 0.20000000000000001 0.060000000000000005
0.41999999999999998 0.20000000000000001 0.080000000000000002
0.41999999999999998 0.20000000000000001 0.10000000000000001
0.41999999999999998 0.20000000000000001 0.12000000000000001
0.41999999999999998 0.20000000000000001 0.14000000000000001
0.44 0 0.060000000000000005
0.44 0 0.080000000000000002
0.44 0 0.10000000000000001
0.44 0 0.12000000000000001
0.44 0 0.14000000000000001
0.44 0.020000000000000004 0.040000000000000008
0.44 0.020000000000000004 0.060000000000000005
0.44 0.020000000000000004 0.080000000000000002
0.44 0.020000000000000004 0.10000000000000001
0.44 0.020000000000000004 0.12000000000000001
0.44 0.020000000000000004 0.14000000000000001
0.44 0.020000000000000004 0.16
0.44 0.040000000000000008 0.020000000000000004
0.44 0.040000000000000008 0.040000000000000008
0.44 0.040000000000000008 0.060000000000000005
0.44 0.040000000000000008 0.14000000000000001
0.44 0.040000000000000008 0.16
0.44 0.040000000000000008 0.17999999999999999
0.44 0.060000000000000005 0
0.44 0.060000000000000005 0.020000000000000004
0.44 0.060000000000000005 0.040000000000000008
0.44 0.060000000000000005 0.16
0.44 0.060000000000000005 0.17999999999999999
0.44 0.060000000000000005 0.20000000000000001
0.44 0.080000000000000002 0
0.44 0.080000000000000002 0.020000000000000004
0.44 0.080000000000000002 0.17999999999999999
0.44 0.080000000000000002 0.20000000000000001
0.44 0.10000000000000001 0
0.44 0.10000000000000001 0.020000000000000004
0.44 0.10000000000000001 0.17999999999999999
0.44 0.10000000000000001 0.20000000000000001
0.44 0.12000000000000001 0
0.44 0.12000000000000001 0.020000000000000004
0.44 0.12000000000000001 0.17999999999999999
0.44 0.12000000000000001 0.20000000000000001
0.44 0.14000000000000001 0
0.44 0.14000000000000001 0.020000000000000004
0.44 0.14000000000000001 0.040000000000000008
0.44 0.14000000000000001 0.16
0.44 0.14000000000000001 0.17999999999999999
0.44 0.14000000000000001 0.20000000000000001
0.44 0.16 0.020000000000000004
0.44 0.16 0.040000000000000008
0.44 0.16 0.060000000000000005
0.44 0.16 0.14000000000000001
0.44 0.16 0.16
0.44 0.16 0.17999999999999999
0.44 0.17999999999999999 0.040000000000000008
0.44 0.17999999999999999 0.060000000000000005
0.44 0.17999999999999999 0.080000000000000002
0.44 0.17999999999999999 0.10000000000000001
0.44 0.17999999999999999 0.12000000000000001
0.44 0.17999999999999999 0.14000000000000001
0.44 0.17999999999999999 0.16
0.44 0.20000000000000001 0.060000000000000005
0.44 0.20000000000000001 0.080000000000000002
0.44 0.20000000000000001 0.10000000000000001
0.44 0.20000000000000001 0.12000000000000001
0.44 0.20000000000000001 0.14000000000000001
0.46000000000000002 0 0.060000000000000005
0.46000000000000002 0 0.080000000000000002
0.46000000000000002 0 0.10000000000000001
0.46000000000000002 0 0.12000000000000001
0.46000000000000002 0 0.14000000000000001
0.46000000000000002 0.020000000000000004 0.040000000000000008
0.46000000000000002 0.020000000000000004 0.060000000000000005
0.46000000000000002 0.020000000000000004 0.080000000000000002
0.46000000000000002 0.020000000000000004 0.10000000000000001
0.46000000000000002 0.020000000000000004 0.12000000000000001
0.46000000000000002 0.020000000000000004 0.14000000000000001
0.46000000000000002 0.020000000000000004 0.16
0.46000000000000002 0.040000000000000008 0.020000000000000004
0.46000000000000002 0.040000000000000008 0.040000000000000008
0.46000000000000002 0.040000000000000008 0.060000000000000005
0.46000000000000002 0.040000000000000008 0.14000000000000001
0.46000000000000002 0.040000000000000008 0.16
0.46000000000000002 0.040000000000000008 0.17999999999999999
0.46000000000000002 0.060000000000000005 0
0.46000000000000002 0.060000000000000005 0.020000000000000004
0.46000000000000002 0.060000000000000005 0.040000000000000008
0.46000000000000002 0.060000000000000005 0.16
0.46000000000000002 0.060000000000000005 0.17999999999999999
0.46000000000000002 0.060000000000000005 0.20000000000000001
0.46000000000000002 0.080000000000000002 0
0.46000000000000002 0.080000000000000002 0.020000000000000004
0.46000000000000002 0.080000000000000002 0.17999999999999999
0.46000000000000002 0.080000000000000002 0.20000000000000001
0.46000000000000002 0.10000000000000001 0
0.46000000000000002 0.10000000000000001 0.020000000000000004
0.46000000000000002 0.10000000000000001 0.17999999999999999
0.46000000000000002 0.10000000000000001 0.20000000000000001
0.46000000000000002 0.12000000000000001 0
0.46000000000000002 0.12000000000000001 0.020000000000000004
0.46000000000000002 0.12000000000000001 0.17999999999999999
0.46000000000000002 0.12000000000000001 0.20000000000000001
0.46000000000000002 0.14000000000000001 0
0.46000000000000002 0.14000000000000001 0.020000000000000004
0.46000000000000002 0.14000000000000001 0.040000000000000008
0.46000000000000002 0.14000000000000001 0.16
0.46000000000000002 0.14000000000000001 0.17999999999999999
0.46000000000000002 0.14000000000000001 0.20000000000000001
0.46000000000000002 0.16 0.020000000000000004
0.46000000000000002 0.16 0.040000000000000008
0.46000000000000002 0.16 0.060000000000000005
0.46000000000000002 0.16 0.14000000000000001
0.46000000000000002 0.16 0.16
0.46000000000000002 0.16 0.17999999999999999
0.46000000000000002 0.17999999999999999 0.040000000000000008
0.46000000000000002 0.17999999999999999 0.060000000000000005
0.46000000000000002 0.17999999999999999 0.080000000000000002
0.46000000000000002 0.17999999999999999 0.10000000000000001
0.46000000000000002 0.17999999999999999 0.12000000000000001
0.46000000000000002 0.17999999999999999 0.14000000000000001
0.46000000000000002 0.17999999999999999 0.16
0.46000000000000002 0.20000000000000001 0.060000000000000005
0.46000000000000002 0.20000000000000001 0.080000000000000002
0.46000000000000002 0.20000000000000001 0.10000000000000001
0.46000000000000002 0.20000000000000001 0.12000000000000001
0.46000000000000002 0.20000000000000001 0.14000000000000001
0.47999999999999998 0 0.060000000000000005
0.47999999999999998 0 0.080000000000000002
0.47999999999999998 0 0.10000000000000001
0.47999999999999998 0 0.12000000000000001
0.47999999999999998 0 0.14000000000000001
0.47999999999999998 0.020000000000000004 0.040000000000000008
0.47999999999999998 0.020000000000000004 0.060000000000000005
0.47999999999999998 0.020000000000000004 0.080000000000000002
0.47999999999999998 0.020000000000000004 0.10000000000000001
0.47999999999999998 0.020000000000000004 0.12000000000000001
0.47999999999999998 0.020000000000000004 0.14000000000000001
0.47999999999999998 0.020000000000000004 0.16
0.47999999999999998 0.040000000000000008 0.020000000000000004
0.47999999999999998 0.040000000000000008 0.040000000000000008
0.47999999999999998 0.040000000000000008 0.060000000000000005
0.47999999999999998 0.040000000000000008 0.14000000000000001
0.47999999999999998 0.040000000000000008 0.16
0.47999999999999998 0.040000000000000008 0.17999999999999999
0.47999999999999998 0.060000000000000005 0
0.47999999999999998 0.060000000000000005 0.020000000000000004
0.47999999999999998 0.060000000000000005 0.040000000000000008
0.47999999999999998 0.060000000000000005 0.16
0.47999999999999998 0.060000000000000005 0.17999999999999999
0.47999999999999998 0.060000000000000005 0.20000000000000001
0.47999999999999998 0.080000000000000002 0
0.47999999999999998 0.080000000000000002 0.020000000000000004
0.47999999999999998 0.080000000000000002 0.17999999999999999
0.47999999999999998 0.080000000000000002 0.20000000000000001
0.47999999999999998 0.10000000000000001 0
0.47999999999999998 0.10000000000000001 0.020000000000000004
0.47999999999999998 0.10000000000000001 0.17999999999999999
0.47999999999999998 0.10000000000000001 0.20000000000000001
0.47999999999999998 0.12000000000000001 0
0.47999999999999998 0.12000000000000001 0.020000000000000004
0.47999999999999998 0.12000000000000001 0.17999999999999999
0.47999999999999998 0.12000000000000001 0.20000000000000001
0.47999999999999998 0.14000000000000001 0
0.47999999999999998 0.14000000000000001 0.020000000000000004
0.47999999999999998 0.14000000000000001 0.040000000000000008
0.47999999999999998 0.14000000000000001 0.16
0.47999999999999998 0.14000000000000001 0.17999999999999999
0.47999999999999998 0.14000000000000001 0.20000000000000001
0.47999999999999998 0.16 0.020000000000000004
0.47999999999999998 0.16 0.040000000000000008
0.47999999999999998 0.16 0.060000000000000005
0.47999999999999998 0.16 0.14000000000000001
0.47999999999999998 0.16 0.16
0.47999999999999998 0.16 0.17999999999999999
0.47999999999999998 0.17999999999999999 0.040000000000000008
0.47999999999999998 0.17999999999999999 0.060000000000000005
0.47999999999999998 0.17999999999999999 0.080000000000000002
0.47999999999999998 0.17999999999999999 0.10000000000000001
0.47999999999999998 0.17999999999999999 0.12000000000000001
0.47999999999999998 0.17999999999999999 0.14000000000000001
0.47999999999999998 0.17999999999999999 0.16
0.47999999999999998 0.20000000000000001 0.060000000000000005
0.47999999999999998 0.20000000000000001 0.080000000000000002
0.47999999999999998 0.20000000000000001 0.10000000000000001
0.47999999999999998 0.20000000000000001 0.12000000000000001
0.47999999999999998 0.20000000000000001 0.14000000000000001
0.5 0 0.060000000000000005
0.5 0 0.080000000000000002
0.5 0 0.10000000000000001
0.5 0 0.12000000000000001
0.5 0 0.14000000000000001
0.5 0.020000000000000004 0.040000000000000008
0.5 0.020000000000000004 0.060000000000000005
0.5 0.020000000000000004 0.080000000000000002
0.5 0.020000000000000004 0.10000000000000001
0.5 0.020000000000000004 0.12000000000000001
0.5 0.020000000000000004 0.14000000000000001
0.5 0.020000000000000004 0.16
0.5 0.040000000000000008 0.020000000000000004
0.5 0.040000000000000008 0.040000000000000008
0.5 0.040000000000000008 0.060000000000000005
0.5 0.040000000000000008 0.14000000000000001
0.5 0.040000000000000008 0.16
0.5 0.040000000000000008 0.17999999999999999
0.5 0.060000000000000005 0
0.5 0.060000000000000005 0.020000000000000004
0.5 0.060000000000000005 0.040000000000000008
0.5 0.060000000000000005 0.16
0.5 0.060000000000000005 0.17999999999999999
0.5 0.060000000000000005 0.20000000000000001
0.5 0.080000000000000002 0
0.5 0.080000000000000002 0.020000000000000004
0.5 0.080000000000000002 0.17999999999999999
0.5 0.080000000000000002 0.20000000000000001
0.5 0.10000000000000001 0
0.5 0.10000000000000001 0.020000000000000004
0.5 0.10000000000000001 0.17999999999999999
0.5 0.10000000000000001 0.20000000000000001
0.5 0.12000000000000001 0
0.5 0.12000000000000001 0.020000000000000004
0.5 0.12000000000000001 0.17999999999999999
0.5 0.12000000000000001 0.20000000000000001
0.5 0.14000000000000001 0
0.5 0.14000000000000001 0.020000000000000004
0.5 0.14000000000000001 0.040000000000000008
0.5 0.14000000000000001 0.16
0.5 0.14000000000000001 0.17999999999999999
0.5 0.14000000000000001 0.20000000000000001
0.5 0.16 0.020000000000000004
0.5 0.16 0.040000000000000008
0.5 0.16 0.060000000000000005
0.5 0.16 0.14000000000000001
0.5 0.16 0.16
0.5 0.16 0.17999999999999999
0.5 0.17999999999999999 0.040000000000000008
0.5 0.17999999999999999 0.060000000000000005
0.5 0.17999999999999999 0.080000000000000002
0.5 0.17999999999999999 0.10000000000000001
0.5 0.17999999999999999 0.12000000000000001
0.5 0.17999999999999999 0.14000000000000001
0.5 0.17999999999999999 0.16
0.5 0.20000000000000001 0.060000000000000005
0.5 0.20000000000000001 0.080000000000000002
0.5 0.20000000000000001 0.10000000000000001
0.5 0.20000000000000001 0.12000000000000001
0.5 0.20000000000000001 0.14000000000000001
0.52000000000000002 0 0.060000000000000005
0.52000000000000002 0 0.080000000000000002
0.52000000000000002 0 0.10000000000000001
0.52000000000000002 0 0.12000000000000001
0.52000000000000002 0 0.14000000000000001
0.52000000000000002 0.020000000000000004 0.040000000000000008
0.52000000000000002 0.020000000000000004 0.060000000000000005
0.52000000000000002 0.020000000000000004 0.080000000000000002
0.52000000000000002 0.020000000000000004 0.10000000000000001
0.52000000000000002 0.020000000000000004 0.12000000000000001
0.52000000000000002 0.020000000000000004 0.14000000000000001
0.52000000000000002 0.020000000000000004 0.16
0.52000000000000002 0.040000000000000008 0.020000000000000004
0.52000000000000002 0.040000000000000008 0.040000000000000008
0.52000000000000002 0.040000000000000008 0.060000000000000005
0.52000000000000002 0.040000000000000008 0.14000000000000001
0.52000000000000002 0.040000000000000008 0.16
0.52000000000000002 0.040000000000000008 0.17999999999999999
0.52000000000000002 0.060000000000000005 0
0.52000000000000002 0.060000000000000005 0.020000000000000004
0.52000000000000002 0.060000000000000005 0.040000000000000008
0.52000000000000002 0.060000000000000005 0.16
0.52000000000000002 0.060000000000000005 0.17999999999999999
0.52000000000000002 0.060000000000000005 0.20000000000000001
0.52000000000000002 0.080000000000000002 0
0.52000000000000002 0.080000000000000002 0.020000000000000004
0.52000000000000002 0.080000000000000002 0.17999999999999999
0.52000000000000002 0.080000000000000002 0.20000000000000001
0.52000000000000002 0.10000000000000001 0
0.52000000000000002 0.10000000000000001 0.020000000000000004
0.52000000000000002 0.10000000000000001 0.17999999999999999
0.52000000000000002 0.10000000000000001 0.20000000000000001
0.52000000000000002 0.12000000000000001 0
0.52000000000000002 0.12000000000000001 0.020000000000000004
0.52000000000000002 0.12000000000000001 0.17999999999999999
0.52000000000000002 0.12000000000000001 0.20000000000000001
0.52000000000000002 0.14000000000000001 0
0.52000000000000002 0.14000000000000001 0.020000000000000004
0.52000000000000002 0.14000000000000001 0.040000000000000008
0.52000000000000002 0.14000000000000001 0.16
0.52000000000000002 0.14000000000000001 0.17999999999999999
0.52000000000000002 0.14000000000000001 0.20000000000000001
0.52000000000000002 0.16 0.020000000000000004
0.52000000000000002 0.16 0.040000000000000008
0.52000000000000002 0.16 0.060000000000000005
0.52000000000000002 0.16 0.14000000000000001
0.52000000000000002 0.16 0.16
0.52000000000000002 0.16 0.17999999999999999
0.52000000000000002 0.17999999999999999 0.040000000000000008
0.52000000000000002 0.17999999999999999 0.060000000000000005
0.52000000000000002 0.17999999999999999 0.080000000000000002
0.52000000000000002 0.17999999999999999 0.10000000000000001
0.52000000000000002 0.17999999999999999 0.12000000000000001
0.52000000000000002 0.17999999999999999 0.14000000000000001
0.52000000000000002 0.17999999999999999 0.16
0.52000000000000002 0.20000000000000001 0.060000000000000005
0.52000000000000002 0.20000000000000001 0.080000000000000002
0.52000000000000002 0.20000000000000001 0.10000000000000001
0.52000000000000002 0.20000000000000001 0.12000000000000001
0.52000000000000002 0.20000000000000001 0.14000000000000001
0.54000000000000004 0 0.060000000000000005
0.54000000000000004 0 0.080000000000000002
0.54000000000000004 0 0.10000000000000001
0.54000000000000004 0 0.12000000000000001
0.54000000000000004 0 0.14000000000000001
0.54000000000000004 0.020000000000000004 0.040000000000000008
0.54000000000000004 0.020000000000000004 0.060000000000000005
0.54000000000000004 0.020000000000000004 0.080000000000000002
0.54000000000000004 0.020000000000000004 0.10000000000000001
0.54000000000000004 0.020000000000000004 0.12000000000000001
0.54000000000000004 0.020000000000000004 0.14000000000000001
0.54000000000000004 0.020000000000000004 0.16
0.54000000000000004 0.040000000000000008 0.020000000000000004
0.54000000000000004 0.040000000000000008 0.040000000000000008
0.54000000000000004 0.040000000000000008 0.060000000000000005
0.54000000000000004 0.040000000000000008 0.14000000000000001
0.54000000000000004 0.040000000000000008 0.16
0.54000000000000004 0.040000000000000008 0.17999999999999999
0.54000000000000004 0.060000000000000005 0
0.54000000000000004 0.060000000000000005 0.020000000000000004
0.54000000000000004 0.060000000000000005 0.040000000000000008
0.54000000000000004 0.060000000000000005 0.16
0.54000000000000004 0.060000000000000005 0.17999999999999999
0.54000000000000004 0.060000000000000005 0.20000000000000001
0.54000000000000004 0.080000000000000002 0
0.54000000000000004 0.080000000000000002 0.020000000000000004
0.54000000000000004 0.080000000000000002 0.17999999999999999
0.54000000000000004 0.080000000000000002 0.20000000000000001
0.54000000000000004 0.10000000000000001 0
0.54000000000000004 0.10000000000000001 0.020000000000000004
0.54000000000000004 0.10000000000000001 0.17999999999999999
0.54000000000000004 0.10000000000000001 0.20000000000000001
0.54000000000000004 0.12000000000000001 0
0.54000000000000004 0.12000000000000001 0.020000000000000004
0.54000000000000004 0.12000000000000001 0.17999999999999999
0.54000000000000004 0.12000000000000001 0.20000000000000001
0.54000000000000004 0.14000000000000001 0
0.54000000000000004 0.14000000000000001 0.020000000000000004
0.54000000000000004 0.14000000000000001 0.040000000000000008
0.54000000000000004 0.14000000000000001 0.16
0.54000000000000004 0.14000000000000001 0.17999999999999999
0.54000000000000004 0.14000000000000001 0.20000000000000001
0.54000000000000004 0.16 0.020000000000000004
0.54000000000000004 0.16 0.040000000000000008
0.54000000000000004 0.16 0.060000000000000005
0.54000000000000004 0.16 0.14000000000000001
0.54000000000000004 0.16 0.16
0.54000000000000004 0.16 0.17999999999999999
0.54000000000000004 0.17999999999999999 0.040000000000000008
0.54000000000000004 0.17999999999999999 0.060000000000000005
0.54000000000000004 0.17999999999999999 0.080000000000000002
0.54000000000000004 0.17999999999999999 0.10000000000000001
0.54000000000000004 0.17999999999999999 0.12000000000000001
0.54000000000000004 0.17999999999999999 0.14000000000000001
0.54000000000000004 0.17999999999999999 0.16
0.54000000000000004 0.20000000000000001 0.060000000000000005
0.54000000000000004 0.20000000000000001 0.080000000000000002
0.54000000000000004 0.20000000000000001 0.10000000000000001
0.54000000000000004 0.20000000000000001 0.12000000000000001
0.54000000000000004 0.20000000000000001 0.14000000000000001
0.56000000000000005 0 0.060000000000000005
0.56000000000000005 0 0.080000000000000002
0.56000000000000005 0 0.10000000000000001
0.56000000000000005 0 0.12000000000000001
0.56000000000000005 0 0.14000000000000001
0.56000000000000005 0.020000000000000004 0.040000000000000008
0.56000000000000005 0.020000000000000004 0.060000000000000005
0.56000000000000005 0.020000000000000004 0.080000000000000002
0.56000000000000005 0.020000000000000004 0.10000000000000001
0.56000000000000005 0.020000000000000004 0.12000000000000001
0.56000000000000005 0.020000000000000004 0.14000000000000001
0.56000000000000005 0.020000000000000004 0.16
0.56000000000000005 0.040000000000000008 0.020000000000000004
0.56000000000000005 0.040000000000000008 0.040000000000000008
0.56000000000000005 0.040000000000000008 0.060000000000000005
0.56000000000000005 0.040000000000000008 0.14000000000000001
0.56000000000000005 0.040000000000000008 0.16
0.56000000000000005 0.040000000000000008 0.17999999999999999
0.56000000000000005 0.060000000000000005 0
0.56000000000000005 0.060000000000000005 0.020000000000000004
0.56000000000000005 0.060000000000000005 0.040000000000000008
0.56000000000000005 0.060000000000000005 0.16
0.56000000000000005 0.060000000000000005 0.17999999999999999
0.56000000000000005 0.060000000000000005 0.20000000000000001
0.56000000000000005 0.080000000000000002 0
0.56000000000000005 0.080000000000000002 0.020000000000000004
0.56000000000000005 0.080000000000000002 0.17999999999999999
0.56000000000000005 0.080000000000000002 0.20000000000000001
0.56000000000000005 0.10000000000000001 0
0.56000000000000005 0.10000000000000001 0.020000000000000004
0.56000000000000005 0.10000000000000001 0.17999999999999999
0.56000000000000005 0.10000000000000001 0.20000000000000001
0.56000000000000005 0.12000000000000001 0
0.56000000000000005 0.12000000000000001 0.020000000000000004
0.56000000000000005 0.12000000000000001 0.17999999999999999
0.56000000000000005 0.12000000000000001 0.20000000000000001
0.56000000000000005 0.14000000000000001 0
0.56000000000000005 0.14000000000000001 0.020000000000000004
0.56000000000000005 0.14000000000000001 0.040000000000000008
0.56000000000000005 0.14000000000000001 0.16
0.56000000000000005 0.14000000000000001 0.17999999999999999
0.56000000000000005 0.14000000000000001 0.20000000000000001
0.56000000000000005 0.16 0.020000000000000004
0.56000000000000005 0.16 0.040000000000000008
0.56000000000000005 0.16 0.060000000000000005
0.56000000000000005 0.16 0.14000000000000001
0.56000000000000005 0.16 0.16
0.56000000000000005 0.16 0.17999999999999999
0.56000000000000005 0.17999999999999999 0.040000000000000008
0.56000000000000005 0.17999999999999999 0.060000000000000005
0.56000000000000005 0.17999999999999999 0.080000000000000002
0.56000000000000005 0.17999999999999999 0.10000000000000001
0.56000000000000005 0.17999999999999999 0.12000000000000001
0.56000000000000005 0.17999999999999999 0.14000000000000001
0.56000000000000005 0.17999999999999999 0.16
0.56000000000000005 0.20000000000000001 0.060000000000000005
0.56000000000000005 0.20000000000000001 0.080000000000000002
0.56000000000000005 0.20000000000000001 0.10000000000000001
0.56000000000000005 0.20000000000000001 0.12000000000000001
0.56000000000000005 0.20000000000000001 0.14000000000000001
0.57999999999999996 0 0.060000000000000005
0.57999999999999996 0 0.080000000000000002
0.57999999999999996 0 0.10000000000000001
0.57999999999999996 0 0.12000000000000001
0.57999999999999996 0 0.14000000000000001
0.57999999999999996 0.020000000000000004 0.040000000000000008
0.57999999999999996 0.020000000000000004 0.060000000000000005
0.57999999999999996 0.020000000000000004 0.080000000000000002
0.57999999999999996 0.020000000000000004 0.10000000000000001
0.57999999999999996 0.020000000000000004 0.12000000000000001
0.57999999999999996 0.020000000000000004 0.14000000000000001
0.57999999999999996 0.020000000000000004 0.16
0.57999999999999996 0.040000000000000008 0.020000000000000004
0.57999999999999996 0.040000000000000008 0.040000000000000008
0.57999999999999996 0.040000000000000008 0.060000000000000005
0.57999999999999996 0.040000000000000008 0.14000000000000001
0.57999999999999996 0.040000000000000008 0.16
0.57999999999999996 0.040000000000000008 0.17999999999999999
0.57999999999999996 0.060000000000000005 0
0.57999999999999996 0.060000000000000005 0.020000000000000004
0.57999999999999996 0.060000000000000005 0.040000000000000008
0.57999999999999996 0.060000000000000005 0.16
0.57999999999999996 0.060000000000000005 0.17999999999999999
0.57999999999999996 0.060000000000000005 0.20000000000000001
0.57999999999999996 0.080000000000000002 0
0.57999999999999996 0.080000000000000002 0.020000000000000004
0.57999999999999996 0.080000000000000002 0.17999999999999999
0.57999999999999996 0.080000000000000002 0.20000000000000001
0.57999999999999996 0.10000000000000001 0
0.57999999999999996 0.10000000000000001 0.020000000000000004
0.57999999999999996 0.10000000000000001 0.17999999999999999
0.57999999999999996 0.10000000000000001 0.20000000000000001
0.57999999999999996 0.12000000000000001 0
0.57999999999999996 0.12000000000000001 0.020000000000000004
0.57999999999999996 0.12000000000000001 0.17999999999999999
0.57999999999999996 0.12000000000000001 0.20000000000000001
0.57999999999999996 0.14000000000000001 0
0.57999999999999996 0.14000000000000001 0.020000000000000004
0.57999999999999996 0.14000000000000001 0.040000000000000008
0.57999999999999996 0.14000000000000001 0.16
0.57999999999999996 0.14000000000000001 0.17999999999999999
0.57999999999999996 0.14000000000000001 0.20000000000000001
0.57999999999999996 0.16 0.020000000000000004
0.57999999999999996 0.16 0.040000000000000008
0.57999999999999996 0.16 0.060000000000000005
0.57999999999999996 0.16 0.14000000000000001
0.57999999999999996 0.16 0.16
0.57999999999999996 0.16 0.17999999999999999
0.57999999999999996 0.17999999999999999 0.040000000000000008
0.57999999999999996 0.17999999999999999 0.060000000000000005
0.57999999999999996 0.17999999999999999 0.080000000000000002
0.57999999999999996 0.17999999999999999 0.10000000000000001
0.57999999999999996 0.17999999999999999 0.12000000000000001
0.57999999999999996 0.17999999999999999 0.14000000000000001
0.57999999999999996 0.17999999999999999 0.16
0.57999999999999996 0.20000000000000001 0.060000000000000005
0.57999999999999996 0.20000000000000001 0.080000000000000002
0.57999999999999996 0.20000000000000001 0.10000000000000001
0.57999999999999996 0.20000000000000001 0.12000000000000001
0.57999999999999996 0.20000000000000001 0.14000000000000001
0.59999999999999998 0 0.060000000000000005
0.59999999999999998 0 0.080000000000000002
0.59999999999999998 0 0.10000000000000001
0.59999999999999998 0 0.12000000000000001
0.59999999999999998 0 0.14000000000000001
0.59999999999999998 0.020000000000000004 0.040000000000000008
0.59999999999999998 0.020000000000000004 0.060000000000000005
0.59999999999999998 0.020000000000000004 0.080000000000000002
0.59999999999999998 0.020000000000000004 0.10000000000000001
0.59999999999999998 0.020000000000000004 0.12000000000000001
0.59999999999999998 0.020000000000000004 0.14000000000000001
0.59999999999999998 0.020000000000000004 0.16
0.59999999999999998 0.040000000000000008 0.020000000000000004
0.59999999999999998 0.040000000000000008 0.040000000000000008
0.59999999999999998 0.040000000000000008 0.060000000000000005
0.59999999999999998 0.040000000000000008 0.14000000000000001
0.59999999999999998 0.040000000000000008 0.16
0.59999999999999998 0.040000000000000008 0.17999999999999999
0.59999999999999998 0.060000000000000005 0
0.59999999999999998 0.060000000000000005 0.020000000000000004
0.59999999999999998 0.060000000000000005 0.040000000000000008
0.59999999999999998 0.060000000000000005 0.16
0.59999999999999998 0.060000000000000005 0.17999999999999999
0.59999999999999998 0.060000000000000005 0.20000000000000001
0.59999999999999998 0.080000000000000002 0
0.59999999999999998 0.080000000000000002 0.020000000000000004
0.59999999999999998 0.080000000000000002 0.17999999999999999
0.59999999999999998 0.080000000000000002 0.20000000000000001
0.59999999999999998 0.10000000000000001 0
0.59999999999999998 0.10000000000000001 0.020000000000000004
0.59999999999999998 0.10000000000000001 0.17999999999999999
0.59999999999999998 0.10000000000000001 0.20000000000000001
0.59999999999999998 0.12000000000000001 0
0.59999999999999998 0.12000000000000001 0.020000000000000004
0.59999999999999998 0.12000000000000001 0.17999999999999999
0.59999999999999998 0.12000000000000001 0.20000000000000001
0.59999999999999998 0.14000000000000001 0
0.59999999999999998 0.14000000000000001 0.020000000000000004
0.59999999999999998 0.14000000000000001 0.040000000000000008
0.59999999999999998 0.14000000000000001 0.16
0.59999999999999998 0.14000000000000001 0.17999999999999999
0.59999999999999998 0.14000000000000001 0.20000000000000001
0.59999999999999998 0.16 0.020000000000000004
0.59999999999999998 0.16 0.040000000000000008
0.59999999999999998 0.16 0.060000000000000005
0.59999999999999998 0.16 0.14000000000000001
0.59999999999999998 0.16 0.16
0.59999999999999998 0.16 0.17999999999999999
0.59999999999999998 0.17999999999999999 0.040000000000000008
0.59999999999999998 0.17999999999999999 0.060000000000000005
0.59999999999999998 0.17999999999999999 0.080000000000000002
0.59999999999999998 0.17999999999999999 0.10000000000000001
0.59999999999999998 0.17999999999999999 0.12000000000000001
0.59999999999999998 0.17999999999999999 0.14000000000000001
0.59999999999999998 0.17999999999999999 0.16
0.59999999999999998 0.20000000000000001 0.060000000000000005
0.59999999999999998 0.20000000000000001 0.080000000000000002
0.59999999999999998 0.20000000000000001 0.10000000000000001
0.59999999999999998 0.20000000000000001 0.12000000000000001
0.59999999999999998 0.20000000000000001 0.14000000000000001
0.62 0 0.060000000000000005
0.62 0 0.080000000000000002
0.62 0 0.10000000000000001
0.62 0 0.12000000000000001
0.62 0 0.14000000000000001
0.62 0.020000000000000004 0.040000000000000008
0.62 0.020000000000000004 0.060000000000000005
0.62 0.020000000000000004 0.080000000000000002
0.62 0.020000000000000004 0.10000000000000001
0.62 0.020000000000000004 0.12000000000000001
0.62 0.020000000000000004 0.14000000000000001
0.62 0.020000000000000004 0.16
0.62 0.040000000000000008 0.020000000000000004
0.62 0.040000000000000008 0.040000000000000008
0.62 0.040000000000000008 0.060000000000000005
0.62 0.040000000000000008 0.14000000000000001
0.62 0.040000000000000008 0.16
0.62 0.040000000000000008 0.17999999999999999
0.62 0.060000000000000005 0
0.62 0.060000000000000005 0.020000000000000004
0.62 0.060000000000000005 0.040000000000000008
0.62 0.060000000000000005 0.16
0.62 0.060000000000000005 0.17999999999999999
0.62 0.060000000000000005 0.20000000000000001
0.62 0.080000000000000002 0
0.62 0.080000000000000002 0.020000000000000004
0.62 0.080000000000000002 0.17999999999999999
0.62 0.080000000000000002 0.20000000000000001
0.62 0.10000000000000001 0
0.62 0.10000000000000001 0.020000000000000004
0.62 0.10000000000000001 0.17999999999999999
0.62 0.10000000000000001 0.20000000000000001
0.62 0.12000000000000001 0
0.62 0.12000000000000001 0.020000000000000004
0.62 0.12000000000000001 0.17999999999999999
0.62 0.12000000000000001 0.20000000000000001
0.62 0.14000000000000001 0
0.62 0.14000000000000001 0.020000000000000004
0.62 0.14000000000000001 0.040000000000000008
0.62 0.14000000000000001 0.16
0.62 0.14000000000000001 0.17999999999999999
0.62 0.14000000000000001 0.20000000000000001
0.62 0.16 0.020000000000000004
0.62 0.16 0.040000000000000008
0.62 0.16 0.060000000000000005
0.62 0.16 0.14000000000000001
0.62 0.16 0.16
0.62 0.16 0.17999999999999999
0.62 0.17999999999999999 0.040000000000000008
0.62 0.17999999999999999 0.060000000000000005
0.62 0.17999999999999999 0.080000000000000002
0.62 0.17999999999999999 0.10000000000000001
0.62 0.17999999999999999 0.12000000000000001
0.62 0.17999999999999999 0.14000000000000001
0.62 0.17999999999999999 0.16
0.62 0.20000000000000001 0.060000000000000005
0.62 0.20000000000000001 0.080000000000000002
0.62 0.20000000000000001 0.10000000000000001
0.62 0.20000000000000001 0.12000000000000001
0.62 0.20000000000000001 0.14000000000000001
0.64000000000000001 0 0.060000000000000005
0.64000000000000001 0 0.080000000000000002
0.64000000000000001 0 0.10000000000000001
0.64000000000000001 0 0.12000000000000001
0.64000000000000001 0 0.14000000000000001
0.64000000000000001 0.020000000000000004 0.040000000000000008
0.64000000000000001 0.020000000000000004 0.060000000000000005
0.64000000000000001 0.020000000000000004 0.080000000000000002
0.64000000000000001 0.020000000000000004 0.10000000000000001
0.64000000000000001 0.020000000000000004 0.12000000000000001
0.64000000000000001 0.020000000000000004 0.14000000000000001
0.64000000000000001 0.020000000000000004 0.16
0.64000000000000001 0.040000000000000008 0.020000000000000004
0.64000000000000001 0.040000000000000008 0.040000000000000008
0.64000000000000001 0.040000000000000008 0.060000000000000005
0.64000000000000001 0.040000000000000008 0.14000000000000001
0.64000000000000001 0.040000000000000008 0.16
0.64000000000000001 0.040000000000000008 0.17999999999999999
0.64000000000000001 0.060000000000000005 0
0.64000000000000001 0.060000000000000005 0.020000000000000004
0.64000000000000001 0.060000000000000005 0.040000000000000008
0.64000000000000001 0.060000000000000005 0.16
0.64000000000000001 0.060000000000000005 0.17999999999999999
0.64000000000000001 0.060000000000000005 0.20000000000000001
0.64000000000000001 0.080000000000000002 0
0.64000000000000001 0.080000000000000002 0.020000000000000004
0.64000000000000001 0.080000000000000002 0.17999999999999999
0.64000000000000001 0.080000000000000002 0.20000000000000001
0.64000000000000001 0.10000000000000001 0
0.64000000000000001 0.10000000000000001 0.020000000000000004
0.64000000000000001 0.10000000000000001 0.17999999999999999
0.64000000000000001 0.10000000000000001 0.20000000000000001
0.64000000000000001 0.12000000000000001 0
0.64000000000000001 0.12000000000000001 0.020000000000000004
0.64000000000000001 0.12000000000000001 0.17999999999999999
0.64000000000000001 0.12000000000000001 0.20000000000000001
0.64000000000000001 0.14000000000000001 0
0.64000000000000001 0.14000000000000001 0.020000000000000004
0.64000000000000001 0.14000000000000001 0.040000000000000008
0.64000000000000001 0.14000000000000001 0.16
0.64000000000000001 0.14000000000000001 0.17999999999999999
0.64000000000000001 0.14000000000000001 0.20000000000000001
0.64000000000000001 0.16 0.020000000000000004
0.64000000000000001 0.16 0.040000000000000008
0.64000000000000001 0.16 0.060000000000000005
0.64000000000000001 0.16 0.14000000000000001
0.64000000000000001 0.16 0.16
0.64000000000000001 0.16 0.17999999999999999
0.64000000000000001 0.17999999999999999 0.040000000000000008
0.64000000000000001 0.17999999999999999 0.060000000000000005
0.64000000000000001 0.17999999999999999 0.080000000000000002
0.64000000000000001 0.17999999999999999 0.10000000000000001
0.64000000000000001 0.17999999999999999 0.12000000000000001
0.64000000000000001 0.17999999999999999 0.14000000000000001
0.64000000000000001 0.17999999999999999 0.16
0.64000000000000001 0.20000000000000001 0.060000000000000005
0.64000000000000001 0.20000000000000001 0.080000000000000002
0.64000000000000001 0.20000000000000001 0.10000000000000001
0.64000000000000001 0.20000000000000001 0.12000000000000001
0.64000000000000001 0.20000000000000001 0.14000000000000001
0.66000000000000003 0 0.060000000000000005
0.66000000000000003 0 0.080000000000000002
0.66000000000000003 0 0.10000000000000001
0.66000000000000003 0 0.12000000000000001
0.66000000000000003 0 0.14000000000000001
0.66000000000000003 0.020000000000000004 0.040000000000000008
0.66000000000000003 0.020000000000000004 0.060000000000000005
0.66000000000000003 0.020000000000000004 0.080000000000000002
0.66000000000000003 0.020000000000000004 0.10000000000000001
0.66000000000000003 0.020000000000000004 0.12000000000000001
0.66000000000000003 0.020000000000000004 0.14000000000000001
0.66000000000000003 0.020000000000000004 0.16
0.66000000000000003 0.040000000000000008 0.020000000000000004
0.66000000000000003 0.040000000000000008 0.040000000000000008
0.66000000000000003 0.040000000000000008 0.060000000000000005
0.66000000000000003 0.040000000000000008 0.14000000000000001
0.66000000000000003 0.040000000000000008 0.16
0.66000000000000003 0.040000000000000008 0.17999999999999999
0.66000000000000003 0.060000000000000005 0
0.66000000000000003 0.060000000000000005 0.020000000000000004
0.66000000000000003 0.060000000000000005 0.040000000000000008
0.66000000000000003 0.060000000000000005 0.16
0.66000000000000003 0.060000000000000005 0.17999999999999999
0.66000000000000003 0.060000000000000005 0.20000000000000001
0.66000000000000003 0.080000000000000002 0
0.66000000000000003 0.080000000000000002 0.020000000000000004
0.66000000000000003 0.080000000000000002 0.17999999999999999
0.66000000000000003 0.080000000000000002 0.20000000000000001
0.66000000000000003 0.10000000000000001 0
0.66000000000000003 0.10000000000000001 0.020000000000000004
0.66000000000000003 0.10000000000000001 0.17999999999999999
0.66000000000000003 0.10000000000000001 0.20000000000000001
0.66000000000000003 0.12000000000000001 0
0.66000000000000003 0.12000000000000001 0.020000000000000004
0.66000000000000003 0.12000000000000001 0.17999999999999999
0.66000000000000003 0.12000000000000001 0.20000000000000001
0.66000000000000003 0.14000000000000001 0
0.66000000000000003 0.14000000000000001 0.020000000000000004
0.66000000000000003 0.14000000000000001 0.040000000000000008
0.66000000000000003 0.14000000000000001 0.16
0.66000000000000003 0.14000000000000001 0.17999999999999999
0.66000000000000003 0.14000000000000001 0.20000000000000001
0.66000000000000003 0.16 0.020000000000000004
0.66000000000000003 0.16 0.040000000000000008
0.66000000000000003 0.16 0.060000000000000005
0.66000000000000003 0.16 0.14000000000000001
0.66000000000000003 0.16 0.16
0.66000000000000003 0.16 0.17999999999999999
0.66000000000000003 0.17999999999999999 0.040000000000000008
0.66000000000000003 0.17999999999999999 0.060000000000000005
0.66000000000000003 0.17999999999999999 0.080000000000000002
0.66000000000000003 0.17999999999999999 0.10000000000000001
0.66000000000000003 0.17999999999999999 0.12000000000000001
0.66000000000000003 0.17999999999999999 0.14000000000000001
0.66000000000000003 0.17999999999999999 0.16
0.66000000000000003 0.20000000000000001 0.060000000000000005
0.66000000000000003 0.20000000000000001 0.080000000000000002
0.66000000000000003 0.20000000000000001 0.10000000000000001
0.66000000000000003 0.20000000000000001 0.12000000000000001
0.66000000000000003 0.20000000000000001 0.14000000000000001
0.68000000000000005 0 0.060000000000000005
0.68000000000000005 0 0.080000000000000002
0.68000000000000005 0 0.10000000000000001
0.68000000000000005 0 0.12000000000000001
0.68000000000000005 0 0.14000000000000001
0.68000000000000005 0.020000000000000004 0.040000000000000008
0.68000000000000005 0.020000000000000004 0.060000000000000005
0.68000000000000005 0.020000000000000004 0.080000000000000002
0.68000000000000005 0.020000000000000004 0.10000000000000001
0.68000000000000005 0.020000000000000004 0.12000000000000001
0.68000000000000005 0.020000000000000004 0.14000000000000001
0.68000000000000005 0.020000000000000004 0.16
0.68000000000000005 0.040000000000000008 0.020000000000000004
0.68000000000000005 0.040000000000000008 0.040000000000000008
0.68000000000000005 0.040000000000000008 0.060000000000000005
0.68000000000000005 0.040000000000000008 0.14000000000000001
0.68000000000000005 0.040000000000000008 0.16
0.68000000000000005 0.040000000000000008 0.17999999999999999
0.68000000000000005 0.060000000000000005 0
0.68000000000000005 0.060000000000000005 0.020000000000000004
0.68000000000000005 0.060000000000000005 0.040000000000000008
0.68000000000000005 0.060000000000000005 0.16
0.68000000000000005 0.060000000000000005 0.17999999999999999
0.68000000000000005 0.060000000000000005 0.20000000000000001
0.68000000000000005 0.080000000000000002 0
0.68000000000000005 0.080000000000000002 0.020000000000000004
0.68000000000000005 0.080000000000000002 0.17999999999999999
0.68000000000000005 0.080000000000000002 0.20000000000000001
0.68000000000000005 0.10000000000000001 0
0.68000000000000005 0.10000000000000001 0.020000000000000004
0.68000000000000005 0.10000000000000001 0.17999999999999999
0.68000000000000005 0.10000000000000001 0.20000000000000001
0.68000000000000005 0.12000000000000001 0
0.68000000000000005 0.12000000000000001 0.020000000000000004
0.68000000000000005 0.12000000000000001 0.17999999999999999
0.68000000000000005 0.12000000000000001 0.20000000000000001
0.68000000000000005 0.14000000000000001 0
0.68000000000000005 0.14000000000000001 0.020000000000000004
0.68000000000000005 0.14000000000000001 0.040000000000000008
0.68000000000000005 0.14000000000000001 0.16
0.68000000000000005 0.14000000000000001 0.17999999999999999
0.68000000000000005 0.14000000000000001 0.20000000000000001
0.68000000000000005 0.16 0.020000000000000004
0.68000000000000005 0.16 0.040000000000000008
0.68000000000000005 0.16 0.060000000000000005
0.68000000000000005 0.16 0.14000000000000001
0.68000000000000005 0.16 0.16
0.68000000000000005 0.16 0.17999999999999999
0.68000000000000005 0.17999999999999999 0.040000000000000008
0.68000000000000005 0.17999999999999999 0.060000000000000005
0.68000000000000005 0.17999999999999999 0.080000000000000002
0.68000000000000005 0.17999999999999999 0.10000000000000001
0.68000000000000005 0.17999999999999999 0.12000000000000001
0.68000000000000005 0.17999999999999999 0.14000000000000001
0.68000000000000005 0.17999999999999999 0.16
0.68000000000000005 0.20000000000000001 0.060000000000000005
0.68000000000000005 0.20000000000000001 0.080000000000000002
0.68000000000000005 0.20000000000000001 0.10000000000000001
0.68000000000000005 0.20000000000000001 0.12000000000000001
0.68000000000000005 0.20000000000000001 0.14000000000000001
0.70000000000000007 0 0.060000000000000005
0.70000000000000007 0 0.080000000000000002
0.70000000000000007 0 0.10000000000000001
0.70000000000000007 0 0.12000000000000001
0.70000000000000007 0 0.14000000000000001
0.70000000000000007 0.020000000000000004 0.040000000000000008
0.70000000000000007 0.020000000000000004 0.060000000000000005
0.70000000000000007 0.020000000000000004 0.080000000000000002
0.70000000000000007 0.020000000000000004 0.10000000000000001
0.70000000000000007 0.020000000000000004 0.12000000000000001
0.70000000000000007 0.020000000000000004 0.14000000000000001
0.70000000000000007 0.020000000000000004 0.16
0.70000000000000007 0.040000000000000008 0.020000000000000004
0.70000000000000007 0.040000000000000008 0.040000000000000008
0.70000000000000007 0.040000000000000008 0.060000000000000005
0.70000000000000007 0.040000000000000008 0.14000000000000001
0.70000000000000007 0.040000000000000008 0.16
0.70000000000000007 0.040000000000000008 0.17999999999999999
0.70000000000000007 0.060000000000000005 0
0.70000000000000007 0.060000000000000005 0.020000000000000004
0.70000000000000007 0.060000000000000005 0.040000000000000008
0.70000000000000007 0.060000000000000005 0.16
0.70000000000000007 0.060000000000000005 0.17999999999999999
0.70000000000000007 0.060000000000000005 0.20000000000000001
0.70000000000000007 0.080000000000000002 0
0.70000000000000007 0.080000000000000002 0.020000000000000004
0.70000000000000007 0.080000000000000002 0.17999999999999999
0.70000000000000007 0.080000000000000002 0.20000000000000001
0.70000000000000007 0.10000000000000001 0
0.70000000000000007 0.10000000000000001 0.020000000000000004
0.70000000000000007 0.10000000000000001 0.17999999999999999
0.70000000000000007 0.10000000000000001 0.20000000000000001
0.70000000000000007 0.12000000000000001 0
0.70000000000000007 0.12000000000000001 0.020000000000000004
0.70000000000000007 0.12000000000000001 0.17999999999999999
0.70000000000000007 0.12000000000000001 0.20000000000000001
0.70000000000000007 0.14000000000000001 0
0.70000000000000007 0.14000000000000001 0.020000000000000004
0.70000000000000007 0.14000000000000001 0.040000000000000008
0.70000000000000007 0.14000000000000001 0.16
0.70000000000000007 0.14000000000000001 0.17999999999999999
0.70000000000000007 0.14000000000000001 0.20000000000000001
0.70000000000000007 0.16 0.020000000000000004
0.70000000000000007 0.16 0.040000000000000008
0.70000000000000007 0.16 0.060000000000000005
0.70000000000000007 0.16 0.14000000000000001
0.70000000000000007 0.16 0.16
0.70000000000000007 0.16 0.17999999999999999
0.70000000000000007 0.17999999999999999 0.040000000000000008
0.70000000000000007 0.17999999999999999 0.060000000000000005
0.70000000000000007 0.17999999999999999 0.080000000000000002
0.70000000000000007 0.17999999999999999 0.10000000000000001
0.70000000000000007 0.17999999999999999 0.12000000000000001
0.70000000000000007 0.17999999999999999 0.14000000000000001
0.70000000000000007 0.17999999999999999 0.16
0.70000000000000007 0.20000000000000001 0.060000000000000005
0.70000000000000007 0.20000000000000001 0.080000000000000002
0.70000000000000007 0.20000000000000001 0.10000000000000001
0.70000000000000007 0.20000000000000001 0.12000000000000001
0.70000000000000007 0.20000000000000001 0.14000000000000001
0.71999999999999997 0 0.060000000000000005
0.71999999999999997 0 0.080000000000000002
0.71999999999999997 0 0.10000000000000001
0.71999999999999997 0 0.12000000000000001
0.71999999999999997 0 0.14000000000000001
0.71999999999999997 0.020000000000000004 0.040000000000000008
0.71999999999999997 0.020000000000000004 0.060000000000000005
0.71999999999999997 0.020000000000000004 0.080000000000000002
0.71999999999999997 0.020000000000000004 0.10000000000000001
0.71999999999999997 0.020000000000000004 0.12000000000000001
0.71999999999999997 0.020000000000000004 0.14000000000000001
0.71999999999999997 0.020000000000000004 0.16
0.71999999999999997 0.040000000000000008 0.020000000000000004
0.71999999999999997 0.040000000000000008 0.040000000000000008
0.71999999999999997 0.040000000000000008 0.060000000000000005
0.71999999999999997 0.040000000000000008 0.14000000000000001
0.71999999999999997 0.040000000000000008 0.16
0.71999999999999997 0.040000000000000008 0.17999999999999999
0.71999999999999997 0.060000000000000005 0
0.71999999999999997 0.060000000000000005 0.020000000000000004
0.71999999999999997 0.060000000000000005 0.040000000000000008
0.71999999999999997 0.060000000000000005 0.16
0.71999999999999997 0.060000000000000005 0.17999999999999999
0.71999999999999997 0.060000000000000005 0.20000000000000001
0.71999999999999997 0.080000000000000002 0
0.71999999999999997 0.080000000000000002 0.020000000000000004
0.71999999999999997 0.080000000000000002 0.17999999999999999
0.71999999999999997 0.080000000000000002 0.20000000000000001
0.71999999999999997 0.10000000000000001 0
0.71999999999999997 0.10000000000000001 0.020000000000000004
0.71999999999999997 0.10000000000000001 0.17999999999999999
0.71999999999999997 0.10000000000000001 0.20000000000000001
0.71999999999999997 0.12000000000000001 0
0.71999999999999997 0.12000000000000001 0.020000000000000004
0.71999999999999997 0.12000000000000001 0.17999999999999999
0.71999999999999997 0.12000000000000001 0.20000000000000001
0.71999999999999997 0.14000000000000001 0
0.71999999999999997 0.14000000000000001 0.020000000000000004
0.71999999999999997 0.14000000000000001 0.040000000000000008
0.71999999999999997 0.14000000000000001 0.16
0.71999999999999997 0.14000000000000001 0.17999999999999999
0.71999999999999997 0.14000000000000001 0.20000000000000001
0.71999999999999997 0.16 0.020000000000000004
0.71999999999999997 0.16 0.040000000000000008
0.71999999999999997 0.16 0.060000000000000005
0.71999999999999997 0.16 0.14000000000000001
0.71999999999999997 0.16 0.16
0.71999999999999997 0.16 0.17999999999999999
0.71999999999999997 0.17999999999999999 0.040000000000000008
0.71999999999999997 0.17999999999999999 0.060000000000000005
0.71999999999999997 0.17999999999999999 0.080000000000000002
0.71999999999999997 0.17999999999999999 0.10000000000000001
0.71999999999999997 0.17999999999999999 0.12000000000000001
0.71999999999999997 0.17999999999999999 0.14000000000000001
0.71999999999999997 0.17999999999999999 0.16
0.71999999999999997 0.20000000000000001 0.060000000000000005
0.71999999999999997 0.20000000000000001 0.080000000000000002
0.71999999999999997 0.20000000000000001 0.10000000000000001
0.71999999999999997 0.20000000000000001 0.12000000000000001
0.71999999999999997 0.20000000000000001 0.14000000000000001
0.73999999999999999 0 0.060000000000000005
0.73999999999999999 0 0.080000000000000002
0.73999999999999999 0 0.10000000000000001
0.73999999999999999 0 0.12000000000000001
0.73999999999999999 0 0.14000000000000001
0.73999999999999999 0.020000000000000004 0.040000000000000008
0.73999999999999999 0.020000000000000004 0.060000000000000005
0.73999999999999999 0.020000000000000004 0.080000000000000002
0.73999999999999999 0.020000000000000004 0.10000000000000001
0.73999999999999999 0.020000000000000004 0.12000000000000001
0.73999999999999999 0.020000000000000004 0.14000000000000001
0.73999999999999999 0.020000000000000004 0.16
0.73999999999999999 0.040000000000000008 0.020000000000000004
0.73999999999999999 0.040000000000000008 0.040000000000000008
0.73999999999999999 0.040000000000000008 0.060000000000000005
0.73999999999999999 0.040000000000000008 0.14000000000000001
0.73999999999999999 0.040000000000000008 0.16
0.73999999999999999 0.040000000000000008 0.17999999999999999
0.73999999999999999 0.060000000000000005 0
0.73999999999999999 0.060000000000000005 0.020000000000000004
0.73999999999999999 0.060000000000000005 0.040000000000000008
0.73999999999999999 0.060000000000000005 0.16
0.73999999999999999 0.060000000000000005 0.17999999999999999
0.73999999999999999 0.060000000000000005 0.20000000000000001
0.73999999999999999 0.080000000000000002 0
0.73999999999999999 0.080000000000000002 0.020000000000000004
0.73999999999999999 0.080000000000000002 0.17999999999999999
0.73999999999999999 0.080000000000000002 0.20000000000000001
0.73999999999999999 0.10000000000000001 0
0.73999999999999999 0.10000000000000001 0.020000000000000004
0.73999999999999999 0.10000000000000001 0.17999999999999999
0.73999999999999999 0.10000000000000001 0.20000000000000001
0.73999999999999999 0.12000000000000001 0
0.73999999999999999 0.12000000000000001 0.020000000000000004
0.73999999999999999 0.12000000000000001 0.17999999999999999
0.73999999999999999 0.12000000000000001 0.20000000000000001
0.73999999999999999 0.14000000000000001 0
0.73999999999999999 0.14000000000000001 0.020000000000000004
0.73999999999999999 0.14000000000000001 0.040000000000000008
0.73999999999999999 0.14000000000000001 0.16
0.73999999999999999 0.14000000000000001 0.17999999999999999
0.73999999999999999 0.14000000000000001 0.20000000000000001
0.73999999999999999 0.16 0.020000000000000004
0.73999999999999999 0.16 0.040000000000000008
0.73999999999999999 0.16 0.060000000000000005
0.73999999999999999 0.16 0.14000000000000001
0.73999999999999999 0.16 0.16
0.73999999999999999 0.16 0.17999999999999999
0.73999999999999999 0.17999999999999999 0.040000000000000008
0.73999999999999999 0.17999999999999999 0.060000000000000005
0.73999999999999999 0.17999999999999999 0.080000000000000002
0.73999999999999999 0.17999999999999999 0.10000000000000001
0.73999999999999999 0.17999999999999999 0.12000000000000001
0.73999999999999999 0.17999999999999999 0.14000000000000001
0.73999999999999999 0.17999999999999999 0.16
0.73999999999999999 0.20000000000000001 0.060000000000000005
0.73999999999999999 0.20000000000000001 0.080000000000000002
0.73999999999999999 0.20000000000000001 0.10000000000000001
0.73999999999999999 0.20000000000000001 0.12000000000000001
0.73999999999999999 0.20000000000000001 0.14000000000000001
0.76000000000000001 0 0.060000000000000005
0.76000000000000001 0 0.080000000000000002
0.76000000000000001 0 0.10000000000000001
0.76000000000000001 0 0.12000000000000001
0.76000000000000001 0 0.14000000000000001
0.76000000000000001 0.020000000000000004 0.040000000000000008
0.76000000000000001 0.020000000000000004 0.060000000000000005
0.76000000000000001 0.020000000000000004 0.080000000000000002
0.76000000000000001 0.020000000000000004 0.10000000000000001
0.76000000000000001 0.020000000000000004 0.12000000000000001
0.76000000000000001 0.020000000000000004 0.14000000000000001
0.76000000000000001 0.020000000000000004 0.16
0.76000000000000001 0.040000000000000008 0.020000000000000004
0.76000000000000001 0.040000000000000008 0.040000000000000008
0.76000000000000001 0.040000000000000008 0.060000000000000005
0.76000000000000001 0.040000000000000008 0.14000000000000001
0.76000000000000001 0.040000000000000008 0.16
0.76000000000000001 0.040000000000000008 0.17999999999999999
0.76000000000000001 0.060000000000000005 0
0.76000000000000001 0.060000000000000005 0.020000000000000004
0.76000000000000001 0.060000000000000005 0.040000000000000008
0.76000000000000001 0.060000000000000005 0.16
0.76000000000000001 0.060000000000000005 0.17999999999999999
0.76000000000000001 0.060000000000000005 0.20000000000000001
0.76000000000000001 0.080000000000000002 0
0.76000000000000001 0.080000000000000002 0.020000000000000004
0.76000000000000001 0.080000000000000002 0.17999999999999999
0.76000000000000001 0.080000000000000002 0.20000000000000001
0.76000000000000001 0.10000000000000001 0
0.76000000000000001 0.10000000000000001 0.020000000000000004
0.76000000000000001 0.10000000000000001 0.17999999999999999
0.76000000000000001 0.10000000000000001 0.20000000000000001
0.76000000000000001 0.12000000000000001 0
0.76000000000000001 0.12000000000000001 0.020000000000000004
0.76000000000000001 0.12000000000000001 0.17999999999999999
0.76000000000000001 0.12000000000000001 0.20000000000000001
0.76000000000000001 0.14000000000000001 0
0.76000000000000001 0.14000000000000001 0.020000000000000004
0.76000000000000001 0.14000000000000001 0.040000000000000008
0.76000000000000001 0.14000000000000001 0.16
0.76000000000000001 0.14000000000000001 0.17999999999999999
0.76000000000000001 0.14000000000000001 0.20000000000000001
0.76000000000000001 0.16 0.020000000000000004
0.76000000000000001 0.16 0.040000000000000008
0.76000000000000001 0.16 0.060000000000000005
0.76000000000000001 0.16 0.14000000000000001
0.76000000000000001 0.16 0.16
0.76000000000000001 0.16 0.17999999999999999
0.76000000000000001 0.17999999999999999 0.040000000000000008
0.76000000000000001 0.17999999999999999 0.060000000000000005
0.76000000000000001 0.17999999999999999 0.080000000000000002
0.76000000000000001 0.17999999999999999 0.10000000000000001
0.76000000000000001 0.17999999999999999 0.12000000000000001
0.76000000000000001 0.17999999999999999 0.14000000000000001
0.76000000000000001 0.17999999999999999 0.16
0.76000000000000001 0.20000000000000001 0.060000000000000005
0.76000000000000001 0.20000000000000001 0.080000000000000002
0.76000000000000001 0.20000000000000001 0.10000000000000001
0.76000000000000001 0.20000000000000001 0.12000000000000001
0.76000000000000001 0.20000000000000001 0.14000000000000001
0.78000000000000003 0 0.060000000000000005
0.78000000000000003 0 0.080000000000000002
0.78000000000000003 0 0.10000000000000001
0.78000000000000003 0 0.12000000000000001
0.78000000000000003 0 0.14000000000000001
0.78000000000000003 0.020000000000000004 0.040000000000000008
0.78000000000000003 0.020000000000000004 0.060000000000000005
0.78000000000000003 0.020000000000000004 0.080000000000000002
0.78000000000000003 0.020000000000000004 0.10000000000000001
0.78000000000000003 0.020000000000000004 0.12000000000000001
0.78000000000000003 0.020000000000000004 0.14000000000000001
0.78000000000000003 0.020000000000000004 0.16
0.78000000000000003 0.040000000000000008 0.020000000000000004
0.78000000000000003 0.040000000000000008 0.040000000000000008
0.78000000000000003 0.040000000000000008 0.060000000000000005
0.78000000000000003 0.040000000000000008 0.14000000000000001
0.78000000000000003 0.040000000000000008 0.16
0.78000000000000003 0.040000000000000008 0.17999999999999999
0.78000000000000003 0.060000000000000005 0
0.78000000000000003 0.060000000000000005 0.020000000000000004
0.78000000000000003 0.060000000000000005 0.040000000000000008
0.78000000000000003 0.060000000000000005 0.16
0.78000000000000003 0.060000000000000005 0.17999999999999999
0.78000000000000003 0.060000000000000005 0.20000000000000001
0.78000000000000003 0.080000000000000002 0
0.78000000000000003 0.080000000000000002 0.020000000000000004
0.78000000000000003 0.080000000000000002 0.17999999999999999
0.78000000000000003 0.080000000000000002 0.20000000000000001
0.78000000000000003 0.10000000000000001 0
0.78000000000000003 0.10000000000000001 0.020000000000000004
0.78000000000000003 0.10000000000000001 0.17999999999999999
0.78000000000000003 0.10000000000000001 0.20000000000000001
0.78000000000000003 0.12000000000000001 0
0.78000000000000003 0.12000000000000001 0.020000000000000004
0.78000000000000003 0.12000000000000001 0.17999999999999999
0.78000000000000003 0.12000000000000001 0.20000000000000001
0.78000000000000003 0.14000000000000001 0
0.78000000000000003 0.14000000000000001 0.020000000000000004
0.78000000000000003 0.14000000000000001 0.040000000000000008
0.78000000000000003 0.14000000000000001 0.16
0.78000000000000003 0.14000000000000001 0.17999999999999999
0.78000000000000003 0.14000000000000001 0.20000000000000001
0.78000000000000003 0.16 0.020000000000000004
0.78000000000000003 0.16 0.040000000000000008
0.78000000000000003 0.16 0.060000000000000005
0.78000000000000003 0.16 0.14000000000000001
0.78000000000000003 0.16 0.16
0.78000000000000003 0.16 0.17999999999999999
0.78000000000000003 0.17999999999999999 0.040000000000000008
0.78000000000000003 0.17999999999999999 0.060000000000000005
0.78000000000000003 0.17999999999999999 0.080000000000000002
0.78000000000000003 0.17999999999999999 0.10000000000000001
0.78000000000000003 0.17999999999999999 0.12000000000000001
0.78000000000000003 0.17999999999999999 0.14000000000000001
0.78000000000000003 0.17999999999999999 0.16
0.78000000000000003 0.20000000000000001 0.060000000000000005
0.78000000000000003 0.20000000000000001 0.080000000000000002
0.78000000000000003 0.20000000000000001 0.10000000000000001
0.78000000000000003 0.20000000000000001 0.12000000000000001
0.78000000000000003 0.20000000000000001 0.14000000000000001
0.80000000000000004 0 0.060000000000000005
0.80000000000000004 0 0.080000000000000002
0.80000000000000004 0 0.10000000000000001
0.80000000000000004 0 0.12000000000000001
0.80000000000000004 0 0.14000000000000001
0.80000000000000004 0.020000000000000004 0.040000000000000008
0.80000000000000004 0.020000000000000004 0.060000000000000005
0.80000000000000004 0.020000000000000004 0.080000000000000002
0.80000000000000004 0.020000000000000004 0.10000000000000001
0.80000000000000004 0.020000000000000004 0.12000000000000001
0.80000000000000004 0.020000000000000004 0.14000000000000001
0.80000000000000004 0.020000000000000004 0.16
0.80000000000000004 0.040000000000000008 0.020000000000000004
0.80000000000000004 0.040000000000000008 0.040000000000000008
0.80000000000000004 0.040000000000000008 0.060000000000000005
0.80000000000000004 0.040000000000000008 0.14000000000000001
0.80000000000000004 0.040000000000000008 0.16
0.80000000000000004 0.040000000000000008 0.17999999999999999
0.80000000000000004 0.060000000000000005 0
0.80000000000000004 0.060000000000000005 0.020000000000000004
0.80000000000000004 0.060000000000000005 0.040000000000000008
0.80000000000000004 0.060000000000000005 0.16
0.80000000000000004 0.060000000000000005 0.17999999999999999
0.80000000000000004 0.060000000000000005 0.20000000000000001
0.80000000000000004 0.080000000000000002 0
0.80000000000000004 0.080000000000000002 0.020000000000000004
0.80000000000000004 0.080000000000000002 0.17999999999999999
0.80000000000000004 0.080000000000000002 0.20000000000000001
0.80000000000000004 0.10000000000000001 0
0.80000000000000004 0.10000000000000001 0.020000000000000004
0.80000000000000004 0.10000000000000001 0.17999999999999999
0.80000000000000004 0.10000000000000001 0.20000000000000001
0.80000000000000004 0.12000000000000001 0
0.80000000000000004 0.12000000000000001 0.020000000000000004
0.80000000000000004 0.12000000000000001 0.17999999999999999
0.80000000000000004 0.12000000000000001 0.20000000000000001
0.80000000000000004 0.14000000000000001 0
0.80000000000000004 0.14000000000000001 0.020000000000000004
0.80000000000000004 0.14000000000000001 0.040000000000000008
0.80000000000000004 0.14000000000000001 0.16
0.80000000000000004 0.14000000000000001 0.17999999999999999
0.80000000000000004 0.14000000000000001 0.20000000000000001
0.80000000000000004 0.16 0.020000000000000004
0.80000000000000004 0.16 0.040000000000000008
0.80000000000000004 0.16 0.060000000000000005
0.80000000000000004 0.16 0.14000000000000001
0.80000000000000004 0.16 0.16
0.80000000000000004 0.16 0.17999999999999999
0.80000000000000004 0.17999999999999999 0.040000000000000008
0.80000000000000004 0.17999999999999999 0.060000000000000005
0.80000000000000004 0.17999999999999999 0.080000000000000002
0.80000000000000004 0.17999999999999999 0.10000000000000001
0.80000000000000004 0.17999999999999999 0.12000000000000001
0.80000000000000004 0.17999999999999999 0.14000000000000001
0.80000000000000004 0.17999999999999999 0.16
0.80000000000000004 0.20000000000000001 0.060000000000000005
0.80000000000000004 0.20000000000000001 0.080000000000000002
0.80000000000000004 0.20000000000000001 0.10000000000000001
0.80000000000000004 0.20000000000000001 0.12000000000000001
0.80000000000000004 0.20000000000000001 0.14000000000000001
0.82000000000000006 0 0.060000000000000005
0.82000000000000006 0 0.080000000000000002
0.82000000000000006 0 0.10000000000000001
0.82000000000000006 0 0.12000000000000001
0.82000000000000006 0 0.14000000000000001
0.82000000000000006 0.020000000000000004 0.040000000000000008
0.82000000000000006 0.020000000000000004 0.060000000000000005
0.82000000000000006 0.020000000000000004 0.080000000000000002
0.82000000000000006 0.020000000000000004 0.10000000000000001
0.82000000000000006 0.020000000000000004 0.12000000000000001
0.82000000000000006 0.020000000000000004 0.14000000000000001
0.82000000000000006 0.020000000000000004 0.16
0.82000000000000006 0.040000000000000008 0.020000000000000004
0.82000000000000006 0.040000000000000008 0.040000000000000008
0.82000000000000006 0.040000000000000008 0.060000000000000005
0.82000000000000006 0.040000000000000008 0.14000000000000001
0.82000000000000006 0.040000000000000008 0.16
0.82000000000000006 0.040000000000000008 0.17999999999999999
0.82000000000000006 0.060000000000000005 0
0.82000000000000006 0.060000000000000005 0.020000000000000004
0.82000000000000006 0.060000000000000005 0.040000000000000008
0.82000000000000006 0.060000000000000005 0.16
0.82000000000000006 0.060000000000000005 0.17999999999999999
0.82000000000000006 0.060000000000000005 0.20000000000000001
0.82000000000000006 0.080000000000000002 0
0.82000000000000006 0.080000000000000002 0.020000000000000004
0.82000000000000006 0.080000000000000002 0.17999999999999999
0.82000000000000006 0.080000000000000002 0.20000000000000001
0.82000000000000006 0.10000000000000001 0
0.82000000000000006 0.10000000000000001 0.020000000000000004
0.82000000000000006 0.10000000000000001 0.17999999999999999
0.82000000000000006 0.10000000000000001 0.20000000000000001
0.82000000000000006 0.12000000000000001 0
0.82000000000000006 0.12000000000000001 0.020000000000000004
0.82000000000000006 0.12000000000000001 0.17999999999999999
0.82000000000000006 0.12000000000000001 0.20000000000000001
0.82000000000000006 0.14000000000000001 0
0.82000000000000006 0.14000000000000001 0.020000000000000004
0.82000000000000006 0.14000000000000001 0.040000000000000008
0.82000000000000006 0.14000000000000001 0.16
0.82000000000000006 0.14000000000000001 0.17999999999999999
0.82000000000000006 0.14000000000000001 0.20000000000000001
0.82000000000000006 0.16 0.020000000000000004
0.82000000000000006 0.16 0.040000000000000008
0.82000000000000006 0.16 0.060000000000000005
0.82000000000000006 0.16 0.14000000000000001
0.82000000000000006 0.16 0.16
0.82000000000000006 0.16 0.17999999999999999
0.82000000000000006 0.17999999999999999 0.040000000000000008
0.82000000000000006 0.17999999999999999 0.060000000000000005
0.82000000000000006 0.17999999999999999 0.080000000000000002
0.82000000000000006 0.17999999999999999 0.10000000000000001
0.82000000000000006 0.17999999999999999 0.12000000000000001
0.82000000000000006 0.17999999999999999 0.14000000000000001
0.82000000000000006 0.17999999999999999 0.16
0.82000000000000006 0.20000000000000001 0.060000000000000005
0.82000000000000006 0.20000000000000001 0.080000000000000002
0.82000000000000006 0.20000000000000001 0.10000000000000001
0.82000000000000006 0.20000000000000001 0.12000000000000001
0.82000000000000006 0.20000000000000001 0.14000000000000001
0.83999999999999997 0 0.060000000000000005
0.83999999999999997 0 0.080000000000000002
0.83999999999999997 0 0.10000000000000001
0.83999999999999997 0 0.12000000000000001
0.83999999999999997 0 0.14000000000000001
0.83999999999999997 0.020000000000000004 0.040000000000000008
0.83999999999999997 0.020000000000000004 0.060000000000000005
0.83999999999999997 0.020000000000000004 0.080000000000000002
0.83999999999999997 0.020000000000000004 0.10000000000000001
0.83999999999999997 0.020000000000000004 0.12000000000000001
0.83999999999999997 0.020000000000000004 0.14000000000000001
0.83999999999999997 0.020000000000000004 0.16
0.83999999999999997 0.040000000000000008 0.020000000000000004
0.83999999999999997 0.040000000000000008 0.040000000000000008
0.83999999999999997 0.040000000000000008 0.060000000000000005
0.83999999999999997 0.040000000000000008 0.14000000000000001
0.83999999999999997 0.040000000000000008 0.16
0.83999999999999997 0.040000000000000008 0.17999999999999999
0.83999999999999997 0.060000000000000005 0
0.83999999999999997 0.060000000000000005 0.020000000000000004
0.83999999999999997 0.060000000000000005 0.040000000000000008
0.83999999999999997 0.060000000000000005 0.16
0.83999999999999997 0.060000000000000005 0.17999999999999999
0.83999999999999997 0.060000000000000005 0.20000000000000001
0.83999999999999997 0.080000000000000002 0
0.83999999999999997 0.080000000000000002 0.020000000000000004
0.83999999999999997 0.080000000000000002 0.17999999999999999
0.83999999999999997 0.080000000000000002 0.20000000000000001
0.83999999999999997 0.10000000000000001 0
0.83999999999999997 0.10000000000000001 0.020000000000000004
0.83999999999999997 0.10000000000000001 0.17999999999999999
0.83999999999999997 0.10000000000000001 0.20000000000000001
0.83999999999999997 0.12000000000000001 0
0.83999999999999997 0.12000000000000001 0.020000000000000004
0.83999999999999997 0.12000000000000001 0.17999999999999999
0.83999999999999997 0.12000000000000001 0.20000000000000001
0.83999999999999997 0.14000000000000001 0
0.83999999999999997 0.14000000000000001 0.020000000000000004
0.83999999999999997 0.14000000000000001 0.040000000000000008
0.83999999999999997 0.14000000000000001 0.16
0.83999999999999997 0.14000000000000001 0.17999999999999999
0.83999999999999997 0.14000000000000001 0.20000000000000001
0.83999999999999997 0.16 0.020000000000000004
0.83999999999999997 0.16 0.040000000000000008
0.83999999999999997 0.16 0.060000000000000005
0.83999999999999997 0.16 0.14000000000000001
0.83999999999999997 0.16 0.16
0.83999999999999997 0.16 0.17999999999999999
0.83999999999999997 0.17999999999999999 0.040000000000000008
0.83999999999999997 0.17999999999999999 0.060000000000000005
0.83999999999999997 0.17999999999999999 0.080000000000000002
0.83999999999999997 0.17999999999999999 0.10000000000000001
0.83999999999999997 0.17999999999999999 0.12000000000000001
0.83999999999999997 0.17999999999999999 0.14000000000000001
0.83999999999999997 0.17999999999999999 0.16
0.83999999999999997 0.20000000000000001 0.060000000000000005
0.83999999999999997 0.20000000000000001 0.080000000000000002
0.83999999999999997 0.20000000000000001 0.10000000000000001
0.83999999999999997 0.20000000000000001 0.12000000000000001
0.83999999999999997 0.20000000000000001 0.14000000000000001
0.85999999999999999 0 0.060000000000000005
0.85999999999999999 0 0.080000000000000002
0.85999999999999999 0 0.10000000000000001
0.85999999999999999 0 0.12000000000000001
0.85999999999999999 0 0.14000000000000001
0.85999999999999999 0.020000000000000004 0.040000000000000008
0.85999999999999999 0.020000000000000004 0.060000000000000005
0.85999999999999999 0.020000000000000004 0.080000000000000002
0.85999999999999999 0.020000000000000004 0.10000000000000001
0.85999999999999999 0.020000000000000004 0.12000000000000001
0.85999999999999999 0.020000000000000004 0.14000000000000001
0.85999999999999999 0.020000000000000004 0.16
0.85999999999999999 0.040000000000000008 0.020000000000000004
0.85999999999999999 0.040000000000000008 0.040000000000000008
0.85999999999999999 0.040000000000000008 0.060000000000000005
0.85999999999999999 0.040000000000000008 0.14000000000000001
0.85999999999999999 0.040000000000000008 0.16
0.85999999999999999 0.040000000000000008 0.17999999999999999
0.85999999999999999 0.060000000000000005 0
0.85999999999999999 0.060000000000000005 0.020000000000000004
0.85999999999999999 0.060000000000000005 0.040000000000000008
0.85999999999999999 0.060000000000000005 0.16
0.85999999999999999 0.060000000000000005 0.17999999999999999
0.85999999999999999 0.060000000000000005 0.20000000000000001
0.85999999999999999 0.080000000000000002 0
0.85999999999999999 0.080000000000000002 0.020000000000000004
0.85999999999999999 0.080000000000000002 0.17999999999999999
0.85999999999999999 0.080000000000000002 0.20000000000000001
0.85999999999999999 0.10000000000000001 0
0.85999999999999999 0.10000000000000001 0.020000000000000004
0.85999999999999999 0.10000000000000001 0.17999999999999999
0.85999999999999999 0.10000000000000001 0.20000000000000001
0.85999999999999999 0.12000000000000001 0
0.85999999999999999 0.12000000000000001 0.020000000000000004
0.85999999999999999 0.12000000000000001 0.17999999999999999
0.85999999999999999 0.12000000000000001 0.20000000000000001
0.85999999999999999 0.14000000000000001 0
0.85999999999999999 0.14000000000000001 0.020000000000000004
0.85999999999999999 0.14000000000000001 0.040000000000000008
0.85999999999999999 0.14000000000000001 0.16
0.85999999999999999 0.14000000000000001 0.17999999999999999
0.85999999999999999 0.14000000000000001 0.20000000000000001
0.85999999999999999 0.16 0.020000000000000004
0.85999999999999999 0.16 0.040000000000000008
0.85999999999999999 0.16 0.060000000000000005
0.85999999999999999 0.16 0.14000000000000001
0.85999999999999999 0.16 0.16
0.85999999999999999 0.16 0.17999999999999999
0.85999999999999999 0.17999999999999999 0.040000000000000008
0.85999999999999999 0.17999999999999999 0.060000000000000005
0.85999999999999999 0.17999999999999999 0.080000000000000002
0.85999999999999999 0.17999999999999999 0.10000000000000001
0.85999999999999999 0.17999999999999999 0.12000000000000001
0.85999999999999999 0.17999999999999999 0.14000000000000001
0.85999999999999999 0.17999999999999999 0.16
0.85999999999999999 0.20000000000000001 0.060000000000000005
0.85999999999999999 0.20000000000000001 0.080000000000000002
0.85999999999999999 0.20000000000000001 0.10000000000000001
0.85999999999999999 0.20000000000000001 0.12000000000000001
0.85999999999999999 0.20000000000000001 0.14000000000000001
0.88 0 0.060000000000000005
0.88 0 0.080000000000000002
0.88 0 0.10000000000000001
0.88 0 0.12000000000000001
0.88 0 0.14000000000000001
0.88 0.020000000000000004 0.040000000000000008
0.88 0.020000000000000004 0.060000000000000005
0.88 0.020000000000000004 0.080000000000000002
0.88 0.020000000000000004 0.10000000000000001
0.88 0.020000000000000004 0.12000000000000001
0.88 0.020000000000000004 0.14000000000000001
0.88 0.020000000000000004 0.16
0.88 0.040000000000000008 0.020000000000000004
0.88 0.040000000000000008 0.040000000000000008
0.88 0.040000000000000008 0.060000000000000005
0.88 0.040000000000000008 0.14000000000000001
0.88 0.040000000000000008 0.16
0.88 0.040000000000000008 0.17999999999999999
0.88 0.060000000000000005 0
0.88 0.060000000000000005 0.020000000000000004
0.88 0.060000000000000005 0.040000000000000008
0.88 0.060000000000000005 0.16
0.88 0.060000000000000005 0.17999999999999999
0.88 0.060000000000000005 0.20000000000000001
0.88 0.080000000000000002 0
0.88 0.080000000000000002 0.020000000000000004
0.88 0.080000000000000002 0.17999999999999999
0.88 0.080000000000000002 0.20000000000000001
0.88 0.10000000000000001 0
0.88 0.10000000000000001 0.020000000000000004
0.88 0.10000000000000001 0.17999999999999999
0.88 0.10000000000000001 0.20000000000000001
0.88 0.12000000000000001 0
0.88 0.12000000000000001 0.020000000000000004
0.88 0.12000000000000001 0.17999999999999999
0.88 0.12000000000000001 0.20000000000000001
0.88 0.14000000000000001 0
0.88 0.14000000000000001 0.020000000000000004
0.88 0.14000000000000001 0.040000000000000008
0.88 0.14000000000000001 0.16
0.88 0.14000000000000001 0.17999999999999999
0.88 0.14000000000000001 0.20000000000000001
0.88 0.16 0.020000000000000004
0.88 0.16 0.040000000000000008
0.88 0.16 0.060000000000000005
0.88 0.16 0.14000000000000001
0.88 0.16 0.16
0.88 0.16 0.17999999999999999
0.88 0.17999999999999999 0.040000000000000008
0.88 0.17999999999999999 0.060000000000000005
0.88 0.17999999999999999 0.080000000000000002
0.88 0.17999999999999999 0.10000000000000001
0.88 0.17999999999999999 0.12000000000000001
0.88 0.17999999999999999 0.14000000000000001
0.88 0.17999999999999999 0.16
0.88 0.20000000000000001 0.060000000000000005
0.88 0.20000000000000001 0.080000000000000002
0.88 0.20000000000000001 0.10000000000000001
0.88 0.20000000000000001 0.12000000000000001
0.88 0.20000000000000001 0.14000000000000001
0.90000000000000002 0 0.060000000000000005
0.90000000000000002 0 0.080000000000000002
0.90000000000000002 0 0.10000000000000001
0.90000000000000002 0 0.12000000000000001
0.90000000000000002 0 0.14000000000000001
0.90000000000000002 0.020000000000000004 0.040000000000000008
0.90000000000000002 0.020000000000000004 0.060000000000000005
0.90000000000000002 0.020000000000000004 0.080000000000000002
0.90000000000000002 0.020000000000000004 0.10000000000000001
0.90000000000000002 0.020000000000000004 0.12000000000000001
0.90000000000000002 0.020000000000000004 0.14000000000000001
0.90000000000000002 0.020000000000000004 0.16
0.90000000000000002 0.040000000000000008 0.020000000000000004
0.90000000000000002 0.040000000000000008 0.040000000000000008
0.90000000000000002 0.040000000000000008 0.060000000000000005
0.90000000000000002 0.040000000000000008 0.14000000000000001
0.90000000000000002 0.040000000000000008 0.16
0.90000000000000002 0.040000000000000008 0.17999999999999999
0.90000000000000002 0.060000000000000005 0
0.90000000000000002 0.060000000000000005 0.020000000000000004
0.90000000000000002 0.060000000000000005 0.040000000000000008
0.90000000000000002 0.060000000000000005 0.16
0.90000000000000002 0.060000000000000005 0.17999999999999999
0.90000000000000002 0.060000000000000005 0.20000000000000001
0.90000000000000002 0.080000000000000002 0
0.90000000000000002 0.080000000000000002 0.020000000000000004
0.90000000000000002 0.080000000000000002 0.17999999999999999
0.90000000000000002 0.080000000000000002 0.20000000000000001
0.90000000000000002 0.10000000000000001 0
0.90000000000000002 0.10000000000000001 0.020000000000000004
0.90000000000000002 0.10000000000000001 0.17999999999999999
0.90000000000000002 0.10000000000000001 0.20000000000000001
0.90000000000000002 0.12000000000000001 0
0.90000000000000002 0.12000000000000001 0.020000000000000004
0.90000000000000002 0.12000000000000001 0.17999999999999999
0.90000000000000002 0.12000000000000001 0.20000000000000001
0.90000000000000002 0.14000000000000001 0
0.90000000000000002 0.14000000000000001 0.020000000000000004
0.90000000000000002 0.14000000000000001 0.040000000000000008
0.90000000000000002 0.14000000000000001 0.16
0.90000000000000002 0.14000000000000001 0.17999999999999999
0.90000000000000002 0.14000000000000001 0.20000000000000001
0.90000000000000002 0.16 0.020000000000000004
0.90000000000000002 0.16 0.040000000000000008
0.90000000000000002 0.16 0.060000000000000005
0.90000000000000002 0.16 0.14000000000000001
0.90000000000000002 0.16 0.16
0.90000000000000002 0.16 0.17999999999999999
0.90000000000000002 0.17999999999999999 0.040000000000000008
0.90000000000000002 0.17999999999999999 0.060000000000000005
0.90000000000000002 0.17999999999999999 0.080000000000000002
0.90000000000000002 0.17999999999999999 0.10000000000000001
0.90000000000000002 0.17999999999999999 0.12000000000000001
0.90000000000000002 0.17999999999999999 0.14000000000000001
0.90000000000000002 0.17999999999999999 0.16
0.90000000000000002 0.20000000000000001 0.060000000000000005
0.90000000000000002 0.20000000000000001 0.080000000000000002
0.90000000000000002 0.20000000000000001 0.10000000000000001
0.90000000000000002 0.20000000000000001 0.12000000000000001
0.90000000000000002 0.20000000000000001 0.14000000000000001
0.92000000000000004 0 0.060000000000000005
0.92000000000000004 0 0.080000000000000002
0.92000000000000004 0 0.10000000000000001
0.92000000000000004 0 0.12000000000000001
0.92000000000000004 0 0.14000000000000001
0.92000000000000004 0.020000000000000004 0.040000000000000008
0.92000000000000004 0.020000000000000004 0.060000000000000005
0.92000000000000004 0.020000000000000004 0.080000000000000002
0.92000000000000004 0.020000000000000004 0.10000000000000001
0.92000000000000004 0.020000000000000004 0.12000000000000001
0.92000000000000004 0.020000000000000004 0.14000000000000001
0.92000000000000004 0.020000000000000004 0.16
0.92000000000000004 0.040000000000000008 0.020000000000000004
0.92000000000000004 0.040000000000000008 0.040000000000000008
0.92000000000000004 0.040000000000000008 0.060000000000000005
0.92000000000000004 0.040000000000000008 0.14000000000000001
0.92000000000000004 0.040000000000000008 0.16
0.92000000000000004 0.040000000000000008 0.17999999999999999
0.92000000000000004 0.060000000000000005 0
0.92000000000000004 0.060000000000000005 0.020000000000000004
0.92000000000000004 0.060000000000000005 0.040000000000000008
0.92000000000000004 0.060000000000000005 0.16
0.92000000000000004 0.060000000000000005 0.17999999999999999
0.92000000000000004 0.060000000000000005 0.20000000000000001
0.92000000000000004 0.080000000000000002 0
0.92000000000000004 0.080000000000000002 0.020000000000000004
0.92000000000000004 0.080000000000000002 0.17999999999999999
0.92000000000000004 0.080000000000000002 0.20000000000000001
0.92000000000000004 0.10000000000000001 0
0.92000000000000004 0.10000000000000001 0.020000000000000004
0.92000000000000004 0.10000000000000001 0.17999999999999999
0.92000000000000004 0.10000000000000001 0.20000000000000001
0.92000000000000004 0.12000000000000001 0
0.92000000000000004 0.12000000000000001 0.020000000000000004
0.92000000000000004 0.12000000000000001 0.17999999999999999
0.92000000000000004 0.12000000000000001 0.20000000000000001
0.92000000000000004 0.14000000000000001 0
0.92000000000000004 0.14000000000000001 0.020000000000000004
0.92000000000000004 0.14000000000000001 0.040000000000000008
0.92000000000000004 0.14000000000000001 0.16
0.92000000000000004 0.14000000000000001 0.17999999999999999
0.92000000000000004 0.14000000000000001 0.20000000000000001
0.92000000000000004 0.16 0.020000000000000004
0.92000000000000004 0.16 0.040000000000000008
0.92000000000000004 0.16 0.060000000000000005
0.92000000000000004 0.16 0.14000000000000001
0.92000000000000004 0.16 0.16
0.92000000000000004 0.16 0.17999999999999999
0.92000000000000004 0.17999999999999999 0.040000000000000008
0.92000000000000004 0.17999999999999999 0.060000000000000005
0.92000000000000004 0.17999999999999999 0.080000000000000002
0.92000000000000004 0.17999999999999999 0.10000000000000001
0.92000000000000004 0.17999999999999999 0.12000000000000001
0.92000000000000004 0.17999999999999999 0.14000000000000001
0.92000000000000004 0.17999999999999999 0.16
0.92000000000000004 0.20000000000000001 0.060000000000000005
0.92000000000000004 0.20000000000000001 0.080000000000000002
0.92000000000000004 0.20000000000000001 0.10000000000000001
0.92000000000000004 0.20000000000000001 0.12000000000000001
0.92000000000000004 0.20000000000000001 0.14000000000000001
0.94000000000000006 0 0.060000000000000005
0.94000000000000006 0 0.080000000000000002
0.94000000000000006 0 0.10000000000000001
0.94000000000000006 0 0.12000000000000001
0.94000000000000006 0 0.14000000000000001
0.94000000000000006 0.020000000000000004 0.040000000000000008
0.94000000000000006 0.020000000000000004 0.060000000000000005
0.94000000000000006 0.020000000000000004 0.080000000000000002
0.94000000000000006 0.020000000000000004 0.10000000000000001
0.94000000000000006 0.020000000000000004 0.12000000000000001
0.94000000000000006 0.020000000000000004 0.14000000000000001
0.94000000000000006 0.020000000000000004 0.16
0.94000000000000006 0.040000000000000008 0.020000000000000004
0.94000000000000006 0.040000000000000008 0.040000000000000008
0.94000000000000006 0.040000000000000008 0.060000000000000005
0.94000000000000006 0.040000000000000008 0.14000000000000001
0.94000000000000006 0.040000000000000008 0.16
0.94000000000000006 0.040000000000000008 0.17999999999999999
0.94000000000000006 0.060000000000000005 0
0.94000000000000006 0.060000000000000005 0.020000000000000004
0.94000000000000006 0.060000000000000005 0.040000000000000008
0.94000000000000006 0.060000000000000005 0.16
0.94000000000000006 0.060000000000000005 0.17999999999999999
0.94000000000000006 0.060000000000000005 0.20000000000000001
0.94000000000000006 0.080000000000000002 0
0.94000000000000006 0.080000000000000002 0.020000000000000004
0.94000000000000006 0.080000000000000002 0.17999999999999999
0.94000000000000006 0.080000000000000002 0.20000000000000001
0.94000000000000006 0.10000000000000001 0
0.94000000000000006 0.10000000000000001 0.020000000000000004
0.94000000000000006 0.10000000000000001 0.17999999999999999
0.94000000000000006 0.10000000000000001 0.20000000000000001
0.94000000000000006 0.12000000000000001 0
0.94000000000000006 0.12000000000000001 0.020000000000000004
0.94000000000000006 0.12000000000000001 0.17999999999999999
0.94000000000000006 0.12000000000000001 0.20000000000000001
0.94000000000000006 0.14000000000000001 0
0.94000000000000006 0.14000000000000001 0.020000000000000004
0.94000000000000006 0.14000000000000001 0.040000000000000008
0.94000000000000006 0.14000000000000001 0.16
0.94000000000000006 0.14000000000000001 0.17999999999999999
0.94000000000000006 0.14000000000000001 0.20000000000000001
0.94000000000000006 0.16 0.020000000000000004
0.94000000000000006 0.16 0.040000000000000008
0.94000000000000006 0.16 0.060000000000000005
0.94000000000000006 0.16 0.14000000000000001
0.94000000000000006 0.16 0.16
0.94000000000000006 0.16 0.17999999999999999
0.94000000000000006 0.17999999999999999 0.040000000000000008
0.94000000000000006 0.17999999999999999 0.060000000000000005
0.94000000000000006 0.17999999999999999 0.080000000000000002
0.94000000000000006 0.17999999999999999 0.10000000000000001
0.94000000000000006 0.17999999999999999 0.12000000000000001
0.94000000000000006 0.17999999999999999 0.14000000000000001
0.94000000000000006 0.17999999999999999 0.16
0.94000000000000006 0.20000000000000001 0.060000000000000005
0.94000000000000006 0.20000000000000001 0.080000000000000002
0.94000000000000006 0.20000000000000001 0.10000000000000001
0.94000000000000006 0.20000000000000001 0.12000000000000001
0.94000000000000006 0.20000000000000001 0.14000000000000001
0.95999999999999996 0 0.060000000000000005
0.95999999999999996 0 0.080000000000000002
0.95999999999999996 0 0.10000000000000001
0.95999999999999996 0 0.12000000000000001
0.95999999999999996 0 0.14000000000000001
0.95999999999999996 0.020000000000000004 0.040000000000000008
0.95999999999999996 0.020000000000000004 0.060000000000000005
0.95999999999999996 0.020000000000000004 0.080000000000000002
0.95999999999999996 0.020000000000000004 0.10000000000000001
0.95999999999999996 0.020000000000000004 0.12000000000000001
0.95999999999999996 0.020000000000000004 0.14000000000000001
0.95999999999999996 0.020000000000000004 0.16
0.95999999999999996 0.040000000000000008 0.020000000000000004
0.95999999999999996 0.040000000000000008 0.040000000000000008
0.95999999999999996 0.040000000000000008 0.060000000000000005
0.95999999999999996 0.040000000000000008 0.14000000000000001
0.95999999999999996 0.040000000000000008 0.16
0.95999999999999996 0.040000000000000008 0.17999999999999999
0.95999999999999996 0.060000000000000005 0
0.95999999999999996 0.060000000000000005 0.020000000000000004
0.95999999999999996 0.060000000000000005 0.040000000000000008
0.95999999999999996 0.060000000000000005 0.16
0.95999999999999996 0.060000000000000005 0.17999999999999999
0.95999999999999996 0.060000000000000005 0.20000000000000001
0.95999999999999996 0.080000000000000002 0
0.95999999999999996 0.080000000000000002 0.020000000000000004
0.95999999999999996 0.080000000000000002 0.17999999999999999
0.95999999999999996 0.080000000000000002 0.20000000000000001
0.95999999999999996 0.10000000000000001 0
0.95999999999999996 0.10000000000000001 0.020000000000000004
0.95999999999999996 0.10000000000000001 0.17999999999999999
0.95999999999999996 0.10000000000000001 0.20000000000000001
0.95999999999999996 0.12000000000000001 0
0.95999999999999996 0.12000000000000001 0.020000000000000004
0.95999999999999996 0.12000000000000001 0.17999999999999999
0.95999999999999996 0.12000000000000001 0.20000000000000001
0.95999999999999996 0.14000000000000001 0
0.95999999999999996 0.14000000000000001 0.020000000000000004
0.95999999999999996 0.14000000000000001 0.040000000000000008
0.95999999999999996 0.14000000000000001 0.16
0.95999999999999996 0.14000000000000001 0.17999999999999999
0.95999999999999996 0.14000000000000001 0.20000000000000001
0.95999999999999996 0.16 0.020000000000000004
0.95999999999999996 0.16 0.040000000000000008
0.95999999999999996 0.16 0.060000000000000005
0.95999999999999996 0.16 0.14000000000000001
0.95999999999999996 0.16 0.16
0.95999999999999996 0.16 0.17999999999999999
0.95999999999999996 0.17999999999999999 0.040000000000000008
0.95999999999999996 0.17999999999999999 0.060000000000000005
0.95999999999999996 0.17999999999999999 0.080000000000000002
0.95999999999999996 0.17999999999999999 0.10000000000000001
0.95999999999999996 0.17999999999999999 0.12000000000000001
0.95999999999999996 0.17999999999999999 0.14000000000000001
0.95999999999999996 0.17999999999999999 0.16
0.95999999999999996 0.20000000000000001 0.060000000000000005
0.95999999999999996 0.20000000000000001 0.080000000000000002
0.95999999999999996 0.20000000000000001 0.10000000000000001
0.95999999999999996 0.20000000000000001 0.12000000000000001
0.95999999999999996 0.20000000000000001 0.14000000000000001
0.97999999999999998 0 0.060000000000000005
0.97999999999999998 0 0.080000000000000002
0.97999999999999998 0 0.10000000000000001
0.97999999999999998 0 0.12000000000000001
0.97999999999999998 0 0.14000000000000001
0.97999999999999998 0.020000000000000004 0.040000000000000008
0.97999999999999998 0.020000000000000004 0.060000000000000005
0.97999999999999998 0.020000000000000004 0.080000000000000002
0.97999999999999998 0.020000000000000004 0.10000000000000001
0.97999999999999998 0.020000000000000004 0.12000000000000001
0.97999999999999998 0.020000000000000004 0.14000000000000001
0.97999999999999998 0.020000000000000004 0.16
0.97999999999999998 0.040000000000000008 0.020000000000000004
0.97999999999999998 0.040000000000000008 0.040000000000000008
0.97999999999999998 0.040000000000000008 0.060000000000000005
0.97999999999999998 0.040000000000000008 0.14000000000000001
0.97999999999999998 0.040000000000000008 0.16
0.97999999999999998 0.040000000000000008 0.17999999999999999
0.97999999999999998 0.060000000000000005 0
0.97999999999999998 0.060000000000000005 0.020000000000000004
0.97999999999999998 0.060000000000000005 0.040000000000000008
0.97999999999999998 0.060000000000000005 0.16
0.97999999999999998 0.060000000000000005 0.17999999999999999
0.97999999999999998 0.060000000000000005 0.20000000000000001
0.97999999999999998 0.080000000000000002 0
0.97999999999999998 0.080000000000000002 0.020000000000000004
0.97999999999999998 0.080000000000000002 0.17999999999999999
0.97999999999999998 0.080000000000000002 0.20000000000000001
0.97999999999999998 0.10000000000000001 0
0.97999999999999998 0.10000000000000001 0.020000000000000004
0.97999999999999998 0.10000000000000001 0.17999999999999999
0.97999999999999998 0.10000000000000001 0.20000000000000001
0.97999999999999998 0.12000000000000001 0
0.97999999999999998 0.12000000000000001 0.020000000000000004
0.97999999999999998 0.12000000000000001 0.17999999999999999
0.97999999999999998 0.12000000000000001 0.20000000000000001
0.97999999999999998 0.14000000000000001 0
0.97999999999999998 0.14000000000000001 0.020000000000000004
0.97999999999999998 0.14000000000000001 0.040000000000000008
0.97999999999999998 0.14000000000000001 0.16
0.97999999999999998 0.14000000000000001 0.17999999999999999
0.97999999999999998 0.14000000000000001 0.20000000000000001
0.97999999999999998 0.16 0.020000000000000004
0.97999999999999998 0.16 0.040000000000000008
0.97999999999999998 0.16 0.060000000000000005
0.97999999999999998 0.16 0.14000000000000001
0.97999999999999998 0.16 0.16
0.97999999999999998 0.16 0.17999999999999999
0.97999999999999998 0.17999999999999999 0.040000000000000008
0.97999999999999998 0.17999999999999999 0.060000000000000005
0.97999999999999998 0.17999999999999999 0.080000000000000002
0.97999999999999998 0.17999999999999999 0.10000000000000001
0.97999999999999998 0.17999999999999999 0.12000000000000001
0.97999999999999998 0.17999999999999999 0.14000000000000001
0.97999999999999998 0.17999999999999999 0.16
0.97999999999999998 0.20000000000000001 0.060000000000000005
0.97999999999999998 0.20000000000000001 0.080000000000000002
0.97999999999999998 0.20000000000000001 0.10000000000000001
0.97999999999999998 0.20000000000000001 0.12000000000000001
0.97999999999999998 0.20000000000000001 0.14000000000000001
1 0 0.060000000000000005
1 0 0.080000000000000002
1 0 0.10000000000000001
1 0 0.12000000000000001
1 0 0.14000000000000001
1 0.020000000000000004 0.040000000000000008
1 0.020000000000000004 0.060000000000000005
1 0.020000000000000004 0.080000000000000002
1 0.020000000000000004 0.10000000000000001
1 0.020000000000000004 0.12000000000000001
1 0.020000000000000004 0.14000000000000001
1 0.020000000000000004 0.16
1 0.040000000000000008 0.020000000000000004
1 0.040000000000000008 0.040000000000000008
1 0.040000000000000008 0.060000000000000005
1 0.040000000000000008 0.14000000000000001
1 0.040000000000000008 0.16
1 0.040000000000000008 0.17999999999999999
1 0.060000000000000005 0
1 0.060000000000000005 0.020000000000000004
1 0.060000000000000005 0.040000000000000008
1 0.060000000000000005 0.16
1 0.060000000000000005 0.17999999999999999
1 0.060000000000000005 0.20000000000000001
1 0.080000000000000002 0
1 0.080000000000000002 0.020000000000000004
1 0.080000000000000002 0.17999999999999999
1 0.080000000000000002 0.20000000000000001
1 0.10000000000000001 0
1 0.10000000000000001 0.020000000000000004
1 0.10000000000000001 0.17999999999999999
1 0.10000000000000001 0.20000000000000001
1 0.12000000000000001 0
1 0.12000000000000001 0.020000000000000004
1 0.12000000000000001 0.17999999999999999
1 0.12000000000000001 0.20000000000000001
1 0.14000000000000001 0
1 0.14000000000000001 0.020000000000000004
1 0.14000000000000001 0.040000000000000008
1 0.14000000000000001 0.16
1 0.14000000000000001 0.17999999999999999
1 0.14000000000000001 0.20000000000000001
1 0.16 0.020000000000000004
1 0.16 0.040000000000000008
1 0.16 0.060000000000000005
1 0.16 0.14000000000000001
1 0.16 0.16
1 0.16 0.17999999999999999
1 0.17999999999999999 0.040000000000000008
1 0.17999999999999999 0.060000000000000005
1 0.17999999999999999 0.080000000000000002
1 0.17999999999999999 0.10000000000000001
1 0.17999999999999999 0.12000000000000001
1 0.17999999999999999 0.14000000000000001
1 0.17999999999999999 0.16
1 0.20000000000000001 0.060000000000000005
1 0.20000000000000001 0.080000000000000002
1 0.20000000000000001 0.10000000000000001
1 0.20000000000000001 0.12000000000000001
1 0.20000000000000001 0.14000000000000001
VERTICES 4836 9672
1 0
1 1
1 2
1 3
1 4
1 5
1 6
1 7
1 8
1 9
1 10
1 11
1 12
1 13
1 14
1 15
1 16
1 17
1 18
1 19
1 20
1 21
1 22
1 23
1 24
1 25
1 26
1 27
1 28
1 29
1 30
1 31
1 32
1 33
1 34
1 35
1 36
1 37
1 38
1 39
1 40
1 41
1 42
1 43
1 44
1 45
1 46
1 47
1 48
1 49
1 50
1 51
1 52
1 53
1 54
1 55
1 56
1 57
1 58
1 59
1 60
1 61
1 62
1 63
1 64
1 65
1 66
1 67
1 68
1 69
1 70
1 71
1 72
1 73
1 74
1 75
1 76
1 77
1 78
1 79
1 80
1 81
1 82
1 83
1 84
1 85
1 86
1 87
1 88
1 89
1 90
1 91
1 92
1 93
1 94
1 95
1 96
1 97
1 98
1 99
1 100
1 101
1 102
1 103
1 104
1 105
1 106
1 107
1 108
1 109
1 110
1 111
1 112
1 113
1 114
1 115
1 116
1 117
1 118
1 119
1 120
1 121
1 122
1 123
1 124
1 125
1 126
1 127
1 128
1 129
1 130
1 131
1 132
1 133
1 134
1 135
1 136
1 137
1 138
1 139
1 140
1 141
1 142
1 143
1 144
1 145
1 146
1 147
1 148
1 149
1 150
1 151
1 152
1 153
1 154
1 155
1 156
1 157
1 158
1 159
1 160
1 161
1 162
1 163
1 164
1 165
1 166
1 167
1 168
1 169
1 170
1 171
1 172
1 173
1 174
1 175
1 176
1 177
1 178
1 179
1 180
1 181
1 182
1 183
1 184
1 185
1 186
1 187
1 188
1 189
1 190
1 191
1 192
1 193
1 194
1 195
1 196
1 197
1 198
1 199
1 200
1 201
1 202
1 203
1 204
1 205
1 206
1 207
1 208
1 209
1 210
1 211
1 212
1 213
1 214
1 215
1 216
1 217
1 218
1 219
1 220
1 221
1 222
1 223
1 224
1 225
1 226
1 227
1 228
1 229
1 230
1 231
1 232
1 233
1 234
1 235
1 236
1 237
1 238
1 239
1 240
1 241
1 242
1 243
1 244
1 245
1 246
1 247
1 248
1 249
1 250
1 251
1 252
1 253
1 254
1 255
1 256
1 257
1 258
1 259
1 260
1 261
1 262
1 263
1 264
1 265
1 266
1 267
1 268
1 269
1 270
1 271
1 272
1 273
1 274
1 275
1 276
1 277
1 278
1 279
1 280
1 281
1 282
1 283
1 284
1 285
1 286
1 287
1 288
1 289
1 290
1 291
1 292
1 293
1 294
1 295
1 296
1 297
1 298
1 299
1 300
1 301
1 302
1 303
1 304
1 305
1 306
1 307
1 308
1 309
1 310
1 311
1 312
1 313
1 314
1 315
1 316
1 317
1 318
1 319
1 320
1 321
1 322
1 323
1 324
1 325
1 326
1 327
1 328
1 329
1 330
1 331
1 332
1 333
1 334
1 335
1 336
1 337
1 338
1 339
1 340
1 341
1 342
1 343
1 344
1 345
1 346
1 347
1 348
1 349
1 350
1 351
1 352
1 353
1 354
1 355
1 356
1 357
1 358
1 359
1 360
1 361
1 362
1 363
1 364
1 365
1 366
1 367
1 368
1 369
1 370
1 371
1 372
1 373
1 374
1 375
1 376
1 377
1 378
1 379
1 380
1 381
1 382
1 383
1 384
1 385
1 386
1 387
1 388
1 389
1 390
1 391
1 392
1 393
1 394
1 395
1 396
1 397
1 398
1 399
1 400
1 401
1 402
1 403
1 404
1 405
1 406
1 407
1 408
1 409
1 410
1 411
1 412
1 413
1 414
1 415
1 416
1 417
1 418
1 419
1 420
1 421
1 422
1 423
1 424
1 425
1 426
1 427
1 428
1 429
1 430
1 431
1 432
1 433
1 434
1 435
1 436
1 437
1 438
1 439
1 440
1 441
1 442
1 443
1 444
1 445
1 446
1 447
1 448
1 449
1 450
1 451
1 452
1 453
1 454
1 455
1 456
1 457
1 458
1 459
1 460
1 461
1 462
1 463
1 464
1 465
1 466
1 467
1 468
1 469
1 470
1 471
1 472
1 473
1 474
1 475
1 476
1 477
1 478
1 479
1 480
1 481
1 482
1 483
1 484
1 485
1 486
1 487
1 488
1 489
1 490
1 491
1 492
1 493
1 494
1 495
1 496
1 497
1 498
1 499
1 500
1 501
1 502
1 503
1 504
1 505
1 506
1 507
1 508
1 509
1 510
1 511
1 512
1 513
1 514
1 515
1 516
1 517
1 518
1 519
1 520
1 521
1 522
1 523
1 524
1 525
1 526
1 527
1 528
1 529
1 530
1 531
1 532
1 533
1 534
1 535
1 536
1 537
1 538
1 539
1 540
1 541
1 542
1 543
1 544
1 545
1 546
1 547
1 548
1 549
1 550
1 551
1 552
1 553
1 554
1 555
1 556
1 557
1 558
1 559
1 560
1 561
1 562
1 563
1 564
1 565
1 566
1 567
1 568
1 569
1 570
1 571
1 572
1 573
1 574
1 575
1 576
1 577
1 578
1 579
1 580
1 581
1 582
1 583
1 584
1 585
1 586
1 587
1 588
1 589
1 590
1 591
1 592
1 593
1 594
1 595
1 596
1 597
1 598
1 599
1 600
1 601
1 602
1 603
1 604
1 605
1 606
1 607
1 608
1 609
1 610
1 611
1 612
1 613
1 614
1 615
1 616
1 617
1 618
1 619
1 620
1 621
1 622
1 623
1 624
1 625
1 626
1 627
1 628
1 629
1 630
1 631
1 632
1 633
1 634
1 635
1 636
1 637
1 638
1 639
1 640
1 641
1 642
1 643
1 644
1 645
1 646
1 647
1 648
1 649
1 650
1 651
1 652
1 653
1 654
1 655
1 656
1 657
1 658
1 659
1 660
1 661
1 662
1 663
1 664
1 665
1 666
1 667
1 668
1 669
1 670
1 671
1 672
1 673
1 674
1 675
1 676
1 677
1 678
1 679
1 680
1 681
1 682
1 683
1 684
1 685
1 686
1 687
1 688
1 689
1 690
1 691
1 692
1 693
1 694
1 695
1 696
1 697
1 698
1 699
1 700
1 701
1 702
1 703
1 704
1 705
1 706
1 707
1 708
1 709
1 710
1 711
1 712
1 713
1 714
1 715
1 716
1 717
1 718
1 719
1 720
1 721
1 722
1 723
1 724
1 725
1 726
1 727
1 728
1 729
1 730
1 731
1 732
1 733
1 734
1 735
1 736
1 737
1 738
1 739
1 740
1 741
1 742
1 743
1 744
1 745
1 746
1 747
1 748
1 749
1 750
1 751
1 752
1 753
1 754
1 755
1 756
1 757
1 758
1 759
1 760
1 761
1 762
1 763
1 764
1 765
1 766
1 767
1 768
1 769
1 770
1 771
1 772
1 773
1 774
1 775
1 776
1 777
1 778
1 779
1 780
1 781
1 782
1 783
1 784
1 785
1 786
1 787
1 788
1 789
1 790
1 791
1 792
1 793
1 794
1 795
1 796
1 797
1 798
1 799
1 800
1 801
1 802
1 803
1 804
1 805
1 806
1 807
1 808
1 809
1 810
1 811
1 812
1 813
1 814
1 815
1 816
1 817
1 818
1 819
1 820
1 821
1 822
1 823
1 824
1 825
1 826
1 827
1 828
1 829
1 830
1 831
1 832
1 833
1 834
1 835
1 836
1 837
1 838
1 839
1 840
1 841
1 842
1 843
1 844
1 845
1 846
1 847
1 848
1 849
1 850
1 851
1 852
1 853
1 854
1 855
1 856
1 857
1 858
1 859
1 860
1 861
1 862
1 863
1 864
1 865
1 866
1 867
1 868
1 869
1 870
1 871
1 872
1 873
1 874
1 875
1 876
1 877
1 878
1 879
1 880
1 881
1 882
1 883
1 884
1 885
1 886
1 887
1 888
1 889
1 890
1 891
1 892
1 893
1 894
1 895
1 896
1 897
1 898
1 899
1 900
1 901
1 902
1 903
1 904
1 905
1 906
1 907
1 908
1 909
1 910
1 911
1 912
1 913
1 914
1 915
1 916
1 917
1 918
1 919
1 920
1 921
1 922
1 923
1 924
1 925
1 926
1 927
1 928
1 929
1 930
1 931
1 932
1 933
1 934
1 935
1 936
1 937
1 938
1 939
1 940
1 941
1 942
1 943
1 944
1 945
1 946
1 947
1 948
1 949
1 950
1 951
1 952
1 953
1 954
1 955
1 956
1 957
1 958
1 959
1 960
1 961
1 962
1 963
1 964
1 965
1 966
1 967
1 968
1 969
1 970
1 971
1 972
1 973
1 974
1 975
1 976
1 977
1 978
1 979
1 980
1 981
1 982
1 983
1 984
1 985
1 986
1 987
1 988
1 989
1 990
1 991
1 992
1 993
1 994
1 995
1 996
1 997
1 998
1 999
1 1000
1 1001
1 1002
1 1003
1 1004
1 1005
1 1006
1 1007
1 1008
1 1009
1 1010
1 1011
1 1012
1 1013
1 1014
1 1015
1 1016
1 1017
1 1018
1 1019
1 1020
1 1021
1 1022
1 1023
1 1024
1 1025
1 1026
1 1027
1 1028
1 1029
1 1030
1 1031
1 1032
1 1033
1 1034
1 1035
1 1036
1 1037
1 1038
1 1039
1 1040
1 1041
1 1042
1 1043
1 1044
1 1045
1 1046
1 1047
1 1048
1 1049
1 1050
1 1051
1 1052
1 1053
1 1054
1 1055
1 1056
1 1057
1 1058
1 1059
1 1060
1 1061
1 1062
1 1063
1 1064
1 1065
1 1066
1 1067
1 1068
1 1069
1 1070
1 1071
1 1072
1 1073
1 1074
1 1075
1 1076
1 1077
1 1078
1 1079
1 1080
1 1081
1 1082
1 1083
1 1084
1 1085
1 1086
1 1087
1 1088
1 1089
1 1090
1 1091
1 1092
1 1093
1 1094
1 1095
1 1096
1 1097
1 1098
1 1099
1 1100
1 1101
1 1102
1 1103
1 1104
1 1105
1 1106
1 1107
1 1108
1 1109
1 1110
1 1111
1 1112
1 1113
1 1114
1 1115
1 1116
1 1117
1 1118
1 1119
1 1120
1 1121
1 1122
1 1123
1 1124
1 1125
1 1126
1 1127
1 1128
1 1129
1 1130
1 1131
1 1132
1 1133
1 1134
1 1135
1 1136
1 1137
1 1138
1 1139
1 1140
1 1141
1 1142
1 1143
1 1144
1 1145
1 1146
1 1147
1 1148
1 1149
1 1150
1 1151
1 1152
1 1153
1 1154
1 1155
1 1156
1 1157
1 1158
1 1159
1 1160
1 1161
1 1162
1 1163
1 1164
1 1165
1 1166
1 1167
1 1168
1 1169
1 1170
1 1171
1 1172
1 1173
1 1174
1 1175
1 1176
1 1177
1 1178
1 1179
1 1180
1 1181
1 1182
1 1183
1 1184
1 1185
1 1186
1 1187
1 1188
1 1189
1 1190
1 1191
1 1192
1 1193
1 1194
1 1195
1 1196
1 1197
1 1198
1 1199
1 1200
1 1201
1 1202
1 1203
1 1204
1 1205
1 1206
1 1207
1 1208
1 1209
1 1210
1 1211
1 1212
1 1213
1 1214
1 1215
1 1216
1 1217
1 1218
1 1219
1 1220
1 1221
1 1222
1 1223
1 1224
1 1225
1 1226
1 1227
1 1228
1 1229
1 1230
1 1231
1 1232
1 1233
1 1234
1 1235
1 1236
1 1237
1 1238
1 1239
1 1240
1 1241
1 1242
1 1243
1 1244
1 1245
1 1246
1 1247
1 1248
1 1249
1 1250
1 1251
1 1252
1 1253
1 1254
1 1255
1 1256
1 1257
1 1258
1 1259
1 1260
1 1261
1 1262
1 1263
1 1264
1 1265
1 1266
1 1267
1 1268
1 1269
1 1270
1 1271
1 1272
1 1273
1 1274
1 1275
1 1276
1 1277
1 1278
1 1279
1 1280
1 1281
1 1282
1 1283
1 1284
1 1285
1 1286
1 1287
1 1288
1 1289
1 1290
1 1291
1 1292
1 1293
1 1294
1 1295
1 1296
1 1297
1 1298
1 1299
1 1300
1 1301
1 1302
1 1303
1 1304
1 1305
1 1306
1 1307
1 1308
1 1309
1 1310
1 1311
1 1312
1 1313
1 1314
1 1315
1 1316
1 1317
1 1318
1 1319
1 1320
1 1321
1 1322
1 1323
1 1324
1 1325
1 1326
1 1327
1 1328
1 1329
1 1330
1 1331
1 1332
1 1333
1 1334
1 1335
1 1336
1 1337
1 1338
1 1339
1 1340
1 1341
1 1342
1 1343
1 1344
1 1345
1 1346
1 1347
1 1348
1 1349
1 1350
1 1351
1 1352
1 1353
1 1354
1 1355
1 1356
1 1357
1 1358
1 1359
1 1360
1 1361
1 1362
1 1363
1 1364
1 1365
1 1366
1 1367
1 1368
1 1369
1 1370
1 1371
1 1372
1 1373
1 1374
1 1375
1 1376
1 1377
1 1378
1 1379
1 1380
1 1381
1 1382
1 1383
1 1384
1 1385
1 1386
1 1387
1 1388
1 1389
1 1390
1 1391
1 1392
1 1393
1 1394
1 1395
1 1396
1 1397
1 1398
1 1399
1 1400
1 1401
1 1402
1 1403
1 1404
1 1405
1 1406
1 1407
1 1408
1 1409
1 1410
1 1411
1 1412
1 1413
1 1414
1 1415
1 1416
1 1417
1 1418
1 1419
1 1420
1 1421
1 1422
1 1423
1 1424
1 1425
1 1426
1 1427
1 1428
1 1429
1 1430
1 1431
1 1432
1 1433
1 1434
1 1435
1 1436
1 1437
1 1438
1 1439
1 1440
1 1441
1 1442
1 1443
1 1444
1 1445
1 1446
1 1447
1 1448
1 1449
1 1450
1 1451
1 1452
1 1453
1 1454
1 1455
1 1456
1 1457
1 1458
1 1459
1 1460
1 1461
1 1462
1 1463
1 1464
1 1465
1 1466
1 1467
1 1468
1 1469
1 1470
1 1471
1 1472
1 1473
1 1474
1 1475
1 1476
1 1477
1 1478
1 1479
1 1480
1 1481
1 1482
1 1483
1 1484
1 1485
1 1486
1 1487
1 1488
1 1489
1 1490
1 1491
1 1492
1 1493
1 1494
1 1495
1 1496
1 1497
1 1498
1 1499
1 1500
1 1501
1 1502
1 1503
1 1504
1 1505
1 1506
1 1507
1 1508
1 1509
1 1510
1 1511
1 1512
1 1513
1 1514
1 1515
1 1516
1 1517
1 1518
1 1519
1 1520
1 1521
1 1522
1 1523
1 1524
1 1525
1 1526
1 1527
1 1528
1 1529
1 1530
1 1531
1 1532
1 1533
1 1534
1 1535
1 1536
1 1537
1 1538
1 1539
1 1540
1 1541
1 1542
1 1543
1 1544
1 1545
1 1546
1 1547
1 1548
1 1549
1 1550
1 1551
1 1552
1 1553
1 1554
1 1555
1 1556
1 1557
1 1558
1 1559
1 1560
1 1561
1 1562
1 1563
1 1564
1 1565
1 1566
1 1567
1 1568
1 1569
1 1570
1 1571
1 1572
1 1573
1 1574
1 1575
1 1576
1 1577
1 1578
1 1579
1 1580
1 1581
1 1582
1 1583
1 1584
1 1585
1 1586
1 1587
1 1588
1 1589
1 1590
1 1591
1 1592
1 1593
1 1594
1 1595
1 1596
1 1597
1 1598
1 1599
1 1600
1 1601
1 1602
1 1603
1 1604
1 1605
1 1606
1 1607
1 1608
1 1609
1 1610
1 1611
1 1612
1 1613
1 1614
1 1615
1 1616
1 1617
1 1618
1 1619
1 1620
1 1621
1 1622
1 1623
1 1624
1 1625
1 1626
1 1627
1 1628
1 1629
1 1630
1 1631
1 1632
1 1633
1 1634
1 1635
1 1636
1 1637
1 1638
1 1639
1 1640
1 1641
1 1642
1 1643
1 1644
1 1645
1 1646
1 1647
1 1648
1 1649
1 1650
1 1651
1 1652
1 1653
1 1654
1 1655
1 1656
1 1657
1 1658
1 1659
1 1660
1 1661
1 1662
1 1663
1 1664
1 1665
1 1666
1 1667
1 1668
1 1669
1 1670
1 1671
1 1672
1 1673
1 1674
1 1675
1 1676
1 1677
1 1678
1 1679
1 1680
1 1681
1 1682
1 1683
1 1684
1 1685
1 1686
1 1687
1 1688
1 1689
1 1690
1 1691
1 1692
1 1693
1 1694
1 1695
1 1696
1 1697
1 1698
1 1699
1 1700
1 1701
1 1702
1 1703
1 1704
1 1705
1 1706
1 1707
1 1708
1 1709
1 1710
1 1711
1 1712
1 1713
1 1714
1 1715
1 1716
1 1717
1 1718
1 1719
1 1720
1 1721
1 1722
1 1723
1 1724
1 1725
1 1726
1 1727
1 1728
1 1729
1 1730
1 1731
1 1732
1 1733
1 1734
1 1735
1 1736
1 1737
1 1738
1 1739
1 1740
1 1741
1 1742
1 1743
1 1744
1 1745
1 1746
1 1747
1 1748
1 1749
1 1750
1 1751
1 1752
1 1753
1 1754
1 1755
1 1756
1 1757
1 1758
1 1759
1 1760
1 1761
1 1762
1 1763
1 1764
1 1765
1 1766
1 1767
1 1768
1 1769
1 1770
1 1771
1 1772
1 1773
1 1774
1 1775
1 1776
1 1777
1 1778
1 1779
1 1780
1 1781
1 1782
1 1783
1 1784
1 1785
1 1786
1 1787
1 1788
1 1789
1 1790
1 1791
1 1792
1 1793
1 1794
1 1795
1 1796
1 1797
1 1798
1 1799
1 1800
1 1801
1 1802
1 1803
1 1804
1 1805
1 1806
1 1807
1 1808
1 1809
1 1810
1 1811
1 1812
1 1813
1 1814
1 1815
1 1816
1 1817
1 1818
1 1819
1 1820
1 1821
1 1822
1 1823
1 1824
1 1825
1 1826
1 1827
1 1828
1 1829
1 1830
1 1831
1 1832
1 1833
1 1834
1 1835
1 1836
1 1837
1 1838
1 1839
1 1840
1 1841
1 1842
1 1843
1 1844
1 1845
1 1846
1 1847
1 1848
1 1849
1 1850
1 1851
1 1852
1 1853
1 1854
1 1855
1 1856
1 1857
1 1858
1 1859
1 1860
1 1861
1 1862
1 1863
1 1864
1 1865
1 1866
1 1867
1 1868
1 1869
1 1870
1 1871
1 1872
1 1873
1 1874
1 1875
1 1876
1 1877
1 1878
1 1879
1 1880
1 1881
1 1882
1 1883
1 1884
1 1885
1 1886
1 1887
1 1888
1 1889
1 1890
1 1891
1 1892
1 1893
1 1894
1 1895
1 1896
1 1897
1 1898
1 1899
1 1900
1 1901
1 1902
1 1903
1 1904
1 1905
1 1906
1 1907
1 1908
1 1909
1 1910
1 1911
1 1912
1 1913
1 1914
1 1915
1 1916
1 1917
1 1918
1 1919
1 1920
1 1921
1 1922
1 1923
1 1924
1 1925
1 1926
1 1927
1 1928
1 1929
1 1930
1 1931
1 1932
1 1933
1 1934
1 1935
1 1936
1 1937
1 1938
1 1939
1 1940
1 1941
1 1942
1 1943
1 1944
1 1945
1 1946
1 1947
1 1948
1 1949
1 1950
1 1951
1 1952
1 1953
1 1954
1 1955
1 1956
1 1957
1 1958
1 1959
1 1960
1 1961
1 1962
1 1963
1 1964
1 1965
1 1966
1 1967
1 1968
1 1969
1 1970
1 1971
1 1972
1 1973
1 1974
1 1975
1 1976
1 1977
1 1978
1 1979
1 1980
1 1981
1 1982
1 1983
1 1984
1 1985
1 1986
1 1987
1 1988
1 1989
1 1990
1 1991
1 1992
1 1993
1 1994
1 1995
1 1996
1 1997
1 1998
1 1999
1 2000
1 2001
1 2002
1 2003
1 2004
1 2005
1 2006
1 2007
1 2008
1 2009
1 2010
1 2011
1 2012
1 2013
1 2014
1 2015
1 2016
1 2017
1 2018
1 2019
1 2020
1 2021
1 2022
1 2023
1 2024
1 2025
1 2026
1 2027
1 2028
1 2029
1 2030
1 2031
1 2032
1 2033
1 2034
1 2035
1 2036
1 2037
1 2038
1 2039
1 2040
1 2041
1 2042
1 2043
1 2044
1 2045
1 2046
1 2047
1 2048
1 2049
1 2050
1 2051
1 2052
1 2053
1 2054
1 2055
1 2056
1 2057
1 2058
1 2059
1 2060
1 2061
1 2062
1 2063
1 2064
1 2065
1 2066
1 2067
1 2068
1 2069
1 2070
1 2071
1 2072
1 2073
1 2074
1 2075
1 2076
1 2077
1 2078
1 2079
1 2080
1 2081
1 2082
1 2083
1 2084
1 2085
1 2086
1 2087
1 2088
1 2089
1 2090
1 2091
1 2092
1 2093
1 2094
1 2095
1 2096
1 2097
1 2098
1 2099
1 2100
1 2101
1 2102
1 2103
1 2104
1 2105
1 2106
1 2107
1 2108
1 2109
1 2110
1 2111
1 2112
1 2113
1 2114
1 2115
1 2116
1 2117
1 2118
1 2119
1 2120
1 2121
1 2122
1 2123
1 2124
1 2125
1 2126
1 2127
1 2128
1 2129
1 2130
1 2131
1 2132
1 2133
1 2134
1 2135
1 2136
1 2137
1 2138
1 2139
1 2140
1 2141
1 2142
1 2143
1 2144
1 2145
1 2146
1 2147
1 2148
1 2149
1 2150
1 2151
1 2152
1 2153
1 2154
1 2155
1 2156
1 2157
1 2158
1 2159
1 2160
1 2161
1 2162
1 2163
1 2164
1 2165
1 2166
1 2167
1 2168
1 2169
1 2170
1 2171
1 2172
1 2173
1 2174
1 2175
1 2176
1 2177
1 2178
1 2179
1 2180
1 2181
1 2182
1 2183
1 2184
1 2185
1 2186
1 2187
1 2188
1 2189
1 2190
1 2191
1 2192
1 2193
1 2194
1 2195
1 2196
1 2197
1 2198
1 2199
1 2200
1 2201
1 2202
1 2203
1 2204
1 2205
1 2206
1 2207
1 2208
1 2209
1 2210
1 2211
1 2212
1 2213
1 2214
1 2215
1 2216
1 2217
1 2218
1 2219
1 2220
1 2221
1 2222
1 2223
1 2224
1 2225
1 2226
1 2227
1 2228
1 2229
1 2230
1 2231
1 2232
1 2233
1 2234
1 2235
1 2236
1 2237
1 2238
1 2239
1 2240
1 2241
1 2242
1 2243
1 2244
1 2245
1 2246
1 2247
1 2248
1 2249
1 2250
1 2251
1 2252
1 2253
1 2254
1 2255
1 2256
1 2257
1 2258
1 2259
1 2260
1 2261
1 2262
1 2263
1 2264
1 2265
1 2266
1 2267
1 2268
1 2269
1 2270
1 2271
1 2272
1 2273
1 2274
1 2275
1 2276
1 2277
1 2278
1 2279
1 2280
1 2281
1 2282
1 2283
1 2284
1 2285
1 2286
1 2287
1 2288
1 2289
1 2290
1 2291
1 2292
1 2293
1 2294
1 2295
1 2296
1 2297
1 2298
1 2299
1 2300
1 2301
1 2302
1 2303
1 2304
1 2305
1 2306
1 2307
1 2308
1 2309
1 2310
1 2311
1 2312
1 2313
1 2314
1 2315
1 2316
1 2317
1 2318
1 2319
1 2320
1 2321
1 2322
1 2323
1 2324
1 2325
1 2326
1 2327
1 2328
1 2329
1 2330
1 2331
1 2332
1 2333
1 2334
1 2335
1 2336
1 2337
1 2338
1 2339
1 2340
1 2341
1 2342
1 2343
1 2344
1 2345
1 2346
1 2347
1 2348
1 2349
1 2350
1 2351
1 2352
1 2353
1 2354
1 2355
1 2356
1 2357
1 2358
1 2359
1 2360
1 2361
1 2362
1 2363
1 2364
1 2365
1 2366
1 2367
1 2368
1 2369
1 2370
1 2371
1 2372
1 2373
1 2374
1 2375
1 2376
1 2377
1 2378
1 2379
1 2380
1 2381
1 2382
1 2383
1 2384
1 2385
1 2386
1 2387
1 2388
1 2389
1 2390
1 2391
1 2392
1 2393
1 2394
1 2395
1 2396
1 2397
1 2398
1 2399
1 2400
1 2401
1 2402
1 2403
1 2404
1 2405
1 2406
1 2407
1 2408
1 2409
1 2410
1 2411
1 2412
1 2413
1 2414
1 2415
1 2416
1 2417
1 2418
1 2419
1 2420
1 2421
1 2422
1 2423
1 2424
1 2425
1 2426
1 2427
1 2428
1 2429
1 2430
1 2431
1 2432
1 2433
1 2434
1 2435
1 2436
1 2437
1 2438
1 2439
1 2440
1 2441
1 2442
1 2443
1 2444
1 2445
1 2446
1 2447
1 2448
1 2449
1 2450
1 2451
1 2452
1 2453
1 2454
1 2455
1 2456
1 2457
1 2458
1 2459
1 2460
1 2461
1 2462
1 2463
1 2464
1 2465
1 2466
1 2467
1 2468
1 2469
1 2470
1 2471
1 2472
1 2473
1 2474
1 2475
1 2476
1 2477
1 2478
1 2479
1 2480
1 2481
1 2482
1 2483
1 2484
1 2485
1 2486
1 2487
1 2488
1 2489
1 2490
1 2491
1 2492
1 2493
1 2494
1 2495
1 2496
1 2497
1 2498
1 2499
1 2500
1 2501
1 2502
1 2503
1 2504
1 2505
1 2506
1 2507
1 2508
1 2509
1 2510
1 2511
1 2512
1 2513
1 2514
1 2515
1 2516
1 2517
1 2518
1 2519
1 2520
1 2521
1 2522
1 2523
1 2524
1 2525
1 2526
1 2527
1 2528
1 2529
1 2530
1 2531
1 2532
1 2533
1 2534
1 2535
1 2536
1 2537
1 2538
1 2539
1 2540
1 2541
1 2542
1 2543
1 2544
1 2545
1 2546
1 2547
1 2548
1 2549
1 2550
1 2551
1 2552
1 2553
1 2554
1 2555
1 2556
1 2557
1 2558
1 2559
1 2560
1 2561
1 2562
1 2563
1 2564
1 2565
1 2566
1 2567
1 2568
1 2569
1 2570
1 2571
1 2572
1 2573
1 2574
1 2575
1 2576
1 2577
1 2578
1 2579
1 2580
1 2581
1 2582
1 2583
1 2584
1 2585
1 2586
1 2587
1 2588
1 2589
1 2590
1 2591
1 2592
1 2593
1 2594
1 2595
1 2596
1 2597
1 2598
1 2599
1 2600
1 2601
1 2602
1 2603
1 2604
1 2605
1 2606
1 2607
1 2608
1 2609
1 2610
1 2611
1 2612
1 2613
1 2614
1 2615
1 2616
1 2617
1 2618
1 2619
1 2620
1 2621
1 2622
1 2623
1 2624
1 2625
1 2626
1 2627
1 2628
1 2629
1 2630
1 2631
1 2632
1 2633
1 2634
1 2635
1 2636
1 2637
1 2638
1 2639
1 2640
1 2641
1 2642
1 2643
1 2644
1 2645
1 2646
1 2647
1 2648
1 2649
1 2650
1 2651
1 2652
1 2653
1 2654
1 2655
1 2656
1 2657
1 2658
1 2659
1 2660
1 2661
1 2662
1 2663
1 2664
1 2665
1 2666
1 2667
1 2668
1 2669
1 2670
1 2671
1 2672
1 2673
1 2674
1 2675
1 2676
1 2677
1 2678
1 2679
1 2680
1 2681
1 2682
1 2683
1 2684
1 2685
1 2686
1 2687
1 2688
1 2689
1 2690
1 2691
1 2692
1 2693
1 2694
1 2695
1 2696
1 2697
1 2698
1 2699
1 2700
1 2701
1 2702
1 2703
1 2704
1 2705
1 2706
1 2707
1 2708
1 2709
1 2710
1 2711
1 2712
1 2713
1 2714
1 2715
1 2716
1 2717
1 2718
1 2719
1 2720
1 2721
1 2722
1 2723
1 2724
1 2725
1 2726
1 2727
1 2728
1 2729
1 2730
1 2731
1 2732
1 2733
1 2734
1 2735
1 2736
1 2737
1 2738
1 2739
1 2740
1 2741
1 2742
1 2743
1 2744
1 2745
1 2746
1 2747
1 2748
1 2749
1 2750
1 2751
1 2752
1 2753
1 2754
1 2755
1 2756
1 2757
1 2758
1 2759
1 2760
1 2761
1 2762
1 2763
1 2764
1 2765
1 2766
1 2767
1 2768
1 2769
1 2770
1 2771
1 2772
1 2773
1 2774
1 2775
1 2776
1 2777
1 2778
1 2779
1 2780
1 2781
1 2782
1 2783
1 2784
1 2785
1 2786
1 2787
1 2788
1 2789
1 2790
1 2791
1 2792
1 2793
1 2794
1 2795
1 2796
1 2797
1 2798
1 2799
1 2800
1 2801
1 2802
1 2803
1 2804
1 2805
1 2806
1 2807
1 2808
1 2809
1 2810
1 2811
1 2812
1 2813
1 2814
1 2815
1 2816
1 2817
1 2818
1 2819
1 2820
1 2821
1 2822
1 2823
1 2824
1 2825
1 2826
1 2827
1 2828
1 2829
1 2830
1 2831
1 2832
1 2833
1 2834
1 2835
1 2836
1 2837
1 2838
1 2839
1 2840
1 2841
1 2842
1 2843
1 2844
1 2845
1 2846
1 2847
1 2848
1 2849
1 2850
1 2851
1 2852
1 2853
1 2854
1 2855
1 2856
1 2857
1 2858
1 2859
1 2860
1 2861
1 2862
1 2863
1 2864
1 2865
1 2866
1 2867
1 2868
1 2869
1 2870
1 2871
1 2872
1 2873
1 2874
1 2875
1 2876
1 2877
1 2878
1 2879
1 2880
1 2881
1 2882
1 2883
1 2884
1 2885
1 2886
1 2887
1 2888
1 2889
1 2890
1 2891
1 2892
1 2893
1 2894
1 2895
1 2896
1 2897
1 2898
1 2899
1 2900
1 2901
1 2902
1 2903
1 2904
1 2905
1 2906
1 2907
1 2908
1 2909
1 2910
1 2911
1 2912
1 2913
1 2914
1 2915
1 2916
1 2917
1 2918
1 2919
1 2920
1 2921
1 2922
1 2923
1 2924
1 2925
1 2926
1 2927
1 2928
1 2929
1 2930
1 2931
1 2932
1 2933
1 2934
1 2935
1 2936
1 2937
1 2938
1 2939
1 2940
1 2941
1 2942
1 2943
1 2944
1 2945
1 2946
1 2947
1 2948
1 2949
1 2950
1 2951
1 2952
1 2953
1 2954
1 2955
1 2956
1 2957
1 2958
1 2959
1 2960
1 2961
1 2962
1 2963
1 2964
1 2965
1 2966
1 2967
1 2968
1 2969
1 2970
1 2971
1 2972
1 2973
1 2974
1 2975
1 2976
1 2977
1 2978
1 2979
1 2980
1 2981
1 2982
1 2983
1 2984
1 2985
1 2986
1 2987
1 2988
1 2989
1 2990
1 2991
1 2992
1 2993
1 2994
1 2995
1 2996
1 2997
1 2998
1 2999
1 3000
1 3001
1 3002
1 3003
1 3004
1 3005
1 3006
1 3007
1 3008
1 3009
1 3010
1 3011
1 3012
1 3013
1 3014
1 3015
1 3016
1 3017
1 3018
1 3019
1 3020
1 3021
1 3022
1 3023
1 3024
1 3025
1 3026
1 3027
1 3028
1 3029
1 3030
1 3031
1 3032
1 3033
1 3034
1 3035
1 3036
1 3037
1 3038
1 3039
1 3040
1 3041
1 3042
1 3043
1 3044
1 3045
1 3046
1 3047
1 3048
1 3049
1 3050
1 3051
1 3052
1 3053
1 3054
1 3055
1 3056
1 3057
1 3058
1 3059
1 3060
1 3061
1 3062
1 3063
1 3064
1 3065
1 3066
1 3067
1 3068
1 3069
1 3070
1 3071
1 3072
1 3073
1 3074
1 3075
1 3076
1 3077
1 3078
1 3079
1 3080
1 3081
1 3082
1 3083
1 3084
1 3085
1 3086
1 3087
1 3088
1 3089
1 3090
1 3091
1 3092
1 3093
1 3094
1 3095
1 3096
1 3097
1 3098
1 3099
1 3100
1 3101
1 3102
1 3103
1 3104
1 3105
1 3106
1 3107
1 3108
1 3109
1 3110
1 3111
1 3112
1 3113
1 3114
1 3115
1 3116
1 3117
1 3118
1 3119
1 3120
1 3121
1 3122
1 3123
1 3124
1 3125
1 3126
1 3127
1 3128
1 3129
1 3130
1 3131
1 3132
1 3133
1 3134
1 3135
1 3136
1 3137
1 3138
1 3139
1 3140
1 3141
1 3142
1 3143
1 3144
1 3145
1 3146
1 3147
1 3148
1 3149
1 3150
1 3151
1 3152
1 3153
1 3154
1 3155
1 3156
1 3157
1 3158
1 3159
1 3160
1 3161
1 3162
1 3163
1 3164
1 3165
1 3166
1 3167
1 3168
1 3169
1 3170
1 3171
1 3172
1 3173
1 3174
1 3175
1 3176
1 3177
1 3178
1 3179
1 3180
1 3181
1 3182
1 3183
1 3184
1 3185
1 3186
1 3187
1 3188
1 3189
1 3190
1 3191
1 3192
1 3193
1 3194
1 3195
1 3196
1 3197
1 3198
1 3199
1 3200
1 3201
1 3202
1 3203
1 3204
1 3205
1 3206
1 3207
1 3208
1 3209
1 3210
1 3211
1 3212
1 3213
1 3214
1 3215
1 3216
1 3217
1 3218
1 3219
1 3220
1 3221
1 3222
1 3223
1 3224
1 3225
1 3226
1 3227
1 3228
1 3229
1 3230
1 3231
1 3232
1 3233
1 3234
1 3235
1 3236
1 3237
1 3238
1 3239
1 3240
1 3241
1 3242
1 3243
1 3244
1 3245
1 3246
1 3247
1 3248
1 3249
1 3250
1 3251
1 3252
1 3253
1 3254
1 3255
1 3256
1 3257
1 3258
1 3259
1 3260
1 3261
1 3262
1 3263
1 3264
1 3265
1 3266
1 3267
1 3268
1 3269
1 3270
1 3271
1 3272
1 3273
1 3274
1 3275
1 3276
1 3277
1 3278
1 3279
1 3280
1 3281
1 3282
1 3283
1 3284
1 3285
1 3286
1 3287
1 3288
1 3289
1 3290
1 3291
1 3292
1 3293
1 3294
1 3295
1 3296
1 3297
1 3298
1 3299
1 3300
1 3301
1 3302
1 3303
1 3304
1 3305
1 3306
1 3307
1 3308
1 3309
1 3310
1 3311
1 3312
1 3313
1 3314
1 3315
1 3316
1 3317
1 3318
1 3319
1 3320
1 3321
1 3322
1 3323
1 3324
1 3325
1 3326
1 3327
1 3328
1 3329
1 3330
1 3331
1 3332
1 3333
1 3334
1 3335
1 3336
1 3337
1 3338
1 3339
1 3340
1 3341
1 3342
1 3343
1 3344
1 3345
1 3346
1 3347
1 3348
1 3349
1 3350
1 3351
1 3352
1 3353
1 3354
1 3355
1 3356
1 3357
1 3358
1 3359
1 3360
1 3361
1 3362
1 3363
1 3364
1 3365
1 3366
1 3367
1 3368
1 3369
1 3370
1 3371
1 3372
1 3373
1 3374
1 3375
1 3376
1 3377
1 3378
1 3379
1 3380
1 3381
1 3382
1 3383
1 3384
1 3385
1 3386
1 3387
1 3388
1 3389
1 3390
1 3391
1 3392
1 3393
1 3394
1 3395
1 3396
1 3397
1 3398
1 3399
1 3400
1 3401
1 3402
1 3403
1 3404
1 3405
1 3406
1 3407
1 3408
1 3409
1 3410
1 3411
1 3412
1 3413
1 3414
1 3415
1 3416
1 3417
1 3418
1 3419
1 3420
1 3421
1 3422
1 3423
1 3424
1 3425
1 3426
1 3427
1 3428
1 3429
1 3430
1 3431
1 3432
1 3433
1 3434
1 3435
1 3436
1 3437
1 3438
1 3439
1 3440
1 3441
1 3442
1 3443
1 3444
1 3445
1 3446
1 3447
1 3448
1 3449
1 3450
1 3451
1 3452
1 3453
1 3454
1 3455
1 3456
1 3457
1 3458
1 3459
1 3460
1 3461
1 3462
1 3463
1 3464
1 3465
1 3466
1 3467
1 3468
1 3469
1 3470
1 3471
1 3472
1 3473
1 3474
1 3475
1 3476
1 3477
1 3478
1 3479
1 3480
1 3481
1 3482
1 3483
1 3484
1 3485
1 3486
1 3487
1 3488
1 3489
1 3490
1 3491
1 3492
1 3493
1 3494
1 3495
1 3496
1 3497
1 3498
1 3499
1 3500
1 3501
1 3502
1 3503
1 3504
1 3505
1 3506
1 3507
1 3508
1 3509
1 3510
1 3511
1 3512
1 3513
1 3514
1 3515
1 3516
1 3517
1 3518
1 3519
1 3520
1 3521
1 3522
1 3523
1 3524
1 3525
1 3526
1 3527
1 3528
1 3529
1 3530
1 3531
1 3532
1 3533
1 3534
1 3535
1 3536
1 3537
1 3538
1 3539
1 3540
1 3541
1 3542
1 3543
1 3544
1 3545
1 3546
1 3547
1 3548
1 3549
1 3550
1 3551
1 3552
1 3553
1 3554
1 3555
1 3556
1 3557
1 3558
1 3559
1 3560
1 3561
1 3562
1 3563
1 3564
1 3565
1 3566
1 3567
1 3568
1 3569
1 3570
1 3571
1 3572
1 3573
1 3574
1 3575
1 3576
1 3577
1 3578
1 3579
1 3580
1 3581
1 3582
1 3583
1 3584
1 3585
1 3586
1 3587
1 3588
1 3589
1 3590
1 3591
1 3592
1 3593
1 3594
1 3595
1 3596
1 3597
1 3598
1 3599
1 3600
1 3601
1 3602
1 3603
1 3604
1 3605
1 3606
1 3607
1 3608
1 3609
1 3610
1 3611
1 3612
1 3613
1 3614
1 3615
1 3616
1 3617
1 3618
1 3619
1 3620
1 3621
1 3622
1 3623
1 3624
1 3625
1 3626
1 3627
1 3628
1 3629
1 3630
1 3631
1 3632
1 3633
1 3634
1 3635
1 3636
1 3637
1 3638
1 3639
1 3640
1 3641
1 3642
1 3643
1 3644
1 3645
1 3646
1 3647
1 3648
1 3649
1 3650
1 3651
1 3652
1 3653
1 3654
1 3655
1 3656
1 3657
1 3658
1 3659
1 3660
1 3661
1 3662
1 3663
1 3664
1 3665
1 3666
1 3667
1 3668
1 3669
1 3670
1 3671
1 3672
1 3673
1 3674
1 3675
1 3676
1 3677
1 3678
1 3679
1 3680
1 3681
1 3682
1 3683
1 3684
1 3685
1 3686
1 3687
1 3688
1 3689
1 3690
1 3691
1 3692
1 3693
1 3694
1 3695
1 3696
1 3697
1 3698
1 3699
1 3700
1 3701
1 3702
1 3703
1 3704
1 3705
1 3706
1 3707
1 3708
1 3709
1 3710
1 3711
1 3712
1 3713
1 3714
1 3715
1 3716
1 3717
1 3718
1 3719
1 3720
1 3721
1 3722
1 3723
1 3724
1 3725
1 3726
1 3727
1 3728
1 3729
1 3730
1 3731
1 3732
1 3733
1 3734
1 3735
1 3736
1 3737
1 3738
1 3739
1 3740
1 3741
1 3742
1 3743
1 3744
1 3745
1 3746
1 3747
1 3748
1 3749
1 3750
1 3751
1 3752
1 3753
1 3754
1 3755
1 3756
1 3757
1 3758
1 3759
1 3760
1 3761
1 3762
1 3763
1 3764
1 3765
1 3766
1 3767
1 3768
1 3769
1 3770
1 3771
1 3772
1 3773
1 3774
1 3775
1 3776
1 3777
1 3778
1 3779
1 3780
1 3781
1 3782
1 3783
1 3784
1 3785
1 3786
1 3787
1 3788
1 3789
1 3790
1 3791
1 3792
1 3793
1 3794
1 3795
1 3796
1 3797
1 3798
1 3799
1 3800
1 3801
1 3802
1 3803
1 3804
1 3805
1 3806
1 3807
1 3808
1 3809
1 3810
1 3811
1 3812
1 3813
1 3814
1 3815
1 3816
1 3817
1 3818
1 3819
1 3820
1 3821
1 3822
1 3823
1 3824
1 3825
1 3826
1 3827
1 3828
1 3829
1 3830
1 3831
1 3832
1 3833
1 3834
1 3835
1 3836
1 3837
1 3838
1 3839
1 3840
1 3841
1 3842
1 3843
1 3844
1 3845
1 3846
1 3847
1 3848
1 3849
1 3850
1 3851
1 3852
1 3853
1 3854
1 3855
1 3856
1 3857
1 3858
1 3859
1 3860
1 3861
1 3862
1 3863
1 3864
1 3865
1 3866
1 3867
1 3868
1 3869
1 3870
1 3871
1 3872
1 3873
1 3874
1 3875
1 3876
1 3877
1 3878
1 3879
1 3880
1 3881
1 3882
1 3883
1 3884
1 3885
1 3886
1 3887
1 3888
1 3889
1 3890
1 3891
1 3892
1 3893
1 3894
1 3895
1 3896
1 3897
1 3898
1 3899
1 3900
1 3901
1 3902
1 3903
1 3904
1 3905
1 3906
1 3907
1 3908
1 3909
1 3910
1 3911
1 3912
1 3913
1 3914
1 3915
1 3916
1 3917
1 3918
1 3919
1 3920
1 3921
1 3922
1 3923
1 3924
1 3925
1 3926
1 3927
1 3928
1 3929
1 3930
1 3931
1 3932
1 3933
1 3934
1 3935
1 3936
1 3937
1 3938
1 3939
1 3940
1 3941
1 3942
1 3943
1 3944
1 3945
1 3946
1 3947
1 3948
1 3949
1 3950
1 3951
1 3952
1 3953
1 3954
1 3955
1 3956
1 3957
1 3958
1 3959
1 3960
1 3961
1 3962
1 3963
1 3964
1 3965
1 3966
1 3967
1 3968
1 3969
1 3970
1 3971
1 3972
1 3973
1 3974
1 3975
1 3976
1 3977
1 3978
1 3979
1 3980
1 3981
1 3982
1 3983
1 3984
1 3985
1 3986
1 3987
1 3988
1 3989
1 3990
1 3991
1 3992
1 3993
1 3994
1 3995
1 3996
1 3997
1 3998
1 3999
1 4000
1 4001
1 4002
1 4003
1 4004
1 4005
1 4006
1 4007
1 4008
1 4009
1 4010
1 4011
1 4012
1 4013
1 4014
1 4015
1 4016
1 4017
1 4018
1 4019
1 4020
1 4021
1 4022
1 4023
1 4024
1 4025
1 4026
1 4027
1 4028
1 4029
1 4030
1 4031
1 4032
1 4033
1 4034
1 4035
1 4036
1 4037
1 4038
1 4039
1 4040
1 4041
1 4042
1 4043
1 4044
1 4045
1 4046
1 4047
1 4048
1 4049
1 4050
1 4051
1 4052
1 4053
1 4054
1 4055
1 4056
1 4057
1 4058
1 4059
1 4060
1 4061
1 4062
1 4063
1 4064
1 4065
1 4066
1 4067
1 4068
1 4069
1 4070
1 4071
1 4072
1 4073
1 4074
1 4075
1 4076
1 4077
1 4078
1 4079
1 4080
1 4081
1 4082
1 4083
1 4084
1 4085
1 4086
1 4087
1 4088
1 4089
1 4090
1 4091
1 4092
1 4093
1 4094
1 4095
1 4096
1 4097
1 4098
1 4099
1 4100
1 4101
1 4102
1 4103
1 4104
1 4105
1 4106
1 4107
1 4108
1 4109
1 4110
1 4111
1 4112
1 4113
1 4114
1 4115
1 4116
1 4117
1 4118
1 4119
1 4120
1 4121
1 4122
1 4123
1 4124
1 4125
1 4126
1 4127
1 4128
1 4129
1 4130
1 4131
1 4132
1 4133
1 4134
1 4135
1 4136
1 4137
1 4138
1 4139
1 4140
1 4141
1 4142
1 4143
1 4144
1 4145
1 4146
1 4147
1 4148
1 4149
1 4150
1 4151
1 4152
1 4153
1 4154
1 4155
1 4156
1 4157
1 4158
1 4159
1 4160
1 4161
1 4162
1 4163
1 4164
1 4165
1 4166
1 4167
1 4168
1 4169
1 4170
1 4171
1 4172
1 4173
1 4174
1 4175
1 4176
1 4177
1 4178
1 4179
1 4180
1 4181
1 4182
1 4183
1 4184
1 4185
1 4186
1 4187
1 4188
1 4189
1 4190
1 4191
1 4192
1 4193
1 4194
1 4195
1 4196
1 4197
1 4198
1 4199
1 4200
1 4201
1 4202
1 4203
1 4204
1 4205
1 4206
1 4207
1 4208
1 4209
1 4210
1 4211
1 4212
1 4213
1 4214
1 4215
1 4216
1 4217
1 4218
1 4219
1 4220
1 4221
1 4222
1 4223
1 4224
1 4225
1 4226
1 4227
1 4228
1 4229
1 4230
1 4231
1 4232
1 4233
1 4234
1 4235
1 4236
1 4237
1 4238
1 4239
1 4240
1 4241
1 4242
1 4243
1 4244
1 4245
1 4246
1 4247
1 4248
1 4249
1 4250
1 4251
1 4252
1 4253
1 4254
1 4255
1 4256
1 4257
1 4258
1 4259
1 4260
1 4261
1 4262
1 4263
1 4264
1 4265
1 4266
1 4267
1 4268
1 4269
1 4270
1 4271
1 4272
1 4273
1 4274
1 4275
1 4276
1 4277
1 4278
1 4279
1 4280
1 4281
1 4282
1 4283
1 4284
1 4285
1 4286
1 4287
1 4288
1 4289
1 4290
1 4291
1 4292
1 4293
1 4294
1 4295
1 4296
1 4297
1 4298
1 4299
1 4300
1 4301
1 4302
1 4303
1 4304
1 4305
1 4306
1 4307
1 4308
1 4309
1 4310
1 4311
1 4312
1 4313
1 4314
1 4315
1 4316
1 4317
1 4318
1 4319
1 4320
1 4321
1 4322
1 4323
1 4324
1 4325
1 4326
1 4327
1 4328
1 4329
1 4330
1 4331
1 4332
1 4333
1 4334
1 4335
1 4336
1 4337
1 4338
1 4339
1 4340
1 4341
1 4342
1 4343
1 4344
1 4345
1 4346
1 4347
1 4348
1 4349
1 4350
1 4351
1 4352
1 4353
1 4354
1 4355
1 4356
1 4357
1 4358
1 4359
1 4360
1 4361
1 4362
1 4363
1 4364
1 4365
1 4366
1 4367
1 4368
1 4369
1 4370
1 4371
1 4372
1 4373
1 4374
1 4375
1 4376
1 4377
1 4378
1 4379
1 4380
1 4381
1 4382
1 4383
1 4384
1 4385
1 4386
1 4387
1 4388
1 4389
1 4390
1 4391
1 4392
1 4393
1 4394
1 4395
1 4396
1 4397
1 4398
1 4399
1 4400
1 4401
1 4402
1 4403
1 4404
1 4405
1 4406
1 4407
1 4408
1 4409
1 4410
1 4411
1 4412
1 4413
1 4414
1 4415
1 4416
1 4417
1 4418
1 4419
1 4420
1 4421
1 4422
1 4423
1 4424
1 4425
1 4426
1 4427
1 4428
1 4429
1 4430
1 4431
1 4432
1 4433
1 4434
1 4435
1 4436
1 4437
1 4438
1 4439
1 4440
1 4441
1 4442
1 4443
1 4444
1 4445
1 4446
1 4447
1 4448
1 4449
1 4450
1 4451
1 4452
1 4453
1 4454
1 4455
1 4456
1 4457
1 4458
1 4459
1 4460
1 4461
1 4462
1 4463
1 4464
1 4465
1 4466
1 4467
1 4468
1 4469
1 4470
1 4471
1 4472
1 4473
1 4474
1 4475
1 4476
1 4477
1 4478
1 4479
1 4480
1 4481
1 4482
1 4483
1 4484
1 4485
1 4486
1 4487
1 4488
1 4489
1 4490
1 4491
1 4492
1 4493
1 4494
1 4495
1 4496
1 4497
1 4498
1 4499
1 4500
1 4501
1 4502
1 4503
1 4504
1 4505
1 4506
1 4507
1 4508
1 4509
1 4510
1 4511
1 4512
1 4513
1 4514
1 4515
1 4516
1 4517
1 4518
1 4519
1 4520
1 4521
1 4522
1 4523
1 4524
1 4525
1 4526
1 4527
1 4528
1 4529
1 4530
1 4531
1 4532
1 4533
1 4534
1 4535
1 4536
1 4537
1 4538
1 4539
1 4540
1 4541
1 4542
1 4543
1 4544
1 4545
1 4546
1 4547
1 4548
1 4549
1 4550
1 4551
1 4552
1 4553
1 4554
1 4555
1 4556
1 4557
1 4558
1 4559
1 4560
1 4561
1 4562
1 4563
1 4564
1 4565
1 4566
1 4567
1 4568
1 4569
1 4570
1 4571
1 4572
1 4573
1 4574
1 4575
1 4576
1 4577
1 4578
1 4579
1 4580
1 4581
1 4582
1 4583
1 4584
1 4585
1 4586
1 4587
1 4588
1 4589
1 4590
1 4591
1 4592
1 4593
1 4594
1 4595
1 4596
1 4597
1 4598
1 4599
1 4600
1 4601
1 4602
1 4603
1 4604
1 4605
1 4606
1 4607
1 4608
1 4609
1 4610
1 4611
1 4612
1 4613
1 4614
1 4615
1 4616
1 4617
1 4618
1 4619
1 4620
1 4621
1 4622
1 4623
1 4624
1 4625
1 4626
1 4627
1 4628
1 4629
1 4630
1 4631
1 4632
1 4633
1 4634
1 4635
1 4636
1 4637
1 4638
1 4639
1 4640
1 4641
1 4642
1 4643
1 4644
1 4645
1 4646
1 4647
1 4648
1 4649
1 4650
1 4651
1 4652
1 4653
1 4654
1 4655
1 4656
1 4657
1 4658
1 4659
1 4660
1 4661
1 4662
1 4663
1 4664
1 4665
1 4666
1 4667
1 4668
1 4669
1 4670
1 4671
1 4672
1 4673
1 4674
1 4675
1 4676
1 4677
1 4678
1 4679
1 4680
1 4681
1 4682
1 4683
1 4684
1 4685
1 4686
1 4687
1 4688
1 4689
1 4690
1 4691
1 4692
1 4693
1 4694
1 4695
1 4696
1 4697
1 4698
1 4699
1 4700
1 4701
1 4702
1 4703
1 4704
1 4705
1 4706
1 4707
1 4708
1 4709
1 4710
1 4711
1 4712
1 4713
1 4714
1 4715
1 4716
1 4717
1 4718
1 4719
1 4720
1 4721
1 4722
1 4723
1 4724
1 4725
1 4726
1 4727
1 4728
1 4729
1 4730
1 4731
1 4732
1 4733
1 4734
1 4735
1 4736
1 4737
1 4738
1 4739
1 4740
1 4741
1 4742
1 4743
1 4744
1 4745
1 4746
1 4747
1 4748
1 4749
1 4750
1 4751
1 4752
1 4753
1 4754
1 4755
1 4756
1 4757
1 4758
1 4759
1 4760
1 4761
1 4762
1 4763
1 4764
1 4765
1 4766
1 4767
1 4768
1 4769
1 4770
1 4771
1 4772
1 4773
1 4774
1 4775
1 4776
1 4777
1 4778
1 4779
1 4780
1 4781
1 4782
1 4783
1 4784
1 4785
1 4786
1 4787
1 4788
1 4789
1 4790
1 4791
1 4792
1 4793
1 4794
1 4795
1 4796
1 4797
1 4798
1 4799
1 4800
1 4801
1 4802
1 4803
1 4804
1 4805
1 4806
1 4807
1 4808
1 4809
1 4810
1 4811
1 4812
1 4813
1 4814
1 4815
1 4816
1 4817
1 4818
1 4819
1 4820
1 4821
1 4822
1 4823
1 4824
1 4825
1 4826
1 4827
1 4828
1 4829
1 4830
1 4831
1 4832
1 4833
1 4834
1 4835
POINT_DATA 4836
SCALARS is_boundary int 1
LOOKUP_TABLE default
0
0
0
0
0
0
0
0
0
0
0
0
0
0
0
0
0
0
0
0
0
0
0
0
0
0
0
0
0
0
0
0
0
0
0
0
0
0
0
0
0
0
0
0
0
0
0
0
0
0
0
0
0
0
0
0
0
0
0
0
0
0
0
0
0
0
0
0
0
0
0
0
0
0
0
0
0
0
0
0
0
0
0
0
0
0
0
0
0
0
0
0
0
0
0
0
0
0
0
0
0
0
0
0
0
0
0
0
0
0
0
0
0
0
0
0
0
0
0
0
0
0
0
0
0
0
0
0
0
0
0
0
0
0
0
0
0
0
0
0
0
0
0
0
0
0
0
0
0
0
0
0
0
0
0
0
0
0
0
0
0
0
0
0
0
0
0
0
0
0
0
0
0
0
0
0
0
0
0
0
0
0
0
0
0
0
0
0
0
0
0
0
0
0
0
0
0
0
0
0
0
0
0
0
0
0
0
0
0
0
0
0
0
0
0
0
0
0
0
0
0
0
0
0
0
0
0
0
0
0
0
0
0
0
0
0
0
0
0
0
0
0
0
0
0
0
0
0
0
0
0
0
0
0
0
0
0
0
0
0
0
0
0
0
0
0
0
0
0
0
0
0
0
0
0
0
0
0
0
0
0
0
0
0
0
0
0
0
0
0
0
0
0
0
0
0
0
0
0
0
0
0
0
0
0
0
0
0
0
0
0
0
0
0
0
0
0
0
0
0
0
0
0
0
0
0
0
0
0
0
0
0
0
0
0
0
0
0
0
0
0
0
0
0
0
0
0
0
0
0
0
0
0
0
0
0
0
0
0
0
0
0
0
0
0
0
0
0
0
0
0
0
0
0
0
0
0
0
0
0
0
0
0
0
0
0
0
0
0
0
0
0
0
0
0
0
0
0
0
0
0
0
0
0
0
0
0
0
0
0
0
0
0
0
0
0
0
0
0
0
0
0
0
0
0
0
0
0
0
0
0
0
0
0
0
0
0
0
0
0
0
0
0
0
0
0
0
0
0
0
0
0
0
0
0
0
0
0
0
0
0
0
0
0
0
0
0
0
0
0
0
0
0
0
0
0
0
0
0
0
0
0
0
0
0
0
0
0
0
0
0
0
0
0
0
0
0
0
0
0
0
0
0
0
0
0
0
0
0
0
0
0
0
0
0
0
0
0
0
0
0
0
0
0
0
0
0
0
0
0
0
0
0
0
0
0
0
0
0
0
0
0
0
0
0
0
0
0
0
0
0
0
0
0
0
0
0
0
0
0
0
0
0
0
0
0
0
0
0
0
0
0
0
0
0
0
0
0
0
0
0
0
0
0
0
0
0
0
0
0
0
0
0
0
0
0
0
0
0
0
0
0
0
0
0
0
0
0
0
0
0
0
0
0
0
0
0
0
0
0
0
0
0
0
0
0
0
0
0
0
0
0
0
0
0
0
0
0
0
0
0
0
0
0
0
0
0
0
0
0
0
0
0
0
0
0
0
0
0
0
0
0
0
0
0
0
0
0
0
0
0
0
0
0
0
0
0
0
0
0
0
0
0
0
0
0
0
0
0
0
0
0
0
0
0
0
0
0
0
0
0
0
0
0
0
0
0
0
0
0
0
0
0
0
0
0
0
0
0
0
0
0
0
0
0
0
0
0
0
0
0
0
0
0
0
0
0
0
0
0
0
0
0
0
0
0
0
0
0
0
0
0
0
0
0
0
0
0
0
0
0
0
0
0
0
0
0
0
0
0
0
0
0
0
0
0
0
0
0
0
0
0
0
0
0
0
0
0
0
0
0
0
0
0
0
0
0
0
0
0
0
0
0
0
0
0
0
0
0
0
0
0
0
0
0
0
0
0
0
0
0
0
0
0
0
0
0
0
0
0
0
0
0
0
0
0
0
0
0
0
0
0
0
0
0
0
0
0
0
0
0
0
0
0
0
0
0
0
0
0
0
0
0
0
0
0
0
0
0
0
0
0
0
0
0
0
0
0
0
0
0
0
0
0
0
0
0
0
0
0
0
0
0
0
0
0
0
0
0
0
0
0
0
0
0
0
0
0
0
0
0
0
0
0
0
0
0
0
0
0
0
0
0
0
0
0
0
0
0
0
0
0
0
0
0
0
0
0
0
0
0
0
0
0
0
0
0
0
0
0
0
0
0
0
0
0
0
0
0
0
0
0
0
0
0
0
0
0
0
0
0
0
0
0
0
0
0
0
0
0
0
0
0
0
0
0
0
0
0
0
0
0
0
0
0
0
0
0
0
0
0
0
0
0
0
0
0
0
0
0
0
0
0
0
0
0
0
0
0
0
0
0
0
0
0
0
0
0
0
0
0
0
0
0
0
0
0
0
0
0
0
0
0
0
0
0
0
0
0
0
0
0
0
0
0
0
0
0
0
0
0
0
0
0
0
0
0
0
0
0
0
0
0
0
0
0
0
0
0
0
0
0
0
0
0
0
0
0
0
0
0
0
0
0
0
0
0
0
0
0
0
0
0
0
0
0
0
0
0
0
0
0
0
0
0
0
0
0
0
0
0
0
0
0
0
0
0
0
0
0
0
0
0
0
0
0
0
0
0
0
0
0
0
0
0
0
0
0
0
0
0
0
0
0
0
0
0
0
0
0
0
0
0
0
0
0
0
0
0
0
0
0
0
0
0
0
0
0
0
0
0
0
0
0
0
0
0
0
0
0
0
0
0
0
0
0
0
0
0
0
0
0
0
0
0
0
0
0
0
0
0
0
0
0
0
0
0
0
0
0
0
0
0
0
0
0
0
0
0
0
0
0
0
0
0
0
0
0
0
0
0
0
0
0
0
0
0
0
0
0
0
0
0
0
0
0
0
0
0
0
0
0
0
0
0
0
0
0
0
0
0
0
0
0
0
0
0
0
0
0
0
0
0
0
0
0
0
0
0
0
0
0
0
0
0
0
0
0
0
0
0
0
0
0
0
0
0
0
0
0
0
0
0
0
0
0
0
0
0
0
0
0
0
0
0
0
0
0
0
0
0
0
0
0
0
0
0
0
0
0
0
0
0
0
0
0
0
0
0
0
0
0
0
0
0
0
0
0
0
0
0
0
0
0
0
0
0
0
0
0
0
0
0
0
0
0
0
0
0
0
0
0
0
0
0
0
0
0
0
0
0
0
0
0
0
0
0
0
0
0
0
0
0
0
0
0
0
0
0
0
0
0
0
0
0
0
0
0
0
0
0
0
0
0
0
0
0
0
0
0
0
0
0
0
0
0
0
0
0
0
0
0
0
0
0
0
0
0
0
0
0
0
0
0
0
0
0
0
0
0
0
0
0
0
0
0
0
0
0
0
0
0
0
0
0
0
0
0
0
0
0
0
0
0
0
0
0
0
0
0
0
0
0
0
0
0
0
0
0
0
0
0
0
0
0
0
0
0
0
0
0
0
0
0
0
0
0
0
0
0
0
0
0
0
0
0
0
0
0
0
0
0
0
0
0
0
0
0
0
0
0
0
0
0
0
0
0
0
0
0
0
0
0
0
0
0
0
0
0
0
0
0
0
0
0
0
0
0
0
0
0
0
0
0
0
0
0
0
0
0
0
0
0
0
0
0
0
0
0
0
0
0
0
0
0
0
0
0
0
0
0
0
0
0
0
0
0
0
0
0
0
0
0
0
0
0
0
0
0
0
0
0
0
0
0
0
0
0
0
0
0
0
0
0
0
0
0
0
0
0
0
0
0
0
0
0
0
0
0
0
0
0
0
0
0
0
0
0
0
0
0
0
0
0
0
0
0
0
0
0
0
0
0
0
0
0
0
0
0
0
0
0
0
0
0
0
0
0
0
0
0
0
0
0
0
0
0
0
0
0
0
0
0
0
0
0
0
0
0
0
0
0
0
0
0
0
0
0
0
0
0
0
0
0
0
0
0
0
0
0
0
0
0
0
0
0
0
0
0
0
0
0
0
0
0
0
0
0
0
0
0
0
0
0
0
0
0
0
0
0
0
0
0
0
0
0
0
0
0
0
0
0
0
0
0
0
1
1
1
1
1
1
1
1
1
1
1
1
1
1
1
1
1
1
1
1
1
1
1
1
1
1
1
1
1
1
1
1
1
1
1
1
1
1
1
1
1
1
1
1
1
1
1
1
1
1
1
1
1
1
1
1
1
1
1
1
1
1
1
1
1
1
1
1
1
1
1
1
1
1
1
1
1
1
1
1
1
1
1
1
1
1
1
1
1
1
1
1
1
1
1
1
1
1
1
1
1
1
1
1
1
1
1
1
1
1
1
1
1
1
1
1
1
1
1
1
1
1
1
1
1
1
1
1
1
1
1
1
1
1
1
1
1
1
1
1
1
1
1
1
1
1
1
1
1
1
1
1
1
1
1
1
1
1
1
1
1
1
1
1
1
1
1
1
1
1
1
1
1
1
1
1
1
1
1
1
1
1
1
1
1
1
1
1
1
1
1
1
1
1
1
1
1
1
1
1
1
1
1
1
1
1
1
1
1
1
1
1
1
1
1
1
1
1
1
1
1
1
1
1
1
1
1
1
1
1
1
1
1
1
1
1
1
1
1
1
1
1
1
1
1
1
1
1
1
1
1
1
1
1
1
1
1
1
1
1
1
1
1
1
1
1
1
1
1
1
1
1
1
1
1
1
1
1
1
1
1
1
1
1
1
1
1
1
1
1
1
1
1
1
1
1
1
1
1
1
1
1
1
1
1
1
1
1
1
1
1
1
1
1
1
1
1
1
1
1
1
1
1
1
1
1
1
1
1
1
1
1
1
1
1
1
1
1
1
1
1
1
1
1
1
1
1
1
1
1
1
1
1
1
1
1
1
1
1
1
1
1
1
1
1
1
1
1
1
1
1
1
1
1
1
1
1
1
1
1
1
1
1
1
1
1
1
1
1
1
1
1
1
1
1
1
1
1
1
1
1
1
1
1
1
1
1
1
1
1
1
1
1
1
1
1
1
1
1
1
1
1
1
1
1
1
1
1
1
1
1
1
1
1
1
1
1
1
1
1
1
1
1
1
1
1
1
1
1
1
1
1
1
1
1
1
1
1
1
1
1
1
1
1
1
1
1
1
1
1
1
1
1
1
1
1
1
1
1
1
1
1
1
1
1
1
1
1
1
1
1
1
1
1
1
1
1
1
1
1
1
1
1
1
1
1
1
1
1
1
1
1
1
1
1
1
1
1
1
1
1
1
1
1
1
1
1
1
1
1
1
1
1
1
1
1
1
1
1
1
1
1
1
1
1
1
1
1
1
1
1
1
1
1
1
1
1
1
1
1
1
1
1
1
1
1
1
1
1
1
1
1
1
1
1
1
1
1
1
1
1
1
1
1
1
1
1
1
1
1
1
1
1
1
1
1
1
1
1
1
1
1
1
1
1
1
1
1
1
1
1
1
1
1
1
1
1
1
1
1
1
1
1
1
1
1
1
1
1
1
1
1
1
1
1
1
1
1
1
1
1
1
1
1
1
1
1
1
1
1
1
1
1
1
1
1
1
1
1
1
1
1
1
1
1
1
1
1
1
1
1
1
1
1
1
1
1
1
1
1
1
1
1
1
1
1
1
1
1
1
1
1
1
1
1
1
1
1
1
1
1
1
1
1
1
1
1
1
1
1
1
1
1
1
1
1
1
1
1
1
1
1
1
1
1
1
1
1
1
1
1
1
1
1
1
1
1
1
1
1
1
1
1
1
1
1
1
1
1
1
1
1
1
1
1
1
1
1
1
1
1
1
1
1
1
1
1
1
1
1
1
1
1
1
1
1
1
1
1
1
1
1
1
1
1
1
1
1
1
1
1
1
1
1
1
1
1
1
1
1
1
1
1
1
1
1
1
1
1
1
1
1
1
1
1
1
1
1
1
1
1
1
1
1
1
1
1
1
1
1
1
1
1
1
1
1
1
1
1
1
1
1
1
1
1
1
1
1
1
1
1
1
1
1
1
1
1
1
1
1
1
1
1
1
1
1
1
1
1
1
1
1
1
1
1
1
1
1
1
1
1
1
1
1
1
1
1
1
1
1
1
1
1
1
1
1
1
1
1
1
1
1
1
1
1
1
1
1
1
1
1
1
1
1
1
1
1
1
1
1
1
1
1
1
1
1
1
1
1
1
1
1
1
1
1
1
1
1
1
1
1
1
1
1
1
1
1
1
1
1
1
1
1
1
1
1
1
1
1
1
1
1
1
1
1
1
1
1
1
1
1
1
1
1
1
1
1
1
1
1
1
1
1
1
1
1
1
1
1
1
1
1
1
1
1
1
1
1
1
1
1
1
1
1
1
1
1
1
1
1
1
1
1
1
1
1
1
1
1
1
1
1
1
1
1
1
1
1
1
1
1
1
1
1
1
1
1
1
1
1
1
1
1
1
1
1
1
1
1
1
1
1
1
1
1
1
1
1
1
1
1
1
1
1
1
1
1
1
1
1
1
1
1
1
1
1
1
1
1
1
1
1
1
1
1
1
1
1
1
1
1
1
1
1
1
1
1
1
1
1
1
1
1
1
1
1
1
1
1
1
1
1
1
1
1
1
1
1
1
1
1
1
1
1
1
1
1
1
1
1
1
1
1
1
1
1
1
1
1
1
1
1
1
1
1
1
1
1
1
1
1
1
1
1
1
1
1
1
1
1
1
1
1
1
1
1
1
1
1
1
1
1
1
1
1
1
1
1
1
1
1
1
1
1
1
1
1
1
1
1
1
1
1
1
1
1
1
1
1
1
1
1
1
1
1
1
1
1
1
1
1
1
1
1
1
1
1
1
1
1
1
1
1
1
1
1
1
1
1
1
1
1
1
1
1
1
1
1
1
1
1
1
1
1
1
1
1
1
1
1
1
1
1
1
1
1
1
1
1
1
1
1
1
1
1
1
1
1
1
1
1
1
1
1
1
1
1
1
1
1
1
1
1
1
1
1
1
1
1
1
1
1
1
1
1
1
1
1
1
1
1
1
1
1
1
1
1
1
1
1
1
1
1
1
1
1
1
1
1
1
1
1
1
1
1
1
1
1
1
1
1
1
1
1
1
1
1
1
1
1
1
1
1
1
1
1
1
1
1
1
1
1
1
1
1
1
1
1
1
1
1
1
1
1
1
1
1
1
1
1
1
1
1
1
1
1
1
1
1
1
1
1
1
1
1
1
1
1
1
1
1
1
1
1
1
1
1
1
1
1
1
1
1
1
1
1
1
1
1
1
1
1
1
1
1
1
1
1
1
1
1
1
1
1
1
1
1
1
1
1
1
1
1
1
1
1
1
1
1
1
1
1
1
1
1
1
1
1
1
1
1
1
1
1
1
1
1
1
1
1
1
1
1
1
1
1
1
1
1
1
1
1
1
1
1
1
1
1
1
1
1
1
1
1
1
1
1
1
1
1
1
1
1
1
1
1
1
1
1
1
1
1
1
1
1
1
1
1
1
1
1
1
1
1
1
1
1
1
1
1
1
1
1
1
1
1
1
1
1
1
1
1
1
1
1
1
1
1
1
1
1
1
1
1
1
1
1
1
1
1
1
1
1
1
1
1
1
1
1
1
1
1
1
1
1
1
1
1
1
1
1
1
1
1
1
1
1
1
1
1
1
1
1
1
1
1
1
1
1
1
1
1
1
1
1
1
1
1
1
1
1
1
1
1
1
1
1
1
1
1
1
1
1
1
1
1
1
1
1
1
1
1
1
1
1
1
1
1
1
1
1
1
1
1
1
1
1
1
1
1
1
1
1
1
1
1
1
1
1
1
1
1
1
1
1
1
1
1
1
1
1
1
1
1
1
1
1
1
1
1
1
1
1
1
1
1
1
1
1
1
1
1
1
1
1
1
1
1
1
1
1
1
1
1
1
1
1
1
1
1
1
1
1
1
1
1
1
1
1
1
1
1
1
1
1
1
1
1
1
1
1
1
1
1
1
1
1
1
1
1
1
1
1
1
1
1
1
1
1
1
1
1
1
1
1
1
1
1
1
1
1
1
1
1
1
1
1
1
1
1
1
1
1
1
1
1
1
1
1
1
1
1
1
1
1
1
1
1
1
1
1
1
1
1
1
1
1
1
1
1
1
1
1
1
1
1
1
1
1
1
1
1
1
1
1
1
1
1
1
1
1
1
1
1
1
1
1
1
1
1
1
1
1
1
1
1
1
1
1
1
1
1
1
1
1
1
1
1
1
1
1
1
1
1
1
1
1
1
1
1
1
1
1
1
1
1
1
1
1
1
1
1
1
1
1
1
1
1
1
1
1
1
1
1
1
1
1
1
1
1
1
1
1
1
1
1
1
1
1
1
1
1
1
1
1
1
1
1
1
1
1
1
1
1
1
1
1
1
1
1
1
1
1
1
1
1
1
1
1
1
1
1
1
1
1
1
1
1
1
1
1
1
1
1
1
1
1
1
1
1
1
1
1
1
1
1
1
1
1
1
1
1
1
1
1
1
1
1
1
1
1
1
1
1
1
1
1
1
1
1
1
1
1
1
1
1
1
1
1
1
1
1
1
1
1
1
1
1
1
1
1
1
1
1
1
1
1
1
1
1
1
1
1
1
1
1
1
1
1
1
1
1
1
1
1
1
1
1
1
1
1
1
1
1
1
1
1
1
1
1
1
1
1
1
1
1
1
1
1
1
1
1
1
1
1
1
1
1
1
1
1
1
1
1
1
1
1
1
1
1
1
1
1
1
1
1
1
1
1
1
1
1
1
1
1
1
1
1
1
1
1
1
1
1
1
1
1
1
1
1
1
1
1
1
1
1
1
1
1
1
1
1
1
1
1
1
1
1
1
1
1
1
1
1
1
1
1
1
1
1
1
1
1
1
1
1
1
1
1
1
1
1
1
1
1
1
1
1
1
1
1
1
1
1
1
1
1
1
1
1
1
1
1
1
1
1
1
1
1
1
1
1
1
1
1
1
1
1
1
1
1
1
1
1
1
1
1
1
1
1
1
1
1
1
1
1
1
1
1
1
1
1
1
1
1
1
1
1
1
1
1
1
1
1
1
1
1
1
1
1
1
1
1
1
1
1
1
1
1
1
1
1
1
1
1
1
1
1
1
1
1
1
1
1
1
1
1
1
1
1
1
1
1
1
1
1
1
1
1
1
1
1
1
1
1
1
1
1
1
1
1
1
1
1
1
1
1
1
1
1
1
1
1
1
1
1
1
1
1
1
1
1
1
1
1
1
1
1
1
1
1
1
1
1
1
1
1
1
1
1
1
1
1
1
1
1
1
1
1
1
1
1
1
1
1
1
1
1
1
1
1
1
1
1
1
1
1
1
1
1
1
1
1
1
1
1
1
1
1
1
1
1
1
1
1
1
1
1
1
1
1
1
1
1
1
1
1
1
1
1
1
1
1
1
1
1
1
1
1
1
1
1
1
1
1
1
1
1
1
1
1
1
1
1
1
1
1
1
1
1
1
1
1
1
1
1
1
1
1
1
1
1
1
1
1
1
1
1
1
1
1
1
1
1
1
1
1
1
1
1
1
1
1
1
1
1
1
1
1
1
1
1
1
1
1
1
1
1
1
1
1
1
1
1
1
1
1
1
1
1
1
1
1
1
1
1
1
1
1
1
1
1
1
1
1
1
1
1
1
1
1
1
1
1
1
1
1
1
1
1
1
1
1
1
1
1
1
1
1
1
1
1
1
1
1
1
1
1
1
1
1
1
1
1
1
1
1
1
1
1
1
1
1
1
1
1
1
1
1
1
1
1
1
1
1
1
1
1
1
1
1
1
1
1
1
1
1
1
1
1
1
1
1
1
1
1
1
1
1
1
1
1
1
1
1
1
1
1
1
1
1
1
1
1
1
1
1
1
1
1
1
1
1
1
1
1
1
1
1
1
1
1
1
1
1
1
1
1
1
1
1
1
1
1
1
1
1
1
1
1
1
1
1
1
1
1
1
1
1
1
1
1
1
1
1
1
1
1
1
1
1
1
1
1
1
1
1
1
1
1
1
1
1
1
1
1
1
1
1
1
1
1
1
1
1
1
1
1
1
1
1
1
1
1
1
1
1
1
1
1
1
1
1
1
1
1
1
1
1
1
1
1
1
1
1
1
1
1
1
1
1
1
1
1
1
1
1
1
1
1
1
1
1
1
1
1
1
1
1
1
1
1
1
1
1
1
1
1
1
1
1
1
1
1
1
1
1
1
1
1
1
1
1
1
1
1
1
1
1
1
1
1
1
1
1
1
1
1
1
1
1
1
1
1
1
1
1
1
1
1
1
1
1
1
1
1
1
1
1
1
1
1
1
1
1
1
1
1
1
1
1
1
1
1
1
1
1
1
1
1
1
1
1
1
1
1
1
1
1
1
1
1
1
1
1
1
1
1
1
1
1
1
1
1
1
1
1
1
1
1
1
1
1
1
1
1
1
1
1
1
1
1
1
1
1
1
1
1
1
1
1
1
1
1
1
1
1
1
1
1
1
1
1
1
1
1
1
1
1
1
1
1
1
1
1
1
1
1
1
1
1
1
1
1
1
1
1
1
1
1
1
1
1
1
1
1
1
1
1
1
1
1
1
1
1
1
1
1
1
1
1
1
1
1
1
1
1
1
1
1
1
1
1
1
1
1
1
1
1
1
1
1
1
1
1
1
1
1
1
1
1
1
1
1
1
1
1
1
1
1
1
1
1
1
1
1
1
1
1
1
1
1
1
1
1
1
1
1
1
1
1
1
1
1
1
1
1
1
1
1
1
1
1
1
1
1
1
1
1
1
1
1
1
1
1
1
1
1
1
1
1
1
1
1
1
1
1
1
1
1
1
1
1
1
1
1
1
1
1
1
1
1
1
1
1
1
1
1
1
1
1
1
1
1
1
1
1
1
1
1
1
1
1
1
1
1
1
1
1
1
1
1
1
1
1
1
1
1
1
1
1
1
1
1
1
1
1
1
1
1
1
1
1
1
1
1
1
1
1
1
SCALARS rho float 1
LOOKUP_TABLE default
854.64571284396391
852.72171665041594
854.64570874415597
856.97598580372176
896.05236928194506
916.53935543657178
896.05231162644793
856.97594831755521
854.64569858774996
896.05248110318621
863.89966747782523
854.33000286352933
863.89962819929576
896.05213946411402
854.64574590704524
852.72168269726717
916.53959322983042
854.33001962951425
850.73927187041431
854.33005154838645
916.53895825475956
852.72173446335012
854.64568593337481
896.05251244922954
863.89970179164777
854.33008582792206
863.89966488451591
896.0521744060253
854.64573406116801
856.97597512320522
896.05254413482839
916.53967844251019
896.05249011090541
856.97593772335517
854.6456192344109
852.72151799060123
854.64561567050123
988.30999207443995
1020
988.3099522874279
1002.571815772465
1020
1020
1020
1002.5716603683873
988.3100072629743
1020
1020
1009.925382995459
1020
1020
988.30996248645249
1020
1020
1009.9254272654705
1000.763243299324
1009.9253151469834
1020
1020
988.31001143770311
1020
1020
1009.9254338056002
1020
1020
988.30998166120776
1002.5719030707514
1020
1020
1020
1002.5717720404909
988.31003179329616
1020
988.31000399507423
990.29899532140701
1020
990.29893940936358
1009.5626558222608
1020
1020
1020
1009.5623965579503
990.29911145837866
1020
1020
1012.9287716435443
1020
1020
990.29899592988784
1020
1020
1012.9288711542555
1000.8815598068412
1012.9286470351059
1020
1020
990.29911645497134
1020
1020
1012.9288823633625
1020
1020
990.29900654267863
1009.5627966400579
1020
1020
1020
1009.5625155906765
990.29907646353013
1020
990.29900965759282
995.82650402420802
1020
995.82650944191073
1014.81088124469
1020
1020
1020
1014.810731659505
995.82659211009002
1020
1020
1012.5318546523189
1020
1020
995.82656426416827
1020
1020
1012.5320159768443
1000.8089753123185
1012.5317180075455
1020
1020
995.82659691578795
1020
1020
1012.532044273783
1020
1020
995.82670109318587
1014.8111012113767
1020
1020
1020
1014.810996130025
995.82665315892154
1020
995.82667618039807
997.24012114584127
1020
997.24003322350291
1012.8290590340591
1020
1020
1020
1012.8287921769316
997.24039655758349
1020
1020
1010.3606129544188
1020
1020
997.24048412584511
1020
1020
1010.3608289542901
1000.6573733802704
1010.3604795317921
1020
1020
997.24038806987846
1020
1020
1010.3608643369743
1020
1020
997.24043676952965
1012.8292985948281
1020
1020
1020
1012.8290949365957
997.24012699180469
1020
997.2401691870507
998.28784842944344
1020
998.28768636100756
1009.8061367943519
1020
1020
1020
1009.8061548724603
998.28806467294976
1020
1020
1008.0727466921152
1020
1020
998.28862597834029
1020
1020
1008.072739123506
1000.5125059776898
1008.0719120574901
1020
1020
998.28803966752218
1020
1020
1008.0730166475004
1020
1020
998.28868676259151
1009.8062892222465
1020
1020
1020
1009.8060887760297
998.28773454220197
1020
998.28751983451912
998.82676545971299
1020
998.82648869929483
1007.2192249658308
1020
1020
1020
1007.219000608874
998.82686452194889
1020
1020
1006.2548128462837
1020
1020
998.82765759817869
1020
1020
1006.2543798485505
1000.4032466565543
1006.2543419959263
1020
1020
998.82676829802949
1020
1020
1006.2551021087312
1020
1020
998.82748523802411
1007.2188634531617
1020
1020
1020
1007.2189432415142
998.82594077470014
1020
998.82573946279319
999.0135831890459
1020
999.01364473605236
1005.2721570854156
1020
1020
1020
1005.2725472088514
999.01259410708519
1020
1017.5407932363154
1005.0536094314864
1017.5403970651529
1020
999.01317809314526
1020
1020
1005.0540384915446
1000.333834056683
1005.0537750951717
1020
1020
999.01247410736403
1020
1017.54081773311
1005.0543388809352
1017.54105497866
1020
999.01278613078455
1005.2716874712472
1020
1020
1020
1005.2719944716127
999.01239426066081
1020
999.01246430710023
998.76054959542353
1020
998.76229192270841
1003.7693792332983
1020
1020
1020
1003.7708821079278
998.75909818221191
1020
1015.1816165389477
1004.3685561295392
1015.1811796273753
1020
998.75961070751828
1020
1020
1004.3691904881545
1000.296068161729
1004.3679226573149
1020
1020
998.75893330946099
1020
1015.1808286853535
1004.3697077112272
1015.1812043384645
1020
998.75976357125296
1003.7682769000717
1020
1020
1020
1003.7687356335181
998.75866779868841
1020
998.75848749858289
998.36322453848413
1020
998.36333164100961
1002.7179406590957
1020
1020
1020
1002.7188869102924
998.36214280482523
1020
1013.9545861301241
1004.0264444167268
1013.9569070821648
1020
998.36144055944305
1020
1020
1004.0268754995914
1000.2787458868216
1004.0273372243437
1020
1020
998.36116078692078
1020
1013.9526788231275
1004.0260034085235
1013.9542976017425
1020
998.36046718157877
1002.7152373628966
1020
1020
1020
1002.7167999520696
998.36248000019918
1020
998.36217221423271
998.02557138928091
1020
998.02360682972096
1002.0793622440108
1020
1020
1020
1002.079700655156
998.02490279458016
1020
1013.4030473792261
1003.87421316546
1013.4056975723566
1020
998.02582721801832
1020
1020
1003.8732802554104
1000.2709219155099
1003.873663456375
1020
1020
998.02459464343337
1020
1013.3972335728895
1003.8705526467448
1013.4001823360285
1020
998.02531552137475
1002.0802450997686
1020
1020
1020
1002.0818855731627
998.03104788388112
1020
998.0311573801456
997.82088163406172
1020
997.8201143351049
1001.7522106064858
1020
1020
1020
1001.7537798396588
997.82264225866334
1020
1013.1794264351452
1003.8108976739755
1013.1824801986988
1020
997.82248135503687
1020
1020
1003.8095579018617
1000.2672987243395
1003.8095909782581
1020
1020
997.82163680950191
1020
1013.1692735776571
1003.8063942525811
1013.1744709904544
1020
997.82037543227193
1001.7563264797743
1020
1020
1020
1001.7538404061313
997.83250862478451
1020
997.82859788971984
997.71819964841654
1020
997.71539737930186
1001.605000959902
1020
1020
1020
1001.6035944660362
997.72156975516714
1020
1013.0943905055086
1003.7866733864247
1013.097586826795
1020
997.71860977946824
1020
1020
1003.784789158945
1000.2667439171862
1003.7865922327271
1020
1020
997.72124814125084
1020
1013.0872210671347
1003.7849134441717
1013.0928067764011
1020
997.71710506174668
1001.6052240649315
1020
1020
1020
1001.6023194835698
997.72207118767983
1020
997.72125745157371
997.6734046132882
1020
997.67792601702422
1001.543189424287
1020
1020
1020
1001.547240889873
997.67632700223146
1020
1013.0623967935675
1003.7777089292742
1013.0612979795666
1020
997.6709774691484
1020
1020
1003.7765273408053
1000.2667298880659
1003.7773379347161
1020
1020
997.67768890765205
1020
1013.0593728296811
1003.7758527821537
1013.0605145075626
1020
997.67428128335712
1001.5431612730317
1020
1020
1020
1001.5415118358821
997.66743580120556
1020
997.6734221204548
997.65622758374309
1020
997.66443481926115
1001.516477542223
1020
1020
1020
1001.5239419844002
997.65387351250433
1020
1013.0468227427965
1003.7715283499238
1013.0403361088761
1020
997.65042566818227
1020
1020
1003.7716314879541
1000.2662893710813
1003.7723997835133
1020
1020
997.65569689640972
1020
1013.042928746254
1003.7684356160408
1013.0412331839776
1020
997.65271451897991
1001.5159840682358
1020
1020
1020
1001.5168626159254
997.65070642284934
1020
997.65430712089483
997.64676863707132
1020
997.6540008372682
1001.5026454789797
1020
1020
1020
1001.5095496286754
997.64634105346067
1020
1013.0369128850567
1003.7676855397137
1013.0282452516569
1020
997.64510912021353
1020
1020
1003.7685943373723
1000.2661497397766
1003.7687303108294
1020
1020
997.64620695894712
1020
1013.0326782717159
1003.7687450169735
1013.0329645679032
1020
997.6437939213921
1001.5027469547563
1020
1020
1020
1001.5041889469024
997.6423487573586
1020
997.64504114826013
997.64006375411861
1020
997.64851003592446
1001.4897197739123
1020
1020
1020
1001.4974704331988
997.6456378131644
1020
1013.0239996305864
1003.7620891866999
1013.0106296845454
1020
997.63638676484413
1020
1020
1003.7632754035091
1000.2655267412011
1003.762530020851
1020
1020
997.6403430765713
1020
1013.0137597745744
1003.7618545762149
1013.010368173227
1020
997.62495943232705
1001.4863655196041
1020
1020
1020
1001.462802671866
997.64144688507122
1020
997.62601760229711
997.6284520019766
1020
997.6312593190587
1001.4838336854793
1020
1020
1020
1001.4789267936502
997.6591248431389
1020
1013.0067453648725
1003.7586066261975
1012.992661780228
1020
997.6507048845682
1020
1020
1003.7525475626534
1000.2643936799464
1003.7525183339876
1020
1020
997.6658408219713
1020
1012.9868016542237
1003.746685896707
1012.970643071262
1020
997.66145057632377
1001.5005491593266
1020
1020
1020
1001.5047789472216
997.66300827846828
1020
997.67267276865914
997.62139961322657
1020
997.60429747585613
1001.4713066100179
1020
1020
1020
1001.4247770308485
997.66991666863908
1020
1012.9879169070504
1003.751358612304
1012.9554177415044
1020
997.61855795988583
1020
1020
1003.7405212308777
1000.2635664934317
1003.740228190163
1020
1020
997.68004704399721
1020
1012.9639042045053
1003.7388968530238
1012.9346989565229
1020
997.66773530660805
1001.5083383669726
1020
1020
1020
1001.5412493049546
997.67071008979713
1020
997.70739649082043
997.62648484411909
1020
997.61693178202131
1001.4357861868011
1020
1020
1020
1001.4356102378573
997.6448547290853
1020
1012.9747817686834
1003.734159486407
1012.884838056826
1020
997.64463681143513
1020
1020
1003.7476629346926
1000.2640439624153
1003.7337634559483
1020
1020
997.64499936094194
1020
1012.9709779529732
1003.7481485474724
1012.9495948556942
1020
997.63872201650156
1001.4727938029847
1020
1020
1020
1001.4433444630743
997.64509406595801
1020
997.63671331566638
997.6576424299393
1020
997.73418871621936
1001.3953306836322
1020
1020
1020
1001.5239015594054
997.61538980252408
1020
1012.9503480921712
1003.7078224037076
1012.7821854940355
1020
997.70689319079781
1020
1020
1003.7485280514289
1000.2636077808132
1003.7179765804323
1020
1020
997.6081138365613
1020
1012.9594363503883
1003.7470164554544
1012.9485262933476
1020
997.65851395844652
1001.4391074573974
1020
1020
1020
1001.3908584639095
997.63939524326338
1020
997.61731618853901
997.66094898191943
1020
997.7833274350312
1001.3324438830631
1020
1020
1020
1001.4674253778628
997.54971245745162
1020
1012.9036018848092
1003.6873883397459
1012.7229504322456
1020
997.58498165011235
1020
1020
1003.7359715732114
1000.2629808735676
1003.7081231600846
1020
1020
997.56132172075127
1020
1012.9088436797998
1003.7356748482758
1012.8927459496812
1020
997.54809554447957
1001.3638853638131
1020
1020
1020
1001.2754343156447
997.54083432594166
1020
997.5327468117672
997.66485593092432
1019.9742426861353
997.74912551435818
1001.3097640649564
1020
1020
1020
1001.4403215678044
997.64317312166941
1020
1012.8168136349061
1003.6739650388461
1012.6960899210626
1020
997.66674430858916
1020
1020
1003.7068819816634
1000.2614306688398
1003.6818645134543
1020
1020
997.73660564246984
1020
1012.8133516142324
1003.704183462524
1012.7751222964135
1020
997.69832013990867
1001.4889672580932
1020
1020
1020
1001.4493058917467
997.68936365255252
1020
997.68840437175788
997.7634016535701
1019.9078509527915
997.72618707078254
1001.4875138363489
1020
1020
1020
1001.4347085951006
995.98696514479241
1020
1012.7131058814501
1003.6607926966698
1012.6871920420302
1020
997.79241471493754
1020
1020
1003.6793381243056
981.16166358197199
1003.6488063624386
1020
1019.887095590123
997.8443746558047
1020
1012.7352804871674
1003.6679118557456
1012.6267656479808
1020
997.89174400046318
1001.5581957700617
1020
1020
1020
1001.6395807648589
997.86221052903375
1020
997.84965388696605
997.78119220079031
1019.9152179567055
997.65969506569741
1001.5887726433874
1020
1020
1020
1001.3271770316114
954.00126841469921
1020
1011.1450642692821
1003.665435400049
1012.7375568519799
1020
997.68018852710145
1020
1020
1003.6873231771775
1000.2607194261201
1003.6630371999964
1020
1019.8403206584413
997.68144449851809
1020
1012.8130276515716
1003.6945034940078
1012.66878236266
1020
997.76197240576073
1001.3943375689474
1020
1020
1020
1001.4520226653599
997.68167029032577
1020
997.63603304229559
997.67044283210248
1020
997.68754968826079
1001.4111508165571
1020
1020
1020
1001.3584677767294
997.62489983312048
1020
1012.7907498428017
1003.6844719732162
1012.7678072057173
1020
997.62607740957503
1020
1020
1003.715347592526
1000.2613502431102
1003.6749508374791
1020
1019.8819059503714
997.60782584303331
1020
1012.8923515089856
1003.7136609418941
1012.7059475829604
1020
997.73706268148192
1001.3536991756877
1020
1020
1020
1001.4391360271057
997.59847645012053
1020
997.55786878517233
997.61758437863853
1020
997.7519047302352
1001.3308434176217
1020
1020
1020
1001.4665541698607
997.58761251442559
1020
1012.8867621843004
1003.6951327194298
1012.7725020109114
1020
997.6369675511329
1020
1020
1003.7320835970669
1000.2622373092465
1003.681891334614
1020
1019.9328095115781
997.61241298540563
1020
1012.9244362438192
1003.7151543428382
1012.7027990120901
1020
997.73533925819061
1001.3903312275862
1020
1020
1020
1001.549834405582
997.61073269714598
1020
997.62258396285074
997.60686751686933
1020
997.67784846132315
1001.3573046738078
1020
1020
1020
1001.4265379958848
997.59880072244562
1020
1012.9201817630136
1003.7038438071673
1012.8086855083634
1020
997.6278623380316
1020
1020
1003.7376501696448
1000.2628295152226
1003.689185091363
1020
1019.9619206699663
997.60873615872913
1020
1012.9300143047024
1003.7169326825514
1012.7073268182822
1020
997.70849150769834
1001.397517976226
1020
1020
1020
1001.5242127278631
997.62043630212213
1020
997.58979421598826
997.54713997115039
1020
997.58928161028609
1001.3320450841226
1020
1020
1020
1001.3435736819059
997.6003735552049
1020
1012.8978519178152
1003.7056929487176
1012.8338163416064
1020
997.60174013788048
1020
1020
1003.7303325954018
1000.2623519256044
1003.6893971428165
1020
1019.9656364420036
997.58349549293416
1020
1012.8789039329832
1003.7059494197758
1012.6905891357534
1020
997.70586885686589
1001.2948887870826
1020
1020
1020
1001.4597002811286
997.49429030883459
1019.9980250045345
997.49018513694818
997.62537821334899
1020
997.62775359036414
1001.3443240188346
1020
1020
1020
1001.3278667164415
997.62576159030561
1020
1012.8207565520245
1003.6907934226921
1012.8136475361117
1020
997.63555465471347
1020
1020
1003.7062043626053
1000.2605348211868
1003.6815769469544
1020
1019.9775303568509
997.62765436384871
1020
1012.7634184334966
1003.6653415004472
1012.639209574201
1020
997.7406493295598
1001.3993921066756
1020
1020
1020
1001.5620717606142
997.72872675093674
1019.9404760692695
997.75387155014494
997.80274131558303
1019.883380704547
997.67157501072484
1001.4325308694627
1020
1020
1020
1001.3541631564711
997.64017423962036
1020
1012.7073752329445
1003.6597714338203
1012.7592160579446
1020
997.71261565285715
1020
1020
1003.6772572016569
1000.2587814387175
1003.6744884857093
1020
1019.9823981143293
997.73452856166023
1020
1012.6229156959471
1003.6289044869332
1012.6348677015145
1020
997.70998814638597
1001.5858990314168
1020
1020
1020
1001.517817981486
997.98230667818666
1019.8541126702347
997.93186026208537
997.81926904295506
1019.6993865342455
997.69054952618558
1001.3984799358764
1020
1020
1020
1001.364841540774
997.61018578603341
1020
1012.6324409702804
1003.6356578756848
1012.7140488093215
1020
997.70202990357996
1019.9340111936478
1020
1003.6689242048576
1000.2597134864982
1003.6854236501456
1020
1019.9897229955164
997.72738067319949
1020
1012.638000722366
1003.665623014344
1012.7477031242647
1020
997.59013257381139
1001.4441653656064
1020
1020
1020
1001.3003737157381
997.68814522792661
1019.8006817510037
997.6806432555112
997.76825662588647
1019.5602170604963
997.65589572698661
1001.3072933282787
1020
1020
1020
1001.265489156132
997.5422412981859
1020
1012.5862830276086
1003.6260192417207
1012.6946340742553
1020
997.61026543925254
1019.7887312609868
1020
1003.6607718250249
1000.2598926772059
1003.685160168434
1020
1019.9212318611504
997.65247846681598
1020
1012.6745485319263
1003.69186846301
1012.796418222545
1020
997.53037885581273
1001.2897044681505
1020
1020
1020
1001.1573693810562
997.48363393847455
1019.8505763929908
997.47892714972863
997.78160737369149
1019.3565366645638
997.57634408433228
1001.3431442151655
1020
1020
1020
1001.114100744514
997.52220693592631
1020
1012.4984237717858
1003.6053629084926
1012.6419149326874
1020
997.48228862982762
1019.548052764526
1020
1003.6337778359579
1000.2586369405203
1003.6599204509207
1020
1019.5959399586877
997.70741849863339
1020
1012.6007696295744
1003.6775467442933
1012.6944876482222
1020
997.44450124277739
1001.2549099117762
1020
1020
1020
1001.1407557008487
997.41297202956935
1019.7967665268127
997.5129973092121
997.93774429083476
1019.2862678028143
997.70803470982912
1001.498414457336
1020
1020
1020
1001.2101821228358
997.70505885889918
1020
1012.4169699116586
1003.5779322973692
1012.4958093481036
1020
997.71040058740493
1019.3754207946631
1020
1003.591665707792
1000.2560036718854
1003.591749487681
1020
1019.3468748429477
997.95733716913378
1020
1012.4411515694817
1003.6221615160108
1012.4541155475303
1020
997.71574384841733
1001.4643920967618
1020
1020
1020
1001.3413303210117
997.55988552494205
1019.5558024298152
997.72543078050535
997.94263627498901
1019.2632561151371
997.89065031215114
1001.4622673669786
1020
1020
1020
1001.4424318041299
997.76660878813868
1020
1012.4332145904614
1003.5652191031736
1012.3458726350341
1020
997.97913264984561
1019.3310803681086
1020
1003.5787134269796
1000.2535194901558
1003.5236177308783
1020
1019.0720645390944
997.91772761146581
1020
1012.3055816178672
1003.5609078004258
1012.2398157850029
1020
998.05977066518165
1001.6093874699425
1020
1020
1020
1001.5003981758831
997.86010419509807
1019.237650094628
997.83169045386853
997.65998622072254
1019.3964493204961
997.71102935948056
1001.2049893713895
1020
1020
1020
1001.3128238091678
997.60416419243847
1020
1012.5977222168372
1003.6073387663458
1012.3857441365585
1020
997.84707833579841
1019.4007715283908
1020
1003.6159131551137
1000.2532303359291
1003.5244188365632
1020
1018.897055448463
997.58731282233089
1020
1012.3680364779183
1003.5564273548433
1012.2267762477503
1020
997.96055866271718
1001.3234000709997
1020
1020
1020
1001.3665646766746
997.86485731240236
1019.2481120853056
997.76247135455287
997.53857808885562
1019.6188008313593
997.56286626515248
1001.1212829918144
1020
1020
1020
1001.1032768345295
997.59057319708256
1020
1012.7130881678378
1003.6451397335683
1012.534850308876
1020
997.64478956489813
1019.5097021056996
1020
1003.6267895811156
1000.2555789929123
1003.5658773746327
1020
1019.0492051008298
997.65649728193102
1020
1012.4365176910653
1003.5944527682387
1012.3455046585793
1020
997.81652901997654
1001.2102145888649
1020
1020
1020
1001.1845890528009
997.65576654986808
1019.360282297362
997.59653193260442
997.54087264178258
1019.6546822036308
997.59815749387292
1001.1227450516748
1020
1020
1020
1001.1066501273308
997.60615914098491
1020
1012.732542800116
1003.6512904149454
1012.5714363308186
1020
997.4929553995986
1019.4084753899843
1020
1003.6115999796419
1000.256871056081
1003.5928738368358
1020
1019.1323671966102
997.7579232393233
1020
1012.4113730718327
1003.6108220465528
1012.4324530830241
1020
997.62947975260113
1001.2649344053727
1020
1020
1020
1001.1063300865397
997.53027263848162
1019.362357066244
997.51685730478869
997.53496241943913
1019.4911292135822
997.55825784139472
1001.0903081265493
1020
1020
1020
1001.0823483896758
997.53394775480194
1020
1012.6754461867461
1003.6337120970967
1012.4882042138908
1020
997.41992775605354
1019.0714787207899
1020
1003.5780831371441
1000.2556999661298
1003.5866391593822
1020
1018.9428188261614
997.61295279426486
1020
1012.3062332344192
1003.5999935180223
1012.4228062243958
1020
997.48254454408436
1001.0981973152776
1020
1020
1020
1001.0649570789453
997.40004881248342
1019.2281634056678
997.51168070137942
997.48095291649065
1019.060398689908
997.57264434858837
1000.9154835483685
1020
1020
1020
1001.1032766311052
997.51196672975448
1020
1012.5218250275415
1003.5767658744386
1012.2417588052684
1020
997.45835859975682
1018.6223189389843
1020
1003.515057543344
1000.251468715855
1003.5150125314626
1020
1018.3586688317019
997.85489836626732
1020
1012.0551227878793
1003.5512439807457
1012.236426721298
1020
997.52940182787461
1001.2463613232563
1020
1020
1020
1000.9249058120032
997.29034785331453
1018.6791966240435
997.27390677175197
997.50201864420455
1018.3761659321841
997.61430687503639
1000.8636442640316
1020
1020
1020
1001.2034993594067
997.5385394293005
1020
1012.2421048116023
1003.4856865125117
1011.9160771403832
1020
997.84998378858643
1017.9478961107147
1020
1003.426846491553
1000.2454863493442
1003.4062023500974
1020
1017.9248145241744
997.99013599286229
1020
1011.7142312964652
1003.4444310445663
1011.9212488946669
1020
997.913627908943
1001.4818250546077
1020
1020
1020
1001.0883397234567
997.69887103515134
1018.2395991156546
997.60297148915799
997.5206073548643
1017.512777416177
997.52851941093252
1000.7443994759976
1020
1020
1020
1000.8878288439964
997.50197912404758
1020
1011.8188086750923
1003.3779184771719
1011.6243762179962
1020
997.88078167115782
1017.2653518436562
1020
1003.3633391773924
1000.2404913836662
1003.3149399675868
1020
1017.2672471548626
997.49968816455817
1020
1011.548048650643
1003.3329086732971
1011.5825229871227
1020
997.88385851394628
1000.9032788247187
1020
1020
1020
1000.9521392389886
997.83963150665943
1017.4567095874296
997.81950027812752
997.13951225726134
1015.9509220890756
997.05733330576231
1000.0585163769006
1020
1020
1020
999.97432690393077
997.08642620455566
1020
1011.2697890357324
1003.2350621036596
1011.3062284558424
1020
996.98871961293469
1016.007989152218
1020
1003.2468942316139
1000.2345757246235
1003.2551735348674
1020
1015.843716094334
996.9787563847342
1020
1011.294081471955
1003.2569839445289
1011.349613132273
1020
996.97329869938778
999.95630510910394
1020
1020
1020
999.96456812534689
997.03515059703091
1015.9099357784626
996.96209276806565
997.01670945482977
1013.8170683375015
996.88734906664081
999.29568865285319
1020
1020
1020
999.1094213833951
996.91392595599439
1020
1010.2623365598845
1002.9401260653956
1010.4501919817653
1020
996.66612333012529
1014.0567571701337
1020
1002.9644230092595
1000.2173355350359
1003.0159377408227
1020
1014.0382505557998
996.89428503101749
1020
1010.4639975056897
1003.0144378781863
1010.5569869078894
1020
996.68020248492223
999.11637419939473
1020
1020
1020
999.09203378300583
996.70866963036713
1014.0620323898478
996.68572727701826
996.52963292891968
1009.7873059061108
996.48220098121624
998.02030335309757
1020
1020
1020
997.86036330682634
996.4267063202866
1020
1008.3546727206394
1002.3971876706651
1008.5546042637326
1020
996.26672241359768
1009.8578686741481
1020
1002.4180221925259
1000.1794584498505
1002.474484657082
1020
1010.073688822015
996.38617172900956
1020
1008.5846308551821
1002.4727636089297
1008.6632705489122
1020
996.29576414206076
997.85672837998175
1020
1020
1020
997.86897070999146
996.29037597948445
1010.0746274210685
996.31022176460885
998.15970955014234
1006.2886090999109
998.16898776440462
998.85752946924845
1016.0094999420357
1020
1016.1803207833856
998.80265080278616
998.08942098996658
1016.2182212724603
1005.3868955980791
1001.5199088770617
1005.5117698747388
1016.5206627944586
998.03499259935688
1006.2105132140642
1020
1001.5311954539511
1000.1119204943672
1001.5666734621138
1020
1006.3964622170764
998.07691652162589
1016.4128789219563
1005.533876276531
1001.5652122450365
1005.5814497311858
1016.6464670172928
998.05699123068325
998.82773230474936
1016.5616991036915
1020
1016.6365065446182
998.83868591000657
998.04978317977543
1006.3909243072706
998.06147824527352
888.89682269450702
870.29356669024048
888.89883140703012
887.44922398195706
854.46471821737794
856.55804771361147
854.53737180928647
887.42320036756041
888.87223428362222
854.57454711271362
851.11084936154464
850.55801684353219
851.15462077625341
854.70901072824063
888.85646603665964
870.17021403604235
856.80904254719633
850.56288907225382
850.29479496306044
850.57423206757403
857.00540341385499
870.19335874580338
888.87139779791073
854.66576574790065
851.16344621742871
850.57376650456877
851.18106230420551
854.76193495470932
888.8647162606353
887.43911326591126
854.7260894827109
856.99445132715573
854.75778542240164
887.43659359240723
888.86239739389237
870.19354815514259
888.86505789013074
1000
1000
1000
1000
1000
1000
1000
1000
1000
1000
1000
1000
1000
1000
1000
1000
1000
1000
1000
1000
1000
1000
1000
1000
1000
1000
1000
1000
1000
1000
1000
1000
1000
1000
1000
1000
1000
1000
1000
1000
1000
1000
1000
1000
1000
1000
1000
1000
1000
1000
1000
1000
1000
1000
1000
1000
1000
1000
1000
1000
1000
1000
1000
1000
1000
1000
1000
1000
1000
1000
1000
1000
1000
1000
1000
1000
1000
1000
1000
1000
1000
1000
1000
1000
1000
1000
1000
1000
1000
1000
1000
1000
1000
1000
1000
1000
1000
1000
1000
1000
1000
1000
1000
1000
1000
1000
1000
1000
1000
1000
1000
1000
1000
1000
1000
1000
1000
1000
1000
1000
1000
1000
1000
1000
1000
1000
1000
1000
1000
1000
1000
1000
1000
1000
1000
1000
1000
1000
1000
1000
1000
1000
1000
1000
1000
1000
1000
1000
1000
1000
1000
1000
1000
1000
1000
1000
1000
1000
1000
1000
1000
1000
1000
1000
1000
1000
1000
1000
1000
1000
1000
1000
1000
1000
1000
1000
1000
1000
1000
1000
1000
1000
1000
1000
1000
1000
1000
1000
1000
1000
1000
1000
1000
1000
1000
1000
1000
1000
1000
1000
1000
1000
1000
1000
1000
1000
1000
1000
1000
1000
1000
1000
1000
1000
1000
1000
1000
1000
1000
1000
1000
1000
1000
1000
1000
1000
1000
1000
1000
1000
1000
1000
1000
1000
1000
1000
1000
1000
1000
1000
1000
1000
1000
1000
1000
1000
1000
1000
1000
1000
1000
1000
1000
1000
1000
1000
1000
1000
1000
1000
1000
1000
1000
1000
1000
1000
1000
1000
1000
1000
1000
1000
1000
1000
1000
1000
1000
1000
1000
1000
1000
1000
1000
1000
1000
1000
1000
1000
1000
1000
1000
1000
1000
1000
1000
1000
1000
1000
1000
1000
1000
1000
1000
1000
1000
1000
1000
1000
1000
1000
1000
1000
1000
1000
1000
1000
1000
1000
1000
1000
1000
1000
1000
1000
1000
1000
1000
1000
1000
1000
1000
1000
1000
1000
1000
1000
1000
1000
1000
1000
1000
1000
1000
1000
1000
1000
1000
1000
1000
1000
1000
1000
1000
1000
1000
1000
1000
1000
1000
1000
1000
1000
1000
1000
1000
1000
1000
1000
1000
1000
1000
1000
1000
1000
1000
1000
1000
1000
1000
1000
1000
1000
1000
1000
1000
1000
1000
1000
1000
1000
1000
1000
1000
1000
1000
1000
1000
1000
1000
1000
1000
1000
1000
1000
1000
1000
1000
1000
1000
1000
1000
1000
1000
1000
1000
1000
1000
1000
1000
1000
1000
1000
1000
1000
1000
1000
1000
1000
1000
1000
1000
1000
1000
1000
1000
1000
1000
1000
1000
1000
1000
1000
1000
1000
1000
1000
1000
1000
1000
1000
1000
1000
1000
1000
1000
1000
1000
1000
1000
1000
1000
1000
1000
1000
1000
1000
1000
1000
1000
1000
1000
1000
1000
1000
1000
1000
1000
1000
1000
1000
1000
1000
1000
1000
1000
1000
1000
1000
1000
1000
1000
1000
1000
1000
1000
1000
1000
1000
1000
1000
1000
1000
1000
1000
1000
1000
1000
1000
1000
1000
1000
1000
1000
1000
1000
1000
1000
1000
1000
1000
1000
1000
1000
1000
1000
1000
1000
1000
1000
1000
1000
1000
1000
1000
1000
1000
1000
1000
1000
1000
1000
1000
1000
1000
1000
1000
1000
1000
1000
1000
1000
1000
1000
1000
1000
1000
1000
1000
1000
1000
1000
1000
1000
1000
1000
1000
1000
1000
1000
1000
1000
1000
1000
1000
1000
1000
1000
1000
1000
1000
1000
1000
1000
1000
1000
1000
1000
1000
1000
1000
1000
1000
1000
1000
1000
1000
1000
1000
1000
1000
1000
1000
1000
1000
1000
1000
1000
1000
1000
1000
1000
1000
1000
1000
1000
1000
1000
1000
1000
1000
1000
1000
1000
1000
1000
1000
1000
1000
1000
1000
1000
1000
1000
1000
1000
1000
1000
1000
1000
1000
1000
1000
1000
1000
1000
1000
1000
1000
1000
1000
1000
1000
1000
1000
1000
1000
1000
1000
1000
1000
1000
1000
1000
1000
1000
1000
1000
1000
1000
1000
1000
1000
1000
1000
1000
1000
1000
1000
1000
1000
1000
1000
1000
1000
1000
1000
1000
1000
1000
1000
1000
1000
1000
1000
1000
1000
1000
1000
1000
1000
1000
1000
1000
1000
1000
1000
1000
1000
1000
1000
1000
1000
1000
1000
1000
1000
1000
1000
1000
1000
1000
1000
1000
1000
1000
1000
1000
1000
1000
1000
1000
1000
1000
1000
1000
1000
1000
1000
1000
1000
1000
1000
1000
1000
1000
1000
1000
1000
1000
1000
1000
1000
1000
1000
1000
1000
1000
1000
1000
1000
1000
1000
1000
1000
1000
1000
1000
1000
1000
1000
1000
1000
1000
1000
1000
1000
1000
1000
1000
1000
1000
1000
1000
1000
1000
1000
1000
1000
1000
1000
1000
1000
1000
1000
1000
1000
1000
1000
1000
1000
1000
1000
1000
1000
1000
1000
1000
1000
1000
1000
1000
1000
1000
1000
1000
1000
1000
1000
1000
1000
1000
1000
1000
1000
1000
1000
1000
1000
1000
1000
1000
1000
1000
1000
1000
1000
1000
1000
1000
1000
1000
1000
1000
1000
1000
1000
1000
1000
1000
1000
1000
1000
1000
1000
1000
1000
1000
1000
1000
1000
1000
1000
1000
1000
1000
1000
1000
1000
1000
1000
1000
1000
1000
1000
1000
1000
1000
1000
1000
1000
1000
1000
1000
1000
1000
1000
1000
1000
1000
1000
1000
1000
1000
1000
1000
1000
1000
1000
1000
1000
1000
1000
1000
1000
1000
1000
1000
1000
1000
1000
1000
1000
1000
1000
1000
1000
1000
1000
1000
1000
1000
1000
1000
1000
1000
1000
1000
1000
1000
1000
1000
1000
1000
1000
1000
1000
1000
1000
1000
1000
1000
1000
1000
1000
1000
1000
1000
1000
1000
1000
1000
1000
1000
1000
1000
1000
1000
1000
1000
1000
1000
1000
1000
1000
1000
1000
1000
1000
1000
1000
1000
1000
1000
1000
1000
1000
1000
1000
1000
1000
1000
1000
1000
1000
1000
1000
1000
1000
1000
1000
1000
1000
1000
1000
1000
1000
1000
1000
1000
1000
1000
1000
1000
1000
1000
1000
1000
1000
1000
1000
1000
1000
1000
1000
1000
1000
1000
1000
1000
1000
1000
1000
1000
1000
1000
1000
1000
1000
1000
1000
1000
1000
1000
1000
1000
1000
1000
1000
1000
1000
1000
1000
1000
1000
1000
1000
1000
1000
1000
1000
1000
1000
1000
1000
1000
1000
1000
1000
1000
1000
1000
1000
1000
1000
1000
1000
1000
1000
1000
1000
1000
1000
1000
1000
1000
1000
1000
1000
1000
1000
1000
1000
1000
1000
1000
1000
1000
1000
1000
1000
1000
1000
1000
1000
1000
1000
1000
1000
1000
1000
1000
1000
1000
1000
1000
1000
1000
1000
1000
1000
1000
1000
1000
1000
1000
1000
1000
1000
1000
1000
1000
1000
1000
1000
1000
1000
1000
1000
1000
1000
1000
1000
1000
1000
1000
1000
1000
1000
1000
1000
1000
1000
1000
1000
1000
1000
1000
1000
1000
1000
1000
1000
1000
1000
1000
1000
1000
1000
1000
1000
1000
1000
1000
1000
1000
1000
1000
1000
1000
1000
1000
1000
1000
1000
1000
1000
1000
1000
1000
1000
1000
1000
1000
1000
1000
1000
1000
1000
1000
1000
1000
1000
1000
1000
1000
1000
1000
1000
1000
1000
1000
1000
1000
1000
1000
1000
1000
1000
1000
1000
1000
1000
1000
1000
1000
1000
1000
1000
1000
1000
1000
1000
1000
1000
1000
1000
1000
1000
1000
1000
1000
1000
1000
1000
1000
1000
1000
1000
1000
1000
1000
1000
1000
1000
1000
1000
1000
1000
1000
1000
1000
1000
1000
1000
1000
1000
1000
1000
1000
1000
1000
1000
1000
1000
1000
1000
1000
1000
1000
1000
1000
1000
1000
1000
1000
1000
1000
1000
1000
1000
1000
1000
1000
1000
1000
1000
1000
1000
1000
1000
1000
1000
1000
1000
1000
1000
1000
1000
1000
1000
1000
1000
1000
1000
1000
1000
1000
1000
1000
1000
1000
1000
1000
1000
1000
1000
1000
1000
1000
1000
1000
1000
1000
1000
1000
1000
1000
1000
1000
1000
1000
1000
1000
1000
1000
1000
1000
1000
1000
1000
1000
1000
1000
1000
1000
1000
1000
1000
1000
1000
1000
1000
1000
1000
1000
1000
1000
1000
1000
1000
1000
1000
1000
1000
1000
1000
1000
1000
1000
1000
1000
1000
1000
1000
1000
1000
1000
1000
1000
1000
1000
1000
1000
1000
1000
1000
1000
1000
1000
1000
1000
1000
1000
1000
1000
1000
1000
1000
1000
1000
1000
1000
1000
1000
1000
1000
1000
1000
1000
1000
1000
1000
1000
1000
1000
1000
1000
1000
1000
1000
1000
1000
1000
1000
1000
1000
1000
1000
1000
1000
1000
1000
1000
1000
1000
1000
1000
1000
1000
1000
1000
1000
1000
1000
1000
1000
1000
1000
1000
1000
1000
1000
1000
1000
1000
1000
1000
1000
1000
1000
1000
1000
1000
1000
1000
1000
1000
1000
1000
1000
1000
1000
1000
1000
1000
1000
1000
1000
1000
1000
1000
1000
1000
1000
1000
1000
1000
1000
1000
1000
1000
1000
1000
1000
1000
1000
1000
1000
1000
1000
1000
1000
1000
1000
1000
1000
1000
1000
1000
1000
1000
1000
1000
1000
1000
1000
1000
1000
1000
1000
1000
1000
1000
1000
1000
1000
1000
1000
1000
1000
1000
1000
1000
1000
1000
1000
1000
1000
1000
1000
1000
1000
1000
1000
1000
1000
1000
1000
1000
1000
1000
1000
1000
1000
1000
1000
1000
1000
1000
1000
1000
1000
1000
1000
1000
1000
1000
1000
1000
1000
1000
1000
1000
1000
1000
1000
1000
1000
1000
1000
1000
1000
1000
1000
1000
1000
1000
1000
1000
1000
1000
1000
1000
1000
1000
1000
1000
1000
1000
1000
1000
1000
1000
1000
1000
1000
1000
1000
1000
1000
1000
1000
1000
1000
1000
1000
1000
1000
1000
1000
1000
1000
1000
1000
1000
1000
1000
1000
1000
1000
1000
1000
1000
1000
1000
1000
1000
1000
1000
1000
1000
1000
1000
1000
1000
1000
1000
1000
1000
1000
1000
1000
1000
1000
1000
1000
1000
1000
1000
1000
1000
1000
1000
1000
1000
1000
1000
1000
1000
1000
1000
1000
1000
1000
1000
1000
1000
1000
1000
1000
1000
1000
1000
1000
1000
1000
1000
1000
1000
1000
1000
1000
1000
1000
1000
1000
1000
1000
1000
1000
1000
1000
1000
1000
1000
1000
1000
1000
1000
1000
1000
1000
1000
1000
1000
1000
1000
1000
1000
1000
1000
1000
1000
1000
1000
1000
1000
1000
1000
1000
1000
1000
1000
1000
1000
1000
1000
1000
1000
1000
1000
1000
1000
1000
1000
1000
1000
1000
1000
1000
1000
1000
1000
1000
1000
1000
1000
1000
1000
1000
1000
1000
1000
1000
1000
1000
1000
1000
1000
1000
1000
1000
1000
1000
1000
1000
1000
1000
1000
1000
1000
1000
1000
1000
1000
1000
1000
1000
1000
1000
1000
1000
1000
1000
1000
1000
1000
1000
1000
1000
1000
1000
1000
1000
1000
1000
1000
1000
1000
1000
1000
1000
1000
1000
1000
1000
1000
1000
1000
1000
1000
1000
1000
1000
1000
1000
1000
1000
1000
1000
1000
1000
1000
1000
1000
1000
1000
1000
1000
1000
1000
1000
1000
1000
1000
1000
1000
1000
1000
1000
1000
1000
1000
1000
1000
1000
1000
1000
1000
1000
1000
1000
1000
1000
1000
1000
1000
1000
1000
1000
1000
1000
1000
1000
1000
1000
1000
1000
1000
1000
1000
1000
1000
1000
1000
1000
1000
1000
1000
1000
1000
1000
1000
1000
1000
1000
1000
1000
1000
1000
1000
1000
1000
1000
1000
1000
1000
1000
1000
1000
1000
1000
1000
1000
1000
1000
1000
1000
1000
1000
1000
1000
1000
1000
1000
1000
1000
1000
1000
1000
1000
1000
1000
1000
1000
1000
1000
1000
1000
1000
1000
1000
1000
1000
1000
1000
1000
1000
1000
1000
1000
1000
1000
1000
1000
1000
1000
1000
1000
1000
1000
1000
1000
1000
1000
1000
1000
1000
1000
1000
1000
1000
1000
1000
1000
1000
1000
1000
1000
1000
1000
1000
1000
1000
1000
1000
1000
1000
1000
1000
1000
1000
1000
1000
1000
1000
1000
1000
1000
1000
1000
1000
1000
1000
1000
1000
1000
1000
1000
1000
1000
1000
1000
1000
1000
1000
1000
1000
1000
1000
1000
1000
1000
1000
1000
1000
1000
1000
1000
1000
1000
1000
1000
1000
1000
1000
1000
1000
1000
1000
1000
1000
1000
1000
1000
1000
1000
1000
1000
1000
1000
1000
1000
1000
1000
1000
1000
1000
1000
1000
1000
1000
1000
1000
1000
1000
1000
1000
1000
1000
1000
1000
1000
1000
1000
1000
1000
1000
1000
1000
1000
1000
1000
1000
1000
1000
1000
1000
1000
1000
1000
1000
1000
1000
1000
1000
1000
1000
1000
1000
1000
1000
1000
1000
1000
1000
1000
1000
1000
1000
1000
1000
1000
1000
1000
1000
1000
1000
1000
1000
1000
1000
1000
1000
1000
1000
1000
1000
1000
1000
1000
1000
1000
1000
1000
1000
1000
1000
1000
1000
1000
1000
1000
1000
1000
1000
1000
1000
1000
1000
1000
1000
1000
1000
1000
1000
1000
1000
1000
1000
1000
1000
1000
1000
1000
1000
1000
1000
1000
1000
1000
1000
1000
1000
1000
1000
1000
1000
1000
1000
1000
1000
1000
1000
1000
1000
1000
1000
1000
1000
1000
1000
1000
1000
1000
1000
1000
1000
1000
1000
1000
1000
1000
1000
1000
1000
1000
1000
1000
1000
1000
1000
1000
1000
1000
1000
1000
1000
1000
1000
1000
1000
1000
1000
1000
1000
1000
1000
1000
1000
1000
1000
1000
1000
1000
1000
1000
1000
1000
1000
1000
1000
1000
1000
1000
1000
1000
1000
1000
1000
1000
1000
1000
1000
1000
1000
1000
1000
1000
1000
1000
1000
1000
1000
1000
1000
1000
1000
1000
1000
1000
1000
1000
1000
1000
1000
1000
1000
1000
1000
1000
1000
1000
1000
1000
1000
1000
1000
1000
1000
1000
1000
1000
1000
1000
1000
1000
1000
1000
1000
1000
1000
1000
1000
1000
1000
1000
1000
1000
1000
1000
1000
1000
1000
1000
1000
1000
1000
1000
1000
1000
1000
1000
1000
1000
1000
1000
1000
1000
1000
1000
1000
1000
1000
1000
1000
1000
1000
1000
1000
1000
1000
1000
1000
1000
1000
1000
1000
1000
1000
1000
1000
1000
1000
1000
1000
1000
1000
1000
1000
1000
1000
1000
1000
1000
1000
1000
1000
1000
1000
1000
1000
1000
1000
1000
1000
1000
1000
1000
1000
1000
1000
1000
1000
1000
1000
1000
1000
1000
1000
1000
1000
1000
1000
1000
1000
1000
1000
1000
1000
1000
1000
1000
1000
1000
1000
1000
1000
1000
1000
1000
1000
1000
1000
1000
1000
1000
1000
1000
1000
1000
1000
1000
1000
1000
1000
1000
1000
1000
1000
1000
1000
1000
1000
1000
1000
1000
1000
1000
1000
1000
1000
1000
1000
1000
1000
1000
1000
1000
1000
1000
1000
1000
1000
1000
1000
1000
1000
1000
1000
1000
1000
1000
1000
1000
1000
1000
1000
1000
1000
1000
1000
1000
1000
1000
1000
1000
1000
1000
1000
1000
1000
1000
1000
1000
1000
1000
1000
1000
1000
1000
1000
1000
1000
1000
1000
1000
1000
1000
1000
1000
1000
1000
1000
1000
1000
1000
1000
1000
1000
1000
1000
1000
1000
1000
1000
1000
1000
1000
1000
1000
1000
1000
1000
1000
1000
1000
1000
1000
1000
1000
1000
1000
1000
1000
1000
1000
1000
1000
1000
1000
1000
1000
1000
1000
1000
1000
1000
1000
1000
1000
1000
1000
1000
1000
1000
1000
1000
1000
1000
1000
1000
1000
1000
1000
1000
1000
1000
1000
1000
1000
1000
1000
1000
1000
1000
1000
1000
1000
1000
1000
1000
1000
1000
1000
1000
1000
1000
1000
1000
1000
1000
1000
1000
1000
1000
1000
1000
1000
1000
1000
1000
1000
1000
1000
1000
1000
1000
1000
1000
1000
1000
1000
1000
1000
1000
1000
1000
1000
1000
1000
1000
1000
1000
1000
1000
1000
1000
1000
1000
1000
1000
1000
1000
1000
1000
1000
1000
1000
1000
1000
1000
1000
1000
1000
1000
1000
1000
1000
1000
1000
1000
1000
1000
1000
1000
1000
1000
1000
1000
1000
1000
1000
1000
1000
1000
1000
1000
1000
1000
1000
1000
1000
1000
1000
1000
1000
1000
1000
1000
1000
1000
1000
1000
1000
1000
1000
1000
1000
1000
1000
1000
1000
1000
1000
1000
1000
1000
1000
1000
1000
1000
1000
1000
1000
1000
1000
1000
1000
1000
1000
1000
1000
1000
1000
1000
1000
1000
1000
1000
1000
1000
1000
1000
1000
1000
1000
1000
1000
1000
1000
1000
1000
1000
1000
1000
1000
1000
1000
1000
1000
1000
1000
1000
1000
1000
1000
1000
1000
1000
1000
1000
1000
1000
1000
1000
1000
1000
1000
1000
1000
1000
1000
1000
1000
1000
1000
1000
1000
1000
1000
1000
1000
1000
1000
1000
1000
1000
1000
1000
1000
1000
1000
1000
1000
1000
1000
1000
1000
1000
1000
1000
1000
1000
1000
1000
1000
1000
1000
1000
1000
1000
1000
1000
1000
1000
1000
1000
1000
1000
1000
1000
1000
1000
1000
1000
1000
1000
1000
1000
1000
1000
1000
1000
1000
1000
1000
1000
1000
1000
1000
1000
1000
1000
1000
1000
1000
1000
1000
1000
1000
1000
1000
1000
1000
1000
1000
1000
1000
1000
1000
1000
1000
1000
1000
1000
1000
1000
1000
1000
1000
1000
1000
1000
1000
1000
1000
1000
1000
1000
1000
1000
1000
1000
1000
1000
1000
1000
1000
1000
1000
1000
1000
1000
1000
1000
1000
1000
1000
1000
1000
1000
1000
1000
1000
1000
1000
1000
1000
1000
1000
1000
1000
1000
1000
1000
1000
1000
1000
1000
1000
1000
1000
1000
1000
1000
1000
1000
1000
1000
1000
1000
1000
1000
1000
1000
1000
1000
1000
1000
1000
1000
1000
1000
1000
1000
1000
1000
1000
1000
1000
1000
1000
1000
1000
1000
1000
1000
1000
1000
1000
1000
1000
1000
1000
1000
1000
1000
1000
1000
1000
1000
1000
1000
1000
1000
1000
1000
1000
1000
1000
1000
1000
1000
1000
1000
1000
1000
1000
1000
1000
1000
1000
1000
1000
1000
1000
1000
1000
1000
1000
1000
1000
1000
1000
1000
1000
1000
1000
1000
1000
1000
1000
1000
1000
1000
1000
1000
1000
1000
1000
1000
1000
1000
1000
1000
1000
1000
1000
1000
1000
1000
1000
1000
1000
1000
1000
1000
1000
1000
1000
1000
1000
1000
1000
1000
1000
1000
1000
1000
1000
1000
1000
1000
1000
1000
1000
1000
1000
1000
1000
1000
1000
1000
1000
1000
1000
1000
1000
1000
SCALARS p float 1
LOOKUP_TABLE default
0
0
0
0
0
0
0
0
0
0
0
0
0
0
0
0
0
0
0
0
0
0
0
0
0
0
0
0
0
0
0
0
0
0
0
0
0
0
7434.283382464002
0
907.11031377155302
7434.283382464002
7434.283382464002
7434.283382464002
907.05507764671233
0
7434.283382464002
7434.283382464002
3579.0511400210057
7434.283382464002
7434.283382464002
0
7434.283382464002
7434.283382464002
3579.0675804619586
267.74760079324443
3579.0259433144402
7434.283382464002
7434.283382464002
0
7434.283382464002
7434.283382464002
3579.0700092535153
7434.283382464002
7434.283382464002
0
907.14134270345471
7434.283382464002
7434.283382464002
7434.283382464002
907.09476987065329
0
7434.283382464002
0
0
7434.283382464002
0
3444.4911509366461
7434.283382464002
7434.283382464002
7434.283382464002
3444.3950759989075
0
7434.283382464002
7434.283382464002
4704.4120427657381
7434.283382464002
7434.283382464002
0
7434.283382464002
7434.283382464002
4704.4496621293729
309.36313745840715
4704.3649354041481
7434.283382464002
7434.283382464002
0
7434.283382464002
7434.283382464002
4704.4538996592337
7434.283382464002
7434.283382464002
0
3444.5433335033026
7434.283382464002
7434.283382464002
7434.283382464002
3444.439185645032
0
7434.283382464002
0
0
7434.283382464002
0
5419.9093688880321
7434.283382464002
7434.283382464002
7434.283382464002
5419.8521858628719
0
7434.283382464002
7434.283382464002
4554.5365322430916
7434.283382464002
7434.283382464002
0
7434.283382464002
7434.283382464002
4554.5973766719653
283.82944966669487
4554.4849959633702
7434.283382464002
7434.283382464002
0
7434.283382464002
7434.283382464002
4554.6080490234235
7434.283382464002
7434.283382464002
0
5419.993457257533
7434.283382464002
7434.283382464002
7434.283382464002
5419.953286981483
0
7434.283382464002
0
0
7434.283382464002
0
4666.7274943148259
7434.283382464002
7434.283382464002
7434.283382464002
4666.6266704300297
0
7434.283382464002
7434.283382464002
3740.890470861591
7434.283382464002
7434.283382464002
0
7434.283382464002
7434.283382464002
3740.9708938601293
230.53492730576997
3740.8407938107848
7434.283382464002
7434.283382464002
0
7434.283382464002
7434.283382464002
3740.9840678665705
7434.283382464002
7434.283382464002
0
4666.8180052328198
7434.283382464002
7434.283382464002
7434.283382464002
4666.741059013224
0
7434.283382464002
0
0
7434.283382464002
0
3534.7826723982403
7434.283382464002
7434.283382464002
7434.283382464002
3534.7893812638476
0
7434.283382464002
7434.283382464002
2894.8171775812439
7434.283382464002
7434.283382464002
0
7434.283382464002
7434.283382464002
2894.8143976416986
179.65312338630301
2894.5106182037607
7434.283382464002
7434.283382464002
0
7434.283382464002
7434.283382464002
2894.9163318990668
7434.283382464002
7434.283382464002
0
3534.8392390829877
7434.283382464002
7434.283382464002
7434.283382464002
3534.7648525911659
0
7434.283382464002
0
0
7434.283382464002
0
2582.115011848407
7434.283382464002
7434.283382464002
7434.283382464002
2582.0330236516866
0
7434.283382464002
7434.283382464002
2230.6942365877271
7434.283382464002
7434.283382464002
0
7434.283382464002
7434.283382464002
2230.5369104322904
141.30718284897091
2230.5231570127758
7434.283382464002
7434.283382464002
0
7434.283382464002
7434.283382464002
2230.7993379388158
7434.283382464002
7434.283382464002
0
2581.9829020171323
7434.283382464002
7434.283382464002
7434.283382464002
2582.0120595483331
0
7434.283382464002
0
0
7434.283382464002
0
1874.6982087944675
7434.283382464002
7434.283382464002
7434.283382464002
1874.8391287556121
0
7434.283382464002
6471.9530989463701
1795.8062245546635
6471.7991908836311
7434.283382464002
0
7434.283382464002
7434.283382464002
1795.961007124658
116.95900240439316
1795.8659873554827
7434.283382464002
7434.283382464002
0
7434.283382464002
6471.9626156887089
1796.069372241016
6472.0547831150443
7434.283382464002
0
1874.528575712875
7434.283382464002
7434.283382464002
7434.283382464002
1874.6394697110813
0
7434.283382464002
0
0
7434.283382464002
0
1334.2954398228301
7434.283382464002
7434.283382464002
7434.283382464002
1334.833457328255
0
7434.283382464002
5561.788550048208
1549.179679998769
5561.6211623644831
7434.283382464002
0
7434.283382464002
7434.283382464002
1549.4075894608716
103.7159412092592
1548.9520898570252
7434.283382464002
7434.283382464002
0
7434.283382464002
5561.4867112784295
1549.5934156402047
5561.6306295592221
7434.283382464002
0
1333.9008161176057
7434.283382464002
7434.283382464002
7434.283382464002
1334.0650375524122
0
7434.283382464002
0
0
7434.283382464002
0
959.07102429226848
7434.283382464002
7434.283382464002
7434.283382464002
959.40765089042031
0
7434.283382464002
5093.3944819918979
1426.3931103540629
5094.2772533145271
7434.283382464002
0
7434.283382464002
7434.283382464002
1426.5476714801384
97.642682533150008
1426.7132194383803
7434.283382464002
7434.283382464002
0
7434.283382464002
5092.6690491406634
1426.2349909934801
5093.2847414156604
7434.283382464002
0
958.10934364128912
7434.283382464002
7434.283382464002
7434.283382464002
958.66522303224008
0
7434.283382464002
0
0
7434.283382464002
0
732.3324864840996
7434.283382464002
7434.283382464002
7434.283382464002
732.45241593627998
0
7434.283382464002
4883.9608317922111
1371.8367698048016
4884.9655452302241
7434.283382464002
0
7434.283382464002
7434.283382464002
1371.5025883109688
94.899773855716688
1371.6398560577047
7434.283382464002
7434.283382464002
0
7434.283382464002
4881.7568177040639
1370.5255312326026
4882.8746843825547
7434.283382464002
0
732.64536205402965
7434.283382464002
7434.283382464002
7434.283382464002
733.22673440276981
0
7434.283382464002
0
0
7434.283382464002
0
616.50689738708127
7434.283382464002
7434.283382464002
7434.283382464002
617.06193117597729
0
7434.283382464002
4799.240769118529
1349.1604984989026
4800.3969493873647
7434.283382464002
0
7434.283382464002
7434.283382464002
1348.6807554656698
93.629607987910646
1348.6925993520638
7434.283382464002
7434.283382464002
0
7434.283382464002
4795.3969631806422
1347.5479372352938
4797.364641054558
7434.283382464002
0
617.96268242140241
7434.283382464002
7434.283382464002
7434.283382464002
617.0833534880793
0
7434.283382464002
0
0
7434.283382464002
0
564.46241249831223
7434.283382464002
7434.283382464002
7434.283382464002
563.96538208632887
0
7434.283382464002
4767.0538555539824
1340.4869052246249
4768.2634005973614
7434.283382464002
0
7434.283382464002
7434.283382464002
1339.812303440857
93.435114171280816
1340.4578499620623
7434.283382464002
7434.283382464002
0
7434.283382464002
4764.3408953434109
1339.8568005068666
4766.4545526661996
7434.283382464002
0
564.54125431097953
7434.283382464002
7434.283382464002
7434.283382464002
563.5148291288084
0
7434.283382464002
0
0
7434.283382464002
0
542.62324496898714
7434.283382464002
7434.283382464002
7434.283382464002
544.05445562620832
0
7434.283382464002
4754.9481252699306
1337.2774674662026
4754.5323985030082
7434.283382464002
0
7434.283382464002
7434.283382464002
1336.8544502559753
93.430196115551482
1337.1446484117478
7434.283382464002
7434.283382464002
0
7434.283382464002
4753.8040412285709
1336.6129547239591
4754.2359803035897
7434.283382464002
0
542.61330044805823
7434.283382464002
7434.283382464002
7434.283382464002
542.0306344308234
0
7434.283382464002
0
0
7434.283382464002
0
533.18794142137585
7434.283382464002
7434.283382464002
7434.283382464002
535.82441672060941
0
7434.283382464002
4749.0560705275575
1335.0648084555883
4746.6021742408884
7434.283382464002
0
7434.283382464002
7434.283382464002
1335.1017313934067
93.275768462353085
1335.3767783663707
7434.283382464002
7434.283382464002
0
7434.283382464002
4747.5829587198314
1333.9576346055537
4746.941532504301
7434.283382464002
0
533.01364829483327
7434.283382464002
7434.283382464002
7434.283382464002
533.32394833951469
0
7434.283382464002
0
0
7434.283382464002
0
528.30270473512849
7434.283382464002
7434.283382464002
7434.283382464002
530.74107599196952
0
7434.283382464002
4745.3072052624721
1333.6891163985842
4742.0284496000777
7434.283382464002
0
7434.283382464002
7434.283382464002
1334.0144550670675
93.226819391301063
1334.0631320868933
7434.283382464002
7434.283382464002
0
7434.283382464002
4743.7053326288005
1334.0683967290156
4743.8136316938053
7434.283382464002
0
528.33854268562459
7434.283382464002
7434.283382464002
7434.283382464002
528.84780986035548
0
7434.283382464002
0
0
7434.283382464002
0
523.73794339621861
7434.283382464002
7434.283382464002
7434.283382464002
526.47507543037705
0
7434.283382464002
4740.4224954535111
1331.6857280505467
4735.365426099469
7434.283382464002
0
7434.283382464002
7434.283382464002
1332.1103655965505
93.008421863305387
1331.8435358928182
7434.283382464002
7434.283382464002
0
7434.283382464002
4736.5493203575861
1331.601743405575
4735.2665156413896
7434.283382464002
0
522.55343364363546
7434.283382464002
7434.283382464002
7434.283382464002
514.23320207517611
0
7434.283382464002
0
0
7434.283382464002
0
521.65936627155406
7434.283382464002
7434.283382464002
7434.283382464002
519.92663264441853
0
7434.283382464002
4733.8962900079214
1330.4390712009395
4728.5698484974218
7434.283382464002
0
7434.283382464002
7434.283382464002
1328.2701619579784
92.611219552529718
1328.2596994221185
7434.283382464002
7434.283382464002
0
7434.283382464002
4726.3536673437193
1326.1719881386357
4720.2432164904831
7434.283382464002
0
527.56235755248019
7434.283382464002
7434.283382464002
7434.283382464002
529.05618105383303
0
7434.283382464002
0
0
7434.283382464002
0
517.2358757634554
7434.283382464002
7434.283382464002
7434.283382464002
500.80851857606802
0
7434.283382464002
4726.775427483909
1327.844573164949
4714.4862152293636
7434.283382464002
0
7434.283382464002
7434.283382464002
1323.9654353170315
92.321245411985942
1323.8605476631137
7434.283382464002
7434.283382464002
0
7434.283382464002
4717.6950523383775
1323.3840263332186
4706.6528627618845
7434.283382464002
0
530.31328166285311
7434.283382464002
7434.283382464002
7434.283382464002
541.93789553872443
0
7434.283382464002
0
0
7434.283382464002
0
504.69490862954382
7434.283382464002
7434.283382464002
7434.283382464002
504.63279411139263
0
7434.283382464002
4721.8082303915216
1321.6884263019258
4687.8054078376645
7434.283382464002
0
7434.283382464002
7434.283382464002
1326.5217121953499
92.488624244302372
1321.5466811068554
7434.283382464002
7434.283382464002
0
7434.283382464002
4720.3698477891412
1326.6955347245203
4712.2846030564269
7434.283382464002
0
517.76100762174201
7434.283382464002
7434.283382464002
7434.283382464002
507.36323704418942
0
7434.283382464002
0
0
7434.283382464002
0
490.41479512573761
7434.283382464002
7434.283382464002
7434.283382464002
535.81013810908291
0
7434.283382464002
4712.5693947821064
1312.2627232765028
4649.0201912427028
7434.283382464002
0
7434.283382464002
7434.283382464002
1326.831376512172
92.335718864511307
1315.8965967014935
7434.283382464002
7434.283382464002
0
7434.283382464002
4716.0056810754859
1326.2903091501798
4711.8805917241489
7434.283382464002
0
505.86741515069588
7434.283382464002
7434.283382464002
7434.283382464002
488.83638909915652
0
7434.283382464002
0
0
7434.283382464002
0
468.22368148135007
7434.283382464002
7434.283382464002
7434.283382464002
515.86542423321941
0
7434.283382464002
4694.8974946756534
1304.9506569680514
4626.6501383778523
7434.283382464002
0
7434.283382464002
7434.283382464002
1322.3370034180725
92.115954472005157
1312.3703517379904
7434.283382464002
7434.283382464002
0
7434.283382464002
4696.8788552232518
1322.2307999656514
4690.7942254513
7434.283382464002
0
479.31751572928283
7434.283382464002
7434.283382464002
7434.283382464002
448.11371532206266
0
7434.283382464002
0
0
7424.131729933214
0
460.2226159239442
7434.283382464002
7434.283382464002
7434.283382464002
506.29603777260223
0
7434.283382464002
4662.1011052026097
1300.1477878937239
4616.5088840521503
7434.283382464002
0
7434.283382464002
7434.283382464002
1311.9261857662545
91.572528664973788
1302.974180311156
7434.283382464002
7434.283382464002
0
7434.283382464002
4660.793192787738
1310.9605097268106
4646.3523705460921
7434.283382464002
0
523.472200494346
7434.283382464002
7434.283382464002
7434.283382464002
509.46790922112848
0
7434.283382464002
0
0
7397.9720471095798
0
522.958943563312
7434.283382464002
7434.283382464002
7434.283382464002
504.31449197582134
0
7434.283382464002
4622.9331158256336
1295.4350867258158
4613.1498230349007
7434.283382464002
0
7434.283382464002
7434.283382464002
1302.0702364203719
0
1291.1470290064785
7434.283382464002
7389.7961114318568
0
7434.283382464002
4631.3059224579847
1297.9820796452768
4590.342785094892
7434.283382464002
0
547.92452331140498
7434.283382464002
7434.283382464002
7434.283382464002
576.68362993197331
0
7434.283382464002
0
0
7400.8742913978631
0
558.72786294518528
7434.283382464002
7434.283382464002
7434.283382464002
466.36552626887482
0
7434.283382464002
4033.6453788924141
1297.0960757522687
4632.1655067581905
7434.283382464002
0
7434.283382464002
7434.283382464002
1304.9273408118233
91.323203514293013
1296.2380819565133
7434.283382464002
7371.3742278504242
0
7434.283382464002
4660.6708047160937
1307.4966218194484
4606.200500198498
7434.283382464002
0
490.06428583971973
7434.283382464002
7434.283382464002
7434.283382464002
510.42708642495825
0
7434.283382464002
0
0
7434.283382464002
0
495.99862435706353
7434.283382464002
7434.283382464002
7434.283382464002
477.40582144165654
0
7434.283382464002
4652.2551573021874
1303.9071456430684
4643.5895256922713
7434.283382464002
0
7434.283382464002
7434.283382464002
1314.9557401039513
91.544335483462191
1300.5004944143805
7434.283382464002
7387.7519687475133
0
7434.283382464002
4690.6451418009092
1314.3521329509244
4620.2304819186638
7434.283382464002
0
475.72318505075816
7434.283382464002
7434.283382464002
7434.283382464002
505.87750120196785
0
7434.283382464002
0
0
7434.283382464002
0
467.65902802632377
7434.283382464002
7434.283382464002
7434.283382464002
515.55780765821794
0
7434.283382464002
4688.5326261081109
1307.7217782717421
4645.3626981969755
7434.283382464002
0
7434.283382464002
7434.283382464002
1320.9454383431573
91.8552966300945
1302.9837770149434
7434.283382464002
7407.8050245049544
0
7434.283382464002
4702.7730952104548
1314.8865809002984
4619.0417672270942
7434.283382464002
0
488.65031136202663
7434.283382464002
7434.283382464002
7434.283382464002
544.97065277155923
0
7434.283382464002
0
0
7434.283382464002
0
476.99540748059599
7434.283382464002
7434.283382464002
7434.283382464002
501.43014728455393
0
7434.283382464002
4701.1647790310863
1310.8389637809692
4659.0304329892197
7434.283382464002
0
7434.283382464002
7434.283382464002
1322.937808296587
92.062895431244129
1305.5935655512551
7434.283382464002
7419.2758347113249
0
7434.283382464002
4704.8818241568588
1315.5230069793356
4620.7512068279884
7434.283382464002
0
491.18678418375026
7434.283382464002
7434.283382464002
7434.283382464002
535.92004677238685
0
7434.283382464002
0
0
7434.283382464002
0
468.08298240436085
7434.283382464002
7434.283382464002
7434.283382464002
472.15048858570975
0
7434.283382464002
4692.7241195464767
1311.5006835752063
4668.5249256616435
7434.283382464002
0
7434.283382464002
7434.283382464002
1320.3187391027993
91.895475529624179
1305.6694416583414
7434.283382464002
7420.7401196706878
0
7434.283382464002
4685.5626755365811
1311.5924629438002
4614.4322476562193
7434.283382464002
0
454.97545380109858
7434.283382464002
7434.283382464002
7434.283382464002
513.13781038775369
0
7433.5049290008446
0
0
7434.283382464002
0
472.41523130900907
7434.283382464002
7434.283382464002
7434.283382464002
466.6088450522854
0
7434.283382464002
4663.5907275500822
1306.1690599770247
4660.904987692149
7434.283382464002
0
7434.283382464002
7434.283382464002
1311.6836955680667
91.258490684353873
1302.8712881179017
7434.283382464002
7425.4274040568498
0
7434.283382464002
4641.931982829572
1297.0624814612308
4595.038891160907
7434.283382464002
0
491.84825298232983
7434.283382464002
7434.283382464002
7434.283382464002
549.29386847150101
0
7410.825724682235
0
0
7388.3328520384703
0
503.54570819570733
7434.283382464002
7434.283382464002
7434.283382464002
475.88690201421093
0
7434.283382464002
4620.7694856719609
1295.0697225123874
4640.3448782843634
7434.283382464002
0
7434.283382464002
7434.283382464002
1301.3256910234584
90.643850111238322
1300.3350704284155
7434.283382464002
7427.3458378779851
0
7434.283382464002
4588.8899550113219
1284.02790023322
4593.4003099190268
7434.283382464002
0
557.71248174928405
7434.283382464002
7434.283382464002
7434.283382464002
533.66138204761216
0
7376.8055598936508
0
0
7315.8992380508271
0
491.52630406912311
7434.283382464002
7434.283382464002
7434.283382464002
479.65492663025742
0
7434.283382464002
4592.4845031161894
1286.4435697807596
4623.2891291994256
7434.283382464002
0
7408.2784902196881
7434.283382464002
1298.3442725199357
90.970574588555849
1304.2476651942025
7434.283382464002
7430.2327532207
0
7434.283382464002
4594.5826778010178
1297.1631982365284
4635.9970091901623
7434.283382464002
0
507.65305081343917
7434.283382464002
7434.283382464002
7434.283382464002
456.91017397356813
0
7355.7667707398241
0
0
7261.1639808874643
0
459.35104647509826
7434.283382464002
7434.283382464002
7434.283382464002
444.60629169151832
0
7434.283382464002
4575.0677931912342
1282.99588527796
4615.9592714924756
7434.283382464002
0
7351.062088696669
7434.283382464002
1295.427619720635
91.03338916384152
1304.1533886010147
7434.283382464002
7403.2435729952995
0
7434.283382464002
4608.377043856859
1306.5537348641687
4654.3963346020737
7434.283382464002
0
453.14682731850684
7434.283382464002
7434.283382464002
7434.283382464002
406.48847861662898
0
7375.412922210633
0
0
7181.1373949865028
0
471.99895960163826
7434.283382464002
7434.283382464002
7434.283382464002
391.240964748274
0
7434.283382464002
4541.9291472890145
1275.6079015242117
4596.0598889054236
7434.283382464002
0
7256.3819016854495
7434.283382464002
1285.7710746762673
90.593197187116559
1295.1230343250741
7434.283382464002
7275.2094958537073
0
7434.283382464002
4580.5334889220003
1301.4292876098343
4615.9039928708289
7434.283382464002
0
440.8754706997309
7434.283382464002
7434.283382464002
7434.283382464002
400.63348587155991
0
7354.2253845431669
0
0
7153.5508174840888
0
526.80846461833357
7434.283382464002
7434.283382464002
7434.283382464002
425.10461618961995
0
7434.283382464002
4511.2218894149291
1265.7984266867816
4540.9433064985797
7434.283382464002
0
7188.5529871696826
7434.283382464002
1270.7094375067229
89.670129302854562
1270.7393980862958
7434.283382464002
7177.3436216202244
0
7434.283382464002
4520.3365758382797
1281.6160544184108
4525.2235692004424
7434.283382464002
0
514.7944038825791
7434.283382464002
7434.283382464002
7434.283382464002
471.35896664023403
0
7259.428443128757
0
0
7144.5192290058412
0
514.04419524702098
7434.283382464002
7434.283382464002
7434.283382464002
507.04103100305264
0
7434.283382464002
4517.3447810754387
1261.2526003675018
4484.4310690705488
7434.283382464002
0
7171.1422890650801
7434.283382464002
1266.0777445928195
88.799335815170636
1246.3797125950914
7434.283382464002
7069.527973754608
0
7434.283382464002
4469.2536501569675
1259.7110966494074
4444.4877843835666
7434.283382464002
0
566.01255557069408
7434.283382464002
7434.283382464002
7434.283382464002
527.50903581110231
0
7134.4708591308481
0
0
7196.8116302192684
0
423.27394490963013
7434.283382464002
7434.283382464002
7434.283382464002
461.3019797380602
0
7434.283382464002
4579.3836819953303
1276.3145511723085
4499.4540269502559
7434.283382464002
0
7198.5092402009013
7434.283382464002
1279.3812089708201
88.697977883012143
1246.6660805947827
7434.283382464002
7000.9579516630556
0
7434.283382464002
4492.7816200453944
1258.109158114218
4439.5785480906834
7434.283382464002
0
465.03304348399774
7434.283382464002
7434.283382464002
7434.283382464002
480.26298301244719
0
7138.5761931109018
0
0
7284.1994742159577
0
393.77165631125922
7434.283382464002
7434.283382464002
7434.283382464002
387.42732557036641
0
7434.283382464002
4622.9264278645041
1289.8353702201493
4555.6663700196286
7434.283382464002
0
7241.3075701565631
7434.283382464002
1283.2714239902843
89.521263395020426
1261.4879684304192
7434.283382464002
7060.5674426382657
0
7434.283382464002
4518.5898471606033
1271.7061280255405
4484.2924378327489
7434.283382464002
0
425.11606205950511
7434.283382464002
7434.283382464002
7434.283382464002
416.08249469697876
0
7182.6081986542167
0
0
7298.3121689522368
0
394.28683188860168
7434.283382464002
7434.283382464002
7434.283382464002
388.61582717256704
0
7434.283382464002
4630.2721523686641
1292.0356624936403
4569.4667229370434
7434.283382464002
0
7201.5351509210459
7434.283382464002
1277.8385682023941
89.974181173269045
1271.1414787570764
7434.283382464002
7093.1714305724981
0
7434.283382464002
4509.1124832230544
1277.5603386141254
4517.0577429927471
7434.283382464002
0
444.41065031365355
7434.283382464002
7434.283382464002
7434.283382464002
388.50306717942431
0
7183.4229154506656
0
0
7234.0084246093174
0
382.85832539149965
7434.283382464002
7434.283382464002
7434.283382464002
380.05420963608259
0
7434.283382464002
4608.7158864029589
1285.7475598512358
4538.0756670439059
7434.283382464002
0
7069.2983273700438
7434.283382464002
1265.8523641769671
89.563669006254003
1268.9119177819009
7434.283382464002
7018.881602605742
0
7434.283382464002
4469.4990819268642
1273.6876244293649
4513.421625641623
7434.283382464002
0
385.63771992194961
7434.283382464002
7434.283382464002
7434.283382464002
373.92793379854572
0
7130.7484566704989
0
0
7064.9549983368915
0
321.30060152564255
7434.283382464002
7434.283382464002
7434.283382464002
387.42725389921964
0
7434.283382464002
4550.7539185054238
1265.3813372441757
4445.2193417225835
7434.283382464002
0
6893.4563416859992
7434.283382464002
1243.319822712341
88.080476725571629
1243.303733361889
7434.283382464002
6790.4561786271242
0
7434.283382464002
4374.9883527873017
1256.2559480518653
4443.2118042561306
7434.283382464002
0
437.86094294833157
7434.283382464002
7434.283382464002
7434.283382464002
324.61664340148741
0
6915.6977269903
0
0
6797.2868140220744
0
303.0597961790171
7434.283382464002
7434.283382464002
7434.283382464002
422.74866124221154
0
7434.283382464002
4445.3496158091129
1232.8221637198155
4322.7160720027859
7434.283382464002
0
6630.2981472323054
7434.283382464002
1211.7973788063341
85.983524891208859
1204.4225428660015
7434.283382464002
6621.3102633291164
0
7434.283382464002
4246.9115775951914
1218.0799368259886
4324.659549702792
7434.283382464002
0
520.95006747434616
7434.283382464002
7434.283382464002
7434.283382464002
382.16486914852686
0
6743.9916413844949
0
0
6461.0701526092498
0
261.12237611104484
7434.283382464002
7434.283382464002
7434.283382464002
311.56897323463272
0
7434.283382464002
4286.1749525047289
1194.3199957723527
4213.1951065251023
7434.283382464002
0
6365.0339338432341
7434.283382464002
1189.1131703765211
84.232736540823524
1171.8312165125089
7434.283382464002
6365.7690509312251
0
7434.283382464002
4184.5686971825999
1178.24673630752
4197.4965816961922
7434.283382464002
0
317.00558782820076
7434.283382464002
7434.283382464002
7434.283382464002
334.20214323712781
0
6439.2956010236312
0
0
5857.1928611489411
0
20.484327640513111
7434.283382464002
7434.283382464002
7434.283382464002
0
0
7434.283382464002
4080.3180068821443
1143.3200861521664
4093.9603399438029
7434.283382464002
0
5879.1594754876496
7434.283382464002
1147.5425163577358
82.159303271089897
1150.4972581186878
7434.283382464002
5815.9464651777353
0
7434.283382464002
4089.4123767370006
1151.1433818639948
4110.2067119237918
7434.283382464002
0
0
7434.283382464002
7434.283382464002
7434.283382464002
0
0
5841.4207189936615
0
0
5041.1113903829682
0
0
7434.283382464002
7434.283382464002
7434.283382464002
0
0
7434.283382464002
3704.3100263880801
1038.1652892748839
3774.2521844095877
7434.283382464002
0
5132.2665968132951
7434.283382464002
1046.8209714362354
76.11705170311734
1065.1770358819147
7434.283382464002
5125.223805478252
0
7434.283382464002
3779.3953227096113
1064.6425151109584
3814.0487718804075
7434.283382464002
0
0
7434.283382464002
7434.283382464002
7434.283382464002
0
0
5134.2742512125451
0
0
3527.7948382602453
0
0
7434.283382464002
7434.283382464002
7434.283382464002
0
0
7434.283382464002
2998.4551367773447
845.0736838246487
3072.0567936507791
7434.283382464002
0
3553.9835502473748
7434.283382464002
852.47174127897063
62.844283165619515
872.52543876488176
7434.283382464002
3634.1513577649475
0
7434.283382464002
3083.1181750446081
871.91407626715511
3112.0973169196377
7434.283382464002
0
0
7434.283382464002
7434.283382464002
7434.283382464002
0
0
3634.5002310522955
0
0
2242.9750798222294
0
0
5879.741118839499
7434.283382464002
5945.5394035473728
0
0
5960.1472479247295
1916.1580748476847
534.39989002235234
1961.31269358637
6076.8333419210503
0
2214.6004354590132
7434.283382464002
538.38648846857848
39.185327989077479
550.91964067227605
7434.283382464002
2282.1831737650623
0
6035.2249484162849
1969.3098888311056
550.40339066114723
1986.5236041052281
6125.431720181673
0
0
6092.681770275055
7434.283382464002
6121.5826576874633
0
0
2280.1693504630125
0
0
0
0
0
0
0
0
0
0
0
0
0
0
0
0
0
0
0
0
0
0
0
0
0
0
0
0
0
0
0
0
0
0
0
0
0
0
0
0
0
0
0
0
0
0
123.76496999679482
0
0
0
0
1.0328573119474997
25.878742432422655
25.877329389671434
1.0328088331533434
0
0
0
25.878733854232667
25.877359510826707
0
0
0
0
0
0
0
123.76437458519372
123.7661538675689
0
0
0
0
0
0
0
25.879600824452734
25.878454301400726
0
0
0
1.0328902609063935
25.879594625716205
25.878409684600481
1.0328512116545951
0
0
0
0
123.76409286814751
0
0
0
0
0
0
0
0
0
0
0
0
0
0
0
371.76455954183359
2923.0680302734354
371.7645559985138
0
0
0
640.24224187986181
744.15567235085166
744.13909669482291
640.20455580150872
0
0
0
744.15548314818591
744.13945783488555
0
0
0
371.7630682051784
371.76730950449922
0
0
2923.0640721081681
2923.0747506520152
0
0
371.76306652805039
371.76730218846643
0
0
0
744.16555154526714
744.15179938694791
0
0
0
640.26540379483731
744.16548886376313
744.15119420974349
640.23381785985418
0
0
0
371.76260734324268
2923.063481752286
371.76260044966369
0
0
0
0
0
0
0
0
0
0
0
0
0
0
356.24867160430045
4415.9209107737452
356.2486397467498
0
0
0
2919.3550918151623
1768.5664999941744
1768.5330084860032
2919.2686721499304
0
0
0
1768.5656990526809
1768.533987717959
0
0
0
356.24561104483422
356.25338941583902
0
0
4415.9145001810421
4415.9297613662593
0
0
356.24562307673074
356.25339870716329
0
0
0
1768.5854746323459
1768.5526894367767
0
0
0
2919.4034052685165
1768.5853040511165
1768.5507997191696
2919.312054806127
0
0
0
356.24513824167803
4415.9133488928819
356.24511117713911
0
0
0
0
0
0
0
0
0
0
0
0
0
0
332.1616469836589
4332.7540055164882
332.16156314956936
0
0
0
5047.8210723662687
2579.85781778407
2579.8299601620811
5047.7566927489888
0
0
0
2579.8559296031417
2579.8312864098243
0
0
0
332.15688922607899
332.16653218366736
0
0
4332.7417281883636
4332.7649347263005
0
0
332.15693161356836
332.16659574438791
0
0
0
2579.8862892281068
2579.865674586867
0
0
0
5047.8992038218375
2579.886068547818
2579.8623992780194
5047.8471596721429
0
0
0
332.15573552818421
4332.7398646897118
332.15568052750427
0
0
0
0
0
0
0
0
0
0
0
0
0
0
395.59491298715858
4464.4380408390853
395.59475302622758
0
0
0
4800.3628318337715
2591.237345222125
2591.2033804236389
4800.27096298789
0
0
0
2591.2344034038324
2591.2049862303138
0
0
0
395.58600291571167
395.59970185546558
0
0
4464.4204424069676
4464.4504509664239
0
0
395.58607582748476
395.60004747015057
0
0
0
2591.2697608526519
2591.2489348707581
0
0
0
4800.452368228167
2591.2694476294728
2591.2429549266326
4800.3828220275427
0
0
0
395.58504302983562
4464.4167622322348
395.58486981843174
0
0
0
0
0
0
0
0
0
0
0
0
0
0
490.98870586628283
4660.167550618874
490.98861163326416
0
0
0
3740.4778819161024
2196.1752512606167
2196.1629071602392
3740.4667305293219
0
0
0
2196.171247816058
2196.16367791832
0
0
0
490.97488762364287
490.99328881114064
0
0
4660.1438761899017
4660.1800059664201
0
0
490.97499980395986
490.99430472897382
0
0
0
2196.194691394754
2196.1722991567863
0
0
0
3740.5404643818679
2196.1951881175905
2196.1655706331817
3740.4684770609797
0
0
0
490.97333931559183
4660.1412886267908
490.97333881552021
0
0
0
0
0
0
0
0
0
0
0
0
0
0
589.00814839867917
4838.3884862690611
589.00807343333645
0
0
0
2762.2810886981811
1801.8843877740351
1801.8643153259343
2762.2182709554577
0
0
0
1801.8828277927494
1801.8623467522316
0
0
0
588.98311544046794
589.0005547457414
0
0
4838.3565276996133
4838.3811337589896
0
0
588.98316466551933
589.00067395066196
0
0
0
1801.8455388194566
1801.8497580173218
0
0
0
2762.1851099856185
1801.8473966015388
1801.8491579722834
2762.1947063895618
0
0
0
588.9920021227889
4838.3643562259622
588.99212474512581
0
0
0
0
0
0
0
0
0
0
0
0
0
0
670.88780765031606
4970.2524284722449
670.88798310428774
0
0
0
2015.7552230494068
1487.0028924233839
1487.0449569984733
2015.8546834427777
0
0
0
1487.0005311765428
1487.0409709061912
0
0
0
670.85552481738057
670.85725921092467
0
0
4970.2108659962014
4970.2145366065943
0
0
670.85564398849158
670.85772573580016
0
0
0
1486.9258781750057
1486.9656418534496
0
0
0
2015.5921889537422
1486.9299890238219
1486.9693728494437
2015.6874953095023
0
0
0
670.87943964853741
4970.2451208499169
670.87936942314059
0
0
0
0
0
0
0
0
0
0
0
0
0
0
728.01696779912913
5053.7485151910914
728.01566698518684
0
0
0
1446.9274015232547
1242.5354255970326
1242.7161433732058
1447.3812636138389
0
0
0
1242.5324885831396
1242.7127227849883
0
0
0
727.95887600987601
727.95438029877232
0
0
5053.6744402634104
5053.6854063876872
0
0
727.95894827365146
727.95455744805827
0
0
0
1242.3766574468318
1242.4479328781727
0
0
0
1446.5780217033991
1242.3833640534372
1242.4577408007272
1446.7346541656568
0
0
0
728.04566777721266
5053.7795628138083
728.04603087902274
0
0
0
0
0
0
0
0
0
0
0
0
0
0
762.0669184629528
5099.8056085271637
762.06672659367575
0
0
0
1039.5770469805175
1064.1832968251165
1064.3483253438988
1039.959046407547
0
0
0
1064.1805272559668
1064.3484954949056
0
0
0
762.05022977757187
762.0053767708921
0
0
5099.7802352652343
5099.7331309116516
0
0
762.05023182113166
762.00585590360538
0
0
0
1063.8570458060044
1064.0498302499886
0
0
0
1038.7447886961386
1063.8647349182615
1064.062061206286
1039.217060812523
0
0
0
762.15928693685942
5099.9180058205438
762.16078863519317
0
0
0
0
0
0
0
0
0
0
0
0
0
0
779.74685648319564
5122.2418985999293
779.7513080464289
0
0
0
781.74002530376242
949.77277956976832
949.86850388876621
781.91119729619766
0
0
0
949.77423233129753
949.86330267842811
0
0
0
779.79387132534794
779.68783432840928
0
0
5122.2997206736973
5122.1574709481802
0
0
779.79822662440904
779.680367952854
0
0
0
949.77727240827664
949.99134287009065
0
0
0
781.77627943343305
949.77841026085332
950.00232613728497
782.34808930554766
0
0
0
779.93541768679677
5122.4802150459282
779.93627975276013
0
0
0
0
0
0
0
0
0
0
0
0
0
0
787.98795475117686
5132.0823556093628
787.99113494290555
0
0
0
641.88665139393993
886.88813020221312
887.06688212818972
642.34150156501403
0
0
0
886.89534049985014
887.05822964353581
0
0
0
788.09338769959209
787.91166755561323
0
0
5132.2277848606036
5131.9787509098924
0
0
788.09563178873987
787.89416323558419
0
0
0
887.35844082328504
887.14401329235841
0
0
0
643.08430820809019
887.35510086089619
887.15104150591162
642.53036772451776
0
0
0
788.22531266909925
5132.4198848162523
788.22724765344822
0
0
0
0
0
0
0
0
0
0
0
0
0
0
791.50880282161756
5136.0685525997305
791.50934173389885
0
0
0
575.84997173059219
856.90318169644115
856.85739634613981
575.59621220810936
0
0
0
856.90764340532121
856.85961069245707
0
0
0
791.64884317009114
791.52420166586717
0
0
5136.2513878291456
5136.113185629275
0
0
791.64377372455817
791.52241875166601
0
0
0
857.10336874508323
856.67899421592551
0
0
0
576.23714403349618
857.09305962230633
856.69684698491233
575.24639922521033
0
0
0
791.77065513683795
5136.4010715707655
791.77590527961399
0
0
0
0
0
0
0
0
0
0
0
0
0
0
793.07911408545624
5137.825952655774
793.0797559732606
0
0
0
547.35238961860705
843.88763661430244
844.29462509246412
548.36012507541125
0
0
0
843.89056704220934
844.30286746193156
0
0
0
793.17383672672338
793.0271667193399
0
0
5137.9284680455266
5137.7690472293898
0
0
793.16826982059547
793.02495618376213
0
0
0
843.8834107436013
843.58972141893662
0
0
0
547.36383022828829
843.91553556529004
843.6082824900268
546.6869808587137
0
0
0
793.17713498791659
5137.9095759527136
793.1740814352537
0
0
0
0
0
0
0
0
0
0
0
0
0
0
793.79716081615777
5138.6495727894098
793.78907720884285
0
0
0
535.17776315065748
838.32216815199104
839.3072372048606
537.54596065253577
0
0
0
838.32160999607436
839.32497511523616
0
0
0
793.83457333526439
793.70464374558594
0
0
5138.6314452604438
5138.5024173294833
0
0
793.8327594989222
793.70322323380935
0
0
0
838.26554879722062
838.29183654155156
0
0
0
535.04273619879996
838.27262958861877
838.30630670261826
535.15632257198786
0
0
0
793.78132877279688
5138.5642986714338
793.76668603236328
0
0
0
0
0
0
0
0
0
0
0
0
0
0
794.16372383255327
5139.0668402640931
794.16570066807765
0
0
0
529.28201470006638
835.63230343942189
836.70957206203116
531.76724460276864
0
0
0
835.63095057966473
836.73570011278048
0
0
0
794.16110992740732
794.1597075981349
0
0
5139.019813253215
5139.0284866590218
0
0
794.15937074975977
794.16465733429084
0
0
0
835.58925704136823
835.60085046008669
0
0
0
529.26755354995896
835.59493503855742
835.60855166793681
529.69704143599347
0
0
0
794.16637803146295
5139.0280678357085
794.15912246775713
0
0
0
0
0
0
0
0
0
0
0
0
0
0
794.44814131734529
5139.4063197435216
794.43779343326196
0
0
0
524.65756641432665
833.65080217095533
834.69195497609496
527.31125749383239
0
0
0
833.64956734237956
834.73010907748289
0
0
0
794.57780564027064
794.63279843078874
0
0
5139.4708623847937
5139.5698540676058
0
0
794.58555517731486
794.64184555487236
0
0
0
833.43006399454839
831.08685563497875
0
0
0
523.7761393670562
833.43945626522816
831.09354307791705
517.46636932578122
0
0
0
794.64554159422914
5139.5645542850425
794.65328270456553
0
0
0
0
0
0
0
0
0
0
0
0
0
0
794.84944725654395
5139.8678275020247
794.85048637457646
0
0
0
522.01654569567859
832.39895220427013
831.84520718743272
521.2207035766329
0
0
0
832.38270617058924
831.87422376189852
0
0
0
794.97008296858212
795.29016647591197
0
0
5140.0607191610434
5140.4552498605035
0
0
794.98180967689041
795.28037455270544
0
0
0
834.23995821756284
833.91854429534271
0
0
0
526.37163684728341
834.27694481917263
833.90162653524374
525.72454385062849
0
0
0
795.22937796552094
5140.4250309358677
795.24626678481093
0
0
0
0
0
0
0
0
0
0
0
0
0
0
795.59217471431782
5140.6926512479477
795.60755496781064
0
0
0
518.08350475032057
830.61580211664671
825.52765775034266
505.00163042857457
0
0
0
830.54346141256735
825.54782607279913
0
0
0
795.35355274195706
796.15905779932075
0
0
5140.6097070779188
5141.4841825283647
0
0
795.34611292645593
796.06313353479834
0
0
0
835.4136673693182
838.78149385697429
0
0
0
529.56275088566883
835.46997984035568
838.72472561690688
538.84026451915463
0
0
0
795.77819479324216
5141.2591810080994
795.72089957724165
0
0
0
0
0
0
0
0
0
0
0
0
0
0
796.94258706560368
5142.2959559206174
796.98519791232809
0
0
0
507.34741531193532
826.14017973694206
824.97202271958793
503.83292728912124
0
0
0
826.00687074358859
824.98005502713818
0
0
0
795.51664279298723
796.87920851165597
0
0
5140.7540898599691
5142.581656573052
0
0
795.50751818895696
796.82095423012777
0
0
0
831.82126994754947
829.92302126889592
0
0
0
520.42635625719743
831.86672889125316
829.818953680807
514.92081050532465
0
0
0
795.98789115817431
5141.4266941852102
795.98990035318639
0
0
0
0
0
0
0
0
0
0
0
0
0
0
798.79822184633838
5144.8135354305068
798.7726456543113
0
0
0
493.42438309783302
819.9869038033205
834.10516590437373
528.70364653744866
0
0
0
819.78694851100931
834.12371896892671
0
0
0
795.79083705053313
798.17581338507182
0
0
5140.9771571265655
5143.9253448031614
0
0
795.80188985602842
798.24500928239036
0
0
0
826.18378267798585
819.34725805466553
0
0
0
508.32574542855144
826.20607817048813
819.21246016192151
492.71732512533515
0
0
0
796.19946660604091
5141.5132733376313
796.23322089901205
0
0
0
0
0
0
0
0
0
0
0
0
0
0
800.74613674879527
5146.8320165581426
800.65122638156015
0
0
0
473.0598825171794
811.57007027283896
831.87601918106611
520.20120686433836
0
0
0
811.33138624325943
831.99403593733507
0
0
0
796.49070430768279
799.18070953794256
0
0
5142.0392200406923
5145.0541966375795
0
0
796.51430100000084
799.24747720402365
0
0
0
817.87848112880647
806.45398612929489
0
0
0
485.34221150641974
817.933404952258
806.30325570787045
457.37617396698664
0
0
0
796.91973853695879
5142.1701738499014
796.92831386374633
0
0
0
0
0
0
0
0
0
0
0
0
0
0
800.7895554196333
5141.9757442283899
800.72370438287385
0
0
0
462.19960382320107
807.8172521052926
826.61453067281002
508.35330435465301
0
0
0
807.64877651810502
826.70908500898895
0
0
0
798.41658067887943
800.23668976143563
0
0
5144.8414472890727
5146.0952012683938
0
0
798.36242433497989
800.30193967018909
0
0
0
828.09185891591449
820.85350868308501
0
0
0
513.66728542577539
828.14652548503193
820.75317910252272
496.02969726254156
0
0
0
798.2768680040316
5144.9694565799628
798.29313370751595
0
0
0
0
0
0
0
0
0
0
0
0
0
0
798.86511656323057
5128.5140183775293
798.8515774652235
0
0
0
509.05414015595898
825.91379946099823
824.07412922083756
504.52630625435228
0
0
0
825.80469208035936
824.05744613949878
0
0
0
801.36365502029605
798.40875065731234
0
0
5147.9229158839089
5126.8250784762959
0
0
801.28163893443411
798.33121223678199
0
0
0
839.47509961066021
846.50474404911961
0
0
0
542.15057039617977
839.41227181245483
846.52021472939794
561.35344429443182
0
0
0
800.65757899825087
5148.1864547489076
800.66330376899862
0
0
0
0
0
0
0
0
0
0
0
0
0
0
798.36325918394289
5125.6798038175129
798.47840723829199
0
0
0
550.35411538712708
842.73706107073144
812.99949458022536
474.82843940463135
0
0
0
842.62228023619821
812.96617299431796
0
0
0
800.77258478415706
795.47934711852406
0
0
5148.1024348170031
5109.4773836738786
0
0
800.8764555173658
795.46167985981913
0
0
0
825.31203894817156
835.25785855195875
0
0
0
502.8752794706204
825.24919971999634
835.4160494243572
525.16521589176887
0
0
0
800.43976700063797
5147.6118223891026
800.46660824737069
0
0
0
0
0
0
0
0
0
0
0
0
0
0
800.85514742641487
5141.5811635017853
800.84869530838398
0
0
0
509.82730723835385
828.24951555493124
812.32940851768399
475.03597748982128
0
0
0
828.04294014370612
812.35713095178414
0
0
0
798.78359234545314
795.19205638508595
0
0
5145.4634981914514
5112.5799624035017
0
0
798.80834877874213
795.21174098322172
0
0
0
814.19216068950584
826.51292327955321
0
0
0
478.90685493498279
814.22627684515555
826.75418352259078
506.98872028744626
0
0
0
798.99076458390255
5145.3145225794287
799.02708497191554
0
0
0
0
0
0
0
0
0
0
0
0
0
0
800.7859898416383
5147.3371948595486
800.61418448994857
0
0
0
473.95294594653706
812.42557852494747
824.4596382506279
506.91527920728271
0
0
0
812.19046795412203
824.60725524121233
0
0
0
797.52473687386532
796.27671815360145
0
0
5143.2052380095338
5124.7186394502287
0
0
797.48414598273291
796.40911286985954
0
0
0
816.21311714567275
837.15630485277416
0
0
0
485.70222798643994
816.30307563962526
837.38393166827814
536.13070739591535
0
0
0
798.23711347046537
5144.4275937109323
798.19499184932295
0
0
0
0
0
0
0
0
0
0
0
0
0
0
799.7536408365844
5145.9638524366155
799.67470438586213
0
0
0
474.80009159890551
811.44474050120789
824.40432939646576
504.39213731561722
0
0
0
811.23535638475983
824.5522197904711
0
0
0
796.89345010865588
796.96201486817256
0
0
5142.3320752410964
5133.6478948760314
0
0
796.8850649962003
797.23280698590077
0
0
0
817.75165226141667
838.84025951785839
0
0
0
490.3931002649939
817.8669562554461
839.10073459792511
537.76744113865414
0
0
0
798.12044955824126
5144.3054021230091
798.08101945070621
0
0
0
0
0
0
0
0
0
0
0
0
0
0
799.34962802127063
5145.2293916192484
799.33229534711381
0
0
0
470.01373493625675
810.06801683813057
814.02356564031061
478.59361649380321
0
0
0
809.8947699289364
814.08737861616908
0
0
0
797.23559737435824
797.25360449082609
0
0
5142.6943836187111
5136.4670333173908
0
0
797.25372718115909
797.48315143616196
0
0
0
808.22822815615348
831.81151976639978
0
0
0
463.12997495136494
808.37787886252943
832.15617495767822
518.30417106261837
0
0
0
798.76014842985717
5143.0993894732292
798.76391347768686
0
0
0
0
0
0
0
0
0
0
0
0
0
0
799.3994691813358
4943.6750556372108
799.35045886120304
0
0
0
471.51108045374269
810.89151335574263
809.07285548647292
467.81588512624052
0
0
0
810.78724146360059
809.01417614615673
0
0
0
798.33268873802456
798.29241451683436
0
0
5144.4051323997273
5139.3542682683837
0
0
798.3767936620161
798.38605712571712
0
0
0
816.0048216236047
839.29987304169651
0
0
0
483.85258601805913
816.17006826322881
839.60673447662884
541.08821910779716
0
0
0
798.80888913463218
5134.7024603112077
798.70742948498003
0
0
0
0
0
0
0
0
0
0
0
0
0
0
179.06921071656629
1487.0065732270045
179.08814361978256
0
0
0
496.49068405534342
820.15892158247289
811.31351217418808
473.76980867329684
0
0
0
820.25293897702704
811.08435519511215
0
0
0
800.03610157088167
799.56886453320828
0
0
5146.2471227009401
5141.877653634423
0
0
799.98550416472744
799.60835243101747
0
0
0
838.72783966973168
837.64551935224381
0
0
0
542.75967789350204
838.83494263816544
837.775769898916
536.75829949640126
0
0
0
798.95903793700199
5117.4743017092069
798.99578821225509
0
0
0
0
0
0
0
0
0
0
0
0
0
0
0
0
0
0
0
0
494.003831158325
819.68836879749131
812.87358952531599
478.60271875376628
0
0
0
819.93524249443999
812.52912549955931
0
0
0
799.00150248198145
800.49507850853286
0
0
5133.376556189517
5142.7534753257742
0
0
798.94158259918231
800.63460249232116
0
0
0
831.00047055777634
812.30176314789992
0
0
0
518.55369788211783
831.20175524739557
812.30812439509305
473.81559190470932
0
0
0
795.57625145493137
5100.5346983064564
795.61446310384952
0
0
0
0
0
0
0
0
0
0
0
0
0
0
1.0066236765461509
196.21119150631696
1.0069358864082045
0
0
0
466.52895111323141
809.01131376250464
801.89659715121047
452.14768939672371
0
0
0
809.30811656104686
801.55981335841466
0
0
0
794.31640740408739
798.83519973240186
0
0
5099.4420855219905
5127.2126426035347
0
0
794.36268358747918
798.95246446142085
0
0
0
808.51544425787324
787.94618517167919
0
0
0
465.21450077553811
808.78101598355045
787.86646914220967
417.66569773892365
0
0
0
794.71036242738751
5101.6508485792174
794.74362117831822
0
0
0
0
0
0
0
0
0
0
0
0
0
0
604.40360085964448
3537.5325466574454
604.47517546384063
0
0
0
469.35867442987802
809.89454472074306
782.62170744085006
403.24490978183997
0
0
0
810.24538690747988
782.37592642842321
0
0
0
785.93451464303371
789.14335772409959
0
0
5044.1854343970163
5061.3794633212856
0
0
785.96080756987431
789.19651879455466
0
0
0
799.63500284063502
781.56217643053344
0
0
0
443.87134616894667
800.10670827248248
781.39312704993881
402.18797911595885
0
0
0
793.54751193730726
5093.1033265111419
793.57111555446227
0
0
0
0
0
0
0
0
0
0
0
0
0
0
777.81400047989689
4967.0553181237738
777.95932404583664
0
0
0
514.46038019466096
827.25640278341257
787.6251830322999
417.86901323991287
0
0
0
827.61359938186263
787.60097817880376
0
0
0
779.74499545726826
781.62049392812537
0
0
4996.9657807932172
4993.0658237853177
0
0
779.75506814031326
781.66394814803311
0
0
0
820.79066918154786
802.83569093177084
0
0
0
498.48720393285282
821.49426246605128
802.57044798231448
455.82235307316631
0
0
0
787.93385886541876
5045.6317752264868
787.75807823923844
0
0
0
0
0
0
0
0
0
0
0
0
0
0
777.1923041104759
4960.2407922436823
777.24447540094775
0
0
0
516.45182140319923
828.3434984506589
814.63395955326996
488.51729688228085
0
0
0
828.64772101491928
814.93796873999031
0
0
0
778.37340273132304
776.05193457571511
0
0
4978.038511210355
4928.3231412529458
0
0
778.38526874404374
776.02412962013602
0
0
0
842.80324984112337
826.91226761851021
0
0
0
554.07031360071574
843.32358409850337
826.77105530200799
514.7296101528857
0
0
0
778.35289569605334
4974.2139376741243
778.30086157022072
0
0
0
0
0
0
0
0
0
0
0
0
0
0
779.84714504936994
4982.503146842042
779.72244813590521
0
0
0
443.45431328040235
799.6848695487339
809.63844352419596
471.18485836321804
0
0
0
799.87351961337652
810.20750808769844
0
0
0
780.1309396273906
769.0922717076611
0
0
4986.6950012968246
4878.7595608415686
0
0
780.27070330545803
769.0889403344828
0
0
0
818.93041637245778
818.54561933664422
0
0
0
487.45281621538089
819.13058806481706
818.64423748150534
490.52695303462315
0
0
0
777.58068553736246
4954.2624739764442
777.60003158567213
0
0
0
0
0
0
0
0
0
0
0
0
0
0
786.18837896953471
5030.0934965409142
786.21163460164155
0
0
0
400.31937954127289
779.88167055934912
782.34536469730574
403.94854480230072
0
0
0
780.03960214884705
782.98385658022187
0
0
0
783.94103926541118
771.10325730249099
0
0
5009.5586263103924
4890.9704123360652
0
0
783.99507444065739
771.06160232071579
0
0
0
795.08282192307672
793.20108487718755
0
0
0
434.08420784286642
795.49229278265011
793.49751530249364
430.31716492796551
0
0
0
781.9071994382216
4973.8956600901411
781.85503288277141
0
0
0
0
0
0
0
0
0
0
0
0
0
0
788.64960042854227
5051.0039871596509
788.64015765751901
0
0
0
394.07293352311257
776.13199335900481
773.29568148973965
388.2709723873628
0
0
0
776.32783897178126
773.9849155674807
0
0
0
782.60005652712539
773.17384389383494
0
0
4996.7153829326789
4912.5964053292082
0
0
782.52422534733398
773.09030059721556
0
0
0
794.32698634952817
776.81048275065802
0
0
0
439.79409824034576
794.94674142026065
777.1192354677014
394.57778220491736
0
0
0
781.53316988423308
4979.5870341398459
781.52987973292829
0
0
0
0
0
0
0
0
0
0
0
0
0
0
784.65550732844179
5020.5805909304891
784.682487327996
0
0
0
385.09866953297774
771.52471999754857
771.11162635723235
381.9579576638414
0
0
0
771.74263764215107
771.66863591282402
0
0
0
771.2751280208106
766.28926293047152
0
0
4924.4112225884373
4877.458682143073
0
0
771.32481543459198
766.29534281434792
0
0
0
780.54179871580106
768.06477371792664
0
0
0
398.96128998605167
781.22741652191235
768.29588508718723
376.93465165623104
0
0
0
777.08011077126537
4949.1333443663962
777.01315471709484
0
0
0
0
0
0
0
0
0
0
0
0
0
0
772.19026016559178
4925.9281313302372
772.19785544001854
0
0
0
334.91536329616991
751.67870507436544
773.02124506359883
385.91244210274925
0
0
0
751.86335127130712
773.42021286464831
0
0
0
756.08475677403919
747.60345355269089
0
0
4813.5286544420442
4755.9393936063698
0
0
756.0720051070781
747.60435682943262
0
0
0
790.24703253728626
752.94207926389299
0
0
0
426.56878045162944
791.20445736499664
753.36703874394971
335.85158016484803
0
0
0
760.05508001311364
4837.0206334957529
760.0034337203515
0
0
0
0
0
0
0
0
0
0
0
0
0
0
751.07727911443396
4765.4778825409021
750.98867220255443
0
0
0
306.91943718190578
737.80166805250542
781.93521803666033
414.34036767778417
0
0
0
737.92476726730433
782.20048378146566
0
0
0
734.72556102806789
734.45405794805436
0
0
4655.4842597112711
4633.6735725036606
0
0
734.31701381217613
734.48449917576545
0
0
0
816.54363212683359
762.69243242570724
0
0
0
501.44977695608327
817.54870405474685
763.21290989644922
369.1056413578039
0
0
0
746.23583116338091
4714.1708339720562
746.45534685085897
0
0
0
0
0
0
0
0
0
0
0
0
0
0
724.26114406088436
4547.6374025125142
724.26198215008674
0
0
0
269.35334121292902
717.85375217816136
746.975356403163
334.99246278503483
0
0
0
717.91498752089672
747.01482514280326
0
0
0
712.21414050682529
717.5693893784736
0
0
4472.2131535855788
4473.9993095252903
0
0
712.21199289622325
717.60091260900504
0
0
0
760.50415165871493
748.42219609889696
0
0
0
361.33414722449652
760.78535769070163
748.68963071381199
343.36895184492465
0
0
0
725.847821341962
4531.1736933447428
725.8609597563119
0
0
0
0
0
0
0
0
0
0
0
0
0
0
675.72957271922689
4186.0158000379661
675.78385609846453
0
0
0
74.163318972012945
641.33930208003528
641.71639470832156
69.868609430495951
0
0
0
641.4328426115668
641.67019512896377
0
0
0
674.55171221249498
670.28534464304846
0
0
4179.3575001929412
4152.0715442605551
0
0
674.7378899727313
670.32327208478944
0
0
0
642.36602018961526
644.49425181959452
0
0
0
71.122258730166195
642.27627245346412
644.61311779315554
75.117236763031215
0
0
0
673.99857537724927
4178.5451621990032
674.09727618404077
0
0
0
0
0
0
0
0
0
0
0
0
0
0
604.75247834163918
3653.384877446385
604.87620828523131
0
0
0
4.570686838915619
605.49520790036627
603.37346865500058
0
0
0
0
605.65278917829858
603.23165406196335
0
0
0
612.94451044755692
607.68503513847895
0
0
3700.0852317385543
3684.4244918441391
0
0
612.98489933356655
607.69368741616233
0
0
0
603.378764704265
603.32740462136542
0
0
0
0
603.18190447424649
603.39797130680438
0
0
0
0
609.26631433163311
3693.9195428377561
609.33537816896956
0
0
0
0
0
0
0
0
0
0
0
0
0
0
468.44845360676049
2756.6460524629711
468.48770971923591
0
0
0
0
602.57017875718589
603.02326344774065
0
0
0
0
602.66134959405088
602.93254112953366
0
0
0
472.21134013097407
477.08716624104943
0
0
2785.3369725440621
2821.0051878032282
0
0
472.25513440775848
477.08710040826787
0
0
0
603.07885919241789
603.03489858082287
0
0
0
0
602.94363836468676
603.05875471621584
0
0
0
0
477.51791124193818
2823.0673840522281
477.51368578674766
0
0
0
0
0
0
0
0
0
0
0
0
0
0
324.71649481077094
1784.8095075679953
324.70912180657785
0
0
0
0
507.33460423697085
511.38373844790095
0
0
0
0
511.99856603362326
519.01187924200406
0
0
0
321.47762829585298
329.41130535733987
0
0
1775.4426198883675
1822.2857841447671
0
0
321.48900833169034
329.41163033079181
0
0
0
516.63786619704626
521.91847719169937
0
0
0
0
519.95358149374681
521.6980851826853
0
0
0
0
329.28913226401983
1821.4709469973304
329.28701432737722
0
0
0
0
0
0
0
0
0
0
0
0
0
0
74.331499763035268
472.99057795962034
74.327288408952668
0
0
0
0
133.02023957104186
134.48135456422116
0
0
0
0
134.80551332351632
137.37665471404895
0
0
0
73.04279318141397
75.031353544202574
0
0
466.18163729705418
479.75589846405148
0
0
73.038624997181486
75.030944323651596
0
0
0
136.46860450848956
138.46951156597203
0
0
0
0
137.73702552166122
138.38422568305245
0
0
0
0
74.980287664373549
479.37325286004426
74.979663589339268
0
0
0
0
0
0
0
0
0
0
0
0
0
0
0
0
0
0
0
0
0
0
0
0
0
0
0
0
0
0
0
0
0
0
0
0
0
0
0
0
0
0
0
0
0
0
0
0
0
0
0
0
0
0
0
0
0
0
0
0
0
0
0
0
0
0
0
0
0
0
0
0
0
0
0
0
0
0
0
0
0
0
0
0
0
0
0
0
0
0
0
0
0
0
0
0
0
0
0
0
0
0
0
0
0
0
0
0
0
0
0
0
0
0
0
0
0
0
0
0
0
0
0
0
0
0
0
0
0
0
0
0
0
0
0
0
0
0
0
0
0
0
0
0
0
0
0
0
0
0
0
0
0
0
0
0
0
0
0
0
0
0
0
0
0
0
0
0
0
0
0
0
0
0
0
0
0
0
0
0
0
0
0
0
0
0
0
SCALARS m float 1
LOOKUP_TABLE default
0.0053334801848911699
0.0053334801848911699
0.0053334801848911699
0.0053334801848911699
0.0053334801848911699
0.0053334801848911699
0.0053334801848911699
0.0053334801848911699
0.0053334801848911699
0.0053334801848911699
0.0053334801848911699
0.0053334801848911699
0.0053334801848911699
0.0053334801848911699
0.0053334801848911699
0.0053334801848911699
0.0053334801848911699
0.0053334801848911699
0.0053334801848911699
0.0053334801848911699
0.0053334801848911699
0.0053334801848911699
0.0053334801848911699
0.0053334801848911699
0.0053334801848911699
0.0053334801848911699
0.0053334801848911699
0.0053334801848911699
0.0053334801848911699
0.0053334801848911699
0.0053334801848911699
0.0053334801848911699
0.0053334801848911699
0.0053334801848911699
0.0053334801848911699
0.0053334801848911699
0.0053334801848911699
0.0053334801848911699
0.0053334801848911699
0.0053334801848911699
0.0053334801848911699
0.0053334801848911699
0.0053334801848911699
0.0053334801848911699
0.0053334801848911699
0.0053334801848911699
0.0053334801848911699
0.0053334801848911699
0.0053334801848911699
0.0053334801848911699
0.0053334801848911699
0.0053334801848911699
0.0053334801848911699
0.0053334801848911699
0.0053334801848911699
0.0053334801848911699
0.0053334801848911699
0.0053334801848911699
0.0053334801848911699
0.0053334801848911699
0.0053334801848911699
0.0053334801848911699
0.0053334801848911699
0.0053334801848911699
0.0053334801848911699
0.0053334801848911699
0.0053334801848911699
0.0053334801848911699
0.0053334801848911699
0.0053334801848911699
0.0053334801848911699
0.0053334801848911699
0.0053334801848911699
0.0053334801848911699
0.0053334801848911699
0.0053334801848911699
0.0053334801848911699
0.0053334801848911699
0.0053334801848911699
0.0053334801848911699
0.0053334801848911699
0.0053334801848911699
0.0053334801848911699
0.0053334801848911699
0.0053334801848911699
0.0053334801848911699
0.0053334801848911699
0.0053334801848911699
0.0053334801848911699
0.0053334801848911699
0.0053334801848911699
0.0053334801848911699
0.0053334801848911699
0.0053334801848911699
0.0053334801848911699
0.0053334801848911699
0.0053334801848911699
0.0053334801848911699
0.0053334801848911699
0.0053334801848911699
0.0053334801848911699
0.0053334801848911699
0.0053334801848911699
0.0053334801848911699
0.0053334801848911699
0.0053334801848911699
0.0053334801848911699
0.0053334801848911699
0.0053334801848911699
0.0053334801848911699
0.0053334801848911699
0.0053334801848911699
0.0053334801848911699
0.0053334801848911699
0.0053334801848911699
0.0053334801848911699
0.0053334801848911699
0.0053334801848911699
0.0053334801848911699
0.0053334801848911699
0.0053334801848911699
0.0053334801848911699
0.0053334801848911699
0.0053334801848911699
0.0053334801848911699
0.0053334801848911699
0.0053334801848911699
0.0053334801848911699
0.0053334801848911699
0.0053334801848911699
0.0053334801848911699
0.0053334801848911699
0.0053334801848911699
0.0053334801848911699
0.0053334801848911699
0.0053334801848911699
0.0053334801848911699
0.0053334801848911699
0.0053334801848911699
0.0053334801848911699
0.0053334801848911699
0.0053334801848911699
0.0053334801848911699
0.0053334801848911699
0.0053334801848911699
0.0053334801848911699
0.0053334801848911699
0.0053334801848911699
0.0053334801848911699
0.0053334801848911699
0.0053334801848911699
0.0053334801848911699
0.0053334801848911699
0.0053334801848911699
0.0053334801848911699
0.0053334801848911699
0.0053334801848911699
0.0053334801848911699
0.0053334801848911699
0.0053334801848911699
0.0053334801848911699
0.0053334801848911699
0.0053334801848911699
0.0053334801848911699
0.0053334801848911699
0.0053334801848911699
0.0053334801848911699
0.0053334801848911699
0.0053334801848911699
0.0053334801848911699
0.0053334801848911699
0.0053334801848911699
0.0053334801848911699
0.0053334801848911699
0.0053334801848911699
0.0053334801848911699
0.0053334801848911699
0.0053334801848911699
0.0053334801848911699
0.0053334801848911699
0.0053334801848911699
0.0053334801848911699
0.0053334801848911699
0.0053334801848911699
0.0053334801848911699
0.0053334801848911699
0.0053334801848911699
0.0053334801848911699
0.0053334801848911699
0.0053334801848911699
0.0053334801848911699
0.0053334801848911699
0.0053334801848911699
0.0053334801848911699
0.0053334801848911699
0.0053334801848911699
0.0053334801848911699
0.0053334801848911699
0.0053334801848911699
0.0053334801848911699
0.0053334801848911699
0.0053334801848911699
0.0053334801848911699
0.0053334801848911699
0.0053334801848911699
0.0053334801848911699
0.0053334801848911699
0.0053334801848911699
0.0053334801848911699
0.0053334801848911699
0.0053334801848911699
0.0053334801848911699
0.0053334801848911699
0.0053334801848911699
0.0053334801848911699
0.0053334801848911699
0.0053334801848911699
0.0053334801848911699
0.0053334801848911699
0.0053334801848911699
0.0053334801848911699
0.0053334801848911699
0.0053334801848911699
0.0053334801848911699
0.0053334801848911699
0.0053334801848911699
0.0053334801848911699
0.0053334801848911699
0.0053334801848911699
0.0053334801848911699
0.0053334801848911699
0.0053334801848911699
0.0053334801848911699
0.0053334801848911699
0.0053334801848911699
0.0053334801848911699
0.0053334801848911699
0.0053334801848911699
0.0053334801848911699
0.0053334801848911699
0.0053334801848911699
0.0053334801848911699
0.0053334801848911699
0.0053334801848911699
0.0053334801848911699
0.0053334801848911699
0.0053334801848911699
0.0053334801848911699
0.0053334801848911699
0.0053334801848911699
0.0053334801848911699
0.0053334801848911699
0.0053334801848911699
0.0053334801848911699
0.0053334801848911699
0.0053334801848911699
0.0053334801848911699
0.0053334801848911699
0.0053334801848911699
0.0053334801848911699
0.0053334801848911699
0.0053334801848911699
0.0053334801848911699
0.0053334801848911699
0.0053334801848911699
0.0053334801848911699
0.0053334801848911699
0.0053334801848911699
0.0053334801848911699
0.0053334801848911699
0.0053334801848911699
0.0053334801848911699
0.0053334801848911699
0.0053334801848911699
0.0053334801848911699
0.0053334801848911699
0.0053334801848911699
0.0053334801848911699
0.0053334801848911699
0.0053334801848911699
0.0053334801848911699
0.0053334801848911699
0.0053334801848911699
0.0053334801848911699
0.0053334801848911699
0.0053334801848911699
0.0053334801848911699
0.0053334801848911699
0.0053334801848911699
0.0053334801848911699
0.0053334801848911699
0.0053334801848911699
0.0053334801848911699
0.0053334801848911699
0.0053334801848911699
0.0053334801848911699
0.0053334801848911699
0.0053334801848911699
0.0053334801848911699
0.0053334801848911699
0.0053334801848911699
0.0053334801848911699
0.0053334801848911699
0.0053334801848911699
0.0053334801848911699
0.0053334801848911699
0.0053334801848911699
0.0053334801848911699
0.0053334801848911699
0.0053334801848911699
0.0053334801848911699
0.0053334801848911699
0.0053334801848911699
0.0053334801848911699
0.0053334801848911699
0.0053334801848911699
0.0053334801848911699
0.0053334801848911699
0.0053334801848911699
0.0053334801848911699
0.0053334801848911699
0.0053334801848911699
0.0053334801848911699
0.0053334801848911699
0.0053334801848911699
0.0053334801848911699
0.0053334801848911699
0.0053334801848911699
0.0053334801848911699
0.0053334801848911699
0.0053334801848911699
0.0053334801848911699
0.0053334801848911699
0.0053334801848911699
0.0053334801848911699
0.0053334801848911699
0.0053334801848911699
0.0053334801848911699
0.0053334801848911699
0.0053334801848911699
0.0053334801848911699
0.0053334801848911699
0.0053334801848911699
0.0053334801848911699
0.0053334801848911699
0.0053334801848911699
0.0053334801848911699
0.0053334801848911699
0.0053334801848911699
0.0053334801848911699
0.0053334801848911699
0.0053334801848911699
0.0053334801848911699
0.0053334801848911699
0.0053334801848911699
0.0053334801848911699
0.0053334801848911699
0.0053334801848911699
0.0053334801848911699
0.0053334801848911699
0.0053334801848911699
0.0053334801848911699
0.0053334801848911699
0.0053334801848911699
0.0053334801848911699
0.0053334801848911699
0.0053334801848911699
0.0053334801848911699
0.0053334801848911699
0.0053334801848911699
0.0053334801848911699
0.0053334801848911699
0.0053334801848911699
0.0053334801848911699
0.0053334801848911699
0.0053334801848911699
0.0053334801848911699
0.0053334801848911699
0.0053334801848911699
0.0053334801848911699
0.0053334801848911699
0.0053334801848911699
0.0053334801848911699
0.0053334801848911699
0.0053334801848911699
0.0053334801848911699
0.0053334801848911699
0.0053334801848911699
0.0053334801848911699
0.0053334801848911699
0.0053334801848911699
0.0053334801848911699
0.0053334801848911699
0.0053334801848911699
0.0053334801848911699
0.0053334801848911699
0.0053334801848911699
0.0053334801848911699
0.0053334801848911699
0.0053334801848911699
0.0053334801848911699
0.0053334801848911699
0.0053334801848911699
0.0053334801848911699
0.0053334801848911699
0.0053334801848911699
0.0053334801848911699
0.0053334801848911699
0.0053334801848911699
0.0053334801848911699
0.0053334801848911699
0.0053334801848911699
0.0053334801848911699
0.0053334801848911699
0.0053334801848911699
0.0053334801848911699
0.0053334801848911699
0.0053334801848911699
0.0053334801848911699
0.0053334801848911699
0.0053334801848911699
0.0053334801848911699
0.0053334801848911699
0.0053334801848911699
0.0053334801848911699
0.0053334801848911699
0.0053334801848911699
0.0053334801848911699
0.0053334801848911699
0.0053334801848911699
0.0053334801848911699
0.0053334801848911699
0.0053334801848911699
0.0053334801848911699
0.0053334801848911699
0.0053334801848911699
0.0053334801848911699
0.0053334801848911699
0.0053334801848911699
0.0053334801848911699
0.0053334801848911699
0.0053334801848911699
0.0053334801848911699
0.0053334801848911699
0.0053334801848911699
0.0053334801848911699
0.0053334801848911699
0.0053334801848911699
0.0053334801848911699
0.0053334801848911699
0.0053334801848911699
0.0053334801848911699
0.0053334801848911699
0.0053334801848911699
0.0053334801848911699
0.0053334801848911699
0.0053334801848911699
0.0053334801848911699
0.0053334801848911699
0.0053334801848911699
0.0053334801848911699
0.0053334801848911699
0.0053334801848911699
0.0053334801848911699
0.0053334801848911699
0.0053334801848911699
0.0053334801848911699
0.0053334801848911699
0.0053334801848911699
0.0053334801848911699
0.0053334801848911699
0.0053334801848911699
0.0053334801848911699
0.0053334801848911699
0.0053334801848911699
0.0053334801848911699
0.0053334801848911699
0.0053334801848911699
0.0053334801848911699
0.0053334801848911699
0.0053334801848911699
0.0053334801848911699
0.0053334801848911699
0.0053334801848911699
0.0053334801848911699
0.0053334801848911699
0.0053334801848911699
0.0053334801848911699
0.0053334801848911699
0.0053334801848911699
0.0053334801848911699
0.0053334801848911699
0.0053334801848911699
0.0053334801848911699
0.0053334801848911699
0.0053334801848911699
0.0053334801848911699
0.0053334801848911699
0.0053334801848911699
0.0053334801848911699
0.0053334801848911699
0.0053334801848911699
0.0053334801848911699
0.0053334801848911699
0.0053334801848911699
0.0053334801848911699
0.0053334801848911699
0.0053334801848911699
0.0053334801848911699
0.0053334801848911699
0.0053334801848911699
0.0053334801848911699
0.0053334801848911699
0.0053334801848911699
0.0053334801848911699
0.0053334801848911699
0.0053334801848911699
0.0053334801848911699
0.0053334801848911699
0.0053334801848911699
0.0053334801848911699
0.0053334801848911699
0.0053334801848911699
0.0053334801848911699
0.0053334801848911699
0.0053334801848911699
0.0053334801848911699
0.0053334801848911699
0.0053334801848911699
0.0053334801848911699
0.0053334801848911699
0.0053334801848911699
0.0053334801848911699
0.0053334801848911699
0.0053334801848911699
0.0053334801848911699
0.0053334801848911699
0.0053334801848911699
0.0053334801848911699
0.0053334801848911699
0.0053334801848911699
0.0053334801848911699
0.0053334801848911699
0.0053334801848911699
0.0053334801848911699
0.0053334801848911699
0.0053334801848911699
0.0053334801848911699
0.0053334801848911699
0.0053334801848911699
0.0053334801848911699
0.0053334801848911699
0.0053334801848911699
0.0053334801848911699
0.0053334801848911699
0.0053334801848911699
0.0053334801848911699
0.0053334801848911699
0.0053334801848911699
0.0053334801848911699
0.0053334801848911699
0.0053334801848911699
0.0053334801848911699
0.0053334801848911699
0.0053334801848911699
0.0053334801848911699
0.0053334801848911699
0.0053334801848911699
0.0053334801848911699
0.0053334801848911699
0.0053334801848911699
0.0053334801848911699
0.0053334801848911699
0.0053334801848911699
0.0053334801848911699
0.0053334801848911699
0.0053334801848911699
0.0053334801848911699
0.0053334801848911699
0.0053334801848911699
0.0053334801848911699
0.0053334801848911699
0.0053334801848911699
0.0053334801848911699
0.0053334801848911699
0.0053334801848911699
0.0053334801848911699
0.0053334801848911699
0.0053334801848911699
0.0053334801848911699
0.0053334801848911699
0.0053334801848911699
0.0053334801848911699
0.0053334801848911699
0.0053334801848911699
0.0053334801848911699
0.0053334801848911699
0.0053334801848911699
0.0053334801848911699
0.0053334801848911699
0.0053334801848911699
0.0053334801848911699
0.0053334801848911699
0.0053334801848911699
0.0053334801848911699
0.0053334801848911699
0.0053334801848911699
0.0053334801848911699
0.0053334801848911699
0.0053334801848911699
0.0053334801848911699
0.0053334801848911699
0.0053334801848911699
0.0053334801848911699
0.0053334801848911699
0.0053334801848911699
0.0053334801848911699
0.0053334801848911699
0.0053334801848911699
0.0053334801848911699
0.0053334801848911699
0.0053334801848911699
0.0053334801848911699
0.0053334801848911699
0.0053334801848911699
0.0053334801848911699
0.0053334801848911699
0.0053334801848911699
0.0053334801848911699
0.0053334801848911699
0.0053334801848911699
0.0053334801848911699
0.0053334801848911699
0.0053334801848911699
0.0053334801848911699
0.0053334801848911699
0.0053334801848911699
0.0053334801848911699
0.0053334801848911699
0.0053334801848911699
0.0053334801848911699
0.0053334801848911699
0.0053334801848911699
0.0053334801848911699
0.0053334801848911699
0.0053334801848911699
0.0053334801848911699
0.0053334801848911699
0.0053334801848911699
0.0053334801848911699
0.0053334801848911699
0.0053334801848911699
0.0053334801848911699
0.0053334801848911699
0.0053334801848911699
0.0053334801848911699
0.0053334801848911699
0.0053334801848911699
0.0053334801848911699
0.0053334801848911699
0.0053334801848911699
0.0053334801848911699
0.0053334801848911699
0.0053334801848911699
0.0053334801848911699
0.0053334801848911699
0.0053334801848911699
0.0053334801848911699
0.0053334801848911699
0.0053334801848911699
0.0053334801848911699
0.0053334801848911699
0.0053334801848911699
0.0053334801848911699
0.0053334801848911699
0.0053334801848911699
0.0053334801848911699
0.0053334801848911699
0.0053334801848911699
0.0053334801848911699
0.0053334801848911699
0.0053334801848911699
0.0053334801848911699
0.0053334801848911699
0.0053334801848911699
0.0053334801848911699
0.0053334801848911699
0.0053334801848911699
0.0053334801848911699
0.0053334801848911699
0.0053334801848911699
0.0053334801848911699
0.0053334801848911699
0.0053334801848911699
0.0053334801848911699
0.0053334801848911699
0.0053334801848911699
0.0053334801848911699
0.0053334801848911699
0.0053334801848911699
0.0053334801848911699
0.0053334801848911699
0.0053334801848911699
0.0053334801848911699
0.0053334801848911699
0.0053334801848911699
0.0053334801848911699
0.0053334801848911699
0.0053334801848911699
0.0053334801848911699
0.0053334801848911699
0.0053334801848911699
0.0053334801848911699
0.0053334801848911699
0.0053334801848911699
0.0053334801848911699
0.0053334801848911699
0.0053334801848911699
0.0053334801848911699
0.0053334801848911699
0.0053334801848911699
0.0053334801848911699
0.0053334801848911699
0.0053334801848911699
0.0053334801848911699
0.0053334801848911699
0.0053334801848911699
0.0053334801848911699
0.0053334801848911699
0.0053334801848911699
0.0053334801848911699
0.0053334801848911699
0.0053334801848911699
0.0053334801848911699
0.0053334801848911699
0.0053334801848911699
0.0053334801848911699
0.0053334801848911699
0.0053334801848911699
0.0053334801848911699
0.0053334801848911699
0.0053334801848911699
0.0053334801848911699
0.0053334801848911699
0.0053334801848911699
0.0053334801848911699
0.0053334801848911699
0.0053334801848911699
0.0053334801848911699
0.0053334801848911699
0.0053334801848911699
0.0053334801848911699
0.0053334801848911699
0.0053334801848911699
0.0053334801848911699
0.0053334801848911699
0.0053334801848911699
0.0053334801848911699
0.0053334801848911699
0.0053334801848911699
0.0053334801848911699
0.0053334801848911699
0.0053334801848911699
0.0053334801848911699
0.0053334801848911699
0.0053334801848911699
0.0053334801848911699
0.0053334801848911699
0.0053334801848911699
0.0053334801848911699
0.0053334801848911699
0.0053334801848911699
0.0053334801848911699
0.0053334801848911699
0.0053334801848911699
0.0053334801848911699
0.0053334801848911699
0.0053334801848911699
0.0053334801848911699
0.0053334801848911699
0.0053334801848911699
0.0053334801848911699
0.0053334801848911699
0.0053334801848911699
0.0053334801848911699
0.0053334801848911699
0.0053334801848911699
0.0053334801848911699
0.0053334801848911699
0.0053334801848911699
0.0053334801848911699
0.0053334801848911699
0.0053334801848911699
0.0053334801848911699
0.0053334801848911699
0.0053334801848911699
0.0053334801848911699
0.0053334801848911699
0.0053334801848911699
0.0053334801848911699
0.0053334801848911699
0.0053334801848911699
0.0053334801848911699
0.0053334801848911699
0.0053334801848911699
0.0053334801848911699
0.0053334801848911699
0.0053334801848911699
0.0053334801848911699
0.0053334801848911699
0.0053334801848911699
0.0053334801848911699
0.0053334801848911699
0.0053334801848911699
0.0053334801848911699
0.0053334801848911699
0.0053334801848911699
0.0053334801848911699
0.0053334801848911699
0.0053334801848911699
0.0053334801848911699
0.0053334801848911699
0.0053334801848911699
0.0053334801848911699
0.0053334801848911699
0.0053334801848911699
0.0053334801848911699
0.0053334801848911699
0.0053334801848911699
0.0053334801848911699
0.0053334801848911699
0.0053334801848911699
0.0053334801848911699
0.0053334801848911699
0.0053334801848911699
0.0053334801848911699
0.0053334801848911699
0.0053334801848911699
0.0053334801848911699
0.0053334801848911699
0.0053334801848911699
0.0053334801848911699
0.0053334801848911699
0.0053334801848911699
0.0053334801848911699
0.0053334801848911699
0.0053334801848911699
0.0053334801848911699
0.0053334801848911699
0.0053334801848911699
0.0053334801848911699
0.0053334801848911699
0.0053334801848911699
0.0053334801848911699
0.0053334801848911699
0.0053334801848911699
0.0053334801848911699
0.0053334801848911699
0.0053334801848911699
0.0053334801848911699
0.0053334801848911699
0.0053334801848911699
0.0053334801848911699
0.0053334801848911699
0.0053334801848911699
0.0053334801848911699
0.0053334801848911699
0.0053334801848911699
0.0053334801848911699
0.0053334801848911699
0.0053334801848911699
0.0053334801848911699
0.0053334801848911699
0.0053334801848911699
0.0053334801848911699
0.0053334801848911699
0.0053334801848911699
0.0053334801848911699
0.0053334801848911699
0.0053334801848911699
0.0053334801848911699
0.0053334801848911699
0.0053334801848911699
0.0053334801848911699
0.0053334801848911699
0.0053334801848911699
0.0053334801848911699
0.0053334801848911699
0.0053334801848911699
0.0053334801848911699
0.0053334801848911699
0.0053334801848911699
0.0053334801848911699
0.0053334801848911699
0.0053334801848911699
0.0053334801848911699
0.0053334801848911699
0.0053334801848911699
0.0053334801848911699
0.0053334801848911699
0.0053334801848911699
0.0053334801848911699
0.0053334801848911699
0.0053334801848911699
0.0053334801848911699
0.0053334801848911699
0.0053334801848911699
0.0053334801848911699
0.0053334801848911699
0.0053334801848911699
0.0053334801848911699
0.0053334801848911699
0.0053334801848911699
0.0053334801848911699
0.0053334801848911699
0.0053334801848911699
0.0053334801848911699
0.0053334801848911699
0.0053334801848911699
0.0053334801848911699
0.0053334801848911699
0.0053334801848911699
0.0053334801848911699
0.0053334801848911699
0.0053334801848911699
0.0053334801848911699
0.0053334801848911699
0.0053334801848911699
0.0053334801848911699
0.0053334801848911699
0.0053334801848911699
0.0053334801848911699
0.0053334801848911699
0.0053334801848911699
0.0053334801848911699
0.0053334801848911699
0.0053334801848911699
0.0053334801848911699
0.0053334801848911699
0.0053334801848911699
0.0053334801848911699
0.0053334801848911699
0.0053334801848911699
0.0053334801848911699
0.0053334801848911699
0.0053334801848911699
0.0053334801848911699
0.0053334801848911699
0.0053334801848911699
0.0053334801848911699
0.0053334801848911699
0.0053334801848911699
0.0053334801848911699
0.0053334801848911699
0.0053334801848911699
0.0053334801848911699
0.0053334801848911699
0.0053334801848911699
0.0053334801848911699
0.0053334801848911699
0.0053334801848911699
0.0053334801848911699
0.0053334801848911699
0.0053334801848911699
0.0053334801848911699
0.0053334801848911699
0.0053334801848911699
0.0053334801848911699
0.0053334801848911699
0.0053334801848911699
0.0053334801848911699
0.0053334801848911699
0.0053334801848911699
0.0053334801848911699
0.0053334801848911699
0.0053334801848911699
0.0053334801848911699
0.0053334801848911699
0.0053334801848911699
0.0053334801848911699
0.0053334801848911699
0.0053334801848911699
0.0053334801848911699
0.0053334801848911699
0.0053334801848911699
0.0053334801848911699
0.0053334801848911699
0.0053334801848911699
0.0053334801848911699
0.0053334801848911699
0.0053334801848911699
0.0053334801848911699
0.0053334801848911699
0.0053334801848911699
0.0053334801848911699
0.0053334801848911699
0.0053334801848911699
0.0053334801848911699
0.0053334801848911699
0.0053334801848911699
0.0053334801848911699
0.0053334801848911699
0.0053334801848911699
0.0053334801848911699
0.0053334801848911699
0.0053334801848911699
0.0053334801848911699
0.0053334801848911699
0.0053334801848911699
0.0053334801848911699
0.0053334801848911699
0.0053334801848911699
0.0053334801848911699
0.0053334801848911699
0.0053334801848911699
0.0053334801848911699
0.0053334801848911699
0.0053334801848911699
0.0053334801848911699
0.0053334801848911699
0.0053334801848911699
0.0053334801848911699
0.0053334801848911699
0.0053334801848911699
0.0053334801848911699
0.0053334801848911699
0.0053334801848911699
0.0053334801848911699
0.0053334801848911699
0.0053334801848911699
0.0053334801848911699
0.0053334801848911699
0.0053334801848911699
0.0053334801848911699
0.0053334801848911699
0.0053334801848911699
0.0053334801848911699
0.0053334801848911699
0.0053334801848911699
0.0053334801848911699
0.0053334801848911699
0.0053334801848911699
0.0053334801848911699
0.0053334801848911699
0.0053334801848911699
0.0053334801848911699
0.0053334801848911699
0.0053334801848911699
0.0053334801848911699
0.0053334801848911699
0.0053334801848911699
0.0053334801848911699
0.0053334801848911699
0.0053334801848911699
0.0053334801848911699
0.0053334801848911699
0.0053334801848911699
0.0053334801848911699
0.0053334801848911699
0.0053334801848911699
0.0053334801848911699
0.0053334801848911699
0.0053334801848911699
0.0053334801848911699
0.0053334801848911699
0.0053334801848911699
0.0053334801848911699
0.0053334801848911699
0.0053334801848911699
0.0053334801848911699
0.0053334801848911699
0.0053334801848911699
0.0053334801848911699
0.0053334801848911699
0.0053334801848911699
0.0053334801848911699
0.0053334801848911699
0.0053334801848911699
0.0053334801848911699
0.0053334801848911699
0.0053334801848911699
0.0053334801848911699
0.0053334801848911699
0.0053334801848911699
0.0053334801848911699
0.0053334801848911699
0.0053334801848911699
0.0053334801848911699
0.0053334801848911699
0.0053334801848911699
0.0053334801848911699
0.0053334801848911699
0.0053334801848911699
0.0053334801848911699
0.0053334801848911699
0.0053334801848911699
0.0053334801848911699
0.0053334801848911699
0.0053334801848911699
0.0053334801848911699
0.0053334801848911699
0.0053334801848911699
0.0053334801848911699
0.0053334801848911699
0.0053334801848911699
0.0053334801848911699
0.0053334801848911699
0.0053334801848911699
0.0053334801848911699
0.0053334801848911699
0.0053334801848911699
0.0053334801848911699
0.0053334801848911699
0.0053334801848911699
0.0053334801848911699
0.0053334801848911699
0.0053334801848911699
0.0053334801848911699
0.0053334801848911699
0.0053334801848911699
0.0053334801848911699
0.0053334801848911699
0.0053334801848911699
0.0053334801848911699
0.0053334801848911699
0.0053334801848911699
0.0053334801848911699
0.0053334801848911699
0.0053334801848911699
0.0053334801848911699
0.0053334801848911699
0.0053334801848911699
0.0053334801848911699
0.0053334801848911699
0.0053334801848911699
0.0053334801848911699
0.0053334801848911699
0.0053334801848911699
0.0053334801848911699
0.0053334801848911699
0.0053334801848911699
0.0053334801848911699
0.0053334801848911699
0.0053334801848911699
0.0053334801848911699
0.0053334801848911699
0.0053334801848911699
0.0053334801848911699
0.0053334801848911699
0.0053334801848911699
0.0053334801848911699
0.0053334801848911699
0.0053334801848911699
0.0053334801848911699
0.0053334801848911699
0.0053334801848911699
0.0053334801848911699
0.0053334801848911699
0.0053334801848911699
0.0053334801848911699
0.0053334801848911699
0.0053334801848911699
0.0053334801848911699
0.0053334801848911699
0.0053334801848911699
0.0053334801848911699
0.0053334801848911699
0.0053334801848911699
0.0053334801848911699
0.0053334801848911699
0.0053334801848911699
0.0053334801848911699
0.0053334801848911699
0.0053334801848911699
0.0053334801848911699
0.0053334801848911699
0.0053334801848911699
0.0053334801848911699
0.0053334801848911699
0.0053334801848911699
0.0053334801848911699
0.0053334801848911699
0.0053334801848911699
0.0053334801848911699
0.0053334801848911699
0.0053334801848911699
0.0053334801848911699
0.0053334801848911699
0.0053334801848911699
0.0053334801848911699
0.0053334801848911699
0.0053334801848911699
0.0053334801848911699
0.0053334801848911699
0.0053334801848911699
0.0053334801848911699
0.0053334801848911699
0.0053334801848911699
0.0053334801848911699
0.0053334801848911699
0.0053334801848911699
0.0053334801848911699
0.0053334801848911699
0.0053334801848911699
0.0053334801848911699
0.0053334801848911699
0.0053334801848911699
0.0053334801848911699
0.0053334801848911699
0.0053334801848911699
0.0053334801848911699
0.0053334801848911699
0.0053334801848911699
0.0053334801848911699
0.0053334801848911699
0.0053334801848911699
0.0053334801848911699
0.0053334801848911699
0.0053334801848911699
0.0053334801848911699
0.0053334801848911699
0.0053334801848911699
0.0053334801848911699
0.0053334801848911699
0.0053334801848911699
0.0053334801848911699
0.0053334801848911699
0.0053334801848911699
0.0053334801848911699
0.0053334801848911699
0.0053334801848911699
0.0053334801848911699
0.0053334801848911699
0.0053334801848911699
0.0053334801848911699
0.0053334801848911699
0.0053334801848911699
0.0053334801848911699
0.0053334801848911699
0.0053334801848911699
0.0053334801848911699
0.0053334801848911699
0.0053334801848911699
0.0053334801848911699
0.0053334801848911699
0.0053334801848911699
0.0053334801848911699
0.0053334801848911699
0.0053334801848911699
0.0053334801848911699
0.0053334801848911699
0.0053334801848911699
0.0053334801848911699
0.0053334801848911699
0.0053334801848911699
0.0053334801848911699
0.0053334801848911699
0.0053334801848911699
0.0053334801848911699
0.0053334801848911699
0.0053334801848911699
0.0053334801848911699
0.0053334801848911699
0.0053334801848911699
0.0053334801848911699
0.0053334801848911699
0.0053334801848911699
0.0053334801848911699
0.0053334801848911699
0.0053334801848911699
0.0053334801848911699
0.0053334801848911699
0.0053334801848911699
0.0053334801848911699
0.0053334801848911699
0.0053334801848911699
0.0053334801848911699
0.0053334801848911699
0.0053334801848911699
0.0053334801848911699
0.0053334801848911699
0.0053334801848911699
0.0053334801848911699
0.0053334801848911699
0.0053334801848911699
0.0053334801848911699
0.0053334801848911699
0.0053334801848911699
0.0053334801848911699
0.0053334801848911699
0.0053334801848911699
0.0053334801848911699
0.0053334801848911699
0.0053334801848911699
0.0053334801848911699
0.0053334801848911699
0.0053334801848911699
0.0053334801848911699
0.0053334801848911699
0.0053334801848911699
0.0053334801848911699
0.0053334801848911699
0.0053334801848911699
0.0053334801848911699
0.0053334801848911699
0.0053334801848911699
0.0053334801848911699
0.0053334801848911699
0.0053334801848911699
0.0053334801848911699
0.0053334801848911699
0.0053334801848911699
0.0053334801848911699
0.0053334801848911699
0.0053334801848911699
0.0053334801848911699
0.0053334801848911699
0.0053334801848911699
0.0053334801848911699
0.0053334801848911699
0.0053334801848911699
0.0053334801848911699
0.0053334801848911699
0.0053334801848911699
0.0053334801848911699
0.0053334801848911699
0.0053334801848911699
0.0053334801848911699
0.0053334801848911699
0.0053334801848911699
0.0053334801848911699
0.0053334801848911699
0.0053334801848911699
0.0053334801848911699
0.0053334801848911699
0.0053334801848911699
0.0053334801848911699
0.0053334801848911699
0.0053334801848911699
0.0053334801848911699
0.0053334801848911699
0.0053334801848911699
0.0053334801848911699
0.0053334801848911699
0.0053334801848911699
0.0053334801848911699
0.0053334801848911699
0.0053334801848911699
0.0053334801848911699
0.0053334801848911699
0.0053334801848911699
0.0053334801848911699
0.0053334801848911699
0.0053334801848911699
0.0053334801848911699
0.0053334801848911699
0.0053334801848911699
0.0053334801848911699
0.0053334801848911699
0.0053334801848911699
0.0053334801848911699
0.0053334801848911699
0.0053334801848911699
0.0053334801848911699
0.0053334801848911699
0.0053334801848911699
0.0053334801848911699
0.0053334801848911699
0.0053334801848911699
0.0053334801848911699
0.0053334801848911699
0.0053334801848911699
0.0053334801848911699
0.0053334801848911699
0.0053334801848911699
0.0053334801848911699
0.0053334801848911699
0.0053334801848911699
0.0053334801848911699
0.0053334801848911699
0.0053334801848911699
0.0053334801848911699
0.0053334801848911699
0.0053334801848911699
0.0053334801848911699
0.0053334801848911699
0.0053334801848911699
0.0053334801848911699
0.0053334801848911699
0.0053334801848911699
0.0053334801848911699
0.0053334801848911699
0.0053334801848911699
0.0053334801848911699
0.0053334801848911699
0.0053334801848911699
0.0053334801848911699
0.0053334801848911699
0.0053334801848911699
0.0053334801848911699
0.0053334801848911699
0.0053334801848911699
0.0053334801848911699
0.0053334801848911699
0.0053334801848911699
0.0053334801848911699
0.0053334801848911699
0.0053334801848911699
0.0053334801848911699
0.0053334801848911699
0.0053334801848911699
0.0053334801848911699
0.0053334801848911699
0.0053334801848911699
0.0053334801848911699
0.0053334801848911699
0.0053334801848911699
0.0053334801848911699
0.0053334801848911699
0.0053334801848911699
0.0053334801848911699
0.0053334801848911699
0.0053334801848911699
0.0053334801848911699
0.0053334801848911699
0.0053334801848911699
0.0053334801848911699
0.0053334801848911699
0.0053334801848911699
0.0053334801848911699
0.0053334801848911699
0.0053334801848911699
0.0053334801848911699
0.0053334801848911699
0.0053334801848911699
0.0053334801848911699
0.0053334801848911699
0.0053334801848911699
0.0053334801848911699
0.0053334801848911699
0.0053334801848911699
0.0053334801848911699
0.0053334801848911699
0.0053334801848911699
0.0053334801848911699
0.0053334801848911699
0.0053334801848911699
0.0053334801848911699
0.0053334801848911699
0.0053334801848911699
0.0053334801848911699
0.0053334801848911699
0.0053334801848911699
0.0053334801848911699
0.0053334801848911699
0.0053334801848911699
0.0053334801848911699
0.0053334801848911699
0.0053334801848911699
0.0053334801848911699
0.0053334801848911699
0.0053334801848911699
0.0053334801848911699
0.0053334801848911699
0.0053334801848911699
0.0053334801848911699
0.0053334801848911699
0.0053334801848911699
0.0053334801848911699
0.0053334801848911699
0.0053334801848911699
0.0053334801848911699
0.0053334801848911699
0.0053334801848911699
0.0053334801848911699
0.0053334801848911699
0.0053334801848911699
0.0053334801848911699
0.0053334801848911699
0.0053334801848911699
0.0053334801848911699
0.0053334801848911699
0.0053334801848911699
0.0053334801848911699
0.0053334801848911699
0.0053334801848911699
0.0053334801848911699
0.0053334801848911699
0.0053334801848911699
0.0053334801848911699
0.0053334801848911699
0.0053334801848911699
0.0053334801848911699
0.0053334801848911699
0.0053334801848911699
0.0053334801848911699
0.0053334801848911699
0.0053334801848911699
0.0053334801848911699
0.0053334801848911699
0.0053334801848911699
0.0053334801848911699
0.0053334801848911699
0.0053334801848911699
0.0053334801848911699
0.0053334801848911699
0.0053334801848911699
0.0053334801848911699
0.0053334801848911699
0.0053334801848911699
0.0053334801848911699
0.0053334801848911699
0.0053334801848911699
0.0053334801848911699
0.0053334801848911699
0.0053334801848911699
0.0053334801848911699
0.0053334801848911699
0.0053334801848911699
0.0053334801848911699
0.0053334801848911699
0.0053334801848911699
0.0053334801848911699
0.0053334801848911699
0.0053334801848911699
0.0053334801848911699
0.0053334801848911699
0.0053334801848911699
0.0053334801848911699
0.0053334801848911699
0.0053334801848911699
0.0053334801848911699
0.0053334801848911699
0.0053334801848911699
0.0053334801848911699
0.0053334801848911699
0.0053334801848911699
0.0053334801848911699
0.0053334801848911699
0.0053334801848911699
0.0053334801848911699
0.0053334801848911699
0.0053334801848911699
0.0053334801848911699
0.0053334801848911699
0.0053334801848911699
0.0053334801848911699
0.0053334801848911699
0.0053334801848911699
0.0053334801848911699
0.0053334801848911699
0.0053334801848911699
0.0053334801848911699
0.0053334801848911699
0.0053334801848911699
0.0053334801848911699
0.0053334801848911699
0.0053334801848911699
0.0053334801848911699
0.0053334801848911699
0.0053334801848911699
0.0053334801848911699
0.0053334801848911699
0.0053334801848911699
0.0053334801848911699
0.0053334801848911699
0.0053334801848911699
0.0053334801848911699
0.0053334801848911699
0.0053334801848911699
0.0053334801848911699
0.0053334801848911699
0.0053334801848911699
0.0053334801848911699
0.0053334801848911699
0.0053334801848911699
0.0053334801848911699
0.0053334801848911699
0.0053334801848911699
0.0053334801848911699
0.0053334801848911699
0.0053334801848911699
0.0053334801848911699
0.0053334801848911699
0.0053334801848911699
0.0053334801848911699
0.0053334801848911699
0.0053334801848911699
0.0053334801848911699
0.0053334801848911699
0.0053334801848911699
0.0053334801848911699
0.0053334801848911699
0.0053334801848911699
0.0053334801848911699
0.0053334801848911699
0.0053334801848911699
0.0053334801848911699
0.0053334801848911699
0.0053334801848911699
0.0053334801848911699
0.0053334801848911699
0.0053334801848911699
0.0053334801848911699
0.0053334801848911699
0.0053334801848911699
0.0053334801848911699
0.0053334801848911699
0.0053334801848911699
0.0053334801848911699
0.0053334801848911699
0.0053334801848911699
0.0053334801848911699
0.0053334801848911699
0.0053334801848911699
0.0053334801848911699
0.0053334801848911699
0.0053334801848911699
0.0053334801848911699
0.0053334801848911699
0.0053334801848911699
0.0053334801848911699
0.0053334801848911699
0.0053334801848911699
0.0053334801848911699
0.0053334801848911699
0.0053334801848911699
0.0053334801848911699
0.0053334801848911699
0.0053334801848911699
0.0053334801848911699
0.0053334801848911699
0.0053334801848911699
0.0053334801848911699
0.0053334801848911699
0.0053334801848911699
0.0053334801848911699
0.0053334801848911699
0.0053334801848911699
0.0053334801848911699
0.0053334801848911699
0.0053334801848911699
0.0053334801848911699
0.0053334801848911699
0.0053334801848911699
0.0053334801848911699
0.0053334801848911699
0.0053334801848911699
0.0053334801848911699
0.0053334801848911699
0.0053334801848911699
0.0053334801848911699
0.0053334801848911699
0.0053334801848911699
0.0053334801848911699
0.0053334801848911699
0.0053334801848911699
0.0053334801848911699
0.0053334801848911699
0.0053334801848911699
0.0053334801848911699
0.0053334801848911699
0.0053334801848911699
0.0053334801848911699
0.0053334801848911699
0.0053334801848911699
0.0053334801848911699
0.0053334801848911699
0.0053334801848911699
0.0053334801848911699
0.0053334801848911699
0.0053334801848911699
0.0053334801848911699
0.0053334801848911699
0.0053334801848911699
0.0053334801848911699
0.0053334801848911699
0.0053334801848911699
0.0053334801848911699
0.0053334801848911699
0.0053334801848911699
0.0053334801848911699
0.0053334801848911699
0.0053334801848911699
0.0053334801848911699
0.0053334801848911699
0.0053334801848911699
0.0053334801848911699
0.0053334801848911699
0.0053334801848911699
0.0053334801848911699
0.0053334801848911699
0.0053334801848911699
0.0053334801848911699
0.0053334801848911699
0.0053334801848911699
0.0053334801848911699
0.0053334801848911699
0.0053334801848911699
0.0053334801848911699
0.0053334801848911699
0.0053334801848911699
0.0053334801848911699
0.0053334801848911699
0.0053334801848911699
0.0053334801848911699
0.0053334801848911699
0.0053334801848911699
0.0053334801848911699
0.0053334801848911699
0.0053334801848911699
0.0053334801848911699
0.0053334801848911699
0.0053334801848911699
0.0053334801848911699
0.0053334801848911699
0.0053334801848911699
0.0053334801848911699
0.0053334801848911699
0.0053334801848911699
0.0053334801848911699
0.0053334801848911699
0.0053334801848911699
0.0053334801848911699
0.0053334801848911699
0.0053334801848911699
0.0053334801848911699
0.0053334801848911699
0.0053334801848911699
0.0053334801848911699
0.0053334801848911699
0.0053334801848911699
0.0053334801848911699
0.0053334801848911699
0.0053334801848911699
0.0053334801848911699
0.0053334801848911699
0.0053334801848911699
0.0053334801848911699
0.0053334801848911699
0.0053334801848911699
0.0053334801848911699
0.0053334801848911699
0.0053334801848911699
0.0053334801848911699
0.0053334801848911699
0.0053334801848911699
0.0053334801848911699
0.0053334801848911699
0.0053334801848911699
0.0053334801848911699
0.0053334801848911699
0.0053334801848911699
0.0053334801848911699
0.0053334801848911699
0.0053334801848911699
0.0053334801848911699
0.0053334801848911699
0.0053334801848911699
0.0053334801848911699
0.0053334801848911699
0.0053334801848911699
0.0053334801848911699
0.0053334801848911699
0.0053334801848911699
0.0053334801848911699
0.0053334801848911699
0.0053334801848911699
0.0053334801848911699
0.0053334801848911699
0.0053334801848911699
0.0053334801848911699
0.0053334801848911699
0.0053334801848911699
0.0053334801848911699
0.0053334801848911699
0.0053334801848911699
0.0053334801848911699
0.0053334801848911699
0.0053334801848911699
0.0053334801848911699
0.0053334801848911699
0.0053334801848911699
0.0053334801848911699
0.0053334801848911699
0.0053334801848911699
0.0053334801848911699
0.0053334801848911699
0.0053334801848911699
0.0053334801848911699
0.0053334801848911699
0.0053334801848911699
0.0053334801848911699
0.0053334801848911699
0.0053334801848911699
0.0053334801848911699
0.0053334801848911699
0.0053334801848911699
0.0053334801848911699
0.0053334801848911699
0.0053334801848911699
0.0053334801848911699
0.0053334801848911699
0.0053334801848911699
0.0053334801848911699
0.0053334801848911699
0.0053334801848911699
0.0053334801848911699
0.0053334801848911699
0.0053334801848911699
0.0053334801848911699
0.0053334801848911699
0.0053334801848911699
0.0053334801848911699
0.0053334801848911699
0.0053334801848911699
0.0053334801848911699
0.0053334801848911699
0.0053334801848911699
0.0053334801848911699
0.0053334801848911699
0.0053334801848911699
0.0053334801848911699
0.0053334801848911699
0.0053334801848911699
0.0053334801848911699
0.0053334801848911699
0.0053334801848911699
0.0053334801848911699
0.0053334801848911699
0.0053334801848911699
0.0053334801848911699
0.0053334801848911699
0.0053334801848911699
0.0053334801848911699
0.0053334801848911699
0.0053334801848911699
0.0053334801848911699
0.0053334801848911699
0.0053334801848911699
0.0053334801848911699
0.0053334801848911699
0.0053334801848911699
0.0053334801848911699
0.0053334801848911699
0.0053334801848911699
0.0053334801848911699
0.0053334801848911699
0.0053334801848911699
0.0053334801848911699
0.0053334801848911699
0.0053334801848911699
0.0053334801848911699
0.0053334801848911699
0.0053334801848911699
0.0053334801848911699
0.0053334801848911699
0.0053334801848911699
0.0053334801848911699
0.0053334801848911699
0.0053334801848911699
0.0053334801848911699
0.0053334801848911699
0.0053334801848911699
0.0053334801848911699
0.0053334801848911699
0.0053334801848911699
0.0053334801848911699
0.0053334801848911699
0.0053334801848911699
0.0053334801848911699
0.0053334801848911699
0.0053334801848911699
0.0053334801848911699
0.0053334801848911699
0.0053334801848911699
0.0053334801848911699
0.0053334801848911699
0.0053334801848911699
0.0053334801848911699
0.0053334801848911699
0.0053334801848911699
0.0053334801848911699
0.0053334801848911699
0.0053334801848911699
0.0053334801848911699
0.0053334801848911699
0.0053334801848911699
0.0053334801848911699
0.0053334801848911699
0.0053334801848911699
0.0053334801848911699
0.0053334801848911699
0.0053334801848911699
0.0053334801848911699
0.0053334801848911699
0.0053334801848911699
0.0053334801848911699
0.0053334801848911699
0.0053334801848911699
0.0053334801848911699
0.0053334801848911699
0.0053334801848911699
0.0053334801848911699
0.0053334801848911699
0.0053334801848911699
0.0053334801848911699
0.0053334801848911699
0.0053334801848911699
0.0053334801848911699
0.0053334801848911699
0.0053334801848911699
0.0053334801848911699
0.0053334801848911699
0.0053334801848911699
0.0053334801848911699
0.0053334801848911699
0.0053334801848911699
0.0053334801848911699
0.0053334801848911699
0.0053334801848911699
0.0053334801848911699
0.0053334801848911699
0.0053334801848911699
0.0053334801848911699
0.0053334801848911699
0.0053334801848911699
0.0053334801848911699
0.0053334801848911699
0.0053334801848911699
0.0053334801848911699
0.0053334801848911699
0.0053334801848911699
0.0053334801848911699
0.0053334801848911699
0.0053334801848911699
0.0053334801848911699
0.0053334801848911699
0.0053334801848911699
0.0053334801848911699
0.0053334801848911699
0.0053334801848911699
0.0053334801848911699
0.0053334801848911699
0.0053334801848911699
0.0053334801848911699
0.0053334801848911699
0.0053334801848911699
0.0053334801848911699
0.0053334801848911699
0.0053334801848911699
0.0053334801848911699
0.0053334801848911699
0.0053334801848911699
0.0053334801848911699
0.0053334801848911699
0.0053334801848911699
0.0053334801848911699
0.0053334801848911699
0.0053334801848911699
0.0053334801848911699
0.0053334801848911699
0.0053334801848911699
0.0053334801848911699
0.0053334801848911699
0.0053334801848911699
0.0053334801848911699
0.0053334801848911699
0.0053334801848911699
0.0053334801848911699
0.0053334801848911699
0.0053334801848911699
0.0053334801848911699
0.0053334801848911699
0.0053334801848911699
0.0053334801848911699
0.0053334801848911699
0.0053334801848911699
0.0053334801848911699
0.0053334801848911699
0.0053334801848911699
0.0053334801848911699
0.0053334801848911699
0.0053334801848911699
0.0053334801848911699
0.0053334801848911699
0.0053334801848911699
0.0053334801848911699
0.0053334801848911699
0.0053334801848911699
0.0053334801848911699
0.0053334801848911699
0.0053334801848911699
0.0053334801848911699
0.0053334801848911699
0.0053334801848911699
0.0053334801848911699
0.0053334801848911699
0.0053334801848911699
0.0053334801848911699
0.0053334801848911699
0.0053334801848911699
0.0053334801848911699
0.0053334801848911699
0.0053334801848911699
0.0053334801848911699
0.0053334801848911699
0.0053334801848911699
0.0053334801848911699
0.0053334801848911699
0.0053334801848911699
0.0053334801848911699
0.0053334801848911699
0.0053334801848911699
0.0053334801848911699
0.0053334801848911699
0.0053334801848911699
0.0053334801848911699
0.0053334801848911699
0.0053334801848911699
0.0053334801848911699
0.0053334801848911699
0.0053334801848911699
0.0053334801848911699
0.0053334801848911699
0.0053334801848911699
0.0053334801848911699
0.0053334801848911699
0.0053334801848911699
0.0053334801848911699
0.0053334801848911699
0.0053334801848911699
0.0053334801848911699
0.0053334801848911699
0.0053334801848911699
0.0053334801848911699
0.0053334801848911699
0.0053334801848911699
0.0053334801848911699
0.0053334801848911699
0.0053334801848911699
0.0053334801848911699
0.0053334801848911699
0.0053334801848911699
0.0053334801848911699
0.0053334801848911699
0.0053334801848911699
0.0053334801848911699
0.0053334801848911699
0.0053334801848911699
0.0053334801848911699
0.0053334801848911699
0.0053334801848911699
0.0053334801848911699
0.0053334801848911699
0.0053334801848911699
0.0053334801848911699
0.0053334801848911699
0.0053334801848911699
0.0053334801848911699
0.0053334801848911699
0.0053334801848911699
0.0053334801848911699
0.0053334801848911699
0.0053334801848911699
0.0053334801848911699
0.0053334801848911699
0.0053334801848911699
0.0053334801848911699
0.0053334801848911699
0.0053334801848911699
0.0053334801848911699
0.0053334801848911699
0.0053334801848911699
0.0053334801848911699
0.0053334801848911699
0.0053334801848911699
0.0053334801848911699
0.0053334801848911699
0.0053334801848911699
0.0053334801848911699
0.0053334801848911699
0.0053334801848911699
0.0053334801848911699
0.0053334801848911699
0.0053334801848911699
0.0053334801848911699
0.0053334801848911699
0.0053334801848911699
0.0053334801848911699
0.0053334801848911699
0.0053334801848911699
0.0053334801848911699
0.0053334801848911699
0.0053334801848911699
0.0053334801848911699
0.0053334801848911699
0.0053334801848911699
0.0053334801848911699
0.0053334801848911699
0.0053334801848911699
0.0053334801848911699
0.0053334801848911699
0.0053334801848911699
0.0053334801848911699
0.0053334801848911699
0.0053334801848911699
0.0053334801848911699
0.0053334801848911699
0.0053334801848911699
0.0053334801848911699
0.0053334801848911699
0.0053334801848911699
0.0053334801848911699
0.0053334801848911699
0.0053334801848911699
0.0053334801848911699
0.0053334801848911699
0.0053334801848911699
0.0053334801848911699
0.0053334801848911699
0.0053334801848911699
0.0053334801848911699
0.0053334801848911699
0.0053334801848911699
0.0053334801848911699
0.0053334801848911699
0.0053334801848911699
0.0053334801848911699
0.0053334801848911699
0.0053334801848911699
0.0053334801848911699
0.0053334801848911699
0.0053334801848911699
0.0053334801848911699
0.0053334801848911699
0.0053334801848911699
0.0053334801848911699
0.0053334801848911699
0.0053334801848911699
0.0053334801848911699
0.0053334801848911699
0.0053334801848911699
0.0053334801848911699
0.0053334801848911699
0.0053334801848911699
0.0053334801848911699
0.0053334801848911699
0.0053334801848911699
0.0053334801848911699
0.0053334801848911699
0.0053334801848911699
0.0053334801848911699
0.0053334801848911699
0.0053334801848911699
0.0053334801848911699
0.0053334801848911699
0.0053334801848911699
0.0053334801848911699
0.0053334801848911699
0.0053334801848911699
0.0053334801848911699
0.0053334801848911699
0.0053334801848911699
0.0053334801848911699
0.0053334801848911699
0.0053334801848911699
0.0053334801848911699
0.0053334801848911699
0.0053334801848911699
0.0053334801848911699
0.0053334801848911699
0.0053334801848911699
0.0053334801848911699
0.0053334801848911699
0.0053334801848911699
0.0053334801848911699
0.0053334801848911699
0.0053334801848911699
0.0053334801848911699
0.0053334801848911699
0.0053334801848911699
0.0053334801848911699
0.0053334801848911699
0.0053334801848911699
0.0053334801848911699
0.0053334801848911699
0.0053334801848911699
0.0053334801848911699
0.0053334801848911699
0.0053334801848911699
0.0053334801848911699
0.0053334801848911699
0.0053334801848911699
0.0053334801848911699
0.0053334801848911699
0.0053334801848911699
0.0053334801848911699
0.0053334801848911699
0.0053334801848911699
0.0053334801848911699
0.0053334801848911699
0.0053334801848911699
0.0053334801848911699
0.0053334801848911699
0.0053334801848911699
0.0053334801848911699
0.0053334801848911699
0.0053334801848911699
0.0053334801848911699
0.0053334801848911699
0.0053334801848911699
0.0053334801848911699
0.0053334801848911699
0.0053334801848911699
0.0053334801848911699
0.0053334801848911699
0.0053334801848911699
0.0053334801848911699
0.0053334801848911699
0.0053334801848911699
0.0053334801848911699
0.0053334801848911699
0.0053334801848911699
0.0053334801848911699
0.0053334801848911699
0.0053334801848911699
0.0053334801848911699
0.0053334801848911699
0.0053334801848911699
0.0053334801848911699
0.0053334801848911699
0.0053334801848911699
0.0053334801848911699
0.0053334801848911699
0.0053334801848911699
0.0053334801848911699
0.0053334801848911699
0.0053334801848911699
0.0053334801848911699
0.0053334801848911699
0.0053334801848911699
0.0053334801848911699
0.0053334801848911699
0.0053334801848911699
0.0053334801848911699
0.0053334801848911699
0.0053334801848911699
0.0053334801848911699
0.0053334801848911699
0.0053334801848911699
0.0053334801848911699
0.0053334801848911699
0.0053334801848911699
0.0053334801848911699
0.0053334801848911699
0.0053334801848911699
0.0053334801848911699
0.0053334801848911699
0.0053334801848911699
0.0053334801848911699
0.0053334801848911699
0.0053334801848911699
0.0053334801848911699
0.0053334801848911699
0.0053334801848911699
0.0053334801848911699
0.0053334801848911699
0.0053334801848911699
0.0053334801848911699
0.0053334801848911699
0.0053334801848911699
0.0053334801848911699
0.0053334801848911699
0.0053334801848911699
0.0053334801848911699
0.0053334801848911699
0.0053334801848911699
0.0053334801848911699
0.0053334801848911699
0.0053334801848911699
0.0053334801848911699
0.0053334801848911699
0.0053334801848911699
0.0053334801848911699
0.0053334801848911699
0.0053334801848911699
0.0053334801848911699
0.0053334801848911699
0.0053334801848911699
0.0053334801848911699
0.0053334801848911699
0.0053334801848911699
0.0053334801848911699
0.0053334801848911699
0.0053334801848911699
0.0053334801848911699
0.0053334801848911699
0.0053334801848911699
0.0053334801848911699
0.0053334801848911699
0.0053334801848911699
0.0053334801848911699
0.0053334801848911699
0.0053334801848911699
0.0053334801848911699
0.0053334801848911699
0.0053334801848911699
0.0053334801848911699
0.0053334801848911699
0.0053334801848911699
0.0053334801848911699
0.0053334801848911699
0.0053334801848911699
0.0053334801848911699
0.0053334801848911699
0.0053334801848911699
0.0053334801848911699
0.0053334801848911699
0.0053334801848911699
0.0053334801848911699
0.0053334801848911699
0.0053334801848911699
0.0053334801848911699
0.0053334801848911699
0.0053334801848911699
0.0053334801848911699
0.0053334801848911699
0.0053334801848911699
0.0053334801848911699
0.0053334801848911699
0.0053334801848911699
0.0053334801848911699
0.0053334801848911699
0.0053334801848911699
0.0053334801848911699
0.0053334801848911699
0.0053334801848911699
0.0053334801848911699
0.0053334801848911699
0.0053334801848911699
0.0053334801848911699
0.0053334801848911699
0.0053334801848911699
0.0053334801848911699
0.0053334801848911699
0.0053334801848911699
0.0053334801848911699
0.0053334801848911699
0.0053334801848911699
0.0053334801848911699
0.0053334801848911699
0.0053334801848911699
0.0053334801848911699
0.0053334801848911699
0.0053334801848911699
0.0053334801848911699
0.0053334801848911699
0.0053334801848911699
0.0053334801848911699
0.0053334801848911699
0.0053334801848911699
0.0053334801848911699
0.0053334801848911699
0.0053334801848911699
0.0053334801848911699
0.0053334801848911699
0.0053334801848911699
0.0053334801848911699
0.0053334801848911699
0.0053334801848911699
0.0053334801848911699
0.0053334801848911699
0.0053334801848911699
0.0053334801848911699
0.0053334801848911699
0.0053334801848911699
0.0053334801848911699
0.0053334801848911699
0.0053334801848911699
0.0053334801848911699
0.0053334801848911699
0.0053334801848911699
0.0053334801848911699
0.0053334801848911699
0.0053334801848911699
0.0053334801848911699
0.0053334801848911699
0.0053334801848911699
0.0053334801848911699
0.0053334801848911699
0.0053334801848911699
0.0053334801848911699
0.0053334801848911699
0.0053334801848911699
0.0053334801848911699
0.0053334801848911699
0.0053334801848911699
0.0053334801848911699
0.0053334801848911699
0.0053334801848911699
0.0053334801848911699
0.0053334801848911699
0.0053334801848911699
0.0053334801848911699
0.0053334801848911699
0.0053334801848911699
0.0053334801848911699
0.0053334801848911699
0.0053334801848911699
0.0053334801848911699
0.0053334801848911699
0.0053334801848911699
0.0053334801848911699
0.0053334801848911699
0.0053334801848911699
0.0053334801848911699
0.0053334801848911699
0.0053334801848911699
0.0053334801848911699
0.0053334801848911699
0.0053334801848911699
0.0053334801848911699
0.0053334801848911699
0.0053334801848911699
0.0053334801848911699
0.0053334801848911699
0.0053334801848911699
0.0053334801848911699
0.0053334801848911699
0.0053334801848911699
0.0053334801848911699
0.0053334801848911699
0.0053334801848911699
0.0053334801848911699
0.0053334801848911699
0.0053334801848911699
0.0053334801848911699
0.0053334801848911699
0.0053334801848911699
0.0053334801848911699
0.0053334801848911699
0.0053334801848911699
0.0053334801848911699
0.0053334801848911699
0.0053334801848911699
0.0053334801848911699
0.0053334801848911699
0.0053334801848911699
0.0053334801848911699
0.0053334801848911699
0.0053334801848911699
0.0053334801848911699
0.0053334801848911699
0.0053334801848911699
0.0053334801848911699
0.0053334801848911699
0.0053334801848911699
0.0053334801848911699
0.0053334801848911699
0.0053334801848911699
0.0053334801848911699
0.0053334801848911699
0.0053334801848911699
0.0053334801848911699
0.0053334801848911699
0.0053334801848911699
0.0053334801848911699
0.0053334801848911699
0.0053334801848911699
0.0053334801848911699
0.0053334801848911699
0.0053334801848911699
0.0053334801848911699
0.0053334801848911699
0.0053334801848911699
0.0053334801848911699
0.0053334801848911699
0.0053334801848911699
0.0053334801848911699
0.0053334801848911699
0.0053334801848911699
0.0053334801848911699
0.0053334801848911699
0.0053334801848911699
0.0053334801848911699
0.0053334801848911699
0.0053334801848911699
0.0053334801848911699
0.0053334801848911699
0.0053334801848911699
0.0053334801848911699
0.0053334801848911699
0.0053334801848911699
0.0053334801848911699
0.0053334801848911699
0.0053334801848911699
0.0053334801848911699
0.0053334801848911699
0.0053334801848911699
0.0053334801848911699
0.0053334801848911699
0.0053334801848911699
0.0053334801848911699
0.0053334801848911699
0.0053334801848911699
0.0053334801848911699
0.0053334801848911699
0.0053334801848911699
0.0053334801848911699
0.0053334801848911699
0.0053334801848911699
0.0053334801848911699
0.0053334801848911699
0.0053334801848911699
0.0053334801848911699
0.0053334801848911699
0.0053334801848911699
0.0053334801848911699
0.0053334801848911699
0.0053334801848911699
0.0053334801848911699
0.0053334801848911699
0.0053334801848911699
0.0053334801848911699
0.0053334801848911699
0.0053334801848911699
0.0053334801848911699
0.0053334801848911699
0.0053334801848911699
0.0053334801848911699
0.0053334801848911699
0.0053334801848911699
0.0053334801848911699
0.0053334801848911699
0.0053334801848911699
0.0053334801848911699
0.0053334801848911699
0.0053334801848911699
0.0053334801848911699
0.0053334801848911699
0.0053334801848911699
0.0053334801848911699
0.0053334801848911699
0.0053334801848911699
0.0053334801848911699
0.0053334801848911699
0.0053334801848911699
0.0053334801848911699
0.0053334801848911699
0.0053334801848911699
0.0053334801848911699
0.0053334801848911699
0.0053334801848911699
0.0053334801848911699
0.0053334801848911699
0.0053334801848911699
0.0053334801848911699
0.0053334801848911699
0.0053334801848911699
0.0053334801848911699
0.0053334801848911699
0.0053334801848911699
0.0053334801848911699
0.0053334801848911699
0.0053334801848911699
0.0053334801848911699
0.0053334801848911699
0.0053334801848911699
0.0053334801848911699
0.0053334801848911699
0.0053334801848911699
0.0053334801848911699
0.0053334801848911699
0.0053334801848911699
0.0053334801848911699
0.0053334801848911699
0.0053334801848911699
0.0053334801848911699
0.0053334801848911699
0.0053334801848911699
0.0053334801848911699
0.0053334801848911699
0.0053334801848911699
0.0053334801848911699
0.0053334801848911699
0.0053334801848911699
0.0053334801848911699
0.0053334801848911699
0.0053334801848911699
0.0053334801848911699
0.0053334801848911699
0.0053334801848911699
0.0053334801848911699
0.0053334801848911699
0.0053334801848911699
0.0053334801848911699
0.0053334801848911699
0.0053334801848911699
0.0053334801848911699
0.0053334801848911699
0.0053334801848911699
0.0053334801848911699
0.0053334801848911699
0.0053334801848911699
0.0053334801848911699
0.0053334801848911699
0.0053334801848911699
0.0053334801848911699
0.0053334801848911699
0.0053334801848911699
0.0053334801848911699
0.0053334801848911699
0.0053334801848911699
0.0053334801848911699
0.0053334801848911699
0.0053334801848911699
0.0053334801848911699
0.0053334801848911699
0.0053334801848911699
0.0053334801848911699
0.0053334801848911699
0.0053334801848911699
0.0053334801848911699
0.0053334801848911699
0.0053334801848911699
0.0053334801848911699
0.0053334801848911699
0.0053334801848911699
0.0053334801848911699
0.0053334801848911699
0.0053334801848911699
0.0053334801848911699
0.0053334801848911699
0.0053334801848911699
0.0053334801848911699
0.0053334801848911699
0.0053334801848911699
0.0053334801848911699
0.0053334801848911699
0.0053334801848911699
0.0053334801848911699
0.0053334801848911699
0.0053334801848911699
0.0053334801848911699
0.0053334801848911699
0.0053334801848911699
0.0053334801848911699
0.0053334801848911699
0.0053334801848911699
0.0053334801848911699
0.0053334801848911699
0.0053334801848911699
0.0053334801848911699
0.0053334801848911699
0.0053334801848911699
0.0053334801848911699
0.0053334801848911699
0.0053334801848911699
0.0053334801848911699
0.0053334801848911699
0.0053334801848911699
0.0053334801848911699
0.0053334801848911699
0.0053334801848911699
0.0053334801848911699
0.0053334801848911699
0.0053334801848911699
0.0053334801848911699
0.0053334801848911699
0.0053334801848911699
0.0053334801848911699
0.0053334801848911699
0.0053334801848911699
0.0053334801848911699
0.0053334801848911699
0.0053334801848911699
0.0053334801848911699
0.0053334801848911699
0.0053334801848911699
0.0053334801848911699
0.0053334801848911699
0.0053334801848911699
0.0053334801848911699
0.0053334801848911699
0.0053334801848911699
0.0053334801848911699
0.0053334801848911699
0.0053334801848911699
0.0053334801848911699
0.0053334801848911699
0.0053334801848911699
0.0053334801848911699
0.0053334801848911699
0.0053334801848911699
0.0053334801848911699
0.0053334801848911699
0.0053334801848911699
0.0053334801848911699
0.0053334801848911699
0.0053334801848911699
0.0053334801848911699
0.0053334801848911699
0.0053334801848911699
0.0053334801848911699
0.0053334801848911699
0.0053334801848911699
0.0053334801848911699
0.0053334801848911699
0.0053334801848911699
0.0053334801848911699
0.0053334801848911699
0.0053334801848911699
0.0053334801848911699
0.0053334801848911699
0.0053334801848911699
0.0053334801848911699
0.0053334801848911699
0.0053334801848911699
0.0053334801848911699
0.0053334801848911699
0.0053334801848911699
0.0053334801848911699
0.0053334801848911699
0.0053334801848911699
0.0053334801848911699
0.0053334801848911699
0.0053334801848911699
0.0053334801848911699
0.0053334801848911699
0.0053334801848911699
0.0053334801848911699
0.0053334801848911699
0.0053334801848911699
0.0053334801848911699
0.0053334801848911699
0.0053334801848911699
0.0053334801848911699
0.0053334801848911699
0.0053334801848911699
0.0053334801848911699
0.0053334801848911699
0.0053334801848911699
0.0053334801848911699
0.0053334801848911699
0.0053334801848911699
0.0053334801848911699
0.0053334801848911699
0.0053334801848911699
0.0053334801848911699
0.0053334801848911699
0.0053334801848911699
0.0053334801848911699
0.0053334801848911699
0.0053334801848911699
0.0053334801848911699
0.0053334801848911699
0.0053334801848911699
0.0053334801848911699
0.0053334801848911699
0.0053334801848911699
0.0053334801848911699
0.0053334801848911699
0.0053334801848911699
0.0053334801848911699
0.0053334801848911699
0.0053334801848911699
0.0053334801848911699
0.0053334801848911699
0.0053334801848911699
0.0053334801848911699
0.0053334801848911699
0.0053334801848911699
0.0053334801848911699
0.0053334801848911699
0.0053334801848911699
0.0053334801848911699
0.0053334801848911699
0.0053334801848911699
0.0053334801848911699
0.0053334801848911699
0.0053334801848911699
0.0053334801848911699
0.0053334801848911699
0.0053334801848911699
0.0053334801848911699
0.0053334801848911699
0.0053334801848911699
0.0053334801848911699
0.0053334801848911699
0.0053334801848911699
0.0053334801848911699
0.0053334801848911699
0.0053334801848911699
0.0053334801848911699
0.0053334801848911699
0.0053334801848911699
0.0053334801848911699
0.0053334801848911699
0.0053334801848911699
0.0053334801848911699
0.0053334801848911699
0.0053334801848911699
0.0053334801848911699
0.0053334801848911699
0.0053334801848911699
0.0053334801848911699
0.0053334801848911699
0.0053334801848911699
0.0053334801848911699
0.0053334801848911699
0.0053334801848911699
0.0053334801848911699
0.0053334801848911699
0.0053334801848911699
0.0053334801848911699
0.0053334801848911699
0.0053334801848911699
0.0053334801848911699
0.0053334801848911699
0.0053334801848911699
0.0053334801848911699
0.0053334801848911699
0.0053334801848911699
0.0053334801848911699
0.0053334801848911699
0.0053334801848911699
0.0053334801848911699
0.0053334801848911699
0.0053334801848911699
0.0053334801848911699
0.0053334801848911699
0.0053334801848911699
0.0053334801848911699
0.0053334801848911699
0.0053334801848911699
0.0053334801848911699
0.0053334801848911699
0.0053334801848911699
0.0053334801848911699
0.0053334801848911699
0.0053334801848911699
0.0053334801848911699
0.0053334801848911699
0.0053334801848911699
0.0053334801848911699
0.0053334801848911699
0.0053334801848911699
0.0053334801848911699
0.0053334801848911699
0.0053334801848911699
0.0053334801848911699
0.0053334801848911699
0.0053334801848911699
0.0053334801848911699
0.0053334801848911699
0.0053334801848911699
0.0053334801848911699
0.0053334801848911699
0.0053334801848911699
0.0053334801848911699
0.0053334801848911699
0.0053334801848911699
0.0053334801848911699
0.0053334801848911699
0.0053334801848911699
0.0053334801848911699
0.0053334801848911699
0.0053334801848911699
0.0053334801848911699
0.0053334801848911699
0.0053334801848911699
0.0053334801848911699
0.0053334801848911699
0.0053334801848911699
0.0053334801848911699
0.0053334801848911699
0.0053334801848911699
0.0053334801848911699
0.0053334801848911699
0.0053334801848911699
0.0053334801848911699
0.0053334801848911699
0.0053334801848911699
0.0053334801848911699
0.0053334801848911699
0.0053334801848911699
0.0053334801848911699
0.0053334801848911699
0.0053334801848911699
0.0053334801848911699
0.0053334801848911699
0.0053334801848911699
0.0053334801848911699
0.0053334801848911699
0.0053334801848911699
0.0053334801848911699
0.0053334801848911699
0.0053334801848911699
0.0053334801848911699
0.0053334801848911699
0.0053334801848911699
0.0053334801848911699
0.0053334801848911699
0.0053334801848911699
0.0053334801848911699
0.0053334801848911699
0.0053334801848911699
0.0053334801848911699
0.0053334801848911699
0.0053334801848911699
0.0053334801848911699
0.0053334801848911699
0.0053334801848911699
0.0053334801848911699
0.0053334801848911699
0.0053334801848911699
0.0053334801848911699
0.0053334801848911699
0.0053334801848911699
0.0053334801848911699
0.0053334801848911699
0.0053334801848911699
0.0053334801848911699
0.0053334801848911699
0.0053334801848911699
0.0053334801848911699
0.0053334801848911699
0.0053334801848911699
0.0053334801848911699
0.0053334801848911699
0.0053334801848911699
0.0053334801848911699
0.0053334801848911699
0.0053334801848911699
0.0053334801848911699
0.0053334801848911699
0.0053334801848911699
0.0053334801848911699
0.0053334801848911699
0.0053334801848911699
0.0053334801848911699
0.0053334801848911699
0.0053334801848911699
0.0053334801848911699
0.0053334801848911699
0.0053334801848911699
0.0053334801848911699
0.0053334801848911699
0.0053334801848911699
0.0053334801848911699
0.0053334801848911699
0.0053334801848911699
0.0053334801848911699
0.0053334801848911699
0.0053334801848911699
0.0053334801848911699
0.0053334801848911699
0.0053334801848911699
0.0053334801848911699
0.0053334801848911699
0.0053334801848911699
0.0053334801848911699
0.0053334801848911699
0.0053334801848911699
0.0053334801848911699
0.0053334801848911699
0.0053334801848911699
0.0053334801848911699
0.0053334801848911699
0.0053334801848911699
0.0053334801848911699
0.0053334801848911699
0.0053334801848911699
0.0053334801848911699
0.0053334801848911699
0.0053334801848911699
0.0053334801848911699
0.0053334801848911699
0.0053334801848911699
0.0053334801848911699
0.0053334801848911699
0.0053334801848911699
0.0053334801848911699
0.0053334801848911699
0.0053334801848911699
0.0053334801848911699
0.0053334801848911699
0.0053334801848911699
0.0053334801848911699
0.0053334801848911699
0.0053334801848911699
0.0053334801848911699
0.0053334801848911699
0.0053334801848911699
0.0053334801848911699
0.0053334801848911699
0.0053334801848911699
0.0053334801848911699
0.0053334801848911699
0.0053334801848911699
0.0053334801848911699
0.0053334801848911699
0.0053334801848911699
0.0053334801848911699
0.0053334801848911699
0.0053334801848911699
0.0053334801848911699
0.0053334801848911699
0.0053334801848911699
0.0053334801848911699
0.0053334801848911699
0.0053334801848911699
0.0053334801848911699
0.0053334801848911699
0.0053334801848911699
0.0053334801848911699
0.0053334801848911699
0.0053334801848911699
0.0053334801848911699
0.0053334801848911699
0.0053334801848911699
0.0053334801848911699
0.0053334801848911699
0.0053334801848911699
0.0053334801848911699
0.0053334801848911699
0.0053334801848911699
0.0053334801848911699
0.0053334801848911699
0.0053334801848911699
0.0053334801848911699
0.0053334801848911699
0.0053334801848911699
0.0053334801848911699
0.0053334801848911699
0.0053334801848911699
0.0053334801848911699
0.0053334801848911699
0.0053334801848911699
0.0053334801848911699
0.0053334801848911699
0.0053334801848911699
0.0053334801848911699
0.0053334801848911699
0.0053334801848911699
0.0053334801848911699
0.0053334801848911699
0.0053334801848911699
0.0053334801848911699
0.0053334801848911699
0.0053334801848911699
0.0053334801848911699
0.0053334801848911699
0.0053334801848911699
0.0053334801848911699
0.0053334801848911699
0.0053334801848911699
0.0053334801848911699
0.0053334801848911699
0.0053334801848911699
0.0053334801848911699
0.0053334801848911699
0.0053334801848911699
0.0053334801848911699
0.0053334801848911699
0.0053334801848911699
0.0053334801848911699
0.0053334801848911699
0.0053334801848911699
0.0053334801848911699
0.0053334801848911699
0.0053334801848911699
0.0053334801848911699
0.0053334801848911699
0.0053334801848911699
0.0053334801848911699
0.0053334801848911699
0.0053334801848911699
0.0053334801848911699
0.0053334801848911699
0.0053334801848911699
0.0053334801848911699
0.0053334801848911699
0.0053334801848911699
0.0053334801848911699
0.0053334801848911699
0.0053334801848911699
0.0053334801848911699
0.0053334801848911699
0.0053334801848911699
0.0053334801848911699
0.0053334801848911699
0.0053334801848911699
0.0053334801848911699
0.0053334801848911699
0.0053334801848911699
0.0053334801848911699
0.0053334801848911699
0.0053334801848911699
0.0053334801848911699
0.0053334801848911699
0.0053334801848911699
0.0053334801848911699
0.0053334801848911699
0.0053334801848911699
0.0053334801848911699
0.0053334801848911699
0.0053334801848911699
0.0053334801848911699
0.0053334801848911699
0.0053334801848911699
0.0053334801848911699
0.0053334801848911699
0.0053334801848911699
0.0053334801848911699
0.0053334801848911699
0.0053334801848911699
0.0053334801848911699
0.0053334801848911699
0.0053334801848911699
0.0053334801848911699
0.0053334801848911699
0.0053334801848911699
0.0053334801848911699
0.0053334801848911699
0.0053334801848911699
0.0053334801848911699
0.0053334801848911699
0.0053334801848911699
0.0053334801848911699
0.0053334801848911699
0.0053334801848911699
0.0053334801848911699
0.0053334801848911699
0.0053334801848911699
0.0053334801848911699
0.0053334801848911699
0.0053334801848911699
0.0053334801848911699
0.0053334801848911699
0.0053334801848911699
0.0053334801848911699
0.0053334801848911699
0.0053334801848911699
0.0053334801848911699
0.0053334801848911699
0.0053334801848911699
0.0053334801848911699
0.0053334801848911699
0.0053334801848911699
0.0053334801848911699
0.0053334801848911699
0.0053334801848911699
0.0053334801848911699
0.0053334801848911699
0.0053334801848911699
0.0053334801848911699
0.0053334801848911699
0.0053334801848911699
0.0053334801848911699
0.0053334801848911699
0.0053334801848911699
0.0053334801848911699
0.0053334801848911699
0.0053334801848911699
0.0053334801848911699
0.0053334801848911699
0.0053334801848911699
0.0053334801848911699
0.0053334801848911699
0.0053334801848911699
0.0053334801848911699
0.0053334801848911699
0.0053334801848911699
0.0053334801848911699
0.0053334801848911699
0.0053334801848911699
0.0053334801848911699
0.0053334801848911699
0.0053334801848911699
0.0053334801848911699
0.0053334801848911699
0.0053334801848911699
0.0053334801848911699
0.0053334801848911699
0.0053334801848911699
0.0053334801848911699
0.0053334801848911699
0.0053334801848911699
0.0053334801848911699
0.0053334801848911699
0.0053334801848911699
0.0053334801848911699
0.0053334801848911699
0.0053334801848911699
0.0053334801848911699
0.0053334801848911699
0.0053334801848911699
0.0053334801848911699
0.0053334801848911699
0.0053334801848911699
0.0053334801848911699
0.0053334801848911699
0.0053334801848911699
0.0053334801848911699
0.0053334801848911699
0.0053334801848911699
0.0053334801848911699
0.0053334801848911699
0.0053334801848911699
0.0053334801848911699
0.0053334801848911699
0.0053334801848911699
0.0053334801848911699
0.0053334801848911699
0.0053334801848911699
0.0053334801848911699
0.0053334801848911699
0.0053334801848911699
0.0053334801848911699
0.0053334801848911699
0.0053334801848911699
0.0053334801848911699
0.0053334801848911699
0.0053334801848911699
0.0053334801848911699
0.0053334801848911699
0.0053334801848911699
0.0053334801848911699
0.0053334801848911699
0.0053334801848911699
0.0053334801848911699
0.0053334801848911699
0.0053334801848911699
0.0053334801848911699
0.0053334801848911699
0.0053334801848911699
0.0053334801848911699
0.0053334801848911699
0.0053334801848911699
0.0053334801848911699
0.0053334801848911699
0.0053334801848911699
0.0053334801848911699
0.0053334801848911699
0.0053334801848911699
0.0053334801848911699
0.0053334801848911699
0.0053334801848911699
0.0053334801848911699
0.0053334801848911699
0.0053334801848911699
0.0053334801848911699
0.0053334801848911699
0.0053334801848911699
0.0053334801848911699
0.0053334801848911699
0.0053334801848911699
0.0053334801848911699
0.0053334801848911699
0.0053334801848911699
0.0053334801848911699
0.0053334801848911699
0.0053334801848911699
0.0053334801848911699
0.0053334801848911699
0.0053334801848911699
0.0053334801848911699
0.0053334801848911699
0.0053334801848911699
0.0053334801848911699
0.0053334801848911699
0.0053334801848911699
0.0053334801848911699
0.0053334801848911699
0.0053334801848911699
0.0053334801848911699
0.0053334801848911699
0.0053334801848911699
0.0053334801848911699
0.0053334801848911699
0.0053334801848911699
0.0053334801848911699
0.0053334801848911699
0.0053334801848911699
0.0053334801848911699
0.0053334801848911699
0.0053334801848911699
0.0053334801848911699
0.0053334801848911699
0.0053334801848911699
0.0053334801848911699
0.0053334801848911699
0.0053334801848911699
0.0053334801848911699
0.0053334801848911699
0.0053334801848911699
0.0053334801848911699
0.0053334801848911699
0.0053334801848911699
0.0053334801848911699
0.0053334801848911699
0.0053334801848911699
0.0053334801848911699
0.0053334801848911699
0.0053334801848911699
0.0053334801848911699
0.0053334801848911699
0.0053334801848911699
0.0053334801848911699
0.0053334801848911699
0.0053334801848911699
0.0053334801848911699
0.0053334801848911699
0.0053334801848911699
0.0053334801848911699
0.0053334801848911699
0.0053334801848911699
0.0053334801848911699
0.0053334801848911699
0.0053334801848911699
0.0053334801848911699
0.0053334801848911699
0.0053334801848911699
0.0053334801848911699
0.0053334801848911699
0.0053334801848911699
0.0053334801848911699
0.0053334801848911699
0.0053334801848911699
0.0053334801848911699
0.0053334801848911699
0.0053334801848911699
0.0053334801848911699
0.0053334801848911699
0.0053334801848911699
0.0053334801848911699
0.0053334801848911699
0.0053334801848911699
0.0053334801848911699
0.0053334801848911699
0.0053334801848911699
0.0053334801848911699
0.0053334801848911699
0.0053334801848911699
0.0053334801848911699
0.0053334801848911699
0.0053334801848911699
0.0053334801848911699
0.0053334801848911699
0.0053334801848911699
0.0053334801848911699
0.0053334801848911699
0.0053334801848911699
0.0053334801848911699
0.0053334801848911699
0.0053334801848911699
0.0053334801848911699
0.0053334801848911699
0.0053334801848911699
0.0053334801848911699
0.0053334801848911699
0.0053334801848911699
0.0053334801848911699
0.0053334801848911699
0.0053334801848911699
0.0053334801848911699
0.0053334801848911699
0.0053334801848911699
0.0053334801848911699
0.0053334801848911699
0.0053334801848911699
0.0053334801848911699
0.0053334801848911699
0.0053334801848911699
0.0053334801848911699
0.0053334801848911699
0.0053334801848911699
0.0053334801848911699
0.0053334801848911699
0.0053334801848911699
0.0053334801848911699
0.0053334801848911699
0.0053334801848911699
0.0053334801848911699
0.0053334801848911699
0.0053334801848911699
0.0053334801848911699
0.0053334801848911699
0.0053334801848911699
0.0053334801848911699
0.0053334801848911699
0.0053334801848911699
0.0053334801848911699
0.0053334801848911699
0.0053334801848911699
0.0053334801848911699
0.0053334801848911699
0.0053334801848911699
0.0053334801848911699
0.0053334801848911699
0.0053334801848911699
0.0053334801848911699
0.0053334801848911699
0.0053334801848911699
0.0053334801848911699
0.0053334801848911699
0.0053334801848911699
0.0053334801848911699
0.0053334801848911699
0.0053334801848911699
0.0053334801848911699
0.0053334801848911699
0.0053334801848911699
0.0053334801848911699
0.0053334801848911699
0.0053334801848911699
0.0053334801848911699
0.0053334801848911699
0.0053334801848911699
0.0053334801848911699
0.0053334801848911699
0.0053334801848911699
0.0053334801848911699
0.0053334801848911699
0.0053334801848911699
0.0053334801848911699
0.0053334801848911699
0.0053334801848911699
0.0053334801848911699
0.0053334801848911699
0.0053334801848911699
0.0053334801848911699
0.0053334801848911699
0.0053334801848911699
0.0053334801848911699
0.0053334801848911699
0.0053334801848911699
0.0053334801848911699
0.0053334801848911699
0.0053334801848911699
0.0053334801848911699
0.0053334801848911699
0.0053334801848911699
0.0053334801848911699
0.0053334801848911699
0.0053334801848911699
0.0053334801848911699
0.0053334801848911699
0.0053334801848911699
0.0053334801848911699
0.0053334801848911699
0.0053334801848911699
0.0053334801848911699
0.0053334801848911699
0.0053334801848911699
0.0053334801848911699
0.0053334801848911699
0.0053334801848911699
0.0053334801848911699
0.0053334801848911699
0.0053334801848911699
0.0053334801848911699
0.0053334801848911699
0.0053334801848911699
0.0053334801848911699
0.0053334801848911699
0.0053334801848911699
0.0053334801848911699
0.0053334801848911699
0.0053334801848911699
0.0053334801848911699
0.0053334801848911699
0.0053334801848911699
0.0053334801848911699
0.0053334801848911699
0.0053334801848911699
0.0053334801848911699
0.0053334801848911699
0.0053334801848911699
0.0053334801848911699
0.0053334801848911699
0.0053334801848911699
0.0053334801848911699
0.0053334801848911699
0.0053334801848911699
0.0053334801848911699
0.0053334801848911699
0.0053334801848911699
0.0053334801848911699
0.0053334801848911699
0.0053334801848911699
0.0053334801848911699
0.0053334801848911699
0.0053334801848911699
0.0053334801848911699
0.0053334801848911699
0.0053334801848911699
0.0053334801848911699
0.0053334801848911699
0.0053334801848911699
0.0053334801848911699
0.0053334801848911699
0.0053334801848911699
0.0053334801848911699
0.0053334801848911699
0.0053334801848911699
0.0053334801848911699
0.0053334801848911699
0.0053334801848911699
0.0053334801848911699
0.0053334801848911699
0.0053334801848911699
0.0053334801848911699
0.0053334801848911699
0.0053334801848911699
0.0053334801848911699
0.0053334801848911699
0.0053334801848911699
0.0053334801848911699
0.0053334801848911699
0.0053334801848911699
0.0053334801848911699
0.0053334801848911699
0.0053334801848911699
0.0053334801848911699
0.0053334801848911699
0.0053334801848911699
0.0053334801848911699
0.0053334801848911699
0.0053334801848911699
0.0053334801848911699
0.0053334801848911699
0.0053334801848911699
0.0053334801848911699
0.0053334801848911699
0.0053334801848911699
0.0053334801848911699
0.0053334801848911699
0.0053334801848911699
0.0053334801848911699
0.0053334801848911699
0.0053334801848911699
0.0053334801848911699
0.0053334801848911699
0.0053334801848911699
0.0053334801848911699
0.0053334801848911699
0.0053334801848911699
0.0053334801848911699
0.0053334801848911699
0.0053334801848911699
0.0053334801848911699
0.0053334801848911699
0.0053334801848911699
0.0053334801848911699
0.0053334801848911699
0.0053334801848911699
0.0053334801848911699
0.0053334801848911699
0.0053334801848911699
0.0053334801848911699
0.0053334801848911699
0.0053334801848911699
0.0053334801848911699
0.0053334801848911699
0.0053334801848911699
0.0053334801848911699
0.0053334801848911699
0.0053334801848911699
0.0053334801848911699
0.0053334801848911699
0.0053334801848911699
0.0053334801848911699
0.0053334801848911699
0.0053334801848911699
0.0053334801848911699
0.0053334801848911699
0.0053334801848911699
0.0053334801848911699
0.0053334801848911699
0.0053334801848911699
0.0053334801848911699
0.0053334801848911699
0.0053334801848911699
0.0053334801848911699
0.0053334801848911699
0.0053334801848911699
0.0053334801848911699
0.0053334801848911699
0.0053334801848911699
0.0053334801848911699
0.0053334801848911699
0.0053334801848911699
0.0053334801848911699
0.0053334801848911699
0.0053334801848911699
0.0053334801848911699
0.0053334801848911699
0.0053334801848911699
0.0053334801848911699
0.0053334801848911699
0.0053334801848911699
0.0053334801848911699
0.0053334801848911699
0.0053334801848911699
0.0053334801848911699
0.0053334801848911699
0.0053334801848911699
0.0053334801848911699
0.0053334801848911699
0.0053334801848911699
0.0053334801848911699
0.0053334801848911699
0.0053334801848911699
0.0053334801848911699
0.0053334801848911699
0.0053334801848911699
0.0053334801848911699
0.0053334801848911699
0.0053334801848911699
0.0053334801848911699
0.0053334801848911699
0.0053334801848911699
0.0053334801848911699
0.0053334801848911699
0.0053334801848911699
0.0053334801848911699
0.0053334801848911699
0.0053334801848911699
0.0053334801848911699
0.0053334801848911699
0.0053334801848911699
0.0053334801848911699
0.0053334801848911699
0.0053334801848911699
0.0053334801848911699
0.0053334801848911699
0.0053334801848911699
0.0053334801848911699
0.0053334801848911699
0.0053334801848911699
0.0053334801848911699
0.0053334801848911699
0.0053334801848911699
0.0053334801848911699
0.0053334801848911699
0.0053334801848911699
0.0053334801848911699
0.0053334801848911699
0.0053334801848911699
0.0053334801848911699
0.0053334801848911699
0.0053334801848911699
0.0053334801848911699
0.0053334801848911699
0.0053334801848911699
0.0053334801848911699
0.0053334801848911699
0.0053334801848911699
0.0053334801848911699
0.0053334801848911699
0.0053334801848911699
0.0053334801848911699
0.0053334801848911699
0.0053334801848911699
0.0053334801848911699
0.0053334801848911699
0.0053334801848911699
0.0053334801848911699
0.0053334801848911699
0.0053334801848911699
0.0053334801848911699
0.0053334801848911699
0.0053334801848911699
0.0053334801848911699
0.0053334801848911699
0.0053334801848911699
0.0053334801848911699
0.0053334801848911699
0.0053334801848911699
0.0053334801848911699
0.0053334801848911699
0.0053334801848911699
0.0053334801848911699
0.0053334801848911699
0.0053334801848911699
0.0053334801848911699
0.0053334801848911699
0.0053334801848911699
0.0053334801848911699
0.0053334801848911699
0.0053334801848911699
0.0053334801848911699
0.0053334801848911699
0.0053334801848911699
0.0053334801848911699
0.0053334801848911699
0.0053334801848911699
0.0053334801848911699
0.0053334801848911699
0.0053334801848911699
0.0053334801848911699
0.0053334801848911699
0.0053334801848911699
0.0053334801848911699
0.0053334801848911699
0.0053334801848911699
0.0053334801848911699
0.0053334801848911699
0.0053334801848911699
0.0053334801848911699
0.0053334801848911699
0.0053334801848911699
0.0053334801848911699
0.0053334801848911699
0.0053334801848911699
0.0053334801848911699
0.0053334801848911699
0.0053334801848911699
0.0053334801848911699
0.0053334801848911699
0.0053334801848911699
0.0053334801848911699
0.0053334801848911699
0.0053334801848911699
0.0053334801848911699
0.0053334801848911699
0.0053334801848911699
0.0053334801848911699
0.0053334801848911699
0.0053334801848911699
0.0053334801848911699
0.0053334801848911699
0.0053334801848911699
0.0053334801848911699
0.0053334801848911699
0.0053334801848911699
0.0053334801848911699
0.0053334801848911699
0.0053334801848911699
0.0053334801848911699
0.0053334801848911699
0.0053334801848911699
0.0053334801848911699
0.0053334801848911699
0.0053334801848911699
0.0053334801848911699
0.0053334801848911699
0.0053334801848911699
0.0053334801848911699
0.0053334801848911699
0.0053334801848911699
0.0053334801848911699
0.0053334801848911699
0.0053334801848911699
0.0053334801848911699
0.0053334801848911699
0.0053334801848911699
0.0053334801848911699
0.0053334801848911699
0.0053334801848911699
0.0053334801848911699
0.0053334801848911699
0.0053334801848911699
0.0053334801848911699
0.0053334801848911699
0.0053334801848911699
0.0053334801848911699
0.0053334801848911699
0.0053334801848911699
0.0053334801848911699
0.0053334801848911699
0.0053334801848911699
0.0053334801848911699
0.0053334801848911699
0.0053334801848911699
0.0053334801848911699
0.0053334801848911699
0.0053334801848911699
0.0053334801848911699
0.0053334801848911699
0.0053334801848911699
0.0053334801848911699
0.0053334801848911699
0.0053334801848911699
0.0053334801848911699
0.0053334801848911699
0.0053334801848911699
0.0053334801848911699
0.0053334801848911699
0.0053334801848911699
0.0053334801848911699
0.0053334801848911699
0.0053334801848911699
0.0053334801848911699
0.0053334801848911699
0.0053334801848911699
0.0053334801848911699
0.0053334801848911699
0.0053334801848911699
0.0053334801848911699
0.0053334801848911699
0.0053334801848911699
0.0053334801848911699
0.0053334801848911699
0.0053334801848911699
0.0053334801848911699
0.0053334801848911699
0.0053334801848911699
0.0053334801848911699
0.0053334801848911699
0.0053334801848911699
0.0053334801848911699
0.0053334801848911699
0.0053334801848911699
0.0053334801848911699
0.0053334801848911699
0.0053334801848911699
0.0053334801848911699
0.0053334801848911699
0.0053334801848911699
0.0053334801848911699
0.0053334801848911699
0.0053334801848911699
0.0053334801848911699
0.0053334801848911699
0.0053334801848911699
0.0053334801848911699
0.0053334801848911699
0.0053334801848911699
0.0053334801848911699
0.0053334801848911699
0.0053334801848911699
0.0053334801848911699
0.0053334801848911699
0.0053334801848911699
0.0053334801848911699
0.0053334801848911699
0.0053334801848911699
0.0053334801848911699
0.0053334801848911699
0.0053334801848911699
0.0053334801848911699
0.0053334801848911699
0.0053334801848911699
0.0053334801848911699
0.0053334801848911699
0.0053334801848911699
0.0053334801848911699
0.0053334801848911699
0.0053334801848911699
0.0053334801848911699
0.0053334801848911699
0.0053334801848911699
0.0053334801848911699
0.0053334801848911699
0.0053334801848911699
0.0053334801848911699
0.0053334801848911699
0.0053334801848911699
0.0053334801848911699
0.0053334801848911699
0.0053334801848911699
0.0053334801848911699
0.0053334801848911699
0.0053334801848911699
0.0053334801848911699
0.0053334801848911699
0.0053334801848911699
0.0053334801848911699
0.0053334801848911699
0.0053334801848911699
0.0053334801848911699
0.0053334801848911699
0.0053334801848911699
0.0053334801848911699
0.0053334801848911699
0.0053334801848911699
0.0053334801848911699
0.0053334801848911699
0.0053334801848911699
0.0053334801848911699
0.0053334801848911699
0.0053334801848911699
0.0053334801848911699
0.0053334801848911699
0.0053334801848911699
0.0053334801848911699
0.0053334801848911699
0.0053334801848911699
0.0053334801848911699
0.0053334801848911699
0.0053334801848911699
0.0053334801848911699
0.0053334801848911699
0.0053334801848911699
0.0053334801848911699
0.0053334801848911699
0.0053334801848911699
0.0053334801848911699
0.0053334801848911699
0.0053334801848911699
0.0053334801848911699
0.0053334801848911699
0.0053334801848911699
0.0053334801848911699
0.0053334801848911699
0.0053334801848911699
0.0053334801848911699
0.0053334801848911699
0.0053334801848911699
0.0053334801848911699
0.0053334801848911699
0.0053334801848911699
0.0053334801848911699
0.0053334801848911699
0.0053334801848911699
0.0053334801848911699
0.0053334801848911699
0.0053334801848911699
0.0053334801848911699
0.0053334801848911699
0.0053334801848911699
0.0053334801848911699
0.0053334801848911699
0.0053334801848911699
0.0053334801848911699
0.0053334801848911699
0.0053334801848911699
0.0053334801848911699
0.0053334801848911699
0.0053334801848911699
0.0053334801848911699
0.0053334801848911699
0.0053334801848911699
0.0053334801848911699
0.0053334801848911699
0.0053334801848911699
0.0053334801848911699
0.0053334801848911699
0.0053334801848911699
0.0053334801848911699
0.0053334801848911699
0.0053334801848911699
0.0053334801848911699
0.0053334801848911699
0.0053334801848911699
0.0053334801848911699
0.0053334801848911699
0.0053334801848911699
0.0053334801848911699
0.0053334801848911699
0.0053334801848911699
0.0053334801848911699
0.0053334801848911699
0.0053334801848911699
0.0053334801848911699
0.0053334801848911699
0.0053334801848911699
0.0053334801848911699
0.0053334801848911699
0.0053334801848911699
0.0053334801848911699
0.0053334801848911699
0.0053334801848911699
0.0053334801848911699
0.0053334801848911699
0.0053334801848911699
0.0053334801848911699
0.0053334801848911699
0.0053334801848911699
0.0053334801848911699
0.0053334801848911699
0.0053334801848911699
0.0053334801848911699
0.0053334801848911699
0.0053334801848911699
0.0053334801848911699
0.0053334801848911699
0.0053334801848911699
0.0053334801848911699
0.0053334801848911699
0.0053334801848911699
0.0053334801848911699
0.0053334801848911699
0.0053334801848911699
0.0053334801848911699
0.0053334801848911699
0.0053334801848911699
0.0053334801848911699
0.0053334801848911699
0.0053334801848911699
0.0053334801848911699
0.0053334801848911699
0.0053334801848911699
0.0053334801848911699
0.0053334801848911699
0.0053334801848911699
0.0053334801848911699
0.0053334801848911699
0.0053334801848911699
0.0053334801848911699
0.0053334801848911699
0.0053334801848911699
0.0053334801848911699
0.0053334801848911699
0.0053334801848911699
0.0053334801848911699
0.0053334801848911699
0.0053334801848911699
0.0053334801848911699
0.0053334801848911699
0.0053334801848911699
0.0053334801848911699
0.0053334801848911699
0.0053334801848911699
0.0053334801848911699
0.0053334801848911699
0.0053334801848911699
0.0053334801848911699
0.0053334801848911699
0.0053334801848911699
0.0053334801848911699
0.0053334801848911699
0.0053334801848911699
0.0053334801848911699
0.0053334801848911699
0.0053334801848911699
0.0053334801848911699
0.0053334801848911699
0.0053334801848911699
0.0053334801848911699
0.0053334801848911699
0.0053334801848911699
0.0053334801848911699
0.0053334801848911699
0.0053334801848911699
0.0053334801848911699
0.0053334801848911699
0.0053334801848911699
0.0053334801848911699
0.0053334801848911699
0.0053334801848911699
0.0053334801848911699
0.0053334801848911699
0.0053334801848911699
0.0053334801848911699
0.0053334801848911699
0.0053334801848911699
0.0053334801848911699
0.0053334801848911699
0.0053334801848911699
0.0053334801848911699
0.0053334801848911699
0.0053334801848911699
0.0053334801848911699
0.0053334801848911699
0.0053334801848911699
0.0053334801848911699
0.0053334801848911699
0.0053334801848911699
0.0053334801848911699
0.0053334801848911699
0.0053334801848911699
0.0053334801848911699
0.0053334801848911699
0.0053334801848911699
0.0053334801848911699
0.0053334801848911699
0.0053334801848911699
0.0053334801848911699
0.0053334801848911699
0.0053334801848911699
0.0053334801848911699
0.0053334801848911699
0.0053334801848911699
0.0053334801848911699
0.0053334801848911699
0.0053334801848911699
0.0053334801848911699
0.0053334801848911699
0.0053334801848911699
0.0053334801848911699
0.0053334801848911699
0.0053334801848911699
0.0053334801848911699
0.0053334801848911699
0.0053334801848911699
0.0053334801848911699
0.0053334801848911699
0.0053334801848911699
0.0053334801848911699
0.0053334801848911699
0.0053334801848911699
0.0053334801848911699
0.0053334801848911699
0.0053334801848911699
0.0053334801848911699
0.0053334801848911699
0.0053334801848911699
0.0053334801848911699
0.0053334801848911699
0.0053334801848911699
0.0053334801848911699
0.0053334801848911699
0.0053334801848911699
0.0053334801848911699
0.0053334801848911699
0.0053334801848911699
0.0053334801848911699
0.0053334801848911699
0.0053334801848911699
0.0053334801848911699
0.0053334801848911699
0.0053334801848911699
0.0053334801848911699
0.0053334801848911699
0.0053334801848911699
0.0053334801848911699
0.0053334801848911699
0.0053334801848911699
0.0053334801848911699
0.0053334801848911699
0.0053334801848911699
0.0053334801848911699
0.0053334801848911699
0.0053334801848911699
0.0053334801848911699
0.0053334801848911699
0.0053334801848911699
0.0053334801848911699
0.0053334801848911699
0.0053334801848911699
0.0053334801848911699
0.0053334801848911699
0.0053334801848911699
0.0053334801848911699
0.0053334801848911699
0.0053334801848911699
0.0053334801848911699
0.0053334801848911699
0.0053334801848911699
0.0053334801848911699
0.0053334801848911699
0.0053334801848911699
0.0053334801848911699
0.0053334801848911699
0.0053334801848911699
0.0053334801848911699
0.0053334801848911699
0.0053334801848911699
0.0053334801848911699
0.0053334801848911699
0.0053334801848911699
0.0053334801848911699
0.0053334801848911699
0.0053334801848911699
0.0053334801848911699
0.0053334801848911699
0.0053334801848911699
0.0053334801848911699
0.0053334801848911699
0.0053334801848911699
0.0053334801848911699
0.0053334801848911699
0.0053334801848911699
0.0053334801848911699
0.0053334801848911699
0.0053334801848911699
0.0053334801848911699
0.0053334801848911699
0.0053334801848911699
0.0053334801848911699
0.0053334801848911699
0.0053334801848911699
0.0053334801848911699
0.0053334801848911699
0.0053334801848911699
0.0053334801848911699
0.0053334801848911699
0.0053334801848911699
0.0053334801848911699
0.0053334801848911699
0.0053334801848911699
0.0053334801848911699
0.0053334801848911699
0.0053334801848911699
0.0053334801848911699
0.0053334801848911699
0.0053334801848911699
0.0053334801848911699
0.0053334801848911699
0.0053334801848911699
0.0053334801848911699
0.0053334801848911699
0.0053334801848911699
0.0053334801848911699
0.0053334801848911699
0.0053334801848911699
0.0053334801848911699
0.0053334801848911699
0.0053334801848911699
0.0053334801848911699
0.0053334801848911699
0.0053334801848911699
0.0053334801848911699
0.0053334801848911699
0.0053334801848911699
0.0053334801848911699
0.0053334801848911699
0.0053334801848911699
0.0053334801848911699
0.0053334801848911699
0.0053334801848911699
0.0053334801848911699
0.0053334801848911699
0.0053334801848911699
0.0053334801848911699
0.0053334801848911699
0.0053334801848911699
0.0053334801848911699
0.0053334801848911699
0.0053334801848911699
0.0053334801848911699
0.0053334801848911699
0.0053334801848911699
0.0053334801848911699
0.0053334801848911699
0.0053334801848911699
0.0053334801848911699
0.0053334801848911699
0.0053334801848911699
0.0053334801848911699
0.0053334801848911699
0.0053334801848911699
0.0053334801848911699
0.0053334801848911699
0.0053334801848911699
0.0053334801848911699
0.0053334801848911699
0.0053334801848911699
0.0053334801848911699
0.0053334801848911699
0.0053334801848911699
0.0053334801848911699
0.0053334801848911699
0.0053334801848911699
0.0053334801848911699
0.0053334801848911699
0.0053334801848911699
0.0053334801848911699
0.0053334801848911699
0.0053334801848911699
0.0053334801848911699
0.0053334801848911699
0.0053334801848911699
0.0053334801848911699
0.0053334801848911699
0.0053334801848911699
0.0053334801848911699
0.0053334801848911699
0.0053334801848911699
0.0053334801848911699
0.0053334801848911699
0.0053334801848911699
0.0053334801848911699
0.0053334801848911699
0.0053334801848911699
0.0053334801848911699
0.0053334801848911699
0.0053334801848911699
0.0053334801848911699
0.0053334801848911699
0.0053334801848911699
0.0053334801848911699
0.0053334801848911699
0.0053334801848911699
0.0053334801848911699
0.0053334801848911699
0.0053334801848911699
0.0053334801848911699
0.0053334801848911699
0.0053334801848911699
0.0053334801848911699
0.0053334801848911699
0.0053334801848911699
0.0053334801848911699
0.0053334801848911699
0.0053334801848911699
0.0053334801848911699
0.0053334801848911699
0.0053334801848911699
0.0053334801848911699
0.0053334801848911699
0.0053334801848911699
0.0053334801848911699
0.0053334801848911699
0.0053334801848911699
0.0053334801848911699
0.0053334801848911699
0.0053334801848911699
0.0053334801848911699
0.0053334801848911699
0.0053334801848911699
0.0053334801848911699
0.0053334801848911699
0.0053334801848911699
0.0053334801848911699
0.0053334801848911699
0.0053334801848911699
0.0053334801848911699
0.0053334801848911699
0.0053334801848911699
0.0053334801848911699
0.0053334801848911699
0.0053334801848911699
0.0053334801848911699
0.0053334801848911699
0.0053334801848911699
0.0053334801848911699
0.0053334801848911699
0.0053334801848911699
0.0053334801848911699
0.0053334801848911699
0.0053334801848911699
0.0053334801848911699
0.0053334801848911699
0.0053334801848911699
0.0053334801848911699
0.0053334801848911699
0.0053334801848911699
0.0053334801848911699
0.0053334801848911699
0.0053334801848911699
0.0053334801848911699
0.0053334801848911699
0.0053334801848911699
0.0053334801848911699
0.0053334801848911699
0.0053334801848911699
0.0053334801848911699
0.0053334801848911699
0.0053334801848911699
0.0053334801848911699
0.0053334801848911699
0.0053334801848911699
0.0053334801848911699
0.0053334801848911699
0.0053334801848911699
0.0053334801848911699
0.0053334801848911699
0.0053334801848911699
0.0053334801848911699
0.0053334801848911699
0.0053334801848911699
0.0053334801848911699
0.0053334801848911699
0.0053334801848911699
0.0053334801848911699
0.0053334801848911699
0.0053334801848911699
0.0053334801848911699
0.0053334801848911699
0.0053334801848911699
0.0053334801848911699
0.0053334801848911699
0.0053334801848911699
0.0053334801848911699
0.0053334801848911699
0.0053334801848911699
0.0053334801848911699
0.0053334801848911699
0.0053334801848911699
0.0053334801848911699
0.0053334801848911699
0.0053334801848911699
0.0053334801848911699
0.0053334801848911699
0.0053334801848911699
0.0053334801848911699
0.0053334801848911699
0.0053334801848911699
0.0053334801848911699
0.0053334801848911699
0.0053334801848911699
0.0053334801848911699
0.0053334801848911699
0.0053334801848911699
0.0053334801848911699
0.0053334801848911699
0.0053334801848911699
0.0053334801848911699
0.0053334801848911699
0.0053334801848911699
0.0053334801848911699
0.0053334801848911699
0.0053334801848911699
0.0053334801848911699
0.0053334801848911699
0.0053334801848911699
0.0053334801848911699
0.0053334801848911699
0.0053334801848911699
0.0053334801848911699
0.0053334801848911699
0.0053334801848911699
0.0053334801848911699
0.0053334801848911699
0.0053334801848911699
0.0053334801848911699
0.0053334801848911699
0.0053334801848911699
0.0053334801848911699
0.0053334801848911699
0.0053334801848911699
0.0053334801848911699
0.0053334801848911699
0.0053334801848911699
0.0053334801848911699
0.0053334801848911699
0.0053334801848911699
0.0053334801848911699
0.0053334801848911699
0.0053334801848911699
0.0053334801848911699
0.0053334801848911699
0.0053334801848911699
0.0053334801848911699
0.0053334801848911699
0.0053334801848911699
0.0053334801848911699
0.0053334801848911699
0.0053334801848911699
0.0053334801848911699
0.0053334801848911699
0.0053334801848911699
0.0053334801848911699
0.0053334801848911699
0.0053334801848911699
0.0053334801848911699
0.0053334801848911699
0.0053334801848911699
0.0053334801848911699
0.0053334801848911699
0.0053334801848911699
0.0053334801848911699
0.0053334801848911699
0.0053334801848911699
0.0053334801848911699
0.0053334801848911699
0.0053334801848911699
0.0053334801848911699
0.0053334801848911699
0.0053334801848911699
0.0053334801848911699
0.0053334801848911699
0.0053334801848911699
0.0053334801848911699
0.0053334801848911699
0.0053334801848911699
0.0053334801848911699
0.0053334801848911699
0.0053334801848911699
0.0053334801848911699
0.0053334801848911699
0.0053334801848911699
0.0053334801848911699
0.0053334801848911699
0.0053334801848911699
0.0053334801848911699
0.0053334801848911699
0.0053334801848911699
0.0053334801848911699
0.0053334801848911699
0.0053334801848911699
0.0053334801848911699
0.0053334801848911699
0.0053334801848911699
0.0053334801848911699
0.0053334801848911699
0.0053334801848911699
0.0053334801848911699
0.0053334801848911699
0.0053334801848911699
0.0053334801848911699
0.0053334801848911699
0.0053334801848911699
0.0053334801848911699
0.0053334801848911699
0.0053334801848911699
0.0053334801848911699
0.0053334801848911699
0.0053334801848911699
0.0053334801848911699
0.0053334801848911699
0.0053334801848911699
0.0053334801848911699
0.0053334801848911699
0.0053334801848911699
0.0053334801848911699
0.0053334801848911699
0.0053334801848911699
0.0053334801848911699
0.0053334801848911699
0.0053334801848911699
0.0053334801848911699
0.0053334801848911699
0.0053334801848911699
0.0053334801848911699
0.0053334801848911699
0.0053334801848911699
0.0053334801848911699
0.0053334801848911699
0.0053334801848911699
0.0053334801848911699
0.0053334801848911699
0.0053334801848911699
0.0053334801848911699
0.0053334801848911699
0.0053334801848911699
0.0053334801848911699
0.0053334801848911699
0.0053334801848911699
0.0053334801848911699
0.0053334801848911699
0.0053334801848911699
0.0053334801848911699
0.0053334801848911699
0.0053334801848911699
0.0053334801848911699
0.0053334801848911699
0.0053334801848911699
0.0053334801848911699
0.0053334801848911699
0.0053334801848911699
0.0053334801848911699
0.0053334801848911699
0.0053334801848911699
0.0053334801848911699
0.0053334801848911699
0.0053334801848911699
0.0053334801848911699
0.0053334801848911699
0.0053334801848911699
0.0053334801848911699
0.0053334801848911699
0.0053334801848911699
0.0053334801848911699
0.0053334801848911699
0.0053334801848911699
0.0053334801848911699
0.0053334801848911699
0.0053334801848911699
0.0053334801848911699
0.0053334801848911699
0.0053334801848911699
0.0053334801848911699
0.0053334801848911699
0.0053334801848911699
0.0053334801848911699
0.0053334801848911699
0.0053334801848911699
0.0053334801848911699
0.0053334801848911699
0.0053334801848911699
0.0053334801848911699
0.0053334801848911699
0.0053334801848911699
0.0053334801848911699
0.0053334801848911699
0.0053334801848911699
0.0053334801848911699
0.0053334801848911699
0.0053334801848911699
0.0053334801848911699
0.0053334801848911699
0.0053334801848911699
0.0053334801848911699
0.0053334801848911699
0.0053334801848911699
0.0053334801848911699
0.0053334801848911699
0.0053334801848911699
0.0053334801848911699
0.0053334801848911699
0.0053334801848911699
0.0053334801848911699
0.0053334801848911699
0.0053334801848911699
0.0053334801848911699
0.0053334801848911699
0.0053334801848911699
0.0053334801848911699
0.0053334801848911699
0.0053334801848911699
0.0053334801848911699
0.0053334801848911699
0.0053334801848911699
0.0053334801848911699
0.0053334801848911699
0.0053334801848911699
0.0053334801848911699
0.0053334801848911699
0.0053334801848911699
0.0053334801848911699
0.0053334801848911699
0.0053334801848911699
0.0053334801848911699
0.0053334801848911699
0.0053334801848911699
0.0053334801848911699
0.0053334801848911699
0.0053334801848911699
0.0053334801848911699
0.0053334801848911699
0.0053334801848911699
0.0053334801848911699
0.0053334801848911699
0.0053334801848911699
0.0053334801848911699
0.0053334801848911699
0.0053334801848911699
0.0053334801848911699
0.0053334801848911699
0.0053334801848911699
0.0053334801848911699
0.0053334801848911699
0.0053334801848911699
0.0053334801848911699
0.0053334801848911699
0.0053334801848911699
0.0053334801848911699
0.0053334801848911699
0.0053334801848911699
0.0053334801848911699
0.0053334801848911699
0.0053334801848911699
0.0053334801848911699
0.0053334801848911699
0.0053334801848911699
0.0053334801848911699
0.0053334801848911699
0.0053334801848911699
0.0053334801848911699
0.0053334801848911699
0.0053334801848911699
0.0053334801848911699
0.0053334801848911699
0.0053334801848911699
0.0053334801848911699
0.0053334801848911699
0.0053334801848911699
0.0053334801848911699
0.0053334801848911699
0.0053334801848911699
0.0053334801848911699
0.0053334801848911699
0.0053334801848911699
0.0053334801848911699
0.0053334801848911699
0.0053334801848911699
0.0053334801848911699
0.0053334801848911699
0.0053334801848911699
0.0053334801848911699
0.0053334801848911699
0.0053334801848911699
0.0053334801848911699
0.0053334801848911699
0.0053334801848911699
0.0053334801848911699
0.0053334801848911699
0.0053334801848911699
0.0053334801848911699
0.0053334801848911699
0.0053334801848911699
0.0053334801848911699
0.0053334801848911699
0.0053334801848911699
0.0053334801848911699
0.0053334801848911699
0.0053334801848911699
0.0053334801848911699
0.0053334801848911699
0.0053334801848911699
0.0053334801848911699
0.0053334801848911699
0.0053334801848911699
0.0053334801848911699
0.0053334801848911699
0.0053334801848911699
0.0053334801848911699
0.0053334801848911699
0.0053334801848911699
0.0053334801848911699
0.0053334801848911699
0.0053334801848911699
0.0053334801848911699
0.0053334801848911699
0.0053334801848911699
0.0053334801848911699
0.0053334801848911699
0.0053334801848911699
0.0053334801848911699
0.0053334801848911699
0.0053334801848911699
0.0053334801848911699
0.0053334801848911699
0.0053334801848911699
0.0053334801848911699
0.0053334801848911699
0.0053334801848911699
0.0053334801848911699
0.0053334801848911699
0.0053334801848911699
0.0053334801848911699
0.0053334801848911699
0.0053334801848911699
0.0053334801848911699
0.0053334801848911699
0.0053334801848911699
0.0053334801848911699
0.0053334801848911699
0.0053334801848911699
0.0053334801848911699
0.0053334801848911699
0.0053334801848911699
0.0053334801848911699
0.0053334801848911699
0.0053334801848911699
0.0053334801848911699
0.0053334801848911699
0.0053334801848911699
0.0053334801848911699
0.0053334801848911699
0.0053334801848911699
0.0053334801848911699
0.0053334801848911699
0.0053334801848911699
0.0053334801848911699
0.0053334801848911699
0.0053334801848911699
0.0053334801848911699
0.0053334801848911699
0.0053334801848911699
0.0053334801848911699
0.0053334801848911699
0.0053334801848911699
0.0053334801848911699
0.0053334801848911699
0.0053334801848911699
0.0053334801848911699
0.0053334801848911699
0.0053334801848911699
0.0053334801848911699
0.0053334801848911699
0.0053334801848911699
0.0053334801848911699
0.0053334801848911699
0.0053334801848911699
0.0053334801848911699
0.0053334801848911699
0.0053334801848911699
0.0053334801848911699
0.0053334801848911699
0.0053334801848911699
0.0053334801848911699
0.0053334801848911699
0.0053334801848911699
0.0053334801848911699
0.0053334801848911699
0.0053334801848911699
0.0053334801848911699
0.0053334801848911699
0.0053334801848911699
0.0053334801848911699
0.0053334801848911699
0.0053334801848911699
0.0053334801848911699
0.0053334801848911699
0.0053334801848911699
0.0053334801848911699
0.0053334801848911699
0.0053334801848911699
0.0053334801848911699
0.0053334801848911699
0.0053334801848911699
0.0053334801848911699
0.0053334801848911699
0.0053334801848911699
0.0053334801848911699
0.0053334801848911699
0.0053334801848911699
0.0053334801848911699
0.0053334801848911699
0.0053334801848911699
0.0053334801848911699
0.0053334801848911699
0.0053334801848911699
0.0053334801848911699
0.0053334801848911699
0.0053334801848911699
0.0053334801848911699
0.0053334801848911699
0.0053334801848911699
0.0053334801848911699
0.0053334801848911699
0.0053334801848911699
0.0053334801848911699
0.0053334801848911699
0.0053334801848911699
0.0053334801848911699
0.0053334801848911699
0.0053334801848911699
0.0053334801848911699
0.0053334801848911699
0.0053334801848911699
0.0053334801848911699
0.0053334801848911699
0.0053334801848911699
0.0053334801848911699
0.0053334801848911699
0.0053334801848911699
0.0053334801848911699
0.0053334801848911699
0.0053334801848911699
0.0053334801848911699
0.0053334801848911699
0.0053334801848911699
0.0053334801848911699
0.0053334801848911699
0.0053334801848911699
0.0053334801848911699
0.0053334801848911699
VECTORS v float
-0.015082124876565468 0.079596665072457926 -0.0032552254237332235
-0.051439325373838558 0.21981127885984189 1.1503461918580994e-09
-0.015082013183687648 0.079596660752355566 0.0032553948301811881
0.0084702152331841783 0.042684034913269615 0.04268404539855003
0.084888208557886355 0.013727575450583821 0.01138763608722395
0.095658648970719642 0.0059522617006781435 1.0837784913829389e-09
0.084888239425403189 0.013727530937896394 -0.011387586224496383
0.0084705122191730438 0.04268382115857134 -0.042683766194057643
-0.01508222656024585 -0.0032553011091667893 0.079596805225810502
0.084888202158461892 0.011387636286349806 0.013727588641844648
0.098813748398903653 0.00080929733361932352 0.00080929770305810582
0.099722303937417531 0.00022485156211929255 2.0565326309974507e-10
0.098813753499870538 0.0008092949089171964 -0.00080929373773905885
0.084888257589869121 0.011387578085100259 -0.013727496211001548
-0.015081812340001496 -0.0032553004430410726 -0.079596420370385487
-0.051439585461825352 -3.9824366227106132e-10 0.2198116949831653
0.095658638834838328 -3.8859243390249954e-10 0.0059522852359498186
0.099722303625127129 -7.1004062543120889e-11 0.00022485217699990431
0.099953266590649306 -2.5392291887043945e-11 6.8043398164091297e-11
0.09972230532070353 -7.6859006545837129e-10 -0.00022485047105147576
0.09565866736085521 -3.5510022877935685e-10 -0.0059522170205658191
-0.051438886638406497 -4.0296806503249452e-10 -0.21981057702324955
-0.015082283871498974 0.003255211884035479 0.079596807622339477
0.084888187376342558 -0.011387661272109136 0.013727611966191043
0.098813747596865203 -0.0008092987913640269 0.00080929856277596219
0.099722303607995735 -0.00022485230262294514 1.9687029148784471e-10
0.098813750962267896 -0.00080929570352344048 -0.00080929521320982688
0.084888239462530837 -0.011387607790927455 -0.013727524128178436
-0.015081879715631128 0.0032551936087022375 -0.079596422792655497
0.0084700685254484025 -0.042684172191305783 0.042684160830873223
0.084888184034400405 -0.013727619071571143 0.011387662879980293
0.095658636404554812 -0.0059522936872481048 1.0050510996572729e-09
0.08488821278103173 -0.013727578476806833 -0.011387618522818716
0.0084703412269913556 -0.042683983161882745 -0.042683905782955091
-0.015082341840361804 -0.079596883926990145 -0.0032552440913413915
-0.051439705657067306 -0.2198119002148364 1.1139509928630724e-09
-0.015082240396344312 -0.079596879864192921 0.0032553958520942956
0.0063642211438614113 0.25711272725141365 0.014712610124834864
-0.0044775357664898988 0.57052501315880855 5.1573732957977796e-09
0.0063644980832148314 0.25711263565393727 -0.014711871656084567
0.018965051777803169 0.15120640671416116 0.15120644587304263
0.086985462469550773 0.043520860331785878 0.03783426651985726
0.095581481563255133 0.014205563105062562 3.7233790531617706e-09
0.086985538240236249 0.043520679630237348 -0.037834065511066252
0.018965658140637252 0.15120545255126486 -0.15120524817577741
0.0063640947088845793 0.014712383630288289 0.25711321643342605
0.086985454349959052 0.037834267519574541 0.043520900870252767
0.098751699362029391 0.0020113159489753805 0.0020113171011193576
0.099682543269127746 0.00059367409817623112 6.8038782854176352e-10
0.098751703930246224 0.0020113137923146573 -0.0020113037167550441
0.086985569795060003 0.037834039441751885 -0.043520464846068342
0.0063646332768265449 0.014712107787425981 -0.25711186277474968
-0.0044778685703624537 -2.2134830593513536e-09 0.57052613530149165
0.095581464991737045 -1.5982501510094306e-09 0.014205632997314732
0.09968254253993801 -2.6385767182947207e-10 0.00059367671824011399
0.099942958175018318 -9.6624570052021246e-11 2.440507008102225e-10
0.099682540363125724 1.1523894941125361e-08 -0.00059366655117667067
0.09558150492105924 4.057983238259178e-10 -0.014205450684179112
-0.0044772090668066507 -2.6954933447436659e-09 -0.57052343124041327
0.0063639352412280421 -0.014712792629613397 0.25711326118237765
0.086985417009715765 -0.037834374455209457 0.043521002139430463
0.098751697490339102 -0.0020113211664890777 0.002011320530111375
0.099682542509474323 -0.0005936771975009645 6.2469418572479558e-10
0.098751761709775579 -0.0020112080106468107 -0.0020111873093916857
0.086985513740984483 -0.037834149101476547 -0.043520685319368403
0.0063645034421302938 -0.014712519637654041 -0.25711192020892387
0.018964714816066073 -0.15120701611540885 0.15120697496586205
0.086985414786669657 -0.043521021226676518 0.03783438158938153
0.095581480722617893 -0.014205641884861977 1.5778506142376299e-08
0.086985480650383903 -0.043520847337438266 -0.037834195172488753
0.018965330083159964 -0.15120610298676901 -0.15120581996309124
0.0063639839018979141 -0.25711341019852102 0.014712754321832507
-0.0044777232209453578 -0.57052645978063199 2.3433737819384507e-08
0.0063642630126226367 -0.25711332687600119 -0.014712055108878077
0.043302024078091028 0.32324647420626157 0.041300742134985316
0.058755658585683955 0.70481401947195066 1.2708228383780492e-08
0.043302120790318928 0.32324623782903311 -0.041299353261488675
0.042550264826231164 0.2217930987079266 0.22179316393003315
0.089446979505483817 0.058134437433667599 0.050617397878888859
0.096996108718552368 0.018598975092192931 7.8526123857157486e-09
0.089447006800388126 0.058134090949505397 -0.050617023431244038
0.042550449223911421 0.22179132484580458 -0.22179098103415623
0.04330194147988304 0.04130041179255993 0.32324723765690988
0.089446967754308923 0.050617395964720299 0.058134511031881629
0.09901757675258957 0.0025219546130468198 0.0025219569787755763
0.099743319641062408 0.00077694979705677657 1.4061444092303246e-09
0.099017575604155639 0.0025219441470958589 -0.0025219291661650713
0.089447016210169303 0.05061699712911101 -0.058133945436666105
0.043302238671443116 0.041299500663572519 -0.32324522601515865
0.058755369602649522 -6.8482418465485009e-09 0.70481566962698805
0.096996086976272489 -4.3188433179085101e-09 0.018599109962276605
0.099743318629750499 -6.5860670186836003e-10 0.00077695573453804591
0.09995447615989897 -2.2134013841340496e-10 4.5905149751442239e-10
0.099743315692796555 1.7274963914291699e-09 -0.00077693790286632576
0.096996121690840195 -7.0465925111513775e-09 -0.018598799327060565
0.058755831712499151 -1.015851587179364e-08 -0.70481227558395521
0.043301638259934334 -0.04130153731657419 0.32324738340800274
0.089446896651806621 -0.050617680389723821 0.058134782302932016
0.09901757330206952 -0.0025219670774183109 0.0025219658906374437
0.09974331838977657 -0.00077695671016360097 1.1380564566547851e-09
0.099017569157118984 -0.0025219530954424352 -0.0025219375318638821
0.089446908041602519 -0.050617322759011249 -0.058134263357478504
0.043301755628699409 -0.04130085505908393 -0.32324539557255116
0.042549623343412224 -0.22179470322568753 0.22179463075743841
0.089446889792083803 -0.058134811285110319 0.050617692167759062
0.096996088762348873 -0.018599122190664993 2.0774299666332752e-08
0.089446875776301865 -0.058134517511909796 -0.050617384975732732
0.042549446292699189 -0.22179318364669592 -0.22179273553461462
0.043301508436152353 -0.32324748208052112 0.041301553055038256
0.05875510650215085 -0.70481586856437861 2.0484552307101831e-08
0.043301449390698146 -0.32324728014098669 -0.041300367260614639
0.06384404038057305 0.32643816840667444 0.072967528056198036
0.088996029938798585 0.71680208494807351 1.9907481554402955e-08
0.063842696779999444 0.32643807766861921 -0.072967929119558822
0.065142305081551388 0.26748652071558437 0.26748831545548901
0.09215028435088117 0.064639378312177337 0.057114916888320828
0.098013873602591242 0.018652633889024234 4.8700288587371846e-09
0.092149991444641546 0.064639421172370454 -0.057114915293800451
0.065141533079505015 0.26748639592867118 -0.26748592167954427
0.063842036958006207 0.072969093629028065 0.32643967953426523
0.092149904333133317 0.057115373843367664 0.064639962774788645
0.099165851624213888 0.0024868570461878663 0.002486868538215762
0.099781623625318505 0.00075079614275084584 9.9629510901340007e-10
0.099165851320287934 0.0024868336330843739 -0.0024868197552557624
0.092149984550181641 0.057114954570669133 -0.064639144416001104
0.063842487135141845 0.072967884910275491 -0.32643718405028638
0.088994895312867972 -1.3573181872827082e-08 0.71680477931867437
0.098013831197189843 -8.0441142267238836e-09 0.018652853869662023
0.099781620688070033 -1.2090430609743118e-09 0.00075080704303509527
0.099960122989152467 -3.9263208306843096e-10 1.9560865969415776e-09
0.09978162603813584 2.5030315392187896e-09 -0.00075078990857793031
0.098013871459467258 -1.1753302891748381e-07 -0.018651981454819899
0.088995614962825667 -4.2033631275085652e-08 -0.71680095808264122
0.063841825895784729 -0.072971106725967308 0.32643993714742037
0.092149849974257098 -0.057115883439908893 0.064640445779055491
0.099165840544184841 -0.0024868869170706891 0.0024868850186693346
0.099781620836880677 -0.00075080923086834231 1.8726201980347576e-09
0.099165841137534558 -0.0024868647468999283 -0.0024868603896374577
0.092149956122358254 -0.057115501722200791 -0.064639864792100529
0.063842283559226665 -0.072970422179390482 -0.32643761642788688
0.065140562469719165 -0.26749122165146177 0.26749110969652495
0.092149848967750275 -0.064640492740914907 0.057115899880729001
0.098013828278321155 -0.018652898314000108 7.2984663461145656e-09
0.092149948857342373 -0.064640180197298877 -0.057115550617657655
0.065141386149028049 -0.26748978278658397 -0.26748923037421868
0.063841938570184831 -0.32644021158039466 0.072971110161215352
0.088995095796445434 -0.71680509110961088 2.1143989802613723e-08
0.063842288877354436 -0.32643994140827837 -0.072969848230257386
0.077775594979194951 0.30675311756330709 0.076037433669526408
0.10137836262895121 0.6906020663937158 1.9335430615197239e-08
0.077775483485324745 0.30675331001175077 -0.076041170829629731
0.085264269036285756 0.2646249941698347 0.26462783603306922
0.094079008433398295 0.061408832674713469 0.055006206982553041
0.098451938104344314 0.016142210585622988 -2.0887644169774884e-08
0.094079012268527898 0.06140964780315826 -0.055006955969698998
0.085262159023510031 0.26462818738648269 -0.26462745728832066
0.077777250630802236 0.07603962026284973 0.30675595943228789
0.0940794729468762 0.055006929230564841 0.061409778698660392
0.099233982513332875 0.0021841308464160525 0.0021841592926268387
0.099796343284332081 0.00061987992756758128 -5.0803422566949713e-09
0.099233956589880254 0.0021839182876175691 -0.0021839194760157514
0.094079076410563886 0.05500621490057251 -0.061408776527213056
0.077775584406850243 0.076040737003587044 -0.30675312944497379
0.10137735580463574 -2.2031095735035304e-08 0.69060738839933344
0.098451911264137715 -1.9217815668961364e-08 0.016142552257869983
0.09979634959230671 -1.1000717439587299e-08 0.00061990250631937312
0.0999618662484167 4.8360885361540524e-10 3.0977136437418728e-09
0.099796337463856674 -7.6981801061531881e-09 -0.0006198837471120736
0.098451914507154167 -6.4149259342277081e-08 -0.016142077350106594
0.101378365593224 -2.2256107316584559e-07 -0.69060466915547758
0.077775715925839928 -0.076043986121685572 0.30675646759646913
0.094079089478869005 -0.055007988681616264 0.06141078105736985
0.099233940960462994 -0.0021841939550082574 0.0021841916490753953
0.099796339668617645 -0.00061990708594475256 2.5495068400965417e-09
0.099233935826944245 -0.0021841801183324094 -0.0021841696808875769
0.094079054901671108 -0.055007412712785891 -0.0614099801006283
0.077775484818010082 -0.076043109629499978 -0.30675409865418973
0.08526322505410798 -0.26463319140949232 0.26463302114530818
0.094079075087002154 -0.06141083606026046 0.05500801603507155
0.098451902162503796 -0.016142596960009827 4.6383464684562622e-10
0.094079028707159049 -0.061410312554515817 -0.055007459296437869
0.085262882198994625 -0.26463035290095721 -0.26462972922615396
0.077775338099454083 -0.30675676694136172 0.076043998220726966
0.10137664943254672 -0.69060788856409971 2.2156828376389389e-08
0.077775234991730391 -0.3067564772255173 -0.076041864448549587
0.082546349718069997 0.27889812534932068 0.060398706531246536
0.1051544709977153 0.64360862940651975 1.3177473568781952e-07
0.082546990464244532 0.27889814186680995 -0.06040111289523431
0.092413189102308349 0.23160843947522963 0.2316066184565457
0.094651715225617092 0.052996925126845743 0.047902723425788406
0.098486570510440977 0.013032642113746691 4.2622866792435084e-08
0.094651839507404939 0.052997242582054127 -0.047903142794500579
0.092414052955728063 0.23161236321878564 -0.23161123658516033
0.082545435611659682 0.06039424796031672 0.27890211321019148
0.094651614052822505 0.047902039581922393 0.052996492379734271
0.099250842676605791 0.0018033506283504134 0.0018032987850940983
0.099796618152175123 0.0004840276258455285 -1.4627579287418426e-08
0.099250881503829033 0.0018033156895298987 -0.0018032915819394747
0.094651835786501007 0.047902996460032474 -0.052997068787521522
0.082545898111581223 0.060400164572226842 -0.27889909848698802
0.10515141667897002 -2.3412597882262371e-08 0.6436161255811963
0.098486542363750026 -2.3065956205927446e-08 0.013034270769603883
0.099796628263906478 -3.3859696957348562e-08 0.00048402784432615835
0.099961327259193961 -1.4379696864220175e-09 -4.500612832201802e-09
0.099796686801607679 -4.3647483728553988e-08 -0.00048399321504556203
0.098486700611576938 -1.2149109502364692e-07 -0.013033808008185477
0.10515163499398489 -4.5788115985286465e-07 -0.64360999386378004
0.082546402688276607 -0.060400956085773096 0.27890277685576687
0.094651848423331505 -0.047903649448036517 0.052998044500750074
0.099250844458038501 -0.0018034160343133538 0.0018034180221102997
0.099796632603150512 -0.00048405342194734888 5.5329383100751078e-09
0.099250879311105905 -0.0018034069621859793 -0.0018034041848536545
0.09465180705191914 -0.04790338771550734 -0.052997555053816592
0.082546009110140747 -0.06040184522144644 -0.27890086286221394
0.092415290698576819 -0.2316134366262465 0.23161333614432691
0.094651921308078993 -0.052997962236084134 0.047903645645291371
0.098486592071779455 -0.013034289014440304 7.8890328802190023e-09
0.094651746579299534 -0.052997961822256238 -0.047903541108327501
0.092413630835020091 -0.23161285351263794 -0.23161173985306277
0.082547611303370169 -0.27890274306640384 0.060401135661630273
0.1051540381991371 -0.64361508645599741 7.202844650402833e-09
0.082546703444304342 -0.27890277055316376 -0.060400311826454882
0.081577964306573797 0.24780633466880236 0.043635225842844259
0.10409808064293453 0.5838757857810053 1.0953414921155073e-08
0.081576385449388694 0.24780624491296532 -0.043638425997681481
0.090701298996238564 0.19296486176798799 0.19296531469986775
0.094500398525988974 0.044300054250342114 0.040302774151858428
0.098338605841183854 0.010313545129236663 1.652590222261576e-08
0.094499993967153084 0.044300736381384861 -0.040303432750098692
0.090697710116688784 0.19297046302672 -0.19297066320252193
0.081575671093997548 0.043631415406851719 0.2478146791970717
0.094500662948573511 0.040296453129555425 0.044293756282574946
0.099235383612749528 0.0014503297337574565 0.0014502946071929339
0.099791656188799982 0.00037822489703935597 -2.0570812693627008e-08
0.099235361971479724 0.0014517906842740995 -0.0014518252820703828
0.09449994515904174 0.040303503365945341 -0.044300718605261677
0.081573794271165581 0.043635931517257177 -0.24781217691503499
0.1040953423394822 1.3778485689401539e-09 0.58389298107699728
0.098341022566191316 9.0166103409832469e-06 0.010296596167588011
0.099791607786424888 7.5604332366339685e-09 0.00037814267661528825
0.099960323630453055 -6.5873250891925924e-09 1.9260241486076725e-08
0.099792471465317445 -1.2204094489053725e-08 -0.0003776674191896636
0.098342496779666638 -4.5880532628984024e-08 -0.010313022228888394
0.10409291354616027 8.5719975369290832e-08 -0.58389281022368211
0.081577465876246064 -0.043632930884049605 0.24781443332566655
0.094500503203140226 -0.040303048903612207 0.044300577792228117
0.099235274524395525 -0.0014519197140781957 0.0014519080082416186
0.099791653705665478 -0.00037821121495771091 5.4642269116985286e-08
0.099235421088590944 -0.0014511915271097024 -0.0014511153580199102
0.094500468989302852 -0.040303200962053143 -0.044300563107460882
0.081575574429636047 -0.043633944990773423 -0.24781268900966771
0.090703945913962095 -0.19296567715950003 0.1929665014565497
0.094500582264674796 -0.044300147430303076 0.040302701282135832
0.098338637182239633 -0.01031360452324997 2.5278326916329303e-08
0.094500598772133168 -0.044300716074612195 -0.040303258161283606
0.090703415752999561 -0.1929679678141514 -0.19296713224448661
0.081579235804959807 -0.24781000998882907 0.043634444493102748
0.10409911857839456 -0.5838826672280103 9.7864788668860009e-09
0.081579079551980294 -0.24781000171149439 -0.043635716299604027
0.078062852219352011 0.21896300853754821 0.031589932448918667
0.099293693795109383 0.52304382146961748 1.9695208968715446e-08
0.078060953328437155 0.21896290971290239 -0.03160006716874942
0.086130473311366057 0.15970562027724253 0.15970867570181177
0.094111279494812766 0.037281784971018854 0.03406162920135878
0.098135892009879044 0.0083531127661654065 6.0986530170254505e-10
0.09411085552081358 0.037284562225039966 -0.034064149243136381
0.086125236149624626 0.15972164012487619 -0.15972498739245608
0.078062024663704155 0.031587766101522051 0.21897265688684742
0.094111129453791881 0.034062608453629031 0.037282745322187824
0.099204862911952268 0.0011953204851377155 0.0011952115802325717
0.099785404352030191 0.00030926776943568314 5.443262061492708e-08
0.0992054622423333 0.0011944816336452715 -0.0011945841927764192
0.09411073103359846 0.034064737062602927 -0.037285659719454474
0.078055128736964394 0.031595536458991151 -0.21897844579908024
0.09929262135706643 2.1860929723793277e-08 0.52306639783439435
0.098135933416412663 4.102714985920925e-08 0.0083537258391100065
0.099785252672091554 -1.1949192316973444e-08 0.00030945441743231703
0.09995925284832656 -3.7267511600453358e-08 7.8650380663160807e-09
0.099785610094536098 -6.5495690973033512e-08 -0.00030929757097641935
0.098137164150712983 5.6937296371262142e-08 -0.0083533733221326407
0.099282170043493254 7.5807725778816574e-08 -0.52308112571589194
0.078064492061095586 -0.031582975635112663 0.21897315885779806
0.09411171079806277 -0.03406124816593261 0.037282162440873984
0.099204908469187739 -0.0011953329088958905 0.0011953537706679335
0.099785228158893485 -0.00030948053508204838 8.5694428340792665e-09
0.099204929977084605 -0.0011953488676592415 -0.001195343233622397
0.094111437611698767 -0.034061740433867907 -0.037282680393096769
0.078059062891358222 -0.03158240998696326 -0.21897832487410362
0.086136306410870625 -0.15969918727313853 0.15970178529243362
0.09411197560479341 -0.037281173424488182 0.034060756307931261
0.098136047945760765 -0.0083530919928251832 1.0273557557145361e-09
0.094111826876906307 -0.037281581125818475 -0.034061147693227323
0.086134756210989108 -0.15970144398122249 -0.15970430538374747
0.078070264200655257 -0.21895971035728332 0.03158765812297603
0.099305687536180576 -0.5230337582493535 -1.6042255246935278e-08
0.07806991557173093 -0.21895980368998966 -0.031589338111268607
0.073617541550822549 0.19617151794827076 0.023849139944844985
0.092805329003821546 0.47215759734883189 4.6553085196159706e-08
0.07361830357070874 0.19617111966904516 -0.023862213578321769
0.080776446412120978 0.13468477834283019 0.13468745368211177
0.093651979249938941 0.032320581943260207 0.029583399934475032
0.097959732699510652 0.0071366825511705242 2.2870320047836378e-07
0.093652407065718576 0.03232336367464432 -0.029586491086278439
0.080777163656763185 0.13470477330184047 -0.13471100122479518
0.073621937364975534 0.023848927774839331 0.19617740943340445
0.093651454980753099 0.029584773768528826 0.03232205748319613
0.099175930614102598 0.001035797516170755 0.0010357693626729552
0.099779337096364801 0.0002706431412085107 -3.3629564021729906e-08
0.099178131505558195 0.0010388071818061507 -0.0010387589410428323
0.093652130589316124 0.029587528470508641 -0.032325299281849129
0.073616923250533275 0.023854796583287066 -0.19619793578152436
0.092813554375923465 1.4556938832646762e-07 0.47218762859973307
0.09796260569641306 9.8630240814854378e-07 0.0071336735497687419
0.099779200958100056 -1.1708675084430652e-07 0.00027068243847512785
0.099958135231993386 -6.0464085653621042e-08 -1.8703039298119405e-08
0.099779628580784929 -5.9472925071300711e-09 -0.00027059267357874177
0.097966206058116775 1.1608999416084609e-06 -0.0071253481218609051
0.092803900529161779 1.7751029323011438e-07 -0.47221819336756854
0.073625498441449513 -0.023835206347761324 0.1961765046813061
0.093652873767632205 -0.029580635470779267 0.032318304830529672
0.099174942068482055 -0.0010405434238797188 0.0010405613359460335
0.099779153060409576 -0.00027081493184365017 -1.0946913614413981e-09
0.099174968999630533 -0.0010405761907483155 -0.0010405834063871074
0.093652159800222567 -0.029582647511747388 -0.032320596495205106
0.073617652220054702 -0.0238332484863082 -0.19619773176636765
0.080784747096521392 -0.13466259545952144 0.13466757105381022
0.093653053928884483 -0.032316368268804206 0.029579655027123578
0.097959275118078365 -0.0071369217659488643 -6.5966591778031286e-09
0.093652517599725885 -0.032317692548623968 -0.029581086773325639
0.080778555922047621 -0.13466996034465301 -0.1346779552226208
0.07363032545721937 -0.19614569036050455 0.023846753075157184
0.092828077999850322 -0.4720961417925385 -2.5474657806721158e-08
0.073628015251947052 -0.19614600869884419 -0.023852306426355073
0.069453235422365464 0.18094597815847885 0.019617622837370563
0.086728416408368883 0.4369965253580782 -8.8479324442059168e-08
0.069448872936807057 0.18094723914261873 -0.019627950048985213
0.075963209418810324 0.11895151305986641 0.11895082281009173
0.093264834009143302 0.0293399001873519 0.026876446102392853
0.097839882100202002 0.0064731837706569441 -4.7590043182028227e-07
0.09326092554841002 0.029345833667488677 -0.026880074085392169
0.075963158977260831 0.11896397665541254 -0.11897106139966543
0.069459755857407698 0.019624487401488106 0.1809333634357437
0.093259024825067496 0.026878727768499699 0.029343503928617256
0.099154652514415978 0.00096128496106810885 0.00096137460865664784
0.099775536321419445 0.00025153238554867318 3.0151520608256183e-08
0.099155955797904413 0.00096008928906399715 -0.00096018489287695574
0.093264508781512684 0.026878543941931315 -0.029346557033671283
0.069456248828415765 0.019621904950648382 -0.18096859624259057
0.086748811020679342 1.8500571327884282e-07 0.43697022210039632
0.097838443883027995 1.0048574303995585e-07 0.0064746638533772095
0.099775232226837443 -5.9915920301008335e-09 0.00025162895858247517
0.099957402041714299 -1.4165682760283905e-08 3.2162340261320076e-09
0.099775405290341249 -9.6946810952957091e-08 -0.00025154014177982591
0.097839129111962533 -1.3914824297282584e-07 -0.0064732450247134369
0.086735105484367872 3.7535756303675577e-07 -0.43704750264933756
0.069459363768615945 -0.019608002132969978 0.18093052188405134
0.093259718772856631 -0.026872446488334926 0.029340721127308442
0.09915467152070391 -0.00096136119957604231 0.00096141106720820809
0.099775225062956288 -0.00025160473606950206 -2.0434570601829182e-09
0.099154670918838728 -0.00096142492398132082 -0.00096154303200462728
0.093258848083228985 -0.026877059603419202 -0.029346209013086266
0.069450791299921974 -0.019608368136801259 -0.18096793384830712
0.075959019733551889 -0.11892092241060755 0.11892828670215347
0.093260181922106319 -0.029337898546538586 0.026871006144465331
0.097838776626356802 -0.0064723518751814303 -5.5845445261637501e-10
0.093260349914754015 -0.029340336937220782 -0.026873677982850463
0.075955803283997633 -0.11893607391047152 -0.11895296204312661
0.069467225958418241 -0.18088468615414552 0.019624965174374183
0.086764769293565677 -0.43685261813508652 -2.1210813174104436e-08
0.069467936638555577 -0.18088471507406856 -0.019635576455336461
0.066568855946863625 0.17231952713821264 0.017801020090646744
0.082417596190225303 0.4166252221996552 -2.2897909938539074e-07
0.066566641041456515 0.17232184583370061 -0.017812138750087803
0.072788167694021327 0.11079318613955279 0.11078657183224508
0.093019384763469035 0.027850866985531339 0.02551934158497943
0.097771022866855628 0.006150782051632951 -8.2201790730676511e-08
0.093023434021097293 0.027852622308707074 -0.025521645339264945
0.072786233421043095 0.11080536472370861 -0.11080678934286833
0.066573859867830695 0.017817161526394301 0.17227193969097601
0.093018066925775966 0.025520583310047407 0.027847510516915207
0.099144021690222156 0.00092668445407371384 0.00092658774832715771
0.099773354880575621 0.00024312013333528462 6.7205182441032781e-08
0.099144627078873337 0.00092620867689286661 -0.00092637576882270993
0.093018873690985021 0.025523186075055181 -0.02784827519826396
0.066571345085157635 0.017805821313806456 -0.17233516661932305
0.082437537738638156 1.6224678146695747e-07 0.41653123659980368
0.097770125673466407 1.486725533005037e-07 0.0061495071929839251
0.099773229923977635 2.8515742794292536e-08 0.00024310988559313494
0.099957042720147535 -4.9665878380551861e-09 8.3488014311655239e-09
0.09977330856183883 -1.0777509778764813e-07 -0.00024310359612295243
0.097772509099198976 -4.7964525247508887e-06 -0.0061183012358120006
0.082425239679317974 -1.9507795606994506e-06 -0.41666660403705147
0.066573698151568439 -0.017812267116088461 0.17227651883685682
0.093018326687133987 -0.025516693934988864 0.027846555612261514
0.099144201206683213 -0.0009262226868832073 0.00092635546871418434
0.099773369028010941 -0.00024299480791745512 -2.7356924012218573e-08
0.099144127041373806 -0.00092643457337001505 -0.00092662480923567589
0.093018763635445367 -0.025522084951744722 -0.027855399078362153
0.066571053638335709 -0.017805959667544013 -0.17233404910255351
0.072787691297365897 -0.11076880911034294 0.11078685120939427
0.093020117167820188 -0.027842957709499478 0.025512749881677253
0.097770738400379101 -0.0061465178371584526 -9.5303144528525566e-08
0.093019273350990944 -0.027845962434507855 -0.025516110440893913
0.072790098543734263 -0.11078279092920096 -0.11081339840192916
0.066581990452116296 -0.17221302153758605 0.017827353209839129
0.082447053748861035 -0.41638727460229907 -1.5207707446907125e-07
0.066583607404829978 -0.1722138553131575 -0.017836735129826507
0.064989944770955516 0.16803433774866547 0.017183608764463239
0.079947431445994935 0.40635990688619733 -2.0857581992838729e-07
0.064993765572167822 0.16803573622468729 -0.017193383231328158
0.071156490762589619 0.10712548497472514 0.10711320408185192
0.092901034949052316 0.027193642387599793 0.024924316601998332
0.097736694680189543 0.0060052050575325677 -5.7827983059866487e-08
0.092902140345625259 0.027192491428342905 -0.024927981979218618
0.071161808741934562 0.10713881116778991 -0.10713636790206883
0.064999786287695357 0.017205479500672569 0.16796665317015727
0.092901462241439151 0.024921885824448389 0.02718935277402245
0.099140142711966667 0.00091275718315371099 0.00091264372893310234
0.099772645470547802 0.00023952953380792618 8.61136654507232e-08
0.0991453774861729 0.00090619122561553871 -0.00090611524015963088
0.092909233680798065 0.024926910514357713 -0.027175204676055848
0.064989487214582392 0.017184496098628318 -0.16804610564479425
0.079967546241038356 -6.8408791175493643e-08 0.40621001512524929
0.097737774678353359 1.6892032856999921e-08 0.006001933786415759
0.099772564242609565 -1.0504086809218483e-06 0.00023835808675994508
0.099957067639168548 -4.0561212019745949e-08 3.3167845478692858e-08
0.099773894038219083 -6.7950835694604956e-07 -0.00023792426914851018
0.097742456873573108 1.7062676188798713e-06 -0.0059799560670731142
0.079957854589590288 -7.9787709906963794e-06 -0.40647397564290771
0.065003944068611583 -0.017203744788311565 0.16796770760502003
0.092901136199543405 -0.024920986368642713 0.027187812630227737
0.099142417130865038 -0.00091100608252769433 0.00091107135949226078
0.099773726814361779 -0.00023891445479433873 -2.8441712724543178e-07
0.099141042993808909 -0.00090933746517063516 -0.00090961504798786695
0.092902928381158462 -0.024924391320437601 -0.027181351930849532
0.064991971541725507 -0.017177358430242724 -0.16804508723734968
0.07115587845603627 -0.10709926733843644 0.10712609603892689
0.092903546615937971 -0.02717907037785328 0.024913085633389558
0.097742290525936193 -0.0059980980568440576 -5.0486600259241426e-07
0.092907833621440797 -0.027181681039613274 -0.024916978779356905
0.071165077415605973 -0.10709703612154965 -0.10712890724484153
0.064989132517499881 -0.16790443466304655 0.017207082746679335
0.079947430009794346 -0.40608043506808661 -9.3851039190332495e-07
0.064993647042268232 -0.16790980036359168 -0.017215906462741466
0.064252222203962372 0.16608276773894717 0.0170169869681241
0.078745061355307386 0.40173547001617499 -1.4149896933640924e-06
0.064257611257715036 0.16608786283679486 -0.017020223363149563
0.070434668868600711 0.10561482605920548 0.10560124993368844
0.092854627903141015 0.026914954658390933 0.024686538435447287
0.097731666130224243 0.0059351783779779356 -1.5598851314330639e-06
0.092849688201031982 0.026924291348121764 -0.024683684710818082
0.070433225848816616 0.10561199358257174 -0.10561451316593695
0.064245378896006899 0.017041043868153742 0.16601026757559245
0.092855240616996557 0.02468468124250775 0.026911123332639012
0.099140371775550393 0.00090266944848531913 0.00090233329542432461
0.09977226888405899 0.00023785926676509701 -1.023180513358366e-07
0.099138128565723821 0.00090736747451393256 -0.0009075419514403462
0.092852875900341192 0.024684193081681242 -0.02692305884852738
0.064249243274022844 0.017012365801634725 -0.16610886026163885
0.078722861499040758 -1.7896877756245212e-06 0.40153817585160845
0.097729466347151447 -2.0780799633550871e-06 0.0059158234011107312
0.09977224214843626 -6.4118583769663926e-07 0.00023733519535733304
0.099957055899929648 -8.5347789111744841e-08 -5.4821453357569751e-08
0.099773445216372006 -1.839913810969794e-07 -0.0002365636915734362
0.097725170449687968 -1.1648926197534837e-06 -0.0059203791886100563
0.078735430048298291 -2.8317028855872104e-07 -0.40172925277284421
0.064252795068661994 -0.017024131125445225 0.16600749243032764
0.092849370463163924 -0.02467488395090402 0.026909945624497025
0.099138470965197456 -0.00090705836138828613 0.0009069201754174956
0.099773072077577851 -0.00023787741518859447 -6.0791846129563116e-08
0.099138933077847921 -0.00090738019824112648 -0.00090434312730575258
0.092852461026206007 -0.024678616247278302 -0.026919533910419086
0.064252998871271741 -0.016991955610658176 -0.16610427389653587
0.07043089795377043 -0.10557570123177709 0.10557939816721093
0.092866325472784034 -0.026911956128438171 0.024673143457309483
0.097726190659106649 -0.0059386198828698345 -3.005042766773818e-07
0.092862023375128028 -0.026907332933202247 -0.024676498316848063
0.070437679410086981 -0.10556171108988877 -0.10558958629471073
0.064229958938821066 -0.16597759872986415 0.017036661868457939
0.078719065512401709 -0.401406817691283 -7.0662491559527125e-07
0.064240642385049007 -0.1659820506411899 -0.017027211819970453
0.063957716534250378 0.16521013710430993 0.016992931331530462
0.078236430285855307 0.39951696786704727 5.0479429320472889e-07
0.063975553443688701 0.16520745798305975 -0.016987537999897055
0.070155046179688041 0.10499358281178825 0.10498133289213846
0.092830337931776127 0.026813428571772623 0.024584672235801783
0.097715784783128257 0.0059158740274946782 2.6189147960157322e-07
0.092834946709599506 0.02681130560431591 -0.024582936740612477
0.070170086827045758 0.10499415290585136 -0.10501943809192396
0.06394608880314441 0.016996076267983135 0.16518063626066809
0.092830182603852868 0.024582164063402037 0.026809909636279231
0.099136772194091907 0.0009055536069788923 0.00090546541691559313
0.099772016829058646 0.00023753122711122073 -1.6602947406703515e-07
0.099137247563172187 0.00090486006864446723 -0.00090508474400159472
0.09283124157759369 0.02458820129000221 -0.026816650930147193
0.063948268082075058 0.016986454706093879 -0.16525920444981518
0.078204842675570083 3.5380506740781488e-07 0.399449574824011
0.097715119965406494 1.6105783478462588e-07 0.0059144553006821197
0.099771885832841994 8.7663315661820412e-09 0.00023766052843722095
0.099956994142190045 6.120444205327845e-08 -4.6476515954448657e-08
0.09977228593733134 1.571471751734197e-07 -0.0002375549559256921
0.097720649392660744 2.3405530557163547e-07 -0.0059163866660537322
0.078215220448059439 3.999896450065157e-07 -0.39962425739157237
0.063943735129707385 -0.016982122775194949 0.16517789249268369
0.092829496127583094 -0.024578054782566628 0.026806126605147054
0.099137066339589061 -0.00090525377744652715 0.00090523096052290029
0.099772821807603926 -0.00023736706518846448 -2.7142261939040686e-08
0.099138146515558093 -0.00090443242003706865 -0.00090548061430278503
0.092829460674751049 -0.024583957913134002 -0.026814022836157286
0.063946875035221631 -0.016961795001293155 -0.16525589871847784
0.070150732208080643 -0.10498374378269279 0.10496618822890953
0.092832002070197345 -0.026810553256649591 0.024582449622482464
0.097722253187906366 -0.0059129830020982887 7.095319795331344e-08
0.09283009177215229 -0.026800963493069822 -0.024582028873089246
0.070151152425802873 -0.10494981921831056 -0.1049821922552248
0.06392707849881181 -0.16516370976758712 0.017006682830240066
0.078176031769802645 -0.39943103360069315 2.414849628876033e-06
0.063925589074729366 -0.16516270748926098 -0.016977084443988519
0.063838292431921601 0.16478652249783002 0.017010477832820361
0.078022254249431391 0.39849091759366356 1.2858218676302997e-06
0.063833321707253671 0.1647777237876118 -0.016972119641115356
0.070049238477183362 0.10473287741439734 0.10472049465555272
0.092823376112711423 0.026765904235016867 0.024542918624307148
0.097713573438571885 0.0059021295441241007 7.3302949497986292e-07
0.09282186039523331 0.02675361877390367 -0.024531100848391534
0.070045334565253692 0.10470543161830152 -0.10476367322104534
0.063823091458830722 0.016990402288094057 0.16480163667422643
0.092823501471031522 0.024540142225733697 0.02676265142354961
0.099136537838175012 0.00090466312339936288 0.00090462318490203066
0.099771857803314823 0.00023720373484960685 9.6146009421004517e-08
0.099137492162723079 0.00090277922028929433 -0.00090347720902440648
0.092826602693489538 0.024544255846142931 -0.026767604153550718
0.06384366133480722 0.016993515029163339 -0.16484956790725372
0.077984775713566837 2.0769342465721623e-07 0.39852689657022539
0.097713256286899211 1.0300875088969068e-07 0.0059029115149224383
0.099771940266801959 3.3608987564944221e-08 0.00023746415136117839
0.099957031284435657 -7.1347283015991311e-08 -3.6350406215633275e-08
0.099772758791844593 -4.0638174803702969e-07 -0.00023688003569170295
0.097717801583905112 3.580505432446759e-08 -0.0059036054841483405
0.078030995602000358 4.9704945237632117e-07 -0.39862945017276369
0.063821962074588401 -0.016981487358217872 0.16480020907089726
0.092823579866685338 -0.024537561559135793 0.026760351687836401
0.099137011590776897 -0.00090430413214123977 0.00090443015225221725
0.099772502807965333 -0.00023654380436449754 -1.7021162704174084e-08
0.099138789290930757 -0.00090288042181357073 -0.00090310011122029556
0.092827800362494828 -0.024540509213661705 -0.026764163542642154
0.063838684479685631 -0.0169712196570324 -0.16484599461987476
0.07005087789679422 -0.10471715843226111 0.10471010631815127
0.092825238516893463 -0.026761461705674984 0.024539068056376578
0.097726994105723622 -0.0058775457589534752 -5.0258060618126443e-07
0.092836252258354887 -0.026741191842596927 -0.024534231218996418
0.070055864802995083 -0.10469043502138489 -0.10472355030454673
0.063842976434586599 -0.16479795671664244 0.016989185450460392
0.078021478083309753 -0.39852013732526975 -1.8981905145562724e-06
0.063838232254807642 -0.16478716151731254 -0.01696347071116459
0.063802924200667591 0.16454423122270487 0.017026426229809398
0.077947428171244448 0.39792057959810595 1.6446345631654931e-06
0.063809580037883368 0.16454909969940007 -0.017003875052898482
0.070027459741493353 0.10459174293782239 0.10457358479625672
0.092822879529705388 0.026738639311001719 0.024518937412806044
0.097714640178201265 0.0058900404027454325 4.7515246271643272e-08
0.092824999070110645 0.026733994417639819 -0.024515937515054334
0.070039354604409146 0.10458130858913468 -0.10460788366361606
0.063816178906601323 0.016986852578262539 0.16458558961504807
0.092824340008265005 0.024514874336019624 0.02673386050999875
0.099136624738011131 0.00090405594928849326 0.00090395044062245892
0.09977188345264433 0.00023687996835287294 -1.3384078965720207e-08
0.099137737180434865 0.00090127529980952171 -0.00090197193208808749
0.092824830776992343 0.024517987773012232 -0.026738108294321442
0.063840204654753624 0.017016784556644817 -0.16455859524937663
0.077970216719595878 4.7257498599898635e-07 0.39799925850564483
0.097719507655365592 1.099695220374176e-07 0.0058936604103513208
0.099772010294297692 2.6816624408854142e-08 0.00023724514582042878
0.099957149600781864 -9.9646656218504075e-08 -2.105421150567807e-08
0.09977205474277491 -1.0931444234220249e-07 -0.00023712616018567207
0.097714184524266584 -1.0626467177276462e-08 -0.0058950581497481608
0.078022171581912686 -3.7701806611933851e-08 -0.39793843786619837
0.063815093993276006 -0.016970673830095675 0.16458418411685213
0.092825203871151687 -0.024510229814758946 0.026729521405220499
0.099137037087055027 -0.00090364682101076266 0.00090365480724149657
0.099772325356824634 -0.00023666463508250924 -1.429546797835015e-07
0.099139632935645483 -0.00090282474592003981 -0.0009032917429888965
0.092829373650345479 -0.024505429765111275 -0.026724724789303086
0.063858649644205151 -0.016965567729024085 -0.16455686468205769
0.070044550029325831 -0.10455801127553471 0.10455385457474276
0.092825948106838252 -0.026730272888153245 0.024511101060881231
0.09771535994454246 -0.0058943601090227582 4.4385415006449633e-08
0.092835874646329586 -0.026716668858928996 -0.024499283229321864
0.070084326654936649 -0.10449670538757497 -0.10452347081612437
0.06382960076650282 -0.16451548150671172 0.017009756323317901
0.077995377085907355 -0.3978567142186672 -9.897429614453459e-07
0.06384162381763589 -0.16452056841520205 -0.016958575665404093
0.063812741420522068 0.1643369117117898 0.017043159779882241
0.077976241477592273 0.3974165259455999 -9.6049262862853963e-07
0.0638124126792768 0.16432826332354608 -0.016982509433655844
0.070016909984619499 0.10447829552835039 0.10444669216831859
0.092823780661423397 0.026714259205559407 0.024497494374420975
0.09771860800239493 0.0058833531485999483 4.4323509854591147e-08
0.092829316950185176 0.02668948756456609 -0.024467761988300141
0.070034450160937622 0.10442256875447178 -0.10445861541064271
0.063809870369395144 0.016998171542058162 0.16435574711143147
0.092824627258706008 0.024490511879902772 0.026705157931670387
0.099136887343063501 0.00090328346585383864 0.00090310820879471656
0.09977250888200799 0.00023659881296154886 4.4760310795684048e-08
0.099139247038835102 0.00089769870791161566 -0.00089422312547570056
0.09283207987237635 0.024476169636517917 -0.026691390854546419
0.063845051707605363 0.017059489798987502 -0.16424797643891337
0.077964205177690385 -6.1900593364434488e-09 0.39747879363750699
0.097714255264268107 3.0236397608215906e-07 0.0058863827490115246
0.099772057589942967 6.9314478430974263e-08 0.00023696493981230517
0.099957088747456777 4.3773444192781569e-08 2.0845096043842935e-08
0.099772601290759572 8.8791998606303442e-08 -0.00023683209974404622
0.09771627765213832 1.5966887435424023e-07 -0.0058837075487481686
0.078045462921855727 8.1647769419530527e-07 -0.39720345629543541
0.063797820808687872 -0.016981985213479968 0.1643544409211537
0.092821859919818644 -0.024484670354396696 0.026700379149337636
0.099137102955079548 -0.00090248677391011251 0.00090250251858870509
0.0997722890078198 -0.00023658629448565418 -1.8290417414618791e-07
0.099137290418244456 -0.00090191527508055966 -0.00090213480199617202
0.092820635092144888 -0.024473265247366358 -0.026687621252412284
0.063821643186709451 -0.016994754332617663 -0.16424392558977921
0.06999610455491076 -0.10443377297437428 0.10443212490496673
0.09282410454180802 -0.026699500711731772 0.024485295733187043
0.09771551400844182 -0.0058807289691423896 1.587771184750094e-06
0.092820929435715543 -0.026682468613607999 -0.02446983687091403
0.069966337782083679 -0.104339647265962 -0.10435486597394078
0.063837008007187029 -0.16423753886613784 0.0170455045504985
0.078048515161830825 -0.39719776867236006 -1.9270325247107091e-06
0.063815310280770143 -0.16424559922712262 -0.016978544908063269
0.063892139001130485 0.1640147460485257 0.017107291046764467
0.078129524785187532 0.3966606507013602 -2.614732697735851e-06
0.063925485014596883 0.16401431912901993 -0.016994548941076361
0.070039191630147643 0.10436488579697381 0.10433133994695072
0.092833134482126226 0.026683201130929073 0.024472051069929592
0.097720001020721134 0.0058527758904696253 -1.0732114162315607e-06
0.092850991329848725 0.026642175837325647 -0.024443227112549336
0.070124873884786942 0.10421500502697484 -0.10424170005575155
0.063816577037775477 0.017002750693946328 0.16414254139810708
0.092833004317136356 0.024466050268632685 0.026664229342386794
0.099139663692330002 0.00089920288186530592 0.0008986834995105004
0.099772828618803558 0.00023601445031658453 -8.5462640396091042e-09
0.099138006918620333 0.00090085160045213824 -0.00090138615203131766
0.092839894362954659 0.024449387559685402 -0.026657241578446161
0.063957240359915984 0.017122070208632 -0.16384257397280824
0.0779579327452221 -6.5178985088396155e-07 0.3970246427546773
0.097721762783611568 1.0782570798256248e-06 0.0058739505640751826
0.099773110848761476 2.9499466713915927e-07 0.00023598622580445607
0.099957040995316687 1.9004023942766973e-08 -3.041851167785533e-08
0.099772710383751698 2.1537102931616551e-07 -0.00023607015545513277
0.097718501589264289 1.2010613511354413e-06 -0.005868370907205574
0.0782576948994015 1.1925848391246189e-05 -0.39618354878761064
0.063791903881104978 -0.017039956238088707 0.16416238559710752
0.092833859483595876 -0.024475120975287781 0.026675348945618387
0.099140836932775464 -0.00089677149148653722 0.00089617300987707431
0.099773139759319812 -0.00023527225835409397 -1.7185482891006619e-07
0.099138377322519469 -0.00089896783925414478 -0.00089966254848805323
0.092838677727294483 -0.024454659411480537 -0.026663900875600381
0.063971703252098291 -0.017157208048166638 -0.16379698596330886
0.069993700818134524 -0.1044024402576316 0.10441027274623348
0.092834232511542686 -0.026671547644105273 0.024463099261342564
0.097726937884285228 -0.0058293494908374264 -1.7310234021415434e-06
0.092839157559454669 -0.026661588629257684 -0.024455108106154453
0.070059722961821363 -0.10436160766047727 -0.10436445086036787
0.063879423787746456 -0.16384473237141942 0.017178681383943826
0.078144518184374789 -0.39630302788964117 -4.5660345137394066e-07
0.063922659703100959 -0.16384142042891398 -0.017135335958656253
0.063988343317431903 0.16345470264878517 0.017226989382208912
0.078326704686290036 0.39537936246595157 -5.4192377768964331e-06
0.06399046165310332 0.16344377844582167 -0.0170273847566417
0.070074409304894864 0.10415789766201754 0.1041590759776657
0.092836337802067626 0.026633358991573413 0.024432145643352013
0.097721495743774547 0.0058480464801102467 -1.2120899248324874e-06
0.092839202562809642 0.026580051313199578 -0.024377472804533614
0.070093185305013253 0.10388705611710433 -0.10392802420763059
0.063799424766109947 0.016953841120311623 0.16396259953848324
0.092839197959364447 0.024430879650442498 0.026636660686286586
0.099141466041414952 0.00089748755236754112 0.00089765136618584094
0.09977273191896241 0.0002349697250721636 5.8222166073179382e-07
0.09913960296937796 0.00089811700102917298 -0.00089788586453989222
0.0928437096318738 0.02438525415883561 -0.026584588768667677
0.063884220920530796 0.01718419668144977 -0.16330168178967494
0.077903511302364933 5.019965377304446e-06 0.39666546010871223
0.097736798163055541 1.8246275553240881e-06 0.005795989332400696
0.099774131617660064 3.4164298107678279e-07 0.00023433866313131535
0.099957220465063931 -1.3279994520480929e-07 -5.3723289699262478e-08
0.0997729860184495 -5.2103584615649805e-08 -0.00023463743389554585
0.097725132090739908 1.3320057341488455e-06 -0.0058283626732213833
0.078080640851897171 2.5807758984702986e-05 -0.39494775046452602
0.063775930729541103 -0.017032617122482403 0.16395609834619898
0.092837384552801591 -0.02442347521621531 0.026624584177526792
0.099148661525621601 -0.0008880828182806828 0.00088120620561904506
0.099773422257855127 -0.00023444470410995352 1.8840238978483371e-07
0.099144295749897873 -0.00088031535918341934 -0.00087995360930031446
0.092839234143925739 -0.024385679216269978 -0.026586329903519973
0.063868075653133113 -0.017255778363082921 -0.1632032716420915
0.070000556367614028 -0.10432803944403367 0.10434226636646153
0.092857865882353799 -0.026597483410884006 0.024414834459019461
0.097723195197798332 -0.0058444448752211411 1.7516889703178009e-06
0.092837349746832928 -0.026583860850587778 -0.024389288174944942
0.070041617321079594 -0.10424179717735349 -0.10422728766729925
0.063789423134213014 -0.16347608490968818 0.017265611985006136
0.07790397348443702 -0.39551177190690034 3.165524909896205e-06
0.06377924310179145 -0.16342746014506732 -0.017156207906490355
0.064097010636810517 0.16267253700334353 0.017373671618633939
0.078517738374383764 0.39349370748592294 4.8449618009740164e-06
0.064069381276989856 0.16264218639278855 -0.017256787877976295
0.070124630595986198 0.10383039184162415 0.10393950410905563
0.092846291422929467 0.026556655564687982 0.024374065037140454
0.097723694314560405 0.0058260637305571523 3.8682236803841472e-06
0.092849655632400066 0.02651988322056725 -0.02432769398429015
0.070089893834413788 0.10374655709004847 -0.10374290899124222
0.063839619141876303 0.016897982821529094 0.16379083583450216
0.092847630591378752 0.024394820983393829 0.026601615062038304
0.099141272536668823 0.00089361091571795598 0.00089484776434495966
0.099772665438379635 0.00023461660202514492 2.3502406928867821e-07
0.099141023337539311 0.00089289054966949636 -0.00089354951728855378
0.092851849725812535 0.024327127812910646 -0.026523173908136032
0.063964873106298614 0.017107462923586465 -0.16294682128844748
0.077991729059213019 -1.0335562202511691e-05 0.39623099772255249
0.097720040607123276 4.2127477257423991e-07 0.0058238845231368555
0.099772665055510398 -1.2847585561444773e-06 0.00023433766057368778
0.099956940822724105 -2.033268379320412e-07 -1.2299902004836708e-07
0.099772760055544529 -4.628792172994911e-07 -0.00023477495069722912
0.097722771506159545 -1.9148928175550833e-06 -0.0058301471309377571
0.07813555285424835 4.0973222518795752e-06 -0.39416253887570107
0.063848160620375349 -0.016991394456016971 0.16379713703860527
0.092829343083617302 -0.024413825180328343 0.026621844802218617
0.099140588908655389 -0.00089188037547142018 0.00089220928249002815
0.099771942186971552 -0.00023588201712674957 -3.0034460506720151e-07
0.099136314893079946 -0.00089812129345717142 -0.00089766756892358521
0.09285625769607686 -0.024352797068186702 -0.026491889600061633
0.063933006892328753 -0.01720045142597482 -0.16293526164259528
0.070062456989163219 -0.10410047144171264 0.10411260155389214
0.092830587064460776 -0.026615525509970289 0.024412194367870753
0.097712240522005195 -0.0058570140407324745 1.6041552020532706e-07
0.092836288290364471 -0.026573463027522622 -0.024388254529362392
0.070106144839511567 -0.10397091946415225 -0.1038578848216106
0.063775123806067702 -0.16345938268512017 0.017154860560958034
0.077807451905523864 -0.39538355325919466 -1.7220897514923953e-06
0.063774224000002905 -0.16346522905534663 -0.017061251999336381
0.064191139318573356 0.16167988964797017 0.017515576063054122
0.07865494814646784 0.39118404796286665 1.137590464959735e-05
0.064230372047761566 0.16159178674293975 -0.017478953776601698
0.070197159982403057 0.10337199530178351 0.1036113556632768
0.092856215042409193 0.026451553567058722 0.024290658519173527
0.097727990080287444 0.0057842206957758038 8.6038240614352873e-06
0.092875546101737941 0.026409124114035315 -0.024232879843830386
0.070168581295873778 0.10353777588559172 -0.10361740237917477
0.063991622892760947 0.016878300712355073 0.16336877131914562
0.092853835139131341 0.024329070906163704 0.026535468034442455
0.099137536846232568 0.00089676206006354133 0.0008986809175598507
0.099773318647886869 0.00023313067292979694 1.7889465705027152e-06
0.099145049403489657 0.00088011656092202586 -0.00088148856049098158
0.092845895230283457 0.024243335058527112 -0.026434062611585936
0.064054112369584748 0.017160034432403989 -0.16228227299122433
0.078222247580928564 2.730808672855382e-06 0.39519746470425976
0.097715062618282722 3.8798570737659774e-07 0.0058577621681600214
0.099771861060352338 -1.104881008678674e-07 0.00023589063705152798
0.09995680541192549 -1.464552910857039e-07 3.1119487877509989e-08
0.09977227450843669 -1.1536749287597002e-06 -0.00023423034737451537
0.09772210245087648 -5.1178543470785871e-06 -0.0057974775401013904
0.078468515701799912 -1.5244604494736587e-05 -0.39281559787484227
0.063990491603429969 -0.016985767630826369 0.16337300410325431
0.092841061075422421 -0.024362305544462736 0.026565456239449475
0.099136909490943489 -0.00089887421409850675 0.00089892949496903388
0.099771659883547748 -0.00023611279944218432 -2.7354643606125213e-07
0.09913699703819763 -0.0008987689604592682 -0.00089783226274204036
0.092854019559292164 -0.024277419960463429 -0.026450717340688438
0.064139500856350298 -0.017104958393937223 -0.16234230080688652
0.070150374821568634 -0.10379343388790721 0.10379694496533938
0.092838781937916143 -0.026564531738586063 0.024364349380713048
0.097714796621847705 -0.0058502897249633097 -4.3088800498012049e-07
0.092850076117405367 -0.026518052157919671 -0.024316322496228514
0.070260870878918649 -0.10348317051172302 -0.10329372541276374
0.063988081782268114 -0.16323725697727781 0.017054515331155568
0.078218004545388201 -0.39482676163955555 -1.0502598738914517e-06
0.064037873194976794 -0.16324064687782316 -0.016853814116868315
0.064085152769772016 0.16069326553620508 0.017615046642792623
0.07839488259172149 0.38893615250033026 1.4366334024670519e-05
0.064035335859640025 0.16057160761468198 -0.017576562709814027
0.07018338054927141 0.10286898555184275 0.10319993706777765
0.092855619339447235 0.0263385854552887 0.02419604373510335
0.097727198017322645 0.0057466294782606685 1.0121590089180417e-05
0.092840465249385357 0.026282673228053246 -0.024125422380599216
0.070068963625375721 0.10305044367638531 -0.10343921511013089
0.064014734798438194 0.01692679385424661 0.16269906001807538
0.092850911568186992 0.024263510159929592 0.026460351058865697
0.099138870995876552 0.0008937857854506182 0.00089583750261747078
0.099772994589930622 0.00023220473691417529 1.7975164250561504e-06
0.09913776660552083 0.00088052770192337888 -0.00088398198700719824
0.092841486535645626 0.024211052384571288 -0.026399041905778055
0.064000832208966948 0.017526089268109623 -0.16137268201524091
0.078333892617220152 -7.4099798117348935e-07 0.39362117447780881
0.097723576727007405 -1.3849288531018479e-06 0.0058220866019884363
0.099772095806704361 -3.0688977801569097e-07 0.00023529572444050859
0.099956798081543369 -2.5694092581156004e-07 6.1682442444850929e-08
0.099772128329062792 -1.0217603964754091e-06 -0.0002338962611455288
0.097719286611289605 -4.9489007787092845e-06 -0.0057824035276005849
0.078359113093409094 -1.0022805012877031e-05 -0.39061015704769758
0.064214035405881276 -0.016789456777791114 0.1626891145161834
0.092895364713372341 -0.02422693038104809 0.026419695716234735
0.099137542814631274 -0.00089708364267423373 0.00089629413168447524
0.099771907912867885 -0.00023576589532199561 2.3501886656288374e-07
0.099138714213015025 -0.00089583315584889093 -0.00089476528361698553
0.092823789668441584 -0.024218674410620832 -0.026384130058166394
0.063914774655831508 -0.017366857428699065 -0.16142338313252413
0.070207041617318416 -0.103580333585477 0.10319125058995963
0.092824073610726004 -0.026515600241406038 0.024322242038687911
0.097719628362924124 -0.005830335467980393 6.9140277480044927e-07
0.092823425183307134 -0.026451030334741096 -0.024256265720345768
0.069870371628345473 -0.1031663094850918 -0.10297671152981357
0.063872769774867777 -0.16257508727552161 0.017251412352371664
0.078227268362563732 -0.39330374621636632 -1.142779423125762e-06
0.063853719684598423 -0.16257404179390408 -0.016965150328429865
0.064041387676915057 0.16012104558967502 0.017489828988938739
0.0781063359257054 0.38761592168421444 9.9573988909274195e-06
0.063917092575503404 0.1600266999444038 -0.017739519469489731
0.070296539208026532 0.10247542723002387 0.10277279944094762
0.092886504058877301 0.026221886556527105 0.024085632918994841
0.097719558841924237 0.0057279996042891709 6.1549036498137667e-06
0.092843650056896709 0.026251244771074014 -0.024102131507876157
0.070215529812558103 0.10286947896761493 -0.10296376109624367
0.06463365827952311 0.017077536688451071 0.16144563954508792
0.092895269453072291 0.024147756004295903 0.026311550085895145
0.099141799189357185 0.00088628112599816605 0.00088855195220204118
0.099773660144715753 0.00023008217069220025 1.2589921650657312e-06
0.099138615890547371 0.00087909507272019465 -0.00088151299893451105
0.092888383660193696 0.024113889640194636 -0.026285139717577316
0.064366178429279289 0.017561861518829366 -0.16048308570213377
0.079457164886846413 -2.0483337272951198e-06 0.39067817979394814
0.097732501778313677 8.0067197017008282e-07 0.0057838993505563161
0.099772742128552361 -3.9152866772539912e-07 0.00023448655747866667
0.099956935337176728 -2.0645346973844582e-07 7.8303372962045161e-09
0.099772727757298715 -2.8490951787694038e-07 -0.00023255319569464751
0.097728430007540293 -2.4638091940154863e-07 -0.0057501367597398885
0.078730839121056079 -1.3753221191365219e-05 -0.38854339559222362
0.06450009338029522 -0.0166574700655517 0.16143837997322336
0.092855012613156943 -0.024037562139173168 0.026211388411651045
0.099141074917681635 -0.00089102767784365628 0.00088996878453610523
0.099772820728199235 -0.0002343360754525253 8.5716134149232983e-07
0.099143092289043722 -0.00088660968904381821 -0.00088513975996024638
0.092983259726554801 -0.024070294165609938 -0.026229672314601885
0.064669334602903986 -0.01727927367930962 -0.16055818562334742
0.070501800432529266 -0.10319564416831548 0.10261516372538408
0.092957216042171706 -0.026360204109596885 0.024178784914523611
0.097730948992398536 -0.0057901827792245257 3.0031274568891027e-06
0.092963550940149339 -0.026314631307119422 -0.024128215612351182
0.070920692785561859 -0.10296292462283171 -0.10268889386188806
0.064650814908409751 -0.16177572473823248 0.01708531527495346
0.078799977923208989 -0.3915276292856798 -1.3401066134864633e-05
0.064594184246029682 -0.16184316198924811 -0.016882675493635504
0.063933376905847203 0.15989748275577162 0.017038525975384997
0.077860542638734972 0.38715359880018557 1.8864650300839136e-05
0.063829321958651875 0.15979131415375558 -0.017668461949374374
0.070353051190215399 0.1021620831380082 0.10220315955110246
0.092884490612899884 0.026068901189554117 0.023927390765305867
0.097721313854019679 0.0057067895108807061 1.5710638325614502e-06
0.092839258810453129 0.02620964836701754 -0.024063896237488912
0.070024082226697662 0.10263430181184004 -0.10232572979321185
0.063934941025812431 0.017055362191041087 0.15986353640426124
0.092906096896652066 0.023929723134409116 0.026089590755399475
0.099142178227692238 0.00087695602948051365 0.00087985308290308424
0.099773966608657519 0.00022968145863353751 7.2960529572410317e-07
0.099139340292201797 0.00087796500638797823 -0.00087833169247447077
0.0928329073706433 0.023985594788686199 -0.026134656514638852
0.063839895055066501 0.017466393242248031 -0.15949489382100349
0.077751920355559098 -3.9622978733401814e-07 0.38735520184323413
0.097715400152168008 -1.397139709959044e-06 0.0057412530624840969
0.099772455210013544 -2.640122223464521e-07 0.00023202973030797544
0.09995696270976008 -9.3572834762347156e-08 -5.6011576911095885e-08
0.0997731724431168 1.0868838257634139e-06 -0.00023006361739747599
0.097717742233844496 6.234680730542904e-06 -0.0057142766491521382
0.07800191633360741 -1.9838348789119466e-05 -0.38659858813486381
0.063520908142224636 -0.017651199761161359 0.15982726984913856
0.092793408086389875 -0.024078414478765645 0.026237635799037179
0.099137759518982987 -0.00088273881993268348 0.00088327460943695617
0.099772362435588666 -0.00023175875539527811 4.1786515188454243e-07
0.099138189790390935 -0.0008760493786513884 -0.00087325842527454628
0.092822727724313922 -0.02368562114200792 -0.025837962217651347
0.063890653623652677 -0.016310205456963264 -0.15957299519744775
0.069740521233165778 -0.1021688904898366 0.10283462531929932
0.092793913581033366 -0.026057621492158733 0.023892959752767427
0.097720734119829261 -0.0057370636063051464 2.3405629140048362e-06
0.092777805206395295 -0.026030420113362564 -0.023850667981999404
0.069889443802470266 -0.10217638104920035 -0.10146360800203212
0.063720698208188709 -0.16070171011481152 0.016447752022234224
0.077954799543272169 -0.38949764939671477 -3.2060254060000131e-05
0.06365102082949968 -0.16084129763034646 -0.016364951673956202
0.063446192086738656 0.1600343757201981 0.016977185233561856
0.07762272399297121 0.38729395432858132 4.2592486592922959e-05
0.063655524861548032 0.15989029349371839 -0.017587971102230045
0.069467870343320595 0.10222055354639988 0.10204720396361579
0.092770879439361589 0.026065809611172421 0.023912457422204939
0.097715964368170719 0.0057124341584339367 -3.6058514444711008e-06
0.092815109859055722 0.026223377034292904 -0.024075390786807961
0.069768907927668156 0.10249124426941446 -0.1024100011437466
0.063154410715300022 0.016301285781874827 0.16093370229144924
0.092755484224651644 0.023861196808548948 0.026042014004142234
0.099134729915962158 0.00087790282107807452 0.00087893313676784687
0.099772150430347081 0.00023105168827893368 -4.1090001767491624e-07
0.099137019279337907 0.00088355459647036772 -0.00088386885551806189
0.092800421857307011 0.02406144076241928 -0.026215721895845926
0.063542131385160891 0.017639063099161502 -0.15967673935058774
0.076908219741501263 3.0878327331692077e-05 0.38938189787271504
0.09770049093413391 -6.4211263818957756e-06 0.0057652705766489841
0.099771357501605526 -1.1000411691230951e-06 0.00023278255398260456
0.099956766080416912 -8.4656122688402926e-08 3.7543579207759278e-08
0.099772192110153493 8.0826442116902856e-07 -0.00023137433135866179
0.097707877238323956 6.1962564325260318e-06 -0.0057217477876216772
0.077546162197967783 -3.7253808855525335e-06 -0.38669982181400597
0.063322910595382573 -0.01765950574477922 0.16083491348777962
0.092802049742279291 -0.024217053017373837 0.026384075227399027
0.099134742172482124 -0.00088846155151414328 0.00088912793390457973
0.099772566033878782 -0.00023095330829285744 -3.6542670228406342e-07
0.099137492584004241 -0.00088067860540803531 -0.00087639881094852005
0.092845780322060839 -0.023793751924799805 -0.025947246737457224
0.063652272251044723 -0.016519394518318527 -0.15966226295442071
0.069619887920411877 -0.10271655636023536 0.10315817401091266
0.092782510365791881 -0.026282741599324377 0.024114667262290952
0.09770411587450846 -0.0057700853403446946 3.0707329206498349e-06
0.09277444415285821 -0.026331020806555801 -0.024142657252167542
0.069596658855297908 -0.10302877547424014 -0.10154479292894168
0.063322785115839261 -0.16111344904681155 0.017056491020063919
0.077356027486053122 -0.3900206275395125 -9.3799763298698825e-06
0.063277667877104399 -0.16117562930248766 -0.017259950093941767
0.063460730139530366 0.16041733092277941 0.017625545067972606
0.077441884500090999 0.38805846758754337 4.3298720482817976e-05
0.063636658819054698 0.16024302903104462 -0.017503763742948455
0.069534419086334023 0.10283557172428402 0.10287531029833666
0.092791101520229471 0.026297774629935353 0.024143086147000094
0.097706762686677509 0.0057425867765277788 2.3017188295991474e-06
0.092833588617288632 0.026254646187316075 -0.024101655561230933
0.069763864902456008 0.10263911301628738 -0.10290847481047492
0.063316375250408369 0.01683811957402525 0.16189958979617375
0.092781727927352037 0.02414832848977062 0.026341389500841
0.099133259846780966 0.00088672741973302223 0.00088797755906198797
0.099771901821407993 0.0002324326982578046 3.140666456751974e-07
0.099139699847206025 0.00088458215509140984 -0.00088621266799054866
0.09279673959792549 0.024163903165672702 -0.026332425062190513
0.063516408983959369 0.017904127029585805 -0.16001073832366167
0.077215900027960943 1.0598585805832583e-05 0.39163303614308265
0.097701678324589716 -3.871260031810448e-06 0.0058061644191136673
0.099771593526962396 -3.1172321547419335e-07 0.00023416986573563886
0.099956840336961908 -4.2007871210389547e-08 6.2289267407505061e-08
0.099772598643187452 6.7372592586013234e-07 -0.00023243100029043029
0.097707973616935007 7.7624927809785741e-06 -0.0057562166513481661
0.077467617882403611 -1.9865217820798647e-05 -0.38744077169288538
0.063516237954787752 -0.017258199770828729 0.16184874818622319
0.092812209480866839 -0.024247436752405815 0.026428310831558159
0.09913995682471026 -0.00088587200123579045 0.00088623475181209984
0.099772552314056712 -0.00023411907828860124 5.1672612269171353e-07
0.099138869845027816 -0.00088375642040619594 -0.00087928292183772302
0.09282742601246885 -0.023768675272333319 -0.02592910725004885
0.063551727787463597 -0.01628718840185191 -0.16009690315638339
0.069822868425365572 -0.10310288714419351 0.10317720463498961
0.092819691809493093 -0.026392569738463278 0.024229211460297721
0.097706480862804479 -0.0057991855862390036 3.6796790540816529e-06
0.092834571947210384 -0.026442461545319082 -0.024240570966032528
0.069879578148277846 -0.10348869431145018 -0.10144882349575018
0.063530356169397631 -0.16163416133428934 0.017296539791614579
0.077466940996927386 -0.39113043585652046 5.8030417298784522e-06
0.063643507181812636 -0.16163639793238721 -0.017501487986882305
0.063595337812787506 0.16085262857145902 0.01765156829783069
0.077431690053042471 0.38915539537112398 2.1055342749431129e-05
0.063566467260134665 0.16071612152517289 -0.017288711259082875
0.069825126172700577 0.10298613681572512 0.10311882016052805
0.092809627870184916 0.026375715200683162 0.024218417272507564
0.097707829914488564 0.0057625613091928122 8.0776533947661497e-06
0.092813776942213211 0.026258080713512086 -0.024095423811875193
0.069814190156169617 0.1027944319454069 -0.10344513187771236
0.063559571736239218 0.01694921514406934 0.16242256369522076
0.092808834276080596 0.02424230952889225 0.026438285969885452
0.099134988059999929 0.00089380889744972451 0.00089484421824154062
0.09977203969757456 0.00023306428718718376 1.1659281428170856e-06
0.099138285453057667 0.00088378196438465963 -0.00088676423781759782
0.092814028250743794 0.024245663686292638 -0.026426965833276861
0.063606365669881357 0.018085886615804823 -0.16035529152503181
0.077464468004550549 2.3012630675684758e-06 0.39297175789433586
0.09771299103872845 -2.9127818770646459e-07 0.0058182856015941567
0.099772350221547693 -3.5398766649494355e-07 0.0002345210370554587
0.099956878145628758 -9.7437987966908654e-09 1.3882620095809955e-07
0.099772837541542828 1.1102621274567057e-06 -0.00023251921575875796
0.097712095037985197 8.227094187836139e-06 -0.0057753187541569346
0.077481017132340096 -0.00011551442980115168 -0.38842304687240314
0.063566015125832487 -0.01706191525374607 0.1624208173315575
0.092821286771949604 -0.024276260878709426 0.02645443767552607
0.099140391753793772 -0.000888660455487819 0.00088991784903242059
0.099772399160470857 -0.00023415886572119194 1.0088471645367482e-06
0.099141106640509152 -0.00088263398711552741 -0.00087851718624703732
0.092828654881337597 -0.02380394811689018 -0.025976473336272097
0.063456200098316609 -0.016248678400318864 -0.16085206271246441
0.069846415917581214 -0.10332488799152466 0.10330326936556498
0.092833031977523031 -0.026439609224443363 0.024271352240704237
0.097714689277367928 -0.0058078496953000011 6.722857165974032e-06
0.092852979480430739 -0.026372510955160477 -0.024164325602102854
0.069969721826400405 -0.10336741551145601 -0.10172305330022019
0.063646662894182929 -0.16196704320816438 0.017329488285747152
0.077668699505003255 -0.3918419359805197 1.3556873610679074e-05
0.06378973118278497 -0.1619039076610492 -0.017099121190442265
0.063688041928624914 0.16119214349245073 0.017535720746831709
0.077595109856917116 0.389987106296107 4.8942149533354632e-06
0.06360676127346318 0.16113589755413246 -0.017313984875890597
0.069960173048908378 0.10305378712422716 0.10318660782491783
0.092825545607981716 0.026402715617134191 0.024239316579015471
0.09772040281965963 0.0057566347473732024 5.2563302234239036e-06
0.092814257109085863 0.026320342168263088 -0.024155298652945453
0.069948958360285377 0.10295401229671279 -0.10340902083004362
0.063777063708503362 0.0169182888728097 0.16263700912370221
0.092827466971263192 0.024263243097405695 0.026459549255766098
0.099136492547399452 0.00089613831809380769 0.00089696975750084965
0.099772335753459521 0.00023341938648068717 1.0615130145336091e-06
0.099137125843133292 0.00088687469282978568 -0.00088718151812137893
0.092835608179330981 0.02425119520549867 -0.026435371148359154
0.063786462589525153 0.017971464309986321 -0.16059698040060758
0.077867531569520629 2.7197786953636064e-06 0.3935440717481839
0.097723373025115259 5.5488176598186607e-06 0.0057197840682849856
0.099773038821764845 1.4225792609992269e-06 0.00023223282676084806
0.099956959796400929 3.9746758667533008e-08 1.545955853017675e-07
0.0997729696111187 9.9334962742718329e-07 -0.00023300687936539911
0.097711535435703462 8.7006354915105833e-06 -0.0057870441652665833
0.077703865569948863 -0.00018874742544625233 -0.38908131641649879
0.063834049840134258 -0.016976838904428217 0.1626391842691772
0.092845027880142136 -0.024277317763769457 0.026471861491432203
0.099137192717143607 -0.00089687004627435135 0.00089719683210021182
0.099772133207077215 -0.00023441114177054055 1.1656664420210438e-06
0.09913756837210308 -0.00088335345874337133 -0.00087902294198301495
0.092850389769755515 -0.023809111785102643 -0.025996101177169492
0.063742564976287761 -0.016162595611986984 -0.16141848564946659
0.0701190094235421 -0.10328553182582942 0.10330352200613481
0.092847022652529948 -0.026453700797469275 0.0242757952934456
0.097720637628119542 -0.0058026664836016159 6.1278944328171085e-06
0.092803701646419268 -0.026363810028677968 -0.024158532684657185
0.069878056111798093 -0.1032897905219117 -0.10172357942112691
0.064051039882334224 -0.16176823419766728 0.017416884751904643
0.078324788427403716 -0.391325424856379 1.0364423138304873e-05
0.063857823713678277 -0.16172283073800106 -0.01714095782378464
0.06386530328615217 0.16122906202345305 0.017458533073119006
0.077997767392416609 0.39004835706643559 7.7009061015136899e-07
0.063847313791963484 0.161195079233491 -0.017345713028353991
0.070033469650473482 0.10297245690879517 0.1030895997729105
0.092842136625182189 0.026382742801435471 0.024219027530732327
0.097738112872527386 0.0057473935561785337 2.3728058135080146e-06
0.092839164905111418 0.02633810274698305 -0.024176020165854184
0.070054894668682241 0.10287474655644206 -0.10302856723587471
0.063975822983055666 0.017039641264587263 0.16224661283980635
0.092839901055770682 0.02424079324004616 0.026431446287839538
0.099138334951922133 0.00089470483023882817 0.00089574425863096329
0.099773596268254466 0.00023327655897026253 4.4421999638344803e-07
0.099138213519637433 0.00088991467934572725 -0.00089148434863761217
0.092838849743106119 0.024201864767341975 -0.026379970025192944
0.063875086874031567 0.017742479897506696 -0.16059274206025131
0.078302936467771728 9.2556400824179653e-06 0.3926546887568837
0.097724049345190855 -2.6289473696103005e-07 0.005811979817406881
0.099772808901322285 -7.8716532269907805e-07 0.00023426786880932567
0.099957035088985513 9.4764702624330124e-08 1.0206512642527145e-07
0.099772732365070407 1.3849569709905339e-06 -0.00023288623023601791
0.097716987798066313 9.8379512120756342e-06 -0.0057868208844308383
0.077949968659809049 -0.00015000495283376577 -0.38899129763182483
0.063954118706123109 -0.01698416739870931 0.16224137516236528
0.092844760523589642 -0.024226702323515811 0.026356949058749322
0.099138716811424873 -0.00089446701424687953 0.00089466886702719228
0.099772931820019631 -0.00023378931473935847 1.0023764573461988e-06
0.099142833859094989 -0.00088158323372005613 -0.00087780808822742167
0.09283091662721521 -0.023794905344655757 -0.02597437054472557
0.063845804246688051 -0.016114696407086113 -0.16127170721211539
0.069972522196701595 -0.10297945116802454 0.10302859157437987
0.092836882984281638 -0.026381046043948576 0.024214890857949568
0.097726780206842584 -0.005779755073657058 5.0738552555537002e-06
0.092893764047684485 -0.02636035633932075 -0.024169153117037857
0.070064270332045236 -0.10326191523720378 -0.10162594874489991
0.063942827114077144 -0.16092275385901028 0.017643894513096104
0.078334240694778914 -0.38939656517544768 9.146970588939254e-06
0.064139455942875997 -0.16088770865687077 -0.01761607389955817
0.064621161810775513 0.16031223760427118 0.017441820483772807
0.079139264351321417 0.38800475797804629 -6.0946607918545716e-06
0.064337793499482709 0.16033353037665612 -0.017603424910748188
0.070249253451552751 0.10256415303667832 0.10306450030780294
0.092930048568572926 0.026219389375151371 0.024084736686075893
0.097742467053518522 0.0057312938802177244 2.1103918291492794e-06
0.0928638076856248 0.026271905714275772 -0.024131359474475644
0.0700699702615004 0.10266874109507911 -0.10278838191192677
0.064092032420473802 0.017423045451465932 0.16132847177838344
0.092840100069346079 0.024211199124901165 0.026388275011113006
0.099141626335956148 0.00088763024840404217 0.00088919101208482371
0.09977592539900336 0.00022957085084325386 -3.1613820213189178e-07
0.099144202138743365 0.00088436018502015691 -0.00088209582702003509
0.092860459019804983 0.02415098729381418 -0.026306344398542972
0.063949811334117132 0.017675262887996934 -0.16032966446092939
0.078650894811704411 7.2636443742349225e-06 0.39051038941620914
0.097733985293418077 4.4274001120111086e-06 0.0056820395735596744
0.09977350076279437 2.6042194365682758e-07 0.00023188268986429664
0.09995745042048379 -1.6608094687202561e-07 -3.9216034331376729e-08
0.099773263819547334 8.3318902581148162e-07 -0.00023198705591256856
0.097723794692135046 8.2147027926734931e-06 -0.0057551720425701898
0.078153557198759202 -7.9252043327845875e-05 -0.38835837217708158
0.064140806201962247 -0.017422792419881334 0.16131284770474644
0.092860183369460086 -0.024195601079413473 0.026383926166330663
0.099143375300696501 -0.00088446657597873041 0.00088628284024221007
0.099773432223524028 -0.00023154226423563199 5.9034321531717746e-07
0.099140074266637582 -0.00087582320893142367 -0.00087571300887433776
0.092804573955132461 -0.023877548241868336 -0.026063883742720256
0.063781431886358944 -0.016634168725166917 -0.16070762137775715
0.070379384519134378 -0.10267907242741416 0.10319225428972374
0.092957456532218846 -0.026224859468088484 0.024082030521379194
0.097740408406260401 -0.0057218748113252015 4.1925515478180873e-06
0.092915682119585008 -0.026071064265097244 -0.023911900897493735
0.070082656985314754 -0.10236904650255639 -0.1021265832684712
0.064923982431030161 -0.15971826308085568 0.017728962126832278
0.079550652132861596 -0.38658585065816592 6.8299161826719539e-06
0.064817079626793297 -0.15967908501074862 -0.01718941438161006
0.064358335809613643 0.15857211713908961 0.017158146182961652
0.0784805259974512 0.38438916769475256 -1.5034821081303389e-05
0.064041957553778339 0.15865356115712995 -0.018267829529903176
0.070341226052034356 0.10150129891424603 0.10311175092415314
0.092916642093231139 0.025926742039292218 0.023805027246449888
0.097736126870127879 0.0056769354224648792 -8.221829415447254e-06
0.092859013413911617 0.02619605126284032 -0.024090579631889673
0.070044357277575783 0.10253692723337568 -0.10264496597398191
0.064071804256092324 0.017963872737636628 0.16018902056130721
0.092849996665977472 0.02417685251293249 0.026356817388900108
0.099141679528100157 0.00087723288542829766 0.00088371572325546548
0.099775332304012074 0.00022681322496257171 -1.2410070515449511e-06
0.099143485624498776 0.00087563537308657687 -0.00087605327615762423
0.09285881986334367 0.024097702118277529 -0.026255765813825001
0.063814337069480254 0.017657857121708916 -0.16002857062035178
0.078549125450465232 9.6645184258688802e-06 0.38789497113602533
0.09773287920024426 8.7131780078312597e-06 0.0056478064784268528
0.099774635079601062 2.1788791572835003e-06 0.00022876940774476379
0.099957452963303953 3.8921291136587714e-08 -1.5461719138980797e-07
0.09977333016043971 6.836940480926456e-08 -0.0002309203211612888
0.097724844929757221 1.7641680530456087e-06 -0.0057407897805987502
0.077896734580173391 -3.3896622463168753e-05 -0.38765323881779234
0.064184304373445536 -0.017721009422225559 0.16012718985546784
0.09287892837370619 -0.024084006527704479 0.026260176926834872
0.099145620539058815 -0.00086653596545904321 0.00086877710273732607
0.099773372839910987 -0.000228353802841273 -4.4139717703206808e-07
0.099139924847480063 -0.0008714331930507475 -0.00087001287334655738
0.092816964315221309 -0.024016481734625107 -0.02618278171638367
0.063654208753619212 -0.017370022849561132 -0.1601952936177308
0.070032859990987129 -0.10199281388261303 0.10316406570492129
0.092814765223874593 -0.025922765753765658 0.023820549028234148
0.0977335309075575 -0.0056264415144022095 4.719387552408623e-07
0.09281759160437246 -0.025902395164349515 -0.023789413654088671
0.069758413203891978 -0.10168395946285193 -0.10261488914151548
0.063643484084991361 -0.15792164311728402 0.017629441856482492
0.077813365591708608 -0.38329166375575102 -1.246222713304547e-05
0.063657155032816548 -0.15795248292977912 -0.01744399397569265
0.063972300305865523 0.15801730858521326 0.016803235024151111
0.078349125842258907 0.38309726466770266 -2.3206065581238056e-05
0.064099408201620148 0.1581478774616 -0.018261854032593533
0.070065963902134862 0.10081636461317003 0.10282316072640708
0.092835224305748573 0.025764800366319025 0.023656395332831263
0.097733076847519987 0.0056151456917858363 -1.4191081339111887e-05
0.092862526274753762 0.026132644253341525 -0.02401729802167684
0.070155459717052976 0.10224362387358321 -0.10244619050919802
0.064080255088660984 0.01815758858482526 0.15938072901623776
0.0928593078310678 0.024108612642086455 0.026285260940391072
0.099139785075246706 0.00087063863198608951 0.00087880006508541514
0.099773859338539522 0.00022578367053958801 -3.656130474581164e-06
0.09913838365540896 0.00087865571915668244 -0.00087938159766916789
0.092849827855208594 0.024059250538313984 -0.02621800554202184
0.063854770543430792 0.017477787153196769 -0.16007184561693463
0.078312972336421982 1.0426242614608896e-05 0.38594325427816778
0.097718812833740246 7.7858680548080752e-06 0.0057262468798112412
0.099773705472667881 1.7908813761018272e-06 0.00022766270811624251
0.099956882445338388 -1.6155236962081218e-07 -4.0720028887996525e-07
0.099771954239737365 -8.4060872952740025e-07 -0.00023239533231867823
0.097714842344161043 -4.3357686365293467e-06 -0.0057409782613457383
0.077856740985951134 -2.1923677818196573e-05 -0.38765748051032156
0.064071193254948575 -0.017683462182316787 0.15931543828202477
0.092846917029928713 -0.023983974186538269 0.026142506171750537
0.099134747045920096 -0.00087691052782391658 0.00087599571693302138
0.099771453998433554 -0.00023137677697033653 -9.0197641643189702e-07
0.099135251818001868 -0.00088305686465547006 -0.00088545023350982061
0.092844767387165933 -0.024075601562901641 -0.026230516577071202
0.063849378429460743 -0.017478236211381427 -0.16021117273702559
0.06991492718690219 -0.10242640645083417 0.10244770754666729
0.092794952758475338 -0.026151795852663026 0.024003582670326373
0.097698153180983044 -0.0057033764453053894 -2.5186630748224984e-06
0.092795440095336509 -0.02607245704672018 -0.023939633863955725
0.069893839058201013 -0.10175657389607093 -0.10240712138765065
0.063299079524574683 -0.15888257388043089 0.017882543570642586
0.077024280403203998 -0.38466319824630218 3.5690856838921138e-06
0.063335867967706364 -0.15887033211345061 -0.017492977522434006
0.064149118116393344 0.15713735656685712 0.01732097092273947
0.078520816826268922 0.38109141908906846 -1.1091984092975465e-05
0.064232416661236497 0.15725422159627447 -0.018276298319799114
0.070082297687351719 0.10076656155561707 0.10239481334999612
0.092881902998204785 0.025774660762335384 0.023680854448611045
0.097729177716037008 0.005595941270415892 -1.1705861785632345e-05
0.092872760267553769 0.026022288848481571 -0.023920034101984466
0.070295355664587222 0.10163632920533047 -0.10186110976338444
0.063994049330127992 0.018131795606799759 0.15877771313012215
0.092845353970953698 0.024024662675516305 0.026196539315130406
0.099141544954304925 0.00086575308359217152 0.00087534535663191023
0.09977300436096094 0.00022771864682547287 -1.9164925728859574e-06
0.099137597564009389 0.00088061106963791772 -0.00088160608009550624
0.092867414116037827 0.023961978449201705 -0.026112485571634002
0.064233308753718632 0.017296508106325416 -0.15965774863240176
0.078210777532364634 8.5834218900032827e-07 0.38455478969910789
0.097722581883250004 3.9114071417065457e-06 0.0057143401478736604
0.099773180952230534 -1.2691261377843977e-06 0.00022972620695313616
0.099956898618780932 -2.8974020588695086e-07 -3.6204586514250681e-07
0.099772014427193342 -9.8999592110214791e-07 -0.00023260512914083365
0.097721137062047422 -5.6924102401343434e-06 -0.0057246475313705138
0.0785801751801848 -1.437641515311244e-05 -0.38655215214611716
0.064346637637939338 -0.017167974799825087 0.15877589265002182
0.092939955191101528 -0.023808195039277072 0.025951549790809481
0.099137894334713289 -0.00088237925763781904 0.00087961296353414212
0.099771792925578903 -0.00023306199260856304 -7.8599571920138495e-07
0.099137245143972069 -0.00088853649639281552 -0.00088910687990980243
0.092859044664251295 -0.023995796396047143 -0.026139644944469326
0.064208908742072843 -0.01730454404582411 -0.15975656631655671
0.070441905432693727 -0.10233745475650337 0.10133191080155791
0.092836889890232074 -0.026215063155927427 0.024048751926718487
0.097710107189623363 -0.0057356448946236363 -1.5517383040024404e-06
0.092840151064674289 -0.026136532210712701 -0.023989278260721798
0.070101754716949224 -0.10169361856763121 -0.10176510420181827
0.063744052007686625 -0.15953621762424089 0.017753862470701369
0.077619059670101825 -0.38607749197900776 -2.3388838518241873e-06
0.063727873885514999 -0.15953898470812738 -0.017350996267603072
0.064032457877631038 0.15617624648465883 0.017548753162436738
0.078445818056552943 0.37868092987528479 -3.6138311746273374e-06
0.064408145087865132 0.15627198939537562 -0.017998173611293734
0.069971080167893773 0.10055242093272337 0.10237611484209147
0.092859585756428609 0.025642498333381652 0.023567307648241123
0.097739577317803902 0.00549379259018048 -1.2507757741416987e-05
0.092925465677993063 0.025826788226616382 -0.023731170045825176
0.070782383870279089 0.10065301958786145 -0.10070155629110826
0.064155687185446494 0.018347765665039342 0.15806132007691462
0.092862494419032618 0.02398187079016631 0.026147965007032859
0.099145996064179523 0.00085553425170061892 0.00086554315033381026
0.099774399699251184 0.00022423444041917262 -7.5259988903898429e-07
0.099140317342085948 0.00087808899288903462 -0.00087858380347528387
0.092961598295647513 0.023734160074021442 -0.025859604168962352
0.064801242325835021 0.017103574825422983 -0.15818269386013456
0.078571013642079454 -3.3732277347852585e-05 0.38284360319305338
0.097739914070530814 3.8458840103441335e-06 0.0056528781453352803
0.099774605402501465 -3.613992098598523e-07 0.00022843372071028307
0.099956998192021224 -2.3342760249380528e-07 -4.0273119038989211e-07
0.099772669083899077 -5.7989149901093998e-07 -0.0002312080155322845
0.097737601107115685 -2.6534445751564439e-06 -0.0056738075587194131
0.079247057910525776 -1.1371418781098498e-05 -0.38299306769458502
0.064490161092100998 -0.015876661470352101 0.15817115161390297
0.092942517414960166 -0.023414398420833857 0.025538436535991364
0.09914081050697475 -0.0008792932967473968 0.0008722245566117453
0.099772373140601389 -0.00023233522152972319 -4.013448361406226e-07
0.099142094699206734 -0.0008821935237109176 -0.00088178646021207989
0.092891946567585371 -0.023895288106869337 -0.026017521638486935
0.064434965725698984 -0.017721167654658958 -0.15825286007819739
0.070192791081106293 -0.10238745736807972 0.099690253280961538
0.092811072554070145 -0.026221165045558489 0.024054224404707291
0.097729657685590096 -0.0057146194583766151 2.1640660948800552e-06
0.092947970137289573 -0.025972427027107843 -0.023827691753200989
0.070457924200927155 -0.10112039509932062 -0.10137490143099946
0.063954981785744852 -0.15920418386472385 0.018010053434386407
0.078679203379048532 -0.38522920048159359 3.3329144185408643e-06
0.064519606561381185 -0.15916088254231262 -0.016945593268176261
0.064299734708855555 0.15545926191806869 0.017596580408876031
0.078290333204050155 0.37710235056601737 -8.0468769170222617e-06
0.064338316418015115 0.15557020570855365 -0.017082794555442909
0.070493873192079712 0.10047107270332026 0.10205188685427266
0.092919774818239403 0.025535404917860199 0.023499125786825174
0.097733916152705977 0.0055105469632407414 -6.9657184544639846e-06
0.092939866876793037 0.025508742896070819 -0.023413251502732924
0.070692364834518934 0.099527066182166168 -0.099185090678078125
0.064736570852770528 0.018536532068458629 0.1565312415385188
0.092919849807662991 0.023832265949966583 0.025980495823830021
0.099141236472180247 0.00085572748410271801 0.00086400978421804966
0.099774949868290858 0.00022305868484353853 6.8147878445960375e-07
0.09914372882690177 0.00086812781346376174 -0.00086697113943505586
0.092960079712800722 0.023330290463750229 -0.025409470957816468
0.065982601297086024 0.017171269458307856 -0.15471750949522206
0.079229279444681569 -7.0512406896883054e-05 0.37955716396865563
0.097736909995091853 8.3428192628573081e-06 0.0056235965487364693
0.099774416746108791 1.1284791595813333e-06 0.00022537466564370259
0.099957127383844893 -2.8381030039872856e-07 -3.704654358116533e-07
0.099773602921459106 -2.1162519752141283e-07 -0.00022717957083186462
0.097762454254347056 4.5584227240242797e-07 -0.0055476529953261602
0.081984700663855548 -1.2871274021570572e-05 -0.37494614316928976
0.064908925486003771 -0.015056095497925921 0.15681277693054388
0.093000265065373441 -0.023037444017582051 0.025142228618585855
0.099143658495613032 -0.00086712979566231057 0.00086079123533722049
0.099773235091631829 -0.0002293711411370028 -2.1772668536120375e-07
0.099145791877617004 -0.00086545430482378729 -0.00086292935547197121
0.093021339226868491 -0.023609488990967722 -0.025685942385702289
0.066168027618767611 -0.018447702571479294 -0.15476671937035191
0.071101568555670056 -0.10225799628591083 0.098445863809380502
0.093020272937582027 -0.026076051067743296 0.023930611974597154
0.097740771159923967 -0.0056447333457087584 4.9999589314131689e-06
0.092942380605392824 -0.025586805851562686 -0.023455882777632598
0.070859476909485603 -0.10007643505836543 -0.10063054676317551
0.065050554210932712 -0.15758913180897172 0.018445922968270245
0.079485775453524352 -0.38148062976693858 2.7359176173023916e-05
0.064833047110527842 -0.15738540054815064 -0.016424223761184496
0.063296809538792825 0.15534791232255798 0.017225368508915075
0.077240568876436183 0.37715275831238132 -5.780541742684366e-05
0.063721855942166894 0.15555714154772082 -0.016202550073069411
0.069689118138464956 0.099989101215849363 0.10119208429272772
0.092754303134056845 0.025498501442338308 0.023415974476421873
0.097724843461651431 0.0055031818897794136 -4.4677709787910909e-06
0.092882316983650362 0.025280582306497323 -0.02317272022519079
0.07030623730034731 0.098834453241404066 -0.098365352871474437
0.06363283322552149 0.018444338499176871 0.15526811088306955
0.092811667373355763 0.023677267410225609 0.025801837687321166
0.099133944680783362 0.00085883979134007173 0.000864434618501795
0.09977353784219184 0.00022477493792759292 -7.3919992283933001e-07
0.099141200021764853 0.00085592569764498529 -0.00085469731518173734
0.092915179386406338 0.023079652960741319 -0.025112443699139217
0.064452573360692308 0.018570203477033986 -0.14981712706851802
0.077576462448699021 -0.00010049525597126464 0.37698663765800661
0.097725385093735628 6.5993197903981212e-06 0.0055454330070105577
0.099774933408359343 1.3090514657455166e-06 0.00022212221093683332
0.099957071295275993 -1.8771099762631537e-07 -1.6666943001247218e-07
0.099773578006229963 2.7671138983686141e-07 -0.00022292186375405916
0.097738355900402404 4.5798198960486789e-06 -0.0054494769459925065
0.078974370225689969 -3.2325453429181404e-06 -0.36461856304151391
0.062965357422017462 -0.015331526815695488 0.15567453752008439
0.09268867395870016 -0.022940557761506483 0.025047948376715659
0.099140152417271588 -0.00085256373312921638 0.00085022768243780739
0.099773009272291935 -0.00022579064692414776 -1.9713257920422928e-07
0.099141814068376841 -0.00085053746199912933 -0.0008450553098929784
0.092943903046415921 -0.023107959676179721 -0.02514462710222622
0.064678316630841629 -0.018961343308667819 -0.14983250696010092
0.069609515223825996 -0.10030576398270805 0.098235281859613915
0.092908628015344136 -0.025490318649569826 0.023390143977110905
0.097732770771068581 -0.0055746894262723437 1.2896164353173677e-06
0.092799679696081688 -0.025486341302574059 -0.023367242935650467
0.070133016754261507 -0.10002033695565225 -0.09894956732955644
0.064397084872543461 -0.1558090662003809 0.01731930791999084
0.078543353733538976 -0.37754828923680367 5.7237531750137237e-05
0.063764007558466285 -0.15553319772209095 -0.017058381239307686
0.063036449803335781 0.15673172764582793 0.017736770519998925
0.076629655364600938 0.37989722198586728 -4.0780126326511628e-05
0.062790858589820586 0.15688424704638967 -0.015971015435622436
0.069536815074932548 0.10078433952505404 0.1010961580269833
0.092772576279866681 0.025853283778635133 0.023746873787962718
0.097697728804620756 0.0055488515684047664 6.4986260683908541e-06
0.092737311815351178 0.025418911590820374 -0.023287610419221422
0.069297914434533175 0.099070039338454277 -0.097997050305083752
0.063394213743888678 0.018175129487874392 0.15650041925517083
0.092811908491248624 0.023799850201793059 0.025912404907717547
0.099132475866081482 0.00087356760114965957 0.00087567821624649268
0.099771923321351264 0.00022764441842369746 1.9018202562490145e-06
0.099144522685396363 0.00085392803095661466 -0.00085016341909177867
0.092812193162619183 0.023050984514897885 -0.025071286887555368
0.063468354609086508 0.018141629860204126 -0.15015785297178275
0.077102720244248274 -3.7305555223657397e-05 0.37916795544034332
0.097708747736815801 1.021796040941318e-05 0.0056322838187854449
0.099771889221067306 1.7818832024008745e-06 0.00022837772739031688
0.099956881117108556 -7.9932288835464737e-09 3.7243752477582176e-07
0.099772821429287298 8.2747032890795882e-07 -0.00022278573973405564
0.097711244447783521 1.4480726410575858e-05 -0.0054466108890775765
0.077187688807682342 -1.9018688204764311e-05 -0.36489753298647665
0.063233057533372591 -0.017095819374914473 0.15666267880247203
0.092831696405252656 -0.023529594381290313 0.025663179758149836
0.099150355283103245 -0.00083307205652030636 0.00083588974904912235
0.099772881967933269 -0.00022416604312779689 8.2135745438298194e-07
0.099138345188901272 -0.00084759405243636549 -0.00083825568189628758
0.092881344969488452 -0.022935206471911013 -0.024947213763863163
0.063663086831571125 -0.017887160539865287 -0.15027296802559506
0.069369951547737563 -0.099939985097576192 0.10023149560798851
0.092827886104834778 -0.025497490216697626 0.023437494728451747
0.097728204088486148 -0.0054945773325830683 2.3669337892604023e-06
0.092802631762516199 -0.02573475701165491 -0.023641638548043489
0.069742964160528303 -0.10091793975414518 -0.097911099234371801
0.063586875386996478 -0.15542890872521173 0.017378641984054338
0.077920650323334714 -0.37683639584710854 2.1948831250859087e-05
0.06349307214765626 -0.15533902428328136 -0.018313419975846783
0.063525070279510487 0.15801781029702941 0.017605323982126539
0.077264965548889258 0.38275454654587904 -7.4789489487052499e-05
0.063456247653122508 0.15832732984748166 -0.01664375757759267
0.06985526954925543 0.10114703274462028 0.10105096485270516
0.092820639249732204 0.02599864959783002 0.023876203029036955
0.097722049443353554 0.0055524607863306234 3.3075028698815108e-06
0.092850669191692159 0.02574375977547794 -0.0236244123402925
0.06928681433844304 0.10012247706951929 -0.098771562114829348
0.063994633800963846 0.018109275306958873 0.15691013967065726
0.092835254181493715 0.023853471324895542 0.025952652576255151
0.099135429655614116 0.00088306288054383576 0.00088297039838919008
0.099772228208305114 0.0002289673918902156 1.4831733054961706e-06
0.099147499748909657 0.00085666011623312553 -0.00085356729050011502
0.092762658593390529 0.023331356078651593 -0.02536336670543873
0.062784724339794193 0.018473181212537573 -0.15154998387472335
0.078281291676555398 1.2001520269587466e-05 0.3799157354068276
0.097726635972946993 9.756244764912905e-06 0.0056257798076396097
0.099773406775953491 2.8414097981577588e-06 0.00022783580055832895
0.09995692659981649 7.0029800395299227e-08 3.795338010755505e-07
0.099773053569649647 -1.1451314914616017e-06 -0.00022213170981842672
0.097700359020317332 1.1109328188621736e-05 -0.0054934975844794587
0.076472853792403928 -4.0857610780440227e-05 -0.36787503698101487
0.064336550748435514 -0.016731378186654801 0.15684453800135714
0.092918394707058621 -0.023463839556618238 0.025583779676465235
0.099141815318615878 -0.00085606491419421872 0.00085592905748562798
0.099771905022429094 -0.00022732444633408785 -2.3194553859569379e-08
0.09913564515876587 -0.0008600755776506353 -0.00085278984900412531
0.092794119349567813 -0.022990725387932176 -0.025029281119142197
0.063099870870724786 -0.017300972090380781 -0.15170014470087673
0.070003440580950635 -0.10050317635519665 0.099810089518321016
0.092826475949477558 -0.025708448866643554 0.023639833291112643
0.097706911664015156 -0.0055589868160765285 -1.0006551435529023e-06
0.092867950853152539 -0.025841338339226853 -0.023747986360031666
0.069776476435353438 -0.10096744857868609 -0.097641279539943143
0.063431550326947486 -0.1556518078894934 0.018055107448600196
0.077376686552199064 -0.3772053302168466 8.029055472352581e-06
0.063710695632537492 -0.15560755718802971 -0.018610596303640922
0.064012301358450832 0.15812583288465396 0.017564365211008924
0.078245903212886145 0.3828921098722643 -2.9865927361266076e-05
0.064035993833280527 0.15819200896737343 -0.016637664299352744
0.070054681541108804 0.10111064811533862 0.10094794868385469
0.092853986101301536 0.025996322179310787 0.023871805613103085
0.097730393227957971 0.0055959473376934656 1.1368530470500496e-06
0.092849385939936704 0.025724450872079242 -0.023618404201667661
0.069714880924267905 0.10008480370532725 -0.099955795428465236
0.064055997611045995 0.018518431707590755 0.15599809128211728
0.092854789003279717 0.023842777932958643 0.025926688913441954
0.099137662022641876 0.00088484716352391025 0.00088382792362105649
0.099772864886621168 0.00022918915886269121 1.5920868830440605e-06
0.099140886372549489 0.00086934397925160294 -0.0008693914567805812
0.092821909195385938 0.023622557999798788 -0.025682752504395934
0.063151441959283225 0.018773615750175943 -0.15364801737763578
0.078337521935778379 1.583305467930699e-05 0.37790499335202488
0.0977260365356903 1.9034991599229415e-05 0.0056092691973716633
0.09977366758321432 3.0490172261859241e-06 0.0002271188708717267
0.099957007873285666 1.485920339090347e-07 2.5493610335861462e-07
0.099772198194160569 1.4397201323425811e-06 -0.00022726016315970172
0.0977110847640726 1.0451307601063875e-05 -0.0055091358269044773
0.076655591825632571 1.4751557207415911e-05 -0.37215706188382786
0.064213197427891111 -0.016250607238308391 0.15586469130367422
0.092914362688998303 -0.023232083127447355 0.025331708217484119
0.099139652906789388 -0.00086401352033947231 0.00085887787617735308
0.099772190094262289 -0.00022820442376601159 7.0675133206356478e-09
0.099137062789981079 -0.00086559619046775187 -0.00086045069308092015
0.092779999591008591 -0.023254767503815825 -0.025315022711863915
0.063009467888880455 -0.017342014065004862 -0.15355796502021482
0.070254968566040382 -0.10066262541633196 0.098781794639962228
0.092859503207706987 -0.02578647333812896 0.023681245378013582
0.097715073431312027 -0.005580570577827227 -9.0637686229146017e-07
0.092875364160469237 -0.025725838884819607 -0.023625989047670149
0.069726041829192634 -0.10025159315604089 -0.098471940908475636
0.063924582009721287 -0.15596063049727382 0.018109002870410878
0.077919624902484691 -0.37780566258612791 3.5609056013869352e-06
0.064076064052818432 -0.1559532601155047 -0.017876748053847164
0.064542591073787139 0.15694776920320208 0.017764825281781364
0.079168805689462649 0.38010008758218428 6.3821698806378824e-07
0.064532684412750702 0.15689225443338101 -0.016993101392590582
0.070435179565541239 0.10059161845872265 0.10046541460799316
0.092905643558542569 0.025870561449985671 0.023763341952143174
0.097745406009032365 0.0056077975329830816 4.2325805273554634e-06
0.092922970085298026 0.025646503451807804 -0.023549338942330064
0.0704721553487829 0.099818942004114619 -0.099827799600591932
0.064582504556265546 0.018715700582896566 0.15491008664148556
0.09290258953592398 0.023742453843942475 0.025813265074963159
0.099139904213177477 0.00088118427968902424 0.00087998522390425864
0.099773761127625316 0.00022865253337460968 9.8727180673127752e-08
0.099142515673582718 0.00086719740083399772 -0.00086749623545856924
0.092943135113404796 0.023559511623388138 -0.025628200411644098
0.064590033644930642 0.018501361753915885 -0.15400854908836048
0.079221447471595416 -4.651333593086427e-07 0.37517643881740992
0.09776171355245096 1.5212545417795105e-05 0.0054339444024504267
0.099775304594080363 4.3551965513314204e-06 0.00022395050775032003
0.099957087961239852 2.2996490066479997e-07 1.4247709887690864e-07
0.099773875649293547 8.7850201181430966e-07 -0.00022693131998819511
0.097736042563964245 3.1416362354897392e-06 -0.0055386208350555561
0.078806809762482832 1.1143294022746437e-05 -0.37293605836734717
0.064694180603644791 -0.015980732970213744 0.15482383916295531
0.092962829331735539 -0.023031375440815023 0.02507479557095153
0.099143351953253966 -0.00085918302031034609 0.00085069669566632637
0.099773546698149085 -0.00022697885991226655 2.5027179890601205e-07
0.099141112138554185 -0.00086487862123049643 -0.00086117007271490752
0.092998322998209884 -0.023281598016100753 -0.025347074793790444
0.064726983565300197 -0.017316528160790007 -0.15393166506831799
0.070288526224402875 -0.10032330885963858 0.097805535314611156
0.092868567577773051 -0.025714636100949255 0.023607815909757329
0.097735159154128462 -0.0055488404438346801 -3.7409813257936111e-07
0.092890179662861519 -0.025583413363625431 -0.023494002081953857
0.0705948114992037 -0.099539551157646608 -0.098520719127393602
0.064360413744459749 -0.15503357572194518 0.018354663943506495
0.079042522148684569 -0.37560221744680861 1.2191641111157746e-06
0.064473820751942648 -0.15500606454434038 -0.017763854435250307
0.065205623853071173 0.15436941647636906 0.018128485775224218
0.080477491184635874 0.37408648382899728 -1.1857703689022905e-05
0.065321280947282609 0.15439888706510399 -0.017131694415580771
0.070668681911562309 0.09943796043691433 0.099367743268025291
0.092948251632509096 0.025587846044086208 0.023520699835179612
0.097764642563762799 0.0055307090000267286 1.8790283474721488e-05
0.093015406287257768 0.025288020519675141 -0.023227409541561928
0.071154278370920782 0.098662583391523048 -0.098200789126625138
0.06570905163264705 0.019543048915326419 0.15151691663995445
0.092945669853323698 0.023512591485106142 0.025547413459381007
0.099143913569967421 0.00087134999372495648 0.00087036788323493119
0.099774689406447431 0.00022611345959368213 1.8983295002621723e-06
0.099147935917640248 0.00085020870487117876 -0.00084857357473883588
0.093046738522618827 0.02311557865640267 -0.025149334075619999
0.065756797096470629 0.018316293599788369 -0.15111426394370517
0.081521000866469018 1.4972148235906216e-05 0.36729529071033962
0.09779253672051548 1.3226097342836289e-05 0.0054214684773704796
0.099777654241419461 2.7560713235523155e-06 0.00021975699265693586
0.099957398451487295 3.3405891273583238e-07 1.3971497570213054e-07
0.099775857361746295 8.5135840340741332e-07 -0.0002228497396240754
0.097765473876278736 5.1441038251286874e-06 -0.0054459888958435041
0.080896698220151261 -3.0778766936958836e-06 -0.36643910290140047
0.06651149141481312 -0.015516245354044096 0.15140545409034681
0.09318645671973913 -0.022467000887225152 0.024478715017831477
0.099154185542441098 -0.00084065612355418062 0.00082873215714055609
0.09977606098736512 -0.0002227821196016434 -1.4042651993799884e-06
0.09914704157957939 -0.00085380054626239799 -0.00084710628920326857
0.093038603282239923 -0.022716236852793524 -0.024738963743673823
0.065695780031529774 -0.016592522224255227 -0.15109647786505448
0.071568881211269156 -0.099798356248326364 0.095844754151569955
0.093026443294578973 -0.025475261337292814 0.023386991232810097
0.097763666325504095 -0.0054770354710563804 -4.0592207274879354e-06
0.092917791091309682 -0.025426862591273202 -0.0233654938776665
0.070738393410243489 -0.098952058821540262 -0.096239708193022119
0.065303707705427982 -0.15262885965857426 0.018853521017009343
0.080189357903396125 -0.36998162686077191 -1.2720376222118987e-05
0.064834839155385904 -0.15266016440329017 -0.018534565726705907
0.066100512066130351 0.14998179165387265 0.018735105524926673
0.08175609959783206 0.36402057734372867 -3.4707654402478947e-05
0.066001248788594397 0.15011217224508669 -0.017432884950288195
0.071857779631339602 0.097624940585311154 0.097137188735078137
0.093079305051713176 0.025103155773058449 0.023101295824286043
0.097810473988132848 0.0052951890503491958 1.8499880254957474e-05
0.093071272605431854 0.024720081195954053 -0.02271917972443329
0.072115593227494987 0.09665497438642677 -0.094860906035055773
0.066075920554056505 0.020131554292000493 0.14632685086100292
0.093158409651937807 0.022984806163909906 0.024952170632476275
0.099155342707049302 0.00084479150800849639 0.00084391713598531461
0.099777952814623067 0.00021900568812013537 1.2545588560869427e-06
0.099153762701355508 0.00082713954297442634 -0.00082268590677946854
0.093243958390560891 0.022294410187261471 -0.024246731534529314
0.067685641353620318 0.017890562581102241 -0.14527083001050242
0.080823836452174447 -4.2764571194015568e-06 0.3557222795635312
0.097803692927033004 2.7609258814098665e-05 0.0052574544748474721
0.099778848158719236 4.7001998559237389e-06 0.00021350998731327865
0.099958142247187076 1.1344423036233869e-07 2.0694851326578469e-07
0.099777777915748572 1.1095106680301304e-07 -0.00021586561672112153
0.097797323768729683 3.3566367235587204e-06 -0.005255975750081519
0.083585250250227699 -4.5224595089244869e-05 -0.35313105235433917
0.064944588639045939 -0.015538771589513835 0.14622702517720731
0.092900244260029158 -0.02178143892589382 0.023763698628026651
0.099152418229529929 -0.00081394112295197086 0.00080505855788334238
0.099776845114870685 -0.00021738328469722267 -3.5562063158953675e-07
0.09915500808742711 -0.00082851138878326728 -0.00082093309917207868
0.093203576984133438 -0.02203554272890941 -0.023960628834128618
0.067323780560849353 -0.016662365665782723 -0.1454697747415295
0.071221820422565071 -0.09711845597439156 0.093325451088014058
0.093160894973380454 -0.024671785146623826 0.02266047482772076
0.09779831849229341 -0.0052853411541083899 -9.1602456374967207e-06
0.093342273849663523 -0.02471090383422779 -0.022721017989292595
0.072969925518162324 -0.096443188395855126 -0.093426794887104411
0.067126737101566719 -0.14786483756575103 0.018371871360667265
0.082951558609623638 -0.35933886685398264 -3.3025812341770155e-05
0.067727587746686829 -0.1480546911972408 -0.01829497209685808
0.067134803520129821 0.14357838662213049 0.01927775959620124
0.083994938612809433 0.34887245169443948 -1.9249158755479999e-05
0.066830860197038308 0.14366693287829005 -0.018598786555850622
0.071849590191726362 0.094537748569404889 0.093199564501126056
0.093113510009749045 0.024305186624090147 0.022398198351573865
0.09782094528955057 0.0051268233898349334 1.3102636027638469e-05
0.093066086990823929 0.024090592689109215 -0.022192166919787537
0.070750251886663895 0.09405192899736467 -0.091082512799941839
0.06682507319818573 0.018770132190805512 0.14182893265667057
0.093117425251351874 0.02205790876912312 0.023956342202407749
0.099152877056528338 0.00081928173437220881 0.00081897195059620531
0.099777406995233506 0.0002119881791599785 2.1786353732269562e-06
0.099152439329562275 0.0008012197885206285 -0.00079561652377406955
0.092925927496838492 0.021484706774192782 -0.02333329128656227
0.06537234438040751 0.018270437147274571 -0.13800439922581526
0.082954056511733751 -1.1785758923652985e-05 0.34466574628847779
0.097810443624728696 1.3395382829052192e-05 0.0050950346176055076
0.099779314683132891 1.9276806452638149e-06 0.00020912764334688779
0.099957626303895791 1.8730000158451644e-07 2.0212756404096956e-07
0.099775845412983469 4.6427471748316445e-07 -0.0002098237730562298
0.097788196947512868 2.9029502681071293e-06 -0.0050067113460395066
0.081608451675307239 -7.3558016011324403e-05 -0.33677849503053081
0.065716295755188184 -0.018555277077604727 0.14186747557152235
0.092941785819906295 -0.022031929962412888 0.023945928034809154
0.099147956631223999 -0.00079249348584805224 0.000793441715773671
0.099776246831900478 -0.00020977985739243081 -5.0938950010330136e-07
0.099151715856564154 -0.00079505087665195822 -0.00079097163879636434
0.0929302776568324 -0.021335941426593775 -0.023188988075115668
0.065461614358137368 -0.017504917841236256 -0.13837611090423671
0.070397235727116494 -0.09321286182751698 0.093280461396090628
0.092996608745503237 -0.023831818770071452 0.021952466904024481
0.097792666098020578 -0.0050479246559517578 -7.8723752250489911e-06
0.092975425361598141 -0.023354759799246418 -0.021490285396439657
0.070671888372755259 -0.091176889275988646 -0.090241692001899604
0.066082190429576942 -0.1407132917549877 0.018838058876820211
0.082365902189469514 -0.34338345507623519 -9.9977667502627426e-05
0.065883253434933869 -0.14119549214350743 -0.016912983331770746
0.068715777936475778 0.1338165432991249 0.020994435362239435
0.08680404619777686 0.32559796669255692 -4.1233142487737168e-05
0.068449151110243703 0.13403728014713048 -0.021045930320650778
0.072162857511777992 0.090732446620689897 0.090102066896114358
0.093288817080091277 0.023321900851944442 0.02156940246586396
0.097855723299139913 0.0048165635045644833 -4.0401052648397427e-06
0.093246606694787099 0.023356732640572694 -0.021603650806415027
0.071410152629410639 0.090866273095138061 -0.090455806574792005
0.068407664589791292 0.020961546839834099 0.13254102837956291
0.093185692074900045 0.021432879097908249 0.023187016374807218
0.099166481596867431 0.00077685737726584524 0.00077891695756991967
0.099778281870636379 0.0002049410664103178 1.7392377508809989e-07
0.099153324903058726 0.00078986200492616083 -0.00079000049686301873
0.093074220665122928 0.021558737733361449 -0.023328058266454
0.066481245603700681 0.021097808132094921 -0.13308926211640032
0.087264604988404493 -9.5671906838272435e-06 0.32237716657474252
0.097857892049727113 1.3224784596106914e-06 0.004826992811497656
0.099779412639580053 -2.3964501045262536e-06 0.00020434806972283081
0.099957433944977817 -1.7249300150233849e-07 -1.5516663339771068e-07
0.099775277641108689 -2.8376560031769107e-07 -0.00020813284425245086
0.097814375199540241 -1.0222560559196871e-06 -0.0048489699949487205
0.083789226762012961 -1.0394350142519653e-06 -0.32324044838191668
0.068438292965106451 -0.022279158088908221 0.13263170654842393
0.093183017606602053 -0.021744654738700422 0.023506795016350411
0.099153012186761494 -0.00078861351583579711 0.00078901076845240125
0.099775383947777643 -0.00020834370135400595 -5.8684525688722221e-07
0.099150349771034055 -0.00079394834184645104 -0.00079253409530250299
0.093031706755713428 -0.021410220124923416 -0.023174988120023127
0.066383012560651267 -0.020377650869457829 -0.13313200041791429
0.071421728082468119 -0.091019309258453945 0.091444432427242692
0.093116854146741396 -0.023417290977987934 0.021645575362651052
0.097818482942693963 -0.0048558154786409067 -5.2291415295332181e-06
0.093042318604896132 -0.023284092053853806 -0.021508418365749488
0.070227219889583595 -0.090220988531452939 -0.089771345598056496
0.067237496564609825 -0.13411556445097572 0.021068064365405759
0.084937534561473474 -0.32619572816236908 -0.00017487615915306071
0.066866542813012186 -0.13495565724312281 -0.020223617298318827
0.073351693692153497 0.11773732897192712 0.023045858282321696
0.09478813739596309 0.28712852795042954 -8.9234963485976447e-05
0.073362608036570576 0.11818451075302791 -0.023356973773320855
0.075303826084279088 0.084219269453214299 0.084765198727812102
0.093701629583333557 0.021504212014952402 0.019993351117926401
0.097967236611419498 0.0042209786292741417 -6.7797779719589206e-06
0.093688058359150866 0.021615529955840544 -0.020119694007785027
0.074960395114292477 0.084643416297041599 -0.086248260648755001
0.073004373912467169 0.024419477256688502 0.11622943003707187
0.09372113794679425 0.020133253301794662 0.021675733403655015
0.099182877658574253 0.00071654158483473436 0.00072025077310646033
0.099781971334729089 0.00018975521255761059 -1.679640651235426e-06
0.099178950601555377 0.00073268755495906925 -0.00073681538975772104
0.093637679469421184 0.020510670647153697 -0.022083377755726493
0.072671796542535083 0.024103166243833199 -0.11977767622312996
0.093960514895235075 -8.9122367148075087e-06 0.28342464793520566
0.097968331561295474 -1.0454962816970998e-05 0.0042166458132076416
0.099782876003782536 -1.5821271792886293e-06 0.00018986906170251062
0.099958235438976334 -3.8022082961160728e-07 -2.6029003175903079e-07
0.099780790736796354 -5.4816593196166147e-07 -0.00019485091658687079
0.097948401676847333 -1.6715643475551235e-06 -0.0043725921683270465
0.093672396966766033 6.5252029331387738e-06 -0.29116425310173499
0.072888910203173687 -0.025552680033412562 0.11628772570622455
0.093662811003251703 -0.020424090016056072 0.021932693327833937
0.099178518535530683 -0.00073666184014122601 0.00073476321234550168
0.099780779184261287 -0.00019472446332088883 -6.4511945104693337e-07
0.099177761567803585 -0.00074261979718743751 -0.00074217902317937176
0.09361401161014217 -0.020529898751418842 -0.022087594656472278
0.072502032826129936 -0.024025021293645834 -0.11974752446124637
0.074888040927775346 -0.086225070156106837 0.085931522329900992
0.093636530179891181 -0.022059326643986851 0.020493076096817813
0.097949850409581082 -0.0043696372706987074 -3.9646690641315467e-06
0.093631786038289005 -0.022137636297302362 -0.020578690708331245
0.074442183771211007 -0.086450437025476501 -0.086226273706078563
0.072807082325691733 -0.11973267635913977 0.024081714273661309
0.094019095929749788 -0.29126583878118778 -5.2103884246446293e-05
0.072838508344546485 -0.12004845529316092 -0.024277902802959248
0.077489682608447991 0.091723981706167274 0.024305515744929434
0.099616317609553834 0.22561386781074388 -3.6512466210252788e-05
0.077557136658962883 0.091909943797962648 -0.024662967728781151
0.080099705155403725 0.071740816086301021 0.071985137842939334
0.094389957608764466 0.018077084222768297 0.016919513931705266
0.098096875758138205 0.0033401018865199753 -7.9601690066308117e-06
0.094389942792591316 0.018186401228653445 -0.017049330036915587
0.080174532247970776 0.072182168379724757 -0.074020107478667094
0.077167713152788836 0.024569624185231929 0.091736612355997157
0.094384253622965972 0.016959360978628123 0.018152556510311998
0.099221382367891617 0.00058783727437397505 0.00059076015960280869
0.099790311333380746 0.00015935059648879997 -1.4770344293863019e-06
0.099219839905590995 0.00060703740714256103 -0.00061224151603623959
0.094404517673744845 0.017455107840801003 -0.018678987175922743
0.077542473335500475 0.025306902447777582 -0.094293144378593624
0.098567463828141619 -1.3234956723789769e-05 0.22551205108061653
0.098094617969804579 -8.9806701321850173e-06 0.0033492787482480614
0.099791195628675264 -1.5358764845774323e-06 0.00015941819497463308
0.099959597603729994 -3.4726049388355827e-07 -2.7813910553780532e-07
0.099788767258142785 -4.2776546403627131e-07 -0.00016467887995600503
0.098089952641045822 -1.2933784631018478e-06 -0.0034819100134958702
0.099437856950066503 -1.38925317345104e-06 -0.23144198200661542
0.077237499698394205 -0.026062312602739408 0.091803044876214379
0.094403687699239541 -0.017353416864048371 0.018513394564590405
0.099217360914269664 -0.0006134852400520957 0.0006109461186182062
0.099788688139549886 -0.00016456236681443813 -4.0497060364217149e-07
0.099217714391807321 -0.00061763438156896755 -0.00061762286668127868
0.094403368528728021 -0.01753284568517401 -0.01874034113597842
0.077508856165390147 -0.025536409442281159 -0.094295518676745113
0.080266439595176459 -0.073993481173118741 0.073522624403847339
0.094401677818544916 -0.018666472968142642 0.017451875581686878
0.098089695671007032 -0.0034776203831343227 -1.9967695589284836e-06
0.094405963278195046 -0.018734953121342008 -0.017529437294576053
0.080276671934806046 -0.074286975304121858 -0.074285632153990588
0.077517437901858902 -0.09416894629093911 0.025324065440238769
0.099418452165154991 -0.2311559646397271 -4.1217838000166109e-06
0.077568734170332207 -0.094205064855079818 -0.025601461045343693
0.087772801523846936 0.057676786990597043 0.017307535283749037
0.11003112918299698 0.14384221398833927 -7.6918363964987229e-06
0.087852676350057252 0.057707035145708657 -0.017648170242607123
0.090959586126238848 0.047104930367768048 0.047332965034804893
0.095848644910404332 0.01162838751025623 0.010898268721169238
0.098272433797330208 0.0021302801912673817 -4.1045166034856222e-06
0.095865858354527794 0.011718955722178081 -0.011002541816023394
0.091379075666808723 0.047474279366958458 -0.04866560692275243
0.087807028910080284 0.017195842181847179 0.058404568899148142
0.095856132299169533 0.010944914091523681 0.011709684360906953
0.099280032494107523 0.00038227457004016795 0.00038463309064605523
0.099808791568893662 0.00010721353528417895 -1.0518762697866078e-06
0.099278272386607802 0.00039257701667942034 -0.00039617523010341892
0.095920792601482258 0.01124998765652902 -0.012032171015165497
0.088477963405177773 0.017796386685858926 -0.059807582549969707
0.11004861139434308 -5.1543960184125329e-06 0.14551678261223655
0.098283727014865527 -5.8807823221910056e-06 0.0021638657174042142
0.099807160596814257 -8.9782356463660724e-07 0.00010809058007032992
0.099962720115409104 -2.3218423226610152e-07 -2.0585915864819568e-07
0.099806632453148428 -2.4367382154901928e-07 -0.00011103188833061115
0.098283058609899832 -7.9697961981485621e-07 -0.0022277400855791412
0.11089424452199691 -9.970606809433743e-07 -0.14892855639881622
0.088094212507453432 -0.018120713988531087 0.058408771928683025
0.095902989246652331 -0.011174068005199432 0.011921816635348473
0.099278603211551991 -0.00039702437275860838 0.00039518097003674236
0.099806593517597547 -0.00011095989255111424 -2.3043894136460807e-07
0.099279357198603466 -0.00039932811028773848 -0.00039938916418828997
0.095931069623237691 -0.011307559466731806 -0.01207889340172357
0.088520678206507414 -0.017996953888663684 -0.059810909082819573
0.091592072736839267 -0.048659969858454367 0.048287502816823542
0.095920549208859215 -0.012027892772789303 0.011252073442075405
0.098282490343517923 -0.0022250825282629488 -1.0154149163328096e-06
0.095930184628825979 -0.012073087753711806 -0.011303370453029985
0.091765858003537759 -0.048860608761884479 -0.048880683952813316
0.088455125507513166 -0.059740210097054595 0.017816913303310974
0.11084855461925107 -0.14876134397009097 -1.4227221503865984e-06
0.088500798671922148 -0.059744117559075612 -0.018010665256423516
0.079854586233990346 0.017890942713792369 0.0054811189074670382
0.10055874500790651 0.049656751114086975 -1.8783273081283215e-06
0.079917248018858716 0.017891530577261398 -0.0056138190534067104
0.083388967212492601 0.01495118222734315 0.01507441166456446
0.095301572097199652 0.0033552082041556574 0.0030791926280875452
0.098470367314287641 0.00082408355384715377 -1.5603938603022816e-06
0.095315196604121535 0.0033854752990042291 -0.0031143425350707459
0.083662436245238697 0.01508785054650174 -0.015456912803941594
0.080019451388337534 0.005445979760181607 0.01819590051508849
0.095317402609549712 0.0031025890994217133 0.0033936638614263468
0.099373812859562746 0.0001386186900535095 0.00013938904385020633
0.099841174126719043 3.7266089802078722e-05 -2.9279179265676929e-07
0.099372370184283923 0.00014178800591182556 -0.00014303461971772709
0.09534609527070545 0.0031785336749709926 -0.003476182041064048
0.080416061230845104 0.0055929149687947381 -0.018635052971188299
0.10090416623386013 -1.9309300533511698e-06 0.050495016661553691
0.098470298810034343 -1.5334402556959572e-06 0.00085176736160560182
0.099841482184705024 -3.9063211170360124e-07 3.7579880468268512e-05
0.099970875794618497 -5.8172222995913319e-08 -5.1731101770189302e-08
0.099840574902419876 -6.6741911036086354e-08 -3.8461975437414567e-05
0.098473344280951572 -2.6316400351062539e-07 -0.00086959737782705507
0.1014819867839023 -3.1719939163245512e-07 -0.051707647817548004
0.080165668697888187 -0.0056973172914387572 0.018195071749123458
0.095335224090406553 -0.0031572761509625511 0.0034428266304727525
0.099372661065010609 -0.00014327936528994782 0.00014266143713186156
0.099840529586632656 -3.8434302713163907e-05 -6.8967437587753643e-08
0.099373205519246763 -0.00014409112984866809 -0.00014411746922705007
0.095352720050364465 -0.0031961594475576798 -0.0034900372093524066
0.080450565605553609 -0.0056612990804134778 -0.018635185353547641
0.083794109406534548 -0.015456821826373694 0.015329735758910402
0.095346456662384269 -0.0034753822981112696 0.0031798811643800619
0.098472982270378262 -0.00086864581208337995 -3.3856350929877748e-07
0.095352088593807394 -0.0034882164626580678 -0.003194921474415479
0.083927874086485332 -0.015521413674843143 -0.015528406418886002
0.080406045860496406 -0.018616904762732055 0.0056005082063938982
0.10145546426930033 -0.051656342817776257 -4.4574812525653336e-07
0.080438773370323111 -0.018617027502990224 -0.0056637097495125825
0 0 0
0 0 0
0 0 0
0 0 0
0 0 0
0 0 0
0.015021505673452279 -0.080040837226701453 0.0032107306214936349
0.018571256865585337 -0.10568454839744501 0.0019794281806564734
0.038985392420992471 -0.18112229930046755 -2.8395458357435312e-08
0.018571151533076227 -0.10568453876028025 -0.0019796044261086352
0.015021393501486228 -0.080040833710020617 -0.0032109012616759907
0 0 0
0 0 0
-0.0084881564513198948 -0.042803344186295091 -0.042803354705617094
-0.0043964515676628629 -0.06728223211465445 -0.0217088696863737
-0.0043966524654095165 -0.067282112381446005 0.021708616521846753
-0.0084884537964058492 -0.042803131263873292 0.042803076126259346
0 0 0
0 0 0
0.015021607570831617 0.0032108068121418009 -0.080040977124026483
-0.0043963998297854769 -0.021708819499315024 -0.067282326833979736
-0.0043967512725234482 -0.021708702532396113 0.067281936035871501
0.015021192363410884 0.0032108061362983984 0.080040595587498903
0 0 0
0 0 0
0.018571377508488227 0.0019795030859037052 -0.1056847194392546
0.018570928610201539 0.0019795125455671046 0.10568425688360671
0 0 0
0 0 0
0.038985630034689314 1.4835321548755577e-08 -0.18112259508669248
0.038985025045663001 1.7645956733302873e-08 0.18112182000097951
0 0 0
0 0 0
0.018571432424820938 -0.001979409361082624 -0.10568472436111065
0.018570990346538589 -0.0019794041002882271 0.10568426274227882
0 0 0
0 0 0
0.015021665145570032 -0.0032107168767194437 -0.080040979269981022
-0.0043962978715623912 0.021708948811120485 -0.067282392249816442
-0.0043966358324725799 0.021708851432865307 0.067282013284183595
0.015021259901378496 -0.003210698649953912 0.080040597727379204
0 0 0
0 0 0
-0.0084880095607364255 0.042803481365489719 -0.042803469970548458
-0.0043962727134725169 0.067282437565918146 -0.021708925617557082
-0.0043964591617503259 0.067282329745506214 0.021708693282478882
-0.0084882826746333524 0.042803293112788923 0.04280321549477438
0 0 0
0 0 0
0.015021723001241922 0.080041054500372175 0.0032107492295801732
0.018571491824437483 0.10568480891828283 0.0019794383879475951
0.038985718974034418 0.18112274066003076 -2.5838303417357671e-08
0.018571394808569997 0.10568480012042893 -0.0019795981189040298
0.015021621046082101 0.080041051196218793 -0.0032109021905366987
0 0 0
0 0 0
0 0 0
0 0 0
0 0 0
0 0 0
0 0 0
0 0 0
0 0 0
0 0 0
0 0 0
0 0 0
-0.0005731093771672598 -0.20896325251092432 -0.0098474980017418355
0.00062964596677996692 -0.22280722665118252 -0.0093068171354013345
0.014148201885814678 -0.35661328071017828 -1.0836635408298867e-07
0.0006294447429963108 -0.22280715916493107 0.0093062763590758945
-0.00057334331336579374 -0.20896319973025085 0.0098469155024552245
0 0 0
0 0 0
-0.015897269137000958 -0.11936912870206512 -0.11936915945828991
-0.015378428794039844 -0.15867762406280844 -0.059397993435510735
-0.015378755263860074 -0.15867726237362062 0.059397279102167314
-0.015897788166006951 -0.11936842774374375 0.11936826716923217
0 0 0
0 0 0
-0.00057298762134436936 -0.009847310665303359 -0.20896363206937704
-0.015378369424006035 -0.059397875395041183 -0.15867786226179983
-0.015378835494674583 -0.059397466696762463 0.15867683970628005
-0.000573501243670197 -0.00984711717277067 0.2089626073805595
0 0 0
0 0 0
0.00062978144148312831 -0.0093066446970918246 -0.22280754590608493
0.00062926913680461495 -0.009306454230097988 0.22280668534058323
0 0 0
0 0 0
0.014148523252752834 5.9434692139037411e-08 -0.35661378130936738
0.014147859838880937 6.1039687015312952e-08 0.35661260548988633
0 0 0
0 0 0
0.00062990358636570525 0.0093069551579872921 -0.22280758027992367
0.00062938195738370978 0.0093067798232246181 0.2228067296861434
0 0 0
0 0 0
-0.00057285499041119167 0.0098476324809026166 -0.20896365914099815
-0.015378174095826303 0.059398270070695515 -0.15867807034324413
-0.015378635913452057 0.059397889376602404 0.15867707822425584
-0.00057338711160179699 0.0098474457871635234 0.20896264208229817
0 0 0
0 0 0
-0.015896986607421833 0.11936958548829579 -0.1193695530713281
-0.015378178750280637 0.15867815201963689 -0.059398235486855952
-0.015378493070496558 0.1586778124770315 0.059397562786703759
-0.015897504547666017 0.11936891877328464 0.11936869603594358
0 0 0
0 0 0
-0.00057287421294438827 0.20896378530328769 -0.0098475955396663348
0.0006298895802498613 0.22280769236979414 -0.0093069254886310269
0.014148475700828783 0.35661397176473647 -1.0933565076530392e-07
0.0006296949327156162 0.22280763222179756 0.0093064188191760207
-0.0005731066533899154 0.20896373723582837 0.0098470463590212588
0 0 0
0 0 0
0 0 0
0 0 0
0 0 0
0 0 0
0 0 0
0 0 0
0 0 0
0 0 0
0 0 0
0 0 0
-0.035887534773854222 -0.30992361289485126 -0.035953385552336709
-0.034451601528446778 -0.32282189501803649 -0.033486349346289773
-0.037956758324567824 -0.51957696425482847 -2.6921030457118158e-07
-0.034451684004185225 -0.32282171096596451 0.033485268081978013
-0.035887669144537636 -0.30992340950151315 0.035952130966145406
0 0 0
0 0 0
-0.037689081477940631 -0.20718741631463519 -0.20718747634177787
-0.039945536506797143 -0.24312175330247987 -0.1055861520077489
-0.039945685055633506 -0.2431210331528427 0.10558479687442078
-0.037689357210307681 -0.20718582493070253 0.2071855098870381
0 0 0
0 0 0
-0.035887442634430403 -0.035953077445589635 -0.30992432292449545
-0.03994543901207203 -0.10558596511059146 -0.24312221240592455
-0.039945743294413312 -0.10558504912737081 0.24312039002433389
-0.035887790093322422 -0.035952296524219822 0.30992244426367105
0 0 0
0 0 0
-0.034451409912581242 -0.03348614364152816 -0.32282248962012966
-0.03445181299291411 -0.033485410793959065 0.3228209794045771
0 0 0
0 0 0
-0.037956425584699784 2.0675225409208124e-07 -0.51957786913378767
-0.037956900849435947 2.4870222269182275e-07 0.51957601267296505
0 0 0
0 0 0
-0.034451163580821446 0.033487060453112075 -0.32282260732310047
-0.034451458563059506 0.033486497470143865 0.32282112294909998
0 0 0
0 0 0
-0.035887166107534181 0.035954057233152266 -0.30992444449464035
-0.039945052678599553 0.10558706114996762 -0.24312280486213775
-0.039945223119153314 0.10558628309085007 0.24312109041767241
-0.035887373780351929 0.035953458168539891 0.30992258373282267
0 0 0
0 0 0
-0.037688498347772111 0.20718880197546052 -0.20718873596812373
-0.039945015222201473 0.24312289710264812 -0.10558702620436247
-0.03994507894997517 0.24312223625302878 0.10558579483064767
-0.037688486322020383 0.20718741174855551 0.20718699768859766
0 0 0
0 0 0
-0.035887071625144852 0.30992455251356338 -0.035954061381269421
-0.034451084925263012 0.32282270676710179 -0.033487060304875145
-0.037956255359135119 0.51957798837302649 -2.3981371948219586e-07
-0.034451133050428663 0.32282254041842157 0.033486054611419812
-0.035887081573991168 0.30992437544298557 0.035952974504173417
0 0 0
0 0 0
0 0 0
0 0 0
0 0 0
0 0 0
0 0 0
0 0 0
0 0 0
0 0 0
0 0 0
0 0 0
-0.05999673258442878 -0.32579424678846408 -0.066983930998687533
-0.060094717455041149 -0.34211543892864077 -0.061646020923248682
-0.072303510576861338 -0.55144173228774584 -3.0789842998604374e-08
-0.060093859025291262 -0.3421153212340346 0.061646085710350094
-0.059995662123161583 -0.32579412847306477 0.066983999962205179
0 0 0
0 0 0
-0.060914781661428538 -0.25887282987652316 -0.25887430063883277
-0.061900164074307956 -0.2744892169812197 -0.14102831952194364
-0.061899468033400101 -0.27448897894254304 0.14102748168900092
-0.06091418819601823 -0.25887239483845342 0.25887194494836169
0 0 0
0 0 0
-0.0599950947280041 -0.066985140879675498 -0.32579561979108268
-0.061899483743315421 -0.14102828512052598 -0.27449054002008788
-0.061899418299629805 -0.14102771280549387 0.27448830474521285
-0.059995508961308362 -0.066983982442734263 0.32579321196235173
0 0 0
0 0 0
-0.060093386659633263 -0.061647086556626381 -0.34211661680157696
-0.060093753123822237 -0.061646027132421899 0.34211467425080744
0 0 0
0 0 0
-0.072302431300194328 4.105738769061247e-07 -0.55144318863241937
-0.07230305226570255 5.3260553424992051e-07 0.55144126460228049
0 0 0
0 0 0
-0.060093104938859006 0.061648883636248056 -0.34211684703301565
-0.060093491959643024 0.061648141940349004 0.34211504564192113
0 0 0
0 0 0
-0.059994863824878036 0.066986988143628939 -0.32579585682317536
-0.061898751274563311 0.14103087266758776 -0.27449172408203953
-0.061899131201285207 0.14103000796118897 0.27448969755850011
-0.059995249646927117 0.066986292162518821 0.32579359588253931
0 0 0
0 0 0
-0.060913242209436884 0.25887694462872646 -0.25887684005614309
-0.061898762349129686 0.27449188692825066 -0.14103082755104629
-0.061899081144677869 0.27449111564390599 0.14102939381619661
-0.060913877809918103 0.25887548869134069 0.25887495575595559
0 0 0
0 0 0
-0.059994930297557522 0.32579609819652866 -0.066986993886821652
-0.060093130673890847 0.34211701404976574 -0.061648899672902158
-0.072302490175531434 0.5514433521461739 -2.9654402859124227e-07
-0.060093341040199373 0.34211676853118755 0.061647675429233613
-0.059995203896740242 0.32579584038136189 0.066985746379722419
0 0 0
0 0 0
0 0 0
0 0 0
0 0 0
0 0 0
0 0 0
0 0 0
0 0 0
0 0 0
0 0 0
0 0 0
-0.075221564467305893 -0.31029527406515006 -0.075411075728464033
-0.075690565874706253 -0.33097323209213125 -0.070487370304456801
-0.089106068345611245 -0.54173476679618349 5.7154811039549967e-07
-0.075690186455782169 -0.33097332673099689 0.07049001458632112
-0.075221224550329382 -0.31029541848578024 0.075414195474406087
0 0 0
0 0 0
-0.081639275548299431 -0.26506694624514809 -0.26506959528426044
-0.078145567241762748 -0.27108238993012296 -0.1506286581673506
-0.078144685642657447 -0.27108345912546578 0.15062982547366491
-0.081637390544540236 -0.26506954462931764 0.26506886031472371
0 0 0
0 0 0
-0.075222542602100664 -0.07541313476572796 -0.31029787251664781
-0.078145837541794133 -0.15062850643349826 -0.27108473613395317
-0.078144671507534041 -0.15062995044607663 0.27108293489323021
-0.075221257097715877 -0.075413829706123411 0.31029512039195911
0 0 0
0 0 0
-0.075691014031126436 -0.070489071979559531 -0.33097545840468956
-0.075690157193052041 -0.07048961812801699 0.33097341150095849
0 0 0
0 0 0
-0.089105529751587725 8.2247946366110011e-07 -0.54173783779357587
-0.089105906368422458 6.2554244211703591e-07 0.54173648697534271
0 0 0
0 0 0
-0.07569000572334425 0.070492726082532584 -0.3309758878040962
-0.075690040015655907 0.070491897185592831 0.33097426889735876
0 0 0
0 0 0
-0.075221257695490415 0.075417072900487728 -0.31029833429033682
-0.078144839762820911 0.15063338267585094 -0.27108691603693486
-0.078144783436571788 0.15063224062829053 0.27108445755591071
-0.075221130711156922 0.07541623289069091 0.31029600870512775
0 0 0
0 0 0
-0.081638112329242438 0.26507451110571906 -0.26507435141877461
-0.078144756381132122 0.27108712854559275 -0.15063331978525807
-0.078144710482265178 0.27108600473872196 0.15063124807042555
-0.081637965914120758 0.26507193003516805 0.26507131871079165
0 0 0
0 0 0
-0.075220975014256355 0.31029862745325049 -0.075417084995679645
-0.075689806912895355 0.33097612717452252 -0.070492756958699054
-0.089104923089915494 0.54173805314668266 -4.288998885692262e-07
-0.075689785201767806 0.33097586231620657 0.070491012774636541
-0.075220951254691804 0.31029834549138102 0.075415114365288707
0 0 0
0 0 0
0 0 0
0 0 0
0 0 0
0 0 0
0 0 0
0 0 0
0 0 0
0 0 0
0 0 0
0 0 0
-0.081627940640389418 -0.28411222033005079 -0.06331926970182182
-0.082772998151909943 -0.3088757403289723 -0.059497205269377171
-0.095738646081978726 -0.51554249452761436 4.3239060502818814e-07
-0.082773306671505217 -0.30887578445169445 0.059499803152324095
-0.081628428187720009 -0.28411227947480328 0.063321939272047198
0 0 0
0 0 0
-0.091090556809020298 -0.23757495854166799 -0.23757400043309906
-0.086089195744040017 -0.24692885967976969 -0.13580648209739404
-0.086089281426445216 -0.24693053646752364 0.13580923236671036
-0.091090853981748612 -0.23757879775684074 0.23757774660647049
0 0 0
0 0 0
-0.08162751537610563 -0.063316088061450601 -0.28411600567014478
-0.086089059124459924 -0.13580520107510849 -0.24693068801632859
-0.086088869384717437 -0.13580921155442632 0.24693053517811009
-0.081627556869224252 -0.063321092588921199 0.28411304893951617
0 0 0
0 0 0
-0.082772492313793022 -0.059494846999709326 -0.30887920218087034
-0.082772363942997612 -0.059498925601197974 0.30887698625093862
0 0 0
0 0 0
-0.095736834824204822 1.1963948572780011e-06 -0.51554751696745138
-0.095737076113590697 5.8268835268808736e-07 0.51554517963515867
0 0 0
0 0 0
-0.082772812385663558 0.059500290783757195 -0.30887974692093795
-0.082772494912131608 0.059500537968385434 0.30887841687995493
0 0 0
0 0 0
-0.081628006256496743 0.063322327782131912 -0.28411663245814295
-0.086089742777474595 0.13581053482834907 -0.24693360252725308
-0.086089020182306422 0.13581047414380992 0.24693160323684318
-0.081627631174908302 0.063322898748065848 0.28411466542543834
0 0 0
0 0 0
-0.09109208362569067 0.23758052349842607 -0.23758041191365031
-0.086090144080679637 0.24693353564322434 -0.13581062213683526
-0.08608928696812472 0.2469330728659683 0.13580920096229063
-0.091090654563474413 0.23757959483690208 0.23757857185036485
0 0 0
0 0 0
-0.081628913692239333 0.28411663960290795 -0.063322474915770061
-0.082773710527563688 0.30887944002270806 -0.059500483399904658
-0.095738257022137563 0.51554681119660961 -2.0628765710908146e-07
-0.082773098094823194 0.3088793841954488 0.059499484236550333
-0.081628159896250302 0.2841166237738208 0.063321417050904688
0 0 0
0 0 0
0 0 0
0 0 0
0 0 0
0 0 0
0 0 0
0 0 0
0 0 0
0 0 0
0 0 0
0 0 0
-0.081755651488716746 -0.25386404056976664 -0.046914553711176331
-0.08345104281699435 -0.28153128997643645 -0.043752243992220462
-0.096355893534301892 -0.47720826668579452 5.1304148542255121e-07
-0.083450124240143989 -0.28153123696371557 0.043755316797171352
-0.081754514933015776 -0.25386398148570249 0.046917630158263619
0 0 0
0 0 0
-0.091013672284334823 -0.20025273148777553 -0.20025275548340726
-0.086664383378498897 -0.2154456044498966 -0.11292552546402751
-0.086662842390494502 -0.21544805182682972 0.11292956627347456
-0.091010935868545501 -0.20025807225190637 0.20025802689135358
0 0 0
0 0 0
-0.081753640994294899 -0.046910626662870075 -0.25387153510696242
-0.086663487007139162 -0.11292300533273554 -0.21544875864814395
-0.086661680096507224 -0.11292843250771352 0.21545057878329801
-0.081752210030331465 -0.046915446552076183 0.25386898362705884
0 0 0
0 0 0
-0.083449046715066769 -0.043748827867317257 -0.28153808824589122
-0.083447558884330586 -0.043753377690919075 0.2815367770496196
0 0 0
0 0 0
-0.096353792976119512 4.6738989554227054e-07 -0.47721924524502762
-0.09635200705450446 -1.5655963556294235e-07 0.47721900071995565
0 0 0
0 0 0
-0.083450526015846904 0.043751216692341471 -0.28153812745506174
-0.083448883874810795 0.043751913578083987 0.28153748855356808
0 0 0
0 0 0
-0.081755272927332381 0.046913146933648141 -0.25387146412461836
-0.086665394306428473 0.11292541969026398 -0.21545028279857723
-0.086664198640540452 0.11292654345768474 0.21544952019931959
-0.081753662391397364 0.04691408490226278 0.25386963154199577
0 0 0
0 0 0
-0.091016221715992357 0.20025429041109036 -0.20025494238556812
-0.086666305545531216 0.21544813490086992 -0.11292640926092753
-0.086665733510344567 0.21544880053606849 0.11292677473828359
-0.091015470740667792 0.20025600264867952 0.20025512444167079
0 0 0
0 0 0
-0.081756946969604435 0.25386785115963012 -0.046914393837172698
-0.083452512561675268 0.28153436929216918 -0.043752350623772279
-0.096357119535179073 0.47721244002705915 1.5107104452479469e-07
-0.083452173979402799 0.28153437818349136 0.043753018089654594
-0.081756639988442639 0.25386784914210442 0.046915248347457292
0 0 0
0 0 0
0 0 0
0 0 0
0 0 0
0 0 0
0 0 0
0 0 0
0 0 0
0 0 0
0 0 0
0 0 0
-0.078770803081638308 -0.22481489364780588 -0.034044272745847495
-0.080722298382654836 -0.25346967573804047 -0.031352697613520289
-0.093189654646929423 -0.43378462887525537 1.4208396157825471e-06
-0.080720773759973344 -0.25346957681862559 0.031360331018563045
-0.078768983779288385 -0.22481479287733119 0.034052979924149192
0 0 0
0 0 0
-0.0870356560790298 -0.16633190579909282 -0.16633443213530644
-0.083660859806216376 -0.18555070334709334 -0.092198728069878985
-0.083658070117708552 -0.18555659954001003 0.092208682251599408
-0.087030784668714486 -0.16634588905076608 0.16634860856745459
0 0 0
0 0 0
-0.078769695610712898 -0.034041767091384088 -0.22482423881047708
-0.083660378473797994 -0.092196228225268254 -0.18555613313540339
-0.083655772454511321 -0.092205382948277056 0.18556449830801541
-0.0787638622876769 -0.034048885049231335 0.22482846015194105
0 0 0
0 0 0
-0.080721209003533745 -0.031350562474900458 -0.25347855831738053
-0.080715475425070668 -0.031356763601759992 0.25348372465941332
0 0 0
0 0 0
-0.093189101648195244 -5.9226219972818768e-07 -0.43380054146516678
-0.093181872771636212 -1.8444083399599191e-06 0.43380987835550239
0 0 0
0 0 0
-0.080723338972784525 0.031347350291694942 -0.25347877520768197
-0.080718371976835471 0.031347167993745907 0.25348377282120954
0 0 0
0 0 0
-0.07877202657587519 0.034038238236736726 -0.22482456492977684
-0.083663732962804771 0.09219234898918427 -0.18555407771367169
-0.08366084479874808 0.092193346925160888 0.18555710613838985
-0.078767324556538412 0.034038004822179967 0.2248284040166362
0 0 0
0 0 0
-0.087040841652405873 0.16632682161635978 -0.16632906861987462
-0.083666003122823004 0.18554717552969222 -0.092195499426284647
-0.083665150240176747 0.18554832173639907 0.092197393193090116
-0.08703948147893785 0.16632909684309002 0.1663312271451225
0 0 0
0 0 0
-0.078776959074504924 0.22481287865099683 -0.034042286890334839
-0.080728635384027789 0.25346628839459928 -0.03135100802671658
-0.093198218159037893 0.43377834522839004 2.8126411327175888e-07
-0.080728274805158401 0.25346635644250592 0.031352617334990757
-0.078776640269530657 0.2248129461291537 0.034043898078070442
0 0 0
0 0 0
0 0 0
0 0 0
0 0 0
0 0 0
0 0 0
0 0 0
0 0 0
0 0 0
0 0 0
0 0 0
-0.074545602693164958 -0.20093392167416368 -0.025476288552428467
-0.076533131947707431 -0.22910977133335259 -0.023231277424706875
-0.088023238610629342 -0.39392876724785669 1.9601507973094351e-06
-0.076532915548877006 -0.2291094909598331 0.023242204552543753
-0.074545765671749767 -0.20093357889075389 0.025488711721990378
0 0 0
0 0 0
-0.081889246578449953 -0.13989708069686532 -0.13989982329569814
-0.07942038666747657 -0.16154743878135733 -0.076455876554504518
-0.079419830036223826 -0.16155566412529088 0.076471126928882263
-0.081888696943739334 -0.13991618202621334 0.13992180349076758
0 0 0
0 0 0
-0.074548885825586289 -0.025475682087569139 -0.20094048001337228
-0.079421810415596733 -0.076454564772863554 -0.16155166051837164
-0.079418756327398074 -0.076465403170086627 0.16156963035145019
-0.074543485242870092 -0.02548192132132128 0.20095797023484196
0 0 0
0 0 0
-0.076536364491378739 -0.023231122912185383 -0.22911572753591269
-0.076530487785106807 -0.023236540497320251 0.22913386119171261
0 0 0
0 0 0
-0.088028765507562959 -1.9790362181622021e-06 -0.39394557087831128
-0.088019963329070222 -3.2601432395553938e-06 0.39397085524214415
0 0 0
0 0 0
-0.076539125320160495 0.023220810054102241 -0.2291151798376147
-0.076531655313116148 0.023219529675208142 0.22913368753851698
0 0 0
0 0 0
-0.074552187684910176 0.025463850910134346 -0.20093984607065063
-0.07942642484470061 0.076440923941540076 -0.16154393104893569
-0.079420815086590019 0.076442881434992616 0.16155658748671012
-0.07454486655316242 0.025462219958885104 0.20095778477144829
0 0 0
0 0 0
-0.081896958366431336 0.13987813415008182 -0.13988261591859857
-0.079429010849844744 0.16152875733822172 -0.076447914024094635
-0.079426135086024058 0.16153171901401112 0.076454157445181456
-0.081891773598351578 0.13988449435538505 0.13989143765578732
0 0 0
0 0 0
-0.074557231510334707 0.20091265660501512 -0.025473958877895813
-0.076545453769455263 0.22908633981084559 -0.023229466061452354
-0.088040448280249553 0.39388839811075216 7.7896906560833132e-07
-0.076543997972355324 0.22908657973523563 0.023233753610829248
-0.074555358213901704 0.20091293186417286 0.025478711747003693
0 0 0
0 0 0
0 0 0
0 0 0
0 0 0
0 0 0
0 0 0
0 0 0
0 0 0
0 0 0
0 0 0
0 0 0
-0.070343255896320983 -0.18418059542698711 -0.020526284361012719
-0.072255886665279531 -0.21129996738127838 -0.018570764266365999
-0.082650437654155959 -0.36384966716698758 1.7769442526286821e-06
-0.07225333723996348 -0.21130072477381598 0.018580759170547381
-0.070340031730738661 -0.18418154701891959 0.020537223124529016
0 0 0
0 0 0
-0.076996385251878546 -0.12232196182032332 -0.12232197979558745
-0.075258506239135242 -0.14508160087517444 -0.066167449756728419
-0.075256961633636349 -0.14508895372854619 0.066182304862267269
-0.076996509029727642 -0.12233610672825934 0.12234298190270142
0 0 0
0 0 0
-0.070349291831807395 -0.020531646674323608 -0.18417176298086863
-0.075260955826997336 -0.066170317324401595 -0.14507738593230737
-0.07525945210686652 -0.066175981173735993 0.14510280202780992
-0.070345471444685267 -0.020530858684637762 0.18420398169981095
0 0 0
0 0 0
-0.072262891053645223 -0.01857564483747667 -0.21128940069722757
-0.072258016338720935 -0.01857517096754515 0.21132410458968401
0 0 0
0 0 0
-0.082664374898911264 -2.629093349928118e-06 -0.36383602755523603
-0.082653849095577409 -2.5705121208179862e-06 0.36389073704385616
0 0 0
0 0 0
-0.072263536321060612 0.018562035375432013 -0.21128769080968154
-0.072254891104136909 0.018561596552765382 0.21132362656412695
0 0 0
0 0 0
-0.070349759308491952 0.020515826278574085 -0.18416937613964379
-0.075261165700152788 0.066150404400120155 -0.14506715252763622
-0.075255554445580644 0.066155657795326936 0.14509320845707116
-0.070341383291283019 0.02051565239666758 0.18420340122369472
0 0 0
0 0 0
-0.076994920009045384 0.12229320023475058 -0.12230008849820173
-0.075264609071892627 0.14504296598495603 -0.066161309011614766
-0.075262909152895283 0.14504884910493732 0.06617498526030352
-0.076991083649610326 0.12230665939783257 0.1223216687280396
0 0 0
0 0 0
-0.070356960902933946 0.18412669966194301 -0.020531602216121027
-0.072271710951868726 0.21124176380330675 -0.018575530915100363
-0.082677531262642698 0.36375075976696836 1.496233569351563e-06
-0.072271650015377997 0.21124196542952789 0.018583746228381437
-0.070357017760219673 0.18412678642578206 0.020541101361646084
0 0 0
0 0 0
0 0 0
0 0 0
0 0 0
0 0 0
0 0 0
0 0 0
0 0 0
0 0 0
0 0 0
0 0 0
-0.06719342955627422 -0.17415897860026314 -0.018196788979754679
-0.068973101662749031 -0.20031799499534311 -0.01635678615276346
-0.078469472711505089 -0.34492140552329892 1.8717240953464082e-06
-0.068970861946605316 -0.20031988677042878 0.016366504289197458
-0.067190768866873432 -0.1741610365528912 0.018207719818954287
0 0 0
0 0 0
-0.073481535436283149 -0.11256131967689885 -0.11255598941833506
-0.072158069874453529 -0.13551772937484696 -0.060559481383356109
-0.072156591644628523 -0.13552425715226774 0.060573791209339499
-0.07348005164363848 -0.11257357394078371 0.11257623199685823
0 0 0
0 0 0
-0.067198773712840359 -0.018210916100698825 -0.17411889407752387
-0.072160608512064656 -0.060568910996474032 -0.13549647416372923
-0.072158751354874304 -0.060569250673495771 0.13553285904981283
-0.067196008264346963 -0.018201446596467906 0.17417610096443062
0 0 0
0 0 0
-0.06898035317310007 -0.01636910582895313 -0.20027630082459844
-0.068975967195025689 -0.016360783414606488 0.20033612359051944
0 0 0
0 0 0
-0.07848543527304766 -1.3648880408123091e-06 -0.34485786854042721
-0.078475445336950639 5.4549920863145533e-07 0.3449558672232918
0 0 0
0 0 0
-0.068980368801379033 0.016361953986013048 -0.20027857400346008
-0.068974533825880271 0.01635750617190395 0.20033498964154267
0 0 0
0 0 0
-0.067198593829299408 0.018203499559749564 -0.17412184758696153
-0.072159958307787306 0.060553189007241048 -0.13549506134726885
-0.072158128002016556 0.060556371225525402 0.13553238555045005
-0.067194596637361589 0.018198543383873882 0.17417507711312596
0 0 0
0 0 0
-0.073480217902138573 0.11253549878598748 -0.11255122082083101
-0.072163400611142903 0.13545959292543264 -0.06056740297417007
-0.072164613884403664 0.1354661537733991 0.060583272733613393
-0.073481420528209176 0.11254969731865158 0.11257728262705478
0 0 0
0 0 0
-0.067206644373141375 0.17406215937812136 -0.018218923359122161
-0.068988053985973477 0.20021612312300699 -0.016375046378118471
-0.078495532461383563 0.34475220807436135 1.6093269468775694e-06
-0.068989414019950651 0.20021691833261171 0.01638374872150055
-0.067208091528776687 0.1740628834154361 0.018228578352388877
0 0 0
0 0 0
0 0 0
0 0 0
0 0 0
0 0 0
0 0 0
0 0 0
0 0 0
0 0 0
0 0 0
0 0 0
-0.065334254611509032 -0.16893759579198517 -0.017320527423070615
-0.066991713718833321 -0.19447528064713254 -0.015509439964325205
-0.075883179267421261 -0.33470974861866182 1.7818881712484754e-06
-0.066993709185436026 -0.19447702611873582 0.01551824905171967
-0.06533674822697251 -0.16893919854100517 0.017330555193059493
0 0 0
0 0 0
-0.071515569205891277 -0.10791771023268465 -0.10790668196619513
-0.070350466585108337 -0.1307134388676458 -0.057973004112192583
-0.070353006085385514 -0.13071951500589202 0.057987491474212803
-0.071519241388329671 -0.10793069807687085 0.1079291342722966
0 0 0
0 0 0
-0.065342938429036324 -0.017341149905719531 -0.16887430443956306
-0.070354144709866964 -0.057987928132642468 -0.1306781306396391
-0.070352335660553572 -0.057983869819573618 0.13072380851831428
-0.065334423226041147 -0.017322241142341287 0.16895027200133364
0 0 0
0 0 0
-0.067000887700935804 -0.015527445247266843 -0.19440832837019165
-0.066992801586196735 -0.015510448002871196 0.19449532838259231
0 0 0
0 0 0
-0.075898956740774515 -4.7744336557117798e-07 -0.33460116335652124
-0.075889035974107844 3.1682630076083064e-06 0.33477100744458266
0 0 0
0 0 0
-0.067003686932914933 0.015524416013890248 -0.194410046727687
-0.066994355747778234 0.015506716849672211 0.19449366894954148
0 0 0
0 0 0
-0.065346160270728648 0.017338629438368034 -0.16887610723402557
-0.070355281324780417 0.057974705746705504 -0.1306822654026063
-0.070354330349932534 0.057964980821976528 0.13072177662981585
-0.065336298712598856 0.017316630839334598 0.16894920286764012
0 0 0
0 0 0
-0.071514968201168622 0.10789182562495504 -0.10791660846859598
-0.070351253740724151 0.13064185139006879 -0.057988112411480011
-0.070356611765409 0.13064470018744598 0.057996728003413281
-0.071522650135573018 0.10789315962235484 0.10792473426925375
0 0 0
0 0 0
-0.065336381593414983 0.16881293348539331 -0.017344602738257928
-0.066994633910482521 0.19434503673527972 -0.015530343849651639
-0.075889913140671339 0.33449647056444226 2.0057587907690751e-06
-0.066998243775578309 0.19434875577885963 0.015537704555183128
-0.065340318620224061 0.16881737112301834 0.017353463366428245
0 0 0
0 0 0
0 0 0
0 0 0
0 0 0
0 0 0
0 0 0
0 0 0
0 0 0
0 0 0
0 0 0
0 0 0
-0.064414057152814022 -0.1664785262813743 -0.017056077243400018
-0.065993948658981158 -0.19169163427700756 -0.015247547965972561
-0.074542924041872766 -0.32982672140417418 1.4327959578466367e-06
-0.065998944098283996 -0.1916949413747657 0.015251911114582416
-0.064419168629811924 -0.16648276016003818 0.017060706034096887
0 0 0
0 0 0
-0.070594185352727767 -0.105933295609914 -0.10592001368742182
-0.069471562761127148 -0.1285352443408341 -0.05691472541011746
-0.069474549172696423 -0.12853836211519104 0.056924459109813447
-0.070594315140664943 -0.10593406679256948 0.1059355761996975
0 0 0
0 0 0
-0.064410872864435184 -0.017079539445933344 -0.16640732792147683
-0.069470482234152059 -0.056931563367709027 -0.12849583890846974
-0.069470953109765948 -0.056919565274610701 0.12854838446980182
-0.064411599023489724 -0.017052656365801076 0.16650158450041175
0 0 0
0 0 0
-0.065990669449582026 -0.015267205012365882 -0.19161457584735112
-0.065991094293027214 -0.015244572253353092 0.19171510899232722
0 0 0
0 0 0
-0.074535396943347126 -1.3857776540714322e-06 -0.32968623379584688
-0.074539005584093349 -1.1008370934946284e-06 0.32985670158543662
0 0 0
0 0 0
-0.065996031578918965 0.015256300367541969 -0.19161288470960985
-0.065993891978632313 0.015229867780313476 0.19171188623427066
0 0 0
0 0 0
-0.064417513382983141 0.017065987488979587 -0.16640539585210395
-0.069471677869041099 0.056910211609579972 -0.12848977684246327
-0.069473561832827282 0.056890276046167379 0.12853754145282026
-0.064415040304600157 0.017035155968847412 0.16649778237115617
0 0 0
0 0 0
-0.070591118849046397 0.10589717067675652 -0.10590592835683367
-0.069463018254139336 0.12846742146549125 -0.056919254280388812
-0.069470082626001947 0.12846369575608413 0.056920581727733531
-0.070598408986553257 0.10588571858754768 0.10591450228005977
0 0 0
0 0 0
-0.064396491070323997 0.16636824796666266 -0.017076559434220207
-0.065977355260546849 0.19156870310032473 -0.015265240756818562
-0.074525106940979177 0.32959254196250487 -2.2532830174222699e-07
-0.065984829424185348 0.19157282871597667 0.015260571932341883
-0.064405743221440312 0.16637286204759888 0.017071036208532647
0 0 0
0 0 0
0 0 0
0 0 0
0 0 0
0 0 0
0 0 0
0 0 0
0 0 0
0 0 0
0 0 0
0 0 0
-0.064022831353007598 -0.16537040140172396 -0.017001084736292072
-0.06556138501579635 -0.19042133414454876 -0.015189368598574334
-0.073944620767232475 -0.32755753795358311 -6.6897265350412498e-07
-0.065573200201276036 -0.1904206148685394 0.015185172233198707
-0.064037795236491668 -0.16536939688430843 0.016997407018491624
0 0 0
0 0 0
-0.070217055609978651 -0.10511605894582998 -0.10510351305960521
-0.069100008643447591 -0.12759016266582743 -0.056506261718068398
-0.069110571955943251 -0.12758925505542307 0.056517611951650615
-0.070228349002634985 -0.10511573711671673 0.10513608868429856
0 0 0
0 0 0
-0.064012242845162548 -0.017008719711112619 -0.16533165841593325
-0.069095031155789827 -0.056515692480408088 -0.12756535674348446
-0.069100886382859383 -0.056507603561453096 0.12761984834120785
-0.06401489567144579 -0.016994950715023105 0.16541447935031822
0 0 0
0 0 0
-0.065549061210002979 -0.015196077463531509 -0.19037907084666814
-0.065553143528585447 -0.015183696364367649 0.19046723439585042
0 0 0
0 0 0
-0.073919125187476717 -2.1682407145898851e-06 -0.32747877962927152
-0.073928211150552994 -3.8511998312854353e-06 0.32762130383402077
0 0 0
0 0 0
-0.065549427555649353 0.015183144731619301 -0.19037649866845527
-0.065553007807454405 0.015162791237937531 0.1904638805453075
0 0 0
0 0 0
-0.06401205469395517 0.016994139954226734 -0.16532892408023173
-0.069093323709948279 0.056500153232166485 -0.12755662901281506
-0.069095884281869788 0.056476450271783184 0.12760300900974533
-0.064014619147588686 0.016971253731181229 0.1654108945869136
0 0 0
0 0 0
-0.070212892552969128 0.10509968507656192 -0.10508690744225702
-0.069086160494147245 0.12755245907497836 -0.056505551991794224
-0.069087798901023942 0.12753982345581397 0.056500359563866551
-0.070214746179417781 0.10507022598753159 0.10510160081694374
0 0 0
0 0 0
-0.063994237369338181 0.16531133005508736 -0.017015951967251235
-0.065532266742679562 0.19035609974715584 -0.015201484629707994
-0.073900625248273469 0.32743736805310125 -4.6808276702568373e-06
-0.065533806543518577 0.19035602277191088 0.015179865045532247
-0.063995417447411912 0.16531147535001292 0.016990826815284882
0 0 0
0 0 0
0 0 0
0 0 0
0 0 0
0 0 0
0 0 0
0 0 0
0 0 0
0 0 0
0 0 0
0 0 0
-0.063865254051849202 -0.16484866938682052 -0.017009563152411325
-0.065386654244875525 -0.18982461338433557 -0.015193230315547325
-0.073692007067487936 -0.32648586738172947 -5.8367023099597038e-06
-0.065388387919398994 -0.18981864253384012 0.015167630943454259
-0.063865383227518099 -0.1648412942849786 0.016978553370746587
0 0 0
0 0 0
-0.070072948608598723 -0.10477571547051567 -0.10476333816897654
-0.068954704338434869 -0.12716732833285965 -0.056350976572508732
-0.068956578469792973 -0.12715562470896716 0.056355053799095209
-0.070073332562883894 -0.10475455524493692 0.10480532345399451
0 0 0
0 0 0
-0.063850998562374167 -0.016994507553033247 -0.16485407789747569
-0.068948658586324485 -0.056349550511429349 -0.12716331521331084
-0.068957282479926107 -0.056341903391687993 0.12720728413904892
-0.063867527304743682 -0.016994939207378251 0.16490835947967381
0 0 0
0 0 0
-0.065371470657212521 -0.015179998219527105 -0.18983080149942924
-0.065389273159735944 -0.015181141607748057 0.18988637631654054
0 0 0
0 0 0
-0.073664228297767129 -1.8075936634558827e-06 -0.32649315077831426
-0.073693596190170352 -3.8639244160019075e-06 0.32658647593077206
0 0 0
0 0 0
-0.065370156221323278 0.015170408555929877 -0.18982914298362619
-0.065386774316371896 0.01515924562410836 0.18988328929361578
0 0 0
0 0 0
-0.063849599498953996 0.016984440393143577 -0.16485236167849307
-0.068948247443335414 0.056337543685571249 -0.12715697452855981
-0.068957722221163573 0.056317842215806255 0.127187283403776
-0.063863469314345778 0.016971979263871697 0.16490485619469381
0 0 0
0 0 0
-0.070073325678661341 0.10476123304599465 -0.10475185271554854
-0.068953280445967394 0.12715696569992219 -0.056340154095084145
-0.068954894009768522 0.12713864842695785 0.056331619604535269
-0.070077439872720998 0.10473275983921848 0.10476568384087002
0 0 0
0 0 0
-0.063862258962548601 0.16484710616578627 -0.016996033272652721
-0.06538154502100435 0.18981852274889338 -0.015182934359573963
-0.073679100283228952 0.32647711093251452 -3.6168926510569043e-06
-0.065378847274245644 0.18981156986355427 0.015158082175443404
-0.063858325963432744 0.16483855990359184 0.01696932212500929
0 0 0
0 0 0
0 0 0
0 0 0
0 0 0
0 0 0
0 0 0
0 0 0
0 0 0
0 0 0
0 0 0
0 0 0
-0.063811584383929643 -0.16456652609625894 -0.017025929226521873
-0.065325669460124053 -0.18950455950791034 -0.015207172467407734
-0.073599929257007327 -0.32592948407357553 -5.5138168654331491e-06
-0.065328416136131245 -0.18950496698610159 0.01518102511919122
-0.063815634847366173 -0.16456830632888744 0.016999657669226308
0 0 0
0 0 0
-0.070032514994403286 -0.10460812982474861 -0.10459120262803466
-0.068907953471839326 -0.12694747361323347 -0.056280032220809989
-0.068912794623602946 -0.12693978132069259 0.056281673534774881
-0.070040913558126944 -0.10459369094750937 0.10462736206974334
0 0 0
0 0 0
-0.063818467130587558 -0.016990630725149638 -0.16460196496605609
-0.068910176462377778 -0.056271134698213932 -0.12695508575027573
-0.068924963418873761 -0.056275061303443501 0.1269663349228887
-0.063841791901353695 -0.017014795206580609 0.16459106819642544
0 0 0
0 0 0
-0.065330707169809141 -0.01517630216873378 -0.18954126975599445
-0.065357229634993089 -0.015197756464863932 0.18952940495486914
0 0 0
0 0 0
-0.073603889404360814 -2.5533308684973446e-06 -0.32598382687328697
-0.073648831810818452 -7.0235052735759271e-06 0.325965505008596
0 0 0
0 0 0
-0.065329226713160604 0.015163570037868179 -0.18953995871417614
-0.065365999533444796 0.015158569978186199 0.18952745236778476
0 0 0
0 0 0
-0.063817311650069958 0.016976056821494421 -0.16460055470800564
-0.068914182371156846 0.056251105721507259 -0.12694680244754986
-0.068942950800363265 0.056224893591891978 0.12693200520690881
-0.063854827901057273 0.016969918035872909 0.1645889176572847
0 0 0
0 0 0
-0.070046003750916852 0.10457836809708534 -0.10457357673280547
-0.068922718264001481 0.12692365371405617 -0.056264267923059462
-0.068937898114859175 0.12689915148989678 0.05623310025468338
-0.070077723527180211 0.10452464236712682 0.10455277451443024
0 0 0
0 0 0
-0.063833391538638817 0.16454625960609165 -0.017008343595831209
-0.06534790085015002 0.18948110365046519 -0.01519169799823031
-0.07363123749519189 0.32589227600645104 -6.122846225931186e-06
-0.065352931211024062 0.18948161275437134 0.015151868007340502
-0.063841519957873655 0.16454785618593096 0.016962707954792496
0 0 0
0 0 0
0 0 0
0 0 0
0 0 0
0 0 0
0 0 0
0 0 0
0 0 0
0 0 0
0 0 0
0 0 0
-0.06381181123951124 -0.16435084333653066 -0.017042788473535849
-0.065327552244590525 -0.18925895536351992 -0.015223247601107513
-0.073602783274140923 -0.32550382624958202 -8.4422888206804353e-06
-0.06533049380313169 -0.18925463703880385 0.015176264629451569
-0.063813205322104979 -0.16434522690722553 0.016990250140704075
0 0 0
0 0 0
-0.070019608844391984 -0.10448855848439904 -0.10445994294690607
-0.068903272663425247 -0.12678396200788181 -0.056230910992879121
-0.068913711297576632 -0.12675961422291596 0.056209991823060731
-0.070036163932034226 -0.10444251398146186 0.10447641118932662
0 0 0
0 0 0
-0.063812101601401341 -0.016998669383055706 -0.16437524739880291
-0.068902290567622149 -0.056220889635777774 -0.12678554312403006
-0.068929356630194838 -0.056226434326699729 0.12674441853255455
-0.063845396237527635 -0.017053364793712677 0.16428425379991077
0 0 0
0 0 0
-0.065325464504385491 -0.015181466744329106 -0.1892974472315363
-0.065367015450015331 -0.015230995765457188 0.18918985255017767
0 0 0
0 0 0
-0.073595606990628892 -2.6810700433788062e-06 -0.32556857718043736
-0.073661696301793589 -1.0147562746507023e-05 0.32538046599765136
0 0 0
0 0 0
-0.065316870909386579 0.015169386911477694 -0.18929745848052007
-0.065358237536552483 0.015180924791675343 0.18918521609565339
0 0 0
0 0 0
-0.063802409321321668 0.016982772666480739 -0.16437403364265807
-0.068892521676108862 0.056197793554595643 -0.12678003851576386
-0.068908236327538883 0.056167374620977178 0.12670307686784577
-0.06383145025826345 0.016992193936161457 0.16428048585701227
0 0 0
0 0 0
-0.070007158213302917 0.10444677299579132 -0.10444460562137728
-0.068909388159574259 0.12672591625498203 -0.056226368357624353
-0.068902879726459795 0.12669141551552787 0.056168281909496451
-0.06999328872135839 0.10436021563868678 0.10437795445787387
0 0 0
0 0 0
-0.063836413979871498 0.16426666627379663 -0.017041311901061326
-0.065355668460976832 0.18917098638537147 -0.015223155552181846
-0.073651896807565287 0.32536078872124974 -8.6421122559503726e-06
-0.065347614214696703 0.18917718089632413 0.015168703758338804
-0.063822519975187231 0.16427400779867035 0.016977988999525736
0 0 0
0 0 0
0 0 0
0 0 0
0 0 0
0 0 0
0 0 0
0 0 0
0 0 0
0 0 0
0 0 0
0 0 0
-0.063875938439456617 -0.16405271492124565 -0.017096791448423992
-0.0653961551282769 -0.18892662167444854 -0.015270192455926012
-0.073709356389396005 -0.32494033638298642 -1.4691351382459383e-05
-0.06541615412851351 -0.18892376087065979 0.015178984316792463
-0.063901658256775851 -0.16405042215414711 0.016995091761587755
0 0 0
0 0 0
-0.070034628246300315 -0.10437478402069211 -0.10434181571441593
-0.068939175302364292 -0.12658288956944394 -0.056203609080836076
-0.068978749972969433 -0.12652144552316766 0.056122530185320638
-0.070104808784216266 -0.10424541056489478 0.10427424911226911
0 0 0
0 0 0
-0.063815802952055939 -0.017004473825189347 -0.1641585390609461
-0.068909826160056267 -0.05617067430668958 -0.12662424945131481
-0.068990104218705717 -0.056166322892586842 0.12646510275848713
-0.063932851393268195 -0.01711162226201534 0.16389901221937672
0 0 0
0 0 0
-0.065327219302900072 -0.015183871544993866 -0.18906657814158379
-0.065451576994083702 -0.015281428305672454 0.18876341106336325
0 0 0
0 0 0
-0.073590384574661313 3.6961550836191448e-06 -0.32519795383793404
-0.073791609240695735 -4.7951648828873794e-06 0.32463016063615224
0 0 0
0 0 0
-0.065308402949310576 0.015205782837169151 -0.18907822540971564
-0.06545372376607389 0.015287631613146878 0.18873029048009018
0 0 0
0 0 0
-0.063793936254793335 0.017030080855370951 -0.16417356609299313
-0.068882048751909064 0.056192185586108792 -0.12665657760979065
-0.068961972162748159 0.056211437601452523 0.12647822849082871
-0.063938829978291215 0.017124855748175436 0.16386227720721905
0 0 0
0 0 0
-0.069994548609646726 0.10439454760439798 -0.10440029492903168
-0.068915781103486715 0.12652359595100732 -0.056253475576276621
-0.068943173982712339 0.12649616392002852 0.056201814376269262
-0.070039159623267733 0.1043416447046568 0.10434716726419307
0 0 0
0 0 0
-0.063870376825196126 0.16389933466963177 -0.0171527257241143
-0.065389184785877671 0.18877798320806943 -0.015314587757954837
-0.073719096581622262 0.32470450417173152 -7.6409053278163724e-06
-0.065409304487993619 0.18877631703917469 0.015267151350550011
-0.063898994220333627 0.16389826120993034 0.017103803597093171
0 0 0
0 0 0
0 0 0
0 0 0
0 0 0
0 0 0
0 0 0
0 0 0
0 0 0
0 0 0
0 0 0
0 0 0
-0.063968496641611292 -0.16354394269529424 -0.017204420825222451
-0.065499937905899905 -0.18837396023794267 -0.015362593150577518
-0.073864347345241402 -0.3240109490918211 -2.5485318076418219e-05
-0.065508257289918742 -0.18836643336581269 0.01521066934447011
-0.063977350221082113 -0.16353522777225979 0.017024503543541028
0 0 0
0 0 0
-0.070067005865264681 -0.10418819869462297 -0.10418208970406349
-0.068998283304321686 -0.12625177884958577 -0.056185860620608388
-0.069018592487714484 -0.12614363374620238 0.056016810688754734
-0.070100474445571423 -0.10394515937372653 0.10398276084637176
0 0 0
0 0 0
-0.063804226431450825 -0.016967382138121958 -0.16397129111579103
-0.068921173886978354 -0.056071328797328089 -0.12646045269518716
-0.068986462090246239 -0.056066748974296601 0.12609790718323774
-0.063901590046383058 -0.017173164524982461 0.16338904537754623
0 0 0
0 0 0
-0.065316486843610147 -0.015152766965380924 -0.18886931001801097
-0.065431321148297722 -0.015330204187628404 0.18822251575176982
0 0 0
0 0 0
-0.073563495925442549 8.2047146548661602e-06 -0.32488557069501489
-0.073743593176094621 -5.0210786588470105e-06 0.32369837586659223
0 0 0
0 0 0
-0.065296659702931609 0.015212614239102629 -0.18887038826742314
-0.065423602836094705 0.015381288055590478 0.18814868171985988
0 0 0
0 0 0
-0.063780656985342174 0.017036980829992467 -0.1639706747403202
-0.068881706300941356 0.056164434157798211 -0.12652835389112913
-0.068958934595392804 0.05622638294500084 0.12616677380614974
-0.063892116277707911 0.017236665078316345 0.16330277780895083
0 0 0
0 0 0
-0.069999543027378902 0.10432910402340262 -0.10434189728338693
-0.068897320538327672 0.12631522854969016 -0.056267805569221917
-0.06891958954633437 0.12626622667104878 0.056179762121167029
-0.070046158036919021 0.10425275864303001 0.10424170139058475
0 0 0
0 0 0
-0.063810024805930357 0.16352728907559957 -0.017248782470705132
-0.065328442031861403 0.18838884174740411 -0.015393799155773031
-0.073603080138782084 0.32406028760826922 -1.7096568226032023e-05
-0.065332912449166031 0.18835735590339028 0.015312817942221005
-0.063811681445280669 0.16348896596123028 0.017154026829130142
0 0 0
0 0 0
0 0 0
0 0 0
0 0 0
0 0 0
0 0 0
0 0 0
0 0 0
0 0 0
0 0 0
0 0 0
-0.064074326511283017 -0.16280961292194882 -0.017345213801491177
-0.065616427810815892 -0.18757544740213192 -0.015484397705252392
-0.07402744814692204 -0.32263674340109555 -2.4232411569481391e-05
-0.065602290387230408 -0.187551917280282 0.015362479653554339
-0.064053696309859548 -0.16278316135346305 0.017210490216988433
0 0 0
0 0 0
-0.070113951707908725 -0.10388711927665496 -0.10397272002345942
-0.069070208838222583 -0.12575928480436954 -0.056160816048971093
-0.069054127849522084 -0.12568919534651118 0.056006028404309724
-0.070091289343528734 -0.10376256732962413 0.10376921000319814
0 0 0
0 0 0
-0.063832359323371321 -0.01691333726966877 -0.16379634926567596
-0.068957173191642629 -0.055912953167041736 -0.1262734468187568
-0.069002377763699718 -0.055964846748908101 0.12579133116044508
-0.063948401863193463 -0.017127807758945967 0.16299132387017432
0 0 0
0 0 0
-0.065349575111085828 -0.015104807908421577 -0.18866288755145336
-0.065467397466937707 -0.015298866000666695 0.18777288075030421
0 0 0
0 0 0
-0.0736125577707058 1.7054265773869187e-05 -0.32453504289920082
-0.073756233157880199 7.9333476607336352e-06 0.32296949370990763
0 0 0
0 0 0
-0.065348802139627932 0.015186638950232799 -0.18866495621595247
-0.065447995735747735 0.015368059353876884 0.18774245541914283
0 0 0
0 0 0
-0.063833772619146301 0.017003496008775317 -0.16379981308002498
-0.068927022344712069 0.056066724381231871 -0.12635376759736211
-0.068992886775933626 0.056113419240781753 0.12583747379801091
-0.063920568100507849 0.017215231404868823 0.16296105120936968
0 0 0
0 0 0
-0.070049244957507847 0.10413543519283529 -0.10414799747736385
-0.068906251719531131 0.12617052077741639 -0.056158391618281886
-0.068925992726009189 0.12610785096191407 0.056007607005517046
-0.070092561616535279 0.10401488244580687 0.10392351035525792
0 0 0
0 0 0
-0.063780243268844086 0.16343172120073685 -0.017181809364697445
-0.065293871507485751 0.18825423877101949 -0.015343664802649195
-0.073511632993822115 0.32380746227898632 -1.5694648786204284e-05
-0.065293045811758127 0.18824590052395676 0.015251462536554863
-0.063777547925852066 0.16342552167166777 0.017084163583991858
0 0 0
0 0 0
0 0 0
0 0 0
0 0 0
0 0 0
0 0 0
0 0 0
0 0 0
0 0 0
0 0 0
0 0 0
-0.064170547367276023 -0.1618634247723173 -0.017488073041515857
-0.065714532798547942 -0.18656145745398825 -0.015606901023484845
-0.07416357293065548 -0.32090412355511205 -1.9906507923340498e-05
-0.065728915751275249 -0.18649487966096662 0.015551953132880441
-0.06419457535233114 -0.16178772937102912 0.017433515500766626
0 0 0
0 0 0
-0.070181126555704396 -0.10345784146374037 -0.10366856176284955
-0.069140902847332056 -0.12511206276943085 -0.056096864323277845
-0.069133487130969395 -0.12511833245619344 0.056051502713739355
-0.070150931323468321 -0.10356767198909564 0.10363006862362302
0 0 0
0 0 0
-0.063958951808954279 -0.016886149176141649 -0.1634281873969135
-0.06903971054576695 -0.055711129306077946 -0.12595908294941802
-0.06906064167842868 -0.055892326715334104 0.12543541834934271
-0.064034940372605945 -0.017153509176047868 0.16239376654717078
0 0 0
0 0 0
-0.065473509570797409 -0.01508153876475684 -0.18824901872158731
-0.065569966936218776 -0.015322786758556925 0.18715435628047664
0 0 0
0 0 0
-0.073779753968914105 1.6329247632959137e-05 -0.32381922652147055
-0.073961331748089096 6.2293896863505836e-06 0.32199591233308544
0 0 0
0 0 0
-0.065484008341996428 0.015162835152914625 -0.1882530167765096
-0.065609417675126513 0.015307989976071945 0.1871918844213942
0 0 0
0 0 0
-0.06396106143617257 0.016989054673047475 -0.16343280138626776
-0.069023301348600338 0.055929835917500607 -0.12603994049479647
-0.069107414925406979 0.055896648426974331 0.12536158692965618
-0.064093400236469589 0.017130784229713814 0.16243799764289946
0 0 0
0 0 0
-0.070131205481839265 0.1038466280313719 -0.10385042312765733
-0.069004088410586584 0.1259536084951465 -0.055980471230936336
-0.069050759290031183 0.12583456727004902 0.055709301767922596
-0.070224883288776171 0.1035763853300494 0.10340396939449771
0 0 0
0 0 0
-0.063941181369086789 0.16325253539403714 -0.017080899976500911
-0.065444965358388785 0.18804397604120526 -0.015264493260286087
-0.073738900085076331 0.32343106578644298 -2.6473477834106788e-05
-0.06547377700621955 0.18804846124069677 0.015108250094168513
-0.063979368137674297 0.16325645015937315 0.016903499999592644
0 0 0
0 0 0
0 0 0
0 0 0
0 0 0
0 0 0
0 0 0
0 0 0
0 0 0
0 0 0
0 0 0
0 0 0
-0.064109110965766394 -0.16087777893355679 -0.017595798318146595
-0.065657703146221019 -0.18551525944711642 -0.015691913090752175
-0.074039918759514961 -0.31912450149050442 -2.155886912303576e-05
-0.065631773202849797 -0.18541339115784392 0.015668082881587202
-0.064078572631340022 -0.16076377402992437 0.017558981302090739
0 0 0
0 0 0
-0.070187135395230194 -0.10296538137838085 -0.10327578714953523
-0.069126936812706222 -0.12442179870855842 -0.055973110153488874
-0.069072169522056207 -0.12445192880487783 0.056037170767302399
-0.070092047511856909 -0.10314389304779731 0.10346244326874519
0 0 0
0 0 0
-0.064013840436139141 -0.016920276461734544 -0.16280990754765073
-0.06909101141689282 -0.055513582704947426 -0.12547622298552183
-0.0690488064589143 -0.055847512439241347 0.12494579763513956
-0.064015441893690322 -0.017448419662671528 0.1615386433836811
0 0 0
0 0 0
-0.065569424887810701 -0.015111102914053183 -0.18755168874957504
-0.065577550765692022 -0.015554424717070461 0.18621902549209957
0 0 0
0 0 0
-0.073950593679673257 -1.3911634379724908e-05 -0.32264104787360143
-0.073967941938112319 -9.5908370704612702e-06 0.32041873592665476
0 0 0
0 0 0
-0.065682633555626285 0.015036173128304301 -0.18754719331534872
-0.065561029297991721 0.01543507618366848 0.18626980022094011
0 0 0
0 0 0
-0.064167088509738804 0.016835267964445129 -0.1628030604205051
-0.069158809992760209 0.05574855827425642 -0.12549014734906497
-0.069008761637639998 0.055806966227953801 0.12478826748138247
-0.063969441122585291 0.017311901392423827 0.16159140863372903
0 0 0
0 0 0
-0.07019595521276574 0.10361193620891977 -0.103309540720284
-0.069049574764432992 0.1255757019149292 -0.055795307164018579
-0.068972671213967107 0.12540683041858822 0.055543261152014155
-0.069962114749799562 0.10322203577333011 0.10303211342548675
0 0 0
0 0 0
-0.063903367088156415 0.1626867928638403 -0.0172102029638696
-0.065475993586266795 0.18743794846296188 -0.015348508128776825
-0.07382487091120149 0.32240991334039099 -3.9929333150297453e-05
-0.065474372970039232 0.1874414980532165 0.015118303631229431
-0.063899314411115057 0.1626870891257752 0.016943466066360349
0 0 0
0 0 0
0 0 0
0 0 0
0 0 0
0 0 0
0 0 0
0 0 0
0 0 0
0 0 0
0 0 0
0 0 0
-0.064051297534955004 -0.16021597052017178 -0.017518376244404749
-0.065572020909955619 -0.18478632651904042 -0.015618260823497628
-0.073820225568546782 -0.31789402833342884 1.5273173429638514e-05
-0.065480322299556859 -0.1846928159785064 0.015784391129329445
-0.06394353893294781 -0.16011569726670316 0.017706206606514348
0 0 0
0 0 0
-0.070271944063664854 -0.10254770962712634 -0.10285148307305139
-0.069131153735064621 -0.12390418354261157 -0.05574206515739729
-0.069032852718990748 -0.12400811498414382 0.055925106379490164
-0.070182232740535894 -0.10289443923099947 0.10305273359653065
0 0 0
0 0 0
-0.0644939983436075 -0.017047520023345527 -0.16168326340668132
-0.069309677890830548 -0.055382631657386737 -0.12474036689801973
-0.069174357062606912 -0.055784827582105741 0.12432758226739006
-0.064283278999220123 -0.017556560458212928 0.16064385519203472
0 0 0
0 0 0
-0.066014255323991716 -0.015207921038155846 -0.18633865270445449
-0.065789660522737201 -0.015659664787255723 0.18522247555376789
0 0 0
0 0 0
-0.07456804806778905 -5.4669291673505824e-05 -0.32060654170417735
-0.074224616287135559 -3.0454029847460088e-05 0.31876129483734816
0 0 0
0 0 0
-0.065964632436527795 0.014949518241798888 -0.18632847576936634
-0.065952447034354281 0.015401054253692315 0.18528562199951942
0 0 0
0 0 0
-0.064432341122071204 0.016695280984357776 -0.16167516698690795
-0.069331013467281932 0.055538869629049033 -0.12469795735370619
-0.06944635704017324 0.055669345548312696 0.12419999831761019
-0.064499275862194103 0.017296325292807037 0.16071335731172937
0 0 0
0 0 0
-0.070433310317950623 0.10326244306873662 -0.1027299008185715
-0.069343394551214452 0.12502687035223869 -0.055512130828312238
-0.069406123448073759 0.12492912118612318 0.055365580634018467
-0.070682967733377067 0.10299045495806571 0.10273331583302585
0 0 0
0 0 0
-0.06447474036554672 0.16191590765382585 -0.017121500425057931
-0.065921962704688641 0.18660308538977485 -0.015264545809660086
-0.074242454522067403 0.32108143299737407 -2.720414420424951e-05
-0.065880201968961438 0.1866501112758146 0.015070716672665076
-0.064426383593642764 0.16196862442724677 0.016901150746131591
0 0 0
0 0 0
0 0 0
0 0 0
0 0 0
0 0 0
0 0 0
0 0 0
0 0 0
0 0 0
0 0 0
0 0 0
-0.063955387944870434 -0.15991743945018649 -0.017141034443288589
-0.065447931446439761 -0.18446348789569389 -0.015313312147443576
-0.073614278262126631 -0.31735884038166845 7.0471937688796276e-05
-0.065364173785719432 -0.18436956105900659 0.015776540871643908
-0.063848529623662234 -0.15981374125504733 0.017686935950924888
0 0 0
0 0 0
-0.070337123350661016 -0.10221771344033613 -0.10231495575812333
-0.069089741824162693 -0.12360840887373463 -0.055349263983591815
-0.068941241545604909 -0.12376067013985999 0.055678987478604502
-0.070065918777264979 -0.10267187981197144 0.10245419434156226
0 0 0
0 0 0
-0.064085736550025252 -0.017059214137988526 -0.16018859398788976
-0.069162264280408309 -0.055230678833249065 -0.12385197857881441
-0.069001801191460863 -0.055664469807929988 0.12363966691428059
-0.063955292833899988 -0.017491651519262227 0.15968413935750864
0 0 0
0 0 0
-0.06560377195930385 -0.015190977525944498 -0.18487174532221609
-0.065503384573820295 -0.015613748079786232 0.1842697235075727
0 0 0
0 0 0
-0.07381483191335686 5.6264016018475848e-05 -0.31816128900475388
-0.073837499444322774 -0.00013834761461889913 0.31724156475238929
0 0 0
0 0 0
-0.065330046977071066 0.015505655797366139 -0.18484121779239185
-0.065613884160458061 0.014804464219092501 0.18433216923992282
0 0 0
0 0 0
-0.063736989197765506 0.017434703015426611 -0.16015863799794983
-0.068857730974095518 0.055512699266745208 -0.12403335947706116
-0.069106218732569183 0.055103901516705113 0.12334945898787035
-0.064062057705286585 0.016528248514772907 0.15976086630402361
0 0 0
0 0 0
-0.069909926737994552 0.10238546673829867 -0.10277248375246612
-0.068943163844363387 0.12422601893933115 -0.055292990834589037
-0.069007017212700306 0.1242581332870494 0.054813342573455492
-0.070118135379786367 0.10234043571551824 0.10172205746699134
0 0 0
0 0 0
-0.063924686830788835 0.16091093281253083 -0.01659498526889008
-0.065487153655632582 0.18564177778377827 -0.014861729401796095
-0.073784599662182371 0.31959829137613943 -8.0560296331264094e-08
-0.065429390098039816 0.18574513453530014 0.014777057252072467
-0.06385804258854294 0.1610341403719322 0.016487222725106537
0 0 0
0 0 0
0 0 0
0 0 0
0 0 0
0 0 0
0 0 0
0 0 0
0 0 0
0 0 0
0 0 0
0 0 0
-0.063554865397483229 -0.15997603309153097 -0.016997329230244478
-0.065104022467561681 -0.184504453214551 -0.015196417120087279
-0.07336506194541742 -0.31736780512551765 7.1885070662645826e-05
-0.06521170813912644 -0.18438748153379869 0.015704791466050562
-0.063694687182106469 -0.15984014712226918 0.017608644465378569
0 0 0
0 0 0
-0.069665958327184349 -0.1021954534842545 -0.10207086227373041
-0.06866086713869414 -0.12362029136442057 -0.055187573045800485
-0.068773275872867273 -0.1237013065793843 0.055594733796293455
-0.069826149093637269 -0.10250971263303381 0.10237912704429307
0 0 0
0 0 0
-0.063328783550249082 -0.016474089265297601 -0.16067205818370178
-0.068563106577703106 -0.054988550881328931 -0.12390067005543151
-0.068734202525734173 -0.055645678730319607 0.12353143993289717
-0.063608693111341777 -0.017605570743002768 0.15960823839063185
0 0 0
0 0 0
-0.064858121122567058 -0.014762159571410926 -0.18523564582214022
-0.065137385554106406 -0.015707379920141529 0.18410236514562001
0 0 0
0 0 0
-0.0729171853105606 0.00017020734761822898 -0.3186410299295569
-0.073369159463145803 -0.00017250010421779465 0.31688680516148665
0 0 0
0 0 0
-0.064865430659108755 0.01573713432181955 -0.1851684529465713
-0.06521748501208624 0.014678205046283074 0.18411644013561976
0 0 0
0 0 0
-0.063368577624381764 0.017658639638983779 -0.16058710159954626
-0.06854259086362223 0.055684239725985761 -0.12429774601560559
-0.068713057211880535 0.055193486330704936 0.12312678262055919
-0.063705279375182611 0.016474638751960809 0.15961484021026878
0 0 0
0 0 0
-0.069647876303930573 0.10258127718863132 -0.10307149893700507
-0.06856804062533231 0.1242749290447718 -0.055535548151052591
-0.068559248756425717 0.12441716261825404 0.054912721354961169
-0.069663577110448585 0.10282529946828969 0.10151157799059322
0 0 0
0 0 0
-0.063412827991414636 0.16099486719058392 -0.016926146814619587
-0.064957028854210383 0.18563406606775004 -0.015081157934692504
-0.073183728894219438 0.31946459672851368 3.0446784127360203e-05
-0.06491790561174568 0.18570686065202546 0.015194647124614215
-0.063363174387921731 0.16107385531641244 0.017066002449361298
0 0 0
0 0 0
0 0 0
0 0 0
0 0 0
0 0 0
0 0 0
0 0 0
0 0 0
0 0 0
0 0 0
0 0 0
-0.063459003099127415 -0.1603046770925434 -0.017485220621647413
-0.064976056031260873 -0.18483835045379654 -0.015572647363051386
-0.073207456474969831 -0.31784183252659159 -2.1538332533275844e-05
-0.065132082296183932 -0.18469184202342417 0.015625622610780869
-0.063641288429082885 -0.1601374219447543 0.017524532088783396
0 0 0
0 0 0
-0.069520850231809109 -0.10268410424306089 -0.10267653664282941
-0.068518574851018754 -0.1239784830772471 -0.055622890372261875
-0.068710350862204547 -0.12387366186991675 0.055718119436685837
-0.069765546750904558 -0.10259262017518243 0.10278533193111594
0 0 0
0 0 0
-0.063282573094430639 -0.016722955026217109 -0.16165835822572974
-0.068430504186847096 -0.055257981289496376 -0.12461639630157113
-0.06865540439169307 -0.05578885280244858 0.12385176476538957
-0.063523445028503628 -0.017849763737189616 0.15990868347660672
0 0 0
0 0 0
-0.064773982829861299 -0.014905170575433795 -0.18627914708170384
-0.065032388476321062 -0.015919140207633728 0.18439029333776252
0 0 0
0 0 0
-0.072900893212538523 8.921796714532411e-05 -0.32035604811157453
-0.073205536037346253 -0.00022469669967533186 0.31733779999212353
0 0 0
0 0 0
-0.0649359101993046 0.015495825721688051 -0.18622485126605942
-0.06507407187624549 0.014592928107462712 0.18446142834111995
0 0 0
0 0 0
-0.063474528589128901 0.017349197253388959 -0.16159745415509011
-0.068624839269586235 0.055733385978648756 -0.1248300637588346
-0.068694812134731262 0.055378185547359883 0.12329057420491424
-0.063574261729325315 0.016341304162684245 0.15997490071450757
0 0 0
0 0 0
-0.06977787415242831 0.10300340640229053 -0.10315932981665929
-0.068631592843632933 0.12470494576622373 -0.055746655516845357
-0.068682187182673174 0.1248706219204586 0.055091422695346642
-0.069817081910522008 0.1033709642234882 0.10145689259912091
0 0 0
0 0 0
-0.063485869574710946 0.16149061546592755 -0.017246938458317238
-0.064980059395813458 0.18612389774601359 -0.015382772288593131
-0.073157496312874895 0.32017628892879751 2.7573369845114412e-05
-0.065043238145126192 0.18613891222917062 0.015544771216070313
-0.063564226574142527 0.16150576479051729 0.017448902989203392
0 0 0
0 0 0
0 0 0
0 0 0
0 0 0
0 0 0
0 0 0
0 0 0
0 0 0
0 0 0
0 0 0
0 0 0
-0.063566840189852813 -0.16072793938853822 -0.017648529752866144
-0.065057553295860035 -0.18529101060594885 -0.015744306187214206
-0.073175861698124789 -0.31861849543946552 -6.9313039806389093e-05
-0.065079944465203252 -0.18515815844544192 0.015481438701536489
-0.063583043293451325 -0.16058360675470079 0.017339639499175875
0 0 0
0 0 0
-0.069760944878021119 -0.10293865482412914 -0.10305058391415017
-0.068664513311605946 -0.12431153276012052 -0.055892555813654578
-0.068702056587270133 -0.12415561410076174 0.055855850774960698
-0.069803850762136785 -0.10274614164023835 0.10331093226202413
0 0 0
0 0 0
-0.063507754007594897 -0.016927788458319767 -0.16227793167013688
-0.068634310595565629 -0.055489017437767539 -0.12510992485278619
-0.068703034861391649 -0.055952159447856545 0.12424193552236974
-0.063588316218792129 -0.01804824102394802 0.16025032264431077
0 0 0
0 0 0
-0.064995587439402702 -0.015105395187371862 -0.18696870227218668
-0.065085458894135029 -0.016082518468887447 0.18476004677896807
0 0 0
0 0 0
-0.073132269547237311 2.6087536911162339e-05 -0.32157392101167009
-0.073196090989762139 -0.00022043426873608369 0.31809422255669373
0 0 0
0 0 0
-0.06505156526253178 0.015279019619318445 -0.18695385936816106
-0.065002513641370968 0.01451861864159738 0.18512026123120104
0 0 0
0 0 0
-0.063557293408172053 0.017108138239269936 -0.16226542052068882
-0.068711846919957062 0.055724639824130097 -0.12519937650102916
-0.068717372627819281 0.055353173618256514 0.12367731723871662
-0.063479773663995612 0.016259612477840371 0.16065801856814818
0 0 0
0 0 0
-0.069842574550665032 0.10326106818224016 -0.10326100853431863
-0.068746353379635403 0.12499536895362902 -0.055832284131428607
-0.068840877386000449 0.12503432440664339 0.055060630677412098
-0.069949536278395757 0.10337952414957272 0.10164720440941323
0 0 0
0 0 0
-0.063623999202115922 0.16186217542032305 -0.017326011764722198
-0.065137731400142188 0.18650614773041552 -0.015468804253486136
-0.073341025738484708 0.32079271589201186 -3.1819223185646967e-05
-0.065242714438008734 0.18646550167126602 0.015366351158834857
-0.063758629068066744 0.16181359830545625 0.017191235017782087
0 0 0
0 0 0
0 0 0
0 0 0
0 0 0
0 0 0
0 0 0
0 0 0
0 0 0
0 0 0
0 0 0
0 0 0
-0.063669324058973534 -0.16108704020513856 -0.017564331822278571
-0.065166026192420956 -0.18566807507062763 -0.015678492232100966
-0.073276440969197248 -0.31930520198708728 -5.0237254559962756e-05
-0.065109198402256943 -0.18559656061110419 0.015448724221773746
-0.063599956030721522 -0.16101309557717342 0.017311794371731228
0 0 0
0 0 0
-0.069930602144114229 -0.10302431906094475 -0.1031570492367046
-0.068795388786195566 -0.12452130479539932 -0.055904240569506235
-0.068759366310939152 -0.12442457552065449 0.055883320434253675
-0.069919509816021741 -0.10290373627288998 0.10340119646847834
0 0 0
0 0 0
-0.063730896400608084 -0.016929173308132827 -0.1625573146318629
-0.068820505955600506 -0.055535123922856422 -0.12529049512505655
-0.068824367015244942 -0.055996604106585079 0.12441758933964869
-0.063747917485888927 -0.017998698368188723 0.16051335873663647
0 0 0
0 0 0
-0.065233668560577232 -0.015121262358625515 -0.1872692782789471
-0.065237159763117725 -0.016042131175847095 0.18504538925412051
0 0 0
0 0 0
-0.073447406377987426 8.9859977911303026e-06 -0.32214526437396596
-0.073363211572316414 -0.00017450658710262352 0.31871384547928222
0 0 0
0 0 0
-0.065268411144127181 0.015181202513401812 -0.18726964744714833
-0.065172790116254362 0.014465046521751563 0.18569992274617761
0 0 0
0 0 0
-0.06377627056134956 0.016998995027510618 -0.16255858501230758
-0.06888841549040127 0.055679540721369866 -0.12534787503310413
-0.068787966746962928 0.055280300248351871 0.12399017269887014
-0.063680584095196002 0.016184252527879753 0.16126225400062097
0 0 0
0 0 0
-0.070057825159387591 0.10327890278051051 -0.10328819262298493
-0.068969111011377593 0.12496585887051201 -0.055881201030509052
-0.068875094310024268 0.12495004917308587 0.055062602369561633
-0.069899558105478488 0.10329235217129468 0.1017083746936919
0 0 0
0 0 0
-0.063961875168320331 0.1617772863210038 -0.017402169511920484
-0.065463250214381416 0.18640144192737426 -0.015539855328024647
-0.073751725763003581 0.32061565972353984 -5.2265215580022958e-05
-0.065391796085660689 0.18635578311355347 0.015313463586958368
-0.063845126486648904 0.16172804032569757 0.0171372931474876
0 0 0
0 0 0
0 0 0
0 0 0
0 0 0
0 0 0
0 0 0
0 0 0
0 0 0
0 0 0
0 0 0
0 0 0
-0.063831010612783345 -0.16118575025937693 -0.017478797472883272
-0.065366076709442694 -0.18574573979368314 -0.015602736637964609
-0.073580744102685974 -0.31945893519469754 -2.5142052522234338e-05
-0.065322267194311695 -0.18571183979036057 0.015487077648690672
-0.063797490659503381 -0.16114714914112363 0.017343333268685496
0 0 0
0 0 0
-0.070018304630601672 -0.10297486456744478 -0.10309711395222974
-0.06892792660008501 -0.12452992934303871 -0.055842438106294925
-0.068904036902462357 -0.12447065492316929 0.05578207490855102
-0.070031505290119409 -0.10287745032079985 0.10309836439979607
0 0 0
0 0 0
-0.063933376965389088 -0.017018360810231871 -0.16229760874767118
-0.068960335495021632 -0.055555568602631208 -0.12514793064118826
-0.068927606672956734 -0.055893442879439967 0.12431722331644363
-0.063856689764061919 -0.017796056440870192 0.16056204735613822
0 0 0
0 0 0
-0.065458616416231311 -0.015203512378557566 -0.18699686773347723
-0.065364004913025936 -0.015875342742707532 0.18509579729702583
0 0 0
0 0 0
-0.073795474540391745 -9.8290462015660904e-06 -0.32171945759573656
-0.073566145218120146 -0.00015711937260096237 0.31878721423600798
0 0 0
0 0 0
-0.065461986326224408 0.015183014611304467 -0.18699414550160454
-0.065328409529949907 0.014437421600453797 0.18573057030707515
0 0 0
0 0 0
-0.063929451914337965 0.01698835214629206 -0.162293942775741
-0.068967617390433056 0.055578177525364467 -0.12514169399927644
-0.068900479950228966 0.055225335771717551 0.12398748681605651
-0.063823440285373886 0.016131106495045913 0.16127088607944709
0 0 0
0 0 0
-0.070007167292605463 0.10303237359274191 -0.10307652097362487
-0.069013540029097681 0.12452959890875533 -0.055891465464012961
-0.069039944095130562 0.12458641542578076 0.05519607401475931
-0.070023074800322591 0.10324971903421641 0.10163525418534294
0 0 0
0 0 0
-0.063972978939688507 0.16107266737474724 -0.017597608591887394
-0.065561538940256722 0.18564466923039172 -0.015699198977381052
-0.07396058252670959 0.31934806981802355 -2.3558638837475985e-05
-0.065626655814898655 0.18561067841959569 0.015587274294380109
-0.064081801555100029 0.16103533812948947 0.017511676970286511
0 0 0
0 0 0
0 0 0
0 0 0
0 0 0
0 0 0
0 0 0
0 0 0
0 0 0
0 0 0
0 0 0
0 0 0
-0.064450066785958729 -0.16047994185634062 -0.017444472410396986
-0.065954506118566014 -0.18499531313017856 -0.015555025294965184
-0.074332372185059198 -0.31826114023515423 1.9229331325507163e-05
-0.065765810869913344 -0.18500175243685302 0.015675425266281764
-0.064225006348129554 -0.16048956045824239 0.017550780810815347
0 0 0
0 0 0
-0.070201909662085366 -0.10263652905017542 -0.10305622438764127
-0.0692648497871209 -0.1240331871721277 -0.055797909974452636
-0.069103251116225339 -0.12408160354368275 0.055765160482940244
-0.070066759551634411 -0.10270009758092423 0.10282731484151111
0 0 0
0 0 0
-0.064067103711866732 -0.017344756157142323 -0.16149471938138521
-0.06909884285314305 -0.055556527499673901 -0.12474889754466874
-0.068978421174676327 -0.055766737875939117 0.12409619150436872
-0.063933356366481855 -0.017693435836406035 0.16035591478733796
0 0 0
0 0 0
-0.065618170738541856 -0.015485399923806929 -0.18613173943484607
-0.065448652146860992 -0.015782930141307872 0.18488722382652076
0 0 0
0 0 0
-0.074091787803455905 -9.2297279283380928e-06 -0.32027832344999357
-0.073711459733284815 -0.00012104127716616167 0.31836300727611561
0 0 0
0 0 0
-0.06564724662475982 0.015458592595636903 -0.18611965872326319
-0.065333421607362094 0.014762378834344966 0.18529240973641017
0 0 0
0 0 0
-0.064100728706579443 0.017330873425511695 -0.16148103450025239
-0.069139425125384221 0.055587666437192977 -0.12477182046343363
-0.06891028308553819 0.055131069432419293 0.12392291956005494
-0.063795770879698885 0.01652635626837088 0.16079929014595132
0 0 0
0 0 0
-0.070287762040953841 0.10272875035488147 -0.10314145634543211
-0.069380415746323143 0.12382809261044597 -0.055961631835968383
-0.069288773038130441 0.12374035910341315 0.055273091708151319
-0.070077448791627445 0.10255055142138282 0.1020023305571956
0 0 0
0 0 0
-0.064701065109035658 0.15994364937661351 -0.01771287716287135
-0.066169951308663016 0.18441173684645379 -0.015796799394301994
-0.074687140641271188 0.31732910070643044 -7.2454502111526031e-05
-0.066154975117436926 0.18437789234807916 0.015456679343569571
-0.06466171894041238 0.1599058993939089 0.017287974201628614
0 0 0
0 0 0
0 0 0
0 0 0
0 0 0
0 0 0
0 0 0
0 0 0
0 0 0
0 0 0
0 0 0
0 0 0
-0.064411376190457489 -0.15894266665746312 -0.017211332246654727
-0.065943496673646324 -0.18343839575451981 -0.015351687098195486
-0.074232569886824903 -0.31578672387588136 0.00015076636206067117
-0.065689717120761951 -0.18350065343120228 0.016125271311252066
-0.064104833929998481 -0.15901147550884989 0.018113694511250753
0 0 0
0 0 0
-0.070319877548442725 -0.10172085808715263 -0.10308578067546054
-0.069320590216596617 -0.12294489819715348 -0.055689679499537952
-0.069073683705044825 -0.12334002011733859 0.055938418047141142
-0.070050827075832864 -0.10255102039550155 0.10266205135433509
0 0 0
0 0 0
-0.064077146820346487 -0.017848786886894893 -0.16040599646549472
-0.069157234388569772 -0.055413927051592864 -0.12423766140230685
-0.068943469205359584 -0.055677859202548162 0.123882918131571
-0.063845316952596209 -0.017664118032865758 0.16006510242684993
0 0 0
0 0 0
-0.065638371884445199 -0.015909363901673211 -0.18496737594314461
-0.06537322600373123 -0.015750766627505935 0.18460028836927389
0 0 0
0 0 0
-0.074125816081891047 -3.9325720950322296e-05 -0.31831983111332945
-0.073602441642169794 -4.2845955945953385e-05 0.31780263744118525
0 0 0
0 0 0
-0.065717357252810846 0.015740204643309226 -0.18492199094255435
-0.06523531279192693 0.015329369155490888 0.18480135727002062
0 0 0
0 0 0
-0.064174898237450706 0.017658003920375309 -0.16035421370468408
-0.069122629403753882 0.055518856263415461 -0.12423283003989609
-0.068776821387898701 0.05514348740137185 0.12388901754310631
-0.063684175048402708 0.017210879230164088 0.16027849881065726
0 0 0
0 0 0
-0.070109840520554995 0.10213291399879226 -0.10315270834419353
-0.069034143609750381 0.12286559889204432 -0.0559389877664805
-0.068906023145368492 0.12272041853392139 0.055497700336688563
-0.06983151342376033 0.10182272947112204 0.10249036524046905
0 0 0
0 0 0
-0.063925123907793646 0.15829361007790832 -0.017655851186187468
-0.065521196341301532 0.18284654401978964 -0.01575942311842897
-0.07387689812483568 0.31488800367044278 -3.7066618057342021e-05
-0.065504487869540398 0.18285577828761096 0.015498750440652185
-0.063912529440605589 0.15830922216946888 0.017390983997981075
0 0 0
0 0 0
0 0 0
0 0 0
0 0 0
0 0 0
0 0 0
0 0 0
0 0 0
0 0 0
0 0 0
0 0 0
-0.064058189996058099 -0.15813350771245857 -0.01687214121726964
-0.065634253125533476 -0.18249853951416292 -0.015083368258619846
-0.073996608403940581 -0.3142624084389789 0.00023175687398109372
-0.065635870312957298 -0.18260498193609084 0.016279392854831012
-0.064086935438050607 -0.1582531255837436 0.018250925530920285
0 0 0
0 0 0
-0.07012768730312284 -0.10095474622186344 -0.10287153376904067
-0.069093973537927872 -0.1221626416351657 -0.055456506150875141
-0.069090547078889064 -0.12280838159877278 0.055937706405310934
-0.070131476539029791 -0.10229244916731084 0.10247402915478288
0 0 0
0 0 0
-0.064078655095043152 -0.018117910188403273 -0.159525872839967
-0.069086998808961644 -0.055214592621070813 -0.12371387784083972
-0.068980125436832837 -0.055499253761821458 0.12375094097310937
-0.06384871705043875 -0.017520025969636359 0.16002973916342816
0 0 0
0 0 0
-0.065614815438003696 -0.016155180259722294 -0.18398793251184559
-0.065372774616089022 -0.015630960171172915 0.18453570156599214
0 0 0
0 0 0
-0.0739848419866206 -7.7153501722409087e-05 -0.31663200769495059
-0.073571272052915818 7.9342966283756816e-06 0.317607538040513
0 0 0
0 0 0
-0.065653120083358441 0.015765039206691506 -0.18393163209367008
-0.06532893611231716 0.015565157982152182 0.18466923673835259
0 0 0
0 0 0
-0.064098455528423595 0.017691978700671476 -0.15946180782452238
-0.069031719236221353 0.055568685106435235 -0.12355140324890197
-0.068838328480503877 0.055210918874281603 0.12380033975025764
-0.063808846698730881 0.017456711359285171 0.16017489945925498
0 0 0
0 0 0
-0.069943644152741652 0.10231459978356711 -0.10258876601026845
-0.068695134975072278 0.12299371212041865 -0.055770085830781094
-0.068660475958821396 0.12273901981855753 0.055531901879165547
-0.069864396885545868 0.10172598314169812 0.10243687119850667
0 0 0
0 0 0
-0.063378662254771512 0.15864298782574957 -0.017828726016304225
-0.064908568269403832 0.18301710636681068 -0.015883206787771973
-0.073014900643905839 0.31497802555002541 -5.038618303603191e-05
-0.064933253996464851 0.18301876997776309 0.015585946651422792
-0.063409957760167862 0.15864043219207463 0.017484622638196487
0 0 0
0 0 0
0 0 0
0 0 0
0 0 0
0 0 0
0 0 0
0 0 0
0 0 0
0 0 0
0 0 0
0 0 0
-0.064113288165525903 -0.15732139568440592 -0.017197301040679319
-0.065657942480472298 -0.18163116441760466 -0.015314841663608438
-0.074084364612167108 -0.31279485749619701 0.00018111889918326024
-0.065756270549194168 -0.18173763481744698 0.016271624777174531
-0.064207887665656355 -0.15744113444470983 0.018261505849665141
0 0 0
0 0 0
-0.070078405885221892 -0.10076259474193915 -0.1024763225525519
-0.069067166906480293 -0.121670997225404 -0.055421509076306975
-0.069213984724396355 -0.12218060887581533 0.05570978743166026
-0.07026628586681137 -0.10175397255533462 0.10197305258316432
0 0 0
0 0 0
-0.064014732108214942 -0.018141982082467811 -0.15887704019891952
-0.069032571040156129 -0.055127988454564035 -0.12322408263289608
-0.069187724517752208 -0.055173003631673621 0.12335346176999241
-0.064153418413450167 -0.017339062463154208 0.15971101162617574
0 0 0
0 0 0
-0.065559912881056739 -0.016194810953791782 -0.18325492643487148
-0.065695812672290271 -0.015468708927335545 0.18415549158381717
0 0 0
0 0 0
-0.073920415102798065 -0.00013919650311564914 -0.31538351619532395
-0.074013702701544976 1.6109364413815931e-05 0.31689124821923431
0 0 0
0 0 0
-0.065784027723475552 0.015387262300895134 -0.18324408509801049
-0.065663485093725535 0.015504939984973067 0.18425596867630137
0 0 0
0 0 0
-0.064287170338710301 0.017278020785427568 -0.15886189370197965
-0.069248467909098471 0.055383353633810695 -0.12278538416181831
-0.069073030844107 0.055154143659362248 0.12338806890994712
-0.064131349093927439 0.017348939494678379 0.15981859053134814
0 0 0
0 0 0
-0.070323181876919216 0.10234349881622817 -0.10156024783483282
-0.068933741425785122 0.12336195007532166 -0.055311344957922622
-0.068851206130294842 0.12305238704540537 0.055257308052022086
-0.070056929594640396 0.10169168829410216 0.10189326925016101
0 0 0
0 0 0
-0.063647435468817112 0.15935963842557094 -0.01778705504824523
-0.065126114058788862 0.18372225221465396 -0.015885496433636372
-0.073232268793078967 0.31601018684640653 -6.0571971528918336e-05
-0.065151163503721299 0.1837199375926222 0.015499833839735105
-0.063646223858015785 0.1593588651794641 0.017383788362743076
0 0 0
0 0 0
0 0 0
0 0 0
0 0 0
0 0 0
0 0 0
0 0 0
0 0 0
0 0 0
0 0 0
0 0 0
-0.064063484292534487 -0.15636488309203458 -0.017496426235453336
-0.065643266240849249 -0.1805591001046867 -0.01558760173330109
-0.074100919302018647 -0.31095881188123037 9.9751645468831651e-05
-0.065890565581060712 -0.18065278886276023 0.016071337000767797
-0.064372523818037014 -0.15646542442373115 0.01805289687481591
0 0 0
0 0 0
-0.069998536092048771 -0.10058564492108367 -0.10236474992210468
-0.069041119799935255 -0.12114174455240845 -0.055501313188321459
-0.069449023227357479 -0.12131644270469699 0.055144422434101795
-0.070673522042378131 -0.10085416899314088 0.10094037404116347
0 0 0
0 0 0
-0.064124008929973983 -0.018304175312368401 -0.15818133003975565
-0.0690694099218878 -0.055129900309002652 -0.12280123896141051
-0.069615324324023106 -0.054690801773452459 0.12226667731989548
-0.064683007779386681 -0.01715017804668921 0.15845954714516336
0 0 0
0 0 0
-0.065691348787052253 -0.016320708669797762 -0.18245872611149883
-0.066260406095244709 -0.015307786938524328 0.18273852343133781
0 0 0
0 0 0
-0.074133170225560527 -0.00031708905631770359 -0.31408591207636682
-0.074669778506061005 8.4990408852517635e-05 0.31446036704682662
0 0 0
0 0 0
-0.065986845159889174 0.014449965939402249 -0.1825377322068103
-0.066043539506589158 0.01573998760255969 0.18280907623160458
0 0 0
0 0 0
-0.064461590042784109 0.01616055221602394 -0.15826740971231626
-0.069356207271222395 0.05486170932413429 -0.12180495272088306
-0.069380228108071942 0.055084661788481426 0.12253161490385205
-0.064395526166267175 0.017636786706994458 0.15853564104241447
0 0 0
0 0 0
-0.070252633261809624 0.10236180520485434 -0.10003710204429016
-0.069100636670930499 0.12330142047724491 -0.054739186168798797
-0.069311043463184729 0.1227664998029664 0.054877453358340871
-0.070380668708935848 0.10123013175897147 0.10144514697736957
0 0 0
0 0 0
-0.063915264259423635 0.1592386267020674 -0.017959169189769721
-0.065515978116245308 0.18357948736713817 -0.016026829060130188
-0.074015510786403629 0.31575402776434591 -0.00014459186663261199
-0.06584032733959895 0.18354570197635287 0.015197485977902773
-0.06434728446985756 0.15920448465709564 0.017035847514302628
0 0 0
0 0 0
0 0 0
0 0 0
0 0 0
0 0 0
0 0 0
0 0 0
0 0 0
0 0 0
0 0 0
0 0 0
-0.064236441881628095 -0.15558946354309633 -0.01758580700261226
-0.06571370952999242 -0.17972415252052254 -0.015656492255653878
-0.074008819073093368 -0.30956787364019833 -2.9938599755740765e-05
-0.065849554086296044 -0.17982825731477731 0.015415681565785629
-0.064351924996042767 -0.15569737973770101 0.017282634227897137
0 0 0
0 0 0
-0.070374000108592988 -0.10047269561887665 -0.10210610001369673
-0.069209616233166696 -0.12070514225453739 -0.055424503114653571
-0.069461127660466068 -0.12046221230179339 0.054169849677060594
-0.070711196243674557 -0.099761231273180623 0.099505695655366447
0 0 0
0 0 0
-0.064602761595565189 -0.018497086470074534 -0.15683256908293644
-0.069374022548702494 -0.055155094393341243 -0.12205425350057336
-0.070056922035115307 -0.05424253190321511 0.12018631950370497
-0.065713781751512476 -0.017167671975722727 0.15542487179984082
0 0 0
0 0 0
-0.066096255868295692 -0.016474326638877445 -0.18104571953842688
-0.067292478745576256 -0.015355066198511211 0.17942821960208694
0 0 0
0 0 0
-0.074598984162557391 -0.00046485068025908137 -0.31187121796047462
-0.076374800278147026 0.00017903517571996993 0.30896083395381352
0 0 0
0 0 0
-0.066251934254428352 0.013650953647611387 -0.18126039935273647
-0.067323181615858249 0.016291916567183377 0.17947730478006602
0 0 0
0 0 0
-0.064806101612956996 0.015241769306911766 -0.15707697452223435
-0.069665768283913673 0.054338413832287054 -0.12065282982157344
-0.070080076962039814 0.055010119172061021 0.12075384484348423
-0.065777910061230183 0.018293516212157697 0.15547772547557662
0 0 0
0 0 0
-0.070893009495353571 0.10226388149654406 -0.098707820833770332
-0.069677397774874 0.12260424670005417 -0.054314996940032549
-0.069637785366961899 0.12169043239188579 0.054357822970881028
-0.07076746983203562 0.10029448812316184 0.10077476659832091
0 0 0
0 0 0
-0.064805753546367015 0.15790584929710277 -0.018346215985121532
-0.066293460175302521 0.18220192707926572 -0.016294913139026434
-0.074784773566594881 0.31343624430900857 -0.0002932201414848416
-0.066273870537485124 0.18205133101818913 0.014805045402320664
-0.064758601773743416 0.15773698748422826 0.01654614331801767
0 0 0
0 0 0
0 0 0
0 0 0
0 0 0
0 0 0
0 0 0
0 0 0
0 0 0
0 0 0
0 0 0
0 0 0
-0.063518491894619403 -0.15535111880812771 -0.017313244823511566
-0.065076575381158325 -0.17953196928576537 -0.015464085663704618
-0.07328878603308947 -0.3093315461843093 -0.0001064921808932399
-0.065329506798110948 -0.17969312961479894 0.014655252319332283
-0.063853834362549655 -0.15553828437226577 0.016398853262256881
0 0 0
0 0 0
-0.069868603492474646 -0.10008598391239816 -0.10136969492354145
-0.068735194932174476 -0.12046794622495874 -0.055026375357337086
-0.069079677134441533 -0.12003861242774326 0.053311184763273269
-0.070388264351402718 -0.098975878671849274 0.098532460611596359
0 0 0
0 0 0
-0.063876516910684897 -0.018466011548554848 -0.15552510369026221
-0.068913424862909772 -0.055005513222207612 -0.12116550559203078
-0.069552851468306004 -0.05434831627487649 0.11769461361759521
-0.064785959068673502 -0.018261355675883783 0.15087322350496485
0 0 0
0 0 0
-0.065449277469459624 -0.016445823711722762 -0.17972542002609893
-0.066449178969470252 -0.0161746983063728 0.17476939291396554
0 0 0
0 0 0
-0.073629181097574825 -0.00043544044178780712 -0.30975851164111057
-0.075228572947176192 8.9588039711193057e-05 0.30136533917775565
0 0 0
0 0 0
-0.065085379368733973 0.013692110980068145 -0.18004622998020778
-0.066638865299610522 0.01671356294948179 0.17479539795874988
0 0 0
0 0 0
-0.06339824739315067 0.015282995161911797 -0.15590291035773862
-0.068761158399718886 0.053764539056115036 -0.11993983642060961
-0.069635717134907613 0.055105031242032025 0.11807116694711821
-0.065002313525749145 0.018844334287136159 0.15089591101227928
0 0 0
0 0 0
-0.069941702443562168 0.10072526900885352 -0.098276348783938913
-0.069259742284285164 0.12116827235091787 -0.053827241855234916
-0.069151439668253087 0.12070782728888786 0.05391978124760826
-0.070293593426006426 0.10002250535626674 0.099305435114266385
0 0 0
0 0 0
-0.064537484007344631 0.15617052739308171 -0.017571028285288923
-0.066083265372677599 0.18039794981004165 -0.015726163400171956
-0.074346566306089615 0.31046434187371763 -0.00013338816133850898
-0.0656463307596825 0.18017670301553643 0.015101330208990762
-0.063999666927708462 0.15591227243547948 0.016928095717206295
0 0 0
0 0 0
0 0 0
0 0 0
0 0 0
0 0 0
0 0 0
0 0 0
0 0 0
0 0 0
0 0 0
0 0 0
-0.06309773123380541 -0.15640209272107536 -0.017625588343751761
-0.06461461341779956 -0.1805749224205804 -0.01567636830630411
-0.07261105203213794 -0.31093151522740153 -0.00021370909307729736
-0.064569831077732343 -0.18072800188974281 0.014332845929061795
-0.063001860922658498 -0.15656850195049335 0.016029196415376742
0 0 0
0 0 0
-0.069572336143335148 -0.10059368100746059 -0.10110365405464884
-0.068391037610363664 -0.12112909707884952 -0.05500625886725509
-0.068361953182308283 -0.12051003922210658 0.05294064184774628
-0.069523942718788881 -0.099007771708948436 0.098068915097711762
0 0 0
0 0 0
-0.063451177751130738 -0.018237594893267907 -0.15620001678315565
-0.068565801880745944 -0.055087026970708081 -0.12126501336102868
-0.068666568483232424 -0.054413523121075988 0.11697666350894477
-0.063683609529341323 -0.01824148240041595 0.15006102776687463
0 0 0
0 0 0
-0.064980291017075448 -0.016264154606317222 -0.1802854353610899
-0.065229959034712667 -0.016274570777010323 0.17364146779208195
0 0 0
0 0 0
-0.073005657057418599 -0.00020724758015532518 -0.31040301547027427
-0.073439291490468281 -1.4458216474949995e-05 0.29933467241333117
0 0 0
0 0 0
-0.064734214521517633 0.014795124876312961 -0.18048473383013475
-0.065416537532954275 0.016169506347671326 0.17372073941722579
0 0 0
0 0 0
-0.063180564238862535 0.016705019386433668 -0.15641494054788302
-0.068375691571197911 0.054046935454895743 -0.1206879002698085
-0.068890128924923189 0.05506347361166293 0.11704128769719073
-0.063885899642911997 0.018124889024226067 0.1501543064590285
0 0 0
0 0 0
-0.069426430980856935 0.10001018601956962 -0.099767704435191285
-0.068661458342176948 0.12046344136154839 -0.05425873494597027
-0.068721703499416364 0.12066940019890435 0.053911224036559062
-0.069830592662595781 0.10070283694157774 0.098128413828893313
0 0 0
0 0 0
-0.063766251145639274 0.15548504467821564 -0.01737208860475754
-0.06535819556681928 0.17964386304016872 -0.015506638924114866
-0.073670344646970726 0.30922317762394819 8.0308203857966008e-05
-0.065158082939631629 0.17952038113444155 0.016019823787261855
-0.06355509222247499 0.15535419952831125 0.018039706318331034
0 0 0
0 0 0
0 0 0
0 0 0
0 0 0
0 0 0
0 0 0
0 0 0
0 0 0
0 0 0
0 0 0
0 0 0
-0.063420324733098762 -0.15770385928686173 -0.017637765679403037
-0.064898856576418057 -0.18192891745986561 -0.015726121413302558
-0.072898478781729767 -0.31310895168660086 -0.00013644426695907875
-0.064797869618069215 -0.1821556891331097 0.014685270392923496
-0.063312751707647566 -0.15797704125039536 0.016498059428768315
0 0 0
0 0 0
-0.069785044258884918 -0.10105238211336533 -0.10104723780588989
-0.068607240277275452 -0.12195078004689186 -0.055006840211059414
-0.068348280674554937 -0.12151011248440073 0.053339820392961798
-0.069291222000005939 -0.09987289595331518 0.098589484493076335
0 0 0
0 0 0
-0.063862813417416078 -0.018129646283663807 -0.15678477402936286
-0.068808078080702106 -0.055247809176448934 -0.12151290304377761
-0.068202903784020358 -0.05481067960126506 0.11774705392368716
-0.062939320244577532 -0.018404443058536942 0.15122349895435708
0 0 0
0 0 0
-0.065369906354289589 -0.016183714309846151 -0.1808964867383373
-0.064487201232245966 -0.016381687619523185 0.17487098700884929
0 0 0
0 0 0
-0.073658926329168109 -0.00020920517238381454 -0.3112333007661568
-0.072531852523258056 -0.0001353583946461421 0.30117552870432718
0 0 0
0 0 0
-0.065541850067841675 0.014988143599604183 -0.18089306595732968
-0.064717204150469512 0.015561072021177473 0.17498405804006253
0 0 0
0 0 0
-0.064092407406832475 0.016812451629843697 -0.15676919511564749
-0.068930582677504723 0.054279593607744411 -0.12096562412109943
-0.068527193050138213 0.054836360164644972 0.11741413644651115
-0.063225128478771903 0.017434342048139727 0.1513647642871962
0 0 0
0 0 0
-0.069862919436760124 0.10036401287502192 -0.099886111988144163
-0.068678833055281677 0.12062373515234558 -0.05459728582044681
-0.068729072179007353 0.12085770636955324 0.053971345240538551
-0.069768793833266521 0.10093955164129599 0.09769164657703229
0 0 0
0 0 0
-0.063469539415047321 0.15557464904233451 -0.017908475030970091
-0.065027094050842407 0.17972661272481624 -0.01592526364144076
-0.073274515601182963 0.30925399085284438 9.0677428385614104e-05
-0.065177524464869838 0.17967592943014143 0.016476187016797247
-0.063665192612199398 0.15552047105275674 0.018543771693029249
0 0 0
0 0 0
0 0 0
0 0 0
0 0 0
0 0 0
0 0 0
0 0 0
0 0 0
0 0 0
0 0 0
0 0 0
-0.063908257520986153 -0.15806564082195998 -0.01757826963427183
-0.065431889445157071 -0.18231367176581165 -0.015683248405589493
-0.073671512762125774 -0.31371464309329783 -0.00012023914590355806
-0.065428538534415326 -0.18242722537932346 0.014863768666322512
-0.063911315855004952 -0.15818495637786617 0.016644710471823108
0 0 0
0 0 0
-0.070011993683297455 -0.10110334800309762 -0.10095567124525033
-0.068950982710200864 -0.1221535860255685 -0.054934487025896844
-0.068778071054783896 -0.12174929793059176 0.0538820342421409
-0.069622683517372441 -0.10007886791763472 0.099677450293734024
0 0 0
0 0 0
-0.06404607788400607 -0.018432612581940552 -0.15616428058109727
-0.069030081865835285 -0.055400961686206888 -0.12119915660463357
-0.068409434404741426 -0.055074094115407597 0.11908098254806002
-0.063078987196661634 -0.018708860531555165 0.15315588582390596
0 0 0
0 0 0
-0.065614645736927532 -0.016420319692285898 -0.18028188819114199
-0.064596175629254529 -0.016640982383661938 0.17685565497409436
0 0 0
0 0 0
-0.073999798094024211 -0.0003387177174933148 -0.31019002222077002
-0.072517736618860892 -0.00021771714893969188 0.30424369757522091
0 0 0
0 0 0
-0.065798296496210038 0.014594574862581233 -0.18017970388795682
-0.064595415921210902 0.015440710867294019 0.17683316459868118
0 0 0
0 0 0
-0.064243902633900257 0.01635868184717099 -0.15604614099878644
-0.069205643903154521 0.05416945855808885 -0.12025785342889152
-0.068472948763901309 0.054556070591760562 0.11844032559819304
-0.063039923647240384 0.017336019901247758 0.15311875560965726
0 0 0
0 0 0
-0.070199077803036733 0.10061189730899171 -0.098993657898065954
-0.06898253022661481 0.12084584268291063 -0.054340933504400786
-0.068895011400029016 0.12075535949182198 0.053977239140073401
-0.06974120033156507 0.100395515514457 0.098272819783073964
0 0 0
0 0 0
-0.063818556183680694 0.1558575598152476 -0.018101715489164484
-0.065332854230104098 0.17993703889904644 -0.016139376198893177
-0.073548291000292865 0.30957438390391007 -1.071380067293403e-05
-0.065497718136074717 0.17992031613639553 0.016110537936161348
-0.063998080422045162 0.15584189985318822 0.01804216990827507
0 0 0
0 0 0
0 0 0
0 0 0
0 0 0
0 0 0
0 0 0
0 0 0
0 0 0
0 0 0
0 0 0
0 0 0
-0.064429737217454958 -0.15716415694841926 -0.017726319087776721
-0.066003626473046376 -0.18131975495262886 -0.015810690918487535
-0.074495644196734601 -0.31201990217563208 -0.00012401540950398568
-0.066008913016854923 -0.18130517433027687 0.01507509275095093
-0.064427996813855304 -0.15713611740505132 0.016918923098027581
0 0 0
0 0 0
-0.070351422655616461 -0.10068942527402829 -0.10055531424295609
-0.069348190958643238 -0.12153139930154466 -0.054823048796921195
-0.069330212002234021 -0.12113569491637415 0.054073991436202264
-0.070306360305826168 -0.099860103798914274 0.099836129778212837
0 0 0
0 0 0
-0.064472985328111188 -0.018680231996835023 -0.15510255530590641
-0.069380846081736711 -0.055358355790665781 -0.12045199502605185
-0.069246010099792685 -0.054915136834201343 0.11948113615766036
-0.064279026700740011 -0.018563799000316222 0.15388353922740988
0 0 0
0 0 0
-0.066073591731150599 -0.016673868318540834 -0.17899618931150363
-0.065783786957432339 -0.016548848618958948 0.17758742766250424
0 0 0
0 0 0
-0.074609291783091031 -0.00042192013973544582 -0.30804087206768072
-0.073994147062156027 -0.00020450325209380281 0.30548153134480283
0 0 0
0 0 0
-0.066215758565759342 0.014292036196531896 -0.17890844968629974
-0.065827820282351235 0.015404938720247749 0.17751853752954111
0 0 0
0 0 0
-0.064598770033786765 0.016040934271700214 -0.15500567837307971
-0.06946169441913172 0.053907198186378777 -0.11922352430015781
-0.06929837280630631 0.05422848564505544 0.11880877920748535
-0.064352541026992796 0.017321357183029649 0.15380392132918133
0 0 0
0 0 0
-0.070286921518405071 0.10038336327283642 -0.098001632815288162
-0.069281932832676696 0.12043593175476684 -0.053974507084114678
-0.069333710511183352 0.12011777061645226 0.053918707626375934
-0.070401364638146738 0.099683125113384161 0.098486838321665535
0 0 0
0 0 0
-0.064269960431045103 0.15519597338469987 -0.018306345505115295
-0.065866550230148327 0.17917825015336894 -0.016321966750044856
-0.074340385517973784 0.30830653842090328 -7.8202299538462293e-05
-0.065950457465360851 0.17915918929287605 0.015896714630523792
-0.064388461637845812 0.15517320500920834 0.017796758192473276
0 0 0
0 0 0
0 0 0
0 0 0
0 0 0
0 0 0
0 0 0
0 0 0
0 0 0
0 0 0
0 0 0
0 0 0
-0.065064728560775456 -0.15488520291479993 -0.018055312233207488
-0.066712042532792185 -0.17881426662561759 -0.016096876847712042
-0.075542491432030581 -0.30782445290127147 -0.00014694201308136558
-0.066774379664158473 -0.17882431196708495 0.015251896036282445
-0.065151594354548231 -0.15489612786034532 0.017106128898354587
0 0 0
0 0 0
-0.070621877492521551 -0.099674610639982522 -0.099590097464666738
-0.069800373935125476 -0.11996480441074329 -0.054547976149131136
-0.069990160633848567 -0.11960507176980847 0.053602293627836729
-0.071006987071716737 -0.098897938342070599 0.098535004434333939
0 0 0
0 0 0
-0.065462655344374621 -0.019366962500231791 -0.15220883643306074
-0.069966272635173632 -0.055217007965025593 -0.11863283903394381
-0.070184175841260937 -0.054379792440906911 0.11785108946857915
-0.065510897977974589 -0.018357580858685545 0.15169151793076638
0 0 0
0 0 0
-0.067116407452430332 -0.017237417018110868 -0.17581839754355824
-0.067160914935228022 -0.016343124811146963 0.17522524872500683
0 0 0
0 0 0
-0.076228572384931539 -0.00059829723801118403 -0.30276740399058538
-0.075849422847060699 -0.00024768839848235706 0.30172377351198382
0 0 0
0 0 0
-0.067572366383992888 0.013940508554635281 -0.17572508050121435
-0.067141830474796091 0.014963813878281024 0.17520464382277745
0 0 0
0 0 0
-0.066101386606584059 0.015621599768602439 -0.15210165974991957
-0.070452705289879985 0.053444570095334543 -0.11706077951875331
-0.070084874905672737 0.053659823077016243 0.11703965602369754
-0.0654917480606685 0.016756058265275972 0.15166221024969975
0 0 0
0 0 0
-0.071282439637993023 0.099889307724081375 -0.096256405886047502
-0.070071957260356324 0.11914206318897827 -0.053398656683453428
-0.069778997919351632 0.11878456727321762 0.053420498316494321
-0.070716541687847273 0.099059144441675531 0.096723218108588763
0 0 0
0 0 0
-0.065106460280585102 0.15310419081532772 -0.018743260309839825
-0.0667514942243638 0.17684003769182213 -0.016651247216641678
-0.075371108093438333 0.30442357624481808 -4.8248786823057923e-05
-0.066526203989803759 0.17685920343332828 0.016313654552523187
-0.064772076870775588 0.15312428403624295 0.018366089902150926
0 0 0
0 0 0
0 0 0
0 0 0
0 0 0
0 0 0
0 0 0
0 0 0
0 0 0
0 0 0
0 0 0
0 0 0
-0.065909320217450523 -0.15088535390243113 -0.018607834841220257
-0.0676114945892832 -0.17443777052993498 -0.01655704971113587
-0.076717558957517862 -0.30053274179970407 -0.00017823887827546917
-0.067566679219658962 -0.17452416919022379 0.01550759676358781
-0.065856255761078966 -0.15099370941682644 0.017376026480862512
0 0 0
0 0 0
-0.071593081989688737 -0.098002359833113603 -0.097603728070626103
-0.070590652404940848 -0.11725912119302588 -0.053920897926237242
-0.070678411698841856 -0.11688671275120668 0.052472167926987598
-0.07189518550170837 -0.09707708191156382 0.095574430894521833
0 0 0
0 0 0
-0.06599967963459652 -0.019996847455759966 -0.1474197368118807
-0.070647375508414476 -0.054722180922880094 -0.11547493354820082
-0.071247241410877293 -0.053415028947500151 0.1140642123543531
-0.067246264602296477 -0.017989418408510947 0.14649039300876227
0 0 0
0 0 0
-0.067657709014573963 -0.017715051185385276 -0.17066231185180603
-0.068791844162337676 -0.016037460293642645 0.16960573246629987
0 0 0
0 0 0
-0.076404001584019041 -0.00069918283193692518 -0.29425259891454381
-0.077975802134802832 -0.00018294406046505556 0.29249116005683667
0 0 0
0 0 0
-0.067128723357082989 0.013966455547343586 -0.17056414026512867
-0.068564930882220543 0.014851749521617582 0.16973806022446156
0 0 0
0 0 0
-0.065296297428436192 0.015553582344614221 -0.14731970954512943
-0.070243323161588558 0.052507430973212012 -0.11378767169247729
-0.071322140695458808 0.052658389073527552 0.11342545741827093
-0.066953420830570626 0.016654749453071552 0.14664307044336647
0 0 0
0 0 0
-0.071295384022942235 0.097683804085673495 -0.093872851206228694
-0.070801666278694483 0.116104903387033 -0.052329697292103801
-0.071353817432292993 0.11583039707612613 0.052219224973670993
-0.072462377906836753 0.096964545217075995 0.094025558567078435
0 0 0
0 0 0
-0.066718618345708205 0.14884546887511485 -0.018483288677223746
-0.068303146779199547 0.17221499655633732 -0.016488987833441462
-0.07748862264966018 0.29688058358157721 4.3075603865703074e-06
-0.068537952990730219 0.17236471953373969 0.016282356395207715
-0.067078465068997561 0.14900249909033053 0.01834266647112371
0 0 0
0 0 0
0 0 0
0 0 0
0 0 0
0 0 0
0 0 0
0 0 0
0 0 0
0 0 0
0 0 0
0 0 0
-0.066915798199428708 -0.14490793752628406 -0.019171466552940698
-0.068766374169361766 -0.16780838616272914 -0.017085868013663085
-0.078400785969903006 -0.28926988938466747 -0.00011262322179778176
-0.068548402603793634 -0.16790224070774976 0.016366784626825549
-0.066656808081657859 -0.14500936777162712 0.018358165529705525
0 0 0
0 0 0
-0.071852527756490023 -0.09519586076613995 -0.094050244507413283
-0.071239090217663184 -0.1130808987384417 -0.052705843510034843
-0.070808844252758074 -0.11285016830685711 0.051403334738159112
-0.071057997572246026 -0.094607057412365525 0.091912200311627126
0 0 0
0 0 0
-0.066669035016605066 -0.019087214233152988 -0.1427413837811638
-0.071131977350089109 -0.053179211350452761 -0.11151070541061048
-0.070516584127169199 -0.052436618349748311 0.10920916781221986
-0.065891590209547435 -0.018205767483397507 0.1395588000534804
0 0 0
0 0 0
-0.06844947265987493 -0.017126243641038444 -0.16524926665759967
-0.067857488730405438 -0.016258730890273389 0.16216283873952159
0 0 0
0 0 0
-0.077542299544714755 -0.00018782902166195178 -0.28494889026838355
-0.077312428345060261 -9.0688348132265674e-05 0.28001132400717693
0 0 0
0 0 0
-0.067510276581325454 0.015927425105440783 -0.16525055653702961
-0.067817148859588491 0.015481825315458926 0.16243619366569545
0 0 0
0 0 0
-0.065560712091035214 0.017908869236006 -0.14275583686232277
-0.070085482282169362 0.052068313847064729 -0.11107166796121495
-0.070551025692101213 0.051113351128643035 0.10889579152478636
-0.06588001127652178 0.017337902158295292 0.13989107631943923
0 0 0
0 0 0
-0.070586313759331026 0.094066980780228959 -0.093269493649015892
-0.070472040297257538 0.1114080623470133 -0.052077870581131037
-0.070756245894072409 0.11086872667061899 0.050489543568261928
-0.071182525551778911 0.092336274498856327 0.090938547493483637
0 0 0
0 0 0
-0.0663203690326927 0.14223138901919036 -0.018750681266102836
-0.068224340815381229 0.16515381428835307 -0.016715660851158623
-0.07769376001808613 0.28517321686069841 -0.00016520197415537601
-0.068237075513040202 0.16552755704653541 0.015529388769723155
-0.066296916533796324 0.14264828438947325 0.017241085860033541
0 0 0
0 0 0
0 0 0
0 0 0
0 0 0
0 0 0
0 0 0
0 0 0
0 0 0
0 0 0
0 0 0
0 0 0
-0.068394156003221421 -0.13585328274690436 -0.020630295326277259
-0.070511392644860824 -0.15766704463219186 -0.018296266194443151
-0.080881758976436666 -0.27187743344126936 9.7153602112629927e-06
-0.070278667111982829 -0.15784146525717821 0.018182489756704084
-0.068120113438231419 -0.13605000938852566 0.02052073500121768
0 0 0
0 0 0
-0.07210780308246395 -0.091540168138582012 -0.090757450169998616
-0.072171938298856805 -0.1069531204619632 -0.051843046141696929
-0.071674763799699281 -0.10703319672204217 0.051645855890587587
-0.071278554645380701 -0.09154069687793176 0.090565944094272349
0 0 0
0 0 0
-0.068085226587104544 -0.020500628172254846 -0.13447287397033822
-0.072018286806065493 -0.052123614860966345 -0.10592271101521823
-0.070826775615686718 -0.052080436020313293 0.10554323432983394
-0.066271567044975249 -0.020489889026644052 0.13407778175742649
0 0 0
0 0 0
-0.070247641656780629 -0.018220188911788338 -0.1559975244268586
-0.06839091751793093 -0.01815717492636465 0.15546943840228555
0 0 0
0 0 0
-0.080777942613509415 0.00015124133292398784 -0.26896724235678038
-0.078348008651201548 -9.4429022027980378e-05 0.26798072869239697
0 0 0
0 0 0
-0.069989266555250895 0.019006496372459852 -0.15606696922826707
-0.068346917879557836 0.017540426898486127 0.15558588677190108
0 0 0
0 0 0
-0.067861342362351251 0.021476022800409805 -0.13455609507375077
-0.071461842570817016 0.052522852885113568 -0.10641252905239998
-0.070428672445002047 0.051224823344217275 0.10528500321654775
-0.066214490833287884 0.019763193301732433 0.13419381204547834
0 0 0
0 0 0
-0.07120779094609879 0.091478183977233507 -0.09181969154376321
-0.071125344471004756 0.1066800809037477 -0.052259605145381839
-0.070648328159193585 0.10650984710833609 0.050854707252885954
-0.070346503025265489 0.090407644565529729 0.089849917410680269
0 0 0
0 0 0
-0.06701384977565672 0.13547109854264214 -0.020593332686030887
-0.069140622039037175 0.15715852209550885 -0.018263866869480012
-0.079229658104532086 0.27119849434193338 -5.7117966650105544e-05
-0.068872509404730289 0.15779518862340869 0.01733123422166568
-0.066683419806523717 0.13622909209701656 0.019514626830033306
0 0 0
0 0 0
0 0 0
0 0 0
0 0 0
0 0 0
0 0 0
0 0 0
0 0 0
0 0 0
0 0 0
0 0 0
-0.072354802711478344 -0.12109365466821435 -0.022603175526516497
-0.07469071691820843 -0.1410414752453733 -0.019924249542670764
-0.086647467295229527 -0.24343459546739657 9.5437392477159104e-05
-0.074635985107591729 -0.14137259934940558 0.020155842894277482
-0.072304095807395122 -0.12149184206348573 0.022856992648458939
0 0 0
0 0 0
-0.074631330591543824 -0.085590807771786293 -0.085873587064691032
-0.075066283997437838 -0.097037454421484023 -0.050469924534606192
-0.074839897279763271 -0.09737213466358946 0.051118386110076318
-0.074197531845743916 -0.085953657292934679 0.087111049617588893
0 0 0
0 0 0
-0.07201586484235914 -0.023658637970823269 -0.11964891145915486
-0.074906588995901038 -0.050819849126215663 -0.096488719396617975
-0.074352675454995187 -0.050920511785793057 0.098312330038585138
-0.071334517512966544 -0.023448699309919906 0.12253219152766018
0 0 0
0 0 0
-0.074329372151959019 -0.020754278401695039 -0.13940216188567794
-0.073550336970976696 -0.020648855526530827 0.14238146776852525
0 0 0
0 0 0
-0.086204528172088582 0.00018606690217736925 -0.24051690608570789
-0.08517242517886324 -3.4484784471270763e-05 0.24529421527926654
0 0 0
0 0 0
-0.074271982120930211 0.021820103201913695 -0.13946230318278838
-0.073424040933578918 0.020435818984557194 0.14237427424779711
0 0 0
0 0 0
-0.071933653295751188 0.024834930202307561 -0.11971563360988383
-0.07465978305867918 0.052091060296459886 -0.097094179157064184
-0.073982889070644361 0.051304238223363066 0.09821950598806356
-0.071181521554226676 0.023230666205140894 0.12251828370120986
0 0 0
0 0 0
-0.074144429845655752 0.087218938567652129 -0.087084502204965261
-0.074477528042770594 0.098495958326730804 -0.051397083905011416
-0.074156510713898435 0.098681154439339808 0.051247376254499023
-0.073534086140937122 0.087217027577214626 0.086943813084570415
0 0 0
0 0 0
-0.071605804000052384 0.12272397058253792 -0.023425574407981289
-0.073875756756295263 0.14268796166123851 -0.020619511107710906
-0.085661726640503824 0.24605162200834835 5.6473818382092433e-05
-0.073806587351614023 0.14308434730813291 0.020560456065161381
-0.071549591195222792 0.12315090837810259 0.023393011386386029
0 0 0
0 0 0
0 0 0
0 0 0
0 0 0
0 0 0
0 0 0
0 0 0
0 0 0
0 0 0
0 0 0
0 0 0
-0.076650462331974922 -0.09719918456363337 -0.02397630939468072
-0.079524963120777545 -0.11430263925169125 -0.020718552724173847
-0.092303771080050737 -0.19772809013649723 9.2905372304659045e-05
-0.079571237894767499 -0.11452379212590592 0.021032129319521052
-0.076706512823308662 -0.097435038404685273 0.02432389986394759
0 0 0
0 0 0
-0.079106084095247428 -0.074339163844417175 -0.074650120169411152
-0.079365197189265352 -0.080466966443827823 -0.045833169237783418
-0.079379660138557587 -0.080783051326872163 0.046825447820143438
-0.079091777728653251 -0.074773177247086417 0.076555594559445175
0 0 0
0 0 0
-0.076325917411016062 -0.024482860032173384 -0.096877702755541806
-0.079220101386547045 -0.045946610869895398 -0.080441584698862825
-0.079297466230912148 -0.046369140094152744 0.082622051685407261
-0.07654756059120521 -0.024987663448527462 0.099639808155895696
0 0 0
0 0 0
-0.079123239850862975 -0.021214270462644916 -0.11383557904036007
-0.079358056403309923 -0.02161699760357896 0.11693896512839048
0 0 0
0 0 0
-0.091529572771425191 0.00021980124470794051 -0.1968504684016559
-0.091951395276659506 2.3961211730843605e-05 0.20200002535095885
0 0 0
0 0 0
-0.079149891601207709 0.022415583176754007 -0.11389068346891475
-0.079298952237590883 0.021742868391167205 0.11693355246784162
0 0 0
0 0 0
-0.076356219793015365 0.025892404783704408 -0.096942404102539528
-0.079245907446382075 0.047575043430612758 -0.081125438050735632
-0.079239216566278511 0.047326987517456988 0.082704050328064022
-0.076484612452707643 0.025149263255267514 0.099634457641969931
0 0 0
0 0 0
-0.079147726690653467 0.076530832171525551 -0.076099776081262879
-0.079329897499604146 0.082563408524660695 -0.046952926668212699
-0.079302836509876212 0.082741772312771314 0.047353952982833597
-0.079059147597757826 0.076806718845231603 0.076756306481005426
0 0 0
0 0 0
-0.076557737250411415 0.099534089313891419 -0.024996296415278688
-0.079383226674341487 0.11683298956882113 -0.021620134149520392
-0.092029721930342118 0.20186899164537558 5.2150824611514502e-05
-0.079423158612221906 0.11693134230286042 0.021844096824222607
-0.076605113922215182 0.099628786028357008 0.025255374577866377
0 0 0
0 0 0
0 0 0
0 0 0
0 0 0
0 0 0
0 0 0
0 0 0
0 0 0
0 0 0
0 0 0
0 0 0
-0.085434533556958445 -0.064790895821121505 -0.018737077485509911
-0.08749777849484966 -0.077305165970090545 -0.016174728786552284
-0.10066655535875783 -0.1345274542417963 6.2915335781130795e-05
-0.087563138721623537 -0.077368783025236323 0.016469433171972744
-0.085513706397147338 -0.064847957802405515 0.019077995984634711
0 0 0
0 0 0
-0.088509940006393992 -0.052229693598008976 -0.052460358840422779
-0.086733199854348922 -0.055091864196804417 -0.033425359955904739
-0.086913093704466898 -0.055298963549777334 0.03425442269503115
-0.088858544701578876 -0.052599977178371456 0.053925779848449616
0 0 0
0 0 0
-0.085393455226972018 -0.018707602275938817 -0.065352318197976891
-0.086706692590495626 -0.033319024074013395 -0.055436500157556523
-0.087121849547285413 -0.033797345514054673 0.056915438977197939
-0.086001324120417527 -0.01933113658217132 0.066986113086033444
0 0 0
0 0 0
-0.087410203067497708 -0.016180403904232511 -0.077866314007688273
-0.088013519682187139 -0.016721532403605268 0.079779265776008704
0 0 0
0 0 0
-0.10048082694575317 0.00015682123533226926 -0.1354603781415476
-0.10121595740969785 3.0404880303629452e-05 0.1387197926787743
0 0 0
0 0 0
-0.087601668799188348 0.017091651110652393 -0.077885850494147049
-0.08803203824353216 0.016897232825181952 0.07978205100753176
0 0 0
0 0 0
-0.085633953464745616 0.019749386907207438 -0.065362949263170461
-0.087034566419445319 0.034592420600409776 -0.055949856850827338
-0.087268028692628383 0.034589347500224202 0.057020715454353409
-0.086027520343471303 0.019536609320365286 0.066988270849202045
0 0 0
0 0 0
-0.089045440033403006 0.053913235460362426 -0.053521360333664926
-0.087190005796575293 0.056872341794449 -0.034226064634178197
-0.087269437465077995 0.056980832551994216 0.034608062074834384
-0.089185024854486039 0.054128963356613317 0.054144241871640179
0 0 0
0 0 0
-0.085977919066208608 0.066907311033651343 -0.019350922100522725
-0.087989047170278403 0.079687513627483775 -0.01673745664570293
-0.10118585154712154 0.13856302692414257 3.225251192060234e-05
-0.088029456397012013 0.079698876206786312 0.016920716633275802
-0.086025135909494385 0.066916952572324398 0.01956153225667253
0 0 0
0 0 0
0 0 0
0 0 0
0 0 0
0 0 0
0 0 0
0 0 0
0 0 0
0 0 0
0 0 0
0 0 0
-0.081627154600028104 -0.026803702779007847 -0.008130940975005968
-0.085149667445991631 -0.035526822566972857 -0.00762264817348171
-0.097327885740794193 -0.063281074270182522 2.8707034153597859e-05
-0.085207633138740149 -0.035535788430321194 0.0077891098234138031
-0.081692737043317351 -0.026806277703722393 0.0083088099941777179
0 0 0
0 0 0
-0.08507839034074742 -0.02213164040059374 -0.022278250569697417
-0.08487466170348669 -0.025276540650558694 -0.015765394220004253
-0.085050819268669739 -0.025376250349292098 0.016160389290135354
-0.085381705272268293 -0.022308696843144033 0.022861120572642252
0 0 0
0 0 0
-0.081761488339766694 -0.0080766884681828261 -0.027197017659861451
-0.084933696954945875 -0.015669493945875298 -0.025551720444286108
-0.085300599964259372 -0.015901068237317309 0.026197760794475271
-0.082217154933960104 -0.0083216944346089193 0.027839986074446967
0 0 0
0 0 0
-0.085289814597933958 -0.0075743069718871197 -0.036015953501549687
-0.085785069056637894 -0.0078140557838184931 0.036863670667365483
0 0 0
0 0 0
-0.097553437884511499 6.0005279482830778e-05 -0.064131156543978454
-0.098128053714172811 1.4324695353173509e-05 0.065620818128576563
0 0 0
0 0 0
-0.08545005250040294 0.0079579360787734796 -0.036018037604384261
-0.085816631391691767 0.0079055650998237619 0.036864767749123027
0 0 0
0 0 0
-0.081938117100466848 0.0084770434441765827 -0.027191470075138297
-0.085236906049036332 0.016255862302656181 -0.025767123993834424
-0.085455260250719464 0.016278488999821351 0.026252174164469816
-0.08225332628633876 0.0084193746235736982 0.027839998842171691
0 0 0
0 0 0
-0.08553096541601006 0.022857483056455675 -0.022675702599964809
-0.085365096204311638 0.026182161634093266 -0.01609362881930344
-0.085448660853965686 0.026231848982294838 0.016285983529078594
-0.085672614643028736 0.022948037258620994 0.022957943958448357
0 0 0
0 0 0
-0.082204388191116848 0.027811435400616397 -0.008332352110191418
-0.085769133446212134 0.036825718298547645 -0.0078236865329206866
-0.098101565471652233 0.06555327898510048 1.3770416059493246e-05
-0.08580036578753826 0.036827020681578851 0.0079104513339777593
-0.082239782543975265 0.027811254173855594 0.0084243998266466859
0 0 0
0 0 0
0 0 0
0 0 0
0 0 0
0 0 0
0 0 0
0 0 0
0 0 0
0 0 0
0 0 0
0 0 0
-0.079852667380600401 -0.017887937002328495 -0.0054804578082236497
-0.082538858893615952 -0.022008950900792572 -0.0047691102651889168
-0.095946496933747794 -0.042567593216872091 1.6545955847718645e-05
-0.082593151271878357 -0.022009108237932076 0.0048851226198889756
-0.079915319060645182 -0.017888524628876124 0.0056131355004454264
0 0 0
0 0 0
-0.083387128887042347 -0.014948924290621699 -0.015072125950161346
-0.082682882609891262 -0.015403710594648894 -0.0097239498653792413
-0.082839167405040562 -0.015469386257196275 0.0099648648437580985
-0.083660571708454631 -0.015085569914146115 0.015454588507247237
0 0 0
0 0 0
-0.080017536598622513 -0.0054452650379963477 -0.018192942119919831
-0.08275942690944843 -0.0096515427638225494 -0.015604674435119321
-0.083070251835366954 -0.0097878103736737856 0.015990337594172965
-0.080414097642429197 -0.0055922061881790519 0.018632012466931431
0 0 0
0 0 0
-0.082723963937434655 -0.0047393110523477246 -0.022378219628384943
-0.083141782330595257 -0.0048680073296796357 0.022914028156186567
0 0 0
0 0 0
-0.096259977032313968 2.9894176573754274e-05 -0.043285292103834166
-0.096782275248835453 7.927006017233487e-06 0.044321328370046813
0 0 0
0 0 0
-0.082850900807518252 0.0049586424948310729 -0.022376997596871045
-0.083171771150180276 0.0049276144921302388 0.022914078889919146
0 0 0
0 0 0
-0.080163743126751619 0.0056965778896255446 -0.018192113126594151
-0.083015263161139885 0.010005530344571315 -0.015725963466056165
-0.08320924207491763 0.010021203074439952 0.016024433400532695
-0.080448594622320374 0.0056605733303719957 0.01863214481436621
0 0 0
0 0 0
-0.083792229480956007 0.015454491731614691 -0.015327424771959511
-0.083126488582314403 0.015981830513800643 -0.0099032880060686609
-0.083203783122985903 0.016012676681256607 0.010025488371358516
-0.083925976859501983 0.015519073511006657 0.015526064945670189
0 0 0
0 0 0
-0.080404080404877232 0.018613866284601786 -0.0055997925023406657
-0.083129749548424184 0.022891779552241632 -0.0048745622758937374
-0.096759350677070394 0.044277600150898329 7.4701991205798883e-06
-0.083158177415424819 0.022891795668024972 0.0049297016038894808
-0.080436803619950425 0.018613988982729718 0.005662984172297319
0 0 0
0 0 0
0 0 0
0 0 0
0 0 0
0 0 0
0 0 0
0 0 0
0 0 0
0 0 0
0 0 0
0 0 0
0 0 0
0 0 0
0 0 0
0 0 0
0 0 0
0 0 0
0 0 0
0 0 0
0 0 0
0 0 0
0 0 0
0 0 0
0 0 0
0 0 0
0 0 0
0 0 0
0 0 0
0 0 0
0 0 0
0 0 0
0 0 0
0 0 0
0 0 0
0 0 0
0 0 0
0 0 0
0 0 0
0 0 0
0 0 0
0 0 0
0 0 0
0 0 0
0 0 0
0 0 0
0 0 0
0 0 0
0 0 0
0 0 0
0 0 0
0 0 0
0 0 0
0 0 0
0 0 0
0 0 0
0 0 0
0 0 0
0 0 0
0 0 0
0 0 0
0 0 0
0 0 0
0 0 0
0 0 0
0 0 0
0 0 0
0 0 0
0 0 0
0 0 0
0 0 0
0 0 0
0 0 0
0 0 0
0 0 0
0 0 0
0 0 0
0 0 0
0 0 0
0 0 0
0 0 0
0 0 0
0 0 0
0 0 0
0 0 0
0 0 0
0 0 0
0 0 0
0 0 0
0 0 0
0 0 0
0 0 0
0 0 0
0 0 0
0 0 0
0 0 0
0 0 0
0 0 0
0 0 0
0 0 0
0 0 0
0 0 0
0 0 0
0 0 0
0 0 0
0 0 0
0 0 0
0 0 0
0 0 0
0 0 0
0 0 0
0 0 0
0 0 0
0 0 0
0 0 0
0 0 0
0 0 0
0 0 0
0 0 0
0 0 0
0 0 0
0 0 0
0 0 0
0 0 0
0 0 0
0 0 0
