x,y,vx,vy,rho,p,neighbor_count
8.228358913e-02,9.369649615e-02,2.636241167e+02,1.849203659e+02,1.272119049e+03,2.721190488e+07,32
1.989911133e+00,4.421580119e-02,-9.205303434e+01,1.073592172e+01,8.991059027e+02,-1.008940973e+07,26
5.441478835e-03,3.274495631e-02,4.567947806e+01,7.355493759e+01,6.958396958e+02,-3.041603042e+07,25
2.550277935e-02,2.942463633e-02,-2.794327303e+01,-8.972690160e+00,1.048557478e+03,4.855747840e+06,30
4.020816857e-02,3.002171716e-02,2.705871450e+01,1.996873017e+00,1.169693427e+03,1.696934268e+07,35
5.052531537e-02,2.994591251e-02,2.398655896e+01,-3.300430064e-01,1.101601805e+03,1.016018052e+07,36
6.017558307e-02,2.997073744e-02,9.320027431e+00,-1.161159072e+00,1.031212030e+03,3.121202992e+06,36
7.002828634e-02,2.999213276e-02,2.406444953e+00,-6.199424124e-01,1.010147981e+03,1.014798108e+06,37
8.000538395e-02,2.999341280e-02,6.322312729e-01,-4.472666108e-01,1.005542045e+03,5.542044660e+05,36
9.000345844e-02,2.999534526e-02,2.565715638e-01,-3.192542855e-01,1.003960561e+03,3.960561479e+05,36
1.000022162e-01,2.999791289e-02,1.399209085e-01,-1.799296181e-01,1.003477492e+03,3.477491914e+05,36
1.100011750e-01,2.999966258e-02,7.509321550e-02,-8.086758699e-02,1.003232204e+03,3.232203521e+05,36
1.200005060e-01,3.000052169e-02,3.488095407e-02,-2.862590847e-02,1.003088996e+03,3.088996273e+05,36
1.300001839e-01,3.000084249e-02,1.396332536e-02,-7.227189322e-03,1.003014324e+03,3.014324240e+05,36
1.400000615e-01,3.000094193e-02,5.036278395e-03,1.980663107e-04,1.002981968e+03,2.981968113e+05,36
1.500000199e-01,3.000097084e-02,1.651348227e-03,2.598678566e-03,1.002970611e+03,2.970610993e+05,36
1.600000067e-01,3.000097897e-02,4.898430142e-04,3.328540605e-03,1.002967220e+03,2.967219622e+05,36
1.700000030e-01,3.000098106e-02,1.394956262e-04,3.528169168e-03,1.002966282e+03,2.966281816e+05,36
1.800000021e-01,3.000098154e-02,4.602874397e-05,3.577292550e-03,1.002966033e+03,2.966032857e+05,36
1.900000018e-01,3.000098165e-02,2.294326326e-05,3.588682519e-03,1.002965971e+03,2.965971298e+05,36
2.000000018e-01,3.000098167e-02,1.749213518e-05,3.591240727e-03,1.002965957e+03,2.965957350e+05,36
2.100000018e-01,3.000098167e-02,1.626965807e-05,3.591789784e-03,1.002965954e+03,2.965954371e+05,36
2.200000018e-01,3.000098167e-02,1.601186341e-05,3.591901247e-03,1.002965954e+03,2.965953755e+05,36
2.300000018e-01,3.000098167e-02,1.596011882e-05,3.591922955e-03,1.002965954e+03,2.965953632e+05,36
2.400000018e-01,3.000098167e-02,1.595008180e-05,3.591927065e-03,1.002965954e+03,2.965953609e+05,36
2.500000018e-01,3.000098167e-02,1.594819915e-05,3.591927819e-03,1.002965954e+03,2.965953605e+05,36
2.600000018e-01,3.000098167e-02,1.594785928e-05,3.591927952e-03,1.002965954e+03,2.965953604e+05,36
2.700000018e-01,3.000098167e-02,1.594779987e-05,3.591927975e-03,1.002965954e+03,2.965953604e+05,36
2.800000018e-01,3.000098167e-02,1.594778958e-05,3.591927979e-03,1.002965954e+03,2.965953604e+05,36
2.900000018e-01,3.000098167e-02,1.594778775e-05,3.591927980e-03,1.002965954e+03,2.965953604e+05,36
3.000000018e-01,3.000098167e-02,1.594778730e-05,3.591927980e-03,1.002965954e+03,2.965953604e+05,36
3.100000018e-01,3.000098167e-02,1.594778730e-05,3.591927980e-03,1.002965954e+03,2.965953604e+05,36
3.200000018e-01,3.000098167e-02,1.594778757e-05,3.591927980e-03,1.002965954e+03,2.965953604e+05,36
3.300000018e-01,3.000098167e-02,1.594778776e-05,3.591927980e-03,1.002965954e+03,2.965953604e+05,36
3.400000018e-01,3.000098167e-02,1.594778768e-05,3.591927980e-03,1.002965954e+03,2.965953604e+05,36
3.500000018e-01,3.000098167e-02,1.594778748e-05,3.591927980e-03,1.002965954e+03,2.965953604e+05,36
3.600000018e-01,3.000098167e-02,1.594778730e-05,3.591927980e-03,1.002965954e+03,2.965953604e+05,36
3.700000018e-01,3.000098167e-02,1.594778712e-05,3.591927980e-03,1.002965954e+03,2.965953604e+05,36
3.800000018e-01,3.000098167e-02,1.594778728e-05,3.591927980e-03,1.002965954e+03,2.965953604e+05,36
3.900000018e-01,3.000098167e-02,1.594778771e-05,3.591927980e-03,1.002965954e+03,2.965953604e+05,36
4.000000018e-01,3.000098167e-02,1.594778776e-05,3.591927980e-03,1.002965954e+03,2.965953604e+05,36
4.100000018e-01,3.000098167e-02,1.594778755e-05,3.591927980e-03,1.002965954e+03,2.965953604e+05,36
4.200000018e-01,3.000098167e-02,1.594778736e-05,3.591927980e-03,1.002965954e+03,2.965953604e+05,36
4.300000018e-01,3.000098167e-02,1.594778711e-05,3.591927980e-03,1.002965954e+03,2.965953604e+05,36
4.400000018e-01,3.000098167e-02,1.594778723e-05,3.591927980e-03,1.002965954e+03,2.965953604e+05,36
4.500000018e-01,3.000098167e-02,1.594778776e-05,3.591927980e-03,1.002965954e+03,2.965953604e+05,36
4.600000018e-01,3.000098167e-02,1.594778791e-05,3.591927980e-03,1.002965954e+03,2.965953604e+05,36
4.700000018e-01,3.000098167e-02,1.594778773e-05,3.591927980e-03,1.002965954e+03,2.965953604e+05,36
4.800000018e-01,3.000098167e-02,1.594778757e-05,3.591927980e-03,1.002965954e+03,2.965953604e+05,36
4.900000018e-01,3.000098167e-02,1.594778724e-05,3.591927980e-03,1.002965954e+03,2.965953604e+05,36
5.000000018e-01,3.000098167e-02,1.594778716e-05,3.591927980e-03,1.002965954e+03,2.965953604e+05,36
5.100000018e-01,3.000098167e-02,1.594778758e-05,3.591927980e-03,1.002965954e+03,2.965953604e+05,36
5.200000018e-01,3.000098167e-02,1.594778767e-05,3.591927980e-03,1.002965954e+03,2.965953604e+05,36
5.300000018e-01,3.000098167e-02,1.594778718e-05,3.591927980e-03,1.002965954e+03,2.965953604e+05,36
5.400000018e-01,3.000098167e-02,1.594778693e-05,3.591927980e-03,1.002965954e+03,2.965953604e+05,36
5.500000018e-01,3.000098167e-02,1.594778732e-05,3.591927980e-03,1.002965954e+03,2.965953604e+05,36
5.600000018e-01,3.000098167e-02,1.594778769e-05,3.591927980e-03,1.002965954e+03,2.965953604e+05,36
5.700000018e-01,3.000098167e-02,1.594778764e-05,3.591927980e-03,1.002965954e+03,2.965953604e+05,36
5.800000018e-01,3.000098167e-02,1.594778741e-05,3.591927980e-03,1.002965954e+03,2.965953604e+05,36
5.900000018e-01,3.000098167e-02,1.594778720e-05,3.591927980e-03,1.002965954e+03,2.965953604e+05,36
6.000000018e-01,3.000098167e-02,1.594778747e-05,3.591927980e-03,1.002965954e+03,2.965953604e+05,36
6.100000018e-01,3.000098167e-02,1.594778805e-05,3.591927980e-03,1.002965954e+03,2.965953604e+05,36
6.200000018e-01,3.000098167e-02,1.594778812e-05,3.591927980e-03,1.002965954e+03,2.965953604e+05,36
6.300000018e-01,3.000098167e-02,1.594778777e-05,3.591927980e-03,1.002965954e+03,2.965953604e+05,36
6.400000018e-01,3.000098167e-02,1.594778749e-05,3.591927980e-03,1.002965954e+03,2.965953604e+05,36
6.500000018e-01,3.000098167e-02,1.594778723e-05,3.591927980e-03,1.002965954e+03,2.965953604e+05,36
6.600000018e-01,3.000098167e-02,1.594778689e-05,3.591927980e-03,1.002965954e+03,2.965953604e+05,36
6.700000018e-01,3.000098167e-02,1.594778685e-05,3.591927980e-03,1.002965954e+03,2.965953604e+05,36
6.800000018e-01,3.000098167e-02,1.594778731e-05,3.591927980e-03,1.002965954e+03,2.965953604e+05,36
6.900000018e-01,3.000098167e-02,1.594778769e-05,3.591927980e-03,1.002965954e+03,2.965953604e+05,36
7.000000018e-01,3.000098167e-02,1.594778764e-05,3.591927980e-03,1.002965954e+03,2.965953604e+05,36
7.100000018e-01,3.000098167e-02,1.594778742e-05,3.591927980e-03,1.002965954e+03,2.965953604e+05,36
7.200000018e-01,3.000098167e-02,1.594778720e-05,3.591927980e-03,1.002965954e+03,2.965953604e+05,36
7.300000018e-01,3.000098167e-02,1.594778747e-05,3.591927980e-03,1.002965954e+03,2.965953604e+05,36
7.400000018e-01,3.000098167e-02,1.594778806e-05,3.591927980e-03,1.002965954e+03,2.965953604e+05,36
7.500000018e-01,3.000098167e-02,1.594778812e-05,3.591927980e-03,1.002965954e+03,2.965953604e+05,36
7.600000018e-01,3.000098167e-02,1.594778776e-05,3.591927980e-03,1.002965954e+03,2.965953604e+05,36
7.700000018e-01,3.000098167e-02,1.594778751e-05,3.591927980e-03,1.002965954e+03,2.965953604e+05,36
7.800000018e-01,3.000098167e-02,1.594778727e-05,3.591927980e-03,1.002965954e+03,2.965953604e+05,36
7.900000018e-01,3.000098167e-02,1.594778692e-05,3.591927980e-03,1.002965954e+03,2.965953604e+05,36
8.000000018e-01,3.000098167e-02,1.594778683e-05,3.591927980e-03,1.002965954e+03,2.965953604e+05,36
8.100000018e-01,3.000098167e-02,1.594778728e-05,3.591927980e-03,1.002965954e+03,2.965953604e+05,36
8.200000018e-01,3.000098167e-02,1.594778767e-05,3.591927980e-03,1.002965954e+03,2.965953604e+05,36
8.300000018e-01,3.000098167e-02,1.594778764e-05,3.591927980e-03,1.002965954e+03,2.965953604e+05,36
8.400000018e-01,3.000098167e-02,1.594778743e-05,3.591927980e-03,1.002965954e+03,2.965953604e+05,36
8.500000018e-01,3.000098167e-02,1.594778720e-05,3.591927980e-03,1.002965954e+03,2.965953604e+05,36
8.600000018e-01,3.000098167e-02,1.594778746e-05,3.591927980e-03,1.002965954e+03,2.965953604e+05,36
8.700000018e-01,3.000098167e-02,1.594778804e-05,3.591927980e-03,1.002965954e+03,2.965953604e+05,36
8.800000018e-01,3.000098167e-02,1.594778810e-05,3.591927980e-03,1.002965954e+03,2.965953604e+05,36
8.900000018e-01,3.000098167e-02,1.594778773e-05,3.591927980e-03,1.002965954e+03,2.965953604e+05,36
9.000000018e-01,3.000098167e-02,1.594778733e-05,3.591927980e-03,1.002965954e+03,2.965953604e+05,36
9.100000018e-01,3.000098167e-02,1.594778692e-05,3.591927980e-03,1.002965954e+03,2.965953604e+05,36
9.200000018e-01,3.000098167e-02,1.594778682e-05,3.591927980e-03,1.002965954e+03,2.965953604e+05,36
9.300000018e-01,3.000098167e-02,1.594778731e-05,3.591927980e-03,1.002965954e+03,2.965953604e+05,36
9.400000018e-01,3.000098167e-02,1.594778773e-05,3.591927980e-03,1.002965954e+03,2.965953604e+05,36
9.500000018e-01,3.000098167e-02,1.594778771e-05,3.591927980e-03,1.002965954e+03,2.965953604e+05,36
9.600000018e-01,3.000098167e-02,1.594778751e-05,3.591927980e-03,1.002965954e+03,2.965953604e+05,36
9.700000018e-01,3.000098167e-02,1.594778753e-05,3.591927980e-03,1.002965954e+03,2.965953604e+05,36
9.800000018e-01,3.000098167e-02,1.594778814e-05,3.591927980e-03,1.002965954e+03,2.965953604e+05,36
9.900000018e-01,3.000098167e-02,1.594778848e-05,3.591927980e-03,1.002965954e+03,2.965953604e+05,36
1.000000002e+00,3.000098167e-02,1.594778776e-05,3.591927980e-03,1.002965954e+03,2.965953604e+05,36
1.010000002e+00,3.000098167e-02,1.594778710e-05,3.591927980e-03,1.002965954e+03,2.965953604e+05,36
1.020000002e+00,3.000098167e-02,1.594778717e-05,3.591927980e-03,1.002965954e+03,2.965953604e+05,36
1.030000002e+00,3.000098167e-02,1.594778738e-05,3.591927980e-03,1.002965954e+03,2.965953604e+05,36
1.040000002e+00,3.000098167e-02,1.594778745e-05,3.591927980e-03,1.002965954e+03,2.965953604e+05,36
1.050000002e+00,3.000098167e-02,1.594778747e-05,3.591927980e-03,1.002965954e+03,2.965953604e+05,36
1.060000002e+00,3.000098167e-02,1.594778747e-05,3.591927980e-03,1.002965954e+03,2.965953604e+05,36
1.070000002e+00,3.000098167e-02,1.594778746e-05,3.591927980e-03,1.002965954e+03,2.965953604e+05,36
1.080000002e+00,3.000098167e-02,1.594778737e-05,3.591927980e-03,1.002965954e+03,2.965953604e+05,36
1.090000002e+00,3.000098167e-02,1.594778704e-05,3.591927980e-03,1.002965954e+03,2.965953604e+05,36
1.100000002e+00,3.000098167e-02,1.594778649e-05,3.591927979e-03,1.002965954e+03,2.965953604e+05,36
1.110000002e+00,3.000098167e-02,1.594778635e-05,3.591927979e-03,1.002965954e+03,2.965953604e+05,36
1.120000002e+00,3.000098167e-02,1.594778697e-05,3.591927980e-03,1.002965954e+03,2.965953604e+05,36
1.130000002e+00,3.000098167e-02,1.594778754e-05,3.591927980e-03,1.002965954e+03,2.965953604e+05,36
1.140000002e+00,3.000098167e-02,1.594778732e-05,3.591927980e-03,1.002965954e+03,2.965953604e+05,36
1.150000002e+00,3.000098167e-02,1.594778726e-05,3.591927981e-03,1.002965954e+03,2.965953604e+05,36
1.160000002e+00,3.000098167e-02,1.594778780e-05,3.591927981e-03,1.002965954e+03,2.965953604e+05,36
1.170000002e+00,3.000098167e-02,1.594778810e-05,3.591927980e-03,1.002965954e+03,2.965953604e+05,36
1.180000002e+00,3.000098167e-02,1.594778834e-05,3.591927980e-03,1.002965954e+03,2.965953604e+05,36
1.190000002e+00,3.000098167e-02,1.594778846e-05,3.591927980e-03,1.002965954e+03,2.965953604e+05,36
1.200000002e+00,3.000098167e-02,1.594778806e-05,3.591927980e-03,1.002965954e+03,2.965953604e+05,36
1.210000002e+00,3.000098167e-02,1.594778765e-05,3.591927980e-03,1.002965954e+03,2.965953604e+05,36
1.220000002e+00,3.000098167e-02,1.594778750e-05,3.591927980e-03,1.002965954e+03,2.965953604e+05,36
1.230000002e+00,3.000098167e-02,1.594778747e-05,3.591927980e-03,1.002965954e+03,2.965953604e+05,36
1.240000002e+00,3.000098167e-02,1.594778745e-05,3.591927980e-03,1.002965954e+03,2.965953604e+05,36
1.250000002e+00,3.000098167e-02,1.594778745e-05,3.591927980e-03,1.002965954e+03,2.965953604e+05,36
1.260000002e+00,3.000098167e-02,1.594778746e-05,3.591927980e-03,1.002965954e+03,2.965953604e+05,36
1.270000002e+00,3.000098167e-02,1.594778747e-05,3.591927980e-03,1.002965954e+03,2.965953604e+05,36
1.280000002e+00,3.000098167e-02,1.594778748e-05,3.591927980e-03,1.002965954e+03,2.965953604e+05,36
1.290000002e+00,3.000098167e-02,1.594778748e-05,3.591927980e-03,1.002965954e+03,2.965953604e+05,36
1.300000002e+00,3.000098167e-02,1.594778745e-05,3.591927980e-03,1.002965954e+03,2.965953604e+05,36
1.310000002e+00,3.000098167e-02,1.594778744e-05,3.591927980e-03,1.002965954e+03,2.965953604e+05,36
1.320000002e+00,3.000098167e-02,1.594778744e-05,3.591927980e-03,1.002965954e+03,2.965953604e+05,36
1.330000002e+00,3.000098167e-02,1.594778739e-05,3.591927980e-03,1.002965954e+03,2.965953604e+05,36
1.340000002e+00,3.000098167e-02,1.594778716e-05,3.591927980e-03,1.002965954e+03,2.965953604e+05,36
1.350000002e+00,3.000098167e-02,1.594778667e-05,3.591927979e-03,1.002965954e+03,2.965953604e+05,36
1.360000002e+00,3.000098167e-02,1.594778623e-05,3.591927979e-03,1.002965954e+03,2.965953604e+05,36
1.370000002e+00,3.000098167e-02,1.594778659e-05,3.591927980e-03,1.002965954e+03,2.965953604e+05,36
1.380000002e+00,3.000098167e-02,1.594778741e-05,3.591927980e-03,1.002965954e+03,2.965953604e+05,36
1.390000002e+00,3.000098167e-02,1.594778749e-05,3.591927980e-03,1.002965954e+03,2.965953604e+05,36
1.400000002e+00,3.000098167e-02,1.594778738e-05,3.591927981e-03,1.002965954e+03,2.965953604e+05,36
1.410000002e+00,3.000098167e-02,1.594778781e-05,3.591927981e-03,1.002965954e+03,2.965953604e+05,36
1.420000002e+00,3.000098167e-02,1.594778811e-05,3.591927980e-03,1.002965954e+03,2.965953604e+05,36
1.430000002e+00,3.000098167e-02,1.594778835e-05,3.591927980e-03,1.002965954e+03,2.965953604e+05,36
1.440000002e+00,3.000098167e-02,1.594778845e-05,3.591927980e-03,1.002965954e+03,2.965953604e+05,36
1.450000002e+00,3.000098167e-02,1.594778805e-05,3.591927980e-03,1.002965954e+03,2.965953604e+05,36
1.460000002e+00,3.000098167e-02,1.594778763e-05,3.591927980e-03,1.002965954e+03,2.965953604e+05,36
1.470000002e+00,3.000098167e-02,1.594778750e-05,3.591927980e-03,1.002965954e+03,2.965953604e+05,36
1.480000002e+00,3.000098167e-02,1.594778748e-05,3.591927980e-03,1.002965954e+03,2.965953604e+05,36
1.490000002e+00,3.000098167e-02,1.594778747e-05,3.591927980e-03,1.002965954e+03,2.965953604e+05,36
1.500000002e+00,3.000098167e-02,1.594778747e-05,3.591927980e-03,1.002965954e+03,2.965953604e+05,36
1.510000002e+00,3.000098167e-02,1.594778747e-05,3.591927980e-03,1.002965954e+03,2.965953604e+05,36
1.520000002e+00,3.000098167e-02,1.594778748e-05,3.591927980e-03,1.002965954e+03,2.965953604e+05,36
1.530000002e+00,3.000098167e-02,1.594778747e-05,3.591927980e-03,1.002965954e+03,2.965953604e+05,36
1.540000002e+00,3.000098167e-02,1.594778747e-05,3.591927980e-03,1.002965954e+03,2.965953604e+05,36
1.550000002e+00,3.000098167e-02,1.594778746e-05,3.591927980e-03,1.002965954e+03,2.965953604e+05,36
1.560000002e+00,3.000098167e-02,1.594778745e-05,3.591927980e-03,1.002965954e+03,2.965953604e+05,36
1.570000002e+00,3.000098167e-02,1.594778745e-05,3.591927980e-03,1.002965954e+03,2.965953604e+05,36
1.580000002e+00,3.000098167e-02,1.594778746e-05,3.591927980e-03,1.002965954e+03,2.965953604e+05,36
1.590000002e+00,3.000098167e-02,1.594778741e-05,3.591927980e-03,1.002965954e+03,2.965953604e+05,36
1.600000002e+00,3.000098167e-02,1.594778713e-05,3.591927980e-03,1.002965954e+03,2.965953604e+05,36
1.610000002e+00,3.000098167e-02,1.594778662e-05,3.591927980e-03,1.002965954e+03,2.965953604e+05,36
1.620000002e+00,3.000098167e-02,1.594778627e-05,3.591927980e-03,1.002965954e+03,2.965953604e+05,36
1.630000002e+00,3.000098167e-02,1.594778669e-05,3.591927980e-03,1.002965954e+03,2.965953604e+05,36
1.640000002e+00,3.000098167e-02,1.594778745e-05,3.591927980e-03,1.002965954e+03,2.965953604e+05,36
1.650000002e+00,3.000098167e-02,1.594778746e-05,3.591927980e-03,1.002965954e+03,2.965953604e+05,36
1.660000002e+00,3.000098167e-02,1.594778735e-05,3.591927981e-03,1.002965954e+03,2.965953604e+05,36
1.670000002e+00,3.000098167e-02,1.594778780e-05,3.591927981e-03,1.002965954e+03,2.965953604e+05,36
1.680000002e+00,3.000098167e-02,1.594778809e-05,3.591927980e-03,1.002965954e+03,2.965953604e+05,36
1.690000002e+00,3.000098167e-02,1.594778832e-05,3.591927980e-03,1.002965954e+03,2.965953604e+05,36
1.700000002e+00,3.000098167e-02,1.594778839e-05,3.591927980e-03,1.002965954e+03,2.965953604e+05,36
1.710000002e+00,3.000098167e-02,1.594778772e-05,3.591927980e-03,1.002965954e+03,2.965953604e+05,36
1.720000002e+00,3.000098167e-02,1.594778563e-05,3.591927979e-03,1.002965954e+03,2.965953604e+05,36
1.730000002e+00,3.000098167e-02,1.594777532e-05,3.591927975e-03,1.002965954e+03,2.965953604e+05,36
1.740000002e+00,3.000098167e-02,1.594771573e-05,3.591927952e-03,1.002965954e+03,2.965953604e+05,36
1.750000002e+00,3.000098167e-02,1.594737524e-05,3.591927819e-03,1.002965954e+03,2.965953605e+05,36
1.760000002e+00,3.000098167e-02,1.594549231e-05,3.591927065e-03,1.002965954e+03,2.965953609e+05,36
1.770000002e+00,3.000098167e-02,1.593545617e-05,3.591922955e-03,1.002965954e+03,2.965953632e+05,36
1.780000002e+00,3.000098167e-02,1.588371260e-05,3.591901247e-03,1.002965954e+03,2.965953755e+05,36
1.790000002e+00,3.000098167e-02,1.562591740e-05,3.591789783e-03,1.002965954e+03,2.965954371e+05,36
1.800000002e+00,3.000098167e-02,1.440343940e-05,3.591240727e-03,1.002965957e+03,2.965957350e+05,36
1.810000002e+00,3.000098165e-02,8.952311789e-06,3.588682519e-03,1.002965971e+03,2.965971298e+05,36
1.820000002e+00,3.000098154e-02,-1.413316857e-05,3.577292549e-03,1.002966033e+03,2.966032857e+05,36
1.830000001e+00,3.000098106e-02,-1.076000512e-04,3.528169168e-03,1.002966282e+03,2.966281816e+05,36
1.839999997e+00,3.000097897e-02,-4.579474384e-04,3.328540605e-03,1.002967220e+03,2.967219622e+05,36
1.849999984e+00,3.000097084e-02,-1.619452648e-03,2.598678566e-03,1.002970611e+03,2.970610993e+05,36
1.859999942e+00,3.000094193e-02,-5.004382807e-03,1.980663112e-04,1.002981968e+03,2.981968113e+05,36
1.869999820e+00,3.000084249e-02,-1.393142974e-02,-7.227189318e-03,1.003014324e+03,3.014324240e+05,36
1.879999498e+00,3.000052169e-02,-3.484905836e-02,-2.862590845e-02,1.003088996e+03,3.088996273e+05,36
1.889998829e+00,2.999966258e-02,-7.506131952e-02,-8.086758693e-02,1.003232204e+03,3.232203521e+05,36
1.899997787e+00,2.999791289e-02,-1.398890117e-01,-1.799296180e-01,1.003477492e+03,3.477491913e+05,36
1.909996545e+00,2.999534526e-02,-2.565396643e-01,-3.192542850e-01,1.003960561e+03,3.960561472e+05,36
1.919994620e+00,2.999341280e-02,-6.321993606e-01,-4.472666086e-01,1.005542045e+03,5.542044633e+05,36
1.929971717e+00,2.999213276e-02,-2.406413000e+00,-6.199424041e-01,1.010147981e+03,1.014798097e+06,37
1.939824420e+00,2.997073744e-02,-9.319995367e+00,-1.161159073e+00,1.031212029e+03,3.121202924e+06,36
1.949474688e+00,2.994591251e-02,-2.398652655e+01,-3.300430561e-01,1.101601804e+03,1.016018038e+07,36
1.959791835e+00,3.002171716e-02,-2.705868088e+01,1.996872760e+00,1.169693427e+03,1.696934268e+07,35
1.974497224e+00,2.942463625e-02,2.794330772e+01,-8.972692938e+00,1.048557462e+03,4.855746236e+06,30
1.994558525e+00,3.274495680e-02,-4.567944841e+01,7.355495236e+01,6.958396952e+02,-3.041603048e+07,25
1.008887079e-02,4.421580131e-02,9.205306634e+01,1.073592450e+01,8.991058953e+02,-1.008941047e+07,26
1.917716414e+00,9.369649615e-02,-2.636240848e+02,1.849203659e+02,1.272119049e+03,2.721190488e+07,32
4.047006953e-02,3.097664720e-02,1.530532660e+02,-2.660978185e+01,1.174310433e+03,1.743104328e+07,33
1.980906827e+00,2.732572816e-02,-8.647441114e+01,-3.617859467e+01,9.220346709e+02,-7.796532910e+06,27
4.667500989e-03,3.458736657e-02,3.252431965e+01,5.800212104e+00,7.113565770e+02,-2.886434230e+07,27
2.702160846e-02,3.823219143e-02,-1.417051148e+01,-1.163134373e+01,1.052001632e+03,5.200163196e+06,32
4.053550798e-02,3.989306742e-02,2.827374496e+01,5.464194301e+00,1.151451665e+03,1.514516647e+07,36
5.051893282e-02,4.006859798e-02,2.225991555e+01,4.437371839e+00,1.084294129e+03,8.429412942e+06,36
6.016522183e-02,4.001219297e-02,9.114536969e+00,1.296464779e+00,1.030789596e+03,3.078959616e+06,35
7.002900084e-02,3.998150431e-02,2.558165747e+00,-2.477503003e-01,1.014066043e+03,1.406604254e+06,37
8.001089067e-02,3.998021130e-02,8.268123782e-01,-7.043583254e-01,1.008369886e+03,8.369886331e+05,36
9.000885945e-02,3.998681413e-02,4.884440147e-01,-6.489256068e-01,1.005812389e+03,5.812389279e+05,36
1.000062056e-01,3.999292969e-02,3.465658796e-01,-4.156090781e-01,1.004442158e+03,4.442158451e+05,36
1.100033994e-01,3.999710555e-02,2.043777899e-01,-1.984660503e-01,1.003655632e+03,3.655631694e+05,36
1.200014193e-01,3.999921247e-02,9.355269499e-02,-7.323382758e-02,1.003273120e+03,3.273119897e+05,36
1.300004771e-01,3.999999289e-02,3.497951630e-02,-2.180915773e-02,1.003103194e+03,3.103194016e+05,36
1.400001432e-01,4.000022024e-02,1.160362530e-02,-5.106909249e-03,1.003032904e+03,3.032903669e+05,36
1.500000417e-01,4.000027860e-02,3.574701561e-03,-3.181765481e-04,1.003008239e+03,3.008239144e+05,36
1.600000123e-01,4.000029318e-02,1.015718220e-03,9.889705343e-04,1.003001030e+03,3.001030020e+05,36
1.700000043e-01,4.000029668e-02,2.702679233e-04,1.325114967e-03,1.002999136e+03,2.999136244e+05,36
1.800000023e-01,4.000029746e-02,7.614804649e-05,1.404196395e-03,1.002998656e+03,2.998656243e+05,36
1.900000019e-01,4.000029762e-02,2.959423698e-05,1.421564905e-03,1.002998540e+03,2.998540067e+05,36
2.000000018e-01,4.000029765e-02,1.890763874e-05,1.425252976e-03,1.002998514e+03,2.998514075e+05,36
2.100000018e-01,4.000029766e-02,1.655584578e-05,1.426011606e-03,1.002998509e+03,2.998508615e+05,36
2.200000018e-01,4.000029766e-02,1.606618282e-05,1.426160851e-03,1.002998508e+03,2.998507505e+05,36
2.300000018e-01,4.000029766e-02,1.596904390e-05,1.426189067e-03,1.002998507e+03,2.998507286e+05,36
2.400000018e-01,4.000029766e-02,1.595040507e-05,1.426194256e-03,1.002998507e+03,2.998507245e+05,36
2.500000018e-01,4.000029766e-02,1.594693809e-05,1.426195185e-03,1.002998507e+03,2.998507238e+05,36
2.600000018e-01,4.000029766e-02,1.594631608e-05,1.426195346e-03,1.002998507e+03,2.998507236e+05,36
2.700000018e-01,4.000029766e-02,1.594620804e-05,1.426195374e-03,1.002998507e+03,2.998507236e+05,36
2.800000018e-01,4.000029766e-02,1.594618943e-05,1.426195378e-03,1.002998507e+03,2.998507236e+05,36
2.900000018e-01,4.000029766e-02,1.594618607e-05,1.426195379e-03,1.002998507e+03,2.998507236e+05,36
3.000000018e-01,4.000029766e-02,1.594618532e-05,1.426195379e-03,1.002998507e+03,2.998507236e+05,36
3.100000018e-01,4.000029766e-02,1.594618537e-05,1.426195379e-03,1.002998507e+03,2.998507236e+05,36
3.200000018e-01,4.000029766e-02,1.594618577e-05,1.426195379e-03,1.002998507e+03,2.998507236e+05,36
3.300000018e-01,4.000029766e-02,1.594618605e-05,1.426195379e-03,1.002998507e+03,2.998507236e+05,36
3.400000018e-01,4.000029766e-02,1.594618598e-05,1.426195379e-03,1.002998507e+03,2.998507236e+05,36
3.500000018e-01,4.000029766e-02,1.594618567e-05,1.426195379e-03,1.002998507e+03,2.998507236e+05,36
3.600000018e-01,4.000029766e-02,1.594618534e-05,1.426195379e-03,1.002998507e+03,2.998507236e+05,36
3.700000018e-01,4.000029766e-02,1.594618508e-05,1.426195379e-03,1.002998507e+03,2.998507236e+05,36
3.800000018e-01,4.000029766e-02,1.594618534e-05,1.426195379e-03,1.002998507e+03,2.998507236e+05,36
3.900000018e-01,4.000029766e-02,1.594618597e-05,1.426195379e-03,1.002998507e+03,2.998507236e+05,36
4.000000018e-01,4.000029766e-02,1.594618610e-05,1.426195379e-03,1.002998507e+03,2.998507236e+05,36
4.100000018e-01,4.000029766e-02,1.594618579e-05,1.426195379e-03,1.002998507e+03,2.998507236e+05,36
4.200000018e-01,4.000029766e-02,1.594618544e-05,1.426195379e-03,1.002998507e+03,2.998507236e+05,36
4.300000018e-01,4.000029766e-02,1.594618508e-05,1.426195379e-03,1.002998507e+03,2.998507236e+05,36
4.400000018e-01,4.000029766e-02,1.594618528e-05,1.426195379e-03,1.002998507e+03,2.998507236e+05,36
4.500000018e-01,4.000029766e-02,1.594618600e-05,1.426195379e-03,1.002998507e+03,2.998507236e+05,36
4.600000018e-01,4.000029766e-02,1.594618624e-05,1.426195379e-03,1.002998507e+03,2.998507236e+05,36
4.700000018e-01,4.000029766e-02,1.594618599e-05,1.426195379e-03,1.002998507e+03,2.998507236e+05,36
4.800000018e-01,4.000029766e-02,1.594618567e-05,1.426195379e-03,1.002998507e+03,2.998507236e+05,36
4.900000018e-01,4.000029766e-02,1.594618518e-05,1.426195379e-03,1.002998507e+03,2.998507236e+05,36
5.000000018e-01,4.000029766e-02,1.594618516e-05,1.426195379e-03,1.002998507e+03,2.998507236e+05,36
5.100000018e-01,4.000029766e-02,1.594618584e-05,1.426195379e-03,1.002998507e+03,2.998507236e+05,36
5.200000018e-01,4.000029766e-02,1.594618600e-05,1.426195379e-03,1.002998507e+03,2.998507236e+05,36
5.300000018e-01,4.000029766e-02,1.594618535e-05,1.426195379e-03,1.002998507e+03,2.998507236e+05,36
5.400000018e-01,4.000029766e-02,1.594618492e-05,1.426195379e-03,1.002998507e+03,2.998507236e+05,36
5.500000018e-01,4.000029766e-02,1.594618535e-05,1.426195379e-03,1.002998507e+03,2.998507236e+05,36
5.600000018e-01,4.000029766e-02,1.594618601e-05,1.426195379e-03,1.002998507e+03,2.998507236e+05,36
5.700000018e-01,4.000029766e-02,1.594618607e-05,1.426195379e-03,1.002998507e+03,2.998507236e+05,36
5.800000018e-01,4.000029766e-02,1.594618547e-05,1.426195379e-03,1.002998507e+03,2.998507236e+05,36
5.900000018e-01,4.000029766e-02,1.594618493e-05,1.426195379e-03,1.002998507e+03,2.998507236e+05,36
6.000000018e-01,4.000029766e-02,1.594618544e-05,1.426195379e-03,1.002998507e+03,2.998507236e+05,36
6.100000018e-01,4.000029766e-02,1.594618644e-05,1.426195379e-03,1.002998507e+03,2.998507236e+05,36
6.200000018e-01,4.000029766e-02,1.594618657e-05,1.426195379e-03,1.002998507e+03,2.998507236e+05,36
6.300000018e-01,4.000029766e-02,1.594618606e-05,1.426195379e-03,1.002998507e+03,2.998507236e+05,36
6.400000018e-01,4.000029766e-02,1.594618566e-05,1.426195379e-03,1.002998507e+03,2.998507236e+05,36
6.500000018e-01,4.000029766e-02,1.594618534e-05,1.426195379e-03,1.002998507e+03,2.998507236e+05,36
6.600000018e-01,4.000029766e-02,1.594618492e-05,1.426195379e-03,1.002998507e+03,2.998507236e+05,36
6.700000018e-01,4.000029766e-02,1.594618483e-05,1.426195379e-03,1.002998507e+03,2.998507236e+05,36
6.800000018e-01,4.000029766e-02,1.594618540e-05,1.426195379e-03,1.002998507e+03,2.998507236e+05,36
6.900000018e-01,4.000029766e-02,1.594618603e-05,1.426195379e-03,1.002998507e+03,2.998507236e+05,36
7.000000018e-01,4.000029766e-02,1.594618605e-05,1.426195379e-03,1.002998507e+03,2.998507236e+05,36
7.100000018e-01,4.000029766e-02,1.594618547e-05,1.426195379e-03,1.002998507e+03,2.998507236e+05,36
7.200000018e-01,4.000029766e-02,1.594618493e-05,1.426195379e-03,1.002998507e+03,2.998507236e+05,36
7.300000018e-01,4.000029766e-02,1.594618544e-05,1.426195379e-03,1.002998507e+03,2.998507236e+05,36
7.400000018e-01,4.000029766e-02,1.594618644e-05,1.426195379e-03,1.002998507e+03,2.998507236e+05,36
7.500000018e-01,4.000029766e-02,1.594618657e-05,1.426195379e-03,1.002998507e+03,2.998507236e+05,36
7.600000018e-01,4.000029766e-02,1.594618607e-05,1.426195379e-03,1.002998507e+03,2.998507236e+05,36
7.700000018e-01,4.000029766e-02,1.594618570e-05,1.426195379e-03,1.002998507e+03,2.998507236e+05,36
7.800000018e-01,4.000029766e-02,1.594618541e-05,1.426195379e-03,1.002998507e+03,2.998507236e+05,36
7.900000018e-01,4.000029766e-02,1.594618499e-05,1.426195379e-03,1.002998507e+03,2.998507236e+05,36
8.000000018e-01,4.000029766e-02,1.594618478e-05,1.426195379e-03,1.002998507e+03,2.998507236e+05,36
8.100000018e-01,4.000029766e-02,1.594618528e-05,1.426195379e-03,1.002998507e+03,2.998507236e+05,36
8.200000018e-01,4.000029766e-02,1.594618598e-05,1.426195379e-03,1.002998507e+03,2.998507236e+05,36
8.300000018e-01,4.000029766e-02,1.594618608e-05,1.426195379e-03,1.002998507e+03,2.998507236e+05,36
8.400000018e-01,4.000029766e-02,1.594618549e-05,1.426195379e-03,1.002998507e+03,2.998507236e+05,36
8.500000018e-01,4.000029766e-02,1.594618493e-05,1.426195379e-03,1.002998507e+03,2.998507236e+05,36
8.600000018e-01,4.000029766e-02,1.594618542e-05,1.426195379e-03,1.002998507e+03,2.998507236e+05,36
8.700000018e-01,4.000029766e-02,1.594618642e-05,1.426195379e-03,1.002998507e+03,2.998507236e+05,36
8.800000018e-01,4.000029766e-02,1.594618655e-05,1.426195379e-03,1.002998507e+03,2.998507236e+05,36
8.900000018e-01,4.000029766e-02,1.594618602e-05,1.426195379e-03,1.002998507e+03,2.998507236e+05,36
9.000000018e-01,4.000029766e-02,1.594618550e-05,1.426195379e-03,1.002998507e+03,2.998507236e+05,36
9.100000018e-01,4.000029766e-02,1.594618499e-05,1.426195379e-03,1.002998507e+03,2.998507236e+05,36
9.200000018e-01,4.000029766e-02,1.594618478e-05,1.426195379e-03,1.002998507e+03,2.998507236e+05,36
9.300000018e-01,4.000029766e-02,1.594618531e-05,1.426195379e-03,1.002998507e+03,2.998507236e+05,36
9.400000018e-01,4.000029766e-02,1.594618606e-05,1.426195379e-03,1.002998507e+03,2.998507236e+05,36
9.500000018e-01,4.000029766e-02,1.594618617e-05,1.426195379e-03,1.002998507e+03,2.998507236e+05,36
9.600000018e-01,4.000029766e-02,1.594618566e-05,1.426195379e-03,1.002998507e+03,2.998507236e+05,36
9.700000018e-01,4.000029766e-02,1.594618552e-05,1.426195379e-03,1.002998507e+03,2.998507236e+05,36
9.800000018e-01,4.000029766e-02,1.594618656e-05,1.426195379e-03,1.002998507e+03,2.998507236e+05,36
9.900000018e-01,4.000029766e-02,1.594618711e-05,1.426195379e-03,1.002998507e+03,2.998507236e+05,36
1.000000002e+00,4.000029766e-02,1.594618596e-05,1.426195379e-03,1.002998507e+03,2.998507236e+05,36
1.010000002e+00,4.000029766e-02,1.594618496e-05,1.426195379e-03,1.002998507e+03,2.998507236e+05,36
1.020000002e+00,4.000029766e-02,1.594618511e-05,1.426195379e-03,1.002998507e+03,2.998507236e+05,36
1.030000002e+00,4.000029766e-02,1.594618547e-05,1.426195379e-03,1.002998507e+03,2.998507236e+05,36
1.040000002e+00,4.000029766e-02,1.594618559e-05,1.426195379e-03,1.002998507e+03,2.998507236e+05,36
1.050000002e+00,4.000029766e-02,1.594618562e-05,1.426195379e-03,1.002998507e+03,2.998507236e+05,36
1.060000002e+00,4.000029766e-02,1.594618560e-05,1.426195379e-03,1.002998507e+03,2.998507236e+05,36
1.070000002e+00,4.000029766e-02,1.594618557e-05,1.426195379e-03,1.002998507e+03,2.998507236e+05,36
1.080000002e+00,4.000029766e-02,1.594618545e-05,1.426195379e-03,1.002998507e+03,2.998507236e+05,36
1.090000002e+00,4.000029766e-02,1.594618496e-05,1.426195379e-03,1.002998507e+03,2.998507236e+05,36
1.100000002e+00,4.000029766e-02,1.594618419e-05,1.426195379e-03,1.002998507e+03,2.998507236e+05,36
1.110000002e+00,4.000029766e-02,1.594618409e-05,1.426195378e-03,1.002998507e+03,2.998507236e+05,36
1.120000002e+00,4.000029766e-02,1.594618513e-05,1.426195378e-03,1.002998507e+03,2.998507236e+05,36
1.130000002e+00,4.000029766e-02,1.594618625e-05,1.426195379e-03,1.002998507e+03,2.998507236e+05,36
1.140000002e+00,4.000029766e-02,1.594618622e-05,1.426195379e-03,1.002998507e+03,2.998507236e+05,36
1.150000002e+00,4.000029766e-02,1.594618566e-05,1.426195380e-03,1.002998507e+03,2.998507236e+05,36
1.160000002e+00,4.000029766e-02,1.594618548e-05,1.426195380e-03,1.002998507e+03,2.998507236e+05,36
1.170000002e+00,4.000029766e-02,1.594618570e-05,1.426195379e-03,1.002998507e+03,2.998507236e+05,36
1.180000002e+00,4.000029766e-02,1.594618648e-05,1.426195379e-03,1.002998507e+03,2.998507236e+05,36
1.190000002e+00,4.000029766e-02,1.594618696e-05,1.426195379e-03,1.002998507e+03,2.998507236e+05,36
1.200000002e+00,4.000029766e-02,1.594618648e-05,1.426195379e-03,1.002998507e+03,2.998507236e+05,36
1.210000002e+00,4.000029766e-02,1.594618589e-05,1.426195379e-03,1.002998507e+03,2.998507236e+05,36
1.220000002e+00,4.000029766e-02,1.594618567e-05,1.426195379e-03,1.002998507e+03,2.998507236e+05,36
1.230000002e+00,4.000029766e-02,1.594618562e-05,1.426195379e-03,1.002998507e+03,2.998507236e+05,36
1.240000002e+00,4.000029766e-02,1.594618561e-05,1.426195379e-03,1.002998507e+03,2.998507236e+05,36
1.250000002e+00,4.000029766e-02,1.594618561e-05,1.426195379e-03,1.002998507e+03,2.998507236e+05,36
1.260000002e+00,4.000029766e-02,1.594618562e-05,1.426195379e-03,1.002998507e+03,2.998507236e+05,36
1.270000002e+00,4.000029766e-02,1.594618563e-05,1.426195379e-03,1.002998507e+03,2.998507236e+05,36
1.280000002e+00,4.000029766e-02,1.594618564e-05,1.426195379e-03,1.002998507e+03,2.998507236e+05,36
1.290000002e+00,4.000029766e-02,1.594618563e-05,1.426195379e-03,1.002998507e+03,2.998507236e+05,36
1.300000002e+00,4.000029766e-02,1.594618560e-05,1.426195379e-03,1.002998507e+03,2.998507236e+05,36
1.310000002e+00,4.000029766e-02,1.594618557e-05,1.426195379e-03,1.002998507e+03,2.998507236e+05,36
1.320000002e+00,4.000029766e-02,1.594618556e-05,1.426195379e-03,1.002998507e+03,2.998507236e+05,36
1.330000002e+00,4.000029766e-02,1.594618547e-05,1.426195379e-03,1.002998507e+03,2.998507236e+05,36
1.340000002e+00,4.000029766e-02,1.594618512e-05,1.426195379e-03,1.002998507e+03,2.998507236e+05,36
1.350000002e+00,4.000029766e-02,1.594618442e-05,1.426195379e-03,1.002998507e+03,2.998507236e+05,36
1.360000002e+00,4.000029766e-02,1.594618395e-05,1.426195378e-03,1.002998507e+03,2.998507236e+05,36
1.370000002e+00,4.000029766e-02,1.594618466e-05,1.426195378e-03,1.002998507e+03,2.998507236e+05,36
1.380000002e+00,4.000029766e-02,1.594618609e-05,1.426195379e-03,1.002998507e+03,2.998507236e+05,36
1.390000002e+00,4.000029766e-02,1.594618645e-05,1.426195380e-03,1.002998507e+03,2.998507236e+05,36
1.400000002e+00,4.000029766e-02,1.594618581e-05,1.426195380e-03,1.002998507e+03,2.998507236e+05,36
1.410000002e+00,4.000029766e-02,1.594618547e-05,1.426195380e-03,1.002998507e+03,2.998507236e+05,36
1.420000002e+00,4.000029766e-02,1.594618570e-05,1.426195379e-03,1.002998507e+03,2.998507236e+05,36
1.430000002e+00,4.000029766e-02,1.594618649e-05,1.426195379e-03,1.002998507e+03,2.998507236e+05,36
1.440000002e+00,4.000029766e-02,1.594618697e-05,1.426195379e-03,1.002998507e+03,2.998507236e+05,36
1.450000002e+00,4.000029766e-02,1.594618648e-05,1.426195379e-03,1.002998507e+03,2.998507236e+05,36
1.460000002e+00,4.000029766e-02,1.594618589e-05,1.426195379e-03,1.002998507e+03,2.998507236e+05,36
1.470000002e+00,4.000029766e-02,1.594618568e-05,1.426195379e-03,1.002998507e+03,2.998507236e+05,36
1.480000002e+00,4.000029766e-02,1.594618564e-05,1.426195379e-03,1.002998507e+03,2.998507236e+05,36
1.490000002e+00,4.000029766e-02,1.594618563e-05,1.426195379e-03,1.002998507e+03,2.998507236e+05,36
1.500000002e+00,4.000029766e-02,1.594618562e-05,1.426195379e-03,1.002998507e+03,2.998507236e+05,36
1.510000002e+00,4.000029766e-02,1.594618562e-05,1.426195379e-03,1.002998507e+03,2.998507236e+05,36
1.520000002e+00,4.000029766e-02,1.594618563e-05,1.426195379e-03,1.002998507e+03,2.998507236e+05,36
1.530000002e+00,4.000029766e-02,1.594618563e-05,1.426195379e-03,1.002998507e+03,2.998507236e+05,36
1.540000002e+00,4.000029766e-02,1.594618562e-05,1.426195379e-03,1.002998507e+03,2.998507236e+05,36
1.550000002e+00,4.000029766e-02,1.594618561e-05,1.426195379e-03,1.002998507e+03,2.998507236e+05,36
1.560000002e+00,4.000029766e-02,1.594618560e-05,1.426195379e-03,1.002998507e+03,2.998507236e+05,36
1.570000002e+00,4.000029766e-02,1.594618560e-05,1.426195379e-03,1.002998507e+03,2.998507236e+05,36
1.580000002e+00,4.000029766e-02,1.594618560e-05,1.426195379e-03,1.002998507e+03,2.998507236e+05,36
1.590000002e+00,4.000029766e-02,1.594618551e-05,1.426195379e-03,1.002998507e+03,2.998507236e+05,36
1.600000002e+00,4.000029766e-02,1.594618515e-05,1.426195379e-03,1.002998507e+03,2.998507236e+05,36
1.610000002e+00,4.000029766e-02,1.594618446e-05,1.426195379e-03,1.002998507e+03,2.998507236e+05,36
1.620000002e+00,4.000029766e-02,1.594618391e-05,1.426195379e-03,1.002998507e+03,2.998507236e+05,36
1.630000002e+00,4.000029766e-02,1.594618453e-05,1.426195379e-03,1.002998507e+03,2.998507236e+05,36
1.640000002e+00,4.000029766e-02,1.594618603e-05,1.426195379e-03,1.002998507e+03,2.998507236e+05,36
1.650000002e+00,4.000029766e-02,1.594618650e-05,1.426195379e-03,1.002998507e+03,2.998507236e+05,36
1.660000002e+00,4.000029766e-02,1.594618586e-05,1.426195380e-03,1.002998507e+03,2.998507236e+05,36
1.670000002e+00,4.000029766e-02,1.594618548e-05,1.426195380e-03,1.002998507e+03,2.998507236e+05,36
1.680000002e+00,4.000029766e-02,1.594618568e-05,1.426195379e-03,1.002998507e+03,2.998507236e+05,36
1.690000002e+00,4.000029766e-02,1.594618646e-05,1.426195379e-03,1.002998507e+03,2.998507236e+05,36
1.700000002e+00,4.000029766e-02,1.594618686e-05,1.426195379e-03,1.002998507e+03,2.998507236e+05,36
1.710000002e+00,4.000029766e-02,1.594618588e-05,1.426195379e-03,1.002998507e+03,2.998507236e+05,36
1.720000002e+00,4.000029766e-02,1.594618223e-05,1.426195378e-03,1.002998507e+03,2.998507236e+05,36
1.730000002e+00,4.000029766e-02,1.594616362e-05,1.426195374e-03,1.002998507e+03,2.998507236e+05,36
1.740000002e+00,4.000029766e-02,1.594605531e-05,1.426195346e-03,1.002998507e+03,2.998507236e+05,36
1.750000002e+00,4.000029766e-02,1.594543247e-05,1.426195185e-03,1.002998507e+03,2.998507238e+05,36
1.760000002e+00,4.000029766e-02,1.594196504e-05,1.426194256e-03,1.002998507e+03,2.998507245e+05,36
1.770000002e+00,4.000029766e-02,1.592332731e-05,1.426189067e-03,1.002998507e+03,2.998507286e+05,36
1.780000002e+00,4.000029766e-02,1.582618988e-05,1.426160851e-03,1.002998508e+03,2.998507505e+05,36
1.790000002e+00,4.000029766e-02,1.533652628e-05,1.426011605e-03,1.002998509e+03,2.998508615e+05,36
1.800000002e+00,4.000029765e-02,1.298473179e-05,1.425252976e-03,1.002998514e+03,2.998514075e+05,36
1.810000002e+00,4.000029762e-02,2.298134046e-06,1.421564905e-03,1.002998540e+03,2.998540067e+05,36
1.820000001e+00,4.000029746e-02,-4.425567474e-05,1.404196394e-03,1.002998656e+03,2.998656243e+05,36
1.829999999e+00,4.000029668e-02,-2.383755522e-04,1.325114966e-03,1.002999136e+03,2.999136244e+05,36
1.839999991e+00,4.000029318e-02,-9.838258486e-04,9.889705342e-04,1.003001030e+03,3.001030020e+05,36
1.849999962e+00,4.000027860e-02,-3.542809190e-03,-3.181765483e-04,1.003008239e+03,3.008239144e+05,36
1.859999860e+00,4.000022024e-02,-1.157173293e-02,-5.106909249e-03,1.003032904e+03,3.032903669e+05,36
1.869999526e+00,3.999999289e-02,-3.494762395e-02,-2.180915773e-02,1.003103194e+03,3.103194016e+05,36
1.879998584e+00,3.999921247e-02,-9.352080263e-02,-7.323382758e-02,1.003273120e+03,3.273119897e+05,36
1.889996604e+00,3.999710555e-02,-2.043458975e-01,-1.984660503e-01,1.003655632e+03,3.655631694e+05,36
1.899993798e+00,3.999292969e-02,-3.465339868e-01,-4.156090781e-01,1.004442158e+03,4.442158448e+05,36
1.909991144e+00,3.998681413e-02,-4.884121196e-01,-6.489256069e-01,1.005812389e+03,5.812389269e+05,36
1.919989113e+00,3.998021130e-02,-8.267804712e-01,-7.043583271e-01,1.008369886e+03,8.369886298e+05,36
1.929971003e+00,3.998150431e-02,-2.558133801e+00,-2.477503087e-01,1.014066042e+03,1.406604243e+06,37
1.939834782e+00,4.001219297e-02,-9.114504931e+00,1.296464743e+00,1.030789595e+03,3.078959546e+06,35
1.949481071e+00,4.006859798e-02,-2.225988332e+01,4.437371694e+00,1.084294127e+03,8.429412745e+06,36
1.959464496e+00,3.989306740e-02,-2.827371228e+01,5.464193740e+00,1.151451663e+03,1.514516627e+07,36
1.972978395e+00,3.823219135e-02,1.417054554e+01,-1.163134640e+01,1.052001633e+03,5.200163294e+06,32
1.995332502e+00,3.458736668e-02,-3.252429002e+01,5.800218428e+00,7.113565754e+02,-2.886434246e+07,27
1.909317694e-02,2.732572795e-02,8.647443862e+01,-3.617860001e+01,9.220347106e+02,-7.796528943e+06,27
1.959529934e+00,3.097664716e-02,-1.530532314e+02,-2.660978279e+01,1.174310433e+03,1.743104325e+07,33
3.164949414e-02,3.977631957e-02,9.201272115e+01,-3.351994185e+01,1.098026904e+03,9.802690376e+06,35
1.987042408e+00,4.129528901e-02,-6.335004674e+01,-4.823516184e+01,9.503140502e+02,-4.968594978e+06,29
8.990494727e-03,4.627241685e-02,-1.223073784e+01,-4.037375335e+01,8.630293484e+02,-1.369706516e+07,28
2.903209013e-02,4.906562603e-02,1.265471554e+00,-9.681953813e+00,1.019397246e+03,1.939724562e+06,34
4.056021370e-02,4.986823079e-02,2.180617711e+01,-1.109553543e+00,1.098013858e+03,9.801385751e+06,39
5.032867333e-02,4.999629329e-02,1.533443404e+01,2.097838732e+00,1.046543898e+03,4.654389771e+06,35
6.010493956e-02,4.992641970e-02,6.595674298e+00,4.978251563e-01,1.021854314e+03,2.185431369e+06,37
7.004173226e-02,4.989938879e-02,2.120811414e+00,-1.183577091e+00,1.014518545e+03,1.451854500e+06,34
8.004029712e-02,4.992477008e-02,1.141461742e+00,-1.798434831e+00,1.011992848e+03,1.199284805e+06,36
9.002919379e-02,4.996066211e-02,1.009512532e+00,-1.484112226e+00,1.009807859e+03,9.807858897e+05,36
1.000165679e-01,4.998337937e-02,7.944313790e-01,-8.644106472e-01,1.006816045e+03,6.816045358e+05,36
1.100082120e-01,4.999379742e-02,4.741289273e-01,-3.885345900e-01,1.004618824e+03,4.618824482e+05,36
1.200032957e-01,4.999805898e-02,2.133274094e-01,-1.389280295e-01,1.003583018e+03,3.583017719e+05,36
1.300010525e-01,4.999954927e-02,7.594340652e-02,-3.947480202e-02,1.003192959e+03,3.192958845e+05,36
1.400002900e-01,4.999996974e-02,2.327872393e-02,-8.235050650e-03,1.003054479e+03,3.054478817e+05,36
1.500000765e-01,5.000007057e-02,6.634070758e-03,9.005072689e-05,1.003008253e+03,3.008252560e+05,36
1.600000205e-01,5.000009340e-02,1.789108113e-03,2.154875114e-03,1.002994981e+03,2.994980537e+05,36
1.700000061e-01,5.000009851e-02,4.533220940e-04,2.650337424e-03,1.002991635e+03,2.991634874e+05,36
1.800000027e-01,5.000009960e-02,1.162461201e-04,2.762212709e-03,1.002990830e+03,2.990829836e+05,36
1.900000020e-01,5.000009982e-02,3.799632559e-05,2.785840857e-03,1.002990641e+03,2.990641319e+05,36
2.000000018e-01,5.000009986e-02,2.062318197e-05,2.790648083e-03,1.002990600e+03,2.990599916e+05,36
2.100000018e-01,5.000009987e-02,1.689412761e-05,2.791601266e-03,1.002990591e+03,2.990591383e+05,36
2.200000018e-01,5.000009987e-02,1.613117801e-05,2.791783526e-03,1.002990590e+03,2.990589682e+05,36
2.300000018e-01,5.000009987e-02,1.598215942e-05,2.791817110e-03,1.002990589e+03,2.990589352e+05,36
2.400000018e-01,5.000009987e-02,1.595397656e-05,2.791823134e-03,1.002990589e+03,2.990589291e+05,36
2.500000018e-01,5.000009987e-02,1.594879561e-05,2.791824189e-03,1.002990589e+03,2.990589280e+05,36
2.600000018e-01,5.000009987e-02,1.594787459e-05,2.791824368e-03,1.002990589e+03,2.990589278e+05,36
2.700000018e-01,5.000009987e-02,1.594771599e-05,2.791824398e-03,1.002990589e+03,2.990589278e+05,36
2.800000018e-01,5.000009987e-02,1.594768892e-05,2.791824403e-03,1.002990589e+03,2.990589278e+05,36
2.900000018e-01,5.000009987e-02,1.594768407e-05,2.791824404e-03,1.002990589e+03,2.990589278e+05,36
3.000000018e-01,5.000009987e-02,1.594768309e-05,2.791824404e-03,1.002990589e+03,2.990589278e+05,36
3.100000018e-01,5.000009987e-02,1.594768315e-05,2.791824404e-03,1.002990589e+03,2.990589278e+05,36
3.200000018e-01,5.000009987e-02,1.594768359e-05,2.791824404e-03,1.002990589e+03,2.990589278e+05,36
3.300000018e-01,5.000009987e-02,1.594768392e-05,2.791824404e-03,1.002990589e+03,2.990589278e+05,36
3.400000018e-01,5.000009987e-02,1.594768386e-05,2.791824404e-03,1.002990589e+03,2.990589278e+05,36
3.500000018e-01,5.000009987e-02,1.594768350e-05,2.791824404e-03,1.002990589e+03,2.990589278e+05,36
3.600000018e-01,5.000009987e-02,1.594768308e-05,2.791824404e-03,1.002990589e+03,2.990589278e+05,36
3.700000018e-01,5.000009987e-02,1.594768280e-05,2.791824404e-03,1.002990589e+03,2.990589278e+05,36
3.800000018e-01,5.000009987e-02,1.594768312e-05,2.791824404e-03,1.002990589e+03,2.990589278e+05,36
3.900000018e-01,5.000009987e-02,1.594768384e-05,2.791824404e-03,1.002990589e+03,2.990589278e+05,36
4.000000018e-01,5.000009987e-02,1.594768402e-05,2.791824404e-03,1.002990589e+03,2.990589278e+05,36
4.100000018e-01,5.000009987e-02,1.594768364e-05,2.791824404e-03,1.002990589e+03,2.990589278e+05,36
4.200000018e-01,5.000009987e-02,1.594768321e-05,2.791824404e-03,1.002990589e+03,2.990589278e+05,36
4.300000018e-01,5.000009987e-02,1.594768284e-05,2.791824404e-03,1.002990589e+03,2.990589278e+05,36
4.400000018e-01,5.000009987e-02,1.594768307e-05,2.791824404e-03,1.002990589e+03,2.990589278e+05,36
4.500000018e-01,5.000009987e-02,1.594768383e-05,2.791824404e-03,1.002990589e+03,2.990589278e+05,36
4.600000018e-01,5.000009987e-02,1.594768408e-05,2.791824404e-03,1.002990589e+03,2.990589278e+05,36
4.700000018e-01,5.000009987e-02,1.594768376e-05,2.791824404e-03,1.002990589e+03,2.990589278e+05,36
4.800000018e-01,5.000009987e-02,1.594768333e-05,2.791824404e-03,1.002990589e+03,2.990589278e+05,36
4.900000018e-01,5.000009987e-02,1.594768281e-05,2.791824403e-03,1.002990589e+03,2.990589278e+05,36
5.000000018e-01,5.000009987e-02,1.594768298e-05,2.791824403e-03,1.002990589e+03,2.990589278e+05,36
5.100000018e-01,5.000009987e-02,1.594768384e-05,2.791824403e-03,1.002990589e+03,2.990589278e+05,36
5.200000018e-01,5.000009987e-02,1.594768401e-05,2.791824404e-03,1.002990589e+03,2.990589278e+05,36
5.300000018e-01,5.000009987e-02,1.594768325e-05,2.791824404e-03,1.002990589e+03,2.990589278e+05,36
5.400000018e-01,5.000009987e-02,1.594768269e-05,2.791824404e-03,1.002990589e+03,2.990589278e+05,36
5.500000018e-01,5.000009987e-02,1.594768306e-05,2.791824404e-03,1.002990589e+03,2.990589278e+05,36
5.600000018e-01,5.000009987e-02,1.594768388e-05,2.791824404e-03,1.002990589e+03,2.990589278e+05,36
5.700000018e-01,5.000009987e-02,1.594768408e-05,2.791824404e-03,1.002990589e+03,2.990589278e+05,36
5.800000018e-01,5.000009987e-02,1.594768324e-05,2.791824404e-03,1.002990589e+03,2.990589278e+05,36
5.900000018e-01,5.000009987e-02,1.594768241e-05,2.791824404e-03,1.002990589e+03,2.990589278e+05,36
6.000000018e-01,5.000009987e-02,1.594768308e-05,2.791824404e-03,1.002990589e+03,2.990589278e+05,36
6.100000018e-01,5.000009987e-02,1.594768439e-05,2.791824404e-03,1.002990589e+03,2.990589278e+05,36
6.200000018e-01,5.000009987e-02,1.594768457e-05,2.791824404e-03,1.002990589e+03,2.990589278e+05,36
6.300000018e-01,5.000009987e-02,1.594768396e-05,2.791824404e-03,1.002990589e+03,2.990589278e+05,36
6.400000018e-01,5.000009987e-02,1.594768350e-05,2.791824404e-03,1.002990589e+03,2.990589278e+05,36
6.500000018e-01,5.000009987e-02,1.594768315e-05,2.791824404e-03,1.002990589e+03,2.990589278e+05,36
6.600000018e-01,5.000009987e-02,1.594768272e-05,2.791824404e-03,1.002990589e+03,2.990589278e+05,36
6.700000018e-01,5.000009987e-02,1.594768261e-05,2.791824404e-03,1.002990589e+03,2.990589278e+05,36
6.800000018e-01,5.000009987e-02,1.594768318e-05,2.791824404e-03,1.002990589e+03,2.990589278e+05,36
6.900000018e-01,5.000009987e-02,1.594768391e-05,2.791824404e-03,1.002990589e+03,2.990589278e+05,36
7.000000018e-01,5.000009987e-02,1.594768402e-05,2.791824404e-03,1.002990589e+03,2.990589278e+05,36
7.100000018e-01,5.000009987e-02,1.594768321e-05,2.791824404e-03,1.002990589e+03,2.990589278e+05,36
7.200000018e-01,5.000009987e-02,1.594768242e-05,2.791824404e-03,1.002990589e+03,2.990589278e+05,36
7.300000018e-01,5.000009987e-02,1.594768310e-05,2.791824404e-03,1.002990589e+03,2.990589278e+05,36
7.400000018e-01,5.000009987e-02,1.594768441e-05,2.791824404e-03,1.002990589e+03,2.990589278e+05,36
7.500000018e-01,5.000009987e-02,1.594768459e-05,2.791824404e-03,1.002990589e+03,2.990589278e+05,36
7.600000018e-01,5.000009987e-02,1.594768398e-05,2.791824404e-03,1.002990589e+03,2.990589278e+05,36
7.700000018e-01,5.000009987e-02,1.594768355e-05,2.791824404e-03,1.002990589e+03,2.990589278e+05,36
7.800000018e-01,5.000009987e-02,1.594768328e-05,2.791824404e-03,1.002990589e+03,2.990589278e+05,36
7.900000018e-01,5.000009987e-02,1.594768286e-05,2.791824404e-03,1.002990589e+03,2.990589278e+05,36
8.000000018e-01,5.000009987e-02,1.594768251e-05,2.791824404e-03,1.002990589e+03,2.990589278e+05,36
8.100000018e-01,5.000009987e-02,1.594768289e-05,2.791824404e-03,1.002990589e+03,2.990589278e+05,36
8.200000018e-01,5.000009987e-02,1.594768381e-05,2.791824404e-03,1.002990589e+03,2.990589278e+05,36
8.300000018e-01,5.000009987e-02,1.594768413e-05,2.791824404e-03,1.002990589e+03,2.990589278e+05,36
8.400000018e-01,5.000009987e-02,1.594768329e-05,2.791824404e-03,1.002990589e+03,2.990589278e+05,36
8.500000018e-01,5.000009987e-02,1.594768242e-05,2.791824404e-03,1.002990589e+03,2.990589278e+05,36
8.600000018e-01,5.000009987e-02,1.594768308e-05,2.791824404e-03,1.002990589e+03,2.990589278e+05,36
8.700000018e-01,5.000009987e-02,1.594768438e-05,2.791824404e-03,1.002990589e+03,2.990589278e+05,36
8.800000018e-01,5.000009987e-02,1.594768456e-05,2.791824404e-03,1.002990589e+03,2.990589278e+05,36
8.900000018e-01,5.000009987e-02,1.594768394e-05,2.791824404e-03,1.002990589e+03,2.990589278e+05,36
9.000000018e-01,5.000009987e-02,1.594768338e-05,2.791824404e-03,1.002990589e+03,2.990589278e+05,36
9.100000018e-01,5.000009987e-02,1.594768286e-05,2.791824404e-03,1.002990589e+03,2.990589278e+05,36
9.200000018e-01,5.000009987e-02,1.594768250e-05,2.791824404e-03,1.002990589e+03,2.990589278e+05,36
9.300000018e-01,5.000009987e-02,1.594768291e-05,2.791824404e-03,1.002990589e+03,2.990589278e+05,36
9.400000018e-01,5.000009987e-02,1.594768388e-05,2.791824404e-03,1.002990589e+03,2.990589278e+05,36
9.500000018e-01,5.000009987e-02,1.594768422e-05,2.791824404e-03,1.002990589e+03,2.990589278e+05,36
9.600000018e-01,5.000009987e-02,1.594768352e-05,2.791824404e-03,1.002990589e+03,2.990589278e+05,36
9.700000018e-01,5.000009987e-02,1.594768322e-05,2.791824404e-03,1.002990589e+03,2.990589278e+05,36
9.800000018e-01,5.000009987e-02,1.594768452e-05,2.791824404e-03,1.002990589e+03,2.990589278e+05,36
9.900000018e-01,5.000009987e-02,1.594768520e-05,2.791824404e-03,1.002990589e+03,2.990589278e+05,36
1.000000002e+00,5.000009987e-02,1.594768377e-05,2.791824404e-03,1.002990589e+03,2.990589278e+05,36
1.010000002e+00,5.000009987e-02,1.594768259e-05,2.791824404e-03,1.002990589e+03,2.990589278e+05,36
1.020000002e+00,5.000009987e-02,1.594768278e-05,2.791824404e-03,1.002990589e+03,2.990589278e+05,36
1.030000002e+00,5.000009987e-02,1.594768321e-05,2.791824404e-03,1.002990589e+03,2.990589278e+05,36
1.040000002e+00,5.000009987e-02,1.594768338e-05,2.791824404e-03,1.002990589e+03,2.990589278e+05,36
1.050000002e+00,5.000009987e-02,1.594768342e-05,2.791824404e-03,1.002990589e+03,2.990589278e+05,36
1.060000002e+00,5.000009987e-02,1.594768338e-05,2.791824404e-03,1.002990589e+03,2.990589278e+05,36
1.070000002e+00,5.000009987e-02,1.594768331e-05,2.791824404e-03,1.002990589e+03,2.990589278e+05,36
1.080000002e+00,5.000009987e-02,1.594768317e-05,2.791824404e-03,1.002990589e+03,2.990589278e+05,36
1.090000002e+00,5.000009987e-02,1.594768263e-05,2.791824403e-03,1.002990589e+03,2.990589278e+05,36
1.100000002e+00,5.000009987e-02,1.594768174e-05,2.791824403e-03,1.002990589e+03,2.990589278e+05,36
1.110000002e+00,5.000009987e-02,1.594768165e-05,2.791824403e-03,1.002990589e+03,2.990589278e+05,36
1.120000002e+00,5.000009987e-02,1.594768300e-05,2.791824403e-03,1.002990589e+03,2.990589278e+05,36
1.130000002e+00,5.000009987e-02,1.594768467e-05,2.791824403e-03,1.002990589e+03,2.990589278e+05,36
1.140000002e+00,5.000009987e-02,1.594768498e-05,2.791824404e-03,1.002990589e+03,2.990589278e+05,36
1.150000002e+00,5.000009987e-02,1.594768386e-05,2.791824405e-03,1.002990589e+03,2.990589278e+05,36
1.160000002e+00,5.000009987e-02,1.594768273e-05,2.791824405e-03,1.002990589e+03,2.990589278e+05,36
1.170000002e+00,5.000009987e-02,1.594768271e-05,2.791824404e-03,1.002990589e+03,2.990589278e+05,36
1.180000002e+00,5.000009987e-02,1.594768399e-05,2.791824404e-03,1.002990589e+03,2.990589278e+05,36
1.190000002e+00,5.000009987e-02,1.594768494e-05,2.791824403e-03,1.002990589e+03,2.990589278e+05,36
1.200000002e+00,5.000009987e-02,1.594768451e-05,2.791824403e-03,1.002990589e+03,2.990589278e+05,36
1.210000002e+00,5.000009987e-02,1.594768380e-05,2.791824404e-03,1.002990589e+03,2.990589278e+05,36
1.220000002e+00,5.000009987e-02,1.594768350e-05,2.791824404e-03,1.002990589e+03,2.990589278e+05,36
1.230000002e+00,5.000009987e-02,1.594768345e-05,2.791824404e-03,1.002990589e+03,2.990589278e+05,36
1.240000002e+00,5.000009987e-02,1.594768343e-05,2.791824404e-03,1.002990589e+03,2.990589278e+05,36
1.250000002e+00,5.000009987e-02,1.594768343e-05,2.791824404e-03,1.002990589e+03,2.990589278e+05,36
1.260000002e+00,5.000009987e-02,1.594768344e-05,2.791824404e-03,1.002990589e+03,2.990589278e+05,36
1.270000002e+00,5.000009987e-02,1.594768346e-05,2.791824404e-03,1.002990589e+03,2.990589278e+05,36
1.280000002e+00,5.000009987e-02,1.594768346e-05,2.791824404e-03,1.002990589e+03,2.990589278e+05,36
1.290000002e+00,5.000009987e-02,1.594768345e-05,2.791824404e-03,1.002990589e+03,2.990589278e+05,36
1.300000002e+00,5.000009987e-02,1.594768341e-05,2.791824404e-03,1.002990589e+03,2.990589278e+05,36
1.310000002e+00,5.000009987e-02,1.594768337e-05,2.791824404e-03,1.002990589e+03,2.990589278e+05,36
1.320000002e+00,5.000009987e-02,1.594768331e-05,2.791824404e-03,1.002990589e+03,2.990589278e+05,36
1.330000002e+00,5.000009987e-02,1.594768320e-05,2.791824404e-03,1.002990589e+03,2.990589278e+05,36
1.340000002e+00,5.000009987e-02,1.594768276e-05,2.791824403e-03,1.002990589e+03,2.990589278e+05,36
1.350000002e+00,5.000009987e-02,1.594768193e-05,2.791824403e-03,1.002990589e+03,2.990589278e+05,36
1.360000002e+00,5.000009987e-02,1.594768157e-05,2.791824403e-03,1.002990589e+03,2.990589278e+05,36
1.370000002e+00,5.000009987e-02,1.594768264e-05,2.791824403e-03,1.002990589e+03,2.990589278e+05,36
1.380000002e+00,5.000009987e-02,1.594768455e-05,2.791824404e-03,1.002990589e+03,2.990589278e+05,36
1.390000002e+00,5.000009987e-02,1.594768515e-05,2.791824404e-03,1.002990589e+03,2.990589278e+05,36
1.400000002e+00,5.000009987e-02,1.594768396e-05,2.791824405e-03,1.002990589e+03,2.990589278e+05,36
1.410000002e+00,5.000009987e-02,1.594768269e-05,2.791824405e-03,1.002990589e+03,2.990589278e+05,36
1.420000002e+00,5.000009987e-02,1.594768269e-05,2.791824404e-03,1.002990589e+03,2.990589278e+05,36
1.430000002e+00,5.000009987e-02,1.594768403e-05,2.791824404e-03,1.002990589e+03,2.990589278e+05,36
1.440000002e+00,5.000009987e-02,1.594768497e-05,2.791824403e-03,1.002990589e+03,2.990589278e+05,36
1.450000002e+00,5.000009987e-02,1.594768452e-05,2.791824404e-03,1.002990589e+03,2.990589278e+05,36
1.460000002e+00,5.000009987e-02,1.594768381e-05,2.791824404e-03,1.002990589e+03,2.990589278e+05,36
1.470000002e+00,5.000009987e-02,1.594768353e-05,2.791824404e-03,1.002990589e+03,2.990589278e+05,36
1.480000002e+00,5.000009987e-02,1.594768348e-05,2.791824404e-03,1.002990589e+03,2.990589278e+05,36
1.490000002e+00,5.000009987e-02,1.594768345e-05,2.791824404e-03,1.002990589e+03,2.990589278e+05,36
1.500000002e+00,5.000009987e-02,1.594768342e-05,2.791824404e-03,1.002990589e+03,2.990589278e+05,36
1.510000002e+00,5.000009987e-02,1.594768342e-05,2.791824404e-03,1.002990589e+03,2.990589278e+05,36
1.520000002e+00,5.000009987e-02,1.594768343e-05,2.791824404e-03,1.002990589e+03,2.990589278e+05,36
1.530000002e+00,5.000009987e-02,1.594768344e-05,2.791824404e-03,1.002990589e+03,2.990589278e+05,36
1.540000002e+00,5.000009987e-02,1.594768344e-05,2.791824404e-03,1.002990589e+03,2.990589278e+05,36
1.550000002e+00,5.000009987e-02,1.594768343e-05,2.791824404e-03,1.002990589e+03,2.990589278e+05,36
1.560000002e+00,5.000009987e-02,1.594768342e-05,2.791824404e-03,1.002990589e+03,2.990589278e+05,36
1.570000002e+00,5.000009987e-02,1.594768342e-05,2.791824404e-03,1.002990589e+03,2.990589278e+05,36
1.580000002e+00,5.000009987e-02,1.594768339e-05,2.791824404e-03,1.002990589e+03,2.990589278e+05,36
1.590000002e+00,5.000009987e-02,1.594768324e-05,2.791824404e-03,1.002990589e+03,2.990589278e+05,36
1.600000002e+00,5.000009987e-02,1.594768288e-05,2.791824404e-03,1.002990589e+03,2.990589278e+05,36
1.610000002e+00,5.000009987e-02,1.594768214e-05,2.791824404e-03,1.002990589e+03,2.990589278e+05,36
1.620000002e+00,5.000009987e-02,1.594768138e-05,2.791824403e-03,1.002990589e+03,2.990589278e+05,36
1.630000002e+00,5.000009987e-02,1.594768206e-05,2.791824403e-03,1.002990589e+03,2.990589278e+05,36
1.640000002e+00,5.000009987e-02,1.594768433e-05,2.791824403e-03,1.002990589e+03,2.990589278e+05,36
1.650000002e+00,5.000009987e-02,1.594768539e-05,2.791824404e-03,1.002990589e+03,2.990589278e+05,36
1.660000002e+00,5.000009987e-02,1.594768416e-05,2.791824405e-03,1.002990589e+03,2.990589278e+05,36
1.670000002e+00,5.000009987e-02,1.594768273e-05,2.791824405e-03,1.002990589e+03,2.990589278e+05,36
1.680000002e+00,5.000009987e-02,1.594768269e-05,2.791824404e-03,1.002990589e+03,2.990589278e+05,36
1.690000002e+00,5.000009987e-02,1.594768401e-05,2.791824404e-03,1.002990589e+03,2.990589278e+05,36
1.700000002e+00,5.000009987e-02,1.594768483e-05,2.791824403e-03,1.002990589e+03,2.990589278e+05,36
1.710000002e+00,5.000009987e-02,1.594768366e-05,2.791824403e-03,1.002990589e+03,2.990589278e+05,36
1.720000002e+00,5.000009987e-02,1.594767850e-05,2.791824403e-03,1.002990589e+03,2.990589278e+05,36
1.730000002e+00,5.000009987e-02,1.594765143e-05,2.791824398e-03,1.002990589e+03,2.990589278e+05,36
1.740000002e+00,5.000009987e-02,1.594749253e-05,2.791824368e-03,1.002990589e+03,2.990589278e+05,36
1.750000002e+00,5.000009987e-02,1.594657078e-05,2.791824189e-03,1.002990589e+03,2.990589280e+05,36
1.760000002e+00,5.000009987e-02,1.594138934e-05,2.791823134e-03,1.002990589e+03,2.990589291e+05,36
1.770000002e+00,5.000009987e-02,1.591320719e-05,2.791817111e-03,1.002990589e+03,2.990589352e+05,36
1.780000002e+00,5.000009987e-02,1.576419011e-05,2.791783527e-03,1.002990590e+03,2.990589682e+05,36
1.790000002e+00,5.000009987e-02,1.500124018e-05,2.791601266e-03,1.002990591e+03,2.990591383e+05,36
1.800000002e+00,5.000009986e-02,1.127218398e-05,2.790648083e-03,1.002990600e+03,2.990599916e+05,36
1.810000002e+00,5.000009982e-02,-6.100959388e-06,2.785840857e-03,1.002990641e+03,2.990641319e+05,36
1.820000001e+00,5.000009960e-02,-8.435075271e-05,2.762212708e-03,1.002990830e+03,2.990829836e+05,36
1.829999997e+00,5.000009851e-02,-4.214267270e-04,2.650337424e-03,1.002991635e+03,2.991634874e+05,36
1.839999983e+00,5.000009340e-02,-1.757212746e-03,2.154875114e-03,1.002994981e+03,2.994980537e+05,36
1.849999927e+00,5.000007057e-02,-6.602175390e-03,9.005072631e-05,1.003008253e+03,3.008252560e+05,36
1.859999714e+00,4.999996974e-02,-2.324682856e-02,-8.235050652e-03,1.003054479e+03,3.054478817e+05,36
1.869998951e+00,4.999954927e-02,-7.591151115e-02,-3.947480203e-02,1.003192959e+03,3.192958845e+05,36
1.879996708e+00,4.999805898e-02,-2.132955140e-01,-1.389280295e-01,1.003583018e+03,3.583017719e+05,36
1.889991792e+00,4.999379742e-02,-4.740970317e-01,-3.885345901e-01,1.004618824e+03,4.618824481e+05,36
1.899983436e+00,4.998337937e-02,-7.943994829e-01,-8.644106474e-01,1.006816045e+03,6.816045356e+05,36
1.909970810e+00,4.996066211e-02,-1.009480634e+00,-1.484112227e+00,1.009807859e+03,9.807858889e+05,36
1.919959706e+00,4.992477008e-02,-1.141429835e+00,-1.798434835e+00,1.011992848e+03,1.199284803e+06,36
1.929958271e+00,4.989938879e-02,-2.120779479e+00,-1.183577108e+00,1.014518545e+03,1.451854492e+06,34
1.939895064e+00,4.992641970e-02,-6.595642307e+00,4.978251014e-01,1.021854313e+03,2.185431339e+06,37
1.949671330e+00,4.999629329e-02,-1.533440197e+01,2.097838605e+00,1.046543897e+03,4.654389663e+06,35
1.959439790e+00,4.986823078e-02,-2.180614492e+01,-1.109553854e+00,1.098013855e+03,9.801385542e+06,39
1.970967913e+00,4.906562600e-02,-1.265439317e+00,-9.681954736e+00,1.019397244e+03,1.939724426e+06,34
1.991009509e+00,4.627241674e-02,1.223076992e+01,-4.037375603e+01,8.630293544e+02,-1.369706456e+07,28
1.295759553e-02,4.129528913e-02,6.335007879e+01,-4.823515915e+01,9.503140444e+02,-4.968595558e+06,29
1.968350509e+00,3.977631949e-02,-9.201268715e+01,-3.351994400e+01,1.098026904e+03,9.802690399e+06,35
3.064773502e-02,5.826001815e-02,9.049012844e+01,-2.272242501e+01,1.096393237e+03,9.639323694e+06,34
1.986934989e+00,5.905634222e-02,-1.176132100e+02,-1.047017112e+01,8.777097813e+02,-1.222902187e+07,33
1.069570204e-02,5.941021699e-02,-1.978113216e+00,-1.105409892e+01,8.375706045e+02,-1.624293955e+07,34
2.963788872e-02,5.928348741e-02,6.087051302e+00,-2.046114092e+01,1.096489075e+03,9.648907463e+06,34
4.073230917e-02,5.961135196e-02,2.750956969e+01,-1.187632134e+01,1.127422997e+03,1.274229969e+07,35
5.033310137e-02,5.979086926e-02,1.656180214e+01,-3.754128891e+00,1.036312661e+03,3.631266081e+06,37
6.020718426e-02,5.977898360e-02,7.683959260e+00,-2.759865319e+00,1.003113114e+03,3.113114025e+05,35
7.022052654e-02,5.974558832e-02,4.152647488e+00,-4.655535349e+00,1.001574128e+03,1.574127813e+05,34
8.017564235e-02,5.979100494e-02,3.388138941e+00,-5.388358191e+00,1.011312973e+03,1.131297269e+06,34
9.010457555e-02,5.989504108e-02,2.967910767e+00,-3.782970646e+00,1.014849213e+03,1.484921310e+06,36
1.000477872e-01,5.996301520e-02,2.017617883e+00,-1.819249829e+00,1.010940827e+03,1.094082708e+06,36
1.100181705e-01,5.998938975e-02,1.019080752e+00,-6.662879188e-01,1.006476341e+03,6.476341101e+05,36
1.200064456e-01,5.999711982e-02,4.192284930e-01,-2.111338222e-01,1.004169953e+03,4.169953227e+05,36
1.300019721e-01,5.999933556e-02,1.429935914e-01,-5.758779021e-02,1.003340802e+03,3.340801759e+05,36
1.400005148e-01,5.999993043e-02,4.144900134e-02,-1.186575701e-02,1.003085089e+03,3.085089251e+05,36
1.500001259e-01,6.000006771e-02,1.102485335e-02,-2.402123626e-04,1.003008021e+03,3.008021151e+05,36
1.600000312e-01,6.000009680e-02,2.815910214e-03,2.444793292e-03,1.002986509e+03,2.986508632e+05,36
1.700000084e-01,6.000010291e-02,6.856710516e-04,3.048542381e-03,1.002981227e+03,2.981226924e+05,36
1.800000032e-01,6.000010417e-02,1.654686505e-04,3.179919638e-03,1.002980008e+03,2.980007973e+05,36
1.900000021e-01,6.000010441e-02,4.794337806e-05,3.206919952e-03,1.002979732e+03,2.979731945e+05,36
2.000000018e-01,6.000010446e-02,2.258670843e-05,3.212258129e-03,1.002979672e+03,2.979672461e+05,36
2.100000018e-01,6.000010447e-02,1.727030899e-05,3.213289747e-03,1.002979660e+03,2.979660405e+05,36
2.200000018e-01,6.000010447e-02,1.620067464e-05,3.213483123e-03,1.002979658e+03,2.979658044e+05,36
2.300000018e-01,6.000010447e-02,1.599473238e-05,3.213518145e-03,1.002979658e+03,2.979657592e+05,36
2.400000018e-01,6.000010447e-02,1.595630254e-05,3.213524325e-03,1.002979658e+03,2.979657509e+05,36
2.500000018e-01,6.000010447e-02,1.594931731e-05,3.213525392e-03,1.002979657e+03,2.979657494e+05,36
2.600000018e-01,6.000010447e-02,1.594808669e-05,3.213525571e-03,1.002979657e+03,2.979657492e+05,36
2.700000018e-01,6.000010447e-02,1.594787651e-05,3.213525601e-03,1.002979657e+03,2.979657491e+05,36
2.800000018e-01,6.000010447e-02,1.594784099e-05,3.213525605e-03,1.002979657e+03,2.979657491e+05,36
2.900000018e-01,6.000010447e-02,1.594783470e-05,3.213525606e-03,1.002979657e+03,2.979657491e+05,36
3.000000018e-01,6.000010447e-02,1.594783351e-05,3.213525606e-03,1.002979657e+03,2.979657491e+05,36
3.100000018e-01,6.000010447e-02,1.594783354e-05,3.213525606e-03,1.002979657e+03,2.979657491e+05,36
3.200000018e-01,6.000010447e-02,1.594783394e-05,3.213525606e-03,1.002979657e+03,2.979657491e+05,36
3.300000018e-01,6.000010447e-02,1.594783432e-05,3.213525606e-03,1.002979657e+03,2.979657491e+05,36
3.400000018e-01,6.000010447e-02,1.594783435e-05,3.213525606e-03,1.002979657e+03,2.979657491e+05,36
3.500000018e-01,6.000010447e-02,1.594783396e-05,3.213525606e-03,1.002979657e+03,2.979657491e+05,36
3.600000018e-01,6.000010447e-02,1.594783347e-05,3.213525606e-03,1.002979657e+03,2.979657491e+05,36
3.700000018e-01,6.000010447e-02,1.594783316e-05,3.213525606e-03,1.002979657e+03,2.979657491e+05,36
3.800000018e-01,6.000010447e-02,1.594783353e-05,3.213525606e-03,1.002979657e+03,2.979657491e+05,36
3.900000018e-01,6.000010447e-02,1.594783432e-05,3.213525606e-03,1.002979657e+03,2.979657491e+05,36
4.000000018e-01,6.000010447e-02,1.594783452e-05,3.213525606e-03,1.002979657e+03,2.979657491e+05,36
4.100000018e-01,6.000010447e-02,1.594783410e-05,3.213525606e-03,1.002979657e+03,2.979657491e+05,36
4.200000018e-01,6.000010447e-02,1.594783360e-05,3.213525606e-03,1.002979657e+03,2.979657491e+05,36
4.300000018e-01,6.000010447e-02,1.594783322e-05,3.213525606e-03,1.002979657e+03,2.979657491e+05,36
4.400000018e-01,6.000010447e-02,1.594783349e-05,3.213525606e-03,1.002979657e+03,2.979657491e+05,36
4.500000018e-01,6.000010447e-02,1.594783428e-05,3.213525606e-03,1.002979657e+03,2.979657491e+05,36
4.600000018e-01,6.000010447e-02,1.594783449e-05,3.213525606e-03,1.002979657e+03,2.979657491e+05,36
4.700000018e-01,6.000010447e-02,1.594783407e-05,3.213525606e-03,1.002979657e+03,2.979657491e+05,36
4.800000018e-01,6.000010447e-02,1.594783352e-05,3.213525606e-03,1.002979657e+03,2.979657491e+05,36
4.900000018e-01,6.000010447e-02,1.594783308e-05,3.213525606e-03,1.002979657e+03,2.979657491e+05,36
5.000000018e-01,6.000010447e-02,1.594783350e-05,3.213525606e-03,1.002979657e+03,2.979657491e+05,36
5.100000018e-01,6.000010447e-02,1.594783448e-05,3.213525606e-03,1.002979657e+03,2.979657491e+05,36
5.200000018e-01,6.000010447e-02,1.594783455e-05,3.213525606e-03,1.002979657e+03,2.979657491e+05,36
5.300000018e-01,6.000010447e-02,1.594783371e-05,3.213525606e-03,1.002979657e+03,2.979657491e+05,36
5.400000018e-01,6.000010447e-02,1.594783320e-05,3.213525606e-03,1.002979657e+03,2.979657491e+05,36
5.500000018e-01,6.000010447e-02,1.594783360e-05,3.213525606e-03,1.002979657e+03,2.979657491e+05,36
5.600000018e-01,6.000010447e-02,1.594783439e-05,3.213525606e-03,1.002979657e+03,2.979657491e+05,36
5.700000018e-01,6.000010447e-02,1.594783457e-05,3.213525606e-03,1.002979657e+03,2.979657491e+05,36
5.800000018e-01,6.000010447e-02,1.594783360e-05,3.213525606e-03,1.002979657e+03,2.979657491e+05,36
5.900000018e-01,6.000010447e-02,1.594783265e-05,3.213525606e-03,1.002979657e+03,2.979657491e+05,36
6.000000018e-01,6.000010447e-02,1.594783342e-05,3.213525606e-03,1.002979657e+03,2.979657491e+05,36
6.100000018e-01,6.000010447e-02,1.594783486e-05,3.213525606e-03,1.002979657e+03,2.979657491e+05,36
6.200000018e-01,6.000010447e-02,1.594783506e-05,3.213525606e-03,1.002979657e+03,2.979657491e+05,36
6.300000018e-01,6.000010447e-02,1.594783443e-05,3.213525606e-03,1.002979657e+03,2.979657491e+05,36
6.400000018e-01,6.000010447e-02,1.594783395e-05,3.213525606e-03,1.002979657e+03,2.979657491e+05,36
6.500000018e-01,6.000010447e-02,1.594783358e-05,3.213525606e-03,1.002979657e+03,2.979657491e+05,36
6.600000018e-01,6.000010447e-02,1.594783314e-05,3.213525606e-03,1.002979657e+03,2.979657491e+05,36
6.700000018e-01,6.000010447e-02,1.594783305e-05,3.213525606e-03,1.002979657e+03,2.979657491e+05,36
6.800000018e-01,6.000010447e-02,1.594783363e-05,3.213525606e-03,1.002979657e+03,2.979657491e+05,36
6.900000018e-01,6.000010447e-02,1.594783437e-05,3.213525606e-03,1.002979657e+03,2.979657491e+05,36
7.000000018e-01,6.000010447e-02,1.594783448e-05,3.213525606e-03,1.002979657e+03,2.979657491e+05,36
7.100000018e-01,6.000010447e-02,1.594783356e-05,3.213525606e-03,1.002979657e+03,2.979657491e+05,36
7.200000018e-01,6.000010447e-02,1.594783266e-05,3.213525606e-03,1.002979657e+03,2.979657491e+05,36
7.300000018e-01,6.000010447e-02,1.594783344e-05,3.213525606e-03,1.002979657e+03,2.979657491e+05,36
7.400000018e-01,6.000010447e-02,1.594783488e-05,3.213525606e-03,1.002979657e+03,2.979657491e+05,36
7.500000018e-01,6.000010447e-02,1.594783508e-05,3.213525606e-03,1.002979657e+03,2.979657491e+05,36
7.600000018e-01,6.000010447e-02,1.594783444e-05,3.213525606e-03,1.002979657e+03,2.979657491e+05,36
7.700000018e-01,6.000010447e-02,1.594783400e-05,3.213525606e-03,1.002979657e+03,2.979657491e+05,36
7.800000018e-01,6.000010447e-02,1.594783376e-05,3.213525606e-03,1.002979657e+03,2.979657491e+05,36
7.900000018e-01,6.000010447e-02,1.594783335e-05,3.213525606e-03,1.002979657e+03,2.979657491e+05,36
8.000000018e-01,6.000010447e-02,1.594783291e-05,3.213525606e-03,1.002979657e+03,2.979657491e+05,36
8.100000018e-01,6.000010447e-02,1.594783320e-05,3.213525606e-03,1.002979657e+03,2.979657491e+05,36
8.200000018e-01,6.000010447e-02,1.594783423e-05,3.213525606e-03,1.002979657e+03,2.979657491e+05,36
8.300000018e-01,6.000010447e-02,1.594783468e-05,3.213525606e-03,1.002979657e+03,2.979657491e+05,36
8.400000018e-01,6.000010447e-02,1.594783371e-05,3.213525606e-03,1.002979657e+03,2.979657491e+05,36
8.500000018e-01,6.000010447e-02,1.594783269e-05,3.213525606e-03,1.002979657e+03,2.979657491e+05,36
8.600000018e-01,6.000010447e-02,1.594783342e-05,3.213525606e-03,1.002979657e+03,2.979657491e+05,36
8.700000018e-01,6.000010447e-02,1.594783485e-05,3.213525606e-03,1.002979657e+03,2.979657491e+05,36
8.800000018e-01,6.000010447e-02,1.594783504e-05,3.213525606e-03,1.002979657e+03,2.979657491e+05,36
8.900000018e-01,6.000010447e-02,1.594783441e-05,3.213525606e-03,1.002979657e+03,2.979657491e+05,36
9.000000018e-01,6.000010447e-02,1.594783386e-05,3.213525606e-03,1.002979657e+03,2.979657491e+05,36
9.100000018e-01,6.000010447e-02,1.594783334e-05,3.213525606e-03,1.002979657e+03,2.979657491e+05,36
9.200000018e-01,6.000010447e-02,1.594783289e-05,3.213525606e-03,1.002979657e+03,2.979657491e+05,36
9.300000018e-01,6.000010447e-02,1.594783322e-05,3.213525606e-03,1.002979657e+03,2.979657491e+05,36
9.400000018e-01,6.000010447e-02,1.594783429e-05,3.213525606e-03,1.002979657e+03,2.979657491e+05,36
9.500000018e-01,6.000010447e-02,1.594783476e-05,3.213525606e-03,1.002979657e+03,2.979657491e+05,36
9.600000018e-01,6.000010447e-02,1.594783397e-05,3.213525606e-03,1.002979657e+03,2.979657491e+05,36
9.700000018e-01,6.000010447e-02,1.594783361e-05,3.213525606e-03,1.002979657e+03,2.979657491e+05,36
9.800000018e-01,6.000010447e-02,1.594783505e-05,3.213525606e-03,1.002979657e+03,2.979657491e+05,36
9.900000018e-01,6.000010447e-02,1.594783575e-05,3.213525606e-03,1.002979657e+03,2.979657491e+05,36
1.000000002e+00,6.000010447e-02,1.594783416e-05,3.213525606e-03,1.002979657e+03,2.979657491e+05,36
1.010000002e+00,6.000010447e-02,1.594783292e-05,3.213525606e-03,1.002979657e+03,2.979657491e+05,36
1.020000002e+00,6.000010447e-02,1.594783312e-05,3.213525606e-03,1.002979657e+03,2.979657491e+05,36
1.030000002e+00,6.000010447e-02,1.594783356e-05,3.213525606e-03,1.002979657e+03,2.979657491e+05,36
1.040000002e+00,6.000010447e-02,1.594783377e-05,3.213525606e-03,1.002979657e+03,2.979657491e+05,36
1.050000002e+00,6.000010447e-02,1.594783383e-05,3.213525606e-03,1.002979657e+03,2.979657491e+05,36
1.060000002e+00,6.000010447e-02,1.594783376e-05,3.213525606e-03,1.002979657e+03,2.979657491e+05,36
1.070000002e+00,6.000010447e-02,1.594783364e-05,3.213525606e-03,1.002979657e+03,2.979657491e+05,36
1.080000002e+00,6.000010447e-02,1.594783349e-05,3.213525606e-03,1.002979657e+03,2.979657491e+05,36
1.090000002e+00,6.000010447e-02,1.594783298e-05,3.213525606e-03,1.002979657e+03,2.979657491e+05,36
1.100000002e+00,6.000010447e-02,1.594783207e-05,3.213525606e-03,1.002979657e+03,2.979657491e+05,36
1.110000002e+00,6.000010447e-02,1.594783190e-05,3.213525606e-03,1.002979657e+03,2.979657491e+05,36
1.120000002e+00,6.000010447e-02,1.594783335e-05,3.213525605e-03,1.002979657e+03,2.979657491e+05,36
1.130000002e+00,6.000010447e-02,1.594783554e-05,3.213525606e-03,1.002979657e+03,2.979657491e+05,36
1.140000002e+00,6.000010447e-02,1.594783628e-05,3.213525606e-03,1.002979657e+03,2.979657491e+05,36
1.150000002e+00,6.000010447e-02,1.594783481e-05,3.213525607e-03,1.002979657e+03,2.979657491e+05,36
1.160000002e+00,6.000010447e-02,1.594783286e-05,3.213525607e-03,1.002979657e+03,2.979657491e+05,36
1.170000002e+00,6.000010447e-02,1.594783247e-05,3.213525607e-03,1.002979657e+03,2.979657491e+05,36
1.180000002e+00,6.000010447e-02,1.594783402e-05,3.213525606e-03,1.002979657e+03,2.979657491e+05,36
1.190000002e+00,6.000010447e-02,1.594783534e-05,3.213525606e-03,1.002979657e+03,2.979657491e+05,36
1.200000002e+00,6.000010447e-02,1.594783504e-05,3.213525606e-03,1.002979657e+03,2.979657491e+05,36
1.210000002e+00,6.000010447e-02,1.594783428e-05,3.213525606e-03,1.002979657e+03,2.979657491e+05,36
1.220000002e+00,6.000010447e-02,1.594783394e-05,3.213525606e-03,1.002979657e+03,2.979657491e+05,36
1.230000002e+00,6.000010447e-02,1.594783387e-05,3.213525606e-03,1.002979657e+03,2.979657491e+05,36
1.240000002e+00,6.000010447e-02,1.594783387e-05,3.213525606e-03,1.002979657e+03,2.979657491e+05,36
1.250000002e+00,6.000010447e-02,1.594783388e-05,3.213525606e-03,1.002979657e+03,2.979657491e+05,36
1.260000002e+00,6.000010447e-02,1.594783389e-05,3.213525606e-03,1.002979657e+03,2.979657491e+05,36
1.270000002e+00,6.000010447e-02,1.594783390e-05,3.213525606e-03,1.002979657e+03,2.979657491e+05,36
1.280000002e+00,6.000010447e-02,1.594783390e-05,3.213525606e-03,1.002979657e+03,2.979657491e+05,36
1.290000002e+00,6.000010447e-02,1.594783388e-05,3.213525606e-03,1.002979657e+03,2.979657491e+05,36
1.300000002e+00,6.000010447e-02,1.594783385e-05,3.213525606e-03,1.002979657e+03,2.979657491e+05,36
1.310000002e+00,6.000010447e-02,1.594783377e-05,3.213525606e-03,1.002979657e+03,2.979657491e+05,36
1.320000002e+00,6.000010447e-02,1.594783365e-05,3.213525606e-03,1.002979657e+03,2.979657491e+05,36
1.330000002e+00,6.000010447e-02,1.594783351e-05,3.213525606e-03,1.002979657e+03,2.979657491e+05,36
1.340000002e+00,6.000010447e-02,1.594783305e-05,3.213525606e-03,1.002979657e+03,2.979657491e+05,36
1.350000002e+00,6.000010447e-02,1.594783218e-05,3.213525606e-03,1.002979657e+03,2.979657491e+05,36
1.360000002e+00,6.000010447e-02,1.594783188e-05,3.213525606e-03,1.002979657e+03,2.979657491e+05,36
1.370000002e+00,6.000010447e-02,1.594783319e-05,3.213525605e-03,1.002979657e+03,2.979657491e+05,36
1.380000002e+00,6.000010447e-02,1.594783548e-05,3.213525606e-03,1.002979657e+03,2.979657491e+05,36
1.390000002e+00,6.000010447e-02,1.594783636e-05,3.213525606e-03,1.002979657e+03,2.979657491e+05,36
1.400000002e+00,6.000010447e-02,1.594783483e-05,3.213525607e-03,1.002979657e+03,2.979657491e+05,36
1.410000002e+00,6.000010447e-02,1.594783280e-05,3.213525607e-03,1.002979657e+03,2.979657491e+05,36
1.420000002e+00,6.000010447e-02,1.594783247e-05,3.213525607e-03,1.002979657e+03,2.979657491e+05,36
1.430000002e+00,6.000010447e-02,1.594783408e-05,3.213525606e-03,1.002979657e+03,2.979657491e+05,36
1.440000002e+00,6.000010447e-02,1.594783539e-05,3.213525606e-03,1.002979657e+03,2.979657491e+05,36
1.450000002e+00,6.000010447e-02,1.594783505e-05,3.213525606e-03,1.002979657e+03,2.979657491e+05,36
1.460000002e+00,6.000010447e-02,1.594783430e-05,3.213525606e-03,1.002979657e+03,2.979657491e+05,36
1.470000002e+00,6.000010447e-02,1.594783399e-05,3.213525606e-03,1.002979657e+03,2.979657491e+05,36
1.480000002e+00,6.000010447e-02,1.594783392e-05,3.213525606e-03,1.002979657e+03,2.979657491e+05,36
1.490000002e+00,6.000010447e-02,1.594783388e-05,3.213525606e-03,1.002979657e+03,2.979657491e+05,36
1.500000002e+00,6.000010447e-02,1.594783385e-05,3.213525606e-03,1.002979657e+03,2.979657491e+05,36
1.510000002e+00,6.000010447e-02,1.594783385e-05,3.213525606e-03,1.002979657e+03,2.979657491e+05,36
1.520000002e+00,6.000010447e-02,1.594783386e-05,3.213525606e-03,1.002979657e+03,2.979657491e+05,36
1.530000002e+00,6.000010447e-02,1.594783387e-05,3.213525606e-03,1.002979657e+03,2.979657491e+05,36
1.540000002e+00,6.000010447e-02,1.594783387e-05,3.213525606e-03,1.002979657e+03,2.979657491e+05,36
1.550000002e+00,6.000010447e-02,1.594783386e-05,3.213525606e-03,1.002979657e+03,2.979657491e+05,36
1.560000002e+00,6.000010447e-02,1.594783386e-05,3.213525606e-03,1.002979657e+03,2.979657491e+05,36
1.570000002e+00,6.000010447e-02,1.594783384e-05,3.213525606e-03,1.002979657e+03,2.979657491e+05,36
1.580000002e+00,6.000010447e-02,1.594783375e-05,3.213525606e-03,1.002979657e+03,2.979657491e+05,36
1.590000002e+00,6.000010447e-02,1.594783353e-05,3.213525606e-03,1.002979657e+03,2.979657491e+05,36
1.600000002e+00,6.000010447e-02,1.594783316e-05,3.213525606e-03,1.002979657e+03,2.979657491e+05,36
1.610000002e+00,6.000010447e-02,1.594783246e-05,3.213525606e-03,1.002979657e+03,2.979657491e+05,36
1.620000002e+00,6.000010447e-02,1.594783160e-05,3.213525605e-03,1.002979657e+03,2.979657491e+05,36
1.630000002e+00,6.000010447e-02,1.594783234e-05,3.213525605e-03,1.002979657e+03,2.979657491e+05,36
1.640000002e+00,6.000010447e-02,1.594783517e-05,3.213525606e-03,1.002979657e+03,2.979657491e+05,36
1.650000002e+00,6.000010447e-02,1.594783672e-05,3.213525606e-03,1.002979657e+03,2.979657491e+05,36
1.660000002e+00,6.000010447e-02,1.594783511e-05,3.213525607e-03,1.002979657e+03,2.979657491e+05,36
1.670000002e+00,6.000010447e-02,1.594783284e-05,3.213525607e-03,1.002979657e+03,2.979657491e+05,36
1.680000002e+00,6.000010447e-02,1.594783247e-05,3.213525607e-03,1.002979657e+03,2.979657491e+05,36
1.690000002e+00,6.000010447e-02,1.594783408e-05,3.213525606e-03,1.002979657e+03,2.979657491e+05,36
1.700000002e+00,6.000010447e-02,1.594783523e-05,3.213525606e-03,1.002979657e+03,2.979657491e+05,36
1.710000002e+00,6.000010447e-02,1.594783392e-05,3.213525606e-03,1.002979657e+03,2.979657491e+05,36
1.720000002e+00,6.000010447e-02,1.594782734e-05,3.213525605e-03,1.002979657e+03,2.979657491e+05,36
1.730000002e+00,6.000010447e-02,1.594779183e-05,3.213525600e-03,1.002979657e+03,2.979657491e+05,36
1.740000002e+00,6.000010447e-02,1.594758134e-05,3.213525571e-03,1.002979657e+03,2.979657492e+05,36
1.750000002e+00,6.000010447e-02,1.594635024e-05,3.213525392e-03,1.002979657e+03,2.979657494e+05,36
1.760000002e+00,6.000010447e-02,1.593936466e-05,3.213524326e-03,1.002979658e+03,2.979657509e+05,36
1.770000002e+00,6.000010447e-02,1.590093486e-05,3.213518146e-03,1.002979658e+03,2.979657592e+05,36
1.780000002e+00,6.000010447e-02,1.569499370e-05,3.213483123e-03,1.002979658e+03,2.979658044e+05,36
1.790000002e+00,6.000010447e-02,1.462535959e-05,3.213289747e-03,1.002979660e+03,2.979660405e+05,36
1.800000002e+00,6.000010446e-02,9.308958527e-06,3.212258129e-03,1.002979672e+03,2.979672461e+05,36
1.810000001e+00,6.000010441e-02,-1.604771115e-05,3.206919952e-03,1.002979732e+03,2.979731945e+05,36
1.820000000e+00,6.000010417e-02,-1.335729822e-04,3.179919638e-03,1.002980008e+03,2.980007973e+05,36
1.829999995e+00,6.000010291e-02,-6.537753834e-04,3.048542381e-03,1.002981227e+03,2.981226924e+05,36
1.839999972e+00,6.000009680e-02,-2.784014546e-03,2.444793292e-03,1.002986509e+03,2.986508632e+05,36
1.849999878e+00,6.000006771e-02,-1.099295768e-02,-2.402123632e-04,1.003008021e+03,3.008021151e+05,36
1.859999489e+00,5.999993043e-02,-4.141710568e-02,-1.186575702e-02,1.003085089e+03,3.085089251e+05,36
1.869998031e+00,5.999933556e-02,-1.429616957e-01,-5.758779021e-02,1.003340802e+03,3.340801759e+05,36
1.879993558e+00,5.999711982e-02,-4.191965973e-01,-2.111338223e-01,1.004169953e+03,4.169953227e+05,36
1.889981833e+00,5.998938975e-02,-1.019048857e+00,-6.662879188e-01,1.006476341e+03,6.476341100e+05,36
1.899952216e+00,5.996301520e-02,-2.017585987e+00,-1.819249829e+00,1.010940827e+03,1.094082708e+06,36
1.909895428e+00,5.989504108e-02,-2.967878870e+00,-3.782970647e+00,1.014849213e+03,1.484921310e+06,36
1.919824361e+00,5.979100494e-02,-3.388107039e+00,-5.388358194e+00,1.011312973e+03,1.131297267e+06,34
1.929779477e+00,5.974558832e-02,-4.152615573e+00,-4.655535362e+00,1.001574128e+03,1.574127765e+05,34
1.939792819e+00,5.977898360e-02,-7.683927318e+00,-2.759865360e+00,1.003113114e+03,3.113113905e+05,35
1.949666902e+00,5.979086926e-02,-1.656177017e+01,-3.754128983e+00,1.036312660e+03,3.631266049e+06,37
1.959267694e+00,5.961135195e-02,-2.750953768e+01,-1.187632150e+01,1.127422996e+03,1.274229961e+07,35
1.970362115e+00,5.928348741e-02,-6.087019369e+00,-2.046114106e+01,1.096489073e+03,9.648907348e+06,34
1.989304302e+00,5.941021698e-02,1.978144928e+00,-1.105409895e+01,8.375706022e+02,-1.624293978e+07,34
1.306501424e-02,5.905634223e-02,1.176132416e+02,-1.047017105e+01,8.777097835e+02,-1.222902165e+07,33
1.969352269e+00,5.826001814e-02,-9.049009653e+01,-2.272242517e+01,1.096393236e+03,9.639323567e+06,34
3.056883222e-02,6.920755834e-02,9.096627071e+01,-2.128100850e+01,1.178153374e+03,1.781533743e+07,34
1.987656724e+00,6.954693911e-02,-1.068842255e+02,-1.446104448e+01,9.333630137e+02,-6.663698633e+06,33
1.059913444e-02,6.933945514e-02,-8.793072562e+00,-1.757806553e+01,8.982712677e+02,-1.017287323e+07,32
2.999966943e-02,6.932749426e-02,1.380232170e+01,-1.995843573e+01,1.174633175e+03,1.746331747e+07,34
4.105229229e-02,6.962862947e-02,3.894275280e+01,-1.157755077e+01,1.155457154e+03,1.554571541e+07,34
5.050491962e-02,6.989255136e-02,2.169217133e+01,-4.051790520e+00,1.022399210e+03,2.239920956e+06,36
6.062026881e-02,6.998939743e-02,1.318397934e+01,-2.714363914e+00,9.702645906e+02,-2.973540936e+06,37
7.084769950e-02,6.986927485e-02,1.380071469e+01,-6.665696167e+00,9.793696902e+02,-2.063030984e+06,37
8.061134235e-02,6.976152750e-02,1.286052316e+01,-9.676611987e+00,1.011520888e+03,1.152088849e+06,37
9.030047819e-02,6.983016237e-02,9.222604118e+00,-7.504873459e+00,1.022958361e+03,2.295836129e+06,37
1.001177591e-01,6.993822817e-02,5.030189082e+00,-3.354752525e+00,1.016283747e+03,1.628374678e+06,37
1.100375285e-01,6.998438839e-02,2.122213661e+00,-1.045152025e+00,1.009119022e+03,9.119022037e+05,36
1.200109548e-01,6.999651929e-02,7.332590800e-01,-2.707845478e-01,1.005044215e+03,5.044214508e+05,36
1.300031221e-01,6.999921541e-02,2.311943137e-01,-6.802237237e-02,1.003560986e+03,3.560985596e+05,36
1.400007878e-01,6.999986129e-02,6.443463451e-02,-1.514338640e-02,1.003134669e+03,3.134668865e+05,36
1.500001834e-01,7.000000712e-02,1.630432841e-02,-2.164326525e-03,1.003018865e+03,3.018865076e+05,36
1.600000430e-01,7.000003706e-02,3.974765796e-03,7.032878963e-04,1.002987950e+03,2.987950095e+05,36
1.700000108e-01,7.000004308e-02,9.370647494e-04,1.316033754e-03,1.002980504e+03,2.980504158e+05,36
1.800000036e-01,7.000004429e-02,2.174520775e-04,1.445057807e-03,1.002978834e+03,2.978834091e+05,36
1.900000022e-01,7.000004452e-02,5.821257631e-05,1.471077969e-03,1.002978466e+03,2.978466214e+05,36
2.000000019e-01,7.000004456e-02,2.456879749e-05,1.476132246e-03,1.002978388e+03,2.978388243e+05,36
2.100000018e-01,7.000004457e-02,1.764334246e-05,1.477092744e-03,1.002978373e+03,2.978372642e+05,36
2.200000018e-01,7.000004457e-02,1.626852830e-05,1.477270466e-03,1.002978370e+03,2.978369628e+05,36
2.300000018e-01,7.000004457e-02,1.600675783e-05,1.477302316e-03,1.002978369e+03,2.978369058e+05,36
2.400000018e-01,7.000004457e-02,1.595841220e-05,1.477307882e-03,1.002978369e+03,2.978368954e+05,36
2.500000018e-01,7.000004457e-02,1.594970293e-05,1.477308834e-03,1.002978369e+03,2.978368935e+05,36
2.600000018e-01,7.000004457e-02,1.594817971e-05,1.477308993e-03,1.002978369e+03,2.978368932e+05,36
2.700000018e-01,7.000004457e-02,1.594792121e-05,1.477309019e-03,1.002978369e+03,2.978368932e+05,36
2.800000018e-01,7.000004457e-02,1.594787783e-05,1.477309023e-03,1.002978369e+03,2.978368932e+05,36
2.900000018e-01,7.000004457e-02,1.594787022e-05,1.477309024e-03,1.002978369e+03,2.978368932e+05,36
3.000000018e-01,7.000004457e-02,1.594786884e-05,1.477309024e-03,1.002978369e+03,2.978368932e+05,36
3.100000018e-01,7.000004457e-02,1.594786884e-05,1.477309024e-03,1.002978369e+03,2.978368932e+05,36
3.200000018e-01,7.000004457e-02,1.594786921e-05,1.477309024e-03,1.002978369e+03,2.978368932e+05,36
3.300000018e-01,7.000004457e-02,1.594786964e-05,1.477309024e-03,1.002978369e+03,2.978368932e+05,36
3.400000018e-01,7.000004457e-02,1.594786978e-05,1.477309024e-03,1.002978369e+03,2.978368932e+05,36
3.500000018e-01,7.000004457e-02,1.594786941e-05,1.477309024e-03,1.002978369e+03,2.978368932e+05,36
3.600000018e-01,7.000004457e-02,1.594786884e-05,1.477309024e-03,1.002978369e+03,2.978368932e+05,36
3.700000018e-01,7.000004457e-02,1.594786845e-05,1.477309024e-03,1.002978369e+03,2.978368932e+05,36
3.800000018e-01,7.000004457e-02,1.594786885e-05,1.477309024e-03,1.002978369e+03,2.978368932e+05,36
3.900000018e-01,7.000004457e-02,1.594786972e-05,1.477309024e-03,1.002978369e+03,2.978368932e+05,36
4.000000018e-01,7.000004457e-02,1.594786996e-05,1.477309024e-03,1.002978369e+03,2.978368932e+05,36
4.100000018e-01,7.000004457e-02,1.594786951e-05,1.477309024e-03,1.002978369e+03,2.978368932e+05,36
4.200000018e-01,7.000004457e-02,1.594786891e-05,1.477309024e-03,1.002978369e+03,2.978368932e+05,36
4.300000018e-01,7.000004457e-02,1.594786848e-05,1.477309024e-03,1.002978369e+03,2.978368932e+05,36
4.400000018e-01,7.000004457e-02,1.594786882e-05,1.477309024e-03,1.002978369e+03,2.978368932e+05,36
4.500000018e-01,7.000004457e-02,1.594786967e-05,1.477309024e-03,1.002978369e+03,2.978368932e+05,36
4.600000018e-01,7.000004457e-02,1.594786987e-05,1.477309024e-03,1.002978369e+03,2.978368932e+05,36
4.700000018e-01,7.000004457e-02,1.594786935e-05,1.477309024e-03,1.002978369e+03,2.978368932e+05,36
4.800000018e-01,7.000004457e-02,1.594786868e-05,1.477309024e-03,1.002978369e+03,2.978368932e+05,36
4.900000018e-01,7.000004457e-02,1.594786833e-05,1.477309023e-03,1.002978369e+03,2.978368932e+05,36
5.000000018e-01,7.000004457e-02,1.594786896e-05,1.477309023e-03,1.002978369e+03,2.978368932e+05,36
5.100000018e-01,7.000004457e-02,1.594786996e-05,1.477309024e-03,1.002978369e+03,2.978368932e+05,36
5.200000018e-01,7.000004457e-02,1.594786991e-05,1.477309024e-03,1.002978369e+03,2.978368932e+05,36
5.300000018e-01,7.000004457e-02,1.594786904e-05,1.477309024e-03,1.002978369e+03,2.978368932e+05,36
5.400000018e-01,7.000004457e-02,1.594786868e-05,1.477309024e-03,1.002978369e+03,2.978368932e+05,36
5.500000018e-01,7.000004457e-02,1.594786918e-05,1.477309024e-03,1.002978369e+03,2.978368932e+05,36
5.600000018e-01,7.000004457e-02,1.594786983e-05,1.477309024e-03,1.002978369e+03,2.978368932e+05,36
5.700000018e-01,7.000004457e-02,1.594786986e-05,1.477309024e-03,1.002978369e+03,2.978368932e+05,36
5.800000018e-01,7.000004457e-02,1.594786889e-05,1.477309024e-03,1.002978369e+03,2.978368932e+05,36
5.900000018e-01,7.000004457e-02,1.594786797e-05,1.477309024e-03,1.002978369e+03,2.978368932e+05,36
6.000000018e-01,7.000004457e-02,1.594786877e-05,1.477309024e-03,1.002978369e+03,2.978368932e+05,36
6.100000018e-01,7.000004457e-02,1.594787020e-05,1.477309024e-03,1.002978369e+03,2.978368932e+05,36
6.200000018e-01,7.000004457e-02,1.594787038e-05,1.477309024e-03,1.002978369e+03,2.978368932e+05,36
6.300000018e-01,7.000004457e-02,1.594786977e-05,1.477309024e-03,1.002978369e+03,2.978368932e+05,36
6.400000018e-01,7.000004457e-02,1.594786935e-05,1.477309024e-03,1.002978369e+03,2.978368932e+05,36
6.500000018e-01,7.000004457e-02,1.594786899e-05,1.477309024e-03,1.002978369e+03,2.978368932e+05,36
6.600000018e-01,7.000004457e-02,1.594786854e-05,1.477309024e-03,1.002978369e+03,2.978368932e+05,36
6.700000018e-01,7.000004457e-02,1.594786841e-05,1.477309024e-03,1.002978369e+03,2.978368932e+05,36
6.800000018e-01,7.000004457e-02,1.594786897e-05,1.477309024e-03,1.002978369e+03,2.978368932e+05,36
6.900000018e-01,7.000004457e-02,1.594786973e-05,1.477309024e-03,1.002978369e+03,2.978368932e+05,36
7.000000018e-01,7.000004457e-02,1.594786985e-05,1.477309024e-03,1.002978369e+03,2.978368932e+05,36
7.100000018e-01,7.000004457e-02,1.594786891e-05,1.477309024e-03,1.002978369e+03,2.978368932e+05,36
7.200000018e-01,7.000004457e-02,1.594786800e-05,1.477309024e-03,1.002978369e+03,2.978368932e+05,36
7.300000018e-01,7.000004457e-02,1.594786878e-05,1.477309024e-03,1.002978369e+03,2.978368932e+05,36
7.400000018e-01,7.000004457e-02,1.594787022e-05,1.477309024e-03,1.002978369e+03,2.978368932e+05,36
7.500000018e-01,7.000004457e-02,1.594787039e-05,1.477309024e-03,1.002978369e+03,2.978368932e+05,36
7.600000018e-01,7.000004457e-02,1.594786977e-05,1.477309024e-03,1.002978369e+03,2.978368932e+05,36
7.700000018e-01,7.000004457e-02,1.594786939e-05,1.477309024e-03,1.002978369e+03,2.978368932e+05,36
7.800000018e-01,7.000004457e-02,1.594786917e-05,1.477309024e-03,1.002978369e+03,2.978368932e+05,36
7.900000018e-01,7.000004457e-02,1.594786874e-05,1.477309024e-03,1.002978369e+03,2.978368932e+05,36
8.000000018e-01,7.000004457e-02,1.594786828e-05,1.477309024e-03,1.002978369e+03,2.978368932e+05,36
8.100000018e-01,7.000004457e-02,1.594786854e-05,1.477309024e-03,1.002978369e+03,2.978368932e+05,36
8.200000018e-01,7.000004457e-02,1.594786959e-05,1.477309024e-03,1.002978369e+03,2.978368932e+05,36
8.300000018e-01,7.000004457e-02,1.594787006e-05,1.477309024e-03,1.002978369e+03,2.978368932e+05,36
8.400000018e-01,7.000004457e-02,1.594786907e-05,1.477309024e-03,1.002978369e+03,2.978368932e+05,36
8.500000018e-01,7.000004457e-02,1.594786804e-05,1.477309024e-03,1.002978369e+03,2.978368932e+05,36
8.600000018e-01,7.000004457e-02,1.594786878e-05,1.477309024e-03,1.002978369e+03,2.978368932e+05,36
8.700000018e-01,7.000004457e-02,1.594787018e-05,1.477309024e-03,1.002978369e+03,2.978368932e+05,36
8.800000018e-01,7.000004457e-02,1.594787036e-05,1.477309024e-03,1.002978369e+03,2.978368932e+05,36
8.900000018e-01,7.000004457e-02,1.594786976e-05,1.477309024e-03,1.002978369e+03,2.978368932e+05,36
9.000000018e-01,7.000004457e-02,1.594786926e-05,1.477309024e-03,1.002978369e+03,2.978368932e+05,36
9.100000018e-01,7.000004457e-02,1.594786875e-05,1.477309024e-03,1.002978369e+03,2.978368932e+05,36
9.200000018e-01,7.000004457e-02,1.594786827e-05,1.477309024e-03,1.002978369e+03,2.978368932e+05,36
9.300000018e-01,7.000004457e-02,1.594786856e-05,1.477309024e-03,1.002978369e+03,2.978368932e+05,36
9.400000018e-01,7.000004457e-02,1.594786964e-05,1.477309024e-03,1.002978369e+03,2.978368932e+05,36
9.500000018e-01,7.000004457e-02,1.594787013e-05,1.477309024e-03,1.002978369e+03,2.978368932e+05,36
9.600000018e-01,7.000004457e-02,1.594786934e-05,1.477309024e-03,1.002978369e+03,2.978368932e+05,36
9.700000018e-01,7.000004457e-02,1.594786903e-05,1.477309024e-03,1.002978369e+03,2.978368932e+05,36
9.800000018e-01,7.000004457e-02,1.594787056e-05,1.477309024e-03,1.002978369e+03,2.978368932e+05,36
9.900000018e-01,7.000004457e-02,1.594787119e-05,1.477309024e-03,1.002978369e+03,2.978368932e+05,36
1.000000002e+00,7.000004457e-02,1.594786942e-05,1.477309024e-03,1.002978369e+03,2.978368932e+05,36
1.010000002e+00,7.000004457e-02,1.594786813e-05,1.477309024e-03,1.002978369e+03,2.978368932e+05,36
1.020000002e+00,7.000004457e-02,1.594786841e-05,1.477309024e-03,1.002978369e+03,2.978368932e+05,36
1.030000002e+00,7.000004457e-02,1.594786889e-05,1.477309024e-03,1.002978369e+03,2.978368932e+05,36
1.040000002e+00,7.000004457e-02,1.594786911e-05,1.477309024e-03,1.002978369e+03,2.978368932e+05,36
1.050000002e+00,7.000004457e-02,1.594786918e-05,1.477309024e-03,1.002978369e+03,2.978368932e+05,36
1.060000002e+00,7.000004457e-02,1.594786911e-05,1.477309024e-03,1.002978369e+03,2.978368932e+05,36
1.070000002e+00,7.000004457e-02,1.594786895e-05,1.477309024e-03,1.002978369e+03,2.978368932e+05,36
1.080000002e+00,7.000004457e-02,1.594786875e-05,1.477309024e-03,1.002978369e+03,2.978368932e+05,36
1.090000002e+00,7.000004457e-02,1.594786824e-05,1.477309024e-03,1.002978369e+03,2.978368932e+05,36
1.100000002e+00,7.000004457e-02,1.594786735e-05,1.477309023e-03,1.002978369e+03,2.978368932e+05,36
1.110000002e+00,7.000004457e-02,1.594786711e-05,1.477309023e-03,1.002978369e+03,2.978368932e+05,36
1.120000002e+00,7.000004457e-02,1.594786859e-05,1.477309023e-03,1.002978369e+03,2.978368932e+05,36
1.130000002e+00,7.000004457e-02,1.594787116e-05,1.477309023e-03,1.002978369e+03,2.978368932e+05,36
1.140000002e+00,7.000004457e-02,1.594787225e-05,1.477309024e-03,1.002978369e+03,2.978368932e+05,36
1.150000002e+00,7.000004457e-02,1.594787063e-05,1.477309024e-03,1.002978369e+03,2.978368932e+05,36
1.160000002e+00,7.000004457e-02,1.594786824e-05,1.477309024e-03,1.002978369e+03,2.978368932e+05,36
1.170000002e+00,7.000004457e-02,1.594786758e-05,1.477309024e-03,1.002978369e+03,2.978368932e+05,36
1.180000002e+00,7.000004457e-02,1.594786914e-05,1.477309024e-03,1.002978369e+03,2.978368932e+05,36
1.190000002e+00,7.000004457e-02,1.594787056e-05,1.477309024e-03,1.002978369e+03,2.978368932e+05,36
1.200000002e+00,7.000004457e-02,1.594787032e-05,1.477309024e-03,1.002978369e+03,2.978368932e+05,36
1.210000002e+00,7.000004457e-02,1.594786961e-05,1.477309024e-03,1.002978369e+03,2.978368932e+05,36
1.220000002e+00,7.000004457e-02,1.594786929e-05,1.477309024e-03,1.002978369e+03,2.978368932e+05,36
1.230000002e+00,7.000004457e-02,1.594786923e-05,1.477309024e-03,1.002978369e+03,2.978368932e+05,36
1.240000002e+00,7.000004457e-02,1.594786923e-05,1.477309024e-03,1.002978369e+03,2.978368932e+05,36
1.250000002e+00,7.000004457e-02,1.594786924e-05,1.477309024e-03,1.002978369e+03,2.978368932e+05,36
1.260000002e+00,7.000004457e-02,1.594786925e-05,1.477309024e-03,1.002978369e+03,2.978368932e+05,36
1.270000002e+00,7.000004457e-02,1.594786926e-05,1.477309024e-03,1.002978369e+03,2.978368932e+05,36
1.280000002e+00,7.000004457e-02,1.594786926e-05,1.477309024e-03,1.002978369e+03,2.978368932e+05,36
1.290000002e+00,7.000004457e-02,1.594786925e-05,1.477309024e-03,1.002978369e+03,2.978368932e+05,36
1.300000002e+00,7.000004457e-02,1.594786922e-05,1.477309024e-03,1.002978369e+03,2.978368932e+05,36
1.310000002e+00,7.000004457e-02,1.594786911e-05,1.477309024e-03,1.002978369e+03,2.978368932e+05,36
1.320000002e+00,7.000004457e-02,1.594786895e-05,1.477309024e-03,1.002978369e+03,2.978368932e+05,36
1.330000002e+00,7.000004457e-02,1.594786876e-05,1.477309024e-03,1.002978369e+03,2.978368932e+05,36
1.340000002e+00,7.000004457e-02,1.594786828e-05,1.477309024e-03,1.002978369e+03,2.978368932e+05,36
1.350000002e+00,7.000004457e-02,1.594786740e-05,1.477309023e-03,1.002978369e+03,2.978368932e+05,36
1.360000002e+00,7.000004457e-02,1.594786712e-05,1.477309023e-03,1.002978369e+03,2.978368932e+05,36
1.370000002e+00,7.000004457e-02,1.594786855e-05,1.477309023e-03,1.002978369e+03,2.978368932e+05,36
1.380000002e+00,7.000004457e-02,1.594787114e-05,1.477309023e-03,1.002978369e+03,2.978368932e+05,36
1.390000002e+00,7.000004457e-02,1.594787226e-05,1.477309024e-03,1.002978369e+03,2.978368932e+05,36
1.400000002e+00,7.000004457e-02,1.594787060e-05,1.477309024e-03,1.002978369e+03,2.978368932e+05,36
1.410000002e+00,7.000004457e-02,1.594786819e-05,1.477309024e-03,1.002978369e+03,2.978368932e+05,36
1.420000002e+00,7.000004457e-02,1.594786758e-05,1.477309024e-03,1.002978369e+03,2.978368932e+05,36
1.430000002e+00,7.000004457e-02,1.594786919e-05,1.477309024e-03,1.002978369e+03,2.978368932e+05,36
1.440000002e+00,7.000004457e-02,1.594787061e-05,1.477309024e-03,1.002978369e+03,2.978368932e+05,36
1.450000002e+00,7.000004457e-02,1.594787035e-05,1.477309024e-03,1.002978369e+03,2.978368932e+05,36
1.460000002e+00,7.000004457e-02,1.594786964e-05,1.477309024e-03,1.002978369e+03,2.978368932e+05,36
1.470000002e+00,7.000004457e-02,1.594786933e-05,1.477309024e-03,1.002978369e+03,2.978368932e+05,36
1.480000002e+00,7.000004457e-02,1.594786927e-05,1.477309024e-03,1.002978369e+03,2.978368932e+05,36
1.490000002e+00,7.000004457e-02,1.594786925e-05,1.477309024e-03,1.002978369e+03,2.978368932e+05,36
1.500000002e+00,7.000004457e-02,1.594786923e-05,1.477309024e-03,1.002978369e+03,2.978368932e+05,36
1.510000002e+00,7.000004457e-02,1.594786923e-05,1.477309024e-03,1.002978369e+03,2.978368932e+05,36
1.520000002e+00,7.000004457e-02,1.594786923e-05,1.477309024e-03,1.002978369e+03,2.978368932e+05,36
1.530000002e+00,7.000004457e-02,1.594786923e-05,1.477309024e-03,1.002978369e+03,2.978368932e+05,36
1.540000002e+00,7.000004457e-02,1.594786923e-05,1.477309024e-03,1.002978369e+03,2.978368932e+05,36
1.550000002e+00,7.000004457e-02,1.594786923e-05,1.477309024e-03,1.002978369e+03,2.978368932e+05,36
1.560000002e+00,7.000004457e-02,1.594786922e-05,1.477309024e-03,1.002978369e+03,2.978368932e+05,36
1.570000002e+00,7.000004457e-02,1.594786919e-05,1.477309024e-03,1.002978369e+03,2.978368932e+05,36
1.580000002e+00,7.000004457e-02,1.594786905e-05,1.477309024e-03,1.002978369e+03,2.978368932e+05,36
1.590000002e+00,7.000004457e-02,1.594786873e-05,1.477309024e-03,1.002978369e+03,2.978368932e+05,36
1.600000002e+00,7.000004457e-02,1.594786828e-05,1.477309023e-03,1.002978369e+03,2.978368932e+05,36
1.610000002e+00,7.000004457e-02,1.594786761e-05,1.477309023e-03,1.002978369e+03,2.978368932e+05,36
1.620000002e+00,7.000004457e-02,1.594786692e-05,1.477309023e-03,1.002978369e+03,2.978368932e+05,36
1.630000002e+00,7.000004457e-02,1.594786783e-05,1.477309023e-03,1.002978369e+03,2.978368932e+05,36
1.640000002e+00,7.000004457e-02,1.594787089e-05,1.477309023e-03,1.002978369e+03,2.978368932e+05,36
1.650000002e+00,7.000004457e-02,1.594787260e-05,1.477309024e-03,1.002978369e+03,2.978368932e+05,36
1.660000002e+00,7.000004457e-02,1.594787083e-05,1.477309024e-03,1.002978369e+03,2.978368932e+05,36
1.670000002e+00,7.000004457e-02,1.594786818e-05,1.477309024e-03,1.002978369e+03,2.978368932e+05,36
1.680000002e+00,7.000004457e-02,1.594786757e-05,1.477309024e-03,1.002978369e+03,2.978368932e+05,36
1.690000002e+00,7.000004457e-02,1.594786923e-05,1.477309024e-03,1.002978369e+03,2.978368932e+05,36
1.700000002e+00,7.000004457e-02,1.594787043e-05,1.477309024e-03,1.002978369e+03,2.978368932e+05,36
1.710000002e+00,7.000004457e-02,1.594786895e-05,1.477309024e-03,1.002978369e+03,2.978368932e+05,36
1.720000002e+00,7.000004457e-02,1.594786116e-05,1.477309023e-03,1.002978369e+03,2.978368932e+05,36
1.730000002e+00,7.000004457e-02,1.594781788e-05,1.477309019e-03,1.002978369e+03,2.978368932e+05,36
1.740000002e+00,7.000004457e-02,1.594755912e-05,1.477308993e-03,1.002978369e+03,2.978368932e+05,36
1.750000002e+00,7.000004457e-02,1.594603554e-05,1.477308834e-03,1.002978369e+03,2.978368935e+05,36
1.760000002e+00,7.000004457e-02,1.593732599e-05,1.477307882e-03,1.002978369e+03,2.978368954e+05,36
1.770000002e+00,7.000004457e-02,1.588897996e-05,1.477302316e-03,1.002978369e+03,2.978369058e+05,36
1.780000002e+00,7.000004457e-02,1.562721020e-05,1.477270466e-03,1.002978370e+03,2.978369628e+05,36
1.790000002e+00,7.000004457e-02,1.425239675e-05,1.477092744e-03,1.002978373e+03,2.978372642e+05,36
1.800000002e+00,7.000004456e-02,7.326940645e-06,1.476132246e-03,1.002978388e+03,2.978388243e+05,36
1.810000001e+00,7.000004452e-02,-2.631683837e-05,1.471077969e-03,1.002978466e+03,2.978466214e+05,36
1.820000000e+00,7.000004429e-02,-1.855563386e-04,1.445057807e-03,1.002978834e+03,2.978834091e+05,36
1.829999993e+00,7.000004308e-02,-9.051690107e-04,1.316033754e-03,1.002980504e+03,2.980504158e+05,36
1.839999961e+00,7.000003706e-02,-3.942870057e-03,7.032878961e-04,1.002987950e+03,2.987950095e+05,36
1.849999820e+00,7.000000712e-02,-1.627243267e-02,-2.164326525e-03,1.003018865e+03,3.018865076e+05,36
1.859999216e+00,6.999986129e-02,-6.440273877e-02,-1.514338640e-02,1.003134669e+03,3.134668865e+05,36
1.869996881e+00,6.999921541e-02,-2.311624180e-01,-6.802237237e-02,1.003560986e+03,3.560985596e+05,36
1.879989049e+00,6.999651929e-02,-7.332271843e-01,-2.707845478e-01,1.005044215e+03,5.044214508e+05,36
1.889962475e+00,6.998438839e-02,-2.122181765e+00,-1.045152025e+00,1.009119022e+03,9.119022037e+05,36
1.899882244e+00,6.993822817e-02,-5.030157186e+00,-3.354752525e+00,1.016283747e+03,1.628374678e+06,37
1.909699525e+00,6.983016237e-02,-9.222572222e+00,-7.504873460e+00,1.022958361e+03,2.295836128e+06,37
1.919388661e+00,6.976152750e-02,-1.286049127e+01,-9.676611988e+00,1.011520888e+03,1.152088849e+06,37
1.929152304e+00,6.986927485e-02,-1.380068279e+01,-6.665696173e+00,9.793696901e+02,-2.063030987e+06,37
1.939379735e+00,6.998939743e-02,-1.318394743e+01,-2.714363933e+00,9.702645906e+02,-2.973540941e+06,37
1.949495084e+00,6.989255136e-02,-2.169213941e+01,-4.051790565e+00,1.022399209e+03,2.239920945e+06,36
1.958947711e+00,6.962862947e-02,-3.894272087e+01,-1.157755085e+01,1.155457154e+03,1.554571539e+07,34
1.970000334e+00,6.932749426e-02,-1.380228975e+01,-1.995843586e+01,1.174633174e+03,1.746331745e+07,34
1.989400869e+00,6.933945513e-02,8.793104368e+00,-1.757806562e+01,8.982712670e+02,-1.017287330e+07,32
1.234327947e-02,6.954693911e-02,1.068842573e+02,-1.446104438e+01,9.333630142e+02,-6.663698578e+06,33
1.969431171e+00,6.920755834e-02,-9.096623875e+01,-2.128100863e+01,1.178153374e+03,1.781533741e+07,34
3.074535834e-02,7.964254225e-02,9.541778503e+01,-1.037705812e+01,1.191855496e+03,1.918554958e+07,36
1.988065047e+00,7.961924984e-02,-9.873461767e+01,-1.122601723e+01,9.446847991e+02,-5.531520092e+06,33
1.044453944e-02,7.956965660e-02,-1.438042673e+01,-1.199685936e+01,9.170118778e+02,-8.298812222e+06,32
3.020437320e-02,7.969655361e-02,1.854121351e+01,-9.582654302e+00,1.188135807e+03,1.881358067e+07,35
4.121596422e-02,7.987648079e-02,4.414433959e+01,-6.145071476e+00,1.167130696e+03,1.671306956e+07,36
5.056027792e-02,8.026071010e-02,2.279909669e+01,1.799296343e-01,1.026906153e+03,2.690615259e+06,37
6.083060846e-02,8.068874939e-02,1.506684763e+01,6.017300343e+00,9.729143317e+02,-2.708566832e+06,36
7.142043645e-02,8.056113851e-02,2.532723368e+01,2.881330709e+00,1.016378512e+03,1.637851220e+06,36
8.121290613e-02,8.010697268e-02,3.148778926e+01,-5.299411677e+00,1.081320096e+03,8.132009573e+06,35
9.060334701e-02,7.991707424e-02,2.249821863e+01,-7.045314556e+00,1.070349701e+03,7.034970102e+06,37
1.002170921e-01,7.994515984e-02,1.056784124e+01,-3.873903662e+00,1.030260150e+03,3.026014961e+06,38
1.100633180e-01,7.998492827e-02,3.808935927e+00,-1.187150015e+00,1.012046861e+03,1.204686113e+06,37
1.200162074e-01,7.999690385e-02,1.141244939e+00,-2.693203111e-01,1.006002946e+03,6.002945832e+05,36
1.300042317e-01,7.999935035e-02,3.236099467e-01,-6.001461162e-02,1.003799960e+03,3.799960008e+05,36
1.400010414e-01,7.999986745e-02,8.722148112e-02,-1.352592977e-02,1.003184737e+03,3.184736965e+05,36
1.500002362e-01,7.999998305e-02,2.138082785e-02,-2.482691026e-03,1.003028914e+03,3.028914492e+05,36
1.600000535e-01,8.000000667e-02,5.044264924e-03,-9.958627864e-05,1.002989175e+03,2.989174521e+05,36
1.700000129e-01,8.000001135e-02,1.161452365e-03,3.946865076e-04,1.002979756e+03,2.979756059e+05,36
1.800000041e-01,8.000001227e-02,2.630512576e-04,4.963972689e-04,1.002977681e+03,2.977680709e+05,36
1.900000022e-01,8.000001245e-02,6.710285478e-05,5.166749730e-04,1.002977232e+03,2.977232200e+05,36
2.000000019e-01,8.000001248e-02,2.626200807e-05,5.205786018e-04,1.002977138e+03,2.977138301e+05,36
2.100000018e-01,8.000001248e-02,1.795857620e-05,5.213138261e-04,1.002977120e+03,2.977119680e+05,36
2.200000018e-01,8.000001249e-02,1.632537781e-05,5.214489055e-04,1.002977116e+03,2.977116114e+05,36
2.300000018e-01,8.000001249e-02,1.601673966e-05,5.214729846e-04,1.002977115e+03,2.977115445e+05,36
2.400000018e-01,8.000001249e-02,1.596013050e-05,5.214771727e-04,1.002977115e+03,2.977115323e+05,36
2.500000018e-01,8.000001249e-02,1.594999455e-05,5.214778856e-04,1.002977115e+03,2.977115302e+05,36
2.600000018e-01,8.000001249e-02,1.594823073e-05,5.214780040e-04,1.002977115e+03,2.977115298e+05,36
2.700000018e-01,8.000001249e-02,1.594793270e-05,5.214780233e-04,1.002977115e+03,2.977115298e+05,36
2.800000018e-01,8.000001249e-02,1.594788290e-05,5.214780264e-04,1.002977115e+03,2.977115298e+05,36
2.900000018e-01,8.000001249e-02,1.594787421e-05,5.214780268e-04,1.002977115e+03,2.977115298e+05,36
3.000000018e-01,8.000001249e-02,1.594787268e-05,5.214780268e-04,1.002977115e+03,2.977115298e+05,36
3.100000018e-01,8.000001249e-02,1.594787270e-05,5.214780267e-04,1.002977115e+03,2.977115298e+05,36
3.200000018e-01,8.000001249e-02,1.594787308e-05,5.214780267e-04,1.002977115e+03,2.977115298e+05,36
3.300000018e-01,8.000001249e-02,1.594787354e-05,5.214780268e-04,1.002977115e+03,2.977115298e+05,36
3.400000018e-01,8.000001249e-02,1.594787374e-05,5.214780268e-04,1.002977115e+03,2.977115298e+05,36
3.500000018e-01,8.000001249e-02,1.594787341e-05,5.214780269e-04,1.002977115e+03,2.977115298e+05,36
3.600000018e-01,8.000001249e-02,1.594787276e-05,5.214780269e-04,1.002977115e+03,2.977115298e+05,36
3.700000018e-01,8.000001249e-02,1.594787228e-05,5.214780269e-04,1.002977115e+03,2.977115298e+05,36
3.800000018e-01,8.000001249e-02,1.594787270e-05,5.214780268e-04,1.002977115e+03,2.977115298e+05,36
3.900000018e-01,8.000001249e-02,1.594787365e-05,5.214780268e-04,1.002977115e+03,2.977115298e+05,36
4.000000018e-01,8.000001249e-02,1.594787394e-05,5.214780269e-04,1.002977115e+03,2.977115298e+05,36
4.100000018e-01,8.000001249e-02,1.594787348e-05,5.214780270e-04,1.002977115e+03,2.977115298e+05,36
4.200000018e-01,8.000001249e-02,1.594787277e-05,5.214780270e-04,1.002977115e+03,2.977115298e+05,36
4.300000018e-01,8.000001249e-02,1.594787226e-05,5.214780269e-04,1.002977115e+03,2.977115298e+05,36
4.400000018e-01,8.000001249e-02,1.594787266e-05,5.214780268e-04,1.002977115e+03,2.977115298e+05,36
4.500000018e-01,8.000001249e-02,1.594787361e-05,5.214780268e-04,1.002977115e+03,2.977115298e+05,36
4.600000018e-01,8.000001249e-02,1.594787382e-05,5.214780269e-04,1.002977115e+03,2.977115298e+05,36
4.700000018e-01,8.000001249e-02,1.594787323e-05,5.214780269e-04,1.002977115e+03,2.977115298e+05,36
4.800000018e-01,8.000001249e-02,1.594787250e-05,5.214780269e-04,1.002977115e+03,2.977115298e+05,36
4.900000018e-01,8.000001249e-02,1.594787220e-05,5.214780269e-04,1.002977115e+03,2.977115298e+05,36
5.000000018e-01,8.000001249e-02,1.594787292e-05,5.214780269e-04,1.002977115e+03,2.977115298e+05,36
5.100000018e-01,8.000001249e-02,1.594787389e-05,5.214780269e-04,1.002977115e+03,2.977115298e+05,36
5.200000018e-01,8.000001249e-02,1.594787376e-05,5.214780269e-04,1.002977115e+03,2.977115298e+05,36
5.300000018e-01,8.000001249e-02,1.594787294e-05,5.214780269e-04,1.002977115e+03,2.977115298e+05,36
5.400000018e-01,8.000001249e-02,1.594787267e-05,5.214780270e-04,1.002977115e+03,2.977115298e+05,36
5.500000018e-01,8.000001249e-02,1.594787318e-05,5.214780270e-04,1.002977115e+03,2.977115298e+05,36
5.600000018e-01,8.000001249e-02,1.594787370e-05,5.214780269e-04,1.002977115e+03,2.977115298e+05,36
5.700000018e-01,8.000001249e-02,1.594787367e-05,5.214780269e-04,1.002977115e+03,2.977115298e+05,36
5.800000018e-01,8.000001249e-02,1.594787277e-05,5.214780268e-04,1.002977115e+03,2.977115298e+05,36
5.900000018e-01,8.000001249e-02,1.594787193e-05,5.214780269e-04,1.002977115e+03,2.977115298e+05,36
6.000000018e-01,8.000001249e-02,1.594787271e-05,5.214780270e-04,1.002977115e+03,2.977115298e+05,36
6.100000018e-01,8.000001249e-02,1.594787406e-05,5.214780270e-04,1.002977115e+03,2.977115298e+05,36
6.200000018e-01,8.000001249e-02,1.594787418e-05,5.214780269e-04,1.002977115e+03,2.977115298e+05,36
6.300000018e-01,8.000001249e-02,1.594787361e-05,5.214780268e-04,1.002977115e+03,2.977115298e+05,36
6.400000018e-01,8.000001249e-02,1.594787327e-05,5.214780268e-04,1.002977115e+03,2.977115298e+05,36
6.500000018e-01,8.000001249e-02,1.594787299e-05,5.214780269e-04,1.002977115e+03,2.977115298e+05,36
6.600000018e-01,8.000001249e-02,1.594787253e-05,5.214780270e-04,1.002977115e+03,2.977115298e+05,36
6.700000018e-01,8.000001249e-02,1.594787229e-05,5.214780270e-04,1.002977115e+03,2.977115298e+05,36
6.800000018e-01,8.000001249e-02,1.594787276e-05,5.214780269e-04,1.002977115e+03,2.977115298e+05,36
6.900000018e-01,8.000001249e-02,1.594787359e-05,5.214780268e-04,1.002977115e+03,2.977115298e+05,36
7.000000018e-01,8.000001249e-02,1.594787379e-05,5.214780269e-04,1.002977115e+03,2.977115298e+05,36
7.100000018e-01,8.000001249e-02,1.594787286e-05,5.214780269e-04,1.002977115e+03,2.977115298e+05,36
7.200000018e-01,8.000001249e-02,1.594787196e-05,5.214780270e-04,1.002977115e+03,2.977115298e+05,36
7.300000018e-01,8.000001249e-02,1.594787271e-05,5.214780271e-04,1.002977115e+03,2.977115298e+05,36
7.400000018e-01,8.000001249e-02,1.594787405e-05,5.214780270e-04,1.002977115e+03,2.977115298e+05,36
7.500000018e-01,8.000001249e-02,1.594787418e-05,5.214780270e-04,1.002977115e+03,2.977115298e+05,36
7.600000018e-01,8.000001249e-02,1.594787362e-05,5.214780269e-04,1.002977115e+03,2.977115298e+05,36
7.700000018e-01,8.000001249e-02,1.594787331e-05,5.214780269e-04,1.002977115e+03,2.977115298e+05,36
7.800000018e-01,8.000001249e-02,1.594787312e-05,5.214780269e-04,1.002977115e+03,2.977115298e+05,36
7.900000018e-01,8.000001249e-02,1.594787267e-05,5.214780269e-04,1.002977115e+03,2.977115298e+05,36
8.000000018e-01,8.000001249e-02,1.594787219e-05,5.214780270e-04,1.002977115e+03,2.977115298e+05,36
8.100000018e-01,8.000001249e-02,1.594787244e-05,5.214780270e-04,1.002977115e+03,2.977115298e+05,36
8.200000018e-01,8.000001249e-02,1.594787346e-05,5.214780270e-04,1.002977115e+03,2.977115298e+05,36
8.300000018e-01,8.000001249e-02,1.594787391e-05,5.214780269e-04,1.002977115e+03,2.977115298e+05,36
8.400000018e-01,8.000001249e-02,1.594787298e-05,5.214780269e-04,1.002977115e+03,2.977115298e+05,36
8.500000018e-01,8.000001249e-02,1.594787200e-05,5.214780269e-04,1.002977115e+03,2.977115298e+05,36
8.600000018e-01,8.000001249e-02,1.594787272e-05,5.214780270e-04,1.002977115e+03,2.977115298e+05,36
8.700000018e-01,8.000001249e-02,1.594787403e-05,5.214780270e-04,1.002977115e+03,2.977115298e+05,36
8.800000018e-01,8.000001249e-02,1.594787418e-05,5.214780270e-04,1.002977115e+03,2.977115298e+05,36
8.900000018e-01,8.000001249e-02,1.594787362e-05,5.214780269e-04,1.002977115e+03,2.977115298e+05,36
9.000000018e-01,8.000001249e-02,1.594787319e-05,5.214780269e-04,1.002977115e+03,2.977115298e+05,36
9.100000018e-01,8.000001249e-02,1.594787271e-05,5.214780269e-04,1.002977115e+03,2.977115298e+05,36
9.200000018e-01,8.000001249e-02,1.594787221e-05,5.214780270e-04,1.002977115e+03,2.977115298e+05,36
9.300000018e-01,8.000001249e-02,1.594787248e-05,5.214780271e-04,1.002977115e+03,2.977115298e+05,36
9.400000018e-01,8.000001249e-02,1.594787352e-05,5.214780271e-04,1.002977115e+03,2.977115298e+05,36
9.500000018e-01,8.000001249e-02,1.594787397e-05,5.214780270e-04,1.002977115e+03,2.977115298e+05,36
9.600000018e-01,8.000001249e-02,1.594787322e-05,5.214780270e-04,1.002977115e+03,2.977115298e+05,36
9.700000018e-01,8.000001249e-02,1.594787304e-05,5.214780270e-04,1.002977115e+03,2.977115298e+05,36
9.800000018e-01,8.000001249e-02,1.594787463e-05,5.214780271e-04,1.002977115e+03,2.977115298e+05,36
9.900000018e-01,8.000001249e-02,1.594787518e-05,5.214780273e-04,1.002977115e+03,2.977115298e+05,36
1.000000002e+00,8.000001249e-02,1.594787320e-05,5.214780273e-04,1.002977115e+03,2.977115298e+05,36
1.010000002e+00,8.000001249e-02,1.594787182e-05,5.214780271e-04,1.002977115e+03,2.977115298e+05,36
1.020000002e+00,8.000001249e-02,1.594787222e-05,5.214780270e-04,1.002977115e+03,2.977115298e+05,36
1.030000002e+00,8.000001249e-02,1.594787280e-05,5.214780269e-04,1.002977115e+03,2.977115298e+05,36
1.040000002e+00,8.000001249e-02,1.594787304e-05,5.214780270e-04,1.002977115e+03,2.977115298e+05,36
1.050000002e+00,8.000001249e-02,1.594787310e-05,5.214780270e-04,1.002977115e+03,2.977115298e+05,36
1.060000002e+00,8.000001249e-02,1.594787304e-05,5.214780271e-04,1.002977115e+03,2.977115298e+05,36
1.070000002e+00,8.000001249e-02,1.594787288e-05,5.214780271e-04,1.002977115e+03,2.977115298e+05,36
1.080000002e+00,8.000001249e-02,1.594787258e-05,5.214780272e-04,1.002977115e+03,2.977115298e+05,36
1.090000002e+00,8.000001249e-02,1.594787193e-05,5.214780270e-04,1.002977115e+03,2.977115298e+05,36
1.100000002e+00,8.000001249e-02,1.594787107e-05,5.214780268e-04,1.002977115e+03,2.977115298e+05,36
1.110000002e+00,8.000001249e-02,1.594787090e-05,5.214780267e-04,1.002977115e+03,2.977115298e+05,36
1.120000002e+00,8.000001249e-02,1.594787244e-05,5.214780266e-04,1.002977115e+03,2.977115298e+05,36
1.130000002e+00,8.000001249e-02,1.594787521e-05,5.214780267e-04,1.002977115e+03,2.977115298e+05,36
1.140000002e+00,8.000001249e-02,1.594787646e-05,5.214780269e-04,1.002977115e+03,2.977115298e+05,36
1.150000002e+00,8.000001249e-02,1.594787477e-05,5.214780271e-04,1.002977115e+03,2.977115298e+05,36
1.160000002e+00,8.000001249e-02,1.594787221e-05,5.214780271e-04,1.002977115e+03,2.977115298e+05,36
1.170000002e+00,8.000001249e-02,1.594787149e-05,5.214780272e-04,1.002977115e+03,2.977115298e+05,36
1.180000002e+00,8.000001249e-02,1.594787302e-05,5.214780272e-04,1.002977115e+03,2.977115298e+05,36
1.190000002e+00,8.000001249e-02,1.594787434e-05,5.214780272e-04,1.002977115e+03,2.977115298e+05,36
1.200000002e+00,8.000001249e-02,1.594787407e-05,5.214780271e-04,1.002977115e+03,2.977115298e+05,36
1.210000002e+00,8.000001249e-02,1.594787344e-05,5.214780270e-04,1.002977115e+03,2.977115298e+05,36
1.220000002e+00,8.000001249e-02,1.594787319e-05,5.214780270e-04,1.002977115e+03,2.977115298e+05,36
1.230000002e+00,8.000001249e-02,1.594787313e-05,5.214780270e-04,1.002977115e+03,2.977115298e+05,36
1.240000002e+00,8.000001249e-02,1.594787312e-05,5.214780270e-04,1.002977115e+03,2.977115298e+05,36
1.250000002e+00,8.000001249e-02,1.594787312e-05,5.214780270e-04,1.002977115e+03,2.977115298e+05,36
1.260000002e+00,8.000001249e-02,1.594787312e-05,5.214780270e-04,1.002977115e+03,2.977115298e+05,36
1.270000002e+00,8.000001249e-02,1.594787314e-05,5.214780269e-04,1.002977115e+03,2.977115298e+05,36
1.280000002e+00,8.000001249e-02,1.594787315e-05,5.214780269e-04,1.002977115e+03,2.977115298e+05,36
1.290000002e+00,8.000001249e-02,1.594787315e-05,5.214780269e-04,1.002977115e+03,2.977115298e+05,36
1.300000002e+00,8.000001249e-02,1.594787312e-05,5.214780269e-04,1.002977115e+03,2.977115298e+05,36
1.310000002e+00,8.000001249e-02,1.594787304e-05,5.214780270e-04,1.002977115e+03,2.977115298e+05,36
1.320000002e+00,8.000001249e-02,1.594787287e-05,5.214780270e-04,1.002977115e+03,2.977115298e+05,36
1.330000002e+00,8.000001249e-02,1.594787259e-05,5.214780270e-04,1.002977115e+03,2.977115298e+05,36
1.340000002e+00,8.000001249e-02,1.594787198e-05,5.214780269e-04,1.002977115e+03,2.977115298e+05,36
1.350000002e+00,8.000001249e-02,1.594787112e-05,5.214780267e-04,1.002977115e+03,2.977115298e+05,36
1.360000002e+00,8.000001249e-02,1.594787093e-05,5.214780265e-04,1.002977115e+03,2.977115298e+05,36
1.370000002e+00,8.000001249e-02,1.594787244e-05,5.214780265e-04,1.002977115e+03,2.977115298e+05,36
1.380000002e+00,8.000001249e-02,1.594787520e-05,5.214780266e-04,1.002977115e+03,2.977115298e+05,36
1.390000002e+00,8.000001249e-02,1.594787644e-05,5.214780268e-04,1.002977115e+03,2.977115298e+05,36
1.400000002e+00,8.000001249e-02,1.594787473e-05,5.214780269e-04,1.002977115e+03,2.977115298e+05,36
1.410000002e+00,8.000001249e-02,1.594787220e-05,5.214780271e-04,1.002977115e+03,2.977115298e+05,36
1.420000002e+00,8.000001249e-02,1.594787148e-05,5.214780271e-04,1.002977115e+03,2.977115298e+05,36
1.430000002e+00,8.000001249e-02,1.594787301e-05,5.214780272e-04,1.002977115e+03,2.977115298e+05,36
1.440000002e+00,8.000001249e-02,1.594787436e-05,5.214780271e-04,1.002977115e+03,2.977115298e+05,36
1.450000002e+00,8.000001249e-02,1.594787413e-05,5.214780270e-04,1.002977115e+03,2.977115298e+05,36
1.460000002e+00,8.000001249e-02,1.594787348e-05,5.214780269e-04,1.002977115e+03,2.977115298e+05,36
1.470000002e+00,8.000001249e-02,1.594787319e-05,5.214780268e-04,1.002977115e+03,2.977115298e+05,36
1.480000002e+00,8.000001249e-02,1.594787313e-05,5.214780268e-04,1.002977115e+03,2.977115298e+05,36
1.490000002e+00,8.000001249e-02,1.594787313e-05,5.214780268e-04,1.002977115e+03,2.977115298e+05,36
1.500000002e+00,8.000001249e-02,1.594787314e-05,5.214780268e-04,1.002977115e+03,2.977115298e+05,36
1.510000002e+00,8.000001249e-02,1.594787314e-05,5.214780268e-04,1.002977115e+03,2.977115298e+05,36
1.520000002e+00,8.000001249e-02,1.594787314e-05,5.214780268e-04,1.002977115e+03,2.977115298e+05,36
1.530000002e+00,8.000001249e-02,1.594787313e-05,5.214780268e-04,1.002977115e+03,2.977115298e+05,36
1.540000002e+00,8.000001249e-02,1.594787313e-05,5.214780268e-04,1.002977115e+03,2.977115298e+05,36
1.550000002e+00,8.000001249e-02,1.594787312e-05,5.214780268e-04,1.002977115e+03,2.977115298e+05,36
1.560000002e+00,8.000001249e-02,1.594787312e-05,5.214780268e-04,1.002977115e+03,2.977115298e+05,36
1.570000002e+00,8.000001249e-02,1.594787309e-05,5.214780268e-04,1.002977115e+03,2.977115298e+05,36
1.580000002e+00,8.000001249e-02,1.594787296e-05,5.214780268e-04,1.002977115e+03,2.977115298e+05,36
1.590000002e+00,8.000001249e-02,1.594787257e-05,5.214780269e-04,1.002977115e+03,2.977115298e+05,36
1.600000002e+00,8.000001249e-02,1.594787195e-05,5.214780268e-04,1.002977115e+03,2.977115298e+05,36
1.610000002e+00,8.000001249e-02,1.594787123e-05,5.214780265e-04,1.002977115e+03,2.977115298e+05,36
1.620000002e+00,8.000001249e-02,1.594787082e-05,5.214780264e-04,1.002977115e+03,2.977115298e+05,36
1.630000002e+00,8.000001249e-02,1.594787204e-05,5.214780265e-04,1.002977115e+03,2.977115298e+05,36
1.640000002e+00,8.000001249e-02,1.594787510e-05,5.214780269e-04,1.002977115e+03,2.977115298e+05,36
1.650000002e+00,8.000001249e-02,1.594787671e-05,5.214780271e-04,1.002977115e+03,2.977115298e+05,36
1.660000002e+00,8.000001249e-02,1.594787481e-05,5.214780272e-04,1.002977115e+03,2.977115298e+05,36
1.670000002e+00,8.000001249e-02,1.594787202e-05,5.214780271e-04,1.002977115e+03,2.977115298e+05,36
1.680000002e+00,8.000001249e-02,1.594787144e-05,5.214780270e-04,1.002977115e+03,2.977115298e+05,36
1.690000002e+00,8.000001249e-02,1.594787312e-05,5.214780270e-04,1.002977115e+03,2.977115298e+05,36
1.700000002e+00,8.000001249e-02,1.594787420e-05,5.214780270e-04,1.002977115e+03,2.977115298e+05,36
1.710000002e+00,8.000001249e-02,1.594787251e-05,5.214780269e-04,1.002977115e+03,2.977115298e+05,36
1.720000002e+00,8.000001249e-02,1.594786374e-05,5.214780263e-04,1.002977115e+03,2.977115298e+05,36
1.730000002e+00,8.000001249e-02,1.594781420e-05,5.214780231e-04,1.002977115e+03,2.977115298e+05,36
1.740000002e+00,8.000001249e-02,1.594751605e-05,5.214780040e-04,1.002977115e+03,2.977115298e+05,36
1.750000002e+00,8.000001249e-02,1.594575185e-05,5.214778857e-04,1.002977115e+03,2.977115302e+05,36
1.760000002e+00,8.000001249e-02,1.593561540e-05,5.214771728e-04,1.002977115e+03,2.977115323e+05,36
1.770000002e+00,8.000001249e-02,1.587900570e-05,5.214729845e-04,1.002977115e+03,2.977115445e+05,36
1.780000002e+00,8.000001249e-02,1.557036823e-05,5.214489052e-04,1.002977116e+03,2.977116114e+05,36
1.790000002e+00,8.000001248e-02,1.393717076e-05,5.213138257e-04,1.002977120e+03,2.977119680e+05,36
1.800000002e+00,8.000001248e-02,5.633738344e-06,5.205786016e-04,1.002977138e+03,2.977138301e+05,36
1.810000001e+00,8.000001245e-02,-3.520710850e-05,5.166749734e-04,1.002977232e+03,2.977232200e+05,36
1.820000000e+00,8.000001227e-02,-2.311555109e-04,4.963972696e-04,1.002977681e+03,2.977680709e+05,36
1.829999991e+00,8.000001135e-02,-1.129556620e-03,3.946865079e-04,1.002979756e+03,2.979756059e+05,36
1.839999950e+00,8.000000667e-02,-5.012369179e-03,-9.958627887e-05,1.002989175e+03,2.989174521e+05,36
1.849999767e+00,7.999998305e-02,-2.134893211e-02,-2.482691027e-03,1.003028914e+03,3.028914492e+05,36
1.859998962e+00,7.999986745e-02,-8.718958537e-02,-1.352592977e-02,1.003184737e+03,3.184736965e+05,36
1.869995772e+00,7.999935035e-02,-3.235780510e-01,-6.001461162e-02,1.003799960e+03,3.799960008e+05,36
1.879983796e+00,7.999690385e-02,-1.141213044e+00,-2.693203111e-01,1.006002946e+03,6.002945832e+05,36
1.889936686e+00,7.998492827e-02,-3.808904032e+00,-1.187150015e+00,1.012046861e+03,1.204686113e+06,37
1.899782911e+00,7.994515984e-02,-1.056780934e+01,-3.873903662e+00,1.030260150e+03,3.026014961e+06,38
1.909396657e+00,7.991707424e-02,-2.249818673e+01,-7.045314556e+00,1.070349701e+03,7.034970102e+06,37
1.918787097e+00,8.010697268e-02,-3.148775736e+01,-5.299411678e+00,1.081320096e+03,8.132009573e+06,35
1.928579567e+00,8.056113851e-02,-2.532720178e+01,2.881330706e+00,1.016378512e+03,1.637851219e+06,36
1.939169395e+00,8.068874939e-02,-1.506681573e+01,6.017300337e+00,9.729143317e+02,-2.708566834e+06,36
1.949439726e+00,8.026071010e-02,-2.279906478e+01,1.799296201e-01,1.026906153e+03,2.690615254e+06,37
1.958784039e+00,7.987648079e-02,-4.414430768e+01,-6.145071504e+00,1.167130696e+03,1.671306955e+07,36
1.969795630e+00,7.969655361e-02,-1.854118160e+01,-9.582654350e+00,1.188135807e+03,1.881358066e+07,35
1.989555464e+00,7.956965659e-02,1.438045860e+01,-1.199685948e+01,9.170118777e+02,-8.298812233e+06,32
1.193495703e-02,7.961924985e-02,9.873464955e+01,-1.122601712e+01,9.446847992e+02,-5.531520081e+06,33
1.969254645e+00,7.964254225e-02,-9.541775312e+01,-1.037705817e+01,1.191855496e+03,1.918554957e+07,36
3.081714166e-02,8.989702280e-02,9.640652958e+01,-3.666735392e+00,1.201244207e+03,2.012442069e+07,38
1.988166955e+00,8.988784948e-02,-9.633100987e+01,-3.399163754e+00,9.436528345e+02,-5.634716553e+06,36
1.039265037e-02,8.987973500e-02,-1.650479065e+01,-3.531004350e+00,9.179411446e+02,-8.205885540e+06,34
3.026451911e-02,8.991580284e-02,1.919282383e+01,-3.425580775e+00,1.196947409e+03,1.969474092e+07,36
4.126530165e-02,9.000109023e-02,4.455302055e+01,-2.639210628e+00,1.190471072e+03,1.904710719e+07,35
5.043459349e-02,9.029356219e-02,1.975842458e+01,1.608521176e+00,1.063127633e+03,6.312763331e+06,34
6.041636780e-02,9.078735125e-02,6.870155309e+00,1.001191664e+01,1.025485869e+03,2.548586885e+06,37
7.104456032e-02,9.086603060e-02,2.031646313e+01,1.300149926e+01,1.125703814e+03,1.257038141e+07,36
8.125288995e-02,9.042077460e-02,4.146546452e+01,5.457842911e+00,1.236888537e+03,2.368885367e+07,35
9.075395064e-02,9.007073117e-02,3.509937499e+01,-9.202201821e-01,1.169193816e+03,1.691938160e+07,36
1.002822761e-01,8.998692665e-02,1.594746008e+01,-1.860248866e+00,1.054988771e+03,5.498877080e+06,38
1.100818418e-01,8.999266738e-02,5.371245074e+00,-7.515471873e-01,1.014879665e+03,1.487966533e+06,37
1.200201406e-01,8.999834997e-02,1.501393845e+00,-1.660579114e-01,1.006750802e+03,6.750802344e+05,36
1.300049900e-01,8.999965881e-02,3.939548794e-01,-3.438443454e-02,1.003982213e+03,3.982213345e+05,36
1.400012105e-01,8.999992783e-02,1.036855138e-01,-7.673301214e-03,1.003221515e+03,3.221515347e+05,36
1.500002715e-01,8.999998825e-02,2.498300225e-02,-1.464948461e-03,1.003035606e+03,3.035606174e+05,36
1.600000605e-01,9.000000074e-02,5.788236846e-03,-1.384579714e-04,1.002989623e+03,2.989622728e+05,36
1.700000143e-01,9.000000322e-02,1.314499308e-03,1.335234783e-04,1.002978840e+03,2.978840087e+05,36
1.800000043e-01,9.000000371e-02,2.938520727e-04,1.888853014e-04,1.002976487e+03,2.976486718e+05,36
1.900000023e-01,9.000000381e-02,7.307254100e-05,1.998700216e-04,1.002975984e+03,2.975983544e+05,36
2.000000019e-01,9.000000382e-02,2.739191621e-05,2.019781266e-04,1.002975879e+03,2.975878963e+05,36
2.100000018e-01,9.000000383e-02,1.816782958e-05,2.023738163e-04,1.002975858e+03,2.975858329e+05,36
2.200000018e-01,9.000000383e-02,1.636296813e-05,2.024463077e-04,1.002975854e+03,2.975854396e+05,36
2.300000018e-01,9.000000383e-02,1.602331762e-05,2.024592041e-04,1.002975854e+03,2.975853662e+05,36
2.400000018e-01,9.000000383e-02,1.596125771e-05,2.024614434e-04,1.002975854e+03,2.975853529e+05,36
2.500000018e-01,9.000000383e-02,1.595018361e-05,2.024618239e-04,1.002975854e+03,2.975853506e+05,36
2.600000018e-01,9.000000383e-02,1.594826206e-05,2.024618871e-04,1.002975854e+03,2.975853502e+05,36
2.700000018e-01,9.000000383e-02,1.594793819e-05,2.024618973e-04,1.002975854e+03,2.975853501e+05,36
2.800000018e-01,9.000000383e-02,1.594788420e-05,2.024618990e-04,1.002975854e+03,2.975853501e+05,36
2.900000018e-01,9.000000383e-02,1.594787478e-05,2.024618992e-04,1.002975854e+03,2.975853501e+05,36
3.000000018e-01,9.000000383e-02,1.594787315e-05,2.024618992e-04,1.002975854e+03,2.975853501e+05,36
3.100000018e-01,9.000000383e-02,1.594787323e-05,2.024618991e-04,1.002975854e+03,2.975853501e+05,36
3.200000018e-01,9.000000383e-02,1.594787365e-05,2.024618992e-04,1.002975854e+03,2.975853501e+05,36
3.300000018e-01,9.000000383e-02,1.594787411e-05,2.024618992e-04,1.002975854e+03,2.975853501e+05,36
3.400000018e-01,9.000000383e-02,1.594787432e-05,2.024618992e-04,1.002975854e+03,2.975853501e+05,36
3.500000018e-01,9.000000383e-02,1.594787401e-05,2.024618993e-04,1.002975854e+03,2.975853501e+05,36
3.600000018e-01,9.000000383e-02,1.594787330e-05,2.024618993e-04,1.002975854e+03,2.975853501e+05,36
3.700000018e-01,9.000000383e-02,1.594787275e-05,2.024618992e-04,1.002975854e+03,2.975853501e+05,36
3.800000018e-01,9.000000383e-02,1.594787319e-05,2.024618992e-04,1.002975854e+03,2.975853501e+05,36
3.900000018e-01,9.000000383e-02,1.594787421e-05,2.024618992e-04,1.002975854e+03,2.975853501e+05,36
4.000000018e-01,9.000000383e-02,1.594787453e-05,2.024618992e-04,1.002975854e+03,2.975853501e+05,36
4.100000018e-01,9.000000383e-02,1.594787407e-05,2.024618992e-04,1.002975854e+03,2.975853501e+05,36
4.200000018e-01,9.000000383e-02,1.594787328e-05,2.024618992e-04,1.002975854e+03,2.975853501e+05,36
4.300000018e-01,9.000000383e-02,1.594787271e-05,2.024618992e-04,1.002975854e+03,2.975853501e+05,36
4.400000018e-01,9.000000383e-02,1.594787316e-05,2.024618992e-04,1.002975854e+03,2.975853501e+05,36
4.500000018e-01,9.000000383e-02,1.594787417e-05,2.024618992e-04,1.002975854e+03,2.975853501e+05,36
4.600000018e-01,9.000000383e-02,1.594787439e-05,2.024618992e-04,1.002975854e+03,2.975853501e+05,36
4.700000018e-01,9.000000383e-02,1.594787376e-05,2.024618992e-04,1.002975854e+03,2.975853501e+05,36
4.800000018e-01,9.000000383e-02,1.594787301e-05,2.024618992e-04,1.002975854e+03,2.975853501e+05,36
4.900000018e-01,9.000000383e-02,1.594787274e-05,2.024618992e-04,1.002975854e+03,2.975853501e+05,36
5.000000018e-01,9.000000383e-02,1.594787349e-05,2.024618992e-04,1.002975854e+03,2.975853501e+05,36
5.100000018e-01,9.000000383e-02,1.594787442e-05,2.024618992e-04,1.002975854e+03,2.975853501e+05,36
5.200000018e-01,9.000000383e-02,1.594787431e-05,2.024618992e-04,1.002975854e+03,2.975853501e+05,36
5.300000018e-01,9.000000383e-02,1.594787354e-05,2.024618993e-04,1.002975854e+03,2.975853501e+05,36
5.400000018e-01,9.000000383e-02,1.594787322e-05,2.024618994e-04,1.002975854e+03,2.975853501e+05,36
5.500000018e-01,9.000000383e-02,1.594787360e-05,2.024618992e-04,1.002975854e+03,2.975853501e+05,36
5.600000018e-01,9.000000383e-02,1.594787412e-05,2.024618991e-04,1.002975854e+03,2.975853501e+05,36
5.700000018e-01,9.000000383e-02,1.594787418e-05,2.024618990e-04,1.002975854e+03,2.975853501e+05,36
5.800000018e-01,9.000000383e-02,1.594787336e-05,2.024618991e-04,1.002975854e+03,2.975853501e+05,36
5.900000018e-01,9.000000383e-02,1.594787255e-05,2.024618991e-04,1.002975854e+03,2.975853501e+05,36
6.000000018e-01,9.000000383e-02,1.594787329e-05,2.024618992e-04,1.002975854e+03,2.975853501e+05,36
6.100000018e-01,9.000000383e-02,1.594787456e-05,2.024618992e-04,1.002975854e+03,2.975853501e+05,36
6.200000018e-01,9.000000383e-02,1.594787464e-05,2.024618992e-04,1.002975854e+03,2.975853501e+05,36
6.300000018e-01,9.000000383e-02,1.594787409e-05,2.024618991e-04,1.002975854e+03,2.975853501e+05,36
6.400000018e-01,9.000000383e-02,1.594787382e-05,2.024618991e-04,1.002975854e+03,2.975853501e+05,36
6.500000018e-01,9.000000383e-02,1.594787361e-05,2.024618992e-04,1.002975854e+03,2.975853501e+05,36
6.600000018e-01,9.000000383e-02,1.594787316e-05,2.024618992e-04,1.002975854e+03,2.975853501e+05,36
6.700000018e-01,9.000000383e-02,1.594787279e-05,2.024618993e-04,1.002975854e+03,2.975853501e+05,36
6.800000018e-01,9.000000383e-02,1.594787317e-05,2.024618992e-04,1.002975854e+03,2.975853501e+05,36
6.900000018e-01,9.000000383e-02,1.594787409e-05,2.024618991e-04,1.002975854e+03,2.975853501e+05,36
7.000000018e-01,9.000000383e-02,1.594787438e-05,2.024618991e-04,1.002975854e+03,2.975853501e+05,36
7.100000018e-01,9.000000383e-02,1.594787346e-05,2.024618992e-04,1.002975854e+03,2.975853501e+05,36
7.200000018e-01,9.000000383e-02,1.594787255e-05,2.024618992e-04,1.002975854e+03,2.975853501e+05,36
7.300000018e-01,9.000000383e-02,1.594787326e-05,2.024618992e-04,1.002975854e+03,2.975853501e+05,36
7.400000018e-01,9.000000383e-02,1.594787453e-05,2.024618992e-04,1.002975854e+03,2.975853501e+05,36
7.500000018e-01,9.000000383e-02,1.594787463e-05,2.024618992e-04,1.002975854e+03,2.975853501e+05,36
7.600000018e-01,9.000000383e-02,1.594787411e-05,2.024618991e-04,1.002975854e+03,2.975853501e+05,36
7.700000018e-01,9.000000383e-02,1.594787387e-05,2.024618991e-04,1.002975854e+03,2.975853501e+05,36
7.800000018e-01,9.000000383e-02,1.594787369e-05,2.024618991e-04,1.002975854e+03,2.975853501e+05,36
7.900000018e-01,9.000000383e-02,1.594787323e-05,2.024618992e-04,1.002975854e+03,2.975853501e+05,36
8.000000018e-01,9.000000383e-02,1.594787273e-05,2.024618992e-04,1.002975854e+03,2.975853501e+05,36
8.100000018e-01,9.000000383e-02,1.594787299e-05,2.024618992e-04,1.002975854e+03,2.975853501e+05,36
8.200000018e-01,9.000000383e-02,1.594787398e-05,2.024618992e-04,1.002975854e+03,2.975853501e+05,36
8.300000018e-01,9.000000383e-02,1.594787441e-05,2.024618992e-04,1.002975854e+03,2.975853501e+05,36
8.400000018e-01,9.000000383e-02,1.594787351e-05,2.024618992e-04,1.002975854e+03,2.975853501e+05,36
8.500000018e-01,9.000000383e-02,1.594787259e-05,2.024618992e-04,1.002975854e+03,2.975853501e+05,36
8.600000018e-01,9.000000383e-02,1.594787329e-05,2.024618992e-04,1.002975854e+03,2.975853501e+05,36
8.700000018e-01,9.000000383e-02,1.594787454e-05,2.024618992e-04,1.002975854e+03,2.975853501e+05,36
8.800000018e-01,9.000000383e-02,1.594787465e-05,2.024618992e-04,1.002975854e+03,2.975853501e+05,36
8.900000018e-01,9.000000383e-02,1.594787411e-05,2.024618991e-04,1.002975854e+03,2.975853501e+05,36
9.000000018e-01,9.000000383e-02,1.594787374e-05,2.024618991e-04,1.002975854e+03,2.975853501e+05,36
9.100000018e-01,9.000000383e-02,1.594787330e-05,2.024618991e-04,1.002975854e+03,2.975853501e+05,36
9.200000018e-01,9.000000383e-02,1.594787280e-05,2.024618992e-04,1.002975854e+03,2.975853501e+05,36
9.300000018e-01,9.000000383e-02,1.594787306e-05,2.024618992e-04,1.002975854e+03,2.975853501e+05,36
9.400000018e-01,9.000000383e-02,1.594787405e-05,2.024618992e-04,1.002975854e+03,2.975853501e+05,36
9.500000018e-01,9.000000383e-02,1.594787445e-05,2.024618992e-04,1.002975854e+03,2.975853501e+05,36
9.600000018e-01,9.000000383e-02,1.594787374e-05,2.024618992e-04,1.002975854e+03,2.975853501e+05,36
9.700000018e-01,9.000000383e-02,1.594787364e-05,2.024618992e-04,1.002975854e+03,2.975853501e+05,36
9.800000018e-01,9.000000383e-02,1.594787529e-05,2.024618993e-04,1.002975854e+03,2.975853501e+05,36
9.900000018e-01,9.000000383e-02,1.594787579e-05,2.024618994e-04,1.002975854e+03,2.975853501e+05,36
1.000000002e+00,9.000000383e-02,1.594787365e-05,2.024618994e-04,1.002975854e+03,2.975853501e+05,36
1.010000002e+00,9.000000383e-02,1.594787219e-05,2.024618993e-04,1.002975854e+03,2.975853501e+05,36
1.020000002e+00,9.000000383e-02,1.594787268e-05,2.024618992e-04,1.002975854e+03,2.975853501e+05,36
1.030000002e+00,9.000000383e-02,1.594787337e-05,2.024618991e-04,1.002975854e+03,2.975853501e+05,36
1.040000002e+00,9.000000383e-02,1.594787361e-05,2.024618992e-04,1.002975854e+03,2.975853501e+05,36
1.050000002e+00,9.000000383e-02,1.594787366e-05,2.024618992e-04,1.002975854e+03,2.975853501e+05,36
1.060000002e+00,9.000000383e-02,1.594787363e-05,2.024618992e-04,1.002975854e+03,2.975853501e+05,36
1.070000002e+00,9.000000383e-02,1.594787349e-05,2.024618993e-04,1.002975854e+03,2.975853501e+05,36
1.080000002e+00,9.000000383e-02,1.594787309e-05,2.024618993e-04,1.002975854e+03,2.975853501e+05,36
1.090000002e+00,9.000000383e-02,1.594787228e-05,2.024618993e-04,1.002975854e+03,2.975853501e+05,36
1.100000002e+00,9.000000383e-02,1.594787142e-05,2.024618991e-04,1.002975854e+03,2.975853501e+05,36
1.110000002e+00,9.000000383e-02,1.594787138e-05,2.024618990e-04,1.002975854e+03,2.975853501e+05,36
1.120000002e+00,9.000000383e-02,1.594787301e-05,2.024618990e-04,1.002975854e+03,2.975853501e+05,36
1.130000002e+00,9.000000383e-02,1.594787587e-05,2.024618991e-04,1.002975854e+03,2.975853501e+05,36
1.140000002e+00,9.000000383e-02,1.594787717e-05,2.024618993e-04,1.002975854e+03,2.975853501e+05,36
1.150000002e+00,9.000000383e-02,1.594787535e-05,2.024618994e-04,1.002975854e+03,2.975853501e+05,36
1.160000002e+00,9.000000383e-02,1.594787269e-05,2.024618993e-04,1.002975854e+03,2.975853501e+05,36
1.170000002e+00,9.000000383e-02,1.594787205e-05,2.024618992e-04,1.002975854e+03,2.975853501e+05,36
1.180000002e+00,9.000000383e-02,1.594787364e-05,2.024618992e-04,1.002975854e+03,2.975853501e+05,36
1.190000002e+00,9.000000383e-02,1.594787486e-05,2.024618993e-04,1.002975854e+03,2.975853501e+05,36
1.200000002e+00,9.000000383e-02,1.594787453e-05,2.024618993e-04,1.002975854e+03,2.975853501e+05,36
1.210000002e+00,9.000000383e-02,1.594787394e-05,2.024618993e-04,1.002975854e+03,2.975853501e+05,36
1.220000002e+00,9.000000383e-02,1.594787373e-05,2.024618993e-04,1.002975854e+03,2.975853501e+05,36
1.230000002e+00,9.000000383e-02,1.594787367e-05,2.024618993e-04,1.002975854e+03,2.975853501e+05,36
1.240000002e+00,9.000000383e-02,1.594787366e-05,2.024618993e-04,1.002975854e+03,2.975853501e+05,36
1.250000002e+00,9.000000383e-02,1.594787364e-05,2.024618993e-04,1.002975854e+03,2.975853501e+05,36
1.260000002e+00,9.000000383e-02,1.594787363e-05,2.024618993e-04,1.002975854e+03,2.975853501e+05,36
1.270000002e+00,9.000000383e-02,1.594787364e-05,2.024618992e-04,1.002975854e+03,2.975853501e+05,36
1.280000002e+00,9.000000383e-02,1.594787367e-05,2.024618992e-04,1.002975854e+03,2.975853501e+05,36
1.290000002e+00,9.000000383e-02,1.594787368e-05,2.024618992e-04,1.002975854e+03,2.975853501e+05,36
1.300000002e+00,9.000000383e-02,1.594787367e-05,2.024618992e-04,1.002975854e+03,2.975853501e+05,36
1.310000002e+00,9.000000383e-02,1.594787361e-05,2.024618992e-04,1.002975854e+03,2.975853501e+05,36
1.320000002e+00,9.000000383e-02,1.594787347e-05,2.024618993e-04,1.002975854e+03,2.975853501e+05,36
1.330000002e+00,9.000000383e-02,1.594787310e-05,2.024618993e-04,1.002975854e+03,2.975853501e+05,36
1.340000002e+00,9.000000383e-02,1.594787232e-05,2.024618992e-04,1.002975854e+03,2.975853501e+05,36
1.350000002e+00,9.000000383e-02,1.594787147e-05,2.024618991e-04,1.002975854e+03,2.975853501e+05,36
1.360000002e+00,9.000000383e-02,1.594787142e-05,2.024618990e-04,1.002975854e+03,2.975853501e+05,36
1.370000002e+00,9.000000383e-02,1.594787302e-05,2.024618990e-04,1.002975854e+03,2.975853501e+05,36
1.380000002e+00,9.000000383e-02,1.594787584e-05,2.024618991e-04,1.002975854e+03,2.975853501e+05,36
1.390000002e+00,9.000000383e-02,1.594787711e-05,2.024618991e-04,1.002975854e+03,2.975853501e+05,36
1.400000002e+00,9.000000383e-02,1.594787538e-05,2.024618992e-04,1.002975854e+03,2.975853501e+05,36
1.410000002e+00,9.000000383e-02,1.594787280e-05,2.024618993e-04,1.002975854e+03,2.975853501e+05,36
1.420000002e+00,9.000000383e-02,1.594787206e-05,2.024618993e-04,1.002975854e+03,2.975853501e+05,36
1.430000002e+00,9.000000383e-02,1.594787354e-05,2.024618994e-04,1.002975854e+03,2.975853501e+05,36
1.440000002e+00,9.000000383e-02,1.594787482e-05,2.024618993e-04,1.002975854e+03,2.975853501e+05,36
1.450000002e+00,9.000000383e-02,1.594787457e-05,2.024618993e-04,1.002975854e+03,2.975853501e+05,36
1.460000002e+00,9.000000383e-02,1.594787396e-05,2.024618992e-04,1.002975854e+03,2.975853501e+05,36
1.470000002e+00,9.000000383e-02,1.594787370e-05,2.024618992e-04,1.002975854e+03,2.975853501e+05,36
1.480000002e+00,9.000000383e-02,1.594787365e-05,2.024618992e-04,1.002975854e+03,2.975853501e+05,36
1.490000002e+00,9.000000383e-02,1.594787366e-05,2.024618992e-04,1.002975854e+03,2.975853501e+05,36
1.500000002e+00,9.000000383e-02,1.594787367e-05,2.024618992e-04,1.002975854e+03,2.975853501e+05,36
1.510000002e+00,9.000000383e-02,1.594787368e-05,2.024618992e-04,1.002975854e+03,2.975853501e+05,36
1.520000002e+00,9.000000383e-02,1.594787367e-05,2.024618992e-04,1.002975854e+03,2.975853501e+05,36
1.530000002e+00,9.000000383e-02,1.594787366e-05,2.024618992e-04,1.002975854e+03,2.975853501e+05,36
1.540000002e+00,9.000000383e-02,1.594787366e-05,2.024618992e-04,1.002975854e+03,2.975853501e+05,36
1.550000002e+00,9.000000383e-02,1.594787366e-05,2.024618992e-04,1.002975854e+03,2.975853501e+05,36
1.560000002e+00,9.000000383e-02,1.594787366e-05,2.024618992e-04,1.002975854e+03,2.975853501e+05,36
1.570000002e+00,9.000000383e-02,1.594787364e-05,2.024618992e-04,1.002975854e+03,2.975853501e+05,36
1.580000002e+00,9.000000383e-02,1.594787353e-05,2.024618992e-04,1.002975854e+03,2.975853501e+05,36
1.590000002e+00,9.000000383e-02,1.594787312e-05,2.024618992e-04,1.002975854e+03,2.975853501e+05,36
1.600000002e+00,9.000000383e-02,1.594787233e-05,2.024618992e-04,1.002975854e+03,2.975853501e+05,36
1.610000002e+00,9.000000383e-02,1.594787152e-05,2.024618990e-04,1.002975854e+03,2.975853501e+05,36
1.620000002e+00,9.000000383e-02,1.594787136e-05,2.024618989e-04,1.002975854e+03,2.975853501e+05,36
1.630000002e+00,9.000000383e-02,1.594787287e-05,2.024618990e-04,1.002975854e+03,2.975853501e+05,36
1.640000002e+00,9.000000383e-02,1.594787595e-05,2.024618993e-04,1.002975854e+03,2.975853501e+05,36
1.650000002e+00,9.000000383e-02,1.594787742e-05,2.024618996e-04,1.002975854e+03,2.975853501e+05,36
1.660000002e+00,9.000000383e-02,1.594787523e-05,2.024618996e-04,1.002975854e+03,2.975853501e+05,36
1.670000002e+00,9.000000383e-02,1.594787224e-05,2.024618993e-04,1.002975854e+03,2.975853501e+05,36
1.680000002e+00,9.000000383e-02,1.594787189e-05,2.024618990e-04,1.002975854e+03,2.975853501e+05,36
1.690000002e+00,9.000000383e-02,1.594787379e-05,2.024618990e-04,1.002975854e+03,2.975853501e+05,36
1.700000002e+00,9.000000383e-02,1.594787476e-05,2.024618992e-04,1.002975854e+03,2.975853501e+05,36
1.710000002e+00,9.000000383e-02,1.594787285e-05,2.024618992e-04,1.002975854e+03,2.975853501e+05,36
1.720000002e+00,9.000000383e-02,1.594786339e-05,2.024618988e-04,1.002975854e+03,2.975853501e+05,36
1.730000002e+00,9.000000383e-02,1.594780977e-05,2.024618971e-04,1.002975854e+03,2.975853501e+05,36
1.740000002e+00,9.000000383e-02,1.594748598e-05,2.024618869e-04,1.002975854e+03,2.975853502e+05,36
1.750000002e+00,9.000000383e-02,1.594556402e-05,2.024618240e-04,1.002975854e+03,2.975853506e+05,36
1.760000002e+00,9.000000383e-02,1.593448908e-05,2.024614435e-04,1.002975854e+03,2.975853529e+05,36
1.770000002e+00,9.000000383e-02,1.587242857e-05,2.024592039e-04,1.002975854e+03,2.975853662e+05,36
1.780000002e+00,9.000000383e-02,1.553277890e-05,2.024463074e-04,1.002975854e+03,2.975854396e+05,36
1.790000002e+00,9.000000383e-02,1.372791851e-05,2.023738160e-04,1.002975858e+03,2.975858329e+05,36
1.800000002e+00,9.000000382e-02,4.503831636e-06,2.019781265e-04,1.002975879e+03,2.975878963e+05,36
1.810000001e+00,9.000000381e-02,-4.117679321e-05,1.998700219e-04,1.002975984e+03,2.975983544e+05,36
1.819999999e+00,9.000000371e-02,-2.619563249e-04,1.888853018e-04,1.002976487e+03,2.976486718e+05,36
1.829999989e+00,9.000000322e-02,-1.282603562e-03,1.335234786e-04,1.002978840e+03,2.978840087e+05,36
1.839999943e+00,9.000000074e-02,-5.756341100e-03,-1.384579714e-04,1.002989623e+03,2.989622728e+05,36
1.849999732e+00,8.999998825e-02,-2.495110651e-02,-1.464948461e-03,1.003035606e+03,3.035606174e+05,36
1.859998793e+00,8.999992783e-02,-1.036536180e-01,-7.673301214e-03,1.003221515e+03,3.221515347e+05,36
1.869995014e+00,8.999965881e-02,-3.939229836e-01,-3.438443454e-02,1.003982213e+03,3.982213345e+05,36
1.879979863e+00,8.999834997e-02,-1.501361949e+00,-1.660579114e-01,1.006750802e+03,6.750802344e+05,36
1.889918162e+00,8.999266738e-02,-5.371213178e+00,-7.515471873e-01,1.014879665e+03,1.487966533e+06,37
1.899717727e+00,8.998692665e-02,-1.594742818e+01,-1.860248866e+00,1.054988771e+03,5.498877080e+06,38
1.909246053e+00,9.007073117e-02,-3.509934310e+01,-9.202201822e-01,1.169193816e+03,1.691938160e+07,36
1.918747114e+00,9.042077460e-02,-4.146543262e+01,5.457842910e+00,1.236888537e+03,2.368885367e+07,35
1.928955443e+00,9.086603060e-02,-2.031643123e+01,1.300149926e+01,1.125703814e+03,1.257038141e+07,36
1.939583636e+00,9.078735125e-02,-6.870123411e+00,1.001191664e+01,1.025485869e+03,2.548586885e+06,37
1.949565410e+00,9.029356219e-02,-1.975839268e+01,1.608521171e+00,1.063127633e+03,6.312763329e+06,34
1.958734702e+00,9.000109023e-02,-4.455298865e+01,-2.639210636e+00,1.190471072e+03,1.904710719e+07,35
1.969735484e+00,8.991580284e-02,-1.919279193e+01,-3.425580786e+00,1.196947409e+03,1.969474091e+07,36
1.989607353e+00,8.987973500e-02,1.650482253e+01,-3.531004376e+00,9.179411445e+02,-8.205885547e+06,34
1.183304866e-02,8.988784948e-02,9.633104176e+01,-3.399163728e+00,9.436528345e+02,-5.634716547e+06,36
1.969182862e+00,8.989702280e-02,-9.640649768e+01,-3.666735403e+00,1.201244207e+03,2.012442069e+07,38
3.082538907e-02,1.000000000e-01,9.614630921e+01,-1.309490455e-13,1.207005848e+03,2.070058480e+07,36
1.988187188e+00,1.000000000e-01,-9.565266730e+01,-2.230970124e-14,9.456311672e+02,-5.436883282e+06,36
1.038106198e-02,1.000000000e-01,-1.707032006e+01,1.111879814e-13,9.202833161e+02,-7.971668393e+06,34
3.027475344e-02,1.000000000e-01,1.895466771e+01,-9.354302022e-14,1.202545878e+03,2.025458784e+07,36
4.128480392e-02,1.000000000e-01,4.424986023e+01,-1.853647730e-13,1.203201668e+03,2.032016679e+07,35
5.034767654e-02,1.000000000e-01,1.772962252e+01,-1.898694975e-13,1.084333704e+03,8.433370353e+06,36
6.009466622e-02,1.000000000e-01,9.445458244e-01,-2.474704299e-13,1.054016079e+03,5.401607900e+06,39
7.060757832e-02,1.000000000e-01,1.221897921e+01,-1.347795522e-13,1.173993254e+03,1.739932543e+07,38
8.103664302e-02,1.000000000e-01,4.005837037e+01,2.164782743e-13,1.315724074e+03,3.157240743e+07,36
9.073059270e-02,1.000000000e-01,3.846895305e+01,2.784715683e-13,1.223001068e+03,2.230010685e+07,38
1.002921500e-01,1.000000000e-01,1.780158914e+01,9.395517270e-14,1.068346752e+03,6.834675225e+06,38
1.100870471e-01,1.000000000e-01,5.948055440e+00,-1.563219345e-14,1.015913527e+03,1.591352666e+06,38
1.200214226e-01,1.000000000e-01,1.640212507e+00,-6.060771845e-14,1.007032525e+03,7.032524943e+05,36
1.300052384e-01,1.000000000e-01,4.195171749e-01,-8.135898427e-14,1.004049054e+03,4.049053710e+05,36
1.400012677e-01,1.000000000e-01,1.095929843e-01,-8.744283329e-14,1.003235020e+03,3.235020068e+05,36
1.500002836e-01,1.000000000e-01,2.626851252e-02,-9.606492923e-14,1.003038086e+03,3.038085673e+05,36
1.600000629e-01,1.000000000e-01,6.052113980e-03,-1.033100576e-13,1.002989872e+03,2.989872411e+05,36
1.700000148e-01,1.000000000e-01,1.368384117e-03,-8.676967929e-14,1.002978606e+03,2.978606480e+05,36
1.800000044e-01,1.000000000e-01,3.046598976e-04,-5.189620226e-14,1.002976155e+03,2.976154790e+05,36
1.900000023e-01,1.000000000e-01,7.516400561e-05,-2.644902369e-14,1.002975632e+03,2.975632370e+05,36
2.000000019e-01,1.000000000e-01,2.778702493e-05,-1.783276515e-14,1.002975524e+03,2.975524045e+05,36
2.100000018e-01,1.000000000e-01,1.824087097e-05,-2.334562894e-14,1.002975503e+03,2.975502708e+05,36
2.200000018e-01,1.000000000e-01,1.637607277e-05,-3.592183795e-14,1.002975499e+03,2.975498647e+05,36
2.300000018e-01,1.000000000e-01,1.602560860e-05,-4.822940944e-14,1.002975498e+03,2.975497889e+05,36
2.400000018e-01,1.000000000e-01,1.596164979e-05,-6.526549690e-14,1.002975498e+03,2.975497752e+05,36
2.500000018e-01,1.000000000e-01,1.595024918e-05,-8.834749448e-14,1.002975498e+03,2.975497728e+05,36
2.600000018e-01,1.000000000e-01,1.594827280e-05,-1.064287733e-13,1.002975498e+03,2.975497724e+05,36
2.700000018e-01,1.000000000e-01,1.594793997e-05,-1.115505817e-13,1.002975498e+03,2.975497724e+05,36
2.800000018e-01,1.000000000e-01,1.594788452e-05,-1.060420967e-13,1.002975498e+03,2.975497724e+05,36
2.900000018e-01,1.000000000e-01,1.594787483e-05,-1.055339869e-13,1.002975498e+03,2.975497724e+05,36
3.000000018e-01,1.000000000e-01,1.594787317e-05,-1.143972537e-13,1.002975498e+03,2.975497724e+05,36
3.100000018e-01,1.000000000e-01,1.594787329e-05,-1.160654935e-13,1.002975498e+03,2.975497724e+05,36
3.200000018e-01,1.000000000e-01,1.594787373e-05,-1.082088848e-13,1.002975498e+03,2.975497724e+05,36
3.300000018e-01,1.000000000e-01,1.594787418e-05,-9.882111315e-14,1.002975498e+03,2.975497724e+05,36
3.400000018e-01,1.000000000e-01,1.594787439e-05,-8.806649925e-14,1.002975498e+03,2.975497724e+05,36
3.500000018e-01,1.000000000e-01,1.594787407e-05,-8.304850727e-14,1.002975498e+03,2.975497724e+05,36
3.600000018e-01,1.000000000e-01,1.594787333e-05,-9.834378042e-14,1.002975498e+03,2.975497724e+05,36
3.700000018e-01,1.000000000e-01,1.594787275e-05,-1.275260381e-13,1.002975498e+03,2.975497724e+05,36
3.800000018e-01,1.000000000e-01,1.594787322e-05,-1.411233094e-13,1.002975498e+03,2.975497724e+05,36
3.900000018e-01,1.000000000e-01,1.594787427e-05,-1.341712301e-13,1.002975498e+03,2.975497724e+05,36
4.000000018e-01,1.000000000e-01,1.594787459e-05,-1.294437599e-13,1.002975498e+03,2.975497724e+05,36
4.100000018e-01,1.000000000e-01,1.594787412e-05,-1.375830935e-13,1.002975498e+03,2.975497724e+05,36
4.200000018e-01,1.000000000e-01,1.594787332e-05,-1.460549467e-13,1.002975498e+03,2.975497724e+05,36
4.300000018e-01,1.000000000e-01,1.594787273e-05,-1.427207890e-13,1.002975498e+03,2.975497724e+05,36
4.400000018e-01,1.000000000e-01,1.594787321e-05,-1.292227822e-13,1.002975498e+03,2.975497724e+05,36
4.500000018e-01,1.000000000e-01,1.594787423e-05,-1.213315906e-13,1.002975498e+03,2.975497724e+05,36
4.600000018e-01,1.000000000e-01,1.594787444e-05,-1.310115522e-13,1.002975498e+03,2.975497724e+05,36
4.700000018e-01,1.000000000e-01,1.594787380e-05,-1.518975828e-13,1.002975498e+03,2.975497724e+05,36
4.800000018e-01,1.000000000e-01,1.594787305e-05,-1.623756232e-13,1.002975498e+03,2.975497724e+05,36
4.900000018e-01,1.000000000e-01,1.594787280e-05,-1.534760029e-13,1.002975498e+03,2.975497724e+05,36
5.000000018e-01,1.000000000e-01,1.594787355e-05,-1.412608946e-13,1.002975498e+03,2.975497724e+05,36
5.100000018e-01,1.000000000e-01,1.594787448e-05,-1.342100931e-13,1.002975498e+03,2.975497724e+05,36
5.200000018e-01,1.000000000e-01,1.594787441e-05,-9.970824371e-14,1.002975498e+03,2.975497724e+05,36
5.300000018e-01,1.000000000e-01,1.594787368e-05,-2.018056212e-14,1.002975498e+03,2.975497724e+05,36
5.400000018e-01,1.000000000e-01,1.594787320e-05,-2.398357186e-14,1.002975498e+03,2.975497724e+05,36
5.500000018e-01,1.000000000e-01,1.594787343e-05,-2.078283242e-13,1.002975498e+03,2.975497724e+05,36
5.600000018e-01,1.000000000e-01,1.594787408e-05,-3.700336630e-13,1.002975498e+03,2.975497724e+05,36
5.700000018e-01,1.000000000e-01,1.594787429e-05,-3.436723625e-13,1.002975498e+03,2.975497724e+05,36
5.800000018e-01,1.000000000e-01,1.594787347e-05,-2.595950795e-13,1.002975498e+03,2.975497724e+05,36
5.900000018e-01,1.000000000e-01,1.594787264e-05,-2.265595092e-13,1.002975498e+03,2.975497724e+05,36
6.000000018e-01,1.000000000e-01,1.594787336e-05,-2.217889580e-13,1.002975498e+03,2.975497724e+05,36
6.100000018e-01,1.000000000e-01,1.594787459e-05,-2.209437615e-13,1.002975498e+03,2.975497724e+05,36
6.200000018e-01,1.000000000e-01,1.594787466e-05,-2.202523006e-13,1.002975498e+03,2.975497724e+05,36
6.300000018e-01,1.000000000e-01,1.594787413e-05,-2.175748278e-13,1.002975498e+03,2.975497724e+05,36
6.400000018e-01,1.000000000e-01,1.594787389e-05,-2.083669137e-13,1.002975498e+03,2.975497724e+05,36
6.500000018e-01,1.000000000e-01,1.594787371e-05,-1.865241810e-13,1.002975498e+03,2.975497724e+05,36
6.600000018e-01,1.000000000e-01,1.594787326e-05,-1.559886063e-13,1.002975498e+03,2.975497724e+05,36
6.700000018e-01,1.000000000e-01,1.594787282e-05,-1.534722180e-13,1.002975498e+03,2.975497724e+05,36
6.800000018e-01,1.000000000e-01,1.594787313e-05,-2.053158572e-13,1.002975498e+03,2.975497724e+05,36
6.900000018e-01,1.000000000e-01,1.594787410e-05,-2.607359498e-13,1.002975498e+03,2.975497724e+05,36
7.000000018e-01,1.000000000e-01,1.594787445e-05,-2.677586008e-13,1.002975498e+03,2.975497724e+05,36
7.100000018e-01,1.000000000e-01,1.594787353e-05,-2.522409064e-13,1.002975498e+03,2.975497724e+05,36
7.200000018e-01,1.000000000e-01,1.594787262e-05,-2.468057851e-13,1.002975498e+03,2.975497724e+05,36
7.300000018e-01,1.000000000e-01,1.594787332e-05,-2.455657828e-13,1.002975498e+03,2.975497724e+05,36
7.400000018e-01,1.000000000e-01,1.594787458e-05,-2.363829374e-13,1.002975498e+03,2.975497724e+05,36
7.500000018e-01,1.000000000e-01,1.594787466e-05,-2.259249499e-13,1.002975498e+03,2.975497724e+05,36
7.600000018e-01,1.000000000e-01,1.594787414e-05,-2.263535780e-13,1.002975498e+03,2.975497724e+05,36
7.700000018e-01,1.000000000e-01,1.594787391e-05,-2.402920362e-13,1.002975498e+03,2.975497724e+05,36
7.800000018e-01,1.000000000e-01,1.594787374e-05,-2.579137312e-13,1.002975498e+03,2.975497724e+05,36
7.900000018e-01,1.000000000e-01,1.594787328e-05,-2.685296193e-13,1.002975498e+03,2.975497724e+05,36
8.000000018e-01,1.000000000e-01,1.594787279e-05,-2.679949205e-13,1.002975498e+03,2.975497724e+05,36
8.100000018e-01,1.000000000e-01,1.594787306e-05,-2.520906367e-13,1.002975498e+03,2.975497724e+05,36
8.200000018e-01,1.000000000e-01,1.594787405e-05,-2.189880857e-13,1.002975498e+03,2.975497724e+05,36
8.300000018e-01,1.000000000e-01,1.594787446e-05,-1.891659822e-13,1.002975498e+03,2.975497724e+05,36
8.400000018e-01,1.000000000e-01,1.594787355e-05,-1.887743154e-13,1.002975498e+03,2.975497724e+05,36
8.500000018e-01,1.000000000e-01,1.594787263e-05,-2.160483271e-13,1.002975498e+03,2.975497724e+05,36
8.600000018e-01,1.000000000e-01,1.594787334e-05,-2.441142861e-13,1.002975498e+03,2.975497724e+05,36
8.700000018e-01,1.000000000e-01,1.594787458e-05,-2.540389923e-13,1.002975498e+03,2.975497724e+05,36
8.800000018e-01,1.000000000e-01,1.594787466e-05,-2.574596794e-13,1.002975498e+03,2.975497724e+05,36
8.900000018e-01,1.000000000e-01,1.594787413e-05,-2.699826701e-13,1.002975498e+03,2.975497724e+05,36
9.000000018e-01,1.000000000e-01,1.594787380e-05,-2.783837907e-13,1.002975498e+03,2.975497724e+05,36
9.100000018e-01,1.000000000e-01,1.594787338e-05,-2.715564061e-13,1.002975498e+03,2.975497724e+05,36
9.200000018e-01,1.000000000e-01,1.594787287e-05,-2.639013886e-13,1.002975498e+03,2.975497724e+05,36
9.300000018e-01,1.000000000e-01,1.594787313e-05,-2.574502350e-13,1.002975498e+03,2.975497724e+05,36
9.400000018e-01,1.000000000e-01,1.594787412e-05,-2.390984522e-13,1.002975498e+03,2.975497724e+05,36
9.500000018e-01,1.000000000e-01,1.594787450e-05,-2.140912039e-13,1.002975498e+03,2.975497724e+05,36
9.600000018e-01,1.000000000e-01,1.594787378e-05,-2.031765764e-13,1.002975498e+03,2.975497724e+05,36
9.700000018e-01,1.000000000e-01,1.594787370e-05,-2.071697863e-13,1.002975498e+03,2.975497724e+05,36
9.800000018e-01,1.000000000e-01,1.594787538e-05,-2.084407236e-13,1.002975498e+03,2.975497724e+05,36
9.900000018e-01,1.000000000e-01,1.594787587e-05,-2.026168548e-13,1.002975498e+03,2.975497724e+05,36
1.000000002e+00,1.000000000e-01,1.594787367e-05,-2.023309813e-13,1.002975498e+03,2.975497724e+05,36
1.010000002e+00,1.000000000e-01,1.594787216e-05,-2.140666120e-13,1.002975498e+03,2.975497724e+05,36
1.020000002e+00,1.000000000e-01,1.594787268e-05,-2.315046655e-13,1.002975498e+03,2.975497724e+05,36
1.030000002e+00,1.000000000e-01,1.594787342e-05,-2.472728894e-13,1.002975498e+03,2.975497724e+05,36
1.040000002e+00,1.000000000e-01,1.594787367e-05,-2.596797233e-13,1.002975498e+03,2.975497724e+05,36
1.050000002e+00,1.000000000e-01,1.594787371e-05,-2.705601756e-13,1.002975498e+03,2.975497724e+05,36
1.060000002e+00,1.000000000e-01,1.594787370e-05,-2.757603870e-13,1.002975498e+03,2.975497724e+05,36
1.070000002e+00,1.000000000e-01,1.594787358e-05,-2.660645799e-13,1.002975498e+03,2.975497724e+05,36
1.080000002e+00,1.000000000e-01,1.594787315e-05,-2.511358086e-13,1.002975498e+03,2.975497724e+05,36
1.090000002e+00,1.000000000e-01,1.594787227e-05,-2.427096959e-13,1.002975498e+03,2.975497724e+05,36
1.100000002e+00,1.000000000e-01,1.594787141e-05,-2.204545012e-13,1.002975498e+03,2.975497724e+05,36
1.110000002e+00,1.000000000e-01,1.594787142e-05,-1.997241367e-13,1.002975498e+03,2.975497724e+05,36
1.120000002e+00,1.000000000e-01,1.594787307e-05,-2.205598757e-13,1.002975498e+03,2.975497724e+05,36
1.130000002e+00,1.000000000e-01,1.594787602e-05,-2.144311517e-13,1.002975498e+03,2.975497724e+05,36
1.140000002e+00,1.000000000e-01,1.594787736e-05,-1.165383751e-13,1.002975498e+03,2.975497724e+05,36
1.150000002e+00,1.000000000e-01,1.594787536e-05,-7.314297220e-14,1.002975498e+03,2.975497724e+05,36
1.160000002e+00,1.000000000e-01,1.594787255e-05,-2.132355657e-13,1.002975498e+03,2.975497724e+05,36
1.170000002e+00,1.000000000e-01,1.594787204e-05,-3.639827858e-13,1.002975498e+03,2.975497724e+05,36
1.180000002e+00,1.000000000e-01,1.594787379e-05,-3.444384421e-13,1.002975498e+03,2.975497724e+05,36
1.190000002e+00,1.000000000e-01,1.594787499e-05,-2.361641541e-13,1.002975498e+03,2.975497724e+05,36
1.200000002e+00,1.000000000e-01,1.594787460e-05,-1.600882184e-13,1.002975498e+03,2.975497724e+05,36
1.210000002e+00,1.000000000e-01,1.594787399e-05,-1.290540737e-13,1.002975498e+03,2.975497724e+05,36
1.220000002e+00,1.000000000e-01,1.594787377e-05,-1.234936674e-13,1.002975498e+03,2.975497724e+05,36
1.230000002e+00,1.000000000e-01,1.594787372e-05,-1.257956265e-13,1.002975498e+03,2.975497724e+05,36
1.240000002e+00,1.000000000e-01,1.594787370e-05,-1.268570435e-13,1.002975498e+03,2.975497724e+05,36
1.250000002e+00,1.000000000e-01,1.594787369e-05,-1.241968376e-13,1.002975498e+03,2.975497724e+05,36
1.260000002e+00,1.000000000e-01,1.594787367e-05,-1.211109901e-13,1.002975498e+03,2.975497724e+05,36
1.270000002e+00,1.000000000e-01,1.594787367e-05,-1.248966788e-13,1.002975498e+03,2.975497724e+05,36
1.280000002e+00,1.000000000e-01,1.594787370e-05,-1.337007210e-13,1.002975498e+03,2.975497724e+05,36
1.290000002e+00,1.000000000e-01,1.594787373e-05,-1.408766630e-13,1.002975498e+03,2.975497724e+05,36
1.300000002e+00,1.000000000e-01,1.594787372e-05,-1.457730974e-13,1.002975498e+03,2.975497724e+05,36
1.310000002e+00,1.000000000e-01,1.594787368e-05,-1.451962133e-13,1.002975498e+03,2.975497724e+05,36
1.320000002e+00,1.000000000e-01,1.594787356e-05,-1.367704359e-13,1.002975498e+03,2.975497724e+05,36
1.330000002e+00,1.000000000e-01,1.594787314e-05,-1.320320798e-13,1.002975498e+03,2.975497724e+05,36
1.340000002e+00,1.000000000e-01,1.594787228e-05,-1.410671039e-13,1.002975498e+03,2.975497724e+05,36
1.350000002e+00,1.000000000e-01,1.594787143e-05,-1.622457918e-13,1.002975498e+03,2.975497724e+05,36
1.360000002e+00,1.000000000e-01,1.594787144e-05,-1.861804778e-13,1.002975498e+03,2.975497724e+05,36
1.370000002e+00,1.000000000e-01,1.594787308e-05,-2.059350990e-13,1.002975498e+03,2.975497724e+05,36
1.380000002e+00,1.000000000e-01,1.594787592e-05,-2.163516864e-13,1.002975498e+03,2.975497724e+05,36
1.390000002e+00,1.000000000e-01,1.594787722e-05,-2.040635472e-13,1.002975498e+03,2.975497724e+05,36
1.400000002e+00,1.000000000e-01,1.594787550e-05,-1.586742575e-13,1.002975498e+03,2.975497724e+05,36
1.410000002e+00,1.000000000e-01,1.594787291e-05,-9.880226554e-14,1.002975498e+03,2.975497724e+05,36
1.420000002e+00,1.000000000e-01,1.594787214e-05,-5.631221958e-14,1.002975498e+03,2.975497724e+05,36
1.430000002e+00,1.000000000e-01,1.594787359e-05,-4.116587059e-14,1.002975498e+03,2.975497724e+05,36
1.440000002e+00,1.000000000e-01,1.594787484e-05,-5.140186783e-14,1.002975498e+03,2.975497724e+05,36
1.450000002e+00,1.000000000e-01,1.594787456e-05,-8.179490900e-14,1.002975498e+03,2.975497724e+05,36
1.460000002e+00,1.000000000e-01,1.594787398e-05,-1.099451602e-13,1.002975498e+03,2.975497724e+05,36
1.470000002e+00,1.000000000e-01,1.594787375e-05,-1.127977791e-13,1.002975498e+03,2.975497724e+05,36
1.480000002e+00,1.000000000e-01,1.594787371e-05,-9.495326641e-14,1.002975498e+03,2.975497724e+05,36
1.490000002e+00,1.000000000e-01,1.594787372e-05,-7.891529195e-14,1.002975498e+03,2.975497724e+05,36
1.500000002e+00,1.000000000e-01,1.594787372e-05,-7.646630391e-14,1.002975498e+03,2.975497724e+05,36
1.510000002e+00,1.000000000e-01,1.594787372e-05,-8.378822721e-14,1.002975498e+03,2.975497724e+05,36
1.520000002e+00,1.000000000e-01,1.594787371e-05,-9.199653137e-14,1.002975498e+03,2.975497724e+05,36
1.530000002e+00,1.000000000e-01,1.594787371e-05,-9.594924147e-14,1.002975498e+03,2.975497724e+05,36
1.540000002e+00,1.000000000e-01,1.594787371e-05,-9.709706996e-14,1.002975498e+03,2.975497724e+05,36
1.550000002e+00,1.000000000e-01,1.594787371e-05,-9.801051824e-14,1.002975498e+03,2.975497724e+05,36
1.560000002e+00,1.000000000e-01,1.594787370e-05,-1.014988559e-13,1.002975498e+03,2.975497724e+05,36
1.570000002e+00,1.000000000e-01,1.594787368e-05,-1.142629341e-13,1.002975498e+03,2.975497724e+05,36
1.580000002e+00,1.000000000e-01,1.594787358e-05,-1.412117979e-13,1.002975498e+03,2.975497724e+05,36
1.590000002e+00,1.000000000e-01,1.594787316e-05,-1.687318250e-13,1.002975498e+03,2.975497724e+05,36
1.600000002e+00,1.000000000e-01,1.594787230e-05,-1.892434923e-13,1.002975498e+03,2.975497724e+05,36
1.610000002e+00,1.000000000e-01,1.594787144e-05,-2.236621454e-13,1.002975498e+03,2.975497724e+05,36
1.620000002e+00,1.000000000e-01,1.594787142e-05,-2.438054430e-13,1.002975498e+03,2.975497724e+05,36
1.630000002e+00,1.000000000e-01,1.594787310e-05,-1.781258373e-13,1.002975498e+03,2.975497724e+05,36
1.640000002e+00,1.000000000e-01,1.594787626e-05,-1.689062412e-14,1.002975498e+03,2.975497724e+05,36
1.650000002e+00,1.000000000e-01,1.594787766e-05,1.769148477e-13,1.002975498e+03,2.975497724e+05,36
1.660000002e+00,1.000000000e-01,1.594787511e-05,1.967414620e-13,1.002975498e+03,2.975497724e+05,36
1.670000002e+00,1.000000000e-01,1.594787184e-05,-1.048890251e-13,1.002975498e+03,2.975497724e+05,36
1.680000002e+00,1.000000000e-01,1.594787178e-05,-4.065757761e-13,1.002975498e+03,2.975497724e+05,36
1.690000002e+00,1.000000000e-01,1.594787402e-05,-3.810608469e-13,1.002975498e+03,2.975497724e+05,36
1.700000002e+00,1.000000000e-01,1.594787495e-05,-2.028221790e-13,1.002975498e+03,2.975497724e+05,36
1.710000002e+00,1.000000000e-01,1.594787286e-05,-1.116436927e-13,1.002975498e+03,2.975497724e+05,36
1.720000002e+00,1.000000000e-01,1.594786312e-05,-1.042231402e-13,1.002975498e+03,2.975497724e+05,36
1.730000002e+00,1.000000000e-01,1.594780806e-05,-1.199836001e-13,1.002975498e+03,2.975497724e+05,36
1.740000002e+00,1.000000000e-01,1.594747541e-05,-1.367857324e-13,1.002975498e+03,2.975497724e+05,36
1.750000002e+00,1.000000000e-01,1.594549862e-05,-1.400493327e-13,1.002975498e+03,2.975497728e+05,36
1.760000002e+00,1.000000000e-01,1.593409701e-05,-1.198598954e-13,1.002975498e+03,2.975497752e+05,36
1.770000002e+00,1.000000000e-01,1.587013759e-05,-8.804705713e-14,1.002975498e+03,2.975497889e+05,36
1.780000002e+00,1.000000000e-01,1.551967434e-05,-6.839978431e-14,1.002975499e+03,2.975498647e+05,36
1.790000002e+00,1.000000000e-01,1.365487724e-05,-7.035867915e-14,1.002975503e+03,2.975502708e+05,36
1.800000002e+00,1.000000000e-01,4.108723143e-06,-7.673237526e-14,1.002975524e+03,2.975524045e+05,36
1.810000001e+00,1.000000000e-01,-4.326825754e-05,-6.564891788e-14,1.002975632e+03,2.975632370e+05,36
1.819999999e+00,1.000000000e-01,-2.727641497e-04,-4.720083363e-14,1.002976155e+03,2.976154790e+05,36
1.829999989e+00,1.000000000e-01,-1.336488370e-03,-5.157393193e-14,1.002978606e+03,2.978606480e+05,36
1.839999941e+00,1.000000000e-01,-6.020218234e-03,-7.938554927e-14,1.002989872e+03,2.989872411e+05,36
1.849999720e+00,1.000000000e-01,-2.623661678e-02,-1.027886706e-13,1.003038086e+03,3.038085673e+05,36
1.859998736e+00,1.000000000e-01,-1.095610886e-01,-1.043362929e-13,1.003235020e+03,3.235020068e+05,36
1.869994765e+00,1.000000000e-01,-4.194852792e-01,-9.285080030e-14,1.004049054e+03,4.049053710e+05,36
1.879978581e+00,1.000000000e-01,-1.640180611e+00,-8.940611001e-14,1.007032525e+03,7.032524943e+05,36
1.889912956e+00,1.000000000e-01,-5.948023544e+00,-1.056861527e-13,1.015913527e+03,1.591352666e+06,38
1.899707854e+00,1.000000000e-01,-1.780155724e+01,-1.282455719e-13,1.068346752e+03,6.834675225e+06,38
1.909269411e+00,1.000000000e-01,-3.846892115e+01,-1.127499807e-13,1.223001068e+03,2.230010685e+07,38
1.918963361e+00,1.000000000e-01,-4.005833847e+01,-4.184108894e-14,1.315724074e+03,3.157240743e+07,36
1.929392425e+00,1.000000000e-01,-1.221894731e+01,1.547517281e-14,1.173993254e+03,1.739932543e+07,38
1.939905337e+00,1.000000000e-01,-9.445139277e-01,1.699779200e-15,1.054016079e+03,5.401607899e+06,39
1.949652327e+00,1.000000000e-01,-1.772959062e+01,-3.481475435e-14,1.084333704e+03,8.433370352e+06,36
1.958715200e+00,1.000000000e-01,-4.424982833e+01,-5.608460889e-14,1.203201668e+03,2.032016679e+07,35
1.969725250e+00,1.000000000e-01,-1.895463581e+01,-5.715561736e-14,1.202545878e+03,2.025458783e+07,36
1.989618942e+00,1.000000000e-01,1.707035195e+01,-8.274574605e-14,9.202833160e+02,-7.971668397e+06,34
1.181281551e-02,1.000000000e-01,9.565269920e+01,6.177478574e-14,9.456311672e+02,-5.436883278e+06,36
1.969174614e+00,1.000000000e-01,-9.614627732e+01,-1.803420287e-13,1.207005848e+03,2.070058480e+07,36
3.081714166e-02,1.101029772e-01,9.640652958e+01,3.666735392e+00,1.201244207e+03,2.012442069e+07,38
1.988166955e+00,1.101121505e-01,-9.633100987e+01,3.399163754e+00,9.436528345e+02,-5.634716553e+06,36
1.039265037e-02,1.101202650e-01,-1.650479065e+01,3.531004350e+00,9.179411446e+02,-8.205885540e+06,34
3.026451911e-02,1.100841972e-01,1.919282383e+01,3.425580775e+00,1.196947409e+03,1.969474092e+07,36
4.126530165e-02,1.099989098e-01,4.455302055e+01,2.639210628e+00,1.190471072e+03,1.904710719e+07,35
5.043459349e-02,1.097064378e-01,1.975842458e+01,-1.608521176e+00,1.063127633e+03,6.312763331e+06,34
6.041636780e-02,1.092126488e-01,6.870155309e+00,-1.001191664e+01,1.025485869e+03,2.548586885e+06,37
7.104456032e-02,1.091339694e-01,2.031646313e+01,-1.300149926e+01,1.125703814e+03,1.257038141e+07,36
8.125288995e-02,1.095792254e-01,4.146546452e+01,-5.457842911e+00,1.236888537e+03,2.368885367e+07,35
9.075395064e-02,1.099292688e-01,3.509937499e+01,9.202201821e-01,1.169193816e+03,1.691938160e+07,36
1.002822761e-01,1.100130734e-01,1.594746008e+01,1.860248866e+00,1.054988771e+03,5.498877080e+06,38
1.100818418e-01,1.100073326e-01,5.371245074e+00,7.515471873e-01,1.014879665e+03,1.487966533e+06,37
1.200201406e-01,1.100016500e-01,1.501393845e+00,1.660579114e-01,1.006750802e+03,6.750802344e+05,36
1.300049900e-01,1.100003412e-01,3.939548794e-01,3.438443454e-02,1.003982213e+03,3.982213345e+05,36
1.400012105e-01,1.100000722e-01,1.036855138e-01,7.673301214e-03,1.003221515e+03,3.221515347e+05,36
1.500002715e-01,1.100000117e-01,2.498300225e-02,1.464948461e-03,1.003035606e+03,3.035606174e+05,36
1.600000605e-01,1.099999993e-01,5.788236847e-03,1.384579713e-04,1.002989623e+03,2.989622728e+05,36
1.700000143e-01,1.099999968e-01,1.314499308e-03,-1.335234784e-04,1.002978840e+03,2.978840087e+05,36
1.800000043e-01,1.099999963e-01,2.938520728e-04,-1.888853014e-04,1.002976487e+03,2.976486718e+05,36
1.900000023e-01,1.099999962e-01,7.307254101e-05,-1.998700217e-04,1.002975984e+03,2.975983544e+05,36
2.000000019e-01,1.099999962e-01,2.739191621e-05,-2.019781267e-04,1.002975879e+03,2.975878963e+05,36
2.100000018e-01,1.099999962e-01,1.816782957e-05,-2.023738163e-04,1.002975858e+03,2.975858329e+05,36
2.200000018e-01,1.099999962e-01,1.636296811e-05,-2.024463077e-04,1.002975854e+03,2.975854396e+05,36
2.300000018e-01,1.099999962e-01,1.602331760e-05,-2.024592041e-04,1.002975854e+03,2.975853662e+05,36
2.400000018e-01,1.099999962e-01,1.596125766e-05,-2.024614435e-04,1.002975854e+03,2.975853529e+05,36
2.500000018e-01,1.099999962e-01,1.595018357e-05,-2.024618241e-04,1.002975854e+03,2.975853506e+05,36
2.600000018e-01,1.099999962e-01,1.594826204e-05,-2.024618872e-04,1.002975854e+03,2.975853502e+05,36
2.700000018e-01,1.099999962e-01,1.594793819e-05,-2.024618975e-04,1.002975854e+03,2.975853501e+05,36
2.800000018e-01,1.099999962e-01,1.594788421e-05,-2.024618991e-04,1.002975854e+03,2.975853501e+05,36
2.900000018e-01,1.099999962e-01,1.594787477e-05,-2.024618994e-04,1.002975854e+03,2.975853501e+05,36
3.000000018e-01,1.099999962e-01,1.594787314e-05,-2.024618993e-04,1.002975854e+03,2.975853501e+05,36
3.100000018e-01,1.099999962e-01,1.594787325e-05,-2.024618993e-04,1.002975854e+03,2.975853501e+05,36
3.200000018e-01,1.099999962e-01,1.594787367e-05,-2.024618993e-04,1.002975854e+03,2.975853501e+05,36
3.300000018e-01,1.099999962e-01,1.594787412e-05,-2.024618994e-04,1.002975854e+03,2.975853501e+05,36
3.400000018e-01,1.099999962e-01,1.594787433e-05,-2.024618994e-04,1.002975854e+03,2.975853501e+05,36
3.500000018e-01,1.099999962e-01,1.594787400e-05,-2.024618994e-04,1.002975854e+03,2.975853501e+05,36
3.600000018e-01,1.099999962e-01,1.594787327e-05,-2.024618994e-04,1.002975854e+03,2.975853501e+05,36
3.700000018e-01,1.099999962e-01,1.594787272e-05,-2.024618994e-04,1.002975854e+03,2.975853501e+05,36
3.800000018e-01,1.099999962e-01,1.594787319e-05,-2.024618993e-04,1.002975854e+03,2.975853501e+05,36
3.900000018e-01,1.099999962e-01,1.594787422e-05,-2.024618993e-04,1.002975854e+03,2.975853501e+05,36
4.000000018e-01,1.099999962e-01,1.594787452e-05,-2.024618993e-04,1.002975854e+03,2.975853501e+05,36
4.100000018e-01,1.099999962e-01,1.594787405e-05,-2.024618994e-04,1.002975854e+03,2.975853501e+05,36
4.200000018e-01,1.099999962e-01,1.594787328e-05,-2.024618994e-04,1.002975854e+03,2.975853501e+05,36
4.300000018e-01,1.099999962e-01,1.594787273e-05,-2.024618993e-04,1.002975854e+03,2.975853501e+05,36
4.400000018e-01,1.099999962e-01,1.594787318e-05,-2.024618993e-04,1.002975854e+03,2.975853501e+05,36
4.500000018e-01,1.099999962e-01,1.594787417e-05,-2.024618993e-04,1.002975854e+03,2.975853501e+05,36
4.600000018e-01,1.099999962e-01,1.594787436e-05,-2.024618993e-04,1.002975854e+03,2.975853501e+05,36
4.700000018e-01,1.099999962e-01,1.594787373e-05,-2.024618993e-04,1.002975854e+03,2.975853501e+05,36
4.800000018e-01,1.099999962e-01,1.594787301e-05,-2.024618993e-04,1.002975854e+03,2.975853501e+05,36
4.900000018e-01,1.099999962e-01,1.594787277e-05,-2.024618993e-04,1.002975854e+03,2.975853501e+05,36
5.000000018e-01,1.099999962e-01,1.594787350e-05,-2.024618993e-04,1.002975854e+03,2.975853501e+05,36
5.100000018e-01,1.099999962e-01,1.594787444e-05,-2.024618993e-04,1.002975854e+03,2.975853501e+05,36
5.200000018e-01,1.099999962e-01,1.594787442e-05,-2.024618993e-04,1.002975854e+03,2.975853501e+05,36
5.300000018e-01,1.099999962e-01,1.594787367e-05,-2.024618992e-04,1.002975854e+03,2.975853501e+05,36
5.400000018e-01,1.099999962e-01,1.594787303e-05,-2.024618993e-04,1.002975854e+03,2.975853501e+05,36
5.500000018e-01,1.099999962e-01,1.594787319e-05,-2.024618995e-04,1.002975854e+03,2.975853501e+05,36
5.600000018e-01,1.099999962e-01,1.594787400e-05,-2.024618995e-04,1.002975854e+03,2.975853501e+05,36
5.700000018e-01,1.099999962e-01,1.594787434e-05,-2.024618995e-04,1.002975854e+03,2.975853501e+05,36
5.800000018e-01,1.099999962e-01,1.594787347e-05,-2.024618994e-04,1.002975854e+03,2.975853501e+05,36
5.900000018e-01,1.099999962e-01,1.594787257e-05,-2.024618994e-04,1.002975854e+03,2.975853501e+05,36
6.000000018e-01,1.099999962e-01,1.594787329e-05,-2.024618994e-04,1.002975854e+03,2.975853501e+05,36
6.100000018e-01,1.099999962e-01,1.594787456e-05,-2.024618994e-04,1.002975854e+03,2.975853501e+05,36
6.200000018e-01,1.099999962e-01,1.594787464e-05,-2.024618994e-04,1.002975854e+03,2.975853501e+05,36
6.300000018e-01,1.099999962e-01,1.594787410e-05,-2.024618994e-04,1.002975854e+03,2.975853501e+05,36
6.400000018e-01,1.099999962e-01,1.594787385e-05,-2.024618994e-04,1.002975854e+03,2.975853501e+05,36
6.500000018e-01,1.099999962e-01,1.594787367e-05,-2.024618994e-04,1.002975854e+03,2.975853501e+05,36
6.600000018e-01,1.099999962e-01,1.594787322e-05,-2.024618994e-04,1.002975854e+03,2.975853501e+05,36
6.700000018e-01,1.099999962e-01,1.594787274e-05,-2.024618994e-04,1.002975854e+03,2.975853501e+05,36
6.800000018e-01,1.099999962e-01,1.594787303e-05,-2.024618994e-04,1.002975854e+03,2.975853501e+05,36
6.900000018e-01,1.099999962e-01,1.594787403e-05,-2.024618994e-04,1.002975854e+03,2.975853501e+05,36
7.000000018e-01,1.099999962e-01,1.594787442e-05,-2.024618994e-04,1.002975854e+03,2.975853501e+05,36
7.100000018e-01,1.099999962e-01,1.594787348e-05,-2.024618994e-04,1.002975854e+03,2.975853501e+05,36
7.200000018e-01,1.099999962e-01,1.594787255e-05,-2.024618994e-04,1.002975854e+03,2.975853501e+05,36
7.300000018e-01,1.099999962e-01,1.594787327e-05,-2.024618995e-04,1.002975854e+03,2.975853501e+05,36
7.400000018e-01,1.099999962e-01,1.594787455e-05,-2.024618995e-04,1.002975854e+03,2.975853501e+05,36
7.500000018e-01,1.099999962e-01,1.594787464e-05,-2.024618994e-04,1.002975854e+03,2.975853501e+05,36
7.600000018e-01,1.099999962e-01,1.594787410e-05,-2.024618994e-04,1.002975854e+03,2.975853501e+05,36
7.700000018e-01,1.099999962e-01,1.594787384e-05,-2.024618994e-04,1.002975854e+03,2.975853501e+05,36
7.800000018e-01,1.099999962e-01,1.594787367e-05,-2.024618994e-04,1.002975854e+03,2.975853501e+05,36
7.900000018e-01,1.099999962e-01,1.594787322e-05,-2.024618995e-04,1.002975854e+03,2.975853501e+05,36
8.000000018e-01,1.099999962e-01,1.594787275e-05,-2.024618995e-04,1.002975854e+03,2.975853501e+05,36
8.100000018e-01,1.099999962e-01,1.594787303e-05,-2.024618995e-04,1.002975854e+03,2.975853501e+05,36
8.200000018e-01,1.099999962e-01,1.594787404e-05,-2.024618994e-04,1.002975854e+03,2.975853501e+05,36
8.300000018e-01,1.099999962e-01,1.594787444e-05,-2.024618994e-04,1.002975854e+03,2.975853501e+05,36
8.400000018e-01,1.099999962e-01,1.594787348e-05,-2.024618994e-04,1.002975854e+03,2.975853501e+05,36
8.500000018e-01,1.099999962e-01,1.594787254e-05,-2.024618994e-04,1.002975854e+03,2.975853501e+05,36
8.600000018e-01,1.099999962e-01,1.594787326e-05,-2.024618995e-04,1.002975854e+03,2.975853501e+05,36
8.700000018e-01,1.099999962e-01,1.594787454e-05,-2.024618995e-04,1.002975854e+03,2.975853501e+05,36
8.800000018e-01,1.099999962e-01,1.594787464e-05,-2.024618994e-04,1.002975854e+03,2.975853501e+05,36
8.900000018e-01,1.099999962e-01,1.594787409e-05,-2.024618994e-04,1.002975854e+03,2.975853501e+05,36
9.000000018e-01,1.099999962e-01,1.594787375e-05,-2.024618994e-04,1.002975854e+03,2.975853501e+05,36
9.100000018e-01,1.099999962e-01,1.594787332e-05,-2.024618994e-04,1.002975854e+03,2.975853501e+05,36
9.200000018e-01,1.099999962e-01,1.594787281e-05,-2.024618994e-04,1.002975854e+03,2.975853501e+05,36
9.300000018e-01,1.099999962e-01,1.594787307e-05,-2.024618995e-04,1.002975854e+03,2.975853501e+05,36
9.400000018e-01,1.099999962e-01,1.594787409e-05,-2.024618995e-04,1.002975854e+03,2.975853501e+05,36
9.500000018e-01,1.099999962e-01,1.594787448e-05,-2.024618995e-04,1.002975854e+03,2.975853501e+05,36
9.600000018e-01,1.099999962e-01,1.594787374e-05,-2.024618994e-04,1.002975854e+03,2.975853501e+05,36
9.700000018e-01,1.099999962e-01,1.594787363e-05,-2.024618994e-04,1.002975854e+03,2.975853501e+05,36
9.800000018e-01,1.099999962e-01,1.594787530e-05,-2.024618995e-04,1.002975854e+03,2.975853501e+05,36
9.900000018e-01,1.099999962e-01,1.594787580e-05,-2.024618996e-04,1.002975854e+03,2.975853501e+05,36
1.000000002e+00,1.099999962e-01,1.594787364e-05,-2.024618995e-04,1.002975854e+03,2.975853501e+05,36
1.010000002e+00,1.099999962e-01,1.594787216e-05,-2.024618995e-04,1.002975854e+03,2.975853501e+05,36
1.020000002e+00,1.099999962e-01,1.594787265e-05,-2.024618994e-04,1.002975854e+03,2.975853501e+05,36
1.030000002e+00,1.099999962e-01,1.594787334e-05,-2.024618994e-04,1.002975854e+03,2.975853501e+05,36
1.040000002e+00,1.099999962e-01,1.594787359e-05,-2.024618994e-04,1.002975854e+03,2.975853501e+05,36
1.050000002e+00,1.099999962e-01,1.594787365e-05,-2.024618994e-04,1.002975854e+03,2.975853501e+05,36
1.060000002e+00,1.099999962e-01,1.594787364e-05,-2.024618994e-04,1.002975854e+03,2.975853501e+05,36
1.070000002e+00,1.099999962e-01,1.594787353e-05,-2.024618995e-04,1.002975854e+03,2.975853501e+05,36
1.080000002e+00,1.099999962e-01,1.594787310e-05,-2.024618995e-04,1.002975854e+03,2.975853501e+05,36
1.090000002e+00,1.099999962e-01,1.594787229e-05,-2.024618994e-04,1.002975854e+03,2.975853501e+05,36
1.100000002e+00,1.099999962e-01,1.594787148e-05,-2.024618993e-04,1.002975854e+03,2.975853501e+05,36
1.110000002e+00,1.099999962e-01,1.594787137e-05,-2.024618991e-04,1.002975854e+03,2.975853501e+05,36
1.120000002e+00,1.099999962e-01,1.594787290e-05,-2.024618993e-04,1.002975854e+03,2.975853501e+05,36
1.130000002e+00,1.099999962e-01,1.594787593e-05,-2.024618995e-04,1.002975854e+03,2.975853501e+05,36
1.140000002e+00,1.099999962e-01,1.594787738e-05,-2.024618995e-04,1.002975854e+03,2.975853501e+05,36
1.150000002e+00,1.099999962e-01,1.594787530e-05,-2.024618995e-04,1.002975854e+03,2.975853501e+05,36
1.160000002e+00,1.099999962e-01,1.594787240e-05,-2.024618995e-04,1.002975854e+03,2.975853501e+05,36
1.170000002e+00,1.099999962e-01,1.594787195e-05,-2.024618995e-04,1.002975854e+03,2.975853501e+05,36
1.180000002e+00,1.099999962e-01,1.594787379e-05,-2.024618995e-04,1.002975854e+03,2.975853501e+05,36
1.190000002e+00,1.099999962e-01,1.594787501e-05,-2.024618995e-04,1.002975854e+03,2.975853501e+05,36
1.200000002e+00,1.099999962e-01,1.594787460e-05,-2.024618995e-04,1.002975854e+03,2.975853501e+05,36
1.210000002e+00,1.099999962e-01,1.594787396e-05,-2.024618994e-04,1.002975854e+03,2.975853501e+05,36
1.220000002e+00,1.099999962e-01,1.594787372e-05,-2.024618994e-04,1.002975854e+03,2.975853501e+05,36
1.230000002e+00,1.099999962e-01,1.594787367e-05,-2.024618994e-04,1.002975854e+03,2.975853501e+05,36
1.240000002e+00,1.099999962e-01,1.594787366e-05,-2.024618994e-04,1.002975854e+03,2.975853501e+05,36
1.250000002e+00,1.099999962e-01,1.594787365e-05,-2.024618994e-04,1.002975854e+03,2.975853501e+05,36
1.260000002e+00,1.099999962e-01,1.594787363e-05,-2.024618994e-04,1.002975854e+03,2.975853501e+05,36
1.270000002e+00,1.099999962e-01,1.594787363e-05,-2.024618994e-04,1.002975854e+03,2.975853501e+05,36
1.280000002e+00,1.099999962e-01,1.594787366e-05,-2.024618994e-04,1.002975854e+03,2.975853501e+05,36
1.290000002e+00,1.099999962e-01,1.594787367e-05,-2.024618994e-04,1.002975854e+03,2.975853501e+05,36
1.300000002e+00,1.099999962e-01,1.594787366e-05,-2.024618994e-04,1.002975854e+03,2.975853501e+05,36
1.310000002e+00,1.099999962e-01,1.594787362e-05,-2.024618994e-04,1.002975854e+03,2.975853501e+05,36
1.320000002e+00,1.099999962e-01,1.594787349e-05,-2.024618995e-04,1.002975854e+03,2.975853501e+05,36
1.330000002e+00,1.099999962e-01,1.594787310e-05,-2.024618995e-04,1.002975854e+03,2.975853501e+05,36
1.340000002e+00,1.099999962e-01,1.594787229e-05,-2.024618994e-04,1.002975854e+03,2.975853501e+05,36
1.350000002e+00,1.099999962e-01,1.594787143e-05,-2.024618993e-04,1.002975854e+03,2.975853501e+05,36
1.360000002e+00,1.099999962e-01,1.594787139e-05,-2.024618992e-04,1.002975854e+03,2.975853501e+05,36
1.370000002e+00,1.099999962e-01,1.594787299e-05,-2.024618992e-04,1.002975854e+03,2.975853501e+05,36
1.380000002e+00,1.099999962e-01,1.594787583e-05,-2.024618993e-04,1.002975854e+03,2.975853501e+05,36
1.390000002e+00,1.099999962e-01,1.594787715e-05,-2.024618994e-04,1.002975854e+03,2.975853501e+05,36
1.400000002e+00,1.099999962e-01,1.594787547e-05,-2.024618994e-04,1.002975854e+03,2.975853501e+05,36
1.410000002e+00,1.099999962e-01,1.594787290e-05,-2.024618994e-04,1.002975854e+03,2.975853501e+05,36
1.420000002e+00,1.099999962e-01,1.594787210e-05,-2.024618994e-04,1.002975854e+03,2.975853501e+05,36
1.430000002e+00,1.099999962e-01,1.594787354e-05,-2.024618994e-04,1.002975854e+03,2.975853501e+05,36
1.440000002e+00,1.099999962e-01,1.594787478e-05,-2.024618994e-04,1.002975854e+03,2.975853501e+05,36
1.450000002e+00,1.099999962e-01,1.594787451e-05,-2.024618994e-04,1.002975854e+03,2.975853501e+05,36
1.460000002e+00,1.099999962e-01,1.594787393e-05,-2.024618994e-04,1.002975854e+03,2.975853501e+05,36
1.470000002e+00,1.099999962e-01,1.594787372e-05,-2.024618993e-04,1.002975854e+03,2.975853501e+05,36
1.480000002e+00,1.099999962e-01,1.594787369e-05,-2.024618993e-04,1.002975854e+03,2.975853501e+05,36
1.490000002e+00,1.099999962e-01,1.594787368e-05,-2.024618993e-04,1.002975854e+03,2.975853501e+05,36
1.500000002e+00,1.099999962e-01,1.594787367e-05,-2.024618993e-04,1.002975854e+03,2.975853501e+05,36
1.510000002e+00,1.099999962e-01,1.594787366e-05,-2.024618993e-04,1.002975854e+03,2.975853501e+05,36
1.520000002e+00,1.099999962e-01,1.594787366e-05,-2.024618993e-04,1.002975854e+03,2.975853501e+05,36
1.530000002e+00,1.099999962e-01,1.594787366e-05,-2.024618993e-04,1.002975854e+03,2.975853501e+05,36
1.540000002e+00,1.099999962e-01,1.594787366e-05,-2.024618993e-04,1.002975854e+03,2.975853501e+05,36
1.550000002e+00,1.099999962e-01,1.594787366e-05,-2.024618993e-04,1.002975854e+03,2.975853501e+05,36
1.560000002e+00,1.099999962e-01,1.594787364e-05,-2.024618993e-04,1.002975854e+03,2.975853501e+05,36
1.570000002e+00,1.099999962e-01,1.594787359e-05,-2.024618993e-04,1.002975854e+03,2.975853501e+05,36
1.580000002e+00,1.099999962e-01,1.594787347e-05,-2.024618994e-04,1.002975854e+03,2.975853501e+05,36
1.590000002e+00,1.099999962e-01,1.594787309e-05,-2.024618995e-04,1.002975854e+03,2.975853501e+05,36
1.600000002e+00,1.099999962e-01,1.594787230e-05,-2.024618994e-04,1.002975854e+03,2.975853501e+05,36
1.610000002e+00,1.099999962e-01,1.594787144e-05,-2.024618993e-04,1.002975854e+03,2.975853501e+05,36
1.620000002e+00,1.099999962e-01,1.594787139e-05,-2.024618992e-04,1.002975854e+03,2.975853501e+05,36
1.630000002e+00,1.099999962e-01,1.594787310e-05,-2.024618992e-04,1.002975854e+03,2.975853501e+05,36
1.640000002e+00,1.099999962e-01,1.594787629e-05,-2.024618993e-04,1.002975854e+03,2.975853501e+05,36
1.650000002e+00,1.099999962e-01,1.594787766e-05,-2.024618993e-04,1.002975854e+03,2.975853501e+05,36
1.660000002e+00,1.099999962e-01,1.594787496e-05,-2.024618994e-04,1.002975854e+03,2.975853501e+05,36
1.670000002e+00,1.099999962e-01,1.594787157e-05,-2.024618994e-04,1.002975854e+03,2.975853501e+05,36
1.680000002e+00,1.099999962e-01,1.594787164e-05,-2.024618994e-04,1.002975854e+03,2.975853501e+05,36
1.690000002e+00,1.099999962e-01,1.594787407e-05,-2.024618994e-04,1.002975854e+03,2.975853501e+05,36
1.700000002e+00,1.099999962e-01,1.594787502e-05,-2.024618994e-04,1.002975854e+03,2.975853501e+05,36
1.710000002e+00,1.099999962e-01,1.594787291e-05,-2.024618993e-04,1.002975854e+03,2.975853501e+05,36
1.720000002e+00,1.099999962e-01,1.594786338e-05,-2.024618990e-04,1.002975854e+03,2.975853501e+05,36
1.730000002e+00,1.099999962e-01,1.594780974e-05,-2.024618972e-04,1.002975854e+03,2.975853501e+05,36
1.740000002e+00,1.099999962e-01,1.594748596e-05,-2.024618871e-04,1.002975854e+03,2.975853502e+05,36
1.750000002e+00,1.099999962e-01,1.594556403e-05,-2.024618241e-04,1.002975854e+03,2.975853506e+05,36
1.760000002e+00,1.099999962e-01,1.593448913e-05,-2.024614436e-04,1.002975854e+03,2.975853529e+05,36
1.770000002e+00,1.099999962e-01,1.587242862e-05,-2.024592040e-04,1.002975854e+03,2.975853662e+05,36
1.780000002e+00,1.099999962e-01,1.553277891e-05,-2.024463074e-04,1.002975854e+03,2.975854396e+05,36
1.790000002e+00,1.099999962e-01,1.372791848e-05,-2.023738161e-04,1.002975858e+03,2.975858329e+05,36
1.800000002e+00,1.099999962e-01,4.503831630e-06,-2.019781266e-04,1.002975879e+03,2.975878963e+05,36
1.810000001e+00,1.099999962e-01,-4.117679317e-05,-1.998700220e-04,1.002975984e+03,2.975983544e+05,36
1.819999999e+00,1.099999963e-01,-2.619563249e-04,-1.888853018e-04,1.002976487e+03,2.976486718e+05,36
1.829999989e+00,1.099999968e-01,-1.282603562e-03,-1.335234787e-04,1.002978840e+03,2.978840087e+05,36
1.839999943e+00,1.099999993e-01,-5.756341100e-03,1.384579713e-04,1.002989623e+03,2.989622728e+05,36
1.849999732e+00,1.100000117e-01,-2.495110651e-02,1.464948461e-03,1.003035606e+03,3.035606174e+05,36
1.859998793e+00,1.100000722e-01,-1.036536180e-01,7.673301214e-03,1.003221515e+03,3.221515347e+05,36
1.869995014e+00,1.100003412e-01,-3.939229836e-01,3.438443454e-02,1.003982213e+03,3.982213345e+05,36
1.879979863e+00,1.100016500e-01,-1.501361949e+00,1.660579114e-01,1.006750802e+03,6.750802344e+05,36
1.889918162e+00,1.100073326e-01,-5.371213178e+00,7.515471873e-01,1.014879665e+03,1.487966533e+06,37
1.899717727e+00,1.100130734e-01,-1.594742818e+01,1.860248866e+00,1.054988771e+03,5.498877080e+06,38
1.909246053e+00,1.099292688e-01,-3.509934310e+01,9.202201822e-01,1.169193816e+03,1.691938160e+07,36
1.918747114e+00,1.095792254e-01,-4.146543262e+01,-5.457842910e+00,1.236888537e+03,2.368885367e+07,35
1.928955443e+00,1.091339694e-01,-2.031643123e+01,-1.300149926e+01,1.125703814e+03,1.257038141e+07,36
1.939583636e+00,1.092126488e-01,-6.870123411e+00,-1.001191664e+01,1.025485869e+03,2.548586885e+06,37
1.949565410e+00,1.097064378e-01,-1.975839268e+01,-1.608521171e+00,1.063127633e+03,6.312763329e+06,34
1.958734702e+00,1.099989098e-01,-4.455298865e+01,2.639210636e+00,1.190471072e+03,1.904710719e+07,35
1.969735484e+00,1.100841972e-01,-1.919279193e+01,3.425580786e+00,1.196947409e+03,1.969474091e+07,36
1.989607353e+00,1.101202650e-01,1.650482253e+01,3.531004376e+00,9.179411445e+02,-8.205885547e+06,34
1.183304866e-02,1.101121505e-01,9.633104176e+01,3.399163728e+00,9.436528345e+02,-5.634716547e+06,36
1.969182862e+00,1.101029772e-01,-9.640649768e+01,3.666735403e+00,1.201244207e+03,2.012442069e+07,38
3.074535834e-02,1.203574578e-01,9.541778503e+01,1.037705812e+01,1.191855496e+03,1.918554958e+07,36
1.988065047e+00,1.203807502e-01,-9.873461767e+01,1.122601723e+01,9.446847991e+02,-5.531520092e+06,33
1.044453944e-02,1.204303434e-01,-1.438042673e+01,1.199685936e+01,9.170118778e+02,-8.298812222e+06,32
3.020437320e-02,1.203034464e-01,1.854121351e+01,9.582654302e+00,1.188135807e+03,1.881358067e+07,35
4.121596422e-02,1.201235192e-01,4.414433959e+01,6.145071476e+00,1.167130696e+03,1.671306956e+07,36
5.056027792e-02,1.197392899e-01,2.279909669e+01,-1.799296343e-01,1.026906153e+03,2.690615259e+06,37
6.083060846e-02,1.193112506e-01,1.506684763e+01,-6.017300343e+00,9.729143317e+02,-2.708566832e+06,36
7.142043645e-02,1.194388615e-01,2.532723368e+01,-2.881330709e+00,1.016378512e+03,1.637851220e+06,36
8.121290613e-02,1.198930273e-01,3.148778926e+01,5.299411677e+00,1.081320096e+03,8.132009573e+06,35
9.060334701e-02,1.200829258e-01,2.249821863e+01,7.045314556e+00,1.070349701e+03,7.034970102e+06,37
1.002170921e-01,1.200548402e-01,1.056784124e+01,3.873903662e+00,1.030260150e+03,3.026014961e+06,38
1.100633180e-01,1.200150717e-01,3.808935927e+00,1.187150015e+00,1.012046861e+03,1.204686113e+06,37
1.200162074e-01,1.200030961e-01,1.141244939e+00,2.693203111e-01,1.006002946e+03,6.002945832e+05,36
1.300042317e-01,1.200006496e-01,3.236099467e-01,6.001461162e-02,1.003799960e+03,3.799960008e+05,36
1.400010414e-01,1.200001326e-01,8.722148112e-02,1.352592977e-02,1.003184737e+03,3.184736965e+05,36
1.500002362e-01,1.200000170e-01,2.138082785e-02,2.482691026e-03,1.003028914e+03,3.028914492e+05,36
1.600000535e-01,1.199999933e-01,5.044264924e-03,9.958627862e-05,1.002989175e+03,2.989174521e+05,36
1.700000129e-01,1.199999887e-01,1.161452366e-03,-3.946865076e-04,1.002979756e+03,2.979756059e+05,36
1.800000041e-01,1.199999877e-01,2.630512577e-04,-4.963972690e-04,1.002977681e+03,2.977680709e+05,36
1.900000022e-01,1.199999876e-01,6.710285477e-05,-5.166749732e-04,1.002977232e+03,2.977232200e+05,36
2.000000019e-01,1.199999875e-01,2.626200807e-05,-5.205786019e-04,1.002977138e+03,2.977138301e+05,36
2.100000018e-01,1.199999875e-01,1.795857620e-05,-5.213138263e-04,1.002977120e+03,2.977119680e+05,36
2.200000018e-01,1.199999875e-01,1.632537778e-05,-5.214489056e-04,1.002977116e+03,2.977116114e+05,36
2.300000018e-01,1.199999875e-01,1.601673962e-05,-5.214729847e-04,1.002977115e+03,2.977115445e+05,36
2.400000018e-01,1.199999875e-01,1.596013044e-05,-5.214771728e-04,1.002977115e+03,2.977115323e+05,36
2.500000018e-01,1.199999875e-01,1.594999450e-05,-5.214778856e-04,1.002977115e+03,2.977115302e+05,36
2.600000018e-01,1.199999875e-01,1.594823070e-05,-5.214780041e-04,1.002977115e+03,2.977115298e+05,36
2.700000018e-01,1.199999875e-01,1.594793269e-05,-5.214780234e-04,1.002977115e+03,2.977115298e+05,36
2.800000018e-01,1.199999875e-01,1.594788290e-05,-5.214780265e-04,1.002977115e+03,2.977115298e+05,36
2.900000018e-01,1.199999875e-01,1.594787420e-05,-5.214780269e-04,1.002977115e+03,2.977115298e+05,36
3.000000018e-01,1.199999875e-01,1.594787267e-05,-5.214780269e-04,1.002977115e+03,2.977115298e+05,36
3.100000018e-01,1.199999875e-01,1.594787272e-05,-5.214780268e-04,1.002977115e+03,2.977115298e+05,36
3.200000018e-01,1.199999875e-01,1.594787311e-05,-5.214780268e-04,1.002977115e+03,2.977115298e+05,36
3.300000018e-01,1.199999875e-01,1.594787356e-05,-5.214780268e-04,1.002977115e+03,2.977115298e+05,36
3.400000018e-01,1.199999875e-01,1.594787375e-05,-5.214780269e-04,1.002977115e+03,2.977115298e+05,36
3.500000018e-01,1.199999875e-01,1.594787343e-05,-5.214780269e-04,1.002977115e+03,2.977115298e+05,36
3.600000018e-01,1.199999875e-01,1.594787278e-05,-5.214780269e-04,1.002977115e+03,2.977115298e+05,36
3.700000018e-01,1.199999875e-01,1.594787228e-05,-5.214780268e-04,1.002977115e+03,2.977115298e+05,36
3.800000018e-01,1.199999875e-01,1.594787270e-05,-5.214780267e-04,1.002977115e+03,2.977115298e+05,36
3.900000018e-01,1.199999875e-01,1.594787364e-05,-5.214780268e-04,1.002977115e+03,2.977115298e+05,36
4.000000018e-01,1.199999875e-01,1.594787392e-05,-5.214780268e-04,1.002977115e+03,2.977115298e+05,36
4.100000018e-01,1.199999875e-01,1.594787348e-05,-5.214780269e-04,1.002977115e+03,2.977115298e+05,36
4.200000018e-01,1.199999875e-01,1.594787279e-05,-5.214780269e-04,1.002977115e+03,2.977115298e+05,36
4.300000018e-01,1.199999875e-01,1.594787229e-05,-5.214780268e-04,1.002977115e+03,2.977115298e+05,36
4.400000018e-01,1.199999875e-01,1.594787268e-05,-5.214780267e-04,1.002977115e+03,2.977115298e+05,36
4.500000018e-01,1.199999875e-01,1.594787360e-05,-5.214780268e-04,1.002977115e+03,2.977115298e+05,36
4.600000018e-01,1.199999875e-01,1.594787380e-05,-5.214780268e-04,1.002977115e+03,2.977115298e+05,36
4.700000018e-01,1.199999875e-01,1.594787322e-05,-5.214780268e-04,1.002977115e+03,2.977115298e+05,36
4.800000018e-01,1.199999875e-01,1.594787252e-05,-5.214780267e-04,1.002977115e+03,2.977115298e+05,36
4.900000018e-01,1.199999875e-01,1.594787224e-05,-5.214780267e-04,1.002977115e+03,2.977115298e+05,36
5.000000018e-01,1.199999875e-01,1.594787293e-05,-5.214780267e-04,1.002977115e+03,2.977115298e+05,36
5.100000018e-01,1.199999875e-01,1.594787391e-05,-5.214780268e-04,1.002977115e+03,2.977115298e+05,36
5.200000018e-01,1.199999875e-01,1.594787392e-05,-5.214780268e-04,1.002977115e+03,2.977115298e+05,36
5.300000018e-01,1.199999875e-01,1.594787312e-05,-5.214780268e-04,1.002977115e+03,2.977115298e+05,36
5.400000018e-01,1.199999875e-01,1.594787239e-05,-5.214780268e-04,1.002977115e+03,2.977115298e+05,36
5.500000018e-01,1.199999875e-01,1.594787254e-05,-5.214780269e-04,1.002977115e+03,2.977115298e+05,36
5.600000018e-01,1.199999875e-01,1.594787350e-05,-5.214780269e-04,1.002977115e+03,2.977115298e+05,36
5.700000018e-01,1.199999875e-01,1.594787391e-05,-5.214780269e-04,1.002977115e+03,2.977115298e+05,36
5.800000018e-01,1.199999875e-01,1.594787295e-05,-5.214780268e-04,1.002977115e+03,2.977115298e+05,36
5.900000018e-01,1.199999875e-01,1.594787198e-05,-5.214780269e-04,1.002977115e+03,2.977115298e+05,36
6.000000018e-01,1.199999875e-01,1.594787273e-05,-5.214780269e-04,1.002977115e+03,2.977115298e+05,36
6.100000018e-01,1.199999875e-01,1.594787406e-05,-5.214780269e-04,1.002977115e+03,2.977115298e+05,36
6.200000018e-01,1.199999875e-01,1.594787417e-05,-5.214780268e-04,1.002977115e+03,2.977115298e+05,36
6.300000018e-01,1.199999875e-01,1.594787360e-05,-5.214780268e-04,1.002977115e+03,2.977115298e+05,36
6.400000018e-01,1.199999875e-01,1.594787330e-05,-5.214780267e-04,1.002977115e+03,2.977115298e+05,36
6.500000018e-01,1.199999875e-01,1.594787311e-05,-5.214780268e-04,1.002977115e+03,2.977115298e+05,36
6.600000018e-01,1.199999875e-01,1.594787267e-05,-5.214780268e-04,1.002977115e+03,2.977115298e+05,36
6.700000018e-01,1.199999875e-01,1.594787219e-05,-5.214780268e-04,1.002977115e+03,2.977115298e+05,36
6.800000018e-01,1.199999875e-01,1.594787247e-05,-5.214780269e-04,1.002977115e+03,2.977115298e+05,36
6.900000018e-01,1.199999875e-01,1.594787351e-05,-5.214780269e-04,1.002977115e+03,2.977115298e+05,36
7.000000018e-01,1.199999875e-01,1.594787392e-05,-5.214780268e-04,1.002977115e+03,2.977115298e+05,36
7.100000018e-01,1.199999875e-01,1.594787294e-05,-5.214780268e-04,1.002977115e+03,2.977115298e+05,36
7.200000018e-01,1.199999875e-01,1.594787196e-05,-5.214780269e-04,1.002977115e+03,2.977115298e+05,36
7.300000018e-01,1.199999875e-01,1.594787270e-05,-5.214780269e-04,1.002977115e+03,2.977115298e+05,36
7.400000018e-01,1.199999875e-01,1.594787404e-05,-5.214780269e-04,1.002977115e+03,2.977115298e+05,36
7.500000018e-01,1.199999875e-01,1.594787416e-05,-5.214780269e-04,1.002977115e+03,2.977115298e+05,36
7.600000018e-01,1.199999875e-01,1.594787359e-05,-5.214780268e-04,1.002977115e+03,2.977115298e+05,36
7.700000018e-01,1.199999875e-01,1.594787328e-05,-5.214780268e-04,1.002977115e+03,2.977115298e+05,36
7.800000018e-01,1.199999875e-01,1.594787309e-05,-5.214780268e-04,1.002977115e+03,2.977115298e+05,36
7.900000018e-01,1.199999875e-01,1.594787266e-05,-5.214780269e-04,1.002977115e+03,2.977115298e+05,36
8.000000018e-01,1.199999875e-01,1.594787220e-05,-5.214780269e-04,1.002977115e+03,2.977115298e+05,36
8.100000018e-01,1.199999875e-01,1.594787250e-05,-5.214780269e-04,1.002977115e+03,2.977115298e+05,36
8.200000018e-01,1.199999875e-01,1.594787354e-05,-5.214780269e-04,1.002977115e+03,2.977115298e+05,36
8.300000018e-01,1.199999875e-01,1.594787396e-05,-5.214780268e-04,1.002977115e+03,2.977115298e+05,36
8.400000018e-01,1.199999875e-01,1.594787295e-05,-5.214780268e-04,1.002977115e+03,2.977115298e+05,36
8.500000018e-01,1.199999875e-01,1.594787195e-05,-5.214780268e-04,1.002977115e+03,2.977115298e+05,36
8.600000018e-01,1.199999875e-01,1.594787269e-05,-5.214780269e-04,1.002977115e+03,2.977115298e+05,36
8.700000018e-01,1.199999875e-01,1.594787404e-05,-5.214780269e-04,1.002977115e+03,2.977115298e+05,36
8.800000018e-01,1.199999875e-01,1.594787417e-05,-5.214780268e-04,1.002977115e+03,2.977115298e+05,36
8.900000018e-01,1.199999875e-01,1.594787359e-05,-5.214780267e-04,1.002977115e+03,2.977115298e+05,36
9.000000018e-01,1.199999875e-01,1.594787319e-05,-5.214780267e-04,1.002977115e+03,2.977115298e+05,36
9.100000018e-01,1.199999875e-01,1.594787274e-05,-5.214780268e-04,1.002977115e+03,2.977115298e+05,36
9.200000018e-01,1.199999875e-01,1.594787223e-05,-5.214780268e-04,1.002977115e+03,2.977115298e+05,36
9.300000018e-01,1.199999875e-01,1.594787250e-05,-5.214780269e-04,1.002977115e+03,2.977115298e+05,36
9.400000018e-01,1.199999875e-01,1.594787355e-05,-5.214780269e-04,1.002977115e+03,2.977115298e+05,36
9.500000018e-01,1.199999875e-01,1.594787398e-05,-5.214780269e-04,1.002977115e+03,2.977115298e+05,36
9.600000018e-01,1.199999875e-01,1.594787321e-05,-5.214780269e-04,1.002977115e+03,2.977115298e+05,36
9.700000018e-01,1.199999875e-01,1.594787303e-05,-5.214780270e-04,1.002977115e+03,2.977115298e+05,36
9.800000018e-01,1.199999875e-01,1.594787465e-05,-5.214780271e-04,1.002977115e+03,2.977115298e+05,36
9.900000018e-01,1.199999875e-01,1.594787520e-05,-5.214780272e-04,1.002977115e+03,2.977115298e+05,36
1.000000002e+00,1.199999875e-01,1.594787320e-05,-5.214780272e-04,1.002977115e+03,2.977115298e+05,36
1.010000002e+00,1.199999875e-01,1.594787181e-05,-5.214780270e-04,1.002977115e+03,2.977115298e+05,36
1.020000002e+00,1.199999875e-01,1.594787219e-05,-5.214780268e-04,1.002977115e+03,2.977115298e+05,36
1.030000002e+00,1.199999875e-01,1.594787278e-05,-5.214780268e-04,1.002977115e+03,2.977115298e+05,36
1.040000002e+00,1.199999875e-01,1.594787302e-05,-5.214780268e-04,1.002977115e+03,2.977115298e+05,36
1.050000002e+00,1.199999875e-01,1.594787310e-05,-5.214780268e-04,1.002977115e+03,2.977115298e+05,36
1.060000002e+00,1.199999875e-01,1.594787310e-05,-5.214780268e-04,1.002977115e+03,2.977115298e+05,36
1.070000002e+00,1.199999875e-01,1.594787296e-05,-5.214780269e-04,1.002977115e+03,2.977115298e+05,36
1.080000002e+00,1.199999875e-01,1.594787257e-05,-5.214780269e-04,1.002977115e+03,2.977115298e+05,36
1.090000002e+00,1.199999875e-01,1.594787194e-05,-5.214780267e-04,1.002977115e+03,2.977115298e+05,36
1.100000002e+00,1.199999875e-01,1.594787121e-05,-5.214780264e-04,1.002977115e+03,2.977115298e+05,36
1.110000002e+00,1.199999875e-01,1.594787082e-05,-5.214780263e-04,1.002977115e+03,2.977115298e+05,36
1.120000002e+00,1.199999875e-01,1.594787205e-05,-5.214780265e-04,1.002977115e+03,2.977115298e+05,36
1.130000002e+00,1.199999875e-01,1.594787514e-05,-5.214780269e-04,1.002977115e+03,2.977115298e+05,36
1.140000002e+00,1.199999875e-01,1.594787677e-05,-5.214780272e-04,1.002977115e+03,2.977115298e+05,36
1.150000002e+00,1.199999875e-01,1.594787484e-05,-5.214780272e-04,1.002977115e+03,2.977115298e+05,36
1.160000002e+00,1.199999875e-01,1.594787198e-05,-5.214780271e-04,1.002977115e+03,2.977115298e+05,36
1.170000002e+00,1.199999875e-01,1.594787141e-05,-5.214780269e-04,1.002977115e+03,2.977115298e+05,36
1.180000002e+00,1.199999875e-01,1.594787317e-05,-5.214780270e-04,1.002977115e+03,2.977115298e+05,36
1.190000002e+00,1.199999875e-01,1.594787448e-05,-5.214780271e-04,1.002977115e+03,2.977115298e+05,36
1.200000002e+00,1.199999875e-01,1.594787413e-05,-5.214780271e-04,1.002977115e+03,2.977115298e+05,36
1.210000002e+00,1.199999875e-01,1.594787346e-05,-5.214780270e-04,1.002977115e+03,2.977115298e+05,36
1.220000002e+00,1.199999875e-01,1.594787319e-05,-5.214780270e-04,1.002977115e+03,2.977115298e+05,36
1.230000002e+00,1.199999875e-01,1.594787313e-05,-5.214780270e-04,1.002977115e+03,2.977115298e+05,36
1.240000002e+00,1.199999875e-01,1.594787312e-05,-5.214780270e-04,1.002977115e+03,2.977115298e+05,36
1.250000002e+00,1.199999875e-01,1.594787312e-05,-5.214780270e-04,1.002977115e+03,2.977115298e+05,36
1.260000002e+00,1.199999875e-01,1.594787311e-05,-5.214780270e-04,1.002977115e+03,2.977115298e+05,36
1.270000002e+00,1.199999875e-01,1.594787312e-05,-5.214780269e-04,1.002977115e+03,2.977115298e+05,36
1.280000002e+00,1.199999875e-01,1.594787314e-05,-5.214780269e-04,1.002977115e+03,2.977115298e+05,36
1.290000002e+00,1.199999875e-01,1.594787314e-05,-5.214780269e-04,1.002977115e+03,2.977115298e+05,36
1.300000002e+00,1.199999875e-01,1.594787311e-05,-5.214780269e-04,1.002977115e+03,2.977115298e+05,36
1.310000002e+00,1.199999875e-01,1.594787304e-05,-5.214780269e-04,1.002977115e+03,2.977115298e+05,36
1.320000002e+00,1.199999875e-01,1.594787289e-05,-5.214780270e-04,1.002977115e+03,2.977115298e+05,36
1.330000002e+00,1.199999875e-01,1.594787259e-05,-5.214780270e-04,1.002977115e+03,2.977115298e+05,36
1.340000002e+00,1.199999875e-01,1.594787194e-05,-5.214780269e-04,1.002977115e+03,2.977115298e+05,36
1.350000002e+00,1.199999875e-01,1.594787107e-05,-5.214780266e-04,1.002977115e+03,2.977115298e+05,36
1.360000002e+00,1.199999875e-01,1.594787090e-05,-5.214780265e-04,1.002977115e+03,2.977115298e+05,36
1.370000002e+00,1.199999875e-01,1.594787242e-05,-5.214780264e-04,1.002977115e+03,2.977115298e+05,36
1.380000002e+00,1.199999875e-01,1.594787517e-05,-5.214780265e-04,1.002977115e+03,2.977115298e+05,36
1.390000002e+00,1.199999875e-01,1.594787645e-05,-5.214780268e-04,1.002977115e+03,2.977115298e+05,36
1.400000002e+00,1.199999875e-01,1.594787484e-05,-5.214780270e-04,1.002977115e+03,2.977115298e+05,36
1.410000002e+00,1.199999875e-01,1.594787234e-05,-5.214780271e-04,1.002977115e+03,2.977115298e+05,36
1.420000002e+00,1.199999875e-01,1.594787154e-05,-5.214780272e-04,1.002977115e+03,2.977115298e+05,36
1.430000002e+00,1.199999875e-01,1.594787298e-05,-5.214780272e-04,1.002977115e+03,2.977115298e+05,36
1.440000002e+00,1.199999875e-01,1.594787431e-05,-5.214780272e-04,1.002977115e+03,2.977115298e+05,36
1.450000002e+00,1.199999875e-01,1.594787407e-05,-5.214780270e-04,1.002977115e+03,2.977115298e+05,36
1.460000002e+00,1.199999875e-01,1.594787346e-05,-5.214780269e-04,1.002977115e+03,2.977115298e+05,36
1.470000002e+00,1.199999875e-01,1.594787322e-05,-5.214780269e-04,1.002977115e+03,2.977115298e+05,36
1.480000002e+00,1.199999875e-01,1.594787318e-05,-5.214780268e-04,1.002977115e+03,2.977115298e+05,36
1.490000002e+00,1.199999875e-01,1.594787316e-05,-5.214780268e-04,1.002977115e+03,2.977115298e+05,36
1.500000002e+00,1.199999875e-01,1.594787314e-05,-5.214780268e-04,1.002977115e+03,2.977115298e+05,36
1.510000002e+00,1.199999875e-01,1.594787313e-05,-5.214780268e-04,1.002977115e+03,2.977115298e+05,36
1.520000002e+00,1.199999875e-01,1.594787313e-05,-5.214780268e-04,1.002977115e+03,2.977115298e+05,36
1.530000002e+00,1.199999875e-01,1.594787312e-05,-5.214780268e-04,1.002977115e+03,2.977115298e+05,36
1.540000002e+00,1.199999875e-01,1.594787312e-05,-5.214780268e-04,1.002977115e+03,2.977115298e+05,36
1.550000002e+00,1.199999875e-01,1.594787312e-05,-5.214780268e-04,1.002977115e+03,2.977115298e+05,36
1.560000002e+00,1.199999875e-01,1.594787308e-05,-5.214780268e-04,1.002977115e+03,2.977115298e+05,36
1.570000002e+00,1.199999875e-01,1.594787299e-05,-5.214780269e-04,1.002977115e+03,2.977115298e+05,36
1.580000002e+00,1.199999875e-01,1.594787284e-05,-5.214780270e-04,1.002977115e+03,2.977115298e+05,36
1.590000002e+00,1.199999875e-01,1.594787256e-05,-5.214780270e-04,1.002977115e+03,2.977115298e+05,36
1.600000002e+00,1.199999875e-01,1.594787194e-05,-5.214780269e-04,1.002977115e+03,2.977115298e+05,36
1.610000002e+00,1.199999875e-01,1.594787107e-05,-5.214780266e-04,1.002977115e+03,2.977115298e+05,36
1.620000002e+00,1.199999875e-01,1.594787091e-05,-5.214780265e-04,1.002977115e+03,2.977115298e+05,36
1.630000002e+00,1.199999875e-01,1.594787253e-05,-5.214780265e-04,1.002977115e+03,2.977115298e+05,36
1.640000002e+00,1.199999875e-01,1.594787557e-05,-5.214780266e-04,1.002977115e+03,2.977115298e+05,36
1.650000002e+00,1.199999875e-01,1.594787688e-05,-5.214780270e-04,1.002977115e+03,2.977115298e+05,36
1.660000002e+00,1.199999875e-01,1.594787441e-05,-5.214780273e-04,1.002977115e+03,2.977115298e+05,36
1.670000002e+00,1.199999875e-01,1.594787122e-05,-5.214780271e-04,1.002977115e+03,2.977115298e+05,36
1.680000002e+00,1.199999875e-01,1.594787115e-05,-5.214780268e-04,1.002977115e+03,2.977115298e+05,36
1.690000002e+00,1.199999875e-01,1.594787346e-05,-5.214780269e-04,1.002977115e+03,2.977115298e+05,36
1.700000002e+00,1.199999875e-01,1.594787452e-05,-5.214780270e-04,1.002977115e+03,2.977115298e+05,36
1.710000002e+00,1.199999875e-01,1.594787260e-05,-5.214780268e-04,1.002977115e+03,2.977115298e+05,36
1.720000002e+00,1.199999875e-01,1.594786373e-05,-5.214780262e-04,1.002977115e+03,2.977115298e+05,36
1.730000002e+00,1.199999875e-01,1.594781417e-05,-5.214780230e-04,1.002977115e+03,2.977115298e+05,36
1.740000002e+00,1.199999875e-01,1.594751603e-05,-5.214780039e-04,1.002977115e+03,2.977115298e+05,36
1.750000002e+00,1.199999875e-01,1.594575186e-05,-5.214778856e-04,1.002977115e+03,2.977115302e+05,36
1.760000002e+00,1.199999875e-01,1.593561546e-05,-5.214771727e-04,1.002977115e+03,2.977115323e+05,36
1.770000002e+00,1.199999875e-01,1.587900575e-05,-5.214729845e-04,1.002977115e+03,2.977115445e+05,36
1.780000002e+00,1.199999875e-01,1.557036821e-05,-5.214489052e-04,1.002977116e+03,2.977116114e+05,36
1.790000002e+00,1.199999875e-01,1.393717069e-05,-5.213138258e-04,1.002977120e+03,2.977119680e+05,36
1.800000002e+00,1.199999875e-01,5.633738314e-06,-5.205786017e-04,1.002977138e+03,2.977138301e+05,36
1.810000001e+00,1.199999876e-01,-3.520710845e-05,-5.166749735e-04,1.002977232e+03,2.977232200e+05,36
1.820000000e+00,1.199999877e-01,-2.311555109e-04,-4.963972697e-04,1.002977681e+03,2.977680709e+05,36
1.829999991e+00,1.199999887e-01,-1.129556620e-03,-3.946865080e-04,1.002979756e+03,2.979756059e+05,36
1.839999950e+00,1.199999933e-01,-5.012369179e-03,9.958627880e-05,1.002989175e+03,2.989174521e+05,36
1.849999767e+00,1.200000170e-01,-2.134893211e-02,2.482691027e-03,1.003028914e+03,3.028914492e+05,36
1.859998962e+00,1.200001326e-01,-8.718958537e-02,1.352592977e-02,1.003184737e+03,3.184736965e+05,36
1.869995772e+00,1.200006496e-01,-3.235780510e-01,6.001461162e-02,1.003799960e+03,3.799960008e+05,36
1.879983796e+00,1.200030961e-01,-1.141213044e+00,2.693203111e-01,1.006002946e+03,6.002945832e+05,36
1.889936686e+00,1.200150717e-01,-3.808904032e+00,1.187150015e+00,1.012046861e+03,1.204686113e+06,37
1.899782911e+00,1.200548402e-01,-1.056780934e+01,3.873903662e+00,1.030260150e+03,3.026014961e+06,38
1.909396657e+00,1.200829258e-01,-2.249818673e+01,7.045314556e+00,1.070349701e+03,7.034970102e+06,37
1.918787097e+00,1.198930273e-01,-3.148775736e+01,5.299411678e+00,1.081320096e+03,8.132009573e+06,35
1.928579567e+00,1.194388615e-01,-2.532720178e+01,-2.881330706e+00,1.016378512e+03,1.637851219e+06,36
1.939169395e+00,1.193112506e-01,-1.506681573e+01,-6.017300337e+00,9.729143317e+02,-2.708566834e+06,36
1.949439726e+00,1.197392899e-01,-2.279906478e+01,-1.799296201e-01,1.026906153e+03,2.690615254e+06,37
1.958784039e+00,1.201235192e-01,-4.414430768e+01,6.145071504e+00,1.167130696e+03,1.671306955e+07,36
1.969795630e+00,1.203034464e-01,-1.854118160e+01,9.582654350e+00,1.188135807e+03,1.881358066e+07,35
1.989555464e+00,1.204303434e-01,1.438045860e+01,1.199685948e+01,9.170118777e+02,-8.298812233e+06,32
1.193495703e-02,1.203807502e-01,9.873464955e+01,1.122601712e+01,9.446847992e+02,-5.531520081e+06,33
1.969254645e+00,1.203574578e-01,-9.541775312e+01,1.037705817e+01,1.191855496e+03,1.918554957e+07,36
3.056883222e-02,1.307924417e-01,9.096627071e+01,2.128100850e+01,1.178153374e+03,1.781533743e+07,34
1.987656724e+00,1.304530609e-01,-1.068842255e+02,1.446104448e+01,9.333630137e+02,-6.663698633e+06,33
1.059913444e-02,1.306605449e-01,-8.793072562e+00,1.757806553e+01,8.982712677e+02,-1.017287323e+07,32
2.999966943e-02,1.306725057e-01,1.380232170e+01,1.995843573e+01,1.174633175e+03,1.746331747e+07,34
4.105229229e-02,1.303713705e-01,3.894275280e+01,1.157755077e+01,1.155457154e+03,1.554571541e+07,34
5.050491962e-02,1.301074486e-01,2.169217133e+01,4.051790520e+00,1.022399210e+03,2.239920956e+06,36
6.062026881e-02,1.300106026e-01,1.318397934e+01,2.714363914e+00,9.702645906e+02,-2.973540936e+06,37
7.084769950e-02,1.301307252e-01,1.380071469e+01,6.665696167e+00,9.793696902e+02,-2.063030984e+06,37
8.061134235e-02,1.302384725e-01,1.286052316e+01,9.676611987e+00,1.011520888e+03,1.152088849e+06,37
9.030047819e-02,1.301698376e-01,9.222604118e+00,7.504873459e+00,1.022958361e+03,2.295836129e+06,37
1.001177591e-01,1.300617718e-01,5.030189082e+00,3.354752525e+00,1.016283747e+03,1.628374678e+06,37
1.100375285e-01,1.300156116e-01,2.122213661e+00,1.045152025e+00,1.009119022e+03,9.119022037e+05,36
1.200109548e-01,1.300034807e-01,7.332590800e-01,2.707845478e-01,1.005044215e+03,5.044214508e+05,36
1.300031221e-01,1.300007846e-01,2.311943137e-01,6.802237237e-02,1.003560986e+03,3.560985596e+05,36
1.400007878e-01,1.300001387e-01,6.443463451e-02,1.514338640e-02,1.003134669e+03,3.134668865e+05,36
1.500001834e-01,1.299999929e-01,1.630432841e-02,2.164326524e-03,1.003018865e+03,3.018865076e+05,36
1.600000430e-01,1.299999629e-01,3.974765796e-03,-7.032878965e-04,1.002987950e+03,2.987950095e+05,36
1.700000108e-01,1.299999569e-01,9.370647494e-04,-1.316033754e-03,1.002980504e+03,2.980504158e+05,36
1.800000036e-01,1.299999557e-01,2.174520775e-04,-1.445057807e-03,1.002978834e+03,2.978834091e+05,36
1.900000022e-01,1.299999555e-01,5.821257629e-05,-1.471077969e-03,1.002978466e+03,2.978466214e+05,36
2.000000019e-01,1.299999554e-01,2.456879750e-05,-1.476132247e-03,1.002978388e+03,2.978388243e+05,36
2.100000018e-01,1.299999554e-01,1.764334249e-05,-1.477092745e-03,1.002978373e+03,2.978372642e+05,36
2.200000018e-01,1.299999554e-01,1.626852829e-05,-1.477270466e-03,1.002978370e+03,2.978369628e+05,36
2.300000018e-01,1.299999554e-01,1.600675780e-05,-1.477302317e-03,1.002978369e+03,2.978369058e+05,36
2.400000018e-01,1.299999554e-01,1.595841217e-05,-1.477307883e-03,1.002978369e+03,2.978368954e+05,36
2.500000018e-01,1.299999554e-01,1.594970292e-05,-1.477308834e-03,1.002978369e+03,2.978368935e+05,36
2.600000018e-01,1.299999554e-01,1.594817969e-05,-1.477308993e-03,1.002978369e+03,2.978368932e+05,36
2.700000018e-01,1.299999554e-01,1.594792121e-05,-1.477309019e-03,1.002978369e+03,2.978368932e+05,36
2.800000018e-01,1.299999554e-01,1.594787782e-05,-1.477309023e-03,1.002978369e+03,2.978368932e+05,36
2.900000018e-01,1.299999554e-01,1.594787020e-05,-1.477309024e-03,1.002978369e+03,2.978368932e+05,36
3.000000018e-01,1.299999554e-01,1.594786883e-05,-1.477309024e-03,1.002978369e+03,2.978368932e+05,36
3.100000018e-01,1.299999554e-01,1.594786886e-05,-1.477309024e-03,1.002978369e+03,2.978368932e+05,36
3.200000018e-01,1.299999554e-01,1.594786923e-05,-1.477309024e-03,1.002978369e+03,2.978368932e+05,36
3.300000018e-01,1.299999554e-01,1.594786965e-05,-1.477309024e-03,1.002978369e+03,2.978368932e+05,36
3.400000018e-01,1.299999554e-01,1.594786979e-05,-1.477309024e-03,1.002978369e+03,2.978368932e+05,36
3.500000018e-01,1.299999554e-01,1.594786948e-05,-1.477309024e-03,1.002978369e+03,2.978368932e+05,36
3.600000018e-01,1.299999554e-01,1.594786894e-05,-1.477309024e-03,1.002978369e+03,2.978368932e+05,36
3.700000018e-01,1.299999554e-01,1.594786851e-05,-1.477309024e-03,1.002978369e+03,2.978368932e+05,36
3.800000018e-01,1.299999554e-01,1.594786883e-05,-1.477309024e-03,1.002978369e+03,2.978368932e+05,36
3.900000018e-01,1.299999554e-01,1.594786967e-05,-1.477309024e-03,1.002978369e+03,2.978368932e+05,36
4.000000018e-01,1.299999554e-01,1.594786993e-05,-1.477309024e-03,1.002978369e+03,2.978368932e+05,36
4.100000018e-01,1.299999554e-01,1.594786953e-05,-1.477309024e-03,1.002978369e+03,2.978368932e+05,36
4.200000018e-01,1.299999554e-01,1.594786894e-05,-1.477309024e-03,1.002978369e+03,2.978368932e+05,36
4.300000018e-01,1.299999554e-01,1.594786850e-05,-1.477309024e-03,1.002978369e+03,2.978368932e+05,36
4.400000018e-01,1.299999554e-01,1.594786881e-05,-1.477309024e-03,1.002978369e+03,2.978368932e+05,36
4.500000018e-01,1.299999554e-01,1.594786964e-05,-1.477309024e-03,1.002978369e+03,2.978368932e+05,36
4.600000018e-01,1.299999554e-01,1.594786988e-05,-1.477309024e-03,1.002978369e+03,2.978368932e+05,36
4.700000018e-01,1.299999554e-01,1.594786938e-05,-1.477309024e-03,1.002978369e+03,2.978368932e+05,36
4.800000018e-01,1.299999554e-01,1.594786872e-05,-1.477309024e-03,1.002978369e+03,2.978368932e+05,36
4.900000018e-01,1.299999554e-01,1.594786836e-05,-1.477309024e-03,1.002978369e+03,2.978368932e+05,36
5.000000018e-01,1.299999554e-01,1.594786896e-05,-1.477309024e-03,1.002978369e+03,2.978368932e+05,36
5.100000018e-01,1.299999554e-01,1.594786997e-05,-1.477309024e-03,1.002978369e+03,2.978368932e+05,36
5.200000018e-01,1.299999554e-01,1.594787004e-05,-1.477309024e-03,1.002978369e+03,2.978368932e+05,36
5.300000018e-01,1.299999554e-01,1.594786920e-05,-1.477309024e-03,1.002978369e+03,2.978368932e+05,36
5.400000018e-01,1.299999554e-01,1.594786842e-05,-1.477309024e-03,1.002978369e+03,2.978368932e+05,36
5.500000018e-01,1.299999554e-01,1.594786859e-05,-1.477309024e-03,1.002978369e+03,2.978368932e+05,36
5.600000018e-01,1.299999554e-01,1.594786963e-05,-1.477309024e-03,1.002978369e+03,2.978368932e+05,36
5.700000018e-01,1.299999554e-01,1.594787007e-05,-1.477309024e-03,1.002978369e+03,2.978368932e+05,36
5.800000018e-01,1.299999554e-01,1.594786906e-05,-1.477309024e-03,1.002978369e+03,2.978368932e+05,36
5.900000018e-01,1.299999554e-01,1.594786804e-05,-1.477309024e-03,1.002978369e+03,2.978368932e+05,36
6.000000018e-01,1.299999554e-01,1.594786882e-05,-1.477309024e-03,1.002978369e+03,2.978368932e+05,36
6.100000018e-01,1.299999554e-01,1.594787021e-05,-1.477309024e-03,1.002978369e+03,2.978368932e+05,36
6.200000018e-01,1.299999554e-01,1.594787036e-05,-1.477309024e-03,1.002978369e+03,2.978368932e+05,36
6.300000018e-01,1.299999554e-01,1.594786975e-05,-1.477309024e-03,1.002978369e+03,2.978368932e+05,36
6.400000018e-01,1.299999554e-01,1.594786938e-05,-1.477309024e-03,1.002978369e+03,2.978368932e+05,36
6.500000018e-01,1.299999554e-01,1.594786916e-05,-1.477309024e-03,1.002978369e+03,2.978368932e+05,36
6.600000018e-01,1.299999554e-01,1.594786874e-05,-1.477309024e-03,1.002978369e+03,2.978368932e+05,36
6.700000018e-01,1.299999554e-01,1.594786827e-05,-1.477309024e-03,1.002978369e+03,2.978368932e+05,36
6.800000018e-01,1.299999554e-01,1.594786856e-05,-1.477309024e-03,1.002978369e+03,2.978368932e+05,36
6.900000018e-01,1.299999554e-01,1.594786964e-05,-1.477309024e-03,1.002978369e+03,2.978368932e+05,36
7.000000018e-01,1.299999554e-01,1.594787006e-05,-1.477309024e-03,1.002978369e+03,2.978368932e+05,36
7.100000018e-01,1.299999554e-01,1.594786902e-05,-1.477309024e-03,1.002978369e+03,2.978368932e+05,36
7.200000018e-01,1.299999554e-01,1.594786801e-05,-1.477309024e-03,1.002978369e+03,2.978368932e+05,36
7.300000018e-01,1.299999554e-01,1.594786879e-05,-1.477309024e-03,1.002978369e+03,2.978368932e+05,36
7.400000018e-01,1.299999554e-01,1.594787019e-05,-1.477309024e-03,1.002978369e+03,2.978368932e+05,36
7.500000018e-01,1.299999554e-01,1.594787034e-05,-1.477309024e-03,1.002978369e+03,2.978368932e+05,36
7.600000018e-01,1.299999554e-01,1.594786974e-05,-1.477309024e-03,1.002978369e+03,2.978368932e+05,36
7.700000018e-01,1.299999554e-01,1.594786936e-05,-1.477309024e-03,1.002978369e+03,2.978368932e+05,36
7.800000018e-01,1.299999554e-01,1.594786914e-05,-1.477309024e-03,1.002978369e+03,2.978368932e+05,36
7.900000018e-01,1.299999554e-01,1.594786873e-05,-1.477309024e-03,1.002978369e+03,2.978368932e+05,36
8.000000018e-01,1.299999554e-01,1.594786828e-05,-1.477309024e-03,1.002978369e+03,2.978368932e+05,36
8.100000018e-01,1.299999554e-01,1.594786859e-05,-1.477309024e-03,1.002978369e+03,2.978368932e+05,36
8.200000018e-01,1.299999554e-01,1.594786967e-05,-1.477309024e-03,1.002978369e+03,2.978368932e+05,36
8.300000018e-01,1.299999554e-01,1.594787012e-05,-1.477309024e-03,1.002978369e+03,2.978368932e+05,36
8.400000018e-01,1.299999554e-01,1.594786908e-05,-1.477309024e-03,1.002978369e+03,2.978368932e+05,36
8.500000018e-01,1.299999554e-01,1.594786802e-05,-1.477309024e-03,1.002978369e+03,2.978368932e+05,36
8.600000018e-01,1.299999554e-01,1.594786877e-05,-1.477309024e-03,1.002978369e+03,2.978368932e+05,36
8.700000018e-01,1.299999554e-01,1.594787019e-05,-1.477309024e-03,1.002978369e+03,2.978368932e+05,36
8.800000018e-01,1.299999554e-01,1.594787036e-05,-1.477309024e-03,1.002978369e+03,2.978368932e+05,36
8.900000018e-01,1.299999554e-01,1.594786974e-05,-1.477309024e-03,1.002978369e+03,2.978368932e+05,36
9.000000018e-01,1.299999554e-01,1.594786926e-05,-1.477309024e-03,1.002978369e+03,2.978368932e+05,36
9.100000018e-01,1.299999554e-01,1.594786877e-05,-1.477309024e-03,1.002978369e+03,2.978368932e+05,36
9.200000018e-01,1.299999554e-01,1.594786827e-05,-1.477309024e-03,1.002978369e+03,2.978368932e+05,36
9.300000018e-01,1.299999554e-01,1.594786855e-05,-1.477309024e-03,1.002978369e+03,2.978368932e+05,36
9.400000018e-01,1.299999554e-01,1.594786963e-05,-1.477309024e-03,1.002978369e+03,2.978368932e+05,36
9.500000018e-01,1.299999554e-01,1.594787010e-05,-1.477309024e-03,1.002978369e+03,2.978368932e+05,36
9.600000018e-01,1.299999554e-01,1.594786930e-05,-1.477309024e-03,1.002978369e+03,2.978368932e+05,36
9.700000018e-01,1.299999554e-01,1.594786902e-05,-1.477309024e-03,1.002978369e+03,2.978368932e+05,36
9.800000018e-01,1.299999554e-01,1.594787056e-05,-1.477309024e-03,1.002978369e+03,2.978368932e+05,36
9.900000018e-01,1.299999554e-01,1.594787121e-05,-1.477309024e-03,1.002978369e+03,2.978368932e+05,36
1.000000002e+00,1.299999554e-01,1.594786945e-05,-1.477309024e-03,1.002978369e+03,2.978368932e+05,36
1.010000002e+00,1.299999554e-01,1.594786817e-05,-1.477309024e-03,1.002978369e+03,2.978368932e+05,36
1.020000002e+00,1.299999554e-01,1.594786844e-05,-1.477309024e-03,1.002978369e+03,2.978368932e+05,36
1.030000002e+00,1.299999554e-01,1.594786890e-05,-1.477309024e-03,1.002978369e+03,2.978368932e+05,36
1.040000002e+00,1.299999554e-01,1.594786912e-05,-1.477309024e-03,1.002978369e+03,2.978368932e+05,36
1.050000002e+00,1.299999554e-01,1.594786920e-05,-1.477309024e-03,1.002978369e+03,2.978368932e+05,36
1.060000002e+00,1.299999554e-01,1.594786920e-05,-1.477309024e-03,1.002978369e+03,2.978368932e+05,36
1.070000002e+00,1.299999554e-01,1.594786907e-05,-1.477309024e-03,1.002978369e+03,2.978368932e+05,36
1.080000002e+00,1.299999554e-01,1.594786876e-05,-1.477309024e-03,1.002978369e+03,2.978368932e+05,36
1.090000002e+00,1.299999554e-01,1.594786833e-05,-1.477309023e-03,1.002978369e+03,2.978368932e+05,36
1.100000002e+00,1.299999554e-01,1.594786765e-05,-1.477309023e-03,1.002978369e+03,2.978368932e+05,36
1.110000002e+00,1.299999554e-01,1.594786688e-05,-1.477309023e-03,1.002978369e+03,2.978368932e+05,36
1.120000002e+00,1.299999554e-01,1.594786773e-05,-1.477309023e-03,1.002978369e+03,2.978368932e+05,36
1.130000002e+00,1.299999554e-01,1.594787080e-05,-1.477309024e-03,1.002978369e+03,2.978368932e+05,36
1.140000002e+00,1.299999554e-01,1.594787258e-05,-1.477309024e-03,1.002978369e+03,2.978368932e+05,36
1.150000002e+00,1.299999554e-01,1.594787094e-05,-1.477309024e-03,1.002978369e+03,2.978368932e+05,36
1.160000002e+00,1.299999554e-01,1.594786832e-05,-1.477309024e-03,1.002978369e+03,2.978368932e+05,36
1.170000002e+00,1.299999554e-01,1.594786760e-05,-1.477309024e-03,1.002978369e+03,2.978368932e+05,36
1.180000002e+00,1.299999554e-01,1.594786917e-05,-1.477309024e-03,1.002978369e+03,2.978368932e+05,36
1.190000002e+00,1.299999554e-01,1.594787058e-05,-1.477309024e-03,1.002978369e+03,2.978368932e+05,36
1.200000002e+00,1.299999554e-01,1.594787033e-05,-1.477309024e-03,1.002978369e+03,2.978368932e+05,36
1.210000002e+00,1.299999554e-01,1.594786961e-05,-1.477309024e-03,1.002978369e+03,2.978368932e+05,36
1.220000002e+00,1.299999554e-01,1.594786929e-05,-1.477309024e-03,1.002978369e+03,2.978368932e+05,36
1.230000002e+00,1.299999554e-01,1.594786923e-05,-1.477309024e-03,1.002978369e+03,2.978368932e+05,36
1.240000002e+00,1.299999554e-01,1.594786923e-05,-1.477309024e-03,1.002978369e+03,2.978368932e+05,36
1.250000002e+00,1.299999554e-01,1.594786923e-05,-1.477309024e-03,1.002978369e+03,2.978368932e+05,36
1.260000002e+00,1.299999554e-01,1.594786924e-05,-1.477309024e-03,1.002978369e+03,2.978368932e+05,36
1.270000002e+00,1.299999554e-01,1.594786925e-05,-1.477309024e-03,1.002978369e+03,2.978368932e+05,36
1.280000002e+00,1.299999554e-01,1.594786926e-05,-1.477309024e-03,1.002978369e+03,2.978368932e+05,36
1.290000002e+00,1.299999554e-01,1.594786925e-05,-1.477309024e-03,1.002978369e+03,2.978368932e+05,36
1.300000002e+00,1.299999554e-01,1.594786921e-05,-1.477309024e-03,1.002978369e+03,2.978368932e+05,36
1.310000002e+00,1.299999554e-01,1.594786912e-05,-1.477309024e-03,1.002978369e+03,2.978368932e+05,36
1.320000002e+00,1.299999554e-01,1.594786898e-05,-1.477309024e-03,1.002978369e+03,2.978368932e+05,36
1.330000002e+00,1.299999554e-01,1.594786878e-05,-1.477309024e-03,1.002978369e+03,2.978368932e+05,36
1.340000002e+00,1.299999554e-01,1.594786826e-05,-1.477309024e-03,1.002978369e+03,2.978368932e+05,36
1.350000002e+00,1.299999554e-01,1.594786736e-05,-1.477309023e-03,1.002978369e+03,2.978368932e+05,36
1.360000002e+00,1.299999554e-01,1.594786712e-05,-1.477309023e-03,1.002978369e+03,2.978368932e+05,36
1.370000002e+00,1.299999554e-01,1.594786857e-05,-1.477309023e-03,1.002978369e+03,2.978368932e+05,36
1.380000002e+00,1.299999554e-01,1.594787106e-05,-1.477309023e-03,1.002978369e+03,2.978368932e+05,36
1.390000002e+00,1.299999554e-01,1.594787212e-05,-1.477309024e-03,1.002978369e+03,2.978368932e+05,36
1.400000002e+00,1.299999554e-01,1.594787066e-05,-1.477309024e-03,1.002978369e+03,2.978368932e+05,36
1.410000002e+00,1.299999554e-01,1.594786843e-05,-1.477309024e-03,1.002978369e+03,2.978368932e+05,36
1.420000002e+00,1.299999554e-01,1.594786767e-05,-1.477309024e-03,1.002978369e+03,2.978368932e+05,36
1.430000002e+00,1.299999554e-01,1.594786910e-05,-1.477309024e-03,1.002978369e+03,2.978368932e+05,36
1.440000002e+00,1.299999554e-01,1.594787052e-05,-1.477309024e-03,1.002978369e+03,2.978368932e+05,36
1.450000002e+00,1.299999554e-01,1.594787032e-05,-1.477309024e-03,1.002978369e+03,2.978368932e+05,36
1.460000002e+00,1.299999554e-01,1.594786963e-05,-1.477309024e-03,1.002978369e+03,2.978368932e+05,36
1.470000002e+00,1.299999554e-01,1.594786934e-05,-1.477309024e-03,1.002978369e+03,2.978368932e+05,36
1.480000002e+00,1.299999554e-01,1.594786929e-05,-1.477309024e-03,1.002978369e+03,2.978368932e+05,36
1.490000002e+00,1.299999554e-01,1.594786926e-05,-1.477309024e-03,1.002978369e+03,2.978368932e+05,36
1.500000002e+00,1.299999554e-01,1.594786924e-05,-1.477309024e-03,1.002978369e+03,2.978368932e+05,36
1.510000002e+00,1.299999554e-01,1.594786923e-05,-1.477309024e-03,1.002978369e+03,2.978368932e+05,36
1.520000002e+00,1.299999554e-01,1.594786923e-05,-1.477309024e-03,1.002978369e+03,2.978368932e+05,36
1.530000002e+00,1.299999554e-01,1.594786923e-05,-1.477309024e-03,1.002978369e+03,2.978368932e+05,36
1.540000002e+00,1.299999554e-01,1.594786923e-05,-1.477309024e-03,1.002978369e+03,2.978368932e+05,36
1.550000002e+00,1.299999554e-01,1.594786922e-05,-1.477309024e-03,1.002978369e+03,2.978368932e+05,36
1.560000002e+00,1.299999554e-01,1.594786918e-05,-1.477309024e-03,1.002978369e+03,2.978368932e+05,36
1.570000002e+00,1.299999554e-01,1.594786908e-05,-1.477309024e-03,1.002978369e+03,2.978368932e+05,36
1.580000002e+00,1.299999554e-01,1.594786893e-05,-1.477309024e-03,1.002978369e+03,2.978368932e+05,36
1.590000002e+00,1.299999554e-01,1.594786875e-05,-1.477309024e-03,1.002978369e+03,2.978368932e+05,36
1.600000002e+00,1.299999554e-01,1.594786825e-05,-1.477309024e-03,1.002978369e+03,2.978368932e+05,36
1.610000002e+00,1.299999554e-01,1.594786736e-05,-1.477309023e-03,1.002978369e+03,2.978368932e+05,36
1.620000002e+00,1.299999554e-01,1.594786713e-05,-1.477309023e-03,1.002978369e+03,2.978368932e+05,36
1.630000002e+00,1.299999554e-01,1.594786864e-05,-1.477309023e-03,1.002978369e+03,2.978368932e+05,36
1.640000002e+00,1.299999554e-01,1.594787129e-05,-1.477309023e-03,1.002978369e+03,2.978368932e+05,36
1.650000002e+00,1.299999554e-01,1.594787238e-05,-1.477309024e-03,1.002978369e+03,2.978368932e+05,36
1.660000002e+00,1.299999554e-01,1.594787042e-05,-1.477309025e-03,1.002978369e+03,2.978368932e+05,36
1.670000002e+00,1.299999554e-01,1.594786775e-05,-1.477309024e-03,1.002978369e+03,2.978368932e+05,36
1.680000002e+00,1.299999554e-01,1.594786744e-05,-1.477309024e-03,1.002978369e+03,2.978368932e+05,36
1.690000002e+00,1.299999554e-01,1.594786941e-05,-1.477309024e-03,1.002978369e+03,2.978368932e+05,36
1.700000002e+00,1.299999554e-01,1.594787063e-05,-1.477309024e-03,1.002978369e+03,2.978368932e+05,36
1.710000002e+00,1.299999554e-01,1.594786903e-05,-1.477309024e-03,1.002978369e+03,2.978368932e+05,36
1.720000002e+00,1.299999554e-01,1.594786115e-05,-1.477309023e-03,1.002978369e+03,2.978368932e+05,36
1.730000002e+00,1.299999554e-01,1.594781784e-05,-1.477309019e-03,1.002978369e+03,2.978368932e+05,36
1.740000002e+00,1.299999554e-01,1.594755908e-05,-1.477308993e-03,1.002978369e+03,2.978368932e+05,36
1.750000002e+00,1.299999554e-01,1.594603552e-05,-1.477308834e-03,1.002978369e+03,2.978368935e+05,36
1.760000002e+00,1.299999554e-01,1.593732598e-05,-1.477307883e-03,1.002978369e+03,2.978368954e+05,36
1.770000002e+00,1.299999554e-01,1.588897996e-05,-1.477302317e-03,1.002978369e+03,2.978369058e+05,36
1.780000002e+00,1.299999554e-01,1.562721015e-05,-1.477270466e-03,1.002978370e+03,2.978369628e+05,36
1.790000002e+00,1.299999554e-01,1.425239666e-05,-1.477092744e-03,1.002978373e+03,2.978372642e+05,36
1.800000002e+00,1.299999554e-01,7.326940600e-06,-1.476132246e-03,1.002978388e+03,2.978388243e+05,36
1.810000001e+00,1.299999555e-01,-2.631683832e-05,-1.471077969e-03,1.002978466e+03,2.978466214e+05,36
1.820000000e+00,1.299999557e-01,-1.855563385e-04,-1.445057808e-03,1.002978834e+03,2.978834091e+05,36
1.829999993e+00,1.299999569e-01,-9.051690107e-04,-1.316033754e-03,1.002980504e+03,2.980504158e+05,36
1.839999961e+00,1.299999629e-01,-3.942870058e-03,-7.032878964e-04,1.002987950e+03,2.987950095e+05,36
1.849999820e+00,1.299999929e-01,-1.627243267e-02,2.164326525e-03,1.003018865e+03,3.018865076e+05,36
1.859999216e+00,1.300001387e-01,-6.440273877e-02,1.514338640e-02,1.003134669e+03,3.134668865e+05,36
1.869996881e+00,1.300007846e-01,-2.311624180e-01,6.802237237e-02,1.003560986e+03,3.560985596e+05,36
1.879989049e+00,1.300034807e-01,-7.332271843e-01,2.707845478e-01,1.005044215e+03,5.044214508e+05,36
1.889962475e+00,1.300156116e-01,-2.122181765e+00,1.045152025e+00,1.009119022e+03,9.119022037e+05,36
1.899882244e+00,1.300617718e-01,-5.030157186e+00,3.354752525e+00,1.016283747e+03,1.628374678e+06,37
1.909699525e+00,1.301698376e-01,-9.222572222e+00,7.504873460e+00,1.022958361e+03,2.295836128e+06,37
1.919388661e+00,1.302384725e-01,-1.286049127e+01,9.676611988e+00,1.011520888e+03,1.152088849e+06,37
1.929152304e+00,1.301307252e-01,-1.380068279e+01,6.665696173e+00,9.793696901e+02,-2.063030987e+06,37
1.939379735e+00,1.300106026e-01,-1.318394743e+01,2.714363933e+00,9.702645906e+02,-2.973540941e+06,37
1.949495084e+00,1.301074486e-01,-2.169213941e+01,4.051790565e+00,1.022399209e+03,2.239920945e+06,36
1.958947711e+00,1.303713705e-01,-3.894272087e+01,1.157755085e+01,1.155457154e+03,1.554571539e+07,34
1.970000334e+00,1.306725057e-01,-1.380228975e+01,1.995843586e+01,1.174633174e+03,1.746331745e+07,34
1.989400869e+00,1.306605449e-01,8.793104368e+00,1.757806562e+01,8.982712670e+02,-1.017287330e+07,32
1.234327947e-02,1.304530609e-01,1.068842573e+02,1.446104438e+01,9.333630142e+02,-6.663698578e+06,33
1.969431171e+00,1.307924417e-01,-9.096623875e+01,2.128100863e+01,1.178153374e+03,1.781533741e+07,34
3.064773502e-02,1.417399819e-01,9.049012844e+01,2.272242501e+01,1.096393237e+03,9.639323694e+06,34
1.986934989e+00,1.409436578e-01,-1.176132100e+02,1.047017112e+01,8.777097813e+02,-1.222902187e+07,33
1.069570204e-02,1.405897830e-01,-1.978113216e+00,1.105409892e+01,8.375706045e+02,-1.624293955e+07,34
2.963788872e-02,1.407165126e-01,6.087051302e+00,2.046114092e+01,1.096489075e+03,9.648907463e+06,34
4.073230917e-02,1.403886480e-01,2.750956969e+01,1.187632134e+01,1.127422997e+03,1.274229969e+07,35
5.033310137e-02,1.402091307e-01,1.656180214e+01,3.754128891e+00,1.036312661e+03,3.631266081e+06,37
6.020718426e-02,1.402210164e-01,7.683959260e+00,2.759865319e+00,1.003113114e+03,3.113114025e+05,35
7.022052654e-02,1.402544117e-01,4.152647488e+00,4.655535349e+00,1.001574128e+03,1.574127813e+05,34
8.017564235e-02,1.402089951e-01,3.388138941e+00,5.388358191e+00,1.011312973e+03,1.131297269e+06,34
9.010457555e-02,1.401049589e-01,2.967910767e+00,3.782970646e+00,1.014849213e+03,1.484921310e+06,36
1.000477872e-01,1.400369848e-01,2.017617883e+00,1.819249829e+00,1.010940827e+03,1.094082708e+06,36
1.100181705e-01,1.400106102e-01,1.019080752e+00,6.662879188e-01,1.006476341e+03,6.476341101e+05,36
1.200064456e-01,1.400028802e-01,4.192284930e-01,2.111338222e-01,1.004169953e+03,4.169953227e+05,36
1.300019721e-01,1.400006644e-01,1.429935914e-01,5.758779021e-02,1.003340802e+03,3.340801759e+05,36
1.400005148e-01,1.400000696e-01,4.144900134e-02,1.186575701e-02,1.003085089e+03,3.085089251e+05,36
1.500001259e-01,1.399999323e-01,1.102485335e-02,2.402123622e-04,1.003008021e+03,3.008021151e+05,36
1.600000312e-01,1.399999032e-01,2.815910214e-03,-2.444793293e-03,1.002986509e+03,2.986508632e+05,36
1.700000084e-01,1.399998971e-01,6.856710515e-04,-3.048542381e-03,1.002981227e+03,2.981226924e+05,36
1.800000032e-01,1.399998958e-01,1.654686505e-04,-3.179919639e-03,1.002980008e+03,2.980007973e+05,36
1.900000021e-01,1.399998956e-01,4.794337809e-05,-3.206919952e-03,1.002979732e+03,2.979731945e+05,36
2.000000018e-01,1.399998955e-01,2.258670847e-05,-3.212258129e-03,1.002979672e+03,2.979672461e+05,36
2.100000018e-01,1.399998955e-01,1.727030901e-05,-3.213289748e-03,1.002979660e+03,2.979660405e+05,36
2.200000018e-01,1.399998955e-01,1.620067464e-05,-3.213483123e-03,1.002979658e+03,2.979658044e+05,36
2.300000018e-01,1.399998955e-01,1.599473239e-05,-3.213518146e-03,1.002979658e+03,2.979657592e+05,36
2.400000018e-01,1.399998955e-01,1.595630256e-05,-3.213524326e-03,1.002979658e+03,2.979657509e+05,36
2.500000018e-01,1.399998955e-01,1.594931733e-05,-3.213525392e-03,1.002979657e+03,2.979657494e+05,36
2.600000018e-01,1.399998955e-01,1.594808669e-05,-3.213525571e-03,1.002979657e+03,2.979657492e+05,36
2.700000018e-01,1.399998955e-01,1.594787652e-05,-3.213525601e-03,1.002979657e+03,2.979657491e+05,36
2.800000018e-01,1.399998955e-01,1.594784099e-05,-3.213525606e-03,1.002979657e+03,2.979657491e+05,36
2.900000018e-01,1.399998955e-01,1.594783467e-05,-3.213525606e-03,1.002979657e+03,2.979657491e+05,36
3.000000018e-01,1.399998955e-01,1.594783348e-05,-3.213525606e-03,1.002979657e+03,2.979657491e+05,36
3.100000018e-01,1.399998955e-01,1.594783355e-05,-3.213525606e-03,1.002979657e+03,2.979657491e+05,36
3.200000018e-01,1.399998955e-01,1.594783396e-05,-3.213525606e-03,1.002979657e+03,2.979657491e+05,36
3.300000018e-01,1.399998955e-01,1.594783431e-05,-3.213525606e-03,1.002979657e+03,2.979657491e+05,36
3.400000018e-01,1.399998955e-01,1.594783435e-05,-3.213525606e-03,1.002979657e+03,2.979657491e+05,36
3.500000018e-01,1.399998955e-01,1.594783404e-05,-3.213525606e-03,1.002979657e+03,2.979657491e+05,36
3.600000018e-01,1.399998955e-01,1.594783360e-05,-3.213525606e-03,1.002979657e+03,2.979657491e+05,36
3.700000018e-01,1.399998955e-01,1.594783321e-05,-3.213525606e-03,1.002979657e+03,2.979657491e+05,36
3.800000018e-01,1.399998955e-01,1.594783346e-05,-3.213525606e-03,1.002979657e+03,2.979657491e+05,36
3.900000018e-01,1.399998955e-01,1.594783424e-05,-3.213525606e-03,1.002979657e+03,2.979657491e+05,36
4.000000018e-01,1.399998955e-01,1.594783452e-05,-3.213525607e-03,1.002979657e+03,2.979657491e+05,36
4.100000018e-01,1.399998955e-01,1.594783415e-05,-3.213525607e-03,1.002979657e+03,2.979657491e+05,36
4.200000018e-01,1.399998955e-01,1.594783360e-05,-3.213525607e-03,1.002979657e+03,2.979657491e+05,36
4.300000018e-01,1.399998955e-01,1.594783319e-05,-3.213525607e-03,1.002979657e+03,2.979657491e+05,36
4.400000018e-01,1.399998955e-01,1.594783345e-05,-3.213525607e-03,1.002979657e+03,2.979657491e+05,36
4.500000018e-01,1.399998955e-01,1.594783422e-05,-3.213525607e-03,1.002979657e+03,2.979657491e+05,36
4.600000018e-01,1.399998955e-01,1.594783449e-05,-3.213525607e-03,1.002979657e+03,2.979657491e+05,36
4.700000018e-01,1.399998955e-01,1.594783411e-05,-3.213525607e-03,1.002979657e+03,2.979657491e+05,36
4.800000018e-01,1.399998955e-01,1.594783356e-05,-3.213525606e-03,1.002979657e+03,2.979657491e+05,36
4.900000018e-01,1.399998955e-01,1.594783311e-05,-3.213525606e-03,1.002979657e+03,2.979657491e+05,36
5.000000018e-01,1.399998955e-01,1.594783352e-05,-3.213525606e-03,1.002979657e+03,2.979657491e+05,36
5.100000018e-01,1.399998955e-01,1.594783450e-05,-3.213525606e-03,1.002979657e+03,2.979657491e+05,36
5.200000018e-01,1.399998955e-01,1.594783466e-05,-3.213525606e-03,1.002979657e+03,2.979657491e+05,36
5.300000018e-01,1.399998955e-01,1.594783383e-05,-3.213525606e-03,1.002979657e+03,2.979657491e+05,36
5.400000018e-01,1.399998955e-01,1.594783305e-05,-3.213525606e-03,1.002979657e+03,2.979657491e+05,36
5.500000018e-01,1.399998955e-01,1.594783325e-05,-3.213525606e-03,1.002979657e+03,2.979657491e+05,36
5.600000018e-01,1.399998955e-01,1.594783427e-05,-3.213525606e-03,1.002979657e+03,2.979657491e+05,36
5.700000018e-01,1.399998955e-01,1.594783470e-05,-3.213525606e-03,1.002979657e+03,2.979657491e+05,36
5.800000018e-01,1.399998955e-01,1.594783370e-05,-3.213525606e-03,1.002979657e+03,2.979657491e+05,36
5.900000018e-01,1.399998955e-01,1.594783270e-05,-3.213525606e-03,1.002979657e+03,2.979657491e+05,36
6.000000018e-01,1.399998955e-01,1.594783346e-05,-3.213525606e-03,1.002979657e+03,2.979657491e+05,36
6.100000018e-01,1.399998955e-01,1.594783487e-05,-3.213525606e-03,1.002979657e+03,2.979657491e+05,36
6.200000018e-01,1.399998955e-01,1.594783504e-05,-3.213525606e-03,1.002979657e+03,2.979657491e+05,36
6.300000018e-01,1.399998955e-01,1.594783443e-05,-3.213525606e-03,1.002979657e+03,2.979657491e+05,36
6.400000018e-01,1.399998955e-01,1.594783401e-05,-3.213525606e-03,1.002979657e+03,2.979657491e+05,36
6.500000018e-01,1.399998955e-01,1.594783377e-05,-3.213525606e-03,1.002979657e+03,2.979657491e+05,36
6.600000018e-01,1.399998955e-01,1.594783334e-05,-3.213525606e-03,1.002979657e+03,2.979657491e+05,36
6.700000018e-01,1.399998955e-01,1.594783289e-05,-3.213525606e-03,1.002979657e+03,2.979657491e+05,36
6.800000018e-01,1.399998955e-01,1.594783321e-05,-3.213525606e-03,1.002979657e+03,2.979657491e+05,36
6.900000018e-01,1.399998955e-01,1.594783428e-05,-3.213525606e-03,1.002979657e+03,2.979657491e+05,36
7.000000018e-01,1.399998955e-01,1.594783469e-05,-3.213525606e-03,1.002979657e+03,2.979657491e+05,36
7.100000018e-01,1.399998955e-01,1.594783367e-05,-3.213525606e-03,1.002979657e+03,2.979657491e+05,36
7.200000018e-01,1.399998955e-01,1.594783266e-05,-3.213525606e-03,1.002979657e+03,2.979657491e+05,36
7.300000018e-01,1.399998955e-01,1.594783344e-05,-3.213525606e-03,1.002979657e+03,2.979657491e+05,36
7.400000018e-01,1.399998955e-01,1.594783486e-05,-3.213525606e-03,1.002979657e+03,2.979657491e+05,36
7.500000018e-01,1.399998955e-01,1.594783504e-05,-3.213525606e-03,1.002979657e+03,2.979657491e+05,36
7.600000018e-01,1.399998955e-01,1.594783441e-05,-3.213525606e-03,1.002979657e+03,2.979657491e+05,36
7.700000018e-01,1.399998955e-01,1.594783397e-05,-3.213525606e-03,1.002979657e+03,2.979657491e+05,36
7.800000018e-01,1.399998955e-01,1.594783373e-05,-3.213525606e-03,1.002979657e+03,2.979657491e+05,36
7.900000018e-01,1.399998955e-01,1.594783334e-05,-3.213525606e-03,1.002979657e+03,2.979657491e+05,36
8.000000018e-01,1.399998955e-01,1.594783291e-05,-3.213525606e-03,1.002979657e+03,2.979657491e+05,36
8.100000018e-01,1.399998955e-01,1.594783323e-05,-3.213525606e-03,1.002979657e+03,2.979657491e+05,36
8.200000018e-01,1.399998955e-01,1.594783430e-05,-3.213525606e-03,1.002979657e+03,2.979657491e+05,36
8.300000018e-01,1.399998955e-01,1.594783475e-05,-3.213525606e-03,1.002979657e+03,2.979657491e+05,36
8.400000018e-01,1.399998955e-01,1.594783373e-05,-3.213525606e-03,1.002979657e+03,2.979657491e+05,36
8.500000018e-01,1.399998955e-01,1.594783269e-05,-3.213525606e-03,1.002979657e+03,2.979657491e+05,36
8.600000018e-01,1.399998955e-01,1.594783343e-05,-3.213525606e-03,1.002979657e+03,2.979657491e+05,36
8.700000018e-01,1.399998955e-01,1.594783486e-05,-3.213525606e-03,1.002979657e+03,2.979657491e+05,36
8.800000018e-01,1.399998955e-01,1.594783504e-05,-3.213525606e-03,1.002979657e+03,2.979657491e+05,36
8.900000018e-01,1.399998955e-01,1.594783439e-05,-3.213525606e-03,1.002979657e+03,2.979657491e+05,36
9.000000018e-01,1.399998955e-01,1.594783386e-05,-3.213525606e-03,1.002979657e+03,2.979657491e+05,36
9.100000018e-01,1.399998955e-01,1.594783336e-05,-3.213525606e-03,1.002979657e+03,2.979657491e+05,36
9.200000018e-01,1.399998955e-01,1.594783289e-05,-3.213525606e-03,1.002979657e+03,2.979657491e+05,36
9.300000018e-01,1.399998955e-01,1.594783319e-05,-3.213525606e-03,1.002979657e+03,2.979657491e+05,36
9.400000018e-01,1.399998955e-01,1.594783425e-05,-3.213525606e-03,1.002979657e+03,2.979657491e+05,36
9.500000018e-01,1.399998955e-01,1.594783470e-05,-3.213525606e-03,1.002979657e+03,2.979657491e+05,36
9.600000018e-01,1.399998955e-01,1.594783389e-05,-3.213525606e-03,1.002979657e+03,2.979657491e+05,36
9.700000018e-01,1.399998955e-01,1.594783353e-05,-3.213525607e-03,1.002979657e+03,2.979657491e+05,36
9.800000018e-01,1.399998955e-01,1.594783500e-05,-3.213525607e-03,1.002979657e+03,2.979657491e+05,36
9.900000018e-01,1.399998955e-01,1.594783575e-05,-3.213525607e-03,1.002979657e+03,2.979657491e+05,36
1.000000002e+00,1.399998955e-01,1.594783422e-05,-3.213525607e-03,1.002979657e+03,2.979657491e+05,36
1.010000002e+00,1.399998955e-01,1.594783301e-05,-3.213525607e-03,1.002979657e+03,2.979657491e+05,36
1.020000002e+00,1.399998955e-01,1.594783321e-05,-3.213525607e-03,1.002979657e+03,2.979657491e+05,36
1.030000002e+00,1.399998955e-01,1.594783362e-05,-3.213525606e-03,1.002979657e+03,2.979657491e+05,36
1.040000002e+00,1.399998955e-01,1.594783379e-05,-3.213525606e-03,1.002979657e+03,2.979657491e+05,36
1.050000002e+00,1.399998955e-01,1.594783385e-05,-3.213525606e-03,1.002979657e+03,2.979657491e+05,36
1.060000002e+00,1.399998955e-01,1.594783385e-05,-3.213525606e-03,1.002979657e+03,2.979657491e+05,36
1.070000002e+00,1.399998955e-01,1.594783376e-05,-3.213525606e-03,1.002979657e+03,2.979657491e+05,36
1.080000002e+00,1.399998955e-01,1.594783357e-05,-3.213525606e-03,1.002979657e+03,2.979657491e+05,36
1.090000002e+00,1.399998955e-01,1.594783328e-05,-3.213525606e-03,1.002979657e+03,2.979657491e+05,36
1.100000002e+00,1.399998955e-01,1.594783256e-05,-3.213525606e-03,1.002979657e+03,2.979657491e+05,36
1.110000002e+00,1.399998955e-01,1.594783150e-05,-3.213525606e-03,1.002979657e+03,2.979657491e+05,36
1.120000002e+00,1.399998955e-01,1.594783203e-05,-3.213525606e-03,1.002979657e+03,2.979657491e+05,36
1.130000002e+00,1.399998955e-01,1.594783488e-05,-3.213525606e-03,1.002979657e+03,2.979657491e+05,36
1.140000002e+00,1.399998955e-01,1.594783659e-05,-3.213525607e-03,1.002979657e+03,2.979657491e+05,36
1.150000002e+00,1.399998955e-01,1.594783533e-05,-3.213525607e-03,1.002979657e+03,2.979657491e+05,36
1.160000002e+00,1.399998955e-01,1.594783327e-05,-3.213525607e-03,1.002979657e+03,2.979657491e+05,36
1.170000002e+00,1.399998955e-01,1.594783261e-05,-3.213525607e-03,1.002979657e+03,2.979657491e+05,36
1.180000002e+00,1.399998955e-01,1.594783392e-05,-3.213525606e-03,1.002979657e+03,2.979657491e+05,36
1.190000002e+00,1.399998955e-01,1.594783526e-05,-3.213525606e-03,1.002979657e+03,2.979657491e+05,36
1.200000002e+00,1.399998955e-01,1.594783502e-05,-3.213525606e-03,1.002979657e+03,2.979657491e+05,36
1.210000002e+00,1.399998955e-01,1.594783427e-05,-3.213525606e-03,1.002979657e+03,2.979657491e+05,36
1.220000002e+00,1.399998955e-01,1.594783392e-05,-3.213525606e-03,1.002979657e+03,2.979657491e+05,36
1.230000002e+00,1.399998955e-01,1.594783384e-05,-3.213525606e-03,1.002979657e+03,2.979657491e+05,36
1.240000002e+00,1.399998955e-01,1.594783386e-05,-3.213525606e-03,1.002979657e+03,2.979657491e+05,36
1.250000002e+00,1.399998955e-01,1.594783388e-05,-3.213525606e-03,1.002979657e+03,2.979657491e+05,36
1.260000002e+00,1.399998955e-01,1.594783388e-05,-3.213525606e-03,1.002979657e+03,2.979657491e+05,36
1.270000002e+00,1.399998955e-01,1.594783389e-05,-3.213525606e-03,1.002979657e+03,2.979657491e+05,36
1.280000002e+00,1.399998955e-01,1.594783389e-05,-3.213525606e-03,1.002979657e+03,2.979657491e+05,36
1.290000002e+00,1.399998955e-01,1.594783388e-05,-3.213525606e-03,1.002979657e+03,2.979657491e+05,36
1.300000002e+00,1.399998955e-01,1.594783386e-05,-3.213525606e-03,1.002979657e+03,2.979657491e+05,36
1.310000002e+00,1.399998955e-01,1.594783380e-05,-3.213525606e-03,1.002979657e+03,2.979657491e+05,36
1.320000002e+00,1.399998955e-01,1.594783369e-05,-3.213525606e-03,1.002979657e+03,2.979657491e+05,36
1.330000002e+00,1.399998955e-01,1.594783354e-05,-3.213525606e-03,1.002979657e+03,2.979657491e+05,36
1.340000002e+00,1.399998955e-01,1.594783301e-05,-3.213525606e-03,1.002979657e+03,2.979657491e+05,36
1.350000002e+00,1.399998955e-01,1.594783209e-05,-3.213525606e-03,1.002979657e+03,2.979657491e+05,36
1.360000002e+00,1.399998955e-01,1.594783191e-05,-3.213525606e-03,1.002979657e+03,2.979657491e+05,36
1.370000002e+00,1.399998955e-01,1.594783331e-05,-3.213525606e-03,1.002979657e+03,2.979657491e+05,36
1.380000002e+00,1.399998955e-01,1.594783534e-05,-3.213525606e-03,1.002979657e+03,2.979657491e+05,36
1.390000002e+00,1.399998955e-01,1.594783602e-05,-3.213525607e-03,1.002979657e+03,2.979657491e+05,36
1.400000002e+00,1.399998955e-01,1.594783487e-05,-3.213525607e-03,1.002979657e+03,2.979657491e+05,36
1.410000002e+00,1.399998955e-01,1.594783323e-05,-3.213525607e-03,1.002979657e+03,2.979657491e+05,36
1.420000002e+00,1.399998955e-01,1.594783266e-05,-3.213525607e-03,1.002979657e+03,2.979657491e+05,36
1.430000002e+00,1.399998955e-01,1.594783393e-05,-3.213525607e-03,1.002979657e+03,2.979657491e+05,36
1.440000002e+00,1.399998955e-01,1.594783524e-05,-3.213525606e-03,1.002979657e+03,2.979657491e+05,36
1.450000002e+00,1.399998955e-01,1.594783501e-05,-3.213525606e-03,1.002979657e+03,2.979657491e+05,36
1.460000002e+00,1.399998955e-01,1.594783427e-05,-3.213525606e-03,1.002979657e+03,2.979657491e+05,36
1.470000002e+00,1.399998955e-01,1.594783393e-05,-3.213525606e-03,1.002979657e+03,2.979657491e+05,36
1.480000002e+00,1.399998955e-01,1.594783388e-05,-3.213525607e-03,1.002979657e+03,2.979657491e+05,36
1.490000002e+00,1.399998955e-01,1.594783388e-05,-3.213525607e-03,1.002979657e+03,2.979657491e+05,36
1.500000002e+00,1.399998955e-01,1.594783387e-05,-3.213525607e-03,1.002979657e+03,2.979657491e+05,36
1.510000002e+00,1.399998955e-01,1.594783386e-05,-3.213525607e-03,1.002979657e+03,2.979657491e+05,36
1.520000002e+00,1.399998955e-01,1.594783386e-05,-3.213525607e-03,1.002979657e+03,2.979657491e+05,36
1.530000002e+00,1.399998955e-01,1.594783386e-05,-3.213525607e-03,1.002979657e+03,2.979657491e+05,36
1.540000002e+00,1.399998955e-01,1.594783386e-05,-3.213525607e-03,1.002979657e+03,2.979657491e+05,36
1.550000002e+00,1.399998955e-01,1.594783387e-05,-3.213525607e-03,1.002979657e+03,2.979657491e+05,36
1.560000002e+00,1.399998955e-01,1.594783386e-05,-3.213525607e-03,1.002979657e+03,2.979657491e+05,36
1.570000002e+00,1.399998955e-01,1.594783381e-05,-3.213525607e-03,1.002979657e+03,2.979657491e+05,36
1.580000002e+00,1.399998955e-01,1.594783371e-05,-3.213525606e-03,1.002979657e+03,2.979657491e+05,36
1.590000002e+00,1.399998955e-01,1.594783355e-05,-3.213525606e-03,1.002979657e+03,2.979657491e+05,36
1.600000002e+00,1.399998955e-01,1.594783302e-05,-3.213525606e-03,1.002979657e+03,2.979657491e+05,36
1.610000002e+00,1.399998955e-01,1.594783210e-05,-3.213525606e-03,1.002979657e+03,2.979657491e+05,36
1.620000002e+00,1.399998955e-01,1.594783193e-05,-3.213525606e-03,1.002979657e+03,2.979657491e+05,36
1.630000002e+00,1.399998955e-01,1.594783334e-05,-3.213525606e-03,1.002979657e+03,2.979657491e+05,36
1.640000002e+00,1.399998955e-01,1.594783542e-05,-3.213525606e-03,1.002979657e+03,2.979657491e+05,36
1.650000002e+00,1.399998955e-01,1.594783612e-05,-3.213525607e-03,1.002979657e+03,2.979657491e+05,36
1.660000002e+00,1.399998955e-01,1.594783477e-05,-3.213525608e-03,1.002979657e+03,2.979657491e+05,36
1.670000002e+00,1.399998955e-01,1.594783294e-05,-3.213525607e-03,1.002979657e+03,2.979657491e+05,36
1.680000002e+00,1.399998955e-01,1.594783253e-05,-3.213525607e-03,1.002979657e+03,2.979657491e+05,36
1.690000002e+00,1.399998955e-01,1.594783402e-05,-3.213525606e-03,1.002979657e+03,2.979657491e+05,36
1.700000002e+00,1.399998955e-01,1.594783522e-05,-3.213525606e-03,1.002979657e+03,2.979657491e+05,36
1.710000002e+00,1.399998955e-01,1.594783396e-05,-3.213525606e-03,1.002979657e+03,2.979657491e+05,36
1.720000002e+00,1.399998955e-01,1.594782734e-05,-3.213525606e-03,1.002979657e+03,2.979657491e+05,36
1.730000002e+00,1.399998955e-01,1.594779176e-05,-3.213525601e-03,1.002979657e+03,2.979657491e+05,36
1.740000002e+00,1.399998955e-01,1.594758127e-05,-3.213525571e-03,1.002979657e+03,2.979657492e+05,36
1.750000002e+00,1.399998955e-01,1.594635018e-05,-3.213525392e-03,1.002979657e+03,2.979657494e+05,36
1.760000002e+00,1.399998955e-01,1.593936461e-05,-3.213524326e-03,1.002979658e+03,2.979657509e+05,36
1.770000002e+00,1.399998955e-01,1.590093481e-05,-3.213518147e-03,1.002979658e+03,2.979657592e+05,36
1.780000002e+00,1.399998955e-01,1.569499366e-05,-3.213483124e-03,1.002979658e+03,2.979658044e+05,36
1.790000002e+00,1.399998955e-01,1.462535956e-05,-3.213289747e-03,1.002979660e+03,2.979660405e+05,36
1.800000002e+00,1.399998955e-01,9.308958515e-06,-3.212258129e-03,1.002979672e+03,2.979672461e+05,36
1.810000001e+00,1.399998956e-01,-1.604771113e-05,-3.206919952e-03,1.002979732e+03,2.979731945e+05,36
1.820000000e+00,1.399998958e-01,-1.335729822e-04,-3.179919639e-03,1.002980008e+03,2.980007973e+05,36
1.829999995e+00,1.399998971e-01,-6.537753834e-04,-3.048542381e-03,1.002981227e+03,2.981226924e+05,36
1.839999972e+00,1.399999032e-01,-2.784014546e-03,-2.444793293e-03,1.002986509e+03,2.986508632e+05,36
1.849999878e+00,1.399999323e-01,-1.099295768e-02,2.402123629e-04,1.003008021e+03,3.008021151e+05,36
1.859999489e+00,1.400000696e-01,-4.141710568e-02,1.186575701e-02,1.003085089e+03,3.085089251e+05,36
1.869998031e+00,1.400006644e-01,-1.429616957e-01,5.758779021e-02,1.003340802e+03,3.340801759e+05,36
1.879993558e+00,1.400028802e-01,-4.191965973e-01,2.111338223e-01,1.004169953e+03,4.169953227e+05,36
1.889981833e+00,1.400106102e-01,-1.019048857e+00,6.662879188e-01,1.006476341e+03,6.476341100e+05,36
1.899952216e+00,1.400369848e-01,-2.017585987e+00,1.819249829e+00,1.010940827e+03,1.094082708e+06,36
1.909895428e+00,1.401049589e-01,-2.967878870e+00,3.782970647e+00,1.014849213e+03,1.484921310e+06,36
1.919824361e+00,1.402089951e-01,-3.388107039e+00,5.388358194e+00,1.011312973e+03,1.131297267e+06,34
1.929779477e+00,1.402544117e-01,-4.152615573e+00,4.655535362e+00,1.001574128e+03,1.574127765e+05,34
1.939792819e+00,1.402210164e-01,-7.683927318e+00,2.759865360e+00,1.003113114e+03,3.113113905e+05,35
1.949666902e+00,1.402091307e-01,-1.656177017e+01,3.754128983e+00,1.036312660e+03,3.631266049e+06,37
1.959267694e+00,1.403886480e-01,-2.750953768e+01,1.187632150e+01,1.127422996e+03,1.274229961e+07,35
1.970362115e+00,1.407165126e-01,-6.087019369e+00,2.046114106e+01,1.096489073e+03,9.648907348e+06,34
1.989304302e+00,1.405897830e-01,1.978144928e+00,1.105409895e+01,8.375706022e+02,-1.624293978e+07,34
1.306501424e-02,1.409436578e-01,1.176132416e+02,1.047017105e+01,8.777097835e+02,-1.222902165e+07,33
1.969352269e+00,1.417399819e-01,-9.049009653e+01,2.272242517e+01,1.096393236e+03,9.639323567e+06,34
3.164949414e-02,1.602236804e-01,9.201272115e+01,3.351994185e+01,1.098026904e+03,9.802690376e+06,35
1.987042408e+00,1.587047110e-01,-6.335004674e+01,4.823516184e+01,9.503140502e+02,-4.968594978e+06,29
8.990494727e-03,1.537275832e-01,-1.223073784e+01,4.037375335e+01,8.630293484e+02,-1.369706516e+07,28
2.903209013e-02,1.509343740e-01,1.265471554e+00,9.681953813e+00,1.019397246e+03,1.939724562e+06,34
4.056021370e-02,1.501317692e-01,2.180617711e+01,1.109553543e+00,1.098013858e+03,9.801385751e+06,39
5.032867333e-02,1.500037067e-01,1.533443404e+01,-2.097838732e+00,1.046543898e+03,4.654389771e+06,35
6.010493956e-02,1.500735803e-01,6.595674298e+00,-4.978251563e-01,1.021854314e+03,2.185431369e+06,37
7.004173226e-02,1.501006112e-01,2.120811414e+00,1.183577091e+00,1.014518545e+03,1.451854500e+06,34
8.004029712e-02,1.500752299e-01,1.141461742e+00,1.798434831e+00,1.011992848e+03,1.199284805e+06,36
9.002919379e-02,1.500393379e-01,1.009512532e+00,1.484112226e+00,1.009807859e+03,9.807858897e+05,36
1.000165679e-01,1.500166206e-01,7.944313790e-01,8.644106472e-01,1.006816045e+03,6.816045358e+05,36
1.100082120e-01,1.500062026e-01,4.741289273e-01,3.885345900e-01,1.004618824e+03,4.618824482e+05,36
1.200032957e-01,1.500019410e-01,2.133274094e-01,1.389280295e-01,1.003583018e+03,3.583017719e+05,36
1.300010525e-01,1.500004507e-01,7.594340652e-02,3.947480202e-02,1.003192959e+03,3.192958845e+05,36
1.400002900e-01,1.500000303e-01,2.327872393e-02,8.235050650e-03,1.003054479e+03,3.054478817e+05,36
1.500000765e-01,1.499999294e-01,6.634070758e-03,-9.005072704e-05,1.003008253e+03,3.008252560e+05,36
1.600000205e-01,1.499999066e-01,1.789108113e-03,-2.154875114e-03,1.002994981e+03,2.994980537e+05,36
1.700000061e-01,1.499999015e-01,4.533220940e-04,-2.650337424e-03,1.002991635e+03,2.991634874e+05,36
1.800000027e-01,1.499999004e-01,1.162461202e-04,-2.762212709e-03,1.002990830e+03,2.990829836e+05,36
1.900000020e-01,1.499999002e-01,3.799632567e-05,-2.785840857e-03,1.002990641e+03,2.990641319e+05,36
2.000000018e-01,1.499999001e-01,2.062318199e-05,-2.790648083e-03,1.002990600e+03,2.990599916e+05,36
2.100000018e-01,1.499999001e-01,1.689412758e-05,-2.791601266e-03,1.002990591e+03,2.990591383e+05,36
2.200000018e-01,1.499999001e-01,1.613117800e-05,-2.791783527e-03,1.002990590e+03,2.990589682e+05,36
2.300000018e-01,1.499999001e-01,1.598215944e-05,-2.791817110e-03,1.002990589e+03,2.990589352e+05,36
2.400000018e-01,1.499999001e-01,1.595397659e-05,-2.791823134e-03,1.002990589e+03,2.990589291e+05,36
2.500000018e-01,1.499999001e-01,1.594879561e-05,-2.791824189e-03,1.002990589e+03,2.990589280e+05,36
2.600000018e-01,1.499999001e-01,1.594787456e-05,-2.791824368e-03,1.002990589e+03,2.990589278e+05,36
2.700000018e-01,1.499999001e-01,1.594771600e-05,-2.791824398e-03,1.002990589e+03,2.990589278e+05,36
2.800000018e-01,1.499999001e-01,1.594768895e-05,-2.791824403e-03,1.002990589e+03,2.990589278e+05,36
2.900000018e-01,1.499999001e-01,1.594768405e-05,-2.791824404e-03,1.002990589e+03,2.990589278e+05,36
3.000000018e-01,1.499999001e-01,1.594768306e-05,-2.791824404e-03,1.002990589e+03,2.990589278e+05,36
3.100000018e-01,1.499999001e-01,1.594768316e-05,-2.791824404e-03,1.002990589e+03,2.990589278e+05,36
3.200000018e-01,1.499999001e-01,1.594768362e-05,-2.791824404e-03,1.002990589e+03,2.990589278e+05,36
3.300000018e-01,1.499999001e-01,1.594768391e-05,-2.791824404e-03,1.002990589e+03,2.990589278e+05,36
3.400000018e-01,1.499999001e-01,1.594768385e-05,-2.791824404e-03,1.002990589e+03,2.990589278e+05,36
3.500000018e-01,1.499999001e-01,1.594768354e-05,-2.791824404e-03,1.002990589e+03,2.990589278e+05,36
3.600000018e-01,1.499999001e-01,1.594768313e-05,-2.791824404e-03,1.002990589e+03,2.990589278e+05,36
3.700000018e-01,1.499999001e-01,1.594768276e-05,-2.791824404e-03,1.002990589e+03,2.990589278e+05,36
3.800000018e-01,1.499999001e-01,1.594768301e-05,-2.791824404e-03,1.002990589e+03,2.990589278e+05,36
3.900000018e-01,1.499999001e-01,1.594768381e-05,-2.791824404e-03,1.002990589e+03,2.990589278e+05,36
4.000000018e-01,1.499999001e-01,1.594768411e-05,-2.791824404e-03,1.002990589e+03,2.990589278e+05,36
4.100000018e-01,1.499999001e-01,1.594768373e-05,-2.791824404e-03,1.002990589e+03,2.990589278e+05,36
4.200000018e-01,1.499999001e-01,1.594768317e-05,-2.791824404e-03,1.002990589e+03,2.990589278e+05,36
4.300000018e-01,1.499999001e-01,1.594768275e-05,-2.791824404e-03,1.002990589e+03,2.990589278e+05,36
4.400000018e-01,1.499999001e-01,1.594768300e-05,-2.791824404e-03,1.002990589e+03,2.990589278e+05,36
4.500000018e-01,1.499999001e-01,1.594768377e-05,-2.791824404e-03,1.002990589e+03,2.990589278e+05,36
4.600000018e-01,1.499999001e-01,1.594768405e-05,-2.791824404e-03,1.002990589e+03,2.990589278e+05,36
4.700000018e-01,1.499999001e-01,1.594768378e-05,-2.791824404e-03,1.002990589e+03,2.990589278e+05,36
4.800000018e-01,1.499999001e-01,1.594768337e-05,-2.791824404e-03,1.002990589e+03,2.990589278e+05,36
4.900000018e-01,1.499999001e-01,1.594768287e-05,-2.791824404e-03,1.002990589e+03,2.990589278e+05,36
5.000000018e-01,1.499999001e-01,1.594768302e-05,-2.791824404e-03,1.002990589e+03,2.990589278e+05,36
5.100000018e-01,1.499999001e-01,1.594768389e-05,-2.791824404e-03,1.002990589e+03,2.990589278e+05,36
5.200000018e-01,1.499999001e-01,1.594768411e-05,-2.791824404e-03,1.002990589e+03,2.990589278e+05,36
5.300000018e-01,1.499999001e-01,1.594768336e-05,-2.791824404e-03,1.002990589e+03,2.990589278e+05,36
5.400000018e-01,1.499999001e-01,1.594768266e-05,-2.791824404e-03,1.002990589e+03,2.990589278e+05,36
5.500000018e-01,1.499999001e-01,1.594768294e-05,-2.791824404e-03,1.002990589e+03,2.990589278e+05,36
5.600000018e-01,1.499999001e-01,1.594768385e-05,-2.791824404e-03,1.002990589e+03,2.990589278e+05,36
5.700000018e-01,1.499999001e-01,1.594768415e-05,-2.791824404e-03,1.002990589e+03,2.990589278e+05,36
5.800000018e-01,1.499999001e-01,1.594768327e-05,-2.791824404e-03,1.002990589e+03,2.990589278e+05,36
5.900000018e-01,1.499999001e-01,1.594768241e-05,-2.791824404e-03,1.002990589e+03,2.990589278e+05,36
6.000000018e-01,1.499999001e-01,1.594768308e-05,-2.791824404e-03,1.002990589e+03,2.990589278e+05,36
6.100000018e-01,1.499999001e-01,1.594768437e-05,-2.791824404e-03,1.002990589e+03,2.990589278e+05,36
6.200000018e-01,1.499999001e-01,1.594768457e-05,-2.791824404e-03,1.002990589e+03,2.990589278e+05,36
6.300000018e-01,1.499999001e-01,1.594768401e-05,-2.791824404e-03,1.002990589e+03,2.990589278e+05,36
6.400000018e-01,1.499999001e-01,1.594768359e-05,-2.791824404e-03,1.002990589e+03,2.990589278e+05,36
6.500000018e-01,1.499999001e-01,1.594768331e-05,-2.791824404e-03,1.002990589e+03,2.990589278e+05,36
6.600000018e-01,1.499999001e-01,1.594768285e-05,-2.791824404e-03,1.002990589e+03,2.990589278e+05,36
6.700000018e-01,1.499999001e-01,1.594768247e-05,-2.791824404e-03,1.002990589e+03,2.990589278e+05,36
6.800000018e-01,1.499999001e-01,1.594768287e-05,-2.791824404e-03,1.002990589e+03,2.990589278e+05,36
6.900000018e-01,1.499999001e-01,1.594768384e-05,-2.791824404e-03,1.002990589e+03,2.990589278e+05,36
7.000000018e-01,1.499999001e-01,1.594768416e-05,-2.791824404e-03,1.002990589e+03,2.990589278e+05,36
7.100000018e-01,1.499999001e-01,1.594768325e-05,-2.791824404e-03,1.002990589e+03,2.990589278e+05,36
7.200000018e-01,1.499999001e-01,1.594768237e-05,-2.791824404e-03,1.002990589e+03,2.990589278e+05,36
7.300000018e-01,1.499999001e-01,1.594768306e-05,-2.791824404e-03,1.002990589e+03,2.990589278e+05,36
7.400000018e-01,1.499999001e-01,1.594768438e-05,-2.791824404e-03,1.002990589e+03,2.990589278e+05,36
7.500000018e-01,1.499999001e-01,1.594768459e-05,-2.791824404e-03,1.002990589e+03,2.990589278e+05,36
7.600000018e-01,1.499999001e-01,1.594768399e-05,-2.791824404e-03,1.002990589e+03,2.990589278e+05,36
7.700000018e-01,1.499999001e-01,1.594768353e-05,-2.791824404e-03,1.002990589e+03,2.990589278e+05,36
7.800000018e-01,1.499999001e-01,1.594768327e-05,-2.791824404e-03,1.002990589e+03,2.990589278e+05,36
7.900000018e-01,1.499999001e-01,1.594768286e-05,-2.791824404e-03,1.002990589e+03,2.990589278e+05,36
8.000000018e-01,1.499999001e-01,1.594768250e-05,-2.791824404e-03,1.002990589e+03,2.990589278e+05,36
8.100000018e-01,1.499999001e-01,1.594768289e-05,-2.791824404e-03,1.002990589e+03,2.990589278e+05,36
8.200000018e-01,1.499999001e-01,1.594768386e-05,-2.791824404e-03,1.002990589e+03,2.990589278e+05,36
8.300000018e-01,1.499999001e-01,1.594768417e-05,-2.791824404e-03,1.002990589e+03,2.990589278e+05,36
8.400000018e-01,1.499999001e-01,1.594768326e-05,-2.791824404e-03,1.002990589e+03,2.990589278e+05,36
8.500000018e-01,1.499999001e-01,1.594768239e-05,-2.791824404e-03,1.002990589e+03,2.990589278e+05,36
8.600000018e-01,1.499999001e-01,1.594768309e-05,-2.791824404e-03,1.002990589e+03,2.990589278e+05,36
8.700000018e-01,1.499999001e-01,1.594768440e-05,-2.791824404e-03,1.002990589e+03,2.990589278e+05,36
8.800000018e-01,1.499999001e-01,1.594768456e-05,-2.791824404e-03,1.002990589e+03,2.990589278e+05,36
8.900000018e-01,1.499999001e-01,1.594768393e-05,-2.791824404e-03,1.002990589e+03,2.990589278e+05,36
9.000000018e-01,1.499999001e-01,1.594768340e-05,-2.791824404e-03,1.002990589e+03,2.990589278e+05,36
9.100000018e-01,1.499999001e-01,1.594768291e-05,-2.791824404e-03,1.002990589e+03,2.990589278e+05,36
9.200000018e-01,1.499999001e-01,1.594768251e-05,-2.791824404e-03,1.002990589e+03,2.990589278e+05,36
9.300000018e-01,1.499999001e-01,1.594768288e-05,-2.791824404e-03,1.002990589e+03,2.990589278e+05,36
9.400000018e-01,1.499999001e-01,1.594768384e-05,-2.791824404e-03,1.002990589e+03,2.990589278e+05,36
9.500000018e-01,1.499999001e-01,1.594768416e-05,-2.791824404e-03,1.002990589e+03,2.990589278e+05,36
9.600000018e-01,1.499999001e-01,1.594768341e-05,-2.791824404e-03,1.002990589e+03,2.990589278e+05,36
9.700000018e-01,1.499999001e-01,1.594768310e-05,-2.791824404e-03,1.002990589e+03,2.990589278e+05,36
9.800000018e-01,1.499999001e-01,1.594768444e-05,-2.791824404e-03,1.002990589e+03,2.990589278e+05,36
9.900000018e-01,1.499999001e-01,1.594768520e-05,-2.791824404e-03,1.002990589e+03,2.990589278e+05,36
1.000000002e+00,1.499999001e-01,1.594768384e-05,-2.791824404e-03,1.002990589e+03,2.990589278e+05,36
1.010000002e+00,1.499999001e-01,1.594768270e-05,-2.791824404e-03,1.002990589e+03,2.990589278e+05,36
1.020000002e+00,1.499999001e-01,1.594768289e-05,-2.791824404e-03,1.002990589e+03,2.990589278e+05,36
1.030000002e+00,1.499999001e-01,1.594768328e-05,-2.791824404e-03,1.002990589e+03,2.990589278e+05,36
1.040000002e+00,1.499999001e-01,1.594768341e-05,-2.791824404e-03,1.002990589e+03,2.990589278e+05,36
1.050000002e+00,1.499999001e-01,1.594768344e-05,-2.791824404e-03,1.002990589e+03,2.990589278e+05,36
1.060000002e+00,1.499999001e-01,1.594768343e-05,-2.791824404e-03,1.002990589e+03,2.990589278e+05,36
1.070000002e+00,1.499999001e-01,1.594768339e-05,-2.791824404e-03,1.002990589e+03,2.990589278e+05,36
1.080000002e+00,1.499999001e-01,1.594768328e-05,-2.791824404e-03,1.002990589e+03,2.990589278e+05,36
1.090000002e+00,1.499999001e-01,1.594768305e-05,-2.791824404e-03,1.002990589e+03,2.990589278e+05,36
1.100000002e+00,1.499999001e-01,1.594768230e-05,-2.791824404e-03,1.002990589e+03,2.990589278e+05,36
1.110000002e+00,1.499999001e-01,1.594768118e-05,-2.791824403e-03,1.002990589e+03,2.990589278e+05,36
1.120000002e+00,1.499999001e-01,1.594768151e-05,-2.791824403e-03,1.002990589e+03,2.990589278e+05,36
1.130000002e+00,1.499999001e-01,1.594768387e-05,-2.791824404e-03,1.002990589e+03,2.990589278e+05,36
1.140000002e+00,1.499999001e-01,1.594768524e-05,-2.791824404e-03,1.002990589e+03,2.990589278e+05,36
1.150000002e+00,1.499999001e-01,1.594768446e-05,-2.791824405e-03,1.002990589e+03,2.990589278e+05,36
1.160000002e+00,1.499999001e-01,1.594768331e-05,-2.791824405e-03,1.002990589e+03,2.990589278e+05,36
1.170000002e+00,1.499999001e-01,1.594768290e-05,-2.791824404e-03,1.002990589e+03,2.990589278e+05,36
1.180000002e+00,1.499999001e-01,1.594768382e-05,-2.791824404e-03,1.002990589e+03,2.990589278e+05,36
1.190000002e+00,1.499999001e-01,1.594768479e-05,-2.791824404e-03,1.002990589e+03,2.990589278e+05,36
1.200000002e+00,1.499999001e-01,1.594768449e-05,-2.791824404e-03,1.002990589e+03,2.990589278e+05,36
1.210000002e+00,1.499999001e-01,1.594768380e-05,-2.791824404e-03,1.002990589e+03,2.990589278e+05,36
1.220000002e+00,1.499999001e-01,1.594768348e-05,-2.791824404e-03,1.002990589e+03,2.990589278e+05,36
1.230000002e+00,1.499999001e-01,1.594768341e-05,-2.791824404e-03,1.002990589e+03,2.990589278e+05,36
1.240000002e+00,1.499999001e-01,1.594768344e-05,-2.791824404e-03,1.002990589e+03,2.990589278e+05,36
1.250000002e+00,1.499999001e-01,1.594768346e-05,-2.791824404e-03,1.002990589e+03,2.990589278e+05,36
1.260000002e+00,1.499999001e-01,1.594768345e-05,-2.791824404e-03,1.002990589e+03,2.990589278e+05,36
1.270000002e+00,1.499999001e-01,1.594768344e-05,-2.791824404e-03,1.002990589e+03,2.990589278e+05,36
1.280000002e+00,1.499999001e-01,1.594768345e-05,-2.791824404e-03,1.002990589e+03,2.990589278e+05,36
1.290000002e+00,1.499999001e-01,1.594768346e-05,-2.791824404e-03,1.002990589e+03,2.990589278e+05,36
1.300000002e+00,1.499999001e-01,1.594768345e-05,-2.791824404e-03,1.002990589e+03,2.990589278e+05,36
1.310000002e+00,1.499999001e-01,1.594768342e-05,-2.791824404e-03,1.002990589e+03,2.990589278e+05,36
1.320000002e+00,1.499999001e-01,1.594768336e-05,-2.791824404e-03,1.002990589e+03,2.990589278e+05,36
1.330000002e+00,1.499999001e-01,1.594768320e-05,-2.791824404e-03,1.002990589e+03,2.990589278e+05,36
1.340000002e+00,1.499999001e-01,1.594768264e-05,-2.791824404e-03,1.002990589e+03,2.990589278e+05,36
1.350000002e+00,1.499999001e-01,1.594768175e-05,-2.791824404e-03,1.002990589e+03,2.990589278e+05,36
1.360000002e+00,1.499999001e-01,1.594768166e-05,-2.791824404e-03,1.002990589e+03,2.990589278e+05,36
1.370000002e+00,1.499999001e-01,1.594768293e-05,-2.791824404e-03,1.002990589e+03,2.990589278e+05,36
1.380000002e+00,1.499999001e-01,1.594768443e-05,-2.791824404e-03,1.002990589e+03,2.990589278e+05,36
1.390000002e+00,1.499999001e-01,1.594768470e-05,-2.791824405e-03,1.002990589e+03,2.990589278e+05,36
1.400000002e+00,1.499999001e-01,1.594768398e-05,-2.791824405e-03,1.002990589e+03,2.990589278e+05,36
1.410000002e+00,1.499999001e-01,1.594768323e-05,-2.791824405e-03,1.002990589e+03,2.990589278e+05,36
1.420000002e+00,1.499999001e-01,1.594768296e-05,-2.791824404e-03,1.002990589e+03,2.990589278e+05,36
1.430000002e+00,1.499999001e-01,1.594768386e-05,-2.791824404e-03,1.002990589e+03,2.990589278e+05,36
1.440000002e+00,1.499999001e-01,1.594768479e-05,-2.791824404e-03,1.002990589e+03,2.990589278e+05,36
1.450000002e+00,1.499999001e-01,1.594768445e-05,-2.791824404e-03,1.002990589e+03,2.990589278e+05,36
1.460000002e+00,1.499999001e-01,1.594768375e-05,-2.791824404e-03,1.002990589e+03,2.990589278e+05,36
1.470000002e+00,1.499999001e-01,1.594768346e-05,-2.791824404e-03,1.002990589e+03,2.990589278e+05,36
1.480000002e+00,1.499999001e-01,1.594768342e-05,-2.791824404e-03,1.002990589e+03,2.990589278e+05,36
1.490000002e+00,1.499999001e-01,1.594768343e-05,-2.791824404e-03,1.002990589e+03,2.990589278e+05,36
1.500000002e+00,1.499999001e-01,1.594768343e-05,-2.791824404e-03,1.002990589e+03,2.990589278e+05,36
1.510000002e+00,1.499999001e-01,1.594768343e-05,-2.791824404e-03,1.002990589e+03,2.990589278e+05,36
1.520000002e+00,1.499999001e-01,1.594768343e-05,-2.791824404e-03,1.002990589e+03,2.990589278e+05,36
1.530000002e+00,1.499999001e-01,1.594768342e-05,-2.791824404e-03,1.002990589e+03,2.990589278e+05,36
1.540000002e+00,1.499999001e-01,1.594768342e-05,-2.791824404e-03,1.002990589e+03,2.990589278e+05,36
1.550000002e+00,1.499999001e-01,1.594768345e-05,-2.791824404e-03,1.002990589e+03,2.990589278e+05,36
1.560000002e+00,1.499999001e-01,1.594768348e-05,-2.791824404e-03,1.002990589e+03,2.990589278e+05,36
1.570000002e+00,1.499999001e-01,1.594768349e-05,-2.791824404e-03,1.002990589e+03,2.990589278e+05,36
1.580000002e+00,1.499999001e-01,1.594768345e-05,-2.791824404e-03,1.002990589e+03,2.990589278e+05,36
1.590000002e+00,1.499999001e-01,1.594768326e-05,-2.791824404e-03,1.002990589e+03,2.990589278e+05,36
1.600000002e+00,1.499999001e-01,1.594768267e-05,-2.791824404e-03,1.002990589e+03,2.990589278e+05,36
1.610000002e+00,1.499999001e-01,1.594768177e-05,-2.791824404e-03,1.002990589e+03,2.990589278e+05,36
1.620000002e+00,1.499999001e-01,1.594768167e-05,-2.791824404e-03,1.002990589e+03,2.990589278e+05,36
1.630000002e+00,1.499999001e-01,1.594768294e-05,-2.791824403e-03,1.002990589e+03,2.990589278e+05,36
1.640000002e+00,1.499999001e-01,1.594768442e-05,-2.791824404e-03,1.002990589e+03,2.990589278e+05,36
1.650000002e+00,1.499999001e-01,1.594768470e-05,-2.791824405e-03,1.002990589e+03,2.990589278e+05,36
1.660000002e+00,1.499999001e-01,1.594768395e-05,-2.791824405e-03,1.002990589e+03,2.990589278e+05,36
1.670000002e+00,1.499999001e-01,1.594768313e-05,-2.791824405e-03,1.002990589e+03,2.990589278e+05,36
1.680000002e+00,1.499999001e-01,1.594768285e-05,-2.791824404e-03,1.002990589e+03,2.990589278e+05,36
1.690000002e+00,1.499999001e-01,1.594768379e-05,-2.791824404e-03,1.002990589e+03,2.990589278e+05,36
1.700000002e+00,1.499999001e-01,1.594768466e-05,-2.791824404e-03,1.002990589e+03,2.990589278e+05,36
1.710000002e+00,1.499999001e-01,1.594768365e-05,-2.791824404e-03,1.002990589e+03,2.990589278e+05,36
1.720000002e+00,1.499999001e-01,1.594767851e-05,-2.791824403e-03,1.002990589e+03,2.990589278e+05,36
1.730000002e+00,1.499999001e-01,1.594765138e-05,-2.791824398e-03,1.002990589e+03,2.990589278e+05,36
1.740000002e+00,1.499999001e-01,1.594749247e-05,-2.791824369e-03,1.002990589e+03,2.990589278e+05,36
1.750000002e+00,1.499999001e-01,1.594657074e-05,-2.791824189e-03,1.002990589e+03,2.990589280e+05,36
1.760000002e+00,1.499999001e-01,1.594138931e-05,-2.791823135e-03,1.002990589e+03,2.990589291e+05,36
1.770000002e+00,1.499999001e-01,1.591320716e-05,-2.791817111e-03,1.002990589e+03,2.990589352e+05,36
1.780000002e+00,1.499999001e-01,1.576419012e-05,-2.791783527e-03,1.002990590e+03,2.990589682e+05,36
1.790000002e+00,1.499999001e-01,1.500124023e-05,-2.791601266e-03,1.002990591e+03,2.990591383e+05,36
1.800000002e+00,1.499999001e-01,1.127218402e-05,-2.790648083e-03,1.002990600e+03,2.990599916e+05,36
1.810000002e+00,1.499999002e-01,-6.100959381e-06,-2.785840857e-03,1.002990641e+03,2.990641319e+05,36
1.820000001e+00,1.499999004e-01,-8.435075269e-05,-2.762212708e-03,1.002990830e+03,2.990829836e+05,36
1.829999997e+00,1.499999015e-01,-4.214267269e-04,-2.650337424e-03,1.002991635e+03,2.991634874e+05,36
1.839999983e+00,1.499999066e-01,-1.757212746e-03,-2.154875114e-03,1.002994981e+03,2.994980537e+05,36
1.849999927e+00,1.499999294e-01,-6.602175390e-03,-9.005072637e-05,1.003008253e+03,3.008252560e+05,36
1.859999714e+00,1.500000303e-01,-2.324682856e-02,8.235050652e-03,1.003054479e+03,3.054478817e+05,36
1.869998951e+00,1.500004507e-01,-7.591151115e-02,3.947480203e-02,1.003192959e+03,3.192958845e+05,36
1.879996708e+00,1.500019410e-01,-2.132955140e-01,1.389280295e-01,1.003583018e+03,3.583017719e+05,36
1.889991792e+00,1.500062026e-01,-4.740970317e-01,3.885345901e-01,1.004618824e+03,4.618824481e+05,36
1.899983436e+00,1.500166206e-01,-7.943994829e-01,8.644106474e-01,1.006816045e+03,6.816045356e+05,36
1.909970810e+00,1.500393379e-01,-1.009480634e+00,1.484112227e+00,1.009807859e+03,9.807858889e+05,36
1.919959706e+00,1.500752299e-01,-1.141429835e+00,1.798434835e+00,1.011992848e+03,1.199284803e+06,36
1.929958271e+00,1.501006112e-01,-2.120779479e+00,1.183577108e+00,1.014518545e+03,1.451854492e+06,34
1.939895064e+00,1.500735803e-01,-6.595642307e+00,-4.978251014e-01,1.021854313e+03,2.185431339e+06,37
1.949671330e+00,1.500037067e-01,-1.533440197e+01,-2.097838605e+00,1.046543897e+03,4.654389663e+06,35
1.959439790e+00,1.501317692e-01,-2.180614492e+01,1.109553854e+00,1.098013855e+03,9.801385542e+06,39
1.970967913e+00,1.509343740e-01,-1.265439317e+00,9.681954736e+00,1.019397244e+03,1.939724426e+06,34
1.991009509e+00,1.537275833e-01,1.223076992e+01,4.037375603e+01,8.630293544e+02,-1.369706456e+07,28
1.295759553e-02,1.587047109e-01,6.335007879e+01,4.823515915e+01,9.503140444e+02,-4.968595558e+06,29
1.968350509e+00,1.602236805e-01,-9.201268715e+01,3.351994400e+01,1.098026904e+03,9.802690399e+06,35
4.047006953e-02,1.690233528e-01,1.530532660e+02,2.660978185e+01,1.174310433e+03,1.743104328e+07,33
1.980906827e+00,1.726742718e-01,-8.647441114e+01,3.617859467e+01,9.220346709e+02,-7.796532910e+06,27
4.667500989e-03,1.654126334e-01,3.252431965e+01,-5.800212104e+00,7.113565770e+02,-2.886434230e+07,27
2.702160846e-02,1.617678086e-01,-1.417051148e+01,1.163134373e+01,1.052001632e+03,5.200163196e+06,32
4.053550798e-02,1.601069326e-01,2.827374496e+01,-5.464194301e+00,1.151451665e+03,1.514516647e+07,36
5.051893282e-02,1.599314020e-01,2.225991555e+01,-4.437371839e+00,1.084294129e+03,8.429412942e+06,36
6.016522183e-02,1.599878070e-01,9.114536969e+00,-1.296464779e+00,1.030789596e+03,3.078959616e+06,35
7.002900084e-02,1.600184957e-01,2.558165747e+00,2.477503003e-01,1.014066043e+03,1.406604254e+06,37
8.001089067e-02,1.600197887e-01,8.268123782e-01,7.043583254e-01,1.008369886e+03,8.369886331e+05,36
9.000885945e-02,1.600131859e-01,4.884440147e-01,6.489256068e-01,1.005812389e+03,5.812389279e+05,36
1.000062056e-01,1.600070703e-01,3.465658796e-01,4.156090781e-01,1.004442158e+03,4.442158451e+05,36
1.100033994e-01,1.600028945e-01,2.043777899e-01,1.984660503e-01,1.003655632e+03,3.655631694e+05,36
1.200014193e-01,1.600007875e-01,9.355269499e-02,7.323382758e-02,1.003273120e+03,3.273119897e+05,36
1.300004771e-01,1.600000071e-01,3.497951630e-02,2.180915773e-02,1.003103194e+03,3.103194016e+05,36
1.400001432e-01,1.599997798e-01,1.160362530e-02,5.106909249e-03,1.003032904e+03,3.032903669e+05,36
1.500000417e-01,1.599997214e-01,3.574701561e-03,3.181765482e-04,1.003008239e+03,3.008239144e+05,36
1.600000123e-01,1.599997068e-01,1.015718220e-03,-9.889705342e-04,1.003001030e+03,3.001030020e+05,36
1.700000043e-01,1.599997033e-01,2.702679233e-04,-1.325114966e-03,1.002999136e+03,2.999136244e+05,36
1.800000023e-01,1.599997025e-01,7.614804656e-05,-1.404196395e-03,1.002998656e+03,2.998656243e+05,36
1.900000019e-01,1.599997024e-01,2.959423705e-05,-1.421564905e-03,1.002998540e+03,2.998540067e+05,36
2.000000018e-01,1.599997023e-01,1.890763872e-05,-1.425252976e-03,1.002998514e+03,2.998514075e+05,36
2.100000018e-01,1.599997023e-01,1.655584572e-05,-1.426011606e-03,1.002998509e+03,2.998508615e+05,36
2.200000018e-01,1.599997023e-01,1.606618279e-05,-1.426160851e-03,1.002998508e+03,2.998507505e+05,36
2.300000018e-01,1.599997023e-01,1.596904391e-05,-1.426189067e-03,1.002998507e+03,2.998507286e+05,36
2.400000018e-01,1.599997023e-01,1.595040509e-05,-1.426194256e-03,1.002998507e+03,2.998507245e+05,36
2.500000018e-01,1.599997023e-01,1.594693806e-05,-1.426195185e-03,1.002998507e+03,2.998507238e+05,36
2.600000018e-01,1.599997023e-01,1.594631603e-05,-1.426195346e-03,1.002998507e+03,2.998507236e+05,36
2.700000018e-01,1.599997023e-01,1.594620806e-05,-1.426195374e-03,1.002998507e+03,2.998507236e+05,36
2.800000018e-01,1.599997023e-01,1.594618949e-05,-1.426195378e-03,1.002998507e+03,2.998507236e+05,36
2.900000018e-01,1.599997023e-01,1.594618607e-05,-1.426195379e-03,1.002998507e+03,2.998507236e+05,36
3.000000018e-01,1.599997023e-01,1.594618528e-05,-1.426195379e-03,1.002998507e+03,2.998507236e+05,36
3.100000018e-01,1.599997023e-01,1.594618537e-05,-1.426195379e-03,1.002998507e+03,2.998507236e+05,36
3.200000018e-01,1.599997023e-01,1.594618584e-05,-1.426195379e-03,1.002998507e+03,2.998507236e+05,36
3.300000018e-01,1.599997023e-01,1.594618608e-05,-1.426195379e-03,1.002998507e+03,2.998507236e+05,36
3.400000018e-01,1.599997023e-01,1.594618595e-05,-1.426195379e-03,1.002998507e+03,2.998507236e+05,36
3.500000018e-01,1.599997023e-01,1.594618566e-05,-1.426195379e-03,1.002998507e+03,2.998507236e+05,36
3.600000018e-01,1.599997023e-01,1.594618530e-05,-1.426195379e-03,1.002998507e+03,2.998507236e+05,36
3.700000018e-01,1.599997023e-01,1.594618497e-05,-1.426195379e-03,1.002998507e+03,2.998507236e+05,36
3.800000018e-01,1.599997023e-01,1.594618523e-05,-1.426195379e-03,1.002998507e+03,2.998507236e+05,36
3.900000018e-01,1.599997023e-01,1.594618601e-05,-1.426195379e-03,1.002998507e+03,2.998507236e+05,36
4.000000018e-01,1.599997023e-01,1.594618628e-05,-1.426195379e-03,1.002998507e+03,2.998507236e+05,36
4.100000018e-01,1.599997023e-01,1.594618590e-05,-1.426195379e-03,1.002998507e+03,2.998507236e+05,36
4.200000018e-01,1.599997023e-01,1.594618537e-05,-1.426195379e-03,1.002998507e+03,2.998507236e+05,36
4.300000018e-01,1.599997023e-01,1.594618496e-05,-1.426195379e-03,1.002998507e+03,2.998507236e+05,36
4.400000018e-01,1.599997023e-01,1.594618520e-05,-1.426195379e-03,1.002998507e+03,2.998507236e+05,36
4.500000018e-01,1.599997023e-01,1.594618594e-05,-1.426195379e-03,1.002998507e+03,2.998507236e+05,36
4.600000018e-01,1.599997023e-01,1.594618622e-05,-1.426195379e-03,1.002998507e+03,2.998507236e+05,36
4.700000018e-01,1.599997023e-01,1.594618600e-05,-1.426195379e-03,1.002998507e+03,2.998507236e+05,36
4.800000018e-01,1.599997023e-01,1.594618570e-05,-1.426195379e-03,1.002998507e+03,2.998507236e+05,36
4.900000018e-01,1.599997023e-01,1.594618523e-05,-1.426195379e-03,1.002998507e+03,2.998507236e+05,36
5.000000018e-01,1.599997023e-01,1.594618519e-05,-1.426195379e-03,1.002998507e+03,2.998507236e+05,36
5.100000018e-01,1.599997023e-01,1.594618587e-05,-1.426195379e-03,1.002998507e+03,2.998507236e+05,36
5.200000018e-01,1.599997023e-01,1.594618608e-05,-1.426195379e-03,1.002998507e+03,2.998507236e+05,36
5.300000018e-01,1.599997023e-01,1.594618544e-05,-1.426195379e-03,1.002998507e+03,2.998507236e+05,36
5.400000018e-01,1.599997023e-01,1.594618495e-05,-1.426195379e-03,1.002998507e+03,2.998507236e+05,36
5.500000018e-01,1.599997023e-01,1.594618533e-05,-1.426195379e-03,1.002998507e+03,2.998507236e+05,36
5.600000018e-01,1.599997023e-01,1.594618602e-05,-1.426195379e-03,1.002998507e+03,2.998507236e+05,36
5.700000018e-01,1.599997023e-01,1.594618609e-05,-1.426195379e-03,1.002998507e+03,2.998507236e+05,36
5.800000018e-01,1.599997023e-01,1.594618546e-05,-1.426195379e-03,1.002998507e+03,2.998507236e+05,36
5.900000018e-01,1.599997023e-01,1.594618489e-05,-1.426195379e-03,1.002998507e+03,2.998507236e+05,36
6.000000018e-01,1.599997023e-01,1.594618539e-05,-1.426195379e-03,1.002998507e+03,2.998507236e+05,36
6.100000018e-01,1.599997023e-01,1.594618640e-05,-1.426195379e-03,1.002998507e+03,2.998507236e+05,36
6.200000018e-01,1.599997023e-01,1.594618658e-05,-1.426195379e-03,1.002998507e+03,2.998507236e+05,36
6.300000018e-01,1.599997023e-01,1.594618613e-05,-1.426195379e-03,1.002998507e+03,2.998507236e+05,36
6.400000018e-01,1.599997023e-01,1.594618576e-05,-1.426195379e-03,1.002998507e+03,2.998507236e+05,36
6.500000018e-01,1.599997023e-01,1.594618545e-05,-1.426195379e-03,1.002998507e+03,2.998507236e+05,36
6.600000018e-01,1.599997023e-01,1.594618499e-05,-1.426195379e-03,1.002998507e+03,2.998507236e+05,36
6.700000018e-01,1.599997023e-01,1.594618475e-05,-1.426195379e-03,1.002998507e+03,2.998507236e+05,36
6.800000018e-01,1.599997023e-01,1.594618525e-05,-1.426195379e-03,1.002998507e+03,2.998507236e+05,36
6.900000018e-01,1.599997023e-01,1.594618601e-05,-1.426195379e-03,1.002998507e+03,2.998507236e+05,36
7.000000018e-01,1.599997023e-01,1.594618612e-05,-1.426195379e-03,1.002998507e+03,2.998507236e+05,36
7.100000018e-01,1.599997023e-01,1.594618547e-05,-1.426195379e-03,1.002998507e+03,2.998507236e+05,36
7.200000018e-01,1.599997023e-01,1.594618486e-05,-1.426195379e-03,1.002998507e+03,2.998507236e+05,36
7.300000018e-01,1.599997023e-01,1.594618536e-05,-1.426195379e-03,1.002998507e+03,2.998507236e+05,36
7.400000018e-01,1.599997023e-01,1.594618640e-05,-1.426195379e-03,1.002998507e+03,2.998507236e+05,36
7.500000018e-01,1.599997023e-01,1.594618660e-05,-1.426195379e-03,1.002998507e+03,2.998507236e+05,36
7.600000018e-01,1.599997023e-01,1.594618611e-05,-1.426195379e-03,1.002998507e+03,2.998507236e+05,36
7.700000018e-01,1.599997023e-01,1.594618572e-05,-1.426195379e-03,1.002998507e+03,2.998507236e+05,36
7.800000018e-01,1.599997023e-01,1.594618543e-05,-1.426195379e-03,1.002998507e+03,2.998507236e+05,36
7.900000018e-01,1.599997023e-01,1.594618500e-05,-1.426195379e-03,1.002998507e+03,2.998507236e+05,36
8.000000018e-01,1.599997023e-01,1.594618476e-05,-1.426195379e-03,1.002998507e+03,2.998507236e+05,36
8.100000018e-01,1.599997023e-01,1.594618527e-05,-1.426195379e-03,1.002998507e+03,2.998507236e+05,36
8.200000018e-01,1.599997023e-01,1.594618601e-05,-1.426195379e-03,1.002998507e+03,2.998507236e+05,36
8.300000018e-01,1.599997023e-01,1.594618609e-05,-1.426195379e-03,1.002998507e+03,2.998507236e+05,36
8.400000018e-01,1.599997023e-01,1.594618542e-05,-1.426195379e-03,1.002998507e+03,2.998507236e+05,36
8.500000018e-01,1.599997023e-01,1.594618486e-05,-1.426195379e-03,1.002998507e+03,2.998507236e+05,36
8.600000018e-01,1.599997023e-01,1.594618542e-05,-1.426195379e-03,1.002998507e+03,2.998507236e+05,36
8.700000018e-01,1.599997023e-01,1.594618645e-05,-1.426195379e-03,1.002998507e+03,2.998507236e+05,36
8.800000018e-01,1.599997023e-01,1.594618658e-05,-1.426195379e-03,1.002998507e+03,2.998507236e+05,36
8.900000018e-01,1.599997023e-01,1.594618604e-05,-1.426195379e-03,1.002998507e+03,2.998507236e+05,36
9.000000018e-01,1.599997023e-01,1.594618555e-05,-1.426195379e-03,1.002998507e+03,2.998507236e+05,36
9.100000018e-01,1.599997023e-01,1.594618507e-05,-1.426195379e-03,1.002998507e+03,2.998507236e+05,36
9.200000018e-01,1.599997023e-01,1.594618482e-05,-1.426195379e-03,1.002998507e+03,2.998507236e+05,36
9.300000018e-01,1.599997023e-01,1.594618530e-05,-1.426195379e-03,1.002998507e+03,2.998507236e+05,36
9.400000018e-01,1.599997023e-01,1.594618603e-05,-1.426195379e-03,1.002998507e+03,2.998507236e+05,36
9.500000018e-01,1.599997023e-01,1.594618613e-05,-1.426195379e-03,1.002998507e+03,2.998507236e+05,36
9.600000018e-01,1.599997023e-01,1.594618559e-05,-1.426195379e-03,1.002998507e+03,2.998507236e+05,36
9.700000018e-01,1.599997023e-01,1.594618542e-05,-1.426195379e-03,1.002998507e+03,2.998507236e+05,36
9.800000018e-01,1.599997023e-01,1.594618648e-05,-1.426195379e-03,1.002998507e+03,2.998507236e+05,36
9.900000018e-01,1.599997023e-01,1.594618710e-05,-1.426195379e-03,1.002998507e+03,2.998507236e+05,36
1.000000002e+00,1.599997023e-01,1.594618602e-05,-1.426195379e-03,1.002998507e+03,2.998507236e+05,36
1.010000002e+00,1.599997023e-01,1.594618505e-05,-1.426195379e-03,1.002998507e+03,2.998507236e+05,36
1.020000002e+00,1.599997023e-01,1.594618518e-05,-1.426195379e-03,1.002998507e+03,2.998507236e+05,36
1.030000002e+00,1.599997023e-01,1.594618550e-05,-1.426195379e-03,1.002998507e+03,2.998507236e+05,36
1.040000002e+00,1.599997023e-01,1.594618561e-05,-1.426195379e-03,1.002998507e+03,2.998507236e+05,36
1.050000002e+00,1.599997023e-01,1.594618562e-05,-1.426195379e-03,1.002998507e+03,2.998507236e+05,36
1.060000002e+00,1.599997023e-01,1.594618562e-05,-1.426195379e-03,1.002998507e+03,2.998507236e+05,36
1.070000002e+00,1.599997023e-01,1.594618559e-05,-1.426195379e-03,1.002998507e+03,2.998507236e+05,36
1.080000002e+00,1.599997023e-01,1.594618553e-05,-1.426195379e-03,1.002998507e+03,2.998507236e+05,36
1.090000002e+00,1.599997023e-01,1.594618533e-05,-1.426195379e-03,1.002998507e+03,2.998507236e+05,36
1.100000002e+00,1.599997023e-01,1.594618467e-05,-1.426195379e-03,1.002998507e+03,2.998507236e+05,36
1.110000002e+00,1.599997023e-01,1.594618371e-05,-1.426195379e-03,1.002998507e+03,2.998507236e+05,36
1.120000002e+00,1.599997023e-01,1.594618391e-05,-1.426195379e-03,1.002998507e+03,2.998507236e+05,36
1.130000002e+00,1.599997023e-01,1.594618557e-05,-1.426195379e-03,1.002998507e+03,2.998507236e+05,36
1.140000002e+00,1.599997023e-01,1.594618642e-05,-1.426195379e-03,1.002998507e+03,2.998507236e+05,36
1.150000002e+00,1.599997023e-01,1.594618617e-05,-1.426195380e-03,1.002998507e+03,2.998507236e+05,36
1.160000002e+00,1.599997023e-01,1.594618599e-05,-1.426195380e-03,1.002998507e+03,2.998507236e+05,36
1.170000002e+00,1.599997023e-01,1.594618586e-05,-1.426195379e-03,1.002998507e+03,2.998507236e+05,36
1.180000002e+00,1.599997023e-01,1.594618630e-05,-1.426195379e-03,1.002998507e+03,2.998507236e+05,36
1.190000002e+00,1.599997023e-01,1.594618679e-05,-1.426195379e-03,1.002998507e+03,2.998507236e+05,36
1.200000002e+00,1.599997023e-01,1.594618644e-05,-1.426195379e-03,1.002998507e+03,2.998507236e+05,36
1.210000002e+00,1.599997023e-01,1.594618591e-05,-1.426195379e-03,1.002998507e+03,2.998507236e+05,36
1.220000002e+00,1.599997023e-01,1.594618568e-05,-1.426195379e-03,1.002998507e+03,2.998507236e+05,36
1.230000002e+00,1.599997023e-01,1.594618562e-05,-1.426195379e-03,1.002998507e+03,2.998507236e+05,36
1.240000002e+00,1.599997023e-01,1.594618564e-05,-1.426195379e-03,1.002998507e+03,2.998507236e+05,36
1.250000002e+00,1.599997023e-01,1.594618566e-05,-1.426195379e-03,1.002998507e+03,2.998507236e+05,36
1.260000002e+00,1.599997023e-01,1.594618563e-05,-1.426195379e-03,1.002998507e+03,2.998507236e+05,36
1.270000002e+00,1.599997023e-01,1.594618561e-05,-1.426195379e-03,1.002998507e+03,2.998507236e+05,36
1.280000002e+00,1.599997023e-01,1.594618563e-05,-1.426195379e-03,1.002998507e+03,2.998507236e+05,36
1.290000002e+00,1.599997023e-01,1.594618565e-05,-1.426195379e-03,1.002998507e+03,2.998507236e+05,36
1.300000002e+00,1.599997023e-01,1.594618563e-05,-1.426195379e-03,1.002998507e+03,2.998507236e+05,36
1.310000002e+00,1.599997023e-01,1.594618561e-05,-1.426195379e-03,1.002998507e+03,2.998507236e+05,36
1.320000002e+00,1.599997023e-01,1.594618557e-05,-1.426195379e-03,1.002998507e+03,2.998507236e+05,36
1.330000002e+00,1.599997023e-01,1.594618542e-05,-1.426195379e-03,1.002998507e+03,2.998507236e+05,36
1.340000002e+00,1.599997023e-01,1.594618494e-05,-1.426195379e-03,1.002998507e+03,2.998507236e+05,36
1.350000002e+00,1.599997023e-01,1.594618419e-05,-1.426195379e-03,1.002998507e+03,2.998507236e+05,36
1.360000002e+00,1.599997023e-01,1.594618409e-05,-1.426195379e-03,1.002998507e+03,2.998507236e+05,36
1.370000002e+00,1.599997023e-01,1.594618508e-05,-1.426195379e-03,1.002998507e+03,2.998507236e+05,36
1.380000002e+00,1.599997023e-01,1.594618608e-05,-1.426195379e-03,1.002998507e+03,2.998507236e+05,36
1.390000002e+00,1.599997023e-01,1.594618605e-05,-1.426195379e-03,1.002998507e+03,2.998507236e+05,36
1.400000002e+00,1.599997023e-01,1.594618579e-05,-1.426195380e-03,1.002998507e+03,2.998507236e+05,36
1.410000002e+00,1.599997023e-01,1.594618591e-05,-1.426195380e-03,1.002998507e+03,2.998507236e+05,36
1.420000002e+00,1.599997023e-01,1.594618591e-05,-1.426195379e-03,1.002998507e+03,2.998507236e+05,36
1.430000002e+00,1.599997023e-01,1.594618635e-05,-1.426195379e-03,1.002998507e+03,2.998507236e+05,36
1.440000002e+00,1.599997023e-01,1.594618681e-05,-1.426195379e-03,1.002998507e+03,2.998507236e+05,36
1.450000002e+00,1.599997023e-01,1.594618640e-05,-1.426195379e-03,1.002998507e+03,2.998507236e+05,36
1.460000002e+00,1.599997023e-01,1.594618584e-05,-1.426195379e-03,1.002998507e+03,2.998507236e+05,36
1.470000002e+00,1.599997023e-01,1.594618565e-05,-1.426195379e-03,1.002998507e+03,2.998507236e+05,36
1.480000002e+00,1.599997023e-01,1.594618563e-05,-1.426195379e-03,1.002998507e+03,2.998507236e+05,36
1.490000002e+00,1.599997023e-01,1.594618562e-05,-1.426195379e-03,1.002998507e+03,2.998507236e+05,36
1.500000002e+00,1.599997023e-01,1.594618562e-05,-1.426195379e-03,1.002998507e+03,2.998507236e+05,36
1.510000002e+00,1.599997023e-01,1.594618562e-05,-1.426195379e-03,1.002998507e+03,2.998507236e+05,36
1.520000002e+00,1.599997023e-01,1.594618561e-05,-1.426195379e-03,1.002998507e+03,2.998507236e+05,36
1.530000002e+00,1.599997023e-01,1.594618559e-05,-1.426195379e-03,1.002998507e+03,2.998507236e+05,36
1.540000002e+00,1.599997023e-01,1.594618560e-05,-1.426195379e-03,1.002998507e+03,2.998507236e+05,36
1.550000002e+00,1.599997023e-01,1.594618563e-05,-1.426195379e-03,1.002998507e+03,2.998507236e+05,36
1.560000002e+00,1.599997023e-01,1.594618567e-05,-1.426195379e-03,1.002998507e+03,2.998507236e+05,36
1.570000002e+00,1.599997023e-01,1.594618570e-05,-1.426195379e-03,1.002998507e+03,2.998507236e+05,36
1.580000002e+00,1.599997023e-01,1.594618568e-05,-1.426195379e-03,1.002998507e+03,2.998507236e+05,36
1.590000002e+00,1.599997023e-01,1.594618550e-05,-1.426195379e-03,1.002998507e+03,2.998507236e+05,36
1.600000002e+00,1.599997023e-01,1.594618496e-05,-1.426195379e-03,1.002998507e+03,2.998507236e+05,36
1.610000002e+00,1.599997023e-01,1.594618420e-05,-1.426195379e-03,1.002998507e+03,2.998507236e+05,36
1.620000002e+00,1.599997023e-01,1.594618409e-05,-1.426195379e-03,1.002998507e+03,2.998507236e+05,36
1.630000002e+00,1.599997023e-01,1.594618507e-05,-1.426195379e-03,1.002998507e+03,2.998507236e+05,36
1.640000002e+00,1.599997023e-01,1.594618605e-05,-1.426195379e-03,1.002998507e+03,2.998507236e+05,36
1.650000002e+00,1.599997023e-01,1.594618602e-05,-1.426195379e-03,1.002998507e+03,2.998507236e+05,36
1.660000002e+00,1.599997023e-01,1.594618578e-05,-1.426195380e-03,1.002998507e+03,2.998507236e+05,36
1.670000002e+00,1.599997023e-01,1.594618586e-05,-1.426195380e-03,1.002998507e+03,2.998507236e+05,36
1.680000002e+00,1.599997023e-01,1.594618581e-05,-1.426195379e-03,1.002998507e+03,2.998507236e+05,36
1.690000002e+00,1.599997023e-01,1.594618622e-05,-1.426195379e-03,1.002998507e+03,2.998507236e+05,36
1.700000002e+00,1.599997023e-01,1.594618665e-05,-1.426195379e-03,1.002998507e+03,2.998507236e+05,36
1.710000002e+00,1.599997023e-01,1.594618585e-05,-1.426195379e-03,1.002998507e+03,2.998507236e+05,36
1.720000002e+00,1.599997023e-01,1.594618226e-05,-1.426195378e-03,1.002998507e+03,2.998507236e+05,36
1.730000002e+00,1.599997023e-01,1.594616362e-05,-1.426195374e-03,1.002998507e+03,2.998507236e+05,36
1.740000002e+00,1.599997023e-01,1.594605529e-05,-1.426195346e-03,1.002998507e+03,2.998507236e+05,36
1.750000002e+00,1.599997023e-01,1.594543247e-05,-1.426195185e-03,1.002998507e+03,2.998507238e+05,36
1.760000002e+00,1.599997023e-01,1.594196504e-05,-1.426194256e-03,1.002998507e+03,2.998507245e+05,36
1.770000002e+00,1.599997023e-01,1.592332731e-05,-1.426189067e-03,1.002998507e+03,2.998507286e+05,36
1.780000002e+00,1.599997023e-01,1.582618992e-05,-1.426160851e-03,1.002998508e+03,2.998507505e+05,36
1.790000002e+00,1.599997023e-01,1.533652636e-05,-1.426011605e-03,1.002998509e+03,2.998508615e+05,36
1.800000002e+00,1.599997023e-01,1.298473186e-05,-1.425252976e-03,1.002998514e+03,2.998514075e+05,36
1.810000002e+00,1.599997024e-01,2.298134050e-06,-1.421564905e-03,1.002998540e+03,2.998540067e+05,36
1.820000001e+00,1.599997025e-01,-4.425567475e-05,-1.404196394e-03,1.002998656e+03,2.998656243e+05,36
1.829999999e+00,1.599997033e-01,-2.383755521e-04,-1.325114966e-03,1.002999136e+03,2.999136244e+05,36
1.839999991e+00,1.599997068e-01,-9.838258484e-04,-9.889705341e-04,1.003001030e+03,3.001030020e+05,36
1.849999962e+00,1.599997214e-01,-3.542809190e-03,3.181765484e-04,1.003008239e+03,3.008239144e+05,36
1.859999860e+00,1.599997798e-01,-1.157173293e-02,5.106909250e-03,1.003032904e+03,3.032903669e+05,36
1.869999526e+00,1.600000071e-01,-3.494762395e-02,2.180915773e-02,1.003103194e+03,3.103194016e+05,36
1.879998584e+00,1.600007875e-01,-9.352080263e-02,7.323382758e-02,1.003273120e+03,3.273119897e+05,36
1.889996604e+00,1.600028945e-01,-2.043458975e-01,1.984660503e-01,1.003655632e+03,3.655631694e+05,36
1.899993798e+00,1.600070703e-01,-3.465339868e-01,4.156090781e-01,1.004442158e+03,4.442158448e+05,36
1.909991144e+00,1.600131859e-01,-4.884121196e-01,6.489256069e-01,1.005812389e+03,5.812389269e+05,36
1.919989113e+00,1.600197887e-01,-8.267804712e-01,7.043583271e-01,1.008369886e+03,8.369886298e+05,36
1.929971003e+00,1.600184957e-01,-2.558133801e+00,2.477503087e-01,1.014066042e+03,1.406604243e+06,37
1.939834782e+00,1.599878070e-01,-9.114504931e+00,-1.296464743e+00,1.030789595e+03,3.078959546e+06,35
1.949481071e+00,1.599314020e-01,-2.225988332e+01,-4.437371694e+00,1.084294127e+03,8.429412745e+06,36
1.959464496e+00,1.601069326e-01,-2.827371228e+01,-5.464193740e+00,1.151451663e+03,1.514516627e+07,36
1.972978395e+00,1.617678086e-01,1.417054554e+01,1.163134640e+01,1.052001633e+03,5.200163294e+06,32
1.995332502e+00,1.654126333e-01,-3.252429002e+01,-5.800218428e+00,7.113565754e+02,-2.886434246e+07,27
1.909317694e-02,1.726742720e-01,8.647443862e+01,3.617860001e+01,9.220347106e+02,-7.796528943e+06,27
1.959529934e+00,1.690233528e-01,-1.530532314e+02,2.660978279e+01,1.174310433e+03,1.743104325e+07,33
8.228358913e-02,1.063035039e-01,2.636241167e+02,-1.849203659e+02,1.272119049e+03,2.721190488e+07,32
1.989911133e+00,1.557841988e-01,-9.205303434e+01,-1.073592172e+01,8.991059027e+02,-1.008940973e+07,26
5.441478835e-03,1.672550437e-01,4.567947806e+01,-7.355493759e+01,6.958396958e+02,-3.041603042e+07,25
2.550277935e-02,1.705753637e-01,-2.794327303e+01,8.972690160e+00,1.048557478e+03,4.855747840e+06,30
4.020816857e-02,1.699782828e-01,2.705871450e+01,-1.996873017e+00,1.169693427e+03,1.696934268e+07,35
5.052531537e-02,1.700540875e-01,2.398655896e+01,3.300430064e-01,1.101601805e+03,1.016018052e+07,36
6.017558307e-02,1.700292626e-01,9.320027431e+00,1.161159072e+00,1.031212030e+03,3.121202992e+06,36
7.002828634e-02,1.700078672e-01,2.406444953e+00,6.199424124e-01,1.010147981e+03,1.014798108e+06,37
8.000538395e-02,1.700065872e-01,6.322312729e-01,4.472666108e-01,1.005542045e+03,5.542044660e+05,36
9.000345844e-02,1.700046547e-01,2.565715638e-01,3.192542855e-01,1.003960561e+03,3.960561479e+05,36
1.000022162e-01,1.700020871e-01,1.399209085e-01,1.799296181e-01,1.003477492e+03,3.477491914e+05,36
1.100011750e-01,1.700003374e-01,7.509321550e-02,8.086758699e-02,1.003232204e+03,3.232203521e+05,36
1.200005060e-01,1.699994783e-01,3.488095407e-02,2.862590847e-02,1.003088996e+03,3.088996273e+05,36
1.300001839e-01,1.699991575e-01,1.396332536e-02,7.227189322e-03,1.003014324e+03,3.014324240e+05,36
1.400000615e-01,1.699990581e-01,5.036278395e-03,-1.980663104e-04,1.002981968e+03,2.981968113e+05,36
1.500000199e-01,1.699990292e-01,1.651348227e-03,-2.598678566e-03,1.002970611e+03,2.970610993e+05,36
1.600000067e-01,1.699990210e-01,4.898430142e-04,-3.328540605e-03,1.002967220e+03,2.967219622e+05,36
1.700000030e-01,1.699990189e-01,1.394956262e-04,-3.528169168e-03,1.002966282e+03,2.966281816e+05,36
1.800000021e-01,1.699990185e-01,4.602874401e-05,-3.577292550e-03,1.002966033e+03,2.966032857e+05,36
1.900000018e-01,1.699990184e-01,2.294326330e-05,-3.588682519e-03,1.002965971e+03,2.965971298e+05,36
2.000000018e-01,1.699990183e-01,1.749213516e-05,-3.591240726e-03,1.002965957e+03,2.965957350e+05,36
2.100000018e-01,1.699990183e-01,1.626965801e-05,-3.591789783e-03,1.002965954e+03,2.965954371e+05,36
2.200000018e-01,1.699990183e-01,1.601186338e-05,-3.591901247e-03,1.002965954e+03,2.965953755e+05,36
2.300000018e-01,1.699990183e-01,1.596011883e-05,-3.591922955e-03,1.002965954e+03,2.965953632e+05,36
2.400000018e-01,1.699990183e-01,1.595008180e-05,-3.591927065e-03,1.002965954e+03,2.965953609e+05,36
2.500000018e-01,1.699990183e-01,1.594819911e-05,-3.591927819e-03,1.002965954e+03,2.965953605e+05,36
2.600000018e-01,1.699990183e-01,1.594785923e-05,-3.591927952e-03,1.002965954e+03,2.965953604e+05,36
2.700000018e-01,1.699990183e-01,1.594779987e-05,-3.591927975e-03,1.002965954e+03,2.965953604e+05,36
2.800000018e-01,1.699990183e-01,1.594778962e-05,-3.591927979e-03,1.002965954e+03,2.965953604e+05,36
2.900000018e-01,1.699990183e-01,1.594778776e-05,-3.591927980e-03,1.002965954e+03,2.965953604e+05,36
3.000000018e-01,1.699990183e-01,1.594778726e-05,-3.591927980e-03,1.002965954e+03,2.965953604e+05,36
3.100000018e-01,1.699990183e-01,1.594778729e-05,-3.591927980e-03,1.002965954e+03,2.965953604e+05,36
3.200000018e-01,1.699990183e-01,1.594778765e-05,-3.591927980e-03,1.002965954e+03,2.965953604e+05,36
3.300000018e-01,1.699990183e-01,1.594778780e-05,-3.591927980e-03,1.002965954e+03,2.965953604e+05,36
3.400000018e-01,1.699990183e-01,1.594778765e-05,-3.591927980e-03,1.002965954e+03,2.965953604e+05,36
3.500000018e-01,1.699990183e-01,1.594778745e-05,-3.591927980e-03,1.002965954e+03,2.965953604e+05,36
3.600000018e-01,1.699990183e-01,1.594778724e-05,-3.591927980e-03,1.002965954e+03,2.965953604e+05,36
3.700000018e-01,1.699990183e-01,1.594778701e-05,-3.591927980e-03,1.002965954e+03,2.965953604e+05,36
3.800000018e-01,1.699990183e-01,1.594778721e-05,-3.591927980e-03,1.002965954e+03,2.965953604e+05,36
3.900000018e-01,1.699990183e-01,1.594778777e-05,-3.591927980e-03,1.002965954e+03,2.965953604e+05,36
4.000000018e-01,1.699990183e-01,1.594778793e-05,-3.591927980e-03,1.002965954e+03,2.965953604e+05,36
4.100000018e-01,1.699990183e-01,1.594778764e-05,-3.591927980e-03,1.002965954e+03,2.965953604e+05,36
4.200000018e-01,1.699990183e-01,1.594778730e-05,-3.591927980e-03,1.002965954e+03,2.965953604e+05,36
4.300000018e-01,1.699990183e-01,1.594778701e-05,-3.591927980e-03,1.002965954e+03,2.965953604e+05,36
4.400000018e-01,1.699990183e-01,1.594778716e-05,-3.591927980e-03,1.002965954e+03,2.965953604e+05,36
4.500000018e-01,1.699990183e-01,1.594778772e-05,-3.591927980e-03,1.002965954e+03,2.965953604e+05,36
4.600000018e-01,1.699990183e-01,1.594778791e-05,-3.591927980e-03,1.002965954e+03,2.965953604e+05,36
4.700000018e-01,1.699990183e-01,1.594778775e-05,-3.591927980e-03,1.002965954e+03,2.965953604e+05,36
4.800000018e-01,1.699990183e-01,1.594778759e-05,-3.591927980e-03,1.002965954e+03,2.965953604e+05,36
4.900000018e-01,1.699990183e-01,1.594778726e-05,-3.591927980e-03,1.002965954e+03,2.965953604e+05,36
5.000000018e-01,1.699990183e-01,1.594778716e-05,-3.591927980e-03,1.002965954e+03,2.965953604e+05,36
5.100000018e-01,1.699990183e-01,1.594778758e-05,-3.591927980e-03,1.002965954e+03,2.965953604e+05,36
5.200000018e-01,1.699990183e-01,1.594778770e-05,-3.591927980e-03,1.002965954e+03,2.965953604e+05,36
5.300000018e-01,1.699990183e-01,1.594778723e-05,-3.591927980e-03,1.002965954e+03,2.965953604e+05,36
5.400000018e-01,1.699990183e-01,1.594778697e-05,-3.591927980e-03,1.002965954e+03,2.965953604e+05,36
5.500000018e-01,1.699990183e-01,1.594778733e-05,-3.591927980e-03,1.002965954e+03,2.965953604e+05,36
5.600000018e-01,1.699990183e-01,1.594778770e-05,-3.591927980e-03,1.002965954e+03,2.965953604e+05,36
5.700000018e-01,1.699990183e-01,1.594778765e-05,-3.591927980e-03,1.002965954e+03,2.965953604e+05,36
5.800000018e-01,1.699990183e-01,1.594778740e-05,-3.591927980e-03,1.002965954e+03,2.965953604e+05,36
5.900000018e-01,1.699990183e-01,1.594778715e-05,-3.591927980e-03,1.002965954e+03,2.965953604e+05,36
6.000000018e-01,1.699990183e-01,1.594778741e-05,-3.591927980e-03,1.002965954e+03,2.965953604e+05,36
6.100000018e-01,1.699990183e-01,1.594778801e-05,-3.591927980e-03,1.002965954e+03,2.965953604e+05,36
6.200000018e-01,1.699990183e-01,1.594778813e-05,-3.591927980e-03,1.002965954e+03,2.965953604e+05,36
6.300000018e-01,1.699990183e-01,1.594778783e-05,-3.591927980e-03,1.002965954e+03,2.965953604e+05,36
6.400000018e-01,1.699990183e-01,1.594778756e-05,-3.591927980e-03,1.002965954e+03,2.965953604e+05,36
6.500000018e-01,1.699990183e-01,1.594778730e-05,-3.591927980e-03,1.002965954e+03,2.965953604e+05,36
6.600000018e-01,1.699990183e-01,1.594778693e-05,-3.591927980e-03,1.002965954e+03,2.965953604e+05,36
6.700000018e-01,1.699990183e-01,1.594778682e-05,-3.591927980e-03,1.002965954e+03,2.965953604e+05,36
6.800000018e-01,1.699990183e-01,1.594778726e-05,-3.591927980e-03,1.002965954e+03,2.965953604e+05,36
6.900000018e-01,1.699990183e-01,1.594778769e-05,-3.591927980e-03,1.002965954e+03,2.965953604e+05,36
7.000000018e-01,1.699990183e-01,1.594778769e-05,-3.591927980e-03,1.002965954e+03,2.965953604e+05,36
7.100000018e-01,1.699990183e-01,1.594778741e-05,-3.591927980e-03,1.002965954e+03,2.965953604e+05,36
7.200000018e-01,1.699990183e-01,1.594778713e-05,-3.591927980e-03,1.002965954e+03,2.965953604e+05,36
7.300000018e-01,1.699990183e-01,1.594778739e-05,-3.591927980e-03,1.002965954e+03,2.965953604e+05,36
7.400000018e-01,1.699990183e-01,1.594778800e-05,-3.591927980e-03,1.002965954e+03,2.965953604e+05,36
7.500000018e-01,1.699990183e-01,1.594778813e-05,-3.591927980e-03,1.002965954e+03,2.965953604e+05,36
7.600000018e-01,1.699990183e-01,1.594778782e-05,-3.591927980e-03,1.002965954e+03,2.965953604e+05,36
7.700000018e-01,1.699990183e-01,1.594778754e-05,-3.591927980e-03,1.002965954e+03,2.965953604e+05,36
7.800000018e-01,1.699990183e-01,1.594778730e-05,-3.591927980e-03,1.002965954e+03,2.965953604e+05,36
7.900000018e-01,1.699990183e-01,1.594778693e-05,-3.591927980e-03,1.002965954e+03,2.965953604e+05,36
8.000000018e-01,1.699990183e-01,1.594778682e-05,-3.591927980e-03,1.002965954e+03,2.965953604e+05,36
8.100000018e-01,1.699990183e-01,1.594778728e-05,-3.591927980e-03,1.002965954e+03,2.965953604e+05,36
8.200000018e-01,1.699990183e-01,1.594778769e-05,-3.591927980e-03,1.002965954e+03,2.965953604e+05,36
8.300000018e-01,1.699990183e-01,1.594778765e-05,-3.591927980e-03,1.002965954e+03,2.965953604e+05,36
8.400000018e-01,1.699990183e-01,1.594778736e-05,-3.591927980e-03,1.002965954e+03,2.965953604e+05,36
8.500000018e-01,1.699990183e-01,1.594778713e-05,-3.591927980e-03,1.002965954e+03,2.965953604e+05,36
8.600000018e-01,1.699990183e-01,1.594778744e-05,-3.591927980e-03,1.002965954e+03,2.965953604e+05,36
8.700000018e-01,1.699990183e-01,1.594778806e-05,-3.591927980e-03,1.002965954e+03,2.965953604e+05,36
8.800000018e-01,1.699990183e-01,1.594778813e-05,-3.591927980e-03,1.002965954e+03,2.965953604e+05,36
8.900000018e-01,1.699990183e-01,1.594778775e-05,-3.591927980e-03,1.002965954e+03,2.965953604e+05,36
9.000000018e-01,1.699990183e-01,1.594778738e-05,-3.591927980e-03,1.002965954e+03,2.965953604e+05,36
9.100000018e-01,1.699990183e-01,1.594778699e-05,-3.591927980e-03,1.002965954e+03,2.965953604e+05,36
9.200000018e-01,1.699990183e-01,1.594778687e-05,-3.591927980e-03,1.002965954e+03,2.965953604e+05,36
9.300000018e-01,1.699990183e-01,1.594778730e-05,-3.591927980e-03,1.002965954e+03,2.965953604e+05,36
9.400000018e-01,1.699990183e-01,1.594778771e-05,-3.591927980e-03,1.002965954e+03,2.965953604e+05,36
9.500000018e-01,1.699990183e-01,1.594778769e-05,-3.591927980e-03,1.002965954e+03,2.965953604e+05,36
9.600000018e-01,1.699990183e-01,1.594778749e-05,-3.591927980e-03,1.002965954e+03,2.965953604e+05,36
9.700000018e-01,1.699990183e-01,1.594778748e-05,-3.591927980e-03,1.002965954e+03,2.965953604e+05,36
9.800000018e-01,1.699990183e-01,1.594778808e-05,-3.591927980e-03,1.002965954e+03,2.965953604e+05,36
9.900000018e-01,1.699990183e-01,1.594778847e-05,-3.591927980e-03,1.002965954e+03,2.965953604e+05,36
1.000000002e+00,1.699990183e-01,1.594778779e-05,-3.591927980e-03,1.002965954e+03,2.965953604e+05,36
1.010000002e+00,1.699990183e-01,1.594778714e-05,-3.591927980e-03,1.002965954e+03,2.965953604e+05,36
1.020000002e+00,1.699990183e-01,1.594778718e-05,-3.591927980e-03,1.002965954e+03,2.965953604e+05,36
1.030000002e+00,1.699990183e-01,1.594778738e-05,-3.591927980e-03,1.002965954e+03,2.965953604e+05,36
1.040000002e+00,1.699990183e-01,1.594778745e-05,-3.591927980e-03,1.002965954e+03,2.965953604e+05,36
1.050000002e+00,1.699990183e-01,1.594778747e-05,-3.591927980e-03,1.002965954e+03,2.965953604e+05,36
1.060000002e+00,1.699990183e-01,1.594778747e-05,-3.591927980e-03,1.002965954e+03,2.965953604e+05,36
1.070000002e+00,1.699990183e-01,1.594778745e-05,-3.591927980e-03,1.002965954e+03,2.965953604e+05,36
1.080000002e+00,1.699990183e-01,1.594778742e-05,-3.591927980e-03,1.002965954e+03,2.965953604e+05,36
1.090000002e+00,1.699990183e-01,1.594778728e-05,-3.591927980e-03,1.002965954e+03,2.965953604e+05,36
1.100000002e+00,1.699990183e-01,1.594778681e-05,-3.591927980e-03,1.002965954e+03,2.965953604e+05,36
1.110000002e+00,1.699990183e-01,1.594778614e-05,-3.591927979e-03,1.002965954e+03,2.965953604e+05,36
1.120000002e+00,1.699990183e-01,1.594778623e-05,-3.591927980e-03,1.002965954e+03,2.965953604e+05,36
1.130000002e+00,1.699990183e-01,1.594778713e-05,-3.591927980e-03,1.002965954e+03,2.965953604e+05,36
1.140000002e+00,1.699990183e-01,1.594778745e-05,-3.591927980e-03,1.002965954e+03,2.965953604e+05,36
1.150000002e+00,1.699990183e-01,1.594778757e-05,-3.591927981e-03,1.002965954e+03,2.965953604e+05,36
1.160000002e+00,1.699990183e-01,1.594778809e-05,-3.591927981e-03,1.002965954e+03,2.965953604e+05,36
1.170000002e+00,1.699990183e-01,1.594778818e-05,-3.591927980e-03,1.002965954e+03,2.965953604e+05,36
1.180000002e+00,1.699990183e-01,1.594778821e-05,-3.591927980e-03,1.002965954e+03,2.965953604e+05,36
1.190000002e+00,1.699990183e-01,1.594778832e-05,-3.591927980e-03,1.002965954e+03,2.965953604e+05,36
1.200000002e+00,1.699990183e-01,1.594778801e-05,-3.591927980e-03,1.002965954e+03,2.965953604e+05,36
1.210000002e+00,1.699990183e-01,1.594778767e-05,-3.591927980e-03,1.002965954e+03,2.965953604e+05,36
1.220000002e+00,1.699990183e-01,1.594778753e-05,-3.591927980e-03,1.002965954e+03,2.965953604e+05,36
1.230000002e+00,1.699990183e-01,1.594778749e-05,-3.591927980e-03,1.002965954e+03,2.965953604e+05,36
1.240000002e+00,1.699990183e-01,1.594778750e-05,-3.591927980e-03,1.002965954e+03,2.965953604e+05,36
1.250000002e+00,1.699990183e-01,1.594778750e-05,-3.591927980e-03,1.002965954e+03,2.965953604e+05,36
1.260000002e+00,1.699990183e-01,1.594778747e-05,-3.591927980e-03,1.002965954e+03,2.965953604e+05,36
1.270000002e+00,1.699990183e-01,1.594778745e-05,-3.591927980e-03,1.002965954e+03,2.965953604e+05,36
1.280000002e+00,1.699990183e-01,1.594778748e-05,-3.591927980e-03,1.002965954e+03,2.965953604e+05,36
1.290000002e+00,1.699990183e-01,1.594778749e-05,-3.591927980e-03,1.002965954e+03,2.965953604e+05,36
1.300000002e+00,1.699990183e-01,1.594778747e-05,-3.591927980e-03,1.002965954e+03,2.965953604e+05,36
1.310000002e+00,1.699990183e-01,1.594778746e-05,-3.591927980e-03,1.002965954e+03,2.965953604e+05,36
1.320000002e+00,1.699990183e-01,1.594778742e-05,-3.591927980e-03,1.002965954e+03,2.965953604e+05,36
1.330000002e+00,1.699990183e-01,1.594778732e-05,-3.591927980e-03,1.002965954e+03,2.965953604e+05,36
1.340000002e+00,1.699990183e-01,1.594778701e-05,-3.591927980e-03,1.002965954e+03,2.965953604e+05,36
1.350000002e+00,1.699990183e-01,1.594778650e-05,-3.591927979e-03,1.002965954e+03,2.965953604e+05,36
1.360000002e+00,1.699990183e-01,1.594778637e-05,-3.591927979e-03,1.002965954e+03,2.965953604e+05,36
1.370000002e+00,1.699990183e-01,1.594778695e-05,-3.591927980e-03,1.002965954e+03,2.965953604e+05,36
1.380000002e+00,1.699990183e-01,1.594778747e-05,-3.591927980e-03,1.002965954e+03,2.965953604e+05,36
1.390000002e+00,1.699990183e-01,1.594778726e-05,-3.591927980e-03,1.002965954e+03,2.965953604e+05,36
1.400000002e+00,1.699990183e-01,1.594778734e-05,-3.591927981e-03,1.002965954e+03,2.965953604e+05,36
1.410000002e+00,1.699990183e-01,1.594778803e-05,-3.591927981e-03,1.002965954e+03,2.965953604e+05,36
1.420000002e+00,1.699990183e-01,1.594778820e-05,-3.591927980e-03,1.002965954e+03,2.965953604e+05,36
1.430000002e+00,1.699990183e-01,1.594778825e-05,-3.591927980e-03,1.002965954e+03,2.965953604e+05,36
1.440000002e+00,1.699990183e-01,1.594778835e-05,-3.591927980e-03,1.002965954e+03,2.965953604e+05,36
1.450000002e+00,1.699990183e-01,1.594778800e-05,-3.591927980e-03,1.002965954e+03,2.965953604e+05,36
1.460000002e+00,1.699990183e-01,1.594778762e-05,-3.591927980e-03,1.002965954e+03,2.965953604e+05,36
1.470000002e+00,1.699990183e-01,1.594778751e-05,-3.591927980e-03,1.002965954e+03,2.965953604e+05,36
1.480000002e+00,1.699990183e-01,1.594778750e-05,-3.591927980e-03,1.002965954e+03,2.965953604e+05,36
1.490000002e+00,1.699990183e-01,1.594778748e-05,-3.591927980e-03,1.002965954e+03,2.965953604e+05,36
1.500000002e+00,1.699990183e-01,1.594778746e-05,-3.591927980e-03,1.002965954e+03,2.965953604e+05,36
1.510000002e+00,1.699990183e-01,1.594778748e-05,-3.591927980e-03,1.002965954e+03,2.965953604e+05,36
1.520000002e+00,1.699990183e-01,1.594778746e-05,-3.591927980e-03,1.002965954e+03,2.965953604e+05,36
1.530000002e+00,1.699990183e-01,1.594778744e-05,-3.591927980e-03,1.002965954e+03,2.965953604e+05,36
1.540000002e+00,1.699990183e-01,1.594778745e-05,-3.591927980e-03,1.002965954e+03,2.965953604e+05,36
1.550000002e+00,1.699990183e-01,1.594778747e-05,-3.591927980e-03,1.002965954e+03,2.965953604e+05,36
1.560000002e+00,1.699990183e-01,1.594778749e-05,-3.591927980e-03,1.002965954e+03,2.965953604e+05,36
1.570000002e+00,1.699990183e-01,1.594778752e-05,-3.591927980e-03,1.002965954e+03,2.965953604e+05,36
1.580000002e+00,1.699990183e-01,1.594778750e-05,-3.591927980e-03,1.002965954e+03,2.965953604e+05,36
1.590000002e+00,1.699990183e-01,1.594778736e-05,-3.591927980e-03,1.002965954e+03,2.965953604e+05,36
1.600000002e+00,1.699990183e-01,1.594778702e-05,-3.591927980e-03,1.002965954e+03,2.965953604e+05,36
1.610000002e+00,1.699990183e-01,1.594778650e-05,-3.591927979e-03,1.002965954e+03,2.965953604e+05,36
1.620000002e+00,1.699990183e-01,1.594778637e-05,-3.591927979e-03,1.002965954e+03,2.965953604e+05,36
1.630000002e+00,1.699990183e-01,1.594778695e-05,-3.591927980e-03,1.002965954e+03,2.965953604e+05,36
1.640000002e+00,1.699990183e-01,1.594778745e-05,-3.591927980e-03,1.002965954e+03,2.965953604e+05,36
1.650000002e+00,1.699990183e-01,1.594778723e-05,-3.591927980e-03,1.002965954e+03,2.965953604e+05,36
1.660000002e+00,1.699990183e-01,1.594778734e-05,-3.591927981e-03,1.002965954e+03,2.965953604e+05,36
1.670000002e+00,1.699990183e-01,1.594778801e-05,-3.591927981e-03,1.002965954e+03,2.965953604e+05,36
1.680000002e+00,1.699990183e-01,1.594778813e-05,-3.591927980e-03,1.002965954e+03,2.965953604e+05,36
1.690000002e+00,1.699990183e-01,1.594778815e-05,-3.591927980e-03,1.002965954e+03,2.965953604e+05,36
1.700000002e+00,1.699990183e-01,1.594778824e-05,-3.591927980e-03,1.002965954e+03,2.965953604e+05,36
1.710000002e+00,1.699990183e-01,1.594778769e-05,-3.591927979e-03,1.002965954e+03,2.965953604e+05,36
1.720000002e+00,1.699990183e-01,1.594778565e-05,-3.591927979e-03,1.002965954e+03,2.965953604e+05,36
1.730000002e+00,1.699990183e-01,1.594777533e-05,-3.591927975e-03,1.002965954e+03,2.965953604e+05,36
1.740000002e+00,1.699990183e-01,1.594771574e-05,-3.591927952e-03,1.002965954e+03,2.965953604e+05,36
1.750000002e+00,1.699990183e-01,1.594737525e-05,-3.591927818e-03,1.002965954e+03,2.965953604e+05,36
1.760000002e+00,1.699990183e-01,1.594549232e-05,-3.591927064e-03,1.002965954e+03,2.965953609e+05,36
1.770000002e+00,1.699990183e-01,1.593545618e-05,-3.591922955e-03,1.002965954e+03,2.965953632e+05,36
1.780000002e+00,1.699990183e-01,1.588371263e-05,-3.591901247e-03,1.002965954e+03,2.965953755e+05,36
1.790000002e+00,1.699990183e-01,1.562591747e-05,-3.591789783e-03,1.002965954e+03,2.965954371e+05,36
1.800000002e+00,1.699990183e-01,1.440343945e-05,-3.591240726e-03,1.002965957e+03,2.965957350e+05,36
1.810000002e+00,1.699990184e-01,8.952311796e-06,-3.588682519e-03,1.002965971e+03,2.965971298e+05,36
1.820000002e+00,1.699990185e-01,-1.413316857e-05,-3.577292549e-03,1.002966033e+03,2.966032857e+05,36
1.830000001e+00,1.699990189e-01,-1.076000512e-04,-3.528169167e-03,1.002966282e+03,2.966281816e+05,36
1.839999997e+00,1.699990210e-01,-4.579474383e-04,-3.328540605e-03,1.002967220e+03,2.967219622e+05,36
1.849999984e+00,1.699990292e-01,-1.619452648e-03,-2.598678566e-03,1.002970611e+03,2.970610993e+05,36
1.859999942e+00,1.699990581e-01,-5.004382807e-03,-1.980663110e-04,1.002981968e+03,2.981968113e+05,36
1.869999820e+00,1.699991575e-01,-1.393142974e-02,7.227189318e-03,1.003014324e+03,3.014324240e+05,36
1.879999498e+00,1.699994783e-01,-3.484905836e-02,2.862590845e-02,1.003088996e+03,3.088996273e+05,36
1.889998829e+00,1.700003374e-01,-7.506131952e-02,8.086758693e-02,1.003232204e+03,3.232203521e+05,36
1.899997787e+00,1.700020871e-01,-1.398890117e-01,1.799296180e-01,1.003477492e+03,3.477491913e+05,36
1.909996545e+00,1.700046547e-01,-2.565396643e-01,3.192542850e-01,1.003960561e+03,3.960561472e+05,36
1.919994620e+00,1.700065872e-01,-6.321993606e-01,4.472666086e-01,1.005542045e+03,5.542044633e+05,36
1.929971717e+00,1.700078672e-01,-2.406413000e+00,6.199424041e-01,1.010147981e+03,1.014798097e+06,37
1.939824420e+00,1.700292626e-01,-9.319995367e+00,1.161159073e+00,1.031212029e+03,3.121202924e+06,36
1.949474688e+00,1.700540875e-01,-2.398652655e+01,3.300430561e-01,1.101601804e+03,1.016018038e+07,36
1.959791835e+00,1.699782828e-01,-2.705868088e+01,-1.996872760e+00,1.169693427e+03,1.696934268e+07,35
1.974497224e+00,1.705753637e-01,2.794330772e+01,8.972692938e+00,1.048557462e+03,4.855746236e+06,30
1.994558525e+00,1.672550432e-01,-4.567944841e+01,-7.355495236e+01,6.958396952e+02,-3.041603048e+07,25
1.008887079e-02,1.557841987e-01,9.205306634e+01,-1.073592450e+01,8.991058953e+02,-1.008941047e+07,26
1.917716414e+00,1.063035039e-01,-2.636240848e+02,-1.849203659e+02,1.272119049e+03,2.721190488e+07,32
