x,y,vx,vy,rho,p,neighbor_count
8.748460765e-02,9.699313008e-02,1.986313267e+02,1.141214687e+02,1.340135175e+03,3.401351746e+07,33
1.988103622e+00,4.420179343e-02,-6.863971572e+01,-6.279468309e+00,9.501721133e+02,-4.982788674e+06,28
7.081510304e-03,3.462530318e-02,8.510031112e+01,8.366570232e+01,7.814665492e+02,-2.185334508e+07,24
2.477030224e-02,2.923283427e-02,-3.381697415e+01,-7.514166244e+00,1.043828153e+03,4.382815286e+06,30
4.086673675e-02,3.010195428e-02,2.864060983e+01,4.549709295e+00,1.163770131e+03,1.637701311e+07,34
5.123713595e-02,2.997342965e-02,3.540685165e+01,2.537413048e+00,1.140705132e+03,1.407051322e+07,35
6.050657729e-02,2.994381619e-02,1.830081157e+01,-1.031409420e+00,1.062155232e+03,6.215523226e+06,35
7.013490652e-02,2.996764763e-02,6.552331719e+00,-1.407672979e+00,1.021813306e+03,2.181330625e+06,37
8.003906037e-02,2.997520830e-02,2.238989613e+00,-1.083581480e+00,1.010300234e+03,1.030023448e+06,36
9.001641499e-02,2.998228024e-02,8.600698486e-01,-7.835642339e-01,1.006069392e+03,6.069392106e+05,36
1.000087272e-01,2.999017070e-02,4.199566179e-01,-4.762649458e-01,1.004620749e+03,4.620749257e+05,36
1.100047063e-01,2.999583055e-02,2.287493369e-01,-2.467168136e-01,1.003898153e+03,3.898152551e+05,36
1.200023015e-01,2.999891180e-02,1.210897507e-01,-1.110330142e-01,1.003445649e+03,3.445649437e+05,36
1.300010030e-01,3.000025779e-02,5.838277957e-02,-4.453725723e-02,1.003179739e+03,3.179738900e+05,36
1.400003987e-01,3.000077261e-02,2.534637875e-02,-1.560418261e-02,1.003048473e+03,3.048473206e+05,36
1.500001444e-01,3.000095823e-02,9.812399612e-03,-3.966869485e-03,1.002994134e+03,2.994134453e+05,36
1.600000479e-01,3.000102074e-02,3.395368530e-03,2.872968963e-04,1.002974217e+03,2.974217037e+05,36
1.700000156e-01,3.000103974e-02,1.080145846e-03,1.675960254e-03,1.002967410e+03,2.967410019e+05,36
1.800000059e-01,3.000104501e-02,3.309498081e-04,2.089556910e-03,1.002965230e+03,2.965230326e+05,36
1.900000032e-01,3.000104640e-02,1.053444764e-04,2.206077497e-03,1.002964587e+03,2.964587385e+05,36
2.000000024e-01,3.000104675e-02,4.115425879e-05,2.237484268e-03,1.002964412e+03,2.964411738e+05,36
2.100000022e-01,3.000104684e-02,2.396286408e-05,2.245517489e-03,1.002964366e+03,2.964366216e+05,36
2.200000022e-01,3.000104686e-02,1.962064859e-05,2.247469723e-03,1.002964355e+03,2.964354887e+05,36
2.300000022e-01,3.000104687e-02,1.857339390e-05,2.247926066e-03,1.002964352e+03,2.964352191e+05,36
2.400000022e-01,3.000104687e-02,1.833016330e-05,2.248029314e-03,1.002964352e+03,2.964351578e+05,36
2.500000022e-01,3.000104687e-02,1.827575863e-05,2.248051878e-03,1.002964351e+03,2.964351444e+05,36
2.600000022e-01,3.000104687e-02,1.826403402e-05,2.248056644e-03,1.002964351e+03,2.964351415e+05,36
2.700000022e-01,3.000104687e-02,1.826158810e-05,2.248057622e-03,1.002964351e+03,2.964351409e+05,36
2.800000022e-01,3.000104687e-02,1.826109201e-05,2.248057817e-03,1.002964351e+03,2.964351408e+05,36
2.900000022e-01,3.000104687e-02,1.826099384e-05,2.248057855e-03,1.002964351e+03,2.964351408e+05,36
3.000000022e-01,3.000104687e-02,1.826097467e-05,2.248057862e-03,1.002964351e+03,2.964351408e+05,36
3.100000022e-01,3.000104687e-02,1.826097125e-05,2.248057864e-03,1.002964351e+03,2.964351408e+05,36
3.200000022e-01,3.000104687e-02,1.826097111e-05,2.248057864e-03,1.002964351e+03,2.964351408e+05,36
3.300000022e-01,3.000104687e-02,1.826097139e-05,2.248057864e-03,1.002964351e+03,2.964351408e+05,36
3.400000022e-01,3.000104687e-02,1.826097136e-05,2.248057864e-03,1.002964351e+03,2.964351408e+05,36
3.500000022e-01,3.000104687e-02,1.826097100e-05,2.248057864e-03,1.002964351e+03,2.964351408e+05,36
3.600000022e-01,3.000104687e-02,1.826097052e-05,2.248057864e-03,1.002964351e+03,2.964351408e+05,36
3.700000022e-01,3.000104687e-02,1.826097021e-05,2.248057864e-03,1.002964351e+03,2.964351408e+05,36
3.800000022e-01,3.000104687e-02,1.826097053e-05,2.248057864e-03,1.002964351e+03,2.964351408e+05,36
3.900000022e-01,3.000104687e-02,1.826097125e-05,2.248057864e-03,1.002964351e+03,2.964351408e+05,36
4.000000022e-01,3.000104687e-02,1.826097144e-05,2.248057864e-03,1.002964351e+03,2.964351408e+05,36
4.100000022e-01,3.000104687e-02,1.826097109e-05,2.248057864e-03,1.002964351e+03,2.964351408e+05,36
4.200000022e-01,3.000104687e-02,1.826097061e-05,2.248057864e-03,1.002964351e+03,2.964351408e+05,36
4.300000022e-01,3.000104687e-02,1.826097020e-05,2.248057864e-03,1.002964351e+03,2.964351408e+05,36
4.400000022e-01,3.000104687e-02,1.826097047e-05,2.248057864e-03,1.002964351e+03,2.964351408e+05,36
4.500000022e-01,3.000104687e-02,1.826097132e-05,2.248057864e-03,1.002964351e+03,2.964351408e+05,36
4.600000022e-01,3.000104687e-02,1.826097166e-05,2.248057864e-03,1.002964351e+03,2.964351408e+05,36
4.700000022e-01,3.000104687e-02,1.826097139e-05,2.248057864e-03,1.002964351e+03,2.964351408e+05,36
4.800000022e-01,3.000104687e-02,1.826097100e-05,2.248057864e-03,1.002964351e+03,2.964351408e+05,36
4.900000022e-01,3.000104687e-02,1.826097046e-05,2.248057864e-03,1.002964351e+03,2.964351408e+05,36
5.000000022e-01,3.000104687e-02,1.826097029e-05,2.248057864e-03,1.002964351e+03,2.964351408e+05,36
5.100000022e-01,3.000104687e-02,1.826097075e-05,2.248057864e-03,1.002964351e+03,2.964351408e+05,36
5.200000022e-01,3.000104687e-02,1.826097090e-05,2.248057864e-03,1.002964351e+03,2.964351408e+05,36
5.300000022e-01,3.000104687e-02,1.826097050e-05,2.248057864e-03,1.002964351e+03,2.964351408e+05,36
5.400000022e-01,3.000104687e-02,1.826097040e-05,2.248057864e-03,1.002964351e+03,2.964351408e+05,36
5.500000022e-01,3.000104687e-02,1.826097106e-05,2.248057864e-03,1.002964351e+03,2.964351408e+05,36
5.600000022e-01,3.000104687e-02,1.826097157e-05,2.248057863e-03,1.002964351e+03,2.964351408e+05,36
5.700000022e-01,3.000104687e-02,1.826097123e-05,2.248057864e-03,1.002964351e+03,2.964351408e+05,36
5.800000022e-01,3.000104687e-02,1.826097054e-05,2.248057864e-03,1.002964351e+03,2.964351408e+05,36
5.900000022e-01,3.000104687e-02,1.826097019e-05,2.248057864e-03,1.002964351e+03,2.964351408e+05,36
6.000000022e-01,3.000104687e-02,1.826097069e-05,2.248057864e-03,1.002964351e+03,2.964351408e+05,36
6.100000022e-01,3.000104687e-02,1.826097148e-05,2.248057863e-03,1.002964351e+03,2.964351408e+05,36
6.200000022e-01,3.000104687e-02,1.826097157e-05,2.248057863e-03,1.002964351e+03,2.964351408e+05,36
6.300000022e-01,3.000104687e-02,1.826097117e-05,2.248057864e-03,1.002964351e+03,2.964351408e+05,36
6.400000022e-01,3.000104687e-02,1.826097087e-05,2.248057864e-03,1.002964351e+03,2.964351408e+05,36
6.500000022e-01,3.000104687e-02,1.826097061e-05,2.248057864e-03,1.002964351e+03,2.964351408e+05,36
6.600000022e-01,3.000104687e-02,1.826097028e-05,2.248057864e-03,1.002964351e+03,2.964351408e+05,36
6.700000022e-01,3.000104687e-02,1.826097031e-05,2.248057864e-03,1.002964351e+03,2.964351408e+05,36
6.800000022e-01,3.000104687e-02,1.826097095e-05,2.248057864e-03,1.002964351e+03,2.964351408e+05,36
6.900000022e-01,3.000104687e-02,1.826097143e-05,2.248057863e-03,1.002964351e+03,2.964351408e+05,36
7.000000022e-01,3.000104687e-02,1.826097118e-05,2.248057864e-03,1.002964351e+03,2.964351408e+05,36
7.100000022e-01,3.000104687e-02,1.826097058e-05,2.248057864e-03,1.002964351e+03,2.964351408e+05,36
7.200000022e-01,3.000104687e-02,1.826097021e-05,2.248057864e-03,1.002964351e+03,2.964351408e+05,36
7.300000022e-01,3.000104687e-02,1.826097069e-05,2.248057864e-03,1.002964351e+03,2.964351408e+05,36
7.400000022e-01,3.000104687e-02,1.826097149e-05,2.248057863e-03,1.002964351e+03,2.964351408e+05,36
7.500000022e-01,3.000104687e-02,1.826097156e-05,2.248057863e-03,1.002964351e+03,2.964351408e+05,36
7.600000022e-01,3.000104687e-02,1.826097116e-05,2.248057864e-03,1.002964351e+03,2.964351408e+05,36
7.700000022e-01,3.000104687e-02,1.826097089e-05,2.248057864e-03,1.002964351e+03,2.964351408e+05,36
7.800000022e-01,3.000104687e-02,1.826097065e-05,2.248057864e-03,1.002964351e+03,2.964351408e+05,36
7.900000022e-01,3.000104687e-02,1.826097031e-05,2.248057864e-03,1.002964351e+03,2.964351408e+05,36
8.000000022e-01,3.000104687e-02,1.826097029e-05,2.248057864e-03,1.002964351e+03,2.964351408e+05,36
8.100000022e-01,3.000104687e-02,1.826097090e-05,2.248057864e-03,1.002964351e+03,2.964351408e+05,36
8.200000022e-01,3.000104687e-02,1.826097141e-05,2.248057863e-03,1.002964351e+03,2.964351408e+05,36
8.300000022e-01,3.000104687e-02,1.826097119e-05,2.248057864e-03,1.002964351e+03,2.964351408e+05,36
8.400000022e-01,3.000104687e-02,1.826097059e-05,2.248057864e-03,1.002964351e+03,2.964351408e+05,36
8.500000022e-01,3.000104687e-02,1.826097022e-05,2.248057864e-03,1.002964351e+03,2.964351408e+05,36
8.600000022e-01,3.000104687e-02,1.826097068e-05,2.248057864e-03,1.002964351e+03,2.964351408e+05,36
8.700000022e-01,3.000104687e-02,1.826097146e-05,2.248057863e-03,1.002964351e+03,2.964351408e+05,36
8.800000022e-01,3.000104687e-02,1.826097151e-05,2.248057863e-03,1.002964351e+03,2.964351408e+05,36
8.900000022e-01,3.000104687e-02,1.826097106e-05,2.248057864e-03,1.002964351e+03,2.964351408e+05,36
9.000000022e-01,3.000104687e-02,1.826097070e-05,2.248057864e-03,1.002964351e+03,2.964351408e+05,36
9.100000022e-01,3.000104687e-02,1.826097036e-05,2.248057864e-03,1.002964351e+03,2.964351408e+05,36
9.200000022e-01,3.000104687e-02,1.826097033e-05,2.248057864e-03,1.002964351e+03,2.964351408e+05,36
9.300000022e-01,3.000104687e-02,1.826097099e-05,2.248057864e-03,1.002964351e+03,2.964351408e+05,36
9.400000022e-01,3.000104687e-02,1.826097156e-05,2.248057863e-03,1.002964351e+03,2.964351408e+05,36
9.500000022e-01,3.000104687e-02,1.826097130e-05,2.248057864e-03,1.002964351e+03,2.964351408e+05,36
9.600000022e-01,3.000104687e-02,1.826097066e-05,2.248057864e-03,1.002964351e+03,2.964351408e+05,36
9.700000022e-01,3.000104687e-02,1.826097063e-05,2.248057864e-03,1.002964351e+03,2.964351408e+05,36
9.800000022e-01,3.000104687e-02,1.826097164e-05,2.248057864e-03,1.002964351e+03,2.964351408e+05,36
9.900000022e-01,3.000104687e-02,1.826097217e-05,2.248057865e-03,1.002964351e+03,2.964351408e+05,36
1.000000002e+00,3.000104687e-02,1.826097117e-05,2.248057864e-03,1.002964351e+03,2.964351408e+05,36
1.010000002e+00,3.000104687e-02,1.826097028e-05,2.248057864e-03,1.002964351e+03,2.964351408e+05,36
1.020000002e+00,3.000104687e-02,1.826097040e-05,2.248057864e-03,1.002964351e+03,2.964351408e+05,36
1.030000002e+00,3.000104687e-02,1.826097072e-05,2.248057864e-03,1.002964351e+03,2.964351408e+05,36
1.040000002e+00,3.000104687e-02,1.826097083e-05,2.248057864e-03,1.002964351e+03,2.964351408e+05,36
1.050000002e+00,3.000104687e-02,1.826097085e-05,2.248057864e-03,1.002964351e+03,2.964351408e+05,36
1.060000002e+00,3.000104687e-02,1.826097086e-05,2.248057864e-03,1.002964351e+03,2.964351408e+05,36
1.070000002e+00,3.000104687e-02,1.826097084e-05,2.248057864e-03,1.002964351e+03,2.964351408e+05,36
1.080000002e+00,3.000104687e-02,1.826097070e-05,2.248057864e-03,1.002964351e+03,2.964351408e+05,36
1.090000002e+00,3.000104687e-02,1.826097022e-05,2.248057864e-03,1.002964351e+03,2.964351408e+05,36
1.100000002e+00,3.000104687e-02,1.826096951e-05,2.248057863e-03,1.002964351e+03,2.964351408e+05,36
1.110000002e+00,3.000104687e-02,1.826096937e-05,2.248057863e-03,1.002964351e+03,2.964351408e+05,36
1.120000002e+00,3.000104687e-02,1.826097034e-05,2.248057863e-03,1.002964351e+03,2.964351408e+05,36
1.130000002e+00,3.000104687e-02,1.826097145e-05,2.248057864e-03,1.002964351e+03,2.964351408e+05,36
1.140000002e+00,3.000104687e-02,1.826097154e-05,2.248057864e-03,1.002964351e+03,2.964351408e+05,36
1.150000002e+00,3.000104687e-02,1.826097109e-05,2.248057865e-03,1.002964351e+03,2.964351408e+05,36
1.160000002e+00,3.000104687e-02,1.826097082e-05,2.248057865e-03,1.002964351e+03,2.964351408e+05,36
1.170000002e+00,3.000104687e-02,1.826097085e-05,2.248057864e-03,1.002964351e+03,2.964351408e+05,36
1.180000002e+00,3.000104687e-02,1.826097156e-05,2.248057864e-03,1.002964351e+03,2.964351408e+05,36
1.190000002e+00,3.000104687e-02,1.826097207e-05,2.248057863e-03,1.002964351e+03,2.964351408e+05,36
1.200000002e+00,3.000104687e-02,1.826097167e-05,2.248057864e-03,1.002964351e+03,2.964351408e+05,36
1.210000002e+00,3.000104687e-02,1.826097114e-05,2.248057864e-03,1.002964351e+03,2.964351408e+05,36
1.220000002e+00,3.000104687e-02,1.826097093e-05,2.248057864e-03,1.002964351e+03,2.964351408e+05,36
1.230000002e+00,3.000104687e-02,1.826097087e-05,2.248057864e-03,1.002964351e+03,2.964351408e+05,36
1.240000002e+00,3.000104687e-02,1.826097084e-05,2.248057864e-03,1.002964351e+03,2.964351408e+05,36
1.250000002e+00,3.000104687e-02,1.826097084e-05,2.248057864e-03,1.002964351e+03,2.964351408e+05,36
1.260000002e+00,3.000104687e-02,1.826097086e-05,2.248057864e-03,1.002964351e+03,2.964351408e+05,36
1.270000002e+00,3.000104687e-02,1.826097086e-05,2.248057864e-03,1.002964351e+03,2.964351408e+05,36
1.280000002e+00,3.000104687e-02,1.826097087e-05,2.248057864e-03,1.002964351e+03,2.964351408e+05,36
1.290000002e+00,3.000104687e-02,1.826097087e-05,2.248057864e-03,1.002964351e+03,2.964351408e+05,36
1.300000002e+00,3.000104687e-02,1.826097085e-05,2.248057864e-03,1.002964351e+03,2.964351408e+05,36
1.310000002e+00,3.000104687e-02,1.826097083e-05,2.248057864e-03,1.002964351e+03,2.964351408e+05,36
1.320000002e+00,3.000104687e-02,1.826097079e-05,2.248057864e-03,1.002964351e+03,2.964351408e+05,36
1.330000002e+00,3.000104687e-02,1.826097066e-05,2.248057864e-03,1.002964351e+03,2.964351408e+05,36
1.340000002e+00,3.000104687e-02,1.826097033e-05,2.248057863e-03,1.002964351e+03,2.964351408e+05,36
1.350000002e+00,3.000104687e-02,1.826096979e-05,2.248057863e-03,1.002964351e+03,2.964351408e+05,36
1.360000002e+00,3.000104687e-02,1.826096938e-05,2.248057863e-03,1.002964351e+03,2.964351408e+05,36
1.370000002e+00,3.000104687e-02,1.826096989e-05,2.248057863e-03,1.002964351e+03,2.964351408e+05,36
1.380000002e+00,3.000104687e-02,1.826097121e-05,2.248057864e-03,1.002964351e+03,2.964351408e+05,36
1.390000002e+00,3.000104687e-02,1.826097172e-05,2.248057864e-03,1.002964351e+03,2.964351408e+05,36
1.400000002e+00,3.000104687e-02,1.826097125e-05,2.248057865e-03,1.002964351e+03,2.964351408e+05,36
1.410000002e+00,3.000104687e-02,1.826097085e-05,2.248057865e-03,1.002964351e+03,2.964351408e+05,36
1.420000002e+00,3.000104687e-02,1.826097086e-05,2.248057864e-03,1.002964351e+03,2.964351408e+05,36
1.430000002e+00,3.000104687e-02,1.826097155e-05,2.248057864e-03,1.002964351e+03,2.964351408e+05,36
1.440000002e+00,3.000104687e-02,1.826097206e-05,2.248057863e-03,1.002964351e+03,2.964351408e+05,36
1.450000002e+00,3.000104687e-02,1.826097166e-05,2.248057864e-03,1.002964351e+03,2.964351408e+05,36
1.460000002e+00,3.000104687e-02,1.826097112e-05,2.248057864e-03,1.002964351e+03,2.964351408e+05,36
1.470000002e+00,3.000104687e-02,1.826097092e-05,2.248057864e-03,1.002964351e+03,2.964351408e+05,36
1.480000002e+00,3.000104687e-02,1.826097088e-05,2.248057864e-03,1.002964351e+03,2.964351408e+05,36
1.490000002e+00,3.000104687e-02,1.826097087e-05,2.248057864e-03,1.002964351e+03,2.964351408e+05,36
1.500000002e+00,3.000104687e-02,1.826097087e-05,2.248057864e-03,1.002964351e+03,2.964351408e+05,36
1.510000002e+00,3.000104687e-02,1.826097087e-05,2.248057864e-03,1.002964351e+03,2.964351408e+05,36
1.520000002e+00,3.000104687e-02,1.826097087e-05,2.248057864e-03,1.002964351e+03,2.964351408e+05,36
1.530000002e+00,3.000104687e-02,1.826097087e-05,2.248057864e-03,1.002964351e+03,2.964351408e+05,36
1.540000002e+00,3.000104687e-02,1.826097086e-05,2.248057864e-03,1.002964351e+03,2.964351408e+05,36
1.550000002e+00,3.000104687e-02,1.826097085e-05,2.248057864e-03,1.002964351e+03,2.964351408e+05,36
1.560000002e+00,3.000104687e-02,1.826097084e-05,2.248057864e-03,1.002964351e+03,2.964351408e+05,36
1.570000002e+00,3.000104687e-02,1.826097084e-05,2.248057864e-03,1.002964351e+03,2.964351408e+05,36
1.580000002e+00,3.000104687e-02,1.826097083e-05,2.248057864e-03,1.002964351e+03,2.964351408e+05,36
1.590000002e+00,3.000104687e-02,1.826097069e-05,2.248057864e-03,1.002964351e+03,2.964351408e+05,36
1.600000002e+00,3.000104687e-02,1.826097030e-05,2.248057864e-03,1.002964351e+03,2.964351408e+05,36
1.610000002e+00,3.000104687e-02,1.826096973e-05,2.248057863e-03,1.002964351e+03,2.964351408e+05,36
1.620000002e+00,3.000104687e-02,1.826096941e-05,2.248057863e-03,1.002964351e+03,2.964351408e+05,36
1.630000002e+00,3.000104687e-02,1.826097001e-05,2.248057863e-03,1.002964351e+03,2.964351408e+05,36
1.640000002e+00,3.000104687e-02,1.826097126e-05,2.248057864e-03,1.002964351e+03,2.964351408e+05,36
1.650000002e+00,3.000104687e-02,1.826097167e-05,2.248057864e-03,1.002964351e+03,2.964351408e+05,36
1.660000002e+00,3.000104687e-02,1.826097121e-05,2.248057865e-03,1.002964351e+03,2.964351408e+05,36
1.670000002e+00,3.000104687e-02,1.826097083e-05,2.248057865e-03,1.002964351e+03,2.964351408e+05,36
1.680000002e+00,3.000104687e-02,1.826097074e-05,2.248057864e-03,1.002964351e+03,2.964351408e+05,36
1.690000002e+00,3.000104687e-02,1.826097078e-05,2.248057864e-03,1.002964351e+03,2.964351408e+05,36
1.700000002e+00,3.000104687e-02,1.826096775e-05,2.248057862e-03,1.002964351e+03,2.964351408e+05,36
1.710000002e+00,3.000104687e-02,1.826094855e-05,2.248057855e-03,1.002964351e+03,2.964351408e+05,36
1.720000002e+00,3.000104687e-02,1.826085017e-05,2.248057817e-03,1.002964351e+03,2.964351408e+05,36
1.730000002e+00,3.000104687e-02,1.826035391e-05,2.248057621e-03,1.002964351e+03,2.964351409e+05,36
1.740000002e+00,3.000104687e-02,1.825790766e-05,2.248056644e-03,1.002964351e+03,2.964351415e+05,36
1.750000002e+00,3.000104687e-02,1.824618233e-05,2.248051878e-03,1.002964351e+03,2.964351444e+05,36
1.760000002e+00,3.000104687e-02,1.819177735e-05,2.248029313e-03,1.002964352e+03,2.964351578e+05,36
1.770000002e+00,3.000104687e-02,1.794854810e-05,2.247926066e-03,1.002964352e+03,2.964352191e+05,36
1.780000002e+00,3.000104686e-02,1.690129481e-05,2.247469723e-03,1.002964355e+03,2.964354887e+05,36
1.790000002e+00,3.000104684e-02,1.255907825e-05,2.245517489e-03,1.002964366e+03,2.964366216e+05,36
1.800000002e+00,3.000104675e-02,-4.632317833e-06,2.237484268e-03,1.002964412e+03,2.964411738e+05,36
1.810000001e+00,3.000104640e-02,-6.882253433e-05,2.206077497e-03,1.002964587e+03,2.964587385e+05,36
1.819999998e+00,3.000104501e-02,-2.944278645e-04,2.089556909e-03,1.002965230e+03,2.965230326e+05,36
1.829999989e+00,3.000103974e-02,-1.043623902e-03,1.675960253e-03,1.002967410e+03,2.967410019e+05,36
1.839999956e+00,3.000102074e-02,-3.358846577e-03,2.872968975e-04,1.002974217e+03,2.974217037e+05,36
1.849999860e+00,3.000095823e-02,-9.775877634e-03,-3.966869481e-03,1.002994134e+03,2.994134453e+05,36
1.859999606e+00,3.000077261e-02,-2.530985670e-02,-1.560418260e-02,1.003048473e+03,3.048473206e+05,36
1.869999001e+00,3.000025779e-02,-5.834625731e-02,-4.453725719e-02,1.003179739e+03,3.179738900e+05,36
1.879997703e+00,2.999891180e-02,-1.210532279e-01,-1.110330141e-01,1.003445649e+03,3.445649437e+05,36
1.889995298e+00,2.999583055e-02,-2.287128127e-01,-2.467168132e-01,1.003898153e+03,3.898152550e+05,36
1.899991277e+00,2.999017070e-02,-4.199200901e-01,-4.762649448e-01,1.004620749e+03,4.620749250e+05,36
1.909983589e+00,2.998228024e-02,-8.600333094e-01,-7.835642317e-01,1.006069392e+03,6.069392075e+05,36
1.919960944e+00,2.997520830e-02,-2.238953030e+00,-1.083581473e+00,1.010300234e+03,1.030023438e+06,36
1.929865098e+00,2.996764763e-02,-6.552295018e+00,-1.407672959e+00,1.021813306e+03,2.181330588e+06,37
1.939493427e+00,2.994381619e-02,-1.830077461e+01,-1.031409431e+00,1.062155231e+03,6.215523069e+06,35
1.948762868e+00,2.997342965e-02,-3.540681431e+01,2.537413022e+00,1.140705130e+03,1.407051302e+07,35
1.959133268e+00,3.010195427e-02,-2.864057099e+01,4.549709051e+00,1.163770133e+03,1.637701325e+07,34
1.975229702e+00,2.923283411e-02,3.381701289e+01,-7.514170434e+00,1.043828133e+03,4.382813271e+06,30
1.992918494e+00,3.462530402e-02,-8.510027296e+01,8.366571682e+01,7.814665575e+02,-2.185334425e+07,24
1.189638251e-02,4.420179359e-02,6.863975260e+01,-6.279467445e+00,9.501721002e+02,-4.982789978e+06,28
1.912515397e+00,9.699313008e-02,-1.986312902e+02,1.141214687e+02,1.340135175e+03,3.401351746e+07,33
4.362789770e-02,3.050845302e-02,1.252132183e+02,-1.586485270e+01,1.171314874e+03,1.713148743e+07,34
1.979297177e+00,2.664473835e-02,-5.862597647e+01,-2.509470027e+01,9.731089938e+02,-2.689100623e+06,27
6.142989803e-03,3.502640454e-02,8.347039662e+01,2.772286283e+01,7.564186314e+02,-2.435813686e+07,25
2.658052510e-02,3.796455177e-02,-2.227950209e+01,-1.135102758e+01,1.043143107e+03,4.314310716e+06,30
4.121118094e-02,4.005696854e-02,2.906552899e+01,8.072310089e+00,1.148252018e+03,1.482520182e+07,36
5.117212279e-02,4.022026886e-02,3.224324594e+01,8.160651172e+00,1.120157466e+03,1.201574665e+07,35
6.048852667e-02,4.006414004e-02,1.780082275e+01,3.020891920e+00,1.060868763e+03,6.086876297e+06,35
7.014334013e-02,3.997857011e-02,7.037742182e+00,-3.245169719e-02,1.027954459e+03,2.795445902e+06,37
8.005218108e-02,3.995749256e-02,2.698234711e+00,-1.220336208e+00,1.014793585e+03,1.479358547e+06,36
9.003011361e-02,3.996281077e-02,1.331226879e+00,-1.373775875e+00,1.009022740e+03,9.022739772e+05,36
1.000204280e-01,3.997603051e-02,8.615321828e-01,-1.011925323e+00,1.006397522e+03,6.397521555e+05,36
1.100121772e-01,3.998818961e-02,5.415915816e-01,-5.608807196e-01,1.004890571e+03,4.890570611e+05,36
1.200058854e-01,3.999547538e-02,2.899139205e-01,-2.496522872e-01,1.003971569e+03,3.971568673e+05,36
1.300024041e-01,3.999866635e-02,1.334960694e-01,-9.520653867e-02,1.003438222e+03,3.438222369e+05,36
1.400008879e-01,3.999980421e-02,5.498093978e-02,-3.256023256e-02,1.003169171e+03,3.169171225e+05,36
1.500003049e-01,4.000017034e-02,2.051938214e-02,-9.846489913e-03,1.003056656e+03,3.056656394e+05,36
1.600000969e-01,4.000028251e-02,6.923359185e-03,-2.205254476e-03,1.003016412e+03,3.016411743e+05,36
1.700000293e-01,4.000031473e-02,2.139974028e-03,1.605640601e-04,1.003003243e+03,3.003242551e+05,36
1.800000095e-01,4.000032327e-02,6.277473288e-04,8.325301947e-04,1.002999162e+03,2.999162099e+05,36
1.900000041e-01,4.000032541e-02,1.845108971e-04,1.011729982e-03,1.002997978e+03,2.997978302e+05,36
2.000000026e-01,4.000032592e-02,6.132636265e-05,1.057578866e-03,1.002997659e+03,2.997659125e+05,36
2.100000023e-01,4.000032604e-02,2.886140092e-05,1.068841827e-03,1.002997578e+03,2.997577677e+05,36
2.200000022e-01,4.000032607e-02,2.076030666e-05,1.071489842e-03,1.002997558e+03,2.997557680e+05,36
2.300000022e-01,4.000032608e-02,1.882820628e-05,1.072089586e-03,1.002997553e+03,2.997552964e+05,36
2.400000022e-01,4.000032608e-02,1.838379192e-05,1.072221377e-03,1.002997552e+03,2.997551899e+05,36
2.500000022e-01,4.000032608e-02,1.828512254e-05,1.072249485e-03,1.002997552e+03,2.997551667e+05,36
2.600000022e-01,4.000032608e-02,1.826398219e-05,1.072255302e-03,1.002997552e+03,2.997551618e+05,36
2.700000022e-01,4.000032608e-02,1.825959415e-05,1.072256473e-03,1.002997552e+03,2.997551608e+05,36
2.800000022e-01,4.000032608e-02,1.825870793e-05,1.072256703e-03,1.002997552e+03,2.997551606e+05,36
2.900000022e-01,4.000032608e-02,1.825853320e-05,1.072256747e-03,1.002997552e+03,2.997551605e+05,36
3.000000022e-01,4.000032608e-02,1.825849936e-05,1.072256755e-03,1.002997552e+03,2.997551605e+05,36
3.100000022e-01,4.000032608e-02,1.825849334e-05,1.072256757e-03,1.002997552e+03,2.997551605e+05,36
3.200000022e-01,4.000032608e-02,1.825849289e-05,1.072256757e-03,1.002997552e+03,2.997551605e+05,36
3.300000022e-01,4.000032608e-02,1.825849322e-05,1.072256757e-03,1.002997552e+03,2.997551605e+05,36
3.400000022e-01,4.000032608e-02,1.825849321e-05,1.072256757e-03,1.002997552e+03,2.997551605e+05,36
3.500000022e-01,4.000032608e-02,1.825849269e-05,1.072256757e-03,1.002997552e+03,2.997551605e+05,36
3.600000022e-01,4.000032608e-02,1.825849199e-05,1.072256757e-03,1.002997552e+03,2.997551605e+05,36
3.700000022e-01,4.000032608e-02,1.825849157e-05,1.072256757e-03,1.002997552e+03,2.997551605e+05,36
3.800000022e-01,4.000032608e-02,1.825849204e-05,1.072256757e-03,1.002997552e+03,2.997551605e+05,36
3.900000022e-01,4.000032608e-02,1.825849303e-05,1.072256757e-03,1.002997552e+03,2.997551605e+05,36
4.000000022e-01,4.000032608e-02,1.825849334e-05,1.072256757e-03,1.002997552e+03,2.997551605e+05,36
4.100000022e-01,4.000032608e-02,1.825849284e-05,1.072256757e-03,1.002997552e+03,2.997551605e+05,36
4.200000022e-01,4.000032608e-02,1.825849212e-05,1.072256757e-03,1.002997552e+03,2.997551605e+05,36
4.300000022e-01,4.000032608e-02,1.825849158e-05,1.072256757e-03,1.002997552e+03,2.997551605e+05,36
4.400000022e-01,4.000032608e-02,1.825849197e-05,1.072256757e-03,1.002997552e+03,2.997551605e+05,36
4.500000022e-01,4.000032608e-02,1.825849307e-05,1.072256757e-03,1.002997552e+03,2.997551605e+05,36
4.600000022e-01,4.000032608e-02,1.825849354e-05,1.072256757e-03,1.002997552e+03,2.997551605e+05,36
4.700000022e-01,4.000032608e-02,1.825849317e-05,1.072256757e-03,1.002997552e+03,2.997551605e+05,36
4.800000022e-01,4.000032608e-02,1.825849255e-05,1.072256757e-03,1.002997552e+03,2.997551605e+05,36
4.900000022e-01,4.000032608e-02,1.825849180e-05,1.072256756e-03,1.002997552e+03,2.997551605e+05,36
5.000000022e-01,4.000032608e-02,1.825849172e-05,1.072256756e-03,1.002997552e+03,2.997551605e+05,36
5.100000022e-01,4.000032608e-02,1.825849248e-05,1.072256757e-03,1.002997552e+03,2.997551605e+05,36
5.200000022e-01,4.000032608e-02,1.825849275e-05,1.072256757e-03,1.002997552e+03,2.997551605e+05,36
5.300000022e-01,4.000032608e-02,1.825849215e-05,1.072256757e-03,1.002997552e+03,2.997551605e+05,36
5.400000022e-01,4.000032608e-02,1.825849184e-05,1.072256757e-03,1.002997552e+03,2.997551605e+05,36
5.500000022e-01,4.000032608e-02,1.825849257e-05,1.072256757e-03,1.002997552e+03,2.997551605e+05,36
5.600000022e-01,4.000032608e-02,1.825849348e-05,1.072256757e-03,1.002997552e+03,2.997551605e+05,36
5.700000022e-01,4.000032608e-02,1.825849325e-05,1.072256757e-03,1.002997552e+03,2.997551605e+05,36
5.800000022e-01,4.000032608e-02,1.825849201e-05,1.072256757e-03,1.002997552e+03,2.997551605e+05,36
5.900000022e-01,4.000032608e-02,1.825849121e-05,1.072256757e-03,1.002997552e+03,2.997551605e+05,36
6.000000022e-01,4.000032608e-02,1.825849203e-05,1.072256757e-03,1.002997552e+03,2.997551605e+05,36
6.100000022e-01,4.000032608e-02,1.825849338e-05,1.072256756e-03,1.002997552e+03,2.997551605e+05,36
6.200000022e-01,4.000032608e-02,1.825849357e-05,1.072256757e-03,1.002997552e+03,2.997551605e+05,36
6.300000022e-01,4.000032608e-02,1.825849297e-05,1.072256757e-03,1.002997552e+03,2.997551605e+05,36
6.400000022e-01,4.000032608e-02,1.825849252e-05,1.072256757e-03,1.002997552e+03,2.997551605e+05,36
6.500000022e-01,4.000032608e-02,1.825849217e-05,1.072256757e-03,1.002997552e+03,2.997551605e+05,36
6.600000022e-01,4.000032608e-02,1.825849174e-05,1.072256757e-03,1.002997552e+03,2.997551605e+05,36
6.700000022e-01,4.000032608e-02,1.825849173e-05,1.072256757e-03,1.002997552e+03,2.997551605e+05,36
6.800000022e-01,4.000032608e-02,1.825849255e-05,1.072256757e-03,1.002997552e+03,2.997551605e+05,36
6.900000022e-01,4.000032608e-02,1.825849339e-05,1.072256757e-03,1.002997552e+03,2.997551605e+05,36
7.000000022e-01,4.000032608e-02,1.825849318e-05,1.072256757e-03,1.002997552e+03,2.997551605e+05,36
7.100000022e-01,4.000032608e-02,1.825849202e-05,1.072256757e-03,1.002997552e+03,2.997551605e+05,36
7.200000022e-01,4.000032608e-02,1.825849123e-05,1.072256757e-03,1.002997552e+03,2.997551605e+05,36
7.300000022e-01,4.000032608e-02,1.825849205e-05,1.072256757e-03,1.002997552e+03,2.997551605e+05,36
7.400000022e-01,4.000032608e-02,1.825849339e-05,1.072256756e-03,1.002997552e+03,2.997551605e+05,36
7.500000022e-01,4.000032608e-02,1.825849358e-05,1.072256757e-03,1.002997552e+03,2.997551605e+05,36
7.600000022e-01,4.000032608e-02,1.825849299e-05,1.072256757e-03,1.002997552e+03,2.997551605e+05,36
7.700000022e-01,4.000032608e-02,1.825849257e-05,1.072256757e-03,1.002997552e+03,2.997551605e+05,36
7.800000022e-01,4.000032608e-02,1.825849226e-05,1.072256757e-03,1.002997552e+03,2.997551605e+05,36
7.900000022e-01,4.000032608e-02,1.825849182e-05,1.072256757e-03,1.002997552e+03,2.997551605e+05,36
8.000000022e-01,4.000032608e-02,1.825849167e-05,1.072256757e-03,1.002997552e+03,2.997551605e+05,36
8.100000022e-01,4.000032608e-02,1.825849238e-05,1.072256757e-03,1.002997552e+03,2.997551605e+05,36
8.200000022e-01,4.000032608e-02,1.825849332e-05,1.072256757e-03,1.002997552e+03,2.997551605e+05,36
8.300000022e-01,4.000032608e-02,1.825849323e-05,1.072256757e-03,1.002997552e+03,2.997551605e+05,36
8.400000022e-01,4.000032608e-02,1.825849206e-05,1.072256757e-03,1.002997552e+03,2.997551605e+05,36
8.500000022e-01,4.000032608e-02,1.825849124e-05,1.072256757e-03,1.002997552e+03,2.997551605e+05,36
8.600000022e-01,4.000032608e-02,1.825849202e-05,1.072256757e-03,1.002997552e+03,2.997551605e+05,36
8.700000022e-01,4.000032608e-02,1.825849335e-05,1.072256756e-03,1.002997552e+03,2.997551605e+05,36
8.800000022e-01,4.000032608e-02,1.825849352e-05,1.072256757e-03,1.002997552e+03,2.997551605e+05,36
8.900000022e-01,4.000032608e-02,1.825849288e-05,1.072256757e-03,1.002997552e+03,2.997551605e+05,36
9.000000022e-01,4.000032608e-02,1.825849235e-05,1.072256757e-03,1.002997552e+03,2.997551605e+05,36
9.100000022e-01,4.000032608e-02,1.825849188e-05,1.072256757e-03,1.002997552e+03,2.997551605e+05,36
9.200000022e-01,4.000032608e-02,1.825849171e-05,1.072256757e-03,1.002997552e+03,2.997551605e+05,36
9.300000022e-01,4.000032608e-02,1.825849248e-05,1.072256757e-03,1.002997552e+03,2.997551605e+05,36
9.400000022e-01,4.000032608e-02,1.825849349e-05,1.072256757e-03,1.002997552e+03,2.997551605e+05,36
9.500000022e-01,4.000032608e-02,1.825849337e-05,1.072256757e-03,1.002997552e+03,2.997551605e+05,36
9.600000022e-01,4.000032608e-02,1.825849228e-05,1.072256757e-03,1.002997552e+03,2.997551605e+05,36
9.700000022e-01,4.000032608e-02,1.825849208e-05,1.072256757e-03,1.002997552e+03,2.997551605e+05,36
9.800000022e-01,4.000032608e-02,1.825849367e-05,1.072256757e-03,1.002997552e+03,2.997551605e+05,36
9.900000022e-01,4.000032608e-02,1.825849442e-05,1.072256757e-03,1.002997552e+03,2.997551605e+05,36
1.000000002e+00,4.000032608e-02,1.825849279e-05,1.072256758e-03,1.002997552e+03,2.997551605e+05,36
1.010000002e+00,4.000032608e-02,1.825849145e-05,1.072256757e-03,1.002997552e+03,2.997551605e+05,36
1.020000002e+00,4.000032608e-02,1.825849170e-05,1.072256757e-03,1.002997552e+03,2.997551605e+05,36
1.030000002e+00,4.000032608e-02,1.825849223e-05,1.072256757e-03,1.002997552e+03,2.997551605e+05,36
1.040000002e+00,4.000032608e-02,1.825849243e-05,1.072256757e-03,1.002997552e+03,2.997551605e+05,36
1.050000002e+00,4.000032608e-02,1.825849247e-05,1.072256757e-03,1.002997552e+03,2.997551605e+05,36
1.060000002e+00,4.000032608e-02,1.825849246e-05,1.072256757e-03,1.002997552e+03,2.997551605e+05,36
1.070000002e+00,4.000032608e-02,1.825849241e-05,1.072256757e-03,1.002997552e+03,2.997551605e+05,36
1.080000002e+00,4.000032608e-02,1.825849221e-05,1.072256757e-03,1.002997552e+03,2.997551605e+05,36
1.090000002e+00,4.000032608e-02,1.825849156e-05,1.072256757e-03,1.002997552e+03,2.997551605e+05,36
1.100000002e+00,4.000032608e-02,1.825849058e-05,1.072256756e-03,1.002997552e+03,2.997551605e+05,36
1.110000002e+00,4.000032608e-02,1.825849051e-05,1.072256756e-03,1.002997552e+03,2.997551605e+05,36
1.120000002e+00,4.000032608e-02,1.825849201e-05,1.072256756e-03,1.002997552e+03,2.997551605e+05,36
1.130000002e+00,4.000032608e-02,1.825849386e-05,1.072256757e-03,1.002997552e+03,2.997551605e+05,36
1.140000002e+00,4.000032608e-02,1.825849429e-05,1.072256757e-03,1.002997552e+03,2.997551605e+05,36
1.150000002e+00,4.000032608e-02,1.825849316e-05,1.072256758e-03,1.002997552e+03,2.997551605e+05,36
1.160000002e+00,4.000032608e-02,1.825849180e-05,1.072256758e-03,1.002997552e+03,2.997551605e+05,36
1.170000002e+00,4.000032608e-02,1.825849163e-05,1.072256757e-03,1.002997552e+03,2.997551605e+05,36
1.180000002e+00,4.000032608e-02,1.825849304e-05,1.072256757e-03,1.002997552e+03,2.997551605e+05,36
1.190000002e+00,4.000032608e-02,1.825849409e-05,1.072256756e-03,1.002997552e+03,2.997551605e+05,36
1.200000002e+00,4.000032608e-02,1.825849364e-05,1.072256757e-03,1.002997552e+03,2.997551605e+05,36
1.210000002e+00,4.000032608e-02,1.825849289e-05,1.072256757e-03,1.002997552e+03,2.997551605e+05,36
1.220000002e+00,4.000032608e-02,1.825849258e-05,1.072256757e-03,1.002997552e+03,2.997551605e+05,36
1.230000002e+00,4.000032608e-02,1.825849250e-05,1.072256757e-03,1.002997552e+03,2.997551605e+05,36
1.240000002e+00,4.000032608e-02,1.825849248e-05,1.072256757e-03,1.002997552e+03,2.997551605e+05,36
1.250000002e+00,4.000032608e-02,1.825849248e-05,1.072256757e-03,1.002997552e+03,2.997551605e+05,36
1.260000002e+00,4.000032608e-02,1.825849249e-05,1.072256757e-03,1.002997552e+03,2.997551605e+05,36
1.270000002e+00,4.000032608e-02,1.825849250e-05,1.072256757e-03,1.002997552e+03,2.997551605e+05,36
1.280000002e+00,4.000032608e-02,1.825849251e-05,1.072256757e-03,1.002997552e+03,2.997551605e+05,36
1.290000002e+00,4.000032608e-02,1.825849250e-05,1.072256757e-03,1.002997552e+03,2.997551605e+05,36
1.300000002e+00,4.000032608e-02,1.825849247e-05,1.072256757e-03,1.002997552e+03,2.997551605e+05,36
1.310000002e+00,4.000032608e-02,1.825849243e-05,1.072256757e-03,1.002997552e+03,2.997551605e+05,36
1.320000002e+00,4.000032608e-02,1.825849237e-05,1.072256757e-03,1.002997552e+03,2.997551605e+05,36
1.330000002e+00,4.000032608e-02,1.825849218e-05,1.072256757e-03,1.002997552e+03,2.997551605e+05,36
1.340000002e+00,4.000032608e-02,1.825849169e-05,1.072256757e-03,1.002997552e+03,2.997551605e+05,36
1.350000002e+00,4.000032608e-02,1.825849095e-05,1.072256756e-03,1.002997552e+03,2.997551605e+05,36
1.360000002e+00,4.000032608e-02,1.825849056e-05,1.072256756e-03,1.002997552e+03,2.997551605e+05,36
1.370000002e+00,4.000032608e-02,1.825849149e-05,1.072256756e-03,1.002997552e+03,2.997551605e+05,36
1.380000002e+00,4.000032608e-02,1.825849356e-05,1.072256757e-03,1.002997552e+03,2.997551605e+05,36
1.390000002e+00,4.000032608e-02,1.825849450e-05,1.072256758e-03,1.002997552e+03,2.997551605e+05,36
1.400000002e+00,4.000032608e-02,1.825849335e-05,1.072256758e-03,1.002997552e+03,2.997551605e+05,36
1.410000002e+00,4.000032608e-02,1.825849181e-05,1.072256758e-03,1.002997552e+03,2.997551605e+05,36
1.420000002e+00,4.000032608e-02,1.825849162e-05,1.072256757e-03,1.002997552e+03,2.997551605e+05,36
1.430000002e+00,4.000032608e-02,1.825849304e-05,1.072256757e-03,1.002997552e+03,2.997551605e+05,36
1.440000002e+00,4.000032608e-02,1.825849408e-05,1.072256756e-03,1.002997552e+03,2.997551605e+05,36
1.450000002e+00,4.000032608e-02,1.825849363e-05,1.072256757e-03,1.002997552e+03,2.997551605e+05,36
1.460000002e+00,4.000032608e-02,1.825849288e-05,1.072256757e-03,1.002997552e+03,2.997551605e+05,36
1.470000002e+00,4.000032608e-02,1.825849259e-05,1.072256757e-03,1.002997552e+03,2.997551605e+05,36
1.480000002e+00,4.000032608e-02,1.825849253e-05,1.072256757e-03,1.002997552e+03,2.997551605e+05,36
1.490000002e+00,4.000032608e-02,1.825849251e-05,1.072256757e-03,1.002997552e+03,2.997551605e+05,36
1.500000002e+00,4.000032608e-02,1.825849250e-05,1.072256757e-03,1.002997552e+03,2.997551605e+05,36
1.510000002e+00,4.000032608e-02,1.825849250e-05,1.072256757e-03,1.002997552e+03,2.997551605e+05,36
1.520000002e+00,4.000032608e-02,1.825849250e-05,1.072256757e-03,1.002997552e+03,2.997551605e+05,36
1.530000002e+00,4.000032608e-02,1.825849250e-05,1.072256757e-03,1.002997552e+03,2.997551605e+05,36
1.540000002e+00,4.000032608e-02,1.825849250e-05,1.072256757e-03,1.002997552e+03,2.997551605e+05,36
1.550000002e+00,4.000032608e-02,1.825849248e-05,1.072256757e-03,1.002997552e+03,2.997551605e+05,36
1.560000002e+00,4.000032608e-02,1.825849247e-05,1.072256757e-03,1.002997552e+03,2.997551605e+05,36
1.570000002e+00,4.000032608e-02,1.825849247e-05,1.072256757e-03,1.002997552e+03,2.997551605e+05,36
1.580000002e+00,4.000032608e-02,1.825849243e-05,1.072256757e-03,1.002997552e+03,2.997551605e+05,36
1.590000002e+00,4.000032608e-02,1.825849222e-05,1.072256757e-03,1.002997552e+03,2.997551605e+05,36
1.600000002e+00,4.000032608e-02,1.825849172e-05,1.072256757e-03,1.002997552e+03,2.997551605e+05,36
1.610000002e+00,4.000032608e-02,1.825849099e-05,1.072256757e-03,1.002997552e+03,2.997551605e+05,36
1.620000002e+00,4.000032608e-02,1.825849049e-05,1.072256756e-03,1.002997552e+03,2.997551605e+05,36
1.630000002e+00,4.000032608e-02,1.825849133e-05,1.072256756e-03,1.002997552e+03,2.997551605e+05,36
1.640000002e+00,4.000032608e-02,1.825849352e-05,1.072256756e-03,1.002997552e+03,2.997551605e+05,36
1.650000002e+00,4.000032608e-02,1.825849456e-05,1.072256757e-03,1.002997552e+03,2.997551605e+05,36
1.660000002e+00,4.000032608e-02,1.825849339e-05,1.072256758e-03,1.002997552e+03,2.997551605e+05,36
1.670000002e+00,4.000032608e-02,1.825849179e-05,1.072256758e-03,1.002997552e+03,2.997551605e+05,36
1.680000002e+00,4.000032608e-02,1.825849141e-05,1.072256757e-03,1.002997552e+03,2.997551605e+05,36
1.690000002e+00,4.000032608e-02,1.825849169e-05,1.072256756e-03,1.002997552e+03,2.997551605e+05,36
1.700000002e+00,4.000032608e-02,1.825848642e-05,1.072256755e-03,1.002997552e+03,2.997551605e+05,36
1.710000002e+00,4.000032608e-02,1.825845252e-05,1.072256746e-03,1.002997552e+03,2.997551605e+05,36
1.720000002e+00,4.000032608e-02,1.825827769e-05,1.072256702e-03,1.002997552e+03,2.997551606e+05,36
1.730000002e+00,4.000032608e-02,1.825739140e-05,1.072256472e-03,1.002997552e+03,2.997551608e+05,36
1.740000002e+00,4.000032608e-02,1.825300280e-05,1.072255302e-03,1.002997552e+03,2.997551618e+05,36
1.750000002e+00,4.000032608e-02,1.823186147e-05,1.072249485e-03,1.002997552e+03,2.997551667e+05,36
1.760000002e+00,4.000032608e-02,1.813319172e-05,1.072221377e-03,1.002997552e+03,2.997551899e+05,36
1.770000002e+00,4.000032608e-02,1.768877903e-05,1.072089586e-03,1.002997553e+03,2.997552964e+05,36
1.780000002e+00,4.000032607e-02,1.575668054e-05,1.071489842e-03,1.002997558e+03,2.997557680e+05,36
1.790000002e+00,4.000032604e-02,7.655584860e-06,1.068841826e-03,1.002997578e+03,2.997577677e+05,36
1.800000002e+00,4.000032592e-02,-2.480937919e-05,1.057578866e-03,1.002997659e+03,2.997659125e+05,36
1.810000000e+00,4.000032541e-02,-1.479939124e-04,1.011729981e-03,1.002997978e+03,2.997978302e+05,36
1.819999995e+00,4.000032327e-02,-5.912303426e-04,8.325301936e-04,1.002999162e+03,2.999162099e+05,36
1.829999975e+00,4.000031473e-02,-2.103457044e-03,1.605640594e-04,1.003003243e+03,3.003242551e+05,36
1.839999907e+00,4.000028251e-02,-6.886842203e-03,-2.205254476e-03,1.003016412e+03,3.016411743e+05,36
1.849999699e+00,4.000017034e-02,-2.048286517e-02,-9.846489911e-03,1.003056656e+03,3.056656394e+05,36
1.859999116e+00,3.999980421e-02,-5.494442282e-02,-3.256023256e-02,1.003169171e+03,3.169171225e+05,36
1.869997600e+00,3.999866635e-02,-1.334595525e-01,-9.520653866e-02,1.003438222e+03,3.438222369e+05,36
1.879994119e+00,3.999547538e-02,-2.898774035e-01,-2.496522871e-01,1.003971569e+03,3.971568672e+05,36
1.889987827e+00,3.998818961e-02,-5.415550640e-01,-5.608807195e-01,1.004890571e+03,4.890570607e+05,36
1.899979576e+00,3.997603051e-02,-8.614956626e-01,-1.011925323e+00,1.006397522e+03,6.397521541e+05,36
1.909969891e+00,3.996281077e-02,-1.331190349e+00,-1.373775876e+00,1.009022740e+03,9.022739727e+05,36
1.919947823e+00,3.995749256e-02,-2.698198143e+00,-1.220336215e+00,1.014793585e+03,1.479358534e+06,36
1.929856664e+00,3.997857011e-02,-7.037705513e+00,-3.245172594e-02,1.027954459e+03,2.795445863e+06,37
1.939511478e+00,4.006414003e-02,-1.780078590e+01,3.020891819e+00,1.060868761e+03,6.086876132e+06,35
1.948827882e+00,4.022026885e-02,-3.224320889e+01,8.160650907e+00,1.120157463e+03,1.201574631e+07,35
1.958788823e+00,4.005696851e-02,-2.906549153e+01,8.072309349e+00,1.148252016e+03,1.482520156e+07,36
1.973419479e+00,3.796455161e-02,2.227954056e+01,-1.135103092e+01,1.043143111e+03,4.314311120e+06,30
1.993857014e+00,3.502640486e-02,-8.347036034e+01,2.772287402e+01,7.564186321e+02,-2.435813679e+07,25
2.070282726e-02,2.664473804e-02,5.862600538e+01,-2.509470362e+01,9.731090372e+02,-2.689096280e+06,27
1.956372107e+00,3.050845296e-02,-1.252131791e+02,-1.586485338e+01,1.171314874e+03,1.713148738e+07,34
3.334472957e-02,3.913350031e-02,6.075979816e+01,-2.399521174e+01,1.092669319e+03,9.266931891e+06,34
1.985960799e+00,4.026392509e-02,-3.663715805e+01,-4.050329861e+01,1.005102680e+03,5.102679594e+05,29
9.011132077e-03,4.523099656e-02,1.044115064e+01,-4.650095322e+01,8.745039794e+02,-1.254960206e+07,25
2.896307800e-02,4.879888468e-02,-6.425395402e+00,-1.285204666e+01,1.018093424e+03,1.809342446e+06,34
4.111680578e-02,4.982022418e-02,2.509698689e+01,-2.976121416e+00,1.116597937e+03,1.165979365e+07,37
5.080507642e-02,5.007063486e-02,2.430987955e+01,3.959284436e+00,1.079825208e+03,7.982520836e+06,35
6.035040854e-02,4.997289491e-02,1.381221400e+01,3.140359651e+00,1.047633540e+03,4.763353970e+06,37
7.013361838e-02,4.989229178e-02,5.646820968e+00,3.631949224e-01,1.029867730e+03,2.986773018e+06,34
8.008113393e-02,4.988299983e-02,2.407250635e+00,-1.819814820e+00,1.020715302e+03,2.071530208e+06,36
9.006200954e-02,4.991384388e-02,1.799712992e+00,-2.479067991e+00,1.015475207e+03,1.547520651e+06,36
1.000451869e-01,4.995018830e-02,1.618847884e+00,-1.939328233e+00,1.010698478e+03,1.069847832e+06,36
1.100274883e-01,4.997644129e-02,1.153067038e+00,-1.089850489e+00,1.007052015e+03,7.052015161e+05,36
1.200131349e-01,4.999091512e-02,6.264513861e-01,-4.788231425e-01,1.004907597e+03,4.907597478e+05,36
1.300051059e-01,4.999713920e-02,2.764303446e-01,-1.734622125e-01,1.003810614e+03,3.810614287e+05,36
1.400017481e-01,4.999928709e-02,1.065039620e-01,-5.396305943e-02,1.003301672e+03,3.301671903e+05,36
1.500005595e-01,4.999992914e-02,3.745734069e-02,-1.385176686e-02,1.003094239e+03,3.094238624e+05,36
1.600001691e-01,5.000010902e-02,1.213355313e-02,-1.471372916e-03,1.003021555e+03,3.021554989e+05,36
1.700000485e-01,5.000015748e-02,3.626721707e-03,2.129566768e-03,1.002998744e+03,2.998744462e+05,36
1.800000143e-01,5.000016981e-02,1.022976187e-03,3.109140310e-03,1.002991985e+03,2.991984626e+05,36
1.900000052e-01,5.000017277e-02,2.846809332e-04,3.359553665e-03,1.002990080e+03,2.990079514e+05,36
2.000000029e-01,5.000017345e-02,8.580057145e-05,3.420919192e-03,1.002989576e+03,2.989575815e+05,36
2.100000023e-01,5.000017360e-02,3.460607565e-05,3.435449939e-03,1.002989450e+03,2.989449809e+05,36
2.200000022e-01,5.000017364e-02,2.205874296e-05,3.438764226e-03,1.002989419e+03,2.989419450e+05,36
2.300000022e-01,5.000017364e-02,1.911397892e-05,3.439494148e-03,1.002989412e+03,2.989412392e+05,36
2.400000022e-01,5.000017365e-02,1.844623850e-05,3.439650372e-03,1.002989411e+03,2.989410816e+05,36
2.500000022e-01,5.000017365e-02,1.829969118e-05,3.439682924e-03,1.002989410e+03,2.989410476e+05,36
2.600000022e-01,5.000017365e-02,1.826858804e-05,3.439689523e-03,1.002989410e+03,2.989410405e+05,36
2.700000022e-01,5.000017365e-02,1.826218514e-05,3.439690827e-03,1.002989410e+03,2.989410390e+05,36
2.800000022e-01,5.000017365e-02,1.826090128e-05,3.439691079e-03,1.002989410e+03,2.989410387e+05,36
2.900000022e-01,5.000017365e-02,1.826064979e-05,3.439691127e-03,1.002989410e+03,2.989410387e+05,36
3.000000022e-01,5.000017365e-02,1.826060153e-05,3.439691135e-03,1.002989410e+03,2.989410387e+05,36
3.100000022e-01,5.000017365e-02,1.826059292e-05,3.439691137e-03,1.002989410e+03,2.989410387e+05,36
3.200000022e-01,5.000017365e-02,1.826059204e-05,3.439691137e-03,1.002989410e+03,2.989410387e+05,36
3.300000022e-01,5.000017365e-02,1.826059236e-05,3.439691137e-03,1.002989410e+03,2.989410387e+05,36
3.400000022e-01,5.000017365e-02,1.826059236e-05,3.439691137e-03,1.002989410e+03,2.989410387e+05,36
3.500000022e-01,5.000017365e-02,1.826059175e-05,3.439691137e-03,1.002989410e+03,2.989410387e+05,36
3.600000022e-01,5.000017365e-02,1.826059092e-05,3.439691137e-03,1.002989410e+03,2.989410387e+05,36
3.700000022e-01,5.000017365e-02,1.826059049e-05,3.439691137e-03,1.002989410e+03,2.989410387e+05,36
3.800000022e-01,5.000017365e-02,1.826059104e-05,3.439691137e-03,1.002989410e+03,2.989410387e+05,36
3.900000022e-01,5.000017365e-02,1.826059217e-05,3.439691137e-03,1.002989410e+03,2.989410387e+05,36
4.000000022e-01,5.000017365e-02,1.826059253e-05,3.439691137e-03,1.002989410e+03,2.989410387e+05,36
4.100000022e-01,5.000017365e-02,1.826059194e-05,3.439691137e-03,1.002989410e+03,2.989410387e+05,36
4.200000022e-01,5.000017365e-02,1.826059111e-05,3.439691137e-03,1.002989410e+03,2.989410387e+05,36
4.300000022e-01,5.000017365e-02,1.826059055e-05,3.439691137e-03,1.002989410e+03,2.989410387e+05,36
4.400000022e-01,5.000017365e-02,1.826059098e-05,3.439691137e-03,1.002989410e+03,2.989410387e+05,36
4.500000022e-01,5.000017365e-02,1.826059214e-05,3.439691137e-03,1.002989410e+03,2.989410387e+05,36
4.600000022e-01,5.000017365e-02,1.826059262e-05,3.439691137e-03,1.002989410e+03,2.989410387e+05,36
4.700000022e-01,5.000017365e-02,1.826059215e-05,3.439691137e-03,1.002989410e+03,2.989410387e+05,36
4.800000022e-01,5.000017365e-02,1.826059136e-05,3.439691137e-03,1.002989410e+03,2.989410387e+05,36
4.900000022e-01,5.000017365e-02,1.826059059e-05,3.439691136e-03,1.002989410e+03,2.989410387e+05,36
5.000000022e-01,5.000017365e-02,1.826059078e-05,3.439691136e-03,1.002989410e+03,2.989410387e+05,36
5.100000022e-01,5.000017365e-02,1.826059184e-05,3.439691137e-03,1.002989410e+03,2.989410387e+05,36
5.200000022e-01,5.000017365e-02,1.826059212e-05,3.439691137e-03,1.002989410e+03,2.989410387e+05,36
5.300000022e-01,5.000017365e-02,1.826059132e-05,3.439691137e-03,1.002989410e+03,2.989410387e+05,36
5.400000022e-01,5.000017365e-02,1.826059079e-05,3.439691137e-03,1.002989410e+03,2.989410387e+05,36
5.500000022e-01,5.000017365e-02,1.826059146e-05,3.439691137e-03,1.002989410e+03,2.989410387e+05,36
5.600000022e-01,5.000017365e-02,1.826059263e-05,3.439691137e-03,1.002989410e+03,2.989410387e+05,36
5.700000022e-01,5.000017365e-02,1.826059260e-05,3.439691137e-03,1.002989410e+03,2.989410387e+05,36
5.800000022e-01,5.000017365e-02,1.826059099e-05,3.439691137e-03,1.002989410e+03,2.989410387e+05,36
5.900000022e-01,5.000017365e-02,1.826058978e-05,3.439691137e-03,1.002989410e+03,2.989410387e+05,36
6.000000022e-01,5.000017365e-02,1.826059083e-05,3.439691137e-03,1.002989410e+03,2.989410387e+05,36
6.100000022e-01,5.000017365e-02,1.826059262e-05,3.439691137e-03,1.002989410e+03,2.989410387e+05,36
6.200000022e-01,5.000017365e-02,1.826059291e-05,3.439691137e-03,1.002989410e+03,2.989410387e+05,36
6.300000022e-01,5.000017365e-02,1.826059219e-05,3.439691137e-03,1.002989410e+03,2.989410387e+05,36
6.400000022e-01,5.000017365e-02,1.826059162e-05,3.439691137e-03,1.002989410e+03,2.989410387e+05,36
6.500000022e-01,5.000017365e-02,1.826059119e-05,3.439691137e-03,1.002989410e+03,2.989410387e+05,36
6.600000022e-01,5.000017365e-02,1.826059069e-05,3.439691137e-03,1.002989410e+03,2.989410387e+05,36
6.700000022e-01,5.000017365e-02,1.826059064e-05,3.439691137e-03,1.002989410e+03,2.989410387e+05,36
6.800000022e-01,5.000017365e-02,1.826059155e-05,3.439691137e-03,1.002989410e+03,2.989410387e+05,36
6.900000022e-01,5.000017365e-02,1.826059261e-05,3.439691137e-03,1.002989410e+03,2.989410387e+05,36
7.000000022e-01,5.000017365e-02,1.826059250e-05,3.439691137e-03,1.002989410e+03,2.989410387e+05,36
7.100000022e-01,5.000017365e-02,1.826059096e-05,3.439691137e-03,1.002989410e+03,2.989410387e+05,36
7.200000022e-01,5.000017365e-02,1.826058980e-05,3.439691137e-03,1.002989410e+03,2.989410387e+05,36
7.300000022e-01,5.000017365e-02,1.826059086e-05,3.439691137e-03,1.002989410e+03,2.989410387e+05,36
7.400000022e-01,5.000017365e-02,1.826059266e-05,3.439691137e-03,1.002989410e+03,2.989410387e+05,36
7.500000022e-01,5.000017365e-02,1.826059295e-05,3.439691137e-03,1.002989410e+03,2.989410387e+05,36
7.600000022e-01,5.000017365e-02,1.826059222e-05,3.439691137e-03,1.002989410e+03,2.989410387e+05,36
7.700000022e-01,5.000017365e-02,1.826059169e-05,3.439691137e-03,1.002989410e+03,2.989410387e+05,36
7.800000022e-01,5.000017365e-02,1.826059135e-05,3.439691137e-03,1.002989410e+03,2.989410387e+05,36
7.900000022e-01,5.000017365e-02,1.826059086e-05,3.439691137e-03,1.002989410e+03,2.989410387e+05,36
8.000000022e-01,5.000017365e-02,1.826059051e-05,3.439691137e-03,1.002989410e+03,2.989410387e+05,36
8.100000022e-01,5.000017365e-02,1.826059117e-05,3.439691137e-03,1.002989410e+03,2.989410387e+05,36
8.200000022e-01,5.000017365e-02,1.826059247e-05,3.439691137e-03,1.002989410e+03,2.989410387e+05,36
8.300000022e-01,5.000017365e-02,1.826059263e-05,3.439691137e-03,1.002989410e+03,2.989410387e+05,36
8.400000022e-01,5.000017365e-02,1.826059107e-05,3.439691137e-03,1.002989410e+03,2.989410387e+05,36
8.500000022e-01,5.000017365e-02,1.826058982e-05,3.439691137e-03,1.002989410e+03,2.989410387e+05,36
8.600000022e-01,5.000017365e-02,1.826059083e-05,3.439691137e-03,1.002989410e+03,2.989410387e+05,36
8.700000022e-01,5.000017365e-02,1.826059261e-05,3.439691137e-03,1.002989410e+03,2.989410387e+05,36
8.800000022e-01,5.000017365e-02,1.826059289e-05,3.439691137e-03,1.002989410e+03,2.989410387e+05,36
8.900000022e-01,5.000017365e-02,1.826059214e-05,3.439691137e-03,1.002989410e+03,2.989410387e+05,36
9.000000022e-01,5.000017365e-02,1.826059148e-05,3.439691137e-03,1.002989410e+03,2.989410387e+05,36
9.100000022e-01,5.000017365e-02,1.826059089e-05,3.439691137e-03,1.002989410e+03,2.989410387e+05,36
9.200000022e-01,5.000017365e-02,1.826059054e-05,3.439691137e-03,1.002989410e+03,2.989410387e+05,36
9.300000022e-01,5.000017365e-02,1.826059124e-05,3.439691137e-03,1.002989410e+03,2.989410387e+05,36
9.400000022e-01,5.000017365e-02,1.826059261e-05,3.439691137e-03,1.002989410e+03,2.989410387e+05,36
9.500000022e-01,5.000017365e-02,1.826059279e-05,3.439691137e-03,1.002989410e+03,2.989410387e+05,36
9.600000022e-01,5.000017365e-02,1.826059143e-05,3.439691137e-03,1.002989410e+03,2.989410387e+05,36
9.700000022e-01,5.000017365e-02,1.826059102e-05,3.439691137e-03,1.002989410e+03,2.989410387e+05,36
9.800000022e-01,5.000017365e-02,1.826059295e-05,3.439691137e-03,1.002989410e+03,2.989410387e+05,36
9.900000022e-01,5.000017365e-02,1.826059383e-05,3.439691137e-03,1.002989410e+03,2.989410387e+05,36
1.000000002e+00,5.000017365e-02,1.826059182e-05,3.439691138e-03,1.002989410e+03,2.989410387e+05,36
1.010000002e+00,5.000017365e-02,1.826059024e-05,3.439691137e-03,1.002989410e+03,2.989410387e+05,36
1.020000002e+00,5.000017365e-02,1.826059053e-05,3.439691137e-03,1.002989410e+03,2.989410387e+05,36
1.030000002e+00,5.000017365e-02,1.826059115e-05,3.439691137e-03,1.002989410e+03,2.989410387e+05,36
1.040000002e+00,5.000017365e-02,1.826059143e-05,3.439691137e-03,1.002989410e+03,2.989410387e+05,36
1.050000002e+00,5.000017365e-02,1.826059150e-05,3.439691137e-03,1.002989410e+03,2.989410387e+05,36
1.060000002e+00,5.000017365e-02,1.826059144e-05,3.439691137e-03,1.002989410e+03,2.989410387e+05,36
1.070000002e+00,5.000017365e-02,1.826059132e-05,3.439691137e-03,1.002989410e+03,2.989410387e+05,36
1.080000002e+00,5.000017365e-02,1.826059111e-05,3.439691137e-03,1.002989410e+03,2.989410387e+05,36
1.090000002e+00,5.000017365e-02,1.826059043e-05,3.439691137e-03,1.002989410e+03,2.989410387e+05,36
1.100000002e+00,5.000017365e-02,1.826058937e-05,3.439691137e-03,1.002989410e+03,2.989410387e+05,36
1.110000002e+00,5.000017365e-02,1.826058932e-05,3.439691136e-03,1.002989410e+03,2.989410387e+05,36
1.120000002e+00,5.000017365e-02,1.826059111e-05,3.439691136e-03,1.002989410e+03,2.989410387e+05,36
1.130000002e+00,5.000017365e-02,1.826059360e-05,3.439691137e-03,1.002989410e+03,2.989410387e+05,36
1.140000002e+00,5.000017365e-02,1.826059451e-05,3.439691138e-03,1.002989410e+03,2.989410387e+05,36
1.150000002e+00,5.000017365e-02,1.826059277e-05,3.439691139e-03,1.002989410e+03,2.989410387e+05,36
1.160000002e+00,5.000017365e-02,1.826059018e-05,3.439691139e-03,1.002989410e+03,2.989410387e+05,36
1.170000002e+00,5.000017365e-02,1.826058963e-05,3.439691138e-03,1.002989410e+03,2.989410387e+05,36
1.180000002e+00,5.000017365e-02,1.826059166e-05,3.439691137e-03,1.002989410e+03,2.989410387e+05,36
1.190000002e+00,5.000017365e-02,1.826059333e-05,3.439691137e-03,1.002989410e+03,2.989410387e+05,36
1.200000002e+00,5.000017365e-02,1.826059296e-05,3.439691137e-03,1.002989410e+03,2.989410387e+05,36
1.210000002e+00,5.000017365e-02,1.826059206e-05,3.439691137e-03,1.002989410e+03,2.989410387e+05,36
1.220000002e+00,5.000017365e-02,1.826059165e-05,3.439691137e-03,1.002989410e+03,2.989410387e+05,36
1.230000002e+00,5.000017365e-02,1.826059156e-05,3.439691137e-03,1.002989410e+03,2.989410387e+05,36
1.240000002e+00,5.000017365e-02,1.826059154e-05,3.439691137e-03,1.002989410e+03,2.989410387e+05,36
1.250000002e+00,5.000017365e-02,1.826059154e-05,3.439691137e-03,1.002989410e+03,2.989410387e+05,36
1.260000002e+00,5.000017365e-02,1.826059156e-05,3.439691137e-03,1.002989410e+03,2.989410387e+05,36
1.270000002e+00,5.000017365e-02,1.826059157e-05,3.439691137e-03,1.002989410e+03,2.989410387e+05,36
1.280000002e+00,5.000017365e-02,1.826059157e-05,3.439691137e-03,1.002989410e+03,2.989410387e+05,36
1.290000002e+00,5.000017365e-02,1.826059156e-05,3.439691137e-03,1.002989410e+03,2.989410387e+05,36
1.300000002e+00,5.000017365e-02,1.826059151e-05,3.439691137e-03,1.002989410e+03,2.989410387e+05,36
1.310000002e+00,5.000017365e-02,1.826059142e-05,3.439691137e-03,1.002989410e+03,2.989410387e+05,36
1.320000002e+00,5.000017365e-02,1.826059131e-05,3.439691137e-03,1.002989410e+03,2.989410387e+05,36
1.330000002e+00,5.000017365e-02,1.826059110e-05,3.439691137e-03,1.002989410e+03,2.989410387e+05,36
1.340000002e+00,5.000017365e-02,1.826059055e-05,3.439691137e-03,1.002989410e+03,2.989410387e+05,36
1.350000002e+00,5.000017365e-02,1.826058969e-05,3.439691137e-03,1.002989410e+03,2.989410387e+05,36
1.360000002e+00,5.000017365e-02,1.826058940e-05,3.439691136e-03,1.002989410e+03,2.989410387e+05,36
1.370000002e+00,5.000017365e-02,1.826059072e-05,3.439691136e-03,1.002989410e+03,2.989410387e+05,36
1.380000002e+00,5.000017365e-02,1.826059335e-05,3.439691137e-03,1.002989410e+03,2.989410387e+05,36
1.390000002e+00,5.000017365e-02,1.826059465e-05,3.439691138e-03,1.002989410e+03,2.989410387e+05,36
1.400000002e+00,5.000017365e-02,1.826059290e-05,3.439691139e-03,1.002989410e+03,2.989410387e+05,36
1.410000002e+00,5.000017365e-02,1.826059016e-05,3.439691139e-03,1.002989410e+03,2.989410387e+05,36
1.420000002e+00,5.000017365e-02,1.826058962e-05,3.439691138e-03,1.002989410e+03,2.989410387e+05,36
1.430000002e+00,5.000017365e-02,1.826059170e-05,3.439691137e-03,1.002989410e+03,2.989410387e+05,36
1.440000002e+00,5.000017365e-02,1.826059335e-05,3.439691137e-03,1.002989410e+03,2.989410387e+05,36
1.450000002e+00,5.000017365e-02,1.826059296e-05,3.439691137e-03,1.002989410e+03,2.989410387e+05,36
1.460000002e+00,5.000017365e-02,1.826059207e-05,3.439691137e-03,1.002989410e+03,2.989410387e+05,36
1.470000002e+00,5.000017365e-02,1.826059169e-05,3.439691137e-03,1.002989410e+03,2.989410387e+05,36
1.480000002e+00,5.000017365e-02,1.826059160e-05,3.439691137e-03,1.002989410e+03,2.989410387e+05,36
1.490000002e+00,5.000017365e-02,1.826059156e-05,3.439691137e-03,1.002989410e+03,2.989410387e+05,36
1.500000002e+00,5.000017365e-02,1.826059153e-05,3.439691137e-03,1.002989410e+03,2.989410387e+05,36
1.510000002e+00,5.000017365e-02,1.826059153e-05,3.439691137e-03,1.002989410e+03,2.989410387e+05,36
1.520000002e+00,5.000017365e-02,1.826059154e-05,3.439691137e-03,1.002989410e+03,2.989410387e+05,36
1.530000002e+00,5.000017365e-02,1.826059155e-05,3.439691137e-03,1.002989410e+03,2.989410387e+05,36
1.540000002e+00,5.000017365e-02,1.826059155e-05,3.439691137e-03,1.002989410e+03,2.989410387e+05,36
1.550000002e+00,5.000017365e-02,1.826059154e-05,3.439691137e-03,1.002989410e+03,2.989410387e+05,36
1.560000002e+00,5.000017365e-02,1.826059153e-05,3.439691137e-03,1.002989410e+03,2.989410387e+05,36
1.570000002e+00,5.000017365e-02,1.826059151e-05,3.439691137e-03,1.002989410e+03,2.989410387e+05,36
1.580000002e+00,5.000017365e-02,1.826059142e-05,3.439691137e-03,1.002989410e+03,2.989410387e+05,36
1.590000002e+00,5.000017365e-02,1.826059113e-05,3.439691137e-03,1.002989410e+03,2.989410387e+05,36
1.600000002e+00,5.000017365e-02,1.826059063e-05,3.439691137e-03,1.002989410e+03,2.989410387e+05,36
1.610000002e+00,5.000017365e-02,1.826058988e-05,3.439691137e-03,1.002989410e+03,2.989410387e+05,36
1.620000002e+00,5.000017365e-02,1.826058916e-05,3.439691137e-03,1.002989410e+03,2.989410387e+05,36
1.630000002e+00,5.000017365e-02,1.826059009e-05,3.439691136e-03,1.002989410e+03,2.989410387e+05,36
1.640000002e+00,5.000017365e-02,1.826059318e-05,3.439691137e-03,1.002989410e+03,2.989410387e+05,36
1.650000002e+00,5.000017365e-02,1.826059494e-05,3.439691138e-03,1.002989410e+03,2.989410387e+05,36
1.660000002e+00,5.000017365e-02,1.826059307e-05,3.439691139e-03,1.002989410e+03,2.989410387e+05,36
1.670000002e+00,5.000017365e-02,1.826059012e-05,3.439691139e-03,1.002989410e+03,2.989410387e+05,36
1.680000002e+00,5.000017365e-02,1.826058932e-05,3.439691138e-03,1.002989410e+03,2.989410387e+05,36
1.690000002e+00,5.000017365e-02,1.826058981e-05,3.439691137e-03,1.002989410e+03,2.989410387e+05,36
1.700000002e+00,5.000017365e-02,1.826058242e-05,3.439691135e-03,1.002989410e+03,2.989410387e+05,36
1.710000002e+00,5.000017365e-02,1.826053406e-05,3.439691126e-03,1.002989410e+03,2.989410387e+05,36
1.720000002e+00,5.000017365e-02,1.826028257e-05,3.439691079e-03,1.002989410e+03,2.989410387e+05,36
1.730000002e+00,5.000017365e-02,1.825899885e-05,3.439690827e-03,1.002989410e+03,2.989410390e+05,36
1.740000002e+00,5.000017365e-02,1.825259521e-05,3.439689523e-03,1.002989410e+03,2.989410405e+05,36
1.750000002e+00,5.000017365e-02,1.822149105e-05,3.439682924e-03,1.002989410e+03,2.989410476e+05,36
1.760000002e+00,5.000017365e-02,1.807494357e-05,3.439650372e-03,1.002989411e+03,2.989410816e+05,36
1.770000002e+00,5.000017364e-02,1.740720443e-05,3.439494149e-03,1.002989412e+03,2.989412392e+05,36
1.780000002e+00,5.000017364e-02,1.446244204e-05,3.438764227e-03,1.002989419e+03,2.989419450e+05,36
1.790000002e+00,5.000017360e-02,1.915108163e-06,3.435449939e-03,1.002989450e+03,2.989449809e+05,36
1.800000001e+00,5.000017345e-02,-4.927939032e-05,3.420919191e-03,1.002989576e+03,2.989575815e+05,36
1.809999999e+00,5.000017277e-02,-2.481597511e-04,3.359553664e-03,1.002990080e+03,2.990079514e+05,36
1.819999990e+00,5.000016981e-02,-9.864550026e-04,3.109140309e-03,1.002991985e+03,2.991984626e+05,36
1.829999956e+00,5.000015748e-02,-3.590200522e-03,2.129566768e-03,1.002998744e+03,2.998744462e+05,36
1.839999835e+00,5.000010902e-02,-1.209703195e-02,-1.471372916e-03,1.003021555e+03,3.021554989e+05,36
1.849999445e+00,4.999992914e-02,-3.742081950e-02,-1.385176686e-02,1.003094239e+03,3.094238624e+05,36
1.859998256e+00,4.999928709e-02,-1.064674408e-01,-5.396305943e-02,1.003301672e+03,3.301671903e+05,36
1.869994898e+00,4.999713920e-02,-2.763938233e-01,-1.734622125e-01,1.003810614e+03,3.810614287e+05,36
1.879986869e+00,4.999091512e-02,-6.264148647e-01,-4.788231425e-01,1.004907597e+03,4.907597477e+05,36
1.889972516e+00,4.997644129e-02,-1.153030516e+00,-1.089850489e+00,1.007052015e+03,7.052015159e+05,36
1.899954817e+00,4.995018830e-02,-1.618811359e+00,-1.939328234e+00,1.010698478e+03,1.069847831e+06,36
1.909937995e+00,4.991384388e-02,-1.799676459e+00,-2.479067994e+00,1.015475206e+03,1.547520648e+06,36
1.919918870e+00,4.988299983e-02,-2.407214074e+00,-1.819814834e+00,1.020715302e+03,2.071530198e+06,36
1.929866386e+00,4.989229178e-02,-5.646784336e+00,3.631948701e-01,1.029867730e+03,2.986772994e+06,34
1.939649596e+00,4.997289491e-02,-1.381217726e+01,3.140359506e+00,1.047633539e+03,4.763353897e+06,37
1.949194928e+00,5.007063485e-02,-2.430984270e+01,3.959284166e+00,1.079825206e+03,7.982520646e+06,35
1.958883199e+00,4.982022416e-02,-2.509694997e+01,-2.976121859e+00,1.116597933e+03,1.165979332e+07,37
1.971036926e+00,4.879888462e-02,6.425432079e+00,-1.285204771e+01,1.018093423e+03,1.809342262e+06,34
1.990988872e+00,4.523099641e-02,-1.044111336e+01,-4.650095382e+01,8.745039920e+02,-1.254960080e+07,25
1.403920547e-02,4.026392525e-02,3.663719397e+01,-4.050329754e+01,1.005102671e+03,5.102671293e+05,29
1.966655275e+00,3.913350018e-02,-6.075975929e+01,-2.399521425e+01,1.092669320e+03,9.266932003e+06,34
3.231527467e-02,5.765816462e-02,5.944798570e+01,-2.824407149e+01,1.122634426e+03,1.226344256e+07,33
1.984606926e+00,5.877729482e-02,-8.806720201e+01,-1.257869085e+01,8.997717591e+02,-1.002282409e+07,32
1.099334308e-02,5.912171595e-02,2.370026935e+01,-1.282992148e+01,8.072140135e+02,-1.927859865e+07,33
2.966875103e-02,5.872581601e-02,-2.791478216e+00,-2.646646629e+01,1.100584208e+03,1.005842085e+07,34
4.148357081e-02,5.927928034e-02,3.545714259e+01,-1.605089635e+01,1.152771587e+03,1.527715874e+07,34
5.087208279e-02,5.971545913e-02,2.818037139e+01,-2.873173514e+00,1.069754331e+03,6.975433141e+06,36
6.047732192e-02,5.976032652e-02,1.490946694e+01,7.071486173e-01,1.026646223e+03,2.664622305e+06,36
7.033824643e-02,5.967606901e-02,6.087818268e+00,-1.639374457e+00,1.015386262e+03,1.538626233e+06,34
8.024891084e-02,5.967297026e-02,3.110311864e+00,-4.761002675e+00,1.021304228e+03,2.130422766e+06,34
9.017811365e-02,5.978766522e-02,3.325473293e+00,-5.273663095e+00,1.024331386e+03,2.433138598e+06,36
1.001114891e-01,5.989778377e-02,3.329779041e+00,-3.670989380e+00,1.018813416e+03,1.881341642e+06,36
1.100579553e-01,5.995972103e-02,2.326021235e+00,-1.858883482e+00,1.011469132e+03,1.146913193e+06,36
1.200257330e-01,5.998589738e-02,1.224070548e+00,-7.623320121e-01,1.006696956e+03,6.696956045e+05,36
1.300096122e-01,5.999570800e-02,5.205333386e-01,-2.643073095e-01,1.004428138e+03,4.428137910e+05,36
1.400031107e-01,5.999894652e-02,1.894508477e-01,-7.811081928e-02,1.003498814e+03,3.498813818e+05,36
1.500009318e-01,5.999986939e-02,6.256901649e-02,-1.905701405e-02,1.003149518e+03,3.149518491e+05,36
1.600002672e-01,6.000011032e-02,1.930890788e-02,-2.145843709e-03,1.003030854e+03,3.030854405e+05,36
1.700000734e-01,6.000017127e-02,5.577829278e-03,2.463417384e-03,1.002994735e+03,2.994734750e+05,36
1.800000202e-01,6.000018617e-02,1.522146794e-03,3.665792178e-03,1.002984458e+03,2.984457775e+05,36
1.900000066e-01,6.000018964e-02,4.063182972e-04,3.963159848e-03,1.002981653e+03,2.981653153e+05,36
2.000000032e-01,6.000019042e-02,1.144928958e-04,4.033669422e-03,1.002980927e+03,2.980926979e+05,36
2.100000024e-01,6.000019059e-02,4.115041131e-05,4.049890747e-03,1.002980749e+03,2.980748675e+05,36
2.200000022e-01,6.000019063e-02,2.349951330e-05,4.053505217e-03,1.002980706e+03,2.980706493e+05,36
2.300000022e-01,6.000019064e-02,1.942211075e-05,4.054284927e-03,1.002980697e+03,2.980696830e+05,36
2.400000022e-01,6.000019064e-02,1.851063430e-05,4.054448615e-03,1.002980695e+03,2.980694697e+05,36
2.500000022e-01,6.000019064e-02,1.831296449e-05,4.054482140e-03,1.002980694e+03,2.980694242e+05,36
2.600000022e-01,6.000019064e-02,1.827142322e-05,4.054488833e-03,1.002980694e+03,2.980694148e+05,36
2.700000022e-01,6.000019064e-02,1.826294524e-05,4.054490137e-03,1.002980694e+03,2.980694129e+05,36
2.800000022e-01,6.000019064e-02,1.826125834e-05,4.054490386e-03,1.002980694e+03,2.980694125e+05,36
2.900000022e-01,6.000019064e-02,1.826093018e-05,4.054490432e-03,1.002980694e+03,2.980694124e+05,36
3.000000022e-01,6.000019064e-02,1.826086772e-05,4.054490441e-03,1.002980694e+03,2.980694124e+05,36
3.100000022e-01,6.000019064e-02,1.826085653e-05,4.054490442e-03,1.002980694e+03,2.980694124e+05,36
3.200000022e-01,6.000019064e-02,1.826085514e-05,4.054490442e-03,1.002980694e+03,2.980694124e+05,36
3.300000022e-01,6.000019064e-02,1.826085543e-05,4.054490442e-03,1.002980694e+03,2.980694124e+05,36
3.400000022e-01,6.000019064e-02,1.826085552e-05,4.054490442e-03,1.002980694e+03,2.980694124e+05,36
3.500000022e-01,6.000019064e-02,1.826085486e-05,4.054490442e-03,1.002980694e+03,2.980694124e+05,36
3.600000022e-01,6.000019064e-02,1.826085395e-05,4.054490443e-03,1.002980694e+03,2.980694124e+05,36
3.700000022e-01,6.000019064e-02,1.826085350e-05,4.054490442e-03,1.002980694e+03,2.980694124e+05,36
3.800000022e-01,6.000019064e-02,1.826085411e-05,4.054490442e-03,1.002980694e+03,2.980694124e+05,36
3.900000022e-01,6.000019064e-02,1.826085531e-05,4.054490442e-03,1.002980694e+03,2.980694124e+05,36
4.000000022e-01,6.000019064e-02,1.826085570e-05,4.054490443e-03,1.002980694e+03,2.980694124e+05,36
4.100000022e-01,6.000019064e-02,1.826085506e-05,4.054490443e-03,1.002980694e+03,2.980694124e+05,36
4.200000022e-01,6.000019064e-02,1.826085414e-05,4.054490443e-03,1.002980694e+03,2.980694124e+05,36
4.300000022e-01,6.000019064e-02,1.826085359e-05,4.054490443e-03,1.002980694e+03,2.980694124e+05,36
4.400000022e-01,6.000019064e-02,1.826085406e-05,4.054490442e-03,1.002980694e+03,2.980694124e+05,36
4.500000022e-01,6.000019064e-02,1.826085523e-05,4.054490442e-03,1.002980694e+03,2.980694124e+05,36
4.600000022e-01,6.000019064e-02,1.826085565e-05,4.054490442e-03,1.002980694e+03,2.980694124e+05,36
4.700000022e-01,6.000019064e-02,1.826085503e-05,4.054490442e-03,1.002980694e+03,2.980694124e+05,36
4.800000022e-01,6.000019064e-02,1.826085411e-05,4.054490442e-03,1.002980694e+03,2.980694124e+05,36
4.900000022e-01,6.000019064e-02,1.826085348e-05,4.054490442e-03,1.002980694e+03,2.980694124e+05,36
5.000000022e-01,6.000019064e-02,1.826085402e-05,4.054490442e-03,1.002980694e+03,2.980694124e+05,36
5.100000022e-01,6.000019064e-02,1.826085523e-05,4.054490442e-03,1.002980694e+03,2.980694124e+05,36
5.200000022e-01,6.000019064e-02,1.826085537e-05,4.054490442e-03,1.002980694e+03,2.980694124e+05,36
5.300000022e-01,6.000019064e-02,1.826085447e-05,4.054490442e-03,1.002980694e+03,2.980694124e+05,36
5.400000022e-01,6.000019064e-02,1.826085398e-05,4.054490442e-03,1.002980694e+03,2.980694124e+05,36
5.500000022e-01,6.000019064e-02,1.826085468e-05,4.054490443e-03,1.002980694e+03,2.980694124e+05,36
5.600000022e-01,6.000019064e-02,1.826085582e-05,4.054490443e-03,1.002980694e+03,2.980694124e+05,36
5.700000022e-01,6.000019064e-02,1.826085576e-05,4.054490443e-03,1.002980694e+03,2.980694124e+05,36
5.800000022e-01,6.000019064e-02,1.826085400e-05,4.054490443e-03,1.002980694e+03,2.980694124e+05,36
5.900000022e-01,6.000019064e-02,1.826085265e-05,4.054490443e-03,1.002980694e+03,2.980694124e+05,36
6.000000022e-01,6.000019064e-02,1.826085380e-05,4.054490443e-03,1.002980694e+03,2.980694124e+05,36
6.100000022e-01,6.000019064e-02,1.826085575e-05,4.054490443e-03,1.002980694e+03,2.980694124e+05,36
6.200000022e-01,6.000019064e-02,1.826085605e-05,4.054490443e-03,1.002980694e+03,2.980694124e+05,36
6.300000022e-01,6.000019064e-02,1.826085532e-05,4.054490442e-03,1.002980694e+03,2.980694124e+05,36
6.400000022e-01,6.000019064e-02,1.826085478e-05,4.054490442e-03,1.002980694e+03,2.980694124e+05,36
6.500000022e-01,6.000019064e-02,1.826085431e-05,4.054490443e-03,1.002980694e+03,2.980694124e+05,36
6.600000022e-01,6.000019064e-02,1.826085374e-05,4.054490443e-03,1.002980694e+03,2.980694124e+05,36
6.700000022e-01,6.000019064e-02,1.826085371e-05,4.054490443e-03,1.002980694e+03,2.980694124e+05,36
6.800000022e-01,6.000019064e-02,1.826085466e-05,4.054490443e-03,1.002980694e+03,2.980694124e+05,36
6.900000022e-01,6.000019064e-02,1.826085575e-05,4.054490443e-03,1.002980694e+03,2.980694124e+05,36
7.000000022e-01,6.000019064e-02,1.826085562e-05,4.054490443e-03,1.002980694e+03,2.980694124e+05,36
7.100000022e-01,6.000019064e-02,1.826085395e-05,4.054490443e-03,1.002980694e+03,2.980694124e+05,36
7.200000022e-01,6.000019064e-02,1.826085268e-05,4.054490443e-03,1.002980694e+03,2.980694124e+05,36
7.300000022e-01,6.000019064e-02,1.826085385e-05,4.054490443e-03,1.002980694e+03,2.980694124e+05,36
7.400000022e-01,6.000019064e-02,1.826085580e-05,4.054490443e-03,1.002980694e+03,2.980694124e+05,36
7.500000022e-01,6.000019064e-02,1.826085609e-05,4.054490442e-03,1.002980694e+03,2.980694124e+05,36
7.600000022e-01,6.000019064e-02,1.826085535e-05,4.054490442e-03,1.002980694e+03,2.980694124e+05,36
7.700000022e-01,6.000019064e-02,1.826085485e-05,4.054490442e-03,1.002980694e+03,2.980694124e+05,36
7.800000022e-01,6.000019064e-02,1.826085453e-05,4.054490442e-03,1.002980694e+03,2.980694124e+05,36
7.900000022e-01,6.000019064e-02,1.826085400e-05,4.054490443e-03,1.002980694e+03,2.980694124e+05,36
8.000000022e-01,6.000019064e-02,1.826085353e-05,4.054490443e-03,1.002980694e+03,2.980694124e+05,36
8.100000022e-01,6.000019064e-02,1.826085412e-05,4.054490443e-03,1.002980694e+03,2.980694124e+05,36
8.200000022e-01,6.000019064e-02,1.826085556e-05,4.054490443e-03,1.002980694e+03,2.980694124e+05,36
8.300000022e-01,6.000019064e-02,1.826085586e-05,4.054490443e-03,1.002980694e+03,2.980694124e+05,36
8.400000022e-01,6.000019064e-02,1.826085414e-05,4.054490443e-03,1.002980694e+03,2.980694124e+05,36
8.500000022e-01,6.000019064e-02,1.826085272e-05,4.054490443e-03,1.002980694e+03,2.980694124e+05,36
8.600000022e-01,6.000019064e-02,1.826085381e-05,4.054490443e-03,1.002980694e+03,2.980694124e+05,36
8.700000022e-01,6.000019064e-02,1.826085573e-05,4.054490443e-03,1.002980694e+03,2.980694124e+05,36
8.800000022e-01,6.000019064e-02,1.826085605e-05,4.054490442e-03,1.002980694e+03,2.980694124e+05,36
8.900000022e-01,6.000019064e-02,1.826085532e-05,4.054490442e-03,1.002980694e+03,2.980694124e+05,36
9.000000022e-01,6.000019064e-02,1.826085466e-05,4.054490443e-03,1.002980694e+03,2.980694124e+05,36
9.100000022e-01,6.000019064e-02,1.826085402e-05,4.054490443e-03,1.002980694e+03,2.980694124e+05,36
9.200000022e-01,6.000019064e-02,1.826085354e-05,4.054490443e-03,1.002980694e+03,2.980694124e+05,36
9.300000022e-01,6.000019064e-02,1.826085416e-05,4.054490443e-03,1.002980694e+03,2.980694124e+05,36
9.400000022e-01,6.000019064e-02,1.826085567e-05,4.054490443e-03,1.002980694e+03,2.980694124e+05,36
9.500000022e-01,6.000019064e-02,1.826085603e-05,4.054490443e-03,1.002980694e+03,2.980694124e+05,36
9.600000022e-01,6.000019064e-02,1.826085460e-05,4.054490443e-03,1.002980694e+03,2.980694124e+05,36
9.700000022e-01,6.000019064e-02,1.826085408e-05,4.054490443e-03,1.002980694e+03,2.980694124e+05,36
9.800000022e-01,6.000019064e-02,1.826085609e-05,4.054490443e-03,1.002980694e+03,2.980694124e+05,36
9.900000022e-01,6.000019064e-02,1.826085698e-05,4.054490443e-03,1.002980694e+03,2.980694124e+05,36
1.000000002e+00,6.000019064e-02,1.826085488e-05,4.054490443e-03,1.002980694e+03,2.980694124e+05,36
1.010000002e+00,6.000019064e-02,1.826085329e-05,4.054490443e-03,1.002980694e+03,2.980694124e+05,36
1.020000002e+00,6.000019064e-02,1.826085356e-05,4.054490443e-03,1.002980694e+03,2.980694124e+05,36
1.030000002e+00,6.000019064e-02,1.826085412e-05,4.054490443e-03,1.002980694e+03,2.980694124e+05,36
1.040000002e+00,6.000019064e-02,1.826085444e-05,4.054490442e-03,1.002980694e+03,2.980694124e+05,36
1.050000002e+00,6.000019064e-02,1.826085454e-05,4.054490442e-03,1.002980694e+03,2.980694124e+05,36
1.060000002e+00,6.000019064e-02,1.826085443e-05,4.054490442e-03,1.002980694e+03,2.980694124e+05,36
1.070000002e+00,6.000019064e-02,1.826085422e-05,4.054490442e-03,1.002980694e+03,2.980694124e+05,36
1.080000002e+00,6.000019064e-02,1.826085399e-05,4.054490442e-03,1.002980694e+03,2.980694124e+05,36
1.090000002e+00,6.000019064e-02,1.826085343e-05,4.054490442e-03,1.002980694e+03,2.980694124e+05,36
1.100000002e+00,6.000019064e-02,1.826085249e-05,4.054490442e-03,1.002980694e+03,2.980694124e+05,36
1.110000002e+00,6.000019064e-02,1.826085239e-05,4.054490442e-03,1.002980694e+03,2.980694124e+05,36
1.120000002e+00,6.000019064e-02,1.826085413e-05,4.054490442e-03,1.002980694e+03,2.980694124e+05,36
1.130000002e+00,6.000019064e-02,1.826085707e-05,4.054490442e-03,1.002980694e+03,2.980694124e+05,36
1.140000002e+00,6.000019064e-02,1.826085859e-05,4.054490443e-03,1.002980694e+03,2.980694124e+05,36
1.150000002e+00,6.000019064e-02,1.826085656e-05,4.054490443e-03,1.002980694e+03,2.980694124e+05,36
1.160000002e+00,6.000019064e-02,1.826085295e-05,4.054490444e-03,1.002980694e+03,2.980694124e+05,36
1.170000002e+00,6.000019064e-02,1.826085186e-05,4.054490443e-03,1.002980694e+03,2.980694124e+05,36
1.180000002e+00,6.000019064e-02,1.826085421e-05,4.054490443e-03,1.002980694e+03,2.980694124e+05,36
1.190000002e+00,6.000019064e-02,1.826085638e-05,4.054490442e-03,1.002980694e+03,2.980694124e+05,36
1.200000002e+00,6.000019064e-02,1.826085618e-05,4.054490442e-03,1.002980694e+03,2.980694124e+05,36
1.210000002e+00,6.000019064e-02,1.826085522e-05,4.054490442e-03,1.002980694e+03,2.980694124e+05,36
1.220000002e+00,6.000019064e-02,1.826085475e-05,4.054490442e-03,1.002980694e+03,2.980694124e+05,36
1.230000002e+00,6.000019064e-02,1.826085465e-05,4.054490442e-03,1.002980694e+03,2.980694124e+05,36
1.240000002e+00,6.000019064e-02,1.826085464e-05,4.054490442e-03,1.002980694e+03,2.980694124e+05,36
1.250000002e+00,6.000019064e-02,1.826085465e-05,4.054490442e-03,1.002980694e+03,2.980694124e+05,36
1.260000002e+00,6.000019064e-02,1.826085467e-05,4.054490442e-03,1.002980694e+03,2.980694124e+05,36
1.270000002e+00,6.000019064e-02,1.826085468e-05,4.054490442e-03,1.002980694e+03,2.980694124e+05,36
1.280000002e+00,6.000019064e-02,1.826085467e-05,4.054490442e-03,1.002980694e+03,2.980694124e+05,36
1.290000002e+00,6.000019064e-02,1.826085465e-05,4.054490442e-03,1.002980694e+03,2.980694124e+05,36
1.300000002e+00,6.000019064e-02,1.826085459e-05,4.054490442e-03,1.002980694e+03,2.980694124e+05,36
1.310000002e+00,6.000019064e-02,1.826085444e-05,4.054490442e-03,1.002980694e+03,2.980694124e+05,36
1.320000002e+00,6.000019064e-02,1.826085422e-05,4.054490442e-03,1.002980694e+03,2.980694124e+05,36
1.330000002e+00,6.000019064e-02,1.826085400e-05,4.054490442e-03,1.002980694e+03,2.980694124e+05,36
1.340000002e+00,6.000019064e-02,1.826085350e-05,4.054490442e-03,1.002980694e+03,2.980694124e+05,36
1.350000002e+00,6.000019064e-02,1.826085266e-05,4.054490442e-03,1.002980694e+03,2.980694124e+05,36
1.360000002e+00,6.000019064e-02,1.826085244e-05,4.054490442e-03,1.002980694e+03,2.980694124e+05,36
1.370000002e+00,6.000019064e-02,1.826085394e-05,4.054490442e-03,1.002980694e+03,2.980694124e+05,36
1.380000002e+00,6.000019064e-02,1.826085694e-05,4.054490442e-03,1.002980694e+03,2.980694124e+05,36
1.390000002e+00,6.000019064e-02,1.826085864e-05,4.054490443e-03,1.002980694e+03,2.980694124e+05,36
1.400000002e+00,6.000019064e-02,1.826085659e-05,4.054490443e-03,1.002980694e+03,2.980694124e+05,36
1.410000002e+00,6.000019064e-02,1.826085292e-05,4.054490444e-03,1.002980694e+03,2.980694124e+05,36
1.420000002e+00,6.000019064e-02,1.826085189e-05,4.054490443e-03,1.002980694e+03,2.980694124e+05,36
1.430000002e+00,6.000019064e-02,1.826085428e-05,4.054490443e-03,1.002980694e+03,2.980694124e+05,36
1.440000002e+00,6.000019064e-02,1.826085642e-05,4.054490442e-03,1.002980694e+03,2.980694124e+05,36
1.450000002e+00,6.000019064e-02,1.826085619e-05,4.054490442e-03,1.002980694e+03,2.980694124e+05,36
1.460000002e+00,6.000019064e-02,1.826085525e-05,4.054490442e-03,1.002980694e+03,2.980694124e+05,36
1.470000002e+00,6.000019064e-02,1.826085481e-05,4.054490443e-03,1.002980694e+03,2.980694124e+05,36
1.480000002e+00,6.000019064e-02,1.826085471e-05,4.054490443e-03,1.002980694e+03,2.980694124e+05,36
1.490000002e+00,6.000019064e-02,1.826085466e-05,4.054490443e-03,1.002980694e+03,2.980694124e+05,36
1.500000002e+00,6.000019064e-02,1.826085462e-05,4.054490443e-03,1.002980694e+03,2.980694124e+05,36
1.510000002e+00,6.000019064e-02,1.826085461e-05,4.054490443e-03,1.002980694e+03,2.980694124e+05,36
1.520000002e+00,6.000019064e-02,1.826085462e-05,4.054490443e-03,1.002980694e+03,2.980694124e+05,36
1.530000002e+00,6.000019064e-02,1.826085463e-05,4.054490443e-03,1.002980694e+03,2.980694124e+05,36
1.540000002e+00,6.000019064e-02,1.826085464e-05,4.054490443e-03,1.002980694e+03,2.980694124e+05,36
1.550000002e+00,6.000019064e-02,1.826085463e-05,4.054490443e-03,1.002980694e+03,2.980694124e+05,36
1.560000002e+00,6.000019064e-02,1.826085463e-05,4.054490443e-03,1.002980694e+03,2.980694124e+05,36
1.570000002e+00,6.000019064e-02,1.826085458e-05,4.054490443e-03,1.002980694e+03,2.980694124e+05,36
1.580000002e+00,6.000019064e-02,1.826085438e-05,4.054490443e-03,1.002980694e+03,2.980694124e+05,36
1.590000002e+00,6.000019064e-02,1.826085395e-05,4.054490442e-03,1.002980694e+03,2.980694124e+05,36
1.600000002e+00,6.000019064e-02,1.826085346e-05,4.054490442e-03,1.002980694e+03,2.980694124e+05,36
1.610000002e+00,6.000019064e-02,1.826085285e-05,4.054490442e-03,1.002980694e+03,2.980694124e+05,36
1.620000002e+00,6.000019064e-02,1.826085212e-05,4.054490442e-03,1.002980694e+03,2.980694124e+05,36
1.630000002e+00,6.000019064e-02,1.826085311e-05,4.054490442e-03,1.002980694e+03,2.980694124e+05,36
1.640000002e+00,6.000019064e-02,1.826085679e-05,4.054490442e-03,1.002980694e+03,2.980694124e+05,36
1.650000002e+00,6.000019064e-02,1.826085910e-05,4.054490443e-03,1.002980694e+03,2.980694124e+05,36
1.660000002e+00,6.000019064e-02,1.826085680e-05,4.054490443e-03,1.002980694e+03,2.980694124e+05,36
1.670000002e+00,6.000019064e-02,1.826085281e-05,4.054490444e-03,1.002980694e+03,2.980694124e+05,36
1.680000002e+00,6.000019064e-02,1.826085147e-05,4.054490443e-03,1.002980694e+03,2.980694124e+05,36
1.690000002e+00,6.000019064e-02,1.826085189e-05,4.054490442e-03,1.002980694e+03,2.980694124e+05,36
1.700000002e+00,6.000019064e-02,1.826084237e-05,4.054490441e-03,1.002980694e+03,2.980694124e+05,36
1.710000002e+00,6.000019064e-02,1.826077980e-05,4.054490432e-03,1.002980694e+03,2.980694124e+05,36
1.720000002e+00,6.000019064e-02,1.826045167e-05,4.054490386e-03,1.002980694e+03,2.980694125e+05,36
1.730000002e+00,6.000019064e-02,1.825876514e-05,4.054490137e-03,1.002980694e+03,2.980694129e+05,36
1.740000002e+00,6.000019064e-02,1.825028641e-05,4.054488833e-03,1.002980694e+03,2.980694148e+05,36
1.750000002e+00,6.000019064e-02,1.820874427e-05,4.054482140e-03,1.002980694e+03,2.980694242e+05,36
1.760000002e+00,6.000019064e-02,1.801107461e-05,4.054448616e-03,1.002980695e+03,2.980694697e+05,36
1.770000002e+00,6.000019064e-02,1.709959863e-05,4.054284928e-03,1.002980697e+03,2.980696830e+05,36
1.780000002e+00,6.000019063e-02,1.302219691e-05,4.053505217e-03,1.002980706e+03,2.980706493e+05,36
1.790000002e+00,6.000019059e-02,-4.628701571e-06,4.049890746e-03,1.002980749e+03,2.980748675e+05,36
1.800000001e+00,6.000019042e-02,-7.797118829e-05,4.033669422e-03,1.002980927e+03,2.980926979e+05,36
1.809999998e+00,6.000018964e-02,-3.697965891e-04,3.963159848e-03,1.002981653e+03,2.981653153e+05,36
1.819999984e+00,6.000018617e-02,-1.485625083e-03,3.665792178e-03,1.002984458e+03,2.984457775e+05,36
1.829999931e+00,6.000017127e-02,-5.541307567e-03,2.463417384e-03,1.002994735e+03,2.994734750e+05,36
1.839999737e+00,6.000011032e-02,-1.927238617e-02,-2.145843709e-03,1.003030854e+03,3.030854405e+05,36
1.849999073e+00,5.999986939e-02,-6.253249477e-02,-1.905701405e-02,1.003149518e+03,3.149518491e+05,36
1.859996894e+00,5.999894652e-02,-1.894143259e-01,-7.811081928e-02,1.003498814e+03,3.498813818e+05,36
1.869990392e+00,5.999570800e-02,-5.204968168e-01,-2.643073095e-01,1.004428138e+03,4.428137910e+05,36
1.879974271e+00,5.998589738e-02,-1.224034026e+00,-7.623320122e-01,1.006696956e+03,6.696956044e+05,36
1.889942049e+00,5.995972103e-02,-2.325984712e+00,-1.858883483e+00,1.011469132e+03,1.146913193e+06,36
1.899888515e+00,5.989778377e-02,-3.329742516e+00,-3.670989381e+00,1.018813416e+03,1.881341642e+06,36
1.909821891e+00,5.978766522e-02,-3.325436763e+00,-5.273663098e+00,1.024331386e+03,2.433138596e+06,36
1.919751094e+00,5.967297026e-02,-3.110275320e+00,-4.761002687e+00,1.021304228e+03,2.130422759e+06,34
1.929661758e+00,5.967606901e-02,-6.087781689e+00,-1.639374498e+00,1.015386262e+03,1.538626217e+06,34
1.939522682e+00,5.976032652e-02,-1.490943030e+01,7.071485086e-01,1.026646223e+03,2.664622274e+06,36
1.949127922e+00,5.971545912e-02,-2.818033470e+01,-2.873173727e+00,1.069754331e+03,6.975433079e+06,36
1.958516434e+00,5.927928033e-02,-3.545710588e+01,-1.605089667e+01,1.152771586e+03,1.527715861e+07,34
1.970331253e+00,5.872581601e-02,2.791514695e+00,-2.646646645e+01,1.100584207e+03,1.005842067e+07,34
1.989006661e+00,5.912171594e-02,-2.370023327e+01,-1.282992102e+01,8.072140117e+02,-1.927859883e+07,33
1.539307786e-02,5.877729483e-02,8.806723803e+01,-1.257869129e+01,8.997717611e+02,-1.002282389e+07,32
1.967684730e+00,5.765816461e-02,-5.944794923e+01,-2.824407171e+01,1.122634424e+03,1.226344236e+07,33
3.226504053e-02,6.865991644e-02,6.124230874e+01,-2.508724206e+01,1.187003149e+03,1.870031493e+07,35
1.985547808e+00,6.915612086e-02,-7.949752778e+01,-1.825877492e+01,9.447084259e+02,-5.529157405e+06,30
1.070585530e-02,6.890596784e-02,1.457227368e+01,-1.909064175e+01,8.532363636e+02,-1.467636364e+07,30
3.020563807e-02,6.880506263e-02,4.501850876e+00,-2.416283458e+01,1.164063937e+03,1.640639371e+07,35
4.212823418e-02,6.931960048e-02,5.122103249e+01,-1.444787687e+01,1.168599432e+03,1.685994323e+07,35
5.120368358e-02,6.979256205e-02,3.638476720e+01,-4.427935341e+00,1.050054826e+03,5.005482575e+06,36
6.100843038e-02,6.993636792e-02,1.988154440e+01,-1.755883907e+00,9.849206975e+02,-1.507930250e+06,38
7.113835877e-02,6.971235102e-02,1.205733305e+01,-6.423572857e+00,9.788461069e+02,-2.115389308e+06,35
8.086445925e-02,6.950201139e-02,9.441620422e+00,-1.192901545e+01,1.009038824e+03,9.038824463e+05,35
9.051853914e-02,6.959784874e-02,9.273020723e+00,-1.181922288e+01,1.030954096e+03,3.095409557e+06,36
1.002708625e-01,6.981293348e-02,7.738914368e+00,-7.127068396e+00,1.029390530e+03,2.939052963e+06,37
1.101193857e-01,6.993586968e-02,4.735581472e+00,-3.081621870e+00,1.018386579e+03,1.838657853e+06,36
1.200454283e-01,6.998115241e-02,2.204742106e+00,-1.069876999e+00,1.009581946e+03,9.581946110e+05,36
1.300157957e-01,6.999468501e-02,8.723215691e-01,-3.373336970e-01,1.005360052e+03,5.360052127e+05,36
1.400049079e-01,6.999864594e-02,3.029260550e-01,-9.654660369e-02,1.003769458e+03,3.769457896e+05,36
1.500013975e-01,6.999973164e-02,9.483838711e-02,-2.418685051e-02,1.003227154e+03,3.227154168e+05,36
1.600003823e-01,7.000000181e-02,2.792307897e-02,-4.634743301e-03,1.003052239e+03,3.052238775e+05,36
1.700001014e-01,7.000006658e-02,7.808039096e-03,3.864016246e-04,1.003000314e+03,3.000314480e+05,36
1.800000268e-01,7.000008185e-02,2.075167214e-03,1.642816093e-03,1.002986000e+03,2.985999570e+05,36
1.900000080e-01,7.000008533e-02,5.372072435e-04,1.945205197e-03,1.002982205e+03,2.982205490e+05,36
2.000000035e-01,7.000008609e-02,1.445396842e-04,2.015131786e-03,1.002981242e+03,2.981242151e+05,36
2.100000025e-01,7.000008626e-02,4.785525620e-05,2.030861578e-03,1.002981009e+03,2.981009266e+05,36
2.200000022e-01,7.000008629e-02,2.494874429e-05,2.034304390e-03,1.002980955e+03,2.980955000e+05,36
2.300000022e-01,7.000008630e-02,1.972670223e-05,2.035035987e-03,1.002980943e+03,2.980942728e+05,36
2.400000022e-01,7.000008630e-02,1.857317253e-05,2.035187466e-03,1.002980940e+03,2.980940046e+05,36
2.500000022e-01,7.000008630e-02,1.832553654e-05,2.035218106e-03,1.002980939e+03,2.980939479e+05,36
2.600000022e-01,7.000008630e-02,1.827393433e-05,2.035224157e-03,1.002980939e+03,2.980939362e+05,36
2.700000022e-01,7.000008630e-02,1.826348116e-05,2.035225324e-03,1.002980939e+03,2.980939339e+05,36
2.800000022e-01,7.000008630e-02,1.826141506e-05,2.035225544e-03,1.002980939e+03,2.980939334e+05,36
2.900000022e-01,7.000008630e-02,1.826101558e-05,2.035225585e-03,1.002980939e+03,2.980939334e+05,36
3.000000022e-01,7.000008630e-02,1.826094003e-05,2.035225592e-03,1.002980939e+03,2.980939333e+05,36
3.100000022e-01,7.000008630e-02,1.826092648e-05,2.035225594e-03,1.002980939e+03,2.980939333e+05,36
3.200000022e-01,7.000008630e-02,1.826092462e-05,2.035225594e-03,1.002980939e+03,2.980939333e+05,36
3.300000022e-01,7.000008630e-02,1.826092490e-05,2.035225594e-03,1.002980939e+03,2.980939333e+05,36
3.400000022e-01,7.000008630e-02,1.826092511e-05,2.035225594e-03,1.002980939e+03,2.980939333e+05,36
3.500000022e-01,7.000008630e-02,1.826092448e-05,2.035225594e-03,1.002980939e+03,2.980939333e+05,36
3.600000022e-01,7.000008630e-02,1.826092348e-05,2.035225594e-03,1.002980939e+03,2.980939333e+05,36
3.700000022e-01,7.000008630e-02,1.826092293e-05,2.035225594e-03,1.002980939e+03,2.980939333e+05,36
3.800000022e-01,7.000008630e-02,1.826092358e-05,2.035225594e-03,1.002980939e+03,2.980939333e+05,36
3.900000022e-01,7.000008630e-02,1.826092486e-05,2.035225594e-03,1.002980939e+03,2.980939333e+05,36
4.000000022e-01,7.000008630e-02,1.826092530e-05,2.035225594e-03,1.002980939e+03,2.980939333e+05,36
4.100000022e-01,7.000008630e-02,1.826092462e-05,2.035225594e-03,1.002980939e+03,2.980939333e+05,36
4.200000022e-01,7.000008630e-02,1.826092360e-05,2.035225594e-03,1.002980939e+03,2.980939333e+05,36
4.300000022e-01,7.000008630e-02,1.826092299e-05,2.035225594e-03,1.002980939e+03,2.980939333e+05,36
4.400000022e-01,7.000008630e-02,1.826092353e-05,2.035225594e-03,1.002980939e+03,2.980939333e+05,36
4.500000022e-01,7.000008630e-02,1.826092476e-05,2.035225594e-03,1.002980939e+03,2.980939333e+05,36
4.600000022e-01,7.000008630e-02,1.826092514e-05,2.035225594e-03,1.002980939e+03,2.980939333e+05,36
4.700000022e-01,7.000008630e-02,1.826092438e-05,2.035225594e-03,1.002980939e+03,2.980939333e+05,36
4.800000022e-01,7.000008630e-02,1.826092334e-05,2.035225594e-03,1.002980939e+03,2.980939333e+05,36
4.900000022e-01,7.000008630e-02,1.826092290e-05,2.035225594e-03,1.002980939e+03,2.980939333e+05,36
5.000000022e-01,7.000008630e-02,1.826092371e-05,2.035225594e-03,1.002980939e+03,2.980939333e+05,36
5.100000022e-01,7.000008630e-02,1.826092484e-05,2.035225594e-03,1.002980939e+03,2.980939333e+05,36
5.200000022e-01,7.000008630e-02,1.826092480e-05,2.035225594e-03,1.002980939e+03,2.980939333e+05,36
5.300000022e-01,7.000008630e-02,1.826092399e-05,2.035225594e-03,1.002980939e+03,2.980939333e+05,36
5.400000022e-01,7.000008630e-02,1.826092375e-05,2.035225594e-03,1.002980939e+03,2.980939333e+05,36
5.500000022e-01,7.000008630e-02,1.826092450e-05,2.035225594e-03,1.002980939e+03,2.980939333e+05,36
5.600000022e-01,7.000008630e-02,1.826092535e-05,2.035225594e-03,1.002980939e+03,2.980939333e+05,36
5.700000022e-01,7.000008630e-02,1.826092513e-05,2.035225594e-03,1.002980939e+03,2.980939333e+05,36
5.800000022e-01,7.000008630e-02,1.826092347e-05,2.035225594e-03,1.002980939e+03,2.980939333e+05,36
5.900000022e-01,7.000008630e-02,1.826092223e-05,2.035225594e-03,1.002980939e+03,2.980939333e+05,36
6.000000022e-01,7.000008630e-02,1.826092336e-05,2.035225594e-03,1.002980939e+03,2.980939333e+05,36
6.100000022e-01,7.000008630e-02,1.826092515e-05,2.035225594e-03,1.002980939e+03,2.980939333e+05,36
6.200000022e-01,7.000008630e-02,1.826092536e-05,2.035225594e-03,1.002980939e+03,2.980939333e+05,36
6.300000022e-01,7.000008630e-02,1.826092473e-05,2.035225594e-03,1.002980939e+03,2.980939333e+05,36
6.400000022e-01,7.000008630e-02,1.826092437e-05,2.035225594e-03,1.002980939e+03,2.980939333e+05,36
6.500000022e-01,7.000008630e-02,1.826092396e-05,2.035225594e-03,1.002980939e+03,2.980939333e+05,36
6.600000022e-01,7.000008630e-02,1.826092335e-05,2.035225594e-03,1.002980939e+03,2.980939333e+05,36
6.700000022e-01,7.000008630e-02,1.826092327e-05,2.035225594e-03,1.002980939e+03,2.980939333e+05,36
6.800000022e-01,7.000008630e-02,1.826092418e-05,2.035225594e-03,1.002980939e+03,2.980939333e+05,36
6.900000022e-01,7.000008630e-02,1.826092519e-05,2.035225594e-03,1.002980939e+03,2.980939333e+05,36
7.000000022e-01,7.000008630e-02,1.826092503e-05,2.035225594e-03,1.002980939e+03,2.980939333e+05,36
7.100000022e-01,7.000008630e-02,1.826092346e-05,2.035225594e-03,1.002980939e+03,2.980939333e+05,36
7.200000022e-01,7.000008630e-02,1.826092228e-05,2.035225594e-03,1.002980939e+03,2.980939333e+05,36
7.300000022e-01,7.000008630e-02,1.826092340e-05,2.035225594e-03,1.002980939e+03,2.980939333e+05,36
7.400000022e-01,7.000008630e-02,1.826092517e-05,2.035225594e-03,1.002980939e+03,2.980939333e+05,36
7.500000022e-01,7.000008630e-02,1.826092537e-05,2.035225594e-03,1.002980939e+03,2.980939333e+05,36
7.600000022e-01,7.000008630e-02,1.826092474e-05,2.035225594e-03,1.002980939e+03,2.980939333e+05,36
7.700000022e-01,7.000008630e-02,1.826092443e-05,2.035225594e-03,1.002980939e+03,2.980939333e+05,36
7.800000022e-01,7.000008630e-02,1.826092418e-05,2.035225594e-03,1.002980939e+03,2.980939333e+05,36
7.900000022e-01,7.000008630e-02,1.826092361e-05,2.035225594e-03,1.002980939e+03,2.980939333e+05,36
8.000000022e-01,7.000008630e-02,1.826092310e-05,2.035225594e-03,1.002980939e+03,2.980939333e+05,36
8.100000022e-01,7.000008630e-02,1.826092363e-05,2.035225594e-03,1.002980939e+03,2.980939333e+05,36
8.200000022e-01,7.000008630e-02,1.826092500e-05,2.035225594e-03,1.002980939e+03,2.980939333e+05,36
8.300000022e-01,7.000008630e-02,1.826092529e-05,2.035225594e-03,1.002980939e+03,2.980939333e+05,36
8.400000022e-01,7.000008630e-02,1.826092367e-05,2.035225594e-03,1.002980939e+03,2.980939333e+05,36
8.500000022e-01,7.000008630e-02,1.826092234e-05,2.035225594e-03,1.002980939e+03,2.980939333e+05,36
8.600000022e-01,7.000008630e-02,1.826092336e-05,2.035225594e-03,1.002980939e+03,2.980939333e+05,36
8.700000022e-01,7.000008630e-02,1.826092510e-05,2.035225594e-03,1.002980939e+03,2.980939333e+05,36
8.800000022e-01,7.000008630e-02,1.826092537e-05,2.035225594e-03,1.002980939e+03,2.980939333e+05,36
8.900000022e-01,7.000008630e-02,1.826092479e-05,2.035225594e-03,1.002980939e+03,2.980939333e+05,36
9.000000022e-01,7.000008630e-02,1.826092428e-05,2.035225594e-03,1.002980939e+03,2.980939333e+05,36
9.100000022e-01,7.000008630e-02,1.826092365e-05,2.035225594e-03,1.002980939e+03,2.980939333e+05,36
9.200000022e-01,7.000008630e-02,1.826092312e-05,2.035225594e-03,1.002980939e+03,2.980939333e+05,36
9.300000022e-01,7.000008630e-02,1.826092368e-05,2.035225594e-03,1.002980939e+03,2.980939333e+05,36
9.400000022e-01,7.000008630e-02,1.826092513e-05,2.035225594e-03,1.002980939e+03,2.980939333e+05,36
9.500000022e-01,7.000008630e-02,1.826092548e-05,2.035225594e-03,1.002980939e+03,2.980939333e+05,36
9.600000022e-01,7.000008630e-02,1.826092415e-05,2.035225594e-03,1.002980939e+03,2.980939333e+05,36
9.700000022e-01,7.000008630e-02,1.826092373e-05,2.035225594e-03,1.002980939e+03,2.980939333e+05,36
9.800000022e-01,7.000008630e-02,1.826092571e-05,2.035225594e-03,1.002980939e+03,2.980939333e+05,36
9.900000022e-01,7.000008630e-02,1.826092647e-05,2.035225595e-03,1.002980939e+03,2.980939333e+05,36
1.000000002e+00,7.000008630e-02,1.826092425e-05,2.035225594e-03,1.002980939e+03,2.980939333e+05,36
1.010000002e+00,7.000008630e-02,1.826092269e-05,2.035225594e-03,1.002980939e+03,2.980939333e+05,36
1.020000002e+00,7.000008630e-02,1.826092301e-05,2.035225594e-03,1.002980939e+03,2.980939333e+05,36
1.030000002e+00,7.000008630e-02,1.826092358e-05,2.035225594e-03,1.002980939e+03,2.980939333e+05,36
1.040000002e+00,7.000008630e-02,1.826092391e-05,2.035225594e-03,1.002980939e+03,2.980939333e+05,36
1.050000002e+00,7.000008630e-02,1.826092403e-05,2.035225594e-03,1.002980939e+03,2.980939333e+05,36
1.060000002e+00,7.000008630e-02,1.826092390e-05,2.035225594e-03,1.002980939e+03,2.980939333e+05,36
1.070000002e+00,7.000008630e-02,1.826092360e-05,2.035225594e-03,1.002980939e+03,2.980939333e+05,36
1.080000002e+00,7.000008630e-02,1.826092328e-05,2.035225594e-03,1.002980939e+03,2.980939333e+05,36
1.090000002e+00,7.000008630e-02,1.826092274e-05,2.035225594e-03,1.002980939e+03,2.980939333e+05,36
1.100000002e+00,7.000008630e-02,1.826092202e-05,2.035225594e-03,1.002980939e+03,2.980939333e+05,36
1.110000002e+00,7.000008630e-02,1.826092196e-05,2.035225594e-03,1.002980939e+03,2.980939333e+05,36
1.120000002e+00,7.000008630e-02,1.826092355e-05,2.035225594e-03,1.002980939e+03,2.980939333e+05,36
1.130000002e+00,7.000008630e-02,1.826092678e-05,2.035225594e-03,1.002980939e+03,2.980939333e+05,36
1.140000002e+00,7.000008630e-02,1.826092878e-05,2.035225594e-03,1.002980939e+03,2.980939333e+05,36
1.150000002e+00,7.000008630e-02,1.826092665e-05,2.035225595e-03,1.002980939e+03,2.980939333e+05,36
1.160000002e+00,7.000008630e-02,1.826092248e-05,2.035225595e-03,1.002980939e+03,2.980939333e+05,36
1.170000002e+00,7.000008630e-02,1.826092102e-05,2.035225595e-03,1.002980939e+03,2.980939333e+05,36
1.180000002e+00,7.000008630e-02,1.826092340e-05,2.035225595e-03,1.002980939e+03,2.980939333e+05,36
1.190000002e+00,7.000008630e-02,1.826092570e-05,2.035225594e-03,1.002980939e+03,2.980939333e+05,36
1.200000002e+00,7.000008630e-02,1.826092560e-05,2.035225594e-03,1.002980939e+03,2.980939333e+05,36
1.210000002e+00,7.000008630e-02,1.826092470e-05,2.035225594e-03,1.002980939e+03,2.980939333e+05,36
1.220000002e+00,7.000008630e-02,1.826092426e-05,2.035225594e-03,1.002980939e+03,2.980939333e+05,36
1.230000002e+00,7.000008630e-02,1.826092416e-05,2.035225594e-03,1.002980939e+03,2.980939333e+05,36
1.240000002e+00,7.000008630e-02,1.826092415e-05,2.035225594e-03,1.002980939e+03,2.980939333e+05,36
1.250000002e+00,7.000008630e-02,1.826092416e-05,2.035225594e-03,1.002980939e+03,2.980939333e+05,36
1.260000002e+00,7.000008630e-02,1.826092417e-05,2.035225594e-03,1.002980939e+03,2.980939333e+05,36
1.270000002e+00,7.000008630e-02,1.826092418e-05,2.035225594e-03,1.002980939e+03,2.980939333e+05,36
1.280000002e+00,7.000008630e-02,1.826092418e-05,2.035225594e-03,1.002980939e+03,2.980939333e+05,36
1.290000002e+00,7.000008630e-02,1.826092416e-05,2.035225594e-03,1.002980939e+03,2.980939333e+05,36
1.300000002e+00,7.000008630e-02,1.826092410e-05,2.035225594e-03,1.002980939e+03,2.980939333e+05,36
1.310000002e+00,7.000008630e-02,1.826092391e-05,2.035225594e-03,1.002980939e+03,2.980939333e+05,36
1.320000002e+00,7.000008630e-02,1.826092360e-05,2.035225594e-03,1.002980939e+03,2.980939333e+05,36
1.330000002e+00,7.000008630e-02,1.826092329e-05,2.035225594e-03,1.002980939e+03,2.980939333e+05,36
1.340000002e+00,7.000008630e-02,1.826092279e-05,2.035225594e-03,1.002980939e+03,2.980939333e+05,36
1.350000002e+00,7.000008630e-02,1.826092210e-05,2.035225593e-03,1.002980939e+03,2.980939333e+05,36
1.360000002e+00,7.000008630e-02,1.826092198e-05,2.035225593e-03,1.002980939e+03,2.980939333e+05,36
1.370000002e+00,7.000008630e-02,1.826092349e-05,2.035225593e-03,1.002980939e+03,2.980939333e+05,36
1.380000002e+00,7.000008630e-02,1.826092673e-05,2.035225594e-03,1.002980939e+03,2.980939333e+05,36
1.390000002e+00,7.000008630e-02,1.826092877e-05,2.035225594e-03,1.002980939e+03,2.980939333e+05,36
1.400000002e+00,7.000008630e-02,1.826092663e-05,2.035225595e-03,1.002980939e+03,2.980939333e+05,36
1.410000002e+00,7.000008630e-02,1.826092245e-05,2.035225595e-03,1.002980939e+03,2.980939333e+05,36
1.420000002e+00,7.000008630e-02,1.826092104e-05,2.035225595e-03,1.002980939e+03,2.980939333e+05,36
1.430000002e+00,7.000008630e-02,1.826092345e-05,2.035225595e-03,1.002980939e+03,2.980939333e+05,36
1.440000002e+00,7.000008630e-02,1.826092574e-05,2.035225594e-03,1.002980939e+03,2.980939333e+05,36
1.450000002e+00,7.000008630e-02,1.826092563e-05,2.035225594e-03,1.002980939e+03,2.980939333e+05,36
1.460000002e+00,7.000008630e-02,1.826092473e-05,2.035225594e-03,1.002980939e+03,2.980939333e+05,36
1.470000002e+00,7.000008630e-02,1.826092430e-05,2.035225594e-03,1.002980939e+03,2.980939333e+05,36
1.480000002e+00,7.000008630e-02,1.826092420e-05,2.035225594e-03,1.002980939e+03,2.980939333e+05,36
1.490000002e+00,7.000008630e-02,1.826092417e-05,2.035225594e-03,1.002980939e+03,2.980939333e+05,36
1.500000002e+00,7.000008630e-02,1.826092415e-05,2.035225594e-03,1.002980939e+03,2.980939333e+05,36
1.510000002e+00,7.000008630e-02,1.826092414e-05,2.035225594e-03,1.002980939e+03,2.980939333e+05,36
1.520000002e+00,7.000008630e-02,1.826092414e-05,2.035225594e-03,1.002980939e+03,2.980939333e+05,36
1.530000002e+00,7.000008630e-02,1.826092414e-05,2.035225594e-03,1.002980939e+03,2.980939333e+05,36
1.540000002e+00,7.000008630e-02,1.826092414e-05,2.035225594e-03,1.002980939e+03,2.980939333e+05,36
1.550000002e+00,7.000008630e-02,1.826092414e-05,2.035225594e-03,1.002980939e+03,2.980939333e+05,36
1.560000002e+00,7.000008630e-02,1.826092414e-05,2.035225594e-03,1.002980939e+03,2.980939333e+05,36
1.570000002e+00,7.000008630e-02,1.826092407e-05,2.035225594e-03,1.002980939e+03,2.980939333e+05,36
1.580000002e+00,7.000008630e-02,1.826092378e-05,2.035225594e-03,1.002980939e+03,2.980939333e+05,36
1.590000002e+00,7.000008630e-02,1.826092318e-05,2.035225594e-03,1.002980939e+03,2.980939333e+05,36
1.600000002e+00,7.000008630e-02,1.826092258e-05,2.035225594e-03,1.002980939e+03,2.980939333e+05,36
1.610000002e+00,7.000008630e-02,1.826092216e-05,2.035225593e-03,1.002980939e+03,2.980939333e+05,36
1.620000002e+00,7.000008630e-02,1.826092174e-05,2.035225593e-03,1.002980939e+03,2.980939333e+05,36
1.630000002e+00,7.000008630e-02,1.826092288e-05,2.035225593e-03,1.002980939e+03,2.980939333e+05,36
1.640000002e+00,7.000008630e-02,1.826092673e-05,2.035225594e-03,1.002980939e+03,2.980939333e+05,36
1.650000002e+00,7.000008630e-02,1.826092921e-05,2.035225594e-03,1.002980939e+03,2.980939333e+05,36
1.660000002e+00,7.000008630e-02,1.826092674e-05,2.035225595e-03,1.002980939e+03,2.980939333e+05,36
1.670000002e+00,7.000008630e-02,1.826092224e-05,2.035225595e-03,1.002980939e+03,2.980939333e+05,36
1.680000002e+00,7.000008630e-02,1.826092052e-05,2.035225595e-03,1.002980939e+03,2.980939333e+05,36
1.690000002e+00,7.000008630e-02,1.826092059e-05,2.035225594e-03,1.002980939e+03,2.980939333e+05,36
1.700000002e+00,7.000008630e-02,1.826090883e-05,2.035225593e-03,1.002980939e+03,2.980939333e+05,36
1.710000002e+00,7.000008630e-02,1.826083313e-05,2.035225585e-03,1.002980939e+03,2.980939334e+05,36
1.720000002e+00,7.000008630e-02,1.826043370e-05,2.035225544e-03,1.002980939e+03,2.980939334e+05,36
1.730000002e+00,7.000008630e-02,1.825836825e-05,2.035225323e-03,1.002980939e+03,2.980939339e+05,36
1.740000002e+00,7.000008630e-02,1.824791465e-05,2.035224156e-03,1.002980939e+03,2.980939362e+05,36
1.750000002e+00,7.000008630e-02,1.819631169e-05,2.035218106e-03,1.002980939e+03,2.980939479e+05,36
1.760000002e+00,7.000008630e-02,1.794867574e-05,2.035187467e-03,1.002980940e+03,2.980940046e+05,36
1.770000002e+00,7.000008630e-02,1.679514586e-05,2.035035987e-03,1.002980943e+03,2.980942728e+05,36
1.780000002e+00,7.000008629e-02,1.157310410e-05,2.034304390e-03,1.002980955e+03,2.980955000e+05,36
1.790000002e+00,7.000008626e-02,-1.133340757e-05,2.030861577e-03,1.002981009e+03,2.981009266e+05,36
1.800000001e+00,7.000008609e-02,-1.080178370e-04,2.015131786e-03,1.002981242e+03,2.981242151e+05,36
1.809999996e+00,7.000008533e-02,-5.006853960e-04,1.945205197e-03,1.002982205e+03,2.982205490e+05,36
1.819999978e+00,7.000008185e-02,-2.038645364e-03,1.642816093e-03,1.002986000e+03,2.985999570e+05,36
1.829999903e+00,7.000006658e-02,-7.771517247e-03,3.864016248e-04,1.003000314e+03,3.000314480e+05,36
1.839999622e+00,7.000000181e-02,-2.788655712e-02,-4.634743301e-03,1.003052239e+03,3.052238775e+05,36
1.849998607e+00,6.999973164e-02,-9.480186526e-02,-2.418685051e-02,1.003227154e+03,3.227154168e+05,36
1.859995096e+00,6.999864594e-02,-3.028895331e-01,-9.654660369e-02,1.003769458e+03,3.769457896e+05,36
1.869984209e+00,6.999468501e-02,-8.722850472e-01,-3.373336970e-01,1.005360052e+03,5.360052126e+05,36
1.879954576e+00,6.998115241e-02,-2.204705584e+00,-1.069876999e+00,1.009581946e+03,9.581946110e+05,36
1.889880619e+00,6.993586968e-02,-4.735544950e+00,-3.081621871e+00,1.018386579e+03,1.838657853e+06,36
1.899729142e+00,6.981293348e-02,-7.738877845e+00,-7.127068397e+00,1.029390530e+03,2.939052963e+06,37
1.909481465e+00,6.959784874e-02,-9.272984197e+00,-1.181922288e+01,1.030954096e+03,3.095409556e+06,36
1.919135545e+00,6.950201139e-02,-9.441583890e+00,-1.192901546e+01,1.009038824e+03,9.038824426e+05,35
1.928861646e+00,6.971235102e-02,-1.205729651e+01,-6.423572877e+00,9.788461068e+02,-2.115389317e+06,35
1.938991574e+00,6.993636792e-02,-1.988150784e+01,-1.755883958e+00,9.849206973e+02,-1.507930267e+06,38
1.948796321e+00,6.979256204e-02,-3.638473061e+01,-4.427935448e+00,1.050054825e+03,5.005482548e+06,36
1.957871770e+00,6.931960047e-02,-5.122099589e+01,-1.444787704e+01,1.168599432e+03,1.685994320e+07,35
1.969794366e+00,6.880506262e-02,-4.501814268e+00,-2.416283483e+01,1.164063937e+03,1.640639368e+07,35
1.989294149e+00,6.890596783e-02,-1.457223739e+01,-1.909064176e+01,8.532363630e+02,-1.467636370e+07,30
1.445219614e-02,6.915612086e-02,7.949756415e+01,-1.825877483e+01,9.447084264e+02,-5.529157361e+06,30
1.967734964e+00,6.865991643e-02,-6.124227211e+01,-2.508724230e+01,1.187003149e+03,1.870031490e+07,35
3.255351457e-02,7.936743217e-02,6.633256302e+01,-1.289663520e+01,1.187810532e+03,1.878105323e+07,36
1.986119566e+00,7.932326667e-02,-7.338384754e+01,-1.375407660e+01,9.417133609e+02,-5.828663909e+06,31
1.039728266e-02,7.926154340e-02,7.324509938e+00,-1.409083798e+01,8.621606933e+02,-1.378393067e+07,30
3.052031042e-02,7.943746369e-02,9.217221826e+00,-1.225152107e+01,1.162121162e+03,1.621211624e+07,35
4.243133060e-02,7.968546621e-02,5.773541268e+01,-9.780423816e+00,1.175508422e+03,1.755084222e+07,34
5.130120117e-02,8.020681829e-02,3.881250775e+01,-4.154524274e+00,1.054580558e+03,5.458055831e+06,36
6.123936604e-02,8.073960574e-02,2.038137688e+01,-3.163567023e-01,9.750626912e+02,-2.493730883e+06,37
7.190936111e-02,8.049627323e-02,1.844976535e+01,-6.475900721e+00,9.678243225e+02,-3.217567748e+06,37
8.186439755e-02,7.981690497e-02,2.488792131e+01,-1.756545017e+01,1.034100125e+03,3.410012520e+06,35
9.118219486e-02,7.960572392e-02,2.583184776e+01,-1.856258326e+01,1.071339065e+03,7.133906533e+06,36
1.005625370e-01,7.976907731e-02,1.804274333e+01,-1.092252401e+01,1.053232592e+03,5.323259199e+06,38
1.102172184e-01,7.992173840e-02,9.077796831e+00,-4.219682362e+00,1.027131878e+03,2.713187843e+06,37
1.200726370e-01,7.997962215e-02,3.681601536e+00,-1.255055718e+00,1.013176416e+03,1.317641569e+06,36
1.300227662e-01,7.999492756e-02,1.298965587e+00,-3.408844926e-01,1.006482330e+03,6.482330370e+05,36
1.400068033e-01,7.999873014e-02,4.286785354e-01,-9.194485212e-02,1.004067950e+03,4.067949549e+05,36
1.500018713e-01,7.999971970e-02,1.288960630e-01,-2.274307863e-02,1.003303473e+03,3.303472931e+05,36
1.600004942e-01,7.999995850e-02,3.653734115e-02,-4.836018040e-03,1.003070825e+03,3.070825098e+05,36
1.700001275e-01,8.000001368e-02,9.939758011e-03,-4.416563734e-04,1.003003375e+03,3.003375473e+05,36
1.800000327e-01,8.000002631e-02,2.589754270e-03,6.193697798e-04,1.002985192e+03,2.985191627e+05,36
1.900000094e-01,8.000002913e-02,6.563828202e-04,8.692565369e-04,1.002980479e+03,2.980479041e+05,36
2.000000038e-01,8.000002975e-02,1.713501801e-04,9.260163801e-04,1.002979301e+03,2.979301269e+05,36
2.100000025e-01,8.000002988e-02,5.374068241e-05,9.385808251e-04,1.002979020e+03,2.979019843e+05,36
2.200000023e-01,8.000002990e-02,2.620436483e-05,9.412960109e-04,1.002978955e+03,2.978954986e+05,36
2.300000022e-01,8.000002991e-02,1.998749487e-05,9.418671154e-04,1.002978940e+03,2.978940459e+05,36
2.400000022e-01,8.000002991e-02,1.862611190e-05,9.419842833e-04,1.002978937e+03,2.978937309e+05,36
2.500000022e-01,8.000002991e-02,1.833604097e-05,9.420077879e-04,1.002978937e+03,2.978936647e+05,36
2.600000022e-01,8.000002991e-02,1.827597645e-05,9.420123958e-04,1.002978937e+03,2.978936512e+05,36
2.700000022e-01,8.000002991e-02,1.826387616e-05,9.420132789e-04,1.002978936e+03,2.978936485e+05,36
2.800000022e-01,8.000002991e-02,1.826149632e-05,9.420134447e-04,1.002978936e+03,2.978936479e+05,36
2.900000022e-01,8.000002991e-02,1.826103825e-05,9.420134751e-04,1.002978936e+03,2.978936478e+05,36
3.000000022e-01,8.000002991e-02,1.826095205e-05,9.420134805e-04,1.002978936e+03,2.978936478e+05,36
3.100000022e-01,8.000002991e-02,1.826093663e-05,9.420134814e-04,1.002978936e+03,2.978936478e+05,36
3.200000022e-01,8.000002991e-02,1.826093443e-05,9.420134816e-04,1.002978936e+03,2.978936478e+05,36
3.300000022e-01,8.000002991e-02,1.826093468e-05,9.420134816e-04,1.002978936e+03,2.978936478e+05,36
3.400000022e-01,8.000002991e-02,1.826093497e-05,9.420134817e-04,1.002978936e+03,2.978936478e+05,36
3.500000022e-01,8.000002991e-02,1.826093441e-05,9.420134818e-04,1.002978936e+03,2.978936478e+05,36
3.600000022e-01,8.000002991e-02,1.826093332e-05,9.420134819e-04,1.002978936e+03,2.978936478e+05,36
3.700000022e-01,8.000002991e-02,1.826093263e-05,9.420134819e-04,1.002978936e+03,2.978936478e+05,36
3.800000022e-01,8.000002991e-02,1.826093328e-05,9.420134818e-04,1.002978936e+03,2.978936478e+05,36
3.900000022e-01,8.000002991e-02,1.826093468e-05,9.420134817e-04,1.002978936e+03,2.978936478e+05,36
4.000000022e-01,8.000002991e-02,1.826093519e-05,9.420134818e-04,1.002978936e+03,2.978936478e+05,36
4.100000022e-01,8.000002991e-02,1.826093451e-05,9.420134819e-04,1.002978936e+03,2.978936478e+05,36
4.200000022e-01,8.000002991e-02,1.826093334e-05,9.420134820e-04,1.002978936e+03,2.978936478e+05,36
4.300000022e-01,8.000002991e-02,1.826093261e-05,9.420134819e-04,1.002978936e+03,2.978936478e+05,36
4.400000022e-01,8.000002991e-02,1.826093323e-05,9.420134817e-04,1.002978936e+03,2.978936478e+05,36
4.500000022e-01,8.000002991e-02,1.826093458e-05,9.420134817e-04,1.002978936e+03,2.978936478e+05,36
4.600000022e-01,8.000002991e-02,1.826093497e-05,9.420134818e-04,1.002978936e+03,2.978936478e+05,36
4.700000022e-01,8.000002991e-02,1.826093413e-05,9.420134818e-04,1.002978936e+03,2.978936478e+05,36
4.800000022e-01,8.000002991e-02,1.826093302e-05,9.420134818e-04,1.002978936e+03,2.978936478e+05,36
4.900000022e-01,8.000002991e-02,1.826093270e-05,9.420134818e-04,1.002978936e+03,2.978936478e+05,36
5.000000022e-01,8.000002991e-02,1.826093361e-05,9.420134819e-04,1.002978936e+03,2.978936478e+05,36
5.100000022e-01,8.000002991e-02,1.826093457e-05,9.420134819e-04,1.002978936e+03,2.978936478e+05,36
5.200000022e-01,8.000002991e-02,1.826093443e-05,9.420134818e-04,1.002978936e+03,2.978936478e+05,36
5.300000022e-01,8.000002991e-02,1.826093382e-05,9.420134817e-04,1.002978936e+03,2.978936478e+05,36
5.400000022e-01,8.000002991e-02,1.826093379e-05,9.420134819e-04,1.002978936e+03,2.978936478e+05,36
5.500000022e-01,8.000002991e-02,1.826093444e-05,9.420134820e-04,1.002978936e+03,2.978936478e+05,36
5.600000022e-01,8.000002991e-02,1.826093498e-05,9.420134819e-04,1.002978936e+03,2.978936478e+05,36
5.700000022e-01,8.000002991e-02,1.826093468e-05,9.420134817e-04,1.002978936e+03,2.978936478e+05,36
5.800000022e-01,8.000002991e-02,1.826093331e-05,9.420134816e-04,1.002978936e+03,2.978936478e+05,36
5.900000022e-01,8.000002991e-02,1.826093229e-05,9.420134818e-04,1.002978936e+03,2.978936478e+05,36
6.000000022e-01,8.000002991e-02,1.826093328e-05,9.420134821e-04,1.002978936e+03,2.978936478e+05,36
6.100000022e-01,8.000002991e-02,1.826093476e-05,9.420134821e-04,1.002978936e+03,2.978936478e+05,36
6.200000022e-01,8.000002991e-02,1.826093482e-05,9.420134818e-04,1.002978936e+03,2.978936478e+05,36
6.300000022e-01,8.000002991e-02,1.826093433e-05,9.420134816e-04,1.002978936e+03,2.978936478e+05,36
6.400000022e-01,8.000002991e-02,1.826093421e-05,9.420134815e-04,1.002978936e+03,2.978936478e+05,36
6.500000022e-01,8.000002991e-02,1.826093394e-05,9.420134816e-04,1.002978936e+03,2.978936478e+05,36
6.600000022e-01,8.000002991e-02,1.826093333e-05,9.420134818e-04,1.002978936e+03,2.978936478e+05,36
6.700000022e-01,8.000002991e-02,1.826093313e-05,9.420134820e-04,1.002978936e+03,2.978936478e+05,36
6.800000022e-01,8.000002991e-02,1.826093388e-05,9.420134820e-04,1.002978936e+03,2.978936478e+05,36
6.900000022e-01,8.000002991e-02,1.826093484e-05,9.420134819e-04,1.002978936e+03,2.978936478e+05,36
7.000000022e-01,8.000002991e-02,1.826093474e-05,9.420134818e-04,1.002978936e+03,2.978936478e+05,36
7.100000022e-01,8.000002991e-02,1.826093334e-05,9.420134818e-04,1.002978936e+03,2.978936478e+05,36
7.200000022e-01,8.000002991e-02,1.826093233e-05,9.420134820e-04,1.002978936e+03,2.978936478e+05,36
7.300000022e-01,8.000002991e-02,1.826093330e-05,9.420134822e-04,1.002978936e+03,2.978936478e+05,36
7.400000022e-01,8.000002991e-02,1.826093475e-05,9.420134822e-04,1.002978936e+03,2.978936478e+05,36
7.500000022e-01,8.000002991e-02,1.826093481e-05,9.420134819e-04,1.002978936e+03,2.978936478e+05,36
7.600000022e-01,8.000002991e-02,1.826093434e-05,9.420134817e-04,1.002978936e+03,2.978936478e+05,36
7.700000022e-01,8.000002991e-02,1.826093428e-05,9.420134816e-04,1.002978936e+03,2.978936478e+05,36
7.800000022e-01,8.000002991e-02,1.826093411e-05,9.420134817e-04,1.002978936e+03,2.978936478e+05,36
7.900000022e-01,8.000002991e-02,1.826093351e-05,9.420134818e-04,1.002978936e+03,2.978936478e+05,36
8.000000022e-01,8.000002991e-02,1.826093299e-05,9.420134819e-04,1.002978936e+03,2.978936478e+05,36
8.100000022e-01,8.000002991e-02,1.826093346e-05,9.420134820e-04,1.002978936e+03,2.978936478e+05,36
8.200000022e-01,8.000002991e-02,1.826093466e-05,9.420134820e-04,1.002978936e+03,2.978936478e+05,36
8.300000022e-01,8.000002991e-02,1.826093488e-05,9.420134818e-04,1.002978936e+03,2.978936478e+05,36
8.400000022e-01,8.000002991e-02,1.826093349e-05,9.420134818e-04,1.002978936e+03,2.978936478e+05,36
8.500000022e-01,8.000002991e-02,1.826093239e-05,9.420134819e-04,1.002978936e+03,2.978936478e+05,36
8.600000022e-01,8.000002991e-02,1.826093329e-05,9.420134822e-04,1.002978936e+03,2.978936478e+05,36
8.700000022e-01,8.000002991e-02,1.826093470e-05,9.420134822e-04,1.002978936e+03,2.978936478e+05,36
8.800000022e-01,8.000002991e-02,1.826093485e-05,9.420134819e-04,1.002978936e+03,2.978936478e+05,36
8.900000022e-01,8.000002991e-02,1.826093443e-05,9.420134817e-04,1.002978936e+03,2.978936478e+05,36
9.000000022e-01,8.000002991e-02,1.826093414e-05,9.420134816e-04,1.002978936e+03,2.978936478e+05,36
9.100000022e-01,8.000002991e-02,1.826093362e-05,9.420134818e-04,1.002978936e+03,2.978936478e+05,36
9.200000022e-01,8.000002991e-02,1.826093308e-05,9.420134820e-04,1.002978936e+03,2.978936478e+05,36
9.300000022e-01,8.000002991e-02,1.826093357e-05,9.420134821e-04,1.002978936e+03,2.978936478e+05,36
9.400000022e-01,8.000002991e-02,1.826093486e-05,9.420134822e-04,1.002978936e+03,2.978936478e+05,36
9.500000022e-01,8.000002991e-02,1.826093509e-05,9.420134821e-04,1.002978936e+03,2.978936478e+05,36
9.600000022e-01,8.000002991e-02,1.826093390e-05,9.420134819e-04,1.002978936e+03,2.978936478e+05,36
9.700000022e-01,8.000002991e-02,1.826093371e-05,9.420134820e-04,1.002978936e+03,2.978936478e+05,36
9.800000022e-01,8.000002991e-02,1.826093573e-05,9.420134822e-04,1.002978936e+03,2.978936478e+05,36
9.900000022e-01,8.000002991e-02,1.826093632e-05,9.420134824e-04,1.002978936e+03,2.978936478e+05,36
1.000000002e+00,8.000002991e-02,1.826093384e-05,9.420134824e-04,1.002978936e+03,2.978936478e+05,36
1.010000002e+00,8.000002991e-02,1.826093218e-05,9.420134821e-04,1.002978936e+03,2.978936478e+05,36
1.020000002e+00,8.000002991e-02,1.826093266e-05,9.420134819e-04,1.002978936e+03,2.978936478e+05,36
1.030000002e+00,8.000002991e-02,1.826093340e-05,9.420134819e-04,1.002978936e+03,2.978936478e+05,36
1.040000002e+00,8.000002991e-02,1.826093375e-05,9.420134819e-04,1.002978936e+03,2.978936478e+05,36
1.050000002e+00,8.000002991e-02,1.826093385e-05,9.420134820e-04,1.002978936e+03,2.978936478e+05,36
1.060000002e+00,8.000002991e-02,1.826093374e-05,9.420134821e-04,1.002978936e+03,2.978936478e+05,36
1.070000002e+00,8.000002991e-02,1.826093343e-05,9.420134822e-04,1.002978936e+03,2.978936478e+05,36
1.080000002e+00,8.000002991e-02,1.826093291e-05,9.420134822e-04,1.002978936e+03,2.978936478e+05,36
1.090000002e+00,8.000002991e-02,1.826093216e-05,9.420134820e-04,1.002978936e+03,2.978936478e+05,36
1.100000002e+00,8.000002991e-02,1.826093157e-05,9.420134816e-04,1.002978936e+03,2.978936478e+05,36
1.110000002e+00,8.000002991e-02,1.826093171e-05,9.420134814e-04,1.002978936e+03,2.978936478e+05,36
1.120000002e+00,8.000002991e-02,1.826093336e-05,9.420134814e-04,1.002978936e+03,2.978936478e+05,36
1.130000002e+00,8.000002991e-02,1.826093683e-05,9.420134816e-04,1.002978936e+03,2.978936478e+05,36
1.140000002e+00,8.000002991e-02,1.826093903e-05,9.420134820e-04,1.002978936e+03,2.978936478e+05,36
1.150000002e+00,8.000002991e-02,1.826093673e-05,9.420134823e-04,1.002978936e+03,2.978936478e+05,36
1.160000002e+00,8.000002991e-02,1.826093228e-05,9.420134823e-04,1.002978936e+03,2.978936478e+05,36
1.170000002e+00,8.000002991e-02,1.826093076e-05,9.420134823e-04,1.002978936e+03,2.978936478e+05,36
1.180000002e+00,8.000002991e-02,1.826093313e-05,9.420134823e-04,1.002978936e+03,2.978936478e+05,36
1.190000002e+00,8.000002991e-02,1.826093532e-05,9.420134823e-04,1.002978936e+03,2.978936478e+05,36
1.200000002e+00,8.000002991e-02,1.826093519e-05,9.420134821e-04,1.002978936e+03,2.978936478e+05,36
1.210000002e+00,8.000002991e-02,1.826093440e-05,9.420134820e-04,1.002978936e+03,2.978936478e+05,36
1.220000002e+00,8.000002991e-02,1.826093404e-05,9.420134820e-04,1.002978936e+03,2.978936478e+05,36
1.230000002e+00,8.000002991e-02,1.826093395e-05,9.420134820e-04,1.002978936e+03,2.978936478e+05,36
1.240000002e+00,8.000002991e-02,1.826093392e-05,9.420134820e-04,1.002978936e+03,2.978936478e+05,36
1.250000002e+00,8.000002991e-02,1.826093392e-05,9.420134820e-04,1.002978936e+03,2.978936478e+05,36
1.260000002e+00,8.000002991e-02,1.826093392e-05,9.420134820e-04,1.002978936e+03,2.978936478e+05,36
1.270000002e+00,8.000002991e-02,1.826093393e-05,9.420134819e-04,1.002978936e+03,2.978936478e+05,36
1.280000002e+00,8.000002991e-02,1.826093395e-05,9.420134819e-04,1.002978936e+03,2.978936478e+05,36
1.290000002e+00,8.000002991e-02,1.826093394e-05,9.420134819e-04,1.002978936e+03,2.978936478e+05,36
1.300000002e+00,8.000002991e-02,1.826093390e-05,9.420134819e-04,1.002978936e+03,2.978936478e+05,36
1.310000002e+00,8.000002991e-02,1.826093373e-05,9.420134819e-04,1.002978936e+03,2.978936478e+05,36
1.320000002e+00,8.000002991e-02,1.826093342e-05,9.420134820e-04,1.002978936e+03,2.978936478e+05,36
1.330000002e+00,8.000002991e-02,1.826093293e-05,9.420134821e-04,1.002978936e+03,2.978936478e+05,36
1.340000002e+00,8.000002991e-02,1.826093223e-05,9.420134818e-04,1.002978936e+03,2.978936478e+05,36
1.350000002e+00,8.000002991e-02,1.826093164e-05,9.420134814e-04,1.002978936e+03,2.978936478e+05,36
1.360000002e+00,8.000002991e-02,1.826093174e-05,9.420134812e-04,1.002978936e+03,2.978936478e+05,36
1.370000002e+00,8.000002991e-02,1.826093335e-05,9.420134812e-04,1.002978936e+03,2.978936478e+05,36
1.380000002e+00,8.000002991e-02,1.826093681e-05,9.420134815e-04,1.002978936e+03,2.978936478e+05,36
1.390000002e+00,8.000002991e-02,1.826093900e-05,9.420134818e-04,1.002978936e+03,2.978936478e+05,36
1.400000002e+00,8.000002991e-02,1.826093670e-05,9.420134821e-04,1.002978936e+03,2.978936478e+05,36
1.410000002e+00,8.000002991e-02,1.826093228e-05,9.420134822e-04,1.002978936e+03,2.978936478e+05,36
1.420000002e+00,8.000002991e-02,1.826093075e-05,9.420134822e-04,1.002978936e+03,2.978936478e+05,36
1.430000002e+00,8.000002991e-02,1.826093311e-05,9.420134822e-04,1.002978936e+03,2.978936478e+05,36
1.440000002e+00,8.000002991e-02,1.826093534e-05,9.420134821e-04,1.002978936e+03,2.978936478e+05,36
1.450000002e+00,8.000002991e-02,1.826093524e-05,9.420134819e-04,1.002978936e+03,2.978936478e+05,36
1.460000002e+00,8.000002991e-02,1.826093443e-05,9.420134818e-04,1.002978936e+03,2.978936478e+05,36
1.470000002e+00,8.000002991e-02,1.826093403e-05,9.420134817e-04,1.002978936e+03,2.978936478e+05,36
1.480000002e+00,8.000002991e-02,1.826093394e-05,9.420134817e-04,1.002978936e+03,2.978936478e+05,36
1.490000002e+00,8.000002991e-02,1.826093393e-05,9.420134817e-04,1.002978936e+03,2.978936478e+05,36
1.500000002e+00,8.000002991e-02,1.826093394e-05,9.420134817e-04,1.002978936e+03,2.978936478e+05,36
1.510000002e+00,8.000002991e-02,1.826093395e-05,9.420134817e-04,1.002978936e+03,2.978936478e+05,36
1.520000002e+00,8.000002991e-02,1.826093394e-05,9.420134817e-04,1.002978936e+03,2.978936478e+05,36
1.530000002e+00,8.000002991e-02,1.826093393e-05,9.420134817e-04,1.002978936e+03,2.978936478e+05,36
1.540000002e+00,8.000002991e-02,1.826093392e-05,9.420134817e-04,1.002978936e+03,2.978936478e+05,36
1.550000002e+00,8.000002991e-02,1.826093392e-05,9.420134817e-04,1.002978936e+03,2.978936478e+05,36
1.560000002e+00,8.000002991e-02,1.826093391e-05,9.420134817e-04,1.002978936e+03,2.978936478e+05,36
1.570000002e+00,8.000002991e-02,1.826093385e-05,9.420134817e-04,1.002978936e+03,2.978936478e+05,36
1.580000002e+00,8.000002991e-02,1.826093356e-05,9.420134817e-04,1.002978936e+03,2.978936478e+05,36
1.590000002e+00,8.000002991e-02,1.826093286e-05,9.420134818e-04,1.002978936e+03,2.978936478e+05,36
1.600000002e+00,8.000002991e-02,1.826093203e-05,9.420134817e-04,1.002978936e+03,2.978936478e+05,36
1.610000002e+00,8.000002991e-02,1.826093161e-05,9.420134813e-04,1.002978936e+03,2.978936478e+05,36
1.620000002e+00,8.000002991e-02,1.826093159e-05,9.420134811e-04,1.002978936e+03,2.978936478e+05,36
1.630000002e+00,8.000002991e-02,1.826093305e-05,9.420134813e-04,1.002978936e+03,2.978936478e+05,36
1.640000002e+00,8.000002991e-02,1.826093692e-05,9.420134817e-04,1.002978936e+03,2.978936478e+05,36
1.650000002e+00,8.000002991e-02,1.826093937e-05,9.420134821e-04,1.002978936e+03,2.978936478e+05,36
1.660000002e+00,8.000002991e-02,1.826093668e-05,9.420134823e-04,1.002978936e+03,2.978936478e+05,36
1.670000002e+00,8.000002991e-02,1.826093190e-05,9.420134822e-04,1.002978936e+03,2.978936478e+05,36
1.680000002e+00,8.000002991e-02,1.826093013e-05,9.420134820e-04,1.002978936e+03,2.978936478e+05,36
1.690000002e+00,8.000002991e-02,1.826092990e-05,9.420134818e-04,1.002978936e+03,2.978936478e+05,36
1.700000002e+00,8.000002991e-02,1.826091608e-05,9.420134808e-04,1.002978936e+03,2.978936478e+05,36
1.710000002e+00,8.000002991e-02,1.826082966e-05,9.420134751e-04,1.002978936e+03,2.978936478e+05,36
1.720000002e+00,8.000002991e-02,1.826037173e-05,9.420134444e-04,1.002978936e+03,2.978936479e+05,36
1.730000002e+00,8.000002991e-02,1.825799278e-05,9.420132785e-04,1.002978936e+03,2.978936485e+05,36
1.740000002e+00,8.000002991e-02,1.824589255e-05,9.420123955e-04,1.002978937e+03,2.978936512e+05,36
1.750000002e+00,8.000002991e-02,1.818582727e-05,9.420077882e-04,1.002978937e+03,2.978936647e+05,36
1.760000002e+00,8.000002991e-02,1.789575568e-05,9.419842836e-04,1.002978937e+03,2.978937309e+05,36
1.770000002e+00,8.000002991e-02,1.653437221e-05,9.418671151e-04,1.002978940e+03,2.978940459e+05,36
1.780000002e+00,8.000002990e-02,1.031750278e-05,9.412960102e-04,1.002978955e+03,2.978954986e+05,36
1.790000002e+00,8.000002988e-02,-1.721881402e-05,9.385808245e-04,1.002979020e+03,2.979019843e+05,36
1.800000001e+00,8.000002975e-02,-1.348283124e-04,9.260163801e-04,1.002979301e+03,2.979301269e+05,36
1.809999995e+00,8.000002913e-02,-6.198609524e-04,8.692565378e-04,1.002980479e+03,2.980479041e+05,36
1.819999972e+00,8.000002631e-02,-2.553232402e-03,6.193697809e-04,1.002985192e+03,2.985191627e+05,36
1.829999877e+00,8.000001368e-02,-9.903236143e-03,-4.416563731e-04,1.003003375e+03,3.003375473e+05,36
1.839999510e+00,7.999995850e-02,-3.650081928e-02,-4.836018041e-03,1.003070825e+03,3.070825098e+05,36
1.849998133e+00,7.999971970e-02,-1.288595412e-01,-2.274307863e-02,1.003303473e+03,3.303472931e+05,36
1.859993201e+00,7.999873014e-02,-4.286420135e-01,-9.194485212e-02,1.004067950e+03,4.067949549e+05,36
1.869977238e+00,7.999492756e-02,-1.298929065e+00,-3.408844926e-01,1.006482330e+03,6.482330370e+05,36
1.879927367e+00,7.997962215e-02,-3.681565014e+00,-1.255055718e+00,1.013176416e+03,1.317641569e+06,36
1.889782786e+00,7.992173840e-02,-9.077760309e+00,-4.219682362e+00,1.027131878e+03,2.713187843e+06,37
1.899437467e+00,7.976907731e-02,-1.804270681e+01,-1.092252401e+01,1.053232592e+03,5.323259198e+06,38
1.908817809e+00,7.960572392e-02,-2.583181124e+01,-1.856258326e+01,1.071339065e+03,7.133906532e+06,36
1.918135607e+00,7.981690497e-02,-2.488788478e+01,-1.756545017e+01,1.034100125e+03,3.410012519e+06,35
1.928090643e+00,8.049627323e-02,-1.844972882e+01,-6.475900730e+00,9.678243225e+02,-3.217567752e+06,37
1.938760638e+00,8.073960574e-02,-2.038134035e+01,-3.163567217e-01,9.750626911e+02,-2.493730891e+06,37
1.948698803e+00,8.020681828e-02,-3.881247121e+01,-4.154524312e+00,1.054580558e+03,5.458055816e+06,36
1.957568674e+00,7.968546621e-02,-5.773537613e+01,-9.780423883e+00,1.175508422e+03,1.755084220e+07,34
1.969479694e+00,7.943746369e-02,-9.217185278e+00,-1.225152117e+01,1.162121162e+03,1.621211623e+07,35
1.989602722e+00,7.926154339e-02,-7.324473482e+00,-1.409083819e+01,8.621606932e+02,-1.378393068e+07,30
1.388043854e-02,7.932326668e-02,7.338388403e+01,-1.375407639e+01,9.417133610e+02,-5.828663902e+06,31
1.967446490e+00,7.936743217e-02,-6.633252647e+01,-1.289663530e+01,1.187810532e+03,1.878105321e+07,36
3.263224071e-02,8.978507074e-02,6.604036937e+01,-5.740714487e+00,1.199574716e+03,1.995747162e+07,36
1.986276928e+00,8.979673095e-02,-7.101892113e+01,-4.284329576e+00,9.370011951e+02,-6.299880493e+06,33
1.028363232e-02,8.978823931e-02,4.293871614e+00,-4.184575997e+00,8.621658984e+02,-1.378341016e+07,32
3.057997306e-02,8.981037498e-02,8.638524319e+00,-5.389114619e+00,1.169496471e+03,1.694964714e+07,35
4.247717224e-02,8.989433501e-02,5.711901791e+01,-6.133918263e+00,1.206165530e+03,2.061655299e+07,34
5.110213825e-02,9.026208812e-02,3.563034801e+01,-3.582522497e+00,1.100719959e+03,1.007199590e+07,35
6.063185152e-02,9.090380665e-02,1.225462082e+01,1.555398677e+00,1.026901771e+03,2.690177145e+06,36
7.138163846e-02,9.098140032e-02,1.066716554e+01,-6.057817186e-01,1.041134248e+03,4.113424757e+06,36
8.217734022e-02,9.029969035e-02,3.650895552e+01,-1.371563633e+01,1.194712436e+03,1.947124362e+07,35
9.180254637e-02,8.986181877e-02,5.112480833e+01,-1.651937199e+01,1.225573291e+03,2.255732909e+07,36
1.008821515e-01,8.985674901e-02,3.377357032e+01,-9.389477325e+00,1.120875427e+03,1.208754269e+07,37
1.103190903e-01,8.994464341e-02,1.460622479e+01,-3.425013064e+00,1.040448868e+03,4.044886816e+06,38
1.200992120e-01,8.998600594e-02,5.285107120e+00,-9.363099549e-01,1.016381393e+03,1.638139268e+06,36
1.300286673e-01,8.999682493e-02,1.692367397e+00,-2.261712345e-01,1.007450422e+03,7.450421965e+05,36
1.400082760e-01,8.999923666e-02,5.314895462e-01,-5.698833697e-02,1.004313512e+03,4.313512021e+05,36
1.500022291e-01,8.999982998e-02,1.555560458e-01,-1.379601839e-02,1.003361468e+03,3.361467856e+05,36
1.600005764e-01,8.999997057e-02,4.303655202e-02,-2.936681808e-03,1.003083928e+03,3.083927529e+05,36
1.700001462e-01,9.000000241e-02,1.149432086e-02,-3.450169397e-04,1.003004926e+03,3.004925769e+05,36
1.800000369e-01,9.000000957e-02,2.957445223e-03,2.661555861e-04,1.002983920e+03,2.983919606e+05,36
1.900000103e-01,9.000001115e-02,7.402842028e-04,4.080616652e-04,1.002978551e+03,2.978550915e+05,36
2.000000040e-01,9.000001149e-02,1.899730683e-04,4.399454326e-04,1.002977223e+03,2.977222847e+05,36
2.100000026e-01,9.000001156e-02,5.778413385e-05,4.469355830e-04,1.002976908e+03,2.976907794e+05,36
2.200000023e-01,9.000001158e-02,2.705976223e-05,4.484346589e-04,1.002976836e+03,2.976835668e+05,36
2.300000022e-01,9.000001158e-02,2.016385866e-05,4.487481010e-04,1.002976820e+03,2.976819608e+05,36
2.400000022e-01,9.000001158e-02,1.866167132e-05,4.488120720e-04,1.002976816e+03,2.976816141e+05,36
2.500000022e-01,9.000001158e-02,1.834305178e-05,4.488248449e-04,1.002976815e+03,2.976815416e+05,36
2.600000022e-01,9.000001158e-02,1.827732838e-05,4.488273387e-04,1.002976815e+03,2.976815268e+05,36
2.700000022e-01,9.000001158e-02,1.826413246e-05,4.488278149e-04,1.002976815e+03,2.976815239e+05,36
2.800000022e-01,9.000001158e-02,1.826154494e-05,4.488279040e-04,1.002976815e+03,2.976815233e+05,36
2.900000022e-01,9.000001158e-02,1.826104824e-05,4.488279203e-04,1.002976815e+03,2.976815232e+05,36
3.000000022e-01,9.000001158e-02,1.826095506e-05,4.488279232e-04,1.002976815e+03,2.976815232e+05,36
3.100000022e-01,9.000001158e-02,1.826093847e-05,4.488279237e-04,1.002976815e+03,2.976815232e+05,36
3.200000022e-01,9.000001158e-02,1.826093609e-05,4.488279238e-04,1.002976815e+03,2.976815232e+05,36
3.300000022e-01,9.000001158e-02,1.826093629e-05,4.488279239e-04,1.002976815e+03,2.976815232e+05,36
3.400000022e-01,9.000001158e-02,1.826093659e-05,4.488279239e-04,1.002976815e+03,2.976815232e+05,36
3.500000022e-01,9.000001158e-02,1.826093607e-05,4.488279239e-04,1.002976815e+03,2.976815232e+05,36
3.600000022e-01,9.000001158e-02,1.826093491e-05,4.488279240e-04,1.002976815e+03,2.976815232e+05,36
3.700000022e-01,9.000001158e-02,1.826093410e-05,4.488279239e-04,1.002976815e+03,2.976815232e+05,36
3.800000022e-01,9.000001158e-02,1.826093479e-05,4.488279238e-04,1.002976815e+03,2.976815232e+05,36
3.900000022e-01,9.000001158e-02,1.826093627e-05,4.488279238e-04,1.002976815e+03,2.976815232e+05,36
4.000000022e-01,9.000001158e-02,1.826093684e-05,4.488279239e-04,1.002976815e+03,2.976815232e+05,36
4.100000022e-01,9.000001158e-02,1.826093616e-05,4.488279239e-04,1.002976815e+03,2.976815232e+05,36
4.200000022e-01,9.000001158e-02,1.826093489e-05,4.488279239e-04,1.002976815e+03,2.976815232e+05,36
4.300000022e-01,9.000001158e-02,1.826093404e-05,4.488279239e-04,1.002976815e+03,2.976815232e+05,36
4.400000022e-01,9.000001158e-02,1.826093473e-05,4.488279238e-04,1.002976815e+03,2.976815232e+05,36
4.500000022e-01,9.000001158e-02,1.826093620e-05,4.488279238e-04,1.002976815e+03,2.976815232e+05,36
4.600000022e-01,9.000001158e-02,1.826093661e-05,4.488279239e-04,1.002976815e+03,2.976815232e+05,36
4.700000022e-01,9.000001158e-02,1.826093572e-05,4.488279239e-04,1.002976815e+03,2.976815232e+05,36
4.800000022e-01,9.000001158e-02,1.826093458e-05,4.488279239e-04,1.002976815e+03,2.976815232e+05,36
4.900000022e-01,9.000001158e-02,1.826093430e-05,4.488279239e-04,1.002976815e+03,2.976815232e+05,36
5.000000022e-01,9.000001158e-02,1.826093522e-05,4.488279239e-04,1.002976815e+03,2.976815232e+05,36
5.100000022e-01,9.000001158e-02,1.826093608e-05,4.488279239e-04,1.002976815e+03,2.976815232e+05,36
5.200000022e-01,9.000001158e-02,1.826093595e-05,4.488279239e-04,1.002976815e+03,2.976815232e+05,36
5.300000022e-01,9.000001158e-02,1.826093550e-05,4.488279240e-04,1.002976815e+03,2.976815232e+05,36
5.400000022e-01,9.000001158e-02,1.826093547e-05,4.488279241e-04,1.002976815e+03,2.976815232e+05,36
5.500000022e-01,9.000001158e-02,1.826093590e-05,4.488279240e-04,1.002976815e+03,2.976815232e+05,36
5.600000022e-01,9.000001158e-02,1.826093631e-05,4.488279237e-04,1.002976815e+03,2.976815232e+05,36
5.700000022e-01,9.000001158e-02,1.826093610e-05,4.488279236e-04,1.002976815e+03,2.976815232e+05,36
5.800000022e-01,9.000001158e-02,1.826093498e-05,4.488279236e-04,1.002976815e+03,2.976815232e+05,36
5.900000022e-01,9.000001158e-02,1.826093412e-05,4.488279238e-04,1.002976815e+03,2.976815232e+05,36
6.000000022e-01,9.000001158e-02,1.826093498e-05,4.488279239e-04,1.002976815e+03,2.976815232e+05,36
6.100000022e-01,9.000001158e-02,1.826093620e-05,4.488279239e-04,1.002976815e+03,2.976815232e+05,36
6.200000022e-01,9.000001158e-02,1.826093616e-05,4.488279238e-04,1.002976815e+03,2.976815232e+05,36
6.300000022e-01,9.000001158e-02,1.826093576e-05,4.488279237e-04,1.002976815e+03,2.976815232e+05,36
6.400000022e-01,9.000001158e-02,1.826093581e-05,4.488279237e-04,1.002976815e+03,2.976815232e+05,36
6.500000022e-01,9.000001158e-02,1.826093565e-05,4.488279237e-04,1.002976815e+03,2.976815232e+05,36
6.600000022e-01,9.000001158e-02,1.826093507e-05,4.488279238e-04,1.002976815e+03,2.976815232e+05,36
6.700000022e-01,9.000001158e-02,1.826093475e-05,4.488279239e-04,1.002976815e+03,2.976815232e+05,36
6.800000022e-01,9.000001158e-02,1.826093534e-05,4.488279239e-04,1.002976815e+03,2.976815232e+05,36
6.900000022e-01,9.000001158e-02,1.826093632e-05,4.488279238e-04,1.002976815e+03,2.976815232e+05,36
7.000000022e-01,9.000001158e-02,1.826093629e-05,4.488279237e-04,1.002976815e+03,2.976815232e+05,36
7.100000022e-01,9.000001158e-02,1.826093501e-05,4.488279238e-04,1.002976815e+03,2.976815232e+05,36
7.200000022e-01,9.000001158e-02,1.826093410e-05,4.488279239e-04,1.002976815e+03,2.976815232e+05,36
7.300000022e-01,9.000001158e-02,1.826093497e-05,4.488279240e-04,1.002976815e+03,2.976815232e+05,36
7.400000022e-01,9.000001158e-02,1.826093618e-05,4.488279240e-04,1.002976815e+03,2.976815232e+05,36
7.500000022e-01,9.000001158e-02,1.826093615e-05,4.488279238e-04,1.002976815e+03,2.976815232e+05,36
7.600000022e-01,9.000001158e-02,1.826093579e-05,4.488279237e-04,1.002976815e+03,2.976815232e+05,36
7.700000022e-01,9.000001158e-02,1.826093588e-05,4.488279237e-04,1.002976815e+03,2.976815232e+05,36
7.800000022e-01,9.000001158e-02,1.826093576e-05,4.488279237e-04,1.002976815e+03,2.976815232e+05,36
7.900000022e-01,9.000001158e-02,1.826093515e-05,4.488279238e-04,1.002976815e+03,2.976815232e+05,36
8.000000022e-01,9.000001158e-02,1.826093465e-05,4.488279238e-04,1.002976815e+03,2.976815232e+05,36
8.100000022e-01,9.000001158e-02,1.826093509e-05,4.488279239e-04,1.002976815e+03,2.976815232e+05,36
8.200000022e-01,9.000001158e-02,1.826093616e-05,4.488279239e-04,1.002976815e+03,2.976815232e+05,36
8.300000022e-01,9.000001158e-02,1.826093631e-05,4.488279238e-04,1.002976815e+03,2.976815232e+05,36
8.400000022e-01,9.000001158e-02,1.826093509e-05,4.488279238e-04,1.002976815e+03,2.976815232e+05,36
8.500000022e-01,9.000001158e-02,1.826093416e-05,4.488279239e-04,1.002976815e+03,2.976815232e+05,36
8.600000022e-01,9.000001158e-02,1.826093498e-05,4.488279240e-04,1.002976815e+03,2.976815232e+05,36
8.700000022e-01,9.000001158e-02,1.826093616e-05,4.488279240e-04,1.002976815e+03,2.976815232e+05,36
8.800000022e-01,9.000001158e-02,1.826093619e-05,4.488279239e-04,1.002976815e+03,2.976815232e+05,36
8.900000022e-01,9.000001158e-02,1.826093584e-05,4.488279237e-04,1.002976815e+03,2.976815232e+05,36
9.000000022e-01,9.000001158e-02,1.826093575e-05,4.488279236e-04,1.002976815e+03,2.976815232e+05,36
9.100000022e-01,9.000001158e-02,1.826093534e-05,4.488279237e-04,1.002976815e+03,2.976815232e+05,36
9.200000022e-01,9.000001158e-02,1.826093481e-05,4.488279238e-04,1.002976815e+03,2.976815232e+05,36
9.300000022e-01,9.000001158e-02,1.826093527e-05,4.488279239e-04,1.002976815e+03,2.976815232e+05,36
9.400000022e-01,9.000001158e-02,1.826093644e-05,4.488279240e-04,1.002976815e+03,2.976815232e+05,36
9.500000022e-01,9.000001158e-02,1.826093651e-05,4.488279240e-04,1.002976815e+03,2.976815232e+05,36
9.600000022e-01,9.000001158e-02,1.826093538e-05,4.488279239e-04,1.002976815e+03,2.976815232e+05,36
9.700000022e-01,9.000001158e-02,1.826093540e-05,4.488279239e-04,1.002976815e+03,2.976815232e+05,36
9.800000022e-01,9.000001158e-02,1.826093752e-05,4.488279240e-04,1.002976815e+03,2.976815232e+05,36
9.900000022e-01,9.000001158e-02,1.826093802e-05,4.488279241e-04,1.002976815e+03,2.976815232e+05,36
1.000000002e+00,9.000001158e-02,1.826093528e-05,4.488279242e-04,1.002976815e+03,2.976815232e+05,36
1.010000002e+00,9.000001158e-02,1.826093346e-05,4.488279240e-04,1.002976815e+03,2.976815232e+05,36
1.020000002e+00,9.000001158e-02,1.826093410e-05,4.488279238e-04,1.002976815e+03,2.976815232e+05,36
1.030000002e+00,9.000001158e-02,1.826093503e-05,4.488279238e-04,1.002976815e+03,2.976815232e+05,36
1.040000002e+00,9.000001158e-02,1.826093539e-05,4.488279238e-04,1.002976815e+03,2.976815232e+05,36
1.050000002e+00,9.000001158e-02,1.826093548e-05,4.488279239e-04,1.002976815e+03,2.976815232e+05,36
1.060000002e+00,9.000001158e-02,1.826093541e-05,4.488279239e-04,1.002976815e+03,2.976815232e+05,36
1.070000002e+00,9.000001158e-02,1.826093514e-05,4.488279240e-04,1.002976815e+03,2.976815232e+05,36
1.080000002e+00,9.000001158e-02,1.826093445e-05,4.488279241e-04,1.002976815e+03,2.976815232e+05,36
1.090000002e+00,9.000001158e-02,1.826093341e-05,4.488279240e-04,1.002976815e+03,2.976815232e+05,36
1.100000002e+00,9.000001158e-02,1.826093279e-05,4.488279237e-04,1.002976815e+03,2.976815232e+05,36
1.110000002e+00,9.000001158e-02,1.826093314e-05,4.488279235e-04,1.002976815e+03,2.976815232e+05,36
1.120000002e+00,9.000001158e-02,1.826093501e-05,4.488279235e-04,1.002976815e+03,2.976815232e+05,36
1.130000002e+00,9.000001158e-02,1.826093874e-05,4.488279237e-04,1.002976815e+03,2.976815232e+05,36
1.140000002e+00,9.000001158e-02,1.826094099e-05,4.488279240e-04,1.002976815e+03,2.976815232e+05,36
1.150000002e+00,9.000001158e-02,1.826093837e-05,4.488279242e-04,1.002976815e+03,2.976815232e+05,36
1.160000002e+00,9.000001158e-02,1.826093370e-05,4.488279241e-04,1.002976815e+03,2.976815232e+05,36
1.170000002e+00,9.000001158e-02,1.826093231e-05,4.488279239e-04,1.002976815e+03,2.976815232e+05,36
1.180000002e+00,9.000001158e-02,1.826093478e-05,4.488279239e-04,1.002976815e+03,2.976815232e+05,36
1.190000002e+00,9.000001158e-02,1.826093686e-05,4.488279240e-04,1.002976815e+03,2.976815232e+05,36
1.200000002e+00,9.000001158e-02,1.826093665e-05,4.488279240e-04,1.002976815e+03,2.976815232e+05,36
1.210000002e+00,9.000001158e-02,1.826093592e-05,4.488279240e-04,1.002976815e+03,2.976815232e+05,36
1.220000002e+00,9.000001158e-02,1.826093561e-05,4.488279240e-04,1.002976815e+03,2.976815232e+05,36
1.230000002e+00,9.000001158e-02,1.826093552e-05,4.488279240e-04,1.002976815e+03,2.976815232e+05,36
1.240000002e+00,9.000001158e-02,1.826093549e-05,4.488279240e-04,1.002976815e+03,2.976815232e+05,36
1.250000002e+00,9.000001158e-02,1.826093546e-05,4.488279240e-04,1.002976815e+03,2.976815232e+05,36
1.260000002e+00,9.000001158e-02,1.826093545e-05,4.488279239e-04,1.002976815e+03,2.976815232e+05,36
1.270000002e+00,9.000001158e-02,1.826093546e-05,4.488279239e-04,1.002976815e+03,2.976815232e+05,36
1.280000002e+00,9.000001158e-02,1.826093549e-05,4.488279239e-04,1.002976815e+03,2.976815232e+05,36
1.290000002e+00,9.000001158e-02,1.826093551e-05,4.488279239e-04,1.002976815e+03,2.976815232e+05,36
1.300000002e+00,9.000001158e-02,1.826093549e-05,4.488279239e-04,1.002976815e+03,2.976815232e+05,36
1.310000002e+00,9.000001158e-02,1.826093538e-05,4.488279239e-04,1.002976815e+03,2.976815232e+05,36
1.320000002e+00,9.000001158e-02,1.826093511e-05,4.488279240e-04,1.002976815e+03,2.976815232e+05,36
1.330000002e+00,9.000001158e-02,1.826093447e-05,4.488279241e-04,1.002976815e+03,2.976815232e+05,36
1.340000002e+00,9.000001158e-02,1.826093347e-05,4.488279240e-04,1.002976815e+03,2.976815232e+05,36
1.350000002e+00,9.000001158e-02,1.826093286e-05,4.488279237e-04,1.002976815e+03,2.976815232e+05,36
1.360000002e+00,9.000001158e-02,1.826093318e-05,4.488279234e-04,1.002976815e+03,2.976815232e+05,36
1.370000002e+00,9.000001158e-02,1.826093501e-05,4.488279234e-04,1.002976815e+03,2.976815232e+05,36
1.380000002e+00,9.000001158e-02,1.826093869e-05,4.488279236e-04,1.002976815e+03,2.976815232e+05,36
1.390000002e+00,9.000001158e-02,1.826094092e-05,4.488279238e-04,1.002976815e+03,2.976815232e+05,36
1.400000002e+00,9.000001158e-02,1.826093841e-05,4.488279240e-04,1.002976815e+03,2.976815232e+05,36
1.410000002e+00,9.000001158e-02,1.826093385e-05,4.488279241e-04,1.002976815e+03,2.976815232e+05,36
1.420000002e+00,9.000001158e-02,1.826093231e-05,4.488279241e-04,1.002976815e+03,2.976815232e+05,36
1.430000002e+00,9.000001158e-02,1.826093465e-05,4.488279241e-04,1.002976815e+03,2.976815232e+05,36
1.440000002e+00,9.000001158e-02,1.826093680e-05,4.488279241e-04,1.002976815e+03,2.976815232e+05,36
1.450000002e+00,9.000001158e-02,1.826093669e-05,4.488279240e-04,1.002976815e+03,2.976815232e+05,36
1.460000002e+00,9.000001158e-02,1.826093592e-05,4.488279239e-04,1.002976815e+03,2.976815232e+05,36
1.470000002e+00,9.000001158e-02,1.826093556e-05,4.488279239e-04,1.002976815e+03,2.976815232e+05,36
1.480000002e+00,9.000001158e-02,1.826093548e-05,4.488279239e-04,1.002976815e+03,2.976815232e+05,36
1.490000002e+00,9.000001158e-02,1.826093549e-05,4.488279238e-04,1.002976815e+03,2.976815232e+05,36
1.500000002e+00,9.000001158e-02,1.826093551e-05,4.488279238e-04,1.002976815e+03,2.976815232e+05,36
1.510000002e+00,9.000001158e-02,1.826093552e-05,4.488279238e-04,1.002976815e+03,2.976815232e+05,36
1.520000002e+00,9.000001158e-02,1.826093551e-05,4.488279238e-04,1.002976815e+03,2.976815232e+05,36
1.530000002e+00,9.000001158e-02,1.826093550e-05,4.488279238e-04,1.002976815e+03,2.976815232e+05,36
1.540000002e+00,9.000001158e-02,1.826093549e-05,4.488279238e-04,1.002976815e+03,2.976815232e+05,36
1.550000002e+00,9.000001158e-02,1.826093549e-05,4.488279238e-04,1.002976815e+03,2.976815232e+05,36
1.560000002e+00,9.000001158e-02,1.826093548e-05,4.488279238e-04,1.002976815e+03,2.976815232e+05,36
1.570000002e+00,9.000001158e-02,1.826093544e-05,4.488279238e-04,1.002976815e+03,2.976815232e+05,36
1.580000002e+00,9.000001158e-02,1.826093521e-05,4.488279239e-04,1.002976815e+03,2.976815232e+05,36
1.590000002e+00,9.000001158e-02,1.826093448e-05,4.488279239e-04,1.002976815e+03,2.976815232e+05,36
1.600000002e+00,9.000001158e-02,1.826093341e-05,4.488279239e-04,1.002976815e+03,2.976815232e+05,36
1.610000002e+00,9.000001158e-02,1.826093284e-05,4.488279237e-04,1.002976815e+03,2.976815232e+05,36
1.620000002e+00,9.000001158e-02,1.826093308e-05,4.488279235e-04,1.002976815e+03,2.976815232e+05,36
1.630000002e+00,9.000001158e-02,1.826093490e-05,4.488279235e-04,1.002976815e+03,2.976815232e+05,36
1.640000002e+00,9.000001158e-02,1.826093894e-05,4.488279239e-04,1.002976815e+03,2.976815232e+05,36
1.650000002e+00,9.000001158e-02,1.826094133e-05,4.488279243e-04,1.002976815e+03,2.976815232e+05,36
1.660000002e+00,9.000001158e-02,1.826093820e-05,4.488279245e-04,1.002976815e+03,2.976815232e+05,36
1.670000002e+00,9.000001158e-02,1.826093304e-05,4.488279241e-04,1.002976815e+03,2.976815232e+05,36
1.680000002e+00,9.000001158e-02,1.826093151e-05,4.488279236e-04,1.002976815e+03,2.976815232e+05,36
1.690000002e+00,9.000001158e-02,1.826093131e-05,4.488279236e-04,1.002976815e+03,2.976815232e+05,36
1.700000002e+00,9.000001158e-02,1.826091609e-05,4.488279232e-04,1.002976815e+03,2.976815232e+05,36
1.710000002e+00,9.000001158e-02,1.826082260e-05,4.488279203e-04,1.002976815e+03,2.976815232e+05,36
1.720000002e+00,9.000001158e-02,1.826032609e-05,4.488279039e-04,1.002976815e+03,2.976815233e+05,36
1.730000002e+00,9.000001158e-02,1.825773954e-05,4.488278147e-04,1.002976815e+03,2.976815239e+05,36
1.740000002e+00,9.000001158e-02,1.824454414e-05,4.488273385e-04,1.002976815e+03,2.976815268e+05,36
1.750000002e+00,9.000001158e-02,1.817881999e-05,4.488248451e-04,1.002976815e+03,2.976815416e+05,36
1.760000002e+00,9.000001158e-02,1.786019899e-05,4.488120721e-04,1.002976816e+03,2.976816141e+05,36
1.770000002e+00,9.000001158e-02,1.635801093e-05,4.487481007e-04,1.002976820e+03,2.976819608e+05,36
1.780000002e+00,9.000001158e-02,9.462108485e-06,4.484346583e-04,1.002976836e+03,2.976835668e+05,36
1.790000002e+00,9.000001156e-02,-2.126226194e-05,4.469355826e-04,1.002976908e+03,2.976907794e+05,36
1.800000000e+00,9.000001149e-02,-1.534511968e-04,4.399454327e-04,1.002977223e+03,2.977222847e+05,36
1.809999994e+00,9.000001115e-02,-7.037623313e-04,4.080616658e-04,1.002978551e+03,2.978550915e+05,36
1.819999967e+00,9.000000957e-02,-2.920923352e-03,2.661555869e-04,1.002983920e+03,2.983919606e+05,36
1.829999858e+00,9.000000241e-02,-1.145779899e-02,-3.450169393e-04,1.003004926e+03,3.004925769e+05,36
1.839999428e+00,8.999997057e-02,-4.300003015e-02,-2.936681808e-03,1.003083928e+03,3.083927529e+05,36
1.849997775e+00,8.999982998e-02,-1.555195239e-01,-1.379601839e-02,1.003361468e+03,3.361467856e+05,36
1.859991728e+00,8.999923666e-02,-5.314530243e-01,-5.698833698e-02,1.004313512e+03,4.313512021e+05,36
1.869971337e+00,8.999682493e-02,-1.692330875e+00,-2.261712345e-01,1.007450422e+03,7.450421965e+05,36
1.879900792e+00,8.998600594e-02,-5.285070598e+00,-9.363099549e-01,1.016381393e+03,1.638139268e+06,36
1.889680914e+00,8.994464341e-02,-1.460618827e+01,-3.425013064e+00,1.040448868e+03,4.044886816e+06,38
1.899117853e+00,8.985674901e-02,-3.377353380e+01,-9.389477325e+00,1.120875427e+03,1.208754269e+07,37
1.908197458e+00,8.986181877e-02,-5.112477180e+01,-1.651937199e+01,1.225573291e+03,2.255732909e+07,36
1.917822664e+00,9.029969035e-02,-3.650891900e+01,-1.371563633e+01,1.194712436e+03,1.947124362e+07,35
1.928618366e+00,9.098140032e-02,-1.066712901e+01,-6.057817222e-01,1.041134248e+03,4.113424756e+06,36
1.939368153e+00,9.090380665e-02,-1.225458429e+01,1.555398669e+00,1.026901771e+03,2.690177142e+06,36
1.948897866e+00,9.026208812e-02,-3.563031148e+01,-3.582522510e+00,1.100719959e+03,1.007199590e+07,35
1.957522832e+00,8.989433501e-02,-5.711898137e+01,-6.133918285e+00,1.206165530e+03,2.061655298e+07,34
1.969420031e+00,8.981037498e-02,-8.638487791e+00,-5.389114646e+00,1.169496471e+03,1.694964713e+07,35
1.989716372e+00,8.978823930e-02,-4.293835119e+00,-4.184576044e+00,8.621658982e+02,-1.378341018e+07,32
1.372307629e-02,8.979673095e-02,7.101895764e+01,-4.284329528e+00,9.370011952e+02,-6.299880478e+06,33
1.967367764e+00,8.978507074e-02,-6.604033285e+01,-5.740714513e+00,1.199574716e+03,1.995747161e+07,36
3.262393125e-02,1.000000000e-01,6.495051552e+01,-1.939467810e-13,1.208001261e+03,2.080012607e+07,36
1.986316800e+00,1.000000000e-01,-7.004022965e+01,-3.875424707e-16,9.403813763e+02,-5.961862370e+06,34
1.025258025e-02,1.000000000e-01,3.222093992e+00,1.121791799e-13,8.664248241e+02,-1.335751759e+07,33
3.057504450e-02,1.000000000e-01,7.647479156e+00,-1.432793111e-13,1.176416687e+03,1.764166866e+07,36
4.247775343e-02,1.000000000e-01,5.590337235e+01,-2.888477693e-13,1.223533924e+03,2.235339244e+07,34
5.096249393e-02,1.000000000e-01,3.319070332e+01,-2.753493678e-13,1.127876680e+03,1.278766800e+07,36
6.017885872e-02,1.000000000e-01,6.912052390e+00,-3.316642749e-13,1.059064084e+03,5.906408365e+06,37
7.075273057e-02,1.000000000e-01,2.247697152e+00,-3.640561242e-13,1.084371948e+03,8.437194754e+06,36
8.196788048e-02,1.000000000e-01,3.715034302e+01,-1.033224654e-13,1.303885142e+03,3.038851418e+07,34
9.198469879e-02,1.000000000e-01,6.392009602e+01,1.479375274e-13,1.340632997e+03,3.406329971e+07,34
1.010191551e-01,1.000000000e-01,4.269510077e+01,8.326301870e-14,1.172080978e+03,1.720809777e+07,36
1.103631040e-01,1.000000000e-01,1.741075375e+01,-3.862611707e-14,1.049815745e+03,4.981574461e+06,38
1.201104028e-01,1.000000000e-01,6.012135713e+00,-8.668181040e-14,1.017698991e+03,1.769899133e+06,36
1.300310245e-01,1.000000000e-01,1.859592260e+00,-1.062884476e-13,1.007838650e+03,7.838650308e+05,36
1.400088350e-01,1.000000000e-01,5.719345311e-01,-1.122231048e-13,1.004410138e+03,4.410137772e+05,36
1.500023623e-01,1.000000000e-01,1.657206212e-01,-1.157429675e-13,1.003383659e+03,3.383658992e+05,36
1.600006066e-01,1.000000000e-01,4.546838407e-02,-1.125536926e-13,1.003088991e+03,3.088991315e+05,36
1.700001530e-01,1.000000000e-01,1.206565716e-02,-8.878495660e-14,1.003005694e+03,3.005694487e+05,36
1.800000385e-01,1.000000000e-01,3.091101369e-03,-5.712862110e-14,1.002983651e+03,2.983650935e+05,36
1.900000106e-01,1.000000000e-01,7.705519388e-04,-5.062721403e-14,1.002978044e+03,2.978043633e+05,36
2.000000041e-01,1.000000000e-01,1.966463996e-04,-6.463209023e-14,1.002976661e+03,2.976661444e+05,36
2.100000026e-01,1.000000000e-01,5.922510577e-05,-7.310147505e-14,1.002976334e+03,2.976334355e+05,36
2.200000023e-01,1.000000000e-01,2.736333820e-05,-7.623582906e-14,1.002976260e+03,2.976259640e+05,36
2.300000022e-01,1.000000000e-01,2.022622834e-05,-8.870212482e-14,1.002976243e+03,2.976243036e+05,36
2.400000022e-01,1.000000000e-01,1.867420631e-05,-1.117387215e-13,1.002976239e+03,2.976239457e+05,36
2.500000022e-01,1.000000000e-01,1.834551597e-05,-1.345847072e-13,1.002976239e+03,2.976238710e+05,36
2.600000022e-01,1.000000000e-01,1.827780207e-05,-1.529662199e-13,1.002976239e+03,2.976238558e+05,36
2.700000022e-01,1.000000000e-01,1.826422176e-05,-1.699188737e-13,1.002976239e+03,2.976238527e+05,36
2.800000022e-01,1.000000000e-01,1.826156154e-05,-1.834071683e-13,1.002976239e+03,2.976238522e+05,36
2.900000022e-01,1.000000000e-01,1.826105134e-05,-1.992027317e-13,1.002976239e+03,2.976238520e+05,36
3.000000022e-01,1.000000000e-01,1.826095572e-05,-2.172924774e-13,1.002976239e+03,2.976238520e+05,36
3.100000022e-01,1.000000000e-01,1.826093875e-05,-2.202830694e-13,1.002976239e+03,2.976238520e+05,36
3.200000022e-01,1.000000000e-01,1.826093631e-05,-2.073324771e-13,1.002976239e+03,2.976238520e+05,36
3.300000022e-01,1.000000000e-01,1.826093650e-05,-1.908456166e-13,1.002976239e+03,2.976238520e+05,36
3.400000022e-01,1.000000000e-01,1.826093679e-05,-1.802480684e-13,1.002976239e+03,2.976238520e+05,36
3.500000022e-01,1.000000000e-01,1.826093626e-05,-1.861028121e-13,1.002976239e+03,2.976238520e+05,36
3.600000022e-01,1.000000000e-01,1.826093506e-05,-2.102197538e-13,1.002976239e+03,2.976238520e+05,36
3.700000022e-01,1.000000000e-01,1.826093422e-05,-2.351665006e-13,1.002976239e+03,2.976238520e+05,36
3.800000022e-01,1.000000000e-01,1.826093494e-05,-2.397831668e-13,1.002976239e+03,2.976238520e+05,36
3.900000022e-01,1.000000000e-01,1.826093646e-05,-2.346291757e-13,1.002976239e+03,2.976238520e+05,36
4.000000022e-01,1.000000000e-01,1.826093702e-05,-2.469113693e-13,1.002976239e+03,2.976238520e+05,36
4.100000022e-01,1.000000000e-01,1.826093634e-05,-2.756925461e-13,1.002976239e+03,2.976238520e+05,36
4.200000022e-01,1.000000000e-01,1.826093505e-05,-2.929399273e-13,1.002976239e+03,2.976238520e+05,36
4.300000022e-01,1.000000000e-01,1.826093418e-05,-2.816937448e-13,1.002976239e+03,2.976238520e+05,36
4.400000022e-01,1.000000000e-01,1.826093490e-05,-2.539492678e-13,1.002976239e+03,2.976238520e+05,36
4.500000022e-01,1.000000000e-01,1.826093640e-05,-2.396792853e-13,1.002976239e+03,2.976238520e+05,36
4.600000022e-01,1.000000000e-01,1.826093679e-05,-2.562449871e-13,1.002976239e+03,2.976238520e+05,36
4.700000022e-01,1.000000000e-01,1.826093589e-05,-2.865158758e-13,1.002976239e+03,2.976238520e+05,36
4.800000022e-01,1.000000000e-01,1.826093476e-05,-2.887785760e-13,1.002976239e+03,2.976238520e+05,36
4.900000022e-01,1.000000000e-01,1.826093451e-05,-2.488494742e-13,1.002976239e+03,2.976238520e+05,36
5.000000022e-01,1.000000000e-01,1.826093542e-05,-2.104073717e-13,1.002976239e+03,2.976238520e+05,36
5.100000022e-01,1.000000000e-01,1.826093623e-05,-2.020548945e-13,1.002976239e+03,2.976238520e+05,36
5.200000022e-01,1.000000000e-01,1.826093617e-05,-1.728241206e-13,1.002976239e+03,2.976238520e+05,36
5.300000022e-01,1.000000000e-01,1.826093578e-05,-9.752976955e-14,1.002976239e+03,2.976238520e+05,36
5.400000022e-01,1.000000000e-01,1.826093556e-05,-1.351340801e-13,1.002976239e+03,2.976238520e+05,36
5.500000022e-01,1.000000000e-01,1.826093582e-05,-3.740667193e-13,1.002976239e+03,2.976238520e+05,36
5.600000022e-01,1.000000000e-01,1.826093633e-05,-5.596726979e-13,1.002976239e+03,2.976238520e+05,36
5.700000022e-01,1.000000000e-01,1.826093628e-05,-5.327278695e-13,1.002976239e+03,2.976238520e+05,36
5.800000022e-01,1.000000000e-01,1.826093524e-05,-4.563321199e-13,1.002976239e+03,2.976238520e+05,36
5.900000022e-01,1.000000000e-01,1.826093441e-05,-4.227717043e-13,1.002976239e+03,2.976238520e+05,36
6.000000022e-01,1.000000000e-01,1.826093522e-05,-4.004824450e-13,1.002976239e+03,2.976238520e+05,36
6.100000022e-01,1.000000000e-01,1.826093635e-05,-3.803492972e-13,1.002976239e+03,2.976238520e+05,36
6.200000022e-01,1.000000000e-01,1.826093627e-05,-3.659849129e-13,1.002976239e+03,2.976238520e+05,36
6.300000022e-01,1.000000000e-01,1.826093591e-05,-3.547372012e-13,1.002976239e+03,2.976238520e+05,36
6.400000022e-01,1.000000000e-01,1.826093601e-05,-3.404071370e-13,1.002976239e+03,2.976238520e+05,36
6.500000022e-01,1.000000000e-01,1.826093589e-05,-3.155105422e-13,1.002976239e+03,2.976238520e+05,36
6.600000022e-01,1.000000000e-01,1.826093531e-05,-2.867370742e-13,1.002976239e+03,2.976238520e+05,36
6.700000022e-01,1.000000000e-01,1.826093491e-05,-2.983158820e-13,1.002976239e+03,2.976238520e+05,36
6.800000022e-01,1.000000000e-01,1.826093541e-05,-3.793020777e-13,1.002976239e+03,2.976238520e+05,36
6.900000022e-01,1.000000000e-01,1.826093642e-05,-4.596030513e-13,1.002976239e+03,2.976238520e+05,36
7.000000022e-01,1.000000000e-01,1.826093646e-05,-4.710691108e-13,1.002976239e+03,2.976238520e+05,36
7.100000022e-01,1.000000000e-01,1.826093522e-05,-4.485836432e-13,1.002976239e+03,2.976238520e+05,36
7.200000022e-01,1.000000000e-01,1.826093435e-05,-4.367236926e-13,1.002976239e+03,2.976238520e+05,36
7.300000022e-01,1.000000000e-01,1.826093518e-05,-4.253213567e-13,1.002976239e+03,2.976238520e+05,36
7.400000022e-01,1.000000000e-01,1.826093633e-05,-3.963744233e-13,1.002976239e+03,2.976238520e+05,36
7.500000022e-01,1.000000000e-01,1.826093627e-05,-3.653793355e-13,1.002976239e+03,2.976238520e+05,36
7.600000022e-01,1.000000000e-01,1.826093592e-05,-3.587508139e-13,1.002976239e+03,2.976238520e+05,36
7.700000022e-01,1.000000000e-01,1.826093604e-05,-3.809507455e-13,1.002976239e+03,2.976238520e+05,36
7.800000022e-01,1.000000000e-01,1.826093593e-05,-4.143590351e-13,1.002976239e+03,2.976238520e+05,36
7.900000022e-01,1.000000000e-01,1.826093534e-05,-4.400376243e-13,1.002976239e+03,2.976238520e+05,36
8.000000022e-01,1.000000000e-01,1.826093486e-05,-4.474479510e-13,1.002976239e+03,2.976238520e+05,36
8.100000022e-01,1.000000000e-01,1.826093531e-05,-4.305845259e-13,1.002976239e+03,2.976238520e+05,36
8.200000022e-01,1.000000000e-01,1.826093635e-05,-3.876566432e-13,1.002976239e+03,2.976238520e+05,36
8.300000022e-01,1.000000000e-01,1.826093647e-05,-3.439934029e-13,1.002976239e+03,2.976238520e+05,36
8.400000022e-01,1.000000000e-01,1.826093525e-05,-3.381279761e-13,1.002976239e+03,2.976238520e+05,36
8.500000022e-01,1.000000000e-01,1.826093437e-05,-3.712791495e-13,1.002976239e+03,2.976238520e+05,36
8.600000022e-01,1.000000000e-01,1.826093519e-05,-4.005857723e-13,1.002976239e+03,2.976238520e+05,36
8.700000022e-01,1.000000000e-01,1.826093632e-05,-3.929006623e-13,1.002976239e+03,2.976238520e+05,36
8.800000022e-01,1.000000000e-01,1.826093628e-05,-3.841351286e-13,1.002976239e+03,2.976238520e+05,36
8.900000022e-01,1.000000000e-01,1.826093592e-05,-4.208057483e-13,1.002976239e+03,2.976238520e+05,36
9.000000022e-01,1.000000000e-01,1.826093591e-05,-4.630466567e-13,1.002976239e+03,2.976238520e+05,36
9.100000022e-01,1.000000000e-01,1.826093558e-05,-4.629200760e-13,1.002976239e+03,2.976238520e+05,36
9.200000022e-01,1.000000000e-01,1.826093505e-05,-4.479577596e-13,1.002976239e+03,2.976238520e+05,36
9.300000022e-01,1.000000000e-01,1.826093551e-05,-4.359015171e-13,1.002976239e+03,2.976238520e+05,36
9.400000022e-01,1.000000000e-01,1.826093666e-05,-4.098937860e-13,1.002976239e+03,2.976238520e+05,36
9.500000022e-01,1.000000000e-01,1.826093666e-05,-3.778954675e-13,1.002976239e+03,2.976238520e+05,36
9.600000022e-01,1.000000000e-01,1.826093550e-05,-3.658146791e-13,1.002976239e+03,2.976238520e+05,36
9.700000022e-01,1.000000000e-01,1.826093559e-05,-3.714006467e-13,1.002976239e+03,2.976238520e+05,36
9.800000022e-01,1.000000000e-01,1.826093778e-05,-3.708552254e-13,1.002976239e+03,2.976238520e+05,36
9.900000022e-01,1.000000000e-01,1.826093826e-05,-3.592576622e-13,1.002976239e+03,2.976238520e+05,36
1.000000002e+00,1.000000000e-01,1.826093541e-05,-3.554397199e-13,1.002976239e+03,2.976238520e+05,36
1.010000002e+00,1.000000000e-01,1.826093351e-05,-3.695885340e-13,1.002976239e+03,2.976238520e+05,36
1.020000002e+00,1.000000000e-01,1.826093421e-05,-3.913789790e-13,1.002976239e+03,2.976238520e+05,36
1.030000002e+00,1.000000000e-01,1.826093521e-05,-4.092460903e-13,1.002976239e+03,2.976238520e+05,36
1.040000002e+00,1.000000000e-01,1.826093558e-05,-4.208673902e-13,1.002976239e+03,2.976238520e+05,36
1.050000002e+00,1.000000000e-01,1.826093566e-05,-4.290318859e-13,1.002976239e+03,2.976238520e+05,36
1.060000002e+00,1.000000000e-01,1.826093563e-05,-4.255657377e-13,1.002976239e+03,2.976238520e+05,36
1.070000002e+00,1.000000000e-01,1.826093540e-05,-3.947720459e-13,1.002976239e+03,2.976238520e+05,36
1.080000002e+00,1.000000000e-01,1.826093465e-05,-3.596251937e-13,1.002976239e+03,2.976238520e+05,36
1.090000002e+00,1.000000000e-01,1.826093347e-05,-3.546212018e-13,1.002976239e+03,2.976238520e+05,36
1.100000002e+00,1.000000000e-01,1.826093281e-05,-3.540588896e-13,1.002976239e+03,2.976238520e+05,36
1.110000002e+00,1.000000000e-01,1.826093322e-05,-3.593557502e-13,1.002976239e+03,2.976238520e+05,36
1.120000002e+00,1.000000000e-01,1.826093521e-05,-3.964416728e-13,1.002976239e+03,2.976238520e+05,36
1.130000002e+00,1.000000000e-01,1.826093914e-05,-3.711776279e-13,1.002976239e+03,2.976238520e+05,36
1.140000002e+00,1.000000000e-01,1.826094143e-05,-2.331437872e-13,1.002976239e+03,2.976238520e+05,36
1.150000002e+00,1.000000000e-01,1.826093850e-05,-1.829630309e-13,1.002976239e+03,2.976238520e+05,36
1.160000002e+00,1.000000000e-01,1.826093360e-05,-3.643560714e-13,1.002976239e+03,2.976238520e+05,36
1.170000002e+00,1.000000000e-01,1.826093239e-05,-5.564235097e-13,1.002976239e+03,2.976238520e+05,36
1.180000002e+00,1.000000000e-01,1.826093507e-05,-5.371909765e-13,1.002976239e+03,2.976238520e+05,36
1.190000002e+00,1.000000000e-01,1.826093713e-05,-4.047350635e-13,1.002976239e+03,2.976238520e+05,36
1.200000002e+00,1.000000000e-01,1.826093685e-05,-3.101117665e-13,1.002976239e+03,2.976238520e+05,36
1.210000002e+00,1.000000000e-01,1.826093609e-05,-2.739952051e-13,1.002976239e+03,2.976238520e+05,36
1.220000002e+00,1.000000000e-01,1.826093578e-05,-2.718889300e-13,1.002976239e+03,2.976238520e+05,36
1.230000002e+00,1.000000000e-01,1.826093569e-05,-2.787635486e-13,1.002976239e+03,2.976238520e+05,36
1.240000002e+00,1.000000000e-01,1.826093566e-05,-2.812218841e-13,1.002976239e+03,2.976238520e+05,36
1.250000002e+00,1.000000000e-01,1.826093563e-05,-2.772171903e-13,1.002976239e+03,2.976238520e+05,36
1.260000002e+00,1.000000000e-01,1.826093562e-05,-2.715192640e-13,1.002976239e+03,2.976238520e+05,36
1.270000002e+00,1.000000000e-01,1.826093562e-05,-2.730951095e-13,1.002976239e+03,2.976238520e+05,36
1.280000002e+00,1.000000000e-01,1.826093565e-05,-2.837277333e-13,1.002976239e+03,2.976238520e+05,36
1.290000002e+00,1.000000000e-01,1.826093567e-05,-2.967426994e-13,1.002976239e+03,2.976238520e+05,36
1.300000002e+00,1.000000000e-01,1.826093567e-05,-3.046931972e-13,1.002976239e+03,2.976238520e+05,36
1.310000002e+00,1.000000000e-01,1.826093560e-05,-3.002205923e-13,1.002976239e+03,2.976238520e+05,36
1.320000002e+00,1.000000000e-01,1.826093536e-05,-2.837179841e-13,1.002976239e+03,2.976238520e+05,36
1.330000002e+00,1.000000000e-01,1.826093464e-05,-2.701336024e-13,1.002976239e+03,2.976238520e+05,36
1.340000002e+00,1.000000000e-01,1.826093350e-05,-2.729989288e-13,1.002976239e+03,2.976238520e+05,36
1.350000002e+00,1.000000000e-01,1.826093285e-05,-2.947543889e-13,1.002976239e+03,2.976238520e+05,36
1.360000002e+00,1.000000000e-01,1.826093326e-05,-3.243849255e-13,1.002976239e+03,2.976238520e+05,36
1.370000002e+00,1.000000000e-01,1.826093521e-05,-3.525708669e-13,1.002976239e+03,2.976238520e+05,36
1.380000002e+00,1.000000000e-01,1.826093900e-05,-3.748157117e-13,1.002976239e+03,2.976238520e+05,36
1.390000002e+00,1.000000000e-01,1.826094125e-05,-3.698969638e-13,1.002976239e+03,2.976238520e+05,36
1.400000002e+00,1.000000000e-01,1.826093869e-05,-3.140544428e-13,1.002976239e+03,2.976238520e+05,36
1.410000002e+00,1.000000000e-01,1.826093407e-05,-2.289280366e-13,1.002976239e+03,2.976238520e+05,36
1.420000002e+00,1.000000000e-01,1.826093251e-05,-1.642936232e-13,1.002976239e+03,2.976238520e+05,36
1.430000002e+00,1.000000000e-01,1.826093482e-05,-1.423863842e-13,1.002976239e+03,2.976238520e+05,36
1.440000002e+00,1.000000000e-01,1.826093692e-05,-1.588419970e-13,1.002976239e+03,2.976238520e+05,36
1.450000002e+00,1.000000000e-01,1.826093679e-05,-1.987105300e-13,1.002976239e+03,2.976238520e+05,36
1.460000002e+00,1.000000000e-01,1.826093606e-05,-2.299695141e-13,1.002976239e+03,2.976238520e+05,36
1.470000002e+00,1.000000000e-01,1.826093573e-05,-2.270266691e-13,1.002976239e+03,2.976238520e+05,36
1.480000002e+00,1.000000000e-01,1.826093567e-05,-2.001519438e-13,1.002976239e+03,2.976238520e+05,36
1.490000002e+00,1.000000000e-01,1.826093567e-05,-1.787975948e-13,1.002976239e+03,2.976238520e+05,36
1.500000002e+00,1.000000000e-01,1.826093568e-05,-1.765035682e-13,1.002976239e+03,2.976238520e+05,36
1.510000002e+00,1.000000000e-01,1.826093568e-05,-1.865296084e-13,1.002976239e+03,2.976238520e+05,36
1.520000002e+00,1.000000000e-01,1.826093567e-05,-1.973076580e-13,1.002976239e+03,2.976238520e+05,36
1.530000002e+00,1.000000000e-01,1.826093567e-05,-2.028767764e-13,1.002976239e+03,2.976238520e+05,36
1.540000002e+00,1.000000000e-01,1.826093567e-05,-2.048093591e-13,1.002976239e+03,2.976238520e+05,36
1.550000002e+00,1.000000000e-01,1.826093566e-05,-2.060798215e-13,1.002976239e+03,2.976238520e+05,36
1.560000002e+00,1.000000000e-01,1.826093565e-05,-2.109824974e-13,1.002976239e+03,2.976238520e+05,36
1.570000002e+00,1.000000000e-01,1.826093561e-05,-2.291261490e-13,1.002976239e+03,2.976238520e+05,36
1.580000002e+00,1.000000000e-01,1.826093540e-05,-2.646058103e-13,1.002976239e+03,2.976238520e+05,36
1.590000002e+00,1.000000000e-01,1.826093469e-05,-2.895101630e-13,1.002976239e+03,2.976238520e+05,36
1.600000002e+00,1.000000000e-01,1.826093352e-05,-2.884530513e-13,1.002976239e+03,2.976238520e+05,36
1.610000002e+00,1.000000000e-01,1.826093284e-05,-3.009181452e-13,1.002976239e+03,2.976238520e+05,36
1.620000002e+00,1.000000000e-01,1.826093321e-05,-3.092168116e-13,1.002976239e+03,2.976238520e+05,36
1.630000002e+00,1.000000000e-01,1.826093525e-05,-2.423138292e-13,1.002976239e+03,2.976238520e+05,36
1.640000002e+00,1.000000000e-01,1.826093946e-05,-8.824279826e-14,1.002976239e+03,2.976238520e+05,36
1.650000002e+00,1.000000000e-01,1.826094182e-05,1.150505588e-13,1.002976239e+03,2.976238520e+05,36
1.660000002e+00,1.000000000e-01,1.826093820e-05,1.329893838e-13,1.002976239e+03,2.976238520e+05,36
1.670000002e+00,1.000000000e-01,1.826093265e-05,-2.324391912e-13,1.002976239e+03,2.976238520e+05,36
1.680000002e+00,1.000000000e-01,1.826093146e-05,-5.921407945e-13,1.002976239e+03,2.976238520e+05,36
1.690000002e+00,1.000000000e-01,1.826093160e-05,-5.423535853e-13,1.002976239e+03,2.976238520e+05,36
1.700000002e+00,1.000000000e-01,1.826091589e-05,-3.037543956e-13,1.002976239e+03,2.976238520e+05,36
1.710000002e+00,1.000000000e-01,1.826081983e-05,-1.755753326e-13,1.002976239e+03,2.976238520e+05,36
1.720000002e+00,1.000000000e-01,1.826030977e-05,-1.612889870e-13,1.002976239e+03,2.976238522e+05,36
1.730000002e+00,1.000000000e-01,1.825765051e-05,-1.898720596e-13,1.002976239e+03,2.976238527e+05,36
1.740000002e+00,1.000000000e-01,1.824407090e-05,-2.186196643e-13,1.002976239e+03,2.976238558e+05,36
1.750000002e+00,1.000000000e-01,1.817635633e-05,-2.166987486e-13,1.002976239e+03,2.976238710e+05,36
1.760000002e+00,1.000000000e-01,1.784766418e-05,-1.790245121e-13,1.002976239e+03,2.976239457e+05,36
1.770000002e+00,1.000000000e-01,1.629564134e-05,-1.338747481e-13,1.002976243e+03,2.976243036e+05,36
1.780000002e+00,1.000000000e-01,9.158532876e-06,-1.177535812e-13,1.002976260e+03,2.976259640e+05,36
1.790000002e+00,1.000000000e-01,-2.270323333e-05,-1.346382496e-13,1.002976334e+03,2.976334355e+05,36
1.800000000e+00,1.000000000e-01,-1.601245274e-04,-1.440928572e-13,1.002976661e+03,2.976661444e+05,36
1.809999994e+00,1.000000000e-01,-7.340300667e-04,-1.101693404e-13,1.002978044e+03,2.978043633e+05,36
1.819999966e+00,1.000000000e-01,-3.054579497e-03,-5.690921018e-14,1.002983651e+03,2.983650935e+05,36
1.829999851e+00,1.000000000e-01,-1.202913529e-02,-4.263856786e-14,1.003005694e+03,3.005694487e+05,36
1.839999398e+00,1.000000000e-01,-4.543186221e-02,-8.061433358e-14,1.003088991e+03,3.088991315e+05,36
1.849997642e+00,1.000000000e-01,-1.656840993e-01,-1.308101084e-13,1.003383659e+03,3.383658992e+05,36
1.859991169e+00,1.000000000e-01,-5.718980092e-01,-1.522403519e-13,1.004410138e+03,4.410137772e+05,36
1.869968980e+00,1.000000000e-01,-1.859555738e+00,-1.456234600e-13,1.007838650e+03,7.838650308e+05,36
1.879889602e+00,1.000000000e-01,-6.012099191e+00,-1.510302330e-13,1.017698991e+03,1.769899133e+06,36
1.889636900e+00,1.000000000e-01,-1.741071723e+01,-1.947232529e-13,1.049815745e+03,4.981574461e+06,38
1.898980849e+00,1.000000000e-01,-4.269506424e+01,-2.631163754e-13,1.172080978e+03,1.720809777e+07,36
1.908015306e+00,1.000000000e-01,-6.392005950e+01,-3.016771869e-13,1.340632997e+03,3.406329971e+07,34
1.918032124e+00,1.000000000e-01,-3.715030650e+01,-2.373445300e-13,1.303885142e+03,3.038851418e+07,34
1.929247274e+00,1.000000000e-01,-2.247660627e+00,-1.043988190e-13,1.084371948e+03,8.437194753e+06,36
1.939821146e+00,1.000000000e-01,-6.912015863e+00,-5.267018865e-14,1.059064084e+03,5.906408362e+06,37
1.949037510e+00,1.000000000e-01,-3.319066679e+01,-6.517124075e-14,1.127876680e+03,1.278766799e+07,36
1.957522251e+00,1.000000000e-01,-5.590333582e+01,-7.011637927e-14,1.223533924e+03,2.235339243e+07,34
1.969424960e+00,1.000000000e-01,-7.647442629e+00,-4.707229547e-14,1.176416686e+03,1.764166865e+07,36
1.989747424e+00,1.000000000e-01,-3.222057489e+00,-1.132333926e-14,8.664248239e+02,-1.335751761e+07,33
1.368320428e-02,1.000000000e-01,7.004026616e+01,7.052788841e-14,9.403813764e+02,-5.961862356e+06,34
1.967376073e+00,1.000000000e-01,-6.495047900e+01,-1.609249764e-13,1.208001261e+03,2.080012606e+07,36
3.263224071e-02,1.102149293e-01,6.604036937e+01,5.740714487e+00,1.199574716e+03,1.995747162e+07,36
1.986276928e+00,1.102032691e-01,-7.101892113e+01,4.284329576e+00,9.370011951e+02,-6.299880493e+06,33
1.028363232e-02,1.102117607e-01,4.293871614e+00,4.184575997e+00,8.621658984e+02,-1.378341016e+07,32
3.057997306e-02,1.101896250e-01,8.638524319e+00,5.389114619e+00,1.169496471e+03,1.694964714e+07,35
4.247717224e-02,1.101056650e-01,5.711901791e+01,6.133918263e+00,1.206165530e+03,2.061655299e+07,34
5.110213825e-02,1.097379119e-01,3.563034801e+01,3.582522497e+00,1.100719959e+03,1.007199590e+07,35
6.063185152e-02,1.090961934e-01,1.225462082e+01,-1.555398677e+00,1.026901771e+03,2.690177145e+06,36
7.138163846e-02,1.090185997e-01,1.066716554e+01,6.057817186e-01,1.041134248e+03,4.113424757e+06,36
8.217734022e-02,1.097003097e-01,3.650895552e+01,1.371563633e+01,1.194712436e+03,1.947124362e+07,35
9.180254637e-02,1.101381812e-01,5.112480833e+01,1.651937199e+01,1.225573291e+03,2.255732909e+07,36
1.008821515e-01,1.101432510e-01,3.377357032e+01,9.389477325e+00,1.120875427e+03,1.208754269e+07,37
1.103190903e-01,1.100553566e-01,1.460622479e+01,3.425013064e+00,1.040448868e+03,4.044886816e+06,38
1.200992120e-01,1.100139941e-01,5.285107120e+00,9.363099549e-01,1.016381393e+03,1.638139268e+06,36
1.300286673e-01,1.100031751e-01,1.692367397e+00,2.261712345e-01,1.007450422e+03,7.450421965e+05,36
1.400082760e-01,1.100007633e-01,5.314895462e-01,5.698833697e-02,1.004313512e+03,4.313512021e+05,36
1.500022291e-01,1.100001700e-01,1.555560458e-01,1.379601839e-02,1.003361468e+03,3.361467856e+05,36
1.600005764e-01,1.100000294e-01,4.303655202e-02,2.936681808e-03,1.003083928e+03,3.083927529e+05,36
1.700001462e-01,1.099999976e-01,1.149432086e-02,3.450169397e-04,1.003004926e+03,3.004925769e+05,36
1.800000369e-01,1.099999904e-01,2.957445223e-03,-2.661555861e-04,1.002983920e+03,2.983919606e+05,36
1.900000103e-01,1.099999889e-01,7.402842028e-04,-4.080616652e-04,1.002978551e+03,2.978550915e+05,36
2.000000040e-01,1.099999885e-01,1.899730682e-04,-4.399454327e-04,1.002977223e+03,2.977222847e+05,36
2.100000026e-01,1.099999884e-01,5.778413385e-05,-4.469355831e-04,1.002976908e+03,2.976907794e+05,36
2.200000023e-01,1.099999884e-01,2.705976222e-05,-4.484346590e-04,1.002976836e+03,2.976835668e+05,36
2.300000022e-01,1.099999884e-01,2.016385862e-05,-4.487481011e-04,1.002976820e+03,2.976819608e+05,36
2.400000022e-01,1.099999884e-01,1.866167127e-05,-4.488120721e-04,1.002976816e+03,2.976816141e+05,36
2.500000022e-01,1.099999884e-01,1.834305175e-05,-4.488248451e-04,1.002976815e+03,2.976815416e+05,36
2.600000022e-01,1.099999884e-01,1.827732835e-05,-4.488273389e-04,1.002976815e+03,2.976815268e+05,36
2.700000022e-01,1.099999884e-01,1.826413243e-05,-4.488278152e-04,1.002976815e+03,2.976815239e+05,36
2.800000022e-01,1.099999884e-01,1.826154492e-05,-4.488279043e-04,1.002976815e+03,2.976815233e+05,36
2.900000022e-01,1.099999884e-01,1.826104821e-05,-4.488279206e-04,1.002976815e+03,2.976815232e+05,36
3.000000022e-01,1.099999884e-01,1.826095504e-05,-4.488279235e-04,1.002976815e+03,2.976815232e+05,36
3.100000022e-01,1.099999884e-01,1.826093848e-05,-4.488279240e-04,1.002976815e+03,2.976815232e+05,36
3.200000022e-01,1.099999884e-01,1.826093612e-05,-4.488279241e-04,1.002976815e+03,2.976815232e+05,36
3.300000022e-01,1.099999884e-01,1.826093631e-05,-4.488279241e-04,1.002976815e+03,2.976815232e+05,36
3.400000022e-01,1.099999884e-01,1.826093659e-05,-4.488279242e-04,1.002976815e+03,2.976815232e+05,36
3.500000022e-01,1.099999884e-01,1.826093605e-05,-4.488279242e-04,1.002976815e+03,2.976815232e+05,36
3.600000022e-01,1.099999884e-01,1.826093487e-05,-4.488279243e-04,1.002976815e+03,2.976815232e+05,36
3.700000022e-01,1.099999884e-01,1.826093409e-05,-4.488279242e-04,1.002976815e+03,2.976815232e+05,36
3.800000022e-01,1.099999884e-01,1.826093480e-05,-4.488279241e-04,1.002976815e+03,2.976815232e+05,36
3.900000022e-01,1.099999884e-01,1.826093627e-05,-4.488279241e-04,1.002976815e+03,2.976815232e+05,36
4.000000022e-01,1.099999884e-01,1.826093679e-05,-4.488279242e-04,1.002976815e+03,2.976815232e+05,36
4.100000022e-01,1.099999884e-01,1.826093612e-05,-4.488279242e-04,1.002976815e+03,2.976815232e+05,36
4.200000022e-01,1.099999884e-01,1.826093489e-05,-4.488279243e-04,1.002976815e+03,2.976815232e+05,36
4.300000022e-01,1.099999884e-01,1.826093409e-05,-4.488279242e-04,1.002976815e+03,2.976815232e+05,36
4.400000022e-01,1.099999884e-01,1.826093477e-05,-4.488279241e-04,1.002976815e+03,2.976815232e+05,36
4.500000022e-01,1.099999884e-01,1.826093620e-05,-4.488279241e-04,1.002976815e+03,2.976815232e+05,36
4.600000022e-01,1.099999884e-01,1.826093657e-05,-4.488279241e-04,1.002976815e+03,2.976815232e+05,36
4.700000022e-01,1.099999884e-01,1.826093569e-05,-4.488279242e-04,1.002976815e+03,2.976815232e+05,36
4.800000022e-01,1.099999884e-01,1.826093463e-05,-4.488279242e-04,1.002976815e+03,2.976815232e+05,36
4.900000022e-01,1.099999884e-01,1.826093439e-05,-4.488279241e-04,1.002976815e+03,2.976815232e+05,36
5.000000022e-01,1.099999884e-01,1.826093526e-05,-4.488279241e-04,1.002976815e+03,2.976815232e+05,36
5.100000022e-01,1.099999884e-01,1.826093608e-05,-4.488279241e-04,1.002976815e+03,2.976815232e+05,36
5.200000022e-01,1.099999884e-01,1.826093606e-05,-4.488279240e-04,1.002976815e+03,2.976815232e+05,36
5.300000022e-01,1.099999884e-01,1.826093562e-05,-4.488279240e-04,1.002976815e+03,2.976815232e+05,36
5.400000022e-01,1.099999884e-01,1.826093519e-05,-4.488279241e-04,1.002976815e+03,2.976815232e+05,36
5.500000022e-01,1.099999884e-01,1.826093540e-05,-4.488279244e-04,1.002976815e+03,2.976815232e+05,36
5.600000022e-01,1.099999884e-01,1.826093617e-05,-4.488279244e-04,1.002976815e+03,2.976815232e+05,36
5.700000022e-01,1.099999884e-01,1.826093625e-05,-4.488279243e-04,1.002976815e+03,2.976815232e+05,36
5.800000022e-01,1.099999884e-01,1.826093509e-05,-4.488279242e-04,1.002976815e+03,2.976815232e+05,36
5.900000022e-01,1.099999884e-01,1.826093417e-05,-4.488279243e-04,1.002976815e+03,2.976815232e+05,36
6.000000022e-01,1.099999884e-01,1.826093502e-05,-4.488279244e-04,1.002976815e+03,2.976815232e+05,36
6.100000022e-01,1.099999884e-01,1.826093623e-05,-4.488279244e-04,1.002976815e+03,2.976815232e+05,36
6.200000022e-01,1.099999884e-01,1.826093618e-05,-4.488279242e-04,1.002976815e+03,2.976815232e+05,36
6.300000022e-01,1.099999884e-01,1.826093578e-05,-4.488279241e-04,1.002976815e+03,2.976815232e+05,36
6.400000022e-01,1.099999884e-01,1.826093584e-05,-4.488279241e-04,1.002976815e+03,2.976815232e+05,36
6.500000022e-01,1.099999884e-01,1.826093571e-05,-4.488279241e-04,1.002976815e+03,2.976815232e+05,36
6.600000022e-01,1.099999884e-01,1.826093512e-05,-4.488279241e-04,1.002976815e+03,2.976815232e+05,36
6.700000022e-01,1.099999884e-01,1.826093466e-05,-4.488279242e-04,1.002976815e+03,2.976815232e+05,36
6.800000022e-01,1.099999884e-01,1.826093514e-05,-4.488279243e-04,1.002976815e+03,2.976815232e+05,36
6.900000022e-01,1.099999884e-01,1.826093623e-05,-4.488279243e-04,1.002976815e+03,2.976815232e+05,36
7.000000022e-01,1.099999884e-01,1.826093634e-05,-4.488279243e-04,1.002976815e+03,2.976815232e+05,36
7.100000022e-01,1.099999884e-01,1.826093505e-05,-4.488279242e-04,1.002976815e+03,2.976815232e+05,36
7.200000022e-01,1.099999884e-01,1.826093412e-05,-4.488279243e-04,1.002976815e+03,2.976815232e+05,36
7.300000022e-01,1.099999884e-01,1.826093499e-05,-4.488279244e-04,1.002976815e+03,2.976815232e+05,36
7.400000022e-01,1.099999884e-01,1.826093623e-05,-4.488279244e-04,1.002976815e+03,2.976815232e+05,36
7.500000022e-01,1.099999884e-01,1.826093618e-05,-4.488279242e-04,1.002976815e+03,2.976815232e+05,36
7.600000022e-01,1.099999884e-01,1.826093577e-05,-4.488279241e-04,1.002976815e+03,2.976815232e+05,36
7.700000022e-01,1.099999884e-01,1.826093583e-05,-4.488279241e-04,1.002976815e+03,2.976815232e+05,36
7.800000022e-01,1.099999884e-01,1.826093571e-05,-4.488279242e-04,1.002976815e+03,2.976815232e+05,36
7.900000022e-01,1.099999884e-01,1.826093512e-05,-4.488279242e-04,1.002976815e+03,2.976815232e+05,36
8.000000022e-01,1.099999884e-01,1.826093466e-05,-4.488279243e-04,1.002976815e+03,2.976815232e+05,36
8.100000022e-01,1.099999884e-01,1.826093514e-05,-4.488279244e-04,1.002976815e+03,2.976815232e+05,36
8.200000022e-01,1.099999884e-01,1.826093624e-05,-4.488279243e-04,1.002976815e+03,2.976815232e+05,36
8.300000022e-01,1.099999884e-01,1.826093636e-05,-4.488279242e-04,1.002976815e+03,2.976815232e+05,36
8.400000022e-01,1.099999884e-01,1.826093506e-05,-4.488279242e-04,1.002976815e+03,2.976815232e+05,36
8.500000022e-01,1.099999884e-01,1.826093410e-05,-4.488279243e-04,1.002976815e+03,2.976815232e+05,36
8.600000022e-01,1.099999884e-01,1.826093497e-05,-4.488279244e-04,1.002976815e+03,2.976815232e+05,36
8.700000022e-01,1.099999884e-01,1.826093620e-05,-4.488279244e-04,1.002976815e+03,2.976815232e+05,36
8.800000022e-01,1.099999884e-01,1.826093617e-05,-4.488279243e-04,1.002976815e+03,2.976815232e+05,36
8.900000022e-01,1.099999884e-01,1.826093575e-05,-4.488279242e-04,1.002976815e+03,2.976815232e+05,36
9.000000022e-01,1.099999884e-01,1.826093571e-05,-4.488279241e-04,1.002976815e+03,2.976815232e+05,36
9.100000022e-01,1.099999884e-01,1.826093538e-05,-4.488279242e-04,1.002976815e+03,2.976815232e+05,36
9.200000022e-01,1.099999884e-01,1.826093483e-05,-4.488279243e-04,1.002976815e+03,2.976815232e+05,36
9.300000022e-01,1.099999884e-01,1.826093529e-05,-4.488279244e-04,1.002976815e+03,2.976815232e+05,36
9.400000022e-01,1.099999884e-01,1.826093648e-05,-4.488279244e-04,1.002976815e+03,2.976815232e+05,36
9.500000022e-01,1.099999884e-01,1.826093655e-05,-4.488279244e-04,1.002976815e+03,2.976815232e+05,36
9.600000022e-01,1.099999884e-01,1.826093537e-05,-4.488279243e-04,1.002976815e+03,2.976815232e+05,36
9.700000022e-01,1.099999884e-01,1.826093539e-05,-4.488279243e-04,1.002976815e+03,2.976815232e+05,36
9.800000022e-01,1.099999884e-01,1.826093754e-05,-4.488279244e-04,1.002976815e+03,2.976815232e+05,36
9.900000022e-01,1.099999884e-01,1.826093804e-05,-4.488279245e-04,1.002976815e+03,2.976815232e+05,36
1.000000002e+00,1.099999884e-01,1.826093527e-05,-4.488279245e-04,1.002976815e+03,2.976815232e+05,36
1.010000002e+00,1.099999884e-01,1.826093343e-05,-4.488279244e-04,1.002976815e+03,2.976815232e+05,36
1.020000002e+00,1.099999884e-01,1.826093407e-05,-4.488279242e-04,1.002976815e+03,2.976815232e+05,36
1.030000002e+00,1.099999884e-01,1.826093500e-05,-4.488279242e-04,1.002976815e+03,2.976815232e+05,36
1.040000002e+00,1.099999884e-01,1.826093538e-05,-4.488279242e-04,1.002976815e+03,2.976815232e+05,36
1.050000002e+00,1.099999884e-01,1.826093548e-05,-4.488279243e-04,1.002976815e+03,2.976815232e+05,36
1.060000002e+00,1.099999884e-01,1.826093546e-05,-4.488279243e-04,1.002976815e+03,2.976815232e+05,36
1.070000002e+00,1.099999884e-01,1.826093523e-05,-4.488279243e-04,1.002976815e+03,2.976815232e+05,36
1.080000002e+00,1.099999884e-01,1.826093448e-05,-4.488279243e-04,1.002976815e+03,2.976815232e+05,36
1.090000002e+00,1.099999884e-01,1.826093337e-05,-4.488279243e-04,1.002976815e+03,2.976815232e+05,36
1.100000002e+00,1.099999884e-01,1.826093279e-05,-4.488279240e-04,1.002976815e+03,2.976815232e+05,36
1.110000002e+00,1.099999884e-01,1.826093309e-05,-4.488279238e-04,1.002976815e+03,2.976815232e+05,36
1.120000002e+00,1.099999884e-01,1.826093491e-05,-4.488279239e-04,1.002976815e+03,2.976815232e+05,36
1.130000002e+00,1.099999884e-01,1.826093888e-05,-4.488279241e-04,1.002976815e+03,2.976815232e+05,36
1.140000002e+00,1.099999884e-01,1.826094125e-05,-4.488279244e-04,1.002976815e+03,2.976815232e+05,36
1.150000002e+00,1.099999884e-01,1.826093827e-05,-4.488279245e-04,1.002976815e+03,2.976815232e+05,36
1.160000002e+00,1.099999884e-01,1.826093331e-05,-4.488279244e-04,1.002976815e+03,2.976815232e+05,36
1.170000002e+00,1.099999884e-01,1.826093216e-05,-4.488279244e-04,1.002976815e+03,2.976815232e+05,36
1.180000002e+00,1.099999884e-01,1.826093496e-05,-4.488279244e-04,1.002976815e+03,2.976815232e+05,36
1.190000002e+00,1.099999884e-01,1.826093705e-05,-4.488279244e-04,1.002976815e+03,2.976815232e+05,36
1.200000002e+00,1.099999884e-01,1.826093674e-05,-4.488279243e-04,1.002976815e+03,2.976815232e+05,36
1.210000002e+00,1.099999884e-01,1.826093594e-05,-4.488279243e-04,1.002976815e+03,2.976815232e+05,36
1.220000002e+00,1.099999884e-01,1.826093560e-05,-4.488279243e-04,1.002976815e+03,2.976815232e+05,36
1.230000002e+00,1.099999884e-01,1.826093552e-05,-4.488279243e-04,1.002976815e+03,2.976815232e+05,36
1.240000002e+00,1.099999884e-01,1.826093549e-05,-4.488279243e-04,1.002976815e+03,2.976815232e+05,36
1.250000002e+00,1.099999884e-01,1.826093547e-05,-4.488279243e-04,1.002976815e+03,2.976815232e+05,36
1.260000002e+00,1.099999884e-01,1.826093545e-05,-4.488279243e-04,1.002976815e+03,2.976815232e+05,36
1.270000002e+00,1.099999884e-01,1.826093545e-05,-4.488279243e-04,1.002976815e+03,2.976815232e+05,36
1.280000002e+00,1.099999884e-01,1.826093547e-05,-4.488279242e-04,1.002976815e+03,2.976815232e+05,36
1.290000002e+00,1.099999884e-01,1.826093549e-05,-4.488279242e-04,1.002976815e+03,2.976815232e+05,36
1.300000002e+00,1.099999884e-01,1.826093548e-05,-4.488279242e-04,1.002976815e+03,2.976815232e+05,36
1.310000002e+00,1.099999884e-01,1.826093540e-05,-4.488279243e-04,1.002976815e+03,2.976815232e+05,36
1.320000002e+00,1.099999884e-01,1.826093514e-05,-4.488279244e-04,1.002976815e+03,2.976815232e+05,36
1.330000002e+00,1.099999884e-01,1.826093448e-05,-4.488279244e-04,1.002976815e+03,2.976815232e+05,36
1.340000002e+00,1.099999884e-01,1.826093345e-05,-4.488279243e-04,1.002976815e+03,2.976815232e+05,36
1.350000002e+00,1.099999884e-01,1.826093281e-05,-4.488279240e-04,1.002976815e+03,2.976815232e+05,36
1.360000002e+00,1.099999884e-01,1.826093314e-05,-4.488279237e-04,1.002976815e+03,2.976815232e+05,36
1.370000002e+00,1.099999884e-01,1.826093497e-05,-4.488279237e-04,1.002976815e+03,2.976815232e+05,36
1.380000002e+00,1.099999884e-01,1.826093866e-05,-4.488279239e-04,1.002976815e+03,2.976815232e+05,36
1.390000002e+00,1.099999884e-01,1.826094095e-05,-4.488279242e-04,1.002976815e+03,2.976815232e+05,36
1.400000002e+00,1.099999884e-01,1.826093854e-05,-4.488279244e-04,1.002976815e+03,2.976815232e+05,36
1.410000002e+00,1.099999884e-01,1.826093399e-05,-4.488279244e-04,1.002976815e+03,2.976815232e+05,36
1.420000002e+00,1.099999884e-01,1.826093238e-05,-4.488279243e-04,1.002976815e+03,2.976815232e+05,36
1.430000002e+00,1.099999884e-01,1.826093465e-05,-4.488279243e-04,1.002976815e+03,2.976815232e+05,36
1.440000002e+00,1.099999884e-01,1.826093675e-05,-4.488279243e-04,1.002976815e+03,2.976815232e+05,36
1.450000002e+00,1.099999884e-01,1.826093662e-05,-4.488279242e-04,1.002976815e+03,2.976815232e+05,36
1.460000002e+00,1.099999884e-01,1.826093590e-05,-4.488279242e-04,1.002976815e+03,2.976815232e+05,36
1.470000002e+00,1.099999884e-01,1.826093559e-05,-4.488279242e-04,1.002976815e+03,2.976815232e+05,36
1.480000002e+00,1.099999884e-01,1.826093553e-05,-4.488279241e-04,1.002976815e+03,2.976815232e+05,36
1.490000002e+00,1.099999884e-01,1.826093552e-05,-4.488279241e-04,1.002976815e+03,2.976815232e+05,36
1.500000002e+00,1.099999884e-01,1.826093550e-05,-4.488279241e-04,1.002976815e+03,2.976815232e+05,36
1.510000002e+00,1.099999884e-01,1.826093550e-05,-4.488279241e-04,1.002976815e+03,2.976815232e+05,36
1.520000002e+00,1.099999884e-01,1.826093549e-05,-4.488279241e-04,1.002976815e+03,2.976815232e+05,36
1.530000002e+00,1.099999884e-01,1.826093549e-05,-4.488279241e-04,1.002976815e+03,2.976815232e+05,36
1.540000002e+00,1.099999884e-01,1.826093549e-05,-4.488279241e-04,1.002976815e+03,2.976815232e+05,36
1.550000002e+00,1.099999884e-01,1.826093548e-05,-4.488279241e-04,1.002976815e+03,2.976815232e+05,36
1.560000002e+00,1.099999884e-01,1.826093545e-05,-4.488279241e-04,1.002976815e+03,2.976815232e+05,36
1.570000002e+00,1.099999884e-01,1.826093537e-05,-4.488279242e-04,1.002976815e+03,2.976815232e+05,36
1.580000002e+00,1.099999884e-01,1.826093514e-05,-4.488279243e-04,1.002976815e+03,2.976815232e+05,36
1.590000002e+00,1.099999884e-01,1.826093450e-05,-4.488279244e-04,1.002976815e+03,2.976815232e+05,36
1.600000002e+00,1.099999884e-01,1.826093346e-05,-4.488279242e-04,1.002976815e+03,2.976815232e+05,36
1.610000002e+00,1.099999884e-01,1.826093280e-05,-4.488279240e-04,1.002976815e+03,2.976815232e+05,36
1.620000002e+00,1.099999884e-01,1.826093312e-05,-4.488279237e-04,1.002976815e+03,2.976815232e+05,36
1.630000002e+00,1.099999884e-01,1.826093510e-05,-4.488279237e-04,1.002976815e+03,2.976815232e+05,36
1.640000002e+00,1.099999884e-01,1.826093924e-05,-4.488279239e-04,1.002976815e+03,2.976815232e+05,36
1.650000002e+00,1.099999884e-01,1.826094159e-05,-4.488279242e-04,1.002976815e+03,2.976815232e+05,36
1.660000002e+00,1.099999884e-01,1.826093789e-05,-4.488279244e-04,1.002976815e+03,2.976815232e+05,36
1.670000002e+00,1.099999884e-01,1.826093225e-05,-4.488279244e-04,1.002976815e+03,2.976815232e+05,36
1.680000002e+00,1.099999884e-01,1.826093123e-05,-4.488279243e-04,1.002976815e+03,2.976815232e+05,36
1.690000002e+00,1.099999884e-01,1.826093168e-05,-4.488279242e-04,1.002976815e+03,2.976815232e+05,36
1.700000002e+00,1.099999884e-01,1.826091644e-05,-4.488279235e-04,1.002976815e+03,2.976815232e+05,36
1.710000002e+00,1.099999884e-01,1.826082270e-05,-4.488279204e-04,1.002976815e+03,2.976815232e+05,36
1.720000002e+00,1.099999884e-01,1.826032607e-05,-4.488279040e-04,1.002976815e+03,2.976815233e+05,36
1.730000002e+00,1.099999884e-01,1.825773949e-05,-4.488278148e-04,1.002976815e+03,2.976815239e+05,36
1.740000002e+00,1.099999884e-01,1.824454412e-05,-4.488273387e-04,1.002976815e+03,2.976815268e+05,36
1.750000002e+00,1.099999884e-01,1.817882003e-05,-4.488248452e-04,1.002976815e+03,2.976815416e+05,36
1.760000002e+00,1.099999884e-01,1.786019907e-05,-4.488120722e-04,1.002976816e+03,2.976816141e+05,36
1.770000002e+00,1.099999884e-01,1.635801099e-05,-4.487481007e-04,1.002976820e+03,2.976819608e+05,36
1.780000002e+00,1.099999884e-01,9.462108470e-06,-4.484346584e-04,1.002976836e+03,2.976835668e+05,36
1.790000002e+00,1.099999884e-01,-2.126226199e-05,-4.469355827e-04,1.002976908e+03,2.976907794e+05,36
1.800000000e+00,1.099999885e-01,-1.534511968e-04,-4.399454328e-04,1.002977223e+03,2.977222847e+05,36
1.809999994e+00,1.099999889e-01,-7.037623312e-04,-4.080616659e-04,1.002978551e+03,2.978550915e+05,36
1.819999967e+00,1.099999904e-01,-2.920923352e-03,-2.661555869e-04,1.002983920e+03,2.983919606e+05,36
1.829999858e+00,1.099999976e-01,-1.145779899e-02,3.450169394e-04,1.003004926e+03,3.004925769e+05,36
1.839999428e+00,1.100000294e-01,-4.300003015e-02,2.936681808e-03,1.003083928e+03,3.083927529e+05,36
1.849997775e+00,1.100001700e-01,-1.555195239e-01,1.379601839e-02,1.003361468e+03,3.361467856e+05,36
1.859991728e+00,1.100007633e-01,-5.314530243e-01,5.698833698e-02,1.004313512e+03,4.313512021e+05,36
1.869971337e+00,1.100031751e-01,-1.692330875e+00,2.261712345e-01,1.007450422e+03,7.450421965e+05,36
1.879900792e+00,1.100139941e-01,-5.285070598e+00,9.363099549e-01,1.016381393e+03,1.638139268e+06,36
1.889680914e+00,1.100553566e-01,-1.460618827e+01,3.425013064e+00,1.040448868e+03,4.044886816e+06,38
1.899117853e+00,1.101432510e-01,-3.377353380e+01,9.389477325e+00,1.120875427e+03,1.208754269e+07,37
1.908197458e+00,1.101381812e-01,-5.112477180e+01,1.651937199e+01,1.225573291e+03,2.255732909e+07,36
1.917822664e+00,1.097003097e-01,-3.650891900e+01,1.371563633e+01,1.194712436e+03,1.947124362e+07,35
1.928618366e+00,1.090185997e-01,-1.066712901e+01,6.057817222e-01,1.041134248e+03,4.113424756e+06,36
1.939368153e+00,1.090961934e-01,-1.225458429e+01,-1.555398669e+00,1.026901771e+03,2.690177142e+06,36
1.948897866e+00,1.097379119e-01,-3.563031148e+01,3.582522510e+00,1.100719959e+03,1.007199590e+07,35
1.957522832e+00,1.101056650e-01,-5.711898137e+01,6.133918285e+00,1.206165530e+03,2.061655298e+07,34
1.969420031e+00,1.101896250e-01,-8.638487791e+00,5.389114646e+00,1.169496471e+03,1.694964713e+07,35
1.989716372e+00,1.102117607e-01,-4.293835119e+00,4.184576044e+00,8.621658982e+02,-1.378341018e+07,32
1.372307629e-02,1.102032691e-01,7.101895764e+01,4.284329528e+00,9.370011952e+02,-6.299880478e+06,33
1.967367764e+00,1.102149293e-01,-6.604033285e+01,5.740714513e+00,1.199574716e+03,1.995747161e+07,36
3.255351457e-02,1.206325678e-01,6.633256302e+01,1.289663520e+01,1.187810532e+03,1.878105323e+07,36
1.986119566e+00,1.206767333e-01,-7.338384754e+01,1.375407660e+01,9.417133609e+02,-5.828663909e+06,31
1.039728266e-02,1.207384566e-01,7.324509938e+00,1.409083798e+01,8.621606933e+02,-1.378393067e+07,30
3.052031042e-02,1.205625363e-01,9.217221826e+00,1.225152107e+01,1.162121162e+03,1.621211624e+07,35
4.243133060e-02,1.203145338e-01,5.773541268e+01,9.780423816e+00,1.175508422e+03,1.755084222e+07,34
5.130120117e-02,1.197931817e-01,3.881250775e+01,4.154524274e+00,1.054580558e+03,5.458055831e+06,36
6.123936604e-02,1.192603943e-01,2.038137688e+01,3.163567023e-01,9.750626912e+02,-2.493730883e+06,37
7.190936111e-02,1.195037268e-01,1.844976535e+01,6.475900721e+00,9.678243225e+02,-3.217567748e+06,37
8.186439755e-02,1.201830950e-01,2.488792131e+01,1.756545017e+01,1.034100125e+03,3.410012520e+06,35
9.118219486e-02,1.203942761e-01,2.583184776e+01,1.856258326e+01,1.071339065e+03,7.133906533e+06,36
1.005625370e-01,1.202309227e-01,1.804274333e+01,1.092252401e+01,1.053232592e+03,5.323259199e+06,38
1.102172184e-01,1.200782616e-01,9.077796831e+00,4.219682362e+00,1.027131878e+03,2.713187843e+06,37
1.200726370e-01,1.200203779e-01,3.681601536e+00,1.255055718e+00,1.013176416e+03,1.317641569e+06,36
1.300227662e-01,1.200050724e-01,1.298965587e+00,3.408844926e-01,1.006482330e+03,6.482330370e+05,36
1.400068033e-01,1.200012699e-01,4.286785354e-01,9.194485212e-02,1.004067950e+03,4.067949549e+05,36
1.500018713e-01,1.200002803e-01,1.288960630e-01,2.274307863e-02,1.003303473e+03,3.303472931e+05,36
1.600004942e-01,1.200000415e-01,3.653734115e-02,4.836018040e-03,1.003070825e+03,3.070825098e+05,36
1.700001275e-01,1.199999863e-01,9.939758011e-03,4.416563734e-04,1.003003375e+03,3.003375473e+05,36
1.800000327e-01,1.199999737e-01,2.589754270e-03,-6.193697799e-04,1.002985192e+03,2.985191627e+05,36
1.900000094e-01,1.199999709e-01,6.563828201e-04,-8.692565370e-04,1.002980479e+03,2.980479041e+05,36
2.000000038e-01,1.199999703e-01,1.713501800e-04,-9.260163802e-04,1.002979301e+03,2.979301269e+05,36
2.100000025e-01,1.199999701e-01,5.374068245e-05,-9.385808252e-04,1.002979020e+03,2.979019843e+05,36
2.200000023e-01,1.199999701e-01,2.620436482e-05,-9.412960109e-04,1.002978955e+03,2.978954986e+05,36
2.300000022e-01,1.199999701e-01,1.998749478e-05,-9.418671154e-04,1.002978940e+03,2.978940459e+05,36
2.400000022e-01,1.199999701e-01,1.862611181e-05,-9.419842834e-04,1.002978937e+03,2.978937309e+05,36
2.500000022e-01,1.199999701e-01,1.833604092e-05,-9.420077879e-04,1.002978937e+03,2.978936647e+05,36
2.600000022e-01,1.199999701e-01,1.827597642e-05,-9.420123958e-04,1.002978937e+03,2.978936512e+05,36
2.700000022e-01,1.199999701e-01,1.826387612e-05,-9.420132790e-04,1.002978936e+03,2.978936485e+05,36
2.800000022e-01,1.199999701e-01,1.826149627e-05,-9.420134448e-04,1.002978936e+03,2.978936479e+05,36
2.900000022e-01,1.199999701e-01,1.826103818e-05,-9.420134752e-04,1.002978936e+03,2.978936478e+05,36
3.000000022e-01,1.199999701e-01,1.826095202e-05,-9.420134806e-04,1.002978936e+03,2.978936478e+05,36
3.100000022e-01,1.199999701e-01,1.826093666e-05,-9.420134815e-04,1.002978936e+03,2.978936478e+05,36
3.200000022e-01,1.199999701e-01,1.826093448e-05,-9.420134817e-04,1.002978936e+03,2.978936478e+05,36
3.300000022e-01,1.199999701e-01,1.826093470e-05,-9.420134817e-04,1.002978936e+03,2.978936478e+05,36
3.400000022e-01,1.199999701e-01,1.826093495e-05,-9.420134818e-04,1.002978936e+03,2.978936478e+05,36
3.500000022e-01,1.199999701e-01,1.826093440e-05,-9.420134819e-04,1.002978936e+03,2.978936478e+05,36
3.600000022e-01,1.199999701e-01,1.826093334e-05,-9.420134819e-04,1.002978936e+03,2.978936478e+05,36
3.700000022e-01,1.199999701e-01,1.826093266e-05,-9.420134818e-04,1.002978936e+03,2.978936478e+05,36
3.800000022e-01,1.199999701e-01,1.826093329e-05,-9.420134816e-04,1.002978936e+03,2.978936478e+05,36
3.900000022e-01,1.199999701e-01,1.826093464e-05,-9.420134817e-04,1.002978936e+03,2.978936478e+05,36
4.000000022e-01,1.199999701e-01,1.826093513e-05,-9.420134818e-04,1.002978936e+03,2.978936478e+05,36
4.100000022e-01,1.199999701e-01,1.826093448e-05,-9.420134819e-04,1.002978936e+03,2.978936478e+05,36
4.200000022e-01,1.199999701e-01,1.826093338e-05,-9.420134819e-04,1.002978936e+03,2.978936478e+05,36
4.300000022e-01,1.199999701e-01,1.826093267e-05,-9.420134817e-04,1.002978936e+03,2.978936478e+05,36
4.400000022e-01,1.199999701e-01,1.826093326e-05,-9.420134816e-04,1.002978936e+03,2.978936478e+05,36
4.500000022e-01,1.199999701e-01,1.826093456e-05,-9.420134816e-04,1.002978936e+03,2.978936478e+05,36
4.600000022e-01,1.199999701e-01,1.826093493e-05,-9.420134817e-04,1.002978936e+03,2.978936478e+05,36
4.700000022e-01,1.199999701e-01,1.826093413e-05,-9.420134817e-04,1.002978936e+03,2.978936478e+05,36
4.800000022e-01,1.199999701e-01,1.826093313e-05,-9.420134816e-04,1.002978936e+03,2.978936478e+05,36
4.900000022e-01,1.199999701e-01,1.826093284e-05,-9.420134816e-04,1.002978936e+03,2.978936478e+05,36
5.000000022e-01,1.199999701e-01,1.826093366e-05,-9.420134816e-04,1.002978936e+03,2.978936478e+05,36
5.100000022e-01,1.199999701e-01,1.826093456e-05,-9.420134817e-04,1.002978936e+03,2.978936478e+05,36
5.200000022e-01,1.199999701e-01,1.826093457e-05,-9.420134815e-04,1.002978936e+03,2.978936478e+05,36
5.300000022e-01,1.199999701e-01,1.826093398e-05,-9.420134815e-04,1.002978936e+03,2.978936478e+05,36
5.400000022e-01,1.199999701e-01,1.826093339e-05,-9.420134817e-04,1.002978936e+03,2.978936478e+05,36
5.500000022e-01,1.199999701e-01,1.826093366e-05,-9.420134819e-04,1.002978936e+03,2.978936478e+05,36
5.600000022e-01,1.199999701e-01,1.826093472e-05,-9.420134819e-04,1.002978936e+03,2.978936478e+05,36
5.700000022e-01,1.199999701e-01,1.826093489e-05,-9.420134817e-04,1.002978936e+03,2.978936478e+05,36
5.800000022e-01,1.199999701e-01,1.826093349e-05,-9.420134816e-04,1.002978936e+03,2.978936478e+05,36
5.900000022e-01,1.199999701e-01,1.826093240e-05,-9.420134818e-04,1.002978936e+03,2.978936478e+05,36
6.000000022e-01,1.199999701e-01,1.826093336e-05,-9.420134820e-04,1.002978936e+03,2.978936478e+05,36
6.100000022e-01,1.199999701e-01,1.826093479e-05,-9.420134820e-04,1.002978936e+03,2.978936478e+05,36
6.200000022e-01,1.199999701e-01,1.826093482e-05,-9.420134817e-04,1.002978936e+03,2.978936478e+05,36
6.300000022e-01,1.199999701e-01,1.826093432e-05,-9.420134815e-04,1.002978936e+03,2.978936478e+05,36
6.400000022e-01,1.199999701e-01,1.826093424e-05,-9.420134815e-04,1.002978936e+03,2.978936478e+05,36
6.500000022e-01,1.199999701e-01,1.826093407e-05,-9.420134816e-04,1.002978936e+03,2.978936478e+05,36
6.600000022e-01,1.199999701e-01,1.826093348e-05,-9.420134817e-04,1.002978936e+03,2.978936478e+05,36
6.700000022e-01,1.199999701e-01,1.826093298e-05,-9.420134818e-04,1.002978936e+03,2.978936478e+05,36
6.800000022e-01,1.199999701e-01,1.826093349e-05,-9.420134819e-04,1.002978936e+03,2.978936478e+05,36
6.900000022e-01,1.199999701e-01,1.826093472e-05,-9.420134819e-04,1.002978936e+03,2.978936478e+05,36
7.000000022e-01,1.199999701e-01,1.826093491e-05,-9.420134817e-04,1.002978936e+03,2.978936478e+05,36
7.100000022e-01,1.199999701e-01,1.826093346e-05,-9.420134816e-04,1.002978936e+03,2.978936478e+05,36
7.200000022e-01,1.199999701e-01,1.826093236e-05,-9.420134818e-04,1.002978936e+03,2.978936478e+05,36
7.300000022e-01,1.199999701e-01,1.826093334e-05,-9.420134820e-04,1.002978936e+03,2.978936478e+05,36
7.400000022e-01,1.199999701e-01,1.826093479e-05,-9.420134820e-04,1.002978936e+03,2.978936478e+05,36
7.500000022e-01,1.199999701e-01,1.826093483e-05,-9.420134817e-04,1.002978936e+03,2.978936478e+05,36
7.600000022e-01,1.199999701e-01,1.826093432e-05,-9.420134815e-04,1.002978936e+03,2.978936478e+05,36
7.700000022e-01,1.199999701e-01,1.826093421e-05,-9.420134815e-04,1.002978936e+03,2.978936478e+05,36
7.800000022e-01,1.199999701e-01,1.826093404e-05,-9.420134816e-04,1.002978936e+03,2.978936478e+05,36
7.900000022e-01,1.199999701e-01,1.826093346e-05,-9.420134817e-04,1.002978936e+03,2.978936478e+05,36
8.000000022e-01,1.199999701e-01,1.826093299e-05,-9.420134818e-04,1.002978936e+03,2.978936478e+05,36
8.100000022e-01,1.199999701e-01,1.826093351e-05,-9.420134819e-04,1.002978936e+03,2.978936478e+05,36
8.200000022e-01,1.199999701e-01,1.826093476e-05,-9.420134819e-04,1.002978936e+03,2.978936478e+05,36
8.300000022e-01,1.199999701e-01,1.826093495e-05,-9.420134817e-04,1.002978936e+03,2.978936478e+05,36
8.400000022e-01,1.199999701e-01,1.826093348e-05,-9.420134816e-04,1.002978936e+03,2.978936478e+05,36
8.500000022e-01,1.199999701e-01,1.826093234e-05,-9.420134818e-04,1.002978936e+03,2.978936478e+05,36
8.600000022e-01,1.199999701e-01,1.826093330e-05,-9.420134820e-04,1.002978936e+03,2.978936478e+05,36
8.700000022e-01,1.199999701e-01,1.826093476e-05,-9.420134820e-04,1.002978936e+03,2.978936478e+05,36
8.800000022e-01,1.199999701e-01,1.826093481e-05,-9.420134817e-04,1.002978936e+03,2.978936478e+05,36
8.900000022e-01,1.199999701e-01,1.826093429e-05,-9.420134815e-04,1.002978936e+03,2.978936478e+05,36
9.000000022e-01,1.199999701e-01,1.826093410e-05,-9.420134814e-04,1.002978936e+03,2.978936478e+05,36
9.100000022e-01,1.199999701e-01,1.826093368e-05,-9.420134816e-04,1.002978936e+03,2.978936478e+05,36
9.200000022e-01,1.199999701e-01,1.826093312e-05,-9.420134817e-04,1.002978936e+03,2.978936478e+05,36
9.300000022e-01,1.199999701e-01,1.826093360e-05,-9.420134819e-04,1.002978936e+03,2.978936478e+05,36
9.400000022e-01,1.199999701e-01,1.826093488e-05,-9.420134820e-04,1.002978936e+03,2.978936478e+05,36
9.500000022e-01,1.199999701e-01,1.826093509e-05,-9.420134820e-04,1.002978936e+03,2.978936478e+05,36
9.600000022e-01,1.199999701e-01,1.826093388e-05,-9.420134819e-04,1.002978936e+03,2.978936478e+05,36
9.700000022e-01,1.199999701e-01,1.826093372e-05,-9.420134819e-04,1.002978936e+03,2.978936478e+05,36
9.800000022e-01,1.199999701e-01,1.826093577e-05,-9.420134821e-04,1.002978936e+03,2.978936478e+05,36
9.900000022e-01,1.199999701e-01,1.826093636e-05,-9.420134823e-04,1.002978936e+03,2.978936478e+05,36
1.000000002e+00,1.199999701e-01,1.826093385e-05,-9.420134823e-04,1.002978936e+03,2.978936478e+05,36
1.010000002e+00,1.199999701e-01,1.826093216e-05,-9.420134820e-04,1.002978936e+03,2.978936478e+05,36
1.020000002e+00,1.199999701e-01,1.826093263e-05,-9.420134817e-04,1.002978936e+03,2.978936478e+05,36
1.030000002e+00,1.199999701e-01,1.826093338e-05,-9.420134816e-04,1.002978936e+03,2.978936478e+05,36
1.040000002e+00,1.199999701e-01,1.826093375e-05,-9.420134817e-04,1.002978936e+03,2.978936478e+05,36
1.050000002e+00,1.199999701e-01,1.826093390e-05,-9.420134817e-04,1.002978936e+03,2.978936478e+05,36
1.060000002e+00,1.199999701e-01,1.826093388e-05,-9.420134818e-04,1.002978936e+03,2.978936478e+05,36
1.070000002e+00,1.199999701e-01,1.826093362e-05,-9.420134818e-04,1.002978936e+03,2.978936478e+05,36
1.080000002e+00,1.199999701e-01,1.826093292e-05,-9.420134818e-04,1.002978936e+03,2.978936478e+05,36
1.090000002e+00,1.199999701e-01,1.826093206e-05,-9.420134816e-04,1.002978936e+03,2.978936478e+05,36
1.100000002e+00,1.199999701e-01,1.826093160e-05,-9.420134811e-04,1.002978936e+03,2.978936478e+05,36
1.110000002e+00,1.199999701e-01,1.826093156e-05,-9.420134809e-04,1.002978936e+03,2.978936478e+05,36
1.120000002e+00,1.199999701e-01,1.826093300e-05,-9.420134812e-04,1.002978936e+03,2.978936478e+05,36
1.130000002e+00,1.199999701e-01,1.826093690e-05,-9.420134817e-04,1.002978936e+03,2.978936478e+05,36
1.140000002e+00,1.199999701e-01,1.826093940e-05,-9.420134821e-04,1.002978936e+03,2.978936478e+05,36
1.150000002e+00,1.199999701e-01,1.826093671e-05,-9.420134823e-04,1.002978936e+03,2.978936478e+05,36
1.160000002e+00,1.199999701e-01,1.826093193e-05,-9.420134821e-04,1.002978936e+03,2.978936478e+05,36
1.170000002e+00,1.199999701e-01,1.826093064e-05,-9.420134819e-04,1.002978936e+03,2.978936478e+05,36
1.180000002e+00,1.199999701e-01,1.826093330e-05,-9.420134820e-04,1.002978936e+03,2.978936478e+05,36
1.190000002e+00,1.199999701e-01,1.826093548e-05,-9.420134821e-04,1.002978936e+03,2.978936478e+05,36
1.200000002e+00,1.199999701e-01,1.826093525e-05,-9.420134820e-04,1.002978936e+03,2.978936478e+05,36
1.210000002e+00,1.199999701e-01,1.826093440e-05,-9.420134819e-04,1.002978936e+03,2.978936478e+05,36
1.220000002e+00,1.199999701e-01,1.826093403e-05,-9.420134819e-04,1.002978936e+03,2.978936478e+05,36
1.230000002e+00,1.199999701e-01,1.826093394e-05,-9.420134819e-04,1.002978936e+03,2.978936478e+05,36
1.240000002e+00,1.199999701e-01,1.826093392e-05,-9.420134820e-04,1.002978936e+03,2.978936478e+05,36
1.250000002e+00,1.199999701e-01,1.826093391e-05,-9.420134820e-04,1.002978936e+03,2.978936478e+05,36
1.260000002e+00,1.199999701e-01,1.826093391e-05,-9.420134819e-04,1.002978936e+03,2.978936478e+05,36
1.270000002e+00,1.199999701e-01,1.826093392e-05,-9.420134819e-04,1.002978936e+03,2.978936478e+05,36
1.280000002e+00,1.199999701e-01,1.826093393e-05,-9.420134819e-04,1.002978936e+03,2.978936478e+05,36
1.290000002e+00,1.199999701e-01,1.826093393e-05,-9.420134818e-04,1.002978936e+03,2.978936478e+05,36
1.300000002e+00,1.199999701e-01,1.826093389e-05,-9.420134818e-04,1.002978936e+03,2.978936478e+05,36
1.310000002e+00,1.199999701e-01,1.826093376e-05,-9.420134819e-04,1.002978936e+03,2.978936478e+05,36
1.320000002e+00,1.199999701e-01,1.826093347e-05,-9.420134820e-04,1.002978936e+03,2.978936478e+05,36
1.330000002e+00,1.199999701e-01,1.826093298e-05,-9.420134820e-04,1.002978936e+03,2.978936478e+05,36
1.340000002e+00,1.199999701e-01,1.826093223e-05,-9.420134817e-04,1.002978936e+03,2.978936478e+05,36
1.350000002e+00,1.199999701e-01,1.826093161e-05,-9.420134813e-04,1.002978936e+03,2.978936478e+05,36
1.360000002e+00,1.199999701e-01,1.826093171e-05,-9.420134810e-04,1.002978936e+03,2.978936478e+05,36
1.370000002e+00,1.199999701e-01,1.826093331e-05,-9.420134810e-04,1.002978936e+03,2.978936478e+05,36
1.380000002e+00,1.199999701e-01,1.826093673e-05,-9.420134812e-04,1.002978936e+03,2.978936478e+05,36
1.390000002e+00,1.199999701e-01,1.826093896e-05,-9.420134817e-04,1.002978936e+03,2.978936478e+05,36
1.400000002e+00,1.199999701e-01,1.826093682e-05,-9.420134821e-04,1.002978936e+03,2.978936478e+05,36
1.410000002e+00,1.199999701e-01,1.826093246e-05,-9.420134822e-04,1.002978936e+03,2.978936478e+05,36
1.420000002e+00,1.199999701e-01,1.826093083e-05,-9.420134822e-04,1.002978936e+03,2.978936478e+05,36
1.430000002e+00,1.199999701e-01,1.826093307e-05,-9.420134822e-04,1.002978936e+03,2.978936478e+05,36
1.440000002e+00,1.199999701e-01,1.826093526e-05,-9.420134821e-04,1.002978936e+03,2.978936478e+05,36
1.450000002e+00,1.199999701e-01,1.826093517e-05,-9.420134820e-04,1.002978936e+03,2.978936478e+05,36
1.460000002e+00,1.199999701e-01,1.826093440e-05,-9.420134818e-04,1.002978936e+03,2.978936478e+05,36
1.470000002e+00,1.199999701e-01,1.826093407e-05,-9.420134818e-04,1.002978936e+03,2.978936478e+05,36
1.480000002e+00,1.199999701e-01,1.826093400e-05,-9.420134817e-04,1.002978936e+03,2.978936478e+05,36
1.490000002e+00,1.199999701e-01,1.826093397e-05,-9.420134817e-04,1.002978936e+03,2.978936478e+05,36
1.500000002e+00,1.199999701e-01,1.826093394e-05,-9.420134817e-04,1.002978936e+03,2.978936478e+05,36
1.510000002e+00,1.199999701e-01,1.826093393e-05,-9.420134817e-04,1.002978936e+03,2.978936478e+05,36
1.520000002e+00,1.199999701e-01,1.826093392e-05,-9.420134817e-04,1.002978936e+03,2.978936478e+05,36
1.530000002e+00,1.199999701e-01,1.826093392e-05,-9.420134817e-04,1.002978936e+03,2.978936478e+05,36
1.540000002e+00,1.199999701e-01,1.826093392e-05,-9.420134817e-04,1.002978936e+03,2.978936478e+05,36
1.550000002e+00,1.199999701e-01,1.826093390e-05,-9.420134817e-04,1.002978936e+03,2.978936478e+05,36
1.560000002e+00,1.199999701e-01,1.826093385e-05,-9.420134817e-04,1.002978936e+03,2.978936478e+05,36
1.570000002e+00,1.199999701e-01,1.826093370e-05,-9.420134818e-04,1.002978936e+03,2.978936478e+05,36
1.580000002e+00,1.199999701e-01,1.826093344e-05,-9.420134819e-04,1.002978936e+03,2.978936478e+05,36
1.590000002e+00,1.199999701e-01,1.826093298e-05,-9.420134819e-04,1.002978936e+03,2.978936478e+05,36
1.600000002e+00,1.199999701e-01,1.826093222e-05,-9.420134817e-04,1.002978936e+03,2.978936478e+05,36
1.610000002e+00,1.199999701e-01,1.826093158e-05,-9.420134812e-04,1.002978936e+03,2.978936478e+05,36
1.620000002e+00,1.199999701e-01,1.826093170e-05,-9.420134810e-04,1.002978936e+03,2.978936478e+05,36
1.630000002e+00,1.199999701e-01,1.826093343e-05,-9.420134810e-04,1.002978936e+03,2.978936478e+05,36
1.640000002e+00,1.199999701e-01,1.826093723e-05,-9.420134813e-04,1.002978936e+03,2.978936478e+05,36
1.650000002e+00,1.199999701e-01,1.826093951e-05,-9.420134820e-04,1.002978936e+03,2.978936478e+05,36
1.660000002e+00,1.199999701e-01,1.826093626e-05,-9.420134824e-04,1.002978936e+03,2.978936478e+05,36
1.670000002e+00,1.199999701e-01,1.826093098e-05,-9.420134822e-04,1.002978936e+03,2.978936478e+05,36
1.680000002e+00,1.199999701e-01,1.826092983e-05,-9.420134817e-04,1.002978936e+03,2.978936478e+05,36
1.690000002e+00,1.199999701e-01,1.826093036e-05,-9.420134816e-04,1.002978936e+03,2.978936478e+05,36
1.700000002e+00,1.199999701e-01,1.826091651e-05,-9.420134806e-04,1.002978936e+03,2.978936478e+05,36
1.710000002e+00,1.199999701e-01,1.826082981e-05,-9.420134750e-04,1.002978936e+03,2.978936478e+05,36
1.720000002e+00,1.199999701e-01,1.826037173e-05,-9.420134443e-04,1.002978936e+03,2.978936479e+05,36
1.730000002e+00,1.199999701e-01,1.825799272e-05,-9.420132783e-04,1.002978936e+03,2.978936485e+05,36
1.740000002e+00,1.199999701e-01,1.824589252e-05,-9.420123954e-04,1.002978937e+03,2.978936512e+05,36
1.750000002e+00,1.199999701e-01,1.818582731e-05,-9.420077880e-04,1.002978937e+03,2.978936647e+05,36
1.760000002e+00,1.199999701e-01,1.789575578e-05,-9.419842835e-04,1.002978937e+03,2.978937309e+05,36
1.770000002e+00,1.199999701e-01,1.653437228e-05,-9.418671150e-04,1.002978940e+03,2.978940459e+05,36
1.780000002e+00,1.199999701e-01,1.031750274e-05,-9.412960101e-04,1.002978955e+03,2.978954986e+05,36
1.790000002e+00,1.199999701e-01,-1.721881415e-05,-9.385808245e-04,1.002979020e+03,2.979019843e+05,36
1.800000001e+00,1.199999703e-01,-1.348283124e-04,-9.260163801e-04,1.002979301e+03,2.979301269e+05,36
1.809999995e+00,1.199999709e-01,-6.198609523e-04,-8.692565379e-04,1.002980479e+03,2.980479041e+05,36
1.819999972e+00,1.199999737e-01,-2.553232401e-03,-6.193697810e-04,1.002985192e+03,2.985191627e+05,36
1.829999877e+00,1.199999863e-01,-9.903236143e-03,4.416563731e-04,1.003003375e+03,3.003375473e+05,36
1.839999510e+00,1.200000415e-01,-3.650081928e-02,4.836018041e-03,1.003070825e+03,3.070825098e+05,36
1.849998133e+00,1.200002803e-01,-1.288595412e-01,2.274307863e-02,1.003303473e+03,3.303472931e+05,36
1.859993201e+00,1.200012699e-01,-4.286420135e-01,9.194485212e-02,1.004067950e+03,4.067949549e+05,36
1.869977238e+00,1.200050724e-01,-1.298929065e+00,3.408844926e-01,1.006482330e+03,6.482330370e+05,36
1.879927367e+00,1.200203779e-01,-3.681565014e+00,1.255055718e+00,1.013176416e+03,1.317641569e+06,36
1.889782786e+00,1.200782616e-01,-9.077760309e+00,4.219682362e+00,1.027131878e+03,2.713187843e+06,37
1.899437467e+00,1.202309227e-01,-1.804270681e+01,1.092252401e+01,1.053232592e+03,5.323259198e+06,38
1.908817809e+00,1.203942761e-01,-2.583181124e+01,1.856258326e+01,1.071339065e+03,7.133906532e+06,36
1.918135607e+00,1.201830950e-01,-2.488788478e+01,1.756545017e+01,1.034100125e+03,3.410012519e+06,35
1.928090643e+00,1.195037268e-01,-1.844972882e+01,6.475900730e+00,9.678243225e+02,-3.217567752e+06,37
1.938760638e+00,1.192603943e-01,-2.038134035e+01,3.163567217e-01,9.750626911e+02,-2.493730891e+06,37
1.948698803e+00,1.197931817e-01,-3.881247121e+01,4.154524312e+00,1.054580558e+03,5.458055816e+06,36
1.957568674e+00,1.203145338e-01,-5.773537613e+01,9.780423883e+00,1.175508422e+03,1.755084220e+07,34
1.969479694e+00,1.205625363e-01,-9.217185278e+00,1.225152117e+01,1.162121162e+03,1.621211623e+07,35
1.989602722e+00,1.207384566e-01,-7.324473482e+00,1.409083819e+01,8.621606932e+02,-1.378393068e+07,30
1.388043854e-02,1.206767333e-01,7.338388403e+01,1.375407639e+01,9.417133610e+02,-5.828663902e+06,31
1.967446490e+00,1.206325678e-01,-6.633252647e+01,1.289663530e+01,1.187810532e+03,1.878105321e+07,36
3.226504053e-02,1.313400836e-01,6.124230874e+01,2.508724206e+01,1.187003149e+03,1.870031493e+07,35
1.985547808e+00,1.308438791e-01,-7.949752778e+01,1.825877492e+01,9.447084259e+02,-5.529157405e+06,30
1.070585530e-02,1.310940322e-01,1.457227368e+01,1.909064175e+01,8.532363636e+02,-1.467636364e+07,30
3.020563807e-02,1.311949374e-01,4.501850876e+00,2.416283458e+01,1.164063937e+03,1.640639371e+07,35
4.212823418e-02,1.306803995e-01,5.122103249e+01,1.444787687e+01,1.168599432e+03,1.685994323e+07,35
5.120368358e-02,1.302074380e-01,3.638476720e+01,4.427935341e+00,1.050054826e+03,5.005482575e+06,36
6.100843038e-02,1.300636321e-01,1.988154440e+01,1.755883907e+00,9.849206975e+02,-1.507930250e+06,38
7.113835877e-02,1.302876490e-01,1.205733305e+01,6.423572857e+00,9.788461069e+02,-2.115389308e+06,35
8.086445925e-02,1.304979886e-01,9.441620422e+00,1.192901545e+01,1.009038824e+03,9.038824463e+05,35
9.051853914e-02,1.304021513e-01,9.273020723e+00,1.181922288e+01,1.030954096e+03,3.095409557e+06,36
1.002708625e-01,1.301870665e-01,7.738914368e+00,7.127068396e+00,1.029390530e+03,2.939052963e+06,37
1.101193857e-01,1.300641303e-01,4.735581472e+00,3.081621870e+00,1.018386579e+03,1.838657853e+06,36
1.200454283e-01,1.300188476e-01,2.204742106e+00,1.069876999e+00,1.009581946e+03,9.581946110e+05,36
1.300157957e-01,1.300053150e-01,8.723215691e-01,3.373336970e-01,1.005360052e+03,5.360052127e+05,36
1.400049079e-01,1.300013541e-01,3.029260550e-01,9.654660369e-02,1.003769458e+03,3.769457896e+05,36
1.500013975e-01,1.300002684e-01,9.483838711e-02,2.418685051e-02,1.003227154e+03,3.227154168e+05,36
1.600003823e-01,1.299999982e-01,2.792307897e-02,4.634743300e-03,1.003052239e+03,3.052238775e+05,36
1.700001014e-01,1.299999334e-01,7.808039096e-03,-3.864016251e-04,1.003000314e+03,3.000314480e+05,36
1.800000268e-01,1.299999181e-01,2.075167214e-03,-1.642816093e-03,1.002986000e+03,2.985999570e+05,36
1.900000080e-01,1.299999147e-01,5.372072434e-04,-1.945205197e-03,1.002982205e+03,2.982205490e+05,36
2.000000035e-01,1.299999139e-01,1.445396842e-04,-2.015131787e-03,1.002981242e+03,2.981242151e+05,36
2.100000025e-01,1.299999137e-01,4.785525629e-05,-2.030861578e-03,1.002981009e+03,2.981009266e+05,36
2.200000022e-01,1.299999137e-01,2.494874429e-05,-2.034304391e-03,1.002980955e+03,2.980955000e+05,36
2.300000022e-01,1.299999137e-01,1.972670215e-05,-2.035035987e-03,1.002980943e+03,2.980942728e+05,36
2.400000022e-01,1.299999137e-01,1.857317248e-05,-2.035187466e-03,1.002980940e+03,2.980940046e+05,36
2.500000022e-01,1.299999137e-01,1.832553654e-05,-2.035218106e-03,1.002980939e+03,2.980939479e+05,36
2.600000022e-01,1.299999137e-01,1.827393432e-05,-2.035224157e-03,1.002980939e+03,2.980939362e+05,36
2.700000022e-01,1.299999137e-01,1.826348113e-05,-2.035225324e-03,1.002980939e+03,2.980939339e+05,36
2.800000022e-01,1.299999137e-01,1.826141500e-05,-2.035225545e-03,1.002980939e+03,2.980939334e+05,36
2.900000022e-01,1.299999137e-01,1.826101551e-05,-2.035225585e-03,1.002980939e+03,2.980939334e+05,36
3.000000022e-01,1.299999137e-01,1.826094002e-05,-2.035225592e-03,1.002980939e+03,2.980939333e+05,36
3.100000022e-01,1.299999137e-01,1.826092651e-05,-2.035225594e-03,1.002980939e+03,2.980939333e+05,36
3.200000022e-01,1.299999137e-01,1.826092465e-05,-2.035225594e-03,1.002980939e+03,2.980939333e+05,36
3.300000022e-01,1.299999137e-01,1.826092489e-05,-2.035225594e-03,1.002980939e+03,2.980939333e+05,36
3.400000022e-01,1.299999137e-01,1.826092508e-05,-2.035225594e-03,1.002980939e+03,2.980939333e+05,36
3.500000022e-01,1.299999137e-01,1.826092455e-05,-2.035225594e-03,1.002980939e+03,2.980939333e+05,36
3.600000022e-01,1.299999137e-01,1.826092363e-05,-2.035225594e-03,1.002980939e+03,2.980939333e+05,36
3.700000022e-01,1.299999137e-01,1.826092303e-05,-2.035225594e-03,1.002980939e+03,2.980939333e+05,36
3.800000022e-01,1.299999137e-01,1.826092355e-05,-2.035225594e-03,1.002980939e+03,2.980939333e+05,36
3.900000022e-01,1.299999137e-01,1.826092477e-05,-2.035225594e-03,1.002980939e+03,2.980939333e+05,36
4.000000022e-01,1.299999137e-01,1.826092524e-05,-2.035225594e-03,1.002980939e+03,2.980939333e+05,36
4.100000022e-01,1.299999137e-01,1.826092464e-05,-2.035225594e-03,1.002980939e+03,2.980939333e+05,36
4.200000022e-01,1.299999137e-01,1.826092367e-05,-2.035225594e-03,1.002980939e+03,2.980939333e+05,36
4.300000022e-01,1.299999137e-01,1.826092303e-05,-2.035225594e-03,1.002980939e+03,2.980939333e+05,36
4.400000022e-01,1.299999137e-01,1.826092352e-05,-2.035225594e-03,1.002980939e+03,2.980939333e+05,36
4.500000022e-01,1.299999137e-01,1.826092470e-05,-2.035225594e-03,1.002980939e+03,2.980939333e+05,36
4.600000022e-01,1.299999137e-01,1.826092511e-05,-2.035225594e-03,1.002980939e+03,2.980939333e+05,36
4.700000022e-01,1.299999137e-01,1.826092444e-05,-2.035225594e-03,1.002980939e+03,2.980939333e+05,36
4.800000022e-01,1.299999137e-01,1.826092349e-05,-2.035225594e-03,1.002980939e+03,2.980939333e+05,36
4.900000022e-01,1.299999137e-01,1.826092305e-05,-2.035225594e-03,1.002980939e+03,2.980939333e+05,36
5.000000022e-01,1.299999137e-01,1.826092375e-05,-2.035225594e-03,1.002980939e+03,2.980939333e+05,36
5.100000022e-01,1.299999137e-01,1.826092481e-05,-2.035225594e-03,1.002980939e+03,2.980939333e+05,36
5.200000022e-01,1.299999137e-01,1.826092491e-05,-2.035225594e-03,1.002980939e+03,2.980939333e+05,36
5.300000022e-01,1.299999137e-01,1.826092413e-05,-2.035225594e-03,1.002980939e+03,2.980939333e+05,36
5.400000022e-01,1.299999137e-01,1.826092340e-05,-2.035225594e-03,1.002980939e+03,2.980939333e+05,36
5.500000022e-01,1.299999137e-01,1.826092376e-05,-2.035225594e-03,1.002980939e+03,2.980939333e+05,36
5.600000022e-01,1.299999137e-01,1.826092506e-05,-2.035225594e-03,1.002980939e+03,2.980939333e+05,36
5.700000022e-01,1.299999137e-01,1.826092531e-05,-2.035225594e-03,1.002980939e+03,2.980939333e+05,36
5.800000022e-01,1.299999137e-01,1.826092368e-05,-2.035225594e-03,1.002980939e+03,2.980939333e+05,36
5.900000022e-01,1.299999137e-01,1.826092239e-05,-2.035225594e-03,1.002980939e+03,2.980939333e+05,36
6.000000022e-01,1.299999137e-01,1.826092346e-05,-2.035225594e-03,1.002980939e+03,2.980939333e+05,36
6.100000022e-01,1.299999137e-01,1.826092516e-05,-2.035225594e-03,1.002980939e+03,2.980939333e+05,36
6.200000022e-01,1.299999137e-01,1.826092531e-05,-2.035225594e-03,1.002980939e+03,2.980939333e+05,36
6.300000022e-01,1.299999137e-01,1.826092469e-05,-2.035225594e-03,1.002980939e+03,2.980939333e+05,36
6.400000022e-01,1.299999137e-01,1.826092440e-05,-2.035225594e-03,1.002980939e+03,2.980939333e+05,36
6.500000022e-01,1.299999137e-01,1.826092417e-05,-2.035225594e-03,1.002980939e+03,2.980939333e+05,36
6.600000022e-01,1.299999137e-01,1.826092360e-05,-2.035225594e-03,1.002980939e+03,2.980939333e+05,36
6.700000022e-01,1.299999137e-01,1.826092309e-05,-2.035225594e-03,1.002980939e+03,2.980939333e+05,36
6.800000022e-01,1.299999137e-01,1.826092364e-05,-2.035225594e-03,1.002980939e+03,2.980939333e+05,36
6.900000022e-01,1.299999137e-01,1.826092505e-05,-2.035225594e-03,1.002980939e+03,2.980939333e+05,36
7.000000022e-01,1.299999137e-01,1.826092530e-05,-2.035225594e-03,1.002980939e+03,2.980939333e+05,36
7.100000022e-01,1.299999137e-01,1.826092364e-05,-2.035225594e-03,1.002980939e+03,2.980939333e+05,36
7.200000022e-01,1.299999137e-01,1.826092235e-05,-2.035225594e-03,1.002980939e+03,2.980939333e+05,36
7.300000022e-01,1.299999137e-01,1.826092344e-05,-2.035225594e-03,1.002980939e+03,2.980939333e+05,36
7.400000022e-01,1.299999137e-01,1.826092516e-05,-2.035225594e-03,1.002980939e+03,2.980939333e+05,36
7.500000022e-01,1.299999137e-01,1.826092533e-05,-2.035225594e-03,1.002980939e+03,2.980939333e+05,36
7.600000022e-01,1.299999137e-01,1.826092469e-05,-2.035225594e-03,1.002980939e+03,2.980939333e+05,36
7.700000022e-01,1.299999137e-01,1.826092437e-05,-2.035225594e-03,1.002980939e+03,2.980939333e+05,36
7.800000022e-01,1.299999137e-01,1.826092412e-05,-2.035225594e-03,1.002980939e+03,2.980939333e+05,36
7.900000022e-01,1.299999137e-01,1.826092357e-05,-2.035225594e-03,1.002980939e+03,2.980939333e+05,36
8.000000022e-01,1.299999137e-01,1.826092310e-05,-2.035225594e-03,1.002980939e+03,2.980939333e+05,36
8.100000022e-01,1.299999137e-01,1.826092366e-05,-2.035225594e-03,1.002980939e+03,2.980939333e+05,36
8.200000022e-01,1.299999137e-01,1.826092508e-05,-2.035225594e-03,1.002980939e+03,2.980939333e+05,36
8.300000022e-01,1.299999137e-01,1.826092536e-05,-2.035225594e-03,1.002980939e+03,2.980939333e+05,36
8.400000022e-01,1.299999137e-01,1.826092370e-05,-2.035225594e-03,1.002980939e+03,2.980939333e+05,36
8.500000022e-01,1.299999137e-01,1.826092234e-05,-2.035225594e-03,1.002980939e+03,2.980939333e+05,36
8.600000022e-01,1.299999137e-01,1.826092340e-05,-2.035225594e-03,1.002980939e+03,2.980939333e+05,36
8.700000022e-01,1.299999137e-01,1.826092513e-05,-2.035225594e-03,1.002980939e+03,2.980939333e+05,36
8.800000022e-01,1.299999137e-01,1.826092531e-05,-2.035225594e-03,1.002980939e+03,2.980939333e+05,36
8.900000022e-01,1.299999137e-01,1.826092467e-05,-2.035225594e-03,1.002980939e+03,2.980939333e+05,36
9.000000022e-01,1.299999137e-01,1.826092425e-05,-2.035225594e-03,1.002980939e+03,2.980939333e+05,36
9.100000022e-01,1.299999137e-01,1.826092372e-05,-2.035225594e-03,1.002980939e+03,2.980939333e+05,36
9.200000022e-01,1.299999137e-01,1.826092316e-05,-2.035225594e-03,1.002980939e+03,2.980939333e+05,36
9.300000022e-01,1.299999137e-01,1.826092367e-05,-2.035225594e-03,1.002980939e+03,2.980939333e+05,36
9.400000022e-01,1.299999137e-01,1.826092509e-05,-2.035225594e-03,1.002980939e+03,2.980939333e+05,36
9.500000022e-01,1.299999137e-01,1.826092542e-05,-2.035225594e-03,1.002980939e+03,2.980939333e+05,36
9.600000022e-01,1.299999137e-01,1.826092410e-05,-2.035225594e-03,1.002980939e+03,2.980939333e+05,36
9.700000022e-01,1.299999137e-01,1.826092372e-05,-2.035225594e-03,1.002980939e+03,2.980939333e+05,36
9.800000022e-01,1.299999137e-01,1.826092572e-05,-2.035225594e-03,1.002980939e+03,2.980939333e+05,36
9.900000022e-01,1.299999137e-01,1.826092650e-05,-2.035225595e-03,1.002980939e+03,2.980939333e+05,36
1.000000002e+00,1.299999137e-01,1.826092430e-05,-2.035225595e-03,1.002980939e+03,2.980939333e+05,36
1.010000002e+00,1.299999137e-01,1.826092273e-05,-2.035225594e-03,1.002980939e+03,2.980939333e+05,36
1.020000002e+00,1.299999137e-01,1.826092304e-05,-2.035225594e-03,1.002980939e+03,2.980939333e+05,36
1.030000002e+00,1.299999137e-01,1.826092360e-05,-2.035225594e-03,1.002980939e+03,2.980939333e+05,36
1.040000002e+00,1.299999137e-01,1.826092393e-05,-2.035225594e-03,1.002980939e+03,2.980939333e+05,36
1.050000002e+00,1.299999137e-01,1.826092410e-05,-2.035225594e-03,1.002980939e+03,2.980939333e+05,36
1.060000002e+00,1.299999137e-01,1.826092410e-05,-2.035225594e-03,1.002980939e+03,2.980939333e+05,36
1.070000002e+00,1.299999137e-01,1.826092386e-05,-2.035225594e-03,1.002980939e+03,2.980939333e+05,36
1.080000002e+00,1.299999137e-01,1.826092330e-05,-2.035225594e-03,1.002980939e+03,2.980939333e+05,36
1.090000002e+00,1.299999137e-01,1.826092271e-05,-2.035225593e-03,1.002980939e+03,2.980939333e+05,36
1.100000002e+00,1.299999137e-01,1.826092223e-05,-2.035225593e-03,1.002980939e+03,2.980939333e+05,36
1.110000002e+00,1.299999137e-01,1.826092168e-05,-2.035225593e-03,1.002980939e+03,2.980939333e+05,36
1.120000002e+00,1.299999137e-01,1.826092272e-05,-2.035225593e-03,1.002980939e+03,2.980939333e+05,36
1.130000002e+00,1.299999137e-01,1.826092656e-05,-2.035225594e-03,1.002980939e+03,2.980939333e+05,36
1.140000002e+00,1.299999137e-01,1.826092915e-05,-2.035225594e-03,1.002980939e+03,2.980939333e+05,36
1.150000002e+00,1.299999137e-01,1.826092686e-05,-2.035225595e-03,1.002980939e+03,2.980939333e+05,36
1.160000002e+00,1.299999137e-01,1.826092248e-05,-2.035225595e-03,1.002980939e+03,2.980939333e+05,36
1.170000002e+00,1.299999137e-01,1.826092103e-05,-2.035225594e-03,1.002980939e+03,2.980939333e+05,36
1.180000002e+00,1.299999137e-01,1.826092344e-05,-2.035225594e-03,1.002980939e+03,2.980939333e+05,36
1.190000002e+00,1.299999137e-01,1.826092572e-05,-2.035225594e-03,1.002980939e+03,2.980939333e+05,36
1.200000002e+00,1.299999137e-01,1.826092557e-05,-2.035225594e-03,1.002980939e+03,2.980939333e+05,36
1.210000002e+00,1.299999137e-01,1.826092466e-05,-2.035225594e-03,1.002980939e+03,2.980939333e+05,36
1.220000002e+00,1.299999137e-01,1.826092423e-05,-2.035225594e-03,1.002980939e+03,2.980939333e+05,36
1.230000002e+00,1.299999137e-01,1.826092414e-05,-2.035225594e-03,1.002980939e+03,2.980939333e+05,36
1.240000002e+00,1.299999137e-01,1.826092414e-05,-2.035225594e-03,1.002980939e+03,2.980939333e+05,36
1.250000002e+00,1.299999137e-01,1.826092415e-05,-2.035225594e-03,1.002980939e+03,2.980939333e+05,36
1.260000002e+00,1.299999137e-01,1.826092416e-05,-2.035225594e-03,1.002980939e+03,2.980939333e+05,36
1.270000002e+00,1.299999137e-01,1.826092417e-05,-2.035225594e-03,1.002980939e+03,2.980939333e+05,36
1.280000002e+00,1.299999137e-01,1.826092418e-05,-2.035225594e-03,1.002980939e+03,2.980939333e+05,36
1.290000002e+00,1.299999137e-01,1.826092416e-05,-2.035225594e-03,1.002980939e+03,2.980939333e+05,36
1.300000002e+00,1.299999137e-01,1.826092410e-05,-2.035225594e-03,1.002980939e+03,2.980939333e+05,36
1.310000002e+00,1.299999137e-01,1.826092394e-05,-2.035225594e-03,1.002980939e+03,2.980939333e+05,36
1.320000002e+00,1.299999137e-01,1.826092368e-05,-2.035225594e-03,1.002980939e+03,2.980939333e+05,36
1.330000002e+00,1.299999137e-01,1.826092339e-05,-2.035225594e-03,1.002980939e+03,2.980939333e+05,36
1.340000002e+00,1.299999137e-01,1.826092284e-05,-2.035225594e-03,1.002980939e+03,2.980939333e+05,36
1.350000002e+00,1.299999137e-01,1.826092208e-05,-2.035225593e-03,1.002980939e+03,2.980939333e+05,36
1.360000002e+00,1.299999137e-01,1.826092198e-05,-2.035225593e-03,1.002980939e+03,2.980939333e+05,36
1.370000002e+00,1.299999137e-01,1.826092350e-05,-2.035225593e-03,1.002980939e+03,2.980939333e+05,36
1.380000002e+00,1.299999137e-01,1.826092660e-05,-2.035225593e-03,1.002980939e+03,2.980939333e+05,36
1.390000002e+00,1.299999137e-01,1.826092856e-05,-2.035225594e-03,1.002980939e+03,2.980939333e+05,36
1.400000002e+00,1.299999137e-01,1.826092668e-05,-2.035225595e-03,1.002980939e+03,2.980939333e+05,36
1.410000002e+00,1.299999137e-01,1.826092272e-05,-2.035225595e-03,1.002980939e+03,2.980939333e+05,36
1.420000002e+00,1.299999137e-01,1.826092115e-05,-2.035225595e-03,1.002980939e+03,2.980939333e+05,36
1.430000002e+00,1.299999137e-01,1.826092335e-05,-2.035225594e-03,1.002980939e+03,2.980939333e+05,36
1.440000002e+00,1.299999137e-01,1.826092563e-05,-2.035225594e-03,1.002980939e+03,2.980939333e+05,36
1.450000002e+00,1.299999137e-01,1.826092556e-05,-2.035225594e-03,1.002980939e+03,2.980939333e+05,36
1.460000002e+00,1.299999137e-01,1.826092469e-05,-2.035225594e-03,1.002980939e+03,2.980939333e+05,36
1.470000002e+00,1.299999137e-01,1.826092430e-05,-2.035225594e-03,1.002980939e+03,2.980939333e+05,36
1.480000002e+00,1.299999137e-01,1.826092422e-05,-2.035225594e-03,1.002980939e+03,2.980939333e+05,36
1.490000002e+00,1.299999137e-01,1.826092419e-05,-2.035225594e-03,1.002980939e+03,2.980939333e+05,36
1.500000002e+00,1.299999137e-01,1.826092416e-05,-2.035225594e-03,1.002980939e+03,2.980939333e+05,36
1.510000002e+00,1.299999137e-01,1.826092414e-05,-2.035225594e-03,1.002980939e+03,2.980939333e+05,36
1.520000002e+00,1.299999137e-01,1.826092414e-05,-2.035225594e-03,1.002980939e+03,2.980939333e+05,36
1.530000002e+00,1.299999137e-01,1.826092414e-05,-2.035225594e-03,1.002980939e+03,2.980939333e+05,36
1.540000002e+00,1.299999137e-01,1.826092414e-05,-2.035225594e-03,1.002980939e+03,2.980939333e+05,36
1.550000002e+00,1.299999137e-01,1.826092412e-05,-2.035225594e-03,1.002980939e+03,2.980939333e+05,36
1.560000002e+00,1.299999137e-01,1.826092406e-05,-2.035225594e-03,1.002980939e+03,2.980939333e+05,36
1.570000002e+00,1.299999137e-01,1.826092389e-05,-2.035225594e-03,1.002980939e+03,2.980939333e+05,36
1.580000002e+00,1.299999137e-01,1.826092364e-05,-2.035225594e-03,1.002980939e+03,2.980939333e+05,36
1.590000002e+00,1.299999137e-01,1.826092337e-05,-2.035225594e-03,1.002980939e+03,2.980939333e+05,36
1.600000002e+00,1.299999137e-01,1.826092282e-05,-2.035225594e-03,1.002980939e+03,2.980939333e+05,36
1.610000002e+00,1.299999137e-01,1.826092207e-05,-2.035225593e-03,1.002980939e+03,2.980939333e+05,36
1.620000002e+00,1.299999137e-01,1.826092198e-05,-2.035225593e-03,1.002980939e+03,2.980939333e+05,36
1.630000002e+00,1.299999137e-01,1.826092359e-05,-2.035225593e-03,1.002980939e+03,2.980939333e+05,36
1.640000002e+00,1.299999137e-01,1.826092690e-05,-2.035225594e-03,1.002980939e+03,2.980939333e+05,36
1.650000002e+00,1.299999137e-01,1.826092889e-05,-2.035225594e-03,1.002980939e+03,2.980939333e+05,36
1.660000002e+00,1.299999137e-01,1.826092634e-05,-2.035225595e-03,1.002980939e+03,2.980939333e+05,36
1.670000002e+00,1.299999137e-01,1.826092180e-05,-2.035225595e-03,1.002980939e+03,2.980939333e+05,36
1.680000002e+00,1.299999137e-01,1.826092041e-05,-2.035225594e-03,1.002980939e+03,2.980939333e+05,36
1.690000002e+00,1.299999137e-01,1.826092084e-05,-2.035225594e-03,1.002980939e+03,2.980939333e+05,36
1.700000002e+00,1.299999137e-01,1.826090907e-05,-2.035225593e-03,1.002980939e+03,2.980939333e+05,36
1.710000002e+00,1.299999137e-01,1.826083325e-05,-2.035225585e-03,1.002980939e+03,2.980939334e+05,36
1.720000002e+00,1.299999137e-01,1.826043374e-05,-2.035225544e-03,1.002980939e+03,2.980939334e+05,36
1.730000002e+00,1.299999137e-01,1.825836820e-05,-2.035225323e-03,1.002980939e+03,2.980939339e+05,36
1.740000002e+00,1.299999137e-01,1.824791458e-05,-2.035224156e-03,1.002980939e+03,2.980939362e+05,36
1.750000002e+00,1.299999137e-01,1.819631166e-05,-2.035218106e-03,1.002980939e+03,2.980939479e+05,36
1.760000002e+00,1.299999137e-01,1.794867576e-05,-2.035187467e-03,1.002980940e+03,2.980940046e+05,36
1.770000002e+00,1.299999137e-01,1.679514588e-05,-2.035035987e-03,1.002980943e+03,2.980942728e+05,36
1.780000002e+00,1.299999137e-01,1.157310404e-05,-2.034304390e-03,1.002980955e+03,2.980955000e+05,36
1.790000002e+00,1.299999137e-01,-1.133340772e-05,-2.030861577e-03,1.002981009e+03,2.981009266e+05,36
1.800000001e+00,1.299999139e-01,-1.080178371e-04,-2.015131787e-03,1.002981242e+03,2.981242151e+05,36
1.809999996e+00,1.299999147e-01,-5.006853959e-04,-1.945205198e-03,1.002982205e+03,2.982205490e+05,36
1.819999978e+00,1.299999181e-01,-2.038645364e-03,-1.642816094e-03,1.002986000e+03,2.985999570e+05,36
1.829999903e+00,1.299999334e-01,-7.771517247e-03,-3.864016253e-04,1.003000314e+03,3.000314480e+05,36
1.839999622e+00,1.299999982e-01,-2.788655712e-02,4.634743301e-03,1.003052239e+03,3.052238775e+05,36
1.849998607e+00,1.300002684e-01,-9.480186526e-02,2.418685051e-02,1.003227154e+03,3.227154168e+05,36
1.859995096e+00,1.300013541e-01,-3.028895331e-01,9.654660369e-02,1.003769458e+03,3.769457896e+05,36
1.869984209e+00,1.300053150e-01,-8.722850472e-01,3.373336970e-01,1.005360052e+03,5.360052126e+05,36
1.879954576e+00,1.300188476e-01,-2.204705584e+00,1.069876999e+00,1.009581946e+03,9.581946110e+05,36
1.889880619e+00,1.300641303e-01,-4.735544950e+00,3.081621871e+00,1.018386579e+03,1.838657853e+06,36
1.899729142e+00,1.301870665e-01,-7.738877845e+00,7.127068397e+00,1.029390530e+03,2.939052963e+06,37
1.909481465e+00,1.304021513e-01,-9.272984197e+00,1.181922288e+01,1.030954096e+03,3.095409556e+06,36
1.919135545e+00,1.304979886e-01,-9.441583890e+00,1.192901546e+01,1.009038824e+03,9.038824426e+05,35
1.928861646e+00,1.302876490e-01,-1.205729651e+01,6.423572877e+00,9.788461068e+02,-2.115389317e+06,35
1.938991574e+00,1.300636321e-01,-1.988150784e+01,1.755883958e+00,9.849206973e+02,-1.507930267e+06,38
1.948796321e+00,1.302074380e-01,-3.638473061e+01,4.427935448e+00,1.050054825e+03,5.005482548e+06,36
1.957871770e+00,1.306803995e-01,-5.122099589e+01,1.444787704e+01,1.168599432e+03,1.685994320e+07,35
1.969794366e+00,1.311949374e-01,-4.501814268e+00,2.416283483e+01,1.164063937e+03,1.640639368e+07,35
1.989294149e+00,1.310940322e-01,-1.457223739e+01,1.909064176e+01,8.532363630e+02,-1.467636370e+07,30
1.445219614e-02,1.308438791e-01,7.949756415e+01,1.825877483e+01,9.447084264e+02,-5.529157361e+06,30
1.967734964e+00,1.313400836e-01,-6.124227211e+01,2.508724230e+01,1.187003149e+03,1.870031490e+07,35
3.231527467e-02,1.423418354e-01,5.944798570e+01,2.824407149e+01,1.122634426e+03,1.226344256e+07,33
1.984606926e+00,1.412227052e-01,-8.806720201e+01,1.257869085e+01,8.997717591e+02,-1.002282409e+07,32
1.099334308e-02,1.408782841e-01,2.370026935e+01,1.282992148e+01,8.072140135e+02,-1.927859865e+07,33
2.966875103e-02,1.412741840e-01,-2.791478216e+00,2.646646629e+01,1.100584208e+03,1.005842085e+07,34
4.148357081e-02,1.407207197e-01,3.545714259e+01,1.605089635e+01,1.152771587e+03,1.527715874e+07,34
5.087208279e-02,1.402845409e-01,2.818037139e+01,2.873173514e+00,1.069754331e+03,6.975433141e+06,36
6.047732192e-02,1.402396735e-01,1.490946694e+01,-7.071486173e-01,1.026646223e+03,2.664622305e+06,36
7.033824643e-02,1.403239310e-01,6.087818268e+00,1.639374457e+00,1.015386262e+03,1.538626233e+06,34
8.024891084e-02,1.403270297e-01,3.110311864e+00,4.761002675e+00,1.021304228e+03,2.130422766e+06,34
9.017811365e-02,1.402123348e-01,3.325473293e+00,5.273663095e+00,1.024331386e+03,2.433138598e+06,36
1.001114891e-01,1.401022162e-01,3.329779041e+00,3.670989380e+00,1.018813416e+03,1.881341642e+06,36
1.100579553e-01,1.400402790e-01,2.326021235e+00,1.858883482e+00,1.011469132e+03,1.146913193e+06,36
1.200257330e-01,1.400141026e-01,1.224070548e+00,7.623320121e-01,1.006696956e+03,6.696956045e+05,36
1.300096122e-01,1.400042920e-01,5.205333386e-01,2.643073095e-01,1.004428138e+03,4.428137910e+05,36
1.400031107e-01,1.400010535e-01,1.894508477e-01,7.811081928e-02,1.003498814e+03,3.498813818e+05,36
1.500009318e-01,1.400001306e-01,6.256901649e-02,1.905701405e-02,1.003149518e+03,3.149518491e+05,36
1.600002672e-01,1.399998897e-01,1.930890788e-02,2.145843708e-03,1.003030854e+03,3.030854405e+05,36
1.700000734e-01,1.399998287e-01,5.577829278e-03,-2.463417385e-03,1.002994735e+03,2.994734750e+05,36
1.800000202e-01,1.399998138e-01,1.522146794e-03,-3.665792178e-03,1.002984458e+03,2.984457775e+05,36
1.900000066e-01,1.399998104e-01,4.063182972e-04,-3.963159848e-03,1.002981653e+03,2.981653153e+05,36
2.000000032e-01,1.399998096e-01,1.144928959e-04,-4.033669423e-03,1.002980927e+03,2.980926979e+05,36
2.100000024e-01,1.399998094e-01,4.115041134e-05,-4.049890747e-03,1.002980749e+03,2.980748675e+05,36
2.200000022e-01,1.399998094e-01,2.349951327e-05,-4.053505217e-03,1.002980706e+03,2.980706493e+05,36
2.300000022e-01,1.399998094e-01,1.942211074e-05,-4.054284927e-03,1.002980697e+03,2.980696830e+05,36
2.400000022e-01,1.399998094e-01,1.851063436e-05,-4.054448616e-03,1.002980695e+03,2.980694697e+05,36
2.500000022e-01,1.399998094e-01,1.831296455e-05,-4.054482140e-03,1.002980694e+03,2.980694242e+05,36
2.600000022e-01,1.399998094e-01,1.827142321e-05,-4.054488833e-03,1.002980694e+03,2.980694148e+05,36
2.700000022e-01,1.399998094e-01,1.826294520e-05,-4.054490138e-03,1.002980694e+03,2.980694129e+05,36
2.800000022e-01,1.399998094e-01,1.826125829e-05,-4.054490386e-03,1.002980694e+03,2.980694125e+05,36
2.900000022e-01,1.399998094e-01,1.826093016e-05,-4.054490433e-03,1.002980694e+03,2.980694124e+05,36
3.000000022e-01,1.399998094e-01,1.826086773e-05,-4.054490441e-03,1.002980694e+03,2.980694124e+05,36
3.100000022e-01,1.399998094e-01,1.826085657e-05,-4.054490442e-03,1.002980694e+03,2.980694124e+05,36
3.200000022e-01,1.399998094e-01,1.826085516e-05,-4.054490443e-03,1.002980694e+03,2.980694124e+05,36
3.300000022e-01,1.399998094e-01,1.826085540e-05,-4.054490443e-03,1.002980694e+03,2.980694124e+05,36
3.400000022e-01,1.399998094e-01,1.826085549e-05,-4.054490443e-03,1.002980694e+03,2.980694124e+05,36
3.500000022e-01,1.399998094e-01,1.826085498e-05,-4.054490443e-03,1.002980694e+03,2.980694124e+05,36
3.600000022e-01,1.399998094e-01,1.826085416e-05,-4.054490443e-03,1.002980694e+03,2.980694124e+05,36
3.700000022e-01,1.399998094e-01,1.826085358e-05,-4.054490443e-03,1.002980694e+03,2.980694124e+05,36
3.800000022e-01,1.399998094e-01,1.826085402e-05,-4.054490443e-03,1.002980694e+03,2.980694124e+05,36
3.900000022e-01,1.399998094e-01,1.826085519e-05,-4.054490443e-03,1.002980694e+03,2.980694124e+05,36
4.000000022e-01,1.399998094e-01,1.826085569e-05,-4.054490443e-03,1.002980694e+03,2.980694124e+05,36
4.100000022e-01,1.399998094e-01,1.826085512e-05,-4.054490443e-03,1.002980694e+03,2.980694124e+05,36
4.200000022e-01,1.399998094e-01,1.826085419e-05,-4.054490443e-03,1.002980694e+03,2.980694124e+05,36
4.300000022e-01,1.399998094e-01,1.826085358e-05,-4.054490443e-03,1.002980694e+03,2.980694124e+05,36
4.400000022e-01,1.399998094e-01,1.826085401e-05,-4.054490443e-03,1.002980694e+03,2.980694124e+05,36
4.500000022e-01,1.399998094e-01,1.826085514e-05,-4.054490443e-03,1.002980694e+03,2.980694124e+05,36
4.600000022e-01,1.399998094e-01,1.826085560e-05,-4.054490443e-03,1.002980694e+03,2.980694124e+05,36
4.700000022e-01,1.399998094e-01,1.826085509e-05,-4.054490443e-03,1.002980694e+03,2.980694124e+05,36
4.800000022e-01,1.399998094e-01,1.826085424e-05,-4.054490443e-03,1.002980694e+03,2.980694124e+05,36
4.900000022e-01,1.399998094e-01,1.826085359e-05,-4.054490442e-03,1.002980694e+03,2.980694124e+05,36
5.000000022e-01,1.399998094e-01,1.826085405e-05,-4.054490442e-03,1.002980694e+03,2.980694124e+05,36
5.100000022e-01,1.399998094e-01,1.826085523e-05,-4.054490443e-03,1.002980694e+03,2.980694124e+05,36
5.200000022e-01,1.399998094e-01,1.826085548e-05,-4.054490443e-03,1.002980694e+03,2.980694124e+05,36
5.300000022e-01,1.399998094e-01,1.826085461e-05,-4.054490443e-03,1.002980694e+03,2.980694124e+05,36
5.400000022e-01,1.399998094e-01,1.826085380e-05,-4.054490443e-03,1.002980694e+03,2.980694124e+05,36
5.500000022e-01,1.399998094e-01,1.826085423e-05,-4.054490443e-03,1.002980694e+03,2.980694124e+05,36
5.600000022e-01,1.399998094e-01,1.826085562e-05,-4.054490443e-03,1.002980694e+03,2.980694124e+05,36
5.700000022e-01,1.399998094e-01,1.826085588e-05,-4.054490443e-03,1.002980694e+03,2.980694124e+05,36
5.800000022e-01,1.399998094e-01,1.826085416e-05,-4.054490443e-03,1.002980694e+03,2.980694124e+05,36
5.900000022e-01,1.399998094e-01,1.826085277e-05,-4.054490443e-03,1.002980694e+03,2.980694124e+05,36
6.000000022e-01,1.399998094e-01,1.826085388e-05,-4.054490443e-03,1.002980694e+03,2.980694124e+05,36
6.100000022e-01,1.399998094e-01,1.826085574e-05,-4.054490443e-03,1.002980694e+03,2.980694124e+05,36
6.200000022e-01,1.399998094e-01,1.826085600e-05,-4.054490443e-03,1.002980694e+03,2.980694124e+05,36
6.300000022e-01,1.399998094e-01,1.826085529e-05,-4.054490443e-03,1.002980694e+03,2.980694124e+05,36
6.400000022e-01,1.399998094e-01,1.826085485e-05,-4.054490443e-03,1.002980694e+03,2.980694124e+05,36
6.500000022e-01,1.399998094e-01,1.826085456e-05,-4.054490443e-03,1.002980694e+03,2.980694124e+05,36
6.600000022e-01,1.399998094e-01,1.826085401e-05,-4.054490443e-03,1.002980694e+03,2.980694124e+05,36
6.700000022e-01,1.399998094e-01,1.826085352e-05,-4.054490443e-03,1.002980694e+03,2.980694124e+05,36
6.800000022e-01,1.399998094e-01,1.826085412e-05,-4.054490443e-03,1.002980694e+03,2.980694124e+05,36
6.900000022e-01,1.399998094e-01,1.826085560e-05,-4.054490443e-03,1.002980694e+03,2.980694124e+05,36
7.000000022e-01,1.399998094e-01,1.826085587e-05,-4.054490443e-03,1.002980694e+03,2.980694124e+05,36
7.100000022e-01,1.399998094e-01,1.826085412e-05,-4.054490443e-03,1.002980694e+03,2.980694124e+05,36
7.200000022e-01,1.399998094e-01,1.826085272e-05,-4.054490443e-03,1.002980694e+03,2.980694124e+05,36
7.300000022e-01,1.399998094e-01,1.826085387e-05,-4.054490443e-03,1.002980694e+03,2.980694124e+05,36
7.400000022e-01,1.399998094e-01,1.826085576e-05,-4.054490443e-03,1.002980694e+03,2.980694124e+05,36
7.500000022e-01,1.399998094e-01,1.826085602e-05,-4.054490443e-03,1.002980694e+03,2.980694124e+05,36
7.600000022e-01,1.399998094e-01,1.826085529e-05,-4.054490443e-03,1.002980694e+03,2.980694124e+05,36
7.700000022e-01,1.399998094e-01,1.826085479e-05,-4.054490443e-03,1.002980694e+03,2.980694124e+05,36
7.800000022e-01,1.399998094e-01,1.826085450e-05,-4.054490443e-03,1.002980694e+03,2.980694124e+05,36
7.900000022e-01,1.399998094e-01,1.826085400e-05,-4.054490443e-03,1.002980694e+03,2.980694124e+05,36
8.000000022e-01,1.399998094e-01,1.826085355e-05,-4.054490443e-03,1.002980694e+03,2.980694124e+05,36
8.100000022e-01,1.399998094e-01,1.826085414e-05,-4.054490443e-03,1.002980694e+03,2.980694124e+05,36
8.200000022e-01,1.399998094e-01,1.826085563e-05,-4.054490443e-03,1.002980694e+03,2.980694124e+05,36
8.300000022e-01,1.399998094e-01,1.826085593e-05,-4.054490443e-03,1.002980694e+03,2.980694124e+05,36
8.400000022e-01,1.399998094e-01,1.826085417e-05,-4.054490443e-03,1.002980694e+03,2.980694124e+05,36
8.500000022e-01,1.399998094e-01,1.826085274e-05,-4.054490443e-03,1.002980694e+03,2.980694124e+05,36
8.600000022e-01,1.399998094e-01,1.826085385e-05,-4.054490443e-03,1.002980694e+03,2.980694124e+05,36
8.700000022e-01,1.399998094e-01,1.826085574e-05,-4.054490443e-03,1.002980694e+03,2.980694124e+05,36
8.800000022e-01,1.399998094e-01,1.826085600e-05,-4.054490443e-03,1.002980694e+03,2.980694124e+05,36
8.900000022e-01,1.399998094e-01,1.826085525e-05,-4.054490443e-03,1.002980694e+03,2.980694124e+05,36
9.000000022e-01,1.399998094e-01,1.826085467e-05,-4.054490443e-03,1.002980694e+03,2.980694124e+05,36
9.100000022e-01,1.399998094e-01,1.826085408e-05,-4.054490443e-03,1.002980694e+03,2.980694124e+05,36
9.200000022e-01,1.399998094e-01,1.826085356e-05,-4.054490443e-03,1.002980694e+03,2.980694124e+05,36
9.300000022e-01,1.399998094e-01,1.826085412e-05,-4.054490443e-03,1.002980694e+03,2.980694124e+05,36
9.400000022e-01,1.399998094e-01,1.826085559e-05,-4.054490443e-03,1.002980694e+03,2.980694124e+05,36
9.500000022e-01,1.399998094e-01,1.826085594e-05,-4.054490443e-03,1.002980694e+03,2.980694124e+05,36
9.600000022e-01,1.399998094e-01,1.826085452e-05,-4.054490443e-03,1.002980694e+03,2.980694124e+05,36
9.700000022e-01,1.399998094e-01,1.826085400e-05,-4.054490443e-03,1.002980694e+03,2.980694124e+05,36
9.800000022e-01,1.399998094e-01,1.826085603e-05,-4.054490443e-03,1.002980694e+03,2.980694124e+05,36
9.900000022e-01,1.399998094e-01,1.826085699e-05,-4.054490443e-03,1.002980694e+03,2.980694124e+05,36
1.000000002e+00,1.399998094e-01,1.826085495e-05,-4.054490443e-03,1.002980694e+03,2.980694124e+05,36
1.010000002e+00,1.399998094e-01,1.826085340e-05,-4.054490443e-03,1.002980694e+03,2.980694124e+05,36
1.020000002e+00,1.399998094e-01,1.826085366e-05,-4.054490443e-03,1.002980694e+03,2.980694124e+05,36
1.030000002e+00,1.399998094e-01,1.826085420e-05,-4.054490443e-03,1.002980694e+03,2.980694124e+05,36
1.040000002e+00,1.399998094e-01,1.826085447e-05,-4.054490443e-03,1.002980694e+03,2.980694124e+05,36
1.050000002e+00,1.399998094e-01,1.826085458e-05,-4.054490443e-03,1.002980694e+03,2.980694124e+05,36
1.060000002e+00,1.399998094e-01,1.826085459e-05,-4.054490443e-03,1.002980694e+03,2.980694124e+05,36
1.070000002e+00,1.399998094e-01,1.826085442e-05,-4.054490443e-03,1.002980694e+03,2.980694124e+05,36
1.080000002e+00,1.399998094e-01,1.826085405e-05,-4.054490442e-03,1.002980694e+03,2.980694124e+05,36
1.090000002e+00,1.399998094e-01,1.826085363e-05,-4.054490442e-03,1.002980694e+03,2.980694124e+05,36
1.100000002e+00,1.399998094e-01,1.826085299e-05,-4.054490442e-03,1.002980694e+03,2.980694124e+05,36
1.110000002e+00,1.399998094e-01,1.826085203e-05,-4.054490442e-03,1.002980694e+03,2.980694124e+05,36
1.120000002e+00,1.399998094e-01,1.826085279e-05,-4.054490442e-03,1.002980694e+03,2.980694124e+05,36
1.130000002e+00,1.399998094e-01,1.826085643e-05,-4.054490443e-03,1.002980694e+03,2.980694124e+05,36
1.140000002e+00,1.399998094e-01,1.826085889e-05,-4.054490443e-03,1.002980694e+03,2.980694124e+05,36
1.150000002e+00,1.399998094e-01,1.826085703e-05,-4.054490444e-03,1.002980694e+03,2.980694124e+05,36
1.160000002e+00,1.399998094e-01,1.826085339e-05,-4.054490444e-03,1.002980694e+03,2.980694124e+05,36
1.170000002e+00,1.399998094e-01,1.826085205e-05,-4.054490443e-03,1.002980694e+03,2.980694124e+05,36
1.180000002e+00,1.399998094e-01,1.826085413e-05,-4.054490443e-03,1.002980694e+03,2.980694124e+05,36
1.190000002e+00,1.399998094e-01,1.826085627e-05,-4.054490443e-03,1.002980694e+03,2.980694124e+05,36
1.200000002e+00,1.399998094e-01,1.826085613e-05,-4.054490443e-03,1.002980694e+03,2.980694124e+05,36
1.210000002e+00,1.399998094e-01,1.826085518e-05,-4.054490443e-03,1.002980694e+03,2.980694124e+05,36
1.220000002e+00,1.399998094e-01,1.826085470e-05,-4.054490443e-03,1.002980694e+03,2.980694124e+05,36
1.230000002e+00,1.399998094e-01,1.826085460e-05,-4.054490443e-03,1.002980694e+03,2.980694124e+05,36
1.240000002e+00,1.399998094e-01,1.826085462e-05,-4.054490443e-03,1.002980694e+03,2.980694124e+05,36
1.250000002e+00,1.399998094e-01,1.826085465e-05,-4.054490443e-03,1.002980694e+03,2.980694124e+05,36
1.260000002e+00,1.399998094e-01,1.826085466e-05,-4.054490443e-03,1.002980694e+03,2.980694124e+05,36
1.270000002e+00,1.399998094e-01,1.826085466e-05,-4.054490443e-03,1.002980694e+03,2.980694124e+05,36
1.280000002e+00,1.399998094e-01,1.826085467e-05,-4.054490443e-03,1.002980694e+03,2.980694124e+05,36
1.290000002e+00,1.399998094e-01,1.826085465e-05,-4.054490443e-03,1.002980694e+03,2.980694124e+05,36
1.300000002e+00,1.399998094e-01,1.826085461e-05,-4.054490443e-03,1.002980694e+03,2.980694124e+05,36
1.310000002e+00,1.399998094e-01,1.826085449e-05,-4.054490443e-03,1.002980694e+03,2.980694124e+05,36
1.320000002e+00,1.399998094e-01,1.826085430e-05,-4.054490443e-03,1.002980694e+03,2.980694124e+05,36
1.330000002e+00,1.399998094e-01,1.826085410e-05,-4.054490442e-03,1.002980694e+03,2.980694124e+05,36
1.340000002e+00,1.399998094e-01,1.826085352e-05,-4.054490442e-03,1.002980694e+03,2.980694124e+05,36
1.350000002e+00,1.399998094e-01,1.826085255e-05,-4.054490442e-03,1.002980694e+03,2.980694124e+05,36
1.360000002e+00,1.399998094e-01,1.826085241e-05,-4.054490442e-03,1.002980694e+03,2.980694124e+05,36
1.370000002e+00,1.399998094e-01,1.826085405e-05,-4.054490442e-03,1.002980694e+03,2.980694124e+05,36
1.380000002e+00,1.399998094e-01,1.826085679e-05,-4.054490442e-03,1.002980694e+03,2.980694124e+05,36
1.390000002e+00,1.399998094e-01,1.826085823e-05,-4.054490443e-03,1.002980694e+03,2.980694124e+05,36
1.400000002e+00,1.399998094e-01,1.826085661e-05,-4.054490444e-03,1.002980694e+03,2.980694124e+05,36
1.410000002e+00,1.399998094e-01,1.826085342e-05,-4.054490444e-03,1.002980694e+03,2.980694124e+05,36
1.420000002e+00,1.399998094e-01,1.826085213e-05,-4.054490444e-03,1.002980694e+03,2.980694124e+05,36
1.430000002e+00,1.399998094e-01,1.826085413e-05,-4.054490443e-03,1.002980694e+03,2.980694124e+05,36
1.440000002e+00,1.399998094e-01,1.826085625e-05,-4.054490443e-03,1.002980694e+03,2.980694124e+05,36
1.450000002e+00,1.399998094e-01,1.826085611e-05,-4.054490443e-03,1.002980694e+03,2.980694124e+05,36
1.460000002e+00,1.399998094e-01,1.826085516e-05,-4.054490443e-03,1.002980694e+03,2.980694124e+05,36
1.470000002e+00,1.399998094e-01,1.826085472e-05,-4.054490443e-03,1.002980694e+03,2.980694124e+05,36
1.480000002e+00,1.399998094e-01,1.826085465e-05,-4.054490443e-03,1.002980694e+03,2.980694124e+05,36
1.490000002e+00,1.399998094e-01,1.826085465e-05,-4.054490443e-03,1.002980694e+03,2.980694124e+05,36
1.500000002e+00,1.399998094e-01,1.826085464e-05,-4.054490443e-03,1.002980694e+03,2.980694124e+05,36
1.510000002e+00,1.399998094e-01,1.826085463e-05,-4.054490443e-03,1.002980694e+03,2.980694124e+05,36
1.520000002e+00,1.399998094e-01,1.826085463e-05,-4.054490443e-03,1.002980694e+03,2.980694124e+05,36
1.530000002e+00,1.399998094e-01,1.826085462e-05,-4.054490443e-03,1.002980694e+03,2.980694124e+05,36
1.540000002e+00,1.399998094e-01,1.826085463e-05,-4.054490443e-03,1.002980694e+03,2.980694124e+05,36
1.550000002e+00,1.399998094e-01,1.826085463e-05,-4.054490443e-03,1.002980694e+03,2.980694124e+05,36
1.560000002e+00,1.399998094e-01,1.826085461e-05,-4.054490443e-03,1.002980694e+03,2.980694124e+05,36
1.570000002e+00,1.399998094e-01,1.826085450e-05,-4.054490443e-03,1.002980694e+03,2.980694124e+05,36
1.580000002e+00,1.399998094e-01,1.826085432e-05,-4.054490443e-03,1.002980694e+03,2.980694124e+05,36
1.590000002e+00,1.399998094e-01,1.826085411e-05,-4.054490442e-03,1.002980694e+03,2.980694124e+05,36
1.600000002e+00,1.399998094e-01,1.826085353e-05,-4.054490442e-03,1.002980694e+03,2.980694124e+05,36
1.610000002e+00,1.399998094e-01,1.826085257e-05,-4.054490442e-03,1.002980694e+03,2.980694124e+05,36
1.620000002e+00,1.399998094e-01,1.826085246e-05,-4.054490442e-03,1.002980694e+03,2.980694124e+05,36
1.630000002e+00,1.399998094e-01,1.826085412e-05,-4.054490442e-03,1.002980694e+03,2.980694124e+05,36
1.640000002e+00,1.399998094e-01,1.826085691e-05,-4.054490442e-03,1.002980694e+03,2.980694124e+05,36
1.650000002e+00,1.399998094e-01,1.826085835e-05,-4.054490443e-03,1.002980694e+03,2.980694124e+05,36
1.660000002e+00,1.399998094e-01,1.826085645e-05,-4.054490444e-03,1.002980694e+03,2.980694124e+05,36
1.670000002e+00,1.399998094e-01,1.826085298e-05,-4.054490444e-03,1.002980694e+03,2.980694124e+05,36
1.680000002e+00,1.399998094e-01,1.826085160e-05,-4.054490443e-03,1.002980694e+03,2.980694124e+05,36
1.690000002e+00,1.399998094e-01,1.826085184e-05,-4.054490442e-03,1.002980694e+03,2.980694124e+05,36
1.700000002e+00,1.399998094e-01,1.826084232e-05,-4.054490441e-03,1.002980694e+03,2.980694124e+05,36
1.710000002e+00,1.399998094e-01,1.826077982e-05,-4.054490433e-03,1.002980694e+03,2.980694124e+05,36
1.720000002e+00,1.399998094e-01,1.826045169e-05,-4.054490386e-03,1.002980694e+03,2.980694125e+05,36
1.730000002e+00,1.399998094e-01,1.825876508e-05,-4.054490137e-03,1.002980694e+03,2.980694129e+05,36
1.740000002e+00,1.399998094e-01,1.825028630e-05,-4.054488833e-03,1.002980694e+03,2.980694148e+05,36
1.750000002e+00,1.399998094e-01,1.820874418e-05,-4.054482140e-03,1.002980694e+03,2.980694242e+05,36
1.760000002e+00,1.399998094e-01,1.801107454e-05,-4.054448617e-03,1.002980695e+03,2.980694697e+05,36
1.770000002e+00,1.399998094e-01,1.709959858e-05,-4.054284928e-03,1.002980697e+03,2.980696830e+05,36
1.780000002e+00,1.399998094e-01,1.302219688e-05,-4.053505218e-03,1.002980706e+03,2.980706493e+05,36
1.790000002e+00,1.399998094e-01,-4.628701616e-06,-4.049890747e-03,1.002980749e+03,2.980748675e+05,36
1.800000001e+00,1.399998096e-01,-7.797118836e-05,-4.033669423e-03,1.002980927e+03,2.980926979e+05,36
1.809999998e+00,1.399998104e-01,-3.697965892e-04,-3.963159848e-03,1.002981653e+03,2.981653153e+05,36
1.819999984e+00,1.399998138e-01,-1.485625083e-03,-3.665792178e-03,1.002984458e+03,2.984457775e+05,36
1.829999931e+00,1.399998287e-01,-5.541307567e-03,-2.463417385e-03,1.002994735e+03,2.994734750e+05,36
1.839999737e+00,1.399998897e-01,-1.927238617e-02,2.145843709e-03,1.003030854e+03,3.030854405e+05,36
1.849999073e+00,1.400001306e-01,-6.253249477e-02,1.905701405e-02,1.003149518e+03,3.149518491e+05,36
1.859996894e+00,1.400010535e-01,-1.894143259e-01,7.811081928e-02,1.003498814e+03,3.498813818e+05,36
1.869990392e+00,1.400042920e-01,-5.204968168e-01,2.643073095e-01,1.004428138e+03,4.428137910e+05,36
1.879974271e+00,1.400141026e-01,-1.224034026e+00,7.623320122e-01,1.006696956e+03,6.696956044e+05,36
1.889942049e+00,1.400402790e-01,-2.325984712e+00,1.858883483e+00,1.011469132e+03,1.146913193e+06,36
1.899888515e+00,1.401022162e-01,-3.329742516e+00,3.670989381e+00,1.018813416e+03,1.881341642e+06,36
1.909821891e+00,1.402123348e-01,-3.325436763e+00,5.273663098e+00,1.024331386e+03,2.433138596e+06,36
1.919751094e+00,1.403270297e-01,-3.110275320e+00,4.761002687e+00,1.021304228e+03,2.130422759e+06,34
1.929661758e+00,1.403239310e-01,-6.087781689e+00,1.639374498e+00,1.015386262e+03,1.538626217e+06,34
1.939522682e+00,1.402396735e-01,-1.490943030e+01,-7.071485086e-01,1.026646223e+03,2.664622274e+06,36
1.949127922e+00,1.402845409e-01,-2.818033470e+01,2.873173727e+00,1.069754331e+03,6.975433079e+06,36
1.958516434e+00,1.407207197e-01,-3.545710588e+01,1.605089667e+01,1.152771586e+03,1.527715861e+07,34
1.970331253e+00,1.412741840e-01,2.791514695e+00,2.646646645e+01,1.100584207e+03,1.005842067e+07,34
1.989006661e+00,1.408782841e-01,-2.370023327e+01,1.282992102e+01,8.072140117e+02,-1.927859883e+07,33
1.539307786e-02,1.412227052e-01,8.806723803e+01,1.257869129e+01,8.997717611e+02,-1.002282389e+07,32
1.967684730e+00,1.423418354e-01,-5.944794923e+01,2.824407171e+01,1.122634424e+03,1.226344236e+07,33
3.334472957e-02,1.608664997e-01,6.075979816e+01,2.399521174e+01,1.092669319e+03,9.266931891e+06,34
1.985960799e+00,1.597360749e-01,-3.663715805e+01,4.050329861e+01,1.005102680e+03,5.102679594e+05,29
9.011132077e-03,1.547690034e-01,1.044115064e+01,4.650095322e+01,8.745039794e+02,-1.254960206e+07,25
2.896307800e-02,1.512011153e-01,-6.425395402e+00,1.285204666e+01,1.018093424e+03,1.809342446e+06,34
4.111680578e-02,1.501797758e-01,2.509698689e+01,2.976121416e+00,1.116597937e+03,1.165979365e+07,37
5.080507642e-02,1.499293651e-01,2.430987955e+01,-3.959284436e+00,1.079825208e+03,7.982520836e+06,35
6.035040854e-02,1.500271051e-01,1.381221400e+01,-3.140359651e+00,1.047633540e+03,4.763353970e+06,37
7.013361838e-02,1.501077082e-01,5.646820968e+00,-3.631949224e-01,1.029867730e+03,2.986773018e+06,34
8.008113393e-02,1.501170002e-01,2.407250635e+00,1.819814820e+00,1.020715302e+03,2.071530208e+06,36
9.006200954e-02,1.500861561e-01,1.799712992e+00,2.479067991e+00,1.015475207e+03,1.547520651e+06,36
1.000451869e-01,1.500498117e-01,1.618847884e+00,1.939328233e+00,1.010698478e+03,1.069847832e+06,36
1.100274883e-01,1.500235587e-01,1.153067038e+00,1.089850489e+00,1.007052015e+03,7.052015161e+05,36
1.200131349e-01,1.500090849e-01,6.264513861e-01,4.788231425e-01,1.004907597e+03,4.907597478e+05,36
1.300051059e-01,1.500028608e-01,2.764303446e-01,1.734622125e-01,1.003810614e+03,3.810614287e+05,36
1.400017481e-01,1.500007129e-01,1.065039620e-01,5.396305943e-02,1.003301672e+03,3.301671903e+05,36
1.500005595e-01,1.500000709e-01,3.745734069e-02,1.385176686e-02,1.003094239e+03,3.094238624e+05,36
1.600001691e-01,1.499998910e-01,1.213355313e-02,1.471372916e-03,1.003021555e+03,3.021554989e+05,36
1.700000485e-01,1.499998425e-01,3.626721707e-03,-2.129566768e-03,1.002998744e+03,2.998744462e+05,36
1.800000143e-01,1.499998302e-01,1.022976187e-03,-3.109140310e-03,1.002991985e+03,2.991984626e+05,36
1.900000052e-01,1.499998272e-01,2.846809333e-04,-3.359553665e-03,1.002990080e+03,2.990079514e+05,36
2.000000029e-01,1.499998266e-01,8.580057147e-05,-3.420919192e-03,1.002989576e+03,2.989575815e+05,36
2.100000023e-01,1.499998264e-01,3.460607556e-05,-3.435449939e-03,1.002989450e+03,2.989449809e+05,36
2.200000022e-01,1.499998264e-01,2.205874289e-05,-3.438764226e-03,1.002989419e+03,2.989419450e+05,36
2.300000022e-01,1.499998264e-01,1.911397895e-05,-3.439494149e-03,1.002989412e+03,2.989412392e+05,36
2.400000022e-01,1.499998264e-01,1.844623861e-05,-3.439650372e-03,1.002989411e+03,2.989410816e+05,36
2.500000022e-01,1.499998264e-01,1.829969124e-05,-3.439682924e-03,1.002989410e+03,2.989410476e+05,36
2.600000022e-01,1.499998264e-01,1.826858802e-05,-3.439689523e-03,1.002989410e+03,2.989410405e+05,36
2.700000022e-01,1.499998264e-01,1.826218512e-05,-3.439690827e-03,1.002989410e+03,2.989410390e+05,36
2.800000022e-01,1.499998264e-01,1.826090131e-05,-3.439691079e-03,1.002989410e+03,2.989410387e+05,36
2.900000022e-01,1.499998264e-01,1.826064982e-05,-3.439691127e-03,1.002989410e+03,2.989410387e+05,36
3.000000022e-01,1.499998264e-01,1.826060156e-05,-3.439691135e-03,1.002989410e+03,2.989410387e+05,36
3.100000022e-01,1.499998264e-01,1.826059297e-05,-3.439691137e-03,1.002989410e+03,2.989410387e+05,36
3.200000022e-01,1.499998264e-01,1.826059208e-05,-3.439691137e-03,1.002989410e+03,2.989410387e+05,36
3.300000022e-01,1.499998264e-01,1.826059233e-05,-3.439691137e-03,1.002989410e+03,2.989410387e+05,36
3.400000022e-01,1.499998264e-01,1.826059233e-05,-3.439691137e-03,1.002989410e+03,2.989410387e+05,36
3.500000022e-01,1.499998264e-01,1.826059183e-05,-3.439691137e-03,1.002989410e+03,2.989410387e+05,36
3.600000022e-01,1.499998264e-01,1.826059103e-05,-3.439691137e-03,1.002989410e+03,2.989410387e+05,36
3.700000022e-01,1.499998264e-01,1.826059046e-05,-3.439691137e-03,1.002989410e+03,2.989410387e+05,36
3.800000022e-01,1.499998264e-01,1.826059091e-05,-3.439691137e-03,1.002989410e+03,2.989410387e+05,36
3.900000022e-01,1.499998264e-01,1.826059211e-05,-3.439691137e-03,1.002989410e+03,2.989410387e+05,36
4.000000022e-01,1.499998264e-01,1.826059263e-05,-3.439691137e-03,1.002989410e+03,2.989410387e+05,36
4.100000022e-01,1.499998264e-01,1.826059205e-05,-3.439691137e-03,1.002989410e+03,2.989410387e+05,36
4.200000022e-01,1.499998264e-01,1.826059108e-05,-3.439691137e-03,1.002989410e+03,2.989410387e+05,36
4.300000022e-01,1.499998264e-01,1.826059046e-05,-3.439691137e-03,1.002989410e+03,2.989410387e+05,36
4.400000022e-01,1.499998264e-01,1.826059090e-05,-3.439691137e-03,1.002989410e+03,2.989410387e+05,36
4.500000022e-01,1.499998264e-01,1.826059204e-05,-3.439691137e-03,1.002989410e+03,2.989410387e+05,36
4.600000022e-01,1.499998264e-01,1.826059254e-05,-3.439691137e-03,1.002989410e+03,2.989410387e+05,36
4.700000022e-01,1.499998264e-01,1.826059215e-05,-3.439691137e-03,1.002989410e+03,2.989410387e+05,36
4.800000022e-01,1.499998264e-01,1.826059143e-05,-3.439691137e-03,1.002989410e+03,2.989410387e+05,36
4.900000022e-01,1.499998264e-01,1.826059067e-05,-3.439691137e-03,1.002989410e+03,2.989410387e+05,36
5.000000022e-01,1.499998264e-01,1.826059082e-05,-3.439691137e-03,1.002989410e+03,2.989410387e+05,36
5.100000022e-01,1.499998264e-01,1.826059190e-05,-3.439691137e-03,1.002989410e+03,2.989410387e+05,36
5.200000022e-01,1.499998264e-01,1.826059228e-05,-3.439691137e-03,1.002989410e+03,2.989410387e+05,36
5.300000022e-01,1.499998264e-01,1.826059150e-05,-3.439691137e-03,1.002989410e+03,2.989410387e+05,36
5.400000022e-01,1.499998264e-01,1.826059079e-05,-3.439691137e-03,1.002989410e+03,2.989410387e+05,36
5.500000022e-01,1.499998264e-01,1.826059129e-05,-3.439691137e-03,1.002989410e+03,2.989410387e+05,36
5.600000022e-01,1.499998264e-01,1.826059253e-05,-3.439691137e-03,1.002989410e+03,2.989410387e+05,36
5.700000022e-01,1.499998264e-01,1.826059265e-05,-3.439691137e-03,1.002989410e+03,2.989410387e+05,36
5.800000022e-01,1.499998264e-01,1.826059105e-05,-3.439691137e-03,1.002989410e+03,2.989410387e+05,36
5.900000022e-01,1.499998264e-01,1.826058980e-05,-3.439691137e-03,1.002989410e+03,2.989410387e+05,36
6.000000022e-01,1.499998264e-01,1.826059083e-05,-3.439691137e-03,1.002989410e+03,2.989410387e+05,36
6.100000022e-01,1.499998264e-01,1.826059261e-05,-3.439691137e-03,1.002989410e+03,2.989410387e+05,36
6.200000022e-01,1.499998264e-01,1.826059292e-05,-3.439691137e-03,1.002989410e+03,2.989410387e+05,36
6.300000022e-01,1.499998264e-01,1.826059223e-05,-3.439691137e-03,1.002989410e+03,2.989410387e+05,36
6.400000022e-01,1.499998264e-01,1.826059172e-05,-3.439691137e-03,1.002989410e+03,2.989410387e+05,36
6.500000022e-01,1.499998264e-01,1.826059141e-05,-3.439691137e-03,1.002989410e+03,2.989410387e+05,36
6.600000022e-01,1.499998264e-01,1.826059090e-05,-3.439691137e-03,1.002989410e+03,2.989410387e+05,36
6.700000022e-01,1.499998264e-01,1.826059049e-05,-3.439691137e-03,1.002989410e+03,2.989410387e+05,36
6.800000022e-01,1.499998264e-01,1.826059114e-05,-3.439691137e-03,1.002989410e+03,2.989410387e+05,36
6.900000022e-01,1.499998264e-01,1.826059249e-05,-3.439691137e-03,1.002989410e+03,2.989410387e+05,36
7.000000022e-01,1.499998264e-01,1.826059264e-05,-3.439691137e-03,1.002989410e+03,2.989410387e+05,36
7.100000022e-01,1.499998264e-01,1.826059102e-05,-3.439691137e-03,1.002989410e+03,2.989410387e+05,36
7.200000022e-01,1.499998264e-01,1.826058976e-05,-3.439691137e-03,1.002989410e+03,2.989410387e+05,36
7.300000022e-01,1.499998264e-01,1.826059082e-05,-3.439691137e-03,1.002989410e+03,2.989410387e+05,36
7.400000022e-01,1.499998264e-01,1.826059263e-05,-3.439691137e-03,1.002989410e+03,2.989410387e+05,36
7.500000022e-01,1.499998264e-01,1.826059294e-05,-3.439691137e-03,1.002989410e+03,2.989410387e+05,36
7.600000022e-01,1.499998264e-01,1.826059220e-05,-3.439691137e-03,1.002989410e+03,2.989410387e+05,36
7.700000022e-01,1.499998264e-01,1.826059165e-05,-3.439691137e-03,1.002989410e+03,2.989410387e+05,36
7.800000022e-01,1.499998264e-01,1.826059136e-05,-3.439691137e-03,1.002989410e+03,2.989410387e+05,36
7.900000022e-01,1.499998264e-01,1.826059091e-05,-3.439691137e-03,1.002989410e+03,2.989410387e+05,36
8.000000022e-01,1.499998264e-01,1.826059054e-05,-3.439691137e-03,1.002989410e+03,2.989410387e+05,36
8.100000022e-01,1.499998264e-01,1.826059118e-05,-3.439691137e-03,1.002989410e+03,2.989410387e+05,36
8.200000022e-01,1.499998264e-01,1.826059250e-05,-3.439691137e-03,1.002989410e+03,2.989410387e+05,36
8.300000022e-01,1.499998264e-01,1.826059265e-05,-3.439691137e-03,1.002989410e+03,2.989410387e+05,36
8.400000022e-01,1.499998264e-01,1.826059102e-05,-3.439691138e-03,1.002989410e+03,2.989410387e+05,36
8.500000022e-01,1.499998264e-01,1.826058978e-05,-3.439691137e-03,1.002989410e+03,2.989410387e+05,36
8.600000022e-01,1.499998264e-01,1.826059086e-05,-3.439691137e-03,1.002989410e+03,2.989410387e+05,36
8.700000022e-01,1.499998264e-01,1.826059264e-05,-3.439691137e-03,1.002989410e+03,2.989410387e+05,36
8.800000022e-01,1.499998264e-01,1.826059288e-05,-3.439691137e-03,1.002989410e+03,2.989410387e+05,36
8.900000022e-01,1.499998264e-01,1.826059212e-05,-3.439691137e-03,1.002989410e+03,2.989410387e+05,36
9.000000022e-01,1.499998264e-01,1.826059153e-05,-3.439691138e-03,1.002989410e+03,2.989410387e+05,36
9.100000022e-01,1.499998264e-01,1.826059098e-05,-3.439691138e-03,1.002989410e+03,2.989410387e+05,36
9.200000022e-01,1.499998264e-01,1.826059057e-05,-3.439691137e-03,1.002989410e+03,2.989410387e+05,36
9.300000022e-01,1.499998264e-01,1.826059118e-05,-3.439691137e-03,1.002989410e+03,2.989410387e+05,36
9.400000022e-01,1.499998264e-01,1.826059251e-05,-3.439691137e-03,1.002989410e+03,2.989410387e+05,36
9.500000022e-01,1.499998264e-01,1.826059272e-05,-3.439691137e-03,1.002989410e+03,2.989410387e+05,36
9.600000022e-01,1.499998264e-01,1.826059136e-05,-3.439691137e-03,1.002989410e+03,2.989410387e+05,36
9.700000022e-01,1.499998264e-01,1.826059089e-05,-3.439691137e-03,1.002989410e+03,2.989410387e+05,36
9.800000022e-01,1.499998264e-01,1.826059283e-05,-3.439691137e-03,1.002989410e+03,2.989410387e+05,36
9.900000022e-01,1.499998264e-01,1.826059382e-05,-3.439691138e-03,1.002989410e+03,2.989410387e+05,36
1.000000002e+00,1.499998264e-01,1.826059191e-05,-3.439691138e-03,1.002989410e+03,2.989410387e+05,36
1.010000002e+00,1.499998264e-01,1.826059038e-05,-3.439691138e-03,1.002989410e+03,2.989410387e+05,36
1.020000002e+00,1.499998264e-01,1.826059067e-05,-3.439691137e-03,1.002989410e+03,2.989410387e+05,36
1.030000002e+00,1.499998264e-01,1.826059124e-05,-3.439691137e-03,1.002989410e+03,2.989410387e+05,36
1.040000002e+00,1.499998264e-01,1.826059146e-05,-3.439691137e-03,1.002989410e+03,2.989410387e+05,36
1.050000002e+00,1.499998264e-01,1.826059151e-05,-3.439691137e-03,1.002989410e+03,2.989410387e+05,36
1.060000002e+00,1.499998264e-01,1.826059149e-05,-3.439691137e-03,1.002989410e+03,2.989410387e+05,36
1.070000002e+00,1.499998264e-01,1.826059138e-05,-3.439691137e-03,1.002989410e+03,2.989410387e+05,36
1.080000002e+00,1.499998264e-01,1.826059113e-05,-3.439691137e-03,1.002989410e+03,2.989410387e+05,36
1.090000002e+00,1.499998264e-01,1.826059076e-05,-3.439691137e-03,1.002989410e+03,2.989410387e+05,36
1.100000002e+00,1.499998264e-01,1.826059004e-05,-3.439691137e-03,1.002989410e+03,2.989410387e+05,36
1.110000002e+00,1.499998264e-01,1.826058901e-05,-3.439691137e-03,1.002989410e+03,2.989410387e+05,36
1.120000002e+00,1.499998264e-01,1.826058960e-05,-3.439691137e-03,1.002989410e+03,2.989410387e+05,36
1.130000002e+00,1.499998264e-01,1.826059268e-05,-3.439691137e-03,1.002989410e+03,2.989410387e+05,36
1.140000002e+00,1.499998264e-01,1.826059468e-05,-3.439691138e-03,1.002989410e+03,2.989410387e+05,36
1.150000002e+00,1.499998264e-01,1.826059338e-05,-3.439691139e-03,1.002989410e+03,2.989410387e+05,36
1.160000002e+00,1.499998264e-01,1.826059088e-05,-3.439691139e-03,1.002989410e+03,2.989410387e+05,36
1.170000002e+00,1.499998264e-01,1.826058991e-05,-3.439691138e-03,1.002989410e+03,2.989410387e+05,36
1.180000002e+00,1.499998264e-01,1.826059148e-05,-3.439691137e-03,1.002989410e+03,2.989410387e+05,36
1.190000002e+00,1.499998264e-01,1.826059314e-05,-3.439691137e-03,1.002989410e+03,2.989410387e+05,36
1.200000002e+00,1.499998264e-01,1.826059292e-05,-3.439691137e-03,1.002989410e+03,2.989410387e+05,36
1.210000002e+00,1.499998264e-01,1.826059206e-05,-3.439691137e-03,1.002989410e+03,2.989410387e+05,36
1.220000002e+00,1.499998264e-01,1.826059162e-05,-3.439691137e-03,1.002989410e+03,2.989410387e+05,36
1.230000002e+00,1.499998264e-01,1.826059151e-05,-3.439691137e-03,1.002989410e+03,2.989410387e+05,36
1.240000002e+00,1.499998264e-01,1.826059154e-05,-3.439691137e-03,1.002989410e+03,2.989410387e+05,36
1.250000002e+00,1.499998264e-01,1.826059157e-05,-3.439691137e-03,1.002989410e+03,2.989410387e+05,36
1.260000002e+00,1.499998264e-01,1.826059156e-05,-3.439691137e-03,1.002989410e+03,2.989410387e+05,36
1.270000002e+00,1.499998264e-01,1.826059155e-05,-3.439691137e-03,1.002989410e+03,2.989410387e+05,36
1.280000002e+00,1.499998264e-01,1.826059156e-05,-3.439691137e-03,1.002989410e+03,2.989410387e+05,36
1.290000002e+00,1.499998264e-01,1.826059157e-05,-3.439691137e-03,1.002989410e+03,2.989410387e+05,36
1.300000002e+00,1.499998264e-01,1.826059154e-05,-3.439691137e-03,1.002989410e+03,2.989410387e+05,36
1.310000002e+00,1.499998264e-01,1.826059147e-05,-3.439691137e-03,1.002989410e+03,2.989410387e+05,36
1.320000002e+00,1.499998264e-01,1.826059135e-05,-3.439691137e-03,1.002989410e+03,2.989410387e+05,36
1.330000002e+00,1.499998264e-01,1.826059113e-05,-3.439691137e-03,1.002989410e+03,2.989410387e+05,36
1.340000002e+00,1.499998264e-01,1.826059046e-05,-3.439691137e-03,1.002989410e+03,2.989410387e+05,36
1.350000002e+00,1.499998264e-01,1.826058941e-05,-3.439691137e-03,1.002989410e+03,2.989410387e+05,36
1.360000002e+00,1.499998264e-01,1.826058933e-05,-3.439691137e-03,1.002989410e+03,2.989410387e+05,36
1.370000002e+00,1.499998264e-01,1.826059101e-05,-3.439691137e-03,1.002989410e+03,2.989410387e+05,36
1.380000002e+00,1.499998264e-01,1.826059329e-05,-3.439691137e-03,1.002989410e+03,2.989410387e+05,36
1.390000002e+00,1.499998264e-01,1.826059416e-05,-3.439691138e-03,1.002989410e+03,2.989410387e+05,36
1.400000002e+00,1.499998264e-01,1.826059292e-05,-3.439691139e-03,1.002989410e+03,2.989410387e+05,36
1.410000002e+00,1.499998264e-01,1.826059081e-05,-3.439691139e-03,1.002989410e+03,2.989410387e+05,36
1.420000002e+00,1.499998264e-01,1.826058997e-05,-3.439691138e-03,1.002989410e+03,2.989410387e+05,36
1.430000002e+00,1.499998264e-01,1.826059153e-05,-3.439691137e-03,1.002989410e+03,2.989410387e+05,36
1.440000002e+00,1.499998264e-01,1.826059315e-05,-3.439691137e-03,1.002989410e+03,2.989410387e+05,36
1.450000002e+00,1.499998264e-01,1.826059287e-05,-3.439691137e-03,1.002989410e+03,2.989410387e+05,36
1.460000002e+00,1.499998264e-01,1.826059198e-05,-3.439691137e-03,1.002989410e+03,2.989410387e+05,36
1.470000002e+00,1.499998264e-01,1.826059158e-05,-3.439691137e-03,1.002989410e+03,2.989410387e+05,36
1.480000002e+00,1.499998264e-01,1.826059153e-05,-3.439691137e-03,1.002989410e+03,2.989410387e+05,36
1.490000002e+00,1.499998264e-01,1.826059154e-05,-3.439691137e-03,1.002989410e+03,2.989410387e+05,36
1.500000002e+00,1.499998264e-01,1.826059154e-05,-3.439691137e-03,1.002989410e+03,2.989410387e+05,36
1.510000002e+00,1.499998264e-01,1.826059154e-05,-3.439691137e-03,1.002989410e+03,2.989410387e+05,36
1.520000002e+00,1.499998264e-01,1.826059153e-05,-3.439691137e-03,1.002989410e+03,2.989410387e+05,36
1.530000002e+00,1.499998264e-01,1.826059152e-05,-3.439691137e-03,1.002989410e+03,2.989410387e+05,36
1.540000002e+00,1.499998264e-01,1.826059153e-05,-3.439691137e-03,1.002989410e+03,2.989410387e+05,36
1.550000002e+00,1.499998264e-01,1.826059155e-05,-3.439691137e-03,1.002989410e+03,2.989410387e+05,36
1.560000002e+00,1.499998264e-01,1.826059158e-05,-3.439691137e-03,1.002989410e+03,2.989410387e+05,36
1.570000002e+00,1.499998264e-01,1.826059156e-05,-3.439691137e-03,1.002989410e+03,2.989410387e+05,36
1.580000002e+00,1.499998264e-01,1.826059145e-05,-3.439691137e-03,1.002989410e+03,2.989410387e+05,36
1.590000002e+00,1.499998264e-01,1.826059120e-05,-3.439691137e-03,1.002989410e+03,2.989410387e+05,36
1.600000002e+00,1.499998264e-01,1.826059050e-05,-3.439691137e-03,1.002989410e+03,2.989410387e+05,36
1.610000002e+00,1.499998264e-01,1.826058945e-05,-3.439691137e-03,1.002989410e+03,2.989410387e+05,36
1.620000002e+00,1.499998264e-01,1.826058938e-05,-3.439691137e-03,1.002989410e+03,2.989410387e+05,36
1.630000002e+00,1.499998264e-01,1.826059106e-05,-3.439691137e-03,1.002989410e+03,2.989410387e+05,36
1.640000002e+00,1.499998264e-01,1.826059330e-05,-3.439691137e-03,1.002989410e+03,2.989410387e+05,36
1.650000002e+00,1.499998264e-01,1.826059414e-05,-3.439691138e-03,1.002989410e+03,2.989410387e+05,36
1.660000002e+00,1.499998264e-01,1.826059284e-05,-3.439691139e-03,1.002989410e+03,2.989410387e+05,36
1.670000002e+00,1.499998264e-01,1.826059063e-05,-3.439691139e-03,1.002989410e+03,2.989410387e+05,36
1.680000002e+00,1.499998264e-01,1.826058956e-05,-3.439691138e-03,1.002989410e+03,2.989410387e+05,36
1.690000002e+00,1.499998264e-01,1.826058957e-05,-3.439691137e-03,1.002989410e+03,2.989410387e+05,36
1.700000002e+00,1.499998264e-01,1.826058218e-05,-3.439691135e-03,1.002989410e+03,2.989410387e+05,36
1.710000002e+00,1.499998264e-01,1.826053401e-05,-3.439691127e-03,1.002989410e+03,2.989410387e+05,36
1.720000002e+00,1.499998264e-01,1.826028259e-05,-3.439691079e-03,1.002989410e+03,2.989410387e+05,36
1.730000002e+00,1.499998264e-01,1.825899882e-05,-3.439690827e-03,1.002989410e+03,2.989410390e+05,36
1.740000002e+00,1.499998264e-01,1.825259512e-05,-3.439689523e-03,1.002989410e+03,2.989410405e+05,36
1.750000002e+00,1.499998264e-01,1.822149095e-05,-3.439682924e-03,1.002989410e+03,2.989410476e+05,36
1.760000002e+00,1.499998264e-01,1.807494348e-05,-3.439650373e-03,1.002989411e+03,2.989410816e+05,36
1.770000002e+00,1.499998264e-01,1.740720437e-05,-3.439494150e-03,1.002989412e+03,2.989412392e+05,36
1.780000002e+00,1.499998264e-01,1.446244207e-05,-3.438764227e-03,1.002989419e+03,2.989419450e+05,36
1.790000002e+00,1.499998264e-01,1.915108269e-06,-3.435449939e-03,1.002989450e+03,2.989449809e+05,36
1.800000001e+00,1.499998266e-01,-4.927939028e-05,-3.420919191e-03,1.002989576e+03,2.989575815e+05,36
1.809999999e+00,1.499998272e-01,-2.481597512e-04,-3.359553664e-03,1.002990080e+03,2.990079514e+05,36
1.819999990e+00,1.499998302e-01,-9.864550027e-04,-3.109140309e-03,1.002991985e+03,2.991984626e+05,36
1.829999956e+00,1.499998425e-01,-3.590200522e-03,-2.129566768e-03,1.002998744e+03,2.998744462e+05,36
1.839999835e+00,1.499998910e-01,-1.209703195e-02,1.471372916e-03,1.003021555e+03,3.021554989e+05,36
1.849999445e+00,1.500000709e-01,-3.742081950e-02,1.385176686e-02,1.003094239e+03,3.094238624e+05,36
1.859998256e+00,1.500007129e-01,-1.064674408e-01,5.396305943e-02,1.003301672e+03,3.301671903e+05,36
1.869994898e+00,1.500028608e-01,-2.763938233e-01,1.734622125e-01,1.003810614e+03,3.810614287e+05,36
1.879986869e+00,1.500090849e-01,-6.264148647e-01,4.788231425e-01,1.004907597e+03,4.907597477e+05,36
1.889972516e+00,1.500235587e-01,-1.153030516e+00,1.089850489e+00,1.007052015e+03,7.052015159e+05,36
1.899954817e+00,1.500498117e-01,-1.618811359e+00,1.939328234e+00,1.010698478e+03,1.069847831e+06,36
1.909937995e+00,1.500861561e-01,-1.799676459e+00,2.479067994e+00,1.015475206e+03,1.547520648e+06,36
1.919918870e+00,1.501170002e-01,-2.407214074e+00,1.819814834e+00,1.020715302e+03,2.071530198e+06,36
1.929866386e+00,1.501077082e-01,-5.646784336e+00,-3.631948701e-01,1.029867730e+03,2.986772994e+06,34
1.939649596e+00,1.500271051e-01,-1.381217726e+01,-3.140359506e+00,1.047633539e+03,4.763353897e+06,37
1.949194928e+00,1.499293652e-01,-2.430984270e+01,-3.959284167e+00,1.079825206e+03,7.982520646e+06,35
1.958883199e+00,1.501797758e-01,-2.509694997e+01,2.976121859e+00,1.116597933e+03,1.165979332e+07,37
1.971036926e+00,1.512011154e-01,6.425432079e+00,1.285204771e+01,1.018093423e+03,1.809342262e+06,34
1.990988872e+00,1.547690036e-01,-1.044111336e+01,4.650095382e+01,8.745039920e+02,-1.254960080e+07,25
1.403920547e-02,1.597360748e-01,3.663719397e+01,4.050329754e+01,1.005102671e+03,5.102671293e+05,29
1.966655275e+00,1.608664998e-01,-6.075975929e+01,2.399521425e+01,1.092669320e+03,9.266932003e+06,34
4.362789770e-02,1.694915470e-01,1.252132183e+02,1.586485270e+01,1.171314874e+03,1.713148743e+07,34
1.979297177e+00,1.733552617e-01,-5.862597647e+01,2.509470027e+01,9.731089938e+02,-2.689100623e+06,27
6.142989803e-03,1.649735955e-01,8.347039662e+01,-2.772286283e+01,7.564186314e+02,-2.435813686e+07,25
2.658052510e-02,1.620354482e-01,-2.227950209e+01,1.135102758e+01,1.043143107e+03,4.314310716e+06,30
4.121118094e-02,1.599430315e-01,2.906552899e+01,-8.072310089e+00,1.148252018e+03,1.482520182e+07,36
5.117212279e-02,1.597797311e-01,3.224324594e+01,-8.160651172e+00,1.120157466e+03,1.201574665e+07,35
6.048852667e-02,1.599358600e-01,1.780082275e+01,-3.020891920e+00,1.060868763e+03,6.086876297e+06,35
7.014334013e-02,1.600214299e-01,7.037742182e+00,3.245169719e-02,1.027954459e+03,2.795445902e+06,37
8.005218108e-02,1.600425074e-01,2.698234711e+00,1.220336208e+00,1.014793585e+03,1.479358547e+06,36
9.003011361e-02,1.600371892e-01,1.331226879e+00,1.373775875e+00,1.009022740e+03,9.022739772e+05,36
1.000204280e-01,1.600239695e-01,8.615321828e-01,1.011925323e+00,1.006397522e+03,6.397521555e+05,36
1.100121772e-01,1.600118104e-01,5.415915816e-01,5.608807196e-01,1.004890571e+03,4.890570611e+05,36
1.200058854e-01,1.600045246e-01,2.899139205e-01,2.496522872e-01,1.003971569e+03,3.971568673e+05,36
1.300024041e-01,1.600013337e-01,1.334960694e-01,9.520653867e-02,1.003438222e+03,3.438222369e+05,36
1.400008879e-01,1.600001958e-01,5.498093978e-02,3.256023256e-02,1.003169171e+03,3.169171225e+05,36
1.500003049e-01,1.599998297e-01,2.051938214e-02,9.846489913e-03,1.003056656e+03,3.056656394e+05,36
1.600000969e-01,1.599997175e-01,6.923359185e-03,2.205254477e-03,1.003016412e+03,3.016411743e+05,36
1.700000293e-01,1.599996853e-01,2.139974028e-03,-1.605640597e-04,1.003003243e+03,3.003242551e+05,36
1.800000095e-01,1.599996767e-01,6.277473289e-04,-8.325301943e-04,1.002999162e+03,2.999162099e+05,36
1.900000041e-01,1.599996746e-01,1.845108972e-04,-1.011729982e-03,1.002997978e+03,2.997978302e+05,36
2.000000026e-01,1.599996741e-01,6.132636260e-05,-1.057578865e-03,1.002997659e+03,2.997659125e+05,36
2.100000023e-01,1.599996740e-01,2.886140076e-05,-1.068841826e-03,1.002997578e+03,2.997577677e+05,36
2.200000022e-01,1.599996739e-01,2.076030657e-05,-1.071489842e-03,1.002997558e+03,2.997557680e+05,36
2.300000022e-01,1.599996739e-01,1.882820630e-05,-1.072089586e-03,1.002997553e+03,2.997552964e+05,36
2.400000022e-01,1.599996739e-01,1.838379201e-05,-1.072221377e-03,1.002997552e+03,2.997551899e+05,36
2.500000022e-01,1.599996739e-01,1.828512258e-05,-1.072249485e-03,1.002997552e+03,2.997551667e+05,36
2.600000022e-01,1.599996739e-01,1.826398216e-05,-1.072255301e-03,1.002997552e+03,2.997551618e+05,36
2.700000022e-01,1.599996739e-01,1.825959415e-05,-1.072256472e-03,1.002997552e+03,2.997551608e+05,36
2.800000022e-01,1.599996739e-01,1.825870800e-05,-1.072256703e-03,1.002997552e+03,2.997551606e+05,36
2.900000022e-01,1.599996739e-01,1.825853326e-05,-1.072256747e-03,1.002997552e+03,2.997551605e+05,36
3.000000022e-01,1.599996739e-01,1.825849935e-05,-1.072256755e-03,1.002997552e+03,2.997551605e+05,36
3.100000022e-01,1.599996739e-01,1.825849335e-05,-1.072256756e-03,1.002997552e+03,2.997551605e+05,36
3.200000022e-01,1.599996739e-01,1.825849296e-05,-1.072256757e-03,1.002997552e+03,2.997551605e+05,36
3.300000022e-01,1.599996739e-01,1.825849324e-05,-1.072256757e-03,1.002997552e+03,2.997551605e+05,36
3.400000022e-01,1.599996739e-01,1.825849318e-05,-1.072256757e-03,1.002997552e+03,2.997551605e+05,36
3.500000022e-01,1.599996739e-01,1.825849269e-05,-1.072256757e-03,1.002997552e+03,2.997551605e+05,36
3.600000022e-01,1.599996739e-01,1.825849195e-05,-1.072256757e-03,1.002997552e+03,2.997551605e+05,36
3.700000022e-01,1.599996739e-01,1.825849144e-05,-1.072256757e-03,1.002997552e+03,2.997551605e+05,36
3.800000022e-01,1.599996739e-01,1.825849192e-05,-1.072256757e-03,1.002997552e+03,2.997551605e+05,36
3.900000022e-01,1.599996739e-01,1.825849309e-05,-1.072256757e-03,1.002997552e+03,2.997551605e+05,36
4.000000022e-01,1.599996739e-01,1.825849356e-05,-1.072256757e-03,1.002997552e+03,2.997551605e+05,36
4.100000022e-01,1.599996739e-01,1.825849297e-05,-1.072256757e-03,1.002997552e+03,2.997551605e+05,36
4.200000022e-01,1.599996739e-01,1.825849203e-05,-1.072256757e-03,1.002997552e+03,2.997551605e+05,36
4.300000022e-01,1.599996739e-01,1.825849143e-05,-1.072256757e-03,1.002997552e+03,2.997551605e+05,36
4.400000022e-01,1.599996739e-01,1.825849188e-05,-1.072256757e-03,1.002997552e+03,2.997551605e+05,36
4.500000022e-01,1.599996739e-01,1.825849300e-05,-1.072256757e-03,1.002997552e+03,2.997551605e+05,36
4.600000022e-01,1.599996739e-01,1.825849348e-05,-1.072256757e-03,1.002997552e+03,2.997551605e+05,36
4.700000022e-01,1.599996739e-01,1.825849313e-05,-1.072256757e-03,1.002997552e+03,2.997551605e+05,36
4.800000022e-01,1.599996739e-01,1.825849254e-05,-1.072256757e-03,1.002997552e+03,2.997551605e+05,36
4.900000022e-01,1.599996739e-01,1.825849184e-05,-1.072256756e-03,1.002997552e+03,2.997551605e+05,36
5.000000022e-01,1.599996739e-01,1.825849176e-05,-1.072256756e-03,1.002997552e+03,2.997551605e+05,36
5.100000022e-01,1.599996739e-01,1.825849256e-05,-1.072256757e-03,1.002997552e+03,2.997551605e+05,36
5.200000022e-01,1.599996739e-01,1.825849292e-05,-1.072256757e-03,1.002997552e+03,2.997551605e+05,36
5.300000022e-01,1.599996739e-01,1.825849235e-05,-1.072256757e-03,1.002997552e+03,2.997551605e+05,36
5.400000022e-01,1.599996739e-01,1.825849194e-05,-1.072256757e-03,1.002997552e+03,2.997551605e+05,36
5.500000022e-01,1.599996739e-01,1.825849253e-05,-1.072256757e-03,1.002997552e+03,2.997551605e+05,36
5.600000022e-01,1.599996739e-01,1.825849340e-05,-1.072256757e-03,1.002997552e+03,2.997551605e+05,36
5.700000022e-01,1.599996739e-01,1.825849325e-05,-1.072256757e-03,1.002997552e+03,2.997551605e+05,36
5.800000022e-01,1.599996739e-01,1.825849201e-05,-1.072256757e-03,1.002997552e+03,2.997551605e+05,36
5.900000022e-01,1.599996739e-01,1.825849115e-05,-1.072256757e-03,1.002997552e+03,2.997551605e+05,36
6.000000022e-01,1.599996739e-01,1.825849196e-05,-1.072256757e-03,1.002997552e+03,2.997551605e+05,36
6.100000022e-01,1.599996739e-01,1.825849337e-05,-1.072256757e-03,1.002997552e+03,2.997551605e+05,36
6.200000022e-01,1.599996739e-01,1.825849363e-05,-1.072256757e-03,1.002997552e+03,2.997551605e+05,36
6.300000022e-01,1.599996739e-01,1.825849304e-05,-1.072256757e-03,1.002997552e+03,2.997551605e+05,36
6.400000022e-01,1.599996739e-01,1.825849258e-05,-1.072256757e-03,1.002997552e+03,2.997551605e+05,36
6.500000022e-01,1.599996739e-01,1.825849230e-05,-1.072256757e-03,1.002997552e+03,2.997551605e+05,36
6.600000022e-01,1.599996739e-01,1.825849188e-05,-1.072256757e-03,1.002997552e+03,2.997551605e+05,36
6.700000022e-01,1.599996739e-01,1.825849167e-05,-1.072256757e-03,1.002997552e+03,2.997551605e+05,36
6.800000022e-01,1.599996739e-01,1.825849235e-05,-1.072256757e-03,1.002997552e+03,2.997551605e+05,36
6.900000022e-01,1.599996739e-01,1.825849333e-05,-1.072256757e-03,1.002997552e+03,2.997551605e+05,36
7.000000022e-01,1.599996739e-01,1.825849325e-05,-1.072256757e-03,1.002997552e+03,2.997551605e+05,36
7.100000022e-01,1.599996739e-01,1.825849201e-05,-1.072256757e-03,1.002997552e+03,2.997551605e+05,36
7.200000022e-01,1.599996739e-01,1.825849113e-05,-1.072256757e-03,1.002997552e+03,2.997551605e+05,36
7.300000022e-01,1.599996739e-01,1.825849194e-05,-1.072256757e-03,1.002997552e+03,2.997551605e+05,36
7.400000022e-01,1.599996739e-01,1.825849336e-05,-1.072256757e-03,1.002997552e+03,2.997551605e+05,36
7.500000022e-01,1.599996739e-01,1.825849364e-05,-1.072256757e-03,1.002997552e+03,2.997551605e+05,36
7.600000022e-01,1.599996739e-01,1.825849303e-05,-1.072256757e-03,1.002997552e+03,2.997551605e+05,36
7.700000022e-01,1.599996739e-01,1.825849255e-05,-1.072256757e-03,1.002997552e+03,2.997551605e+05,36
7.800000022e-01,1.599996739e-01,1.825849229e-05,-1.072256757e-03,1.002997552e+03,2.997551605e+05,36
7.900000022e-01,1.599996739e-01,1.825849190e-05,-1.072256757e-03,1.002997552e+03,2.997551605e+05,36
8.000000022e-01,1.599996739e-01,1.825849169e-05,-1.072256757e-03,1.002997552e+03,2.997551605e+05,36
8.100000022e-01,1.599996739e-01,1.825849237e-05,-1.072256757e-03,1.002997552e+03,2.997551605e+05,36
8.200000022e-01,1.599996739e-01,1.825849333e-05,-1.072256757e-03,1.002997552e+03,2.997551605e+05,36
8.300000022e-01,1.599996739e-01,1.825849321e-05,-1.072256757e-03,1.002997552e+03,2.997551605e+05,36
8.400000022e-01,1.599996739e-01,1.825849196e-05,-1.072256757e-03,1.002997552e+03,2.997551605e+05,36
8.500000022e-01,1.599996739e-01,1.825849114e-05,-1.072256757e-03,1.002997552e+03,2.997551605e+05,36
8.600000022e-01,1.599996739e-01,1.825849201e-05,-1.072256757e-03,1.002997552e+03,2.997551605e+05,36
8.700000022e-01,1.599996739e-01,1.825849340e-05,-1.072256757e-03,1.002997552e+03,2.997551605e+05,36
8.800000022e-01,1.599996739e-01,1.825849355e-05,-1.072256757e-03,1.002997552e+03,2.997551605e+05,36
8.900000022e-01,1.599996739e-01,1.825849292e-05,-1.072256757e-03,1.002997552e+03,2.997551605e+05,36
9.000000022e-01,1.599996739e-01,1.825849243e-05,-1.072256757e-03,1.002997552e+03,2.997551605e+05,36
9.100000022e-01,1.599996739e-01,1.825849198e-05,-1.072256757e-03,1.002997552e+03,2.997551605e+05,36
9.200000022e-01,1.599996739e-01,1.825849175e-05,-1.072256757e-03,1.002997552e+03,2.997551605e+05,36
9.300000022e-01,1.599996739e-01,1.825849242e-05,-1.072256757e-03,1.002997552e+03,2.997551605e+05,36
9.400000022e-01,1.599996739e-01,1.825849341e-05,-1.072256757e-03,1.002997552e+03,2.997551605e+05,36
9.500000022e-01,1.599996739e-01,1.825849337e-05,-1.072256757e-03,1.002997552e+03,2.997551605e+05,36
9.600000022e-01,1.599996739e-01,1.825849230e-05,-1.072256757e-03,1.002997552e+03,2.997551605e+05,36
9.700000022e-01,1.599996739e-01,1.825849199e-05,-1.072256757e-03,1.002997552e+03,2.997551605e+05,36
9.800000022e-01,1.599996739e-01,1.825849353e-05,-1.072256757e-03,1.002997552e+03,2.997551605e+05,36
9.900000022e-01,1.599996739e-01,1.825849438e-05,-1.072256757e-03,1.002997552e+03,2.997551605e+05,36
1.000000002e+00,1.599996739e-01,1.825849287e-05,-1.072256757e-03,1.002997552e+03,2.997551605e+05,36
1.010000002e+00,1.599996739e-01,1.825849156e-05,-1.072256757e-03,1.002997552e+03,2.997551605e+05,36
1.020000002e+00,1.599996739e-01,1.825849178e-05,-1.072256757e-03,1.002997552e+03,2.997551605e+05,36
1.030000002e+00,1.599996739e-01,1.825849227e-05,-1.072256757e-03,1.002997552e+03,2.997551605e+05,36
1.040000002e+00,1.599996739e-01,1.825849245e-05,-1.072256757e-03,1.002997552e+03,2.997551605e+05,36
1.050000002e+00,1.599996739e-01,1.825849247e-05,-1.072256757e-03,1.002997552e+03,2.997551605e+05,36
1.060000002e+00,1.599996739e-01,1.825849245e-05,-1.072256757e-03,1.002997552e+03,2.997551605e+05,36
1.070000002e+00,1.599996739e-01,1.825849236e-05,-1.072256757e-03,1.002997552e+03,2.997551605e+05,36
1.080000002e+00,1.599996739e-01,1.825849216e-05,-1.072256757e-03,1.002997552e+03,2.997551605e+05,36
1.090000002e+00,1.599996739e-01,1.825849181e-05,-1.072256757e-03,1.002997552e+03,2.997551605e+05,36
1.100000002e+00,1.599996739e-01,1.825849115e-05,-1.072256757e-03,1.002997552e+03,2.997551605e+05,36
1.110000002e+00,1.599996739e-01,1.825849032e-05,-1.072256756e-03,1.002997552e+03,2.997551605e+05,36
1.120000002e+00,1.599996739e-01,1.825849079e-05,-1.072256756e-03,1.002997552e+03,2.997551605e+05,36
1.130000002e+00,1.599996739e-01,1.825849303e-05,-1.072256756e-03,1.002997552e+03,2.997551605e+05,36
1.140000002e+00,1.599996739e-01,1.825849438e-05,-1.072256757e-03,1.002997552e+03,2.997551605e+05,36
1.150000002e+00,1.599996739e-01,1.825849371e-05,-1.072256758e-03,1.002997552e+03,2.997551605e+05,36
1.160000002e+00,1.599996739e-01,1.825849244e-05,-1.072256758e-03,1.002997552e+03,2.997551605e+05,36
1.170000002e+00,1.599996739e-01,1.825849186e-05,-1.072256757e-03,1.002997552e+03,2.997551605e+05,36
1.180000002e+00,1.599996739e-01,1.825849282e-05,-1.072256757e-03,1.002997552e+03,2.997551605e+05,36
1.190000002e+00,1.599996739e-01,1.825849388e-05,-1.072256756e-03,1.002997552e+03,2.997551605e+05,36
1.200000002e+00,1.599996739e-01,1.825849361e-05,-1.072256757e-03,1.002997552e+03,2.997551605e+05,36
1.210000002e+00,1.599996739e-01,1.825849295e-05,-1.072256757e-03,1.002997552e+03,2.997551605e+05,36
1.220000002e+00,1.599996739e-01,1.825849261e-05,-1.072256757e-03,1.002997552e+03,2.997551605e+05,36
1.230000002e+00,1.599996739e-01,1.825849251e-05,-1.072256757e-03,1.002997552e+03,2.997551605e+05,36
1.240000002e+00,1.599996739e-01,1.825849252e-05,-1.072256757e-03,1.002997552e+03,2.997551605e+05,36
1.250000002e+00,1.599996739e-01,1.825849253e-05,-1.072256757e-03,1.002997552e+03,2.997551605e+05,36
1.260000002e+00,1.599996739e-01,1.825849250e-05,-1.072256757e-03,1.002997552e+03,2.997551605e+05,36
1.270000002e+00,1.599996739e-01,1.825849248e-05,-1.072256757e-03,1.002997552e+03,2.997551605e+05,36
1.280000002e+00,1.599996739e-01,1.825849250e-05,-1.072256757e-03,1.002997552e+03,2.997551605e+05,36
1.290000002e+00,1.599996739e-01,1.825849252e-05,-1.072256757e-03,1.002997552e+03,2.997551605e+05,36
1.300000002e+00,1.599996739e-01,1.825849250e-05,-1.072256757e-03,1.002997552e+03,2.997551605e+05,36
1.310000002e+00,1.599996739e-01,1.825849245e-05,-1.072256757e-03,1.002997552e+03,2.997551605e+05,36
1.320000002e+00,1.599996739e-01,1.825849235e-05,-1.072256757e-03,1.002997552e+03,2.997551605e+05,36
1.330000002e+00,1.599996739e-01,1.825849212e-05,-1.072256757e-03,1.002997552e+03,2.997551605e+05,36
1.340000002e+00,1.599996739e-01,1.825849150e-05,-1.072256757e-03,1.002997552e+03,2.997551605e+05,36
1.350000002e+00,1.599996739e-01,1.825849058e-05,-1.072256756e-03,1.002997552e+03,2.997551605e+05,36
1.360000002e+00,1.599996739e-01,1.825849051e-05,-1.072256756e-03,1.002997552e+03,2.997551605e+05,36
1.370000002e+00,1.599996739e-01,1.825849194e-05,-1.072256756e-03,1.002997552e+03,2.997551605e+05,36
1.380000002e+00,1.599996739e-01,1.825849368e-05,-1.072256757e-03,1.002997552e+03,2.997551605e+05,36
1.390000002e+00,1.599996739e-01,1.825849409e-05,-1.072256757e-03,1.002997552e+03,2.997551605e+05,36
1.400000002e+00,1.599996739e-01,1.825849334e-05,-1.072256758e-03,1.002997552e+03,2.997551605e+05,36
1.410000002e+00,1.599996739e-01,1.825849234e-05,-1.072256758e-03,1.002997552e+03,2.997551605e+05,36
1.420000002e+00,1.599996739e-01,1.825849190e-05,-1.072256757e-03,1.002997552e+03,2.997551605e+05,36
1.430000002e+00,1.599996739e-01,1.825849288e-05,-1.072256757e-03,1.002997552e+03,2.997551605e+05,36
1.440000002e+00,1.599996739e-01,1.825849391e-05,-1.072256756e-03,1.002997552e+03,2.997551605e+05,36
1.450000002e+00,1.599996739e-01,1.825849357e-05,-1.072256757e-03,1.002997552e+03,2.997551605e+05,36
1.460000002e+00,1.599996739e-01,1.825849287e-05,-1.072256757e-03,1.002997552e+03,2.997551605e+05,36
1.470000002e+00,1.599996739e-01,1.825849257e-05,-1.072256757e-03,1.002997552e+03,2.997551605e+05,36
1.480000002e+00,1.599996739e-01,1.825849251e-05,-1.072256757e-03,1.002997552e+03,2.997551605e+05,36
1.490000002e+00,1.599996739e-01,1.825849250e-05,-1.072256757e-03,1.002997552e+03,2.997551605e+05,36
1.500000002e+00,1.599996739e-01,1.825849249e-05,-1.072256757e-03,1.002997552e+03,2.997551605e+05,36
1.510000002e+00,1.599996739e-01,1.825849250e-05,-1.072256757e-03,1.002997552e+03,2.997551605e+05,36
1.520000002e+00,1.599996739e-01,1.825849248e-05,-1.072256757e-03,1.002997552e+03,2.997551605e+05,36
1.530000002e+00,1.599996739e-01,1.825849246e-05,-1.072256757e-03,1.002997552e+03,2.997551605e+05,36
1.540000002e+00,1.599996739e-01,1.825849247e-05,-1.072256757e-03,1.002997552e+03,2.997551605e+05,36
1.550000002e+00,1.599996739e-01,1.825849250e-05,-1.072256757e-03,1.002997552e+03,2.997551605e+05,36
1.560000002e+00,1.599996739e-01,1.825849254e-05,-1.072256757e-03,1.002997552e+03,2.997551605e+05,36
1.570000002e+00,1.599996739e-01,1.825849254e-05,-1.072256757e-03,1.002997552e+03,2.997551605e+05,36
1.580000002e+00,1.599996739e-01,1.825849246e-05,-1.072256757e-03,1.002997552e+03,2.997551605e+05,36
1.590000002e+00,1.599996739e-01,1.825849220e-05,-1.072256757e-03,1.002997552e+03,2.997551605e+05,36
1.600000002e+00,1.599996739e-01,1.825849154e-05,-1.072256757e-03,1.002997552e+03,2.997551605e+05,36
1.610000002e+00,1.599996739e-01,1.825849061e-05,-1.072256756e-03,1.002997552e+03,2.997551605e+05,36
1.620000002e+00,1.599996739e-01,1.825849053e-05,-1.072256756e-03,1.002997552e+03,2.997551605e+05,36
1.630000002e+00,1.599996739e-01,1.825849196e-05,-1.072256756e-03,1.002997552e+03,2.997551605e+05,36
1.640000002e+00,1.599996739e-01,1.825849365e-05,-1.072256757e-03,1.002997552e+03,2.997551605e+05,36
1.650000002e+00,1.599996739e-01,1.825849404e-05,-1.072256757e-03,1.002997552e+03,2.997551605e+05,36
1.660000002e+00,1.599996739e-01,1.825849330e-05,-1.072256758e-03,1.002997552e+03,2.997551605e+05,36
1.670000002e+00,1.599996739e-01,1.825849226e-05,-1.072256758e-03,1.002997552e+03,2.997551605e+05,36
1.680000002e+00,1.599996739e-01,1.825849158e-05,-1.072256757e-03,1.002997552e+03,2.997551605e+05,36
1.690000002e+00,1.599996739e-01,1.825849140e-05,-1.072256756e-03,1.002997552e+03,2.997551605e+05,36
1.700000002e+00,1.599996739e-01,1.825848614e-05,-1.072256755e-03,1.002997552e+03,2.997551605e+05,36
1.710000002e+00,1.599996739e-01,1.825845246e-05,-1.072256746e-03,1.002997552e+03,2.997551605e+05,36
1.720000002e+00,1.599996739e-01,1.825827773e-05,-1.072256702e-03,1.002997552e+03,2.997551606e+05,36
1.730000002e+00,1.599996739e-01,1.825739143e-05,-1.072256472e-03,1.002997552e+03,2.997551608e+05,36
1.740000002e+00,1.599996739e-01,1.825300280e-05,-1.072255301e-03,1.002997552e+03,2.997551618e+05,36
1.750000002e+00,1.599996739e-01,1.823186142e-05,-1.072249485e-03,1.002997552e+03,2.997551667e+05,36
1.760000002e+00,1.599996739e-01,1.813319167e-05,-1.072221377e-03,1.002997552e+03,2.997551899e+05,36
1.770000002e+00,1.599996739e-01,1.768877901e-05,-1.072089586e-03,1.002997553e+03,2.997552964e+05,36
1.780000002e+00,1.599996739e-01,1.575668061e-05,-1.071489842e-03,1.002997558e+03,2.997557680e+05,36
1.790000002e+00,1.599996740e-01,7.655585034e-06,-1.068841826e-03,1.002997578e+03,2.997577677e+05,36
1.800000002e+00,1.599996741e-01,-2.480937908e-05,-1.057578865e-03,1.002997659e+03,2.997659125e+05,36
1.810000000e+00,1.599996746e-01,-1.479939125e-04,-1.011729981e-03,1.002997978e+03,2.997978302e+05,36
1.819999995e+00,1.599996767e-01,-5.912303427e-04,-8.325301932e-04,1.002999162e+03,2.999162099e+05,36
1.829999975e+00,1.599996853e-01,-2.103457044e-03,-1.605640590e-04,1.003003243e+03,3.003242551e+05,36
1.839999907e+00,1.599997175e-01,-6.886842203e-03,2.205254476e-03,1.003016412e+03,3.016411743e+05,36
1.849999699e+00,1.599998297e-01,-2.048286517e-02,9.846489912e-03,1.003056656e+03,3.056656394e+05,36
1.859999116e+00,1.600001958e-01,-5.494442282e-02,3.256023256e-02,1.003169171e+03,3.169171225e+05,36
1.869997600e+00,1.600013337e-01,-1.334595525e-01,9.520653866e-02,1.003438222e+03,3.438222369e+05,36
1.879994119e+00,1.600045246e-01,-2.898774035e-01,2.496522871e-01,1.003971569e+03,3.971568672e+05,36
1.889987827e+00,1.600118104e-01,-5.415550640e-01,5.608807195e-01,1.004890571e+03,4.890570607e+05,36
1.899979576e+00,1.600239695e-01,-8.614956626e-01,1.011925323e+00,1.006397522e+03,6.397521541e+05,36
1.909969891e+00,1.600371892e-01,-1.331190349e+00,1.373775876e+00,1.009022740e+03,9.022739727e+05,36
1.919947823e+00,1.600425074e-01,-2.698198143e+00,1.220336215e+00,1.014793585e+03,1.479358534e+06,36
1.929856664e+00,1.600214299e-01,-7.037705513e+00,3.245172594e-02,1.027954459e+03,2.795445863e+06,37
1.939511478e+00,1.599358600e-01,-1.780078590e+01,-3.020891819e+00,1.060868761e+03,6.086876132e+06,35
1.948827882e+00,1.597797311e-01,-3.224320889e+01,-8.160650907e+00,1.120157463e+03,1.201574631e+07,35
1.958788823e+00,1.599430315e-01,-2.906549153e+01,-8.072309349e+00,1.148252016e+03,1.482520156e+07,36
1.973419479e+00,1.620354484e-01,2.227954056e+01,1.135103092e+01,1.043143111e+03,4.314311120e+06,30
1.993857014e+00,1.649735951e-01,-8.347036034e+01,-2.772287402e+01,7.564186321e+02,-2.435813679e+07,25
2.070282726e-02,1.733552620e-01,5.862600538e+01,2.509470362e+01,9.731090372e+02,-2.689096280e+06,27
1.956372107e+00,1.694915470e-01,-1.252131791e+02,1.586485338e+01,1.171314874e+03,1.713148738e+07,34
8.748460765e-02,1.030068699e-01,1.986313267e+02,-1.141214687e+02,1.340135175e+03,3.401351746e+07,33
1.988103622e+00,1.557982066e-01,-6.863971572e+01,6.279468309e+00,9.501721133e+02,-4.982788674e+06,28
7.081510304e-03,1.653746968e-01,8.510031112e+01,-8.366570232e+01,7.814665492e+02,-2.185334508e+07,24
2.477030224e-02,1.707671657e-01,-3.381697415e+01,7.514166244e+00,1.043828153e+03,4.382815286e+06,30
4.086673675e-02,1.698980457e-01,2.864060983e+01,-4.549709295e+00,1.163770131e+03,1.637701311e+07,34
5.123713595e-02,1.700265703e-01,3.540685165e+01,-2.537413048e+00,1.140705132e+03,1.407051322e+07,35
6.050657729e-02,1.700561838e-01,1.830081157e+01,1.031409420e+00,1.062155232e+03,6.215523226e+06,35
7.013490652e-02,1.700323524e-01,6.552331719e+00,1.407672979e+00,1.021813306e+03,2.181330625e+06,37
8.003906037e-02,1.700247917e-01,2.238989613e+00,1.083581480e+00,1.010300234e+03,1.030023448e+06,36
9.001641499e-02,1.700177198e-01,8.600698486e-01,7.835642339e-01,1.006069392e+03,6.069392106e+05,36
1.000087272e-01,1.700098293e-01,4.199566179e-01,4.762649458e-01,1.004620749e+03,4.620749257e+05,36
1.100047063e-01,1.700041695e-01,2.287493369e-01,2.467168136e-01,1.003898153e+03,3.898152551e+05,36
1.200023015e-01,1.700010882e-01,1.210897507e-01,1.110330142e-01,1.003445649e+03,3.445649437e+05,36
1.300010030e-01,1.699997422e-01,5.838277957e-02,4.453725723e-02,1.003179739e+03,3.179738900e+05,36
1.400003987e-01,1.699992274e-01,2.534637875e-02,1.560418261e-02,1.003048473e+03,3.048473206e+05,36
1.500001444e-01,1.699990418e-01,9.812399612e-03,3.966869486e-03,1.002994134e+03,2.994134453e+05,36
1.600000479e-01,1.699989793e-01,3.395368530e-03,-2.872968958e-04,1.002974217e+03,2.974217037e+05,36
1.700000156e-01,1.699989603e-01,1.080145846e-03,-1.675960253e-03,1.002967410e+03,2.967410019e+05,36
1.800000059e-01,1.699989550e-01,3.309498082e-04,-2.089556910e-03,1.002965230e+03,2.965230326e+05,36
1.900000032e-01,1.699989536e-01,1.053444765e-04,-2.206077497e-03,1.002964587e+03,2.964587385e+05,36
2.000000024e-01,1.699989532e-01,4.115425874e-05,-2.237484268e-03,1.002964412e+03,2.964411738e+05,36
2.100000022e-01,1.699989532e-01,2.396286396e-05,-2.245517489e-03,1.002964366e+03,2.964366216e+05,36
2.200000022e-01,1.699989531e-01,1.962064852e-05,-2.247469723e-03,1.002964355e+03,2.964354887e+05,36
2.300000022e-01,1.699989531e-01,1.857339390e-05,-2.247926066e-03,1.002964352e+03,2.964352191e+05,36
2.400000022e-01,1.699989531e-01,1.833016335e-05,-2.248029313e-03,1.002964352e+03,2.964351578e+05,36
2.500000022e-01,1.699989531e-01,1.827575864e-05,-2.248051878e-03,1.002964351e+03,2.964351444e+05,36
2.600000022e-01,1.699989531e-01,1.826403398e-05,-2.248056644e-03,1.002964351e+03,2.964351415e+05,36
2.700000022e-01,1.699989531e-01,1.826158810e-05,-2.248057621e-03,1.002964351e+03,2.964351409e+05,36
2.800000022e-01,1.699989531e-01,1.826109208e-05,-2.248057817e-03,1.002964351e+03,2.964351408e+05,36
2.900000022e-01,1.699989531e-01,1.826099388e-05,-2.248057855e-03,1.002964351e+03,2.964351408e+05,36
3.000000022e-01,1.699989531e-01,1.826097463e-05,-2.248057862e-03,1.002964351e+03,2.964351408e+05,36
3.100000022e-01,1.699989531e-01,1.826097124e-05,-2.248057863e-03,1.002964351e+03,2.964351408e+05,36
3.200000022e-01,1.699989531e-01,1.826097119e-05,-2.248057864e-03,1.002964351e+03,2.964351408e+05,36
3.300000022e-01,1.699989531e-01,1.826097143e-05,-2.248057864e-03,1.002964351e+03,2.964351408e+05,36
3.400000022e-01,1.699989531e-01,1.826097133e-05,-2.248057864e-03,1.002964351e+03,2.964351408e+05,36
3.500000022e-01,1.699989531e-01,1.826097095e-05,-2.248057864e-03,1.002964351e+03,2.964351408e+05,36
3.600000022e-01,1.699989531e-01,1.826097044e-05,-2.248057864e-03,1.002964351e+03,2.964351408e+05,36
3.700000022e-01,1.699989531e-01,1.826097007e-05,-2.248057864e-03,1.002964351e+03,2.964351408e+05,36
3.800000022e-01,1.699989531e-01,1.826097045e-05,-2.248057864e-03,1.002964351e+03,2.964351408e+05,36
3.900000022e-01,1.699989531e-01,1.826097136e-05,-2.248057864e-03,1.002964351e+03,2.964351408e+05,36
4.000000022e-01,1.699989531e-01,1.826097168e-05,-2.248057863e-03,1.002964351e+03,2.964351408e+05,36
4.100000022e-01,1.699989531e-01,1.826097121e-05,-2.248057864e-03,1.002964351e+03,2.964351408e+05,36
4.200000022e-01,1.699989531e-01,1.826097051e-05,-2.248057864e-03,1.002964351e+03,2.964351408e+05,36
4.300000022e-01,1.699989531e-01,1.826097006e-05,-2.248057864e-03,1.002964351e+03,2.964351408e+05,36
4.400000022e-01,1.699989531e-01,1.826097040e-05,-2.248057864e-03,1.002964351e+03,2.964351408e+05,36
4.500000022e-01,1.699989531e-01,1.826097129e-05,-2.248057864e-03,1.002964351e+03,2.964351408e+05,36
4.600000022e-01,1.699989531e-01,1.826097164e-05,-2.248057863e-03,1.002964351e+03,2.964351408e+05,36
4.700000022e-01,1.699989531e-01,1.826097135e-05,-2.248057863e-03,1.002964351e+03,2.964351408e+05,36
4.800000022e-01,1.699989531e-01,1.826097096e-05,-2.248057864e-03,1.002964351e+03,2.964351408e+05,36
4.900000022e-01,1.699989531e-01,1.826097047e-05,-2.248057863e-03,1.002964351e+03,2.964351408e+05,36
5.000000022e-01,1.699989531e-01,1.826097032e-05,-2.248057863e-03,1.002964351e+03,2.964351408e+05,36
5.100000022e-01,1.699989531e-01,1.826097079e-05,-2.248057864e-03,1.002964351e+03,2.964351408e+05,36
5.200000022e-01,1.699989531e-01,1.826097101e-05,-2.248057864e-03,1.002964351e+03,2.964351408e+05,36
5.300000022e-01,1.699989531e-01,1.826097064e-05,-2.248057864e-03,1.002964351e+03,2.964351408e+05,36
5.400000022e-01,1.699989531e-01,1.826097051e-05,-2.248057864e-03,1.002964351e+03,2.964351408e+05,36
5.500000022e-01,1.699989531e-01,1.826097104e-05,-2.248057864e-03,1.002964351e+03,2.964351408e+05,36
5.600000022e-01,1.699989531e-01,1.826097148e-05,-2.248057863e-03,1.002964351e+03,2.964351408e+05,36
5.700000022e-01,1.699989531e-01,1.826097121e-05,-2.248057864e-03,1.002964351e+03,2.964351408e+05,36
5.800000022e-01,1.699989531e-01,1.826097053e-05,-2.248057864e-03,1.002964351e+03,2.964351408e+05,36
5.900000022e-01,1.699989531e-01,1.826097013e-05,-2.248057864e-03,1.002964351e+03,2.964351408e+05,36
6.000000022e-01,1.699989531e-01,1.826097062e-05,-2.248057864e-03,1.002964351e+03,2.964351408e+05,36
6.100000022e-01,1.699989531e-01,1.826097148e-05,-2.248057863e-03,1.002964351e+03,2.964351408e+05,36
6.200000022e-01,1.699989531e-01,1.826097164e-05,-2.248057863e-03,1.002964351e+03,2.964351408e+05,36
6.300000022e-01,1.699989531e-01,1.826097121e-05,-2.248057864e-03,1.002964351e+03,2.964351408e+05,36
6.400000022e-01,1.699989531e-01,1.826097087e-05,-2.248057864e-03,1.002964351e+03,2.964351408e+05,36
6.500000022e-01,1.699989531e-01,1.826097066e-05,-2.248057864e-03,1.002964351e+03,2.964351408e+05,36
6.600000022e-01,1.699989531e-01,1.826097037e-05,-2.248057864e-03,1.002964351e+03,2.964351408e+05,36
6.700000022e-01,1.699989531e-01,1.826097032e-05,-2.248057864e-03,1.002964351e+03,2.964351408e+05,36
6.800000022e-01,1.699989531e-01,1.826097089e-05,-2.248057864e-03,1.002964351e+03,2.964351408e+05,36
6.900000022e-01,1.699989531e-01,1.826097143e-05,-2.248057863e-03,1.002964351e+03,2.964351408e+05,36
7.000000022e-01,1.699989531e-01,1.826097122e-05,-2.248057864e-03,1.002964351e+03,2.964351408e+05,36
7.100000022e-01,1.699989531e-01,1.826097055e-05,-2.248057864e-03,1.002964351e+03,2.964351408e+05,36
7.200000022e-01,1.699989531e-01,1.826097012e-05,-2.248057864e-03,1.002964351e+03,2.964351408e+05,36
7.300000022e-01,1.699989531e-01,1.826097058e-05,-2.248057863e-03,1.002964351e+03,2.964351408e+05,36
7.400000022e-01,1.699989531e-01,1.826097145e-05,-2.248057863e-03,1.002964351e+03,2.964351408e+05,36
7.500000022e-01,1.699989531e-01,1.826097163e-05,-2.248057863e-03,1.002964351e+03,2.964351408e+05,36
7.600000022e-01,1.699989531e-01,1.826097120e-05,-2.248057864e-03,1.002964351e+03,2.964351408e+05,36
7.700000022e-01,1.699989531e-01,1.826097087e-05,-2.248057864e-03,1.002964351e+03,2.964351408e+05,36
7.800000022e-01,1.699989531e-01,1.826097068e-05,-2.248057864e-03,1.002964351e+03,2.964351408e+05,36
7.900000022e-01,1.699989531e-01,1.826097038e-05,-2.248057864e-03,1.002964351e+03,2.964351408e+05,36
8.000000022e-01,1.699989531e-01,1.826097030e-05,-2.248057864e-03,1.002964351e+03,2.964351408e+05,36
8.100000022e-01,1.699989531e-01,1.826097089e-05,-2.248057864e-03,1.002964351e+03,2.964351408e+05,36
8.200000022e-01,1.699989531e-01,1.826097143e-05,-2.248057863e-03,1.002964351e+03,2.964351408e+05,36
8.300000022e-01,1.699989531e-01,1.826097118e-05,-2.248057864e-03,1.002964351e+03,2.964351408e+05,36
8.400000022e-01,1.699989531e-01,1.826097050e-05,-2.248057864e-03,1.002964351e+03,2.964351408e+05,36
8.500000022e-01,1.699989531e-01,1.826097012e-05,-2.248057864e-03,1.002964351e+03,2.964351408e+05,36
8.600000022e-01,1.699989531e-01,1.826097065e-05,-2.248057863e-03,1.002964351e+03,2.964351408e+05,36
8.700000022e-01,1.699989531e-01,1.826097148e-05,-2.248057863e-03,1.002964351e+03,2.964351408e+05,36
8.800000022e-01,1.699989531e-01,1.826097155e-05,-2.248057863e-03,1.002964351e+03,2.964351408e+05,36
8.900000022e-01,1.699989531e-01,1.826097111e-05,-2.248057864e-03,1.002964351e+03,2.964351408e+05,36
9.000000022e-01,1.699989531e-01,1.826097078e-05,-2.248057864e-03,1.002964351e+03,2.964351408e+05,36
9.100000022e-01,1.699989531e-01,1.826097045e-05,-2.248057864e-03,1.002964351e+03,2.964351408e+05,36
9.200000022e-01,1.699989531e-01,1.826097036e-05,-2.248057864e-03,1.002964351e+03,2.964351408e+05,36
9.300000022e-01,1.699989531e-01,1.826097094e-05,-2.248057864e-03,1.002964351e+03,2.964351408e+05,36
9.400000022e-01,1.699989531e-01,1.826097151e-05,-2.248057863e-03,1.002964351e+03,2.964351408e+05,36
9.500000022e-01,1.699989531e-01,1.826097134e-05,-2.248057864e-03,1.002964351e+03,2.964351408e+05,36
9.600000022e-01,1.699989531e-01,1.826097075e-05,-2.248057864e-03,1.002964351e+03,2.964351408e+05,36
9.700000022e-01,1.699989531e-01,1.826097061e-05,-2.248057864e-03,1.002964351e+03,2.964351408e+05,36
9.800000022e-01,1.699989531e-01,1.826097153e-05,-2.248057864e-03,1.002964351e+03,2.964351408e+05,36
9.900000022e-01,1.699989531e-01,1.826097212e-05,-2.248057864e-03,1.002964351e+03,2.964351408e+05,36
1.000000002e+00,1.699989531e-01,1.826097121e-05,-2.248057864e-03,1.002964351e+03,2.964351408e+05,36
1.010000002e+00,1.699989531e-01,1.826097034e-05,-2.248057864e-03,1.002964351e+03,2.964351408e+05,36
1.020000002e+00,1.699989531e-01,1.826097042e-05,-2.248057864e-03,1.002964351e+03,2.964351408e+05,36
1.030000002e+00,1.699989531e-01,1.826097071e-05,-2.248057864e-03,1.002964351e+03,2.964351408e+05,36
1.040000002e+00,1.699989531e-01,1.826097083e-05,-2.248057864e-03,1.002964351e+03,2.964351408e+05,36
1.050000002e+00,1.699989531e-01,1.826097085e-05,-2.248057864e-03,1.002964351e+03,2.964351408e+05,36
1.060000002e+00,1.699989531e-01,1.826097084e-05,-2.248057864e-03,1.002964351e+03,2.964351408e+05,36
1.070000002e+00,1.699989531e-01,1.826097078e-05,-2.248057864e-03,1.002964351e+03,2.964351408e+05,36
1.080000002e+00,1.699989531e-01,1.826097065e-05,-2.248057864e-03,1.002964351e+03,2.964351408e+05,36
1.090000002e+00,1.699989531e-01,1.826097037e-05,-2.248057864e-03,1.002964351e+03,2.964351408e+05,36
1.100000002e+00,1.699989531e-01,1.826096986e-05,-2.248057863e-03,1.002964351e+03,2.964351408e+05,36
1.110000002e+00,1.699989531e-01,1.826096928e-05,-2.248057863e-03,1.002964351e+03,2.964351408e+05,36
1.120000002e+00,1.699989531e-01,1.826096959e-05,-2.248057863e-03,1.002964351e+03,2.964351408e+05,36
1.130000002e+00,1.699989531e-01,1.826097094e-05,-2.248057863e-03,1.002964351e+03,2.964351408e+05,36
1.140000002e+00,1.699989531e-01,1.826097163e-05,-2.248057864e-03,1.002964351e+03,2.964351408e+05,36
1.150000002e+00,1.699989531e-01,1.826097146e-05,-2.248057865e-03,1.002964351e+03,2.964351408e+05,36
1.160000002e+00,1.699989531e-01,1.826097123e-05,-2.248057864e-03,1.002964351e+03,2.964351408e+05,36
1.170000002e+00,1.699989531e-01,1.826097097e-05,-2.248057864e-03,1.002964351e+03,2.964351408e+05,36
1.180000002e+00,1.699989531e-01,1.826097137e-05,-2.248057864e-03,1.002964351e+03,2.964351408e+05,36
1.190000002e+00,1.699989531e-01,1.826097190e-05,-2.248057863e-03,1.002964351e+03,2.964351408e+05,36
1.200000002e+00,1.699989531e-01,1.826097165e-05,-2.248057864e-03,1.002964351e+03,2.964351408e+05,36
1.210000002e+00,1.699989531e-01,1.826097121e-05,-2.248057864e-03,1.002964351e+03,2.964351408e+05,36
1.220000002e+00,1.699989531e-01,1.826097099e-05,-2.248057864e-03,1.002964351e+03,2.964351408e+05,36
1.230000002e+00,1.699989531e-01,1.826097092e-05,-2.248057864e-03,1.002964351e+03,2.964351408e+05,36
1.240000002e+00,1.699989531e-01,1.826097091e-05,-2.248057864e-03,1.002964351e+03,2.964351408e+05,36
1.250000002e+00,1.699989531e-01,1.826097090e-05,-2.248057864e-03,1.002964351e+03,2.964351408e+05,36
1.260000002e+00,1.699989531e-01,1.826097086e-05,-2.248057864e-03,1.002964351e+03,2.964351408e+05,36
1.270000002e+00,1.699989531e-01,1.826097085e-05,-2.248057864e-03,1.002964351e+03,2.964351408e+05,36
1.280000002e+00,1.699989531e-01,1.826097087e-05,-2.248057864e-03,1.002964351e+03,2.964351408e+05,36
1.290000002e+00,1.699989531e-01,1.826097088e-05,-2.248057864e-03,1.002964351e+03,2.964351408e+05,36
1.300000002e+00,1.699989531e-01,1.826097086e-05,-2.248057864e-03,1.002964351e+03,2.964351408e+05,36
1.310000002e+00,1.699989531e-01,1.826097083e-05,-2.248057864e-03,1.002964351e+03,2.964351408e+05,36
1.320000002e+00,1.699989531e-01,1.826097075e-05,-2.248057864e-03,1.002964351e+03,2.964351408e+05,36
1.330000002e+00,1.699989531e-01,1.826097057e-05,-2.248057864e-03,1.002964351e+03,2.964351408e+05,36
1.340000002e+00,1.699989531e-01,1.826097013e-05,-2.248057863e-03,1.002964351e+03,2.964351408e+05,36
1.350000002e+00,1.699989531e-01,1.826096948e-05,-2.248057863e-03,1.002964351e+03,2.964351408e+05,36
1.360000002e+00,1.699989531e-01,1.826096938e-05,-2.248057863e-03,1.002964351e+03,2.964351408e+05,36
1.370000002e+00,1.699989531e-01,1.826097033e-05,-2.248057863e-03,1.002964351e+03,2.964351408e+05,36
1.380000002e+00,1.699989531e-01,1.826097141e-05,-2.248057863e-03,1.002964351e+03,2.964351408e+05,36
1.390000002e+00,1.699989531e-01,1.826097148e-05,-2.248057864e-03,1.002964351e+03,2.964351408e+05,36
1.400000002e+00,1.699989531e-01,1.826097121e-05,-2.248057865e-03,1.002964351e+03,2.964351408e+05,36
1.410000002e+00,1.699989531e-01,1.826097113e-05,-2.248057864e-03,1.002964351e+03,2.964351408e+05,36
1.420000002e+00,1.699989531e-01,1.826097099e-05,-2.248057864e-03,1.002964351e+03,2.964351408e+05,36
1.430000002e+00,1.699989531e-01,1.826097142e-05,-2.248057864e-03,1.002964351e+03,2.964351408e+05,36
1.440000002e+00,1.699989531e-01,1.826097194e-05,-2.248057863e-03,1.002964351e+03,2.964351408e+05,36
1.450000002e+00,1.699989531e-01,1.826097164e-05,-2.248057863e-03,1.002964351e+03,2.964351408e+05,36
1.460000002e+00,1.699989531e-01,1.826097115e-05,-2.248057864e-03,1.002964351e+03,2.964351408e+05,36
1.470000002e+00,1.699989531e-01,1.826097096e-05,-2.248057864e-03,1.002964351e+03,2.964351408e+05,36
1.480000002e+00,1.699989531e-01,1.826097092e-05,-2.248057863e-03,1.002964351e+03,2.964351408e+05,36
1.490000002e+00,1.699989531e-01,1.826097088e-05,-2.248057863e-03,1.002964351e+03,2.964351408e+05,36
1.500000002e+00,1.699989531e-01,1.826097086e-05,-2.248057863e-03,1.002964351e+03,2.964351408e+05,36
1.510000002e+00,1.699989531e-01,1.826097087e-05,-2.248057863e-03,1.002964351e+03,2.964351408e+05,36
1.520000002e+00,1.699989531e-01,1.826097085e-05,-2.248057863e-03,1.002964351e+03,2.964351408e+05,36
1.530000002e+00,1.699989531e-01,1.826097083e-05,-2.248057863e-03,1.002964351e+03,2.964351408e+05,36
1.540000002e+00,1.699989531e-01,1.826097084e-05,-2.248057863e-03,1.002964351e+03,2.964351408e+05,36
1.550000002e+00,1.699989531e-01,1.826097087e-05,-2.248057863e-03,1.002964351e+03,2.964351408e+05,36
1.560000002e+00,1.699989531e-01,1.826097089e-05,-2.248057863e-03,1.002964351e+03,2.964351408e+05,36
1.570000002e+00,1.699989531e-01,1.826097089e-05,-2.248057863e-03,1.002964351e+03,2.964351408e+05,36
1.580000002e+00,1.699989531e-01,1.826097083e-05,-2.248057863e-03,1.002964351e+03,2.964351408e+05,36
1.590000002e+00,1.699989531e-01,1.826097062e-05,-2.248057863e-03,1.002964351e+03,2.964351408e+05,36
1.600000002e+00,1.699989531e-01,1.826097015e-05,-2.248057863e-03,1.002964351e+03,2.964351408e+05,36
1.610000002e+00,1.699989531e-01,1.826096949e-05,-2.248057863e-03,1.002964351e+03,2.964351408e+05,36
1.620000002e+00,1.699989531e-01,1.826096939e-05,-2.248057863e-03,1.002964351e+03,2.964351408e+05,36
1.630000002e+00,1.699989531e-01,1.826097033e-05,-2.248057863e-03,1.002964351e+03,2.964351408e+05,36
1.640000002e+00,1.699989531e-01,1.826097139e-05,-2.248057863e-03,1.002964351e+03,2.964351408e+05,36
1.650000002e+00,1.699989531e-01,1.826097145e-05,-2.248057864e-03,1.002964351e+03,2.964351408e+05,36
1.660000002e+00,1.699989531e-01,1.826097119e-05,-2.248057865e-03,1.002964351e+03,2.964351408e+05,36
1.670000002e+00,1.699989531e-01,1.826097109e-05,-2.248057864e-03,1.002964351e+03,2.964351408e+05,36
1.680000002e+00,1.699989531e-01,1.826097079e-05,-2.248057864e-03,1.002964351e+03,2.964351408e+05,36
1.690000002e+00,1.699989531e-01,1.826097055e-05,-2.248057863e-03,1.002964351e+03,2.964351408e+05,36
1.700000002e+00,1.699989531e-01,1.826096754e-05,-2.248057862e-03,1.002964351e+03,2.964351408e+05,36
1.710000002e+00,1.699989531e-01,1.826094848e-05,-2.248057854e-03,1.002964351e+03,2.964351408e+05,36
1.720000002e+00,1.699989531e-01,1.826085021e-05,-2.248057817e-03,1.002964351e+03,2.964351408e+05,36
1.730000002e+00,1.699989531e-01,1.826035396e-05,-2.248057621e-03,1.002964351e+03,2.964351409e+05,36
1.740000002e+00,1.699989531e-01,1.825790770e-05,-2.248056644e-03,1.002964351e+03,2.964351415e+05,36
1.750000002e+00,1.699989531e-01,1.824618233e-05,-2.248051877e-03,1.002964351e+03,2.964351444e+05,36
1.760000002e+00,1.699989531e-01,1.819177733e-05,-2.248029313e-03,1.002964352e+03,2.964351578e+05,36
1.770000002e+00,1.699989531e-01,1.794854810e-05,-2.247926066e-03,1.002964352e+03,2.964352191e+05,36
1.780000002e+00,1.699989531e-01,1.690129488e-05,-2.247469723e-03,1.002964355e+03,2.964354887e+05,36
1.790000002e+00,1.699989532e-01,1.255907838e-05,-2.245517488e-03,1.002964366e+03,2.964366216e+05,36
1.800000002e+00,1.699989532e-01,-4.632317738e-06,-2.237484268e-03,1.002964412e+03,2.964411738e+05,36
1.810000001e+00,1.699989536e-01,-6.882253436e-05,-2.206077497e-03,1.002964587e+03,2.964587385e+05,36
1.819999998e+00,1.699989550e-01,-2.944278645e-04,-2.089556909e-03,1.002965230e+03,2.965230326e+05,36
1.829999989e+00,1.699989603e-01,-1.043623901e-03,-1.675960253e-03,1.002967410e+03,2.967410019e+05,36
1.839999956e+00,1.699989793e-01,-3.358846577e-03,-2.872968972e-04,1.002974217e+03,2.974217037e+05,36
1.849999860e+00,1.699990418e-01,-9.775877634e-03,3.966869481e-03,1.002994134e+03,2.994134453e+05,36
1.859999606e+00,1.699992274e-01,-2.530985670e-02,1.560418260e-02,1.003048473e+03,3.048473206e+05,36
1.869999001e+00,1.699997422e-01,-5.834625731e-02,4.453725719e-02,1.003179739e+03,3.179738900e+05,36
1.879997703e+00,1.700010882e-01,-1.210532279e-01,1.110330141e-01,1.003445649e+03,3.445649437e+05,36
1.889995298e+00,1.700041695e-01,-2.287128127e-01,2.467168132e-01,1.003898153e+03,3.898152550e+05,36
1.899991277e+00,1.700098293e-01,-4.199200901e-01,4.762649448e-01,1.004620749e+03,4.620749250e+05,36
1.909983589e+00,1.700177198e-01,-8.600333094e-01,7.835642317e-01,1.006069392e+03,6.069392075e+05,36
1.919960944e+00,1.700247917e-01,-2.238953030e+00,1.083581473e+00,1.010300234e+03,1.030023438e+06,36
1.929865098e+00,1.700323524e-01,-6.552295018e+00,1.407672959e+00,1.021813306e+03,2.181330588e+06,37
1.939493427e+00,1.700561838e-01,-1.830077461e+01,1.031409431e+00,1.062155231e+03,6.215523069e+06,35
1.948762868e+00,1.700265703e-01,-3.540681431e+01,-2.537413022e+00,1.140705130e+03,1.407051302e+07,35
1.959133268e+00,1.698980457e-01,-2.864057099e+01,-4.549709051e+00,1.163770133e+03,1.637701325e+07,34
1.975229702e+00,1.707671659e-01,3.381701289e+01,7.514170434e+00,1.043828133e+03,4.382813271e+06,30
1.992918494e+00,1.653746960e-01,-8.510027296e+01,-8.366571682e+01,7.814665575e+02,-2.185334425e+07,24
1.189638251e-02,1.557982064e-01,6.863975260e+01,6.279467445e+00,9.501721002e+02,-4.982789978e+06,28
1.912515397e+00,1.030068699e-01,-1.986312902e+02,-1.141214687e+02,1.340135175e+03,3.401351746e+07,33
