x,y,vx,vy,rho,p,neighbor_count
8.311955731e-02,9.426960486e-02,2.529883461e+02,1.734394057e+02,1.285390527e+03,2.853905272e+07,33
1.989619152e+00,4.423925972e-02,-8.836194600e+01,7.099236460e+00,9.047432636e+02,-9.525673637e+06,27
5.617542534e-03,3.299760107e-02,5.328200849e+01,7.645767026e+01,7.038387257e+02,-2.961612743e+07,25
2.540690079e-02,2.939526426e-02,-2.901564580e+01,-8.888845632e+00,1.046628233e+03,4.662823306e+06,31
4.029967748e-02,3.002951716e-02,2.769326456e+01,2.360505415e+00,1.170752128e+03,1.707521284e+07,35
5.061054906e-02,2.994585851e-02,2.579420107e+01,-1.634132854e-02,1.108272770e+03,1.082727699e+07,36
6.021022337e-02,2.996677914e-02,1.048316276e+01,-1.197897079e+00,1.035307148e+03,3.530714840e+06,36
7.003777979e-02,2.998974869e-02,2.872994761e+00,-7.214888715e-01,1.011398529e+03,1.139852922e+06,37
8.000800473e-02,2.999169419e-02,7.931230506e-01,-5.201002415e-01,1.006020671e+03,6.020670676e+05,36
9.000449502e-02,2.999411935e-02,3.137004873e-01,-3.709970175e-01,1.004157774e+03,4.157774299e+05,36
1.000027681e-01,2.999721338e-02,1.670273867e-01,-2.116932014e-01,1.003582637e+03,3.582637197e+05,36
1.100014721e-01,2.999934049e-02,8.990370285e-02,-9.747413477e-02,1.003292186e+03,3.292186353e+05,36
1.200006470e-01,3.000040222e-02,4.268966131e-02,-3.615562826e-02,1.003119640e+03,3.119640071e+05,36
1.300002422e-01,3.000080832e-02,1.763290710e-02,-1.034116594e-02,1.003027524e+03,3.027524246e+05,36
1.400000831e-01,3.000093844e-02,6.561100724e-03,-1.055943615e-03,1.002986726e+03,2.986725798e+05,36
1.500000272e-01,3.000097763e-02,2.208850957e-03,2.056190694e-03,1.002972029e+03,2.972029275e+05,36
1.600000089e-01,3.000098899e-02,6.694312969e-04,3.031201088e-03,1.002967494e+03,2.967494179e+05,36
1.700000036e-01,3.000099198e-02,1.917647530e-04,3.305458873e-03,1.002966195e+03,2.966195288e+05,36
1.800000023e-01,3.000099269e-02,6.035561639e-05,3.375040344e-03,1.002965840e+03,2.965839675e+05,36
1.900000019e-01,3.000099285e-02,2.683488187e-05,3.391695821e-03,1.002965749e+03,2.965749234e+05,36
2.000000019e-01,3.000099289e-02,1.867526695e-05,3.395549773e-03,1.002965728e+03,2.965728116e+05,36
2.100000018e-01,3.000099290e-02,1.679239873e-05,3.396400626e-03,1.002965723e+03,2.965723461e+05,36
2.200000018e-01,3.000099290e-02,1.638365225e-05,3.396578446e-03,1.002965722e+03,2.965722469e+05,36
2.300000018e-01,3.000099290e-02,1.629911946e-05,3.396614126e-03,1.002965722e+03,2.965722265e+05,36
2.400000018e-01,3.000099290e-02,1.628223155e-05,3.396621081e-03,1.002965722e+03,2.965722225e+05,36
2.500000018e-01,3.000099290e-02,1.627897155e-05,3.396622394e-03,1.002965722e+03,2.965722218e+05,36
2.600000018e-01,3.000099290e-02,1.627836570e-05,3.396622634e-03,1.002965722e+03,2.965722216e+05,36
2.700000018e-01,3.000099290e-02,1.627825673e-05,3.396622676e-03,1.002965722e+03,2.965722216e+05,36
2.800000018e-01,3.000099290e-02,1.627823746e-05,3.396622683e-03,1.002965722e+03,2.965722216e+05,36
2.900000018e-01,3.000099290e-02,1.627823402e-05,3.396622685e-03,1.002965722e+03,2.965722216e+05,36
3.000000018e-01,3.000099290e-02,1.627823327e-05,3.396622685e-03,1.002965722e+03,2.965722216e+05,36
3.100000018e-01,3.000099290e-02,1.627823324e-05,3.396622685e-03,1.002965722e+03,2.965722216e+05,36
3.200000018e-01,3.000099290e-02,1.627823353e-05,3.396622685e-03,1.002965722e+03,2.965722216e+05,36
3.300000018e-01,3.000099290e-02,1.627823375e-05,3.396622685e-03,1.002965722e+03,2.965722216e+05,36
3.400000018e-01,3.000099290e-02,1.627823368e-05,3.396622685e-03,1.002965722e+03,2.965722216e+05,36
3.500000018e-01,3.000099290e-02,1.627823346e-05,3.396622685e-03,1.002965722e+03,2.965722216e+05,36
3.600000018e-01,3.000099290e-02,1.627823323e-05,3.396622685e-03,1.002965722e+03,2.965722216e+05,36
3.700000018e-01,3.000099290e-02,1.627823303e-05,3.396622685e-03,1.002965722e+03,2.965722216e+05,36
3.800000018e-01,3.000099290e-02,1.627823322e-05,3.396622685e-03,1.002965722e+03,2.965722216e+05,36
3.900000018e-01,3.000099290e-02,1.627823369e-05,3.396622685e-03,1.002965722e+03,2.965722216e+05,36
4.000000018e-01,3.000099290e-02,1.627823376e-05,3.396622685e-03,1.002965722e+03,2.965722216e+05,36
4.100000018e-01,3.000099290e-02,1.627823354e-05,3.396622685e-03,1.002965722e+03,2.965722216e+05,36
4.200000018e-01,3.000099290e-02,1.627823330e-05,3.396622685e-03,1.002965722e+03,2.965722216e+05,36
4.300000018e-01,3.000099290e-02,1.627823302e-05,3.396622685e-03,1.002965722e+03,2.965722216e+05,36
4.400000018e-01,3.000099290e-02,1.627823316e-05,3.396622685e-03,1.002965722e+03,2.965722216e+05,36
4.500000018e-01,3.000099290e-02,1.627823374e-05,3.396622685e-03,1.002965722e+03,2.965722216e+05,36
4.600000018e-01,3.000099290e-02,1.627823392e-05,3.396622685e-03,1.002965722e+03,2.965722216e+05,36
4.700000018e-01,3.000099290e-02,1.627823372e-05,3.396622685e-03,1.002965722e+03,2.965722216e+05,36
4.800000018e-01,3.000099290e-02,1.627823353e-05,3.396622685e-03,1.002965722e+03,2.965722216e+05,36
4.900000018e-01,3.000099290e-02,1.627823317e-05,3.396622685e-03,1.002965722e+03,2.965722216e+05,36
5.000000018e-01,3.000099290e-02,1.627823308e-05,3.396622685e-03,1.002965722e+03,2.965722216e+05,36
5.100000018e-01,3.000099290e-02,1.627823351e-05,3.396622685e-03,1.002965722e+03,2.965722216e+05,36
5.200000018e-01,3.000099290e-02,1.627823361e-05,3.396622685e-03,1.002965722e+03,2.965722216e+05,36
5.300000018e-01,3.000099290e-02,1.627823312e-05,3.396622685e-03,1.002965722e+03,2.965722216e+05,36
5.400000018e-01,3.000099290e-02,1.627823289e-05,3.396622685e-03,1.002965722e+03,2.965722216e+05,36
5.500000018e-01,3.000099290e-02,1.627823333e-05,3.396622685e-03,1.002965722e+03,2.965722216e+05,36
5.600000018e-01,3.000099290e-02,1.627823372e-05,3.396622685e-03,1.002965722e+03,2.965722216e+05,36
5.700000018e-01,3.000099290e-02,1.627823363e-05,3.396622685e-03,1.002965722e+03,2.965722216e+05,36
5.800000018e-01,3.000099290e-02,1.627823333e-05,3.396622685e-03,1.002965722e+03,2.965722216e+05,36
5.900000018e-01,3.000099290e-02,1.627823309e-05,3.396622685e-03,1.002965722e+03,2.965722216e+05,36
6.000000018e-01,3.000099290e-02,1.627823340e-05,3.396622685e-03,1.002965722e+03,2.965722216e+05,36
6.100000018e-01,3.000099290e-02,1.627823402e-05,3.396622685e-03,1.002965722e+03,2.965722216e+05,36
6.200000018e-01,3.000099290e-02,1.627823409e-05,3.396622684e-03,1.002965722e+03,2.965722216e+05,36
6.300000018e-01,3.000099290e-02,1.627823373e-05,3.396622685e-03,1.002965722e+03,2.965722216e+05,36
6.400000018e-01,3.000099290e-02,1.627823345e-05,3.396622685e-03,1.002965722e+03,2.965722216e+05,36
6.500000018e-01,3.000099290e-02,1.627823319e-05,3.396622685e-03,1.002965722e+03,2.965722216e+05,36
6.600000018e-01,3.000099290e-02,1.627823285e-05,3.396622685e-03,1.002965722e+03,2.965722216e+05,36
6.700000018e-01,3.000099290e-02,1.627823281e-05,3.396622685e-03,1.002965722e+03,2.965722216e+05,36
6.800000018e-01,3.000099290e-02,1.627823331e-05,3.396622685e-03,1.002965722e+03,2.965722216e+05,36
6.900000018e-01,3.000099290e-02,1.627823370e-05,3.396622685e-03,1.002965722e+03,2.965722216e+05,36
7.000000018e-01,3.000099290e-02,1.627823362e-05,3.396622685e-03,1.002965722e+03,2.965722216e+05,36
7.100000018e-01,3.000099290e-02,1.627823334e-05,3.396622685e-03,1.002965722e+03,2.965722216e+05,36
7.200000018e-01,3.000099290e-02,1.627823310e-05,3.396622685e-03,1.002965722e+03,2.965722216e+05,36
7.300000018e-01,3.000099290e-02,1.627823340e-05,3.396622685e-03,1.002965722e+03,2.965722216e+05,36
7.400000018e-01,3.000099290e-02,1.627823402e-05,3.396622685e-03,1.002965722e+03,2.965722216e+05,36
7.500000018e-01,3.000099290e-02,1.627823408e-05,3.396622684e-03,1.002965722e+03,2.965722216e+05,36
7.600000018e-01,3.000099290e-02,1.627823372e-05,3.396622685e-03,1.002965722e+03,2.965722216e+05,36
7.700000018e-01,3.000099290e-02,1.627823346e-05,3.396622685e-03,1.002965722e+03,2.965722216e+05,36
7.800000018e-01,3.000099290e-02,1.627823323e-05,3.396622685e-03,1.002965722e+03,2.965722216e+05,36
7.900000018e-01,3.000099290e-02,1.627823287e-05,3.396622685e-03,1.002965722e+03,2.965722216e+05,36
8.000000018e-01,3.000099290e-02,1.627823280e-05,3.396622685e-03,1.002965722e+03,2.965722216e+05,36
8.100000018e-01,3.000099290e-02,1.627823327e-05,3.396622685e-03,1.002965722e+03,2.965722216e+05,36
8.200000018e-01,3.000099290e-02,1.627823369e-05,3.396622685e-03,1.002965722e+03,2.965722216e+05,36
8.300000018e-01,3.000099290e-02,1.627823362e-05,3.396622685e-03,1.002965722e+03,2.965722216e+05,36
8.400000018e-01,3.000099290e-02,1.627823335e-05,3.396622685e-03,1.002965722e+03,2.965722216e+05,36
8.500000018e-01,3.000099290e-02,1.627823310e-05,3.396622685e-03,1.002965722e+03,2.965722216e+05,36
8.600000018e-01,3.000099290e-02,1.627823339e-05,3.396622685e-03,1.002965722e+03,2.965722216e+05,36
8.700000018e-01,3.000099290e-02,1.627823400e-05,3.396622684e-03,1.002965722e+03,2.965722216e+05,36
8.800000018e-01,3.000099290e-02,1.627823406e-05,3.396622684e-03,1.002965722e+03,2.965722216e+05,36
8.900000018e-01,3.000099290e-02,1.627823367e-05,3.396622685e-03,1.002965722e+03,2.965722216e+05,36
9.000000018e-01,3.000099290e-02,1.627823328e-05,3.396622685e-03,1.002965722e+03,2.965722216e+05,36
9.100000018e-01,3.000099290e-02,1.627823288e-05,3.396622685e-03,1.002965722e+03,2.965722216e+05,36
9.200000018e-01,3.000099290e-02,1.627823280e-05,3.396622685e-03,1.002965722e+03,2.965722216e+05,36
9.300000018e-01,3.000099290e-02,1.627823330e-05,3.396622685e-03,1.002965722e+03,2.965722216e+05,36
9.400000018e-01,3.000099290e-02,1.627823376e-05,3.396622685e-03,1.002965722e+03,2.965722216e+05,36
9.500000018e-01,3.000099290e-02,1.627823370e-05,3.396622685e-03,1.002965722e+03,2.965722216e+05,36
9.600000018e-01,3.000099290e-02,1.627823343e-05,3.396622685e-03,1.002965722e+03,2.965722216e+05,36
9.700000018e-01,3.000099290e-02,1.627823344e-05,3.396622685e-03,1.002965722e+03,2.965722216e+05,36
9.800000018e-01,3.000099290e-02,1.627823413e-05,3.396622685e-03,1.002965722e+03,2.965722216e+05,36
9.900000018e-01,3.000099290e-02,1.627823450e-05,3.396622685e-03,1.002965722e+03,2.965722216e+05,36
1.000000002e+00,3.000099290e-02,1.627823371e-05,3.396622685e-03,1.002965722e+03,2.965722216e+05,36
1.010000002e+00,3.000099290e-02,1.627823300e-05,3.396622685e-03,1.002965722e+03,2.965722216e+05,36
1.020000002e+00,3.000099290e-02,1.627823309e-05,3.396622685e-03,1.002965722e+03,2.965722216e+05,36
1.030000002e+00,3.000099290e-02,1.627823333e-05,3.396622685e-03,1.002965722e+03,2.965722216e+05,36
1.040000002e+00,3.000099290e-02,1.627823341e-05,3.396622685e-03,1.002965722e+03,2.965722216e+05,36
1.050000002e+00,3.000099290e-02,1.627823342e-05,3.396622685e-03,1.002965722e+03,2.965722216e+05,36
1.060000002e+00,3.000099290e-02,1.627823343e-05,3.396622685e-03,1.002965722e+03,2.965722216e+05,36
1.070000002e+00,3.000099290e-02,1.627823341e-05,3.396622685e-03,1.002965722e+03,2.965722216e+05,36
1.080000002e+00,3.000099290e-02,1.627823332e-05,3.396622685e-03,1.002965722e+03,2.965722216e+05,36
1.090000002e+00,3.000099290e-02,1.627823297e-05,3.396622684e-03,1.002965722e+03,2.965722216e+05,36
1.100000002e+00,3.000099290e-02,1.627823240e-05,3.396622684e-03,1.002965722e+03,2.965722216e+05,36
1.110000002e+00,3.000099290e-02,1.627823226e-05,3.396622684e-03,1.002965722e+03,2.965722216e+05,36
1.120000002e+00,3.000099290e-02,1.627823292e-05,3.396622684e-03,1.002965722e+03,2.965722216e+05,36
1.130000002e+00,3.000099290e-02,1.627823357e-05,3.396622685e-03,1.002965722e+03,2.965722216e+05,36
1.140000002e+00,3.000099290e-02,1.627823339e-05,3.396622685e-03,1.002965722e+03,2.965722216e+05,36
1.150000002e+00,3.000099290e-02,1.627823328e-05,3.396622686e-03,1.002965722e+03,2.965722216e+05,36
1.160000002e+00,3.000099290e-02,1.627823370e-05,3.396622686e-03,1.002965722e+03,2.965722216e+05,36
1.170000002e+00,3.000099290e-02,1.627823396e-05,3.396622685e-03,1.002965722e+03,2.965722216e+05,36
1.180000002e+00,3.000099290e-02,1.627823428e-05,3.396622685e-03,1.002965722e+03,2.965722216e+05,36
1.190000002e+00,3.000099290e-02,1.627823445e-05,3.396622684e-03,1.002965722e+03,2.965722216e+05,36
1.200000002e+00,3.000099290e-02,1.627823405e-05,3.396622684e-03,1.002965722e+03,2.965722216e+05,36
1.210000002e+00,3.000099290e-02,1.627823362e-05,3.396622685e-03,1.002965722e+03,2.965722216e+05,36
1.220000002e+00,3.000099290e-02,1.627823346e-05,3.396622685e-03,1.002965722e+03,2.965722216e+05,36
1.230000002e+00,3.000099290e-02,1.627823342e-05,3.396622685e-03,1.002965722e+03,2.965722216e+05,36
1.240000002e+00,3.000099290e-02,1.627823340e-05,3.396622685e-03,1.002965722e+03,2.965722216e+05,36
1.250000002e+00,3.000099290e-02,1.627823341e-05,3.396622685e-03,1.002965722e+03,2.965722216e+05,36
1.260000002e+00,3.000099290e-02,1.627823342e-05,3.396622685e-03,1.002965722e+03,2.965722216e+05,36
1.270000002e+00,3.000099290e-02,1.627823343e-05,3.396622685e-03,1.002965722e+03,2.965722216e+05,36
1.280000002e+00,3.000099290e-02,1.627823344e-05,3.396622685e-03,1.002965722e+03,2.965722216e+05,36
1.290000002e+00,3.000099290e-02,1.627823343e-05,3.396622685e-03,1.002965722e+03,2.965722216e+05,36
1.300000002e+00,3.000099290e-02,1.627823341e-05,3.396622685e-03,1.002965722e+03,2.965722216e+05,36
1.310000002e+00,3.000099290e-02,1.627823339e-05,3.396622685e-03,1.002965722e+03,2.965722216e+05,36
1.320000002e+00,3.000099290e-02,1.627823339e-05,3.396622685e-03,1.002965722e+03,2.965722216e+05,36
1.330000002e+00,3.000099290e-02,1.627823333e-05,3.396622685e-03,1.002965722e+03,2.965722216e+05,36
1.340000002e+00,3.000099290e-02,1.627823309e-05,3.396622685e-03,1.002965722e+03,2.965722216e+05,36
1.350000002e+00,3.000099290e-02,1.627823259e-05,3.396622684e-03,1.002965722e+03,2.965722216e+05,36
1.360000002e+00,3.000099290e-02,1.627823215e-05,3.396622684e-03,1.002965722e+03,2.965722216e+05,36
1.370000002e+00,3.000099290e-02,1.627823253e-05,3.396622684e-03,1.002965722e+03,2.965722216e+05,36
1.380000002e+00,3.000099290e-02,1.627823342e-05,3.396622685e-03,1.002965722e+03,2.965722216e+05,36
1.390000002e+00,3.000099290e-02,1.627823357e-05,3.396622685e-03,1.002965722e+03,2.965722216e+05,36
1.400000002e+00,3.000099290e-02,1.627823340e-05,3.396622686e-03,1.002965722e+03,2.965722216e+05,36
1.410000002e+00,3.000099290e-02,1.627823372e-05,3.396622686e-03,1.002965722e+03,2.965722216e+05,36
1.420000002e+00,3.000099290e-02,1.627823397e-05,3.396622685e-03,1.002965722e+03,2.965722216e+05,36
1.430000002e+00,3.000099290e-02,1.627823428e-05,3.396622685e-03,1.002965722e+03,2.965722216e+05,36
1.440000002e+00,3.000099290e-02,1.627823445e-05,3.396622684e-03,1.002965722e+03,2.965722216e+05,36
1.450000002e+00,3.000099290e-02,1.627823404e-05,3.396622684e-03,1.002965722e+03,2.965722216e+05,36
1.460000002e+00,3.000099290e-02,1.627823360e-05,3.396622685e-03,1.002965722e+03,2.965722216e+05,36
1.470000002e+00,3.000099290e-02,1.627823346e-05,3.396622685e-03,1.002965722e+03,2.965722216e+05,36
1.480000002e+00,3.000099290e-02,1.627823344e-05,3.396622685e-03,1.002965722e+03,2.965722216e+05,36
1.490000002e+00,3.000099290e-02,1.627823343e-05,3.396622685e-03,1.002965722e+03,2.965722216e+05,36
1.500000002e+00,3.000099290e-02,1.627823343e-05,3.396622685e-03,1.002965722e+03,2.965722216e+05,36
1.510000002e+00,3.000099290e-02,1.627823343e-05,3.396622685e-03,1.002965722e+03,2.965722216e+05,36
1.520000002e+00,3.000099290e-02,1.627823343e-05,3.396622685e-03,1.002965722e+03,2.965722216e+05,36
1.530000002e+00,3.000099290e-02,1.627823343e-05,3.396622685e-03,1.002965722e+03,2.965722216e+05,36
1.540000002e+00,3.000099290e-02,1.627823342e-05,3.396622685e-03,1.002965722e+03,2.965722216e+05,36
1.550000002e+00,3.000099290e-02,1.627823342e-05,3.396622685e-03,1.002965722e+03,2.965722216e+05,36
1.560000002e+00,3.000099290e-02,1.627823340e-05,3.396622685e-03,1.002965722e+03,2.965722216e+05,36
1.570000002e+00,3.000099290e-02,1.627823340e-05,3.396622685e-03,1.002965722e+03,2.965722216e+05,36
1.580000002e+00,3.000099290e-02,1.627823342e-05,3.396622685e-03,1.002965722e+03,2.965722216e+05,36
1.590000002e+00,3.000099290e-02,1.627823335e-05,3.396622685e-03,1.002965722e+03,2.965722216e+05,36
1.600000002e+00,3.000099290e-02,1.627823306e-05,3.396622685e-03,1.002965722e+03,2.965722216e+05,36
1.610000002e+00,3.000099290e-02,1.627823254e-05,3.396622684e-03,1.002965722e+03,2.965722216e+05,36
1.620000002e+00,3.000099290e-02,1.627823219e-05,3.396622684e-03,1.002965722e+03,2.965722216e+05,36
1.630000002e+00,3.000099290e-02,1.627823264e-05,3.396622684e-03,1.002965722e+03,2.965722216e+05,36
1.640000002e+00,3.000099290e-02,1.627823346e-05,3.396622684e-03,1.002965722e+03,2.965722216e+05,36
1.650000002e+00,3.000099290e-02,1.627823353e-05,3.396622685e-03,1.002965722e+03,2.965722216e+05,36
1.660000002e+00,3.000099290e-02,1.627823337e-05,3.396622686e-03,1.002965722e+03,2.965722216e+05,36
1.670000002e+00,3.000099290e-02,1.627823371e-05,3.396622686e-03,1.002965722e+03,2.965722216e+05,36
1.680000002e+00,3.000099290e-02,1.627823396e-05,3.396622685e-03,1.002965722e+03,2.965722216e+05,36
1.690000002e+00,3.000099290e-02,1.627823424e-05,3.396622685e-03,1.002965722e+03,2.965722216e+05,36
1.700000002e+00,3.000099290e-02,1.627823431e-05,3.396622684e-03,1.002965722e+03,2.965722216e+05,36
1.710000002e+00,3.000099290e-02,1.627823337e-05,3.396622684e-03,1.002965722e+03,2.965722216e+05,36
1.720000002e+00,3.000099290e-02,1.627822969e-05,3.396622683e-03,1.002965722e+03,2.965722216e+05,36
1.730000002e+00,3.000099290e-02,1.627821041e-05,3.396622676e-03,1.002965722e+03,2.965722216e+05,36
1.740000002e+00,3.000099290e-02,1.627810123e-05,3.396622633e-03,1.002965722e+03,2.965722216e+05,36
1.750000002e+00,3.000099290e-02,1.627749471e-05,3.396622394e-03,1.002965722e+03,2.965722218e+05,36
1.760000002e+00,3.000099290e-02,1.627423439e-05,3.396621081e-03,1.002965722e+03,2.965722225e+05,36
1.770000002e+00,3.000099290e-02,1.625734744e-05,3.396614126e-03,1.002965722e+03,2.965722265e+05,36
1.780000002e+00,3.000099290e-02,1.617281578e-05,3.396578446e-03,1.002965722e+03,2.965722469e+05,36
1.790000002e+00,3.000099290e-02,1.576406871e-05,3.396400626e-03,1.002965723e+03,2.965723461e+05,36
1.800000002e+00,3.000099289e-02,1.388119951e-05,3.395549773e-03,1.002965728e+03,2.965728116e+05,36
1.810000002e+00,3.000099285e-02,5.721585097e-06,3.391695821e-03,1.002965749e+03,2.965749234e+05,36
1.820000001e+00,3.000099269e-02,-2.779914899e-05,3.375040343e-03,1.002965840e+03,2.965839675e+05,36
1.830000000e+00,3.000099198e-02,-1.592082860e-04,3.305458873e-03,1.002966195e+03,2.966195288e+05,36
1.839999995e+00,3.000098899e-02,-6.368748288e-04,3.031201088e-03,1.002967494e+03,2.967494179e+05,36
1.849999977e+00,3.000097763e-02,-2.176294485e-03,2.056190695e-03,1.002972029e+03,2.972029275e+05,36
1.859999921e+00,3.000093844e-02,-6.528544239e-03,-1.055943614e-03,1.002986726e+03,2.986725798e+05,36
1.869999761e+00,3.000080832e-02,-1.760035057e-02,-1.034116594e-02,1.003027524e+03,3.027524246e+05,36
1.879999357e+00,3.000040222e-02,-4.265710466e-02,-3.615562824e-02,1.003119640e+03,3.119640071e+05,36
1.889998532e+00,2.999934049e-02,-8.987114585e-02,-9.747413470e-02,1.003292186e+03,3.292186353e+05,36
1.899997236e+00,2.999721338e-02,-1.669948287e-01,-2.116932011e-01,1.003582637e+03,3.582637196e+05,36
1.909995509e+00,2.999411935e-02,-3.136679259e-01,-3.709970168e-01,1.004157774e+03,4.157774290e+05,36
1.919991999e+00,2.999169419e-02,-7.930904735e-01,-5.201002388e-01,1.006020671e+03,6.020670643e+05,36
1.929962224e+00,2.998974869e-02,-2.872962135e+00,-7.214888618e-01,1.011398529e+03,1.139852909e+06,37
1.939789780e+00,2.996677914e-02,-1.048313000e+01,-1.197897080e+00,1.035307148e+03,3.530714760e+06,36
1.949389455e+00,2.994585851e-02,-2.579416795e+01,-1.634138105e-02,1.108272768e+03,1.082727683e+07,36
1.959700326e+00,3.002951715e-02,-2.769323018e+01,2.360505147e+00,1.170752129e+03,1.707521285e+07,35
1.974593103e+00,2.939526417e-02,2.901568114e+01,-8.888848587e+00,1.046628217e+03,4.662821662e+06,31
1.994382461e+00,3.299760161e-02,-5.328197770e+01,7.645768531e+01,7.038387267e+02,-2.961612733e+07,25
1.038085184e-02,4.423925985e-02,8.836197872e+01,7.099239072e+00,9.047432554e+02,-9.525674459e+06,27
1.916880446e+00,9.426960486e-02,-2.529883135e+02,1.734394057e+02,1.285390527e+03,2.853905272e+07,33
4.096102637e-02,3.089437190e-02,1.485778543e+02,-2.489890420e+01,1.174260387e+03,1.742603869e+07,33
1.980636677e+00,2.721240545e-02,-8.175508474e+01,-3.429475498e+01,9.291655219e+02,-7.083447806e+06,27
4.803852048e-03,3.461812353e-02,4.126380560e+01,9.307951745e+00,7.129261256e+02,-2.870738744e+07,27
2.697049041e-02,3.819368414e-02,-1.546981279e+01,-1.165342778e+01,1.049318286e+03,4.931828590e+06,32
4.063059449e-02,3.991266363e-02,2.877595222e+01,5.930384057e+00,1.152479481e+03,1.524794807e+07,36
5.059782047e-02,4.008497100e-02,2.387370263e+01,4.954954723e+00,1.090306802e+03,9.030680205e+06,36
6.019913851e-02,4.001719453e-02,1.026417485e+01,1.513619091e+00,1.034773752e+03,3.477375250e+06,35
7.003912899e-02,3.998078008e-02,3.065073726e+00,-2.191735067e-01,1.015653773e+03,1.565377292e+06,37
8.001423949e-02,3.997768143e-02,1.013451818e+00,-7.656114624e-01,1.009084992e+03,9.084992091e+05,36
9.001075160e-02,3.998439016e-02,5.726187301e-01,-7.335624594e-01,1.006167404e+03,6.167404013e+05,36
1.000075326e-01,3.999133756e-02,4.015969959e-01,-4.818238336e-01,1.004651022e+03,4.651022448e+05,36
1.100041922e-01,3.999632647e-02,2.399232654e-01,-2.357707097e-01,1.003777689e+03,3.777689307e+05,36
1.200017915e-01,3.999891610e-02,1.126482343e-01,-8.969240958e-02,1.003336450e+03,3.336450420e+05,36
1.300006210e-01,3.999990060e-02,4.355956493e-02,-2.792877369e-02,1.003131106e+03,3.131105959e+05,36
1.400001927e-01,4.000019658e-02,1.497572170e-02,-7.159902361e-03,1.003043240e+03,3.043240447e+05,36
1.500000574e-01,4.000027538e-02,4.759286683e-03,-9.746769186e-04,1.003011540e+03,3.011540233e+05,36
1.600000169e-01,4.000029573e-02,1.387788357e-03,7.720584659e-04,1.003001974e+03,3.001973711e+05,36
1.700000055e-01,4.000030076e-02,3.758583054e-04,1.234702482e-03,1.002999369e+03,2.999368643e+05,36
1.800000027e-01,4.000030191e-02,1.041213846e-04,1.346862453e-03,1.002998686e+03,2.998686147e+05,36
1.900000020e-01,4.000030215e-02,3.680219348e-05,1.372284849e-03,1.002998516e+03,2.998516097e+05,36
2.000000019e-01,4.000030221e-02,2.085951258e-05,1.377849853e-03,1.002998477e+03,2.998476900e+05,36
2.100000018e-01,4.000030222e-02,1.724762974e-05,1.379027882e-03,1.002998468e+03,2.998468400e+05,36
2.200000018e-01,4.000030222e-02,1.647339402e-05,1.379266404e-03,1.002998467e+03,2.998466617e+05,36
2.300000018e-01,4.000030222e-02,1.631513494e-05,1.379312847e-03,1.002998466e+03,2.998466255e+05,36
2.400000018e-01,4.000030222e-02,1.628385390e-05,1.379321641e-03,1.002998466e+03,2.998466185e+05,36
2.500000018e-01,4.000030222e-02,1.627786480e-05,1.379323261e-03,1.002998466e+03,2.998466172e+05,36
2.600000018e-01,4.000030222e-02,1.627675860e-05,1.379323551e-03,1.002998466e+03,2.998466170e+05,36
2.700000018e-01,4.000030222e-02,1.627656079e-05,1.379323601e-03,1.002998466e+03,2.998466169e+05,36
2.800000018e-01,4.000030222e-02,1.627652599e-05,1.379323610e-03,1.002998466e+03,2.998466169e+05,36
2.900000018e-01,4.000030222e-02,1.627651974e-05,1.379323611e-03,1.002998466e+03,2.998466169e+05,36
3.000000018e-01,4.000030222e-02,1.627651848e-05,1.379323611e-03,1.002998466e+03,2.998466169e+05,36
3.100000018e-01,4.000030222e-02,1.627651846e-05,1.379323611e-03,1.002998466e+03,2.998466169e+05,36
3.200000018e-01,4.000030222e-02,1.627651889e-05,1.379323611e-03,1.002998466e+03,2.998466169e+05,36
3.300000018e-01,4.000030222e-02,1.627651921e-05,1.379323611e-03,1.002998466e+03,2.998466169e+05,36
3.400000018e-01,4.000030222e-02,1.627651915e-05,1.379323611e-03,1.002998466e+03,2.998466169e+05,36
3.500000018e-01,4.000030222e-02,1.627651881e-05,1.379323612e-03,1.002998466e+03,2.998466169e+05,36
3.600000018e-01,4.000030222e-02,1.627651842e-05,1.379323611e-03,1.002998466e+03,2.998466169e+05,36
3.700000018e-01,4.000030222e-02,1.627651813e-05,1.379323611e-03,1.002998466e+03,2.998466169e+05,36
3.800000018e-01,4.000030222e-02,1.627651842e-05,1.379323611e-03,1.002998466e+03,2.998466169e+05,36
3.900000018e-01,4.000030222e-02,1.627651911e-05,1.379323611e-03,1.002998466e+03,2.998466169e+05,36
4.000000018e-01,4.000030222e-02,1.627651927e-05,1.379323611e-03,1.002998466e+03,2.998466169e+05,36
4.100000018e-01,4.000030222e-02,1.627651894e-05,1.379323612e-03,1.002998466e+03,2.998466169e+05,36
4.200000018e-01,4.000030222e-02,1.627651852e-05,1.379323612e-03,1.002998466e+03,2.998466169e+05,36
4.300000018e-01,4.000030222e-02,1.627651814e-05,1.379323611e-03,1.002998466e+03,2.998466169e+05,36
4.400000018e-01,4.000030222e-02,1.627651837e-05,1.379323612e-03,1.002998466e+03,2.998466169e+05,36
4.500000018e-01,4.000030222e-02,1.627651915e-05,1.379323612e-03,1.002998466e+03,2.998466169e+05,36
4.600000018e-01,4.000030222e-02,1.627651942e-05,1.379323611e-03,1.002998466e+03,2.998466169e+05,36
4.700000018e-01,4.000030222e-02,1.627651914e-05,1.379323611e-03,1.002998466e+03,2.998466169e+05,36
4.800000018e-01,4.000030222e-02,1.627651877e-05,1.379323611e-03,1.002998466e+03,2.998466169e+05,36
4.900000018e-01,4.000030222e-02,1.627651825e-05,1.379323611e-03,1.002998466e+03,2.998466169e+05,36
5.000000018e-01,4.000030222e-02,1.627651824e-05,1.379323611e-03,1.002998466e+03,2.998466169e+05,36
5.100000018e-01,4.000030222e-02,1.627651893e-05,1.379323611e-03,1.002998466e+03,2.998466169e+05,36
5.200000018e-01,4.000030222e-02,1.627651910e-05,1.379323611e-03,1.002998466e+03,2.998466169e+05,36
5.300000018e-01,4.000030222e-02,1.627651845e-05,1.379323612e-03,1.002998466e+03,2.998466169e+05,36
5.400000018e-01,4.000030222e-02,1.627651803e-05,1.379323612e-03,1.002998466e+03,2.998466169e+05,36
5.500000018e-01,4.000030222e-02,1.627651851e-05,1.379323612e-03,1.002998466e+03,2.998466169e+05,36
5.600000018e-01,4.000030222e-02,1.627651921e-05,1.379323611e-03,1.002998466e+03,2.998466169e+05,36
5.700000018e-01,4.000030222e-02,1.627651923e-05,1.379323612e-03,1.002998466e+03,2.998466169e+05,36
5.800000018e-01,4.000030222e-02,1.627651853e-05,1.379323612e-03,1.002998466e+03,2.998466169e+05,36
5.900000018e-01,4.000030222e-02,1.627651795e-05,1.379323611e-03,1.002998466e+03,2.998466169e+05,36
6.000000018e-01,4.000030222e-02,1.627651851e-05,1.379323611e-03,1.002998466e+03,2.998466169e+05,36
6.100000018e-01,4.000030222e-02,1.627651956e-05,1.379323611e-03,1.002998466e+03,2.998466169e+05,36
6.200000018e-01,4.000030222e-02,1.627651970e-05,1.379323611e-03,1.002998466e+03,2.998466169e+05,36
6.300000018e-01,4.000030222e-02,1.627651918e-05,1.379323611e-03,1.002998466e+03,2.998466169e+05,36
6.400000018e-01,4.000030222e-02,1.627651877e-05,1.379323611e-03,1.002998466e+03,2.998466169e+05,36
6.500000018e-01,4.000030222e-02,1.627651844e-05,1.379323611e-03,1.002998466e+03,2.998466169e+05,36
6.600000018e-01,4.000030222e-02,1.627651803e-05,1.379323611e-03,1.002998466e+03,2.998466169e+05,36
6.700000018e-01,4.000030222e-02,1.627651794e-05,1.379323612e-03,1.002998466e+03,2.998466169e+05,36
6.800000018e-01,4.000030222e-02,1.627651856e-05,1.379323612e-03,1.002998466e+03,2.998466169e+05,36
6.900000018e-01,4.000030222e-02,1.627651922e-05,1.379323611e-03,1.002998466e+03,2.998466169e+05,36
7.000000018e-01,4.000030222e-02,1.627651920e-05,1.379323612e-03,1.002998466e+03,2.998466169e+05,36
7.100000018e-01,4.000030222e-02,1.627651853e-05,1.379323612e-03,1.002998466e+03,2.998466169e+05,36
7.200000018e-01,4.000030222e-02,1.627651796e-05,1.379323611e-03,1.002998466e+03,2.998466169e+05,36
7.300000018e-01,4.000030222e-02,1.627651852e-05,1.379323611e-03,1.002998466e+03,2.998466169e+05,36
7.400000018e-01,4.000030222e-02,1.627651957e-05,1.379323611e-03,1.002998466e+03,2.998466169e+05,36
7.500000018e-01,4.000030222e-02,1.627651971e-05,1.379323611e-03,1.002998466e+03,2.998466169e+05,36
7.600000018e-01,4.000030222e-02,1.627651919e-05,1.379323611e-03,1.002998466e+03,2.998466169e+05,36
7.700000018e-01,4.000030222e-02,1.627651881e-05,1.379323612e-03,1.002998466e+03,2.998466169e+05,36
7.800000018e-01,4.000030222e-02,1.627651852e-05,1.379323612e-03,1.002998466e+03,2.998466169e+05,36
7.900000018e-01,4.000030222e-02,1.627651809e-05,1.379323612e-03,1.002998466e+03,2.998466169e+05,36
8.000000018e-01,4.000030222e-02,1.627651790e-05,1.379323612e-03,1.002998466e+03,2.998466169e+05,36
8.100000018e-01,4.000030222e-02,1.627651843e-05,1.379323612e-03,1.002998466e+03,2.998466169e+05,36
8.200000018e-01,4.000030222e-02,1.627651917e-05,1.379323611e-03,1.002998466e+03,2.998466169e+05,36
8.300000018e-01,4.000030222e-02,1.627651924e-05,1.379323612e-03,1.002998466e+03,2.998466169e+05,36
8.400000018e-01,4.000030222e-02,1.627651856e-05,1.379323612e-03,1.002998466e+03,2.998466169e+05,36
8.500000018e-01,4.000030222e-02,1.627651796e-05,1.379323611e-03,1.002998466e+03,2.998466169e+05,36
8.600000018e-01,4.000030222e-02,1.627651849e-05,1.379323611e-03,1.002998466e+03,2.998466169e+05,36
8.700000018e-01,4.000030222e-02,1.627651954e-05,1.379323611e-03,1.002998466e+03,2.998466169e+05,36
8.800000018e-01,4.000030222e-02,1.627651968e-05,1.379323611e-03,1.002998466e+03,2.998466169e+05,36
8.900000018e-01,4.000030222e-02,1.627651913e-05,1.379323611e-03,1.002998466e+03,2.998466169e+05,36
9.000000018e-01,4.000030222e-02,1.627651861e-05,1.379323612e-03,1.002998466e+03,2.998466169e+05,36
9.100000018e-01,4.000030222e-02,1.627651811e-05,1.379323612e-03,1.002998466e+03,2.998466169e+05,36
9.200000018e-01,4.000030222e-02,1.627651790e-05,1.379323612e-03,1.002998466e+03,2.998466169e+05,36
9.300000018e-01,4.000030222e-02,1.627651847e-05,1.379323612e-03,1.002998466e+03,2.998466169e+05,36
9.400000018e-01,4.000030222e-02,1.627651926e-05,1.379323611e-03,1.002998466e+03,2.998466169e+05,36
9.500000018e-01,4.000030222e-02,1.627651933e-05,1.379323611e-03,1.002998466e+03,2.998466169e+05,36
9.600000018e-01,4.000030222e-02,1.627651873e-05,1.379323612e-03,1.002998466e+03,2.998466169e+05,36
9.700000018e-01,4.000030222e-02,1.627651860e-05,1.379323612e-03,1.002998466e+03,2.998466169e+05,36
9.800000018e-01,4.000030222e-02,1.627651974e-05,1.379323612e-03,1.002998466e+03,2.998466169e+05,36
9.900000018e-01,4.000030222e-02,1.627652031e-05,1.379323612e-03,1.002998466e+03,2.998466169e+05,36
1.000000002e+00,4.000030222e-02,1.627651905e-05,1.379323612e-03,1.002998466e+03,2.998466169e+05,36
1.010000002e+00,4.000030222e-02,1.627651799e-05,1.379323612e-03,1.002998466e+03,2.998466169e+05,36
1.020000002e+00,4.000030222e-02,1.627651816e-05,1.379323612e-03,1.002998466e+03,2.998466169e+05,36
1.030000002e+00,4.000030222e-02,1.627651856e-05,1.379323612e-03,1.002998466e+03,2.998466169e+05,36
1.040000002e+00,4.000030222e-02,1.627651870e-05,1.379323611e-03,1.002998466e+03,2.998466169e+05,36
1.050000002e+00,4.000030222e-02,1.627651873e-05,1.379323611e-03,1.002998466e+03,2.998466169e+05,36
1.060000002e+00,4.000030222e-02,1.627651871e-05,1.379323611e-03,1.002998466e+03,2.998466169e+05,36
1.070000002e+00,4.000030222e-02,1.627651868e-05,1.379323611e-03,1.002998466e+03,2.998466169e+05,36
1.080000002e+00,4.000030222e-02,1.627651855e-05,1.379323611e-03,1.002998466e+03,2.998466169e+05,36
1.090000002e+00,4.000030222e-02,1.627651803e-05,1.379323611e-03,1.002998466e+03,2.998466169e+05,36
1.100000002e+00,4.000030222e-02,1.627651723e-05,1.379323611e-03,1.002998466e+03,2.998466169e+05,36
1.110000002e+00,4.000030222e-02,1.627651713e-05,1.379323611e-03,1.002998466e+03,2.998466169e+05,36
1.120000002e+00,4.000030222e-02,1.627651824e-05,1.379323611e-03,1.002998466e+03,2.998466169e+05,36
1.130000002e+00,4.000030222e-02,1.627651947e-05,1.379323611e-03,1.002998466e+03,2.998466169e+05,36
1.140000002e+00,4.000030222e-02,1.627651951e-05,1.379323612e-03,1.002998466e+03,2.998466169e+05,36
1.150000002e+00,4.000030222e-02,1.627651886e-05,1.379323613e-03,1.002998466e+03,2.998466169e+05,36
1.160000002e+00,4.000030222e-02,1.627651851e-05,1.379323613e-03,1.002998466e+03,2.998466169e+05,36
1.170000002e+00,4.000030222e-02,1.627651867e-05,1.379323612e-03,1.002998466e+03,2.998466169e+05,36
1.180000002e+00,4.000030222e-02,1.627651955e-05,1.379323611e-03,1.002998466e+03,2.998466169e+05,36
1.190000002e+00,4.000030222e-02,1.627652012e-05,1.379323611e-03,1.002998466e+03,2.998466169e+05,36
1.200000002e+00,4.000030222e-02,1.627651964e-05,1.379323611e-03,1.002998466e+03,2.998466169e+05,36
1.210000002e+00,4.000030222e-02,1.627651902e-05,1.379323611e-03,1.002998466e+03,2.998466169e+05,36
1.220000002e+00,4.000030222e-02,1.627651879e-05,1.379323611e-03,1.002998466e+03,2.998466169e+05,36
1.230000002e+00,4.000030222e-02,1.627651874e-05,1.379323611e-03,1.002998466e+03,2.998466169e+05,36
1.240000002e+00,4.000030222e-02,1.627651872e-05,1.379323611e-03,1.002998466e+03,2.998466169e+05,36
1.250000002e+00,4.000030222e-02,1.627651872e-05,1.379323611e-03,1.002998466e+03,2.998466169e+05,36
1.260000002e+00,4.000030222e-02,1.627651873e-05,1.379323611e-03,1.002998466e+03,2.998466169e+05,36
1.270000002e+00,4.000030222e-02,1.627651875e-05,1.379323611e-03,1.002998466e+03,2.998466169e+05,36
1.280000002e+00,4.000030222e-02,1.627651875e-05,1.379323611e-03,1.002998466e+03,2.998466169e+05,36
1.290000002e+00,4.000030222e-02,1.627651874e-05,1.379323611e-03,1.002998466e+03,2.998466169e+05,36
1.300000002e+00,4.000030222e-02,1.627651871e-05,1.379323611e-03,1.002998466e+03,2.998466169e+05,36
1.310000002e+00,4.000030222e-02,1.627651868e-05,1.379323611e-03,1.002998466e+03,2.998466169e+05,36
1.320000002e+00,4.000030222e-02,1.627651866e-05,1.379323611e-03,1.002998466e+03,2.998466169e+05,36
1.330000002e+00,4.000030222e-02,1.627651856e-05,1.379323611e-03,1.002998466e+03,2.998466169e+05,36
1.340000002e+00,4.000030222e-02,1.627651819e-05,1.379323611e-03,1.002998466e+03,2.998466169e+05,36
1.350000002e+00,4.000030222e-02,1.627651748e-05,1.379323611e-03,1.002998466e+03,2.998466169e+05,36
1.360000002e+00,4.000030222e-02,1.627651703e-05,1.379323611e-03,1.002998466e+03,2.998466169e+05,36
1.370000002e+00,4.000030222e-02,1.627651777e-05,1.379323611e-03,1.002998466e+03,2.998466169e+05,36
1.380000002e+00,4.000030222e-02,1.627651929e-05,1.379323611e-03,1.002998466e+03,2.998466169e+05,36
1.390000002e+00,4.000030222e-02,1.627651973e-05,1.379323612e-03,1.002998466e+03,2.998466169e+05,36
1.400000002e+00,4.000030222e-02,1.627651902e-05,1.379323613e-03,1.002998466e+03,2.998466169e+05,36
1.410000002e+00,4.000030222e-02,1.627651851e-05,1.379323613e-03,1.002998466e+03,2.998466169e+05,36
1.420000002e+00,4.000030222e-02,1.627651867e-05,1.379323612e-03,1.002998466e+03,2.998466169e+05,36
1.430000002e+00,4.000030222e-02,1.627651956e-05,1.379323611e-03,1.002998466e+03,2.998466169e+05,36
1.440000002e+00,4.000030222e-02,1.627652012e-05,1.379323611e-03,1.002998466e+03,2.998466169e+05,36
1.450000002e+00,4.000030222e-02,1.627651963e-05,1.379323611e-03,1.002998466e+03,2.998466169e+05,36
1.460000002e+00,4.000030222e-02,1.627651902e-05,1.379323611e-03,1.002998466e+03,2.998466169e+05,36
1.470000002e+00,4.000030222e-02,1.627651880e-05,1.379323611e-03,1.002998466e+03,2.998466169e+05,36
1.480000002e+00,4.000030222e-02,1.627651876e-05,1.379323611e-03,1.002998466e+03,2.998466169e+05,36
1.490000002e+00,4.000030222e-02,1.627651874e-05,1.379323611e-03,1.002998466e+03,2.998466169e+05,36
1.500000002e+00,4.000030222e-02,1.627651874e-05,1.379323611e-03,1.002998466e+03,2.998466169e+05,36
1.510000002e+00,4.000030222e-02,1.627651874e-05,1.379323611e-03,1.002998466e+03,2.998466169e+05,36
1.520000002e+00,4.000030222e-02,1.627651874e-05,1.379323611e-03,1.002998466e+03,2.998466169e+05,36
1.530000002e+00,4.000030222e-02,1.627651874e-05,1.379323611e-03,1.002998466e+03,2.998466169e+05,36
1.540000002e+00,4.000030222e-02,1.627651874e-05,1.379323611e-03,1.002998466e+03,2.998466169e+05,36
1.550000002e+00,4.000030222e-02,1.627651872e-05,1.379323611e-03,1.002998466e+03,2.998466169e+05,36
1.560000002e+00,4.000030222e-02,1.627651871e-05,1.379323611e-03,1.002998466e+03,2.998466169e+05,36
1.570000002e+00,4.000030222e-02,1.627651872e-05,1.379323611e-03,1.002998466e+03,2.998466169e+05,36
1.580000002e+00,4.000030222e-02,1.627651871e-05,1.379323611e-03,1.002998466e+03,2.998466169e+05,36
1.590000002e+00,4.000030222e-02,1.627651860e-05,1.379323611e-03,1.002998466e+03,2.998466169e+05,36
1.600000002e+00,4.000030222e-02,1.627651822e-05,1.379323611e-03,1.002998466e+03,2.998466169e+05,36
1.610000002e+00,4.000030222e-02,1.627651753e-05,1.379323611e-03,1.002998466e+03,2.998466169e+05,36
1.620000002e+00,4.000030222e-02,1.627651698e-05,1.379323611e-03,1.002998466e+03,2.998466169e+05,36
1.630000002e+00,4.000030222e-02,1.627651763e-05,1.379323611e-03,1.002998466e+03,2.998466169e+05,36
1.640000002e+00,4.000030222e-02,1.627651923e-05,1.379323611e-03,1.002998466e+03,2.998466169e+05,36
1.650000002e+00,4.000030222e-02,1.627651979e-05,1.379323612e-03,1.002998466e+03,2.998466169e+05,36
1.660000002e+00,4.000030222e-02,1.627651907e-05,1.379323613e-03,1.002998466e+03,2.998466169e+05,36
1.670000002e+00,4.000030222e-02,1.627651851e-05,1.379323612e-03,1.002998466e+03,2.998466169e+05,36
1.680000002e+00,4.000030222e-02,1.627651865e-05,1.379323612e-03,1.002998466e+03,2.998466169e+05,36
1.690000002e+00,4.000030222e-02,1.627651951e-05,1.379323611e-03,1.002998466e+03,2.998466169e+05,36
1.700000002e+00,4.000030222e-02,1.627651989e-05,1.379323611e-03,1.002998466e+03,2.998466169e+05,36
1.710000002e+00,4.000030222e-02,1.627651843e-05,1.379323611e-03,1.002998466e+03,2.998466169e+05,36
1.720000002e+00,4.000030222e-02,1.627651195e-05,1.379323610e-03,1.002998466e+03,2.998466169e+05,36
1.730000002e+00,4.000030222e-02,1.627647717e-05,1.379323601e-03,1.002998466e+03,2.998466169e+05,36
1.740000002e+00,4.000030222e-02,1.627627904e-05,1.379323551e-03,1.002998466e+03,2.998466170e+05,36
1.750000002e+00,4.000030222e-02,1.627517194e-05,1.379323261e-03,1.002998466e+03,2.998466172e+05,36
1.760000002e+00,4.000030222e-02,1.626918234e-05,1.379321641e-03,1.002998466e+03,2.998466185e+05,36
1.770000002e+00,4.000030222e-02,1.623790248e-05,1.379312847e-03,1.002998466e+03,2.998466255e+05,36
1.780000002e+00,4.000030222e-02,1.607964505e-05,1.379266404e-03,1.002998467e+03,2.998466617e+05,36
1.790000002e+00,4.000030222e-02,1.530540862e-05,1.379027882e-03,1.002998468e+03,2.998468400e+05,36
1.800000002e+00,4.000030221e-02,1.169352410e-05,1.377849853e-03,1.002998477e+03,2.998476900e+05,36
1.810000002e+00,4.000030215e-02,-4.249156268e-06,1.372284849e-03,1.002998516e+03,2.998516097e+05,36
1.820000001e+00,4.000030191e-02,-7.156834651e-05,1.346862452e-03,1.002998686e+03,2.998686147e+05,36
1.829999998e+00,4.000030076e-02,-3.433052681e-04,1.234702481e-03,1.002999369e+03,2.999368643e+05,36
1.839999987e+00,4.000029573e-02,-1.355235320e-03,7.720584658e-04,1.003001974e+03,3.001973711e+05,36
1.849999946e+00,4.000027538e-02,-4.726733646e-03,-9.746769187e-04,1.003011540e+03,3.011540233e+05,36
1.859999811e+00,4.000019658e-02,-1.494316867e-02,-7.159902361e-03,1.003043240e+03,3.043240447e+05,36
1.869999383e+00,3.999990060e-02,-4.352701191e-02,-2.792877369e-02,1.003131106e+03,3.131105959e+05,36
1.879998212e+00,3.999891610e-02,-1.126156813e-01,-8.969240958e-02,1.003336450e+03,3.336450420e+05,36
1.889995811e+00,3.999632647e-02,-2.398907123e-01,-2.357707097e-01,1.003777689e+03,3.777689306e+05,36
1.899992471e+00,3.999133756e-02,-4.015644422e-01,-4.818238336e-01,1.004651022e+03,4.651022444e+05,36
1.909989252e+00,3.998439016e-02,-5.725861735e-01,-7.335624596e-01,1.006167404e+03,6.167404000e+05,36
1.919985764e+00,3.997768143e-02,-1.013419247e+00,-7.656114644e-01,1.009084992e+03,9.084992050e+05,36
1.929960875e+00,3.998078008e-02,-3.065041109e+00,-2.191735169e-01,1.015653773e+03,1.565377279e+06,37
1.939800865e+00,4.001719453e-02,-1.026414213e+01,1.513619049e+00,1.034773752e+03,3.477375168e+06,35
1.949402183e+00,4.008497100e-02,-2.387366971e+01,4.954954561e+00,1.090306800e+03,9.030679986e+06,36
1.959369409e+00,3.991266361e-02,-2.877591884e+01,5.930383463e+00,1.152479479e+03,1.524794786e+07,36
1.973029513e+00,3.819368406e-02,1.546984754e+01,-1.165343057e+01,1.049318287e+03,4.931828730e+06,32
1.995196152e+00,3.461812366e-02,-4.126377511e+01,9.307958857e+00,7.129261245e+02,-2.870738755e+07,27
1.936332643e-02,2.721240523e-02,8.175511236e+01,-3.429476020e+01,9.291655621e+02,-7.083443792e+06,27
1.959038977e+00,3.089437186e-02,-1.485778190e+02,-2.489890513e+01,1.174260387e+03,1.742603867e+07,33
3.193662225e-02,3.967076778e-02,8.689333576e+01,-3.194304959e+01,1.098739762e+03,9.873976162e+06,35
1.986848861e+00,4.113761430e-02,-5.857302532e+01,-4.771696487e+01,9.556781542e+02,-4.432184578e+06,29
8.961115609e-03,4.613349652e-02,-8.890977646e+00,-4.204134134e+01,8.620374156e+02,-1.379625844e+07,28
2.903313756e-02,4.903209847e-02,3.169841648e-01,-1.014641630e+01,1.018957382e+03,1.895738191e+06,34
4.063478000e-02,4.986395335e-02,2.256593655e+01,-1.294477778e+00,1.101794948e+03,1.017949485e+07,38
5.038384799e-02,5.000422026e-02,1.669745882e+01,2.398930623e+00,1.051600445e+03,5.160044506e+06,35
6.012983134e-02,4.992929286e-02,7.532980149e+00,8.695034588e-01,1.025050090e+03,2.505008970e+06,37
7.004999678e-02,4.989617030e-02,2.501087342e+00,-9.740104389e-01,1.016296510e+03,1.629651048e+06,34
8.004443454e-02,4.991881732e-02,1.252103746e+00,-1.801478339e+00,1.013036735e+03,1.303673523e+06,36
9.003280672e-02,4.995535448e-02,1.093377020e+00,-1.606244148e+00,1.010523759e+03,1.052375894e+06,36
1.000195144e-01,4.998012109e-02,8.916816460e-01,-9.860507578e-01,1.007286485e+03,7.286484728e+05,36
1.100100293e-01,4.999227510e-02,5.499483910e-01,-4.606971753e-01,1.004882199e+03,4.882199224e+05,36
1.200041386e-01,4.999749581e-02,2.550879160e-01,-1.704290188e-01,1.003709305e+03,3.709305051e+05,36
1.300013629e-01,4.999938231e-02,9.394838158e-02,-5.052549882e-02,1.003245554e+03,3.245553751e+05,36
1.400003888e-01,4.999993162e-02,2.988604891e-02,-1.153790898e-02,1.003073446e+03,3.073446122e+05,36
1.500001057e-01,5.000006808e-02,8.813281380e-03,-7.553236092e-04,1.003014150e+03,3.014150402e+05,36
1.600000285e-01,5.000010006e-02,2.445206796e-03,2.015658501e-03,1.002996585e+03,2.996585139e+05,36
1.700000082e-01,5.000010744e-02,6.336703086e-04,2.701252696e-03,1.002991997e+03,2.991996928e+05,36
1.800000033e-01,5.000010905e-02,1.623859701e-04,2.860715974e-03,1.002990854e+03,2.990854441e+05,36
1.900000021e-01,5.000010938e-02,4.939505278e-05,2.895451714e-03,1.002990579e+03,2.990578825e+05,36
2.000000019e-01,5.000010945e-02,2.350624486e-05,2.902736209e-03,1.002990516e+03,2.990516471e+05,36
2.100000018e-01,5.000010946e-02,1.778404837e-05,2.904222660e-03,1.002990503e+03,2.990503208e+05,36
2.200000018e-01,5.000010947e-02,1.657880892e-05,2.904515103e-03,1.002990500e+03,2.990500481e+05,36
2.300000018e-01,5.000010947e-02,1.633628000e-05,2.904570576e-03,1.002990500e+03,2.990499936e+05,36
2.400000018e-01,5.000010947e-02,1.628902999e-05,2.904580818e-03,1.002990500e+03,2.990499831e+05,36
2.500000018e-01,5.000010947e-02,1.628008891e-05,2.904582664e-03,1.002990500e+03,2.990499812e+05,36
2.600000018e-01,5.000010947e-02,1.627845263e-05,2.904582987e-03,1.002990500e+03,2.990499809e+05,36
2.700000018e-01,5.000010947e-02,1.627816248e-05,2.904583042e-03,1.002990500e+03,2.990499808e+05,36
2.800000018e-01,5.000010947e-02,1.627811187e-05,2.904583052e-03,1.002990500e+03,2.990499808e+05,36
2.900000018e-01,5.000010947e-02,1.627810285e-05,2.904583053e-03,1.002990500e+03,2.990499808e+05,36
3.000000018e-01,5.000010947e-02,1.627810114e-05,2.904583053e-03,1.002990500e+03,2.990499808e+05,36
3.100000018e-01,5.000010947e-02,1.627810111e-05,2.904583053e-03,1.002990500e+03,2.990499808e+05,36
3.200000018e-01,5.000010947e-02,1.627810157e-05,2.904583053e-03,1.002990500e+03,2.990499808e+05,36
3.300000018e-01,5.000010947e-02,1.627810194e-05,2.904583053e-03,1.002990500e+03,2.990499808e+05,36
3.400000018e-01,5.000010947e-02,1.627810190e-05,2.904583053e-03,1.002990500e+03,2.990499808e+05,36
3.500000018e-01,5.000010947e-02,1.627810150e-05,2.904583053e-03,1.002990500e+03,2.990499808e+05,36
3.600000018e-01,5.000010947e-02,1.627810102e-05,2.904583053e-03,1.002990500e+03,2.990499808e+05,36
3.700000018e-01,5.000010947e-02,1.627810071e-05,2.904583053e-03,1.002990500e+03,2.990499808e+05,36
3.800000018e-01,5.000010947e-02,1.627810106e-05,2.904583053e-03,1.002990500e+03,2.990499808e+05,36
3.900000018e-01,5.000010947e-02,1.627810186e-05,2.904583053e-03,1.002990500e+03,2.990499808e+05,36
4.000000018e-01,5.000010947e-02,1.627810206e-05,2.904583053e-03,1.002990500e+03,2.990499808e+05,36
4.100000018e-01,5.000010947e-02,1.627810165e-05,2.904583053e-03,1.002990500e+03,2.990499808e+05,36
4.200000018e-01,5.000010947e-02,1.627810115e-05,2.904583053e-03,1.002990500e+03,2.990499808e+05,36
4.300000018e-01,5.000010947e-02,1.627810075e-05,2.904583053e-03,1.002990500e+03,2.990499808e+05,36
4.400000018e-01,5.000010947e-02,1.627810102e-05,2.904583053e-03,1.002990500e+03,2.990499808e+05,36
4.500000018e-01,5.000010947e-02,1.627810185e-05,2.904583053e-03,1.002990500e+03,2.990499808e+05,36
4.600000018e-01,5.000010947e-02,1.627810212e-05,2.904583053e-03,1.002990500e+03,2.990499808e+05,36
4.700000018e-01,5.000010947e-02,1.627810177e-05,2.904583053e-03,1.002990500e+03,2.990499808e+05,36
4.800000018e-01,5.000010947e-02,1.627810128e-05,2.904583053e-03,1.002990500e+03,2.990499808e+05,36
4.900000018e-01,5.000010947e-02,1.627810073e-05,2.904583053e-03,1.002990500e+03,2.990499808e+05,36
5.000000018e-01,5.000010947e-02,1.627810091e-05,2.904583053e-03,1.002990500e+03,2.990499808e+05,36
5.100000018e-01,5.000010947e-02,1.627810182e-05,2.904583053e-03,1.002990500e+03,2.990499808e+05,36
5.200000018e-01,5.000010947e-02,1.627810200e-05,2.904583053e-03,1.002990500e+03,2.990499808e+05,36
5.300000018e-01,5.000010947e-02,1.627810122e-05,2.904583053e-03,1.002990500e+03,2.990499808e+05,36
5.400000018e-01,5.000010947e-02,1.627810067e-05,2.904583053e-03,1.002990500e+03,2.990499808e+05,36
5.500000018e-01,5.000010947e-02,1.627810108e-05,2.904583053e-03,1.002990500e+03,2.990499808e+05,36
5.600000018e-01,5.000010947e-02,1.627810195e-05,2.904583053e-03,1.002990500e+03,2.990499808e+05,36
5.700000018e-01,5.000010947e-02,1.627810213e-05,2.904583053e-03,1.002990500e+03,2.990499808e+05,36
5.800000018e-01,5.000010947e-02,1.627810116e-05,2.904583053e-03,1.002990500e+03,2.990499808e+05,36
5.900000018e-01,5.000010947e-02,1.627810027e-05,2.904583053e-03,1.002990500e+03,2.990499808e+05,36
6.000000018e-01,5.000010947e-02,1.627810101e-05,2.904583053e-03,1.002990500e+03,2.990499808e+05,36
6.100000018e-01,5.000010947e-02,1.627810239e-05,2.904583053e-03,1.002990500e+03,2.990499808e+05,36
6.200000018e-01,5.000010947e-02,1.627810258e-05,2.904583053e-03,1.002990500e+03,2.990499808e+05,36
6.300000018e-01,5.000010947e-02,1.627810195e-05,2.904583053e-03,1.002990500e+03,2.990499808e+05,36
6.400000018e-01,5.000010947e-02,1.627810147e-05,2.904583053e-03,1.002990500e+03,2.990499808e+05,36
6.500000018e-01,5.000010947e-02,1.627810111e-05,2.904583053e-03,1.002990500e+03,2.990499808e+05,36
6.600000018e-01,5.000010947e-02,1.627810068e-05,2.904583053e-03,1.002990500e+03,2.990499808e+05,36
6.700000018e-01,5.000010947e-02,1.627810057e-05,2.904583053e-03,1.002990500e+03,2.990499808e+05,36
6.800000018e-01,5.000010947e-02,1.627810119e-05,2.904583053e-03,1.002990500e+03,2.990499808e+05,36
6.900000018e-01,5.000010947e-02,1.627810198e-05,2.904583053e-03,1.002990500e+03,2.990499808e+05,36
7.000000018e-01,5.000010947e-02,1.627810206e-05,2.904583053e-03,1.002990500e+03,2.990499808e+05,36
7.100000018e-01,5.000010947e-02,1.627810113e-05,2.904583053e-03,1.002990500e+03,2.990499808e+05,36
7.200000018e-01,5.000010947e-02,1.627810028e-05,2.904583053e-03,1.002990500e+03,2.990499808e+05,36
7.300000018e-01,5.000010947e-02,1.627810102e-05,2.904583053e-03,1.002990500e+03,2.990499808e+05,36
7.400000018e-01,5.000010947e-02,1.627810241e-05,2.904583053e-03,1.002990500e+03,2.990499808e+05,36
7.500000018e-01,5.000010947e-02,1.627810261e-05,2.904583053e-03,1.002990500e+03,2.990499808e+05,36
7.600000018e-01,5.000010947e-02,1.627810198e-05,2.904583053e-03,1.002990500e+03,2.990499808e+05,36
7.700000018e-01,5.000010947e-02,1.627810153e-05,2.904583053e-03,1.002990500e+03,2.990499808e+05,36
7.800000018e-01,5.000010947e-02,1.627810125e-05,2.904583053e-03,1.002990500e+03,2.990499808e+05,36
7.900000018e-01,5.000010947e-02,1.627810082e-05,2.904583053e-03,1.002990500e+03,2.990499808e+05,36
8.000000018e-01,5.000010947e-02,1.627810047e-05,2.904583053e-03,1.002990500e+03,2.990499808e+05,36
8.100000018e-01,5.000010947e-02,1.627810089e-05,2.904583053e-03,1.002990500e+03,2.990499808e+05,36
8.200000018e-01,5.000010947e-02,1.627810187e-05,2.904583053e-03,1.002990500e+03,2.990499808e+05,36
8.300000018e-01,5.000010947e-02,1.627810217e-05,2.904583053e-03,1.002990500e+03,2.990499808e+05,36
8.400000018e-01,5.000010947e-02,1.627810122e-05,2.904583053e-03,1.002990500e+03,2.990499808e+05,36
8.500000018e-01,5.000010947e-02,1.627810029e-05,2.904583053e-03,1.002990500e+03,2.990499808e+05,36
8.600000018e-01,5.000010947e-02,1.627810100e-05,2.904583053e-03,1.002990500e+03,2.990499808e+05,36
8.700000018e-01,5.000010947e-02,1.627810237e-05,2.904583053e-03,1.002990500e+03,2.990499808e+05,36
8.800000018e-01,5.000010947e-02,1.627810257e-05,2.904583053e-03,1.002990500e+03,2.990499808e+05,36
8.900000018e-01,5.000010947e-02,1.627810193e-05,2.904583053e-03,1.002990500e+03,2.990499808e+05,36
9.000000018e-01,5.000010947e-02,1.627810135e-05,2.904583053e-03,1.002990500e+03,2.990499808e+05,36
9.100000018e-01,5.000010947e-02,1.627810082e-05,2.904583053e-03,1.002990500e+03,2.990499808e+05,36
9.200000018e-01,5.000010947e-02,1.627810046e-05,2.904583053e-03,1.002990500e+03,2.990499808e+05,36
9.300000018e-01,5.000010947e-02,1.627810092e-05,2.904583053e-03,1.002990500e+03,2.990499808e+05,36
9.400000018e-01,5.000010947e-02,1.627810195e-05,2.904583053e-03,1.002990500e+03,2.990499808e+05,36
9.500000018e-01,5.000010947e-02,1.627810227e-05,2.904583053e-03,1.002990500e+03,2.990499808e+05,36
9.600000018e-01,5.000010947e-02,1.627810146e-05,2.904583053e-03,1.002990500e+03,2.990499808e+05,36
9.700000018e-01,5.000010947e-02,1.627810116e-05,2.904583053e-03,1.002990500e+03,2.990499808e+05,36
9.800000018e-01,5.000010947e-02,1.627810257e-05,2.904583053e-03,1.002990500e+03,2.990499808e+05,36
9.900000018e-01,5.000010947e-02,1.627810328e-05,2.904583053e-03,1.002990500e+03,2.990499808e+05,36
1.000000002e+00,5.000010947e-02,1.627810173e-05,2.904583054e-03,1.002990500e+03,2.990499808e+05,36
1.010000002e+00,5.000010947e-02,1.627810047e-05,2.904583053e-03,1.002990500e+03,2.990499808e+05,36
1.020000002e+00,5.000010947e-02,1.627810069e-05,2.904583053e-03,1.002990500e+03,2.990499808e+05,36
1.030000002e+00,5.000010947e-02,1.627810116e-05,2.904583053e-03,1.002990500e+03,2.990499808e+05,36
1.040000002e+00,5.000010947e-02,1.627810135e-05,2.904583053e-03,1.002990500e+03,2.990499808e+05,36
1.050000002e+00,5.000010947e-02,1.627810139e-05,2.904583053e-03,1.002990500e+03,2.990499808e+05,36
1.060000002e+00,5.000010947e-02,1.627810135e-05,2.904583053e-03,1.002990500e+03,2.990499808e+05,36
1.070000002e+00,5.000010947e-02,1.627810127e-05,2.904583053e-03,1.002990500e+03,2.990499808e+05,36
1.080000002e+00,5.000010947e-02,1.627810112e-05,2.904583053e-03,1.002990500e+03,2.990499808e+05,36
1.090000002e+00,5.000010947e-02,1.627810056e-05,2.904583053e-03,1.002990500e+03,2.990499808e+05,36
1.100000002e+00,5.000010947e-02,1.627809965e-05,2.904583053e-03,1.002990500e+03,2.990499808e+05,36
1.110000002e+00,5.000010947e-02,1.627809956e-05,2.904583053e-03,1.002990500e+03,2.990499808e+05,36
1.120000002e+00,5.000010947e-02,1.627810097e-05,2.904583053e-03,1.002990500e+03,2.990499808e+05,36
1.130000002e+00,5.000010947e-02,1.627810277e-05,2.904583053e-03,1.002990500e+03,2.990499808e+05,36
1.140000002e+00,5.000010947e-02,1.627810317e-05,2.904583054e-03,1.002990500e+03,2.990499808e+05,36
1.150000002e+00,5.000010947e-02,1.627810195e-05,2.904583054e-03,1.002990500e+03,2.990499808e+05,36
1.160000002e+00,5.000010947e-02,1.627810060e-05,2.904583054e-03,1.002990500e+03,2.990499808e+05,36
1.170000002e+00,5.000010947e-02,1.627810050e-05,2.904583054e-03,1.002990500e+03,2.990499808e+05,36
1.180000002e+00,5.000010947e-02,1.627810191e-05,2.904583053e-03,1.002990500e+03,2.990499808e+05,36
1.190000002e+00,5.000010947e-02,1.627810297e-05,2.904583053e-03,1.002990500e+03,2.990499808e+05,36
1.200000002e+00,5.000010947e-02,1.627810254e-05,2.904583053e-03,1.002990500e+03,2.990499808e+05,36
1.210000002e+00,5.000010947e-02,1.627810180e-05,2.904583053e-03,1.002990500e+03,2.990499808e+05,36
1.220000002e+00,5.000010947e-02,1.627810149e-05,2.904583053e-03,1.002990500e+03,2.990499808e+05,36
1.230000002e+00,5.000010947e-02,1.627810142e-05,2.904583053e-03,1.002990500e+03,2.990499808e+05,36
1.240000002e+00,5.000010947e-02,1.627810141e-05,2.904583053e-03,1.002990500e+03,2.990499808e+05,36
1.250000002e+00,5.000010947e-02,1.627810141e-05,2.904583053e-03,1.002990500e+03,2.990499808e+05,36
1.260000002e+00,5.000010947e-02,1.627810142e-05,2.904583053e-03,1.002990500e+03,2.990499808e+05,36
1.270000002e+00,5.000010947e-02,1.627810143e-05,2.904583053e-03,1.002990500e+03,2.990499808e+05,36
1.280000002e+00,5.000010947e-02,1.627810144e-05,2.904583053e-03,1.002990500e+03,2.990499808e+05,36
1.290000002e+00,5.000010947e-02,1.627810143e-05,2.904583053e-03,1.002990500e+03,2.990499808e+05,36
1.300000002e+00,5.000010947e-02,1.627810139e-05,2.904583053e-03,1.002990500e+03,2.990499808e+05,36
1.310000002e+00,5.000010947e-02,1.627810134e-05,2.904583053e-03,1.002990500e+03,2.990499808e+05,36
1.320000002e+00,5.000010947e-02,1.627810128e-05,2.904583053e-03,1.002990500e+03,2.990499808e+05,36
1.330000002e+00,5.000010947e-02,1.627810115e-05,2.904583053e-03,1.002990500e+03,2.990499808e+05,36
1.340000002e+00,5.000010947e-02,1.627810069e-05,2.904583053e-03,1.002990500e+03,2.990499808e+05,36
1.350000002e+00,5.000010947e-02,1.627809986e-05,2.904583053e-03,1.002990500e+03,2.990499808e+05,36
1.360000002e+00,5.000010947e-02,1.627809951e-05,2.904583053e-03,1.002990500e+03,2.990499808e+05,36
1.370000002e+00,5.000010947e-02,1.627810061e-05,2.904583053e-03,1.002990500e+03,2.990499808e+05,36
1.380000002e+00,5.000010947e-02,1.627810263e-05,2.904583053e-03,1.002990500e+03,2.990499808e+05,36
1.390000002e+00,5.000010947e-02,1.627810334e-05,2.904583054e-03,1.002990500e+03,2.990499808e+05,36
1.400000002e+00,5.000010947e-02,1.627810206e-05,2.904583055e-03,1.002990500e+03,2.990499808e+05,36
1.410000002e+00,5.000010947e-02,1.627810057e-05,2.904583055e-03,1.002990500e+03,2.990499808e+05,36
1.420000002e+00,5.000010947e-02,1.627810049e-05,2.904583054e-03,1.002990500e+03,2.990499808e+05,36
1.430000002e+00,5.000010947e-02,1.627810194e-05,2.904583053e-03,1.002990500e+03,2.990499808e+05,36
1.440000002e+00,5.000010947e-02,1.627810299e-05,2.904583053e-03,1.002990500e+03,2.990499808e+05,36
1.450000002e+00,5.000010947e-02,1.627810255e-05,2.904583053e-03,1.002990500e+03,2.990499808e+05,36
1.460000002e+00,5.000010947e-02,1.627810181e-05,2.904583053e-03,1.002990500e+03,2.990499808e+05,36
1.470000002e+00,5.000010947e-02,1.627810152e-05,2.904583053e-03,1.002990500e+03,2.990499808e+05,36
1.480000002e+00,5.000010947e-02,1.627810146e-05,2.904583053e-03,1.002990500e+03,2.990499808e+05,36
1.490000002e+00,5.000010947e-02,1.627810142e-05,2.904583053e-03,1.002990500e+03,2.990499808e+05,36
1.500000002e+00,5.000010947e-02,1.627810140e-05,2.904583053e-03,1.002990500e+03,2.990499808e+05,36
1.510000002e+00,5.000010947e-02,1.627810140e-05,2.904583053e-03,1.002990500e+03,2.990499808e+05,36
1.520000002e+00,5.000010947e-02,1.627810141e-05,2.904583053e-03,1.002990500e+03,2.990499808e+05,36
1.530000002e+00,5.000010947e-02,1.627810142e-05,2.904583053e-03,1.002990500e+03,2.990499808e+05,36
1.540000002e+00,5.000010947e-02,1.627810142e-05,2.904583053e-03,1.002990500e+03,2.990499808e+05,36
1.550000002e+00,5.000010947e-02,1.627810141e-05,2.904583053e-03,1.002990500e+03,2.990499808e+05,36
1.560000002e+00,5.000010947e-02,1.627810140e-05,2.904583053e-03,1.002990500e+03,2.990499808e+05,36
1.570000002e+00,5.000010947e-02,1.627810140e-05,2.904583053e-03,1.002990500e+03,2.990499808e+05,36
1.580000002e+00,5.000010947e-02,1.627810135e-05,2.904583053e-03,1.002990500e+03,2.990499808e+05,36
1.590000002e+00,5.000010947e-02,1.627810119e-05,2.904583053e-03,1.002990500e+03,2.990499808e+05,36
1.600000002e+00,5.000010947e-02,1.627810081e-05,2.904583053e-03,1.002990500e+03,2.990499808e+05,36
1.610000002e+00,5.000010947e-02,1.627810006e-05,2.904583053e-03,1.002990500e+03,2.990499808e+05,36
1.620000002e+00,5.000010947e-02,1.627809930e-05,2.904583053e-03,1.002990500e+03,2.990499808e+05,36
1.630000002e+00,5.000010947e-02,1.627810002e-05,2.904583053e-03,1.002990500e+03,2.990499808e+05,36
1.640000002e+00,5.000010947e-02,1.627810241e-05,2.904583053e-03,1.002990500e+03,2.990499808e+05,36
1.650000002e+00,5.000010947e-02,1.627810358e-05,2.904583054e-03,1.002990500e+03,2.990499808e+05,36
1.660000002e+00,5.000010947e-02,1.627810226e-05,2.904583054e-03,1.002990500e+03,2.990499808e+05,36
1.670000002e+00,5.000010947e-02,1.627810060e-05,2.904583054e-03,1.002990500e+03,2.990499808e+05,36
1.680000002e+00,5.000010947e-02,1.627810048e-05,2.904583054e-03,1.002990500e+03,2.990499808e+05,36
1.690000002e+00,5.000010947e-02,1.627810189e-05,2.904583053e-03,1.002990500e+03,2.990499808e+05,36
1.700000002e+00,5.000010947e-02,1.627810268e-05,2.904583053e-03,1.002990500e+03,2.990499808e+05,36
1.710000002e+00,5.000010947e-02,1.627810082e-05,2.904583053e-03,1.002990500e+03,2.990499808e+05,36
1.720000002e+00,5.000010947e-02,1.627809157e-05,2.904583051e-03,1.002990500e+03,2.990499808e+05,36
1.730000002e+00,5.000010947e-02,1.627804098e-05,2.904583042e-03,1.002990500e+03,2.990499808e+05,36
1.740000002e+00,5.000010947e-02,1.627775047e-05,2.904582987e-03,1.002990500e+03,2.990499809e+05,36
1.750000002e+00,5.000010947e-02,1.627611338e-05,2.904582664e-03,1.002990500e+03,2.990499812e+05,36
1.760000002e+00,5.000010947e-02,1.626717178e-05,2.904580819e-03,1.002990500e+03,2.990499831e+05,36
1.770000002e+00,5.000010947e-02,1.621992255e-05,2.904570577e-03,1.002990500e+03,2.990499936e+05,36
1.780000002e+00,5.000010947e-02,1.597739529e-05,2.904515103e-03,1.002990500e+03,2.990500481e+05,36
1.790000002e+00,5.000010946e-02,1.477215545e-05,2.904222660e-03,1.002990503e+03,2.990503208e+05,36
1.800000002e+00,5.000010945e-02,9.049956924e-06,2.902736209e-03,1.002990516e+03,2.990516470e+05,36
1.810000002e+00,5.000010938e-02,-1.683885069e-05,2.895451714e-03,1.002990579e+03,2.990578825e+05,36
1.820000000e+00,5.000010905e-02,-1.298297667e-04,2.860715973e-03,1.002990854e+03,2.990854441e+05,36
1.829999995e+00,5.000010744e-02,-6.011141055e-04,2.701252695e-03,1.002991997e+03,2.991996928e+05,36
1.839999975e+00,5.000010006e-02,-2.412650593e-03,2.015658500e-03,1.002996585e+03,2.996585139e+05,36
1.849999898e+00,5.000006808e-02,-8.780725176e-03,-7.553236098e-04,1.003014150e+03,3.014150402e+05,36
1.859999615e+00,4.999993162e-02,-2.985349271e-02,-1.153790898e-02,1.003073446e+03,3.073446122e+05,36
1.869998641e+00,4.999938231e-02,-9.391582537e-02,-5.052549882e-02,1.003245554e+03,3.245553751e+05,36
1.879995865e+00,4.999749581e-02,-2.550553597e-01,-1.704290188e-01,1.003709305e+03,3.709305051e+05,36
1.889989974e+00,4.999227510e-02,-5.499158345e-01,-4.606971754e-01,1.004882199e+03,4.882199224e+05,36
1.899980489e+00,4.998012109e-02,-8.916490888e-01,-9.860507580e-01,1.007286485e+03,7.286484726e+05,36
1.909967197e+00,4.995535448e-02,-1.093344460e+00,-1.606244149e+00,1.010523759e+03,1.052375893e+06,36
1.919955569e+00,4.991881732e-02,-1.252071176e+00,-1.801478343e+00,1.013036735e+03,1.303673520e+06,36
1.929950007e+00,4.989617030e-02,-2.501054738e+00,-9.740104596e-01,1.016296510e+03,1.629651039e+06,34
1.939870172e+00,4.992929286e-02,-7.532947481e+00,8.695033942e-01,1.025050089e+03,2.505008936e+06,37
1.949616156e+00,5.000422026e-02,-1.669742606e+01,2.398930478e+00,1.051600444e+03,5.160044387e+06,35
1.959365224e+00,4.986395334e-02,-2.256590368e+01,-1.294478110e+00,1.101794946e+03,1.017949462e+07,38
1.970966866e+00,4.903209844e-02,-3.169512766e-01,-1.014641726e+01,1.018957380e+03,1.895738044e+06,34
1.991038888e+00,4.613349640e-02,8.891010441e+00,-4.204134388e+01,8.620374225e+02,-1.379625775e+07,28
1.315114283e-02,4.113761443e-02,5.857305796e+01,-4.771696235e+01,9.556781478e+02,-4.432185220e+06,29
1.968063382e+00,3.967076769e-02,-8.689330104e+01,-3.194305182e+01,1.098739762e+03,9.873976194e+06,35
3.093044324e-02,5.818201663e-02,8.555574816e+01,-2.360553420e+01,1.101418941e+03,1.014189414e+07,35
1.986560376e+00,5.901983779e-02,-1.133688969e+02,-1.104730652e+01,8.806676375e+02,-1.193323625e+07,33
1.070166309e-02,5.937192016e-02,1.803988343e+00,-1.158973652e+01,8.320053729e+02,-1.679946271e+07,34
2.965473768e-02,5.921254724e-02,5.098989250e+00,-2.146856551e+01,1.097618686e+03,9.761868602e+06,34
4.082800579e-02,5.956993754e-02,2.896058910e+01,-1.253320859e+01,1.132701059e+03,1.327010589e+07,35
5.039347027e-02,5.977885181e-02,1.826938759e+01,-3.636830969e+00,1.041220943e+03,4.122094300e+06,37
6.023560288e-02,5.977139611e-02,8.600300810e+00,-2.296195716e+00,1.005602865e+03,5.602865003e+05,35
7.023474562e-02,5.973140259e-02,4.303106388e+00,-4.293015158e+00,1.002811966e+03,2.811965766e+05,34
8.018658265e-02,5.977328462e-02,3.310853979e+00,-5.362683491e+00,1.012386616e+03,1.238661613e+06,34
9.011458653e-02,5.988180886e-02,3.029612988e+00,-4.004456467e+00,1.016049748e+03,1.604974794e+06,36
1.000550416e-01,5.995626779e-02,2.195401288e+00,-2.041960610e+00,1.011915855e+03,1.191585539e+06,36
1.100220410e-01,5.998678005e-02,1.171317528e+00,-7.897723427e-01,1.007033058e+03,7.033057713e+05,36
1.200081024e-01,5.999625667e-02,5.014220093e-01,-2.612137573e-01,1.004417252e+03,4.417251754e+05,36
1.300025572e-01,5.999909020e-02,1.770406828e-01,-7.425183940e-02,1.003434435e+03,3.434434685e+05,36
1.400006907e-01,5.999987571e-02,5.323187297e-02,-1.656018996e-02,1.003116915e+03,3.116914903e+05,36
1.500001743e-01,6.000006322e-02,1.466472043e-02,-1.360144244e-03,1.003017825e+03,3.017825429e+05,36
1.600000439e-01,6.000010431e-02,3.858081539e-03,2.274755662e-03,1.002989309e+03,2.989309186e+05,36
1.700000116e-01,6.000011321e-02,9.628088104e-04,3.117509422e-03,1.002982060e+03,2.982060290e+05,36
1.800000039e-01,6.000011509e-02,2.342637045e-04,3.306245190e-03,1.002980329e+03,2.980328947e+05,36
1.900000023e-01,6.000011547e-02,6.436877571e-05,3.346210707e-03,1.002979925e+03,2.979924954e+05,36
2.000000019e-01,6.000011554e-02,2.654843628e-05,3.354348552e-03,1.002979835e+03,2.979835303e+05,36
2.100000019e-01,6.000011556e-02,1.838348456e-05,3.355966109e-03,1.002979817e+03,2.979816558e+05,36
2.200000018e-01,6.000011556e-02,1.669270892e-05,3.356277896e-03,1.002979813e+03,2.979812771e+05,36
2.300000018e-01,6.000011556e-02,1.635741554e-05,3.356335992e-03,1.002979812e+03,2.979812025e+05,36
2.400000018e-01,6.000011556e-02,1.629297315e-05,3.356346538e-03,1.002979812e+03,2.979811884e+05,36
2.500000018e-01,6.000011556e-02,1.628091715e-05,3.356348410e-03,1.002979812e+03,2.979811858e+05,36
2.600000018e-01,6.000011556e-02,1.627873099e-05,3.356348733e-03,1.002979812e+03,2.979811853e+05,36
2.700000018e-01,6.000011556e-02,1.627834649e-05,3.356348788e-03,1.002979812e+03,2.979811852e+05,36
2.800000018e-01,6.000011556e-02,1.627827999e-05,3.356348797e-03,1.002979812e+03,2.979811852e+05,36
2.900000018e-01,6.000011556e-02,1.627826827e-05,3.356348799e-03,1.002979812e+03,2.979811852e+05,36
3.000000018e-01,6.000011556e-02,1.627826615e-05,3.356348799e-03,1.002979812e+03,2.979811852e+05,36
3.100000018e-01,6.000011556e-02,1.627826606e-05,3.356348799e-03,1.002979812e+03,2.979811852e+05,36
3.200000018e-01,6.000011556e-02,1.627826648e-05,3.356348799e-03,1.002979812e+03,2.979811852e+05,36
3.300000018e-01,6.000011556e-02,1.627826689e-05,3.356348799e-03,1.002979812e+03,2.979811852e+05,36
3.400000018e-01,6.000011556e-02,1.627826694e-05,3.356348799e-03,1.002979812e+03,2.979811852e+05,36
3.500000018e-01,6.000011556e-02,1.627826651e-05,3.356348799e-03,1.002979812e+03,2.979811852e+05,36
3.600000018e-01,6.000011556e-02,1.627826596e-05,3.356348799e-03,1.002979812e+03,2.979811852e+05,36
3.700000018e-01,6.000011556e-02,1.627826562e-05,3.356348799e-03,1.002979812e+03,2.979811852e+05,36
3.800000018e-01,6.000011556e-02,1.627826603e-05,3.356348799e-03,1.002979812e+03,2.979811852e+05,36
3.900000018e-01,6.000011556e-02,1.627826689e-05,3.356348799e-03,1.002979812e+03,2.979811852e+05,36
4.000000018e-01,6.000011556e-02,1.627826712e-05,3.356348799e-03,1.002979812e+03,2.979811852e+05,36
4.100000018e-01,6.000011556e-02,1.627826666e-05,3.356348799e-03,1.002979812e+03,2.979811852e+05,36
4.200000018e-01,6.000011556e-02,1.627826609e-05,3.356348799e-03,1.002979812e+03,2.979811852e+05,36
4.300000018e-01,6.000011556e-02,1.627826568e-05,3.356348799e-03,1.002979812e+03,2.979811852e+05,36
4.400000018e-01,6.000011556e-02,1.627826599e-05,3.356348799e-03,1.002979812e+03,2.979811852e+05,36
4.500000018e-01,6.000011556e-02,1.627826684e-05,3.356348799e-03,1.002979812e+03,2.979811852e+05,36
4.600000018e-01,6.000011556e-02,1.627826709e-05,3.356348799e-03,1.002979812e+03,2.979811852e+05,36
4.700000018e-01,6.000011556e-02,1.627826663e-05,3.356348799e-03,1.002979812e+03,2.979811852e+05,36
4.800000018e-01,6.000011556e-02,1.627826601e-05,3.356348798e-03,1.002979812e+03,2.979811852e+05,36
4.900000018e-01,6.000011556e-02,1.627826554e-05,3.356348798e-03,1.002979812e+03,2.979811852e+05,36
5.000000018e-01,6.000011556e-02,1.627826600e-05,3.356348798e-03,1.002979812e+03,2.979811852e+05,36
5.100000018e-01,6.000011556e-02,1.627826702e-05,3.356348798e-03,1.002979812e+03,2.979811852e+05,36
5.200000018e-01,6.000011556e-02,1.627826710e-05,3.356348798e-03,1.002979812e+03,2.979811852e+05,36
5.300000018e-01,6.000011556e-02,1.627826624e-05,3.356348799e-03,1.002979812e+03,2.979811852e+05,36
5.400000018e-01,6.000011556e-02,1.627826572e-05,3.356348799e-03,1.002979812e+03,2.979811852e+05,36
5.500000018e-01,6.000011556e-02,1.627826618e-05,3.356348799e-03,1.002979812e+03,2.979811852e+05,36
5.600000018e-01,6.000011556e-02,1.627826702e-05,3.356348799e-03,1.002979812e+03,2.979811852e+05,36
5.700000018e-01,6.000011556e-02,1.627826717e-05,3.356348799e-03,1.002979812e+03,2.979811852e+05,36
5.800000018e-01,6.000011556e-02,1.627826607e-05,3.356348799e-03,1.002979812e+03,2.979811852e+05,36
5.900000018e-01,6.000011556e-02,1.627826506e-05,3.356348799e-03,1.002979812e+03,2.979811852e+05,36
6.000000018e-01,6.000011556e-02,1.627826589e-05,3.356348799e-03,1.002979812e+03,2.979811852e+05,36
6.100000018e-01,6.000011556e-02,1.627826741e-05,3.356348799e-03,1.002979812e+03,2.979811852e+05,36
6.200000018e-01,6.000011556e-02,1.627826763e-05,3.356348799e-03,1.002979812e+03,2.979811852e+05,36
6.300000018e-01,6.000011556e-02,1.627826698e-05,3.356348799e-03,1.002979812e+03,2.979811852e+05,36
6.400000018e-01,6.000011556e-02,1.627826649e-05,3.356348799e-03,1.002979812e+03,2.979811852e+05,36
6.500000018e-01,6.000011556e-02,1.627826610e-05,3.356348799e-03,1.002979812e+03,2.979811852e+05,36
6.600000018e-01,6.000011556e-02,1.627826564e-05,3.356348799e-03,1.002979812e+03,2.979811852e+05,36
6.700000018e-01,6.000011556e-02,1.627826556e-05,3.356348799e-03,1.002979812e+03,2.979811852e+05,36
6.800000018e-01,6.000011556e-02,1.627826620e-05,3.356348799e-03,1.002979812e+03,2.979811852e+05,36
6.900000018e-01,6.000011556e-02,1.627826700e-05,3.356348799e-03,1.002979812e+03,2.979811852e+05,36
7.000000018e-01,6.000011556e-02,1.627826707e-05,3.356348799e-03,1.002979812e+03,2.979811852e+05,36
7.100000018e-01,6.000011556e-02,1.627826603e-05,3.356348799e-03,1.002979812e+03,2.979811852e+05,36
7.200000018e-01,6.000011556e-02,1.627826507e-05,3.356348799e-03,1.002979812e+03,2.979811852e+05,36
7.300000018e-01,6.000011556e-02,1.627826591e-05,3.356348799e-03,1.002979812e+03,2.979811852e+05,36
7.400000018e-01,6.000011556e-02,1.627826744e-05,3.356348799e-03,1.002979812e+03,2.979811852e+05,36
7.500000018e-01,6.000011556e-02,1.627826765e-05,3.356348799e-03,1.002979812e+03,2.979811852e+05,36
7.600000018e-01,6.000011556e-02,1.627826699e-05,3.356348799e-03,1.002979812e+03,2.979811852e+05,36
7.700000018e-01,6.000011556e-02,1.627826654e-05,3.356348799e-03,1.002979812e+03,2.979811852e+05,36
7.800000018e-01,6.000011556e-02,1.627826629e-05,3.356348799e-03,1.002979812e+03,2.979811852e+05,36
7.900000018e-01,6.000011556e-02,1.627826586e-05,3.356348799e-03,1.002979812e+03,2.979811852e+05,36
8.000000018e-01,6.000011556e-02,1.627826541e-05,3.356348799e-03,1.002979812e+03,2.979811852e+05,36
8.100000018e-01,6.000011556e-02,1.627826575e-05,3.356348799e-03,1.002979812e+03,2.979811852e+05,36
8.200000018e-01,6.000011556e-02,1.627826685e-05,3.356348799e-03,1.002979812e+03,2.979811852e+05,36
8.300000018e-01,6.000011556e-02,1.627826728e-05,3.356348799e-03,1.002979812e+03,2.979811852e+05,36
8.400000018e-01,6.000011556e-02,1.627826619e-05,3.356348799e-03,1.002979812e+03,2.979811852e+05,36
8.500000018e-01,6.000011556e-02,1.627826510e-05,3.356348799e-03,1.002979812e+03,2.979811852e+05,36
8.600000018e-01,6.000011556e-02,1.627826589e-05,3.356348799e-03,1.002979812e+03,2.979811852e+05,36
8.700000018e-01,6.000011556e-02,1.627826740e-05,3.356348799e-03,1.002979812e+03,2.979811852e+05,36
8.800000018e-01,6.000011556e-02,1.627826762e-05,3.356348799e-03,1.002979812e+03,2.979811852e+05,36
8.900000018e-01,6.000011556e-02,1.627826696e-05,3.356348799e-03,1.002979812e+03,2.979811852e+05,36
9.000000018e-01,6.000011556e-02,1.627826639e-05,3.356348799e-03,1.002979812e+03,2.979811852e+05,36
9.100000018e-01,6.000011556e-02,1.627826585e-05,3.356348799e-03,1.002979812e+03,2.979811852e+05,36
9.200000018e-01,6.000011556e-02,1.627826540e-05,3.356348799e-03,1.002979812e+03,2.979811852e+05,36
9.300000018e-01,6.000011556e-02,1.627826577e-05,3.356348799e-03,1.002979812e+03,2.979811852e+05,36
9.400000018e-01,6.000011556e-02,1.627826692e-05,3.356348799e-03,1.002979812e+03,2.979811852e+05,36
9.500000018e-01,6.000011556e-02,1.627826737e-05,3.356348799e-03,1.002979812e+03,2.979811852e+05,36
9.600000018e-01,6.000011556e-02,1.627826647e-05,3.356348799e-03,1.002979812e+03,2.979811852e+05,36
9.700000018e-01,6.000011556e-02,1.627826609e-05,3.356348799e-03,1.002979812e+03,2.979811852e+05,36
9.800000018e-01,6.000011556e-02,1.627826764e-05,3.356348799e-03,1.002979812e+03,2.979811852e+05,36
9.900000018e-01,6.000011556e-02,1.627826838e-05,3.356348799e-03,1.002979812e+03,2.979811852e+05,36
1.000000002e+00,6.000011556e-02,1.627826668e-05,3.356348799e-03,1.002979812e+03,2.979811852e+05,36
1.010000002e+00,6.000011556e-02,1.627826537e-05,3.356348799e-03,1.002979812e+03,2.979811852e+05,36
1.020000002e+00,6.000011556e-02,1.627826559e-05,3.356348799e-03,1.002979812e+03,2.979811852e+05,36
1.030000002e+00,6.000011556e-02,1.627826606e-05,3.356348799e-03,1.002979812e+03,2.979811852e+05,36
1.040000002e+00,6.000011556e-02,1.627826629e-05,3.356348799e-03,1.002979812e+03,2.979811852e+05,36
1.050000002e+00,6.000011556e-02,1.627826635e-05,3.356348799e-03,1.002979812e+03,2.979811852e+05,36
1.060000002e+00,6.000011556e-02,1.627826628e-05,3.356348799e-03,1.002979812e+03,2.979811852e+05,36
1.070000002e+00,6.000011556e-02,1.627826614e-05,3.356348799e-03,1.002979812e+03,2.979811852e+05,36
1.080000002e+00,6.000011556e-02,1.627826599e-05,3.356348798e-03,1.002979812e+03,2.979811852e+05,36
1.090000002e+00,6.000011556e-02,1.627826547e-05,3.356348798e-03,1.002979812e+03,2.979811852e+05,36
1.100000002e+00,6.000011556e-02,1.627826455e-05,3.356348798e-03,1.002979812e+03,2.979811852e+05,36
1.110000002e+00,6.000011556e-02,1.627826438e-05,3.356348798e-03,1.002979812e+03,2.979811852e+05,36
1.120000002e+00,6.000011556e-02,1.627826588e-05,3.356348798e-03,1.002979812e+03,2.979811852e+05,36
1.130000002e+00,6.000011556e-02,1.627826818e-05,3.356348798e-03,1.002979812e+03,2.979811852e+05,36
1.140000002e+00,6.000011556e-02,1.627826904e-05,3.356348799e-03,1.002979812e+03,2.979811852e+05,36
1.150000002e+00,6.000011556e-02,1.627826749e-05,3.356348799e-03,1.002979812e+03,2.979811852e+05,36
1.160000002e+00,6.000011556e-02,1.627826529e-05,3.356348800e-03,1.002979812e+03,2.979811852e+05,36
1.170000002e+00,6.000011556e-02,1.627826479e-05,3.356348799e-03,1.002979812e+03,2.979811852e+05,36
1.180000002e+00,6.000011556e-02,1.627826647e-05,3.356348799e-03,1.002979812e+03,2.979811852e+05,36
1.190000002e+00,6.000011556e-02,1.627826792e-05,3.356348799e-03,1.002979812e+03,2.979811852e+05,36
1.200000002e+00,6.000011556e-02,1.627826763e-05,3.356348799e-03,1.002979812e+03,2.979811852e+05,36
1.210000002e+00,6.000011556e-02,1.627826684e-05,3.356348799e-03,1.002979812e+03,2.979811852e+05,36
1.220000002e+00,6.000011556e-02,1.627826648e-05,3.356348799e-03,1.002979812e+03,2.979811852e+05,36
1.230000002e+00,6.000011556e-02,1.627826641e-05,3.356348799e-03,1.002979812e+03,2.979811852e+05,36
1.240000002e+00,6.000011556e-02,1.627826640e-05,3.356348799e-03,1.002979812e+03,2.979811852e+05,36
1.250000002e+00,6.000011556e-02,1.627826641e-05,3.356348799e-03,1.002979812e+03,2.979811852e+05,36
1.260000002e+00,6.000011556e-02,1.627826642e-05,3.356348799e-03,1.002979812e+03,2.979811852e+05,36
1.270000002e+00,6.000011556e-02,1.627826643e-05,3.356348799e-03,1.002979812e+03,2.979811852e+05,36
1.280000002e+00,6.000011556e-02,1.627826643e-05,3.356348799e-03,1.002979812e+03,2.979811852e+05,36
1.290000002e+00,6.000011556e-02,1.627826641e-05,3.356348799e-03,1.002979812e+03,2.979811852e+05,36
1.300000002e+00,6.000011556e-02,1.627826637e-05,3.356348799e-03,1.002979812e+03,2.979811852e+05,36
1.310000002e+00,6.000011556e-02,1.627826628e-05,3.356348799e-03,1.002979812e+03,2.979811852e+05,36
1.320000002e+00,6.000011556e-02,1.627826615e-05,3.356348799e-03,1.002979812e+03,2.979811852e+05,36
1.330000002e+00,6.000011556e-02,1.627826600e-05,3.356348799e-03,1.002979812e+03,2.979811852e+05,36
1.340000002e+00,6.000011556e-02,1.627826554e-05,3.356348798e-03,1.002979812e+03,2.979811852e+05,36
1.350000002e+00,6.000011556e-02,1.627826467e-05,3.356348798e-03,1.002979812e+03,2.979811852e+05,36
1.360000002e+00,6.000011556e-02,1.627826438e-05,3.356348798e-03,1.002979812e+03,2.979811852e+05,36
1.370000002e+00,6.000011556e-02,1.627826572e-05,3.356348798e-03,1.002979812e+03,2.979811852e+05,36
1.380000002e+00,6.000011556e-02,1.627826812e-05,3.356348798e-03,1.002979812e+03,2.979811852e+05,36
1.390000002e+00,6.000011556e-02,1.627826912e-05,3.356348799e-03,1.002979812e+03,2.979811852e+05,36
1.400000002e+00,6.000011556e-02,1.627826751e-05,3.356348800e-03,1.002979812e+03,2.979811852e+05,36
1.410000002e+00,6.000011556e-02,1.627826523e-05,3.356348800e-03,1.002979812e+03,2.979811852e+05,36
1.420000002e+00,6.000011556e-02,1.627826479e-05,3.356348799e-03,1.002979812e+03,2.979811852e+05,36
1.430000002e+00,6.000011556e-02,1.627826652e-05,3.356348799e-03,1.002979812e+03,2.979811852e+05,36
1.440000002e+00,6.000011556e-02,1.627826796e-05,3.356348799e-03,1.002979812e+03,2.979811852e+05,36
1.450000002e+00,6.000011556e-02,1.627826764e-05,3.356348799e-03,1.002979812e+03,2.979811852e+05,36
1.460000002e+00,6.000011556e-02,1.627826686e-05,3.356348799e-03,1.002979812e+03,2.979811852e+05,36
1.470000002e+00,6.000011556e-02,1.627826653e-05,3.356348799e-03,1.002979812e+03,2.979811852e+05,36
1.480000002e+00,6.000011556e-02,1.627826645e-05,3.356348799e-03,1.002979812e+03,2.979811852e+05,36
1.490000002e+00,6.000011556e-02,1.627826641e-05,3.356348799e-03,1.002979812e+03,2.979811852e+05,36
1.500000002e+00,6.000011556e-02,1.627826638e-05,3.356348799e-03,1.002979812e+03,2.979811852e+05,36
1.510000002e+00,6.000011556e-02,1.627826638e-05,3.356348799e-03,1.002979812e+03,2.979811852e+05,36
1.520000002e+00,6.000011556e-02,1.627826639e-05,3.356348799e-03,1.002979812e+03,2.979811852e+05,36
1.530000002e+00,6.000011556e-02,1.627826640e-05,3.356348799e-03,1.002979812e+03,2.979811852e+05,36
1.540000002e+00,6.000011556e-02,1.627826640e-05,3.356348799e-03,1.002979812e+03,2.979811852e+05,36
1.550000002e+00,6.000011556e-02,1.627826640e-05,3.356348799e-03,1.002979812e+03,2.979811852e+05,36
1.560000002e+00,6.000011556e-02,1.627826639e-05,3.356348799e-03,1.002979812e+03,2.979811852e+05,36
1.570000002e+00,6.000011556e-02,1.627826637e-05,3.356348799e-03,1.002979812e+03,2.979811852e+05,36
1.580000002e+00,6.000011556e-02,1.627826626e-05,3.356348799e-03,1.002979812e+03,2.979811852e+05,36
1.590000002e+00,6.000011556e-02,1.627826601e-05,3.356348799e-03,1.002979812e+03,2.979811852e+05,36
1.600000002e+00,6.000011556e-02,1.627826563e-05,3.356348798e-03,1.002979812e+03,2.979811852e+05,36
1.610000002e+00,6.000011556e-02,1.627826493e-05,3.356348798e-03,1.002979812e+03,2.979811852e+05,36
1.620000002e+00,6.000011556e-02,1.627826410e-05,3.356348798e-03,1.002979812e+03,2.979811852e+05,36
1.630000002e+00,6.000011556e-02,1.627826486e-05,3.356348798e-03,1.002979812e+03,2.979811852e+05,36
1.640000002e+00,6.000011556e-02,1.627826783e-05,3.356348798e-03,1.002979812e+03,2.979811852e+05,36
1.650000002e+00,6.000011556e-02,1.627826950e-05,3.356348799e-03,1.002979812e+03,2.979811852e+05,36
1.660000002e+00,6.000011556e-02,1.627826779e-05,3.356348800e-03,1.002979812e+03,2.979811852e+05,36
1.670000002e+00,6.000011556e-02,1.627826526e-05,3.356348800e-03,1.002979812e+03,2.979811852e+05,36
1.680000002e+00,6.000011556e-02,1.627826478e-05,3.356348799e-03,1.002979812e+03,2.979811852e+05,36
1.690000002e+00,6.000011556e-02,1.627826650e-05,3.356348799e-03,1.002979812e+03,2.979811852e+05,36
1.700000002e+00,6.000011556e-02,1.627826760e-05,3.356348799e-03,1.002979812e+03,2.979811852e+05,36
1.710000002e+00,6.000011556e-02,1.627826540e-05,3.356348798e-03,1.002979812e+03,2.979811852e+05,36
1.720000002e+00,6.000011556e-02,1.627825347e-05,3.356348797e-03,1.002979812e+03,2.979811852e+05,36
1.730000002e+00,6.000011556e-02,1.627818700e-05,3.356348788e-03,1.002979812e+03,2.979811852e+05,36
1.740000002e+00,6.000011556e-02,1.627780213e-05,3.356348733e-03,1.002979812e+03,2.979811853e+05,36
1.750000002e+00,6.000011556e-02,1.627561542e-05,3.356348410e-03,1.002979812e+03,2.979811858e+05,36
1.760000002e+00,6.000011556e-02,1.626355906e-05,3.356346539e-03,1.002979812e+03,2.979811884e+05,36
1.770000002e+00,6.000011556e-02,1.619911677e-05,3.356335992e-03,1.002979812e+03,2.979812025e+05,36
1.780000002e+00,6.000011556e-02,1.586382457e-05,3.356277896e-03,1.002979813e+03,2.979812771e+05,36
1.790000002e+00,6.000011556e-02,1.417304912e-05,3.355966109e-03,1.002979817e+03,2.979816558e+05,36
1.800000002e+00,6.000011554e-02,6.008095610e-06,3.354348551e-03,1.002979835e+03,2.979835303e+05,36
1.810000001e+00,6.000011547e-02,-3.181224384e-05,3.346210707e-03,1.002979925e+03,2.979924954e+05,36
1.820000000e+00,6.000011509e-02,-2.017071711e-04,3.306245190e-03,1.002980329e+03,2.980328947e+05,36
1.829999992e+00,6.000011321e-02,-9.302522771e-04,3.117509422e-03,1.002982060e+03,2.982060290e+05,36
1.839999960e+00,6.000010431e-02,-3.825525006e-03,2.274755662e-03,1.002989309e+03,2.989309186e+05,36
1.849999829e+00,6.000006322e-02,-1.463216389e-02,-1.360144244e-03,1.003017825e+03,3.017825429e+05,36
1.859999313e+00,5.999987571e-02,-5.319931644e-02,-1.656018997e-02,1.003116915e+03,3.116914903e+05,36
1.869997447e+00,5.999909020e-02,-1.770081263e-01,-7.425183940e-02,1.003434435e+03,3.434434685e+05,36
1.879991901e+00,5.999625667e-02,-5.013894527e-01,-2.612137573e-01,1.004417252e+03,4.417251754e+05,36
1.889977963e+00,5.998678005e-02,-1.171284972e+00,-7.897723428e-01,1.007033058e+03,7.033057712e+05,36
1.899944962e+00,5.995626779e-02,-2.195368731e+00,-2.041960611e+00,1.011915855e+03,1.191585539e+06,36
1.909885417e+00,5.988180886e-02,-3.029580429e+00,-4.004456468e+00,1.016049748e+03,1.604974793e+06,36
1.919813421e+00,5.977328462e-02,-3.310821415e+00,-5.362683495e+00,1.012386616e+03,1.238661611e+06,34
1.929765258e+00,5.973140259e-02,-4.303073808e+00,-4.293015174e+00,1.002811966e+03,2.811965708e+05,34
1.939764401e+00,5.977139611e-02,-8.600268199e+00,-2.296195765e+00,1.005602865e+03,5.602864862e+05,35
1.949606533e+00,5.977885181e-02,-1.826935494e+01,-3.636831075e+00,1.041220943e+03,4.122094264e+06,37
1.959171998e+00,5.956993754e-02,-2.896055642e+01,-1.253320877e+01,1.132701058e+03,1.327010581e+07,35
1.970345266e+00,5.921254723e-02,-5.098956661e+00,-2.146856566e+01,1.097618685e+03,9.761868476e+06,34
1.989298341e+00,5.937192016e-02,-1.803956007e+00,-1.158973650e+01,8.320053706e+02,-1.679946294e+07,34
1.343962762e-02,5.901983780e-02,1.133689291e+02,-1.104730650e+01,8.806676398e+02,-1.193323602e+07,33
1.969069560e+00,5.818201662e-02,-8.555571559e+01,-2.360553437e+01,1.101418940e+03,1.014189400e+07,35
3.085374158e-02,6.913490814e-02,8.622187874e+01,-2.198607099e+01,1.180986889e+03,1.809868894e+07,34
1.987316542e+00,6.949674465e-02,-1.029490602e+02,-1.519030591e+01,9.354550430e+02,-6.454495695e+06,32
1.058123366e-02,6.927994424e-02,-5.417297875e+00,-1.800973137e+01,8.907985377e+02,-1.092014623e+07,32
3.004206033e-02,6.925901840e-02,1.282872126e+01,-2.072279210e+01,1.174159858e+03,1.741598580e+07,35
4.118811481e-02,6.958868182e-02,4.110385442e+01,-1.208932410e+01,1.159513781e+03,1.595137807e+07,34
5.058370979e-02,6.987884100e-02,2.384420350e+01,-4.149156621e+00,1.026374621e+03,2.637462108e+06,36
6.066635640e-02,6.998053445e-02,1.394744842e+01,-2.682197730e+00,9.708803214e+02,-2.911967857e+06,38
7.089190223e-02,6.984668185e-02,1.337703324e+01,-6.837301658e+00,9.774323535e+02,-2.256764648e+06,36
8.065239598e-02,6.972784396e-02,1.242402419e+01,-1.019362206e+01,1.009999255e+03,9.999254769e+05,37
9.033145611e-02,6.980316700e-02,9.374822358e+00,-8.169586234e+00,1.023827717e+03,2.382771743e+06,37
1.001357518e-01,6.992560468e-02,5.445107635e+00,-3.820234755e+00,1.017924900e+03,1.792490017e+06,37
1.100455787e-01,6.998024158e-02,2.436234762e+00,-1.254947402e+00,1.010144208e+03,1.014420809e+06,36
1.200138715e-01,6.999539287e-02,8.826638959e-01,-3.408879802e-01,1.005486155e+03,5.486154925e+05,36
1.300040741e-01,6.999892187e-02,2.880990935e-01,-8.883366993e-02,1.003715134e+03,3.715134225e+05,36
1.400010626e-01,6.999979273e-02,8.318643411e-02,-2.074813062e-02,1.003183013e+03,3.183012911e+05,36
1.500002554e-01,6.999999562e-02,2.178596828e-02,-3.480502178e-03,1.003033201e+03,3.033200618e+05,36
1.600000611e-01,7.000003857e-02,5.470641940e-03,4.596629409e-04,1.002992033e+03,2.992032809e+05,36
1.700000152e-01,7.000004746e-02,1.322482626e-03,1.326346521e-03,1.002981776e+03,2.981775914e+05,36
1.800000047e-01,7.000004929e-02,3.108416548e-04,1.513857222e-03,1.002979397e+03,2.979396593e+05,36
1.900000024e-01,7.000004965e-02,7.994458475e-05,1.552762907e-03,1.002978857e+03,2.978856701e+05,36
2.000000020e-01,7.000004972e-02,2.963989228e-05,1.560534882e-03,1.002978739e+03,2.978738925e+05,36
2.100000019e-01,7.000004973e-02,1.898146028e-05,1.562052318e-03,1.002978715e+03,2.978714627e+05,36
2.200000018e-01,7.000004973e-02,1.680455025e-05,1.562340771e-03,1.002978710e+03,2.978709785e+05,36
2.300000018e-01,7.000004973e-02,1.637778549e-05,1.562393912e-03,1.002978709e+03,2.978708843e+05,36
2.400000018e-01,7.000004973e-02,1.629662889e-05,1.562403458e-03,1.002978709e+03,2.978708666e+05,36
2.500000018e-01,7.000004973e-02,1.628158443e-05,1.562405136e-03,1.002978709e+03,2.978708633e+05,36
2.600000018e-01,7.000004973e-02,1.627887675e-05,1.562405424e-03,1.002978709e+03,2.978708628e+05,36
2.700000018e-01,7.000004973e-02,1.627840363e-05,1.562405472e-03,1.002978709e+03,2.978708627e+05,36
2.800000018e-01,7.000004973e-02,1.627832235e-05,1.562405480e-03,1.002978709e+03,2.978708626e+05,36
2.900000018e-01,7.000004973e-02,1.627830816e-05,1.562405481e-03,1.002978709e+03,2.978708626e+05,36
3.000000018e-01,7.000004973e-02,1.627830566e-05,1.562405481e-03,1.002978709e+03,2.978708626e+05,36
3.100000018e-01,7.000004973e-02,1.627830551e-05,1.562405481e-03,1.002978709e+03,2.978708626e+05,36
3.200000018e-01,7.000004973e-02,1.627830589e-05,1.562405481e-03,1.002978709e+03,2.978708626e+05,36
3.300000018e-01,7.000004973e-02,1.627830636e-05,1.562405481e-03,1.002978709e+03,2.978708626e+05,36
3.400000018e-01,7.000004973e-02,1.627830651e-05,1.562405481e-03,1.002978709e+03,2.978708626e+05,36
3.500000018e-01,7.000004973e-02,1.627830611e-05,1.562405481e-03,1.002978709e+03,2.978708626e+05,36
3.600000018e-01,7.000004973e-02,1.627830546e-05,1.562405481e-03,1.002978709e+03,2.978708626e+05,36
3.700000018e-01,7.000004973e-02,1.627830505e-05,1.562405481e-03,1.002978709e+03,2.978708626e+05,36
3.800000018e-01,7.000004973e-02,1.627830549e-05,1.562405481e-03,1.002978709e+03,2.978708626e+05,36
3.900000018e-01,7.000004973e-02,1.627830643e-05,1.562405481e-03,1.002978709e+03,2.978708626e+05,36
4.000000018e-01,7.000004973e-02,1.627830670e-05,1.562405481e-03,1.002978709e+03,2.978708626e+05,36
4.100000018e-01,7.000004973e-02,1.627830622e-05,1.562405481e-03,1.002978709e+03,2.978708626e+05,36
4.200000018e-01,7.000004973e-02,1.627830555e-05,1.562405481e-03,1.002978709e+03,2.978708626e+05,36
4.300000018e-01,7.000004973e-02,1.627830508e-05,1.562405481e-03,1.002978709e+03,2.978708626e+05,36
4.400000018e-01,7.000004973e-02,1.627830546e-05,1.562405481e-03,1.002978709e+03,2.978708626e+05,36
4.500000018e-01,7.000004973e-02,1.627830637e-05,1.562405481e-03,1.002978709e+03,2.978708626e+05,36
4.600000018e-01,7.000004973e-02,1.627830660e-05,1.562405481e-03,1.002978709e+03,2.978708626e+05,36
4.700000018e-01,7.000004973e-02,1.627830604e-05,1.562405481e-03,1.002978709e+03,2.978708626e+05,36
4.800000018e-01,7.000004973e-02,1.627830531e-05,1.562405481e-03,1.002978709e+03,2.978708626e+05,36
4.900000018e-01,7.000004973e-02,1.627830494e-05,1.562405481e-03,1.002978709e+03,2.978708626e+05,36
5.000000018e-01,7.000004973e-02,1.627830561e-05,1.562405481e-03,1.002978709e+03,2.978708626e+05,36
5.100000018e-01,7.000004973e-02,1.627830665e-05,1.562405481e-03,1.002978709e+03,2.978708626e+05,36
5.200000018e-01,7.000004973e-02,1.627830659e-05,1.562405481e-03,1.002978709e+03,2.978708626e+05,36
5.300000018e-01,7.000004973e-02,1.627830572e-05,1.562405481e-03,1.002978709e+03,2.978708626e+05,36
5.400000018e-01,7.000004973e-02,1.627830537e-05,1.562405481e-03,1.002978709e+03,2.978708626e+05,36
5.500000018e-01,7.000004973e-02,1.627830591e-05,1.562405481e-03,1.002978709e+03,2.978708626e+05,36
5.600000018e-01,7.000004973e-02,1.627830660e-05,1.562405481e-03,1.002978709e+03,2.978708626e+05,36
5.700000018e-01,7.000004973e-02,1.627830660e-05,1.562405481e-03,1.002978709e+03,2.978708626e+05,36
5.800000018e-01,7.000004973e-02,1.627830551e-05,1.562405481e-03,1.002978709e+03,2.978708626e+05,36
5.900000018e-01,7.000004973e-02,1.627830453e-05,1.562405481e-03,1.002978709e+03,2.978708626e+05,36
6.000000018e-01,7.000004973e-02,1.627830539e-05,1.562405481e-03,1.002978709e+03,2.978708626e+05,36
6.100000018e-01,7.000004973e-02,1.627830689e-05,1.562405481e-03,1.002978709e+03,2.978708626e+05,36
6.200000018e-01,7.000004973e-02,1.627830707e-05,1.562405481e-03,1.002978709e+03,2.978708626e+05,36
6.300000018e-01,7.000004973e-02,1.627830646e-05,1.562405481e-03,1.002978709e+03,2.978708626e+05,36
6.400000018e-01,7.000004973e-02,1.627830603e-05,1.562405481e-03,1.002978709e+03,2.978708626e+05,36
6.500000018e-01,7.000004973e-02,1.627830567e-05,1.562405481e-03,1.002978709e+03,2.978708626e+05,36
6.600000018e-01,7.000004973e-02,1.627830518e-05,1.562405481e-03,1.002978709e+03,2.978708626e+05,36
6.700000018e-01,7.000004973e-02,1.627830506e-05,1.562405481e-03,1.002978709e+03,2.978708626e+05,36
6.800000018e-01,7.000004973e-02,1.627830569e-05,1.562405481e-03,1.002978709e+03,2.978708626e+05,36
6.900000018e-01,7.000004973e-02,1.627830649e-05,1.562405481e-03,1.002978709e+03,2.978708626e+05,36
7.000000018e-01,7.000004973e-02,1.627830657e-05,1.562405481e-03,1.002978709e+03,2.978708626e+05,36
7.100000018e-01,7.000004973e-02,1.627830552e-05,1.562405481e-03,1.002978709e+03,2.978708626e+05,36
7.200000018e-01,7.000004973e-02,1.627830456e-05,1.562405481e-03,1.002978709e+03,2.978708626e+05,36
7.300000018e-01,7.000004973e-02,1.627830541e-05,1.562405481e-03,1.002978709e+03,2.978708626e+05,36
7.400000018e-01,7.000004973e-02,1.627830691e-05,1.562405481e-03,1.002978709e+03,2.978708626e+05,36
7.500000018e-01,7.000004973e-02,1.627830708e-05,1.562405481e-03,1.002978709e+03,2.978708626e+05,36
7.600000018e-01,7.000004973e-02,1.627830646e-05,1.562405481e-03,1.002978709e+03,2.978708626e+05,36
7.700000018e-01,7.000004973e-02,1.627830608e-05,1.562405481e-03,1.002978709e+03,2.978708626e+05,36
7.800000018e-01,7.000004973e-02,1.627830585e-05,1.562405481e-03,1.002978709e+03,2.978708626e+05,36
7.900000018e-01,7.000004973e-02,1.627830540e-05,1.562405481e-03,1.002978709e+03,2.978708626e+05,36
8.000000018e-01,7.000004973e-02,1.627830492e-05,1.562405481e-03,1.002978709e+03,2.978708626e+05,36
8.100000018e-01,7.000004973e-02,1.627830524e-05,1.562405481e-03,1.002978709e+03,2.978708626e+05,36
8.200000018e-01,7.000004973e-02,1.627830635e-05,1.562405481e-03,1.002978709e+03,2.978708626e+05,36
8.300000018e-01,7.000004973e-02,1.627830679e-05,1.562405481e-03,1.002978709e+03,2.978708626e+05,36
8.400000018e-01,7.000004973e-02,1.627830569e-05,1.562405481e-03,1.002978709e+03,2.978708626e+05,36
8.500000018e-01,7.000004973e-02,1.627830460e-05,1.562405481e-03,1.002978709e+03,2.978708626e+05,36
8.600000018e-01,7.000004973e-02,1.627830539e-05,1.562405481e-03,1.002978709e+03,2.978708626e+05,36
8.700000018e-01,7.000004973e-02,1.627830686e-05,1.562405481e-03,1.002978709e+03,2.978708626e+05,36
8.800000018e-01,7.000004973e-02,1.627830706e-05,1.562405481e-03,1.002978709e+03,2.978708626e+05,36
8.900000018e-01,7.000004973e-02,1.627830646e-05,1.562405481e-03,1.002978709e+03,2.978708626e+05,36
9.000000018e-01,7.000004973e-02,1.627830594e-05,1.562405481e-03,1.002978709e+03,2.978708626e+05,36
9.100000018e-01,7.000004973e-02,1.627830541e-05,1.562405481e-03,1.002978709e+03,2.978708626e+05,36
9.200000018e-01,7.000004973e-02,1.627830492e-05,1.562405481e-03,1.002978709e+03,2.978708626e+05,36
9.300000018e-01,7.000004973e-02,1.627830526e-05,1.562405481e-03,1.002978709e+03,2.978708626e+05,36
9.400000018e-01,7.000004973e-02,1.627830641e-05,1.562405481e-03,1.002978709e+03,2.978708626e+05,36
9.500000018e-01,7.000004973e-02,1.627830687e-05,1.562405481e-03,1.002978709e+03,2.978708626e+05,36
9.600000018e-01,7.000004973e-02,1.627830598e-05,1.562405481e-03,1.002978709e+03,2.978708626e+05,36
9.700000018e-01,7.000004973e-02,1.627830567e-05,1.562405481e-03,1.002978709e+03,2.978708626e+05,36
9.800000018e-01,7.000004973e-02,1.627830729e-05,1.562405482e-03,1.002978709e+03,2.978708626e+05,36
9.900000018e-01,7.000004973e-02,1.627830795e-05,1.562405482e-03,1.002978709e+03,2.978708626e+05,36
1.000000002e+00,7.000004973e-02,1.627830608e-05,1.562405482e-03,1.002978709e+03,2.978708626e+05,36
1.010000002e+00,7.000004973e-02,1.627830472e-05,1.562405481e-03,1.002978709e+03,2.978708626e+05,36
1.020000002e+00,7.000004973e-02,1.627830502e-05,1.562405481e-03,1.002978709e+03,2.978708626e+05,36
1.030000002e+00,7.000004973e-02,1.627830553e-05,1.562405481e-03,1.002978709e+03,2.978708626e+05,36
1.040000002e+00,7.000004973e-02,1.627830577e-05,1.562405481e-03,1.002978709e+03,2.978708626e+05,36
1.050000002e+00,7.000004973e-02,1.627830585e-05,1.562405481e-03,1.002978709e+03,2.978708626e+05,36
1.060000002e+00,7.000004973e-02,1.627830576e-05,1.562405481e-03,1.002978709e+03,2.978708626e+05,36
1.070000002e+00,7.000004973e-02,1.627830558e-05,1.562405481e-03,1.002978709e+03,2.978708626e+05,36
1.080000002e+00,7.000004973e-02,1.627830537e-05,1.562405481e-03,1.002978709e+03,2.978708626e+05,36
1.090000002e+00,7.000004973e-02,1.627830485e-05,1.562405481e-03,1.002978709e+03,2.978708626e+05,36
1.100000002e+00,7.000004973e-02,1.627830398e-05,1.562405481e-03,1.002978709e+03,2.978708626e+05,36
1.110000002e+00,7.000004973e-02,1.627830377e-05,1.562405481e-03,1.002978709e+03,2.978708626e+05,36
1.120000002e+00,7.000004973e-02,1.627830526e-05,1.562405481e-03,1.002978709e+03,2.978708626e+05,36
1.130000002e+00,7.000004973e-02,1.627830793e-05,1.562405481e-03,1.002978709e+03,2.978708626e+05,36
1.140000002e+00,7.000004973e-02,1.627830916e-05,1.562405481e-03,1.002978709e+03,2.978708626e+05,36
1.150000002e+00,7.000004973e-02,1.627830747e-05,1.562405482e-03,1.002978709e+03,2.978708626e+05,36
1.160000002e+00,7.000004973e-02,1.627830480e-05,1.562405482e-03,1.002978709e+03,2.978708626e+05,36
1.170000002e+00,7.000004973e-02,1.627830402e-05,1.562405482e-03,1.002978709e+03,2.978708626e+05,36
1.180000002e+00,7.000004973e-02,1.627830572e-05,1.562405482e-03,1.002978709e+03,2.978708626e+05,36
1.190000002e+00,7.000004973e-02,1.627830727e-05,1.562405482e-03,1.002978709e+03,2.978708626e+05,36
1.200000002e+00,7.000004973e-02,1.627830705e-05,1.562405481e-03,1.002978709e+03,2.978708626e+05,36
1.210000002e+00,7.000004973e-02,1.627830631e-05,1.562405481e-03,1.002978709e+03,2.978708626e+05,36
1.220000002e+00,7.000004973e-02,1.627830597e-05,1.562405481e-03,1.002978709e+03,2.978708626e+05,36
1.230000002e+00,7.000004973e-02,1.627830591e-05,1.562405481e-03,1.002978709e+03,2.978708626e+05,36
1.240000002e+00,7.000004973e-02,1.627830590e-05,1.562405481e-03,1.002978709e+03,2.978708626e+05,36
1.250000002e+00,7.000004973e-02,1.627830591e-05,1.562405481e-03,1.002978709e+03,2.978708626e+05,36
1.260000002e+00,7.000004973e-02,1.627830592e-05,1.562405481e-03,1.002978709e+03,2.978708626e+05,36
1.270000002e+00,7.000004973e-02,1.627830593e-05,1.562405481e-03,1.002978709e+03,2.978708626e+05,36
1.280000002e+00,7.000004973e-02,1.627830593e-05,1.562405481e-03,1.002978709e+03,2.978708626e+05,36
1.290000002e+00,7.000004973e-02,1.627830592e-05,1.562405481e-03,1.002978709e+03,2.978708626e+05,36
1.300000002e+00,7.000004973e-02,1.627830588e-05,1.562405481e-03,1.002978709e+03,2.978708626e+05,36
1.310000002e+00,7.000004973e-02,1.627830577e-05,1.562405481e-03,1.002978709e+03,2.978708626e+05,36
1.320000002e+00,7.000004973e-02,1.627830558e-05,1.562405481e-03,1.002978709e+03,2.978708626e+05,36
1.330000002e+00,7.000004973e-02,1.627830538e-05,1.562405481e-03,1.002978709e+03,2.978708626e+05,36
1.340000002e+00,7.000004973e-02,1.627830489e-05,1.562405481e-03,1.002978709e+03,2.978708626e+05,36
1.350000002e+00,7.000004973e-02,1.627830404e-05,1.562405481e-03,1.002978709e+03,2.978708626e+05,36
1.360000002e+00,7.000004973e-02,1.627830378e-05,1.562405481e-03,1.002978709e+03,2.978708626e+05,36
1.370000002e+00,7.000004973e-02,1.627830522e-05,1.562405481e-03,1.002978709e+03,2.978708626e+05,36
1.380000002e+00,7.000004973e-02,1.627830791e-05,1.562405481e-03,1.002978709e+03,2.978708626e+05,36
1.390000002e+00,7.000004973e-02,1.627830917e-05,1.562405481e-03,1.002978709e+03,2.978708626e+05,36
1.400000002e+00,7.000004973e-02,1.627830744e-05,1.562405482e-03,1.002978709e+03,2.978708626e+05,36
1.410000002e+00,7.000004973e-02,1.627830476e-05,1.562405482e-03,1.002978709e+03,2.978708626e+05,36
1.420000002e+00,7.000004973e-02,1.627830402e-05,1.562405482e-03,1.002978709e+03,2.978708626e+05,36
1.430000002e+00,7.000004973e-02,1.627830576e-05,1.562405482e-03,1.002978709e+03,2.978708626e+05,36
1.440000002e+00,7.000004973e-02,1.627830732e-05,1.562405481e-03,1.002978709e+03,2.978708626e+05,36
1.450000002e+00,7.000004973e-02,1.627830708e-05,1.562405481e-03,1.002978709e+03,2.978708626e+05,36
1.460000002e+00,7.000004973e-02,1.627830634e-05,1.562405481e-03,1.002978709e+03,2.978708626e+05,36
1.470000002e+00,7.000004973e-02,1.627830601e-05,1.562405481e-03,1.002978709e+03,2.978708626e+05,36
1.480000002e+00,7.000004973e-02,1.627830594e-05,1.562405481e-03,1.002978709e+03,2.978708626e+05,36
1.490000002e+00,7.000004973e-02,1.627830592e-05,1.562405481e-03,1.002978709e+03,2.978708626e+05,36
1.500000002e+00,7.000004973e-02,1.627830590e-05,1.562405481e-03,1.002978709e+03,2.978708626e+05,36
1.510000002e+00,7.000004973e-02,1.627830590e-05,1.562405481e-03,1.002978709e+03,2.978708626e+05,36
1.520000002e+00,7.000004973e-02,1.627830590e-05,1.562405481e-03,1.002978709e+03,2.978708626e+05,36
1.530000002e+00,7.000004973e-02,1.627830590e-05,1.562405481e-03,1.002978709e+03,2.978708626e+05,36
1.540000002e+00,7.000004973e-02,1.627830590e-05,1.562405481e-03,1.002978709e+03,2.978708626e+05,36
1.550000002e+00,7.000004973e-02,1.627830590e-05,1.562405481e-03,1.002978709e+03,2.978708626e+05,36
1.560000002e+00,7.000004973e-02,1.627830590e-05,1.562405481e-03,1.002978709e+03,2.978708626e+05,36
1.570000002e+00,7.000004973e-02,1.627830586e-05,1.562405481e-03,1.002978709e+03,2.978708626e+05,36
1.580000002e+00,7.000004973e-02,1.627830570e-05,1.562405481e-03,1.002978709e+03,2.978708626e+05,36
1.590000002e+00,7.000004973e-02,1.627830534e-05,1.562405481e-03,1.002978709e+03,2.978708626e+05,36
1.600000002e+00,7.000004973e-02,1.627830486e-05,1.562405481e-03,1.002978709e+03,2.978708626e+05,36
1.610000002e+00,7.000004973e-02,1.627830423e-05,1.562405481e-03,1.002978709e+03,2.978708626e+05,36
1.620000002e+00,7.000004973e-02,1.627830358e-05,1.562405481e-03,1.002978709e+03,2.978708626e+05,36
1.630000002e+00,7.000004973e-02,1.627830452e-05,1.562405481e-03,1.002978709e+03,2.978708626e+05,36
1.640000002e+00,7.000004973e-02,1.627830769e-05,1.562405481e-03,1.002978709e+03,2.978708626e+05,36
1.650000002e+00,7.000004973e-02,1.627830952e-05,1.562405481e-03,1.002978709e+03,2.978708626e+05,36
1.660000002e+00,7.000004973e-02,1.627830766e-05,1.562405482e-03,1.002978709e+03,2.978708626e+05,36
1.670000002e+00,7.000004973e-02,1.627830473e-05,1.562405482e-03,1.002978709e+03,2.978708626e+05,36
1.680000002e+00,7.000004973e-02,1.627830401e-05,1.562405482e-03,1.002978709e+03,2.978708626e+05,36
1.690000002e+00,7.000004973e-02,1.627830576e-05,1.562405482e-03,1.002978709e+03,2.978708626e+05,36
1.700000002e+00,7.000004973e-02,1.627830691e-05,1.562405481e-03,1.002978709e+03,2.978708626e+05,36
1.710000002e+00,7.000004973e-02,1.627830435e-05,1.562405481e-03,1.002978709e+03,2.978708626e+05,36
1.720000002e+00,7.000004973e-02,1.627829003e-05,1.562405480e-03,1.002978709e+03,2.978708626e+05,36
1.730000002e+00,7.000004973e-02,1.627820888e-05,1.562405472e-03,1.002978709e+03,2.978708627e+05,36
1.740000002e+00,7.000004973e-02,1.627773544e-05,1.562405424e-03,1.002978709e+03,2.978708628e+05,36
1.750000002e+00,7.000004973e-02,1.627502736e-05,1.562405136e-03,1.002978709e+03,2.978708633e+05,36
1.760000002e+00,7.000004973e-02,1.625998264e-05,1.562403458e-03,1.002978709e+03,2.978708666e+05,36
1.770000002e+00,7.000004973e-02,1.617882567e-05,1.562393912e-03,1.002978709e+03,2.978708843e+05,36
1.780000002e+00,7.000004973e-02,1.575206164e-05,1.562340771e-03,1.002978710e+03,2.978709785e+05,36
1.790000002e+00,7.000004973e-02,1.357515226e-05,1.562052318e-03,1.002978715e+03,2.978714627e+05,36
1.800000002e+00,7.000004972e-02,2.916719072e-06,1.560534882e-03,1.002978739e+03,2.978738925e+05,36
1.810000001e+00,7.000004965e-02,-4.738797354e-05,1.552762908e-03,1.002978857e+03,2.978856701e+05,36
1.819999999e+00,7.000004929e-02,-2.782850424e-04,1.513857222e-03,1.002979397e+03,2.979396593e+05,36
1.829999988e+00,7.000004746e-02,-1.289926014e-03,1.326346521e-03,1.002981776e+03,2.981775914e+05,36
1.839999943e+00,7.000003857e-02,-5.438085329e-03,4.596629406e-04,1.002992033e+03,2.992032809e+05,36
1.849999748e+00,6.999999562e-02,-2.175341167e-02,-3.480502179e-03,1.003033201e+03,3.033200618e+05,36
1.859998941e+00,6.999979273e-02,-8.315387750e-02,-2.074813062e-02,1.003183013e+03,3.183012911e+05,36
1.869995930e+00,6.999892187e-02,-2.880665369e-01,-8.883366994e-02,1.003715134e+03,3.715134225e+05,36
1.879986132e+00,6.999539287e-02,-8.826313392e-01,-3.408879802e-01,1.005486155e+03,5.486154925e+05,36
1.889954425e+00,6.998024158e-02,-2.436202205e+00,-1.254947402e+00,1.010144208e+03,1.014420809e+06,36
1.899864252e+00,6.992560468e-02,-5.445075078e+00,-3.820234756e+00,1.017924900e+03,1.792490017e+06,37
1.909668548e+00,6.980316700e-02,-9.374789801e+00,-8.169586234e+00,1.023827717e+03,2.382771743e+06,37
1.919347608e+00,6.972784396e-02,-1.242399163e+01,-1.019362206e+01,1.009999255e+03,9.999254758e+05,37
1.929108101e+00,6.984668185e-02,-1.337700068e+01,-6.837301666e+00,9.774323535e+02,-2.256764651e+06,36
1.939333647e+00,6.998053445e-02,-1.394741584e+01,-2.682197752e+00,9.708803214e+02,-2.911967863e+06,38
1.949416294e+00,6.987884099e-02,-2.384417091e+01,-4.149156673e+00,1.026374621e+03,2.637462095e+06,36
1.958811889e+00,6.958868182e-02,-4.110382182e+01,-1.208932420e+01,1.159513780e+03,1.595137804e+07,34
1.969957943e+00,6.925901840e-02,-1.282868864e+01,-2.072279224e+01,1.174159858e+03,1.741598578e+07,35
1.989418770e+00,6.927994424e-02,5.417330323e+00,-1.800973146e+01,8.907985371e+02,-1.092014629e+07,32
1.268346180e-02,6.949674466e-02,1.029490927e+02,-1.519030580e+01,9.354550436e+02,-6.454495638e+06,32
1.969146262e+00,6.913490813e-02,-8.622184611e+01,-2.198607114e+01,1.180986889e+03,1.809868891e+07,34
3.104533133e-02,7.960688256e-02,9.078057229e+01,-1.079166048e+01,1.192985968e+03,1.929859680e+07,36
1.987751060e+00,7.958067240e-02,-9.502151131e+01,-1.167465958e+01,9.449765710e+02,-5.502342904e+06,33
1.040712691e-02,7.952872890e-02,-1.132212228e+01,-1.238591501e+01,9.082854227e+02,-9.171457733e+06,32
3.026248831e-02,7.966341062e-02,1.758732627e+01,-1.003003367e+01,1.185765069e+03,1.857650687e+07,35
4.136977698e-02,7.985438993e-02,4.654822368e+01,-6.685339055e+00,1.170727436e+03,1.707274361e+07,36
5.064322890e-02,8.025918924e-02,2.510338506e+01,-4.602565572e-01,1.030915782e+03,3.091578227e+06,36
6.088177117e-02,8.070516040e-02,1.548332601e+01,4.966449748e+00,9.706009320e+02,-2.939906797e+06,36
7.150033350e-02,8.056547948e-02,2.417917443e+01,1.313704417e+00,1.005919885e+03,5.919885031e+05,36
8.131519301e-02,8.008330478e-02,3.095499025e+01,-7.162599206e+00,1.073559421e+03,7.355942087e+06,35
9.068085430e-02,7.988893768e-02,2.345596415e+01,-8.514943781e+00,1.071314489e+03,7.131448948e+06,37
1.002557137e-01,7.992977734e-02,1.168803173e+01,-4.655192820e+00,1.033520050e+03,3.352004959e+06,38
1.100779570e-01,7.998003233e-02,4.430165516e+00,-1.481652551e+00,1.013678782e+03,1.367878160e+06,37
1.200208090e-01,7.999574582e-02,1.392582750e+00,-3.504548733e-01,1.006688246e+03,6.688245515e+05,36
1.300055783e-01,7.999908467e-02,4.075350477e-01,-8.040262380e-02,1.004026050e+03,4.026049870e+05,36
1.400014165e-01,7.999980565e-02,1.135229619e-01,-1.870192748e-02,1.003250778e+03,3.250777572e+05,36
1.500003312e-01,7.999997095e-02,2.875705038e-02,-3.662148946e-03,1.003047435e+03,3.047434617e+05,36
1.600000766e-01,8.000000560e-02,6.981997918e-03,-3.236691484e-04,1.002994195e+03,2.994194797e+05,36
1.700000184e-01,8.000001263e-02,1.647728962e-03,3.868160951e-04,1.002981155e+03,2.981155445e+05,36
1.800000053e-01,8.000001404e-02,3.787828396e-04,5.366431343e-04,1.002978187e+03,2.978186547e+05,36
1.900000025e-01,8.000001432e-02,9.356006893e-05,5.673167266e-04,1.002977526e+03,2.977526057e+05,36
2.000000020e-01,8.000001437e-02,3.230273602e-05,5.733782138e-04,1.002977384e+03,2.977383824e+05,36
2.100000019e-01,8.000001438e-02,1.949043593e-05,5.745493962e-04,1.002977355e+03,2.977354755e+05,36
2.200000018e-01,8.000001438e-02,1.689885715e-05,5.747702082e-04,1.002977349e+03,2.977349016e+05,36
2.300000018e-01,8.000001438e-02,1.639480031e-05,5.748106322e-04,1.002977348e+03,2.977347909e+05,36
2.400000018e-01,8.000001438e-02,1.629963620e-05,5.748178533e-04,1.002977348e+03,2.977347701e+05,36
2.500000018e-01,8.000001438e-02,1.628210673e-05,5.748191156e-04,1.002977348e+03,2.977347664e+05,36
2.600000018e-01,8.000001438e-02,1.627896840e-05,5.748193311e-04,1.002977348e+03,2.977347657e+05,36
2.700000018e-01,8.000001438e-02,1.627842256e-05,5.748193670e-04,1.002977348e+03,2.977347656e+05,36
2.800000018e-01,8.000001438e-02,1.627832919e-05,5.748193729e-04,1.002977348e+03,2.977347656e+05,36
2.900000018e-01,8.000001438e-02,1.627831297e-05,5.748193738e-04,1.002977348e+03,2.977347656e+05,36
3.000000018e-01,8.000001438e-02,1.627831016e-05,5.748193738e-04,1.002977348e+03,2.977347656e+05,36
3.100000018e-01,8.000001438e-02,1.627831001e-05,5.748193738e-04,1.002977348e+03,2.977347656e+05,36
3.200000018e-01,8.000001438e-02,1.627831040e-05,5.748193738e-04,1.002977348e+03,2.977347656e+05,36
3.300000018e-01,8.000001438e-02,1.627831089e-05,5.748193738e-04,1.002977348e+03,2.977347656e+05,36
3.400000018e-01,8.000001438e-02,1.627831112e-05,5.748193739e-04,1.002977348e+03,2.977347656e+05,36
3.500000018e-01,8.000001438e-02,1.627831076e-05,5.748193739e-04,1.002977348e+03,2.977347656e+05,36
3.600000018e-01,8.000001438e-02,1.627831003e-05,5.748193740e-04,1.002977348e+03,2.977347656e+05,36
3.700000018e-01,8.000001438e-02,1.627830951e-05,5.748193740e-04,1.002977348e+03,2.977347656e+05,36
3.800000018e-01,8.000001438e-02,1.627830997e-05,5.748193739e-04,1.002977348e+03,2.977347656e+05,36
3.900000018e-01,8.000001438e-02,1.627831100e-05,5.748193739e-04,1.002977348e+03,2.977347656e+05,36
4.000000018e-01,8.000001438e-02,1.627831133e-05,5.748193740e-04,1.002977348e+03,2.977347656e+05,36
4.100000018e-01,8.000001438e-02,1.627831083e-05,5.748193741e-04,1.002977348e+03,2.977347656e+05,36
4.200000018e-01,8.000001438e-02,1.627831004e-05,5.748193741e-04,1.002977348e+03,2.977347656e+05,36
4.300000018e-01,8.000001438e-02,1.627830949e-05,5.748193740e-04,1.002977348e+03,2.977347656e+05,36
4.400000018e-01,8.000001438e-02,1.627830993e-05,5.748193739e-04,1.002977348e+03,2.977347656e+05,36
4.500000018e-01,8.000001438e-02,1.627831095e-05,5.748193739e-04,1.002977348e+03,2.977347656e+05,36
4.600000018e-01,8.000001438e-02,1.627831119e-05,5.748193740e-04,1.002977348e+03,2.977347656e+05,36
4.700000018e-01,8.000001438e-02,1.627831056e-05,5.748193740e-04,1.002977348e+03,2.977347656e+05,36
4.800000018e-01,8.000001438e-02,1.627830975e-05,5.748193740e-04,1.002977348e+03,2.977347656e+05,36
4.900000018e-01,8.000001438e-02,1.627830945e-05,5.748193739e-04,1.002977348e+03,2.977347656e+05,36
5.000000018e-01,8.000001438e-02,1.627831022e-05,5.748193740e-04,1.002977348e+03,2.977347656e+05,36
5.100000018e-01,8.000001438e-02,1.627831120e-05,5.748193740e-04,1.002977348e+03,2.977347656e+05,36
5.200000018e-01,8.000001438e-02,1.627831107e-05,5.748193740e-04,1.002977348e+03,2.977347656e+05,36
5.300000018e-01,8.000001438e-02,1.627831025e-05,5.748193740e-04,1.002977348e+03,2.977347656e+05,36
5.400000018e-01,8.000001438e-02,1.627831002e-05,5.748193740e-04,1.002977348e+03,2.977347656e+05,36
5.500000018e-01,8.000001438e-02,1.627831055e-05,5.748193741e-04,1.002977348e+03,2.977347656e+05,36
5.600000018e-01,8.000001438e-02,1.627831109e-05,5.748193740e-04,1.002977348e+03,2.977347656e+05,36
5.700000018e-01,8.000001438e-02,1.627831103e-05,5.748193739e-04,1.002977348e+03,2.977347656e+05,36
5.800000018e-01,8.000001438e-02,1.627831004e-05,5.748193739e-04,1.002977348e+03,2.977347656e+05,36
5.900000018e-01,8.000001438e-02,1.627830915e-05,5.748193740e-04,1.002977348e+03,2.977347656e+05,36
6.000000018e-01,8.000001438e-02,1.627830998e-05,5.748193741e-04,1.002977348e+03,2.977347656e+05,36
6.100000018e-01,8.000001438e-02,1.627831137e-05,5.748193741e-04,1.002977348e+03,2.977347656e+05,36
6.200000018e-01,8.000001438e-02,1.627831149e-05,5.748193740e-04,1.002977348e+03,2.977347656e+05,36
6.300000018e-01,8.000001438e-02,1.627831092e-05,5.748193739e-04,1.002977348e+03,2.977347656e+05,36
6.400000018e-01,8.000001438e-02,1.627831060e-05,5.748193738e-04,1.002977348e+03,2.977347656e+05,36
6.500000018e-01,8.000001438e-02,1.627831032e-05,5.748193739e-04,1.002977348e+03,2.977347656e+05,36
6.600000018e-01,8.000001438e-02,1.627830983e-05,5.748193740e-04,1.002977348e+03,2.977347656e+05,36
6.700000018e-01,8.000001438e-02,1.627830958e-05,5.748193741e-04,1.002977348e+03,2.977347656e+05,36
6.800000018e-01,8.000001438e-02,1.627831011e-05,5.748193740e-04,1.002977348e+03,2.977347656e+05,36
6.900000018e-01,8.000001438e-02,1.627831099e-05,5.748193739e-04,1.002977348e+03,2.977347656e+05,36
7.000000018e-01,8.000001438e-02,1.627831114e-05,5.748193739e-04,1.002977348e+03,2.977347656e+05,36
7.100000018e-01,8.000001438e-02,1.627831012e-05,5.748193740e-04,1.002977348e+03,2.977347656e+05,36
7.200000018e-01,8.000001438e-02,1.627830918e-05,5.748193741e-04,1.002977348e+03,2.977347656e+05,36
7.300000018e-01,8.000001438e-02,1.627830998e-05,5.748193742e-04,1.002977348e+03,2.977347656e+05,36
7.400000018e-01,8.000001438e-02,1.627831136e-05,5.748193742e-04,1.002977348e+03,2.977347656e+05,36
7.500000018e-01,8.000001438e-02,1.627831148e-05,5.748193740e-04,1.002977348e+03,2.977347656e+05,36
7.600000018e-01,8.000001438e-02,1.627831092e-05,5.748193739e-04,1.002977348e+03,2.977347656e+05,36
7.700000018e-01,8.000001438e-02,1.627831065e-05,5.748193739e-04,1.002977348e+03,2.977347656e+05,36
7.800000018e-01,8.000001438e-02,1.627831045e-05,5.748193740e-04,1.002977348e+03,2.977347656e+05,36
7.900000018e-01,8.000001438e-02,1.627830998e-05,5.748193740e-04,1.002977348e+03,2.977347656e+05,36
8.000000018e-01,8.000001438e-02,1.627830948e-05,5.748193741e-04,1.002977348e+03,2.977347656e+05,36
8.100000018e-01,8.000001438e-02,1.627830978e-05,5.748193741e-04,1.002977348e+03,2.977347656e+05,36
8.200000018e-01,8.000001438e-02,1.627831085e-05,5.748193741e-04,1.002977348e+03,2.977347656e+05,36
8.300000018e-01,8.000001438e-02,1.627831127e-05,5.748193740e-04,1.002977348e+03,2.977347656e+05,36
8.400000018e-01,8.000001438e-02,1.627831024e-05,5.748193740e-04,1.002977348e+03,2.977347656e+05,36
8.500000018e-01,8.000001438e-02,1.627830923e-05,5.748193740e-04,1.002977348e+03,2.977347656e+05,36
8.600000018e-01,8.000001438e-02,1.627830998e-05,5.748193741e-04,1.002977348e+03,2.977347656e+05,36
8.700000018e-01,8.000001438e-02,1.627831133e-05,5.748193741e-04,1.002977348e+03,2.977347656e+05,36
8.800000018e-01,8.000001438e-02,1.627831149e-05,5.748193741e-04,1.002977348e+03,2.977347656e+05,36
8.900000018e-01,8.000001438e-02,1.627831095e-05,5.748193740e-04,1.002977348e+03,2.977347656e+05,36
9.000000018e-01,8.000001438e-02,1.627831052e-05,5.748193739e-04,1.002977348e+03,2.977347656e+05,36
9.100000018e-01,8.000001438e-02,1.627831002e-05,5.748193740e-04,1.002977348e+03,2.977347656e+05,36
9.200000018e-01,8.000001438e-02,1.627830951e-05,5.748193741e-04,1.002977348e+03,2.977347656e+05,36
9.300000018e-01,8.000001438e-02,1.627830983e-05,5.748193742e-04,1.002977348e+03,2.977347656e+05,36
9.400000018e-01,8.000001438e-02,1.627831093e-05,5.748193742e-04,1.002977348e+03,2.977347656e+05,36
9.500000018e-01,8.000001438e-02,1.627831134e-05,5.748193741e-04,1.002977348e+03,2.977347656e+05,36
9.600000018e-01,8.000001438e-02,1.627831051e-05,5.748193741e-04,1.002977348e+03,2.977347656e+05,36
9.700000018e-01,8.000001438e-02,1.627831032e-05,5.748193741e-04,1.002977348e+03,2.977347656e+05,36
9.800000018e-01,8.000001438e-02,1.627831202e-05,5.748193743e-04,1.002977348e+03,2.977347656e+05,36
9.900000018e-01,8.000001438e-02,1.627831258e-05,5.748193744e-04,1.002977348e+03,2.977347656e+05,36
1.000000002e+00,8.000001438e-02,1.627831047e-05,5.748193744e-04,1.002977348e+03,2.977347656e+05,36
1.010000002e+00,8.000001438e-02,1.627830903e-05,5.748193742e-04,1.002977348e+03,2.977347656e+05,36
1.020000002e+00,8.000001438e-02,1.627830946e-05,5.748193740e-04,1.002977348e+03,2.977347656e+05,36
1.030000002e+00,8.000001438e-02,1.627831008e-05,5.748193740e-04,1.002977348e+03,2.977347656e+05,36
1.040000002e+00,8.000001438e-02,1.627831033e-05,5.748193741e-04,1.002977348e+03,2.977347656e+05,36
1.050000002e+00,8.000001438e-02,1.627831041e-05,5.748193741e-04,1.002977348e+03,2.977347656e+05,36
1.060000002e+00,8.000001438e-02,1.627831034e-05,5.748193742e-04,1.002977348e+03,2.977347656e+05,36
1.070000002e+00,8.000001438e-02,1.627831015e-05,5.748193742e-04,1.002977348e+03,2.977347656e+05,36
1.080000002e+00,8.000001438e-02,1.627830982e-05,5.748193743e-04,1.002977348e+03,2.977347656e+05,36
1.090000002e+00,8.000001438e-02,1.627830916e-05,5.748193741e-04,1.002977348e+03,2.977347656e+05,36
1.100000002e+00,8.000001438e-02,1.627830833e-05,5.748193739e-04,1.002977348e+03,2.977347656e+05,36
1.110000002e+00,8.000001438e-02,1.627830821e-05,5.748193737e-04,1.002977348e+03,2.977347656e+05,36
1.120000002e+00,8.000001438e-02,1.627830976e-05,5.748193737e-04,1.002977348e+03,2.977347656e+05,36
1.130000002e+00,8.000001438e-02,1.627831264e-05,5.748193738e-04,1.002977348e+03,2.977347656e+05,36
1.140000002e+00,8.000001438e-02,1.627831404e-05,5.748193740e-04,1.002977348e+03,2.977347656e+05,36
1.150000002e+00,8.000001438e-02,1.627831225e-05,5.748193742e-04,1.002977348e+03,2.977347656e+05,36
1.160000002e+00,8.000001438e-02,1.627830941e-05,5.748193743e-04,1.002977348e+03,2.977347656e+05,36
1.170000002e+00,8.000001438e-02,1.627830857e-05,5.748193743e-04,1.002977348e+03,2.977347656e+05,36
1.180000002e+00,8.000001438e-02,1.627831023e-05,5.748193743e-04,1.002977348e+03,2.977347656e+05,36
1.190000002e+00,8.000001438e-02,1.627831168e-05,5.748193743e-04,1.002977348e+03,2.977347656e+05,36
1.200000002e+00,8.000001438e-02,1.627831143e-05,5.748193742e-04,1.002977348e+03,2.977347656e+05,36
1.210000002e+00,8.000001438e-02,1.627831077e-05,5.748193741e-04,1.002977348e+03,2.977347656e+05,36
1.220000002e+00,8.000001438e-02,1.627831050e-05,5.748193741e-04,1.002977348e+03,2.977347656e+05,36
1.230000002e+00,8.000001438e-02,1.627831045e-05,5.748193741e-04,1.002977348e+03,2.977347656e+05,36
1.240000002e+00,8.000001438e-02,1.627831044e-05,5.748193741e-04,1.002977348e+03,2.977347656e+05,36
1.250000002e+00,8.000001438e-02,1.627831043e-05,5.748193741e-04,1.002977348e+03,2.977347656e+05,36
1.260000002e+00,8.000001438e-02,1.627831043e-05,5.748193741e-04,1.002977348e+03,2.977347656e+05,36
1.270000002e+00,8.000001438e-02,1.627831045e-05,5.748193740e-04,1.002977348e+03,2.977347656e+05,36
1.280000002e+00,8.000001438e-02,1.627831046e-05,5.748193740e-04,1.002977348e+03,2.977347656e+05,36
1.290000002e+00,8.000001438e-02,1.627831046e-05,5.748193740e-04,1.002977348e+03,2.977347656e+05,36
1.300000002e+00,8.000001438e-02,1.627831043e-05,5.748193740e-04,1.002977348e+03,2.977347656e+05,36
1.310000002e+00,8.000001438e-02,1.627831033e-05,5.748193740e-04,1.002977348e+03,2.977347656e+05,36
1.320000002e+00,8.000001438e-02,1.627831014e-05,5.748193741e-04,1.002977348e+03,2.977347656e+05,36
1.330000002e+00,8.000001438e-02,1.627830983e-05,5.748193741e-04,1.002977348e+03,2.977347656e+05,36
1.340000002e+00,8.000001438e-02,1.627830921e-05,5.748193740e-04,1.002977348e+03,2.977347656e+05,36
1.350000002e+00,8.000001438e-02,1.627830839e-05,5.748193737e-04,1.002977348e+03,2.977347656e+05,36
1.360000002e+00,8.000001438e-02,1.627830824e-05,5.748193736e-04,1.002977348e+03,2.977347656e+05,36
1.370000002e+00,8.000001438e-02,1.627830976e-05,5.748193736e-04,1.002977348e+03,2.977347656e+05,36
1.380000002e+00,8.000001438e-02,1.627831263e-05,5.748193737e-04,1.002977348e+03,2.977347656e+05,36
1.390000002e+00,8.000001438e-02,1.627831402e-05,5.748193739e-04,1.002977348e+03,2.977347656e+05,36
1.400000002e+00,8.000001438e-02,1.627831222e-05,5.748193741e-04,1.002977348e+03,2.977347656e+05,36
1.410000002e+00,8.000001438e-02,1.627830940e-05,5.748193742e-04,1.002977348e+03,2.977347656e+05,36
1.420000002e+00,8.000001438e-02,1.627830855e-05,5.748193742e-04,1.002977348e+03,2.977347656e+05,36
1.430000002e+00,8.000001438e-02,1.627831022e-05,5.748193742e-04,1.002977348e+03,2.977347656e+05,36
1.440000002e+00,8.000001438e-02,1.627831171e-05,5.748193742e-04,1.002977348e+03,2.977347656e+05,36
1.450000002e+00,8.000001438e-02,1.627831148e-05,5.748193741e-04,1.002977348e+03,2.977347656e+05,36
1.460000002e+00,8.000001438e-02,1.627831081e-05,5.748193740e-04,1.002977348e+03,2.977347656e+05,36
1.470000002e+00,8.000001438e-02,1.627831050e-05,5.748193739e-04,1.002977348e+03,2.977347656e+05,36
1.480000002e+00,8.000001438e-02,1.627831044e-05,5.748193739e-04,1.002977348e+03,2.977347656e+05,36
1.490000002e+00,8.000001438e-02,1.627831044e-05,5.748193739e-04,1.002977348e+03,2.977347656e+05,36
1.500000002e+00,8.000001438e-02,1.627831045e-05,5.748193739e-04,1.002977348e+03,2.977347656e+05,36
1.510000002e+00,8.000001438e-02,1.627831046e-05,5.748193739e-04,1.002977348e+03,2.977347656e+05,36
1.520000002e+00,8.000001438e-02,1.627831045e-05,5.748193739e-04,1.002977348e+03,2.977347656e+05,36
1.530000002e+00,8.000001438e-02,1.627831044e-05,5.748193739e-04,1.002977348e+03,2.977347656e+05,36
1.540000002e+00,8.000001438e-02,1.627831044e-05,5.748193739e-04,1.002977348e+03,2.977347656e+05,36
1.550000002e+00,8.000001438e-02,1.627831044e-05,5.748193739e-04,1.002977348e+03,2.977347656e+05,36
1.560000002e+00,8.000001438e-02,1.627831043e-05,5.748193739e-04,1.002977348e+03,2.977347656e+05,36
1.570000002e+00,8.000001438e-02,1.627831040e-05,5.748193739e-04,1.002977348e+03,2.977347656e+05,36
1.580000002e+00,8.000001438e-02,1.627831024e-05,5.748193739e-04,1.002977348e+03,2.977347656e+05,36
1.590000002e+00,8.000001438e-02,1.627830981e-05,5.748193739e-04,1.002977348e+03,2.977347656e+05,36
1.600000002e+00,8.000001438e-02,1.627830915e-05,5.748193739e-04,1.002977348e+03,2.977347656e+05,36
1.610000002e+00,8.000001438e-02,1.627830848e-05,5.748193736e-04,1.002977348e+03,2.977347656e+05,36
1.620000002e+00,8.000001438e-02,1.627830813e-05,5.748193734e-04,1.002977348e+03,2.977347656e+05,36
1.630000002e+00,8.000001438e-02,1.627830937e-05,5.748193736e-04,1.002977348e+03,2.977347656e+05,36
1.640000002e+00,8.000001438e-02,1.627831256e-05,5.748193739e-04,1.002977348e+03,2.977347656e+05,36
1.650000002e+00,8.000001438e-02,1.627831430e-05,5.748193742e-04,1.002977348e+03,2.977347656e+05,36
1.660000002e+00,8.000001438e-02,1.627831229e-05,5.748193743e-04,1.002977348e+03,2.977347656e+05,36
1.670000002e+00,8.000001438e-02,1.627830920e-05,5.748193742e-04,1.002977348e+03,2.977347656e+05,36
1.680000002e+00,8.000001438e-02,1.627830850e-05,5.748193740e-04,1.002977348e+03,2.977347656e+05,36
1.690000002e+00,8.000001438e-02,1.627831028e-05,5.748193741e-04,1.002977348e+03,2.977347656e+05,36
1.700000002e+00,8.000001438e-02,1.627831127e-05,5.748193741e-04,1.002977348e+03,2.977347656e+05,36
1.710000002e+00,8.000001438e-02,1.627830836e-05,5.748193738e-04,1.002977348e+03,2.977347656e+05,36
1.720000002e+00,8.000001438e-02,1.627829212e-05,5.748193728e-04,1.002977348e+03,2.977347656e+05,36
1.730000002e+00,8.000001438e-02,1.627819903e-05,5.748193668e-04,1.002977348e+03,2.977347656e+05,36
1.740000002e+00,8.000001438e-02,1.627765303e-05,5.748193310e-04,1.002977348e+03,2.977347657e+05,36
1.750000002e+00,8.000001438e-02,1.627451429e-05,5.748191157e-04,1.002977348e+03,2.977347664e+05,36
1.760000002e+00,8.000001438e-02,1.625698434e-05,5.748178534e-04,1.002977348e+03,2.977347701e+05,36
1.770000002e+00,8.000001438e-02,1.616181971e-05,5.748106320e-04,1.002977348e+03,2.977347909e+05,36
1.780000002e+00,8.000001438e-02,1.565776353e-05,5.747702079e-04,1.002977349e+03,2.977349016e+05,36
1.790000002e+00,8.000001438e-02,1.306618564e-05,5.745493958e-04,1.002977355e+03,2.977354755e+05,36
1.800000002e+00,8.000001437e-02,2.538849430e-07,5.733782136e-04,1.002977384e+03,2.977383824e+05,36
1.810000001e+00,8.000001432e-02,-6.100344805e-05,5.673167271e-04,1.002977526e+03,2.977526057e+05,36
1.819999998e+00,8.000001404e-02,-3.462262182e-04,5.366431350e-04,1.002978187e+03,2.978186547e+05,36
1.829999985e+00,8.000001263e-02,-1.615172341e-03,3.868160954e-04,1.002981155e+03,2.981155445e+05,36
1.839999927e+00,8.000000560e-02,-6.949441298e-03,-3.236691487e-04,1.002994195e+03,2.994194797e+05,36
1.849999672e+00,7.999997095e-02,-2.872449376e-02,-3.662148946e-03,1.003047435e+03,3.047434617e+05,36
1.859998587e+00,7.999980565e-02,-1.134904053e-01,-1.870192748e-02,1.003250778e+03,3.250777572e+05,36
1.869994425e+00,7.999908467e-02,-4.075024911e-01,-8.040262380e-02,1.004026050e+03,4.026049870e+05,36
1.879979195e+00,7.999574582e-02,-1.392550193e+00,-3.504548733e-01,1.006688246e+03,6.688245515e+05,36
1.889922047e+00,7.998003233e-02,-4.430132960e+00,-1.481652551e+00,1.013678782e+03,1.367878160e+06,37
1.899744290e+00,7.992977734e-02,-1.168799917e+01,-4.655192820e+00,1.033520050e+03,3.352004959e+06,38
1.909319149e+00,7.988893768e-02,-2.345593159e+01,-8.514943782e+00,1.071314489e+03,7.131448947e+06,37
1.918684811e+00,8.008330478e-02,-3.095495769e+01,-7.162599207e+00,1.073559421e+03,7.355942087e+06,35
1.928499670e+00,8.056547948e-02,-2.417914187e+01,1.313704414e+00,1.005919885e+03,5.919885019e+05,36
1.939118233e+00,8.070516040e-02,-1.548329345e+01,4.966449740e+00,9.706009320e+02,-2.939906799e+06,36
1.949356775e+00,8.025918924e-02,-2.510335249e+01,-4.602565739e-01,1.030915782e+03,3.091578221e+06,36
1.958630227e+00,7.985438993e-02,-4.654819111e+01,-6.685339087e+00,1.170727436e+03,1.707274360e+07,36
1.969737515e+00,7.966341062e-02,-1.758729370e+01,-1.003003373e+01,1.185765069e+03,1.857650686e+07,35
1.989592877e+00,7.952872889e-02,1.132215481e+01,-1.238591514e+01,9.082854226e+02,-9.171457744e+06,32
1.224894378e-02,7.958067240e-02,9.502154385e+01,-1.167465945e+01,9.449765711e+02,-5.502342893e+06,33
1.968954672e+00,7.960688256e-02,-9.078053972e+01,-1.079166053e+01,1.192985968e+03,1.929859679e+07,36
3.111989382e-02,8.988397011e-02,9.162162812e+01,-3.950125982e+00,1.202821159e+03,2.028211595e+07,38
1.987860938e+00,8.987612215e-02,-9.260962808e+01,-3.549031636e+00,9.434735306e+02,-5.652646937e+06,35
1.034772932e-02,8.986764097e-02,-1.359441805e+01,-3.660006061e+00,9.091102510e+02,-9.088974900e+06,34
3.032429249e-02,8.990354437e-02,1.808916848e+01,-3.709771296e+00,1.194563078e+03,1.945630778e+07,36
4.142004803e-02,8.999079280e-02,4.683076627e+01,-3.116301892e+00,1.195384888e+03,1.953848880e+07,35
5.050729485e-02,9.029644605e-02,2.200155031e+01,8.727386236e-01,1.069009048e+03,6.900904820e+06,34
6.044002370e-02,9.081614713e-02,7.158963845e+00,8.714473178e+00,1.023229915e+03,2.322991521e+06,37
7.110688998e-02,9.090226027e-02,1.886277178e+01,1.096415356e+01,1.113252096e+03,1.132520955e+07,36
8.139119224e-02,9.043092468e-02,4.185430550e+01,3.071710695e+00,1.236279705e+03,2.362797049e+07,35
9.087995323e-02,9.006259646e-02,3.813205781e+01,-2.461802732e+00,1.181666461e+03,1.816664605e+07,36
1.003426752e-01,8.997855709e-02,1.827850307e+01,-2.532870446e+00,1.064005421e+03,6.400542146e+06,38
1.101029587e-01,8.998939999e-02,6.390593372e+00,-9.888101306e-01,1.017413085e+03,1.741308510e+06,38
1.200262975e-01,8.999760520e-02,1.863250632e+00,-2.253871746e-01,1.007654656e+03,7.654656114e+05,36
1.300066478e-01,8.999950220e-02,5.017063889e-01,-4.739714369e-02,1.004269411e+03,4.269411056e+05,36
1.400016599e-01,8.999989211e-02,1.360011834e-01,-1.080773560e-02,1.003301824e+03,3.301823831e+05,36
1.500003832e-01,8.999998111e-02,3.380399757e-02,-2.160883859e-03,1.003057214e+03,3.057214114e+05,36
1.600000871e-01,8.999999985e-02,8.050916937e-03,-2.685708896e-04,1.002995276e+03,2.995276153e+05,36
1.700000205e-01,9.000000365e-02,1.872561875e-03,1.281006851e-04,1.002980283e+03,2.980283219e+05,36
1.800000057e-01,9.000000441e-02,4.251995510e-04,2.106071240e-04,1.002976905e+03,2.976904656e+05,36
1.900000026e-01,9.000000456e-02,1.027900303e-04,2.273863407e-04,1.002976162e+03,2.976161532e+05,36
2.000000020e-01,9.000000458e-02,3.409387940e-05,2.306862521e-04,1.002976003e+03,2.976002751e+05,36
2.100000019e-01,9.000000459e-02,1.983058831e-05,2.313207965e-04,1.002975970e+03,2.975970477e+05,36
2.200000018e-01,9.000000459e-02,1.696158161e-05,2.314399706e-04,1.002975964e+03,2.975964138e+05,36
2.300000018e-01,9.000000459e-02,1.640607013e-05,2.314617265e-04,1.002975963e+03,2.975962920e+05,36
2.400000018e-01,9.000000459e-02,1.630161861e-05,2.314656035e-04,1.002975963e+03,2.975962693e+05,36
2.500000018e-01,9.000000459e-02,1.628244788e-05,2.314662797e-04,1.002975963e+03,2.975962653e+05,36
2.600000018e-01,9.000000459e-02,1.627902616e-05,2.314663948e-04,1.002975963e+03,2.975962645e+05,36
2.700000018e-01,9.000000459e-02,1.627843262e-05,2.314664140e-04,1.002975963e+03,2.975962644e+05,36
2.800000018e-01,9.000000459e-02,1.627833133e-05,2.314664172e-04,1.002975963e+03,2.975962644e+05,36
2.900000018e-01,9.000000459e-02,1.627831376e-05,2.314664176e-04,1.002975963e+03,2.975962644e+05,36
3.000000018e-01,9.000000459e-02,1.627831076e-05,2.314664176e-04,1.002975963e+03,2.975962644e+05,36
3.100000018e-01,9.000000459e-02,1.627831065e-05,2.314664176e-04,1.002975963e+03,2.975962644e+05,36
3.200000018e-01,9.000000459e-02,1.627831107e-05,2.314664177e-04,1.002975963e+03,2.975962644e+05,36
3.300000018e-01,9.000000459e-02,1.627831156e-05,2.314664177e-04,1.002975963e+03,2.975962644e+05,36
3.400000018e-01,9.000000459e-02,1.627831180e-05,2.314664177e-04,1.002975963e+03,2.975962644e+05,36
3.500000018e-01,9.000000459e-02,1.627831146e-05,2.314664178e-04,1.002975963e+03,2.975962644e+05,36
3.600000018e-01,9.000000459e-02,1.627831068e-05,2.314664178e-04,1.002975963e+03,2.975962644e+05,36
3.700000018e-01,9.000000459e-02,1.627831008e-05,2.314664177e-04,1.002975963e+03,2.975962644e+05,36
3.800000018e-01,9.000000459e-02,1.627831056e-05,2.314664177e-04,1.002975963e+03,2.975962644e+05,36
3.900000018e-01,9.000000459e-02,1.627831166e-05,2.314664177e-04,1.002975963e+03,2.975962644e+05,36
4.000000018e-01,9.000000459e-02,1.627831202e-05,2.314664177e-04,1.002975963e+03,2.975962644e+05,36
4.100000018e-01,9.000000459e-02,1.627831153e-05,2.314664177e-04,1.002975963e+03,2.975962644e+05,36
4.200000018e-01,9.000000459e-02,1.627831066e-05,2.314664177e-04,1.002975963e+03,2.975962644e+05,36
4.300000018e-01,9.000000459e-02,1.627831003e-05,2.314664177e-04,1.002975963e+03,2.975962644e+05,36
4.400000018e-01,9.000000459e-02,1.627831053e-05,2.314664177e-04,1.002975963e+03,2.975962644e+05,36
4.500000018e-01,9.000000459e-02,1.627831162e-05,2.314664177e-04,1.002975963e+03,2.975962644e+05,36
4.600000018e-01,9.000000459e-02,1.627831187e-05,2.314664177e-04,1.002975963e+03,2.975962644e+05,36
4.700000018e-01,9.000000459e-02,1.627831119e-05,2.314664177e-04,1.002975963e+03,2.975962644e+05,36
4.800000018e-01,9.000000459e-02,1.627831036e-05,2.314664177e-04,1.002975963e+03,2.975962644e+05,36
4.900000018e-01,9.000000459e-02,1.627831010e-05,2.314664177e-04,1.002975963e+03,2.975962644e+05,36
5.000000018e-01,9.000000459e-02,1.627831089e-05,2.314664177e-04,1.002975963e+03,2.975962644e+05,36
5.100000018e-01,9.000000459e-02,1.627831184e-05,2.314664177e-04,1.002975963e+03,2.975962644e+05,36
5.200000018e-01,9.000000459e-02,1.627831171e-05,2.314664177e-04,1.002975963e+03,2.975962644e+05,36
5.300000018e-01,9.000000459e-02,1.627831097e-05,2.314664178e-04,1.002975963e+03,2.975962644e+05,36
5.400000018e-01,9.000000459e-02,1.627831068e-05,2.314664179e-04,1.002975963e+03,2.975962644e+05,36
5.500000018e-01,9.000000459e-02,1.627831108e-05,2.314664177e-04,1.002975963e+03,2.975962644e+05,36
5.600000018e-01,9.000000459e-02,1.627831160e-05,2.314664176e-04,1.002975963e+03,2.975962644e+05,36
5.700000018e-01,9.000000459e-02,1.627831162e-05,2.314664175e-04,1.002975963e+03,2.975962644e+05,36
5.800000018e-01,9.000000459e-02,1.627831073e-05,2.314664175e-04,1.002975963e+03,2.975962644e+05,36
5.900000018e-01,9.000000459e-02,1.627830990e-05,2.314664176e-04,1.002975963e+03,2.975962644e+05,36
6.000000018e-01,9.000000459e-02,1.627831067e-05,2.314664177e-04,1.002975963e+03,2.975962644e+05,36
6.100000018e-01,9.000000459e-02,1.627831196e-05,2.314664177e-04,1.002975963e+03,2.975962644e+05,36
6.200000018e-01,9.000000459e-02,1.627831202e-05,2.314664177e-04,1.002975963e+03,2.975962644e+05,36
6.300000018e-01,9.000000459e-02,1.627831149e-05,2.314664176e-04,1.002975963e+03,2.975962644e+05,36
6.400000018e-01,9.000000459e-02,1.627831127e-05,2.314664176e-04,1.002975963e+03,2.975962644e+05,36
6.500000018e-01,9.000000459e-02,1.627831106e-05,2.314664176e-04,1.002975963e+03,2.975962644e+05,36
6.600000018e-01,9.000000459e-02,1.627831057e-05,2.314664177e-04,1.002975963e+03,2.975962644e+05,36
6.700000018e-01,9.000000459e-02,1.627831020e-05,2.314664178e-04,1.002975963e+03,2.975962644e+05,36
6.800000018e-01,9.000000459e-02,1.627831063e-05,2.314664177e-04,1.002975963e+03,2.975962644e+05,36
6.900000018e-01,9.000000459e-02,1.627831158e-05,2.314664176e-04,1.002975963e+03,2.975962644e+05,36
7.000000018e-01,9.000000459e-02,1.627831183e-05,2.314664176e-04,1.002975963e+03,2.975962644e+05,36
7.100000018e-01,9.000000459e-02,1.627831082e-05,2.314664176e-04,1.002975963e+03,2.975962644e+05,36
7.200000018e-01,9.000000459e-02,1.627830990e-05,2.314664177e-04,1.002975963e+03,2.975962644e+05,36
7.300000018e-01,9.000000459e-02,1.627831065e-05,2.314664177e-04,1.002975963e+03,2.975962644e+05,36
7.400000018e-01,9.000000459e-02,1.627831194e-05,2.314664177e-04,1.002975963e+03,2.975962644e+05,36
7.500000018e-01,9.000000459e-02,1.627831202e-05,2.314664177e-04,1.002975963e+03,2.975962644e+05,36
7.600000018e-01,9.000000459e-02,1.627831151e-05,2.314664176e-04,1.002975963e+03,2.975962644e+05,36
7.700000018e-01,9.000000459e-02,1.627831131e-05,2.314664176e-04,1.002975963e+03,2.975962644e+05,36
7.800000018e-01,9.000000459e-02,1.627831114e-05,2.314664176e-04,1.002975963e+03,2.975962644e+05,36
7.900000018e-01,9.000000459e-02,1.627831065e-05,2.314664176e-04,1.002975963e+03,2.975962644e+05,36
8.000000018e-01,9.000000459e-02,1.627831014e-05,2.314664177e-04,1.002975963e+03,2.975962644e+05,36
8.100000018e-01,9.000000459e-02,1.627831043e-05,2.314664177e-04,1.002975963e+03,2.975962644e+05,36
8.200000018e-01,9.000000459e-02,1.627831147e-05,2.314664177e-04,1.002975963e+03,2.975962644e+05,36
8.300000018e-01,9.000000459e-02,1.627831186e-05,2.314664177e-04,1.002975963e+03,2.975962644e+05,36
8.400000018e-01,9.000000459e-02,1.627831088e-05,2.314664177e-04,1.002975963e+03,2.975962644e+05,36
8.500000018e-01,9.000000459e-02,1.627830994e-05,2.314664177e-04,1.002975963e+03,2.975962644e+05,36
8.600000018e-01,9.000000459e-02,1.627831067e-05,2.314664177e-04,1.002975963e+03,2.975962644e+05,36
8.700000018e-01,9.000000459e-02,1.627831194e-05,2.314664177e-04,1.002975963e+03,2.975962644e+05,36
8.800000018e-01,9.000000459e-02,1.627831203e-05,2.314664177e-04,1.002975963e+03,2.975962644e+05,36
8.900000018e-01,9.000000459e-02,1.627831152e-05,2.314664176e-04,1.002975963e+03,2.975962644e+05,36
9.000000018e-01,9.000000459e-02,1.627831119e-05,2.314664176e-04,1.002975963e+03,2.975962644e+05,36
9.100000018e-01,9.000000459e-02,1.627831073e-05,2.314664176e-04,1.002975963e+03,2.975962644e+05,36
9.200000018e-01,9.000000459e-02,1.627831022e-05,2.314664177e-04,1.002975963e+03,2.975962644e+05,36
9.300000018e-01,9.000000459e-02,1.627831052e-05,2.314664177e-04,1.002975963e+03,2.975962644e+05,36
9.400000018e-01,9.000000459e-02,1.627831156e-05,2.314664178e-04,1.002975963e+03,2.975962644e+05,36
9.500000018e-01,9.000000459e-02,1.627831191e-05,2.314664177e-04,1.002975963e+03,2.975962644e+05,36
9.600000018e-01,9.000000459e-02,1.627831112e-05,2.314664177e-04,1.002975963e+03,2.975962644e+05,36
9.700000018e-01,9.000000459e-02,1.627831105e-05,2.314664177e-04,1.002975963e+03,2.975962644e+05,36
9.800000018e-01,9.000000459e-02,1.627831281e-05,2.314664178e-04,1.002975963e+03,2.975962644e+05,36
9.900000018e-01,9.000000459e-02,1.627831330e-05,2.314664179e-04,1.002975963e+03,2.975962644e+05,36
1.000000002e+00,9.000000459e-02,1.627831101e-05,2.314664179e-04,1.002975963e+03,2.975962644e+05,36
1.010000002e+00,9.000000459e-02,1.627830947e-05,2.314664178e-04,1.002975963e+03,2.975962644e+05,36
1.020000002e+00,9.000000459e-02,1.627831001e-05,2.314664177e-04,1.002975963e+03,2.975962644e+05,36
1.030000002e+00,9.000000459e-02,1.627831075e-05,2.314664176e-04,1.002975963e+03,2.975962644e+05,36
1.040000002e+00,9.000000459e-02,1.627831102e-05,2.314664177e-04,1.002975963e+03,2.975962644e+05,36
1.050000002e+00,9.000000459e-02,1.627831108e-05,2.314664177e-04,1.002975963e+03,2.975962644e+05,36
1.060000002e+00,9.000000459e-02,1.627831104e-05,2.314664177e-04,1.002975963e+03,2.975962644e+05,36
1.070000002e+00,9.000000459e-02,1.627831088e-05,2.314664178e-04,1.002975963e+03,2.975962644e+05,36
1.080000002e+00,9.000000459e-02,1.627831044e-05,2.314664178e-04,1.002975963e+03,2.975962644e+05,36
1.090000002e+00,9.000000459e-02,1.627830959e-05,2.314664178e-04,1.002975963e+03,2.975962644e+05,36
1.100000002e+00,9.000000459e-02,1.627830876e-05,2.314664176e-04,1.002975963e+03,2.975962644e+05,36
1.110000002e+00,9.000000459e-02,1.627830879e-05,2.314664175e-04,1.002975963e+03,2.975962644e+05,36
1.120000002e+00,9.000000459e-02,1.627831044e-05,2.314664175e-04,1.002975963e+03,2.975962644e+05,36
1.130000002e+00,9.000000459e-02,1.627831344e-05,2.314664176e-04,1.002975963e+03,2.975962644e+05,36
1.140000002e+00,9.000000459e-02,1.627831489e-05,2.314664178e-04,1.002975963e+03,2.975962644e+05,36
1.150000002e+00,9.000000459e-02,1.627831295e-05,2.314664179e-04,1.002975963e+03,2.975962644e+05,36
1.160000002e+00,9.000000459e-02,1.627830998e-05,2.314664178e-04,1.002975963e+03,2.975962644e+05,36
1.170000002e+00,9.000000459e-02,1.627830923e-05,2.314664177e-04,1.002975963e+03,2.975962644e+05,36
1.180000002e+00,9.000000459e-02,1.627831095e-05,2.314664177e-04,1.002975963e+03,2.975962644e+05,36
1.190000002e+00,9.000000459e-02,1.627831230e-05,2.314664178e-04,1.002975963e+03,2.975962644e+05,36
1.200000002e+00,9.000000459e-02,1.627831199e-05,2.314664178e-04,1.002975963e+03,2.975962644e+05,36
1.210000002e+00,9.000000459e-02,1.627831138e-05,2.314664178e-04,1.002975963e+03,2.975962644e+05,36
1.220000002e+00,9.000000459e-02,1.627831115e-05,2.314664178e-04,1.002975963e+03,2.975962644e+05,36
1.230000002e+00,9.000000459e-02,1.627831109e-05,2.314664178e-04,1.002975963e+03,2.975962644e+05,36
1.240000002e+00,9.000000459e-02,1.627831107e-05,2.314664178e-04,1.002975963e+03,2.975962644e+05,36
1.250000002e+00,9.000000459e-02,1.627831105e-05,2.314664178e-04,1.002975963e+03,2.975962644e+05,36
1.260000002e+00,9.000000459e-02,1.627831104e-05,2.314664178e-04,1.002975963e+03,2.975962644e+05,36
1.270000002e+00,9.000000459e-02,1.627831105e-05,2.314664177e-04,1.002975963e+03,2.975962644e+05,36
1.280000002e+00,9.000000459e-02,1.627831108e-05,2.314664177e-04,1.002975963e+03,2.975962644e+05,36
1.290000002e+00,9.000000459e-02,1.627831110e-05,2.314664177e-04,1.002975963e+03,2.975962644e+05,36
1.300000002e+00,9.000000459e-02,1.627831109e-05,2.314664177e-04,1.002975963e+03,2.975962644e+05,36
1.310000002e+00,9.000000459e-02,1.627831102e-05,2.314664177e-04,1.002975963e+03,2.975962644e+05,36
1.320000002e+00,9.000000459e-02,1.627831086e-05,2.314664178e-04,1.002975963e+03,2.975962644e+05,36
1.330000002e+00,9.000000459e-02,1.627831044e-05,2.314664178e-04,1.002975963e+03,2.975962644e+05,36
1.340000002e+00,9.000000459e-02,1.627830963e-05,2.314664177e-04,1.002975963e+03,2.975962644e+05,36
1.350000002e+00,9.000000459e-02,1.627830882e-05,2.314664176e-04,1.002975963e+03,2.975962644e+05,36
1.360000002e+00,9.000000459e-02,1.627830883e-05,2.314664174e-04,1.002975963e+03,2.975962644e+05,36
1.370000002e+00,9.000000459e-02,1.627831045e-05,2.314664174e-04,1.002975963e+03,2.975962644e+05,36
1.380000002e+00,9.000000459e-02,1.627831340e-05,2.314664175e-04,1.002975963e+03,2.975962644e+05,36
1.390000002e+00,9.000000459e-02,1.627831482e-05,2.314664176e-04,1.002975963e+03,2.975962644e+05,36
1.400000002e+00,9.000000459e-02,1.627831297e-05,2.314664177e-04,1.002975963e+03,2.975962644e+05,36
1.410000002e+00,9.000000459e-02,1.627831009e-05,2.314664178e-04,1.002975963e+03,2.975962644e+05,36
1.420000002e+00,9.000000459e-02,1.627830923e-05,2.314664179e-04,1.002975963e+03,2.975962644e+05,36
1.430000002e+00,9.000000459e-02,1.627831085e-05,2.314664179e-04,1.002975963e+03,2.975962644e+05,36
1.440000002e+00,9.000000459e-02,1.627831226e-05,2.314664178e-04,1.002975963e+03,2.975962644e+05,36
1.450000002e+00,9.000000459e-02,1.627831203e-05,2.314664178e-04,1.002975963e+03,2.975962644e+05,36
1.460000002e+00,9.000000459e-02,1.627831139e-05,2.314664177e-04,1.002975963e+03,2.975962644e+05,36
1.470000002e+00,9.000000459e-02,1.627831112e-05,2.314664177e-04,1.002975963e+03,2.975962644e+05,36
1.480000002e+00,9.000000459e-02,1.627831106e-05,2.314664177e-04,1.002975963e+03,2.975962644e+05,36
1.490000002e+00,9.000000459e-02,1.627831107e-05,2.314664177e-04,1.002975963e+03,2.975962644e+05,36
1.500000002e+00,9.000000459e-02,1.627831109e-05,2.314664177e-04,1.002975963e+03,2.975962644e+05,36
1.510000002e+00,9.000000459e-02,1.627831109e-05,2.314664177e-04,1.002975963e+03,2.975962644e+05,36
1.520000002e+00,9.000000459e-02,1.627831109e-05,2.314664177e-04,1.002975963e+03,2.975962644e+05,36
1.530000002e+00,9.000000459e-02,1.627831108e-05,2.314664177e-04,1.002975963e+03,2.975962644e+05,36
1.540000002e+00,9.000000459e-02,1.627831107e-05,2.314664177e-04,1.002975963e+03,2.975962644e+05,36
1.550000002e+00,9.000000459e-02,1.627831107e-05,2.314664177e-04,1.002975963e+03,2.975962644e+05,36
1.560000002e+00,9.000000459e-02,1.627831107e-05,2.314664177e-04,1.002975963e+03,2.975962644e+05,36
1.570000002e+00,9.000000459e-02,1.627831105e-05,2.314664177e-04,1.002975963e+03,2.975962644e+05,36
1.580000002e+00,9.000000459e-02,1.627831092e-05,2.314664177e-04,1.002975963e+03,2.975962644e+05,36
1.590000002e+00,9.000000459e-02,1.627831047e-05,2.314664177e-04,1.002975963e+03,2.975962644e+05,36
1.600000002e+00,9.000000459e-02,1.627830963e-05,2.314664177e-04,1.002975963e+03,2.975962644e+05,36
1.610000002e+00,9.000000459e-02,1.627830885e-05,2.314664175e-04,1.002975963e+03,2.975962644e+05,36
1.620000002e+00,9.000000459e-02,1.627830876e-05,2.314664174e-04,1.002975963e+03,2.975962644e+05,36
1.630000002e+00,9.000000459e-02,1.627831031e-05,2.314664175e-04,1.002975963e+03,2.975962644e+05,36
1.640000002e+00,9.000000459e-02,1.627831353e-05,2.314664178e-04,1.002975963e+03,2.975962644e+05,36
1.650000002e+00,9.000000459e-02,1.627831515e-05,2.314664181e-04,1.002975963e+03,2.975962644e+05,36
1.660000002e+00,9.000000459e-02,1.627831282e-05,2.314664181e-04,1.002975963e+03,2.975962644e+05,36
1.670000002e+00,9.000000459e-02,1.627830950e-05,2.314664178e-04,1.002975963e+03,2.975962644e+05,36
1.680000002e+00,9.000000459e-02,1.627830904e-05,2.314664175e-04,1.002975963e+03,2.975962644e+05,36
1.690000002e+00,9.000000459e-02,1.627831104e-05,2.314664175e-04,1.002975963e+03,2.975962644e+05,36
1.700000002e+00,9.000000459e-02,1.627831190e-05,2.314664176e-04,1.002975963e+03,2.975962644e+05,36
1.710000002e+00,9.000000459e-02,1.627830867e-05,2.314664176e-04,1.002975963e+03,2.975962644e+05,36
1.720000002e+00,9.000000459e-02,1.627829113e-05,2.314664170e-04,1.002975963e+03,2.975962644e+05,36
1.730000002e+00,9.000000459e-02,1.627819023e-05,2.314664138e-04,1.002975963e+03,2.975962644e+05,36
1.740000002e+00,9.000000459e-02,1.627759677e-05,2.314663947e-04,1.002975963e+03,2.975962645e+05,36
1.750000002e+00,9.000000459e-02,1.627417460e-05,2.314662797e-04,1.002975963e+03,2.975962653e+05,36
1.760000002e+00,9.000000459e-02,1.625500300e-05,2.314656036e-04,1.002975963e+03,2.975962693e+05,36
1.770000002e+00,9.000000459e-02,1.615055089e-05,2.314617263e-04,1.002975963e+03,2.975962920e+05,36
1.780000002e+00,9.000000459e-02,1.559504027e-05,2.314399702e-04,1.002975964e+03,2.975964138e+05,36
1.790000002e+00,9.000000459e-02,1.272603460e-05,2.313207962e-04,1.002975970e+03,2.975970477e+05,36
1.800000002e+00,9.000000458e-02,-1.537256762e-06,2.306862520e-04,1.002976003e+03,2.976002751e+05,36
1.810000001e+00,9.000000456e-02,-7.023340765e-05,2.273863410e-04,1.002976162e+03,2.976161532e+05,36
1.819999998e+00,9.000000441e-02,-3.926429284e-04,2.106071245e-04,1.002976905e+03,2.976904656e+05,36
1.829999983e+00,9.000000365e-02,-1.840005253e-03,1.281006854e-04,1.002980283e+03,2.980283219e+05,36
1.839999917e+00,8.999999985e-02,-8.018360316e-03,-2.685708897e-04,1.002995276e+03,2.995276153e+05,36
1.849999620e+00,8.999998111e-02,-3.377144095e-02,-2.160883859e-03,1.003057214e+03,3.057214114e+05,36
1.859998344e+00,8.999989211e-02,-1.359686267e-01,-1.080773560e-02,1.003301824e+03,3.301823831e+05,36
1.869993356e+00,8.999950220e-02,-5.016738323e-01,-4.739714369e-02,1.004269411e+03,4.269411056e+05,36
1.879973706e+00,8.999760520e-02,-1.863218075e+00,-2.253871746e-01,1.007654656e+03,7.654656114e+05,36
1.889897045e+00,8.998939999e-02,-6.390560815e+00,-9.888101306e-01,1.017413085e+03,1.741308510e+06,38
1.899657329e+00,8.997855709e-02,-1.827847051e+01,-2.532870446e+00,1.064005421e+03,6.400542146e+06,38
1.909120050e+00,9.006259646e-02,-3.813202525e+01,-2.461802732e+00,1.181666461e+03,1.816664605e+07,36
1.918608811e+00,9.043092468e-02,-4.185427294e+01,3.071710695e+00,1.236279705e+03,2.362797049e+07,35
1.928893114e+00,9.090226027e-02,-1.886273923e+01,1.096415356e+01,1.113252096e+03,1.132520955e+07,36
1.939559980e+00,9.081614713e-02,-7.158931286e+00,8.714473175e+00,1.023229915e+03,2.322991520e+06,37
1.949492709e+00,9.029644605e-02,-2.200151775e+01,8.727386185e-01,1.069009048e+03,6.900904818e+06,34
1.958579956e+00,8.999079280e-02,-4.683073371e+01,-3.116301901e+00,1.195384888e+03,1.953848879e+07,35
1.969675711e+00,8.990354437e-02,-1.808913591e+01,-3.709771309e+00,1.194563078e+03,1.945630778e+07,36
1.989652274e+00,8.986764097e-02,1.359445060e+01,-3.660006091e+00,9.091102509e+02,-9.088974908e+06,34
1.213906564e-02,8.987612215e-02,9.260966063e+01,-3.549031607e+00,9.434735307e+02,-5.652646930e+06,35
1.968880110e+00,8.988397011e-02,-9.162159556e+01,-3.950125995e+00,1.202821159e+03,2.028211594e+07,38
3.112694155e-02,1.000000000e-01,9.125857140e+01,-1.399806498e-13,1.209051049e+03,2.090510492e+07,36
1.987883552e+00,1.000000000e-01,-9.188907188e+01,-3.169213926e-14,9.456422821e+02,-5.435771791e+06,36
1.033406652e-02,1.000000000e-01,-1.422219671e+01,1.098485577e-13,9.117228257e+02,-8.827717430e+06,34
3.033342232e-02,1.000000000e-01,1.775491409e+01,-1.025965221e-13,1.200454183e+03,2.004541832e+07,36
4.143813642e-02,1.000000000e-01,4.640288482e+01,-1.997194489e-13,1.208936080e+03,2.089360803e+07,35
5.041344067e-02,1.000000000e-01,1.990214368e+01,-2.014378624e-13,1.091344461e+03,9.134446113e+06,36
6.009882705e-02,1.000000000e-01,1.259188839e+00,-2.632848447e-13,1.052777354e+03,5.277735360e+06,37
7.064308881e-02,1.000000000e-01,1.074650910e+01,-1.756397846e-13,1.163299325e+03,1.632993252e+07,38
8.117255710e-02,1.000000000e-01,4.113156152e+01,1.808393001e-13,1.324291711e+03,3.242917108e+07,36
9.087227966e-02,1.000000000e-01,4.287860475e+01,2.748446522e-13,1.246832304e+03,2.468323043e+07,38
1.003609580e-01,1.000000000e-01,2.082330861e+01,9.598051548e-14,1.081953680e+03,8.195368038e+06,38
1.101106957e-01,1.000000000e-01,7.156736165e+00,-1.999767540e-14,1.018968415e+03,1.896841530e+06,38
1.200282034e-01,1.000000000e-01,2.052053438e+00,-6.561193039e-14,1.008026700e+03,8.026700003e+05,36
1.300070130e-01,1.000000000e-01,5.370505136e-01,-8.626274254e-14,1.004360378e+03,4.360378251e+05,36
1.400017442e-01,1.000000000e-01,1.442152327e-01,-9.219584683e-14,1.003320862e+03,3.320862220e+05,36
1.500004014e-01,1.000000000e-01,3.563099277e-02,-1.005853185e-13,1.003060855e+03,3.060854992e+05,36
1.600000908e-01,1.000000000e-01,8.434414621e-03,-1.071872971e-13,1.002995769e+03,2.995768570e+05,36
1.700000212e-01,1.000000000e-01,1.952432966e-03,-9.000669162e-14,1.002980076e+03,2.980076413e+05,36
1.800000059e-01,1.000000000e-01,4.416077612e-04,-5.466866867e-14,1.002976552e+03,2.976551756e+05,36
1.900000026e-01,1.000000000e-01,1.060434596e-04,-2.904617963e-14,1.002975779e+03,2.975779339e+05,36
2.000000020e-01,1.000000000e-01,3.472334968e-05,-2.071514446e-14,1.002975615e+03,2.975614724e+05,36
2.100000019e-01,1.000000000e-01,1.994981927e-05,-2.601500451e-14,1.002975581e+03,2.975581325e+05,36
2.200000018e-01,1.000000000e-01,1.698352700e-05,-3.864375105e-14,1.002975575e+03,2.975574775e+05,36
2.300000018e-01,1.000000000e-01,1.641000719e-05,-5.298500038e-14,1.002975574e+03,2.975573519e+05,36
2.400000018e-01,1.000000000e-01,1.630231002e-05,-7.217652759e-14,1.002975573e+03,2.975573285e+05,36
2.500000018e-01,1.000000000e-01,1.628256655e-05,-9.521527234e-14,1.002975573e+03,2.975573243e+05,36
2.600000018e-01,1.000000000e-01,1.627904608e-05,-1.134345932e-13,1.002975573e+03,2.975573236e+05,36
2.700000018e-01,1.000000000e-01,1.627843595e-05,-1.211834061e-13,1.002975573e+03,2.975573235e+05,36
2.800000018e-01,1.000000000e-01,1.627833191e-05,-1.187180079e-13,1.002975573e+03,2.975573234e+05,36
2.900000018e-01,1.000000000e-01,1.627831386e-05,-1.185032475e-13,1.002975573e+03,2.975573234e+05,36
3.000000018e-01,1.000000000e-01,1.627831079e-05,-1.256202103e-13,1.002975573e+03,2.975573234e+05,36
3.100000018e-01,1.000000000e-01,1.627831072e-05,-1.263563835e-13,1.002975573e+03,2.975573234e+05,36
3.200000018e-01,1.000000000e-01,1.627831116e-05,-1.186735621e-13,1.002975573e+03,2.975573234e+05,36
3.300000018e-01,1.000000000e-01,1.627831165e-05,-1.090708404e-13,1.002975573e+03,2.975573234e+05,36
3.400000018e-01,1.000000000e-01,1.627831188e-05,-9.801291205e-14,1.002975573e+03,2.975573234e+05,36
3.500000018e-01,1.000000000e-01,1.627831153e-05,-9.328034452e-14,1.002975573e+03,2.975573234e+05,36
3.600000018e-01,1.000000000e-01,1.627831072e-05,-1.090381594e-13,1.002975573e+03,2.975573234e+05,36
3.700000018e-01,1.000000000e-01,1.627831009e-05,-1.388006740e-13,1.002975573e+03,2.975573234e+05,36
3.800000018e-01,1.000000000e-01,1.627831060e-05,-1.530088033e-13,1.002975573e+03,2.975573234e+05,36
3.900000018e-01,1.000000000e-01,1.627831174e-05,-1.463544816e-13,1.002975573e+03,2.975573234e+05,36
4.000000018e-01,1.000000000e-01,1.627831210e-05,-1.420110434e-13,1.002975573e+03,2.975573234e+05,36
4.100000018e-01,1.000000000e-01,1.627831159e-05,-1.513588701e-13,1.002975573e+03,2.975573234e+05,36
4.200000018e-01,1.000000000e-01,1.627831071e-05,-1.611613720e-13,1.002975573e+03,2.975573234e+05,36
4.300000018e-01,1.000000000e-01,1.627831007e-05,-1.576535700e-13,1.002975573e+03,2.975573234e+05,36
4.400000018e-01,1.000000000e-01,1.627831059e-05,-1.427747748e-13,1.002975573e+03,2.975573234e+05,36
4.500000018e-01,1.000000000e-01,1.627831170e-05,-1.341134439e-13,1.002975573e+03,2.975573234e+05,36
4.600000018e-01,1.000000000e-01,1.627831193e-05,-1.451158259e-13,1.002975573e+03,2.975573234e+05,36
4.700000018e-01,1.000000000e-01,1.627831124e-05,-1.688426331e-13,1.002975573e+03,2.975573234e+05,36
4.800000018e-01,1.000000000e-01,1.627831042e-05,-1.805776134e-13,1.002975573e+03,2.975573234e+05,36
4.900000018e-01,1.000000000e-01,1.627831017e-05,-1.690845067e-13,1.002975573e+03,2.975573234e+05,36
5.000000018e-01,1.000000000e-01,1.627831097e-05,-1.530286293e-13,1.002975573e+03,2.975573234e+05,36
5.100000018e-01,1.000000000e-01,1.627831190e-05,-1.445884323e-13,1.002975573e+03,2.975573234e+05,36
5.200000018e-01,1.000000000e-01,1.627831182e-05,-1.099621778e-13,1.002975573e+03,2.975573234e+05,36
5.300000018e-01,1.000000000e-01,1.627831112e-05,-3.015871087e-14,1.002975573e+03,2.975573234e+05,36
5.400000018e-01,1.000000000e-01,1.627831068e-05,-3.732604684e-14,1.002975573e+03,2.975573234e+05,36
5.500000018e-01,1.000000000e-01,1.627831092e-05,-2.268312759e-13,1.002975573e+03,2.975573234e+05,36
5.600000018e-01,1.000000000e-01,1.627831156e-05,-3.902498536e-13,1.002975573e+03,2.975573234e+05,36
5.700000018e-01,1.000000000e-01,1.627831173e-05,-3.637057308e-13,1.002975573e+03,2.975573234e+05,36
5.800000018e-01,1.000000000e-01,1.627831086e-05,-2.818814759e-13,1.002975573e+03,2.975573234e+05,36
5.900000018e-01,1.000000000e-01,1.627831001e-05,-2.495209587e-13,1.002975573e+03,2.975573234e+05,36
6.000000018e-01,1.000000000e-01,1.627831076e-05,-2.427934803e-13,1.002975573e+03,2.975573234e+05,36
6.100000018e-01,1.000000000e-01,1.627831200e-05,-2.398431737e-13,1.002975573e+03,2.975573234e+05,36
6.200000018e-01,1.000000000e-01,1.627831205e-05,-2.379595610e-13,1.002975573e+03,2.975573234e+05,36
6.300000018e-01,1.000000000e-01,1.627831153e-05,-2.348515752e-13,1.002975573e+03,2.975573234e+05,36
6.400000018e-01,1.000000000e-01,1.627831134e-05,-2.250677297e-13,1.002975573e+03,2.975573234e+05,36
6.500000018e-01,1.000000000e-01,1.627831117e-05,-2.021261141e-13,1.002975573e+03,2.975573234e+05,36
6.600000018e-01,1.000000000e-01,1.627831069e-05,-1.705936396e-13,1.002975573e+03,2.975573234e+05,36
6.700000018e-01,1.000000000e-01,1.627831023e-05,-1.687050192e-13,1.002975573e+03,2.975573234e+05,36
6.800000018e-01,1.000000000e-01,1.627831060e-05,-2.239717418e-13,1.002975573e+03,2.975573234e+05,36
6.900000018e-01,1.000000000e-01,1.627831160e-05,-2.833088296e-13,1.002975573e+03,2.975573234e+05,36
7.000000018e-01,1.000000000e-01,1.627831191e-05,-2.915303231e-13,1.002975573e+03,2.975573234e+05,36
7.100000018e-01,1.000000000e-01,1.627831091e-05,-2.750691420e-13,1.002975573e+03,2.975573234e+05,36
7.200000018e-01,1.000000000e-01,1.627830998e-05,-2.692128560e-13,1.002975573e+03,2.975573234e+05,36
7.300000018e-01,1.000000000e-01,1.627831073e-05,-2.676726730e-13,1.002975573e+03,2.975573234e+05,36
7.400000018e-01,1.000000000e-01,1.627831199e-05,-2.567327227e-13,1.002975573e+03,2.975573234e+05,36
7.500000018e-01,1.000000000e-01,1.627831205e-05,-2.443896262e-13,1.002975573e+03,2.975573234e+05,36
7.600000018e-01,1.000000000e-01,1.627831154e-05,-2.445458965e-13,1.002975573e+03,2.975573234e+05,36
7.700000018e-01,1.000000000e-01,1.627831136e-05,-2.596452393e-13,1.002975573e+03,2.975573234e+05,36
7.800000018e-01,1.000000000e-01,1.627831121e-05,-2.790427407e-13,1.002975573e+03,2.975573234e+05,36
7.900000018e-01,1.000000000e-01,1.627831071e-05,-2.908892741e-13,1.002975573e+03,2.975573234e+05,36
8.000000018e-01,1.000000000e-01,1.627831021e-05,-2.905503214e-13,1.002975573e+03,2.975573234e+05,36
8.100000018e-01,1.000000000e-01,1.627831052e-05,-2.737445460e-13,1.002975573e+03,2.975573234e+05,36
8.200000018e-01,1.000000000e-01,1.627831155e-05,-2.385522652e-13,1.002975573e+03,2.975573234e+05,36
8.300000018e-01,1.000000000e-01,1.627831192e-05,-2.066144570e-13,1.002975573e+03,2.975573234e+05,36
8.400000018e-01,1.000000000e-01,1.627831093e-05,-2.060953331e-13,1.002975573e+03,2.975573234e+05,36
8.500000018e-01,1.000000000e-01,1.627831000e-05,-2.350893079e-13,1.002975573e+03,2.975573234e+05,36
8.600000018e-01,1.000000000e-01,1.627831073e-05,-2.636331989e-13,1.002975573e+03,2.975573234e+05,36
8.700000018e-01,1.000000000e-01,1.627831199e-05,-2.710155485e-13,1.002975573e+03,2.975573234e+05,36
8.800000018e-01,1.000000000e-01,1.627831205e-05,-2.737053010e-13,1.002975573e+03,2.975573234e+05,36
8.900000018e-01,1.000000000e-01,1.627831154e-05,-2.913755363e-13,1.002975573e+03,2.975573234e+05,36
9.000000018e-01,1.000000000e-01,1.627831125e-05,-3.049443555e-13,1.002975573e+03,2.975573234e+05,36
9.100000018e-01,1.000000000e-01,1.627831083e-05,-2.976645874e-13,1.002975573e+03,2.975573234e+05,36
9.200000018e-01,1.000000000e-01,1.627831031e-05,-2.871153754e-13,1.002975573e+03,2.975573234e+05,36
9.300000018e-01,1.000000000e-01,1.627831061e-05,-2.783521542e-13,1.002975573e+03,2.975573234e+05,36
9.400000018e-01,1.000000000e-01,1.627831165e-05,-2.583182693e-13,1.002975573e+03,2.975573234e+05,36
9.500000018e-01,1.000000000e-01,1.627831196e-05,-2.328036087e-13,1.002975573e+03,2.975573234e+05,36
9.600000018e-01,1.000000000e-01,1.627831117e-05,-2.217278255e-13,1.002975573e+03,2.975573234e+05,36
9.700000018e-01,1.000000000e-01,1.627831113e-05,-2.250124747e-13,1.002975573e+03,2.975573234e+05,36
9.800000018e-01,1.000000000e-01,1.627831292e-05,-2.255054610e-13,1.002975573e+03,2.975573234e+05,36
9.900000018e-01,1.000000000e-01,1.627831340e-05,-2.190146603e-13,1.002975573e+03,2.975573234e+05,36
1.000000002e+00,1.000000000e-01,1.627831104e-05,-2.182273873e-13,1.002975573e+03,2.975573234e+05,36
1.010000002e+00,1.000000000e-01,1.627830945e-05,-2.306002549e-13,1.002975573e+03,2.975573234e+05,36
1.020000002e+00,1.000000000e-01,1.627831002e-05,-2.499157138e-13,1.002975573e+03,2.975573234e+05,36
1.030000002e+00,1.000000000e-01,1.627831081e-05,-2.676390053e-13,1.002975573e+03,2.975573234e+05,36
1.040000002e+00,1.000000000e-01,1.627831109e-05,-2.811472046e-13,1.002975573e+03,2.975573234e+05,36
1.050000002e+00,1.000000000e-01,1.627831114e-05,-2.926920964e-13,1.002975573e+03,2.975573234e+05,36
1.060000002e+00,1.000000000e-01,1.627831112e-05,-2.980528204e-13,1.002975573e+03,2.975573234e+05,36
1.070000002e+00,1.000000000e-01,1.627831099e-05,-2.868174730e-13,1.002975573e+03,2.975573234e+05,36
1.080000002e+00,1.000000000e-01,1.627831051e-05,-2.703261125e-13,1.002975573e+03,2.975573234e+05,36
1.090000002e+00,1.000000000e-01,1.627830958e-05,-2.629890384e-13,1.002975573e+03,2.975573234e+05,36
1.100000002e+00,1.000000000e-01,1.627830875e-05,-2.433471111e-13,1.002975573e+03,2.975573234e+05,36
1.110000002e+00,1.000000000e-01,1.627830882e-05,-2.249900138e-13,1.002975573e+03,2.975573234e+05,36
1.120000002e+00,1.000000000e-01,1.627831052e-05,-2.460511987e-13,1.002975573e+03,2.975573234e+05,36
1.130000002e+00,1.000000000e-01,1.627831362e-05,-2.341915397e-13,1.002975573e+03,2.975573234e+05,36
1.140000002e+00,1.000000000e-01,1.627831510e-05,-1.274877499e-13,1.002975573e+03,2.975573234e+05,36
1.150000002e+00,1.000000000e-01,1.627831296e-05,-8.217533861e-14,1.002975573e+03,2.975573234e+05,36
1.160000002e+00,1.000000000e-01,1.627830983e-05,-2.292427169e-13,1.002975573e+03,2.975573234e+05,36
1.170000002e+00,1.000000000e-01,1.627830922e-05,-3.861273053e-13,1.002975573e+03,2.975573234e+05,36
1.180000002e+00,1.000000000e-01,1.627831112e-05,-3.660138826e-13,1.002975573e+03,2.975573234e+05,36
1.190000002e+00,1.000000000e-01,1.627831244e-05,-2.545008309e-13,1.002975573e+03,2.975573234e+05,36
1.200000002e+00,1.000000000e-01,1.627831207e-05,-1.764355799e-13,1.002975573e+03,2.975573234e+05,36
1.210000002e+00,1.000000000e-01,1.627831144e-05,-1.450483794e-13,1.002975573e+03,2.975573234e+05,36
1.220000002e+00,1.000000000e-01,1.627831120e-05,-1.398378946e-13,1.002975573e+03,2.975573234e+05,36
1.230000002e+00,1.000000000e-01,1.627831115e-05,-1.425848942e-13,1.002975573e+03,2.975573234e+05,36
1.240000002e+00,1.000000000e-01,1.627831113e-05,-1.438572173e-13,1.002975573e+03,2.975573234e+05,36
1.250000002e+00,1.000000000e-01,1.627831111e-05,-1.409004761e-13,1.002975573e+03,2.975573234e+05,36
1.260000002e+00,1.000000000e-01,1.627831110e-05,-1.372121659e-13,1.002975573e+03,2.975573234e+05,36
1.270000002e+00,1.000000000e-01,1.627831110e-05,-1.402953470e-13,1.002975573e+03,2.975573234e+05,36
1.280000002e+00,1.000000000e-01,1.627831112e-05,-1.490127377e-13,1.002975573e+03,2.975573234e+05,36
1.290000002e+00,1.000000000e-01,1.627831115e-05,-1.570799713e-13,1.002975573e+03,2.975573234e+05,36
1.300000002e+00,1.000000000e-01,1.627831115e-05,-1.624617189e-13,1.002975573e+03,2.975573234e+05,36
1.310000002e+00,1.000000000e-01,1.627831111e-05,-1.612051887e-13,1.002975573e+03,2.975573234e+05,36
1.320000002e+00,1.000000000e-01,1.627831096e-05,-1.521947076e-13,1.002975573e+03,2.975573234e+05,36
1.330000002e+00,1.000000000e-01,1.627831050e-05,-1.476958586e-13,1.002975573e+03,2.975573234e+05,36
1.340000002e+00,1.000000000e-01,1.627830959e-05,-1.582536812e-13,1.002975573e+03,2.975573234e+05,36
1.350000002e+00,1.000000000e-01,1.627830877e-05,-1.822942185e-13,1.002975573e+03,2.975573234e+05,36
1.360000002e+00,1.000000000e-01,1.627830885e-05,-2.089174220e-13,1.002975573e+03,2.975573234e+05,36
1.370000002e+00,1.000000000e-01,1.627831052e-05,-2.299386056e-13,1.002975573e+03,2.975573234e+05,36
1.380000002e+00,1.000000000e-01,1.627831351e-05,-2.401440909e-13,1.002975573e+03,2.975573234e+05,36
1.390000002e+00,1.000000000e-01,1.627831496e-05,-2.256260076e-13,1.002975573e+03,2.975573234e+05,36
1.400000002e+00,1.000000000e-01,1.627831311e-05,-1.758098465e-13,1.002975573e+03,2.975573234e+05,36
1.410000002e+00,1.000000000e-01,1.627831021e-05,-1.104472117e-13,1.002975573e+03,2.975573234e+05,36
1.420000002e+00,1.000000000e-01,1.627830932e-05,-6.361484226e-14,1.002975573e+03,2.975573234e+05,36
1.430000002e+00,1.000000000e-01,1.627831091e-05,-4.712882055e-14,1.002975573e+03,2.975573234e+05,36
1.440000002e+00,1.000000000e-01,1.627831228e-05,-5.844649554e-14,1.002975573e+03,2.975573234e+05,36
1.450000002e+00,1.000000000e-01,1.627831203e-05,-9.042136004e-14,1.002975573e+03,2.975573234e+05,36
1.460000002e+00,1.000000000e-01,1.627831142e-05,-1.193775925e-13,1.002975573e+03,2.975573234e+05,36
1.470000002e+00,1.000000000e-01,1.627831118e-05,-1.212752772e-13,1.002975573e+03,2.975573234e+05,36
1.480000002e+00,1.000000000e-01,1.627831113e-05,-1.011692218e-13,1.002975573e+03,2.975573234e+05,36
1.490000002e+00,1.000000000e-01,1.627831114e-05,-8.336667418e-14,1.002975573e+03,2.975573234e+05,36
1.500000002e+00,1.000000000e-01,1.627831114e-05,-8.056122474e-14,1.002975573e+03,2.975573234e+05,36
1.510000002e+00,1.000000000e-01,1.627831114e-05,-8.846500451e-14,1.002975573e+03,2.975573234e+05,36
1.520000002e+00,1.000000000e-01,1.627831114e-05,-9.740062722e-14,1.002975573e+03,2.975573234e+05,36
1.530000002e+00,1.000000000e-01,1.627831114e-05,-1.017260890e-13,1.002975573e+03,2.975573234e+05,36
1.540000002e+00,1.000000000e-01,1.627831113e-05,-1.029709244e-13,1.002975573e+03,2.975573234e+05,36
1.550000002e+00,1.000000000e-01,1.627831113e-05,-1.039826998e-13,1.002975573e+03,2.975573234e+05,36
1.560000002e+00,1.000000000e-01,1.627831113e-05,-1.078333721e-13,1.002975573e+03,2.975573234e+05,36
1.570000002e+00,1.000000000e-01,1.627831110e-05,-1.219447344e-13,1.002975573e+03,2.975573234e+05,36
1.580000002e+00,1.000000000e-01,1.627831098e-05,-1.517483460e-13,1.002975573e+03,2.975573234e+05,36
1.590000002e+00,1.000000000e-01,1.627831053e-05,-1.819696755e-13,1.002975573e+03,2.975573234e+05,36
1.600000002e+00,1.000000000e-01,1.627830961e-05,-2.030526128e-13,1.002975573e+03,2.975573234e+05,36
1.610000002e+00,1.000000000e-01,1.627830879e-05,-2.367790308e-13,1.002975573e+03,2.975573234e+05,36
1.620000002e+00,1.000000000e-01,1.627830882e-05,-2.553871598e-13,1.002975573e+03,2.975573234e+05,36
1.630000002e+00,1.000000000e-01,1.627831055e-05,-1.879709666e-13,1.002975573e+03,2.975573234e+05,36
1.640000002e+00,1.000000000e-01,1.627831387e-05,-2.502428444e-14,1.002975573e+03,2.975573234e+05,36
1.650000002e+00,1.000000000e-01,1.627831542e-05,1.736464393e-13,1.002975573e+03,2.975573234e+05,36
1.660000002e+00,1.000000000e-01,1.627831271e-05,1.953612936e-13,1.002975573e+03,2.975573234e+05,36
1.670000002e+00,1.000000000e-01,1.627830910e-05,-1.162015047e-13,1.002975573e+03,2.975573234e+05,36
1.680000002e+00,1.000000000e-01,1.627830893e-05,-4.279179047e-13,1.002975573e+03,2.975573234e+05,36
1.690000002e+00,1.000000000e-01,1.627831129e-05,-3.996734887e-13,1.002975573e+03,2.975573234e+05,36
1.700000002e+00,1.000000000e-01,1.627831210e-05,-2.137098865e-13,1.002975573e+03,2.975573234e+05,36
1.710000002e+00,1.000000000e-01,1.627830866e-05,-1.193511606e-13,1.002975573e+03,2.975573234e+05,36
1.720000002e+00,1.000000000e-01,1.627829061e-05,-1.129240396e-13,1.002975573e+03,2.975573234e+05,36
1.730000002e+00,1.000000000e-01,1.627818698e-05,-1.308841681e-13,1.002975573e+03,2.975573235e+05,36
1.740000002e+00,1.000000000e-01,1.627757704e-05,-1.494612837e-13,1.002975573e+03,2.975573236e+05,36
1.750000002e+00,1.000000000e-01,1.627405614e-05,-1.525790805e-13,1.002975573e+03,2.975573243e+05,36
1.760000002e+00,1.000000000e-01,1.625431162e-05,-1.297189279e-13,1.002975573e+03,2.975573285e+05,36
1.770000002e+00,1.000000000e-01,1.614661383e-05,-9.423640913e-14,1.002975574e+03,2.975573519e+05,36
1.780000002e+00,1.000000000e-01,1.557309498e-05,-7.297299204e-14,1.002975575e+03,2.975574775e+05,36
1.790000002e+00,1.000000000e-01,1.260680380e-05,-7.631857550e-14,1.002975581e+03,2.975581325e+05,36
1.800000002e+00,1.000000000e-01,-2.166726758e-06,-8.413417738e-14,1.002975615e+03,2.975614724e+05,36
1.810000001e+00,1.000000000e-01,-7.348683666e-05,-7.130492864e-14,1.002975779e+03,2.975779339e+05,36
1.819999998e+00,1.000000000e-01,-4.090511384e-04,-4.968457597e-14,1.002976552e+03,2.976551756e+05,36
1.829999982e+00,1.000000000e-01,-1.919876345e-03,-5.304518452e-14,1.002980076e+03,2.980076413e+05,36
1.839999913e+00,1.000000000e-01,-8.401858000e-03,-8.212055534e-14,1.002995769e+03,2.995768570e+05,36
1.849999602e+00,1.000000000e-01,-3.559843615e-02,-1.079498717e-13,1.003060855e+03,3.060854992e+05,36
1.859998259e+00,1.000000000e-01,-1.441826760e-01,-1.111476036e-13,1.003320862e+03,3.320862220e+05,36
1.869992991e+00,1.000000000e-01,-5.370179570e-01,-9.913737658e-14,1.004360378e+03,4.360378251e+05,36
1.879971800e+00,1.000000000e-01,-2.052020881e+00,-9.485597293e-14,1.008026700e+03,8.026700003e+05,36
1.889889308e+00,1.000000000e-01,-7.156703608e+00,-1.129451910e-13,1.018968415e+03,1.896841530e+06,38
1.899639046e+00,1.000000000e-01,-2.082327605e+01,-1.403483494e-13,1.081953680e+03,8.195368038e+06,38
1.909127724e+00,1.000000000e-01,-4.287857220e+01,-1.348295116e-13,1.246832304e+03,2.468323043e+07,38
1.918827447e+00,1.000000000e-01,-4.113152896e+01,-6.453991512e-14,1.324291711e+03,3.242917108e+07,36
1.929356915e+00,1.000000000e-01,-1.074647654e+01,-2.039089028e-15,1.163299325e+03,1.632993252e+07,38
1.939901177e+00,1.000000000e-01,-1.259156282e+00,-5.813939629e-15,1.052777354e+03,5.277735360e+06,37
1.949586563e+00,1.000000000e-01,-1.990211112e+01,-3.888979337e-14,1.091344461e+03,9.134446112e+06,36
1.958561867e+00,1.000000000e-01,-4.640285226e+01,-6.151143637e-14,1.208936080e+03,2.089360803e+07,35
1.969666581e+00,1.000000000e-01,-1.775488153e+01,-6.317403565e-14,1.200454183e+03,2.004541832e+07,36
1.989665937e+00,1.000000000e-01,1.422222926e+01,-8.803162247e-14,9.117228256e+02,-8.827717436e+06,34
1.211645150e-02,1.000000000e-01,9.188910443e+01,6.363254350e-14,9.456422821e+02,-5.435771785e+06,36
1.968873062e+00,1.000000000e-01,-9.125853884e+01,-1.844933987e-13,1.209051049e+03,2.090510492e+07,36
3.111989382e-02,1.101160299e-01,9.162162812e+01,3.950125982e+00,1.202821159e+03,2.028211595e+07,38
1.987860938e+00,1.101238778e-01,-9.260962808e+01,3.549031636e+00,9.434735306e+02,-5.652646937e+06,35
1.034772932e-02,1.101323590e-01,-1.359441805e+01,3.660006061e+00,9.091102510e+02,-9.088974900e+06,34
3.032429249e-02,1.100964556e-01,1.808916848e+01,3.709771296e+00,1.194563078e+03,1.945630778e+07,36
4.142004803e-02,1.100092072e-01,4.683076627e+01,3.116301892e+00,1.195384888e+03,1.953848880e+07,35
5.050729485e-02,1.097035540e-01,2.200155031e+01,-8.727386236e-01,1.069009048e+03,6.900904820e+06,34
6.044002370e-02,1.091838529e-01,7.158963845e+00,-8.714473178e+00,1.023229915e+03,2.322991521e+06,37
7.110688998e-02,1.090977397e-01,1.886277178e+01,-1.096415356e+01,1.113252096e+03,1.132520955e+07,36
8.139119224e-02,1.095690753e-01,4.185430550e+01,-3.071710695e+00,1.236279705e+03,2.362797049e+07,35
9.087995323e-02,1.099374035e-01,3.813205781e+01,2.461802732e+00,1.181666461e+03,1.816664605e+07,36
1.003426752e-01,1.100214429e-01,1.827850307e+01,2.532870446e+00,1.064005421e+03,6.400542146e+06,38
1.101029587e-01,1.100106000e-01,6.390593372e+00,9.888101306e-01,1.017413085e+03,1.741308510e+06,38
1.200262975e-01,1.100023948e-01,1.863250632e+00,2.253871746e-01,1.007654656e+03,7.654656114e+05,36
1.300066478e-01,1.100004978e-01,5.017063889e-01,4.739714369e-02,1.004269411e+03,4.269411056e+05,36
1.400016599e-01,1.100001079e-01,1.360011834e-01,1.080773560e-02,1.003301824e+03,3.301823831e+05,36
1.500003832e-01,1.100000189e-01,3.380399757e-02,2.160883859e-03,1.003057214e+03,3.057214114e+05,36
1.600000871e-01,1.100000001e-01,8.050916937e-03,2.685708895e-04,1.002995276e+03,2.995276153e+05,36
1.700000205e-01,1.099999964e-01,1.872561875e-03,-1.281006852e-04,1.002980283e+03,2.980283219e+05,36
1.800000057e-01,1.099999956e-01,4.251995510e-04,-2.106071240e-04,1.002976905e+03,2.976904656e+05,36
1.900000026e-01,1.099999954e-01,1.027900303e-04,-2.273863407e-04,1.002976162e+03,2.976161532e+05,36
2.000000020e-01,1.099999954e-01,3.409387940e-05,-2.306862521e-04,1.002976003e+03,2.976002751e+05,36
2.100000019e-01,1.099999954e-01,1.983058830e-05,-2.313207965e-04,1.002975970e+03,2.975970477e+05,36
2.200000018e-01,1.099999954e-01,1.696158159e-05,-2.314399706e-04,1.002975964e+03,2.975964138e+05,36
2.300000018e-01,1.099999954e-01,1.640607010e-05,-2.314617265e-04,1.002975963e+03,2.975962920e+05,36
2.400000018e-01,1.099999954e-01,1.630161856e-05,-2.314656036e-04,1.002975963e+03,2.975962693e+05,36
2.500000018e-01,1.099999954e-01,1.628244784e-05,-2.314662798e-04,1.002975963e+03,2.975962653e+05,36
2.600000018e-01,1.099999954e-01,1.627902613e-05,-2.314663950e-04,1.002975963e+03,2.975962645e+05,36
2.700000018e-01,1.099999954e-01,1.627843261e-05,-2.314664142e-04,1.002975963e+03,2.975962644e+05,36
2.800000018e-01,1.099999954e-01,1.627833133e-05,-2.314664174e-04,1.002975963e+03,2.975962644e+05,36
2.900000018e-01,1.099999954e-01,1.627831375e-05,-2.314664178e-04,1.002975963e+03,2.975962644e+05,36
3.000000018e-01,1.099999954e-01,1.627831075e-05,-2.314664178e-04,1.002975963e+03,2.975962644e+05,36
3.100000018e-01,1.099999954e-01,1.627831067e-05,-2.314664178e-04,1.002975963e+03,2.975962644e+05,36
3.200000018e-01,1.099999954e-01,1.627831109e-05,-2.314664178e-04,1.002975963e+03,2.975962644e+05,36
3.300000018e-01,1.099999954e-01,1.627831158e-05,-2.314664179e-04,1.002975963e+03,2.975962644e+05,36
3.400000018e-01,1.099999954e-01,1.627831182e-05,-2.314664179e-04,1.002975963e+03,2.975962644e+05,36
3.500000018e-01,1.099999954e-01,1.627831146e-05,-2.314664179e-04,1.002975963e+03,2.975962644e+05,36
3.600000018e-01,1.099999954e-01,1.627831065e-05,-2.314664179e-04,1.002975963e+03,2.975962644e+05,36
3.700000018e-01,1.099999954e-01,1.627831005e-05,-2.314664179e-04,1.002975963e+03,2.975962644e+05,36
3.800000018e-01,1.099999954e-01,1.627831056e-05,-2.314664178e-04,1.002975963e+03,2.975962644e+05,36
3.900000018e-01,1.099999954e-01,1.627831168e-05,-2.314664178e-04,1.002975963e+03,2.975962644e+05,36
4.000000018e-01,1.099999954e-01,1.627831202e-05,-2.314664178e-04,1.002975963e+03,2.975962644e+05,36
4.100000018e-01,1.099999954e-01,1.627831151e-05,-2.314664179e-04,1.002975963e+03,2.975962644e+05,36
4.200000018e-01,1.099999954e-01,1.627831066e-05,-2.314664179e-04,1.002975963e+03,2.975962644e+05,36
4.300000018e-01,1.099999954e-01,1.627831006e-05,-2.314664178e-04,1.002975963e+03,2.975962644e+05,36
4.400000018e-01,1.099999954e-01,1.627831055e-05,-2.314664178e-04,1.002975963e+03,2.975962644e+05,36
4.500000018e-01,1.099999954e-01,1.627831162e-05,-2.314664178e-04,1.002975963e+03,2.975962644e+05,36
4.600000018e-01,1.099999954e-01,1.627831184e-05,-2.314664178e-04,1.002975963e+03,2.975962644e+05,36
4.700000018e-01,1.099999954e-01,1.627831116e-05,-2.314664178e-04,1.002975963e+03,2.975962644e+05,36
4.800000018e-01,1.099999954e-01,1.627831037e-05,-2.314664178e-04,1.002975963e+03,2.975962644e+05,36
4.900000018e-01,1.099999954e-01,1.627831013e-05,-2.314664178e-04,1.002975963e+03,2.975962644e+05,36
5.000000018e-01,1.099999954e-01,1.627831091e-05,-2.314664178e-04,1.002975963e+03,2.975962644e+05,36
5.100000018e-01,1.099999954e-01,1.627831185e-05,-2.314664178e-04,1.002975963e+03,2.975962644e+05,36
5.200000018e-01,1.099999954e-01,1.627831182e-05,-2.314664178e-04,1.002975963e+03,2.975962644e+05,36
5.300000018e-01,1.099999954e-01,1.627831110e-05,-2.314664177e-04,1.002975963e+03,2.975962644e+05,36
5.400000018e-01,1.099999954e-01,1.627831049e-05,-2.314664178e-04,1.002975963e+03,2.975962644e+05,36
5.500000018e-01,1.099999954e-01,1.627831066e-05,-2.314664180e-04,1.002975963e+03,2.975962644e+05,36
5.600000018e-01,1.099999954e-01,1.627831148e-05,-2.314664181e-04,1.002975963e+03,2.975962644e+05,36
5.700000018e-01,1.099999954e-01,1.627831178e-05,-2.314664180e-04,1.002975963e+03,2.975962644e+05,36
5.800000018e-01,1.099999954e-01,1.627831084e-05,-2.314664179e-04,1.002975963e+03,2.975962644e+05,36
5.900000018e-01,1.099999954e-01,1.627830992e-05,-2.314664179e-04,1.002975963e+03,2.975962644e+05,36
6.000000018e-01,1.099999954e-01,1.627831068e-05,-2.314664180e-04,1.002975963e+03,2.975962644e+05,36
6.100000018e-01,1.099999954e-01,1.627831196e-05,-2.314664180e-04,1.002975963e+03,2.975962644e+05,36
6.200000018e-01,1.099999954e-01,1.627831202e-05,-2.314664179e-04,1.002975963e+03,2.975962644e+05,36
6.300000018e-01,1.099999954e-01,1.627831150e-05,-2.314664179e-04,1.002975963e+03,2.975962644e+05,36
6.400000018e-01,1.099999954e-01,1.627831129e-05,-2.314664178e-04,1.002975963e+03,2.975962644e+05,36
6.500000018e-01,1.099999954e-01,1.627831112e-05,-2.314664179e-04,1.002975963e+03,2.975962644e+05,36
6.600000018e-01,1.099999954e-01,1.627831063e-05,-2.314664179e-04,1.002975963e+03,2.975962644e+05,36
6.700000018e-01,1.099999954e-01,1.627831015e-05,-2.314664179e-04,1.002975963e+03,2.975962644e+05,36
6.800000018e-01,1.099999954e-01,1.627831048e-05,-2.314664179e-04,1.002975963e+03,2.975962644e+05,36
6.900000018e-01,1.099999954e-01,1.627831152e-05,-2.314664179e-04,1.002975963e+03,2.975962644e+05,36
7.000000018e-01,1.099999954e-01,1.627831187e-05,-2.314664179e-04,1.002975963e+03,2.975962644e+05,36
7.100000018e-01,1.099999954e-01,1.627831085e-05,-2.314664179e-04,1.002975963e+03,2.975962644e+05,36
7.200000018e-01,1.099999954e-01,1.627830989e-05,-2.314664179e-04,1.002975963e+03,2.975962644e+05,36
7.300000018e-01,1.099999954e-01,1.627831066e-05,-2.314664180e-04,1.002975963e+03,2.975962644e+05,36
7.400000018e-01,1.099999954e-01,1.627831195e-05,-2.314664180e-04,1.002975963e+03,2.975962644e+05,36
7.500000018e-01,1.099999954e-01,1.627831202e-05,-2.314664179e-04,1.002975963e+03,2.975962644e+05,36
7.600000018e-01,1.099999954e-01,1.627831149e-05,-2.314664179e-04,1.002975963e+03,2.975962644e+05,36
7.700000018e-01,1.099999954e-01,1.627831128e-05,-2.314664179e-04,1.002975963e+03,2.975962644e+05,36
7.800000018e-01,1.099999954e-01,1.627831112e-05,-2.314664179e-04,1.002975963e+03,2.975962644e+05,36
7.900000018e-01,1.099999954e-01,1.627831064e-05,-2.314664180e-04,1.002975963e+03,2.975962644e+05,36
8.000000018e-01,1.099999954e-01,1.627831015e-05,-2.314664180e-04,1.002975963e+03,2.975962644e+05,36
8.100000018e-01,1.099999954e-01,1.627831048e-05,-2.314664180e-04,1.002975963e+03,2.975962644e+05,36
8.200000018e-01,1.099999954e-01,1.627831153e-05,-2.314664179e-04,1.002975963e+03,2.975962644e+05,36
8.300000018e-01,1.099999954e-01,1.627831189e-05,-2.314664179e-04,1.002975963e+03,2.975962644e+05,36
8.400000018e-01,1.099999954e-01,1.627831085e-05,-2.314664179e-04,1.002975963e+03,2.975962644e+05,36
8.500000018e-01,1.099999954e-01,1.627830988e-05,-2.314664179e-04,1.002975963e+03,2.975962644e+05,36
8.600000018e-01,1.099999954e-01,1.627831065e-05,-2.314664180e-04,1.002975963e+03,2.975962644e+05,36
8.700000018e-01,1.099999954e-01,1.627831194e-05,-2.314664180e-04,1.002975963e+03,2.975962644e+05,36
8.800000018e-01,1.099999954e-01,1.627831202e-05,-2.314664179e-04,1.002975963e+03,2.975962644e+05,36
8.900000018e-01,1.099999954e-01,1.627831148e-05,-2.314664179e-04,1.002975963e+03,2.975962644e+05,36
9.000000018e-01,1.099999954e-01,1.627831118e-05,-2.314664179e-04,1.002975963e+03,2.975962644e+05,36
9.100000018e-01,1.099999954e-01,1.627831076e-05,-2.314664179e-04,1.002975963e+03,2.975962644e+05,36
9.200000018e-01,1.099999954e-01,1.627831023e-05,-2.314664179e-04,1.002975963e+03,2.975962644e+05,36
9.300000018e-01,1.099999954e-01,1.627831054e-05,-2.314664180e-04,1.002975963e+03,2.975962644e+05,36
9.400000018e-01,1.099999954e-01,1.627831160e-05,-2.314664180e-04,1.002975963e+03,2.975962644e+05,36
9.500000018e-01,1.099999954e-01,1.627831194e-05,-2.314664180e-04,1.002975963e+03,2.975962644e+05,36
9.600000018e-01,1.099999954e-01,1.627831112e-05,-2.314664179e-04,1.002975963e+03,2.975962644e+05,36
9.700000018e-01,1.099999954e-01,1.627831105e-05,-2.314664179e-04,1.002975963e+03,2.975962644e+05,36
9.800000018e-01,1.099999954e-01,1.627831282e-05,-2.314664180e-04,1.002975963e+03,2.975962644e+05,36
9.900000018e-01,1.099999954e-01,1.627831332e-05,-2.314664181e-04,1.002975963e+03,2.975962644e+05,36
1.000000002e+00,1.099999954e-01,1.627831101e-05,-2.314664181e-04,1.002975963e+03,2.975962644e+05,36
1.010000002e+00,1.099999954e-01,1.627830945e-05,-2.314664180e-04,1.002975963e+03,2.975962644e+05,36
1.020000002e+00,1.099999954e-01,1.627830998e-05,-2.314664179e-04,1.002975963e+03,2.975962644e+05,36
1.030000002e+00,1.099999954e-01,1.627831073e-05,-2.314664179e-04,1.002975963e+03,2.975962644e+05,36
1.040000002e+00,1.099999954e-01,1.627831100e-05,-2.314664179e-04,1.002975963e+03,2.975962644e+05,36
1.050000002e+00,1.099999954e-01,1.627831106e-05,-2.314664179e-04,1.002975963e+03,2.975962644e+05,36
1.060000002e+00,1.099999954e-01,1.627831106e-05,-2.314664180e-04,1.002975963e+03,2.975962644e+05,36
1.070000002e+00,1.099999954e-01,1.627831092e-05,-2.314664180e-04,1.002975963e+03,2.975962644e+05,36
1.080000002e+00,1.099999954e-01,1.627831045e-05,-2.314664180e-04,1.002975963e+03,2.975962644e+05,36
1.090000002e+00,1.099999954e-01,1.627830959e-05,-2.314664180e-04,1.002975963e+03,2.975962644e+05,36
1.100000002e+00,1.099999954e-01,1.627830882e-05,-2.314664178e-04,1.002975963e+03,2.975962644e+05,36
1.110000002e+00,1.099999954e-01,1.627830877e-05,-2.314664176e-04,1.002975963e+03,2.975962644e+05,36
1.120000002e+00,1.099999954e-01,1.627831034e-05,-2.314664178e-04,1.002975963e+03,2.975962644e+05,36
1.130000002e+00,1.099999954e-01,1.627831352e-05,-2.314664180e-04,1.002975963e+03,2.975962644e+05,36
1.140000002e+00,1.099999954e-01,1.627831510e-05,-2.314664180e-04,1.002975963e+03,2.975962644e+05,36
1.150000002e+00,1.099999954e-01,1.627831289e-05,-2.314664180e-04,1.002975963e+03,2.975962644e+05,36
1.160000002e+00,1.099999954e-01,1.627830967e-05,-2.314664180e-04,1.002975963e+03,2.975962644e+05,36
1.170000002e+00,1.099999954e-01,1.627830911e-05,-2.314664180e-04,1.002975963e+03,2.975962644e+05,36
1.180000002e+00,1.099999954e-01,1.627831111e-05,-2.314664180e-04,1.002975963e+03,2.975962644e+05,36
1.190000002e+00,1.099999954e-01,1.627831246e-05,-2.314664180e-04,1.002975963e+03,2.975962644e+05,36
1.200000002e+00,1.099999954e-01,1.627831206e-05,-2.314664180e-04,1.002975963e+03,2.975962644e+05,36
1.210000002e+00,1.099999954e-01,1.627831140e-05,-2.314664179e-04,1.002975963e+03,2.975962644e+05,36
1.220000002e+00,1.099999954e-01,1.627831114e-05,-2.314664179e-04,1.002975963e+03,2.975962644e+05,36
1.230000002e+00,1.099999954e-01,1.627831109e-05,-2.314664179e-04,1.002975963e+03,2.975962644e+05,36
1.240000002e+00,1.099999954e-01,1.627831107e-05,-2.314664179e-04,1.002975963e+03,2.975962644e+05,36
1.250000002e+00,1.099999954e-01,1.627831106e-05,-2.314664179e-04,1.002975963e+03,2.975962644e+05,36
1.260000002e+00,1.099999954e-01,1.627831104e-05,-2.314664179e-04,1.002975963e+03,2.975962644e+05,36
1.270000002e+00,1.099999954e-01,1.627831104e-05,-2.314664179e-04,1.002975963e+03,2.975962644e+05,36
1.280000002e+00,1.099999954e-01,1.627831107e-05,-2.314664179e-04,1.002975963e+03,2.975962644e+05,36
1.290000002e+00,1.099999954e-01,1.627831109e-05,-2.314664179e-04,1.002975963e+03,2.975962644e+05,36
1.300000002e+00,1.099999954e-01,1.627831108e-05,-2.314664179e-04,1.002975963e+03,2.975962644e+05,36
1.310000002e+00,1.099999954e-01,1.627831103e-05,-2.314664179e-04,1.002975963e+03,2.975962644e+05,36
1.320000002e+00,1.099999954e-01,1.627831087e-05,-2.314664180e-04,1.002975963e+03,2.975962644e+05,36
1.330000002e+00,1.099999954e-01,1.627831044e-05,-2.314664180e-04,1.002975963e+03,2.975962644e+05,36
1.340000002e+00,1.099999954e-01,1.627830960e-05,-2.314664179e-04,1.002975963e+03,2.975962644e+05,36
1.350000002e+00,1.099999954e-01,1.627830877e-05,-2.314664178e-04,1.002975963e+03,2.975962644e+05,36
1.360000002e+00,1.099999954e-01,1.627830879e-05,-2.314664177e-04,1.002975963e+03,2.975962644e+05,36
1.370000002e+00,1.099999954e-01,1.627831042e-05,-2.314664177e-04,1.002975963e+03,2.975962644e+05,36
1.380000002e+00,1.099999954e-01,1.627831339e-05,-2.314664178e-04,1.002975963e+03,2.975962644e+05,36
1.390000002e+00,1.099999954e-01,1.627831487e-05,-2.314664179e-04,1.002975963e+03,2.975962644e+05,36
1.400000002e+00,1.099999954e-01,1.627831308e-05,-2.314664180e-04,1.002975963e+03,2.975962644e+05,36
1.410000002e+00,1.099999954e-01,1.627831020e-05,-2.314664179e-04,1.002975963e+03,2.975962644e+05,36
1.420000002e+00,1.099999954e-01,1.627830928e-05,-2.314664179e-04,1.002975963e+03,2.975962644e+05,36
1.430000002e+00,1.099999954e-01,1.627831085e-05,-2.314664179e-04,1.002975963e+03,2.975962644e+05,36
1.440000002e+00,1.099999954e-01,1.627831222e-05,-2.314664179e-04,1.002975963e+03,2.975962644e+05,36
1.450000002e+00,1.099999954e-01,1.627831197e-05,-2.314664179e-04,1.002975963e+03,2.975962644e+05,36
1.460000002e+00,1.099999954e-01,1.627831136e-05,-2.314664179e-04,1.002975963e+03,2.975962644e+05,36
1.470000002e+00,1.099999954e-01,1.627831114e-05,-2.314664178e-04,1.002975963e+03,2.975962644e+05,36
1.480000002e+00,1.099999954e-01,1.627831110e-05,-2.314664178e-04,1.002975963e+03,2.975962644e+05,36
1.490000002e+00,1.099999954e-01,1.627831109e-05,-2.314664178e-04,1.002975963e+03,2.975962644e+05,36
1.500000002e+00,1.099999954e-01,1.627831108e-05,-2.314664178e-04,1.002975963e+03,2.975962644e+05,36
1.510000002e+00,1.099999954e-01,1.627831108e-05,-2.314664178e-04,1.002975963e+03,2.975962644e+05,36
1.520000002e+00,1.099999954e-01,1.627831108e-05,-2.314664178e-04,1.002975963e+03,2.975962644e+05,36
1.530000002e+00,1.099999954e-01,1.627831107e-05,-2.314664178e-04,1.002975963e+03,2.975962644e+05,36
1.540000002e+00,1.099999954e-01,1.627831107e-05,-2.314664178e-04,1.002975963e+03,2.975962644e+05,36
1.550000002e+00,1.099999954e-01,1.627831107e-05,-2.314664178e-04,1.002975963e+03,2.975962644e+05,36
1.560000002e+00,1.099999954e-01,1.627831105e-05,-2.314664178e-04,1.002975963e+03,2.975962644e+05,36
1.570000002e+00,1.099999954e-01,1.627831100e-05,-2.314664178e-04,1.002975963e+03,2.975962644e+05,36
1.580000002e+00,1.099999954e-01,1.627831085e-05,-2.314664179e-04,1.002975963e+03,2.975962644e+05,36
1.590000002e+00,1.099999954e-01,1.627831044e-05,-2.314664180e-04,1.002975963e+03,2.975962644e+05,36
1.600000002e+00,1.099999954e-01,1.627830961e-05,-2.314664179e-04,1.002975963e+03,2.975962644e+05,36
1.610000002e+00,1.099999954e-01,1.627830878e-05,-2.314664178e-04,1.002975963e+03,2.975962644e+05,36
1.620000002e+00,1.099999954e-01,1.627830879e-05,-2.314664177e-04,1.002975963e+03,2.975962644e+05,36
1.630000002e+00,1.099999954e-01,1.627831054e-05,-2.314664177e-04,1.002975963e+03,2.975962644e+05,36
1.640000002e+00,1.099999954e-01,1.627831387e-05,-2.314664177e-04,1.002975963e+03,2.975962644e+05,36
1.650000002e+00,1.099999954e-01,1.627831540e-05,-2.314664178e-04,1.002975963e+03,2.975962644e+05,36
1.660000002e+00,1.099999954e-01,1.627831255e-05,-2.314664179e-04,1.002975963e+03,2.975962644e+05,36
1.670000002e+00,1.099999954e-01,1.627830882e-05,-2.314664179e-04,1.002975963e+03,2.975962644e+05,36
1.680000002e+00,1.099999954e-01,1.627830879e-05,-2.314664179e-04,1.002975963e+03,2.975962644e+05,36
1.690000002e+00,1.099999954e-01,1.627831134e-05,-2.314664179e-04,1.002975963e+03,2.975962644e+05,36
1.700000002e+00,1.099999954e-01,1.627831217e-05,-2.314664179e-04,1.002975963e+03,2.975962644e+05,36
1.710000002e+00,1.099999954e-01,1.627830874e-05,-2.314664177e-04,1.002975963e+03,2.975962644e+05,36
1.720000002e+00,1.099999954e-01,1.627829111e-05,-2.314664171e-04,1.002975963e+03,2.975962644e+05,36
1.730000002e+00,1.099999954e-01,1.627819020e-05,-2.314664139e-04,1.002975963e+03,2.975962644e+05,36
1.740000002e+00,1.099999954e-01,1.627759675e-05,-2.314663948e-04,1.002975963e+03,2.975962645e+05,36
1.750000002e+00,1.099999954e-01,1.627417462e-05,-2.314662799e-04,1.002975963e+03,2.975962653e+05,36
1.760000002e+00,1.099999954e-01,1.625500306e-05,-2.314656037e-04,1.002975963e+03,2.975962693e+05,36
1.770000002e+00,1.099999954e-01,1.615055095e-05,-2.314617263e-04,1.002975963e+03,2.975962920e+05,36
1.780000002e+00,1.099999954e-01,1.559504027e-05,-2.314399703e-04,1.002975964e+03,2.975964138e+05,36
1.790000002e+00,1.099999954e-01,1.272603457e-05,-2.313207963e-04,1.002975970e+03,2.975970477e+05,36
1.800000002e+00,1.099999954e-01,-1.537256768e-06,-2.306862521e-04,1.002976003e+03,2.976002751e+05,36
1.810000001e+00,1.099999954e-01,-7.023340761e-05,-2.273863411e-04,1.002976162e+03,2.976161532e+05,36
1.819999998e+00,1.099999956e-01,-3.926429283e-04,-2.106071245e-04,1.002976905e+03,2.976904656e+05,36
1.829999983e+00,1.099999964e-01,-1.840005253e-03,-1.281006855e-04,1.002980283e+03,2.980283219e+05,36
1.839999917e+00,1.100000001e-01,-8.018360316e-03,2.685708896e-04,1.002995276e+03,2.995276153e+05,36
1.849999620e+00,1.100000189e-01,-3.377144095e-02,2.160883859e-03,1.003057214e+03,3.057214114e+05,36
1.859998344e+00,1.100001079e-01,-1.359686267e-01,1.080773560e-02,1.003301824e+03,3.301823831e+05,36
1.869993356e+00,1.100004978e-01,-5.016738323e-01,4.739714369e-02,1.004269411e+03,4.269411056e+05,36
1.879973706e+00,1.100023948e-01,-1.863218075e+00,2.253871746e-01,1.007654656e+03,7.654656114e+05,36
1.889897045e+00,1.100106000e-01,-6.390560815e+00,9.888101306e-01,1.017413085e+03,1.741308510e+06,38
1.899657329e+00,1.100214429e-01,-1.827847051e+01,2.532870446e+00,1.064005421e+03,6.400542146e+06,38
1.909120050e+00,1.099374035e-01,-3.813202525e+01,2.461802732e+00,1.181666461e+03,1.816664605e+07,36
1.918608811e+00,1.095690753e-01,-4.185427294e+01,-3.071710695e+00,1.236279705e+03,2.362797049e+07,35
1.928893114e+00,1.090977397e-01,-1.886273923e+01,-1.096415356e+01,1.113252096e+03,1.132520955e+07,36
1.939559980e+00,1.091838529e-01,-7.158931286e+00,-8.714473175e+00,1.023229915e+03,2.322991520e+06,37
1.949492709e+00,1.097035540e-01,-2.200151775e+01,-8.727386185e-01,1.069009048e+03,6.900904818e+06,34
1.958579956e+00,1.100092072e-01,-4.683073371e+01,3.116301901e+00,1.195384888e+03,1.953848879e+07,35
1.969675711e+00,1.100964556e-01,-1.808913591e+01,3.709771309e+00,1.194563078e+03,1.945630778e+07,36
1.989652274e+00,1.101323590e-01,1.359445060e+01,3.660006091e+00,9.091102509e+02,-9.088974908e+06,34
1.213906564e-02,1.101238778e-01,9.260966063e+01,3.549031607e+00,9.434735307e+02,-5.652646930e+06,35
1.968880110e+00,1.101160299e-01,-9.162159556e+01,3.950125995e+00,1.202821159e+03,2.028211594e+07,38
3.104533133e-02,1.203931174e-01,9.078057229e+01,1.079166048e+01,1.192985968e+03,1.929859680e+07,36
1.987751060e+00,1.204193276e-01,-9.502151131e+01,1.167465958e+01,9.449765710e+02,-5.502342904e+06,33
1.040712691e-02,1.204712711e-01,-1.132212228e+01,1.238591501e+01,9.082854227e+02,-9.171457733e+06,32
3.026248831e-02,1.203365894e-01,1.758732627e+01,1.003003367e+01,1.185765069e+03,1.857650687e+07,35
4.136977698e-02,1.201456101e-01,4.654822368e+01,6.685339055e+00,1.170727436e+03,1.707274361e+07,36
5.064322890e-02,1.197408108e-01,2.510338506e+01,4.602565572e-01,1.030915782e+03,3.091578227e+06,36
6.088177117e-02,1.192948396e-01,1.548332601e+01,-4.966449748e+00,9.706009320e+02,-2.939906797e+06,36
7.150033350e-02,1.194345205e-01,2.417917443e+01,-1.313704417e+00,1.005919885e+03,5.919885031e+05,36
8.131519301e-02,1.199166952e-01,3.095499025e+01,7.162599206e+00,1.073559421e+03,7.355942087e+06,35
9.068085430e-02,1.201110623e-01,2.345596415e+01,8.514943781e+00,1.071314489e+03,7.131448948e+06,37
1.002557137e-01,1.200702227e-01,1.168803173e+01,4.655192820e+00,1.033520050e+03,3.352004959e+06,38
1.100779570e-01,1.200199677e-01,4.430165516e+00,1.481652551e+00,1.013678782e+03,1.367878160e+06,37
1.200208090e-01,1.200042542e-01,1.392582750e+00,3.504548733e-01,1.006688246e+03,6.688245515e+05,36
1.300055783e-01,1.200009153e-01,4.075350477e-01,8.040262380e-02,1.004026050e+03,4.026049870e+05,36
1.400014165e-01,1.200001944e-01,1.135229619e-01,1.870192748e-02,1.003250778e+03,3.250777572e+05,36
1.500003312e-01,1.200000291e-01,2.875705038e-02,3.662148946e-03,1.003047435e+03,3.047434617e+05,36
1.600000766e-01,1.199999944e-01,6.981997918e-03,3.236691484e-04,1.002994195e+03,2.994194797e+05,36
1.700000184e-01,1.199999874e-01,1.647728962e-03,-3.868160951e-04,1.002981155e+03,2.981155445e+05,36
1.800000053e-01,1.199999860e-01,3.787828396e-04,-5.366431343e-04,1.002978187e+03,2.978186547e+05,36
1.900000025e-01,1.199999857e-01,9.356006891e-05,-5.673167268e-04,1.002977526e+03,2.977526057e+05,36
2.000000020e-01,1.199999856e-01,3.230273601e-05,-5.733782139e-04,1.002977384e+03,2.977383824e+05,36
2.100000019e-01,1.199999856e-01,1.949043593e-05,-5.745493963e-04,1.002977355e+03,2.977354755e+05,36
2.200000018e-01,1.199999856e-01,1.689885712e-05,-5.747702083e-04,1.002977349e+03,2.977349016e+05,36
2.300000018e-01,1.199999856e-01,1.639480025e-05,-5.748106323e-04,1.002977348e+03,2.977347909e+05,36
2.400000018e-01,1.199999856e-01,1.629963614e-05,-5.748178534e-04,1.002977348e+03,2.977347701e+05,36
2.500000018e-01,1.199999856e-01,1.628210668e-05,-5.748191157e-04,1.002977348e+03,2.977347664e+05,36
2.600000018e-01,1.199999856e-01,1.627896837e-05,-5.748193311e-04,1.002977348e+03,2.977347657e+05,36
2.700000018e-01,1.199999856e-01,1.627842255e-05,-5.748193671e-04,1.002977348e+03,2.977347656e+05,36
2.800000018e-01,1.199999856e-01,1.627832919e-05,-5.748193730e-04,1.002977348e+03,2.977347656e+05,36
2.900000018e-01,1.199999856e-01,1.627831295e-05,-5.748193739e-04,1.002977348e+03,2.977347656e+05,36
3.000000018e-01,1.199999856e-01,1.627831016e-05,-5.748193739e-04,1.002977348e+03,2.977347656e+05,36
3.100000018e-01,1.199999856e-01,1.627831004e-05,-5.748193739e-04,1.002977348e+03,2.977347656e+05,36
3.200000018e-01,1.199999856e-01,1.627831042e-05,-5.748193739e-04,1.002977348e+03,2.977347656e+05,36
3.300000018e-01,1.199999856e-01,1.627831091e-05,-5.748193739e-04,1.002977348e+03,2.977347656e+05,36
3.400000018e-01,1.199999856e-01,1.627831113e-05,-5.748193740e-04,1.002977348e+03,2.977347656e+05,36
3.500000018e-01,1.199999856e-01,1.627831077e-05,-5.748193740e-04,1.002977348e+03,2.977347656e+05,36
3.600000018e-01,1.199999856e-01,1.627831005e-05,-5.748193740e-04,1.002977348e+03,2.977347656e+05,36
3.700000018e-01,1.199999856e-01,1.627830952e-05,-5.748193739e-04,1.002977348e+03,2.977347656e+05,36
3.800000018e-01,1.199999856e-01,1.627830997e-05,-5.748193738e-04,1.002977348e+03,2.977347656e+05,36
3.900000018e-01,1.199999856e-01,1.627831099e-05,-5.748193738e-04,1.002977348e+03,2.977347656e+05,36
4.000000018e-01,1.199999856e-01,1.627831131e-05,-5.748193739e-04,1.002977348e+03,2.977347656e+05,36
4.100000018e-01,1.199999856e-01,1.627831083e-05,-5.748193740e-04,1.002977348e+03,2.977347656e+05,36
4.200000018e-01,1.199999856e-01,1.627831006e-05,-5.748193740e-04,1.002977348e+03,2.977347656e+05,36
4.300000018e-01,1.199999856e-01,1.627830953e-05,-5.748193739e-04,1.002977348e+03,2.977347656e+05,36
4.400000018e-01,1.199999856e-01,1.627830995e-05,-5.748193738e-04,1.002977348e+03,2.977347656e+05,36
4.500000018e-01,1.199999856e-01,1.627831094e-05,-5.748193738e-04,1.002977348e+03,2.977347656e+05,36
4.600000018e-01,1.199999856e-01,1.627831117e-05,-5.748193739e-04,1.002977348e+03,2.977347656e+05,36
4.700000018e-01,1.199999856e-01,1.627831054e-05,-5.748193739e-04,1.002977348e+03,2.977347656e+05,36
4.800000018e-01,1.199999856e-01,1.627830978e-05,-5.748193738e-04,1.002977348e+03,2.977347656e+05,36
4.900000018e-01,1.199999856e-01,1.627830950e-05,-5.748193738e-04,1.002977348e+03,2.977347656e+05,36
5.000000018e-01,1.199999856e-01,1.627831024e-05,-5.748193738e-04,1.002977348e+03,2.977347656e+05,36
5.100000018e-01,1.199999856e-01,1.627831122e-05,-5.748193738e-04,1.002977348e+03,2.977347656e+05,36
5.200000018e-01,1.199999856e-01,1.627831122e-05,-5.748193738e-04,1.002977348e+03,2.977347656e+05,36
5.300000018e-01,1.199999856e-01,1.627831044e-05,-5.748193738e-04,1.002977348e+03,2.977347656e+05,36
5.400000018e-01,1.199999856e-01,1.627830972e-05,-5.748193739e-04,1.002977348e+03,2.977347656e+05,36
5.500000018e-01,1.199999856e-01,1.627830989e-05,-5.748193740e-04,1.002977348e+03,2.977347656e+05,36
5.600000018e-01,1.199999856e-01,1.627831088e-05,-5.748193740e-04,1.002977348e+03,2.977347656e+05,36
5.700000018e-01,1.199999856e-01,1.627831126e-05,-5.748193739e-04,1.002977348e+03,2.977347656e+05,36
5.800000018e-01,1.199999856e-01,1.627831021e-05,-5.748193739e-04,1.002977348e+03,2.977347656e+05,36
5.900000018e-01,1.199999856e-01,1.627830921e-05,-5.748193739e-04,1.002977348e+03,2.977347656e+05,36
6.000000018e-01,1.199999856e-01,1.627831000e-05,-5.748193740e-04,1.002977348e+03,2.977347656e+05,36
6.100000018e-01,1.199999856e-01,1.627831137e-05,-5.748193740e-04,1.002977348e+03,2.977347656e+05,36
6.200000018e-01,1.199999856e-01,1.627831147e-05,-5.748193739e-04,1.002977348e+03,2.977347656e+05,36
6.300000018e-01,1.199999856e-01,1.627831091e-05,-5.748193738e-04,1.002977348e+03,2.977347656e+05,36
6.400000018e-01,1.199999856e-01,1.627831063e-05,-5.748193738e-04,1.002977348e+03,2.977347656e+05,36
6.500000018e-01,1.199999856e-01,1.627831044e-05,-5.748193738e-04,1.002977348e+03,2.977347656e+05,36
6.600000018e-01,1.199999856e-01,1.627830997e-05,-5.748193739e-04,1.002977348e+03,2.977347656e+05,36
6.700000018e-01,1.199999856e-01,1.627830948e-05,-5.748193739e-04,1.002977348e+03,2.977347656e+05,36
6.800000018e-01,1.199999856e-01,1.627830981e-05,-5.748193739e-04,1.002977348e+03,2.977347656e+05,36
6.900000018e-01,1.199999856e-01,1.627831090e-05,-5.748193739e-04,1.002977348e+03,2.977347656e+05,36
7.000000018e-01,1.199999856e-01,1.627831128e-05,-5.748193739e-04,1.002977348e+03,2.977347656e+05,36
7.100000018e-01,1.199999856e-01,1.627831020e-05,-5.748193739e-04,1.002977348e+03,2.977347656e+05,36
7.200000018e-01,1.199999856e-01,1.627830919e-05,-5.748193739e-04,1.002977348e+03,2.977347656e+05,36
7.300000018e-01,1.199999856e-01,1.627830998e-05,-5.748193740e-04,1.002977348e+03,2.977347656e+05,36
7.400000018e-01,1.199999856e-01,1.627831135e-05,-5.748193740e-04,1.002977348e+03,2.977347656e+05,36
7.500000018e-01,1.199999856e-01,1.627831146e-05,-5.748193739e-04,1.002977348e+03,2.977347656e+05,36
7.600000018e-01,1.199999856e-01,1.627831090e-05,-5.748193738e-04,1.002977348e+03,2.977347656e+05,36
7.700000018e-01,1.199999856e-01,1.627831061e-05,-5.748193738e-04,1.002977348e+03,2.977347656e+05,36
7.800000018e-01,1.199999856e-01,1.627831043e-05,-5.748193739e-04,1.002977348e+03,2.977347656e+05,36
7.900000018e-01,1.199999856e-01,1.627830997e-05,-5.748193739e-04,1.002977348e+03,2.977347656e+05,36
8.000000018e-01,1.199999856e-01,1.627830949e-05,-5.748193740e-04,1.002977348e+03,2.977347656e+05,36
8.100000018e-01,1.199999856e-01,1.627830984e-05,-5.748193740e-04,1.002977348e+03,2.977347656e+05,36
8.200000018e-01,1.199999856e-01,1.627831094e-05,-5.748193740e-04,1.002977348e+03,2.977347656e+05,36
8.300000018e-01,1.199999856e-01,1.627831131e-05,-5.748193739e-04,1.002977348e+03,2.977347656e+05,36
8.400000018e-01,1.199999856e-01,1.627831021e-05,-5.748193739e-04,1.002977348e+03,2.977347656e+05,36
8.500000018e-01,1.199999856e-01,1.627830917e-05,-5.748193739e-04,1.002977348e+03,2.977347656e+05,36
8.600000018e-01,1.199999856e-01,1.627830996e-05,-5.748193740e-04,1.002977348e+03,2.977347656e+05,36
8.700000018e-01,1.199999856e-01,1.627831135e-05,-5.748193740e-04,1.002977348e+03,2.977347656e+05,36
8.800000018e-01,1.199999856e-01,1.627831147e-05,-5.748193739e-04,1.002977348e+03,2.977347656e+05,36
8.900000018e-01,1.199999856e-01,1.627831090e-05,-5.748193738e-04,1.002977348e+03,2.977347656e+05,36
9.000000018e-01,1.199999856e-01,1.627831052e-05,-5.748193738e-04,1.002977348e+03,2.977347656e+05,36
9.100000018e-01,1.199999856e-01,1.627831006e-05,-5.748193738e-04,1.002977348e+03,2.977347656e+05,36
9.200000018e-01,1.199999856e-01,1.627830953e-05,-5.748193739e-04,1.002977348e+03,2.977347656e+05,36
9.300000018e-01,1.199999856e-01,1.627830985e-05,-5.748193740e-04,1.002977348e+03,2.977347656e+05,36
9.400000018e-01,1.199999856e-01,1.627831096e-05,-5.748193740e-04,1.002977348e+03,2.977347656e+05,36
9.500000018e-01,1.199999856e-01,1.627831134e-05,-5.748193740e-04,1.002977348e+03,2.977347656e+05,36
9.600000018e-01,1.199999856e-01,1.627831049e-05,-5.748193740e-04,1.002977348e+03,2.977347656e+05,36
9.700000018e-01,1.199999856e-01,1.627831033e-05,-5.748193740e-04,1.002977348e+03,2.977347656e+05,36
9.800000018e-01,1.199999856e-01,1.627831205e-05,-5.748193742e-04,1.002977348e+03,2.977347656e+05,36
9.900000018e-01,1.199999856e-01,1.627831260e-05,-5.748193744e-04,1.002977348e+03,2.977347656e+05,36
1.000000002e+00,1.199999856e-01,1.627831048e-05,-5.748193743e-04,1.002977348e+03,2.977347656e+05,36
1.010000002e+00,1.199999856e-01,1.627830902e-05,-5.748193741e-04,1.002977348e+03,2.977347656e+05,36
1.020000002e+00,1.199999856e-01,1.627830943e-05,-5.748193739e-04,1.002977348e+03,2.977347656e+05,36
1.030000002e+00,1.199999856e-01,1.627831006e-05,-5.748193738e-04,1.002977348e+03,2.977347656e+05,36
1.040000002e+00,1.199999856e-01,1.627831032e-05,-5.748193739e-04,1.002977348e+03,2.977347656e+05,36
1.050000002e+00,1.199999856e-01,1.627831041e-05,-5.748193739e-04,1.002977348e+03,2.977347656e+05,36
1.060000002e+00,1.199999856e-01,1.627831040e-05,-5.748193739e-04,1.002977348e+03,2.977347656e+05,36
1.070000002e+00,1.199999856e-01,1.627831025e-05,-5.748193739e-04,1.002977348e+03,2.977347656e+05,36
1.080000002e+00,1.199999856e-01,1.627830981e-05,-5.748193739e-04,1.002977348e+03,2.977347656e+05,36
1.090000002e+00,1.199999856e-01,1.627830914e-05,-5.748193738e-04,1.002977348e+03,2.977347656e+05,36
1.100000002e+00,1.199999856e-01,1.627830846e-05,-5.748193735e-04,1.002977348e+03,2.977347656e+05,36
1.110000002e+00,1.199999856e-01,1.627830812e-05,-5.748193733e-04,1.002977348e+03,2.977347656e+05,36
1.120000002e+00,1.199999856e-01,1.627830938e-05,-5.748193735e-04,1.002977348e+03,2.977347656e+05,36
1.130000002e+00,1.199999856e-01,1.627831260e-05,-5.748193740e-04,1.002977348e+03,2.977347656e+05,36
1.140000002e+00,1.199999856e-01,1.627831437e-05,-5.748193743e-04,1.002977348e+03,2.977347656e+05,36
1.150000002e+00,1.199999856e-01,1.627831232e-05,-5.748193743e-04,1.002977348e+03,2.977347656e+05,36
1.160000002e+00,1.199999856e-01,1.627830916e-05,-5.748193742e-04,1.002977348e+03,2.977347656e+05,36
1.170000002e+00,1.199999856e-01,1.627830848e-05,-5.748193740e-04,1.002977348e+03,2.977347656e+05,36
1.180000002e+00,1.199999856e-01,1.627831038e-05,-5.748193741e-04,1.002977348e+03,2.977347656e+05,36
1.190000002e+00,1.199999856e-01,1.627831182e-05,-5.748193742e-04,1.002977348e+03,2.977347656e+05,36
1.200000002e+00,1.199999856e-01,1.627831149e-05,-5.748193741e-04,1.002977348e+03,2.977347656e+05,36
1.210000002e+00,1.199999856e-01,1.627831079e-05,-5.748193741e-04,1.002977348e+03,2.977347656e+05,36
1.220000002e+00,1.199999856e-01,1.627831050e-05,-5.748193741e-04,1.002977348e+03,2.977347656e+05,36
1.230000002e+00,1.199999856e-01,1.627831044e-05,-5.748193741e-04,1.002977348e+03,2.977347656e+05,36
1.240000002e+00,1.199999856e-01,1.627831043e-05,-5.748193741e-04,1.002977348e+03,2.977347656e+05,36
1.250000002e+00,1.199999856e-01,1.627831043e-05,-5.748193741e-04,1.002977348e+03,2.977347656e+05,36
1.260000002e+00,1.199999856e-01,1.627831042e-05,-5.748193740e-04,1.002977348e+03,2.977347656e+05,36
1.270000002e+00,1.199999856e-01,1.627831043e-05,-5.748193740e-04,1.002977348e+03,2.977347656e+05,36
1.280000002e+00,1.199999856e-01,1.627831045e-05,-5.748193740e-04,1.002977348e+03,2.977347656e+05,36
1.290000002e+00,1.199999856e-01,1.627831045e-05,-5.748193740e-04,1.002977348e+03,2.977347656e+05,36
1.300000002e+00,1.199999856e-01,1.627831042e-05,-5.748193740e-04,1.002977348e+03,2.977347656e+05,36
1.310000002e+00,1.199999856e-01,1.627831033e-05,-5.748193740e-04,1.002977348e+03,2.977347656e+05,36
1.320000002e+00,1.199999856e-01,1.627831016e-05,-5.748193741e-04,1.002977348e+03,2.977347656e+05,36
1.330000002e+00,1.199999856e-01,1.627830984e-05,-5.748193741e-04,1.002977348e+03,2.977347656e+05,36
1.340000002e+00,1.199999856e-01,1.627830917e-05,-5.748193739e-04,1.002977348e+03,2.977347656e+05,36
1.350000002e+00,1.199999856e-01,1.627830834e-05,-5.748193737e-04,1.002977348e+03,2.977347656e+05,36
1.360000002e+00,1.199999856e-01,1.627830821e-05,-5.748193735e-04,1.002977348e+03,2.977347656e+05,36
1.370000002e+00,1.199999856e-01,1.627830974e-05,-5.748193735e-04,1.002977348e+03,2.977347656e+05,36
1.380000002e+00,1.199999856e-01,1.627831260e-05,-5.748193736e-04,1.002977348e+03,2.977347656e+05,36
1.390000002e+00,1.199999856e-01,1.627831402e-05,-5.748193738e-04,1.002977348e+03,2.977347656e+05,36
1.400000002e+00,1.199999856e-01,1.627831234e-05,-5.748193741e-04,1.002977348e+03,2.977347656e+05,36
1.410000002e+00,1.199999856e-01,1.627830955e-05,-5.748193742e-04,1.002977348e+03,2.977347656e+05,36
1.420000002e+00,1.199999856e-01,1.627830862e-05,-5.748193742e-04,1.002977348e+03,2.977347656e+05,36
1.430000002e+00,1.199999856e-01,1.627831019e-05,-5.748193743e-04,1.002977348e+03,2.977347656e+05,36
1.440000002e+00,1.199999856e-01,1.627831164e-05,-5.748193742e-04,1.002977348e+03,2.977347656e+05,36
1.450000002e+00,1.199999856e-01,1.627831142e-05,-5.748193741e-04,1.002977348e+03,2.977347656e+05,36
1.460000002e+00,1.199999856e-01,1.627831079e-05,-5.748193740e-04,1.002977348e+03,2.977347656e+05,36
1.470000002e+00,1.199999856e-01,1.627831054e-05,-5.748193739e-04,1.002977348e+03,2.977347656e+05,36
1.480000002e+00,1.199999856e-01,1.627831050e-05,-5.748193739e-04,1.002977348e+03,2.977347656e+05,36
1.490000002e+00,1.199999856e-01,1.627831047e-05,-5.748193739e-04,1.002977348e+03,2.977347656e+05,36
1.500000002e+00,1.199999856e-01,1.627831045e-05,-5.748193739e-04,1.002977348e+03,2.977347656e+05,36
1.510000002e+00,1.199999856e-01,1.627831044e-05,-5.748193739e-04,1.002977348e+03,2.977347656e+05,36
1.520000002e+00,1.199999856e-01,1.627831044e-05,-5.748193739e-04,1.002977348e+03,2.977347656e+05,36
1.530000002e+00,1.199999856e-01,1.627831044e-05,-5.748193739e-04,1.002977348e+03,2.977347656e+05,36
1.540000002e+00,1.199999856e-01,1.627831043e-05,-5.748193739e-04,1.002977348e+03,2.977347656e+05,36
1.550000002e+00,1.199999856e-01,1.627831042e-05,-5.748193739e-04,1.002977348e+03,2.977347656e+05,36
1.560000002e+00,1.199999856e-01,1.627831039e-05,-5.748193739e-04,1.002977348e+03,2.977347656e+05,36
1.570000002e+00,1.199999856e-01,1.627831028e-05,-5.748193740e-04,1.002977348e+03,2.977347656e+05,36
1.580000002e+00,1.199999856e-01,1.627831011e-05,-5.748193740e-04,1.002977348e+03,2.977347656e+05,36
1.590000002e+00,1.199999856e-01,1.627830981e-05,-5.748193741e-04,1.002977348e+03,2.977347656e+05,36
1.600000002e+00,1.199999856e-01,1.627830916e-05,-5.748193739e-04,1.002977348e+03,2.977347656e+05,36
1.610000002e+00,1.199999856e-01,1.627830834e-05,-5.748193737e-04,1.002977348e+03,2.977347656e+05,36
1.620000002e+00,1.199999856e-01,1.627830822e-05,-5.748193735e-04,1.002977348e+03,2.977347656e+05,36
1.630000002e+00,1.199999856e-01,1.627830986e-05,-5.748193735e-04,1.002977348e+03,2.977347656e+05,36
1.640000002e+00,1.199999856e-01,1.627831301e-05,-5.748193737e-04,1.002977348e+03,2.977347656e+05,36
1.650000002e+00,1.199999856e-01,1.627831448e-05,-5.748193741e-04,1.002977348e+03,2.977347656e+05,36
1.660000002e+00,1.199999856e-01,1.627831189e-05,-5.748193744e-04,1.002977348e+03,2.977347656e+05,36
1.670000002e+00,1.199999856e-01,1.627830838e-05,-5.748193742e-04,1.002977348e+03,2.977347656e+05,36
1.680000002e+00,1.199999856e-01,1.627830820e-05,-5.748193739e-04,1.002977348e+03,2.977347656e+05,36
1.690000002e+00,1.199999856e-01,1.627831063e-05,-5.748193739e-04,1.002977348e+03,2.977347656e+05,36
1.700000002e+00,1.199999856e-01,1.627831161e-05,-5.748193740e-04,1.002977348e+03,2.977347656e+05,36
1.710000002e+00,1.199999856e-01,1.627830845e-05,-5.748193738e-04,1.002977348e+03,2.977347656e+05,36
1.720000002e+00,1.199999856e-01,1.627829211e-05,-5.748193727e-04,1.002977348e+03,2.977347656e+05,36
1.730000002e+00,1.199999856e-01,1.627819900e-05,-5.748193667e-04,1.002977348e+03,2.977347656e+05,36
1.740000002e+00,1.199999856e-01,1.627765301e-05,-5.748193309e-04,1.002977348e+03,2.977347657e+05,36
1.750000002e+00,1.199999856e-01,1.627451431e-05,-5.748191156e-04,1.002977348e+03,2.977347664e+05,36
1.760000002e+00,1.199999856e-01,1.625698440e-05,-5.748178534e-04,1.002977348e+03,2.977347701e+05,36
1.770000002e+00,1.199999856e-01,1.616181977e-05,-5.748106320e-04,1.002977348e+03,2.977347909e+05,36
1.780000002e+00,1.199999856e-01,1.565776351e-05,-5.747702079e-04,1.002977349e+03,2.977349016e+05,36
1.790000002e+00,1.199999856e-01,1.306618556e-05,-5.745493958e-04,1.002977355e+03,2.977354755e+05,36
1.800000002e+00,1.199999856e-01,2.538849104e-07,-5.733782137e-04,1.002977384e+03,2.977383824e+05,36
1.810000001e+00,1.199999857e-01,-6.100344798e-05,-5.673167272e-04,1.002977526e+03,2.977526057e+05,36
1.819999998e+00,1.199999860e-01,-3.462262181e-04,-5.366431351e-04,1.002978187e+03,2.978186547e+05,36
1.829999985e+00,1.199999874e-01,-1.615172341e-03,-3.868160955e-04,1.002981155e+03,2.981155445e+05,36
1.839999927e+00,1.199999944e-01,-6.949441298e-03,3.236691486e-04,1.002994195e+03,2.994194797e+05,36
1.849999672e+00,1.200000291e-01,-2.872449376e-02,3.662148946e-03,1.003047435e+03,3.047434617e+05,36
1.859998587e+00,1.200001944e-01,-1.134904053e-01,1.870192748e-02,1.003250778e+03,3.250777572e+05,36
1.869994425e+00,1.200009153e-01,-4.075024911e-01,8.040262380e-02,1.004026050e+03,4.026049870e+05,36
1.879979195e+00,1.200042542e-01,-1.392550193e+00,3.504548733e-01,1.006688246e+03,6.688245515e+05,36
1.889922047e+00,1.200199677e-01,-4.430132960e+00,1.481652551e+00,1.013678782e+03,1.367878160e+06,37
1.899744290e+00,1.200702227e-01,-1.168799917e+01,4.655192820e+00,1.033520050e+03,3.352004959e+06,38
1.909319149e+00,1.201110623e-01,-2.345593159e+01,8.514943782e+00,1.071314489e+03,7.131448947e+06,37
1.918684811e+00,1.199166952e-01,-3.095495769e+01,7.162599207e+00,1.073559421e+03,7.355942087e+06,35
1.928499670e+00,1.194345205e-01,-2.417914187e+01,-1.313704414e+00,1.005919885e+03,5.919885019e+05,36
1.939118233e+00,1.192948396e-01,-1.548329345e+01,-4.966449740e+00,9.706009320e+02,-2.939906799e+06,36
1.949356775e+00,1.197408108e-01,-2.510335249e+01,4.602565739e-01,1.030915782e+03,3.091578221e+06,36
1.958630227e+00,1.201456101e-01,-4.654819111e+01,6.685339087e+00,1.170727436e+03,1.707274360e+07,36
1.969737515e+00,1.203365894e-01,-1.758729370e+01,1.003003373e+01,1.185765069e+03,1.857650686e+07,35
1.989592877e+00,1.204712711e-01,1.132215481e+01,1.238591514e+01,9.082854226e+02,-9.171457744e+06,32
1.224894378e-02,1.204193276e-01,9.502154385e+01,1.167465945e+01,9.449765711e+02,-5.502342893e+06,33
1.968954672e+00,1.203931174e-01,-9.078053972e+01,1.079166053e+01,1.192985968e+03,1.929859679e+07,36
3.085374158e-02,1.308650919e-01,8.622187874e+01,2.198607099e+01,1.180986889e+03,1.809868894e+07,34
1.987316542e+00,1.305032553e-01,-1.029490602e+02,1.519030591e+01,9.354550430e+02,-6.454495695e+06,32
1.058123366e-02,1.307200558e-01,-5.417297875e+00,1.800973137e+01,8.907985377e+02,-1.092014623e+07,32
3.004206033e-02,1.307409816e-01,1.282872126e+01,2.072279210e+01,1.174159858e+03,1.741598580e+07,35
4.118811481e-02,1.304113182e-01,4.110385442e+01,1.208932410e+01,1.159513781e+03,1.595137807e+07,34
5.058370979e-02,1.301211590e-01,2.384420350e+01,4.149156621e+00,1.026374621e+03,2.637462108e+06,36
6.066635640e-02,1.300194656e-01,1.394744842e+01,2.682197730e+00,9.708803214e+02,-2.911967857e+06,38
7.089190223e-02,1.301533182e-01,1.337703324e+01,6.837301658e+00,9.774323535e+02,-2.256764648e+06,36
8.065239598e-02,1.302721560e-01,1.242402419e+01,1.019362206e+01,1.009999255e+03,9.999254769e+05,37
9.033145611e-02,1.301968330e-01,9.374822358e+00,8.169586234e+00,1.023827717e+03,2.382771743e+06,37
1.001357518e-01,1.300743953e-01,5.445107635e+00,3.820234755e+00,1.017924900e+03,1.792490017e+06,37
1.100455787e-01,1.300197584e-01,2.436234762e+00,1.254947402e+00,1.010144208e+03,1.014420809e+06,36
1.200138715e-01,1.300046071e-01,8.826638959e-01,3.408879802e-01,1.005486155e+03,5.486154925e+05,36
1.300040741e-01,1.300010781e-01,2.880990935e-01,8.883366993e-02,1.003715134e+03,3.715134225e+05,36
1.400010626e-01,1.300002073e-01,8.318643411e-02,2.074813062e-02,1.003183013e+03,3.183012911e+05,36
1.500002554e-01,1.300000044e-01,2.178596828e-02,3.480502178e-03,1.003033201e+03,3.033200618e+05,36
1.600000611e-01,1.299999614e-01,5.470641940e-03,-4.596629411e-04,1.002992033e+03,2.992032809e+05,36
1.700000152e-01,1.299999525e-01,1.322482626e-03,-1.326346521e-03,1.002981776e+03,2.981775914e+05,36
1.800000047e-01,1.299999507e-01,3.108416547e-04,-1.513857222e-03,1.002979397e+03,2.979396593e+05,36
1.900000024e-01,1.299999504e-01,7.994458472e-05,-1.552762908e-03,1.002978857e+03,2.978856701e+05,36
2.000000020e-01,1.299999503e-01,2.963989230e-05,-1.560534883e-03,1.002978739e+03,2.978738925e+05,36
2.100000019e-01,1.299999503e-01,1.898146031e-05,-1.562052319e-03,1.002978715e+03,2.978714627e+05,36
2.200000018e-01,1.299999503e-01,1.680455024e-05,-1.562340771e-03,1.002978710e+03,2.978709785e+05,36
2.300000018e-01,1.299999503e-01,1.637778545e-05,-1.562393912e-03,1.002978709e+03,2.978708843e+05,36
2.400000018e-01,1.299999503e-01,1.629662886e-05,-1.562403459e-03,1.002978709e+03,2.978708666e+05,36
2.500000018e-01,1.299999503e-01,1.628158442e-05,-1.562405136e-03,1.002978709e+03,2.978708633e+05,36
2.600000018e-01,1.299999503e-01,1.627887673e-05,-1.562405424e-03,1.002978709e+03,2.978708628e+05,36
2.700000018e-01,1.299999503e-01,1.627840363e-05,-1.562405472e-03,1.002978709e+03,2.978708627e+05,36
2.800000018e-01,1.299999503e-01,1.627832234e-05,-1.562405480e-03,1.002978709e+03,2.978708626e+05,36
2.900000018e-01,1.299999503e-01,1.627830814e-05,-1.562405481e-03,1.002978709e+03,2.978708626e+05,36
3.000000018e-01,1.299999503e-01,1.627830565e-05,-1.562405481e-03,1.002978709e+03,2.978708626e+05,36
3.100000018e-01,1.299999503e-01,1.627830553e-05,-1.562405481e-03,1.002978709e+03,2.978708626e+05,36
3.200000018e-01,1.299999503e-01,1.627830591e-05,-1.562405481e-03,1.002978709e+03,2.978708626e+05,36
3.300000018e-01,1.299999503e-01,1.627830636e-05,-1.562405481e-03,1.002978709e+03,2.978708626e+05,36
3.400000018e-01,1.299999503e-01,1.627830652e-05,-1.562405481e-03,1.002978709e+03,2.978708626e+05,36
3.500000018e-01,1.299999503e-01,1.627830618e-05,-1.562405481e-03,1.002978709e+03,2.978708626e+05,36
3.600000018e-01,1.299999503e-01,1.627830558e-05,-1.562405481e-03,1.002978709e+03,2.978708626e+05,36
3.700000018e-01,1.299999503e-01,1.627830511e-05,-1.562405481e-03,1.002978709e+03,2.978708626e+05,36
3.800000018e-01,1.299999503e-01,1.627830547e-05,-1.562405481e-03,1.002978709e+03,2.978708626e+05,36
3.900000018e-01,1.299999503e-01,1.627830637e-05,-1.562405481e-03,1.002978709e+03,2.978708626e+05,36
4.000000018e-01,1.299999503e-01,1.627830667e-05,-1.562405481e-03,1.002978709e+03,2.978708626e+05,36
4.100000018e-01,1.299999503e-01,1.627830624e-05,-1.562405481e-03,1.002978709e+03,2.978708626e+05,36
4.200000018e-01,1.299999503e-01,1.627830558e-05,-1.562405481e-03,1.002978709e+03,2.978708626e+05,36
4.300000018e-01,1.299999503e-01,1.627830511e-05,-1.562405481e-03,1.002978709e+03,2.978708626e+05,36
4.400000018e-01,1.299999503e-01,1.627830545e-05,-1.562405481e-03,1.002978709e+03,2.978708626e+05,36
4.500000018e-01,1.299999503e-01,1.627830634e-05,-1.562405481e-03,1.002978709e+03,2.978708626e+05,36
4.600000018e-01,1.299999503e-01,1.627830660e-05,-1.562405481e-03,1.002978709e+03,2.978708626e+05,36
4.700000018e-01,1.299999503e-01,1.627830608e-05,-1.562405481e-03,1.002978709e+03,2.978708626e+05,36
4.800000018e-01,1.299999503e-01,1.627830536e-05,-1.562405481e-03,1.002978709e+03,2.978708626e+05,36
4.900000018e-01,1.299999503e-01,1.627830498e-05,-1.562405481e-03,1.002978709e+03,2.978708626e+05,36
5.000000018e-01,1.299999503e-01,1.627830562e-05,-1.562405481e-03,1.002978709e+03,2.978708626e+05,36
5.100000018e-01,1.299999503e-01,1.627830665e-05,-1.562405481e-03,1.002978709e+03,2.978708626e+05,36
5.200000018e-01,1.299999503e-01,1.627830672e-05,-1.562405481e-03,1.002978709e+03,2.978708626e+05,36
5.300000018e-01,1.299999503e-01,1.627830588e-05,-1.562405481e-03,1.002978709e+03,2.978708626e+05,36
5.400000018e-01,1.299999503e-01,1.627830509e-05,-1.562405481e-03,1.002978709e+03,2.978708626e+05,36
5.500000018e-01,1.299999503e-01,1.627830530e-05,-1.562405481e-03,1.002978709e+03,2.978708626e+05,36
5.600000018e-01,1.299999503e-01,1.627830638e-05,-1.562405481e-03,1.002978709e+03,2.978708626e+05,36
5.700000018e-01,1.299999503e-01,1.627830680e-05,-1.562405481e-03,1.002978709e+03,2.978708626e+05,36
5.800000018e-01,1.299999503e-01,1.627830568e-05,-1.562405481e-03,1.002978709e+03,2.978708626e+05,36
5.900000018e-01,1.299999503e-01,1.627830461e-05,-1.562405481e-03,1.002978709e+03,2.978708626e+05,36
6.000000018e-01,1.299999503e-01,1.627830544e-05,-1.562405481e-03,1.002978709e+03,2.978708626e+05,36
6.100000018e-01,1.299999503e-01,1.627830690e-05,-1.562405481e-03,1.002978709e+03,2.978708626e+05,36
6.200000018e-01,1.299999503e-01,1.627830705e-05,-1.562405481e-03,1.002978709e+03,2.978708626e+05,36
6.300000018e-01,1.299999503e-01,1.627830643e-05,-1.562405481e-03,1.002978709e+03,2.978708626e+05,36
6.400000018e-01,1.299999503e-01,1.627830607e-05,-1.562405481e-03,1.002978709e+03,2.978708626e+05,36
6.500000018e-01,1.299999503e-01,1.627830585e-05,-1.562405481e-03,1.002978709e+03,2.978708626e+05,36
6.600000018e-01,1.299999503e-01,1.627830539e-05,-1.562405481e-03,1.002978709e+03,2.978708626e+05,36
6.700000018e-01,1.299999503e-01,1.627830492e-05,-1.562405481e-03,1.002978709e+03,2.978708626e+05,36
6.800000018e-01,1.299999503e-01,1.627830526e-05,-1.562405481e-03,1.002978709e+03,2.978708626e+05,36
6.900000018e-01,1.299999503e-01,1.627830640e-05,-1.562405481e-03,1.002978709e+03,2.978708626e+05,36
7.000000018e-01,1.299999503e-01,1.627830680e-05,-1.562405481e-03,1.002978709e+03,2.978708626e+05,36
7.100000018e-01,1.299999503e-01,1.627830565e-05,-1.562405481e-03,1.002978709e+03,2.978708626e+05,36
7.200000018e-01,1.299999503e-01,1.627830458e-05,-1.562405481e-03,1.002978709e+03,2.978708626e+05,36
7.300000018e-01,1.299999503e-01,1.627830542e-05,-1.562405481e-03,1.002978709e+03,2.978708626e+05,36
7.400000018e-01,1.299999503e-01,1.627830688e-05,-1.562405481e-03,1.002978709e+03,2.978708626e+05,36
7.500000018e-01,1.299999503e-01,1.627830704e-05,-1.562405481e-03,1.002978709e+03,2.978708626e+05,36
7.600000018e-01,1.299999503e-01,1.627830642e-05,-1.562405481e-03,1.002978709e+03,2.978708626e+05,36
7.700000018e-01,1.299999503e-01,1.627830604e-05,-1.562405481e-03,1.002978709e+03,2.978708626e+05,36
7.800000018e-01,1.299999503e-01,1.627830582e-05,-1.562405481e-03,1.002978709e+03,2.978708626e+05,36
7.900000018e-01,1.299999503e-01,1.627830539e-05,-1.562405481e-03,1.002978709e+03,2.978708626e+05,36
8.000000018e-01,1.299999503e-01,1.627830493e-05,-1.562405481e-03,1.002978709e+03,2.978708626e+05,36
8.100000018e-01,1.299999503e-01,1.627830528e-05,-1.562405481e-03,1.002978709e+03,2.978708626e+05,36
8.200000018e-01,1.299999503e-01,1.627830643e-05,-1.562405481e-03,1.002978709e+03,2.978708626e+05,36
8.300000018e-01,1.299999503e-01,1.627830685e-05,-1.562405481e-03,1.002978709e+03,2.978708626e+05,36
8.400000018e-01,1.299999503e-01,1.627830570e-05,-1.562405481e-03,1.002978709e+03,2.978708626e+05,36
8.500000018e-01,1.299999503e-01,1.627830459e-05,-1.562405481e-03,1.002978709e+03,2.978708626e+05,36
8.600000018e-01,1.299999503e-01,1.627830540e-05,-1.562405481e-03,1.002978709e+03,2.978708626e+05,36
8.700000018e-01,1.299999503e-01,1.627830687e-05,-1.562405481e-03,1.002978709e+03,2.978708626e+05,36
8.800000018e-01,1.299999503e-01,1.627830705e-05,-1.562405481e-03,1.002978709e+03,2.978708626e+05,36
8.900000018e-01,1.299999503e-01,1.627830642e-05,-1.562405481e-03,1.002978709e+03,2.978708626e+05,36
9.000000018e-01,1.299999503e-01,1.627830594e-05,-1.562405481e-03,1.002978709e+03,2.978708626e+05,36
9.100000018e-01,1.299999503e-01,1.627830544e-05,-1.562405481e-03,1.002978709e+03,2.978708626e+05,36
9.200000018e-01,1.299999503e-01,1.627830492e-05,-1.562405481e-03,1.002978709e+03,2.978708626e+05,36
9.300000018e-01,1.299999503e-01,1.627830525e-05,-1.562405481e-03,1.002978709e+03,2.978708626e+05,36
9.400000018e-01,1.299999503e-01,1.627830639e-05,-1.562405481e-03,1.002978709e+03,2.978708626e+05,36
9.500000018e-01,1.299999503e-01,1.627830683e-05,-1.562405481e-03,1.002978709e+03,2.978708626e+05,36
9.600000018e-01,1.299999503e-01,1.627830594e-05,-1.562405481e-03,1.002978709e+03,2.978708626e+05,36
9.700000018e-01,1.299999503e-01,1.627830565e-05,-1.562405481e-03,1.002978709e+03,2.978708626e+05,36
9.800000018e-01,1.299999503e-01,1.627830730e-05,-1.562405482e-03,1.002978709e+03,2.978708626e+05,36
9.900000018e-01,1.299999503e-01,1.627830797e-05,-1.562405482e-03,1.002978709e+03,2.978708626e+05,36
1.000000002e+00,1.299999503e-01,1.627830611e-05,-1.562405482e-03,1.002978709e+03,2.978708626e+05,36
1.010000002e+00,1.299999503e-01,1.627830476e-05,-1.562405482e-03,1.002978709e+03,2.978708626e+05,36
1.020000002e+00,1.299999503e-01,1.627830505e-05,-1.562405481e-03,1.002978709e+03,2.978708626e+05,36
1.030000002e+00,1.299999503e-01,1.627830554e-05,-1.562405481e-03,1.002978709e+03,2.978708626e+05,36
1.040000002e+00,1.299999503e-01,1.627830577e-05,-1.562405481e-03,1.002978709e+03,2.978708626e+05,36
1.050000002e+00,1.299999503e-01,1.627830587e-05,-1.562405481e-03,1.002978709e+03,2.978708626e+05,36
1.060000002e+00,1.299999503e-01,1.627830587e-05,-1.562405481e-03,1.002978709e+03,2.978708626e+05,36
1.070000002e+00,1.299999503e-01,1.627830572e-05,-1.562405481e-03,1.002978709e+03,2.978708626e+05,36
1.080000002e+00,1.299999503e-01,1.627830537e-05,-1.562405481e-03,1.002978709e+03,2.978708626e+05,36
1.090000002e+00,1.299999503e-01,1.627830492e-05,-1.562405481e-03,1.002978709e+03,2.978708626e+05,36
1.100000002e+00,1.299999503e-01,1.627830427e-05,-1.562405480e-03,1.002978709e+03,2.978708626e+05,36
1.110000002e+00,1.299999503e-01,1.627830353e-05,-1.562405480e-03,1.002978709e+03,2.978708626e+05,36
1.120000002e+00,1.299999503e-01,1.627830441e-05,-1.562405481e-03,1.002978709e+03,2.978708626e+05,36
1.130000002e+00,1.299999503e-01,1.627830760e-05,-1.562405481e-03,1.002978709e+03,2.978708626e+05,36
1.140000002e+00,1.299999503e-01,1.627830951e-05,-1.562405482e-03,1.002978709e+03,2.978708626e+05,36
1.150000002e+00,1.299999503e-01,1.627830777e-05,-1.562405482e-03,1.002978709e+03,2.978708626e+05,36
1.160000002e+00,1.299999503e-01,1.627830488e-05,-1.562405482e-03,1.002978709e+03,2.978708626e+05,36
1.170000002e+00,1.299999503e-01,1.627830404e-05,-1.562405482e-03,1.002978709e+03,2.978708626e+05,36
1.180000002e+00,1.299999503e-01,1.627830575e-05,-1.562405482e-03,1.002978709e+03,2.978708626e+05,36
1.190000002e+00,1.299999503e-01,1.627830729e-05,-1.562405482e-03,1.002978709e+03,2.978708626e+05,36
1.200000002e+00,1.299999503e-01,1.627830705e-05,-1.562405481e-03,1.002978709e+03,2.978708626e+05,36
1.210000002e+00,1.299999503e-01,1.627830630e-05,-1.562405481e-03,1.002978709e+03,2.978708626e+05,36
1.220000002e+00,1.299999503e-01,1.627830596e-05,-1.562405481e-03,1.002978709e+03,2.978708626e+05,36
1.230000002e+00,1.299999503e-01,1.627830590e-05,-1.562405481e-03,1.002978709e+03,2.978708626e+05,36
1.240000002e+00,1.299999503e-01,1.627830590e-05,-1.562405481e-03,1.002978709e+03,2.978708626e+05,36
1.250000002e+00,1.299999503e-01,1.627830590e-05,-1.562405481e-03,1.002978709e+03,2.978708626e+05,36
1.260000002e+00,1.299999503e-01,1.627830591e-05,-1.562405481e-03,1.002978709e+03,2.978708626e+05,36
1.270000002e+00,1.299999503e-01,1.627830593e-05,-1.562405481e-03,1.002978709e+03,2.978708626e+05,36
1.280000002e+00,1.299999503e-01,1.627830594e-05,-1.562405481e-03,1.002978709e+03,2.978708626e+05,36
1.290000002e+00,1.299999503e-01,1.627830592e-05,-1.562405481e-03,1.002978709e+03,2.978708626e+05,36
1.300000002e+00,1.299999503e-01,1.627830588e-05,-1.562405481e-03,1.002978709e+03,2.978708626e+05,36
1.310000002e+00,1.299999503e-01,1.627830578e-05,-1.562405481e-03,1.002978709e+03,2.978708626e+05,36
1.320000002e+00,1.299999503e-01,1.627830562e-05,-1.562405481e-03,1.002978709e+03,2.978708626e+05,36
1.330000002e+00,1.299999503e-01,1.627830541e-05,-1.562405481e-03,1.002978709e+03,2.978708626e+05,36
1.340000002e+00,1.299999503e-01,1.627830488e-05,-1.562405481e-03,1.002978709e+03,2.978708626e+05,36
1.350000002e+00,1.299999503e-01,1.627830401e-05,-1.562405481e-03,1.002978709e+03,2.978708626e+05,36
1.360000002e+00,1.299999503e-01,1.627830378e-05,-1.562405481e-03,1.002978709e+03,2.978708626e+05,36
1.370000002e+00,1.299999503e-01,1.627830524e-05,-1.562405481e-03,1.002978709e+03,2.978708626e+05,36
1.380000002e+00,1.299999503e-01,1.627830782e-05,-1.562405481e-03,1.002978709e+03,2.978708626e+05,36
1.390000002e+00,1.299999503e-01,1.627830902e-05,-1.562405481e-03,1.002978709e+03,2.978708626e+05,36
1.400000002e+00,1.299999503e-01,1.627830750e-05,-1.562405482e-03,1.002978709e+03,2.978708626e+05,36
1.410000002e+00,1.299999503e-01,1.627830500e-05,-1.562405482e-03,1.002978709e+03,2.978708626e+05,36
1.420000002e+00,1.299999503e-01,1.627830412e-05,-1.562405482e-03,1.002978709e+03,2.978708626e+05,36
1.430000002e+00,1.299999503e-01,1.627830567e-05,-1.562405482e-03,1.002978709e+03,2.978708626e+05,36
1.440000002e+00,1.299999503e-01,1.627830723e-05,-1.562405482e-03,1.002978709e+03,2.978708626e+05,36
1.450000002e+00,1.299999503e-01,1.627830704e-05,-1.562405481e-03,1.002978709e+03,2.978708626e+05,36
1.460000002e+00,1.299999503e-01,1.627830633e-05,-1.562405481e-03,1.002978709e+03,2.978708626e+05,36
1.470000002e+00,1.299999503e-01,1.627830602e-05,-1.562405481e-03,1.002978709e+03,2.978708626e+05,36
1.480000002e+00,1.299999503e-01,1.627830596e-05,-1.562405481e-03,1.002978709e+03,2.978708626e+05,36
1.490000002e+00,1.299999503e-01,1.627830594e-05,-1.562405481e-03,1.002978709e+03,2.978708626e+05,36
1.500000002e+00,1.299999503e-01,1.627830591e-05,-1.562405481e-03,1.002978709e+03,2.978708626e+05,36
1.510000002e+00,1.299999503e-01,1.627830590e-05,-1.562405481e-03,1.002978709e+03,2.978708626e+05,36
1.520000002e+00,1.299999503e-01,1.627830590e-05,-1.562405481e-03,1.002978709e+03,2.978708626e+05,36
1.530000002e+00,1.299999503e-01,1.627830590e-05,-1.562405481e-03,1.002978709e+03,2.978708626e+05,36
1.540000002e+00,1.299999503e-01,1.627830590e-05,-1.562405481e-03,1.002978709e+03,2.978708626e+05,36
1.550000002e+00,1.299999503e-01,1.627830589e-05,-1.562405481e-03,1.002978709e+03,2.978708626e+05,36
1.560000002e+00,1.299999503e-01,1.627830585e-05,-1.562405481e-03,1.002978709e+03,2.978708626e+05,36
1.570000002e+00,1.299999503e-01,1.627830573e-05,-1.562405481e-03,1.002978709e+03,2.978708626e+05,36
1.580000002e+00,1.299999503e-01,1.627830557e-05,-1.562405481e-03,1.002978709e+03,2.978708626e+05,36
1.590000002e+00,1.299999503e-01,1.627830538e-05,-1.562405481e-03,1.002978709e+03,2.978708626e+05,36
1.600000002e+00,1.299999503e-01,1.627830487e-05,-1.562405481e-03,1.002978709e+03,2.978708626e+05,36
1.610000002e+00,1.299999503e-01,1.627830400e-05,-1.562405481e-03,1.002978709e+03,2.978708626e+05,36
1.620000002e+00,1.299999503e-01,1.627830380e-05,-1.562405481e-03,1.002978709e+03,2.978708626e+05,36
1.630000002e+00,1.299999503e-01,1.627830532e-05,-1.562405481e-03,1.002978709e+03,2.978708626e+05,36
1.640000002e+00,1.299999503e-01,1.627830807e-05,-1.562405481e-03,1.002978709e+03,2.978708626e+05,36
1.650000002e+00,1.299999503e-01,1.627830930e-05,-1.562405482e-03,1.002978709e+03,2.978708626e+05,36
1.660000002e+00,1.299999503e-01,1.627830725e-05,-1.562405482e-03,1.002978709e+03,2.978708626e+05,36
1.670000002e+00,1.299999503e-01,1.627830430e-05,-1.562405482e-03,1.002978709e+03,2.978708626e+05,36
1.680000002e+00,1.299999503e-01,1.627830387e-05,-1.562405481e-03,1.002978709e+03,2.978708626e+05,36
1.690000002e+00,1.299999503e-01,1.627830595e-05,-1.562405481e-03,1.002978709e+03,2.978708626e+05,36
1.700000002e+00,1.299999503e-01,1.627830711e-05,-1.562405481e-03,1.002978709e+03,2.978708626e+05,36
1.710000002e+00,1.299999503e-01,1.627830443e-05,-1.562405481e-03,1.002978709e+03,2.978708626e+05,36
1.720000002e+00,1.299999503e-01,1.627829002e-05,-1.562405480e-03,1.002978709e+03,2.978708626e+05,36
1.730000002e+00,1.299999503e-01,1.627820883e-05,-1.562405472e-03,1.002978709e+03,2.978708627e+05,36
1.740000002e+00,1.299999503e-01,1.627773540e-05,-1.562405424e-03,1.002978709e+03,2.978708628e+05,36
1.750000002e+00,1.299999503e-01,1.627502734e-05,-1.562405136e-03,1.002978709e+03,2.978708633e+05,36
1.760000002e+00,1.299999503e-01,1.625998264e-05,-1.562403459e-03,1.002978709e+03,2.978708666e+05,36
1.770000002e+00,1.299999503e-01,1.617882567e-05,-1.562393912e-03,1.002978709e+03,2.978708843e+05,36
1.780000002e+00,1.299999503e-01,1.575206159e-05,-1.562340771e-03,1.002978710e+03,2.978709785e+05,36
1.790000002e+00,1.299999503e-01,1.357515217e-05,-1.562052318e-03,1.002978715e+03,2.978714627e+05,36
1.800000002e+00,1.299999503e-01,2.916719020e-06,-1.560534882e-03,1.002978739e+03,2.978738925e+05,36
1.810000001e+00,1.299999504e-01,-4.738797348e-05,-1.552762908e-03,1.002978857e+03,2.978856701e+05,36
1.819999999e+00,1.299999507e-01,-2.782850423e-04,-1.513857222e-03,1.002979397e+03,2.979396593e+05,36
1.829999988e+00,1.299999525e-01,-1.289926014e-03,-1.326346522e-03,1.002981776e+03,2.981775914e+05,36
1.839999943e+00,1.299999614e-01,-5.438085329e-03,-4.596629409e-04,1.002992033e+03,2.992032809e+05,36
1.849999748e+00,1.300000044e-01,-2.175341167e-02,3.480502179e-03,1.003033201e+03,3.033200618e+05,36
1.859998941e+00,1.300002073e-01,-8.315387750e-02,2.074813062e-02,1.003183013e+03,3.183012911e+05,36
1.869995930e+00,1.300010781e-01,-2.880665369e-01,8.883366994e-02,1.003715134e+03,3.715134225e+05,36
1.879986132e+00,1.300046071e-01,-8.826313392e-01,3.408879802e-01,1.005486155e+03,5.486154925e+05,36
1.889954425e+00,1.300197584e-01,-2.436202205e+00,1.254947402e+00,1.010144208e+03,1.014420809e+06,36
1.899864252e+00,1.300743953e-01,-5.445075078e+00,3.820234756e+00,1.017924900e+03,1.792490017e+06,37
1.909668548e+00,1.301968330e-01,-9.374789801e+00,8.169586234e+00,1.023827717e+03,2.382771743e+06,37
1.919347608e+00,1.302721560e-01,-1.242399163e+01,1.019362206e+01,1.009999255e+03,9.999254758e+05,37
1.929108101e+00,1.301533182e-01,-1.337700068e+01,6.837301666e+00,9.774323535e+02,-2.256764651e+06,36
1.939333647e+00,1.300194656e-01,-1.394741584e+01,2.682197752e+00,9.708803214e+02,-2.911967863e+06,38
1.949416294e+00,1.301211590e-01,-2.384417091e+01,4.149156673e+00,1.026374621e+03,2.637462095e+06,36
1.958811889e+00,1.304113182e-01,-4.110382182e+01,1.208932420e+01,1.159513780e+03,1.595137804e+07,34
1.969957943e+00,1.307409816e-01,-1.282868864e+01,2.072279224e+01,1.174159858e+03,1.741598578e+07,35
1.989418770e+00,1.307200558e-01,5.417330323e+00,1.800973146e+01,8.907985371e+02,-1.092014629e+07,32
1.268346180e-02,1.305032553e-01,1.029490927e+02,1.519030580e+01,9.354550436e+02,-6.454495638e+06,32
1.969146262e+00,1.308650919e-01,-8.622184611e+01,2.198607114e+01,1.180986889e+03,1.809868891e+07,34
3.093044324e-02,1.418179834e-01,8.555574816e+01,2.360553420e+01,1.101418941e+03,1.014189414e+07,35
1.986560376e+00,1.409801622e-01,-1.133688969e+02,1.104730652e+01,8.806676375e+02,-1.193323625e+07,33
1.070166309e-02,1.406280798e-01,1.803988343e+00,1.158973652e+01,8.320053729e+02,-1.679946271e+07,34
2.965473768e-02,1.407874528e-01,5.098989250e+00,2.146856551e+01,1.097618686e+03,9.761868602e+06,34
4.082800579e-02,1.404300625e-01,2.896058910e+01,1.253320859e+01,1.132701059e+03,1.327010589e+07,35
5.039347027e-02,1.402211482e-01,1.826938759e+01,3.636830969e+00,1.041220943e+03,4.122094300e+06,37
6.023560288e-02,1.402286039e-01,8.600300810e+00,2.296195716e+00,1.005602865e+03,5.602865003e+05,35
7.023474562e-02,1.402685974e-01,4.303106388e+00,4.293015158e+00,1.002811966e+03,2.811965766e+05,34
8.018658265e-02,1.402267154e-01,3.310853979e+00,5.362683491e+00,1.012386616e+03,1.238661613e+06,34
9.011458653e-02,1.401181911e-01,3.029612988e+00,4.004456467e+00,1.016049748e+03,1.604974794e+06,36
1.000550416e-01,1.400437322e-01,2.195401288e+00,2.041960610e+00,1.011915855e+03,1.191585539e+06,36
1.100220410e-01,1.400132200e-01,1.171317528e+00,7.897723427e-01,1.007033058e+03,7.033057713e+05,36
1.200081024e-01,1.400037433e-01,5.014220093e-01,2.612137573e-01,1.004417252e+03,4.417251754e+05,36
1.300025572e-01,1.400009098e-01,1.770406828e-01,7.425183940e-02,1.003434435e+03,3.434434685e+05,36
1.400006907e-01,1.400001243e-01,5.323187297e-02,1.656018996e-02,1.003116915e+03,3.116914903e+05,36
1.500001743e-01,1.399999368e-01,1.466472043e-02,1.360144243e-03,1.003017825e+03,3.017825429e+05,36
1.600000439e-01,1.399998957e-01,3.858081539e-03,-2.274755663e-03,1.002989309e+03,2.989309186e+05,36
1.700000116e-01,1.399998868e-01,9.628088104e-04,-3.117509422e-03,1.002982060e+03,2.982060290e+05,36
1.800000039e-01,1.399998849e-01,2.342637045e-04,-3.306245190e-03,1.002980329e+03,2.980328947e+05,36
1.900000023e-01,1.399998845e-01,6.436877575e-05,-3.346210707e-03,1.002979925e+03,2.979924954e+05,36
2.000000019e-01,1.399998845e-01,2.654843632e-05,-3.354348552e-03,1.002979835e+03,2.979835303e+05,36
2.100000019e-01,1.399998844e-01,1.838348458e-05,-3.355966109e-03,1.002979817e+03,2.979816558e+05,36
2.200000018e-01,1.399998844e-01,1.669270892e-05,-3.356277897e-03,1.002979813e+03,2.979812771e+05,36
2.300000018e-01,1.399998844e-01,1.635741555e-05,-3.356335992e-03,1.002979812e+03,2.979812025e+05,36
2.400000018e-01,1.399998844e-01,1.629297318e-05,-3.356346539e-03,1.002979812e+03,2.979811884e+05,36
2.500000018e-01,1.399998844e-01,1.628091717e-05,-3.356348410e-03,1.002979812e+03,2.979811858e+05,36
2.600000018e-01,1.399998844e-01,1.627873099e-05,-3.356348734e-03,1.002979812e+03,2.979811853e+05,36
2.700000018e-01,1.399998844e-01,1.627834650e-05,-3.356348788e-03,1.002979812e+03,2.979811852e+05,36
2.800000018e-01,1.399998844e-01,1.627827999e-05,-3.356348797e-03,1.002979812e+03,2.979811852e+05,36
2.900000018e-01,1.399998844e-01,1.627826825e-05,-3.356348799e-03,1.002979812e+03,2.979811852e+05,36
3.000000018e-01,1.399998844e-01,1.627826613e-05,-3.356348799e-03,1.002979812e+03,2.979811852e+05,36
3.100000018e-01,1.399998844e-01,1.627826607e-05,-3.356348799e-03,1.002979812e+03,2.979811852e+05,36
3.200000018e-01,1.399998844e-01,1.627826650e-05,-3.356348799e-03,1.002979812e+03,2.979811852e+05,36
3.300000018e-01,1.399998844e-01,1.627826688e-05,-3.356348799e-03,1.002979812e+03,2.979811852e+05,36
3.400000018e-01,1.399998844e-01,1.627826693e-05,-3.356348799e-03,1.002979812e+03,2.979811852e+05,36
3.500000018e-01,1.399998844e-01,1.627826660e-05,-3.356348799e-03,1.002979812e+03,2.979811852e+05,36
3.600000018e-01,1.399998844e-01,1.627826609e-05,-3.356348799e-03,1.002979812e+03,2.979811852e+05,36
3.700000018e-01,1.399998844e-01,1.627826567e-05,-3.356348799e-03,1.002979812e+03,2.979811852e+05,36
3.800000018e-01,1.399998844e-01,1.627826595e-05,-3.356348799e-03,1.002979812e+03,2.979811852e+05,36
3.900000018e-01,1.399998844e-01,1.627826680e-05,-3.356348799e-03,1.002979812e+03,2.979811852e+05,36
4.000000018e-01,1.399998844e-01,1.627826711e-05,-3.356348799e-03,1.002979812e+03,2.979811852e+05,36
4.100000018e-01,1.399998844e-01,1.627826671e-05,-3.356348799e-03,1.002979812e+03,2.979811852e+05,36
4.200000018e-01,1.399998844e-01,1.627826610e-05,-3.356348799e-03,1.002979812e+03,2.979811852e+05,36
4.300000018e-01,1.399998844e-01,1.627826566e-05,-3.356348799e-03,1.002979812e+03,2.979811852e+05,36
4.400000018e-01,1.399998844e-01,1.627826595e-05,-3.356348799e-03,1.002979812e+03,2.979811852e+05,36
4.500000018e-01,1.399998844e-01,1.627826678e-05,-3.356348799e-03,1.002979812e+03,2.979811852e+05,36
4.600000018e-01,1.399998844e-01,1.627826708e-05,-3.356348799e-03,1.002979812e+03,2.979811852e+05,36
4.700000018e-01,1.399998844e-01,1.627826668e-05,-3.356348799e-03,1.002979812e+03,2.979811852e+05,36
4.800000018e-01,1.399998844e-01,1.627826607e-05,-3.356348799e-03,1.002979812e+03,2.979811852e+05,36
4.900000018e-01,1.399998844e-01,1.627826559e-05,-3.356348799e-03,1.002979812e+03,2.979811852e+05,36
5.000000018e-01,1.399998844e-01,1.627826602e-05,-3.356348799e-03,1.002979812e+03,2.979811852e+05,36
5.100000018e-01,1.399998844e-01,1.627826704e-05,-3.356348799e-03,1.002979812e+03,2.979811852e+05,36
5.200000018e-01,1.399998844e-01,1.627826720e-05,-3.356348799e-03,1.002979812e+03,2.979811852e+05,36
5.300000018e-01,1.399998844e-01,1.627826636e-05,-3.356348799e-03,1.002979812e+03,2.979811852e+05,36
5.400000018e-01,1.399998844e-01,1.627826557e-05,-3.356348799e-03,1.002979812e+03,2.979811852e+05,36
5.500000018e-01,1.399998844e-01,1.627826580e-05,-3.356348799e-03,1.002979812e+03,2.979811852e+05,36
5.600000018e-01,1.399998844e-01,1.627826689e-05,-3.356348799e-03,1.002979812e+03,2.979811852e+05,36
5.700000018e-01,1.399998844e-01,1.627826730e-05,-3.356348799e-03,1.002979812e+03,2.979811852e+05,36
5.800000018e-01,1.399998844e-01,1.627826619e-05,-3.356348799e-03,1.002979812e+03,2.979811852e+05,36
5.900000018e-01,1.399998844e-01,1.627826512e-05,-3.356348799e-03,1.002979812e+03,2.979811852e+05,36
6.000000018e-01,1.399998844e-01,1.627826594e-05,-3.356348799e-03,1.002979812e+03,2.979811852e+05,36
6.100000018e-01,1.399998844e-01,1.627826742e-05,-3.356348799e-03,1.002979812e+03,2.979811852e+05,36
6.200000018e-01,1.399998844e-01,1.627826761e-05,-3.356348799e-03,1.002979812e+03,2.979811852e+05,36
6.300000018e-01,1.399998844e-01,1.627826697e-05,-3.356348799e-03,1.002979812e+03,2.979811852e+05,36
6.400000018e-01,1.399998844e-01,1.627826655e-05,-3.356348799e-03,1.002979812e+03,2.979811852e+05,36
6.500000018e-01,1.399998844e-01,1.627826629e-05,-3.356348799e-03,1.002979812e+03,2.979811852e+05,36
6.600000018e-01,1.399998844e-01,1.627826585e-05,-3.356348799e-03,1.002979812e+03,2.979811852e+05,36
6.700000018e-01,1.399998844e-01,1.627826539e-05,-3.356348799e-03,1.002979812e+03,2.979811852e+05,36
6.800000018e-01,1.399998844e-01,1.627826576e-05,-3.356348799e-03,1.002979812e+03,2.979811852e+05,36
6.900000018e-01,1.399998844e-01,1.627826690e-05,-3.356348799e-03,1.002979812e+03,2.979811852e+05,36
7.000000018e-01,1.399998844e-01,1.627826729e-05,-3.356348799e-03,1.002979812e+03,2.979811852e+05,36
7.100000018e-01,1.399998844e-01,1.627826615e-05,-3.356348799e-03,1.002979812e+03,2.979811852e+05,36
7.200000018e-01,1.399998844e-01,1.627826508e-05,-3.356348799e-03,1.002979812e+03,2.979811852e+05,36
7.300000018e-01,1.399998844e-01,1.627826592e-05,-3.356348799e-03,1.002979812e+03,2.979811852e+05,36
7.400000018e-01,1.399998844e-01,1.627826742e-05,-3.356348799e-03,1.002979812e+03,2.979811852e+05,36
7.500000018e-01,1.399998844e-01,1.627826762e-05,-3.356348799e-03,1.002979812e+03,2.979811852e+05,36
7.600000018e-01,1.399998844e-01,1.627826696e-05,-3.356348799e-03,1.002979812e+03,2.979811852e+05,36
7.700000018e-01,1.399998844e-01,1.627826650e-05,-3.356348799e-03,1.002979812e+03,2.979811852e+05,36
7.800000018e-01,1.399998844e-01,1.627826625e-05,-3.356348799e-03,1.002979812e+03,2.979811852e+05,36
7.900000018e-01,1.399998844e-01,1.627826585e-05,-3.356348799e-03,1.002979812e+03,2.979811852e+05,36
8.000000018e-01,1.399998844e-01,1.627826542e-05,-3.356348799e-03,1.002979812e+03,2.979811852e+05,36
8.100000018e-01,1.399998844e-01,1.627826578e-05,-3.356348799e-03,1.002979812e+03,2.979811852e+05,36
8.200000018e-01,1.399998844e-01,1.627826692e-05,-3.356348799e-03,1.002979812e+03,2.979811852e+05,36
8.300000018e-01,1.399998844e-01,1.627826735e-05,-3.356348799e-03,1.002979812e+03,2.979811852e+05,36
8.400000018e-01,1.399998844e-01,1.627826621e-05,-3.356348799e-03,1.002979812e+03,2.979811852e+05,36
8.500000018e-01,1.399998844e-01,1.627826511e-05,-3.356348799e-03,1.002979812e+03,2.979811852e+05,36
8.600000018e-01,1.399998844e-01,1.627826591e-05,-3.356348799e-03,1.002979812e+03,2.979811852e+05,36
8.700000018e-01,1.399998844e-01,1.627826741e-05,-3.356348799e-03,1.002979812e+03,2.979811852e+05,36
8.800000018e-01,1.399998844e-01,1.627826761e-05,-3.356348799e-03,1.002979812e+03,2.979811852e+05,36
8.900000018e-01,1.399998844e-01,1.627826694e-05,-3.356348799e-03,1.002979812e+03,2.979811852e+05,36
9.000000018e-01,1.399998844e-01,1.627826640e-05,-3.356348799e-03,1.002979812e+03,2.979811852e+05,36
9.100000018e-01,1.399998844e-01,1.627826588e-05,-3.356348799e-03,1.002979812e+03,2.979811852e+05,36
9.200000018e-01,1.399998844e-01,1.627826539e-05,-3.356348799e-03,1.002979812e+03,2.979811852e+05,36
9.300000018e-01,1.399998844e-01,1.627826574e-05,-3.356348799e-03,1.002979812e+03,2.979811852e+05,36
9.400000018e-01,1.399998844e-01,1.627826687e-05,-3.356348799e-03,1.002979812e+03,2.979811852e+05,36
9.500000018e-01,1.399998844e-01,1.627826731e-05,-3.356348799e-03,1.002979812e+03,2.979811852e+05,36
9.600000018e-01,1.399998844e-01,1.627826639e-05,-3.356348799e-03,1.002979812e+03,2.979811852e+05,36
9.700000018e-01,1.399998844e-01,1.627826601e-05,-3.356348799e-03,1.002979812e+03,2.979811852e+05,36
9.800000018e-01,1.399998844e-01,1.627826759e-05,-3.356348799e-03,1.002979812e+03,2.979811852e+05,36
9.900000018e-01,1.399998844e-01,1.627826838e-05,-3.356348799e-03,1.002979812e+03,2.979811852e+05,36
1.000000002e+00,1.399998844e-01,1.627826674e-05,-3.356348799e-03,1.002979812e+03,2.979811852e+05,36
1.010000002e+00,1.399998844e-01,1.627826546e-05,-3.356348799e-03,1.002979812e+03,2.979811852e+05,36
1.020000002e+00,1.399998844e-01,1.627826569e-05,-3.356348799e-03,1.002979812e+03,2.979811852e+05,36
1.030000002e+00,1.399998844e-01,1.627826613e-05,-3.356348799e-03,1.002979812e+03,2.979811852e+05,36
1.040000002e+00,1.399998844e-01,1.627826631e-05,-3.356348799e-03,1.002979812e+03,2.979811852e+05,36
1.050000002e+00,1.399998844e-01,1.627826638e-05,-3.356348799e-03,1.002979812e+03,2.979811852e+05,36
1.060000002e+00,1.399998844e-01,1.627826638e-05,-3.356348799e-03,1.002979812e+03,2.979811852e+05,36
1.070000002e+00,1.399998844e-01,1.627826628e-05,-3.356348799e-03,1.002979812e+03,2.979811852e+05,36
1.080000002e+00,1.399998844e-01,1.627826606e-05,-3.356348799e-03,1.002979812e+03,2.979811852e+05,36
1.090000002e+00,1.399998844e-01,1.627826575e-05,-3.356348799e-03,1.002979812e+03,2.979811852e+05,36
1.100000002e+00,1.399998844e-01,1.627826504e-05,-3.356348798e-03,1.002979812e+03,2.979811852e+05,36
1.110000002e+00,1.399998844e-01,1.627826399e-05,-3.356348798e-03,1.002979812e+03,2.979811852e+05,36
1.120000002e+00,1.399998844e-01,1.627826455e-05,-3.356348798e-03,1.002979812e+03,2.979811852e+05,36
1.130000002e+00,1.399998844e-01,1.627826752e-05,-3.356348799e-03,1.002979812e+03,2.979811852e+05,36
1.140000002e+00,1.399998844e-01,1.627826935e-05,-3.356348800e-03,1.002979812e+03,2.979811852e+05,36
1.150000002e+00,1.399998844e-01,1.627826800e-05,-3.356348800e-03,1.002979812e+03,2.979811852e+05,36
1.160000002e+00,1.399998844e-01,1.627826570e-05,-3.356348800e-03,1.002979812e+03,2.979811852e+05,36
1.170000002e+00,1.399998844e-01,1.627826493e-05,-3.356348800e-03,1.002979812e+03,2.979811852e+05,36
1.180000002e+00,1.399998844e-01,1.627826637e-05,-3.356348799e-03,1.002979812e+03,2.979811852e+05,36
1.190000002e+00,1.399998844e-01,1.627826783e-05,-3.356348799e-03,1.002979812e+03,2.979811852e+05,36
1.200000002e+00,1.399998844e-01,1.627826761e-05,-3.356348799e-03,1.002979812e+03,2.979811852e+05,36
1.210000002e+00,1.399998844e-01,1.627826682e-05,-3.356348799e-03,1.002979812e+03,2.979811852e+05,36
1.220000002e+00,1.399998844e-01,1.627826645e-05,-3.356348799e-03,1.002979812e+03,2.979811852e+05,36
1.230000002e+00,1.399998844e-01,1.627826637e-05,-3.356348799e-03,1.002979812e+03,2.979811852e+05,36
1.240000002e+00,1.399998844e-01,1.627826639e-05,-3.356348799e-03,1.002979812e+03,2.979811852e+05,36
1.250000002e+00,1.399998844e-01,1.627826641e-05,-3.356348799e-03,1.002979812e+03,2.979811852e+05,36
1.260000002e+00,1.399998844e-01,1.627826642e-05,-3.356348799e-03,1.002979812e+03,2.979811852e+05,36
1.270000002e+00,1.399998844e-01,1.627826642e-05,-3.356348799e-03,1.002979812e+03,2.979811852e+05,36
1.280000002e+00,1.399998844e-01,1.627826642e-05,-3.356348799e-03,1.002979812e+03,2.979811852e+05,36
1.290000002e+00,1.399998844e-01,1.627826641e-05,-3.356348799e-03,1.002979812e+03,2.979811852e+05,36
1.300000002e+00,1.399998844e-01,1.627826639e-05,-3.356348799e-03,1.002979812e+03,2.979811852e+05,36
1.310000002e+00,1.399998844e-01,1.627826632e-05,-3.356348799e-03,1.002979812e+03,2.979811852e+05,36
1.320000002e+00,1.399998844e-01,1.627826620e-05,-3.356348799e-03,1.002979812e+03,2.979811852e+05,36
1.330000002e+00,1.399998844e-01,1.627826605e-05,-3.356348799e-03,1.002979812e+03,2.979811852e+05,36
1.340000002e+00,1.399998844e-01,1.627826551e-05,-3.356348799e-03,1.002979812e+03,2.979811852e+05,36
1.350000002e+00,1.399998844e-01,1.627826458e-05,-3.356348799e-03,1.002979812e+03,2.979811852e+05,36
1.360000002e+00,1.399998844e-01,1.627826440e-05,-3.356348799e-03,1.002979812e+03,2.979811852e+05,36
1.370000002e+00,1.399998844e-01,1.627826583e-05,-3.356348799e-03,1.002979812e+03,2.979811852e+05,36
1.380000002e+00,1.399998844e-01,1.627826797e-05,-3.356348799e-03,1.002979812e+03,2.979811852e+05,36
1.390000002e+00,1.399998844e-01,1.627826877e-05,-3.356348799e-03,1.002979812e+03,2.979811852e+05,36
1.400000002e+00,1.399998844e-01,1.627826754e-05,-3.356348800e-03,1.002979812e+03,2.979811852e+05,36
1.410000002e+00,1.399998844e-01,1.627826567e-05,-3.356348800e-03,1.002979812e+03,2.979811852e+05,36
1.420000002e+00,1.399998844e-01,1.627826499e-05,-3.356348800e-03,1.002979812e+03,2.979811852e+05,36
1.430000002e+00,1.399998844e-01,1.627826637e-05,-3.356348799e-03,1.002979812e+03,2.979811852e+05,36
1.440000002e+00,1.399998844e-01,1.627826781e-05,-3.356348799e-03,1.002979812e+03,2.979811852e+05,36
1.450000002e+00,1.399998844e-01,1.627826759e-05,-3.356348799e-03,1.002979812e+03,2.979811852e+05,36
1.460000002e+00,1.399998844e-01,1.627826682e-05,-3.356348799e-03,1.002979812e+03,2.979811852e+05,36
1.470000002e+00,1.399998844e-01,1.627826647e-05,-3.356348799e-03,1.002979812e+03,2.979811852e+05,36
1.480000002e+00,1.399998844e-01,1.627826641e-05,-3.356348799e-03,1.002979812e+03,2.979811852e+05,36
1.490000002e+00,1.399998844e-01,1.627826641e-05,-3.356348799e-03,1.002979812e+03,2.979811852e+05,36
1.500000002e+00,1.399998844e-01,1.627826640e-05,-3.356348799e-03,1.002979812e+03,2.979811852e+05,36
1.510000002e+00,1.399998844e-01,1.627826639e-05,-3.356348799e-03,1.002979812e+03,2.979811852e+05,36
1.520000002e+00,1.399998844e-01,1.627826639e-05,-3.356348799e-03,1.002979812e+03,2.979811852e+05,36
1.530000002e+00,1.399998844e-01,1.627826639e-05,-3.356348799e-03,1.002979812e+03,2.979811852e+05,36
1.540000002e+00,1.399998844e-01,1.627826639e-05,-3.356348799e-03,1.002979812e+03,2.979811852e+05,36
1.550000002e+00,1.399998844e-01,1.627826640e-05,-3.356348799e-03,1.002979812e+03,2.979811852e+05,36
1.560000002e+00,1.399998844e-01,1.627826639e-05,-3.356348799e-03,1.002979812e+03,2.979811852e+05,36
1.570000002e+00,1.399998844e-01,1.627826633e-05,-3.356348799e-03,1.002979812e+03,2.979811852e+05,36
1.580000002e+00,1.399998844e-01,1.627826622e-05,-3.356348799e-03,1.002979812e+03,2.979811852e+05,36
1.590000002e+00,1.399998844e-01,1.627826606e-05,-3.356348799e-03,1.002979812e+03,2.979811852e+05,36
1.600000002e+00,1.399998844e-01,1.627826552e-05,-3.356348799e-03,1.002979812e+03,2.979811852e+05,36
1.610000002e+00,1.399998844e-01,1.627826459e-05,-3.356348799e-03,1.002979812e+03,2.979811852e+05,36
1.620000002e+00,1.399998844e-01,1.627826442e-05,-3.356348799e-03,1.002979812e+03,2.979811852e+05,36
1.630000002e+00,1.399998844e-01,1.627826587e-05,-3.356348798e-03,1.002979812e+03,2.979811852e+05,36
1.640000002e+00,1.399998844e-01,1.627826805e-05,-3.356348799e-03,1.002979812e+03,2.979811852e+05,36
1.650000002e+00,1.399998844e-01,1.627826887e-05,-3.356348799e-03,1.002979812e+03,2.979811852e+05,36
1.660000002e+00,1.399998844e-01,1.627826744e-05,-3.356348800e-03,1.002979812e+03,2.979811852e+05,36
1.670000002e+00,1.399998844e-01,1.627826536e-05,-3.356348800e-03,1.002979812e+03,2.979811852e+05,36
1.680000002e+00,1.399998844e-01,1.627826485e-05,-3.356348799e-03,1.002979812e+03,2.979811852e+05,36
1.690000002e+00,1.399998844e-01,1.627826645e-05,-3.356348799e-03,1.002979812e+03,2.979811852e+05,36
1.700000002e+00,1.399998844e-01,1.627826760e-05,-3.356348799e-03,1.002979812e+03,2.979811852e+05,36
1.710000002e+00,1.399998844e-01,1.627826544e-05,-3.356348799e-03,1.002979812e+03,2.979811852e+05,36
1.720000002e+00,1.399998844e-01,1.627825346e-05,-3.356348797e-03,1.002979812e+03,2.979811852e+05,36
1.730000002e+00,1.399998844e-01,1.627818693e-05,-3.356348788e-03,1.002979812e+03,2.979811852e+05,36
1.740000002e+00,1.399998844e-01,1.627780205e-05,-3.356348734e-03,1.002979812e+03,2.979811853e+05,36
1.750000002e+00,1.399998844e-01,1.627561536e-05,-3.356348410e-03,1.002979812e+03,2.979811858e+05,36
1.760000002e+00,1.399998844e-01,1.626355902e-05,-3.356346539e-03,1.002979812e+03,2.979811884e+05,36
1.770000002e+00,1.399998844e-01,1.619911673e-05,-3.356335993e-03,1.002979812e+03,2.979812025e+05,36
1.780000002e+00,1.399998844e-01,1.586382453e-05,-3.356277897e-03,1.002979813e+03,2.979812771e+05,36
1.790000002e+00,1.399998844e-01,1.417304909e-05,-3.355966109e-03,1.002979817e+03,2.979816558e+05,36
1.800000002e+00,1.399998845e-01,6.008095593e-06,-3.354348552e-03,1.002979835e+03,2.979835303e+05,36
1.810000001e+00,1.399998845e-01,-3.181224381e-05,-3.346210707e-03,1.002979925e+03,2.979924954e+05,36
1.820000000e+00,1.399998849e-01,-2.017071711e-04,-3.306245190e-03,1.002980329e+03,2.980328947e+05,36
1.829999992e+00,1.399998868e-01,-9.302522771e-04,-3.117509422e-03,1.002982060e+03,2.982060290e+05,36
1.839999960e+00,1.399998957e-01,-3.825525006e-03,-2.274755663e-03,1.002989309e+03,2.989309186e+05,36
1.849999829e+00,1.399999368e-01,-1.463216389e-02,1.360144244e-03,1.003017825e+03,3.017825429e+05,36
1.859999313e+00,1.400001243e-01,-5.319931644e-02,1.656018997e-02,1.003116915e+03,3.116914903e+05,36
1.869997447e+00,1.400009098e-01,-1.770081263e-01,7.425183940e-02,1.003434435e+03,3.434434685e+05,36
1.879991901e+00,1.400037433e-01,-5.013894527e-01,2.612137573e-01,1.004417252e+03,4.417251754e+05,36
1.889977963e+00,1.400132200e-01,-1.171284972e+00,7.897723428e-01,1.007033058e+03,7.033057712e+05,36
1.899944962e+00,1.400437322e-01,-2.195368731e+00,2.041960611e+00,1.011915855e+03,1.191585539e+06,36
1.909885417e+00,1.401181911e-01,-3.029580429e+00,4.004456468e+00,1.016049748e+03,1.604974793e+06,36
1.919813421e+00,1.402267154e-01,-3.310821415e+00,5.362683495e+00,1.012386616e+03,1.238661611e+06,34
1.929765258e+00,1.402685974e-01,-4.303073808e+00,4.293015174e+00,1.002811966e+03,2.811965708e+05,34
1.939764401e+00,1.402286039e-01,-8.600268199e+00,2.296195765e+00,1.005602865e+03,5.602864862e+05,35
1.949606533e+00,1.402211482e-01,-1.826935494e+01,3.636831075e+00,1.041220943e+03,4.122094264e+06,37
1.959171998e+00,1.404300625e-01,-2.896055642e+01,1.253320877e+01,1.132701058e+03,1.327010581e+07,35
1.970345266e+00,1.407874528e-01,-5.098956661e+00,2.146856566e+01,1.097618685e+03,9.761868476e+06,34
1.989298341e+00,1.406280798e-01,-1.803956007e+00,1.158973650e+01,8.320053706e+02,-1.679946294e+07,34
1.343962762e-02,1.409801622e-01,1.133689291e+02,1.104730650e+01,8.806676398e+02,-1.193323602e+07,33
1.969069560e+00,1.418179834e-01,-8.555571559e+01,2.360553437e+01,1.101418940e+03,1.014189400e+07,35
3.193662225e-02,1.603292322e-01,8.689333576e+01,3.194304959e+01,1.098739762e+03,9.873976162e+06,35
1.986848861e+00,1.588623857e-01,-5.857302532e+01,4.771696487e+01,9.556781542e+02,-4.432184578e+06,29
8.961115609e-03,1.538665035e-01,-8.890977646e+00,4.204134134e+01,8.620374156e+02,-1.379625844e+07,28
2.903313756e-02,1.509679015e-01,3.169841648e-01,1.014641630e+01,1.018957382e+03,1.895738191e+06,34
4.063478000e-02,1.501360466e-01,2.256593655e+01,1.294477778e+00,1.101794948e+03,1.017949485e+07,38
5.038384799e-02,1.499957797e-01,1.669745882e+01,-2.398930623e+00,1.051600445e+03,5.160044506e+06,35
6.012983134e-02,1.500707071e-01,7.532980149e+00,-8.695034588e-01,1.025050090e+03,2.505008970e+06,37
7.004999678e-02,1.501038297e-01,2.501087342e+00,9.740104389e-01,1.016296510e+03,1.629651048e+06,34
8.004443454e-02,1.500811827e-01,1.252103746e+00,1.801478339e+00,1.013036735e+03,1.303673523e+06,36
9.003280672e-02,1.500446455e-01,1.093377020e+00,1.606244148e+00,1.010523759e+03,1.052375894e+06,36
1.000195144e-01,1.500198789e-01,8.916816460e-01,9.860507578e-01,1.007286485e+03,7.286484728e+05,36
1.100100293e-01,1.500077249e-01,5.499483910e-01,4.606971753e-01,1.004882199e+03,4.882199224e+05,36
1.200041386e-01,1.500025042e-01,2.550879160e-01,1.704290188e-01,1.003709305e+03,3.709305051e+05,36
1.300013629e-01,1.500006177e-01,9.394838158e-02,5.052549882e-02,1.003245554e+03,3.245553751e+05,36
1.400003888e-01,1.500000684e-01,2.988604891e-02,1.153790898e-02,1.003073446e+03,3.073446122e+05,36
1.500001057e-01,1.499999319e-01,8.813281380e-03,7.553236091e-04,1.003014150e+03,3.014150402e+05,36
1.600000285e-01,1.499998999e-01,2.445206796e-03,-2.015658501e-03,1.002996585e+03,2.996585139e+05,36
1.700000082e-01,1.499998926e-01,6.336703085e-04,-2.701252696e-03,1.002991997e+03,2.991996928e+05,36
1.800000033e-01,1.499998909e-01,1.623859702e-04,-2.860715974e-03,1.002990854e+03,2.990854441e+05,36
1.900000021e-01,1.499998906e-01,4.939505287e-05,-2.895451714e-03,1.002990579e+03,2.990578825e+05,36
2.000000019e-01,1.499998905e-01,2.350624488e-05,-2.902736209e-03,1.002990516e+03,2.990516471e+05,36
2.100000018e-01,1.499998905e-01,1.778404833e-05,-2.904222660e-03,1.002990503e+03,2.990503208e+05,36
2.200000018e-01,1.499998905e-01,1.657880890e-05,-2.904515103e-03,1.002990500e+03,2.990500481e+05,36
2.300000018e-01,1.499998905e-01,1.633628003e-05,-2.904570576e-03,1.002990500e+03,2.990499936e+05,36
2.400000018e-01,1.499998905e-01,1.628903003e-05,-2.904580819e-03,1.002990500e+03,2.990499831e+05,36
2.500000018e-01,1.499998905e-01,1.628008891e-05,-2.904582664e-03,1.002990500e+03,2.990499812e+05,36
2.600000018e-01,1.499998905e-01,1.627845261e-05,-2.904582987e-03,1.002990500e+03,2.990499809e+05,36
2.700000018e-01,1.499998905e-01,1.627816250e-05,-2.904583043e-03,1.002990500e+03,2.990499808e+05,36
2.800000018e-01,1.499998905e-01,1.627811190e-05,-2.904583052e-03,1.002990500e+03,2.990499808e+05,36
2.900000018e-01,1.499998905e-01,1.627810283e-05,-2.904583053e-03,1.002990500e+03,2.990499808e+05,36
3.000000018e-01,1.499998905e-01,1.627810110e-05,-2.904583053e-03,1.002990500e+03,2.990499808e+05,36
3.100000018e-01,1.499998905e-01,1.627810112e-05,-2.904583053e-03,1.002990500e+03,2.990499808e+05,36
3.200000018e-01,1.499998905e-01,1.627810161e-05,-2.904583053e-03,1.002990500e+03,2.990499808e+05,36
3.300000018e-01,1.499998905e-01,1.627810193e-05,-2.904583053e-03,1.002990500e+03,2.990499808e+05,36
3.400000018e-01,1.499998905e-01,1.627810188e-05,-2.904583053e-03,1.002990500e+03,2.990499808e+05,36
3.500000018e-01,1.499998905e-01,1.627810154e-05,-2.904583053e-03,1.002990500e+03,2.990499808e+05,36
3.600000018e-01,1.499998905e-01,1.627810107e-05,-2.904583054e-03,1.002990500e+03,2.990499808e+05,36
3.700000018e-01,1.499998905e-01,1.627810067e-05,-2.904583054e-03,1.002990500e+03,2.990499808e+05,36
3.800000018e-01,1.499998905e-01,1.627810095e-05,-2.904583054e-03,1.002990500e+03,2.990499808e+05,36
3.900000018e-01,1.499998905e-01,1.627810181e-05,-2.904583054e-03,1.002990500e+03,2.990499808e+05,36
4.000000018e-01,1.499998905e-01,1.627810215e-05,-2.904583054e-03,1.002990500e+03,2.990499808e+05,36
4.100000018e-01,1.499998905e-01,1.627810174e-05,-2.904583053e-03,1.002990500e+03,2.990499808e+05,36
4.200000018e-01,1.499998905e-01,1.627810111e-05,-2.904583053e-03,1.002990500e+03,2.990499808e+05,36
4.300000018e-01,1.499998905e-01,1.627810066e-05,-2.904583054e-03,1.002990500e+03,2.990499808e+05,36
4.400000018e-01,1.499998905e-01,1.627810094e-05,-2.904583054e-03,1.002990500e+03,2.990499808e+05,36
4.500000018e-01,1.499998905e-01,1.627810177e-05,-2.904583054e-03,1.002990500e+03,2.990499808e+05,36
4.600000018e-01,1.499998905e-01,1.627810209e-05,-2.904583054e-03,1.002990500e+03,2.990499808e+05,36
4.700000018e-01,1.499998905e-01,1.627810180e-05,-2.904583054e-03,1.002990500e+03,2.990499808e+05,36
4.800000018e-01,1.499998905e-01,1.627810133e-05,-2.904583053e-03,1.002990500e+03,2.990499808e+05,36
4.900000018e-01,1.499998905e-01,1.627810079e-05,-2.904583053e-03,1.002990500e+03,2.990499808e+05,36
5.000000018e-01,1.499998905e-01,1.627810095e-05,-2.904583053e-03,1.002990500e+03,2.990499808e+05,36
5.100000018e-01,1.499998905e-01,1.627810186e-05,-2.904583053e-03,1.002990500e+03,2.990499808e+05,36
5.200000018e-01,1.499998905e-01,1.627810210e-05,-2.904583053e-03,1.002990500e+03,2.990499808e+05,36
5.300000018e-01,1.499998905e-01,1.627810134e-05,-2.904583054e-03,1.002990500e+03,2.990499808e+05,36
5.400000018e-01,1.499998905e-01,1.627810064e-05,-2.904583054e-03,1.002990500e+03,2.990499808e+05,36
5.500000018e-01,1.499998905e-01,1.627810095e-05,-2.904583053e-03,1.002990500e+03,2.990499808e+05,36
5.600000018e-01,1.499998905e-01,1.627810192e-05,-2.904583053e-03,1.002990500e+03,2.990499808e+05,36
5.700000018e-01,1.499998905e-01,1.627810219e-05,-2.904583053e-03,1.002990500e+03,2.990499808e+05,36
5.800000018e-01,1.499998905e-01,1.627810120e-05,-2.904583054e-03,1.002990500e+03,2.990499808e+05,36
5.900000018e-01,1.499998905e-01,1.627810028e-05,-2.904583053e-03,1.002990500e+03,2.990499808e+05,36
6.000000018e-01,1.499998905e-01,1.627810101e-05,-2.904583053e-03,1.002990500e+03,2.990499808e+05,36
6.100000018e-01,1.499998905e-01,1.627810238e-05,-2.904583053e-03,1.002990500e+03,2.990499808e+05,36
6.200000018e-01,1.499998905e-01,1.627810259e-05,-2.904583053e-03,1.002990500e+03,2.990499808e+05,36
6.300000018e-01,1.499998905e-01,1.627810200e-05,-2.904583053e-03,1.002990500e+03,2.990499808e+05,36
6.400000018e-01,1.499998905e-01,1.627810157e-05,-2.904583053e-03,1.002990500e+03,2.990499808e+05,36
6.500000018e-01,1.499998905e-01,1.627810128e-05,-2.904583053e-03,1.002990500e+03,2.990499808e+05,36
6.600000018e-01,1.499998905e-01,1.627810081e-05,-2.904583054e-03,1.002990500e+03,2.990499808e+05,36
6.700000018e-01,1.499998905e-01,1.627810043e-05,-2.904583054e-03,1.002990500e+03,2.990499808e+05,36
6.800000018e-01,1.499998905e-01,1.627810087e-05,-2.904583053e-03,1.002990500e+03,2.990499808e+05,36
6.900000018e-01,1.499998905e-01,1.627810191e-05,-2.904583053e-03,1.002990500e+03,2.990499808e+05,36
7.000000018e-01,1.499998905e-01,1.627810220e-05,-2.904583054e-03,1.002990500e+03,2.990499808e+05,36
7.100000018e-01,1.499998905e-01,1.627810118e-05,-2.904583054e-03,1.002990500e+03,2.990499808e+05,36
7.200000018e-01,1.499998905e-01,1.627810024e-05,-2.904583053e-03,1.002990500e+03,2.990499808e+05,36
7.300000018e-01,1.499998905e-01,1.627810099e-05,-2.904583053e-03,1.002990500e+03,2.990499808e+05,36
7.400000018e-01,1.499998905e-01,1.627810239e-05,-2.904583053e-03,1.002990500e+03,2.990499808e+05,36
7.500000018e-01,1.499998905e-01,1.627810261e-05,-2.904583053e-03,1.002990500e+03,2.990499808e+05,36
7.600000018e-01,1.499998905e-01,1.627810198e-05,-2.904583053e-03,1.002990500e+03,2.990499808e+05,36
7.700000018e-01,1.499998905e-01,1.627810151e-05,-2.904583053e-03,1.002990500e+03,2.990499808e+05,36
7.800000018e-01,1.499998905e-01,1.627810124e-05,-2.904583053e-03,1.002990500e+03,2.990499808e+05,36
7.900000018e-01,1.499998905e-01,1.627810083e-05,-2.904583054e-03,1.002990500e+03,2.990499808e+05,36
8.000000018e-01,1.499998905e-01,1.627810047e-05,-2.904583054e-03,1.002990500e+03,2.990499808e+05,36
8.100000018e-01,1.499998905e-01,1.627810090e-05,-2.904583053e-03,1.002990500e+03,2.990499808e+05,36
8.200000018e-01,1.499998905e-01,1.627810192e-05,-2.904583053e-03,1.002990500e+03,2.990499808e+05,36
8.300000018e-01,1.499998905e-01,1.627810220e-05,-2.904583054e-03,1.002990500e+03,2.990499808e+05,36
8.400000018e-01,1.499998905e-01,1.627810119e-05,-2.904583054e-03,1.002990500e+03,2.990499808e+05,36
8.500000018e-01,1.499998905e-01,1.627810025e-05,-2.904583054e-03,1.002990500e+03,2.990499808e+05,36
8.600000018e-01,1.499998905e-01,1.627810102e-05,-2.904583053e-03,1.002990500e+03,2.990499808e+05,36
8.700000018e-01,1.499998905e-01,1.627810240e-05,-2.904583053e-03,1.002990500e+03,2.990499808e+05,36
8.800000018e-01,1.499998905e-01,1.627810258e-05,-2.904583053e-03,1.002990500e+03,2.990499808e+05,36
8.900000018e-01,1.499998905e-01,1.627810192e-05,-2.904583054e-03,1.002990500e+03,2.990499808e+05,36
9.000000018e-01,1.499998905e-01,1.627810138e-05,-2.904583054e-03,1.002990500e+03,2.990499808e+05,36
9.100000018e-01,1.499998905e-01,1.627810088e-05,-2.904583054e-03,1.002990500e+03,2.990499808e+05,36
9.200000018e-01,1.499998905e-01,1.627810048e-05,-2.904583054e-03,1.002990500e+03,2.990499808e+05,36
9.300000018e-01,1.499998905e-01,1.627810089e-05,-2.904583053e-03,1.002990500e+03,2.990499808e+05,36
9.400000018e-01,1.499998905e-01,1.627810190e-05,-2.904583053e-03,1.002990500e+03,2.990499808e+05,36
9.500000018e-01,1.499998905e-01,1.627810221e-05,-2.904583053e-03,1.002990500e+03,2.990499808e+05,36
9.600000018e-01,1.499998905e-01,1.627810136e-05,-2.904583054e-03,1.002990500e+03,2.990499808e+05,36
9.700000018e-01,1.499998905e-01,1.627810103e-05,-2.904583054e-03,1.002990500e+03,2.990499808e+05,36
9.800000018e-01,1.499998905e-01,1.627810248e-05,-2.904583054e-03,1.002990500e+03,2.990499808e+05,36
9.900000018e-01,1.499998905e-01,1.627810328e-05,-2.904583054e-03,1.002990500e+03,2.990499808e+05,36
1.000000002e+00,1.499998905e-01,1.627810180e-05,-2.904583054e-03,1.002990500e+03,2.990499808e+05,36
1.010000002e+00,1.499998905e-01,1.627810059e-05,-2.904583054e-03,1.002990500e+03,2.990499808e+05,36
1.020000002e+00,1.499998905e-01,1.627810080e-05,-2.904583054e-03,1.002990500e+03,2.990499808e+05,36
1.030000002e+00,1.499998905e-01,1.627810124e-05,-2.904583053e-03,1.002990500e+03,2.990499808e+05,36
1.040000002e+00,1.499998905e-01,1.627810138e-05,-2.904583053e-03,1.002990500e+03,2.990499808e+05,36
1.050000002e+00,1.499998905e-01,1.627810142e-05,-2.904583053e-03,1.002990500e+03,2.990499808e+05,36
1.060000002e+00,1.499998905e-01,1.627810141e-05,-2.904583053e-03,1.002990500e+03,2.990499808e+05,36
1.070000002e+00,1.499998905e-01,1.627810136e-05,-2.904583053e-03,1.002990500e+03,2.990499808e+05,36
1.080000002e+00,1.499998905e-01,1.627810123e-05,-2.904583053e-03,1.002990500e+03,2.990499808e+05,36
1.090000002e+00,1.499998905e-01,1.627810097e-05,-2.904583053e-03,1.002990500e+03,2.990499808e+05,36
1.100000002e+00,1.499998905e-01,1.627810023e-05,-2.904583053e-03,1.002990500e+03,2.990499808e+05,36
1.110000002e+00,1.499998905e-01,1.627809911e-05,-2.904583053e-03,1.002990500e+03,2.990499808e+05,36
1.120000002e+00,1.499998905e-01,1.627809948e-05,-2.904583053e-03,1.002990500e+03,2.990499808e+05,36
1.130000002e+00,1.499998905e-01,1.627810194e-05,-2.904583053e-03,1.002990500e+03,2.990499808e+05,36
1.140000002e+00,1.499998905e-01,1.627810341e-05,-2.904583054e-03,1.002990500e+03,2.990499808e+05,36
1.150000002e+00,1.499998905e-01,1.627810256e-05,-2.904583055e-03,1.002990500e+03,2.990499808e+05,36
1.160000002e+00,1.499998905e-01,1.627810121e-05,-2.904583055e-03,1.002990500e+03,2.990499808e+05,36
1.170000002e+00,1.499998905e-01,1.627810071e-05,-2.904583054e-03,1.002990500e+03,2.990499808e+05,36
1.180000002e+00,1.499998905e-01,1.627810173e-05,-2.904583053e-03,1.002990500e+03,2.990499808e+05,36
1.190000002e+00,1.499998905e-01,1.627810280e-05,-2.904583053e-03,1.002990500e+03,2.990499808e+05,36
1.200000002e+00,1.499998905e-01,1.627810251e-05,-2.904583053e-03,1.002990500e+03,2.990499808e+05,36
1.210000002e+00,1.499998905e-01,1.627810180e-05,-2.904583053e-03,1.002990500e+03,2.990499808e+05,36
1.220000002e+00,1.499998905e-01,1.627810146e-05,-2.904583053e-03,1.002990500e+03,2.990499808e+05,36
1.230000002e+00,1.499998905e-01,1.627810138e-05,-2.904583053e-03,1.002990500e+03,2.990499808e+05,36
1.240000002e+00,1.499998905e-01,1.627810141e-05,-2.904583053e-03,1.002990500e+03,2.990499808e+05,36
1.250000002e+00,1.499998905e-01,1.627810144e-05,-2.904583053e-03,1.002990500e+03,2.990499808e+05,36
1.260000002e+00,1.499998905e-01,1.627810143e-05,-2.904583053e-03,1.002990500e+03,2.990499808e+05,36
1.270000002e+00,1.499998905e-01,1.627810142e-05,-2.904583053e-03,1.002990500e+03,2.990499808e+05,36
1.280000002e+00,1.499998905e-01,1.627810143e-05,-2.904583053e-03,1.002990500e+03,2.990499808e+05,36
1.290000002e+00,1.499998905e-01,1.627810143e-05,-2.904583053e-03,1.002990500e+03,2.990499808e+05,36
1.300000002e+00,1.499998905e-01,1.627810142e-05,-2.904583053e-03,1.002990500e+03,2.990499808e+05,36
1.310000002e+00,1.499998905e-01,1.627810139e-05,-2.904583053e-03,1.002990500e+03,2.990499808e+05,36
1.320000002e+00,1.499998905e-01,1.627810132e-05,-2.904583053e-03,1.002990500e+03,2.990499808e+05,36
1.330000002e+00,1.499998905e-01,1.627810116e-05,-2.904583053e-03,1.002990500e+03,2.990499808e+05,36
1.340000002e+00,1.499998905e-01,1.627810058e-05,-2.904583053e-03,1.002990500e+03,2.990499808e+05,36
1.350000002e+00,1.499998905e-01,1.627809967e-05,-2.904583053e-03,1.002990500e+03,2.990499808e+05,36
1.360000002e+00,1.499998905e-01,1.627809957e-05,-2.904583053e-03,1.002990500e+03,2.990499808e+05,36
1.370000002e+00,1.499998905e-01,1.627810090e-05,-2.904583053e-03,1.002990500e+03,2.990499808e+05,36
1.380000002e+00,1.499998905e-01,1.627810251e-05,-2.904583053e-03,1.002990500e+03,2.990499808e+05,36
1.390000002e+00,1.499998905e-01,1.627810287e-05,-2.904583054e-03,1.002990500e+03,2.990499808e+05,36
1.400000002e+00,1.499998905e-01,1.627810208e-05,-2.904583055e-03,1.002990500e+03,2.990499808e+05,36
1.410000002e+00,1.499998905e-01,1.627810112e-05,-2.904583055e-03,1.002990500e+03,2.990499808e+05,36
1.420000002e+00,1.499998905e-01,1.627810077e-05,-2.904583054e-03,1.002990500e+03,2.990499808e+05,36
1.430000002e+00,1.499998905e-01,1.627810177e-05,-2.904583053e-03,1.002990500e+03,2.990499808e+05,36
1.440000002e+00,1.499998905e-01,1.627810280e-05,-2.904583053e-03,1.002990500e+03,2.990499808e+05,36
1.450000002e+00,1.499998905e-01,1.627810247e-05,-2.904583053e-03,1.002990500e+03,2.990499808e+05,36
1.460000002e+00,1.499998905e-01,1.627810174e-05,-2.904583053e-03,1.002990500e+03,2.990499808e+05,36
1.470000002e+00,1.499998905e-01,1.627810144e-05,-2.904583053e-03,1.002990500e+03,2.990499808e+05,36
1.480000002e+00,1.499998905e-01,1.627810140e-05,-2.904583053e-03,1.002990500e+03,2.990499808e+05,36
1.490000002e+00,1.499998905e-01,1.627810141e-05,-2.904583054e-03,1.002990500e+03,2.990499808e+05,36
1.500000002e+00,1.499998905e-01,1.627810141e-05,-2.904583054e-03,1.002990500e+03,2.990499808e+05,36
1.510000002e+00,1.499998905e-01,1.627810141e-05,-2.904583054e-03,1.002990500e+03,2.990499808e+05,36
1.520000002e+00,1.499998905e-01,1.627810141e-05,-2.904583054e-03,1.002990500e+03,2.990499808e+05,36
1.530000002e+00,1.499998905e-01,1.627810139e-05,-2.904583054e-03,1.002990500e+03,2.990499808e+05,36
1.540000002e+00,1.499998905e-01,1.627810140e-05,-2.904583054e-03,1.002990500e+03,2.990499808e+05,36
1.550000002e+00,1.499998905e-01,1.627810142e-05,-2.904583054e-03,1.002990500e+03,2.990499808e+05,36
1.560000002e+00,1.499998905e-01,1.627810145e-05,-2.904583054e-03,1.002990500e+03,2.990499808e+05,36
1.570000002e+00,1.499998905e-01,1.627810146e-05,-2.904583053e-03,1.002990500e+03,2.990499808e+05,36
1.580000002e+00,1.499998905e-01,1.627810142e-05,-2.904583053e-03,1.002990500e+03,2.990499808e+05,36
1.590000002e+00,1.499998905e-01,1.627810122e-05,-2.904583053e-03,1.002990500e+03,2.990499808e+05,36
1.600000002e+00,1.499998905e-01,1.627810061e-05,-2.904583053e-03,1.002990500e+03,2.990499808e+05,36
1.610000002e+00,1.499998905e-01,1.627809968e-05,-2.904583053e-03,1.002990500e+03,2.990499808e+05,36
1.620000002e+00,1.499998905e-01,1.627809958e-05,-2.904583053e-03,1.002990500e+03,2.990499808e+05,36
1.630000002e+00,1.499998905e-01,1.627810091e-05,-2.904583053e-03,1.002990500e+03,2.990499808e+05,36
1.640000002e+00,1.499998905e-01,1.627810251e-05,-2.904583053e-03,1.002990500e+03,2.990499808e+05,36
1.650000002e+00,1.499998905e-01,1.627810287e-05,-2.904583054e-03,1.002990500e+03,2.990499808e+05,36
1.660000002e+00,1.499998905e-01,1.627810204e-05,-2.904583055e-03,1.002990500e+03,2.990499808e+05,36
1.670000002e+00,1.499998905e-01,1.627810101e-05,-2.904583055e-03,1.002990500e+03,2.990499808e+05,36
1.680000002e+00,1.499998905e-01,1.627810065e-05,-2.904583054e-03,1.002990500e+03,2.990499808e+05,36
1.690000002e+00,1.499998905e-01,1.627810167e-05,-2.904583053e-03,1.002990500e+03,2.990499808e+05,36
1.700000002e+00,1.499998905e-01,1.627810252e-05,-2.904583053e-03,1.002990500e+03,2.990499808e+05,36
1.710000002e+00,1.499998905e-01,1.627810082e-05,-2.904583053e-03,1.002990500e+03,2.990499808e+05,36
1.720000002e+00,1.499998905e-01,1.627809158e-05,-2.904583052e-03,1.002990500e+03,2.990499808e+05,36
1.730000002e+00,1.499998905e-01,1.627804093e-05,-2.904583043e-03,1.002990500e+03,2.990499808e+05,36
1.740000002e+00,1.499998905e-01,1.627775040e-05,-2.904582987e-03,1.002990500e+03,2.990499809e+05,36
1.750000002e+00,1.499998905e-01,1.627611334e-05,-2.904582664e-03,1.002990500e+03,2.990499812e+05,36
1.760000002e+00,1.499998905e-01,1.626717174e-05,-2.904580819e-03,1.002990500e+03,2.990499831e+05,36
1.770000002e+00,1.499998905e-01,1.621992251e-05,-2.904570577e-03,1.002990500e+03,2.990499936e+05,36
1.780000002e+00,1.499998905e-01,1.597739530e-05,-2.904515103e-03,1.002990500e+03,2.990500481e+05,36
1.790000002e+00,1.499998905e-01,1.477215550e-05,-2.904222660e-03,1.002990503e+03,2.990503208e+05,36
1.800000002e+00,1.499998905e-01,9.049956971e-06,-2.902736209e-03,1.002990516e+03,2.990516470e+05,36
1.810000002e+00,1.499998906e-01,-1.683885069e-05,-2.895451714e-03,1.002990579e+03,2.990578825e+05,36
1.820000000e+00,1.499998909e-01,-1.298297667e-04,-2.860715973e-03,1.002990854e+03,2.990854441e+05,36
1.829999995e+00,1.499998926e-01,-6.011141054e-04,-2.701252695e-03,1.002991997e+03,2.991996928e+05,36
1.839999975e+00,1.499998999e-01,-2.412650593e-03,-2.015658501e-03,1.002996585e+03,2.996585139e+05,36
1.849999898e+00,1.499999319e-01,-8.780725176e-03,7.553236098e-04,1.003014150e+03,3.014150402e+05,36
1.859999615e+00,1.500000684e-01,-2.985349271e-02,1.153790898e-02,1.003073446e+03,3.073446122e+05,36
1.869998641e+00,1.500006177e-01,-9.391582537e-02,5.052549882e-02,1.003245554e+03,3.245553751e+05,36
1.879995865e+00,1.500025042e-01,-2.550553597e-01,1.704290188e-01,1.003709305e+03,3.709305051e+05,36
1.889989974e+00,1.500077249e-01,-5.499158345e-01,4.606971754e-01,1.004882199e+03,4.882199224e+05,36
1.899980489e+00,1.500198789e-01,-8.916490888e-01,9.860507580e-01,1.007286485e+03,7.286484726e+05,36
1.909967197e+00,1.500446455e-01,-1.093344460e+00,1.606244149e+00,1.010523759e+03,1.052375893e+06,36
1.919955569e+00,1.500811827e-01,-1.252071176e+00,1.801478343e+00,1.013036735e+03,1.303673520e+06,36
1.929950007e+00,1.501038297e-01,-2.501054738e+00,9.740104596e-01,1.016296510e+03,1.629651039e+06,34
1.939870172e+00,1.500707071e-01,-7.532947481e+00,-8.695033942e-01,1.025050089e+03,2.505008936e+06,37
1.949616156e+00,1.499957797e-01,-1.669742606e+01,-2.398930478e+00,1.051600444e+03,5.160044387e+06,35
1.959365224e+00,1.501360467e-01,-2.256590368e+01,1.294478110e+00,1.101794946e+03,1.017949462e+07,38
1.970966866e+00,1.509679016e-01,-3.169512766e-01,1.014641726e+01,1.018957380e+03,1.895738044e+06,34
1.991038888e+00,1.538665036e-01,8.891010441e+00,4.204134388e+01,8.620374225e+02,-1.379625775e+07,28
1.315114283e-02,1.588623856e-01,5.857305796e+01,4.771696235e+01,9.556781478e+02,-4.432185220e+06,29
1.968063382e+00,1.603292323e-01,-8.689330104e+01,3.194305182e+01,1.098739762e+03,9.873976194e+06,35
4.096102637e-02,1.691056281e-01,1.485778543e+02,2.489890420e+01,1.174260387e+03,1.742603869e+07,33
1.980636677e+00,1.727875945e-01,-8.175508474e+01,3.429475498e+01,9.291655219e+02,-7.083447806e+06,27
4.803852048e-03,1.653818765e-01,4.126380560e+01,-9.307951745e+00,7.129261256e+02,-2.870738744e+07,27
2.697049041e-02,1.618063159e-01,-1.546981279e+01,1.165342778e+01,1.049318286e+03,4.931828590e+06,32
4.063059449e-02,1.600873364e-01,2.877595222e+01,-5.930384057e+00,1.152479481e+03,1.524794807e+07,36
5.059782047e-02,1.599150290e-01,2.387370263e+01,-4.954954723e+00,1.090306802e+03,9.030680205e+06,36
6.019913851e-02,1.599828055e-01,1.026417485e+01,-1.513619091e+00,1.034773752e+03,3.477375250e+06,35
7.003912899e-02,1.600192199e-01,3.065073726e+00,2.191735067e-01,1.015653773e+03,1.565377292e+06,37
8.001423949e-02,1.600223186e-01,1.013451818e+00,7.656114624e-01,1.009084992e+03,9.084992091e+05,36
9.001075160e-02,1.600156098e-01,5.726187301e-01,7.335624594e-01,1.006167404e+03,6.167404013e+05,36
1.000075326e-01,1.600086624e-01,4.015969959e-01,4.818238336e-01,1.004651022e+03,4.651022448e+05,36
1.100041922e-01,1.600036735e-01,2.399232654e-01,2.357707097e-01,1.003777689e+03,3.777689307e+05,36
1.200017915e-01,1.600010839e-01,1.126482343e-01,8.969240958e-02,1.003336450e+03,3.336450420e+05,36
1.300006210e-01,1.600000994e-01,4.355956493e-02,2.792877369e-02,1.003131106e+03,3.131105959e+05,36
1.400001927e-01,1.599998034e-01,1.497572170e-02,7.159902362e-03,1.003043240e+03,3.043240447e+05,36
1.500000574e-01,1.599997246e-01,4.759286683e-03,9.746769187e-04,1.003011540e+03,3.011540233e+05,36
1.600000169e-01,1.599997043e-01,1.387788357e-03,-7.720584657e-04,1.003001974e+03,3.001973711e+05,36
1.700000055e-01,1.599996992e-01,3.758583054e-04,-1.234702481e-03,1.002999369e+03,2.999368643e+05,36
1.800000027e-01,1.599996981e-01,1.041213846e-04,-1.346862453e-03,1.002998686e+03,2.998686147e+05,36
1.900000020e-01,1.599996978e-01,3.680219357e-05,-1.372284849e-03,1.002998516e+03,2.998516097e+05,36
2.000000019e-01,1.599996978e-01,2.085951256e-05,-1.377849853e-03,1.002998477e+03,2.998476900e+05,36
2.100000018e-01,1.599996978e-01,1.724762967e-05,-1.379027882e-03,1.002998468e+03,2.998468400e+05,36
2.200000018e-01,1.599996978e-01,1.647339398e-05,-1.379266404e-03,1.002998467e+03,2.998466617e+05,36
2.300000018e-01,1.599996978e-01,1.631513495e-05,-1.379312847e-03,1.002998466e+03,2.998466255e+05,36
2.400000018e-01,1.599996978e-01,1.628385392e-05,-1.379321641e-03,1.002998466e+03,2.998466185e+05,36
2.500000018e-01,1.599996978e-01,1.627786478e-05,-1.379323261e-03,1.002998466e+03,2.998466172e+05,36
2.600000018e-01,1.599996978e-01,1.627675855e-05,-1.379323551e-03,1.002998466e+03,2.998466170e+05,36
2.700000018e-01,1.599996978e-01,1.627656081e-05,-1.379323601e-03,1.002998466e+03,2.998466169e+05,36
2.800000018e-01,1.599996978e-01,1.627652605e-05,-1.379323610e-03,1.002998466e+03,2.998466169e+05,36
2.900000018e-01,1.599996978e-01,1.627651974e-05,-1.379323611e-03,1.002998466e+03,2.998466169e+05,36
3.000000018e-01,1.599996978e-01,1.627651843e-05,-1.379323611e-03,1.002998466e+03,2.998466169e+05,36
3.100000018e-01,1.599996978e-01,1.627651846e-05,-1.379323611e-03,1.002998466e+03,2.998466169e+05,36
3.200000018e-01,1.599996978e-01,1.627651896e-05,-1.379323611e-03,1.002998466e+03,2.998466169e+05,36
3.300000018e-01,1.599996978e-01,1.627651923e-05,-1.379323611e-03,1.002998466e+03,2.998466169e+05,36
3.400000018e-01,1.599996978e-01,1.627651912e-05,-1.379323611e-03,1.002998466e+03,2.998466169e+05,36
3.500000018e-01,1.599996978e-01,1.627651880e-05,-1.379323611e-03,1.002998466e+03,2.998466169e+05,36
3.600000018e-01,1.599996978e-01,1.627651838e-05,-1.379323612e-03,1.002998466e+03,2.998466169e+05,36
3.700000018e-01,1.599996978e-01,1.627651802e-05,-1.379323612e-03,1.002998466e+03,2.998466169e+05,36
3.800000018e-01,1.599996978e-01,1.627651832e-05,-1.379323612e-03,1.002998466e+03,2.998466169e+05,36
3.900000018e-01,1.599996978e-01,1.627651915e-05,-1.379323612e-03,1.002998466e+03,2.998466169e+05,36
4.000000018e-01,1.599996978e-01,1.627651946e-05,-1.379323611e-03,1.002998466e+03,2.998466169e+05,36
4.100000018e-01,1.599996978e-01,1.627651904e-05,-1.379323611e-03,1.002998466e+03,2.998466169e+05,36
4.200000018e-01,1.599996978e-01,1.627651844e-05,-1.379323611e-03,1.002998466e+03,2.998466169e+05,36
4.300000018e-01,1.599996978e-01,1.627651801e-05,-1.379323611e-03,1.002998466e+03,2.998466169e+05,36
4.400000018e-01,1.599996978e-01,1.627651828e-05,-1.379323612e-03,1.002998466e+03,2.998466169e+05,36
4.500000018e-01,1.599996978e-01,1.627651909e-05,-1.379323611e-03,1.002998466e+03,2.998466169e+05,36
4.600000018e-01,1.599996978e-01,1.627651940e-05,-1.379323611e-03,1.002998466e+03,2.998466169e+05,36
4.700000018e-01,1.599996978e-01,1.627651915e-05,-1.379323611e-03,1.002998466e+03,2.998466169e+05,36
4.800000018e-01,1.599996978e-01,1.627651880e-05,-1.379323611e-03,1.002998466e+03,2.998466169e+05,36
4.900000018e-01,1.599996978e-01,1.627651830e-05,-1.379323611e-03,1.002998466e+03,2.998466169e+05,36
5.000000018e-01,1.599996978e-01,1.627651827e-05,-1.379323611e-03,1.002998466e+03,2.998466169e+05,36
5.100000018e-01,1.599996978e-01,1.627651896e-05,-1.379323611e-03,1.002998466e+03,2.998466169e+05,36
5.200000018e-01,1.599996978e-01,1.627651919e-05,-1.379323611e-03,1.002998466e+03,2.998466169e+05,36
5.300000018e-01,1.599996978e-01,1.627651855e-05,-1.379323612e-03,1.002998466e+03,2.998466169e+05,36
5.400000018e-01,1.599996978e-01,1.627651807e-05,-1.379323612e-03,1.002998466e+03,2.998466169e+05,36
5.500000018e-01,1.599996978e-01,1.627651849e-05,-1.379323612e-03,1.002998466e+03,2.998466169e+05,36
5.600000018e-01,1.599996978e-01,1.627651921e-05,-1.379323611e-03,1.002998466e+03,2.998466169e+05,36
5.700000018e-01,1.599996978e-01,1.627651925e-05,-1.379323612e-03,1.002998466e+03,2.998466169e+05,36
5.800000018e-01,1.599996978e-01,1.627651852e-05,-1.379323612e-03,1.002998466e+03,2.998466169e+05,36
5.900000018e-01,1.599996978e-01,1.627651791e-05,-1.379323611e-03,1.002998466e+03,2.998466169e+05,36
6.000000018e-01,1.599996978e-01,1.627651846e-05,-1.379323611e-03,1.002998466e+03,2.998466169e+05,36
6.100000018e-01,1.599996978e-01,1.627651953e-05,-1.379323611e-03,1.002998466e+03,2.998466169e+05,36
6.200000018e-01,1.599996978e-01,1.627651973e-05,-1.379323611e-03,1.002998466e+03,2.998466169e+05,36
6.300000018e-01,1.599996978e-01,1.627651925e-05,-1.379323612e-03,1.002998466e+03,2.998466169e+05,36
6.400000018e-01,1.599996978e-01,1.627651886e-05,-1.379323612e-03,1.002998466e+03,2.998466169e+05,36
6.500000018e-01,1.599996978e-01,1.627651855e-05,-1.379323612e-03,1.002998466e+03,2.998466169e+05,36
6.600000018e-01,1.599996978e-01,1.627651810e-05,-1.379323612e-03,1.002998466e+03,2.998466169e+05,36
6.700000018e-01,1.599996978e-01,1.627651787e-05,-1.379323612e-03,1.002998466e+03,2.998466169e+05,36
6.800000018e-01,1.599996978e-01,1.627651839e-05,-1.379323612e-03,1.002998466e+03,2.998466169e+05,36
6.900000018e-01,1.599996978e-01,1.627651919e-05,-1.379323611e-03,1.002998466e+03,2.998466169e+05,36
7.000000018e-01,1.599996978e-01,1.627651928e-05,-1.379323612e-03,1.002998466e+03,2.998466169e+05,36
7.100000018e-01,1.599996978e-01,1.627651853e-05,-1.379323612e-03,1.002998466e+03,2.998466169e+05,36
7.200000018e-01,1.599996978e-01,1.627651788e-05,-1.379323611e-03,1.002998466e+03,2.998466169e+05,36
7.300000018e-01,1.599996978e-01,1.627651843e-05,-1.379323611e-03,1.002998466e+03,2.998466169e+05,36
7.400000018e-01,1.599996978e-01,1.627651953e-05,-1.379323611e-03,1.002998466e+03,2.998466169e+05,36
7.500000018e-01,1.599996978e-01,1.627651974e-05,-1.379323611e-03,1.002998466e+03,2.998466169e+05,36
7.600000018e-01,1.599996978e-01,1.627651923e-05,-1.379323612e-03,1.002998466e+03,2.998466169e+05,36
7.700000018e-01,1.599996978e-01,1.627651882e-05,-1.379323612e-03,1.002998466e+03,2.998466169e+05,36
7.800000018e-01,1.599996978e-01,1.627651854e-05,-1.379323612e-03,1.002998466e+03,2.998466169e+05,36
7.900000018e-01,1.599996978e-01,1.627651811e-05,-1.379323612e-03,1.002998466e+03,2.998466169e+05,36
8.000000018e-01,1.599996978e-01,1.627651788e-05,-1.379323612e-03,1.002998466e+03,2.998466169e+05,36
8.100000018e-01,1.599996978e-01,1.627651842e-05,-1.379323612e-03,1.002998466e+03,2.998466169e+05,36
8.200000018e-01,1.599996978e-01,1.627651919e-05,-1.379323611e-03,1.002998466e+03,2.998466169e+05,36
8.300000018e-01,1.599996978e-01,1.627651924e-05,-1.379323612e-03,1.002998466e+03,2.998466169e+05,36
8.400000018e-01,1.599996978e-01,1.627651848e-05,-1.379323612e-03,1.002998466e+03,2.998466169e+05,36
8.500000018e-01,1.599996978e-01,1.627651788e-05,-1.379323612e-03,1.002998466e+03,2.998466169e+05,36
8.600000018e-01,1.599996978e-01,1.627651849e-05,-1.379323611e-03,1.002998466e+03,2.998466169e+05,36
8.700000018e-01,1.599996978e-01,1.627651958e-05,-1.379323611e-03,1.002998466e+03,2.998466169e+05,36
8.800000018e-01,1.599996978e-01,1.627651971e-05,-1.379323611e-03,1.002998466e+03,2.998466169e+05,36
8.900000018e-01,1.599996978e-01,1.627651915e-05,-1.379323612e-03,1.002998466e+03,2.998466169e+05,36
9.000000018e-01,1.599996978e-01,1.627651866e-05,-1.379323612e-03,1.002998466e+03,2.998466169e+05,36
9.100000018e-01,1.599996978e-01,1.627651819e-05,-1.379323612e-03,1.002998466e+03,2.998466169e+05,36
9.200000018e-01,1.599996978e-01,1.627651794e-05,-1.379323612e-03,1.002998466e+03,2.998466169e+05,36
9.300000018e-01,1.599996978e-01,1.627651844e-05,-1.379323612e-03,1.002998466e+03,2.998466169e+05,36
9.400000018e-01,1.599996978e-01,1.627651922e-05,-1.379323611e-03,1.002998466e+03,2.998466169e+05,36
9.500000018e-01,1.599996978e-01,1.627651930e-05,-1.379323611e-03,1.002998466e+03,2.998466169e+05,36
9.600000018e-01,1.599996978e-01,1.627651867e-05,-1.379323612e-03,1.002998466e+03,2.998466169e+05,36
9.700000018e-01,1.599996978e-01,1.627651850e-05,-1.379323612e-03,1.002998466e+03,2.998466169e+05,36
9.800000018e-01,1.599996978e-01,1.627651965e-05,-1.379323612e-03,1.002998466e+03,2.998466169e+05,36
9.900000018e-01,1.599996978e-01,1.627652030e-05,-1.379323612e-03,1.002998466e+03,2.998466169e+05,36
1.000000002e+00,1.599996978e-01,1.627651912e-05,-1.379323612e-03,1.002998466e+03,2.998466169e+05,36
1.010000002e+00,1.599996978e-01,1.627651808e-05,-1.379323612e-03,1.002998466e+03,2.998466169e+05,36
1.020000002e+00,1.599996978e-01,1.627651824e-05,-1.379323612e-03,1.002998466e+03,2.998466169e+05,36
1.030000002e+00,1.599996978e-01,1.627651860e-05,-1.379323612e-03,1.002998466e+03,2.998466169e+05,36
1.040000002e+00,1.599996978e-01,1.627651872e-05,-1.379323612e-03,1.002998466e+03,2.998466169e+05,36
1.050000002e+00,1.599996978e-01,1.627651874e-05,-1.379323612e-03,1.002998466e+03,2.998466169e+05,36
1.060000002e+00,1.599996978e-01,1.627651873e-05,-1.379323612e-03,1.002998466e+03,2.998466169e+05,36
1.070000002e+00,1.599996978e-01,1.627651870e-05,-1.379323612e-03,1.002998466e+03,2.998466169e+05,36
1.080000002e+00,1.599996978e-01,1.627651862e-05,-1.379323612e-03,1.002998466e+03,2.998466169e+05,36
1.090000002e+00,1.599996978e-01,1.627651839e-05,-1.379323611e-03,1.002998466e+03,2.998466169e+05,36
1.100000002e+00,1.599996978e-01,1.627651772e-05,-1.379323611e-03,1.002998466e+03,2.998466169e+05,36
1.110000002e+00,1.599996978e-01,1.627651678e-05,-1.379323611e-03,1.002998466e+03,2.998466169e+05,36
1.120000002e+00,1.599996978e-01,1.627651702e-05,-1.379323611e-03,1.002998466e+03,2.998466169e+05,36
1.130000002e+00,1.599996978e-01,1.627651876e-05,-1.379323611e-03,1.002998466e+03,2.998466169e+05,36
1.140000002e+00,1.599996978e-01,1.627651969e-05,-1.379323612e-03,1.002998466e+03,2.998466169e+05,36
1.150000002e+00,1.599996978e-01,1.627651938e-05,-1.379323613e-03,1.002998466e+03,2.998466169e+05,36
1.160000002e+00,1.599996978e-01,1.627651904e-05,-1.379323612e-03,1.002998466e+03,2.998466169e+05,36
1.170000002e+00,1.599996978e-01,1.627651885e-05,-1.379323612e-03,1.002998466e+03,2.998466169e+05,36
1.180000002e+00,1.599996978e-01,1.627651936e-05,-1.379323611e-03,1.002998466e+03,2.998466169e+05,36
1.190000002e+00,1.599996978e-01,1.627651994e-05,-1.379323611e-03,1.002998466e+03,2.998466169e+05,36
1.200000002e+00,1.599996978e-01,1.627651960e-05,-1.379323611e-03,1.002998466e+03,2.998466169e+05,36
1.210000002e+00,1.599996978e-01,1.627651905e-05,-1.379323611e-03,1.002998466e+03,2.998466169e+05,36
1.220000002e+00,1.599996978e-01,1.627651880e-05,-1.379323611e-03,1.002998466e+03,2.998466169e+05,36
1.230000002e+00,1.599996978e-01,1.627651873e-05,-1.379323611e-03,1.002998466e+03,2.998466169e+05,36
1.240000002e+00,1.599996978e-01,1.627651875e-05,-1.379323611e-03,1.002998466e+03,2.998466169e+05,36
1.250000002e+00,1.599996978e-01,1.627651877e-05,-1.379323611e-03,1.002998466e+03,2.998466169e+05,36
1.260000002e+00,1.599996978e-01,1.627651874e-05,-1.379323611e-03,1.002998466e+03,2.998466169e+05,36
1.270000002e+00,1.599996978e-01,1.627651872e-05,-1.379323611e-03,1.002998466e+03,2.998466169e+05,36
1.280000002e+00,1.599996978e-01,1.627651874e-05,-1.379323611e-03,1.002998466e+03,2.998466169e+05,36
1.290000002e+00,1.599996978e-01,1.627651876e-05,-1.379323611e-03,1.002998466e+03,2.998466169e+05,36
1.300000002e+00,1.599996978e-01,1.627651875e-05,-1.379323611e-03,1.002998466e+03,2.998466169e+05,36
1.310000002e+00,1.599996978e-01,1.627651872e-05,-1.379323611e-03,1.002998466e+03,2.998466169e+05,36
1.320000002e+00,1.599996978e-01,1.627651867e-05,-1.379323611e-03,1.002998466e+03,2.998466169e+05,36
1.330000002e+00,1.599996978e-01,1.627651851e-05,-1.379323611e-03,1.002998466e+03,2.998466169e+05,36
1.340000002e+00,1.599996978e-01,1.627651801e-05,-1.379323611e-03,1.002998466e+03,2.998466169e+05,36
1.350000002e+00,1.599996978e-01,1.627651724e-05,-1.379323611e-03,1.002998466e+03,2.998466169e+05,36
1.360000002e+00,1.599996978e-01,1.627651714e-05,-1.379323611e-03,1.002998466e+03,2.998466169e+05,36
1.370000002e+00,1.599996978e-01,1.627651819e-05,-1.379323611e-03,1.002998466e+03,2.998466169e+05,36
1.380000002e+00,1.599996978e-01,1.627651930e-05,-1.379323611e-03,1.002998466e+03,2.998466169e+05,36
1.390000002e+00,1.599996978e-01,1.627651933e-05,-1.379323612e-03,1.002998466e+03,2.998466169e+05,36
1.400000002e+00,1.599996978e-01,1.627651900e-05,-1.379323613e-03,1.002998466e+03,2.998466169e+05,36
1.410000002e+00,1.599996978e-01,1.627651895e-05,-1.379323612e-03,1.002998466e+03,2.998466169e+05,36
1.420000002e+00,1.599996978e-01,1.627651889e-05,-1.379323612e-03,1.002998466e+03,2.998466169e+05,36
1.430000002e+00,1.599996978e-01,1.627651941e-05,-1.379323611e-03,1.002998466e+03,2.998466169e+05,36
1.440000002e+00,1.599996978e-01,1.627651996e-05,-1.379323611e-03,1.002998466e+03,2.998466169e+05,36
1.450000002e+00,1.599996978e-01,1.627651956e-05,-1.379323611e-03,1.002998466e+03,2.998466169e+05,36
1.460000002e+00,1.599996978e-01,1.627651898e-05,-1.379323611e-03,1.002998466e+03,2.998466169e+05,36
1.470000002e+00,1.599996978e-01,1.627651877e-05,-1.379323611e-03,1.002998466e+03,2.998466169e+05,36
1.480000002e+00,1.599996978e-01,1.627651874e-05,-1.379323611e-03,1.002998466e+03,2.998466169e+05,36
1.490000002e+00,1.599996978e-01,1.627651874e-05,-1.379323611e-03,1.002998466e+03,2.998466169e+05,36
1.500000002e+00,1.599996978e-01,1.627651873e-05,-1.379323611e-03,1.002998466e+03,2.998466169e+05,36
1.510000002e+00,1.599996978e-01,1.627651874e-05,-1.379323611e-03,1.002998466e+03,2.998466169e+05,36
1.520000002e+00,1.599996978e-01,1.627651872e-05,-1.379323611e-03,1.002998466e+03,2.998466169e+05,36
1.530000002e+00,1.599996978e-01,1.627651870e-05,-1.379323611e-03,1.002998466e+03,2.998466169e+05,36
1.540000002e+00,1.599996978e-01,1.627651871e-05,-1.379323611e-03,1.002998466e+03,2.998466169e+05,36
1.550000002e+00,1.599996978e-01,1.627651874e-05,-1.379323611e-03,1.002998466e+03,2.998466169e+05,36
1.560000002e+00,1.599996978e-01,1.627651878e-05,-1.379323611e-03,1.002998466e+03,2.998466169e+05,36
1.570000002e+00,1.599996978e-01,1.627651881e-05,-1.379323611e-03,1.002998466e+03,2.998466169e+05,36
1.580000002e+00,1.599996978e-01,1.627651878e-05,-1.379323611e-03,1.002998466e+03,2.998466169e+05,36
1.590000002e+00,1.599996978e-01,1.627651859e-05,-1.379323611e-03,1.002998466e+03,2.998466169e+05,36
1.600000002e+00,1.599996978e-01,1.627651804e-05,-1.379323611e-03,1.002998466e+03,2.998466169e+05,36
1.610000002e+00,1.599996978e-01,1.627651725e-05,-1.379323611e-03,1.002998466e+03,2.998466169e+05,36
1.620000002e+00,1.599996978e-01,1.627651714e-05,-1.379323611e-03,1.002998466e+03,2.998466169e+05,36
1.630000002e+00,1.599996978e-01,1.627651818e-05,-1.379323611e-03,1.002998466e+03,2.998466169e+05,36
1.640000002e+00,1.599996978e-01,1.627651927e-05,-1.379323611e-03,1.002998466e+03,2.998466169e+05,36
1.650000002e+00,1.599996978e-01,1.627651930e-05,-1.379323612e-03,1.002998466e+03,2.998466169e+05,36
1.660000002e+00,1.599996978e-01,1.627651899e-05,-1.379323613e-03,1.002998466e+03,2.998466169e+05,36
1.670000002e+00,1.599996978e-01,1.627651890e-05,-1.379323612e-03,1.002998466e+03,2.998466169e+05,36
1.680000002e+00,1.599996978e-01,1.627651878e-05,-1.379323612e-03,1.002998466e+03,2.998466169e+05,36
1.690000002e+00,1.599996978e-01,1.627651925e-05,-1.379323611e-03,1.002998466e+03,2.998466169e+05,36
1.700000002e+00,1.599996978e-01,1.627651968e-05,-1.379323611e-03,1.002998466e+03,2.998466169e+05,36
1.710000002e+00,1.599996978e-01,1.627651840e-05,-1.379323611e-03,1.002998466e+03,2.998466169e+05,36
1.720000002e+00,1.599996978e-01,1.627651198e-05,-1.379323610e-03,1.002998466e+03,2.998466169e+05,36
1.730000002e+00,1.599996978e-01,1.627647717e-05,-1.379323601e-03,1.002998466e+03,2.998466169e+05,36
1.740000002e+00,1.599996978e-01,1.627627903e-05,-1.379323551e-03,1.002998466e+03,2.998466170e+05,36
1.750000002e+00,1.599996978e-01,1.627517193e-05,-1.379323261e-03,1.002998466e+03,2.998466172e+05,36
1.760000002e+00,1.599996978e-01,1.626918233e-05,-1.379321641e-03,1.002998466e+03,2.998466185e+05,36
1.770000002e+00,1.599996978e-01,1.623790247e-05,-1.379312847e-03,1.002998466e+03,2.998466255e+05,36
1.780000002e+00,1.599996978e-01,1.607964508e-05,-1.379266404e-03,1.002998467e+03,2.998466617e+05,36
1.790000002e+00,1.599996978e-01,1.530540872e-05,-1.379027881e-03,1.002998468e+03,2.998468400e+05,36
1.800000002e+00,1.599996978e-01,1.169352418e-05,-1.377849853e-03,1.002998477e+03,2.998476900e+05,36
1.810000002e+00,1.599996978e-01,-4.249156271e-06,-1.372284848e-03,1.002998516e+03,2.998516097e+05,36
1.820000001e+00,1.599996981e-01,-7.156834652e-05,-1.346862452e-03,1.002998686e+03,2.998686147e+05,36
1.829999998e+00,1.599996992e-01,-3.433052680e-04,-1.234702481e-03,1.002999369e+03,2.999368643e+05,36
1.839999987e+00,1.599997043e-01,-1.355235320e-03,-7.720584656e-04,1.003001974e+03,3.001973711e+05,36
1.849999946e+00,1.599997246e-01,-4.726733646e-03,9.746769188e-04,1.003011540e+03,3.011540233e+05,36
1.859999811e+00,1.599998034e-01,-1.494316867e-02,7.159902362e-03,1.003043240e+03,3.043240447e+05,36
1.869999383e+00,1.600000994e-01,-4.352701191e-02,2.792877369e-02,1.003131106e+03,3.131105959e+05,36
1.879998212e+00,1.600010839e-01,-1.126156813e-01,8.969240958e-02,1.003336450e+03,3.336450420e+05,36
1.889995811e+00,1.600036735e-01,-2.398907123e-01,2.357707097e-01,1.003777689e+03,3.777689306e+05,36
1.899992471e+00,1.600086624e-01,-4.015644422e-01,4.818238336e-01,1.004651022e+03,4.651022444e+05,36
1.909989252e+00,1.600156098e-01,-5.725861735e-01,7.335624596e-01,1.006167404e+03,6.167404000e+05,36
1.919985764e+00,1.600223186e-01,-1.013419247e+00,7.656114644e-01,1.009084992e+03,9.084992050e+05,36
1.929960875e+00,1.600192199e-01,-3.065041109e+00,2.191735169e-01,1.015653773e+03,1.565377279e+06,37
1.939800865e+00,1.599828055e-01,-1.026414213e+01,-1.513619049e+00,1.034773752e+03,3.477375168e+06,35
1.949402183e+00,1.599150290e-01,-2.387366971e+01,-4.954954561e+00,1.090306800e+03,9.030679986e+06,36
1.959369409e+00,1.600873364e-01,-2.877591884e+01,-5.930383463e+00,1.152479479e+03,1.524794786e+07,36
1.973029513e+00,1.618063159e-01,1.546984754e+01,1.165343057e+01,1.049318287e+03,4.931828730e+06,32
1.995196152e+00,1.653818763e-01,-4.126377511e+01,-9.307958857e+00,7.129261245e+02,-2.870738755e+07,27
1.936332643e-02,1.727875948e-01,8.175511236e+01,3.429476020e+01,9.291655621e+02,-7.083443792e+06,27
1.959038977e+00,1.691056281e-01,-1.485778190e+02,2.489890513e+01,1.174260387e+03,1.742603867e+07,33
8.311955731e-02,1.057303951e-01,2.529883461e+02,-1.734394057e+02,1.285390527e+03,2.853905272e+07,33
1.989619152e+00,1.557607403e-01,-8.836194600e+01,-7.099236460e+00,9.047432636e+02,-9.525673637e+06,27
5.617542534e-03,1.670023989e-01,5.328200849e+01,-7.645767026e+01,7.038387257e+02,-2.961612743e+07,25
2.540690079e-02,1.706047357e-01,-2.901564580e+01,8.888845632e+00,1.046628233e+03,4.662823306e+06,31
4.029967748e-02,1.699704828e-01,2.769326456e+01,-2.360505415e+00,1.170752128e+03,1.707521284e+07,35
5.061054906e-02,1.700541415e-01,2.579420107e+01,1.634132854e-02,1.108272770e+03,1.082727699e+07,36
6.021022337e-02,1.700332209e-01,1.048316276e+01,1.197897079e+00,1.035307148e+03,3.530714840e+06,36
7.003777979e-02,1.700102513e-01,2.872994761e+00,7.214888715e-01,1.011398529e+03,1.139852922e+06,37
8.000800473e-02,1.700083058e-01,7.931230506e-01,5.201002415e-01,1.006020671e+03,6.020670676e+05,36
9.000449502e-02,1.700058807e-01,3.137004873e-01,3.709970175e-01,1.004157774e+03,4.157774299e+05,36
1.000027681e-01,1.700027866e-01,1.670273867e-01,2.116932014e-01,1.003582637e+03,3.582637197e+05,36
1.100014721e-01,1.700006595e-01,8.990370285e-02,9.747413478e-02,1.003292186e+03,3.292186353e+05,36
1.200006470e-01,1.699995978e-01,4.268966131e-02,3.615562826e-02,1.003119640e+03,3.119640071e+05,36
1.300002422e-01,1.699991917e-01,1.763290710e-02,1.034116594e-02,1.003027524e+03,3.027524246e+05,36
1.400000831e-01,1.699990616e-01,6.561100724e-03,1.055943615e-03,1.002986726e+03,2.986725798e+05,36
1.500000272e-01,1.699990224e-01,2.208850957e-03,-2.056190694e-03,1.002972029e+03,2.972029275e+05,36
1.600000089e-01,1.699990110e-01,6.694312969e-04,-3.031201087e-03,1.002967494e+03,2.967494179e+05,36
1.700000036e-01,1.699990080e-01,1.917647530e-04,-3.305458873e-03,1.002966195e+03,2.966195288e+05,36
1.800000023e-01,1.699990073e-01,6.035561644e-05,-3.375040344e-03,1.002965840e+03,2.965839675e+05,36
1.900000019e-01,1.699990071e-01,2.683488191e-05,-3.391695821e-03,1.002965749e+03,2.965749234e+05,36
2.000000019e-01,1.699990071e-01,1.867526692e-05,-3.395549772e-03,1.002965728e+03,2.965728116e+05,36
2.100000018e-01,1.699990071e-01,1.679239867e-05,-3.396400626e-03,1.002965723e+03,2.965723461e+05,36
2.200000018e-01,1.699990071e-01,1.638365221e-05,-3.396578446e-03,1.002965722e+03,2.965722469e+05,36
2.300000018e-01,1.699990071e-01,1.629911947e-05,-3.396614126e-03,1.002965722e+03,2.965722265e+05,36
2.400000018e-01,1.699990071e-01,1.628223156e-05,-3.396621081e-03,1.002965722e+03,2.965722225e+05,36
2.500000018e-01,1.699990071e-01,1.627897152e-05,-3.396622394e-03,1.002965722e+03,2.965722218e+05,36
2.600000018e-01,1.699990071e-01,1.627836565e-05,-3.396622633e-03,1.002965722e+03,2.965722216e+05,36
2.700000018e-01,1.699990071e-01,1.627825674e-05,-3.396622676e-03,1.002965722e+03,2.965722216e+05,36
2.800000018e-01,1.699990071e-01,1.627823751e-05,-3.396622683e-03,1.002965722e+03,2.965722216e+05,36
2.900000018e-01,1.699990071e-01,1.627823403e-05,-3.396622684e-03,1.002965722e+03,2.965722216e+05,36
3.000000018e-01,1.699990071e-01,1.627823322e-05,-3.396622685e-03,1.002965722e+03,2.965722216e+05,36
3.100000018e-01,1.699990071e-01,1.627823323e-05,-3.396622685e-03,1.002965722e+03,2.965722216e+05,36
3.200000018e-01,1.699990071e-01,1.627823361e-05,-3.396622685e-03,1.002965722e+03,2.965722216e+05,36
3.300000018e-01,1.699990071e-01,1.627823379e-05,-3.396622685e-03,1.002965722e+03,2.965722216e+05,36
3.400000018e-01,1.699990071e-01,1.627823365e-05,-3.396622685e-03,1.002965722e+03,2.965722216e+05,36
3.500000018e-01,1.699990071e-01,1.627823342e-05,-3.396622685e-03,1.002965722e+03,2.965722216e+05,36
3.600000018e-01,1.699990071e-01,1.627823317e-05,-3.396622685e-03,1.002965722e+03,2.965722216e+05,36
3.700000018e-01,1.699990071e-01,1.627823292e-05,-3.396622685e-03,1.002965722e+03,2.965722216e+05,36
3.800000018e-01,1.699990071e-01,1.627823314e-05,-3.396622685e-03,1.002965722e+03,2.965722216e+05,36
3.900000018e-01,1.699990071e-01,1.627823376e-05,-3.396622685e-03,1.002965722e+03,2.965722216e+05,36
4.000000018e-01,1.699990071e-01,1.627823394e-05,-3.396622684e-03,1.002965722e+03,2.965722216e+05,36
4.100000018e-01,1.699990071e-01,1.627823363e-05,-3.396622685e-03,1.002965722e+03,2.965722216e+05,36
4.200000018e-01,1.699990071e-01,1.627823323e-05,-3.396622685e-03,1.002965722e+03,2.965722216e+05,36
4.300000018e-01,1.699990071e-01,1.627823291e-05,-3.396622685e-03,1.002965722e+03,2.965722216e+05,36
4.400000018e-01,1.699990071e-01,1.627823309e-05,-3.396622685e-03,1.002965722e+03,2.965722216e+05,36
4.500000018e-01,1.699990071e-01,1.627823370e-05,-3.396622685e-03,1.002965722e+03,2.965722216e+05,36
4.600000018e-01,1.699990071e-01,1.627823392e-05,-3.396622684e-03,1.002965722e+03,2.965722216e+05,36
4.700000018e-01,1.699990071e-01,1.627823374e-05,-3.396622685e-03,1.002965722e+03,2.965722216e+05,36
4.800000018e-01,1.699990071e-01,1.627823354e-05,-3.396622685e-03,1.002965722e+03,2.965722216e+05,36
4.900000018e-01,1.699990071e-01,1.627823319e-05,-3.396622684e-03,1.002965722e+03,2.965722216e+05,36
5.000000018e-01,1.699990071e-01,1.627823309e-05,-3.396622684e-03,1.002965722e+03,2.965722216e+05,36
5.100000018e-01,1.699990071e-01,1.627823352e-05,-3.396622685e-03,1.002965722e+03,2.965722216e+05,36
5.200000018e-01,1.699990071e-01,1.627823365e-05,-3.396622684e-03,1.002965722e+03,2.965722216e+05,36
5.300000018e-01,1.699990071e-01,1.627823319e-05,-3.396622685e-03,1.002965722e+03,2.965722216e+05,36
5.400000018e-01,1.699990071e-01,1.627823295e-05,-3.396622685e-03,1.002965722e+03,2.965722216e+05,36
5.500000018e-01,1.699990071e-01,1.627823333e-05,-3.396622685e-03,1.002965722e+03,2.965722216e+05,36
5.600000018e-01,1.699990071e-01,1.627823372e-05,-3.396622684e-03,1.002965722e+03,2.965722216e+05,36
5.700000018e-01,1.699990071e-01,1.627823363e-05,-3.396622685e-03,1.002965722e+03,2.965722216e+05,36
5.800000018e-01,1.699990071e-01,1.627823331e-05,-3.396622685e-03,1.002965722e+03,2.965722216e+05,36
5.900000018e-01,1.699990071e-01,1.627823304e-05,-3.396622685e-03,1.002965722e+03,2.965722216e+05,36
6.000000018e-01,1.699990071e-01,1.627823334e-05,-3.396622685e-03,1.002965722e+03,2.965722216e+05,36
6.100000018e-01,1.699990071e-01,1.627823398e-05,-3.396622685e-03,1.002965722e+03,2.965722216e+05,36
6.200000018e-01,1.699990071e-01,1.627823411e-05,-3.396622684e-03,1.002965722e+03,2.965722216e+05,36
6.300000018e-01,1.699990071e-01,1.627823379e-05,-3.396622685e-03,1.002965722e+03,2.965722216e+05,36
6.400000018e-01,1.699990071e-01,1.627823350e-05,-3.396622685e-03,1.002965722e+03,2.965722216e+05,36
6.500000018e-01,1.699990071e-01,1.627823325e-05,-3.396622685e-03,1.002965722e+03,2.965722216e+05,36
6.600000018e-01,1.699990071e-01,1.627823289e-05,-3.396622685e-03,1.002965722e+03,2.965722216e+05,36
6.700000018e-01,1.699990071e-01,1.627823279e-05,-3.396622685e-03,1.002965722e+03,2.965722216e+05,36
6.800000018e-01,1.699990071e-01,1.627823325e-05,-3.396622685e-03,1.002965722e+03,2.965722216e+05,36
6.900000018e-01,1.699990071e-01,1.627823370e-05,-3.396622685e-03,1.002965722e+03,2.965722216e+05,36
7.000000018e-01,1.699990071e-01,1.627823367e-05,-3.396622685e-03,1.002965722e+03,2.965722216e+05,36
7.100000018e-01,1.699990071e-01,1.627823333e-05,-3.396622685e-03,1.002965722e+03,2.965722216e+05,36
7.200000018e-01,1.699990071e-01,1.627823303e-05,-3.396622685e-03,1.002965722e+03,2.965722216e+05,36
7.300000018e-01,1.699990071e-01,1.627823332e-05,-3.396622684e-03,1.002965722e+03,2.965722216e+05,36
7.400000018e-01,1.699990071e-01,1.627823397e-05,-3.396622684e-03,1.002965722e+03,2.965722216e+05,36
7.500000018e-01,1.699990071e-01,1.627823411e-05,-3.396622684e-03,1.002965722e+03,2.965722216e+05,36
7.600000018e-01,1.699990071e-01,1.627823377e-05,-3.396622685e-03,1.002965722e+03,2.965722216e+05,36
7.700000018e-01,1.699990071e-01,1.627823349e-05,-3.396622685e-03,1.002965722e+03,2.965722216e+05,36
7.800000018e-01,1.699990071e-01,1.627823325e-05,-3.396622685e-03,1.002965722e+03,2.965722216e+05,36
7.900000018e-01,1.699990071e-01,1.627823289e-05,-3.396622685e-03,1.002965722e+03,2.965722216e+05,36
8.000000018e-01,1.699990071e-01,1.627823279e-05,-3.396622685e-03,1.002965722e+03,2.965722216e+05,36
8.100000018e-01,1.699990071e-01,1.627823327e-05,-3.396622685e-03,1.002965722e+03,2.965722216e+05,36
8.200000018e-01,1.699990071e-01,1.627823371e-05,-3.396622684e-03,1.002965722e+03,2.965722216e+05,36
8.300000018e-01,1.699990071e-01,1.627823362e-05,-3.396622685e-03,1.002965722e+03,2.965722216e+05,36
8.400000018e-01,1.699990071e-01,1.627823328e-05,-3.396622685e-03,1.002965722e+03,2.965722216e+05,36
8.500000018e-01,1.699990071e-01,1.627823302e-05,-3.396622685e-03,1.002965722e+03,2.965722216e+05,36
8.600000018e-01,1.699990071e-01,1.627823337e-05,-3.396622685e-03,1.002965722e+03,2.965722216e+05,36
8.700000018e-01,1.699990071e-01,1.627823402e-05,-3.396622684e-03,1.002965722e+03,2.965722216e+05,36
8.800000018e-01,1.699990071e-01,1.627823409e-05,-3.396622684e-03,1.002965722e+03,2.965722216e+05,36
8.900000018e-01,1.699990071e-01,1.627823371e-05,-3.396622685e-03,1.002965722e+03,2.965722216e+05,36
9.000000018e-01,1.699990071e-01,1.627823333e-05,-3.396622685e-03,1.002965722e+03,2.965722216e+05,36
9.100000018e-01,1.699990071e-01,1.627823296e-05,-3.396622685e-03,1.002965722e+03,2.965722216e+05,36
9.200000018e-01,1.699990071e-01,1.627823284e-05,-3.396622685e-03,1.002965722e+03,2.965722216e+05,36
9.300000018e-01,1.699990071e-01,1.627823330e-05,-3.396622685e-03,1.002965722e+03,2.965722216e+05,36
9.400000018e-01,1.699990071e-01,1.627823373e-05,-3.396622684e-03,1.002965722e+03,2.965722216e+05,36
9.500000018e-01,1.699990071e-01,1.627823369e-05,-3.396622685e-03,1.002965722e+03,2.965722216e+05,36
9.600000018e-01,1.699990071e-01,1.627823342e-05,-3.396622685e-03,1.002965722e+03,2.965722216e+05,36
9.700000018e-01,1.699990071e-01,1.627823340e-05,-3.396622685e-03,1.002965722e+03,2.965722216e+05,36
9.800000018e-01,1.699990071e-01,1.627823407e-05,-3.396622685e-03,1.002965722e+03,2.965722216e+05,36
9.900000018e-01,1.699990071e-01,1.627823448e-05,-3.396622685e-03,1.002965722e+03,2.965722216e+05,36
1.000000002e+00,1.699990071e-01,1.627823375e-05,-3.396622685e-03,1.002965722e+03,2.965722216e+05,36
1.010000002e+00,1.699990071e-01,1.627823305e-05,-3.396622685e-03,1.002965722e+03,2.965722216e+05,36
1.020000002e+00,1.699990071e-01,1.627823311e-05,-3.396622685e-03,1.002965722e+03,2.965722216e+05,36
1.030000002e+00,1.699990071e-01,1.627823332e-05,-3.396622685e-03,1.002965722e+03,2.965722216e+05,36
1.040000002e+00,1.699990071e-01,1.627823340e-05,-3.396622685e-03,1.002965722e+03,2.965722216e+05,36
1.050000002e+00,1.699990071e-01,1.627823342e-05,-3.396622685e-03,1.002965722e+03,2.965722216e+05,36
1.060000002e+00,1.699990071e-01,1.627823342e-05,-3.396622685e-03,1.002965722e+03,2.965722216e+05,36
1.070000002e+00,1.699990071e-01,1.627823340e-05,-3.396622685e-03,1.002965722e+03,2.965722216e+05,36
1.080000002e+00,1.699990071e-01,1.627823335e-05,-3.396622685e-03,1.002965722e+03,2.965722216e+05,36
1.090000002e+00,1.699990071e-01,1.627823319e-05,-3.396622685e-03,1.002965722e+03,2.965722216e+05,36
1.100000002e+00,1.699990071e-01,1.627823272e-05,-3.396622685e-03,1.002965722e+03,2.965722216e+05,36
1.110000002e+00,1.699990071e-01,1.627823206e-05,-3.396622684e-03,1.002965722e+03,2.965722216e+05,36
1.120000002e+00,1.699990071e-01,1.627823218e-05,-3.396622684e-03,1.002965722e+03,2.965722216e+05,36
1.130000002e+00,1.699990071e-01,1.627823314e-05,-3.396622684e-03,1.002965722e+03,2.965722216e+05,36
1.140000002e+00,1.699990071e-01,1.627823352e-05,-3.396622684e-03,1.002965722e+03,2.965722216e+05,36
1.150000002e+00,1.699990071e-01,1.627823360e-05,-3.396622686e-03,1.002965722e+03,2.965722216e+05,36
1.160000002e+00,1.699990071e-01,1.627823401e-05,-3.396622685e-03,1.002965722e+03,2.965722216e+05,36
1.170000002e+00,1.699990071e-01,1.627823405e-05,-3.396622685e-03,1.002965722e+03,2.965722216e+05,36
1.180000002e+00,1.699990071e-01,1.627823414e-05,-3.396622685e-03,1.002965722e+03,2.965722216e+05,36
1.190000002e+00,1.699990071e-01,1.627823431e-05,-3.396622684e-03,1.002965722e+03,2.965722216e+05,36
1.200000002e+00,1.699990071e-01,1.627823401e-05,-3.396622684e-03,1.002965722e+03,2.965722216e+05,36
1.210000002e+00,1.699990071e-01,1.627823365e-05,-3.396622685e-03,1.002965722e+03,2.965722216e+05,36
1.220000002e+00,1.699990071e-01,1.627823350e-05,-3.396622685e-03,1.002965722e+03,2.965722216e+05,36
1.230000002e+00,1.699990071e-01,1.627823345e-05,-3.396622685e-03,1.002965722e+03,2.965722216e+05,36
1.240000002e+00,1.699990071e-01,1.627823345e-05,-3.396622685e-03,1.002965722e+03,2.965722216e+05,36
1.250000002e+00,1.699990071e-01,1.627823346e-05,-3.396622685e-03,1.002965722e+03,2.965722216e+05,36
1.260000002e+00,1.699990071e-01,1.627823342e-05,-3.396622685e-03,1.002965722e+03,2.965722216e+05,36
1.270000002e+00,1.699990071e-01,1.627823341e-05,-3.396622685e-03,1.002965722e+03,2.965722216e+05,36
1.280000002e+00,1.699990071e-01,1.627823343e-05,-3.396622685e-03,1.002965722e+03,2.965722216e+05,36
1.290000002e+00,1.699990071e-01,1.627823345e-05,-3.396622685e-03,1.002965722e+03,2.965722216e+05,36
1.300000002e+00,1.699990071e-01,1.627823343e-05,-3.396622685e-03,1.002965722e+03,2.965722216e+05,36
1.310000002e+00,1.699990071e-01,1.627823341e-05,-3.396622685e-03,1.002965722e+03,2.965722216e+05,36
1.320000002e+00,1.699990071e-01,1.627823337e-05,-3.396622685e-03,1.002965722e+03,2.965722216e+05,36
1.330000002e+00,1.699990071e-01,1.627823326e-05,-3.396622685e-03,1.002965722e+03,2.965722216e+05,36
1.340000002e+00,1.699990071e-01,1.627823293e-05,-3.396622684e-03,1.002965722e+03,2.965722216e+05,36
1.350000002e+00,1.699990071e-01,1.627823240e-05,-3.396622684e-03,1.002965722e+03,2.965722216e+05,36
1.360000002e+00,1.699990071e-01,1.627823227e-05,-3.396622684e-03,1.002965722e+03,2.965722216e+05,36
1.370000002e+00,1.699990071e-01,1.627823291e-05,-3.396622684e-03,1.002965722e+03,2.965722216e+05,36
1.380000002e+00,1.699990071e-01,1.627823351e-05,-3.396622684e-03,1.002965722e+03,2.965722216e+05,36
1.390000002e+00,1.699990071e-01,1.627823333e-05,-3.396622685e-03,1.002965722e+03,2.965722216e+05,36
1.400000002e+00,1.699990071e-01,1.627823337e-05,-3.396622686e-03,1.002965722e+03,2.965722216e+05,36
1.410000002e+00,1.699990071e-01,1.627823394e-05,-3.396622685e-03,1.002965722e+03,2.965722216e+05,36
1.420000002e+00,1.699990071e-01,1.627823407e-05,-3.396622685e-03,1.002965722e+03,2.965722216e+05,36
1.430000002e+00,1.699990071e-01,1.627823418e-05,-3.396622685e-03,1.002965722e+03,2.965722216e+05,36
1.440000002e+00,1.699990071e-01,1.627823434e-05,-3.396622684e-03,1.002965722e+03,2.965722216e+05,36
1.450000002e+00,1.699990071e-01,1.627823399e-05,-3.396622684e-03,1.002965722e+03,2.965722216e+05,36
1.460000002e+00,1.699990071e-01,1.627823359e-05,-3.396622685e-03,1.002965722e+03,2.965722216e+05,36
1.470000002e+00,1.699990071e-01,1.627823347e-05,-3.396622685e-03,1.002965722e+03,2.965722216e+05,36
1.480000002e+00,1.699990071e-01,1.627823347e-05,-3.396622685e-03,1.002965722e+03,2.965722216e+05,36
1.490000002e+00,1.699990071e-01,1.627823344e-05,-3.396622684e-03,1.002965722e+03,2.965722216e+05,36
1.500000002e+00,1.699990071e-01,1.627823342e-05,-3.396622685e-03,1.002965722e+03,2.965722216e+05,36
1.510000002e+00,1.699990071e-01,1.627823343e-05,-3.396622684e-03,1.002965722e+03,2.965722216e+05,36
1.520000002e+00,1.699990071e-01,1.627823342e-05,-3.396622684e-03,1.002965722e+03,2.965722216e+05,36
1.530000002e+00,1.699990071e-01,1.627823339e-05,-3.396622684e-03,1.002965722e+03,2.965722216e+05,36
1.540000002e+00,1.699990071e-01,1.627823341e-05,-3.396622684e-03,1.002965722e+03,2.965722216e+05,36
1.550000002e+00,1.699990071e-01,1.627823343e-05,-3.396622684e-03,1.002965722e+03,2.965722216e+05,36
1.560000002e+00,1.699990071e-01,1.627823345e-05,-3.396622684e-03,1.002965722e+03,2.965722216e+05,36
1.570000002e+00,1.699990071e-01,1.627823347e-05,-3.396622685e-03,1.002965722e+03,2.965722216e+05,36
1.580000002e+00,1.699990071e-01,1.627823345e-05,-3.396622685e-03,1.002965722e+03,2.965722216e+05,36
1.590000002e+00,1.699990071e-01,1.627823330e-05,-3.396622685e-03,1.002965722e+03,2.965722216e+05,36
1.600000002e+00,1.699990071e-01,1.627823294e-05,-3.396622684e-03,1.002965722e+03,2.965722216e+05,36
1.610000002e+00,1.699990071e-01,1.627823240e-05,-3.396622684e-03,1.002965722e+03,2.965722216e+05,36
1.620000002e+00,1.699990071e-01,1.627823227e-05,-3.396622684e-03,1.002965722e+03,2.965722216e+05,36
1.630000002e+00,1.699990071e-01,1.627823290e-05,-3.396622684e-03,1.002965722e+03,2.965722216e+05,36
1.640000002e+00,1.699990071e-01,1.627823348e-05,-3.396622684e-03,1.002965722e+03,2.965722216e+05,36
1.650000002e+00,1.699990071e-01,1.627823331e-05,-3.396622685e-03,1.002965722e+03,2.965722216e+05,36
1.660000002e+00,1.699990071e-01,1.627823336e-05,-3.396622686e-03,1.002965722e+03,2.965722216e+05,36
1.670000002e+00,1.699990071e-01,1.627823392e-05,-3.396622685e-03,1.002965722e+03,2.965722216e+05,36
1.680000002e+00,1.699990071e-01,1.627823399e-05,-3.396622685e-03,1.002965722e+03,2.965722216e+05,36
1.690000002e+00,1.699990071e-01,1.627823406e-05,-3.396622685e-03,1.002965722e+03,2.965722216e+05,36
1.700000002e+00,1.699990071e-01,1.627823416e-05,-3.396622684e-03,1.002965722e+03,2.965722216e+05,36
1.710000002e+00,1.699990071e-01,1.627823334e-05,-3.396622684e-03,1.002965722e+03,2.965722216e+05,36
1.720000002e+00,1.699990071e-01,1.627822972e-05,-3.396622683e-03,1.002965722e+03,2.965722216e+05,36
1.730000002e+00,1.699990071e-01,1.627821043e-05,-3.396622676e-03,1.002965722e+03,2.965722216e+05,36
1.740000002e+00,1.699990071e-01,1.627810125e-05,-3.396622633e-03,1.002965722e+03,2.965722216e+05,36
1.750000002e+00,1.699990071e-01,1.627749472e-05,-3.396622394e-03,1.002965722e+03,2.965722218e+05,36
1.760000002e+00,1.699990071e-01,1.627423439e-05,-3.396621081e-03,1.002965722e+03,2.965722225e+05,36
1.770000002e+00,1.699990071e-01,1.625734745e-05,-3.396614126e-03,1.002965722e+03,2.965722265e+05,36
1.780000002e+00,1.699990071e-01,1.617281582e-05,-3.396578446e-03,1.002965722e+03,2.965722469e+05,36
1.790000002e+00,1.699990071e-01,1.576406878e-05,-3.396400625e-03,1.002965723e+03,2.965723461e+05,36
1.800000002e+00,1.699990071e-01,1.388119957e-05,-3.395549772e-03,1.002965728e+03,2.965728116e+05,36
1.810000002e+00,1.699990071e-01,5.721585099e-06,-3.391695821e-03,1.002965749e+03,2.965749234e+05,36
1.820000001e+00,1.699990073e-01,-2.779914900e-05,-3.375040343e-03,1.002965840e+03,2.965839675e+05,36
1.830000000e+00,1.699990080e-01,-1.592082859e-04,-3.305458872e-03,1.002966195e+03,2.966195288e+05,36
1.839999995e+00,1.699990110e-01,-6.368748287e-04,-3.031201088e-03,1.002967494e+03,2.967494179e+05,36
1.849999977e+00,1.699990224e-01,-2.176294485e-03,-2.056190695e-03,1.002972029e+03,2.972029275e+05,36
1.859999921e+00,1.699990616e-01,-6.528544239e-03,1.055943614e-03,1.002986726e+03,2.986725798e+05,36
1.869999761e+00,1.699991917e-01,-1.760035057e-02,1.034116594e-02,1.003027524e+03,3.027524246e+05,36
1.879999357e+00,1.699995978e-01,-4.265710466e-02,3.615562824e-02,1.003119640e+03,3.119640071e+05,36
1.889998532e+00,1.700006595e-01,-8.987114585e-02,9.747413470e-02,1.003292186e+03,3.292186353e+05,36
1.899997236e+00,1.700027866e-01,-1.669948287e-01,2.116932011e-01,1.003582637e+03,3.582637196e+05,36
1.909995509e+00,1.700058807e-01,-3.136679259e-01,3.709970168e-01,1.004157774e+03,4.157774290e+05,36
1.919991999e+00,1.700083058e-01,-7.930904735e-01,5.201002388e-01,1.006020671e+03,6.020670643e+05,36
1.929962224e+00,1.700102513e-01,-2.872962135e+00,7.214888618e-01,1.011398529e+03,1.139852909e+06,37
1.939789780e+00,1.700332209e-01,-1.048313000e+01,1.197897080e+00,1.035307148e+03,3.530714760e+06,36
1.949389455e+00,1.700541415e-01,-2.579416795e+01,1.634138105e-02,1.108272768e+03,1.082727683e+07,36
1.959700326e+00,1.699704829e-01,-2.769323018e+01,-2.360505147e+00,1.170752129e+03,1.707521285e+07,35
1.974593103e+00,1.706047358e-01,2.901568114e+01,8.888848587e+00,1.046628217e+03,4.662821662e+06,31
1.994382461e+00,1.670023984e-01,-5.328197770e+01,-7.645768531e+01,7.038387267e+02,-2.961612733e+07,25
1.038085184e-02,1.557607401e-01,8.836197872e+01,-7.099239072e+00,9.047432554e+02,-9.525674459e+06,27
1.916880446e+00,1.057303951e-01,-2.529883135e+02,-1.734394057e+02,1.285390527e+03,2.853905272e+07,33
